sequence,cycle_started_us,command_sent_us,response_completed_us,full_loop_us,pre_send_us,transport_us,setpoint_milli_c,observed_milli_c,measured_milli_c,command_actuator_permille,status_actuator_permille,error_milli_c
1,1584,19606,121362,119778,18022,101756,45000,20000,20266,951,951,24734
2,121929,122182,129280,7351,253,7098,45000,20266,20543,992,992,24457
3,221993,222209,229391,7398,216,7182,45000,20543,20817,986,986,24183
4,322063,322272,329438,7375,209,7166,45000,20817,21088,979,979,23912
5,422149,422357,429517,7368,208,7160,45000,21088,21356,972,972,23644
6,522236,522439,529580,7344,203,7141,45000,21356,21620,965,965,23380
7,622326,622528,629646,7320,202,7118,45000,21620,21882,958,958,23118
8,722416,722619,729722,7306,203,7103,45000,21882,22141,951,951,22859
9,822506,822711,829739,7233,205,7028,45000,22141,22397,944,944,22603
10,922559,922761,929748,7189,202,6987,45000,22397,22649,937,937,22351
11,1022611,1022812,1029739,7128,201,6927,45000,22649,22899,931,931,22101
12,1122663,1122864,1129743,7080,201,6879,45000,22899,23147,924,924,21853
13,1222715,1222916,1229733,7018,201,6817,45000,23147,23391,917,917,21609
14,1322767,1322969,1329745,6978,202,6776,45000,23391,23632,911,911,21368
15,1422820,1423020,1429742,6922,200,6722,45000,23632,23871,905,905,21129
16,1522872,1523073,1529740,6868,201,6667,45000,23871,24107,898,898,20893
17,1622924,1623127,1629745,6821,203,6618,45000,24107,24340,892,892,20660
18,1722977,1723177,1729745,6768,200,6568,45000,24340,24571,886,886,20429
19,1823029,1823229,1829739,6710,200,6510,45000,24571,24799,879,879,20201
20,1923081,1923281,1929737,6656,200,6456,45000,24799,25024,873,873,19976
21,2023133,2023335,2029743,6610,202,6408,45000,25024,25247,867,867,19753
22,2123185,2123386,2129744,6559,201,6358,45000,25247,25467,861,861,19533
23,2223237,2223438,2229738,6501,201,6300,45000,25467,25685,856,856,19315
24,2323289,2323489,2329749,6460,200,6260,45000,25685,25900,850,850,19100
25,2423342,2423543,2429738,6396,201,6195,45000,25900,26113,844,844,18887
26,2523393,2523595,2529741,6348,202,6146,45000,26113,26323,838,838,18677
27,2623446,2623646,2629739,6293,200,6093,45000,26323,26531,833,833,18469
28,2723498,2723698,2729751,6253,200,6053,45000,26531,26736,827,827,18264
29,2823552,2823753,2829738,6186,201,5985,45000,26736,26940,822,822,18060
30,2923603,2923804,2929744,6141,201,5940,45000,26940,27140,816,816,17860
31,3023657,3023858,3029735,6078,201,5877,45000,27140,27339,811,811,17661
32,3123708,3123908,3129770,6062,200,5862,45000,27339,27535,806,806,17465
33,3223783,3223985,3229765,5982,202,5780,45000,27535,27729,801,801,17271
34,3323836,3324036,3329768,5932,200,5732,45000,27729,27921,795,795,17079
35,3423888,3424114,3429721,5833,226,5607,45000,27921,28110,790,790,16890
36,3523943,3524172,3529742,5799,229,5570,45000,28110,28298,785,785,16702
37,3623996,3624227,3629731,5735,231,5504,45000,28298,28483,780,780,16517
38,3724049,3724271,3729745,5696,222,5474,45000,28483,28666,775,775,16334
39,3824118,3824318,3829743,5625,200,5425,45000,28666,28847,770,770,16153
40,3924170,3924370,3929740,5570,200,5370,45000,28847,29026,766,766,15974
41,4024221,4024432,4029747,5526,211,5315,45000,29026,29203,761,761,15797
42,4124274,4124476,4129738,5464,202,5262,45000,29203,29378,756,756,15622
43,4224325,4224526,4229740,5415,201,5214,45000,29378,29551,752,752,15449
44,4324377,4324576,4329737,5360,199,5161,45000,29551,29722,747,747,15278
45,4424429,4424631,4429745,5316,202,5114,45000,29722,29891,742,742,15109
46,4524481,4524681,4529744,5263,200,5063,45000,29891,30058,738,738,14942
47,4624532,4624734,4629739,5207,202,5005,45000,30058,30223,733,733,14777
48,4724584,4724785,4729746,5162,201,4961,45000,30223,30386,729,729,14614
49,4824636,4824836,4829745,5109,200,4909,45000,30386,30548,725,725,14452
50,4924688,4924887,4929738,5050,199,4851,45000,30548,30707,720,720,14293
51,5024739,5024940,5029740,5001,201,4800,45000,30707,30865,716,716,14135
52,5124791,5124992,5129744,4953,201,4752,45000,30865,31021,712,712,13979
53,5224843,5225045,5229741,4898,202,4696,45000,31021,31175,708,708,13825
54,5324895,5325094,5329738,4843,199,4644,45000,31175,31327,704,704,13673
55,5424946,5425147,5429744,4798,201,4597,45000,31327,31478,700,700,13522
56,5524998,5525199,5529744,4746,201,4545,45000,31478,31627,696,696,13373
57,5625050,5625252,5629738,4688,202,4486,45000,31627,31774,692,692,13226
58,5725102,5725303,5729738,4636,201,4435,45000,31774,31920,688,688,13080
59,5825155,5825355,5829750,4595,200,4395,45000,31920,32063,684,684,12937
60,5925207,5925408,5929747,4540,201,4339,45000,32063,32206,680,680,12794
61,6025258,6025459,6029743,4485,201,4284,45000,32206,32346,676,676,12654
62,6125310,6125511,6129739,4429,201,4228,45000,32346,32485,673,673,12515
63,6225362,6225562,6229758,4396,200,4196,45000,32485,32622,669,669,12378
64,6325431,6325631,6329746,4315,200,4115,45000,32622,32758,665,665,12242
65,6425483,6425687,6429746,4263,204,4059,45000,32758,32893,662,662,12107
66,6525535,6525736,6529743,4208,201,4007,45000,32893,33025,658,658,11975
67,6625586,6625787,6629742,4156,201,3955,45000,33025,33156,655,655,11844
68,6725638,6725838,6729737,4099,200,3899,45000,33156,33286,651,651,11714
69,6825690,6825892,6829744,4054,202,3852,45000,33286,33414,648,648,11586
70,6925742,6925943,6929747,4005,201,3804,45000,33414,33541,644,644,11459
71,7025795,7025997,7029733,3938,202,3736,45000,33541,33666,641,641,11334
72,7125846,7126047,7129753,3907,201,3706,45000,33666,33790,638,638,11210
73,7225915,7226116,7229741,3826,201,3625,45000,33790,33913,634,634,11087
74,7325967,7326169,7329741,3774,202,3572,45000,33913,34034,631,631,10966
75,7426020,7426221,7429737,3717,201,3516,45000,34034,34153,628,628,10847
76,7526071,7526271,7529746,3675,200,3475,45000,34153,34272,625,625,10728
77,7626123,7626324,7629744,3621,201,3420,45000,34272,34389,621,621,10611
78,7726174,7726375,7729740,3566,201,3365,45000,34389,34504,618,618,10496
79,7826227,7826427,7829748,3521,200,3321,45000,34504,34618,615,615,10382
80,7926279,7926481,7929746,3467,202,3265,45000,34618,34731,612,612,10269
81,8026330,8026532,8029739,3409,202,3207,45000,34731,34843,609,609,10157
82,8126383,8126584,8129740,3357,201,3156,45000,34843,34953,606,606,10047
83,8226435,8226635,8229744,3309,200,3109,45000,34953,35062,603,603,9938
84,8326487,8326687,8329744,3257,200,3057,45000,35062,35170,600,600,9830
85,8426539,8426740,8429739,3200,201,2999,45000,35170,35276,597,597,9724
86,8526590,8526791,8529749,3159,201,2958,45000,35276,35382,595,595,9618
87,8626642,8626843,8629749,3107,201,2906,45000,35382,35486,592,592,9514
88,8726694,8726896,8728745,2051,202,1849,45000,35486,35589,589,589,9411
89,8826745,8826946,8828857,2112,201,1911,45000,35589,35691,586,586,9309
90,8926798,8926998,8939026,12228,200,12028,45000,35691,35792,584,584,9208
91,9026850,9027052,9038715,11865,202,11663,45000,35792,35891,581,581,9109
92,9126903,9127104,9138784,11881,201,11680,45000,35891,35989,578,578,9011
93,9226955,9227156,9238814,11859,201,11658,45000,35989,36087,576,576,8913
94,9327027,9327227,9338879,11852,200,11652,45000,36087,36183,573,573,8817
95,9427081,9427282,9438944,11863,201,11662,45000,36183,36278,571,571,8722
96,9527152,9527354,9539010,11858,202,11656,45000,36278,36372,568,568,8628
97,9627204,9627406,9639063,11859,202,11657,45000,36372,36465,565,565,8535
98,9727279,9727478,9739160,11881,199,11682,45000,36465,36556,563,563,8444
99,9827331,9827533,9839193,11862,202,11660,45000,36556,36647,561,561,8353
100,9927405,9927607,9941540,14135,202,13933,45000,36647,36737,558,558,8263
101,10027464,10027686,10039301,11837,222,11615,45000,36737,36826,556,556,8174
102,10127515,10127742,10139394,11879,227,11652,45000,36826,36913,553,553,8087
103,10227567,10227793,10239446,11879,226,11653,45000,36913,37000,551,551,8000
104,10327622,10327841,10339508,11886,219,11667,45000,37000,37085,549,549,7915
105,10427688,10427890,10439552,11864,202,11662,45000,37085,37170,547,547,7830
106,10527744,10527945,10539603,11859,201,11658,45000,37170,37254,544,544,7746
107,10627817,10628018,10639695,11878,201,11677,45000,37254,37337,542,542,7663
108,10727868,10728068,10739724,11856,200,11656,45000,37337,37419,540,540,7581
109,10827940,10828141,10839740,11800,201,11599,45000,37419,37499,538,538,7501
110,10927992,10928193,10939743,11751,201,11550,45000,37499,37580,536,536,7420
111,11028044,11028245,11039756,11712,201,11511,45000,37580,37658,533,533,7342
112,11128095,11128296,11139759,11664,201,11463,45000,37658,37737,531,531,7263
113,11228147,11228348,11239720,11573,201,11372,45000,37737,37814,529,529,7186
114,11328199,11328398,11339742,11543,199,11344,45000,37814,37890,527,527,7110
115,11428251,11428452,11439743,11492,201,11291,45000,37890,37965,525,525,7035
116,11528303,11528504,11539738,11435,201,11234,45000,37965,38040,523,523,6960
117,11628355,11628556,11639744,11389,201,11188,45000,38040,38114,521,521,6886
118,11728406,11728607,11739744,11338,201,11137,45000,38114,38187,519,519,6813
119,11828458,11828658,11839739,11281,200,11081,45000,38187,38259,517,517,6741
120,11928510,11928711,11939740,11230,201,11029,45000,38259,38330,515,515,6670
121,12028562,12028773,12039749,11187,211,10976,45000,38330,38400,513,513,6600
122,12128613,12128814,12139746,11133,201,10932,45000,38400,38470,512,512,6530
123,12228666,12228865,12239744,11078,199,10879,45000,38470,38539,510,510,6461
124,12328719,12328919,12339742,11023,200,10823,45000,38539,38607,508,508,6393
125,12428772,12428972,12439739,10967,200,10767,45000,38607,38674,506,506,6326
126,12528826,12529026,12539751,10925,200,10725,45000,38674,38741,504,504,6259
127,12628880,12629081,12639746,10866,201,10665,45000,38741,38806,502,502,6194
128,12728933,12729134,12739743,10810,201,10609,45000,38806,38871,501,501,6129
129,12828987,12829189,12839740,10753,202,10551,45000,38871,38935,499,499,6065
130,12929040,12929240,12939735,10695,200,10495,45000,38935,38999,497,497,6001
131,13029093,13029294,13039747,10654,201,10453,45000,38999,39061,495,495,5939
132,13129146,13129347,13139742,10596,201,10395,45000,39061,39124,494,494,5876
133,13229199,13229398,13239737,10538,199,10339,45000,39124,39185,492,492,5815
134,13329253,13329453,13339747,10494,200,10294,45000,39185,39246,491,491,5754
135,13429307,13429508,13439743,10436,201,10235,45000,39246,39305,489,489,5695
136,13529360,13529562,13539740,10380,202,10178,45000,39305,39365,488,488,5635
137,13629414,13635273,13639736,10322,5859,4463,45000,39365,39424,486,486,5576
138,13729468,13729669,13739748,10280,201,10079,45000,39424,39481,484,484,5519
139,13829521,13829722,13839738,10217,201,10016,45000,39481,39539,483,483,5461
140,13929575,13929775,13939735,10160,200,9960,45000,39539,39595,481,481,5405
141,14029628,14029829,14039744,10116,201,9915,45000,39595,39651,480,480,5349
142,14129682,14129914,14139743,10061,232,9829,45000,39651,39706,478,478,5294
143,14229735,14229969,14239741,10006,234,9772,45000,39706,39761,477,477,5239
144,14329788,14330018,14339737,9949,230,9719,45000,39761,39815,475,475,5185
145,14429842,14430065,14439747,9905,223,9682,45000,39815,39869,474,474,5131
146,14529907,14530107,14539737,9830,200,9630,45000,39869,39921,472,472,5079
147,14629960,14630161,14639740,9780,201,9579,45000,39921,39973,471,471,5027
148,14730013,14730213,14739743,9730,200,9530,45000,39973,40025,470,470,4975
149,14830064,14830264,14839743,9679,200,9479,45000,40025,40076,468,468,4924
150,14930117,14930317,14939739,9622,200,9422,45000,40076,40127,467,467,4873
151,15030168,15030369,15039734,9566,201,9365,45000,40127,40176,465,465,4824
152,15130239,15130440,15139761,9522,201,9321,45000,40176,40225,464,464,4775
153,15230292,15230492,15239757,9465,200,9265,45000,40225,40274,463,463,4726
154,15330343,15330543,15339754,9411,200,9211,45000,40274,40322,462,462,4678
155,15430395,15430597,15439741,9346,202,9144,45000,40322,40370,460,460,4630
156,15530447,15530648,15539741,9294,201,9093,45000,40370,40417,459,459,4583
157,15630499,15630699,15639736,9237,200,9037,45000,40417,40464,458,458,4536
158,15730551,15730752,15739746,9195,201,8994,45000,40464,40510,457,457,4490
159,15830603,15830804,15839743,9140,201,8939,45000,40510,40555,455,455,4445
160,15930655,15930855,15939739,9084,200,8884,45000,40555,40600,454,454,4400
161,16030707,16030907,16039736,9029,200,8829,45000,40600,40644,453,453,4356
162,16130760,16130960,16139746,8986,200,8786,45000,40644,40688,452,452,4312
163,16230812,16231012,16239741,8929,200,8729,45000,40688,40732,451,451,4268
164,16330864,16331064,16339736,8872,200,8672,45000,40732,40775,449,449,4225
165,16430916,16431117,16439743,8827,201,8626,45000,40775,40817,448,448,4183
166,16530969,16531168,16539744,8775,199,8576,45000,40817,40859,447,447,4141
167,16631020,16631219,16639740,8720,199,8521,45000,40859,40900,446,446,4100
168,16731071,16731271,16739737,8666,200,8466,45000,40900,40941,445,445,4059
169,16831123,16831323,16839746,8623,200,8423,45000,40941,40982,444,444,4018
170,16931176,16931376,16939735,8559,200,8359,45000,40982,41022,443,443,3978
171,17031228,17031429,17039738,8510,201,8309,45000,41022,41062,442,442,3938
172,17131280,17131480,17139745,8465,200,8265,45000,41062,41101,441,441,3899
173,17231332,17231532,17239742,8410,200,8210,45000,41101,41140,440,440,3860
174,17331384,17331583,17339740,8356,199,8157,45000,41140,41178,439,439,3822
175,17431436,17431636,17439734,8298,200,8098,45000,41178,41216,438,438,3784
176,17531488,17531688,17539746,8258,200,8058,45000,41216,41254,437,437,3746
177,17631541,17631742,17639743,8202,201,8001,45000,41254,41291,436,436,3709
178,17731592,17731793,17739738,8146,201,7945,45000,41291,41327,435,435,3673
179,17831645,17831846,17839756,8111,201,7910,45000,41327,41363,434,434,3637
180,17931715,17931914,17939761,8046,199,7847,45000,41363,41399,433,433,3601
181,18031767,18031969,18039755,7988,202,7786,45000,41399,41435,432,432,3565
182,18131818,18132019,18139744,7926,201,7725,45000,41435,41470,431,431,3530
183,18231870,18232071,18239741,7871,201,7670,45000,41470,41504,430,430,3496
184,18331922,18332122,18339738,7816,200,7616,45000,41504,41538,429,429,3462
185,18431975,18432175,18439747,7772,200,7572,45000,41538,41572,428,428,3428
186,18532027,18532228,18539747,7720,201,7519,45000,41572,41605,427,427,3395
187,18632079,18632278,18639740,7661,199,7462,45000,41605,41638,426,426,3362
188,18732131,18732331,18739738,7607,200,7407,45000,41638,41670,425,425,3330
189,18832183,18832384,18839744,7561,201,7360,45000,41670,41703,425,425,3297
190,18932236,18932437,18939744,7508,201,7307,45000,41703,41735,424,424,3265
191,19032288,19032488,19039738,7450,200,7250,45000,41735,41766,423,423,3234
192,19132339,19132540,19139740,7401,201,7200,45000,41766,41797,422,422,3203
193,19232392,19232592,19239741,7349,200,7149,45000,41797,41828,421,421,3172
194,19332443,19332643,19339742,7299,200,7099,45000,41828,41858,420,420,3142
195,19432496,19432697,19439737,7241,201,7040,45000,41858,41888,420,420,3112
196,19532547,19532747,19539746,7199,200,6999,45000,41888,41918,419,419,3082
197,19632600,19632800,19639744,7144,200,6944,45000,41918,41948,418,418,3052
198,19732652,19732851,19739739,7087,199,6888,45000,41948,41977,417,417,3023
199,19832703,19832903,19839736,7033,200,6833,45000,41977,42005,416,416,2995
200,19932755,19932956,19941539,8784,201,8583,45000,42005,42034,416,416,2966
201,20032814,20033015,20039705,6891,201,6690,45000,42034,42062,415,415,2938
202,20132865,20133065,20139740,6875,200,6675,45000,42062,42089,414,414,2911
203,20232938,20233138,20239744,6806,200,6606,45000,42089,42117,413,413,2883
204,20332989,20333189,20339741,6752,200,6552,45000,42117,42143,412,412,2857
205,20433042,20433244,20439737,6695,202,6493,45000,42143,42170,412,412,2830
206,20533094,20533295,20539736,6642,201,6441,45000,42170,42197,411,411,2803
207,20633146,20633346,20639762,6616,200,6416,45000,42197,42223,410,410,2777
208,20733218,20733419,20739760,6542,201,6341,45000,42223,42249,410,410,2751
209,20833271,20833472,20839752,6481,201,6280,45000,42249,42274,409,409,2726
210,20933324,20933525,20939741,6417,201,6216,45000,42274,42300,409,409,2700
211,21033376,21033576,21039738,6362,200,6162,45000,42300,42325,408,408,2675
212,21133429,21133629,21139741,6312,200,6112,45000,42325,42349,407,407,2651
213,21233481,21233681,21239743,6262,200,6062,45000,42349,42374,407,407,2626
214,21333533,21333733,21339742,6209,200,6009,45000,42374,42398,406,406,2602
215,21433585,21433785,21439737,6152,200,5952,45000,42398,42422,405,405,2578
216,21533637,21533837,21539745,6108,200,5908,45000,42422,42445,404,404,2555
217,21633689,21633890,21639746,6057,201,5856,45000,42445,42469,404,404,2531
218,21733741,21733942,21739743,6002,201,5801,45000,42469,42492,403,403,2508
219,21833793,21833994,21839739,5946,201,5745,45000,42492,42514,403,403,2486
220,21933844,21934044,21939736,5892,200,5692,45000,42514,42537,402,402,2463
221,22033896,22034123,22039740,5844,227,5617,45000,42537,42559,401,401,2441
222,22133948,22134176,22139740,5792,228,5564,45000,42559,42581,401,401,2419
223,22233999,22234230,22239734,5735,231,5504,45000,42581,42603,400,400,2397
224,22334051,22334274,22339744,5693,223,5470,45000,42603,42624,400,400,2376
225,22434118,22434318,22439740,5622,200,5422,45000,42624,42646,399,399,2354
226,22534169,22534369,22539736,5567,200,5367,45000,42646,42666,398,398,2334
227,22634220,22634420,22639745,5525,200,5325,45000,42666,42687,398,398,2313
228,22734271,22734473,22739743,5472,202,5270,45000,42687,42708,397,397,2292
229,22834323,22834524,22839738,5415,201,5214,45000,42708,42728,397,397,2272
230,22934375,22934574,22939737,5362,199,5163,45000,42728,42748,396,396,2252
231,23034426,23034626,23039745,5319,200,5119,45000,42748,42768,396,396,2232
232,23134478,23134678,23139743,5265,200,5065,45000,42768,42787,395,395,2213
233,23234530,23234730,23239738,5208,200,5008,45000,42787,42807,395,395,2193
234,23334581,23334781,23339753,5172,200,4972,45000,42807,42826,394,394,2174
235,23434633,23434834,23439762,5129,201,4928,45000,42826,42845,394,394,2155
236,23534685,23534885,23539756,5071,200,4871,45000,42845,42864,393,393,2136
237,23634737,23634935,23639743,5006,198,4808,45000,42864,42882,393,393,2118
238,23734789,23734989,23739738,4949,200,4749,45000,42882,42900,392,392,2100
239,23834840,23835041,23839735,4895,201,4694,45000,42900,42919,392,392,2081
240,23934892,23935092,23939745,4853,200,4653,45000,42919,42936,391,391,2064
241,24034943,24035143,24039741,4798,200,4598,45000,42936,42954,391,391,2046
242,24134994,24135194,24139742,4748,200,4548,45000,42954,42971,390,390,2029
243,24235045,24235246,24239738,4693,201,4492,45000,42971,42989,390,390,2011
244,24335097,24335296,24339746,4649,199,4450,45000,42989,43006,389,389,1994
245,24435149,24435351,24439740,4591,202,4389,45000,43006,43023,389,389,1977
246,24535200,24535401,24539736,4536,201,4335,45000,43023,43039,388,388,1961
247,24635252,24635453,24639748,4496,201,4295,45000,43039,43056,388,388,1944
248,24735304,24735504,24739748,4444,200,4244,45000,43056,43072,388,388,1928
249,24835356,24835556,24839743,4387,200,4187,45000,43072,43088,387,387,1912
250,24935407,24935607,24939741,4334,200,4134,45000,43088,43104,387,387,1896
251,25035458,25035659,25039736,4278,201,4077,45000,43104,43120,386,386,1880
252,25135509,25135709,25139768,4259,200,4059,45000,43120,43135,386,386,1865
253,25235581,25235781,25239766,4185,200,3985,45000,43135,43151,386,386,1849
254,25335633,25335833,25339765,4132,200,3932,45000,43151,43166,385,385,1834
255,25435685,25435885,25439743,4058,200,3858,45000,43166,43181,385,385,1819
256,25535735,25535936,25539744,4009,201,3808,45000,43181,43196,384,384,1804
257,25635787,25636020,25639742,3955,233,3722,45000,43196,43211,384,384,1789
258,25735839,25736040,25739750,3911,201,3710,45000,43211,43225,383,383,1775
259,25835891,25836092,25839739,3848,201,3647,45000,43225,43240,383,383,1760
260,25935941,25936142,25939743,3802,201,3601,45000,43240,43254,383,383,1746
261,26035993,26036195,26039734,3741,202,3539,45000,43254,43268,382,382,1732
262,26136044,26136245,26139762,3718,201,3517,45000,43268,43282,382,382,1718
263,26236116,26236317,26239763,3647,201,3446,45000,43282,43295,382,382,1705
264,26336167,26336369,26339757,3590,202,3388,45000,43295,43309,381,381,1691
265,26436219,26436420,26439744,3525,201,3324,45000,43309,43322,381,381,1678
266,26536275,26536495,26539738,3463,220,3243,45000,43322,43336,381,381,1664
267,26636327,26636547,26639737,3410,220,3190,45000,43336,43349,380,380,1651
268,26736378,26736598,26739745,3367,220,3147,45000,43349,43362,380,380,1638
269,26836430,26836651,26839747,3317,221,3096,45000,43362,43375,379,379,1625
270,26936482,26936702,26939739,3257,220,3037,45000,43375,43387,379,379,1613
271,27036533,27036754,27039749,3216,221,2995,45000,43387,43400,379,379,1600
272,27136585,27136806,27139746,3161,221,2940,45000,43400,43412,378,378,1588
273,27236637,27236857,27238716,2079,220,1859,45000,43412,43424,378,378,1576
274,27336689,27341983,27348901,12212,5294,6918,45000,43424,43436,378,378,1564
275,27436742,27436962,27439261,2519,220,2299,45000,43436,43448,378,378,1552
276,27536794,27537014,27549444,12650,220,12430,45000,43448,43460,377,377,1540
277,27636860,27637081,27648742,11882,221,11661,45000,43460,43472,377,377,1528
278,27736912,27737132,27748828,11916,220,11696,45000,43472,43484,377,377,1516
279,27836964,27837184,27848856,11892,220,11672,45000,43484,43495,376,376,1505
280,27937035,27937255,27948921,11886,220,11666,45000,43495,43506,376,376,1494
281,28037090,28037322,28048987,11897,232,11665,45000,43506,43517,376,376,1483
282,28137145,28137367,28149032,11887,222,11665,45000,43517,43528,375,375,1472
283,28237216,28237436,28249096,11880,220,11660,45000,43528,43539,375,375,1461
284,28337270,28337490,28349193,11923,220,11703,45000,43539,43550,375,375,1450
285,28437322,28437543,28449219,11897,221,11676,45000,43550,43561,374,374,1439
286,28537394,28537614,28549284,11890,220,11670,45000,43561,43571,374,374,1429
287,28637448,28637689,28649347,11899,241,11658,45000,43571,43582,374,374,1418
288,28737503,28737753,28749406,11903,250,11653,45000,43582,43592,374,374,1408
289,28837577,28837821,28849517,11940,244,11696,45000,43592,43602,373,373,1398
290,28937630,28937872,28949541,11911,242,11669,45000,43602,43612,373,373,1388
291,29037710,29037930,29049596,11886,220,11666,45000,43612,43622,373,373,1378
292,29137783,29138004,29149670,11887,221,11666,45000,43622,43632,373,373,1368
293,29237835,29238055,29249716,11881,220,11661,45000,43632,43642,372,372,1358
294,29337906,29338127,29349742,11836,221,11615,45000,43642,43651,372,372,1349
295,29437957,29438178,29449745,11788,221,11567,45000,43651,43661,372,372,1339
296,29538009,29538230,29549761,11752,221,11531,45000,43661,43670,371,371,1330
297,29638061,29638281,29649759,11698,220,11478,45000,43670,43679,371,371,1321
298,29738114,29738333,29749756,11642,219,11423,45000,43679,43688,371,371,1312
299,29838166,29838386,29849742,11576,220,11356,45000,43688,43698,371,371,1302
300,29938217,29938438,29951539,13322,221,13101,45000,43698,43706,370,370,1294
301,30038269,30038471,30049702,11433,202,11231,45000,43706,43715,370,370,1285
302,30138320,30138520,30149744,11424,200,11224,45000,43715,43724,370,370,1276
303,30238374,30238574,30249744,11370,200,11170,45000,43724,43733,370,370,1267
304,30338426,30338625,30349735,11309,199,11110,45000,43733,43741,370,370,1259
305,30438478,30438678,30449737,11259,200,11059,45000,43741,43750,370,370,1250
306,30538529,30538730,30549744,11215,201,11014,45000,43750,43758,369,369,1242
307,30638581,30638781,30649740,11159,200,10959,45000,43758,43766,369,369,1234
308,30738634,30738834,30749737,11103,200,10903,45000,43766,43775,369,369,1225
309,30838687,30838888,30849753,11066,201,10865,45000,43775,43783,368,368,1217
310,30938758,30938958,30949759,11001,200,10801,45000,43783,43791,368,368,1209
311,31038810,31039012,31049754,10944,202,10742,45000,43791,43798,368,368,1202
312,31138864,31139066,31149744,10880,202,10678,45000,43798,43806,368,368,1194
313,31238917,31239117,31249741,10824,200,10624,45000,43806,43814,368,368,1186
314,31338970,31339170,31349742,10772,200,10572,45000,43814,43822,367,367,1178
315,31439023,31439223,31449747,10724,200,10524,45000,43822,43829,367,367,1171
316,31539076,31539277,31549745,10669,201,10468,45000,43829,43837,367,367,1163
317,31639130,31639330,31649746,10616,200,10416,45000,43837,43844,367,367,1156
318,31739183,31739383,31749737,10554,200,10354,45000,43844,43851,367,367,1149
319,31839236,31839437,31849738,10502,201,10301,45000,43851,43859,367,367,1141
320,31939291,31939491,31949740,10449,200,10249,45000,43859,43866,366,366,1134
321,32039344,32039545,32049741,10397,201,10196,45000,43866,43873,366,366,1127
322,32139397,32139598,32149735,10338,201,10137,45000,43873,43880,366,366,1120
323,32239451,32239650,32249744,10293,199,10094,45000,43880,43887,366,366,1113
324,32339504,32339704,32349741,10237,200,10037,45000,43887,43894,366,366,1106
325,32439557,32439757,32449735,10178,200,9978,45000,43894,43900,365,365,1100
326,32539610,32539812,32549744,10134,202,9932,45000,43900,43907,365,365,1093
327,32639664,32639893,32649742,10078,229,9849,45000,43907,43913,365,365,1087
328,32739716,32739950,32749741,10025,234,9791,45000,43913,43920,365,365,1080
329,32839770,32840004,32849742,9972,234,9738,45000,43920,43926,365,365,1074
330,32939823,32940050,32949744,9921,227,9694,45000,43926,43933,365,365,1067
331,33039895,33040095,33049742,9847,200,9647,45000,43933,43939,364,364,1061
332,33139948,33140148,33149740,9792,200,9592,45000,43939,43945,364,364,1055
333,33240000,33240202,33249741,9741,202,9539,45000,43945,43951,364,364,1049
334,33340052,33340253,33349743,9691,201,9490,45000,43951,43958,364,364,1042
335,33440105,33440306,33449739,9634,201,9433,45000,43958,43963,363,363,1037
336,33540157,33540357,33549740,9583,200,9383,45000,43963,43969,364,364,1031
337,33640209,33640409,33649761,9552,200,9352,45000,43969,43975,363,363,1025
338,33740261,33740461,33749758,9497,200,9297,45000,43975,43981,363,363,1019
339,33840312,33840513,33849753,9441,201,9240,45000,43981,43987,363,363,1013
340,33940364,33940565,33949741,9377,201,9176,45000,43987,43992,363,363,1008
341,34040416,34040615,34049739,9323,199,9124,45000,43992,43998,363,363,1002
342,34140467,34140667,34149734,9267,200,9067,45000,43998,44004,363,363,996
343,34240519,34240719,34249747,9228,200,9028,45000,44004,44009,362,362,991
344,34340571,34340771,34349742,9171,200,8971,45000,44009,44014,362,362,986
345,34440623,34440825,34449741,9118,202,8916,45000,44014,44020,362,362,980
346,34540676,34540876,34549731,9055,200,8855,45000,44020,44025,362,362,975
347,34640727,34640927,34649745,9018,200,8818,45000,44025,44030,362,362,970
348,34740780,34740980,34749741,8961,200,8761,45000,44030,44035,362,362,965
349,34840832,34841033,34849739,8907,201,8706,45000,44035,44041,362,362,959
350,34940901,34941101,34949735,8834,200,8634,45000,44041,44046,361,361,954
351,35040953,35041153,35049739,8786,200,8586,45000,44046,44050,361,361,950
352,35141004,35141206,35149743,8739,202,8537,45000,44050,44055,361,361,945
353,35241056,35241257,35249733,8677,201,8476,45000,44055,44060,361,361,940
354,35341107,35341308,35349745,8638,201,8437,45000,44060,44065,361,361,935
355,35441160,35441360,35449741,8581,200,8381,45000,44065,44070,361,361,930
356,35541212,35541413,35549740,8528,201,8327,45000,44070,44075,361,361,925
357,35641264,35641464,35649742,8478,200,8278,45000,44075,44079,361,361,921
358,35741316,35741517,35749740,8424,201,8223,45000,44079,44084,361,361,916
359,35841368,35841569,35849740,8372,201,8171,45000,44084,44089,360,360,911
360,35941420,35941619,35949740,8320,199,8121,45000,44089,44093,360,360,907
361,36041471,36041671,36049742,8271,200,8071,45000,44093,44098,360,360,902
362,36141523,36141724,36149740,8217,201,8016,45000,44098,44102,360,360,898
363,36241574,36241774,36249738,8164,200,7964,45000,44102,44106,360,360,894
364,36341627,36341827,36349753,8126,200,7926,45000,44106,44111,360,360,889
365,36441680,36441881,36449759,8079,201,7878,45000,44111,44115,359,359,885
366,36541731,36541932,36549755,8024,201,7823,45000,44115,44119,359,359,881
367,36641783,36641984,36649745,7962,201,7761,45000,44119,44123,359,359,877
368,36741835,36742035,36749738,7903,200,7703,45000,44123,44127,359,359,873
369,36841886,36842088,36849739,7853,202,7651,45000,44127,44131,359,359,869
370,36941940,36942140,36949746,7806,200,7606,45000,44131,44135,359,359,865
371,37041992,37042192,37049744,7752,200,7552,45000,44135,44139,359,359,861
372,37142044,37142244,37149742,7698,200,7498,45000,44139,44143,359,359,857
373,37242095,37242297,37249737,7642,202,7440,45000,44143,44147,359,359,853
374,37342147,37342348,37349748,7601,201,7400,45000,44147,44151,359,359,849
375,37442199,37442401,37449737,7538,202,7336,45000,44151,44155,359,359,845
376,37542252,37542452,37549742,7490,200,7290,45000,44155,44158,358,358,842
377,37642304,37642504,37649740,7436,200,7236,45000,44158,44162,358,358,838
378,37742356,37742555,37749744,7388,199,7189,45000,44162,44166,358,358,834
379,37842428,37842629,37849743,7315,201,7114,45000,44166,44169,358,358,831
380,37942480,37942681,37949736,7256,201,7055,45000,44169,44173,358,358,827
381,38042532,38042733,38049735,7203,201,7002,45000,44173,44176,358,358,824
382,38142584,38142783,38149743,7159,199,6960,45000,44176,44180,358,358,820
383,38242637,38242837,38249741,7104,200,6904,45000,44180,44183,358,358,817
384,38342688,38342888,38349737,7049,200,6849,45000,44183,44187,358,358,813
385,38442740,38442941,38449744,7004,201,6803,45000,44187,44190,357,357,810
386,38542792,38542994,38549742,6950,202,6748,45000,44190,44193,357,357,807
387,38642844,38643045,38649736,6892,201,6691,45000,44193,44196,357,357,804
388,38742896,38743096,38749743,6847,200,6647,45000,44196,44200,357,357,800
389,38842949,38843151,38849743,6794,202,6592,45000,44200,44203,357,357,797
390,38943001,38943202,38949742,6741,201,6540,45000,44203,44206,357,357,794
391,39043053,39043255,39049733,6680,202,6478,45000,44206,44209,357,357,791
392,39143105,39143306,39149765,6660,201,6459,45000,44209,44212,357,357,788
393,39243181,39243380,39249757,6576,199,6377,45000,44212,44215,357,357,785
394,39343233,39343434,39349754,6521,201,6320,45000,44215,44218,357,357,782
395,39443285,39443485,39449742,6457,200,6257,45000,44218,44221,357,357,779
396,39543337,39543536,39549736,6399,199,6200,45000,44221,44224,357,357,776
397,39643388,39643588,39649738,6350,200,6150,45000,44224,44228,357,357,772
398,39743440,39743641,39749739,6299,201,6098,45000,44228,44230,356,356,770
399,39843491,39843691,39849741,6250,200,6050,45000,44230,44233,357,357,767
400,39943543,39943743,39951531,7988,200,7788,45000,44233,44236,356,356,764
401,40043600,40043801,40049707,6107,201,5906,45000,44236,44239,356,356,761
402,40143651,40143853,40149743,6092,202,5890,45000,44239,44242,356,356,758
403,40243725,40243924,40249743,6018,199,5819,45000,44242,44244,356,356,756
404,40343777,40343979,40349733,5956,202,5754,45000,44244,44247,356,356,753
405,40443829,40444029,40449749,5920,200,5720,45000,44247,44250,356,356,750
406,40543881,40544081,40549748,5867,200,5667,45000,44250,44252,356,356,748
407,40643933,40644163,40649741,5808,230,5578,45000,44252,44255,356,356,745
408,40743985,40744219,40749740,5755,234,5521,45000,44255,44258,356,356,742
409,40844038,40844262,40849736,5698,224,5474,45000,44258,44260,356,356,740
410,40944107,40949237,40959725,15618,5130,10488,45000,44260,44263,356,356,737
411,41044143,41044344,41049615,5472,201,5271,45000,44263,44265,355,355,735
412,41144194,41144396,41149714,5520,202,5318,45000,44265,44268,355,355,732
413,41244246,41244448,41249741,5495,202,5293,45000,44268,44270,355,355,730
414,41344317,41344518,41349739,5422,201,5221,45000,44270,44272,355,355,728
415,41444368,41444569,41449734,5366,201,5165,45000,44272,44275,355,355,725
416,41544420,41544619,41549745,5325,199,5126,45000,44275,44277,355,355,723
417,41644472,41644671,41649742,5270,199,5071,45000,44277,44279,355,355,721
418,41744523,41744724,41749738,5215,201,5014,45000,44279,44281,355,355,719
419,41844574,41844775,41849755,5181,201,4980,45000,44281,44284,355,355,716
420,41944644,41944844,41949763,5119,200,4919,45000,44284,44286,355,355,714
421,42044696,42044897,42049759,5063,201,4862,45000,44286,44288,355,355,712
422,42144748,42144949,42149743,4995,201,4794,45000,44288,44291,355,355,709
423,42244800,42245002,42249739,4939,202,4737,45000,44291,44293,355,355,707
424,42344852,42345053,42349740,4888,201,4687,45000,44293,44295,355,355,705
425,42444904,42445104,42449743,4839,200,4639,45000,44295,44297,355,355,703
426,42544955,42545154,42549745,4790,199,4591,45000,44297,44299,355,355,701
427,42645007,42645207,42649739,4732,200,4532,45000,44299,44302,355,355,698
428,42745058,42745259,42749735,4677,201,4476,45000,44302,44304,354,354,696
429,42845110,42845311,42849744,4634,201,4433,45000,44304,44305,354,354,695
430,42945161,42945363,42949740,4579,202,4377,45000,44305,44308,355,355,692
431,43045213,43045413,43049736,4523,200,4323,45000,44308,44310,354,354,690
432,43145264,43145465,43149747,4483,201,4282,45000,44310,44311,354,354,689
433,43245316,43245517,43249741,4425,201,4224,45000,44311,44313,354,354,687
434,43345367,43345567,43349742,4375,200,4175,45000,44313,44315,354,354,685
435,43445419,43445619,43449733,4314,200,4114,45000,44315,44317,354,354,683
436,43545471,43545671,43549752,4281,200,4081,45000,44317,44319,354,354,681
437,43645522,43645723,43649742,4220,201,4019,45000,44319,44321,354,354,679
438,43745573,43745774,43749742,4169,201,3968,45000,44321,44323,354,354,677
439,43845626,43845825,43849745,4119,199,3920,45000,44323,44324,354,354,676
440,43945677,43945877,43949741,4064,200,3864,45000,44324,44326,354,354,674
441,44045729,44045929,44049763,4034,200,3834,45000,44326,44328,354,354,672
442,44145798,44145998,44149743,3945,200,3745,45000,44328,44330,354,354,670
443,44245849,44246049,44249754,3905,200,3705,45000,44330,44332,354,354,668
444,44345900,44346101,44349741,3841,201,3640,45000,44332,44333,354,354,667
445,44445952,44446153,44449737,3785,201,3584,45000,44333,44335,354,354,665
446,44546004,44546205,44549739,3735,201,3534,45000,44335,44337,354,354,663
447,44646055,44646255,44649748,3693,200,3493,45000,44337,44339,354,354,661
448,44746106,44746306,44749738,3632,200,3432,45000,44339,44340,353,353,660
449,44846157,44846358,44849748,3591,201,3390,45000,44340,44342,354,354,658
450,44946210,44946411,44949743,3533,201,3332,45000,44342,44343,353,353,657
451,45046261,45046462,45049740,3479,201,3278,45000,44343,44345,353,353,655
452,45146313,45146513,45149736,3423,200,3223,45000,44345,44346,353,353,654
453,45246364,45246566,45249749,3385,202,3183,45000,44346,44348,353,353,652
454,45346417,45346618,45349738,3321,201,3120,45000,44348,44349,353,353,651
455,45446468,45446671,45449738,3270,203,3067,45000,44349,44351,353,353,649
456,45546520,45546722,45549746,3226,202,3024,45000,44351,44352,353,353,648
457,45646572,45646773,45649746,3174,201,2973,45000,44352,44354,353,353,646
458,45746624,45746824,45749741,3117,200,2917,45000,44354,44355,353,353,645
459,45846676,45846877,45848722,2046,201,1845,45000,44355,44356,353,353,644
460,45946727,45946929,45948840,2113,202,1911,45000,44356,44358,353,353,642
461,46046778,46046978,46059003,12225,200,12025,45000,44358,44359,353,353,641
462,46146830,46147030,46159104,12274,200,12074,45000,44359,44361,353,353,639
463,46246881,46247081,46258710,11829,200,11629,45000,44361,44362,353,353,638
464,46346932,46347132,46358806,11874,200,11674,45000,44362,44363,353,353,637
465,46446983,46447184,46458841,11858,201,11657,45000,44363,44365,353,353,635
466,46547057,46547257,46558905,11848,200,11648,45000,44365,44366,353,353,634
467,46647112,46647312,46659002,11890,200,11690,45000,44366,44368,353,353,632
468,46747164,46747365,46759036,11872,201,11671,45000,44368,44369,353,353,631
469,46847237,46847437,46859101,11864,200,11664,45000,44369,44370,353,353,630
470,46947292,46947492,46959160,11868,200,11668,45000,44370,44372,353,353,628
471,47047366,47047566,47059224,11858,200,11658,45000,44372,44373,353,353,627
472,47147422,47147622,47159290,11868,200,11668,45000,44373,44374,353,353,626
473,47247476,47247698,47259351,11875,222,11653,45000,44374,44376,353,353,624
474,47347533,47347758,47359403,11870,225,11645,45000,44376,44377,352,352,623
475,47447605,47447826,47459468,11863,221,11642,45000,44377,44378,352,352,622
476,47547659,47547877,47559532,11873,218,11655,45000,44378,44379,352,352,621
477,47647732,47647932,47659594,11862,200,11662,45000,44379,44380,352,352,620
478,47747786,47747985,47759645,11859,199,11660,45000,44380,44381,352,352,619
479,47847857,47848058,47859706,11849,201,11648,45000,44381,44382,352,352,618
480,47947911,47948112,47959755,11844,201,11643,45000,44382,44383,352,352,617
481,48047982,48048182,48059742,11760,200,11560,45000,44383,44384,352,352,616
482,48148034,48148235,48159756,11722,201,11521,45000,44384,44385,352,352,615
483,48248085,48248285,48259758,11673,200,11473,45000,44385,44386,352,352,614
484,48348136,48348337,48359760,11624,201,11423,45000,44386,44387,352,352,613
485,48448188,48448389,48459742,11554,201,11353,45000,44387,44388,352,352,612
486,48548256,48548455,48559734,11478,199,11279,45000,44388,44389,352,352,611
487,48648308,48648508,48659744,11436,200,11236,45000,44389,44390,352,352,610
488,48748359,48748559,48759742,11383,200,11183,45000,44390,44391,352,352,609
489,48848410,48848611,48859738,11328,201,11127,45000,44391,44392,352,352,608
490,48948462,48948662,48959740,11278,200,11078,45000,44392,44393,352,352,607
491,49048513,49048714,49059741,11228,201,11027,45000,44393,44394,352,352,606
492,49148564,49148765,49159743,11179,201,10978,45000,44394,44395,352,352,605
493,49248638,49248838,49259737,11099,200,10899,45000,44395,44396,352,352,604
494,49348691,49348891,49359754,11063,200,10863,45000,44396,44397,352,352,603
495,49448762,49448963,49459760,10998,201,10797,45000,44397,44398,352,352,602
496,49548816,49549017,49559754,10938,201,10737,45000,44398,44399,352,352,601
497,49648869,49649070,49659742,10873,201,10672,45000,44399,44400,352,352,600
498,49748922,49749123,49759743,10821,201,10620,45000,44400,44401,352,352,599
499,49848975,49849176,49859741,10766,201,10565,45000,44401,44402,352,352,598
500,49949029,49949229,49962497,13468,200,13268,45000,44402,44403,352,352,597
501,50049086,50049287,50059706,10620,201,10419,45000,44403,44404,352,352,596
502,50149139,50149341,50159743,10604,202,10402,45000,44404,44405,352,352,595
503,50249213,50249412,50259740,10527,199,10328,45000,44405,44406,352,352,594
504,50349266,50349468,50359747,10481,202,10279,45000,44406,44407,352,352,593
505,50449320,50449521,50459744,10424,201,10223,45000,44407,44408,352,352,592
506,50549374,50549573,50559740,10366,199,10167,45000,44408,44408,352,352,592
507,50649427,50649629,50659739,10312,202,10110,45000,44408,44409,352,352,591
508,50749480,50749680,50759740,10260,200,10060,45000,44409,44410,352,352,590
509,50849533,50849734,50859739,10206,201,10005,45000,44410,44411,352,352,589
510,50949586,50949787,50959738,10152,201,9951,45000,44411,44412,352,352,588
511,51049639,51049840,51059744,10105,201,9904,45000,44412,44413,352,352,587
512,51149693,51149928,51159743,10050,235,9815,45000,44413,44414,352,352,586
513,51249747,51250007,51259738,9991,260,9731,45000,44414,44415,352,352,585
514,51349800,51350027,51359735,9935,227,9708,45000,44415,44416,351,351,584
515,51449874,51450077,51459744,9870,203,9667,45000,44416,44416,351,351,584
516,51549916,51550117,51559743,9827,201,9626,45000,44416,44417,352,352,583
517,51649968,51650169,51659736,9768,201,9567,45000,44417,44418,351,351,582
518,51750020,51750221,51759746,9726,201,9525,45000,44418,44418,351,351,582
519,51850073,51850274,51859741,9668,201,9467,45000,44418,44419,351,351,581
520,51950124,51950325,51959741,9617,201,9416,45000,44419,44419,351,351,581
521,52050177,52050377,52059737,9560,200,9360,45000,44419,44420,351,351,580
522,52150228,52150429,52159763,9535,201,9334,45000,44420,44421,351,351,579
523,52250300,52250502,52259754,9454,202,9252,45000,44421,44421,351,351,579
524,52350351,52350554,52359752,9401,203,9198,45000,44421,44422,351,351,578
525,52450404,52450605,52459739,9335,201,9134,45000,44422,44422,351,351,578
526,52550455,52550657,52559742,9287,202,9085,45000,44422,44423,351,351,577
527,52650508,52650710,52659734,9226,202,9024,45000,44423,44424,351,351,576
528,52750559,52750759,52759744,9185,200,8985,45000,44424,44424,351,351,576
529,52850612,52850814,52859742,9130,202,8928,45000,44424,44425,351,351,575
530,52950664,52950865,52959738,9074,201,8873,45000,44425,44425,351,351,575
531,53050715,53050917,53059745,9030,202,8828,45000,44425,44426,351,351,574
532,53150769,53150969,53159746,8977,200,8777,45000,44426,44427,351,351,573
533,53250820,53251022,53259741,8921,202,8719,45000,44427,44427,351,351,573
534,53350871,53351072,53359740,8869,201,8668,45000,44427,44428,351,351,572
535,53450923,53451124,53459737,8814,201,8613,45000,44428,44428,351,351,572
536,53550974,53551175,53559743,8769,201,8568,45000,44428,44429,351,351,571
537,53651027,53651228,53659742,8715,201,8514,45000,44429,44429,351,351,571
538,53751079,53751281,53759736,8657,202,8455,45000,44429,44430,351,351,570
539,53851131,53851331,53859744,8613,200,8413,45000,44430,44431,351,351,569
540,53951184,53951384,53959741,8557,200,8357,45000,44431,44431,351,351,569
541,54051237,54051438,54059739,8502,201,8301,45000,44431,44432,351,351,568
542,54151289,54151489,54159745,8456,200,8256,45000,44432,44432,351,351,568
543,54251341,54251543,54259741,8400,202,8198,45000,44432,44433,351,351,567
544,54351392,54351593,54359737,8345,201,8144,45000,44433,44433,351,351,567
545,54451443,54451645,54459737,8294,202,8092,45000,44433,44434,351,351,566
546,54551496,54551696,54559744,8248,200,8048,45000,44434,44434,351,351,566
547,54651549,54656661,54659747,8198,5112,3086,45000,44434,44435,351,351,565
548,54751600,54751801,54759736,8136,201,7935,45000,44435,44435,351,351,565
549,54851652,54851853,54859756,8104,201,7903,45000,44435,44436,351,351,564
550,54951708,54951908,54959761,8053,200,7853,45000,44436,44437,351,351,563
551,55051760,55051960,55059757,7997,200,7797,45000,44437,44437,351,351,563
552,55151812,55152013,55159745,7933,201,7732,45000,44437,44438,351,351,562
553,55251864,55252066,55259738,7874,202,7672,45000,44438,44438,351,351,562
554,55351917,55352119,55359740,7823,202,7621,45000,44438,44439,351,351,561
555,55451969,55452170,55459744,7775,201,7574,45000,44439,44439,351,351,561
556,55552022,55552223,55559739,7717,201,7516,45000,44439,44440,351,351,560
557,55652073,55652274,55659740,7667,201,7466,45000,44440,44440,351,351,560
558,55752125,55752327,55759738,7613,202,7411,45000,44440,44441,351,351,559
559,55852177,55852377,55859745,7568,200,7368,45000,44441,44441,351,351,559
560,55952230,55952431,55959744,7514,201,7313,45000,44441,44442,351,351,558
561,56052282,56052482,56059738,7456,200,7256,45000,44442,44442,351,351,558
562,56152335,56152538,56159748,7413,203,7210,45000,44442,44443,351,351,557
563,56252388,56252588,56259747,7359,200,7159,45000,44443,44443,351,351,557
564,56352439,56352640,56359743,7304,201,7103,45000,44443,44444,351,351,556
565,56452492,56452693,56459743,7251,201,7050,45000,44444,44444,351,351,556
566,56552543,56552744,56559738,7195,201,6994,45000,44444,44445,351,351,555
567,56652595,56652795,56659748,7153,200,6953,45000,44445,44445,351,351,555
568,56752647,56752848,56759737,7090,201,6889,45000,44445,44446,351,351,554
569,56852699,56852899,56859740,7041,200,6841,45000,44446,44446,351,351,554
570,56952752,56952955,56959745,6993,203,6790,45000,44446,44447,351,351,553
571,57052804,57053005,57059740,6936,201,6735,45000,44447,44447,351,351,553
572,57152856,57153057,57159739,6883,201,6682,45000,44447,44448,351,351,552
573,57252908,57253109,57259743,6835,201,6634,45000,44448,44448,351,351,552
574,57352960,57353161,57359742,6782,201,6581,45000,44448,44449,351,351,551
575,57453012,57453213,57459740,6728,201,6527,45000,44449,44449,350,350,551
576,57553064,57553265,57559735,6671,201,6470,45000,44449,44449,351,351,551
577,57653117,57653318,57659764,6647,201,6446,45000,44449,44450,351,351,550
578,57753190,57753390,57759762,6572,200,6372,45000,44450,44450,350,350,550
579,57853242,57853444,57859753,6511,202,6309,45000,44450,44451,351,351,549
580,57953294,57953495,57959741,6447,201,6246,45000,44451,44451,350,350,549
581,58053346,58053548,58059736,6390,202,6188,45000,44451,44451,351,351,549
582,58153398,58153600,58159740,6342,202,6140,45000,44451,44452,351,351,548
583,58253451,58253652,58259743,6292,201,6091,45000,44452,44452,350,350,548
584,58353503,58353705,58359741,6238,202,6036,45000,44452,44452,350,350,548
585,58453556,58453757,58459740,6184,201,5983,45000,44452,44452,350,350,548
586,58553609,58553809,58559745,6136,200,5936,45000,44452,44453,350,350,547
587,58653660,58653860,58659741,6081,200,5881,45000,44453,44453,350,350,547
588,58753712,58753913,58759741,6029,201,5828,45000,44453,44453,350,350,547
589,58853764,58853966,58859734,5970,202,5768,45000,44453,44453,350,350,547
590,58953816,58954016,58959748,5932,200,5732,45000,44453,44453,350,350,547
591,59053869,59054071,59059737,5868,202,5666,45000,44453,44453,350,350,547
592,59153921,59154151,59159737,5816,230,5586,45000,44453,44454,350,350,546
593,59253973,59254205,59259749,5776,232,5544,45000,44454,44454,350,350,546
594,59354025,59354251,59359748,5723,226,5497,45000,44454,44454,350,350,546
595,59454077,59454299,59459746,5669,222,5447,45000,44454,44454,350,350,546
596,59554147,59554348,59559743,5596,201,5395,45000,44454,44454,350,350,546
597,59654198,59654399,59659739,5541,201,5340,45000,44454,44455,350,350,545
598,59754250,59754451,59759739,5489,201,5288,45000,44455,44455,350,350,545
599,59854302,59854503,59859751,5449,201,5248,45000,44455,44455,350,350,545
600,59954353,59954555,59961570,7217,202,7015,45000,44455,44455,350,350,545
601,60054411,60054625,60059707,5296,214,5082,65000,44455,44637,1000,1000,20363
602,60154462,60154664,60159744,5282,202,5080,65000,44637,44819,1000,1000,20181
603,60254535,60254735,60259741,5206,200,5006,65000,44819,44999,1000,1000,20001
604,60354588,60354788,60359757,5169,200,4969,65000,44999,45179,1000,1000,19821
605,60454639,60454840,60459738,5099,201,4898,65000,45179,45359,1000,1000,19641
606,60554691,60554893,60559735,5044,202,4842,65000,45359,45537,1000,1000,19463
607,60654744,60654944,60659745,5001,200,4801,65000,45537,45715,1000,1000,19285
608,60754796,60754997,60759743,4947,201,4746,65000,45715,45892,1000,1000,19108
609,60854847,60855048,60859738,4891,201,4690,65000,45892,46069,1000,1000,18931
610,60954899,60955099,60959747,4848,200,4648,65000,46069,46244,1000,1000,18756
611,61054952,61055151,61059744,4792,199,4593,65000,46244,46419,1000,1000,18581
612,61155003,61155204,61159739,4736,201,4535,65000,46419,46594,1000,1000,18406
613,61255055,61255255,61259734,4679,200,4479,65000,46594,46767,1000,1000,18233
614,61355106,61355306,61359743,4637,200,4437,65000,46767,46940,1000,1000,18060
615,61455158,61455359,61459743,4585,201,4384,65000,46940,47113,1000,1000,17887
616,61555211,61555411,61559736,4525,200,4325,65000,47113,47284,1000,1000,17716
617,61655262,61655463,61659747,4485,201,4284,65000,47284,47455,1000,1000,17545
618,61755314,61755515,61759742,4428,201,4227,65000,47455,47625,1000,1000,17375
619,61855366,61855567,61859740,4374,201,4173,65000,47625,47795,1000,1000,17205
620,61955418,61955619,61959736,4318,201,4117,65000,47795,47964,1000,1000,17036
621,62055470,62055671,62059747,4277,201,4076,65000,47964,48132,1000,1000,16868
622,62155522,62155723,62159742,4220,201,4019,65000,48132,48299,1000,1000,16701
623,62255573,62255774,62259737,4164,201,3963,65000,48299,48466,1000,1000,16534
624,62355625,62355825,62359755,4130,200,3930,65000,48466,48632,1000,1000,16368
625,62455694,62455894,62459757,4063,200,3863,65000,48632,48798,1000,1000,16202
626,62555745,62555946,62559758,4013,201,3812,65000,48798,48962,1000,1000,16038
627,62655797,62655997,62659738,3941,200,3741,65000,48962,49127,1000,1000,15873
628,62755849,62756050,62759748,3899,201,3698,65000,49127,49290,1000,1000,15710
629,62855901,62856102,62859736,3835,201,3634,65000,49290,49453,1000,1000,15547
630,62955952,62956152,62959748,3796,200,3596,65000,49453,49615,1000,1000,15385
631,63056005,63056206,63059748,3743,201,3542,65000,49615,49776,997,997,15224
632,63156056,63156258,63159744,3688,202,3486,65000,49776,49935,993,993,15065
633,63256108,63256308,63259739,3631,200,3431,65000,49935,50092,989,989,14908
634,63356160,63356359,63359736,3576,199,3377,65000,50092,50247,984,984,14753
635,63456211,63456412,63459745,3534,201,3333,65000,50247,50400,980,980,14600
636,63556264,63556465,63559735,3471,201,3270,65000,50400,50552,976,976,14448
637,63656315,63656515,63659737,3422,200,3222,65000,50552,50702,972,972,14298
638,63756368,63756569,63759743,3375,201,3174,65000,50702,50850,968,968,14150
639,63856420,63856620,63859741,3321,200,3121,65000,50850,50997,964,964,14003
640,63956471,63956673,63959739,3268,202,3066,65000,50997,51142,960,960,13858
641,64056523,64056724,64059748,3225,201,3024,65000,51142,51285,956,956,13715
642,64156575,64156776,64159744,3169,201,2968,65000,51285,51426,953,953,13574
643,64256627,64256827,64259743,3116,200,2916,65000,51426,51566,949,949,13434
644,64356679,64356880,64358723,2044,201,1843,65000,51566,51705,945,945,13295
645,64456731,64456932,64458844,2113,201,1912,65000,51705,51841,941,941,13159
646,64556783,64556983,64569008,12225,200,12025,65000,51841,51977,938,938,13023
647,64656835,64657037,64669110,12275,202,12073,65000,51977,52110,934,934,12890
648,64756886,64757087,64768712,11826,201,11625,65000,52110,52243,931,931,12757
649,64856939,64857139,64868815,11876,200,11676,65000,52243,52373,927,927,12627
650,64956990,64957191,64968848,11858,201,11657,65000,52373,52502,924,924,12498
651,65057063,65057264,65068913,11850,201,11649,65000,52502,52630,920,920,12370
652,65157119,65157320,65169012,11893,201,11692,65000,52630,52756,917,917,12244
653,65257172,65257372,65269044,11872,200,11672,65000,52756,52881,914,914,12119
654,65357243,65357444,65369108,11865,201,11664,65000,52881,53004,910,910,11996
655,65457298,65457499,65469167,11869,201,11668,65000,53004,53126,907,907,11874
656,65557372,65557572,65569232,11860,200,11660,65000,53126,53247,904,904,11753
657,65657427,65657628,65669295,11868,201,11667,65000,53247,53366,900,900,11634
658,65757483,65757708,65769357,11874,225,11649,65000,53366,53484,897,897,11516
659,65857557,65857786,65869455,11898,229,11669,65000,53484,53600,894,894,11400
660,65957625,65957845,65969512,11887,220,11667,65000,53600,53715,891,891,11285
661,66057707,66057908,66069560,11853,201,11652,65000,53715,53829,888,888,11171
662,66157778,66157979,66169665,11887,201,11686,65000,53829,53941,885,885,11059
663,66257830,66258031,66269695,11865,201,11664,65000,53941,54053,882,882,10947
664,66357884,66358084,66369737,11853,200,11653,65000,54053,54162,879,879,10838
665,66457935,66458135,66469755,11820,200,11620,65000,54162,54271,876,876,10729
666,66558003,66558203,66569758,11755,200,11555,65000,54271,54378,873,873,10622
667,66658055,66658256,66669758,11703,201,11502,65000,54378,54485,870,870,10515
668,66758105,66758305,66769738,11633,200,11433,65000,54485,54589,867,867,10411
669,66858157,66858357,66869745,11588,200,11388,65000,54589,54693,865,865,10307
670,66958226,66958427,66969742,11516,201,11315,65000,54693,54796,862,862,10204
671,67058278,67058479,67069737,11459,201,11258,65000,54796,54897,859,859,10103
672,67158330,67158531,67169742,11412,201,11211,65000,54897,54998,857,857,10002
673,67258381,67258581,67269742,11361,200,11161,65000,54998,55097,854,854,9903
674,67358433,67358635,67369742,11309,202,11107,65000,55097,55195,851,851,9805
675,67458485,67458685,67469738,11253,200,11053,65000,55195,55291,849,849,9709
676,67558536,67558737,67569743,11207,201,11006,65000,55291,55387,846,846,9613
677,67658588,67658789,67669741,11153,201,10952,65000,55387,55482,844,844,9518
678,67758642,67758843,67769738,11096,201,10895,65000,55482,55576,841,841,9424
679,67858695,67858895,67869753,11058,200,10858,65000,55576,55668,838,838,9332
680,67958748,67958948,67969758,11010,200,10810,65000,55668,55759,836,836,9241
681,68058801,68059000,68069757,10956,199,10757,65000,55759,55850,834,834,9150
682,68158855,68159056,68169743,10888,201,10687,65000,55850,55939,831,831,9061
683,68258909,68264011,68269742,10833,5102,5731,65000,55939,56027,829,829,8973
684,68358962,68359164,68369735,10773,202,10571,65000,56027,56115,827,827,8885
685,68459015,68459215,68469746,10731,200,10531,65000,56115,56201,824,824,8799
686,68559069,68559269,68569741,10672,200,10472,65000,56201,56286,822,822,8714
687,68659122,68659324,68669739,10617,202,10415,65000,56286,56371,820,820,8629
688,68759176,68759376,68769736,10560,200,10360,65000,56371,56454,817,817,8546
689,68859229,68859429,68869747,10518,200,10318,65000,56454,56537,815,815,8463
690,68959283,68959483,68969746,10463,200,10263,65000,56537,56618,813,813,8382
691,69059335,69059536,69069738,10403,201,10202,65000,56618,56699,811,811,8301
692,69159388,69159589,69169737,10349,201,10148,65000,56699,56778,809,809,8222
693,69259441,69259641,69269745,10304,200,10104,65000,56778,56857,807,807,8143
694,69359495,69359696,69369743,10248,201,10047,65000,56857,56935,804,804,8065
695,69459548,69459748,69469739,10191,200,9991,65000,56935,57012,802,802,7988
696,69559601,69559801,69569736,10135,200,9935,65000,57012,57088,800,800,7912
697,69659654,69659878,69669742,10088,224,9864,65000,57088,57163,798,798,7837
698,69759707,69759942,69769741,10034,235,9799,65000,57163,57237,796,796,7763
699,69859761,69859998,69869737,9976,237,9739,65000,57237,57310,794,794,7690
700,69959815,69960041,69971561,11746,226,11520,65000,57310,57383,792,792,7617
701,70059874,70060075,70069701,9827,201,9626,65000,57383,57455,790,790,7545
702,70159925,70160125,70169741,9816,200,9616,65000,57455,57525,788,788,7475
703,70259980,70260182,70269742,9762,202,9560,65000,57525,57596,787,787,7404
704,70360032,70360232,70369742,9710,200,9510,65000,57596,57665,785,785,7335
705,70460085,70460286,70469742,9657,201,9456,65000,57665,57734,783,783,7266
706,70560137,70560336,70569732,9595,199,9396,65000,57734,57801,781,781,7199
707,70660188,70660388,70669762,9574,200,9374,65000,57801,57868,779,779,7132
708,70760262,70760463,70769759,9497,201,9296,65000,57868,57935,778,778,7065
709,70860315,70860517,70869756,9441,202,9239,65000,57935,58000,776,776,7000
710,70960367,70960567,70969742,9375,200,9175,65000,58000,58065,774,774,6935
711,71060419,71060619,71069740,9321,200,9121,65000,58065,58129,772,772,6871
712,71160471,71160672,71169736,9265,201,9064,65000,58129,58192,771,771,6808
713,71260523,71260723,71269744,9221,200,9021,65000,58192,58255,769,769,6745
714,71360576,71360776,71369743,9167,200,8967,65000,58255,58316,767,767,6684
715,71460627,71460827,71469736,9109,200,8909,65000,58316,58378,766,766,6622
716,71560678,71560878,71569747,9069,200,8869,65000,58378,58438,764,764,6562
717,71660730,71660931,71669743,9013,201,8812,65000,58438,58498,762,762,6502
718,71760782,71760983,71769744,8962,201,8761,65000,58498,58557,761,761,6443
719,71860834,71861034,71869734,8900,200,8700,65000,58557,58615,759,759,6385
720,71960886,71961088,71969749,8863,202,8661,65000,58615,58673,758,758,6327
721,72060962,72061162,72069749,8787,200,8587,65000,58673,58730,756,756,6270
722,72161014,72161214,72169741,8727,200,8527,65000,58730,58786,755,755,6214
723,72261066,72261267,72269741,8675,201,8474,65000,58786,58842,753,753,6158
724,72361119,72361320,72369738,8619,201,8418,65000,58842,58897,752,752,6103
725,72461170,72461370,72469743,8573,200,8373,65000,58897,58952,750,750,6048
726,72561223,72561423,72569740,8517,200,8317,65000,58952,59006,749,749,5994
727,72661275,72661475,72669737,8462,200,8262,65000,59006,59059,747,747,5941
728,72761327,72761528,72769745,8418,201,8217,65000,59059,59111,746,746,5889
729,72861380,72861580,72869736,8356,200,8156,65000,59111,59164,745,745,5836
730,72961431,72961632,72969737,8306,201,8105,65000,59164,59215,743,743,5785
731,73061483,73061683,73069746,8263,200,8063,65000,59215,59266,742,742,5734
732,73161536,73161737,73169737,8201,201,8000,65000,59266,59316,740,740,5684
733,73261588,73261788,73269737,8149,200,7949,65000,59316,59366,739,739,5634
734,73361640,73361841,73369755,8115,201,7914,65000,59366,59415,738,738,5585
735,73461709,73461909,73469764,8055,200,7855,65000,59415,59463,736,736,5537
736,73561761,73561962,73569760,7999,201,7798,65000,59463,59511,735,735,5489
737,73661813,73662013,73669745,7932,200,7732,65000,59511,59559,734,734,5441
738,73761865,73762067,73769742,7877,202,7675,65000,59559,59605,732,732,5395
739,73861918,73862117,73869735,7817,199,7618,65000,59605,59652,731,731,5348
740,73961969,73962172,73969746,7777,203,7574,65000,59652,59697,730,730,5303
741,74062023,74062223,74069744,7721,200,7521,65000,59697,59743,729,729,5257
742,74162074,74162276,74169743,7669,202,7467,65000,59743,59788,728,728,5212
743,74262127,74262326,74269731,7604,199,7405,65000,59788,59832,726,726,5168
744,74362179,74362380,74369748,7569,201,7368,65000,59832,59875,725,725,5125
745,74462232,74462432,74469737,7505,200,7305,65000,59875,59919,724,724,5081
746,74562284,74562485,74569740,7456,201,7255,65000,59919,59961,723,723,5039
747,74662337,74662537,74669745,7408,200,7208,65000,59961,60004,722,722,4996
748,74762389,74762590,74769743,7354,201,7153,65000,60004,60046,721,721,4954
749,74862441,74862641,74869739,7298,200,7098,65000,60046,60087,720,720,4913
750,74962492,74962693,74969736,7244,201,7043,65000,60087,60128,719,719,4872
751,75062545,75062745,75069752,7207,200,7007,65000,60128,60168,717,717,4832
752,75162598,75162800,75169745,7147,202,6945,65000,60168,60208,716,716,4792
753,75262650,75262852,75269745,7095,202,6893,65000,60208,60247,715,715,4753
754,75362703,75362904,75369740,7037,201,6836,65000,60247,60286,714,714,4714
755,75462754,75462956,75469738,6984,202,6782,65000,60286,60325,713,713,4675
756,75562806,75563007,75569764,6958,201,6757,65000,60325,60363,712,712,4637
757,75662879,75663078,75669724,6845,199,6646,65000,60363,60400,711,711,4600
758,75762932,75763132,75769745,6813,200,6613,65000,60400,60438,710,710,4562
759,75862984,75863186,75869745,6761,202,6559,65000,60438,60474,709,709,4526
760,75963037,75963238,75969740,6703,201,6502,65000,60474,60511,708,708,4489
761,76063089,76063288,76069739,6650,199,6451,65000,60511,60547,707,707,4453
762,76163141,76163341,76169749,6608,200,6408,65000,60547,60582,706,706,4418
763,76263194,76263394,76269736,6542,200,6342,65000,60582,60617,705,705,4383
764,76363246,76363446,76369744,6498,200,6298,65000,60617,60652,704,704,4348
765,76463299,76463500,76469743,6444,201,6243,65000,60652,60686,703,703,4314
766,76563351,76563552,76569739,6388,201,6187,65000,60686,60720,703,703,4280
767,76663402,76663602,76669736,6334,200,6134,65000,60720,60754,702,702,4246
768,76763455,76763657,76769747,6292,202,6090,65000,60754,60787,701,701,4213
769,76863507,76863707,76869743,6236,200,6036,65000,60787,60820,700,700,4180
770,76963560,76963760,76969737,6177,200,5977,65000,60820,60852,699,699,4148
771,77063611,77063812,77069746,6135,201,5934,65000,60852,60885,698,698,4115
772,77163664,77163865,77169741,6077,201,5876,65000,60885,60916,697,697,4084
773,77263716,77263916,77269738,6022,200,5822,65000,60916,60948,697,697,4052
774,77363769,77363968,77369737,5968,199,5769,65000,60948,60979,696,696,4021
775,77463821,77464022,77469745,5924,201,5723,65000,60979,61009,695,695,3991
776,77563873,77564074,77569741,5868,201,5667,65000,61009,61040,694,694,3960
777,77663925,77664155,77669738,5813,230,5583,65000,61040,61070,693,693,3930
778,77763977,77764210,77769742,5765,233,5532,65000,61070,61099,692,692,3901
779,77864030,77864254,77869743,5713,224,5489,65000,61099,61128,692,692,3872
780,77964082,77964303,77969738,5656,221,5435,65000,61128,61157,691,691,3843
781,78064129,78064330,78069740,5611,201,5410,65000,61157,61186,690,690,3814
782,78164181,78164382,78169757,5576,201,5375,65000,61186,61214,689,689,3786
783,78264233,78264433,78269755,5522,200,5322,65000,61214,61242,689,689,3758
784,78364284,78364485,78369752,5468,201,5267,65000,61242,61270,688,688,3730
785,78464336,78464537,78469740,5404,201,5203,65000,61270,61297,687,687,3703
786,78564388,78564589,78569741,5353,201,5152,65000,61297,61324,686,686,3676
787,78664440,78664641,78669737,5297,201,5096,65000,61324,61351,686,686,3649
788,78764492,78764691,78769745,5253,199,5054,65000,61351,61377,685,685,3623
789,78864543,78864744,78869745,5202,201,5001,65000,61377,61403,684,684,3597
790,78964594,78964795,78969741,5147,201,4946,65000,61403,61429,683,683,3571
791,79064647,79064849,79069737,5090,202,4888,65000,61429,61454,683,683,3546
792,79164698,79164899,79169745,5047,201,4846,65000,61454,61480,682,682,3520
793,79264750,79264950,79269744,4994,200,4794,65000,61480,61504,681,681,3496
794,79364802,79365002,79369736,4934,200,4734,65000,61504,61529,681,681,3471
795,79464853,79465054,79469747,4894,201,4693,65000,61529,61553,680,680,3447
796,79564905,79565105,79569742,4837,200,4637,65000,61553,61577,680,680,3423
797,79664957,79665157,79669739,4782,200,4582,65000,61577,61601,679,679,3399
798,79765009,79765210,79769739,4730,201,4529,65000,61601,61625,678,678,3375
799,79865060,79865261,79869742,4682,201,4481,65000,61625,61648,677,677,3352
800,79965111,79965313,79971537,6426,202,6224,65000,61648,61671,677,677,3329
801,80065168,80065368,80069703,4535,200,4335,65000,61671,61693,676,676,3307
802,80165219,80165420,80169745,4526,201,4325,65000,61693,61716,676,676,3284
803,80265273,80265474,80269742,4469,201,4268,65000,61716,61738,675,675,3262
804,80365326,80365526,80369739,4413,200,4213,65000,61738,61760,675,675,3240
805,80465377,80465578,80469734,4357,201,4156,65000,61760,61782,674,674,3218
806,80565429,80565628,80569743,4314,199,4115,65000,61782,61803,673,673,3197
807,80665481,80665680,80669743,4262,199,4063,65000,61803,61824,673,673,3176
808,80765532,80765732,80769736,4204,200,4004,65000,61824,61845,672,672,3155
809,80865583,80865785,80869754,4171,202,3969,65000,61845,61866,672,672,3134
810,80965652,80965852,80969759,4107,200,3907,65000,61866,61886,671,671,3114
811,81065704,81065905,81069755,4051,201,3850,65000,61886,61907,671,671,3093
812,81165756,81165956,81169746,3990,200,3790,65000,61907,61927,670,670,3073
813,81265807,81266009,81269737,3930,202,3728,65000,61927,61946,670,670,3054
814,81365858,81366059,81369747,3889,201,3688,65000,61946,61966,669,669,3034
815,81465910,81466110,81469744,3834,200,3634,65000,61966,61985,668,668,3015
816,81565961,81566161,81569747,3786,200,3586,65000,61985,62004,668,668,2996
817,81666013,81666214,81669739,3726,201,3525,65000,62004,62023,668,668,2977
818,81766065,81766266,81769738,3673,201,3472,65000,62023,62042,667,667,2958
819,81866117,81871265,81879728,13611,5148,8463,65000,62042,62060,666,666,2940
820,81966168,81966370,81969706,3538,202,3336,65000,62060,62079,666,666,2921
821,82066219,82066419,82069743,3524,200,3324,65000,62079,62096,665,665,2904
822,82166293,82166494,82169744,3451,201,3250,65000,62096,62114,665,665,2886
823,82266344,82266545,82269743,3399,201,3198,65000,62114,62132,665,665,2868
824,82366396,82366595,82369740,3344,199,3145,65000,62132,62149,664,664,2851
825,82466447,82466649,82469734,3287,202,3085,65000,62149,62167,664,664,2833
826,82566499,82566698,82569746,3247,199,3048,65000,62167,62184,663,663,2816
827,82666550,82666751,82669743,3193,201,2992,65000,62184,62201,663,663,2799
828,82766602,82766803,82769742,3140,201,2939,65000,62201,62217,662,662,2783
829,82866654,82866854,82869743,3089,200,2889,65000,62217,62234,662,662,2766
830,82966705,82966905,82968758,2053,200,1853,65000,62234,62250,661,661,2750
831,83066757,83066958,83068867,2110,201,1909,65000,62250,62266,661,661,2734
832,83166808,83167009,83179028,12220,201,12019,65000,62266,62282,661,661,2718
833,83266859,83267060,83278721,11862,201,11661,65000,62282,62298,660,660,2702
834,83366912,83367113,83378776,11864,201,11663,65000,62298,62313,660,660,2687
835,83466985,83467186,83478840,11855,201,11654,65000,62313,62328,659,659,2672
836,83567039,83567240,83578890,11851,201,11650,65000,62328,62344,659,659,2656
837,83667111,83667310,83679000,11889,199,11690,65000,62344,62358,658,658,2642
838,83767163,83767363,83779035,11872,200,11672,65000,62358,62373,658,658,2627
839,83867237,83867437,83879099,11862,200,11662,65000,62373,62388,658,658,2612
840,83967291,83967492,83979155,11864,201,11663,65000,62388,62402,657,657,2598
841,84067366,84067566,84079220,11854,200,11654,65000,62402,62417,657,657,2583
842,84167421,84167621,84179286,11865,200,11665,65000,62417,62431,656,656,2569
843,84267475,84267697,84279347,11872,222,11650,65000,62431,62445,656,656,2555
844,84367548,84367775,84379441,11893,227,11666,65000,62445,62459,656,656,2541
845,84467613,84467834,84479476,11863,221,11642,65000,62459,62472,655,655,2528
846,84567696,84567896,84579560,11864,200,11664,65000,62472,62486,655,655,2514
847,84667749,84667949,84679612,11863,200,11663,65000,62486,62499,655,655,2501
848,84767823,84768023,84779678,11855,200,11655,65000,62499,62512,654,654,2488
849,84867877,84868077,84879734,11857,200,11657,65000,62512,62525,654,654,2475
850,84967949,84968149,84979737,11788,200,11588,65000,62525,62538,654,654,2462
851,85068001,85068201,85079758,11757,200,11557,65000,62538,62516,653,653,2484
852,85168070,85168271,85179758,11688,201,11487,65000,62516,62496,660,660,2504
853,85268122,85268323,85279738,11616,201,11415,65000,62496,62476,661,661,2524
854,85368174,85368374,85379744,11570,200,11370,65000,62476,62456,662,662,2544
855,85468261,85468462,85479741,11480,201,11279,65000,62456,62437,662,662,2563
856,85568313,85568513,85579741,11428,200,11228,65000,62437,62418,663,663,2582
857,85668364,85668564,85679743,11379,200,11179,65000,62418,62399,663,663,2601
858,85768415,85768616,85779742,11327,201,11126,65000,62399,62380,664,664,2620
859,85868467,85868668,85879741,11274,201,11073,65000,62380,62361,664,664,2639
860,85968518,85968719,85979736,11218,201,11017,65000,62361,62343,665,665,2657
861,86068570,86068771,86079744,11174,201,10973,65000,62343,62325,665,665,2675
862,86168648,86168848,86179741,11093,200,10893,65000,62325,62307,666,666,2693
863,86268700,86268901,86279741,11041,201,10840,65000,62307,62289,666,666,2711
864,86368754,86368955,86379752,10998,201,10797,65000,62289,62272,667,667,2728
865,86468808,86469008,86479763,10955,200,10755,65000,62272,62255,667,667,2745
866,86568862,86569063,86579760,10898,201,10697,65000,62255,62238,667,667,2762
867,86668915,86669114,86679744,10829,199,10630,65000,62238,62221,668,668,2779
868,86768968,86769169,86779738,10770,201,10569,65000,62221,62204,668,668,2796
869,86869020,86869222,86879737,10717,202,10515,65000,62204,62187,669,669,2813
870,86969074,86969273,86979744,10670,199,10471,65000,62187,62171,669,669,2829
871,87069127,87069327,87079743,10616,200,10416,65000,62171,62155,670,670,2845
872,87169181,87169382,87179738,10557,201,10356,65000,62155,62139,670,670,2861
873,87269233,87269433,87279738,10505,200,10305,65000,62139,62123,671,671,2877
874,87369286,87369485,87379742,10456,199,10257,65000,62123,62107,671,671,2893
875,87469339,87469540,87479742,10403,201,10202,65000,62107,62092,671,671,2908
876,87569393,87569594,87579738,10345,201,10144,65000,62092,62077,672,672,2923
877,87669446,87669647,87679746,10300,201,10099,65000,62077,62062,672,672,2938
878,87769500,87769700,87779745,10245,200,10045,65000,62062,62047,673,673,2953
879,87869552,87869754,87879743,10191,202,9989,65000,62047,62032,673,673,2968
880,87969605,87969807,87979741,10136,202,9934,65000,62032,62017,673,673,2983
881,88069659,88069887,88079738,10079,228,9851,65000,62017,62003,674,674,2997
882,88169711,88169945,88179743,10032,234,9798,65000,62003,61989,674,674,3011
883,88269764,88270002,88279740,9976,238,9738,65000,61989,61974,674,674,3026
884,88369818,88370044,88379738,9920,226,9694,65000,61974,61961,675,675,3039
885,88469888,88470088,88479745,9857,200,9657,65000,61961,61947,675,675,3053
886,88569943,88570143,88579739,9796,200,9596,65000,61947,61933,676,676,3067
887,88669994,88670193,88679739,9745,199,9546,65000,61933,61920,676,676,3080
888,88770046,88770245,88779746,9700,199,9501,65000,61920,61906,676,676,3094
889,88870098,88870299,88879737,9639,201,9438,65000,61906,61893,677,677,3107
890,88970150,88970351,88979738,9588,201,9387,65000,61893,61880,677,677,3120
891,89070221,89070423,89079734,9513,202,9311,65000,61880,61867,677,677,3133
892,89170273,89170473,89179765,9492,200,9292,65000,61867,61855,678,678,3145
893,89270347,89270547,89279763,9416,200,9216,65000,61855,61842,678,678,3158
894,89370399,89370600,89379754,9355,201,9154,65000,61842,61830,678,678,3170
895,89470451,89470651,89479742,9291,200,9091,65000,61830,61817,679,679,3183
896,89570502,89570702,89579737,9235,200,9035,65000,61817,61805,679,679,3195
897,89670554,89670754,89679737,9183,200,8983,65000,61805,61793,679,679,3207
898,89770606,89770806,89779741,9135,200,8935,65000,61793,61781,680,680,3219
899,89870658,89870859,89879741,9083,201,8882,65000,61781,61770,680,680,3230
900,89970710,89970911,89981529,10819,201,10618,65000,61770,61758,680,680,3242
901,90070768,90070969,90079706,8938,201,8737,65000,61758,61747,681,681,3253
902,90170819,90171019,90179745,8926,200,8726,65000,61747,61735,681,681,3265
903,90270875,90271075,90279736,8861,200,8661,65000,61735,61724,681,681,3276
904,90370927,90371128,90379738,8811,201,8610,65000,61724,61713,682,682,3287
905,90470979,90471180,90479745,8766,201,8565,65000,61713,61702,682,682,3298
906,90571031,90571231,90579742,8711,200,8511,65000,61702,61691,682,682,3309
907,90671082,90671284,90679739,8657,202,8455,65000,61691,61681,682,682,3319
908,90771134,90771333,90779747,8613,199,8414,65000,61681,61670,683,683,3330
909,90871186,90871388,90879747,8561,202,8359,65000,61670,61660,683,683,3340
910,90971238,90971438,90979744,8506,200,8306,65000,61660,61649,683,683,3351
911,91071290,91071491,91079743,8453,201,8252,65000,61649,61639,684,684,3361
912,91171342,91171543,91179739,8397,201,8196,65000,61639,61629,684,684,3371
913,91271393,91271594,91279735,8342,201,8141,65000,61629,61619,684,684,3381
914,91371445,91371645,91379751,8306,200,8106,65000,61619,61609,684,684,3391
915,91471513,91471713,91479742,8229,200,8029,65000,61609,61599,685,685,3401
916,91571565,91571765,91579742,8177,200,7977,65000,61599,61590,685,685,3410
917,91671617,91671817,91679737,8120,200,7920,65000,61590,61580,685,685,3420
918,91771669,91771869,91779739,8070,200,7870,65000,61580,61571,685,685,3429
919,91871721,91871921,91879754,8033,200,7833,65000,61571,61562,686,686,3438
920,91971773,91971974,91979741,7968,201,7767,65000,61562,61552,686,686,3448
921,92071825,92072025,92079735,7910,200,7710,65000,61552,61543,686,686,3457
922,92171877,92172078,92179742,7865,201,7664,65000,61543,61534,686,686,3466
923,92271929,92272130,92279742,7813,201,7612,65000,61534,61525,687,687,3475
924,92371981,92372180,92379736,7755,199,7556,65000,61525,61517,687,687,3483
925,92472032,92472233,92479745,7713,201,7512,65000,61517,61508,687,687,3492
926,92572084,92572284,92579740,7656,200,7456,65000,61508,61499,687,687,3501
927,92672136,92672336,92679739,7603,200,7403,65000,61499,61491,688,688,3509
928,92772187,92772387,92779735,7548,200,7348,65000,61491,61483,688,688,3517
929,92872238,92872438,92879740,7502,200,7302,65000,61483,61474,688,688,3526
930,92972290,92972490,92979742,7452,200,7252,65000,61474,61466,688,688,3534
931,93072343,93072543,93079734,7391,200,7191,65000,61466,61458,688,688,3542
932,93172394,93172594,93179747,7353,200,7153,65000,61458,61450,689,689,3550
933,93272447,93272648,93279743,7296,201,7095,65000,61450,61442,689,689,3558
934,93372498,93372699,93379739,7241,201,7040,65000,61442,61434,689,689,3566
935,93472550,93472750,93479738,7188,200,6988,65000,61434,61426,689,689,3574
936,93572602,93572802,93579743,7141,200,6941,65000,61426,61419,690,690,3581
937,93672654,93672855,93679740,7086,201,6885,65000,61419,61411,690,690,3589
938,93772706,93772905,93779742,7036,199,6837,65000,61411,61404,690,690,3596
939,93872758,93872958,93879753,6995,200,6795,65000,61404,61397,690,690,3603
940,93972810,93973011,93979758,6948,201,6747,65000,61397,61389,690,690,3611
941,94072863,94073064,94079748,6885,201,6684,65000,61389,61382,691,691,3618
942,94172915,94173116,94179743,6828,201,6627,65000,61382,61375,691,691,3625
943,94272966,94273168,94279742,6776,202,6574,65000,61375,61368,691,691,3632
944,94373019,94373220,94379735,6716,201,6515,65000,61368,61361,691,691,3639
945,94473071,94473271,94479748,6677,200,6477,65000,61361,61354,691,691,3646
946,94573124,94573324,94579746,6622,200,6422,65000,61354,61347,691,691,3653
947,94673176,94673376,94679743,6567,200,6367,65000,61347,61341,692,692,3659
948,94773247,94773447,94779741,6494,200,6294,65000,61341,61334,692,692,3666
949,94873299,94873500,94879736,6437,201,6236,65000,61334,61327,692,692,3673
950,94973351,94973553,94979745,6394,202,6192,65000,61327,61321,692,692,3679
951,95073404,95073605,95079740,6336,201,6135,65000,61321,61349,692,692,3651
952,95173456,95173656,95179736,6280,200,6080,65000,61349,61376,685,685,3624
953,95273509,95273710,95279748,6239,201,6038,65000,61376,61402,684,684,3598
954,95373561,95373762,95379736,6175,201,5974,65000,61402,61428,684,684,3572
955,95473613,95473814,95479739,6126,201,5925,65000,61428,61453,683,683,3547
956,95573666,95578807,95589727,16061,5141,10920,65000,61453,61478,682,682,3522
957,95673718,95673919,95679174,5456,201,5255,65000,61478,61503,682,682,3497
958,95773770,95773970,95779276,5506,200,5306,65000,61503,61528,681,681,3472
959,95873824,95874024,95879325,5501,200,5301,65000,61528,61552,680,680,3448
960,95973879,95974079,95979416,5537,200,5337,65000,61552,61576,680,680,3424
961,96073950,96074178,96079465,5515,228,5287,65000,61576,61600,679,679,3400
962,96174039,96174262,96179544,5505,223,5282,65000,61600,61624,678,678,3376
963,96274125,96274325,96279615,5490,200,5290,65000,61624,61647,678,678,3353
964,96374196,96374398,96379681,5485,202,5283,65000,61647,61670,677,677,3330
965,96474267,96474468,96479737,5470,201,5269,65000,61670,61693,676,676,3307
966,96574340,96574541,96579738,5398,201,5197,65000,61693,61715,676,676,3285
967,96674393,96674593,96679761,5368,200,5168,65000,61715,61737,675,675,3263
968,96774462,96774662,96779759,5297,200,5097,65000,61737,61759,675,675,3241
969,96874514,96874715,96879751,5237,201,5036,65000,61759,61781,674,674,3219
970,96974567,96974768,96979741,5174,201,4973,65000,61781,61802,673,673,3198
971,97074619,97074819,97079743,5124,200,4924,65000,61802,61824,673,673,3176
972,97174671,97174870,97179740,5069,199,4870,65000,61824,61844,672,672,3156
973,97274723,97274923,97279742,5019,200,4819,65000,61844,61865,672,672,3135
974,97374773,97374973,97379744,4971,200,4771,65000,61865,61886,671,671,3114
975,97474825,97475025,97479735,4910,200,4710,65000,61886,61906,671,671,3094
976,97574876,97575076,97579738,4862,200,4662,65000,61906,61926,670,670,3074
977,97674928,97675128,97679745,4817,200,4617,65000,61926,61946,670,670,3054
978,97774979,97775179,97779740,4761,200,4561,65000,61946,61965,669,669,3035
979,97875031,97875231,97879740,4709,200,4509,65000,61965,61985,669,669,3015
980,97975082,97975282,97979732,4650,200,4450,65000,61985,62004,668,668,2996
981,98075132,98075332,98079741,4609,200,4409,65000,62004,62023,668,668,2977
982,98175184,98175385,98179741,4557,201,4356,65000,62023,62042,667,667,2958
983,98275235,98275436,98279735,4500,201,4299,65000,62042,62060,666,666,2940
984,98375287,98375487,98379743,4456,200,4256,65000,62060,62078,666,666,2922
985,98475339,98475539,98479740,4401,200,4201,65000,62078,62096,666,666,2904
986,98575390,98575590,98579739,4349,200,4149,65000,62096,62114,665,665,2886
987,98675442,98675642,98679746,4304,200,4104,65000,62114,62132,665,665,2868
988,98775494,98775694,98779744,4250,200,4050,65000,62132,62149,664,664,2851
989,98875545,98875746,98879738,4193,201,3992,65000,62149,62167,664,664,2833
990,98975597,98975797,98979736,4139,200,3939,65000,62167,62184,663,663,2816
991,99075649,99075850,99079747,4098,201,3897,65000,62184,62200,663,663,2800
992,99175700,99175900,99179737,4037,200,3837,65000,62200,62217,662,662,2783
993,99275752,99275951,99279743,3991,199,3792,65000,62217,62234,662,662,2766
994,99375803,99376005,99379749,3946,202,3744,65000,62234,62250,661,661,2750
995,99475856,99476056,99479765,3909,200,3709,65000,62250,62266,661,661,2734
996,99575909,99576109,99579755,3846,200,3646,65000,62266,62282,661,661,2718
997,99675961,99676161,99679745,3784,200,3584,65000,62282,62297,660,660,2703
998,99776012,99776212,99779742,3730,200,3530,65000,62297,62313,660,660,2687
999,99876063,99876263,99879738,3675,200,3475,65000,62313,62328,659,659,2672
1000,99976115,99976316,99981574,5459,201,5258,65000,62328,62344,659,659,2656
1001,100076172,100076373,100079706,3534,201,3333,65000,62344,62358,658,658,2642
1002,100176223,100176423,100179741,3518,200,3318,65000,62358,62373,658,658,2627
1003,100276296,100276497,100279739,3443,201,3242,65000,62373,62388,658,658,2612
1004,100376347,100376548,100379751,3404,201,3203,65000,62388,62402,657,657,2598
1005,100476421,100476621,100479741,3320,200,3120,65000,62402,62417,657,657,2583
1006,100576473,100576673,100579739,3266,200,3066,65000,62417,62431,656,656,2569
1007,100676524,100676724,100679741,3217,200,3017,65000,62431,62445,656,656,2555
1008,100776575,100776776,100779747,3172,201,2971,65000,62445,62459,656,656,2541
1009,100876626,100876827,100879743,3117,201,2916,65000,62459,62472,655,655,2528
1010,100976677,100976878,100978723,2046,201,1845,65000,62472,62486,655,655,2514
1011,101076729,101076929,101078833,2104,200,1904,65000,62486,62499,655,655,2501
1012,101176780,101176981,101188996,12216,201,12015,65000,62499,62512,654,654,2488
1013,101276831,101277031,101289097,12266,200,12066,65000,62512,62525,654,654,2475
1014,101376883,101377084,101388704,11821,201,11620,65000,62525,62538,654,654,2462
1015,101476935,101477135,101488814,11879,200,11679,65000,62538,62551,653,653,2449
1016,101576986,101577187,101588846,11860,201,11659,65000,62551,62564,653,653,2436
1017,101677059,101677260,101688909,11850,201,11649,65000,62564,62576,653,653,2424
1018,101777113,101777313,101788971,11858,200,11658,65000,62576,62589,652,652,2411
1019,101877187,101877388,101889037,11850,201,11649,65000,62589,62601,652,652,2399
1020,101977241,101977442,101989094,11853,201,11652,65000,62601,62613,652,652,2387
1021,102077314,102077515,102089190,11876,201,11675,65000,62613,62625,651,651,2375
1022,102177366,102177567,102189269,11903,201,11702,65000,62625,62636,651,651,2364
1023,102277419,102277619,102289303,11884,200,11684,65000,62636,62648,651,651,2352
1024,102377492,102377720,102389394,11902,228,11674,65000,62648,62660,650,650,2340
1025,102477544,102477795,102489446,11902,251,11651,65000,62660,62671,650,650,2329
1026,102577612,102577833,102589497,11885,221,11664,65000,62671,62682,650,650,2318
1027,102677692,102677891,102689547,11855,199,11656,65000,62682,62694,650,650,2306
1028,102777763,102777964,102789636,11873,201,11672,65000,62694,62705,649,649,2295
1029,102877815,102878015,102889674,11859,200,11659,65000,62705,62715,649,649,2285
1030,102977888,102978089,102989733,11845,201,11644,65000,62715,62726,649,649,2274
1031,103077960,103078161,103089742,11782,201,11581,65000,62726,62737,648,648,2263
1032,103178012,103178212,103189758,11746,200,11546,65000,62737,62747,648,648,2253
1033,103278080,103278280,103289755,11675,200,11475,65000,62747,62758,648,648,2242
1034,103378131,103378332,103389757,11626,201,11425,65000,62758,62768,647,647,2232
1035,103478183,103478383,103489746,11563,200,11363,65000,62768,62778,647,647,2222
1036,103578253,103578454,103589743,11490,201,11289,65000,62778,62788,647,647,2212
1037,103678305,103678506,103689743,11438,201,11237,65000,62788,62798,647,647,2202
1038,103778357,103778557,103789736,11379,200,11179,65000,62798,62808,646,646,2192
1039,103878408,103878610,103889738,11330,202,11128,65000,62808,62817,646,646,2183
1040,103978459,103978661,103989744,11285,202,11083,65000,62817,62827,646,646,2173
1041,104078511,104078712,104089736,11225,201,11024,65000,62827,62837,646,646,2163
1042,104178563,104178763,104189735,11172,200,10972,65000,62837,62846,645,645,2154
1043,104278614,104278815,104289744,11130,201,10929,65000,62846,62855,645,645,2145
1044,104378668,104378868,104389740,11072,200,10872,65000,62855,62864,645,645,2136
1045,104478720,104478921,104489734,11014,201,10813,65000,62864,62873,645,645,2127
1046,104578774,104578975,104589743,10969,201,10768,65000,62873,62882,644,644,2118
1047,104678828,104679030,104689741,10913,202,10711,65000,62882,62891,644,644,2109
1048,104778881,104779081,104789736,10855,200,10655,65000,62891,62900,644,644,2100
1049,104878935,104879135,104889755,10820,200,10620,65000,62900,62908,644,644,2092
1050,104979006,104979207,104989762,10756,201,10555,65000,62908,62917,644,644,2083
1051,105079059,105079260,105089760,10701,201,10500,65000,62917,62925,643,643,2075
1052,105179113,105179315,105189743,10630,202,10428,65000,62925,62934,643,643,2066
1053,105279166,105279367,105289741,10575,201,10374,65000,62934,62942,643,643,2058
1054,105379220,105379420,105389734,10514,200,10314,65000,62942,62950,643,643,2050
1055,105479273,105479473,105489746,10473,200,10273,65000,62950,62958,642,642,2042
1056,105579326,105579527,105589743,10417,201,10216,65000,62958,62966,642,642,2034
1057,105679380,105679579,105689738,10358,199,10159,65000,62966,62974,642,642,2026
1058,105779433,105779633,105789737,10304,200,10104,65000,62974,62982,642,642,2018
1059,105879486,105879687,105889744,10258,201,10057,65000,62982,62990,641,641,2010
1060,105979539,105979739,105989741,10202,200,10002,65000,62990,62997,641,641,2003
1061,106079591,106079792,106089736,10145,201,9944,65000,62997,63005,641,641,1995
1062,106179646,106179847,106189744,10098,201,9897,65000,63005,63012,641,641,1988
1063,106279699,106279933,106289740,10041,234,9807,65000,63012,63020,641,641,1980
1064,106379753,106379990,106389741,9988,237,9751,65000,63020,63027,640,640,1973
1065,106479806,106480033,106489733,9927,227,9700,65000,63027,63034,640,640,1966
1066,106579878,106580079,106589749,9871,201,9670,65000,63034,63041,640,640,1959
1067,106679926,106680126,106689749,9823,200,9623,65000,63041,63048,640,640,1952
1068,106779977,106780178,106789743,9766,201,9565,65000,63048,63055,640,640,1945
1069,106880030,106880230,106889739,9709,200,9509,65000,63055,63062,640,640,1938
1070,106980082,106980282,106989738,9656,200,9456,65000,63062,63068,639,639,1932
1071,107080133,107080333,107089759,9626,200,9426,65000,63068,63075,639,639,1925
1072,107180203,107180404,107189747,9544,201,9343,65000,63075,63082,639,639,1918
1073,107280254,107280455,107289744,9490,201,9289,65000,63082,63088,639,639,1912
1074,107380307,107380507,107389741,9434,200,9234,65000,63088,63095,639,639,1905
1075,107480359,107480560,107489740,9381,201,9180,65000,63095,63101,638,638,1899
1076,107580411,107580612,107589734,9323,201,9122,65000,63101,63107,638,638,1893
1077,107680462,107680662,107689750,9288,200,9088,65000,63107,63114,638,638,1886
1078,107780515,107780715,107789735,9220,200,9020,65000,63114,63120,638,638,1880
1079,107880567,107880767,107889745,9178,200,8978,65000,63120,63126,638,638,1874
1080,107980620,107980819,107989737,9117,199,8918,65000,63126,63132,638,638,1868
1081,108080671,108080873,108089738,9067,202,8865,65000,63132,63138,638,638,1862
1082,108180723,108180923,108189738,9015,200,8815,65000,63138,63144,637,637,1856
1083,108280775,108280976,108289742,8967,201,8766,65000,63144,63150,637,637,1850
1084,108380827,108381026,108389742,8915,199,8716,65000,63150,63156,637,637,1844
1085,108480878,108481079,108489735,8857,201,8656,65000,63156,63161,637,637,1839
1086,108580930,108581130,108589744,8814,200,8614,65000,63161,63167,637,637,1833
1087,108680982,108681183,108689742,8760,201,8559,65000,63167,63173,637,637,1827
1088,108781034,108781234,108789737,8703,200,8503,65000,63173,63178,636,636,1822
1089,108881087,108881287,108889739,8652,200,8452,65000,63178,63183,636,636,1817
1090,108981139,108981338,108989741,8602,199,8403,65000,63183,63189,636,636,1811
1091,109081190,109086300,109089741,8551,5110,3441,65000,63189,63194,636,636,1806
1092,109181242,109181444,109189739,8497,202,8295,65000,63194,63199,636,636,1801
1093,109281294,109281495,109289748,8454,201,8253,65000,63199,63205,636,636,1795
1094,109381346,109381546,109389737,8391,200,8191,65000,63205,63210,635,635,1790
1095,109481398,109481599,109489740,8342,201,8141,65000,63210,63215,635,635,1785
1096,109581451,109581651,109589736,8285,200,8085,65000,63215,63220,635,635,1780
1097,109681503,109681702,109689758,8255,199,8056,65000,63220,63225,635,635,1775
1098,109781573,109781773,109789754,8181,200,7981,65000,63225,63229,635,635,1771
1099,109881625,109881826,109889752,8127,201,7926,65000,63229,63234,635,635,1766
1100,109981677,109981877,109991603,9926,200,9726,65000,63234,63239,635,635,1761
1101,110081735,110081936,110089703,7968,201,7767,65000,63239,63244,635,635,1756
1102,110181787,110181988,110189739,7952,201,7751,65000,63244,63249,635,635,1751
1103,110281860,110282060,110289746,7886,200,7686,65000,63249,63253,634,634,1747
1104,110381912,110382113,110389739,7827,201,7626,65000,63253,63258,634,634,1742
1105,110481963,110482162,110489738,7775,199,7576,65000,63258,63262,634,634,1738
1106,110582014,110582215,110589738,7724,201,7523,65000,63262,63267,634,634,1733
1107,110682067,110682267,110689746,7679,200,7479,65000,63267,63271,634,634,1729
1108,110782141,110782341,110789741,7600,200,7400,65000,63271,63276,634,634,1724
1109,110882193,110882394,110889738,7545,201,7344,65000,63276,63280,634,634,1720
1110,110982244,110982445,110989744,7500,201,7299,65000,63280,63285,634,634,1715
1111,111082296,111082496,111089741,7445,200,7245,65000,63285,63289,633,633,1711
1112,111182348,111182548,111189740,7392,200,7192,65000,63289,63293,633,633,1707
1113,111282400,111282601,111289737,7337,201,7136,65000,63293,63297,633,633,1703
1114,111382451,111382651,111389743,7292,200,7092,65000,63297,63301,633,633,1699
1115,111482504,111482705,111489739,7235,201,7034,65000,63301,63305,633,633,1695
1116,111582556,111582756,111589739,7183,200,6983,65000,63305,63309,633,633,1691
1117,111682608,111682809,111689744,7136,201,6935,65000,63309,63313,633,633,1687
1118,111782660,111782860,111789741,7081,200,6881,65000,63313,63317,633,633,1683
1119,111882713,111882914,111889741,7028,201,6827,65000,63317,63321,633,633,1679
1120,111982764,111982965,111989734,6970,201,6769,65000,63321,63325,632,632,1675
1121,112082816,112083015,112089745,6929,199,6730,65000,63325,63328,632,632,1672
1122,112182869,112183068,112189742,6873,199,6674,65000,63328,63332,632,632,1668
1123,112282920,112283120,112289739,6819,200,6619,65000,63332,63335,632,632,1665
1124,112382972,112383170,112389755,6783,198,6585,65000,63335,63339,632,632,1661
1125,112483041,112483242,112489759,6718,201,6517,65000,63339,63343,632,632,1657
1126,112583093,112583293,112589754,6661,200,6461,65000,63343,63346,632,632,1654
1127,112683145,112683345,112689744,6599,200,6399,65000,63346,63350,632,632,1650
1128,112783199,112783400,112789743,6544,201,6343,65000,63350,63353,632,632,1647
1129,112883251,112883452,112889739,6488,201,6287,65000,63353,63357,632,632,1643
1130,112983304,112983503,112989744,6440,199,6241,65000,63357,63360,631,631,1640
1131,113083356,113083557,113089745,6389,201,6188,65000,63360,63363,631,631,1637
1132,113183407,113183607,113189739,6332,200,6132,65000,63363,63367,631,631,1633
1133,113283459,113283660,113289737,6278,201,6077,65000,63367,63370,631,631,1630
1134,113383511,113383712,113389747,6236,201,6035,65000,63370,63373,631,631,1627
1135,113483563,113483764,113489739,6176,201,5975,65000,63373,63376,631,631,1624
1136,113583617,113583817,113589743,6126,200,5926,65000,63376,63379,631,631,1621
1137,113683669,113683869,113689735,6066,200,5866,65000,63379,63383,631,631,1617
1138,113783721,113783923,113789746,6025,202,5823,65000,63383,63386,631,631,1614
1139,113883775,113883975,113889742,5967,200,5767,65000,63386,63389,631,631,1611
1140,113983826,113984028,113989741,5915,202,5713,65000,63389,63392,631,631,1608
1141,114083879,114084079,114089742,5863,200,5663,65000,63392,63395,631,631,1605
1142,114183931,114184160,114189742,5811,229,5582,65000,63395,63398,631,631,1602
1143,114283983,114284216,114289741,5758,233,5525,65000,63398,63401,630,630,1599
1144,114384035,114384259,114389736,5701,224,5477,65000,63401,63404,630,630,1596
1145,114484105,114484308,114489746,5641,203,5438,65000,63404,63407,630,630,1593
1146,114584144,114584345,114589737,5593,201,5392,65000,63407,63409,630,630,1591
1147,114684196,114684396,114689738,5542,200,5342,65000,63409,63412,630,630,1588
1148,114784248,114784449,114789744,5496,201,5295,65000,63412,63415,630,630,1585
1149,114884300,114884501,114889743,5443,201,5242,65000,63415,63418,630,630,1582
1150,114984351,114984552,114989736,5385,201,5184,65000,63418,63420,630,630,1580
1151,115084403,115084604,115089739,5336,201,5135,65000,63420,63423,630,630,1577
1152,115184455,115184655,115189762,5307,200,5107,65000,63423,63426,630,630,1574
1153,115284507,115284708,115289759,5252,201,5051,65000,63426,63429,630,630,1571
1154,115384558,115384759,115389756,5198,201,4997,65000,63429,63431,630,630,1569
1155,115484610,115484810,115489741,5131,200,4931,65000,63431,63434,630,630,1566
1156,115584663,115584863,115589739,5076,200,4876,65000,63434,63436,629,629,1564
1157,115684714,115684914,115689733,5019,200,4819,65000,63436,63439,629,629,1561
1158,115784766,115784965,115789745,4979,199,4780,65000,63439,63441,629,629,1559
1159,115884817,115885018,115889741,4924,201,4723,65000,63441,63443,629,629,1557
1160,115984869,115985068,115989737,4868,199,4669,65000,63443,63446,629,629,1554
1161,116084920,116085119,116089747,4827,199,4628,65000,63446,63448,629,629,1552
1162,116184972,116185172,116189745,4773,200,4573,65000,63448,63450,629,629,1550
1163,116285023,116285223,116289742,4719,200,4519,65000,63450,63453,629,629,1547
1164,116385075,116385275,116389738,4663,200,4463,65000,63453,63455,629,629,1545
1165,116485127,116485327,116489734,4607,200,4407,65000,63455,63457,629,629,1543
1166,116585178,116585378,116589743,4565,200,4365,65000,63457,63460,629,629,1540
1167,116685229,116685429,116689743,4514,200,4314,65000,63460,63462,629,629,1538
1168,116785281,116785482,116789736,4455,201,4254,65000,63462,63464,629,629,1536
1169,116885332,116885532,116889745,4413,200,4213,65000,63464,63466,629,629,1534
1170,116985384,116985585,116989740,4356,201,4155,65000,63466,63469,629,629,1531
1171,117085436,117085635,117089737,4301,199,4102,65000,63469,63471,628,628,1529
1172,117185488,117185689,117189744,4256,201,4055,65000,63471,63473,628,628,1527
1173,117285541,117285741,117289742,4201,200,4001,65000,63473,63475,628,628,1525
1174,117385591,117385792,117389738,4147,201,3946,65000,63475,63476,628,628,1524
1175,117485643,117485843,117489734,4091,200,3891,65000,63476,63478,628,628,1522
1176,117585712,117585913,117589743,4031,201,3830,65000,63478,63480,628,628,1520
1177,117685763,117685964,117689743,3980,201,3779,65000,63480,63482,628,628,1518
1178,117785814,117786014,117789734,3920,200,3720,65000,63482,63484,628,628,1516
1179,117885866,117886065,117889760,3894,199,3695,65000,63484,63486,628,628,1514
1180,117985937,117986138,117989762,3825,201,3624,65000,63486,63488,628,628,1512
1181,118085989,118086189,118089758,3769,200,3569,65000,63488,63490,628,628,1510
1182,118186040,118186240,118189746,3706,200,3506,65000,63490,63492,628,628,1508
1183,118286091,118286291,118289740,3649,200,3449,65000,63492,63494,628,628,1506
1184,118386143,118386344,118389740,3597,201,3396,65000,63494,63495,628,628,1505
1185,118486194,118486394,118489745,3551,200,3351,65000,63495,63497,628,628,1503
1186,118586246,118586447,118589745,3499,201,3298,65000,63497,63499,628,628,1501
1187,118686297,118686498,118689739,3442,201,3241,65000,63499,63501,628,628,1499
1188,118786350,118786549,118789737,3387,199,3188,65000,63501,63503,628,628,1497
1189,118886401,118886602,118889746,3345,201,3144,65000,63503,63505,628,628,1495
1190,118986452,118986651,118989744,3292,199,3093,65000,63505,63507,628,628,1493
1191,119086503,119086704,119089738,3235,201,3034,65000,63507,63508,628,628,1492
1192,119186555,119186755,119189749,3194,200,2994,65000,63508,63510,628,628,1490
1193,119286606,119286807,119289749,3143,201,2942,65000,63510,63512,627,627,1488
1194,119386658,119386859,119389747,3089,201,2888,65000,63512,63513,627,627,1487
1195,119486709,119486910,119488761,2052,201,1851,65000,63513,63515,627,627,1485
1196,119586761,119586961,119598943,12182,200,11982,65000,63515,63516,627,627,1484
1197,119686811,119687013,119699050,12239,202,12037,65000,63516,63518,627,627,1482
1198,119786863,119787065,119799099,12236,202,12034,65000,63518,63519,627,627,1481
1199,119886915,119887116,119898733,11818,201,11617,65000,63519,63521,627,627,1479
1200,119986966,119987167,120001575,14609,201,14408,65000,63521,63522,627,627,1478
1201,120087024,120087225,120098845,11821,201,11620,50000,63522,63428,285,285,-13428
1202,120187075,120187275,120198934,11859,200,11659,50000,63428,63329,269,269,-13329
1203,120287126,120287328,120298987,11861,202,11659,50000,63329,63231,269,269,-13231
1204,120387178,120387379,120399037,11859,201,11658,50000,63231,63134,270,270,-13134
1205,120487249,120487449,120499100,11851,200,11651,50000,63134,63037,271,271,-13037
1206,120587304,120587504,120599160,11856,200,11656,50000,63037,62941,272,272,-12941
1207,120687377,120687577,120699273,11896,200,11696,50000,62941,62846,273,273,-12846
1208,120787430,120787630,120799317,11887,200,11687,50000,62846,62751,273,273,-12751
1209,120887485,120887712,120899369,11884,227,11657,50000,62751,62657,274,274,-12657
1210,120987558,120987785,120999435,11877,227,11650,50000,62657,62563,275,275,-12563
1211,121087627,121087847,121099511,11884,220,11664,50000,62563,62470,276,276,-12470
1212,121187695,121187896,121199553,11858,201,11657,50000,62470,62378,277,277,-12378
1213,121287763,121287963,121299640,11877,200,11677,50000,62378,62286,278,278,-12286
1214,121387814,121388015,121399674,11860,201,11659,50000,62286,62195,279,279,-12195
1215,121487888,121488089,121499735,11847,201,11646,50000,62195,62105,280,280,-12105
1216,121587962,121588162,121599742,11780,200,11580,50000,62105,62015,281,281,-12015
1217,121688013,121688213,121699757,11744,200,11544,50000,62015,61926,282,282,-11926
1218,121788065,121788264,121799756,11691,199,11492,50000,61926,61837,282,282,-11837
1219,121888116,121888316,121899738,11622,200,11422,50000,61837,61749,283,283,-11749
1220,121988168,121988369,121999745,11577,201,11376,50000,61749,61662,284,284,-11662
1221,122088239,122088439,122099740,11501,200,11301,50000,61662,61575,285,285,-11575
1222,122188291,122188490,122199741,11450,199,11251,50000,61575,61489,286,286,-11489
1223,122288342,122288543,122299744,11402,201,11201,50000,61489,61403,287,287,-11403
1224,122388393,122388593,122399749,11356,200,11156,50000,61403,61318,288,288,-11318
1225,122488445,122493541,122499743,11298,5096,6202,50000,61318,61233,288,288,-11233
1226,122588497,122588698,122599742,11245,201,11044,50000,61233,61149,289,289,-11149
1227,122688549,122688749,122699739,11190,200,10990,50000,61149,61066,290,290,-11066
1228,122788601,122788801,122799735,11134,200,10934,50000,61066,60983,291,291,-10983
1229,122888654,122888855,122899750,11096,201,10895,50000,60983,60901,292,292,-10901
1230,122988707,122988907,122999746,11039,200,10839,50000,60901,60819,292,292,-10819
1231,123088760,123088961,123099743,10983,201,10782,50000,60819,60738,293,293,-10738
1232,123188813,123189014,123199742,10929,201,10728,50000,60738,60657,294,294,-10657
1233,123288886,123289086,123299737,10851,200,10651,50000,60657,60577,295,295,-10577
1234,123388940,123389141,123399757,10817,201,10616,50000,60577,60498,296,296,-10498
1235,123489011,123489211,123499718,10707,200,10507,50000,60498,60419,296,296,-10419
1236,123589063,123589262,123599735,10672,199,10473,50000,60419,60340,297,297,-10340
1237,123689116,123689318,123699743,10627,202,10425,50000,60340,60262,298,298,-10262
1238,123789170,123789372,123799739,10569,202,10367,50000,60262,60185,299,299,-10185
1239,123889223,123889424,123899739,10516,201,10315,50000,60185,60108,299,299,-10108
1240,123989277,123989478,123999745,10468,201,10267,50000,60108,60032,300,300,-10032
1241,124089330,124089542,124099742,10412,212,10200,50000,60032,59956,301,301,-9956
1242,124189383,124189584,124199737,10354,201,10153,50000,59956,59881,302,302,-9881
1243,124289437,124289637,124299734,10297,200,10097,50000,59881,59806,302,302,-9806
1244,124389490,124389692,124399745,10255,202,10053,50000,59806,59731,303,303,-9731
1245,124489543,124489743,124499743,10200,200,10000,50000,59731,59657,304,304,-9657
1246,124589596,124589797,124599737,10141,201,9940,50000,59657,59584,305,305,-9584
1247,124689649,124689878,124699743,10094,229,9865,50000,59584,59511,305,305,-9511
1248,124789702,124789937,124799741,10039,235,9804,50000,59511,59439,306,306,-9439
1249,124889755,124889993,124899737,9982,238,9744,50000,59439,59367,307,307,-9367
1250,124989808,124990037,124999734,9926,229,9697,50000,59367,59296,307,307,-9296
1251,125089881,125090080,125099746,9865,199,9666,50000,59296,59225,308,308,-9225
1252,125189914,125190114,125199741,9827,200,9627,50000,59225,59154,309,309,-9154
1253,125289967,125290168,125299738,9771,201,9570,50000,59154,59084,310,310,-9084
1254,125390018,125390218,125399754,9736,200,9536,50000,59084,59015,310,310,-9015
1255,125490088,125490289,125499758,9670,201,9469,50000,59015,58946,311,311,-8946
1256,125590139,125590341,125599755,9616,202,9414,50000,58946,58877,312,312,-8877
1257,125690191,125690393,125699744,9553,202,9351,50000,58877,58809,312,312,-8809
1258,125790242,125790442,125799741,9499,200,9299,50000,58809,58742,313,313,-8742
1259,125890295,125890496,125899736,9441,201,9240,50000,58742,58674,313,313,-8674
1260,125990346,125990546,125999747,9401,200,9201,50000,58674,58608,314,314,-8608
1261,126090399,126090599,126099744,9345,200,9145,50000,58608,58541,315,315,-8541
1262,126190450,126190650,126199740,9290,200,9090,50000,58541,58476,316,316,-8476
1263,126290502,126290703,126299740,9238,201,9037,50000,58476,58410,316,316,-8410
1264,126390553,126390755,126399738,9185,202,8983,50000,58410,58345,317,317,-8345
1265,126490605,126490805,126499740,9135,200,8935,50000,58345,58281,317,317,-8281
1266,126590657,126590858,126599741,9084,201,8883,50000,58281,58217,318,318,-8217
1267,126690710,126690910,126699734,9024,200,8824,50000,58217,58153,319,319,-8153
1268,126790762,126790962,126799743,8981,200,8781,50000,58153,58090,319,319,-8090
1269,126890815,126891015,126899740,8925,200,8725,50000,58090,58027,320,320,-8027
1270,126990866,126991066,126999734,8868,200,8668,50000,58027,57965,321,321,-7965
1271,127090918,127091118,127099745,8827,200,8627,50000,57965,57903,321,321,-7903
1272,127190970,127191172,127199744,8774,202,8572,50000,57903,57841,322,322,-7841
1273,127291022,127291223,127299740,8718,201,8517,50000,57841,57780,322,322,-7780
1274,127391075,127391275,127399735,8660,200,8460,50000,57780,57720,323,323,-7720
1275,127491126,127491326,127499743,8617,200,8417,50000,57720,57659,323,323,-7659
1276,127591179,127591380,127599743,8564,201,8363,50000,57659,57599,324,324,-7599
1277,127691231,127691432,127699736,8505,201,8304,50000,57599,57540,325,325,-7540
1278,127791283,127791484,127799744,8461,201,8260,50000,57540,57481,325,325,-7481
1279,127891334,127891535,127899743,8409,201,8208,50000,57481,57422,326,326,-7422
1280,127991387,127991587,127999739,8352,200,8152,50000,57422,57364,327,327,-7364
1281,128091438,128091637,128099736,8298,199,8099,50000,57364,57306,327,327,-7306
1282,128191489,128191690,128199760,8271,201,8070,50000,57306,57249,328,328,-7249
1283,128291562,128291763,128299758,8196,201,7995,50000,57249,57191,328,328,-7191
1284,128391613,128391815,128399755,8142,202,7940,50000,57191,57135,329,329,-7135
1285,128491665,128491867,128499741,8076,202,7874,50000,57135,57078,329,329,-7078
1286,128591717,128591918,128599738,8021,201,7820,50000,57078,57022,330,330,-7022
1287,128691770,128691970,128699739,7969,200,7769,50000,57022,56967,330,330,-6967
1288,128791821,128792022,128799746,7925,201,7724,50000,56967,56912,331,331,-6912
1289,128891874,128892074,128899741,7867,200,7667,50000,56912,56857,331,331,-6857
1290,128991945,128992146,128999740,7795,201,7594,50000,56857,56802,332,332,-6802
1291,129091996,129092198,129099738,7742,202,7540,50000,56802,56748,333,333,-6748
1292,129192049,129192249,129199745,7696,200,7496,50000,56748,56694,333,333,-6694
1293,129292102,129292304,129299744,7642,202,7440,50000,56694,56641,334,334,-6641
1294,129392154,129392355,129399740,7586,201,7385,50000,56641,56588,334,334,-6588
1295,129492206,129492407,129499736,7530,201,7329,50000,56588,56536,335,335,-6536
1296,129592258,129592459,129599745,7487,201,7286,50000,56536,56483,335,335,-6483
1297,129692310,129692511,129699736,7426,201,7225,50000,56483,56431,336,336,-6431
1298,129792362,129792562,129799737,7375,200,7175,50000,56431,56380,336,336,-6380
1299,129892415,129892616,129899745,7330,201,7129,50000,56380,56328,336,336,-6328
1300,129992467,129992668,130001575,9108,201,8907,50000,56328,56277,337,337,-6277
1301,130092525,130092728,130099698,7173,203,6970,50000,56277,56227,338,338,-6227
1302,130192576,130192777,130199746,7170,201,6969,50000,56227,56177,338,338,-6177
1303,130292630,130292830,130299743,7113,200,6913,50000,56177,56127,339,339,-6127
1304,130392682,130392882,130399741,7059,200,6859,50000,56127,56077,339,339,-6077
1305,130492734,130492936,130499737,7003,202,6801,50000,56077,56028,340,340,-6028
1306,130592786,130592987,130599746,6960,201,6759,50000,56028,55979,340,340,-5979
1307,130692839,130693039,130699738,6899,200,6699,50000,55979,55931,341,341,-5931
1308,130792890,130793091,130799737,6847,201,6646,50000,55931,55883,341,341,-5883
1309,130892942,130893143,130899754,6812,201,6611,50000,55883,55834,341,341,-5834
1310,130993012,130993213,130999759,6747,201,6546,50000,55834,55787,342,342,-5787
1311,131093064,131093266,131099759,6695,202,6493,50000,55787,55739,342,342,-5739
1312,131193117,131193317,131199743,6626,200,6426,50000,55739,55693,343,343,-5693
1313,131293169,131293370,131299740,6571,201,6370,50000,55693,55646,343,343,-5646
1314,131393221,131393422,131399737,6516,201,6315,50000,55646,55600,344,344,-5600
1315,131493273,131493474,131499747,6474,201,6273,50000,55600,55554,344,344,-5554
1316,131593326,131593527,131599742,6416,201,6215,50000,55554,55508,345,345,-5508
1317,131693378,131693579,131699738,6360,201,6159,50000,55508,55462,345,345,-5462
1318,131793430,131793629,131799736,6306,199,6107,50000,55462,55417,346,346,-5417
1319,131893483,131893684,131899749,6266,201,6065,50000,55417,55373,346,346,-5373
1320,131993536,131993736,131999737,6201,200,6001,50000,55373,55328,346,346,-5328
1321,132093588,132093789,132099742,6154,201,5953,50000,55328,55284,347,347,-5284
1322,132193641,132193843,132199739,6098,202,5896,50000,55284,55240,347,347,-5240
1323,132293692,132293893,132299747,6055,201,5854,50000,55240,55196,348,348,-5196
1324,132393746,132393946,132399737,5991,200,5791,50000,55196,55153,348,348,-5153
1325,132493798,132493998,132499742,5944,200,5744,50000,55153,55110,349,349,-5110
1326,132593850,132594051,132599736,5886,201,5685,50000,55110,55067,349,349,-5067
1327,132693902,132694128,132699744,5842,226,5616,50000,55067,55025,349,349,-5025
1328,132793956,132794186,132799735,5779,230,5549,50000,55025,54983,350,350,-4983
1329,132894007,132894235,132899740,5733,228,5505,50000,54983,54941,350,350,-4941
1330,132994060,132994283,132999742,5682,223,5459,50000,54941,54899,351,351,-4899
1331,133094125,133094326,133099743,5618,201,5417,50000,54899,54858,351,351,-4858
1332,133194177,133194378,133199737,5560,201,5359,50000,54858,54817,351,351,-4817
1333,133294229,133294429,133299747,5518,200,5318,50000,54817,54776,352,352,-4776
1334,133394281,133394481,133399742,5461,200,5261,50000,54776,54736,352,352,-4736
1335,133494333,133494533,133499737,5404,200,5204,50000,54736,54696,353,353,-4696
1336,133594384,133594585,133599740,5356,201,5155,50000,54696,54656,353,353,-4656
1337,133694436,133694636,133699764,5328,200,5128,50000,54656,54616,353,353,-4616
1338,133794488,133794689,133799762,5274,201,5073,50000,54616,54577,354,354,-4577
1339,133894540,133894740,133899754,5214,200,5014,50000,54577,54537,354,354,-4537
1340,133994592,133994792,133999742,5150,200,4950,50000,54537,54499,355,355,-4499
1341,134094643,134094844,134099738,5095,201,4894,50000,54499,54460,355,355,-4460
1342,134194695,134194898,134199737,5042,203,4839,50000,54460,54422,355,355,-4422
1343,134294747,134294946,134299745,4998,199,4799,50000,54422,54384,356,356,-4384
1344,134394799,134395000,134399744,4945,201,4744,50000,54384,54346,356,356,-4346
1345,134494850,134495051,134499736,4886,201,4685,50000,54346,54308,356,356,-4308
1346,134594903,134595103,134599747,4844,200,4644,50000,54308,54271,357,357,-4271
1347,134694955,134695156,134699742,4787,201,4586,50000,54271,54234,357,357,-4234
1348,134795007,134795209,134799741,4734,202,4532,50000,54234,54197,358,358,-4197
1349,134895059,134895260,134899734,4675,201,4474,50000,54197,54160,358,358,-4160
1350,134995111,134995312,134999747,4636,201,4435,50000,54160,54124,358,358,-4124
1351,135095163,135095363,135099745,4582,200,4382,50000,54124,54088,359,359,-4088
1352,135195214,135195414,135199743,4529,200,4329,50000,54088,54052,359,359,-4052
1353,135295265,135295465,135299744,4479,200,4279,50000,54052,54016,359,359,-4016
1354,135395318,135395517,135399735,4417,199,4218,50000,54016,53981,360,360,-3981
1355,135495369,135495570,135499741,4372,201,4171,50000,53981,53946,360,360,-3946
1356,135595421,135595622,135599740,4319,201,4118,50000,53946,53911,360,360,-3911
1357,135695473,135695673,135699735,4262,200,4062,50000,53911,53877,361,361,-3877
1358,135795524,135795725,135799745,4221,201,4020,50000,53877,53842,361,361,-3842
1359,135895576,135900779,135909721,14145,5203,8942,50000,53842,53808,361,361,-3808
1360,135995627,135995829,135999700,4073,202,3871,50000,53808,53774,362,362,-3774
1361,136095680,136095880,136099744,4064,200,3864,50000,53774,53740,362,362,-3740
1362,136195732,136195933,136199744,4012,201,3811,50000,53740,53707,362,362,-3707
1363,136295784,136295985,136299734,3950,201,3749,50000,53707,53673,363,363,-3673
1364,136395836,136396038,136399762,3926,202,3724,50000,53673,53640,363,363,-3640
1365,136495909,136496109,136499763,3854,200,3654,50000,53640,53607,363,363,-3607
1366,136595961,136596161,136599762,3801,200,3601,50000,53607,53575,364,364,-3575
1367,136696011,136696212,136699746,3735,201,3534,50000,53575,53543,364,364,-3543
1368,136796063,136796263,136799741,3678,200,3478,50000,53543,53510,364,364,-3510
1369,136896116,136896317,136899739,3623,201,3422,50000,53510,53478,365,365,-3478
1370,136996167,136996368,136999748,3581,201,3380,50000,53478,53447,365,365,-3447
1371,137096219,137096419,137099745,3526,200,3326,50000,53447,53415,365,365,-3415
1372,137196270,137196471,137199741,3471,201,3270,50000,53415,53384,366,366,-3384
1373,137296322,137296523,137299738,3416,201,3215,50000,53384,53353,366,366,-3353
1374,137396374,137396574,137399742,3368,200,3168,50000,53353,53322,366,366,-3322
1375,137496426,137496627,137499743,3317,201,3116,50000,53322,53291,366,366,-3291
1376,137596477,137596679,137599742,3265,202,3063,50000,53291,53261,367,367,-3261
1377,137696530,137696730,137699748,3218,200,3018,50000,53261,53230,367,367,-3230
1378,137796582,137796782,137799744,3162,200,2962,50000,53230,53200,367,367,-3200
1379,137896633,137896833,137899746,3113,200,2913,50000,53200,53171,368,368,-3171
1380,137996684,137996884,137998721,2037,200,1837,50000,53171,53141,368,368,-3141
1381,138096736,138096936,138098847,2111,200,1911,50000,53141,53111,368,368,-3111
1382,138196787,138196988,138209015,12228,201,12027,50000,53111,53082,369,369,-3082
1383,138296839,138297039,138309119,12280,200,12080,50000,53082,53053,369,369,-3053
1384,138396891,138397092,138408717,11826,201,11625,50000,53053,53024,369,369,-3024
1385,138496943,138497144,138508815,11872,201,11671,50000,53024,52996,369,369,-2996
1386,138596994,138597196,138608867,11873,202,11671,50000,52996,52967,369,369,-2967
1387,138697047,138697247,138708911,11864,200,11664,50000,52967,52939,370,370,-2939
1388,138797117,138797317,138808976,11859,200,11659,50000,52939,52910,370,370,-2910
1389,138897169,138897371,138909026,11857,202,11655,50000,52910,52883,371,371,-2883
1390,138997241,138997442,139009092,11851,201,11650,50000,52883,52855,371,371,-2855
1391,139097294,139097494,139109155,11861,200,11661,50000,52855,52828,371,371,-2828
1392,139197350,139197551,139209220,11870,201,11669,50000,52828,52800,371,371,-2800
1393,139297404,139297605,139309267,11863,201,11662,50000,52800,52773,372,372,-2773
1394,139397476,139397698,139409374,11898,222,11676,50000,52773,52746,372,372,-2746
1395,139497529,139497754,139509405,11876,225,11651,50000,52746,52719,372,372,-2719
1396,139597603,139597826,139609470,11867,223,11644,50000,52719,52693,372,372,-2693
1397,139697659,139697876,139709534,11875,217,11658,50000,52693,52666,372,372,-2666
1398,139797732,139797933,139809597,11865,201,11664,50000,52666,52640,373,373,-2640
1399,139897787,139897987,139909643,11856,200,11656,50000,52640,52614,373,373,-2614
1400,139997857,139998057,140011568,13711,200,13511,50000,52614,52588,373,373,-2588
1401,140097914,140098115,140109724,11810,201,11609,50000,52588,52562,374,374,-2562
1402,140197964,140198165,140209742,11778,201,11577,50000,52562,52536,374,374,-2536
1403,140298019,140298219,140309757,11738,200,11538,50000,52536,52511,374,374,-2511
1404,140398071,140398270,140409758,11687,199,11488,50000,52511,52486,374,374,-2486
1405,140498122,140498323,140509746,11624,201,11423,50000,52486,52461,375,375,-2461
1406,140598173,140598374,140609740,11567,201,11366,50000,52461,52436,375,375,-2436
1407,140698247,140698447,140709737,11490,200,11290,50000,52436,52411,375,375,-2411
1408,140798298,140798497,140809744,11446,199,11247,50000,52411,52387,375,375,-2387
1409,140898350,140898551,140909741,11391,201,11190,50000,52387,52362,375,375,-2362
1410,140998402,140998603,141009740,11338,201,11137,50000,52362,52338,376,376,-2338
1411,141098454,141098656,141109735,11281,202,11079,50000,52338,52314,376,376,-2314
1412,141198506,141198705,141209757,11251,199,11052,50000,52314,52290,376,376,-2290
1413,141298576,141298777,141309757,11181,201,10980,50000,52290,52266,377,377,-2266
1414,141398630,141398831,141409749,11119,201,10918,50000,52266,52243,377,377,-2243
1415,141498683,141498884,141509742,11059,201,10858,50000,52243,52219,377,377,-2219
1416,141598736,141598937,141609739,11003,201,10802,50000,52219,52196,377,377,-2196
1417,141698790,141698991,141709738,10948,201,10747,50000,52196,52173,377,377,-2173
1418,141798843,141799044,141809747,10904,201,10703,50000,52173,52150,378,378,-2150
1419,141898897,141899098,141909745,10848,201,10647,50000,52150,52127,378,378,-2127
1420,141998950,141999152,142009739,10789,202,10587,50000,52127,52104,378,378,-2104
1421,142099003,142099203,142109736,10733,200,10533,50000,52104,52082,378,378,-2082
1422,142199056,142199256,142209745,10689,200,10489,50000,52082,52059,378,378,-2059
1423,142299110,142299311,142309740,10630,201,10429,50000,52059,52037,379,379,-2037
1424,142399163,142399363,142409740,10577,200,10377,50000,52037,52015,379,379,-2015
1425,142499216,142499416,142509744,10528,200,10328,50000,52015,51993,379,379,-1993
1426,142599270,142599470,142609742,10472,200,10272,50000,51993,51971,379,379,-1971
1427,142699324,142699524,142709737,10413,200,10213,50000,51971,51950,380,380,-1950
1428,142799377,142799577,142809738,10361,200,10161,50000,51950,51929,380,380,-1929
1429,142899430,142899631,142909740,10310,201,10109,50000,51929,51907,380,380,-1907
1430,142999483,142999684,143009742,10259,201,10058,50000,51907,51886,380,380,-1886
1431,143099536,143099736,143109738,10202,200,10002,50000,51886,51865,380,380,-1865
1432,143199589,143199790,143209742,10153,201,9952,50000,51865,51844,381,381,-1844
1433,143299642,143299843,143309743,10101,201,9900,50000,51844,51823,381,381,-1823
1434,143399696,143399931,143409737,10041,235,9806,50000,51823,51803,381,381,-1803
1435,143499748,143499986,143509737,9989,238,9751,50000,51803,51782,381,381,-1782
1436,143599802,143600028,143609743,9941,226,9715,50000,51782,51762,382,382,-1762
1437,143699855,143700079,143709741,9886,224,9662,50000,51762,51742,382,382,-1742
1438,143799912,143800113,143809737,9825,201,9624,50000,51742,51722,382,382,-1722
1439,143899965,143900166,143909756,9791,201,9590,50000,51722,51702,382,382,-1702
1440,144000034,144000236,144009759,9725,202,9523,50000,51702,51682,382,382,-1682
1441,144100086,144100287,144109754,9668,201,9467,50000,51682,51662,382,382,-1662
1442,144200138,144200339,144209745,9607,201,9406,50000,51662,51643,383,383,-1643
1443,144300189,144300391,144309739,9550,202,9348,50000,51643,51624,383,383,-1624
1444,144400240,144400441,144409737,9497,201,9296,50000,51624,51604,383,383,-1604
1445,144500291,144500493,144509748,9457,202,9255,50000,51604,51585,383,383,-1585
1446,144600344,144600545,144609740,9396,201,9195,50000,51585,51566,383,383,-1566
1447,144700395,144700596,144709743,9348,201,9147,50000,51566,51547,384,384,-1547
1448,144800447,144800648,144809735,9288,201,9087,50000,51547,51529,384,384,-1529
1449,144900499,144900699,144909746,9247,200,9047,50000,51529,51510,384,384,-1510
1450,145000552,145000752,145009741,9189,200,8989,50000,51510,51492,384,384,-1492
1451,145100603,145100804,145109743,9140,201,8939,50000,51492,51473,384,384,-1473
1452,145200655,145200856,145209739,9084,201,8883,50000,51473,51455,385,385,-1455
1453,145300707,145300908,145309741,9034,201,8833,50000,51455,51437,385,385,-1437
1454,145400759,145400960,145409740,8981,201,8780,50000,51437,51419,385,385,-1419
1455,145500812,145501012,145509734,8922,200,8722,50000,51419,51401,385,385,-1401
1456,145600864,145601064,145609746,8882,200,8682,50000,51401,51383,385,385,-1383
1457,145700917,145701118,145709743,8826,201,8625,50000,51383,51366,385,385,-1366
1458,145800968,145801170,145809741,8773,202,8571,50000,51366,51348,385,385,-1348
1459,145901021,145901222,145909736,8715,201,8514,50000,51348,51331,386,386,-1331
1460,146001090,146001291,146009744,8654,201,8453,50000,51331,51314,386,386,-1314
1461,146101143,146101343,146109742,8599,200,8399,50000,51314,51296,386,386,-1296
1462,146201194,146201395,146209740,8546,201,8345,50000,51296,51279,386,386,-1279
1463,146301246,146301446,146309743,8497,200,8297,50000,51279,51262,386,386,-1262
1464,146401298,146401499,146409743,8445,201,8244,50000,51262,51245,387,387,-1245
1465,146501351,146501553,146509737,8386,202,8184,50000,51245,51229,387,387,-1229
1466,146601402,146601602,146609737,8335,200,8135,50000,51229,51212,387,387,-1212
1467,146701455,146701655,146709762,8307,200,8107,50000,51212,51196,387,387,-1196
1468,146801507,146801708,146809758,8251,201,8050,50000,51196,51179,387,387,-1179
1469,146901558,146901758,146909752,8194,200,7994,50000,51179,51163,387,387,-1163
1470,147001611,147001812,147009742,8131,201,7930,50000,51163,51147,387,387,-1147
1471,147101662,147101863,147109739,8077,201,7876,50000,51147,51131,388,388,-1131
1472,147201714,147201915,147209735,8021,201,7820,50000,51131,51115,388,388,-1115
1473,147301766,147301966,147309745,7979,200,7779,50000,51115,51099,388,388,-1099
1474,147401819,147402020,147409737,7918,201,7717,50000,51099,51083,388,388,-1083
1475,147501871,147502071,147509740,7869,200,7669,50000,51083,51068,388,388,-1068
1476,147601923,147602124,147609744,7821,201,7620,50000,51068,51052,388,388,-1052
1477,147701976,147702176,147709744,7768,200,7568,50000,51052,51037,389,389,-1037
1478,147802027,147802228,147809740,7713,201,7512,50000,51037,51022,389,389,-1022
1479,147902079,147902280,147909741,7662,201,7461,50000,51022,51006,389,389,-1006
1480,148002132,148002333,148009735,7603,201,7402,50000,51006,50991,389,389,-991
1481,148102184,148102384,148109746,7562,200,7362,50000,50991,50976,389,389,-976
1482,148202236,148202437,148209735,7499,201,7298,50000,50976,50961,389,389,-961
1483,148302289,148302489,148309740,7451,200,7251,50000,50961,50946,389,389,-946
1484,148402341,148402543,148409740,7399,202,7197,50000,50946,50932,390,390,-932
1485,148502393,148502593,148509740,7347,200,7147,50000,50932,50917,390,390,-917
1486,148602445,148602645,148609736,7291,200,7091,50000,50917,50903,390,390,-903
1487,148702497,148702697,148709745,7248,200,7048,50000,50903,50888,390,390,-888
1488,148802550,148802750,148809745,7195,200,6995,50000,50888,50874,390,390,-874
1489,148902602,148902803,148909738,7136,201,6935,50000,50874,50860,390,390,-860
1490,149002654,149002855,149009739,7085,201,6884,50000,50860,50845,390,390,-845
1491,149102707,149102908,149109745,7038,201,6837,50000,50845,50832,391,391,-832
1492,149202758,149202959,149209743,6985,201,6784,50000,50832,50818,391,391,-818
1493,149302810,149303011,149309737,6927,201,6726,50000,50818,50804,391,391,-804
1494,149402862,149408031,149419649,16787,5169,11618,50000,50804,50790,391,391,-790
1495,149502938,149503139,149509674,6736,201,6535,50000,50790,50776,391,391,-776
1496,149602992,149603191,149609773,6781,199,6582,50000,50776,50763,391,391,-763
1497,149703043,149703244,149709744,6701,201,6500,50000,50763,50749,391,391,-749
1498,149803096,149803296,149809739,6643,200,6443,50000,50749,50736,392,392,-736
1499,149903148,149903350,149909741,6593,202,6391,50000,50736,50723,392,392,-723
1500,150003200,150003402,150011574,8374,202,8172,50000,50723,50710,392,392,-710
1501,150103259,150103460,150109705,6446,201,6245,50000,50710,50697,392,392,-697
1502,150203311,150203512,150209743,6432,201,6231,50000,50697,50684,392,392,-684
1503,150303368,150303569,150309733,6365,201,6164,50000,50684,50671,392,392,-671
1504,150403421,150403621,150409747,6326,200,6126,50000,50671,50658,392,392,-658
1505,150503474,150503675,150509736,6262,201,6061,50000,50658,50645,392,392,-645
1506,150603527,150603728,150609741,6214,201,6013,50000,50645,50632,393,393,-632
1507,150703579,150703780,150709743,6164,201,5963,50000,50632,50620,393,393,-620
1508,150803632,150803833,150809747,6115,201,5914,50000,50620,50607,393,393,-607
1509,150903685,150903886,150909747,6062,201,5861,50000,50607,50595,393,393,-595
1510,151003737,151003937,151009740,6003,200,5803,50000,50595,50583,393,393,-583
1511,151103789,151103991,151109737,5948,202,5746,50000,50583,50570,393,393,-570
1512,151203841,151204043,151209746,5905,202,5703,50000,50570,50558,393,393,-558
1513,151303894,151304123,151309738,5844,229,5615,50000,50558,50546,393,393,-546
1514,151403946,151404175,151409736,5790,229,5561,50000,50546,50534,394,394,-534
1515,151503998,151504230,151509745,5747,232,5515,50000,50534,50522,394,394,-522
1516,151604051,151604272,151609736,5685,221,5464,50000,50522,50510,394,394,-510
1517,151704118,151704318,151709739,5621,200,5421,50000,50510,50499,394,394,-499
1518,151804170,151804371,151809743,5573,201,5372,50000,50499,50487,394,394,-487
1519,151904221,151904421,151909744,5523,200,5323,50000,50487,50475,394,394,-475
1520,152004273,152004473,152009741,5468,200,5268,50000,50475,50464,394,394,-464
1521,152104325,152104526,152109737,5412,201,5211,50000,50464,50452,394,394,-452
1522,152204377,152204578,152209766,5389,201,5188,50000,50452,50441,395,395,-441
1523,152304450,152304651,152309766,5316,201,5115,50000,50441,50430,395,395,-430
1524,152404501,152404702,152409754,5253,201,5052,50000,50430,50419,395,395,-419
1525,152504553,152504753,152509742,5189,200,4989,50000,50419,50408,395,395,-408
1526,152604604,152604805,152609740,5136,201,4935,50000,50408,50397,395,395,-397
1527,152704657,152704857,152709736,5079,200,4879,50000,50397,50386,395,395,-386
1528,152804708,152804909,152809747,5039,201,4838,50000,50386,50375,395,395,-375
1529,152904760,152904961,152909743,4983,201,4782,50000,50375,50364,395,395,-364
1530,153004812,153005013,153009738,4926,201,4725,50000,50364,50353,395,395,-353
1531,153104863,153105065,153109743,4880,202,4678,50000,50353,50342,395,395,-342
1532,153204916,153205116,153209744,4828,200,4628,50000,50342,50332,396,396,-332
1533,153304966,153305189,153309738,4772,223,4549,50000,50332,50321,396,396,-321
1534,153405018,153405220,153409739,4721,202,4519,50000,50321,50311,396,396,-311
1535,153505071,153505272,153509744,4673,201,4472,50000,50311,50301,396,396,-301
1536,153605123,153605323,153609740,4617,200,4417,50000,50301,50290,396,396,-290
1537,153705174,153705375,153709740,4566,201,4365,50000,50290,50280,396,396,-280
1538,153805227,153805428,153809745,4518,201,4317,50000,50280,50270,396,396,-270
1539,153905279,153905479,153909748,4469,200,4269,50000,50270,50259,396,396,-259
1540,154005331,154005532,154009744,4413,201,4212,50000,50259,50249,396,396,-249
1541,154105383,154105583,154109741,4358,200,4158,50000,50249,50239,396,396,-239
1542,154205435,154205635,154209740,4305,200,4105,50000,50239,50229,397,397,-229
1543,154305486,154305687,154309737,4251,201,4050,50000,50229,50220,397,397,-220
1544,154405538,154405739,154409750,4212,201,4011,50000,50220,50210,397,397,-210
1545,154505590,154505791,154509745,4155,201,3954,50000,50210,50200,397,397,-200
1546,154605640,154605841,154609741,4101,201,3900,50000,50200,50191,397,397,-191
1547,154705692,154705892,154709740,4048,200,3848,50000,50191,50181,397,397,-181
1548,154805744,154805945,154809741,3997,201,3796,50000,50181,50171,397,397,-171
1549,154905796,154905997,154909752,3956,201,3755,50000,50171,50162,397,397,-162
1550,155005848,155006049,155009745,3897,201,3696,50000,50162,50152,397,397,-152
1551,155105899,155106101,155109735,3836,202,3634,50000,50152,50143,397,397,-143
1552,155205952,155206152,155209745,3793,200,3593,50000,50143,50134,397,397,-134
1553,155306004,155306206,155309742,3738,202,3536,50000,50134,50124,397,397,-124
1554,155406055,155406257,155409739,3684,202,3482,50000,50124,50115,398,398,-115
1555,155506108,155506309,155509748,3640,201,3439,50000,50115,50106,398,398,-106
1556,155606160,155606361,155609745,3585,201,3384,50000,50106,50097,398,398,-97
1557,155706212,155706413,155709740,3528,201,3327,50000,50097,50088,398,398,-88
1558,155806264,155806464,155809735,3471,200,3271,50000,50088,50079,398,398,-79
1559,155906316,155906516,155909747,3431,200,3231,50000,50079,50070,398,398,-70
1560,156006367,156006568,156009743,3376,201,3175,50000,50070,50062,398,398,-62
1561,156106419,156106620,156109739,3320,201,3119,50000,50062,50053,398,398,-53
1562,156206472,156206671,156209746,3274,199,3075,50000,50053,50044,398,398,-44
1563,156306523,156306724,156309746,3223,201,3022,50000,50044,50035,398,398,-35
1564,156406575,156406775,156409740,3165,200,2965,50000,50035,50027,399,399,-27
1565,156506627,156506828,156509742,3115,201,2914,50000,50027,50018,399,399,-18
1566,156606679,156606879,156608733,2054,200,1854,50000,50018,50010,399,399,-10
1567,156706730,156706931,156708846,2116,201,1915,50000,50010,50002,399,399,-2
1568,156806783,156806983,156819006,12223,200,12023,50000,50002,49993,399,399,7
1569,156906834,156907034,156919125,12291,200,12091,50000,49993,49985,399,399,15
1570,157006885,157007086,157018727,11842,201,11641,50000,49985,49977,399,399,23
1571,157106936,157107137,157118822,11886,201,11685,50000,49977,49969,399,399,31
1572,157206988,157207190,157218848,11860,202,11658,50000,49969,49961,400,400,39
1573,157307059,157307259,157318913,11854,200,11654,50000,49961,49953,400,400,47
1574,157407112,157407313,157418966,11854,201,11653,50000,49953,49945,400,400,55
1575,157507164,157507365,157519029,11865,201,11664,50000,49945,49937,400,400,63
1576,157607219,157607419,157619081,11862,200,11662,50000,49937,49930,401,401,70
1577,157707293,157707493,157719179,11886,200,11686,50000,49930,49923,401,401,77
1578,157807345,157807546,157819209,11864,201,11663,50000,49923,49915,401,401,85
1579,157907416,157907616,157919275,11859,200,11659,50000,49915,49908,401,401,92
1580,158007470,158007691,158019339,11869,221,11648,50000,49908,49900,401,401,100
1581,158107524,158107749,158119394,11870,225,11645,50000,49900,49893,402,402,107
1582,158207598,158207821,158219460,11862,223,11639,50000,49893,49886,402,402,114
1583,158307653,158307870,158319538,11885,217,11668,50000,49886,49879,402,402,121
1584,158407715,158407916,158419580,11865,201,11664,50000,49879,49872,402,402,128
1585,158507785,158507985,158519642,11857,200,11657,50000,49872,49866,402,402,134
1586,158607839,158608040,158619705,11866,201,11665,50000,49866,49859,402,402,141
1587,158707894,158708093,158719740,11846,199,11647,50000,49859,49852,403,403,148
1588,158807945,158808145,158819757,11812,200,11612,50000,49852,49845,403,403,155
1589,158907997,158908197,158919739,11742,200,11542,50000,49845,49839,403,403,161
1590,159008048,159008249,159019763,11715,201,11514,50000,49839,49832,403,403,168
1591,159108118,159108319,159119741,11623,201,11422,50000,49832,49826,403,403,174
1592,159208170,159208370,159218713,10543,200,10343,50000,49826,49819,403,403,181
1593,159308222,159308422,159318816,10594,200,10394,50000,49819,49813,404,404,187
1594,159408274,159408475,159418859,10585,201,10384,50000,49813,49807,404,404,193
1595,159508329,159508530,159518916,10587,201,10386,50000,49807,49801,404,404,199
1596,159608402,159608603,159618978,10576,201,10375,50000,49801,49795,404,404,205
1597,159708475,159708676,159719077,10602,201,10401,50000,49795,49789,404,404,211
1598,159808527,159808728,159819120,10593,201,10392,50000,49789,49783,404,404,217
1599,159908581,159908782,159919179,10598,201,10397,50000,49783,49777,405,405,223
1600,160008656,160008857,160022534,13878,201,13677,50000,49777,49771,405,405,229
1601,160108713,160108915,160119218,10505,202,10303,50000,49771,49766,405,405,234
1602,160208767,160208968,160219318,10551,201,10350,50000,49766,49760,405,405,240
1603,160308820,160309021,160319369,10549,201,10348,50000,49760,49754,405,405,246
1604,160408873,160409072,160419429,10556,199,10357,50000,49754,49749,405,405,251
1605,160508960,160509160,160519500,10540,200,10340,50000,49749,49743,405,405,257
1606,160609033,160609234,160619559,10526,201,10325,50000,49743,49738,406,406,262
1607,160709108,160709308,160719623,10515,200,10315,50000,49738,49733,406,406,267
1608,160809164,160809364,160819686,10522,200,10322,50000,49733,49727,406,406,273
1609,160909221,160909423,160919743,10522,202,10320,50000,49727,49722,406,406,278
1610,161009295,161009496,161019758,10463,201,10262,50000,49722,49717,406,406,283
1611,161109349,161109549,161119760,10411,200,10211,50000,49717,49712,406,406,288
1612,161209402,161209603,161219718,10316,201,10115,50000,49712,49707,406,406,293
1613,161309456,161309658,161319739,10283,202,10081,50000,49707,49702,407,407,298
1614,161409509,161409709,161419741,10232,200,10032,50000,49702,49697,407,407,303
1615,161509563,161509763,161519742,10179,200,9979,50000,49697,49692,407,407,308
1616,161609617,161609817,161619733,10116,200,9916,50000,49692,49687,407,407,313
1617,161709669,161709902,161719745,10076,233,9843,50000,49687,49682,407,407,318
1618,161809722,161809958,161819744,10022,236,9786,50000,49682,49678,407,407,322
1619,161909776,161910008,161919740,9964,232,9732,50000,49678,49673,407,407,327
1620,162009829,162010056,162019737,9908,227,9681,50000,49673,49668,408,408,332
1621,162109896,162110096,162119745,9849,200,9649,50000,49668,49664,408,408,336
1622,162209949,162210150,162219745,9796,201,9595,50000,49664,49660,408,408,340
1623,162310001,162310201,162319740,9739,200,9539,50000,49660,49655,408,408,345
1624,162410052,162410254,162419755,9703,202,9501,50000,49655,49651,408,408,349
1625,162510105,162510306,162519758,9653,201,9452,50000,49651,49647,408,408,353
1626,162610156,162610359,162619754,9598,203,9395,50000,49647,49642,408,408,358
1627,162710208,162710409,162719744,9536,201,9335,50000,49642,49638,409,409,362
1628,162810259,162815365,162819741,9482,5106,4376,50000,49638,49634,409,409,366
1629,162910311,162910512,162919740,9429,201,9228,50000,49634,49630,409,409,370
1630,163010363,163010563,163019743,9380,200,9180,50000,49630,49626,409,409,374
1631,163110435,163110638,163119744,9309,203,9106,50000,49626,49622,409,409,378
1632,163210487,163210688,163219738,9251,201,9050,50000,49622,49618,409,409,382
1633,163310539,163310740,163319737,9198,201,8997,50000,49618,49614,409,409,386
1634,163410591,163410792,163419749,9158,201,8957,50000,49614,49610,409,409,390
1635,163510642,163510843,163519738,9096,201,8895,50000,49610,49606,409,409,394
1636,163610694,163610895,163619742,9048,201,8847,50000,49606,49602,409,409,398
1637,163710746,163710945,163719737,8991,199,8792,50000,49602,49599,409,409,401
1638,163810798,163810999,163819746,8948,201,8747,50000,49599,49595,409,409,405
1639,163910850,163911050,163919741,8891,200,8691,50000,49595,49591,410,410,409
1640,164010903,164011103,164019739,8836,200,8636,50000,49591,49587,410,410,413
1641,164110954,164111155,164119736,8782,201,8581,50000,49587,49584,410,410,416
1642,164211006,164211207,164219743,8737,201,8536,50000,49584,49580,410,410,420
1643,164311059,164311260,164319741,8682,201,8481,50000,49580,49577,410,410,423
1644,164411110,164411310,164419735,8625,200,8425,50000,49577,49573,410,410,427
1645,164511162,164511363,164519745,8583,201,8382,50000,49573,49570,410,410,430
1646,164611215,164611416,164619741,8526,201,8325,50000,49570,49566,410,410,434
1647,164711267,164711467,164719739,8472,200,8272,50000,49566,49563,411,411,437
1648,164811318,164811518,164819742,8424,200,8224,50000,49563,49560,411,411,440
1649,164911371,164911571,164919743,8372,200,8172,50000,49560,49557,411,411,443
1650,165011422,165011623,165019736,8314,201,8113,50000,49557,49554,411,411,446
1651,165111474,165111674,165119736,8262,200,8062,50000,49554,49551,411,411,449
1652,165211526,165211725,165219762,8236,199,8037,50000,49551,49547,411,411,453
1653,165311579,165311780,165319763,8184,201,7983,50000,49547,49544,411,411,456
1654,165411630,165411830,165419753,8123,200,7923,50000,49544,49541,411,411,459
1655,165511682,165511883,165519743,8061,201,7860,50000,49541,49538,411,411,462
1656,165611733,165611934,165619738,8005,201,7804,50000,49538,49535,411,411,465
1657,165711785,165711985,165719737,7952,200,7752,50000,49535,49532,411,411,468
1658,165811837,165812039,165819742,7905,202,7703,50000,49532,49529,411,411,471
1659,165911890,165912091,165919745,7855,201,7654,50000,49529,49526,411,411,474
1660,166011941,166012141,166019738,7797,200,7597,50000,49526,49523,411,411,477
1661,166111993,166112193,166119749,7756,200,7556,50000,49523,49520,412,412,480
1662,166212046,166212246,166219738,7692,200,7492,50000,49520,49517,412,412,483
1663,166312097,166312297,166319742,7645,200,7445,50000,49517,49515,412,412,485
1664,166412149,166412351,166419733,7584,202,7382,50000,49515,49512,412,412,488
1665,166512201,166512401,166519749,7548,200,7348,50000,49512,49509,412,412,491
1666,166612254,166612455,166619746,7492,201,7291,50000,49509,49507,412,412,493
1667,166712306,166712507,166719743,7437,201,7236,50000,49507,49504,412,412,496
1668,166812358,166812559,166819738,7380,201,7179,50000,49504,49501,412,412,499
1669,166912410,166912610,166919738,7328,200,7128,50000,49501,49499,412,412,501
1670,167012462,167012662,167019744,7282,200,7082,50000,49499,49496,412,412,504
1671,167112513,167112714,167119742,7229,201,7028,50000,49496,49493,412,412,507
1672,167212565,167212765,167219736,7171,200,6971,50000,49493,49491,412,412,509
1673,167312617,167312818,167319743,7126,201,6925,50000,49491,49488,412,412,512
1674,167412670,167412871,167419741,7071,201,6870,50000,49488,49486,413,413,514
1675,167512722,167512922,167519737,7015,200,6815,50000,49486,49484,413,413,516
1676,167612774,167612975,167619745,6971,201,6770,50000,49484,49481,413,413,519
1677,167712826,167713027,167719741,6915,201,6714,50000,49481,49479,413,413,521
1678,167812878,167813078,167819739,6861,200,6661,50000,49479,49477,413,413,523
1679,167912930,167913132,167919755,6825,202,6623,50000,49477,49475,413,413,525
1680,168012999,168013199,168019763,6764,200,6564,50000,49475,49472,413,413,528
1681,168113051,168113252,168119760,6709,201,6508,50000,49472,49470,413,413,530
1682,168213103,168213303,168219744,6641,200,6441,50000,49470,49468,413,413,532
1683,168313155,168313356,168319745,6590,201,6389,50000,49468,49466,413,413,534
1684,168413207,168413408,168419733,6526,201,6325,50000,49466,49463,413,413,537
1685,168513260,168513462,168519748,6488,202,6286,50000,49463,49461,413,413,539
1686,168613313,168613514,168619739,6426,201,6225,50000,49461,49459,413,413,541
1687,168713364,168713566,168719739,6375,202,6173,50000,49459,49457,413,413,543
1688,168813435,168813636,168819735,6300,201,6099,50000,49457,49455,413,413,545
1689,168913486,168913687,168919746,6260,201,6059,50000,49455,49452,413,413,548
1690,169013539,169013740,169019744,6205,201,6004,50000,49452,49450,414,414,550
1691,169113591,169113792,169119738,6147,201,5946,50000,49450,49449,414,414,551
1692,169213643,169213843,169219744,6101,200,5901,50000,49449,49446,413,413,554
1693,169313695,169313897,169319742,6047,202,5845,50000,49446,49445,414,414,555
1694,169413748,169413948,169419737,5989,200,5789,50000,49445,49443,414,414,557
1695,169513800,169514001,169519737,5937,201,5736,50000,49443,49441,414,414,559
1696,169613852,169614053,169619749,5897,201,5696,50000,49441,49439,414,414,561
1697,169713905,169714134,169719751,5846,229,5617,50000,49439,49437,414,414,563
1698,169813957,169814187,169819741,5784,230,5554,50000,49437,49435,414,414,565
1699,169914009,169914235,169919743,5734,226,5508,50000,49435,49434,414,414,566
1700,170014061,170014283,170021571,7510,222,7288,50000,49434,49432,414,414,568
1701,170114121,170114324,170119719,5598,203,5395,50000,49432,49430,414,414,570
1702,170214172,170214373,170219750,5578,201,5377,50000,49430,49428,414,414,572
1703,170314244,170314445,170319742,5498,201,5297,50000,49428,49426,414,414,574
1704,170414296,170414497,170419742,5446,201,5245,50000,49426,49425,414,414,575
1705,170514348,170514548,170519740,5392,200,5192,50000,49425,49423,414,414,577
1706,170614399,170614599,170619734,5335,200,5135,50000,49423,49421,414,414,579
1707,170714450,170714651,170719749,5299,201,5098,50000,49421,49419,414,414,581
1708,170814502,170814703,170819737,5235,201,5034,50000,49419,49417,414,414,583
1709,170914553,170914754,170919748,5195,201,4994,50000,49417,49416,414,414,584
1710,171014605,171014805,171019737,5132,200,4932,50000,49416,49414,414,414,586
1711,171114656,171114856,171119741,5085,200,4885,50000,49414,49412,414,414,588
1712,171214709,171214909,171219738,5029,200,4829,50000,49412,49411,415,415,589
1713,171314760,171314961,171319745,4985,201,4784,50000,49411,49409,414,414,591
1714,171414812,171415012,171419742,4930,200,4730,50000,49409,49408,415,415,592
1715,171514863,171515064,171519739,4876,201,4675,50000,49408,49406,415,415,594
1716,171614915,171615115,171619745,4830,200,4630,50000,49406,49405,415,415,595
1717,171714967,171715168,171719743,4776,201,4575,50000,49405,49403,415,415,597
1718,171815019,171815218,171819741,4722,199,4523,50000,49403,49402,415,415,598
1719,171915071,171915272,171919736,4665,201,4464,50000,49402,49401,415,415,599
1720,172015122,172015322,172019745,4623,200,4423,50000,49401,49399,415,415,601
1721,172115174,172115373,172119743,4569,199,4370,50000,49399,49398,415,415,602
1722,172215226,172215427,172219736,4510,201,4309,50000,49398,49396,415,415,604
1723,172315277,172315479,172319745,4468,202,4266,50000,49396,49395,415,415,605
1724,172415330,172415531,172419744,4414,201,4213,50000,49395,49394,415,415,606
1725,172515382,172515583,172519739,4357,201,4156,50000,49394,49392,415,415,608
1726,172615434,172615636,172619736,4302,202,4100,50000,49392,49391,415,415,609
1727,172715486,172715687,172719759,4273,201,4072,50000,49391,49389,415,415,611
1728,172815557,172815757,172819754,4197,200,3997,50000,49389,49388,415,415,612
1729,172915608,172915809,172919751,4143,201,3942,50000,49388,49387,415,415,613
1730,173015660,173015861,173019743,4083,201,3882,50000,49387,49385,415,415,615
1731,173115712,173115912,173119739,4027,200,3827,50000,49385,49384,415,415,616
1732,173215763,173215963,173219737,3974,200,3774,50000,49384,49383,415,415,617
1733,173315814,173316016,173319749,3935,202,3733,50000,49383,49381,415,415,619
1734,173415866,173416067,173419750,3884,201,3683,50000,49381,49380,415,415,620
1735,173515918,173516119,173519742,3824,201,3623,50000,49380,49379,415,415,621
1736,173615970,173616171,173619739,3769,201,3568,50000,49379,49377,415,415,623
1737,173716022,173716223,173719745,3723,201,3522,50000,49377,49376,416,416,624
1738,173816075,173816276,173819742,3667,201,3466,50000,49376,49375,416,416,625
1739,173916127,173916327,173919739,3612,200,3412,50000,49375,49374,416,416,626
1740,174016178,174016378,174019743,3565,200,3365,50000,49374,49373,416,416,627
1741,174116230,174116431,174119744,3514,201,3313,50000,49373,49372,416,416,628
1742,174216281,174216481,174219740,3459,200,3259,50000,49372,49371,416,416,629
1743,174316333,174316533,174319739,3406,200,3206,50000,49371,49370,416,416,630
1744,174416384,174416585,174419744,3360,201,3159,50000,49370,49369,416,416,631
1745,174516457,174516658,174519744,3287,201,3086,50000,49369,49368,416,416,632
1746,174616509,174616709,174619741,3232,200,3032,50000,49368,49367,416,416,633
1747,174716560,174716761,174719748,3188,201,2987,50000,49367,49366,416,416,634
1748,174816612,174816813,174819747,3135,201,2934,50000,49366,49365,416,416,635
1749,174916664,174916866,174918717,2053,202,1851,50000,49365,49364,416,416,636
1750,175016716,175016916,175018830,2114,200,1914,50000,49364,49363,416,416,637
1751,175116767,175116968,175128994,12227,201,12026,50000,49363,49362,416,416,638
1752,175216819,175217020,175229095,12276,201,12075,50000,49362,49361,416,416,639
1753,175316871,175317072,175329144,12273,201,12072,50000,49361,49360,416,416,640
1754,175416922,175417123,175428757,11835,201,11634,50000,49360,49360,416,416,640
1755,175516975,175517177,175528857,11882,202,11680,50000,49360,49359,416,416,641
1756,175617026,175617228,175628901,11875,202,11673,50000,49359,49358,416,416,642
1757,175717081,175717281,175728943,11862,200,11662,50000,49358,49357,416,416,643
1758,175817151,175817351,175829007,11856,200,11656,50000,49357,49356,416,416,644
1759,175917204,175917406,175929060,11856,202,11654,50000,49356,49355,416,416,645
1760,176017279,176017479,176029161,11882,200,11682,50000,49355,49354,416,416,646
1761,176117331,176117532,176129205,11874,201,11673,50000,49354,49353,416,416,647
1762,176217388,176222511,176229269,11881,5123,6758,50000,49353,49352,416,416,648
1763,176317442,176317644,176329276,11834,202,11632,50000,49352,49351,416,416,649
1764,176417495,176417723,176429367,11872,228,11644,50000,49351,49350,416,416,650
1765,176517546,176517772,176529445,11899,226,11673,50000,49350,49349,416,416,651
1766,176617609,176617830,176629493,11884,221,11663,50000,49349,49348,416,416,652
1767,176717693,176717894,176729553,11860,201,11659,50000,49348,49347,416,416,653
1768,176817766,176817966,176829622,11856,200,11656,50000,49347,49346,416,416,654
1769,176917819,176918019,176929682,11863,200,11663,50000,49346,49346,416,416,654
1770,177017893,177018095,177029736,11843,202,11641,50000,49346,49345,416,416,655
1771,177117966,177118167,177129745,11779,201,11578,50000,49345,49344,416,416,656
1772,177218018,177218219,177229758,11740,201,11539,50000,49344,49343,416,416,657
1773,177318071,177318271,177329757,11686,200,11486,50000,49343,49342,416,416,658
1774,177418122,177418323,177429738,11616,201,11415,50000,49342,49341,416,416,659
1775,177518174,177518375,177529744,11570,201,11369,50000,49341,49340,416,416,660
1776,177618262,177618464,177629742,11480,202,11278,50000,49340,49339,416,416,661
1777,177718314,177718514,177729740,11426,200,11226,50000,49339,49338,416,416,662
1778,177818366,177818567,177829742,11376,201,11175,50000,49338,49338,416,416,662
1779,177918418,177918619,177929743,11325,201,11124,50000,49338,49337,416,416,663
1780,178018470,178018671,178029738,11268,201,11067,50000,49337,49336,417,417,664
1781,178118521,178118721,178129737,11216,200,11016,50000,49336,49336,417,417,664
1782,178218573,178218775,178229759,11186,202,10984,50000,49336,49335,416,416,665
1783,178318644,178318844,178329760,11116,200,10916,50000,49335,49334,417,417,666
1784,178418697,178418898,178429753,11056,201,10855,50000,49334,49333,417,417,667
1785,178518751,178518952,178529741,10990,201,10789,50000,49333,49333,417,417,667
1786,178618803,178619005,178629740,10937,202,10735,50000,49333,49332,417,417,668
1787,178718857,178719058,178729737,10880,201,10679,50000,49332,49332,417,417,668
1788,178818910,178819111,178829746,10836,201,10635,50000,49332,49331,417,417,669
1789,178918964,178919166,178929742,10778,202,10576,50000,49331,49331,417,417,669
1790,179019017,179019219,179029737,10720,202,10518,50000,49331,49330,417,417,670
1791,179119071,179119271,179129749,10678,200,10478,50000,49330,49330,417,417,670
1792,179219124,179219327,179229739,10615,203,10412,50000,49330,49329,417,417,671
1793,179319177,179319379,179329738,10561,202,10359,50000,49329,49328,417,417,672
1794,179419230,179419431,179429741,10511,201,10310,50000,49328,49328,417,417,672
1795,179519283,179519485,179529737,10454,202,10252,50000,49328,49327,417,417,673
1796,179619336,179619536,179629744,10408,200,10208,50000,49327,49327,417,417,673
1797,179719390,179719591,179729740,10350,201,10149,50000,49327,49326,417,417,674
1798,179819443,179819643,179829736,10293,200,10093,50000,49326,49326,417,417,674
1799,179919497,179919699,179929745,10248,202,10046,50000,49326,49325,417,417,675
1800,180019550,180019750,180031595,12045,200,11845,50000,49325,49325,417,417,675
