workload,variant,commit,batch,run,write_ns,read_ns,sync_ns,dirty_sync_ns,clean_sync_ns,unmount_ns
sequential,baseline,3acc11385,0,0,6714047,6342889,19401,,,
sequential,baseline,3acc11385,0,1,6393967,6426383,25101,,,
sequential,baseline,3acc11385,0,2,6695514,6376389,18495,,,
sequential,baseline,3acc11385,0,3,6315649,6259652,18791,,,
sequential,baseline,3acc11385,0,4,6315789,6255437,18307,,,
sequential,baseline,3acc11385,0,5,6309866,5993108,17038,,,
sequential,baseline,3acc11385,0,6,6782125,6678823,18094,,,
sequential,baseline,3acc11385,0,7,6519783,6437546,18088,,,
sequential,baseline,3acc11385,0,8,6722379,6025026,18519,,,
sequential,baseline,3acc11385,0,9,6322907,6465088,16984,,,
sequential,baseline,3acc11385,0,10,6355165,6302038,17959,,,
sequential,baseline,3acc11385,0,11,6375472,6064391,18128,,,
sequential,baseline,3acc11385,0,12,6319618,6813086,18245,,,
sequential,baseline,3acc11385,0,13,6728979,8460131,18496,,,
sequential,baseline,3acc11385,0,14,7178784,8677399,18239,,,
sequential,baseline,3acc11385,0,15,6714099,7788147,18612,,,
sequential,baseline,3acc11385,0,16,6380119,8236484,18981,,,
sequential,baseline,3acc11385,0,17,6977282,8413765,20230,,,
sequential,baseline,3acc11385,0,18,7210088,8413666,40937,,,
sequential,baseline,3acc11385,0,19,7167064,8300081,18479,,,
sequential,implementation,9af7a5f36,0,0,6796603,7336630,19248,,,
sequential,implementation,9af7a5f36,0,1,6558796,9443427,26358,,,
sequential,implementation,9af7a5f36,0,2,6955527,7955156,21477,,,
sequential,implementation,9af7a5f36,0,3,7466683,6325452,19448,,,
sequential,implementation,9af7a5f36,0,4,6465791,7044264,19095,,,
sequential,implementation,9af7a5f36,0,5,6322567,5999494,18128,,,
sequential,implementation,9af7a5f36,0,6,6314712,6034264,19152,,,
sequential,implementation,9af7a5f36,0,7,6327285,6743923,18204,,,
sequential,implementation,9af7a5f36,0,8,6977125,6927010,18939,,,
sequential,implementation,9af7a5f36,0,9,6425682,6684614,18123,,,
sequential,implementation,9af7a5f36,0,10,6481652,8568775,36013,,,
sequential,implementation,9af7a5f36,0,11,6836357,7254851,19070,,,
sequential,implementation,9af7a5f36,0,12,6566737,7479641,18993,,,
sequential,implementation,9af7a5f36,0,13,6376105,7206612,19357,,,
sequential,implementation,9af7a5f36,0,14,6506162,7309474,19802,,,
sequential,implementation,9af7a5f36,0,15,7070785,7531150,19121,,,
sequential,implementation,9af7a5f36,0,16,6948405,7840322,25454,,,
sequential,implementation,9af7a5f36,0,17,7063396,6730741,19658,,,
sequential,implementation,9af7a5f36,0,18,6700928,6378324,18141,,,
sequential,implementation,9af7a5f36,0,19,7397238,7144766,18621,,,
sync-cycle,baseline,3acc11385,0,0,,,,10937,263,6816
sync-cycle,baseline,3acc11385,0,1,,,,10127,263,7057
sync-cycle,baseline,3acc11385,0,2,,,,9070,237,5851
sync-cycle,baseline,3acc11385,0,3,,,,8525,200,6346
sync-cycle,baseline,3acc11385,0,4,,,,8592,193,5988
sync-cycle,baseline,3acc11385,0,5,,,,7956,172,5316
sync-cycle,baseline,3acc11385,0,6,,,,10386,207,7007
sync-cycle,baseline,3acc11385,0,7,,,,25974,261,6844
sync-cycle,baseline,3acc11385,0,8,,,,9801,253,6336
sync-cycle,baseline,3acc11385,0,9,,,,8993,223,6093
sync-cycle,baseline,3acc11385,0,10,,,,8500,225,5584
sync-cycle,baseline,3acc11385,0,11,,,,9722,273,7136
sync-cycle,baseline,3acc11385,0,12,,,,9459,197,6547
sync-cycle,baseline,3acc11385,0,13,,,,10607,214,6193
sync-cycle,baseline,3acc11385,0,14,,,,9184,243,6235
sync-cycle,baseline,3acc11385,0,15,,,,9922,297,6383
sync-cycle,baseline,3acc11385,0,16,,,,7985,215,5523
sync-cycle,baseline,3acc11385,0,17,,,,7968,263,5766
sync-cycle,baseline,3acc11385,0,18,,,,8186,168,5873
sync-cycle,baseline,3acc11385,0,19,,,,8750,264,5781
sync-cycle,implementation,9af7a5f36,0,0,,,,9983,197,6576
sync-cycle,implementation,9af7a5f36,0,1,,,,11441,225,6918
sync-cycle,implementation,9af7a5f36,0,2,,,,8825,232,5669
sync-cycle,implementation,9af7a5f36,0,3,,,,9114,310,6300
sync-cycle,implementation,9af7a5f36,0,4,,,,9160,239,6654
sync-cycle,implementation,9af7a5f36,0,5,,,,9384,214,6386
sync-cycle,implementation,9af7a5f36,0,6,,,,9459,199,6096
sync-cycle,implementation,9af7a5f36,0,7,,,,12223,200,7887
sync-cycle,implementation,9af7a5f36,0,8,,,,11310,228,8095
sync-cycle,implementation,9af7a5f36,0,9,,,,11475,213,7513
sync-cycle,implementation,9af7a5f36,0,10,,,,12295,184,7785
sync-cycle,implementation,9af7a5f36,0,11,,,,12054,187,7888
sync-cycle,implementation,9af7a5f36,0,12,,,,13678,313,9128
sync-cycle,implementation,9af7a5f36,0,13,,,,11434,211,7464
sync-cycle,implementation,9af7a5f36,0,14,,,,11856,248,7997
sync-cycle,implementation,9af7a5f36,0,15,,,,12243,334,8968
sync-cycle,implementation,9af7a5f36,0,16,,,,11724,282,8370
sync-cycle,implementation,9af7a5f36,0,17,,,,9653,214,7340
sync-cycle,implementation,9af7a5f36,0,18,,,,10461,271,7221
sync-cycle,implementation,9af7a5f36,0,19,,,,10213,244,6881
sequential,implementation,9af7a5f36,1,0,7078310,7777413,18685,,,
sequential,implementation,9af7a5f36,1,1,7361868,7913556,38462,,,
sequential,implementation,9af7a5f36,1,2,7315008,8417201,17906,,,
sequential,implementation,9af7a5f36,1,3,6999108,7420488,22144,,,
sequential,implementation,9af7a5f36,1,4,6875282,7015951,20927,,,
sequential,implementation,9af7a5f36,1,5,6991468,7583744,18467,,,
sequential,implementation,9af7a5f36,1,6,6963028,7703712,26712,,,
sequential,implementation,9af7a5f36,1,7,7260020,6857779,18505,,,
sequential,implementation,9af7a5f36,1,8,7152628,6324485,20839,,,
sequential,implementation,9af7a5f36,1,9,6526834,6997856,18467,,,
sequential,implementation,9af7a5f36,1,10,6739061,7591952,19383,,,
sequential,implementation,9af7a5f36,1,11,6422854,7604706,19870,,,
sequential,implementation,9af7a5f36,1,12,6716531,6892573,19108,,,
sequential,implementation,9af7a5f36,1,13,6371246,8171688,19159,,,
sequential,implementation,9af7a5f36,1,14,6976028,6787510,20802,,,
sequential,implementation,9af7a5f36,1,15,6371294,7236235,18425,,,
sequential,implementation,9af7a5f36,1,16,7267392,8039485,19058,,,
sequential,implementation,9af7a5f36,1,17,6507208,7755485,19122,,,
sequential,implementation,9af7a5f36,1,18,7347430,8447325,19362,,,
sequential,implementation,9af7a5f36,1,19,7351290,8798415,25559,,,
sequential,baseline,3acc11385,1,0,6712512,8351791,18975,,,
sequential,baseline,3acc11385,1,1,6930380,7013290,18674,,,
sequential,baseline,3acc11385,1,2,6836668,7177607,18908,,,
sequential,baseline,3acc11385,1,3,6421589,6432870,17876,,,
sequential,baseline,3acc11385,1,4,6644627,6317551,18220,,,
sequential,baseline,3acc11385,1,5,6718259,6162821,18874,,,
sequential,baseline,3acc11385,1,6,6559449,7413564,55092,,,
sequential,baseline,3acc11385,1,7,6679935,7514367,18562,,,
sequential,baseline,3acc11385,1,8,6397789,7220906,19131,,,
sequential,baseline,3acc11385,1,9,6602754,8309419,19186,,,
sequential,baseline,3acc11385,1,10,7247391,9493461,26215,,,
sequential,baseline,3acc11385,1,11,6875356,7937107,19537,,,
sequential,baseline,3acc11385,1,12,7728376,9560151,21140,,,
sequential,baseline,3acc11385,1,13,7231609,8327419,28240,,,
sequential,baseline,3acc11385,1,14,6853060,8046387,19431,,,
sequential,baseline,3acc11385,1,15,7312802,7526434,24833,,,
sequential,baseline,3acc11385,1,16,6966968,6628628,19240,,,
sequential,baseline,3acc11385,1,17,6627557,6847877,19291,,,
sequential,baseline,3acc11385,1,18,7088962,7507127,37259,,,
sequential,baseline,3acc11385,1,19,7261905,9088140,20297,,,
sync-cycle,implementation,9af7a5f36,1,0,,,,12881,302,8261
sync-cycle,implementation,9af7a5f36,1,1,,,,12558,296,8171
sync-cycle,implementation,9af7a5f36,1,2,,,,13088,275,9575
sync-cycle,implementation,9af7a5f36,1,3,,,,11042,312,7542
sync-cycle,implementation,9af7a5f36,1,4,,,,10537,303,7477
sync-cycle,implementation,9af7a5f36,1,5,,,,10054,253,7043
sync-cycle,implementation,9af7a5f36,1,6,,,,9344,245,6404
sync-cycle,implementation,9af7a5f36,1,7,,,,10431,265,6962
sync-cycle,implementation,9af7a5f36,1,8,,,,8892,265,6247
sync-cycle,implementation,9af7a5f36,1,9,,,,7866,282,5559
sync-cycle,implementation,9af7a5f36,1,10,,,,8748,520,5637
sync-cycle,implementation,9af7a5f36,1,11,,,,9000,303,6284
sync-cycle,implementation,9af7a5f36,1,12,,,,28613,307,6531
sync-cycle,implementation,9af7a5f36,1,13,,,,9227,224,6132
sync-cycle,implementation,9af7a5f36,1,14,,,,9576,277,6862
sync-cycle,implementation,9af7a5f36,1,15,,,,9231,283,7260
sync-cycle,implementation,9af7a5f36,1,16,,,,10072,204,7045
sync-cycle,implementation,9af7a5f36,1,17,,,,8836,281,6128
sync-cycle,implementation,9af7a5f36,1,18,,,,9719,233,6387
sync-cycle,implementation,9af7a5f36,1,19,,,,10001,303,6577
sync-cycle,baseline,3acc11385,1,0,,,,10307,370,7041
sync-cycle,baseline,3acc11385,1,1,,,,11683,266,22100
sync-cycle,baseline,3acc11385,1,2,,,,10146,287,24914
sync-cycle,baseline,3acc11385,1,3,,,,11666,265,7177
sync-cycle,baseline,3acc11385,1,4,,,,10009,345,6894
sync-cycle,baseline,3acc11385,1,5,,,,8937,253,5931
sync-cycle,baseline,3acc11385,1,6,,,,11026,314,6639
sync-cycle,baseline,3acc11385,1,7,,,,9895,635,6033
sync-cycle,baseline,3acc11385,1,8,,,,9249,245,6039
sync-cycle,baseline,3acc11385,1,9,,,,9983,265,6528
sync-cycle,baseline,3acc11385,1,10,,,,10233,251,6170
sync-cycle,baseline,3acc11385,1,11,,,,10010,289,6930
sync-cycle,baseline,3acc11385,1,12,,,,9060,235,6200
sync-cycle,baseline,3acc11385,1,13,,,,9053,216,5930
sync-cycle,baseline,3acc11385,1,14,,,,11394,230,7307
sync-cycle,baseline,3acc11385,1,15,,,,9532,212,6635
sync-cycle,baseline,3acc11385,1,16,,,,11481,226,7312
sync-cycle,baseline,3acc11385,1,17,,,,13234,290,10003
sync-cycle,baseline,3acc11385,1,18,,,,12324,290,24826
sync-cycle,baseline,3acc11385,1,19,,,,14167,472,10816
sequential,baseline,3acc11385,2,0,7541101,8464744,19615,,,
sequential,baseline,3acc11385,2,1,7262601,7092256,19035,,,
sequential,baseline,3acc11385,2,2,7354742,10775027,27469,,,
sequential,baseline,3acc11385,2,3,6994898,7593449,18732,,,
sequential,baseline,3acc11385,2,4,6645501,8894485,22190,,,
sequential,baseline,3acc11385,2,5,8369283,8022074,19401,,,
sequential,baseline,3acc11385,2,6,7366895,7079423,18331,,,
sequential,baseline,3acc11385,2,7,7016184,6495427,18707,,,
sequential,baseline,3acc11385,2,8,6696493,6364672,18798,,,
sequential,baseline,3acc11385,2,9,6476366,10200910,25622,,,
sequential,baseline,3acc11385,2,10,8248749,8429959,20717,,,
sequential,baseline,3acc11385,2,11,7084541,7544326,19045,,,
sequential,baseline,3acc11385,2,12,7832926,10005597,28154,,,
sequential,baseline,3acc11385,2,13,6461483,7823236,39698,,,
sequential,baseline,3acc11385,2,14,7118151,8867103,27011,,,
sequential,baseline,3acc11385,2,15,8238202,7884510,21648,,,
sequential,baseline,3acc11385,2,16,7011385,7255513,41460,,,
sequential,baseline,3acc11385,2,17,8177247,10963523,26394,,,
sequential,baseline,3acc11385,2,18,6633820,8755799,20781,,,
sequential,baseline,3acc11385,2,19,7487399,8702831,20669,,,
sequential,implementation,9af7a5f36,2,0,6489776,7473303,18763,,,
sequential,implementation,9af7a5f36,2,1,6525679,7550844,19047,,,
sequential,implementation,9af7a5f36,2,2,6433801,6748029,18765,,,
sequential,implementation,9af7a5f36,2,3,6481071,7833394,20078,,,
sequential,implementation,9af7a5f36,2,4,6567172,7428878,19951,,,
sequential,implementation,9af7a5f36,2,5,7033341,7412404,18678,,,
sequential,implementation,9af7a5f36,2,6,7412680,9530725,34373,,,
sequential,implementation,9af7a5f36,2,7,6784370,7018224,20781,,,
sequential,implementation,9af7a5f36,2,8,7166956,7105548,19990,,,
sequential,implementation,9af7a5f36,2,9,7111781,7187126,55356,,,
sequential,implementation,9af7a5f36,2,10,6362139,7609270,19747,,,
sequential,implementation,9af7a5f36,2,11,7098346,7971759,19225,,,
sequential,implementation,9af7a5f36,2,12,6898338,7300087,55126,,,
sequential,implementation,9af7a5f36,2,13,7127240,7241263,19068,,,
sequential,implementation,9af7a5f36,2,14,6801676,6445903,19191,,,
sequential,implementation,9af7a5f36,2,15,6568868,7253119,18291,,,
sequential,implementation,9af7a5f36,2,16,6610630,7454510,19688,,,
sequential,implementation,9af7a5f36,2,17,6804624,7345518,19335,,,
sequential,implementation,9af7a5f36,2,18,6359461,7052506,19683,,,
sequential,implementation,9af7a5f36,2,19,6698017,6946731,19860,,,
sync-cycle,baseline,3acc11385,2,0,,,,13464,341,8456
sync-cycle,baseline,3acc11385,2,1,,,,13501,345,8512
sync-cycle,baseline,3acc11385,2,2,,,,13213,311,8444
sync-cycle,baseline,3acc11385,2,3,,,,12617,297,8121
sync-cycle,baseline,3acc11385,2,4,,,,9978,278,6761
sync-cycle,baseline,3acc11385,2,5,,,,9684,264,6099
sync-cycle,baseline,3acc11385,2,6,,,,9306,209,6275
sync-cycle,baseline,3acc11385,2,7,,,,9132,277,5717
sync-cycle,baseline,3acc11385,2,8,,,,10109,252,7027
sync-cycle,baseline,3acc11385,2,9,,,,8269,288,5538
sync-cycle,baseline,3acc11385,2,10,,,,8369,295,5693
sync-cycle,baseline,3acc11385,2,11,,,,8744,265,5580
sync-cycle,baseline,3acc11385,2,12,,,,8574,290,5805
sync-cycle,baseline,3acc11385,2,13,,,,24657,313,5526
sync-cycle,baseline,3acc11385,2,14,,,,10184,256,6940
sync-cycle,baseline,3acc11385,2,15,,,,11402,335,7896
sync-cycle,baseline,3acc11385,2,16,,,,10731,317,6286
sync-cycle,baseline,3acc11385,2,17,,,,10851,286,7531
sync-cycle,baseline,3acc11385,2,18,,,,29423,383,7467
sync-cycle,baseline,3acc11385,2,19,,,,9038,580,5550
sync-cycle,implementation,9af7a5f36,2,0,,,,11370,297,8125
sync-cycle,implementation,9af7a5f36,2,1,,,,9637,246,6634
sync-cycle,implementation,9af7a5f36,2,2,,,,11837,361,7232
sync-cycle,implementation,9af7a5f36,2,3,,,,9210,228,6403
sync-cycle,implementation,9af7a5f36,2,4,,,,9527,334,6797
sync-cycle,implementation,9af7a5f36,2,5,,,,8605,289,5939
sync-cycle,implementation,9af7a5f36,2,6,,,,10483,279,6821
sync-cycle,implementation,9af7a5f36,2,7,,,,10887,324,7422
sync-cycle,implementation,9af7a5f36,2,8,,,,9154,268,6952
sync-cycle,implementation,9af7a5f36,2,9,,,,8726,318,5860
sync-cycle,implementation,9af7a5f36,2,10,,,,8007,220,5400
sync-cycle,implementation,9af7a5f36,2,11,,,,8861,283,6248
sync-cycle,implementation,9af7a5f36,2,12,,,,9382,315,6806
sync-cycle,implementation,9af7a5f36,2,13,,,,8708,221,5912
sync-cycle,implementation,9af7a5f36,2,14,,,,10469,250,7495
sync-cycle,implementation,9af7a5f36,2,15,,,,10280,214,6950
sync-cycle,implementation,9af7a5f36,2,16,,,,12710,266,7919
sync-cycle,implementation,9af7a5f36,2,17,,,,12710,695,8031
sync-cycle,implementation,9af7a5f36,2,18,,,,11236,360,8210
sync-cycle,implementation,9af7a5f36,2,19,,,,11148,341,8215
sequential,implementation,9af7a5f36,3,0,7065903,9017853,23018,,,
sequential,implementation,9af7a5f36,3,1,7310630,7938379,19442,,,
sequential,implementation,9af7a5f36,3,2,7294262,8313720,20443,,,
sequential,implementation,9af7a5f36,3,3,7103398,7781767,20313,,,
sequential,implementation,9af7a5f36,3,4,6787530,8010665,21170,,,
sequential,implementation,9af7a5f36,3,5,6710660,7641682,19648,,,
sequential,implementation,9af7a5f36,3,6,6338107,8416596,20657,,,
sequential,implementation,9af7a5f36,3,7,7103506,8294226,19987,,,
sequential,implementation,9af7a5f36,3,8,6751725,7906838,19138,,,
sequential,implementation,9af7a5f36,3,9,6986034,7965573,18801,,,
sequential,implementation,9af7a5f36,3,10,6665391,7036447,19803,,,
sequential,implementation,9af7a5f36,3,11,7001502,7524769,19181,,,
sequential,implementation,9af7a5f36,3,12,6902085,8105066,21521,,,
sequential,implementation,9af7a5f36,3,13,7658779,7893678,20453,,,
sequential,implementation,9af7a5f36,3,14,6991728,6949922,19262,,,
sequential,implementation,9af7a5f36,3,15,8173728,8800678,20576,,,
sequential,implementation,9af7a5f36,3,16,6824970,7578435,20281,,,
sequential,implementation,9af7a5f36,3,17,7074912,9504271,22373,,,
sequential,implementation,9af7a5f36,3,18,6769324,8575339,25630,,,
sequential,implementation,9af7a5f36,3,19,7162195,8478226,26962,,,
sequential,baseline,3acc11385,3,0,6807874,6772044,19484,,,
sequential,baseline,3acc11385,3,1,6718701,6996941,21545,,,
sequential,baseline,3acc11385,3,2,6772152,7023480,17495,,,
sequential,baseline,3acc11385,3,3,7091681,7595953,19358,,,
sequential,baseline,3acc11385,3,4,7078614,7527680,18389,,,
sequential,baseline,3acc11385,3,5,7125684,8076650,36696,,,
sequential,baseline,3acc11385,3,6,6731635,8369456,19839,,,
sequential,baseline,3acc11385,3,7,6591015,7019118,18773,,,
sequential,baseline,3acc11385,3,8,6500634,7333924,19611,,,
sequential,baseline,3acc11385,3,9,6341228,7131288,18578,,,
sequential,baseline,3acc11385,3,10,6523909,6893175,18949,,,
sequential,baseline,3acc11385,3,11,7134344,7051731,19200,,,
sequential,baseline,3acc11385,3,12,6989272,8259341,36472,,,
sequential,baseline,3acc11385,3,13,6609505,7097741,18008,,,
sequential,baseline,3acc11385,3,14,6902802,7483276,19339,,,
sequential,baseline,3acc11385,3,15,7334248,8863685,20778,,,
sequential,baseline,3acc11385,3,16,7179093,8942473,19688,,,
sequential,baseline,3acc11385,3,17,6781630,7827041,18136,,,
sequential,baseline,3acc11385,3,18,7637987,8555679,19317,,,
sequential,baseline,3acc11385,3,19,6807762,8251700,18813,,,
sync-cycle,implementation,9af7a5f36,3,0,,,,18678,514,13058
sync-cycle,implementation,9af7a5f36,3,1,,,,12797,265,8082
sync-cycle,implementation,9af7a5f36,3,2,,,,13708,345,8512
sync-cycle,implementation,9af7a5f36,3,3,,,,13741,311,8629
sync-cycle,implementation,9af7a5f36,3,4,,,,13398,325,8784
sync-cycle,implementation,9af7a5f36,3,5,,,,12664,279,8044
sync-cycle,implementation,9af7a5f36,3,6,,,,11640,268,8117
sync-cycle,implementation,9af7a5f36,3,7,,,,10916,200,7378
sync-cycle,implementation,9af7a5f36,3,8,,,,10907,225,7618
sync-cycle,implementation,9af7a5f36,3,9,,,,12325,246,8926
sync-cycle,implementation,9af7a5f36,3,10,,,,12232,211,8556
sync-cycle,implementation,9af7a5f36,3,11,,,,10848,209,7375
sync-cycle,implementation,9af7a5f36,3,12,,,,8265,260,6460
sync-cycle,implementation,9af7a5f36,3,13,,,,10256,298,6690
sync-cycle,implementation,9af7a5f36,3,14,,,,14098,290,7277
sync-cycle,implementation,9af7a5f36,3,15,,,,11609,346,7842
sync-cycle,implementation,9af7a5f36,3,16,,,,12304,607,8370
sync-cycle,implementation,9af7a5f36,3,17,,,,12884,294,8289
sync-cycle,implementation,9af7a5f36,3,18,,,,12054,290,8699
sync-cycle,implementation,9af7a5f36,3,19,,,,11644,218,7414
sync-cycle,baseline,3acc11385,3,0,,,,10115,253,6481
sync-cycle,baseline,3acc11385,3,1,,,,11324,308,7579
sync-cycle,baseline,3acc11385,3,2,,,,11040,257,7753
sync-cycle,baseline,3acc11385,3,3,,,,11584,298,7807
sync-cycle,baseline,3acc11385,3,4,,,,11000,519,7483
sync-cycle,baseline,3acc11385,3,5,,,,12344,288,7288
sync-cycle,baseline,3acc11385,3,6,,,,10712,253,6484
sync-cycle,baseline,3acc11385,3,7,,,,10850,246,6590
sync-cycle,baseline,3acc11385,3,8,,,,11085,282,7380
sync-cycle,baseline,3acc11385,3,9,,,,9660,207,6609
sync-cycle,baseline,3acc11385,3,10,,,,10400,286,6592
sync-cycle,baseline,3acc11385,3,11,,,,10551,237,7025
sync-cycle,baseline,3acc11385,3,12,,,,9621,406,6496
sync-cycle,baseline,3acc11385,3,13,,,,10362,229,6173
sync-cycle,baseline,3acc11385,3,14,,,,9136,246,5824
sync-cycle,baseline,3acc11385,3,15,,,,9556,234,6737
sync-cycle,baseline,3acc11385,3,16,,,,8452,224,5736
sync-cycle,baseline,3acc11385,3,17,,,,11620,267,7554
sync-cycle,baseline,3acc11385,3,18,,,,11542,250,7864
sync-cycle,baseline,3acc11385,3,19,,,,9765,233,6792
sequential,baseline,3acc11385,4,0,6649115,6655628,18455,,,
sequential,baseline,3acc11385,4,1,6385051,7303586,19373,,,
sequential,baseline,3acc11385,4,2,6763633,7252730,19277,,,
sequential,baseline,3acc11385,4,3,6869429,8605501,20119,,,
sequential,baseline,3acc11385,4,4,6648474,7552376,19540,,,
sequential,baseline,3acc11385,4,5,6666234,7255874,19065,,,
sequential,baseline,3acc11385,4,6,6544873,7326119,19160,,,
sequential,baseline,3acc11385,4,7,6656360,8682311,20352,,,
sequential,baseline,3acc11385,4,8,7335825,8672845,21231,,,
sequential,baseline,3acc11385,4,9,7567368,8896945,37538,,,
sequential,baseline,3acc11385,4,10,6847423,8167187,18320,,,
sequential,baseline,3acc11385,4,11,7379657,8690613,49262,,,
sequential,baseline,3acc11385,4,12,6817998,7818847,20013,,,
sequential,baseline,3acc11385,4,13,7213431,7678657,20077,,,
sequential,baseline,3acc11385,4,14,6585820,7010094,18328,,,
sequential,baseline,3acc11385,4,15,7390341,7878736,19723,,,
sequential,baseline,3acc11385,4,16,6877220,7741718,19586,,,
sequential,baseline,3acc11385,4,17,6815072,8045925,22433,,,
sequential,baseline,3acc11385,4,18,7302316,7478719,18905,,,
sequential,baseline,3acc11385,4,19,7409094,7594961,20257,,,
sequential,implementation,9af7a5f36,4,0,7128810,7924054,19743,,,
sequential,implementation,9af7a5f36,4,1,6917391,7709082,21101,,,
sequential,implementation,9af7a5f36,4,2,6880675,7417150,19315,,,
sequential,implementation,9af7a5f36,4,3,6486095,7991932,20589,,,
sequential,implementation,9af7a5f36,4,4,7121087,8375805,19440,,,
sequential,implementation,9af7a5f36,4,5,7930100,7676563,20343,,,
sequential,implementation,9af7a5f36,4,6,7107416,7644961,19832,,,
sequential,implementation,9af7a5f36,4,7,6776639,8532382,20360,,,
sequential,implementation,9af7a5f36,4,8,6938076,7784692,19141,,,
sequential,implementation,9af7a5f36,4,9,6621273,8364432,20453,,,
sequential,implementation,9af7a5f36,4,10,6967192,7519193,19891,,,
sequential,implementation,9af7a5f36,4,11,6893123,7953632,20439,,,
sequential,implementation,9af7a5f36,4,12,6575833,7887955,20006,,,
sequential,implementation,9af7a5f36,4,13,6890630,7865159,19676,,,
sequential,implementation,9af7a5f36,4,14,6860422,8767474,19490,,,
sequential,implementation,9af7a5f36,4,15,7378254,7195578,20626,,,
sequential,implementation,9af7a5f36,4,16,7178069,8030755,20324,,,
sequential,implementation,9af7a5f36,4,17,7387498,6820708,19385,,,
sequential,implementation,9af7a5f36,4,18,6574061,7143068,20828,,,
sequential,implementation,9af7a5f36,4,19,6501854,6691815,19275,,,
sync-cycle,baseline,3acc11385,4,0,,,,10209,234,6806
sync-cycle,baseline,3acc11385,4,1,,,,12683,294,8209
sync-cycle,baseline,3acc11385,4,2,,,,11140,266,7044
sync-cycle,baseline,3acc11385,4,3,,,,9156,253,5889
sync-cycle,baseline,3acc11385,4,4,,,,11165,301,7570
sync-cycle,baseline,3acc11385,4,5,,,,10816,221,7010
sync-cycle,baseline,3acc11385,4,6,,,,9754,225,6485
sync-cycle,baseline,3acc11385,4,7,,,,9856,231,6571
sync-cycle,baseline,3acc11385,4,8,,,,11102,196,7181
sync-cycle,baseline,3acc11385,4,9,,,,10315,313,6836
sync-cycle,baseline,3acc11385,4,10,,,,8828,204,6256
sync-cycle,baseline,3acc11385,4,11,,,,10203,202,7192
sync-cycle,baseline,3acc11385,4,12,,,,8846,215,6296
sync-cycle,baseline,3acc11385,4,13,,,,9065,237,5837
sync-cycle,baseline,3acc11385,4,14,,,,8078,205,5683
sync-cycle,baseline,3acc11385,4,15,,,,8564,221,6348
sync-cycle,baseline,3acc11385,4,16,,,,10356,233,6720
sync-cycle,baseline,3acc11385,4,17,,,,9861,222,6420
sync-cycle,baseline,3acc11385,4,18,,,,9449,204,6466
sync-cycle,baseline,3acc11385,4,19,,,,9224,284,6166
sync-cycle,implementation,9af7a5f36,4,0,,,,8601,291,6555
sync-cycle,implementation,9af7a5f36,4,1,,,,7897,263,5910
sync-cycle,implementation,9af7a5f36,4,2,,,,8356,263,5773
sync-cycle,implementation,9af7a5f36,4,3,,,,26192,315,6739
sync-cycle,implementation,9af7a5f36,4,4,,,,9521,294,7212
sync-cycle,implementation,9af7a5f36,4,5,,,,26809,291,7326
sync-cycle,implementation,9af7a5f36,4,6,,,,10449,582,6784
sync-cycle,implementation,9af7a5f36,4,7,,,,10248,282,6694
sync-cycle,implementation,9af7a5f36,4,8,,,,10844,282,7942
sync-cycle,implementation,9af7a5f36,4,9,,,,10672,307,7420
sync-cycle,implementation,9af7a5f36,4,10,,,,9898,266,7188
sync-cycle,implementation,9af7a5f36,4,11,,,,11459,275,8249
sync-cycle,implementation,9af7a5f36,4,12,,,,11637,268,8692
sync-cycle,implementation,9af7a5f36,4,13,,,,10866,216,7466
sync-cycle,implementation,9af7a5f36,4,14,,,,9023,265,6550
sync-cycle,implementation,9af7a5f36,4,15,,,,14818,482,27386
sync-cycle,implementation,9af7a5f36,4,16,,,,9352,204,6133
sync-cycle,implementation,9af7a5f36,4,17,,,,8758,267,5924
sync-cycle,implementation,9af7a5f36,4,18,,,,10624,211,7223
sync-cycle,implementation,9af7a5f36,4,19,,,,12757,245,7772
sequential,implementation,9af7a5f36,5,0,6917943,8125588,21398,,,
sequential,implementation,9af7a5f36,5,1,7039072,7581590,18714,,,
sequential,implementation,9af7a5f36,5,2,6454323,7918112,19160,,,
sequential,implementation,9af7a5f36,5,3,7001463,7694959,19126,,,
sequential,implementation,9af7a5f36,5,4,6755473,7664277,19444,,,
sequential,implementation,9af7a5f36,5,5,7094250,8474773,19591,,,
sequential,implementation,9af7a5f36,5,6,7015102,8178956,19481,,,
sequential,implementation,9af7a5f36,5,7,6877673,8342502,20973,,,
sequential,implementation,9af7a5f36,5,8,7083332,7523818,26299,,,
sequential,implementation,9af7a5f36,5,9,6675057,7590889,20885,,,
sequential,implementation,9af7a5f36,5,10,6460753,7890293,19168,,,
sequential,implementation,9af7a5f36,5,11,7116186,8146972,21183,,,
sequential,implementation,9af7a5f36,5,12,6806837,8115604,19398,,,
sequential,implementation,9af7a5f36,5,13,7137639,8323227,19709,,,
sequential,implementation,9af7a5f36,5,14,7218376,8518243,21927,,,
sequential,implementation,9af7a5f36,5,15,6660435,9893064,21108,,,
sequential,implementation,9af7a5f36,5,16,7357621,8812726,19054,,,
sequential,implementation,9af7a5f36,5,17,7038696,7857439,25985,,,
sequential,implementation,9af7a5f36,5,18,7421989,8443636,20430,,,
sequential,implementation,9af7a5f36,5,19,7014227,8217622,19159,,,
sequential,baseline,3acc11385,5,0,7264633,8331810,19923,,,
sequential,baseline,3acc11385,5,1,7051123,6973439,18658,,,
sequential,baseline,3acc11385,5,2,7012938,6491307,18517,,,
sequential,baseline,3acc11385,5,3,6725100,6800829,18484,,,
sequential,baseline,3acc11385,5,4,7407819,7742141,19423,,,
sequential,baseline,3acc11385,5,5,6950659,8091263,19813,,,
sequential,baseline,3acc11385,5,6,7097722,8468977,20502,,,
sequential,baseline,3acc11385,5,7,6441385,9119917,19139,,,
sequential,baseline,3acc11385,5,8,7032268,7621659,18088,,,
sequential,baseline,3acc11385,5,9,7037027,7732000,22292,,,
sequential,baseline,3acc11385,5,10,6482212,8415321,19109,,,
sequential,baseline,3acc11385,5,11,6973469,8352522,20342,,,
sequential,baseline,3acc11385,5,12,6833959,6813187,19075,,,
sequential,baseline,3acc11385,5,13,6845668,7991927,20380,,,
sequential,baseline,3acc11385,5,14,7230123,7378200,19064,,,
sequential,baseline,3acc11385,5,15,6609409,7427050,19270,,,
sequential,baseline,3acc11385,5,16,6990759,8572051,19128,,,
sequential,baseline,3acc11385,5,17,6869051,7409559,18997,,,
sequential,baseline,3acc11385,5,18,7158408,7236484,18772,,,
sequential,baseline,3acc11385,5,19,6636507,6900418,18019,,,
sync-cycle,implementation,9af7a5f36,5,0,,,,11183,226,6923
sync-cycle,implementation,9af7a5f36,5,1,,,,10053,239,6954
sync-cycle,implementation,9af7a5f36,5,2,,,,11573,236,8999
sync-cycle,implementation,9af7a5f36,5,3,,,,12183,281,8533
sync-cycle,implementation,9af7a5f36,5,4,,,,14956,277,9189
sync-cycle,implementation,9af7a5f36,5,5,,,,12283,300,7865
sync-cycle,implementation,9af7a5f36,5,6,,,,11698,334,7786
sync-cycle,implementation,9af7a5f36,5,7,,,,9107,245,6397
sync-cycle,implementation,9af7a5f36,5,8,,,,8890,278,6153
sync-cycle,implementation,9af7a5f36,5,9,,,,9231,300,7106
sync-cycle,implementation,9af7a5f36,5,10,,,,9093,256,6244
sync-cycle,implementation,9af7a5f36,5,11,,,,9928,243,7505
sync-cycle,implementation,9af7a5f36,5,12,,,,13103,402,10128
sync-cycle,implementation,9af7a5f36,5,13,,,,8690,245,5900
sync-cycle,implementation,9af7a5f36,5,14,,,,8877,256,5859
sync-cycle,implementation,9af7a5f36,5,15,,,,10578,275,7188
sync-cycle,implementation,9af7a5f36,5,16,,,,10214,256,7259
sync-cycle,implementation,9af7a5f36,5,17,,,,8941,263,7127
sync-cycle,implementation,9af7a5f36,5,18,,,,8890,192,7335
sync-cycle,implementation,9af7a5f36,5,19,,,,9866,262,6903
sync-cycle,baseline,3acc11385,5,0,,,,8462,216,6101
sync-cycle,baseline,3acc11385,5,1,,,,10505,227,6548
sync-cycle,baseline,3acc11385,5,2,,,,10938,254,7411
sync-cycle,baseline,3acc11385,5,3,,,,11204,214,7559
sync-cycle,baseline,3acc11385,5,4,,,,10401,277,6430
sync-cycle,baseline,3acc11385,5,5,,,,26568,248,8067
sync-cycle,baseline,3acc11385,5,6,,,,11236,264,7845
sync-cycle,baseline,3acc11385,5,7,,,,12267,206,8100
sync-cycle,baseline,3acc11385,5,8,,,,11277,211,8881
sync-cycle,baseline,3acc11385,5,9,,,,9962,230,6479
sync-cycle,baseline,3acc11385,5,10,,,,11598,306,7046
sync-cycle,baseline,3acc11385,5,11,,,,11105,194,7199
sync-cycle,baseline,3acc11385,5,12,,,,12070,229,7869
sync-cycle,baseline,3acc11385,5,13,,,,10848,246,6896
sync-cycle,baseline,3acc11385,5,14,,,,9519,229,6063
sync-cycle,baseline,3acc11385,5,15,,,,11976,227,8105
sync-cycle,baseline,3acc11385,5,16,,,,9836,227,6666
sync-cycle,baseline,3acc11385,5,17,,,,10020,273,6150
sync-cycle,baseline,3acc11385,5,18,,,,8965,248,5930
sync-cycle,baseline,3acc11385,5,19,,,,12724,264,7284
sequential,baseline,3acc11385,6,0,6954982,7903647,20118,,,
sequential,baseline,3acc11385,6,1,7029327,7651473,20227,,,
sequential,baseline,3acc11385,6,2,6931008,7161382,18699,,,
sequential,baseline,3acc11385,6,3,6750312,7484635,18434,,,
sequential,baseline,3acc11385,6,4,7133180,7046918,20977,,,
sequential,baseline,3acc11385,6,5,6759729,7104117,18947,,,
sequential,baseline,3acc11385,6,6,6568272,6981688,18383,,,
sequential,baseline,3acc11385,6,7,6652443,7194524,18227,,,
sequential,baseline,3acc11385,6,8,6697674,7065545,18903,,,
sequential,baseline,3acc11385,6,9,6898715,7053205,18528,,,
sequential,baseline,3acc11385,6,10,6438519,7369469,19783,,,
sequential,baseline,3acc11385,6,11,6753457,7926650,19909,,,
sequential,baseline,3acc11385,6,12,6451960,7561584,19314,,,
sequential,baseline,3acc11385,6,13,6367893,7932223,54783,,,
sequential,baseline,3acc11385,6,14,6754945,7326998,18715,,,
sequential,baseline,3acc11385,6,15,7205274,7118337,19681,,,
sequential,baseline,3acc11385,6,16,7533289,7140938,19026,,,
sequential,baseline,3acc11385,6,17,6991756,7135760,20335,,,
sequential,baseline,3acc11385,6,18,6777225,7093218,18721,,,
sequential,baseline,3acc11385,6,19,7131235,7951155,19355,,,
sequential,implementation,9af7a5f36,6,0,7456081,9091545,21841,,,
sequential,implementation,9af7a5f36,6,1,7149350,7710509,20831,,,
sequential,implementation,9af7a5f36,6,2,7786489,9694809,22303,,,
sequential,implementation,9af7a5f36,6,3,7346556,8031388,20322,,,
sequential,implementation,9af7a5f36,6,4,7082330,8992660,21072,,,
sequential,implementation,9af7a5f36,6,5,7153713,8045000,21187,,,
sequential,implementation,9af7a5f36,6,6,7451328,8057571,22819,,,
sequential,implementation,9af7a5f36,6,7,7034945,7475549,19679,,,
sequential,implementation,9af7a5f36,6,8,7104539,7338335,19470,,,
sequential,implementation,9af7a5f36,6,9,6620357,6738850,18590,,,
sequential,implementation,9af7a5f36,6,10,6732717,7166287,19800,,,
sequential,implementation,9af7a5f36,6,11,6791020,7763335,18428,,,
sequential,implementation,9af7a5f36,6,12,7388914,7327867,25147,,,
sequential,implementation,9af7a5f36,6,13,7151669,7001614,18990,,,
sequential,implementation,9af7a5f36,6,14,7169779,6315223,18873,,,
sequential,implementation,9af7a5f36,6,15,6794325,8264675,18752,,,
sequential,implementation,9af7a5f36,6,16,6860799,7384556,20540,,,
sequential,implementation,9af7a5f36,6,17,6896355,8494485,20048,,,
sequential,implementation,9af7a5f36,6,18,6857603,7615257,20101,,,
sequential,implementation,9af7a5f36,6,19,6802783,7898942,19558,,,
sync-cycle,baseline,3acc11385,6,0,,,,10366,237,7189
sync-cycle,baseline,3acc11385,6,1,,,,10245,283,6590
sync-cycle,baseline,3acc11385,6,2,,,,9819,310,6746
sync-cycle,baseline,3acc11385,6,3,,,,10162,264,6700
sync-cycle,baseline,3acc11385,6,4,,,,10010,494,6793
sync-cycle,baseline,3acc11385,6,5,,,,10966,246,7429
sync-cycle,baseline,3acc11385,6,6,,,,11365,265,8568
sync-cycle,baseline,3acc11385,6,7,,,,12876,339,8389
sync-cycle,baseline,3acc11385,6,8,,,,12237,277,8184
sync-cycle,baseline,3acc11385,6,9,,,,11445,257,7239
sync-cycle,baseline,3acc11385,6,10,,,,10692,241,6455
sync-cycle,baseline,3acc11385,6,11,,,,15014,476,13210
sync-cycle,baseline,3acc11385,6,12,,,,9656,197,6729
sync-cycle,baseline,3acc11385,6,13,,,,10509,298,6427
sync-cycle,baseline,3acc11385,6,14,,,,12238,235,7526
sync-cycle,baseline,3acc11385,6,15,,,,12733,287,8012
sync-cycle,baseline,3acc11385,6,16,,,,11201,205,7658
sync-cycle,baseline,3acc11385,6,17,,,,9769,200,6987
sync-cycle,baseline,3acc11385,6,18,,,,11908,280,8920
sync-cycle,baseline,3acc11385,6,19,,,,11025,294,8539
sync-cycle,implementation,9af7a5f36,6,0,,,,9233,204,6562
sync-cycle,implementation,9af7a5f36,6,1,,,,9205,257,5926
sync-cycle,implementation,9af7a5f36,6,2,,,,8713,212,6722
sync-cycle,implementation,9af7a5f36,6,3,,,,10016,230,7090
sync-cycle,implementation,9af7a5f36,6,4,,,,10074,211,6430
sync-cycle,implementation,9af7a5f36,6,5,,,,8665,233,5534
sync-cycle,implementation,9af7a5f36,6,6,,,,9786,224,6813
sync-cycle,implementation,9af7a5f36,6,7,,,,9308,205,6704
sync-cycle,implementation,9af7a5f36,6,8,,,,9463,198,6175
sync-cycle,implementation,9af7a5f36,6,9,,,,10422,215,7046
sync-cycle,implementation,9af7a5f36,6,10,,,,10302,207,6984
sync-cycle,implementation,9af7a5f36,6,11,,,,14292,242,7691
sync-cycle,implementation,9af7a5f36,6,12,,,,9355,207,6333
sync-cycle,implementation,9af7a5f36,6,13,,,,10730,218,6342
sync-cycle,implementation,9af7a5f36,6,14,,,,11689,347,8232
sync-cycle,implementation,9af7a5f36,6,15,,,,13812,213,8451
sync-cycle,implementation,9af7a5f36,6,16,,,,14073,264,9387
sync-cycle,implementation,9af7a5f36,6,17,,,,14434,253,9323
sync-cycle,implementation,9af7a5f36,6,18,,,,11746,318,7718
sync-cycle,implementation,9af7a5f36,6,19,,,,12544,298,8449
sequential,implementation,9af7a5f36,7,0,7570630,8081297,21028,,,
sequential,implementation,9af7a5f36,7,1,7344594,7890768,21766,,,
sequential,implementation,9af7a5f36,7,2,7036667,7508165,22629,,,
sequential,implementation,9af7a5f36,7,3,7251734,7750406,20017,,,
sequential,implementation,9af7a5f36,7,4,6802005,7680308,20183,,,
sequential,implementation,9af7a5f36,7,5,7356448,8299670,20465,,,
sequential,implementation,9af7a5f36,7,6,6860356,7308407,21639,,,
sequential,implementation,9af7a5f36,7,7,6924126,7676470,20928,,,
sequential,implementation,9af7a5f36,7,8,6894759,8411482,31468,,,
sequential,implementation,9af7a5f36,7,9,6994764,7638077,18742,,,
sequential,implementation,9af7a5f36,7,10,7027460,7334397,21388,,,
sequential,implementation,9af7a5f36,7,11,6937396,7470923,23640,,,
sequential,implementation,9af7a5f36,7,12,6955035,8306038,20302,,,
sequential,implementation,9af7a5f36,7,13,6985434,7860728,21571,,,
sequential,implementation,9af7a5f36,7,14,7107237,8236613,21630,,,
sequential,implementation,9af7a5f36,7,15,7262806,7131633,20082,,,
sequential,implementation,9af7a5f36,7,16,7010116,7023711,20129,,,
sequential,implementation,9af7a5f36,7,17,7035265,7234854,22925,,,
sequential,implementation,9af7a5f36,7,18,6918905,7923139,20930,,,
sequential,implementation,9af7a5f36,7,19,6689179,7082377,19386,,,
sequential,baseline,3acc11385,7,0,6899096,7360126,20473,,,
sequential,baseline,3acc11385,7,1,7435476,7706457,22468,,,
sequential,baseline,3acc11385,7,2,7102384,7829406,19523,,,
sequential,baseline,3acc11385,7,3,7014563,8435820,20636,,,
sequential,baseline,3acc11385,7,4,6980660,7325709,20695,,,
sequential,baseline,3acc11385,7,5,6804062,7070480,20772,,,
sequential,baseline,3acc11385,7,6,6859574,6456750,19394,,,
sequential,baseline,3acc11385,7,7,6695324,6800679,19119,,,
sequential,baseline,3acc11385,7,8,6461674,6899599,36075,,,
sequential,baseline,3acc11385,7,9,6922537,8665679,18665,,,
sequential,baseline,3acc11385,7,10,6841947,7610905,18377,,,
sequential,baseline,3acc11385,7,11,6603958,6839643,19405,,,
sequential,baseline,3acc11385,7,12,6493941,7200121,20832,,,
sequential,baseline,3acc11385,7,13,6804735,7261725,19410,,,
sequential,baseline,3acc11385,7,14,6408939,8417688,18838,,,
sequential,baseline,3acc11385,7,15,6690097,7846848,20939,,,
sequential,baseline,3acc11385,7,16,7222640,7700204,20853,,,
sequential,baseline,3acc11385,7,17,6719405,8657627,22064,,,
sequential,baseline,3acc11385,7,18,7317354,8138089,19960,,,
sequential,baseline,3acc11385,7,19,7167260,7347571,20015,,,
sync-cycle,implementation,9af7a5f36,7,0,,,,9939,335,7153
sync-cycle,implementation,9af7a5f36,7,1,,,,10718,236,7421
sync-cycle,implementation,9af7a5f36,7,2,,,,12365,237,8040
sync-cycle,implementation,9af7a5f36,7,3,,,,12567,306,8265
sync-cycle,implementation,9af7a5f36,7,4,,,,12652,335,8304
sync-cycle,implementation,9af7a5f36,7,5,,,,13106,225,8671
sync-cycle,implementation,9af7a5f36,7,6,,,,13556,252,8064
sync-cycle,implementation,9af7a5f36,7,7,,,,18106,456,10962
sync-cycle,implementation,9af7a5f36,7,8,,,,12689,361,9567
sync-cycle,implementation,9af7a5f36,7,9,,,,16290,474,12692
sync-cycle,implementation,9af7a5f36,7,10,,,,12310,327,8010
sync-cycle,implementation,9af7a5f36,7,11,,,,12429,387,9110
sync-cycle,implementation,9af7a5f36,7,12,,,,11036,333,8219
sync-cycle,implementation,9af7a5f36,7,13,,,,9804,323,6347
sync-cycle,implementation,9af7a5f36,7,14,,,,9780,288,6663
sync-cycle,implementation,9af7a5f36,7,15,,,,12208,318,8212
sync-cycle,implementation,9af7a5f36,7,16,,,,12414,295,8039
sync-cycle,implementation,9af7a5f36,7,17,,,,13200,302,8644
sync-cycle,implementation,9af7a5f36,7,18,,,,11567,488,7993
sync-cycle,implementation,9af7a5f36,7,19,,,,12526,613,8095
sync-cycle,baseline,3acc11385,7,0,,,,9152,240,6187
sync-cycle,baseline,3acc11385,7,1,,,,8827,261,5671
sync-cycle,baseline,3acc11385,7,2,,,,9539,225,5865
sync-cycle,baseline,3acc11385,7,3,,,,8463,224,5715
sync-cycle,baseline,3acc11385,7,4,,,,9182,239,6009
sync-cycle,baseline,3acc11385,7,5,,,,11363,197,7362
sync-cycle,baseline,3acc11385,7,6,,,,12254,237,7650
sync-cycle,baseline,3acc11385,7,7,,,,9950,216,5921
sync-cycle,baseline,3acc11385,7,8,,,,9379,199,5929
sync-cycle,baseline,3acc11385,7,9,,,,9479,240,6680
sync-cycle,baseline,3acc11385,7,10,,,,8983,284,6020
sync-cycle,baseline,3acc11385,7,11,,,,9777,279,6418
sync-cycle,baseline,3acc11385,7,12,,,,9422,261,5747
sync-cycle,baseline,3acc11385,7,13,,,,9741,260,6291
sync-cycle,baseline,3acc11385,7,14,,,,10348,248,6266
sync-cycle,baseline,3acc11385,7,15,,,,11443,226,7949
sync-cycle,baseline,3acc11385,7,16,,,,11334,226,6730
sync-cycle,baseline,3acc11385,7,17,,,,9979,234,6535
sync-cycle,baseline,3acc11385,7,18,,,,10422,230,6737
sync-cycle,baseline,3acc11385,7,19,,,,11062,215,7140
sequential,baseline,3acc11385,8,0,7419984,8447154,20794,,,
sequential,baseline,3acc11385,8,1,6930549,8414116,19879,,,
sequential,baseline,3acc11385,8,2,7205073,7450409,19263,,,
sequential,baseline,3acc11385,8,3,7000813,6918782,18818,,,
sequential,baseline,3acc11385,8,4,6944913,7487038,19619,,,
sequential,baseline,3acc11385,8,5,6756301,7608645,20457,,,
sequential,baseline,3acc11385,8,6,6640221,7814230,20658,,,
sequential,baseline,3acc11385,8,7,7207930,7418615,18972,,,
sequential,baseline,3acc11385,8,8,6566305,7998612,20033,,,
sequential,baseline,3acc11385,8,9,6736970,8280985,19419,,,
sequential,baseline,3acc11385,8,10,7077008,7477158,24397,,,
sequential,baseline,3acc11385,8,11,7188222,8395041,18351,,,
sequential,baseline,3acc11385,8,12,6809049,7670374,18965,,,
sequential,baseline,3acc11385,8,13,6962737,7444574,19150,,,
sequential,baseline,3acc11385,8,14,6952112,7554432,19225,,,
sequential,baseline,3acc11385,8,15,7097877,8956720,20730,,,
sequential,baseline,3acc11385,8,16,7062468,7888506,20215,,,
sequential,baseline,3acc11385,8,17,6910271,7568065,21265,,,
sequential,baseline,3acc11385,8,18,6955612,7070397,19327,,,
sequential,baseline,3acc11385,8,19,6921101,7240333,21152,,,
sequential,implementation,9af7a5f36,8,0,6690047,6945567,19656,,,
sequential,implementation,9af7a5f36,8,1,6682065,7759424,18124,,,
sequential,implementation,9af7a5f36,8,2,7394840,8295780,19368,,,
sequential,implementation,9af7a5f36,8,3,7146281,10101908,28651,,,
sequential,implementation,9af7a5f36,8,4,7051376,7621113,20292,,,
sequential,implementation,9af7a5f36,8,5,7014070,7435174,20402,,,
sequential,implementation,9af7a5f36,8,6,6799653,8080989,18975,,,
sequential,implementation,9af7a5f36,8,7,7221279,7955177,19763,,,
sequential,implementation,9af7a5f36,8,8,7101991,8304953,20261,,,
sequential,implementation,9af7a5f36,8,9,7234156,7098846,27129,,,
sequential,implementation,9af7a5f36,8,10,6540994,17054963,19586,,,
sequential,implementation,9af7a5f36,8,11,19624606,17007337,19056,,,
sequential,implementation,9af7a5f36,8,12,8079442,7879481,20576,,,
sequential,implementation,9af7a5f36,8,13,6966363,7518184,19014,,,
sequential,implementation,9af7a5f36,8,14,7969030,9384149,19229,,,
sequential,implementation,9af7a5f36,8,15,6947357,7628700,19161,,,
sequential,implementation,9af7a5f36,8,16,7017114,9202198,26189,,,
sequential,implementation,9af7a5f36,8,17,7397861,7598266,18432,,,
sequential,implementation,9af7a5f36,8,18,6644994,6867662,18220,,,
sequential,implementation,9af7a5f36,8,19,7077469,8190492,18020,,,
sync-cycle,baseline,3acc11385,8,0,,,,10833,226,6903
sync-cycle,baseline,3acc11385,8,1,,,,9262,238,6369
sync-cycle,baseline,3acc11385,8,2,,,,8757,216,5722
sync-cycle,baseline,3acc11385,8,3,,,,9641,285,6243
sync-cycle,baseline,3acc11385,8,4,,,,10425,280,6271
sync-cycle,baseline,3acc11385,8,5,,,,29017,431,6816
sync-cycle,baseline,3acc11385,8,6,,,,11597,280,7272
sync-cycle,baseline,3acc11385,8,7,,,,11991,235,7648
sync-cycle,baseline,3acc11385,8,8,,,,13267,253,11607
sync-cycle,baseline,3acc11385,8,9,,,,13287,215,9054
sync-cycle,baseline,3acc11385,8,10,,,,12023,278,7675
sync-cycle,baseline,3acc11385,8,11,,,,10614,182,6505
sync-cycle,baseline,3acc11385,8,12,,,,9817,212,6554
sync-cycle,baseline,3acc11385,8,13,,,,9697,236,6347
sync-cycle,baseline,3acc11385,8,14,,,,9266,244,5823
sync-cycle,baseline,3acc11385,8,15,,,,10945,261,7934
sync-cycle,baseline,3acc11385,8,16,,,,10958,179,6368
sync-cycle,baseline,3acc11385,8,17,,,,10023,198,6719
sync-cycle,baseline,3acc11385,8,18,,,,9811,264,6695
sync-cycle,baseline,3acc11385,8,19,,,,11906,226,7011
sync-cycle,implementation,9af7a5f36,8,0,,,,8940,332,6464
sync-cycle,implementation,9af7a5f36,8,1,,,,8089,209,5764
sync-cycle,implementation,9af7a5f36,8,2,,,,8729,239,6155
sync-cycle,implementation,9af7a5f36,8,3,,,,9783,319,6958
sync-cycle,implementation,9af7a5f36,8,4,,,,10227,335,25239
sync-cycle,implementation,9af7a5f36,8,5,,,,9542,257,6156
sync-cycle,implementation,9af7a5f36,8,6,,,,10928,334,7907
sync-cycle,implementation,9af7a5f36,8,7,,,,9861,266,6804
sync-cycle,implementation,9af7a5f36,8,8,,,,9335,235,6838
sync-cycle,implementation,9af7a5f36,8,9,,,,9372,288,6504
sync-cycle,implementation,9af7a5f36,8,10,,,,9682,260,6826
sync-cycle,implementation,9af7a5f36,8,11,,,,9602,260,7307
sync-cycle,implementation,9af7a5f36,8,12,,,,8498,331,5977
sync-cycle,implementation,9af7a5f36,8,13,,,,8944,277,6559
sync-cycle,implementation,9af7a5f36,8,14,,,,10940,358,7641
sync-cycle,implementation,9af7a5f36,8,15,,,,10161,217,7121
sync-cycle,implementation,9af7a5f36,8,16,,,,8728,266,6005
sync-cycle,implementation,9af7a5f36,8,17,,,,11413,277,6444
sync-cycle,implementation,9af7a5f36,8,18,,,,8817,238,6411
sync-cycle,implementation,9af7a5f36,8,19,,,,10066,217,7399
sequential,implementation,9af7a5f36,9,0,7167477,8994716,29193,,,
sequential,implementation,9af7a5f36,9,1,7181642,7202812,19593,,,
sequential,implementation,9af7a5f36,9,2,6778917,7216305,19785,,,
sequential,implementation,9af7a5f36,9,3,7122618,7941827,21421,,,
sequential,implementation,9af7a5f36,9,4,7086244,9359198,21860,,,
sequential,implementation,9af7a5f36,9,5,7481080,9446752,23413,,,
sequential,implementation,9af7a5f36,9,6,8345482,11970896,29763,,,
sequential,implementation,9af7a5f36,9,7,8820436,10317570,26425,,,
sequential,implementation,9af7a5f36,9,8,7916722,8009540,20929,,,
sequential,implementation,9af7a5f36,9,9,7288460,8241915,20974,,,
sequential,implementation,9af7a5f36,9,10,9631212,11368480,25024,,,
sequential,implementation,9af7a5f36,9,11,7580145,9333255,21879,,,
sequential,implementation,9af7a5f36,9,12,8605254,9679862,23876,,,
sequential,implementation,9af7a5f36,9,13,7903071,10774562,22319,,,
sequential,implementation,9af7a5f36,9,14,7957972,7855857,20251,,,
sequential,implementation,9af7a5f36,9,15,7229637,9320574,21853,,,
sequential,implementation,9af7a5f36,9,16,7285281,8084950,21759,,,
sequential,implementation,9af7a5f36,9,17,8562416,9732251,25021,,,
sequential,implementation,9af7a5f36,9,18,7136419,7939115,20147,,,
sequential,implementation,9af7a5f36,9,19,7118088,8546345,21682,,,
sequential,baseline,3acc11385,9,0,7545562,7991268,24800,,,
sequential,baseline,3acc11385,9,1,7085975,7481666,20025,,,
sequential,baseline,3acc11385,9,2,6899474,7300101,19459,,,
sequential,baseline,3acc11385,9,3,6747463,7536037,24543,,,
sequential,baseline,3acc11385,9,4,6484379,7776571,19642,,,
sequential,baseline,3acc11385,9,5,7109030,8587953,20380,,,
sequential,baseline,3acc11385,9,6,7061279,6546451,20110,,,
sequential,baseline,3acc11385,9,7,6465703,7623675,18879,,,
sequential,baseline,3acc11385,9,8,6804381,7636925,18978,,,
sequential,baseline,3acc11385,9,9,6620979,7332998,17601,,,
sequential,baseline,3acc11385,9,10,6785320,6985933,18611,,,
sequential,baseline,3acc11385,9,11,6810165,8431534,19602,,,
sequential,baseline,3acc11385,9,12,7042949,7256482,19152,,,
sequential,baseline,3acc11385,9,13,7109359,7490302,18929,,,
sequential,baseline,3acc11385,9,14,6973729,7710567,19729,,,
sequential,baseline,3acc11385,9,15,6999176,7445108,18619,,,
sequential,baseline,3acc11385,9,16,6648557,7044637,18632,,,
sequential,baseline,3acc11385,9,17,7236784,7435555,18575,,,
sequential,baseline,3acc11385,9,18,6686264,7710727,18231,,,
sequential,baseline,3acc11385,9,19,6552015,10035162,27799,,,
sync-cycle,implementation,9af7a5f36,9,0,,,,8923,243,7075
sync-cycle,implementation,9af7a5f36,9,1,,,,10981,277,7561
sync-cycle,implementation,9af7a5f36,9,2,,,,14022,274,10222
sync-cycle,implementation,9af7a5f36,9,3,,,,14577,240,9974
sync-cycle,implementation,9af7a5f36,9,4,,,,13410,278,9835
sync-cycle,implementation,9af7a5f36,9,5,,,,14096,341,9938
sync-cycle,implementation,9af7a5f36,9,6,,,,13574,378,9824
sync-cycle,implementation,9af7a5f36,9,7,,,,14015,293,9056
sync-cycle,implementation,9af7a5f36,9,8,,,,19131,513,14330
sync-cycle,implementation,9af7a5f36,9,9,,,,13474,287,9507
sync-cycle,implementation,9af7a5f36,9,10,,,,13262,420,9530
sync-cycle,implementation,9af7a5f36,9,11,,,,14833,246,9872
sync-cycle,implementation,9af7a5f36,9,12,,,,20361,488,14000
sync-cycle,implementation,9af7a5f36,9,13,,,,13861,357,8889
sync-cycle,implementation,9af7a5f36,9,14,,,,11452,309,7550
sync-cycle,implementation,9af7a5f36,9,15,,,,13455,320,9642
sync-cycle,implementation,9af7a5f36,9,16,,,,9495,306,6648
sync-cycle,implementation,9af7a5f36,9,17,,,,10075,275,6697
sync-cycle,implementation,9af7a5f36,9,18,,,,11898,334,8198
sync-cycle,implementation,9af7a5f36,9,19,,,,11339,350,7641
sync-cycle,baseline,3acc11385,9,0,,,,11524,251,8633
sync-cycle,baseline,3acc11385,9,1,,,,11976,283,8549
sync-cycle,baseline,3acc11385,9,2,,,,12391,298,9269
sync-cycle,baseline,3acc11385,9,3,,,,13175,337,8681
sync-cycle,baseline,3acc11385,9,4,,,,13276,329,9145
sync-cycle,baseline,3acc11385,9,5,,,,12085,347,7847
sync-cycle,baseline,3acc11385,9,6,,,,12558,271,11328
sync-cycle,baseline,3acc11385,9,7,,,,13209,341,8509
sync-cycle,baseline,3acc11385,9,8,,,,11915,312,7475
sync-cycle,baseline,3acc11385,9,9,,,,11964,269,8662
sync-cycle,baseline,3acc11385,9,10,,,,11761,278,8499
sync-cycle,baseline,3acc11385,9,11,,,,11032,243,7556
sync-cycle,baseline,3acc11385,9,12,,,,12469,260,8003
sync-cycle,baseline,3acc11385,9,13,,,,13399,307,8625
sync-cycle,baseline,3acc11385,9,14,,,,11536,321,7906
sync-cycle,baseline,3acc11385,9,15,,,,11145,254,7595
sync-cycle,baseline,3acc11385,9,16,,,,11817,295,7957
sync-cycle,baseline,3acc11385,9,17,,,,10081,240,7225
sync-cycle,baseline,3acc11385,9,18,,,,12774,288,8524
sync-cycle,baseline,3acc11385,9,19,,,,13944,269,8130
sequential,baseline,3acc11385,10,0,8732956,9276494,23621,,,
sequential,baseline,3acc11385,10,1,8403609,9335451,24095,,,
sequential,baseline,3acc11385,10,2,8403762,8864381,23178,,,
sequential,baseline,3acc11385,10,3,7995491,8552737,23182,,,
sequential,baseline,3acc11385,10,4,8295801,9170869,22940,,,
sequential,baseline,3acc11385,10,5,8101677,9979286,23673,,,
sequential,baseline,3acc11385,10,6,8298884,9149494,23147,,,
sequential,baseline,3acc11385,10,7,7985182,8957942,22606,,,
sequential,baseline,3acc11385,10,8,8881947,9200809,23457,,,
sequential,baseline,3acc11385,10,9,8317161,9239201,23665,,,
sequential,baseline,3acc11385,10,10,8566539,10131028,24323,,,
sequential,baseline,3acc11385,10,11,7650002,8771909,21863,,,
sequential,baseline,3acc11385,10,12,7669619,9285321,25090,,,
sequential,baseline,3acc11385,10,13,7816554,10019747,26317,,,
sequential,baseline,3acc11385,10,14,7964729,9332154,22770,,,
sequential,baseline,3acc11385,10,15,7781045,8574940,21819,,,
sequential,baseline,3acc11385,10,16,7464765,10500438,24185,,,
sequential,baseline,3acc11385,10,17,7503765,8188249,22050,,,
sequential,baseline,3acc11385,10,18,7461278,8955814,24601,,,
sequential,baseline,3acc11385,10,19,7438221,8101623,21713,,,
sequential,implementation,9af7a5f36,10,0,7878543,8397088,22199,,,
sequential,implementation,9af7a5f36,10,1,7421027,8098384,22624,,,
sequential,implementation,9af7a5f36,10,2,7363681,7914025,20696,,,
sequential,implementation,9af7a5f36,10,3,7082315,8758125,24611,,,
sequential,implementation,9af7a5f36,10,4,7031591,8151178,29304,,,
sequential,implementation,9af7a5f36,10,5,7748524,7416008,19274,,,
sequential,implementation,9af7a5f36,10,6,6700092,7853643,20103,,,
sequential,implementation,9af7a5f36,10,7,7120269,7617582,28234,,,
sequential,implementation,9af7a5f36,10,8,7168919,8157677,21181,,,
sequential,implementation,9af7a5f36,10,9,6912067,8231136,20223,,,
sequential,implementation,9af7a5f36,10,10,8737741,10730519,19857,,,
sequential,implementation,9af7a5f36,10,11,6849346,6324929,19762,,,
sequential,implementation,9af7a5f36,10,12,6985530,7782633,19351,,,
sequential,implementation,9af7a5f36,10,13,7460714,7230997,18968,,,
sequential,implementation,9af7a5f36,10,14,6370066,6970459,18029,,,
sequential,implementation,9af7a5f36,10,15,6490399,7434022,37312,,,
sequential,implementation,9af7a5f36,10,16,6458670,7471988,19410,,,
sequential,implementation,9af7a5f36,10,17,7124333,7861152,18687,,,
sequential,implementation,9af7a5f36,10,18,6919670,7451935,20738,,,
sequential,implementation,9af7a5f36,10,19,7891885,7265833,24616,,,
sync-cycle,baseline,3acc11385,10,0,,,,13442,359,8769
sync-cycle,baseline,3acc11385,10,1,,,,9700,233,5964
sync-cycle,baseline,3acc11385,10,2,,,,10064,312,6929
sync-cycle,baseline,3acc11385,10,3,,,,8745,301,5691
sync-cycle,baseline,3acc11385,10,4,,,,10583,311,7033
sync-cycle,baseline,3acc11385,10,5,,,,14320,396,7945
sync-cycle,baseline,3acc11385,10,6,,,,12442,299,8411
sync-cycle,baseline,3acc11385,10,7,,,,13066,296,8907
sync-cycle,baseline,3acc11385,10,8,,,,15402,470,8823
sync-cycle,baseline,3acc11385,10,9,,,,11054,258,7647
sync-cycle,baseline,3acc11385,10,10,,,,10717,278,7118
sync-cycle,baseline,3acc11385,10,11,,,,11055,272,7762
sync-cycle,baseline,3acc11385,10,12,,,,10459,259,6587
sync-cycle,baseline,3acc11385,10,13,,,,11493,275,6635
sync-cycle,baseline,3acc11385,10,14,,,,28225,404,9254
sync-cycle,baseline,3acc11385,10,15,,,,10836,261,7429
sync-cycle,baseline,3acc11385,10,16,,,,8950,235,6111
sync-cycle,baseline,3acc11385,10,17,,,,14446,373,10200
sync-cycle,baseline,3acc11385,10,18,,,,10530,265,7039
sync-cycle,baseline,3acc11385,10,19,,,,9583,261,6265
sync-cycle,implementation,9af7a5f36,10,0,,,,9455,276,23342
sync-cycle,implementation,9af7a5f36,10,1,,,,9920,282,7227
sync-cycle,implementation,9af7a5f36,10,2,,,,11532,258,7187
sync-cycle,implementation,9af7a5f36,10,3,,,,10984,293,7302
sync-cycle,implementation,9af7a5f36,10,4,,,,9646,307,7067
sync-cycle,implementation,9af7a5f36,10,5,,,,9996,275,6766
sync-cycle,implementation,9af7a5f36,10,6,,,,12246,312,8205
sync-cycle,implementation,9af7a5f36,10,7,,,,11354,332,7852
sync-cycle,implementation,9af7a5f36,10,8,,,,12113,212,8474
sync-cycle,implementation,9af7a5f36,10,9,,,,8789,302,6054
sync-cycle,implementation,9af7a5f36,10,10,,,,8928,273,6143
sync-cycle,implementation,9af7a5f36,10,11,,,,11954,277,8035
sync-cycle,implementation,9af7a5f36,10,12,,,,11705,283,8206
sync-cycle,implementation,9af7a5f36,10,13,,,,17020,339,8769
sync-cycle,implementation,9af7a5f36,10,14,,,,10995,282,7122
sync-cycle,implementation,9af7a5f36,10,15,,,,11675,338,7500
sync-cycle,implementation,9af7a5f36,10,16,,,,11337,298,7716
sync-cycle,implementation,9af7a5f36,10,17,,,,12859,322,8041
sync-cycle,implementation,9af7a5f36,10,18,,,,13850,315,8782
sync-cycle,implementation,9af7a5f36,10,19,,,,13787,271,8343
sequential,implementation,9af7a5f36,11,0,7039653,7476973,19758,,,
sequential,implementation,9af7a5f36,11,1,6628176,7359341,18636,,,
sequential,implementation,9af7a5f36,11,2,6835590,8067140,18684,,,
sequential,implementation,9af7a5f36,11,3,6752647,6768217,17513,,,
sequential,implementation,9af7a5f36,11,4,6354086,6223668,19490,,,
sequential,implementation,9af7a5f36,11,5,6599025,6655774,17339,,,
sequential,implementation,9af7a5f36,11,6,6673576,6360592,17772,,,
sequential,implementation,9af7a5f36,11,7,6660432,6743234,18315,,,
sequential,implementation,9af7a5f36,11,8,6484585,6955273,17381,,,
sequential,implementation,9af7a5f36,11,9,6428432,5993792,17942,,,
sequential,implementation,9af7a5f36,11,10,6487563,6663305,18762,,,
sequential,implementation,9af7a5f36,11,11,6786764,6914110,17782,,,
sequential,implementation,9af7a5f36,11,12,6648521,6610375,20619,,,
sequential,implementation,9af7a5f36,11,13,6539805,6282904,18424,,,
sequential,implementation,9af7a5f36,11,14,6586745,6261208,17868,,,
sequential,implementation,9af7a5f36,11,15,6497249,5997593,18418,,,
sequential,implementation,9af7a5f36,11,16,6559023,6173004,17188,,,
sequential,implementation,9af7a5f36,11,17,6430736,6561314,17463,,,
sequential,implementation,9af7a5f36,11,18,6594498,6964669,17653,,,
sequential,implementation,9af7a5f36,11,19,6420829,6268573,17192,,,
sequential,baseline,3acc11385,11,0,6679952,8411238,23181,,,
sequential,baseline,3acc11385,11,1,6634446,8015628,20558,,,
sequential,baseline,3acc11385,11,2,7250461,7319952,25530,,,
sequential,baseline,3acc11385,11,3,7236344,7784975,19503,,,
sequential,baseline,3acc11385,11,4,7084889,7854231,22648,,,
sequential,baseline,3acc11385,11,5,6600878,6135298,16434,,,
sequential,baseline,3acc11385,11,6,6543683,6994586,17077,,,
sequential,baseline,3acc11385,11,7,7133625,6683645,17793,,,
sequential,baseline,3acc11385,11,8,6718819,7100934,38731,,,
sequential,baseline,3acc11385,11,9,6369599,8208265,34765,,,
sequential,baseline,3acc11385,11,10,6832839,7134856,18801,,,
sequential,baseline,3acc11385,11,11,7353803,7540498,37392,,,
sequential,baseline,3acc11385,11,12,7024526,7253409,18060,,,
sequential,baseline,3acc11385,11,13,6277407,6693225,18198,,,
sequential,baseline,3acc11385,11,14,7161249,7143741,17725,,,
sequential,baseline,3acc11385,11,15,6803468,6708810,17095,,,
sequential,baseline,3acc11385,11,16,6896808,7137034,19315,,,
sequential,baseline,3acc11385,11,17,6443486,6266122,17637,,,
sequential,baseline,3acc11385,11,18,6358626,6055329,17199,,,
sequential,baseline,3acc11385,11,19,6634516,6027572,17738,,,
sync-cycle,implementation,9af7a5f36,11,0,,,,7801,231,5660
sync-cycle,implementation,9af7a5f36,11,1,,,,7644,253,5450
sync-cycle,implementation,9af7a5f36,11,2,,,,9288,307,6002
sync-cycle,implementation,9af7a5f36,11,3,,,,8459,260,5598
sync-cycle,implementation,9af7a5f36,11,4,,,,11350,323,5509
sync-cycle,implementation,9af7a5f36,11,5,,,,8643,281,6062
sync-cycle,implementation,9af7a5f36,11,6,,,,7834,222,5411
sync-cycle,implementation,9af7a5f36,11,7,,,,8519,261,5852
sync-cycle,implementation,9af7a5f36,11,8,,,,8016,280,6136
sync-cycle,implementation,9af7a5f36,11,9,,,,8595,250,5426
sync-cycle,implementation,9af7a5f36,11,10,,,,8305,261,5820
sync-cycle,implementation,9af7a5f36,11,11,,,,8860,316,6095
sync-cycle,implementation,9af7a5f36,11,12,,,,9850,295,6784
sync-cycle,implementation,9af7a5f36,11,13,,,,10579,340,7226
sync-cycle,implementation,9af7a5f36,11,14,,,,9567,289,6770
sync-cycle,implementation,9af7a5f36,11,15,,,,9192,301,6472
sync-cycle,implementation,9af7a5f36,11,16,,,,10503,337,6784
sync-cycle,implementation,9af7a5f36,11,17,,,,8470,271,5743
sync-cycle,implementation,9af7a5f36,11,18,,,,8550,293,5762
sync-cycle,implementation,9af7a5f36,11,19,,,,8331,280,5565
sync-cycle,baseline,3acc11385,11,0,,,,8398,225,6079
sync-cycle,baseline,3acc11385,11,1,,,,8299,319,5722
sync-cycle,baseline,3acc11385,11,2,,,,8390,273,5779
sync-cycle,baseline,3acc11385,11,3,,,,8092,206,5578
sync-cycle,baseline,3acc11385,11,4,,,,8199,198,5804
sync-cycle,baseline,3acc11385,11,5,,,,7983,242,5600
sync-cycle,baseline,3acc11385,11,6,,,,7966,213,5450
sync-cycle,baseline,3acc11385,11,7,,,,8188,200,5562
sync-cycle,baseline,3acc11385,11,8,,,,8238,221,5428
sync-cycle,baseline,3acc11385,11,9,,,,8282,275,5370
sync-cycle,baseline,3acc11385,11,10,,,,9883,265,5704
sync-cycle,baseline,3acc11385,11,11,,,,8373,253,5781
sync-cycle,baseline,3acc11385,11,12,,,,7981,269,6029
sync-cycle,baseline,3acc11385,11,13,,,,7738,184,5298
sync-cycle,baseline,3acc11385,11,14,,,,8000,215,5393
sync-cycle,baseline,3acc11385,11,15,,,,8010,234,5771
sync-cycle,baseline,3acc11385,11,16,,,,7729,253,5293
sync-cycle,baseline,3acc11385,11,17,,,,8060,241,5817
sync-cycle,baseline,3acc11385,11,18,,,,7895,276,5388
sync-cycle,baseline,3acc11385,11,19,,,,11273,435,8289
sequential,baseline,3acc11385,12,0,6443623,7391151,17885,,,
sequential,baseline,3acc11385,12,1,6482929,7222635,18103,,,
sequential,baseline,3acc11385,12,2,6786681,7951324,18365,,,
sequential,baseline,3acc11385,12,3,7316283,7968019,18803,,,
sequential,baseline,3acc11385,12,4,7203061,7303886,19323,,,
sequential,baseline,3acc11385,12,5,7171772,7134971,19965,,,
sequential,baseline,3acc11385,12,6,6794862,6994830,19414,,,
sequential,baseline,3acc11385,12,7,6652353,6355378,20438,,,
sequential,baseline,3acc11385,12,8,7086160,6182341,20283,,,
sequential,baseline,3acc11385,12,9,6811080,6703440,19507,,,
sequential,baseline,3acc11385,12,10,6566253,7163021,18127,,,
sequential,baseline,3acc11385,12,11,6619802,6888983,18141,,,
sequential,baseline,3acc11385,12,12,6665756,6237850,18578,,,
sequential,baseline,3acc11385,12,13,6929843,6377818,18973,,,
sequential,baseline,3acc11385,12,14,6556173,6522934,17817,,,
sequential,baseline,3acc11385,12,15,7069402,6397118,18310,,,
sequential,baseline,3acc11385,12,16,6788915,7366169,25181,,,
sequential,baseline,3acc11385,12,17,6422489,7032044,18169,,,
sequential,baseline,3acc11385,12,18,6470430,6495390,17717,,,
sequential,baseline,3acc11385,12,19,6523586,7084433,17876,,,
sequential,implementation,9af7a5f36,12,0,6560455,6365139,17937,,,
sequential,implementation,9af7a5f36,12,1,6545032,6284552,17670,,,
sequential,implementation,9af7a5f36,12,2,6760944,6268762,18971,,,
sequential,implementation,9af7a5f36,12,3,6918992,6568642,17841,,,
sequential,implementation,9af7a5f36,12,4,6828851,6077842,18784,,,
sequential,implementation,9af7a5f36,12,5,6709694,6611665,17767,,,
sequential,implementation,9af7a5f36,12,6,7005303,7205310,37931,,,
sequential,implementation,9af7a5f36,12,7,7118141,6998393,20718,,,
sequential,implementation,9af7a5f36,12,8,7155819,8125982,18785,,,
sequential,implementation,9af7a5f36,12,9,7137654,7873213,35603,,,
sequential,implementation,9af7a5f36,12,10,7333928,6784025,18848,,,
sequential,implementation,9af7a5f36,12,11,6858672,6734009,21541,,,
sequential,implementation,9af7a5f36,12,12,6810779,6740229,18592,,,
sequential,implementation,9af7a5f36,12,13,6679912,6886067,19144,,,
sequential,implementation,9af7a5f36,12,14,7078761,6385659,17609,,,
sequential,implementation,9af7a5f36,12,15,6666217,6875277,18757,,,
sequential,implementation,9af7a5f36,12,16,7065933,6558917,17340,,,
sequential,implementation,9af7a5f36,12,17,6922379,6030391,18472,,,
sequential,implementation,9af7a5f36,12,18,6538702,6013475,17820,,,
sequential,implementation,9af7a5f36,12,19,6670715,6568032,18104,,,
sync-cycle,baseline,3acc11385,12,0,,,,8156,275,5488
sync-cycle,baseline,3acc11385,12,1,,,,8039,230,5512
sync-cycle,baseline,3acc11385,12,2,,,,7726,215,5771
sync-cycle,baseline,3acc11385,12,3,,,,8510,212,5408
sync-cycle,baseline,3acc11385,12,4,,,,8162,201,5832
sync-cycle,baseline,3acc11385,12,5,,,,8237,241,5662
sync-cycle,baseline,3acc11385,12,6,,,,7833,198,5370
sync-cycle,baseline,3acc11385,12,7,,,,24611,205,27406
sync-cycle,baseline,3acc11385,12,8,,,,7819,198,5698
sync-cycle,baseline,3acc11385,12,9,,,,7798,248,5420
sync-cycle,baseline,3acc11385,12,10,,,,8238,266,5585
sync-cycle,baseline,3acc11385,12,11,,,,8513,201,5883
sync-cycle,baseline,3acc11385,12,12,,,,8075,230,5845
sync-cycle,baseline,3acc11385,12,13,,,,7891,202,5514
sync-cycle,baseline,3acc11385,12,14,,,,7850,213,5310
sync-cycle,baseline,3acc11385,12,15,,,,8643,270,5640
sync-cycle,baseline,3acc11385,12,16,,,,8279,246,5819
sync-cycle,baseline,3acc11385,12,17,,,,8241,205,5498
sync-cycle,baseline,3acc11385,12,18,,,,8012,192,5540
sync-cycle,baseline,3acc11385,12,19,,,,11217,269,6889
sync-cycle,implementation,9af7a5f36,12,0,,,,9174,277,6300
sync-cycle,implementation,9af7a5f36,12,1,,,,8052,216,5511
sync-cycle,implementation,9af7a5f36,12,2,,,,24553,260,5566
sync-cycle,implementation,9af7a5f36,12,3,,,,8071,210,5555
sync-cycle,implementation,9af7a5f36,12,4,,,,8265,236,5414
sync-cycle,implementation,9af7a5f36,12,5,,,,8415,271,5863
sync-cycle,implementation,9af7a5f36,12,6,,,,8138,212,5786
sync-cycle,implementation,9af7a5f36,12,7,,,,8536,258,5757
sync-cycle,implementation,9af7a5f36,12,8,,,,26525,276,6052
sync-cycle,implementation,9af7a5f36,12,9,,,,8452,248,6006
sync-cycle,implementation,9af7a5f36,12,10,,,,8309,242,5685
sync-cycle,implementation,9af7a5f36,12,11,,,,9086,300,21285
sync-cycle,implementation,9af7a5f36,12,12,,,,8578,259,5933
sync-cycle,implementation,9af7a5f36,12,13,,,,8070,228,5440
sync-cycle,implementation,9af7a5f36,12,14,,,,8464,230,5709
sync-cycle,implementation,9af7a5f36,12,15,,,,8263,223,6074
sync-cycle,implementation,9af7a5f36,12,16,,,,8991,237,6137
sync-cycle,implementation,9af7a5f36,12,17,,,,8531,256,5757
sync-cycle,implementation,9af7a5f36,12,18,,,,8768,235,5845
sync-cycle,implementation,9af7a5f36,12,19,,,,8183,257,5654
sequential,implementation,9af7a5f36,13,0,6911970,6667880,18931,,,
sequential,implementation,9af7a5f36,13,1,6374333,6485726,18800,,,
sequential,implementation,9af7a5f36,13,2,6993495,7394865,18748,,,
sequential,implementation,9af7a5f36,13,3,6959942,6801367,19454,,,
sequential,implementation,9af7a5f36,13,4,7299811,6790119,17891,,,
sequential,implementation,9af7a5f36,13,5,6745908,6566510,18029,,,
sequential,implementation,9af7a5f36,13,6,6283458,7545219,18121,,,
sequential,implementation,9af7a5f36,13,7,6580597,7270734,18376,,,
sequential,implementation,9af7a5f36,13,8,7355040,7958179,17875,,,
sequential,implementation,9af7a5f36,13,9,7294271,7529084,19173,,,
sequential,implementation,9af7a5f36,13,10,7186104,7410796,18852,,,
sequential,implementation,9af7a5f36,13,11,7203584,6426600,17894,,,
sequential,implementation,9af7a5f36,13,12,6821769,6047963,17714,,,
sequential,implementation,9af7a5f36,13,13,6916591,6408221,18120,,,
sequential,implementation,9af7a5f36,13,14,7909151,6664481,18513,,,
sequential,implementation,9af7a5f36,13,15,7265846,7085222,17495,,,
sequential,implementation,9af7a5f36,13,16,6687051,6508811,18114,,,
sequential,implementation,9af7a5f36,13,17,6542849,6036297,18677,,,
sequential,implementation,9af7a5f36,13,18,6451246,6811373,18084,,,
sequential,implementation,9af7a5f36,13,19,6557015,6468103,17951,,,
sequential,baseline,3acc11385,13,0,6873489,6622612,18176,,,
sequential,baseline,3acc11385,13,1,6472780,6840752,40455,,,
sequential,baseline,3acc11385,13,2,6270207,7547571,17688,,,
sequential,baseline,3acc11385,13,3,6894819,6869509,18119,,,
sequential,baseline,3acc11385,13,4,7024341,6427505,23867,,,
sequential,baseline,3acc11385,13,5,7125458,6035781,18212,,,
sequential,baseline,3acc11385,13,6,7116515,6989759,20526,,,
sequential,baseline,3acc11385,13,7,6796414,6341112,22859,,,
sequential,baseline,3acc11385,13,8,6815788,6667235,18762,,,
sequential,baseline,3acc11385,13,9,6768452,6005751,17561,,,
sequential,baseline,3acc11385,13,10,7138225,6021994,17952,,,
sequential,baseline,3acc11385,13,11,6331735,6410142,18140,,,
sequential,baseline,3acc11385,13,12,7528923,7358651,18561,,,
sequential,baseline,3acc11385,13,13,7417696,7008039,20420,,,
sequential,baseline,3acc11385,13,14,7158225,7694151,18571,,,
sequential,baseline,3acc11385,13,15,7146419,6877185,18775,,,
sequential,baseline,3acc11385,13,16,7248178,6661624,18289,,,
sequential,baseline,3acc11385,13,17,6997776,6647537,19523,,,
sequential,baseline,3acc11385,13,18,6605902,6743419,17327,,,
sequential,baseline,3acc11385,13,19,6679145,6690030,17719,,,
sync-cycle,implementation,9af7a5f36,13,0,,,,8457,257,6015
sync-cycle,implementation,9af7a5f36,13,1,,,,8375,262,5736
sync-cycle,implementation,9af7a5f36,13,2,,,,7977,233,5681
sync-cycle,implementation,9af7a5f36,13,3,,,,8750,241,5537
sync-cycle,implementation,9af7a5f36,13,4,,,,8253,216,5674
sync-cycle,implementation,9af7a5f36,13,5,,,,8366,227,5575
sync-cycle,implementation,9af7a5f36,13,6,,,,8464,259,5767
sync-cycle,implementation,9af7a5f36,13,7,,,,8468,273,5828
sync-cycle,implementation,9af7a5f36,13,8,,,,8415,250,5883
sync-cycle,implementation,9af7a5f36,13,9,,,,8405,244,5543
sync-cycle,implementation,9af7a5f36,13,10,,,,9061,265,5717
sync-cycle,implementation,9af7a5f36,13,11,,,,8246,257,5764
sync-cycle,implementation,9af7a5f36,13,12,,,,8251,224,5951
sync-cycle,implementation,9af7a5f36,13,13,,,,8140,203,5461
sync-cycle,implementation,9af7a5f36,13,14,,,,8344,224,6077
sync-cycle,implementation,9af7a5f36,13,15,,,,8077,218,5720
sync-cycle,implementation,9af7a5f36,13,16,,,,8193,229,5821
sync-cycle,implementation,9af7a5f36,13,17,,,,8285,206,5647
sync-cycle,implementation,9af7a5f36,13,18,,,,8280,219,5740
sync-cycle,implementation,9af7a5f36,13,19,,,,8120,245,5873
sync-cycle,baseline,3acc11385,13,0,,,,8174,224,5899
sync-cycle,baseline,3acc11385,13,1,,,,8498,216,5853
sync-cycle,baseline,3acc11385,13,2,,,,8701,232,5766
sync-cycle,baseline,3acc11385,13,3,,,,9788,217,6236
sync-cycle,baseline,3acc11385,13,4,,,,11723,290,12061
sync-cycle,baseline,3acc11385,13,5,,,,11595,269,6699
sync-cycle,baseline,3acc11385,13,6,,,,10810,210,6385
sync-cycle,baseline,3acc11385,13,7,,,,10783,274,6824
sync-cycle,baseline,3acc11385,13,8,,,,8749,281,5838
sync-cycle,baseline,3acc11385,13,9,,,,8758,209,5438
sync-cycle,baseline,3acc11385,13,10,,,,8973,223,6168
sync-cycle,baseline,3acc11385,13,11,,,,9320,262,6645
sync-cycle,baseline,3acc11385,13,12,,,,8752,243,5928
sync-cycle,baseline,3acc11385,13,13,,,,8433,220,5526
sync-cycle,baseline,3acc11385,13,14,,,,8358,213,5586
sync-cycle,baseline,3acc11385,13,15,,,,8394,218,5872
sync-cycle,baseline,3acc11385,13,16,,,,8913,234,5884
sync-cycle,baseline,3acc11385,13,17,,,,9717,210,6465
sync-cycle,baseline,3acc11385,13,18,,,,9181,202,6305
sync-cycle,baseline,3acc11385,13,19,,,,9814,269,5982
sequential,baseline,3acc11385,14,0,6528387,6347724,18398,,,
sequential,baseline,3acc11385,14,1,6907349,6935630,18760,,,
sequential,baseline,3acc11385,14,2,6444005,6791892,18152,,,
sequential,baseline,3acc11385,14,3,6798802,6241155,18302,,,
sequential,baseline,3acc11385,14,4,6884704,8022649,18799,,,
sequential,baseline,3acc11385,14,5,6724274,6649703,18630,,,
sequential,baseline,3acc11385,14,6,6837618,7068038,18682,,,
sequential,baseline,3acc11385,14,7,6265665,7151187,18813,,,
sequential,baseline,3acc11385,14,8,6433743,6883765,19467,,,
sequential,baseline,3acc11385,14,9,6710824,8030876,20142,,,
sequential,baseline,3acc11385,14,10,7492766,7064248,37660,,,
sequential,baseline,3acc11385,14,11,7294995,7160671,19738,,,
sequential,baseline,3acc11385,14,12,7017999,8675238,19058,,,
sequential,baseline,3acc11385,14,13,6988940,8581476,19889,,,
sequential,baseline,3acc11385,14,14,7219016,8763715,20480,,,
sequential,baseline,3acc11385,14,15,7135005,7728105,18461,,,
sequential,baseline,3acc11385,14,16,6939311,7489767,19430,,,
sequential,baseline,3acc11385,14,17,6723661,8404808,44097,,,
sequential,baseline,3acc11385,14,18,6660869,6182705,16990,,,
sequential,baseline,3acc11385,14,19,6497365,7072059,18184,,,
sequential,implementation,9af7a5f36,14,0,6494755,7408141,18866,,,
sequential,implementation,9af7a5f36,14,1,6785961,7171783,18123,,,
sequential,implementation,9af7a5f36,14,2,6545401,6589057,18244,,,
sequential,implementation,9af7a5f36,14,3,7165260,6092672,18539,,,
sequential,implementation,9af7a5f36,14,4,6593645,6770193,18677,,,
sequential,implementation,9af7a5f36,14,5,6983368,6570894,18086,,,
sequential,implementation,9af7a5f36,14,6,6692135,7027640,18443,,,
sequential,implementation,9af7a5f36,14,7,7214257,6447555,19300,,,
sequential,implementation,9af7a5f36,14,8,6720473,6753949,17661,,,
sequential,implementation,9af7a5f36,14,9,6497214,6093132,17979,,,
sequential,implementation,9af7a5f36,14,10,6872225,6885165,18247,,,
sequential,implementation,9af7a5f36,14,11,6580459,6632381,18016,,,
sequential,implementation,9af7a5f36,14,12,6675096,6790526,17412,,,
sequential,implementation,9af7a5f36,14,13,8781251,7564371,17890,,,
sequential,implementation,9af7a5f36,14,14,6638156,6630052,18225,,,
sequential,implementation,9af7a5f36,14,15,7032966,7058395,18742,,,
sequential,implementation,9af7a5f36,14,16,7305728,7876848,18579,,,
sequential,implementation,9af7a5f36,14,17,7457167,7321028,19302,,,
sequential,implementation,9af7a5f36,14,18,7426460,7341384,19472,,,
sequential,implementation,9af7a5f36,14,19,7031621,6849084,41075,,,
sync-cycle,baseline,3acc11385,14,0,,,,8487,275,5709
sync-cycle,baseline,3acc11385,14,1,,,,8676,232,5586
sync-cycle,baseline,3acc11385,14,2,,,,8632,275,5698
sync-cycle,baseline,3acc11385,14,3,,,,8577,212,5654
sync-cycle,baseline,3acc11385,14,4,,,,8384,247,5714
sync-cycle,baseline,3acc11385,14,5,,,,8628,245,5546
sync-cycle,baseline,3acc11385,14,6,,,,10735,218,6413
sync-cycle,baseline,3acc11385,14,7,,,,10525,254,6717
sync-cycle,baseline,3acc11385,14,8,,,,9244,231,5999
sync-cycle,baseline,3acc11385,14,9,,,,10891,410,8217
sync-cycle,baseline,3acc11385,14,10,,,,8552,208,5622
sync-cycle,baseline,3acc11385,14,11,,,,10196,198,6278
sync-cycle,baseline,3acc11385,14,12,,,,8549,202,5704
sync-cycle,baseline,3acc11385,14,13,,,,8561,204,5402
sync-cycle,baseline,3acc11385,14,14,,,,7954,187,5956
sync-cycle,baseline,3acc11385,14,15,,,,9568,256,6129
sync-cycle,baseline,3acc11385,14,16,,,,8530,213,5263
sync-cycle,baseline,3acc11385,14,17,,,,8842,266,5813
sync-cycle,baseline,3acc11385,14,18,,,,9476,272,6161
sync-cycle,baseline,3acc11385,14,19,,,,8587,276,5964
sync-cycle,implementation,9af7a5f36,14,0,,,,8395,284,5869
sync-cycle,implementation,9af7a5f36,14,1,,,,8487,262,5978
sync-cycle,implementation,9af7a5f36,14,2,,,,8125,257,5579
sync-cycle,implementation,9af7a5f36,14,3,,,,8540,272,5891
sync-cycle,implementation,9af7a5f36,14,4,,,,9271,316,6237
sync-cycle,implementation,9af7a5f36,14,5,,,,8946,269,5857
sync-cycle,implementation,9af7a5f36,14,6,,,,8576,277,5829
sync-cycle,implementation,9af7a5f36,14,7,,,,8910,282,6099
sync-cycle,implementation,9af7a5f36,14,8,,,,10773,325,7586
sync-cycle,implementation,9af7a5f36,14,9,,,,9340,336,6466
sync-cycle,implementation,9af7a5f36,14,10,,,,11088,373,7224
sync-cycle,implementation,9af7a5f36,14,11,,,,10346,346,26070
sync-cycle,implementation,9af7a5f36,14,12,,,,9104,281,6489
sync-cycle,implementation,9af7a5f36,14,13,,,,8000,212,5450
sync-cycle,implementation,9af7a5f36,14,14,,,,8221,245,5964
sync-cycle,implementation,9af7a5f36,14,15,,,,8477,239,6300
sync-cycle,implementation,9af7a5f36,14,16,,,,8490,267,5602
sync-cycle,implementation,9af7a5f36,14,17,,,,8415,212,5745
sync-cycle,implementation,9af7a5f36,14,18,,,,8558,234,5625
sync-cycle,implementation,9af7a5f36,14,19,,,,9167,308,24688
sequential,implementation,9af7a5f36,15,0,6941376,6086670,18065,,,
sequential,implementation,9af7a5f36,15,1,6890974,6449032,38238,,,
sequential,implementation,9af7a5f36,15,2,7104476,6672403,17813,,,
sequential,implementation,9af7a5f36,15,3,6435683,6373626,37612,,,
sequential,implementation,9af7a5f36,15,4,6682624,6098658,18623,,,
sequential,implementation,9af7a5f36,15,5,6344336,6134839,19789,,,
sequential,implementation,9af7a5f36,15,6,6560547,6490094,18619,,,
sequential,implementation,9af7a5f36,15,7,7034804,7046874,23543,,,
sequential,implementation,9af7a5f36,15,8,6979049,6803119,18291,,,
sequential,implementation,9af7a5f36,15,9,6430346,6805030,18841,,,
sequential,implementation,9af7a5f36,15,10,7283514,6708457,18984,,,
sequential,implementation,9af7a5f36,15,11,7031379,6600466,18406,,,
sequential,implementation,9af7a5f36,15,12,7024920,6631984,21303,,,
sequential,implementation,9af7a5f36,15,13,6263566,6878390,17607,,,
sequential,implementation,9af7a5f36,15,14,6685442,6947809,18468,,,
sequential,implementation,9af7a5f36,15,15,6413068,7619934,19615,,,
sequential,implementation,9af7a5f36,15,16,8189972,6637461,18724,,,
sequential,implementation,9af7a5f36,15,17,7066595,7090418,19779,,,
sequential,implementation,9af7a5f36,15,18,7090529,7928115,19231,,,
sequential,implementation,9af7a5f36,15,19,7233303,6982616,18835,,,
sequential,baseline,3acc11385,15,0,7308718,7134885,18276,,,
sequential,baseline,3acc11385,15,1,6365354,6728612,17924,,,
sequential,baseline,3acc11385,15,2,6539011,7018972,17675,,,
sequential,baseline,3acc11385,15,3,6493819,6358363,18523,,,
sequential,baseline,3acc11385,15,4,6559692,6681610,18093,,,
sequential,baseline,3acc11385,15,5,6992196,6183593,18445,,,
sequential,baseline,3acc11385,15,6,6623480,6580257,18165,,,
sequential,baseline,3acc11385,15,7,6788737,6785808,18782,,,
sequential,baseline,3acc11385,15,8,6514359,7377462,24467,,,
sequential,baseline,3acc11385,15,9,6892346,6004482,18697,,,
sequential,baseline,3acc11385,15,10,6590725,6080280,17896,,,
sequential,baseline,3acc11385,15,11,6427244,5981421,18279,,,
sequential,baseline,3acc11385,15,12,6933160,6156377,20135,,,
sequential,baseline,3acc11385,15,13,6704198,6017468,18564,,,
sequential,baseline,3acc11385,15,14,6320300,6819854,18282,,,
sequential,baseline,3acc11385,15,15,6287950,6015402,18349,,,
sequential,baseline,3acc11385,15,16,7507367,6800342,18398,,,
sequential,baseline,3acc11385,15,17,6737038,6359087,17579,,,
sequential,baseline,3acc11385,15,18,6368292,6370284,18035,,,
sequential,baseline,3acc11385,15,19,6355838,6051846,20015,,,
sync-cycle,implementation,9af7a5f36,15,0,,,,17223,428,29069
sync-cycle,implementation,9af7a5f36,15,1,,,,13211,322,9039
sync-cycle,implementation,9af7a5f36,15,2,,,,13311,276,9784
sync-cycle,implementation,9af7a5f36,15,3,,,,12954,248,9096
sync-cycle,implementation,9af7a5f36,15,4,,,,12556,336,8398
sync-cycle,implementation,9af7a5f36,15,5,,,,12484,227,8708
sync-cycle,implementation,9af7a5f36,15,6,,,,12030,249,8604
sync-cycle,implementation,9af7a5f36,15,7,,,,7745,224,5702
sync-cycle,implementation,9af7a5f36,15,8,,,,8438,221,5924
sync-cycle,implementation,9af7a5f36,15,9,,,,7650,235,5389
sync-cycle,implementation,9af7a5f36,15,10,,,,8292,284,5700
sync-cycle,implementation,9af7a5f36,15,11,,,,8441,283,6100
sync-cycle,implementation,9af7a5f36,15,12,,,,8482,269,6265
sync-cycle,implementation,9af7a5f36,15,13,,,,7599,204,5455
sync-cycle,implementation,9af7a5f36,15,14,,,,8172,232,5958
sync-cycle,implementation,9af7a5f36,15,15,,,,8827,299,6107
sync-cycle,implementation,9af7a5f36,15,16,,,,9315,286,6318
sync-cycle,implementation,9af7a5f36,15,17,,,,9680,319,6514
sync-cycle,implementation,9af7a5f36,15,18,,,,8655,281,6248
sync-cycle,implementation,9af7a5f36,15,19,,,,8725,289,5709
sync-cycle,baseline,3acc11385,15,0,,,,8248,242,5635
sync-cycle,baseline,3acc11385,15,1,,,,8218,214,5477
sync-cycle,baseline,3acc11385,15,2,,,,33027,232,6122
sync-cycle,baseline,3acc11385,15,3,,,,9122,268,6070
sync-cycle,baseline,3acc11385,15,4,,,,23171,233,5426
sync-cycle,baseline,3acc11385,15,5,,,,10566,314,6905
sync-cycle,baseline,3acc11385,15,6,,,,8495,220,5965
sync-cycle,baseline,3acc11385,15,7,,,,7785,181,5172
sync-cycle,baseline,3acc11385,15,8,,,,8285,193,5681
sync-cycle,baseline,3acc11385,15,9,,,,8507,199,5652
sync-cycle,baseline,3acc11385,15,10,,,,8563,176,5455
sync-cycle,baseline,3acc11385,15,11,,,,8361,279,5619
sync-cycle,baseline,3acc11385,15,12,,,,12229,426,8668
sync-cycle,baseline,3acc11385,15,13,,,,8529,209,5408
sync-cycle,baseline,3acc11385,15,14,,,,8413,277,5395
sync-cycle,baseline,3acc11385,15,15,,,,8665,264,5679
sync-cycle,baseline,3acc11385,15,16,,,,10345,255,8850
sync-cycle,baseline,3acc11385,15,17,,,,26905,270,6530
sync-cycle,baseline,3acc11385,15,18,,,,10952,289,7464
sync-cycle,baseline,3acc11385,15,19,,,,11101,308,6967
sequential,baseline,3acc11385,16,0,7230374,7327335,18641,,,
sequential,baseline,3acc11385,16,1,7534349,7000655,18672,,,
sequential,baseline,3acc11385,16,2,6659754,6040695,18151,,,
sequential,baseline,3acc11385,16,3,6343792,6825785,18505,,,
sequential,baseline,3acc11385,16,4,6486621,6890362,18446,,,
sequential,baseline,3acc11385,16,5,6457963,6500904,19369,,,
sequential,baseline,3acc11385,16,6,6310213,7012978,18125,,,
sequential,baseline,3acc11385,16,7,6551150,6065087,18461,,,
sequential,baseline,3acc11385,16,8,6565192,7232821,18916,,,
sequential,baseline,3acc11385,16,9,6544747,6432229,18122,,,
sequential,baseline,3acc11385,16,10,6320643,6959825,21673,,,
sequential,baseline,3acc11385,16,11,6880628,6073504,17677,,,
sequential,baseline,3acc11385,16,12,6978521,6073660,18164,,,
sequential,baseline,3acc11385,16,13,6628015,6514794,20254,,,
sequential,baseline,3acc11385,16,14,6312467,6361061,18312,,,
sequential,baseline,3acc11385,16,15,6568808,6710112,19550,,,
sequential,baseline,3acc11385,16,16,6950960,6249343,21418,,,
sequential,baseline,3acc11385,16,17,6508774,6660896,18286,,,
sequential,baseline,3acc11385,16,18,6867223,6776076,17505,,,
sequential,baseline,3acc11385,16,19,6482308,6779147,17689,,,
sequential,implementation,9af7a5f36,16,0,7406858,7368649,19559,,,
sequential,implementation,9af7a5f36,16,1,7164912,6233093,19061,,,
sequential,implementation,9af7a5f36,16,2,6548511,6019956,17004,,,
sequential,implementation,9af7a5f36,16,3,6385743,6388009,19052,,,
sequential,implementation,9af7a5f36,16,4,6474403,6669874,18319,,,
sequential,implementation,9af7a5f36,16,5,6317663,6941136,18247,,,
sequential,implementation,9af7a5f36,16,6,6544855,6449506,19020,,,
sequential,implementation,9af7a5f36,16,7,6829470,6864735,18619,,,
sequential,implementation,9af7a5f36,16,8,6376758,6250068,18419,,,
sequential,implementation,9af7a5f36,16,9,7285462,6818073,18811,,,
sequential,implementation,9af7a5f36,16,10,6932154,6036384,19231,,,
sequential,implementation,9af7a5f36,16,11,6747148,6178390,18748,,,
sequential,implementation,9af7a5f36,16,12,6310429,6910056,17773,,,
sequential,implementation,9af7a5f36,16,13,6454790,6022269,18812,,,
sequential,implementation,9af7a5f36,16,14,6493074,6313748,18433,,,
sequential,implementation,9af7a5f36,16,15,6519989,5979597,18831,,,
sequential,implementation,9af7a5f36,16,16,6863318,6360419,18791,,,
sequential,implementation,9af7a5f36,16,17,6311395,6889862,19087,,,
sequential,implementation,9af7a5f36,16,18,6603257,6775750,18912,,,
sequential,implementation,9af7a5f36,16,19,6632905,6271986,18055,,,
sync-cycle,baseline,3acc11385,16,0,,,,9689,266,6449
sync-cycle,baseline,3acc11385,16,1,,,,29337,293,6243
sync-cycle,baseline,3acc11385,16,2,,,,10715,249,6563
sync-cycle,baseline,3acc11385,16,3,,,,10071,307,6324
sync-cycle,baseline,3acc11385,16,4,,,,9247,241,6035
sync-cycle,baseline,3acc11385,16,5,,,,11304,322,6966
sync-cycle,baseline,3acc11385,16,6,,,,9873,265,6321
sync-cycle,baseline,3acc11385,16,7,,,,10774,320,6971
sync-cycle,baseline,3acc11385,16,8,,,,10670,228,6783
sync-cycle,baseline,3acc11385,16,9,,,,10095,282,6505
sync-cycle,baseline,3acc11385,16,10,,,,8646,287,5442
sync-cycle,baseline,3acc11385,16,11,,,,7888,197,5703
sync-cycle,baseline,3acc11385,16,12,,,,8092,196,5666
sync-cycle,baseline,3acc11385,16,13,,,,8558,211,5698
sync-cycle,baseline,3acc11385,16,14,,,,8240,187,5838
sync-cycle,baseline,3acc11385,16,15,,,,8340,237,5536
sync-cycle,baseline,3acc11385,16,16,,,,8877,250,5653
sync-cycle,baseline,3acc11385,16,17,,,,7662,257,5489
sync-cycle,baseline,3acc11385,16,18,,,,8261,322,5541
sync-cycle,baseline,3acc11385,16,19,,,,8313,299,5580
sync-cycle,implementation,9af7a5f36,16,0,,,,8221,256,5540
sync-cycle,implementation,9af7a5f36,16,1,,,,8276,275,5776
sync-cycle,implementation,9af7a5f36,16,2,,,,8143,244,5559
sync-cycle,implementation,9af7a5f36,16,3,,,,8438,290,5495
sync-cycle,implementation,9af7a5f36,16,4,,,,8858,269,5961
sync-cycle,implementation,9af7a5f36,16,5,,,,8275,317,5716
sync-cycle,implementation,9af7a5f36,16,6,,,,8162,285,5662
sync-cycle,implementation,9af7a5f36,16,7,,,,8318,294,5672
sync-cycle,implementation,9af7a5f36,16,8,,,,8218,266,5561
sync-cycle,implementation,9af7a5f36,16,9,,,,8491,255,5930
sync-cycle,implementation,9af7a5f36,16,10,,,,8211,223,5386
sync-cycle,implementation,9af7a5f36,16,11,,,,8427,262,5487
sync-cycle,implementation,9af7a5f36,16,12,,,,8318,234,5937
sync-cycle,implementation,9af7a5f36,16,13,,,,7652,228,5352
sync-cycle,implementation,9af7a5f36,16,14,,,,8894,289,5686
sync-cycle,implementation,9af7a5f36,16,15,,,,8752,250,5851
sync-cycle,implementation,9af7a5f36,16,16,,,,8275,236,5319
sync-cycle,implementation,9af7a5f36,16,17,,,,8506,277,5759
sync-cycle,implementation,9af7a5f36,16,18,,,,7980,213,5714
sync-cycle,implementation,9af7a5f36,16,19,,,,7907,221,5613
sequential,implementation,9af7a5f36,17,0,7289717,7111048,19594,,,
sequential,implementation,9af7a5f36,17,1,7122668,7416470,18906,,,
sequential,implementation,9af7a5f36,17,2,7245585,7198270,19765,,,
sequential,implementation,9af7a5f36,17,3,7223402,6575694,18608,,,
sequential,implementation,9af7a5f36,17,4,7273929,6909625,19712,,,
sequential,implementation,9af7a5f36,17,5,7112845,6906078,20598,,,
sequential,implementation,9af7a5f36,17,6,7096243,7170150,37275,,,
sequential,implementation,9af7a5f36,17,7,7278976,7045350,17956,,,
sequential,implementation,9af7a5f36,17,8,7664695,6674214,18090,,,
sequential,implementation,9af7a5f36,17,9,7298276,7078446,17590,,,
sequential,implementation,9af7a5f36,17,10,7009862,7054669,18910,,,
sequential,implementation,9af7a5f36,17,11,7436346,6619879,18071,,,
sequential,implementation,9af7a5f36,17,12,7254799,6886319,18925,,,
sequential,implementation,9af7a5f36,17,13,7102666,7155343,40860,,,
sequential,implementation,9af7a5f36,17,14,7149849,7461438,20315,,,
sequential,implementation,9af7a5f36,17,15,7515371,7589332,20847,,,
sequential,implementation,9af7a5f36,17,16,7170983,7295077,18830,,,
sequential,implementation,9af7a5f36,17,17,7206510,7059792,18305,,,
sequential,implementation,9af7a5f36,17,18,6979285,7502201,19583,,,
sequential,implementation,9af7a5f36,17,19,6886585,6184207,18056,,,
sequential,baseline,3acc11385,17,0,6557652,6380619,17815,,,
sequential,baseline,3acc11385,17,1,6637453,6689653,17774,,,
sequential,baseline,3acc11385,17,2,6988644,7677964,18550,,,
sequential,baseline,3acc11385,17,3,7323847,7385631,28891,,,
sequential,baseline,3acc11385,17,4,7157191,7654431,21105,,,
sequential,baseline,3acc11385,17,5,7318621,6634812,17124,,,
sequential,baseline,3acc11385,17,6,7210277,6722627,17901,,,
sequential,baseline,3acc11385,17,7,6658736,6781383,19245,,,
sequential,baseline,3acc11385,17,8,6501531,7353376,19331,,,
sequential,baseline,3acc11385,17,9,6395420,10210843,22997,,,
sequential,baseline,3acc11385,17,10,6467036,8133008,20124,,,
sequential,baseline,3acc11385,17,11,7497736,7532303,19284,,,
sequential,baseline,3acc11385,17,12,6974070,6703424,18109,,,
sequential,baseline,3acc11385,17,13,7188755,6391097,19398,,,
sequential,baseline,3acc11385,17,14,7031014,6725950,18998,,,
sequential,baseline,3acc11385,17,15,6941645,8120838,36841,,,
sequential,baseline,3acc11385,17,16,6484708,8235878,25460,,,
sequential,baseline,3acc11385,17,17,7052396,7389719,18435,,,
sequential,baseline,3acc11385,17,18,6576777,9004227,19050,,,
sequential,baseline,3acc11385,17,19,7265181,8453363,26143,,,
sync-cycle,implementation,9af7a5f36,17,0,,,,9618,286,6633
sync-cycle,implementation,9af7a5f36,17,1,,,,9489,293,6156
sync-cycle,implementation,9af7a5f36,17,2,,,,8140,225,5273
sync-cycle,implementation,9af7a5f36,17,3,,,,31325,269,8120
sync-cycle,implementation,9af7a5f36,17,4,,,,8629,210,6254
sync-cycle,implementation,9af7a5f36,17,5,,,,8489,250,6047
sync-cycle,implementation,9af7a5f36,17,6,,,,12373,329,8000
sync-cycle,implementation,9af7a5f36,17,7,,,,9228,259,6569
sync-cycle,implementation,9af7a5f36,17,8,,,,9384,275,6686
sync-cycle,implementation,9af7a5f36,17,9,,,,11576,312,7487
sync-cycle,implementation,9af7a5f36,17,10,,,,10756,280,7377
sync-cycle,implementation,9af7a5f36,17,11,,,,9750,245,6668
sync-cycle,implementation,9af7a5f36,17,12,,,,14183,508,10917
sync-cycle,implementation,9af7a5f36,17,13,,,,12071,468,8868
sync-cycle,implementation,9af7a5f36,17,14,,,,8735,208,5836
sync-cycle,implementation,9af7a5f36,17,15,,,,8719,241,6233
sync-cycle,implementation,9af7a5f36,17,16,,,,8577,220,5740
sync-cycle,implementation,9af7a5f36,17,17,,,,8653,230,5797
sync-cycle,implementation,9af7a5f36,17,18,,,,13321,419,9659
sync-cycle,implementation,9af7a5f36,17,19,,,,12802,460,9044
sync-cycle,baseline,3acc11385,17,0,,,,12216,229,7484
sync-cycle,baseline,3acc11385,17,1,,,,14348,432,10810
sync-cycle,baseline,3acc11385,17,2,,,,12074,386,8100
sync-cycle,baseline,3acc11385,17,3,,,,12223,451,8307
sync-cycle,baseline,3acc11385,17,4,,,,27257,285,6326
sync-cycle,baseline,3acc11385,17,5,,,,8654,179,5284
sync-cycle,baseline,3acc11385,17,6,,,,8757,173,5521
sync-cycle,baseline,3acc11385,17,7,,,,9376,184,5904
sync-cycle,baseline,3acc11385,17,8,,,,10776,232,6645
sync-cycle,baseline,3acc11385,17,9,,,,11102,383,7885
sync-cycle,baseline,3acc11385,17,10,,,,10186,308,6368
sync-cycle,baseline,3acc11385,17,11,,,,11860,239,7185
sync-cycle,baseline,3acc11385,17,12,,,,11957,198,7967
sync-cycle,baseline,3acc11385,17,13,,,,11232,248,7000
sync-cycle,baseline,3acc11385,17,14,,,,12436,228,7004
sync-cycle,baseline,3acc11385,17,15,,,,10171,265,6479
sync-cycle,baseline,3acc11385,17,16,,,,9390,221,5841
sync-cycle,baseline,3acc11385,17,17,,,,9429,279,6146
sync-cycle,baseline,3acc11385,17,18,,,,9493,239,6460
sync-cycle,baseline,3acc11385,17,19,,,,12485,409,8568
sequential,baseline,3acc11385,18,0,7234872,7936459,20774,,,
sequential,baseline,3acc11385,18,1,7325372,7335184,19756,,,
sequential,baseline,3acc11385,18,2,7320524,7037189,19178,,,
sequential,baseline,3acc11385,18,3,7060031,7163020,18418,,,
sequential,baseline,3acc11385,18,4,7649093,8422143,35845,,,
sequential,baseline,3acc11385,18,5,7047456,7069314,35061,,,
sequential,baseline,3acc11385,18,6,7209837,6866538,18610,,,
sequential,baseline,3acc11385,18,7,6902268,7370851,19156,,,
sequential,baseline,3acc11385,18,8,6677405,7202851,17666,,,
sequential,baseline,3acc11385,18,9,7017770,7747683,18089,,,
sequential,baseline,3acc11385,18,10,6720328,7542815,21488,,,
sequential,baseline,3acc11385,18,11,6530950,6985104,18105,,,
sequential,baseline,3acc11385,18,12,7322214,7293168,17973,,,
sequential,baseline,3acc11385,18,13,6644352,6396790,18531,,,
sequential,baseline,3acc11385,18,14,6520817,7390999,18870,,,
sequential,baseline,3acc11385,18,15,6634590,6416555,19809,,,
sequential,baseline,3acc11385,18,16,6519842,8231900,18035,,,
sequential,baseline,3acc11385,18,17,7196548,7745825,17782,,,
sequential,baseline,3acc11385,18,18,7202828,7108749,18391,,,
sequential,baseline,3acc11385,18,19,6979642,7101489,21182,,,
sequential,implementation,9af7a5f36,18,0,7020293,7151965,21791,,,
sequential,implementation,9af7a5f36,18,1,7372449,8625573,28348,,,
sequential,implementation,9af7a5f36,18,2,7386242,8131076,19182,,,
sequential,implementation,9af7a5f36,18,3,7357319,7661237,19351,,,
sequential,implementation,9af7a5f36,18,4,7057313,6839073,18163,,,
sequential,implementation,9af7a5f36,18,5,6719174,8397205,21058,,,
sequential,implementation,9af7a5f36,18,6,7189906,7994724,18701,,,
sequential,implementation,9af7a5f36,18,7,6922732,7834244,20079,,,
sequential,implementation,9af7a5f36,18,8,7210657,7673873,20961,,,
sequential,implementation,9af7a5f36,18,9,7378163,7876171,20010,,,
sequential,implementation,9af7a5f36,18,10,6940188,7204149,18928,,,
sequential,implementation,9af7a5f36,18,11,6812229,7526216,42634,,,
sequential,implementation,9af7a5f36,18,12,6379987,8444296,20415,,,
sequential,implementation,9af7a5f36,18,13,7389386,7818609,19282,,,
sequential,implementation,9af7a5f36,18,14,6724837,7306611,19661,,,
sequential,implementation,9af7a5f36,18,15,6341148,7331405,18616,,,
sequential,implementation,9af7a5f36,18,16,6863438,8691415,62129,,,
sequential,implementation,9af7a5f36,18,17,6413284,7949708,19756,,,
sequential,implementation,9af7a5f36,18,18,6495031,8590852,20182,,,
sequential,implementation,9af7a5f36,18,19,7208174,7122105,19268,,,
sync-cycle,baseline,3acc11385,18,0,,,,29696,237,7705
sync-cycle,baseline,3acc11385,18,1,,,,14329,304,9221
sync-cycle,baseline,3acc11385,18,2,,,,13797,265,9027
sync-cycle,baseline,3acc11385,18,3,,,,13189,257,8130
sync-cycle,baseline,3acc11385,18,4,,,,13557,240,8291
sync-cycle,baseline,3acc11385,18,5,,,,18300,351,12544
sync-cycle,baseline,3acc11385,18,6,,,,13014,273,9773
sync-cycle,baseline,3acc11385,18,7,,,,13594,348,8871
sync-cycle,baseline,3acc11385,18,8,,,,12779,276,9526
sync-cycle,baseline,3acc11385,18,9,,,,14132,334,9113
sync-cycle,baseline,3acc11385,18,10,,,,13248,341,8376
sync-cycle,baseline,3acc11385,18,11,,,,12737,269,9114
sync-cycle,baseline,3acc11385,18,12,,,,13632,268,9041
sync-cycle,baseline,3acc11385,18,13,,,,13628,298,8115
sync-cycle,baseline,3acc11385,18,14,,,,30381,300,9048
sync-cycle,baseline,3acc11385,18,15,,,,12493,244,8956
sync-cycle,baseline,3acc11385,18,16,,,,13098,267,8433
sync-cycle,baseline,3acc11385,18,17,,,,13104,222,8361
sync-cycle,baseline,3acc11385,18,18,,,,13186,278,9416
sync-cycle,baseline,3acc11385,18,19,,,,14249,282,8704
sync-cycle,implementation,9af7a5f36,18,0,,,,12857,253,8015
sync-cycle,implementation,9af7a5f36,18,1,,,,12515,241,8261
sync-cycle,implementation,9af7a5f36,18,2,,,,12567,265,8405
sync-cycle,implementation,9af7a5f36,18,3,,,,12605,318,8252
sync-cycle,implementation,9af7a5f36,18,4,,,,12259,343,8534
sync-cycle,implementation,9af7a5f36,18,5,,,,11652,200,8763
sync-cycle,implementation,9af7a5f36,18,6,,,,14572,382,8676
sync-cycle,implementation,9af7a5f36,18,7,,,,11860,224,8258
sync-cycle,implementation,9af7a5f36,18,8,,,,12413,278,9266
sync-cycle,implementation,9af7a5f36,18,9,,,,12732,304,9215
sync-cycle,implementation,9af7a5f36,18,10,,,,14545,262,10375
sync-cycle,implementation,9af7a5f36,18,11,,,,12905,343,8809
sync-cycle,implementation,9af7a5f36,18,12,,,,14018,341,9332
sync-cycle,implementation,9af7a5f36,18,13,,,,12776,295,7794
sync-cycle,implementation,9af7a5f36,18,14,,,,14072,238,8754
sync-cycle,implementation,9af7a5f36,18,15,,,,12853,333,8562
sync-cycle,implementation,9af7a5f36,18,16,,,,12936,301,8508
sync-cycle,implementation,9af7a5f36,18,17,,,,12610,275,8736
sync-cycle,implementation,9af7a5f36,18,18,,,,14019,272,9407
sync-cycle,implementation,9af7a5f36,18,19,,,,13503,235,9666
sequential,implementation,9af7a5f36,19,0,7290547,8911287,21591,,,
sequential,implementation,9af7a5f36,19,1,7076594,8856390,20978,,,
sequential,implementation,9af7a5f36,19,2,7303569,8398447,21402,,,
sequential,implementation,9af7a5f36,19,3,7150848,8904506,22860,,,
sequential,implementation,9af7a5f36,19,4,7321704,8764006,20551,,,
sequential,implementation,9af7a5f36,19,5,7410570,8612162,19967,,,
sequential,implementation,9af7a5f36,19,6,6651456,8373576,20302,,,
sequential,implementation,9af7a5f36,19,7,6864673,7469080,19597,,,
sequential,implementation,9af7a5f36,19,8,7090752,7925515,20103,,,
sequential,implementation,9af7a5f36,19,9,7073188,8250516,20277,,,
sequential,implementation,9af7a5f36,19,10,7025641,8077747,20169,,,
sequential,implementation,9af7a5f36,19,11,7088660,8272563,19617,,,
sequential,implementation,9af7a5f36,19,12,7319433,7234059,20179,,,
sequential,implementation,9af7a5f36,19,13,7153026,7987425,21154,,,
sequential,implementation,9af7a5f36,19,14,6827598,7833595,20325,,,
sequential,implementation,9af7a5f36,19,15,7382467,10702135,23315,,,
sequential,implementation,9af7a5f36,19,16,7541375,9817936,23762,,,
sequential,implementation,9af7a5f36,19,17,7409304,9895501,21984,,,
sequential,implementation,9af7a5f36,19,18,7418718,11307660,30760,,,
sequential,implementation,9af7a5f36,19,19,7281995,11978835,31536,,,
sequential,baseline,3acc11385,19,0,13342904,13751471,33465,,,
sequential,baseline,3acc11385,19,1,11877514,14618507,35316,,,
sequential,baseline,3acc11385,19,2,11482023,12734246,36893,,,
sequential,baseline,3acc11385,19,3,11420541,13919662,34891,,,
sequential,baseline,3acc11385,19,4,11591390,15238514,35896,,,
sequential,baseline,3acc11385,19,5,12311420,13767520,464866,,,
sequential,baseline,3acc11385,19,6,11542078,12846712,33871,,,
sequential,baseline,3acc11385,19,7,11385216,14275369,33899,,,
sequential,baseline,3acc11385,19,8,13551710,14957056,33532,,,
sequential,baseline,3acc11385,19,9,10321555,13117193,35175,,,
sequential,baseline,3acc11385,19,10,10485296,12310989,33777,,,
sequential,baseline,3acc11385,19,11,10155797,10684580,28623,,,
sequential,baseline,3acc11385,19,12,9318603,12297675,32519,,,
sequential,baseline,3acc11385,19,13,10908800,12760928,34653,,,
sequential,baseline,3acc11385,19,14,10798166,12177698,33302,,,
sequential,baseline,3acc11385,19,15,23150420,29512734,34950,,,
sequential,baseline,3acc11385,19,16,19937015,14709846,37538,,,
sequential,baseline,3acc11385,19,17,11045362,12324996,34480,,,
sequential,baseline,3acc11385,19,18,10995264,13487070,35469,,,
sequential,baseline,3acc11385,19,19,10991861,12783496,35408,,,
sync-cycle,implementation,9af7a5f36,19,0,,,,21900,687,15190
sync-cycle,implementation,9af7a5f36,19,1,,,,20964,671,14520
sync-cycle,implementation,9af7a5f36,19,2,,,,22163,775,16093
sync-cycle,implementation,9af7a5f36,19,3,,,,21339,759,16133
sync-cycle,implementation,9af7a5f36,19,4,,,,22641,827,14892
sync-cycle,implementation,9af7a5f36,19,5,,,,20911,625,14947
sync-cycle,implementation,9af7a5f36,19,6,,,,21292,645,15030
sync-cycle,implementation,9af7a5f36,19,7,,,,26499,833,14769
sync-cycle,implementation,9af7a5f36,19,8,,,,19800,652,14668
sync-cycle,implementation,9af7a5f36,19,9,,,,21641,1095,14766
sync-cycle,implementation,9af7a5f36,19,10,,,,22138,879,15469
sync-cycle,implementation,9af7a5f36,19,11,,,,20505,763,14561
sync-cycle,implementation,9af7a5f36,19,12,,,,23870,789,14909
sync-cycle,implementation,9af7a5f36,19,13,,,,22547,703,15628
sync-cycle,implementation,9af7a5f36,19,14,,,,22479,815,16061
sync-cycle,implementation,9af7a5f36,19,15,,,,21477,763,14755
sync-cycle,implementation,9af7a5f36,19,16,,,,20848,680,15332
sync-cycle,implementation,9af7a5f36,19,17,,,,21897,864,16034
sync-cycle,implementation,9af7a5f36,19,18,,,,21012,815,15077
sync-cycle,implementation,9af7a5f36,19,19,,,,21634,840,15666
sync-cycle,baseline,3acc11385,19,0,,,,21699,761,14915
sync-cycle,baseline,3acc11385,19,1,,,,20858,789,14803
sync-cycle,baseline,3acc11385,19,2,,,,21237,814,14624
sync-cycle,baseline,3acc11385,19,3,,,,20765,730,14753
sync-cycle,baseline,3acc11385,19,4,,,,29505,805,14874
sync-cycle,baseline,3acc11385,19,5,,,,22339,692,14516
sync-cycle,baseline,3acc11385,19,6,,,,21084,895,14757
sync-cycle,baseline,3acc11385,19,7,,,,20833,802,14594
sync-cycle,baseline,3acc11385,19,8,,,,19245,854,14333
sync-cycle,baseline,3acc11385,19,9,,,,21168,696,14481
sync-cycle,baseline,3acc11385,19,10,,,,20149,609,14310
sync-cycle,baseline,3acc11385,19,11,,,,20845,420,15066
sync-cycle,baseline,3acc11385,19,12,,,,20296,605,15072
sync-cycle,baseline,3acc11385,19,13,,,,19645,544,14021
sync-cycle,baseline,3acc11385,19,14,,,,20056,486,15240
sync-cycle,baseline,3acc11385,19,15,,,,22466,587,16986
sync-cycle,baseline,3acc11385,19,16,,,,19100,581,13987
sync-cycle,baseline,3acc11385,19,17,,,,19006,537,14673
sync-cycle,baseline,3acc11385,19,18,,,,20825,688,14269
sync-cycle,baseline,3acc11385,19,19,,,,19353,552,13467
sequential,baseline,3acc11385,20,0,9691104,12940052,34556,,,
sequential,baseline,3acc11385,20,1,9144446,13644752,34756,,,
sequential,baseline,3acc11385,20,2,10366391,11665559,28290,,,
sequential,baseline,3acc11385,20,3,9679869,12283863,31575,,,
sequential,baseline,3acc11385,20,4,9568144,11976155,30884,,,
sequential,baseline,3acc11385,20,5,10605250,13250526,34447,,,
sequential,baseline,3acc11385,20,6,10416868,12454097,31834,,,
sequential,baseline,3acc11385,20,7,10469536,12463453,32550,,,
sequential,baseline,3acc11385,20,8,10223600,11810749,31494,,,
sequential,baseline,3acc11385,20,9,10184652,11991747,33470,,,
sequential,baseline,3acc11385,20,10,10048856,11931666,32547,,,
sequential,baseline,3acc11385,20,11,9699099,12136343,35654,,,
sequential,baseline,3acc11385,20,12,10474614,13120298,32617,,,
sequential,baseline,3acc11385,20,13,10016144,13424557,35124,,,
sequential,baseline,3acc11385,20,14,8497119,11006595,26007,,,
sequential,baseline,3acc11385,20,15,8300273,9208135,24590,,,
sequential,baseline,3acc11385,20,16,7825208,9608525,23171,,,
sequential,baseline,3acc11385,20,17,8066301,11617646,26988,,,
sequential,baseline,3acc11385,20,18,8192559,10230878,29581,,,
sequential,baseline,3acc11385,20,19,8834117,9793102,23223,,,
sequential,implementation,9af7a5f36,20,0,8091815,9601870,28055,,,
sequential,implementation,9af7a5f36,20,1,7477195,7464105,20003,,,
sequential,implementation,9af7a5f36,20,2,7077833,7120875,19320,,,
sequential,implementation,9af7a5f36,20,3,6906365,7439452,20603,,,
sequential,implementation,9af7a5f36,20,4,7073716,7541212,19813,,,
sequential,implementation,9af7a5f36,20,5,6997337,7454857,20525,,,
sequential,implementation,9af7a5f36,20,6,7111632,8800814,22862,,,
sequential,implementation,9af7a5f36,20,7,7283058,9163937,21657,,,
sequential,implementation,9af7a5f36,20,8,7962285,10334900,29245,,,
sequential,implementation,9af7a5f36,20,9,8853086,11004573,29133,,,
sequential,implementation,9af7a5f36,20,10,7929541,9299741,23595,,,
sequential,implementation,9af7a5f36,20,11,7992836,9142445,22876,,,
sequential,implementation,9af7a5f36,20,12,7531573,9012734,20563,,,
sequential,implementation,9af7a5f36,20,13,7409480,8343926,20907,,,
sequential,implementation,9af7a5f36,20,14,6957300,7667487,19866,,,
sequential,implementation,9af7a5f36,20,15,7000983,8889587,29874,,,
sequential,implementation,9af7a5f36,20,16,7115243,8875571,24675,,,
sequential,implementation,9af7a5f36,20,17,7619455,7997709,22550,,,
sequential,implementation,9af7a5f36,20,18,7807675,8370054,21805,,,
sequential,implementation,9af7a5f36,20,19,8220908,10466463,32452,,,
sync-cycle,baseline,3acc11385,20,0,,,,14952,309,9966
sync-cycle,baseline,3acc11385,20,1,,,,13332,360,8762
sync-cycle,baseline,3acc11385,20,2,,,,12019,258,8362
sync-cycle,baseline,3acc11385,20,3,,,,13673,249,8689
sync-cycle,baseline,3acc11385,20,4,,,,12921,294,8535
sync-cycle,baseline,3acc11385,20,5,,,,11768,262,8127
sync-cycle,baseline,3acc11385,20,6,,,,13110,262,7963
sync-cycle,baseline,3acc11385,20,7,,,,16125,323,10824
sync-cycle,baseline,3acc11385,20,8,,,,16539,480,11397
sync-cycle,baseline,3acc11385,20,9,,,,13869,352,9040
sync-cycle,baseline,3acc11385,20,10,,,,13675,258,8489
sync-cycle,baseline,3acc11385,20,11,,,,13955,303,9671
sync-cycle,baseline,3acc11385,20,12,,,,12589,323,8032
sync-cycle,baseline,3acc11385,20,13,,,,11801,243,7762
sync-cycle,baseline,3acc11385,20,14,,,,12198,185,8033
sync-cycle,baseline,3acc11385,20,15,,,,12453,166,8345
sync-cycle,baseline,3acc11385,20,16,,,,12063,197,7748
sync-cycle,baseline,3acc11385,20,17,,,,10790,215,6867
sync-cycle,baseline,3acc11385,20,18,,,,11459,279,6815
sync-cycle,baseline,3acc11385,20,19,,,,9493,259,5592
sync-cycle,implementation,9af7a5f36,20,0,,,,12285,401,9587
sync-cycle,implementation,9af7a5f36,20,1,,,,10416,268,7163
sync-cycle,implementation,9af7a5f36,20,2,,,,8506,216,5756
sync-cycle,implementation,9af7a5f36,20,3,,,,12434,248,7609
sync-cycle,implementation,9af7a5f36,20,4,,,,14006,293,9790
sync-cycle,implementation,9af7a5f36,20,5,,,,13896,272,8678
sync-cycle,implementation,9af7a5f36,20,6,,,,13996,270,9406
sync-cycle,implementation,9af7a5f36,20,7,,,,17102,339,8549
sync-cycle,implementation,9af7a5f36,20,8,,,,13696,334,8713
sync-cycle,implementation,9af7a5f36,20,9,,,,15287,473,11095
sync-cycle,implementation,9af7a5f36,20,10,,,,9508,318,6647
sync-cycle,implementation,9af7a5f36,20,11,,,,10190,281,7033
sync-cycle,implementation,9af7a5f36,20,12,,,,11769,356,7844
sync-cycle,implementation,9af7a5f36,20,13,,,,12478,342,8180
sync-cycle,implementation,9af7a5f36,20,14,,,,12165,262,8272
sync-cycle,implementation,9af7a5f36,20,15,,,,10577,279,7604
sync-cycle,implementation,9af7a5f36,20,16,,,,12307,288,8053
sync-cycle,implementation,9af7a5f36,20,17,,,,9862,284,6380
sync-cycle,implementation,9af7a5f36,20,18,,,,8728,286,5991
sync-cycle,implementation,9af7a5f36,20,19,,,,8922,252,6019
sequential,implementation,9af7a5f36,21,0,7895404,8705331,23353,,,
sequential,implementation,9af7a5f36,21,1,7711308,7913526,21607,,,
sequential,implementation,9af7a5f36,21,2,7217699,7553053,20528,,,
sequential,implementation,9af7a5f36,21,3,6964263,7584996,20129,,,
sequential,implementation,9af7a5f36,21,4,7049577,7843331,20451,,,
sequential,implementation,9af7a5f36,21,5,6752234,6485312,19945,,,
sequential,implementation,9af7a5f36,21,6,6682568,6606165,17694,,,
sequential,implementation,9af7a5f36,21,7,6871809,6604801,18470,,,
sequential,implementation,9af7a5f36,21,8,6791347,6985251,19006,,,
sequential,implementation,9af7a5f36,21,9,7271763,7510810,19082,,,
sequential,implementation,9af7a5f36,21,10,7051447,6963311,19242,,,
sequential,implementation,9af7a5f36,21,11,7158916,6903377,18967,,,
sequential,implementation,9af7a5f36,21,12,6895625,7276891,19735,,,
sequential,implementation,9af7a5f36,21,13,6641655,7793225,19978,,,
sequential,implementation,9af7a5f36,21,14,8420598,8993015,19557,,,
sequential,implementation,9af7a5f36,21,15,7085346,7794072,19636,,,
sequential,implementation,9af7a5f36,21,16,6778667,8204476,20036,,,
sequential,implementation,9af7a5f36,21,17,7315226,8852223,19731,,,
sequential,implementation,9af7a5f36,21,18,7443332,8406760,21405,,,
sequential,implementation,9af7a5f36,21,19,7590996,8811213,22919,,,
sequential,baseline,3acc11385,21,0,6781812,7884474,21159,,,
sequential,baseline,3acc11385,21,1,6508244,7129731,19798,,,
sequential,baseline,3acc11385,21,2,6625568,7309167,18537,,,
sequential,baseline,3acc11385,21,3,6623076,7025739,19505,,,
sequential,baseline,3acc11385,21,4,6900586,7203596,18487,,,
sequential,baseline,3acc11385,21,5,6568073,7772279,19680,,,
sequential,baseline,3acc11385,21,6,6787379,7690412,18877,,,
sequential,baseline,3acc11385,21,7,7405314,7371942,18915,,,
sequential,baseline,3acc11385,21,8,6566727,7046697,18727,,,
sequential,baseline,3acc11385,21,9,6560522,6910619,18243,,,
sequential,baseline,3acc11385,21,10,6539849,6906976,19627,,,
sequential,baseline,3acc11385,21,11,6669106,6705000,19310,,,
sequential,baseline,3acc11385,21,12,6441805,7153727,18648,,,
sequential,baseline,3acc11385,21,13,6719624,7668830,18689,,,
sequential,baseline,3acc11385,21,14,6484793,7008703,18955,,,
sequential,baseline,3acc11385,21,15,6686372,7225724,19446,,,
sequential,baseline,3acc11385,21,16,6658710,6816981,18528,,,
sequential,baseline,3acc11385,21,17,6312181,7326853,20302,,,
sequential,baseline,3acc11385,21,18,7074656,7404319,18835,,,
sequential,baseline,3acc11385,21,19,6436742,7578164,19877,,,
sync-cycle,implementation,9af7a5f36,21,0,,,,11186,328,9108
sync-cycle,implementation,9af7a5f36,21,1,,,,10495,267,7212
sync-cycle,implementation,9af7a5f36,21,2,,,,11136,242,7240
sync-cycle,implementation,9af7a5f36,21,3,,,,9915,255,6444
sync-cycle,implementation,9af7a5f36,21,4,,,,8752,282,5856
sync-cycle,implementation,9af7a5f36,21,5,,,,8904,288,6211
sync-cycle,implementation,9af7a5f36,21,6,,,,7999,241,5808
sync-cycle,implementation,9af7a5f36,21,7,,,,9136,267,6139
sync-cycle,implementation,9af7a5f36,21,8,,,,9592,258,7241
sync-cycle,implementation,9af7a5f36,21,9,,,,10068,325,6574
sync-cycle,implementation,9af7a5f36,21,10,,,,9643,252,6040
sync-cycle,implementation,9af7a5f36,21,11,,,,10211,333,6825
sync-cycle,implementation,9af7a5f36,21,12,,,,8450,182,6177
sync-cycle,implementation,9af7a5f36,21,13,,,,8472,254,5859
sync-cycle,implementation,9af7a5f36,21,14,,,,9721,333,6544
sync-cycle,implementation,9af7a5f36,21,15,,,,10190,685,6364
sync-cycle,implementation,9af7a5f36,21,16,,,,10277,271,7008
sync-cycle,implementation,9af7a5f36,21,17,,,,9095,305,6158
sync-cycle,implementation,9af7a5f36,21,18,,,,10519,573,7118
sync-cycle,implementation,9af7a5f36,21,19,,,,8743,245,6173
sync-cycle,baseline,3acc11385,21,0,,,,10104,225,6482
sync-cycle,baseline,3acc11385,21,1,,,,9149,207,6170
sync-cycle,baseline,3acc11385,21,2,,,,10636,259,7551
sync-cycle,baseline,3acc11385,21,3,,,,10850,260,6975
sync-cycle,baseline,3acc11385,21,4,,,,9071,258,6354
sync-cycle,baseline,3acc11385,21,5,,,,10697,198,5934
sync-cycle,baseline,3acc11385,21,6,,,,9941,228,7509
sync-cycle,baseline,3acc11385,21,7,,,,10212,270,7016
sync-cycle,baseline,3acc11385,21,8,,,,9738,184,6292
sync-cycle,baseline,3acc11385,21,9,,,,11406,290,7340
sync-cycle,baseline,3acc11385,21,10,,,,9877,189,6205
sync-cycle,baseline,3acc11385,21,11,,,,9480,505,6509
sync-cycle,baseline,3acc11385,21,12,,,,10461,258,6905
sync-cycle,baseline,3acc11385,21,13,,,,9460,199,6360
sync-cycle,baseline,3acc11385,21,14,,,,32789,16786,7537
sync-cycle,baseline,3acc11385,21,15,,,,13031,294,8144
sync-cycle,baseline,3acc11385,21,16,,,,13522,294,8504
sync-cycle,baseline,3acc11385,21,17,,,,13685,365,8438
sync-cycle,baseline,3acc11385,21,18,,,,13143,300,8518
sync-cycle,baseline,3acc11385,21,19,,,,11822,320,7391
sequential,baseline,3acc11385,22,0,6614736,7539944,19214,,,
sequential,baseline,3acc11385,22,1,6736086,6788086,18502,,,
sequential,baseline,3acc11385,22,2,7093791,6864686,18944,,,
sequential,baseline,3acc11385,22,3,6638791,7129180,19220,,,
sequential,baseline,3acc11385,22,4,6910077,6914439,19332,,,
sequential,baseline,3acc11385,22,5,6551274,6785058,18012,,,
sequential,baseline,3acc11385,22,6,6874710,7378963,17652,,,
sequential,baseline,3acc11385,22,7,7360001,7693442,18694,,,
sequential,baseline,3acc11385,22,8,7272693,7622484,18276,,,
sequential,baseline,3acc11385,22,9,6624386,7208270,18777,,,
sequential,baseline,3acc11385,22,10,6459428,7717252,18485,,,
sequential,baseline,3acc11385,22,11,6560407,6867786,18284,,,
sequential,baseline,3acc11385,22,12,6619342,7051761,18420,,,
sequential,baseline,3acc11385,22,13,6788308,6848601,18506,,,
sequential,baseline,3acc11385,22,14,6722507,7339368,18236,,,
sequential,baseline,3acc11385,22,15,6505251,6774609,18015,,,
sequential,baseline,3acc11385,22,16,6567707,7414997,19351,,,
sequential,baseline,3acc11385,22,17,6377030,7063112,18355,,,
sequential,baseline,3acc11385,22,18,6961926,6684978,18327,,,
sequential,baseline,3acc11385,22,19,7185889,6723800,19037,,,
sequential,implementation,9af7a5f36,22,0,6808448,7001649,19652,,,
sequential,implementation,9af7a5f36,22,1,6496494,7164644,19173,,,
sequential,implementation,9af7a5f36,22,2,6369009,7086119,19828,,,
sequential,implementation,9af7a5f36,22,3,6849966,7227361,19553,,,
sequential,implementation,9af7a5f36,22,4,6444335,6784746,18751,,,
sequential,implementation,9af7a5f36,22,5,6855104,6979156,58699,,,
sequential,implementation,9af7a5f36,22,6,7256134,7278038,19647,,,
sequential,implementation,9af7a5f36,22,7,6881885,6548480,20040,,,
sequential,implementation,9af7a5f36,22,8,6554529,7211279,18883,,,
sequential,implementation,9af7a5f36,22,9,6579889,7706856,19323,,,
sequential,implementation,9af7a5f36,22,10,6309281,7788702,19292,,,
sequential,implementation,9af7a5f36,22,11,7122423,7887928,19476,,,
sequential,implementation,9af7a5f36,22,12,6946519,7437671,19672,,,
sequential,implementation,9af7a5f36,22,13,7040938,7158516,19827,,,
sequential,implementation,9af7a5f36,22,14,6802762,6652706,18935,,,
sequential,implementation,9af7a5f36,22,15,6870963,6824377,19560,,,
sequential,implementation,9af7a5f36,22,16,6495177,7518863,19053,,,
sequential,implementation,9af7a5f36,22,17,6803560,7653097,19487,,,
sequential,implementation,9af7a5f36,22,18,6510535,7533770,19299,,,
sequential,implementation,9af7a5f36,22,19,6825397,7271667,19649,,,
sync-cycle,baseline,3acc11385,22,0,,,,9990,274,6284
sync-cycle,baseline,3acc11385,22,1,,,,10445,263,6313
sync-cycle,baseline,3acc11385,22,2,,,,14703,282,7088
sync-cycle,baseline,3acc11385,22,3,,,,12948,266,8123
sync-cycle,baseline,3acc11385,22,4,,,,13416,316,8276
sync-cycle,baseline,3acc11385,22,5,,,,13779,346,8396
sync-cycle,baseline,3acc11385,22,6,,,,12054,252,7879
sync-cycle,baseline,3acc11385,22,7,,,,10898,258,7050
sync-cycle,baseline,3acc11385,22,8,,,,11375,349,7414
sync-cycle,baseline,3acc11385,22,9,,,,10335,348,6690
sync-cycle,baseline,3acc11385,22,10,,,,8893,213,5594
sync-cycle,baseline,3acc11385,22,11,,,,9703,277,6377
sync-cycle,baseline,3acc11385,22,12,,,,8535,209,6013
sync-cycle,baseline,3acc11385,22,13,,,,8635,169,5524
sync-cycle,baseline,3acc11385,22,14,,,,9328,223,6149
sync-cycle,baseline,3acc11385,22,15,,,,9797,260,5837
sync-cycle,baseline,3acc11385,22,16,,,,10268,238,6325
sync-cycle,baseline,3acc11385,22,17,,,,11478,256,7160
sync-cycle,baseline,3acc11385,22,18,,,,14353,383,8527
sync-cycle,baseline,3acc11385,22,19,,,,15446,284,8843
sync-cycle,implementation,9af7a5f36,22,0,,,,17165,373,10959
sync-cycle,implementation,9af7a5f36,22,1,,,,13705,471,10078
sync-cycle,implementation,9af7a5f36,22,2,,,,14261,308,9585
sync-cycle,implementation,9af7a5f36,22,3,,,,14832,397,10722
sync-cycle,implementation,9af7a5f36,22,4,,,,14989,324,9727
sync-cycle,implementation,9af7a5f36,22,5,,,,13338,292,9324
sync-cycle,implementation,9af7a5f36,22,6,,,,16832,470,14931
sync-cycle,implementation,9af7a5f36,22,7,,,,14592,356,9823
sync-cycle,implementation,9af7a5f36,22,8,,,,14537,295,9918
sync-cycle,implementation,9af7a5f36,22,9,,,,14524,351,9614
sync-cycle,implementation,9af7a5f36,22,10,,,,16463,377,10710
sync-cycle,implementation,9af7a5f36,22,11,,,,14540,375,10045
sync-cycle,implementation,9af7a5f36,22,12,,,,13844,355,10108
sync-cycle,implementation,9af7a5f36,22,13,,,,15481,345,10639
sync-cycle,implementation,9af7a5f36,22,14,,,,14752,294,9747
sync-cycle,implementation,9af7a5f36,22,15,,,,20312,605,14409
sync-cycle,implementation,9af7a5f36,22,16,,,,19793,621,14295
sync-cycle,implementation,9af7a5f36,22,17,,,,21481,561,15109
sync-cycle,implementation,9af7a5f36,22,18,,,,20786,603,14651
sync-cycle,implementation,9af7a5f36,22,19,,,,20970,654,15365
sequential,implementation,9af7a5f36,23,0,10746003,12820262,32851,,,
sequential,implementation,9af7a5f36,23,1,10997488,12585290,35127,,,
sequential,implementation,9af7a5f36,23,2,10874642,12059152,32652,,,
sequential,implementation,9af7a5f36,23,3,10463163,11232781,32501,,,
sequential,implementation,9af7a5f36,23,4,10315572,10595719,30229,,,
sequential,implementation,9af7a5f36,23,5,10257707,10977615,29837,,,
sequential,implementation,9af7a5f36,23,6,10278142,10726131,31401,,,
sequential,implementation,9af7a5f36,23,7,10485088,11839601,31695,,,
sequential,implementation,9af7a5f36,23,8,9908737,10948087,30939,,,
sequential,implementation,9af7a5f36,23,9,9433224,10171805,27549,,,
sequential,implementation,9af7a5f36,23,10,7134744,8197484,21893,,,
sequential,implementation,9af7a5f36,23,11,7255965,8697422,24018,,,
sequential,implementation,9af7a5f36,23,12,7608964,8988270,20980,,,
sequential,implementation,9af7a5f36,23,13,7472135,7951142,20581,,,
sequential,implementation,9af7a5f36,23,14,7081449,7774266,20856,,,
sequential,implementation,9af7a5f36,23,15,7416640,8235246,21291,,,
sequential,implementation,9af7a5f36,23,16,7349941,8020241,20685,,,
sequential,implementation,9af7a5f36,23,17,7113772,7058642,20310,,,
sequential,implementation,9af7a5f36,23,18,6779631,7502329,19495,,,
sequential,implementation,9af7a5f36,23,19,7134200,8065153,19310,,,
sequential,baseline,3acc11385,23,0,7024423,8833756,26064,,,
sequential,baseline,3acc11385,23,1,6812324,7868164,20410,,,
sequential,baseline,3acc11385,23,2,6936968,7739852,19674,,,
sequential,baseline,3acc11385,23,3,8930221,8017147,29046,,,
sequential,baseline,3acc11385,23,4,6835591,7559376,18949,,,
sequential,baseline,3acc11385,23,5,6997482,7600438,19534,,,
sequential,baseline,3acc11385,23,6,10395446,13144233,36013,,,
sequential,baseline,3acc11385,23,7,10978020,14468670,39330,,,
sequential,baseline,3acc11385,23,8,11551841,16815092,37926,,,
sequential,baseline,3acc11385,23,9,10883664,14301337,38044,,,
sequential,baseline,3acc11385,23,10,10871823,12917734,35748,,,
sequential,baseline,3acc11385,23,11,10895964,12055898,33019,,,
sequential,baseline,3acc11385,23,12,11122107,12869821,41524,,,
sequential,baseline,3acc11385,23,13,11311509,12133759,33075,,,
sequential,baseline,3acc11385,23,14,10938753,11696430,33296,,,
sequential,baseline,3acc11385,23,15,10971978,12190637,34692,,,
sequential,baseline,3acc11385,23,16,10898909,11624512,33753,,,
sequential,baseline,3acc11385,23,17,11042272,12505270,33081,,,
sequential,baseline,3acc11385,23,18,11081006,12007670,33263,,,
sequential,baseline,3acc11385,23,19,10947507,12987900,33790,,,
sync-cycle,implementation,9af7a5f36,23,0,,,,21574,858,14964
sync-cycle,implementation,9af7a5f36,23,1,,,,20692,707,13966
sync-cycle,implementation,9af7a5f36,23,2,,,,21945,899,14947
sync-cycle,implementation,9af7a5f36,23,3,,,,21125,728,15030
sync-cycle,implementation,9af7a5f36,23,4,,,,21108,710,15786
sync-cycle,implementation,9af7a5f36,23,5,,,,20901,707,14122
sync-cycle,implementation,9af7a5f36,23,6,,,,20419,776,14900
sync-cycle,implementation,9af7a5f36,23,7,,,,20200,873,21213
sync-cycle,implementation,9af7a5f36,23,8,,,,20572,703,15348
sync-cycle,implementation,9af7a5f36,23,9,,,,26978,801,15231
sync-cycle,implementation,9af7a5f36,23,10,,,,21196,715,16033
sync-cycle,implementation,9af7a5f36,23,11,,,,21144,878,15363
sync-cycle,implementation,9af7a5f36,23,12,,,,21311,684,15748
sync-cycle,implementation,9af7a5f36,23,13,,,,20794,748,14785
sync-cycle,implementation,9af7a5f36,23,14,,,,23180,815,16164
sync-cycle,implementation,9af7a5f36,23,15,,,,20281,786,14782
sync-cycle,implementation,9af7a5f36,23,16,,,,21398,782,14948
sync-cycle,implementation,9af7a5f36,23,17,,,,21470,873,15335
sync-cycle,implementation,9af7a5f36,23,18,,,,20563,805,15128
sync-cycle,implementation,9af7a5f36,23,19,,,,20825,712,14832
sync-cycle,baseline,3acc11385,23,0,,,,13870,360,9724
sync-cycle,baseline,3acc11385,23,1,,,,13904,444,9967
sync-cycle,baseline,3acc11385,23,2,,,,14734,408,9611
sync-cycle,baseline,3acc11385,23,3,,,,16891,370,11302
sync-cycle,baseline,3acc11385,23,4,,,,14265,300,9607
sync-cycle,baseline,3acc11385,23,5,,,,14217,330,9727
sync-cycle,baseline,3acc11385,23,6,,,,14219,272,9074
sync-cycle,baseline,3acc11385,23,7,,,,13850,307,9330
sync-cycle,baseline,3acc11385,23,8,,,,13267,374,9604
sync-cycle,baseline,3acc11385,23,9,,,,14331,360,10018
sync-cycle,baseline,3acc11385,23,10,,,,13763,302,9648
sync-cycle,baseline,3acc11385,23,11,,,,14572,320,9707
sync-cycle,baseline,3acc11385,23,12,,,,14349,313,9779
sync-cycle,baseline,3acc11385,23,13,,,,14114,331,8662
sync-cycle,baseline,3acc11385,23,14,,,,12281,290,8773
sync-cycle,baseline,3acc11385,23,15,,,,13148,304,8888
sync-cycle,baseline,3acc11385,23,16,,,,13849,308,8596
sync-cycle,baseline,3acc11385,23,17,,,,13543,257,9272
sync-cycle,baseline,3acc11385,23,18,,,,12075,295,7658
sync-cycle,baseline,3acc11385,23,19,,,,12218,270,7678
sequential,baseline,3acc11385,24,0,7308107,7113604,21323,,,
sequential,baseline,3acc11385,24,1,7134016,7988549,20094,,,
sequential,baseline,3acc11385,24,2,7134800,9133097,20338,,,
sequential,baseline,3acc11385,24,3,7068309,6971459,19849,,,
sequential,baseline,3acc11385,24,4,7218845,8207427,20785,,,
sequential,baseline,3acc11385,24,5,7066922,7650446,20986,,,
sequential,baseline,3acc11385,24,6,6882508,8138564,20177,,,
sequential,baseline,3acc11385,24,7,6913819,7432471,20757,,,
sequential,baseline,3acc11385,24,8,6962835,8410869,26302,,,
sequential,baseline,3acc11385,24,9,7246280,9175734,21364,,,
sequential,baseline,3acc11385,24,10,7052225,8000711,25691,,,
sequential,baseline,3acc11385,24,11,6995457,8497798,20829,,,
sequential,baseline,3acc11385,24,12,6971557,7188306,18689,,,
sequential,baseline,3acc11385,24,13,6678616,8411559,19535,,,
sequential,baseline,3acc11385,24,14,6829260,8573123,19914,,,
sequential,baseline,3acc11385,24,15,6975572,7173443,19186,,,
sequential,baseline,3acc11385,24,16,6824229,8245872,34562,,,
sequential,baseline,3acc11385,24,17,6797752,7779032,18675,,,
sequential,baseline,3acc11385,24,18,6755705,7486987,18094,,,
sequential,baseline,3acc11385,24,19,7258521,8624982,20936,,,
sequential,implementation,9af7a5f36,24,0,6985971,7955932,23491,,,
sequential,implementation,9af7a5f36,24,1,7159040,9768808,22064,,,
sequential,implementation,9af7a5f36,24,2,7388607,8624829,21304,,,
sequential,implementation,9af7a5f36,24,3,7361192,8268742,22047,,,
sequential,implementation,9af7a5f36,24,4,7280028,8144320,29305,,,
sequential,implementation,9af7a5f36,24,5,7089876,7703804,21000,,,
sequential,implementation,9af7a5f36,24,6,6898709,7679951,23463,,,
sequential,implementation,9af7a5f36,24,7,6866056,9075867,21233,,,
sequential,implementation,9af7a5f36,24,8,7214196,7422784,19109,,,
sequential,implementation,9af7a5f36,24,9,7016359,7264337,19125,,,
sequential,implementation,9af7a5f36,24,10,6852838,6882988,19265,,,
sequential,implementation,9af7a5f36,24,11,7066862,7396880,19227,,,
sequential,implementation,9af7a5f36,24,12,7128643,7442358,19327,,,
sequential,implementation,9af7a5f36,24,13,6808735,7986797,20337,,,
sequential,implementation,9af7a5f36,24,14,7049144,7806853,19208,,,
sequential,implementation,9af7a5f36,24,15,7091305,8584157,22876,,,
sequential,implementation,9af7a5f36,24,16,7260065,7750237,36046,,,
sequential,implementation,9af7a5f36,24,17,6678451,7246245,19382,,,
sequential,implementation,9af7a5f36,24,18,6561048,7839073,35732,,,
sequential,implementation,9af7a5f36,24,19,6685293,7249007,20954,,,
sync-cycle,baseline,3acc11385,24,0,,,,15907,342,10299
sync-cycle,baseline,3acc11385,24,1,,,,15122,298,9977
sync-cycle,baseline,3acc11385,24,2,,,,15676,331,10854
sync-cycle,baseline,3acc11385,24,3,,,,19524,419,13504
sync-cycle,baseline,3acc11385,24,4,,,,21245,417,14305
sync-cycle,baseline,3acc11385,24,5,,,,25773,820,15285
sync-cycle,baseline,3acc11385,24,6,,,,20469,636,14475
sync-cycle,baseline,3acc11385,24,7,,,,16067,387,10408
sync-cycle,baseline,3acc11385,24,8,,,,19997,642,14906
sync-cycle,baseline,3acc11385,24,9,,,,15367,450,9820
sync-cycle,baseline,3acc11385,24,10,,,,13044,272,8756
sync-cycle,baseline,3acc11385,24,11,,,,11710,228,8275
sync-cycle,baseline,3acc11385,24,12,,,,15020,347,9602
sync-cycle,baseline,3acc11385,24,13,,,,20869,459,15925
sync-cycle,baseline,3acc11385,24,14,,,,15866,284,10153
sync-cycle,baseline,3acc11385,24,15,,,,15457,315,10431
sync-cycle,baseline,3acc11385,24,16,,,,17407,422,12487
sync-cycle,baseline,3acc11385,24,17,,,,11507,285,8630
sync-cycle,baseline,3acc11385,24,18,,,,10164,269,6577
sync-cycle,baseline,3acc11385,24,19,,,,10466,246,6731
sync-cycle,implementation,9af7a5f36,24,0,,,,26804,709,14696
sync-cycle,implementation,9af7a5f36,24,1,,,,20577,838,15134
sync-cycle,implementation,9af7a5f36,24,2,,,,20908,821,15519
sync-cycle,implementation,9af7a5f36,24,3,,,,21790,1273,15426
sync-cycle,implementation,9af7a5f36,24,4,,,,21078,771,14884
sync-cycle,implementation,9af7a5f36,24,5,,,,28043,819,16165
sync-cycle,implementation,9af7a5f36,24,6,,,,21736,751,15994
sync-cycle,implementation,9af7a5f36,24,7,,,,20991,687,15738
sync-cycle,implementation,9af7a5f36,24,8,,,,14865,417,10077
sync-cycle,implementation,9af7a5f36,24,9,,,,20737,808,14624
sync-cycle,implementation,9af7a5f36,24,10,,,,20677,704,15063
sync-cycle,implementation,9af7a5f36,24,11,,,,20059,756,14284
sync-cycle,implementation,9af7a5f36,24,12,,,,22213,584,15027
sync-cycle,implementation,9af7a5f36,24,13,,,,15128,405,10389
sync-cycle,implementation,9af7a5f36,24,14,,,,14296,384,9460
sync-cycle,implementation,9af7a5f36,24,15,,,,14489,363,9563
sync-cycle,implementation,9af7a5f36,24,16,,,,15041,336,9793
sync-cycle,implementation,9af7a5f36,24,17,,,,16909,608,10913
sync-cycle,implementation,9af7a5f36,24,18,,,,14191,369,9820
sync-cycle,implementation,9af7a5f36,24,19,,,,15278,353,9251
sync-cycle,implementation,9af7a5f36,25,0,,,,10804,244,7186
sync-cycle,implementation,9af7a5f36,25,1,,,,10075,252,7136
sync-cycle,implementation,9af7a5f36,25,2,,,,10041,232,6982
sync-cycle,implementation,9af7a5f36,25,3,,,,9570,221,6230
sync-cycle,implementation,9af7a5f36,25,4,,,,8898,298,6652
sync-cycle,implementation,9af7a5f36,25,5,,,,8739,205,5624
sync-cycle,implementation,9af7a5f36,25,6,,,,8524,242,5392
sync-cycle,implementation,9af7a5f36,25,7,,,,8138,205,5473
sync-cycle,implementation,9af7a5f36,25,8,,,,8139,219,5937
sync-cycle,implementation,9af7a5f36,25,9,,,,8057,231,5761
sync-cycle,implementation,9af7a5f36,25,10,,,,7978,226,5194
sync-cycle,implementation,9af7a5f36,25,11,,,,8076,201,5537
sync-cycle,implementation,9af7a5f36,25,12,,,,7647,249,5413
sync-cycle,implementation,9af7a5f36,25,13,,,,8265,224,5328
sync-cycle,implementation,9af7a5f36,25,14,,,,7905,247,5371
sync-cycle,implementation,9af7a5f36,25,15,,,,8523,207,8501
sync-cycle,implementation,9af7a5f36,25,16,,,,7675,210,5099
sync-cycle,implementation,9af7a5f36,25,17,,,,7687,211,5513
sync-cycle,implementation,9af7a5f36,25,18,,,,7752,204,5433
sync-cycle,implementation,9af7a5f36,25,19,,,,7937,212,5181
sync-cycle,baseline,3acc11385,25,0,,,,8347,216,5491
sync-cycle,baseline,3acc11385,25,1,,,,7981,164,5415
sync-cycle,baseline,3acc11385,25,2,,,,9407,327,20706
sync-cycle,baseline,3acc11385,25,3,,,,8242,220,5586
sync-cycle,baseline,3acc11385,25,4,,,,8291,177,5442
sync-cycle,baseline,3acc11385,25,5,,,,8002,195,5218
sync-cycle,baseline,3acc11385,25,6,,,,7650,172,5121
sync-cycle,baseline,3acc11385,25,7,,,,7287,160,5224
sync-cycle,baseline,3acc11385,25,8,,,,8248,180,5232
sync-cycle,baseline,3acc11385,25,9,,,,8113,200,5299
sync-cycle,baseline,3acc11385,25,10,,,,8398,212,5117
sync-cycle,baseline,3acc11385,25,11,,,,8184,192,5513
sync-cycle,baseline,3acc11385,25,12,,,,10754,232,6747
sync-cycle,baseline,3acc11385,25,13,,,,9729,235,6498
sync-cycle,baseline,3acc11385,25,14,,,,9407,224,6421
sync-cycle,baseline,3acc11385,25,15,,,,9123,213,6674
sync-cycle,baseline,3acc11385,25,16,,,,8731,196,5410
sync-cycle,baseline,3acc11385,25,17,,,,8474,239,5876
sync-cycle,baseline,3acc11385,25,18,,,,8078,175,5160
sync-cycle,baseline,3acc11385,25,19,,,,8493,191,5713
sync-cycle,baseline,3acc11385,26,0,,,,8287,228,5819
sync-cycle,baseline,3acc11385,26,1,,,,7797,197,5400
sync-cycle,baseline,3acc11385,26,2,,,,7990,195,5372
sync-cycle,baseline,3acc11385,26,3,,,,8193,186,5765
sync-cycle,baseline,3acc11385,26,4,,,,7648,179,5293
sync-cycle,baseline,3acc11385,26,5,,,,7909,206,5539
sync-cycle,baseline,3acc11385,26,6,,,,8170,221,5112
sync-cycle,baseline,3acc11385,26,7,,,,7867,211,5230
sync-cycle,baseline,3acc11385,26,8,,,,7529,192,5136
sync-cycle,baseline,3acc11385,26,9,,,,8121,277,5895
sync-cycle,baseline,3acc11385,26,10,,,,7884,253,5469
sync-cycle,baseline,3acc11385,26,11,,,,7873,219,5524
sync-cycle,baseline,3acc11385,26,12,,,,8185,228,5813
sync-cycle,baseline,3acc11385,26,13,,,,8178,223,5626
sync-cycle,baseline,3acc11385,26,14,,,,7529,196,5274
sync-cycle,baseline,3acc11385,26,15,,,,7755,228,5575
sync-cycle,baseline,3acc11385,26,16,,,,28141,286,5785
sync-cycle,baseline,3acc11385,26,17,,,,7837,187,5366
sync-cycle,baseline,3acc11385,26,18,,,,8063,228,5516
sync-cycle,baseline,3acc11385,26,19,,,,7765,199,5122
sync-cycle,implementation,9af7a5f36,26,0,,,,8012,251,5353
sync-cycle,implementation,9af7a5f36,26,1,,,,8105,205,5534
sync-cycle,implementation,9af7a5f36,26,2,,,,8334,223,5417
sync-cycle,implementation,9af7a5f36,26,3,,,,8364,194,5293
sync-cycle,implementation,9af7a5f36,26,4,,,,7844,253,5220
sync-cycle,implementation,9af7a5f36,26,5,,,,8050,217,5196
sync-cycle,implementation,9af7a5f36,26,6,,,,7692,213,5259
sync-cycle,implementation,9af7a5f36,26,7,,,,8024,191,5635
sync-cycle,implementation,9af7a5f36,26,8,,,,7819,221,5486
sync-cycle,implementation,9af7a5f36,26,9,,,,8568,217,5470
sync-cycle,implementation,9af7a5f36,26,10,,,,8517,248,6142
sync-cycle,implementation,9af7a5f36,26,11,,,,9677,247,6714
sync-cycle,implementation,9af7a5f36,26,12,,,,9515,280,6735
sync-cycle,implementation,9af7a5f36,26,13,,,,8320,200,5786
sync-cycle,implementation,9af7a5f36,26,14,,,,8420,224,5422
sync-cycle,implementation,9af7a5f36,26,15,,,,8212,207,5517
sync-cycle,implementation,9af7a5f36,26,16,,,,7908,191,5394
sync-cycle,implementation,9af7a5f36,26,17,,,,8173,223,5481
sync-cycle,implementation,9af7a5f36,26,18,,,,8155,214,5456
sync-cycle,implementation,9af7a5f36,26,19,,,,8203,207,5674
sync-cycle,implementation,9af7a5f36,27,0,,,,7998,237,5478
sync-cycle,implementation,9af7a5f36,27,1,,,,7605,200,5161
sync-cycle,implementation,9af7a5f36,27,2,,,,7842,190,5224
sync-cycle,implementation,9af7a5f36,27,3,,,,7830,187,5228
sync-cycle,implementation,9af7a5f36,27,4,,,,7612,202,5429
sync-cycle,implementation,9af7a5f36,27,5,,,,7800,200,5310
sync-cycle,implementation,9af7a5f36,27,6,,,,7775,215,5372
sync-cycle,implementation,9af7a5f36,27,7,,,,8057,213,5104
sync-cycle,implementation,9af7a5f36,27,8,,,,7918,222,5330
sync-cycle,implementation,9af7a5f36,27,9,,,,7974,196,5590
sync-cycle,implementation,9af7a5f36,27,10,,,,7750,206,5347
sync-cycle,implementation,9af7a5f36,27,11,,,,7685,231,5704
sync-cycle,implementation,9af7a5f36,27,12,,,,7787,185,5483
sync-cycle,implementation,9af7a5f36,27,13,,,,7523,207,5168
sync-cycle,implementation,9af7a5f36,27,14,,,,7768,186,5601
sync-cycle,implementation,9af7a5f36,27,15,,,,8221,203,5608
sync-cycle,implementation,9af7a5f36,27,16,,,,7935,200,5254
sync-cycle,implementation,9af7a5f36,27,17,,,,7930,222,5504
sync-cycle,implementation,9af7a5f36,27,18,,,,7830,209,5631
sync-cycle,implementation,9af7a5f36,27,19,,,,7454,223,5223
sync-cycle,baseline,3acc11385,27,0,,,,7698,198,5369
sync-cycle,baseline,3acc11385,27,1,,,,7996,203,5349
sync-cycle,baseline,3acc11385,27,2,,,,7957,231,5315
sync-cycle,baseline,3acc11385,27,3,,,,8185,216,5440
sync-cycle,baseline,3acc11385,27,4,,,,8228,272,5854
sync-cycle,baseline,3acc11385,27,5,,,,7353,181,4760
sync-cycle,baseline,3acc11385,27,6,,,,8005,203,5282
sync-cycle,baseline,3acc11385,27,7,,,,8839,208,6297
sync-cycle,baseline,3acc11385,27,8,,,,9737,260,6683
sync-cycle,baseline,3acc11385,27,9,,,,8704,212,5848
sync-cycle,baseline,3acc11385,27,10,,,,9196,219,5636
sync-cycle,baseline,3acc11385,27,11,,,,12964,241,5747
sync-cycle,baseline,3acc11385,27,12,,,,8563,242,5847
sync-cycle,baseline,3acc11385,27,13,,,,8037,191,5316
sync-cycle,baseline,3acc11385,27,14,,,,7581,170,5302
sync-cycle,baseline,3acc11385,27,15,,,,8673,207,5600
sync-cycle,baseline,3acc11385,27,16,,,,7984,205,5393
sync-cycle,baseline,3acc11385,27,17,,,,8167,175,5841
sync-cycle,baseline,3acc11385,27,18,,,,8401,232,5701
sync-cycle,baseline,3acc11385,27,19,,,,7953,181,5075
sync-cycle,baseline,3acc11385,28,0,,,,8267,226,5527
sync-cycle,baseline,3acc11385,28,1,,,,7952,223,5397
sync-cycle,baseline,3acc11385,28,2,,,,8071,193,5373
sync-cycle,baseline,3acc11385,28,3,,,,8204,216,5181
sync-cycle,baseline,3acc11385,28,4,,,,7463,197,5120
sync-cycle,baseline,3acc11385,28,5,,,,8730,302,6159
sync-cycle,baseline,3acc11385,28,6,,,,7560,257,5264
sync-cycle,baseline,3acc11385,28,7,,,,7708,259,5256
sync-cycle,baseline,3acc11385,28,8,,,,7514,218,5311
sync-cycle,baseline,3acc11385,28,9,,,,7502,211,5228
sync-cycle,baseline,3acc11385,28,10,,,,7552,215,5081
sync-cycle,baseline,3acc11385,28,11,,,,7556,256,5699
sync-cycle,baseline,3acc11385,28,12,,,,7584,166,5361
sync-cycle,baseline,3acc11385,28,13,,,,7646,208,4977
sync-cycle,baseline,3acc11385,28,14,,,,7938,264,5663
sync-cycle,baseline,3acc11385,28,15,,,,7621,212,5502
sync-cycle,baseline,3acc11385,28,16,,,,7480,220,5050
sync-cycle,baseline,3acc11385,28,17,,,,7516,217,5190
sync-cycle,baseline,3acc11385,28,18,,,,7550,175,5787
sync-cycle,baseline,3acc11385,28,19,,,,7542,220,5778
sync-cycle,implementation,9af7a5f36,28,0,,,,7899,245,5568
sync-cycle,implementation,9af7a5f36,28,1,,,,8122,248,5951
sync-cycle,implementation,9af7a5f36,28,2,,,,8161,216,5485
sync-cycle,implementation,9af7a5f36,28,3,,,,9526,214,5932
sync-cycle,implementation,9af7a5f36,28,4,,,,7765,193,5536
sync-cycle,implementation,9af7a5f36,28,5,,,,8919,222,5630
sync-cycle,implementation,9af7a5f36,28,6,,,,8769,225,6070
sync-cycle,implementation,9af7a5f36,28,7,,,,10869,277,7747
sync-cycle,implementation,9af7a5f36,28,8,,,,10555,300,7588
sync-cycle,implementation,9af7a5f36,28,9,,,,9501,229,6485
sync-cycle,implementation,9af7a5f36,28,10,,,,8419,237,5479
sync-cycle,implementation,9af7a5f36,28,11,,,,7856,222,6091
sync-cycle,implementation,9af7a5f36,28,12,,,,8588,247,6189
sync-cycle,implementation,9af7a5f36,28,13,,,,8190,242,5508
sync-cycle,implementation,9af7a5f36,28,14,,,,7946,179,5615
sync-cycle,implementation,9af7a5f36,28,15,,,,8047,183,5685
sync-cycle,implementation,9af7a5f36,28,16,,,,8151,218,6156
sync-cycle,implementation,9af7a5f36,28,17,,,,8576,280,5940
sync-cycle,implementation,9af7a5f36,28,18,,,,8010,244,5958
sync-cycle,implementation,9af7a5f36,28,19,,,,9650,246,5874
sync-cycle,implementation,9af7a5f36,29,0,,,,7863,262,5411
sync-cycle,implementation,9af7a5f36,29,1,,,,8120,245,5277
sync-cycle,implementation,9af7a5f36,29,2,,,,8046,246,5645
sync-cycle,implementation,9af7a5f36,29,3,,,,8051,243,5495
sync-cycle,implementation,9af7a5f36,29,4,,,,7994,285,6014
sync-cycle,implementation,9af7a5f36,29,5,,,,7368,251,5398
sync-cycle,implementation,9af7a5f36,29,6,,,,7990,549,5785
sync-cycle,implementation,9af7a5f36,29,7,,,,7729,242,5459
sync-cycle,implementation,9af7a5f36,29,8,,,,8080,253,5826
sync-cycle,implementation,9af7a5f36,29,9,,,,8213,235,5598
sync-cycle,implementation,9af7a5f36,29,10,,,,7709,275,5482
sync-cycle,implementation,9af7a5f36,29,11,,,,7848,250,5612
sync-cycle,implementation,9af7a5f36,29,12,,,,7644,266,5618
sync-cycle,implementation,9af7a5f36,29,13,,,,7861,210,5442
sync-cycle,implementation,9af7a5f36,29,14,,,,9280,353,6685
sync-cycle,implementation,9af7a5f36,29,15,,,,8008,278,5902
sync-cycle,implementation,9af7a5f36,29,16,,,,7538,319,5221
sync-cycle,implementation,9af7a5f36,29,17,,,,10052,315,6797
sync-cycle,implementation,9af7a5f36,29,18,,,,8194,285,6006
sync-cycle,implementation,9af7a5f36,29,19,,,,8751,272,5625
sync-cycle,baseline,3acc11385,29,0,,,,8496,233,5510
sync-cycle,baseline,3acc11385,29,1,,,,29092,272,7173
sync-cycle,baseline,3acc11385,29,2,,,,12092,315,7924
sync-cycle,baseline,3acc11385,29,3,,,,26333,263,5944
sync-cycle,baseline,3acc11385,29,4,,,,12905,388,6406
sync-cycle,baseline,3acc11385,29,5,,,,9738,275,6210
sync-cycle,baseline,3acc11385,29,6,,,,8858,233,5582
sync-cycle,baseline,3acc11385,29,7,,,,8409,222,5434
sync-cycle,baseline,3acc11385,29,8,,,,8689,223,5764
sync-cycle,baseline,3acc11385,29,9,,,,7817,203,5211
sync-cycle,baseline,3acc11385,29,10,,,,7703,200,5300
sync-cycle,baseline,3acc11385,29,11,,,,8785,219,6121
sync-cycle,baseline,3acc11385,29,12,,,,8558,234,5739
sync-cycle,baseline,3acc11385,29,13,,,,7602,212,5079
sync-cycle,baseline,3acc11385,29,14,,,,8369,236,5234
sync-cycle,baseline,3acc11385,29,15,,,,8781,292,5968
sync-cycle,baseline,3acc11385,29,16,,,,8135,186,5179
sync-cycle,baseline,3acc11385,29,17,,,,8456,210,5538
sync-cycle,baseline,3acc11385,29,18,,,,7754,192,5355
sync-cycle,baseline,3acc11385,29,19,,,,8357,238,5442
sync-cycle,baseline,3acc11385,30,0,,,,9095,227,6146
sync-cycle,baseline,3acc11385,30,1,,,,10104,195,6687
sync-cycle,baseline,3acc11385,30,2,,,,8748,215,6022
sync-cycle,baseline,3acc11385,30,3,,,,8352,220,5594
sync-cycle,baseline,3acc11385,30,4,,,,8272,221,5514
sync-cycle,baseline,3acc11385,30,5,,,,9111,201,5853
sync-cycle,baseline,3acc11385,30,6,,,,10124,176,5711
sync-cycle,baseline,3acc11385,30,7,,,,9560,306,5990
sync-cycle,baseline,3acc11385,30,8,,,,8031,181,5651
sync-cycle,baseline,3acc11385,30,9,,,,7731,197,5351
sync-cycle,baseline,3acc11385,30,10,,,,8415,278,6054
sync-cycle,baseline,3acc11385,30,11,,,,7955,237,5522
sync-cycle,baseline,3acc11385,30,12,,,,7784,178,5489
sync-cycle,baseline,3acc11385,30,13,,,,7740,224,5574
sync-cycle,baseline,3acc11385,30,14,,,,8271,192,5707
sync-cycle,baseline,3acc11385,30,15,,,,8299,198,5652
sync-cycle,baseline,3acc11385,30,16,,,,7995,185,7682
sync-cycle,baseline,3acc11385,30,17,,,,7755,281,5235
sync-cycle,baseline,3acc11385,30,18,,,,8020,206,5544
sync-cycle,baseline,3acc11385,30,19,,,,8259,223,5410
sync-cycle,implementation,9af7a5f36,30,0,,,,9082,224,5736
sync-cycle,implementation,9af7a5f36,30,1,,,,8996,265,6328
sync-cycle,implementation,9af7a5f36,30,2,,,,8705,278,6024
sync-cycle,implementation,9af7a5f36,30,3,,,,8701,189,5548
sync-cycle,implementation,9af7a5f36,30,4,,,,8037,213,5450
sync-cycle,implementation,9af7a5f36,30,5,,,,8150,567,5459
sync-cycle,implementation,9af7a5f36,30,6,,,,7914,226,5767
sync-cycle,implementation,9af7a5f36,30,7,,,,7992,187,5425
sync-cycle,implementation,9af7a5f36,30,8,,,,7553,194,5218
sync-cycle,implementation,9af7a5f36,30,9,,,,7478,223,5273
sync-cycle,implementation,9af7a5f36,30,10,,,,7887,219,5529
sync-cycle,implementation,9af7a5f36,30,11,,,,8070,266,5650
sync-cycle,implementation,9af7a5f36,30,12,,,,8087,218,5478
sync-cycle,implementation,9af7a5f36,30,13,,,,7597,226,5313
sync-cycle,implementation,9af7a5f36,30,14,,,,7915,248,5371
sync-cycle,implementation,9af7a5f36,30,15,,,,8235,210,5429
sync-cycle,implementation,9af7a5f36,30,16,,,,8191,252,5490
sync-cycle,implementation,9af7a5f36,30,17,,,,8006,257,5487
sync-cycle,implementation,9af7a5f36,30,18,,,,8306,243,5576
sync-cycle,implementation,9af7a5f36,30,19,,,,7926,255,5121
sync-cycle,implementation,9af7a5f36,31,0,,,,8174,186,7554
sync-cycle,implementation,9af7a5f36,31,1,,,,8097,208,5936
sync-cycle,implementation,9af7a5f36,31,2,,,,7938,208,5670
sync-cycle,implementation,9af7a5f36,31,3,,,,8464,197,5488
sync-cycle,implementation,9af7a5f36,31,4,,,,8085,241,5779
sync-cycle,implementation,9af7a5f36,31,5,,,,9688,278,6510
sync-cycle,implementation,9af7a5f36,31,6,,,,7964,245,5967
sync-cycle,implementation,9af7a5f36,31,7,,,,7735,256,5708
sync-cycle,implementation,9af7a5f36,31,8,,,,7597,251,5555
sync-cycle,implementation,9af7a5f36,31,9,,,,8083,212,5685
sync-cycle,implementation,9af7a5f36,31,10,,,,7956,213,5422
sync-cycle,implementation,9af7a5f36,31,11,,,,8222,182,5610
sync-cycle,implementation,9af7a5f36,31,12,,,,7981,179,5904
sync-cycle,implementation,9af7a5f36,31,13,,,,8297,247,5933
sync-cycle,implementation,9af7a5f36,31,14,,,,8249,212,5487
sync-cycle,implementation,9af7a5f36,31,15,,,,7967,188,5798
sync-cycle,implementation,9af7a5f36,31,16,,,,7538,204,5575
sync-cycle,implementation,9af7a5f36,31,17,,,,7717,236,5597
sync-cycle,implementation,9af7a5f36,31,18,,,,10521,396,6658
sync-cycle,implementation,9af7a5f36,31,19,,,,8967,255,5852
sync-cycle,baseline,3acc11385,31,0,,,,8464,203,5852
sync-cycle,baseline,3acc11385,31,1,,,,7874,228,5558
sync-cycle,baseline,3acc11385,31,2,,,,8011,183,5541
sync-cycle,baseline,3acc11385,31,3,,,,7523,193,5658
sync-cycle,baseline,3acc11385,31,4,,,,8156,200,5342
sync-cycle,baseline,3acc11385,31,5,,,,7625,188,5534
sync-cycle,baseline,3acc11385,31,6,,,,8297,206,5472
sync-cycle,baseline,3acc11385,31,7,,,,8152,167,5534
sync-cycle,baseline,3acc11385,31,8,,,,7660,238,5255
sync-cycle,baseline,3acc11385,31,9,,,,7578,173,5369
sync-cycle,baseline,3acc11385,31,10,,,,7630,243,5291
sync-cycle,baseline,3acc11385,31,11,,,,8270,179,5369
sync-cycle,baseline,3acc11385,31,12,,,,8007,231,5596
sync-cycle,baseline,3acc11385,31,13,,,,7538,200,5611
sync-cycle,baseline,3acc11385,31,14,,,,8052,231,5490
sync-cycle,baseline,3acc11385,31,15,,,,7772,202,5413
sync-cycle,baseline,3acc11385,31,16,,,,7813,235,5216
sync-cycle,baseline,3acc11385,31,17,,,,7514,194,5242
sync-cycle,baseline,3acc11385,31,18,,,,7765,232,5569
sync-cycle,baseline,3acc11385,31,19,,,,7936,237,5265
sync-cycle,baseline,3acc11385,32,0,,,,8520,187,5425
sync-cycle,baseline,3acc11385,32,1,,,,7927,231,5677
sync-cycle,baseline,3acc11385,32,2,,,,7769,170,5379
sync-cycle,baseline,3acc11385,32,3,,,,7621,266,5597
sync-cycle,baseline,3acc11385,32,4,,,,7822,274,5615
sync-cycle,baseline,3acc11385,32,5,,,,7514,179,5021
sync-cycle,baseline,3acc11385,32,6,,,,7652,234,5157
sync-cycle,baseline,3acc11385,32,7,,,,7617,224,5131
sync-cycle,baseline,3acc11385,32,8,,,,7445,171,5320
sync-cycle,baseline,3acc11385,32,9,,,,7556,227,5098
sync-cycle,baseline,3acc11385,32,10,,,,7446,258,5142
sync-cycle,baseline,3acc11385,32,11,,,,7586,259,5479
sync-cycle,baseline,3acc11385,32,12,,,,7848,220,5817
sync-cycle,baseline,3acc11385,32,13,,,,8476,238,5603
sync-cycle,baseline,3acc11385,32,14,,,,8053,239,5832
sync-cycle,baseline,3acc11385,32,15,,,,10006,251,6682
sync-cycle,baseline,3acc11385,32,16,,,,10342,187,6451
sync-cycle,baseline,3acc11385,32,17,,,,10485,255,6923
sync-cycle,baseline,3acc11385,32,18,,,,9698,215,6711
sync-cycle,baseline,3acc11385,32,19,,,,11215,247,7313
sync-cycle,implementation,9af7a5f36,32,0,,,,8410,227,5765
sync-cycle,implementation,9af7a5f36,32,1,,,,8455,254,5988
sync-cycle,implementation,9af7a5f36,32,2,,,,8065,234,5351
sync-cycle,implementation,9af7a5f36,32,3,,,,7958,241,5406
sync-cycle,implementation,9af7a5f36,32,4,,,,9007,327,6237
sync-cycle,implementation,9af7a5f36,32,5,,,,8086,253,5480
sync-cycle,implementation,9af7a5f36,32,6,,,,12469,394,6897
sync-cycle,implementation,9af7a5f36,32,7,,,,10585,407,7114
sync-cycle,implementation,9af7a5f36,32,8,,,,10030,365,6870
sync-cycle,implementation,9af7a5f36,32,9,,,,14504,328,8977
sync-cycle,implementation,9af7a5f36,32,10,,,,10657,258,6962
sync-cycle,implementation,9af7a5f36,32,11,,,,13443,415,9776
sync-cycle,implementation,9af7a5f36,32,12,,,,17501,407,13171
sync-cycle,implementation,9af7a5f36,32,13,,,,14656,307,10485
sync-cycle,implementation,9af7a5f36,32,14,,,,17557,625,13306
sync-cycle,implementation,9af7a5f36,32,15,,,,14150,338,8523
sync-cycle,implementation,9af7a5f36,32,16,,,,12681,304,8380
sync-cycle,implementation,9af7a5f36,32,17,,,,12769,219,9306
sync-cycle,implementation,9af7a5f36,32,18,,,,10771,259,8286
sync-cycle,implementation,9af7a5f36,32,19,,,,14032,218,9320
sync-cycle,implementation,9af7a5f36,33,0,,,,10776,220,7084
sync-cycle,implementation,9af7a5f36,33,1,,,,12116,197,7533
sync-cycle,implementation,9af7a5f36,33,2,,,,8861,220,5980
sync-cycle,implementation,9af7a5f36,33,3,,,,10598,224,7169
sync-cycle,implementation,9af7a5f36,33,4,,,,9804,268,7003
sync-cycle,implementation,9af7a5f36,33,5,,,,10258,309,7169
sync-cycle,implementation,9af7a5f36,33,6,,,,13436,241,8187
sync-cycle,implementation,9af7a5f36,33,7,,,,10719,232,6602
sync-cycle,implementation,9af7a5f36,33,8,,,,9009,269,5825
sync-cycle,implementation,9af7a5f36,33,9,,,,9954,406,9052
sync-cycle,implementation,9af7a5f36,33,10,,,,10771,319,7298
sync-cycle,implementation,9af7a5f36,33,11,,,,9020,231,6283
sync-cycle,implementation,9af7a5f36,33,12,,,,8139,226,5715
sync-cycle,implementation,9af7a5f36,33,13,,,,9602,301,5764
sync-cycle,implementation,9af7a5f36,33,14,,,,8063,229,5650
sync-cycle,implementation,9af7a5f36,33,15,,,,8064,250,5943
sync-cycle,implementation,9af7a5f36,33,16,,,,8326,204,5238
sync-cycle,implementation,9af7a5f36,33,17,,,,8841,217,5934
sync-cycle,implementation,9af7a5f36,33,18,,,,8480,242,5721
sync-cycle,implementation,9af7a5f36,33,19,,,,8526,289,5678
sync-cycle,baseline,3acc11385,33,0,,,,8440,174,5762
sync-cycle,baseline,3acc11385,33,1,,,,8549,296,5910
sync-cycle,baseline,3acc11385,33,2,,,,8677,255,5734
sync-cycle,baseline,3acc11385,33,3,,,,8113,204,5457
sync-cycle,baseline,3acc11385,33,4,,,,8446,202,5534
sync-cycle,baseline,3acc11385,33,5,,,,7896,250,5301
sync-cycle,baseline,3acc11385,33,6,,,,8470,226,5578
sync-cycle,baseline,3acc11385,33,7,,,,8111,258,5523
sync-cycle,baseline,3acc11385,33,8,,,,8957,247,5976
sync-cycle,baseline,3acc11385,33,9,,,,8252,198,6177
sync-cycle,baseline,3acc11385,33,10,,,,8117,239,5530
sync-cycle,baseline,3acc11385,33,11,,,,8378,268,5440
sync-cycle,baseline,3acc11385,33,12,,,,8534,258,6051
sync-cycle,baseline,3acc11385,33,13,,,,8099,194,5558
sync-cycle,baseline,3acc11385,33,14,,,,8428,268,5423
sync-cycle,baseline,3acc11385,33,15,,,,7971,255,5549
sync-cycle,baseline,3acc11385,33,16,,,,7755,212,5399
sync-cycle,baseline,3acc11385,33,17,,,,8559,204,5627
sync-cycle,baseline,3acc11385,33,18,,,,8181,233,5722
sync-cycle,baseline,3acc11385,33,19,,,,8627,254,24443
sync-cycle,baseline,3acc11385,34,0,,,,7983,213,5408
sync-cycle,baseline,3acc11385,34,1,,,,9637,266,5813
sync-cycle,baseline,3acc11385,34,2,,,,8415,206,5332
sync-cycle,baseline,3acc11385,34,3,,,,8476,202,5760
sync-cycle,baseline,3acc11385,34,4,,,,10859,237,6668
sync-cycle,baseline,3acc11385,34,5,,,,10738,229,7014
sync-cycle,baseline,3acc11385,34,6,,,,15365,367,11272
sync-cycle,baseline,3acc11385,34,7,,,,12343,257,8383
sync-cycle,baseline,3acc11385,34,8,,,,8721,217,5725
sync-cycle,baseline,3acc11385,34,9,,,,8564,252,5498
sync-cycle,baseline,3acc11385,34,10,,,,10534,236,7045
sync-cycle,baseline,3acc11385,34,11,,,,11136,185,8265
sync-cycle,baseline,3acc11385,34,12,,,,10130,287,7032
sync-cycle,baseline,3acc11385,34,13,,,,10459,232,6455
sync-cycle,baseline,3acc11385,34,14,,,,11858,223,7214
sync-cycle,baseline,3acc11385,34,15,,,,11955,274,26836
sync-cycle,baseline,3acc11385,34,16,,,,11454,254,8291
sync-cycle,baseline,3acc11385,34,17,,,,11269,250,7986
sync-cycle,baseline,3acc11385,34,18,,,,11551,238,8620
sync-cycle,baseline,3acc11385,34,19,,,,9283,223,6052
sync-cycle,implementation,9af7a5f36,34,0,,,,8796,277,6277
sync-cycle,implementation,9af7a5f36,34,1,,,,9804,337,7144
sync-cycle,implementation,9af7a5f36,34,2,,,,9887,281,6281
sync-cycle,implementation,9af7a5f36,34,3,,,,9283,282,6440
sync-cycle,implementation,9af7a5f36,34,4,,,,8966,235,6353
sync-cycle,implementation,9af7a5f36,34,5,,,,8616,266,5847
sync-cycle,implementation,9af7a5f36,34,6,,,,10190,210,7460
sync-cycle,implementation,9af7a5f36,34,7,,,,9247,293,6928
sync-cycle,implementation,9af7a5f36,34,8,,,,8566,243,5847
sync-cycle,implementation,9af7a5f36,34,9,,,,23702,327,24404
sync-cycle,implementation,9af7a5f36,34,10,,,,9484,320,6103
sync-cycle,implementation,9af7a5f36,34,11,,,,13472,456,7728
sync-cycle,implementation,9af7a5f36,34,12,,,,8163,222,5822
sync-cycle,implementation,9af7a5f36,34,13,,,,8804,206,6055
sync-cycle,implementation,9af7a5f36,34,14,,,,8406,210,5687
sync-cycle,implementation,9af7a5f36,34,15,,,,8852,234,6245
sync-cycle,implementation,9af7a5f36,34,16,,,,11149,236,7503
sync-cycle,implementation,9af7a5f36,34,17,,,,9649,207,6394
sync-cycle,implementation,9af7a5f36,34,18,,,,8122,245,5913
sync-cycle,implementation,9af7a5f36,34,19,,,,8275,232,5396
sync-cycle,implementation,9af7a5f36,35,0,,,,10509,284,7305
sync-cycle,implementation,9af7a5f36,35,1,,,,11017,266,8142
sync-cycle,implementation,9af7a5f36,35,2,,,,9103,247,6718
sync-cycle,implementation,9af7a5f36,35,3,,,,9407,261,6310
sync-cycle,implementation,9af7a5f36,35,4,,,,8480,278,5544
sync-cycle,implementation,9af7a5f36,35,5,,,,8773,252,5668
sync-cycle,implementation,9af7a5f36,35,6,,,,7940,211,5420
sync-cycle,implementation,9af7a5f36,35,7,,,,8106,214,5360
sync-cycle,implementation,9af7a5f36,35,8,,,,8346,239,5780
sync-cycle,implementation,9af7a5f36,35,9,,,,7958,218,5307
sync-cycle,implementation,9af7a5f36,35,10,,,,8207,238,5773
sync-cycle,implementation,9af7a5f36,35,11,,,,7977,223,5664
sync-cycle,implementation,9af7a5f36,35,12,,,,8278,196,5660
sync-cycle,implementation,9af7a5f36,35,13,,,,7776,236,5606
sync-cycle,implementation,9af7a5f36,35,14,,,,8737,248,5550
sync-cycle,implementation,9af7a5f36,35,15,,,,8561,252,5928
sync-cycle,implementation,9af7a5f36,35,16,,,,8218,223,5802
sync-cycle,implementation,9af7a5f36,35,17,,,,8515,232,5627
sync-cycle,implementation,9af7a5f36,35,18,,,,8813,200,5655
sync-cycle,implementation,9af7a5f36,35,19,,,,8113,256,5478
sync-cycle,baseline,3acc11385,35,0,,,,8624,246,5709
sync-cycle,baseline,3acc11385,35,1,,,,8422,231,5521
sync-cycle,baseline,3acc11385,35,2,,,,8427,201,6003
sync-cycle,baseline,3acc11385,35,3,,,,8678,238,5817
sync-cycle,baseline,3acc11385,35,4,,,,8313,227,5901
sync-cycle,baseline,3acc11385,35,5,,,,7658,209,5345
sync-cycle,baseline,3acc11385,35,6,,,,7593,234,5489
sync-cycle,baseline,3acc11385,35,7,,,,8322,237,5468
sync-cycle,baseline,3acc11385,35,8,,,,10733,274,7368
sync-cycle,baseline,3acc11385,35,9,,,,8187,209,5714
sync-cycle,baseline,3acc11385,35,10,,,,8524,232,5601
sync-cycle,baseline,3acc11385,35,11,,,,7904,229,5644
sync-cycle,baseline,3acc11385,35,12,,,,8361,246,6123
sync-cycle,baseline,3acc11385,35,13,,,,8254,245,5561
sync-cycle,baseline,3acc11385,35,14,,,,11619,302,8049
sync-cycle,baseline,3acc11385,35,15,,,,10179,234,6705
sync-cycle,baseline,3acc11385,35,16,,,,31937,266,6652
sync-cycle,baseline,3acc11385,35,17,,,,9157,234,5988
sync-cycle,baseline,3acc11385,35,18,,,,11758,254,8352
sync-cycle,baseline,3acc11385,35,19,,,,12393,233,12490
sync-cycle,baseline,3acc11385,36,0,,,,9321,219,6365
sync-cycle,baseline,3acc11385,36,1,,,,10705,246,7905
sync-cycle,baseline,3acc11385,36,2,,,,9372,216,6285
sync-cycle,baseline,3acc11385,36,3,,,,9829,300,6421
sync-cycle,baseline,3acc11385,36,4,,,,9185,292,7015
sync-cycle,baseline,3acc11385,36,5,,,,10152,240,6994
sync-cycle,baseline,3acc11385,36,6,,,,9437,190,6897
sync-cycle,baseline,3acc11385,36,7,,,,8723,209,5589
sync-cycle,baseline,3acc11385,36,8,,,,9087,261,6640
sync-cycle,baseline,3acc11385,36,9,,,,8844,263,5604
sync-cycle,baseline,3acc11385,36,10,,,,10442,270,6863
sync-cycle,baseline,3acc11385,36,11,,,,8376,176,5914
sync-cycle,baseline,3acc11385,36,12,,,,8093,246,5837
sync-cycle,baseline,3acc11385,36,13,,,,8314,208,5455
sync-cycle,baseline,3acc11385,36,14,,,,8047,174,5555
sync-cycle,baseline,3acc11385,36,15,,,,8162,191,5613
sync-cycle,baseline,3acc11385,36,16,,,,8526,164,5534
sync-cycle,baseline,3acc11385,36,17,,,,8015,179,5403
sync-cycle,baseline,3acc11385,36,18,,,,8152,198,5781
sync-cycle,baseline,3acc11385,36,19,,,,7774,249,5297
sync-cycle,implementation,9af7a5f36,36,0,,,,11017,260,7190
sync-cycle,implementation,9af7a5f36,36,1,,,,10889,312,7209
sync-cycle,implementation,9af7a5f36,36,2,,,,11354,361,25119
sync-cycle,implementation,9af7a5f36,36,3,,,,9089,219,5691
sync-cycle,implementation,9af7a5f36,36,4,,,,8817,301,6059
sync-cycle,implementation,9af7a5f36,36,5,,,,12488,375,8015
sync-cycle,implementation,9af7a5f36,36,6,,,,8385,247,5504
sync-cycle,implementation,9af7a5f36,36,7,,,,8132,247,5891
sync-cycle,implementation,9af7a5f36,36,8,,,,8841,245,5510
sync-cycle,implementation,9af7a5f36,36,9,,,,8750,264,6022
sync-cycle,implementation,9af7a5f36,36,10,,,,8676,242,5918
sync-cycle,implementation,9af7a5f36,36,11,,,,8338,261,5623
sync-cycle,implementation,9af7a5f36,36,12,,,,29356,336,26349
sync-cycle,implementation,9af7a5f36,36,13,,,,11394,309,7596
sync-cycle,implementation,9af7a5f36,36,14,,,,11085,257,7688
sync-cycle,implementation,9af7a5f36,36,15,,,,15033,456,11396
sync-cycle,implementation,9af7a5f36,36,16,,,,11120,321,7402
sync-cycle,implementation,9af7a5f36,36,17,,,,9190,273,6152
sync-cycle,implementation,9af7a5f36,36,18,,,,8164,225,5797
sync-cycle,implementation,9af7a5f36,36,19,,,,8551,196,5977
sync-cycle,implementation,9af7a5f36,37,0,,,,8531,314,5958
sync-cycle,implementation,9af7a5f36,37,1,,,,8602,332,5546
sync-cycle,implementation,9af7a5f36,37,2,,,,8177,271,5547
sync-cycle,implementation,9af7a5f36,37,3,,,,8410,335,5978
sync-cycle,implementation,9af7a5f36,37,4,,,,8186,313,5981
sync-cycle,implementation,9af7a5f36,37,5,,,,7760,321,5500
sync-cycle,implementation,9af7a5f36,37,6,,,,8260,342,6361
sync-cycle,implementation,9af7a5f36,37,7,,,,7723,293,5657
sync-cycle,implementation,9af7a5f36,37,8,,,,7758,310,5737
sync-cycle,implementation,9af7a5f36,37,9,,,,8332,331,6098
sync-cycle,implementation,9af7a5f36,37,10,,,,8045,302,5841
sync-cycle,implementation,9af7a5f36,37,11,,,,7949,298,5825
sync-cycle,implementation,9af7a5f36,37,12,,,,8391,303,6095
sync-cycle,implementation,9af7a5f36,37,13,,,,9389,386,6584
sync-cycle,implementation,9af7a5f36,37,14,,,,8833,393,6063
sync-cycle,implementation,9af7a5f36,37,15,,,,8328,352,5896
sync-cycle,implementation,9af7a5f36,37,16,,,,8473,250,5647
sync-cycle,implementation,9af7a5f36,37,17,,,,12003,406,8509
sync-cycle,implementation,9af7a5f36,37,18,,,,8318,337,5777
sync-cycle,implementation,9af7a5f36,37,19,,,,7759,313,5337
sync-cycle,baseline,3acc11385,37,0,,,,8038,281,5834
sync-cycle,baseline,3acc11385,37,1,,,,7948,288,5478
sync-cycle,baseline,3acc11385,37,2,,,,8890,613,6161
sync-cycle,baseline,3acc11385,37,3,,,,8445,224,5718
sync-cycle,baseline,3acc11385,37,4,,,,10609,346,7633
sync-cycle,baseline,3acc11385,37,5,,,,8566,277,5543
sync-cycle,baseline,3acc11385,37,6,,,,9579,198,5969
sync-cycle,baseline,3acc11385,37,7,,,,9482,202,5884
sync-cycle,baseline,3acc11385,37,8,,,,12080,252,8485
sync-cycle,baseline,3acc11385,37,9,,,,14220,281,9235
sync-cycle,baseline,3acc11385,37,10,,,,11375,305,8290
sync-cycle,baseline,3acc11385,37,11,,,,14930,427,11612
sync-cycle,baseline,3acc11385,37,12,,,,11530,297,8202
sync-cycle,baseline,3acc11385,37,13,,,,10709,264,6691
sync-cycle,baseline,3acc11385,37,14,,,,9452,339,5893
sync-cycle,baseline,3acc11385,37,15,,,,7944,214,5691
sync-cycle,baseline,3acc11385,37,16,,,,8407,204,5582
sync-cycle,baseline,3acc11385,37,17,,,,8524,189,5821
sync-cycle,baseline,3acc11385,37,18,,,,8319,190,5588
sync-cycle,baseline,3acc11385,37,19,,,,8604,214,5571
sync-cycle,baseline,3acc11385,38,0,,,,8434,196,5527
sync-cycle,baseline,3acc11385,38,1,,,,7515,187,5651
sync-cycle,baseline,3acc11385,38,2,,,,8042,228,5434
sync-cycle,baseline,3acc11385,38,3,,,,8069,204,5393
sync-cycle,baseline,3acc11385,38,4,,,,8432,190,5210
sync-cycle,baseline,3acc11385,38,5,,,,8480,185,5453
sync-cycle,baseline,3acc11385,38,6,,,,8091,194,5421
sync-cycle,baseline,3acc11385,38,7,,,,8203,163,5578
sync-cycle,baseline,3acc11385,38,8,,,,7654,208,5323
sync-cycle,baseline,3acc11385,38,9,,,,8384,211,5513
sync-cycle,baseline,3acc11385,38,10,,,,9497,288,6221
sync-cycle,baseline,3acc11385,38,11,,,,11173,344,8401
sync-cycle,baseline,3acc11385,38,12,,,,14295,356,9142
sync-cycle,baseline,3acc11385,38,13,,,,12076,255,8282
sync-cycle,baseline,3acc11385,38,14,,,,13398,311,8349
sync-cycle,baseline,3acc11385,38,15,,,,8013,202,5547
sync-cycle,baseline,3acc11385,38,16,,,,8384,199,5427
sync-cycle,baseline,3acc11385,38,17,,,,8620,202,5639
sync-cycle,baseline,3acc11385,38,18,,,,8672,215,5538
sync-cycle,baseline,3acc11385,38,19,,,,9172,233,5622
sync-cycle,implementation,9af7a5f36,38,0,,,,8182,215,5423
sync-cycle,implementation,9af7a5f36,38,1,,,,7564,224,5529
sync-cycle,implementation,9af7a5f36,38,2,,,,8136,279,5703
sync-cycle,implementation,9af7a5f36,38,3,,,,7529,229,5521
sync-cycle,implementation,9af7a5f36,38,4,,,,10296,257,7476
sync-cycle,implementation,9af7a5f36,38,5,,,,8819,241,6047
sync-cycle,implementation,9af7a5f36,38,6,,,,8414,244,5720
sync-cycle,implementation,9af7a5f36,38,7,,,,10458,331,7116
sync-cycle,implementation,9af7a5f36,38,8,,,,9563,227,7080
sync-cycle,implementation,9af7a5f36,38,9,,,,8133,222,5625
sync-cycle,implementation,9af7a5f36,38,10,,,,8032,247,5379
sync-cycle,implementation,9af7a5f36,38,11,,,,7988,223,5382
sync-cycle,implementation,9af7a5f36,38,12,,,,7599,220,5747
sync-cycle,implementation,9af7a5f36,38,13,,,,8016,228,5529
sync-cycle,implementation,9af7a5f36,38,14,,,,7695,209,5375
sync-cycle,implementation,9af7a5f36,38,15,,,,8205,318,5670
sync-cycle,implementation,9af7a5f36,38,16,,,,8422,249,5371
sync-cycle,implementation,9af7a5f36,38,17,,,,8091,336,5646
sync-cycle,implementation,9af7a5f36,38,18,,,,7989,265,5543
sync-cycle,implementation,9af7a5f36,38,19,,,,8214,243,5691
sync-cycle,implementation,9af7a5f36,39,0,,,,8484,224,5584
sync-cycle,implementation,9af7a5f36,39,1,,,,8278,205,5795
sync-cycle,implementation,9af7a5f36,39,2,,,,8603,278,5598
sync-cycle,implementation,9af7a5f36,39,3,,,,8458,215,5714
sync-cycle,implementation,9af7a5f36,39,4,,,,8197,229,5763
sync-cycle,implementation,9af7a5f36,39,5,,,,8097,507,5689
sync-cycle,implementation,9af7a5f36,39,6,,,,7940,253,5516
sync-cycle,implementation,9af7a5f36,39,7,,,,8401,196,5998
sync-cycle,implementation,9af7a5f36,39,8,,,,8959,303,6012
sync-cycle,implementation,9af7a5f36,39,9,,,,7950,213,20517
sync-cycle,implementation,9af7a5f36,39,10,,,,8534,235,5512
sync-cycle,implementation,9af7a5f36,39,11,,,,8241,254,6418
sync-cycle,implementation,9af7a5f36,39,12,,,,9823,223,7534
sync-cycle,implementation,9af7a5f36,39,13,,,,8326,276,5613
sync-cycle,implementation,9af7a5f36,39,14,,,,8326,314,5703
sync-cycle,implementation,9af7a5f36,39,15,,,,9267,238,6813
sync-cycle,implementation,9af7a5f36,39,16,,,,10429,209,7472
sync-cycle,implementation,9af7a5f36,39,17,,,,9642,230,7140
sync-cycle,implementation,9af7a5f36,39,18,,,,8471,280,6367
sync-cycle,implementation,9af7a5f36,39,19,,,,8641,222,5657
sync-cycle,baseline,3acc11385,39,0,,,,8592,211,6100
sync-cycle,baseline,3acc11385,39,1,,,,9330,239,6227
sync-cycle,baseline,3acc11385,39,2,,,,8534,234,5776
sync-cycle,baseline,3acc11385,39,3,,,,10091,229,6742
sync-cycle,baseline,3acc11385,39,4,,,,9383,287,6374
sync-cycle,baseline,3acc11385,39,5,,,,8371,252,5612
sync-cycle,baseline,3acc11385,39,6,,,,7920,222,5571
sync-cycle,baseline,3acc11385,39,7,,,,7887,194,5571
sync-cycle,baseline,3acc11385,39,8,,,,7890,171,5725
sync-cycle,baseline,3acc11385,39,9,,,,8541,240,5415
sync-cycle,baseline,3acc11385,39,10,,,,7920,199,5430
sync-cycle,baseline,3acc11385,39,11,,,,8723,205,6109
sync-cycle,baseline,3acc11385,39,12,,,,8313,277,5908
sync-cycle,baseline,3acc11385,39,13,,,,8088,219,5905
sync-cycle,baseline,3acc11385,39,14,,,,8435,219,5597
sync-cycle,baseline,3acc11385,39,15,,,,8519,271,6020
sync-cycle,baseline,3acc11385,39,16,,,,7792,189,5488
sync-cycle,baseline,3acc11385,39,17,,,,8141,236,5596
sync-cycle,baseline,3acc11385,39,18,,,,8080,202,5942
sync-cycle,baseline,3acc11385,39,19,,,,8535,212,5507
sync-cycle,baseline,3acc11385,40,0,,,,7766,201,5857
sync-cycle,baseline,3acc11385,40,1,,,,7798,253,5543
sync-cycle,baseline,3acc11385,40,2,,,,8038,192,5518
sync-cycle,baseline,3acc11385,40,3,,,,7932,219,5214
sync-cycle,baseline,3acc11385,40,4,,,,8377,172,5459
sync-cycle,baseline,3acc11385,40,5,,,,8042,209,5663
sync-cycle,baseline,3acc11385,40,6,,,,7874,200,5206
sync-cycle,baseline,3acc11385,40,7,,,,7995,270,5663
sync-cycle,baseline,3acc11385,40,8,,,,8864,188,6183
sync-cycle,baseline,3acc11385,40,9,,,,7869,244,5855
sync-cycle,baseline,3acc11385,40,10,,,,8347,216,5636
sync-cycle,baseline,3acc11385,40,11,,,,8071,251,5571
sync-cycle,baseline,3acc11385,40,12,,,,7800,230,5456
sync-cycle,baseline,3acc11385,40,13,,,,8330,207,5522
sync-cycle,baseline,3acc11385,40,14,,,,8465,212,5703
sync-cycle,baseline,3acc11385,40,15,,,,8025,159,5879
sync-cycle,baseline,3acc11385,40,16,,,,8519,202,5648
sync-cycle,baseline,3acc11385,40,17,,,,8668,274,5945
sync-cycle,baseline,3acc11385,40,18,,,,7871,241,5495
sync-cycle,baseline,3acc11385,40,19,,,,7805,231,5627
sync-cycle,implementation,9af7a5f36,40,0,,,,9750,252,6764
sync-cycle,implementation,9af7a5f36,40,1,,,,9596,294,6712
sync-cycle,implementation,9af7a5f36,40,2,,,,24321,264,5964
sync-cycle,implementation,9af7a5f36,40,3,,,,8132,231,5596
sync-cycle,implementation,9af7a5f36,40,4,,,,8251,264,5761
sync-cycle,implementation,9af7a5f36,40,5,,,,7874,209,5397
sync-cycle,implementation,9af7a5f36,40,6,,,,8841,282,6382
sync-cycle,implementation,9af7a5f36,40,7,,,,8175,215,5721
sync-cycle,implementation,9af7a5f36,40,8,,,,8830,254,5752
sync-cycle,implementation,9af7a5f36,40,9,,,,8282,248,7328
sync-cycle,implementation,9af7a5f36,40,10,,,,9296,300,5883
sync-cycle,implementation,9af7a5f36,40,11,,,,8161,314,5789
sync-cycle,implementation,9af7a5f36,40,12,,,,8577,333,6547
sync-cycle,implementation,9af7a5f36,40,13,,,,8847,274,5743
sync-cycle,implementation,9af7a5f36,40,14,,,,10454,318,7055
sync-cycle,implementation,9af7a5f36,40,15,,,,10845,326,7174
sync-cycle,implementation,9af7a5f36,40,16,,,,8997,286,6268
sync-cycle,implementation,9af7a5f36,40,17,,,,30348,467,33444
sync-cycle,implementation,9af7a5f36,40,18,,,,9597,289,7482
sync-cycle,implementation,9af7a5f36,40,19,,,,13068,255,8477
sync-cycle,implementation,9af7a5f36,41,0,,,,9759,221,6038
sync-cycle,implementation,9af7a5f36,41,1,,,,11342,266,6518
sync-cycle,implementation,9af7a5f36,41,2,,,,8624,223,5729
sync-cycle,implementation,9af7a5f36,41,3,,,,8598,261,5512
sync-cycle,implementation,9af7a5f36,41,4,,,,8692,213,5496
sync-cycle,implementation,9af7a5f36,41,5,,,,7649,293,5577
sync-cycle,implementation,9af7a5f36,41,6,,,,8061,239,6014
sync-cycle,implementation,9af7a5f36,41,7,,,,7739,206,5231
sync-cycle,implementation,9af7a5f36,41,8,,,,8003,211,5622
sync-cycle,implementation,9af7a5f36,41,9,,,,8002,227,5387
sync-cycle,implementation,9af7a5f36,41,10,,,,7836,197,5522
sync-cycle,implementation,9af7a5f36,41,11,,,,8342,237,6116
sync-cycle,implementation,9af7a5f36,41,12,,,,7728,206,5847
sync-cycle,implementation,9af7a5f36,41,13,,,,8409,236,5510
sync-cycle,implementation,9af7a5f36,41,14,,,,7935,191,5741
sync-cycle,implementation,9af7a5f36,41,15,,,,8163,205,5545
sync-cycle,implementation,9af7a5f36,41,16,,,,9692,227,5556
sync-cycle,implementation,9af7a5f36,41,17,,,,26306,302,24011
sync-cycle,implementation,9af7a5f36,41,18,,,,15579,391,7467
sync-cycle,implementation,9af7a5f36,41,19,,,,11755,353,7779
sync-cycle,baseline,3acc11385,41,0,,,,8088,275,5794
sync-cycle,baseline,3acc11385,41,1,,,,8917,239,5610
sync-cycle,baseline,3acc11385,41,2,,,,7848,211,5440
sync-cycle,baseline,3acc11385,41,3,,,,7638,209,5410
sync-cycle,baseline,3acc11385,41,4,,,,8178,156,5978
sync-cycle,baseline,3acc11385,41,5,,,,10381,237,5947
sync-cycle,baseline,3acc11385,41,6,,,,8758,154,5601
sync-cycle,baseline,3acc11385,41,7,,,,8468,174,5524
sync-cycle,baseline,3acc11385,41,8,,,,8001,164,5452
sync-cycle,baseline,3acc11385,41,9,,,,8261,172,5671
sync-cycle,baseline,3acc11385,41,10,,,,7902,183,5255
sync-cycle,baseline,3acc11385,41,11,,,,7729,229,5327
sync-cycle,baseline,3acc11385,41,12,,,,7745,258,5702
sync-cycle,baseline,3acc11385,41,13,,,,8002,238,5365
sync-cycle,baseline,3acc11385,41,14,,,,7723,173,5722
sync-cycle,baseline,3acc11385,41,15,,,,8928,186,5383
sync-cycle,baseline,3acc11385,41,16,,,,8277,228,5584
sync-cycle,baseline,3acc11385,41,17,,,,7741,188,5183
sync-cycle,baseline,3acc11385,41,18,,,,9422,281,6521
sync-cycle,baseline,3acc11385,41,19,,,,8275,244,5643
sync-cycle,baseline,3acc11385,42,0,,,,8013,197,5670
sync-cycle,baseline,3acc11385,42,1,,,,8244,205,5916
sync-cycle,baseline,3acc11385,42,2,,,,25344,227,6363
sync-cycle,baseline,3acc11385,42,3,,,,8912,206,6102
sync-cycle,baseline,3acc11385,42,4,,,,8869,238,6083
sync-cycle,baseline,3acc11385,42,5,,,,8462,177,5594
sync-cycle,baseline,3acc11385,42,6,,,,8698,188,5636
sync-cycle,baseline,3acc11385,42,7,,,,8377,234,7880
sync-cycle,baseline,3acc11385,42,8,,,,7906,189,5664
sync-cycle,baseline,3acc11385,42,9,,,,7958,183,5990
sync-cycle,baseline,3acc11385,42,10,,,,8623,228,5830
sync-cycle,baseline,3acc11385,42,11,,,,8458,216,5557
sync-cycle,baseline,3acc11385,42,12,,,,9860,265,6534
sync-cycle,baseline,3acc11385,42,13,,,,11402,237,7157
sync-cycle,baseline,3acc11385,42,14,,,,11988,265,8028
sync-cycle,baseline,3acc11385,42,15,,,,10805,265,7399
sync-cycle,baseline,3acc11385,42,16,,,,10809,280,6996
sync-cycle,baseline,3acc11385,42,17,,,,10614,216,6279
sync-cycle,baseline,3acc11385,42,18,,,,8285,181,6091
sync-cycle,baseline,3acc11385,42,19,,,,9330,235,5904
sync-cycle,implementation,9af7a5f36,42,0,,,,9791,305,6917
sync-cycle,implementation,9af7a5f36,42,1,,,,12463,301,6983
sync-cycle,implementation,9af7a5f36,42,2,,,,8997,225,6517
sync-cycle,implementation,9af7a5f36,42,3,,,,8899,212,6123
sync-cycle,implementation,9af7a5f36,42,4,,,,8318,224,5905
sync-cycle,implementation,9af7a5f36,42,5,,,,10463,204,6918
sync-cycle,implementation,9af7a5f36,42,6,,,,9482,279,6421
sync-cycle,implementation,9af7a5f36,42,7,,,,9074,266,6347
sync-cycle,implementation,9af7a5f36,42,8,,,,8616,278,5861
sync-cycle,implementation,9af7a5f36,42,9,,,,8911,271,6009
sync-cycle,implementation,9af7a5f36,42,10,,,,7966,232,5717
sync-cycle,implementation,9af7a5f36,42,11,,,,7819,218,5436
sync-cycle,implementation,9af7a5f36,42,12,,,,7894,182,6089
sync-cycle,implementation,9af7a5f36,42,13,,,,8119,275,5535
sync-cycle,implementation,9af7a5f36,42,14,,,,7709,192,5624
sync-cycle,implementation,9af7a5f36,42,15,,,,7729,173,5539
sync-cycle,implementation,9af7a5f36,42,16,,,,7786,188,5165
sync-cycle,implementation,9af7a5f36,42,17,,,,7879,263,5493
sync-cycle,implementation,9af7a5f36,42,18,,,,8265,422,5433
sync-cycle,implementation,9af7a5f36,42,19,,,,7549,196,5200
sync-cycle,implementation,9af7a5f36,43,0,,,,7901,219,5833
sync-cycle,implementation,9af7a5f36,43,1,,,,7872,184,5640
sync-cycle,implementation,9af7a5f36,43,2,,,,8727,203,5594
sync-cycle,implementation,9af7a5f36,43,3,,,,7699,223,5595
sync-cycle,implementation,9af7a5f36,43,4,,,,25470,278,5810
sync-cycle,implementation,9af7a5f36,43,5,,,,7639,229,5336
sync-cycle,implementation,9af7a5f36,43,6,,,,7635,203,5597
sync-cycle,implementation,9af7a5f36,43,7,,,,7755,193,5504
sync-cycle,implementation,9af7a5f36,43,8,,,,10397,203,6646
sync-cycle,implementation,9af7a5f36,43,9,,,,10696,220,7726
sync-cycle,implementation,9af7a5f36,43,10,,,,10493,233,7254
sync-cycle,implementation,9af7a5f36,43,11,,,,8540,224,6359
sync-cycle,implementation,9af7a5f36,43,12,,,,9838,248,6666
sync-cycle,implementation,9af7a5f36,43,13,,,,8922,260,5987
sync-cycle,implementation,9af7a5f36,43,14,,,,8384,232,5838
sync-cycle,implementation,9af7a5f36,43,15,,,,8297,187,6174
sync-cycle,implementation,9af7a5f36,43,16,,,,8868,212,5999
sync-cycle,implementation,9af7a5f36,43,17,,,,8403,229,6315
sync-cycle,implementation,9af7a5f36,43,18,,,,7931,222,5747
sync-cycle,implementation,9af7a5f36,43,19,,,,8168,232,5552
sync-cycle,baseline,3acc11385,43,0,,,,8232,195,5669
sync-cycle,baseline,3acc11385,43,1,,,,8155,237,5455
sync-cycle,baseline,3acc11385,43,2,,,,8637,251,5586
sync-cycle,baseline,3acc11385,43,3,,,,8698,230,6053
sync-cycle,baseline,3acc11385,43,4,,,,7923,212,5336
sync-cycle,baseline,3acc11385,43,5,,,,7751,163,5103
sync-cycle,baseline,3acc11385,43,6,,,,8103,214,5591
sync-cycle,baseline,3acc11385,43,7,,,,8113,214,5508
sync-cycle,baseline,3acc11385,43,8,,,,10030,260,5731
sync-cycle,baseline,3acc11385,43,9,,,,8012,220,5460
sync-cycle,baseline,3acc11385,43,10,,,,7918,196,5352
sync-cycle,baseline,3acc11385,43,11,,,,8366,234,5624
sync-cycle,baseline,3acc11385,43,12,,,,7794,185,5538
sync-cycle,baseline,3acc11385,43,13,,,,8033,209,5256
sync-cycle,baseline,3acc11385,43,14,,,,8122,184,5648
sync-cycle,baseline,3acc11385,43,15,,,,8268,227,5785
sync-cycle,baseline,3acc11385,43,16,,,,8175,217,5848
sync-cycle,baseline,3acc11385,43,17,,,,8058,220,5325
sync-cycle,baseline,3acc11385,43,18,,,,8120,178,6084
sync-cycle,baseline,3acc11385,43,19,,,,7778,210,5228
sync-cycle,baseline,3acc11385,44,0,,,,8876,245,6077
sync-cycle,baseline,3acc11385,44,1,,,,9095,215,5535
sync-cycle,baseline,3acc11385,44,2,,,,8692,215,5881
sync-cycle,baseline,3acc11385,44,3,,,,8892,230,5452
sync-cycle,baseline,3acc11385,44,4,,,,8540,213,5763
sync-cycle,baseline,3acc11385,44,5,,,,8739,218,5447
sync-cycle,baseline,3acc11385,44,6,,,,10911,312,6760
sync-cycle,baseline,3acc11385,44,7,,,,10840,291,6881
sync-cycle,baseline,3acc11385,44,8,,,,10528,319,7130
sync-cycle,baseline,3acc11385,44,9,,,,9332,233,6253
sync-cycle,baseline,3acc11385,44,10,,,,8593,205,5713
sync-cycle,baseline,3acc11385,44,11,,,,8496,196,5927
sync-cycle,baseline,3acc11385,44,12,,,,8404,219,5718
sync-cycle,baseline,3acc11385,44,13,,,,8141,209,5622
sync-cycle,baseline,3acc11385,44,14,,,,8402,193,5424
sync-cycle,baseline,3acc11385,44,15,,,,8177,245,5604
sync-cycle,baseline,3acc11385,44,16,,,,8235,183,5543
sync-cycle,baseline,3acc11385,44,17,,,,8340,198,5472
sync-cycle,baseline,3acc11385,44,18,,,,8397,228,5628
sync-cycle,baseline,3acc11385,44,19,,,,8202,205,5331
sync-cycle,implementation,9af7a5f36,44,0,,,,8213,234,5554
sync-cycle,implementation,9af7a5f36,44,1,,,,8281,194,5927
sync-cycle,implementation,9af7a5f36,44,2,,,,8282,194,5906
sync-cycle,implementation,9af7a5f36,44,3,,,,8347,205,5667
sync-cycle,implementation,9af7a5f36,44,4,,,,8506,251,5726
sync-cycle,implementation,9af7a5f36,44,5,,,,8069,220,5446
sync-cycle,implementation,9af7a5f36,44,6,,,,8160,199,5463
sync-cycle,implementation,9af7a5f36,44,7,,,,7716,257,5359
sync-cycle,implementation,9af7a5f36,44,8,,,,7748,273,5596
sync-cycle,implementation,9af7a5f36,44,9,,,,7859,294,5391
sync-cycle,implementation,9af7a5f36,44,10,,,,7732,207,5277
sync-cycle,implementation,9af7a5f36,44,11,,,,7900,213,5495
sync-cycle,implementation,9af7a5f36,44,12,,,,8203,191,5549
sync-cycle,implementation,9af7a5f36,44,13,,,,7695,202,5238
sync-cycle,implementation,9af7a5f36,44,14,,,,8131,279,5492
sync-cycle,implementation,9af7a5f36,44,15,,,,8108,209,5776
sync-cycle,implementation,9af7a5f36,44,16,,,,7901,295,5219
sync-cycle,implementation,9af7a5f36,44,17,,,,7692,192,5629
sync-cycle,implementation,9af7a5f36,44,18,,,,8131,188,5547
sync-cycle,implementation,9af7a5f36,44,19,,,,7749,204,5267
sync-cycle,implementation,9af7a5f36,45,0,,,,8084,293,5865
sync-cycle,implementation,9af7a5f36,45,1,,,,8403,353,5805
sync-cycle,implementation,9af7a5f36,45,2,,,,8210,288,5871
sync-cycle,implementation,9af7a5f36,45,3,,,,10873,401,10226
sync-cycle,implementation,9af7a5f36,45,4,,,,10765,355,7768
sync-cycle,implementation,9af7a5f36,45,5,,,,9793,282,7371
sync-cycle,implementation,9af7a5f36,45,6,,,,8555,269,6519
sync-cycle,implementation,9af7a5f36,45,7,,,,8174,229,6148
sync-cycle,implementation,9af7a5f36,45,8,,,,8436,253,6516
sync-cycle,implementation,9af7a5f36,45,9,,,,7633,198,5346
sync-cycle,implementation,9af7a5f36,45,10,,,,8254,328,5471
sync-cycle,implementation,9af7a5f36,45,11,,,,8068,265,6157
sync-cycle,implementation,9af7a5f36,45,12,,,,8261,293,6376
sync-cycle,implementation,9af7a5f36,45,13,,,,8957,235,5465
sync-cycle,implementation,9af7a5f36,45,14,,,,8568,266,5916
sync-cycle,implementation,9af7a5f36,45,15,,,,8684,276,6064
sync-cycle,implementation,9af7a5f36,45,16,,,,8534,248,5533
sync-cycle,implementation,9af7a5f36,45,17,,,,7988,271,5738
sync-cycle,implementation,9af7a5f36,45,18,,,,8072,276,5758
sync-cycle,implementation,9af7a5f36,45,19,,,,8430,301,5667
sync-cycle,baseline,3acc11385,45,0,,,,7838,148,5509
sync-cycle,baseline,3acc11385,45,1,,,,28047,227,5595
sync-cycle,baseline,3acc11385,45,2,,,,8156,188,5480
sync-cycle,baseline,3acc11385,45,3,,,,8108,211,5480
sync-cycle,baseline,3acc11385,45,4,,,,8754,228,6146
sync-cycle,baseline,3acc11385,45,5,,,,8197,199,5287
sync-cycle,baseline,3acc11385,45,6,,,,8287,189,5344
sync-cycle,baseline,3acc11385,45,7,,,,7815,195,5549
sync-cycle,baseline,3acc11385,45,8,,,,8002,207,5988
sync-cycle,baseline,3acc11385,45,9,,,,8246,224,5418
sync-cycle,baseline,3acc11385,45,10,,,,8818,250,5559
sync-cycle,baseline,3acc11385,45,11,,,,32752,232,5910
sync-cycle,baseline,3acc11385,45,12,,,,8133,202,5614
sync-cycle,baseline,3acc11385,45,13,,,,8201,214,5348
sync-cycle,baseline,3acc11385,45,14,,,,8005,187,5452
sync-cycle,baseline,3acc11385,45,15,,,,8103,204,5686
sync-cycle,baseline,3acc11385,45,16,,,,8423,239,5483
sync-cycle,baseline,3acc11385,45,17,,,,8864,215,5624
sync-cycle,baseline,3acc11385,45,18,,,,8438,193,5561
sync-cycle,baseline,3acc11385,45,19,,,,7891,193,5333
sync-cycle,baseline,3acc11385,46,0,,,,10929,250,7309
sync-cycle,baseline,3acc11385,46,1,,,,11113,285,7399
sync-cycle,baseline,3acc11385,46,2,,,,10672,232,7513
sync-cycle,baseline,3acc11385,46,3,,,,8713,225,5690
sync-cycle,baseline,3acc11385,46,4,,,,8290,220,5829
sync-cycle,baseline,3acc11385,46,5,,,,8412,214,5631
sync-cycle,baseline,3acc11385,46,6,,,,7628,176,5476
sync-cycle,baseline,3acc11385,46,7,,,,7615,282,5682
sync-cycle,baseline,3acc11385,46,8,,,,8178,242,5653
sync-cycle,baseline,3acc11385,46,9,,,,7662,246,5386
sync-cycle,baseline,3acc11385,46,10,,,,8319,215,5396
sync-cycle,baseline,3acc11385,46,11,,,,7787,201,5369
sync-cycle,baseline,3acc11385,46,12,,,,8818,228,5761
sync-cycle,baseline,3acc11385,46,13,,,,8384,219,5297
sync-cycle,baseline,3acc11385,46,14,,,,7970,158,5270
sync-cycle,baseline,3acc11385,46,15,,,,8008,196,5977
sync-cycle,baseline,3acc11385,46,16,,,,8866,252,5645
sync-cycle,baseline,3acc11385,46,17,,,,8633,225,5566
sync-cycle,baseline,3acc11385,46,18,,,,8214,225,5598
sync-cycle,baseline,3acc11385,46,19,,,,7829,186,5429
sync-cycle,implementation,9af7a5f36,46,0,,,,7752,206,5256
sync-cycle,implementation,9af7a5f36,46,1,,,,7404,174,5147
sync-cycle,implementation,9af7a5f36,46,2,,,,7775,269,5267
sync-cycle,implementation,9af7a5f36,46,3,,,,8510,199,7952
sync-cycle,implementation,9af7a5f36,46,4,,,,8367,223,5937
sync-cycle,implementation,9af7a5f36,46,5,,,,8145,215,5536
sync-cycle,implementation,9af7a5f36,46,6,,,,8339,176,5631
sync-cycle,implementation,9af7a5f36,46,7,,,,8029,216,5484
sync-cycle,implementation,9af7a5f36,46,8,,,,8096,189,5527
sync-cycle,implementation,9af7a5f36,46,9,,,,8310,195,7273
sync-cycle,implementation,9af7a5f36,46,10,,,,8898,214,5758
sync-cycle,implementation,9af7a5f36,46,11,,,,7809,225,5826
sync-cycle,implementation,9af7a5f36,46,12,,,,8580,176,6086
sync-cycle,implementation,9af7a5f36,46,13,,,,8011,181,5363
sync-cycle,implementation,9af7a5f36,46,14,,,,8601,188,5222
sync-cycle,implementation,9af7a5f36,46,15,,,,7811,225,5451
sync-cycle,implementation,9af7a5f36,46,16,,,,7782,178,7239
sync-cycle,implementation,9af7a5f36,46,17,,,,8186,187,5285
sync-cycle,implementation,9af7a5f36,46,18,,,,8072,198,5529
sync-cycle,implementation,9af7a5f36,46,19,,,,8349,805,6303
sync-cycle,implementation,9af7a5f36,47,0,,,,8915,238,5994
sync-cycle,implementation,9af7a5f36,47,1,,,,7852,229,5522
sync-cycle,implementation,9af7a5f36,47,2,,,,8286,241,6189
sync-cycle,implementation,9af7a5f36,47,3,,,,8602,220,5544
sync-cycle,implementation,9af7a5f36,47,4,,,,8112,248,5387
sync-cycle,implementation,9af7a5f36,47,5,,,,8089,227,5414
sync-cycle,implementation,9af7a5f36,47,6,,,,7610,200,5366
sync-cycle,implementation,9af7a5f36,47,7,,,,7734,180,5211
sync-cycle,implementation,9af7a5f36,47,8,,,,7534,256,5366
sync-cycle,implementation,9af7a5f36,47,9,,,,8328,200,5640
sync-cycle,implementation,9af7a5f36,47,10,,,,9968,298,6297
sync-cycle,implementation,9af7a5f36,47,11,,,,8802,215,5709
sync-cycle,implementation,9af7a5f36,47,12,,,,8349,233,5653
sync-cycle,implementation,9af7a5f36,47,13,,,,7817,235,5018
sync-cycle,implementation,9af7a5f36,47,14,,,,8708,260,5701
sync-cycle,implementation,9af7a5f36,47,15,,,,8662,276,5586
sync-cycle,implementation,9af7a5f36,47,16,,,,8104,221,5321
sync-cycle,implementation,9af7a5f36,47,17,,,,7651,256,5415
sync-cycle,implementation,9af7a5f36,47,18,,,,8048,244,5863
sync-cycle,implementation,9af7a5f36,47,19,,,,8427,226,5257
sync-cycle,baseline,3acc11385,47,0,,,,8281,285,5882
sync-cycle,baseline,3acc11385,47,1,,,,8101,278,5310
sync-cycle,baseline,3acc11385,47,2,,,,7992,286,5312
sync-cycle,baseline,3acc11385,47,3,,,,8236,234,5575
sync-cycle,baseline,3acc11385,47,4,,,,8099,289,5358
sync-cycle,baseline,3acc11385,47,5,,,,8312,304,5596
sync-cycle,baseline,3acc11385,47,6,,,,8347,259,5511
sync-cycle,baseline,3acc11385,47,7,,,,7886,226,5478
sync-cycle,baseline,3acc11385,47,8,,,,7967,287,5448
sync-cycle,baseline,3acc11385,47,9,,,,25054,267,21638
sync-cycle,baseline,3acc11385,47,10,,,,7827,275,5014
sync-cycle,baseline,3acc11385,47,11,,,,8170,243,5585
sync-cycle,baseline,3acc11385,47,12,,,,8097,204,5654
sync-cycle,baseline,3acc11385,47,13,,,,7875,257,6007
sync-cycle,baseline,3acc11385,47,14,,,,7801,275,5380
sync-cycle,baseline,3acc11385,47,15,,,,8311,311,5674
sync-cycle,baseline,3acc11385,47,16,,,,8649,199,5358
sync-cycle,baseline,3acc11385,47,17,,,,9111,227,6111
sync-cycle,baseline,3acc11385,47,18,,,,9640,302,6863
sync-cycle,baseline,3acc11385,47,19,,,,15194,547,10511
sync-cycle,baseline,3acc11385,48,0,,,,7878,254,5188
sync-cycle,baseline,3acc11385,48,1,,,,8140,291,5481
sync-cycle,baseline,3acc11385,48,2,,,,8252,256,5679
sync-cycle,baseline,3acc11385,48,3,,,,7722,220,5509
sync-cycle,baseline,3acc11385,48,4,,,,7936,213,5579
sync-cycle,baseline,3acc11385,48,5,,,,8053,195,5388
sync-cycle,baseline,3acc11385,48,6,,,,7870,220,5833
sync-cycle,baseline,3acc11385,48,7,,,,8092,205,5271
sync-cycle,baseline,3acc11385,48,8,,,,7822,251,5503
sync-cycle,baseline,3acc11385,48,9,,,,7931,238,5656
sync-cycle,baseline,3acc11385,48,10,,,,7760,229,5824
sync-cycle,baseline,3acc11385,48,11,,,,7998,230,5491
sync-cycle,baseline,3acc11385,48,12,,,,7511,174,5672
sync-cycle,baseline,3acc11385,48,13,,,,7709,190,5181
sync-cycle,baseline,3acc11385,48,14,,,,8549,240,5492
sync-cycle,baseline,3acc11385,48,15,,,,8354,228,5623
sync-cycle,baseline,3acc11385,48,16,,,,8295,218,5470
sync-cycle,baseline,3acc11385,48,17,,,,7750,205,5491
sync-cycle,baseline,3acc11385,48,18,,,,8355,283,5628
sync-cycle,baseline,3acc11385,48,19,,,,8014,228,5377
sync-cycle,implementation,9af7a5f36,48,0,,,,7788,239,5549
sync-cycle,implementation,9af7a5f36,48,1,,,,8322,252,5572
sync-cycle,implementation,9af7a5f36,48,2,,,,8277,249,5782
sync-cycle,implementation,9af7a5f36,48,3,,,,8093,225,5408
sync-cycle,implementation,9af7a5f36,48,4,,,,8211,262,5613
sync-cycle,implementation,9af7a5f36,48,5,,,,8064,221,5309
sync-cycle,implementation,9af7a5f36,48,6,,,,8057,260,5602
sync-cycle,implementation,9af7a5f36,48,7,,,,8191,202,5298
sync-cycle,implementation,9af7a5f36,48,8,,,,8224,213,5334
sync-cycle,implementation,9af7a5f36,48,9,,,,8246,226,5629
sync-cycle,implementation,9af7a5f36,48,10,,,,8579,291,5463
sync-cycle,implementation,9af7a5f36,48,11,,,,7932,225,5436
sync-cycle,implementation,9af7a5f36,48,12,,,,7815,223,5556
sync-cycle,implementation,9af7a5f36,48,13,,,,7993,223,5617
sync-cycle,implementation,9af7a5f36,48,14,,,,8409,261,5718
sync-cycle,implementation,9af7a5f36,48,15,,,,14868,463,10448
sync-cycle,implementation,9af7a5f36,48,16,,,,9960,319,6836
sync-cycle,implementation,9af7a5f36,48,17,,,,11860,286,7325
sync-cycle,implementation,9af7a5f36,48,18,,,,8654,278,5872
sync-cycle,implementation,9af7a5f36,48,19,,,,8065,207,5529
sync-cycle,implementation,9af7a5f36,49,0,,,,8516,210,5385
sync-cycle,implementation,9af7a5f36,49,1,,,,8260,224,5521
sync-cycle,implementation,9af7a5f36,49,2,,,,8592,242,5681
sync-cycle,implementation,9af7a5f36,49,3,,,,8324,266,5385
sync-cycle,implementation,9af7a5f36,49,4,,,,8321,246,5562
sync-cycle,implementation,9af7a5f36,49,5,,,,8117,229,5467
sync-cycle,implementation,9af7a5f36,49,6,,,,8225,227,5589
sync-cycle,implementation,9af7a5f36,49,7,,,,8052,239,5389
sync-cycle,implementation,9af7a5f36,49,8,,,,8183,214,5568
sync-cycle,implementation,9af7a5f36,49,9,,,,8133,229,5576
sync-cycle,implementation,9af7a5f36,49,10,,,,8196,226,5694
sync-cycle,implementation,9af7a5f36,49,11,,,,7982,233,5634
sync-cycle,implementation,9af7a5f36,49,12,,,,8047,241,5734
sync-cycle,implementation,9af7a5f36,49,13,,,,8084,238,5491
sync-cycle,implementation,9af7a5f36,49,14,,,,8696,250,5563
sync-cycle,implementation,9af7a5f36,49,15,,,,8324,218,5965
sync-cycle,implementation,9af7a5f36,49,16,,,,8455,248,5668
sync-cycle,implementation,9af7a5f36,49,17,,,,8963,272,6126
sync-cycle,implementation,9af7a5f36,49,18,,,,8127,246,5711
sync-cycle,implementation,9af7a5f36,49,19,,,,8349,244,5674
sync-cycle,baseline,3acc11385,49,0,,,,8366,235,5957
sync-cycle,baseline,3acc11385,49,1,,,,8460,228,5767
sync-cycle,baseline,3acc11385,49,2,,,,9278,205,5855
sync-cycle,baseline,3acc11385,49,3,,,,8781,263,5741
sync-cycle,baseline,3acc11385,49,4,,,,9233,254,5923
sync-cycle,baseline,3acc11385,49,5,,,,8322,198,5711
sync-cycle,baseline,3acc11385,49,6,,,,8790,240,6090
sync-cycle,baseline,3acc11385,49,7,,,,8906,214,5771
sync-cycle,baseline,3acc11385,49,8,,,,8654,215,6187
sync-cycle,baseline,3acc11385,49,9,,,,8308,205,5631
sync-cycle,baseline,3acc11385,49,10,,,,10011,208,6650
sync-cycle,baseline,3acc11385,49,11,,,,9426,283,6624
sync-cycle,baseline,3acc11385,49,12,,,,9550,234,6192
sync-cycle,baseline,3acc11385,49,13,,,,30953,319,6316
sync-cycle,baseline,3acc11385,49,14,,,,14791,383,6919
sync-cycle,baseline,3acc11385,49,15,,,,8985,231,6165
sync-cycle,baseline,3acc11385,49,16,,,,8269,229,5440
sync-cycle,baseline,3acc11385,49,17,,,,7907,205,5498
sync-cycle,baseline,3acc11385,49,18,,,,8289,181,5808
sync-cycle,baseline,3acc11385,49,19,,,,8887,192,5403
