sequence,cycle_started_us,command_sent_us,response_completed_us,full_loop_us,pre_send_us,transport_us,setpoint_milli_c,observed_milli_c,measured_milli_c,command_actuator_permille,status_actuator_permille,error_milli_c
1,5400,5768,108331,102931,368,102563,45000,20000,20266,951,951,24734
2,108863,108879,121641,12778,16,12762,45000,20266,20543,992,992,24457
3,209263,209280,220823,11560,17,11543,45000,20543,20817,986,986,24183
4,309309,309325,320940,11631,16,11615,45000,20817,21088,979,979,23912
5,409355,409372,420982,11627,17,11610,45000,21088,21356,972,972,23644
6,509401,509418,521020,11619,17,11602,45000,21356,21620,965,965,23380
7,609463,609480,621105,11642,17,11625,45000,21620,21882,958,958,23118
8,709509,709526,721138,11629,17,11612,45000,21882,22141,951,951,22859
9,809575,809592,821188,11613,17,11596,45000,22141,22397,944,944,22603
10,909640,909656,921281,11641,16,11625,45000,22397,22649,937,937,22351
11,1009685,1009702,1021309,11624,17,11607,45000,22649,22899,931,931,22101
12,1109750,1109766,1121366,11616,16,11600,45000,22899,23147,924,924,21853
13,1209798,1209814,1221416,11618,16,11602,45000,23147,23391,917,917,21609
14,1309863,1309880,1321518,11655,17,11638,45000,23391,23632,911,911,21368
15,1409909,1409926,1421552,11643,17,11626,45000,23632,23871,905,905,21129
16,1509974,1509991,1521611,11637,17,11620,45000,23871,24107,898,898,20893
17,1610021,1610053,1621669,11648,32,11616,45000,24107,24340,892,892,20660
18,1710073,1710089,1721708,11635,16,11619,45000,24340,24571,886,886,20429
19,1810135,1810151,1821747,11612,16,11596,45000,24571,24799,879,879,20201
20,1910197,1910214,1921710,11513,17,11496,45000,24799,25024,873,873,19976
21,2010245,2010261,2021752,11507,16,11491,45000,25024,25247,867,867,19753
22,2110307,2110324,2121746,11439,17,11422,45000,25247,25467,861,861,19533
23,2210351,2210368,2221728,11377,17,11360,45000,25467,25685,856,856,19315
24,2310396,2310413,2321740,11344,17,11327,45000,25685,25900,850,850,19100
25,2410458,2410475,2421729,11271,17,11254,45000,25900,26113,844,844,18887
26,2510503,2510519,2521732,11229,16,11213,45000,26113,26323,838,838,18677
27,2610548,2610564,2621724,11176,16,11160,45000,26323,26531,833,833,18469
28,2710592,2710609,2721736,11144,17,11127,45000,26531,26736,827,827,18264
29,2810637,2810653,2821730,11093,16,11077,45000,26736,26940,822,822,18060
30,2910681,2910698,2921732,11051,17,11034,45000,26940,27140,816,816,17860
31,3010728,3010744,3021726,10998,16,10982,45000,27140,27339,811,811,17661
32,3110773,3110790,3121760,10987,17,10970,45000,27339,27535,806,806,17465
33,3210820,3210837,3221755,10935,17,10918,45000,27535,27729,801,801,17271
34,3310866,3310882,3321756,10890,16,10874,45000,27729,27921,795,795,17079
35,3410911,3410928,3421732,10821,17,10804,45000,27921,28110,790,790,16890
36,3510957,3510974,3521728,10771,17,10754,45000,28110,28298,785,785,16702
37,3611003,3611020,3621726,10723,17,10706,45000,28298,28483,780,780,16517
38,3711050,3711066,3721734,10684,16,10668,45000,28483,28666,775,775,16334
39,3811097,3811114,3821730,10633,17,10616,45000,28666,28847,770,770,16153
40,3911143,3911160,3921728,10585,17,10568,45000,28847,29026,766,766,15974
41,4011190,4011207,4021736,10546,17,10529,45000,29026,29203,761,761,15797
42,4111237,4111254,4121729,10492,17,10475,45000,29203,29378,756,756,15622
43,4211283,4211300,4221729,10446,17,10429,45000,29378,29551,752,752,15449
44,4311329,4311346,4321726,10397,17,10380,45000,29551,29722,747,747,15278
45,4411377,4411393,4421734,10357,16,10341,45000,29722,29891,742,742,15109
46,4511424,4511441,4521727,10303,17,10286,45000,29891,30058,738,738,14942
47,4611470,4611487,4621729,10259,17,10242,45000,30058,30223,733,733,14777
48,4711518,4711534,4721733,10215,16,10199,45000,30223,30386,729,729,14614
49,4811564,4811581,4821729,10165,17,10148,45000,30386,30548,725,725,14452
50,4911610,4911627,4921731,10121,17,10104,45000,30548,30707,720,720,14293
51,5011657,5011673,5021727,10070,16,10054,45000,30707,30865,716,716,14135
52,5111703,5111720,5121736,10033,17,10016,45000,30865,31021,712,712,13979
53,5211749,5211766,5221730,9981,17,9964,45000,31021,31175,708,708,13825
54,5311796,5311812,5321730,9934,16,9918,45000,31175,31327,704,704,13673
55,5411843,5411879,5421734,9891,36,9855,45000,31327,31478,700,700,13522
56,5511902,5511919,5521730,9828,17,9811,45000,31478,31627,696,696,13373
57,5611949,5611965,5621728,9779,16,9763,45000,31627,31774,692,692,13226
58,5711993,5712010,5721730,9737,17,9720,45000,31774,31920,688,688,13080
59,5812038,5812055,5821738,9700,17,9683,45000,31920,32063,684,684,12937
60,5912083,5912100,5921732,9649,17,9632,45000,32063,32206,680,680,12794
61,6012128,6012145,6021731,9603,17,9586,45000,32206,32346,676,676,12654
62,6112174,6112190,6121727,9553,16,9537,45000,32346,32485,673,673,12515
63,6212220,6212237,6221752,9532,17,9515,45000,32485,32622,669,669,12378
64,6312287,6312303,6321719,9432,16,9416,45000,32622,32758,665,665,12242
65,6412333,6412350,6421734,9401,17,9384,45000,32758,32893,662,662,12107
66,6512380,6512396,6521733,9353,16,9337,45000,32893,33025,658,658,11975
67,6612426,6612443,6621728,9302,17,9285,45000,33025,33156,655,655,11844
68,6712473,6712490,6721729,9256,17,9239,45000,33156,33286,651,651,11714
69,6812520,6812537,6821734,9214,17,9197,45000,33286,33414,648,648,11586
70,6912568,6912585,6921732,9164,17,9147,45000,33414,33541,644,644,11459
71,7012614,7012631,7021729,9115,17,9098,45000,33541,33666,641,641,11334
72,7112660,7112677,7121738,9078,17,9061,45000,33666,33790,638,638,11210
73,7212708,7212725,7221731,9023,17,9006,45000,33790,33913,634,634,11087
74,7312755,7312771,7321731,8976,16,8960,45000,33913,34034,631,631,10966
75,7412802,7412819,7421726,8924,17,8907,45000,34034,34153,628,628,10847
76,7512849,7512866,7521734,8885,17,8868,45000,34153,34272,625,625,10728
77,7612896,7612913,7621728,8832,17,8815,45000,34272,34389,621,621,10611
78,7712942,7712959,7721727,8785,17,8768,45000,34389,34504,618,618,10496
79,7812989,7813006,7821737,8748,17,8731,45000,34504,34618,615,615,10382
80,7913037,7913054,7921730,8693,17,8676,45000,34618,34731,612,612,10269
81,8013084,8013100,8021731,8647,16,8631,45000,34731,34843,609,609,10157
82,8113130,8113147,8121726,8596,17,8579,45000,34843,34953,606,606,10047
83,8213177,8213193,8221735,8558,16,8542,45000,34953,35062,603,603,9938
84,8313224,8313241,8321729,8505,17,8488,45000,35062,35170,600,600,9830
85,8413270,8413287,8421730,8460,17,8443,45000,35170,35276,597,597,9724
86,8513317,8513334,8521735,8418,17,8401,45000,35276,35382,595,595,9618
87,8613364,8613381,8621729,8365,17,8348,45000,35382,35486,592,592,9514
88,8713411,8713427,8721731,8320,16,8304,45000,35486,35589,589,589,9411
89,8813457,8813474,8821726,8269,17,8252,45000,35589,35691,586,586,9309
90,8913504,8913520,8921735,8231,16,8215,45000,35691,35792,584,584,9208
91,9013551,9013568,9021730,8179,17,8162,45000,35792,35891,581,581,9109
92,9113598,9113615,9121733,8135,17,8118,45000,35891,35989,578,578,9011
93,9213645,9213662,9221732,8087,17,8070,45000,35989,36087,576,576,8913
94,9313692,9313709,9321727,8035,17,8018,45000,36087,36183,573,573,8817
95,9413738,9413755,9421740,8002,17,7985,45000,36183,36278,571,571,8722
96,9513786,9513802,9521733,7947,16,7931,45000,36278,36372,568,568,8628
97,9613832,9613849,9621732,7900,17,7883,45000,36372,36465,565,565,8535
98,9713878,9713895,9721732,7854,17,7837,45000,36465,36556,563,563,8444
99,9813925,9813941,9821726,7801,16,7785,45000,36556,36647,561,561,8353
100,9913971,9913988,9923549,9578,17,9561,45000,36647,36737,558,558,8263
101,10014022,10014039,10021693,7671,17,7654,45000,36737,36826,556,556,8174
102,10114069,10114086,10121729,7660,17,7643,45000,36826,36913,553,553,8087
103,10214118,10214135,10221737,7619,17,7602,45000,36913,37000,551,551,8000
104,10314166,10314182,10321728,7562,16,7546,45000,37000,37085,549,549,7915
105,10414212,10414229,10421733,7521,17,7504,45000,37085,37170,547,547,7830
106,10514259,10514276,10521723,7464,17,7447,45000,37170,37254,544,544,7746
107,10614305,10614322,10621735,7430,17,7413,45000,37254,37337,542,542,7663
108,10714353,10714369,10721728,7375,16,7359,45000,37337,37419,540,540,7581
109,10814399,10814416,10821727,7328,17,7311,45000,37419,37499,538,538,7501
110,10914446,10914463,10921735,7289,17,7272,45000,37499,37580,536,536,7420
111,11014493,11014510,11021728,7235,17,7218,45000,37580,37658,533,533,7342
112,11114539,11114556,11121730,7191,17,7174,45000,37658,37737,531,531,7263
113,11214586,11214603,11221724,7138,17,7121,45000,37737,37814,529,529,7186
114,11314634,11314650,11321736,7102,16,7086,45000,37814,37890,527,527,7110
115,11414681,11414698,11421728,7047,17,7030,45000,37890,37965,525,525,7035
116,11514727,11514744,11521727,7000,17,6983,45000,37965,38040,523,523,6960
117,11614775,11614792,11621736,6961,17,6944,45000,38040,38114,521,521,6886
118,11714822,11714838,11721729,6907,16,6891,45000,38114,38187,519,519,6813
119,11814868,11814885,11821731,6863,17,6846,45000,38187,38259,517,517,6741
120,11914916,11914933,11921727,6811,17,6794,45000,38259,38330,515,515,6670
121,12014962,12014979,12021738,6776,17,6759,45000,38330,38400,513,513,6600
122,12115010,12115027,12121733,6723,17,6706,45000,38400,38470,512,512,6530
123,12215056,12215073,12221736,6680,17,6663,45000,38470,38539,510,510,6461
124,12315103,12315120,12321729,6626,17,6609,45000,38539,38607,508,508,6393
125,12415150,12415166,12421729,6579,16,6563,45000,38607,38674,506,506,6326
126,12515196,12515212,12521737,6541,16,6525,45000,38674,38741,504,504,6259
127,12615243,12615260,12621733,6490,17,6473,45000,38741,38806,502,502,6194
128,12715289,12715306,12721728,6439,17,6422,45000,38806,38871,501,501,6129
129,12815336,12815352,12821730,6394,16,6378,45000,38871,38935,499,499,6065
130,12915383,12915400,12921727,6344,17,6327,45000,38935,38999,497,497,6001
131,13015430,13015447,13021731,6301,17,6284,45000,38999,39061,495,495,5939
132,13115477,13115494,13121728,6251,17,6234,45000,39061,39124,494,494,5876
133,13215524,13215540,13221726,6202,16,6186,45000,39124,39185,492,492,5815
134,13315570,13315587,13321735,6165,17,6148,45000,39185,39246,491,491,5754
135,13415617,13415634,13421730,6113,17,6096,45000,39246,39305,489,489,5695
136,13515663,13515680,13521733,6070,17,6053,45000,39305,39365,488,488,5635
137,13615710,13615727,13621723,6013,17,5996,45000,39365,39424,486,486,5576
138,13715757,13715774,13721735,5978,17,5961,45000,39424,39481,484,484,5519
139,13815804,13815821,13821730,5926,17,5909,45000,39481,39539,483,483,5461
140,13915850,13915867,13921725,5875,17,5858,45000,39539,39595,481,481,5405
141,14015897,14015914,14021736,5839,17,5822,45000,39595,39651,480,480,5349
142,14115945,14115962,14121730,5785,17,5768,45000,39651,39706,478,478,5294
143,14215992,14216008,14221730,5738,16,5722,45000,39706,39761,477,477,5239
144,14316038,14316055,14321727,5689,17,5672,45000,39761,39815,475,475,5185
145,14416085,14416102,14421736,5651,17,5634,45000,39815,39869,474,474,5131
146,14516133,14516150,14521729,5596,17,5579,45000,39869,39921,472,472,5079
147,14616180,14616197,14621729,5549,17,5532,45000,39921,39973,471,471,5027
148,14716227,14716244,14721735,5508,17,5491,45000,39973,40025,470,470,4975
149,14816274,14816290,14821731,5457,16,5441,45000,40025,40076,468,468,4924
150,14916320,14916337,14921727,5407,17,5390,45000,40076,40127,467,467,4873
151,15016367,15016384,15021728,5361,17,5344,45000,40127,40176,465,465,4824
152,15116415,15116431,15121748,5333,16,5317,45000,40176,40225,464,464,4775
153,15216462,15216479,15221744,5282,17,5265,45000,40225,40274,463,463,4726
154,15316508,15316525,15321742,5234,17,5217,45000,40274,40322,462,462,4678
155,15416555,15416572,15421734,5179,17,5162,45000,40322,40370,460,460,4630
156,15516602,15516619,15521727,5125,17,5108,45000,40370,40417,459,459,4583
157,15616649,15616666,15621731,5082,17,5065,45000,40417,40464,458,458,4536
158,15716696,15716712,15721732,5036,16,5020,45000,40464,40510,457,457,4490
159,15816743,15816759,15821733,4990,16,4974,45000,40510,40555,455,455,4445
160,15916790,15916807,15921727,4937,17,4920,45000,40555,40600,454,454,4400
161,16016836,16016853,16021726,4890,17,4873,45000,40600,40644,453,453,4356
162,16116883,16116900,16121736,4853,17,4836,45000,40644,40688,452,452,4312
163,16216931,16216948,16221730,4799,17,4782,45000,40688,40732,451,451,4268
164,16316978,16316994,16321728,4750,16,4734,45000,40732,40775,449,449,4225
165,16417025,16417041,16421736,4711,16,4695,45000,40775,40817,448,448,4183
166,16517072,16517089,16521729,4657,17,4640,45000,40817,40859,447,447,4141
167,16617119,16617136,16621730,4611,17,4594,45000,40859,40900,446,446,4100
168,16717166,16717183,16721726,4560,17,4543,45000,40900,40941,445,445,4059
169,16817213,16817229,16821736,4523,16,4507,45000,40941,40982,444,444,4018
170,16917260,16917277,16921730,4470,17,4453,45000,40982,41022,443,443,3978
171,17017307,17017324,17021730,4423,17,4406,45000,41022,41062,442,442,3938
172,17117354,17117371,17121734,4380,17,4363,45000,41062,41101,441,441,3899
173,17217401,17217418,17221729,4328,17,4311,45000,41101,41140,440,440,3860
174,17317448,17317465,17321728,4280,17,4263,45000,41140,41178,439,439,3822
175,17417495,17417512,17421726,4231,17,4214,45000,41178,41216,438,438,3784
176,17517542,17517558,17521738,4196,16,4180,45000,41216,41254,437,437,3746
177,17617589,17617606,17621730,4141,17,4124,45000,41254,41291,436,436,3709
178,17717635,17717652,17721729,4094,17,4077,45000,41291,41327,435,435,3673
179,17817682,17817699,17821745,4063,17,4046,45000,41327,41363,434,434,3637
180,17917730,17917747,17921747,4017,17,4000,45000,41363,41399,433,433,3601
181,18017777,18017794,18021745,3968,17,3951,45000,41399,41435,432,432,3565
182,18117823,18117840,18121735,3912,17,3895,45000,41435,41470,431,431,3530
183,18217870,18217887,18221732,3862,17,3845,45000,41470,41504,430,430,3496
184,18317917,18317934,18321727,3810,17,3793,45000,41504,41538,429,429,3462
185,18417963,18417980,18421739,3776,17,3759,45000,41538,41572,428,428,3428
186,18518010,18518027,18521733,3723,17,3706,45000,41572,41605,427,427,3395
187,18618057,18618073,18621732,3675,16,3659,45000,41605,41638,426,426,3362
188,18718103,18718120,18721739,3636,17,3619,45000,41638,41670,425,425,3330
189,18818150,18818167,18821732,3582,17,3565,45000,41670,41703,425,425,3297
190,18918196,18918213,18921732,3536,17,3519,45000,41703,41735,424,424,3265
191,19018243,19018260,19021730,3487,17,3470,45000,41735,41766,423,423,3234
192,19118290,19118306,19121727,3437,16,3421,45000,41766,41797,422,422,3203
193,19218336,19218353,19221736,3400,17,3383,45000,41797,41828,421,421,3172
194,19318383,19318400,19321729,3346,17,3329,45000,41828,41858,420,420,3142
195,19418429,19418446,19421728,3299,17,3282,45000,41858,41888,420,420,3112
196,19518476,19518492,19521734,3258,16,3242,45000,41888,41918,419,419,3082
197,19618523,19618540,19621731,3208,17,3191,45000,41918,41948,418,418,3052
198,19718569,19718586,19721729,3160,17,3143,45000,41948,41977,417,417,3023
199,19818616,19818632,19821728,3112,16,3096,45000,41977,42005,416,416,2995
200,19918662,19918679,19923550,4888,17,4871,45000,42005,42034,416,416,2966
201,20018713,20018730,20021695,2982,17,2965,45000,42034,42062,415,415,2938
202,20118758,20118774,20121731,2973,16,2957,45000,42062,42089,414,414,2911
203,20218807,20218823,20221732,2925,16,2909,45000,42089,42117,413,413,2883
204,20318853,20318869,20321740,2887,16,2871,45000,42117,42143,412,412,2857
205,20418900,20418917,20421734,2834,17,2817,45000,42143,42170,412,412,2830
206,20518947,20518964,20520762,1815,17,1798,45000,42170,42197,411,411,2803
207,20618994,20619011,20630965,11971,17,11954,45000,42197,42223,410,410,2777
208,20719041,20719058,20731067,12026,17,12009,45000,42223,42249,410,410,2751
209,20819104,20819121,20831127,12023,17,12006,45000,42249,42274,409,409,2726
210,20919150,20919166,20930740,11590,16,11574,45000,42274,42300,409,409,2700
211,21019195,21019212,21030843,11648,17,11631,45000,42300,42325,408,408,2675
212,21119241,21119257,21130866,11625,16,11609,45000,42325,42349,407,407,2651
213,21219304,21219321,21230924,11620,17,11603,45000,42349,42374,407,407,2626
214,21319350,21319367,21330975,11625,17,11608,45000,42374,42398,406,406,2602
215,21419418,21419434,21431032,11614,16,11598,45000,42398,42422,405,405,2578
216,21519466,21519483,21531094,11628,17,11611,45000,42422,42445,404,404,2555
217,21619512,21619529,21631143,11631,17,11614,45000,42445,42469,404,404,2531
218,21719577,21719594,21731195,11618,17,11601,45000,42469,42492,403,403,2508
219,21819643,21819660,21831278,11635,17,11618,45000,42492,42514,403,403,2486
220,21919688,21919705,21931310,11622,17,11605,45000,42514,42537,402,402,2463
221,22019754,22019770,22031372,11618,16,11602,45000,42537,42559,401,401,2441
222,22119799,22119816,22131423,11624,17,11607,45000,42559,42581,401,401,2419
223,22219865,22219882,22231516,11651,17,11634,45000,42581,42603,400,400,2397
224,22319911,22319928,22331556,11645,17,11628,45000,42603,42624,400,400,2376
225,22419959,22419976,22431603,11644,17,11627,45000,42624,42646,399,399,2354
226,22520037,22520057,22531663,11626,20,11606,45000,42646,42666,398,398,2334
227,22620072,22620089,22631711,11639,17,11622,45000,42666,42687,398,398,2313
228,22720119,22720136,22731746,11627,17,11610,45000,42687,42708,397,397,2292
229,22820165,22820182,22831747,11582,17,11565,45000,42708,42728,397,397,2272
230,22920211,22920227,22931724,11513,16,11497,45000,42728,42748,396,396,2252
231,23020255,23020272,23031751,11496,17,11479,45000,42748,42768,396,396,2232
232,23120319,23120335,23131750,11431,16,11415,45000,42768,42787,395,395,2213
233,23220363,23220380,23231728,11365,17,11348,45000,42787,42807,395,395,2193
234,23320408,23320425,23331746,11338,17,11321,45000,42807,42826,394,394,2174
235,23420454,23420471,23431754,11300,17,11283,45000,42826,42845,394,394,2155
236,23520499,23520516,23531748,11249,17,11232,45000,42845,42864,393,393,2136
237,23620545,23620561,23631736,11191,16,11175,45000,42864,42882,393,393,2118
238,23720589,23720606,23731728,11139,17,11122,45000,42882,42900,392,392,2100
239,23820635,23820652,23831726,11091,17,11074,45000,42900,42919,392,392,2081
240,23920680,23920696,23931738,11058,16,11042,45000,42919,42936,391,391,2064
241,24020725,24020741,24031731,11006,16,10990,45000,42936,42954,391,391,2046
242,24120769,24120786,24131730,10961,17,10944,45000,42954,42971,390,390,2029
243,24220815,24220832,24231729,10914,17,10897,45000,42971,42989,390,390,2011
244,24320860,24320877,24331733,10873,17,10856,45000,42989,43006,389,389,1994
245,24420905,24420922,24431729,10824,17,10807,45000,43006,43023,389,389,1977
246,24520953,24520969,24531732,10779,16,10763,45000,43023,43039,388,388,1961
247,24621000,24621016,24631738,10738,16,10722,45000,43039,43056,388,388,1944
248,24721047,24721064,24731734,10687,17,10670,45000,43056,43072,388,388,1928
249,24821094,24821110,24831737,10643,16,10627,45000,43072,43088,387,387,1912
250,24921141,24921157,24931730,10589,16,10573,45000,43088,43104,387,387,1896
251,25021187,25021204,25031728,10541,17,10524,45000,43104,43120,386,386,1880
252,25121235,25121251,25131759,10524,16,10508,45000,43120,43135,386,386,1865
253,25221301,25221318,25231753,10452,17,10435,45000,43135,43151,386,386,1849
254,25321348,25321365,25331753,10405,17,10388,45000,43151,43166,385,385,1834
255,25421396,25421413,25431729,10333,17,10316,45000,43166,43181,385,385,1819
256,25521443,25521459,25531733,10290,16,10274,45000,43181,43196,384,384,1804
257,25621489,25621506,25631726,10237,17,10220,45000,43196,43211,384,384,1789
258,25721536,25721553,25731736,10200,17,10183,45000,43211,43225,383,383,1775
259,25821584,25821601,25831729,10145,17,10128,45000,43225,43240,383,383,1760
260,25921631,25921648,25931731,10100,17,10083,45000,43240,43254,383,383,1746
261,26021678,26021695,26031725,10047,17,10030,45000,43254,43268,382,382,1732
262,26121725,26121742,26131755,10030,17,10013,45000,43268,43282,382,382,1718
263,26221792,26221809,26231750,9958,17,9941,45000,43282,43295,382,382,1705
264,26321839,26321856,26331744,9905,17,9888,45000,43295,43309,381,381,1691
265,26421901,26421917,26431732,9831,16,9815,45000,43309,43322,381,381,1678
266,26521946,26521963,26531731,9785,17,9768,45000,43322,43336,381,381,1664
267,26621992,26622009,26631726,9734,17,9717,45000,43336,43349,380,380,1651
268,26722037,26722054,26731735,9698,17,9681,45000,43349,43362,380,380,1638
269,26822083,26822099,26831728,9645,16,9629,45000,43362,43375,379,379,1625
270,26922128,26922145,26931728,9600,17,9583,45000,43375,43387,379,379,1613
271,27022172,27022189,27031734,9562,17,9545,45000,43387,43400,379,379,1600
272,27122220,27122237,27131729,9509,17,9492,45000,43400,43412,378,378,1588
273,27222267,27222284,27231727,9460,17,9443,45000,43412,43424,378,378,1576
274,27322313,27322330,27331730,9417,17,9400,45000,43424,43436,378,378,1564
275,27422360,27422377,27431733,9373,17,9356,45000,43436,43448,378,378,1552
276,27522406,27522423,27531733,9327,17,9310,45000,43448,43460,377,377,1540
277,27622452,27622469,27631728,9276,17,9259,45000,43460,43472,377,377,1528
278,27722499,27722515,27731739,9240,16,9224,45000,43472,43484,377,377,1516
279,27822546,27822563,27831736,9190,17,9173,45000,43484,43495,376,376,1505
280,27922592,27922609,27931734,9142,17,9125,45000,43495,43506,376,376,1494
281,28022639,28022656,28031735,9096,17,9079,45000,43506,43517,376,376,1483
282,28122686,28122702,28131730,9044,16,9028,45000,43517,43528,375,375,1472
283,28222732,28222748,28231728,8996,16,8980,45000,43528,43539,375,375,1461
284,28322779,28322795,28331741,8962,16,8946,45000,43539,43550,375,375,1450
285,28422829,28422846,28431734,8905,17,8888,45000,43550,43561,374,374,1439
286,28522875,28522891,28531732,8857,16,8841,45000,43561,43571,374,374,1429
287,28622921,28622938,28631731,8810,17,8793,45000,43571,43582,374,374,1418
288,28722967,28722984,28731730,8763,17,8746,45000,43582,43592,374,374,1408
289,28823014,28823031,28831747,8733,17,8716,45000,43592,43602,373,373,1398
290,28923078,28923094,28931709,8631,16,8615,45000,43602,43612,373,373,1388
291,29023126,29023143,29031724,8598,17,8581,45000,43612,43622,373,373,1378
292,29123173,29123190,29131736,8563,17,8546,45000,43622,43632,373,373,1368
293,29223220,29223237,29231729,8509,17,8492,45000,43632,43642,372,372,1358
294,29323266,29323283,29331727,8461,17,8444,45000,43642,43651,372,372,1349
295,29423313,29423330,29431738,8425,17,8408,45000,43651,43661,372,372,1339
296,29523360,29523377,29531729,8369,17,8352,45000,43661,43670,371,371,1330
297,29623406,29623423,29631737,8331,17,8314,45000,43670,43679,371,371,1321
298,29723453,29723470,29731707,8254,17,8237,45000,43679,43688,371,371,1312
299,29823500,29823516,29831736,8236,16,8220,45000,43688,43698,371,371,1302
300,29923547,29923563,29933543,9996,16,9980,45000,43698,43706,370,370,1294
301,30023597,30023613,30031692,8095,16,8079,45000,43706,43715,370,370,1285
302,30123644,30123660,30131749,8105,16,8089,45000,43715,43724,370,370,1276
303,30223691,30223708,30231729,8038,17,8021,45000,43724,43733,370,370,1267
304,30323737,30323754,30331728,7991,17,7974,45000,43733,43741,370,370,1259
305,30423784,30423801,30431729,7945,17,7928,45000,43741,43750,370,370,1250
306,30523830,30523847,30531735,7905,17,7888,45000,43750,43758,369,369,1242
307,30623878,30623895,30631729,7851,17,7834,45000,43758,43766,369,369,1234
308,30723924,30723940,30731726,7802,16,7786,45000,43766,43775,369,369,1225
309,30823970,30823987,30831743,7773,17,7756,45000,43775,43783,368,368,1217
310,30924033,30924049,30931748,7715,16,7699,45000,43783,43791,368,368,1209
311,31024079,31024096,31031743,7664,17,7647,45000,43791,43798,368,368,1202
312,31124126,31124143,31131734,7608,17,7591,45000,43798,43806,368,368,1194
313,31224172,31224189,31231729,7557,17,7540,45000,43806,43814,368,368,1186
314,31324219,31324237,31331730,7511,18,7493,45000,43814,43822,367,367,1178
315,31424266,31424283,31431738,7472,17,7455,45000,43822,43829,367,367,1171
316,31524313,31524329,31531732,7419,16,7403,45000,43829,43837,367,367,1163
317,31624359,31624376,31631731,7372,17,7355,45000,43837,43844,367,367,1156
318,31724405,31724422,31731730,7325,17,7308,45000,43844,43851,367,367,1149
319,31824452,31824468,31831728,7276,16,7260,45000,43851,43859,367,367,1141
320,31924498,31924515,31931730,7232,17,7215,45000,43859,43866,366,366,1134
321,32024545,32024561,32031726,7181,16,7165,45000,43866,43873,366,366,1127
322,32124591,32124608,32131726,7135,17,7118,45000,43873,43880,366,366,1120
323,32224637,32224654,32231732,7095,17,7078,45000,43880,43887,366,366,1113
324,32324685,32324702,32331727,7042,17,7025,45000,43887,43894,366,366,1106
325,32424731,32424747,32431725,6994,16,6978,45000,43894,43900,365,365,1100
326,32524778,32524795,32531735,6957,17,6940,45000,43900,43907,365,365,1093
327,32624825,32624841,32631732,6907,16,6891,45000,43907,43913,365,365,1087
328,32724871,32724888,32731729,6858,17,6841,45000,43913,43920,365,365,1080
329,32824918,32824934,32831726,6808,16,6792,45000,43920,43926,365,365,1074
330,32924964,32924981,32931733,6769,17,6752,45000,43926,43933,365,365,1067
331,33025011,33025027,33031729,6718,16,6702,45000,43933,43939,364,364,1061
332,33125056,33125073,33131727,6671,17,6654,45000,43939,43945,364,364,1055
333,33225103,33225120,33231735,6632,17,6615,45000,43945,43951,364,364,1049
334,33325150,33325167,33331730,6580,17,6563,45000,43951,43958,364,364,1042
335,33425196,33425213,33431730,6534,17,6517,45000,43958,43963,363,363,1037
336,33525243,33525260,33531727,6484,17,6467,45000,43963,43969,364,364,1031
337,33625289,33625306,33631751,6462,17,6445,45000,43969,43975,363,363,1025
338,33725355,33725372,33731747,6392,17,6375,45000,43975,43981,363,363,1019
339,33825401,33825418,33831742,6341,17,6324,45000,43981,43987,363,363,1013
340,33925448,33925465,33931734,6286,17,6269,45000,43987,43992,363,363,1008
341,34025495,34025511,34031727,6232,16,6216,45000,43992,43998,363,363,1002
342,34125558,34125574,34131728,6170,16,6154,45000,43998,44004,363,363,996
343,34225605,34225622,34231736,6131,17,6114,45000,44004,44009,362,362,991
344,34325652,34325668,34331730,6078,16,6062,45000,44009,44014,362,362,986
345,34425698,34425715,34431731,6033,17,6016,45000,44014,44020,362,362,980
346,34525745,34525762,34531724,5979,17,5962,45000,44020,44025,362,362,975
347,34625792,34625808,34631736,5944,16,5928,45000,44025,44030,362,362,970
348,34725839,34725856,34731730,5891,17,5874,45000,44030,44035,362,362,965
349,34825885,34825902,34831733,5848,17,5831,45000,44035,44041,362,362,959
350,34925932,34925949,34931725,5793,17,5776,45000,44041,44046,361,361,954
351,35025979,35025995,35031735,5756,16,5740,45000,44046,44050,361,361,950
352,35126026,35126043,35131728,5702,17,5685,45000,44050,44055,361,361,945
353,35226072,35226089,35231729,5657,17,5640,45000,44055,44060,361,361,940
354,35326119,35326136,35331731,5612,17,5595,45000,44060,44065,361,361,935
355,35426166,35426183,35431728,5562,17,5545,45000,44065,44070,361,361,930
356,35526213,35526230,35531729,5516,17,5499,45000,44070,44075,361,361,925
357,35626260,35626277,35631731,5471,17,5454,45000,44075,44079,361,361,921
358,35726307,35726323,35731735,5428,16,5412,45000,44079,44084,361,361,916
359,35826353,35826370,35831725,5372,17,5355,45000,44084,44089,360,360,911
360,35926400,35926417,35931729,5329,17,5312,45000,44089,44093,360,360,907
361,36026447,36026463,36031734,5287,16,5271,45000,44093,44098,360,360,902
362,36126494,36126510,36131729,5235,16,5219,45000,44098,44102,360,360,898
363,36226540,36226557,36231731,5191,17,5174,45000,44102,44106,360,360,894
364,36326588,36326605,36331745,5157,17,5140,45000,44106,44111,360,360,889
365,36426635,36426652,36431751,5116,17,5099,45000,44111,44115,359,359,885
366,36526682,36526699,36531748,5066,17,5049,45000,44115,44119,359,359,881
367,36626728,36626745,36631735,5007,17,4990,45000,44119,44123,359,359,877
368,36726774,36726791,36731733,4959,17,4942,45000,44123,44127,359,359,873
369,36826822,36826838,36831727,4905,16,4889,45000,44127,44131,359,359,869
370,36926868,36926885,36931735,4867,17,4850,45000,44131,44135,359,359,865
371,37026915,37026932,37031730,4815,17,4798,45000,44135,44139,359,359,861
372,37126961,37126978,37131731,4770,17,4753,45000,44139,44143,359,359,857
373,37227008,37227025,37231726,4718,17,4701,45000,44143,44147,359,359,853
374,37327055,37327072,37331737,4682,17,4665,45000,44147,44151,359,359,849
375,37427103,37427119,37431731,4628,16,4612,45000,44151,44155,359,359,845
376,37527149,37527166,37531733,4584,17,4567,45000,44155,44158,358,358,842
377,37627197,37627214,37631727,4530,17,4513,45000,44158,44162,358,358,838
378,37727244,37727261,37731736,4492,17,4475,45000,44162,44166,358,358,834
379,37827291,37827308,37831730,4439,17,4422,45000,44166,44169,358,358,831
380,37927337,37927354,37931731,4394,17,4377,45000,44169,44173,358,358,827
381,38027385,38027402,38031725,4340,17,4323,45000,44173,44176,358,358,824
382,38127432,38127449,38131734,4302,17,4285,45000,44176,44180,358,358,820
383,38227480,38227496,38231729,4249,16,4233,45000,44180,44183,358,358,817
384,38327527,38327543,38331731,4204,16,4188,45000,44183,44187,358,358,813
385,38427573,38427590,38431726,4153,17,4136,45000,44187,44190,357,357,810
386,38527620,38527636,38531731,4111,16,4095,45000,44190,44193,357,357,807
387,38627666,38627683,38631725,4059,17,4042,45000,44193,44196,357,357,804
388,38727713,38727730,38731735,4022,17,4005,45000,44196,44200,357,357,800
389,38827761,38827778,38831730,3969,17,3952,45000,44200,44203,357,357,797
390,38927808,38927824,38931728,3920,16,3904,45000,44203,44206,357,357,794
391,39027855,39027871,39031728,3873,16,3857,45000,44206,44209,357,357,791
392,39127901,39127918,39131752,3851,17,3834,45000,44209,44212,357,357,788
393,39227967,39227984,39231746,3779,17,3762,45000,44212,44215,357,357,785
394,39328014,39328030,39331748,3734,16,3718,45000,44215,44218,357,357,782
395,39428061,39428078,39431712,3651,17,3634,45000,44218,44221,357,357,779
396,39528110,39528126,39531739,3629,16,3613,45000,44221,44224,357,357,776
397,39628157,39628174,39631707,3550,17,3533,45000,44224,44228,357,357,772
398,39728204,39728221,39731738,3534,17,3517,45000,44228,44230,356,356,770
399,39828252,39828269,39831733,3481,17,3464,45000,44230,44233,357,357,767
400,39928298,39928315,39933542,5244,17,5227,45000,44233,44236,356,356,764
401,40028349,40028366,40031698,3349,17,3332,45000,44236,44239,356,356,761
402,40128395,40128411,40131737,3342,16,3326,45000,44239,44242,356,356,758
403,40228442,40228459,40231730,3288,17,3271,45000,44242,44244,356,356,756
404,40328488,40328504,40331725,3237,16,3221,45000,44244,44247,356,356,753
405,40428534,40428551,40431740,3206,17,3189,45000,44247,44250,356,356,750
406,40528582,40528599,40531733,3151,17,3134,45000,44250,44252,356,356,748
407,40628629,40628646,40631733,3104,17,3087,45000,44252,44255,356,356,745
408,40728676,40728693,40731733,3057,17,3040,45000,44255,44258,356,356,742
409,40828723,40828740,40831727,3004,17,2987,45000,44258,44260,356,356,740
410,40928769,40928786,40931737,2968,17,2951,45000,44260,44263,356,356,737
411,41028817,41028834,41031730,2913,17,2896,45000,44263,44265,355,355,735
412,41128863,41128880,41131731,2868,17,2851,45000,44265,44268,355,355,732
413,41228910,41228927,41230728,1818,17,1801,45000,44268,44270,355,355,730
414,41328958,41328974,41330835,1877,16,1861,45000,44270,44272,355,355,728
415,41429005,41429022,41440993,11988,17,11971,45000,44272,44275,355,355,725
416,41529052,41529069,41541104,12052,17,12035,45000,44275,44277,355,355,723
417,41629113,41629129,41641169,12056,16,12040,45000,44277,44279,355,355,721
418,41729158,41729175,41740743,11585,17,11568,45000,44279,44281,355,355,719
419,41829204,41829221,41840863,11659,17,11642,45000,44281,44284,355,355,716
420,41929250,41929267,41940898,11648,17,11631,45000,44284,44286,355,355,714
421,42029298,42029314,42040938,11640,16,11624,45000,44286,44288,355,355,712
422,42129362,42129379,42140980,11618,17,11601,45000,44288,44291,355,355,709
423,42229427,42229443,42241060,11633,16,11617,45000,44291,44293,355,355,707
424,42329473,42329489,42341093,11620,16,11604,45000,44293,44295,355,355,705
425,42429539,42429556,42441179,11640,17,11623,45000,44295,44297,355,355,703
426,42529585,42529602,42541212,11627,17,11610,45000,44297,44299,355,355,701
427,42629651,42629668,42641268,11617,17,11600,45000,44299,44302,355,355,698
428,42729699,42729716,42741318,11619,17,11602,45000,44302,44304,354,354,696
429,42829766,42829782,42841403,11637,16,11621,45000,44304,44305,354,354,695
430,42929812,42929828,42941434,11622,16,11606,45000,44305,44308,355,355,692
431,43029888,43029905,43041543,11655,17,11638,45000,44308,44310,354,354,690
432,43129934,43129951,43141574,11640,17,11623,45000,44310,44311,354,354,689
433,43230000,43230016,43241633,11633,16,11617,45000,44311,44313,354,354,687
434,43330058,43330074,43341687,11629,16,11613,45000,44313,44315,354,354,685
435,43430105,43430122,43441730,11625,17,11608,45000,44315,44317,354,354,683
436,43530169,43530186,43541759,11590,17,11573,45000,44317,44319,354,354,681
437,43630214,43630231,43641717,11503,17,11486,45000,44319,44321,354,354,679
438,43730281,43730298,43741751,11470,17,11453,45000,44321,44323,354,354,677
439,43830327,43830343,43841745,11418,16,11402,45000,44323,44324,354,354,676
440,43930373,43930389,43941730,11357,16,11341,45000,44324,44326,354,354,674
441,44030420,44030437,44041748,11328,17,11311,45000,44326,44328,354,354,672
442,44130466,44130482,44141715,11249,16,11233,45000,44328,44330,354,354,670
443,44230512,44230529,44241733,11221,17,11204,45000,44330,44332,354,354,668
444,44330557,44330574,44341732,11175,17,11158,45000,44332,44333,354,354,667
445,44430602,44430619,44441728,11126,17,11109,45000,44333,44335,354,354,665
446,44530647,44530664,44541727,11080,17,11063,45000,44335,44337,354,354,663
447,44630692,44630709,44641738,11046,17,11029,45000,44337,44339,354,354,661
448,44730738,44730755,44741729,10991,17,10974,45000,44339,44340,353,353,660
449,44830783,44830800,44841735,10952,17,10935,45000,44340,44342,354,354,658
450,44930828,44930845,44941729,10901,17,10884,45000,44342,44343,353,353,657
451,45030873,45030890,45041728,10855,17,10838,45000,44343,44345,353,353,655
452,45130918,45130935,45141726,10808,17,10791,45000,44345,44346,353,353,654
453,45230965,45230982,45241735,10770,17,10753,45000,44346,44348,353,353,652
454,45331012,45331029,45341727,10715,17,10698,45000,44348,44349,353,353,651
455,45431059,45431076,45441729,10670,17,10653,45000,44349,44351,353,353,649
456,45531107,45531124,45541733,10626,17,10609,45000,44351,44352,353,353,648
457,45631154,45631171,45641731,10577,17,10560,45000,44352,44354,353,353,646
458,45731202,45731219,45741731,10529,17,10512,45000,44354,44355,353,353,645
459,45831249,45831266,45841725,10476,17,10459,45000,44355,44356,353,353,644
460,45931296,45931313,45941733,10437,17,10420,45000,44356,44358,353,353,642
461,46031344,46031360,46041729,10385,16,10369,45000,44358,44359,353,353,641
462,46131391,46131407,46141727,10336,16,10320,45000,44359,44361,353,353,639
463,46231438,46231455,46241736,10298,17,10281,45000,44361,44362,353,353,638
464,46331485,46331502,46341731,10246,17,10229,45000,44362,44363,353,353,637
465,46431533,46431550,46441731,10198,17,10181,45000,44363,44365,353,353,635
466,46531580,46531597,46541726,10146,17,10129,45000,44365,44366,353,353,634
467,46631627,46631643,46641747,10120,16,10104,45000,44366,44368,353,353,632
468,46731690,46731707,46741741,10051,17,10034,45000,44368,44369,353,353,631
469,46831737,46831753,46841743,10006,16,9990,45000,44369,44370,353,353,630
470,46931784,46931801,46941735,9951,17,9934,45000,44370,44372,353,353,628
471,47031831,47031847,47041726,9895,16,9879,45000,44372,44373,353,353,627
472,47131890,47131907,47141732,9842,17,9825,45000,44373,44374,353,353,626
473,47231936,47231953,47241736,9800,17,9783,45000,44374,44376,353,353,624
474,47331982,47331999,47341735,9753,17,9736,45000,44376,44377,352,352,623
475,47432028,47432045,47441729,9701,17,9684,45000,44377,44378,352,352,622
476,47532074,47532090,47541729,9655,16,9639,45000,44378,44379,352,352,621
477,47632119,47632136,47641733,9614,17,9597,45000,44379,44380,352,352,620
478,47732165,47732181,47741726,9561,16,9545,45000,44380,44381,352,352,619
479,47832211,47832227,47841730,9519,16,9503,45000,44381,44382,352,352,618
480,47932257,47932273,47941735,9478,16,9462,45000,44382,44383,352,352,617
481,48032304,48032321,48041728,9424,17,9407,45000,44383,44384,352,352,616
482,48132351,48132368,48141730,9379,17,9362,45000,44384,44385,352,352,615
483,48232398,48232414,48241724,9326,16,9310,45000,44385,44386,352,352,614
484,48332444,48332460,48341734,9290,16,9274,45000,44386,44387,352,352,613
485,48432491,48432508,48441727,9236,17,9219,45000,44387,44388,352,352,612
486,48532537,48532554,48541724,9187,17,9170,45000,44388,44389,352,352,611
487,48632584,48632600,48641737,9153,16,9137,45000,44389,44390,352,352,610
488,48732632,48732648,48741732,9100,16,9084,45000,44390,44391,352,352,609
489,48832678,48832695,48841729,9051,17,9034,45000,44391,44392,352,352,608
490,48932723,48932740,48941725,9002,17,8985,45000,44392,44393,352,352,607
491,49032770,49032787,49041732,8962,17,8945,45000,44393,44394,352,352,606
492,49132817,49132834,49141727,8910,17,8893,45000,44394,44395,352,352,605
493,49232863,49232880,49241726,8863,17,8846,45000,44395,44396,352,352,604
494,49332910,49332927,49341742,8832,17,8815,45000,44396,44397,352,352,603
495,49432973,49432990,49441749,8776,17,8759,45000,44397,44398,352,352,602
496,49533020,49533037,49541744,8724,17,8707,45000,44398,44399,352,352,601
497,49633066,49633082,49641734,8668,16,8652,45000,44399,44400,352,352,600
498,49733113,49733130,49741729,8616,17,8599,45000,44400,44401,352,352,599
499,49833159,49833175,49841729,8570,16,8554,45000,44401,44402,352,352,598
500,49933206,49933223,49943540,10334,17,10317,45000,44402,44403,352,352,597
501,50033256,50033274,50041696,8440,18,8422,45000,44403,44404,352,352,596
502,50133302,50133319,50141735,8433,17,8416,45000,44404,44405,352,352,595
503,50233350,50233367,50241728,8378,17,8361,45000,44405,44406,352,352,594
504,50333396,50333413,50341734,8338,17,8321,45000,44406,44407,352,352,593
505,50433443,50433460,50441730,8287,17,8270,45000,44407,44408,352,352,592
506,50533504,50533520,50541731,8227,16,8211,45000,44408,44408,352,352,592
507,50633550,50633567,50641727,8177,17,8160,45000,44408,44409,352,352,591
508,50733613,50733629,50741733,8120,16,8104,45000,44409,44410,352,352,590
509,50833659,50833676,50841728,8069,17,8052,45000,44410,44411,352,352,589
510,50933705,50933722,50941726,8021,17,8004,45000,44411,44412,352,352,588
511,51033752,51033769,51041738,7986,17,7969,45000,44412,44413,352,352,587
512,51133819,51133836,51141730,7911,17,7894,45000,44413,44414,352,352,586
513,51233865,51233882,51241729,7864,17,7847,45000,44414,44415,352,352,585
514,51333913,51333929,51341725,7812,16,7796,45000,44415,44416,351,351,584
515,51433959,51433976,51441734,7775,17,7758,45000,44416,44416,351,351,584
516,51534006,51534023,51541731,7725,17,7708,45000,44416,44417,352,352,583
517,51634052,51634069,51641726,7674,17,7657,45000,44417,44418,351,351,582
518,51734099,51734116,51741732,7633,17,7616,45000,44418,44418,351,351,582
519,51834146,51834163,51841728,7582,17,7565,45000,44418,44419,351,351,581
520,51934192,51934208,51941729,7537,16,7521,45000,44419,44419,351,351,581
521,52034239,52034256,52041728,7489,17,7472,45000,44419,44420,351,351,580
522,52134285,52134302,52141751,7466,17,7449,45000,44420,44421,351,351,579
523,52234351,52234367,52241746,7395,16,7379,45000,44421,44421,351,351,579
524,52334397,52334414,52341744,7347,17,7330,45000,44421,44422,351,351,578
525,52434444,52434460,52441731,7287,16,7271,45000,44422,44422,351,351,578
526,52534489,52534506,52541727,7238,17,7221,45000,44422,44423,351,351,577
527,52634536,52634553,52641726,7190,17,7173,45000,44423,44424,351,351,576
528,52734583,52734600,52741735,7152,17,7135,45000,44424,44424,351,351,576
529,52834630,52834647,52841730,7100,17,7083,45000,44424,44425,351,351,575
530,52934676,52934693,52941728,7052,17,7035,45000,44425,44425,351,351,575
531,53034724,53034740,53041736,7012,16,6996,45000,44425,44426,351,351,574
532,53134770,53134787,53141733,6963,17,6946,45000,44426,44427,351,351,573
533,53234818,53234834,53241734,6916,16,6900,45000,44427,44427,351,351,573
534,53334864,53334880,53341727,6863,16,6847,45000,44427,44428,351,351,572
535,53434910,53434927,53441728,6818,17,6801,45000,44428,44428,351,351,572
536,53534957,53534974,53541733,6776,17,6759,45000,44428,44429,351,351,571
537,53635003,53635020,53641731,6728,17,6711,45000,44429,44429,351,351,571
538,53735051,53735068,53741730,6679,17,6662,45000,44429,44430,351,351,570
539,53835096,53835113,53841733,6637,17,6620,45000,44430,44431,351,351,569
540,53935144,53935160,53941728,6584,16,6568,45000,44431,44431,351,351,569
541,54035190,54035206,54041729,6539,16,6523,45000,44431,44432,351,351,568
542,54135236,54135253,54141733,6497,17,6480,45000,44432,44432,351,351,568
543,54235283,54235299,54241728,6445,16,6429,45000,44432,44433,351,351,567
544,54335329,54335346,54341728,6399,17,6382,45000,44433,44433,351,351,567
545,54435376,54435392,54441724,6348,16,6332,45000,44433,44434,351,351,566
546,54535422,54535439,54541736,6314,17,6297,45000,44434,44434,351,351,566
547,54635470,54635487,54641729,6259,17,6242,45000,44434,44435,351,351,565
548,54735516,54735533,54741729,6213,17,6196,45000,44435,44435,351,351,565
549,54835562,54835578,54841743,6181,16,6165,45000,44435,44436,351,351,564
550,54935610,54935626,54941750,6140,16,6124,45000,44436,44437,351,351,563
551,55035655,55035672,55041746,6091,17,6074,45000,44437,44437,351,351,563
552,55135702,55135719,55141734,6032,17,6015,45000,44437,44438,351,351,562
553,55235748,55235765,55241731,5983,17,5966,45000,44438,44438,351,351,562
554,55335795,55335812,55341727,5932,17,5915,45000,44438,44439,351,351,561
555,55435841,55435858,55441736,5895,17,5878,45000,44439,44439,351,351,561
556,55535888,55535905,55541729,5841,17,5824,45000,44439,44440,351,351,560
557,55635935,55635952,55641732,5797,17,5780,45000,44440,44440,351,351,560
558,55735982,55735999,55741724,5742,17,5725,45000,44440,44441,351,351,559
559,55836028,55836045,55841734,5706,17,5689,45000,44441,44441,351,351,559
560,55936076,55936093,55941727,5651,17,5634,45000,44441,44442,351,351,558
561,56036122,56036138,56041728,5606,16,5590,45000,44442,44442,351,351,558
562,56136168,56136185,56141737,5569,17,5552,45000,44442,44443,351,351,557
563,56236215,56236231,56241731,5516,16,5500,45000,44443,44443,351,351,557
564,56336261,56336278,56341735,5474,17,5457,45000,44443,44444,351,351,556
565,56436308,56436324,56441729,5421,16,5405,45000,44444,44444,351,351,556
566,56536354,56536371,56541730,5376,17,5359,45000,44444,44445,351,351,555
567,56636401,56636418,56641735,5334,17,5317,45000,44445,44445,351,351,555
568,56736447,56736464,56741727,5280,17,5263,45000,44445,44446,351,351,554
569,56836493,56836510,56841729,5236,17,5219,45000,44446,44446,351,351,554
570,56936541,56936558,56941733,5192,17,5175,45000,44446,44447,351,351,553
571,57036588,57036605,57041728,5140,17,5123,45000,44447,44447,351,351,553
572,57136634,57136651,57141728,5094,17,5077,45000,44447,44448,351,351,552
573,57236681,57236698,57241735,5054,17,5037,45000,44448,44448,351,351,552
574,57336728,57336745,57341730,5002,17,4985,45000,44448,44449,351,351,551
575,57436774,57436791,57441727,4953,17,4936,45000,44449,44449,350,350,551
576,57536821,57536838,57541727,4906,17,4889,45000,44449,44449,351,351,551
577,57636868,57636884,57641752,4884,16,4868,45000,44449,44450,351,351,550
578,57736917,57736933,57741747,4830,16,4814,45000,44450,44450,350,350,550
579,57836962,57836979,57841746,4784,17,4767,45000,44450,44451,351,351,549
580,57937009,57937026,57941729,4720,17,4703,45000,44451,44451,350,350,549
581,58037056,58037072,58041731,4675,16,4659,45000,44451,44451,351,351,549
582,58137102,58137119,58141724,4622,17,4605,45000,44451,44452,351,351,548
583,58237149,58237165,58241736,4587,16,4571,45000,44452,44452,350,350,548
584,58337196,58337213,58341730,4534,17,4517,45000,44452,44452,350,350,548
585,58437242,58437259,58441733,4491,17,4474,45000,44452,44452,350,350,548
586,58537289,58537306,58541732,4443,17,4426,45000,44452,44453,350,350,547
587,58637335,58637351,58641732,4397,16,4381,45000,44453,44453,350,350,547
588,58737382,58737399,58741727,4345,17,4328,45000,44453,44453,350,350,547
589,58837428,58837445,58841725,4297,17,4280,45000,44453,44453,350,350,547
590,58937475,58937491,58941736,4261,16,4245,45000,44453,44453,350,350,547
591,59037522,59037538,59041729,4207,16,4191,45000,44453,44453,350,350,547
592,59137568,59137585,59141729,4161,17,4144,45000,44453,44454,350,350,546
593,59237615,59237632,59241737,4122,17,4105,45000,44454,44454,350,350,546
594,59337662,59337679,59341734,4072,17,4055,45000,44454,44454,350,350,546
595,59437709,59437725,59441734,4025,16,4009,45000,44454,44454,350,350,546
596,59537755,59537772,59541732,3977,17,3960,45000,44454,44454,350,350,546
597,59637802,59637818,59641729,3927,16,3911,45000,44454,44455,350,350,545
598,59737848,59737864,59741729,3881,16,3865,45000,44455,44455,350,350,545
599,59837894,59837911,59841740,3846,17,3829,45000,44455,44455,350,350,545
600,59937942,59937959,59943555,5613,17,5596,45000,44455,44455,350,350,545
601,60037992,60038009,60041700,3708,17,3691,65000,44455,44637,1000,1000,20363
602,60138037,60138054,60141733,3696,17,3679,65000,44637,44819,1000,1000,20181
603,60238087,60238103,60241734,3647,16,3631,65000,44819,44999,1000,1000,20001
604,60338133,60338149,60341752,3619,16,3603,65000,44999,45179,1000,1000,19821
605,60438180,60438197,60441710,3530,17,3513,65000,45179,45359,1000,1000,19641
606,60538247,60538264,60541730,3483,17,3466,65000,45359,45537,1000,1000,19463
607,60638294,60638311,60641735,3441,17,3424,65000,45537,45715,1000,1000,19285
608,60738341,60738358,60741732,3391,17,3374,65000,45715,45892,1000,1000,19108
609,60838388,60838405,60841729,3341,17,3324,65000,45892,46069,1000,1000,18931
610,60938435,60938451,60941737,3302,16,3286,65000,46069,46244,1000,1000,18756
611,61038481,61038498,61041730,3249,17,3232,65000,46244,46419,1000,1000,18581
612,61138527,61138544,61141731,3204,17,3187,65000,46419,46594,1000,1000,18406
613,61238574,61238591,61241726,3152,17,3135,65000,46594,46767,1000,1000,18233
614,61338620,61338636,61341736,3116,16,3100,65000,46767,46940,1000,1000,18060
615,61438666,61438683,61441730,3064,17,3047,65000,46940,47113,1000,1000,17887
616,61538713,61538730,61541730,3017,17,3000,65000,47113,47284,1000,1000,17716
617,61638760,61638777,61641739,2979,17,2962,65000,47284,47455,1000,1000,17545
618,61738807,61738824,61741730,2923,17,2906,65000,47455,47625,1000,1000,17375
619,61838853,61838870,61841729,2876,17,2859,65000,47625,47795,1000,1000,17205
620,61938900,61938917,61941738,2838,17,2821,65000,47795,47964,1000,1000,17036
621,62038947,62038963,62040770,1823,16,1807,65000,47964,48132,1000,1000,16868
622,62138994,62139011,62150953,11959,17,11942,65000,48132,48299,1000,1000,16701
623,62239041,62239058,62251056,12015,17,11998,65000,48299,48466,1000,1000,16534
624,62339103,62339120,62351134,12031,17,12014,65000,48466,48632,1000,1000,16368
625,62439148,62439165,62450752,11604,17,11587,65000,48632,48798,1000,1000,16202
626,62539195,62539212,62550853,11658,17,11641,65000,48798,48962,1000,1000,16038
627,62639239,62639256,62650869,11630,17,11613,65000,48962,49127,1000,1000,15873
628,62739285,62739301,62750910,11625,16,11609,65000,49127,49290,1000,1000,15710
629,62839351,62839368,62850962,11611,17,11594,65000,49290,49453,1000,1000,15547
630,62939419,62939436,62951059,11640,17,11623,65000,49453,49615,1000,1000,15385
631,63039465,63039482,63051092,11627,17,11610,65000,49615,49776,997,997,15224
632,63139530,63139547,63151149,11619,17,11602,65000,49776,49935,993,993,15065
633,63239578,63239594,63251199,11621,16,11605,65000,49935,50092,989,989,14908
634,63339643,63339660,63351277,11634,17,11617,65000,50092,50247,984,984,14753
635,63439689,63439706,63451313,11624,17,11607,65000,50247,50400,980,980,14600
636,63539756,63539772,63551372,11616,16,11600,65000,50400,50552,976,976,14448
637,63639802,63639819,63651422,11620,17,11603,65000,50552,50702,972,972,14298
638,63739868,63739885,63751527,11659,17,11642,65000,50702,50850,968,968,14150
639,63839914,63839930,63851553,11639,16,11623,65000,50850,50997,964,964,14003
640,63939981,63939998,63951633,11652,17,11635,65000,50997,51142,960,960,13858
641,64040040,64040059,64051673,11633,19,11614,65000,51142,51285,956,956,13715
642,64140074,64140091,64151710,11636,17,11619,65000,51285,51426,953,953,13574
643,64240136,64240153,64251746,11610,17,11593,65000,51426,51566,949,949,13434
644,64340197,64340214,64351707,11510,17,11493,65000,51566,51705,945,945,13295
645,64440245,64440262,64451748,11503,17,11486,65000,51705,51841,941,941,13159
646,64540308,64540325,64551750,11442,17,11425,65000,51841,51977,938,938,13023
647,64640353,64640370,64651738,11385,17,11368,65000,51977,52110,934,934,12890
648,64740399,64740415,64751736,11337,16,11321,65000,52110,52243,931,931,12757
649,64840445,64840462,64851728,11283,17,11266,65000,52243,52373,927,927,12627
650,64940490,64940507,64951729,11239,17,11222,65000,52373,52502,924,924,12498
651,65040535,65040551,65051725,11190,16,11174,65000,52502,52630,920,920,12370
652,65140580,65140597,65151748,11168,17,11151,65000,52630,52756,917,917,12244
653,65240644,65240660,65251743,11099,16,11083,65000,52756,52881,914,914,12119
654,65340689,65340706,65351742,11053,17,11036,65000,52881,53004,910,910,11996
655,65440734,65440751,65451732,10998,17,10981,65000,53004,53126,907,907,11874
656,65540780,65540797,65551731,10951,17,10934,65000,53126,53247,904,904,11753
657,65640825,65640842,65651726,10901,17,10884,65000,53247,53366,900,900,11634
658,65740870,65740887,65751737,10867,17,10850,65000,53366,53484,897,897,11516
659,65840916,65840933,65851732,10816,17,10799,65000,53484,53600,894,894,11400
660,65940963,65940980,65951733,10770,17,10753,65000,53600,53715,891,891,11285
661,66041010,66041027,66051727,10717,17,10700,65000,53715,53829,888,888,11171
662,66141057,66141074,66151736,10679,17,10662,65000,53829,53941,885,885,11059
663,66241104,66241121,66251730,10626,17,10609,65000,53941,54053,882,882,10947
664,66341151,66341167,66351730,10579,16,10563,65000,54053,54162,879,879,10838
665,66441198,66441214,66451727,10529,16,10513,65000,54162,54271,876,876,10729
666,66541245,66541262,66551733,10488,17,10471,65000,54271,54378,873,873,10622
667,66641292,66641309,66651727,10435,17,10418,65000,54378,54485,870,870,10515
668,66741339,66741356,66751725,10386,17,10369,65000,54485,54589,867,867,10411
669,66841386,66841403,66851734,10348,17,10331,65000,54589,54693,865,865,10307
670,66941433,66941450,66951728,10295,17,10278,65000,54693,54796,862,862,10204
671,67041479,67041496,67051726,10247,17,10230,65000,54796,54897,859,859,10103
672,67141526,67141543,67151735,10209,17,10192,65000,54897,54998,857,857,10002
673,67241573,67241590,67251730,10157,17,10140,65000,54998,55097,854,854,9903
674,67341620,67341637,67351728,10108,17,10091,65000,55097,55195,851,851,9805
675,67441668,67441684,67451727,10059,16,10043,65000,55195,55291,849,849,9709
676,67541714,67541730,67551732,10018,16,10002,65000,55291,55387,846,846,9613
677,67641760,67641778,67651727,9967,18,9949,65000,55387,55482,844,844,9518
678,67741807,67741824,67751727,9920,17,9903,65000,55482,55576,841,841,9424
679,67841872,67841890,67851745,9873,18,9855,65000,55576,55668,838,838,9332
680,67941930,67941947,67951748,9818,17,9801,65000,55668,55759,836,836,9241
681,68041976,68041993,68051748,9772,17,9755,65000,55759,55850,834,834,9150
682,68142022,68142039,68151713,9691,17,9674,65000,55850,55939,831,831,9061
683,68242069,68242086,68251733,9664,17,9647,65000,55939,56027,829,829,8973
684,68342115,68342131,68351722,9607,16,9591,65000,56027,56115,827,827,8885
685,68442160,68442177,68451736,9576,17,9559,65000,56115,56201,824,824,8799
686,68542208,68542224,68551730,9522,16,9506,65000,56201,56286,822,822,8714
687,68642254,68642271,68651732,9478,17,9461,65000,56286,56371,820,820,8629
688,68742301,68742318,68751721,9420,17,9403,65000,56371,56454,817,817,8546
689,68842348,68842364,68851739,9391,16,9375,65000,56454,56537,815,815,8463
690,68942395,68942412,68951733,9338,17,9321,65000,56537,56618,813,813,8382
691,69042442,69042459,69051730,9288,17,9271,65000,56618,56699,811,811,8301
692,69142488,69142505,69151726,9238,17,9221,65000,56699,56778,809,809,8222
693,69242535,69242552,69251738,9203,17,9186,65000,56778,56857,807,807,8143
694,69342582,69342599,69351707,9125,17,9108,65000,56857,56935,804,804,8065
695,69442628,69442645,69451729,9101,17,9084,65000,56935,57012,802,802,7988
696,69542676,69542692,69551725,9049,16,9033,65000,57012,57088,800,800,7912
697,69642722,69642739,69651735,9013,17,8996,65000,57088,57163,798,798,7837
698,69742769,69742786,69751730,8961,17,8944,65000,57163,57237,796,796,7763
699,69842816,69842833,69851726,8910,17,8893,65000,57237,57310,794,794,7690
700,69942863,69942880,69953545,10682,17,10665,65000,57310,57383,792,792,7617
701,70042912,70042929,70051694,8782,17,8765,65000,57383,57455,790,790,7545
702,70142958,70142975,70151729,8771,17,8754,65000,57455,57525,788,788,7475
703,70243008,70243025,70251734,8726,17,8709,65000,57525,57596,787,787,7404
704,70343055,70343072,70351733,8678,17,8661,65000,57596,57665,785,785,7335
705,70443102,70443119,70451729,8627,17,8610,65000,57665,57734,783,783,7266
706,70543148,70543165,70551727,8579,17,8562,65000,57734,57801,781,781,7199
707,70643194,70643211,70651752,8558,17,8541,65000,57801,57868,779,779,7132
708,70743260,70743277,70751746,8486,17,8469,65000,57868,57935,778,778,7065
709,70843306,70843323,70851745,8439,17,8422,65000,57935,58000,776,776,7000
710,70943353,70943370,70951733,8380,17,8363,65000,58000,58065,774,774,6935
711,71043399,71043416,71051730,8331,17,8314,65000,58065,58129,772,772,6871
712,71143446,71143463,71151728,8282,17,8265,65000,58129,58192,771,771,6808
713,71243493,71243510,71251735,8242,17,8225,65000,58192,58255,769,769,6745
714,71343541,71343558,71351729,8188,17,8171,65000,58255,58316,767,767,6684
715,71443586,71443603,71451728,8142,17,8125,65000,58316,58378,766,766,6622
716,71543633,71543650,71551737,8104,17,8087,65000,58378,58438,764,764,6562
717,71643680,71643697,71651730,8050,17,8033,65000,58438,58498,762,762,6502
718,71743726,71743742,71751729,8003,16,7987,65000,58498,58557,761,761,6443
719,71843772,71843789,71851726,7954,17,7937,65000,58557,58615,759,759,6385
720,71943819,71943836,71951739,7920,17,7903,65000,58615,58673,758,758,6327
721,72043865,72043882,72051732,7867,17,7850,65000,58673,58730,756,756,6270
722,72143912,72143929,72151730,7818,17,7801,65000,58730,58786,755,755,6214
723,72243958,72243975,72251730,7772,17,7755,65000,58786,58842,753,753,6158
724,72344004,72344021,72351730,7726,17,7709,65000,58842,58897,752,752,6103
725,72444051,72444068,72451732,7681,17,7664,65000,58897,58952,750,750,6048
726,72544098,72544115,72551728,7630,17,7613,65000,58952,59006,749,749,5994
727,72644144,72644161,72651731,7587,17,7570,65000,59006,59059,747,747,5941
728,72744191,72744208,72751732,7541,17,7524,65000,59059,59111,746,746,5889
729,72844237,72844254,72851727,7490,17,7473,65000,59111,59164,745,745,5836
730,72944284,72944301,72951727,7443,17,7426,65000,59164,59215,743,743,5785
731,73044330,73044348,73051735,7405,18,7387,65000,59215,59266,742,742,5734
732,73144378,73144395,73151729,7351,17,7334,65000,59266,59316,740,740,5684
733,73244424,73244441,73251730,7306,17,7289,65000,59316,59366,739,739,5634
734,73344470,73344487,73351744,7274,17,7257,65000,59366,59415,738,738,5585
735,73444517,73444534,73451753,7236,17,7219,65000,59415,59463,736,736,5537
736,73544564,73544580,73551748,7184,16,7168,65000,59463,59511,735,735,5489
737,73644610,73644627,73651733,7123,17,7106,65000,59511,59559,734,734,5441
738,73744657,73744673,73751728,7071,16,7055,65000,59559,59605,732,732,5395
739,73844704,73844721,73851726,7022,17,7005,65000,59605,59652,731,731,5348
740,73944768,73944785,73951736,6968,17,6951,65000,59652,59697,730,730,5303
741,74044815,74044832,74051731,6916,17,6899,65000,59697,59743,729,729,5257
742,74144862,74144879,74151730,6868,17,6851,65000,59743,59788,728,728,5212
743,74244909,74244926,74251727,6818,17,6801,65000,59788,59832,726,726,5168
744,74344955,74344972,74351734,6779,17,6762,65000,59832,59875,725,725,5125
745,74445002,74445019,74451729,6727,17,6710,65000,59875,59919,724,724,5081
746,74545048,74545065,74551726,6678,17,6661,65000,59919,59961,723,723,5039
747,74645096,74645113,74651734,6638,17,6621,65000,59961,60004,722,722,4996
748,74745143,74745160,74751730,6587,17,6570,65000,60004,60046,721,721,4954
749,74845188,74845204,74851728,6540,16,6524,65000,60046,60087,720,720,4913
750,74945235,74945251,74951727,6492,16,6476,65000,60087,60128,719,719,4872
751,75045281,75045298,75051740,6459,17,6442,65000,60128,60168,717,717,4832
752,75145328,75145345,75151735,6407,17,6390,65000,60168,60208,716,716,4792
753,75245375,75245391,75251734,6359,16,6343,65000,60208,60247,715,715,4753
754,75345422,75345438,75351731,6309,16,6293,65000,60247,60286,714,714,4714
755,75445468,75445484,75451729,6261,16,6245,65000,60286,60325,713,713,4675
756,75545513,75545530,75551749,6236,17,6219,65000,60325,60363,712,712,4637
757,75645578,75645595,75651717,6139,17,6122,65000,60363,60400,711,711,4600
758,75745624,75745641,75751732,6108,17,6091,65000,60400,60438,710,710,4562
759,75845671,75845687,75851734,6063,16,6047,65000,60438,60474,709,709,4526
760,75945717,75945734,75951728,6011,17,5994,65000,60474,60511,708,708,4489
761,76045763,76045780,76051729,5966,17,5949,65000,60511,60547,707,707,4453
762,76145811,76145827,76151735,5924,16,5908,65000,60547,60582,706,706,4418
763,76245856,76245873,76251728,5872,17,5855,65000,60582,60617,705,705,4383
764,76345903,76345920,76351735,5832,17,5815,65000,60617,60652,704,704,4348
765,76445950,76445967,76451729,5779,17,5762,65000,60652,60686,703,703,4314
766,76545997,76546014,76551730,5733,17,5716,65000,60686,60720,703,703,4280
767,76646043,76646059,76651729,5686,16,5670,65000,60720,60754,702,702,4246
768,76746089,76746106,76751732,5643,17,5626,65000,60754,60787,701,701,4213
769,76846136,76846152,76851735,5599,16,5583,65000,60787,60820,700,700,4180
770,76946181,76946198,76951724,5543,17,5526,65000,60820,60852,699,699,4148
771,77046228,77046244,77051735,5507,16,5491,65000,60852,60885,698,698,4115
772,77146274,77146290,77151729,5455,16,5439,65000,60885,60916,697,697,4084
773,77246320,77246337,77251730,5410,17,5393,65000,60916,60948,697,697,4052
774,77346367,77346384,77351722,5355,17,5338,65000,60948,60979,696,696,4021
775,77446413,77446430,77451733,5320,17,5303,65000,60979,61009,695,695,3991
776,77546461,77546478,77551729,5268,17,5251,65000,61009,61040,694,694,3960
777,77646508,77646524,77651729,5221,16,5205,65000,61040,61070,693,693,3930
778,77746555,77746572,77751734,5179,17,5162,65000,61070,61099,692,692,3901
779,77846601,77846618,77851731,5130,17,5113,65000,61099,61128,692,692,3872
780,77946647,77946664,77951728,5081,17,5064,65000,61128,61157,691,691,3843
781,78046694,78046710,78051727,5033,16,5017,65000,61157,61186,690,690,3814
782,78146741,78146758,78151749,5008,17,4991,65000,61186,61214,689,689,3786
783,78246807,78246823,78251744,4937,16,4921,65000,61214,61242,689,689,3758
784,78346853,78346870,78351743,4890,17,4873,65000,61242,61270,688,688,3730
785,78446900,78446917,78451732,4832,17,4815,65000,61270,61297,687,687,3703
786,78546946,78546963,78551729,4783,17,4766,65000,61297,61324,686,686,3676
787,78646993,78647009,78651725,4732,16,4716,65000,61324,61351,686,686,3649
788,78747039,78747056,78751737,4698,17,4681,65000,61351,61377,685,685,3623
789,78847087,78847104,78851731,4644,17,4627,65000,61377,61403,684,684,3597
790,78947133,78947150,78951729,4596,17,4579,65000,61403,61429,683,683,3571
791,79047180,79047196,79051729,4549,16,4533,65000,61429,61454,683,683,3546
792,79147226,79147243,79151735,4509,17,4492,65000,61454,61480,682,682,3520
793,79247273,79247290,79251729,4456,17,4439,65000,61480,61504,681,681,3496
794,79347320,79347337,79351726,4406,17,4389,65000,61504,61529,681,681,3471
795,79447366,79447383,79451735,4369,17,4352,65000,61529,61553,680,680,3447
796,79547413,79547430,79551730,4317,17,4300,65000,61553,61577,680,680,3423
797,79647460,79647477,79651727,4267,17,4250,65000,61577,61601,679,679,3399
798,79747507,79747524,79751728,4221,17,4204,65000,61601,61625,678,678,3375
799,79847554,79847571,79851732,4178,17,4161,65000,61625,61648,677,677,3352
800,79947601,79947618,79953541,5940,17,5923,65000,61648,61671,677,677,3329
801,80047652,80047669,80051692,4040,17,4023,65000,61671,61693,676,676,3307
802,80147697,80147714,80151750,4053,17,4036,65000,61693,61716,676,676,3284
803,80247744,80247761,80251730,3986,17,3969,65000,61716,61738,675,675,3262
804,80347790,80347807,80351728,3938,17,3921,65000,61738,61760,675,675,3240
805,80447837,80447854,80451727,3890,17,3873,65000,61760,61782,674,674,3218
806,80547884,80547901,80551735,3851,17,3834,65000,61782,61803,673,673,3197
807,80647932,80647949,80651728,3796,17,3779,65000,61803,61824,673,673,3176
808,80747978,80747995,80751733,3755,17,3738,65000,61824,61845,672,672,3155
809,80848024,80848041,80851739,3715,17,3698,65000,61845,61866,672,672,3134
810,80948071,80948088,80951754,3683,17,3666,65000,61866,61886,671,671,3114
811,81048119,81048136,81051748,3629,17,3612,65000,61886,61907,671,671,3093
812,81148165,81148182,81151729,3564,17,3547,65000,61907,61927,670,670,3073
813,81248212,81248228,81251732,3520,16,3504,65000,61927,61946,670,670,3054
814,81348259,81348275,81351728,3469,16,3453,65000,61946,61966,669,669,3034
815,81448304,81448321,81451738,3434,17,3417,65000,61966,61985,668,668,3015
816,81548352,81548368,81551732,3380,16,3364,65000,61985,62004,668,668,2996
817,81648398,81648415,81651733,3335,17,3318,65000,62004,62023,668,668,2977
818,81748445,81748461,81751729,3284,16,3268,65000,62023,62042,667,667,2958
819,81848491,81848507,81851739,3248,16,3232,65000,62042,62060,666,666,2940
820,81948538,81948554,81951732,3194,16,3178,65000,62060,62079,666,666,2921
821,82048584,82048600,82051728,3144,16,3128,65000,62079,62096,665,665,2904
822,82148630,82148647,82151730,3100,17,3083,65000,62096,62114,665,665,2886
823,82248677,82248694,82251734,3057,17,3040,65000,62114,62132,665,665,2868
824,82348723,82348740,82351729,3006,17,2989,65000,62132,62149,664,664,2851
825,82448769,82448786,82451731,2962,17,2945,65000,62149,62167,664,664,2833
826,82548817,82548833,82551735,2918,16,2902,65000,62167,62184,663,663,2816
827,82648864,82648880,82651732,2868,16,2852,65000,62184,62201,663,663,2799
828,82748911,82748927,82750721,1810,16,1794,65000,62201,62217,662,662,2783
829,82848957,82848974,82850828,1871,17,1854,65000,62217,62234,662,662,2766
830,82949004,82949021,82960992,11988,17,11971,65000,62234,62250,661,661,2750
831,83049052,83049068,83061094,12042,16,12026,65000,62250,62266,661,661,2734
832,83149112,83149129,83161157,12045,17,12028,65000,62266,62282,661,661,2718
833,83249157,83249174,83260746,11589,17,11572,65000,62282,62298,660,660,2702
834,83349203,83349219,83360848,11645,16,11629,65000,62298,62313,660,660,2687
835,83449247,83449264,83460872,11625,17,11608,65000,62313,62328,659,659,2672
836,83549311,83549328,83560921,11610,17,11593,65000,62328,62344,659,659,2656
837,83649377,83649394,83661028,11651,17,11634,65000,62344,62358,658,658,2642
838,83749423,83749439,83761061,11638,16,11622,65000,62358,62373,658,658,2627
839,83849473,83849489,83861108,11635,16,11619,65000,62373,62388,658,658,2612
840,83949539,83949556,83961160,11621,17,11604,65000,62388,62402,657,657,2598
841,84049604,84049621,84061219,11615,17,11598,65000,62402,62417,657,657,2583
842,84149650,84149667,84161271,11621,17,11604,65000,62417,62431,656,656,2569
843,84249716,84249733,84261355,11639,17,11622,65000,62431,62445,656,656,2555
844,84349762,84349779,84361386,11624,17,11607,65000,62445,62459,656,656,2541
845,84449827,84449844,84461441,11614,17,11597,65000,62459,62472,655,655,2528
846,84549889,84549906,84561544,11655,17,11638,65000,62472,62486,655,655,2514
847,84649936,84649952,84661574,11638,16,11622,65000,62486,62499,655,655,2501
848,84750002,84750019,84761632,11630,17,11613,65000,62499,62512,654,654,2488
849,84850061,84850078,84861692,11631,17,11614,65000,62512,62525,654,654,2475
850,84950107,84950124,84961730,11623,17,11606,65000,62525,62538,654,654,2462
851,85050168,85050185,85061746,11578,17,11561,65000,62538,62516,653,653,2484
852,85150214,85150230,85161731,11517,16,11501,65000,62516,62496,660,660,2504
853,85250259,85250276,85261747,11488,17,11471,65000,62496,62476,661,661,2524
854,85350307,85350324,85361749,11442,17,11425,65000,62476,62456,662,662,2544
855,85450353,85450370,85461743,11390,17,11373,65000,62456,62437,662,662,2563
856,85550399,85550416,85561730,11331,17,11314,65000,62437,62418,663,663,2582
857,85650444,85650461,85661737,11293,17,11276,65000,62418,62399,663,663,2601
858,85750490,85750507,85761730,11240,17,11223,65000,62399,62380,664,664,2620
859,85850535,85850552,85861728,11193,17,11176,65000,62380,62361,664,664,2639
860,85950581,85950598,85961725,11144,17,11127,65000,62361,62343,665,665,2657
861,86050626,86050643,86061737,11111,17,11094,65000,62343,62325,665,665,2675
862,86150672,86150689,86161729,11057,17,11040,65000,62325,62307,666,666,2693
863,86250717,86250733,86261728,11011,16,10995,65000,62307,62289,666,666,2711
864,86350762,86350779,86361744,10982,17,10965,65000,62289,62272,667,667,2728
865,86450824,86450841,86461749,10925,17,10908,65000,62272,62255,667,667,2745
866,86550870,86550886,86561746,10876,16,10860,65000,62255,62238,667,667,2762
867,86650915,86650932,86661733,10818,17,10801,65000,62238,62221,668,668,2779
868,86750962,86750979,86761731,10769,17,10752,65000,62221,62204,668,668,2796
869,86851009,86851025,86861726,10717,16,10701,65000,62204,62187,669,669,2813
870,86951055,86951071,86961734,10679,16,10663,65000,62187,62171,669,669,2829
871,87051101,87051118,87061728,10627,17,10610,65000,62171,62155,670,670,2845
872,87151148,87151165,87161732,10584,17,10567,65000,62155,62139,670,670,2861
873,87251195,87251212,87261726,10531,17,10514,65000,62139,62123,671,671,2877
874,87351242,87351258,87361737,10495,16,10479,65000,62123,62107,671,671,2893
875,87451289,87451306,87461725,10436,17,10419,65000,62107,62092,671,671,2908
876,87551337,87551354,87561729,10392,17,10375,65000,62092,62077,672,672,2923
877,87651384,87651401,87661736,10352,17,10335,65000,62077,62062,672,672,2938
878,87751431,87751448,87761736,10305,17,10288,65000,62062,62047,673,673,2953
879,87851478,87851494,87861733,10255,16,10239,65000,62047,62032,673,673,2968
880,87951524,87951541,87961729,10205,17,10188,65000,62032,62017,673,673,2983
881,88051571,88051588,88061729,10158,17,10141,65000,62017,62003,674,674,2997
882,88151618,88151635,88161730,10112,17,10095,65000,62003,61989,674,674,3011
883,88251664,88251681,88261732,10068,17,10051,65000,61989,61974,674,674,3026
884,88351712,88351729,88361728,10016,17,9999,65000,61974,61961,675,675,3039
885,88451759,88451776,88461734,9975,17,9958,65000,61961,61947,675,675,3053
886,88551805,88551822,88561727,9922,17,9905,65000,61947,61933,676,676,3067
887,88651868,88651888,88661729,9861,20,9841,65000,61933,61920,676,676,3080
888,88751900,88751917,88761735,9835,17,9818,65000,61920,61906,676,676,3094
889,88851947,88851964,88861728,9781,17,9764,65000,61906,61893,677,677,3107
890,88951992,88952009,88961729,9737,17,9720,65000,61893,61880,677,677,3120
891,89052038,89052054,89061730,9692,16,9676,65000,61880,61867,677,677,3133
892,89152083,89152099,89161754,9671,16,9655,65000,61867,61855,678,678,3145
893,89252129,89252146,89261749,9620,17,9603,65000,61855,61842,678,678,3158
894,89352174,89352191,89361742,9568,17,9551,65000,61842,61830,678,678,3170
895,89452221,89452238,89461732,9511,17,9494,65000,61830,61817,679,679,3183
896,89552268,89552285,89561727,9459,17,9442,65000,61817,61805,679,679,3195
897,89652315,89652331,89661725,9410,16,9394,65000,61805,61793,679,679,3207
898,89752361,89752378,89761737,9376,17,9359,65000,61793,61781,680,680,3219
899,89852408,89852425,89861729,9321,17,9304,65000,61781,61770,680,680,3230
900,89952455,89952471,89963535,11080,16,11064,65000,61770,61758,680,680,3242
901,90052505,90052522,90061696,9191,17,9174,65000,61758,61747,681,681,3253
902,90152551,90152568,90161731,9180,17,9163,65000,61747,61735,681,681,3265
903,90252601,90252617,90261727,9126,16,9110,65000,61735,61724,681,681,3276
904,90352647,90352664,90361726,9079,17,9062,65000,61724,61713,682,682,3287
905,90452693,90452710,90461733,9040,17,9023,65000,61713,61702,682,682,3298
906,90552740,90552757,90561729,8989,17,8972,65000,61702,61691,682,682,3309
907,90652787,90652804,90661730,8943,17,8926,65000,61691,61681,682,682,3319
908,90752834,90752850,90761736,8902,16,8886,65000,61681,61670,683,683,3330
909,90852881,90852897,90861732,8851,16,8835,65000,61670,61660,683,683,3340
910,90952927,90952944,90961735,8808,17,8791,65000,61660,61649,683,683,3351
911,91052974,91052991,91061731,8757,17,8740,65000,61649,61639,684,684,3361
912,91153020,91153037,91161730,8710,17,8693,65000,61639,61629,684,684,3371
913,91253067,91253084,91261730,8663,17,8646,65000,61629,61619,684,684,3381
914,91353114,91353131,91361739,8625,17,8608,65000,61619,61609,684,684,3391
915,91453160,91453177,91461733,8573,17,8556,65000,61609,61599,685,685,3401
916,91553207,91553223,91561734,8527,16,8511,65000,61599,61590,685,685,3410
917,91653254,91653270,91661729,8475,16,8459,65000,61590,61580,685,685,3420
918,91753300,91753317,91761730,8430,17,8413,65000,61580,61571,685,685,3429
919,91853347,91853364,91861748,8401,17,8384,65000,61571,61562,686,686,3438
920,91953411,91953428,91961710,8299,17,8282,65000,61562,61552,686,686,3448
921,92053460,92053477,92061725,8265,17,8248,65000,61552,61543,686,686,3457
922,92153506,92153523,92161733,8227,17,8210,65000,61543,61534,686,686,3466
923,92253553,92253570,92261727,8174,17,8157,65000,61534,61525,687,687,3475
924,92353599,92353616,92361728,8129,17,8112,65000,61525,61517,687,687,3483
925,92453647,92453664,92461735,8088,17,8071,65000,61517,61508,687,687,3492
926,92553694,92553711,92561731,8037,17,8020,65000,61508,61499,687,687,3501
927,92653740,92653757,92661727,7987,17,7970,65000,61499,61491,688,688,3509
928,92753787,92753803,92761729,7942,16,7926,65000,61491,61483,688,688,3517
929,92853834,92853851,92861731,7897,17,7880,65000,61483,61474,688,688,3526
930,92953880,92953897,92961731,7851,17,7834,65000,61474,61466,688,688,3534
931,93053927,93053943,93061728,7801,16,7785,65000,61466,61458,688,688,3542
932,93153973,93153990,93161733,7760,17,7743,65000,61458,61450,689,689,3550
933,93254020,93254037,93261729,7709,17,7692,65000,61450,61442,689,689,3558
934,93354067,93354083,93361730,7663,16,7647,65000,61442,61434,689,689,3566
935,93454113,93454130,93461725,7612,17,7595,65000,61434,61426,689,689,3574
936,93554160,93554176,93561735,7575,16,7559,65000,61426,61419,690,690,3581
937,93654207,93654224,93661729,7522,17,7505,65000,61419,61411,690,690,3589
938,93754253,93754270,93761727,7474,17,7457,65000,61411,61404,690,690,3596
939,93854300,93854317,93861742,7442,17,7425,65000,61404,61397,690,690,3603
940,93954347,93954364,93961747,7400,17,7383,65000,61397,61389,690,690,3611
941,94054394,94054410,94061745,7351,16,7335,65000,61389,61382,691,691,3618
942,94154440,94154457,94161735,7295,17,7278,65000,61382,61375,691,691,3625
943,94254486,94254503,94261732,7246,17,7229,65000,61375,61368,691,691,3632
944,94354533,94354550,94361726,7193,17,7176,65000,61368,61361,691,691,3639
945,94454579,94454596,94461738,7159,17,7142,65000,61361,61354,691,691,3646
946,94554627,94554644,94561732,7105,17,7088,65000,61354,61347,691,691,3653
947,94654674,94654690,94661730,7056,16,7040,65000,61347,61341,692,692,3659
948,94754720,94754737,94761730,7010,17,6993,65000,61341,61334,692,692,3666
949,94854767,94854784,94861727,6960,17,6943,65000,61334,61327,692,692,3673
950,94954814,94954831,94961734,6920,17,6903,65000,61327,61321,692,692,3679
951,95054861,95054878,95061727,6866,17,6849,65000,61321,61349,692,692,3651
952,95154908,95154925,95161725,6817,17,6800,65000,61349,61376,685,685,3624
953,95254954,95254971,95261735,6781,17,6764,65000,61376,61402,684,684,3598
954,95355001,95355018,95361728,6727,17,6710,65000,61402,61428,684,684,3572
955,95455048,95455064,95461727,6679,16,6663,65000,61428,61453,683,683,3547
956,95555094,95555111,95561736,6642,17,6625,65000,61453,61478,682,682,3522
957,95655141,95655158,95661730,6589,17,6572,65000,61478,61503,682,682,3497
958,95755187,95755204,95761729,6542,17,6525,65000,61503,61528,681,681,3472
959,95855234,95855251,95861727,6493,17,6476,65000,61528,61552,680,680,3448
960,95955281,95955297,95961733,6452,16,6436,65000,61552,61576,680,680,3424
961,96055327,96055344,96061730,6403,17,6386,65000,61576,61600,679,679,3400
962,96155374,96155390,96161725,6351,16,6335,65000,61600,61624,678,678,3376
963,96255420,96255437,96261736,6316,17,6299,65000,61624,61647,678,678,3353
964,96355468,96355484,96361729,6261,16,6245,65000,61647,61670,677,677,3330
965,96455514,96455531,96461733,6219,17,6202,65000,61670,61693,676,676,3307
966,96555561,96555578,96561726,6165,17,6148,65000,61693,61715,676,676,3285
967,96655607,96655624,96661751,6144,17,6127,65000,61715,61737,675,675,3263
968,96755655,96755671,96761744,6089,16,6073,65000,61737,61759,675,675,3241
969,96855702,96855718,96861742,6040,16,6024,65000,61759,61781,674,674,3219
970,96955748,96955764,96961733,5985,16,5969,65000,61781,61802,673,673,3198
971,97055794,97055811,97061728,5934,17,5917,65000,61802,61824,673,673,3176
972,97155841,97155857,97161728,5887,16,5871,65000,61824,61844,672,672,3156
973,97255888,97255904,97261734,5846,16,5830,65000,61844,61865,672,672,3135
974,97355934,97355951,97361730,5796,17,5779,65000,61865,61886,671,671,3114
975,97455980,97455997,97461729,5749,17,5732,65000,61886,61906,671,671,3094
976,97556027,97556043,97561730,5703,16,5687,65000,61906,61926,670,670,3074
977,97656073,97656090,97661735,5662,17,5645,65000,61926,61946,670,670,3054
978,97756120,97756137,97761731,5611,17,5594,65000,61946,61965,669,669,3035
979,97856166,97856183,97861728,5562,17,5545,65000,61965,61985,669,669,3015
980,97956213,97956230,97961729,5516,17,5499,65000,61985,62004,668,668,2996
981,98056260,98056277,98061730,5470,17,5453,65000,62004,62023,668,668,2977
982,98156307,98156323,98161731,5424,16,5408,65000,62023,62042,667,667,2958
983,98256353,98256370,98261726,5373,17,5356,65000,62042,62060,666,666,2940
984,98356400,98356416,98361734,5334,16,5318,65000,62060,62078,666,666,2922
985,98456447,98456464,98461729,5282,17,5265,65000,62078,62096,666,666,2904
986,98556493,98556510,98561724,5231,17,5214,65000,62096,62114,665,665,2886
987,98656539,98656555,98661735,5196,16,5180,65000,62114,62132,665,665,2868
988,98756587,98756603,98761729,5142,16,5126,65000,62132,62149,664,664,2851
989,98856633,98856649,98861732,5099,16,5083,65000,62149,62167,664,664,2833
990,98956680,98956697,98961724,5044,17,5027,65000,62167,62184,663,663,2816
991,99056726,99056743,99061733,5007,17,4990,65000,62184,62200,663,663,2800
992,99156773,99156790,99161728,4955,17,4938,65000,62200,62217,662,662,2783
993,99256820,99256837,99261729,4909,17,4892,65000,62217,62234,662,662,2766
994,99356867,99356883,99361744,4877,16,4861,65000,62234,62250,661,661,2750
995,99456914,99456931,99461751,4837,17,4820,65000,62250,62266,661,661,2734
996,99556961,99556977,99561746,4785,16,4769,65000,62266,62282,661,661,2718
997,99657007,99657024,99661733,4726,17,4709,65000,62282,62297,660,660,2703
998,99757054,99757071,99761731,4677,17,4660,65000,62297,62313,660,660,2687
999,99857101,99857118,99861727,4626,17,4609,65000,62313,62328,659,659,2672
1000,99957148,99957165,99963581,6433,17,6416,65000,62328,62344,659,659,2656
1001,100057197,100057214,100061696,4499,17,4482,65000,62344,62358,658,658,2642
1002,100157243,100157260,100161732,4489,17,4472,65000,62358,62373,658,658,2627
1003,100257292,100257308,100261724,4432,16,4416,65000,62373,62388,658,658,2612
1004,100357338,100357355,100361737,4399,17,4382,65000,62388,62402,657,657,2598
1005,100457385,100457401,100461731,4346,16,4330,65000,62402,62417,657,657,2583
1006,100557431,100557448,100561730,4299,17,4282,65000,62417,62431,656,656,2569
1007,100657478,100657495,100661726,4248,17,4231,65000,62431,62445,656,656,2555
1008,100757525,100757541,100761738,4213,16,4197,65000,62445,62459,656,656,2541
1009,100857572,100857589,100861731,4159,17,4142,65000,62459,62472,655,655,2528
1010,100957618,100957635,100961730,4112,17,4095,65000,62472,62486,655,655,2514
1011,101057665,101057681,101061725,4060,16,4044,65000,62486,62499,655,655,2501
1012,101157711,101157728,101161732,4021,17,4004,65000,62499,62512,654,654,2488
1013,101257758,101257775,101261727,3969,17,3952,65000,62512,62525,654,654,2475
1014,101357805,101357822,101361727,3922,17,3905,65000,62525,62538,654,654,2462
1015,101457852,101457868,101461732,3880,16,3864,65000,62538,62551,653,653,2449
1016,101557918,101557935,101561727,3809,17,3792,65000,62551,62564,653,653,2436
1017,101657965,101657982,101661730,3765,17,3748,65000,62564,62576,653,653,2424
1018,101758029,101758045,101761735,3706,16,3690,65000,62576,62589,652,652,2411
1019,101858075,101858092,101861738,3663,17,3646,65000,62589,62601,652,652,2399
1020,101958140,101958157,101961732,3592,17,3575,65000,62601,62613,652,652,2387
1021,102058186,102058203,102061726,3540,17,3523,65000,62613,62625,651,651,2375
1022,102158233,102158249,102161754,3521,16,3505,65000,62625,62636,651,651,2364
1023,102258300,102258317,102261747,3447,17,3430,65000,62636,62648,651,651,2352
1024,102358347,102358364,102361745,3398,17,3381,65000,62648,62660,650,650,2340
1025,102458394,102458411,102461735,3341,17,3324,65000,62660,62671,650,650,2329
1026,102558441,102558458,102561734,3293,17,3276,65000,62671,62682,650,650,2318
1027,102658487,102658504,102661729,3242,17,3225,65000,62682,62694,650,650,2306
1028,102758533,102758550,102761737,3204,17,3187,65000,62694,62705,649,649,2295
1029,102858581,102858597,102861731,3150,16,3134,65000,62705,62715,649,649,2285
1030,102958627,102958644,102961728,3101,17,3084,65000,62715,62726,649,649,2274
1031,103058674,103058691,103061736,3062,17,3045,65000,62726,62737,648,648,2263
1032,103158721,103158738,103161731,3010,17,2993,65000,62737,62747,648,648,2253
1033,103258768,103258785,103261729,2961,17,2944,65000,62747,62758,648,648,2242
1034,103358815,103358831,103361729,2914,16,2898,65000,62758,62768,647,647,2232
1035,103458861,103458878,103461743,2882,17,2865,65000,62768,62778,647,647,2222
1036,103558909,103558926,103560737,1828,17,1811,65000,62778,62788,647,647,2212
1037,103658956,103658973,103660846,1890,17,1873,65000,62788,62798,647,647,2202
1038,103759004,103759021,103771005,12001,17,11984,65000,62798,62808,646,646,2192
1039,103859052,103859069,103871109,12057,17,12040,65000,62808,62817,646,646,2183
1040,103959113,103959130,103971175,12062,17,12045,65000,62817,62827,646,646,2173
1041,104059158,104059174,104070744,11586,16,11570,65000,62827,62837,646,646,2163
1042,104159204,104159221,104170846,11642,17,11625,65000,62837,62846,645,645,2154
1043,104259250,104259267,104270878,11628,17,11611,65000,62846,62855,645,645,2145
1044,104359299,104359316,104370958,11659,17,11642,65000,62855,62864,645,645,2136
1045,104459345,104459362,104470971,11626,17,11609,65000,62864,62873,645,645,2127
1046,104559392,104559408,104571019,11627,16,11611,65000,62873,62882,644,644,2118
1047,104659458,104659475,104671077,11619,17,11602,65000,62882,62891,644,644,2109
1048,104759506,104759522,104771129,11623,16,11607,65000,62891,62900,644,644,2100
1049,104859556,104859573,104871210,11654,17,11637,65000,62900,62908,644,644,2092
1050,104959601,104959618,104971248,11647,17,11630,65000,62908,62917,644,644,2083
1051,105059649,105059666,105071292,11643,17,11626,65000,62917,62925,643,643,2075
1052,105159714,105159730,105171335,11621,16,11605,65000,62925,62934,643,643,2066
1053,105259778,105259795,105271396,11618,17,11601,65000,62934,62942,643,643,2058
1054,105359824,105359841,105371445,11621,17,11604,65000,62942,62950,643,643,2050
1055,105459902,105459918,105471558,11656,16,11640,65000,62950,62958,642,642,2042
1056,105559948,105559964,105571590,11642,16,11626,65000,62958,62966,642,642,2034
1057,105660013,105660044,105671650,11637,31,11606,65000,62966,62974,642,642,2026
1058,105760063,105760080,105771692,11629,17,11612,65000,62974,62982,642,642,2018
1059,105860127,105860144,105871731,11604,17,11587,65000,62982,62990,641,641,2010
1060,105960189,105960206,105971733,11544,17,11527,65000,62990,62997,641,641,2003
1061,106060235,106060252,106071746,11511,17,11494,65000,62997,63005,641,641,1995
1062,106160280,106160297,106171753,11473,17,11456,65000,63005,63012,641,641,1988
1063,106260325,106260342,106271744,11419,17,11402,65000,63012,63020,641,641,1980
1064,106360370,106360387,106371727,11357,17,11340,65000,63020,63027,640,640,1973
1065,106460418,106460434,106471725,11307,16,11291,65000,63027,63034,640,640,1966
1066,106560464,106560480,106571736,11272,16,11256,65000,63034,63041,640,640,1959
1067,106660508,106660525,106671733,11225,17,11208,65000,63041,63048,640,640,1952
1068,106760553,106760571,106771734,11181,18,11163,65000,63048,63055,640,640,1945
1069,106860599,106860616,106871728,11129,17,11112,65000,63055,63062,640,640,1938
1070,106960644,106960660,106971728,11084,16,11068,65000,63062,63068,639,639,1932
1071,107060689,107060706,107071747,11058,17,11041,65000,63068,63075,639,639,1925
1072,107160751,107160767,107171734,10983,16,10967,65000,63075,63082,639,639,1918
1073,107260795,107260812,107271734,10939,17,10922,65000,63082,63088,639,639,1912
1074,107360841,107360858,107371732,10891,17,10874,65000,63088,63095,639,639,1905
1075,107460886,107460902,107471729,10843,16,10827,65000,63095,63101,638,638,1899
1076,107560931,107560948,107571728,10797,17,10780,65000,63101,63107,638,638,1893
1077,107660978,107660995,107671738,10760,17,10743,65000,63107,63114,638,638,1886
1078,107761025,107761042,107771731,10706,17,10689,65000,63114,63120,638,638,1880
1079,107861072,107861089,107871732,10660,17,10643,65000,63120,63126,638,638,1874
1080,107961119,107961135,107971731,10612,16,10596,65000,63126,63132,638,638,1868
1081,108061182,108061199,108071729,10547,17,10530,65000,63132,63138,638,638,1862
1082,108161229,108161246,108171725,10496,17,10479,65000,63138,63144,637,637,1856
1083,108261276,108261293,108271736,10460,17,10443,65000,63144,63150,637,637,1850
1084,108361323,108361339,108371728,10405,16,10389,65000,63150,63156,637,637,1844
1085,108461370,108461386,108471731,10361,16,10345,65000,63156,63161,637,637,1839
1086,108561417,108561434,108571732,10315,17,10298,65000,63161,63167,637,637,1833
1087,108661463,108661480,108671733,10270,17,10253,65000,63167,63173,637,637,1827
1088,108761509,108761526,108771726,10217,17,10200,65000,63173,63178,636,636,1822
1089,108861556,108861573,108871731,10175,17,10158,65000,63178,63183,636,636,1817
1090,108961604,108961620,108971731,10127,16,10111,65000,63183,63189,636,636,1811
1091,109061650,109061667,109071730,10080,17,10063,65000,63189,63194,636,636,1806
1092,109161697,109161714,109171728,10031,17,10014,65000,63194,63199,636,636,1801
1093,109261744,109261761,109271736,9992,17,9975,65000,63199,63205,636,636,1795
1094,109361791,109361808,109371729,9938,17,9921,65000,63205,63210,635,635,1790
1095,109461837,109461872,109471731,9894,35,9859,65000,63210,63215,635,635,1785
1096,109561896,109561913,109571724,9828,17,9811,65000,63215,63220,635,635,1780
1097,109661942,109661959,109671748,9806,17,9789,65000,63220,63225,635,635,1775
1098,109762006,109762023,109771743,9737,17,9720,65000,63225,63229,635,635,1771
1099,109862051,109862068,109871744,9693,17,9676,65000,63229,63234,635,635,1766
1100,109962097,109962113,109973602,11505,16,11489,65000,63234,63239,635,635,1761
1101,110062147,110062163,110071693,9546,16,9530,65000,63239,63244,635,635,1756
1102,110162193,110162210,110171729,9536,17,9519,65000,63244,63249,635,635,1751
1103,110262243,110262259,110271735,9492,16,9476,65000,63249,63253,634,634,1747
1104,110362289,110362305,110371733,9444,16,9428,65000,63253,63258,634,634,1742
1105,110462335,110462352,110471731,9396,17,9379,65000,63258,63262,634,634,1738
1106,110562381,110562398,110571726,9345,17,9328,65000,63262,63267,634,634,1733
1107,110662428,110662445,110671733,9305,17,9288,65000,63267,63271,634,634,1729
1108,110762475,110762491,110771728,9253,16,9237,65000,63271,63276,634,634,1724
1109,110862521,110862538,110871725,9204,17,9187,65000,63276,63280,634,634,1720
1110,110962567,110962584,110971735,9168,17,9151,65000,63280,63285,634,634,1715
1111,111062615,111062632,111071730,9115,17,9098,65000,63285,63289,633,633,1711
1112,111162661,111162678,111171730,9069,17,9052,65000,63289,63293,633,633,1707
1113,111262708,111262725,111271726,9018,17,9001,65000,63293,63297,633,633,1703
1114,111362754,111362771,111371737,8983,17,8966,65000,63297,63301,633,633,1699
1115,111462801,111462818,111471729,8928,17,8911,65000,63301,63305,633,633,1695
1116,111562848,111562865,111571730,8882,17,8865,65000,63305,63309,633,633,1691
1117,111662895,111662912,111671734,8839,17,8822,65000,63309,63313,633,633,1687
1118,111762942,111762959,111771731,8789,17,8772,65000,63313,63317,633,633,1683
1119,111862988,111863005,111871733,8745,17,8728,65000,63317,63321,633,633,1679
1120,111963035,111963051,111971726,8691,16,8675,65000,63321,63325,632,632,1675
1121,112063082,112063098,112071734,8652,16,8636,65000,63325,63328,632,632,1672
1122,112163129,112163146,112171728,8599,17,8582,65000,63328,63332,632,632,1668
1123,112263175,112263191,112271727,8552,16,8536,65000,63332,63335,632,632,1665
1124,112363221,112363238,112371743,8522,17,8505,65000,63335,63339,632,632,1661
1125,112463284,112463301,112471748,8464,17,8447,65000,63339,63343,632,632,1657
1126,112563330,112563347,112571747,8417,17,8400,65000,63343,63346,632,632,1654
1127,112663377,112663394,112671734,8357,17,8340,65000,63346,63350,632,632,1650
1128,112763424,112763441,112771733,8309,17,8292,65000,63350,63353,632,632,1647
1129,112863471,112863487,112871725,8254,16,8238,65000,63353,63357,632,632,1643
1130,112963517,112963535,112971735,8218,18,8200,65000,63357,63360,631,631,1640
1131,113063565,113063581,113071732,8167,16,8151,65000,63360,63363,631,631,1637
1132,113163611,113163628,113171732,8121,17,8104,65000,63363,63367,631,631,1633
1133,113263657,113263674,113271729,8072,17,8055,65000,63367,63370,631,631,1630
1134,113363703,113363720,113371738,8035,17,8018,65000,63370,63373,631,631,1627
1135,113463751,113463767,113471731,7980,16,7964,65000,63373,63376,631,631,1624
1136,113563797,113563814,113571729,7932,17,7915,65000,63376,63379,631,631,1621
1137,113663844,113663860,113671726,7882,16,7866,65000,63379,63383,631,631,1617
1138,113763906,113763923,113771733,7827,17,7810,65000,63383,63386,631,631,1614
1139,113863954,113863971,113871727,7773,17,7756,65000,63386,63389,631,631,1611
1140,113963999,113964016,113971728,7729,17,7712,65000,63389,63392,631,631,1608
1141,114064046,114064063,114071734,7688,17,7671,65000,63392,63395,631,631,1605
1142,114164094,114164111,114171729,7635,17,7618,65000,63395,63398,631,631,1602
1143,114264140,114264157,114271729,7589,17,7572,65000,63398,63401,630,630,1599
1144,114364187,114364203,114371725,7538,16,7522,65000,63401,63404,630,630,1596
1145,114464233,114464250,114471737,7504,17,7487,65000,63404,63407,630,630,1593
1146,114564281,114564297,114571728,7447,16,7431,65000,63407,63409,630,630,1591
1147,114664327,114664344,114671728,7401,17,7384,65000,63409,63412,630,630,1588
1148,114764374,114764391,114771735,7361,17,7344,65000,63412,63415,630,630,1585
1149,114864422,114864438,114871729,7307,16,7291,65000,63415,63418,630,630,1582
1150,114964467,114964484,114971733,7266,17,7249,65000,63418,63420,630,630,1580
1151,115064514,115064531,115071720,7206,17,7189,65000,63420,63423,630,630,1577
1152,115164561,115164578,115171753,7192,17,7175,65000,63423,63426,630,630,1574
1153,115264629,115264646,115271745,7116,17,7099,65000,63426,63429,630,630,1571
1154,115364675,115364692,115371740,7065,17,7048,65000,63429,63431,630,630,1569
1155,115464722,115464738,115471731,7009,16,6993,65000,63431,63434,630,630,1566
1156,115564768,115564785,115571729,6961,17,6944,65000,63434,63436,629,629,1564
1157,115664815,115664832,115671724,6909,17,6892,65000,63436,63439,629,629,1561
1158,115764861,115764878,115771735,6874,17,6857,65000,63439,63441,629,629,1559
1159,115864909,115864925,115871728,6819,16,6803,65000,63441,63443,629,629,1557
1160,115964956,115964972,115971727,6771,16,6755,65000,63443,63446,629,629,1554
1161,116065002,116065019,116071736,6734,17,6717,65000,63446,63448,629,629,1552
1162,116165050,116165067,116171731,6681,17,6664,65000,63448,63450,629,629,1550
1163,116265096,116265113,116271734,6638,17,6621,65000,63450,63453,629,629,1547
1164,116365143,116365160,116371729,6586,17,6569,65000,63453,63455,629,629,1545
1165,116465189,116465206,116471726,6537,17,6520,65000,63455,63457,629,629,1543
1166,116565235,116565252,116571735,6500,17,6483,65000,63457,63460,629,629,1540
1167,116665282,116665299,116671728,6446,17,6429,65000,63460,63462,629,629,1538
1168,116765328,116765345,116771729,6401,17,6384,65000,63462,63464,629,629,1536
1169,116865375,116865392,116871734,6359,17,6342,65000,63464,63466,629,629,1534
1170,116965422,116965438,116971727,6305,16,6289,65000,63466,63469,629,629,1531
1171,117065468,117065484,117071730,6262,16,6246,65000,63469,63471,628,628,1529
1172,117165516,117165533,117171734,6218,17,6201,65000,63471,63473,628,628,1527
1173,117265562,117265579,117271730,6168,17,6151,65000,63473,63475,628,628,1525
1174,117365608,117365625,117371730,6122,17,6105,65000,63475,63476,628,628,1524
1175,117465655,117465672,117471725,6070,17,6053,65000,63476,63478,628,628,1522
1176,117565702,117565718,117571735,6033,16,6017,65000,63478,63480,628,628,1520
1177,117665749,117665766,117671728,5979,17,5962,65000,63480,63482,628,628,1518
1178,117765795,117765812,117771726,5931,17,5914,65000,63482,63484,628,628,1516
1179,117865841,117865858,117871747,5906,17,5889,65000,63484,63486,628,628,1514
1180,117965907,117965924,117971753,5846,17,5829,65000,63486,63488,628,628,1512
1181,118065954,118065970,118071750,5796,16,5780,65000,63488,63490,628,628,1510
1182,118166000,118166017,118171734,5734,17,5717,65000,63490,63492,628,628,1508
1183,118266046,118266063,118271731,5685,17,5668,65000,63492,63494,628,628,1506
1184,118366093,118366110,118371726,5633,17,5616,65000,63494,63495,628,628,1505
1185,118466140,118466156,118471737,5597,16,5581,65000,63495,63497,628,628,1503
1186,118566187,118566204,118571730,5543,17,5526,65000,63497,63499,628,628,1501
1187,118666234,118666251,118671728,5494,17,5477,65000,63499,63501,628,628,1499
1188,118766280,118766297,118771725,5445,17,5428,65000,63501,63503,628,628,1497
1189,118866327,118866343,118871736,5409,16,5393,65000,63503,63505,628,628,1495
1190,118966374,118966391,118971729,5355,17,5338,65000,63505,63507,628,628,1493
1191,119066420,119066437,119071726,5306,17,5289,65000,63507,63508,628,628,1492
1192,119166467,119166484,119171739,5272,17,5255,65000,63508,63510,628,628,1490
1193,119266514,119266530,119271733,5219,16,5203,65000,63510,63512,627,627,1488
1194,119366561,119366577,119371735,5174,16,5158,65000,63512,63513,627,627,1487
1195,119466625,119466642,119471730,5105,17,5088,65000,63513,63515,627,627,1485
1196,119566671,119566688,119571729,5058,17,5041,65000,63515,63516,627,627,1484
1197,119666717,119666734,119671734,5017,17,5000,65000,63516,63518,627,627,1482
1198,119766764,119766781,119771729,4965,17,4948,65000,63518,63519,627,627,1481
1199,119866810,119866827,119871729,4919,17,4902,65000,63519,63521,627,627,1479
1200,119966857,119966874,119973580,6723,17,6706,65000,63521,63522,627,627,1478
1201,120066907,120066924,120071693,4786,17,4769,50000,63522,63428,285,285,-13428
1202,120166953,120166970,120171732,4779,17,4762,50000,63428,63329,269,269,-13329
1203,120267001,120267018,120271733,4732,17,4715,50000,63329,63231,269,269,-13231
1204,120367047,120367064,120371730,4683,17,4666,50000,63231,63134,270,270,-13134
1205,120467093,120467110,120471732,4639,17,4622,50000,63134,63037,271,271,-13037
1206,120567140,120567157,120571726,4586,17,4569,50000,63037,62941,272,272,-12941
1207,120667187,120667203,120671752,4565,16,4549,50000,62941,62846,273,273,-12846
1208,120767252,120767269,120771747,4495,17,4478,50000,62846,62751,273,273,-12751
1209,120867299,120867316,120871746,4447,17,4430,50000,62751,62657,274,274,-12657
1210,120967347,120967364,120971733,4386,17,4369,50000,62657,62563,275,275,-12563
1211,121067393,121067410,121071728,4335,17,4318,50000,62563,62470,276,276,-12470
1212,121167441,121167457,121171725,4284,16,4268,50000,62470,62378,277,277,-12378
1213,121267488,121267505,121271736,4248,17,4231,50000,62378,62286,278,278,-12286
1214,121367535,121367552,121371728,4193,17,4176,50000,62286,62195,279,279,-12195
1215,121467581,121467598,121471729,4148,17,4131,50000,62195,62105,280,280,-12105
1216,121567628,121567645,121571737,4109,17,4092,50000,62105,62015,281,281,-12015
1217,121667675,121667693,121671729,4054,18,4036,50000,62015,61926,282,282,-11926
1218,121767722,121767739,121771729,4007,17,3990,50000,61926,61837,282,282,-11837
1219,121867769,121867786,121871728,3959,17,3942,50000,61837,61749,283,283,-11749
1220,121967816,121967832,121971730,3914,16,3898,50000,61749,61662,284,284,-11662
1221,122067862,122067879,122071733,3871,17,3854,50000,61662,61575,285,285,-11575
1222,122167910,122167926,122171726,3816,16,3800,50000,61575,61489,286,286,-11489
1223,122267956,122267973,122271741,3785,17,3768,50000,61489,61403,287,287,-11403
1224,122368004,122368021,122371736,3732,17,3715,50000,61403,61318,288,288,-11318
1225,122468051,122468067,122471733,3682,16,3666,50000,61318,61233,288,288,-11233
1226,122568097,122568114,122571741,3644,17,3627,50000,61233,61149,289,289,-11149
1227,122668145,122668162,122671710,3565,17,3548,50000,61149,61066,290,290,-11066
1228,122768191,122768208,122771732,3541,17,3524,50000,61066,60983,291,291,-10983
1229,122868238,122868255,122871739,3501,17,3484,50000,60983,60901,292,292,-10901
1230,122968284,122968301,122971735,3451,17,3434,50000,60901,60819,292,292,-10819
1231,123068331,123068348,123071736,3405,17,3388,50000,60819,60738,293,293,-10738
1232,123168378,123168395,123171730,3352,17,3335,50000,60738,60657,294,294,-10657
1233,123268425,123268442,123271728,3303,17,3286,50000,60657,60577,295,295,-10577
1234,123368472,123368489,123371747,3275,17,3258,50000,60577,60498,296,296,-10498
1235,123468536,123468553,123471709,3173,17,3156,50000,60498,60419,296,296,-10419
1236,123568585,123568602,123571728,3143,17,3126,50000,60419,60340,297,297,-10340
1237,123668632,123668649,123671738,3106,17,3089,50000,60340,60262,298,298,-10262
1238,123768680,123768696,123771731,3051,16,3035,50000,60262,60185,299,299,-10185
1239,123868726,123868743,123871732,3006,17,2989,50000,60185,60108,299,299,-10108
1240,123968774,123968791,123971729,2955,17,2938,50000,60108,60032,300,300,-10032
1241,124068820,124068837,124071738,2918,17,2901,50000,60032,59956,301,301,-9956
1242,124168867,124168884,124171730,2863,17,2846,50000,59956,59881,302,302,-9881
1243,124268913,124268930,124270729,1816,17,1799,50000,59881,59806,302,302,-9806
1244,124368960,124368977,124370845,1885,17,1868,50000,59806,59731,303,303,-9731
1245,124469007,124469024,124481006,11999,17,11982,50000,59731,59657,304,304,-9657
1246,124569055,124569071,124581111,12056,16,12040,50000,59657,59584,305,305,-9584
1247,124669115,124669132,124680716,11601,17,11584,50000,59584,59511,305,305,-9511
1248,124769160,124769177,124780799,11639,17,11622,50000,59511,59439,306,306,-9439
1249,124869206,124869222,124880834,11628,16,11612,50000,59439,59367,307,307,-9367
1250,124969254,124969271,124980875,11621,17,11604,50000,59367,59296,307,307,-9296
1251,125069317,125069334,125080955,11638,17,11621,50000,59296,59225,308,308,-9225
1252,125169364,125169381,125180989,11625,17,11608,50000,59225,59154,309,309,-9154
1253,125269410,125269426,125281032,11622,16,11606,50000,59154,59084,310,310,-9084
1254,125369474,125369491,125381116,11642,17,11625,50000,59084,59015,310,310,-9015
1255,125469520,125469537,125481177,11657,17,11640,50000,59015,58946,311,311,-8946
1256,125569566,125569583,125581205,11639,17,11622,50000,58946,58877,312,312,-8877
1257,125669630,125669647,125681253,11623,17,11606,50000,58877,58809,312,312,-8809
1258,125769697,125769714,125781333,11636,17,11619,50000,58809,58742,313,313,-8742
1259,125869743,125869760,125881366,11623,17,11606,50000,58742,58674,313,313,-8674
1260,125969809,125969826,125981446,11637,17,11620,50000,58674,58608,314,314,-8608
1261,126069855,126069872,126081497,11642,17,11625,50000,58608,58541,315,315,-8541
1262,126169903,126169920,126181549,11646,17,11629,50000,58541,58476,316,316,-8476
1263,126269969,126269985,126281600,11631,16,11615,50000,58476,58410,316,316,-8410
1264,126370048,126370064,126381684,11636,16,11620,50000,58410,58345,317,317,-8345
1265,126470081,126470097,126481716,11635,16,11619,50000,58345,58281,317,317,-8281
1266,126570146,126570163,126581746,11600,17,11583,50000,58281,58217,318,318,-8217
1267,126670192,126670209,126681708,11516,17,11499,50000,58217,58153,319,319,-8153
1268,126770240,126770257,126781752,11512,17,11495,50000,58153,58090,319,319,-8090
1269,126870304,126870320,126881745,11441,16,11425,50000,58090,58027,320,320,-8027
1270,126970348,126970365,126981726,11378,17,11361,50000,58027,57965,321,321,-7965
1271,127070394,127070411,127081736,11342,17,11325,50000,57965,57903,321,321,-7903
1272,127170456,127170473,127181730,11274,17,11257,50000,57903,57841,322,322,-7841
1273,127270502,127270518,127281732,11230,16,11214,50000,57841,57780,322,322,-7780
1274,127370547,127370564,127381725,11178,17,11161,50000,57780,57720,323,323,-7720
1275,127470592,127470609,127481734,11142,17,11125,50000,57720,57659,323,323,-7659
1276,127570638,127570654,127581729,11091,16,11075,50000,57659,57599,324,324,-7599
1277,127670683,127670700,127681727,11044,17,11027,50000,57599,57540,325,325,-7540
1278,127770728,127770745,127781735,11007,17,10990,50000,57540,57481,325,325,-7481
1279,127870774,127870791,127881729,10955,17,10938,50000,57481,57422,326,326,-7422
1280,127970819,127970836,127981732,10913,17,10896,50000,57422,57364,327,327,-7364
1281,128070865,128070882,128081726,10861,17,10844,50000,57364,57306,327,327,-7306
1282,128170911,128170928,128181751,10840,17,10823,50000,57306,57249,328,328,-7249
1283,128270976,128270992,128281743,10767,16,10751,50000,57249,57191,328,328,-7191
1284,128371022,128371039,128381744,10722,17,10705,50000,57191,57135,329,329,-7135
1285,128471070,128471086,128481730,10660,16,10644,50000,57135,57078,329,329,-7078
1286,128571116,128571133,128581728,10612,17,10595,50000,57078,57022,330,330,-7022
1287,128671164,128671181,128681728,10564,17,10547,50000,57022,56967,330,330,-6967
1288,128771212,128771228,128781737,10525,16,10509,50000,56967,56912,331,331,-6912
1289,128871259,128871276,128881731,10472,17,10455,50000,56912,56857,331,331,-6857
1290,128971306,128971323,128981733,10427,17,10410,50000,56857,56802,332,332,-6802
1291,129071353,129071370,129081725,10372,17,10355,50000,56802,56748,333,333,-6748
1292,129171400,129171417,129181738,10338,17,10321,50000,56748,56694,333,333,-6694
1293,129271448,129271465,129281730,10282,17,10265,50000,56694,56641,334,334,-6641
1294,129371494,129371511,129381729,10235,17,10218,50000,56641,56588,334,334,-6588
1295,129471542,129471559,129481727,10185,17,10168,50000,56588,56536,335,335,-6536
1296,129571589,129571606,129581732,10143,17,10126,50000,56536,56483,335,335,-6483
1297,129671636,129671653,129681727,10091,17,10074,50000,56483,56431,336,336,-6431
1298,129771683,129771700,129781727,10044,17,10027,50000,56431,56380,336,336,-6380
1299,129871731,129871747,129881735,10004,16,9988,50000,56380,56328,336,336,-6328
1300,129971778,129971794,129983584,11806,16,11790,50000,56328,56277,337,337,-6277
1301,130071828,130071845,130081691,9863,17,9846,50000,56277,56227,338,338,-6227
1302,130171887,130171904,130181754,9867,17,9850,50000,56227,56177,338,338,-6177
1303,130271942,130271959,130281729,9787,17,9770,50000,56177,56127,339,339,-6127
1304,130371988,130372005,130381731,9743,17,9726,50000,56127,56077,339,339,-6077
1305,130472033,130472050,130481725,9692,17,9675,50000,56077,56028,340,340,-6028
1306,130572079,130572096,130581735,9656,17,9639,50000,56028,55979,340,340,-5979
1307,130672126,130672143,130681728,9602,17,9585,50000,55979,55931,341,341,-5931
1308,130772171,130772188,130781727,9556,17,9539,50000,55931,55883,341,341,-5883
1309,130872235,130872252,130881743,9508,17,9491,50000,55883,55834,341,341,-5834
1310,130972282,130972298,130981750,9468,16,9452,50000,55834,55787,342,342,-5787
1311,131072328,131072344,131081744,9416,16,9400,50000,55787,55739,342,342,-5739
1312,131172374,131172391,131181732,9358,17,9341,50000,55739,55693,343,343,-5693
1313,131272421,131272437,131281731,9310,16,9294,50000,55693,55646,343,343,-5646
1314,131372467,131372484,131381726,9259,17,9242,50000,55646,55600,344,344,-5600
1315,131472514,131472531,131481735,9221,17,9204,50000,55600,55554,344,344,-5554
1316,131572561,131572578,131581731,9170,17,9153,50000,55554,55508,345,345,-5508
1317,131672608,131672625,131681730,9122,17,9105,50000,55508,55462,345,345,-5462
1318,131772655,131772672,131781726,9071,17,9054,50000,55462,55417,346,346,-5417
1319,131872701,131872718,131881740,9039,17,9022,50000,55417,55373,346,346,-5373
1320,131972748,131972765,131981728,8980,17,8963,50000,55373,55328,346,346,-5328
1321,132072795,132072812,132081733,8938,17,8921,50000,55328,55284,347,347,-5284
1322,132172842,132172859,132181725,8883,17,8866,50000,55284,55240,347,347,-5240
1323,132272888,132272905,132281738,8850,17,8833,50000,55240,55196,348,348,-5196
1324,132372935,132372952,132381730,8795,17,8778,50000,55196,55153,348,348,-5153
1325,132472981,132472998,132481732,8751,17,8734,50000,55153,55110,349,349,-5110
1326,132573028,132573045,132581725,8697,17,8680,50000,55110,55067,349,349,-5067
1327,132673074,132673091,132681735,8661,17,8644,50000,55067,55025,349,349,-5025
1328,132773122,132773139,132781729,8607,17,8590,50000,55025,54983,350,350,-4983
1329,132873169,132873185,132881726,8557,16,8541,50000,54983,54941,350,350,-4941
1330,132973216,132973233,132981733,8517,17,8500,50000,54941,54899,351,351,-4899
1331,133073263,133073280,133081730,8467,17,8450,50000,54899,54858,351,351,-4858
1332,133173310,133173327,133181727,8417,17,8400,50000,54858,54817,351,351,-4817
1333,133273357,133273373,133281733,8376,16,8360,50000,54817,54776,352,352,-4776
1334,133373403,133373419,133381728,8325,16,8309,50000,54776,54736,352,352,-4736
1335,133473449,133473466,133481729,8280,17,8263,50000,54736,54696,353,353,-4696
1336,133573497,133573513,133581726,8229,16,8213,50000,54696,54656,353,353,-4656
1337,133673543,133673560,133681753,8210,17,8193,50000,54656,54616,353,353,-4616
1338,133773610,133773627,133781748,8138,17,8121,50000,54616,54577,354,354,-4577
1339,133873657,133873674,133881746,8089,17,8072,50000,54577,54537,354,354,-4537
1340,133973704,133973720,133981731,8027,16,8011,50000,54537,54499,355,355,-4499
1341,134073751,134073767,134081728,7977,16,7961,50000,54499,54460,355,355,-4460
1342,134173796,134173813,134181728,7932,17,7915,50000,54460,54422,355,355,-4422
1343,134273843,134273860,134281732,7889,17,7872,50000,54422,54384,356,356,-4384
1344,134373890,134373907,134381729,7839,17,7822,50000,54384,54346,356,356,-4346
1345,134473936,134473953,134481725,7789,17,7772,50000,54346,54308,356,356,-4308
1346,134573983,134574000,134581735,7752,17,7735,50000,54308,54271,357,357,-4271
1347,134674030,134674047,134681728,7698,17,7681,50000,54271,54234,357,357,-4234
1348,134774077,134774094,134781729,7652,17,7635,50000,54234,54197,358,358,-4197
1349,134874123,134874140,134881728,7605,17,7588,50000,54197,54160,358,358,-4160
1350,134974170,134974187,134981737,7567,17,7550,50000,54160,54124,358,358,-4124
1351,135074217,135074234,135081734,7517,17,7500,50000,54124,54088,359,359,-4088
1352,135174264,135174281,135181728,7464,17,7447,50000,54088,54052,359,359,-4052
1353,135274310,135274327,135281733,7423,17,7406,50000,54052,54016,359,359,-4016
1354,135374358,135374375,135381722,7364,17,7347,50000,54016,53981,360,360,-3981
1355,135474404,135474421,135481734,7330,17,7313,50000,53981,53946,360,360,-3946
1356,135574452,135574469,135581728,7276,17,7259,50000,53946,53911,360,360,-3911
1357,135674498,135674515,135681728,7230,17,7213,50000,53911,53877,361,361,-3877
1358,135774545,135774562,135781733,7188,17,7171,50000,53877,53842,361,361,-3842
1359,135874592,135874609,135881726,7134,17,7117,50000,53842,53808,361,361,-3808
1360,135974638,135974655,135981727,7089,17,7072,50000,53808,53774,362,362,-3774
1361,136074685,136074701,136081733,7048,16,7032,50000,53774,53740,362,362,-3740
1362,136174733,136174749,136181729,6996,16,6980,50000,53740,53707,362,362,-3707
1363,136274778,136274795,136281729,6951,17,6934,50000,53707,53673,363,363,-3673
1364,136374825,136374842,136381747,6922,17,6905,50000,53673,53640,363,363,-3640
1365,136474888,136474905,136481754,6866,17,6849,50000,53640,53607,363,363,-3607
1366,136574935,136574951,136581748,6813,16,6797,50000,53607,53575,364,364,-3575
1367,136674981,136674998,136681735,6754,17,6737,50000,53575,53543,364,364,-3543
1368,136775028,136775044,136781729,6701,16,6685,50000,53543,53510,364,364,-3510
1369,136875074,136875091,136881728,6654,17,6637,50000,53510,53478,365,365,-3478
1370,136975120,136975137,136981736,6616,17,6599,50000,53478,53447,365,365,-3447
1371,137075167,137075184,137081728,6561,17,6544,50000,53447,53415,365,365,-3415
1372,137175213,137175230,137181731,6518,17,6501,50000,53415,53384,366,366,-3384
1373,137275260,137275277,137281722,6462,17,6445,50000,53384,53353,366,366,-3353
1374,137375306,137375322,137381737,6431,16,6415,50000,53353,53322,366,366,-3322
1375,137475352,137475369,137481724,6372,17,6355,50000,53322,53291,366,366,-3291
1376,137575399,137575416,137581730,6331,17,6314,50000,53291,53261,367,367,-3261
1377,137675446,137675463,137681734,6288,17,6271,50000,53261,53230,367,367,-3230
1378,137775492,137775509,137781735,6243,17,6226,50000,53230,53200,367,367,-3200
1379,137875539,137875555,137881729,6190,16,6174,50000,53200,53171,368,368,-3171
1380,137975585,137975602,137981727,6142,17,6125,50000,53171,53141,368,368,-3141
1381,138075631,138075648,138081740,6109,17,6092,50000,53141,53111,368,368,-3111
1382,138175678,138175695,138181735,6057,17,6040,50000,53111,53082,369,369,-3082
1383,138275725,138275741,138281733,6008,16,5992,50000,53082,53053,369,369,-3053
1384,138375771,138375787,138381732,5961,16,5945,50000,53053,53024,369,369,-3024
1385,138475818,138475835,138481728,5910,17,5893,50000,53024,52996,369,369,-2996
1386,138575864,138575881,138581750,5886,17,5869,50000,52996,52967,369,369,-2967
1387,138675929,138675946,138681715,5786,17,5769,50000,52967,52939,370,370,-2939
1388,138775976,138775993,138781735,5759,17,5742,50000,52939,52910,370,370,-2910
1389,138876023,138876040,138881729,5706,17,5689,50000,52910,52883,371,371,-2883
1390,138976070,138976086,138981728,5658,16,5642,50000,52883,52855,371,371,-2855
1391,139076116,139076133,139081727,5611,17,5594,50000,52855,52828,371,371,-2828
1392,139176163,139176179,139181737,5574,16,5558,50000,52828,52800,371,371,-2800
1393,139276209,139276226,139281725,5516,17,5499,50000,52800,52773,372,372,-2773
1394,139376255,139376272,139381734,5479,17,5462,50000,52773,52746,372,372,-2746
1395,139476302,139476318,139481729,5427,16,5411,50000,52746,52719,372,372,-2719
1396,139576348,139576365,139581729,5381,17,5364,50000,52719,52693,372,372,-2693
1397,139676394,139676411,139681724,5330,17,5313,50000,52693,52666,372,372,-2666
1398,139776441,139776458,139781733,5292,17,5275,50000,52666,52640,373,373,-2640
1399,139876489,139876506,139881727,5238,17,5221,50000,52640,52614,373,373,-2614
1400,139976535,139976552,139983577,7042,17,7025,50000,52614,52588,373,373,-2588
1401,140076585,140076602,140081697,5112,17,5095,50000,52588,52562,374,374,-2562
1402,140176631,140176648,140181734,5103,17,5086,50000,52562,52536,374,374,-2536
1403,140276681,140276698,140281728,5047,17,5030,50000,52536,52511,374,374,-2511
1404,140376727,140376744,140381728,5001,17,4984,50000,52511,52486,374,374,-2486
1405,140476774,140476791,140481733,4959,17,4942,50000,52486,52461,375,375,-2461
1406,140576821,140576838,140581728,4907,17,4890,50000,52461,52436,375,375,-2436
1407,140676868,140676885,140681727,4859,17,4842,50000,52436,52411,375,375,-2411
1408,140776913,140776930,140781734,4821,17,4804,50000,52411,52387,375,375,-2387
1409,140876961,140876978,140881729,4768,17,4751,50000,52387,52362,375,375,-2362
1410,140977007,140977024,140981728,4721,17,4704,50000,52362,52338,376,376,-2338
1411,141077054,141077071,141081727,4673,17,4656,50000,52338,52314,376,376,-2314
1412,141177100,141177117,141181748,4648,17,4631,50000,52314,52290,376,376,-2290
1413,141277165,141277182,141281743,4578,17,4561,50000,52290,52266,377,377,-2266
1414,141377212,141377229,141381742,4530,17,4513,50000,52266,52243,377,377,-2243
1415,141477259,141477275,141481733,4474,16,4458,50000,52243,52219,377,377,-2219
1416,141577306,141577322,141581731,4425,16,4409,50000,52219,52196,377,377,-2196
1417,141677352,141677369,141681725,4373,17,4356,50000,52196,52173,377,377,-2173
1418,141777398,141777415,141781737,4339,17,4322,50000,52173,52150,378,378,-2150
1419,141877446,141877463,141881730,4284,17,4267,50000,52150,52127,378,378,-2127
1420,141977492,141977508,141981729,4237,16,4221,50000,52127,52104,378,378,-2104
1421,142077539,142077555,142081729,4190,16,4174,50000,52104,52082,378,378,-2082
1422,142177604,142177621,142181732,4128,17,4111,50000,52082,52059,378,378,-2059
1423,142277650,142277667,142281727,4077,17,4060,50000,52059,52037,379,379,-2037
1424,142377697,142377714,142381725,4028,17,4011,50000,52037,52015,379,379,-2015
1425,142477743,142477760,142481734,3991,17,3974,50000,52015,51993,379,379,-1993
1426,142577791,142577808,142581730,3939,17,3922,50000,51993,51971,379,379,-1971
1427,142677837,142677854,142681729,3892,17,3875,50000,51971,51950,380,380,-1950
1428,142777884,142777900,142781728,3844,16,3828,50000,51950,51929,380,380,-1929
1429,142877930,142877947,142881734,3804,17,3787,50000,51929,51907,380,380,-1907
1430,142977977,142977994,142981731,3754,17,3737,50000,51907,51886,380,380,-1886
1431,143078023,143078040,143081723,3700,17,3683,50000,51886,51865,380,380,-1865
1432,143178070,143178087,143181737,3667,17,3650,50000,51865,51844,381,381,-1844
1433,143278117,143278134,143281737,3620,17,3603,50000,51844,51823,381,381,-1823
1434,143378163,143378180,143381729,3566,17,3549,50000,51823,51803,381,381,-1803
1435,143478210,143478226,143481729,3519,16,3503,50000,51803,51782,381,381,-1782
1436,143578256,143578273,143581735,3479,17,3462,50000,51782,51762,382,382,-1762
1437,143678303,143678320,143681731,3428,17,3411,50000,51762,51742,382,382,-1742
1438,143778349,143778365,143781727,3378,16,3362,50000,51742,51722,382,382,-1722
1439,143878394,143878411,143881743,3349,17,3332,50000,51722,51702,382,382,-1702
1440,143978459,143978475,143981752,3293,16,3277,50000,51702,51682,382,382,-1682
1441,144078505,144078521,144081746,3241,16,3225,50000,51682,51662,382,382,-1662
1442,144178551,144178568,144181734,3183,17,3166,50000,51662,51643,383,383,-1643
1443,144278598,144278615,144281731,3133,17,3116,50000,51643,51624,383,383,-1624
1444,144378644,144378661,144381730,3086,17,3069,50000,51624,51604,383,383,-1604
1445,144478691,144478707,144481738,3047,16,3031,50000,51604,51585,383,383,-1585
1446,144578738,144578754,144581733,2995,16,2979,50000,51585,51566,383,383,-1566
1447,144678784,144678801,144681732,2948,17,2931,50000,51566,51547,384,384,-1547
1448,144778831,144778847,144781731,2900,16,2884,50000,51547,51529,384,384,-1529
1449,144878877,144878894,144881739,2862,17,2845,50000,51529,51510,384,384,-1510
1450,144978924,144978940,144980750,1826,16,1810,50000,51510,51492,384,384,-1492
1451,145078970,145078987,145080858,1888,17,1871,50000,51492,51473,384,384,-1473
1452,145179017,145179034,145191015,11998,17,11981,50000,51473,51455,385,385,-1455
1453,145279064,145279099,145291124,12060,35,12025,50000,51455,51437,385,385,-1437
1454,145379112,145379129,145391188,12076,17,12059,50000,51437,51419,385,385,-1419
1455,145479158,145479175,145490759,11601,17,11584,50000,51419,51401,385,385,-1401
1456,145579203,145579220,145590865,11662,17,11645,50000,51401,51383,385,385,-1383
1457,145679249,145679266,145690876,11627,17,11610,50000,51383,51366,385,385,-1366
1458,145779295,145779312,145790918,11623,17,11606,50000,51366,51348,385,385,-1348
1459,145879360,145879377,145890970,11610,17,11593,50000,51348,51331,386,386,-1331
1460,145979427,145979444,145991059,11632,17,11615,50000,51331,51314,386,386,-1314
1461,146079473,146079490,146091095,11622,17,11605,50000,51314,51296,386,386,-1296
1462,146179521,146179538,146191145,11624,17,11607,50000,51296,51279,386,386,-1279
1463,146279586,146279603,146291204,11618,17,11601,50000,51279,51262,386,386,-1262
1464,146379632,146379649,146391259,11627,17,11610,50000,51262,51245,387,387,-1245
1465,146479680,146479697,146491304,11624,17,11607,50000,51245,51229,387,387,-1229
1466,146579744,146579761,146591360,11616,17,11599,50000,51229,51212,387,387,-1212
1467,146679792,146679809,146691448,11656,17,11639,50000,51212,51196,387,387,-1196
1468,146779838,146779855,146791497,11659,17,11642,50000,51196,51179,387,387,-1179
1469,146879885,146879902,146891539,11654,17,11637,50000,51179,51163,387,387,-1163
1470,146979949,146979966,146991580,11631,17,11614,50000,51163,51147,387,387,-1147
1471,147080013,147080045,147091676,11663,32,11631,50000,51147,51131,388,388,-1131
1472,147180062,147180079,147191686,11624,17,11607,50000,51131,51115,388,388,-1115
1473,147280108,147280125,147291735,11627,17,11610,50000,51115,51099,388,388,-1099
1474,147380174,147380191,147391728,11554,17,11537,50000,51099,51083,388,388,-1083
1475,147480220,147480236,147491746,11526,16,11510,50000,51083,51068,388,388,-1068
1476,147580265,147580282,147591751,11486,17,11469,50000,51068,51052,388,388,-1052
1477,147680310,147680327,147691751,11441,17,11424,50000,51052,51037,389,389,-1037
1478,147780356,147780373,147791715,11359,17,11342,50000,51037,51022,389,389,-1022
1479,147880416,147880433,147891728,11312,17,11295,50000,51022,51006,389,389,-1006
1480,147980461,147980478,147991725,11264,17,11247,50000,51006,50991,389,389,-991
1481,148080508,148080524,148091735,11227,16,11211,50000,50991,50976,389,389,-976
1482,148180553,148180570,148191728,11175,17,11158,50000,50976,50961,389,389,-961
1483,148280599,148280615,148291730,11131,16,11115,50000,50961,50946,389,389,-946
1484,148380644,148380661,148391731,11087,17,11070,50000,50946,50932,390,390,-932
1485,148480690,148480707,148491728,11038,17,11021,50000,50932,50917,390,390,-917
1486,148580735,148580751,148591731,10996,16,10980,50000,50917,50903,390,390,-903
1487,148680780,148680797,148691731,10951,17,10934,50000,50903,50888,390,390,-888
1488,148780825,148780842,148791733,10908,17,10891,50000,50888,50874,390,390,-874
1489,148880871,148880888,148891732,10861,17,10844,50000,50874,50860,390,390,-860
1490,148980916,148980933,148991726,10810,17,10793,50000,50860,50845,390,390,-845
1491,149080963,149080980,149091735,10772,17,10755,50000,50845,50832,391,391,-832
1492,149181010,149181027,149191728,10718,17,10701,50000,50832,50818,391,391,-818
1493,149281056,149281073,149291728,10672,17,10655,50000,50818,50804,391,391,-804
1494,149381103,149381120,149391746,10643,17,10626,50000,50804,50790,391,391,-790
1495,149481166,149481183,149491751,10585,17,10568,50000,50790,50776,391,391,-776
1496,149581213,149581230,149591747,10534,17,10517,50000,50776,50763,391,391,-763
1497,149681259,149681276,149691735,10476,17,10459,50000,50763,50749,391,391,-749
1498,149781306,149781323,149791730,10424,17,10407,50000,50749,50736,392,392,-736
1499,149881354,149881370,149891729,10375,16,10359,50000,50736,50723,392,392,-723
1500,149981401,149981418,149994534,13133,17,13116,50000,50723,50710,392,392,-710
1501,150081450,150081467,150091697,10247,17,10230,50000,50710,50697,392,392,-697
1502,150181497,150181514,150191732,10235,17,10218,50000,50697,50684,392,392,-684
1503,150281545,150281562,150291725,10180,17,10163,50000,50684,50671,392,392,-671
1504,150381593,150381609,150391735,10142,16,10126,50000,50671,50658,392,392,-658
1505,150481640,150481656,150491730,10090,16,10074,50000,50658,50645,392,392,-645
1506,150581687,150581704,150591728,10041,17,10024,50000,50645,50632,393,393,-632
1507,150681734,150681751,150691738,10004,17,9987,50000,50632,50620,393,393,-620
1508,150781781,150781798,150791733,9952,17,9935,50000,50620,50607,393,393,-607
1509,150881829,150881845,150891736,9907,16,9891,50000,50607,50595,393,393,-595
1510,150981890,150981907,150991730,9840,17,9823,50000,50595,50583,393,393,-583
1511,151081936,151081953,151091728,9792,17,9775,50000,50583,50570,393,393,-570
1512,151181983,151182000,151191731,9748,17,9731,50000,50570,50558,393,393,-558
1513,151282029,151282046,151291728,9699,17,9682,50000,50558,50546,393,393,-546
1514,151382075,151382092,151391729,9654,17,9637,50000,50546,50534,393,393,-534
1515,151482120,151482136,151491732,9612,16,9596,50000,50534,50522,394,394,-522
1516,151582165,151582182,151591727,9562,17,9545,50000,50522,50510,394,394,-510
1517,151682213,151682229,151691728,9515,16,9499,50000,50510,50498,394,394,-498
1518,151782259,151782276,151791730,9471,17,9454,50000,50498,50487,394,394,-487
1519,151882306,151882323,151891732,9426,17,9409,50000,50487,50475,394,394,-475
1520,151982353,151982370,151991732,9379,17,9362,50000,50475,50464,394,394,-464
1521,152082399,152082416,152091726,9327,17,9310,50000,50464,50452,394,394,-452
1522,152182445,152182462,152191753,9308,17,9291,50000,50452,50441,395,395,-441
1523,152282510,152282527,152291748,9238,17,9221,50000,50441,50430,395,395,-430
1524,152382557,152382574,152391744,9187,17,9170,50000,50430,50419,395,395,-419
1525,152482603,152482620,152491731,9128,17,9111,50000,50419,50407,395,395,-407
1526,152582650,152582667,152591730,9080,17,9063,50000,50407,50396,395,395,-396
1527,152682696,152682713,152691726,9030,17,9013,50000,50396,50385,395,395,-385
1528,152782743,152782760,152791734,8991,17,8974,50000,50385,50375,395,395,-375
1529,152882790,152882807,152891729,8939,17,8922,50000,50375,50364,395,395,-364
1530,152982836,152982853,152991732,8896,17,8879,50000,50364,50353,395,395,-353
1531,153082883,153082900,153091735,8852,17,8835,50000,50353,50342,395,395,-342
1532,153182930,153182947,153191734,8804,17,8787,50000,50342,50331,396,396,-331
1533,153282977,153282993,153291729,8752,16,8736,50000,50331,50321,396,396,-321
1534,153383023,153383040,153391727,8704,17,8687,50000,50321,50311,396,396,-311
1535,153483071,153483087,153491735,8664,16,8648,50000,50311,50300,396,396,-300
1536,153583138,153583154,153591729,8591,16,8575,50000,50300,50290,396,396,-290
1537,153683184,153683201,153691727,8543,17,8526,50000,50290,50280,396,396,-280
1538,153783230,153783247,153791737,8507,17,8490,50000,50280,50269,396,396,-269
1539,153883278,153883294,153891733,8455,16,8439,50000,50269,50259,396,396,-259
1540,153983324,153983340,153991735,8411,16,8395,50000,50259,50249,396,396,-249
1541,154083371,154083387,154091731,8360,16,8344,50000,50249,50239,396,396,-239
1542,154183418,154183435,154191729,8311,17,8294,50000,50239,50229,397,397,-229
1543,154283464,154283481,154291726,8262,17,8245,50000,50229,50219,397,397,-219
1544,154383510,154383527,154391739,8229,17,8212,50000,50219,50210,397,397,-210
1545,154483557,154483574,154491734,8177,17,8160,50000,50210,50200,397,397,-200
1546,154583603,154583620,154591733,8130,17,8113,50000,50200,50190,397,397,-190
1547,154683650,154683666,154691732,8082,16,8066,50000,50190,50181,397,397,-181
1548,154783696,154783713,154791727,8031,17,8014,50000,50181,50171,397,397,-171
1549,154883743,154883759,154891748,8005,16,7989,50000,50171,50162,397,397,-162
1550,154983807,154983824,154991705,7898,17,7881,50000,50162,50152,397,397,-152
1551,155083875,155083891,155091728,7853,16,7837,50000,50152,50143,397,397,-143
1552,155183921,155183938,155191736,7815,17,7798,50000,50143,50133,397,397,-133
1553,155283968,155283985,155291731,7763,17,7746,50000,50133,50124,398,398,-124
1554,155384014,155384031,155391729,7715,17,7698,50000,50124,50115,398,398,-115
1555,155484061,155484078,155491735,7674,17,7657,50000,50115,50106,398,398,-106
1556,155584108,155584125,155591732,7624,17,7607,50000,50106,50097,398,398,-97
1557,155684154,155684171,155691727,7573,17,7556,50000,50097,50088,398,398,-88
1558,155784200,155784217,155791727,7527,17,7510,50000,50088,50079,398,398,-79
1559,155884247,155884264,155891736,7489,17,7472,50000,50079,50070,398,398,-70
1560,155984294,155984311,155991728,7434,17,7417,50000,50070,50062,398,398,-62
1561,156084341,156084357,156091729,7388,16,7372,50000,50062,50053,398,398,-53
1562,156184387,156184404,156191735,7348,17,7331,50000,50053,50044,398,398,-44
1563,156284433,156284450,156291733,7300,17,7283,50000,50044,50035,398,398,-35
1564,156384480,156384497,156391729,7249,17,7232,50000,50035,50027,399,399,-27
1565,156484526,156484543,156491728,7202,17,7185,50000,50027,50018,399,399,-18
1566,156584573,156584590,156591734,7161,17,7144,50000,50018,50010,399,399,-10
1567,156684619,156684636,156691728,7109,17,7092,50000,50010,50002,399,399,-2
1568,156784665,156784682,156791730,7065,17,7048,50000,50002,49994,399,399,6
1569,156884712,156884729,156891743,7031,17,7014,50000,49994,49985,399,399,15
1570,156984760,156984776,156991746,6986,16,6970,50000,49985,49977,399,399,23
1571,157084806,157084823,157091744,6938,17,6921,50000,49977,49969,399,399,31
1572,157184854,157184870,157191734,6880,16,6864,50000,49969,49961,400,400,39
1573,157284899,157284916,157291732,6833,17,6816,50000,49961,49953,400,400,47
1574,157384945,157384962,157391728,6783,17,6766,50000,49953,49945,400,400,55
1575,157484992,157485008,157491737,6745,16,6729,50000,49945,49938,400,400,62
1576,157585039,157585055,157591732,6693,16,6677,50000,49938,49930,400,400,70
1577,157685085,157685102,157691730,6645,17,6628,50000,49930,49922,401,401,78
1578,157785132,157785149,157791730,6598,17,6581,50000,49922,49915,401,401,85
1579,157885179,157885195,157891725,6546,16,6530,50000,49915,49908,401,401,92
1580,157985225,157985242,157991730,6505,17,6488,50000,49908,49900,401,401,100
1581,158085272,158085289,158091725,6453,17,6436,50000,49900,49893,402,402,107
1582,158185318,158185335,158191724,6406,17,6389,50000,49893,49886,402,402,114
1583,158285365,158285381,158291735,6370,16,6354,50000,49886,49879,402,402,121
1584,158385412,158385429,158391730,6318,17,6301,50000,49879,49872,402,402,128
1585,158485459,158485476,158491729,6270,17,6253,50000,49872,49865,402,402,135
1586,158585506,158585523,158591736,6230,17,6213,50000,49865,49858,402,402,142
1587,158685554,158685571,158691731,6177,17,6160,50000,49858,49852,403,403,148
1588,158785600,158785617,158791726,6126,17,6109,50000,49852,49845,403,403,155
1589,158885646,158885663,158891729,6083,17,6066,50000,49845,49839,403,403,161
1590,158985693,158985710,158991727,6034,17,6017,50000,49839,49832,403,403,168
1591,159085740,159085757,159091732,5992,17,5975,50000,49832,49826,403,403,174
1592,159185787,159185803,159191725,5938,16,5922,50000,49826,49819,403,403,181
1593,159285833,159285850,159291735,5902,17,5885,50000,49819,49813,404,404,187
1594,159385880,159385896,159391729,5849,16,5833,50000,49813,49807,404,404,193
1595,159485926,159485943,159491731,5805,17,5788,50000,49807,49801,404,404,199
1596,159585973,159585990,159591724,5751,17,5734,50000,49801,49795,404,404,205
1597,159686019,159686036,159691750,5731,17,5714,50000,49795,49789,404,404,211
1598,159786085,159786101,159791745,5660,16,5644,50000,49789,49783,404,404,217
1599,159886132,159886148,159891742,5610,16,5594,50000,49783,49777,405,405,223
1600,159986178,159986195,159993586,7408,17,7391,50000,49777,49771,405,405,229
1601,160086228,160086245,160091693,5465,17,5448,50000,49771,49766,405,405,234
1602,160186273,160186290,160191728,5455,17,5438,50000,49766,49760,405,405,240
1603,160286322,160286339,160291735,5413,17,5396,50000,49760,49754,405,405,246
1604,160386369,160386386,160391733,5364,17,5347,50000,49754,49749,405,405,251
1605,160486415,160486432,160491727,5312,17,5295,50000,49749,49743,405,405,257
1606,160586461,160586478,160591725,5264,17,5247,50000,49743,49738,406,406,262
1607,160686509,160686526,160691736,5227,17,5210,50000,49738,49732,406,406,268
1608,160786556,160786572,160791730,5174,16,5158,50000,49732,49727,406,406,273
1609,160886601,160886618,160891733,5132,17,5115,50000,49727,49722,406,406,278
1610,160986648,160986665,160991727,5079,17,5062,50000,49722,49717,406,406,283
1611,161086695,161086711,161091732,5037,16,5021,50000,49717,49712,406,406,288
1612,161186741,161186757,161191726,4985,16,4969,50000,49712,49706,406,406,294
1613,161286787,161286803,161291725,4938,16,4922,50000,49706,49702,407,407,298
1614,161386834,161386850,161391734,4900,16,4884,50000,49702,49697,407,407,303
1615,161486881,161486897,161491727,4846,16,4830,50000,49697,49692,407,407,308
1616,161586927,161586943,161591729,4802,16,4786,50000,49692,49687,407,407,313
1617,161686974,161686991,161691733,4759,17,4742,50000,49687,49682,407,407,318
1618,161787021,161787038,161791728,4707,17,4690,50000,49682,49677,407,407,323
1619,161887068,161887084,161891730,4662,16,4646,50000,49677,49673,407,407,327
1620,161987114,161987131,161991724,4610,17,4593,50000,49673,49668,407,407,332
1621,162087160,162087177,162091734,4574,17,4557,50000,49668,49664,408,408,336
1622,162187208,162187225,162191729,4521,17,4504,50000,49664,49659,408,408,341
1623,162287254,162287271,162291731,4477,17,4460,50000,49659,49655,408,408,345
1624,162387302,162387318,162391744,4442,16,4426,50000,49655,49650,408,408,350
1625,162487348,162487365,162491751,4403,17,4386,50000,49650,49646,408,408,354
1626,162587394,162587411,162591746,4352,17,4335,50000,49646,49642,408,408,358
1627,162687442,162687459,162691733,4291,17,4274,50000,49642,49637,408,408,363
1628,162787489,162787505,162791733,4244,16,4228,50000,49637,49633,409,409,367
1629,162887535,162887552,162891729,4194,17,4177,50000,49633,49629,409,409,371
1630,162987581,162987598,162991735,4154,17,4137,50000,49629,49625,409,409,375
1631,163087628,163087645,163091729,4101,17,4084,50000,49625,49621,409,409,379
1632,163187674,163187691,163191728,4054,17,4037,50000,49621,49617,409,409,383
1633,163287721,163287738,163291725,4004,17,3987,50000,49617,49613,409,409,387
1634,163387767,163387784,163391737,3970,17,3953,50000,49613,49609,409,409,391
1635,163487814,163487831,163491731,3917,17,3900,50000,49609,49606,409,409,394
1636,163587860,163587877,163591729,3869,17,3852,50000,49606,49602,409,409,398
1637,163687907,163687924,163691726,3819,17,3802,50000,49602,49598,409,409,402
1638,163787954,163787971,163791736,3782,17,3765,50000,49598,49594,410,410,406
1639,163888001,163888018,163891729,3728,17,3711,50000,49594,49591,410,410,409
1640,163988047,163988064,163991729,3682,17,3665,50000,49591,49587,410,410,413
1641,164088094,164088110,164091736,3642,16,3626,50000,49587,49584,410,410,416
1642,164188140,164188157,164191728,3588,17,3571,50000,49584,49580,410,410,420
1643,164288187,164288204,164291729,3542,17,3525,50000,49580,49576,410,410,424
1644,164388234,164388251,164391726,3492,17,3475,50000,49576,49573,410,410,427
1645,164488280,164488297,164491733,3453,17,3436,50000,49573,49569,410,410,431
1646,164588327,164588344,164591729,3402,17,3385,50000,49569,49566,410,410,434
1647,164688373,164688390,164691730,3357,17,3340,50000,49566,49563,410,410,437
1648,164788420,164788437,164791738,3318,17,3301,50000,49563,49559,410,410,441
1649,164888467,164888483,164891732,3265,16,3249,50000,49559,49556,411,411,444
1650,164988513,164988530,164991727,3214,17,3197,50000,49556,49553,411,411,447
1651,165088560,165088577,165091729,3169,17,3152,50000,49553,49550,411,411,450
1652,165188607,165188624,165191756,3149,17,3132,50000,49550,49547,411,411,453
1653,165288655,165288671,165291750,3095,16,3079,50000,49547,49543,411,411,457
1654,165388701,165388717,165391744,3043,16,3027,50000,49543,49540,411,411,460
1655,165488747,165488764,165491733,2986,17,2969,50000,49540,49537,411,411,463
1656,165588794,165588811,165591729,2935,17,2918,50000,49537,49534,411,411,466
1657,165688841,165688858,165691729,2888,17,2871,50000,49534,49531,411,411,469
1658,165788887,165788904,165791738,2851,17,2834,50000,49531,49528,411,411,472
1659,165888935,165888951,165890756,1821,16,1805,50000,49528,49525,411,411,475
1660,165988982,165988999,165990863,1881,17,1864,50000,49525,49522,411,411,478
1661,166089030,166089047,166101027,11997,17,11980,50000,49522,49519,412,412,481
1662,166189093,166189112,166200722,11629,19,11610,50000,49519,49517,412,412,483
1663,166289115,166289132,166300825,11710,17,11693,50000,49517,49514,412,412,486
1664,166389161,166389178,166400779,11618,17,11601,50000,49514,49511,412,412,489
1665,166489227,166489243,166500874,11647,16,11631,50000,49511,49508,412,412,492
1666,166589272,166589289,166600903,11631,17,11614,50000,49508,49506,412,412,494
1667,166689339,166689355,166700955,11616,16,11600,50000,49506,49503,412,412,497
1668,166789407,166789423,166801036,11629,16,11613,50000,49503,49500,412,412,500
1669,166889452,166889469,166901071,11619,17,11602,50000,49500,49498,412,412,502
1670,166989519,166989536,167001155,11636,17,11619,50000,49498,49495,412,412,505
1671,167089566,167089582,167101188,11622,16,11606,50000,49495,49493,412,412,507
1672,167189631,167189647,167201249,11618,16,11602,50000,49493,49490,412,412,510
1673,167289677,167289694,167301303,11626,17,11609,50000,49490,49487,412,412,513
1674,167389726,167389743,167401352,11626,17,11609,50000,49487,49485,413,413,515
1675,167489793,167489810,167501408,11615,17,11598,50000,49485,49483,413,413,517
1676,167589841,167589858,167601490,11649,17,11632,50000,49483,49480,413,413,520
1677,167689887,167689904,167701533,11646,17,11629,50000,49480,49478,413,413,522
1678,167789934,167789951,167801570,11636,17,11619,50000,49478,49476,413,413,524
1679,167889997,167890013,167901668,11671,16,11655,50000,49476,49474,413,413,526
1680,167990054,167990070,168001708,11654,16,11638,50000,49474,49471,413,413,529
1681,168090099,168090115,168101749,11650,16,11634,50000,49471,49469,413,413,531
1682,168190162,168190178,168201750,11588,16,11572,50000,49469,49467,413,413,533
1683,168290207,168290223,168301748,11541,16,11525,50000,49467,49465,413,413,535
1684,168390252,168390268,168401745,11493,16,11477,50000,49465,49462,413,413,538
1685,168490297,168490314,168501752,11455,17,11438,50000,49462,49460,413,413,540
1686,168590342,168590359,168601733,11391,17,11374,50000,49460,49458,413,413,542
1687,168690388,168690405,168701728,11340,17,11323,50000,49458,49456,413,413,544
1688,168790433,168790450,168801725,11292,17,11275,50000,49456,49454,413,413,546
1689,168890478,168890495,168901735,11257,17,11240,50000,49454,49452,413,413,548
1690,168990524,168990540,169001729,11205,16,11189,50000,49452,49449,413,413,551
1691,169090569,169090586,169101727,11158,17,11141,50000,49449,49447,414,414,553
1692,169190614,169190631,169201737,11123,17,11106,50000,49447,49446,414,414,554
1693,169290660,169290676,169301729,11069,16,11053,50000,49446,49443,413,413,557
1694,169390704,169390721,169401730,11026,17,11009,50000,49443,49442,414,414,558
1695,169490750,169490766,169501725,10975,16,10959,50000,49442,49440,414,414,560
1696,169590795,169590812,169601741,10946,17,10929,50000,49440,49438,414,414,562
1697,169690840,169690857,169701735,10895,17,10878,50000,49438,49436,414,414,564
1698,169790886,169790903,169801734,10848,17,10831,50000,49436,49434,414,414,566
1699,169890931,169890948,169901731,10800,17,10783,50000,49434,49432,414,414,568
1700,169990978,169990995,170004529,13551,17,13534,50000,49432,49431,414,414,569
1701,170091028,170091045,170101710,10682,17,10665,50000,49431,49429,414,414,571
1702,170191074,170191091,170201740,10666,17,10649,50000,49429,49427,414,414,573
1703,170291141,170291157,170301732,10591,16,10575,50000,49427,49425,414,414,575
1704,170391187,170391204,170401732,10545,17,10528,50000,49425,49423,414,414,577
1705,170491233,170491250,170501727,10494,17,10477,50000,49423,49422,414,414,578
1706,170591280,170591296,170601727,10447,16,10431,50000,49422,49420,414,414,580
1707,170691342,170691359,170701739,10397,17,10380,50000,49420,49418,414,414,582
1708,170791389,170791406,170801727,10338,17,10321,50000,49418,49416,414,414,584
1709,170891436,170891452,170901736,10300,16,10284,50000,49416,49415,414,414,585
1710,170991483,170991500,171001731,10248,17,10231,50000,49415,49413,414,414,587
1711,171091530,171091547,171101729,10199,17,10182,50000,49413,49411,415,415,589
1712,171191577,171191594,171201725,10148,17,10131,50000,49411,49410,415,415,590
1713,171291624,171291641,171301737,10113,17,10096,50000,49410,49409,415,415,591
1714,171391671,171391688,171401730,10059,17,10042,50000,49409,49407,415,415,593
1715,171491718,171491735,171501729,10011,17,9994,50000,49407,49406,415,415,594
1716,171591765,171591782,171601738,9973,17,9956,50000,49406,49404,415,415,596
1717,171691812,171691829,171701732,9920,17,9903,50000,49404,49403,415,415,597
1718,171791877,171791894,171801730,9853,17,9836,50000,49403,49401,415,415,599
1719,171891905,171891922,171901726,9821,17,9804,50000,49401,49400,415,415,600
1720,171991951,171991968,172001734,9783,17,9766,50000,49400,49399,415,415,601
1721,172091998,172092015,172101729,9731,17,9714,50000,49399,49397,415,415,603
1722,172192043,172192060,172201727,9684,17,9667,50000,49397,49396,415,415,604
1723,172292089,172292106,172301735,9646,17,9629,50000,49396,49395,415,415,605
1724,172392135,172392152,172401730,9595,17,9578,50000,49395,49393,415,415,607
1725,172492181,172492197,172501729,9548,16,9532,50000,49393,49392,415,415,608
1726,172592227,172592244,172601727,9500,17,9483,50000,49392,49390,415,415,610
1727,172692274,172692291,172701748,9474,17,9457,50000,49390,49389,415,415,611
1728,172792338,172792355,172801743,9405,17,9388,50000,49389,49388,415,415,612
1729,172892384,172892401,172901740,9356,17,9339,50000,49388,49386,415,415,614
1730,172992431,172992448,173001733,9302,17,9285,50000,49386,49385,415,415,615
1731,173092478,173092495,173101728,9250,17,9233,50000,49385,49384,415,415,616
1732,173192524,173192541,173201725,9201,17,9184,50000,49384,49382,415,415,618
1733,173292571,173292588,173301738,9167,17,9150,50000,49382,49381,415,415,619
1734,173392618,173392635,173401732,9114,17,9097,50000,49381,49380,415,415,620
1735,173492665,173492682,173501733,9068,17,9051,50000,49380,49378,415,415,622
1736,173592712,173592729,173601726,9014,17,8997,50000,49378,49377,416,416,623
1737,173692758,173692775,173701735,8977,17,8960,50000,49377,49376,415,415,624
1738,173792806,173792822,173801729,8923,16,8907,50000,49376,49375,415,415,625
1739,173892852,173892869,173901727,8875,17,8858,50000,49375,49373,415,415,627
1740,173992899,173992916,174001735,8836,17,8819,50000,49373,49372,416,416,628
1741,174092947,174092963,174101730,8783,16,8767,50000,49372,49371,416,416,629
1742,174192993,174193009,174201729,8736,16,8720,50000,49371,49370,416,416,630
1743,174293039,174293056,174301727,8688,17,8671,50000,49370,49369,416,416,631
1744,174393087,174393104,174401736,8649,17,8632,50000,49369,49368,416,416,632
1745,174493134,174493151,174501730,8596,17,8579,50000,49368,49367,416,416,633
1746,174593180,174593197,174601727,8547,17,8530,50000,49367,49366,416,416,634
1747,174693227,174693244,174701737,8510,17,8493,50000,49366,49365,416,416,635
1748,174793274,174793291,174801730,8456,17,8439,50000,49365,49364,416,416,636
1749,174893321,174893338,174901733,8412,17,8395,50000,49364,49363,416,416,637
1750,174993368,174993385,175001725,8357,17,8340,50000,49363,49362,416,416,638
1751,175093413,175093430,175101734,8321,17,8304,50000,49362,49361,416,416,639
1752,175193461,175193477,175201730,8269,16,8253,50000,49361,49361,416,416,639
1753,175293507,175293524,175301728,8221,17,8204,50000,49361,49360,416,416,640
1754,175393554,175393571,175401745,8191,17,8174,50000,49360,49359,416,416,641
1755,175493617,175493634,175501749,8132,17,8115,50000,49359,49358,416,416,642
1756,175593664,175593680,175601743,8079,16,8063,50000,49358,49357,416,416,643
1757,175693711,175693727,175701733,8022,16,8006,50000,49357,49356,416,416,644
1758,175793757,175793774,175801728,7971,17,7954,50000,49356,49355,416,416,645
1759,175893804,175893820,175901731,7927,16,7911,50000,49355,49354,416,416,646
1760,175993850,175993867,176001734,7884,17,7867,50000,49354,49353,416,416,647
1761,176093896,176093913,176101734,7838,17,7821,50000,49353,49352,416,416,648
1762,176193943,176193960,176201729,7786,17,7769,50000,49352,49351,416,416,649
1763,176293989,176294006,176301725,7736,17,7719,50000,49351,49350,416,416,650
1764,176394036,176394052,176401736,7700,16,7684,50000,49350,49349,416,416,651
1765,176494083,176494100,176501730,7647,17,7630,50000,49349,49348,416,416,652
1766,176594129,176594146,176601730,7601,17,7584,50000,49348,49347,416,416,653
1767,176694176,176694193,176701723,7547,17,7530,50000,49347,49347,416,416,653
1768,176794223,176794239,176801735,7512,16,7496,50000,49347,49346,416,416,654
1769,176894270,176894287,176901729,7459,17,7442,50000,49346,49345,416,416,655
1770,176994316,176994332,177001726,7410,16,7394,50000,49345,49344,416,416,656
1771,177094362,177094379,177101733,7371,17,7354,50000,49344,49343,416,416,657
1772,177194410,177194426,177201734,7324,16,7308,50000,49343,49342,416,416,658
1773,177294455,177294472,177301727,7272,17,7255,50000,49342,49341,416,416,659
1774,177394502,177394519,177401727,7225,17,7208,50000,49341,49340,416,416,660
1775,177494549,177494566,177501734,7185,17,7168,50000,49340,49339,416,416,661
1776,177594596,177594613,177601735,7139,17,7122,50000,49339,49338,416,416,662
1777,177694643,177694660,177701727,7084,17,7067,50000,49338,49338,416,416,662
1778,177794689,177794705,177801733,7044,16,7028,50000,49338,49337,416,416,663
1779,177894736,177894753,177901728,6992,17,6975,50000,49337,49336,417,417,664
1780,177994782,177994799,178001731,6949,17,6932,50000,49336,49336,417,417,664
1781,178094829,178094846,178101724,6895,17,6878,50000,49336,49335,416,416,665
1782,178194876,178194892,178201751,6875,16,6859,50000,49335,49334,417,417,666
1783,178294942,178294959,178301746,6804,17,6787,50000,49334,49334,417,417,666
1784,178394988,178395005,178401745,6757,17,6740,50000,49334,49333,417,417,667
1785,178495035,178495052,178501733,6698,17,6681,50000,49333,49332,417,417,668
1786,178595082,178595099,178601732,6650,17,6633,50000,49332,49332,417,417,668
1787,178695128,178695145,178701728,6600,17,6583,50000,49332,49331,417,417,669
1788,178795174,178795191,178801734,6560,17,6543,50000,49331,49331,417,417,669
1789,178895221,178895238,178901729,6508,17,6491,50000,49331,49330,417,417,670
1790,178995267,178995284,179001728,6461,17,6444,50000,49330,49330,417,417,670
1791,179095314,179095331,179101736,6422,17,6405,50000,49330,49329,417,417,671
1792,179195363,179195380,179201731,6368,17,6351,50000,49329,49328,417,417,672
1793,179295409,179295426,179301730,6321,17,6304,50000,49328,49328,417,417,672
1794,179395456,179395473,179401731,6275,17,6258,50000,49328,49327,417,417,673
1795,179495503,179495520,179501725,6222,17,6205,50000,49327,49327,417,417,673
1796,179595549,179595566,179601735,6186,17,6169,50000,49327,49326,417,417,674
1797,179695597,179695614,179701728,6131,17,6114,50000,49326,49326,417,417,674
1798,179795643,179795660,179801730,6087,17,6070,50000,49326,49325,417,417,675
1799,179895689,179895706,179901732,6043,17,6026,50000,49325,49325,417,417,675
1800,179995735,179995752,180003580,7845,17,7828,50000,49325,49324,417,417,676
