[37m[  1.647175 0:2 axvisor::config:270] [32mVM[1] created success, loading images...[m
[m[37m[  1.770260 0:2 axvm::boot::images:137] [32mLoading ramdisk image from memory (18345280 bytes) into GPA @0x9c000000[m
[m[37m[  1.826599 0:2 axdevice::device:1232] [32mDeviceRuntime: registered device id=0[m
[m[37m[  1.827045 0:2 axdevice::device:1232] [32mDeviceRuntime: registered device id=1[m
[m[37m[  1.827272 0:2 axdevice::device:1232] [32mDeviceRuntime: registered device id=2[m
[m[37m[  2.072780 0:2 axdevice::device:1232] [32mDeviceRuntime: registered device id=3[m
[m[37m[  2.074995 0:2 axdevice::device:1232] [32mDeviceRuntime: registered device id=4[m
[m[37m[  2.078523 0:2 axvm::vm::prepare:82] [32mVM setup: id=1[m
[m[37m[  2.081467 0:2 axvm::arch::aarch64::fdt::core:79] [32mVM[2] virtual GIC follows host firmware resources: GuestGicProfile { compatible: "arm,gic-v3", node_path: "/intc@8000000", node_phandle: Some(32770), distributor: GuestMmioRegion { base: 134217728, length: 65536 }, cpu_region: Redistributors(GuestGicRedistributorProfile { regions: [GuestMmioRegion { base: 134873088, length: 16121856 }], stride: 131072 }), its: [GuestItsProfile { id: ItsId(0), node_path: "/intc@8000000/its@8080000", node_phandle: Some(32771), registers: GuestMmioRegion { base: 134742016, length: 131072 } }] }[m
[m[37m[  2.082324 0:2 axvm::arch::aarch64::fdt::core:93] [32mVM[2] architectural timer follows host firmware PPIs[m
[m[37m[  2.085882 0:2 axvm::arch::aarch64::fdt::core::parser:442] [32mCPU node: /cpus/cpu@0, node_id: 0x0, hardware_cpu_id: 0x0[m
[m[37m[  2.086183 0:2 axvm::arch::aarch64::fdt::core::parser:449] [32mFound 1 host CPU nodes[m
[m[37m[  2.086400 0:2 axvm::arch::aarch64::fdt::core:144] [32mVM[2] DTB not found, generating from the VM configuration[m
[m[37m[  2.094029 0:2 axvm::arch::aarch64::fdt::core::device:96] [32mFound excluded devices: ["/intc@8000000", "/pl011@9000000", "/timer", "/intc@8000000/its@8080000"][m
[m[37m[  2.098924 0:2 axvm::arch::aarch64::fdt::core::device:96] [32mFound excluded devices: ["/intc@8000000", "/pl011@9000000", "/timer", "/intc@8000000/its@8080000"][m
[m[37m[  2.099446 0:2 axvisor::config:258] [32mCreating VM[2] "task2-p2-switch-zephyr"[m
[m[37m[  2.100710 0:2 axvm::vm:1133] [32mVM created: id=2[m
[m[37m[  2.720768 0:2 axvisor::config:270] [32mVM[2] created success, loading images...[m
[m[37m[  2.724419 0:2 axdevice::device:1232] [32mDeviceRuntime: registered device id=0[m
[m[37m[  2.724593 0:2 axdevice::device:1232] [32mDeviceRuntime: registered device id=1[m
[m[37m[  2.901720 0:2 axdevice::device:1232] [32mDeviceRuntime: registered device id=2[m
[m[37m[  2.902082 0:2 axdevice::device:1232] [32mDeviceRuntime: registered device id=3[m
[m[37m[  2.902856 0:2 axdevice::device:1232] [32mDeviceRuntime: registered device id=4[m
[m[37m[  2.903138 0:2 axvm::vm::prepare:82] [32mVM setup: id=2[m
[m[37m[  2.903920 0:2 axvm::runtime:73] [32mInitializing VMM...[m
[m[37m[  2.904771 0:2 axvm::runtime:84] [32mVMM starting, booting VMs...[m
[m[37m[  2.905075 0:2 axvm::vm:1365] [32mStarting VM[1][m
[m[37m[  2.905308 0:2 axvm::runtime::vcpus:1060] [32mSpawning task for VM[1] VCpu[0][m
[m[37m[  2.905923 0:2 axvm::runtime::vcpus:1079] [32mVCpu task Task(7, "VM[1]-VCpu[0]") created priority=90 cpumask: [0, ][m
[m[37m[  2.909375 0:2 axvm::runtime:92] [32mVM[1] boot success[m
[m[37m[  2.909495 0:2 axvm::vm:1365] [32mStarting VM[2][m
[m[37m[  2.909590 0:2 axvm::runtime::vcpus:1060] [32mSpawning task for VM[2] VCpu[0][m
[m[37m[  2.909803 0:2 axvm::runtime::vcpus:1079] [32mVCpu task Task(9, "VM[2]-VCpu[0]") created priority=90 cpumask: [0, ][m
[m[37m[  2.910118 0:2 axvm::runtime:92] [32mVM[2] boot success[m
[m[37m[  2.912322 0:2 axvisor:114] [32m[OK] Default guest initialized[m
[m[37m[  2.913867 0:7 axvm::runtime::vcpus:1134] [32mVM[1] VCpu[0] waiting for running[m
[m[37m[  2.914337 0:7 axvm::runtime::vcpus:1172] [32mVM[1] VCpu[0] running...[m
[m[37m[  2.927107 0:9 axvm::runtime::vcpus:1134] [32mVM[2] VCpu[0] waiting for running[m
[m[37m[  2.927271 0:9 axvm::runtime::vcpus:1172] [32mVM[2] VCpu[0] running...[m
[m[37m[  2.975303 0:7 axvm::runtime::hvc:266] [32mVM[1] PSCI_FEATURES function_id=0x80000000[m
[m[VM 2] *** Booting Zephyr OS build v4.4.2 ***
[VM 2] TASK2_MAIN_START
[VM 2] TASK2_SOCKET_CREATE
[VM 2] TASK2_SOCKET_CREATED fd=0
[37m[  3.005528 0:7 axvm::runtime::hvc:266] [32mVM[1] PSCI_FEATURES function_id=0xc4000001[m
[m[37m[  3.014433 0:7 axvm::runtime::hvc:266] [32mVM[1] PSCI_FEATURES function_id=0xc400000e[m
[m[VM 2] TASK2_NET_CONFIGURED interface=virtio-net ip=10.0.42.2/24
[VM 2] TASK2_READY role=managed local=10.0.42.2:4242 peer=10.0.42.15:4242
[37m[  3.025557 0:7 axvm::runtime::hvc:266] [32mVM[1] PSCI_FEATURES function_id=0xc4000012[m
[m[37m[  3.027663 0:7 axvm::runtime::hvc:266] [32mVM[1] PSCI_FEATURES function_id=0xc4000015[m
[m[37m[  3.272051 0:7 axvisor::virtio_net:595] [33mvirtio-net drops an ingress frame: NotReady[m
[m[VM 1] [    0.000000] Booting Linux on physical CPU 0x0000000000 [0x410fd083]
[VM 1] [    0.000000] Linux version 7.1.0-rc2-g74fe02ce122a-dirty (huhu@huhu-Legion-Y9000P-IAH7H) (aarch64-linux-musl-gcc (GCC) 11.2.1 20211120, GNU ld (GNU Binutils) 2.37) #1 SMP PREEMPT Fri Aug  7 08:02:49 CST 2026
[VM 1] [    0.000000] KASLR disabled due to lack of seed
[VM 1] [    0.000000] Machine model: linux,dummy-virt
[VM 1] [    0.000000] efi: UEFI not found.
[VM 1] [    0.000000] OF: reserved mem: Reserved memory: No reserved-memory node in the DT
[VM 1] [    0.000000] NUMA: Faking a node at [mem 0x0000000080000000-0x000000009fffffff]
[VM 1] [    0.000000] NODE_DATA(0) allocated [mem 0x9ff08dc0-0x9ff0b4bf]
[VM 1] [    0.000000] cma: Reserved 32 MiB at 0x000000009a000000
[VM 1] [    0.000000] psci: probing for conduit method from DT.
[VM 1] [    0.000000] psci: PSCIv1.1 detected in firmware.
[VM 1] [    0.000000] psci: Using standard PSCI v0.2 function IDs
[VM 1] [    0.000000] psci: Trusted OS migration not required
[VM 1] [    0.000000] psci: SMC Calling Convention v65535.65535
[VM 1] [    0.000000] Zone ranges:
[VM 1] [    0.000000]   DMA      [mem 0x0000000080000000-0x000000009fffffff]
[VM 1] [    0.000000]   DMA32    empty
[VM 1] [    0.000000]   Normal   empty
[VM 1] [    0.000000] Movable zone start for each node
[VM 1] [    0.000000] Early memory node ranges
[VM 1] [    0.000000]   node   0: [mem 0x0000000080000000-0x000000009fffffff]
[VM 1] [    0.000000] Initmem setup node 0 [mem 0x0000000080000000-0x000000009fffffff]
[VM 1] [    0.000000] percpu: Embedded 26 pages/cpu s66584 r8192 d31720 u106496
[VM 1] [    0.000000] Detected PIPT I-cache on CPU0
[VM 1] [    0.000000] CPU features: detected: GICv3 CPU interface
[VM 1] [    0.000000] CPU features: detected: Spectre-v2
[VM 1] [    0.000000] CPU features: detected: Spectre-v3a
[VM 1] [    0.000000] CPU features: detected: Spectre-v4
[VM 1] [    0.000000] CPU features: detected: Spectre-BHB
[VM 1] [    0.000000] CPU features: detected: ARM erratum 1742098
[VM 1] [    0.000000] CPU features: detected: ARM errata 1165522, 1319367, or 1530923
[VM 1] [    0.000000] alternatives: applying boot alternatives
[VM 1] [    0.000000] printk: log buffer data + meta data: 131072 + 458752 = 589824 bytes
[VM 1] [    0.000000] Dentry cache hash table entries: 65536 (order: 7, 524288 bytes, linear)
[VM 1] [    0.000000] Inode-cache hash table entries: 32768 (order: 6, 262144 bytes, linear)
[VM 1] [    0.000000] software IO TLB: SWIOTLB bounce buffer size adjusted to 0MB
[VM 1] [    0.000000] software IO TLB: area num 1.
[VM 1] [    0.000000] software IO TLB: mapped [mem 0x000000009f580000-0x000000009f600000] (0MB)
[VM 1] [    0.000000] Fallback order for Node 0: 0 
[VM 1] [    0.000000] Built 1 zonelists, mobility grouping on.  Total pages: 131072
[VM 1] [    0.000000] Policy zone: DMA
[VM 1] [    0.000000] mem auto-init: stack:off, heap alloc:off, heap free:off
[VM 1] [    0.000000] SLUB: HWalign=64, Order=0-3, MinObjects=0, CPUs=1, Nodes=1
[VM 1] [    0.000000] rcu: Preemptible hierarchical RCU implementation.
[VM 1] [    0.000000] rcu: 	RCU event tracing is enabled.
[VM 1] [    0.000000] rcu: 	RCU restricting CPUs from NR_CPUS=512 to nr_cpu_ids=1.
[VM 1] [    0.000000] 	Trampoline variant of Tasks RCU enabled.
[VM 1] [    0.000000] 	Tracing variant of Tasks RCU enabled.
[VM 1] [    0.000000] rcu: RCU calculated value of scheduler-enlistment delay is 25 jiffies.
[VM 1] [    0.000000] rcu: Adjusting geometry for rcu_fanout_leaf=16, nr_cpu_ids=1
[VM 1] [    0.000000] RCU Tasks: Setting shift to 0 and lim to 1 rcu_task_cb_adjust=1 rcu_task_cpu_ids=1.
[VM 1] [    0.000000] NR_IRQS: 64, nr_irqs: 64, preallocated irqs: 0
[VM 1] [    0.000000] GICv3: 256 SPIs implemented
[VM 1] [    0.000000] GICv3: 0 Extended SPIs implemented
[VM 1] [    0.000000] Root IRQ handler: gic_handle_irq
[VM 1] [    0.000000] GICv3: GICv3 features: 16 PPIs, RSS
[VM 1] [    0.000000] GICv3: GICD_CTLR.DS=0, SCR_EL3.FIQ=0
[VM 1] [    0.000000] GICv3: CPU0: found redistributor 0 region 0:0x00000000080a0000
[VM 1] [    0.000000] ITS [mem 0x08080000-0x0809ffff]
[VM 1] [    0.000000] ITS@0x0000000008080000: allocated 8192 Devices @83450000 (indirect, esz 8, psz 64K, shr 1)
[VM 1] [    0.000000] ITS@0x0000000008080000: allocated 8192 Interrupt Collections @83460000 (flat, esz 8, psz 64K, shr 1)
[VM 1] [    0.000000] GICv3: using LPI property table @0x0000000083470000
[VM 1] [    0.000000] GICv3: CPU0: using allocated LPI pending table @0x0000000083480000
[VM 1] [    0.000000] rcu: srcu_init: Setting srcu_struct sizes based on contention.
[VM 1] [    0.000000] arch_timer: cp15 timer running at 62.50MHz (virt).
[VM 1] [    0.000000] clocksource: arch_sys_counter: mask: 0x1ffffffffffffff max_cycles: 0x1cd42e208c, max_idle_ns: 881590405314 ns
[VM 1] [    0.000065] sched_clock: 57 bits at 63MHz, resolution 16ns, wraps every 4398046511096ns
[VM 1] [    0.008118] Console: colour dummy device 80x25
[VM 1] [    0.008498] printk: legacy console [tty0] enabled
[VM 1] [    0.013180] Calibrating delay loop (skipped), value calculated using timer frequency.. 125.00 BogoMIPS (lpj=250000)
[VM 1] [    0.013325] pid_max: default: 32768 minimum: 301
[VM 1] [    0.018258] Mount-cache hash table entries: 1024 (order: 1, 8192 bytes, linear)
[VM 1] [    0.018330] Mountpoint-cache hash table entries: 1024 (order: 1, 8192 bytes, linear)
[VM 1] [    0.024890] VFS: Finished mounting rootfs on nullfs
[VM 1] [    0.043939] cacheinfo: Unable to detect cache hierarchy for CPU 0
[VM 1] [    0.056794] rcu: Hierarchical SRCU implementation.
[VM 1] [    0.056859] rcu: 	Max phase no-delay instances is 1000.
[VM 1] [    0.060142] fsl-mc MSI: its@8080000 domain created
[VM 1] [    0.061009] EFI services will not be available.
[VM 1] [    0.061461] smp: Bringing up secondary CPUs ...
[VM 1] [    0.062114] smp: Brought up 1 node, 1 CPU
[VM 1] [    0.062150] SMP: Total of 1 processors activated.
[VM 1] [    0.062188] CPU: All CPU(s) started at EL1
[VM 1] [    0.062410] CPU features: detected: 32-bit EL0 Support
[VM 1] [    0.062436] CPU features: detected: 32-bit EL1 Support
[VM 1] [    0.062521] CPU features: detected: CRC32 instructions
[VM 1] [    0.064523] CPU features: detected: PMUv3
[VM 1] [    0.072425] alternatives: applying system-wide alternatives
[VM 1] [    0.098782] Memory: 408164K/524288K available (18688K kernel code, 5242K rwdata, 14504K rodata, 12672K init, 718K bss, 80672K reserved, 32768K cma-reserved)
[VM 1] [    0.123457] devtmpfs: initialized
[VM 1] [    0.139696] clocksource: jiffies: mask: 0xffffffff max_cycles: 0xffffffff, max_idle_ns: 7645041785100000 ns
[VM 1] [    0.140432] posixtimers hash table entries: 512 (order: 1, 8192 bytes, linear)
[VM 1] [    0.140683] futex hash table entries: 256 (16384 bytes on 1 NUMA nodes, total 16 KiB, linear).
[VM 1] [    0.142791] 19744 pages in range for non-PLT usage
[VM 1] [    0.142836] 511264 pages in range for PLT usage
[VM 1] [    0.162485] DMI: not present or invalid.
[VM 1] [    0.179434] NET: Registered PF_NETLINK/PF_ROUTE protocol family
[VM 1] [    0.190060] DMA: preallocated 128 KiB GFP_KERNEL|GFP_DMA pool for atomic allocations
[VM 1] [    0.190389] audit: initializing netlink subsys (disabled)
[VM 1] [    0.191722] audit: type=2000 audit(0.144:1): state=initialized audit_enabled=0 res=1
[VM 1] [    0.197037] thermal_sys: Registered thermal governor 'step_wise'
[VM 1] [    0.197074] thermal_sys: Registered thermal governor 'power_allocator'
[37m[  5.484543 0:7 axvisor::virtio_net:595] [33mvirtio-net drops an ingress frame: NotReady[m
[m[VM 1] [    0.197462] cpuidle: using governor menu
[VM 1] [    0.198417] hw-breakpoint: found 6 breakpoint and 4 watchpoint registers.
[VM 1] [    0.198729] ASID allocator initialised with 65536 entries
[VM 1] [    0.203504] Serial: AMBA PL011 UART driver
[VM 1] [    0.226468] 9000000.pl011: ttyAMA0 at MMIO 0x9000000 (irq = 13, base_baud = 0) is a PL011 rev1
[VM 1] [    0.229805] printk: console [ttyAMA0] enabled
[VM 1] [    1.827856] HugeTLB: registered 1.00 GiB page size, pre-allocated 0 pages
[VM 1] [    1.827927] HugeTLB: 0 KiB vmemmap can be freed for a 1.00 GiB page
[VM 1] [    1.827970] HugeTLB: registered 32.0 MiB page size, pre-allocated 0 pages
[VM 1] [    1.827988] HugeTLB: 0 KiB vmemmap can be freed for a 32.0 MiB page
[VM 1] [    1.828005] HugeTLB: registered 2.00 MiB page size, pre-allocated 0 pages
[VM 1] [    1.828020] HugeTLB: 0 KiB vmemmap can be freed for a 2.00 MiB page
[VM 1] [    1.828036] HugeTLB: registered 64.0 KiB page size, pre-allocated 0 pages
[VM 1] [    1.828050] HugeTLB: 0 KiB vmemmap can be freed for a 64.0 KiB page
[VM 1] [    2.813003] ACPI: Interpreter disabled.
[VM 1] [    2.828007] iommu: Default domain type: Translated
[VM 1] [    2.837637] iommu: DMA domain TLB invalidation policy: strict mode
[VM 1] [    2.850740] SCSI subsystem initialized
[VM 1] [    2.860861] usbcore: registered new interface driver usbfs
[VM 1] [    2.872470] usbcore: registered new interface driver hub
[VM 1] [    2.883407] usbcore: registered new device driver usb
[VM 1] [    2.884264] pps_core: LinuxPPS API ver. 1 registered
[VM 1] [    2.884297] pps_core: Software ver. 5.3.6 - Copyright 2005-2007 Rodolfo Giometti <giometti@linux.it>
[VM 1] [    2.884364] PTP clock support registered
[VM 1] [    2.884661] EDAC MC: Ver: 3.0.0
[VM 1] [    2.939510] scmi_core: SCMI protocol bus registered
[VM 1] [    2.951831] FPGA manager framework
[VM 1] [    2.969164] vgaarb: loaded
[VM 1] [    2.977006] clocksource: Switched to clocksource arch_sys_counter
[VM 1] [    3.228599] VFS: Disk quotas dquot_6.6.0
[VM 1] [    3.237627] VFS: Dquot-cache hash table entries: 512 (order 0, 4096 bytes)
[VM 1] [    3.253818] pnp: PnP ACPI: disabled
[VM 1] [    3.281714] NET: Registered PF_INET protocol family
[VM 1] [    3.293570] IP idents hash table entries: 8192 (order: 4, 65536 bytes, linear)
[VM 1] [    3.311326] tcp_listen_portaddr_hash hash table entries: 256 (order: 0, 4096 bytes, linear)
[VM 1] [    3.328239] Table-perturb hash table entries: 65536 (order: 6, 262144 bytes, linear)
[VM 1] [    3.344226] TCP established hash table entries: 4096 (order: 3, 32768 bytes, linear)
[VM 1] [    3.344496] TCP bind hash table entries: 4096 (order: 5, 131072 bytes, linear)
[VM 1] [    3.344658] TCP: Hash tables configured (established 4096 bind 4096)
[VM 1] [    3.388175] UDP hash table entries: 256 (order: 2, 16384 bytes, linear)
[VM 1] [    3.402282] NET: Registered PF_UNIX/PF_LOCAL protocol family
[VM 1] [    3.416361] RPC: Registered named UNIX socket transport module.
[VM 1] [    3.429269] RPC: Registered udp transport module.
[VM 1] [    3.438977] RPC: Registered tcp transport module.
[VM 1] [    3.448629] RPC: Registered tcp-with-tls transport module.
[VM 1] [    3.460396] RPC: Registered tcp NFSv4.1 backchannel transport module.
[VM 1] [    3.473915] PCI: CLS 0 bytes, default 64
[VM 1] [    3.485836] kvm [1]: HYP mode not available
[VM 1] [    3.498285] Unpacking initramfs...
[VM 1] [    3.506336] Initialise system trusted keyrings
[VM 1] [    3.518467] workingset: timestamp_bits=42 (anon: 38) max_order=17 bucket_order=0 (anon: 0)
[VM 1] [    3.541909] squashfs: version 4.0 (2009/01/31) Phillip Lougher
[VM 1] [    3.790376] NFS: Registering the id_resolver key type
[VM 1] [    3.805857] Key type id_resolver registered
[VM 1] [    3.806158] Key type id_legacy registered
[VM 1] [    3.806678] nfs4filelayout_init: NFSv4 File Layout Driver Registering...
[VM 1] [    3.806991] nfs4flexfilelayout_init: NFSv4 Flexfile Layout Driver Registering...
[VM 1] [    3.852313] 9p: Installing v9fs 9p2000 file system support
[VM 1] [    3.873938] Key type asymmetric registered
[VM 1] [    3.882605] Asymmetric key parser 'x509' registered
[VM 1] [    3.883389] Block layer SCSI generic (bsg) driver version 0.4 loaded (major 244)
[VM 1] [    3.883737] io scheduler mq-deadline registered
[VM 1] [    3.884015] io scheduler kyber registered
[VM 1] [    3.884500] io scheduler bfq registered
[VM 1] [    3.969849] ledtrig-cpu: registered to indicate activity on CPUs
[VM 1] [    4.067547] Serial: 8250/16550 driver, 4 ports, IRQ sharing enabled
[VM 1] [    4.098064] msm_serial: driver initialized
[VM 1] [    4.107744] SuperH (H)SCI(F) driver initialized
[VM 1] [    4.121718] STM32 USART driver initialized
[VM 1] [    4.170159] loop: module loaded
[VM 1] [    4.179097] megasas: 07.734.00.00-rc1
[37m[  7.506197 0:7 axvisor::virtio_net:595] [33mvirtio-net drops an ingress frame: NotReady[m
[m[VM 1] [    4.407653] tun: Universal TUN/TAP device driver, 1.6
[VM 1] [    4.454834] thunder_xcv, ver 1.0
[VM 1] [    4.462898] thunder_bgx, ver 1.0
[VM 1] [    4.470224] nicpf, ver 1.0
[VM 1] [    4.478923] e1000: Intel(R) PRO/1000 Network Driver
[VM 1] [    4.493302] e1000: Copyright (c) 1999-2006 Intel Corporation.
[VM 1] [    4.506101] e1000e: Intel(R) PRO/1000 Network Driver
[VM 1] [    4.516500] e1000e: Copyright(c) 1999 - 2015 Intel Corporation.
[VM 1] [    4.528738] igb: Intel(R) Gigabit Ethernet Network Driver
[VM 1] [    4.540232] igb: Copyright (c) 2007-2014 Intel Corporation.
[VM 1] [    4.553481] igbvf: Intel(R) Gigabit Virtual Function Network Driver
[VM 1] [    4.566531] igbvf: Copyright (c) 2009 - 2012 Intel Corporation.
[VM 1] [    4.580235] sky2: driver version 1.30
[VM 1] [    4.596060] VFIO - User Level meta-driver version: 0.3
[VM 1] [    4.617547] usbcore: registered new interface driver usb-storage
[VM 1] [    4.643594] i2c_dev: i2c /dev entries driver
[VM 1] [    4.680184] SMCCC: SOC_ID: ARCH_SOC_ID not implemented, skipping ....
[VM 1] [    4.698805] usbcore: registered new interface driver usbhid
[VM 1] [    4.713428] usbhid: USB HID core driver
[VM 1] [    4.740050] NET: Registered PF_INET6 protocol family
[VM 1] [    4.764685] Segment Routing with IPv6
[VM 1] [    4.957902] In-situ OAM (IOAM) with IPv6
[VM 1] [    4.966741] sit: IPv6, IPv4 and MPLS over IPv4 tunneling driver
[VM 1] [    4.985825] NET: Registered PF_PACKET protocol family
[VM 1] [    4.997685] 9pnet: Installing 9P2000 support
[VM 1] [    5.009545] Key type dns_resolver registered
[VM 1] [    5.066587] registered taskstats version 1
[VM 1] [    5.076446] Loading compiled-in X.509 certificates
[VM 1] [    5.121554] Demotion targets for Node 0: null
[VM 1] [    5.139628] clk: Disabling unused clocks
[VM 1] [    5.148087] PM: genpd: Disabling unused power domains
[VM 1] [    5.502818] Freeing initrd memory: 17912K
[VM 1] [    5.553339] Freeing unused kernel memory: 12672K
[VM 1] [    5.564137] Run /init as init process
[VM 1] TASK2_INIT_START
[VM 1] TASK2_NET_CONFIGURED interface=eth0 ip=10.0.42.15/24
[VM 1] TASK2_READY role=controller local=10.0.42.15:4242 peer=10.0.42.2:4242
[VM 1] TASK3_MODEL_READY model=yolo11n.onnx version=ultralytics-yolo11n-v8.3.0 sha256=634279b40c07c6391472c51ad45b81ebc48706a9a1fe72dd3396322acd0c053b path=embedded:fixture-replay mode=bounded-contract
[VM 1] TASK3_MODEL_POLICY min_confidence_milli=600 min_area_milli=10 max_target_step=100
[VM 1] TASK3_MODEL_REJECTED model=yolo11n.onnx reason=no_detection action=hold_last_target target=500
[VM 1] TASK3_INFER elapsed_ms=109 sample=1 output=400 infer_us=6 model=yolo11n.onnx target=500
[VM 1] TASK3_CONTROL_SENT elapsed_ms=109 request=1 value=400 target=500 state=300 seq=1 model=yolo11n.onnx
[VM 2] TASK2_CONTROL_RECEIVED seq=1 request=1
[VM 2] TASK3_CONTROL_APPLIED request=1 value=400
[VM 2] TASK3_PLANT_STATE before=300 after=310 dist=0
[VM 2] TASK2_STATUS_SENT seq=1
[VM 1] TASK2_HEARTBEAT_RECEIVED peer_uptime_ms=4550
[VM 1] TASK2_HEARTBEAT_RECEIVED peer_uptime_ms=4780
[VM 1] TASK2_HEARTBEAT_RECEIVED peer_uptime_ms=5120
[VM 1] TASK2_HEARTBEAT_RECEIVED peer_uptime_ms=5350
[VM 1] TASK2_HEARTBEAT_RECEIVED peer_uptime_ms=5590
[VM 1] TASK2_HEARTBEAT_RECEIVED peer_uptime_ms=5820
[VM 1] TASK2_ACK seq=1
[VM 2] TASK2_HEARTBEAT_RECEIVED peer_uptime_ms=324
[VM 1] TASK3_STATUS_RECEIVED elapsed_ms=339 request=1 value=310 state=310 sample=1 rtt_ms=230
[VM 2] TASK2_ACK seq=1

[Axvisor] detached VM[1] console
Welcome to AxVisor Shell!
Type 'help' to see available commands
Use UP/DOWN arrows to navigate command history
Console shortcuts:
  Ctrl+X, then h  return to the Axvisor shell
  Ctrl+X, then [  attach the previous running guest
  Ctrl+X, then ]  attach the next running guest

[2Kaxvisor:/$ [2Kaxvisor:/$ v[2Kaxvisor:/$ vi[2Kaxvisor:/$ vir[2Kaxvisor:/$ virt[2Kaxvisor:/$ virtn[2Kaxvisor:/$ virtne[2Kaxvisor:/$ virtnet[2Kaxvisor:/$ virtnet [2Kaxvisor:/$ virtnet c[2Kaxvisor:/$ virtnet ca[2Kaxvisor:/$ virtnet cap[2Kaxvisor:/$ virtnet capt[2Kaxvisor:/$ virtnet captu[2Kaxvisor:/$ virtnet captur[2Kaxvisor:/$ virtnet capture[2Kaxvisor:/$ virtnet capture [2Kaxvisor:/$ virtnet capture o[2Kaxvisor:/$ virtnet capture on
virtnet: capture ON
axvisor:/$ 
[Axvisor] attached VM[2] console; use Ctrl+X, then h to return to the shell
TASK2_CONTROL_RECEIVED seq=2 request=2
TASK3_CONTROL_APPLIED request=2 value=218
TASK3_PLANT_STATE before=310 after=252 dist=0
TASK2_STATUS_SENT seq=2
TASK2_DUPLICATE seq=2
TASK2_HEARTBEAT_RECEIVED peer_uptime_ms=1072
TASK2_ACK seq=2
TASK2_CONTROL_RECEIVED seq=3 request=3
TASK3_CONTROL_APPLIED request=3 value=534
TASK3_PLANT_STATE before=252 after=328 dist=0
TASK2_STATUS_SENT seq=3
TASK2_ACK seq=3
TASK2_CONTROL_RECEIVED seq=4 request=4
TASK3_CONTROL_APPLIED request=4 value=382
TASK3_PLANT_STATE before=328 after=319 dist=0
TASK2_STATUS_SENT seq=4
TASK2_ACK seq=4
TASK2_CONTROL_RECEIVED seq=5 request=5
TASK3_CONTROL_APPLIED request=5 value=200
TASK3_PLANT_STATE before=319 after=251 dist=0
TASK2_STATUS_SENT seq=5
TASK2_ACK seq=5
TASK2_CONTROL_RECEIVED seq=6 request=6
TASK3_CONTROL_APPLIED request=6 value=536
TASK3_PLANT_STATE before=251 after=328 dist=0
TASK2_STATUS_SENT seq=6
TASK2_ACK seq=6
TASK2_CONTROL_RECEIVED seq=7 request=7
TASK3_CONTROL_APPLIED request=7 value=382
TASK3_PLANT_STATE before=328 after=319 dist=0
TASK2_STATUS_SENT seq=7
TASK2_ACK seq=7
TASK2_CONTROL_RECEIVED seq=8 request=8
TASK3_CONTROL_APPLIED request=8 value=200
TASK3_PLANT_STATE before=319 a

[Axvisor] attached VM[1] console; use Ctrl+X, then h to return to the shell
TASK3_DETECTION model=yolo11n.onnx class=75 confidence_milli=832 center_x_milli=419 area_milli=61 target=419
TASK3_INFER elapsed_ms=339 sample=2 output=218 infer_us=613980 model=yolo11n.onnx target=419
TASK3_CONTROL_SENT elapsed_ms=339 request=2 value=218 target=419 state=310 seq=2 model=yolo11n.onnx
TASK2_HEARTBEAT_RECEIVED peer_uptime_ms=6870
TASK2_RETRANSMIT seq=2 attempt=1
TASK2_ACK seq=2
TASK3_STATUS_RECEIVED elapsed_ms=1086 request=2 value=252 state=252 sample=2 rtt_ms=747
TASK3_DETECTION model=yolo11n.onnx class=58 confidence_milli=871 center_x_milli=805 area_milli=29 target=519
TASK3_INFER elapsed_ms=1086 sample=3 output=534 infer_us=2 model=yolo11n.onnx target=519
TASK3_CONTROL_SENT elapsed_ms=1086 request=3 value=534 target=519 state=252 seq=3 model=yolo11n.onnx
TASK2_DUPLICATE_ACK seq=2
TASK2_ACK seq=3
TASK3_STATUS_RECEIVED elapsed_ms=1212 request=3 value=328 state=328 sample=3 rtt_ms=126
TASK3_MODEL_REJECTED model=yolo11n.onnx reason=no_detection action=hold_last_target target=519
TASK3_INFER elapsed_ms=1212 sample=4 output=382 infer_us=1 model=yolo11n.onnx target=519
TASK3_CONTROL_SENT elapsed_ms=1212 request=4 value=382 target=519 state=328 seq=4 model=yolo11n.onnx
TASK2_ACK seq=4
TASK3_STATUS_RECEIVED elapsed_ms=1319 request=4 value=319 state=319 sample=4 rtt_ms=107
TASK3_DETECTION model=yolo11n.onnx class=75 confidence_milli=832 center_x_milli=419 area_milli=61 target=419
TASK3_INFER elapsed_ms=1319 sample=5 output=200 infer_us=2 model=yolo11n.onnx target=419
TASK3_CONTROL_SENT elapsed_ms=1319 request=5 value=200 target=419 state=319 seq=5 model=yolo11n.onnx
TASK2_ACK seq=5
TASK3_STATUS_RECEIVED elapsed_ms=1421 request=5 value=251 state=251 sample=5 rtt_ms=102
TASK3_DETECTION model=yolo11n.onnx class=58 confidence_milli=871 center_x_milli=805 area_milli=29 target=519
TASK3_INFER elapsed_ms=1421 sample=6 output=536 infer_us=2 model=yolo11n.onnx target=519
TASK3_CONTROL_SENT elapsed_ms=1421 request=6 value=536 target=519 state=251 seq=6 model=yolo11n.onnx
TASK2_ACK seq=6
TASK3_STATUS_RECEIVED elapsed_ms=1534 request=6 value=328 state=328 sample=6 rtt_ms=113
TASK3_MODEL_REJECTED model=yolo11n.onnx reason=no_detection action=hold_last_target target=519
TASK3_INFER elapsed_ms=1534 sample=7 output=382 infer_us=1 model=yolo11n.onnx target=519
TASK3_CONTROL_SENT elapsed_ms=1534 request=7 value=382 target=519 state=328 seq=7 model=yolo11n.onnx
TASK2_ACK seq=7
TASK3_STATUS_RECEIVED elapsed_ms=1640 request=7 value=319 state=319 sample=7 rtt_ms=106
TASK3_DETECTION model=yolo11n.onnx class=75 confidence_milli=832 center_x_milli=419 area_milli=61 target=419
TASK3_INFER elapsed_ms=1640 sample=8 output=200 infer_us=2 model=yolo11n.onnx target=419
TASK3_CONTROL_SENT elapsed_ms=1640 request=8 value=200 target=419 state=319 seq=8 model=yolo11n.onnx
TASK2_ACK seq=8
TASK3_STATUS_RECEIVED elapsed_ms=1751 request=8 value=251 state=251 sample=8 rtt_ms=111
TASK3_DETECTION model=yolo11n.onnx class=58 confidence_milli=871 center_x_milli=805 area_milli=29 target=519
TASK3_INFER elapsed_ms=1751 sample=9 output=536 infer_us=2 model=yolo11n.onnx target=519
TASK3_CONTROL_SENT elapsed_ms=1751 request=9 value=536 target=519 state=251 seq=9 model=yolo11n.onnx
TASK2_ACK seq=9
TASK3_STATUS_RECEIVED elapsed_ms=1860 request=9 value=328 state=328 sample=9 rtt_ms=109
TASK3_MODEL_REJECTED model=yolo11n.onnx reason=no_detection action=hold_last_target target=519
TASK3_INFER elapsed_ms=1860 sample=10 output=382 infer_us=1 model=yolo11n.onnx target=519
TASK3_CONTROL_SENT elapsed_ms=1860 request=10 value=382 target=519 state=328 seq=10 model=yolo11n.onnx
TASK2_ACK seq=10
TASK3_STATUS_RECEIVED elapsed_ms=1961 request=10 value=319 state=319 sample=10 rtt_ms=101
TASK3_DETECTION model=yolo11n.onnx class=75 confidence_milli=832 center_x_milli=419 area_milli=61 target=41

[Axvisor] attached VM[2] console; use Ctrl+X, then h to return to the shell
fter=251 dist=0
TASK2_STATUS_SENT seq=8
TASK2_ACK seq=8
TASK2_CONTROL_RECEIVED seq=9 request=9
TASK3_CONTROL_APPLIED request=9 value=536
TASK3_PLANT_STATE before=251 after=328 dist=0
TASK2_STATUS_SENT seq=9
TASK2_ACK seq=9
TASK2_CONTROL_RECEIVED seq=10 request=10
TASK3_CONTROL_APPLIED request=10 value=382
TASK3_PLANT_STATE before=328 after=319 dist=0
TASK2_STATUS_SENT seq=10
TASK2_ACK seq=10
TASK2_CONTROL_RECEIVED seq=11 request=11
TASK3_CONTROL_APPLIED request=11 value=200
TASK3_PLANT_STATE before=319 after=251 dist=0
TASK2_STATUS_SENT seq=11
TASK2_ACK seq=11
TASK3_DISTURBANCE change=150 at_ms=8030
TASK2_CONTROL_RECEIVED seq=12 request=12
TASK3_CONTROL_APPLIED request=12 value=536
TASK3_PLANT_STATE before=251 after=478 dist=150
TASK2_STATUS_SENT seq=12
TASK2_ACK seq=12

[Axvisor] attached VM[1] console; use Ctrl+X, then h to return to the shell
9
TASK3_INFER elapsed_ms=1961 sample=11 output=200 infer_us=2 model=yolo11n.onnx target=419
TASK3_CONTROL_SENT elapsed_ms=1961 request=11 value=200 target=419 state=319 seq=11 model=yolo11n.onnx
TASK2_ACK seq=11
TASK3_STATUS_RECEIVED elapsed_ms=2077 request=11 value=251 state=251 sample=11 rtt_ms=116
TASK3_DETECTION model=yolo11n.onnx class=58 confidence_milli=871 center_x_milli=805 area_milli=29 target=519
TASK3_INFER elapsed_ms=2077 sample=12 output=536 infer_us=3 model=yolo11n.onnx target=519
TASK3_CONTROL_SENT elapsed_ms=2077 request=12 value=536 target=519 state=251 seq=12 model=yolo11n.onnx
TASK2_ACK seq=12
TASK3_STATUS_RECEIVED elapsed_ms=2213 request=12 value=478 state=478 sample=12 rtt_ms=136
TASK3_MODEL_REJECTED model=yolo11n.onnx reason=no_detection action=hold_last_target target=519
TASK3_INFER elapsed_ms=2213 sample=13 output=82 infer_us=1 model=yolo11n.onnx target=519
TASK3_CONTROL_SENT elapsed_ms=2213 request=13 value=82 target=519 state=478 seq=13 model=yolo11n.onnx
TASK2_ACK seq=13
TASK3_STATUS_RECEIVED elapsed_ms=2331 request=13 value=448 state=448 sample=13 rtt_ms=118
TASK3_DETECTION model=yolo11n.onnx class=75 confidence_milli=832 center_x_milli=419 area_milli=61 target=419
TASK3_INFER elapsed_ms=2331 sample=14 output=0 infer_us=2 model=yolo11n.onnx target=419
TASK3_CONTROL_SENT elapsed_ms=2331 request=14 value=0 target=419 state=448 seq=14 model=yolo11n.onnx
TASK2_ACK seq=14
TASK3_STATUS_RECEIVED elapsed_ms=2440 request=14 value=403 state=403 sample=14 rtt_ms=109
TASK3_DETECTION model=yolo11n.onnx class=58 confidence_milli=871 center_x_milli=805 area_milli=29 target=519
TASK3_INFER elapsed_ms=2440 sample=15 output=232 infer_us=2 model=yolo11n.onnx target=519
TASK3_CONTROL_SENT elapsed_ms=2440 request=15 value=232 target=519 state=403 seq=15 model=yolo11n.onnx
TASK2_ACK seq=15
TASK3_STATUS_RECEIVED elapsed_ms=2551 request=15 value=460 state=460 sample=15 rtt_ms=111
TASK3_MODEL_REJECTED model=yolo11n.onnx reason=no_detection action=hold_last_target target=519
TASK3_INFER elapsed_ms=2551 sample=16 output=118 infer_us=1 model=yolo11n.onnx target=519
TASK3_CONTROL_SENT elapsed_ms=2551 request=16 value=118 target=519 state=460 seq=16 model=yolo11n.onnx
TASK2_ACK seq=16
TASK3_STATUS_RECEIVED elapsed_ms=2660 request=16 value=451 state=451 sample=16 rtt_ms=109
TASK3_DETECTION model=yolo11n.onnx class=75 confidence_milli=832 center_x_milli=419 area_milli=61 target=419
TASK3_INFER elapsed_ms=2660 sample=17 output=0 infer_us=2 model=yolo11n.onnx target=419
TASK3_CONTROL_SENT elapsed_ms=2660 request=17 value=0 target=419 state=451 seq=17 model=yolo11n.onnx
TASK2_ACK seq=17
TASK3_STATUS_RECEIVED elapsed_ms=2772 request=17 value=405 state=405 sample=17 rtt_ms=112
TASK3_DETECTION model=yolo11n.onnx class=58 confidence_milli=871 center_x_milli=805 area_milli=29 target=519
TASK3_INFER elapsed_ms=2772 sample=18 output=228 infer_us=2 model=yolo11n.onnx target=519
TASK3_CONTROL_SENT elapsed_ms=2772 request=18 value=228 target=519 state=405 seq=18 model=yolo11n.onnx
TASK2_ACK seq=18
TASK3_STATUS_RECEIVED elapsed_ms=3110 request=18 value=460 state=460 sample=18 rtt_ms=338
TASK3_MODEL_REJECTED model=yolo11n.onnx reason=no_detection action=hold_last_target target=519
TASK3_INFER elapsed_ms=3110 sample=19 output=118 infer_us=1 model=yolo11n.onnx target=519
TASK3_CONTROL_SENT elapsed_ms=3110 request=19 value=118 target=519 state=460 seq=19 model=yolo11n.onnx
TASK2_ACK seq=19
TASK3_STATUS_RECEIVED elapsed_ms=3217 request=19 value=451 state=451 sample=19 rtt_ms=107
TASK3_DETECTION model=yolo11n.onnx class=75 confidence_milli=832 center_x_milli=419 area_milli=61 target=419
TASK3_INFER elapsed_ms=3217 sample=20 output=0 infer_us=5 model=yolo11n.onnx target=419
TASK3_CONTROL_SENT elapsed_ms=3217 request=20 value=0 target=419 state=451 seq=20 model=yolo11n.onnx
TASK2_ACK seq=20
TASK3_STATUS_RECEIVED elapsed_ms=3336 request=20 value=405 state=405 sample=20 rtt_ms=119
TASK3_DETECTION model=yolo11n.onnx class=58 confidence_milli=871 center_x_milli=805 area_milli=29 target=519
TASK3_INFER elapsed_ms=3336 sample=21 output=228 infer_us=2 model=yolo11n.onnx target=519
TASK3_CONTROL_SENT elapsed_ms=3336 request=21 value=228 target=519 state=405 seq=21 model=yolo11n.onnx
TASK2_ACK seq=21
TASK3_STATUS_RECEIVED elapsed_ms=3685 request=21 value=460 state=460 sample=21 rtt_ms=349
TASK3_MODEL_REJECTED model=yolo11n.onnx reason=no_detection action=hold_last_target target=519
TASK3_INFER elapsed_ms=3685 sample=22 output=118 infer_us=1 model=yolo11n.onnx target=519
TASK3_CONTROL_SENT elapsed_ms=3685 request=22 value=118 target=519 state=460 seq=22 model=yolo11n.onnx
TASK2_ACK seq=22
TASK3_STATUS_RECEIVED elapsed_ms=3804 request=22 value=451 state=451 sample=22 rtt_ms=119
TASK3_DETECTION model=yolo11n.onnx class=75 confidence_milli=832 center_x_milli=419 area_milli=61 target=419
TASK3_INFER elapsed_ms=3804 sample=23 output=0 infer_us=2 model=yolo11n.onnx target=419
TASK3_CONTROL_SENT elapsed_ms=3804 request=23 value=0 target=419 state=451 seq=23 model=yolo11n.onnx
TASK2_ACK seq=23
TASK3_STATUS_RECEIVED elapsed_ms=3913 request=23 value=405 state=405 sample=23 rtt_ms=109
TASK3_DETECTION model=yolo11n.onnx class=58 confidence_milli=871 center_x_milli=805 area_milli=29 target=519
TASK3_INFER elapsed_ms=3913 sample=24 output=228 infer_us=2 model=yolo11n.onnx target=519
TASK3_CONTROL_SENT elapsed_ms=3913 request=24 value=228 target=519 state=405 seq=24 model=yolo11n.onnx
TASK2_ACK seq=24
TASK3_STATUS_RECEIVED elapsed_ms=4245 request=24 value=460 state=460 sample=24 rtt_ms=332
TASK3_MODEL_REJECTED model=yolo11n.onnx reason=no_detection action=hold_last_target target=519
TASK3_INFER elapsed_ms=4245 sample=25 output=118 infer_us=1 model=yolo11n.onnx target=519
TASK3_CONTROL_SENT elapsed_ms=4245 request=25 value=118 target=519 state=460 seq=25 model=yolo11n.onnx
TASK2_ACK seq=25
TASK3_STATUS_RECEIVED elapsed_ms=4352 request=25 value=451 state=451 sample=25 rtt_ms=107
TASK3_DETECTION model=yolo11n.onnx class=75 confidence_milli=832 center_x_milli=419 area_milli=61 target=419
TASK3_INFER elapsed_ms=4352 sample=26 output=0 infer_us=2 model=yolo11n.onnx target=419
TASK3_CONTROL_SENT elapsed_ms=4352 request=26 value=0 target=419 state=451 seq=26 model=yolo11n.onnx
TASK2_ACK seq=26
TASK3_STATUS_RECEIVED elapsed_ms=4466 request=26 value=405 state=405 sample=26 rtt_ms=114
TASK3_DETECTION model=yolo11n.onnx class=58 confidence_milli=871 center_x_milli=805 area_milli=29 target=519
TASK3_INFER elapsed_ms=4466 sample=27 output=228 infer_us=2 model=yolo11n.onnx target=519
TASK3_CONTROL_SENT elapsed_ms=4466 request=27 value=228 target=519 state=405 seq=27 model=yolo11n.onnx
TASK2_ACK seq=27
TASK3_STATUS_RECEIVED elapsed_ms=4800 request=27 value=460 state=460 sample=27 rtt_ms=334
TASK3_MODEL_REJECTED model=yolo11n.onnx reason=no_detection action=hold_last_target target=519
TASK3_INFER elapsed_ms=4800 sample=28 output=118 infer_us=1 model=yolo11n.onnx target=519
TASK3_CONTROL_SENT elapsed_ms=4800 request=28 value=118 target=519 state=460 seq=28 model=yolo11n.onnx
TASK2_ACK seq=28
TASK3_STATUS_RECEIVED elapsed_ms=4921 request=28 value=451 state=451 sample=28 rtt_ms=121
TASK3_DETECTION model=yolo11n.onnx class=75 confidence_milli=832 center_x_milli=419 area_milli=61 target=419
TASK3_INFER elapsed_ms=4921 sample=29 output=0 infer_us=2 model=yolo11n.onnx target=419
TASK3_CONTROL_SENT elapsed_ms=4921 request=29 value=0 target=419 state=451 seq=29 model=yolo11n.onnx
TASK2_ACK seq=29
TASK3_STATUS_RECEIVED elapsed_ms=5037 request=29 value=405 state=405 sample=29 rtt_ms=116
TASK3_DETECTION model=yolo11n.onnx class=58 confidence_milli=871 center_x_milli=805 area_milli=29 target=519
TASK3_INFER elapsed_ms=5037 sample=30 output=228 infer_us=2 model=yolo11n.onnx target=519
TASK3_CONTROL_SENT elapsed_ms=5037 request=30 value=228 target=519 state=405 seq=30 model=yolo11n.onnx
TASK2_HEARTBEAT_RECEIVED peer_uptime_ms=11180
TASK2_ACK seq=30
TASK3_STATUS_RECEIVED elapsed_ms=5382 request=30 value=460 state=460 sample=30 rtt_ms=345
TASK3_MODEL_REJECTED model=yolo11n.onnx reason=no_detection action=hold_last_target target=519
TASK3_INFER elapsed_ms=5382 sample=31 output=118 infer_us=1 model=yolo11n.onnx target=519
TASK3_CONTROL_SENT elapsed_ms=5382 request=31 value=118 target=519 state=460 seq=31 model=yolo11n.onnx
TASK2_ACK seq=31
TASK3_STATUS_RECEIVED elapsed_ms=5501 request=31 value=451 state=451 sample=31 rtt_ms=119
TASK3_DETECTION model=yolo11n.onnx class=75 confidence_milli=832 center_x_milli=419 area_milli=61 target=419
TASK3_INFER elapsed_ms=5501 sample=32 output=0 infer_us=3 model=yolo11n.onnx target=419
TASK3_CONTROL_SENT elapsed_ms=5501 request=32 value=0 target=419 state=451 seq=32 model=yolo11n.onnx
TASK2_ACK seq=32
TASK3_STATUS_RECEIVED elapsed_ms=5621 request=32 value=405 state=405 sample=32 rtt_ms=120
TASK3_DETECTION model=yolo11n.onnx class=58 confidence_milli=871 center_x_milli=805 area_milli=29 target=519
TASK3_INFER elapsed_ms=5621 sample=33 output=228 infer_us=3 model=yolo11n.onnx target=519
TASK3_CONTROL_SENT elapsed_ms=5621 request=33 value=228 target=519 state=405 seq=33 model=yolo11n.onnx
TASK2_HEARTBEAT_RECEIVED peer_uptime_ms=11720
TASK2_ACK seq=33
TASK3_STATUS_RECEIVED elapsed_ms=5960 request=33 value=460 state=460 sample=33 rtt_ms=339
TASK3_MODEL_REJECTED model=yolo11n.onnx reason=no_detection action=hold_last_target target=519
TASK3_INFER elapsed_ms=5960 sample=34 output=118 infer_us=1 model=yolo11n.onnx target=519
TASK3_CONTROL_SENT elapsed_ms=5960 request=34 value=118 target=519 state=460 seq=34 model=yolo11n.onnx
TASK2_ACK seq=34
TASK3_STATUS_RECEIVED elapsed_ms=6076 request=34 value=451 state=451 sample=34 rtt_ms=116
TASK3_DETECTION model=yolo11n.onnx class=75 confidence_milli=832 center_x_milli=419 area_milli=61 target=419
TASK3_INFER elapsed_ms=6076 sample=35 output=0 infer_us=2 model=yolo11n.onnx target=419
TASK3_CONTROL_SENT elapsed_ms=6076 request=35 value=0 target=419 state=451 seq=35 model=yolo11n.onnx
TASK2_ACK seq=35
TASK3_STATUS_RECEIVED elapsed_ms=6437 request=35 value=405 state=405 sample=35 rtt_ms=361
TASK3_DETECTION model=yolo11n.onnx class=58 confidence_milli=871 center_x_milli=805 area_milli=29 target=519
TASK3_INFER elapsed_ms=6437 sample=36 output=228 infer_us=2 model=yolo11n.onnx target=519
TASK3_CONTROL_SENT elapsed_ms=6437 request=36 value=228 target=519 state=405 seq=36 model=yolo11n.onnx
TASK2_ACK seq=36
TASK3_STATUS_RECEIVED elapsed_ms=6552 request=36 value=460 state=460 sample=36 rtt_ms=115
TASK3_MODEL_REJECTED model=yolo11n.onnx reason=no_detection action=hold_last_target target=519
TASK3_INFER elapsed_ms=6552 sample=37 output=118 infer_us=1 model=yolo11n.onnx target=519
TASK3_CONTROL_SENT elapsed_ms=6552 request=37 value=118 target=519 state=460 seq=37 model=yolo11n.onnx
TASK2_ACK seq=37
TASK3_STATUS_RECEIVED elapsed_ms=6668 request=37 value=451 state=451 sample=37 rtt_ms=116
TASK3_DETECTION model=yolo11n.onnx class=75 confidence_milli=832 center_x_milli=419 area_milli=61 target=419
TASK3_INFER elapsed_ms=6668 sample=38 output=0 infer_us=2 model=yolo11n.onnx target=419
TASK3_CONTROL_SENT elapsed_ms=6668 request=38 value=0 target=419 state=451 seq=38 model=yolo11n.onnx
TASK2_ACK seq=38
TASK3_STATUS_RECEIVED elapsed_ms=7029 request=38 value=405 state=405 sample=38 rtt_ms=361
TASK3_DETECTION model=yolo11n.onnx class=58 confidence_milli=871 center_x_milli=805 area_milli=29 target=519
TASK3_INFER elapsed_ms=7029 sample=39 output=228 infer_us=4 model=yolo11n.onnx target=519
TASK3_CONTROL_SENT elapsed_ms=7029 request=39 value=228 target=519 state=405 seq=39 model=yolo11n.onnx
TASK2_ACK seq=39
TASK3_STATUS_RECEIVED elapsed_ms=7155 request=39 value=460 state=460 sample=39 rtt_ms=126
TASK3_MODEL_REJECTED model=yolo11n.onnx reason=no_detection action=hold_last_target target=519
TASK3_INFER elapsed_ms=7155 sample=40 output=118 infer_us=1 model=yolo11n.onnx target=519
TASK3_CONTROL_SENT elapsed_ms=7155 request=40 value=118 target=519 state=460 seq=40 model=yolo11n.onnx
TASK2_ACK seq=40
TASK3_STATUS_RECEIVED elapsed_ms=7275 request=40 value=451 state=451 sample=40 rtt_ms=120
TASK3_DETECTION model=yolo11n.onnx class=75 confidence_milli=832 center_x_milli=419 area_milli=61 target=419
TASK3_INFER elapsed_ms=7275 sample=41 output=0 infer_us=3 model=yolo11n.onnx target=419
TASK3_CONTROL_SENT elapsed_ms=7275 request=41 value=0 target=419 state=451 seq=41 model=yolo11n.onnx
TASK2_HEARTBEAT_RECEIVED peer_uptime_ms=13390
TASK2_ACK seq=41
TASK3_STATUS_RECEIVED elapsed_ms=7612 request=41 value=405 state=405 sample=41 rtt_ms=337
TASK3_DETECTION model=yolo11n.onnx class=58 confidence_milli=871 center_x_milli=805 area_milli=29 target=519
TASK3_INFER elapsed_ms=7612 sample=42 output=228 infer_us=3 model=yolo11n.onnx target=519
TASK3_CONTROL_SENT elapsed_ms=7612 request=42 value=228 target=519 state=405 seq=42 model=yolo11n.onnx
TASK2_ACK seq=42
TASK3_STATUS_RECEIVED elapsed_ms=7731 request=42 value=460 state=460 sample=42 rtt_ms=119
TASK3_MODEL_REJECTED model=yolo11n.onnx reason=no_detection action=hold_last_target target=519
TASK3_INFER elapsed_ms=7731 sample=43 output=118 infer_us=1 model=yolo11n.onnx target=519
TASK3_CONTROL_SENT elapsed_ms=7731 request=43 value=118 target=519 state=460 seq=43 model=yolo11n.onnx
TASK2_ACK seq=43
TASK3_STATUS_RECEIVED elapsed_ms=7843 request=43 value=451 state=451 sample=43 rtt_ms=112
TASK3_DETECTION model=yolo11n.onnx class=75 confidence_milli=832 center_x_milli=419 area_milli=61 target=419
TASK3_INFER elapsed_ms=7843 sample=44 output=0 infer_us=3 model=yolo11n.onnx target=419
TASK3_CONTROL_SENT elapsed_ms=7843 request=44 value=0 target=419 state=451 seq=44 model=yolo11n.onnx
TASK2_HEARTBEAT_RECEIVED peer_uptime_ms=13950
TASK2_ACK seq=44
TASK3_STATUS_RECEIVED elapsed_ms=8187 request=44 value=405 state=405 sample=44 rtt_ms=344
TASK3_DETECTION model=yolo11n.onnx class=58 confidence_milli=871 center_x_milli=805 area_milli=29 target=519
TASK3_INFER elapsed_ms=8187 sample=45 output=228 infer_us=4 model=yolo11n.onnx target=519
TASK3_CONTROL_SENT elapsed_ms=8187 request=45 value=228 target=519 state=405 seq=45 model=yolo11n.onnx
TASK2_ACK seq=45
TASK3_STATUS_RECEIVED elapsed_ms=8312 request=45 value=460 state=460 sample=45 rtt_ms=125
TASK3_MODEL_REJECTED model=yolo11n.onnx reason=no_detection action=hold_last_target target=519
TASK3_INFER elapsed_ms=8312 sample=46 output=118 infer_us=1 model=yolo11n.onnx target=519
TASK3_CONTROL_SENT elapsed_ms=8312 request=46 value=118 target=519 state=460 seq=46 model=yolo11n.onnx
TASK2_ACK seq=46
TASK3_STATUS_RECEIVED elapsed_ms=8675 request=46 value=451 state=451 sample=46 rtt_ms=363
TASK3_DETECTION model=yolo11n.onnx class=75 confidence_milli=832 center_x_milli=419 area_milli=61 target=419
TASK3_INFER elapsed_ms=8675 sample=47 output=0 infer_us=4 model=yolo11n.onnx target=419
TASK3_CONTROL_SENT elapsed_ms=8675 request=47 value=0 target=419 state=451 seq=47 model=yolo11n.onnx
TASK2_ACK seq=47
TASK3_STATUS_RECEIVED elapsed_ms=8797 request=47 value=405 state=405 sample=47 rtt_ms=122
TASK3_DETECTION model=yolo11n.onnx class=58 confidence_milli=871 center_x_milli=805 area_milli=29 target=519
TASK3_INFER elapsed_ms=8797 sample=48 output=228 infer_us=4 model=yolo11n.onnx target=519
TASK3_CONTROL_SENT elapsed_ms=8797 request=48 value=228 target=519 state=405 seq=48 model=yolo11n.onnx
TASK2_ACK seq=48
TASK3_STATUS_RECEIVED elapsed_ms=8924 request=48 value=460 state=460 sample=48 rtt_ms=127
TASK3_MODEL_REJECTED model=yolo11n.onnx reason=no_detection action=hold_last_target target=519
TASK3_INFER elapsed_ms=8924 sample=49 output=118 infer_us=1 model=yolo11n.onnx target=519
TASK3_CONTROL_SENT elapsed_ms=8924 request=49 value=118 target=519 state=460 seq=49 model=yolo11n.onnx
TASK2_ACK seq=49
TASK3_STATUS_RECEIVED elapsed_ms=9250 request=49 value=451 state=451 sample=49 rtt_ms=326
TASK3_DETECTION model=yolo11n.onnx class=75 confidence_milli=832 center_x_milli=419 area_milli=61 target=419
TASK3_INFER elapsed_ms=9250 sample=50 output=0 infer_us=2 model=yolo11n.onnx target=419
TASK3_CONTROL_SENT elapsed_ms=9250 request=50 value=0 target=419 state=451 seq=50 model=yolo11n.onnx
TASK2_ACK seq=50
TASK3_STATUS_RECEIVED elapsed_ms=9363 request=50 value=405 state=405 sample=50 rtt_ms=113
TASK3_DETECTION model=yolo11n.onnx class=58 confidence_milli=871 center_x_milli=805 area_milli=29 target=519
TASK3_INFER elapsed_ms=9363 sample=51 output=228 infer_us=2 model=yolo11n.onnx target=519
TASK3_CONTROL_SENT elapsed_ms=9363 request=51 value=228 target=519 state=405 seq=51 model=yolo11n.onnx
TASK2_ACK seq=51
TASK3_STATUS_RECEIVED elapsed_ms=9473 request=51 value=460 state=460 sample=51 rtt_ms=110
TASK3_MODEL_REJECTED model=yolo11n.onnx reason=no_detection action=hold_last_target target=519
TASK3_INFER elapsed_ms=9473 sample=52 output=118 infer_us=1 model=yolo11n.onnx target=519
TASK3_CONTROL_SENT elapsed_ms=9473 request=52 value=118 target=519 state=460 seq=52 model=yolo11n.onnx
TASK2_ACK seq=52
TASK3_STATUS_RECEIVED elapsed_ms=9800 request=52 value=451 state=451 sample=52 rtt_ms=327
TASK3_DETECTION model=yolo11n.onnx class=75 confidence_milli=832 center_x_milli=419 area_milli=61 target=419
TASK3_INFER elapsed_ms=9800 sample=53 output=0 infer_us=2 model=yolo11n.onnx target=419
TASK3_CONTROL_SENT elapsed_ms=9800 request=53 value=0 target=419 state=451 seq=53 model=yolo11n.onnx
TASK2_ACK seq=53
TASK3_STATUS_RECEIVED elapsed_ms=9909 request=53 value=405 state=405 sample=53 rtt_ms=109
TASK3_DETECTION model=yolo11n.onnx class=58 confidence_milli=871 center_x_milli=805 area_milli=29 target=519
TASK3_INFER elapsed_ms=9909 sample=54 output=228 infer_us=2 model=yolo11n.onnx target=519
TASK3_CONTROL_SENT elapsed_ms=9909 request=54 value=228 target=519 state=405 seq=54 model=yolo11n.onnx
TASK2_ACK seq=54
TASK3_STATUS_RECEIVED elapsed_ms=10021 request=54 value=460 state=460 sample=54 rtt_ms=112
TASK3_MODEL_REJECTED model=yolo11n.onnx reason=no_detection action=hold_last_target target=519
TASK3_INFER elapsed_ms=10021 sample=55 output=118 infer_us=1 model=yolo11n.onnx target=519
TASK3_CONTROL_SENT elapsed_ms=10021 request=55 value=118 target=519 state=460 seq=55 model=yolo11n.onnx
TASK2_ACK seq=55
TASK3_STATUS_RECEIVED elapsed_ms=10359 request=55 value=451 state=451 sample=55 rtt_ms=338
TASK3_DETECTION model=yolo11n.onnx class=75 confidence_milli=832 center_x_milli=419 area_milli=61 target=419
TASK3_INFER elapsed_ms=10359 sample=56 output=0 infer_us=2 model=yolo11n.onnx target=419
TASK3_CONTROL_SENT elapsed_ms=10359 request=56 value=0 target=419 state=451 seq=56 model=yolo11n.onnx
TASK2_ACK seq=56
TASK3_STATUS_RECEIVED elapsed_ms=10480 request=56 value=405 state=405 sample=56 rtt_ms=121
TASK3_DETECTION model=yolo11n.onnx class=58 confidence_milli=871 center_x_milli=805 area_milli=29 target=519
TASK3_INFER elapsed_ms=10480 sample=57 output=228 infer_us=2 model=yolo11n.onnx target=519
TASK3_CONTROL_SENT elapsed_ms=10480 request=57 value=228 target=519 state=405 seq=57 model=yolo11n.onnx
TASK2_ACK seq=57
TASK3_STATUS_RECEIVED elapsed_ms=10593 request=57 value=460 state=460 sample=57 rtt_ms=113
TASK3_MODEL_REJECTED model=yolo11n.onnx reason=no_detection action=hold_last_target target=519
TASK3_INFER elapsed_ms=10593 sample=58 output=118 infer_us=1 model=yolo11n.onnx target=519
TASK3_CONTROL_SENT elapsed_ms=10593 request=58 value=118 target=519 state=460 seq=58 model=yolo11n.onnx
TASK2_HEARTBEAT_RECEIVED peer_uptime_ms=16710
TASK2_ACK seq=58
TASK3_STATUS_RECEIVED elapsed_ms=10948 request=58 value=451 state=451 sample=58 rtt_ms=355
TASK3_DETECTION model=yolo11n.onnx class=75 confidence_milli=832 center_x_milli=419 area_milli=61 target=419
TASK3_INFER elapsed_ms=10948 sample=59 output=0 infer_us=2 model=yolo11n.onnx target=419
TASK3_CONTROL_SENT elapsed_ms=10948 request=59 value=0 target=419 state=451 seq=59 model=yolo11n.onnx
TASK2_ACK seq=59
TASK3_STATUS_RECEIVED elapsed_ms=11061 request=59 value=405 state=405 sample=59 rtt_ms=113
TASK3_DETECTION model=yolo11n.onnx class=58 confidence_milli=871 center_x_milli=805 area_milli=29 target=519
TASK3_INFER elapsed_ms=11061 sample=60 output=228 infer_us=2 model=yolo11n.onnx target=519
TASK3_CONTROL_SENT elapsed_ms=11061 request=60 value=228 target=519 state=405 seq=60 model=yolo11n.onnx
TASK2_ACK seq=60
TASK3_STATUS_RECEIVED elapsed_ms=11177 request=60 value=310 state=310 sample=60 rtt_ms=116
TASK3_MODEL_REJECTED model=yolo11n.onnx reason=no_detection action=hold_last_target target=519
TASK3_INFER elapsed_ms=11177 sample=61 output=418 infer_us=1 model=yolo11n.onnx target=519
TASK3_CONTROL_SENT elapsed_ms=11177 request=61 value=418 target=519 state=310 seq=61 model=yolo11n.onnx
TASK2_HEARTBEAT_RECEIVED peer_uptime_ms=17290
TASK2_ACK seq=61
TASK3_STATUS_RECEIVED elapsed_ms=11516 request=61 value=321 state=321 sample=61 rtt_ms=339
TASK3_DETECTION model=yolo11n.onnx class=75 confidence_milli=832 center_x_milli=419 area_milli=61 target=419
TASK3_INFER elapsed_ms=11516 sample=62 output=196 infer_us=2 model=yolo11n.onnx target=419
TASK3_CONTROL_SENT elapsed_ms=11516 request=62 value=196 target=419 state=321 seq=62 model=yolo11n.onnx
TASK2_ACK seq=62
TASK3_STATUS_RECEIVED elapsed_ms=11628 request=62 value=251 state=251 sample=62 rtt_ms=112
TASK3_DETECTION model=yolo11n.onnx class=58 confidence_milli=871 center_x_milli=805 area_milli=29 target=519
TASK3_INFER elapsed_ms=11628 sample=63 output=536 infer_us=2 model=yolo11n.onnx target=519
TASK3_CONTROL_SENT elapsed_ms=11628 request=63 value=536 target=519 state=251 seq=63 model=yolo11n.onnx
TASK2_ACK seq=63
TASK3_STATUS_RECEIVED elapsed_ms=12007 request=63 value=328 state=328 sample=63 rtt_ms=379
TASK3_MODEL_REJECTED model=yolo11n.onnx reason=no_detection action=hold_last_target target=519
TASK3_INFER elapsed_ms=12007 sample=64 output=382 infer_us=1 model=yolo11n.onnx target=519
TASK3_CONTROL_SENT elapsed_ms=12007 request=64 value=382 target=519 state=328 seq=64 model=yolo11n.onnx
TASK2_ACK seq=64
TASK3_STATUS_RECEIVED elapsed_ms=12121 request=64 value=319 state=319 sample=64 rtt_ms=114
TASK3_DETECTION model=yolo11n.onnx class=75 confidence_milli=832 center_x_milli=419 area_milli=61 target=419
TASK3_INFER elapsed_ms=12121 sample=65 output=200 infer_us=2 model=yolo11n.onnx target=419
TASK3_CONTROL_SENT elapsed_ms=12121 request=65 value=200 target=419 state=319 seq=65 model=yolo11n.onnx
TASK2_ACK seq=65
TASK3_STATUS_RECEIVED elapsed_ms=12243 request=65 value=251 state=251 sample=65 rtt_ms=122
TASK3_DETECTION model=yolo11n.onnx class=58 confidence_milli=871 center_x_milli=805 area_milli=29 target=519
TASK3_INFER elapsed_ms=12243 sample=66 output=536 infer_us=2 model=yolo11n.onnx target=519
TASK3_CONTROL_SENT elapsed_ms=12243 request=66 value=536 target=519 state=251 seq=66 model=yolo11n.onnx
TASK2_HEARTBEAT_RECEIVED peer_uptime_ms=18410
TASK2_ACK seq=66
TASK3_STATUS_RECEIVED elapsed_ms=12612 request=66 value=328 state=328 sample=66 rtt_ms=369
TASK3_MODEL_REJECTED model=yolo11n.onnx reason=no_detection action=hold_last_target target=519
TASK3_INFER elapsed_ms=12612 sample=67 output=382 infer_us=0 model=yolo11n.onnx target=519
TASK3_CONTROL_SENT elapsed_ms=12612 request=67 value=382 target=519 state=328 seq=67 model=yolo11n.onnx
TASK2_ACK seq=67
TASK3_STATUS_RECEIVED elapsed_ms=12720 request=67 value=319 state=319 sample=67 rtt_ms=108
TASK3_DETECTION model=yolo11n.onnx class=75 confidence_milli=832 center_x_milli=419 area_milli=61 target=419
TASK3_INFER elapsed_ms=12720 sample=68 output=200 infer_us=2 model=yolo11n.onnx target=419
TASK3_CONTROL_SENT elapsed_ms=12720 request=68 value=200 target=419 state=319 seq=68 model=yolo11n.onnx
TASK2_ACK seq=68
TASK3_STATUS_RECEIVED elapsed_ms=12841 request=68 value=251 state=251 sample=68 rtt_ms=121
TASK3_DETECTION model=yolo11n.onnx class=58 confidence_milli=871 center_x_milli=805 area_milli=29 target=519
TASK3_INFER elapsed_ms=12841 sample=69 output=536 infer_us=3 model=yolo11n.onnx target=519
TASK3_CONTROL_SENT elapsed_ms=12841 request=69 value=536 target=519 state=251 seq=69 model=yolo11n.onnx
TASK2_ACK seq=69
TASK3_STATUS_RECEIVED elapsed_ms=13153 request=69 value=328 state=328 sample=69 rtt_ms=312
TASK3_MODEL_REJECTED model=yolo11n.onnx reason=no_detection action=hold_last_target target=519
TASK3_INFER elapsed_ms=13153 sample=70 output=382 infer_us=1 model=yolo11n.onnx target=519
TASK3_CONTROL_SENT elapsed_ms=13153 request=70 value=382 target=519 state=328 seq=70 model=yolo11n.onnx
TASK2_ACK seq=70
TASK3_STATUS_RECEIVED elapsed_ms=13276 request=70 value=319 state=319 sample=70 rtt_ms=123
TASK3_DETECTION model=yolo11n.onnx class=75 confidence_milli=832 center_x_milli=419 area_milli=61 target=419
TASK3_INFER elapsed_ms=13276 sample=71 output=200 infer_us=2 model=yolo11n.onnx target=419
TASK3_CONTROL_SENT elapsed_ms=13276 request=71 value=200 target=419 state=319 seq=71 model=yolo11n.onnx
TASK2_ACK seq=71
TASK3_STATUS_RECEIVED elapsed_ms=13389 request=71 value=251 state=251 sample=71 rtt_ms=113
TASK3_DETECTION model=yolo11n.onnx class=58 confidence_milli=871 center_x_milli=805 area_milli=29 target=519
TASK3_INFER elapsed_ms=13389 sample=72 output=536 infer_us=2 model=yolo11n.onnx target=519
TASK3_CONTROL_SENT elapsed_ms=13389 request=72 value=536 target=519 state=251 seq=72 model=yolo11n.onnx
TASK2_ACK seq=72
TASK3_STATUS_RECEIVED elapsed_ms=13716 request=72 value=328 state=328 sample=72 rtt_ms=327
TASK3_MODEL_REJECTED model=yolo11n.onnx reason=no_detection action=hold_last_target target=519
TASK3_INFER elapsed_ms=13716 sample=73 output=382 infer_us=1 model=yolo11n.onnx target=519
TASK3_CONTROL_SENT elapsed_ms=13716 request=73 value=382 target=519 state=328 seq=73 model=yolo11n.onnx
TASK2_ACK seq=73
TASK3_STATUS_RECEIVED elapsed_ms=13825 request=73 value=319 state=319 sample=73 rtt_ms=109
TASK3_DETECTION model=yolo11n.onnx class=75 confidence_milli=832 center_x_milli=419 area_milli=61 target=419
TASK3_INFER elapsed_ms=13825 sample=74 output=200 infer_us=2 model=yolo11n.onnx target=419
TASK3_CONTROL_SENT elapsed_ms=13825 request=74 value=200 target=419 state=319 seq=74 model=yolo11n.onnx
TASK2_ACK seq=74
TASK3_STATUS_RECEIVED elapsed_ms=13946 request=74 value=251 state=251 sample=74 rtt_ms=121
TASK3_DETECTION model=yolo11n.onnx class=58 confidence_milli=871 center_x_milli=805 area_milli=29 target=519
TASK3_INFER elapsed_ms=13946 sample=75 output=536 infer_us=2 model=yolo11n.onnx target=519
TASK3_CONTROL_SENT elapsed_ms=13946 request=75 value=536 target=519 state=251 seq=75 model=yolo11n.onnx
TASK2_HEARTBEAT_RECEIVED peer_uptime_ms=20100
TASK2_ACK seq=75
TASK3_STATUS_RECEIVED elapsed_ms=14305 request=75 value=328 state=328 sample=75 rtt_ms=359
TASK3_MODEL_REJECTED model=yolo11n.onnx reason=no_detection action=hold_last_target target=519
TASK3_INFER elapsed_ms=14305 sample=76 output=382 infer_us=1 model=yolo11n.onnx target=519
TASK3_CONTROL_SENT elapsed_ms=14305 request=76 value=382 target=519 state=328 seq=76 model=yolo11n.onnx
TASK2_ACK seq=76
TASK3_STATUS_RECEIVED elapsed_ms=14413 request=76 value=319 state=319 sample=76 rtt_ms=108
TASK3_DETECTION model=yolo11n.onnx class=75 confidence_milli=832 center_x_milli=419 area_milli=61 target=419
TASK3_INFER elapsed_ms=14413 sample=77 output=200 infer_us=2 model=yolo11n.onnx target=419
TASK3_CONTROL_SENT elapsed_ms=14413 request=77 value=200 target=419 state=319 seq=77 model=yolo11n.onnx
TASK2_ACK seq=77
TASK3_STATUS_RECEIVED elapsed_ms=14523 request=77 value=251 state=251 sample=77 rtt_ms=110
TASK3_DETECTION model=yolo11n.onnx class=58 confidence_milli=871 center_x_milli=805 area_milli=29 target=519
TASK3_INFER elapsed_ms=14523 sample=78 output=536 infer_us=2 model=yolo11n.onnx target=519
TASK3_CONTROL_SENT elapsed_ms=14523 request=78 value=536 target=519 state=251 seq=78 model=yolo11n.onnx
TASK2_ACK seq=78
TASK3_STATUS_RECEIVED elapsed_ms=14844 request=78 value=328 state=328 sample=78 rtt_ms=321
TASK3_MODEL_REJECTED model=yolo11n.onnx reason=no_detection action=hold_last_target target=519
TASK3_INFER elapsed_ms=14844 sample=79 output=382 infer_us=1 model=yolo11n.onnx target=519
TASK3_CONTROL_SENT elapsed_ms=14844 request=79 value=382 target=519 state=328 seq=79 model=yolo11n.onnx
TASK2_ACK seq=79
TASK3_STATUS_RECEIVED elapsed_ms=14963 request=79 value=319 state=319 sample=79 rtt_ms=119
TASK3_DETECTION model=yolo11n.onnx class=75 confidence_milli=832 center_x_milli=419 area_milli=61 target=419
TASK3_INFER elapsed_ms=14963 sample=80 output=200 infer_us=2 model=yolo11n.onnx target=419
TASK3_CONTROL_SENT elapsed_ms=14963 request=80 value=200 target=419 state=319 seq=80 model=yolo11n.onnx
TASK2_ACK seq=80
TASK3_STATUS_RECEIVED elapsed_ms=15073 request=80 value=251 state=251 sample=80 rtt_ms=110
TASK3_DETECTION model=yolo11n.onnx class=58 confidence_milli=871 center_x_milli=805 area_milli=29 target=519
TASK3_INFER elapsed_ms=15073 sample=81 output=536 infer_us=2 model=yolo11n.onnx target=519
TASK3_CONTROL_SENT elapsed_ms=15073 request=81 value=536 target=519 state=251 seq=81 model=yolo11n.onnx
TASK2_ACK seq=81
TASK3_STATUS_RECEIVED elapsed_ms=15405 request=81 value=328 state=328 sample=81 rtt_ms=332
TASK3_MODEL_REJECTED model=yolo11n.onnx reason=no_detection action=hold_last_target target=519
TASK3_INFER elapsed_ms=15405 sample=82 output=382 infer_us=1 model=yolo11n.onnx target=519
TASK3_CONTROL_SENT elapsed_ms=15405 request=82 value=382 target=519 state=328 seq=82 model=yolo11n.onnx
TASK2_ACK seq=82
TASK3_STATUS_RECEIVED elapsed_ms=15516 request=82 value=319 state=319 sample=82 rtt_ms=111
TASK3_DETECTION model=yolo11n.onnx class=75 confidence_milli=832 center_x_milli=419 area_milli=61 target=419
TASK3_INFER elapsed_ms=15516 sample=83 output=200 infer_us=2 model=yolo11n.onnx target=419
TASK3_CONTROL_SENT elapsed_ms=15516 request=83 value=200 target=419 state=319 seq=83 model=yolo11n.onnx
TASK2_ACK seq=83
TASK3_STATUS_RECEIVED elapsed_ms=15628 request=83 value=251 state=251 sample=83 rtt_ms=112
TASK3_DETECTION model=yolo11n.onnx class=58 confidence_milli=871 center_x_milli=805 area_milli=29 target=519
TASK3_INFER elapsed_ms=15628 sample=84 output=536 infer_us=2 model=yolo11n.onnx target=519
TASK3_CONTROL_SENT elapsed_ms=15628 request=84 value=536 target=519 state=251 seq=84 model=yolo11n.onnx
TASK2_ACK seq=84
TASK3_STATUS_RECEIVED elapsed_ms=15961 request=84 value=328 state=328 sample=84 rtt_ms=333
TASK3_MODEL_REJECTED model=yolo11n.onnx reason=no_detection action=hold_last_target target=519
TASK3_INFER elapsed_ms=15961 sample=85 output=382 infer_us=1 model=yolo11n.onnx target=519
TASK3_CONTROL_SENT elapsed_ms=15961 request=85 value=382 target=519 state=328 seq=85 model=yolo11n.onnx
TASK2_ACK seq=85
TASK3_STATUS_RECEIVED elapsed_ms=16073 request=85 value=319 state=319 sample=85 rtt_ms=112
TASK3_DETECTION model=yolo11n.onnx class=75 confidence_milli=832 center_x_milli=419 area_milli=61 target=419
TASK3_INFER elapsed_ms=16073 sample=86 output=200 infer_us=3 model=yolo11n.onnx target=419
TASK3_CONTROL_SENT elapsed_ms=16073 request=86 value=200 target=419 state=319 seq=86 model=yolo11n.onnx
TASK2_ACK seq=86
TASK3_STATUS_RECEIVED elapsed_ms=16185 request=86 value=251 state=251 sample=86 rtt_ms=112
TASK3_DETECTION model=yolo11n.onnx class=58 confidence_milli=871 center_x_milli=805 area_milli=29 target=519
TASK3_INFER elapsed_ms=16185 sample=87 output=536 infer_us=2 model=yolo11n.onnx target=519
TASK3_CONTROL_SENT elapsed_ms=16185 request=87 value=536 target=519 state=251 seq=87 model=yolo11n.onnx
TASK2_ACK seq=87
TASK3_STATUS_RECEIVED elapsed_ms=16513 request=87 value=328 state=328 sample=87 rtt_ms=328
TASK3_MODEL_REJECTED model=yolo11n.onnx reason=no_detection action=hold_last_target target=519
TASK3_INFER elapsed_ms=16513 sample=88 output=382 infer_us=1 model=yolo11n.onnx target=519
TASK3_CONTROL_SENT elapsed_ms=16513 request=88 value=382 target=519 state=328 seq=88 model=yolo11n.onnx
TASK2_ACK seq=88
TASK3_STATUS_RECEIVED elapsed_ms=16623 request=88 value=319 state=319 sample=88 rtt_ms=110
TASK3_DETECTION model=yolo11n.onnx class=75 confidence_milli=832 center_x_milli=419 area_milli=61 target=419
TASK3_INFER elapsed_ms=16623 sample=89 output=200 infer_us=2 model=yolo11n.onnx target=419
TASK3_CONTROL_SENT elapsed_ms=16623 request=89 value=200 target=419 state=319 seq=89 model=yolo11n.onnx
TASK2_ACK seq=89
TASK3_STATUS_RECEIVED elapsed_ms=16745 request=89 value=251 state=251 sample=89 rtt_ms=122
TASK3_DETECTION model=yolo11n.onnx class=58 confidence_milli=871 center_x_milli=805 area_milli=29 target=519
TASK3_INFER elapsed_ms=16745 sample=90 output=536 infer_us=2 model=yolo11n.onnx target=519
TASK3_CONTROL_SENT elapsed_ms=16745 request=90 value=536 target=519 state=251 seq=90 model=yolo11n.onnx
TASK2_ACK seq=90
TASK3_STATUS_RECEIVED elapsed_ms=17056 request=90 value=328 state=328 sample=90 rtt_ms=311
TASK3_MODEL_REJECTED model=yolo11n.onnx reason=no_detection action=hold_last_target target=519
TASK3_INFER elapsed_ms=17056 sample=91 output=382 infer_us=0 model=yolo11n.onnx target=519
TASK3_CONTROL_SENT elapsed_ms=17056 request=91 value=382 target=519 state=328 seq=91 model=yolo11n.onnx
TASK2_ACK seq=91
TASK3_STATUS_RECEIVED elapsed_ms=17165 request=91 value=319 state=319 sample=91 rtt_ms=109
TASK3_DETECTION model=yolo11n.onnx class=75 confidence_milli=832 center_x_milli=419 area_milli=61 target=419
TASK3_INFER elapsed_ms=17165 sample=92 output=200 infer_us=2 model=yolo11n.onnx target=419
TASK3_CONTROL_SENT elapsed_ms=17165 request=92 value=200 target=419 state=319 seq=92 model=yolo11n.onnx
TASK2_ACK seq=92
TASK3_STATUS_RECEIVED elapsed_ms=17276 request=92 value=251 state=251 sample=92 rtt_ms=111
TASK3_DETECTION model=yolo11n.onnx class=58 confidence_milli=871 center_x_milli=805 area_milli=29 target=519
TASK3_INFER elapsed_ms=17276 sample=93 output=536 infer_us=2 model=yolo11n.onnx target=519
TASK3_CONTROL_SENT elapsed_ms=17276 request=93 value=536 target=519 state=251 seq=93 model=yolo11n.onnx
TASK2_ACK seq=93
TASK3_STATUS_RECEIVED elapsed_ms=17629 request=93 value=328 state=328 sample=93 rtt_ms=353
TASK3_MODEL_REJECTED model=yolo11n.onnx reason=no_detection action=hold_last_target target=519
TASK3_INFER elapsed_ms=17629 sample=94 output=382 infer_us=1 model=yolo11n.onnx target=519
TASK3_CONTROL_SENT elapsed_ms=17629 request=94 value=382 target=519 state=328 seq=94 model=yolo11n.onnx
TASK2_ACK seq=94
TASK3_STATUS_RECEIVED elapsed_ms=17743 request=94 value=319 state=319 sample=94 rtt_ms=114
TASK3_DETECTION model=yolo11n.onnx class=75 confidence_milli=832 center_x_milli=419 area_milli=61 target=419
TASK3_INFER elapsed_ms=17743 sample=95 output=200 infer_us=2 model=yolo11n.onnx target=419
TASK3_CONTROL_SENT elapsed_ms=17743 request=95 value=200 target=419 state=319 seq=95 model=yolo11n.onnx
TASK2_ACK seq=95
TASK3_STATUS_RECEIVED elapsed_ms=17865 request=95 value=251 state=251 sample=95 rtt_ms=122
TASK3_DETECTION model=yolo11n.onnx class=58 confidence_milli=871 center_x_milli=805 area_milli=29 target=519
TASK3_INFER elapsed_ms=17865 sample=96 output=536 infer_us=5 model=yolo11n.onnx target=519
TASK3_CONTROL_SENT elapsed_ms=17865 request=96 value=536 target=519 state=251 seq=96 model=yolo11n.onnx
TASK2_ACK seq=96
TASK3_STATUS_RECEIVED elapsed_ms=18217 request=96 value=328 state=328 sample=96 rtt_ms=352
TASK3_MODEL_REJECTED model=yolo11n.onnx reason=no_detection action=hold_last_target target=519
TASK3_INFER elapsed_ms=18217 sample=97 output=382 infer_us=1 model=yolo11n.onnx target=519
TASK3_CONTROL_SENT elapsed_ms=18217 request=97 value=382 target=519 state=328 seq=97 model=yolo11n.onnx
TASK2_ACK seq=97
TASK3_STATUS_RECEIVED elapsed_ms=18321 request=97 value=319 state=319 sample=97 rtt_ms=104
TASK3_DETECTION model=yolo11n.onnx class=75 confidence_milli=832 center_x_milli=419 area_milli=61 target=419
TASK3_INFER elapsed_ms=18321 sample=98 output=200 infer_us=2 model=yolo11n.onnx target=419
TASK3_CONTROL_SENT elapsed_ms=18321 request=98 value=200 target=419 state=319 seq=98 model=yolo11n.onnx
TASK2_ACK seq=98
TASK3_STATUS_RECEIVED elapsed_ms=18432 request=98 value=251 state=251 sample=98 rtt_ms=111
TASK3_DETECTION model=yolo11n.onnx class=58 confidence_milli=871 center_x_milli=805 area_milli=29 target=519
TASK3_INFER elapsed_ms=18432 sample=99 output=536 infer_us=2 model=yolo11n.onnx target=519
TASK3_CONTROL_SENT elapsed_ms=18432 request=99 value=536 target=519 state=251 seq=99 model=yolo11n.onnx
TASK2_ACK seq=99
TASK3_STATUS_RECEIVED elapsed_ms=18780 request=99 value=328 state=328 sample=99 rtt_ms=348
TASK3_MODEL_REJECTED model=yolo11n.onnx reason=no_detection action=hold_last_target target=519
TASK3_INFER elapsed_ms=18780 sample=100 output=382 infer_us=0 model=yolo11n.onnx target=519
TASK3_CONTROL_SENT elapsed_ms=18780 request=100 value=382 target=519 state=328 seq=100 model=yolo11n.onnx
TASK2_ACK seq=100
TASK3_STATUS_RECEIVED elapsed_ms=18902 request=100 value=319 state=319 sample=100 rtt_ms=122
TASK3_DETECTION model=yolo11n.onnx class=75 confidence_milli=832 center_x_milli=419 area_milli=61 target=419
TASK3_INFER elapsed_ms=18902 sample=101 output=200 infer_us=2 model=yolo11n.onnx target=419
TASK3_CONTROL_SENT elapsed_ms=18902 request=101 value=200 target=419 state=319 seq=101 model=yolo11n.onnx
TASK2_ACK seq=101
TASK3_STATUS_RECEIVED elapsed_ms=19015 request=101 value=251 state=251 sample=101 rtt_ms=113
TASK3_DETECTION model=yolo11n.onnx class=58 confidence_milli=871 center_x_milli=805 area_milli=29 target=519
TASK3_INFER elapsed_ms=19015 sample=102 output=536 infer_us=2 model=yolo11n.onnx target=519
TASK3_CONTROL_SENT elapsed_ms=19015 request=102 value=536 target=519 state=251 seq=102 model=yolo11n.onnx
TASK2_ACK seq=102
TASK3_STATUS_RECEIVED elapsed_ms=19337 request=102 value=328 state=328 sample=102 rtt_ms=322
TASK3_MODEL_REJECTED model=yolo11n.onnx reason=no_detection action=hold_last_target target=519
TASK3_INFER elapsed_ms=19337 sample=103 output=382 infer_us=1 model=yolo11n.onnx target=519
TASK3_CONTROL_SENT elapsed_ms=19337 request=103 value=382 target=519 state=328 seq=103 model=yolo11n.onnx
TASK2_ACK seq=103
TASK3_STATUS_RECEIVED elapsed_ms=19441 request=103 value=319 state=319 sample=103 rtt_ms=104
TASK3_DETECTION model=yolo11n.onnx class=75 confidence_milli=832 center_x_milli=419 area_milli=61 target=419
TASK3_INFER elapsed_ms=19441 sample=104 output=200 infer_us=2 model=yolo11n.onnx target=419
TASK3_CONTROL_SENT elapsed_ms=19441 request=104 value=200 target=419 state=319 seq=104 model=yolo11n.onnx
TASK2_ACK seq=104
TASK3_STATUS_RECEIVED elapsed_ms=19554 request=104 value=251 state=251 sample=104 rtt_ms=113
TASK3_DETECTION model=yolo11n.onnx class=58 confidence_milli=871 center_x_milli=805 area_milli=29 target=519
TASK3_INFER elapsed_ms=19554 sample=105 output=536 infer_us=2 model=yolo11n.onnx target=519
TASK3_CONTROL_SENT elapsed_ms=19554 request=105 value=536 target=519 state=251 seq=105 model=yolo11n.onnx
TASK2_ACK seq=105
TASK3_STATUS_RECEIVED elapsed_ms=19905 request=105 value=328 state=328 sample=105 rtt_ms=351
TASK3_MODEL_REJECTED model=yolo11n.onnx reason=no_detection action=hold_last_target target=519
TASK3_INFER elapsed_ms=19905 sample=106 output=382 infer_us=1 model=yolo11n.onnx target=519
TASK3_CONTROL_SENT elapsed_ms=19905 request=106 value=382 target=519 state=328 seq=106 model=yolo11n.onnx
TASK2_ACK seq=106
TASK3_STATUS_RECEIVED elapsed_ms=20014 request=106 value=319 state=319 sample=106 rtt_ms=109
TASK3_DETECTION model=yolo11n.onnx class=75 confidence_milli=832 center_x_milli=419 area_milli=61 target=419
TASK3_INFER elapsed_ms=20014 sample=107 output=200 infer_us=2 model=yolo11n.onnx target=419
TASK3_CONTROL_SENT elapsed_ms=20014 request=107 value=200 target=419 state=319 seq=107 model=yolo11n.onnx
TASK2_ACK seq=107
TASK3_STATUS_RECEIVED elapsed_ms=20128 request=107 value=251 state=251 sample=107 rtt_ms=114
TASK3_DETECTION model=yolo11n.onnx class=58 confidence_milli=871 center_x_milli=805 area_milli=29 target=519
TASK3_INFER elapsed_ms=20128 sample=108 output=536 infer_us=2 model=yolo11n.onnx target=519
TASK3_CONTROL_SENT elapsed_ms=20128 request=108 value=536 target=519 state=251 seq=108 model=yolo11n.onnx
TASK2_ACK seq=108
TASK3_STATUS_RECEIVED elapsed_ms=20482 request=108 value=328 state=328 sample=108 rtt_ms=354
TASK3_MODEL_REJECTED model=yolo11n.onnx reason=no_detection action=hold_last_target target=519
TASK3_INFER elapsed_ms=20482 sample=109 output=382 infer_us=1 model=yolo11n.onnx target=519
TASK3_CONTROL_SENT elapsed_ms=20482 request=109 value=382 target=519 state=328 seq=109 model=yolo11n.onnx
TASK2_ACK seq=109
TASK3_STATUS_RECEIVED elapsed_ms=20605 request=109 value=319 state=319 sample=109 rtt_ms=123
TASK3_DETECTION model=yolo11n.onnx class=75 confidence_milli=832 center_x_milli=419 area_milli=61 target=419
TASK3_INFER elapsed_ms=20605 sample=110 output=200 infer_us=2 model=yolo11n.onnx target=419
TASK3_CONTROL_SENT elapsed_ms=20605 request=110 value=200 target=419 state=319 seq=110 model=yolo11n.onnx
TASK2_ACK seq=110
TASK3_STATUS_RECEIVED elapsed_ms=20718 request=110 value=251 state=251 sample=110 rtt_ms=113
TASK3_DETECTION model=yolo11n.onnx class=58 confidence_milli=871 center_x_milli=805 area_milli=29 target=519
TASK3_INFER elapsed_ms=20718 sample=111 output=536 infer_us=2 model=yolo11n.onnx target=519
TASK3_CONTROL_SENT elapsed_ms=20718 request=111 value=536 target=519 state=251 seq=111 model=yolo11n.onnx
TASK2_ACK seq=111
TASK3_STATUS_RECEIVED elapsed_ms=21044 request=111 value=328 state=328 sample=111 rtt_ms=326
TASK3_MODEL_REJECTED model=yolo11n.onnx reason=no_detection action=hold_last_target target=519
TASK3_INFER elapsed_ms=21044 sample=112 output=382 infer_us=1 model=yolo11n.onnx target=519
TASK3_CONTROL_SENT elapsed_ms=21044 request=112 value=382 target=519 state=328 seq=112 model=yolo11n.onnx
TASK2_ACK seq=112
TASK3_STATUS_RECEIVED elapsed_ms=21154 request=112 value=319 state=319 sample=112 rtt_ms=110
TASK3_DETECTION model=yolo11n.onnx class=75 confidence_milli=832 center_x_milli=419 area_milli=61 target=419
TASK3_INFER elapsed_ms=21154 sample=113 output=200 infer_us=2 model=yolo11n.onnx target=419
TASK3_CONTROL_SENT elapsed_ms=21154 request=113 value=200 target=419 state=319 seq=113 model=yolo11n.onnx
TASK2_ACK seq=113
TASK3_STATUS_RECEIVED elapsed_ms=21268 request=113 value=251 state=251 sample=113 rtt_ms=114
TASK3_DETECTION model=yolo11n.onnx class=58 confidence_milli=871 center_x_milli=805 area_milli=29 target=519
TASK3_INFER elapsed_ms=21268 sample=114 output=536 infer_us=2 model=yolo11n.onnx target=519
TASK3_CONTROL_SENT elapsed_ms=21268 request=114 value=536 target=519 state=251 seq=114 model=yolo11n.onnx
TASK2_ACK seq=114
TASK3_STATUS_RECEIVED elapsed_ms=21602 request=114 value=328 state=328 sample=114 rtt_ms=334
TASK3_MODEL_REJECTED model=yolo11n.onnx reason=no_detection action=hold_last_target target=519
TASK3_INFER elapsed_ms=21602 sample=115 output=382 infer_us=1 model=yolo11n.onnx target=519
TASK3_CONTROL_SENT elapsed_ms=21602 request=115 value=382 target=519 state=328 seq=115 model=yolo11n.onnx
TASK2_ACK seq=115
TASK3_STATUS_RECEIVED elapsed_ms=21725 request=115 value=319 state=319 sample=115 rtt_ms=123
TASK3_DETECTION model=yolo11n.onnx class=75 confidence_milli=832 center_x_milli=419 area_milli=61 target=419
TASK3_INFER elapsed_ms=21725 sample=116 output=200 infer_us=2 model=yolo11n.onnx target=419
TASK3_CONTROL_SENT elapsed_ms=21725 request=116 value=200 target=419 state=319 seq=116 model=yolo11n.onnx
TASK2_ACK seq=116
TASK3_STATUS_RECEIVED elapsed_ms=21842 request=116 value=251 state=251 sample=116 rtt_ms=117
TASK3_DETECTION model=yolo11n.onnx class=58 confidence_milli=871 center_x_milli=805 area_milli=29 target=519
TASK3_INFER elapsed_ms=21842 sample=117 output=536 infer_us=3 model=yolo11n.onnx target=519
TASK3_CONTROL_SENT elapsed_ms=21842 request=117 value=536 target=519 state=251 seq=117 model=yolo11n.onnx
TASK2_HEARTBEAT_RECEIVED peer_uptime_ms=27960
TASK2_ACK seq=117
TASK3_STATUS_RECEIVED elapsed_ms=22183 request=117 value=328 state=328 sample=117 rtt_ms=341
TASK3_MODEL_REJECTED model=yolo11n.onnx reason=no_detection action=hold_last_target target=519
TASK3_INFER elapsed_ms=22183 sample=118 output=382 infer_us=1 model=yolo11n.onnx target=519
TASK3_CONTROL_SENT elapsed_ms=22183 request=118 value=382 target=519 state=328 seq=118 model=yolo11n.onnx
TASK2_ACK seq=118
TASK3_STATUS_RECEIVED elapsed_ms=22295 request=118 value=319 state=319 sample=118 rtt_ms=112
TASK3_DETECTION model=yolo11n.onnx class=75 confidence_milli=832 center_x_milli=419 area_milli=61 target=419
TASK3_INFER elapsed_ms=22295 sample=119 output=200 infer_us=2 model=yolo11n.onnx target=419
TASK3_CONTROL_SENT elapsed_ms=22295 request=119 value=200 target=419 state=319 seq=119 model=yolo11n.onnx
TASK2_ACK seq=119
TASK3_STATUS_RECEIVED elapsed_ms=22401 request=119 value=251 state=251 sample=119 rtt_ms=106
TASK3_DETECTION model=yolo11n.onnx class=58 confidence_milli=871 center_x_milli=805 area_milli=29 target=519
TASK3_INFER elapsed_ms=22401 sample=120 output=536 infer_us=3 model=yolo11n.onnx target=519
TASK3_CONTROL_SENT elapsed_ms=22401 request=120 value=536 target=519 state=251 seq=120 model=yolo11n.onnx
TASK2_HEARTBEAT_RECEIVED peer_uptime_ms=28510
TASK2_ACK seq=120
TASK3_STATUS_RECEIVED elapsed_ms=22767 request=120 value=328 state=328 sample=120 rtt_ms=366
TASK3_MODEL_REJECTED model=yolo11n.onnx reason=no_detection action=hold_last_target target=519
TASK3_INFER elapsed_ms=22767 sample=121 output=382 infer_us=1 model=yolo11n.onnx target=519
TASK3_CONTROL_SENT elapsed_ms=22767 request=121 value=382 target=519 state=328 seq=121 model=yolo11n.onnx
TASK2_ACK seq=121
TASK3_STATUS_RECEIVED elapsed_ms=22896 request=121 value=319 state=319 sample=121 rtt_ms=129
TASK3_DETECTION model=yolo11n.onnx class=75 confidence_milli=832 center_x_milli=419 area_milli=61 target=419
TASK3_INFER elapsed_ms=22896 sample=122 output=200 infer_us=2 model=yolo11n.onnx target=419
TASK3_CONTROL_SENT elapsed_ms=22896 request=122 value=200 target=419 state=319 seq=122 model=yolo11n.onnx
TASK2_ACK seq=122
TASK3_STATUS_RECEIVED elapsed_ms=23247 request=122 value=251 state=251 sample=122 rtt_ms=351
TASK3_DETECTION model=yolo11n.onnx class=58 confidence_milli=871 center_x_milli=805 area_milli=29 target=519
TASK3_INFER elapsed_ms=23247 sample=123 output=536 infer_us=2 model=yolo11n.onnx target=519
TASK3_CONTROL_SENT elapsed_ms=23247 request=123 value=536 target=519 state=251 seq=123 model=yolo11n.onnx
TASK2_ACK seq=123
TASK3_STATUS_RECEIVED elapsed_ms=23363 request=123 value=328 state=328 sample=123 rtt_ms=116
TASK3_MODEL_REJECTED model=yolo11n.onnx reason=no_detection action=hold_last_target target=519
TASK3_INFER elapsed_ms=23363 sample=124 output=382 infer_us=1 model=yolo11n.onnx target=519
TASK3_CONTROL_SENT elapsed_ms=23363 request=124 value=382 target=519 state=328 seq=124 model=yolo11n.onnx
TASK2_ACK seq=124
TASK3_STATUS_RECEIVED elapsed_ms=23476 request=124 value=319 state=319 sample=124 rtt_ms=113
TASK3_DETECTION model=yolo11n.onnx class=75 confidence_milli=832 center_x_milli=419 area_milli=61 target=419
TASK3_INFER elapsed_ms=23476 sample=125 output=200 infer_us=2 model=yolo11n.onnx target=419
TASK3_CONTROL_SENT elapsed_ms=23476 request=125 value=200 target=419 state=319 seq=125 model=yolo11n.onnx
TASK2_ACK seq=125
TASK3_STATUS_RECEIVED elapsed_ms=23798 request=125 value=251 state=251 sample=125 rtt_ms=322
TASK3_DETECTION model=yolo11n.onnx class=58 confidence_milli=871 center_x_milli=805 area_milli=29 target=519
TASK3_INFER elapsed_ms=23798 sample=126 output=536 infer_us=2 model=yolo11n.onnx target=519
TASK3_CONTROL_SENT elapsed_ms=23798 request=126 value=536 target=519 state=251 seq=126 model=yolo11n.onnx
TASK2_ACK seq=126
TASK3_STATUS_RECEIVED elapsed_ms=23922 request=126 value=328 state=328 sample=126 rtt_ms=124
TASK3_MODEL_REJECTED model=yolo11n.onnx reason=no_detection action=hold_last_target target=519
TASK3_INFER elapsed_ms=23922 sample=127 output=382 infer_us=1 model=yolo11n.onnx target=519
TASK3_CONTROL_SENT elapsed_ms=23922 request=127 value=382 target=519 state=328 seq=127 model=yolo11n.onnx
TASK2_ACK seq=127
TASK3_STATUS_RECEIVED elapsed_ms=24033 request=127 value=319 state=319 sample=127 rtt_ms=111
TASK3_DETECTION model=yolo11n.onnx class=75 confidence_milli=832 center_x_milli=419 area_milli=61 target=419
TASK3_INFER elapsed_ms=24033 sample=128 output=200 infer_us=2 model=yolo11n.onnx target=419
TASK3_CONTROL_SENT elapsed_ms=24033 request=128 value=200 target=419 state=319 seq=128 model=yolo11n.onnx
TASK2_ACK seq=128
TASK3_STATUS_RECEIVED elapsed_ms=24371 request=128 value=251 state=251 sample=128 rtt_ms=338
TASK3_DETECTION model=yolo11n.onnx class=58 confidence_milli=871 center_x_milli=805 area_milli=29 target=519
TASK3_INFER elapsed_ms=24371 sample=129 output=536 infer_us=3 model=yolo11n.onnx target=519
TASK3_CONTROL_SENT elapsed_ms=24371 request=129 value=536 target=519 state=251 seq=129 model=yolo11n.onnx
TASK2_ACK seq=129
TASK3_STATUS_RECEIVED elapsed_ms=24486 request=129 value=328 state=328 sample=129 rtt_ms=115
TASK3_MODEL_REJECTED model=yolo11n.onnx reason=no_detection action=hold_last_target target=519
TASK3_INFER elapsed_ms=24486 sample=130 output=382 infer_us=1 model=yolo11n.onnx target=519
TASK3_CONTROL_SENT elapsed_ms=24486 request=130 value=382 target=519 state=328 seq=130 model=yolo11n.onnx
TASK2_ACK seq=130
TASK3_STATUS_RECEIVED elapsed_ms=24598 request=130 value=319 state=319 sample=130 rtt_ms=112
TASK3_DETECTION model=yolo11n.onnx class=75 confidence_milli=832 center_x_milli=419 area_milli=61 target=419
TASK3_INFER elapsed_ms=24598 sample=131 output=200 infer_us=2 model=yolo11n.onnx target=419
TASK3_CONTROL_SENT elapsed_ms=24598 request=131 value=200 target=419 state=319 seq=131 model=yolo11n.onnx
TASK2_HEARTBEAT_RECEIVED peer_uptime_ms=30730
TASK2_ACK seq=131
TASK3_STATUS_RECEIVED elapsed_ms=24943 request=131 value=251 state=251 sample=131 rtt_ms=345
TASK3_DETECTION model=yolo11n.onnx class=58 confidence_milli=871 center_x_milli=805 area_milli=29 target=519
TASK3_INFER elapsed_ms=24943 sample=132 output=536 infer_us=2 model=yolo11n.onnx target=519
TASK3_CONTROL_SENT elapsed_ms=24943 request=132 value=536 target=519 state=251 seq=132 model=yolo11n.onnx
TASK2_ACK seq=132
TASK3_STATUS_RECEIVED elapsed_ms=25057 request=132 value=328 state=328 sample=132 rtt_ms=114
TASK3_MODEL_REJECTED model=yolo11n.onnx reason=no_detection action=hold_last_target target=519
TASK3_INFER elapsed_ms=25057 sample=133 output=382 infer_us=20 model=yolo11n.onnx target=519

[Axvisor] detached VM[1] console
[2Kaxvisor:/$ [2Kaxvisor:/$ v[2Kaxvisor:/$ vi[2Kaxvisor:/$ vir[2Kaxvisor:/$ virt[2Kaxvisor:/$ virtn[2Kaxvisor:/$ virtne[2Kaxvisor:/$ virtnet[2Kaxvisor:/$ virtnet [2Kaxvisor:/$ virtnet d[2Kaxvisor:/$ virtnet dr[2Kaxvisor:/$ virtnet dro[2Kaxvisor:/$ virtnet drop[2Kaxvisor:/$ virtnet drop [2Kaxvisor:/$ virtnet drop o[2Kaxvisor:/$ virtnet drop on
virtnet: blackout ON (all switch traffic dropped)
axvisor:/$ 
[Axvisor] attached VM[2] console; use Ctrl+X, then h to return to the shell
3_CONTROL_APPLIED request=52 value=118
TASK3_PLANT_STATE before=460 after=451 dist=150
TASK2_STATUS_SENT seq=52
TASK2_HEARTBEAT_RECEIVED peer_uptime_ms=9785
TASK2_ACK seq=52
TASK2_CONTROL_RECEIVED seq=53 request=53
TASK3_CONTROL_APPLIED request=53 value=0
TASK3_PLANT_STATE before=451 after=405 dist=150
TASK2_STATUS_SENT seq=53
TASK2_ACK seq=53
TASK2_CONTROL_RECEIVED seq=54 request=54
TASK3_CONTROL_APPLIED request=54 value=228
TASK3_PLANT_STATE before=405 after=460 dist=150
TASK2_STATUS_SENT seq=54
TASK2_ACK seq=54
TASK2_CONTROL_RECEIVED seq=55 request=55
TASK3_CONTROL_APPLIED request=55 value=118
TASK3_PLANT_STATE before=460 after=451 dist=150
TASK2_STATUS_SENT seq=55
TASK2_HEARTBEAT_RECEIVED peer_uptime_ms=10337
TASK2_ACK seq=55
TASK2_CONTROL_RECEIVED seq=56 request=56
TASK3_CONTROL_APPLIED request=56 value=0
TASK3_PLANT_STATE before=451 after=405 dist=150
TASK2_STATUS_SENT seq=56
TASK2_ACK seq=56
TASK2_CONTROL_RECEIVED seq=57 request=57
TASK3_CONTROL_APPLIED request=57 value=228
TASK3_PLANT_STATE before=405 after=460 dist=150
TASK2_STATUS_SENT seq=57
TASK2_ACK seq=57
TASK2_CONTROL_RECEIVED seq=58 request=58
TASK3_CONTROL_APPLIED request=58 value=118
TASK3_PLANT_STATE before=460 after=451 dist=150
TASK2_STATUS_SENT seq=58
TASK2_HEARTBEAT_RECEIVED peer_uptime_ms=10915
TASK2_ACK seq=58
TASK2_CONTROL_RECEIVED seq=59 request=59
TASK3_CONTROL_APPLIED request=59 value=0
TASK3_PLANT_STATE before=451 after=405 dist=150
TASK2_STATUS_SENT seq=59
TASK2_ACK seq=59
TASK3_DISTURBANCE change=0 at_ms=17010
TASK2_CONTROL_RECEIVED seq=60 request=60
TASK3_CONTROL_APPLIED request=60 value=228
TASK3_PLANT_STATE before=405 after=310 dist=0
TASK2_STATUS_SENT seq=60
TASK2_ACK seq=60
TASK2_CONTROL_RECEIVED seq=61 request=61
TASK3_CONTROL_APPLIED request=61 value=418
TASK3_PLANT_STATE before=310 after=321 dist=0
TASK2_STATUS_SENT seq=61
TASK2_HEARTBEAT_RECEIVED peer_uptime_ms=11477
TASK2_ACK seq=61
TASK2_CONTROL_RECEIVED seq=62 request=62
TASK3_CONTROL_APPLIED request=62 value=196
TASK3_PLANT_STATE before=321 after=251 dist=0
TASK2_STATUS_SENT seq=62
TASK2_ACK seq=62
TASK2_CONTROL_RECEIVED seq=63 request=63
TASK3_CONTROL_APPLIED request=63 value=536
TASK3_PLANT_STATE before=251 after=328 dist=0
TASK2_STATUS_SENT seq=63
TASK2_HEARTBEAT_RECEIVED peer_uptime_ms=11989
TASK2_ACK seq=63
TASK2_CONTROL_RECEIVED seq=64 request=64
TASK3_CONTROL_APPLIED request=64 value=382
TASK3_PLANT_STATE before=328 after=319 dist=0
TASK2_STATUS_SENT seq=64
TASK2_ACK seq=64
TASK2_CONTROL_RECEIVED seq=65 request=65
TASK3_CONTROL_APPLIED request=65 value=200
TASK3_PLANT_STATE before=319 after=251 dist=0
TASK2_STATUS_SENT seq=65
TASK2_ACK seq=65
TASK2_CONTROL_RECEIVED seq=66 request=66
TASK3_CONTROL_APPLIED request=66 value=536
TASK3_PLANT_STATE before=251 after=328 dist=0
TASK2_STATUS_SENT seq=66
TASK2_HEARTBEAT_RECEIVED peer_uptime_ms=12579
TASK2_ACK seq=66
TASK2_CONTROL_RECEIVED seq=67 request=67
TASK3_CONTROL_APPLIED request=67 value=382
TASK3_PLANT_STATE before=328 after=319 dist=0
TASK2_STATUS_SENT seq=67
TASK2_ACK seq=67
TASK2_CONTROL_RECEIVED seq=68 request=68
TASK3_CONTROL_APPLIED request=68 value=200
TASK3_PLANT_STATE before=319 after=251 dist=0
TASK2_STATUS_SENT seq=68
TASK2_ACK seq=68
TASK2_CONTROL_RECEIVED seq=69 request=69
TASK3_CONTROL_APPLIED request=69 value=536
TASK3_PLANT_STATE before=251 after=328 dist=0
TASK2_STATUS_SENT seq=69
TASK2_HEARTBEAT_RECEIVED peer_uptime_ms=13138
TASK2_ACK seq=69
TASK2_CONTROL_RECEIVED seq=70 request=70
TASK3_CONTROL_APPLIED request=70 value=382
TASK3_PLANT_STATE before=328 after=319 dist=0
TASK2_STATUS_SENT seq=70
TASK2_ACK seq=70
TASK2_CONTROL_RECEIVED seq=71 request=71
TASK3_CONTROL_APPLIED request=71 value=200
TASK3_PLANT_STATE before=319 after=251 dist=0
TASK2_STATUS_SENT seq=71
TASK2_ACK seq=71
TASK2_CONTROL_RECEIVED seq=72 request=72
TASK3_CONTROL_APPLIED request=72 value=536
TASK3_PLANT_STATE before=251 after=328 dist=0
TASK2_STATUS_SENT seq=72
TASK2_HEARTBEAT_RECEIVED peer_uptime_ms=13701
TASK2_ACK seq=72
TASK2_CONTROL_RECEIVED seq=73 request=73
TASK3_CONTROL_APPLIED request=73 value=382
TASK3_PLANT_STATE before=328 after=319 dist=0
TASK2_STATUS_SENT seq=73
TASK2_ACK seq=73
TASK2_CONTROL_RECEIVED seq=74 request=74
TASK3_CONTROL_APPLIED request=74 value=200
TASK3_PLANT_STATE before=319 after=251 dist=0
TASK2_STATUS_SENT seq=74
TASK2_ACK seq=74
TASK2_CONTROL_RECEIVED seq=75 request=75
TASK3_CONTROL_APPLIED request=75 value=536
TASK3_PLANT_STATE before=251 after=328 dist=0
TASK2_STATUS_SENT seq=75
TASK2_HEARTBEAT_RECEIVED peer_uptime_ms=14270
TASK2_ACK seq=75
TASK2_CONTROL_RECEIVED seq=76 request=76
TASK3_CONTROL_APPLIED request=76 value=382
TASK3_PLANT_STATE before=328 after=319 dist=0
TASK2_STATUS_SENT seq=76
TASK2_ACK seq=76
TASK2_CONTROL_RECEIVED seq=77 request=77
TASK3_CONTROL_APPLIED request=77 value=200
TASK3_PLANT_STATE before=319 after=251 dist=0
TASK2_STATUS_SENT seq=77
TASK2_ACK seq=77
TASK2_CONTROL_RECEIVED seq=78 request=78
TASK3_CONTROL_APPLIED request=78 value=536
TASK3_PLANT_STATE before=251 after=328 dist=0
TASK2_STATUS_SENT seq=78
TASK2_HEARTBEAT_RECEIVED peer_uptime_ms=14829
TASK2_ACK seq=78
TASK2_CONTROL_RECEIVED seq=79 request=79
TASK3_CONTROL_APPLIED request=79 value=382
TASK3_PLANT_STATE before=328 after=319 dist=0
TASK2_STATUS_SENT seq=79
TASK2_ACK seq=79
TASK2_CONTROL_RECEIVED seq=80 request=80
TASK3_CONTROL_APPLIED request=80 value=200
TASK3_PLANT_STATE before=319 after=251 dist=0
TASK2_STATUS_SENT seq=80
TASK2_ACK seq=80
TASK2_CONTROL_RECEIVED seq=81 request=81
TASK3_CONTROL_APPLIED request=81 value=536
TASK3_PLANT_STATE before=251 after=328 dist=0
TASK2_STATUS_SENT seq=81
TASK2_HEARTBEAT_RECEIVED peer_uptime_ms=15391
TASK2_ACK seq=81
TASK2_CONTROL_RECEIVED seq=82 request=82
TASK3_CONTROL_APPLIED request=82 value=382
TASK3_PLANT_STATE before=328 after=319 dist=0
TASK2_STATUS_SENT seq=82
TASK2_ACK seq=82
TASK2_CONTROL_RECEIVED seq=83 request=83
TASK3_CONTROL_APPLIED request=83 value=200
TASK3_PLANT_STATE before=319 after=251 dist=0
TASK2_STATUS_SENT seq=83
TASK2_ACK seq=83
TASK2_CONTROL_RECEIVED seq=84 request=84
TASK3_CONTROL_APPLIED request=84 value=536
TASK3_PLANT_STATE before=251 after=328 dist=0
TASK2_STATUS_SENT seq=84
TASK2_HEARTBEAT_RECEIVED peer_uptime_ms=15946
TASK2_ACK seq=84
TASK2_CONTROL_RECEIVED seq=85 request=85
TASK3_CONTROL_APPLIED request=85 value=382
TASK3_PLANT_STATE before=328 after=319 dist=0
TASK2_STATUS_SENT seq=85
TASK2_ACK seq=85
TASK2_CONTROL_RECEIVED seq=86 request=86
TASK3_CONTROL_APPLIED request=86 value=200
TASK3_PLANT_STATE before=319 after=251 dist=0
TASK2_STATUS_SENT seq=86
TASK2_ACK seq=86
TASK2_CONTROL_RECEIVED seq=87 request=87
TASK3_CONTROL_APPLIED request=87 value=536
TASK3_PLANT_STATE before=251 after=328 dist=0
TASK2_STATUS_SENT seq=87
TASK2_HEARTBEAT_RECEIVED peer_uptime_ms=16497
TASK2_ACK seq=87
TASK2_CONTROL_RECEIVED seq=88 request=88
TASK3_CONTROL_APPLIED request=88 value=382
TASK3_PLANT_STATE before=328 after=319 dist=0
TASK2_STATUS_SENT seq=88
TASK2_ACK seq=88
TASK2_CONTROL_RECEIVED seq=89 request=89
TASK3_CONTROL_APPLIED request=89 value=200
TASK3_PLANT_STATE before=319 after=251 dist=0
TASK2_STATUS_SENT seq=89
TASK2_ACK seq=89
TASK2_CONTROL_RECEIVED seq=90 request=90
TASK3_CONTROL_APPLIED request=90 value=536
TASK3_PLANT_STATE before=251 after=328 dist=0
TASK2_STATUS_SENT seq=90
TASK2_HEARTBEAT_RECEIVED peer_uptime_ms=17042
TASK2_ACK seq=90
TASK2_CONTROL_RECEIVED seq=91 request=91
TASK3_CONTROL_APPLIED request=91 value=382
TASK3_PLANT_STATE before=328 after=319 dist=0
TASK2_STATUS_SENT seq=91
TASK2_ACK seq=91
TASK2_CONTROL_RECEIVED seq=92 request=92
TASK3_CONTROL_APPLIED request=92 value=200
TASK3_PLANT_STATE before=319 after=251 dist=0
TASK2_STATUS_SENT seq=92
TASK2_ACK seq=92
TASK2_CONTROL_RECEIVED seq=93 request=93
TASK3_CONTROL_APPLIED request=93 value=536
TASK3_PLANT_STATE before=251 after=328 dist=0
TASK2_STATUS_SENT seq=93
TASK2_HEARTBEAT_RECEIVED peer_uptime_ms=17614
TASK2_ACK seq=93
TASK2_CONTROL_RECEIVED seq=94 request=94
TASK3_CONTROL_APPLIED request=94 value=382
TASK3_PLANT_STATE before=328 after=319 dist=0
TASK2_STATUS_SENT seq=94
TASK2_ACK seq=94
TASK2_CONTROL_RECEIVED seq=95 request=95
TASK3_CONTROL_APPLIED request=95 value=200
TASK3_PLANT_STATE before=319 after=251 dist=0
TASK2_STATUS_SENT seq=95
TASK2_ACK seq=95
TASK2_CONTROL_RECEIVED seq=96 request=96
TASK3_CONTROL_APPLIED request=96 value=536
TASK3_PLANT_STATE before=251 after=328 dist=0
TASK2_STATUS_SENT seq=96
TASK2_HEARTBEAT_RECEIVED peer_uptime_ms=18202
TASK2_ACK seq=96
TASK2_CONTROL_RECEIVED seq=97 request=97
TASK3_CONTROL_APPLIED request=97 value=382
TASK3_PLANT_STATE before=328 after=319 dist=0
TASK2_STATUS_SENT seq=97
TASK2_ACK seq=97
TASK2_CONTROL_RECEIVED seq=98 request=98
TASK3_CONTROL_APPLIED request=98 value=200
TASK3_PLANT_STATE before=319 after=251 dist=0
TASK2_STATUS_SENT seq=98
TASK2_ACK seq=98
TASK2_CONTROL_RECEIVED seq=99 request=99
TASK3_CONTROL_APPLIED request=99 value=536
TASK3_PLANT_STATE before=251 after=328 dist=0
TASK2_STATUS_SENT seq=99
TASK2_HEARTBEAT_RECEIVED peer_uptime_ms=18756
TASK2_ACK seq=99
TASK2_CONTROL_RECEIVED seq=100 request=100
TASK3_CONTROL_APPLIED request=100 value=382
TASK3_PLANT_STATE before=328 after=319 dist=0
TASK2_STATUS_SENT seq=100
TASK2_ACK seq=100
TASK2_CONTROL_RECEIVED seq=101 request=101
TASK3_CONTROL_APPLIED request=101 value=200
TASK3_PLANT_STATE before=319 after=251 dist=0
TASK2_STATUS_SENT seq=101
TASK2_ACK seq=101
TASK2_CONTROL_RECEIVED seq=102 request=102
TASK3_CONTROL_APPLIED request=102 value=536
TASK3_PLANT_STATE before=251 after=328 dist=0
TASK2_STATUS_SENT seq=102
TASK2_HEARTBEAT_RECEIVED peer_uptime_ms=19323
TASK2_ACK seq=102
TASK2_CONTROL_RECEIVED seq=103 request=103
TASK3_CONTROL_APPLIED request=103 value=382
TASK3_PLANT_STATE before=328 after=319 dist=0
TASK2_STATUS_SENT seq=103
TASK2_ACK seq=103
TASK2_CONTROL_RECEIVED seq=104 request=104
TASK3_CONTROL_APPLIED request=104 value=200
TASK3_PLANT_STATE before=319 after=251 dist=0
TASK2_STATUS_SENT seq=104
TASK2_ACK seq=104
TASK2_CONTROL_RECEIVED seq=105 request=105
TASK3_CONTROL_APPLIED request=105 value=536
TASK3_PLANT_STATE before=251 after=328 dist=0
TASK2_STATUS_SENT seq=105
TASK2_HEARTBEAT_RECEIVED peer_uptime_ms=19890
TASK2_ACK seq=105
TASK2_CONTROL_RECEIVED seq=106 request=106
TASK3_CONTROL_APPLIED request=106 value=382
TASK3_PLANT_STATE before=328 after=319 dist=0
TASK2_STATUS_SENT seq=106
TASK2_ACK seq=106
TASK2_CONTROL_RECEIVED seq=107 request=107
TASK3_CONTROL_APPLIED request=107 value=200
TASK3_PLANT_STATE before=319 after=251 dist=0
TASK2_STATUS_SENT seq=107
TASK2_ACK seq=107
TASK2_CONTROL_RECEIVED seq=108 request=108
TASK3_CONTROL_APPLIED request=108 value=536
TASK3_PLANT_STATE before=251 after=328 dist=0
TASK2_STATUS_SENT seq=108
TASK2_HEARTBEAT_RECEIVED peer_uptime_ms=20467
TASK2_ACK seq=108
TASK2_CONTROL_RECEIVED seq=109 request=109
TASK3_CONTROL_APPLIED request=109 value=382
TASK3_PLANT_STATE before=328 after=319 dist=0
TASK2_STATUS_SENT seq=109
TASK2_ACK seq=109
TASK2_CONTROL_RECEIVED seq=110 request=110
TASK3_CONTROL_APPLIED request=110 value=200
TASK3_PLANT_STATE before=319 after=251 dist=0
TASK2_STATUS_SENT seq=110
TASK2_ACK seq=110
TASK2_CONTROL_RECEIVED seq=111 request=111
TASK3_CONTROL_APPLIED request=111 value=536
TASK3_PLANT_STATE before=251 after=328 dist=0
TASK2_STATUS_SENT seq=111
TASK2_HEARTBEAT_RECEIVED peer_uptime_ms=21029
TASK2_ACK seq=111
TASK2_CONTROL_RECEIVED seq=112 request=112
TASK3_CONTROL_APPLIED request=112 value=382
TASK3_PLANT_STATE before=328 after=319 dist=0
TASK2_STATUS_SENT seq=112
TASK2_ACK seq=112
TASK2_CONTROL_RECEIVED seq=113 request=113
TASK3_CONTROL_APPLIED request=113 value=200
TASK3_PLANT_STATE before=319 after=251 dist=0
TASK2_STATUS_SENT seq=113
TASK2_ACK seq=113
TASK2_CONTROL_RECEIVED seq=114 request=114
TASK3_CONTROL_APPLIED request=114 value=536
TASK3_PLANT_STATE before=251 after=328 dist=0
TASK2_STATUS_SENT seq=114
TASK2_HEARTBEAT_RECEIVED peer_uptime_ms=21587
TASK2_ACK seq=114
TASK2_CONTROL_RECEIVED seq=115 request=115
TASK3_CONTROL_APPLIED request=115 value=382
TASK3_PLANT_STATE before=328 after=319 dist=0
TASK2_STATUS_SENT seq=115
TASK2_ACK seq=115
TASK2_CONTROL_RECEIVED seq=116 request=116
TASK3_CONTROL_APPLIED request=116 value=200
TASK3_PLANT_STATE before=319 after=251 dist=0
TASK2_STATUS_SENT seq=116
TASK2_ACK seq=116
TASK2_CONTROL_RECEIVED seq=117 request=117
TASK3_CONTROL_APPLIED request=117 value=536
TASK3_PLANT_STATE before=251 after=328 dist=0
TASK2_STATUS_SENT seq=117
TASK2_HEARTBEAT_RECEIVED peer_uptime_ms=22149
TASK2_ACK seq=117
TASK2_CONTROL_RECEIVED seq=118 request=118
TASK3_CONTROL_APPLIED request=118 value=382
TASK3_PLANT_STATE before=328 after=319 dist=0
TASK2_STATUS_SENT seq=118
TASK2_ACK seq=118
TASK2_CONTROL_RECEIVED seq=119 request=119
TASK3_CONTROL_APPLIED request=119 value=200
TASK3_PLANT_STATE before=319 after=251 dist=0
TASK2_STATUS_SENT seq=119
TASK2_ACK seq=119
TASK2_CONTROL_RECEIVED seq=120 request=120
TASK3_CONTROL_APPLIED request=120 value=536
TASK3_PLANT_STATE before=251 after=328 dist=0
TASK2_STATUS_SENT seq=120
TASK2_HEARTBEAT_RECEIVED peer_uptime_ms=22729
TASK2_ACK seq=120
TASK2_CONTROL_RECEIVED seq=121 request=121
TASK3_CONTROL_APPLIED request=121 value=382
TASK3_PLANT_STATE before=328 after=319 dist=0
TASK2_STATUS_SENT seq=121
TASK2_ACK seq=121
TASK2_CONTROL_RECEIVED seq=122 request=122
TASK3_CONTROL_APPLIED request=122 value=200
TASK3_PLANT_STATE before=319 after=251 dist=0
TASK2_STATUS_SENT seq=122
TASK2_HEARTBEAT_RECEIVED peer_uptime_ms=23232
TASK2_ACK seq=122
TASK2_CONTROL_RECEIVED seq=123 request=123
TASK3_CONTROL_APPLIED request=123 value=536
TASK3_PLANT_STATE before=251 after=328 dist=0
TASK2_STATUS_SENT seq=123
TASK2_ACK seq=123
TASK2_CONTROL_RECEIVED seq=124 request=124
TASK3_CONTROL_APPLIED request=124 value=382
TASK3_PLANT_STATE before=328 after=319 dist=0
TASK2_STATUS_SENT seq=124
TASK2_ACK seq=124
TASK2_CONTROL_RECEIVED seq=125 request=125
TASK3_CONTROL_APPLIED request=125 value=200
TASK3_PLANT_STATE before=319 after=251 dist=0
TASK2_STATUS_SENT seq=125
TASK2_HEARTBEAT_RECEIVED peer_uptime_ms=23777
TASK2_ACK seq=125
TASK2_CONTROL_RECEIVED seq=126 request=126
TASK3_CONTROL_APPLIED request=126 value=536
TASK3_PLANT_STATE before=251 after=328 dist=0
TASK2_STATUS_SENT seq=126
TASK2_ACK seq=126
TASK2_CONTROL_RECEIVED seq=127 request=127
TASK3_CONTROL_APPLIED request=127 value=382
TASK3_PLANT_STATE before=328 after=319 dist=0
TASK2_STATUS_SENT seq=127
TASK2_ACK seq=127
TASK2_CONTROL_RECEIVED seq=128 request=128
TASK3_CONTROL_APPLIED request=128 value=200
TASK3_PLANT_STATE before=319 after=251 dist=0
TASK2_STATUS_SENT seq=128
TASK2_HEARTBEAT_RECEIVED peer_uptime_ms=24356
TASK2_ACK seq=128
TASK2_CONTROL_RECEIVED seq=129 request=129
TASK3_CONTROL_APPLIED request=129 value=536
TASK3_PLANT_STATE before=251 after=328 dist=0
TASK2_STATUS_SENT seq=129
TASK2_ACK seq=129
TASK2_CONTROL_RECEIVED seq=130 request=130
TASK3_CONTROL_APPLIED request=130 value=382
TASK3_PLANT_STATE before=328 after=319 dist=0
TASK2_STATUS_SENT seq=130
TASK2_ACK seq=130
TASK2_CONTROL_RECEIVED seq=131 request=131
TASK3_CONTROL_APPLIED request=131 value=200
TASK3_PLANT_STATE before=319 after=251 dist=0
TASK2_STATUS_SENT seq=131
TASK2_HEARTBEAT_RECEIVED peer_uptime_ms=24909
TASK2_ACK seq=131
TASK2_CONTROL_RECEIVED seq=132 request=132
TASK3_CONTROL_APPLIED request=132 value=536
TASK3_PLANT_STATE before=251 after=328 dist=0
TASK2_STATUS_SENT seq=132
TASK2_ACK seq=132
TASK2_CONTROL_RECEIVED seq=133 request=133
TASK3_CONTROL_APPLIED request=133 value=382
TASK3_PLANT_STATE before=328 after=319 dist=0
TASK2_STATUS_SENT seq=133
TASK2_ACK seq=133
TASK2_CONTROL_RECEIVED seq=134 request=134
TASK3_CONTROL_APPLIED request=134 value=200
TASK3_PLANT_STATE before=319 after=251 dist=0
TASK2_STATUS_SENT seq=134
TASK2_ACK seq=134
TASK2_CONTROL_RECEIVED seq=135 request=135
TASK3_CONTROL_APPLIED request=135 value=536
TASK3_PLANT_STATE before=251 after=328 dist=0
TASK2_STATUS_SENT seq=135
TASK2_RETRANSMIT seq=135 attempt=1
TASK2_RETRANSMIT seq=135 attempt=2
TASK2_RETRANSMIT seq=135 attempt=3
TASK2_RETRANSMIT seq=135 attempt=4
TASK2_RETRANSMIT seq=135 attempt=5

[Axvisor] attached VM[1] console; use Ctrl+X, then h to return to the shell

TASK3_CONTROL_SENT elapsed_ms=25057 request=133 value=382 target=519 state=328 seq=133 model=yolo11n.onnx
TASK2_ACK seq=133
TASK3_STATUS_RECEIVED elapsed_ms=25167 request=133 value=319 state=319 sample=133 rtt_ms=110
TASK3_DETECTION model=yolo11n.onnx class=75 confidence_milli=832 center_x_milli=419 area_milli=61 target=419
TASK3_INFER elapsed_ms=25167 sample=134 output=200 infer_us=2 model=yolo11n.onnx target=419
TASK3_CONTROL_SENT elapsed_ms=25167 request=134 value=200 target=419 state=319 seq=134 model=yolo11n.onnx
TASK2_ACK seq=134
TASK3_STATUS_RECEIVED elapsed_ms=25280 request=134 value=251 state=251 sample=134 rtt_ms=113
TASK3_DETECTION model=yolo11n.onnx class=58 confidence_milli=871 center_x_milli=805 area_milli=29 target=519
TASK3_INFER elapsed_ms=25280 sample=135 output=536 infer_us=3 model=yolo11n.onnx target=519
TASK3_CONTROL_SENT elapsed_ms=25280 request=135 value=536 target=519 state=251 seq=135 model=yolo11n.onnx
TASK2_ACK seq=135
TASK3_STATUS_RECEIVED elapsed_ms=25697 request=135 value=328 state=328 sample=135 rtt_ms=417
TASK3_MODEL_REJECTED model=yolo11n.onnx reason=no_detection action=hold_last_target target=519
TASK3_INFER elapsed_ms=25697 sample=136 output=382 infer_us=1 model=yolo11n.onnx target=519
TASK3_CONTROL_SENT elapsed_ms=25697 request=136 value=382 target=519 state=328 seq=136 model=yolo11n.onnx
TASK2_RETRANSMIT seq=136 attempt=1
TASK2_RETRANSMIT seq=136 attempt=2
TASK2_RETRANSMIT seq=136 attempt=3
TASK2_RETRANSMIT seq=136 attempt=4
TASK2_RETRANSMIT seq=136 attempt=5
TASK2_SAFE state=Safe event=RetryExhausted { sequence: SequenceNumber(136) }

[Axvisor] detached VM[1] console
[2Kaxvisor:/$ [2Kaxvisor:/$ v[2Kaxvisor:/$ vi[2Kaxvisor:/$ vir[2Kaxvisor:/$ virt[2Kaxvisor:/$ virtn[2Kaxvisor:/$ virtne[2Kaxvisor:/$ virtnet[2Kaxvisor:/$ virtnet [2Kaxvisor:/$ virtnet d[2Kaxvisor:/$ virtnet dr[2Kaxvisor:/$ virtnet dro[2Kaxvisor:/$ virtnet drop[2Kaxvisor:/$ virtnet drop [2Kaxvisor:/$ virtnet drop o[2Kaxvisor:/$ virtnet drop of[2Kaxvisor:/$ virtnet drop off
virtnet: blackout OFF
axvisor:/$ 
[Axvisor] attached VM[2] console; use Ctrl+X, then h to return to the shell
TASK2_SAFE state=Safe event=RetryExhausted seq=135
TASK2_CONTROL_RECEIVED seq=1 request=137
TASK3_CONTROL_APPLIED request=137 value=382
TASK3_PLANT_STATE before=328 after=319 dist=0
TASK2_STATUS_SENT seq=1
TASK2_ACK seq=1
TASK2_CONTROL_RECEIVED seq=2 request=138
TASK3_CONTROL_APPLIED request=138 value=200
TASK3_PLANT_STATE before=319 after=251 dist=0
TASK2_STATUS_SENT seq=2
TASK2_ACK seq=2
TASK2_CONTROL_RECEIVED seq=3 request=139
TASK3_CONTROL_APPLIED request=139 value=536
TASK3_PLANT_STATE before=251 after=328 dist=0
TASK2_STATUS_SENT seq=3
TASK2_ACK seq=3
TASK2_CONTROL_RECEIVED seq=4 request=140
TASK3_CONTROL_APPLIED request=140 value=382
TASK3_PLANT_STATE before=328 after=319 dist=0
TASK2_STATUS_SENT seq=4
TASK2_ACK seq=4
TASK2_CONTROL_RECEIVED seq=5 request=141
TASK3_CONTROL_APPLIED request=141 value=200
TASK3_PLANT_STATE before=319 after=251 dist=0
TASK2_STATUS_SENT seq=5
TASK2_ACK seq=5
TASK2_CONTROL_RECEIVED seq=6 request=142
TASK3_CONTROL_APPLIED request=142 value=536
TASK3_PLANT_STATE before=251 after=328 dist=0
TASK2_STATUS_SENT seq=6
TASK2_ACK seq=6
TASK2_CONTROL_RECEIVED seq=7 request=143
TASK3_CONTROL_APPLIED request=143 value=382
TASK3_PLANT_STATE before=328 after=319 dist=0
TASK2_STATUS_SENT seq=7

[Axvisor] attached VM[1] console; use Ctrl+X, then h to return to the shell
TASK2_HEARTBEAT_RECEIVED peer_uptime_ms=46660
TASK2_RECOVERED state=Active elapsed_ms=40779
TASK3_MODEL_REJECTED model=yolo11n.onnx reason=no_detection action=hold_last_target target=519
TASK3_INFER elapsed_ms=40779 sample=137 output=382 infer_us=0 model=yolo11n.onnx target=519
TASK3_CONTROL_SENT elapsed_ms=40779 request=137 value=382 target=519 state=328 seq=1 model=yolo11n.onnx
TASK2_ACK seq=1
TASK3_STATUS_RECEIVED elapsed_ms=40857 request=137 value=319 state=319 sample=136 rtt_ms=78
TASK3_DETECTION model=yolo11n.onnx class=75 confidence_milli=832 center_x_milli=419 area_milli=61 target=419
TASK3_INFER elapsed_ms=40857 sample=138 output=200 infer_us=3 model=yolo11n.onnx target=419
TASK3_CONTROL_SENT elapsed_ms=40857 request=138 value=200 target=419 state=319 seq=2 model=yolo11n.onnx
TASK2_ACK seq=2
TASK3_STATUS_RECEIVED elapsed_ms=41003 request=138 value=251 state=251 sample=137 rtt_ms=146
TASK3_DETECTION model=yolo11n.onnx class=58 confidence_milli=871 center_x_milli=805 area_milli=29 target=519
TASK3_INFER elapsed_ms=41003 sample=139 output=536 infer_us=2 model=yolo11n.onnx target=519
TASK3_CONTROL_SENT elapsed_ms=41003 request=139 value=536 target=519 state=251 seq=3 model=yolo11n.onnx
TASK2_ACK seq=3
TASK3_STATUS_RECEIVED elapsed_ms=41114 request=139 value=328 state=328 sample=138 rtt_ms=111
TASK3_MODEL_REJECTED model=yolo11n.onnx reason=no_detection action=hold_last_target target=519
TASK3_INFER elapsed_ms=41114 sample=140 output=382 infer_us=1 model=yolo11n.onnx target=519
TASK3_CONTROL_SENT elapsed_ms=41114 request=140 value=382 target=519 state=328 seq=4 model=yolo11n.onnx
TASK2_ACK seq=4
TASK3_STATUS_RECEIVED elapsed_ms=41221 request=140 value=319 state=319 sample=139 rtt_ms=107
TASK3_DETECTION model=yolo11n.onnx class=75 confidence_milli=832 center_x_milli=419 area_milli=61 target=419
TASK3_INFER elapsed_ms=41221 sample=141 output=200 infer_us=3 model=yolo11n.onnx target=419
TASK3_CONTROL_SENT elapsed_ms=41221 request=141 value=200 target=419 state=319 seq=5 model=yolo11n.onnx
TASK2_ACK seq=5
TASK3_STATUS_RECEIVED elapsed_ms=41323 request=141 value=251 state=251 sample=140 rtt_ms=102
TASK3_DETECTION model=yolo11n.onnx class=58 confidence_milli=871 center_x_milli=805 area_milli=29 target=519
TASK3_INFER elapsed_ms=41323 sample=142 output=536 infer_us=2 model=yolo11n.onnx target=519
TASK3_CONTROL_SENT elapsed_ms=41323 request=142 value=536 target=519 state=251 seq=6 model=yolo11n.onnx
TASK2_ACK seq=6
TASK3_STATUS_RECEIVED elapsed_ms=41447 request=142 value=328 state=328 sample=141 rtt_ms=124
TASK3_MODEL_REJECTED model=yolo11n.onnx reason=no_detection action=hold_last_target target=519
TASK3_INFER elapsed_ms=41447 sample=143 output=382 infer_us=1 model=yolo11n.onnx target=519
TASK3_CONTROL_SENT elapsed_ms=41447 request=143 value=382 target=519 state=328 seq=7 model=yolo11n.onnx
TASK2_ACK seq=7
TASK3_STATUS_RECEIVED elapsed_ms=41561 request=143 value=319 state=319 sample=142 rtt_ms=114
TASK3_DETECTION model=yolo11n.onnx class=75 confidence_milli=832 center_x_milli=419 area_milli=61 target=419
TASK3_INFER elapsed_ms=41561 sample=144 output=200 infer_us=2 model=yolo11n.onnx target=419
TASK3_CONTROL_SENT elapsed_ms=41561 request=144 value=200 target=419 state=319 seq=8 model=yolo11n.onnx
TASK2_ACK seq=8
TASK3_STATUS_RECEIVED elapsed_ms=41686 request=144 value=251 state=251 sample=143 rtt_ms=125
TASK3_DETECTION model=yolo11n.onnx class=58 confidence_milli=871 center_x_milli=805 area_milli=29 target=519
TASK3_INFER elapsed_ms=41686 sample=145 output=536 infer_us=2 model=yolo11n.onnx target=519
TASK3_CONTROL_SENT elapsed_ms=41686 request=145 value=536 target=519 state=251 seq=9 model=yolo11n.onnx
TASK2_ACK seq=9
TASK3_STATUS_RECEIVED elapsed_ms=41802 request=145 value=328 state=328 sample=144 rtt_ms=116
TASK3_MODEL_REJECTED model=yolo11n.onnx reason=no_detection action=hold_last_target target=519
TASK3_INFER elapsed_ms=41802 sample=146 output=382 infer_us=1 model=yolo11n.onnx target=519
TASK3_CONTROL_SENT elapsed_ms=41802 request=146 value=382 target=519 state=328 seq=10 model=yolo11n.onnx
TASK2_ACK seq=10
TASK3_STATUS_RECEIVED elapsed_ms=41914 request=146 value=319 state=319 sample=145 rtt_ms=112
TASK3_DETECTION model=yolo11n.onnx class=75 confidence_milli=832 center_x_milli=419 area_milli=61 target=419
TASK3_INFER elapsed_ms=41914 sample=147 output=200 infer_us=2 model=yolo11n.onnx target=419
TASK3_CONTROL_SENT elapsed_ms=41914 request=147 value=200 target=419 state=319 seq=11 model=yolo11n.onnx
TASK2_ACK seq=11
TASK3_STATUS_RECEIVED elapsed_ms=42029 request=147 value=251 state=251 sample=146 rtt_ms=115
TASK3_DETECTION model=yolo11n.onnx class=58 confidence_milli=871 center_x_milli=805 area_milli=29 target=519
TASK3_INFER elapsed_ms=42029 sample=148 output=536 infer_us=2 model=yolo11n.onnx target=519
TASK3_CONTROL_SENT elapsed_ms=42029 request=148 value=536 target=519 state=251 seq=12 model=yolo11n.onnx
TASK2_ACK seq=12
TASK3_STATUS_RECEIVED elapsed_ms=42142 request=148 value=328 state=328 sample=147 rtt_ms=113
TASK3_MODEL_REJECTED model=yolo11n.onnx reason=no_detection action=hold_last_target target=519
TASK3_INFER elapsed_ms=42142 sample=149 output=382 infer_us=1 model=yolo11n.onnx target=519
TASK3_CONTROL_SENT elapsed_ms=42142 request=149 value=382 target=519 state=328 seq=13 model=yolo11n.onnx
TASK2_ACK seq=13
TASK3_STATUS_RECEIVED elapsed_ms=42253 request=149 value=319 state=319 sample=148 rtt_ms=111
TASK3_DETECTION model=yolo11n.onnx class=75 confidence_milli=832 center_x_milli=419 area_milli=61 target=419
TASK3_INFER elapsed_ms=42253 sample=150 output=200 infer_us=2 model=yolo11n.onnx target=419
TASK3_CONTROL_SENT elapsed_ms=42253 request=150 value=200 target=419 state=319 seq=14 model=yolo11n.onnx
TASK2_ACK seq=14
TASK3_STATUS_RECEIVED elapsed_ms=42365 request=150 value=251 state=251 sample=149 rtt_ms=112
TASK3_DETECTION model=yolo11n.onnx class=58 confidence_milli=871 center_x_milli=805 area_milli=29 target=519
TASK3_INFER elapsed_ms=42365 sample=151 output=536 infer_us=2 model=yolo11n.onnx target=519
TASK3_CONTROL_SENT elapsed_ms=42365 request=151 value=536 target=519 state=251 seq=15 model=yolo11n.onnx
TASK2_ACK seq=15
TASK3_STATUS_RECEIVED elapsed_ms=42684 request=151 value=328 state=328 sample=150 rtt_ms=319
TASK3_MODEL_REJECTED model=yolo11n.onnx reason=no_detection action=hold_last_target target=519
TASK3_INFER elapsed_ms=42684 sample=152 output=382 infer_us=1 model=yolo11n.onnx target=519
TASK3_CONTROL_SENT elapsed_ms=42684 request=152 value=382 target=519 state=328 seq=16 model=yolo11n.onnx
TASK2_ACK seq=16
TASK3_STATUS_RECEIVED elapsed_ms=42794 request=152 value=319 state=319 sample=151 rtt_ms=110
TASK3_DETECTION model=yolo11n.onnx class=75 confidence_milli=832 center_x_milli=419 area_milli=61 target=419
TASK3_INFER elapsed_ms=42794 sample=153 output=200 infer_us=2 model=yolo11n.onnx target=419
TASK3_CONTROL_SENT elapsed_ms=42794 request=153 value=200 target=419 state=319 seq=17 model=yolo11n.onnx
TASK2_ACK seq=17
TASK3_STATUS_RECEIVED elapsed_ms=42905 request=153 value=251 state=251 sample=152 rtt_ms=111
TASK3_DETECTION model=yolo11n.onnx class=58 confidence_milli=871 center_x_milli=805 area_milli=29 target=519
TASK3_INFER elapsed_ms=42905 sample=154 output=536 infer_us=2 model=yolo11n.onnx target=519
TASK3_CONTROL_SENT elapsed_ms=42905 request=154 value=536 target=519 state=251 seq=18 model=yolo11n.onnx
TASK2_HEARTBEAT_RECEIVED peer_uptime_ms=49080
TASK2_ACK seq=18
TASK3_STATUS_RECEIVED elapsed_ms=43282 request=154 value=328 state=328 sample=153 rtt_ms=377
TASK3_MODEL_REJECTED model=yolo11n.onnx reason=no_detection action=hold_last_target target=519
TASK3_INFER elapsed_ms=43282 sample=155 output=382 infer_us=1 model=yolo11n.onnx target=519
TASK3_CONTROL_SENT elapsed_ms=43282 request=155 value=382 target=519 state=328 seq=19 model=yolo11n.onnx
TASK2_ACK seq=19
TASK3_STATUS_RECEIVED elapsed_ms=43393 request=155 value=319 state=319 sample=154 rtt_ms=111
TASK3_DETECTION model=yolo11n.onnx class=75 confidence_milli=832 center_x_milli=419 area_milli=61 target=419
TASK3_INFER elapsed_ms=43393 sample=156 output=200 infer_us=3 model=yolo11n.onnx target=419
TASK3_CONTROL_SENT elapsed_ms=43393 request=156 value=200 target=419 state=319 seq=20 model=yolo11n.onnx
TASK2_ACK seq=20
TASK3_STATUS_RECEIVED elapsed_ms=43506 request=156 value=251 state=251 sample=155 rtt_ms=113
TASK3_DETECTION model=yolo11n.onnx class=58 confidence_milli=871 center_x_milli=805 area_milli=29 target=519
TASK3_INFER elapsed_ms=43506 sample=157 output=536 infer_us=2 model=yolo11n.onnx target=519
TASK3_CONTROL_SENT elapsed_ms=43506 request=157 value=536 target=519 state=251 seq=21 model=yolo11n.onnx
TASK2_HEARTBEAT_RECEIVED peer_uptime_ms=49630
TASK2_ACK seq=21
TASK3_STATUS_RECEIVED elapsed_ms=43848 request=157 value=328 state=328 sample=156 rtt_ms=342
TASK3_MODEL_REJECTED model=yolo11n.onnx reason=no_detection action=hold_last_target target=519
TASK3_INFER elapsed_ms=43848 sample=158 output=382 infer_us=1 model=yolo11n.onnx target=519
TASK3_CONTROL_SENT elapsed_ms=43848 request=158 value=382 target=519 state=328 seq=22 model=yolo11n.onnx
TASK2_ACK seq=22
TASK3_STATUS_RECEIVED elapsed_ms=43963 request=158 value=319 state=319 sample=157 rtt_ms=115
TASK3_DETECTION model=yolo11n.onnx class=75 confidence_milli=832 center_x_milli=419 area_milli=61 target=419
TASK3_INFER elapsed_ms=43963 sample=159 output=200 infer_us=2 model=yolo11n.onnx target=419
TASK3_CONTROL_SENT elapsed_ms=43963 request=159 value=200 target=419 state=319 seq=23 model=yolo11n.onnx
TASK2_ACK seq=23
TASK3_STATUS_RECEIVED elapsed_ms=44074 request=159 value=251 state=251 sample=158 rtt_ms=111
TASK3_DETECTION model=yolo11n.onnx class=58 confidence_milli=871 center_x_milli=805 area_milli=29 target=519
TASK3_INFER elapsed_ms=44074 sample=160 output=536 infer_us=3 model=yolo11n.onnx target=519
TASK3_CONTROL_SENT elapsed_ms=44074 request=160 value=536 target=519 state=251 seq=24 model=yolo11n.onnx
TASK2_HEARTBEAT_RECEIVED peer_uptime_ms=50190
TASK2_ACK seq=24
TASK3_STATUS_RECEIVED elapsed_ms=44437 request=160 value=328 state=328 sample=159 rtt_ms=363
TASK3_MODEL_REJECTED model=yolo11n.onnx reason=no_detection action=hold_last_target target=519
TASK3_INFER elapsed_ms=44437 sample=161 output=382 infer_us=1 model=yolo11n.onnx target=519
TASK3_CONTROL_SENT elapsed_ms=44437 request=161 value=382 target=519 state=328 seq=25 model=yolo11n.onnx
TASK2_ACK seq=25
TASK3_STATUS_RECEIVED elapsed_ms=44547 request=161 value=319 state=319 sample=160 rtt_ms=110
TASK3_DETECTION model=yolo11n.onnx class=75 confidence_milli=832 center_x_milli=419 area_milli=61 target=419
TASK3_INFER elapsed_ms=44547 sample=162 output=200 infer_us=2 model=yolo11n.onnx target=419
TASK3_CONTROL_SENT elapsed_ms=44547 request=162 value=200 target=419 state=319 seq=26 model=yolo11n.onnx
TASK2_ACK seq=26
TASK3_STATUS_RECEIVED elapsed_ms=44909 request=162 value=251 state=251 sample=161 rtt_ms=362
TASK3_DETECTION model=yolo11n.onnx class=58 confidence_milli=871 center_x_milli=805 area_milli=29 target=519
TASK3_INFER elapsed_ms=44909 sample=163 output=536 infer_us=2 model=yolo11n.onnx target=519
TASK3_CONTROL_SENT elapsed_ms=44909 request=163 value=536 target=519 state=251 seq=27 model=yolo11n.onnx
TASK2_ACK seq=27
TASK3_STATUS_RECEIVED elapsed_ms=45024 request=163 value=328 state=328 sample=162 rtt_ms=115
TASK3_MODEL_REJECTED model=yolo11n.onnx reason=no_detection action=hold_last_target target=519
TASK3_INFER elapsed_ms=45024 sample=164 output=382 infer_us=1 model=yolo11n.onnx target=519
TASK3_CONTROL_SENT elapsed_ms=45024 request=164 value=382 target=519 state=328 seq=28 model=yolo11n.onnx
TASK2_ACK seq=28

[Axvisor] detached VM[1] console
[2Kaxvisor:/$ [2Kaxvisor:/$ v[2Kaxvisor:/$ vi[2Kaxvisor:/$ vir[2Kaxvisor:/$ virt[2Kaxvisor:/$ virtn[2Kaxvisor:/$ virtne[2Kaxvisor:/$ virtnet[2Kaxvisor:/$ virtnet [2Kaxvisor:/$ virtnet c[2Kaxvisor:/$ virtnet ca[2Kaxvisor:/$ virtnet cap[2Kaxvisor:/$ virtnet capt[2Kaxvisor:/$ virtnet captu[2Kaxvisor:/$ virtnet captur[2Kaxvisor:/$ virtnet capture[2Kaxvisor:/$ virtnet capture [2Kaxvisor:/$ virtnet capture d[2Kaxvisor:/$ virtnet capture du[2Kaxvisor:/$ virtnet capture dum[2Kaxvisor:/$ virtnet capture dump
CAPDUMP_BEGIN
CAPTURE 1 9804810448 3333ff12340152540012340186dd6000000000203aff00000000000000000000000000000000ff0200000000000000000001ff12340187005f8200000000fe80000000000000505400fffe1234010e01a0630d94a929
CAPTURE 1 9806207536 33330000001652540012340186dd600000000024000100000000000000000000000000000000ff0200000000000000000000000000163a000502000001008f003b770000000104000000ff0200000000000000000001ff123401
CAPTURE 1 9825526112 525400123401525400123402080045000040000000004011129d0a002a020a002a0f10921092002cab6b54324e31010500005452543200000000000000000008000098a6cb830000000000001ad6
CAPTURE 1 9826868416 525400123402525400123401080045000044d62e40004011fc690a002a0f0a002a02109210920030e1b854324e3101010001545254320000000200000000000c000090abb62001000000000000da00000002
CAPTURE 1 9828865200 52540012340152540012340208004500003800000000401112a50a002a020a002a0f1092109200243cb454324e3101040000545254320000000000000002000000004077ad57
CAPTURE 1 9829497568 52540012340152540012340208004500004400000000401112990a002a020a002a0f1092109200307fcb54324e3101020001545254320000000200000000000c000055f9529d01000000000000fc00000002
CAPTURE 1 9892140048 525400123402525400123401080045000044d63540004011fc620a002a0f0a002a02109210920030e1b854324e3101010001545254320000000200000000000c000090abb62001000000000000da00000002
CAPTURE 1 9899688192 52540012340152540012340208004500003800000000401112a50a002a020a002a0f1092109200243cb454324e3101040000545254320000000000000002000000004077ad57
CAPTURE 1 9913408768 525400123402525400123401080045000040d63a40004011fc610a002a0f0a002a0210921092002c6d9c54324e310105000054525432000000000000000000080000058eb3110000000000000430
CAPTURE 1 9924474944 525400123402525400123401080045000038d63b40004011fc680a002a0f0a002a021092109200243cb454324e3101040000545254320000000000000002000000004077ad57
CAPTURE 1 9977196928 525400123402525400123401080045000044d64840004011fc4f0a002a0f0a002a0210921092003051d354324e3101010001545254320000000300000000000c0000230ab269010000000000021600000003
CAPTURE 1 9994895440 52540012340152540012340208004500003800000000401112a50a002a020a002a0f1092109200241a6154324e310104000054525432000000000000000300000000570cb914
CAPTURE 1 9995562864 52540012340152540012340208004500004400000000401112990a002a020a002a0f109210920030ef3054324e3101020001545254320000000300000000000c0000a96e8f74010000000000014800000003
CAPTURE 1 10050548368 525400123402525400123401080045000038d64d40004011fc560a002a0f0a002a021092109200241a6154324e310104000054525432000000000000000300000000570cb914
CAPTURE 1 10100086592 525400123402525400123401080045000044d65140004011fc460a002a0f0a002a0210921092003035b454324e3101010001545254320000000400000000000c00005ce89540010000000000017e00000004
CAPTURE 1 10118535280 52540012340152540012340208004500003800000000401112a50a002a020a002a0f109210920024223654324e310104000054525432000000000000000400000000336dd4dd
CAPTURE 1 10119152880 52540012340152540012340208004500004400000000401112990a002a020a002a0f1092109200309ad154324e3101020001545254320000000400000000000c0000b2a8daa0010000000000013f00000004
CAPTURE 1 10157889952 525400123402525400123401080045000038d65640004011fc4d0a002a0f0a002a02109210920024223654324e310104000054525432000000000000000400000000336dd4dd
CAPTURE 1 10210350112 525400123402525400123401080045000044d66140004011fc360a002a0f0a002a02109210920030320854324e3101010001545254320000000500000000000c0000dabf1bc901000000000000c800000005
CAPTURE 1 10228471984 52540012340152540012340208004500003800000000401112a50a002a020a002a0f10921092002445cb54324e3101040000545254320000000000000005000000002416c09e
CAPTURE 1 10229505984 52540012340152540012340208004500004400000000401112990a002a020a002a0f10921092003088e854324e3101020001545254320000000500000000000c0000b7ede78601000000000000fb00000005
CAPTURE 1 10259502176 525400123402525400123401080045000038d66b40004011fc380a002a0f0a002a0210921092002445cb54324e3101040000545254320000000000000005000000002416c09e
CAPTURE 1 10313955152 525400123402525400123401080045000044d67740004011fc200a002a0f0a002a02109210920030526654324e3101010001545254320000000600000000000c0000b2662272010000000000021800000006
CAPTURE 1 10332143840 52540012340152540012340208004500003800000000401112a50a002a020a002a0f109210920024108854324e3101040000545254320000000000000006000000001d9bfc5b
CAPTURE 1 10333189456 52540012340152540012340208004500004400000000401112990a002a020a002a0f109210920030ffcc54324e3101020001545254320000000600000000000c00008732a10e010000000000014800000006
CAPTURE 1 10372973328 525400123402525400123401080045000038d68640004011fc1d0a002a0f0a002a02109210920024108854324e3101040000545254320000000000000006000000001d9bfc5b
CAPTURE 1 10421690608 525400123402525400123401080045000044d68b40004011fc0c0a002a0f0a002a02109210920030c52054324e3101010001545254320000000700000000000c0000f00c72a9010000000000017e00000007
CAPTURE 1 10438515568 52540012340152540012340208004500003800000000401112a50a002a020a002a0f109210920024378554324e3101040000545254320000000000000007000000000ae0e818
CAPTURE 1 10440296304 52540012340152540012340208004500004400000000401112990a002a020a002a0f109210920030cc7f54324e3101020001545254320000000700000000000c00001e4c3d49010000000000013f00000007
CAPTURE 1 10478252000 525400123402525400123401080045000038d68c40004011fc170a002a0f0a002a02109210920024378554324e3101040000545254320000000000000007000000000ae0e818
CAPTURE 1 10529535040 525400123402525400123401080045000044d69940004011fbfe0a002a0f0a002a02109210920030242154324e3101010001545254320000000800000000000c0000d6332e3601000000000000c800000008
CAPTURE 1 10546893312 52540012340152540012340208004500003800000000401112a50a002a020a002a0f1092109200242d5a54324e310104000054525432000000000000000800000000d55927c9
CAPTURE 1 10547501776 52540012340152540012340208004500004400000000401112990a002a020a002a0f1092109200309a7b54324e3101020001545254320000000800000000000c0000bb61d27901000000000000fb00000008
CAPTURE 1 10589826944 525400123402525400123401080045000038d6a640004011fbfd0a002a0f0a002a021092109200242d5a54324e310104000054525432000000000000000800000000d55927c9
CAPTURE 1 10641741696 525400123402525400123401080045000044d6b040004011fbe70a002a0f0a002a0210921092003015ba54324e3101010001545254320000000900000000000c0000c08250fc010000000000021800000009
CAPTURE 1 10659831504 52540012340152540012340208004500003800000000401112a50a002a020a002a0f10921092002434cf54324e310104000054525432000000000000000900000000c222338a
CAPTURE 1 10660453552 52540012340152540012340208004500004400000000401112990a002a020a002a0f1092109200305eb054324e3101020001545254320000000900000000000c0000f5d6d380010000000000014800000009
CAPTURE 1 10698952928 525400123402525400123401080045000038d6bd40004011fbe60a002a0f0a002a0210921092002434cf54324e310104000054525432000000000000000900000000c222338a
CAPTURE 1 10749260912 525400123402525400123401080045000044d6be40004011fbd90a002a0f0a002a02109210920030e3f954324e3101010001545254320000000a00000000000c0000fc804756010000000000017e0000000a
CAPTURE 1 10767438560 52540012340152540012340208004500003800000000401112a50a002a020a002a0f1092109200241f7c54324e310104000054525432000000000000000a00000000fbaf0f4f
CAPTURE 1 10768040448 52540012340152540012340208004500004400000000401112990a002a020a002a0f1092109200300c9954324e3101020001545254320000000a00000000000c000012c008b6010000000000013f0000000a
CAPTURE 1 10799440128 525400123402525400123401080045000038d6c440004011fbdf0a002a0f0a002a021092109200241f7c54324e310104000054525432000000000000000a00000000fbaf0f4f
CAPTURE 1 10838118784 33330000001652540012340186dd6000000000240001fe80000000000000505400fffe123401ff0200000000000000000000000000163a000502000001008f00b98e0000000104000000ff0200000000000000000001ff123401
CAPTURE 1 10838672672 33330000000252540012340186dd6000000000103afffe80000000000000505400fffe123401ff0200000000000000000000000000028500725f000000000101525400123401
CAPTURE 1 10856017824 525400123402525400123401080045000044d6d240004011fbc50a002a0f0a002a02109210920030e3cd54324e3101010001545254320000000b00000000000c00007ad7c9df01000000000000c80000000b
CAPTURE 1 10866777744 52540012340152540012340208004500003800000000401112a50a002a020a002a0f109210920024229954324e310104000054525432000000000000000b00000000ecd41b0c
CAPTURE 1 10874429264 52540012340152540012340208004500004400000000401112990a002a020a002a0f109210920030db3b54324e3101020001545254320000000b00000000000c00001785359001000000000000fb0000000b
CAPTURE 1 10915334624 525400123402525400123401080045000038d6dd40004011fbc60a002a0f0a002a02109210920024229954324e310104000054525432000000000000000b00000000ecd41b0c
CAPTURE 1 10974617104 525400123402525400123401080045000044d6e840004011fbaf0a002a0f0a002a02109210920030b9cd54324e3101010001545254320000000c00000000000c0000eede7e8601000000000002180000000c
CAPTURE 1 10991781712 52540012340152540012340208004500003800000000401112a50a002a020a002a0f1092109200242afe54324e310104000054525432000000000000000c0000000088b576c5
CAPTURE 1 10998762400 52540012340152540012340208004500004400000000401112990a002a020a002a0f109210920030725554324e3101020001545254320000000c00000000000c000085cc2f4a01000000000001de0000000c
CAPTURE 1 11051543008 525400123402525400123401080045000038d6f840004011fbab0a002a0f0a002a021092109200242afe54324e310104000054525432000000000000000c0000000088b576c5
CAPTURE 1 11106085904 525400123402525400123401080045000044d70540004011fb920a002a0f0a002a02109210920030852054324e3101010001545254320000000d00000000000c000063d93ffd01000000000000520000000d
CAPTURE 1 11123782224 52540012340152540012340208004500003800000000401112a50a002a020a002a0f109210920024282354324e310104000054525432000000000000000d000000009fce6286
CAPTURE 1 11125905680 52540012340152540012340208004500004400000000401112990a002a020a002a0f109210920030f8c554324e3101020001545254320000000d00000000000c00008890a63101000000000001c00000000d
CAPTURE 1 11169317792 525400123402525400123401080045000038d70740004011fb9c0a002a0f0a002a02109210920024282354324e310104000054525432000000000000000d000000009fce6286
CAPTURE 1 11221935504 525400123402525400123401080045000044d70b40004011fb8c0a002a0f0a002a02109210920030569954324e3101010001545254320000000e00000000000c00008dee44bf01000000000000000000000e
CAPTURE 1 11239095712 52540012340152540012340208004500003800000000401112a50a002a020a002a0f10921092002425f054324e310104000054525432000000000000000e00000000a6435e43
CAPTURE 1 11240949520 52540012340152540012340208004500004400000000401112990a002a020a002a0f109210920030d72754324e3101020001545254320000000e00000000000c00005bc7f4c301000000000001930000000e
CAPTURE 1 11279020128 525400123402525400123401080045000038d71540004011fb8e0a002a0f0a002a0210921092002425f054324e310104000054525432000000000000000e00000000a6435e43
CAPTURE 1 11330779104 525400123402525400123401080045000044d72240004011fb750a002a0f0a002a02109210920030785d54324e3101010001545254320000000f00000000000c000047c6683901000000000000e80000000f
CAPTURE 1 11345457856 52540012340152540012340208004500003800000000401112a50a002a020a002a0f1092109200242f3d54324e310104000054525432000000000000000f00000000b1384a00
CAPTURE 1 11349131344 52540012340152540012340208004500004400000000401112990a002a020a002a0f109210920030e82e54324e3101020001545254320000000f00000000000c000033080c4101000000000001cc0000000f
CAPTURE 1 11389283840 525400123402525400123401080045000038d72340004011fb800a002a0f0a002a021092109200242f3d54324e310104000054525432000000000000000f00000000b1384a00
CAPTURE 1 11439209360 525400123402525400123401080045000044d72940004011fb6e0a002a0f0a002a02109210920030554c54324e3101010001545254320000001000000000000c00001eb4b4cc010000000000007600000010
CAPTURE 1 11455490448 52540012340152540012340208004500003800000000401112a50a002a020a002a0f109210920024a09254324e310104000054525432000000000000001000000000c241c7a0
CAPTURE 1 11457674368 52540012340152540012340208004500004400000000401112990a002a020a002a0f109210920030c34d54324e3101020001545254320000001000000000000c0000861cde1401000000000001c300000010
CAPTURE 1 11497598688 33330000001652540012340186dd6000000000240001fe80000000000000505400fffe123401ff0200000000000000000000000000163a000502000001008f00b98e0000000104000000ff0200000000000000000001ff123401
CAPTURE 1 11498085120 525400123402525400123401080045000038d72a40004011fb790a002a0f0a002a02109210920024a09254324e310104000054525432000000000000001000000000c241c7a0
CAPTURE 1 11550609440 525400123402525400123401080045000044d73240004011fb650a002a0f0a002a021092109200306d5b54324e3101010001545254320000001100000000000c0000baaa013b010000000000000000000011
CAPTURE 1 11567897136 52540012340152540012340208004500003800000000401112a50a002a020a002a0f109210920024815554324e310104000054525432000000000000001100000000d53ad3e3
CAPTURE 1 11568964880 52540012340152540012340208004500004400000000401112990a002a020a002a0f109210920030feff54324e3101020001545254320000001100000000000c0000e3c344e7010000000000019500000011
CAPTURE 1 11610967952 525400123402525400123401080045000038d73740004011fb6c0a002a0f0a002a02109210920024815554324e310104000054525432000000000000001100000000d53ad3e3
CAPTURE 1 11888500016 525400123402525400123401080045000044d77240004011fb250a002a0f0a002a02109210920030d57254324e3101010001545254320000001200000000000c0000cb1a87cd01000000000000e400000012
CAPTURE 1 11906403408 52540012340152540012340208004500003800000000401112a50a002a020a002a0f1092109200244e9454324e310104000054525432000000000000001200000000ecb7ef26
CAPTURE 1 11908328704 52540012340152540012340208004500004400000000401112990a002a020a002a0f1092109200309e9954324e3101020001545254320000001200000000000c00007a240eb401000000000001cc00000012
CAPTURE 1 11936571984 525400123402525400123401080045000040d77740004011fb240a002a0f0a002a0210921092002c298554324e310105000054525432000000000000000000080000685d8c720000000000000c17
CAPTURE 1 11948566544 525400123402525400123401080045000038d77a40004011fb290a002a0f0a002a021092109200244e9454324e310104000054525432000000000000001200000000ecb7ef26
CAPTURE 1 11998533712 525400123402525400123401080045000044d77d40004011fb1a0a002a0f0a002a02109210920030235154324e3101010001545254320000001300000000000c0000b2505325010000000000007600000013
CAPTURE 1 12016524368 52540012340152540012340208004500003800000000401112a50a002a020a002a0f109210920024333f54324e310104000054525432000000000000001300000000fbccfb65
CAPTURE 1 12017237680 52540012340152540012340208004500004400000000401112990a002a020a002a0f109210920030c28354324e3101020001545254320000001300000000000c00002af839fd01000000000001c300000013
CAPTURE 1 12055575968 525400123402525400123401080045000038d78b40004011fb180a002a0f0a002a02109210920024333f54324e310104000054525432000000000000001300000000fbccfb65
CAPTURE 1 12115630288 525400123402525400123401080045000044d78f40004011fb080a002a0f0a002a02109210920030650354324e3101010001545254320000001400000000000c000094f62f41010000000000000000000014
CAPTURE 1 12133216352 52540012340152540012340208004500003800000000401112a50a002a020a002a0f109210920024f41654324e3101040000545254320000000000000014000000009fad96ac
CAPTURE 1 12135317184 52540012340152540012340208004500004400000000401112990a002a020a002a0f109210920030ef6754324e3101020001545254320000001400000000000c0000cd9f6a9d010000000000019500000014
CAPTURE 1 12174370832 525400123402525400123401080045000038d79140004011fb120a002a0f0a002a02109210920024f41654324e3101040000545254320000000000000014000000009fad96ac
CAPTURE 1 12464045664 525400123402525400123401080045000044d7a340004011faf40a002a0f0a002a021092109200309e5f54324e3101010001545254320000001500000000000c00009b2eeec601000000000000e400000015
CAPTURE 1 12483433680 52540012340152540012340208004500003800000000401112a50a002a020a002a0f1092109200241eaa54324e31010400005452543200000000000000150000000088d682ef
CAPTURE 1 12484041488 52540012340152540012340208004500004400000000401112990a002a020a002a0f109210920030959c54324e3101020001545254320000001500000000000c00002a1067bf01000000000001cc00000015
CAPTURE 1 12512230416 525400123402525400123401080045000040d7a840004011faf30a002a0f0a002a0210921092002c3ffd54324e3101050000545254320000000000000000000800002cb7af600000000000000e57
CAPTURE 1 12523312512 525400123402525400123401080045000038d7aa40004011faf90a002a0f0a002a021092109200241eaa54324e31010400005452543200000000000000150000000088d682ef
CAPTURE 1 12573737184 525400123402525400123401080045000044d7ad40004011faea0a002a0f0a002a021092109200300f5554324e3101010001545254320000001600000000000c00009c0c7d5f010000000000007600000016
CAPTURE 1 12585474352 52540012340152540012340208004500003800000000401112a50a002a020a002a0f109210920024bae854324e310104000054525432000000000000001600000000b15bbe2a
CAPTURE 1 12592005888 52540012340152540012340208004500004400000000401112990a002a020a002a0f1092109200300b4854324e3101020001545254320000001600000000000c000004a4178701000000000001c300000016
CAPTURE 1 12642667136 525400123402525400123401080045000038d7b240004011faf10a002a0f0a002a02109210920024bae854324e310104000054525432000000000000001600000000b15bbe2a
CAPTURE 1 12694553408 525400123402525400123401080045000044d7b740004011fae00a002a0f0a002a02109210920030287a54324e3101010001545254320000001700000000000c00003812c8a8010000000000000000000017
CAPTURE 1 12712631552 52540012340152540012340208004500003800000000401112a50a002a020a002a0f109210920024d9e354324e310104000054525432000000000000001700000000a620aa69
CAPTURE 1 12713309024 52540012340152540012340208004500004400000000401112990a002a020a002a0f10921092003038af54324e3101020001545254320000001700000000000c0000617b8d74010000000000019500000017
CAPTURE 1 12751579792 525400123402525400123401080045000038d7bf40004011fae40a002a0f0a002a02109210920024d9e354324e310104000054525432000000000000001700000000a620aa69
CAPTURE 1 13014555296 525400123402525400123401080045000044d7c140004011fad60a002a0f0a002a02109210920030b57254324e3101010001545254320000001800000000000c000097a2db3901000000000000e400000018
CAPTURE 1 13032116432 52540012340152540012340208004500003800000000401112a50a002a020a002a0f1092109200244b1b54324e310104000054525432000000000000001800000000799965b8
CAPTURE 1 13033024640 52540012340152540012340208004500004400000000401112990a002a020a002a0f109210920030ae8954324e3101020001545254320000001800000000000c0000269c524001000000000001cc00000018
CAPTURE 1 13072275360 525400123402525400123401080045000040d7c340004011fad80a002a0f0a002a0210921092002c595454324e3101050000545254320000000000000000000800007e25426b0000000000001087
CAPTURE 1 13083352928 525400123402525400123401080045000038d7c640004011fadd0a002a0f0a002a021092109200244b1b54324e310104000054525432000000000000001800000000799965b8
CAPTURE 1 13133833312 525400123402525400123401080045000044d7ca40004011facd0a002a0f0a002a021092109200302a0154324e3101010001545254320000001900000000000c0000eee80fd1010000000000007600000019
CAPTURE 1 13151618784 52540012340152540012340208004500003800000000401112a50a002a020a002a0f109210920024498e54324e3101040000545254320000000000000019000000006ee271fb
CAPTURE 1 13152184624 52540012340152540012340208004500004400000000401112990a002a020a002a0f1092109200304c2354324e3101020001545254320000001900000000000c00007640650901000000000001c300000019
CAPTURE 1 13190917728 525400123402525400123401080045000038d7d340004011fad00a002a0f0a002a02109210920024498e54324e3101040000545254320000000000000019000000006ee271fb
CAPTURE 1 13246276816 525400123402525400123401080045000044d7e040004011fab70a002a0f0a002a02109210920030f73854324e3101010001545254320000001a00000000000c0000349efd5701000000000000000000001a
CAPTURE 1 13263490752 52540012340152540012340208004500003800000000401112a50a002a020a002a0f10921092002485bd54324e310104000054525432000000000000001a00000000576f4d3e
CAPTURE 1 13265573232 52540012340152540012340208004500004400000000401112990a002a020a002a0f109210920030011654324e3101020001545254320000001a00000000000c00006df7b88b01000000000001950000001a
CAPTURE 1 13304606512 525400123402525400123401080045000038d7ee40004011fab50a002a0f0a002a0210921092002485bd54324e310104000054525432000000000000001a00000000576f4d3e
CAPTURE 1 13578858352 525400123402525400123401080045000044d81540004011fa820a002a0f0a002a02109210920030b03254324e3101010001545254320000001b00000000000c00003b463cd001000000000000e40000001b
CAPTURE 1 13597110000 52540012340152540012340208004500003800000000401112a50a002a020a002a0f10921092002490d854324e310104000054525432000000000000001b000000004014597d
CAPTURE 1 13598388688 52540012340152540012340208004500004400000000401112990a002a020a002a0f109210920030e73d54324e3101020001545254320000001b00000000000c00008a78b5a901000000000001cc0000001b
CAPTURE 1 13627732816 525400123402525400123401080045000040d81b40004011fa800a002a0f0a002a0210921092002cdea054324e31010500005452543200000000000000000008000083a9b57000000000000012b1
CAPTURE 1 13638827712 525400123402525400123401080045000038d81e40004011fa850a002a0f0a002a0210921092002490d854324e310104000054525432000000000000001b000000004014597d
CAPTURE 1 13689517728 525400123402525400123401080045000044d82140004011fa760a002a0f0a002a02109210920030465554324e3101010001545254320000001c00000000000c0000c0b421ab01000000000000760000001c
CAPTURE 1 13717176752 52540012340152540012340208004500003800000000401112a50a002a020a002a0f109210920024d13f54324e310104000054525432000000000000001c00000000247534b4
CAPTURE 1 13718487136 52540012340152540012340208004500004400000000401112990a002a020a002a0f10921092003083d754324e3101020001545254320000001c00000000000c0000581c4b7301000000000001c30000001c
CAPTURE 1 13759207760 525400123402525400123401080045000038d82340004011fa800a002a0f0a002a02109210920024d13f54324e310104000054525432000000000000001c00000000247534b4
CAPTURE 1 13815210336 525400123402525400123401080045000044d82a40004011fa6d0a002a0f0a002a02109210920030302254324e3101010001545254320000001d00000000000c000064aa945c01000000000000000000001d
CAPTURE 1 13835472032 52540012340152540012340208004500003800000000401112a50a002a020a002a0f109210920024d66254324e310104000054525432000000000000001d00000000330e20f7
CAPTURE 1 13836078432 52540012340152540012340208004500004400000000401112990a002a020a002a0f109210920030184f54324e3101020001545254320000001d00000000000c00003dc3d18001000000000001950000001d
CAPTURE 1 13875278560 525400123402525400123401080045000038d83340004011fa700a002a0f0a002a02109210920024d66254324e310104000054525432000000000000001d00000000330e20f7
CAPTURE 1 14135755776 525400123401525400123402080045000040000000004011129d0a002a020a002a0f10921092002cbc8054324e310105000054525432000000000000000000080000ee2b54130000000000002bac
CAPTURE 1 14140498608 525400123402525400123401080045000044d87340004011fa240a002a0f0a002a02109210920030007f54324e3101010001545254320000001e00000000000c0000151a12aa01000000000000e40000001e
CAPTURE 1 14158748384 52540012340152540012340208004500003800000000401112a50a002a020a002a0f10921092002403b254324e310104000054525432000000000000001e000000000a831c32
CAPTURE 1 14160690080 52540012340152540012340208004500004400000000401112990a002a020a002a0f109210920030e76154324e3101020001545254320000001e00000000000c0000a4249bd301000000000001cc0000001e
CAPTURE 1 14194935232 525400123402525400123401080045000040d87d40004011fa1e0a002a0f0a002a0210921092002c835b54324e310105000054525432000000000000000000080000969afb9c00000000000014d9
CAPTURE 1 14220418544 525400123402525400123401080045000038d88140004011fa220a002a0f0a002a0210921092002403b254324e310104000054525432000000000000001e000000000a831c32
CAPTURE 1 14270592096 525400123402525400123401080045000044d88d40004011fa0a0a002a0f0a002a02109210920030f61b54324e3101010001545254320000001f00000000000c00006c50c64201000000000000760000001f
CAPTURE 1 14285435984 52540012340152540012340208004500003800000000401112a50a002a020a002a0f10921092002403fd54324e310104000054525432000000000000001f000000001df80871
CAPTURE 1 14289002576 52540012340152540012340208004500004400000000401112990a002a020a002a0f10921092003085cd54324e3101020001545254320000001f00000000000c0000f4f8ac9a01000000000001c30000001f
CAPTURE 1 14339454464 525400123402525400123401080045000038d89740004011fa0c0a002a0f0a002a0210921092002403fd54324e310104000054525432000000000000001f000000001df80871
CAPTURE 1 14391550352 525400123402525400123401080045000044d8a340004011f9f40a002a0f0a002a02109210920030899e54324e3101010001545254320000002000000000000c0000a6c6f8bd010000000000000000000020
CAPTURE 1 14408562224 52540012340152540012340208004500003800000000401112a50a002a020a002a0f109210920024368254324e310104000054525432000000000000002000000000ec700772
CAPTURE 1 14409362144 52540012340152540012340208004500004400000000401112990a002a020a002a0f1092109200306a7b54324e3101020001545254320000002000000000000c0000ffafbd61010000000000019500000020
CAPTURE 1 14459077776 525400123402525400123401080045000038d8ae40004011f9f50a002a0f0a002a02109210920024368254324e310104000054525432000000000000002000000000ec700772
CAPTURE 1 14717219664 525400123401525400123402080045000040000000004011129d0a002a020a002a0f10921092002cb32054324e310105000054525432000000000000000000080000f2ae56d40000000000002dc8
CAPTURE 1 14718928784 525400123402525400123401080045000044d8bb40004011f9dc0a002a0f0a002a0210921092003045e454324e3101010001545254320000002100000000000c0000a91e393a01000000000000e400000021
CAPTURE 1 14737062016 52540012340152540012340208004500003800000000401112a50a002a020a002a0f1092109200241c2754324e310104000054525432000000000000002100000000fb0b1331
CAPTURE 1 14737671296 52540012340152540012340208004500004400000000401112990a002a020a002a0f1092109200305ef054324e3101020001545254320000002100000000000c00001820b04301000000000001cc00000021
CAPTURE 1 14770652176 525400123402525400123401080045000040d8c740004011f9d40a002a0f0a002a0210921092002c7f0b54324e310105000054525432000000000000000000080000e0dfb35d0000000000001723
CAPTURE 1 14798299056 525400123402525400123401080045000038d8ca40004011f9d90a002a0f0a002a021092109200241c2754324e310104000054525432000000000000002100000000fb0b1331
CAPTURE 1 14852264816 525400123402525400123401080045000044d8ce40004011f9c90a002a0f0a002a02109210920030cfc854324e3101010001545254320000002200000000000c0000ae3caaa3010000000000007600000022
CAPTURE 1 14873304384 52540012340152540012340208004500003800000000401112a50a002a020a002a0f10921092002437e854324e310104000054525432000000000000002200000000c2862ff4
CAPTURE 1 14874114864 52540012340152540012340208004500004400000000401112990a002a020a002a0f109210920030304b54324e3101020001545254320000002200000000000c00003694c07b01000000000001c300000022
CAPTURE 1 14915023936 525400123402525400123401080045000038d8d440004011f9cf0a002a0f0a002a0210921092002437e854324e310104000054525432000000000000002200000000c2862ff4
CAPTURE 1 14967341072 525400123402525400123401080045000044d8d840004011f9bf0a002a0f0a002a02109210920030ffa654324e3101010001545254320000002300000000000c00000a221f54010000000000000000000023
CAPTURE 1 15233114592 52540012340152540012340208004500003800000000401112a50a002a020a002a0f10921092002418ad54324e310104000054525432000000000000002300000000d5fd3bb7
CAPTURE 1 15234022704 52540012340152540012340208004500004400000000401112990a002a020a002a0f10921092003079b354324e3101020001545254320000002300000000000c0000534b5a88010000000000019500000023
CAPTURE 1 15244587264 33330000000252540012340186dd6000000000103afffe80000000000000505400fffe123401ff0200000000000000000000000000028500725f000000000101525400123401
CAPTURE 1 15264346784 525400123402525400123401080045000040d8ec40004011f9af0a002a0f0a002a0210921092002c8d7654324e31010500005452543200000000000000000008000028ef5af00000000000001916
CAPTURE 1 15275593024 525400123402525400123401080045000038d8ef40004011f9b40a002a0f0a002a0210921092002418ad54324e310104000054525432000000000000002300000000d5fd3bb7
CAPTURE 1 15329830064 525400123402525400123401080045000044d8f040004011f9a70a002a0f0a002a0210921092003089b454324e3101010001545254320000002400000000000c00008742174001000000000000e400000024
CAPTURE 1 15349055920 52540012340152540012340208004500003800000000401112a50a002a020a002a0f109210920024224654324e310104000054525432000000000000002400000000b19c567e
CAPTURE 1 15349840880 52540012340152540012340208004500004400000000401112990a002a020a002a0f109210920030529854324e3101020001545254320000002400000000000c0000367c9e3901000000000001cc00000024
CAPTURE 1 15390740864 525400123402525400123401080045000038d8fa40004011f9a90a002a0f0a002a02109210920024224654324e310104000054525432000000000000002400000000b19c567e
CAPTURE 1 15447620592 525400123402525400123401080045000044d90640004011f9910a002a0f0a002a0210921092003066f154324e3101010001545254320000002500000000000c0000fe08c3a8010000000000007600000025
CAPTURE 1 15465801520 52540012340152540012340208004500003800000000401112a50a002a020a002a0f109210920024413b54324e310104000054525432000000000000002500000000a6e7423d
CAPTURE 1 15466730144 52540012340152540012340208004500004400000000401112990a002a020a002a0f109210920030174454324e3101020001545254320000002500000000000c000066a0a97001000000000001c300000025
CAPTURE 1 15506506528 525400123402525400123401080045000038d90e40004011f9950a002a0f0a002a02109210920024413b54324e310104000054525432000000000000002500000000a6e7423d
CAPTURE 1 15795587728 525400123402525400123401080045000044d94f40004011f9480a002a0f0a002a02109210920030d36a54324e3101010001545254320000002600000000000c0000247e312e010000000000000000000026
CAPTURE 1 15805577824 52540012340152540012340208004500003800000000401112a50a002a020a002a0f1092109200240bfc54324e3101040000545254320000000000000026000000009f6a7ef8
CAPTURE 1 15813834176 52540012340152540012340208004500004400000000401112990a002a020a002a0f109210920030357754324e3101020001545254320000002600000000000c00007d1774f2010000000000019500000026
CAPTURE 1 15856214416 525400123402525400123401080045000040d95240004011f9490a002a0f0a002a0210921092002c575154324e3101050000545254320000000000000000000800003ddb79d80000000000001b67
CAPTURE 1 15867346304 525400123402525400123401080045000038d95540004011f94e0a002a0f0a002a021092109200240bfc54324e3101040000545254320000000000000026000000009f6a7ef8
CAPTURE 1 15932536320 525400123402525400123401080045000044d96540004011f9320a002a0f0a002a021092109200300be154324e3101010001545254320000002700000000000c00002ba6f0a901000000000000e400000027
CAPTURE 1 15935459760 52540012340152540012340208004500003800000000401112a50a002a020a002a0f109210920024379154324e31010400005452543200000000000000270000000088116abb
CAPTURE 1 15937009616 52540012340152540012340208004500004400000000401112990a002a020a002a0f10921092003012df54324e3101020001545254320000002700000000000c00009a9879d001000000000001cc00000027
CAPTURE 1 15993221232 525400123402525400123401080045000038d97040004011f9330a002a0f0a002a02109210920024379154324e31010400005452543200000000000000270000000088116abb
CAPTURE 1 16043795104 525400123402525400123401080045000044d97740004011f9200a002a0f0a002a021092109200303fc054324e3101010001545254320000002800000000000c0000f284f657010000000000007600000028
CAPTURE 1 16061546240 52540012340152540012340208004500003800000000401112a50a002a020a002a0f1092109200242d4a54324e31010400005452543200000000000000280000000057a8a56a
CAPTURE 1 16063386560 52540012340152540012340208004500004400000000401112990a002a020a002a0f109210920030209354324e3101020001545254320000002800000000000c00006a2c9c8f01000000000001c300000028
CAPTURE 1 16113235024 525400123402525400123401080045000038d97e40004011f9250a002a0f0a002a021092109200242d4a54324e31010400005452543200000000000000280000000057a8a56a
CAPTURE 1 16346438480 525400123401525400123402080045000040000000004011129d0a002a020a002a0f10921092002caece54324e3101050000545254320000000000000000000800006d75d9d9000000000000344e
CAPTURE 1 16367381584 525400123402525400123401080045000044d9b940004011f8de0a002a0f0a002a021092109200308ed654324e3101010001545254320000002900000000000c0000569a43a0010000000000000000000029
CAPTURE 1 16385442528 52540012340152540012340208004500003800000000401112a50a002a020a002a0f109210920024385f54324e31010400005452543200000000000000290000000040d3b129
CAPTURE 1 16387320240 52540012340152540012340208004500004400000000401112990a002a020a002a0f109210920030110c54324e3101020001545254320000002900000000000c00000ff3067c010000000000019500000029
CAPTURE 1 16425758144 525400123402525400123401080045000040d9be40004011f8dd0a002a0f0a002a0210921092002c134554324e310105000054525432000000000000000000080000a88d50ff0000000000001d9a
CAPTURE 1 16450942704 525400123402525400123401080045000038d9c040004011f8e30a002a0f0a002a02109210920024385f54324e31010400005452543200000000000000290000000040d3b129
CAPTURE 1 16510727072 525400123402525400123401080045000044d9cf40004011f8c80a002a0f0a002a021092109200303baa54324e3101010001545254320000002a00000000000c0000272ac55601000000000000e40000002a
CAPTURE 1 16525662464 52540012340152540012340208004500003800000000401112a50a002a020a002a0f109210920024231054324e310104000054525432000000000000002a00000000795e8dec
CAPTURE 1 16529085952 52540012340152540012340208004500004400000000401112990a002a020a002a0f10921092003044fe54324e3101020001545254320000002a00000000000c000096144c2f01000000000001cc0000002a
CAPTURE 1 16570020064 525400123402525400123401080045000038d9d440004011f8cf0a002a0f0a002a02109210920024231054324e310104000054525432000000000000002a00000000795e8dec
CAPTURE 1 16621585104 525400123402525400123401080045000044d9db40004011f8bc0a002a0f0a002a02109210920030b87854324e3101010001545254320000002b00000000000c00005e6011be01000000000000760000002b
CAPTURE 1 16639528496 52540012340152540012340208004500003800000000401112a50a002a020a002a0f109210920024228554324e310104000054525432000000000000002b000000006e2599af
CAPTURE 1 16640138688 52540012340152540012340208004500004400000000401112990a002a020a002a0f109210920030e51954324e3101020001545254320000002b00000000000c0000c6c87b6601000000000001c30000002b
CAPTURE 1 16681670192 525400123402525400123401080045000038d9e440004011f8bf0a002a0f0a002a02109210920024228554324e310104000054525432000000000000002b000000006e2599af
CAPTURE 1 16911594144 525400123401525400123402080045000040000000004011129d0a002a020a002a0f10921092002cee5b54324e310105000054525432000000000000000000080000799a8bf7000000000000367e
CAPTURE 1 16947411792 525400123402525400123401080045000044da1940004011f87e0a002a0f0a002a02109210920030426a54324e3101010001545254320000002c00000000000c000078c66dda01000000000000000000002c
CAPTURE 1 16965603008 52540012340152540012340208004500003800000000401112a50a002a020a002a0f1092109200242bae54324e310104000054525432000000000000002c000000000a44f466
CAPTURE 1 16967499056 52540012340152540012340208004500004400000000401112990a002a020a002a0f109210920030ddbf54324e3101020001545254320000002c00000000000c000021af280601000000000001950000002c
CAPTURE 1 17000442256 525400123402525400123401080045000040da2640004011f8750a002a0f0a002a0210921092002c72cd54324e310105000054525432000000000000000000080000756e22570000000000001fd9
CAPTURE 1 17025993824 525400123402525400123401080045000038da2940004011f87a0a002a0f0a002a021092109200242bae54324e310104000054525432000000000000002c000000000a44f466
CAPTURE 1 17081306592 525400123402525400123401080045000044da2c40004011f86b0a002a0f0a002a0210921092003004a954324e3101010001545254320000002d00000000000c0000771eac5d01000000000000e40000002d
CAPTURE 1 17098823264 52540012340152540012340208004500003800000000401112a50a002a020a002a0f1092109200242cf354324e310104000054525432000000000000002d000000001d3fe025
CAPTURE 1 17099982528 52540012340152540012340208004500004400000000401112990a002a020a002a0f1092109200303bf754324e3101020001545254320000002d00000000000c0000c620252401000000000001cc0000002d
CAPTURE 1 17150811344 525400123402525400123401080045000038da3240004011f8710a002a0f0a002a021092109200242cf354324e310104000054525432000000000000002d000000001d3fe025
CAPTURE 1 17201460448 525400123402525400123401080045000044da3640004011f8610a002a0f0a002a02109210920030789054324e3101010001545254320000002e00000000000c0000703c3fc401000000000000760000002e
CAPTURE 1 17469112992 52540012340152540012340208004500003800000000401112a50a002a020a002a0f10921092002428c454324e310104000054525432000000000000002e0000000024b2dce0
CAPTURE 1 17470144896 52540012340152540012340208004500004400000000401112990a002a020a002a0f109210920030e99154324e3101020001545254320000002e00000000000c0000e894551c01000000000001c30000002e
CAPTURE 1 17502406240 525400123402525400123401080045000040da3a40004011f8610a002a0f0a002a0210921092002c847d54324e310105000054525432000000000000000000080000a379e0a200000000000021d2
CAPTURE 1 17513535408 525400123402525400123401080045000038da3b40004011f8680a002a0f0a002a0210921092002428c454324e310104000054525432000000000000002e0000000024b2dce0
CAPTURE 1 17578040800 525400123402525400123401080045000044da4b40004011f84c0a002a0f0a002a02109210920030caae54324e3101010001545254320000002f00000000000c0000d4228a3301000000000000000000002f
CAPTURE 1 17595411376 52540012340152540012340208004500003800000000401112a50a002a020a002a0f1092109200242de954324e310104000054525432000000000000002f0000000033c9c8a3
CAPTURE 1 17596976512 52540012340152540012340208004500004400000000401112990a002a020a002a0f109210920030ca3354324e3101020001545254320000002f00000000000c00008d4bcfef01000000000001950000002f
CAPTURE 1 17635253984 525400123402525400123401080045000038da5540004011f84e0a002a0f0a002a021092109200242de954324e310104000054525432000000000000002f0000000033c9c8a3
CAPTURE 1 17697781488 525400123402525400123401080045000044da5840004011f83f0a002a0f0a002a021092109200303b4454324e3101010001545254320000003000000000000c00003e32aea801000000000000e400000030
CAPTURE 1 17716156432 52540012340152540012340208004500003800000000401112a50a002a020a002a0f109210920024a4a154324e31010400005452543200000000000000300000000040b04503
CAPTURE 1 17717202944 52540012340152540012340208004500004400000000401112990a002a020a002a0f109210920030705854324e3101020001545254320000003000000000000c00008f0c27d101000000000001cc00000030
CAPTURE 1 17762954896 525400123402525400123401080045000038da5e40004011f8450a002a0f0a002a02109210920024a4a154324e31010400005452543200000000000000300000000040b04503
CAPTURE 1 18018610432 525400123402525400123401080045000044da9240004011f8050a002a0f0a002a0210921092003066d254324e3101010001545254320000003100000000000c000047787a40010000000000007600000031
CAPTURE 1 18025481744 52540012340152540012340208004500003800000000401112a50a002a020a002a0f109210920024814854324e31010400005452543200000000000000310000000057cb5140
CAPTURE 1 18037032000 52540012340152540012340208004500004400000000401112990a002a020a002a0f10921092003036d454324e3101020001545254320000003100000000000c0000dfd0109801000000000001c300000031
CAPTURE 1 18076554160 525400123402525400123401080045000040da9c40004011f7ff0a002a0f0a002a0210921092002ced2954324e310105000054525432000000000000000000080000326de6c10000000000002413
CAPTURE 1 18088686032 525400123402525400123401080045000038da9e40004011f8050a002a0f0a002a02109210920024814854324e31010400005452543200000000000000310000000057cb5140
CAPTURE 1 18142093440 525400123402525400123401080045000044daa440004011f7f30a002a0f0a002a02109210920030032a54324e3101010001545254320000003200000000000c00009d0e88c6010000000000000000000032
CAPTURE 1 18155493808 52540012340152540012340208004500003800000000401112a50a002a020a002a0f1092109200244e8754324e3101040000545254320000000000000032000000006e466d85
CAPTURE 1 18160234528 52540012340152540012340208004500004400000000401112990a002a020a002a0f10921092003095e654324e3101020001545254320000003200000000000c0000c467cd1a010000000000019500000032
CAPTURE 1 18201130016 525400123402525400123401080045000038daa740004011f7fc0a002a0f0a002a021092109200244e8754324e3101040000545254320000000000000032000000006e466d85
CAPTURE 1 18253779056 525400123402525400123401080045000044dab340004011f7e40a002a0f0a002a021092109200304c0154324e3101010001545254320000003300000000000c000092d6494101000000000000e400000033
CAPTURE 1 18271738064 52540012340152540012340208004500003800000000401112a50a002a020a002a0f109210920024374e54324e310104000054525432000000000000003300000000793d79c6
CAPTURE 1 18272330608 52540012340152540012340208004500004400000000401112990a002a020a002a0f109210920030430f54324e3101020001545254320000003300000000000c000023e8c03801000000000001cc00000033
CAPTURE 1 18311108240 525400123402525400123401080045000038dab540004011f7ee0a002a0f0a002a02109210920024374e54324e310104000054525432000000000000003300000000793d79c6
CAPTURE 1 18574405424 525400123402525400123401080045000044dade40004011f7b90a002a0f0a002a021092109200306b2654324e3101010001545254320000003400000000000c00006924543a010000000000007600000034
CAPTURE 1 18592605584 52540012340152540012340208004500003800000000401112a50a002a020a002a0f109210920024f8e554324e3101040000545254320000000000000034000000001d5c140f
CAPTURE 1 18593654912 52540012340152540012340208004500004400000000401112990a002a020a002a0f109210920030f6c754324e3101020001545254320000003400000000000c0000f18c3ee201000000000001c300000034
CAPTURE 1 18627536320 525400123402525400123401080045000040dae440004011f7b70a002a0f0a002a0210921092002cdabc54324e310105000054525432000000000000000000080000dbe04d950000000000002639
CAPTURE 1 18638619600 525400123402525400123401080045000038dae640004011f7bd0a002a0f0a002a02109210920024f8e554324e3101040000545254320000000000000034000000001d5c140f
CAPTURE 1 18690790512 525400123402525400123401080045000044dae740004011f7b00a002a0f0a002a0210921092003079f054324e3101010001545254320000003500000000000c0000cd3ae1cd010000000000000000000035
CAPTURE 1 18708685568 52540012340152540012340208004500003800000000401112a50a002a020a002a0f1092109200241fdd54324e3101040000545254320000000000000035000000000a27004c
CAPTURE 1 18709377984 52540012340152540012340208004500004400000000401112990a002a020a002a0f109210920030eefd54324e3101020001545254320000003500000000000c00009453a411010000000000019500000035
CAPTURE 1 18747502048 525400123402525400123401080045000038daf540004011f7ae0a002a0f0a002a021092109200241fdd54324e3101040000545254320000000000000035000000000a27004c
CAPTURE 1 18800432048 525400123402525400123401080045000044dafd40004011f79a0a002a0f0a002a02109210920030044d54324e3101010001545254320000003600000000000c0000bc8a673b01000000000000e400000036
CAPTURE 1 18818003504 52540012340152540012340208004500003800000000401112a50a002a020a002a0f109210920024ba1b54324e31010400005452543200000000000000360000000033aa3c89
CAPTURE 1 18819860208 52540012340152540012340208004500004400000000401112990a002a020a002a0f1092109200302b3354324e3101020001545254320000003600000000000c00000db4ee4201000000000001cc00000036
CAPTURE 1 18859276160 525400123402525400123401080045000038dafe40004011f7a50a002a0f0a002a02109210920024ba1b54324e31010400005452543200000000000000360000000033aa3c89
CAPTURE 1 19120321840 525400123402525400123401080045000044db2340004011f7740a002a0f0a002a02109210920030aeea54324e3101010001545254320000003700000000000c0000c5c0b3d3010000000000007600000037
CAPTURE 1 19135422064 52540012340152540012340208004500003800000000401112a50a002a020a002a0f109210920024dcb254324e31010400005452543200000000000000370000000024d128ca
CAPTURE 1 19139261872 52540012340152540012340208004500004400000000401112990a002a020a002a0f109210920030f0bc54324e3101020001545254320000003700000000000c00005d68d90b01000000000001c300000037
CAPTURE 1 19180520944 525400123402525400123401080045000040db3240004011f7690a002a0f0a002a0210921092002c275a54324e31010500005452543200000000000000000008000020d3b9dd0000000000002861
CAPTURE 1 19197838864 525400123402525400123401080045000038db3340004011f7700a002a0f0a002a02109210920024dcb254324e31010400005452543200000000000000370000000024d128ca
CAPTURE 1 19260045232 525400123402525400123401080045000044db3540004011f7620a002a0f0a002a02109210920030930954324e3101010001545254320000003800000000000c0000c1b6d432010000000000000000000038
CAPTURE 1 19277450336 52540012340152540012340208004500003800000000401112a50a002a020a002a0f10921092002447c854324e310104000054525432000000000000003800000000fb68e71b
CAPTURE 1 19278348080 52540012340152540012340208004500004400000000401112990a002a020a002a0f109210920030fc8e54324e3101020001545254320000003800000000000c000098df91ee010000000000019500000038
CAPTURE 1 19318297744 525400123402525400123401080045000038db3a40004011f7690a002a0f0a002a0210921092002447c854324e310104000054525432000000000000003800000000fb68e71b
CAPTURE 1 19370743248 525400123402525400123401080045000044db4740004011f7500a002a0f0a002a0210921092003043e954324e3101010001545254320000003900000000000c0000ce6e15b501000000000000e400000039
CAPTURE 1 19388457888 52540012340152540012340208004500003800000000401112a50a002a020a002a0f1092109200244adf54324e310104000054525432000000000000003900000000ec13f358
CAPTURE 1 19389257776 52540012340152540012340208004500004400000000401112990a002a020a002a0f1092109200300b0754324e3101020001545254320000003900000000000c00007f509ccc01000000000001cc00000039
CAPTURE 1 19431089072 525400123402525400123401080045000038db5440004011f74f0a002a0f0a002a021092109200244adf54324e310104000054525432000000000000003900000000ec13f358
CAPTURE 1 19673723088 525400123401525400123402080045000040000000004011129d0a002a020a002a0f10921092002cdae654324e31010500005452543200000000000000000008000031e6dc580000000000004146
CAPTURE 1 19708577840 525400123402525400123401080045000044db7540004011f7220a002a0f0a002a02109210920030d8ff54324e3101010001545254320000003a00000000000c0000c94c862c01000000000000760000003a
CAPTURE 1 19713198576 52540012340152540012340208004500003800000000401112a50a002a020a002a0f109210920024850e54324e310104000054525432000000000000003a00000000d59ecf9d
CAPTURE 1 19715366736 52540012340152540012340208004500004400000000401112990a002a020a002a0f109210920030e85154324e3101020001545254320000003a00000000000c000051e4ecf401000000000001c30000003a
CAPTURE 1 19761691744 525400123402525400123401080045000040db7640004011f7250a002a0f0a002a0210921092002c1f7654324e310105000054525432000000000000000000080000678f78c30000000000002aa3
CAPTURE 1 19787258720 525400123402525400123401080045000038db7a40004011f7290a002a0f0a002a02109210920024850e54324e310104000054525432000000000000003a00000000d59ecf9d
CAPTURE 1 19840654416 525400123402525400123401080045000044db8640004011f7110a002a0f0a002a0210921092003087bf54324e3101010001545254320000003b00000000000c00006d5233db01000000000000000000003b
CAPTURE 1 19858601568 52540012340152540012340208004500003800000000401112a50a002a020a002a0f1092109200248b8554324e310104000054525432000000000000003b00000000c2e5dbde
CAPTURE 1 19860440608 52540012340152540012340208004500004400000000401112990a002a020a002a0f1092109200307d1454324e3101020001545254320000003b00000000000c0000343b760701000000000001950000003b
CAPTURE 1 19899200880 525400123402525400123401080045000038db9040004011f7130a002a0f0a002a021092109200248b8554324e310104000054525432000000000000003b00000000c2e5dbde
CAPTURE 1 19951377648 525400123402525400123401080045000044db9740004011f7000a002a0f0a002a021092109200300c0554324e3101010001545254320000003c00000000000c0000e0323bcf01000000000000e40000003c
CAPTURE 1 19969210160 52540012340152540012340208004500003800000000401112a50a002a020a002a0f109210920024cdac54324e310104000054525432000000000000003c00000000a684b617
CAPTURE 1 19977068352 52540012340152540012340208004500004400000000401112990a002a020a002a0f109210920030d9e054324e3101020001545254320000003c00000000000c00005388fa4a01000000000001360000003c
CAPTURE 1 20015370592 525400123402525400123401080045000038dba640004011f6fd0a002a0f0a002a02109210920024cdac54324e310104000054525432000000000000003c00000000a684b617
CAPTURE 1 20248023456 525400123401525400123402080045000040000000004011129d0a002a020a002a0f10921092002c259e54324e31010500005452543200000000000000000008000091023041000000000000438a
CAPTURE 1 20277943792 525400123402525400123401080045000044dba940004011f6ee0a002a0f0a002a0210921092003013da54324e3101010001545254320000003d00000000000c00002e51e51b01000000000001a20000003d
CAPTURE 1 20296606800 52540012340152540012340208004500003800000000401112a50a002a020a002a0f109210920024d5f354324e310104000054525432000000000000003d00000000b1ffa254
CAPTURE 1 20297282976 52540012340152540012340208004500004400000000401112990a002a020a002a0f109210920030f6a254324e3101020001545254320000003d00000000000c0000caf6660d01000000000001410000003d
CAPTURE 1 20329914864 525400123402525400123401080045000040dbab40004011f6f00a002a0f0a002a0210921092002c699754324e31010500005452543200000000000000000008000088b30b4c0000000000002cd5
CAPTURE 1 20354625072 525400123402525400123401080045000038dbb140004011f6f20a002a0f0a002a02109210920024d5f354324e310104000054525432000000000000003d00000000b1ffa254
CAPTURE 1 20407762144 525400123402525400123401080045000044dbb540004011f6e20a002a0f0a002a0210921092003074cd54324e3101010001545254320000003e00000000000c00005f9b53ba01000000000000c40000003e
CAPTURE 1 20425910064 52540012340152540012340208004500003800000000401112a50a002a020a002a0f109210920024034354324e310104000054525432000000000000003e0000000088729e91
CAPTURE 1 20427700160 52540012340152540012340208004500004400000000401112990a002a020a002a0f109210920030edbc54324e3101020001545254320000003e00000000000c0000f73942f401000000000000fb0000003e
CAPTURE 1 20466597328 525400123402525400123401080045000038dbc340004011f6e00a002a0f0a002a02109210920024034354324e310104000054525432000000000000003e0000000088729e91
CAPTURE 1 20518763520 525400123402525400123401080045000044dbc740004011f6d00a002a0f0a002a02109210920030d98054324e3101010001545254320000003f00000000000c00008cdac07101000000000002180000003f
CAPTURE 1 20800513024 52540012340152540012340208004500003800000000401112a50a002a020a002a0f109210920024006a54324e310104000054525432000000000000003f000000009f098ad2
CAPTURE 1 20802584064 52540012340152540012340208004500004400000000401112990a002a020a002a0f1092109200302b0054324e3101020001545254320000003f00000000000c0000b98e430d01000000000001480000003f
CAPTURE 1 20832046576 525400123402525400123401080045000040dbdc40004011f6bf0a002a0f0a002a0210921092002cd74254324e310105000054525432000000000000000000080000ba8569ce0000000000002ed5
CAPTURE 1 20845716320 525400123402525400123401080045000038dbdd40004011f6c60a002a0f0a002a02109210920024006a54324e310104000054525432000000000000003f000000009f098ad2
CAPTURE 1 20899986256 525400123402525400123401080045000044dbe040004011f6b70a002a0f0a002a02109210920030f7cf54324e3101010001545254320000004000000000000c00006dc9c1cb010000000000017e00000040
CAPTURE 1 20918830208 52540012340152540012340208004500003800000000401112a50a002a020a002a0f109210920024f35a54324e310104000054525432000000000000004000000000b01386d6
CAPTURE 1 20919433552 52540012340152540012340208004500004400000000401112990a002a020a002a0f10921092003015ee54324e3101020001545254320000004000000000000c000083898e2b010000000000013f00000040
CAPTURE 1 20959400848 525400123402525400123401080045000038dbeb40004011f6b80a002a0f0a002a02109210920024f35a54324e310104000054525432000000000000004000000000b01386d6
CAPTURE 1 21023386784 525400123402525400123401080045000044dbef40004011f6a80a002a0f0a002a02109210920030ed3754324e3101010001545254320000004100000000000c0000eb9e4f4201000000000000c800000041
CAPTURE 1 21041059872 52540012340152540012340208004500003800000000401112a50a002a020a002a0f109210920024f04554324e310104000054525432000000000000004100000000a7689295
CAPTURE 1 21041927504 52540012340152540012340208004500004400000000401112990a002a020a002a0f109210920030ee0a54324e3101020001545254320000004100000000000c000086ccb30d01000000000000fb00000041
CAPTURE 1 21081999072 525400123402525400123401080045000038dbf740004011f6ac0a002a0f0a002a02109210920024f04554324e310104000054525432000000000000004100000000a7689295
CAPTURE 1 21370469456 525400123401525400123402080045000040000000004011129d0a002a020a002a0f10921092002c958754324e310105000054525432000000000000000000080000b8dc941d00000000000047ea
CAPTURE 1 21372407808 525400123402525400123401080045000044dc3a40004011f65d0a002a0f0a002a021092109200302c8654324e3101010001545254320000004200000000000c0000834776f9010000000000021800000042
CAPTURE 1 21375434160 52540012340152540012340208004500003800000000401112a50a002a020a002a0f109210920024dd0c54324e3101040000545254320000000000000042000000009ee5ae50
CAPTURE 1 21391234480 52540012340152540012340208004500004400000000401112990a002a020a002a0f1092109200307bfc54324e3101020001545254320000004200000000000c0000b613f585010000000000014800000042
CAPTURE 1 21426011744 525400123402525400123401080045000040dc3b40004011f6600a002a0f0a002a0210921092002ca5ce54324e310105000054525432000000000000000000080000230130790000000000003123
CAPTURE 1 21450749200 525400123402525400123401080045000038dc3c40004011f6670a002a0f0a002a02109210920024dd0c54324e3101040000545254320000000000000042000000009ee5ae50
CAPTURE 1 21500664224 525400123402525400123401080045000044dc3f40004011f6580a002a0f0a002a02109210920030400f54324e3101010001545254320000004300000000000c0000c12d2622010000000000017e00000043
CAPTURE 1 21518617504 52540012340152540012340208004500003800000000401112a50a002a020a002a0f109210920024e68f54324e310104000054525432000000000000004300000000899eba13
CAPTURE 1 21520424784 52540012340152540012340208004500004400000000401112990a002a020a002a0f1092109200308e6d54324e3101020001545254320000004300000000000c00002f6d69c2010000000000013f00000043
CAPTURE 1 21558420512 525400123402525400123401080045000038dc4840004011f65b0a002a0f0a002a02109210920024e68f54324e310104000054525432000000000000004300000000899eba13
CAPTURE 1 21610670432 525400123402525400123401080045000044dc5140004011f6460a002a0f0a002a02109210920030011854324e3101010001545254320000004400000000000c0000c5c2613801000000000000c800000044
CAPTURE 1 21628666720 52540012340152540012340208004500003800000000401112a50a002a020a002a0f109210920024646654324e310104000054525432000000000000004400000000edffd7da
CAPTURE 1 21629506208 52540012340152540012340208004500004400000000401112990a002a020a002a0f109210920030e1d654324e3101020001545254320000004400000000000c0000a8909d7701000000000000fb00000044
CAPTURE 1 21679333696 525400123402525400123401080045000038dc6140004011f6420a002a0f0a002a02109210920024646654324e310104000054525432000000000000004400000000edffd7da
CAPTURE 1 21930471760 525400123402525400123401080045000044dc6440004011f6330a002a0f0a002a02109210920030335b54324e3101010001545254320000004500000000000c0000d3731ff2010000000000021800000045
CAPTURE 1 21948254848 52540012340152540012340208004500003800000000401112a50a002a020a002a0f1092109200246c2154324e310104000054525432000000000000004500000000fa84c399
CAPTURE 1 21949089184 52540012340152540012340208004500004400000000401112990a002a020a002a0f109210920030a4d954324e3101020001545254320000004500000000000c0000e6279c8e010000000000014800000045
CAPTURE 1 21980206704 525400123402525400123401080045000040dc7040004011f62b0a002a0f0a002a0210921092002cad9354324e310105000054525432000000000000000000080000363513510000000000003352
CAPTURE 1 21991303536 525400123402525400123401080045000038dc7340004011f6300a002a0f0a002a021092109200246c2154324e310104000054525432000000000000004500000000fa84c399
CAPTURE 1 22055516080 525400123402525400123401080045000044dc7940004011f61e0a002a0f0a002a021092109200302f8f54324e3101010001545254320000004600000000000c0000ef710858010000000000017e00000046
CAPTURE 1 22073255616 52540012340152540012340208004500003800000000401112a50a002a020a002a0f10921092002467d854324e310104000054525432000000000000004600000000c309ff5c
CAPTURE 1 22074159344 52540012340152540012340208004500004400000000401112990a002a020a002a0f109210920030dead54324e3101020001545254320000004600000000000c0000013147b8010000000000013f00000046
CAPTURE 1 22114387600 525400123402525400123401080045000038dc7c40004011f6270a002a0f0a002a0210921092002467d854324e310104000054525432000000000000004600000000c309ff5c
CAPTURE 1 22167533104 525400123402525400123401080045000044dc8640004011f6110a002a0f0a002a02109210920030381554324e3101010001545254320000004700000000000c0000692686d101000000000000c800000047
CAPTURE 1 22185467040 52540012340152540012340208004500003800000000401112a50a002a020a002a0f1092109200246aab54324e310104000054525432000000000000004700000000d472eb1f
CAPTURE 1 22186369792 52540012340152540012340208004500004400000000401112990a002a020a002a0f109210920030a8c654324e3101020001545254320000004700000000000c000004747a9e01000000000000fb00000047
CAPTURE 1 22227190896 525400123402525400123401080045000038dc8940004011f61a0a002a0f0a002a021092109200246aab54324e310104000054525432000000000000004700000000d472eb1f
CAPTURE 1 22494328192 525400123402525400123401080045000044dcbb40004011f5dc0a002a0f0a002a021092109200301cae54324e3101010001545254320000004800000000000c0000dfff2a0d010000000000021800000048
CAPTURE 1 22512475872 52540012340152540012340208004500003800000000401112a50a002a020a002a0f109210920024f9a354324e3101040000545254320000000000000048000000000bcb24ce
CAPTURE 1 22513395968 52540012340152540012340208004500004400000000401112990a002a020a002a0f109210920030936c54324e3101020001545254320000004800000000000c0000eaaba971010000000000014800000048
CAPTURE 1 22543047056 525400123402525400123401080045000040dcbf40004011f5dc0a002a0f0a002a0210921092002c886d54324e31010500005452543200000000000000000008000078d8f3a00000000000003585
CAPTURE 1 22554168064 525400123402525400123401080045000038dcc140004011f5e20a002a0f0a002a02109210920024f9a354324e3101040000545254320000000000000048000000000bcb24ce
CAPTURE 1 22605503664 525400123402525400123401080045000044dcc840004011f5cf0a002a0f0a002a021092109200300ee754324e3101010001545254320000004900000000000c00009d957ad6010000000000017e00000049
CAPTURE 1 22623646944 52540012340152540012340208004500003800000000401112a50a002a020a002a0f109210920024dcfe54324e3101040000545254320000000000000049000000001cb0308d
CAPTURE 1 22624245104 52540012340152540012340208004500004400000000401112990a002a020a002a0f1092109200307e8554324e3101020001545254320000004900000000000c000073d53536010000000000013f00000049
CAPTURE 1 22663167392 525400123402525400123401080045000038dcce40004011f5d50a002a0f0a002a02109210920024dcfe54324e3101040000545254320000000000000049000000001cb0308d
CAPTURE 1 22715868208 525400123402525400123401080045000044dcd440004011f5c30a002a0f0a002a021092109200300f2e54324e3101010001545254320000004a00000000000c000065aab32e01000000000000c80000004a
CAPTURE 1 22733557504 52540012340152540012340208004500003800000000401112a50a002a020a002a0f109210920024f8b554324e310104000054525432000000000000004a00000000253d0c48
CAPTURE 1 22734443680 52540012340152540012340208004500004400000000401112990a002a020a002a0f109210920030cf7954324e3101020001545254320000004a00000000000c000008f84f6101000000000000fb0000004a
CAPTURE 1 22784655936 525400123402525400123401080045000038dce440004011f5bf0a002a0f0a002a02109210920024f8b554324e310104000054525432000000000000004a00000000253d0c48
CAPTURE 1 23061477264 525400123401525400123402080045000040000000004011129d0a002a020a002a0f10921092002cb5c754324e310105000054525432000000000000000000080000c314630b0000000000004e84
CAPTURE 1 23063192496 525400123402525400123401080045000044dd2840004011f56f0a002a0f0a002a02109210920030e5b454324e3101010001545254320000004b00000000000c0000731bcde401000000000002180000004b
CAPTURE 1 23080966880 52540012340152540012340208004500003800000000401112a50a002a020a002a0f109210920024dfe854324e310104000054525432000000000000004b000000003246180b
CAPTURE 1 23081779728 52540012340152540012340208004500004400000000401112990a002a020a002a0f109210920030929c54324e3101020001545254320000004b00000000000c0000464f4e9801000000000001480000004b
CAPTURE 1 23116675200 525400123402525400123401080045000040dd2e40004011f56d0a002a0f0a002a0210921092002c7ec154324e310105000054525432000000000000000000080000fbe5780600000000000037be
CAPTURE 1 23143208320 525400123402525400123401080045000038dd3040004011f5730a002a0f0a002a02109210920024dfe854324e310104000054525432000000000000004b000000003246180b
CAPTURE 1 23193984224 525400123402525400123401080045000044dd3740004011f5600a002a0f0a002a021092109200301ed754324e3101010001545254320000004c00000000000c0000b3c954ac010000000000017e0000004c
CAPTURE 1 23212277072 52540012340152540012340208004500003800000000401112a50a002a020a002a0f1092109200245e4f54324e310104000054525432000000000000004c00000000562775c2
CAPTURE 1 23212945264 52540012340152540012340208004500004400000000401112990a002a020a002a0f109210920030aeb554324e3101020001545254320000004c00000000000c00005d891b4c010000000000013f0000004c
CAPTURE 1 23251281280 525400123402525400123401080045000038dd3c40004011f5670a002a0f0a002a021092109200245e4f54324e310104000054525432000000000000004c00000000562775c2
CAPTURE 1 23304001856 525400123402525400123401080045000044dd4640004011f5510a002a0f0a002a02109210920030183d54324e3101010001545254320000004d00000000000c0000359eda2501000000000000c80000004d
CAPTURE 1 23321790320 52540012340152540012340208004500003800000000401112a50a002a020a002a0f109210920024875a54324e310104000054525432000000000000004d00000000415c6181
CAPTURE 1 23323582912 52540012340152540012340208004500004400000000401112990a002a020a002a0f109210920030a89654324e3101020001545254320000004d00000000000c000058cc266a01000000000000fb0000004d
CAPTURE 1 23361965632 525400123402525400123401080045000038dd4a40004011f5590a002a0f0a002a02109210920024875a54324e310104000054525432000000000000004d00000000415c6181
CAPTURE 1 23623618864 525400123402525400123401080045000044dd5040004011f5470a002a0f0a002a02109210920030e5c854324e3101010001545254320000004e00000000000c00005d47e39e01000000000002180000004e
CAPTURE 1 23641119488 52540012340152540012340208004500003800000000401112a50a002a020a002a0f109210920024542154324e310104000054525432000000000000004e0000000078d15d44
CAPTURE 1 23643080320 52540012340152540012340208004500004400000000401112990a002a020a002a0f1092109200305e8854324e3101020001545254320000004e00000000000c0000681360e201000000000001480000004e
CAPTURE 1 23671663520 525400123402525400123401080045000040dd5340004011f5480a002a0f0a002a0210921092002c03b454324e310105000054525432000000000000000000080000970455c600000000000039ed
CAPTURE 1 23682735456 525400123402525400123401080045000038dd5440004011f54f0a002a0f0a002a02109210920024542154324e310104000054525432000000000000004e0000000078d15d44
CAPTURE 1 23734041616 525400123402525400123401080045000044dd6040004011f5370a002a0f0a002a0210921092003054d454324e3101010001545254320000004f00000000000c00001f2db345010000000000017e0000004f
CAPTURE 1 23752487056 52540012340152540012340208004500003800000000401112a50a002a020a002a0f109210920024718454324e310104000054525432000000000000004f000000006faa4907
CAPTURE 1 23754196192 52540012340152540012340208004500004400000000401112990a002a020a002a0f109210920030397154324e3101020001545254320000004f00000000000c0000f16dfca5010000000000013f0000004f
CAPTURE 1 23766095152 33330000000252540012340186dd6000000000103afffe80000000000000505400fffe123401ff0200000000000000000000000000028500725f000000000101525400123401
CAPTURE 1 23801075264 525400123402525400123401080045000038dd6b40004011f5380a002a0f0a002a02109210920024718454324e310104000054525432000000000000004f000000006faa4907
CAPTURE 1 23853905104 525400123402525400123401080045000044dd7740004011f5200a002a0f0a002a02109210920030d27754324e3101010001545254320000005000000000000c00007cb2d8d001000000000000c800000050
CAPTURE 1 23872239152 52540012340152540012340208004500003800000000401112a50a002a020a002a0f10921092002448ba54324e3101040000545254320000000000000050000000001cd3c4a7
CAPTURE 1 23872909440 52540012340152540012340208004500004400000000401112990a002a020a002a0f109210920030f14754324e3101020001545254320000005000000000000c000011e0249f01000000000000fb00000050
CAPTURE 1 23911160496 525400123402525400123401080045000038dd8340004011f5200a002a0f0a002a0210921092002448ba54324e3101040000545254320000000000000050000000001cd3c4a7
CAPTURE 1 24174216832 525400123402525400123401080045000044dd9b40004011f4fc0a002a0f0a002a02109210920030168b54324e3101010001545254320000005100000000000c00006a03a61a010000000000021800000051
CAPTURE 1 24192251696 52540012340152540012340208004500003800000000401112a50a002a020a002a0f1092109200244da754324e3101040000545254320000000000000051000000000ba8d0e4
CAPTURE 1 24193041584 52540012340152540012340208004500004400000000401112990a002a020a002a0f109210920030a2ba54324e3101020001545254320000005100000000000c00005f572566010000000000014800000051
CAPTURE 1 24232241232 525400123402525400123401080045000040dd9f40004011f4fc0a002a0f0a002a0210921092002c01d954324e310105000054525432000000000000000000080000b9c032b30000000000003c1f
CAPTURE 1 24243333024 525400123402525400123401080045000038dda140004011f5020a002a0f0a002a021092109200244da754324e3101040000545254320000000000000051000000000ba8d0e4
CAPTURE 1 24296416912 525400123402525400123401080045000044dda740004011f4f00a002a0f0a002a021092109200301f8f54324e3101010001545254320000005200000000000c00005601b1b0010000000000017e00000052
CAPTURE 1 24314236480 52540012340152540012340208004500003800000000401112a50a002a020a002a0f1092109200240bec54324e3101040000545254320000000000000052000000003225ec21
CAPTURE 1 24315339888 52540012340152540012340208004500004400000000401112990a002a020a002a0f10921092003070ec54324e3101020001545254320000005200000000000c0000b841fe50010000000000013f00000052
CAPTURE 1 24354510896 525400123402525400123401080045000038ddb340004011f4f00a002a0f0a002a021092109200240bec54324e3101040000545254320000000000000052000000003225ec21
CAPTURE 1 24407393824 525400123402525400123401080045000044ddc040004011f4d70a002a0f0a002a02109210920030186554324e3101010001545254320000005300000000000c0000d0563f3901000000000000c800000053
CAPTURE 1 24425367456 52540012340152540012340208004500003800000000401112a50a002a020a002a0f1092109200240c7154324e310104000054525432000000000000005300000000255ef862
CAPTURE 1 24426255472 52540012340152540012340208004500004400000000401112990a002a020a002a0f109210920030a74554324e3101020001545254320000005300000000000c0000bd04c37601000000000000fb00000053
CAPTURE 1 24466468656 525400123402525400123401080045000038ddce40004011f4d50a002a0f0a002a021092109200240c7154324e310104000054525432000000000000005300000000255ef862
CAPTURE 1 24739883120 525400123402525400123401080045000044de1240004011f4850a002a0f0a002a0210921092003059e354324e3101010001545254320000005400000000000c0000445f8860010000000000021800000054
CAPTURE 1 24757991840 52540012340152540012340208004500003800000000401112a50a002a020a002a0f109210920024534654324e310104000054525432000000000000005400000000413f95ab
CAPTURE 1 24759871744 52540012340152540012340208004500004400000000401112990a002a020a002a0f109210920030ab4a54324e3101020001545254320000005400000000000c0000710b0b1c010000000000014800000054
CAPTURE 1 24788144704 525400123402525400123401080045000040de1d40004011f47e0a002a0f0a002a0210921092002c65df54324e31010500005452543200000000000000000008000090f7f54a0000000000003e4a
CAPTURE 1 24799215424 525400123402525400123401080045000038de1f40004011f4840a002a0f0a002a02109210920024534654324e310104000054525432000000000000005400000000413f95ab
CAPTURE 1 24849772880 525400123402525400123401080045000044de2740004011f4700a002a0f0a002a02109210920030484a54324e3101010001545254320000005500000000000c00000635d8bb010000000000017e00000055
CAPTURE 1 24865494080 52540012340152540012340208004500003800000000401112a50a002a020a002a0f109210920024520354324e310104000054525432000000000000005500000000564481e8
CAPTURE 1 24868319360 52540012340152540012340208004500004400000000401112990a002a020a002a0f109210920030a7a754324e3101020001545254320000005500000000000c0000e875975b010000000000013f00000055
CAPTURE 1 24911399440 525400123402525400123401080045000038de3440004011f46f0a002a0f0a002a02109210920024520354324e310104000054525432000000000000005500000000564481e8
CAPTURE 1 24965522784 525400123402525400123401080045000044de3d40004011f45a0a002a0f0a002a0210921092003018a154324e3101010001545254320000005600000000000c0000fe0a114301000000000000c800000056
CAPTURE 1 24983712016 52540012340152540012340208004500003800000000401112a50a002a020a002a0f109210920024fd3754324e3101040000545254320000000000000056000000006fc9bd2d
CAPTURE 1 24984301856 52540012340152540012340208004500004400000000401112990a002a020a002a0f109210920030a75554324e3101020001545254320000005600000000000c00009358ed0c01000000000000fb00000056
CAPTURE 1 25023136448 525400123402525400123401080045000038de4340004011f4600a002a0f0a002a02109210920024fd3754324e3101040000545254320000000000000056000000006fc9bd2d
CAPTURE 1 25286814080 525400123402525400123401080045000044de7c40004011f41b0a002a0f0a002a02109210920030ce5754324e3101010001545254320000005700000000000c0000e8bb6f89010000000000021800000057
CAPTURE 1 25309704704 52540012340152540012340208004500003800000000401112a50a002a020a002a0f109210920024080d54324e31010400005452543200000000000000570000000078b2a96e
CAPTURE 1 25311780336 52540012340152540012340208004500004400000000401112990a002a020a002a0f1092109200305c8654324e3101020001545254320000005700000000000c0000ddefecf5010000000000014800000057
CAPTURE 1 25339997392 525400123402525400123401080045000040de7d40004011f41e0a002a0f0a002a0210921092002c11a454324e310105000054525432000000000000000000080000904048160000000000004071
CAPTURE 1 25351095136 525400123402525400123401080045000038de7e40004011f4250a002a0f0a002a02109210920024080d54324e31010400005452543200000000000000570000000078b2a96e
CAPTURE 1 25402024272 525400123402525400123401080045000044de8240004011f4150a002a0f0a002a021092109200302f3754324e3101010001545254320000005800000000000c00000ab9ed44010000000000017e00000058
CAPTURE 1 25419779808 52540012340152540012340208004500003800000000401112a50a002a020a002a0f1092109200241c6254324e310104000054525432000000000000005800000000a70b66bf
CAPTURE 1 25420982656 52540012340152540012340208004500004400000000401112990a002a020a002a0f1092109200309fd454324e3101020001545254320000005800000000000c0000e4f9a2a4010000000000013f00000058
CAPTURE 1 25461344304 525400123402525400123401080045000038de8740004011f41c0a002a0f0a002a021092109200241c6254324e310104000054525432000000000000005800000000a70b66bf
CAPTURE 1 25514040672 525400123402525400123401080045000044de9240004011f4050a002a0f0a002a02109210920030372d54324e3101010001545254320000005900000000000c00008cee63cd01000000000000c800000059
CAPTURE 1 25533075552 52540012340152540012340208004500003800000000401112a50a002a020a002a0f10921092002406bf54324e310104000054525432000000000000005900000000b07072fc
CAPTURE 1 25533969904 52540012340152540012340208004500004400000000401112990a002a020a002a0f109210920030a67554324e3101020001545254320000005900000000000c0000e1bc9f8201000000000000fb00000059
CAPTURE 1 25584049280 525400123402525400123401080045000038de9540004011f40e0a002a0f0a002a0210921092002406bf54324e310104000054525432000000000000005900000000b07072fc
CAPTURE 1 25835774656 525400123402525400123401080045000044deaa40004011f3ed0a002a0f0a002a02109210920030e7e854324e3101010001545254320000005a00000000000c0000e4375a7601000000000002180000005a
CAPTURE 1 25853246624 52540012340152540012340208004500003800000000401112a50a002a020a002a0f10921092002451f454324e310104000054525432000000000000005a0000000089fd4e39
CAPTURE 1 25855272192 52540012340152540012340208004500004400000000401112990a002a020a002a0f1092109200307cf754324e3101020001545254320000005a00000000000c0000d163d90a01000000000001480000005a
CAPTURE 1 25883859264 525400123402525400123401080045000040deb540004011f3e60a002a0f0a002a0210921092002cb30d54324e3101050000545254320000000000000000000800009b7599560000000000004292
CAPTURE 1 25895011792 525400123402525400123401080045000038deb740004011f3ec0a002a0f0a002a0210921092002451f454324e310104000054525432000000000000005a0000000089fd4e39
CAPTURE 1 25945928912 525400123402525400123401080045000044deba40004011f3dd0a002a0f0a002a02109210920030762454324e3101010001545254320000005b00000000000c0000a65d0aad010000000000017e0000005b
CAPTURE 1 25964275360 52540012340152540012340208004500003800000000401112a50a002a020a002a0f109210920024312954324e310104000054525432000000000000005b000000009e865a7a
CAPTURE 1 25965111152 52540012340152540012340208004500004400000000401112990a002a020a002a0f1092109200309a0254324e3101020001545254320000005b00000000000c0000481d454d010000000000013f0000005b
CAPTURE 1 26003181664 525400123402525400123401080045000038debe40004011f3e50a002a0f0a002a02109210920024312954324e310104000054525432000000000000005b000000009e865a7a
CAPTURE 1 26055958512 525400123402525400123401080045000044deca40004011f3cd0a002a0f0a002a02109210920030377954324e3101010001545254320000005c00000000000c0000a2b24db701000000000000c80000005c
CAPTURE 1 26073872608 52540012340152540012340208004500003800000000401112a50a002a020a002a0f109210920024f78d54324e310104000054525432000000000000005c00000000fae737b3
CAPTURE 1 26074787248 52540012340152540012340208004500004400000000401112990a002a020a002a0f109210920030a5d554324e3101020001545254320000005c00000000000c0000cfe0b1f801000000000000fb0000005c
CAPTURE 1 26114932432 525400123402525400123401080045000038dece40004011f3d50a002a0f0a002a02109210920024f78d54324e310104000054525432000000000000005c00000000fae737b3
CAPTURE 1 26408103616 525400123402525400123401080045000044dee240004011f3b50a002a0f0a002a021092109200303f1054324e3101010001545254320000005d00000000000c0000b403337d01000000000002180000005d
CAPTURE 1 26425703232 52540012340152540012340208004500003800000000401112a50a002a020a002a0f109210920024189b54324e310104000054525432000000000000005d00000000ed9c23f0
CAPTURE 1 26427723584 52540012340152540012340208004500004400000000401112990a002a020a002a0f109210920030f60654324e3101020001545254320000005d00000000000c00008157b00101000000000001480000005d
CAPTURE 1 26456128496 525400123402525400123401080045000040deec40004011f3af0a002a0f0a002a0210921092002c129c54324e310105000054525432000000000000000000080000aff2230f00000000000044ce
CAPTURE 1 26467273600 525400123402525400123401080045000038deef40004011f3b40a002a0f0a002a02109210920024189b54324e310104000054525432000000000000005d00000000ed9c23f0
CAPTURE 1 26518590784 525400123402525400123401080045000044def940004011f39e0a002a0f0a002a021092109200307a5054324e3101010001545254320000005e00000000000c0000880124d7010000000000017e0000005e
CAPTURE 1 26536311808 52540012340152540012340208004500003800000000401112a50a002a020a002a0f10921092002436e054324e310104000054525432000000000000005e00000000d4111f35
CAPTURE 1 26537133328 52540012340152540012340208004500004400000000401112990a002a020a002a0f10921092003055ee54324e3101020001545254320000005e00000000000c000066416b37010000000000013f0000005e
CAPTURE 1 26581374624 525400123402525400123401080045000038df0840004011f39b0a002a0f0a002a0210921092002436e054324e310104000054525432000000000000005e00000000d4111f35
CAPTURE 1 26633817744 525400123402525400123401080045000044df1140004011f3860a002a0f0a002a021092109200306f2854324e3101010001545254320000005f00000000000c00000e56aa5e01000000000000c80000005f
CAPTURE 1 26651381776 52540012340152540012340208004500003800000000401112a50a002a020a002a0f1092109200245b4554324e310104000054525432000000000000005f00000000c36a0b76
CAPTURE 1 26653037232 52540012340152540012340208004500004400000000401112990a002a020a002a0f1092109200306e9354324e3101020001545254320000005f00000000000c00006304561101000000000000fb0000005f
CAPTURE 1 26703234880 525400123402525400123401080045000038df2140004011f3820a002a0f0a002a021092109200245b4554324e310104000054525432000000000000005f00000000c36a0b76
CAPTURE 1 26994862416 525400123402525400123401080045000044df4940004011f34e0a002a0f0a002a02109210920030507f54324e3101010001545254320000006000000000000c0000766f5f9c010000000000021800000060
CAPTURE 1 27013327744 52540012340152540012340208004500003800000000401112a50a002a020a002a0f109210920024f2cd54324e31010400005452543200000000000000600000000032e20475
CAPTURE 1 27015268464 52540012340152540012340208004500004400000000401112990a002a020a002a0f109210920030073e54324e3101020001545254320000006000000000000c0000433bdce0010000000000014800000060
CAPTURE 1 27044442592 525400123402525400123401080045000040df5340004011f3480a002a0f0a002a0210921092002c77ef54324e31010500005452543200000000000000000008000005616601000000000000471a
CAPTURE 1 27055602304 525400123402525400123401080045000038df5540004011f34e0a002a0f0a002a02109210920024f2cd54324e31010400005452543200000000000000600000000032e20475
CAPTURE 1 27107027456 525400123402525400123401080045000044df5640004011f3410a002a0f0a002a02109210920030e3d654324e3101010001545254320000006100000000000c000034050f47010000000000017e00000061
CAPTURE 1 27125788976 52540012340152540012340208004500003800000000401112a50a002a020a002a0f109210920024f45454324e31010400005452543200000000000000610000000025991036
CAPTURE 1 27127190592 52540012340152540012340208004500004400000000401112990a002a020a002a0f1092109200300c7454324e3101020001545254320000006100000000000c0000da4540a7010000000000013f00000061
CAPTURE 1 27159286832 525400123402525400123401080045000038df5740004011f34c0a002a0f0a002a02109210920024f45454324e31010400005452543200000000000000610000000025991036
CAPTURE 1 27212054368 525400123402525400123401080045000044df6340004011f3340a002a0f0a002a0210921092003094dc54324e3101010001545254320000006200000000000c0000cc3ac6bf01000000000000c800000062
CAPTURE 1 27229830688 52540012340152540012340208004500003800000000401112a50a002a020a002a0f109210920024e11b54324e3101040000545254320000000000000062000000001c142cf3
CAPTURE 1 27231659808 52540012340152540012340208004500004400000000401112990a002a020a002a0f1092109200304b4a54324e3101020001545254320000006200000000000c0000a1683af001000000000000fb00000062
CAPTURE 1 27270360448 525400123402525400123401080045000038df6e40004011f3350a002a0f0a002a02109210920024e11b54324e3101040000545254320000000000000062000000001c142cf3
CAPTURE 1 27559115536 525400123402525400123401080045000044df9b40004011f2fc0a002a0f0a002a02109210920030938354324e3101010001545254320000006300000000000c0000da8bb875010000000000021800000063
CAPTURE 1 27577557936 52540012340152540012340208004500003800000000401112a50a002a020a002a0f109210920024e60254324e3101040000545254320000000000000063000000000b6f38b0
CAPTURE 1 27578440880 52540012340152540012340208004500004400000000401112990a002a020a002a0f109210920030fc6a54324e3101020001545254320000006300000000000c0000efdf3b09010000000000014800000063
CAPTURE 1 27607250416 525400123402525400123401080045000040dfa340004011f2f80a002a0f0a002a0210921092002c927a54324e3101050000545254320000000000000000000800001731377c0000000000004944
CAPTURE 1 27618350272 525400123402525400123401080045000038dfa440004011f2ff0a002a0f0a002a02109210920024e60254324e3101040000545254320000000000000063000000000b6f38b0
CAPTURE 1 27670383888 525400123402525400123401080045000044dfae40004011f2e90a002a0f0a002a02109210920030eb8654324e3101010001545254320000006400000000000c00001a59213d010000000000017e00000064
CAPTURE 1 27688565504 52540012340152540012340208004500003800000000401112a50a002a020a002a0f109210920024659954324e3101040000545254320000000000000064000000006f0e5579
CAPTURE 1 27689362752 52540012340152540012340208004500004400000000401112990a002a020a002a0f109210920030c46354324e3101020001545254320000006400000000000c0000f4196edd010000000000013f00000064
CAPTURE 1 27740615648 525400123402525400123401080045000038dfb140004011f2f20a002a0f0a002a02109210920024659954324e3101040000545254320000000000000064000000006f0e5579
CAPTURE 1 27793982624 525400123402525400123401080045000044dfbe40004011f2d90a002a0f0a002a02109210920030dc0d54324e3101010001545254320000006500000000000c00009c0eafb401000000000000c800000065
CAPTURE 1 27812013168 52540012340152540012340208004500003800000000401112a50a002a020a002a0f109210920024707054324e3101040000545254320000000000000065000000007875413a
CAPTURE 1 27813040944 52540012340152540012340208004500004400000000401112990a002a020a002a0f109210920030e24454324e3101020001545254320000006500000000000c0000f15c53fb01000000000000fb00000065
CAPTURE 1 27853852448 525400123402525400123401080045000038dfca40004011f2d90a002a0f0a002a02109210920024707054324e3101040000545254320000000000000065000000007875413a
CAPTURE 1 28114635312 525400123402525400123401080045000044dff440004011f2a30a002a0f0a002a021092109200309b9754324e3101010001545254320000006600000000000c0000f4d7960f010000000000021800000066
CAPTURE 1 28134130768 52540012340152540012340208004500003800000000401112a50a002a020a002a0f1092109200246a2754324e31010400005452543200000000000000660000000041f87dff
CAPTURE 1 28136005360 52540012340152540012340208004500004400000000401112990a002a020a002a0f109210920030505754324e3101020001545254320000006600000000000c0000c1831573010000000000014800000066
CAPTURE 1 28164266240 525400123402525400123401080045000040dffe40004011f29d0a002a0f0a002a0210921092002cd2cb54324e310105000054525432000000000000000000080000936178c30000000000004b7b
CAPTURE 1 28175641696 525400123402525400123401080045000038e00140004011f2a20a002a0f0a002a021092109200246a2754324e31010400005452543200000000000000660000000041f87dff
CAPTURE 1 28227701392 525400123402525400123401080045000044e00e40004011f2890a002a0f0a002a02109210920030a98454324e3101010001545254320000006700000000000c0000b6bdc6d4010000000000017e00000067
CAPTURE 1 28246033296 52540012340152540012340208004500003800000000401112a50a002a020a002a0f10921092002469de54324e310104000054525432000000000000006700000000568369bc
CAPTURE 1 28247879904 52540012340152540012340208004500004400000000401112990a002a020a002a0f109210920030452354324e3101020001545254320000006700000000000c000058fd8934010000000000013f00000067
CAPTURE 1 28279280576 525400123402525400123401080045000038e01640004011f28d0a002a0f0a002a0210921092002469de54324e310104000054525432000000000000006700000000568369bc
CAPTURE 1 28333212496 525400123402525400123401080045000044e01940004011f27e0a002a0f0a002a02109210920030fcfc54324e3101010001545254320000006800000000000c000090829a4b01000000000000c800000068
CAPTURE 1 28351021520 52540012340152540012340208004500003800000000401112a50a002a020a002a0f109210920024fa7454324e310104000054525432000000000000006800000000893aa66d
CAPTURE 1 28353028192 52540012340152540012340208004500004400000000401112990a002a020a002a0f109210920030c3c154324e3101020001545254320000006800000000000c0000fdd0660401000000000000fb00000068
CAPTURE 1 28392443920 525400123402525400123401080045000038e01b40004011f2880a002a0f0a002a02109210920024fa7454324e310104000054525432000000000000006800000000893aa66d
CAPTURE 1 28682819408 525400123402525400123401080045000044e03440004011f2630a002a0f0a002a02109210920030bbc354324e3101010001545254320000006900000000000c00008633e481010000000000021800000069
CAPTURE 1 28701857776 52540012340152540012340208004500003800000000401112a50a002a020a002a0f109210920024d9ab54324e3101040000545254320000000000000069000000009e41b22e
CAPTURE 1 28703179392 52540012340152540012340208004500004400000000401112990a002a020a002a0f1092109200300be354324e3101020001545254320000006900000000000c0000b36767fd010000000000014800000069
CAPTURE 1 28732075936 525400123402525400123401080045000040e03e40004011f25d0a002a0f0a002a0210921092002c0fe554324e3101050000545254320000000000000000000800002783a5510000000000004db2
CAPTURE 1 28743135392 525400123402525400123401080045000038e03f40004011f2640a002a0f0a002a02109210920024d9ab54324e3101040000545254320000000000000069000000009e41b22e
CAPTURE 1 28793854720 525400123402525400123401080045000044e04140004011f2560a002a0f0a002a0210921092003079b354324e3101010001545254320000006a00000000000c0000ba31f32b010000000000017e0000006a
CAPTURE 1 28812273120 52540012340152540012340208004500003800000000401112a50a002a020a002a0f109210920024f36254324e310104000054525432000000000000006a00000000a7cc8eeb
CAPTURE 1 28812943776 52540012340152540012340208004500004400000000401112990a002a020a002a0f109210920030161254324e3101020001545254320000006a00000000000c00005471bccb010000000000013f0000006a
CAPTURE 1 28852355152 525400123402525400123401080045000038e04240004011f2610a002a0f0a002a02109210920024f36254324e310104000054525432000000000000006a00000000a7cc8eeb
CAPTURE 1 28906938848 525400123402525400123401080045000044e04740004011f2500a002a0f0a002a021092109200306dbc54324e3101010001545254320000006b00000000000c00003c667da201000000000000c80000006b
CAPTURE 1 28925864512 52540012340152540012340208004500003800000000401112a50a002a020a002a0f109210920024deb954324e310104000054525432000000000000006b00000000b0b79aa8
CAPTURE 1 28927260448 52540012340152540012340208004500004400000000401112990a002a020a002a0f109210920030546f54324e3101020001545254320000006b00000000000c0000513481ed01000000000000fb0000006b
CAPTURE 1 28966998016 525400123402525400123401080045000038e05440004011f24f0a002a0f0a002a02109210920024deb954324e310104000054525432000000000000006b00000000b0b79aa8
CAPTURE 1 29259710688 525400123402525400123401080045000044e06d40004011f22a0a002a0f0a002a02109210920030b30754324e3101010001545254320000006c00000000000c0000a86fcafb01000000000002180000006c
CAPTURE 1 29278168176 52540012340152540012340208004500003800000000401112a50a002a020a002a0f1092109200245de054324e310104000054525432000000000000006c00000000d4d6f761
CAPTURE 1 29280118624 52540012340152540012340208004500004400000000401112990a002a020a002a0f109210920030407f54324e3101020001545254320000006c00000000000c00009d3b498701000000000001480000006c
CAPTURE 1 29308516720 525400123402525400123401080045000040e07340004011f2280a002a0f0a002a0210921092002c0f3554324e310105000054525432000000000000000000080000146eb6d50000000000004ff3
CAPTURE 1 29320586800 525400123402525400123401080045000038e07440004011f22f0a002a0f0a002a021092109200245de054324e310104000054525432000000000000006c00000000d4d6f761
CAPTURE 1 29372511904 525400123402525400123401080045000044e07640004011f2210a002a0f0a002a02109210920030a2e454324e3101010001545254320000006d00000000000c0000ea059a20010000000000017e0000006d
CAPTURE 1 29375413216 52540012340152540012340208004500003800000000401112a50a002a020a002a0f109210920024834754324e310104000054525432000000000000006d00000000c3ade322
CAPTURE 1 29377036064 52540012340152540012340208004500004400000000401112990a002a020a002a0f1092109200304d4354324e3101020001545254320000006d00000000000c00000445d5c0010000000000013f0000006d
CAPTURE 1 29443317552 525400123402525400123401080045000038e07740004011f22c0a002a0f0a002a02109210920024834754324e310104000054525432000000000000006d00000000c3ade322
CAPTURE 1 29497303648 525400123402525400123401080045000044e07940004011f21e0a002a0f0a002a02109210920030c1ac54324e3101010001545254320000006e00000000000c0000123a53d801000000000000c80000006e
CAPTURE 1 29516023024 52540012340152540012340208004500003800000000401112a50a002a020a002a0f109210920024500e54324e310104000054525432000000000000006e00000000fa20dfe7
CAPTURE 1 29516604496 52540012340152540012340208004500004400000000401112990a002a020a002a0f109210920030f88a54324e3101020001545254320000006e00000000000c00007f68af9701000000000000fb0000006e
CAPTURE 1 29556698272 525400123402525400123401080045000038e08540004011f21e0a002a0f0a002a02109210920024500e54324e310104000054525432000000000000006e00000000fa20dfe7
CAPTURE 1 29822420080 525400123402525400123401080045000044e09b40004011f1fc0a002a0f0a002a02109210920030f4cf54324e3101010001545254320000006f00000000000c0000048b2d1201000000000002180000006f
CAPTURE 1 29835474784 52540012340152540012340208004500003800000000401112a50a002a020a002a0f109210920024711554324e310104000054525432000000000000006f00000000ed5bcba4
CAPTURE 1 29841109584 52540012340152540012340208004500004400000000401112990a002a020a002a0f10921092003046ee54324e3101020001545254320000006f00000000000c000031dfae6e01000000000001480000006f
CAPTURE 1 29871097600 525400123402525400123401080045000040e0a540004011f1f60a002a0f0a002a0210921092002ca66b54324e31010500005452543200000000000000000008000084b2ad280000000000005225
CAPTURE 1 29882190592 525400123402525400123401080045000038e0a640004011f1fd0a002a0f0a002a02109210920024711554324e310104000054525432000000000000006f00000000ed5bcba4
CAPTURE 1 29933390320 525400123402525400123401080045000044e0b140004011f1e60a002a0f0a002a02109210920030eb0554324e3101010001545254320000007000000000000c0000a32998d5010000000000017e00000070
CAPTURE 1 29951078800 52540012340152540012340208004500003800000000401112a50a002a020a002a0f10921092002445ee54324e3101040000545254320000000000000070000000009e224604
CAPTURE 1 29953047552 52540012340152540012340208004500004400000000401112990a002a020a002a0f10921092003002a454324e3101020001545254320000007000000000000c00004d69d735010000000000013f00000070
CAPTURE 1 29993066240 525400123402525400123401080045000038e0be40004011f1e50a002a0f0a002a0210921092002445ee54324e3101040000545254320000000000000070000000009e224604
CAPTURE 1 30046346608 525400123402525400123401080045000044e0c040004011f1d70a002a0f0a002a02109210920030ebde54324e3101010001545254320000007100000000000c0000257e165c01000000000000c800000071
CAPTURE 1 30064355552 52540012340152540012340208004500003800000000401112a50a002a020a002a0f1092109200244e7354324e31010400005452543200000000000000710000000089595247
CAPTURE 1 30065245072 52540012340152540012340208004500004400000000401112990a002a020a002a0f109210920030f54454324e3101020001545254320000007100000000000c0000482cea1301000000000000fb00000071
CAPTURE 1 30106548864 525400123402525400123401080045000038e0c440004011f1df0a002a0f0a002a021092109200244e7354324e31010400005452543200000000000000710000000089595247
CAPTURE 1 30379934304 525400123402525400123401080045000044e0e940004011f1ae0a002a0f0a002a02109210920030a8d854324e3101010001545254320000007200000000000c00004da72fe7010000000000021800000072
CAPTURE 1 30398554160 52540012340152540012340208004500003800000000401112a50a002a020a002a0f1092109200240abc54324e310104000054525432000000000000007200000000b0d46e82
CAPTURE 1 30400536752 52540012340152540012340208004500004400000000401112990a002a020a002a0f10921092003001a754324e3101020001545254320000007200000000000c000078f3ac9b010000000000014800000072
CAPTURE 1 30428648672 525400123402525400123401080045000040e0eb40004011f1b00a002a0f0a002a0210921092002c8be254324e3101050000545254320000000000000000000800006b8edea70000000000005453
CAPTURE 1 30441154160 525400123402525400123401080045000038e0ed40004011f1b60a002a0f0a002a021092109200240abc54324e310104000054525432000000000000007200000000b0d46e82
CAPTURE 1 30492424960 525400123402525400123401080045000044e0f740004011f1a00a002a0f0a002a0210921092003097f554324e3101010001545254320000007300000000000c00000fcd7f3c010000000000017e00000073
CAPTURE 1 30505496848 52540012340152540012340208004500003800000000401112a50a002a020a002a0f10921092002407a154324e310104000054525432000000000000007300000000a7af7ac1
CAPTURE 1 30511624368 52540012340152540012340208004500004400000000401112990a002a020a002a0f10921092003014d354324e3101020001545254320000007300000000000c0000e18d30dc010000000000013f00000073
CAPTURE 1 30563267648 525400123402525400123401080045000038e10540004011f19e0a002a0f0a002a0210921092002407a154324e310104000054525432000000000000007300000000a7af7ac1
CAPTURE 1 30617611344 525400123402525400123401080045000044e10840004011f18f0a002a0f0a002a02109210920030e46a54324e3101010001545254320000007400000000000c00000b22382601000000000000c800000074
CAPTURE 1 30635345440 52540012340152540012340208004500003800000000401112a50a002a020a002a0f1092109200244f3a54324e310104000054525432000000000000007400000000c3ce1708
CAPTURE 1 30637003712 52540012340152540012340208004500004400000000401112990a002a020a002a0f109210920030fca454324e3101020001545254320000007400000000000c00006670c46901000000000000fb00000074
CAPTURE 1 30681196336 525400123402525400123401080045000038e10e40004011f1950a002a0f0a002a021092109200244f3a54324e310104000054525432000000000000007400000000c3ce1708
CAPTURE 1 30921755328 525400123401525400123402080045000040000000004011129d0a002a020a002a0f10921092002c11fb54324e310105000054525432000000000000000000080000bf6aebcd0000000000006d38
CAPTURE 1 30938842384 525400123402525400123401080045000044e11240004011f1850a002a0f0a002a02109210920030c1e154324e3101010001545254320000007500000000000c00001d9346ec010000000000021800000075
CAPTURE 1 30945454592 52540012340152540012340208004500003800000000401112a50a002a020a002a0f109210920024520f54324e310104000054525432000000000000007500000000d4b5034b
CAPTURE 1 30947491136 52540012340152540012340208004500004400000000401112990a002a020a002a0f10921092003038d854324e3101020001545254320000007500000000000c000028c7c590010000000000014800000075
CAPTURE 1 30996374512 525400123402525400123401080045000040e11740004011f1840a002a0f0a002a0210921092002cd21954324e3101050000545254320000000000000000000800003608cbc40000000000005685
CAPTURE 1 31021935232 525400123402525400123401080045000038e11c40004011f1870a002a0f0a002a02109210920024520f54324e310104000054525432000000000000007500000000d4b5034b
CAPTURE 1 31073503712 525400123402525400123401080045000044e11d40004011f17a0a002a0f0a002a02109210920030b42154324e3101010001545254320000007600000000000c000021915146010000000000017e00000076
CAPTURE 1 31091578736 52540012340152540012340208004500003800000000401112a50a002a020a002a0f109210920024fd4754324e310104000054525432000000000000007600000000ed383f8e
CAPTURE 1 31093013776 52540012340152540012340208004500004400000000401112990a002a020a002a0f10921092003038bf54324e3101020001545254320000007600000000000c0000cfd11ea6010000000000013f00000076
CAPTURE 1 31133815888 525400123402525400123401080045000038e12340004011f1800a002a0f0a002a02109210920024fd4754324e310104000054525432000000000000007600000000ed383f8e
CAPTURE 1 31187678160 525400123402525400123401080045000044e12440004011f1730a002a0f0a002a02109210920030a01654324e3101010001545254320000007700000000000c0000a7c6dfcf01000000000000c800000077
CAPTURE 1 31205554560 52540012340152540012340208004500003800000000401112a50a002a020a002a0f10921092002403fd54324e310104000054525432000000000000007700000000fa432bcd
CAPTURE 1 31206373520 52540012340152540012340208004500004400000000401112990a002a020a002a0f109210920030396454324e3101020001545254320000007700000000000c0000ca94238001000000000000fb00000077
CAPTURE 1 31239270528 525400123402525400123401080045000038e13140004011f1720a002a0f0a002a0210921092002403fd54324e310104000054525432000000000000007700000000fa432bcd
CAPTURE 1 31477118640 525400123401525400123402080045000040000000004011129d0a002a020a002a0f10921092002c445e54324e310105000054525432000000000000000000080000298d4d220000000000006f5e
CAPTURE 1 31522575712 525400123402525400123401080045000044e15b40004011f13c0a002a0f0a002a02109210920030a22854324e3101010001545254320000007800000000000c0000111f7313010000000000021800000078
CAPTURE 1 31540554800 52540012340152540012340208004500003800000000401112a50a002a020a002a0f1092109200241ff654324e31010400005452543200000000000000780000000025fae41c
CAPTURE 1 31541343600 52540012340152540012340208004500004400000000401112990a002a020a002a0f109210920030126f54324e3101020001545254320000007800000000000c0000244bf06f010000000000014800000078
CAPTURE 1 31576649744 525400123402525400123401080045000040e16140004011f13a0a002a0f0a002a0210921092002c0dcf54324e310105000054525432000000000000000000080000d7e1ebf100000000000058c9
CAPTURE 1 31606091344 525400123402525400123401080045000038e16740004011f13c0a002a0f0a002a021092109200241ff654324e31010400005452543200000000000000780000000025fae41c
CAPTURE 1 31670712384 525400123402525400123401080045000044e16c40004011f12b0a002a0f0a002a02109210920030afb554324e3101010001545254320000007900000000000c0000537523c8010000000000017e00000079
CAPTURE 1 31685573520 52540012340152540012340208004500003800000000401112a50a002a020a002a0f109210920024072b54324e3101040000545254320000000000000079000000003281f05f
CAPTURE 1 31690064624 52540012340152540012340208004500004400000000401112990a002a020a002a0f109210920030fdd254324e3101020001545254320000007900000000000c0000bd356c28010000000000013f00000079
CAPTURE 1 31735493456 525400123402525400123401080045000038e17940004011f12a0a002a0f0a002a02109210920024072b54324e3101040000545254320000000000000079000000003281f05f
CAPTURE 1 32024245248 525400123402525400123401080045000044e1b040004011f0e70a002a0f0a002a02109210920030922b54324e3101010001545254320000007a00000000000c0000ab4aea3001000000000000c80000007a
CAPTURE 1 32043608016 52540012340152540012340208004500003800000000401112a50a002a020a002a0f109210920024526454324e310104000054525432000000000000007a000000000b0ccc9a
CAPTURE 1 32044197008 52540012340152540012340208004500004400000000401112990a002a020a002a0f1092109200304adb54324e3101020001545254320000007a00000000000c0000c618167f01000000000000fb0000007a
CAPTURE 1 32074624144 525400123402525400123401080045000040e1b340004011f0e80a002a0f0a002a0210921092002c01c954324e3101050000545254320000000000000000000800009c0b31d70000000000005ac0
CAPTURE 1 32085780688 525400123402525400123401080045000038e1b540004011f0ee0a002a0f0a002a02109210920024526454324e310104000054525432000000000000007a000000000b0ccc9a
CAPTURE 1 32140133840 525400123402525400123401080045000044e1b640004011f0e10a002a0f0a002a02109210920030d35e54324e3101010001545254320000007b00000000000c0000bdfb94fa01000000000002180000007b
CAPTURE 1 32158982304 52540012340152540012340208004500003800000000401112a50a002a020a002a0f10921092002434b954324e310104000054525432000000000000007b000000001c77d8d9
CAPTURE 1 32159595920 52540012340152540012340208004500004400000000401112990a002a020a002a0f10921092003086ee54324e3101020001545254320000007b00000000000c000088af178601000000000001480000007b
CAPTURE 1 32201598480 525400123402525400123401080045000038e1be40004011f0e50a002a0f0a002a0210921092002434b954324e310104000054525432000000000000007b000000001c77d8d9
CAPTURE 1 32253749824 525400123402525400123401080045000044e1c940004011f0ce0a002a0f0a002a021092109200309c1154324e3101010001545254320000007c00000000000c00007d290db2010000000000017e0000007c
CAPTURE 1 32271718480 52540012340152540012340208004500003800000000401112a50a002a020a002a0f109210920024fce154324e310104000054525432000000000000007c000000007816b510
CAPTURE 1 32272996304 52540012340152540012340208004500004400000000401112990a002a020a002a0f109210920030516f54324e3101020001545254320000007c00000000000c000093694252010000000000013f0000007c
CAPTURE 1 32314688656 525400123402525400123401080045000038e1cc40004011f0d70a002a0f0a002a02109210920024fce154324e310104000054525432000000000000007c000000007816b510
CAPTURE 1 32576403728 525400123402525400123401080045000044e1e540004011f0b20a002a0f0a002a02109210920030a8e654324e3101010001545254320000007d00000000000c0000fb7e833b01000000000000c80000007d
CAPTURE 1 32595313232 52540012340152540012340208004500003800000000401112a50a002a020a002a0f109210920024194754324e310104000054525432000000000000007d000000006f6da153
CAPTURE 1 32595911808 52540012340152540012340208004500004400000000401112990a002a020a002a0f10921092003011cc54324e3101020001545254320000007d00000000000c0000962c7f7401000000000000fb0000007d
CAPTURE 1 32625934320 525400123402525400123401080045000040e1f140004011f0aa0a002a0f0a002a0210921092002cc14254324e3101050000545254320000000000000000000800008638860f0000000000005ce1
CAPTURE 1 32636996640 525400123402525400123401080045000038e1f440004011f0af0a002a0f0a002a02109210920024194754324e310104000054525432000000000000007d000000006f6da153
CAPTURE 1 32690096416 525400123402525400123401080045000044e1fe40004011f0990a002a0f0a002a02109210920030d82654324e3101010001545254320000007e00000000000c000093a7ba8001000000000002180000007e
CAPTURE 1 32708225520 52540012340152540012340208004500003800000000401112a50a002a020a002a0f109210920024359054324e310104000054525432000000000000007e0000000056e09d96
CAPTURE 1 32709022400 52540012340152540012340208004500004400000000401112990a002a020a002a0f109210920030462e54324e3101020001545254320000007e00000000000c0000a6f339fc01000000000001480000007e
CAPTURE 1 32760342832 525400123402525400123401080045000038e20d40004011f0960a002a0f0a002a02109210920024359054324e310104000054525432000000000000007e0000000056e09d96
CAPTURE 1 32811661312 525400123402525400123401080045000044e21240004011f0850a002a0f0a002a021092109200306abd54324e3101010001545254320000007f00000000000c0000d1cdea5b010000000000017e0000007f
CAPTURE 1 32829619232 52540012340152540012340208004500003800000000401112a50a002a020a002a0f1092109200245e9554324e310104000054525432000000000000007f00000000419b89d5
CAPTURE 1 32830536224 52540012340152540012340208004500004400000000401112990a002a020a002a0f10921092003041dc54324e3101020001545254320000007f00000000000c00003f8da5bb010000000000013f0000007f
CAPTURE 1 32871080576 525400123402525400123401080045000038e21b40004011f0880a002a0f0a002a021092109200245e9554324e310104000054525432000000000000007f00000000419b89d5
CAPTURE 1 33131320896 525400123402525400123401080045000044e23040004011f0670a002a0f0a002a02109210920030ec0854324e3101010001545254320000008000000000000c0000b471872001000000000000c800000080
CAPTURE 1 33145568544 52540012340152540012340208004500003800000000401112a50a002a020a002a0f1092109200249b9254324e31010400005452543200000000000000800000000008d4859e
CAPTURE 1 33151790656 52540012340152540012340208004500004400000000401112990a002a020a002a0f109210920030d2d354324e3101020001545254320000008000000000000c0000d9237b6f01000000000000fb00000080
CAPTURE 1 33198865600 525400123402525400123401080045000040e23140004011f06a0a002a0f0a002a0210921092002ca13854324e310105000054525432000000000000000000080000461be3f30000000000005f24
CAPTURE 1 33209958400 525400123402525400123401080045000038e23240004011f0710a002a0f0a002a021092109200249b9254324e31010400005452543200000000000000800000000008d4859e
CAPTURE 1 33264054640 525400123402525400123401080045000044e23840004011f05f0a002a0f0a002a02109210920030899d54324e3101010001545254320000008100000000000c0000a2c0f9ea010000000000021800000081
CAPTURE 1 33283004208 52540012340152540012340208004500003800000000401112a50a002a020a002a0f109210920024787754324e3101040000545254320000000000000081000000001faf91dd
CAPTURE 1 33283621360 52540012340152540012340208004500004400000000401112990a002a020a002a0f10921092003014ed54324e3101020001545254320000008100000000000c000097947a96010000000000014800000081
CAPTURE 1 33325242608 525400123402525400123401080045000038e23f40004011f0640a002a0f0a002a02109210920024787754324e3101040000545254320000000000000081000000001faf91dd
CAPTURE 1 33376504048 525400123402525400123401080045000044e24c40004011f04b0a002a0f0a002a0210921092003099dd54324e3101010001545254320000008200000000000c00009ec2ee40010000000000017e00000082
CAPTURE 1 33381126928 52540012340152540012340208004500003800000000401112a50a002a020a002a0f10921092002456c854324e3101040000545254320000000000000082000000002622ad18
CAPTURE 1 33385353536 52540012340152540012340208004500004400000000401112990a002a020a002a0f10921092003014fc54324e3101020001545254320000008200000000000c00007082a1a0010000000000013f00000082
CAPTURE 1 33437029104 525400123402525400123401080045000038e25240004011f0510a002a0f0a002a0210921092002456c854324e3101040000545254320000000000000082000000002622ad18
CAPTURE 1 33685634048 525400123401525400123402080045000040000000004011129d0a002a020a002a0f10921092002c160054324e31010500005452543200000000000000000008000040085c59000000000000780a
CAPTURE 1 33700242912 525400123402525400123401080045000044e27140004011f0260a002a0f0a002a02109210920030ae3654324e3101010001545254320000008300000000000c0000189560c901000000000000c800000083
CAPTURE 1 33719612544 52540012340152540012340208004500003800000000401112a50a002a020a002a0f1092109200243f4d54324e3101040000545254320000000000000083000000003159b95b
CAPTURE 1 33721085104 52540012340152540012340208004500004400000000401112990a002a020a002a0f109210920030151354324e3101020001545254320000008300000000000c000075c79c8601000000000000fb00000083
CAPTURE 1 33755904880 525400123402525400123401080045000040e27940004011f0220a002a0f0a002a0210921092002c73fc54324e31010500005452543200000000000000000008000033b02172000000000000614d
CAPTURE 1 33781872416 525400123402525400123401080045000038e28040004011f0230a002a0f0a002a021092109200243f4d54324e3101040000545254320000000000000083000000003159b95b
CAPTURE 1 33835457456 525400123402525400123401080045000044e28840004011f00f0a002a0f0a002a02109210920030c21554324e3101010001545254320000008400000000000c00008c9cd790010000000000021800000084
CAPTURE 1 33853520752 52540012340152540012340208004500003800000000401112a50a002a020a002a0f109210920024003654324e3101040000545254320000000000000084000000005538d492
CAPTURE 1 33854394416 52540012340152540012340208004500004400000000401112990a002a020a002a0f109210920030185d54324e3101020001545254320000008400000000000c0000b9c854ec010000000000014800000084
CAPTURE 1 33895371984 525400123402525400123401080045000038e28b40004011f0180a002a0f0a002a02109210920024003654324e3101040000545254320000000000000084000000005538d492
CAPTURE 1 33946636576 525400123402525400123401080045000044e29040004011f0070a002a0f0a002a02109210920030d09854324e3101010001545254320000008500000000000c0000cef6874b010000000000017e00000085
CAPTURE 1 33965468560 52540012340152540012340208004500003800000000401112a50a002a020a002a0f10921092002426eb54324e3101040000545254320000000000000085000000004243c0d1
CAPTURE 1 33966623408 52540012340152540012340208004500004400000000401112990a002a020a002a0f1092109200303db754324e3101020001545254320000008500000000000c000020b6c8ab010000000000013f00000085
CAPTURE 1 34006045920 525400123402525400123401080045000038e29540004011f00e0a002a0f0a002a0210921092002426eb54324e3101040000545254320000000000000085000000004243c0d1
CAPTURE 1 34058331360 525400123402525400123401080045000044e29c40004011effb0a002a0f0a002a02109210920030a21254324e3101010001545254320000008600000000000c000036c94eb301000000000000c800000086
CAPTURE 1 34075560576 52540012340152540012340208004500003800000000401112a50a002a020a002a0f109210920024b21b54324e3101040000545254320000000000000086000000007bcefc14
CAPTURE 1 34077112240 52540012340152540012340208004500004400000000401112990a002a020a002a0f10921092003018c354324e3101020001545254320000008600000000000c00005b9bb2fc01000000000000fb00000086
CAPTURE 1 34118424688 525400123402525400123401080045000038e2a540004011effe0a002a0f0a002a02109210920024b21b54324e3101040000545254320000000000000086000000007bcefc14
CAPTURE 1 34172719616 525400123402525400123401080045000044e2b040004011efe70a002a0f0a002a02109210920030d54b54324e3101010001545254320000008700000000000c000020783079010000000000021800000087
CAPTURE 1 34177099648 52540012340152540012340208004500003800000000401112a50a002a020a002a0f109210920024d4f054324e3101040000545254320000000000000087000000006cb5e857
CAPTURE 1 34192053456 52540012340152540012340208004500004400000000401112990a002a020a002a0f1092109200305eda54324e3101020001545254320000008700000000000c0000152cb305010000000000014800000087
CAPTURE 1 49615785872 525400123401525400123402080045000040000000004011129d0a002a020a002a0f10921092002c260354324e3101050000545254320000000000000000000800008415ca0e000000000000b644
CAPTURE 1 49618014800 525400123402525400123401080045000044ea8d40004011e80a0a002a0f0a002a02109210920030e55a54324e3101010001545254320000000100000000000c000091d7b028010000000000017e00000089
CAPTURE 1 49679536480 52540012340152540012340208004500003800000000401112a50a002a020a002a0f1092109200241ef754324e31010400005452543200000000000000010000000079fa9192
CAPTURE 1 49681024528 52540012340152540012340208004500004400000000401112990a002a020a002a0f109210920030a83854324e3101020001545254320000000100000000000c00007f97ffc8010000000000013f00000089
CAPTURE 1 49695634144 525400123402525400123401080045000038ea8e40004011e8150a002a0f0a002a021092109200241ef754324e31010400005452543200000000000000010000000079fa9192
CAPTURE 1 49783108928 525400123402525400123401080045000044ea9a40004011e7fd0a002a0f0a002a02109210920030445654324e3101010001545254320000000200000000000c000069e879d001000000000000c80000008a
CAPTURE 1 49795378784 52540012340152540012340208004500003800000000401112a50a002a020a002a0f1092109200243cb454324e3101040000545254320000000000000002000000004077ad57
CAPTURE 1 49801481312 52540012340152540012340208004500004400000000401112990a002a020a002a0f1092109200309d8154324e3101020001545254320000000200000000000c000004ba859f01000000000000fb0000008a
CAPTURE 1 49841898928 525400123402525400123401080045000038eaa240004011e8010a002a0f0a002a021092109200243cb454324e3101040000545254320000000000000002000000004077ad57
CAPTURE 1 49894061472 525400123402525400123401080045000044eaac40004011e7eb0a002a0f0a002a02109210920030a04954324e3101010001545254320000000300000000000c00007f59071a01000000000002180000008b
CAPTURE 1 49911440720 52540012340152540012340208004500003800000000401112a50a002a020a002a0f1092109200241a6154324e310104000054525432000000000000000300000000570cb914
CAPTURE 1 49912971024 52540012340152540012340208004500004400000000401112990a002a020a002a0f109210920030591854324e3101020001545254320000000300000000000c00004a0d846601000000000001480000008b
CAPTURE 1 49952649824 525400123402525400123401080045000038eab140004011e7f20a002a0f0a002a021092109200241a6154324e310104000054525432000000000000000300000000570cb914
CAPTURE 1 50007482096 525400123402525400123401080045000044eab840004011e7df0a002a0f0a002a02109210920030c97654324e3101010001545254320000000400000000000c0000bf8b9e52010000000000017e0000008c
CAPTURE 1 50026166288 52540012340152540012340208004500003800000000401112a50a002a020a002a0f109210920024223654324e310104000054525432000000000000000400000000336dd4dd
CAPTURE 1 50026768192 52540012340152540012340208004500004400000000401112990a002a020a002a0f109210920030041554324e3101020001545254320000000400000000000c000051cbd1b2010000000000013f0000008c
CAPTURE 1 50059193568 525400123402525400123401080045000038eac340004011e7e00a002a0f0a002a02109210920024223654324e310104000054525432000000000000000400000000336dd4dd
CAPTURE 1 50111603200 525400123402525400123401080045000044eac540004011e7d20a002a0f0a002a02109210920030dd5154324e3101010001545254320000000500000000000c000039dc10db01000000000000c80000008d
CAPTURE 1 50130629952 52540012340152540012340208004500003800000000401112a50a002a020a002a0f10921092002445cb54324e3101040000545254320000000000000005000000002416c09e
CAPTURE 1 50132787104 52540012340152540012340208004500004400000000401112990a002a020a002a0f109210920030e6b154324e3101020001545254320000000500000000000c0000548eec9401000000000000fb0000008d
CAPTURE 1 50161696576 525400123402525400123401080045000038ead240004011e7d10a002a0f0a002a0210921092002445cb54324e3101040000545254320000000000000005000000002416c09e
CAPTURE 1 50215273152 525400123402525400123401080045000044eade40004011e7b90a002a0f0a002a02109210920030ac5154324e3101010001545254320000000600000000000c00005105296001000000000002180000008e
CAPTURE 1 50233084192 52540012340152540012340208004500003800000000401112a50a002a020a002a0f109210920024108854324e3101040000545254320000000000000006000000001d9bfc5b
CAPTURE 1 50234159216 52540012340152540012340208004500004400000000401112990a002a020a002a0f109210920030191854324e3101020001545254320000000600000000000c00006451aa1c01000000000001480000008e
CAPTURE 1 50285426048 525400123402525400123401080045000038eaea40004011e7b90a002a0f0a002a02109210920024108854324e3101040000545254320000000000000006000000001d9bfc5b
CAPTURE 1 50335790624 525400123402525400123401080045000044eaee40004011e7a90a002a0f0a002a021092109200309a2454324e3101010001545254320000000700000000000c0000136f79bb010000000000017e0000008f
CAPTURE 1 50353324752 52540012340152540012340208004500003800000000401112a50a002a020a002a0f109210920024378554324e3101040000545254320000000000000007000000000ae0e818
CAPTURE 1 50354207008 52540012340152540012340208004500004400000000401112990a002a020a002a0f109210920030f40154324e3101020001545254320000000700000000000c0000fd2f365b010000000000013f0000008f
CAPTURE 1 50399091968 525400123402525400123401080045000038eaf940004011e7aa0a002a0f0a002a02109210920024378554324e3101040000545254320000000000000007000000000ae0e818
CAPTURE 1 50453871472 525400123402525400123401080045000044eaff40004011e7980a002a0f0a002a02109210920030c9db54324e3101010001545254320000000800000000000c000028e7354001000000000000c800000090
CAPTURE 1 50465469952 52540012340152540012340208004500003800000000401112a50a002a020a002a0f1092109200242d5a54324e310104000054525432000000000000000800000000d55927c9
CAPTURE 1 50472728528 52540012340152540012340208004500004400000000401112990a002a020a002a0f109210920030190a54324e3101020001545254320000000800000000000c000045b5c90f01000000000000fb00000090
CAPTURE 1 50524061056 525400123402525400123401080045000038eb0040004011e7a30a002a0f0a002a021092109200242d5a54324e310104000054525432000000000000000800000000d55927c9
CAPTURE 1 50577701680 525400123402525400123401080045000044eb0b40004011e78c0a002a0f0a002a021092109200309cd054324e3101010001545254320000000900000000000c00003e564b8a010000000000021800000091
CAPTURE 1 50595426704 52540012340152540012340208004500003800000000401112a50a002a020a002a0f10921092002434cf54324e310104000054525432000000000000000900000000c222338a
CAPTURE 1 50597013904 52540012340152540012340208004500004400000000401112990a002a020a002a0f109210920030538754324e3101020001545254320000000900000000000c00000b02c8f6010000000000014800000091
CAPTURE 1 50640624768 525400123402525400123401080045000038eb1540004011e78e0a002a0f0a002a0210921092002434cf54324e310104000054525432000000000000000900000000c222338a
CAPTURE 1 50691979216 525400123402525400123401080045000044eb1d40004011e77a0a002a0f0a002a02109210920030c8d454324e3101010001545254320000000a00000000000c000002545c20010000000000017e00000092
CAPTURE 1 50705470416 52540012340152540012340208004500003800000000401112a50a002a020a002a0f1092109200241f7c54324e310104000054525432000000000000000a00000000fbaf0f4f
CAPTURE 1 50710816992 52540012340152540012340208004500004400000000401112990a002a020a002a0f10921092003027b254324e3101020001545254320000000a00000000000c0000ec1413c0010000000000013f00000092
CAPTURE 1 50752226224 525400123402525400123401080045000038eb2840004011e77b0a002a0f0a002a021092109200241f7c54324e310104000054525432000000000000000a00000000fbaf0f4f
CAPTURE 1 50805955264 525400123402525400123401080045000044eb3540004011e7620a002a0f0a002a02109210920030d14f54324e3101010001545254320000000b00000000000c00008403d2a901000000000000c800000093
CAPTURE 1 50823702992 52540012340152540012340208004500003800000000401112a50a002a020a002a0f109210920024229954324e310104000054525432000000000000000b00000000ecd41b0c
CAPTURE 1 50825833776 52540012340152540012340208004500004400000000401112990a002a020a002a0f1092109200300f9154324e3101020001545254320000000b00000000000c0000e9512ee601000000000000fb00000093
CAPTURE 1 50867444832 525400123402525400123401080045000038eb3640004011e76d0a002a0f0a002a02109210920024229954324e310104000054525432000000000000000b00000000ecd41b0c
CAPTURE 1 50921492368 525400123402525400123401080045000044eb4040004011e7570a002a0f0a002a02109210920030b0b054324e3101010001545254320000000c00000000000c0000100a65f0010000000000021800000094
CAPTURE 1 50940197744 52540012340152540012340208004500003800000000401112a50a002a020a002a0f1092109200242afe54324e310104000054525432000000000000000c0000000088b576c5
CAPTURE 1 50941244176 52540012340152540012340208004500004400000000401112990a002a020a002a0f1092109200301b8f54324e3101020001545254320000000c00000000000c0000255ee68c010000000000014800000094
CAPTURE 1 50980985280 525400123402525400123401080045000038eb4640004011e75d0a002a0f0a002a021092109200242afe54324e310104000054525432000000000000000c0000000088b576c5
CAPTURE 1 51031708880 525400123402525400123401080045000044eb5040004011e7470a002a0f0a002a021092109200309fb754324e3101010001545254320000000d00000000000c00005260352b010000000000017e00000095
CAPTURE 1 51049658176 52540012340152540012340208004500003800000000401112a50a002a020a002a0f109210920024282354324e310104000054525432000000000000000d000000009fce6286
CAPTURE 1 51050566576 52540012340152540012340208004500004400000000401112990a002a020a002a0f109210920030f09454324e3101020001545254320000000d00000000000c0000bc207acb010000000000013f00000095
CAPTURE 1 51091159152 525400123402525400123401080045000038eb5940004011e74a0a002a0f0a002a02109210920024282354324e310104000054525432000000000000000d000000009fce6286
CAPTURE 1 51143998032 525400123402525400123401080045000044eb6540004011e7320a002a0f0a002a0210921092003080c354324e3101010001545254320000000e00000000000c0000aa5ffcd301000000000000c800000096
CAPTURE 1 51161852576 52540012340152540012340208004500003800000000401112a50a002a020a002a0f10921092002425f054324e310104000054525432000000000000000e00000000a6435e43
CAPTURE 1 51162822768 52540012340152540012340208004500004400000000401112990a002a020a002a0f109210920030601954324e3101020001545254320000000e00000000000c0000c70d009c01000000000000fb00000096
CAPTURE 1 51203275840 525400123402525400123401080045000038eb6d40004011e7360a002a0f0a002a0210921092002425f054324e310104000054525432000000000000000e00000000a6435e43
CAPTURE 1 51463667536 525400123402525400123401080045000044eba540004011e6f20a002a0f0a002a02109210920030e79c54324e3101010001545254320000000f00000000000c0000bcee8219010000000000021800000097
CAPTURE 1 51481300304 52540012340152540012340208004500003800000000401112a50a002a020a002a0f1092109200242f3d54324e310104000054525432000000000000000f00000000b1384a00
CAPTURE 1 51483079472 52540012340152540012340208004500004400000000401112990a002a020a002a0f1092109200309c5454324e3101020001545254320000000f00000000000c000089ba0165010000000000014800000097
CAPTURE 1 51511405088 525400123402525400123401080045000040eba840004011e6f30a002a0f0a002a0210921092002cea3954324e31010500005452543200000000000000000008000017018283000000000000a6ad
CAPTURE 1 51522449248 525400123402525400123401080045000038ebaa40004011e6f90a002a0f0a002a021092109200242f3d54324e310104000054525432000000000000000f00000000b1384a00
CAPTURE 1 51573955008 525400123402525400123401080045000044ebb240004011e6e50a002a0f0a002a02109210920030f88754324e3101010001545254320000001000000000000c000006fb27ba010000000000017e00000098
CAPTURE 1 51592561440 52540012340152540012340208004500003800000000401112a50a002a020a002a0f109210920024a09254324e310104000054525432000000000000001000000000c241c7a0
CAPTURE 1 51593575792 52540012340152540012340208004500004400000000401112990a002a020a002a0f109210920030d66454324e3101020001545254320000001000000000000c0000e8bb685a010000000000013f00000098
CAPTURE 1 51632956000 525400123402525400123401080045000038ebb940004011e6ea0a002a0f0a002a02109210920024a09254324e310104000054525432000000000000001000000000c241c7a0
CAPTURE 1 51685959424 525400123402525400123401080045000044ebc640004011e6d10a002a0f0a002a02109210920030fe1054324e3101010001545254320000001100000000000c000080aca93301000000000000c800000099
CAPTURE 1 51704252608 52540012340152540012340208004500003800000000401112a50a002a020a002a0f109210920024815554324e310104000054525432000000000000001100000000d53ad3e3
CAPTURE 1 51704928336 52540012340152540012340208004500004400000000401112990a002a020a002a0f109210920030e44154324e3101020001545254320000001100000000000c0000edfe557c01000000000000fb00000099
CAPTURE 1 51743473376 525400123402525400123401080045000038ebcb40004011e6d80a002a0f0a002a02109210920024815554324e310104000054525432000000000000001100000000d53ad3e3
CAPTURE 1 52034711360 525400123401525400123402080045000040000000004011129d0a002a020a002a0f10921092002cb96554324e310105000054525432000000000000000000080000e1dccf70000000000000bfb8
CAPTURE 1 52036636448 525400123402525400123401080045000044ebf340004011e6a40a002a0f0a002a02109210920030ada054324e3101010001545254320000001200000000000c0000e875908801000000000002180000009a
CAPTURE 1 52037938432 52540012340152540012340208004500003800000000401112a50a002a020a002a0f1092109200244e9454324e310104000054525432000000000000001200000000ecb7ef26
CAPTURE 1 52041052336 52540012340152540012340208004500004400000000401112990a002a020a002a0f109210920030365854324e3101020001545254320000001200000000000c0000dd2113f401000000000001480000009a
CAPTURE 1 52094830192 525400123402525400123401080045000040ebfd40004011e69e0a002a0f0a002a0210921092002c62de54324e3101050000545254320000000000000000000800009c588244000000000000a8f0
CAPTURE 1 52120920416 525400123402525400123401080045000038ebfe40004011e6a50a002a0f0a002a021092109200244e9454324e310104000054525432000000000000001200000000ecb7ef26
CAPTURE 1 52171937312 525400123402525400123401080045000044ec0540004011e6920a002a0f0a002a02109210920030bcc354324e3101010001545254320000001300000000000c0000aa1fc053010000000000017e0000009b
CAPTURE 1 52185684656 52540012340152540012340208004500003800000000401112a50a002a020a002a0f109210920024333f54324e310104000054525432000000000000001300000000fbccfb65
CAPTURE 1 52190851488 52540012340152540012340208004500004400000000401112990a002a020a002a0f109210920030536254324e3101020001545254320000001300000000000c0000445f8fb3010000000000013f0000009b
CAPTURE 1 52231172320 525400123402525400123401080045000038ec0c40004011e6970a002a0f0a002a02109210920024333f54324e310104000054525432000000000000001300000000fbccfb65
CAPTURE 1 52284491872 525400123402525400123401080045000044ec1340004011e6840a002a0f0a002a02109210920030f1b054324e3101010001545254320000001400000000000c0000aef0874901000000000000c80000009c
CAPTURE 1 52286016256 52540012340152540012340208004500003800000000401112a50a002a020a002a0f109210920024f41654324e3101040000545254320000000000000014000000009fad96ac
CAPTURE 1 52289010320 52540012340152540012340208004500004400000000401112990a002a020a002a0f109210920030e90d54324e3101020001545254320000001400000000000c0000c3a27b0601000000000000fb0000009c
CAPTURE 1 52344901232 525400123402525400123401080045000038ec1d40004011e6860a002a0f0a002a02109210920024f41654324e3101040000545254320000000000000014000000009fad96ac
CAPTURE 1 52591606944 525400123401525400123402080045000040000000004011129d0a002a020a002a0f10921092002c147654324e310105000054525432000000000000000000080000f4b15f65000000000000c1de
CAPTURE 1 52609689840 525400123402525400123401080045000044ec2c40004011e66b0a002a0f0a002a0210921092003074d354324e3101010001545254320000001500000000000c0000b841f98301000000000002180000009d
CAPTURE 1 52627122288 52540012340152540012340208004500003800000000401112a50a002a020a002a0f1092109200241eaa54324e31010400005452543200000000000000150000000088d682ef
CAPTURE 1 52628998688 52540012340152540012340208004500004400000000401112990a002a020a002a0f1092109200301f5354324e3101020001545254320000001500000000000c00008d157aff01000000000001480000009d
CAPTURE 1 52661776848 525400123402525400123401080045000040ec3940004011e6620a002a0f0a002a0210921092002c389154324e310105000054525432000000000000000000080000afc296f0000000000000ab27
CAPTURE 1 52687022336 525400123402525400123401080045000038ec3e40004011e6650a002a0f0a002a021092109200241eaa54324e31010400005452543200000000000000150000000088d682ef
CAPTURE 1 52739122496 525400123402525400123401080045000044ec4440004011e6530a002a0f0a002a02109210920030b4c354324e3101010001545254320000001600000000000c00008443ee29010000000000017e0000009e
CAPTURE 1 52757195968 52540012340152540012340208004500003800000000401112a50a002a020a002a0f109210920024bae854324e310104000054525432000000000000001600000000b15bbe2a
CAPTURE 1 52758052000 52540012340152540012340208004500004400000000401112990a002a020a002a0f1092109200301ba254324e3101020001545254320000001600000000000c00006a03a1c9010000000000013f0000009e
CAPTURE 1 52801448528 525400123402525400123401080045000038ec4740004011e65c0a002a0f0a002a02109210920024bae854324e310104000054525432000000000000001600000000b15bbe2a
CAPTURE 1 52853974560 525400123402525400123401080045000044ec5240004011e6450a002a0f0a002a02109210920030c53054324e3101010001545254320000001700000000000c0000021460a001000000000000c80000009f
CAPTURE 1 52872362832 52540012340152540012340208004500003800000000401112a50a002a020a002a0f109210920024d9e354324e310104000054525432000000000000001700000000a620aa69
CAPTURE 1 52873066688 52540012340152540012340208004500004400000000401112990a002a020a002a0f1092109200301b7b54324e3101020001545254320000001700000000000c00006f469cef01000000000000fb0000009f
CAPTURE 1 52912299056 525400123402525400123401080045000038ec5340004011e6500a002a0f0a002a02109210920024d9e354324e310104000054525432000000000000001700000000a620aa69
CAPTURE 1 53150900960 525400123401525400123402080045000040000000004011129d0a002a020a002a0f10921092002cdd5354324e3101050000545254320000000000000000000800000f1579f4000000000000c40e
CAPTURE 1 53194066464 525400123402525400123401080045000044ec6940004011e62e0a002a0f0a002a0210921092003097ad54324e3101010001545254320000001800000000000c00009214fcd00100000000000218000000a0
CAPTURE 1 53212653072 52540012340152540012340208004500003800000000401112a50a002a020a002a0f1092109200244b1b54324e310104000054525432000000000000001800000000799965b8
CAPTURE 1 53213437792 52540012340152540012340208004500004400000000401112990a002a020a002a0f109210920030007554324e3101020001545254320000001800000000000c0000a7407fac0100000000000148000000a0
CAPTURE 1 53248478384 525400123402525400123401080045000040ec6b40004011e6300a002a0f0a002a0210921092002c3bb254324e3101050000545254320000000000000000000800007b90c5b7000000000000ad71
CAPTURE 1 53275382752 525400123402525400123401080045000038ec7040004011e6330a002a0f0a002a021092109200244b1b54324e310104000054525432000000000000001800000000799965b8
CAPTURE 1 53326654848 525400123402525400123401080045000044ec7640004011e6210a002a0f0a002a02109210920030aaa054324e3101010001545254320000001900000000000c0000d07eac0b010000000000017e000000a1
CAPTURE 1 53345539248 52540012340152540012340208004500003800000000401112a50a002a020a002a0f109210920024498e54324e3101040000545254320000000000000019000000006ee271fb
CAPTURE 1 53346405920 52540012340152540012340208004500004400000000401112990a002a020a002a0f109210920030053f54324e3101020001545254320000001900000000000c00003e3ee3eb010000000000013f000000a1
CAPTURE 1 53385793984 525400123402525400123401080045000038ec7840004011e62b0a002a0f0a002a02109210920024498e54324e3101040000545254320000000000000019000000006ee271fb
CAPTURE 1 53438533360 525400123402525400123401080045000044ec7b40004011e61c0a002a0f0a002a0210921092003099aa54324e3101010001545254320000001a00000000000c0000284165f301000000000000c8000000a2
CAPTURE 1 53705644096 52540012340152540012340208004500003800000000401112a50a002a020a002a0f10921092002485bd54324e310104000054525432000000000000001a00000000576f4d3e
CAPTURE 1 53707739104 52540012340152540012340208004500004400000000401112990a002a020a002a0f10921092003048db54324e3101020001545254320000001a00000000000c0000451399bc01000000000000fb000000a2
CAPTURE 1 53736372144 525400123402525400123401080045000040ec8b40004011e6100a002a0f0a002a0210921092002cfe2854324e310105000054525432000000000000000000080000e2779a6c000000000000af5e
CAPTURE 1 53747423408 525400123402525400123401080045000038ec8d40004011e6160a002a0f0a002a0210921092002485bd54324e310104000054525432000000000000001a00000000576f4d3e
CAPTURE 1 53801723040 525400123402525400123401080045000044ec8e40004011e6090a002a0f0a002a02109210920030cc6354324e3101010001545254320000001b00000000000c00003ef01b390100000000000218000000a3
CAPTURE 1 53819991152 52540012340152540012340208004500003800000000401112a50a002a020a002a0f10921092002490d854324e310104000054525432000000000000001b000000004014597d
CAPTURE 1 53820971664 52540012340152540012340208004500004400000000401112990a002a020a002a0f109210920030837254324e3101020001545254320000001b00000000000c00000ba498450100000000000148000000a3
CAPTURE 1 53862772336 525400123402525400123401080045000038ec9340004011e6100a002a0f0a002a0210921092002490d854324e310104000054525432000000000000001b000000004014597d
CAPTURE 1 53914349744 525400123402525400123401080045000044ec9740004011e6000a002a0f0a002a02109210920030a69054324e3101010001545254320000001c00000000000c0000fe228271010000000000017e000000a4
CAPTURE 1 53933150352 52540012340152540012340208004500003800000000401112a50a002a020a002a0f109210920024d13f54324e310104000054525432000000000000001c00000000247534b4
CAPTURE 1 53933769840 52540012340152540012340208004500004400000000401112990a002a020a002a0f109210920030496f54324e3101020001545254320000001c00000000000c00001062cd91010000000000013f000000a4
CAPTURE 1 53973851632 525400123402525400123401080045000038eca240004011e6010a002a0f0a002a02109210920024d13f54324e310104000054525432000000000000001c00000000247534b4
CAPTURE 1 54027665248 525400123402525400123401080045000044eca740004011e5f00a002a0f0a002a02109210920030a26b54324e3101010001545254320000001d00000000000c000078750cf801000000000000c8000000a5
CAPTURE 1 54045342736 52540012340152540012340208004500003800000000401112a50a002a020a002a0f109210920024d66254324e310104000054525432000000000000001d00000000330e20f7
CAPTURE 1 54046372320 52540012340152540012340208004500004400000000401112990a002a020a002a0f10921092003021c654324e3101020001545254320000001d00000000000c00001527f0b701000000000000fb000000a5
CAPTURE 1 54087098448 525400123402525400123401080045000038ecb540004011e5ee0a002a0f0a002a02109210920024d66254324e310104000054525432000000000000001d00000000330e20f7
CAPTURE 1 54139983968 525400123402525400123401080045000044ecbd40004011e5da0a002a0f0a002a02109210920030e09754324e3101010001545254320000001e00000000000c000010ac35430100000000000218000000a6
CAPTURE 1 54155355200 52540012340152540012340208004500003800000000401112a50a002a020a002a0f10921092002403b254324e310104000054525432000000000000001e000000000a831c32
CAPTURE 1 54158475104 52540012340152540012340208004500004400000000401112990a002a020a002a0f1092109200304b1e54324e3101020001545254320000001e00000000000c000025f8b63f0100000000000148000000a6
CAPTURE 1 54199407808 525400123402525400123401080045000038ecc040004011e5e30a002a0f0a002a0210921092002403b254324e310104000054525432000000000000001e000000000a831c32
CAPTURE 1 54250410064 525400123402525400123401080045000044ecca40004011e5cd0a002a0f0a002a021092109200306ec054324e3101010001545254320000001f00000000000c000052c66598010000000000017e000000a7
CAPTURE 2 9804999088 3333ff12340152540012340186dd6000000000203aff00000000000000000000000000000000ff0200000000000000000001ff12340187005f8200000000fe80000000000000505400fffe1234010e01a0630d94a929
CAPTURE 2 9806219984 33330000001652540012340186dd600000000024000100000000000000000000000000000000ff0200000000000000000000000000163a000502000001008f003b770000000104000000ff0200000000000000000001ff123401
CAPTURE 2 9825492688 525400123401525400123402080045000040000000004011129d0a002a020a002a0f10921092002cab6b54324e31010500005452543200000000000000000008000098a6cb830000000000001ad6
CAPTURE 2 9826881072 525400123402525400123401080045000044d62e40004011fc690a002a0f0a002a02109210920030e1b854324e3101010001545254320000000200000000000c000090abb62001000000000000da00000002
CAPTURE 2 9828848784 52540012340152540012340208004500003800000000401112a50a002a020a002a0f1092109200243cb454324e3101040000545254320000000000000002000000004077ad57
CAPTURE 2 9829485872 52540012340152540012340208004500004400000000401112990a002a020a002a0f1092109200307fcb54324e3101020001545254320000000200000000000c000055f9529d01000000000000fc00000002
CAPTURE 2 9892153056 525400123402525400123401080045000044d63540004011fc620a002a0f0a002a02109210920030e1b854324e3101010001545254320000000200000000000c000090abb62001000000000000da00000002
CAPTURE 2 9899676176 52540012340152540012340208004500003800000000401112a50a002a020a002a0f1092109200243cb454324e3101040000545254320000000000000002000000004077ad57
CAPTURE 2 9913426688 525400123402525400123401080045000040d63a40004011fc610a002a0f0a002a0210921092002c6d9c54324e310105000054525432000000000000000000080000058eb3110000000000000430
CAPTURE 2 9924486800 525400123402525400123401080045000038d63b40004011fc680a002a0f0a002a021092109200243cb454324e3101040000545254320000000000000002000000004077ad57
CAPTURE 2 9977209376 525400123402525400123401080045000044d64840004011fc4f0a002a0f0a002a0210921092003051d354324e3101010001545254320000000300000000000c0000230ab269010000000000021600000003
CAPTURE 2 9994882720 52540012340152540012340208004500003800000000401112a50a002a020a002a0f1092109200241a6154324e310104000054525432000000000000000300000000570cb914
CAPTURE 2 9995551712 52540012340152540012340208004500004400000000401112990a002a020a002a0f109210920030ef3054324e3101020001545254320000000300000000000c0000a96e8f74010000000000014800000003
CAPTURE 2 10050560576 525400123402525400123401080045000038d64d40004011fc560a002a0f0a002a021092109200241a6154324e310104000054525432000000000000000300000000570cb914
CAPTURE 2 10100101504 525400123402525400123401080045000044d65140004011fc460a002a0f0a002a0210921092003035b454324e3101010001545254320000000400000000000c00005ce89540010000000000017e00000004
CAPTURE 2 10118521920 52540012340152540012340208004500003800000000401112a50a002a020a002a0f109210920024223654324e310104000054525432000000000000000400000000336dd4dd
CAPTURE 2 10119130624 52540012340152540012340208004500004400000000401112990a002a020a002a0f1092109200309ad154324e3101020001545254320000000400000000000c0000b2a8daa0010000000000013f00000004
CAPTURE 2 10157902416 525400123402525400123401080045000038d65640004011fc4d0a002a0f0a002a02109210920024223654324e310104000054525432000000000000000400000000336dd4dd
CAPTURE 2 10210362672 525400123402525400123401080045000044d66140004011fc360a002a0f0a002a02109210920030320854324e3101010001545254320000000500000000000c0000dabf1bc901000000000000c800000005
CAPTURE 2 10228455936 52540012340152540012340208004500003800000000401112a50a002a020a002a0f10921092002445cb54324e3101040000545254320000000000000005000000002416c09e
CAPTURE 2 10229494320 52540012340152540012340208004500004400000000401112990a002a020a002a0f10921092003088e854324e3101020001545254320000000500000000000c0000b7ede78601000000000000fb00000005
CAPTURE 2 10259515168 525400123402525400123401080045000038d66b40004011fc380a002a0f0a002a0210921092002445cb54324e3101040000545254320000000000000005000000002416c09e
CAPTURE 2 10313968000 525400123402525400123401080045000044d67740004011fc200a002a0f0a002a02109210920030526654324e3101010001545254320000000600000000000c0000b2662272010000000000021800000006
CAPTURE 2 10332131440 52540012340152540012340208004500003800000000401112a50a002a020a002a0f109210920024108854324e3101040000545254320000000000000006000000001d9bfc5b
CAPTURE 2 10333177840 52540012340152540012340208004500004400000000401112990a002a020a002a0f109210920030ffcc54324e3101020001545254320000000600000000000c00008732a10e010000000000014800000006
CAPTURE 2 10372986096 525400123402525400123401080045000038d68640004011fc1d0a002a0f0a002a02109210920024108854324e3101040000545254320000000000000006000000001d9bfc5b
CAPTURE 2 10421703472 525400123402525400123401080045000044d68b40004011fc0c0a002a0f0a002a02109210920030c52054324e3101010001545254320000000700000000000c0000f00c72a9010000000000017e00000007
CAPTURE 2 10438503520 52540012340152540012340208004500003800000000401112a50a002a020a002a0f109210920024378554324e3101040000545254320000000000000007000000000ae0e818
CAPTURE 2 10440284512 52540012340152540012340208004500004400000000401112990a002a020a002a0f109210920030cc7f54324e3101020001545254320000000700000000000c00001e4c3d49010000000000013f00000007
CAPTURE 2 10478264816 525400123402525400123401080045000038d68c40004011fc170a002a0f0a002a02109210920024378554324e3101040000545254320000000000000007000000000ae0e818
CAPTURE 2 10529547696 525400123402525400123401080045000044d69940004011fbfe0a002a0f0a002a02109210920030242154324e3101010001545254320000000800000000000c0000d6332e3601000000000000c800000008
CAPTURE 2 10546880768 52540012340152540012340208004500003800000000401112a50a002a020a002a0f1092109200242d5a54324e310104000054525432000000000000000800000000d55927c9
CAPTURE 2 10547466416 52540012340152540012340208004500004400000000401112990a002a020a002a0f1092109200309a7b54324e3101020001545254320000000800000000000c0000bb61d27901000000000000fb00000008
CAPTURE 2 10589844240 525400123402525400123401080045000038d6a640004011fbfd0a002a0f0a002a021092109200242d5a54324e310104000054525432000000000000000800000000d55927c9
CAPTURE 2 10641756000 525400123402525400123401080045000044d6b040004011fbe70a002a0f0a002a0210921092003015ba54324e3101010001545254320000000900000000000c0000c08250fc010000000000021800000009
CAPTURE 2 10659818096 52540012340152540012340208004500003800000000401112a50a002a020a002a0f10921092002434cf54324e310104000054525432000000000000000900000000c222338a
CAPTURE 2 10660440320 52540012340152540012340208004500004400000000401112990a002a020a002a0f1092109200305eb054324e3101020001545254320000000900000000000c0000f5d6d380010000000000014800000009
CAPTURE 2 10698969136 525400123402525400123401080045000038d6bd40004011fbe60a002a0f0a002a0210921092002434cf54324e310104000054525432000000000000000900000000c222338a
CAPTURE 2 10749275040 525400123402525400123401080045000044d6be40004011fbd90a002a0f0a002a02109210920030e3f954324e3101010001545254320000000a00000000000c0000fc804756010000000000017e0000000a
CAPTURE 2 10767425760 52540012340152540012340208004500003800000000401112a50a002a020a002a0f1092109200241f7c54324e310104000054525432000000000000000a00000000fbaf0f4f
CAPTURE 2 10768028512 52540012340152540012340208004500004400000000401112990a002a020a002a0f1092109200300c9954324e3101020001545254320000000a00000000000c000012c008b6010000000000013f0000000a
CAPTURE 2 10799456736 525400123402525400123401080045000038d6c440004011fbdf0a002a0f0a002a021092109200241f7c54324e310104000054525432000000000000000a00000000fbaf0f4f
CAPTURE 2 10838133680 33330000001652540012340186dd6000000000240001fe80000000000000505400fffe123401ff0200000000000000000000000000163a000502000001008f00b98e0000000104000000ff0200000000000000000001ff123401
CAPTURE 2 10838683968 33330000000252540012340186dd6000000000103afffe80000000000000505400fffe123401ff0200000000000000000000000000028500725f000000000101525400123401
CAPTURE 2 10856031264 525400123402525400123401080045000044d6d240004011fbc50a002a0f0a002a02109210920030e3cd54324e3101010001545254320000000b00000000000c00007ad7c9df01000000000000c80000000b
CAPTURE 2 10866765808 52540012340152540012340208004500003800000000401112a50a002a020a002a0f109210920024229954324e310104000054525432000000000000000b00000000ecd41b0c
CAPTURE 2 10874417696 52540012340152540012340208004500004400000000401112990a002a020a002a0f109210920030db3b54324e3101020001545254320000000b00000000000c00001785359001000000000000fb0000000b
CAPTURE 2 10915346864 525400123402525400123401080045000038d6dd40004011fbc60a002a0f0a002a02109210920024229954324e310104000054525432000000000000000b00000000ecd41b0c
CAPTURE 2 10974633936 525400123402525400123401080045000044d6e840004011fbaf0a002a0f0a002a02109210920030b9cd54324e3101010001545254320000000c00000000000c0000eede7e8601000000000002180000000c
CAPTURE 2 10991769968 52540012340152540012340208004500003800000000401112a50a002a020a002a0f1092109200242afe54324e310104000054525432000000000000000c0000000088b576c5
CAPTURE 2 10998750128 52540012340152540012340208004500004400000000401112990a002a020a002a0f109210920030725554324e3101020001545254320000000c00000000000c000085cc2f4a01000000000001de0000000c
CAPTURE 2 11051556464 525400123402525400123401080045000038d6f840004011fbab0a002a0f0a002a021092109200242afe54324e310104000054525432000000000000000c0000000088b576c5
CAPTURE 2 11106104304 525400123402525400123401080045000044d70540004011fb920a002a0f0a002a02109210920030852054324e3101010001545254320000000d00000000000c000063d93ffd01000000000000520000000d
CAPTURE 2 11123768656 52540012340152540012340208004500003800000000401112a50a002a020a002a0f109210920024282354324e310104000054525432000000000000000d000000009fce6286
CAPTURE 2 11125892848 52540012340152540012340208004500004400000000401112990a002a020a002a0f109210920030f8c554324e3101020001545254320000000d00000000000c00008890a63101000000000001c00000000d
CAPTURE 2 11169330256 525400123402525400123401080045000038d70740004011fb9c0a002a0f0a002a02109210920024282354324e310104000054525432000000000000000d000000009fce6286
CAPTURE 2 11221948736 525400123402525400123401080045000044d70b40004011fb8c0a002a0f0a002a02109210920030569954324e3101010001545254320000000e00000000000c00008dee44bf01000000000000000000000e
CAPTURE 2 11239083344 52540012340152540012340208004500003800000000401112a50a002a020a002a0f10921092002425f054324e310104000054525432000000000000000e00000000a6435e43
CAPTURE 2 11240937408 52540012340152540012340208004500004400000000401112990a002a020a002a0f109210920030d72754324e3101020001545254320000000e00000000000c00005bc7f4c301000000000001930000000e
CAPTURE 2 11279032080 525400123402525400123401080045000038d71540004011fb8e0a002a0f0a002a0210921092002425f054324e310104000054525432000000000000000e00000000a6435e43
CAPTURE 2 11330791344 525400123402525400123401080045000044d72240004011fb750a002a0f0a002a02109210920030785d54324e3101010001545254320000000f00000000000c000047c6683901000000000000e80000000f
CAPTURE 2 11345443568 52540012340152540012340208004500003800000000401112a50a002a020a002a0f1092109200242f3d54324e310104000054525432000000000000000f00000000b1384a00
CAPTURE 2 11349120000 52540012340152540012340208004500004400000000401112990a002a020a002a0f109210920030e82e54324e3101020001545254320000000f00000000000c000033080c4101000000000001cc0000000f
CAPTURE 2 11389295872 525400123402525400123401080045000038d72340004011fb800a002a0f0a002a021092109200242f3d54324e310104000054525432000000000000000f00000000b1384a00
CAPTURE 2 11439244192 525400123402525400123401080045000044d72940004011fb6e0a002a0f0a002a02109210920030554c54324e3101010001545254320000001000000000000c00001eb4b4cc010000000000007600000010
CAPTURE 2 11455478320 52540012340152540012340208004500003800000000401112a50a002a020a002a0f109210920024a09254324e310104000054525432000000000000001000000000c241c7a0
CAPTURE 2 11457662848 52540012340152540012340208004500004400000000401112990a002a020a002a0f109210920030c34d54324e3101020001545254320000001000000000000c0000861cde1401000000000001c300000010
CAPTURE 2 11497611584 33330000001652540012340186dd6000000000240001fe80000000000000505400fffe123401ff0200000000000000000000000000163a000502000001008f00b98e0000000104000000ff0200000000000000000001ff123401
CAPTURE 2 11498097024 525400123402525400123401080045000038d72a40004011fb790a002a0f0a002a02109210920024a09254324e310104000054525432000000000000001000000000c241c7a0
CAPTURE 2 11550621680 525400123402525400123401080045000044d73240004011fb650a002a0f0a002a021092109200306d5b54324e3101010001545254320000001100000000000c0000baaa013b010000000000000000000011
CAPTURE 2 11567885024 52540012340152540012340208004500003800000000401112a50a002a020a002a0f109210920024815554324e310104000054525432000000000000001100000000d53ad3e3
CAPTURE 2 11568953200 52540012340152540012340208004500004400000000401112990a002a020a002a0f109210920030feff54324e3101020001545254320000001100000000000c0000e3c344e7010000000000019500000011
CAPTURE 2 11610980736 525400123402525400123401080045000038d73740004011fb6c0a002a0f0a002a02109210920024815554324e310104000054525432000000000000001100000000d53ad3e3
CAPTURE 2 11888518144 525400123402525400123401080045000044d77240004011fb250a002a0f0a002a02109210920030d57254324e3101010001545254320000001200000000000c0000cb1a87cd01000000000000e400000012
CAPTURE 2 11906389904 52540012340152540012340208004500003800000000401112a50a002a020a002a0f1092109200244e9454324e310104000054525432000000000000001200000000ecb7ef26
CAPTURE 2 11908316208 52540012340152540012340208004500004400000000401112990a002a020a002a0f1092109200309e9954324e3101020001545254320000001200000000000c00007a240eb401000000000001cc00000012
CAPTURE 2 11936584272 525400123402525400123401080045000040d77740004011fb240a002a0f0a002a0210921092002c298554324e310105000054525432000000000000000000080000685d8c720000000000000c17
CAPTURE 2 11948578528 525400123402525400123401080045000038d77a40004011fb290a002a0f0a002a021092109200244e9454324e310104000054525432000000000000001200000000ecb7ef26
CAPTURE 2 11998546464 525400123402525400123401080045000044d77d40004011fb1a0a002a0f0a002a02109210920030235154324e3101010001545254320000001300000000000c0000b2505325010000000000007600000013
CAPTURE 2 12016511200 52540012340152540012340208004500003800000000401112a50a002a020a002a0f109210920024333f54324e310104000054525432000000000000001300000000fbccfb65
CAPTURE 2 12017225792 52540012340152540012340208004500004400000000401112990a002a020a002a0f109210920030c28354324e3101020001545254320000001300000000000c00002af839fd01000000000001c300000013
CAPTURE 2 12055588304 525400123402525400123401080045000038d78b40004011fb180a002a0f0a002a02109210920024333f54324e310104000054525432000000000000001300000000fbccfb65
CAPTURE 2 12115646096 525400123402525400123401080045000044d78f40004011fb080a002a0f0a002a02109210920030650354324e3101010001545254320000001400000000000c000094f62f41010000000000000000000014
CAPTURE 2 12133202912 52540012340152540012340208004500003800000000401112a50a002a020a002a0f109210920024f41654324e3101040000545254320000000000000014000000009fad96ac
CAPTURE 2 12135304848 52540012340152540012340208004500004400000000401112990a002a020a002a0f109210920030ef6754324e3101020001545254320000001400000000000c0000cd9f6a9d010000000000019500000014
CAPTURE 2 12174383040 525400123402525400123401080045000038d79140004011fb120a002a0f0a002a02109210920024f41654324e3101040000545254320000000000000014000000009fad96ac
CAPTURE 2 12464062576 525400123402525400123401080045000044d7a340004011faf40a002a0f0a002a021092109200309e5f54324e3101010001545254320000001500000000000c00009b2eeec601000000000000e400000015
CAPTURE 2 12483420752 52540012340152540012340208004500003800000000401112a50a002a020a002a0f1092109200241eaa54324e31010400005452543200000000000000150000000088d682ef
CAPTURE 2 12484030144 52540012340152540012340208004500004400000000401112990a002a020a002a0f109210920030959c54324e3101020001545254320000001500000000000c00002a1067bf01000000000001cc00000015
CAPTURE 2 12512242752 525400123402525400123401080045000040d7a840004011faf30a002a0f0a002a0210921092002c3ffd54324e3101050000545254320000000000000000000800002cb7af600000000000000e57
CAPTURE 2 12523324176 525400123402525400123401080045000038d7aa40004011faf90a002a0f0a002a021092109200241eaa54324e31010400005452543200000000000000150000000088d682ef
CAPTURE 2 12573749456 525400123402525400123401080045000044d7ad40004011faea0a002a0f0a002a021092109200300f5554324e3101010001545254320000001600000000000c00009c0c7d5f010000000000007600000016
CAPTURE 2 12585458128 52540012340152540012340208004500003800000000401112a50a002a020a002a0f109210920024bae854324e310104000054525432000000000000001600000000b15bbe2a
CAPTURE 2 12591994128 52540012340152540012340208004500004400000000401112990a002a020a002a0f1092109200300b4854324e3101020001545254320000001600000000000c000004a4178701000000000001c300000016
CAPTURE 2 12642679424 525400123402525400123401080045000038d7b240004011faf10a002a0f0a002a02109210920024bae854324e310104000054525432000000000000001600000000b15bbe2a
CAPTURE 2 12694568848 525400123402525400123401080045000044d7b740004011fae00a002a0f0a002a02109210920030287a54324e3101010001545254320000001700000000000c00003812c8a8010000000000000000000017
CAPTURE 2 12712618736 52540012340152540012340208004500003800000000401112a50a002a020a002a0f109210920024d9e354324e310104000054525432000000000000001700000000a620aa69
CAPTURE 2 12713297280 52540012340152540012340208004500004400000000401112990a002a020a002a0f10921092003038af54324e3101020001545254320000001700000000000c0000617b8d74010000000000019500000017
CAPTURE 2 12751592064 525400123402525400123401080045000038d7bf40004011fae40a002a0f0a002a02109210920024d9e354324e310104000054525432000000000000001700000000a620aa69
CAPTURE 2 13014569440 525400123402525400123401080045000044d7c140004011fad60a002a0f0a002a02109210920030b57254324e3101010001545254320000001800000000000c000097a2db3901000000000000e400000018
CAPTURE 2 13032103744 52540012340152540012340208004500003800000000401112a50a002a020a002a0f1092109200244b1b54324e310104000054525432000000000000001800000000799965b8
CAPTURE 2 13033013088 52540012340152540012340208004500004400000000401112990a002a020a002a0f109210920030ae8954324e3101020001545254320000001800000000000c0000269c524001000000000001cc00000018
CAPTURE 2 13072289184 525400123402525400123401080045000040d7c340004011fad80a002a0f0a002a0210921092002c595454324e3101050000545254320000000000000000000800007e25426b0000000000001087
CAPTURE 2 13083365216 525400123402525400123401080045000038d7c640004011fadd0a002a0f0a002a021092109200244b1b54324e310104000054525432000000000000001800000000799965b8
CAPTURE 2 13133845568 525400123402525400123401080045000044d7ca40004011facd0a002a0f0a002a021092109200302a0154324e3101010001545254320000001900000000000c0000eee80fd1010000000000007600000019
CAPTURE 2 13151606304 52540012340152540012340208004500003800000000401112a50a002a020a002a0f109210920024498e54324e3101040000545254320000000000000019000000006ee271fb
CAPTURE 2 13152173248 52540012340152540012340208004500004400000000401112990a002a020a002a0f1092109200304c2354324e3101020001545254320000001900000000000c00007640650901000000000001c300000019
CAPTURE 2 13190930592 525400123402525400123401080045000038d7d340004011fad00a002a0f0a002a02109210920024498e54324e3101040000545254320000000000000019000000006ee271fb
CAPTURE 2 13246290256 525400123402525400123401080045000044d7e040004011fab70a002a0f0a002a02109210920030f73854324e3101010001545254320000001a00000000000c0000349efd5701000000000000000000001a
CAPTURE 2 13263477568 52540012340152540012340208004500003800000000401112a50a002a020a002a0f10921092002485bd54324e310104000054525432000000000000001a00000000576f4d3e
CAPTURE 2 13265561440 52540012340152540012340208004500004400000000401112990a002a020a002a0f109210920030011654324e3101020001545254320000001a00000000000c00006df7b88b01000000000001950000001a
CAPTURE 2 13304619024 525400123402525400123401080045000038d7ee40004011fab50a002a0f0a002a0210921092002485bd54324e310104000054525432000000000000001a00000000576f4d3e
CAPTURE 2 13578873984 525400123402525400123401080045000044d81540004011fa820a002a0f0a002a02109210920030b03254324e3101010001545254320000001b00000000000c00003b463cd001000000000000e40000001b
CAPTURE 2 13597096688 52540012340152540012340208004500003800000000401112a50a002a020a002a0f10921092002490d854324e310104000054525432000000000000001b000000004014597d
CAPTURE 2 13598376560 52540012340152540012340208004500004400000000401112990a002a020a002a0f109210920030e73d54324e3101020001545254320000001b00000000000c00008a78b5a901000000000001cc0000001b
CAPTURE 2 13627745824 525400123402525400123401080045000040d81b40004011fa800a002a0f0a002a0210921092002cdea054324e31010500005452543200000000000000000008000083a9b57000000000000012b1
CAPTURE 2 13638839728 525400123402525400123401080045000038d81e40004011fa850a002a0f0a002a0210921092002490d854324e310104000054525432000000000000001b000000004014597d
CAPTURE 2 13689533216 525400123402525400123401080045000044d82140004011fa760a002a0f0a002a02109210920030465554324e3101010001545254320000001c00000000000c0000c0b421ab01000000000000760000001c
CAPTURE 2 13717162720 52540012340152540012340208004500003800000000401112a50a002a020a002a0f109210920024d13f54324e310104000054525432000000000000001c00000000247534b4
CAPTURE 2 13718474848 52540012340152540012340208004500004400000000401112990a002a020a002a0f10921092003083d754324e3101020001545254320000001c00000000000c0000581c4b7301000000000001c30000001c
CAPTURE 2 13759221184 525400123402525400123401080045000038d82340004011fa800a002a0f0a002a02109210920024d13f54324e310104000054525432000000000000001c00000000247534b4
CAPTURE 2 13815232064 525400123402525400123401080045000044d82a40004011fa6d0a002a0f0a002a02109210920030302254324e3101010001545254320000001d00000000000c000064aa945c01000000000000000000001d
CAPTURE 2 13835454224 52540012340152540012340208004500003800000000401112a50a002a020a002a0f109210920024d66254324e310104000054525432000000000000001d00000000330e20f7
CAPTURE 2 13836066656 52540012340152540012340208004500004400000000401112990a002a020a002a0f109210920030184f54324e3101020001545254320000001d00000000000c00003dc3d18001000000000001950000001d
CAPTURE 2 13875291360 525400123402525400123401080045000038d83340004011fa700a002a0f0a002a02109210920024d66254324e310104000054525432000000000000001d00000000330e20f7
CAPTURE 2 14135739552 525400123401525400123402080045000040000000004011129d0a002a020a002a0f10921092002cbc8054324e310105000054525432000000000000000000080000ee2b54130000000000002bac
CAPTURE 2 14140512000 525400123402525400123401080045000044d87340004011fa240a002a0f0a002a02109210920030007f54324e3101010001545254320000001e00000000000c0000151a12aa01000000000000e40000001e
CAPTURE 2 14158735856 52540012340152540012340208004500003800000000401112a50a002a020a002a0f10921092002403b254324e310104000054525432000000000000001e000000000a831c32
CAPTURE 2 14160615232 52540012340152540012340208004500004400000000401112990a002a020a002a0f109210920030e76154324e3101020001545254320000001e00000000000c0000a4249bd301000000000001cc0000001e
CAPTURE 2 14194951600 525400123402525400123401080045000040d87d40004011fa1e0a002a0f0a002a0210921092002c835b54324e310105000054525432000000000000000000080000969afb9c00000000000014d9
CAPTURE 2 14220432816 525400123402525400123401080045000038d88140004011fa220a002a0f0a002a0210921092002403b254324e310104000054525432000000000000001e000000000a831c32
CAPTURE 2 14270604464 525400123402525400123401080045000044d88d40004011fa0a0a002a0f0a002a02109210920030f61b54324e3101010001545254320000001f00000000000c00006c50c64201000000000000760000001f
CAPTURE 2 14285423424 52540012340152540012340208004500003800000000401112a50a002a020a002a0f10921092002403fd54324e310104000054525432000000000000001f000000001df80871
CAPTURE 2 14288991008 52540012340152540012340208004500004400000000401112990a002a020a002a0f10921092003085cd54324e3101020001545254320000001f00000000000c0000f4f8ac9a01000000000001c30000001f
CAPTURE 2 14339470864 525400123402525400123401080045000038d89740004011fa0c0a002a0f0a002a0210921092002403fd54324e310104000054525432000000000000001f000000001df80871
CAPTURE 2 14391563168 525400123402525400123401080045000044d8a340004011f9f40a002a0f0a002a02109210920030899e54324e3101010001545254320000002000000000000c0000a6c6f8bd010000000000000000000020
CAPTURE 2 14408550416 52540012340152540012340208004500003800000000401112a50a002a020a002a0f109210920024368254324e310104000054525432000000000000002000000000ec700772
CAPTURE 2 14409349584 52540012340152540012340208004500004400000000401112990a002a020a002a0f1092109200306a7b54324e3101020001545254320000002000000000000c0000ffafbd61010000000000019500000020
CAPTURE 2 14459090080 525400123402525400123401080045000038d8ae40004011f9f50a002a0f0a002a02109210920024368254324e310104000054525432000000000000002000000000ec700772
CAPTURE 2 14717201632 525400123401525400123402080045000040000000004011129d0a002a020a002a0f10921092002cb32054324e310105000054525432000000000000000000080000f2ae56d40000000000002dc8
CAPTURE 2 14718943152 525400123402525400123401080045000044d8bb40004011f9dc0a002a0f0a002a0210921092003045e454324e3101010001545254320000002100000000000c0000a91e393a01000000000000e400000021
CAPTURE 2 14737048880 52540012340152540012340208004500003800000000401112a50a002a020a002a0f1092109200241c2754324e310104000054525432000000000000002100000000fb0b1331
CAPTURE 2 14737659616 52540012340152540012340208004500004400000000401112990a002a020a002a0f1092109200305ef054324e3101020001545254320000002100000000000c00001820b04301000000000001cc00000021
CAPTURE 2 14770672720 525400123402525400123401080045000040d8c740004011f9d40a002a0f0a002a0210921092002c7f0b54324e310105000054525432000000000000000000080000e0dfb35d0000000000001723
CAPTURE 2 14798311280 525400123402525400123401080045000038d8ca40004011f9d90a002a0f0a002a021092109200241c2754324e310104000054525432000000000000002100000000fb0b1331
CAPTURE 2 14852286640 525400123402525400123401080045000044d8ce40004011f9c90a002a0f0a002a02109210920030cfc854324e3101010001545254320000002200000000000c0000ae3caaa3010000000000007600000022
CAPTURE 2 14873292240 52540012340152540012340208004500003800000000401112a50a002a020a002a0f10921092002437e854324e310104000054525432000000000000002200000000c2862ff4
CAPTURE 2 14874103408 52540012340152540012340208004500004400000000401112990a002a020a002a0f109210920030304b54324e3101020001545254320000002200000000000c00003694c07b01000000000001c300000022
CAPTURE 2 14915035136 525400123402525400123401080045000038d8d440004011f9cf0a002a0f0a002a0210921092002437e854324e310104000054525432000000000000002200000000c2862ff4
CAPTURE 2 14967353856 525400123402525400123401080045000044d8d840004011f9bf0a002a0f0a002a02109210920030ffa654324e3101010001545254320000002300000000000c00000a221f54010000000000000000000023
CAPTURE 2 15233098992 52540012340152540012340208004500003800000000401112a50a002a020a002a0f10921092002418ad54324e310104000054525432000000000000002300000000d5fd3bb7
CAPTURE 2 15234010208 52540012340152540012340208004500004400000000401112990a002a020a002a0f10921092003079b354324e3101020001545254320000002300000000000c0000534b5a88010000000000019500000023
CAPTURE 2 15244601344 33330000000252540012340186dd6000000000103afffe80000000000000505400fffe123401ff0200000000000000000000000000028500725f000000000101525400123401
CAPTURE 2 15264359184 525400123402525400123401080045000040d8ec40004011f9af0a002a0f0a002a0210921092002c8d7654324e31010500005452543200000000000000000008000028ef5af00000000000001916
CAPTURE 2 15275606192 525400123402525400123401080045000038d8ef40004011f9b40a002a0f0a002a0210921092002418ad54324e310104000054525432000000000000002300000000d5fd3bb7
CAPTURE 2 15329842656 525400123402525400123401080045000044d8f040004011f9a70a002a0f0a002a0210921092003089b454324e3101010001545254320000002400000000000c00008742174001000000000000e400000024
CAPTURE 2 15349043728 52540012340152540012340208004500003800000000401112a50a002a020a002a0f109210920024224654324e310104000054525432000000000000002400000000b19c567e
CAPTURE 2 15349829600 52540012340152540012340208004500004400000000401112990a002a020a002a0f109210920030529854324e3101020001545254320000002400000000000c0000367c9e3901000000000001cc00000024
CAPTURE 2 15390753584 525400123402525400123401080045000038d8fa40004011f9a90a002a0f0a002a02109210920024224654324e310104000054525432000000000000002400000000b19c567e
CAPTURE 2 15447633648 525400123402525400123401080045000044d90640004011f9910a002a0f0a002a0210921092003066f154324e3101010001545254320000002500000000000c0000fe08c3a8010000000000007600000025
CAPTURE 2 15465788976 52540012340152540012340208004500003800000000401112a50a002a020a002a0f109210920024413b54324e310104000054525432000000000000002500000000a6e7423d
CAPTURE 2 15466717984 52540012340152540012340208004500004400000000401112990a002a020a002a0f109210920030174454324e3101020001545254320000002500000000000c000066a0a97001000000000001c300000025
CAPTURE 2 15506518896 525400123402525400123401080045000038d90e40004011f9950a002a0f0a002a02109210920024413b54324e310104000054525432000000000000002500000000a6e7423d
CAPTURE 2 15795604544 525400123402525400123401080045000044d94f40004011f9480a002a0f0a002a02109210920030d36a54324e3101010001545254320000002600000000000c0000247e312e010000000000000000000026
CAPTURE 2 15805563568 52540012340152540012340208004500003800000000401112a50a002a020a002a0f1092109200240bfc54324e3101040000545254320000000000000026000000009f6a7ef8
CAPTURE 2 15813821488 52540012340152540012340208004500004400000000401112990a002a020a002a0f109210920030357754324e3101020001545254320000002600000000000c00007d1774f2010000000000019500000026
CAPTURE 2 15856226592 525400123402525400123401080045000040d95240004011f9490a002a0f0a002a0210921092002c575154324e3101050000545254320000000000000000000800003ddb79d80000000000001b67
CAPTURE 2 15867358848 525400123402525400123401080045000038d95540004011f94e0a002a0f0a002a021092109200240bfc54324e3101040000545254320000000000000026000000009f6a7ef8
CAPTURE 2 15932549904 525400123402525400123401080045000044d96540004011f9320a002a0f0a002a021092109200300be154324e3101010001545254320000002700000000000c00002ba6f0a901000000000000e400000027
CAPTURE 2 15935447808 52540012340152540012340208004500003800000000401112a50a002a020a002a0f109210920024379154324e31010400005452543200000000000000270000000088116abb
CAPTURE 2 15936997744 52540012340152540012340208004500004400000000401112990a002a020a002a0f10921092003012df54324e3101020001545254320000002700000000000c00009a9879d001000000000001cc00000027
CAPTURE 2 15993233936 525400123402525400123401080045000038d97040004011f9330a002a0f0a002a02109210920024379154324e31010400005452543200000000000000270000000088116abb
CAPTURE 2 16043807680 525400123402525400123401080045000044d97740004011f9200a002a0f0a002a021092109200303fc054324e3101010001545254320000002800000000000c0000f284f657010000000000007600000028
CAPTURE 2 16061533344 52540012340152540012340208004500003800000000401112a50a002a020a002a0f1092109200242d4a54324e31010400005452543200000000000000280000000057a8a56a
CAPTURE 2 16063374480 52540012340152540012340208004500004400000000401112990a002a020a002a0f109210920030209354324e3101020001545254320000002800000000000c00006a2c9c8f01000000000001c300000028
CAPTURE 2 16113250640 525400123402525400123401080045000038d97e40004011f9250a002a0f0a002a021092109200242d4a54324e31010400005452543200000000000000280000000057a8a56a
CAPTURE 2 16346423712 525400123401525400123402080045000040000000004011129d0a002a020a002a0f10921092002caece54324e3101050000545254320000000000000000000800006d75d9d9000000000000344e
CAPTURE 2 16367401584 525400123402525400123401080045000044d9b940004011f8de0a002a0f0a002a021092109200308ed654324e3101010001545254320000002900000000000c0000569a43a0010000000000000000000029
CAPTURE 2 16385429936 52540012340152540012340208004500003800000000401112a50a002a020a002a0f109210920024385f54324e31010400005452543200000000000000290000000040d3b129
CAPTURE 2 16387308304 52540012340152540012340208004500004400000000401112990a002a020a002a0f109210920030110c54324e3101020001545254320000002900000000000c00000ff3067c010000000000019500000029
CAPTURE 2 16425771760 525400123402525400123401080045000040d9be40004011f8dd0a002a0f0a002a0210921092002c134554324e310105000054525432000000000000000000080000a88d50ff0000000000001d9a
CAPTURE 2 16450955392 525400123402525400123401080045000038d9c040004011f8e30a002a0f0a002a02109210920024385f54324e31010400005452543200000000000000290000000040d3b129
CAPTURE 2 16510741408 525400123402525400123401080045000044d9cf40004011f8c80a002a0f0a002a021092109200303baa54324e3101010001545254320000002a00000000000c0000272ac55601000000000000e40000002a
CAPTURE 2 16525649456 52540012340152540012340208004500003800000000401112a50a002a020a002a0f109210920024231054324e310104000054525432000000000000002a00000000795e8dec
CAPTURE 2 16529073536 52540012340152540012340208004500004400000000401112990a002a020a002a0f10921092003044fe54324e3101020001545254320000002a00000000000c000096144c2f01000000000001cc0000002a
CAPTURE 2 16570034160 525400123402525400123401080045000038d9d440004011f8cf0a002a0f0a002a02109210920024231054324e310104000054525432000000000000002a00000000795e8dec
CAPTURE 2 16621598960 525400123402525400123401080045000044d9db40004011f8bc0a002a0f0a002a02109210920030b87854324e3101010001545254320000002b00000000000c00005e6011be01000000000000760000002b
CAPTURE 2 16639515376 52540012340152540012340208004500003800000000401112a50a002a020a002a0f109210920024228554324e310104000054525432000000000000002b000000006e2599af
CAPTURE 2 16640127120 52540012340152540012340208004500004400000000401112990a002a020a002a0f109210920030e51954324e3101020001545254320000002b00000000000c0000c6c87b6601000000000001c30000002b
CAPTURE 2 16681682352 525400123402525400123401080045000038d9e440004011f8bf0a002a0f0a002a02109210920024228554324e310104000054525432000000000000002b000000006e2599af
CAPTURE 2 16911577632 525400123401525400123402080045000040000000004011129d0a002a020a002a0f10921092002cee5b54324e310105000054525432000000000000000000080000799a8bf7000000000000367e
CAPTURE 2 16947426032 525400123402525400123401080045000044da1940004011f87e0a002a0f0a002a02109210920030426a54324e3101010001545254320000002c00000000000c000078c66dda01000000000000000000002c
CAPTURE 2 16965590336 52540012340152540012340208004500003800000000401112a50a002a020a002a0f1092109200242bae54324e310104000054525432000000000000002c000000000a44f466
CAPTURE 2 16967487520 52540012340152540012340208004500004400000000401112990a002a020a002a0f109210920030ddbf54324e3101020001545254320000002c00000000000c000021af280601000000000001950000002c
CAPTURE 2 17000454992 525400123402525400123401080045000040da2640004011f8750a002a0f0a002a0210921092002c72cd54324e310105000054525432000000000000000000080000756e22570000000000001fd9
CAPTURE 2 17026006464 525400123402525400123401080045000038da2940004011f87a0a002a0f0a002a021092109200242bae54324e310104000054525432000000000000002c000000000a44f466
CAPTURE 2 17081323904 525400123402525400123401080045000044da2c40004011f86b0a002a0f0a002a0210921092003004a954324e3101010001545254320000002d00000000000c0000771eac5d01000000000000e40000002d
CAPTURE 2 17098810112 52540012340152540012340208004500003800000000401112a50a002a020a002a0f1092109200242cf354324e310104000054525432000000000000002d000000001d3fe025
CAPTURE 2 17099970816 52540012340152540012340208004500004400000000401112990a002a020a002a0f1092109200303bf754324e3101020001545254320000002d00000000000c0000c620252401000000000001cc0000002d
CAPTURE 2 17150823856 525400123402525400123401080045000038da3240004011f8710a002a0f0a002a021092109200242cf354324e310104000054525432000000000000002d000000001d3fe025
CAPTURE 2 17201476784 525400123402525400123401080045000044da3640004011f8610a002a0f0a002a02109210920030789054324e3101010001545254320000002e00000000000c0000703c3fc401000000000000760000002e
CAPTURE 2 17469098144 52540012340152540012340208004500003800000000401112a50a002a020a002a0f10921092002428c454324e310104000054525432000000000000002e0000000024b2dce0
CAPTURE 2 17470133120 52540012340152540012340208004500004400000000401112990a002a020a002a0f109210920030e99154324e3101020001545254320000002e00000000000c0000e894551c01000000000001c30000002e
CAPTURE 2 17502418928 525400123402525400123401080045000040da3a40004011f8610a002a0f0a002a0210921092002c847d54324e310105000054525432000000000000000000080000a379e0a200000000000021d2
CAPTURE 2 17513547840 525400123402525400123401080045000038da3b40004011f8680a002a0f0a002a0210921092002428c454324e310104000054525432000000000000002e0000000024b2dce0
CAPTURE 2 17578053376 525400123402525400123401080045000044da4b40004011f84c0a002a0f0a002a02109210920030caae54324e3101010001545254320000002f00000000000c0000d4228a3301000000000000000000002f
CAPTURE 2 17595399136 52540012340152540012340208004500003800000000401112a50a002a020a002a0f1092109200242de954324e310104000054525432000000000000002f0000000033c9c8a3
CAPTURE 2 17596964672 52540012340152540012340208004500004400000000401112990a002a020a002a0f109210920030ca3354324e3101020001545254320000002f00000000000c00008d4bcfef01000000000001950000002f
CAPTURE 2 17635266192 525400123402525400123401080045000038da5540004011f84e0a002a0f0a002a021092109200242de954324e310104000054525432000000000000002f0000000033c9c8a3
CAPTURE 2 17697798528 525400123402525400123401080045000044da5840004011f83f0a002a0f0a002a021092109200303b4454324e3101010001545254320000003000000000000c00003e32aea801000000000000e400000030
CAPTURE 2 17716142448 52540012340152540012340208004500003800000000401112a50a002a020a002a0f109210920024a4a154324e31010400005452543200000000000000300000000040b04503
CAPTURE 2 17717190640 52540012340152540012340208004500004400000000401112990a002a020a002a0f109210920030705854324e3101020001545254320000003000000000000c00008f0c27d101000000000001cc00000030
CAPTURE 2 17762972304 525400123402525400123401080045000038da5e40004011f8450a002a0f0a002a02109210920024a4a154324e31010400005452543200000000000000300000000040b04503
CAPTURE 2 18018630816 525400123402525400123401080045000044da9240004011f8050a002a0f0a002a0210921092003066d254324e3101010001545254320000003100000000000c000047787a40010000000000007600000031
CAPTURE 2 18025467856 52540012340152540012340208004500003800000000401112a50a002a020a002a0f109210920024814854324e31010400005452543200000000000000310000000057cb5140
CAPTURE 2 18037019760 52540012340152540012340208004500004400000000401112990a002a020a002a0f10921092003036d454324e3101020001545254320000003100000000000c0000dfd0109801000000000001c300000031
CAPTURE 2 18076574608 525400123402525400123401080045000040da9c40004011f7ff0a002a0f0a002a0210921092002ced2954324e310105000054525432000000000000000000080000326de6c10000000000002413
CAPTURE 2 18088699568 525400123402525400123401080045000038da9e40004011f8050a002a0f0a002a02109210920024814854324e31010400005452543200000000000000310000000057cb5140
CAPTURE 2 18142107184 525400123402525400123401080045000044daa440004011f7f30a002a0f0a002a02109210920030032a54324e3101010001545254320000003200000000000c00009d0e88c6010000000000000000000032
CAPTURE 2 18155481056 52540012340152540012340208004500003800000000401112a50a002a020a002a0f1092109200244e8754324e3101040000545254320000000000000032000000006e466d85
CAPTURE 2 18160222704 52540012340152540012340208004500004400000000401112990a002a020a002a0f10921092003095e654324e3101020001545254320000003200000000000c0000c467cd1a010000000000019500000032
CAPTURE 2 18201142368 525400123402525400123401080045000038daa740004011f7fc0a002a0f0a002a021092109200244e8754324e3101040000545254320000000000000032000000006e466d85
CAPTURE 2 18253792160 525400123402525400123401080045000044dab340004011f7e40a002a0f0a002a021092109200304c0154324e3101010001545254320000003300000000000c000092d6494101000000000000e400000033
CAPTURE 2 18271726016 52540012340152540012340208004500003800000000401112a50a002a020a002a0f109210920024374e54324e310104000054525432000000000000003300000000793d79c6
CAPTURE 2 18272319840 52540012340152540012340208004500004400000000401112990a002a020a002a0f109210920030430f54324e3101020001545254320000003300000000000c000023e8c03801000000000001cc00000033
CAPTURE 2 18311119232 525400123402525400123401080045000038dab540004011f7ee0a002a0f0a002a02109210920024374e54324e310104000054525432000000000000003300000000793d79c6
CAPTURE 2 18574419376 525400123402525400123401080045000044dade40004011f7b90a002a0f0a002a021092109200306b2654324e3101010001545254320000003400000000000c00006924543a010000000000007600000034
CAPTURE 2 18592592816 52540012340152540012340208004500003800000000401112a50a002a020a002a0f109210920024f8e554324e3101040000545254320000000000000034000000001d5c140f
CAPTURE 2 18593642848 52540012340152540012340208004500004400000000401112990a002a020a002a0f109210920030f6c754324e3101020001545254320000003400000000000c0000f18c3ee201000000000001c300000034
CAPTURE 2 18627548640 525400123402525400123401080045000040dae440004011f7b70a002a0f0a002a0210921092002cdabc54324e310105000054525432000000000000000000080000dbe04d950000000000002639
CAPTURE 2 18638631344 525400123402525400123401080045000038dae640004011f7bd0a002a0f0a002a02109210920024f8e554324e3101040000545254320000000000000034000000001d5c140f
CAPTURE 2 18690805328 525400123402525400123401080045000044dae740004011f7b00a002a0f0a002a0210921092003079f054324e3101010001545254320000003500000000000c0000cd3ae1cd010000000000000000000035
CAPTURE 2 18708672080 52540012340152540012340208004500003800000000401112a50a002a020a002a0f1092109200241fdd54324e3101040000545254320000000000000035000000000a27004c
CAPTURE 2 18709366624 52540012340152540012340208004500004400000000401112990a002a020a002a0f109210920030eefd54324e3101020001545254320000003500000000000c00009453a411010000000000019500000035
CAPTURE 2 18747514336 525400123402525400123401080045000038daf540004011f7ae0a002a0f0a002a021092109200241fdd54324e3101040000545254320000000000000035000000000a27004c
CAPTURE 2 18800445056 525400123402525400123401080045000044dafd40004011f79a0a002a0f0a002a02109210920030044d54324e3101010001545254320000003600000000000c0000bc8a673b01000000000000e400000036
CAPTURE 2 18817990944 52540012340152540012340208004500003800000000401112a50a002a020a002a0f109210920024ba1b54324e31010400005452543200000000000000360000000033aa3c89
CAPTURE 2 18819848592 52540012340152540012340208004500004400000000401112990a002a020a002a0f1092109200302b3354324e3101020001545254320000003600000000000c00000db4ee4201000000000001cc00000036
CAPTURE 2 18859289056 525400123402525400123401080045000038dafe40004011f7a50a002a0f0a002a02109210920024ba1b54324e31010400005452543200000000000000360000000033aa3c89
CAPTURE 2 19120340560 525400123402525400123401080045000044db2340004011f7740a002a0f0a002a02109210920030aeea54324e3101010001545254320000003700000000000c0000c5c0b3d3010000000000007600000037
CAPTURE 2 19135409040 52540012340152540012340208004500003800000000401112a50a002a020a002a0f109210920024dcb254324e31010400005452543200000000000000370000000024d128ca
CAPTURE 2 19139249520 52540012340152540012340208004500004400000000401112990a002a020a002a0f109210920030f0bc54324e3101020001545254320000003700000000000c00005d68d90b01000000000001c300000037
CAPTURE 2 19180542016 525400123402525400123401080045000040db3240004011f7690a002a0f0a002a0210921092002c275a54324e31010500005452543200000000000000000008000020d3b9dd0000000000002861
CAPTURE 2 19197860528 525400123402525400123401080045000038db3340004011f7700a002a0f0a002a02109210920024dcb254324e31010400005452543200000000000000370000000024d128ca
CAPTURE 2 19260058832 525400123402525400123401080045000044db3540004011f7620a002a0f0a002a02109210920030930954324e3101010001545254320000003800000000000c0000c1b6d432010000000000000000000038
CAPTURE 2 19277438144 52540012340152540012340208004500003800000000401112a50a002a020a002a0f10921092002447c854324e310104000054525432000000000000003800000000fb68e71b
CAPTURE 2 19278336448 52540012340152540012340208004500004400000000401112990a002a020a002a0f109210920030fc8e54324e3101020001545254320000003800000000000c000098df91ee010000000000019500000038
CAPTURE 2 19318309952 525400123402525400123401080045000038db3a40004011f7690a002a0f0a002a0210921092002447c854324e310104000054525432000000000000003800000000fb68e71b
CAPTURE 2 19370756288 525400123402525400123401080045000044db4740004011f7500a002a0f0a002a0210921092003043e954324e3101010001545254320000003900000000000c0000ce6e15b501000000000000e400000039
CAPTURE 2 19388445904 52540012340152540012340208004500003800000000401112a50a002a020a002a0f1092109200244adf54324e310104000054525432000000000000003900000000ec13f358
CAPTURE 2 19389246496 52540012340152540012340208004500004400000000401112990a002a020a002a0f1092109200300b0754324e3101020001545254320000003900000000000c00007f509ccc01000000000001cc00000039
CAPTURE 2 19431101152 525400123402525400123401080045000038db5440004011f74f0a002a0f0a002a021092109200244adf54324e310104000054525432000000000000003900000000ec13f358
CAPTURE 2 19673709600 525400123401525400123402080045000040000000004011129d0a002a020a002a0f10921092002cdae654324e31010500005452543200000000000000000008000031e6dc580000000000004146
CAPTURE 2 19708594368 525400123402525400123401080045000044db7540004011f7220a002a0f0a002a02109210920030d8ff54324e3101010001545254320000003a00000000000c0000c94c862c01000000000000760000003a
CAPTURE 2 19713185680 52540012340152540012340208004500003800000000401112a50a002a020a002a0f109210920024850e54324e310104000054525432000000000000003a00000000d59ecf9d
CAPTURE 2 19715355232 52540012340152540012340208004500004400000000401112990a002a020a002a0f109210920030e85154324e3101020001545254320000003a00000000000c000051e4ecf401000000000001c30000003a
CAPTURE 2 19761779360 525400123402525400123401080045000040db7640004011f7250a002a0f0a002a0210921092002c1f7654324e310105000054525432000000000000000000080000678f78c30000000000002aa3
CAPTURE 2 19787270976 525400123402525400123401080045000038db7a40004011f7290a002a0f0a002a02109210920024850e54324e310104000054525432000000000000003a00000000d59ecf9d
CAPTURE 2 19840668240 525400123402525400123401080045000044db8640004011f7110a002a0f0a002a0210921092003087bf54324e3101010001545254320000003b00000000000c00006d5233db01000000000000000000003b
CAPTURE 2 19858589040 52540012340152540012340208004500003800000000401112a50a002a020a002a0f1092109200248b8554324e310104000054525432000000000000003b00000000c2e5dbde
CAPTURE 2 19860428784 52540012340152540012340208004500004400000000401112990a002a020a002a0f1092109200307d1454324e3101020001545254320000003b00000000000c0000343b760701000000000001950000003b
CAPTURE 2 19899213408 525400123402525400123401080045000038db9040004011f7130a002a0f0a002a021092109200248b8554324e310104000054525432000000000000003b00000000c2e5dbde
CAPTURE 2 19951389712 525400123402525400123401080045000044db9740004011f7000a002a0f0a002a021092109200300c0554324e3101010001545254320000003c00000000000c0000e0323bcf01000000000000e40000003c
CAPTURE 2 19969198256 52540012340152540012340208004500003800000000401112a50a002a020a002a0f109210920024cdac54324e310104000054525432000000000000003c00000000a684b617
CAPTURE 2 19977056624 52540012340152540012340208004500004400000000401112990a002a020a002a0f109210920030d9e054324e3101020001545254320000003c00000000000c00005388fa4a01000000000001360000003c
CAPTURE 2 20015382160 525400123402525400123401080045000038dba640004011f6fd0a002a0f0a002a02109210920024cdac54324e310104000054525432000000000000003c00000000a684b617
CAPTURE 2 20248005392 525400123401525400123402080045000040000000004011129d0a002a020a002a0f10921092002c259e54324e31010500005452543200000000000000000008000091023041000000000000438a
CAPTURE 2 20277958144 525400123402525400123401080045000044dba940004011f6ee0a002a0f0a002a0210921092003013da54324e3101010001545254320000003d00000000000c00002e51e51b01000000000001a20000003d
CAPTURE 2 20296594720 52540012340152540012340208004500003800000000401112a50a002a020a002a0f109210920024d5f354324e310104000054525432000000000000003d00000000b1ffa254
CAPTURE 2 20297271312 52540012340152540012340208004500004400000000401112990a002a020a002a0f109210920030f6a254324e3101020001545254320000003d00000000000c0000caf6660d01000000000001410000003d
CAPTURE 2 20329926944 525400123402525400123401080045000040dbab40004011f6f00a002a0f0a002a0210921092002c699754324e31010500005452543200000000000000000008000088b30b4c0000000000002cd5
CAPTURE 2 20354637168 525400123402525400123401080045000038dbb140004011f6f20a002a0f0a002a02109210920024d5f354324e310104000054525432000000000000003d00000000b1ffa254
CAPTURE 2 20407800128 525400123402525400123401080045000044dbb540004011f6e20a002a0f0a002a0210921092003074cd54324e3101010001545254320000003e00000000000c00005f9b53ba01000000000000c40000003e
CAPTURE 2 20425898096 52540012340152540012340208004500003800000000401112a50a002a020a002a0f109210920024034354324e310104000054525432000000000000003e0000000088729e91
CAPTURE 2 20427688304 52540012340152540012340208004500004400000000401112990a002a020a002a0f109210920030edbc54324e3101020001545254320000003e00000000000c0000f73942f401000000000000fb0000003e
CAPTURE 2 20466609280 525400123402525400123401080045000038dbc340004011f6e00a002a0f0a002a02109210920024034354324e310104000054525432000000000000003e0000000088729e91
CAPTURE 2 20518777488 525400123402525400123401080045000044dbc740004011f6d00a002a0f0a002a02109210920030d98054324e3101010001545254320000003f00000000000c00008cdac07101000000000002180000003f
CAPTURE 2 20800494832 52540012340152540012340208004500003800000000401112a50a002a020a002a0f109210920024006a54324e310104000054525432000000000000003f000000009f098ad2
CAPTURE 2 20802571520 52540012340152540012340208004500004400000000401112990a002a020a002a0f1092109200302b0054324e3101020001545254320000003f00000000000c0000b98e430d01000000000001480000003f
CAPTURE 2 20832066912 525400123402525400123401080045000040dbdc40004011f6bf0a002a0f0a002a0210921092002cd74254324e310105000054525432000000000000000000080000ba8569ce0000000000002ed5
CAPTURE 2 20845728672 525400123402525400123401080045000038dbdd40004011f6c60a002a0f0a002a02109210920024006a54324e310104000054525432000000000000003f000000009f098ad2
CAPTURE 2 20899999232 525400123402525400123401080045000044dbe040004011f6b70a002a0f0a002a02109210920030f7cf54324e3101010001545254320000004000000000000c00006dc9c1cb010000000000017e00000040
CAPTURE 2 20918818000 52540012340152540012340208004500003800000000401112a50a002a020a002a0f109210920024f35a54324e310104000054525432000000000000004000000000b01386d6
CAPTURE 2 20919422128 52540012340152540012340208004500004400000000401112990a002a020a002a0f10921092003015ee54324e3101020001545254320000004000000000000c000083898e2b010000000000013f00000040
CAPTURE 2 20959413392 525400123402525400123401080045000038dbeb40004011f6b80a002a0f0a002a02109210920024f35a54324e310104000054525432000000000000004000000000b01386d6
CAPTURE 2 21023399776 525400123402525400123401080045000044dbef40004011f6a80a002a0f0a002a02109210920030ed3754324e3101010001545254320000004100000000000c0000eb9e4f4201000000000000c800000041
CAPTURE 2 21041048512 52540012340152540012340208004500003800000000401112a50a002a020a002a0f109210920024f04554324e310104000054525432000000000000004100000000a7689295
CAPTURE 2 21041916592 52540012340152540012340208004500004400000000401112990a002a020a002a0f109210920030ee0a54324e3101020001545254320000004100000000000c000086ccb30d01000000000000fb00000041
CAPTURE 2 21082014800 525400123402525400123401080045000038dbf740004011f6ac0a002a0f0a002a02109210920024f04554324e310104000054525432000000000000004100000000a7689295
CAPTURE 2 21370451136 525400123401525400123402080045000040000000004011129d0a002a020a002a0f10921092002c958754324e310105000054525432000000000000000000080000b8dc941d00000000000047ea
CAPTURE 2 21372419792 525400123402525400123401080045000044dc3a40004011f65d0a002a0f0a002a021092109200302c8654324e3101010001545254320000004200000000000c0000834776f9010000000000021800000042
CAPTURE 2 21375422144 52540012340152540012340208004500003800000000401112a50a002a020a002a0f109210920024dd0c54324e3101040000545254320000000000000042000000009ee5ae50
CAPTURE 2 21391221824 52540012340152540012340208004500004400000000401112990a002a020a002a0f1092109200307bfc54324e3101020001545254320000004200000000000c0000b613f585010000000000014800000042
CAPTURE 2 21426023904 525400123402525400123401080045000040dc3b40004011f6600a002a0f0a002a0210921092002ca5ce54324e310105000054525432000000000000000000080000230130790000000000003123
CAPTURE 2 21450761040 525400123402525400123401080045000038dc3c40004011f6670a002a0f0a002a02109210920024dd0c54324e3101040000545254320000000000000042000000009ee5ae50
CAPTURE 2 21500676912 525400123402525400123401080045000044dc3f40004011f6580a002a0f0a002a02109210920030400f54324e3101010001545254320000004300000000000c0000c12d2622010000000000017e00000043
CAPTURE 2 21518605680 52540012340152540012340208004500003800000000401112a50a002a020a002a0f109210920024e68f54324e310104000054525432000000000000004300000000899eba13
CAPTURE 2 21520413296 52540012340152540012340208004500004400000000401112990a002a020a002a0f1092109200308e6d54324e3101020001545254320000004300000000000c00002f6d69c2010000000000013f00000043
CAPTURE 2 21558433136 525400123402525400123401080045000038dc4840004011f65b0a002a0f0a002a02109210920024e68f54324e310104000054525432000000000000004300000000899eba13
CAPTURE 2 21610683200 525400123402525400123401080045000044dc5140004011f6460a002a0f0a002a02109210920030011854324e3101010001545254320000004400000000000c0000c5c2613801000000000000c800000044
CAPTURE 2 21628654336 52540012340152540012340208004500003800000000401112a50a002a020a002a0f109210920024646654324e310104000054525432000000000000004400000000edffd7da
CAPTURE 2 21629495152 52540012340152540012340208004500004400000000401112990a002a020a002a0f109210920030e1d654324e3101020001545254320000004400000000000c0000a8909d7701000000000000fb00000044
CAPTURE 2 21679345952 525400123402525400123401080045000038dc6140004011f6420a002a0f0a002a02109210920024646654324e310104000054525432000000000000004400000000edffd7da
CAPTURE 2 21930489504 525400123402525400123401080045000044dc6440004011f6330a002a0f0a002a02109210920030335b54324e3101010001545254320000004500000000000c0000d3731ff2010000000000021800000045
CAPTURE 2 21948241648 52540012340152540012340208004500003800000000401112a50a002a020a002a0f1092109200246c2154324e310104000054525432000000000000004500000000fa84c399
CAPTURE 2 21949077408 52540012340152540012340208004500004400000000401112990a002a020a002a0f109210920030a4d954324e3101020001545254320000004500000000000c0000e6279c8e010000000000014800000045
CAPTURE 2 21980219440 525400123402525400123401080045000040dc7040004011f62b0a002a0f0a002a0210921092002cad9354324e310105000054525432000000000000000000080000363513510000000000003352
CAPTURE 2 21991315776 525400123402525400123401080045000038dc7340004011f6300a002a0f0a002a021092109200246c2154324e310104000054525432000000000000004500000000fa84c399
CAPTURE 2 22055529248 525400123402525400123401080045000044dc7940004011f61e0a002a0f0a002a021092109200302f8f54324e3101010001545254320000004600000000000c0000ef710858010000000000017e00000046
CAPTURE 2 22073241840 52540012340152540012340208004500003800000000401112a50a002a020a002a0f10921092002467d854324e310104000054525432000000000000004600000000c309ff5c
CAPTURE 2 22074147952 52540012340152540012340208004500004400000000401112990a002a020a002a0f109210920030dead54324e3101020001545254320000004600000000000c0000013147b8010000000000013f00000046
CAPTURE 2 22114400288 525400123402525400123401080045000038dc7c40004011f6270a002a0f0a002a0210921092002467d854324e310104000054525432000000000000004600000000c309ff5c
CAPTURE 2 22167545248 525400123402525400123401080045000044dc8640004011f6110a002a0f0a002a02109210920030381554324e3101010001545254320000004700000000000c0000692686d101000000000000c800000047
CAPTURE 2 22185451184 52540012340152540012340208004500003800000000401112a50a002a020a002a0f1092109200246aab54324e310104000054525432000000000000004700000000d472eb1f
CAPTURE 2 22186358736 52540012340152540012340208004500004400000000401112990a002a020a002a0f109210920030a8c654324e3101020001545254320000004700000000000c000004747a9e01000000000000fb00000047
CAPTURE 2 22227203072 525400123402525400123401080045000038dc8940004011f61a0a002a0f0a002a021092109200246aab54324e310104000054525432000000000000004700000000d472eb1f
CAPTURE 2 22494343504 525400123402525400123401080045000044dcbb40004011f5dc0a002a0f0a002a021092109200301cae54324e3101010001545254320000004800000000000c0000dfff2a0d010000000000021800000048
CAPTURE 2 22512457504 52540012340152540012340208004500003800000000401112a50a002a020a002a0f109210920024f9a354324e3101040000545254320000000000000048000000000bcb24ce
CAPTURE 2 22513383728 52540012340152540012340208004500004400000000401112990a002a020a002a0f109210920030936c54324e3101020001545254320000004800000000000c0000eaaba971010000000000014800000048
CAPTURE 2 22543060272 525400123402525400123401080045000040dcbf40004011f5dc0a002a0f0a002a0210921092002c886d54324e31010500005452543200000000000000000008000078d8f3a00000000000003585
CAPTURE 2 22554180688 525400123402525400123401080045000038dcc140004011f5e20a002a0f0a002a02109210920024f9a354324e3101040000545254320000000000000048000000000bcb24ce
CAPTURE 2 22605516720 525400123402525400123401080045000044dcc840004011f5cf0a002a0f0a002a021092109200300ee754324e3101010001545254320000004900000000000c00009d957ad6010000000000017e00000049
CAPTURE 2 22623634816 52540012340152540012340208004500003800000000401112a50a002a020a002a0f109210920024dcfe54324e3101040000545254320000000000000049000000001cb0308d
CAPTURE 2 22624234304 52540012340152540012340208004500004400000000401112990a002a020a002a0f1092109200307e8554324e3101020001545254320000004900000000000c000073d53536010000000000013f00000049
CAPTURE 2 22663179296 525400123402525400123401080045000038dcce40004011f5d50a002a0f0a002a02109210920024dcfe54324e3101040000545254320000000000000049000000001cb0308d
CAPTURE 2 22715884368 525400123402525400123401080045000044dcd440004011f5c30a002a0f0a002a021092109200300f2e54324e3101010001545254320000004a00000000000c000065aab32e01000000000000c80000004a
CAPTURE 2 22733544048 52540012340152540012340208004500003800000000401112a50a002a020a002a0f109210920024f8b554324e310104000054525432000000000000004a00000000253d0c48
CAPTURE 2 22734432272 52540012340152540012340208004500004400000000401112990a002a020a002a0f109210920030cf7954324e3101020001545254320000004a00000000000c000008f84f6101000000000000fb0000004a
CAPTURE 2 22784668544 525400123402525400123401080045000038dce440004011f5bf0a002a0f0a002a02109210920024f8b554324e310104000054525432000000000000004a00000000253d0c48
CAPTURE 2 23061458848 525400123401525400123402080045000040000000004011129d0a002a020a002a0f10921092002cb5c754324e310105000054525432000000000000000000080000c314630b0000000000004e84
CAPTURE 2 23063205152 525400123402525400123401080045000044dd2840004011f56f0a002a0f0a002a02109210920030e5b454324e3101010001545254320000004b00000000000c0000731bcde401000000000002180000004b
CAPTURE 2 23080952800 52540012340152540012340208004500003800000000401112a50a002a020a002a0f109210920024dfe854324e310104000054525432000000000000004b000000003246180b
CAPTURE 2 23081768048 52540012340152540012340208004500004400000000401112990a002a020a002a0f109210920030929c54324e3101020001545254320000004b00000000000c0000464f4e9801000000000001480000004b
CAPTURE 2 23116687888 525400123402525400123401080045000040dd2e40004011f56d0a002a0f0a002a0210921092002c7ec154324e310105000054525432000000000000000000080000fbe5780600000000000037be
CAPTURE 2 23143220208 525400123402525400123401080045000038dd3040004011f5730a002a0f0a002a02109210920024dfe854324e310104000054525432000000000000004b000000003246180b
CAPTURE 2 23193997664 525400123402525400123401080045000044dd3740004011f5600a002a0f0a002a021092109200301ed754324e3101010001545254320000004c00000000000c0000b3c954ac010000000000017e0000004c
CAPTURE 2 23212264448 52540012340152540012340208004500003800000000401112a50a002a020a002a0f1092109200245e4f54324e310104000054525432000000000000004c00000000562775c2
CAPTURE 2 23212934064 52540012340152540012340208004500004400000000401112990a002a020a002a0f109210920030aeb554324e3101020001545254320000004c00000000000c00005d891b4c010000000000013f0000004c
CAPTURE 2 23251293616 525400123402525400123401080045000038dd3c40004011f5670a002a0f0a002a021092109200245e4f54324e310104000054525432000000000000004c00000000562775c2
CAPTURE 2 23304014800 525400123402525400123401080045000044dd4640004011f5510a002a0f0a002a02109210920030183d54324e3101010001545254320000004d00000000000c0000359eda2501000000000000c80000004d
CAPTURE 2 23321778080 52540012340152540012340208004500003800000000401112a50a002a020a002a0f109210920024875a54324e310104000054525432000000000000004d00000000415c6181
CAPTURE 2 23323571200 52540012340152540012340208004500004400000000401112990a002a020a002a0f109210920030a89654324e3101020001545254320000004d00000000000c000058cc266a01000000000000fb0000004d
CAPTURE 2 23361977616 525400123402525400123401080045000038dd4a40004011f5590a002a0f0a002a02109210920024875a54324e310104000054525432000000000000004d00000000415c6181
CAPTURE 2 23623632544 525400123402525400123401080045000044dd5040004011f5470a002a0f0a002a02109210920030e5c854324e3101010001545254320000004e00000000000c00005d47e39e01000000000002180000004e
CAPTURE 2 23641107440 52540012340152540012340208004500003800000000401112a50a002a020a002a0f109210920024542154324e310104000054525432000000000000004e0000000078d15d44
CAPTURE 2 23643068608 52540012340152540012340208004500004400000000401112990a002a020a002a0f1092109200305e8854324e3101020001545254320000004e00000000000c0000681360e201000000000001480000004e
CAPTURE 2 23671675824 525400123402525400123401080045000040dd5340004011f5480a002a0f0a002a0210921092002c03b454324e310105000054525432000000000000000000080000970455c600000000000039ed
CAPTURE 2 23682747392 525400123402525400123401080045000038dd5440004011f54f0a002a0f0a002a02109210920024542154324e310104000054525432000000000000004e0000000078d15d44
CAPTURE 2 23734057360 525400123402525400123401080045000044dd6040004011f5370a002a0f0a002a0210921092003054d454324e3101010001545254320000004f00000000000c00001f2db345010000000000017e0000004f
CAPTURE 2 23752440800 52540012340152540012340208004500003800000000401112a50a002a020a002a0f109210920024718454324e310104000054525432000000000000004f000000006faa4907
CAPTURE 2 23754175648 52540012340152540012340208004500004400000000401112990a002a020a002a0f109210920030397154324e3101020001545254320000004f00000000000c0000f16dfca5010000000000013f0000004f
CAPTURE 2 23766107648 33330000000252540012340186dd6000000000103afffe80000000000000505400fffe123401ff0200000000000000000000000000028500725f000000000101525400123401
CAPTURE 2 23801088384 525400123402525400123401080045000038dd6b40004011f5380a002a0f0a002a02109210920024718454324e310104000054525432000000000000004f000000006faa4907
CAPTURE 2 23853918048 525400123402525400123401080045000044dd7740004011f5200a002a0f0a002a02109210920030d27754324e3101010001545254320000005000000000000c00007cb2d8d001000000000000c800000050
CAPTURE 2 23872226576 52540012340152540012340208004500003800000000401112a50a002a020a002a0f10921092002448ba54324e3101040000545254320000000000000050000000001cd3c4a7
CAPTURE 2 23872898080 52540012340152540012340208004500004400000000401112990a002a020a002a0f109210920030f14754324e3101020001545254320000005000000000000c000011e0249f01000000000000fb00000050
CAPTURE 2 23911172928 525400123402525400123401080045000038dd8340004011f5200a002a0f0a002a0210921092002448ba54324e3101040000545254320000000000000050000000001cd3c4a7
CAPTURE 2 24174233456 525400123402525400123401080045000044dd9b40004011f4fc0a002a0f0a002a02109210920030168b54324e3101010001545254320000005100000000000c00006a03a61a010000000000021800000051
CAPTURE 2 24192238128 52540012340152540012340208004500003800000000401112a50a002a020a002a0f1092109200244da754324e3101040000545254320000000000000051000000000ba8d0e4
CAPTURE 2 24193030416 52540012340152540012340208004500004400000000401112990a002a020a002a0f109210920030a2ba54324e3101020001545254320000005100000000000c00005f572566010000000000014800000051
CAPTURE 2 24232253840 525400123402525400123401080045000040dd9f40004011f4fc0a002a0f0a002a0210921092002c01d954324e310105000054525432000000000000000000080000b9c032b30000000000003c1f
CAPTURE 2 24243344944 525400123402525400123401080045000038dda140004011f5020a002a0f0a002a021092109200244da754324e3101040000545254320000000000000051000000000ba8d0e4
CAPTURE 2 24296430608 525400123402525400123401080045000044dda740004011f4f00a002a0f0a002a021092109200301f8f54324e3101010001545254320000005200000000000c00005601b1b0010000000000017e00000052
CAPTURE 2 24314225056 52540012340152540012340208004500003800000000401112a50a002a020a002a0f1092109200240bec54324e3101040000545254320000000000000052000000003225ec21
CAPTURE 2 24315328800 52540012340152540012340208004500004400000000401112990a002a020a002a0f10921092003070ec54324e3101020001545254320000005200000000000c0000b841fe50010000000000013f00000052
CAPTURE 2 24354523072 525400123402525400123401080045000038ddb340004011f4f00a002a0f0a002a021092109200240bec54324e3101040000545254320000000000000052000000003225ec21
CAPTURE 2 24407405984 525400123402525400123401080045000044ddc040004011f4d70a002a0f0a002a02109210920030186554324e3101010001545254320000005300000000000c0000d0563f3901000000000000c800000053
CAPTURE 2 24425355712 52540012340152540012340208004500003800000000401112a50a002a020a002a0f1092109200240c7154324e310104000054525432000000000000005300000000255ef862
CAPTURE 2 24426244352 52540012340152540012340208004500004400000000401112990a002a020a002a0f109210920030a74554324e3101020001545254320000005300000000000c0000bd04c37601000000000000fb00000053
CAPTURE 2 24466480928 525400123402525400123401080045000038ddce40004011f4d50a002a0f0a002a021092109200240c7154324e310104000054525432000000000000005300000000255ef862
CAPTURE 2 24739901120 525400123402525400123401080045000044de1240004011f4850a002a0f0a002a0210921092003059e354324e3101010001545254320000005400000000000c0000445f8860010000000000021800000054
CAPTURE 2 24757977968 52540012340152540012340208004500003800000000401112a50a002a020a002a0f109210920024534654324e310104000054525432000000000000005400000000413f95ab
CAPTURE 2 24759859872 52540012340152540012340208004500004400000000401112990a002a020a002a0f109210920030ab4a54324e3101020001545254320000005400000000000c0000710b0b1c010000000000014800000054
CAPTURE 2 24788157024 525400123402525400123401080045000040de1d40004011f47e0a002a0f0a002a0210921092002c65df54324e31010500005452543200000000000000000008000090f7f54a0000000000003e4a
CAPTURE 2 24799227040 525400123402525400123401080045000038de1f40004011f4840a002a0f0a002a02109210920024534654324e310104000054525432000000000000005400000000413f95ab
CAPTURE 2 24849785136 525400123402525400123401080045000044de2740004011f4700a002a0f0a002a02109210920030484a54324e3101010001545254320000005500000000000c00000635d8bb010000000000017e00000055
CAPTURE 2 24865482352 52540012340152540012340208004500003800000000401112a50a002a020a002a0f109210920024520354324e310104000054525432000000000000005500000000564481e8
CAPTURE 2 24868307872 52540012340152540012340208004500004400000000401112990a002a020a002a0f109210920030a7a754324e3101020001545254320000005500000000000c0000e875975b010000000000013f00000055
CAPTURE 2 24911412864 525400123402525400123401080045000038de3440004011f46f0a002a0f0a002a02109210920024520354324e310104000054525432000000000000005500000000564481e8
CAPTURE 2 24965535568 525400123402525400123401080045000044de3d40004011f45a0a002a0f0a002a0210921092003018a154324e3101010001545254320000005600000000000c0000fe0a114301000000000000c800000056
CAPTURE 2 24983699888 52540012340152540012340208004500003800000000401112a50a002a020a002a0f109210920024fd3754324e3101040000545254320000000000000056000000006fc9bd2d
CAPTURE 2 24984290768 52540012340152540012340208004500004400000000401112990a002a020a002a0f109210920030a75554324e3101020001545254320000005600000000000c00009358ed0c01000000000000fb00000056
CAPTURE 2 25023148640 525400123402525400123401080045000038de4340004011f4600a002a0f0a002a02109210920024fd3754324e3101040000545254320000000000000056000000006fc9bd2d
CAPTURE 2 25286839184 525400123402525400123401080045000044de7c40004011f41b0a002a0f0a002a02109210920030ce5754324e3101010001545254320000005700000000000c0000e8bb6f89010000000000021800000057
CAPTURE 2 25309689024 52540012340152540012340208004500003800000000401112a50a002a020a002a0f109210920024080d54324e31010400005452543200000000000000570000000078b2a96e
CAPTURE 2 25311769120 52540012340152540012340208004500004400000000401112990a002a020a002a0f1092109200305c8654324e3101020001545254320000005700000000000c0000ddefecf5010000000000014800000057
CAPTURE 2 25340009776 525400123402525400123401080045000040de7d40004011f41e0a002a0f0a002a0210921092002c11a454324e310105000054525432000000000000000000080000904048160000000000004071
CAPTURE 2 25351106064 525400123402525400123401080045000038de7e40004011f4250a002a0f0a002a02109210920024080d54324e31010400005452543200000000000000570000000078b2a96e
CAPTURE 2 25402037936 525400123402525400123401080045000044de8240004011f4150a002a0f0a002a021092109200302f3754324e3101010001545254320000005800000000000c00000ab9ed44010000000000017e00000058
CAPTURE 2 25419767152 52540012340152540012340208004500003800000000401112a50a002a020a002a0f1092109200241c6254324e310104000054525432000000000000005800000000a70b66bf
CAPTURE 2 25420970560 52540012340152540012340208004500004400000000401112990a002a020a002a0f1092109200309fd454324e3101020001545254320000005800000000000c0000e4f9a2a4010000000000013f00000058
CAPTURE 2 25461357216 525400123402525400123401080045000038de8740004011f41c0a002a0f0a002a021092109200241c6254324e310104000054525432000000000000005800000000a70b66bf
CAPTURE 2 25514053792 525400123402525400123401080045000044de9240004011f4050a002a0f0a002a02109210920030372d54324e3101010001545254320000005900000000000c00008cee63cd01000000000000c800000059
CAPTURE 2 25533063472 52540012340152540012340208004500003800000000401112a50a002a020a002a0f10921092002406bf54324e310104000054525432000000000000005900000000b07072fc
CAPTURE 2 25533958512 52540012340152540012340208004500004400000000401112990a002a020a002a0f109210920030a67554324e3101020001545254320000005900000000000c0000e1bc9f8201000000000000fb00000059
CAPTURE 2 25584061840 525400123402525400123401080045000038de9540004011f40e0a002a0f0a002a0210921092002406bf54324e310104000054525432000000000000005900000000b07072fc
CAPTURE 2 25835793200 525400123402525400123401080045000044deaa40004011f3ed0a002a0f0a002a02109210920030e7e854324e3101010001545254320000005a00000000000c0000e4375a7601000000000002180000005a
CAPTURE 2 25853231888 52540012340152540012340208004500003800000000401112a50a002a020a002a0f10921092002451f454324e310104000054525432000000000000005a0000000089fd4e39
CAPTURE 2 25855259856 52540012340152540012340208004500004400000000401112990a002a020a002a0f1092109200307cf754324e3101020001545254320000005a00000000000c0000d163d90a01000000000001480000005a
CAPTURE 2 25883872576 525400123402525400123401080045000040deb540004011f3e60a002a0f0a002a0210921092002cb30d54324e3101050000545254320000000000000000000800009b7599560000000000004292
CAPTURE 2 25895022496 525400123402525400123401080045000038deb740004011f3ec0a002a0f0a002a0210921092002451f454324e310104000054525432000000000000005a0000000089fd4e39
CAPTURE 2 25945942000 525400123402525400123401080045000044deba40004011f3dd0a002a0f0a002a02109210920030762454324e3101010001545254320000005b00000000000c0000a65d0aad010000000000017e0000005b
CAPTURE 2 25964262208 52540012340152540012340208004500003800000000401112a50a002a020a002a0f109210920024312954324e310104000054525432000000000000005b000000009e865a7a
CAPTURE 2 25965097952 52540012340152540012340208004500004400000000401112990a002a020a002a0f1092109200309a0254324e3101020001545254320000005b00000000000c0000481d454d010000000000013f0000005b
CAPTURE 2 26003194320 525400123402525400123401080045000038debe40004011f3e50a002a0f0a002a02109210920024312954324e310104000054525432000000000000005b000000009e865a7a
CAPTURE 2 26055971440 525400123402525400123401080045000044deca40004011f3cd0a002a0f0a002a02109210920030377954324e3101010001545254320000005c00000000000c0000a2b24db701000000000000c80000005c
CAPTURE 2 26073858336 52540012340152540012340208004500003800000000401112a50a002a020a002a0f109210920024f78d54324e310104000054525432000000000000005c00000000fae737b3
CAPTURE 2 26074775616 52540012340152540012340208004500004400000000401112990a002a020a002a0f109210920030a5d554324e3101020001545254320000005c00000000000c0000cfe0b1f801000000000000fb0000005c
CAPTURE 2 26114974160 525400123402525400123401080045000038dece40004011f3d50a002a0f0a002a02109210920024f78d54324e310104000054525432000000000000005c00000000fae737b3
CAPTURE 2 26408119904 525400123402525400123401080045000044dee240004011f3b50a002a0f0a002a021092109200303f1054324e3101010001545254320000005d00000000000c0000b403337d01000000000002180000005d
CAPTURE 2 26425689888 52540012340152540012340208004500003800000000401112a50a002a020a002a0f109210920024189b54324e310104000054525432000000000000005d00000000ed9c23f0
CAPTURE 2 26427711504 52540012340152540012340208004500004400000000401112990a002a020a002a0f109210920030f60654324e3101020001545254320000005d00000000000c00008157b00101000000000001480000005d
CAPTURE 2 26456140896 525400123402525400123401080045000040deec40004011f3af0a002a0f0a002a0210921092002c129c54324e310105000054525432000000000000000000080000aff2230f00000000000044ce
CAPTURE 2 26467288816 525400123402525400123401080045000038deef40004011f3b40a002a0f0a002a02109210920024189b54324e310104000054525432000000000000005d00000000ed9c23f0
CAPTURE 2 26518603904 525400123402525400123401080045000044def940004011f39e0a002a0f0a002a021092109200307a5054324e3101010001545254320000005e00000000000c0000880124d7010000000000017e0000005e
CAPTURE 2 26536299328 52540012340152540012340208004500003800000000401112a50a002a020a002a0f10921092002436e054324e310104000054525432000000000000005e00000000d4111f35
CAPTURE 2 26537122128 52540012340152540012340208004500004400000000401112990a002a020a002a0f10921092003055ee54324e3101020001545254320000005e00000000000c000066416b37010000000000013f0000005e
CAPTURE 2 26581386976 525400123402525400123401080045000038df0840004011f39b0a002a0f0a002a0210921092002436e054324e310104000054525432000000000000005e00000000d4111f35
CAPTURE 2 26633830528 525400123402525400123401080045000044df1140004011f3860a002a0f0a002a021092109200306f2854324e3101010001545254320000005f00000000000c00000e56aa5e01000000000000c80000005f
CAPTURE 2 26651369888 52540012340152540012340208004500003800000000401112a50a002a020a002a0f1092109200245b4554324e310104000054525432000000000000005f00000000c36a0b76
CAPTURE 2 26653025776 52540012340152540012340208004500004400000000401112990a002a020a002a0f1092109200306e9354324e3101020001545254320000005f00000000000c00006304561101000000000000fb0000005f
CAPTURE 2 26703250720 525400123402525400123401080045000038df2140004011f3820a002a0f0a002a021092109200245b4554324e310104000054525432000000000000005f00000000c36a0b76
CAPTURE 2 26994882096 525400123402525400123401080045000044df4940004011f34e0a002a0f0a002a02109210920030507f54324e3101010001545254320000006000000000000c0000766f5f9c010000000000021800000060
CAPTURE 2 27013313680 52540012340152540012340208004500003800000000401112a50a002a020a002a0f109210920024f2cd54324e31010400005452543200000000000000600000000032e20475
CAPTURE 2 27015254976 52540012340152540012340208004500004400000000401112990a002a020a002a0f109210920030073e54324e3101020001545254320000006000000000000c0000433bdce0010000000000014800000060
CAPTURE 2 27044455856 525400123402525400123401080045000040df5340004011f3480a002a0f0a002a0210921092002c77ef54324e31010500005452543200000000000000000008000005616601000000000000471a
CAPTURE 2 27055622832 525400123402525400123401080045000038df5540004011f34e0a002a0f0a002a02109210920024f2cd54324e31010400005452543200000000000000600000000032e20475
CAPTURE 2 27107042416 525400123402525400123401080045000044df5640004011f3410a002a0f0a002a02109210920030e3d654324e3101010001545254320000006100000000000c000034050f47010000000000017e00000061
CAPTURE 2 27125775776 52540012340152540012340208004500003800000000401112a50a002a020a002a0f109210920024f45454324e31010400005452543200000000000000610000000025991036
CAPTURE 2 27127178048 52540012340152540012340208004500004400000000401112990a002a020a002a0f1092109200300c7454324e3101020001545254320000006100000000000c0000da4540a7010000000000013f00000061
CAPTURE 2 27159299312 525400123402525400123401080045000038df5740004011f34c0a002a0f0a002a02109210920024f45454324e31010400005452543200000000000000610000000025991036
CAPTURE 2 27212067232 525400123402525400123401080045000044df6340004011f3340a002a0f0a002a0210921092003094dc54324e3101010001545254320000006200000000000c0000cc3ac6bf01000000000000c800000062
CAPTURE 2 27229818720 52540012340152540012340208004500003800000000401112a50a002a020a002a0f109210920024e11b54324e3101040000545254320000000000000062000000001c142cf3
CAPTURE 2 27231647696 52540012340152540012340208004500004400000000401112990a002a020a002a0f1092109200304b4a54324e3101020001545254320000006200000000000c0000a1683af001000000000000fb00000062
CAPTURE 2 27270373376 525400123402525400123401080045000038df6e40004011f3350a002a0f0a002a02109210920024e11b54324e3101040000545254320000000000000062000000001c142cf3
CAPTURE 2 27559130480 525400123402525400123401080045000044df9b40004011f2fc0a002a0f0a002a02109210920030938354324e3101010001545254320000006300000000000c0000da8bb875010000000000021800000063
CAPTURE 2 27577544800 52540012340152540012340208004500003800000000401112a50a002a020a002a0f109210920024e60254324e3101040000545254320000000000000063000000000b6f38b0
CAPTURE 2 27578429312 52540012340152540012340208004500004400000000401112990a002a020a002a0f109210920030fc6a54324e3101020001545254320000006300000000000c0000efdf3b09010000000000014800000063
CAPTURE 2 27607262688 525400123402525400123401080045000040dfa340004011f2f80a002a0f0a002a0210921092002c927a54324e3101050000545254320000000000000000000800001731377c0000000000004944
CAPTURE 2 27618362784 525400123402525400123401080045000038dfa440004011f2ff0a002a0f0a002a02109210920024e60254324e3101040000545254320000000000000063000000000b6f38b0
CAPTURE 2 27670396064 525400123402525400123401080045000044dfae40004011f2e90a002a0f0a002a02109210920030eb8654324e3101010001545254320000006400000000000c00001a59213d010000000000017e00000064
CAPTURE 2 27688552640 52540012340152540012340208004500003800000000401112a50a002a020a002a0f109210920024659954324e3101040000545254320000000000000064000000006f0e5579
CAPTURE 2 27689351344 52540012340152540012340208004500004400000000401112990a002a020a002a0f109210920030c46354324e3101020001545254320000006400000000000c0000f4196edd010000000000013f00000064
CAPTURE 2 27740628560 525400123402525400123401080045000038dfb140004011f2f20a002a0f0a002a02109210920024659954324e3101040000545254320000000000000064000000006f0e5579
CAPTURE 2 27793995088 525400123402525400123401080045000044dfbe40004011f2d90a002a0f0a002a02109210920030dc0d54324e3101010001545254320000006500000000000c00009c0eafb401000000000000c800000065
CAPTURE 2 27812001056 52540012340152540012340208004500003800000000401112a50a002a020a002a0f109210920024707054324e3101040000545254320000000000000065000000007875413a
CAPTURE 2 27813029632 52540012340152540012340208004500004400000000401112990a002a020a002a0f109210920030e24454324e3101020001545254320000006500000000000c0000f15c53fb01000000000000fb00000065
CAPTURE 2 27853864384 525400123402525400123401080045000038dfca40004011f2d90a002a0f0a002a02109210920024707054324e3101040000545254320000000000000065000000007875413a
CAPTURE 2 28114652336 525400123402525400123401080045000044dff440004011f2a30a002a0f0a002a021092109200309b9754324e3101010001545254320000006600000000000c0000f4d7960f010000000000021800000066
CAPTURE 2 28134117168 52540012340152540012340208004500003800000000401112a50a002a020a002a0f1092109200246a2754324e31010400005452543200000000000000660000000041f87dff
CAPTURE 2 28135992496 52540012340152540012340208004500004400000000401112990a002a020a002a0f109210920030505754324e3101020001545254320000006600000000000c0000c1831573010000000000014800000066
CAPTURE 2 28164279056 525400123402525400123401080045000040dffe40004011f29d0a002a0f0a002a0210921092002cd2cb54324e310105000054525432000000000000000000080000936178c30000000000004b7b
CAPTURE 2 28175675296 525400123402525400123401080045000038e00140004011f2a20a002a0f0a002a021092109200246a2754324e31010400005452543200000000000000660000000041f87dff
CAPTURE 2 28227714480 525400123402525400123401080045000044e00e40004011f2890a002a0f0a002a02109210920030a98454324e3101010001545254320000006700000000000c0000b6bdc6d4010000000000017e00000067
CAPTURE 2 28246021152 52540012340152540012340208004500003800000000401112a50a002a020a002a0f10921092002469de54324e310104000054525432000000000000006700000000568369bc
CAPTURE 2 28247867472 52540012340152540012340208004500004400000000401112990a002a020a002a0f109210920030452354324e3101020001545254320000006700000000000c000058fd8934010000000000013f00000067
CAPTURE 2 28279293280 525400123402525400123401080045000038e01640004011f28d0a002a0f0a002a0210921092002469de54324e310104000054525432000000000000006700000000568369bc
CAPTURE 2 28333225280 525400123402525400123401080045000044e01940004011f27e0a002a0f0a002a02109210920030fcfc54324e3101010001545254320000006800000000000c000090829a4b01000000000000c800000068
CAPTURE 2 28351009184 52540012340152540012340208004500003800000000401112a50a002a020a002a0f109210920024fa7454324e310104000054525432000000000000006800000000893aa66d
CAPTURE 2 28353016432 52540012340152540012340208004500004400000000401112990a002a020a002a0f109210920030c3c154324e3101020001545254320000006800000000000c0000fdd0660401000000000000fb00000068
CAPTURE 2 28392456160 525400123402525400123401080045000038e01b40004011f2880a002a0f0a002a02109210920024fa7454324e310104000054525432000000000000006800000000893aa66d
CAPTURE 2 28682833552 525400123402525400123401080045000044e03440004011f2630a002a0f0a002a02109210920030bbc354324e3101010001545254320000006900000000000c00008633e481010000000000021800000069
CAPTURE 2 28701843680 52540012340152540012340208004500003800000000401112a50a002a020a002a0f109210920024d9ab54324e3101040000545254320000000000000069000000009e41b22e
CAPTURE 2 28703167216 52540012340152540012340208004500004400000000401112990a002a020a002a0f1092109200300be354324e3101020001545254320000006900000000000c0000b36767fd010000000000014800000069
CAPTURE 2 28732087584 525400123402525400123401080045000040e03e40004011f25d0a002a0f0a002a0210921092002c0fe554324e3101050000545254320000000000000000000800002783a5510000000000004db2
CAPTURE 2 28743146720 525400123402525400123401080045000038e03f40004011f2640a002a0f0a002a02109210920024d9ab54324e3101040000545254320000000000000069000000009e41b22e
CAPTURE 2 28793868448 525400123402525400123401080045000044e04140004011f2560a002a0f0a002a0210921092003079b354324e3101010001545254320000006a00000000000c0000ba31f32b010000000000017e0000006a
CAPTURE 2 28812260720 52540012340152540012340208004500003800000000401112a50a002a020a002a0f109210920024f36254324e310104000054525432000000000000006a00000000a7cc8eeb
CAPTURE 2 28812932608 52540012340152540012340208004500004400000000401112990a002a020a002a0f109210920030161254324e3101020001545254320000006a00000000000c00005471bccb010000000000013f0000006a
CAPTURE 2 28852367536 525400123402525400123401080045000038e04240004011f2610a002a0f0a002a02109210920024f36254324e310104000054525432000000000000006a00000000a7cc8eeb
CAPTURE 2 28906951440 525400123402525400123401080045000044e04740004011f2500a002a0f0a002a021092109200306dbc54324e3101010001545254320000006b00000000000c00003c667da201000000000000c80000006b
CAPTURE 2 28925852144 52540012340152540012340208004500003800000000401112a50a002a020a002a0f109210920024deb954324e310104000054525432000000000000006b00000000b0b79aa8
CAPTURE 2 28927248400 52540012340152540012340208004500004400000000401112990a002a020a002a0f109210920030546f54324e3101020001545254320000006b00000000000c0000513481ed01000000000000fb0000006b
CAPTURE 2 28967010864 525400123402525400123401080045000038e05440004011f24f0a002a0f0a002a02109210920024deb954324e310104000054525432000000000000006b00000000b0b79aa8
CAPTURE 2 29259730848 525400123402525400123401080045000044e06d40004011f22a0a002a0f0a002a02109210920030b30754324e3101010001545254320000006c00000000000c0000a86fcafb01000000000002180000006c
CAPTURE 2 29278153024 52540012340152540012340208004500003800000000401112a50a002a020a002a0f1092109200245de054324e310104000054525432000000000000006c00000000d4d6f761
CAPTURE 2 29280105568 52540012340152540012340208004500004400000000401112990a002a020a002a0f109210920030407f54324e3101020001545254320000006c00000000000c00009d3b498701000000000001480000006c
CAPTURE 2 29308529792 525400123402525400123401080045000040e07340004011f2280a002a0f0a002a0210921092002c0f3554324e310105000054525432000000000000000000080000146eb6d50000000000004ff3
CAPTURE 2 29320598976 525400123402525400123401080045000038e07440004011f22f0a002a0f0a002a021092109200245de054324e310104000054525432000000000000006c00000000d4d6f761
CAPTURE 2 29372524528 525400123402525400123401080045000044e07640004011f2210a002a0f0a002a02109210920030a2e454324e3101010001545254320000006d00000000000c0000ea059a20010000000000017e0000006d
CAPTURE 2 29375401584 52540012340152540012340208004500003800000000401112a50a002a020a002a0f109210920024834754324e310104000054525432000000000000006d00000000c3ade322
CAPTURE 2 29377024688 52540012340152540012340208004500004400000000401112990a002a020a002a0f1092109200304d4354324e3101020001545254320000006d00000000000c00000445d5c0010000000000013f0000006d
CAPTURE 2 29443329616 525400123402525400123401080045000038e07740004011f22c0a002a0f0a002a02109210920024834754324e310104000054525432000000000000006d00000000c3ade322
CAPTURE 2 29497316352 525400123402525400123401080045000044e07940004011f21e0a002a0f0a002a02109210920030c1ac54324e3101010001545254320000006e00000000000c0000123a53d801000000000000c80000006e
CAPTURE 2 29516011312 52540012340152540012340208004500003800000000401112a50a002a020a002a0f109210920024500e54324e310104000054525432000000000000006e00000000fa20dfe7
CAPTURE 2 29516594352 52540012340152540012340208004500004400000000401112990a002a020a002a0f109210920030f88a54324e3101020001545254320000006e00000000000c00007f68af9701000000000000fb0000006e
CAPTURE 2 29556715664 525400123402525400123401080045000038e08540004011f21e0a002a0f0a002a02109210920024500e54324e310104000054525432000000000000006e00000000fa20dfe7
CAPTURE 2 29822439344 525400123402525400123401080045000044e09b40004011f1fc0a002a0f0a002a02109210920030f4cf54324e3101010001545254320000006f00000000000c0000048b2d1201000000000002180000006f
CAPTURE 2 29835456928 52540012340152540012340208004500003800000000401112a50a002a020a002a0f109210920024711554324e310104000054525432000000000000006f00000000ed5bcba4
CAPTURE 2 29841097600 52540012340152540012340208004500004400000000401112990a002a020a002a0f10921092003046ee54324e3101020001545254320000006f00000000000c000031dfae6e01000000000001480000006f
CAPTURE 2 29871110480 525400123402525400123401080045000040e0a540004011f1f60a002a0f0a002a0210921092002ca66b54324e31010500005452543200000000000000000008000084b2ad280000000000005225
CAPTURE 2 29882202624 525400123402525400123401080045000038e0a640004011f1fd0a002a0f0a002a02109210920024711554324e310104000054525432000000000000006f00000000ed5bcba4
CAPTURE 2 29933402592 525400123402525400123401080045000044e0b140004011f1e60a002a0f0a002a02109210920030eb0554324e3101010001545254320000007000000000000c0000a32998d5010000000000017e00000070
CAPTURE 2 29951067520 52540012340152540012340208004500003800000000401112a50a002a020a002a0f10921092002445ee54324e3101040000545254320000000000000070000000009e224604
CAPTURE 2 29953036880 52540012340152540012340208004500004400000000401112990a002a020a002a0f10921092003002a454324e3101020001545254320000007000000000000c00004d69d735010000000000013f00000070
CAPTURE 2 29993078736 525400123402525400123401080045000038e0be40004011f1e50a002a0f0a002a0210921092002445ee54324e3101040000545254320000000000000070000000009e224604
CAPTURE 2 30046360176 525400123402525400123401080045000044e0c040004011f1d70a002a0f0a002a02109210920030ebde54324e3101010001545254320000007100000000000c0000257e165c01000000000000c800000071
CAPTURE 2 30064343072 52540012340152540012340208004500003800000000401112a50a002a020a002a0f1092109200244e7354324e31010400005452543200000000000000710000000089595247
CAPTURE 2 30065233776 52540012340152540012340208004500004400000000401112990a002a020a002a0f109210920030f54454324e3101020001545254320000007100000000000c0000482cea1301000000000000fb00000071
CAPTURE 2 30106561264 525400123402525400123401080045000038e0c440004011f1df0a002a0f0a002a021092109200244e7354324e31010400005452543200000000000000710000000089595247
CAPTURE 2 30379948432 525400123402525400123401080045000044e0e940004011f1ae0a002a0f0a002a02109210920030a8d854324e3101010001545254320000007200000000000c00004da72fe7010000000000021800000072
CAPTURE 2 30398540656 52540012340152540012340208004500003800000000401112a50a002a020a002a0f1092109200240abc54324e310104000054525432000000000000007200000000b0d46e82
CAPTURE 2 30400523472 52540012340152540012340208004500004400000000401112990a002a020a002a0f10921092003001a754324e3101020001545254320000007200000000000c000078f3ac9b010000000000014800000072
CAPTURE 2 30428660768 525400123402525400123401080045000040e0eb40004011f1b00a002a0f0a002a0210921092002c8be254324e3101050000545254320000000000000000000800006b8edea70000000000005453
CAPTURE 2 30441165648 525400123402525400123401080045000038e0ed40004011f1b60a002a0f0a002a021092109200240abc54324e310104000054525432000000000000007200000000b0d46e82
CAPTURE 2 30492437520 525400123402525400123401080045000044e0f740004011f1a00a002a0f0a002a0210921092003097f554324e3101010001545254320000007300000000000c00000fcd7f3c010000000000017e00000073
CAPTURE 2 30505484704 52540012340152540012340208004500003800000000401112a50a002a020a002a0f10921092002407a154324e310104000054525432000000000000007300000000a7af7ac1
CAPTURE 2 30511612704 52540012340152540012340208004500004400000000401112990a002a020a002a0f10921092003014d354324e3101020001545254320000007300000000000c0000e18d30dc010000000000013f00000073
CAPTURE 2 30563280080 525400123402525400123401080045000038e10540004011f19e0a002a0f0a002a0210921092002407a154324e310104000054525432000000000000007300000000a7af7ac1
CAPTURE 2 30617624144 525400123402525400123401080045000044e10840004011f18f0a002a0f0a002a02109210920030e46a54324e3101010001545254320000007400000000000c00000b22382601000000000000c800000074
CAPTURE 2 30635333392 52540012340152540012340208004500003800000000401112a50a002a020a002a0f1092109200244f3a54324e310104000054525432000000000000007400000000c3ce1708
CAPTURE 2 30636992000 52540012340152540012340208004500004400000000401112990a002a020a002a0f109210920030fca454324e3101020001545254320000007400000000000c00006670c46901000000000000fb00000074
CAPTURE 2 30681350912 525400123402525400123401080045000038e10e40004011f1950a002a0f0a002a021092109200244f3a54324e310104000054525432000000000000007400000000c3ce1708
CAPTURE 2 30921738208 525400123401525400123402080045000040000000004011129d0a002a020a002a0f10921092002c11fb54324e310105000054525432000000000000000000080000bf6aebcd0000000000006d38
CAPTURE 2 30938856368 525400123402525400123401080045000044e11240004011f1850a002a0f0a002a02109210920030c1e154324e3101010001545254320000007500000000000c00001d9346ec010000000000021800000075
CAPTURE 2 30945441248 52540012340152540012340208004500003800000000401112a50a002a020a002a0f109210920024520f54324e310104000054525432000000000000007500000000d4b5034b
CAPTURE 2 30947479648 52540012340152540012340208004500004400000000401112990a002a020a002a0f10921092003038d854324e3101020001545254320000007500000000000c000028c7c590010000000000014800000075
CAPTURE 2 30996387712 525400123402525400123401080045000040e11740004011f1840a002a0f0a002a0210921092002cd21954324e3101050000545254320000000000000000000800003608cbc40000000000005685
CAPTURE 2 31021947360 525400123402525400123401080045000038e11c40004011f1870a002a0f0a002a02109210920024520f54324e310104000054525432000000000000007500000000d4b5034b
CAPTURE 2 31073520256 525400123402525400123401080045000044e11d40004011f17a0a002a0f0a002a02109210920030b42154324e3101010001545254320000007600000000000c000021915146010000000000017e00000076
CAPTURE 2 31091565216 52540012340152540012340208004500003800000000401112a50a002a020a002a0f109210920024fd4754324e310104000054525432000000000000007600000000ed383f8e
CAPTURE 2 31093001728 52540012340152540012340208004500004400000000401112990a002a020a002a0f10921092003038bf54324e3101020001545254320000007600000000000c0000cfd11ea6010000000000013f00000076
CAPTURE 2 31133828160 525400123402525400123401080045000038e12340004011f1800a002a0f0a002a02109210920024fd4754324e310104000054525432000000000000007600000000ed383f8e
CAPTURE 2 31187690784 525400123402525400123401080045000044e12440004011f1730a002a0f0a002a02109210920030a01654324e3101010001545254320000007700000000000c0000a7c6dfcf01000000000000c800000077
CAPTURE 2 31205542736 52540012340152540012340208004500003800000000401112a50a002a020a002a0f10921092002403fd54324e310104000054525432000000000000007700000000fa432bcd
CAPTURE 2 31206362688 52540012340152540012340208004500004400000000401112990a002a020a002a0f109210920030396454324e3101020001545254320000007700000000000c0000ca94238001000000000000fb00000077
CAPTURE 2 31239282576 525400123402525400123401080045000038e13140004011f1720a002a0f0a002a0210921092002403fd54324e310104000054525432000000000000007700000000fa432bcd
CAPTURE 2 31477104368 525400123401525400123402080045000040000000004011129d0a002a020a002a0f10921092002c445e54324e310105000054525432000000000000000000080000298d4d220000000000006f5e
CAPTURE 2 31522590768 525400123402525400123401080045000044e15b40004011f13c0a002a0f0a002a02109210920030a22854324e3101010001545254320000007800000000000c0000111f7313010000000000021800000078
CAPTURE 2 31540542608 52540012340152540012340208004500003800000000401112a50a002a020a002a0f1092109200241ff654324e31010400005452543200000000000000780000000025fae41c
CAPTURE 2 31541332512 52540012340152540012340208004500004400000000401112990a002a020a002a0f109210920030126f54324e3101020001545254320000007800000000000c0000244bf06f010000000000014800000078
CAPTURE 2 31576661536 525400123402525400123401080045000040e16140004011f13a0a002a0f0a002a0210921092002c0dcf54324e310105000054525432000000000000000000080000d7e1ebf100000000000058c9
CAPTURE 2 31606111584 525400123402525400123401080045000038e16740004011f13c0a002a0f0a002a021092109200241ff654324e31010400005452543200000000000000780000000025fae41c
CAPTURE 2 31670725808 525400123402525400123401080045000044e16c40004011f12b0a002a0f0a002a02109210920030afb554324e3101010001545254320000007900000000000c0000537523c8010000000000017e00000079
CAPTURE 2 31685560752 52540012340152540012340208004500003800000000401112a50a002a020a002a0f109210920024072b54324e3101040000545254320000000000000079000000003281f05f
CAPTURE 2 31690050960 52540012340152540012340208004500004400000000401112990a002a020a002a0f109210920030fdd254324e3101020001545254320000007900000000000c0000bd356c28010000000000013f00000079
CAPTURE 2 31735514496 525400123402525400123401080045000038e17940004011f12a0a002a0f0a002a02109210920024072b54324e3101040000545254320000000000000079000000003281f05f
CAPTURE 2 32024263792 525400123402525400123401080045000044e1b040004011f0e70a002a0f0a002a02109210920030922b54324e3101010001545254320000007a00000000000c0000ab4aea3001000000000000c80000007a
CAPTURE 2 32043595072 52540012340152540012340208004500003800000000401112a50a002a020a002a0f109210920024526454324e310104000054525432000000000000007a000000000b0ccc9a
CAPTURE 2 32044185904 52540012340152540012340208004500004400000000401112990a002a020a002a0f1092109200304adb54324e3101020001545254320000007a00000000000c0000c618167f01000000000000fb0000007a
CAPTURE 2 32074641264 525400123402525400123401080045000040e1b340004011f0e80a002a0f0a002a0210921092002c01c954324e3101050000545254320000000000000000000800009c0b31d70000000000005ac0
CAPTURE 2 32085794304 525400123402525400123401080045000038e1b540004011f0ee0a002a0f0a002a02109210920024526454324e310104000054525432000000000000007a000000000b0ccc9a
CAPTURE 2 32140146864 525400123402525400123401080045000044e1b640004011f0e10a002a0f0a002a02109210920030d35e54324e3101010001545254320000007b00000000000c0000bdfb94fa01000000000002180000007b
CAPTURE 2 32158969984 52540012340152540012340208004500003800000000401112a50a002a020a002a0f10921092002434b954324e310104000054525432000000000000007b000000001c77d8d9
CAPTURE 2 32159584544 52540012340152540012340208004500004400000000401112990a002a020a002a0f10921092003086ee54324e3101020001545254320000007b00000000000c000088af178601000000000001480000007b
CAPTURE 2 32201610848 525400123402525400123401080045000038e1be40004011f0e50a002a0f0a002a0210921092002434b954324e310104000054525432000000000000007b000000001c77d8d9
CAPTURE 2 32253763280 525400123402525400123401080045000044e1c940004011f0ce0a002a0f0a002a021092109200309c1154324e3101010001545254320000007c00000000000c00007d290db2010000000000017e0000007c
CAPTURE 2 32271706000 52540012340152540012340208004500003800000000401112a50a002a020a002a0f109210920024fce154324e310104000054525432000000000000007c000000007816b510
CAPTURE 2 32272984912 52540012340152540012340208004500004400000000401112990a002a020a002a0f109210920030516f54324e3101020001545254320000007c00000000000c000093694252010000000000013f0000007c
CAPTURE 2 32314700752 525400123402525400123401080045000038e1cc40004011f0d70a002a0f0a002a02109210920024fce154324e310104000054525432000000000000007c000000007816b510
CAPTURE 2 32576416800 525400123402525400123401080045000044e1e540004011f0b20a002a0f0a002a02109210920030a8e654324e3101010001545254320000007d00000000000c0000fb7e833b01000000000000c80000007d
CAPTURE 2 32595301232 52540012340152540012340208004500003800000000401112a50a002a020a002a0f109210920024194754324e310104000054525432000000000000007d000000006f6da153
CAPTURE 2 32595900976 52540012340152540012340208004500004400000000401112990a002a020a002a0f10921092003011cc54324e3101020001545254320000007d00000000000c0000962c7f7401000000000000fb0000007d
CAPTURE 2 32625946464 525400123402525400123401080045000040e1f140004011f0aa0a002a0f0a002a0210921092002cc14254324e3101050000545254320000000000000000000800008638860f0000000000005ce1
CAPTURE 2 32637008656 525400123402525400123401080045000038e1f440004011f0af0a002a0f0a002a02109210920024194754324e310104000054525432000000000000007d000000006f6da153
CAPTURE 2 32690111568 525400123402525400123401080045000044e1fe40004011f0990a002a0f0a002a02109210920030d82654324e3101010001545254320000007e00000000000c000093a7ba8001000000000002180000007e
CAPTURE 2 32708212400 52540012340152540012340208004500003800000000401112a50a002a020a002a0f109210920024359054324e310104000054525432000000000000007e0000000056e09d96
CAPTURE 2 32709011072 52540012340152540012340208004500004400000000401112990a002a020a002a0f109210920030462e54324e3101020001545254320000007e00000000000c0000a6f339fc01000000000001480000007e
CAPTURE 2 32760355264 525400123402525400123401080045000038e20d40004011f0960a002a0f0a002a02109210920024359054324e310104000054525432000000000000007e0000000056e09d96
CAPTURE 2 32811677344 525400123402525400123401080045000044e21240004011f0850a002a0f0a002a021092109200306abd54324e3101010001545254320000007f00000000000c0000d1cdea5b010000000000017e0000007f
CAPTURE 2 32829605680 52540012340152540012340208004500003800000000401112a50a002a020a002a0f1092109200245e9554324e310104000054525432000000000000007f00000000419b89d5
CAPTURE 2 32830523936 52540012340152540012340208004500004400000000401112990a002a020a002a0f10921092003041dc54324e3101020001545254320000007f00000000000c00003f8da5bb010000000000013f0000007f
CAPTURE 2 32871093504 525400123402525400123401080045000038e21b40004011f0880a002a0f0a002a021092109200245e9554324e310104000054525432000000000000007f00000000419b89d5
CAPTURE 2 33131340528 525400123402525400123401080045000044e23040004011f0670a002a0f0a002a02109210920030ec0854324e3101010001545254320000008000000000000c0000b471872001000000000000c800000080
CAPTURE 2 33145553840 52540012340152540012340208004500003800000000401112a50a002a020a002a0f1092109200249b9254324e31010400005452543200000000000000800000000008d4859e
CAPTURE 2 33151778768 52540012340152540012340208004500004400000000401112990a002a020a002a0f109210920030d2d354324e3101020001545254320000008000000000000c0000d9237b6f01000000000000fb00000080
CAPTURE 2 33198878192 525400123402525400123401080045000040e23140004011f06a0a002a0f0a002a0210921092002ca13854324e310105000054525432000000000000000000080000461be3f30000000000005f24
CAPTURE 2 33209970992 525400123402525400123401080045000038e23240004011f0710a002a0f0a002a021092109200249b9254324e31010400005452543200000000000000800000000008d4859e
CAPTURE 2 33264067520 525400123402525400123401080045000044e23840004011f05f0a002a0f0a002a02109210920030899d54324e3101010001545254320000008100000000000c0000a2c0f9ea010000000000021800000081
CAPTURE 2 33282989600 52540012340152540012340208004500003800000000401112a50a002a020a002a0f109210920024787754324e3101040000545254320000000000000081000000001faf91dd
CAPTURE 2 33283610112 52540012340152540012340208004500004400000000401112990a002a020a002a0f10921092003014ed54324e3101020001545254320000008100000000000c000097947a96010000000000014800000081
CAPTURE 2 33325254832 525400123402525400123401080045000038e23f40004011f0640a002a0f0a002a02109210920024787754324e3101040000545254320000000000000081000000001faf91dd
CAPTURE 2 33376516400 525400123402525400123401080045000044e24c40004011f04b0a002a0f0a002a0210921092003099dd54324e3101010001545254320000008200000000000c00009ec2ee40010000000000017e00000082
CAPTURE 2 33381114912 52540012340152540012340208004500003800000000401112a50a002a020a002a0f10921092002456c854324e3101040000545254320000000000000082000000002622ad18
CAPTURE 2 33385342272 52540012340152540012340208004500004400000000401112990a002a020a002a0f10921092003014fc54324e3101020001545254320000008200000000000c00007082a1a0010000000000013f00000082
CAPTURE 2 33437041248 525400123402525400123401080045000038e25240004011f0510a002a0f0a002a0210921092002456c854324e3101040000545254320000000000000082000000002622ad18
CAPTURE 2 33685620624 525400123401525400123402080045000040000000004011129d0a002a020a002a0f10921092002c160054324e31010500005452543200000000000000000008000040085c59000000000000780a
CAPTURE 2 33700257824 525400123402525400123401080045000044e27140004011f0260a002a0f0a002a02109210920030ae3654324e3101010001545254320000008300000000000c0000189560c901000000000000c800000083
CAPTURE 2 33719598880 52540012340152540012340208004500003800000000401112a50a002a020a002a0f1092109200243f4d54324e3101040000545254320000000000000083000000003159b95b
CAPTURE 2 33721072400 52540012340152540012340208004500004400000000401112990a002a020a002a0f109210920030151354324e3101020001545254320000008300000000000c000075c79c8601000000000000fb00000083
CAPTURE 2 33755917472 525400123402525400123401080045000040e27940004011f0220a002a0f0a002a0210921092002c73fc54324e31010500005452543200000000000000000008000033b02172000000000000614d
CAPTURE 2 33781884912 525400123402525400123401080045000038e28040004011f0230a002a0f0a002a021092109200243f4d54324e3101040000545254320000000000000083000000003159b95b
CAPTURE 2 33835473552 525400123402525400123401080045000044e28840004011f00f0a002a0f0a002a02109210920030c21554324e3101010001545254320000008400000000000c00008c9cd790010000000000021800000084
CAPTURE 2 33853508848 52540012340152540012340208004500003800000000401112a50a002a020a002a0f109210920024003654324e3101040000545254320000000000000084000000005538d492
CAPTURE 2 33854383264 52540012340152540012340208004500004400000000401112990a002a020a002a0f109210920030185d54324e3101020001545254320000008400000000000c0000b9c854ec010000000000014800000084
CAPTURE 2 33895384560 525400123402525400123401080045000038e28b40004011f0180a002a0f0a002a02109210920024003654324e3101040000545254320000000000000084000000005538d492
CAPTURE 2 33946649440 525400123402525400123401080045000044e29040004011f0070a002a0f0a002a02109210920030d09854324e3101010001545254320000008500000000000c0000cef6874b010000000000017e00000085
CAPTURE 2 33965453648 52540012340152540012340208004500003800000000401112a50a002a020a002a0f10921092002426eb54324e3101040000545254320000000000000085000000004243c0d1
CAPTURE 2 33966611728 52540012340152540012340208004500004400000000401112990a002a020a002a0f1092109200303db754324e3101020001545254320000008500000000000c000020b6c8ab010000000000013f00000085
CAPTURE 2 34006058624 525400123402525400123401080045000038e29540004011f00e0a002a0f0a002a0210921092002426eb54324e3101040000545254320000000000000085000000004243c0d1
CAPTURE 2 34058343456 525400123402525400123401080045000044e29c40004011effb0a002a0f0a002a02109210920030a21254324e3101010001545254320000008600000000000c000036c94eb301000000000000c800000086
CAPTURE 2 34075545952 52540012340152540012340208004500003800000000401112a50a002a020a002a0f109210920024b21b54324e3101040000545254320000000000000086000000007bcefc14
CAPTURE 2 34077100064 52540012340152540012340208004500004400000000401112990a002a020a002a0f10921092003018c354324e3101020001545254320000008600000000000c00005b9bb2fc01000000000000fb00000086
CAPTURE 2 34118437792 525400123402525400123401080045000038e2a540004011effe0a002a0f0a002a02109210920024b21b54324e3101040000545254320000000000000086000000007bcefc14
CAPTURE 2 34172732688 525400123402525400123401080045000044e2b040004011efe70a002a0f0a002a02109210920030d54b54324e3101010001545254320000008700000000000c000020783079010000000000021800000087
CAPTURE 2 34177087712 52540012340152540012340208004500003800000000401112a50a002a020a002a0f109210920024d4f054324e3101040000545254320000000000000087000000006cb5e857
CAPTURE 2 34192039552 52540012340152540012340208004500004400000000401112990a002a020a002a0f1092109200305eda54324e3101020001545254320000008700000000000c0000152cb305010000000000014800000087
CAPTURE 2 49615766704 525400123401525400123402080045000040000000004011129d0a002a020a002a0f10921092002c260354324e3101050000545254320000000000000000000800008415ca0e000000000000b644
CAPTURE 2 49618028848 525400123402525400123401080045000044ea8d40004011e80a0a002a0f0a002a02109210920030e55a54324e3101010001545254320000000100000000000c000091d7b028010000000000017e00000089
CAPTURE 2 49679522192 52540012340152540012340208004500003800000000401112a50a002a020a002a0f1092109200241ef754324e31010400005452543200000000000000010000000079fa9192
CAPTURE 2 49681012112 52540012340152540012340208004500004400000000401112990a002a020a002a0f109210920030a83854324e3101020001545254320000000100000000000c00007f97ffc8010000000000013f00000089
CAPTURE 2 49695646736 525400123402525400123401080045000038ea8e40004011e8150a002a0f0a002a021092109200241ef754324e31010400005452543200000000000000010000000079fa9192
CAPTURE 2 49783150112 525400123402525400123401080045000044ea9a40004011e7fd0a002a0f0a002a02109210920030445654324e3101010001545254320000000200000000000c000069e879d001000000000000c80000008a
CAPTURE 2 49795366448 52540012340152540012340208004500003800000000401112a50a002a020a002a0f1092109200243cb454324e3101040000545254320000000000000002000000004077ad57
CAPTURE 2 49801469840 52540012340152540012340208004500004400000000401112990a002a020a002a0f1092109200309d8154324e3101020001545254320000000200000000000c000004ba859f01000000000000fb0000008a
CAPTURE 2 49841910976 525400123402525400123401080045000038eaa240004011e8010a002a0f0a002a021092109200243cb454324e3101040000545254320000000000000002000000004077ad57
CAPTURE 2 49894082256 525400123402525400123401080045000044eaac40004011e7eb0a002a0f0a002a02109210920030a04954324e3101010001545254320000000300000000000c00007f59071a01000000000002180000008b
CAPTURE 2 49911405360 52540012340152540012340208004500003800000000401112a50a002a020a002a0f1092109200241a6154324e310104000054525432000000000000000300000000570cb914
CAPTURE 2 49912959632 52540012340152540012340208004500004400000000401112990a002a020a002a0f109210920030591854324e3101020001545254320000000300000000000c00004a0d846601000000000001480000008b
CAPTURE 2 49952667120 525400123402525400123401080045000038eab140004011e7f20a002a0f0a002a021092109200241a6154324e310104000054525432000000000000000300000000570cb914
CAPTURE 2 50007496912 525400123402525400123401080045000044eab840004011e7df0a002a0f0a002a02109210920030c97654324e3101010001545254320000000400000000000c0000bf8b9e52010000000000017e0000008c
CAPTURE 2 50026153600 52540012340152540012340208004500003800000000401112a50a002a020a002a0f109210920024223654324e310104000054525432000000000000000400000000336dd4dd
CAPTURE 2 50026756528 52540012340152540012340208004500004400000000401112990a002a020a002a0f109210920030041554324e3101020001545254320000000400000000000c000051cbd1b2010000000000013f0000008c
CAPTURE 2 50059206608 525400123402525400123401080045000038eac340004011e7e00a002a0f0a002a02109210920024223654324e310104000054525432000000000000000400000000336dd4dd
CAPTURE 2 50111619968 525400123402525400123401080045000044eac540004011e7d20a002a0f0a002a02109210920030dd5154324e3101010001545254320000000500000000000c000039dc10db01000000000000c80000008d
CAPTURE 2 50130614224 52540012340152540012340208004500003800000000401112a50a002a020a002a0f10921092002445cb54324e3101040000545254320000000000000005000000002416c09e
CAPTURE 2 50132775216 52540012340152540012340208004500004400000000401112990a002a020a002a0f109210920030e6b154324e3101020001545254320000000500000000000c0000548eec9401000000000000fb0000008d
CAPTURE 2 50161709632 525400123402525400123401080045000038ead240004011e7d10a002a0f0a002a0210921092002445cb54324e3101040000545254320000000000000005000000002416c09e
CAPTURE 2 50215285600 525400123402525400123401080045000044eade40004011e7b90a002a0f0a002a02109210920030ac5154324e3101010001545254320000000600000000000c00005105296001000000000002180000008e
CAPTURE 2 50233071952 52540012340152540012340208004500003800000000401112a50a002a020a002a0f109210920024108854324e3101040000545254320000000000000006000000001d9bfc5b
CAPTURE 2 50234147648 52540012340152540012340208004500004400000000401112990a002a020a002a0f109210920030191854324e3101020001545254320000000600000000000c00006451aa1c01000000000001480000008e
CAPTURE 2 50285439328 525400123402525400123401080045000038eaea40004011e7b90a002a0f0a002a02109210920024108854324e3101040000545254320000000000000006000000001d9bfc5b
CAPTURE 2 50335803248 525400123402525400123401080045000044eaee40004011e7a90a002a0f0a002a021092109200309a2454324e3101010001545254320000000700000000000c0000136f79bb010000000000017e0000008f
CAPTURE 2 50353312304 52540012340152540012340208004500003800000000401112a50a002a020a002a0f109210920024378554324e3101040000545254320000000000000007000000000ae0e818
CAPTURE 2 50354195520 52540012340152540012340208004500004400000000401112990a002a020a002a0f109210920030f40154324e3101020001545254320000000700000000000c0000fd2f365b010000000000013f0000008f
CAPTURE 2 50399105776 525400123402525400123401080045000038eaf940004011e7aa0a002a0f0a002a02109210920024378554324e3101040000545254320000000000000007000000000ae0e818
CAPTURE 2 50453884864 525400123402525400123401080045000044eaff40004011e7980a002a0f0a002a02109210920030c9db54324e3101010001545254320000000800000000000c000028e7354001000000000000c800000090
CAPTURE 2 50465453632 52540012340152540012340208004500003800000000401112a50a002a020a002a0f1092109200242d5a54324e310104000054525432000000000000000800000000d55927c9
CAPTURE 2 50472713072 52540012340152540012340208004500004400000000401112990a002a020a002a0f109210920030190a54324e3101020001545254320000000800000000000c000045b5c90f01000000000000fb00000090
CAPTURE 2 50524074080 525400123402525400123401080045000038eb0040004011e7a30a002a0f0a002a021092109200242d5a54324e310104000054525432000000000000000800000000d55927c9
CAPTURE 2 50577714672 525400123402525400123401080045000044eb0b40004011e78c0a002a0f0a002a021092109200309cd054324e3101010001545254320000000900000000000c00003e564b8a010000000000021800000091
CAPTURE 2 50595414704 52540012340152540012340208004500003800000000401112a50a002a020a002a0f10921092002434cf54324e310104000054525432000000000000000900000000c222338a
CAPTURE 2 50597002240 52540012340152540012340208004500004400000000401112990a002a020a002a0f109210920030538754324e3101020001545254320000000900000000000c00000b02c8f6010000000000014800000091
CAPTURE 2 50640642192 525400123402525400123401080045000038eb1540004011e78e0a002a0f0a002a0210921092002434cf54324e310104000054525432000000000000000900000000c222338a
CAPTURE 2 50691992352 525400123402525400123401080045000044eb1d40004011e77a0a002a0f0a002a02109210920030c8d454324e3101010001545254320000000a00000000000c000002545c20010000000000017e00000092
CAPTURE 2 50705454288 52540012340152540012340208004500003800000000401112a50a002a020a002a0f1092109200241f7c54324e310104000054525432000000000000000a00000000fbaf0f4f
CAPTURE 2 50710805744 52540012340152540012340208004500004400000000401112990a002a020a002a0f10921092003027b254324e3101020001545254320000000a00000000000c0000ec1413c0010000000000013f00000092
CAPTURE 2 50752238720 525400123402525400123401080045000038eb2840004011e77b0a002a0f0a002a021092109200241f7c54324e310104000054525432000000000000000a00000000fbaf0f4f
CAPTURE 2 50805967520 525400123402525400123401080045000044eb3540004011e7620a002a0f0a002a02109210920030d14f54324e3101010001545254320000000b00000000000c00008403d2a901000000000000c800000093
CAPTURE 2 50823691088 52540012340152540012340208004500003800000000401112a50a002a020a002a0f109210920024229954324e310104000054525432000000000000000b00000000ecd41b0c
CAPTURE 2 50825822416 52540012340152540012340208004500004400000000401112990a002a020a002a0f1092109200300f9154324e3101020001545254320000000b00000000000c0000e9512ee601000000000000fb00000093
CAPTURE 2 50867458704 525400123402525400123401080045000038eb3640004011e76d0a002a0f0a002a02109210920024229954324e310104000054525432000000000000000b00000000ecd41b0c
CAPTURE 2 50921507984 525400123402525400123401080045000044eb4040004011e7570a002a0f0a002a02109210920030b0b054324e3101010001545254320000000c00000000000c0000100a65f0010000000000021800000094
CAPTURE 2 50940182496 52540012340152540012340208004500003800000000401112a50a002a020a002a0f1092109200242afe54324e310104000054525432000000000000000c0000000088b576c5
CAPTURE 2 50941232096 52540012340152540012340208004500004400000000401112990a002a020a002a0f1092109200301b8f54324e3101020001545254320000000c00000000000c0000255ee68c010000000000014800000094
CAPTURE 2 50981000080 525400123402525400123401080045000038eb4640004011e75d0a002a0f0a002a021092109200242afe54324e310104000054525432000000000000000c0000000088b576c5
CAPTURE 2 51031721664 525400123402525400123401080045000044eb5040004011e7470a002a0f0a002a021092109200309fb754324e3101010001545254320000000d00000000000c00005260352b010000000000017e00000095
CAPTURE 2 51049645744 52540012340152540012340208004500003800000000401112a50a002a020a002a0f109210920024282354324e310104000054525432000000000000000d000000009fce6286
CAPTURE 2 51050555360 52540012340152540012340208004500004400000000401112990a002a020a002a0f109210920030f09454324e3101020001545254320000000d00000000000c0000bc207acb010000000000013f00000095
CAPTURE 2 51091174336 525400123402525400123401080045000038eb5940004011e74a0a002a0f0a002a02109210920024282354324e310104000054525432000000000000000d000000009fce6286
CAPTURE 2 51144011264 525400123402525400123401080045000044eb6540004011e7320a002a0f0a002a0210921092003080c354324e3101010001545254320000000e00000000000c0000aa5ffcd301000000000000c800000096
CAPTURE 2 51161839360 52540012340152540012340208004500003800000000401112a50a002a020a002a0f10921092002425f054324e310104000054525432000000000000000e00000000a6435e43
CAPTURE 2 51162811072 52540012340152540012340208004500004400000000401112990a002a020a002a0f109210920030601954324e3101020001545254320000000e00000000000c0000c70d009c01000000000000fb00000096
CAPTURE 2 51203287808 525400123402525400123401080045000038eb6d40004011e7360a002a0f0a002a0210921092002425f054324e310104000054525432000000000000000e00000000a6435e43
CAPTURE 2 51463680400 525400123402525400123401080045000044eba540004011e6f20a002a0f0a002a02109210920030e79c54324e3101010001545254320000000f00000000000c0000bcee8219010000000000021800000097
CAPTURE 2 51481288112 52540012340152540012340208004500003800000000401112a50a002a020a002a0f1092109200242f3d54324e310104000054525432000000000000000f00000000b1384a00
CAPTURE 2 51483067808 52540012340152540012340208004500004400000000401112990a002a020a002a0f1092109200309c5454324e3101020001545254320000000f00000000000c000089ba0165010000000000014800000097
CAPTURE 2 51511417408 525400123402525400123401080045000040eba840004011e6f30a002a0f0a002a0210921092002cea3954324e31010500005452543200000000000000000008000017018283000000000000a6ad
CAPTURE 2 51522461008 525400123402525400123401080045000038ebaa40004011e6f90a002a0f0a002a021092109200242f3d54324e310104000054525432000000000000000f00000000b1384a00
CAPTURE 2 51573968608 525400123402525400123401080045000044ebb240004011e6e50a002a0f0a002a02109210920030f88754324e3101010001545254320000001000000000000c000006fb27ba010000000000017e00000098
CAPTURE 2 51592548848 52540012340152540012340208004500003800000000401112a50a002a020a002a0f109210920024a09254324e310104000054525432000000000000001000000000c241c7a0
CAPTURE 2 51593564352 52540012340152540012340208004500004400000000401112990a002a020a002a0f109210920030d66454324e3101020001545254320000001000000000000c0000e8bb685a010000000000013f00000098
CAPTURE 2 51632968288 525400123402525400123401080045000038ebb940004011e6ea0a002a0f0a002a02109210920024a09254324e310104000054525432000000000000001000000000c241c7a0
CAPTURE 2 51685972432 525400123402525400123401080045000044ebc640004011e6d10a002a0f0a002a02109210920030fe1054324e3101010001545254320000001100000000000c000080aca93301000000000000c800000099
CAPTURE 2 51704240272 52540012340152540012340208004500003800000000401112a50a002a020a002a0f109210920024815554324e310104000054525432000000000000001100000000d53ad3e3
CAPTURE 2 51704916896 52540012340152540012340208004500004400000000401112990a002a020a002a0f109210920030e44154324e3101020001545254320000001100000000000c0000edfe557c01000000000000fb00000099
CAPTURE 2 51743485888 525400123402525400123401080045000038ebcb40004011e6d80a002a0f0a002a02109210920024815554324e310104000054525432000000000000001100000000d53ad3e3
CAPTURE 2 52034694080 525400123401525400123402080045000040000000004011129d0a002a020a002a0f10921092002cb96554324e310105000054525432000000000000000000080000e1dccf70000000000000bfb8
CAPTURE 2 52036649168 525400123402525400123401080045000044ebf340004011e6a40a002a0f0a002a02109210920030ada054324e3101010001545254320000001200000000000c0000e875908801000000000002180000009a
CAPTURE 2 52037926800 52540012340152540012340208004500003800000000401112a50a002a020a002a0f1092109200244e9454324e310104000054525432000000000000001200000000ecb7ef26
CAPTURE 2 52041040992 52540012340152540012340208004500004400000000401112990a002a020a002a0f109210920030365854324e3101020001545254320000001200000000000c0000dd2113f401000000000001480000009a
CAPTURE 2 52094845408 525400123402525400123401080045000040ebfd40004011e69e0a002a0f0a002a0210921092002c62de54324e3101050000545254320000000000000000000800009c588244000000000000a8f0
CAPTURE 2 52120934480 525400123402525400123401080045000038ebfe40004011e6a50a002a0f0a002a021092109200244e9454324e310104000054525432000000000000001200000000ecb7ef26
CAPTURE 2 52171950832 525400123402525400123401080045000044ec0540004011e6920a002a0f0a002a02109210920030bcc354324e3101010001545254320000001300000000000c0000aa1fc053010000000000017e0000009b
CAPTURE 2 52185670656 52540012340152540012340208004500003800000000401112a50a002a020a002a0f109210920024333f54324e310104000054525432000000000000001300000000fbccfb65
CAPTURE 2 52190837280 52540012340152540012340208004500004400000000401112990a002a020a002a0f109210920030536254324e3101020001545254320000001300000000000c0000445f8fb3010000000000013f0000009b
CAPTURE 2 52231184480 525400123402525400123401080045000038ec0c40004011e6970a002a0f0a002a02109210920024333f54324e310104000054525432000000000000001300000000fbccfb65
CAPTURE 2 52284504640 525400123402525400123401080045000044ec1340004011e6840a002a0f0a002a02109210920030f1b054324e3101010001545254320000001400000000000c0000aef0874901000000000000c80000009c
CAPTURE 2 52286004752 52540012340152540012340208004500003800000000401112a50a002a020a002a0f109210920024f41654324e3101040000545254320000000000000014000000009fad96ac
CAPTURE 2 52288999104 52540012340152540012340208004500004400000000401112990a002a020a002a0f109210920030e90d54324e3101020001545254320000001400000000000c0000c3a27b0601000000000000fb0000009c
CAPTURE 2 52344913456 525400123402525400123401080045000038ec1d40004011e6860a002a0f0a002a02109210920024f41654324e3101040000545254320000000000000014000000009fad96ac
CAPTURE 2 52591592480 525400123401525400123402080045000040000000004011129d0a002a020a002a0f10921092002c147654324e310105000054525432000000000000000000080000f4b15f65000000000000c1de
CAPTURE 2 52609702832 525400123402525400123401080045000044ec2c40004011e66b0a002a0f0a002a0210921092003074d354324e3101010001545254320000001500000000000c0000b841f98301000000000002180000009d
CAPTURE 2 52627109760 52540012340152540012340208004500003800000000401112a50a002a020a002a0f1092109200241eaa54324e31010400005452543200000000000000150000000088d682ef
CAPTURE 2 52628986960 52540012340152540012340208004500004400000000401112990a002a020a002a0f1092109200301f5354324e3101020001545254320000001500000000000c00008d157aff01000000000001480000009d
CAPTURE 2 52661789408 525400123402525400123401080045000040ec3940004011e6620a002a0f0a002a0210921092002c389154324e310105000054525432000000000000000000080000afc296f0000000000000ab27
CAPTURE 2 52687034544 525400123402525400123401080045000038ec3e40004011e6650a002a0f0a002a021092109200241eaa54324e31010400005452543200000000000000150000000088d682ef
CAPTURE 2 52739135088 525400123402525400123401080045000044ec4440004011e6530a002a0f0a002a02109210920030b4c354324e3101010001545254320000001600000000000c00008443ee29010000000000017e0000009e
CAPTURE 2 52757180672 52540012340152540012340208004500003800000000401112a50a002a020a002a0f109210920024bae854324e310104000054525432000000000000001600000000b15bbe2a
CAPTURE 2 52758039776 52540012340152540012340208004500004400000000401112990a002a020a002a0f1092109200301ba254324e3101020001545254320000001600000000000c00006a03a1c9010000000000013f0000009e
CAPTURE 2 52801461296 525400123402525400123401080045000038ec4740004011e65c0a002a0f0a002a02109210920024bae854324e310104000054525432000000000000001600000000b15bbe2a
CAPTURE 2 52853987024 525400123402525400123401080045000044ec5240004011e6450a002a0f0a002a02109210920030c53054324e3101010001545254320000001700000000000c0000021460a001000000000000c80000009f
CAPTURE 2 52872350656 52540012340152540012340208004500003800000000401112a50a002a020a002a0f109210920024d9e354324e310104000054525432000000000000001700000000a620aa69
CAPTURE 2 52873054640 52540012340152540012340208004500004400000000401112990a002a020a002a0f1092109200301b7b54324e3101020001545254320000001700000000000c00006f469cef01000000000000fb0000009f
CAPTURE 2 52912313600 525400123402525400123401080045000038ec5340004011e6500a002a0f0a002a02109210920024d9e354324e310104000054525432000000000000001700000000a620aa69
CAPTURE 2 53150875264 525400123401525400123402080045000040000000004011129d0a002a020a002a0f10921092002cdd5354324e3101050000545254320000000000000000000800000f1579f4000000000000c40e
CAPTURE 2 53194081248 525400123402525400123401080045000044ec6940004011e62e0a002a0f0a002a0210921092003097ad54324e3101010001545254320000001800000000000c00009214fcd00100000000000218000000a0
CAPTURE 2 53212640656 52540012340152540012340208004500003800000000401112a50a002a020a002a0f1092109200244b1b54324e310104000054525432000000000000001800000000799965b8
CAPTURE 2 53213426496 52540012340152540012340208004500004400000000401112990a002a020a002a0f109210920030007554324e3101020001545254320000001800000000000c0000a7407fac0100000000000148000000a0
CAPTURE 2 53248498304 525400123402525400123401080045000040ec6b40004011e6300a002a0f0a002a0210921092002c3bb254324e3101050000545254320000000000000000000800007b90c5b7000000000000ad71
CAPTURE 2 53275395280 525400123402525400123401080045000038ec7040004011e6330a002a0f0a002a021092109200244b1b54324e310104000054525432000000000000001800000000799965b8
CAPTURE 2 53326668384 525400123402525400123401080045000044ec7640004011e6210a002a0f0a002a02109210920030aaa054324e3101010001545254320000001900000000000c0000d07eac0b010000000000017e000000a1
CAPTURE 2 53345527056 52540012340152540012340208004500003800000000401112a50a002a020a002a0f109210920024498e54324e3101040000545254320000000000000019000000006ee271fb
CAPTURE 2 53346394592 52540012340152540012340208004500004400000000401112990a002a020a002a0f109210920030053f54324e3101020001545254320000001900000000000c00003e3ee3eb010000000000013f000000a1
CAPTURE 2 53385806464 525400123402525400123401080045000038ec7840004011e62b0a002a0f0a002a02109210920024498e54324e3101040000545254320000000000000019000000006ee271fb
CAPTURE 2 53438545904 525400123402525400123401080045000044ec7b40004011e61c0a002a0f0a002a0210921092003099aa54324e3101010001545254320000001a00000000000c0000284165f301000000000000c8000000a2
CAPTURE 2 53705630224 52540012340152540012340208004500003800000000401112a50a002a020a002a0f10921092002485bd54324e310104000054525432000000000000001a00000000576f4d3e
CAPTURE 2 53707726416 52540012340152540012340208004500004400000000401112990a002a020a002a0f10921092003048db54324e3101020001545254320000001a00000000000c0000451399bc01000000000000fb000000a2
CAPTURE 2 53736384304 525400123402525400123401080045000040ec8b40004011e6100a002a0f0a002a0210921092002cfe2854324e310105000054525432000000000000000000080000e2779a6c000000000000af5e
CAPTURE 2 53747435088 525400123402525400123401080045000038ec8d40004011e6160a002a0f0a002a0210921092002485bd54324e310104000054525432000000000000001a00000000576f4d3e
CAPTURE 2 53801736368 525400123402525400123401080045000044ec8e40004011e6090a002a0f0a002a02109210920030cc6354324e3101010001545254320000001b00000000000c00003ef01b390100000000000218000000a3
CAPTURE 2 53819979088 52540012340152540012340208004500003800000000401112a50a002a020a002a0f10921092002490d854324e310104000054525432000000000000001b000000004014597d
CAPTURE 2 53820960592 52540012340152540012340208004500004400000000401112990a002a020a002a0f109210920030837254324e3101020001545254320000001b00000000000c00000ba498450100000000000148000000a3
CAPTURE 2 53862785040 525400123402525400123401080045000038ec9340004011e6100a002a0f0a002a0210921092002490d854324e310104000054525432000000000000001b000000004014597d
CAPTURE 2 53914365472 525400123402525400123401080045000044ec9740004011e6000a002a0f0a002a02109210920030a69054324e3101010001545254320000001c00000000000c0000fe228271010000000000017e000000a4
CAPTURE 2 53933137184 52540012340152540012340208004500003800000000401112a50a002a020a002a0f109210920024d13f54324e310104000054525432000000000000001c00000000247534b4
CAPTURE 2 53933759232 52540012340152540012340208004500004400000000401112990a002a020a002a0f109210920030496f54324e3101020001545254320000001c00000000000c00001062cd91010000000000013f000000a4
CAPTURE 2 53973864336 525400123402525400123401080045000038eca240004011e6010a002a0f0a002a02109210920024d13f54324e310104000054525432000000000000001c00000000247534b4
CAPTURE 2 54027677696 525400123402525400123401080045000044eca740004011e5f00a002a0f0a002a02109210920030a26b54324e3101010001545254320000001d00000000000c000078750cf801000000000000c8000000a5
CAPTURE 2 54045330992 52540012340152540012340208004500003800000000401112a50a002a020a002a0f109210920024d66254324e310104000054525432000000000000001d00000000330e20f7
CAPTURE 2 54046360976 52540012340152540012340208004500004400000000401112990a002a020a002a0f10921092003021c654324e3101020001545254320000001d00000000000c00001527f0b701000000000000fb000000a5
CAPTURE 2 54087113136 525400123402525400123401080045000038ecb540004011e5ee0a002a0f0a002a02109210920024d66254324e310104000054525432000000000000001d00000000330e20f7
CAPTURE 2 54139996800 525400123402525400123401080045000044ecbd40004011e5da0a002a0f0a002a02109210920030e09754324e3101010001545254320000001e00000000000c000010ac35430100000000000218000000a6
CAPTURE 2 54155342016 52540012340152540012340208004500003800000000401112a50a002a020a002a0f10921092002403b254324e310104000054525432000000000000001e000000000a831c32
CAPTURE 2 54158458864 52540012340152540012340208004500004400000000401112990a002a020a002a0f1092109200304b1e54324e3101020001545254320000001e00000000000c000025f8b63f0100000000000148000000a6
CAPTURE 2 54199422496 525400123402525400123401080045000038ecc040004011e5e30a002a0f0a002a0210921092002403b254324e310104000054525432000000000000001e000000000a831c32
CAPTURE 2 54250422416 525400123402525400123401080045000044ecca40004011e5cd0a002a0f0a002a021092109200306ec054324e3101010001545254320000001f00000000000c000052c66598010000000000017e000000a7
CAPDUMP_END
virtnet: streamed 727 vm1 and 727 vm2 frames to the console
axvisor:/$ 