
TASK123_RUNNER mode=yolo scheduler=fp-rr shared_pcpu=0x100 rtos=rtthread rtos_priority=90 starry_priority=89 ram_only=true
00: addr=edf00000 size=106000
  ramoops@110000: addr=110000 size=f0000
Adding bank: 0x00200000 - 0x08400000 (size: 0x08200000)5/5359.632 ms

Starting kernel ...

storagemedia=emmc androidboot.storagemedia=emmc androidboot.mode=normal  rw rootwait androidboot.verifiedbootstate=orange earlycon=uart8250,mmio32,0xfeb50000 console=ttyFIQ0 irqchip.gicv3_pseudo_nmi=0 root=PARTLABEL=rootfs
VM Load @PA:0x400000
VM Load Offset: 0xffff000080400000
Memory Map:
  Rsv    0x00000000110000 - 0x00000000200000 (960 KiB)
  Free   0x00000000200000 - 0x00000000400000 (2 MiB)
  KImg   0x00000000400000 - 0x00000003800000 (52 MiB)
  Free   0x00000003800000 - 0x00000008300000 (75 MiB)
  Rsv    0x00000008300000 - 0x00000008347000 (284 KiB)
  Free   0x00000008347000 - 0x00000008400000 (740 KiB)
  Free   0x00000009400000 - 0x00000010000000 (108 MiB)
  Rsv    0x00000010000000 - 0x00000018000000 (128 MiB)
  Free   0x00000018000000 - 0x00000040000000 (640 MiB)
  Rsv    0x00000040000000 - 0x00000080000000 (1 GiB)
  Free   0x00000080000000 - 0x000000edf00000 (1.72 GiB)
  Rsv    0x000000edf00000 - 0x000000ee006000 (1.02 MiB)
  Free   0x000000ee006000 - 0x000000f0000000 (31.98 MiB)
  Free   0x00000100000000 - 0x00000200000000 (4 GiB)
  Free   0x000002f0000000 - 0x00000300000000 (256 MiB)
Initialize RAM allocator: 0x3800000..0x8300000
Reserving CPU-local areas
CPU-local area stride: 0x44000 bytes
Total CPU-local allocation: 0x220000 bytes (8 CPUs)
Flushed RAM used range to memory map: 0x3800000..0x3847000, current: 0x3847000
Flushed RAM used range to memory map: 0x3847000..0x3a67000, current: 0x3a67000
CPU-local areas allocated at 0x3847000 - 0x3a67000
EL: 2
Mapping early memory regions...
Ram                 : [0x0000000000200000, 0x0000000008400000) -> [0x0000000000200000, 0x0000000008400000) (130 MiB)
Ram                 : [0x0000000009400000, 0x00000000f0000000) -> [0x0000000009400000, 0x00000000f0000000) (3.61 GiB)
Ram                 : [0x0000000100000000, 0x0000000200000000) -> [0x0000000100000000, 0x0000000200000000) (4 GiB)
Ram                 : [0x00000002f0000000, 0x0000000300000000) -> [0x00000002f0000000, 0x0000000300000000) (256 MiB)
KImage              : [0x0000ffff80000000, 0x0000ffff83400000) -> [0x0000000000400000, 0x0000000003800000) (52 MiB)
PerCpu              : [0x0000ff0003847000, 0x0000ff0003a67000) -> [0x0000000003847000, 0x0000000003a67000) (2.12 MiB)
Debug serial        : [0x00000000feb50000, 0x00000000feb51000) -> [0x00000000feb50000, 0x00000000feb51000) (4 KiB)
Boot page table at physical address: PA:0x3a67000
Setting up table registers...
MMU Entry point at physical address: 0x676888
Trap vector at 0xffff80279000
Memory Map:
  Rsv    0x00000000110000 - 0x00000000200000 (960 KiB)
  Free   0x00000000200000 - 0x00000000400000 (2 MiB)
  KImg   0x00000000400000 - 0x00000003800000 (52 MiB)
  Rsv    0x00000003800000 - 0x00000003847000 (284 KiB)
  PerCPU 0x00000003847000 - 0x00000003a67000 (2.12 MiB)
  Rsv    0x00000003a67000 - 0x00000003a73000 (48 KiB)
  Free   0x00000003a73000 - 0x00000008300000 (72.55 MiB)
  Rsv    0x00000008300000 - 0x00000008347000 (284 KiB)
  Free   0x00000008347000 - 0x00000008400000 (740 KiB)
  Free   0x00000009400000 - 0x00000010000000 (108 MiB)
  Rsv    0x00000010000000 - 0x00000018000000 (128 MiB)
  Free   0x00000018000000 - 0x00000040000000 (640 MiB)
  Rsv    0x00000040000000 - 0x00000080000000 (1 GiB)
  Free   0x00000080000000 - 0x000000edf00000 (1.72 GiB)
  Rsv    0x000000edf00000 - 0x000000ee006000 (1.02 MiB)
  Free   0x000000ee006000 - 0x000000f0000000 (31.98 MiB)
  MMIO   0x000000feb50000 - 0x000000feb51000 (4 KiB)
  Free   0x00000100000000 - 0x00000200000000 (4 GiB)
  Free   0x000002f0000000 - 0x00000300000000 (256 MiB)
Jumping to main entry point at 0xffff80262c38 with SP 0x0000ff000388b000

       d8888                            .d88888b.   .d8888b.
      d88888                           d88P" "Y88b d88P  Y88b
     d88P888                           888     888 Y88b.
    d88P 888 888d888  .d8888b  .d88b.  888     888  "Y888b.
   d88P  888 888P"   d88P"    d8P  Y8b 888     888     "Y88b.
  d88P   888 888     888      88888888 888     888       "888
 d8888888888 888     Y88b.    Y8b.     Y88b. .d88P Y88b  d88P
d88P     888 888      "Y8888P  "Y8888   "Y88888P"   "Y8888P"

arch = aarch64
platform = ATK-DLRK3588 Board
target = aarch64-unknown-none-softfloat
build_mode = 
log_level = info
backtrace = false
smp = 8

[37m[  8.026214 ax_runtime:220] [32mLogging is enabled.[m
[m[37m[  8.026700 ax_runtime:221] [32mPrimary CPU 0 started, arg = 0x3800000.[m
[m[37m[  8.027338 ax_runtime:223] [32mFound physcial memory regions:[m
[m[37m[  8.027960 ax_runtime:225] [32m  [PA:0x110000, PA:0x200000) reserved (READ | WRITE | EXECUTE | RESERVED)[m
[m[37m[  8.028846 ax_runtime:225] [32m  [PA:0x200000, PA:0x400000) free memory (READ | WRITE | FREE)[m
[m[37m[  8.029657 ax_runtime:225] [32m  [PA:0x400000, PA:0x3800000) reserved (READ | WRITE | EXECUTE | RESERVED)[m
[m[37m[  8.030556 ax_runtime:225] [32m  [PA:0x3800000, PA:0x3847000) reserved (READ | WRITE | EXECUTE | RESERVED)[m
[m[37m[  8.031464 ax_runtime:225] [32m  [PA:0x3847000, PA:0x3a67000) reserved (READ | WRITE | EXECUTE | RESERVED)[m
[m[37m[  8.032372 ax_runtime:225] [32m  [PA:0x3a67000, PA:0x3a73000) reserved (READ | WRITE | EXECUTE | RESERVED)[m
[m[37m[  8.033279 ax_runtime:225] [32m  [PA:0x3a73000, PA:0x8300000) free memory (READ | WRITE | FREE)[m
[m[37m[  8.034104 ax_runtime:225] [32m  [PA:0x8300000, PA:0x8347000) reserved (READ | WRITE | EXECUTE | RESERVED)[m
[m[37m[  8.035011 ax_runtime:225] [32m  [PA:0x8347000, PA:0x8400000) free memory (READ | WRITE | FREE)[m
[m[37m[  8.035836 ax_runtime:225] [32m  [PA:0x9400000, PA:0x10000000) free memory (READ | WRITE | FREE)[m
[m[37m[  8.036669 ax_runtime:225] [32m  [PA:0x10000000, PA:0x18000000) reserved (READ | WRITE | EXECUTE | RESERVED)[m
[m[37m[  8.037591 ax_runtime:225] [32m  [PA:0x18000000, PA:0x40000000) free memory (READ | WRITE | FREE)[m
[m[37m[  8.038431 ax_runtime:225] [32m  [PA:0x40000000, PA:0x80000000) reserved (READ | WRITE | EXECUTE | RESERVED)[m
[m[37m[  8.039354 ax_runtime:225] [32m  [PA:0x80000000, PA:0xedf00000) free memory (READ | WRITE | FREE)[m
[m[37m[  8.040194 ax_runtime:225] [32m  [PA:0xedf00000, PA:0xee006000) reserved (READ | WRITE | EXECUTE | RESERVED)[m
[m[37m[  8.041117 ax_runtime:225] [32m  [PA:0xee006000, PA:0xf0000000) free memory (READ | WRITE | FREE)[m
[m[37m[  8.041957 ax_runtime:225] [32m  [PA:0xfeb50000, PA:0xfeb51000) mmio (READ | WRITE | DEVICE | RESERVED)[m
[m[37m[  8.042841 ax_runtime:225] [32m  [PA:0x100000000, PA:0x200000000) free memory (READ | WRITE | FREE)[m
[m[37m[  8.043697 ax_runtime:225] [32m  [PA:0x2f0000000, PA:0x300000000) free memory (READ | WRITE | FREE)[m
[m[37m[  8.044552 ax_runtime:375] [32mInitialize global memory allocator...[m
[m[37m[  8.045174 ax_runtime:376] [32m  use buddy-slab-allocator allocator.[m
[m[37m[  8.045798 ax_alloc::buddy_slab:158] [32mInitialize global memory allocator, start_vaddr: 0x100000000, size: 0x100000000[m
[m[37m[  8.049470 ax_alloc::buddy_slab:424] [32mglobal allocator initialized[m
[m[37m[  8.050090 ax_alloc::buddy_slab:168] [32mAdd memory region, start_vaddr: 0x200000, size: 0x200000[m
[m[37m[  8.050930 buddy_slab_allocator::global:151] [32mGlobalAllocator: skip region 0x200000+0x200000, no allocator-visible memory after 2097152 alignment[m
[m[37m[  8.052152 ax_alloc::buddy_slab:168] [32mAdd memory region, start_vaddr: 0x3a73000, size: 0x488d000[m
[m[37m[  8.053054 ax_alloc::buddy_slab:168] [32mAdd memory region, start_vaddr: 0x8347000, size: 0xb9000[m
[m[37m[  8.053885 buddy_slab_allocator::global:151] [32mGlobalAllocator: skip region 0x8347000+0xb9000, no allocator-visible memory after 2097152 alignment[m
[m[37m[  8.055108 ax_alloc::buddy_slab:168] [32mAdd memory region, start_vaddr: 0x9400000, size: 0x6c00000[m
[m[37m[  8.056033 ax_alloc::buddy_slab:168] [32mAdd memory region, start_vaddr: 0x18000000, size: 0x28000000[m
[m[37m[  8.057310 ax_alloc::buddy_slab:168] [32mAdd memory region, start_vaddr: 0x80000000, size: 0x6df00000[m
[m[37m[  8.059312 ax_alloc::buddy_slab:168] [32mAdd memory region, start_vaddr: 0xee006000, size: 0x1ffa000[m
[m[37m[  8.060187 ax_alloc::buddy_slab:168] [32mAdd memory region, start_vaddr: 0x2f0000000, size: 0x10000000[m
[m[37m[  8.061223 ax_runtime:260] [32mkernel aspace: [VA:0x0, VA:0xffffffffffffffff)[m
[m[37m[  8.061903 ax_mm:103] [32mInitialize virtual memory management...[m
[m[37m[  8.923490 ax_runtime:272] [32mInitialize platform devices...[m
[m[37m[  8.979574 someboot::arch::power:23] [32mPower management method : SMC[m
[m[37m[  8.980212 somehal::driver:5] [32mInitializing rdrive with FDT at 0x3800000[m
[m[37m[  9.164379 ax_driver::soc::rockchip::pinctrl:301] [32mRockchip RK3588 pinctrl registered successfully[m
[m[37m[  9.272902 somehal::arch::gic::v3:274] [32mGICv3 CPU 0 EOI mode: two_step=true[m
[m[37m[  9.379816 ax_task::api:193] [32mInitialize scheduling...[m
[m[37m[  9.380406 ax_task::api:201] [32m  use Fixed-priority round-robin scheduler.[m
[m[37m[  9.381084 ax_runtime:300] [32mInitialize interrupt handlers...[m
[m[37m[  9.381710 ax_runtime::devices:2] [32mProbe platform devices...[m
[m[37m[  9.487290 ax_driver::soc::rockchip::cru::rk3588:60] [32mRK3588 CRU reg: addr=0xfd7c0000, size=0x5c000, rockchip,grf=<0x7a>[m
[m[37m[  9.488378 rockchip_soc::variants::rk3588::cru:123] [32mCRU@fd7c0000: Initializing and verifying clock configuration...[m
[m[37m[  9.489375 rockchip_soc::variants::rk3588::cru:174] [33m⚠ CRU@fd7c0000: ACLK_BUS_ROOT div mismatch! u-boot: 3, current: 4[m
[m[37m[  9.490416 rockchip_soc::variants::rk3588::cru:248] [32m✓ CRU@fd7c0000: Clock configuration verified[m
[m[37m[  9.491304 ax_driver::soc::rockchip::cru::rk3588:79] [32mRK3588 CRU clock/reset registered successfully[m
[m[37m[  9.493978 ax_driver::soc::rockchip::pm:78] [32mRockchip power-domain provider registered successfully[m
[m[37m[ 10.288975 ax_driver::block::rockchip::clock:12] [32m[mmc@fe2e0000] enabled SDHCI clock Some("core") (0x13a)[m
[m[37m[ 10.289912 ax_driver::block::rockchip::clock:12] [32m[mmc@fe2e0000] enabled SDHCI clock Some("bus") (0x138)[m
[m[37m[ 10.290830 ax_driver::block::rockchip::clock:12] [32m[mmc@fe2e0000] enabled SDHCI clock Some("axi") (0x139)[m
[m[37m[ 10.291764 ax_driver::block::rockchip::clock:12] [32m[mmc@fe2e0000] enabled SDHCI clock Some("block") (0x13b)[m
[m[37m[ 10.292697 ax_driver::block::rockchip::clock:12] [32m[mmc@fe2e0000] enabled SDHCI clock Some("timer") (0x13c)[m
[m[37m[ 10.293646 ax_driver::block::rockchip::sdhci_rk3588:167] [32mrockchip-sdhci probe: node=mmc@fe2e0000, addr=0xfe2e0000, size=0x10000[m
[m[37m[ 10.294837 ax_driver::block::rockchip::sdhci_rk3588:182] [32mrockchip-sdhci: using external CRU clock[m
[m[37m[ 10.295726 ax_driver::block::rockchip::sdhci_rk3588:197] [32mrockchip-sdhci: defer eMMC protocol initialization to IRQ-driven hctx[m
[m[37m[ 10.297048 ax_driver::block::rockchip::sdhci_rk3588:201] [32mrockchip-sdhci block device registered irq=None[m
[m[37m[ 10.298137 sdmmc_protocol::sdio::init::state_machine:102] [32msdio: submit bus op ResetAll[m
[m[37m[ 10.298995 ax_fs_ng::block::runtime::hctx:177] [32mblock hctx 0 bound to CPU 0 with hardware depth 1[m
[m[37m[ 10.299894 ax_fs_ng::block::runtime::lifecycle::device:300] [32mblock device rockchip-sdhci IRQ source 0 (IrqId { domain: IrqDomainId(7), hwirq: HwIrq(237) }) fixed to CPU 0 for queue mask 0x1[m
[m[37m[ 10.301640 ax_driver::block::rockchip::sdhci_rk3588:245] [32mrockchip-sdhci: RK3588 DWCMSHC vendor reset area1=0x500[m
[m[37m[ 10.302650 sdmmc_protocol::sdio::init::state_machine:102] [32msdio: submit bus op PowerOn[m
[m[37m[ 10.313456 sdmmc_protocol::sdio::init::state_machine:102] [32msdio: submit bus op SwitchVoltage(V330)[m
[m[37m[ 10.319321 sdmmc_protocol::sdio::init::state_machine:63] [32msdio: submit bus op SetBusWidth(Bit1)[m
[m[37m[ 10.320185 sdmmc_protocol::sdio::init::state_machine:63] [32msdio: submit bus op SetClock(Identification)[m
[m[37m[ 10.321222 ax_driver::block::rockchip::sdhci_rk3588:119] [32mrockchip-sdhci: core clock set to 375000 Hz[m
[m[37m[ 10.364342 sdmmc_protocol::sdio::init::state_machine::identify:264] [32msdio: detected Mmc ocr=0xc0ff8080[m
[m[37m[ 10.366737 sdmmc_protocol::sdio::init::state_machine::identify:338] [32msdio: CSD capacity_blocks=None[m
[m[37m[ 10.379709 sdmmc_protocol::sdio::init::state_machine::mmc:38] [32msdio: EXT_CSD sector_count=122159104[m
[m[37m[ 10.383047 ax_driver::block::rockchip::sdhci_rk3588:119] [32mrockchip-sdhci: core clock set to 50000000 Hz[m
[m[37m[ 10.384198 sdmmc_protocol::sdio::init::state_machine::mmc:314] [32msdio: MMC speed selected HighSpeed bus_width=Bit8[m
[m[37m[ 10.385381 sdmmc_protocol::sdio::init::state_machine::mmc:340] [32msdio: enabled 1024 KiB volatile write cache[m
[m[37m[ 10.386443 sdmmc_protocol::sdio::init::state_machine:233] [32msdio: init done kind=Mmc sd_v2=false high_capacity=true rca=0x1 ocr=0xc0ff8080 host_bus_width=Bit8 ext_csd_bus_width=Some(Sdr1) ext_csd_timing=Some(Compat)[m
[m[37m[ 10.388182 sdmmc_protocol::rdif::queue:172] [32msdmmc block init complete: kind=Mmc high_capacity=true rca=1 capacity_blocks=122159104 cache_enabled=true[m
[m[37m[ 10.412212 ax_fs_ng::root:348] [32m    partition 1 name=Some("uboot") fs=None lba 16384..24576[m
[m[37m[ 10.413536 ax_fs_ng::root:348] [32m    partition 2 name=Some("misc") fs=None lba 24576..32768[m
[m[37m[ 10.414704 ax_fs_ng::root:348] [32m    partition 3 name=Some("boot") fs=None lba 32768..163840[m
[m[37m[ 10.415880 ax_fs_ng::root:348] [32m    partition 4 name=Some("recovery") fs=None lba 163840..425984[m
[m[37m[ 10.417013 ax_fs_ng::root:348] [32m    partition 5 name=Some("backup") fs=None lba 425984..491520[m
[m[37m[ 10.418048 ax_fs_ng::root:348] [32m    partition 6 name=Some("rootfs") fs=Some(Ext4) lba 491520..29851648[m
[m[37m[ 10.419142 ax_fs_ng::root:348] [32m    partition 7 name=Some("oem") fs=Some(Ext4) lba 29851648..30113792[m
[m[37m[ 10.420228 ax_fs_ng::root:348] [32m    partition 8 name=Some("userdata") fs=Some(Ext4) lba 30113792..122159071[m
[m[37m[ 10.421163 ax_fs_ng::root:364] [32m  block device 0 (rockchip-sdhci) has Gpt partition table with 8 partitions[m
[m[37m[ 10.422137 ax_fs_ng::root:462] [32m  matched root by PARTLABEL on disk0 partition 6 (rootfs, fs=ext4, lba 491520..29851648)[m
[m[37m[ 10.423177 ax_fs_ng:86] [32mInitialize filesystem subsystem...[m
[m[37m[ 10.423746 ax_fs_ng:87] [32m  selected root device: disk0 partition 6 (rootfs, fs=ext4, lba 491520..29851648)[m
[m[37m[ 10.425318 rsext4::crc32c::arm64:54] [33mID_AA64ISAR0_EL1[19:16]: 0x1[m
[m[37m[ 10.425941 rsext4::crc32c::arm64:57] [33mHardware CRC32C support detected.[m
[m[37m[ 10.439181 rsext4::ext4::mount:331] [32m/lost+found exists (superblock hint inode=11)[m
[m[37m[ 10.440792 rsext4::ext4::mount:466] [32mExt4 filesystem mounted[m
[m[37m[ 10.441369 rsext4::ext4::mount:467] [32m  - block size: 4096 bytes[m
[m[37m[ 10.441987 rsext4::ext4::mount:468] [32m  - total blocks: 3670016[m
[m[37m[ 10.442579 rsext4::ext4::mount:469] [32m  - free blocks: 3298218[m
[m[37m[ 10.443171 rsext4::ext4::mount:470] [32m  - total inodes: 847616[m
[m[37m[ 10.443763 rsext4::ext4::mount:471] [32m  - free inodes: 833536[m
[m[37m[ 10.444348 rsext4::ext4::sync:13] [32mSyncing filesystem...[m
[m[37m[ 10.450064 rsext4::ext4::mount:550] [32mExt4 filesystem mounted[m
[m[37m[ 10.450666 ax_fs_ng:99] [32m  filesystem type: "ext4"[m
[m[37m[ 10.452765 rsext4::blockgroup_description::desc:109] [31mGroup descriptor checksum mismatch: group=0 stored=0x0000 expected=0x0589 desc_size=64 block_bitmap=8196 inode_bitmap=24580 inode_table=40964 free_blocks=57348 free_inodes=0 used_dirs=8196 itable_unused=0 flags=0x1 block_bitmap_csum=0x0 inode_bitmap_csum=0x0[m
[m[37m[ 10.455239 rsext4::ext4::mount:554] [31mMount failed: EUCLEAN: Structure needs cleaning[m
[m[37m[ 10.456003 ax_fs_ng::fs::ext4::rsext4::fs:127] [33mext4 journal replay failed with EUCLEAN; retrying read-only without journal replay[m
[m[37m[ 10.457134 rsext4::blockgroup_description::desc:109] [31mGroup descriptor checksum mismatch: group=0 stored=0x0000 expected=0x0589 desc_size=64 block_bitmap=8196 inode_bitmap=24580 inode_table=40964 free_blocks=57348 free_inodes=0 used_dirs=8196 itable_unused=0 flags=0x1 block_bitmap_csum=0x0 inode_bitmap_csum=0x0[m
[m[37m[ 10.459604 rsext4::ext4::mount:554] [31mMount failed: EUCLEAN: Structure needs cleaning[m
[m[37m[ 10.460375 ax_fs_ng::root:622] [33m  failed to initialize filesystem for partition disk0 partition 7 (oem, fs=ext4, lba 29851648..30113792): AxErrorKind::Io[m
[m[37m[ 10.462388 rsext4::blockgroup_description::desc:109] [31mGroup descriptor checksum mismatch: group=0 stored=0x0a8d expected=0x16fe desc_size=64 block_bitmap=262145 inode_bitmap=262161 inode_table=262177 free_blocks=3808 free_inodes=1088 used_dirs=0 itable_unused=1088 flags=0x5 block_bitmap_csum=0x4c1cbc8f inode_bitmap_csum=0xe0e99c72[m
[m[37m[ 10.465010 rsext4::ext4::mount:554] [31mMount failed: EUCLEAN: Structure needs cleaning[m
[m[37m[ 10.465775 ax_fs_ng::fs::ext4::rsext4::fs:127] [33mext4 journal replay failed with EUCLEAN; retrying read-only without journal replay[m
[m[37m[ 10.466906 rsext4::blockgroup_description::desc:109] [31mGroup descriptor checksum mismatch: group=0 stored=0x0a8d expected=0x16fe desc_size=64 block_bitmap=262145 inode_bitmap=262161 inode_table=262177 free_blocks=3808 free_inodes=1088 used_dirs=0 itable_unused=1088 flags=0x5 block_bitmap_csum=0x4c1cbc8f inode_bitmap_csum=0xe0e99c72[m
[m[37m[ 10.469527 rsext4::ext4::mount:554] [31mMount failed: EUCLEAN: Structure needs cleaning[m
[m[37m[ 10.470296 ax_fs_ng::root:622] [33m  failed to initialize filesystem for partition disk0 partition 8 (userdata, fs=ext4, lba 30113792..122159071): AxErrorKind::Io[m
[mI/TC: Secondary CPU 1 initializing
I/TC: Secondary CPU 1 switching to normal world boot
[37m[ 10.475698 somehal::arch::gic::v3:274] [32mGICv3 CPU 1 EOI mode: two_step=true[m
[m[37m[ 10.476400 ax_runtime::mp:79] [32mSecondary CPU 1 started.[m
[m[37m[ 10.477006 ax_runtime::mp:110] [32mSecondary CPU 1 init OK.[m
[mI/TC: Secondary CPU 2 initializing
I/TC: Secondary CPU 2 switching to normal world boot
[37m[ 10.480195 somehal::arch::gic::v3:274] [32mGICv3 CPU 2 EOI mode: two_step=true[m
[m[37m[ 10.480891 ax_runtime::mp:79] [32mSecondary CPU 2 started.[m
[m[37m[ 10.481494 ax_runtime::mp:110] [32mSecondary CPU 2 init OK.[m
[mI/TC: Secondary CPU 3 initializing
I/TC: Secondary CPU 3 switching to normal world boot
[37m[ 10.484684 somehal::arch::gic::v3:274] [32mGICv3 CPU 3 EOI mode: two_step=true[m
[m[37m[ 10.485380 ax_runtime::mp:79] [32mSecondary CPU 3 started.[m
[m[37m[ 10.485981 ax_runtime::mp:110] [32mSecondary CPU 3 init OK.[m
[mI/TC: Secondary CPU 4 initializing
I/TC: Secondary CPU 4 switching to normal world boot
[37m[ 10.489161 somehal::arch::gic::v3:274] [32mGICv3 CPU 4 EOI mode: two_step=true[m
[m[37m[ 10.489853 ax_runtime::mp:79] [32mSecondary CPU 4 started.[m
[m[37m[ 10.490438 ax_runtime::mp:110] [32mSecondary CPU 4 init OK.[m
[mI/TC: Secondary CPU 5 initializing
I/TC: Secondary CPU 5 switching to normal world boot
[37m[ 10.493644 somehal::arch::gic::v3:274] [32mGICv3 CPU 5 EOI mode: two_step=true[m
[m[37m[ 10.494336 ax_runtime::mp:79] [32mSecondary CPU 5 started.[m
[m[37m[ 10.494921 ax_runtime::mp:110] [32mSecondary CPU 5 init OK.[m
[mI/TC: Secondary CPU 6 initializing
I/TC: Secondary CPU 6 switching to normal world boot
[37m[ 10.498116 somehal::arch::gic::v3:274] [32mGICv3 CPU 6 EOI mode: two_step=true[m
[m[37m[ 10.498808 ax_runtime::mp:79] [32mSecondary CPU 6 started.[m
[m[37m[ 10.499393 ax_runtime::mp:110] [32mSecondary CPU 6 init OK.[m
[mI/TC: Secondary CPU 7 initializing
I/TC: Secondary CPU 7 switching to normal world boot
[37m[ 10.502598 somehal::arch::gic::v3:274] [32mGICv3 CPU 7 EOI mode: two_step=true[m
[m[37m[ 10.503290 ax_runtime::mp:79] [32mSecondary CPU 7 started.[m
[m[37m[ 10.503291 ax_runtime:348] [32mPrimary CPU 0 init OK.[m
[m[37m[ 10.503874 ax_runtime::mp:110] [32mSecondary CPU 7 init OK.[m
[m[37m[ 10.504947 0:2 ax_fs_ng::block::runtime::lifecycle::device:369] [32mblock device rockchip-sdhci online with 1 hctxs across 8 CPUs[m
[m

       d8888            888     888  d8b
      d88888            888     888  Y8P
     d88P888            888     888
    d88P 888  888  888  Y88b   d88P  888  .d8888b    .d88b.   888d888
   d88P  888  `Y8bd8P'   Y88b d88P   888  88K       d88""88b  888P"
  d88P   888    X88K      Y88o88P    888  "Y8888b.  888  888  888
 d8888888888  .d8""8b.     Y888P     888       X88  Y88..88P  888
d88P     888  888  888      Y8P      888   88888P'   "Y88P"   888


by AxVisor Team

[37m[ 10.509712 0:2 axvisor:96] [32mStarting virtualization...[m
[m[37m[ 10.510252 0:2 axvm::host::arceos:335] [32mEnabling hardware virtualization support on all cores...[m
[m[37m[ 10.511107 0:2 axvm::host::arceos:341] [32mCore 0 is initializing hardware virtualization support...[m
[m[37m[ 10.511981 0:2 axvm::timer:508] [32mInitializing AxVM timer wheel...[m
[m[37m[ 10.629123 0:2 axvm::host::arceos:343] [32mHardware virtualization support enabled on core 0[m
[m[37m[ 10.629955 1:21 axvm::host::arceos:353] [32mCore 1 is initializing hardware virtualization support...[m
[m[37m[ 10.629973 2:22 axvm::host::arceos:353] [32mCore 2 is initializing hardware virtualization support...[m
[m[37m[ 10.630069 0:2 axvm::host::arceos:370] [32mWaiting for all cores to enable hardware virtualization...[m
[m[37m[ 10.630819 1:21 axvm::timer:508] [32mInitializing AxVM timer wheel...[m
[m[37m[ 10.631699 2:22 axvm::timer:508] [32mInitializing AxVM timer wheel...[m
[m[37m[ 10.633224 1:21 axvm::host::arceos:357] [32mHardware virtualization support enabled on core 1 (2/8)[m
[m[37m[ 10.630074 7:27 axvm::host::arceos:353] [32mCore 7 is initializing hardware virtualization support...[m
[m[37m[ 10.630025 5:25 axvm::host::arceos:353] [32mCore 5 is initializing hardware virtualization support...[m
[m[37m[ 10.630007 4:24 axvm::host::arceos:353] [32mCore 4 is initializing hardware virtualization support...[m
[m[37m[ 10.629991 3:23 axvm::host::arceos:353] [32mCore 3 is initializing hardware virtualization support...[m
[m[37m[ 10.635548 7:27 axvm::timer:508] [32mInitializing AxVM timer wheel...[m
[m[37m[ 10.633857 2:22 axvm::host::arceos:357] [32mHardware virtualization support enabled on core 2 (3/8)[m
[m[37m[ 10.638164 3:23 axvm::timer:508] [32mInitializing AxVM timer wheel...[m
[m[37m[ 10.636419 5:25 axvm::timer:508] [32mInitializing AxVM timer wheel...[m
[m[37m[ 10.640301 3:23 axvm::host::arceos:357] [32mHardware virtualization support enabled on core 3 (5/8)[m
[m[37m[ 10.638804 7:27 axvm::host::arceos:357] [32mHardware virtualization support enabled on core 7 (4/8)[m
[m[37m[ 10.630055 6:26 axvm::host::arceos:353] [32mCore 6 is initializing hardware virtualization support...[m
[m[37m[ 10.637289 4:24 axvm::timer:508] [32mInitializing AxVM timer wheel...[m
[m[37m[ 10.640919 5:25 axvm::host::arceos:357] [32mHardware virtualization support enabled on core 5 (6/8)[m
[m[37m[ 10.643484 6:26 axvm::timer:508] [32mInitializing AxVM timer wheel...[m
[m[37m[ 10.644134 4:24 axvm::host::arceos:357] [32mHardware virtualization support enabled on core 4 (7/8)[m
[m[37m[ 10.645616 0:2 axvm::host::arceos:381] [32mAll cores have enabled hardware virtualization support.[m
[m[37m[ 10.645614 6:26 axvm::host::arceos:357] [32mHardware virtualization support enabled on core 6 (8/8)[m
[m[37m[ 10.647388 0:2 axvisor::manager:145] [32mNOT find dir: /guest/vm_default in filesystem[m
[m[37m[ 10.648912 0:2 axvisor::config:91] [32mUsing static VM configs.[m
[m[37m[ 10.735673 0:2 axvm::arch::aarch64::fdt::core:78] [32mVM[1] virtual UART follows the host-selected UART: GuestSerialProfile { model: Uart16550, transport: Mmio { base: 4273274880, length: 256, register_shift: 2, register_width: Dword }, irq: 365, clock_hz: 24000000 }[m
[m[37m[ 10.739824 0:2 axvm::arch::aarch64::fdt::core:89] [32mVM[1] virtual GIC follows host firmware resources: GuestGicProfile { compatible: "arm,gic-v3", node_path: "/interrupt-controller@fe600000", node_phandle: Some(1), distributor: GuestMmioRegion { base: 4267704320, length: 65536 }, cpu_region: Redistributors(GuestGicRedistributorProfile { regions: [GuestMmioRegion { base: 4268228608, length: 1048576 }], stride: 131072 }), its: [GuestItsProfile { id: ItsId(0), node_path: "/interrupt-controller@fe600000/msi-controller@fe640000", node_phandle: Some(275), registers: GuestMmioRegion { base: 4267966464, length: 131072 } }, GuestItsProfile { id: ItsId(1), node_path: "/interrupt-controller@fe600000/msi-controller@fe660000", node_phandle: Some(457), registers: GuestMmioRegion { base: 4268097536, length: 131072 } }] }[m
[m[37m[ 10.746398 0:2 axvm::arch::aarch64::fdt::core:103] [32mVM[1] architectural timer follows host firmware PPIs[m
[m[37m[ 10.868445 0:2 axvm::arch::aarch64::fdt::core::parser:548] [32mCPU node: /cpus/cpu@0, node_id: 0x0, hardware_cpu_id: 0x0[m
[m[37m[ 10.869475 0:2 axvm::arch::aarch64::fdt::core::parser:548] [32mCPU node: /cpus/cpu@100, node_id: 0x100, hardware_cpu_id: 0x100[m
[m[37m[ 10.870545 0:2 axvm::arch::aarch64::fdt::core::parser:548] [32mCPU node: /cpus/cpu@200, node_id: 0x200, hardware_cpu_id: 0x200[m
[m[37m[ 10.871615 0:2 axvm::arch::aarch64::fdt::core::parser:548] [32mCPU node: /cpus/cpu@300, node_id: 0x300, hardware_cpu_id: 0x300[m
[m[37m[ 10.872702 0:2 axvm::arch::aarch64::fdt::core::parser:548] [32mCPU node: /cpus/cpu@400, node_id: 0x400, hardware_cpu_id: 0x400[m
[m[37m[ 10.873774 0:2 axvm::arch::aarch64::fdt::core::parser:548] [32mCPU node: /cpus/cpu@500, node_id: 0x500, hardware_cpu_id: 0x500[m
[m[37m[ 10.874844 0:2 axvm::arch::aarch64::fdt::core::parser:548] [32mCPU node: /cpus/cpu@600, node_id: 0x600, hardware_cpu_id: 0x600[m
[m[37m[ 10.875914 0:2 axvm::arch::aarch64::fdt::core::parser:548] [32mCPU node: /cpus/cpu@700, node_id: 0x700, hardware_cpu_id: 0x700[m
[m[37m[ 10.892478 0:2 axvm::arch::aarch64::fdt::core::parser:555] [32mFound 8 host CPU nodes[m
[m[37m[ 10.893231 0:2 axvm::arch::aarch64::fdt::core:154] [32mVM[1] DTB not found, generating from the VM configuration[m
[m[37m[ 11.249436 0:2 axvm::arch::aarch64::fdt::core::device:96] [32mFound excluded devices: ["/pcie@fe150000", "/pcie@fe160000", "/pcie@fe170000", "/pcie@fe180000", "/pcie@fe190000", "/interrupt-controller@fe600000", "/serial@fd890000", "/serial@feb40000", "/serial@feb50000", "/serial@feb60000", "/serial@feb70000", "/serial@feb80000", "/serial@feb90000", "/serial@feba0000", "/serial@febb0000", "/serial@febc0000", "/timer", "/timer@feae0000", "/pcie@fe150000/legacy-interrupt-controller", "/pcie@fe160000/legacy-interrupt-controller", "/pcie@fe170000/legacy-interrupt-controller", "/pcie@fe180000/legacy-interrupt-controller", "/pcie@fe190000/legacy-interrupt-controller", "/interrupt-controller@fe600000/msi-controller@fe640000", "/interrupt-controller@fe600000/msi-controller@fe660000"][m
[m[37m[ 11.255736 0:2 axvm::arch::aarch64::fdt::core::device:107] [32mExcluding device: /interrupt-controller@fe600000[m
[m[37m[ 11.256677 0:2 axvm::arch::aarch64::fdt::core::device:107] [32mExcluding device: /interrupt-controller@fe600000/msi-controller@fe640000[m
[m[37m[ 11.257802 0:2 axvm::arch::aarch64::fdt::core::device:107] [32mExcluding device: /interrupt-controller@fe600000/msi-controller@fe660000[m
[m[37m[ 11.258942 0:2 axvm::arch::aarch64::fdt::core::device:107] [32mExcluding device: /pcie@fe150000[m
[m[37m[ 11.259761 0:2 axvm::arch::aarch64::fdt::core::device:107] [32mExcluding device: /pcie@fe150000/legacy-interrupt-controller[m
[m[37m[ 11.260795 0:2 axvm::arch::aarch64::fdt::core::device:107] [32mExcluding device: /pcie@fe160000[m
[m[37m[ 11.261621 0:2 axvm::arch::aarch64::fdt::core::device:107] [32mExcluding device: /pcie@fe160000/legacy-interrupt-controller[m
[m[37m[ 11.262670 0:2 axvm::arch::aarch64::fdt::core::device:107] [32mExcluding device: /pcie@fe170000[m
[m[37m[ 11.263489 0:2 axvm::arch::aarch64::fdt::core::device:107] [32mExcluding device: /pcie@fe170000/legacy-interrupt-controller[m
[m[37m[ 11.264524 0:2 axvm::arch::aarch64::fdt::core::device:107] [32mExcluding device: /pcie@fe180000[m
[m[37m[ 11.265349 0:2 axvm::arch::aarch64::fdt::core::device:107] [32mExcluding device: /pcie@fe180000/legacy-interrupt-controller[m
[m[37m[ 11.266383 0:2 axvm::arch::aarch64::fdt::core::device:107] [32mExcluding device: /pcie@fe190000[m
[m[37m[ 11.267209 0:2 axvm::arch::aarch64::fdt::core::device:107] [32mExcluding device: /pcie@fe190000/legacy-interrupt-controller[m
[m[37m[ 11.268360 0:2 axvm::arch::aarch64::fdt::core::device:107] [32mExcluding device: /serial@fd890000[m
[m[37m[ 11.269193 0:2 axvm::arch::aarch64::fdt::core::device:107] [32mExcluding device: /serial@feb40000[m
[m[37m[ 11.270032 0:2 axvm::arch::aarch64::fdt::core::device:107] [32mExcluding device: /serial@feb50000[m
[m[37m[ 11.270873 0:2 axvm::arch::aarch64::fdt::core::device:107] [32mExcluding device: /serial@feb60000[m
[m[37m[ 11.271725 0:2 axvm::arch::aarch64::fdt::core::device:107] [32mExcluding device: /serial@feb70000[m
[m[37m[ 11.272559 0:2 axvm::arch::aarch64::fdt::core::device:107] [32mExcluding device: /serial@feb80000[m
[m[37m[ 11.273398 0:2 axvm::arch::aarch64::fdt::core::device:107] [32mExcluding device: /serial@feb90000[m
[m[37m[ 11.274238 0:2 axvm::arch::aarch64::fdt::core::device:107] [32mExcluding device: /serial@feba0000[m
[m[37m[ 11.275078 0:2 axvm::arch::aarch64::fdt::core::device:107] [32mExcluding device: /serial@febb0000[m
[m[37m[ 11.275918 0:2 axvm::arch::aarch64::fdt::core::device:107] [32mExcluding device: /serial@febc0000[m
[m[37m[ 11.276787 0:2 axvm::arch::aarch64::fdt::core::device:107] [32mExcluding device: /timer[m
[m[37m[ 11.277545 0:2 axvm::arch::aarch64::fdt::core::device:107] [32mExcluding device: /timer@feae0000[m
[m[37m[ 11.288116 0:2 axvm::arch::aarch64::fdt::core::parser:57] [32mVM[1] generated-FDT passthrough paths: ["/__symbols__", "/adc-keys", "/adc-keys/esc-key", "/adc-keys/menu-key", "/adc-keys/vol-down-key", "/adc-keys/vol-up-key", "/aliases", "/arm-pmu", "/av1d@fdc70000", "/avsd-plus@fdb51000", "/backlight", "/backlight1", "/bt-sco", "/bt-sound", "/bt-sound/simple-audio-card,codec", "/bt-sound/simple-audio-card,cpu", "/can@fea50000", "/can@fea60000", "/can@fea70000", "/chosen", "/clock-controller@fd7c0000", "/clocks", "/clocks/aclk_av1_pre@fd7c0910", "/clocks/aclk_hdcp0_pre@fd7c08dc", "/clocks/aclk_hdcp1_pre@fd7c08ec", "/clocks/aclk_isp1_pre@fd7c0868", "/clocks/aclk_jpeg_decoder_pre@fd7c08b0", "/clocks/aclk_rkvdec0_pre@fd7c08a0", "/clocks/aclk_rkvdec1_pre@fd7c08a4", "/clocks/aclk_rkvenc1_pre@fd7c08c0", "/clocks/aclk_usb@fd7c08a8", "/clocks/aclk_vdpu_low_pre@fd7c08b0", "/clocks/hclk_isp1_pre@fd7c0868", "/clocks/hclk_nvm@fd7c087c", "/clocks/hclk_rkvdec0_pre@fd7c08a0", "/clocks/hclk_rkvdec1_pre@fd7c08a4", "/clocks/hclk_rkvenc1_pre@fd7c08c0", "/clocks/hclk_sdio_pre@fd7c092c", "/clocks/hclk_usb@fd7c08a8", "/clocks/hclk_vo0@fd7c08dc", "/clocks/hclk_vo1@fd7c08ec", "/clocks/mclkin-i2s0", "/clocks/mclkin-i2s1", "/clocks/mclkin-i2s2", "/clocks/mclkin-i2s3", "/clocks/mclkout-i2s0@fd58c318", "/clocks/mclkout-i2s1@fd58a000", "/clocks/mclkout-i2s1@fd58c318", "/clocks/mclkout-i2s2@fd58c318", "/clocks/mclkout-i2s3@fd58c318", "/clocks/pclk_av1_pre@fd7c0910", "/clocks/pclk_vo0_grf@fd7c08dc", "/clocks/pclk_vo1_grf@fd7c08ec", "/clocks/spll", "/clocks/xin24m", "/clocks/xin32k", "/cluster0-opp-table", "/cluster0-opp-table/opp-1008000000", "/cluster0-opp-table/opp-1200000000", "/cluster0-opp-table/opp-1416000000", "/cluster0-opp-table/opp-1608000000", "/cluster0-opp-table/opp-1800000000", "/cluster0-opp-table/opp-408000000", "/cluster0-opp-table/opp-600000000", "/cluster0-opp-table/opp-816000000", "/cluster0-opp-table/opp-j-1296000000", "/cluster0-opp-table/opp-j-m-1008000000", "/cluster0-opp-table/opp-j-m-1200000000[m<log truncated>
[37m[ 11.310439 0:2 axvm::arch::aarch64::fdt::core::parser:85] [32mVM[1] host-FDT PCI node path=/pcie@fe180000 name=pcie@fe180000 compatible=["rockchip,rk3588-pcie", "snps,dw-pcie"] reg=[(4262985728, Some(65536)), (44035997696, Some(4194304))] properties=[("compatible", 34), ("reg", 32), ("ranges", 112), ("interrupt-map", 96), ("interrupt-map-mask", 16), ("msi-map", 16), ("bus-range", 8)][m
[m[37m[ 11.313489 0:2 axvm::arch::aarch64::fdt::core::parser:85] [32mVM[1] host-FDT PCI node path=/pcie@fe180000/legacy-interrupt-controller name=legacy-interrupt-controller compatible=[] reg=[] properties=[][m
[m[37m[ 11.315135 0:2 axvm::arch::aarch64::fdt::core::parser:85] [32mVM[1] host-FDT PCI node path=/pcie@fe190000 name=pcie@fe190000 compatible=["rockchip,rk3588-pcie", "snps,dw-pcie"] reg=[(4263051264, Some(65536)), (44040192000, Some(4194304))] properties=[("compatible", 34), ("reg", 32), ("ranges", 112), ("interrupt-map", 96), ("interrupt-map-mask", 16), ("msi-map", 16), ("bus-range", 8)][m
[m[37m[ 11.318162 0:2 axvm::arch::aarch64::fdt::core::parser:85] [32mVM[1] host-FDT PCI node path=/pcie@fe190000/legacy-interrupt-controller name=legacy-interrupt-controller compatible=[] reg=[] properties=[][m
[m[37m[ 11.325336 0:2 axvm::arch::aarch64::fdt::core::parser:85] [32mVM[1] host-FDT PCI node path=/pinctrl/pcie20x1 name=pcie20x1 compatible=[] reg=[] properties=[][m
[m[37m[ 11.326635 0:2 axvm::arch::aarch64::fdt::core::parser:85] [32mVM[1] host-FDT PCI node path=/pinctrl/pcie20x1/pcie20x1m0-pins name=pcie20x1m0-pins compatible=[] reg=[] properties=[][m
[m[37m[ 11.328104 0:2 axvm::arch::aarch64::fdt::core::parser:85] [32mVM[1] host-FDT PCI node path=/pinctrl/pcie20x1/pcie20x1m1-pins name=pcie20x1m1-pins compatible=[] reg=[] properties=[][m
[m[37m[ 11.329574 0:2 axvm::arch::aarch64::fdt::core::parser:85] [32mVM[1] host-FDT PCI node path=/pinctrl/pcie20x1/pcie20x1-2-button-rstn name=pcie20x1-2-button-rstn compatible=[] reg=[] properties=[][m
[m[37m[ 11.331147 0:2 axvm::arch::aarch64::fdt::core::parser:85] [32mVM[1] host-FDT PCI node path=/pinctrl/pcie30phy name=pcie30phy compatible=[] reg=[] properties=[][m
[m[37m[ 11.332477 0:2 axvm::arch::aarch64::fdt::core::parser:85] [32mVM[1] host-FDT PCI node path=/pinctrl/pcie30phy/pcie30phy-pins name=pcie30phy-pins compatible=[] reg=[] properties=[][m
[m[37m[ 11.333939 0:2 axvm::arch::aarch64::fdt::core::parser:85] [32mVM[1] host-FDT PCI node path=/pinctrl/pcie30x1 name=pcie30x1 compatible=[] reg=[] properties=[][m
[m[37m[ 11.335236 0:2 axvm::arch::aarch64::fdt::core::parser:85] [32mVM[1] host-FDT PCI node path=/pinctrl/pcie30x1/pcie30x1m0-pins name=pcie30x1m0-pins compatible=[] reg=[] properties=[][m
[m[37m[ 11.336705 0:2 axvm::arch::aarch64::fdt::core::parser:85] [32mVM[1] host-FDT PCI node path=/pinctrl/pcie30x1/pcie30x1m1-pins name=pcie30x1m1-pins compatible=[] reg=[] properties=[][m
[m[37m[ 11.338173 0:2 axvm::arch::aarch64::fdt::core::parser:85] [32mVM[1] host-FDT PCI node path=/pinctrl/pcie30x1/pcie30x1m2-pins name=pcie30x1m2-pins compatible=[] reg=[] properties=[][m
[m[37m[ 11.339643 0:2 axvm::arch::aarch64::fdt::core::parser:85] [32mVM[1] host-FDT PCI node path=/pinctrl/pcie30x1/pcie30x1-0-button-rstn name=pcie30x1-0-button-rstn compatible=[] reg=[] properties=[][m
[m[37m[ 11.341217 0:2 axvm::arch::aarch64::fdt::core::parser:85] [32mVM[1] host-FDT PCI node path=/pinctrl/pcie30x1/pcie30x1-1-button-rstn name=pcie30x1-1-button-rstn compatible=[] reg=[] properties=[][m
[m[37m[ 11.342803 0:2 axvm::arch::aarch64::fdt::core::parser:85] [32mVM[1] host-FDT PCI node path=/pinctrl/pcie30x2 name=pcie30x2 compatible=[] reg=[] properties=[][m
[m[37m[ 11.344101 0:2 axvm::arch::aarch64::fdt::core::parser:85] [32mVM[1] host-FDT PCI node path=/pinctrl/pcie30x2/pcie30x2m0-pins name=pcie30x2m0-pins compatible=[] reg=[] properties=[][m
[m[37m[ 11.345570 0:2 axvm::arch::aarch64::fdt::core::parser:85] [32mVM[1] host-FDT PCI node path=/pinctrl/pcie30x2/pcie30x2m1-pins name=pcie30x2m1-pins compatible=[] reg=[] properties=[][m
[m[37m[ 11.347040 0:2 axvm::arch::aarch64::fdt::core::parser:85] [32mVM[1] host-FDT PCI node path=/pinctrl/pcie30x2/pcie30x2m2-pins name=pcie30x2m2-pins compatible=[] reg=[] properties=[][m
[m[37m[ 11.348508 0:2 axvm::arch::aarch64::fdt::core::parser:85] [32mVM[1] host-FDT PCI node path=/pinctrl/pcie30x2/pcie30x2m3-pins name=pcie30x2m3-pins compatible=[] reg=[] properties=[][m
[m[37m[ 11.349977 0:2 axvm::arch::aarch64::fdt::core::parser:85] [32mVM[1] host-FDT PCI node path=/pinctrl/pcie30x2/pcie30x2-button-rstn name=pcie30x2-button-rstn compatible=[] reg=[] properties=[][m
[m[37m[ 11.351520 0:2 axvm::arch::aarch64::fdt::core::parser:85] [32mVM[1] host-FDT PCI node path=/pinctrl/pcie30x4 name=pcie30x4 compatible=[] reg=[] properties=[][m
[m[37m[ 11.352830 0:2 axvm::arch::aarch64::fdt::core::parser:85] [32mVM[1] host-FDT PCI node path=/pinctrl/pcie30x4/pcie30x4m0-pins name=pcie30x4m0-pins compatible=[] reg=[] properties=[][m
[m[37m[ 11.354300 0:2 axvm::arch::aarch64::fdt::core::parser:85] [32mVM[1] host-FDT PCI node path=/pinctrl/pcie30x4/pcie30x4m1-pins name=pcie30x4m1-pins compatible=[] reg=[] properties=[][m
[m[37m[ 11.355769 0:2 axvm::arch::aarch64::fdt::core::parser:85] [32mVM[1] host-FDT PCI node path=/pinctrl/pcie30x4/pcie30x4m2-pins name=pcie30x4m2-pins compatible=[] reg=[] properties=[][m
[m[37m[ 11.357238 0:2 axvm::arch::aarch64::fdt::core::parser:85] [32mVM[1] host-FDT PCI node path=/pinctrl/pcie30x4/pcie30x4m3-pins name=pcie30x4m3-pins compatible=[] reg=[] properties=[][m
[m[37m[ 11.358706 0:2 axvm::arch::aarch64::fdt::core::parser:85] [32mVM[1] host-FDT PCI node path=/pinctrl/pcie30x4/pcie30x4-button-rstn name=pcie30x4-button-rstn compatible=[] reg=[] properties=[][m
[m[37m[ 11.363723 0:2 axvm::arch::aarch64::fdt::core::parser:85] [32mVM[1] host-FDT PCI node path=/pinctrl/wireless-wlan/pcie-wifi-gpio name=pcie-wifi-gpio compatible=[] reg=[] properties=[][m
[m[37m[ 11.365238 0:2 axvm::arch::aarch64::fdt::core::parser:85] [32mVM[1] host-FDT PCI node path=/pinctrl/pcie name=pcie compatible=[] reg=[] properties=[][m
[m[37m[ 11.366476 0:2 axvm::arch::aarch64::fdt::core::parser:85] [32mVM[1] host-FDT PCI node path=/pinctrl/pcie/pcie30x4-clkreqn-m1 name=pcie30x4-clkreqn-m1 compatible=[] reg=[] properties=[][m
[m[37m[ 11.368744 0:2 axvm::arch::aarch64::fdt::core::parser:85] [32mVM[1] host-FDT PCI node path=/pcie@fe150000 name=pcie@fe150000 compatible=["rockchip,rk3588-pcie", "snps,dw-pcie"] reg=[(4262789120, Some(65536)), (44023414784, Some(4194304))] properties=[("compatible", 34), ("reg", 32), ("ranges", 112), ("interrupt-map", 96), ("interrupt-map-mask", 16), ("msi-map", 16), ("bus-range", 8)][m
[m[37m[ 11.371801 0:2 axvm::arch::aarch64::fdt::core::parser:85] [32mVM[1] host-FDT PCI node path=/pcie@fe150000/legacy-interrupt-controller name=legacy-interrupt-controller compatible=[] reg=[] properties=[][m
[m[37m[ 11.373445 0:2 axvm::arch::aarch64::fdt::core::parser:85] [32mVM[1] host-FDT PCI node path=/pcie@fe160000 name=pcie@fe160000 compatible=["rockchip,rk3588-pcie", "snps,dw-pcie"] reg=[(4262854656, Some(65536)), (44027609088, Some(4194304))] properties=[("compatible", 34), ("reg", 32), ("ranges", 112), ("interrupt-map", 96), ("interrupt-map-mask", 16), ("msi-map", 16), ("bus-range", 8)][m
[m[37m[ 11.376473 0:2 axvm::arch::aarch64::fdt::core::parser:85] [32mVM[1] host-FDT PCI node path=/pcie@fe160000/legacy-interrupt-controller name=legacy-interrupt-controller compatible=[] reg=[] properties=[][m
[m[37m[ 11.378118 0:2 axvm::arch::aarch64::fdt::core::parser:85] [32mVM[1] host-FDT PCI node path=/pcie@fe170000 name=pcie@fe170000 compatible=["rockchip,rk3588-pcie", "snps,dw-pcie"] reg=[(4262920192, Some(65536)), (44031803392, Some(4194304))] properties=[("compatible", 34), ("reg", 32), ("ranges", 112), ("interrupt-map", 96), ("interrupt-map-mask", 16), ("msi-map", 16), ("bus-range", 8)][m
[m[37m[ 11.381146 0:2 axvm::arch::aarch64::fdt::core::parser:85] [32mVM[1] host-FDT PCI node path=/pcie@fe170000/legacy-interrupt-controller name=legacy-interrupt-controller compatible=[] reg=[] properties=[][m
[m[37m[ 11.383525 0:2 axvm::arch::aarch64::fdt::core::parser:85] [32mVM[1] host-FDT PCI node path=/pcie20-avdd0v85 name=pcie20-avdd0v85 compatible=["regulator-fixed"] reg=[] properties=[("compatible", 16)][m
[m[37m[ 11.385138 0:2 axvm::arch::aarch64::fdt::core::parser:85] [32mVM[1] host-FDT PCI node path=/pcie20-avdd1v8 name=pcie20-avdd1v8 compatible=["regulator-fixed"] reg=[] properties=[("compatible", 16)][m
[m[37m[ 11.386734 0:2 axvm::arch::aarch64::fdt::core::parser:85] [32mVM[1] host-FDT PCI node path=/pcie30-avdd0v75 name=pcie30-avdd0v75 compatible=["regulator-fixed"] reg=[] properties=[("compatible", 16)][m
[m[37m[ 11.388346 0:2 axvm::arch::aarch64::fdt::core::parser:85] [32mVM[1] host-FDT PCI node path=/pcie30-avdd1v8 name=pcie30-avdd1v8 compatible=["regulator-fixed"] reg=[] properties=[("compatible", 16)][m
[m[37m[ 11.389964 0:2 axvm::arch::aarch64::fdt::core::parser:85] [32mVM[1] host-FDT PCI node path=/vcc3v3-pcie30 name=vcc3v3-pcie30 compatible=["regulator-fixed"] reg=[] properties=[("compatible", 16)][m
[m[37m[ 11.718537 0:2 axvm::arch::aarch64::fdt::core::parser:98] [32mVM[1] generated guest-FDT bytes=276196[m
[m[37m[ 11.834626 0:2 axvm::arch::aarch64::fdt::core::parser:109] [32mVM[1] generated guest-FDT PCI paths: ["/pinctrl/pcie20x1", "/pinctrl/pcie20x1/pcie20x1m0-pins", "/pinctrl/pcie20x1/pcie20x1m1-pins", "/pinctrl/pcie20x1/pcie20x1-2-button-rstn", "/pinctrl/pcie30phy", "/pinctrl/pcie30phy/pcie30phy-pins", "/pinctrl/pcie30x1", "/pinctrl/pcie30x1/pcie30x1m0-pins", "/pinctrl/pcie30x1/pcie30x1m1-pins", "/pinctrl/pcie30x1/pcie30x1m2-pins", "/pinctrl/pcie30x1/pcie30x1-0-button-rstn", "/pinctrl/pcie30x1/pcie30x1-1-button-rstn", "/pinctrl/pcie30x2", "/pinctrl/pcie30x2/pcie30x2m0-pins", "/pinctrl/pcie30x2/pcie30x2m1-pins", "/pinctrl/pcie30x2/pcie30x2m2-pins", "/pinctrl/pcie30x2/pcie30x2m3-pins", "/pinctrl/pcie30x2/pcie30x2-button-rstn", "/pinctrl/pcie30x4", "/pinctrl/pcie30x4/pcie30x4m0-pins", "/pinctrl/pcie30x4/pcie30x4m1-pins", "/pinctrl/pcie30x4/pcie30x4m2-pins", "/pinctrl/pcie30x4/pcie30x4m3-pins", "/pinctrl/pcie30x4/pcie30x4-button-rstn", "/pinctrl/wireless-wlan/pcie-wifi-gpio", "/pinctrl/pcie", "/pinctrl/pcie/pcie30x4-clkreqn-m1", "/pcie20-avdd0v85", "/pcie20-avdd1v8", "/pcie30-avdd0v75", "/pcie30-avdd1v8", "/vcc3v3-pcie30"][m
[m[37m[ 11.854688 0:2 axvm::arch::aarch64::fdt::core::parser:143] [32mVM[1] guest-FDT PCI property-count=0 property-names=[][m
[m[37m[ 11.855673 0:2 axvm::arch::aarch64::fdt::core::parser:149] [32mVM[1] generated guest-FDT PCI node path=/pinctrl/pcie20x1 name=pcie20x1 compatible=[] reg=[] properties=[][m
[m[37m[ 11.857069 0:2 axvm::arch::aarch64::fdt::core::parser:143] [32mVM[1] guest-FDT PCI property-count=0 property-names=[][m
[m[37m[ 11.858051 0:2 axvm::arch::aarch64::fdt::core::parser:149] [32mVM[1] generated guest-FDT PCI node path=/pinctrl/pcie20x1/pcie20x1m0-pins name=pcie20x1m0-pins compatible=[] reg=[] properties=[][m
[m[37m[ 11.859618 0:2 axvm::arch::aarch64::fdt::core::parser:143] [32mVM[1] guest-FDT PCI property-count=0 property-names=[][m
[m[37m[ 11.860600 0:2 axvm::arch::aarch64::fdt::core::parser:149] [32mVM[1] generated guest-FDT PCI node path=/pinctrl/pcie20x1/pcie20x1m1-pins name=pcie20x1m1-pins compatible=[] reg=[] properties=[][m
[m[37m[ 11.862181 0:2 axvm::arch::aarch64::fdt::core::parser:143] [32mVM[1] guest-FDT PCI property-count=0 property-names=[][m
[m[37m[ 11.863163 0:2 axvm::arch::aarch64::fdt::core::parser:149] [32mVM[1] generated guest-FDT PCI node path=/pinctrl/pcie20x1/pcie20x1-2-button-rstn name=pcie20x1-2-button-rstn compatible=[] reg=[] properties=[][m
[m[37m[ 11.864834 0:2 axvm::arch::aarch64::fdt::core::parser:143] [32mVM[1] guest-FDT PCI property-count=0 property-names=[][m
[m[37m[ 11.865816 0:2 axvm::arch::aarch64::fdt::core::parser:149] [32mVM[1] generated guest-FDT PCI node path=/pinctrl/pcie30phy name=pcie30phy compatible=[] reg=[] properties=[][m
[m[37m[ 11.867224 0:2 axvm::arch::aarch64::fdt::core::parser:143] [32mVM[1] guest-FDT PCI property-count=0 property-names=[][m
[m[37m[ 11.868206 0:2 axvm::arch::aarch64::fdt::core::parser:149] [32mVM[1] generated guest-FDT PCI node path=/pinctrl/pcie30phy/pcie30phy-pins name=pcie30phy-pins compatible=[] reg=[] properties=[][m
[m[37m[ 11.869764 0:2 axvm::arch::aarch64::fdt::core::parser:143] [32mVM[1] guest-FDT PCI property-count=0 property-names=[][m
[m[37m[ 11.870745 0:2 axvm::arch::aarch64::fdt::core::parser:149] [32mVM[1] generated guest-FDT PCI node path=/pinctrl/pcie30x1 name=pcie30x1 compatible=[] reg=[] properties=[][m
[m[37m[ 11.872152 0:2 axvm::arch::aarch64::fdt::core::parser:143] [32mVM[1] guest-FDT PCI property-count=0 property-names=[][m
[m[37m[ 11.873134 0:2 axvm::arch::aarch64::fdt::core::parser:149] [32mVM[1] generated guest-FDT PCI node path=/pinctrl/pcie30x1/pcie30x1m0-pins name=pcie30x1m0-pins compatible=[] reg=[] properties=[][m
[m[37m[ 11.874701 0:2 axvm::arch::aarch64::fdt::core::parser:143] [32mVM[1] guest-FDT PCI property-count=0 property-names=[][m
[m[37m[ 11.875683 0:2 axvm::arch::aarch64::fdt::core::parser:149] [32mVM[1] generated guest-FDT PCI node path=/pinctrl/pcie30x1/pcie30x1m1-pins name=pcie30x1m1-pins compatible=[] reg=[] properties=[][m
[m[37m[ 11.877249 0:2 axvm::arch::aarch64::fdt::core::parser:143] [32mVM[1] guest-FDT PCI property-count=0 property-names=[][m
[m[37m[ 11.878231 0:2 axvm::arch::aarch64::fdt::core::parser:149] [32mVM[1] generated guest-FDT PCI node path=/pinctrl/pcie30x1/pcie30x1m2-pins name=pcie30x1m2-pins compatible=[] reg=[] properties=[][m
[m[37m[ 11.879796 0:2 axvm::arch::aarch64::fdt::core::parser:143] [32mVM[1] guest-FDT PCI property-count=0 property-names=[][m
[m[37m[ 11.880777 0:2 axvm::arch::aarch64::fdt::core::parser:149] [32mVM[1] generated guest-FDT PCI node path=/pinctrl/pcie30x1/pcie30x1-0-button-rstn name=pcie30x1-0-button-rstn compatible=[] reg=[] properties=[][m
[m[37m[ 11.882462 0:2 axvm::arch::aarch64::fdt::core::parser:143] [32mVM[1] guest-FDT PCI property-count=0 property-names=[][m
[m[37m[ 11.883444 0:2 axvm::arch::aarch64::fdt::core::parser:149] [32mVM[1] generated guest-FDT PCI node path=/pinctrl/pcie30x1/pcie30x1-1-button-rstn name=pcie30x1-1-button-rstn compatible=[] reg=[] properties=[][m
[m[37m[ 11.885114 0:2 axvm::arch::aarch64::fdt::core::parser:143] [32mVM[1] guest-FDT PCI property-count=0 property-names=[][m
[m[37m[ 11.886096 0:2 axvm::arch::aarch64::fdt::core::parser:149] [32mVM[1] generated guest-FDT PCI node path=/pinctrl/pcie30x2 name=pcie30x2 compatible=[] reg=[] properties=[][m
[m[37m[ 11.887489 0:2 axvm::arch::aarch64::fdt::core::parser:143] [32mVM[1] guest-FDT PCI property-count=0 property-names=[][m
[m[37m[ 11.888471 0:2 axvm::arch::aarch64::fdt::core::parser:149] [32mVM[1] generated guest-FDT PCI node path=/pinctrl/pcie30x2/pcie30x2m0-pins name=pcie30x2m0-pins compatible=[] reg=[] properties=[][m
[m[37m[ 11.890037 0:2 axvm::arch::aarch64::fdt::core::parser:143] [32mVM[1] guest-FDT PCI property-count=0 property-names=[][m
[m[37m[ 11.891019 0:2 axvm::arch::aarch64::fdt::core::parser:149] [32mVM[1] generated guest-FDT PCI node path=/pinctrl/pcie30x2/pcie30x2m1-pins name=pcie30x2m1-pins compatible=[] reg=[] properties=[][m
[m[37m[ 11.892598 0:2 axvm::arch::aarch64::fdt::core::parser:143] [32mVM[1] guest-FDT PCI property-count=0 property-names=[][m
[m[37m[ 11.893580 0:2 axvm::arch::aarch64::fdt::core::parser:149] [32mVM[1] generated guest-FDT PCI node path=/pinctrl/pcie30x2/pcie30x2m2-pins name=pcie30x2m2-pins compatible=[] reg=[] properties=[][m
[m[37m[ 11.895147 0:2 axvm::arch::aarch64::fdt::core::parser:143] [32mVM[1] guest-FDT PCI property-count=0 property-names=[][m
[m[37m[ 11.896129 0:2 axvm::arch::aarch64::fdt::core::parser:149] [32mVM[1] generated guest-FDT PCI node path=/pinctrl/pcie30x2/pcie30x2m3-pins name=pcie30x2m3-pins compatible=[] reg=[] properties=[][m
[m[37m[ 11.897694 0:2 axvm::arch::aarch64::fdt::core::parser:143] [32mVM[1] guest-FDT PCI property-count=0 property-names=[][m
[m[37m[ 11.898676 0:2 axvm::arch::aarch64::fdt::core::parser:149] [32mVM[1] generated guest-FDT PCI node path=/pinctrl/pcie30x2/pcie30x2-button-rstn name=pcie30x2-button-rstn compatible=[] reg=[] properties=[][m
[m[37m[ 11.900316 0:2 axvm::arch::aarch64::fdt::core::parser:143] [32mVM[1] guest-FDT PCI property-count=0 property-names=[][m
[m[37m[ 11.901298 0:2 axvm::arch::aarch64::fdt::core::parser:149] [32mVM[1] generated guest-FDT PCI node path=/pinctrl/pcie30x4 name=pcie30x4 compatible=[] reg=[] properties=[][m
[m[37m[ 11.902704 0:2 axvm::arch::aarch64::fdt::core::parser:143] [32mVM[1] guest-FDT PCI property-count=0 property-names=[][m
[m[37m[ 11.903686 0:2 axvm::arch::aarch64::fdt::core::parser:149] [32mVM[1] generated guest-FDT PCI node path=/pinctrl/pcie30x4/pcie30x4m0-pins name=pcie30x4m0-pins compatible=[] reg=[] properties=[][m
[m[37m[ 11.905252 0:2 axvm::arch::aarch64::fdt::core::parser:143] [32mVM[1] guest-FDT PCI property-count=0 property-names=[][m
[m[37m[ 11.906235 0:2 axvm::arch::aarch64::fdt::core::parser:149] [32mVM[1] generated guest-FDT PCI node path=/pinctrl/pcie30x4/pcie30x4m1-pins name=pcie30x4m1-pins compatible=[] reg=[] properties=[][m
[m[37m[ 11.907801 0:2 axvm::arch::aarch64::fdt::core::parser:143] [32mVM[1] guest-FDT PCI property-count=0 property-names=[][m
[m[37m[ 11.908783 0:2 axvm::arch::aarch64::fdt::core::parser:149] [32mVM[1] generated guest-FDT PCI node path=/pinctrl/pcie30x4/pcie30x4m2-pins name=pcie30x4m2-pins compatible=[] reg=[] properties=[][m
[m[37m[ 11.910349 0:2 axvm::arch::aarch64::fdt::core::parser:143] [32mVM[1] guest-FDT PCI property-count=0 property-names=[][m
[m[37m[ 11.911331 0:2 axvm::arch::aarch64::fdt::core::parser:149] [32mVM[1] generated guest-FDT PCI node path=/pinctrl/pcie30x4/pcie30x4m3-pins name=pcie30x4m3-pins compatible=[] reg=[] properties=[][m
[m[37m[ 11.912913 0:2 axvm::arch::aarch64::fdt::core::parser:143] [32mVM[1] guest-FDT PCI property-count=0 property-names=[][m
[m[37m[ 11.913895 0:2 axvm::arch::aarch64::fdt::core::parser:149] [32mVM[1] generated guest-FDT PCI node path=/pinctrl/pcie30x4/pcie30x4-button-rstn name=pcie30x4-button-rstn compatible=[] reg=[] properties=[][m
[m[37m[ 11.918921 0:2 axvm::arch::aarch64::fdt::core::parser:143] [32mVM[1] guest-FDT PCI property-count=0 property-names=[][m
[m[37m[ 11.919903 0:2 axvm::arch::aarch64::fdt::core::parser:149] [32mVM[1] generated guest-FDT PCI node path=/pinctrl/wireless-wlan/pcie-wifi-gpio name=pcie-wifi-gpio compatible=[] reg=[] properties=[][m
[m[37m[ 11.921514 0:2 axvm::arch::aarch64::fdt::core::parser:143] [32mVM[1] guest-FDT PCI property-count=0 property-names=[][m
[m[37m[ 11.922509 0:2 axvm::arch::aarch64::fdt::core::parser:149] [32mVM[1] generated guest-FDT PCI node path=/pinctrl/pcie name=pcie compatible=[] reg=[] properties=[][m
[m[37m[ 11.923838 0:2 axvm::arch::aarch64::fdt::core::parser:143] [32mVM[1] guest-FDT PCI property-count=0 property-names=[][m
[m[37m[ 11.924820 0:2 axvm::arch::aarch64::fdt::core::parser:149] [32mVM[1] generated guest-FDT PCI node path=/pinctrl/pcie/pcie30x4-clkreqn-m1 name=pcie30x4-clkreqn-m1 compatible=[] reg=[] properties=[][m
[m[37m[ 11.927862 0:2 axvm::arch::aarch64::fdt::core::parser:143] [32mVM[1] guest-FDT PCI property-count=0 property-names=[][m
[m[37m[ 11.928844 0:2 axvm::arch::aarch64::fdt::core::parser:149] [32mVM[1] generated guest-FDT PCI node path=/pcie20-avdd0v85 name=pcie20-avdd0v85 compatible=["regulator-fixed"] reg=[] properties=[][m
[m[37m[ 11.930414 0:2 axvm::arch::aarch64::fdt::core::parser:143] [32mVM[1] guest-FDT PCI property-count=0 property-names=[][m
[m[37m[ 11.931397 0:2 axvm::arch::aarch64::fdt::core::parser:149] [32mVM[1] generated guest-FDT PCI node path=/pcie20-avdd1v8 name=pcie20-avdd1v8 compatible=["regulator-fixed"] reg=[] properties=[][m
[m[37m[ 11.932965 0:2 axvm::arch::aarch64::fdt::core::parser:143] [32mVM[1] guest-FDT PCI property-count=0 property-names=[][m
[m[37m[ 11.933948 0:2 axvm::arch::aarch64::fdt::core::parser:149] [32mVM[1] generated guest-FDT PCI node path=/pcie30-avdd0v75 name=pcie30-avdd0v75 compatible=["regulator-fixed"] reg=[] properties=[][m
[m[37m[ 11.935518 0:2 axvm::arch::aarch64::fdt::core::parser:143] [32mVM[1] guest-FDT PCI property-count=0 property-names=[][m
[m[37m[ 11.936500 0:2 axvm::arch::aarch64::fdt::core::parser:149] [32mVM[1] generated guest-FDT PCI node path=/pcie30-avdd1v8 name=pcie30-avdd1v8 compatible=["regulator-fixed"] reg=[] properties=[][m
[m[37m[ 11.938075 0:2 axvm::arch::aarch64::fdt::core::parser:143] [32mVM[1] guest-FDT PCI property-count=0 property-names=[][m
[m[37m[ 11.939058 0:2 axvm::arch::aarch64::fdt::core::parser:149] [32mVM[1] generated guest-FDT PCI node path=/vcc3v3-pcie30 name=vcc3v3-pcie30 compatible=["regulator-fixed"] reg=[] properties=[][m
[m[37m[ 12.337589 0:2 axvm::arch::aarch64::fdt::core::device:96] [32mFound excluded devices: ["/pcie@fe150000", "/pcie@fe160000", "/pcie@fe170000", "/pcie@fe180000", "/pcie@fe190000", "/interrupt-controller@fe600000", "/serial@fd890000", "/serial@feb40000", "/serial@feb50000", "/serial@feb60000", "/serial@feb70000", "/serial@feb80000", "/serial@feb90000", "/serial@feba0000", "/serial@febb0000", "/serial@febc0000", "/timer", "/timer@feae0000", "/interrupt-controller@fe600000/msi-controller@fe640000", "/interrupt-controller@fe600000/msi-controller@fe660000"][m
[m[37m[ 12.342113 0:2 axvm::arch::aarch64::fdt::core::device:107] [32mExcluding device: /interrupt-controller@fe600000[m
[m[37m[ 12.343053 0:2 axvm::arch::aarch64::fdt::core::device:107] [32mExcluding device: /interrupt-controller@fe600000/msi-controller@fe640000[m
[m[37m[ 12.344178 0:2 axvm::arch::aarch64::fdt::core::device:107] [32mExcluding device: /interrupt-controller@fe600000/msi-controller@fe660000[m
[m[37m[ 12.591165 0:2 axvm::arch::aarch64::fdt::core::device:96] [32mFound excluded devices: ["/pcie@fe150000", "/pcie@fe160000", "/pcie@fe170000", "/pcie@fe180000", "/pcie@fe190000", "/interrupt-controller@fe600000", "/serial@fd890000", "/serial@feb40000", "/serial@feb50000", "/serial@feb60000", "/serial@feb70000", "/serial@feb80000", "/serial@feb90000", "/serial@feba0000", "/serial@febb0000", "/serial@febc0000", "/timer", "/timer@feae0000", "/interrupt-controller@fe600000/msi-controller@fe640000", "/interrupt-controller@fe600000/msi-controller@fe660000"][m
[m[37m[ 12.595687 0:2 axvm::arch::aarch64::fdt::core::device:107] [32mExcluding device: /interrupt-controller@fe600000[m
[m[37m[ 12.596628 0:2 axvm::arch::aarch64::fdt::core::device:107] [32mExcluding device: /interrupt-controller@fe600000/msi-controller@fe640000[m
[m[37m[ 12.597753 0:2 axvm::arch::aarch64::fdt::core::device:107] [32mExcluding device: /interrupt-controller@fe600000/msi-controller@fe660000[m
[m[37m[ 12.609760 0:2 axvm::arch::aarch64::fdt::core::parser:705] [32mpassthrough address discovery selected paths: {"/__symbols__", "/adc-keys", "/adc-keys/esc-key", "/adc-keys/menu-key", "/adc-keys/vol-down-key", "/adc-keys/vol-up-key", "/aliases", "/arm-pmu", "/av1d@fdc70000", "/avsd-plus@fdb51000", "/backlight", "/backlight1", "/bt-sco", "/bt-sound", "/bt-sound/simple-audio-card,codec", "/bt-sound/simple-audio-card,cpu", "/can@fea50000", "/can@fea60000", "/can@fea70000", "/chosen", "/clock-controller@fd7c0000", "/clocks", "/clocks/aclk_av1_pre@fd7c0910", "/clocks/aclk_hdcp0_pre@fd7c08dc", "/clocks/aclk_hdcp1_pre@fd7c08ec", "/clocks/aclk_isp1_pre@fd7c0868", "/clocks/aclk_jpeg_decoder_pre@fd7c08b0", "/clocks/aclk_rkvdec0_pre@fd7c08a0", "/clocks/aclk_rkvdec1_pre@fd7c08a4", "/clocks/aclk_rkvenc1_pre@fd7c08c0", "/clocks/aclk_usb@fd7c08a8", "/clocks/aclk_vdpu_low_pre@fd7c08b0", "/clocks/hclk_isp1_pre@fd7c0868", "/clocks/hclk_nvm@fd7c087c", "/clocks/hclk_rkvdec0_pre@fd7c08a0", "/clocks/hclk_rkvdec1_pre@fd7c08a4", "/clocks/hclk_rkvenc1_pre@fd7c08c0", "/clocks/hclk_sdio_pre@fd7c092c", "/clocks/hclk_usb@fd7c08a8", "/clocks/hclk_vo0@fd7c08dc", "/clocks/hclk_vo1@fd7c08ec", "/clocks/mclkin-i2s0", "/clocks/mclkin-i2s1", "/clocks/mclkin-i2s2", "/clocks/mclkin-i2s3", "/clocks/mclkout-i2s0@fd58c318", "/clocks/mclkout-i2s1@fd58a000", "/clocks/mclkout-i2s1@fd58c318", "/clocks/mclkout-i2s2@fd58c318", "/clocks/mclkout-i2s3@fd58c318", "/clocks/pclk_av1_pre@fd7c0910", "/clocks/pclk_vo0_grf@fd7c08dc", "/clocks/pclk_vo1_grf@fd7c08ec", "/clocks/spll", "/clocks/xin24m", "/clocks/xin32k", "/cluster0-opp-table", "/cluster0-opp-table/opp-1008000000", "/cluster0-opp-table/opp-1200000000", "/cluster0-opp-table/opp-1416000000", "/cluster0-opp-table/opp-1608000000", "/cluster0-opp-table/opp-1800000000", "/cluster0-opp-table/opp-408000000", "/cluster0-opp-table/opp-600000000", "/cluster0-opp-table/opp-816000000", "/cluster0-opp-table/opp-j-1296000000", "/cluster0-opp-table/opp-j-m-1008000000", "/cluster0-opp-table/opp-j-m-12[m<log truncated>
[37m[ 12.656549 0:2 axvm::arch::aarch64::fdt::core::parser:761] [32mpassthrough address discovery resolved assignments: [HostDeviceAssignment { name: "hclk_vo1@fd7c08ec", base_gpa: 4252764396, base_hpa: 4252764396, length: 16 }, HostDeviceAssignment { name: "aclk_vdpu_low_pre@fd7c08b0", base_gpa: 4252764336, base_hpa: 4252764336, length: 16 }, HostDeviceAssignment { name: "hclk_vo0@fd7c08dc", base_gpa: 4252764380, base_hpa: 4252764380, length: 16 }, HostDeviceAssignment { name: "hclk_usb@fd7c08a8", base_gpa: 4252764328, base_hpa: 4252764328, length: 16 }, HostDeviceAssignment { name: "hclk_nvm@fd7c087c", base_gpa: 4252764284, base_hpa: 4252764284, length: 16 }, HostDeviceAssignment { name: "aclk_usb@fd7c08a8", base_gpa: 4252764328, base_hpa: 4252764328, length: 16 }, HostDeviceAssignment { name: "hclk_isp1_pre@fd7c0868", base_gpa: 4252764264, base_hpa: 4252764264, length: 16 }, HostDeviceAssignment { name: "aclk_isp1_pre@fd7c0868", base_gpa: 4252764264, base_hpa: 4252764264, length: 16 }, HostDeviceAssignment { name: "aclk_rkvdec0_pre@fd7c08a0", base_gpa: 4252764320, base_hpa: 4252764320, length: 16 }, HostDeviceAssignment { name: "hclk_rkvdec0_pre@fd7c08a0", base_gpa: 4252764320, base_hpa: 4252764320, length: 16 }, HostDeviceAssignment { name: "aclk_rkvdec1_pre@fd7c08a4", base_gpa: 4252764324, base_hpa: 4252764324, length: 16 }, HostDeviceAssignment { name: "hclk_rkvdec1_pre@fd7c08a4", base_gpa: 4252764324, base_hpa: 4252764324, length: 16 }, HostDeviceAssignment { name: "aclk_jpeg_decoder_pre@fd7c08b0", base_gpa: 4252764336, base_hpa: 4252764336, length: 16 }, HostDeviceAssignment { name: "aclk_rkvenc1_pre@fd7c08c0", base_gpa: 4252764352, base_hpa: 4252764352, length: 16 }, HostDeviceAssignment { name: "hclk_rkvenc1_pre@fd7c08c0", base_gpa: 4252764352, base_hpa: 4252764352, length: 16 }, HostDeviceAssignment { name: "aclk_hdcp0_pre@fd7c08dc", base_gpa: 4252764380, base_hpa: 4252764380, length: 16 }, HostDeviceAssignment { name: "aclk_hdcp1_pre@fd7c08ec", base_gpa: 4252764396, base_hpa: 4252[m<log truncated>
[37m[ 12.708164 0:2 axvisor::config:266] [32mCreating VM[1] "atk-task123-starry"[m
[m[37m[ 12.828756 0:2 axvm::vm:1133] [32mVM created: id=1[m
[m[37m[ 12.829583 0:2 axvisor::config:278] [32mVM[1] created success, loading images...[m
[m[37m[ 12.868648 0:2 axvm::boot::images:137] [32mLoading ramdisk image from memory (32055708 bytes) into GPA @0x7c000000[m
[m[37m[ 13.409618 0:2 axdevice::device:1232] [32mDeviceRuntime: registered device id=0[m
[m[37m[ 13.410518 0:2 axdevice::device:1232] [32mDeviceRuntime: registered device id=1[m
[m[37m[ 13.411216 0:2 axdevice::device:1232] [32mDeviceRuntime: registered device id=2[m
[m[37m[ 13.411922 0:2 axdevice::device:1232] [32mDeviceRuntime: registered device id=3[m
[m[37m[ 13.412628 0:2 axdevice::device:1232] [32mDeviceRuntime: registered device id=4[m
[m[37m[ 13.413413 0:2 axdevice::device:1232] [32mDeviceRuntime: registered device id=5[m
[m[37m[ 13.414208 0:2 axdevice::device:1232] [32mDeviceRuntime: registered device id=6[m
[m[37m[ 13.415200 0:2 axvm::vm::prepare::address_space:87] [32mVM[1] stage2 passthrough: GPA 0x0..0x110000 -> HPA 0x0..0x110000[m
[m[37m[ 13.416303 0:2 axvm::vm::prepare::address_space:87] [32mVM[1] stage2 passthrough: GPA 0x200000..0xa000000 -> HPA 0x200000..0xa000000[m
[m[37m[ 13.417420 0:2 axvm::vm::prepare::address_space:87] [32mVM[1] stage2 passthrough: GPA 0xa001000..0x10000000 -> HPA 0xa001000..0x10000000[m
[m[37m[ 13.418727 0:2 axvm::vm::prepare::address_space:87] [32mVM[1] stage2 passthrough: GPA 0x18000000..0x40000000 -> HPA 0x18000000..0x40000000[m
[m[37m[ 13.419943 0:2 axvm::vm::prepare::address_space:87] [32mVM[1] stage2 passthrough: GPA 0x80000000..0xedf00000 -> HPA 0x80000000..0xedf00000[m
[m[37m[ 13.421370 0:2 axvm::vm::prepare::address_space:87] [32mVM[1] stage2 passthrough: GPA 0xee006000..0xf0000000 -> HPA 0xee006000..0xf0000000[m
[m[37m[ 13.422679 0:2 axvm::vm::prepare::address_space:87] [32mVM[1] stage2 passthrough: GPA 0xf5000000..0xfd7c0000 -> HPA 0xf5000000..0xfd7c0000[m
[m[37m[ 13.423984 0:2 axvm::vm::prepare::address_space:87] [32mVM[1] stage2 passthrough: GPA 0xfd81c000..0xfd890000 -> HPA 0xfd81c000..0xfd890000[m
[m[37m[ 13.425173 0:2 axvm::vm::prepare::address_space:87] [32mVM[1] stage2 passthrough: GPA 0xfd891000..0xfe150000 -> HPA 0xfd891000..0xfe150000[m
[m[37m[ 13.426547 0:2 axvm::vm::prepare::address_space:87] [32mVM[1] stage2 passthrough: GPA 0xfe1a0000..0xfe600000 -> HPA 0xfe1a0000..0xfe600000[m
[m[37m[ 13.427721 0:2 axvm::vm::prepare::address_space:87] [32mVM[1] stage2 passthrough: GPA 0xfe610000..0xfe640000 -> HPA 0xfe610000..0xfe640000[m
[m[37m[ 13.428883 0:2 axvm::vm::prepare::address_space:87] [32mVM[1] stage2 passthrough: GPA 0xfe780000..0xfeae0000 -> HPA 0xfe780000..0xfeae0000[m
[m[37m[ 13.430143 0:2 axvm::vm::prepare::address_space:87] [32mVM[1] stage2 passthrough: GPA 0xfeae1000..0xfeb40000 -> HPA 0xfeae1000..0xfeb40000[m
[m[37m[ 13.431315 0:2 axvm::vm::prepare::address_space:87] [32mVM[1] stage2 passthrough: GPA 0xfeb41000..0xfeb50000 -> HPA 0xfeb41000..0xfeb50000[m
[m[37m[ 13.432466 0:2 axvm::vm::prepare::address_space:87] [32mVM[1] stage2 passthrough: GPA 0xfeb51000..0xfeb60000 -> HPA 0xfeb51000..0xfeb60000[m
[m[37m[ 13.433619 0:2 axvm::vm::prepare::address_space:87] [32mVM[1] stage2 passthrough: GPA 0xfeb61000..0xfeb70000 -> HPA 0xfeb61000..0xfeb70000[m
[m[37m[ 13.434769 0:2 axvm::vm::prepare::address_space:87] [32mVM[1] stage2 passthrough: GPA 0xfeb71000..0xfeb80000 -> HPA 0xfeb71000..0xfeb80000[m
[m[37m[ 13.435918 0:2 axvm::vm::prepare::address_space:87] [32mVM[1] stage2 passthrough: GPA 0xfeb81000..0xfeb90000 -> HPA 0xfeb81000..0xfeb90000[m
[m[37m[ 13.437068 0:2 axvm::vm::prepare::address_space:87] [32mVM[1] stage2 passthrough: GPA 0xfeb91000..0xfeba0000 -> HPA 0xfeb91000..0xfeba0000[m
[m[37m[ 13.438218 0:2 axvm::vm::prepare::address_space:87] [32mVM[1] stage2 passthrough: GPA 0xfeba1000..0xfebb0000 -> HPA 0xfeba1000..0xfebb0000[m
[m[37m[ 13.439368 0:2 axvm::vm::prepare::address_space:87] [32mVM[1] stage2 passthrough: GPA 0xfebb1000..0xfebc0000 -> HPA 0xfebb1000..0xfebc0000[m
[m[37m[ 13.440518 0:2 axvm::vm::prepare::address_space:87] [32mVM[1] stage2 passthrough: GPA 0xfebc1000..0x900000000 -> HPA 0xfebc1000..0x900000000[m
[m[37m[ 13.445513 0:2 axvm::vm::prepare::address_space:87] [32mVM[1] stage2 passthrough: GPA 0xa41400000..0x8000000000 -> HPA 0xa41400000..0x8000000000[m
[m[37m[ 13.502862 0:2 axvm::vm::prepare:82] [32mVM setup: id=1[m
[m[37m[ 13.588566 0:2 axvm::arch::aarch64::fdt::core:68] [32mVM[2] keeps its explicitly configured virtual UART profile: GuestSerialProfile { model: Pl011, transport: Mmio { base: 150994944, length: 4096, register_shift: 0, register_width: Dword }, irq: 33, clock_hz: 24000000 }[m
[m[37m[ 13.593047 0:2 axvm::arch::aarch64::fdt::core:89] [32mVM[2] virtual GIC follows host firmware resources: GuestGicProfile { compatible: "arm,gic-v3", node_path: "/interrupt-controller@fe600000", node_phandle: Some(1), distributor: GuestMmioRegion { base: 4267704320, length: 65536 }, cpu_region: Redistributors(GuestGicRedistributorProfile { regions: [GuestMmioRegion { base: 4268228608, length: 1048576 }], stride: 131072 }), its: [GuestItsProfile { id: ItsId(0), node_path: "/interrupt-controller@fe600000/msi-controller@fe640000", node_phandle: Some(275), registers: GuestMmioRegion { base: 4267966464, length: 131072 } }, GuestItsProfile { id: ItsId(1), node_path: "/interrupt-controller@fe600000/msi-controller@fe660000", node_phandle: Some(457), registers: GuestMmioRegion { base: 4268097536, length: 131072 } }] }[m
[m[37m[ 13.599631 0:2 axvm::arch::aarch64::fdt::core:103] [32mVM[2] architectural timer follows host firmware PPIs[m
[m[37m[ 13.722580 0:2 axvm::arch::aarch64::fdt::core::parser:548] [32mCPU node: /cpus/cpu@0, node_id: 0x0, hardware_cpu_id: 0x0[m
[m[37m[ 13.723610 0:2 axvm::arch::aarch64::fdt::core::parser:548] [32mCPU node: /cpus/cpu@100, node_id: 0x100, hardware_cpu_id: 0x100[m
[m[37m[ 13.724680 0:2 axvm::arch::aarch64::fdt::core::parser:548] [32mCPU node: /cpus/cpu@200, node_id: 0x200, hardware_cpu_id: 0x200[m
[m[37m[ 13.725751 0:2 axvm::arch::aarch64::fdt::core::parser:548] [32mCPU node: /cpus/cpu@300, node_id: 0x300, hardware_cpu_id: 0x300[m
[m[37m[ 13.726820 0:2 axvm::arch::aarch64::fdt::core::parser:548] [32mCPU node: /cpus/cpu@400, node_id: 0x400, hardware_cpu_id: 0x400[m
[m[37m[ 13.727893 0:2 axvm::arch::aarch64::fdt::core::parser:548] [32mCPU node: /cpus/cpu@500, node_id: 0x500, hardware_cpu_id: 0x500[m
[m[37m[ 13.728963 0:2 axvm::arch::aarch64::fdt::core::parser:548] [32mCPU node: /cpus/cpu@600, node_id: 0x600, hardware_cpu_id: 0x600[m
[m[37m[ 13.730032 0:2 axvm::arch::aarch64::fdt::core::parser:548] [32mCPU node: /cpus/cpu@700, node_id: 0x700, hardware_cpu_id: 0x700[m
[m[37m[ 13.746606 0:2 axvm::arch::aarch64::fdt::core::parser:555] [32mFound 8 host CPU nodes[m
[m[37m[ 13.747359 0:2 axvm::arch::aarch64::fdt::core:154] [32mVM[2] DTB not found, generating from the VM configuration[m
[m[37m[ 14.062630 0:2 axvm::arch::aarch64::fdt::core::device:96] [32mFound excluded devices: ["/interrupt-controller@fe600000", "/serial@fd890000", "/serial@feb40000", "/serial@feb50000", "/serial@feb60000", "/serial@feb70000", "/serial@feb80000", "/serial@feb90000", "/serial@feba0000", "/serial@febb0000", "/serial@febc0000", "/timer", "/timer@feae0000", "/interrupt-controller@fe600000/msi-controller@fe640000", "/interrupt-controller@fe600000/msi-controller@fe660000"][m
[m[37m[ 14.071963 0:2 axvm::arch::aarch64::fdt::core::parser:57] [32mVM[2] generated-FDT passthrough paths: [][m
[m[37m[ 14.079232 0:2 axvm::arch::aarch64::fdt::core::parser:85] [32mVM[2] host-FDT PCI node path=/pcie@fe180000 name=pcie@fe180000 compatible=["rockchip,rk3588-pcie", "snps,dw-pcie"] reg=[(4262985728, Some(65536)), (44035997696, Some(4194304))] properties=[("compatible", 34), ("reg", 32), ("ranges", 112), ("interrupt-map", 96), ("interrupt-map-mask", 16), ("msi-map", 16), ("bus-range", 8)][m
[m[37m[ 14.082285 0:2 axvm::arch::aarch64::fdt::core::parser:85] [32mVM[2] host-FDT PCI node path=/pcie@fe180000/legacy-interrupt-controller name=legacy-interrupt-controller compatible=[] reg=[] properties=[][m
[m[37m[ 14.083932 0:2 axvm::arch::aarch64::fdt::core::parser:85] [32mVM[2] host-FDT PCI node path=/pcie@fe190000 name=pcie@fe190000 compatible=["rockchip,rk3588-pcie", "snps,dw-pcie"] reg=[(4263051264, Some(65536)), (44040192000, Some(4194304))] properties=[("compatible", 34), ("reg", 32), ("ranges", 112), ("interrupt-map", 96), ("interrupt-map-mask", 16), ("msi-map", 16), ("bus-range", 8)][m
[m[37m[ 14.086959 0:2 axvm::arch::aarch64::fdt::core::parser:85] [32mVM[2] host-FDT PCI node path=/pcie@fe190000/legacy-interrupt-controller name=legacy-interrupt-controller compatible=[] reg=[] properties=[][m
[m[37m[ 14.094150 0:2 axvm::arch::aarch64::fdt::core::parser:85] [32mVM[2] host-FDT PCI node path=/pinctrl/pcie20x1 name=pcie20x1 compatible=[] reg=[] properties=[][m
[m[37m[ 14.095450 0:2 axvm::arch::aarch64::fdt::core::parser:85] [32mVM[2] host-FDT PCI node path=/pinctrl/pcie20x1/pcie20x1m0-pins name=pcie20x1m0-pins compatible=[] reg=[] properties=[][m
[m[37m[ 14.096919 0:2 axvm::arch::aarch64::fdt::core::parser:85] [32mVM[2] host-FDT PCI node path=/pinctrl/pcie20x1/pcie20x1m1-pins name=pcie20x1m1-pins compatible=[] reg=[] properties=[][m
[m[37m[ 14.098389 0:2 axvm::arch::aarch64::fdt::core::parser:85] [32mVM[2] host-FDT PCI node path=/pinctrl/pcie20x1/pcie20x1-2-button-rstn name=pcie20x1-2-button-rstn compatible=[] reg=[] properties=[][m
[m[37m[ 14.099962 0:2 axvm::arch::aarch64::fdt::core::parser:85] [32mVM[2] host-FDT PCI node path=/pinctrl/pcie30phy name=pcie30phy compatible=[] reg=[] properties=[][m
[m[37m[ 14.101274 0:2 axvm::arch::aarch64::fdt::core::parser:85] [32mVM[2] host-FDT PCI node path=/pinctrl/pcie30phy/pcie30phy-pins name=pcie30phy-pins compatible=[] reg=[] properties=[][m
[m[37m[ 14.102749 0:2 axvm::arch::aarch64::fdt::core::parser:85] [32mVM[2] host-FDT PCI node path=/pinctrl/pcie30x1 name=pcie30x1 compatible=[] reg=[] properties=[][m
[m[37m[ 14.104046 0:2 axvm::arch::aarch64::fdt::core::parser:85] [32mVM[2] host-FDT PCI node path=/pinctrl/pcie30x1/pcie30x1m0-pins name=pcie30x1m0-pins compatible=[] reg=[] properties=[][m
[m[37m[ 14.105516 0:2 axvm::arch::aarch64::fdt::core::parser:85] [32mVM[2] host-FDT PCI node path=/pinctrl/pcie30x1/pcie30x1m1-pins name=pcie30x1m1-pins compatible=[] reg=[] properties=[][m
[m[37m[ 14.106985 0:2 axvm::arch::aarch64::fdt::core::parser:85] [32mVM[2] host-FDT PCI node path=/pinctrl/pcie30x1/pcie30x1m2-pins name=pcie30x1m2-pins compatible=[] reg=[] properties=[][m
[m[37m[ 14.108454 0:2 axvm::arch::aarch64::fdt::core::parser:85] [32mVM[2] host-FDT PCI node path=/pinctrl/pcie30x1/pcie30x1-0-button-rstn name=pcie30x1-0-button-rstn compatible=[] reg=[] properties=[][m
[m[37m[ 14.110028 0:2 axvm::arch::aarch64::fdt::core::parser:85] [32mVM[2] host-FDT PCI node path=/pinctrl/pcie30x1/pcie30x1-1-button-rstn name=pcie30x1-1-button-rstn compatible=[] reg=[] properties=[][m
[m[37m[ 14.111602 0:2 axvm::arch::aarch64::fdt::core::parser:85] [32mVM[2] host-FDT PCI node path=/pinctrl/pcie30x2 name=pcie30x2 compatible=[] reg=[] properties=[][m
[m[37m[ 14.112912 0:2 axvm::arch::aarch64::fdt::core::parser:85] [32mVM[2] host-FDT PCI node path=/pinctrl/pcie30x2/pcie30x2m0-pins name=pcie30x2m0-pins compatible=[] reg=[] properties=[][m
[m[37m[ 14.114381 0:2 axvm::arch::aarch64::fdt::core::parser:85] [32mVM[2] host-FDT PCI node path=/pinctrl/pcie30x2/pcie30x2m1-pins name=pcie30x2m1-pins compatible=[] reg=[] properties=[][m
[m[37m[ 14.115850 0:2 axvm::arch::aarch64::fdt::core::parser:85] [32mVM[2] host-FDT PCI node path=/pinctrl/pcie30x2/pcie30x2m2-pins name=pcie30x2m2-pins compatible=[] reg=[] properties=[][m
[m[37m[ 14.117319 0:2 axvm::arch::aarch64::fdt::core::parser:85] [32mVM[2] host-FDT PCI node path=/pinctrl/pcie30x2/pcie30x2m3-pins name=pcie30x2m3-pins compatible=[] reg=[] properties=[][m
[m[37m[ 14.118789 0:2 axvm::arch::aarch64::fdt::core::parser:85] [32mVM[2] host-FDT PCI node path=/pinctrl/pcie30x2/pcie30x2-button-rstn name=pcie30x2-button-rstn compatible=[] reg=[] properties=[][m
[m[37m[ 14.120332 0:2 axvm::arch::aarch64::fdt::core::parser:85] [32mVM[2] host-FDT PCI node path=/pinctrl/pcie30x4 name=pcie30x4 compatible=[] reg=[] properties=[][m
[m[37m[ 14.121629 0:2 axvm::arch::aarch64::fdt::core::parser:85] [32mVM[2] host-FDT PCI node path=/pinctrl/pcie30x4/pcie30x4m0-pins name=pcie30x4m0-pins compatible=[] reg=[] properties=[][m
[m[37m[ 14.123125 0:2 axvm::arch::aarch64::fdt::core::parser:85] [32mVM[2] host-FDT PCI node path=/pinctrl/pcie30x4/pcie30x4m1-pins name=pcie30x4m1-pins compatible=[] reg=[] properties=[][m
[m[37m[ 14.124595 0:2 axvm::arch::aarch64::fdt::core::parser:85] [32mVM[2] host-FDT PCI node path=/pinctrl/pcie30x4/pcie30x4m2-pins name=pcie30x4m2-pins compatible=[] reg=[] properties=[][m
[m[37m[ 14.126064 0:2 axvm::arch::aarch64::fdt::core::parser:85] [32mVM[2] host-FDT PCI node path=/pinctrl/pcie30x4/pcie30x4m3-pins name=pcie30x4m3-pins compatible=[] reg=[] properties=[][m
[m[37m[ 14.127532 0:2 axvm::arch::aarch64::fdt::core::parser:85] [32mVM[2] host-FDT PCI node path=/pinctrl/pcie30x4/pcie30x4-button-rstn name=pcie30x4-button-rstn compatible=[] reg=[] properties=[][m
[m[37m[ 14.132559 0:2 axvm::arch::aarch64::fdt::core::parser:85] [32mVM[2] host-FDT PCI node path=/pinctrl/wireless-wlan/pcie-wifi-gpio name=pcie-wifi-gpio compatible=[] reg=[] properties=[][m
[m[37m[ 14.134074 0:2 axvm::arch::aarch64::fdt::core::parser:85] [32mVM[2] host-FDT PCI node path=/pinctrl/pcie name=pcie compatible=[] reg=[] properties=[][m
[m[37m[ 14.135312 0:2 axvm::arch::aarch64::fdt::core::parser:85] [32mVM[2] host-FDT PCI node path=/pinctrl/pcie/pcie30x4-clkreqn-m1 name=pcie30x4-clkreqn-m1 compatible=[] reg=[] properties=[][m
[m[37m[ 14.137585 0:2 axvm::arch::aarch64::fdt::core::parser:85] [32mVM[2] host-FDT PCI node path=/pcie@fe150000 name=pcie@fe150000 compatible=["rockchip,rk3588-pcie", "snps,dw-pcie"] reg=[(4262789120, Some(65536)), (44023414784, Some(4194304))] properties=[("compatible", 34), ("reg", 32), ("ranges", 112), ("interrupt-map", 96), ("interrupt-map-mask", 16), ("msi-map", 16), ("bus-range", 8)][m
[m[37m[ 14.140615 0:2 axvm::arch::aarch64::fdt::core::parser:85] [32mVM[2] host-FDT PCI node path=/pcie@fe150000/legacy-interrupt-controller name=legacy-interrupt-controller compatible=[] reg=[] properties=[][m
[m[37m[ 14.142275 0:2 axvm::arch::aarch64::fdt::core::parser:85] [32mVM[2] host-FDT PCI node path=/pcie@fe160000 name=pcie@fe160000 compatible=["rockchip,rk3588-pcie", "snps,dw-pcie"] reg=[(4262854656, Some(65536)), (44027609088, Some(4194304))] properties=[("compatible", 34), ("reg", 32), ("ranges", 112), ("interrupt-map", 96), ("interrupt-map-mask", 16), ("msi-map", 16), ("bus-range", 8)][m
[m[37m[ 14.145304 0:2 axvm::arch::aarch64::fdt::core::parser:85] [32mVM[2] host-FDT PCI node path=/pcie@fe160000/legacy-interrupt-controller name=legacy-interrupt-controller compatible=[] reg=[] properties=[][m
[m[37m[ 14.146950 0:2 axvm::arch::aarch64::fdt::core::parser:85] [32mVM[2] host-FDT PCI node path=/pcie@fe170000 name=pcie@fe170000 compatible=["rockchip,rk3588-pcie", "snps,dw-pcie"] reg=[(4262920192, Some(65536)), (44031803392, Some(4194304))] properties=[("compatible", 34), ("reg", 32), ("ranges", 112), ("interrupt-map", 96), ("interrupt-map-mask", 16), ("msi-map", 16), ("bus-range", 8)][m
[m[37m[ 14.149977 0:2 axvm::arch::aarch64::fdt::core::parser:85] [32mVM[2] host-FDT PCI node path=/pcie@fe170000/legacy-interrupt-controller name=legacy-interrupt-controller compatible=[] reg=[] properties=[][m
[m[37m[ 14.152356 0:2 axvm::arch::aarch64::fdt::core::parser:85] [32mVM[2] host-FDT PCI node path=/pcie20-avdd0v85 name=pcie20-avdd0v85 compatible=["regulator-fixed"] reg=[] properties=[("compatible", 16)][m
[m[37m[ 14.153968 0:2 axvm::arch::aarch64::fdt::core::parser:85] [32mVM[2] host-FDT PCI node path=/pcie20-avdd1v8 name=pcie20-avdd1v8 compatible=["regulator-fixed"] reg=[] properties=[("compatible", 16)][m
[m[37m[ 14.155566 0:2 axvm::arch::aarch64::fdt::core::parser:85] [32mVM[2] host-FDT PCI node path=/pcie30-avdd0v75 name=pcie30-avdd0v75 compatible=["regulator-fixed"] reg=[] properties=[("compatible", 16)][m
[m[37m[ 14.157178 0:2 axvm::arch::aarch64::fdt::core::parser:85] [32mVM[2] host-FDT PCI node path=/pcie30-avdd1v8 name=pcie30-avdd1v8 compatible=["regulator-fixed"] reg=[] properties=[("compatible", 16)][m
[m[37m[ 14.158795 0:2 axvm::arch::aarch64::fdt::core::parser:85] [32mVM[2] host-FDT PCI node path=/vcc3v3-pcie30 name=vcc3v3-pcie30 compatible=["regulator-fixed"] reg=[] properties=[("compatible", 16)][m
[m[37m[ 14.181486 0:2 axvm::arch::aarch64::fdt::core::parser:98] [32mVM[2] generated guest-FDT bytes=1500[m
[m[37m[ 14.182857 0:2 axvm::arch::aarch64::fdt::core::parser:109] [32mVM[2] generated guest-FDT PCI paths: [][m
[m[37m[ 14.257800 0:2 axvm::arch::aarch64::fdt::core::device:96] [32mFound excluded devices: ["/interrupt-controller@fe600000", "/serial@fd890000", "/serial@feb40000", "/serial@feb50000", "/serial@feb60000", "/serial@feb70000", "/serial@feb80000", "/serial@feb90000", "/serial@feba0000", "/serial@febb0000", "/serial@febc0000", "/timer", "/timer@feae0000", "/interrupt-controller@fe600000/msi-controller@fe640000", "/interrupt-controller@fe600000/msi-controller@fe660000"][m
[m[37m[ 14.261828 0:2 axvisor::config:266] [32mCreating VM[2] "atk-task123-rtthread"[m
[m[37m[ 14.263307 0:2 axvm::vm:1133] [32mVM created: id=2[m
[m[37m[ 14.721501 0:2 axvisor::config:278] [32mVM[2] created success, loading images...[m
[m[37m[ 14.730185 0:2 axdevice::device:1232] [32mDeviceRuntime: registered device id=0[m
[m[37m[ 14.730887 0:2 axdevice::device:1232] [32mDeviceRuntime: registered device id=1[m
[m[37m[ 14.731590 0:2 axdevice::device:1232] [32mDeviceRuntime: registered device id=2[m
[m[37m[ 14.732294 0:2 axdevice::device:1232] [32mDeviceRuntime: registered device id=3[m
[m[37m[ 14.733077 0:2 axdevice::device:1232] [32mDeviceRuntime: registered device id=4[m
[m[37m[ 14.733862 0:2 axdevice::device:1232] [32mDeviceRuntime: registered device id=5[m
[m[37m[ 14.734655 0:2 axvm::vm::prepare:82] [32mVM setup: id=2[m
[m[37m[ 14.735242 0:2 axvm::runtime:73] [32mInitializing VMM...[m
[m[37m[ 14.735774 0:2 rsext4::ext4::sync:13] [32mSyncing filesystem...[m
[m[37m[ 14.744116 0:2 rsext4::ext4::sync:43] [32mFilesystem unmounted cleanly[m
[m[37m[ 14.745038 0:2 axvm::host::arceos:199] [32mReleased 1 host filesystem block IRQ registration(s) during shutdown[m
[m[37m[ 14.745976 0:2 axvisor::manager:119] [32mHost filesystem cleanly unmounted before guest passthrough devices start[m
[m[37m[ 14.746959 0:2 axvm::runtime:84] [32mVMM starting, booting VMs...[m
[m[37m[ 14.747553 0:2 axvm::vm:1365] [32mStarting VM[1][m
[m[37m[ 14.748026 0:2 axvm::runtime::vcpus:1058] [32mSpawning task for VM[1] VCpu[0][m
[m[37m[ 14.748733 0:2 axvm::runtime::vcpus:1077] [32mVCpu task Task(35, "VM[1]-VCpu[0]") created priority=89 cpumask: [1, ][m
[m[37m[ 14.752524 0:2 axvm::arch::aarch64::gic::physical:61] [32mregistered assigned AArch64 SPI route host_intid=105 guest_intid=105[m
[m[37m[ 14.753577 0:2 axvm::arch::aarch64::gic::physical:61] [32mregistered assigned AArch64 SPI route host_intid=126 guest_intid=126[m
[m[37m[ 14.754633 0:2 axvm::arch::aarch64::gic::physical:61] [32mregistered assigned AArch64 SPI route host_intid=125 guest_intid=125[m
[m[37m[ 14.755690 0:2 axvm::arch::aarch64::gic::physical:61] [32mregistered assigned AArch64 SPI route host_intid=124 guest_intid=124[m
[m[37m[ 14.756748 0:2 axvm::arch::aarch64::gic::physical:61] [32mregistered assigned AArch64 SPI route host_intid=252 guest_intid=252[m
[m[37m[ 14.757808 0:2 axvm::arch::aarch64::gic::physical:61] [32mregistered assigned AArch64 SPI route host_intid=247 guest_intid=247[m
[m[37m[ 14.758863 0:2 axvm::arch::aarch64::gic::physical:61] [32mregistered assigned AArch64 SPI route host_intid=248 guest_intid=248[m
[m[37m[ 14.759920 0:2 axvm::arch::aarch64::gic::physical:61] [32mregistered assigned AArch64 SPI route host_intid=250 guest_intid=250[m
[m[37m[ 14.760978 0:2 axvm::arch::aarch64::gic::physical:61] [32mregistered assigned AArch64 SPI route host_intid=251 guest_intid=251[m
[m[37m[ 14.762038 0:2 axvm::arch::aarch64::gic::physical:61] [32mregistered assigned AArch64 SPI route host_intid=401 guest_intid=401[m
[m[37m[ 14.763093 0:2 axvm::arch::aarch64::gic::physical:61] [32mregistered assigned AArch64 SPI route host_intid=403 guest_intid=403[m
[m[37m[ 14.764150 0:2 axvm::arch::aarch64::gic::physical:61] [32mregistered assigned AArch64 SPI route host_intid=406 guest_intid=406[m
[m[37m[ 14.765208 0:2 axvm::arch::aarch64::gic::physical:61] [32mregistered assigned AArch64 SPI route host_intid=399 guest_intid=399[m
[m[37m[ 14.766265 0:2 axvm::arch::aarch64::gic::physical:61] [32mregistered assigned AArch64 SPI route host_intid=413 guest_intid=413[m
[m[37m[ 14.767323 0:2 axvm::arch::aarch64::gic::physical:61] [32mregistered assigned AArch64 SPI route host_intid=415 guest_intid=415[m
[m[37m[ 14.768380 0:2 axvm::arch::aarch64::gic::physical:61] [32mregistered assigned AArch64 SPI route host_intid=418 guest_intid=418[m
[m[37m[ 14.769438 0:2 axvm::arch::aarch64::gic::physical:61] [32mregistered assigned AArch64 SPI route host_intid=411 guest_intid=411[m
[m[37m[ 14.770498 0:2 axvm::arch::aarch64::gic::physical:61] [32mregistered assigned AArch64 SPI route host_intid=254 guest_intid=254[m
[m[37m[ 14.771553 0:2 axvm::arch::aarch64::gic::physical:61] [32mregistered assigned AArch64 SPI route host_intid=425 guest_intid=425[m
[m[37m[ 14.772610 0:2 axvm::arch::aarch64::gic::physical:61] [32mregistered assigned AArch64 SPI route host_intid=423 guest_intid=423[m
[m[37m[ 14.773668 0:2 axvm::arch::aarch64::gic::physical:61] [32mregistered assigned AArch64 SPI route host_intid=424 guest_intid=424[m
[m[37m[ 14.774725 0:2 axvm::arch::aarch64::gic::physical:61] [32mregistered assigned AArch64 SPI route host_intid=349 guest_intid=349[m
[m[37m[ 14.775783 0:2 axvm::arch::aarch64::gic::physical:61] [32mregistered assigned AArch64 SPI route host_intid=376 guest_intid=376[m
[m[37m[ 14.776840 0:2 axvm::arch::aarch64::gic::physical:61] [32mregistered assigned AArch64 SPI route host_intid=377 guest_intid=377[m
[m[37m[ 14.777898 0:2 axvm::arch::aarch64::gic::physical:61] [32mregistered assigned AArch64 SPI route host_intid=142 guest_intid=142[m
[m[37m[ 14.778955 0:2 axvm::arch::aarch64::gic::physical:61] [32mregistered assigned AArch64 SPI route host_intid=143 guest_intid=143[m
[m[37m[ 14.780013 0:2 axvm::arch::aarch64::gic::physical:61] [32mregistered assigned AArch64 SPI route host_intid=144 guest_intid=144[m
[m[37m[ 14.781071 0:2 axvm::arch::aarch64::gic::physical:61] [32mregistered assigned AArch64 SPI route host_intid=152 guest_intid=152[m
[m[37m[ 14.782128 0:2 axvm::arch::aarch64::gic::physical:61] [32mregistered assigned AArch64 SPI route host_intid=151 guest_intid=151[m
[m[37m[ 14.783186 0:2 axvm::arch::aarch64::gic::physical:61] [32mregistered assigned AArch64 SPI route host_intid=150 guest_intid=150[m
[m[37m[ 14.784243 0:2 axvm::arch::aarch64::gic::physical:61] [32mregistered assigned AArch64 SPI route host_intid=146 guest_intid=146[m
[m[37m[ 14.785300 0:2 axvm::arch::aarch64::gic::physical:61] [32mregistered assigned AArch64 SPI route host_intid=147 guest_intid=147[m
[m[37m[ 14.786358 0:2 axvm::arch::aarch64::gic::physical:61] [32mregistered assigned AArch64 SPI route host_intid=148 guest_intid=148[m
[m[37m[ 14.787419 0:2 axvm::arch::aarch64::gic::physical:61] [32mregistered assigned AArch64 SPI route host_intid=161 guest_intid=161[m
[m[37m[ 14.788473 0:2 axvm::arch::aarch64::gic::physical:61] [32mregistered assigned AArch64 SPI route host_intid=162 guest_intid=162[m
[m[37m[ 14.789530 0:2 axvm::arch::aarch64::gic::physical:61] [32mregistered assigned AArch64 SPI route host_intid=154 guest_intid=154[m
[m[37m[ 14.790588 0:2 axvm::arch::aarch64::gic::physical:61] [32mregistered assigned AArch64 SPI route host_intid=153 guest_intid=153[m
[m[37m[ 14.791646 0:2 axvm::arch::aarch64::gic::physical:61] [32mregistered assigned AArch64 SPI route host_intid=156 guest_intid=156[m
[m[37m[ 14.792703 0:2 axvm::arch::aarch64::gic::physical:61] [32mregistered assigned AArch64 SPI route host_intid=155 guest_intid=155[m
[m[37m[ 14.793760 0:2 axvm::arch::aarch64::gic::physical:61] [32mregistered assigned AArch64 SPI route host_intid=158 guest_intid=158[m
[m[37m[ 14.794818 0:2 axvm::arch::aarch64::gic::physical:61] [32mregistered assigned AArch64 SPI route host_intid=157 guest_intid=157[m
[m[37m[ 14.795875 0:2 axvm::arch::aarch64::gic::physical:61] [32mregistered assigned AArch64 SPI route host_intid=160 guest_intid=160[m
[m[37m[ 14.796933 0:2 axvm::arch::aarch64::gic::physical:61] [32mregistered assigned AArch64 SPI route host_intid=159 guest_intid=159[m
[m[37m[ 14.797991 0:2 axvm::arch::aarch64::gic::physical:61] [32mregistered assigned AArch64 SPI route host_intid=149 guest_intid=149[m
[m[37m[ 14.799048 0:2 axvm::arch::aarch64::gic::physical:61] [32mregistered assigned AArch64 SPI route host_intid=133 guest_intid=133[m
[m[37m[ 14.800105 0:2 axvm::arch::aarch64::gic::physical:61] [32mregistered assigned AArch64 SPI route host_intid=131 guest_intid=131[m
[m[37m[ 14.801163 0:2 axvm::arch::aarch64::gic::physical:61] [32mregistered assigned AArch64 SPI route host_intid=132 guest_intid=132[m
[m[37m[ 14.802221 0:2 axvm::arch::aarch64::gic::physical:61] [32mregistered assigned AArch64 SPI route host_intid=136 guest_intid=136[m
[m[37m[ 14.803278 0:2 axvm::arch::aarch64::gic::physical:61] [32mregistered assigned AArch64 SPI route host_intid=134 guest_intid=134[m
[m[37m[ 14.804335 0:2 axvm::arch::aarch64::gic::physical:61] [32mregistered assigned AArch64 SPI route host_intid=135 guest_intid=135[m
[m[37m[ 14.805393 0:2 axvm::arch::aarch64::gic::physical:61] [32mregistered assigned AArch64 SPI route host_intid=127 guest_intid=127[m
[m[37m[ 14.806450 0:2 axvm::arch::aarch64::gic::physical:61] [32mregistered assigned AArch64 SPI route host_intid=128 guest_intid=128[m
[m[37m[ 14.807508 0:2 axvm::arch::aarch64::gic::physical:61] [32mregistered assigned AArch64 SPI route host_intid=129 guest_intid=129[m
[m[37m[ 14.808565 0:2 axvm::arch::aarch64::gic::physical:61] [32mregistered assigned AArch64 SPI route host_intid=130 guest_intid=130[m
[m[37m[ 14.809623 0:2 axvm::arch::aarch64::gic::physical:61] [32mregistered assigned AArch64 SPI route host_intid=140 guest_intid=140[m
[m[37m[ 14.810680 0:2 axvm::arch::aarch64::gic::physical:61] [32mregistered assigned AArch64 SPI route host_intid=139 guest_intid=139[m
[m[37m[ 14.811738 0:2 axvm::arch::aarch64::gic::physical:61] [32mregistered assigned AArch64 SPI route host_intid=138 guest_intid=138[m
[m[37m[ 14.812795 0:2 axvm::arch::aarch64::gic::physical:61] [32mregistered assigned AArch64 SPI route host_intid=141 guest_intid=141[m
[m[37m[ 14.813853 0:2 axvm::arch::aarch64::gic::physical:61] [32mregistered assigned AArch64 SPI route host_intid=167 guest_intid=167[m
[m[37m[ 14.814910 0:2 axvm::arch::aarch64::gic::physical:61] [32mregistered assigned AArch64 SPI route host_intid=169 guest_intid=169[m
[m[37m[ 14.815968 0:2 axvm::arch::aarch64::gic::physical:61] [32mregistered assigned AArch64 SPI route host_intid=170 guest_intid=170[m
[m[37m[ 14.817025 0:2 axvm::arch::aarch64::gic::physical:61] [32mregistered assigned AArch64 SPI route host_intid=163 guest_intid=163[m
[m[37m[ 14.818083 0:2 axvm::arch::aarch64::gic::physical:61] [32mregistered assigned AArch64 SPI route host_intid=165 guest_intid=165[m
[m[37m[ 14.819140 0:2 axvm::arch::aarch64::gic::physical:61] [32mregistered assigned AArch64 SPI route host_intid=166 guest_intid=166[m
[m[37m[ 14.820198 0:2 axvm::arch::aarch64::gic::physical:61] [32mregistered assigned AArch64 SPI route host_intid=164 guest_intid=164[m
[m[37m[ 14.821261 0:2 axvm::arch::aarch64::gic::physical:61] [32mregistered assigned AArch64 SPI route host_intid=168 guest_intid=168[m
[m[37m[ 14.822313 0:2 axvm::arch::aarch64::gic::physical:61] [32mregistered assigned AArch64 SPI route host_intid=171 guest_intid=171[m
[m[37m[ 14.823370 0:2 axvm::arch::aarch64::gic::physical:61] [32mregistered assigned AArch64 SPI route host_intid=172 guest_intid=172[m
[m[37m[ 14.824428 0:2 axvm::arch::aarch64::gic::physical:61] [32mregistered assigned AArch64 SPI route host_intid=173 guest_intid=173[m
[m[37m[ 14.825485 0:2 axvm::arch::aarch64::gic::physical:61] [32mregistered assigned AArch64 SPI route host_intid=174 guest_intid=174[m
[m[37m[ 14.826543 0:2 axvm::arch::aarch64::gic::physical:61] [32mregistered assigned AArch64 SPI route host_intid=187 guest_intid=187[m
[m[37m[ 14.827600 0:2 axvm::arch::aarch64::gic::physical:61] [32mregistered assigned AArch64 SPI route host_intid=145 guest_intid=145[m
[m[37m[ 14.828658 0:2 axvm::arch::aarch64::gic::physical:61] [32mregistered assigned AArch64 SPI route host_intid=175 guest_intid=175[m
[m[37m[ 14.829716 0:2 axvm::arch::aarch64::gic::physical:61] [32mregistered assigned AArch64 SPI route host_intid=176 guest_intid=176[m
[m[37m[ 14.830773 0:2 axvm::arch::aarch64::gic::physical:61] [32mregistered assigned AArch64 SPI route host_intid=177 guest_intid=177[m
[m[37m[ 14.831831 0:2 axvm::arch::aarch64::gic::physical:61] [32mregistered assigned AArch64 SPI route host_intid=178 guest_intid=178[m
[m[37m[ 14.832888 0:2 axvm::arch::aarch64::gic::physical:61] [32mregistered assigned AArch64 SPI route host_intid=179 guest_intid=179[m
[m[37m[ 14.833945 0:2 axvm::arch::aarch64::gic::physical:61] [32mregistered assigned AArch64 SPI route host_intid=180 guest_intid=180[m
[m[37m[ 14.835003 0:2 axvm::arch::aarch64::gic::physical:61] [32mregistered assigned AArch64 SPI route host_intid=181 guest_intid=181[m
[m[37m[ 14.836060 0:2 axvm::arch::aarch64::gic::physical:61] [32mregistered assigned AArch64 SPI route host_intid=182 guest_intid=182[m
[m[37m[ 14.837118 0:2 axvm::arch::aarch64::gic::physical:61] [32mregistered assigned AArch64 SPI route host_intid=183 guest_intid=183[m
[m[37m[ 14.838175 0:2 axvm::arch::aarch64::gic::physical:61] [32mregistered assigned AArch64 SPI route host_intid=184 guest_intid=184[m
[m[37m[ 14.839233 0:2 axvm::arch::aarch64::gic::physical:61] [32mregistered assigned AArch64 SPI route host_intid=185 guest_intid=185[m
[m[37m[ 14.840290 0:2 axvm::arch::aarch64::gic::physical:61] [32mregistered assigned AArch64 SPI route host_intid=186 guest_intid=186[m
[m[37m[ 14.841348 0:2 axvm::arch::aarch64::gic::physical:61] [32mregistered assigned AArch64 SPI route host_intid=188 guest_intid=188[m
[m[37m[ 14.842406 0:2 axvm::arch::aarch64::gic::physical:61] [32mregistered assigned AArch64 SPI route host_intid=227 guest_intid=227[m
[m[37m[ 14.843463 0:2 axvm::arch::aarch64::gic::physical:61] [32mregistered assigned AArch64 SPI route host_intid=216 guest_intid=216[m
[m[37m[ 14.844521 0:2 axvm::arch::aarch64::gic::physical:61] [32mregistered assigned AArch64 SPI route host_intid=228 guest_intid=228[m
[m[37m[ 14.845578 0:2 axvm::arch::aarch64::gic::physical:61] [32mregistered assigned AArch64 SPI route host_intid=217 guest_intid=217[m
[m[37m[ 14.846635 0:2 axvm::arch::aarch64::gic::physical:61] [32mregistered assigned AArch64 SPI route host_intid=221 guest_intid=221[m
[m[37m[ 14.847693 0:2 axvm::arch::aarch64::gic::physical:61] [32mregistered assigned AArch64 SPI route host_intid=231 guest_intid=231[m
[m[37m[ 14.848750 0:2 axvm::arch::aarch64::gic::physical:61] [32mregistered assigned AArch64 SPI route host_intid=199 guest_intid=199[m
[m[37m[ 14.849808 0:2 axvm::arch::aarch64::gic::physical:61] [32mregistered assigned AArch64 SPI route host_intid=200 guest_intid=200[m
[m[37m[ 14.850866 0:2 axvm::arch::aarch64::gic::physical:61] [32mregistered assigned AArch64 SPI route host_intid=191 guest_intid=191[m
[m[37m[ 14.851923 0:2 axvm::arch::aarch64::gic::physical:61] [32mregistered assigned AArch64 SPI route host_intid=193 guest_intid=193[m
[m[37m[ 14.852980 0:2 axvm::arch::aarch64::gic::physical:61] [32mregistered assigned AArch64 SPI route host_intid=192 guest_intid=192[m
[m[37m[ 14.854038 0:2 axvm::arch::aarch64::gic::physical:61] [32mregistered assigned AArch64 SPI route host_intid=201 guest_intid=201[m
[m[37m[ 14.855095 0:2 axvm::arch::aarch64::gic::physical:61] [32mregistered assigned AArch64 SPI route host_intid=202 guest_intid=202[m
[m[37m[ 14.856153 0:2 axvm::arch::aarch64::gic::physical:61] [32mregistered assigned AArch64 SPI route host_intid=203 guest_intid=203[m
[m[37m[ 14.857211 0:2 axvm::arch::aarch64::gic::physical:61] [32mregistered assigned AArch64 SPI route host_intid=204 guest_intid=204[m
[m[37m[ 14.858268 0:2 axvm::arch::aarch64::gic::physical:61] [32mregistered assigned AArch64 SPI route host_intid=392 guest_intid=392[m
[m[37m[ 14.859325 0:2 axvm::arch::aarch64::gic::physical:61] [32mregistered assigned AArch64 SPI route host_intid=195 guest_intid=195[m
[m[37m[ 14.860383 0:2 axvm::arch::aarch64::gic::physical:61] [32mregistered assigned AArch64 SPI route host_intid=305 guest_intid=305[m
[m[37m[ 14.861441 0:2 axvm::arch::aarch64::gic::physical:61] [32mregistered assigned AArch64 SPI route host_intid=307 guest_intid=307[m
[m[37m[ 14.862498 0:2 axvm::arch::aarch64::gic::physical:61] [32mregistered assigned AArch64 SPI route host_intid=238 guest_intid=238[m
[m[37m[ 14.863555 0:2 axvm::arch::aarch64::gic::physical:61] [32mregistered assigned AArch64 SPI route host_intid=235 guest_intid=235[m
[m[37m[ 14.864613 0:2 axvm::arch::aarch64::gic::physical:61] [32mregistered assigned AArch64 SPI route host_intid=236 guest_intid=236[m
[m[37m[ 14.865671 0:2 axvm::arch::aarch64::gic::physical:61] [32mregistered assigned AArch64 SPI route host_intid=237 guest_intid=237[m
[m[37m[ 14.866728 0:2 axvm::arch::aarch64::gic::physical:61] [32mregistered assigned AArch64 SPI route host_intid=241 guest_intid=241[m
[m[37m[ 14.867786 0:2 axvm::arch::aarch64::gic::physical:61] [32mregistered assigned AArch64 SPI route host_intid=432 guest_intid=432[m
[m[37m[ 14.868843 0:2 axvm::arch::aarch64::gic::physical:61] [32mregistered assigned AArch64 SPI route host_intid=212 guest_intid=212[m
[m[37m[ 14.869900 0:2 axvm::arch::aarch64::gic::physical:61] [32mregistered assigned AArch64 SPI route host_intid=213 guest_intid=213[m
[m[37m[ 14.870958 0:2 axvm::arch::aarch64::gic::physical:61] [32mregistered assigned AArch64 SPI route host_intid=214 guest_intid=214[m
[m[37m[ 14.872016 0:2 axvm::arch::aarch64::gic::physical:61] [32mregistered assigned AArch64 SPI route host_intid=215 guest_intid=215[m
[m[37m[ 14.873073 0:2 axvm::arch::aarch64::gic::physical:61] [32mregistered assigned AArch64 SPI route host_intid=234 guest_intid=234[m
[m[37m[ 14.874130 0:2 axvm::arch::aarch64::gic::physical:61] [32mregistered assigned AArch64 SPI route host_intid=225 guest_intid=225[m
[m[37m[ 14.875188 0:2 axvm::arch::aarch64::gic::physical:61] [32mregistered assigned AArch64 SPI route host_intid=226 guest_intid=226[m
[m[37m[ 14.876246 0:2 axvm::arch::aarch64::gic::physical:61] [32mregistered assigned AArch64 SPI route host_intid=118 guest_intid=118[m
[m[37m[ 14.877303 0:2 axvm::arch::aarch64::gic::physical:61] [32mregistered assigned AArch64 SPI route host_intid=119 guest_intid=119[m
[m[37m[ 14.878360 0:2 axvm::arch::aarch64::gic::physical:61] [32mregistered assigned AArch64 SPI route host_intid=120 guest_intid=120[m
[m[37m[ 14.879418 0:2 axvm::arch::aarch64::gic::physical:61] [32mregistered assigned AArch64 SPI route host_intid=121 guest_intid=121[m
[m[37m[ 14.880475 0:2 axvm::arch::aarch64::gic::physical:61] [32mregistered assigned AArch64 SPI route host_intid=373 guest_intid=373[m
[m[37m[ 14.881533 0:2 axvm::arch::aarch64::gic::physical:61] [32mregistered assigned AArch64 SPI route host_intid=374 guest_intid=374[m
[m[37m[ 14.882590 0:2 axvm::arch::aarch64::gic::physical:61] [32mregistered assigned AArch64 SPI route host_intid=375 guest_intid=375[m
[m[37m[ 14.883648 0:2 axvm::arch::aarch64::gic::physical:61] [32mregistered assigned AArch64 SPI route host_intid=117 guest_intid=117[m
[m[37m[ 14.884705 0:2 axvm::arch::aarch64::gic::physical:61] [32mregistered assigned AArch64 SPI route host_intid=350 guest_intid=350[m
[m[37m[ 14.885763 0:2 axvm::arch::aarch64::gic::physical:61] [32mregistered assigned AArch64 SPI route host_intid=351 guest_intid=351[m
[m[37m[ 14.886821 0:2 axvm::arch::aarch64::gic::physical:61] [32mregistered assigned AArch64 SPI route host_intid=352 guest_intid=352[m
[m[37m[ 14.887878 0:2 axvm::arch::aarch64::gic::physical:61] [32mregistered assigned AArch64 SPI route host_intid=353 guest_intid=353[m
[m[37m[ 14.888943 0:2 axvm::arch::aarch64::gic::physical:61] [32mregistered assigned AArch64 SPI route host_intid=354 guest_intid=354[m
[m[37m[ 14.889993 0:2 axvm::arch::aarch64::gic::physical:61] [32mregistered assigned AArch64 SPI route host_intid=347 guest_intid=347[m
[m[37m[ 14.891051 0:2 axvm::arch::aarch64::gic::physical:61] [32mregistered assigned AArch64 SPI route host_intid=358 guest_intid=358[m
[m[37m[ 14.892108 0:2 axvm::arch::aarch64::gic::physical:61] [32mregistered assigned AArch64 SPI route host_intid=359 guest_intid=359[m
[m[37m[ 14.893165 0:2 axvm::arch::aarch64::gic::physical:61] [32mregistered assigned AArch64 SPI route host_intid=360 guest_intid=360[m
[m[37m[ 14.894223 0:2 axvm::arch::aarch64::gic::physical:61] [32mregistered assigned AArch64 SPI route host_intid=361 guest_intid=361[m
[m[37m[ 14.895280 0:2 axvm::arch::aarch64::gic::physical:61] [32mregistered assigned AArch64 SPI route host_intid=378 guest_intid=378[m
[m[37m[ 14.896338 0:2 axvm::arch::aarch64::gic::physical:61] [32mregistered assigned AArch64 SPI route host_intid=379 guest_intid=379[m
[m[37m[ 14.897396 0:2 axvm::arch::aarch64::gic::physical:61] [32mregistered assigned AArch64 SPI route host_intid=380 guest_intid=380[m
[m[37m[ 14.898453 0:2 axvm::arch::aarch64::gic::physical:61] [32mregistered assigned AArch64 SPI route host_intid=381 guest_intid=381[m
[m[37m[ 14.899510 0:2 axvm::arch::aarch64::gic::physical:61] [32mregistered assigned AArch64 SPI route host_intid=382 guest_intid=382[m
[m[37m[ 14.900568 0:2 axvm::arch::aarch64::gic::physical:61] [32mregistered assigned AArch64 SPI route host_intid=383 guest_intid=383[m
[m[37m[ 14.901626 0:2 axvm::arch::aarch64::gic::physical:61] [32mregistered assigned AArch64 SPI route host_intid=429 guest_intid=429[m
[m[37m[ 14.902683 0:2 axvm::arch::aarch64::gic::physical:61] [32mregistered assigned AArch64 SPI route host_intid=430 guest_intid=430[m
[m[37m[ 14.903741 0:2 axvm::arch::aarch64::gic::physical:61] [32mregistered assigned AArch64 SPI route host_intid=93 guest_intid=93[m
[m[37m[ 14.904783 0:2 axvm::arch::aarch64::gic::physical:61] [32mregistered assigned AArch64 SPI route host_intid=94 guest_intid=94[m
[m[37m[ 14.905826 0:2 axvm::arch::aarch64::gic::physical:61] [32mregistered assigned AArch64 SPI route host_intid=95 guest_intid=95[m
[m[37m[ 14.906868 0:2 axvm::arch::aarch64::gic::physical:61] [32mregistered assigned AArch64 SPI route host_intid=96 guest_intid=96[m
[m[37m[ 14.907911 0:2 axvm::arch::aarch64::gic::physical:61] [32mregistered assigned AArch64 SPI route host_intid=101 guest_intid=101[m
[m[37m[ 14.908968 0:2 axvm::arch::aarch64::gic::physical:61] [32mregistered assigned AArch64 SPI route host_intid=102 guest_intid=102[m
[m[37m[ 14.910025 0:2 axvm::arch::aarch64::gic::physical:61] [32mregistered assigned AArch64 SPI route host_intid=103 guest_intid=103[m
[m[37m[ 14.911083 0:2 axvm::arch::aarch64::gic::physical:61] [32mregistered assigned AArch64 SPI route host_intid=104 guest_intid=104[m
[m[37m[ 14.912140 0:2 axvm::arch::aarch64::gic::physical:61] [32mregistered assigned AArch64 SPI route host_intid=355 guest_intid=355[m
[m[37m[ 14.913198 0:2 axvm::arch::aarch64::gic::physical:61] [32mregistered assigned AArch64 SPI route host_intid=356 guest_intid=356[m
[m[37m[ 14.914255 0:2 axvm::arch::aarch64::gic::physical:61] [32mregistered assigned AArch64 SPI route host_intid=357 guest_intid=357[m
[m[37m[ 14.915313 0:2 axvm::arch::aarch64::gic::physical:61] [32mregistered assigned AArch64 SPI route host_intid=362 guest_intid=362[m
[m[37m[ 14.916370 0:2 axvm::arch::aarch64::gic::physical:61] [32mregistered assigned AArch64 SPI route host_intid=109 guest_intid=109[m
[m[37m[ 14.917428 0:2 axvm::arch::aarch64::gic::physical:61] [32mregistered assigned AArch64 SPI route host_intid=110 guest_intid=110[m
[m[37m[ 14.918485 0:2 axvm::arch::aarch64::gic::physical:61] [32mregistered assigned AArch64 SPI route host_intid=111 guest_intid=111[m
[m[37m[ 14.919543 0:2 axvm::arch::aarch64::gic::physical:61] [32mregistered assigned AArch64 SPI route host_intid=112 guest_intid=112[m
[m[37m[ 14.920600 0:2 axvm::arch::aarch64::gic::physical:61] [32mregistered assigned AArch64 SPI route host_intid=122 guest_intid=122[m
[m[37m[ 14.921658 0:2 axvm::arch::aarch64::gic::physical:61] [32mregistered assigned AArch64 SPI route host_intid=123 guest_intid=123[m
[m[37m[ 14.922716 0:2 axvm::arch::aarch64::gic::physical:61] [32mregistered assigned AArch64 SPI route host_intid=309 guest_intid=309[m
[m[37m[ 14.923773 0:2 axvm::arch::aarch64::gic::physical:61] [32mregistered assigned AArch64 SPI route host_intid=310 guest_intid=310[m
[m[37m[ 14.924830 0:2 axvm::arch::aarch64::gic::physical:61] [32mregistered assigned AArch64 SPI route host_intid=311 guest_intid=311[m
[m[37m[ 14.925888 0:2 axvm::arch::aarch64::gic::physical:61] [32mregistered assigned AArch64 SPI route host_intid=312 guest_intid=312[m
[m[37m[ 14.926945 0:2 axvm::arch::aarch64::gic::physical:61] [32mregistered assigned AArch64 SPI route host_intid=313 guest_intid=313[m
[m[37m[ 14.928003 0:2 axvm::arch::aarch64::gic::physical:61] [32mregistered assigned AArch64 SPI route host_intid=253 guest_intid=253[m
[m[37m[ 14.929061 0:2 axvm::arch::aarch64::gic::physical:61] [32mregistered assigned AArch64 SPI route host_intid=426 guest_intid=426[m
[m[37m[ 14.930118 0:2 axvm::arch::aarch64::gic::physical:61] [32mregistered assigned AArch64 SPI route host_intid=230 guest_intid=230[m
[m[37m[ 14.931175 0:2 axvm::arch::aarch64::gic::physical:61] [32mregistered assigned AArch64 SPI route host_intid=220 guest_intid=220[m
[m[37m[ 14.932233 0:2 axvm::arch::aarch64::gic::physical:61] [32mregistered assigned AArch64 SPI route host_intid=229 guest_intid=229[m
[m[37m[ 14.933290 0:2 axvm::arch::aarch64::gic::physical:61] [32mregistered assigned AArch64 SPI route host_intid=218 guest_intid=218[m
[m[37m[ 14.934348 0:2 axvm::arch::aarch64::gic::physical:61] [32mregistered assigned AArch64 SPI route host_intid=219 guest_intid=219[m
[m[37m[ 14.935405 0:2 axvm::arch::aarch64::gic::physical:61] [32mregistered assigned AArch64 SPI route host_intid=222 guest_intid=222[m
[m[37m[ 14.936463 0:2 axvm::arch::aarch64::gic::physical:61] [32mregistered assigned AArch64 SPI route host_intid=232 guest_intid=232[m
[m[37m[ 14.937520 0:2 axvm::arch::aarch64::gic::physical:61] [32mregistered assigned AArch64 SPI route host_intid=233 guest_intid=233[m
[m[37m[ 14.938578 0:2 axvm::arch::aarch64::gic::physical:61] [32mregistered assigned AArch64 SPI route host_intid=194 guest_intid=194[m
[m[37m[ 14.939636 0:2 axvm::arch::aarch64::gic::physical:61] [32mregistered assigned AArch64 SPI route host_intid=205 guest_intid=205[m
[m[37m[ 14.940693 0:2 axvm::arch::aarch64::gic::physical:61] [32mregistered assigned AArch64 SPI route host_intid=206 guest_intid=206[m
[m[37m[ 14.941750 0:2 axvm::arch::aarch64::gic::physical:61] [32mregistered assigned AArch64 SPI route host_intid=207 guest_intid=207[m
[m[37m[ 14.942808 0:2 axvm::arch::aarch64::gic::physical:61] [32mregistered assigned AArch64 SPI route host_intid=208 guest_intid=208[m
[m[37m[ 14.943865 0:2 axvm::arch::aarch64::gic::physical:61] [32mregistered assigned AArch64 SPI route host_intid=393 guest_intid=393[m
[m[37m[ 14.944923 0:2 axvm::arch::aarch64::gic::physical:61] [32mregistered assigned AArch64 SPI route host_intid=196 guest_intid=196[m
[m[37m[ 14.945980 0:2 axvm::arch::aarch64::gic::physical:61] [32mregistered assigned AArch64 SPI route host_intid=209 guest_intid=209[m
[m[37m[ 14.947038 0:2 axvm::arch::aarch64::gic::physical:61] [32mregistered assigned AArch64 SPI route host_intid=468 guest_intid=468[m
[m[37m[ 14.948095 0:2 axvm::arch::aarch64::gic::physical:61] [32mregistered assigned AArch64 SPI route host_intid=211 guest_intid=211[m
[m[37m[ 14.949153 0:2 axvm::arch::aarch64::gic::physical:61] [32mregistered assigned AArch64 SPI route host_intid=259 guest_intid=259[m
[m[37m[ 14.950210 0:2 axvm::arch::aarch64::gic::physical:61] [32mregistered assigned AArch64 SPI route host_intid=258 guest_intid=258[m
[m[37m[ 14.951268 0:2 axvm::arch::aarch64::gic::physical:61] [32mregistered assigned AArch64 SPI route host_intid=266 guest_intid=266[m
[m[37m[ 14.952325 0:2 axvm::arch::aarch64::gic::physical:61] [32mregistered assigned AArch64 SPI route host_intid=265 guest_intid=265[m
[m[37m[ 14.953383 0:2 axvm::arch::aarch64::gic::physical:61] [32mregistered assigned AArch64 SPI route host_intid=306 guest_intid=306[m
[m[37m[ 14.954441 0:2 axvm::arch::aarch64::gic::physical:61] [32mregistered assigned AArch64 SPI route host_intid=455 guest_intid=455[m
[m[37m[ 14.955561 0:2 axvm::runtime:92] [32mVM[1] boot success[m
[m[37m[ 14.955564 1:35 axvm::runtime::vcpus:1132] [32mVM[1] VCpu[0] waiting for running[m
[m[37m[ 14.956078 0:2 axvm::vm:1365] [32mStarting VM[2][m
[m[37m[ 14.956794 1:35 axvm::runtime::vcpus:1170] [32mVM[1] VCpu[0] running...[m
[m[37m[ 14.957266 0:2 axvm::runtime::vcpus:1058] [32mSpawning task for VM[2] VCpu[0][m
[m[37m[ 14.958615 0:2 axvm::runtime::vcpus:1077] [32mVCpu task Task(37, "VM[2]-VCpu[0]") created priority=90 cpumask: [1, ][m
[m[37m[ 14.959646 0:2 axvm::runtime:92] [32mVM[2] boot success[m
[m[37m[ 14.959686 1:37 axvm::runtime::vcpus:1132] [32mVM[2] VCpu[0] waiting for running[m
[m[37m[ 14.960213 0:2 axvisor:115] [32m[OK] Default guest initialized[m
[m[37m[ 14.960878 1:37 axvm::runtime::vcpus:1170] [32mVM[2] VCpu[0] running...[m
[m[VM 2] [32m[I/rtdm.ofw] Booting RT-Thread on physical CPU 0x0[0m
[VM 2] [32m[I/rtdm.ofw] Machine model: ATK-DLRK3588 Board[0m
[VM 2] [32m[I/rtdm.ofw] Memory node(0) ranges: 0x00000000a0000000 - 0x00000000c0000000[0m
[VM 2] [32m[I/dma.pool] coherent-pool: Reserved 2.0 MiB at 0x00000000bf600000[0m
[VM 2] [32m[I/dma.pool] cma: Reserved 6.0 MiB at 0x00000000bf800000[0m
[VM 2] [32m[I/mm.memblock] System memory:[0m
[VM 2] [32m[I/mm.memblock]   memory@a0000000          [0x00000000a0000000, 0x00000000c0000000][0m
[VM 2] [32m[I/mm.memblock] Reserved memory:[0m
[VM 2] [32m[I/mm.memblock]   kernel                   [0x00000000a0080000, 0x00000000a0230000][0m
[VM 2] [32m[I/mm.memblock]   memheap                  [0x00000000a0230000, 0x00000000a4230000][0m
[VM 2] [32m[I/mm.memblock]   init-page                [0x00000000a4230000, 0x00000000a4430000][0m
[VM 2] [32m[I/mm.memblock]   fdt                      [0x00000000a4430000, 0x00000000a4431000][0m
[VM 2] [32m[I/mm.memblock]   dma-pool                 [0x00000000bf600000, 0x00000000c0000000][0m
[VM 2] [32m[I/mm.memblock] physical memory region [0x00000000a0000000-0x00000000a0080000] installed to system page[0m
[VM 2] [33m[W/mm.aspace] _mm_aspace_map_phy: not in range[0m
[VM 2] [32m[I/mm.memblock] physical memory region [0x00000000a4431000-0x00000000bf600000] installed to system page[0m
[VM 2] [32m[I/mm.memblock] 454 MB memory installed to system page[0m
[VM 2] [32m[I/osi.psci] Using PSCI v1.1 Function IDs[0m
[VM 2] [32m[I/rtdm.ofw] Console: uart0 (pl011@9000000)[0m
[VM 2] 
[VM 2]  \ | /
[VM 2] - RT -     Thread Operating System
[VM 2]  / | \     5.3.0 build Aug 23 2026 15:35:09
[VM 2]  2006 - 2024 Copyright by RT-Thread team
[VM 2] lwIP-2.0.3 initialized!
[VM 2] [32m[I/sal.skt] Socket Abstraction Layer initialize success.[0m
[VM 2] [32m[I/rtdm.mnt] File system initialization done[0m
[VM 2] TASK2_MAIN_START
[VM 2] TASK2_SOCKET_CREATE
[VM 2] TASK2_SOCKET_CREATED fd=4
[VM 2] TASK2_NET_CONFIGURED interface=virtio-net ip=10.0.42.2/24
[VM 2] TASK2_READY role=managed local=10.0.42.2:4242 peer=10.0.42.15:4242
[37m[ 15.172547 1:35 axvisor::virtio_net:625] [33mvirtio-net drops an ingress frame: NotReady[m
[m[37m[ 15.269999 1:35 axvisor::virtio_net:625] [33mvirtio-net drops an ingress frame: NotReady[m
[m[VM 1] console=ttyS2
[VM 1] VM Load @PA:0x40000000
[VM 1] VM Load Offset: 0xc0000000
[37m[ 15.659138 1:35 axvisor::virtio_net:625] [33mvirtio-net drops an ingress frame: NotReady[m
[m[VM 1] Memory Map:
[VM 1]   Rsv    0x00000000110000 - 0x00000000200000 (960 KiB)
[VM 1]   Rsv    0x00000010000000 - 0x00000018000000 (128 MiB)
[VM 1]   KImg   0x00000040000000 - 0x00000041000000 (16 MiB)
[VM 1]   Free   0x00000041000000 - 0x0000007c000000 (944 MiB)
[VM 1]   Rsv    0x0000007c000000 - 0x0000007de93000 (30.57 MiB)
[VM 1]   Free   0x0000007de93000 - 0x00000080000000 (33.43 MiB)
[VM 1]   Rsv    0x000000edf00000 - 0x000000ee006000 (1.02 MiB)
[VM 1] Initialize RAM allocator: 0x41000000..0x7c000000
[VM 1] Reserving CPU-local areas
[VM 1] CPU-local area stride: 0x41000 bytes
[VM 1] Total CPU-local allocation: 0x41000 bytes (1 CPUs)
[VM 1] Flushed RAM used range to memory map: 0x41000000..0x41044000, current: 0x41044000
[VM 1] Flushed RAM used range to memory map: 0x41044000..0x41085000, current: 0x41085000
[VM 1] CPU-local areas allocated at 0x41044000 - 0x41085000
[VM 1] EL: 1
[VM 1] Mapping early memory regions...
[VM 1] Ram                 : [0xffff000040000000, 0xffff000080000000) -> [0x0000000040000000, 0x0000000080000000) (1 GiB)
[VM 1] KImage              : [0xffffffff80000000, 0xffffffff81000000) -> [0x0000000040000000, 0x0000000041000000) (16 MiB)
[VM 1] PerCpu              : [0xffffff0041044000, 0xffffff0041085000) -> [0x0000000041044000, 0x0000000041085000) (260 KiB)
[VM 1] Debug serial        : [0xffff0000feb50000, 0xffff0000feb51000) -> [0x00000000feb50000, 0x00000000feb51000) (4 KiB)
[VM 1] Boot page table at physical address: PA:0x41085000
[VM 1] Setting up table registers...
[VM 1] MMU Entry point at physical address: 0x4039d140
[VM 1] Trap vector at 0xffffffff8039a800
[VM 1] Memory Map:
[VM 1]   Rsv    0x00000000110000 - 0x00000000200000 (960 KiB)
[VM 1]   Rsv    0x00000010000000 - 0x00000018000000 (128 MiB)
[VM 1]   KImg   0x00000040000000 - 0x00000041000000 (16 MiB)
[VM 1]   Rsv    0x00000041000000 - 0x00000041044000 (272 KiB)
[VM 1]   PerCPU 0x00000041044000 - 0x00000041085000 (260 KiB)
[VM 1]   Rsv    0x00000041085000 - 0x0000004108e000 (36 KiB)
[37m[ 16.267551 1:35 axvisor::virtio_net:625] [33mvirtio-net drops an ingress frame: NotReady[m
[m[VM 1]   Free   0x0000004108e000 - 0x0000007c000000 (943.45 MiB)
[VM 1]   Rsv    0x0000007c000000 - 0x0000007de93000 (30.57 MiB)
[VM 1]   Free   0x0000007de93000 - 0x00000080000000 (33.43 MiB)
[VM 1]   Rsv    0x000000edf00000 - 0x000000ee006000 (1.02 MiB)
[VM 1]   MMIO   0x000000feb50000 - 0x000000feb51000 (4 KiB)
[VM 1] Jumping to main entry point at 0xffffffff80381534 with SP 0xffffff0041085000
[VM 1] 
[VM 1]        d8888                            .d88888b.   .d8888b.
[VM 1]       d88888                           d88P" "Y88b d88P  Y88b
[VM 1]      d88P888                           888     888 Y88b.
[VM 1]     d88P 888 888d888  .d8888b  .d88b.  888     888  "Y888b.
[VM 1]    d88P  888 888P"   d88P"    d8P  Y8b 888     888     "Y88b.
[VM 1]   d88P   888 888     888      88888888 888     888       "888
[VM 1]  d8888888888 888     Y88b.    Y8b.     Y88b. .d88P Y88b  d88P
[VM 1] d88P     888 888      "Y8888P  "Y8888   "Y88888P"   "Y8888P"
[VM 1] 
[VM 1] arch = aarch64
[VM 1] platform = ATK-DLRK3588 Board
[VM 1] target = aarch64-unknown-none-softfloat
[VM 1] build_mode = 
[VM 1] log_level = info
[VM 1] backtrace = false
[VM 1] smp = 1
[VM 1] 
[VM 1] [37m[  2.932001 ax_runtime:220] [32mLogging is enabled.[m
[VM 1] [m[37m[  2.936760 ax_runtime:221] [32mPrimary CPU 0 started, arg = 0x41000000.[m
[VM 1] [m[37m[  2.943046 ax_runtime:223] [32mFound physcial memory regions:[m
[VM 1] [m[37m[  2.948962 ax_runtime:225] [32m  [PA:0x110000, PA:0x200000) reserved (READ | WRITE | EXECUTE | RESERVED)[m
[VM 1] [m[37m[  2.957662 ax_runtime:225] [32m  [PA:0x10000000, PA:0x18000000) reserved (READ | WRITE | EXECUTE | RESERVED)[m
[VM 1] [m[37m[  2.966626 ax_runtime:225] [32m  [PA:0x40000000, PA:0x41000000) reserved (READ | WRITE | EXECUTE | RESERVED)[m
[VM 1] [m[37m[  2.975914 ax_runtime:225] [32m  [PA:0x41000000, PA:0x41044000) reserved (READ | WRITE | EXECUTE | RESERVED)[m
[VM 1] [m[37m[  2.985321 ax_runtime:225] [32m  [PA:0x41044000, PA:0x41085000) reserved (READ | WRITE | EXECUTE | RESERVED)[m
[VM 1] [m[37m[  2.994719 ax_runtime:225] [32m  [PA:0x41085000, PA:0x4108e000) reserved (READ | WRITE | EXECUTE | RESERVED)[m
[VM 1] [m[37m[  3.004128 ax_runtime:225] [32m  [PA:0x4108e000, PA:0x7c000000) free memory (READ | WRITE | FREE)[m
[VM 1] [m[37m[  3.012775 ax_runtime:225] [32m  [PA:0x7c000000, PA:0x7de93000) reserved (READ | WRITE | EXECUTE | RESERVED)[m
[VM 1] [m[37m[  3.021806 ax_runtime:225] [32m  [PA:0x7de93000, PA:0x80000000) free memory (READ | WRITE | FREE)[m
[VM 1] [m[37m[  3.029947 ax_runtime:225] [32m  [PA:0xedf00000, PA:0xee006000) reserved (READ | WRITE | EXECUTE | RESERVED)[m
[VM 1] [m[37m[  3.038901 ax_runtime:225] [32m  [PA:0xfeb50000, PA:0xfeb51000) mmio (READ | WRITE | DEVICE | RESERVED)[m
[VM 1] [m[37m[  3.047470 ax_runtime:375] [32mInitialize global memory allocator...[m
[VM 1] [m[37m[  3.053501 ax_runtime:376] [32m  use buddy-slab-allocator allocator.[m
[VM 1] [m[37m[  3.059554 ax_alloc::buddy_slab:158] [32mInitialize global memory allocator, start_vaddr: 0xffff00004108e000, size: 0x3af72000[m
[VM 1] [m[37m[  3.070460 ax_alloc::buddy_slab:424] [32mglobal allocator initialized[m
[VM 1] [m[37m[  3.076586 ax_alloc::buddy_slab:168] [32mAdd memory region, start_vaddr: 0xffff00007de93000, size: 0x216d000[m
[VM 1] [m[37m[  3.085577 ax_runtime:260] [32mkernel aspace: [VA:0xffff000000000000, VA:0xffffffffffffffff)[m
[VM 1] [m[37m[  3.093351 ax_mm:103] [32mInitialize virtual memory management...[m
[VM 1] [m[37m[  3.232448 ax_runtime:272] [32mInitialize platform devices...[m
[VM 1] [m[37m[  3.283745 someboot::arch::power:23] [32mPower management method : SMC[m
[VM 1] [m[37m[  3.290069 somehal::driver:5] [32mInitializing rdrive with FDT at 0xffff000041000000[m
[VM 1] [m[37m[  3.460123 ax_driver::soc::rockchip::pinctrl:301] [32mRockchip RK3588 pinctrl registered successfully[m
[37m[ 17.087599 1:35 axvisor::virtio_net:625] [33mvirtio-net drops an ingress frame: NotReady[m
[m[VM 1] [m[37m[  3.725604 ax_task::api:193] [32mInitialize scheduling...[m
[VM 1] [m[37m[  3.731436 ax_task::api:201] [32m  use Round-robin scheduler.[m
[VM 1] [m[37m[  3.736986 ax_runtime:300] [32mInitialize interrupt handlers...[m
[VM 1] [m[37m[  3.743133 ax_runtime::devices:2] [32mProbe platform devices...[m
[VM 1] [m[37m[  3.873866 ax_driver::serial::ns16550:49] [32mProbing NS16550 serial device: serial@feb50000[m
[VM 1] [m[37m[  3.882515 ax_driver::serial::ns16550:92] [32mNS16550 serial@0xffff0000feb50000 registered successfully[m
[VM 1] [m[37m[  3.893076 rdrive:222] [33mProbe failed for [fdt]: other error: /serial@feb50000 is not a snps,dw-apb-uart node[m
[VM 1] [m[37m[  3.910433 ax_driver::soc::scmi:54] [33m[scmi] SCMI shmem phandle 69 cannot be resolved by rdrive; using RK3588 shmem fallback 0x10f000+0x100[m
[VM 1] [m[37m[  3.923690 ax_driver::soc::scmi:84] [32mSCMI clock protocol registered: path=/firmware/scmi/protocol@14, phandle=Some(Phandle(14)), protocol=0x14[m
[VM 1] [m[37m[  3.936075 ax_driver::soc::scmi:93] [32mSCMI SMC registered: smc_id=0x82000010, shmem_phandle=69, shmem=0x10f000+0x100[m
[VM 1] [m[37m[  3.947825 ax_driver::soc::rockchip::cru::rk3588:60] [32mRK3588 CRU reg: addr=0xfd7c0000, size=0x5c000, rockchip,grf=<0x7a>[m
[VM 1] [m[37m[  3.958897 rockchip_soc::variants::rk3588::cru:123] [32mCRU@ffff0000fd7c0000: Initializing and verifying clock configuration...[m
[VM 1] [m[37m[  3.970341 rockchip_soc::variants::rk3588::cru:174] [33m⚠ CRU@ffff0000fd7c0000: ACLK_BUS_ROOT div mismatch! u-boot: 3, current: 4[m
[VM 1] [m[37m[  3.982636 rockchip_soc::variants::rk3588::cru:248] [32m✓ CRU@ffff0000fd7c0000: Clock configuration verified[m
[VM 1] [m[37m[  3.993434 ax_driver::soc::rockchip::cru::rk3588:79] [32mRK3588 CRU clock/reset registered successfully[m
[VM 1] [m[37m[  4.004390 ax_driver::soc::rockchip::pm:78] [32mRockchip power-domain provider registered successfully[m
[37m[ 17.648684 1:35 axvisor::virtio_net:625] [33mvirtio-net drops an ingress frame: NotReady[m
[m[37m[ 18.181997 1:35 axvisor::virtio_net:625] [33mvirtio-net drops an ingress frame: NotReady[m
[m[VM 1] [m[37m[  4.827990 ax_driver::soc::rockchip::cpufreq:151] [32mcpufreq: A55 1008->1008, A76 1008->1200 MHz[m
[VM 1] [m[37m[  4.836998 ax_driver::soc::rockchip::pmic_i2c:508] [32mpmic_i2c: ungated i2c0 clocks (PMU_CLKGATE_CON(2)@0xfd7f0808 <- 0x00060000); gate bits now 0x0 (0 == enabled)[m
[VM 1] [m[37m[  4.851327 ax_driver::soc::rockchip::pmic_i2c:542] [32mpmic_i2c: de-asserted i2c0 reset (PMU_SOFTRST_CON(2)@0xfd7f0a08 <- 0x00060000); reset bits now 0x0 (0 == released)[m
[VM 1] [m[37m[  4.918814 ax_driver::soc::rockchip::pinctrl::rdif_glue:108] [33mUnknown pinconf property: input-schmitt-enable[m
[VM 1] [m[37m[  4.929263 ax_driver::soc::rockchip::pinctrl::rdif_glue:108] [33mUnknown pinconf property: input-schmitt-enable[m
[VM 1] [m[37m[  4.939437 ax_driver::soc::rockchip::pmic_i2c:592] [32mpmic_i2c: applied i2c0 pinctrl-0 (scl GPIO0_D1 / sda GPIO0_D2 -> func3) via rockchip pinctrl[m
[VM 1] [m[37m[  4.986935 ax_driver::soc::rockchip::pmic_i2c:270] [32mpmic_i2c: rk3x_i2c@0xfd880000 ready (clkdiv=0x7c007c)[m
[VM 1] [m[37m[  4.997136 ax_driver::soc::rockchip::cpufreq:281] [32mcpufreq: A76 big0 rail boot voltage = 675000 uV[m
[VM 1] [m[37m[  5.006502 ax_driver::soc::rockchip::cpufreq:281] [32mcpufreq: A76 big1 rail boot voltage = 675000 uV[m
[VM 1] [m[37m[  5.015931 ax_driver::soc::rockchip::pmic_spi:619] [32mpmic_spi: ungated SPI2 PCLK+CLK (CRU 0xfd7c0838 <= 0x21000000)[m
[VM 1] [m[37m[  5.026425 ax_driver::soc::rockchip::pmic_spi:650] [32mpmic_spi: de-asserted SPI2 P+core reset (CRU 0xfd7c0a38 <= 0x21000000)[m
[VM 1] [m[37m[  5.090270 ax_driver::soc::rockchip::pmic_spi:702] [32mpmic_spi: applied spi2 pinctrl-0 (spi2m2 clk/mosi/miso/cs0 mux+pull+drive) via rockchip pinctrl[m
[VM 1] [m[37m[  5.103733 ax_driver::soc::rockchip::pmic_spi:720] [32mpmic_spi: GPIO0 DDR_L=0x00008000 B3(bit11)=0 (0=input) — forcing B3 input[m
[VM 1] [m[37m[  5.149506 ax_driver::soc::rockchip::pmic_spi:748] [32mpmic_spi: PMU1_IOC 00=00001120 04=00000110 08=00001010 0c=00000000 10=00001111 14=00000111 18=00001011 1c=00000000 20=0000ff01 24=000000fc 28=000000ff 2c=0000000f 30=00000000 34=00000000 40=00000008[m
[VM 1] [m[37m[  5.172094 ax_driver::soc::rockchip::pmic_spi:767] [32mpmic_spi: B3/MISO decoded: mux=1 (want 1) drive=1 pull=3 (want 3) smt=0 (want 0)[m
[VM 1] [m[37m[  5.184732 ax_driver::soc::rockchip::pmic_spi:363] [32mpmic_spi: SPI2 baud divisor preserved from U-Boot (200)[m
[VM 1] [m[37m[  5.194669 ax_driver::soc::rockchip::pmic_spi:506] [32mpmic_spi: RK806 probe: chip_name(0x5A)=Some(0) chip_ver(0x5B)=Some(0) dcdc2_raw_rx=[00, 1b, 00, 00] (xfer_ok=true)[m
[VM 1] [m[37m[  5.209273 ax_driver::soc::rockchip::pmic_spi:526] [32mpmic_spi: read-shape distinct: tx=[00, 5a, a5, 3c] rx=[00, 5a, a5, 3c] ok=true[m
[VM 1] [m[37m[  5.221493 ax_driver::soc::rockchip::pmic_spi:531] [32mpmic_spi: read-shape long6: tx=[00, 5a, 00, 00, 00, 00] rx=[00, 5a, 00, 00, 00, 00] ok=true[m
[VM 1] [m[37m[  5.235217 ax_driver::soc::rockchip::pmic_spi:837] [32mpmic_spi: RK806/SPI2 bound at 0xfeb20000[m
[VM 1] [m[37m[  5.243441 ax_driver::soc::rockchip::pmic_spi:848] [32mpmic_spi: A55 vdd_cpu_lit = 500000 uV (buck2 vsel 0x00)[m
[VM 1] [m[37m[  5.253232 ax_driver::soc::rockchip::cpufreq:293] [32mcpufreq: A55 rail boot voltage = 500000 uV[m
[VM 1] [m[37m[  5.262657 ax_driver::soc::rockchip::cpufreq:309] [32mcpufreq: A76 rails -> 675000 uV (big0 ok=true, big1 ok=true)[m
[VM 1] [m[37m[  5.273453 ax_driver::soc::rockchip::pmic_spi:848] [32mpmic_spi: A55 vdd_cpu_lit = 500000 uV (buck2 vsel 0x00)[m
[VM 1] [m[37m[  5.282633 ax_driver::soc::rockchip::cpufreq:322] [33mcpufreq: A55 boot voltage not trustworthy (Some(500000) uV); skipping A55 write until spi2/RK806 bring-up completes (A76 unaffected)[m
[VM 1] [m[37m[  5.300036 ax_driver::soc::rockchip::cpufreq:350] [32mcpufreq: ondemand governor armed (A76 I2C up; a55_spi=true, A55 ring-only)[m
[VM 1] [m[37m[  5.367514 ax_driver::usb::ehci:62] [32mRockchip EHCI driver initialized successfully for usb@fc800000 with irq None[m
[37m[ 18.795946 1:35 axvisor::virtio_net:625] [33mvirtio-net drops an ingress frame: NotReady[m
[m[VM 1] [m[37m[  5.469861 ax_driver::usb::ehci:62] [32mRockchip EHCI driver initialized successfully for usb@fc880000 with irq None[m
[VM 1] [m[37m[  5.606841 ax_driver::pwm::rockchip:99] [32mRockchip PWM registered: node=pwm@fd8b0010 base=0xfd8b0010[m
[VM 1] [m[37m[  5.617519 ax_driver::pwm::rockchip:99] [32mRockchip PWM registered: node=pwm@fd8b0030 base=0xfd8b0030[m
[VM 1] [m[37m[  5.628279 ax_driver::rknpu:82] [32mRK3588 NPU fixed clock rate: 800000000 Hz[m
[VM 1] [m[37m[  5.635483 ax_driver::rknpu:66] [32mNPU registered successfully[m
[VM 1] [m[37m[  5.642833 ax_driver::block::rockchip::clock:12] [32m[mmc@fe2c0000] enabled SDMMC clock Some("biu") (0x17)[m
[VM 1] [m[37m[  5.653271 ax_driver::block::rockchip::clock:12] [32m[mmc@fe2c0000] enabled SDMMC clock Some("ciu") (0x9)[m
[VM 1] [m[37m[  5.662121 ax_driver::block::rockchip::clock:12] [32m[mmc@fe2c0000] enabled SDMMC clock Some("ciu-drive") (0x2c2)[m
[VM 1] [m[37m[  5.673077 ax_driver::block::rockchip::clock:12] [32m[mmc@fe2c0000] enabled SDMMC clock Some("ciu-sample") (0x2c3)[m
[VM 1] [m[37m[  5.770510 ax_driver::block::rockchip::sd:182] [32m[mmc@fe2c0000] vqmmc-supply phandle Phandle(283) is not a fixed GPIO regulator; skip pinctrl enable[m
[VM 1] [m[37m[  5.784436 ax_driver::block::rockchip::sd:119] [32mrockchip-dwmmc probe: node=mmc@fe2c0000, addr=0xfe2c0000, size=0x4000[m
[VM 1] [m[37m[  5.795226 ax_driver::block::rockchip::sd:131] [32mrockchip-dwmmc: using ciu reference clock 49500000 Hz[m
[VM 1] [m[37m[  5.804738 ax_driver::block::rockchip::sd::phase:41] [32mrockchip-dwmmc: RK3588 SDMMC phase configured: drive=90deg sample=0deg parent=49500000Hz[m
[VM 1] [m[37m[  5.817199 ax_driver::block::rockchip::sd:156] [32mrockchip-dwmmc: defer protocol initialization to IRQ-driven hctx[m
[VM 1] [m[37m[  5.827966 ax_driver::block::rockchip::sd:161] [32mrockchip-dwmmc block device registered irq=None[m
[VM 1] [m[37m[  5.838441 ax_driver::block::rockchip::clock:12] [32m[mmc@fe2e0000] enabled SDHCI clock Some("core") (0x13a)[m
[VM 1] [m[37m[  5.848572 ax_driver::block::rockchip::clock:12] [32m[mmc@fe2e0000] enabled SDHCI clock Some("bus") (0x138)[m
[VM 1] [m[37m[  5.858693 ax_driver::block::rockchip::clock:12] [32m[mmc@fe2e0000] enabled SDHCI clock Some("axi") (0x139)[m
[VM 1] [m[37m[  5.868466 ax_driver::block::rockchip::clock:12] [32m[mmc@fe2e0000] enabled SDHCI clock Some("block") (0x13b)[m
[VM 1] [m[37m[  5.878343 ax_driver::block::rockchip::clock:12] [32m[mmc@fe2e0000] enabled SDHCI clock Some("timer") (0x13c)[m
[VM 1] [m[37m[  5.888326 ax_driver::block::rockchip::sdhci_rk3588:167] [32mrockchip-sdhci probe: node=mmc@fe2e0000, addr=0xfe2e0000, size=0x10000[m
[VM 1] [m[37m[  5.900100 ax_driver::block::rockchip::sdhci_rk3588:182] [32mrockchip-sdhci: using external CRU clock[m
[VM 1] [m[37m[  5.909421 ax_driver::block::rockchip::sdhci_rk3588:197] [32mrockchip-sdhci: defer eMMC protocol initialization to IRQ-driven hctx[m
[VM 1] [m[37m[  5.921505 ax_driver::block::rockchip::sdhci_rk3588:201] [32mrockchip-sdhci block device registered irq=None[m
[VM 1] [m[37m[  5.932915 ax_driver::pwm::rockchip:99] [32mRockchip PWM registered: node=pwm@febf0030 base=0xfebf0030[m
[VM 1] [m[37m[  5.944869 ax_driver::virtio:177] [32mprobing virtio-mmio node virtio_mmio@a000000 at PA 0xa000000, size 0x200[m
[VM 1] [m[37m[  5.954645 ax_driver::virtio:184] [32mmapped virtio-mmio at VA 0xffff00000a000000[m
[VM 1] [m[37m[  5.962119 virtio_drivers::device::net::dev_raw:33] [32mnegotiated_features Features(MAC | STATUS | VERSION_1)[m
[VM 1] [m[37m[  5.973880 ax_driver::virtio::net:394] [32mregistered virtio network device irq=None[m
[VM 1] [m[37m[  5.981383 rdrive:222] [33mProbe failed for [fdt]: other error: [] has no USB2 PHY GRF parent[m
[VM 1] [m[37m[  5.991353 ax_runtime::serial:489] [32mserial runtime NS16550 UART ready: cpu=0, irq=Some(Source(FdtInterrupt(FdtIrqSpec { controller: 596, cells: [0, 333, 4] }))), polling=false[m
[VM 1] [mBoot at 1970-01-01 00:00:06.007480208 UTC
[VM 1] 
[VM 1] [37m[  6.012056 sdmmc_protocol::sdio::init::state_machine:102] [32msdio: submit bus op ResetAll[m
[VM 1] [m[37m[  6.021174 ax_fs_ng::block::runtime::hctx:177] [32mblock hctx 0 bound to CPU 0 with hardware depth 1[m
[VM 1] [m[37m[  6.031045 ax_fs_ng::block::runtime::lifecycle::device:300] [32mblock device rockchip-dwmmc IRQ source 0 (IrqId { domain: IrqDomainId(7), hwirq: HwIrq(235) }) fixed to CPU 0 for queue mask 0x1[m
[VM 1] [m[37m[  6.049695 sdmmc_protocol::sdio::init::state_machine:102] [32msdio: submit bus op PowerOn[m
[VM 1] [m[37m[  6.069112 sdmmc_protocol::sdio::init::state_machine:102] [32msdio: submit bus op SwitchVoltage(V330)[m
[VM 1] [m[37m[  6.078920 sdmmc_protocol::sdio::init::state_machine:63] [32msdio: submit bus op SetBusWidth(Bit1)[m
[VM 1] [m[37m[  6.088319 sdmmc_protocol::sdio::init::state_machine:63] [32msdio: submit bus op SetClock(Identification)[m
[VM 1] [m[37m[  6.098966 ax_driver::block::rockchip::sd:70] [32mrockchip-dwmmc: ciu clock set target=400000 Hz cclkin=800000 Hz bus=400000 Hz[m
[VM 1] [m[37m[  6.122238 sdmmc_protocol::sdio::init::state_machine:154] [33msdio: init state PostIdentificationClockDelay aborted (NoCard), resetting host[m
[VM 1] [m[37m[  6.136104 ax_fs_ng::block::runtime::lifecycle:135] [33mfailed to start IRQ-driven block controller: Io[m
[VM 1] [m[37m[  6.145197 sdmmc_protocol::sdio::init::state_machine:102] [32msdio: submit bus op ResetAll[m
[VM 1] [m[37m[  6.153555 ax_fs_ng::block::runtime::hctx:177] [32mblock hctx 0 bound to CPU 0 with hardware depth 1[m
[VM 1] [m[37m[  6.162418 ax_fs_ng::block::runtime::lifecycle::device:300] [32mblock device rockchip-sdhci IRQ source 0 (IrqId { domain: IrqDomainId(7), hwirq: HwIrq(237) }) fixed to CPU 0 for queue mask 0x1[m
[VM 1] [m[37m[  6.180935 ax_driver::block::rockchip::sdhci_rk3588:245] [32mrockchip-sdhci: RK3588 DWCMSHC vendor reset area1=0x500[m
[VM 1] [m[37m[  6.192034 sdmmc_protocol::sdio::init::state_machine:102] [32msdio: submit bus op PowerOn[m
[VM 1] [m[37m[  6.211263 sdmmc_protocol::sdio::init::state_machine:102] [32msdio: submit bus op SwitchVoltage(V330)[m
[VM 1] [m[37m[  6.226837 sdmmc_protocol::sdio::init::state_machine:63] [32msdio: submit bus op SetBusWidth(Bit1)[m
[VM 1] [m[37m[  6.235873 sdmmc_protocol::sdio::init::state_machine:63] [32msdio: submit bus op SetClock(Identification)[m
[VM 1] [m[37m[  6.245437 ax_driver::block::rockchip::sdhci_rk3588:119] [32mrockchip-sdhci: core clock set to 375000 Hz[m
[VM 1] [m[37m[  6.298846 sdmmc_protocol::sdio::init::state_machine::identify:264] [32msdio: detected Mmc ocr=0xc0ff8080[m
[VM 1] [m[37m[  6.310519 sdmmc_protocol::sdio::init::state_machine::identify:338] [32msdio: CSD capacity_blocks=None[m
[VM 1] [m[37m[  6.333580 sdmmc_protocol::sdio::init::state_machine::mmc:38] [32msdio: EXT_CSD sector_count=122159104[m
[VM 1] [m[37m[  6.346695 ax_driver::block::rockchip::sdhci_rk3588:119] [32mrockchip-sdhci: core clock set to 50000000 Hz[m
[VM 1] [m[37m[  6.357101 sdmmc_protocol::sdio::init::state_machine::mmc:314] [32msdio: MMC speed selected HighSpeed bus_width=Bit8[m
[VM 1] [m[37m[  6.368122 sdmmc_protocol::sdio::init::state_machine::mmc:340] [32msdio: enabled 1024 KiB volatile write cache[m
[VM 1] [m[37m[  6.378440 sdmmc_protocol::sdio::init::state_machine:233] [32msdio: init done kind=Mmc sd_v2=false high_capacity=true rca=0x1 ocr=0xc0ff8080 host_bus_width=Bit8 ext_csd_bus_width=Some(Sdr1) ext_csd_timing=Some(Compat)[m
[VM 1] [m[37m[  6.397474 sdmmc_protocol::rdif::queue:172] [32msdmmc block init complete: kind=Mmc high_capacity=true rca=1 capacity_blocks=122159104 cache_enabled=true[m
[VM 1] [m[37m[  6.437518 ax_fs_ng::root:348] [32m    partition 1 name=Some("uboot") fs=None lba 16384..24576[m
[VM 1] [m[37m[  6.446546 ax_fs_ng::root:348] [32m    partition 2 name=Some("misc") fs=None lba 24576..32768[m
[VM 1] [m[37m[  6.455136 ax_fs_ng::root:348] [32m    partition 3 name=Some("boot") fs=None lba 32768..163840[m
[VM 1] [m[37m[  6.464081 ax_fs_ng::root:348] [32m    partition 4 name=Some("recovery") fs=None lba 163840..425984[m
[VM 1] [m[37m[  6.473085 ax_fs_ng::root:348] [32m    partition 5 name=Some("backup") fs=None lba 425984..491520[m
[VM 1] [m[37m[  6.481579 ax_fs_ng::root:348] [32m    partition 6 name=Some("rootfs") fs=Some(Ext4) lba 491520..29851648[m
[VM 1] [m[37m[  6.491950 ax_fs_ng::root:348] [32m    partition 7 name=Some("oem") fs=Some(Ext4) lba 29851648..30113792[m
[VM 1] [m[37m[  6.502083 ax_fs_ng::root:348] [32m    partition 8 name=Some("userdata") fs=Some(Ext4) lba 30113792..122159071[m
[VM 1] [m[37m[  6.512527 ax_fs_ng::root:364] [32m  block device 0 (rockchip-sdhci) has Gpt partition table with 8 partitions[m
[VM 1] [m[37m[  6.523322 ax_fs_ng::root:517] [32m  falling back to PARTLABEL=rootfs[m
[VM 1] [m[37m[  6.529455 ax_fs_ng:86] [32mInitialize filesystem subsystem...[m
[VM 1] [m[37m[  6.535926 ax_fs_ng:87] [32m  selected root device: disk0 partition 6 (rootfs, fs=ext4, lba 491520..29851648)[m
[VM 1] [m[37m[  6.547097 rsext4::crc32c::arm64:54] [33mID_AA64ISAR0_EL1[19:16]: 0x1[m
[VM 1] [m[37m[  6.554001 rsext4::crc32c::arm64:57] [33mHardware CRC32C support detected.[m
[VM 1] [m[37m[  6.573115 rsext4::ext4::mount:331] [32m/lost+found exists (superblock hint inode=11)[m
[VM 1] [m[37m[  6.582023 rsext4::ext4::mount:466] [32mExt4 filesystem mounted[m
[VM 1] [m[37m[  6.588515 rsext4::ext4::mount:467] [32m  - block size: 4096 bytes[m
[VM 1] [m[37m[  6.595273 rsext4::ext4::mount:468] [32m  - total blocks: 3670016[m
[VM 1] [m[37m[  6.601147 rsext4::ext4::mount:469] [32m  - free blocks: 3298218[m
[VM 1] [m[37m[  6.607829 rsext4::ext4::mount:470] [32m  - total inodes: 847616[m
[VM 1] [m[37m[  6.614295 rsext4::ext4::mount:471] [32m  - free inodes: 833536[m
[VM 1] [m[37m[  6.620009 rsext4::ext4::sync:13] [32mSyncing filesystem...[m
[VM 1] [m[37m[  6.635005 rsext4::ext4::mount:550] [32mExt4 filesystem mounted[m
[VM 1] [m[37m[  6.641174 ax_fs_ng:99] [32m  filesystem type: "ext4"[m
[VM 1] [m[37m[  6.649710 rsext4::blockgroup_description::desc:109] [31mGroup descriptor checksum mismatch: group=0 stored=0x0000 expected=0x0589 desc_size=64 block_bitmap=8196 inode_bitmap=24580 inode_table=40964 free_blocks=57348 free_inodes=0 used_dirs=8196 itable_unused=0 flags=0x1 block_bitmap_csum=0x0 inode_bitmap_csum=0x0[m
[VM 1] [m[37m[  6.680658 rsext4::ext4::mount:554] [31mMount failed: EUCLEAN: Structure needs cleaning[m
[VM 1] [m[37m[  6.689181 ax_fs_ng::fs::ext4::rsext4::fs:127] [33mext4 journal replay failed with EUCLEAN; retrying read-only without journal replay[m
[VM 1] [m[37m[  6.701166 rsext4::blockgroup_description::desc:109] [31mGroup descriptor checksum mismatch: group=0 stored=0x0000 expected=0x0589 desc_size=64 block_bitmap=8196 inode_bitmap=24580 inode_table=40964 free_blocks=57348 free_inodes=0 used_dirs=8196 itable_unused=0 flags=0x1 block_bitmap_csum=0x0 inode_bitmap_csum=0x0[m
[VM 1] [m[37m[  6.730556 rsext4::ext4::mount:554] [31mMount failed: EUCLEAN: Structure needs cleaning[m
[VM 1] [m[37m[  6.739086 ax_fs_ng::root:622] [33m  failed to initialize filesystem for partition disk0 partition 7 (oem, fs=ext4, lba 29851648..30113792): AxErrorKind::Io[m
[VM 1] [m[37m[  6.755093 rsext4::blockgroup_description::desc:109] [31mGroup descriptor checksum mismatch: group=0 stored=0x0a8d expected=0x16fe desc_size=64 block_bitmap=262145 inode_bitmap=262161 inode_table=262177 free_blocks=3808 free_inodes=1088 used_dirs=0 itable_unused=1088 flags=0x5 block_bitmap_csum=0x4c1cbc8f inode_bitmap_csum=0xe0e99c72[m
[VM 1] [m[37m[  6.786439 rsext4::ext4::mount:554] [31mMount failed: EUCLEAN: Structure needs cleaning[m
[VM 1] [m[37m[  6.794541 ax_fs_ng::fs::ext4::rsext4::fs:127] [33mext4 journal replay failed with EUCLEAN; retrying read-only without journal replay[m
[VM 1] [m[37m[  6.806191 rsext4::blockgroup_description::desc:109] [31mGroup descriptor checksum mismatch: group=0 stored=0x0a8d expected=0x16fe desc_size=64 block_bitmap=262145 inode_bitmap=262161 inode_table=262177 free_blocks=3808 free_inodes=1088 used_dirs=0 itable_unused=1088 flags=0x5 block_bitmap_csum=0x4c1cbc8f inode_bitmap_csum=0xe0e99c72[m
[VM 1] [m[37m[  6.836949 rsext4::ext4::mount:554] [31mMount failed: EUCLEAN: Structure needs cleaning[m
[VM 1] [m[37m[  6.845092 ax_fs_ng::root:622] [33m  failed to initialize filesystem for partition disk0 partition 8 (userdata, fs=ext4, lba 30113792..122159071): AxErrorKind::Io[m
[VM 1] [m[37m[  6.863187 ax_net:192] [32mInitialize network subsystem...[m
[VM 1] [m[37m[  6.868842 ax_net:212] [32m  use NIC 0: "virtio-net"[m
[VM 1] [m[37m[  6.875263 ax_runtime::irq:120] [32mregistered eth0 irq IrqId { domain: IrqDomainId(7), hwirq: HwIrq(48) }[m
[VM 1] [m[37m[  6.884832 ax_net:238] [32meth0:[m
[VM 1] [m[37m[  6.888248 ax_net:239] [32m  id:   2[m
[VM 1] [m[37m[  6.891980 ax_net:240] [32m  mac:  52-54-00-12-34-15[m
[VM 1] [m[37m[  6.897651 ax_net:257] [32m  mode: dhcp[m
[VM 1] [m[37m[  6.901622 ax_net:295] [32mDevice: lo[m
[VM 1] [m[37m[  6.905818 ax_net:295] [32mDevice: eth0[m
[VM 1] [m[37m[  6.910362 ax_net::service:606] [32meth0: DHCP enabled[m
[VM 2] msh />TASK2_SAFE state=Safe event=HeartbeatTimeout
[VM 1] [m[37m[  8.959288 ax_net:992] [33mDHCP bootstrap timed out[m
[VM 1] [m[37m[  8.964635 ax_runtime:348] [32mPrimary CPU 0 init OK.[m
[VM 1] [m[37m[  8.970092 0:2 ax_fs_ng::block::runtime::lifecycle::device:369] [32mblock device rockchip-sdhci online with 1 hctxs across 1 CPUs[m
[VM 1] [m[37m[  8.981909 0:2 ktracepoint:282] [32mtracepoint_data_start: 0xffffffff80597e90, tracepoint_data_end: 0xffffffff80597ef0[m
[VM 1] [m[37m[  8.993103 0:2 ktracepoint:297] [32mtracepoint_data_len: 6[m
[VM 1] [m[37m[  8.999113 0:2 ktracepoint:314] [32mtracepoint registered: sched:sched_process_exit[m
[VM 1] [m[37m[  9.007402 0:2 ktracepoint:314] [32mtracepoint registered: sched:sched_process_fork[m
[VM 1] [m[37m[  9.015853 0:2 ktracepoint:314] [32mtracepoint registered: sched:sched_switch[m
[VM 1] [m[37m[  9.023350 0:2 ktracepoint:314] [32mtracepoint registered: syscalls:sys_clone[m
[VM 1] [m[37m[  9.031515 0:2 ktracepoint:314] [32mtracepoint registered: syscalls:sys_enter_openat[m
[VM 1] [m[37m[  9.039912 0:2 ktracepoint:314] [32mtracepoint registered: syscalls:sys_mkdirat[m
[VM 1] [mInitialized 6 tracepoints
[VM 1] kmod subsystem initialized
[VM 1] [37m[  9.051953 0:2 starry_kernel::pseudofs:86] [32mInitialize pseudofs...[m
[VM 1] [m[37m[  9.059037 0:2 starry_kernel::pseudofs::dev::tty::serial:256] [32mttyS2 registered: path=/serial@feb50000, alias=Some(2), paddr=0xfeb50000, irq=Some(Source(FdtInterrupt(FdtIrqSpec { controller: 596, cells: [0, 333, 4] })))[m
[VM 1] [m[37m[  9.079066 0:2 starry_kernel::pseudofs::dev::tty::serial:201] [32m/dev/console bound to ttyS2[m
[VM 1] [m[37m[  9.089706 0:2 starry_kernel::pseudofs:80] [32mMounted devfs at /dev[m
[VM 1] [m[37m[  9.096299 0:2 starry_kernel::pseudofs::usbfs:55] [32musbfs: initializing manager[m
[VM 1] [m[37m[  9.104579 0:2 starry_kernel::pseudofs::usbfs::manager:1437] [32musbfs: preparing host 272 as bus 1[m
[VM 1] [m[37m[  9.114084 0:2 starry_kernel::pseudofs::usbfs::manager:1437] [32musbfs: preparing host 274 as bus 2[m
[VM 1] [m[37m[  9.122697 0:2 starry_kernel::pseudofs::usbfs::manager:1486] [32musbfs: discovered 2 USB host(s)[m
[VM 1] [m[37m[  9.132016 0:2 starry_kernel::pseudofs::usbfs::irq:92] [32musbfs: registering IRQ callback for IRQ IrqId { domain: IrqDomainId(7), hwirq: HwIrq(247) } (bus 1, host 272)[m
[VM 1] [m[37m[  9.147678 0:2 starry_kernel::pseudofs::usbfs::irq:92] [32musbfs: registering IRQ callback for IRQ IrqId { domain: IrqDomainId(7), hwirq: HwIrq(250) } (bus 2, host 274)[m
[VM 1] [m[37m[  9.162681 0:2 starry_kernel::pseudofs::usbfs::manager:1275] [32musbfs: initializing host on bus 1[m
[VM 1] [m[37m[  9.292648 0:2 starry_kernel::pseudofs::usbfs::manager:1319] [32musbfs: host on bus 1 initialized[m
[VM 1] [m[37m[  9.302136 0:2 starry_kernel::pseudofs::usbfs::manager:1275] [32musbfs: initializing host on bus 2[m
[VM 1] [m[37m[  9.431676 0:2 starry_kernel::pseudofs::usbfs::manager:1319] [32musbfs: host on bus 2 initialized[m
[VM 1] [m[37m[  9.440985 0:2 starry_kernel::pseudofs::usbfs::manager:1339] [32musbfs: 2 host(s) ready[m
[VM 1] [m[37m[  9.449321 0:2 starry_kernel::pseudofs::usbfs:74] [32musbfs: spawning refresh task[m
[VM 1] [m[37m[  9.457336 0:2 starry_kernel::pseudofs::usbfs:38] [32musbfs: creating filesystem instance[m
[VM 1] [m[37m[  9.466214 0:2 starry_kernel::pseudofs:80] [32mMounted usbfs at /dev/bus/usb[m
[VM 1] [m[37m[  9.473058 0:2 starry_kernel::pseudofs:80] [32mMounted tmpfs at /dev/shm[m
[VM 1] [m[37m[  9.481499 0:2 starry_kernel::pseudofs:80] [32mMounted tmpfs at /tmp[m
[VM 1] [m[37m[  9.488480 0:2 starry_kernel::pseudofs:80] [32mMounted mqueue at /dev/mqueue[m
[VM 1] [m[37m[  9.502889 0:2 starry_kernel::dyn_debug:61] [32mdebug_init: initializing dynamic debug sites[m
[VM 1] [m[37m[  9.512620 0:2 starry_kernel::dyn_debug:64] [32mdebug_init: found 193 dynamic debug sites[m
[VM 1] [m[37m[  9.521248 0:2 starry_kernel::pseudofs::proc:74] [32mRead kallsyms, size: 1563KB[m
[VM 1] [m[37m[  9.551025 0:2 starry_kernel::pseudofs:80] [32mMounted proc at /proc[m
[VM 1] [m[37m[  9.558850 0:2 starry_kernel::pseudofs:80] [32mMounted sysfs at /sys[m
[VM 1] [m[37m[  9.565864 0:2 starry_kernel::pseudofs:80] [32mMounted sysfs at /sys/bus/usb[m
[VM 1] [m[37m[  9.573377 0:2 starry_kernel::pseudofs:80] [32mMounted debug at /sys/kernel/debug[m
[VM 1] [m[37m[  9.580694 0:2 starry_kernel::task::timer:331] [32mInitialize alarm...[m
[VM 1] [m[37m[  9.588137 0:2 starry_kernel::entry:178] [32mInitialize cpufreq ondemand governor...[m
[VM 1] [m[37m[  9.618391 0:18 starry_kernel::task::user:70] [32mEnter user space: ip=0x60116880, sp=0x3fffffff620[m
[VM 1] [m[37m[  9.798082 0:17 ax_driver::soc::rockchip::cpufreq:872] [32mgov: A76b0 peak=0% opp 2->1 = 816 MHz @ 675 mV[m
[VM 1] [m[37m[  9.798942 0:17 ax_driver::soc::rockchip::cpufreq:872] [32mgov: A76b1 peak=0% opp 2->1 = 816 MHz @ 675 mV[m
[VM 1] [m[37m[  9.900000 0:17 ax_driver::soc::rockchip::cpufreq:872] [32mgov: A76b0 peak=0% opp 1->0 = 408 MHz @ 675 mV[m
[VM 1] [m[37m[  9.900858 0:17 ax_driver::soc::rockchip::cpufreq:872] [32mgov: A76b1 peak=0% opp 1->0 = 408 MHz @ 675 mV[m
[VM 1] [mWelcome to [96m[1mStarry OS[0m!
[VM 1] [37m[ 10.007351 0:18 starry_kernel::syscall::task::wait:245] [32msys_waitpid <= pid: -1, options: WaitPidOptions(0x0)[m
[VM 1] [m[37m[ 10.007429 0:19 starry_kernel::task::user:70] [32mEnter user space: ip=0x223184, sp=0x3ffffffecf0[m
[VM 1] [mHOSTNAME=starry
[VM 1] PWD=/
[VM 1] HOME=/root
[VM 1] TERM=xterm-256color
[VM 1] USER=root
[VM 1] SHLVL=1
[VM 1] PATH=/usr/local/sbin:/usr/local/bin:/usr/sbin:/usr/bin:/sbin:/bin
[VM 1] _=/usr/bin/env
[VM 1] [37m[ 10.069969 0:19 starry_kernel::task::ops:398] [32mTask(19, "env") exit with code: 0[m
[VM 1] [m[37m[ 10.079266 0:19 starry_kernel::task::signal:605] [32mSend signal SIGCHLD to process 1[m
[VM 1] [m[37m[ 10.128139 0:18 starry_kernel::syscall::task::wait:245] [32msys_waitpid <= pid: -1, options: WaitPidOptions(WNOHANG)[m
[VM 1] [m
[VM 1] Use [1m[3mapk[0m to install packages.
[VM 1] 
[VM 1] [37m[ 10.154685 0:18 starry_kernel::syscall::task::wait:245] [32msys_waitpid <= pid: -1, options: WaitPidOptions(0x0)[m
[VM 1] [m[37m[ 10.154757 0:20 starry_kernel::task::user:70] [32mEnter user space: ip=0x223184, sp=0x3ffffffecf0[m
[VM 1] [m[37m[ 10.213735 0:20 starry_kernel::task::ops:398] [32mTask(20, "mkdir") exit with code: 256[m
[VM 1] [m[37m[ 10.223790 0:20 starry_kernel::task::signal:605] [32mSend signal SIGCHLD to process 1[m
[VM 1] [m[37m[ 10.231512 0:18 starry_kernel::syscall::task::wait:245] [32msys_waitpid <= pid: -1, options: WaitPidOptions(WNOHANG)[m
[VM 1] [m[37m[ 10.235250 0:18 starry_kernel::syscall::task::wait:245] [32msys_waitpid <= pid: -1, options: WaitPidOptions(0x0)[m
[VM 1] [m[37m[ 10.256558 0:21 starry_kernel::task::user:70] [32mEnter user space: ip=0x223184, sp=0x3ffffffecf0[m
[VM 1] [m[37m[ 10.290929 0:21 starry_kernel::task::ops:398] [32mTask(21, "mkdir") exit with code: 256[m
[VM 1] [m[37m[ 10.300661 0:21 starry_kernel::task::signal:605] [32mSend signal SIGCHLD to process 1[m
[VM 1] [m[37m[ 10.309043 0:18 starry_kernel::syscall::task::wait:245] [32msys_waitpid <= pid: -1, options: WaitPidOptions(WNOHANG)[m
[VM 1] [m[37m[ 10.311919 0:18 starry_kernel::syscall::task::wait:245] [32msys_waitpid <= pid: -1, options: WaitPidOptions(0x0)[m
[VM 1] [m[37m[ 10.333278 0:22 starry_kernel::task::user:70] [32mEnter user space: ip=0x223184, sp=0x3ffffffecf0[m
[VM 1] [m[37m[ 10.366338 0:22 starry_kernel::task::ops:398] [32mTask(22, "mkdir") exit with code: 256[m
[VM 1] [m[37m[ 10.376541 0:22 starry_kernel::task::signal:605] [32mSend signal SIGCHLD to process 1[m
[VM 1] [m[37m[ 10.385110 0:18 starry_kernel::syscall::task::wait:245] [32msys_waitpid <= pid: -1, options: WaitPidOptions(WNOHANG)[m
[VM 1] [m[37m[ 10.402107 0:18 starry_kernel::syscall::task::wait:245] [32msys_waitpid <= pid: -1, options: WaitPidOptions(0x0)[m
[VM 1] [m[37m[ 10.402174 0:23 starry_kernel::task::user:70] [32mEnter user space: ip=0x223184, sp=0x3ffffffeb00[m
[VM 1] [m[37m[ 10.463963 0:23 starry_kernel::task::ops:398] [32mTask(23, "touch") exit with code: 0[m
[VM 1] [m[37m[ 10.473415 0:23 starry_kernel::task::signal:605] [32mSend signal SIGCHLD to process 1[m
[VM 1] [m[37m[ 10.481516 0:18 starry_kernel::syscall::task::wait:245] [32msys_waitpid <= pid: -1, options: WaitPidOptions(WNOHANG)[m
[VM 1] [m[37m[ 10.484718 0:18 starry_kernel::syscall::task::wait:245] [32msys_waitpid <= pid: -1, options: WaitPidOptions(0x0)[m
[VM 1] [m[37m[ 10.506388 0:24 starry_kernel::task::user:70] [32mEnter user space: ip=0x223184, sp=0x3ffffffeb00[m
[VM 1] [m[37m[ 10.551679 0:24 starry_kernel::task::ops:398] [32mTask(24, "touch") exit with code: 0[m
[VM 1] [m[37m[ 10.561607 0:24 starry_kernel::task::signal:605] [32mSend signal SIGCHLD to process 1[m
[VM 1] [m[37m[ 10.570190 0:18 starry_kernel::syscall::task::wait:245] [32msys_waitpid <= pid: -1, options: WaitPidOptions(WNOHANG)[m
[VM 1] [m[37m[ 10.586878 0:18 starry_kernel::syscall::task::wait:245] [32msys_waitpid <= pid: -1, options: WaitPidOptions(0x0)[m
[VM 1] [m[37m[ 10.586945 0:25 starry_kernel::task::user:70] [32mEnter user space: ip=0x223184, sp=0x3ffffffe910[m
[VM 1] [m[37m[ 10.638873 0:25 starry_kernel::task::ops:398] [32mTask(25, "touch") exit with code: 0[m
[VM 1] [m[37m[ 10.648018 0:25 starry_kernel::task::signal:605] [32mSend signal SIGCHLD to process 1[m
[VM 1] [m[37m[ 10.656403 0:18 starry_kernel::syscall::task::wait:245] [32msys_waitpid <= pid: -1, options: WaitPidOptions(WNOHANG)[m
[VM 1] [m[37m[ 10.660031 0:18 starry_kernel::syscall::task::wait:245] [32msys_waitpid <= pid: -1, options: WaitPidOptions(0x0)[m
[VM 1] [m[37m[ 10.681207 0:26 starry_kernel::task::user:70] [32mEnter user space: ip=0x223184, sp=0x3ffffffe910[m
[VM 1] [m[37m[ 10.723101 0:26 starry_kernel::task::ops:398] [32mTask(26, "touch") exit with code: 0[m
[VM 1] [m[37m[ 10.732122 0:26 starry_kernel::task::signal:605] [32mSend signal SIGCHLD to process 1[m
[VM 1] [m[37m[ 10.740884 0:18 starry_kernel::syscall::task::wait:245] [32msys_waitpid <= pid: -1, options: WaitPidOptions(WNOHANG)[m
[VM 1] [m[37m[ 10.744397 0:18 starry_kernel::syscall::task::wait:245] [32msys_waitpid <= pid: -1, options: WaitPidOptions(0x0)[m
[VM 1] [m[37m[ 10.765137 0:27 starry_kernel::task::user:70] [32mEnter user space: ip=0x223184, sp=0x3ffffffe910[m
[VM 1] [m[37m[ 10.808788 0:27 starry_kernel::task::ops:398] [32mTask(27, "touch") exit with code: 0[m
[VM 1] [m[37m[ 10.818573 0:27 starry_kernel::task::signal:605] [32mSend signal SIGCHLD to process 1[m
[VM 1] [m[37m[ 10.826944 0:18 starry_kernel::syscall::task::wait:245] [32msys_waitpid <= pid: -1, options: WaitPidOptions(WNOHANG)[m
[VM 1] [m[37m[ 10.830091 0:18 starry_kernel::syscall::task::wait:245] [32msys_waitpid <= pid: -1, options: WaitPidOptions(0x0)[m
[VM 1] [m[37m[ 10.850604 0:28 starry_kernel::task::user:70] [32mEnter user space: ip=0x223184, sp=0x3ffffffe910[m
[VM 1] [m[37m[ 10.893514 0:28 starry_kernel::task::ops:398] [32mTask(28, "touch") exit with code: 0[m
[VM 1] [m[37m[ 10.903676 0:28 starry_kernel::task::signal:605] [32mSend signal SIGCHLD to process 1[m
[VM 1] [m[37m[ 10.911376 0:18 starry_kernel::syscall::task::wait:245] [32msys_waitpid <= pid: -1, options: WaitPidOptions(WNOHANG)[m
[VM 1] [m[37m[ 10.914917 0:18 starry_kernel::syscall::task::wait:245] [32msys_waitpid <= pid: -1, options: WaitPidOptions(0x0)[m
[VM 1] [m[37m[ 10.936223 0:29 starry_kernel::task::user:70] [32mEnter user space: ip=0x223184, sp=0x3ffffffe910[m
[VM 1] [m[37m[ 10.979481 0:29 starry_kernel::task::ops:398] [32mTask(29, "touch") exit with code: 0[m
[VM 1] [m[37m[ 10.989396 0:29 starry_kernel::task::signal:605] [32mSend signal SIGCHLD to process 1[m
[VM 1] [m[37m[ 10.997351 0:18 starry_kernel::syscall::task::wait:245] [32msys_waitpid <= pid: -1, options: WaitPidOptions(WNOHANG)[m
[VM 1] [m[37m[ 11.000957 0:18 starry_kernel::syscall::task::wait:245] [32msys_waitpid <= pid: -1, options: WaitPidOptions(0x0)[m
[VM 1] [m[37m[ 11.021823 0:30 starry_kernel::task::user:70] [32mEnter user space: ip=0x223184, sp=0x3ffffffe910[m
[VM 1] [m[37m[ 11.064236 0:30 starry_kernel::task::ops:398] [32mTask(30, "touch") exit with code: 0[m
[VM 1] [m[37m[ 11.074214 0:30 starry_kernel::task::signal:605] [32mSend signal SIGCHLD to process 1[m
[VM 1] [m[37m[ 11.081909 0:18 starry_kernel::syscall::task::wait:245] [32msys_waitpid <= pid: -1, options: WaitPidOptions(WNOHANG)[m
[VM 1] [m[37m[ 11.085493 0:18 starry_kernel::syscall::task::wait:245] [32msys_waitpid <= pid: -1, options: WaitPidOptions(0x0)[m
[VM 1] [m[37m[ 11.106490 0:31 starry_kernel::task::user:70] [32mEnter user space: ip=0x223184, sp=0x3ffffffe910[m
[VM 1] [m[37m[ 11.149131 0:31 starry_kernel::task::ops:398] [32mTask(31, "touch") exit with code: 0[m
[VM 1] [m[37m[ 11.159181 0:31 starry_kernel::task::signal:605] [32mSend signal SIGCHLD to process 1[m
[VM 1] [m[37m[ 11.167218 0:18 starry_kernel::syscall::task::wait:245] [32msys_waitpid <= pid: -1, options: WaitPidOptions(WNOHANG)[m
[VM 1] [m[37m[ 11.170840 0:18 starry_kernel::syscall::task::wait:245] [32msys_waitpid <= pid: -1, options: WaitPidOptions(0x0)[m
[VM 1] [m[37m[ 11.191947 0:32 starry_kernel::task::user:70] [32mEnter user space: ip=0x223184, sp=0x3ffffffe910[m
[VM 1] [m[37m[ 11.234836 0:32 starry_kernel::task::ops:398] [32mTask(32, "touch") exit with code: 0[m
[VM 1] [m[37m[ 11.244693 0:32 starry_kernel::task::signal:605] [32mSend signal SIGCHLD to process 1[m
[VM 1] [m[37m[ 11.252405 0:18 starry_kernel::syscall::task::wait:245] [32msys_waitpid <= pid: -1, options: WaitPidOptions(WNOHANG)[m
[VM 1] [m[37m[ 11.271955 0:18 starry_kernel::syscall::task::wait:245] [32msys_waitpid <= pid: -1, options: WaitPidOptions(0x0)[m
[VM 1] [m[37m[ 11.272022 0:33 starry_kernel::task::user:70] [32mEnter user space: ip=0x223184, sp=0x3ffffffecf0[m
[VM 1] [m[37m[ 11.320373 0:33 starry_kernel::task::ops:398] [32mTask(33, "cat") exit with code: 0[m
[VM 1] [m[37m[ 11.329989 0:33 starry_kernel::task::signal:605] [32mSend signal SIGCHLD to process 1[m
[VM 1] [m[37m[ 11.338491 0:18 starry_kernel::syscall::task::wait:245] [32msys_waitpid <= pid: -1, options: WaitPidOptions(WNOHANG)[m
[VM 1] [m[37m[ 11.486913 0:34 starry_kernel::task::user:70] [32mEnter user space: ip=0x223184, sp=0x3ffffffe060[m
[VM 1] [m[37m[ 11.557934 0:34 starry_kernel::task::ops:398] [32mTask(34, "groups") exit with code: 0[m
[VM 1] [m[37m[ 11.558091 0:18 starry_kernel::syscall::task::wait:245] [32msys_waitpid <= pid: -1, options: WaitPidOptions(0x0)[m
[VM 1] [m[37m[ 11.578165 0:34 starry_kernel::task::signal:605] [32mSend signal SIGCHLD to process 1[m
[VM 1] [m[37m[ 11.586279 0:18 starry_kernel::syscall::task::wait:245] [32msys_waitpid <= pid: -1, options: WaitPidOptions(WNOHANG)[m
[VM 1] [mroot@starry:/root # [37m[ 11.959018 0:17 ax_driver::soc::rockchip::cpufreq:872] [32mgov: A55 peak=0% opp 2->1 = 816 MHz @ 675 mV[m
[mwc -c /proc/initrd; sha256sum /proc/initrd; mkdir -p /tmp/t1 23; cd /tmp/t123; gzip -dc /proc/initrd | cpio -id; mount --bind /tmp/t123/usr/s hare /usr/share[37m[ 12.361257 0:17 ax_driver::soc::rockchip::cpufreq:872] [32mgov: A55 peak=90% opp 1->2 = 1021 MHz @ 675 mV[m
[m; ip addr add 10.0.42.15/24 dev eth0 2>/dev/null || true; echo TA SK123_SETUP_DO[37m[ 12.562135 0:17 ax_driver::soc::rockchip::cpufreq:872] [32mgov: A55 peak=10% opp 2->1 = 816 MHz @ 675 mV[m
[mNE
[37m[ 12.586168 0:18 starry_kernel::syscall::task::wait:245] [32msys_waitpid <= pid: -1, options: WaitPidOptions(WUNTRACED | WCONTINUED)[m
[m[37m[ 12.586258 0:35 starry_kernel::task::user:70] [32mEnter user space: ip=0x223184, sp=0x3ffffffe7b0[m
[m[37m[ 12.703307 0:17 ax_driver::soc::rockchip::cpufreq:872] [32mgov: A55 peak=100% opp 1->2 = 1021 MHz @ 675 mV[m
[m32055708 /proc/initrd
[37m[ 12.843948 0:35 starry_kernel::task::ops:398] [32mTask(35, "wc") exit with code: 0[m
[m[37m[ 12.856071 0:35 starry_kernel::task::signal:605] [32mSend signal SIGCHLD to process 1[m
[m[37m[ 12.864251 0:18 starry_kernel::syscall::task::wait:245] [32msys_waitpid <= pid: -1, options: WaitPidOptions(WNOHANG | WUNTRACED | WCONTINUED)[m
[m[37m[ 12.884570 0:18 starry_kernel::syscall::task::wait:245] [32msys_waitpid <= pid: -1, options: WaitPidOptions(WUNTRACED | WCONTINUED)[m
[m[37m[ 12.884645 0:36 starry_kernel::task::user:70] [32mEnter user space: ip=0x223184, sp=0x3ffffffe7e0[m
[m4e36263479d045b6a7f1d84ec3981949efc64e0aa4de82c1c91a81c05a732da5  /proc/initrd
[37m[ 13.649486 0:36 starry_kernel::task::ops:398] [32mTask(36, "sha256sum") exit with code: 0[m
[m[37m[ 13.660769 0:36 starry_kernel::task::signal:605] [32mSend signal SIGCHLD to process 1[m
[m[37m[ 13.669522 0:18 starry_kernel::syscall::task::wait:245] [32msys_waitpid <= pid: -1, options: WaitPidOptions(WNOHANG | WUNTRACED | WCONTINUED)[m
[m[37m[ 13.673903 0:18 starry_kernel::syscall::task::wait:245] [32msys_waitpid <= pid: -1, options: WaitPidOptions(WUNTRACED | WCONTINUED)[m
[m[37m[ 13.698185 0:37 starry_kernel::task::user:70] [32mEnter user space: ip=0x223184, sp=0x3ffffffe9d0[m
[m[37m[ 13.734982 0:37 starry_kernel::task::ops:398] [32mTask(37, "mkdir") exit with code: 0[m
[m[37m[ 13.744876 0:37 starry_kernel::task::signal:605] [32mSend signal SIGCHLD to process 1[m
[m[37m[ 13.753492 0:18 starry_kernel::syscall::task::wait:245] [32msys_waitpid <= pid: -1, options: WaitPidOptions(WNOHANG | WUNTRACED | WCONTINUED)[m
[m[37m[ 13.760819 0:18 starry_kernel::syscall::task::wait:245] [32msys_waitpid <= pid: -1, options: WaitPidOptions(WUNTRACED | WCONTINUED)[m
[m[37m[ 13.785481 0:38 starry_kernel::task::user:70] [32mEnter user space: ip=0x223184, sp=0x3ffffffead0[m
[m[37m[ 13.785769 0:39 starry_kernel::task::user:70] [32mEnter user space: ip=0x223184, sp=0x3ffffffead0[m
[m[37m[ 21.250450 0:38 starry_kernel::task::ops:398] [32mTask(38, "busybox") exit with code: 0[m
[m[37m[ 21.261034 0:38 starry_kernel::task::signal:605] [32mSend signal SIGCHLD to process 1[m
[m[37m[ 21.270036 0:18 starry_kernel::syscall::task::wait:245] [32msys_waitpid <= pid: -1, options: WaitPidOptions(WUNTRACED | WCONTINUED)[m
[m209861 blocks
[37m[ 21.284695 0:39 starry_kernel::task::ops:398] [32mTask(39, "busybox") exit with code: 0[m
[m[37m[ 21.296651 0:39 starry_kernel::task::signal:605] [32mSend signal SIGCHLD to process 1[m
[m[37m[ 21.305826 0:18 starry_kernel::syscall::task::wait:245] [32msys_waitpid <= pid: -1, options: WaitPidOptions(WNOHANG | WUNTRACED | WCONTINUED)[m
[m[37m[ 21.325368 0:18 starry_kernel::syscall::task::wait:245] [32msys_waitpid <= pid: -1, options: WaitPidOptions(WUNTRACED | WCONTINUED)[m
[m[37m[ 21.325440 0:40 starry_kernel::task::user:70] [32mEnter user space: ip=0x223184, sp=0x3ffffffefa0[m
[m[37m[ 21.457750 0:40 starry_kernel::task::ops:398] [32mTask(40, "mount") exit with code: 0[m
[m[37m[ 21.468265 0:40 starry_kernel::task::signal:605] [32mSend signal SIGCHLD to process 1[m
[m[37m[ 21.476655 0:18 starry_kernel::syscall::task::wait:245] [32msys_waitpid <= pid: -1, options: WaitPidOptions(WNOHANG | WUNTRACED | WCONTINUED)[m
[m[37m[ 21.496670 0:18 starry_kernel::syscall::task::wait:245] [32msys_waitpid <= pid: -1, options: WaitPidOptions(WUNTRACED | WCONTINUED)[m
[m[37m[ 21.496741 0:41 starry_kernel::task::user:70] [32mEnter user space: ip=0x223184, sp=0x3ffffffefa0[m
[m[37m[ 21.586603 0:41 starry_kernel::task::ops:398] [32mTask(41, "ip") exit with code: 0[m
[m[37m[ 21.596407 0:41 starry_kernel::task::signal:605] [32mSend signal SIGCHLD to process 1[m
[m[37m[ 21.604819 0:18 starry_kernel::syscall::task::wait:245] [32msys_waitpid <= pid: -1, options: WaitPidOptions(WNOHANG | WUNTRACED | WCONTINUED)[m
[mTASK123_SETUP_DONE
root@starry:/tmp/t123 # [37m[ 21.624394 0:9 ax_net::device::ethernet:486] [32meth0: ARP 10.0.42.2 -> 52-54-00-12-34-02[m
[m[37m[ 21.721434 0:17 ax_driver::soc::rockchip::cpufreq:872] [32mgov: A55 peak=20% opp 2->1 = 816 MHz @ 675 mV[m
[m/tmp/t123/bin/task2-net yolo
[37m[ 21.868223 0:18 starry_kernel::syscall::task::wait:245] [32msys_waitpid <= pid: -1, options: WaitPidOptions(WUNTRACED | WCONTINUED)[m
[m[37m[ 21.868345 0:42 starry_kernel::task::user:70] [32mEnter user space: ip=0x223184, sp=0x3fffffff540[m
[mTASK3_MODEL_READY model=yolo11n.ncnn runtime=ncnn ncnn_revision=946fe3fb14a8dff8c06df763f67be522167b2f00 param_sha256=d2c0adf8939dc9ce02964ce8ada104447768ffd8e3bffad8fa11e2e61e709c1f bin_sha256=0ae562447923999779b12b4f91f96b9ef263add8c9902d10e22e6dd6a2932c12 input_sha256=608c8a61ff0bb43e5a8613f1f6f8aa08af74b084363610ed2b526ad925e4cb6f input_manifest_sha256=3406b58bb1920dba66462b982304294324bc5d4cdb3ed80f14e4c6ba595dd47b mode=in-guest run_mode=yolo samples=5
TASK3_INFER_STARTED model=yolo11n.ncnn request=1 phase=startup
[37m[ 22.013288 0:17 ax_driver::soc::rockchip::cpufreq:872] [32mgov: A55 peak=100% opp 1->2 = 1021 MHz @ 675 mV[m
[m[37m[ 24.399081 0:42 ax_net::udp:288] [32mUDP socket #0: bound on *:4242[m
[mSTARRY_T2N1_READY local=0.0.0.0:4242 peer=10.0.42.2:4242 session=0x54525432 mode=yolo
TASK3_SAMPLE sample=1 image_id=vase-left image_sha256=570d32eef9a9f5fd7101c5058b625ef62469e5ba778a77c38da675bea4752cf9 truth_target=321 expected=accept source=yolo outcome=accepted request=1 elapsed_ms=0
TASK3_INFER model=yolo11n.ncnn source=yolo infer_us=1610381 request=1 elapsed_ms=0
TASK3_DETECTION model=yolo11n.ncnn class=75 confidence_milli=828 center_x_milli=321 area_milli=63 target=400 request=1
STARRY_T2N1_CONTROL_SENT seq=1 value=400 request=1 elapsed_ms=0
TASK3_CONTROL_SENT elapsed_ms=0 sample=1 image_id=vase-left source=yolo request=1 value=400 truth_target=321 state=300 seq=1
STARRY_T2N1_ACK seq=1
STARRY_T2N1_STATUS_DELIVERED seq=1 bytes=12 request=1 state=Active value=310 rtt_ms=96
TASK3_STATUS_RECEIVED elapsed_ms=96 sample=1 image_id=vase-left request=1 value=400 state_before=300 state_after=310 rtt_ms=96
STARRY_T2N1_PASS
[37m[ 24.615704 0:17 ax_driver::soc::rockchip::cpufreq:872] [32mgov: A55 peak=0% opp 2->1 = 816 MHz @ 675 mV[m
[m[37m[ 24.716163 0:17 ax_driver::soc::rockchip::cpufreq:872] [32mgov: A55 peak=10% opp 1->0 = 408 MHz @ 675 mV[m
[mTASK3_INFER_STARTED model=yolo11n.ncnn request=2 elapsed_ms=1101
[37m[ 25.520624 0:43 starry_kernel::task::user:70] [32mEnter user space: ip=0x8ab6e0, sp=0x21da50[m
[m[37m[ 25.734117 0:17 ax_driver::soc::rockchip::cpufreq:872] [32mgov: A55 peak=100% opp 0->2 = 1021 MHz @ 675 mV[m
[m[37m[ 28.122778 0:43 starry_kernel::task::ops:398] [32mTask(43, "task2-net") exit with code: 0[m
[mTASK3_SAMPLE sample=2 image_id=vase-center image_sha256=608c8a61ff0bb43e5a8613f1f6f8aa08af74b084363610ed2b526ad925e4cb6f truth_target=421 expected=accept source=yolo outcome=accepted request=2 elapsed_ms=3494
TASK3_INFER model=yolo11n.ncnn source=yolo infer_us=1623153 request=2 elapsed_ms=3494
TASK3_DETECTION model=yolo11n.ncnn class=75 confidence_milli=843 center_x_milli=421 area_milli=63 target=421 request=2
STARRY_T2N1_CONTROL_SENT seq=2 value=421 request=2 elapsed_ms=3494
TASK3_CONTROL_SENT elapsed_ms=3494 sample=2 image_id=vase-center source=yolo request=2 value=421 truth_target=421 state=310 seq=2
STARRY_T2N1_ACK seq=2
STARRY_T2N1_STATUS_DELIVERED seq=2 bytes=12 request=2 state=Active value=322 rtt_ms=323
TASK3_STATUS_RECEIVED elapsed_ms=3817 sample=2 image_id=vase-center request=2 value=421 state_before=310 state_after=322 rtt_ms=323
[37m[ 28.274961 0:17 ax_driver::soc::rockchip::cpufreq:872] [32mgov: A55 peak=20% opp 2->1 = 816 MHz @ 675 mV[m
[m[37m[ 28.375838 0:17 ax_driver::soc::rockchip::cpufreq:872] [32mgov: A55 peak=20% opp 1->0 = 408 MHz @ 675 mV[m
[mTASK3_INFER_STARTED model=yolo11n.ncnn request=3 elapsed_ms=4819
[37m[ 29.237968 0:44 starry_kernel::task::user:70] [32mEnter user space: ip=0x8ab6e0, sp=0x21da50[m
[m[37m[ 29.513562 0:17 ax_driver::soc::rockchip::cpufreq:872] [32mgov: A55 peak=100% opp 0->2 = 1021 MHz @ 675 mV[m
[m[37m[ 31.895751 0:44 starry_kernel::task::ops:398] [32mTask(44, "task2-net") exit with code: 0[m
[mTASK3_SAMPLE sample=3 image_id=vase-right image_sha256=f9d70fd3e0f85185ce8e45b2d714d8b4083833da73cdaeac5d981abc890ef698 truth_target=521 expected=accept source=yolo outcome=accepted request=3 elapsed_ms=7274
TASK3_INFER model=yolo11n.ncnn source=yolo infer_us=1631800 request=3 elapsed_ms=7274
TASK3_DETECTION model=yolo11n.ncnn class=75 confidence_milli=842 center_x_milli=521 area_milli=63 target=521 request=3
STARRY_T2N1_CONTROL_SENT seq=3 value=521 request=3 elapsed_ms=7274
TASK3_CONTROL_SENT elapsed_ms=7274 sample=3 image_id=vase-right source=yolo request=3 value=521 truth_target=521 state=322 seq=3
STARRY_T2N1_ACK seq=3
STARRY_T2N1_STATUS_DELIVERED seq=3 bytes=12 request=3 state=Active value=364 rtt_ms=316
TASK3_STATUS_RECEIVED elapsed_ms=7590 sample=3 image_id=vase-right request=3 value=521 state_before=322 state_after=364 rtt_ms=316
[37m[ 32.144064 0:17 ax_driver::soc::rockchip::cpufreq:872] [32mgov: A55 peak=0% opp 2->1 = 816 MHz @ 675 mV[m
[m[37m[ 32.244710 0:17 ax_driver::soc::rockchip::cpufreq:872] [32mgov: A55 peak=20% opp 1->0 = 408 MHz @ 675 mV[m
[mTASK3_INFER_STARTED model=yolo11n.ncnn request=4 elapsed_ms=8601
[37m[ 33.020493 0:45 starry_kernel::task::user:70] [32mEnter user space: ip=0x8ab6e0, sp=0x21da50[m
[m[37m[ 33.243553 0:17 ax_driver::soc::rockchip::cpufreq:872] [32mgov: A55 peak=100% opp 0->2 = 1021 MHz @ 675 mV[m
[m[37m[ 35.640815 0:45 starry_kernel::task::ops:398] [32mTask(45, "task2-net") exit with code: 0[m
[mTASK3_INFER model=yolo11n.ncnn source=yolo infer_us=1633423 request=4 elapsed_ms=11054
TASK3_SAMPLE sample=4 image_id=no-target image_sha256=a50f32c63aff52e8abab6c82bbd8e202512ab23ff12e213d6833aa719af56bc9 truth_target=none expected=reject source=yolo outcome=rejected request=4 elapsed_ms=11054
TASK3_MODEL_REJECTED model=yolo11n.ncnn reason=Perception { reason: LowConfidence, infer_us: 1633423 } action=safe request=4 elapsed_ms=11054
STARRY_T2N1_SAFE source=model reason=Perception { reason: LowConfidence, infer_us: 1633423 } elapsed_ms=11054
[37m[ 35.784447 0:17 ax_driver::soc::rockchip::cpufreq:872] [32mgov: A55 peak=10% opp 2->1 = 816 MHz @ 675 mV[m
[m[37m[ 35.885090 0:17 ax_driver::soc::rockchip::cpufreq:872] [32mgov: A55 peak=10% opp 1->0 = 408 MHz @ 675 mV[m
[mTASK3_INFER_STARTED model=yolo11n.ncnn request=5 elapsed_ms=12055
[37m[ 36.474386 0:46 starry_kernel::task::user:70] [32mEnter user space: ip=0x8ab6e0, sp=0x21da50[m
[m[37m[ 36.695116 0:17 ax_driver::soc::rockchip::cpufreq:872] [32mgov: A55 peak=100% opp 0->2 = 1021 MHz @ 675 mV[m
[m[37m[ 39.093378 0:46 starry_kernel::task::ops:398] [32mTask(46, "task2-net") exit with code: 0[m
[mTASK3_INFER model=yolo11n.ncnn source=yolo infer_us=1632362 request=5 elapsed_ms=14504
TASK3_SAMPLE sample=5 image_id=small-target image_sha256=a6a77909aed2ed499df3ccd54d5db3384a2de0cfcaa799b15e1c896c7a058370 truth_target=500 expected=reject source=yolo outcome=rejected request=5 elapsed_ms=14504
TASK3_MODEL_REJECTED model=yolo11n.ncnn reason=Perception { reason: SmallArea, infer_us: 1632362 } action=safe request=5 elapsed_ms=14504
STARRY_T2N1_SAFE source=model reason=Perception { reason: SmallArea, infer_us: 1632362 } elapsed_ms=14504
TASK3_EXPERIMENT_COMPLETE run_mode=yolo samples=5 elapsed_ms=14504
[37m[ 39.256142 0:17 ax_driver::soc::rockchip::cpufreq:872] [32mgov: A55 peak=0% opp 2->1 = 816 MHz @ 675 mV[m
[m[37m[ 39.319558 0:13 starry_kernel::task::signal:679] [32mSend signal SIGINT to process group 42[m
[m[37m[ 39.319581 0:13 starry_kernel::task::signal:605] [32mSend signal SIGINT to process 42[m
[m^C[37m[ 39.341723 0:42 starry_kernel::task::ops:398] [32mTask(42, "task2-net") exit with code: 2[m
[m[37m[ 39.356573 0:42 starry_kernel::task::signal:605] [32mSend signal SIGCHLD to process 1[m
[m
[37m[ 39.367544 0:18 starry_kernel::syscall::task::wait:245] [32msys_waitpid <= pid: -1, options: WaitPidOptions(WNOHANG | WUNTRACED | WCONTINUED)[m
[mroot@starry:/tmp/t123 # 

[Axvisor] detached VM[1] console
Welcome to AxVisor Shell!
Type 'help' to see available commands
Use UP/DOWN arrows to navigate command history
Console shortcuts:
  Ctrl+X, then h  return to the Axvisor shell
  Ctrl+X, then [  attach the previous running guest
  Ctrl+X, then ]  attach the next running guest

[2Kaxvisor:/$ [2Kaxvisor:/$ r[2Kaxvisor:/$ rt[2Kaxvisor:/$ rt [2Kaxvisor:/$ rt s[2Kaxvisor:/$ rt st[2Kaxvisor:/$ rt sta[2Kaxvisor:/$ rt stat
FP-RR scheduler counters:
  quantum_ticks=5 quantum_expiries=45 same_priority_rotations=34 slice_preserving_preemptions=37856 voluntary_requeues=2569148 idle_quantum_skips=7238 lower_priority_services=87
RT vCPU wait counters:
  vcpu=0 post_vmexit_yields=55255 parks=11438 wakes=11256 notify_woke=11244 vtimer_arms=22754 vtimer_immediate=71 vtimer_no_deadline=0 vtimer_registered=22683 vtimer_callbacks=6371 vtimer_stale_callbacks=4 vtimer_notifications=6367 vtimer_invalidations=375384 callback_to_wake_samples=0 callback_to_wake_overflow=0 callback_to_wake_p50_ns=0 callback_to_wake_p99_ns=0 callback_to_wake_p99_9_ns=0 callback_to_wake_max_ns=0 callback_to_run_dispatch_samples=0 callback_to_run_dispatch_overflow=0 callback_to_run_dispatch_p50_ns=0 callback_to_run_dispatch_p99_ns=0 callback_to_run_dispatch_p99_9_ns=0 callback_to_run_dispatch_max_ns=0 callback_to_guest_entry_samples=0 callback_to_guest_entry_overflow=0 callback_to_guest_entry_p50_ns=0 callback_to_guest_entry_p99_ns=0 callback_to_guest_entry_p99_9_ns=0 callback_to_guest_entry_max_ns=0 direct_acks=8277 direct_overlaps=0 direct_to_run_dispatch_samples=0 direct_to_run_dispatch_overflow=0 direct_to_run_dispatch_p50_ns=0 direct_to_run_dispatch_p99_ns=0 direct_to_run_dispatch_p99_9_ns=0 direct_to_run_dispatch_max_ns=0 direct_to_guest_entry_samples=0 direct_to_guest_entry_overflow=0 direct_to_guest_entry_p50_ns=0 direct_to_guest_entry_p99_ns=0 direct_to_guest_entry_p99_9_ns=0 direct_to_guest_entry_max_ns=0 activation_hold_samples=0 activation_hold_overflow=0 activation_hold_p50_ns=0 activation_hold_p99_ns=0 activation_hold_p99_9_ns=0 activation_hold_max_ns=0
  lr_skips=0
RT device-poll counters:
  vm=1 published=267 kicked=267 consumed=265 pending=false
  vm=2 published=0 kicked=0 consumed=0 pending=false
RT AxVM timer counters:
  cpu=1 now_ns=53150408750 wheel_next_ns=53150413125 published_ns=53150413125 registered=22683 cancelled=16310 expired=6371 worker_wakes=6301 expiry_batches=6359 expiry_late_samples=0 expiry_late_overflow=0 expiry_late_p50_ns=0 expiry_late_p99_ns=0 expiry_late_p99_9_ns=0 expiry_late_max_ns=0 lock_acquisitions=95854 lock_wait_total_ns=21018975 lock_wait_max_ns=19833 lock_hold_total_ns=135539400 lock_hold_max_ns=13125
RT host hardware timer IRQ counters:
  cpu=0 irqs=5021
  cpu=1 irqs=11188
  cpu=2 irqs=4694
  cpu=3 irqs=4695
  cpu=4 irqs=4694
  cpu=5 irqs=4694
  cpu=6 irqs=4693
  cpu=7 irqs=4692
RT console counters: attached=None flush_calls=2458267 host_write_bytes=56704
  vm=1 active=true input_enqueued=267 input_drained=267 input_dropped=0 input_pending=0 output_enqueued=51999 output_drained=51999 output_dropped=0 output_pending=0
  vm=2 active=true input_enqueued=0 input_drained=0 input_dropped=0 input_pending=0 output_enqueued=5283 output_drained=5283 output_dropped=0 output_pending=0
axvisor:/$ [2Kaxvisor:/$ v[2Kaxvisor:/$ vm[2Kaxvisor:/$ vm [2Kaxvisor:/$ vm l[2Kaxvisor:/$ vm li[2Kaxvisor:/$ vm lis[2Kaxvisor:/$ vm list
VM ID  NAME            STATUS       VCPU            MEMORY     VCPU STATE          
------ --------------- ------------ --------------- ---------- --------------------
1      atk-task123-starry running      0               1GB        Rdy:1               
2      atk-task123-rtthread running      0               512MB      Free:1              
axvisor:/$ 