
TASK123_RUNNER mode=yolo scheduler=fp-rr shared_pcpu=0x100 rtos=rtthread rtos_priority=90 starry_priority=89 ram_only=true
00: addr=edf00000 size=106000
  ramoops@110000: addr=110000 size=f0000
Adding bank: 0x00200000 - 0x08400000 (size: 0x08200000)2/6161.731 ms

Starting kernel ...

storagemedia=emmc androidboot.storagemedia=emmc androidboot.mode=normal  rw rootwait androidboot.verifiedbootstate=orange earlycon=uart8250,mmio32,0xfeb50000 console=ttyFIQ0 irqchip.gicv3_pseudo_nmi=0 root=PARTLABEL=rootfs
VM Load @PA:0x400000
VM Load Offset: 0xffff000080400000
Memory Map:
  Rsv    0x00000000110000 - 0x00000000200000 (960 KiB)
  Free   0x00000000200000 - 0x00000000400000 (2 MiB)
  KImg   0x00000000400000 - 0x00000003800000 (52 MiB)
  Free   0x00000003800000 - 0x00000008300000 (75 MiB)
  Rsv    0x00000008300000 - 0x00000008347000 (284 KiB)
  Free   0x00000008347000 - 0x00000008400000 (740 KiB)
  Free   0x00000009400000 - 0x00000010000000 (108 MiB)
  Rsv    0x00000010000000 - 0x00000018000000 (128 MiB)
  Free   0x00000018000000 - 0x00000040000000 (640 MiB)
  Rsv    0x00000040000000 - 0x00000080000000 (1 GiB)
  Free   0x00000080000000 - 0x000000edf00000 (1.72 GiB)
  Rsv    0x000000edf00000 - 0x000000ee006000 (1.02 MiB)
  Free   0x000000ee006000 - 0x000000f0000000 (31.98 MiB)
  Free   0x00000100000000 - 0x00000200000000 (4 GiB)
  Free   0x000002f0000000 - 0x00000300000000 (256 MiB)
Initialize RAM allocator: 0x3800000..0x8300000
Reserving CPU-local areas
CPU-local area stride: 0x44000 bytes
Total CPU-local allocation: 0x220000 bytes (8 CPUs)
Flushed RAM used range to memory map: 0x3800000..0x3847000, current: 0x3847000
Flushed RAM used range to memory map: 0x3847000..0x3a67000, current: 0x3a67000
CPU-local areas allocated at 0x3847000 - 0x3a67000
EL: 2
Mapping early memory regions...
Ram                 : [0x0000000000200000, 0x0000000008400000) -> [0x0000000000200000, 0x0000000008400000) (130 MiB)
Ram                 : [0x0000000009400000, 0x00000000f0000000) -> [0x0000000009400000, 0x00000000f0000000) (3.61 GiB)
Ram                 : [0x0000000100000000, 0x0000000200000000) -> [0x0000000100000000, 0x0000000200000000) (4 GiB)
Ram                 : [0x00000002f0000000, 0x0000000300000000) -> [0x00000002f0000000, 0x0000000300000000) (256 MiB)
KImage              : [0x0000ffff80000000, 0x0000ffff83400000) -> [0x0000000000400000, 0x0000000003800000) (52 MiB)
PerCpu              : [0x0000ff0003847000, 0x0000ff0003a67000) -> [0x0000000003847000, 0x0000000003a67000) (2.12 MiB)
Debug serial        : [0x00000000feb50000, 0x00000000feb51000) -> [0x00000000feb50000, 0x00000000feb51000) (4 KiB)
Boot page table at physical address: PA:0x3a67000
Setting up table registers...
MMU Entry point at physical address: 0x676888
Trap vector at 0xffff80279000
Memory Map:
  Rsv    0x00000000110000 - 0x00000000200000 (960 KiB)
  Free   0x00000000200000 - 0x00000000400000 (2 MiB)
  KImg   0x00000000400000 - 0x00000003800000 (52 MiB)
  Rsv    0x00000003800000 - 0x00000003847000 (284 KiB)
  PerCPU 0x00000003847000 - 0x00000003a67000 (2.12 MiB)
  Rsv    0x00000003a67000 - 0x00000003a73000 (48 KiB)
  Free   0x00000003a73000 - 0x00000008300000 (72.55 MiB)
  Rsv    0x00000008300000 - 0x00000008347000 (284 KiB)
  Free   0x00000008347000 - 0x00000008400000 (740 KiB)
  Free   0x00000009400000 - 0x00000010000000 (108 MiB)
  Rsv    0x00000010000000 - 0x00000018000000 (128 MiB)
  Free   0x00000018000000 - 0x00000040000000 (640 MiB)
  Rsv    0x00000040000000 - 0x00000080000000 (1 GiB)
  Free   0x00000080000000 - 0x000000edf00000 (1.72 GiB)
  Rsv    0x000000edf00000 - 0x000000ee006000 (1.02 MiB)
  Free   0x000000ee006000 - 0x000000f0000000 (31.98 MiB)
  MMIO   0x000000feb50000 - 0x000000feb51000 (4 KiB)
  Free   0x00000100000000 - 0x00000200000000 (4 GiB)
  Free   0x000002f0000000 - 0x00000300000000 (256 MiB)
Jumping to main entry point at 0xffff80262c38 with SP 0x0000ff000388b000

       d8888                            .d88888b.   .d8888b.
      d88888                           d88P" "Y88b d88P  Y88b
     d88P888                           888     888 Y88b.
    d88P 888 888d888  .d8888b  .d88b.  888     888  "Y888b.
   d88P  888 888P"   d88P"    d8P  Y8b 888     888     "Y88b.
  d88P   888 888     888      88888888 888     888       "888
 d8888888888 888     Y88b.    Y8b.     Y88b. .d88P Y88b  d88P
d88P     888 888      "Y8888P  "Y8888   "Y88888P"   "Y8888P"

arch = aarch64
platform = ATK-DLRK3588 Board
target = aarch64-unknown-none-softfloat
build_mode = 
log_level = info
backtrace = false
smp = 8

[37m[  8.828120 ax_runtime:220] [32mLogging is enabled.[m
[m[37m[  8.828606 ax_runtime:221] [32mPrimary CPU 0 started, arg = 0x3800000.[m
[m[37m[  8.829244 ax_runtime:223] [32mFound physcial memory regions:[m
[m[37m[  8.829866 ax_runtime:225] [32m  [PA:0x110000, PA:0x200000) reserved (READ | WRITE | EXECUTE | RESERVED)[m
[m[37m[  8.830752 ax_runtime:225] [32m  [PA:0x200000, PA:0x400000) free memory (READ | WRITE | FREE)[m
[m[37m[  8.831562 ax_runtime:225] [32m  [PA:0x400000, PA:0x3800000) reserved (READ | WRITE | EXECUTE | RESERVED)[m
[m[37m[  8.832462 ax_runtime:225] [32m  [PA:0x3800000, PA:0x3847000) reserved (READ | WRITE | EXECUTE | RESERVED)[m
[m[37m[  8.833370 ax_runtime:225] [32m  [PA:0x3847000, PA:0x3a67000) reserved (READ | WRITE | EXECUTE | RESERVED)[m
[m[37m[  8.834277 ax_runtime:225] [32m  [PA:0x3a67000, PA:0x3a73000) reserved (READ | WRITE | EXECUTE | RESERVED)[m
[m[37m[  8.835185 ax_runtime:225] [32m  [PA:0x3a73000, PA:0x8300000) free memory (READ | WRITE | FREE)[m
[m[37m[  8.836010 ax_runtime:225] [32m  [PA:0x8300000, PA:0x8347000) reserved (READ | WRITE | EXECUTE | RESERVED)[m
[m[37m[  8.836917 ax_runtime:225] [32m  [PA:0x8347000, PA:0x8400000) free memory (READ | WRITE | FREE)[m
[m[37m[  8.837742 ax_runtime:225] [32m  [PA:0x9400000, PA:0x10000000) free memory (READ | WRITE | FREE)[m
[m[37m[  8.838575 ax_runtime:225] [32m  [PA:0x10000000, PA:0x18000000) reserved (READ | WRITE | EXECUTE | RESERVED)[m
[m[37m[  8.839497 ax_runtime:225] [32m  [PA:0x18000000, PA:0x40000000) free memory (READ | WRITE | FREE)[m
[m[37m[  8.840337 ax_runtime:225] [32m  [PA:0x40000000, PA:0x80000000) reserved (READ | WRITE | EXECUTE | RESERVED)[m
[m[37m[  8.841260 ax_runtime:225] [32m  [PA:0x80000000, PA:0xedf00000) free memory (READ | WRITE | FREE)[m
[m[37m[  8.842100 ax_runtime:225] [32m  [PA:0xedf00000, PA:0xee006000) reserved (READ | WRITE | EXECUTE | RESERVED)[m
[m[37m[  8.843022 ax_runtime:225] [32m  [PA:0xee006000, PA:0xf0000000) free memory (READ | WRITE | FREE)[m
[m[37m[  8.843862 ax_runtime:225] [32m  [PA:0xfeb50000, PA:0xfeb51000) mmio (READ | WRITE | DEVICE | RESERVED)[m
[m[37m[  8.844748 ax_runtime:225] [32m  [PA:0x100000000, PA:0x200000000) free memory (READ | WRITE | FREE)[m
[m[37m[  8.845602 ax_runtime:225] [32m  [PA:0x2f0000000, PA:0x300000000) free memory (READ | WRITE | FREE)[m
[m[37m[  8.846458 ax_runtime:375] [32mInitialize global memory allocator...[m
[m[37m[  8.847080 ax_runtime:376] [32m  use buddy-slab-allocator allocator.[m
[m[37m[  8.847704 ax_alloc::buddy_slab:158] [32mInitialize global memory allocator, start_vaddr: 0x100000000, size: 0x100000000[m
[m[37m[  8.851376 ax_alloc::buddy_slab:424] [32mglobal allocator initialized[m
[m[37m[  8.851996 ax_alloc::buddy_slab:168] [32mAdd memory region, start_vaddr: 0x200000, size: 0x200000[m
[m[37m[  8.852836 buddy_slab_allocator::global:151] [32mGlobalAllocator: skip region 0x200000+0x200000, no allocator-visible memory after 2097152 alignment[m
[m[37m[  8.854058 ax_alloc::buddy_slab:168] [32mAdd memory region, start_vaddr: 0x3a73000, size: 0x488d000[m
[m[37m[  8.854961 ax_alloc::buddy_slab:168] [32mAdd memory region, start_vaddr: 0x8347000, size: 0xb9000[m
[m[37m[  8.855791 buddy_slab_allocator::global:151] [32mGlobalAllocator: skip region 0x8347000+0xb9000, no allocator-visible memory after 2097152 alignment[m
[m[37m[  8.857014 ax_alloc::buddy_slab:168] [32mAdd memory region, start_vaddr: 0x9400000, size: 0x6c00000[m
[m[37m[  8.857939 ax_alloc::buddy_slab:168] [32mAdd memory region, start_vaddr: 0x18000000, size: 0x28000000[m
[m[37m[  8.859217 ax_alloc::buddy_slab:168] [32mAdd memory region, start_vaddr: 0x80000000, size: 0x6df00000[m
[m[37m[  8.861219 ax_alloc::buddy_slab:168] [32mAdd memory region, start_vaddr: 0xee006000, size: 0x1ffa000[m
[m[37m[  8.862094 ax_alloc::buddy_slab:168] [32mAdd memory region, start_vaddr: 0x2f0000000, size: 0x10000000[m
[m[37m[  8.863130 ax_runtime:260] [32mkernel aspace: [VA:0x0, VA:0xffffffffffffffff)[m
[m[37m[  8.863811 ax_mm:103] [32mInitialize virtual memory management...[m
[m[37m[  9.724914 ax_runtime:272] [32mInitialize platform devices...[m
[m[37m[  9.780972 someboot::arch::power:23] [32mPower management method : SMC[m
[m[37m[  9.781609 somehal::driver:5] [32mInitializing rdrive with FDT at 0x3800000[m
[m[37m[  9.965642 ax_driver::soc::rockchip::pinctrl:301] [32mRockchip RK3588 pinctrl registered successfully[m
[m[37m[ 10.074177 somehal::arch::gic::v3:274] [32mGICv3 CPU 0 EOI mode: two_step=true[m
[m[37m[ 10.180978 ax_task::api:193] [32mInitialize scheduling...[m
[m[37m[ 10.181569 ax_task::api:201] [32m  use Fixed-priority round-robin scheduler.[m
[m[37m[ 10.182247 ax_runtime:300] [32mInitialize interrupt handlers...[m
[m[37m[ 10.182872 ax_runtime::devices:2] [32mProbe platform devices...[m
[m[37m[ 10.288368 ax_driver::soc::rockchip::cru::rk3588:60] [32mRK3588 CRU reg: addr=0xfd7c0000, size=0x5c000, rockchip,grf=<0x7a>[m
[m[37m[ 10.289456 rockchip_soc::variants::rk3588::cru:123] [32mCRU@fd7c0000: Initializing and verifying clock configuration...[m
[m[37m[ 10.290453 rockchip_soc::variants::rk3588::cru:174] [33m⚠ CRU@fd7c0000: ACLK_BUS_ROOT div mismatch! u-boot: 3, current: 4[m
[m[37m[ 10.291494 rockchip_soc::variants::rk3588::cru:248] [32m✓ CRU@fd7c0000: Clock configuration verified[m
[m[37m[ 10.292382 ax_driver::soc::rockchip::cru::rk3588:79] [32mRK3588 CRU clock/reset registered successfully[m
[m[37m[ 10.295052 ax_driver::soc::rockchip::pm:78] [32mRockchip power-domain provider registered successfully[m
[m[37m[ 11.089979 ax_driver::block::rockchip::clock:12] [32m[mmc@fe2e0000] enabled SDHCI clock Some("core") (0x13a)[m
[m[37m[ 11.090916 ax_driver::block::rockchip::clock:12] [32m[mmc@fe2e0000] enabled SDHCI clock Some("bus") (0x138)[m
[m[37m[ 11.091834 ax_driver::block::rockchip::clock:12] [32m[mmc@fe2e0000] enabled SDHCI clock Some("axi") (0x139)[m
[m[37m[ 11.092752 ax_driver::block::rockchip::clock:12] [32m[mmc@fe2e0000] enabled SDHCI clock Some("block") (0x13b)[m
[m[37m[ 11.093701 ax_driver::block::rockchip::clock:12] [32m[mmc@fe2e0000] enabled SDHCI clock Some("timer") (0x13c)[m
[m[37m[ 11.094650 ax_driver::block::rockchip::sdhci_rk3588:167] [32mrockchip-sdhci probe: node=mmc@fe2e0000, addr=0xfe2e0000, size=0x10000[m
[m[37m[ 11.095843 ax_driver::block::rockchip::sdhci_rk3588:182] [32mrockchip-sdhci: using external CRU clock[m
[m[37m[ 11.096731 ax_driver::block::rockchip::sdhci_rk3588:197] [32mrockchip-sdhci: defer eMMC protocol initialization to IRQ-driven hctx[m
[m[37m[ 11.098053 ax_driver::block::rockchip::sdhci_rk3588:201] [32mrockchip-sdhci block device registered irq=None[m
[m[37m[ 11.099140 sdmmc_protocol::sdio::init::state_machine:102] [32msdio: submit bus op ResetAll[m
[m[37m[ 11.099998 ax_fs_ng::block::runtime::hctx:177] [32mblock hctx 0 bound to CPU 0 with hardware depth 1[m
[m[37m[ 11.100896 ax_fs_ng::block::runtime::lifecycle::device:300] [32mblock device rockchip-sdhci IRQ source 0 (IrqId { domain: IrqDomainId(7), hwirq: HwIrq(237) }) fixed to CPU 0 for queue mask 0x1[m
[m[37m[ 11.102641 ax_driver::block::rockchip::sdhci_rk3588:245] [32mrockchip-sdhci: RK3588 DWCMSHC vendor reset area1=0x500[m
[m[37m[ 11.103652 sdmmc_protocol::sdio::init::state_machine:102] [32msdio: submit bus op PowerOn[m
[m[37m[ 11.114458 sdmmc_protocol::sdio::init::state_machine:102] [32msdio: submit bus op SwitchVoltage(V330)[m
[m[37m[ 11.120324 sdmmc_protocol::sdio::init::state_machine:63] [32msdio: submit bus op SetBusWidth(Bit1)[m
[m[37m[ 11.121188 sdmmc_protocol::sdio::init::state_machine:63] [32msdio: submit bus op SetClock(Identification)[m
[m[37m[ 11.122226 ax_driver::block::rockchip::sdhci_rk3588:119] [32mrockchip-sdhci: core clock set to 375000 Hz[m
[m[37m[ 11.165348 sdmmc_protocol::sdio::init::state_machine::identify:264] [32msdio: detected Mmc ocr=0xc0ff8080[m
[m[37m[ 11.167744 sdmmc_protocol::sdio::init::state_machine::identify:338] [32msdio: CSD capacity_blocks=None[m
[m[37m[ 11.180715 sdmmc_protocol::sdio::init::state_machine::mmc:38] [32msdio: EXT_CSD sector_count=122159104[m
[m[37m[ 11.184052 ax_driver::block::rockchip::sdhci_rk3588:119] [32mrockchip-sdhci: core clock set to 50000000 Hz[m
[m[37m[ 11.185203 sdmmc_protocol::sdio::init::state_machine::mmc:314] [32msdio: MMC speed selected HighSpeed bus_width=Bit8[m
[m[37m[ 11.186387 sdmmc_protocol::sdio::init::state_machine::mmc:340] [32msdio: enabled 1024 KiB volatile write cache[m
[m[37m[ 11.187449 sdmmc_protocol::sdio::init::state_machine:233] [32msdio: init done kind=Mmc sd_v2=false high_capacity=true rca=0x1 ocr=0xc0ff8080 host_bus_width=Bit8 ext_csd_bus_width=Some(Sdr1) ext_csd_timing=Some(Compat)[m
[m[37m[ 11.189188 sdmmc_protocol::rdif::queue:172] [32msdmmc block init complete: kind=Mmc high_capacity=true rca=1 capacity_blocks=122159104 cache_enabled=true[m
[m[37m[ 11.213207 ax_fs_ng::root:348] [32m    partition 1 name=Some("uboot") fs=None lba 16384..24576[m
[m[37m[ 11.214532 ax_fs_ng::root:348] [32m    partition 2 name=Some("misc") fs=None lba 24576..32768[m
[m[37m[ 11.215700 ax_fs_ng::root:348] [32m    partition 3 name=Some("boot") fs=None lba 32768..163840[m
[m[37m[ 11.216877 ax_fs_ng::root:348] [32m    partition 4 name=Some("recovery") fs=None lba 163840..425984[m
[m[37m[ 11.218010 ax_fs_ng::root:348] [32m    partition 5 name=Some("backup") fs=None lba 425984..491520[m
[m[37m[ 11.219040 ax_fs_ng::root:348] [32m    partition 6 name=Some("rootfs") fs=Some(Ext4) lba 491520..29851648[m
[m[37m[ 11.220134 ax_fs_ng::root:348] [32m    partition 7 name=Some("oem") fs=Some(Ext4) lba 29851648..30113792[m
[m[37m[ 11.221220 ax_fs_ng::root:348] [32m    partition 8 name=Some("userdata") fs=Some(Ext4) lba 30113792..122159071[m
[m[37m[ 11.222155 ax_fs_ng::root:364] [32m  block device 0 (rockchip-sdhci) has Gpt partition table with 8 partitions[m
[m[37m[ 11.223128 ax_fs_ng::root:462] [32m  matched root by PARTLABEL on disk0 partition 6 (rootfs, fs=ext4, lba 491520..29851648)[m
[m[37m[ 11.224170 ax_fs_ng:86] [32mInitialize filesystem subsystem...[m
[m[37m[ 11.224738 ax_fs_ng:87] [32m  selected root device: disk0 partition 6 (rootfs, fs=ext4, lba 491520..29851648)[m
[m[37m[ 11.226310 rsext4::crc32c::arm64:54] [33mID_AA64ISAR0_EL1[19:16]: 0x1[m
[m[37m[ 11.226933 rsext4::crc32c::arm64:57] [33mHardware CRC32C support detected.[m
[m[37m[ 11.240182 rsext4::ext4::mount:331] [32m/lost+found exists (superblock hint inode=11)[m
[m[37m[ 11.241794 rsext4::ext4::mount:466] [32mExt4 filesystem mounted[m
[m[37m[ 11.242371 rsext4::ext4::mount:467] [32m  - block size: 4096 bytes[m
[m[37m[ 11.242990 rsext4::ext4::mount:468] [32m  - total blocks: 3670016[m
[m[37m[ 11.243581 rsext4::ext4::mount:469] [32m  - free blocks: 3298218[m
[m[37m[ 11.244173 rsext4::ext4::mount:470] [32m  - total inodes: 847616[m
[m[37m[ 11.244766 rsext4::ext4::mount:471] [32m  - free inodes: 833536[m
[m[37m[ 11.245351 rsext4::ext4::sync:13] [32mSyncing filesystem...[m
[m[37m[ 11.250714 rsext4::ext4::mount:550] [32mExt4 filesystem mounted[m
[m[37m[ 11.251326 ax_fs_ng:99] [32m  filesystem type: "ext4"[m
[m[37m[ 11.253422 rsext4::blockgroup_description::desc:109] [31mGroup descriptor checksum mismatch: group=0 stored=0x0000 expected=0x0589 desc_size=64 block_bitmap=8196 inode_bitmap=24580 inode_table=40964 free_blocks=57348 free_inodes=0 used_dirs=8196 itable_unused=0 flags=0x1 block_bitmap_csum=0x0 inode_bitmap_csum=0x0[m
[m[37m[ 11.255895 rsext4::ext4::mount:554] [31mMount failed: EUCLEAN: Structure needs cleaning[m
[m[37m[ 11.256660 ax_fs_ng::fs::ext4::rsext4::fs:127] [33mext4 journal replay failed with EUCLEAN; retrying read-only without journal replay[m
[m[37m[ 11.257791 rsext4::blockgroup_description::desc:109] [31mGroup descriptor checksum mismatch: group=0 stored=0x0000 expected=0x0589 desc_size=64 block_bitmap=8196 inode_bitmap=24580 inode_table=40964 free_blocks=57348 free_inodes=0 used_dirs=8196 itable_unused=0 flags=0x1 block_bitmap_csum=0x0 inode_bitmap_csum=0x0[m
[m[37m[ 11.260262 rsext4::ext4::mount:554] [31mMount failed: EUCLEAN: Structure needs cleaning[m
[m[37m[ 11.261032 ax_fs_ng::root:622] [33m  failed to initialize filesystem for partition disk0 partition 7 (oem, fs=ext4, lba 29851648..30113792): AxErrorKind::Io[m
[m[37m[ 11.263036 rsext4::blockgroup_description::desc:109] [31mGroup descriptor checksum mismatch: group=0 stored=0x0a8d expected=0x16fe desc_size=64 block_bitmap=262145 inode_bitmap=262161 inode_table=262177 free_blocks=3808 free_inodes=1088 used_dirs=0 itable_unused=1088 flags=0x5 block_bitmap_csum=0x4c1cbc8f inode_bitmap_csum=0xe0e99c72[m
[m[37m[ 11.265658 rsext4::ext4::mount:554] [31mMount failed: EUCLEAN: Structure needs cleaning[m
[m[37m[ 11.266423 ax_fs_ng::fs::ext4::rsext4::fs:127] [33mext4 journal replay failed with EUCLEAN; retrying read-only without journal replay[m
[m[37m[ 11.267555 rsext4::blockgroup_description::desc:109] [31mGroup descriptor checksum mismatch: group=0 stored=0x0a8d expected=0x16fe desc_size=64 block_bitmap=262145 inode_bitmap=262161 inode_table=262177 free_blocks=3808 free_inodes=1088 used_dirs=0 itable_unused=1088 flags=0x5 block_bitmap_csum=0x4c1cbc8f inode_bitmap_csum=0xe0e99c72[m
[m[37m[ 11.270175 rsext4::ext4::mount:554] [31mMount failed: EUCLEAN: Structure needs cleaning[m
[m[37m[ 11.270944 ax_fs_ng::root:622] [33m  failed to initialize filesystem for partition disk0 partition 8 (userdata, fs=ext4, lba 30113792..122159071): AxErrorKind::Io[m
[mI/TC: Secondary CPU 1 initializing
I/TC: Secondary CPU 1 switching to normal world boot
[37m[ 11.276349 somehal::arch::gic::v3:274] [32mGICv3 CPU 1 EOI mode: two_step=true[m
[m[37m[ 11.277051 ax_runtime::mp:79] [32mSecondary CPU 1 started.[m
[m[37m[ 11.277656 ax_runtime::mp:110] [32mSecondary CPU 1 init OK.[m
[mI/TC: Secondary CPU 2 initializing
I/TC: Secondary CPU 2 switching to normal world boot
[37m[ 11.280847 somehal::arch::gic::v3:274] [32mGICv3 CPU 2 EOI mode: two_step=true[m
[m[37m[ 11.281544 ax_runtime::mp:79] [32mSecondary CPU 2 started.[m
[m[37m[ 11.282146 ax_runtime::mp:110] [32mSecondary CPU 2 init OK.[m
[mI/TC: Secondary CPU 3 initializing
I/TC: Secondary CPU 3 switching to normal world boot
[37m[ 11.285339 somehal::arch::gic::v3:274] [32mGICv3 CPU 3 EOI mode: two_step=true[m
[m[37m[ 11.286034 ax_runtime::mp:79] [32mSecondary CPU 3 started.[m
[m[37m[ 11.286635 ax_runtime::mp:110] [32mSecondary CPU 3 init OK.[m
[mI/TC: Secondary CPU 4 initializing
I/TC: Secondary CPU 4 switching to normal world boot
[37m[ 11.289816 somehal::arch::gic::v3:274] [32mGICv3 CPU 4 EOI mode: two_step=true[m
[m[37m[ 11.290508 ax_runtime::mp:79] [32mSecondary CPU 4 started.[m
[m[37m[ 11.291093 ax_runtime::mp:110] [32mSecondary CPU 4 init OK.[m
[mI/TC: Secondary CPU 5 initializing
I/TC: Secondary CPU 5 switching to normal world boot
[37m[ 11.294300 somehal::arch::gic::v3:274] [32mGICv3 CPU 5 EOI mode: two_step=true[m
[m[37m[ 11.294992 ax_runtime::mp:79] [32mSecondary CPU 5 started.[m
[m[37m[ 11.295577 ax_runtime::mp:110] [32mSecondary CPU 5 init OK.[m
[mI/TC: Secondary CPU 6 initializing
I/TC: Secondary CPU 6 switching to normal world boot
[37m[ 11.298772 somehal::arch::gic::v3:274] [32mGICv3 CPU 6 EOI mode: two_step=true[m
[m[37m[ 11.299464 ax_runtime::mp:79] [32mSecondary CPU 6 started.[m
[m[37m[ 11.300048 ax_runtime::mp:110] [32mSecondary CPU 6 init OK.[m
[mI/TC: Secondary CPU 7 initializing
I/TC: Secondary CPU 7 switching to normal world boot
[37m[ 11.303246 somehal::arch::gic::v3:274] [32mGICv3 CPU 7 EOI mode: two_step=true[m
[m[37m[ 11.303937 ax_runtime::mp:79] [32mSecondary CPU 7 started.[m
[m[37m[ 11.303939 ax_runtime:348] [32mPrimary CPU 0 init OK.[m
[m[37m[ 11.304521 ax_runtime::mp:110] [32mSecondary CPU 7 init OK.[m
[m[37m[ 11.305596 0:2 ax_fs_ng::block::runtime::lifecycle::device:369] [32mblock device rockchip-sdhci online with 1 hctxs across 8 CPUs[m
[m

       d8888            888     888  d8b
      d88888            888     888  Y8P
     d88P888            888     888
    d88P 888  888  888  Y88b   d88P  888  .d8888b    .d88b.   888d888
   d88P  888  `Y8bd8P'   Y88b d88P   888  88K       d88""88b  888P"
  d88P   888    X88K      Y88o88P    888  "Y8888b.  888  888  888
 d8888888888  .d8""8b.     Y888P     888       X88  Y88..88P  888
d88P     888  888  888      Y8P      888   88888P'   "Y88P"   888


by AxVisor Team

[37m[ 11.310360 0:2 axvisor:96] [32mStarting virtualization...[m
[m[37m[ 11.310900 0:2 axvm::host::arceos:335] [32mEnabling hardware virtualization support on all cores...[m
[m[37m[ 11.311755 0:2 axvm::host::arceos:341] [32mCore 0 is initializing hardware virtualization support...[m
[m[37m[ 11.312617 0:2 axvm::timer:508] [32mInitializing AxVM timer wheel...[m
[m[37m[ 11.429822 0:2 axvm::host::arceos:343] [32mHardware virtualization support enabled on core 0[m
[m[37m[ 11.430654 1:21 axvm::host::arceos:353] [32mCore 1 is initializing hardware virtualization support...[m
[m[37m[ 11.430768 0:2 axvm::host::arceos:370] [32mWaiting for all cores to enable hardware virtualization...[m
[m[37m[ 11.430772 7:27 axvm::host::arceos:353] [32mCore 7 is initializing hardware virtualization support...[m
[m[37m[ 11.430672 2:22 axvm::host::arceos:353] [32mCore 2 is initializing hardware virtualization support...[m
[m[37m[ 11.431517 1:21 axvm::timer:508] [32mInitializing AxVM timer wheel...[m
[m[37m[ 11.433257 7:27 axvm::timer:508] [32mInitializing AxVM timer wheel...[m
[m[37m[ 11.430754 6:26 axvm::host::arceos:353] [32mCore 6 is initializing hardware virtualization support...[m
[m[37m[ 11.430706 4:24 axvm::host::arceos:353] [32mCore 4 is initializing hardware virtualization support...[m
[m[37m[ 11.436257 6:26 axvm::timer:508] [32mInitializing AxVM timer wheel...[m
[m[37m[ 11.430690 3:23 axvm::host::arceos:353] [32mCore 3 is initializing hardware virtualization support...[m
[m[37m[ 11.434137 2:22 axvm::timer:508] [32mInitializing AxVM timer wheel...[m
[m[37m[ 11.438637 3:23 axvm::timer:508] [32mInitializing AxVM timer wheel...[m
[m[37m[ 11.434792 1:21 axvm::host::arceos:357] [32mHardware virtualization support enabled on core 1 (2/8)[m
[m[37m[ 11.439290 2:22 axvm::host::arceos:357] [32mHardware virtualization support enabled on core 2 (5/8)[m
[m[37m[ 11.439920 3:23 axvm::host::arceos:357] [32mHardware virtualization support enabled on core 3 (6/8)[m
[m[37m[ 11.435415 7:27 axvm::host::arceos:357] [32mHardware virtualization support enabled on core 7 (3/8)[m
[m[37m[ 11.430724 5:25 axvm::host::arceos:353] [32mCore 5 is initializing hardware virtualization support...[m
[m[37m[ 11.437133 4:24 axvm::timer:508] [32mInitializing AxVM timer wheel...[m
[m[37m[ 11.437777 6:26 axvm::host::arceos:357] [32mHardware virtualization support enabled on core 6 (4/8)[m
[m[37m[ 11.444182 5:25 axvm::timer:508] [32mInitializing AxVM timer wheel...[m
[m[37m[ 11.444833 4:24 axvm::host::arceos:357] [32mHardware virtualization support enabled on core 4 (7/8)[m
[m[37m[ 11.446319 5:25 axvm::host::arceos:357] [32mHardware virtualization support enabled on core 5 (8/8)[m
[m[37m[ 11.446321 0:2 axvm::host::arceos:381] [32mAll cores have enabled hardware virtualization support.[m
[m[37m[ 11.448941 0:2 axvisor::manager:145] [32mNOT find dir: /guest/vm_default in filesystem[m
[m[37m[ 11.449694 0:2 axvisor::config:91] [32mUsing static VM configs.[m
[m[37m[ 11.536347 0:2 axvm::arch::aarch64::fdt::core:78] [32mVM[1] virtual UART follows the host-selected UART: GuestSerialProfile { model: Uart16550, transport: Mmio { base: 4273274880, length: 256, register_shift: 2, register_width: Dword }, irq: 365, clock_hz: 24000000 }[m
[m[37m[ 11.540469 0:2 axvm::arch::aarch64::fdt::core:89] [32mVM[1] virtual GIC follows host firmware resources: GuestGicProfile { compatible: "arm,gic-v3", node_path: "/interrupt-controller@fe600000", node_phandle: Some(1), distributor: GuestMmioRegion { base: 4267704320, length: 65536 }, cpu_region: Redistributors(GuestGicRedistributorProfile { regions: [GuestMmioRegion { base: 4268228608, length: 1048576 }], stride: 131072 }), its: [GuestItsProfile { id: ItsId(0), node_path: "/interrupt-controller@fe600000/msi-controller@fe640000", node_phandle: Some(275), registers: GuestMmioRegion { base: 4267966464, length: 131072 } }, GuestItsProfile { id: ItsId(1), node_path: "/interrupt-controller@fe600000/msi-controller@fe660000", node_phandle: Some(457), registers: GuestMmioRegion { base: 4268097536, length: 131072 } }] }[m
[m[37m[ 11.547046 0:2 axvm::arch::aarch64::fdt::core:103] [32mVM[1] architectural timer follows host firmware PPIs[m
[m[37m[ 11.669052 0:2 axvm::arch::aarch64::fdt::core::parser:548] [32mCPU node: /cpus/cpu@0, node_id: 0x0, hardware_cpu_id: 0x0[m
[m[37m[ 11.670082 0:2 axvm::arch::aarch64::fdt::core::parser:548] [32mCPU node: /cpus/cpu@100, node_id: 0x100, hardware_cpu_id: 0x100[m
[m[37m[ 11.671153 0:2 axvm::arch::aarch64::fdt::core::parser:548] [32mCPU node: /cpus/cpu@200, node_id: 0x200, hardware_cpu_id: 0x200[m
[m[37m[ 11.672223 0:2 axvm::arch::aarch64::fdt::core::parser:548] [32mCPU node: /cpus/cpu@300, node_id: 0x300, hardware_cpu_id: 0x300[m
[m[37m[ 11.673313 0:2 axvm::arch::aarch64::fdt::core::parser:548] [32mCPU node: /cpus/cpu@400, node_id: 0x400, hardware_cpu_id: 0x400[m
[m[37m[ 11.674386 0:2 axvm::arch::aarch64::fdt::core::parser:548] [32mCPU node: /cpus/cpu@500, node_id: 0x500, hardware_cpu_id: 0x500[m
[m[37m[ 11.675455 0:2 axvm::arch::aarch64::fdt::core::parser:548] [32mCPU node: /cpus/cpu@600, node_id: 0x600, hardware_cpu_id: 0x600[m
[m[37m[ 11.676525 0:2 axvm::arch::aarch64::fdt::core::parser:548] [32mCPU node: /cpus/cpu@700, node_id: 0x700, hardware_cpu_id: 0x700[m
[m[37m[ 11.693079 0:2 axvm::arch::aarch64::fdt::core::parser:555] [32mFound 8 host CPU nodes[m
[m[37m[ 11.693832 0:2 axvm::arch::aarch64::fdt::core:154] [32mVM[1] DTB not found, generating from the VM configuration[m
[m[37m[ 12.049960 0:2 axvm::arch::aarch64::fdt::core::device:96] [32mFound excluded devices: ["/pcie@fe150000", "/pcie@fe160000", "/pcie@fe170000", "/pcie@fe180000", "/pcie@fe190000", "/interrupt-controller@fe600000", "/serial@fd890000", "/serial@feb40000", "/serial@feb50000", "/serial@feb60000", "/serial@feb70000", "/serial@feb80000", "/serial@feb90000", "/serial@feba0000", "/serial@febb0000", "/serial@febc0000", "/timer", "/timer@feae0000", "/pcie@fe150000/legacy-interrupt-controller", "/pcie@fe160000/legacy-interrupt-controller", "/pcie@fe170000/legacy-interrupt-controller", "/pcie@fe180000/legacy-interrupt-controller", "/pcie@fe190000/legacy-interrupt-controller", "/interrupt-controller@fe600000/msi-controller@fe640000", "/interrupt-controller@fe600000/msi-controller@fe660000"][m
[m[37m[ 12.056262 0:2 axvm::arch::aarch64::fdt::core::device:107] [32mExcluding device: /interrupt-controller@fe600000[m
[m[37m[ 12.057203 0:2 axvm::arch::aarch64::fdt::core::device:107] [32mExcluding device: /interrupt-controller@fe600000/msi-controller@fe640000[m
[m[37m[ 12.058328 0:2 axvm::arch::aarch64::fdt::core::device:107] [32mExcluding device: /interrupt-controller@fe600000/msi-controller@fe660000[m
[m[37m[ 12.059469 0:2 axvm::arch::aarch64::fdt::core::device:107] [32mExcluding device: /pcie@fe150000[m
[m[37m[ 12.060287 0:2 axvm::arch::aarch64::fdt::core::device:107] [32mExcluding device: /pcie@fe150000/legacy-interrupt-controller[m
[m[37m[ 12.061322 0:2 axvm::arch::aarch64::fdt::core::device:107] [32mExcluding device: /pcie@fe160000[m
[m[37m[ 12.062147 0:2 axvm::arch::aarch64::fdt::core::device:107] [32mExcluding device: /pcie@fe160000/legacy-interrupt-controller[m
[m[37m[ 12.063197 0:2 axvm::arch::aarch64::fdt::core::device:107] [32mExcluding device: /pcie@fe170000[m
[m[37m[ 12.064015 0:2 axvm::arch::aarch64::fdt::core::device:107] [32mExcluding device: /pcie@fe170000/legacy-interrupt-controller[m
[m[37m[ 12.065050 0:2 axvm::arch::aarch64::fdt::core::device:107] [32mExcluding device: /pcie@fe180000[m
[m[37m[ 12.065875 0:2 axvm::arch::aarch64::fdt::core::device:107] [32mExcluding device: /pcie@fe180000/legacy-interrupt-controller[m
[m[37m[ 12.066910 0:2 axvm::arch::aarch64::fdt::core::device:107] [32mExcluding device: /pcie@fe190000[m
[m[37m[ 12.067735 0:2 axvm::arch::aarch64::fdt::core::device:107] [32mExcluding device: /pcie@fe190000/legacy-interrupt-controller[m
[m[37m[ 12.068891 0:2 axvm::arch::aarch64::fdt::core::device:107] [32mExcluding device: /serial@fd890000[m
[m[37m[ 12.069724 0:2 axvm::arch::aarch64::fdt::core::device:107] [32mExcluding device: /serial@feb40000[m
[m[37m[ 12.070564 0:2 axvm::arch::aarch64::fdt::core::device:107] [32mExcluding device: /serial@feb50000[m
[m[37m[ 12.071404 0:2 axvm::arch::aarch64::fdt::core::device:107] [32mExcluding device: /serial@feb60000[m
[m[37m[ 12.072244 0:2 axvm::arch::aarch64::fdt::core::device:107] [32mExcluding device: /serial@feb70000[m
[m[37m[ 12.073097 0:2 axvm::arch::aarch64::fdt::core::device:107] [32mExcluding device: /serial@feb80000[m
[m[37m[ 12.073929 0:2 axvm::arch::aarch64::fdt::core::device:107] [32mExcluding device: /serial@feb90000[m
[m[37m[ 12.074770 0:2 axvm::arch::aarch64::fdt::core::device:107] [32mExcluding device: /serial@feba0000[m
[m[37m[ 12.075610 0:2 axvm::arch::aarch64::fdt::core::device:107] [32mExcluding device: /serial@febb0000[m
[m[37m[ 12.076449 0:2 axvm::arch::aarch64::fdt::core::device:107] [32mExcluding device: /serial@febc0000[m
[m[37m[ 12.077319 0:2 axvm::arch::aarch64::fdt::core::device:107] [32mExcluding device: /timer[m
[m[37m[ 12.078076 0:2 axvm::arch::aarch64::fdt::core::device:107] [32mExcluding device: /timer@feae0000[m
[m[37m[ 12.088645 0:2 axvm::arch::aarch64::fdt::core::parser:57] [32mVM[1] generated-FDT passthrough paths: ["/__symbols__", "/adc-keys", "/adc-keys/esc-key", "/adc-keys/menu-key", "/adc-keys/vol-down-key", "/adc-keys/vol-up-key", "/aliases", "/arm-pmu", "/av1d@fdc70000", "/avsd-plus@fdb51000", "/backlight", "/backlight1", "/bt-sco", "/bt-sound", "/bt-sound/simple-audio-card,codec", "/bt-sound/simple-audio-card,cpu", "/can@fea50000", "/can@fea60000", "/can@fea70000", "/chosen", "/clock-controller@fd7c0000", "/clocks", "/clocks/aclk_av1_pre@fd7c0910", "/clocks/aclk_hdcp0_pre@fd7c08dc", "/clocks/aclk_hdcp1_pre@fd7c08ec", "/clocks/aclk_isp1_pre@fd7c0868", "/clocks/aclk_jpeg_decoder_pre@fd7c08b0", "/clocks/aclk_rkvdec0_pre@fd7c08a0", "/clocks/aclk_rkvdec1_pre@fd7c08a4", "/clocks/aclk_rkvenc1_pre@fd7c08c0", "/clocks/aclk_usb@fd7c08a8", "/clocks/aclk_vdpu_low_pre@fd7c08b0", "/clocks/hclk_isp1_pre@fd7c0868", "/clocks/hclk_nvm@fd7c087c", "/clocks/hclk_rkvdec0_pre@fd7c08a0", "/clocks/hclk_rkvdec1_pre@fd7c08a4", "/clocks/hclk_rkvenc1_pre@fd7c08c0", "/clocks/hclk_sdio_pre@fd7c092c", "/clocks/hclk_usb@fd7c08a8", "/clocks/hclk_vo0@fd7c08dc", "/clocks/hclk_vo1@fd7c08ec", "/clocks/mclkin-i2s0", "/clocks/mclkin-i2s1", "/clocks/mclkin-i2s2", "/clocks/mclkin-i2s3", "/clocks/mclkout-i2s0@fd58c318", "/clocks/mclkout-i2s1@fd58a000", "/clocks/mclkout-i2s1@fd58c318", "/clocks/mclkout-i2s2@fd58c318", "/clocks/mclkout-i2s3@fd58c318", "/clocks/pclk_av1_pre@fd7c0910", "/clocks/pclk_vo0_grf@fd7c08dc", "/clocks/pclk_vo1_grf@fd7c08ec", "/clocks/spll", "/clocks/xin24m", "/clocks/xin32k", "/cluster0-opp-table", "/cluster0-opp-table/opp-1008000000", "/cluster0-opp-table/opp-1200000000", "/cluster0-opp-table/opp-1416000000", "/cluster0-opp-table/opp-1608000000", "/cluster0-opp-table/opp-1800000000", "/cluster0-opp-table/opp-408000000", "/cluster0-opp-table/opp-600000000", "/cluster0-opp-table/opp-816000000", "/cluster0-opp-table/opp-j-1296000000", "/cluster0-opp-table/opp-j-m-1008000000", "/cluster0-opp-table/opp-j-m-1200000000[m<log truncated>
[37m[ 12.110965 0:2 axvm::arch::aarch64::fdt::core::parser:85] [32mVM[1] host-FDT PCI node path=/pcie@fe180000 name=pcie@fe180000 compatible=["rockchip,rk3588-pcie", "snps,dw-pcie"] reg=[(4262985728, Some(65536)), (44035997696, Some(4194304))] properties=[("compatible", 34), ("reg", 32), ("ranges", 112), ("interrupt-map", 96), ("interrupt-map-mask", 16), ("msi-map", 16), ("bus-range", 8)][m
[m[37m[ 12.114018 0:2 axvm::arch::aarch64::fdt::core::parser:85] [32mVM[1] host-FDT PCI node path=/pcie@fe180000/legacy-interrupt-controller name=legacy-interrupt-controller compatible=[] reg=[] properties=[][m
[m[37m[ 12.115664 0:2 axvm::arch::aarch64::fdt::core::parser:85] [32mVM[1] host-FDT PCI node path=/pcie@fe190000 name=pcie@fe190000 compatible=["rockchip,rk3588-pcie", "snps,dw-pcie"] reg=[(4263051264, Some(65536)), (44040192000, Some(4194304))] properties=[("compatible", 34), ("reg", 32), ("ranges", 112), ("interrupt-map", 96), ("interrupt-map-mask", 16), ("msi-map", 16), ("bus-range", 8)][m
[m[37m[ 12.118692 0:2 axvm::arch::aarch64::fdt::core::parser:85] [32mVM[1] host-FDT PCI node path=/pcie@fe190000/legacy-interrupt-controller name=legacy-interrupt-controller compatible=[] reg=[] properties=[][m
[m[37m[ 12.125871 0:2 axvm::arch::aarch64::fdt::core::parser:85] [32mVM[1] host-FDT PCI node path=/pinctrl/pcie20x1 name=pcie20x1 compatible=[] reg=[] properties=[][m
[m[37m[ 12.127170 0:2 axvm::arch::aarch64::fdt::core::parser:85] [32mVM[1] host-FDT PCI node path=/pinctrl/pcie20x1/pcie20x1m0-pins name=pcie20x1m0-pins compatible=[] reg=[] properties=[][m
[m[37m[ 12.128639 0:2 axvm::arch::aarch64::fdt::core::parser:85] [32mVM[1] host-FDT PCI node path=/pinctrl/pcie20x1/pcie20x1m1-pins name=pcie20x1m1-pins compatible=[] reg=[] properties=[][m
[m[37m[ 12.130109 0:2 axvm::arch::aarch64::fdt::core::parser:85] [32mVM[1] host-FDT PCI node path=/pinctrl/pcie20x1/pcie20x1-2-button-rstn name=pcie20x1-2-button-rstn compatible=[] reg=[] properties=[][m
[m[37m[ 12.131683 0:2 axvm::arch::aarch64::fdt::core::parser:85] [32mVM[1] host-FDT PCI node path=/pinctrl/pcie30phy name=pcie30phy compatible=[] reg=[] properties=[][m
[m[37m[ 12.133009 0:2 axvm::arch::aarch64::fdt::core::parser:85] [32mVM[1] host-FDT PCI node path=/pinctrl/pcie30phy/pcie30phy-pins name=pcie30phy-pins compatible=[] reg=[] properties=[][m
[m[37m[ 12.134470 0:2 axvm::arch::aarch64::fdt::core::parser:85] [32mVM[1] host-FDT PCI node path=/pinctrl/pcie30x1 name=pcie30x1 compatible=[] reg=[] properties=[][m
[m[37m[ 12.135767 0:2 axvm::arch::aarch64::fdt::core::parser:85] [32mVM[1] host-FDT PCI node path=/pinctrl/pcie30x1/pcie30x1m0-pins name=pcie30x1m0-pins compatible=[] reg=[] properties=[][m
[m[37m[ 12.137237 0:2 axvm::arch::aarch64::fdt::core::parser:85] [32mVM[1] host-FDT PCI node path=/pinctrl/pcie30x1/pcie30x1m1-pins name=pcie30x1m1-pins compatible=[] reg=[] properties=[][m
[m[37m[ 12.138705 0:2 axvm::arch::aarch64::fdt::core::parser:85] [32mVM[1] host-FDT PCI node path=/pinctrl/pcie30x1/pcie30x1m2-pins name=pcie30x1m2-pins compatible=[] reg=[] properties=[][m
[m[37m[ 12.140174 0:2 axvm::arch::aarch64::fdt::core::parser:85] [32mVM[1] host-FDT PCI node path=/pinctrl/pcie30x1/pcie30x1-0-button-rstn name=pcie30x1-0-button-rstn compatible=[] reg=[] properties=[][m
[m[37m[ 12.141749 0:2 axvm::arch::aarch64::fdt::core::parser:85] [32mVM[1] host-FDT PCI node path=/pinctrl/pcie30x1/pcie30x1-1-button-rstn name=pcie30x1-1-button-rstn compatible=[] reg=[] properties=[][m
[m[37m[ 12.143336 0:2 axvm::arch::aarch64::fdt::core::parser:85] [32mVM[1] host-FDT PCI node path=/pinctrl/pcie30x2 name=pcie30x2 compatible=[] reg=[] properties=[][m
[m[37m[ 12.144634 0:2 axvm::arch::aarch64::fdt::core::parser:85] [32mVM[1] host-FDT PCI node path=/pinctrl/pcie30x2/pcie30x2m0-pins name=pcie30x2m0-pins compatible=[] reg=[] properties=[][m
[m[37m[ 12.146103 0:2 axvm::arch::aarch64::fdt::core::parser:85] [32mVM[1] host-FDT PCI node path=/pinctrl/pcie30x2/pcie30x2m1-pins name=pcie30x2m1-pins compatible=[] reg=[] properties=[][m
[m[37m[ 12.147573 0:2 axvm::arch::aarch64::fdt::core::parser:85] [32mVM[1] host-FDT PCI node path=/pinctrl/pcie30x2/pcie30x2m2-pins name=pcie30x2m2-pins compatible=[] reg=[] properties=[][m
[m[37m[ 12.149042 0:2 axvm::arch::aarch64::fdt::core::parser:85] [32mVM[1] host-FDT PCI node path=/pinctrl/pcie30x2/pcie30x2m3-pins name=pcie30x2m3-pins compatible=[] reg=[] properties=[][m
[m[37m[ 12.150511 0:2 axvm::arch::aarch64::fdt::core::parser:85] [32mVM[1] host-FDT PCI node path=/pinctrl/pcie30x2/pcie30x2-button-rstn name=pcie30x2-button-rstn compatible=[] reg=[] properties=[][m
[m[37m[ 12.152054 0:2 axvm::arch::aarch64::fdt::core::parser:85] [32mVM[1] host-FDT PCI node path=/pinctrl/pcie30x4 name=pcie30x4 compatible=[] reg=[] properties=[][m
[m[37m[ 12.153376 0:2 axvm::arch::aarch64::fdt::core::parser:85] [32mVM[1] host-FDT PCI node path=/pinctrl/pcie30x4/pcie30x4m0-pins name=pcie30x4m0-pins compatible=[] reg=[] properties=[][m
[m[37m[ 12.154847 0:2 axvm::arch::aarch64::fdt::core::parser:85] [32mVM[1] host-FDT PCI node path=/pinctrl/pcie30x4/pcie30x4m1-pins name=pcie30x4m1-pins compatible=[] reg=[] properties=[][m
[m[37m[ 12.156316 0:2 axvm::arch::aarch64::fdt::core::parser:85] [32mVM[1] host-FDT PCI node path=/pinctrl/pcie30x4/pcie30x4m2-pins name=pcie30x4m2-pins compatible=[] reg=[] properties=[][m
[m[37m[ 12.157785 0:2 axvm::arch::aarch64::fdt::core::parser:85] [32mVM[1] host-FDT PCI node path=/pinctrl/pcie30x4/pcie30x4m3-pins name=pcie30x4m3-pins compatible=[] reg=[] properties=[][m
[m[37m[ 12.159254 0:2 axvm::arch::aarch64::fdt::core::parser:85] [32mVM[1] host-FDT PCI node path=/pinctrl/pcie30x4/pcie30x4-button-rstn name=pcie30x4-button-rstn compatible=[] reg=[] properties=[][m
[m[37m[ 12.164272 0:2 axvm::arch::aarch64::fdt::core::parser:85] [32mVM[1] host-FDT PCI node path=/pinctrl/wireless-wlan/pcie-wifi-gpio name=pcie-wifi-gpio compatible=[] reg=[] properties=[][m
[m[37m[ 12.165787 0:2 axvm::arch::aarch64::fdt::core::parser:85] [32mVM[1] host-FDT PCI node path=/pinctrl/pcie name=pcie compatible=[] reg=[] properties=[][m
[m[37m[ 12.167025 0:2 axvm::arch::aarch64::fdt::core::parser:85] [32mVM[1] host-FDT PCI node path=/pinctrl/pcie/pcie30x4-clkreqn-m1 name=pcie30x4-clkreqn-m1 compatible=[] reg=[] properties=[][m
[m[37m[ 12.169292 0:2 axvm::arch::aarch64::fdt::core::parser:85] [32mVM[1] host-FDT PCI node path=/pcie@fe150000 name=pcie@fe150000 compatible=["rockchip,rk3588-pcie", "snps,dw-pcie"] reg=[(4262789120, Some(65536)), (44023414784, Some(4194304))] properties=[("compatible", 34), ("reg", 32), ("ranges", 112), ("interrupt-map", 96), ("interrupt-map-mask", 16), ("msi-map", 16), ("bus-range", 8)][m
[m[37m[ 12.172323 0:2 axvm::arch::aarch64::fdt::core::parser:85] [32mVM[1] host-FDT PCI node path=/pcie@fe150000/legacy-interrupt-controller name=legacy-interrupt-controller compatible=[] reg=[] properties=[][m
[m[37m[ 12.173983 0:2 axvm::arch::aarch64::fdt::core::parser:85] [32mVM[1] host-FDT PCI node path=/pcie@fe160000 name=pcie@fe160000 compatible=["rockchip,rk3588-pcie", "snps,dw-pcie"] reg=[(4262854656, Some(65536)), (44027609088, Some(4194304))] properties=[("compatible", 34), ("reg", 32), ("ranges", 112), ("interrupt-map", 96), ("interrupt-map-mask", 16), ("msi-map", 16), ("bus-range", 8)][m
[m[37m[ 12.177011 0:2 axvm::arch::aarch64::fdt::core::parser:85] [32mVM[1] host-FDT PCI node path=/pcie@fe160000/legacy-interrupt-controller name=legacy-interrupt-controller compatible=[] reg=[] properties=[][m
[m[37m[ 12.178656 0:2 axvm::arch::aarch64::fdt::core::parser:85] [32mVM[1] host-FDT PCI node path=/pcie@fe170000 name=pcie@fe170000 compatible=["rockchip,rk3588-pcie", "snps,dw-pcie"] reg=[(4262920192, Some(65536)), (44031803392, Some(4194304))] properties=[("compatible", 34), ("reg", 32), ("ranges", 112), ("interrupt-map", 96), ("interrupt-map-mask", 16), ("msi-map", 16), ("bus-range", 8)][m
[m[37m[ 12.181684 0:2 axvm::arch::aarch64::fdt::core::parser:85] [32mVM[1] host-FDT PCI node path=/pcie@fe170000/legacy-interrupt-controller name=legacy-interrupt-controller compatible=[] reg=[] properties=[][m
[m[37m[ 12.184061 0:2 axvm::arch::aarch64::fdt::core::parser:85] [32mVM[1] host-FDT PCI node path=/pcie20-avdd0v85 name=pcie20-avdd0v85 compatible=["regulator-fixed"] reg=[] properties=[("compatible", 16)][m
[m[37m[ 12.185674 0:2 axvm::arch::aarch64::fdt::core::parser:85] [32mVM[1] host-FDT PCI node path=/pcie20-avdd1v8 name=pcie20-avdd1v8 compatible=["regulator-fixed"] reg=[] properties=[("compatible", 16)][m
[m[37m[ 12.187271 0:2 axvm::arch::aarch64::fdt::core::parser:85] [32mVM[1] host-FDT PCI node path=/pcie30-avdd0v75 name=pcie30-avdd0v75 compatible=["regulator-fixed"] reg=[] properties=[("compatible", 16)][m
[m[37m[ 12.188883 0:2 axvm::arch::aarch64::fdt::core::parser:85] [32mVM[1] host-FDT PCI node path=/pcie30-avdd1v8 name=pcie30-avdd1v8 compatible=["regulator-fixed"] reg=[] properties=[("compatible", 16)][m
[m[37m[ 12.190501 0:2 axvm::arch::aarch64::fdt::core::parser:85] [32mVM[1] host-FDT PCI node path=/vcc3v3-pcie30 name=vcc3v3-pcie30 compatible=["regulator-fixed"] reg=[] properties=[("compatible", 16)][m
[m[37m[ 12.518884 0:2 axvm::arch::aarch64::fdt::core::parser:98] [32mVM[1] generated guest-FDT bytes=276196[m
[m[37m[ 12.635078 0:2 axvm::arch::aarch64::fdt::core::parser:109] [32mVM[1] generated guest-FDT PCI paths: ["/pinctrl/pcie20x1", "/pinctrl/pcie20x1/pcie20x1m0-pins", "/pinctrl/pcie20x1/pcie20x1m1-pins", "/pinctrl/pcie20x1/pcie20x1-2-button-rstn", "/pinctrl/pcie30phy", "/pinctrl/pcie30phy/pcie30phy-pins", "/pinctrl/pcie30x1", "/pinctrl/pcie30x1/pcie30x1m0-pins", "/pinctrl/pcie30x1/pcie30x1m1-pins", "/pinctrl/pcie30x1/pcie30x1m2-pins", "/pinctrl/pcie30x1/pcie30x1-0-button-rstn", "/pinctrl/pcie30x1/pcie30x1-1-button-rstn", "/pinctrl/pcie30x2", "/pinctrl/pcie30x2/pcie30x2m0-pins", "/pinctrl/pcie30x2/pcie30x2m1-pins", "/pinctrl/pcie30x2/pcie30x2m2-pins", "/pinctrl/pcie30x2/pcie30x2m3-pins", "/pinctrl/pcie30x2/pcie30x2-button-rstn", "/pinctrl/pcie30x4", "/pinctrl/pcie30x4/pcie30x4m0-pins", "/pinctrl/pcie30x4/pcie30x4m1-pins", "/pinctrl/pcie30x4/pcie30x4m2-pins", "/pinctrl/pcie30x4/pcie30x4m3-pins", "/pinctrl/pcie30x4/pcie30x4-button-rstn", "/pinctrl/wireless-wlan/pcie-wifi-gpio", "/pinctrl/pcie", "/pinctrl/pcie/pcie30x4-clkreqn-m1", "/pcie20-avdd0v85", "/pcie20-avdd1v8", "/pcie30-avdd0v75", "/pcie30-avdd1v8", "/vcc3v3-pcie30"][m
[m[37m[ 12.655142 0:2 axvm::arch::aarch64::fdt::core::parser:143] [32mVM[1] guest-FDT PCI property-count=0 property-names=[][m
[m[37m[ 12.656127 0:2 axvm::arch::aarch64::fdt::core::parser:149] [32mVM[1] generated guest-FDT PCI node path=/pinctrl/pcie20x1 name=pcie20x1 compatible=[] reg=[] properties=[][m
[m[37m[ 12.657523 0:2 axvm::arch::aarch64::fdt::core::parser:143] [32mVM[1] guest-FDT PCI property-count=0 property-names=[][m
[m[37m[ 12.658506 0:2 axvm::arch::aarch64::fdt::core::parser:149] [32mVM[1] generated guest-FDT PCI node path=/pinctrl/pcie20x1/pcie20x1m0-pins name=pcie20x1m0-pins compatible=[] reg=[] properties=[][m
[m[37m[ 12.660072 0:2 axvm::arch::aarch64::fdt::core::parser:143] [32mVM[1] guest-FDT PCI property-count=0 property-names=[][m
[m[37m[ 12.661054 0:2 axvm::arch::aarch64::fdt::core::parser:149] [32mVM[1] generated guest-FDT PCI node path=/pinctrl/pcie20x1/pcie20x1m1-pins name=pcie20x1m1-pins compatible=[] reg=[] properties=[][m
[m[37m[ 12.662620 0:2 axvm::arch::aarch64::fdt::core::parser:143] [32mVM[1] guest-FDT PCI property-count=0 property-names=[][m
[m[37m[ 12.663616 0:2 axvm::arch::aarch64::fdt::core::parser:149] [32mVM[1] generated guest-FDT PCI node path=/pinctrl/pcie20x1/pcie20x1-2-button-rstn name=pcie20x1-2-button-rstn compatible=[] reg=[] properties=[][m
[m[37m[ 12.665280 0:2 axvm::arch::aarch64::fdt::core::parser:143] [32mVM[1] guest-FDT PCI property-count=0 property-names=[][m
[m[37m[ 12.666262 0:2 axvm::arch::aarch64::fdt::core::parser:149] [32mVM[1] generated guest-FDT PCI node path=/pinctrl/pcie30phy name=pcie30phy compatible=[] reg=[] properties=[][m
[m[37m[ 12.667671 0:2 axvm::arch::aarch64::fdt::core::parser:143] [32mVM[1] guest-FDT PCI property-count=0 property-names=[][m
[m[37m[ 12.668653 0:2 axvm::arch::aarch64::fdt::core::parser:149] [32mVM[1] generated guest-FDT PCI node path=/pinctrl/pcie30phy/pcie30phy-pins name=pcie30phy-pins compatible=[] reg=[] properties=[][m
[m[37m[ 12.670211 0:2 axvm::arch::aarch64::fdt::core::parser:143] [32mVM[1] guest-FDT PCI property-count=0 property-names=[][m
[m[37m[ 12.671193 0:2 axvm::arch::aarch64::fdt::core::parser:149] [32mVM[1] generated guest-FDT PCI node path=/pinctrl/pcie30x1 name=pcie30x1 compatible=[] reg=[] properties=[][m
[m[37m[ 12.672587 0:2 axvm::arch::aarch64::fdt::core::parser:143] [32mVM[1] guest-FDT PCI property-count=0 property-names=[][m
[m[37m[ 12.673582 0:2 axvm::arch::aarch64::fdt::core::parser:149] [32mVM[1] generated guest-FDT PCI node path=/pinctrl/pcie30x1/pcie30x1m0-pins name=pcie30x1m0-pins compatible=[] reg=[] properties=[][m
[m[37m[ 12.675141 0:2 axvm::arch::aarch64::fdt::core::parser:143] [32mVM[1] guest-FDT PCI property-count=0 property-names=[][m
[m[37m[ 12.676124 0:2 axvm::arch::aarch64::fdt::core::parser:149] [32mVM[1] generated guest-FDT PCI node path=/pinctrl/pcie30x1/pcie30x1m1-pins name=pcie30x1m1-pins compatible=[] reg=[] properties=[][m
[m[37m[ 12.677690 0:2 axvm::arch::aarch64::fdt::core::parser:143] [32mVM[1] guest-FDT PCI property-count=0 property-names=[][m
[m[37m[ 12.678672 0:2 axvm::arch::aarch64::fdt::core::parser:149] [32mVM[1] generated guest-FDT PCI node path=/pinctrl/pcie30x1/pcie30x1m2-pins name=pcie30x1m2-pins compatible=[] reg=[] properties=[][m
[m[37m[ 12.680237 0:2 axvm::arch::aarch64::fdt::core::parser:143] [32mVM[1] guest-FDT PCI property-count=0 property-names=[][m
[m[37m[ 12.681219 0:2 axvm::arch::aarch64::fdt::core::parser:149] [32mVM[1] generated guest-FDT PCI node path=/pinctrl/pcie30x1/pcie30x1-0-button-rstn name=pcie30x1-0-button-rstn compatible=[] reg=[] properties=[][m
[m[37m[ 12.682904 0:2 axvm::arch::aarch64::fdt::core::parser:143] [32mVM[1] guest-FDT PCI property-count=0 property-names=[][m
[m[37m[ 12.683886 0:2 axvm::arch::aarch64::fdt::core::parser:149] [32mVM[1] generated guest-FDT PCI node path=/pinctrl/pcie30x1/pcie30x1-1-button-rstn name=pcie30x1-1-button-rstn compatible=[] reg=[] properties=[][m
[m[37m[ 12.685556 0:2 axvm::arch::aarch64::fdt::core::parser:143] [32mVM[1] guest-FDT PCI property-count=0 property-names=[][m
[m[37m[ 12.686538 0:2 axvm::arch::aarch64::fdt::core::parser:149] [32mVM[1] generated guest-FDT PCI node path=/pinctrl/pcie30x2 name=pcie30x2 compatible=[] reg=[] properties=[][m
[m[37m[ 12.687931 0:2 axvm::arch::aarch64::fdt::core::parser:143] [32mVM[1] guest-FDT PCI property-count=0 property-names=[][m
[m[37m[ 12.688913 0:2 axvm::arch::aarch64::fdt::core::parser:149] [32mVM[1] generated guest-FDT PCI node path=/pinctrl/pcie30x2/pcie30x2m0-pins name=pcie30x2m0-pins compatible=[] reg=[] properties=[][m
[m[37m[ 12.690479 0:2 axvm::arch::aarch64::fdt::core::parser:143] [32mVM[1] guest-FDT PCI property-count=0 property-names=[][m
[m[37m[ 12.691461 0:2 axvm::arch::aarch64::fdt::core::parser:149] [32mVM[1] generated guest-FDT PCI node path=/pinctrl/pcie30x2/pcie30x2m1-pins name=pcie30x2m1-pins compatible=[] reg=[] properties=[][m
[m[37m[ 12.693043 0:2 axvm::arch::aarch64::fdt::core::parser:143] [32mVM[1] guest-FDT PCI property-count=0 property-names=[][m
[m[37m[ 12.694025 0:2 axvm::arch::aarch64::fdt::core::parser:149] [32mVM[1] generated guest-FDT PCI node path=/pinctrl/pcie30x2/pcie30x2m2-pins name=pcie30x2m2-pins compatible=[] reg=[] properties=[][m
[m[37m[ 12.695592 0:2 axvm::arch::aarch64::fdt::core::parser:143] [32mVM[1] guest-FDT PCI property-count=0 property-names=[][m
[m[37m[ 12.696574 0:2 axvm::arch::aarch64::fdt::core::parser:149] [32mVM[1] generated guest-FDT PCI node path=/pinctrl/pcie30x2/pcie30x2m3-pins name=pcie30x2m3-pins compatible=[] reg=[] properties=[][m
[m[37m[ 12.698139 0:2 axvm::arch::aarch64::fdt::core::parser:143] [32mVM[1] guest-FDT PCI property-count=0 property-names=[][m
[m[37m[ 12.699121 0:2 axvm::arch::aarch64::fdt::core::parser:149] [32mVM[1] generated guest-FDT PCI node path=/pinctrl/pcie30x2/pcie30x2-button-rstn name=pcie30x2-button-rstn compatible=[] reg=[] properties=[][m
[m[37m[ 12.700761 0:2 axvm::arch::aarch64::fdt::core::parser:143] [32mVM[1] guest-FDT PCI property-count=0 property-names=[][m
[m[37m[ 12.701743 0:2 axvm::arch::aarch64::fdt::core::parser:149] [32mVM[1] generated guest-FDT PCI node path=/pinctrl/pcie30x4 name=pcie30x4 compatible=[] reg=[] properties=[][m
[m[37m[ 12.703149 0:2 axvm::arch::aarch64::fdt::core::parser:143] [32mVM[1] guest-FDT PCI property-count=0 property-names=[][m
[m[37m[ 12.704131 0:2 axvm::arch::aarch64::fdt::core::parser:149] [32mVM[1] generated guest-FDT PCI node path=/pinctrl/pcie30x4/pcie30x4m0-pins name=pcie30x4m0-pins compatible=[] reg=[] properties=[][m
[m[37m[ 12.705696 0:2 axvm::arch::aarch64::fdt::core::parser:143] [32mVM[1] guest-FDT PCI property-count=0 property-names=[][m
[m[37m[ 12.706678 0:2 axvm::arch::aarch64::fdt::core::parser:149] [32mVM[1] generated guest-FDT PCI node path=/pinctrl/pcie30x4/pcie30x4m1-pins name=pcie30x4m1-pins compatible=[] reg=[] properties=[][m
[m[37m[ 12.708244 0:2 axvm::arch::aarch64::fdt::core::parser:143] [32mVM[1] guest-FDT PCI property-count=0 property-names=[][m
[m[37m[ 12.709226 0:2 axvm::arch::aarch64::fdt::core::parser:149] [32mVM[1] generated guest-FDT PCI node path=/pinctrl/pcie30x4/pcie30x4m2-pins name=pcie30x4m2-pins compatible=[] reg=[] properties=[][m
[m[37m[ 12.710792 0:2 axvm::arch::aarch64::fdt::core::parser:143] [32mVM[1] guest-FDT PCI property-count=0 property-names=[][m
[m[37m[ 12.711773 0:2 axvm::arch::aarch64::fdt::core::parser:149] [32mVM[1] generated guest-FDT PCI node path=/pinctrl/pcie30x4/pcie30x4m3-pins name=pcie30x4m3-pins compatible=[] reg=[] properties=[][m
[m[37m[ 12.713351 0:2 axvm::arch::aarch64::fdt::core::parser:143] [32mVM[1] guest-FDT PCI property-count=0 property-names=[][m
[m[37m[ 12.714334 0:2 axvm::arch::aarch64::fdt::core::parser:149] [32mVM[1] generated guest-FDT PCI node path=/pinctrl/pcie30x4/pcie30x4-button-rstn name=pcie30x4-button-rstn compatible=[] reg=[] properties=[][m
[m[37m[ 12.719356 0:2 axvm::arch::aarch64::fdt::core::parser:143] [32mVM[1] guest-FDT PCI property-count=0 property-names=[][m
[m[37m[ 12.720340 0:2 axvm::arch::aarch64::fdt::core::parser:149] [32mVM[1] generated guest-FDT PCI node path=/pinctrl/wireless-wlan/pcie-wifi-gpio name=pcie-wifi-gpio compatible=[] reg=[] properties=[][m
[m[37m[ 12.721950 0:2 axvm::arch::aarch64::fdt::core::parser:143] [32mVM[1] guest-FDT PCI property-count=0 property-names=[][m
[m[37m[ 12.722945 0:2 axvm::arch::aarch64::fdt::core::parser:149] [32mVM[1] generated guest-FDT PCI node path=/pinctrl/pcie name=pcie compatible=[] reg=[] properties=[][m
[m[37m[ 12.724273 0:2 axvm::arch::aarch64::fdt::core::parser:143] [32mVM[1] guest-FDT PCI property-count=0 property-names=[][m
[m[37m[ 12.725255 0:2 axvm::arch::aarch64::fdt::core::parser:149] [32mVM[1] generated guest-FDT PCI node path=/pinctrl/pcie/pcie30x4-clkreqn-m1 name=pcie30x4-clkreqn-m1 compatible=[] reg=[] properties=[][m
[m[37m[ 12.728297 0:2 axvm::arch::aarch64::fdt::core::parser:143] [32mVM[1] guest-FDT PCI property-count=0 property-names=[][m
[m[37m[ 12.729280 0:2 axvm::arch::aarch64::fdt::core::parser:149] [32mVM[1] generated guest-FDT PCI node path=/pcie20-avdd0v85 name=pcie20-avdd0v85 compatible=["regulator-fixed"] reg=[] properties=[][m
[m[37m[ 12.730849 0:2 axvm::arch::aarch64::fdt::core::parser:143] [32mVM[1] guest-FDT PCI property-count=0 property-names=[][m
[m[37m[ 12.731831 0:2 axvm::arch::aarch64::fdt::core::parser:149] [32mVM[1] generated guest-FDT PCI node path=/pcie20-avdd1v8 name=pcie20-avdd1v8 compatible=["regulator-fixed"] reg=[] properties=[][m
[m[37m[ 12.733412 0:2 axvm::arch::aarch64::fdt::core::parser:143] [32mVM[1] guest-FDT PCI property-count=0 property-names=[][m
[m[37m[ 12.734394 0:2 axvm::arch::aarch64::fdt::core::parser:149] [32mVM[1] generated guest-FDT PCI node path=/pcie30-avdd0v75 name=pcie30-avdd0v75 compatible=["regulator-fixed"] reg=[] properties=[][m
[m[37m[ 12.735964 0:2 axvm::arch::aarch64::fdt::core::parser:143] [32mVM[1] guest-FDT PCI property-count=0 property-names=[][m
[m[37m[ 12.736946 0:2 axvm::arch::aarch64::fdt::core::parser:149] [32mVM[1] generated guest-FDT PCI node path=/pcie30-avdd1v8 name=pcie30-avdd1v8 compatible=["regulator-fixed"] reg=[] properties=[][m
[m[37m[ 12.738522 0:2 axvm::arch::aarch64::fdt::core::parser:143] [32mVM[1] guest-FDT PCI property-count=0 property-names=[][m
[m[37m[ 12.739504 0:2 axvm::arch::aarch64::fdt::core::parser:149] [32mVM[1] generated guest-FDT PCI node path=/vcc3v3-pcie30 name=vcc3v3-pcie30 compatible=["regulator-fixed"] reg=[] properties=[][m
[m[37m[ 13.137993 0:2 axvm::arch::aarch64::fdt::core::device:96] [32mFound excluded devices: ["/pcie@fe150000", "/pcie@fe160000", "/pcie@fe170000", "/pcie@fe180000", "/pcie@fe190000", "/interrupt-controller@fe600000", "/serial@fd890000", "/serial@feb40000", "/serial@feb50000", "/serial@feb60000", "/serial@feb70000", "/serial@feb80000", "/serial@feb90000", "/serial@feba0000", "/serial@febb0000", "/serial@febc0000", "/timer", "/timer@feae0000", "/interrupt-controller@fe600000/msi-controller@fe640000", "/interrupt-controller@fe600000/msi-controller@fe660000"][m
[m[37m[ 13.142498 0:2 axvm::arch::aarch64::fdt::core::device:107] [32mExcluding device: /interrupt-controller@fe600000[m
[m[37m[ 13.143455 0:2 axvm::arch::aarch64::fdt::core::device:107] [32mExcluding device: /interrupt-controller@fe600000/msi-controller@fe640000[m
[m[37m[ 13.144575 0:2 axvm::arch::aarch64::fdt::core::device:107] [32mExcluding device: /interrupt-controller@fe600000/msi-controller@fe660000[m
[m[37m[ 13.391193 0:2 axvm::arch::aarch64::fdt::core::device:96] [32mFound excluded devices: ["/pcie@fe150000", "/pcie@fe160000", "/pcie@fe170000", "/pcie@fe180000", "/pcie@fe190000", "/interrupt-controller@fe600000", "/serial@fd890000", "/serial@feb40000", "/serial@feb50000", "/serial@feb60000", "/serial@feb70000", "/serial@feb80000", "/serial@feb90000", "/serial@feba0000", "/serial@febb0000", "/serial@febc0000", "/timer", "/timer@feae0000", "/interrupt-controller@fe600000/msi-controller@fe640000", "/interrupt-controller@fe600000/msi-controller@fe660000"][m
[m[37m[ 13.395717 0:2 axvm::arch::aarch64::fdt::core::device:107] [32mExcluding device: /interrupt-controller@fe600000[m
[m[37m[ 13.396658 0:2 axvm::arch::aarch64::fdt::core::device:107] [32mExcluding device: /interrupt-controller@fe600000/msi-controller@fe640000[m
[m[37m[ 13.397782 0:2 axvm::arch::aarch64::fdt::core::device:107] [32mExcluding device: /interrupt-controller@fe600000/msi-controller@fe660000[m
[m[37m[ 13.409746 0:2 axvm::arch::aarch64::fdt::core::parser:705] [32mpassthrough address discovery selected paths: {"/__symbols__", "/adc-keys", "/adc-keys/esc-key", "/adc-keys/menu-key", "/adc-keys/vol-down-key", "/adc-keys/vol-up-key", "/aliases", "/arm-pmu", "/av1d@fdc70000", "/avsd-plus@fdb51000", "/backlight", "/backlight1", "/bt-sco", "/bt-sound", "/bt-sound/simple-audio-card,codec", "/bt-sound/simple-audio-card,cpu", "/can@fea50000", "/can@fea60000", "/can@fea70000", "/chosen", "/clock-controller@fd7c0000", "/clocks", "/clocks/aclk_av1_pre@fd7c0910", "/clocks/aclk_hdcp0_pre@fd7c08dc", "/clocks/aclk_hdcp1_pre@fd7c08ec", "/clocks/aclk_isp1_pre@fd7c0868", "/clocks/aclk_jpeg_decoder_pre@fd7c08b0", "/clocks/aclk_rkvdec0_pre@fd7c08a0", "/clocks/aclk_rkvdec1_pre@fd7c08a4", "/clocks/aclk_rkvenc1_pre@fd7c08c0", "/clocks/aclk_usb@fd7c08a8", "/clocks/aclk_vdpu_low_pre@fd7c08b0", "/clocks/hclk_isp1_pre@fd7c0868", "/clocks/hclk_nvm@fd7c087c", "/clocks/hclk_rkvdec0_pre@fd7c08a0", "/clocks/hclk_rkvdec1_pre@fd7c08a4", "/clocks/hclk_rkvenc1_pre@fd7c08c0", "/clocks/hclk_sdio_pre@fd7c092c", "/clocks/hclk_usb@fd7c08a8", "/clocks/hclk_vo0@fd7c08dc", "/clocks/hclk_vo1@fd7c08ec", "/clocks/mclkin-i2s0", "/clocks/mclkin-i2s1", "/clocks/mclkin-i2s2", "/clocks/mclkin-i2s3", "/clocks/mclkout-i2s0@fd58c318", "/clocks/mclkout-i2s1@fd58a000", "/clocks/mclkout-i2s1@fd58c318", "/clocks/mclkout-i2s2@fd58c318", "/clocks/mclkout-i2s3@fd58c318", "/clocks/pclk_av1_pre@fd7c0910", "/clocks/pclk_vo0_grf@fd7c08dc", "/clocks/pclk_vo1_grf@fd7c08ec", "/clocks/spll", "/clocks/xin24m", "/clocks/xin32k", "/cluster0-opp-table", "/cluster0-opp-table/opp-1008000000", "/cluster0-opp-table/opp-1200000000", "/cluster0-opp-table/opp-1416000000", "/cluster0-opp-table/opp-1608000000", "/cluster0-opp-table/opp-1800000000", "/cluster0-opp-table/opp-408000000", "/cluster0-opp-table/opp-600000000", "/cluster0-opp-table/opp-816000000", "/cluster0-opp-table/opp-j-1296000000", "/cluster0-opp-table/opp-j-m-1008000000", "/cluster0-opp-table/opp-j-m-12[m<log truncated>
[37m[ 13.456517 0:2 axvm::arch::aarch64::fdt::core::parser:761] [32mpassthrough address discovery resolved assignments: [HostDeviceAssignment { name: "hclk_vo1@fd7c08ec", base_gpa: 4252764396, base_hpa: 4252764396, length: 16 }, HostDeviceAssignment { name: "aclk_vdpu_low_pre@fd7c08b0", base_gpa: 4252764336, base_hpa: 4252764336, length: 16 }, HostDeviceAssignment { name: "hclk_vo0@fd7c08dc", base_gpa: 4252764380, base_hpa: 4252764380, length: 16 }, HostDeviceAssignment { name: "hclk_usb@fd7c08a8", base_gpa: 4252764328, base_hpa: 4252764328, length: 16 }, HostDeviceAssignment { name: "hclk_nvm@fd7c087c", base_gpa: 4252764284, base_hpa: 4252764284, length: 16 }, HostDeviceAssignment { name: "aclk_usb@fd7c08a8", base_gpa: 4252764328, base_hpa: 4252764328, length: 16 }, HostDeviceAssignment { name: "hclk_isp1_pre@fd7c0868", base_gpa: 4252764264, base_hpa: 4252764264, length: 16 }, HostDeviceAssignment { name: "aclk_isp1_pre@fd7c0868", base_gpa: 4252764264, base_hpa: 4252764264, length: 16 }, HostDeviceAssignment { name: "aclk_rkvdec0_pre@fd7c08a0", base_gpa: 4252764320, base_hpa: 4252764320, length: 16 }, HostDeviceAssignment { name: "hclk_rkvdec0_pre@fd7c08a0", base_gpa: 4252764320, base_hpa: 4252764320, length: 16 }, HostDeviceAssignment { name: "aclk_rkvdec1_pre@fd7c08a4", base_gpa: 4252764324, base_hpa: 4252764324, length: 16 }, HostDeviceAssignment { name: "hclk_rkvdec1_pre@fd7c08a4", base_gpa: 4252764324, base_hpa: 4252764324, length: 16 }, HostDeviceAssignment { name: "aclk_jpeg_decoder_pre@fd7c08b0", base_gpa: 4252764336, base_hpa: 4252764336, length: 16 }, HostDeviceAssignment { name: "aclk_rkvenc1_pre@fd7c08c0", base_gpa: 4252764352, base_hpa: 4252764352, length: 16 }, HostDeviceAssignment { name: "hclk_rkvenc1_pre@fd7c08c0", base_gpa: 4252764352, base_hpa: 4252764352, length: 16 }, HostDeviceAssignment { name: "aclk_hdcp0_pre@fd7c08dc", base_gpa: 4252764380, base_hpa: 4252764380, length: 16 }, HostDeviceAssignment { name: "aclk_hdcp1_pre@fd7c08ec", base_gpa: 4252764396, base_hpa: 4252[m<log truncated>
[37m[ 13.508152 0:2 axvisor::config:266] [32mCreating VM[1] "atk-task123-starry"[m
[m[37m[ 13.628882 0:2 axvm::vm:1133] [32mVM created: id=1[m
[m[37m[ 13.629709 0:2 axvisor::config:278] [32mVM[1] created success, loading images...[m
[m[37m[ 13.668780 0:2 axvm::boot::images:137] [32mLoading ramdisk image from memory (32055708 bytes) into GPA @0x7c000000[m
[m[37m[ 14.209848 0:2 axdevice::device:1232] [32mDeviceRuntime: registered device id=0[m
[m[37m[ 14.210748 0:2 axdevice::device:1232] [32mDeviceRuntime: registered device id=1[m
[m[37m[ 14.211446 0:2 axdevice::device:1232] [32mDeviceRuntime: registered device id=2[m
[m[37m[ 14.212151 0:2 axdevice::device:1232] [32mDeviceRuntime: registered device id=3[m
[m[37m[ 14.212858 0:2 axdevice::device:1232] [32mDeviceRuntime: registered device id=4[m
[m[37m[ 14.213643 0:2 axdevice::device:1232] [32mDeviceRuntime: registered device id=5[m
[m[37m[ 14.214438 0:2 axdevice::device:1232] [32mDeviceRuntime: registered device id=6[m
[m[37m[ 14.215427 0:2 axvm::vm::prepare::address_space:87] [32mVM[1] stage2 passthrough: GPA 0x0..0x110000 -> HPA 0x0..0x110000[m
[m[37m[ 14.216529 0:2 axvm::vm::prepare::address_space:87] [32mVM[1] stage2 passthrough: GPA 0x200000..0xa000000 -> HPA 0x200000..0xa000000[m
[m[37m[ 14.217646 0:2 axvm::vm::prepare::address_space:87] [32mVM[1] stage2 passthrough: GPA 0xa001000..0x10000000 -> HPA 0xa001000..0x10000000[m
[m[37m[ 14.218954 0:2 axvm::vm::prepare::address_space:87] [32mVM[1] stage2 passthrough: GPA 0x18000000..0x40000000 -> HPA 0x18000000..0x40000000[m
[m[37m[ 14.220169 0:2 axvm::vm::prepare::address_space:87] [32mVM[1] stage2 passthrough: GPA 0x80000000..0xedf00000 -> HPA 0x80000000..0xedf00000[m
[m[37m[ 14.221597 0:2 axvm::vm::prepare::address_space:87] [32mVM[1] stage2 passthrough: GPA 0xee006000..0xf0000000 -> HPA 0xee006000..0xf0000000[m
[m[37m[ 14.222905 0:2 axvm::vm::prepare::address_space:87] [32mVM[1] stage2 passthrough: GPA 0xf5000000..0xfd7c0000 -> HPA 0xf5000000..0xfd7c0000[m
[m[37m[ 14.224210 0:2 axvm::vm::prepare::address_space:87] [32mVM[1] stage2 passthrough: GPA 0xfd81c000..0xfd890000 -> HPA 0xfd81c000..0xfd890000[m
[m[37m[ 14.225399 0:2 axvm::vm::prepare::address_space:87] [32mVM[1] stage2 passthrough: GPA 0xfd891000..0xfe150000 -> HPA 0xfd891000..0xfe150000[m
[m[37m[ 14.226774 0:2 axvm::vm::prepare::address_space:87] [32mVM[1] stage2 passthrough: GPA 0xfe1a0000..0xfe600000 -> HPA 0xfe1a0000..0xfe600000[m
[m[37m[ 14.227948 0:2 axvm::vm::prepare::address_space:87] [32mVM[1] stage2 passthrough: GPA 0xfe610000..0xfe640000 -> HPA 0xfe610000..0xfe640000[m
[m[37m[ 14.229110 0:2 axvm::vm::prepare::address_space:87] [32mVM[1] stage2 passthrough: GPA 0xfe780000..0xfeae0000 -> HPA 0xfe780000..0xfeae0000[m
[m[37m[ 14.230370 0:2 axvm::vm::prepare::address_space:87] [32mVM[1] stage2 passthrough: GPA 0xfeae1000..0xfeb40000 -> HPA 0xfeae1000..0xfeb40000[m
[m[37m[ 14.231543 0:2 axvm::vm::prepare::address_space:87] [32mVM[1] stage2 passthrough: GPA 0xfeb41000..0xfeb50000 -> HPA 0xfeb41000..0xfeb50000[m
[m[37m[ 14.232693 0:2 axvm::vm::prepare::address_space:87] [32mVM[1] stage2 passthrough: GPA 0xfeb51000..0xfeb60000 -> HPA 0xfeb51000..0xfeb60000[m
[m[37m[ 14.233845 0:2 axvm::vm::prepare::address_space:87] [32mVM[1] stage2 passthrough: GPA 0xfeb61000..0xfeb70000 -> HPA 0xfeb61000..0xfeb70000[m
[m[37m[ 14.234995 0:2 axvm::vm::prepare::address_space:87] [32mVM[1] stage2 passthrough: GPA 0xfeb71000..0xfeb80000 -> HPA 0xfeb71000..0xfeb80000[m
[m[37m[ 14.236145 0:2 axvm::vm::prepare::address_space:87] [32mVM[1] stage2 passthrough: GPA 0xfeb81000..0xfeb90000 -> HPA 0xfeb81000..0xfeb90000[m
[m[37m[ 14.237294 0:2 axvm::vm::prepare::address_space:87] [32mVM[1] stage2 passthrough: GPA 0xfeb91000..0xfeba0000 -> HPA 0xfeb91000..0xfeba0000[m
[m[37m[ 14.238444 0:2 axvm::vm::prepare::address_space:87] [32mVM[1] stage2 passthrough: GPA 0xfeba1000..0xfebb0000 -> HPA 0xfeba1000..0xfebb0000[m
[m[37m[ 14.239594 0:2 axvm::vm::prepare::address_space:87] [32mVM[1] stage2 passthrough: GPA 0xfebb1000..0xfebc0000 -> HPA 0xfebb1000..0xfebc0000[m
[m[37m[ 14.240743 0:2 axvm::vm::prepare::address_space:87] [32mVM[1] stage2 passthrough: GPA 0xfebc1000..0x900000000 -> HPA 0xfebc1000..0x900000000[m
[m[37m[ 14.245740 0:2 axvm::vm::prepare::address_space:87] [32mVM[1] stage2 passthrough: GPA 0xa41400000..0x8000000000 -> HPA 0xa41400000..0x8000000000[m
[m[37m[ 14.303084 0:2 axvm::vm::prepare:82] [32mVM setup: id=1[m
[m[37m[ 14.388877 0:2 axvm::arch::aarch64::fdt::core:68] [32mVM[2] keeps its explicitly configured virtual UART profile: GuestSerialProfile { model: Pl011, transport: Mmio { base: 150994944, length: 4096, register_shift: 0, register_width: Dword }, irq: 33, clock_hz: 24000000 }[m
[m[37m[ 14.393349 0:2 axvm::arch::aarch64::fdt::core:89] [32mVM[2] virtual GIC follows host firmware resources: GuestGicProfile { compatible: "arm,gic-v3", node_path: "/interrupt-controller@fe600000", node_phandle: Some(1), distributor: GuestMmioRegion { base: 4267704320, length: 65536 }, cpu_region: Redistributors(GuestGicRedistributorProfile { regions: [GuestMmioRegion { base: 4268228608, length: 1048576 }], stride: 131072 }), its: [GuestItsProfile { id: ItsId(0), node_path: "/interrupt-controller@fe600000/msi-controller@fe640000", node_phandle: Some(275), registers: GuestMmioRegion { base: 4267966464, length: 131072 } }, GuestItsProfile { id: ItsId(1), node_path: "/interrupt-controller@fe600000/msi-controller@fe660000", node_phandle: Some(457), registers: GuestMmioRegion { base: 4268097536, length: 131072 } }] }[m
[m[37m[ 14.399928 0:2 axvm::arch::aarch64::fdt::core:103] [32mVM[2] architectural timer follows host firmware PPIs[m
[m[37m[ 14.522732 0:2 axvm::arch::aarch64::fdt::core::parser:548] [32mCPU node: /cpus/cpu@0, node_id: 0x0, hardware_cpu_id: 0x0[m
[m[37m[ 14.523780 0:2 axvm::arch::aarch64::fdt::core::parser:548] [32mCPU node: /cpus/cpu@100, node_id: 0x100, hardware_cpu_id: 0x100[m
[m[37m[ 14.524851 0:2 axvm::arch::aarch64::fdt::core::parser:548] [32mCPU node: /cpus/cpu@200, node_id: 0x200, hardware_cpu_id: 0x200[m
[m[37m[ 14.525921 0:2 axvm::arch::aarch64::fdt::core::parser:548] [32mCPU node: /cpus/cpu@300, node_id: 0x300, hardware_cpu_id: 0x300[m
[m[37m[ 14.526991 0:2 axvm::arch::aarch64::fdt::core::parser:548] [32mCPU node: /cpus/cpu@400, node_id: 0x400, hardware_cpu_id: 0x400[m
[m[37m[ 14.528064 0:2 axvm::arch::aarch64::fdt::core::parser:548] [32mCPU node: /cpus/cpu@500, node_id: 0x500, hardware_cpu_id: 0x500[m
[m[37m[ 14.529134 0:2 axvm::arch::aarch64::fdt::core::parser:548] [32mCPU node: /cpus/cpu@600, node_id: 0x600, hardware_cpu_id: 0x600[m
[m[37m[ 14.530203 0:2 axvm::arch::aarch64::fdt::core::parser:548] [32mCPU node: /cpus/cpu@700, node_id: 0x700, hardware_cpu_id: 0x700[m
[m[37m[ 14.546790 0:2 axvm::arch::aarch64::fdt::core::parser:555] [32mFound 8 host CPU nodes[m
[m[37m[ 14.547543 0:2 axvm::arch::aarch64::fdt::core:154] [32mVM[2] DTB not found, generating from the VM configuration[m
[m[37m[ 14.862717 0:2 axvm::arch::aarch64::fdt::core::device:96] [32mFound excluded devices: ["/interrupt-controller@fe600000", "/serial@fd890000", "/serial@feb40000", "/serial@feb50000", "/serial@feb60000", "/serial@feb70000", "/serial@feb80000", "/serial@feb90000", "/serial@feba0000", "/serial@febb0000", "/serial@febc0000", "/timer", "/timer@feae0000", "/interrupt-controller@fe600000/msi-controller@fe640000", "/interrupt-controller@fe600000/msi-controller@fe660000"][m
[m[37m[ 14.872055 0:2 axvm::arch::aarch64::fdt::core::parser:57] [32mVM[2] generated-FDT passthrough paths: [][m
[m[37m[ 14.879347 0:2 axvm::arch::aarch64::fdt::core::parser:85] [32mVM[2] host-FDT PCI node path=/pcie@fe180000 name=pcie@fe180000 compatible=["rockchip,rk3588-pcie", "snps,dw-pcie"] reg=[(4262985728, Some(65536)), (44035997696, Some(4194304))] properties=[("compatible", 34), ("reg", 32), ("ranges", 112), ("interrupt-map", 96), ("interrupt-map-mask", 16), ("msi-map", 16), ("bus-range", 8)][m
[m[37m[ 14.882381 0:2 axvm::arch::aarch64::fdt::core::parser:85] [32mVM[2] host-FDT PCI node path=/pcie@fe180000/legacy-interrupt-controller name=legacy-interrupt-controller compatible=[] reg=[] properties=[][m
[m[37m[ 14.884042 0:2 axvm::arch::aarch64::fdt::core::parser:85] [32mVM[2] host-FDT PCI node path=/pcie@fe190000 name=pcie@fe190000 compatible=["rockchip,rk3588-pcie", "snps,dw-pcie"] reg=[(4263051264, Some(65536)), (44040192000, Some(4194304))] properties=[("compatible", 34), ("reg", 32), ("ranges", 112), ("interrupt-map", 96), ("interrupt-map-mask", 16), ("msi-map", 16), ("bus-range", 8)][m
[m[37m[ 14.887070 0:2 axvm::arch::aarch64::fdt::core::parser:85] [32mVM[2] host-FDT PCI node path=/pcie@fe190000/legacy-interrupt-controller name=legacy-interrupt-controller compatible=[] reg=[] properties=[][m
[m[37m[ 14.894258 0:2 axvm::arch::aarch64::fdt::core::parser:85] [32mVM[2] host-FDT PCI node path=/pinctrl/pcie20x1 name=pcie20x1 compatible=[] reg=[] properties=[][m
[m[37m[ 14.895557 0:2 axvm::arch::aarch64::fdt::core::parser:85] [32mVM[2] host-FDT PCI node path=/pinctrl/pcie20x1/pcie20x1m0-pins name=pcie20x1m0-pins compatible=[] reg=[] properties=[][m
[m[37m[ 14.897026 0:2 axvm::arch::aarch64::fdt::core::parser:85] [32mVM[2] host-FDT PCI node path=/pinctrl/pcie20x1/pcie20x1m1-pins name=pcie20x1m1-pins compatible=[] reg=[] properties=[][m
[m[37m[ 14.898495 0:2 axvm::arch::aarch64::fdt::core::parser:85] [32mVM[2] host-FDT PCI node path=/pinctrl/pcie20x1/pcie20x1-2-button-rstn name=pcie20x1-2-button-rstn compatible=[] reg=[] properties=[][m
[m[37m[ 14.900069 0:2 axvm::arch::aarch64::fdt::core::parser:85] [32mVM[2] host-FDT PCI node path=/pinctrl/pcie30phy name=pcie30phy compatible=[] reg=[] properties=[][m
[m[37m[ 14.901381 0:2 axvm::arch::aarch64::fdt::core::parser:85] [32mVM[2] host-FDT PCI node path=/pinctrl/pcie30phy/pcie30phy-pins name=pcie30phy-pins compatible=[] reg=[] properties=[][m
[m[37m[ 14.902842 0:2 axvm::arch::aarch64::fdt::core::parser:85] [32mVM[2] host-FDT PCI node path=/pinctrl/pcie30x1 name=pcie30x1 compatible=[] reg=[] properties=[][m
[m[37m[ 14.904152 0:2 axvm::arch::aarch64::fdt::core::parser:85] [32mVM[2] host-FDT PCI node path=/pinctrl/pcie30x1/pcie30x1m0-pins name=pcie30x1m0-pins compatible=[] reg=[] properties=[][m
[m[37m[ 14.905623 0:2 axvm::arch::aarch64::fdt::core::parser:85] [32mVM[2] host-FDT PCI node path=/pinctrl/pcie30x1/pcie30x1m1-pins name=pcie30x1m1-pins compatible=[] reg=[] properties=[][m
[m[37m[ 14.907092 0:2 axvm::arch::aarch64::fdt::core::parser:85] [32mVM[2] host-FDT PCI node path=/pinctrl/pcie30x1/pcie30x1m2-pins name=pcie30x1m2-pins compatible=[] reg=[] properties=[][m
[m[37m[ 14.908561 0:2 axvm::arch::aarch64::fdt::core::parser:85] [32mVM[2] host-FDT PCI node path=/pinctrl/pcie30x1/pcie30x1-0-button-rstn name=pcie30x1-0-button-rstn compatible=[] reg=[] properties=[][m
[m[37m[ 14.910136 0:2 axvm::arch::aarch64::fdt::core::parser:85] [32mVM[2] host-FDT PCI node path=/pinctrl/pcie30x1/pcie30x1-1-button-rstn name=pcie30x1-1-button-rstn compatible=[] reg=[] properties=[][m
[m[37m[ 14.911709 0:2 axvm::arch::aarch64::fdt::core::parser:85] [32mVM[2] host-FDT PCI node path=/pinctrl/pcie30x2 name=pcie30x2 compatible=[] reg=[] properties=[][m
[m[37m[ 14.913033 0:2 axvm::arch::aarch64::fdt::core::parser:85] [32mVM[2] host-FDT PCI node path=/pinctrl/pcie30x2/pcie30x2m0-pins name=pcie30x2m0-pins compatible=[] reg=[] properties=[][m
[m[37m[ 14.914502 0:2 axvm::arch::aarch64::fdt::core::parser:85] [32mVM[2] host-FDT PCI node path=/pinctrl/pcie30x2/pcie30x2m1-pins name=pcie30x2m1-pins compatible=[] reg=[] properties=[][m
[m[37m[ 14.915971 0:2 axvm::arch::aarch64::fdt::core::parser:85] [32mVM[2] host-FDT PCI node path=/pinctrl/pcie30x2/pcie30x2m2-pins name=pcie30x2m2-pins compatible=[] reg=[] properties=[][m
[m[37m[ 14.917440 0:2 axvm::arch::aarch64::fdt::core::parser:85] [32mVM[2] host-FDT PCI node path=/pinctrl/pcie30x2/pcie30x2m3-pins name=pcie30x2m3-pins compatible=[] reg=[] properties=[][m
[m[37m[ 14.918909 0:2 axvm::arch::aarch64::fdt::core::parser:85] [32mVM[2] host-FDT PCI node path=/pinctrl/pcie30x2/pcie30x2-button-rstn name=pcie30x2-button-rstn compatible=[] reg=[] properties=[][m
[m[37m[ 14.920453 0:2 axvm::arch::aarch64::fdt::core::parser:85] [32mVM[2] host-FDT PCI node path=/pinctrl/pcie30x4 name=pcie30x4 compatible=[] reg=[] properties=[][m
[m[37m[ 14.921749 0:2 axvm::arch::aarch64::fdt::core::parser:85] [32mVM[2] host-FDT PCI node path=/pinctrl/pcie30x4/pcie30x4m0-pins name=pcie30x4m0-pins compatible=[] reg=[] properties=[][m
[m[37m[ 14.923232 0:2 axvm::arch::aarch64::fdt::core::parser:85] [32mVM[2] host-FDT PCI node path=/pinctrl/pcie30x4/pcie30x4m1-pins name=pcie30x4m1-pins compatible=[] reg=[] properties=[][m
[m[37m[ 14.924702 0:2 axvm::arch::aarch64::fdt::core::parser:85] [32mVM[2] host-FDT PCI node path=/pinctrl/pcie30x4/pcie30x4m2-pins name=pcie30x4m2-pins compatible=[] reg=[] properties=[][m
[m[37m[ 14.926172 0:2 axvm::arch::aarch64::fdt::core::parser:85] [32mVM[2] host-FDT PCI node path=/pinctrl/pcie30x4/pcie30x4m3-pins name=pcie30x4m3-pins compatible=[] reg=[] properties=[][m
[m[37m[ 14.927639 0:2 axvm::arch::aarch64::fdt::core::parser:85] [32mVM[2] host-FDT PCI node path=/pinctrl/pcie30x4/pcie30x4-button-rstn name=pcie30x4-button-rstn compatible=[] reg=[] properties=[][m
[m[37m[ 14.932646 0:2 axvm::arch::aarch64::fdt::core::parser:85] [32mVM[2] host-FDT PCI node path=/pinctrl/wireless-wlan/pcie-wifi-gpio name=pcie-wifi-gpio compatible=[] reg=[] properties=[][m
[m[37m[ 14.934176 0:2 axvm::arch::aarch64::fdt::core::parser:85] [32mVM[2] host-FDT PCI node path=/pinctrl/pcie name=pcie compatible=[] reg=[] properties=[][m
[m[37m[ 14.935414 0:2 axvm::arch::aarch64::fdt::core::parser:85] [32mVM[2] host-FDT PCI node path=/pinctrl/pcie/pcie30x4-clkreqn-m1 name=pcie30x4-clkreqn-m1 compatible=[] reg=[] properties=[][m
[m[37m[ 14.937685 0:2 axvm::arch::aarch64::fdt::core::parser:85] [32mVM[2] host-FDT PCI node path=/pcie@fe150000 name=pcie@fe150000 compatible=["rockchip,rk3588-pcie", "snps,dw-pcie"] reg=[(4262789120, Some(65536)), (44023414784, Some(4194304))] properties=[("compatible", 34), ("reg", 32), ("ranges", 112), ("interrupt-map", 96), ("interrupt-map-mask", 16), ("msi-map", 16), ("bus-range", 8)][m
[m[37m[ 14.940716 0:2 axvm::arch::aarch64::fdt::core::parser:85] [32mVM[2] host-FDT PCI node path=/pcie@fe150000/legacy-interrupt-controller name=legacy-interrupt-controller compatible=[] reg=[] properties=[][m
[m[37m[ 14.942361 0:2 axvm::arch::aarch64::fdt::core::parser:85] [32mVM[2] host-FDT PCI node path=/pcie@fe160000 name=pcie@fe160000 compatible=["rockchip,rk3588-pcie", "snps,dw-pcie"] reg=[(4262854656, Some(65536)), (44027609088, Some(4194304))] properties=[("compatible", 34), ("reg", 32), ("ranges", 112), ("interrupt-map", 96), ("interrupt-map-mask", 16), ("msi-map", 16), ("bus-range", 8)][m
[m[37m[ 14.945404 0:2 axvm::arch::aarch64::fdt::core::parser:85] [32mVM[2] host-FDT PCI node path=/pcie@fe160000/legacy-interrupt-controller name=legacy-interrupt-controller compatible=[] reg=[] properties=[][m
[m[37m[ 14.947051 0:2 axvm::arch::aarch64::fdt::core::parser:85] [32mVM[2] host-FDT PCI node path=/pcie@fe170000 name=pcie@fe170000 compatible=["rockchip,rk3588-pcie", "snps,dw-pcie"] reg=[(4262920192, Some(65536)), (44031803392, Some(4194304))] properties=[("compatible", 34), ("reg", 32), ("ranges", 112), ("interrupt-map", 96), ("interrupt-map-mask", 16), ("msi-map", 16), ("bus-range", 8)][m
[m[37m[ 14.950079 0:2 axvm::arch::aarch64::fdt::core::parser:85] [32mVM[2] host-FDT PCI node path=/pcie@fe170000/legacy-interrupt-controller name=legacy-interrupt-controller compatible=[] reg=[] properties=[][m
[m[37m[ 14.952446 0:2 axvm::arch::aarch64::fdt::core::parser:85] [32mVM[2] host-FDT PCI node path=/pcie20-avdd0v85 name=pcie20-avdd0v85 compatible=["regulator-fixed"] reg=[] properties=[("compatible", 16)][m
[m[37m[ 14.954073 0:2 axvm::arch::aarch64::fdt::core::parser:85] [32mVM[2] host-FDT PCI node path=/pcie20-avdd1v8 name=pcie20-avdd1v8 compatible=["regulator-fixed"] reg=[] properties=[("compatible", 16)][m
[m[37m[ 14.955671 0:2 axvm::arch::aarch64::fdt::core::parser:85] [32mVM[2] host-FDT PCI node path=/pcie30-avdd0v75 name=pcie30-avdd0v75 compatible=["regulator-fixed"] reg=[] properties=[("compatible", 16)][m
[m[37m[ 14.957283 0:2 axvm::arch::aarch64::fdt::core::parser:85] [32mVM[2] host-FDT PCI node path=/pcie30-avdd1v8 name=pcie30-avdd1v8 compatible=["regulator-fixed"] reg=[] properties=[("compatible", 16)][m
[m[37m[ 14.958900 0:2 axvm::arch::aarch64::fdt::core::parser:85] [32mVM[2] host-FDT PCI node path=/vcc3v3-pcie30 name=vcc3v3-pcie30 compatible=["regulator-fixed"] reg=[] properties=[("compatible", 16)][m
[m[37m[ 14.981624 0:2 axvm::arch::aarch64::fdt::core::parser:98] [32mVM[2] generated guest-FDT bytes=1500[m
[m[37m[ 14.982996 0:2 axvm::arch::aarch64::fdt::core::parser:109] [32mVM[2] generated guest-FDT PCI paths: [][m
[m[37m[ 15.057973 0:2 axvm::arch::aarch64::fdt::core::device:96] [32mFound excluded devices: ["/interrupt-controller@fe600000", "/serial@fd890000", "/serial@feb40000", "/serial@feb50000", "/serial@feb60000", "/serial@feb70000", "/serial@feb80000", "/serial@feb90000", "/serial@feba0000", "/serial@febb0000", "/serial@febc0000", "/timer", "/timer@feae0000", "/interrupt-controller@fe600000/msi-controller@fe640000", "/interrupt-controller@fe600000/msi-controller@fe660000"][m
[m[37m[ 15.061987 0:2 axvisor::config:266] [32mCreating VM[2] "atk-task123-rtthread"[m
[m[37m[ 15.063494 0:2 axvm::vm:1133] [32mVM created: id=2[m
[m[37m[ 15.521687 0:2 axvisor::config:278] [32mVM[2] created success, loading images...[m
[m[37m[ 15.530366 0:2 axdevice::device:1232] [32mDeviceRuntime: registered device id=0[m
[m[37m[ 15.531068 0:2 axdevice::device:1232] [32mDeviceRuntime: registered device id=1[m
[m[37m[ 15.531772 0:2 axdevice::device:1232] [32mDeviceRuntime: registered device id=2[m
[m[37m[ 15.532476 0:2 axdevice::device:1232] [32mDeviceRuntime: registered device id=3[m
[m[37m[ 15.533259 0:2 axdevice::device:1232] [32mDeviceRuntime: registered device id=4[m
[m[37m[ 15.534043 0:2 axdevice::device:1232] [32mDeviceRuntime: registered device id=5[m
[m[37m[ 15.534836 0:2 axvm::vm::prepare:82] [32mVM setup: id=2[m
[m[37m[ 15.535423 0:2 axvm::runtime:73] [32mInitializing VMM...[m
[m[37m[ 15.535955 0:2 rsext4::ext4::sync:13] [32mSyncing filesystem...[m
[m[37m[ 15.543937 0:2 rsext4::ext4::sync:43] [32mFilesystem unmounted cleanly[m
[m[37m[ 15.544870 0:2 axvm::host::arceos:199] [32mReleased 1 host filesystem block IRQ registration(s) during shutdown[m
[m[37m[ 15.545809 0:2 axvisor::manager:119] [32mHost filesystem cleanly unmounted before guest passthrough devices start[m
[m[37m[ 15.546792 0:2 axvm::runtime:84] [32mVMM starting, booting VMs...[m
[m[37m[ 15.547386 0:2 axvm::vm:1365] [32mStarting VM[1][m
[m[37m[ 15.547859 0:2 axvm::runtime::vcpus:1058] [32mSpawning task for VM[1] VCpu[0][m
[m[37m[ 15.548566 0:2 axvm::runtime::vcpus:1077] [32mVCpu task Task(35, "VM[1]-VCpu[0]") created priority=89 cpumask: [1, ][m
[m[37m[ 15.552340 0:2 axvm::arch::aarch64::gic::physical:61] [32mregistered assigned AArch64 SPI route host_intid=105 guest_intid=105[m
[m[37m[ 15.553393 0:2 axvm::arch::aarch64::gic::physical:61] [32mregistered assigned AArch64 SPI route host_intid=126 guest_intid=126[m
[m[37m[ 15.554449 0:2 axvm::arch::aarch64::gic::physical:61] [32mregistered assigned AArch64 SPI route host_intid=125 guest_intid=125[m
[m[37m[ 15.555507 0:2 axvm::arch::aarch64::gic::physical:61] [32mregistered assigned AArch64 SPI route host_intid=124 guest_intid=124[m
[m[37m[ 15.556564 0:2 axvm::arch::aarch64::gic::physical:61] [32mregistered assigned AArch64 SPI route host_intid=252 guest_intid=252[m
[m[37m[ 15.557624 0:2 axvm::arch::aarch64::gic::physical:61] [32mregistered assigned AArch64 SPI route host_intid=247 guest_intid=247[m
[m[37m[ 15.558679 0:2 axvm::arch::aarch64::gic::physical:61] [32mregistered assigned AArch64 SPI route host_intid=248 guest_intid=248[m
[m[37m[ 15.559736 0:2 axvm::arch::aarch64::gic::physical:61] [32mregistered assigned AArch64 SPI route host_intid=250 guest_intid=250[m
[m[37m[ 15.560794 0:2 axvm::arch::aarch64::gic::physical:61] [32mregistered assigned AArch64 SPI route host_intid=251 guest_intid=251[m
[m[37m[ 15.561854 0:2 axvm::arch::aarch64::gic::physical:61] [32mregistered assigned AArch64 SPI route host_intid=401 guest_intid=401[m
[m[37m[ 15.562909 0:2 axvm::arch::aarch64::gic::physical:61] [32mregistered assigned AArch64 SPI route host_intid=403 guest_intid=403[m
[m[37m[ 15.563967 0:2 axvm::arch::aarch64::gic::physical:61] [32mregistered assigned AArch64 SPI route host_intid=406 guest_intid=406[m
[m[37m[ 15.565024 0:2 axvm::arch::aarch64::gic::physical:61] [32mregistered assigned AArch64 SPI route host_intid=399 guest_intid=399[m
[m[37m[ 15.566082 0:2 axvm::arch::aarch64::gic::physical:61] [32mregistered assigned AArch64 SPI route host_intid=413 guest_intid=413[m
[m[37m[ 15.567139 0:2 axvm::arch::aarch64::gic::physical:61] [32mregistered assigned AArch64 SPI route host_intid=415 guest_intid=415[m
[m[37m[ 15.568197 0:2 axvm::arch::aarch64::gic::physical:61] [32mregistered assigned AArch64 SPI route host_intid=418 guest_intid=418[m
[m[37m[ 15.569254 0:2 axvm::arch::aarch64::gic::physical:61] [32mregistered assigned AArch64 SPI route host_intid=411 guest_intid=411[m
[m[37m[ 15.570314 0:2 axvm::arch::aarch64::gic::physical:61] [32mregistered assigned AArch64 SPI route host_intid=254 guest_intid=254[m
[m[37m[ 15.571369 0:2 axvm::arch::aarch64::gic::physical:61] [32mregistered assigned AArch64 SPI route host_intid=425 guest_intid=425[m
[m[37m[ 15.572427 0:2 axvm::arch::aarch64::gic::physical:61] [32mregistered assigned AArch64 SPI route host_intid=423 guest_intid=423[m
[m[37m[ 15.573484 0:2 axvm::arch::aarch64::gic::physical:61] [32mregistered assigned AArch64 SPI route host_intid=424 guest_intid=424[m
[m[37m[ 15.574542 0:2 axvm::arch::aarch64::gic::physical:61] [32mregistered assigned AArch64 SPI route host_intid=349 guest_intid=349[m
[m[37m[ 15.575599 0:2 axvm::arch::aarch64::gic::physical:61] [32mregistered assigned AArch64 SPI route host_intid=376 guest_intid=376[m
[m[37m[ 15.576657 0:2 axvm::arch::aarch64::gic::physical:61] [32mregistered assigned AArch64 SPI route host_intid=377 guest_intid=377[m
[m[37m[ 15.577714 0:2 axvm::arch::aarch64::gic::physical:61] [32mregistered assigned AArch64 SPI route host_intid=142 guest_intid=142[m
[m[37m[ 15.578771 0:2 axvm::arch::aarch64::gic::physical:61] [32mregistered assigned AArch64 SPI route host_intid=143 guest_intid=143[m
[m[37m[ 15.579829 0:2 axvm::arch::aarch64::gic::physical:61] [32mregistered assigned AArch64 SPI route host_intid=144 guest_intid=144[m
[m[37m[ 15.580887 0:2 axvm::arch::aarch64::gic::physical:61] [32mregistered assigned AArch64 SPI route host_intid=152 guest_intid=152[m
[m[37m[ 15.581944 0:2 axvm::arch::aarch64::gic::physical:61] [32mregistered assigned AArch64 SPI route host_intid=151 guest_intid=151[m
[m[37m[ 15.583001 0:2 axvm::arch::aarch64::gic::physical:61] [32mregistered assigned AArch64 SPI route host_intid=150 guest_intid=150[m
[m[37m[ 15.584059 0:2 axvm::arch::aarch64::gic::physical:61] [32mregistered assigned AArch64 SPI route host_intid=146 guest_intid=146[m
[m[37m[ 15.585117 0:2 axvm::arch::aarch64::gic::physical:61] [32mregistered assigned AArch64 SPI route host_intid=147 guest_intid=147[m
[m[37m[ 15.586174 0:2 axvm::arch::aarch64::gic::physical:61] [32mregistered assigned AArch64 SPI route host_intid=148 guest_intid=148[m
[m[37m[ 15.587235 0:2 axvm::arch::aarch64::gic::physical:61] [32mregistered assigned AArch64 SPI route host_intid=161 guest_intid=161[m
[m[37m[ 15.588289 0:2 axvm::arch::aarch64::gic::physical:61] [32mregistered assigned AArch64 SPI route host_intid=162 guest_intid=162[m
[m[37m[ 15.589346 0:2 axvm::arch::aarch64::gic::physical:61] [32mregistered assigned AArch64 SPI route host_intid=154 guest_intid=154[m
[m[37m[ 15.590404 0:2 axvm::arch::aarch64::gic::physical:61] [32mregistered assigned AArch64 SPI route host_intid=153 guest_intid=153[m
[m[37m[ 15.591462 0:2 axvm::arch::aarch64::gic::physical:61] [32mregistered assigned AArch64 SPI route host_intid=156 guest_intid=156[m
[m[37m[ 15.592519 0:2 axvm::arch::aarch64::gic::physical:61] [32mregistered assigned AArch64 SPI route host_intid=155 guest_intid=155[m
[m[37m[ 15.593576 0:2 axvm::arch::aarch64::gic::physical:61] [32mregistered assigned AArch64 SPI route host_intid=158 guest_intid=158[m
[m[37m[ 15.594634 0:2 axvm::arch::aarch64::gic::physical:61] [32mregistered assigned AArch64 SPI route host_intid=157 guest_intid=157[m
[m[37m[ 15.595692 0:2 axvm::arch::aarch64::gic::physical:61] [32mregistered assigned AArch64 SPI route host_intid=160 guest_intid=160[m
[m[37m[ 15.596749 0:2 axvm::arch::aarch64::gic::physical:61] [32mregistered assigned AArch64 SPI route host_intid=159 guest_intid=159[m
[m[37m[ 15.597806 0:2 axvm::arch::aarch64::gic::physical:61] [32mregistered assigned AArch64 SPI route host_intid=149 guest_intid=149[m
[m[37m[ 15.598864 0:2 axvm::arch::aarch64::gic::physical:61] [32mregistered assigned AArch64 SPI route host_intid=133 guest_intid=133[m
[m[37m[ 15.599922 0:2 axvm::arch::aarch64::gic::physical:61] [32mregistered assigned AArch64 SPI route host_intid=131 guest_intid=131[m
[m[37m[ 15.600979 0:2 axvm::arch::aarch64::gic::physical:61] [32mregistered assigned AArch64 SPI route host_intid=132 guest_intid=132[m
[m[37m[ 15.602037 0:2 axvm::arch::aarch64::gic::physical:61] [32mregistered assigned AArch64 SPI route host_intid=136 guest_intid=136[m
[m[37m[ 15.603094 0:2 axvm::arch::aarch64::gic::physical:61] [32mregistered assigned AArch64 SPI route host_intid=134 guest_intid=134[m
[m[37m[ 15.604151 0:2 axvm::arch::aarch64::gic::physical:61] [32mregistered assigned AArch64 SPI route host_intid=135 guest_intid=135[m
[m[37m[ 15.605209 0:2 axvm::arch::aarch64::gic::physical:61] [32mregistered assigned AArch64 SPI route host_intid=127 guest_intid=127[m
[m[37m[ 15.606267 0:2 axvm::arch::aarch64::gic::physical:61] [32mregistered assigned AArch64 SPI route host_intid=128 guest_intid=128[m
[m[37m[ 15.607324 0:2 axvm::arch::aarch64::gic::physical:61] [32mregistered assigned AArch64 SPI route host_intid=129 guest_intid=129[m
[m[37m[ 15.608382 0:2 axvm::arch::aarch64::gic::physical:61] [32mregistered assigned AArch64 SPI route host_intid=130 guest_intid=130[m
[m[37m[ 15.609439 0:2 axvm::arch::aarch64::gic::physical:61] [32mregistered assigned AArch64 SPI route host_intid=140 guest_intid=140[m
[m[37m[ 15.610497 0:2 axvm::arch::aarch64::gic::physical:61] [32mregistered assigned AArch64 SPI route host_intid=139 guest_intid=139[m
[m[37m[ 15.611554 0:2 axvm::arch::aarch64::gic::physical:61] [32mregistered assigned AArch64 SPI route host_intid=138 guest_intid=138[m
[m[37m[ 15.612612 0:2 axvm::arch::aarch64::gic::physical:61] [32mregistered assigned AArch64 SPI route host_intid=141 guest_intid=141[m
[m[37m[ 15.613669 0:2 axvm::arch::aarch64::gic::physical:61] [32mregistered assigned AArch64 SPI route host_intid=167 guest_intid=167[m
[m[37m[ 15.614727 0:2 axvm::arch::aarch64::gic::physical:61] [32mregistered assigned AArch64 SPI route host_intid=169 guest_intid=169[m
[m[37m[ 15.615784 0:2 axvm::arch::aarch64::gic::physical:61] [32mregistered assigned AArch64 SPI route host_intid=170 guest_intid=170[m
[m[37m[ 15.616842 0:2 axvm::arch::aarch64::gic::physical:61] [32mregistered assigned AArch64 SPI route host_intid=163 guest_intid=163[m
[m[37m[ 15.617899 0:2 axvm::arch::aarch64::gic::physical:61] [32mregistered assigned AArch64 SPI route host_intid=165 guest_intid=165[m
[m[37m[ 15.618956 0:2 axvm::arch::aarch64::gic::physical:61] [32mregistered assigned AArch64 SPI route host_intid=166 guest_intid=166[m
[m[37m[ 15.620014 0:2 axvm::arch::aarch64::gic::physical:61] [32mregistered assigned AArch64 SPI route host_intid=164 guest_intid=164[m
[m[37m[ 15.621077 0:2 axvm::arch::aarch64::gic::physical:61] [32mregistered assigned AArch64 SPI route host_intid=168 guest_intid=168[m
[m[37m[ 15.622129 0:2 axvm::arch::aarch64::gic::physical:61] [32mregistered assigned AArch64 SPI route host_intid=171 guest_intid=171[m
[m[37m[ 15.623187 0:2 axvm::arch::aarch64::gic::physical:61] [32mregistered assigned AArch64 SPI route host_intid=172 guest_intid=172[m
[m[37m[ 15.624244 0:2 axvm::arch::aarch64::gic::physical:61] [32mregistered assigned AArch64 SPI route host_intid=173 guest_intid=173[m
[m[37m[ 15.625302 0:2 axvm::arch::aarch64::gic::physical:61] [32mregistered assigned AArch64 SPI route host_intid=174 guest_intid=174[m
[m[37m[ 15.626359 0:2 axvm::arch::aarch64::gic::physical:61] [32mregistered assigned AArch64 SPI route host_intid=187 guest_intid=187[m
[m[37m[ 15.627416 0:2 axvm::arch::aarch64::gic::physical:61] [32mregistered assigned AArch64 SPI route host_intid=145 guest_intid=145[m
[m[37m[ 15.628474 0:2 axvm::arch::aarch64::gic::physical:61] [32mregistered assigned AArch64 SPI route host_intid=175 guest_intid=175[m
[m[37m[ 15.629532 0:2 axvm::arch::aarch64::gic::physical:61] [32mregistered assigned AArch64 SPI route host_intid=176 guest_intid=176[m
[m[37m[ 15.630589 0:2 axvm::arch::aarch64::gic::physical:61] [32mregistered assigned AArch64 SPI route host_intid=177 guest_intid=177[m
[m[37m[ 15.631647 0:2 axvm::arch::aarch64::gic::physical:61] [32mregistered assigned AArch64 SPI route host_intid=178 guest_intid=178[m
[m[37m[ 15.632704 0:2 axvm::arch::aarch64::gic::physical:61] [32mregistered assigned AArch64 SPI route host_intid=179 guest_intid=179[m
[m[37m[ 15.633762 0:2 axvm::arch::aarch64::gic::physical:61] [32mregistered assigned AArch64 SPI route host_intid=180 guest_intid=180[m
[m[37m[ 15.634819 0:2 axvm::arch::aarch64::gic::physical:61] [32mregistered assigned AArch64 SPI route host_intid=181 guest_intid=181[m
[m[37m[ 15.635877 0:2 axvm::arch::aarch64::gic::physical:61] [32mregistered assigned AArch64 SPI route host_intid=182 guest_intid=182[m
[m[37m[ 15.636934 0:2 axvm::arch::aarch64::gic::physical:61] [32mregistered assigned AArch64 SPI route host_intid=183 guest_intid=183[m
[m[37m[ 15.637992 0:2 axvm::arch::aarch64::gic::physical:61] [32mregistered assigned AArch64 SPI route host_intid=184 guest_intid=184[m
[m[37m[ 15.639049 0:2 axvm::arch::aarch64::gic::physical:61] [32mregistered assigned AArch64 SPI route host_intid=185 guest_intid=185[m
[m[37m[ 15.640107 0:2 axvm::arch::aarch64::gic::physical:61] [32mregistered assigned AArch64 SPI route host_intid=186 guest_intid=186[m
[m[37m[ 15.641164 0:2 axvm::arch::aarch64::gic::physical:61] [32mregistered assigned AArch64 SPI route host_intid=188 guest_intid=188[m
[m[37m[ 15.642222 0:2 axvm::arch::aarch64::gic::physical:61] [32mregistered assigned AArch64 SPI route host_intid=227 guest_intid=227[m
[m[37m[ 15.643279 0:2 axvm::arch::aarch64::gic::physical:61] [32mregistered assigned AArch64 SPI route host_intid=216 guest_intid=216[m
[m[37m[ 15.644337 0:2 axvm::arch::aarch64::gic::physical:61] [32mregistered assigned AArch64 SPI route host_intid=228 guest_intid=228[m
[m[37m[ 15.645394 0:2 axvm::arch::aarch64::gic::physical:61] [32mregistered assigned AArch64 SPI route host_intid=217 guest_intid=217[m
[m[37m[ 15.646452 0:2 axvm::arch::aarch64::gic::physical:61] [32mregistered assigned AArch64 SPI route host_intid=221 guest_intid=221[m
[m[37m[ 15.647509 0:2 axvm::arch::aarch64::gic::physical:61] [32mregistered assigned AArch64 SPI route host_intid=231 guest_intid=231[m
[m[37m[ 15.648567 0:2 axvm::arch::aarch64::gic::physical:61] [32mregistered assigned AArch64 SPI route host_intid=199 guest_intid=199[m
[m[37m[ 15.649624 0:2 axvm::arch::aarch64::gic::physical:61] [32mregistered assigned AArch64 SPI route host_intid=200 guest_intid=200[m
[m[37m[ 15.650682 0:2 axvm::arch::aarch64::gic::physical:61] [32mregistered assigned AArch64 SPI route host_intid=191 guest_intid=191[m
[m[37m[ 15.651739 0:2 axvm::arch::aarch64::gic::physical:61] [32mregistered assigned AArch64 SPI route host_intid=193 guest_intid=193[m
[m[37m[ 15.652796 0:2 axvm::arch::aarch64::gic::physical:61] [32mregistered assigned AArch64 SPI route host_intid=192 guest_intid=192[m
[m[37m[ 15.653854 0:2 axvm::arch::aarch64::gic::physical:61] [32mregistered assigned AArch64 SPI route host_intid=201 guest_intid=201[m
[m[37m[ 15.654912 0:2 axvm::arch::aarch64::gic::physical:61] [32mregistered assigned AArch64 SPI route host_intid=202 guest_intid=202[m
[m[37m[ 15.655969 0:2 axvm::arch::aarch64::gic::physical:61] [32mregistered assigned AArch64 SPI route host_intid=203 guest_intid=203[m
[m[37m[ 15.657027 0:2 axvm::arch::aarch64::gic::physical:61] [32mregistered assigned AArch64 SPI route host_intid=204 guest_intid=204[m
[m[37m[ 15.658084 0:2 axvm::arch::aarch64::gic::physical:61] [32mregistered assigned AArch64 SPI route host_intid=392 guest_intid=392[m
[m[37m[ 15.659142 0:2 axvm::arch::aarch64::gic::physical:61] [32mregistered assigned AArch64 SPI route host_intid=195 guest_intid=195[m
[m[37m[ 15.660199 0:2 axvm::arch::aarch64::gic::physical:61] [32mregistered assigned AArch64 SPI route host_intid=305 guest_intid=305[m
[m[37m[ 15.661257 0:2 axvm::arch::aarch64::gic::physical:61] [32mregistered assigned AArch64 SPI route host_intid=307 guest_intid=307[m
[m[37m[ 15.662314 0:2 axvm::arch::aarch64::gic::physical:61] [32mregistered assigned AArch64 SPI route host_intid=238 guest_intid=238[m
[m[37m[ 15.663372 0:2 axvm::arch::aarch64::gic::physical:61] [32mregistered assigned AArch64 SPI route host_intid=235 guest_intid=235[m
[m[37m[ 15.664429 0:2 axvm::arch::aarch64::gic::physical:61] [32mregistered assigned AArch64 SPI route host_intid=236 guest_intid=236[m
[m[37m[ 15.665487 0:2 axvm::arch::aarch64::gic::physical:61] [32mregistered assigned AArch64 SPI route host_intid=237 guest_intid=237[m
[m[37m[ 15.666544 0:2 axvm::arch::aarch64::gic::physical:61] [32mregistered assigned AArch64 SPI route host_intid=241 guest_intid=241[m
[m[37m[ 15.667602 0:2 axvm::arch::aarch64::gic::physical:61] [32mregistered assigned AArch64 SPI route host_intid=432 guest_intid=432[m
[m[37m[ 15.668659 0:2 axvm::arch::aarch64::gic::physical:61] [32mregistered assigned AArch64 SPI route host_intid=212 guest_intid=212[m
[m[37m[ 15.669717 0:2 axvm::arch::aarch64::gic::physical:61] [32mregistered assigned AArch64 SPI route host_intid=213 guest_intid=213[m
[m[37m[ 15.670774 0:2 axvm::arch::aarch64::gic::physical:61] [32mregistered assigned AArch64 SPI route host_intid=214 guest_intid=214[m
[m[37m[ 15.671832 0:2 axvm::arch::aarch64::gic::physical:61] [32mregistered assigned AArch64 SPI route host_intid=215 guest_intid=215[m
[m[37m[ 15.672889 0:2 axvm::arch::aarch64::gic::physical:61] [32mregistered assigned AArch64 SPI route host_intid=234 guest_intid=234[m
[m[37m[ 15.673946 0:2 axvm::arch::aarch64::gic::physical:61] [32mregistered assigned AArch64 SPI route host_intid=225 guest_intid=225[m
[m[37m[ 15.675004 0:2 axvm::arch::aarch64::gic::physical:61] [32mregistered assigned AArch64 SPI route host_intid=226 guest_intid=226[m
[m[37m[ 15.676062 0:2 axvm::arch::aarch64::gic::physical:61] [32mregistered assigned AArch64 SPI route host_intid=118 guest_intid=118[m
[m[37m[ 15.677119 0:2 axvm::arch::aarch64::gic::physical:61] [32mregistered assigned AArch64 SPI route host_intid=119 guest_intid=119[m
[m[37m[ 15.678177 0:2 axvm::arch::aarch64::gic::physical:61] [32mregistered assigned AArch64 SPI route host_intid=120 guest_intid=120[m
[m[37m[ 15.679234 0:2 axvm::arch::aarch64::gic::physical:61] [32mregistered assigned AArch64 SPI route host_intid=121 guest_intid=121[m
[m[37m[ 15.680292 0:2 axvm::arch::aarch64::gic::physical:61] [32mregistered assigned AArch64 SPI route host_intid=373 guest_intid=373[m
[m[37m[ 15.681349 0:2 axvm::arch::aarch64::gic::physical:61] [32mregistered assigned AArch64 SPI route host_intid=374 guest_intid=374[m
[m[37m[ 15.682407 0:2 axvm::arch::aarch64::gic::physical:61] [32mregistered assigned AArch64 SPI route host_intid=375 guest_intid=375[m
[m[37m[ 15.683464 0:2 axvm::arch::aarch64::gic::physical:61] [32mregistered assigned AArch64 SPI route host_intid=117 guest_intid=117[m
[m[37m[ 15.684522 0:2 axvm::arch::aarch64::gic::physical:61] [32mregistered assigned AArch64 SPI route host_intid=350 guest_intid=350[m
[m[37m[ 15.685579 0:2 axvm::arch::aarch64::gic::physical:61] [32mregistered assigned AArch64 SPI route host_intid=351 guest_intid=351[m
[m[37m[ 15.686637 0:2 axvm::arch::aarch64::gic::physical:61] [32mregistered assigned AArch64 SPI route host_intid=352 guest_intid=352[m
[m[37m[ 15.687694 0:2 axvm::arch::aarch64::gic::physical:61] [32mregistered assigned AArch64 SPI route host_intid=353 guest_intid=353[m
[m[37m[ 15.688759 0:2 axvm::arch::aarch64::gic::physical:61] [32mregistered assigned AArch64 SPI route host_intid=354 guest_intid=354[m
[m[37m[ 15.689809 0:2 axvm::arch::aarch64::gic::physical:61] [32mregistered assigned AArch64 SPI route host_intid=347 guest_intid=347[m
[m[37m[ 15.690867 0:2 axvm::arch::aarch64::gic::physical:61] [32mregistered assigned AArch64 SPI route host_intid=358 guest_intid=358[m
[m[37m[ 15.691924 0:2 axvm::arch::aarch64::gic::physical:61] [32mregistered assigned AArch64 SPI route host_intid=359 guest_intid=359[m
[m[37m[ 15.692982 0:2 axvm::arch::aarch64::gic::physical:61] [32mregistered assigned AArch64 SPI route host_intid=360 guest_intid=360[m
[m[37m[ 15.694039 0:2 axvm::arch::aarch64::gic::physical:61] [32mregistered assigned AArch64 SPI route host_intid=361 guest_intid=361[m
[m[37m[ 15.695097 0:2 axvm::arch::aarch64::gic::physical:61] [32mregistered assigned AArch64 SPI route host_intid=378 guest_intid=378[m
[m[37m[ 15.696154 0:2 axvm::arch::aarch64::gic::physical:61] [32mregistered assigned AArch64 SPI route host_intid=379 guest_intid=379[m
[m[37m[ 15.697212 0:2 axvm::arch::aarch64::gic::physical:61] [32mregistered assigned AArch64 SPI route host_intid=380 guest_intid=380[m
[m[37m[ 15.698269 0:2 axvm::arch::aarch64::gic::physical:61] [32mregistered assigned AArch64 SPI route host_intid=381 guest_intid=381[m
[m[37m[ 15.699327 0:2 axvm::arch::aarch64::gic::physical:61] [32mregistered assigned AArch64 SPI route host_intid=382 guest_intid=382[m
[m[37m[ 15.700384 0:2 axvm::arch::aarch64::gic::physical:61] [32mregistered assigned AArch64 SPI route host_intid=383 guest_intid=383[m
[m[37m[ 15.701442 0:2 axvm::arch::aarch64::gic::physical:61] [32mregistered assigned AArch64 SPI route host_intid=429 guest_intid=429[m
[m[37m[ 15.702499 0:2 axvm::arch::aarch64::gic::physical:61] [32mregistered assigned AArch64 SPI route host_intid=430 guest_intid=430[m
[m[37m[ 15.703557 0:2 axvm::arch::aarch64::gic::physical:61] [32mregistered assigned AArch64 SPI route host_intid=93 guest_intid=93[m
[m[37m[ 15.704599 0:2 axvm::arch::aarch64::gic::physical:61] [32mregistered assigned AArch64 SPI route host_intid=94 guest_intid=94[m
[m[37m[ 15.705641 0:2 axvm::arch::aarch64::gic::physical:61] [32mregistered assigned AArch64 SPI route host_intid=95 guest_intid=95[m
[m[37m[ 15.706684 0:2 axvm::arch::aarch64::gic::physical:61] [32mregistered assigned AArch64 SPI route host_intid=96 guest_intid=96[m
[m[37m[ 15.707727 0:2 axvm::arch::aarch64::gic::physical:61] [32mregistered assigned AArch64 SPI route host_intid=101 guest_intid=101[m
[m[37m[ 15.708784 0:2 axvm::arch::aarch64::gic::physical:61] [32mregistered assigned AArch64 SPI route host_intid=102 guest_intid=102[m
[m[37m[ 15.709841 0:2 axvm::arch::aarch64::gic::physical:61] [32mregistered assigned AArch64 SPI route host_intid=103 guest_intid=103[m
[m[37m[ 15.710899 0:2 axvm::arch::aarch64::gic::physical:61] [32mregistered assigned AArch64 SPI route host_intid=104 guest_intid=104[m
[m[37m[ 15.711957 0:2 axvm::arch::aarch64::gic::physical:61] [32mregistered assigned AArch64 SPI route host_intid=355 guest_intid=355[m
[m[37m[ 15.713014 0:2 axvm::arch::aarch64::gic::physical:61] [32mregistered assigned AArch64 SPI route host_intid=356 guest_intid=356[m
[m[37m[ 15.714071 0:2 axvm::arch::aarch64::gic::physical:61] [32mregistered assigned AArch64 SPI route host_intid=357 guest_intid=357[m
[m[37m[ 15.715129 0:2 axvm::arch::aarch64::gic::physical:61] [32mregistered assigned AArch64 SPI route host_intid=362 guest_intid=362[m
[m[37m[ 15.716187 0:2 axvm::arch::aarch64::gic::physical:61] [32mregistered assigned AArch64 SPI route host_intid=109 guest_intid=109[m
[m[37m[ 15.717244 0:2 axvm::arch::aarch64::gic::physical:61] [32mregistered assigned AArch64 SPI route host_intid=110 guest_intid=110[m
[m[37m[ 15.718302 0:2 axvm::arch::aarch64::gic::physical:61] [32mregistered assigned AArch64 SPI route host_intid=111 guest_intid=111[m
[m[37m[ 15.719359 0:2 axvm::arch::aarch64::gic::physical:61] [32mregistered assigned AArch64 SPI route host_intid=112 guest_intid=112[m
[m[37m[ 15.720416 0:2 axvm::arch::aarch64::gic::physical:61] [32mregistered assigned AArch64 SPI route host_intid=122 guest_intid=122[m
[m[37m[ 15.721474 0:2 axvm::arch::aarch64::gic::physical:61] [32mregistered assigned AArch64 SPI route host_intid=123 guest_intid=123[m
[m[37m[ 15.722532 0:2 axvm::arch::aarch64::gic::physical:61] [32mregistered assigned AArch64 SPI route host_intid=309 guest_intid=309[m
[m[37m[ 15.723589 0:2 axvm::arch::aarch64::gic::physical:61] [32mregistered assigned AArch64 SPI route host_intid=310 guest_intid=310[m
[m[37m[ 15.724647 0:2 axvm::arch::aarch64::gic::physical:61] [32mregistered assigned AArch64 SPI route host_intid=311 guest_intid=311[m
[m[37m[ 15.725704 0:2 axvm::arch::aarch64::gic::physical:61] [32mregistered assigned AArch64 SPI route host_intid=312 guest_intid=312[m
[m[37m[ 15.726762 0:2 axvm::arch::aarch64::gic::physical:61] [32mregistered assigned AArch64 SPI route host_intid=313 guest_intid=313[m
[m[37m[ 15.727819 0:2 axvm::arch::aarch64::gic::physical:61] [32mregistered assigned AArch64 SPI route host_intid=253 guest_intid=253[m
[m[37m[ 15.728876 0:2 axvm::arch::aarch64::gic::physical:61] [32mregistered assigned AArch64 SPI route host_intid=426 guest_intid=426[m
[m[37m[ 15.729934 0:2 axvm::arch::aarch64::gic::physical:61] [32mregistered assigned AArch64 SPI route host_intid=230 guest_intid=230[m
[m[37m[ 15.730992 0:2 axvm::arch::aarch64::gic::physical:61] [32mregistered assigned AArch64 SPI route host_intid=220 guest_intid=220[m
[m[37m[ 15.732049 0:2 axvm::arch::aarch64::gic::physical:61] [32mregistered assigned AArch64 SPI route host_intid=229 guest_intid=229[m
[m[37m[ 15.733107 0:2 axvm::arch::aarch64::gic::physical:61] [32mregistered assigned AArch64 SPI route host_intid=218 guest_intid=218[m
[m[37m[ 15.734164 0:2 axvm::arch::aarch64::gic::physical:61] [32mregistered assigned AArch64 SPI route host_intid=219 guest_intid=219[m
[m[37m[ 15.735222 0:2 axvm::arch::aarch64::gic::physical:61] [32mregistered assigned AArch64 SPI route host_intid=222 guest_intid=222[m
[m[37m[ 15.736279 0:2 axvm::arch::aarch64::gic::physical:61] [32mregistered assigned AArch64 SPI route host_intid=232 guest_intid=232[m
[m[37m[ 15.737337 0:2 axvm::arch::aarch64::gic::physical:61] [32mregistered assigned AArch64 SPI route host_intid=233 guest_intid=233[m
[m[37m[ 15.738394 0:2 axvm::arch::aarch64::gic::physical:61] [32mregistered assigned AArch64 SPI route host_intid=194 guest_intid=194[m
[m[37m[ 15.739451 0:2 axvm::arch::aarch64::gic::physical:61] [32mregistered assigned AArch64 SPI route host_intid=205 guest_intid=205[m
[m[37m[ 15.740509 0:2 axvm::arch::aarch64::gic::physical:61] [32mregistered assigned AArch64 SPI route host_intid=206 guest_intid=206[m
[m[37m[ 15.741567 0:2 axvm::arch::aarch64::gic::physical:61] [32mregistered assigned AArch64 SPI route host_intid=207 guest_intid=207[m
[m[37m[ 15.742624 0:2 axvm::arch::aarch64::gic::physical:61] [32mregistered assigned AArch64 SPI route host_intid=208 guest_intid=208[m
[m[37m[ 15.743682 0:2 axvm::arch::aarch64::gic::physical:61] [32mregistered assigned AArch64 SPI route host_intid=393 guest_intid=393[m
[m[37m[ 15.744739 0:2 axvm::arch::aarch64::gic::physical:61] [32mregistered assigned AArch64 SPI route host_intid=196 guest_intid=196[m
[m[37m[ 15.745797 0:2 axvm::arch::aarch64::gic::physical:61] [32mregistered assigned AArch64 SPI route host_intid=209 guest_intid=209[m
[m[37m[ 15.746854 0:2 axvm::arch::aarch64::gic::physical:61] [32mregistered assigned AArch64 SPI route host_intid=468 guest_intid=468[m
[m[37m[ 15.747912 0:2 axvm::arch::aarch64::gic::physical:61] [32mregistered assigned AArch64 SPI route host_intid=211 guest_intid=211[m
[m[37m[ 15.748969 0:2 axvm::arch::aarch64::gic::physical:61] [32mregistered assigned AArch64 SPI route host_intid=259 guest_intid=259[m
[m[37m[ 15.750026 0:2 axvm::arch::aarch64::gic::physical:61] [32mregistered assigned AArch64 SPI route host_intid=258 guest_intid=258[m
[m[37m[ 15.751084 0:2 axvm::arch::aarch64::gic::physical:61] [32mregistered assigned AArch64 SPI route host_intid=266 guest_intid=266[m
[m[37m[ 15.752142 0:2 axvm::arch::aarch64::gic::physical:61] [32mregistered assigned AArch64 SPI route host_intid=265 guest_intid=265[m
[m[37m[ 15.753199 0:2 axvm::arch::aarch64::gic::physical:61] [32mregistered assigned AArch64 SPI route host_intid=306 guest_intid=306[m
[m[37m[ 15.754256 0:2 axvm::arch::aarch64::gic::physical:61] [32mregistered assigned AArch64 SPI route host_intid=455 guest_intid=455[m
[m[37m[ 15.755378 0:2 axvm::runtime:92] [32mVM[1] boot success[m
[m[37m[ 15.755382 1:35 axvm::runtime::vcpus:1132] [32mVM[1] VCpu[0] waiting for running[m
[m[37m[ 15.755895 0:2 axvm::vm:1365] [32mStarting VM[2][m
[m[37m[ 15.756611 1:35 axvm::runtime::vcpus:1170] [32mVM[1] VCpu[0] running...[m
[m[37m[ 15.757083 0:2 axvm::runtime::vcpus:1058] [32mSpawning task for VM[2] VCpu[0][m
[m[37m[ 15.758433 0:2 axvm::runtime::vcpus:1077] [32mVCpu task Task(37, "VM[2]-VCpu[0]") created priority=90 cpumask: [1, ][m
[m[37m[ 15.759464 0:2 axvm::runtime:92] [32mVM[2] boot success[m
[m[37m[ 15.759503 1:37 axvm::runtime::vcpus:1132] [32mVM[2] VCpu[0] waiting for running[m
[m[37m[ 15.760031 0:2 axvisor:115] [32m[OK] Default guest initialized[m
[m[37m[ 15.760696 1:37 axvm::runtime::vcpus:1170] [32mVM[2] VCpu[0] running...[m
[m[VM 2] [32m[I/rtdm.ofw] Booting RT-Thread on physical CPU 0x0[0m
[VM 2] [32m[I/rtdm.ofw] Machine model: ATK-DLRK3588 Board[0m
[VM 2] [32m[I/rtdm.ofw] Memory node(0) ranges: 0x00000000a0000000 - 0x00000000c0000000[0m
[VM 2] [32m[I/dma.pool] coherent-pool: Reserved 2.0 MiB at 0x00000000bf600000[0m
[VM 2] [32m[I/dma.pool] cma: Reserved 6.0 MiB at 0x00000000bf800000[0m
[VM 2] [32m[I/mm.memblock] System memory:[0m
[VM 2] [32m[I/mm.memblock]   memory@a0000000          [0x00000000a0000000, 0x00000000c0000000][0m
[VM 2] [32m[I/mm.memblock] Reserved memory:[0m
[VM 2] [32m[I/mm.memblock]   kernel                   [0x00000000a0080000, 0x00000000a0230000][0m
[VM 2] [32m[I/mm.memblock]   memheap                  [0x00000000a0230000, 0x00000000a4230000][0m
[VM 2] [32m[I/mm.memblock]   init-page                [0x00000000a4230000, 0x00000000a4430000][0m
[VM 2] [32m[I/mm.memblock]   fdt                      [0x00000000a4430000, 0x00000000a4431000][0m
[VM 2] [32m[I/mm.memblock]   dma-pool                 [0x00000000bf600000, 0x00000000c0000000][0m
[VM 2] [32m[I/mm.memblock] physical memory region [0x00000000a0000000-0x00000000a0080000] installed to system page[0m
[VM 2] [33m[W/mm.aspace] _mm_aspace_map_phy: not in range[0m
[VM 2] [32m[I/mm.memblock] physical memory region [0x00000000a4431000-0x00000000bf600000] installed to system page[0m
[VM 2] [32m[I/mm.memblock] 454 MB memory installed to system page[0m
[VM 2] [32m[I/osi.psci] Using PSCI v1.1 Function IDs[0m
[VM 2] [32m[I/rtdm.ofw] Console: uart0 (pl011@9000000)[0m
[VM 2] 
[VM 2]  \ | /
[VM 2] - RT -     Thread Operating System
[VM 2]  / | \     5.3.0 build Aug 23 2026 15:35:09
[VM 2]  2006 - 2024 Copyright by RT-Thread team
[VM 2] lwIP-2.0.3 initialized!
[VM 2] [32m[I/sal.skt] Socket Abstraction Layer initialize success.[0m
[VM 2] [32m[I/rtdm.mnt] File system initialization done[0m
[VM 2] TASK2_MAIN_START
[VM 2] TASK2_SOCKET_CREATE
[VM 2] TASK2_SOCKET_CREATED fd=4
[VM 2] TASK2_NET_CONFIGURED interface=virtio-net ip=10.0.42.2/24
[VM 2] TASK2_READY role=managed local=10.0.42.2:4242 peer=10.0.42.15:4242
[37m[ 15.973089 1:35 axvisor::virtio_net:625] [33mvirtio-net drops an ingress frame: NotReady[m
[m[37m[ 16.070703 1:35 axvisor::virtio_net:625] [33mvirtio-net drops an ingress frame: NotReady[m
[m[VM 1] console=ttyS2
[VM 1] VM Load @PA:0x40000000
[VM 1] VM Load Offset: 0xc0000000
[37m[ 16.450434 1:35 axvisor::virtio_net:625] [33mvirtio-net drops an ingress frame: NotReady[m
[m[VM 1] Memory Map:
[VM 1]   Rsv    0x00000000110000 - 0x00000000200000 (960 KiB)
[VM 1]   Rsv    0x00000010000000 - 0x00000018000000 (128 MiB)
[VM 1]   KImg   0x00000040000000 - 0x00000041000000 (16 MiB)
[VM 1]   Free   0x00000041000000 - 0x0000007c000000 (944 MiB)
[VM 1]   Rsv    0x0000007c000000 - 0x0000007de93000 (30.57 MiB)
[VM 1]   Free   0x0000007de93000 - 0x00000080000000 (33.43 MiB)
[VM 1]   Rsv    0x000000edf00000 - 0x000000ee006000 (1.02 MiB)
[VM 1] Initialize RAM allocator: 0x41000000..0x7c000000
[VM 1] Reserving CPU-local areas
[VM 1] CPU-local area stride: 0x41000 bytes
[VM 1] Total CPU-local allocation: 0x41000 bytes (1 CPUs)
[VM 1] Flushed RAM used range to memory map: 0x41000000..0x41044000, current: 0x41044000
[VM 1] Flushed RAM used range to memory map: 0x41044000..0x41085000, current: 0x41085000
[VM 1] CPU-local areas allocated at 0x41044000 - 0x41085000
[VM 1] EL: 1
[VM 1] Mapping early memory regions...
[VM 1] Ram                 : [0xffff000040000000, 0xffff000080000000) -> [0x0000000040000000, 0x0000000080000000) (1 GiB)
[VM 1] KImage              : [0xffffffff80000000, 0xffffffff81000000) -> [0x0000000040000000, 0x0000000041000000) (16 MiB)
[VM 1] PerCpu              : [0xffffff0041044000, 0xffffff0041085000) -> [0x0000000041044000, 0x0000000041085000) (260 KiB)
[VM 1] Debug serial        : [0xffff0000feb50000, 0xffff0000feb51000) -> [0x00000000feb50000, 0x00000000feb51000) (4 KiB)
[VM 1] Boot page table at physical address: PA:0x41085000
[VM 1] Setting up table registers...
[VM 1] MMU Entry point at physical address: 0x4039d140
[VM 1] Trap vector at 0xffffffff8039a800
[VM 1] Memory Map:
[VM 1]   Rsv    0x00000000110000 - 0x00000000200000 (960 KiB)
[37m[ 17.048209 1:35 axvisor::virtio_net:625] [33mvirtio-net drops an ingress frame: NotReady[m
[m[VM 1]   Rsv    0x00000010000000 - 0x00000018000000 (128 MiB)
[VM 1]   KImg   0x00000040000000 - 0x00000041000000 (16 MiB)
[VM 1]   Rsv    0x00000041000000 - 0x00000041044000 (272 KiB)
[VM 1]   PerCPU 0x00000041044000 - 0x00000041085000 (260 KiB)
[VM 1]   Rsv    0x00000041085000 - 0x0000004108e000 (36 KiB)
[VM 1]   Free   0x0000004108e000 - 0x0000007c000000 (943.45 MiB)
[VM 1]   Rsv    0x0000007c000000 - 0x0000007de93000 (30.57 MiB)
[VM 1]   Free   0x0000007de93000 - 0x00000080000000 (33.43 MiB)
[VM 1]   Rsv    0x000000edf00000 - 0x000000ee006000 (1.02 MiB)
[VM 1]   MMIO   0x000000feb50000 - 0x000000feb51000 (4 KiB)
[VM 1] Jumping to main entry point at 0xffffffff80381534 with SP 0xffffff0041085000
[VM 1] 
[VM 1]        d8888                            .d88888b.   .d8888b.
[VM 1]       d88888                           d88P" "Y88b d88P  Y88b
[VM 1]      d88P888                           888     888 Y88b.
[VM 1]     d88P 888 888d888  .d8888b  .d88b.  888     888  "Y888b.
[VM 1]    d88P  888 888P"   d88P"    d8P  Y8b 888     888     "Y88b.
[VM 1]   d88P   888 888     888      88888888 888     888       "888
[VM 1]  d8888888888 888     Y88b.    Y8b.     Y88b. .d88P Y88b  d88P
[VM 1] d88P     888 888      "Y8888P  "Y8888   "Y88888P"   "Y8888P"
[VM 1] 
[VM 1] arch = aarch64
[VM 1] platform = ATK-DLRK3588 Board
[VM 1] target = aarch64-unknown-none-softfloat
[VM 1] build_mode = 
[VM 1] log_level = info
[VM 1] backtrace = false
[VM 1] smp = 1
[VM 1] 
[VM 1] [37m[  2.932870 ax_runtime:220] [32mLogging is enabled.[m
[VM 1] [m[37m[  2.937630 ax_runtime:221] [32mPrimary CPU 0 started, arg = 0x41000000.[m
[VM 1] [m[37m[  2.943998 ax_runtime:223] [32mFound physcial memory regions:[m
[VM 1] [m[37m[  2.949551 ax_runtime:225] [32m  [PA:0x110000, PA:0x200000) reserved (READ | WRITE | EXECUTE | RESERVED)[m
[VM 1] [m[37m[  2.958249 ax_runtime:225] [32m  [PA:0x10000000, PA:0x18000000) reserved (READ | WRITE | EXECUTE | RESERVED)[m
[VM 1] [m[37m[  2.967189 ax_runtime:225] [32m  [PA:0x40000000, PA:0x41000000) reserved (READ | WRITE | EXECUTE | RESERVED)[m
[VM 1] [m[37m[  2.976141 ax_runtime:225] [32m  [PA:0x41000000, PA:0x41044000) reserved (READ | WRITE | EXECUTE | RESERVED)[m
[VM 1] [m[37m[  2.985090 ax_runtime:225] [32m  [PA:0x41044000, PA:0x41085000) reserved (READ | WRITE | EXECUTE | RESERVED)[m
[VM 1] [m[37m[  2.994031 ax_runtime:225] [32m  [PA:0x41085000, PA:0x4108e000) reserved (READ | WRITE | EXECUTE | RESERVED)[m
[VM 1] [m[37m[  3.003326 ax_runtime:225] [32m  [PA:0x4108e000, PA:0x7c000000) free memory (READ | WRITE | FREE)[m
[VM 1] [m[37m[  3.011494 ax_runtime:225] [32m  [PA:0x7c000000, PA:0x7de93000) reserved (READ | WRITE | EXECUTE | RESERVED)[m
[VM 1] [m[37m[  3.020821 ax_runtime:225] [32m  [PA:0x7de93000, PA:0x80000000) free memory (READ | WRITE | FREE)[m
[VM 1] [m[37m[  3.029476 ax_runtime:225] [32m  [PA:0xedf00000, PA:0xee006000) reserved (READ | WRITE | EXECUTE | RESERVED)[m
[VM 1] [m[37m[  3.038437 ax_runtime:225] [32m  [PA:0xfeb50000, PA:0xfeb51000) mmio (READ | WRITE | DEVICE | RESERVED)[m
[VM 1] [m[37m[  3.047477 ax_runtime:375] [32mInitialize global memory allocator...[m
[VM 1] [m[37m[  3.053588 ax_runtime:376] [32m  use buddy-slab-allocator allocator.[m
[VM 1] [m[37m[  3.059651 ax_alloc::buddy_slab:158] [32mInitialize global memory allocator, start_vaddr: 0xffff00004108e000, size: 0x3af72000[m
[VM 1] [m[37m[  3.070563 ax_alloc::buddy_slab:424] [32mglobal allocator initialized[m
[VM 1] [m[37m[  3.076689 ax_alloc::buddy_slab:168] [32mAdd memory region, start_vaddr: 0xffff00007de93000, size: 0x216d000[m
[VM 1] [m[37m[  3.086027 ax_runtime:260] [32mkernel aspace: [VA:0xffff000000000000, VA:0xffffffffffffffff)[m
[VM 1] [m[37m[  3.093881 ax_mm:103] [32mInitialize virtual memory management...[m
[VM 1] [m[37m[  3.232939 ax_runtime:272] [32mInitialize platform devices...[m
[VM 1] [m[37m[  3.284293 someboot::arch::power:23] [32mPower management method : SMC[m
[VM 1] [m[37m[  3.290569 somehal::driver:5] [32mInitializing rdrive with FDT at 0xffff000041000000[m
[VM 1] [m[37m[  3.460747 ax_driver::soc::rockchip::pinctrl:301] [32mRockchip RK3588 pinctrl registered successfully[m
[37m[ 17.703135 1:35 axvisor::virtio_net:625] [33mvirtio-net drops an ingress frame: NotReady[m
[m[VM 1] [m[37m[  3.726400 ax_task::api:193] [32mInitialize scheduling...[m
[VM 1] [m[37m[  3.732217 ax_task::api:201] [32m  use Round-robin scheduler.[m
[VM 1] [m[37m[  3.737778 ax_runtime:300] [32mInitialize interrupt handlers...[m
[VM 1] [m[37m[  3.743977 ax_runtime::devices:2] [32mProbe platform devices...[m
[VM 1] [m[37m[  3.874580 ax_driver::serial::ns16550:49] [32mProbing NS16550 serial device: serial@feb50000[m
[VM 1] [m[37m[  3.882751 ax_driver::serial::ns16550:92] [32mNS16550 serial@0xffff0000feb50000 registered successfully[m
[VM 1] [m[37m[  3.892878 rdrive:222] [33mProbe failed for [fdt]: other error: /serial@feb50000 is not a snps,dw-apb-uart node[m
[VM 1] [m[37m[  3.910120 ax_driver::soc::scmi:54] [33m[scmi] SCMI shmem phandle 69 cannot be resolved by rdrive; using RK3588 shmem fallback 0x10f000+0x100[m
[VM 1] [m[37m[  3.923238 ax_driver::soc::scmi:84] [32mSCMI clock protocol registered: path=/firmware/scmi/protocol@14, phandle=Some(Phandle(14)), protocol=0x14[m
[VM 1] [m[37m[  3.936453 ax_driver::soc::scmi:93] [32mSCMI SMC registered: smc_id=0x82000010, shmem_phandle=69, shmem=0x10f000+0x100[m
[VM 1] [m[37m[  3.947823 ax_driver::soc::rockchip::cru::rk3588:60] [32mRK3588 CRU reg: addr=0xfd7c0000, size=0x5c000, rockchip,grf=<0x7a>[m
[VM 1] [m[37m[  3.958790 rockchip_soc::variants::rk3588::cru:123] [32mCRU@ffff0000fd7c0000: Initializing and verifying clock configuration...[m
[VM 1] [m[37m[  3.970399 rockchip_soc::variants::rk3588::cru:174] [33m⚠ CRU@ffff0000fd7c0000: ACLK_BUS_ROOT div mismatch! u-boot: 3, current: 4[m
[VM 1] [m[37m[  3.983000 rockchip_soc::variants::rk3588::cru:248] [32m✓ CRU@ffff0000fd7c0000: Clock configuration verified[m
[VM 1] [m[37m[  3.993669 ax_driver::soc::rockchip::cru::rk3588:79] [32mRK3588 CRU clock/reset registered successfully[m
[VM 1] [m[37m[  4.005572 ax_driver::soc::rockchip::pm:78] [32mRockchip power-domain provider registered successfully[m
[37m[ 18.459611 1:35 axvisor::virtio_net:625] [33mvirtio-net drops an ingress frame: NotReady[m
[m[37m[ 18.992896 1:35 axvisor::virtio_net:625] [33mvirtio-net drops an ingress frame: NotReady[m
[m[VM 1] [m[37m[  4.829243 ax_driver::soc::rockchip::cpufreq:151] [32mcpufreq: A55 1008->1008, A76 1008->1200 MHz[m
[VM 1] [m[37m[  4.838701 ax_driver::soc::rockchip::pmic_i2c:508] [32mpmic_i2c: ungated i2c0 clocks (PMU_CLKGATE_CON(2)@0xfd7f0808 <- 0x00060000); gate bits now 0x0 (0 == enabled)[m
[VM 1] [m[37m[  4.853249 ax_driver::soc::rockchip::pmic_i2c:542] [32mpmic_i2c: de-asserted i2c0 reset (PMU_SOFTRST_CON(2)@0xfd7f0a08 <- 0x00060000); reset bits now 0x0 (0 == released)[m
[VM 1] [m[37m[  4.921338 ax_driver::soc::rockchip::pinctrl::rdif_glue:108] [33mUnknown pinconf property: input-schmitt-enable[m
[VM 1] [m[37m[  4.931743 ax_driver::soc::rockchip::pinctrl::rdif_glue:108] [33mUnknown pinconf property: input-schmitt-enable[m
[VM 1] [m[37m[  4.942086 ax_driver::soc::rockchip::pmic_i2c:592] [32mpmic_i2c: applied i2c0 pinctrl-0 (scl GPIO0_D1 / sda GPIO0_D2 -> func3) via rockchip pinctrl[m
[VM 1] [m[37m[  4.989708 ax_driver::soc::rockchip::pmic_i2c:270] [32mpmic_i2c: rk3x_i2c@0xfd880000 ready (clkdiv=0x7c007c)[m
[VM 1] [m[37m[  5.000053 ax_driver::soc::rockchip::cpufreq:281] [32mcpufreq: A76 big0 rail boot voltage = 675000 uV[m
[VM 1] [m[37m[  5.009939 ax_driver::soc::rockchip::cpufreq:281] [32mcpufreq: A76 big1 rail boot voltage = 675000 uV[m
[VM 1] [m[37m[  5.019186 ax_driver::soc::rockchip::pmic_spi:619] [32mpmic_spi: ungated SPI2 PCLK+CLK (CRU 0xfd7c0838 <= 0x21000000)[m
[VM 1] [m[37m[  5.029922 ax_driver::soc::rockchip::pmic_spi:650] [32mpmic_spi: de-asserted SPI2 P+core reset (CRU 0xfd7c0a38 <= 0x21000000)[m
[VM 1] [m[37m[  5.093638 ax_driver::soc::rockchip::pmic_spi:702] [32mpmic_spi: applied spi2 pinctrl-0 (spi2m2 clk/mosi/miso/cs0 mux+pull+drive) via rockchip pinctrl[m
[VM 1] [m[37m[  5.107439 ax_driver::soc::rockchip::pmic_spi:720] [32mpmic_spi: GPIO0 DDR_L=0x00008000 B3(bit11)=0 (0=input) — forcing B3 input[m
[VM 1] [m[37m[  5.153397 ax_driver::soc::rockchip::pmic_spi:748] [32mpmic_spi: PMU1_IOC 00=00001120 04=00000110 08=00001010 0c=00000000 10=00001111 14=00000111 18=00001011 1c=00000000 20=0000ff01 24=000000fc 28=000000ff 2c=0000000f 30=00000000 34=00000000 40=00000008[m
[VM 1] [m[37m[  5.176694 ax_driver::soc::rockchip::pmic_spi:767] [32mpmic_spi: B3/MISO decoded: mux=1 (want 1) drive=1 pull=3 (want 3) smt=0 (want 0)[m
[VM 1] [m[37m[  5.188729 ax_driver::soc::rockchip::pmic_spi:363] [32mpmic_spi: SPI2 baud divisor preserved from U-Boot (200)[m
[VM 1] [m[37m[  5.198989 ax_driver::soc::rockchip::pmic_spi:506] [32mpmic_spi: RK806 probe: chip_name(0x5A)=Some(0) chip_ver(0x5B)=Some(0) dcdc2_raw_rx=[00, 1b, 00, 00] (xfer_ok=true)[m
[VM 1] [m[37m[  5.213727 ax_driver::soc::rockchip::pmic_spi:526] [32mpmic_spi: read-shape distinct: tx=[00, 5a, a5, 3c] rx=[00, 5a, a5, 3c] ok=true[m
[VM 1] [m[37m[  5.226018 ax_driver::soc::rockchip::pmic_spi:531] [32mpmic_spi: read-shape long6: tx=[00, 5a, 00, 00, 00, 00] rx=[00, 5a, 00, 00, 00, 00] ok=true[m
[VM 1] [m[37m[  5.238569 ax_driver::soc::rockchip::pmic_spi:837] [32mpmic_spi: RK806/SPI2 bound at 0xfeb20000[m
[VM 1] [m[37m[  5.247059 ax_driver::soc::rockchip::pmic_spi:848] [32mpmic_spi: A55 vdd_cpu_lit = 500000 uV (buck2 vsel 0x00)[m
[VM 1] [m[37m[  5.256972 ax_driver::soc::rockchip::cpufreq:293] [32mcpufreq: A55 rail boot voltage = 500000 uV[m
[VM 1] [m[37m[  5.266646 ax_driver::soc::rockchip::cpufreq:309] [32mcpufreq: A76 rails -> 675000 uV (big0 ok=true, big1 ok=true)[m
[VM 1] [m[37m[  5.276768 ax_driver::soc::rockchip::pmic_spi:848] [32mpmic_spi: A55 vdd_cpu_lit = 500000 uV (buck2 vsel 0x00)[m
[VM 1] [m[37m[  5.286348 ax_driver::soc::rockchip::cpufreq:322] [33mcpufreq: A55 boot voltage not trustworthy (Some(500000) uV); skipping A55 write until spi2/RK806 bring-up completes (A76 unaffected)[m
[VM 1] [m[37m[  5.302881 ax_driver::soc::rockchip::cpufreq:350] [32mcpufreq: ondemand governor armed (A76 I2C up; a55_spi=true, A55 ring-only)[m
[VM 1] [m[37m[  5.370429 ax_driver::usb::ehci:62] [32mRockchip EHCI driver initialized successfully for usb@fc800000 with irq None[m
[37m[ 19.621117 1:35 axvisor::virtio_net:625] [33mvirtio-net drops an ingress frame: NotReady[m
[m[VM 1] [m[37m[  5.473065 ax_driver::usb::ehci:62] [32mRockchip EHCI driver initialized successfully for usb@fc880000 with irq None[m
[VM 1] [m[37m[  5.609950 ax_driver::pwm::rockchip:99] [32mRockchip PWM registered: node=pwm@fd8b0010 base=0xfd8b0010[m
[VM 1] [m[37m[  5.620567 ax_driver::pwm::rockchip:99] [32mRockchip PWM registered: node=pwm@fd8b0030 base=0xfd8b0030[m
[VM 1] [m[37m[  5.631582 ax_driver::rknpu:82] [32mRK3588 NPU fixed clock rate: 800000000 Hz[m
[VM 1] [m[37m[  5.639081 ax_driver::rknpu:66] [32mNPU registered successfully[m
[VM 1] [m[37m[  5.646636 ax_driver::block::rockchip::clock:12] [32m[mmc@fe2c0000] enabled SDMMC clock Some("biu") (0x17)[m
[VM 1] [m[37m[  5.656144 ax_driver::block::rockchip::clock:12] [32m[mmc@fe2c0000] enabled SDMMC clock Some("ciu") (0x9)[m
[VM 1] [m[37m[  5.665203 ax_driver::block::rockchip::clock:12] [32m[mmc@fe2c0000] enabled SDMMC clock Some("ciu-drive") (0x2c2)[m
[VM 1] [m[37m[  5.675108 ax_driver::block::rockchip::clock:12] [32m[mmc@fe2c0000] enabled SDMMC clock Some("ciu-sample") (0x2c3)[m
[VM 1] [m[37m[  5.771976 ax_driver::block::rockchip::sd:182] [32m[mmc@fe2c0000] vqmmc-supply phandle Phandle(283) is not a fixed GPIO regulator; skip pinctrl enable[m
[VM 1] [m[37m[  5.785606 ax_driver::block::rockchip::sd:119] [32mrockchip-dwmmc probe: node=mmc@fe2c0000, addr=0xfe2c0000, size=0x4000[m
[VM 1] [m[37m[  5.796377 ax_driver::block::rockchip::sd:131] [32mrockchip-dwmmc: using ciu reference clock 49500000 Hz[m
[VM 1] [m[37m[  5.805645 ax_driver::block::rockchip::sd::phase:41] [32mrockchip-dwmmc: RK3588 SDMMC phase configured: drive=90deg sample=0deg parent=49500000Hz[m
[VM 1] [m[37m[  5.818881 ax_driver::block::rockchip::sd:156] [32mrockchip-dwmmc: defer protocol initialization to IRQ-driven hctx[m
[VM 1] [m[37m[  5.829448 ax_driver::block::rockchip::sd:161] [32mrockchip-dwmmc block device registered irq=None[m
[VM 1] [m[37m[  5.840003 ax_driver::block::rockchip::clock:12] [32m[mmc@fe2e0000] enabled SDHCI clock Some("core") (0x13a)[m
[VM 1] [m[37m[  5.849993 ax_driver::block::rockchip::clock:12] [32m[mmc@fe2e0000] enabled SDHCI clock Some("bus") (0x138)[m
[VM 1] [m[37m[  5.859661 ax_driver::block::rockchip::clock:12] [32m[mmc@fe2e0000] enabled SDHCI clock Some("axi") (0x139)[m
[VM 1] [m[37m[  5.869632 ax_driver::block::rockchip::clock:12] [32m[mmc@fe2e0000] enabled SDHCI clock Some("block") (0x13b)[m
[VM 1] [m[37m[  5.879968 ax_driver::block::rockchip::clock:12] [32m[mmc@fe2e0000] enabled SDHCI clock Some("timer") (0x13c)[m
[VM 1] [m[37m[  5.890378 ax_driver::block::rockchip::sdhci_rk3588:167] [32mrockchip-sdhci probe: node=mmc@fe2e0000, addr=0xfe2e0000, size=0x10000[m
[VM 1] [m[37m[  5.902473 ax_driver::block::rockchip::sdhci_rk3588:182] [32mrockchip-sdhci: using external CRU clock[m
[VM 1] [m[37m[  5.912333 ax_driver::block::rockchip::sdhci_rk3588:197] [32mrockchip-sdhci: defer eMMC protocol initialization to IRQ-driven hctx[m
[VM 1] [m[37m[  5.924762 ax_driver::block::rockchip::sdhci_rk3588:201] [32mrockchip-sdhci block device registered irq=None[m
[VM 1] [m[37m[  5.935093 ax_driver::pwm::rockchip:99] [32mRockchip PWM registered: node=pwm@febf0030 base=0xfebf0030[m
[VM 1] [m[37m[  5.946244 ax_driver::virtio:177] [32mprobing virtio-mmio node virtio_mmio@a000000 at PA 0xa000000, size 0x200[m
[VM 1] [m[37m[  5.955939 ax_driver::virtio:184] [32mmapped virtio-mmio at VA 0xffff00000a000000[m
[VM 1] [m[37m[  5.963428 virtio_drivers::device::net::dev_raw:33] [32mnegotiated_features Features(MAC | STATUS | VERSION_1)[m
[VM 1] [m[37m[  5.975399 ax_driver::virtio::net:394] [32mregistered virtio network device irq=None[m
[VM 1] [m[37m[  5.984046 rdrive:222] [33mProbe failed for [fdt]: other error: [] has no USB2 PHY GRF parent[m
[VM 1] [m[37m[  5.992803 ax_runtime::serial:489] [32mserial runtime NS16550 UART ready: cpu=0, irq=Some(Source(FdtInterrupt(FdtIrqSpec { controller: 596, cells: [0, 333, 4] }))), polling=false[m
[VM 1] [mBoot at 1970-01-01 00:00:06.009299041 UTC
[VM 1] 
[VM 1] [37m[  6.013123 sdmmc_protocol::sdio::init::state_machine:102] [32msdio: submit bus op ResetAll[m
[VM 1] [m[37m[  6.022053 ax_fs_ng::block::runtime::hctx:177] [32mblock hctx 0 bound to CPU 0 with hardware depth 1[m
[VM 1] [m[37m[  6.031779 ax_fs_ng::block::runtime::lifecycle::device:300] [32mblock device rockchip-dwmmc IRQ source 0 (IrqId { domain: IrqDomainId(7), hwirq: HwIrq(235) }) fixed to CPU 0 for queue mask 0x1[m
[VM 1] [m[37m[  6.051171 sdmmc_protocol::sdio::init::state_machine:102] [32msdio: submit bus op PowerOn[m
[VM 1] [m[37m[  6.070448 sdmmc_protocol::sdio::init::state_machine:102] [32msdio: submit bus op SwitchVoltage(V330)[m
[VM 1] [m[37m[  6.080252 sdmmc_protocol::sdio::init::state_machine:63] [32msdio: submit bus op SetBusWidth(Bit1)[m
[VM 1] [m[37m[  6.089351 sdmmc_protocol::sdio::init::state_machine:63] [32msdio: submit bus op SetClock(Identification)[m
[VM 1] [m[37m[  6.099655 ax_driver::block::rockchip::sd:70] [32mrockchip-dwmmc: ciu clock set target=400000 Hz cclkin=800000 Hz bus=400000 Hz[m
[VM 1] [m[37m[  6.122734 sdmmc_protocol::sdio::init::state_machine:154] [33msdio: init state PostIdentificationClockDelay aborted (NoCard), resetting host[m
[VM 1] [m[37m[  6.136355 ax_fs_ng::block::runtime::lifecycle:135] [33mfailed to start IRQ-driven block controller: Io[m
[VM 1] [m[37m[  6.145882 sdmmc_protocol::sdio::init::state_machine:102] [32msdio: submit bus op ResetAll[m
[VM 1] [m[37m[  6.154356 ax_fs_ng::block::runtime::hctx:177] [32mblock hctx 0 bound to CPU 0 with hardware depth 1[m
[VM 1] [m[37m[  6.163654 ax_fs_ng::block::runtime::lifecycle::device:300] [32mblock device rockchip-sdhci IRQ source 0 (IrqId { domain: IrqDomainId(7), hwirq: HwIrq(237) }) fixed to CPU 0 for queue mask 0x1[m
[VM 1] [m[37m[  6.182182 ax_driver::block::rockchip::sdhci_rk3588:245] [32mrockchip-sdhci: RK3588 DWCMSHC vendor reset area1=0x500[m
[VM 1] [m[37m[  6.193486 sdmmc_protocol::sdio::init::state_machine:102] [32msdio: submit bus op PowerOn[m
[VM 1] [m[37m[  6.212305 sdmmc_protocol::sdio::init::state_machine:102] [32msdio: submit bus op SwitchVoltage(V330)[m
[VM 1] [m[37m[  6.227913 sdmmc_protocol::sdio::init::state_machine:63] [32msdio: submit bus op SetBusWidth(Bit1)[m
[VM 1] [m[37m[  6.236841 sdmmc_protocol::sdio::init::state_machine:63] [32msdio: submit bus op SetClock(Identification)[m
[VM 1] [m[37m[  6.246423 ax_driver::block::rockchip::sdhci_rk3588:119] [32mrockchip-sdhci: core clock set to 375000 Hz[m
[VM 1] [m[37m[  6.300038 sdmmc_protocol::sdio::init::state_machine::identify:264] [32msdio: detected Mmc ocr=0xc0ff8080[m
[VM 1] [m[37m[  6.311767 sdmmc_protocol::sdio::init::state_machine::identify:338] [32msdio: CSD capacity_blocks=None[m
[VM 1] [m[37m[  6.334804 sdmmc_protocol::sdio::init::state_machine::mmc:38] [32msdio: EXT_CSD sector_count=122159104[m
[VM 1] [m[37m[  6.347567 ax_driver::block::rockchip::sdhci_rk3588:119] [32mrockchip-sdhci: core clock set to 50000000 Hz[m
[VM 1] [m[37m[  6.357969 sdmmc_protocol::sdio::init::state_machine::mmc:314] [32msdio: MMC speed selected HighSpeed bus_width=Bit8[m
[VM 1] [m[37m[  6.369323 sdmmc_protocol::sdio::init::state_machine::mmc:340] [32msdio: enabled 1024 KiB volatile write cache[m
[VM 1] [m[37m[  6.380003 sdmmc_protocol::sdio::init::state_machine:233] [32msdio: init done kind=Mmc sd_v2=false high_capacity=true rca=0x1 ocr=0xc0ff8080 host_bus_width=Bit8 ext_csd_bus_width=Some(Sdr1) ext_csd_timing=Some(Compat)[m
[VM 1] [m[37m[  6.399522 sdmmc_protocol::rdif::queue:172] [32msdmmc block init complete: kind=Mmc high_capacity=true rca=1 capacity_blocks=122159104 cache_enabled=true[m
[VM 1] [m[37m[  6.439139 ax_fs_ng::root:348] [32m    partition 1 name=Some("uboot") fs=None lba 16384..24576[m
[VM 1] [m[37m[  6.448472 ax_fs_ng::root:348] [32m    partition 2 name=Some("misc") fs=None lba 24576..32768[m
[VM 1] [m[37m[  6.457332 ax_fs_ng::root:348] [32m    partition 3 name=Some("boot") fs=None lba 32768..163840[m
[VM 1] [m[37m[  6.465932 ax_fs_ng::root:348] [32m    partition 4 name=Some("recovery") fs=None lba 163840..425984[m
[VM 1] [m[37m[  6.475091 ax_fs_ng::root:348] [32m    partition 5 name=Some("backup") fs=None lba 425984..491520[m
[VM 1] [m[37m[  6.483929 ax_fs_ng::root:348] [32m    partition 6 name=Some("rootfs") fs=Some(Ext4) lba 491520..29851648[m
[VM 1] [m[37m[  6.493051 ax_fs_ng::root:348] [32m    partition 7 name=Some("oem") fs=Some(Ext4) lba 29851648..30113792[m
[VM 1] [m[37m[  6.503382 ax_fs_ng::root:348] [32m    partition 8 name=Some("userdata") fs=Some(Ext4) lba 30113792..122159071[m
[VM 1] [m[37m[  6.514164 ax_fs_ng::root:364] [32m  block device 0 (rockchip-sdhci) has Gpt partition table with 8 partitions[m
[VM 1] [m[37m[  6.523405 ax_fs_ng::root:517] [32m  falling back to PARTLABEL=rootfs[m
[VM 1] [m[37m[  6.530611 ax_fs_ng:86] [32mInitialize filesystem subsystem...[m
[VM 1] [m[37m[  6.536814 ax_fs_ng:87] [32m  selected root device: disk0 partition 6 (rootfs, fs=ext4, lba 491520..29851648)[m
[VM 1] [m[37m[  6.547702 rsext4::crc32c::arm64:54] [33mID_AA64ISAR0_EL1[19:16]: 0x1[m
[VM 1] [m[37m[  6.554764 rsext4::crc32c::arm64:57] [33mHardware CRC32C support detected.[m
[VM 1] [m[37m[  6.574122 rsext4::ext4::mount:331] [32m/lost+found exists (superblock hint inode=11)[m
[VM 1] [m[37m[  6.583037 rsext4::ext4::mount:466] [32mExt4 filesystem mounted[m
[VM 1] [m[37m[  6.589584 rsext4::ext4::mount:467] [32m  - block size: 4096 bytes[m
[VM 1] [m[37m[  6.596219 rsext4::ext4::mount:468] [32m  - total blocks: 3670016[m
[VM 1] [m[37m[  6.602073 rsext4::ext4::mount:469] [32m  - free blocks: 3298218[m
[VM 1] [m[37m[  6.608822 rsext4::ext4::mount:470] [32m  - total inodes: 847616[m
[VM 1] [m[37m[  6.614832 rsext4::ext4::mount:471] [32m  - free inodes: 833536[m
[VM 1] [m[37m[  6.620631 rsext4::ext4::sync:13] [32mSyncing filesystem...[m
[VM 1] [m[37m[  6.636389 rsext4::ext4::mount:550] [32mExt4 filesystem mounted[m
[VM 1] [m[37m[  6.642150 ax_fs_ng:99] [32m  filesystem type: "ext4"[m
[VM 1] [m[37m[  6.650627 rsext4::blockgroup_description::desc:109] [31mGroup descriptor checksum mismatch: group=0 stored=0x0000 expected=0x0589 desc_size=64 block_bitmap=8196 inode_bitmap=24580 inode_table=40964 free_blocks=57348 free_inodes=0 used_dirs=8196 itable_unused=0 flags=0x1 block_bitmap_csum=0x0 inode_bitmap_csum=0x0[m
[VM 1] [m[37m[  6.681785 rsext4::ext4::mount:554] [31mMount failed: EUCLEAN: Structure needs cleaning[m
[VM 1] [m[37m[  6.689970 ax_fs_ng::fs::ext4::rsext4::fs:127] [33mext4 journal replay failed with EUCLEAN; retrying read-only without journal replay[m
[VM 1] [m[37m[  6.702455 rsext4::blockgroup_description::desc:109] [31mGroup descriptor checksum mismatch: group=0 stored=0x0000 expected=0x0589 desc_size=64 block_bitmap=8196 inode_bitmap=24580 inode_table=40964 free_blocks=57348 free_inodes=0 used_dirs=8196 itable_unused=0 flags=0x1 block_bitmap_csum=0x0 inode_bitmap_csum=0x0[m
[VM 1] [m[37m[  6.731655 rsext4::ext4::mount:554] [31mMount failed: EUCLEAN: Structure needs cleaning[m
[VM 1] [m[37m[  6.739768 ax_fs_ng::root:622] [33m  failed to initialize filesystem for partition disk0 partition 7 (oem, fs=ext4, lba 29851648..30113792): AxErrorKind::Io[m
[VM 1] [m[37m[  6.756391 rsext4::blockgroup_description::desc:109] [31mGroup descriptor checksum mismatch: group=0 stored=0x0a8d expected=0x16fe desc_size=64 block_bitmap=262145 inode_bitmap=262161 inode_table=262177 free_blocks=3808 free_inodes=1088 used_dirs=0 itable_unused=1088 flags=0x5 block_bitmap_csum=0x4c1cbc8f inode_bitmap_csum=0xe0e99c72[m
[VM 1] [m[37m[  6.787921 rsext4::ext4::mount:554] [31mMount failed: EUCLEAN: Structure needs cleaning[m
[VM 1] [m[37m[  6.796024 ax_fs_ng::fs::ext4::rsext4::fs:127] [33mext4 journal replay failed with EUCLEAN; retrying read-only without journal replay[m
[VM 1] [m[37m[  6.807710 rsext4::blockgroup_description::desc:109] [31mGroup descriptor checksum mismatch: group=0 stored=0x0a8d expected=0x16fe desc_size=64 block_bitmap=262145 inode_bitmap=262161 inode_table=262177 free_blocks=3808 free_inodes=1088 used_dirs=0 itable_unused=1088 flags=0x5 block_bitmap_csum=0x4c1cbc8f inode_bitmap_csum=0xe0e99c72[m
[VM 1] [m[37m[  6.839919 rsext4::ext4::mount:554] [31mMount failed: EUCLEAN: Structure needs cleaning[m
[VM 1] [m[37m[  6.848233 ax_fs_ng::root:622] [33m  failed to initialize filesystem for partition disk0 partition 8 (userdata, fs=ext4, lba 30113792..122159071): AxErrorKind::Io[m
[VM 1] [m[37m[  6.865986 ax_net:192] [32mInitialize network subsystem...[m
[VM 1] [m[37m[  6.871643 ax_net:212] [32m  use NIC 0: "virtio-net"[m
[VM 1] [m[37m[  6.878244 ax_runtime::irq:120] [32mregistered eth0 irq IrqId { domain: IrqDomainId(7), hwirq: HwIrq(48) }[m
[VM 1] [m[37m[  6.888059 ax_net:238] [32meth0:[m
[VM 1] [m[37m[  6.891454 ax_net:239] [32m  id:   2[m
[VM 1] [m[37m[  6.895641 ax_net:240] [32m  mac:  52-54-00-12-34-15[m
[VM 1] [m[37m[  6.900636 ax_net:257] [32m  mode: dhcp[m
[VM 1] [m[37m[  6.904805 ax_net:295] [32mDevice: lo[m
[VM 1] [m[37m[  6.908658 ax_net:295] [32mDevice: eth0[m
[VM 1] [m[37m[  6.912653 ax_net::service:606] [32meth0: DHCP enabled[m
[VM 2] msh />TASK2_SAFE state=Safe event=HeartbeatTimeout
[VM 1] [m[37m[  8.962176 ax_net:992] [33mDHCP bootstrap timed out[m
[VM 1] [m[37m[  8.967540 ax_runtime:348] [32mPrimary CPU 0 init OK.[m
[VM 1] [m[37m[  8.973227 0:2 ax_fs_ng::block::runtime::lifecycle::device:369] [32mblock device rockchip-sdhci online with 1 hctxs across 1 CPUs[m
[VM 1] [m[37m[  8.985593 0:2 ktracepoint:282] [32mtracepoint_data_start: 0xffffffff80597e90, tracepoint_data_end: 0xffffffff80597ef0[m
[VM 1] [m[37m[  8.996291 0:2 ktracepoint:297] [32mtracepoint_data_len: 6[m
[VM 1] [m[37m[  9.002066 0:2 ktracepoint:314] [32mtracepoint registered: sched:sched_process_exit[m
[VM 1] [m[37m[  9.010357 0:2 ktracepoint:314] [32mtracepoint registered: sched:sched_process_fork[m
[VM 1] [m[37m[  9.018767 0:2 ktracepoint:314] [32mtracepoint registered: sched:sched_switch[m
[VM 1] [m[37m[  9.026282 0:2 ktracepoint:314] [32mtracepoint registered: syscalls:sys_clone[m
[VM 1] [m[37m[  9.034145 0:2 ktracepoint:314] [32mtracepoint registered: syscalls:sys_enter_openat[m
[VM 1] [m[37m[  9.042031 0:2 ktracepoint:314] [32mtracepoint registered: syscalls:sys_mkdirat[m
[VM 1] [mInitialized 6 tracepoints
[VM 1] kmod subsystem initialized
[VM 1] [37m[  9.054617 0:2 starry_kernel::pseudofs:86] [32mInitialize pseudofs...[m
[VM 1] [m[37m[  9.061514 0:2 starry_kernel::pseudofs::dev::tty::serial:256] [32mttyS2 registered: path=/serial@feb50000, alias=Some(2), paddr=0xfeb50000, irq=Some(Source(FdtInterrupt(FdtIrqSpec { controller: 596, cells: [0, 333, 4] })))[m
[VM 1] [m[37m[  9.081564 0:2 starry_kernel::pseudofs::dev::tty::serial:201] [32m/dev/console bound to ttyS2[m
[VM 1] [m[37m[  9.092140 0:2 starry_kernel::pseudofs:80] [32mMounted devfs at /dev[m
[VM 1] [m[37m[  9.098873 0:2 starry_kernel::pseudofs::usbfs:55] [32musbfs: initializing manager[m
[VM 1] [m[37m[  9.106791 0:2 starry_kernel::pseudofs::usbfs::manager:1437] [32musbfs: preparing host 272 as bus 1[m
[VM 1] [m[37m[  9.116070 0:2 starry_kernel::pseudofs::usbfs::manager:1437] [32musbfs: preparing host 274 as bus 2[m
[VM 1] [m[37m[  9.125051 0:2 starry_kernel::pseudofs::usbfs::manager:1486] [32musbfs: discovered 2 USB host(s)[m
[VM 1] [m[37m[  9.133216 0:2 starry_kernel::pseudofs::usbfs::irq:92] [32musbfs: registering IRQ callback for IRQ IrqId { domain: IrqDomainId(7), hwirq: HwIrq(247) } (bus 1, host 272)[m
[VM 1] [m[37m[  9.149298 0:2 starry_kernel::pseudofs::usbfs::irq:92] [32musbfs: registering IRQ callback for IRQ IrqId { domain: IrqDomainId(7), hwirq: HwIrq(250) } (bus 2, host 274)[m
[VM 1] [m[37m[  9.164542 0:2 starry_kernel::pseudofs::usbfs::manager:1275] [32musbfs: initializing host on bus 1[m
[VM 1] [m[37m[  9.293131 0:2 starry_kernel::pseudofs::usbfs::manager:1319] [32musbfs: host on bus 1 initialized[m
[VM 1] [m[37m[  9.302827 0:2 starry_kernel::pseudofs::usbfs::manager:1275] [32musbfs: initializing host on bus 2[m
[VM 1] [m[37m[  9.432821 0:2 starry_kernel::pseudofs::usbfs::manager:1319] [32musbfs: host on bus 2 initialized[m
[VM 1] [m[37m[  9.442495 0:2 starry_kernel::pseudofs::usbfs::manager:1339] [32musbfs: 2 host(s) ready[m
[VM 1] [m[37m[  9.450837 0:2 starry_kernel::pseudofs::usbfs:74] [32musbfs: spawning refresh task[m
[VM 1] [m[37m[  9.458971 0:2 starry_kernel::pseudofs::usbfs:38] [32musbfs: creating filesystem instance[m
[VM 1] [m[37m[  9.467256 0:2 starry_kernel::pseudofs:80] [32mMounted usbfs at /dev/bus/usb[m
[VM 1] [m[37m[  9.474704 0:2 starry_kernel::pseudofs:80] [32mMounted tmpfs at /dev/shm[m
[VM 1] [m[37m[  9.483116 0:2 starry_kernel::pseudofs:80] [32mMounted tmpfs at /tmp[m
[VM 1] [m[37m[  9.490456 0:2 starry_kernel::pseudofs:80] [32mMounted mqueue at /dev/mqueue[m
[VM 1] [m[37m[  9.505149 0:2 starry_kernel::dyn_debug:61] [32mdebug_init: initializing dynamic debug sites[m
[VM 1] [m[37m[  9.514239 0:2 starry_kernel::dyn_debug:64] [32mdebug_init: found 193 dynamic debug sites[m
[VM 1] [m[37m[  9.522397 0:2 starry_kernel::pseudofs::proc:74] [32mRead kallsyms, size: 1563KB[m
[VM 1] [m[37m[  9.551421 0:2 starry_kernel::pseudofs:80] [32mMounted proc at /proc[m
[VM 1] [m[37m[  9.558812 0:2 starry_kernel::pseudofs:80] [32mMounted sysfs at /sys[m
[VM 1] [m[37m[  9.566113 0:2 starry_kernel::pseudofs:80] [32mMounted sysfs at /sys/bus/usb[m
[VM 1] [m[37m[  9.573140 0:2 starry_kernel::pseudofs:80] [32mMounted debug at /sys/kernel/debug[m
[VM 1] [m[37m[  9.581642 0:2 starry_kernel::task::timer:331] [32mInitialize alarm...[m
[VM 1] [m[37m[  9.588892 0:2 starry_kernel::entry:178] [32mInitialize cpufreq ondemand governor...[m
[VM 1] [m[37m[  9.618799 0:18 starry_kernel::task::user:70] [32mEnter user space: ip=0x60116880, sp=0x3fffffff620[m
[VM 1] [m[37m[  9.798310 0:17 ax_driver::soc::rockchip::cpufreq:872] [32mgov: A76b0 peak=0% opp 2->1 = 816 MHz @ 675 mV[m
[VM 1] [m[37m[  9.799169 0:17 ax_driver::soc::rockchip::cpufreq:872] [32mgov: A76b1 peak=0% opp 2->1 = 816 MHz @ 675 mV[m
[VM 1] [m[37m[  9.900263 0:17 ax_driver::soc::rockchip::cpufreq:872] [32mgov: A76b0 peak=0% opp 1->0 = 408 MHz @ 675 mV[m
[VM 1] [m[37m[  9.901255 0:17 ax_driver::soc::rockchip::cpufreq:872] [32mgov: A76b1 peak=0% opp 1->0 = 408 MHz @ 675 mV[m
[VM 1] [mWelcome to [96m[1mStarry OS[0m!
[VM 1] [37m[ 10.003116 0:18 starry_kernel::syscall::task::wait:245] [32msys_waitpid <= pid: -1, options: WaitPidOptions(0x0)[m
[VM 1] [m[37m[ 10.003218 0:19 starry_kernel::task::user:70] [32mEnter user space: ip=0x223184, sp=0x3ffffffecf0[m
[VM 1] [mHOSTNAME=starry
[VM 1] PWD=/
[VM 1] HOME=/root
[VM 1] TERM=xterm-256color
[VM 1] USER=root
[VM 1] SHLVL=1
[VM 1] PATH=/usr/local/sbin:/usr/local/bin:/usr/sbin:/usr/bin:/sbin:/bin
[VM 1] _=/usr/bin/env
[VM 1] [37m[ 10.064325 0:19 starry_kernel::task::ops:398] [32mTask(19, "env") exit with code: 0[m
[VM 1] [m[37m[ 10.073363 0:19 starry_kernel::task::signal:605] [32mSend signal SIGCHLD to process 1[m
[VM 1] [m[37m[ 10.123721 0:18 starry_kernel::syscall::task::wait:245] [32msys_waitpid <= pid: -1, options: WaitPidOptions(WNOHANG)[m
[VM 1] [m
[VM 1] Use [1m[3mapk[0m to install packages.
[VM 1] 
[VM 1] [37m[ 10.149966 0:18 starry_kernel::syscall::task::wait:245] [32msys_waitpid <= pid: -1, options: WaitPidOptions(0x0)[m
[VM 1] [m[37m[ 10.150039 0:20 starry_kernel::task::user:70] [32mEnter user space: ip=0x223184, sp=0x3ffffffecf0[m
[VM 1] [m[37m[ 10.209515 0:20 starry_kernel::task::ops:398] [32mTask(20, "mkdir") exit with code: 256[m
[VM 1] [m[37m[ 10.219272 0:20 starry_kernel::task::signal:605] [32mSend signal SIGCHLD to process 1[m
[VM 1] [m[37m[ 10.227142 0:18 starry_kernel::syscall::task::wait:245] [32msys_waitpid <= pid: -1, options: WaitPidOptions(WNOHANG)[m
[VM 1] [m[37m[ 10.230754 0:18 starry_kernel::syscall::task::wait:245] [32msys_waitpid <= pid: -1, options: WaitPidOptions(0x0)[m
[VM 1] [m[37m[ 10.251224 0:21 starry_kernel::task::user:70] [32mEnter user space: ip=0x223184, sp=0x3ffffffecf0[m
[VM 1] [m[37m[ 10.285196 0:21 starry_kernel::task::ops:398] [32mTask(21, "mkdir") exit with code: 256[m
[VM 1] [m[37m[ 10.295146 0:21 starry_kernel::task::signal:605] [32mSend signal SIGCHLD to process 1[m
[VM 1] [m[37m[ 10.303437 0:18 starry_kernel::syscall::task::wait:245] [32msys_waitpid <= pid: -1, options: WaitPidOptions(WNOHANG)[m
[VM 1] [m[37m[ 10.306774 0:18 starry_kernel::syscall::task::wait:245] [32msys_waitpid <= pid: -1, options: WaitPidOptions(0x0)[m
[VM 1] [m[37m[ 10.327885 0:22 starry_kernel::task::user:70] [32mEnter user space: ip=0x223184, sp=0x3ffffffecf0[m
[VM 1] [m[37m[ 10.360723 0:22 starry_kernel::task::ops:398] [32mTask(22, "mkdir") exit with code: 256[m
[VM 1] [m[37m[ 10.370196 0:22 starry_kernel::task::signal:605] [32mSend signal SIGCHLD to process 1[m
[VM 1] [m[37m[ 10.378907 0:18 starry_kernel::syscall::task::wait:245] [32msys_waitpid <= pid: -1, options: WaitPidOptions(WNOHANG)[m
[VM 1] [m[37m[ 10.394977 0:18 starry_kernel::syscall::task::wait:245] [32msys_waitpid <= pid: -1, options: WaitPidOptions(0x0)[m
[VM 1] [m[37m[ 10.395532 0:23 starry_kernel::task::user:70] [32mEnter user space: ip=0x223184, sp=0x3ffffffeb00[m
[VM 1] [m[37m[ 10.457728 0:23 starry_kernel::task::ops:398] [32mTask(23, "touch") exit with code: 0[m
[VM 1] [m[37m[ 10.467286 0:23 starry_kernel::task::signal:605] [32mSend signal SIGCHLD to process 1[m
[VM 1] [m[37m[ 10.476389 0:18 starry_kernel::syscall::task::wait:245] [32msys_waitpid <= pid: -1, options: WaitPidOptions(WNOHANG)[m
[VM 1] [m[37m[ 10.479989 0:18 starry_kernel::syscall::task::wait:245] [32msys_waitpid <= pid: -1, options: WaitPidOptions(0x0)[m
[VM 1] [m[37m[ 10.500569 0:24 starry_kernel::task::user:70] [32mEnter user space: ip=0x223184, sp=0x3ffffffeb00[m
[VM 1] [m[37m[ 10.544535 0:24 starry_kernel::task::ops:398] [32mTask(24, "touch") exit with code: 0[m
[VM 1] [m[37m[ 10.554195 0:24 starry_kernel::task::signal:605] [32mSend signal SIGCHLD to process 1[m
[VM 1] [m[37m[ 10.561905 0:18 starry_kernel::syscall::task::wait:245] [32msys_waitpid <= pid: -1, options: WaitPidOptions(WNOHANG)[m
[VM 1] [m[37m[ 10.578851 0:18 starry_kernel::syscall::task::wait:245] [32msys_waitpid <= pid: -1, options: WaitPidOptions(0x0)[m
[VM 1] [m[37m[ 10.578917 0:25 starry_kernel::task::user:70] [32mEnter user space: ip=0x223184, sp=0x3ffffffe910[m
[VM 1] [m[37m[ 10.631601 0:25 starry_kernel::task::ops:398] [32mTask(25, "touch") exit with code: 0[m
[VM 1] [m[37m[ 10.641087 0:25 starry_kernel::task::signal:605] [32mSend signal SIGCHLD to process 1[m
[VM 1] [m[37m[ 10.649316 0:18 starry_kernel::syscall::task::wait:245] [32msys_waitpid <= pid: -1, options: WaitPidOptions(WNOHANG)[m
[VM 1] [m[37m[ 10.652404 0:18 starry_kernel::syscall::task::wait:245] [32msys_waitpid <= pid: -1, options: WaitPidOptions(0x0)[m
[VM 1] [m[37m[ 10.673926 0:26 starry_kernel::task::user:70] [32mEnter user space: ip=0x223184, sp=0x3ffffffe910[m
[VM 1] [m[37m[ 10.714676 0:26 starry_kernel::task::ops:398] [32mTask(26, "touch") exit with code: 0[m
[VM 1] [m[37m[ 10.723936 0:26 starry_kernel::task::signal:605] [32mSend signal SIGCHLD to process 1[m
[VM 1] [m[37m[ 10.732673 0:18 starry_kernel::syscall::task::wait:245] [32msys_waitpid <= pid: -1, options: WaitPidOptions(WNOHANG)[m
[VM 1] [m[37m[ 10.735881 0:18 starry_kernel::syscall::task::wait:245] [32msys_waitpid <= pid: -1, options: WaitPidOptions(0x0)[m
[VM 1] [m[37m[ 10.756898 0:27 starry_kernel::task::user:70] [32mEnter user space: ip=0x223184, sp=0x3ffffffe910[m
[VM 1] [m[37m[ 10.798871 0:27 starry_kernel::task::ops:398] [32mTask(27, "touch") exit with code: 0[m
[VM 1] [m[37m[ 10.808434 0:27 starry_kernel::task::signal:605] [32mSend signal SIGCHLD to process 1[m
[VM 1] [m[37m[ 10.816769 0:18 starry_kernel::syscall::task::wait:245] [32msys_waitpid <= pid: -1, options: WaitPidOptions(WNOHANG)[m
[VM 1] [m[37m[ 10.820373 0:18 starry_kernel::syscall::task::wait:245] [32msys_waitpid <= pid: -1, options: WaitPidOptions(0x0)[m
[VM 1] [m[37m[ 10.841977 0:28 starry_kernel::task::user:70] [32mEnter user space: ip=0x223184, sp=0x3ffffffe910[m
[VM 1] [m[37m[ 10.884572 0:28 starry_kernel::task::ops:398] [32mTask(28, "touch") exit with code: 0[m
[VM 1] [m[37m[ 10.894617 0:28 starry_kernel::task::signal:605] [32mSend signal SIGCHLD to process 1[m
[VM 1] [m[37m[ 10.902278 0:18 starry_kernel::syscall::task::wait:245] [32msys_waitpid <= pid: -1, options: WaitPidOptions(WNOHANG)[m
[VM 1] [m[37m[ 10.905986 0:18 starry_kernel::syscall::task::wait:245] [32msys_waitpid <= pid: -1, options: WaitPidOptions(0x0)[m
[VM 1] [m[37m[ 10.927135 0:29 starry_kernel::task::user:70] [32mEnter user space: ip=0x223184, sp=0x3ffffffe910[m
[VM 1] [m[37m[ 10.971197 0:29 starry_kernel::task::ops:398] [32mTask(29, "touch") exit with code: 0[m
[VM 1] [m[37m[ 10.981415 0:29 starry_kernel::task::signal:605] [32mSend signal SIGCHLD to process 1[m
[VM 1] [m[37m[ 10.989542 0:18 starry_kernel::syscall::task::wait:245] [32msys_waitpid <= pid: -1, options: WaitPidOptions(WNOHANG)[m
[VM 1] [m[37m[ 10.992935 0:18 starry_kernel::syscall::task::wait:245] [32msys_waitpid <= pid: -1, options: WaitPidOptions(0x0)[m
[VM 1] [m[37m[ 11.014385 0:30 starry_kernel::task::user:70] [32mEnter user space: ip=0x223184, sp=0x3ffffffe910[m
[VM 1] [m[37m[ 11.057160 0:30 starry_kernel::task::ops:398] [32mTask(30, "touch") exit with code: 0[m
[VM 1] [m[37m[ 11.067047 0:30 starry_kernel::task::signal:605] [32mSend signal SIGCHLD to process 1[m
[VM 1] [m[37m[ 11.074995 0:18 starry_kernel::syscall::task::wait:245] [32msys_waitpid <= pid: -1, options: WaitPidOptions(WNOHANG)[m
[VM 1] [m[37m[ 11.078636 0:18 starry_kernel::syscall::task::wait:245] [32msys_waitpid <= pid: -1, options: WaitPidOptions(0x0)[m
[VM 1] [m[37m[ 11.099412 0:31 starry_kernel::task::user:70] [32mEnter user space: ip=0x223184, sp=0x3ffffffe910[m
[VM 1] [m[37m[ 11.142080 0:31 starry_kernel::task::ops:398] [32mTask(31, "touch") exit with code: 0[m
[VM 1] [m[37m[ 11.151818 0:31 starry_kernel::task::signal:605] [32mSend signal SIGCHLD to process 1[m
[VM 1] [m[37m[ 11.159986 0:18 starry_kernel::syscall::task::wait:245] [32msys_waitpid <= pid: -1, options: WaitPidOptions(WNOHANG)[m
[VM 1] [m[37m[ 11.163536 0:18 starry_kernel::syscall::task::wait:245] [32msys_waitpid <= pid: -1, options: WaitPidOptions(0x0)[m
[VM 1] [m[37m[ 11.185748 0:32 starry_kernel::task::user:70] [32mEnter user space: ip=0x223184, sp=0x3ffffffe910[m
[VM 1] [m[37m[ 11.234414 0:32 starry_kernel::task::ops:398] [32mTask(32, "touch") exit with code: 0[m
[VM 1] [m[37m[ 11.243707 0:32 starry_kernel::task::signal:605] [32mSend signal SIGCHLD to process 1[m
[VM 1] [m[37m[ 11.251540 0:18 starry_kernel::syscall::task::wait:245] [32msys_waitpid <= pid: -1, options: WaitPidOptions(WNOHANG)[m
[VM 1] [m[37m[ 11.270539 0:18 starry_kernel::syscall::task::wait:245] [32msys_waitpid <= pid: -1, options: WaitPidOptions(0x0)[m
[VM 1] [m[37m[ 11.270607 0:33 starry_kernel::task::user:70] [32mEnter user space: ip=0x223184, sp=0x3ffffffecf0[m
[VM 1] [m[37m[ 11.320403 0:33 starry_kernel::task::ops:398] [32mTask(33, "cat") exit with code: 0[m
[VM 1] [m[37m[ 11.329982 0:33 starry_kernel::task::signal:605] [32mSend signal SIGCHLD to process 1[m
[VM 1] [m[37m[ 11.338578 0:18 starry_kernel::syscall::task::wait:245] [32msys_waitpid <= pid: -1, options: WaitPidOptions(WNOHANG)[m
[VM 1] [m[37m[ 11.487217 0:34 starry_kernel::task::user:70] [32mEnter user space: ip=0x223184, sp=0x3ffffffe060[m
[VM 1] [m[37m[ 11.558194 0:34 starry_kernel::task::ops:398] [32mTask(34, "groups") exit with code: 0[m
[VM 1] [m[37m[ 11.558353 0:18 starry_kernel::syscall::task::wait:245] [32msys_waitpid <= pid: -1, options: WaitPidOptions(0x0)[m
[VM 1] [m[37m[ 11.578439 0:34 starry_kernel::task::signal:605] [32mSend signal SIGCHLD to process 1[m
[VM 1] [m[37m[ 11.586930 0:18 starry_kernel::syscall::task::wait:245] [32msys_waitpid <= pid: -1, options: WaitPidOptions(WNOHANG)[m
[VM 1] [mroot@starry:/root # [37m[ 11.979753 0:17 ax_driver::soc::rockchip::cpufreq:872] [32mgov: A55 peak=0% opp 2->1 = 816 MHz @ 675 mV[m
[VM 1] [m[37m[ 12.080382 0:17 ax_driver::soc::rockchip::cpufreq:872] [32mgov: A55 peak=10% opp 1->0 = 408 MHz @ 675 mV[m
[mwc -c /proc/initrd; sha256sum /proc/initrd; [37m[ 12.288689 0:17 ax_driver::soc::rockchip::cpufreq:872] [32mgov: A55 peak=100% opp 0->2 = 1021 MHz @ 675 mV[m
[mmkdir -p /tmp/t1 23; cd /tmp/t123; gzip -dc /proc/initrd | cpio -id; mount --bind /tmp/t123/usr/s hare /usr/share; ip addr add 10.0.42.15/24 dev eth0 2>/dev/null || true; echo TA SK123_SETUP_DONE
[37m[ 12.780513 0:18 starry_kernel::syscall::task::wait:245] [32msys_waitpid <= pid: -1, options: WaitPidOptions(WUNTRACED | WCONTINUED)[m
[m[37m[ 12.780587 0:35 starry_kernel::task::user:70] [32mEnter user space: ip=0x223184, sp=0x3ffffffe7b0[m
[m32055708 /proc/initrd
[37m[ 13.006685 0:35 starry_kernel::task::ops:398] [32mTask(35, "wc") exit with code: 0[m
[m[37m[ 13.018410 0:35 starry_kernel::task::signal:605] [32mSend signal SIGCHLD to process 1[m
[m[37m[ 13.027166 0:18 starry_kernel::syscall::task::wait:245] [32msys_waitpid <= pid: -1, options: WaitPidOptions(WNOHANG | WUNTRACED | WCONTINUED)[m
[m[37m[ 13.047865 0:18 starry_kernel::syscall::task::wait:245] [32msys_waitpid <= pid: -1, options: WaitPidOptions(WUNTRACED | WCONTINUED)[m
[m[37m[ 13.047940 0:36 starry_kernel::task::user:70] [32mEnter user space: ip=0x223184, sp=0x3ffffffe7e0[m
[m4e36263479d045b6a7f1d84ec3981949efc64e0aa4de82c1c91a81c05a732da5  /proc/initrd
[37m[ 13.815904 0:36 starry_kernel::task::ops:398] [32mTask(36, "sha256sum") exit with code: 0[m
[m[37m[ 13.826993 0:36 starry_kernel::task::signal:605] [32mSend signal SIGCHLD to process 1[m
[m[37m[ 13.835274 0:18 starry_kernel::syscall::task::wait:245] [32msys_waitpid <= pid: -1, options: WaitPidOptions(WNOHANG | WUNTRACED | WCONTINUED)[m
[m[37m[ 13.839579 0:18 starry_kernel::syscall::task::wait:245] [32msys_waitpid <= pid: -1, options: WaitPidOptions(WUNTRACED | WCONTINUED)[m
[m[37m[ 13.863403 0:37 starry_kernel::task::user:70] [32mEnter user space: ip=0x223184, sp=0x3ffffffe9d0[m
[m[37m[ 13.900863 0:37 starry_kernel::task::ops:398] [32mTask(37, "mkdir") exit with code: 0[m
[m[37m[ 13.910356 0:37 starry_kernel::task::signal:605] [32mSend signal SIGCHLD to process 1[m
[m[37m[ 13.919160 0:18 starry_kernel::syscall::task::wait:245] [32msys_waitpid <= pid: -1, options: WaitPidOptions(WNOHANG | WUNTRACED | WCONTINUED)[m
[m[37m[ 13.926109 0:18 starry_kernel::syscall::task::wait:245] [32msys_waitpid <= pid: -1, options: WaitPidOptions(WUNTRACED | WCONTINUED)[m
[m[37m[ 13.950932 0:38 starry_kernel::task::user:70] [32mEnter user space: ip=0x223184, sp=0x3ffffffead0[m
[m[37m[ 13.951219 0:39 starry_kernel::task::user:70] [32mEnter user space: ip=0x223184, sp=0x3ffffffead0[m
[m[37m[ 21.279391 0:38 starry_kernel::task::ops:398] [32mTask(38, "busybox") exit with code: 0[m
[m[37m[ 21.289752 0:38 starry_kernel::task::signal:605] [32mSend signal SIGCHLD to process 1[m
[m[37m[ 21.298732 0:18 starry_kernel::syscall::task::wait:245] [32msys_waitpid <= pid: -1, options: WaitPidOptions(WUNTRACED | WCONTINUED)[m
[m209861 blocks
[37m[ 21.313075 0:39 starry_kernel::task::ops:398] [32mTask(39, "busybox") exit with code: 0[m
[m[37m[ 21.325790 0:39 starry_kernel::task::signal:605] [32mSend signal SIGCHLD to process 1[m
[m[37m[ 21.334178 0:18 starry_kernel::syscall::task::wait:245] [32msys_waitpid <= pid: -1, options: WaitPidOptions(WNOHANG | WUNTRACED | WCONTINUED)[m
[m[37m[ 21.353428 0:18 starry_kernel::syscall::task::wait:245] [32msys_waitpid <= pid: -1, options: WaitPidOptions(WUNTRACED | WCONTINUED)[m
[m[37m[ 21.353500 0:40 starry_kernel::task::user:70] [32mEnter user space: ip=0x223184, sp=0x3ffffffefa0[m
[m[37m[ 21.486106 0:40 starry_kernel::task::ops:398] [32mTask(40, "mount") exit with code: 0[m
[m[37m[ 21.496534 0:40 starry_kernel::task::signal:605] [32mSend signal SIGCHLD to process 1[m
[m[37m[ 21.505608 0:18 starry_kernel::syscall::task::wait:245] [32msys_waitpid <= pid: -1, options: WaitPidOptions(WNOHANG | WUNTRACED | WCONTINUED)[m
[m[37m[ 21.525565 0:18 starry_kernel::syscall::task::wait:245] [32msys_waitpid <= pid: -1, options: WaitPidOptions(WUNTRACED | WCONTINUED)[m
[m[37m[ 21.525639 0:41 starry_kernel::task::user:70] [32mEnter user space: ip=0x223184, sp=0x3ffffffefa0[m
[m[37m[ 21.616613 0:41 starry_kernel::task::ops:398] [32mTask(41, "ip") exit with code: 0[m
[m[37m[ 21.626358 0:41 starry_kernel::task::signal:605] [32mSend signal SIGCHLD to process 1[m
[m[37m[ 21.634730 0:18 starry_kernel::syscall::task::wait:245] [32msys_waitpid <= pid: -1, options: WaitPidOptions(WNOHANG | WUNTRACED | WCONTINUED)[m
[mTASK123_SETUP_DONE
root@starry:/tmp/t123 # [37m[ 21.685886 0:9 ax_net::device::ethernet:486] [32meth0: ARP 10.0.42.2 -> 52-54-00-12-34-02[m
[m[37m[ 21.751303 0:17 ax_driver::soc::rockchip::cpufreq:872] [32mgov: A55 peak=10% opp 2->1 = 816 MHz @ 675 mV[m
[m/tmp/t123/bin/task2-net yolo
[37m[ 21.884097 0:18 starry_kernel::syscall::task::wait:245] [32msys_waitpid <= pid: -1, options: WaitPidOptions(WUNTRACED | WCONTINUED)[m
[m[37m[ 21.884382 0:42 starry_kernel::task::user:70] [32mEnter user space: ip=0x223184, sp=0x3fffffff540[m
[mTASK3_MODEL_READY model=yolo11n.ncnn runtime=ncnn ncnn_revision=946fe3fb14a8dff8c06df763f67be522167b2f00 param_sha256=d2c0adf8939dc9ce02964ce8ada104447768ffd8e3bffad8fa11e2e61e709c1f bin_sha256=0ae562447923999779b12b4f91f96b9ef263add8c9902d10e22e6dd6a2932c12 input_sha256=608c8a61ff0bb43e5a8613f1f6f8aa08af74b084363610ed2b526ad925e4cb6f input_manifest_sha256=3406b58bb1920dba66462b982304294324bc5d4cdb3ed80f14e4c6ba595dd47b mode=in-guest run_mode=yolo samples=5
TASK3_INFER_STARTED model=yolo11n.ncnn request=1 phase=startup
[37m[ 22.034139 0:17 ax_driver::soc::rockchip::cpufreq:872] [32mgov: A55 peak=100% opp 1->2 = 1021 MHz @ 675 mV[m
[m[37m[ 24.404716 0:42 ax_net::udp:288] [32mUDP socket #0: bound on *:4242[m
[mSTARRY_T2N1_READY local=0.0.0.0:4242 peer=10.0.42.2:4242 session=0x54525432 mode=yolo
TASK3_SAMPLE sample=1 image_id=vase-left image_sha256=570d32eef9a9f5fd7101c5058b625ef62469e5ba778a77c38da675bea4752cf9 truth_target=321 expected=accept source=yolo outcome=accepted request=1 elapsed_ms=0
TASK3_INFER model=yolo11n.ncnn source=yolo infer_us=1604277 request=1 elapsed_ms=0
TASK3_DETECTION model=yolo11n.ncnn class=75 confidence_milli=828 center_x_milli=321 area_milli=63 target=400 request=1
STARRY_T2N1_CONTROL_SENT seq=1 value=400 request=1 elapsed_ms=0
TASK3_CONTROL_SENT elapsed_ms=0 sample=1 image_id=vase-left source=yolo request=1 value=400 truth_target=321 state=300 seq=1
STARRY_T2N1_ACK seq=1
STARRY_T2N1_STATUS_DELIVERED seq=1 bytes=12 request=1 state=Active value=310 rtt_ms=94
TASK3_STATUS_RECEIVED elapsed_ms=94 sample=1 image_id=vase-left request=1 value=400 state_before=300 state_after=310 rtt_ms=94
STARRY_T2N1_PASS
[37m[ 24.658296 0:17 ax_driver::soc::rockchip::cpufreq:872] [32mgov: A55 peak=10% opp 2->1 = 816 MHz @ 675 mV[m
[m[37m[ 24.758975 0:17 ax_driver::soc::rockchip::cpufreq:872] [32mgov: A55 peak=10% opp 1->0 = 408 MHz @ 675 mV[m
[mTASK3_INFER_STARTED model=yolo11n.ncnn request=2 elapsed_ms=1103
[37m[ 25.528270 0:43 starry_kernel::task::user:70] [32mEnter user space: ip=0x8ab6e0, sp=0x21da50[m
[m[37m[ 25.754552 0:17 ax_driver::soc::rockchip::cpufreq:872] [32mgov: A55 peak=100% opp 0->2 = 1021 MHz @ 675 mV[m
[m[37m[ 28.148702 0:43 starry_kernel::task::ops:398] [32mTask(43, "task2-net") exit with code: 0[m
[mTASK3_SAMPLE sample=2 image_id=vase-center image_sha256=608c8a61ff0bb43e5a8613f1f6f8aa08af74b084363610ed2b526ad925e4cb6f truth_target=421 expected=accept source=yolo outcome=accepted request=2 elapsed_ms=3559
TASK3_INFER model=yolo11n.ncnn source=yolo infer_us=1626496 request=2 elapsed_ms=3559
TASK3_DETECTION model=yolo11n.ncnn class=75 confidence_milli=843 center_x_milli=421 area_milli=63 target=421 request=2
STARRY_T2N1_CONTROL_SENT seq=2 value=421 request=2 elapsed_ms=3559
TASK3_CONTROL_SENT elapsed_ms=3559 sample=2 image_id=vase-center source=yolo request=2 value=421 truth_target=421 state=310 seq=2
STARRY_T2N1_ACK seq=2
STARRY_T2N1_STATUS_DELIVERED seq=2 bytes=12 request=2 state=Active value=322 rtt_ms=283
TASK3_STATUS_RECEIVED elapsed_ms=3842 sample=2 image_id=vase-center request=2 value=421 state_before=310 state_after=322 rtt_ms=283
[37m[ 28.397173 0:17 ax_driver::soc::rockchip::cpufreq:872] [32mgov: A55 peak=0% opp 2->1 = 816 MHz @ 675 mV[m
[m[37m[ 28.497809 0:17 ax_driver::soc::rockchip::cpufreq:872] [32mgov: A55 peak=10% opp 1->0 = 408 MHz @ 675 mV[m
[mTASK3_INFER_STARTED model=yolo11n.ncnn request=3 elapsed_ms=4846
[37m[ 29.270422 0:44 starry_kernel::task::user:70] [32mEnter user space: ip=0x8ab6e0, sp=0x21da50[m
[m[37m[ 29.484717 0:17 ax_driver::soc::rockchip::cpufreq:872] [32mgov: A55 peak=100% opp 0->2 = 1021 MHz @ 675 mV[m
[m[37m[ 31.886702 0:44 starry_kernel::task::ops:398] [32mTask(44, "task2-net") exit with code: 0[m
[mTASK3_SAMPLE sample=3 image_id=vase-right image_sha256=f9d70fd3e0f85185ce8e45b2d714d8b4083833da73cdaeac5d981abc890ef698 truth_target=521 expected=accept source=yolo outcome=accepted request=3 elapsed_ms=7289
TASK3_INFER model=yolo11n.ncnn source=yolo infer_us=1634971 request=3 elapsed_ms=7289
TASK3_DETECTION model=yolo11n.ncnn class=75 confidence_milli=842 center_x_milli=521 area_milli=63 target=521 request=3
STARRY_T2N1_CONTROL_SENT seq=3 value=521 request=3 elapsed_ms=7289
TASK3_CONTROL_SENT elapsed_ms=7289 sample=3 image_id=vase-right source=yolo request=3 value=521 truth_target=521 state=322 seq=3
STARRY_T2N1_ACK seq=3
STARRY_T2N1_STATUS_DELIVERED seq=3 bytes=12 request=3 state=Active value=364 rtt_ms=287
TASK3_STATUS_RECEIVED elapsed_ms=7576 sample=3 image_id=vase-right request=3 value=521 state_before=322 state_after=364 rtt_ms=287
[37m[ 32.135436 0:17 ax_driver::soc::rockchip::cpufreq:872] [32mgov: A55 peak=10% opp 2->1 = 816 MHz @ 675 mV[m
[m[37m[ 32.236072 0:17 ax_driver::soc::rockchip::cpufreq:872] [32mgov: A55 peak=10% opp 1->0 = 408 MHz @ 675 mV[m
[mTASK3_INFER_STARTED model=yolo11n.ncnn request=4 elapsed_ms=8584
[37m[ 33.009942 0:45 starry_kernel::task::user:70] [32mEnter user space: ip=0x8ab6e0, sp=0x21da50[m
[m[37m[ 33.224495 0:17 ax_driver::soc::rockchip::cpufreq:872] [32mgov: A55 peak=100% opp 0->2 = 1021 MHz @ 675 mV[m
[m[37m[ 35.620484 0:45 starry_kernel::task::ops:398] [32mTask(45, "task2-net") exit with code: 0[m
[mTASK3_INFER model=yolo11n.ncnn source=yolo infer_us=1629763 request=4 elapsed_ms=11029
TASK3_SAMPLE sample=4 image_id=no-target image_sha256=a50f32c63aff52e8abab6c82bbd8e202512ab23ff12e213d6833aa719af56bc9 truth_target=none expected=reject source=yolo outcome=rejected request=4 elapsed_ms=11029
TASK3_MODEL_REJECTED model=yolo11n.ncnn reason=Perception { reason: LowConfidence, infer_us: 1629763 } action=safe request=4 elapsed_ms=11029
STARRY_T2N1_SAFE source=model reason=Perception { reason: LowConfidence, infer_us: 1629763 } elapsed_ms=11029
[37m[ 35.769048 0:17 ax_driver::soc::rockchip::cpufreq:872] [32mgov: A55 peak=10% opp 2->1 = 816 MHz @ 675 mV[m
[m[37m[ 35.869698 0:17 ax_driver::soc::rockchip::cpufreq:872] [32mgov: A55 peak=10% opp 1->0 = 408 MHz @ 675 mV[m
[mTASK3_INFER_STARTED model=yolo11n.ncnn request=5 elapsed_ms=12032
[37m[ 36.458705 0:46 starry_kernel::task::user:70] [32mEnter user space: ip=0x8ab6e0, sp=0x21da50[m
[m[37m[ 36.685078 0:17 ax_driver::soc::rockchip::cpufreq:872] [32mgov: A55 peak=100% opp 0->2 = 1021 MHz @ 675 mV[m
[m[37m[ 39.092568 0:46 starry_kernel::task::ops:398] [32mTask(46, "task2-net") exit with code: 0[m
[mTASK3_INFER model=yolo11n.ncnn source=yolo infer_us=1633257 request=5 elapsed_ms=14489
TASK3_SAMPLE sample=5 image_id=small-target image_sha256=a6a77909aed2ed499df3ccd54d5db3384a2de0cfcaa799b15e1c896c7a058370 truth_target=500 expected=reject source=yolo outcome=rejected request=5 elapsed_ms=14489
TASK3_MODEL_REJECTED model=yolo11n.ncnn reason=Perception { reason: SmallArea, infer_us: 1633257 } action=safe request=5 elapsed_ms=14489
STARRY_T2N1_SAFE source=model reason=Perception { reason: SmallArea, infer_us: 1633257 } elapsed_ms=14489
TASK3_EXPERIMENT_COMPLETE run_mode=yolo samples=5 elapsed_ms=14489
[37m[ 39.235003 0:17 ax_driver::soc::rockchip::cpufreq:872] [32mgov: A55 peak=10% opp 2->1 = 816 MHz @ 675 mV[m
[m[37m[ 39.334475 0:13 starry_kernel::task::signal:679] [32mSend signal SIGINT to process group 42[m
[m[37m[ 39.334498 0:13 starry_kernel::task::signal:605] [32mSend signal SIGINT to process 42[m
[m^C[37m[ 39.357156 0:42 starry_kernel::task::ops:398] [32mTask(42, "task2-net") exit with code: 2[m
[m[37m[ 39.357575 0:17 ax_driver::soc::rockchip::cpufreq:872] [32mgov: A55 peak=25% opp 1->0 = 408 MHz @ 675 mV[m
[m[37m[ 39.426110 0:42 starry_kernel::task::signal:605] [32mSend signal SIGCHLD to process 1[m
[m
[37m[ 39.455560 0:18 starry_kernel::syscall::task::wait:245] [32msys_waitpid <= pid: -1, options: WaitPidOptions(WNOHANG | WUNTRACED | WCONTINUED)[m
[m[37m[ 39.498524 0:17 ax_driver::soc::rockchip::cpufreq:872] [32mgov: A55 peak=92% opp 0->2 = 1021 MHz @ 675 mV[m
[mroot@starry:/tmp/t123 # 

[Axvisor] detached VM[1] console
Welcome to AxVisor Shell!
Type 'help' to see available commands
Use UP/DOWN arrows to navigate command history
Console shortcuts:
  Ctrl+X, then h  return to the Axvisor shell
  Ctrl+X, then [  attach the previous running guest
  Ctrl+X, then ]  attach the next running guest

[2Kaxvisor:/$ [2Kaxvisor:/$ r[2Kaxvisor:/$ rt[2Kaxvisor:/$ rt [2Kaxvisor:/$ rt s[2Kaxvisor:/$ rt st[2Kaxvisor:/$ rt sta[2Kaxvisor:/$ rt stat
FP-RR scheduler counters:
  quantum_ticks=5 quantum_expiries=41 same_priority_rotations=35 slice_preserving_preemptions=37473 voluntary_requeues=2575252 idle_quantum_skips=7211 lower_priority_services=86
RT vCPU wait counters:
  vcpu=0 post_vmexit_yields=54719 parks=11276 wakes=11081 notify_woke=11066 vtimer_arms=22420 vtimer_immediate=69 vtimer_no_deadline=0 vtimer_registered=22351 vtimer_callbacks=6311 vtimer_stale_callbacks=5 vtimer_notifications=6306 vtimer_invalidations=375737 callback_to_wake_samples=0 callback_to_wake_overflow=0 callback_to_wake_p50_ns=0 callback_to_wake_p99_ns=0 callback_to_wake_p99_9_ns=0 callback_to_wake_max_ns=0 callback_to_run_dispatch_samples=0 callback_to_run_dispatch_overflow=0 callback_to_run_dispatch_p50_ns=0 callback_to_run_dispatch_p99_ns=0 callback_to_run_dispatch_p99_9_ns=0 callback_to_run_dispatch_max_ns=0 callback_to_guest_entry_samples=0 callback_to_guest_entry_overflow=0 callback_to_guest_entry_p50_ns=0 callback_to_guest_entry_p99_ns=0 callback_to_guest_entry_p99_9_ns=0 callback_to_guest_entry_max_ns=0 direct_acks=8109 direct_overlaps=0 direct_to_run_dispatch_samples=0 direct_to_run_dispatch_overflow=0 direct_to_run_dispatch_p50_ns=0 direct_to_run_dispatch_p99_ns=0 direct_to_run_dispatch_p99_9_ns=0 direct_to_run_dispatch_max_ns=0 direct_to_guest_entry_samples=0 direct_to_guest_entry_overflow=0 direct_to_guest_entry_p50_ns=0 direct_to_guest_entry_p99_ns=0 direct_to_guest_entry_p99_9_ns=0 direct_to_guest_entry_max_ns=0 activation_hold_samples=0 activation_hold_overflow=0 activation_hold_p50_ns=0 activation_hold_p99_ns=0 activation_hold_p99_9_ns=0 activation_hold_max_ns=0
  lr_skips=0
RT device-poll counters:
  vm=1 published=267 kicked=267 consumed=265 pending=false
  vm=2 published=0 kicked=0 consumed=0 pending=false
RT AxVM timer counters:
  cpu=1 now_ns=53964287125 wheel_next_ns=53969982417 published_ns=53969982417 registered=22351 cancelled=16039 expired=6311 worker_wakes=6256 expiry_batches=6302 expiry_late_samples=0 expiry_late_overflow=0 expiry_late_p50_ns=0 expiry_late_p99_ns=0 expiry_late_p99_9_ns=0 expiry_late_max_ns=0 lock_acquisitions=94730 lock_wait_total_ns=20425254 lock_wait_max_ns=88084 lock_hold_total_ns=130975308 lock_hold_max_ns=12834
RT host hardware timer IRQ counters:
  cpu=0 irqs=5021
  cpu=1 irqs=11130
  cpu=2 irqs=4696
  cpu=3 irqs=4695
  cpu=4 irqs=4695
  cpu=5 irqs=4695
  cpu=6 irqs=4695
  cpu=7 irqs=4693
RT console counters: attached=None flush_calls=2465003 host_write_bytes=56832
  vm=1 active=true input_enqueued=267 input_drained=267 input_dropped=0 input_pending=0 output_enqueued=52240 output_drained=52240 output_dropped=0 output_pending=0
  vm=2 active=true input_enqueued=0 input_drained=0 input_dropped=0 input_pending=0 output_enqueued=5508 output_drained=5508 output_dropped=0 output_pending=0
axvisor:/$ [2Kaxvisor:/$ v[2Kaxvisor:/$ vm[2Kaxvisor:/$ vm [2Kaxvisor:/$ vm l[2Kaxvisor:/$ vm li[2Kaxvisor:/$ vm lis[2Kaxvisor:/$ vm list
VM ID  NAME            STATUS       VCPU            MEMORY     VCPU STATE          
------ --------------- ------------ --------------- ---------- --------------------
1      atk-task123-starry running      0               1GB        Rdy:1               
2      atk-task123-rtthread running      0               512MB      Free:1              
axvisor:/$ 