sequence,cycle_started_us,command_sent_us,response_completed_us,full_loop_us,pre_send_us,transport_us,setpoint_milli_c,observed_milli_c,measured_milli_c,command_actuator_permille,status_actuator_permille,error_milli_c
1,1303,24348,139046,137743,23045,114698,45000,20000,20266,951,951,24734
2,139600,141733,151202,11602,2133,9469,45000,20266,20543,991,991,24457
3,239657,241685,251243,11586,2028,9558,45000,20543,20817,986,986,24183
4,339710,341632,351233,11523,1922,9601,45000,20817,21087,979,979,23913
5,439761,441649,451231,11470,1888,9582,45000,21087,21355,972,972,23645
6,539810,541631,551227,11417,1821,9596,45000,21355,21620,965,965,23380
7,639860,641652,651240,11380,1792,9588,45000,21620,21882,958,958,23118
8,739909,741699,751225,11316,1790,9526,45000,21882,22141,951,951,22859
9,839959,841750,851232,11273,1791,9482,45000,22141,22396,944,944,22604
10,940009,941805,951236,11227,1796,9431,45000,22396,22649,938,938,22351
11,1040060,1041854,1051236,11176,1794,9382,45000,22649,22899,931,931,22101
12,1140110,1141910,1151228,11118,1800,9318,45000,22899,23147,924,924,21853
13,1240159,1241963,1251233,11074,1804,9270,45000,23147,23391,917,917,21609
14,1340209,1342008,1351241,11032,1799,9233,45000,23391,23632,911,911,21368
15,1440258,1442052,1450267,10009,1794,8215,45000,23632,23871,904,904,21129
16,1540308,1542102,1550334,10026,1794,8232,45000,23871,24107,898,898,20893
17,1640358,1642156,1650265,9907,1798,8109,45000,24107,24340,892,892,20660
18,1740431,1742224,1750261,9830,1793,8037,45000,24340,24571,885,885,20429
19,1840481,1842273,1850267,9786,1792,7994,45000,24571,24798,879,879,20202
20,1940532,1942313,1950254,9722,1781,7941,45000,24798,25024,874,874,19976
21,2040592,2042350,2050272,9680,1758,7922,45000,25024,25247,867,867,19753
22,2140646,2142406,2150265,9619,1760,7859,45000,25247,25467,861,861,19533
23,2240695,2242454,2250260,9565,1759,7806,45000,25467,25684,855,855,19316
24,2340744,2342505,2350269,9525,1761,7764,45000,25684,25900,850,850,19100
25,2440794,2442554,2450277,9483,1760,7723,45000,25900,26112,844,844,18888
26,2540843,2542600,2550265,9422,1757,7665,45000,26112,26322,838,838,18678
27,2640893,2642654,2650262,9369,1761,7608,45000,26322,26530,833,833,18470
28,2740942,2742700,2750291,9349,1758,7591,45000,26530,26736,827,827,18264
29,2841010,2842773,2850271,9261,1763,7498,45000,26736,26939,822,822,18061
30,2941059,2942818,2950262,9203,1759,7444,45000,26939,27140,816,816,17860
31,3041109,3042865,3050256,9147,1756,7391,45000,27140,27338,811,811,17662
32,3141158,3142918,3150306,9148,1760,7388,45000,27338,27535,806,806,17465
33,3241210,3242970,3250307,9097,1760,7337,45000,27535,27728,800,800,17272
34,3341261,3343010,3350294,9033,1749,7284,45000,27728,27920,795,795,17080
35,3441310,3443060,3450269,8959,1750,7209,45000,27920,28110,790,790,16890
36,3541359,3543112,3550260,8901,1753,7148,45000,28110,28297,785,785,16703
37,3641410,3643160,3650261,8851,1750,7101,45000,28297,28482,780,780,16518
38,3741460,3743204,3750279,8819,1744,7075,45000,28482,28665,775,775,16335
39,3841509,3843252,3850266,8757,1743,7014,45000,28665,28847,771,771,16153
40,3941558,3943294,3950262,8704,1736,6968,45000,28847,29025,765,765,15975
41,4041624,4043337,4050263,8639,1713,6926,45000,29025,29202,761,761,15798
42,4141657,4143374,4150268,8611,1717,6894,45000,29202,29377,756,756,15623
43,4241706,4243420,4250261,8555,1714,6841,45000,29377,29550,751,751,15450
44,4341755,4343468,4350257,8502,1713,6789,45000,29550,29721,747,747,15279
45,4441805,4443517,4450265,8460,1712,6748,45000,29721,29890,742,742,15110
46,4541854,4543568,4550267,8413,1714,6699,45000,29890,30057,738,738,14943
47,4641903,4643618,4650269,8366,1715,6651,45000,30057,30222,733,733,14778
48,4741953,4743671,4750264,8311,1718,6593,45000,30222,30385,729,729,14615
49,4842001,4843714,4850277,8276,1713,6563,45000,30385,30547,725,725,14453
50,4942051,4943766,4950266,8215,1715,6500,45000,30547,30706,720,720,14294
51,5042100,5043813,5050261,8161,1713,6448,45000,30706,30864,716,716,14136
52,5142149,5143865,5150270,8121,1716,6405,45000,30864,31020,712,712,13980
53,5242198,5243911,5250263,8065,1713,6352,45000,31020,31174,708,708,13826
54,5342247,5343958,5350263,8016,1711,6305,45000,31174,31326,704,704,13674
55,5442296,5444008,5450268,7972,1712,6260,45000,31326,31477,700,700,13523
56,5542345,5544058,5550269,7924,1713,6211,45000,31477,31626,696,696,13374
57,5642394,5644110,5650264,7870,1716,6154,45000,31626,31773,692,692,13227
58,5742443,5744158,5750260,7817,1715,6102,45000,31773,31919,688,688,13081
59,5842492,5844206,5850271,7779,1714,6065,45000,31919,32062,684,684,12938
60,5942541,5944254,5950270,7729,1713,6016,45000,32062,32205,680,680,12795
61,6042590,6044328,6050262,7672,1738,5934,45000,32205,32345,676,676,12655
62,6142640,6144385,6150261,7621,1745,5876,45000,32345,32484,673,673,12516
63,6242689,6244434,6250281,7592,1745,5847,45000,32484,32622,669,669,12378
64,6342739,6344485,6350283,7544,1746,5798,45000,32622,32757,665,665,12243
65,6442786,6444547,6450269,7483,1761,5722,45000,32757,32892,662,662,12108
66,6542837,6544589,6550265,7428,1752,5676,45000,32892,33024,658,658,11976
67,6642886,6644635,6650264,7378,1749,5629,45000,33024,33156,655,655,11844
68,6742936,6744686,6750257,7321,1750,5571,45000,33156,33285,651,651,11715
69,6842985,6844730,6850271,7286,1745,5541,45000,33285,33413,647,647,11587
70,6943035,6944791,6950265,7230,1756,5474,45000,33413,33540,644,644,11460
71,7043084,7044837,7050263,7179,1753,5426,45000,33540,33665,641,641,11335
72,7143133,7144890,7150259,7126,1757,5369,45000,33665,33789,638,638,11211
73,7243182,7244938,7250269,7087,1756,5331,45000,33789,33912,634,634,11088
74,7343232,7344989,7350263,7031,1757,5274,45000,33912,34033,631,631,10967
75,7443281,7445036,7450259,6978,1755,5223,45000,34033,34152,627,627,10848
76,7543330,7545082,7550286,6956,1752,5204,45000,34152,34270,625,625,10730
77,7643397,7645149,7650268,6871,1752,5119,45000,34270,34387,622,622,10613
78,7743446,7745203,7750258,6812,1757,5055,45000,34387,34503,618,618,10497
79,7843495,7845251,7850264,6769,1756,5013,45000,34503,34617,615,615,10383
80,7943545,7945302,7950275,6730,1757,4973,45000,34617,34730,612,612,10270
81,8043595,8045349,8050263,6668,1754,4914,45000,34730,34842,609,609,10158
82,8143644,8145404,8150254,6610,1760,4850,45000,34842,34952,606,606,10048
83,8243694,8245447,8250272,6578,1753,4825,45000,34952,35061,603,603,9939
84,8343743,8345499,8350264,6521,1756,4765,45000,35061,35169,600,600,9831
85,8443792,8445542,8450262,6470,1750,4720,45000,35169,35275,597,597,9725
86,8543842,8545595,8550266,6424,1753,4671,45000,35275,35381,595,595,9619
87,8643890,8645639,8650272,6382,1749,4633,45000,35381,35485,592,592,9515
88,8743939,8745688,8750261,6322,1749,4573,45000,35485,35588,589,589,9412
89,8843989,8845734,8850258,6269,1745,4524,45000,35588,35690,586,586,9310
90,8944037,8945791,8950289,6252,1754,4498,45000,35690,35790,583,583,9210
91,9044105,9045851,9050274,6169,1746,4423,45000,35790,35890,581,581,9110
92,9144154,9145903,9150278,6124,1749,4375,45000,35890,35988,578,578,9012
93,9244204,9245945,9250268,6064,1741,4323,45000,35988,36085,576,576,8915
94,9344252,9345991,9350259,6007,1739,4268,45000,36085,36181,573,573,8819
95,9444302,9446035,9450276,5974,1733,4241,45000,36181,36276,570,570,8724
96,9544358,9546079,9550279,5921,1721,4200,45000,36276,36370,568,568,8630
97,9644407,9646124,9650267,5860,1717,4143,45000,36370,36463,565,565,8537
98,9744456,9746173,9750262,5806,1717,4089,45000,36463,36555,563,563,8445
99,9844506,9846222,9850259,5753,1716,4037,45000,36555,36646,561,561,8354
100,9944555,9946273,9953033,8478,1718,6760,45000,36646,36735,558,558,8265
101,10044609,10046326,10050218,5609,1717,3892,45000,36735,36824,556,556,8176
102,10144657,10146377,10150263,5606,1720,3886,45000,36824,36912,553,553,8088
103,10244712,10246426,10250267,5555,1714,3841,45000,36912,36998,551,551,8002
104,10344761,10346480,10350276,5515,1719,3796,45000,36998,37084,549,549,7916
105,10444811,10446525,10450269,5458,1714,3744,45000,37084,37168,546,546,7832
106,10544859,10546575,10550254,5395,1716,3679,45000,37168,37252,544,544,7748
107,10644909,10646623,10650271,5362,1714,3648,45000,37252,37335,542,542,7665
108,10744958,10746676,10750265,5307,1718,3589,45000,37335,37417,540,540,7583
109,10845007,10846720,10850259,5252,1713,3539,45000,37417,37498,538,538,7502
110,10945057,10946772,10950253,5196,1715,3481,45000,37498,37578,536,536,7422
111,11045107,11046823,11050269,5162,1716,3446,45000,37578,37657,533,533,7343
112,11145157,11146877,11150274,5117,1720,3397,45000,37657,37735,531,531,7265
113,11245208,11246922,11250263,5055,1714,3341,45000,37735,37812,529,529,7188
114,11345259,11346976,11350266,5007,1717,3290,45000,37812,37888,527,527,7112
115,11445310,11447025,11450268,4958,1715,3243,45000,37888,37964,525,525,7036
116,11545360,11547077,11550275,4915,1717,3198,45000,37964,38038,523,523,6962
117,11645411,11647128,11650269,4858,1717,3141,45000,38038,38112,521,521,6888
118,11745461,11747179,11750270,4809,1718,3091,45000,38112,38185,519,519,6815
119,11845512,11847227,11850275,4763,1715,3048,45000,38185,38257,517,517,6743
120,11945563,11947281,11950261,4698,1718,2980,45000,38257,38328,515,515,6672
121,12045614,12047329,12050278,4664,1715,2949,45000,38328,38398,513,513,6602
122,12145665,12147383,12150282,4617,1718,2899,45000,38398,38468,512,512,6532
123,12245716,12247434,12250272,4556,1718,2838,45000,38468,38537,510,510,6463
124,12345768,12347482,12350415,4647,1714,2933,45000,38537,38605,508,508,6395
125,12445817,12452828,12460215,14398,7011,7387,45000,38605,38672,506,506,6328
126,12545868,12547590,12550702,4834,1722,3112,45000,38672,38739,504,504,6261
127,12645917,12647633,12650810,4893,1716,3177,45000,38739,38804,502,502,6196
128,12745967,12747684,12750857,4890,1717,3173,45000,38804,38870,501,501,6130
129,12846017,12847741,12850943,4926,1724,3202,45000,38870,38934,499,499,6066
130,12946067,12947811,12951007,4940,1744,3196,45000,38934,38997,497,497,6003
131,13046136,13047850,13051094,4958,1714,3244,45000,38997,39060,496,496,5940
132,13146203,13147919,13151146,4943,1716,3227,45000,39060,39122,494,494,5878
133,13246274,13247991,13251238,4964,1717,3247,45000,39122,39183,492,492,5817
134,13346323,13348037,13351234,4911,1714,3197,45000,39183,39244,491,491,5756
135,13446374,13448089,13451237,4863,1715,3148,45000,39244,39304,489,489,5696
136,13546424,13548137,13551228,4804,1713,3091,45000,39304,39363,487,487,5637
137,13646474,13648191,13651230,4756,1717,3039,45000,39363,39422,486,486,5578
138,13746524,13748241,13751237,4713,1717,2996,45000,39422,39480,484,484,5520
139,13846574,13848288,13851233,4659,1714,2945,45000,39480,39537,483,483,5463
140,13946623,13948337,13951231,4608,1714,2894,45000,39537,39594,481,481,5406
141,14046672,14048388,14051241,4569,1716,2853,45000,39594,39649,479,479,5351
142,14146722,14148441,14150249,3527,1719,1808,45000,39649,39705,478,478,5295
143,14246772,14248486,14260290,13518,1714,11804,45000,39705,39759,477,477,5241
144,14346823,14348544,14360250,13427,1721,11706,45000,39759,39813,475,475,5187
145,14446874,14448592,14460285,13411,1718,11693,45000,39813,39867,474,474,5133
146,14546925,14548643,14560282,13357,1718,11639,45000,39867,39919,472,472,5081
147,14646975,14648694,14660276,13301,1719,11582,45000,39919,39972,471,471,5028
148,14747025,14748745,14760283,13258,1720,11538,45000,39972,40023,469,469,4977
149,14847076,14848796,14860282,13206,1720,11486,45000,40023,40074,468,468,4926
150,14947127,14948846,14960283,13156,1719,11437,45000,40074,40124,467,467,4876
151,15047177,15048898,15060270,13093,1721,11372,45000,40124,40174,466,466,4826
152,15147230,15148953,15160285,13055,1723,11332,45000,40174,40224,464,464,4776
153,15247282,15249003,15260289,13007,1721,11286,45000,40224,40272,463,463,4728
154,15347333,15349048,15360281,12948,1715,11233,45000,40272,40321,462,462,4679
155,15447383,15449102,15460268,12885,1719,11166,45000,40321,40368,460,460,4632
156,15547434,15549156,15560258,12824,1722,11102,45000,40368,40415,459,459,4585
157,15647485,15649205,15660261,12776,1720,11056,45000,40415,40462,458,458,4538
158,15747536,15749255,15760274,12738,1719,11019,45000,40462,40508,457,457,4492
159,15847587,15849307,15860266,12679,1720,10959,45000,40508,40553,455,455,4447
160,15947638,15949356,15960262,12624,1718,10906,45000,40553,40598,454,454,4402
161,16047688,16049408,16060252,12564,1720,10844,45000,40598,40643,453,453,4357
162,16147739,16149461,16160270,12531,1722,10809,45000,40643,40687,452,452,4313
163,16247790,16249510,16260262,12472,1720,10752,45000,40687,40730,451,451,4270
164,16347840,16349555,16360259,12419,1715,10704,45000,40730,40773,449,449,4227
165,16447891,16449611,16460250,12359,1720,10639,45000,40773,40815,448,448,4185
166,16547942,16549662,16560266,12324,1720,10604,45000,40815,40857,447,447,4143
167,16647993,16649712,16660261,12268,1719,10549,45000,40857,40899,446,446,4101
168,16748043,16749763,16760257,12214,1720,10494,45000,40899,40940,445,445,4060
169,16848093,16849814,16860269,12176,1721,10455,45000,40940,40980,444,444,4020
170,16948144,16949862,16960273,12129,1718,10411,45000,40980,41020,443,443,3980
171,17048194,17049912,17060262,12068,1718,10350,45000,41020,41060,442,442,3940
172,17148244,17149967,17160266,12022,1723,10299,45000,41060,41099,441,441,3901
173,17248295,17250015,17260261,11966,1720,10246,45000,41099,41138,440,440,3862
174,17348346,17350064,17360263,11917,1718,10199,45000,41138,41176,439,439,3824
175,17448397,17450116,17460269,11872,1719,10153,45000,41176,41214,438,438,3786
176,17548448,17550167,17560265,11817,1719,10098,45000,41214,41252,437,437,3748
177,17648498,17650217,17660262,11764,1719,10045,45000,41252,41289,436,436,3711
178,17748549,17750268,17760257,11708,1719,9989,45000,41289,41326,435,435,3674
179,17848600,17850317,17860276,11676,1717,9959,45000,41326,41362,434,434,3638
180,17948651,17950369,17960291,11640,1718,9922,45000,41362,41398,433,433,3602
181,18048702,18050421,18060280,11578,1719,9859,45000,41398,41433,432,432,3567
182,18148753,18150477,18160269,11516,1724,9792,45000,41433,41468,431,431,3532
183,18248803,18250523,18260262,11459,1720,9739,45000,41468,41502,430,430,3498
184,18348854,18350608,18360258,11404,1754,9650,45000,41502,41537,429,429,3463
185,18448905,18450660,18460255,11350,1755,9595,45000,41537,41570,428,428,3430
186,18548955,18550719,18560268,11313,1764,9549,45000,41570,41604,427,427,3396
187,18649005,18650774,18660264,11259,1769,9490,45000,41604,41636,426,426,3364
188,18749056,18750824,18760259,11203,1768,9435,45000,41636,41669,426,426,3331
189,18849107,18850875,18860261,11154,1768,9386,45000,41669,41701,425,425,3299
190,18949158,18950922,18960267,11109,1764,9345,45000,41701,41733,424,424,3267
191,19049209,19050971,19060262,11053,1762,9291,45000,41733,41765,423,423,3235
192,19149260,19151029,19160252,10992,1769,9223,45000,41765,41796,422,422,3204
193,19249311,19251080,19260269,10958,1769,9189,45000,41796,41827,421,421,3173
194,19349361,19351129,19360278,10917,1768,9149,45000,41827,41857,420,420,3143
195,19449412,19451178,19460263,10851,1766,9085,45000,41857,41887,419,419,3113
196,19549463,19551230,19560267,10804,1767,9037,45000,41887,41917,419,419,3083
197,19649513,19651281,19660280,10767,1768,8999,45000,41917,41946,418,418,3054
198,19749564,19751328,19760265,10701,1764,8937,45000,41946,41975,417,417,3025
199,19849614,19851380,19860256,10642,1766,8876,45000,41975,42004,416,416,2996
200,19949665,19951426,19963045,13380,1761,11619,45000,42004,42032,416,416,2968
201,20049720,20051437,20060217,10497,1717,8780,45000,42032,42060,415,415,2940
202,20149770,20151540,20160263,10493,1770,8723,45000,42060,42088,414,414,2912
203,20249823,20251587,20260255,10432,1764,8668,45000,42088,42115,413,413,2885
204,20349874,20351668,20360270,10396,1794,8602,45000,42115,42142,413,413,2858
205,20449925,20451718,20460262,10337,1793,8544,45000,42142,42169,412,412,2831
206,20549975,20551773,20560268,10293,1798,8495,45000,42169,42195,411,411,2805
207,20650026,20651829,20660292,10266,1803,8463,45000,42195,42222,411,411,2778
208,20750077,20751878,20760294,10217,1801,8416,45000,42222,42248,410,410,2752
209,20850127,20851930,20860280,10153,1803,8350,45000,42248,42273,409,409,2727
210,20950178,20951974,20960268,10090,1796,8294,45000,42273,42298,408,408,2702
211,21050227,21052021,21060259,10032,1794,8238,45000,42298,42323,408,408,2677
212,21150278,21152084,21160259,9981,1806,8175,45000,42323,42348,407,407,2652
213,21250330,21252129,21260255,9925,1799,8126,45000,42348,42372,406,406,2628
214,21350380,21352167,21360266,9886,1787,8099,45000,42372,42397,406,406,2603
215,21450431,21452222,21460262,9831,1791,8040,45000,42397,42420,405,405,2580
216,21550481,21552266,21560256,9775,1785,7990,45000,42420,42444,405,405,2556
217,21650550,21652311,21660272,9722,1761,7961,45000,42444,42467,404,404,2533
218,21750598,21752353,21760266,9668,1755,7913,45000,42467,42490,403,403,2510
219,21850647,21852398,21860262,9615,1751,7864,45000,42490,42513,403,403,2487
220,21950696,21952450,21960274,9578,1754,7824,45000,42513,42536,402,402,2464
221,22050746,22052506,22060268,9522,1760,7762,45000,42536,42558,401,401,2442
222,22150795,22152556,22160256,9461,1761,7700,45000,42558,42580,401,401,2420
223,22250845,22252603,22260260,9415,1758,7657,45000,42580,42602,400,400,2398
224,22350894,22352656,22360265,9371,1762,7609,45000,42602,42623,400,400,2377
225,22450943,22452704,22460267,9324,1761,7563,45000,42623,42644,399,399,2356
226,22550992,22552754,22560254,9262,1762,7500,45000,42644,42666,399,399,2334
227,22651041,22652800,22660267,9226,1759,7467,45000,42666,42686,398,398,2314
228,22751092,22752848,22760264,9172,1756,7416,45000,42686,42707,397,397,2293
229,22851141,22852897,22860260,9119,1756,7363,45000,42707,42727,397,397,2273
230,22951190,22952946,22960259,9069,1756,7313,45000,42727,42747,396,396,2253
231,23051239,23052995,23060270,9031,1756,7275,45000,42747,42767,396,396,2233
232,23151290,23153042,23160263,8973,1752,7221,45000,42767,42787,395,395,2213
233,23251339,23253094,23260260,8921,1755,7166,45000,42787,42806,395,395,2194
234,23351388,23353140,23360270,8882,1752,7130,45000,42806,42825,394,394,2175
235,23451438,23453187,23460289,8851,1749,7102,45000,42825,42844,394,394,2156
236,23551488,23553233,23560283,8795,1745,7050,45000,42844,42863,393,393,2137
237,23651536,23653277,23660268,8732,1741,6991,45000,42863,42881,393,393,2119
238,23751588,23753322,23760265,8677,1734,6943,45000,42881,42900,392,392,2100
239,23851637,23853349,23860256,8619,1712,6907,45000,42900,42918,392,392,2082
240,23951686,23953401,23960267,8581,1715,6866,45000,42918,42936,391,391,2064
241,24051735,24053450,24060275,8540,1715,6825,45000,42936,42953,391,391,2047
242,24151784,24153501,24160264,8480,1717,6763,45000,42953,42971,390,390,2029
243,24251833,24253548,24260259,8426,1715,6711,45000,42971,42988,390,390,2012
244,24351882,24353596,24360286,8404,1714,6690,45000,42988,43005,389,389,1995
245,24451931,24453646,24460267,8336,1715,6621,45000,43005,43022,389,389,1978
246,24551980,24553696,24560264,8284,1716,6568,45000,43022,43038,388,388,1962
247,24652028,24653742,24660257,8229,1714,6515,45000,43038,43055,388,388,1945
248,24752077,24753791,24760274,8197,1714,6483,45000,43055,43071,387,387,1929
249,24852127,24858310,24860438,8311,6183,2128,45000,43071,43087,387,387,1913
250,24952176,24953890,24960526,8350,1714,6636,45000,43087,43103,387,387,1897
251,25052225,25053938,25060596,8371,1713,6658,45000,43103,43119,386,386,1881
252,25152272,25153989,25160292,8020,1717,6303,45000,43119,43134,386,386,1866
253,25252320,25254038,25260302,7982,1718,6264,45000,43134,43150,386,386,1850
254,25352369,25354086,25360290,7921,1717,6204,45000,43150,43165,385,385,1835
255,25452418,25454134,25460282,7864,1716,6148,45000,43165,43180,385,385,1820
256,25552467,25554181,25560266,7799,1714,6085,45000,43180,43195,384,384,1805
257,25652515,25654239,25660258,7743,1724,6019,45000,43195,43210,384,384,1790
258,25752565,25754279,25760266,7701,1714,5987,45000,43210,43224,384,384,1776
259,25852613,25854358,25860268,7655,1745,5910,45000,43224,43239,383,383,1761
260,25952663,25954400,25960260,7597,1737,5860,45000,43239,43253,383,383,1747
261,26052712,26054456,26060256,7544,1744,5800,45000,43253,43267,382,382,1733
262,26152760,26154510,26160295,7535,1750,5785,45000,43267,43281,382,382,1719
263,26252830,26254583,26260299,7469,1753,5716,45000,43281,43295,382,382,1705
264,26352880,26354626,26360283,7403,1746,5657,45000,43295,43308,381,381,1692
265,26452928,26454682,26460267,7339,1754,5585,45000,43308,43322,381,381,1678
266,26552977,26554720,26560262,7285,1743,5542,45000,43322,43335,380,380,1665
267,26653026,26654778,26660259,7233,1752,5481,45000,43335,43348,380,380,1652
268,26753074,26754822,26760270,7196,1748,5448,45000,43348,43361,380,380,1639
269,26853123,26854877,26860264,7141,1754,5387,45000,43361,43374,379,379,1626
270,26953172,26954920,26960260,7088,1748,5340,45000,43374,43386,379,379,1614
271,27053220,27054976,27060255,7035,1756,5279,45000,43386,43399,379,379,1601
272,27153269,27155024,27160268,6999,1755,5244,45000,43399,43411,378,378,1589
273,27253319,27255072,27260276,6957,1753,5204,45000,43411,43423,378,378,1577
274,27353367,27355115,27360263,6896,1748,5148,45000,43423,43435,378,378,1565
275,27453416,27455172,27460271,6855,1756,5099,45000,43435,43447,377,377,1553
276,27553465,27555213,27560275,6810,1748,5062,45000,43447,43459,377,377,1541
277,27653514,27655271,27660261,6747,1757,4990,45000,43459,43471,377,377,1529
278,27753563,27755314,27760268,6705,1751,4954,45000,43471,43482,376,376,1518
279,27853612,27855366,27860275,6663,1754,4909,45000,43482,43493,376,376,1507
280,27953660,27955413,27960280,6620,1753,4867,45000,43493,43505,376,376,1495
281,28053710,28055467,28060267,6557,1757,4800,45000,43505,43516,375,375,1484
282,28153758,28155510,28160262,6504,1752,4752,45000,43516,43527,375,375,1473
283,28253806,28255562,28260254,6448,1756,4692,45000,43527,43538,375,375,1462
284,28353855,28355605,28360276,6421,1750,4671,45000,43538,43548,375,375,1452
285,28453904,28455659,28460278,6374,1755,4619,45000,43548,43559,375,375,1441
286,28553953,28555698,28560266,6313,1745,4568,45000,43559,43570,374,374,1430
287,28654003,28655746,28660261,6258,1743,4515,45000,43570,43580,374,374,1420
288,28754051,28755799,28760259,6208,1748,4460,45000,43580,43591,374,374,1409
289,28854100,28855848,28860278,6178,1748,4430,45000,43591,43601,373,373,1399
290,28954149,28955892,28960271,6122,1743,4379,45000,43601,43611,373,373,1389
291,29054198,29055942,29060259,6061,1744,4317,45000,43611,43621,373,373,1379
292,29154247,29155987,29160282,6035,1740,4295,45000,43621,43631,373,373,1369
293,29254297,29256029,29260268,5971,1732,4239,45000,43631,43640,372,372,1360
294,29354348,29356061,29360277,5929,1713,4216,45000,43640,43650,372,372,1350
295,29454418,29456132,29460269,5851,1714,4137,45000,43650,43659,372,372,1341
296,29554466,29556176,29560279,5813,1710,4103,45000,43659,43669,372,372,1331
297,29654515,29656230,29660267,5752,1715,4037,45000,43669,43678,371,371,1322
298,29754564,29756274,29760253,5689,1710,3979,45000,43678,43687,371,371,1313
299,29854612,29856327,29860270,5658,1715,3943,45000,43687,43696,371,371,1304
300,29954660,29956373,29963024,8364,1713,6651,45000,43696,43706,371,371,1294
301,30054713,30056433,30060214,5501,1720,3781,45000,43706,43714,370,370,1286
302,30154761,30156480,30160265,5504,1719,3785,45000,43714,43723,370,370,1277
303,30254812,30256528,30260269,5457,1716,3741,45000,43723,43732,370,370,1268
304,30354861,30356572,30360261,5400,1711,3689,45000,43732,43740,370,370,1260
305,30454910,30456626,30460256,5346,1716,3630,45000,43740,43749,370,370,1251
306,30554958,30556669,30560271,5313,1711,3602,45000,43749,43757,369,369,1243
307,30655007,30656722,30660280,5273,1715,3558,45000,43757,43766,369,369,1234
308,30755056,30756771,30760262,5206,1715,3491,45000,43766,43774,369,369,1226
309,30855106,30856820,30860271,5165,1714,3451,45000,43774,43782,369,369,1218
310,30955156,30956869,30960281,5125,1713,3412,45000,43782,43790,368,368,1210
311,31055206,31056922,31060277,5071,1716,3355,45000,43790,43798,368,368,1202
312,31155256,31156974,31160274,5018,1718,3300,45000,43798,43806,368,368,1194
313,31255306,31257023,31260264,4958,1717,3241,45000,43806,43814,368,368,1186
314,31355356,31357069,31360259,4903,1713,3190,45000,43814,43821,367,367,1179
315,31455407,31457124,31460263,4856,1717,3139,45000,43821,43829,367,367,1171
316,31555457,31557168,31560268,4811,1711,3100,45000,43829,43836,367,367,1164
317,31655507,31657221,31660267,4760,1714,3046,45000,43836,43843,367,367,1157
318,31755557,31757268,31760269,4712,1711,3001,45000,43843,43851,367,367,1149
319,31855608,31857322,31860263,4655,1714,2941,45000,43851,43858,366,366,1142
320,31955658,31957368,31960269,4611,1710,2901,45000,43858,43865,366,366,1135
321,32055709,32057425,32060274,4565,1716,2849,45000,43865,43872,366,366,1128
322,32155759,32157473,32160411,4652,1714,2938,45000,43872,43879,366,366,1121
323,32255808,32257522,32260503,4695,1714,2981,45000,43879,43886,366,366,1114
324,32355858,32357569,32360571,4713,1711,3002,45000,43886,43893,365,365,1107
325,32455907,32457623,32460618,4711,1716,2995,45000,43893,43899,365,365,1101
326,32555957,32557669,32560692,4735,1712,3023,45000,43899,43906,365,365,1094
327,32656029,32657745,32660761,4732,1716,3016,45000,43906,43912,365,365,1088
328,32756099,32757811,32760828,4729,1712,3017,45000,43912,43919,365,365,1081
329,32856149,32857864,32860895,4746,1715,3031,45000,43919,43926,365,365,1074
330,32956200,32957911,32960997,4797,1711,3086,45000,43926,43932,364,364,1068
331,33056266,33057982,33061051,4785,1716,3069,45000,43932,43938,364,364,1062
332,33156336,33158051,33161117,4781,1715,3066,45000,43938,43944,364,364,1056
333,33256385,33258102,33261207,4822,1717,3105,45000,43944,43950,364,364,1050
334,33356435,33358147,33361236,4801,1712,3089,45000,43950,43956,364,364,1044
335,33456504,33458221,33461229,4725,1717,3008,45000,43956,43962,364,364,1038
336,33556553,33558265,33561229,4676,1712,2964,45000,43962,43969,364,364,1031
337,33656603,33658321,33661255,4652,1718,2934,45000,43969,43974,363,363,1026
338,33756672,33758381,33761247,4575,1709,2866,45000,43974,43980,363,363,1020
339,33856722,33858436,33860258,3536,1714,1822,45000,43980,43986,363,363,1014
340,33956772,33958483,33970433,13661,1711,11950,45000,43986,43991,363,363,1009
341,34056821,34058537,34070540,13719,1716,12003,45000,43991,43997,363,363,1003
342,34156871,34158586,34170585,13714,1715,11999,45000,43997,44003,363,363,997
343,34256920,34258637,34270233,13313,1717,11596,45000,44003,44008,362,362,992
344,34356970,34358684,34370336,13366,1714,11652,45000,44008,44013,362,362,987
345,34457020,34458733,34470368,13348,1713,11635,45000,44013,44019,362,362,981
346,34557089,34558798,34570422,13333,1709,11624,45000,44019,44024,362,362,976
347,34657160,34658876,34670529,13369,1716,11653,45000,44024,44029,362,362,971
348,34757209,34758922,34770553,13344,1713,11631,45000,44029,44035,362,362,965
349,34857277,34858995,34870640,13363,1718,11645,45000,44035,44039,361,361,961
350,34957327,34959038,34970668,13341,1711,11630,45000,44039,44045,362,362,955
351,35057396,35059112,35070757,13361,1716,11645,45000,44045,44050,361,361,950
352,35157447,35159163,35170795,13348,1716,11632,45000,44050,44054,361,361,946
353,35257497,35259212,35270236,12739,1715,11024,45000,44054,44059,361,361,941
354,35357547,35359263,35370356,12809,1716,11093,45000,44059,44064,361,361,936
355,35457597,35459312,35470252,12655,1715,10940,45000,44064,44069,361,361,931
356,35557647,35559360,35570273,12626,1713,10913,45000,44069,44074,361,361,926
357,35657697,35659414,35670268,12571,1717,10854,45000,44074,44079,361,361,921
358,35757747,35759457,35770284,12537,1710,10827,45000,44079,44083,360,360,917
359,35857797,35859514,35870274,12477,1717,10760,45000,44083,44088,360,360,912
360,35957847,35959556,35970259,12412,1709,10703,45000,44088,44092,360,360,908
361,36057898,36059613,36070269,12371,1715,10656,45000,44092,44096,360,360,904
362,36157949,36159671,36170262,12313,1722,10591,45000,44096,44101,360,360,899
363,36257999,36259715,36270256,12257,1716,10541,45000,44101,44105,360,360,895
364,36358050,36359762,36370274,12224,1712,10512,45000,44105,44110,360,360,890
365,36458100,36459815,36470295,12195,1715,10480,45000,44110,44114,359,359,886
366,36558151,36559861,36570284,12133,1710,10423,45000,44114,44118,359,359,882
367,36658201,36659915,36670270,12069,1714,10355,45000,44118,44122,359,359,878
368,36758251,36759964,36770259,12008,1713,10295,45000,44122,44126,359,359,874
369,36858301,36860017,36870257,11956,1716,10240,45000,44126,44130,359,359,870
370,36958352,36960063,36970269,11917,1711,10206,45000,44130,44134,359,359,866
371,37058402,37060118,37070275,11873,1716,10157,45000,44134,44138,359,359,862
372,37158452,37160169,37170262,11810,1717,10093,45000,44138,44142,359,359,858
373,37258503,37264688,37270256,11753,6185,5568,45000,44142,44146,359,359,854
374,37358553,37360267,37370266,11713,1714,9999,45000,44146,44150,359,359,850
375,37458604,37460318,37470269,11665,1714,9951,45000,44150,44153,358,358,847
376,37558654,37560367,37570277,11623,1713,9910,45000,44153,44157,358,358,843
377,37658705,37660419,37670263,11558,1714,9844,45000,44157,44161,358,358,839
378,37758755,37760464,37770269,11514,1709,9805,45000,44161,44164,358,358,836
379,37858806,37860520,37870264,11458,1714,9744,45000,44164,44168,358,358,832
380,37958856,37960605,37970263,11407,1749,9658,45000,44168,44171,358,358,829
381,38058906,38060659,38070256,11350,1753,9597,45000,44171,44175,358,358,825
382,38158956,38160724,38170265,11309,1768,9541,45000,44175,44178,358,358,822
383,38259007,38260772,38270261,11254,1765,9489,45000,44178,44182,358,358,818
384,38359057,38360817,38370248,11191,1760,9431,45000,44182,44185,357,357,815
385,38459108,38460872,38470268,11160,1764,9396,45000,44185,44189,358,358,811
386,38559158,38560918,38570261,11103,1760,9343,45000,44189,44192,357,357,808
387,38659209,38660966,38670263,11054,1757,9297,45000,44192,44195,357,357,805
388,38759259,38761017,38770254,10995,1758,9237,45000,44195,44198,357,357,802
389,38859310,38861078,38870267,10957,1768,9189,45000,44198,44201,357,357,799
390,38959361,38961121,38970262,10901,1760,9141,45000,44201,44205,357,357,795
391,39059410,39061174,39070251,10841,1764,9077,45000,44205,44208,357,357,792
392,39159461,39161228,39170292,10831,1767,9064,45000,44208,44211,357,357,789
393,39259534,39261298,39270286,10752,1764,8988,45000,44211,44214,357,357,786
394,39359584,39361338,39370290,10706,1754,8952,45000,44214,44217,357,357,783
395,39459635,39461400,39470271,10636,1765,8871,45000,44217,44220,357,357,780
396,39559685,39561444,39570261,10576,1759,8817,45000,44220,44223,357,357,777
397,39659736,39661497,39670248,10512,1761,8751,45000,44223,44226,356,356,774
398,39759786,39761546,39770268,10482,1760,8722,45000,44226,44229,356,356,771
399,39859836,39861621,39870260,10424,1785,8639,45000,44229,44232,356,356,768
400,39959886,39961679,39973276,13390,1793,11597,45000,44232,44234,356,356,766
401,40059956,40061702,40070219,10263,1746,8517,45000,44234,44237,356,356,763
402,40160005,40161807,40170268,10263,1802,8461,45000,44237,44240,356,356,760
403,40260058,40261859,40270263,10205,1801,8404,45000,44240,44243,356,356,757
404,40360108,40361908,40370257,10149,1800,8349,45000,44243,44245,356,356,755
405,40460158,40461962,40470276,10118,1804,8314,45000,44245,44248,356,356,752
406,40560208,40562001,40570280,10072,1793,8279,45000,44248,44251,356,356,749
407,40660259,40662050,40670266,10007,1791,8216,45000,44251,44253,356,356,747
408,40760309,40762102,40770275,9966,1793,8173,45000,44253,44256,356,356,744
409,40860380,40862178,40870265,9885,1798,8087,45000,44256,44259,356,356,741
410,40960430,40962215,40970265,9835,1785,8050,45000,44259,44261,355,355,739
411,41060481,41062269,41070261,9780,1788,7992,45000,44261,44263,355,355,737
412,41160550,41162310,41170271,9721,1760,7961,45000,44263,44266,355,355,734
413,41260594,41262351,41270265,9671,1757,7914,45000,44266,44268,355,355,732
414,41360643,41362392,41370260,9617,1749,7868,45000,44268,44270,355,355,730
415,41460692,41462451,41470256,9564,1759,7805,45000,44270,44273,355,355,727
416,41560742,41562493,41570269,9527,1751,7776,45000,44273,44275,355,355,725
417,41660792,41662548,41670261,9469,1756,7713,45000,44275,44277,355,355,723
418,41760841,41762597,41770262,9421,1756,7665,45000,44277,44280,355,355,720
419,41860890,41862651,41870269,9379,1761,7618,45000,44280,44282,355,355,718
420,41960939,41962695,41970289,9350,1756,7594,45000,44282,44284,355,355,716
421,42060989,42062750,42070290,9301,1761,7540,45000,44284,44286,355,355,714
422,42161039,42162797,42170275,9236,1758,7478,45000,44286,44289,355,355,711
423,42261088,42262843,42270264,9176,1755,7421,45000,44289,44291,355,355,709
424,42361137,42362887,42370268,9131,1750,7381,45000,44291,44293,355,355,707
425,42461186,42462942,42470263,9077,1756,7321,45000,44293,44295,355,355,705
426,42561234,42562982,42570271,9037,1748,7289,45000,44295,44298,355,355,702
427,42661285,42663033,42670264,8979,1748,7231,45000,44298,44299,354,354,701
428,42761334,42763089,42770261,8927,1755,7172,45000,44299,44302,355,355,698
429,42861383,42863136,42870267,8884,1753,7131,45000,44302,44304,354,354,696
430,42961433,42963180,42970266,8833,1747,7086,45000,44304,44306,354,354,694
431,43061482,43063227,43070260,8778,1745,7033,45000,44306,44307,354,354,693
432,43161531,43163276,43170266,8735,1745,6990,45000,44307,44309,354,354,691
433,43261580,43263314,43270274,8694,1734,6960,45000,44309,44311,354,354,689
434,43361643,43363353,43370264,8621,1710,6911,45000,44311,44313,354,354,687
435,43461691,43463409,43470276,8585,1718,6867,45000,44313,44315,354,354,685
436,43561739,43563451,43570277,8538,1712,6826,45000,44315,44317,354,354,683
437,43661788,43663505,43670269,8481,1717,6764,45000,44317,44319,354,354,681
438,43761837,43763547,43770265,8428,1710,6718,45000,44319,44321,354,354,679
439,43861887,43863604,43870276,8389,1717,6672,45000,44321,44322,354,354,678
440,43961936,43963648,43970266,8330,1712,6618,45000,44322,44324,354,354,676
441,44061985,44063700,44070279,8294,1715,6579,45000,44324,44326,354,354,674
442,44162034,44163752,44170272,8238,1718,6520,45000,44326,44328,354,354,672
443,44262082,44263797,44270278,8196,1715,6481,45000,44328,44330,354,354,670
444,44362131,44363840,44370267,8136,1709,6427,45000,44330,44331,354,354,669
445,44462179,44463895,44470263,8084,1716,6368,45000,44331,44333,354,354,667
446,44562228,44563943,44570247,8019,1715,6304,45000,44333,44335,354,354,665
447,44662277,44663997,44670281,8004,1720,6284,45000,44335,44337,354,354,663
448,44762347,44764056,44770272,7925,1709,6216,45000,44337,44339,354,354,661
449,44862398,44864111,44870263,7865,1713,6152,45000,44339,44340,354,354,660
450,44962446,44964159,44970267,7821,1713,6108,45000,44340,44342,354,354,658
451,45062495,45064209,45070262,7767,1714,6053,45000,44342,44344,353,353,656
452,45162544,45164262,45170257,7713,1718,5995,45000,44344,44345,353,353,655
453,45262593,45264333,45270277,7684,1740,5944,45000,44345,44346,353,353,654
454,45362642,45364381,45370268,7626,1739,5887,45000,44346,44348,353,353,652
455,45462691,45464435,45470257,7566,1744,5822,45000,44348,44349,353,353,651
456,45562740,45564485,45570265,7525,1745,5780,45000,44349,44351,353,353,649
457,45662789,45664544,45670275,7486,1755,5731,45000,44351,44352,353,353,648
458,45762838,45764583,45770263,7425,1745,5680,45000,44352,44354,353,353,646
459,45862887,45864639,45870248,7361,1752,5609,45000,44354,44355,353,353,645
460,45962936,45964684,45970269,7333,1748,5585,45000,44355,44357,353,353,643
461,46062986,46064731,46070272,7286,1745,5541,45000,44357,44358,353,353,642
462,46163034,46164789,46170260,7226,1755,5471,45000,44358,44359,353,353,641
463,46263084,46264841,46270255,7171,1757,5414,45000,44359,44361,353,353,639
464,46363132,46364881,46370268,7136,1749,5387,45000,44361,44362,353,353,638
465,46463181,46464934,46470262,7081,1753,5328,45000,44362,44364,353,353,636
466,46563230,46564983,46570258,7028,1753,5275,45000,44364,44365,353,353,635
467,46663279,46665033,46670289,7010,1754,5256,45000,44365,44366,353,353,634
468,46763347,46765096,46770292,6945,1749,5196,45000,44366,44368,353,353,632
469,46863395,46865149,46870279,6884,1754,5130,45000,44368,44369,353,353,631
470,46963444,46965196,46970266,6822,1752,5070,45000,44369,44370,353,353,630
471,47063494,47065249,47070276,6782,1755,5027,45000,44370,44372,353,353,628
472,47163543,47165295,47170263,6720,1752,4968,45000,44372,44373,353,353,627
473,47263592,47265343,47270273,6681,1751,4930,45000,44373,44374,353,353,626
474,47363641,47365391,47370268,6627,1750,4877,45000,44374,44376,353,353,624
475,47463690,47465448,47470257,6567,1758,4809,45000,44376,44377,352,352,623
476,47563740,47565490,47570260,6520,1750,4770,45000,44377,44378,353,353,622
477,47663790,47665543,47670261,6471,1753,4718,45000,44378,44380,353,353,620
478,47763838,47765592,47770263,6425,1754,4671,45000,44380,44381,352,352,619
479,47863888,47865640,47870265,6377,1752,4625,45000,44381,44382,352,352,618
480,47963937,47965679,47970262,6325,1742,4583,45000,44382,44383,352,352,617
481,48063985,48065733,48070266,6281,1748,4533,45000,44383,44384,352,352,616
482,48164034,48165785,48170257,6223,1751,4472,45000,44384,44385,352,352,615
483,48264084,48265831,48270261,6177,1747,4430,45000,44385,44386,352,352,614
484,48364133,48365877,48370266,6133,1744,4389,45000,44386,44387,352,352,613
485,48464182,48465922,48470264,6082,1740,4342,45000,44387,44388,352,352,612
486,48564231,48565966,48570254,6023,1735,4288,45000,44388,44389,352,352,611
487,48664280,48666011,48670267,5987,1731,4256,45000,44389,44390,352,352,610
488,48764340,48766057,48770267,5927,1717,4210,45000,44390,44391,352,352,609
489,48864388,48866105,48870262,5874,1717,4157,45000,44391,44392,352,352,608
490,48964437,48966148,48970252,5815,1711,4104,45000,44392,44393,352,352,607
491,49064485,49066204,49070273,5788,1719,4069,45000,44393,44394,352,352,606
492,49164534,49166254,49170278,5744,1720,4024,45000,44394,44395,352,352,605
493,49264583,49266301,49270261,5678,1718,3960,45000,44395,44396,352,352,604
494,49364632,49366341,49370273,5641,1709,3932,45000,44396,44397,352,352,603
495,49464681,49466398,49470284,5603,1717,3886,45000,44397,44398,352,352,602
496,49564729,49566442,49570289,5560,1713,3847,45000,44398,44399,352,352,601
497,49664778,49670999,49680247,15469,6221,9248,45000,44399,44400,352,352,600
498,49764828,49766542,49770240,5412,1714,3698,45000,44400,44401,352,352,599
499,49864877,49866595,49870261,5384,1718,3666,45000,44401,44402,352,352,598
500,49964926,49966635,49973026,8100,1709,6391,45000,44402,44402,352,352,598
501,50064979,50066698,50070221,5242,1719,3523,45000,44402,44403,352,352,597
502,50165027,50166741,50170265,5238,1714,3524,45000,44403,44404,352,352,596
503,50265100,50266816,50270259,5159,1716,3443,45000,44404,44405,352,352,595
504,50365151,50366864,50370266,5115,1713,3402,45000,44405,44406,352,352,594
505,50465201,50466917,50470260,5059,1716,3343,45000,44406,44407,352,352,593
506,50565251,50566964,50570264,5013,1713,3300,45000,44407,44408,352,352,592
507,50665302,50667018,50670275,4973,1716,3257,45000,44408,44409,352,352,591
508,50765353,50767067,50770263,4910,1714,3196,45000,44409,44410,352,352,590
509,50865403,50867118,50870262,4859,1715,3144,45000,44410,44411,352,352,589
510,50965454,50967166,50970258,4804,1712,3092,45000,44411,44412,352,352,588
511,51065505,51067222,51070251,4746,1717,3029,45000,44412,44413,352,352,587
512,51165555,51167273,51170265,4710,1718,2992,45000,44413,44414,352,352,586
513,51265606,51267332,51270265,4659,1726,2933,45000,44414,44415,352,352,585
514,51365657,51367428,51370257,4600,1771,2829,45000,44415,44415,352,352,585
515,51465706,51467422,51470404,4698,1716,2982,45000,44415,44416,352,352,584
516,51565757,51567465,51570486,4729,1708,3021,45000,44416,44417,351,351,583
517,51665807,51667523,51670534,4727,1716,3011,45000,44417,44418,351,351,582
518,51765856,51767568,51770625,4769,1712,3057,45000,44418,44418,351,351,582
519,51865906,51867623,51870693,4787,1717,3070,45000,44418,44419,352,352,581
520,51965955,51967667,51970761,4806,1712,3094,45000,44419,44420,351,351,580
521,52066005,52067723,52070811,4806,1718,3088,45000,44420,44420,351,351,580
522,52166076,52167793,52170920,4844,1717,3127,45000,44420,44421,351,351,579
523,52266142,52267859,52270971,4829,1717,3112,45000,44421,44421,351,351,579
524,52366209,52367921,52371048,4839,1712,3127,45000,44421,44422,351,351,578
525,52466260,52467976,52471110,4850,1716,3134,45000,44422,44423,351,351,577
526,52566311,52568025,52571185,4874,1714,3160,45000,44423,44423,351,351,577
527,52666365,52668082,52671229,4864,1717,3147,45000,44423,44424,351,351,576
528,52766415,52768128,52771237,4822,1713,3109,45000,44424,44424,351,351,576
529,52866464,52868182,52871233,4769,1718,3051,45000,44424,44425,351,351,575
530,52966514,52968229,52971237,4723,1715,3008,45000,44425,44426,351,351,574
531,53066563,53068280,53071242,4679,1717,2962,45000,44426,44426,351,351,574
532,53166613,53168329,53171239,4626,1716,2910,45000,44426,44427,351,351,573
533,53266663,53268379,53271241,4578,1716,2862,45000,44427,44427,351,351,573
534,53366713,53368425,53370235,3522,1712,1810,45000,44427,44428,351,351,572
535,53466762,53468478,53480284,13522,1716,11806,45000,44428,44428,351,351,572
536,53566813,53568524,53580293,13480,1711,11769,45000,44428,44429,351,351,571
537,53666863,53668575,53680274,13411,1712,11699,45000,44429,44430,351,351,570
538,53766913,53768628,53780273,13360,1715,11645,45000,44430,44430,351,351,570
539,53866964,53868681,53880279,13315,1717,11598,45000,44430,44431,351,351,569
540,53967013,53968728,53980291,13278,1715,11563,45000,44431,44431,351,351,569
541,54067063,54068782,54080284,13221,1719,11502,45000,44431,44432,351,351,568
542,54167113,54168830,54180286,13173,1717,11456,45000,44432,44432,351,351,568
543,54267164,54268881,54280285,13121,1717,11404,45000,44432,44433,351,351,567
544,54367214,54368927,54380257,13043,1713,11330,45000,44433,44433,351,351,567
545,54467265,54468981,54480260,12995,1716,11279,45000,44433,44434,351,351,566
546,54567315,54569027,54580283,12968,1712,11256,45000,44434,44435,351,351,565
547,54667365,54669077,54680266,12901,1712,11189,45000,44435,44435,351,351,565
548,54767415,54769128,54780260,12845,1713,11132,45000,44435,44436,351,351,564
549,54867465,54869182,54880269,12804,1717,11087,45000,44436,44436,351,351,564
550,54967516,54969230,54980286,12770,1714,11056,45000,44436,44437,351,351,563
551,55067566,55069281,55080282,12716,1715,11001,45000,44437,44437,351,351,563
552,55167616,55169333,55180279,12663,1717,10946,45000,44437,44438,351,351,562
553,55267666,55269382,55280265,12599,1716,10883,45000,44438,44438,351,351,562
554,55367716,55369429,55380262,12546,1713,10833,45000,44438,44439,351,351,561
555,55467766,55469484,55480258,12492,1718,10774,45000,44439,44439,351,351,561
556,55567816,55569530,55580270,12454,1714,10740,45000,44439,44440,351,351,560
557,55667866,55669580,55680263,12397,1714,10683,45000,44440,44440,351,351,560
558,55767916,55769627,55780260,12344,1711,10633,45000,44440,44441,351,351,559
559,55867966,55869682,55880279,12313,1716,10597,45000,44441,44441,351,351,559
560,55968016,55969730,55980270,12254,1714,10540,45000,44441,44442,351,351,558
561,56068066,56069781,56080259,12193,1715,10478,45000,44442,44442,351,351,558
562,56168116,56169831,56180267,12151,1715,10436,45000,44442,44443,351,351,557
563,56268167,56269883,56280285,12118,1716,10402,45000,44443,44443,351,351,557
564,56368218,56369929,56380268,12050,1711,10339,45000,44443,44444,351,351,556
565,56468268,56469981,56480277,12009,1713,10296,45000,44444,44444,351,351,556
566,56568318,56570034,56580263,11945,1716,10229,45000,44444,44445,351,351,555
567,56668369,56670083,56680266,11897,1714,10183,45000,44445,44445,351,351,555
568,56768420,56770132,56780262,11842,1712,10130,45000,44445,44446,351,351,554
569,56868469,56870184,56880261,11792,1715,10077,45000,44446,44446,351,351,554
570,56968520,56970237,56980259,11739,1717,10022,45000,44446,44447,351,351,553
571,57068571,57070288,57080266,11695,1717,9978,45000,44447,44447,351,351,553
572,57168622,57170338,57180260,11638,1716,9922,45000,44447,44448,351,351,552
573,57268672,57270393,57280249,11577,1721,9856,45000,44448,44448,351,351,552
574,57368722,57370435,57380268,11546,1713,9833,45000,44448,44449,351,351,551
575,57468772,57470487,57480273,11501,1715,9786,45000,44449,44449,350,350,551
576,57568823,57570536,57580259,11436,1713,9723,45000,44449,44450,351,351,550
577,57668872,57670627,57680291,11419,1755,9664,45000,44450,44450,350,350,550
578,57768943,57770689,57780293,11350,1746,9604,45000,44450,44450,351,351,550
579,57868992,57870751,57880285,11293,1759,9534,45000,44450,44451,351,351,549
580,57969044,57970806,57980261,11217,1762,9455,45000,44451,44451,350,350,549
581,58069094,58070858,58080264,11170,1764,9406,45000,44451,44451,351,351,549
582,58169145,58170912,58180260,11115,1767,9348,45000,44451,44452,351,351,548
583,58269195,58270957,58280264,11069,1762,9307,45000,44452,44452,350,350,548
584,58369246,58371003,58380266,11020,1757,9263,45000,44452,44453,351,351,547
585,58469296,58471056,58480270,10974,1760,9214,45000,44453,44453,350,350,547
586,58569347,58571109,58580265,10918,1762,9156,45000,44453,44453,350,350,547
587,58669398,58671160,58680267,10869,1762,9107,45000,44453,44453,350,350,547
588,58769449,58771209,58780261,10812,1760,9052,45000,44453,44453,350,350,547
589,58869500,58871261,58880259,10759,1761,8998,45000,44453,44454,350,350,546
590,58969550,58971309,58980265,10715,1759,8956,45000,44454,44454,350,350,546
591,59069601,59071366,59080262,10661,1765,8896,45000,44454,44454,350,350,546
592,59169651,59171416,59180260,10609,1765,8844,45000,44454,44454,350,350,546
593,59269702,59271466,59280267,10565,1764,8801,45000,44454,44454,350,350,546
594,59369752,59371513,59380278,10526,1761,8765,45000,44454,44454,350,350,546
595,59469803,59471568,59480269,10466,1765,8701,45000,44454,44455,350,350,545
596,59569853,59571638,59580278,10425,1785,8640,45000,44455,44455,350,350,545
597,59669903,59671698,59680265,10362,1795,8567,45000,44455,44455,350,350,545
598,59769954,59771744,59780260,10306,1790,8516,45000,44455,44455,350,350,545
599,59870003,59871810,59880276,10273,1807,8466,45000,44455,44455,350,350,545
600,59970055,59971853,59983460,13405,1798,11607,45000,44455,44456,350,350,544
601,60070109,60071884,60080218,10109,1775,8334,65000,44456,44638,1000,1000,20362
602,60170159,60171962,60180263,10104,1803,8301,65000,44638,44819,1000,1000,20181
603,60270214,60272010,60280264,10050,1796,8254,65000,44819,45000,1000,1000,20000
604,60370265,60372068,60380284,10019,1803,8216,65000,45000,45180,1000,1000,19820
605,60470315,60472120,60480266,9951,1805,8146,65000,45180,45359,1000,1000,19641
606,60570365,60572167,60580256,9891,1802,8089,65000,45359,45538,1000,1000,19462
607,60670416,60672213,60680271,9855,1797,8058,65000,45538,45716,1000,1000,19284
608,60770466,60772263,60780262,9796,1797,7999,65000,45716,45893,1000,1000,19107
609,60870516,60872307,60880261,9745,1791,7954,65000,45893,46069,1000,1000,18931
610,60970579,60972341,60980255,9676,1762,7914,65000,46069,46245,1000,1000,18755
611,61070628,61072390,61080268,9640,1762,7878,65000,46245,46420,1000,1000,18580
612,61170678,61172445,61180274,9596,1767,7829,65000,46420,46594,1000,1000,18406
613,61270726,61272493,61280259,9533,1767,7766,65000,46594,46768,1000,1000,18232
614,61370776,61372539,61380269,9493,1763,7730,65000,46768,46941,1000,1000,18059
615,61470825,61472590,61480265,9440,1765,7675,65000,46941,47113,1000,1000,17887
616,61570874,61572637,61580254,9380,1763,7617,65000,47113,47285,1000,1000,17715
617,61670922,61672687,61680265,9343,1765,7578,65000,47285,47455,1000,1000,17545
618,61770971,61772738,61780274,9303,1767,7536,65000,47455,47626,1000,1000,17374
619,61871020,61872787,61880263,9243,1767,7476,65000,47626,47795,1000,1000,17205
620,61971070,61972832,61980256,9186,1762,7424,65000,47795,47964,1000,1000,17036
621,62071118,62077363,62080267,9149,6245,2904,65000,47964,48132,1000,1000,16868
622,62171167,62172920,62180283,9116,1753,7363,65000,48132,48300,1000,1000,16700
623,62271216,62272968,62280262,9046,1752,7294,65000,48300,48466,1000,1000,16534
624,62371264,62373014,62380267,9003,1750,7253,65000,48466,48632,1000,1000,16368
625,62471314,62473070,62480280,8966,1756,7210,65000,48632,48798,1000,1000,16202
626,62571362,62573112,62580276,8914,1750,7164,65000,48798,48963,1000,1000,16037
627,62671412,62673163,62680276,8864,1751,7113,65000,48963,49127,1000,1000,15873
628,62771461,62773204,62780264,8803,1743,7060,65000,49127,49290,1000,1000,15710
629,62871510,62873254,62880258,8748,1744,7004,65000,49290,49453,1000,1000,15547
630,62971558,62973295,62980271,8713,1737,6976,65000,49453,49615,1000,1000,15385
631,63071625,63073339,63080268,8643,1714,6929,65000,49615,49776,997,997,15224
632,63171657,63173371,63180274,8617,1714,6903,65000,49776,49935,993,993,15065
633,63271706,63273423,63280266,8560,1717,6843,65000,49935,50092,988,988,14908
634,63371755,63373466,63380256,8501,1711,6790,65000,50092,50247,984,984,14753
635,63471804,63473516,63480267,8463,1712,6751,65000,50247,50400,980,980,14600
636,63571874,63573582,63580260,8386,1708,6678,65000,50400,50552,976,976,14448
637,63671923,63673637,63680256,8333,1714,6619,65000,50552,50702,972,972,14298
638,63771971,63773682,63780270,8299,1711,6588,65000,50702,50850,968,968,14150
639,63872020,63873736,63880274,8254,1716,6538,65000,50850,50997,964,964,14003
640,63972069,63973783,63980267,8198,1714,6484,65000,50997,51142,960,960,13858
641,64072118,64073834,64080261,8143,1716,6427,65000,51142,51285,956,956,13715
642,64172167,64173879,64180279,8112,1712,6400,65000,51285,51426,953,953,13574
643,64272216,64273933,64280267,8051,1717,6334,65000,51426,51567,949,949,13433
644,64372265,64373974,64380259,7994,1709,6285,65000,51567,51705,945,945,13295
645,64472314,64474029,64480282,7968,1715,6253,65000,51705,51842,941,941,13158
646,64572363,64574075,64580269,7906,1712,6194,65000,51842,51977,938,938,13023
647,64672412,64674126,64680260,7848,1714,6134,65000,51977,52110,934,934,12890
648,64772461,64774171,64780267,7806,1710,6096,65000,52110,52243,931,931,12757
649,64872511,64874226,64880267,7756,1715,6041,65000,52243,52373,927,927,12627
650,64972558,64974270,64980279,7721,1712,6009,65000,52373,52502,923,923,12498
651,65072607,65074349,65080264,7657,1742,5915,65000,52502,52630,920,920,12370
652,65172655,65174395,65180290,7635,1740,5895,65000,52630,52756,917,917,12244
653,65272722,65274466,65280292,7570,1744,5826,65000,52756,52881,914,914,12119
654,65372771,65374520,65380278,7507,1749,5758,65000,52881,53004,910,910,11996
655,65472820,65474571,65480266,7446,1751,5695,65000,53004,53126,907,907,11874
656,65572868,65574614,65580272,7404,1746,5658,65000,53126,53246,903,903,11754
657,65672917,65674667,65680264,7347,1750,5597,65000,53246,53365,900,900,11635
658,65772966,65774709,65780273,7307,1743,5564,65000,53365,53483,897,897,11517
659,65873015,65874765,65880282,7267,1750,5517,65000,53483,53600,894,894,11400
660,65973063,65974813,65980264,7201,1750,5451,65000,53600,53715,891,891,11285
661,66073113,66074865,66080254,7141,1752,5389,65000,53715,53828,888,888,11172
662,66173162,66174916,66180270,7108,1754,5354,65000,53828,53941,885,885,11059
663,66273211,66274964,66280276,7065,1753,5312,65000,53941,54052,882,882,10948
664,66373260,66375011,66380263,7003,1751,5252,65000,54052,54162,879,879,10838
665,66473308,66475060,66480252,6944,1752,5192,65000,54162,54271,876,876,10729
666,66573357,66575105,66580267,6910,1748,5162,65000,54271,54378,873,873,10622
667,66673406,66675158,66680264,6858,1752,5106,65000,54378,54484,870,870,10516
668,66773455,66775205,66780258,6803,1750,5053,65000,54484,54589,868,868,10411
669,66873504,66875253,66880280,6776,1749,5027,65000,54589,54693,865,865,10307
670,66973553,66975302,66980268,6715,1749,4966,65000,54693,54796,862,862,10204
671,67073602,67075357,67080274,6672,1755,4917,65000,54796,54897,859,859,10103
672,67173651,67175408,67180267,6616,1757,4859,65000,54897,54997,856,856,10003
673,67273699,67275456,67280263,6564,1757,4807,65000,54997,55096,854,854,9904
674,67373748,67375494,67380265,6517,1746,4771,65000,55096,55194,851,851,9806
675,67473797,67475552,67480261,6464,1755,4709,65000,55194,55291,849,849,9709
676,67573846,67575591,67580271,6425,1745,4680,65000,55291,55387,846,846,9613
677,67673895,67675648,67680265,6370,1753,4617,65000,55387,55481,843,843,9519
678,67773944,67775689,67780263,6319,1745,4574,65000,55481,55575,841,841,9425
679,67873993,67875739,67880267,6274,1746,4528,65000,55575,55667,838,838,9333
680,67974042,67975787,67980286,6244,1745,4499,65000,55667,55759,836,836,9241
681,68074091,68075842,68080289,6198,1751,4447,65000,55759,55849,833,833,9151
682,68174140,68175885,68180277,6137,1745,4392,65000,55849,55938,831,831,9062
683,68274189,68275930,68280420,6231,1741,4490,65000,55938,56026,829,829,8974
684,68374237,68375972,68380504,6267,1735,4532,65000,56026,56114,827,827,8886
685,68474286,68476018,68480576,6290,1732,4558,65000,56114,56200,824,824,8800
686,68574345,68576054,68580642,6297,1709,4588,65000,56200,56285,822,822,8715
687,68674392,68676108,68680715,6323,1716,4607,65000,56285,56370,820,820,8630
688,68774440,68776152,68780767,6327,1712,4615,65000,56370,56453,817,817,8547
689,68874510,68876225,68880861,6351,1715,4636,65000,56453,56536,815,815,8464
690,68974558,68976272,68980909,6351,1714,4637,65000,56536,56617,813,813,8383
691,69074606,69076322,69081002,6396,1716,4680,65000,56617,56698,811,811,8302
692,69174654,69176370,69181075,6421,1716,4705,65000,56698,56777,809,809,8223
693,69274702,69276420,69281132,6430,1718,4712,65000,56777,56856,807,807,8144
694,69374750,69376461,69381216,6466,1711,4755,65000,56856,56934,804,804,8066
695,69474798,69476514,69481235,6437,1716,4721,65000,56934,57011,802,802,7989
696,69574845,69576559,69581226,6381,1714,4667,65000,57011,57087,800,800,7913
697,69674893,69676607,69680263,5370,1714,3656,65000,57087,57162,798,798,7838
698,69774941,69776654,69780371,5430,1713,3717,65000,57162,57236,796,796,7764
699,69874989,69876702,69880272,5283,1713,3570,65000,57236,57309,794,794,7691
700,69975037,69976748,69983028,7991,1711,6280,65000,57309,57382,792,792,7618
701,70075091,70076806,70080248,5157,1715,3442,65000,57382,57454,790,790,7546
702,70175141,70176860,70180282,5141,1719,3422,65000,57454,57524,788,788,7476
703,70275212,70276929,70280268,5056,1717,3339,65000,57524,57595,787,787,7405
704,70375262,70376975,70380266,5004,1713,3291,65000,57595,57664,785,785,7336
705,70475312,70477027,70480266,4954,1715,3239,65000,57664,57733,783,783,7267
706,70575362,70577072,70580272,4910,1710,3200,65000,57733,57801,781,781,7199
707,70675413,70677128,70680290,4877,1715,3162,65000,57801,57867,779,779,7133
708,70775464,70777175,70780286,4822,1711,3111,65000,57867,57934,778,778,7066
709,70875514,70877230,70880294,4780,1716,3064,65000,57934,57999,775,775,7001
710,70975565,70977277,70980268,4703,1712,2991,65000,57999,58064,774,774,6936
711,71075615,71077331,71080263,4648,1716,2932,65000,58064,58128,772,772,6872
712,71175666,71177381,71180253,4587,1715,2872,65000,58128,58191,771,771,6809
713,71275716,71277431,71280272,4556,1715,2841,65000,58191,58254,769,769,6746
714,71375767,71377476,71380434,4667,1709,2958,65000,58254,58315,767,767,6685
715,71475817,71477535,71480515,4698,1718,2980,65000,58315,58377,766,766,6623
716,71575867,71577577,71580587,4720,1710,3010,65000,58377,58437,764,764,6563
717,71675916,71677633,71680640,4724,1717,3007,65000,58437,58497,762,762,6503
718,71775991,71777703,71780709,4718,1712,3006,65000,58497,58556,761,761,6444
719,71876040,71877755,71880776,4736,1715,3021,65000,58556,58614,759,759,6386
720,71976092,71977801,71980877,4785,1709,3076,65000,58614,58672,758,758,6328
721,72076142,72077855,72080948,4806,1713,3093,65000,58672,58729,756,756,6271
722,72176193,72177911,72181009,4816,1718,3098,65000,58729,58785,754,754,6215
723,72276245,72277962,72281073,4828,1717,3111,65000,58785,58841,753,753,6159
724,72376296,72378007,72381136,4840,1711,3129,65000,58841,58896,751,751,6104
725,72476348,72478063,72481215,4867,1715,3152,65000,58896,58950,750,750,6050
726,72576402,72578113,72581240,4838,1711,3127,65000,58950,59004,749,749,5996
727,72676452,72678168,72681230,4778,1716,3062,65000,59004,59057,747,747,5943
728,72776502,72778215,72781240,4738,1713,3025,65000,59057,59110,746,746,5890
729,72876553,72878267,72881230,4677,1714,2963,65000,59110,59162,744,744,5838
730,72976603,72978316,72981232,4629,1713,2916,65000,59162,59213,743,743,5787
731,73076653,73078371,73081243,4590,1718,2872,65000,59213,59264,742,742,5736
732,73176703,73178420,73180228,3525,1717,1808,65000,59264,59314,740,740,5686
733,73276753,73278470,73290280,13527,1717,11810,65000,59314,59364,739,739,5636
734,73376802,73378513,73390300,13498,1711,11787,65000,59364,59413,738,738,5587
735,73476869,73478584,73490299,13430,1715,11715,65000,59413,59461,736,736,5539
736,73576920,73578633,73590306,13386,1713,11673,65000,59461,59509,735,735,5491
737,73676970,73678684,73690286,13316,1714,11602,65000,59509,59557,734,734,5443
738,73777021,73778732,73790282,13261,1711,11550,65000,59557,59603,732,732,5397
739,73877071,73878785,73890276,13205,1714,11491,65000,59603,59650,731,731,5350
740,73977122,73978835,73990282,13160,1713,11447,65000,59650,59696,730,730,5304
741,74077172,74078887,74090299,13127,1715,11412,65000,59696,59741,729,729,5259
742,74177222,74178936,74190266,13044,1714,11330,65000,59741,59786,728,728,5214
743,74277272,74278985,74290256,12984,1713,11271,65000,59786,59830,727,727,5170
744,74377323,74379033,74390271,12948,1710,11238,65000,59830,59874,726,726,5126
745,74477373,74483598,74490276,12903,6225,6678,65000,59874,59917,724,724,5083
746,74577424,74579138,74590262,12838,1714,11124,65000,59917,59960,723,723,5040
747,74677474,74679188,74690264,12790,1714,11076,65000,59960,60002,722,722,4998
748,74777524,74779235,74790267,12743,1711,11032,65000,60002,60044,721,721,4956
749,74877575,74879289,74890260,12685,1714,10971,65000,60044,60086,720,720,4914
750,74977627,74979339,74990258,12631,1712,10919,65000,60086,60126,718,718,4874
751,75077677,75079393,75090284,12607,1716,10891,65000,60126,60167,717,717,4833
752,75177744,75179459,75190277,12533,1715,10818,65000,60167,60207,716,716,4793
753,75277794,75279507,75290266,12472,1713,10759,65000,60207,60246,715,715,4754
754,75377845,75379555,75390263,12418,1710,10708,65000,60246,60285,714,714,4715
755,75477895,75479604,75490259,12364,1709,10655,65000,60285,60323,713,713,4677
756,75577946,75579655,75590279,12333,1709,10624,65000,60323,60361,712,712,4639
757,75677996,75679708,75690282,12286,1712,10574,65000,60361,60399,711,711,4601
758,75778046,75779759,75790269,12223,1713,10510,65000,60399,60436,710,710,4564
759,75878096,75879811,75890264,12168,1715,10453,65000,60436,60473,709,709,4527
760,75978145,75979856,75990261,12116,1711,10405,65000,60473,60509,708,708,4491
761,76078195,76079910,76090267,12072,1715,10357,65000,60509,60545,707,707,4455
762,76178246,76179959,76190281,12035,1713,10322,65000,60545,60581,706,706,4419
763,76278296,76280013,76290262,11966,1717,10249,65000,60581,60616,705,705,4384
764,76378346,76380056,76390252,11906,1710,10196,65000,60616,60651,705,705,4349
765,76478397,76480112,76490266,11869,1715,10154,65000,60651,60685,704,704,4315
766,76578448,76580158,76590262,11814,1710,10104,65000,60685,60719,703,703,4281
767,76678499,76680214,76690253,11754,1715,10039,65000,60719,60753,702,702,4247
768,76778549,76780260,76790270,11721,1711,10010,65000,60753,60786,701,701,4214
769,76878600,76880316,76890264,11664,1716,9948,65000,60786,60819,700,700,4181
770,76978650,76980362,76990261,11611,1712,9899,65000,60819,60852,699,699,4148
771,77078700,77080416,77090252,11552,1716,9836,65000,60852,60884,698,698,4116
772,77178750,77180466,77190267,11517,1716,9801,65000,60884,60915,697,697,4085
773,77278801,77280515,77290262,11461,1714,9747,65000,60915,60947,696,696,4053
774,77378851,77380601,77390254,11403,1750,9653,65000,60947,60977,695,695,4023
775,77478902,77480655,77490270,11368,1753,9615,65000,60977,61008,695,695,3992
776,77578953,77580701,77590262,11309,1748,9561,65000,61008,61038,694,694,3962
777,77679003,77680769,77690262,11259,1766,9493,65000,61038,61068,693,693,3932
778,77779054,77780815,77790272,11218,1761,9457,65000,61068,61098,692,692,3902
779,77879104,77880868,77890264,11160,1764,9396,65000,61098,61127,691,691,3873
780,77979155,77980912,77990261,11106,1757,9349,65000,61127,61156,691,691,3844
781,78079205,78080964,78090256,11051,1759,9292,65000,61156,61184,690,690,3816
782,78179255,78181015,78190285,11030,1760,9270,65000,61184,61213,689,689,3787
783,78279324,78281086,78290279,10955,1762,9193,65000,61213,61240,688,688,3760
784,78379374,78381128,78390279,10905,1754,9151,65000,61240,61268,688,688,3732
785,78479425,78481190,78490276,10851,1765,9086,65000,61268,61295,687,687,3705
786,78579476,78581234,78590264,10788,1758,9030,65000,61295,61322,687,687,3678
787,78679526,78681287,78690258,10732,1761,8971,65000,61322,61349,686,686,3651
788,78779577,78781335,78790271,10694,1758,8936,65000,61349,61376,685,685,3624
789,78879628,78881387,78890266,10638,1759,8879,65000,61376,61402,684,684,3598
790,78979679,78981438,78990280,10601,1759,8842,65000,61402,61428,684,684,3572
791,79079730,79081491,79090265,10535,1761,8774,65000,61428,61453,683,683,3547
792,79179780,79181541,79190275,10495,1761,8734,65000,61453,61478,682,682,3522
793,79279830,79281594,79290267,10437,1764,8673,65000,61478,61503,682,682,3497
794,79379880,79381672,79390258,10378,1792,8586,65000,61503,61528,681,681,3472
795,79479930,79481724,79490266,10336,1794,8542,65000,61528,61552,680,680,3448
796,79579980,79581774,79590273,10293,1794,8499,65000,61552,61576,680,680,3424
797,79680031,79681837,79690262,10231,1806,8425,65000,61576,61600,679,679,3400
798,79780081,79781880,79790253,10172,1799,8373,65000,61600,61624,678,678,3376
799,79880131,79881935,79890270,10139,1804,8335,65000,61624,61647,677,677,3353
800,79980182,79981977,79993582,13400,1795,11605,65000,61647,61670,677,677,3330
801,80080236,80081994,80090212,9976,1758,8218,65000,61670,61692,676,676,3308
802,80180286,80182088,80190265,9979,1802,8177,65000,61692,61715,676,676,3285
803,80280337,80282130,80290260,9923,1793,8130,65000,61715,61737,675,675,3263
804,80380387,80382173,80390261,9874,1786,8088,65000,61737,61759,674,674,3241
805,80480437,80482225,80490259,9822,1788,8034,65000,61759,61780,674,674,3220
806,80580487,80582269,80590269,9782,1782,8000,65000,61780,61802,673,673,3198
807,80680559,80682333,80690265,9706,1774,7932,65000,61802,61823,673,673,3177
808,80780616,80782370,80790259,9643,1754,7889,65000,61823,61844,672,672,3156
809,80880665,80882423,80890271,9606,1758,7848,65000,61844,61864,671,671,3136
810,80980714,80982467,80990281,9567,1753,7814,65000,61864,61885,671,671,3115
811,81080763,81082518,81090293,9530,1755,7775,65000,61885,61905,670,670,3095
812,81180813,81182569,81190272,9459,1756,7703,65000,61905,61925,670,670,3075
813,81280862,81282622,81290263,9401,1760,7641,65000,61925,61944,669,669,3056
814,81380911,81382662,81390262,9351,1751,7600,65000,61944,61964,669,669,3036
815,81480960,81482721,81490258,9298,1761,7537,65000,61964,61983,668,668,3017
816,81581009,81582765,81590268,9259,1756,7503,65000,61983,62002,668,668,2998
817,81681059,81682818,81690271,9212,1759,7453,65000,62002,62021,667,667,2979
818,81781107,81782860,81790258,9151,1753,7398,65000,62021,62040,667,667,2960
819,81881157,81882915,81890271,9114,1758,7356,65000,62040,62058,667,667,2942
820,81981208,81982956,81990274,9066,1748,7318,65000,62058,62077,666,666,2923
821,82081256,82083007,82090264,9008,1751,7257,65000,62077,62095,666,666,2905
822,82181305,82183060,82190260,8955,1755,7200,65000,62095,62113,665,665,2887
823,82281354,82283108,82290261,8907,1754,7153,65000,62113,62130,665,665,2870
824,82381403,82383153,82390263,8860,1750,7110,65000,62130,62148,664,664,2852
825,82481453,82483197,82490261,8808,1744,7064,65000,62148,62165,664,664,2835
826,82581502,82583240,82590263,8761,1738,7023,65000,62165,62182,663,663,2818
827,82681551,82683295,82690268,8717,1744,6973,65000,62182,62199,663,663,2801
828,82781617,82783331,82790263,8646,1714,6932,65000,62199,62215,662,662,2785
829,82881642,82883359,82890250,8608,1717,6891,65000,62215,62232,662,662,2768
830,82981691,82983404,82990269,8578,1713,6865,65000,62232,62248,661,661,2752
831,83081741,83083457,83090262,8521,1716,6805,65000,62248,62264,661,661,2736
832,83181790,83183506,83190260,8470,1716,6754,65000,62264,62280,661,661,2720
833,83281838,83283552,83290265,8427,1714,6713,65000,62280,62296,660,660,2704
834,83381887,83383596,83390266,8379,1709,6670,65000,62296,62312,660,660,2688
835,83481937,83483651,83490267,8330,1714,6616,65000,62312,62327,659,659,2673
836,83581985,83583695,83590258,8273,1710,6563,65000,62327,62342,659,659,2658
837,83682035,83683750,83690288,8253,1715,6538,65000,62342,62357,659,659,2643
838,83782102,83783815,83790282,8180,1713,6467,65000,62357,62372,658,658,2628
839,83882150,83883868,83890280,8130,1718,6412,65000,62372,62387,658,658,2613
840,83982199,83983911,83990274,8075,1712,6363,65000,62387,62401,657,657,2599
841,84082247,84083968,84090262,8015,1721,6294,65000,62401,62416,657,657,2584
842,84182297,84184010,84190254,7957,1713,6244,65000,62416,62430,656,656,2570
843,84282346,84284060,84290271,7925,1714,6211,65000,62430,62443,656,656,2557
844,84382395,84384107,84390267,7872,1712,6160,65000,62443,62457,656,656,2543
845,84482444,84484158,84490261,7817,1714,6103,65000,62457,62471,655,655,2529
846,84582493,84584203,84590276,7783,1710,6073,65000,62471,62484,655,655,2516
847,84682542,84684257,84690272,7730,1715,6015,65000,62484,62498,655,655,2502
848,84782590,84784299,84790267,7677,1709,5968,65000,62498,62511,654,654,2489
849,84882639,84884381,84890262,7623,1742,5881,65000,62511,62524,654,654,2476
850,84982688,84984429,84990278,7590,1741,5849,65000,62524,62537,654,654,2463
851,85082738,85084488,85090270,7532,1750,5782,65000,62537,62515,653,653,2485
852,85182787,85184535,85190269,7482,1748,5734,65000,62515,62495,660,660,2505
853,85282836,85284584,85290262,7426,1748,5678,65000,62495,62475,661,661,2525
854,85382884,85384630,85390262,7378,1746,5632,65000,62475,62455,662,662,2545
855,85482934,85484681,85490263,7329,1747,5582,65000,62455,62436,662,662,2564
856,85582983,85584725,85590264,7281,1742,5539,65000,62436,62417,663,663,2583
857,85683032,85684787,85690276,7244,1755,5489,65000,62417,62398,663,663,2602
858,85783081,85784830,85790269,7188,1749,5439,65000,62398,62379,664,664,2621
859,85883130,85884882,85890260,7130,1752,5378,65000,62379,62360,664,664,2640
860,85983179,85984930,85990272,7093,1751,5342,65000,62360,62342,665,665,2658
861,86083228,86084988,86090266,7038,1760,5278,65000,62342,62324,665,665,2676
862,86183276,86185028,86190265,6989,1752,5237,65000,62324,62306,666,666,2694
863,86283326,86285079,86290272,6946,1753,5193,65000,62306,62288,666,666,2712
864,86383395,86385142,86390275,6880,1747,5133,65000,62288,62271,667,667,2729
865,86483443,86485198,86490301,6858,1755,5103,65000,62271,62254,667,667,2746
866,86583492,86585242,86590284,6792,1750,5042,65000,62254,62236,667,667,2764
867,86683540,86685293,86690270,6730,1753,4977,65000,62236,62219,668,668,2781
868,86783588,86785337,86790274,6686,1749,4937,65000,62219,62203,668,668,2797
869,86883638,86889852,86900214,16576,6214,10362,65000,62203,62186,668,668,2814
870,86983687,86985438,86990265,6578,1751,4827,65000,62186,62169,669,669,2831
871,87083735,87085494,87090286,6551,1759,4792,65000,62169,62153,670,670,2847
872,87183784,87185530,87190275,6491,1746,4745,65000,62153,62137,670,670,2863
873,87283832,87285585,87290259,6427,1753,4674,65000,62137,62121,670,670,2879
874,87383881,87385631,87390268,6387,1750,4637,65000,62121,62106,671,671,2894
875,87483930,87485677,87490264,6334,1747,4587,65000,62106,62090,671,671,2910
876,87583979,87585720,87590254,6275,1741,4534,65000,62090,62075,672,672,2925
877,87684028,87685778,87690267,6239,1750,4489,65000,62075,62060,672,672,2940
878,87784078,87785820,87790281,6203,1742,4461,65000,62060,62045,672,672,2955
879,87884127,87885873,87890268,6141,1746,4395,65000,62045,62030,673,673,2970
880,87984176,87985913,87990277,6101,1737,4364,65000,62030,62015,673,673,2985
881,88084224,88085969,88090268,6044,1745,4299,65000,62015,62001,674,674,2999
882,88184273,88186000,88190266,5993,1727,4266,65000,62001,61987,674,674,3013
883,88284335,88286051,88290262,5927,1716,4211,65000,61987,61973,674,674,3027
884,88384382,88386091,88390255,5873,1709,4164,65000,61973,61959,675,675,3041
885,88484431,88486147,88490265,5834,1716,4118,65000,61959,61945,675,675,3055
886,88584481,88586193,88590266,5785,1712,4073,65000,61945,61931,676,676,3069
887,88684530,88686246,88690260,5730,1716,4014,65000,61931,61918,676,676,3082
888,88784578,88786289,88790252,5674,1711,3963,65000,61918,61904,676,676,3096
889,88884627,88886340,88890272,5645,1713,3932,65000,61904,61891,677,677,3109
890,88984676,88986388,88990264,5588,1712,3876,65000,61891,61878,677,677,3122
891,89084725,89086446,89090257,5532,1721,3811,65000,61878,61865,677,677,3135
892,89184774,89186486,89190291,5517,1712,3805,65000,61865,61853,678,678,3147
893,89284843,89286558,89290292,5449,1715,3734,65000,61853,61840,678,678,3160
894,89384893,89386604,89390290,5397,1711,3686,65000,61840,61828,678,678,3172
895,89484942,89486658,89490272,5330,1716,3614,65000,61828,61816,679,679,3184
896,89584989,89586701,89590279,5290,1712,3578,65000,61816,61803,679,679,3197
897,89685039,89686753,89690264,5225,1714,3511,65000,61803,61792,680,680,3208
898,89785089,89786801,89790277,5188,1712,3476,65000,61792,61780,680,680,3220
899,89885139,89886851,89890269,5130,1712,3418,65000,61780,61768,680,680,3232
900,89985190,89986901,89993018,7828,1711,6117,65000,61768,61756,680,680,3244
901,90085245,90086965,90090216,4971,1720,3251,65000,61756,61745,681,681,3255
902,90185295,90187006,90190266,4971,1711,3260,65000,61745,61734,681,681,3266
903,90285347,90287062,90290266,4919,1715,3204,65000,61734,61723,681,681,3277
904,90385398,90387108,90390259,4861,1710,3151,65000,61723,61712,682,682,3288
905,90485449,90487163,90490267,4818,1714,3104,65000,61712,61701,682,682,3299
906,90585500,90587211,90590267,4767,1711,3056,65000,61701,61690,682,682,3310
907,90685550,90687266,90690260,4710,1716,2994,65000,61690,61679,683,683,3321
908,90785601,90787313,90790270,4669,1712,2957,65000,61679,61669,683,683,3331
909,90885651,90887365,90890284,4633,1714,2919,65000,61669,61658,683,683,3342
910,90985702,90987411,90990270,4568,1709,2859,65000,61658,61648,683,683,3352
911,91085752,91087474,91090414,4662,1722,2940,65000,61648,61638,684,684,3362
912,91185802,91187513,91190495,4693,1711,2982,65000,61638,61628,684,684,3372
913,91285852,91287565,91290560,4708,1713,2995,65000,61628,61618,684,684,3382
914,91385902,91387614,91390644,4742,1712,3030,65000,61618,61608,684,684,3392
915,91485951,91487668,91490691,4740,1717,3023,65000,61608,61598,685,685,3402
916,91586002,91587713,91590758,4756,1711,3045,65000,61598,61589,685,685,3411
917,91686052,91687770,91690827,4775,1718,3057,65000,61589,61579,685,685,3421
918,91786123,91787836,91790894,4771,1713,3058,65000,61579,61570,686,686,3430
919,91886172,91887890,91891011,4839,1718,3121,65000,61570,61561,686,686,3439
920,91986240,91987949,91991048,4808,1709,3099,65000,61561,61552,686,686,3448
921,92086293,92088014,92091112,4819,1721,3098,65000,61552,61543,686,686,3457
922,92186343,92188055,92191210,4867,1712,3155,65000,61543,61534,687,687,3466
923,92286392,92288107,92291237,4845,1715,3130,65000,61534,61525,687,687,3475
924,92386442,92388153,92391229,4787,1711,3076,65000,61525,61516,687,687,3484
925,92486492,92488208,92491235,4743,1716,3027,65000,61516,61507,687,687,3493
926,92586541,92588251,92591235,4694,1710,2984,65000,61507,61499,688,688,3501
927,92686591,92688308,92691234,4643,1717,2926,65000,61499,61491,688,688,3509
928,92786640,92788353,92791228,4588,1713,2875,65000,61491,61482,688,688,3518
929,92886690,92888405,92891243,4553,1715,2838,65000,61482,61474,688,688,3526
930,92986739,92988451,92990255,3516,1712,1804,65000,61474,61466,688,688,3534
931,93086790,93088506,93100269,13479,1716,11763,65000,61466,61458,688,688,3542
932,93186840,93188544,93200275,13435,1704,11731,65000,61458,61449,688,688,3551
933,93286891,93288599,93300281,13390,1708,11682,65000,61449,61442,689,689,3558
934,93386941,93388646,93400275,13334,1705,11629,65000,61442,61434,689,689,3566
935,93486991,93488699,93500280,13289,1708,11581,65000,61434,61426,689,689,3574
936,93587041,93588747,93600292,13251,1706,11545,65000,61426,61418,689,689,3582
937,93687092,93688802,93700280,13188,1710,11478,65000,61418,61410,689,689,3590
938,93787142,93788846,93800298,13156,1704,11452,65000,61410,61403,690,690,3597
939,93887193,93888897,93900273,13080,1704,11376,65000,61403,61396,690,690,3604
940,93987245,93988949,94000291,13046,1704,11342,65000,61396,61388,690,690,3612
941,94087294,94089012,94100279,12985,1718,11267,65000,61388,61381,690,690,3619
942,94187345,94189051,94200266,12921,1706,11215,65000,61381,61373,690,690,3627
943,94287396,94289104,94300271,12875,1708,11167,65000,61373,61366,691,691,3634
944,94387446,94389152,94400265,12819,1706,11113,65000,61366,61359,691,691,3641
945,94487496,94489205,94500268,12772,1709,11063,65000,61359,61353,691,691,3647
946,94587546,94589248,94600282,12736,1702,11034,65000,61353,61346,691,691,3654
947,94687597,94689304,94700270,12673,1707,10966,65000,61346,61339,691,691,3661
948,94787646,94789349,94800262,12616,1703,10913,65000,61339,61332,692,692,3668
949,94887697,94889404,94900257,12560,1707,10853,65000,61332,61326,692,692,3674
950,94987748,94989450,95000270,12522,1702,10820,65000,61326,61319,692,692,3681
951,95087799,95089514,95100264,12465,1715,10750,65000,61319,61347,692,692,3653
952,95187850,95189555,95200249,12399,1705,10694,65000,61347,61374,685,685,3626
953,95287900,95289607,95300267,12367,1707,10660,65000,61374,61400,684,684,3600
954,95387951,95389655,95400264,12313,1704,10609,65000,61400,61426,684,684,3574
955,95488000,95489710,95500271,12271,1710,10561,65000,61426,61451,683,683,3549
956,95588051,95589755,95600264,12213,1704,10509,65000,61451,61476,682,682,3524
957,95688100,95689810,95700267,12167,1710,10457,65000,61476,61502,682,682,3498
958,95788151,95789854,95800262,12111,1703,10408,65000,61502,61526,681,681,3474
959,95888200,95889910,95900260,12060,1710,10350,65000,61526,61551,680,680,3449
960,95988251,95989955,96000264,12013,1704,10309,65000,61551,61574,679,679,3426
961,96088302,96090018,96100267,11965,1716,10249,65000,61574,61598,679,679,3402
962,96188351,96190056,96200255,11904,1705,10199,65000,61598,61622,678,678,3378
963,96288402,96290113,96300265,11863,1711,10152,65000,61622,61645,678,678,3355
964,96388452,96390155,96400268,11816,1703,10113,65000,61645,61668,677,677,3332
965,96488503,96490209,96500277,11774,1706,10068,65000,61668,61691,676,676,3309
966,96588553,96590258,96600262,11709,1705,10004,65000,61691,61713,676,676,3287
967,96688603,96690310,96700289,11686,1707,9979,65000,61713,61735,675,675,3265
968,96788671,96790377,96800294,11623,1706,9917,65000,61735,61757,675,675,3243
969,96888721,96890427,96900279,11558,1706,9852,65000,61757,61779,674,674,3221
970,96988772,96990478,97000266,11494,1706,9788,65000,61779,61800,673,673,3200
971,97088822,97090569,97100261,11439,1747,9692,65000,61800,61822,673,673,3178
972,97188872,97190614,97200258,11386,1742,9644,65000,61822,61843,672,672,3157
973,97288923,97290667,97300268,11345,1744,9601,65000,61843,61863,671,671,3137
974,97388973,97390722,97400269,11296,1749,9547,65000,61863,61883,671,671,3117
975,97489023,97490783,97500263,11240,1760,9480,65000,61883,61904,671,671,3096
976,97589074,97590827,97600276,11202,1753,9449,65000,61904,61924,670,670,3076
977,97689124,97690878,97700268,11144,1754,9390,65000,61924,61943,669,669,3057
978,97789175,97790926,97800265,11090,1751,9339,65000,61943,61963,669,669,3037
979,97889225,97890977,97900261,11036,1752,9284,65000,61963,61982,668,668,3018
980,97989276,97991025,98000252,10976,1749,9227,65000,61982,62001,668,668,2999
981,98089326,98091089,98100270,10944,1763,9181,65000,62001,62020,667,667,2980
982,98189377,98191130,98200263,10886,1753,9133,65000,62020,62039,667,667,2961
983,98289427,98291182,98300265,10838,1755,9083,65000,62039,62057,667,667,2943
984,98389478,98391232,98400270,10792,1754,9038,65000,62057,62076,666,666,2924
985,98489528,98491283,98500256,10728,1755,8973,65000,62076,62094,666,666,2906
986,98589579,98591333,98600263,10684,1754,8930,65000,62094,62112,665,665,2888
987,98689630,98691385,98700263,10633,1755,8878,65000,62112,62129,665,665,2871
988,98789680,98791431,98800264,10584,1751,8833,65000,62129,62147,664,664,2853
989,98889731,98891485,98900265,10534,1754,8780,65000,62147,62164,664,664,2836
990,98989781,98991531,99000253,10472,1750,8722,65000,62164,62181,663,663,2819
991,99089832,99091592,99100270,10438,1760,8678,65000,62181,62198,663,663,2802
992,99189882,99191664,99200275,10393,1782,8611,65000,62198,62214,662,662,2786
993,99289932,99296189,99300262,10330,6257,4073,65000,62214,62231,662,662,2769
994,99389983,99391769,99400266,10283,1786,8497,65000,62231,62247,661,661,2753
995,99490033,99491827,99500289,10256,1794,8462,65000,62247,62263,661,661,2737
996,99590083,99591874,99600283,10200,1791,8409,65000,62263,62279,661,661,2721
997,99690133,99691924,99700276,10143,1791,8352,65000,62279,62295,660,660,2705
998,99790184,99791973,99800263,10079,1789,8290,65000,62295,62311,660,660,2689
999,99890234,99892021,99900259,10025,1787,8238,65000,62311,62326,659,659,2674
1000,99990284,99992072,100003677,13393,1788,11605,65000,62326,62341,659,659,2659
1001,100090338,100092095,100100217,9879,1757,8122,65000,62341,62356,659,659,2644
1002,100190388,100192163,100200263,9875,1775,8100,65000,62356,62371,658,658,2629
1003,100290460,100292242,100300258,9798,1782,8016,65000,62371,62386,658,658,2614
1004,100390511,100392280,100400275,9764,1769,7995,65000,62386,62400,657,657,2600
1005,100490561,100492332,100500269,9708,1771,7937,65000,62400,62415,657,657,2585
1006,100590620,100592365,100600273,9653,1745,7908,65000,62415,62429,656,656,2571
1007,100690670,100692422,100700265,9595,1752,7843,65000,62429,62443,656,656,2557
1008,100790718,100792462,100800267,9549,1744,7805,65000,62443,62456,656,656,2544
1009,100890768,100892518,100900278,9510,1750,7760,65000,62456,62470,656,656,2530
1010,100990817,100992563,101000265,9448,1746,7702,65000,62470,62484,655,655,2516
1011,101090866,101092628,101100254,9388,1762,7626,65000,62484,62497,655,655,2503
1012,101190916,101192666,101200271,9355,1750,7605,65000,62497,62510,654,654,2490
1013,101290966,101292717,101300275,9309,1751,7558,65000,62510,62524,654,654,2476
1014,101391014,101392761,101400261,9247,1747,7500,65000,62524,62536,653,653,2464
1015,101491064,101492816,101500279,9215,1752,7463,65000,62536,62549,653,653,2451
1016,101591114,101592857,101600271,9157,1743,7414,65000,62549,62562,653,653,2438
1017,101691163,101692910,101700262,9099,1747,7352,65000,62562,62574,652,652,2426
1018,101791212,101792956,101800266,9054,1744,7310,65000,62574,62586,652,652,2414
1019,101891262,101893005,101900267,9005,1743,7262,65000,62586,62598,652,652,2402
1020,101991311,101993051,102000262,8951,1740,7211,65000,62598,62611,652,652,2389
1021,102091360,102093114,102100249,8889,1754,7135,65000,62611,62622,651,651,2378
1022,102191408,102193151,102200291,8883,1743,7140,65000,62622,62634,651,651,2366
1023,102291480,102293216,102300295,8815,1736,7079,65000,62634,62646,650,650,2354
1024,102391528,102393260,102400281,8753,1732,7021,65000,62646,62657,650,650,2343
1025,102491577,102493376,102500267,8690,1799,6891,65000,62657,62668,650,650,2332
1026,102591639,102593375,102600274,8635,1736,6899,65000,62668,62680,650,650,2320
1027,102691689,102693399,102700262,8573,1710,6863,65000,62680,62691,649,649,2309
1028,102791737,102793449,102800267,8530,1712,6818,65000,62691,62702,649,649,2298
1029,102891787,102893494,102900268,8481,1707,6774,65000,62702,62713,649,649,2287
1030,102991836,102993545,103000258,8422,1709,6713,65000,62713,62723,648,648,2277
1031,103091885,103093601,103100268,8383,1716,6667,65000,62723,62734,648,648,2266
1032,103191934,103193645,103200279,8345,1711,6634,65000,62734,62744,648,648,2256
1033,103291983,103293692,103300264,8281,1709,6572,65000,62744,62755,648,648,2245
1034,103392031,103393742,103400259,8228,1711,6517,65000,62755,62765,647,647,2235
1035,103492081,103493787,103500284,8203,1706,6497,65000,62765,62775,647,647,2225
1036,103592130,103593842,103600270,8140,1712,6428,65000,62775,62785,647,647,2215
1037,103692179,103693886,103700264,8085,1707,6378,65000,62785,62795,646,646,2205
1038,103792227,103793939,103800260,8033,1712,6321,65000,62795,62804,646,646,2196
1039,103892276,103893982,103900253,7977,1706,6271,65000,62804,62814,646,646,2186
1040,103992326,103994033,104000267,7941,1707,6234,65000,62814,62824,646,646,2176
1041,104092375,104094090,104100259,7884,1715,6169,65000,62824,62833,646,646,2167
1042,104192423,104194134,104200258,7835,1711,6124,65000,62833,62843,646,646,2157
1043,104292472,104294182,104300269,7797,1710,6087,65000,62843,62852,645,645,2148
1044,104392522,104394231,104400277,7755,1709,6046,65000,62852,62861,645,645,2139
1045,104492570,104494281,104500261,7691,1711,5980,65000,62861,62870,645,645,2130
1046,104592619,104594353,104600265,7646,1734,5912,65000,62870,62880,645,645,2120
1047,104692668,104694405,104700267,7599,1737,5862,65000,62880,62888,644,644,2112
1048,104792717,104794454,104800254,7537,1737,5800,65000,62888,62897,644,644,2103
1049,104892766,104894511,104900275,7509,1745,5764,65000,62897,62906,644,644,2094
1050,104992815,104994563,105000300,7485,1748,5737,65000,62906,62915,644,644,2085
1051,105092864,105094614,105100288,7424,1750,5674,65000,62915,62923,643,643,2077
1052,105192913,105194656,105200275,7362,1743,5619,65000,62923,62931,643,643,2069
1053,105292961,105294705,105300264,7303,1744,5559,65000,62931,62940,643,643,2060
1054,105393010,105394753,105400277,7267,1743,5524,65000,62940,62948,643,643,2052
1055,105493060,105494808,105500267,7207,1748,5459,65000,62948,62956,643,643,2044
1056,105593108,105594861,105600275,7167,1753,5414,65000,62956,62964,642,642,2036
1057,105693157,105694904,105700267,7110,1747,5363,65000,62964,62972,642,642,2028
1058,105793207,105794956,105800259,7052,1749,5303,65000,62972,62980,642,642,2020
1059,105893255,105895003,105900263,7008,1748,5260,65000,62980,62988,642,642,2012
1060,105993304,105995053,106000265,6961,1749,5212,65000,62988,62995,641,641,2005
1061,106093353,106095103,106100255,6902,1750,5152,65000,62995,63003,641,641,1997
1062,106193402,106195152,106200266,6864,1750,5114,65000,63003,63010,641,641,1990
1063,106293452,106295202,106300273,6821,1750,5071,65000,63010,63018,641,641,1982
1064,106393501,106395250,106400263,6762,1749,5013,65000,63018,63025,640,640,1975
1065,106493550,106495293,106500259,6709,1743,4966,65000,63025,63032,640,640,1968
1066,106593599,106595350,106600274,6675,1751,4924,65000,63032,63039,640,640,1961
1067,106693648,106695393,106700275,6627,1745,4882,65000,63039,63046,640,640,1954
1068,106793697,106795447,106800277,6580,1750,4830,65000,63046,63053,640,640,1947
1069,106893746,106895490,106900269,6523,1744,4779,65000,63053,63060,640,640,1940
1070,106993795,106995542,107000259,6464,1747,4717,65000,63060,63067,639,639,1933
1071,107093844,107095596,107100278,6434,1752,4682,65000,63067,63073,639,639,1927
1072,107193893,107195638,107200282,6389,1745,4644,65000,63073,63080,639,639,1920
1073,107293942,107295682,107300270,6328,1740,4588,65000,63080,63087,639,639,1913
1074,107393992,107395731,107400258,6266,1739,4527,65000,63087,63093,639,639,1907
1075,107494040,107495784,107500265,6225,1744,4481,65000,63093,63100,639,639,1900
1076,107594089,107595830,107600252,6163,1741,4422,65000,63100,63106,638,638,1894
1077,107694138,107695876,107700282,6144,1738,4406,65000,63106,63112,638,638,1888
1078,107794206,107795944,107800276,6070,1738,4332,65000,63112,63118,638,638,1882
1079,107894254,107895984,107900264,6010,1730,4280,65000,63118,63124,638,638,1876
1080,107994303,107996033,108000264,5961,1730,4231,65000,63124,63131,638,638,1869
1081,108094358,108096071,108100259,5901,1713,4188,65000,63131,63136,637,637,1864
1082,108194407,108196118,108200256,5849,1711,4138,65000,63136,63143,638,638,1857
1083,108294456,108296162,108300271,5815,1706,4109,65000,63143,63148,637,637,1852
1084,108394504,108396213,108400264,5760,1709,4051,65000,63148,63154,637,637,1846
1085,108494553,108496266,108500258,5705,1713,3992,65000,63154,63160,637,637,1840
1086,108594601,108596309,108600269,5668,1708,3960,65000,63160,63166,637,637,1834
1087,108694650,108696359,108700274,5624,1709,3915,65000,63166,63171,637,637,1829
1088,108794699,108796410,108800262,5563,1711,3852,65000,63171,63177,637,637,1823
1089,108894748,108896455,108900257,5509,1707,3802,65000,63177,63182,636,636,1818
1090,108994796,108996507,109000271,5475,1711,3764,65000,63182,63188,636,636,1812
1091,109094845,109096560,109100279,5434,1715,3719,65000,63188,63193,636,636,1807
1092,109194895,109196605,109200261,5366,1710,3656,65000,63193,63198,636,636,1802
1093,109294944,109296653,109300265,5321,1709,3612,65000,63198,63204,636,636,1796
1094,109394994,109396702,109400268,5274,1708,3566,65000,63204,63209,635,635,1791
1095,109495043,109496750,109500257,5214,1707,3507,65000,63209,63214,635,635,1786
1096,109595093,109596800,109600261,5168,1707,3461,65000,63214,63219,635,635,1781
1097,109695143,109696852,109700283,5140,1709,3431,65000,63219,63223,635,635,1777
1098,109795194,109796904,109800286,5092,1710,3382,65000,63223,63228,635,635,1772
1099,109895244,109896951,109900284,5040,1707,3333,65000,63228,63233,635,635,1767
1100,109995294,109997005,110003067,7773,1711,6062,65000,63233,63238,635,635,1762
1101,110095349,110097065,110100216,4867,1716,3151,65000,63238,63243,635,635,1757
1102,110195399,110197109,110200261,4862,1710,3152,65000,63243,63247,634,634,1753
1103,110295471,110297177,110300269,4798,1706,3092,65000,63247,63252,634,634,1748
1104,110395521,110397233,110400286,4765,1712,3053,65000,63252,63257,634,634,1743
1105,110495572,110497282,110500269,4697,1710,2987,65000,63257,63261,634,634,1739
1106,110595622,110597333,110600275,4653,1711,2942,65000,63261,63266,634,634,1734
1107,110695672,110697381,110700438,4766,1709,3057,65000,63266,63270,634,634,1730
1108,110795722,110797431,110800526,4804,1709,3095,65000,63270,63274,634,634,1726
1109,110895772,110897481,110900572,4800,1709,3091,65000,63274,63279,634,634,1721
1110,110995822,110997534,111000663,4841,1712,3129,65000,63279,63283,633,633,1717
1111,111095871,111097588,111100712,4841,1717,3124,65000,63283,63287,633,633,1713
1112,111195942,111197649,111200800,4858,1707,3151,65000,63287,63291,633,633,1709
1113,111295992,111297701,111300867,4875,1709,3166,65000,63291,63295,633,633,1705
1114,111396041,111397753,111400944,4903,1712,3191,65000,63295,63299,633,633,1701
1115,111496091,111502361,111510214,14123,6270,7853,65000,63299,63303,633,633,1697
1116,111596142,111597854,111600697,4555,1712,2843,65000,63303,63307,633,633,1693
1117,111696192,111697904,111700810,4618,1712,2906,65000,63307,63311,633,633,1689
1118,111796241,111797952,111800859,4618,1711,2907,65000,63311,63315,633,633,1685
1119,111896313,111898021,111900946,4633,1708,2925,65000,63315,63319,632,632,1681
1120,111996363,111998072,112001010,4647,1709,2938,65000,63319,63323,632,632,1677
1121,112096432,112098149,112101100,4668,1717,2951,65000,63323,63326,632,632,1674
1122,112196499,112198207,112201152,4653,1708,2945,65000,63326,63330,632,632,1670
1123,112296570,112298279,112301219,4649,1709,2940,65000,63330,63334,632,632,1666
1124,112396620,112398330,112401248,4628,1710,2918,65000,63334,63337,632,632,1663
1125,112496670,112498379,112501253,4583,1709,2874,65000,63337,63341,632,632,1659
1126,112596720,112598431,112600258,3538,1711,1827,65000,63341,63345,632,632,1655
1127,112696769,112698479,112710200,13431,1710,11721,65000,63345,63348,632,632,1652
1128,112796841,112798550,112810260,13419,1709,11710,65000,63348,63352,632,632,1648
1129,112896894,112898605,112910276,13382,1711,11671,65000,63352,63355,631,631,1645
1130,112996945,112998656,113010278,13333,1711,11622,65000,63355,63358,631,631,1642
1131,113096995,113098707,113110286,13291,1712,11579,65000,63358,63361,631,631,1639
1132,113197045,113198755,113210279,13234,1710,11524,65000,63361,63365,631,631,1635
1133,113297097,113298809,113310264,13167,1712,11455,65000,63365,63368,631,631,1632
1134,113397146,113398857,113410282,13136,1711,11425,65000,63368,63371,631,631,1629
1135,113497197,113498901,113510269,13072,1704,11368,65000,63371,63374,631,631,1626
1136,113597269,113598981,113610262,12993,1712,11281,65000,63374,63378,631,631,1622
1137,113697319,113699028,113710261,12942,1709,11233,65000,63378,63381,631,631,1619
1138,113797370,113799079,113810254,12884,1709,11175,65000,63381,63384,631,631,1616
1139,113897420,113899130,113910265,12845,1710,11135,65000,63384,63387,631,631,1613
1140,113997471,113999185,114010259,12788,1714,11074,65000,63387,63390,631,631,1610
1141,114097521,114099234,114110275,12754,1713,11041,65000,63390,63393,630,630,1607
1142,114197571,114199278,114210269,12698,1707,10991,65000,63393,63396,630,630,1604
1143,114297621,114299331,114310263,12642,1710,10932,65000,63396,63399,630,630,1601
1144,114397672,114399383,114410278,12606,1711,10895,65000,63399,63401,630,630,1599
1145,114497722,114499431,114510271,12549,1709,10840,65000,63401,63404,630,630,1596
1146,114597772,114599483,114610265,12493,1711,10782,65000,63404,63407,630,630,1593
1147,114697823,114699528,114710262,12439,1705,10734,65000,63407,63410,630,630,1590
1148,114797873,114799586,114810262,12389,1713,10676,65000,63410,63413,630,630,1587
1149,114897924,114899635,114910276,12352,1711,10641,65000,63413,63415,630,630,1585
1150,114997974,114999684,115010266,12292,1710,10582,65000,63415,63418,630,630,1582
1151,115098025,115099736,115110259,12234,1711,10523,65000,63418,63421,630,630,1579
1152,115198075,115199788,115210298,12223,1713,10510,65000,63421,63423,630,630,1577
1153,115298147,115299856,115310286,12139,1709,10430,65000,63423,63426,630,630,1574
1154,115398198,115399908,115410279,12081,1710,10371,65000,63426,63429,629,629,1571
1155,115498249,115499957,115510269,12020,1708,10312,65000,63429,63431,629,629,1569
1156,115598299,115600006,115610262,11963,1707,10256,65000,63431,63433,629,629,1567
1157,115698350,115700062,115710255,11905,1712,10193,65000,63433,63436,629,629,1564
1158,115798400,115800113,115810272,11872,1713,10159,65000,63436,63438,629,629,1562
1159,115898451,115900155,115910264,11813,1704,10109,65000,63438,63441,629,629,1559
1160,115998501,116000212,116010260,11759,1711,10048,65000,63441,63443,629,629,1557
1161,116098551,116100264,116110278,11727,1713,10014,65000,63443,63445,629,629,1555
1162,116198602,116200311,116210270,11668,1709,9959,65000,63445,63448,629,629,1552
1163,116298652,116300361,116310279,11627,1709,9918,65000,63448,63450,629,629,1550
1164,116398702,116400412,116410266,11564,1710,9854,65000,63450,63452,629,629,1548
1165,116498752,116500461,116510261,11509,1709,9800,65000,63452,63455,629,629,1545
1166,116598803,116600514,116610269,11466,1711,9755,65000,63455,63457,629,629,1543
1167,116698853,116700598,116710265,11412,1745,9667,65000,63457,63459,629,629,1541
1168,116798903,116800651,116810271,11368,1748,9620,65000,63459,63461,629,629,1539
1169,116898954,116900701,116910264,11310,1747,9563,65000,63461,63464,629,629,1536
1170,116999005,117000765,117010262,11257,1760,9497,65000,63464,63466,628,628,1534
1171,117099056,117100818,117110275,11219,1762,9457,65000,63466,63468,628,628,1532
1172,117199106,117200861,117210268,11162,1755,9407,65000,63468,63470,628,628,1530
1173,117299156,117300911,117310277,11121,1755,9366,65000,63470,63472,628,628,1528
1174,117399207,117400962,117410267,11060,1755,9305,65000,63472,63474,628,628,1526
1175,117499258,117501011,117510255,10997,1753,9244,65000,63474,63475,628,628,1525
1176,117599309,117601063,117610271,10962,1754,9208,65000,63475,63477,628,628,1523
1177,117699359,117701116,117710265,10906,1757,9149,65000,63477,63479,628,628,1521
1178,117799409,117801166,117810277,10868,1757,9111,65000,63479,63481,628,628,1519
1179,117899460,117901215,117910273,10813,1755,9058,65000,63481,63483,628,628,1517
1180,117999510,118001266,118010290,10780,1756,9024,65000,63483,63485,628,628,1515
1181,118099561,118101324,118110294,10733,1763,8970,65000,63485,63487,628,628,1513
1182,118199610,118201364,118210268,10658,1754,8904,65000,63487,63489,628,628,1511
1183,118299661,118301415,118310262,10601,1754,8847,65000,63489,63491,628,628,1509
1184,118399711,118401468,118410271,10560,1757,8803,65000,63491,63493,628,628,1507
1185,118499762,118501518,118510267,10505,1756,8749,65000,63493,63494,628,628,1506
1186,118599812,118601569,118610262,10450,1757,8693,65000,63494,63496,628,628,1504
1187,118699863,118701650,118710263,10400,1787,8613,65000,63496,63498,628,628,1502
1188,118799914,118801701,118810258,10344,1787,8557,65000,63498,63500,627,627,1500
1189,118899964,118901748,118910270,10306,1784,8522,65000,63500,63501,627,627,1499
1190,119000015,119001816,119010264,10249,1801,8448,65000,63501,63503,627,627,1497
1191,119100065,119101869,119110272,10207,1804,8403,65000,63503,63504,627,627,1496
1192,119200116,119201911,119210267,10151,1795,8356,65000,63504,63506,627,627,1494
1193,119300165,119301958,119310282,10117,1793,8324,65000,63506,63508,627,627,1492
1194,119400215,119402007,119410271,10056,1792,8264,65000,63508,63509,627,627,1491
1195,119500266,119502051,119510277,10011,1785,8226,65000,63509,63511,627,627,1489
1196,119600317,119602114,119610264,9947,1797,8150,65000,63511,63512,627,627,1488
1197,119700367,119702153,119710265,9898,1786,8112,65000,63512,63514,627,627,1486
1198,119800417,119802201,119810262,9845,1784,8061,65000,63514,63515,627,627,1485
1199,119900467,119902250,119910258,9791,1783,8008,65000,63515,63517,627,627,1483
1200,120000518,120002290,120013912,13394,1772,11622,65000,63517,63518,627,627,1482
1201,120100572,120102331,120110216,9644,1759,7885,50000,63518,63424,285,285,-13424
1202,120200622,120202373,120210262,9640,1751,7889,50000,63424,63325,269,269,-13325
1203,120300676,120302429,120310266,9590,1753,7837,50000,63325,63227,269,269,-13227
1204,120400725,120402476,120410266,9541,1751,7790,50000,63227,63130,270,270,-13130
1205,120500775,120502526,120510271,9496,1751,7745,50000,63130,63034,271,271,-13034
1206,120600824,120602577,120610260,9436,1753,7683,50000,63034,62937,271,271,-12937
1207,120700873,120702627,120710302,9429,1754,7675,50000,62937,62842,273,273,-12842
1208,120800945,120802701,120810291,9346,1756,7590,50000,62842,62747,273,273,-12747
1209,120900995,120902748,120910281,9286,1753,7533,50000,62747,62653,274,274,-12653
1210,121001043,121002794,121010268,9225,1751,7474,50000,62653,62559,275,275,-12559
1211,121101093,121102851,121110260,9167,1758,7409,50000,62559,62466,276,276,-12466
1212,121201141,121202897,121210261,9120,1756,7364,50000,62466,62374,277,277,-12374
1213,121301190,121302936,121310269,9079,1746,7333,50000,62374,62282,278,278,-12282
1214,121401239,121402992,121410272,9033,1753,7280,50000,62282,62191,279,279,-12191
1215,121501289,121503035,121510260,8971,1746,7225,50000,62191,62101,280,280,-12101
1216,121601337,121603088,121610264,8927,1751,7176,50000,62101,62011,281,281,-12011
1217,121701387,121703130,121710267,8880,1743,7137,50000,62011,61922,282,282,-11922
1218,121801435,121803181,121810275,8840,1746,7094,50000,61922,61833,282,282,-11833
1219,121901484,121903221,121910262,8778,1737,7041,50000,61833,61745,283,283,-11745
1220,122001532,122003269,122010263,8731,1737,6994,50000,61745,61658,284,284,-11658
1221,122101581,122103316,122110268,8687,1735,6952,50000,61658,61571,285,285,-11571
1222,122201643,122203357,122210255,8612,1714,6898,50000,61571,61485,286,286,-11485
1223,122301692,122303400,122310271,8579,1708,6871,50000,61485,61399,287,287,-11399
1224,122401741,122403448,122410280,8539,1707,6832,50000,61399,61314,288,288,-11314
1225,122501789,122503498,122510267,8478,1709,6769,50000,61314,61230,288,288,-11230
1226,122601838,122603549,122610267,8429,1711,6718,50000,61230,61146,289,289,-11146
1227,122701887,122703599,122710261,8374,1712,6662,50000,61146,61062,290,290,-11062
1228,122801936,122803649,122810257,8321,1713,6608,50000,61062,60979,291,291,-10979
1229,122901985,122903694,122910276,8291,1709,6582,50000,60979,60897,292,292,-10897
1230,123002034,123003743,123010269,8235,1709,6526,50000,60897,60815,292,292,-10815
1231,123102083,123103799,123110267,8184,1716,6468,50000,60815,60734,293,293,-10734
1232,123202132,123203843,123210272,8140,1711,6429,50000,60734,60654,294,294,-10654
1233,123302181,123303890,123310260,8079,1709,6370,50000,60654,60574,295,295,-10574
1234,123402230,123403941,123410277,8047,1711,6336,50000,60574,60494,296,296,-10494
1235,123502279,123503989,123510273,7994,1710,6284,50000,60494,60415,297,297,-10415
1236,123602327,123604040,123610258,7931,1713,6218,50000,60415,60337,297,297,-10337
1237,123702376,123708583,123720249,17873,6207,11666,50000,60337,60259,298,298,-10259
1238,123802424,123804140,123810260,7836,1716,6120,50000,60259,60182,299,299,-10182
1239,123902474,123904185,123910254,7780,1711,6069,50000,60182,60105,299,299,-10105
1240,124002523,124004235,124010265,7742,1712,6030,50000,60105,60028,300,300,-10028
1241,124102571,124104286,124110275,7704,1715,5989,50000,60028,59952,301,301,-9952
1242,124202620,124204360,124210262,7642,1740,5902,50000,59952,59877,302,302,-9877
1243,124302669,124304405,124310259,7590,1736,5854,50000,59877,59802,302,302,-9802
1244,124402718,124404460,124410267,7549,1742,5807,50000,59802,59728,303,303,-9728
1245,124502767,124504512,124510263,7496,1745,5751,50000,59728,59654,304,304,-9654
1246,124602816,124604562,124610402,7586,1746,5840,50000,59654,59581,305,305,-9581
1247,124702864,124704608,124710495,7631,1744,5887,50000,59581,59508,305,305,-9508
1248,124802913,124804663,124810564,7651,1750,5901,50000,59508,59436,306,306,-9436
1249,124902961,124904707,124910612,7651,1746,5905,50000,59436,59364,307,307,-9364
1250,125003008,125004751,125010681,7673,1743,5930,50000,59364,59292,307,307,-9292
1251,125103057,125104811,125110758,7701,1754,5947,50000,59292,59221,308,308,-9221
1252,125203108,125204859,125210825,7717,1751,5966,50000,59221,59151,309,309,-9151
1253,125303157,125304905,125310892,7735,1748,5987,50000,59151,59081,310,310,-9081
1254,125403205,125404956,125411002,7797,1751,6046,50000,59081,59012,310,310,-9012
1255,125503268,125505018,125511058,7790,1750,6040,50000,59012,58943,311,311,-8943
1256,125603319,125605068,125611122,7803,1749,6054,50000,58943,58874,312,312,-8874
1257,125703367,125705118,125711185,7818,1751,6067,50000,58874,58806,312,312,-8806
1258,125803417,125805167,125811235,7818,1750,6068,50000,58806,58739,313,313,-8739
1259,125903488,125905241,125911233,7745,1753,5992,50000,58739,58671,313,313,-8671
1260,126003537,126005287,126010259,6722,1750,4972,50000,58671,58604,314,314,-8604
1261,126103585,126105337,126110368,6783,1752,5031,50000,58604,58538,315,315,-8538
1262,126203633,126205382,126210284,6651,1749,4902,50000,58538,58472,315,315,-8472
1263,126303682,126305429,126310280,6598,1747,4851,50000,58472,58407,316,316,-8407
1264,126403730,126405481,126410272,6542,1751,4791,50000,58407,58342,317,317,-8342
1265,126503780,126505528,126510264,6484,1748,4736,50000,58342,58277,317,317,-8277
1266,126603829,126605579,126610260,6431,1750,4681,50000,58277,58213,318,318,-8213
1267,126703878,126705621,126710248,6370,1743,4627,50000,58213,58150,319,319,-8150
1268,126803927,126805674,126810267,6340,1747,4593,50000,58150,58087,319,319,-8087
1269,126903976,126905718,126910263,6287,1742,4545,50000,58087,58024,320,320,-8024
1270,127004025,127005771,127010256,6231,1746,4485,50000,58024,57962,321,321,-7962
1271,127104074,127105825,127110267,6193,1751,4442,50000,57962,57900,321,321,-7900
1272,127204124,127205870,127210281,6157,1746,4411,50000,57900,57838,322,322,-7838
1273,127304173,127305913,127310263,6090,1740,4350,50000,57838,57777,323,323,-7777
1274,127404222,127405962,127410246,6024,1740,4284,50000,57777,57717,323,323,-7717
1275,127504271,127505999,127510268,5997,1728,4269,50000,57717,57656,323,323,-7656
1276,127604334,127606046,127610261,5927,1712,4215,50000,57656,57596,324,324,-7596
1277,127704380,127706093,127710261,5881,1713,4168,50000,57596,57537,325,325,-7537
1278,127804429,127806144,127810262,5833,1715,4118,50000,57537,57478,325,325,-7478
1279,127904477,127906187,127910265,5788,1710,4078,50000,57478,57419,326,326,-7419
1280,128004527,128006238,128010265,5738,1711,4027,50000,57419,57361,326,326,-7361
1281,128104575,128106294,128110255,5680,1719,3961,50000,57361,57303,327,327,-7303
1282,128204624,128206335,128210288,5664,1711,3953,50000,57303,57245,328,328,-7245
1283,128304693,128306401,128310285,5592,1708,3884,50000,57245,57188,328,328,-7188
1284,128404742,128406452,128410277,5535,1710,3825,50000,57188,57132,329,329,-7132
1285,128504791,128506504,128510265,5474,1713,3761,50000,57132,57075,329,329,-7075
1286,128604840,128606553,128610260,5420,1713,3707,50000,57075,57019,330,330,-7019
1287,128704889,128706622,128710255,5366,1733,3633,50000,57019,56964,330,330,-6964
1288,128804937,128806651,128810271,5334,1714,3620,50000,56964,56908,331,331,-6908
1289,128904986,128906692,128910264,5278,1706,3572,50000,56908,56854,332,332,-6854
1290,129005034,129006745,129010276,5242,1711,3531,50000,56854,56799,332,332,-6799
1291,129105085,129106798,129110261,5176,1713,3463,50000,56799,56745,333,333,-6745
1292,129205135,129206847,129210268,5133,1712,3421,50000,56745,56692,333,333,-6692
1293,129305186,129306892,129310274,5088,1706,3382,50000,56692,56638,333,333,-6638
1294,129405236,129406949,129410260,5024,1713,3311,50000,56638,56585,334,334,-6585
1295,129505286,129506994,129510257,4971,1708,3263,50000,56585,56532,334,334,-6532
1296,129605337,129607048,129610278,4941,1711,3230,50000,56532,56480,335,335,-6480
1297,129705387,129707097,129710266,4879,1710,3169,50000,56480,56428,335,335,-6428
1298,129805438,129807150,129810257,4819,1712,3107,50000,56428,56376,336,336,-6376
1299,129905489,129907198,129910274,4785,1709,3076,50000,56376,56325,337,337,-6325
1300,130005539,130007250,130013066,7527,1711,5816,50000,56325,56274,337,337,-6274
1301,130105593,130107313,130110214,4621,1720,2901,50000,56274,56224,338,338,-6224
1302,130205644,130207358,130210266,4622,1714,2908,50000,56224,56173,338,338,-6173
1303,130305695,130307403,130310271,4576,1708,2868,50000,56173,56124,339,339,-6124
1304,130405745,130407455,130410409,4664,1710,2954,50000,56124,56074,339,339,-6074
1305,130505795,130507504,130510494,4699,1709,2990,50000,56074,56025,340,340,-6025
1306,130605845,130607554,130610566,4721,1709,3012,50000,56025,55976,340,340,-5976
1307,130705894,130707605,130710636,4742,1711,3031,50000,55976,55928,341,341,-5928
1308,130805945,130807653,130810702,4757,1708,3049,50000,55928,55879,341,341,-5879
1309,130905994,130907702,130910790,4796,1708,3088,50000,55879,55832,342,342,-5832
1310,131006044,131007758,131010862,4818,1714,3104,50000,55832,55784,342,342,-5784
1311,131106093,131107809,131110933,4840,1716,3124,50000,55784,55737,343,343,-5737
1312,131206143,131207854,131210973,4830,1711,3119,50000,55737,55690,343,343,-5690
1313,131306196,131307904,131311049,4853,1708,3145,50000,55690,55643,343,343,-5643
1314,131406267,131407978,131411118,4851,1711,3140,50000,55643,55597,344,344,-5597
1315,131506337,131508048,131511192,4855,1711,3144,50000,55597,55551,344,344,-5551
1316,131606408,131608122,131611234,4826,1714,3112,50000,55551,55505,345,345,-5505
1317,131706475,131708187,131711228,4753,1712,3041,50000,55505,55460,345,345,-5460
1318,131806525,131808241,131811234,4709,1716,2993,50000,55460,55415,345,345,-5415
1319,131906596,131908308,131911241,4645,1712,2933,50000,55415,55370,346,346,-5370
1320,132006646,132008357,132011236,4590,1711,2879,50000,55370,55325,346,346,-5325
1321,132106696,132108412,132110212,3516,1716,1800,50000,55325,55281,347,347,-5281
1322,132206745,132208460,132210328,3583,1715,1868,50000,55281,55237,347,347,-5237
1323,132306795,132308506,132320250,13455,1711,11744,50000,55237,55194,348,348,-5194
1324,132406869,132408583,132420278,13409,1714,11695,50000,55194,55150,348,348,-5150
1325,132506919,132508630,132520282,13363,1711,11652,50000,55150,55108,349,349,-5108
1326,132606969,132608682,132620282,13313,1713,11600,50000,55108,55065,349,349,-5065
1327,132707020,132708729,132720287,13267,1709,11558,50000,55065,55022,349,349,-5022
1328,132807070,132808785,132820279,13209,1715,11494,50000,55022,54980,350,350,-4980
1329,132907120,132908830,132920274,13154,1710,11444,50000,54980,54938,350,350,-4938
1330,133007170,133008887,133020292,13122,1717,11405,50000,54938,54897,351,351,-4897
1331,133107221,133108936,133120267,13046,1715,11331,50000,54897,54856,351,351,-4856
1332,133207271,133208981,133220262,12991,1710,11281,50000,54856,54814,351,351,-4814
1333,133307322,133309036,133320253,12931,1714,11217,50000,54814,54774,352,352,-4774
1334,133407372,133409083,133420270,12898,1711,11187,50000,54774,54733,352,352,-4733
1335,133507422,133509131,133520262,12840,1709,11131,50000,54733,54693,353,353,-4693
1336,133607472,133609186,133620258,12786,1714,11072,50000,54693,54653,353,353,-4653
1337,133707522,133709233,133720293,12771,1711,11060,50000,54653,54614,354,354,-4614
1338,133807594,133809304,133820297,12703,1710,10993,50000,54614,54574,354,354,-4574
1339,133907645,133909356,133920280,12635,1711,10924,50000,54574,54535,354,354,-4535
1340,134007695,134009405,134020266,12571,1710,10861,50000,54535,54496,354,354,-4496
1341,134107745,134109461,134120274,12529,1716,10813,50000,54496,54458,355,355,-4458
1342,134207796,134209510,134220263,12467,1714,10753,50000,54458,54419,355,355,-4419
1343,134307846,134309555,134320272,12426,1709,10717,50000,54419,54381,356,356,-4381
1344,134407897,134409609,134420277,12380,1712,10668,50000,54381,54343,356,356,-4343
1345,134507948,134509656,134520263,12315,1708,10607,50000,54343,54306,356,356,-4306
1346,134607998,134609709,134620267,12269,1711,10558,50000,54306,54268,357,357,-4268
1347,134708049,134709761,134720269,12220,1712,10508,50000,54268,54231,357,357,-4231
1348,134808100,134809809,134820277,12177,1709,10468,50000,54231,54194,357,357,-4194
1349,134908150,134909858,134920263,12113,1708,10405,50000,54194,54158,358,358,-4158
1350,135008201,135009910,135020275,12074,1709,10365,50000,54158,54121,358,358,-4121
1351,135108250,135109968,135120279,12029,1718,10311,50000,54121,54085,359,359,-4085
1352,135208301,135210008,135220266,11965,1707,10258,50000,54085,54049,359,359,-4049
1353,135308351,135310063,135320257,11906,1712,10194,50000,54049,54014,359,359,-4014
1354,135408401,135410114,135420260,11859,1713,10146,50000,54014,53979,360,360,-3979
1355,135508452,135510159,135520274,11822,1707,10115,50000,53979,53943,360,360,-3943
1356,135608503,135610214,135620263,11760,1711,10049,50000,53943,53909,361,361,-3909
1357,135708553,135710261,135720258,11705,1708,9997,50000,53909,53874,361,361,-3874
1358,135808603,135810315,135820262,11659,1712,9947,50000,53874,53840,361,361,-3840
1359,135908654,135910366,135920264,11610,1712,9898,50000,53840,53805,361,361,-3805
1360,136008704,136014985,136020273,11569,6281,5288,50000,53805,53772,362,362,-3772
1361,136108754,136110471,136120278,11524,1717,9807,50000,53772,53738,362,362,-3738
1362,136208804,136210513,136220264,11460,1709,9751,50000,53738,53704,362,362,-3704
1363,136308855,136310601,136320261,11406,1746,9660,50000,53704,53671,363,363,-3671
1364,136408906,136410653,136420272,11366,1747,9619,50000,53671,53638,363,363,-3638
1365,136508957,136510705,136520290,11333,1748,9585,50000,53638,53605,363,363,-3605
1366,136609006,136610769,136620283,11277,1763,9514,50000,53605,53573,364,364,-3573
1367,136709056,136710816,136720271,11215,1760,9455,50000,53573,53540,364,364,-3540
1368,136809107,136810867,136820264,11157,1760,9397,50000,53540,53508,365,365,-3508
1369,136909158,136910917,136920262,11104,1759,9345,50000,53508,53477,365,365,-3477
1370,137009208,137010962,137020264,11056,1754,9302,50000,53477,53445,365,365,-3445
1371,137109259,137111022,137120268,11009,1763,9246,50000,53445,53413,365,365,-3413
1372,137209309,137211069,137220258,10949,1760,9189,50000,53413,53382,365,365,-3382
1373,137309359,137311116,137320262,10903,1757,9146,50000,53382,53351,366,366,-3351
1374,137409409,137411172,137420270,10861,1763,9098,50000,53351,53320,366,366,-3320
1375,137509460,137511217,137520265,10805,1757,9048,50000,53320,53289,366,366,-3289
1376,137609511,137611272,137620276,10765,1761,9004,50000,53289,53259,367,367,-3259
1377,137709562,137711320,137720270,10708,1758,8950,50000,53259,53228,367,367,-3228
1378,137809613,137811373,137820267,10654,1760,8894,50000,53228,53198,367,367,-3198
1379,137909663,137911421,137920265,10602,1758,8844,50000,53198,53168,368,368,-3168
1380,138009713,138011473,138020255,10542,1760,8782,50000,53168,53139,368,368,-3139
1381,138109763,138111528,138120276,10513,1765,8748,50000,53139,53109,368,368,-3109
1382,138209814,138211572,138220272,10458,1758,8700,50000,53109,53080,369,369,-3080
1383,138309864,138311650,138320275,10411,1786,8625,50000,53080,53051,369,369,-3051
1384,138409915,138411702,138420269,10354,1787,8567,50000,53051,53022,369,369,-3022
1385,138509965,138511753,138520261,10296,1788,8508,50000,53022,52994,369,369,-2994
1386,138610015,138611812,138620278,10263,1797,8466,50000,52994,52965,369,369,-2965
1387,138710066,138711865,138720271,10205,1799,8406,50000,52965,52937,370,370,-2937
1388,138810116,138811912,138820284,10168,1796,8372,50000,52937,52908,370,370,-2908
1389,138910166,138911962,138920268,10102,1796,8306,50000,52908,52881,371,371,-2881
1390,139010216,139012002,139020279,10063,1786,8277,50000,52881,52853,371,371,-2853
1391,139110267,139112064,139120261,9994,1797,8197,50000,52853,52826,371,371,-2826
1392,139210316,139212110,139220284,9968,1794,8174,50000,52826,52798,371,371,-2798
1393,139310367,139312162,139320271,9904,1795,8109,50000,52798,52771,372,372,-2771
1394,139410417,139412203,139420264,9847,1786,8061,50000,52771,52744,372,372,-2744
1395,139510467,139512249,139520264,9797,1782,8015,50000,52744,52717,372,372,-2717
1396,139610518,139612299,139620262,9744,1781,7963,50000,52717,52691,372,372,-2691
1397,139710581,139712333,139720258,9677,1752,7925,50000,52691,52664,372,372,-2664
1398,139810631,139812383,139820268,9637,1752,7885,50000,52664,52638,373,373,-2638
1399,139910680,139912431,139920265,9585,1751,7834,50000,52638,52612,373,373,-2612
1400,140010729,140012485,140023060,12331,1756,10575,50000,52612,52586,373,373,-2586
1401,140110782,140112544,140120216,9434,1762,7672,50000,52586,52560,374,374,-2560
1402,140210831,140212586,140220267,9436,1755,7681,50000,52560,52535,374,374,-2535
1403,140310882,140312636,140320263,9381,1754,7627,50000,52535,52509,374,374,-2509
1404,140410931,140412684,140420251,9320,1753,7567,50000,52509,52484,375,375,-2484
1405,140510980,140512735,140520269,9289,1755,7534,50000,52484,52459,375,375,-2459
1406,140611030,140612786,140620265,9235,1756,7479,50000,52459,52434,375,375,-2434
1407,140711078,140712832,140720261,9183,1754,7429,50000,52434,52410,375,375,-2410
1408,140811128,140812879,140820257,9129,1751,7378,50000,52410,52385,375,375,-2385
1409,140911177,140912928,140920268,9091,1751,7340,50000,52385,52360,375,375,-2360
1410,141011226,141012974,141020261,9035,1748,7287,50000,52360,52336,376,376,-2336
1411,141111275,141113026,141120262,8987,1751,7236,50000,52336,52312,376,376,-2312
1412,141211325,141213076,141220276,8951,1751,7200,50000,52312,52288,376,376,-2288
1413,141311374,141313127,141320280,8906,1753,7153,50000,52288,52264,376,376,-2264
1414,141411424,141413171,141420277,8853,1747,7106,50000,52264,52241,377,377,-2241
1415,141511473,141513213,141520271,8798,1740,7058,50000,52241,52217,377,377,-2217
1416,141611521,141613260,141620262,8741,1739,7002,50000,52217,52194,377,377,-2194
1417,141711571,141713300,141720251,8680,1729,6951,50000,52194,52171,377,377,-2171
1418,141811632,141813343,141820271,8639,1711,6928,50000,52171,52148,378,378,-2148
1419,141911681,141913389,141920265,8584,1708,6876,50000,52148,52125,378,378,-2125
1420,142011729,142013443,142020262,8533,1714,6819,50000,52125,52103,378,378,-2103
1421,142111778,142113493,142120255,8477,1715,6762,50000,52103,52080,378,378,-2080
1422,142211827,142213542,142220264,8437,1715,6722,50000,52080,52058,379,379,-2058
1423,142311876,142313586,142320261,8385,1710,6675,50000,52058,52036,379,379,-2036
1424,142411924,142413636,142420259,8335,1712,6623,50000,52036,52014,379,379,-2014
1425,142511973,142513684,142520273,8300,1711,6589,50000,52014,51992,379,379,-1992
1426,142612023,142613734,142620267,8244,1711,6533,50000,51992,51970,379,379,-1970
1427,142712071,142713779,142720265,8194,1708,6486,50000,51970,51948,380,380,-1948
1428,142812120,142813832,142820265,8145,1712,6433,50000,51948,51927,380,380,-1927
1429,142912169,142913876,142920268,8099,1707,6392,50000,51927,51906,380,380,-1906
1430,143012218,143013931,143020264,8046,1713,6333,50000,51906,51885,380,380,-1885
1431,143112267,143113983,143120254,7987,1716,6271,50000,51885,51863,380,380,-1863
1432,143212316,143214029,143220266,7950,1713,6237,50000,51863,51843,381,381,-1843
1433,143312386,143314093,143320260,7874,1707,6167,50000,51843,51822,381,381,-1822
1434,143412435,143414148,143420262,7827,1713,6114,50000,51822,51801,381,381,-1801
1435,143512485,143514197,143520264,7779,1712,6067,50000,51801,51781,381,381,-1781
1436,143612533,143614244,143620266,7733,1711,6022,50000,51781,51760,381,381,-1760
1437,143712582,143714294,143720269,7687,1712,5975,50000,51760,51740,382,382,-1740
1438,143812631,143814372,143820269,7638,1741,5897,50000,51740,51720,382,382,-1720
1439,143912680,143914421,143920273,7593,1741,5852,50000,51720,51700,382,382,-1700
1440,144012729,144014471,144020295,7566,1742,5824,50000,51700,51681,382,382,-1681
1441,144112778,144114532,144120285,7507,1754,5753,50000,51681,51661,382,382,-1661
1442,144212827,144214575,144220269,7442,1748,5694,50000,51661,51641,383,383,-1641
1443,144312875,144314618,144320263,7388,1743,5645,50000,51641,51622,383,383,-1622
1444,144412925,144414670,144420259,7334,1745,5589,50000,51622,51603,383,383,-1603
1445,144512974,144514718,144520255,7281,1744,5537,50000,51603,51584,383,383,-1584
1446,144613023,144614773,144620265,7242,1750,5492,50000,51584,51565,383,383,-1565
1447,144713072,144714818,144720275,7203,1746,5457,50000,51565,51546,384,384,-1546
1448,144813120,144814874,144820260,7140,1754,5386,50000,51546,51527,384,384,-1527
1449,144913169,144914920,144920266,7097,1751,5346,50000,51527,51509,384,384,-1509
1450,145013218,145014972,145020269,7051,1754,5297,50000,51509,51490,384,384,-1490
1451,145113266,145115024,145120274,7008,1758,5250,50000,51490,51472,384,384,-1472
1452,145213316,145215062,145220261,6945,1746,5199,50000,51472,51453,384,384,-1453
1453,145313365,145315114,145320266,6901,1749,5152,50000,51453,51435,385,385,-1435
1454,145413414,145415166,145420273,6859,1752,5107,50000,51435,51417,385,385,-1417
1455,145513463,145515209,145520260,6797,1746,5051,50000,51417,51399,385,385,-1399
1456,145613511,145615263,145620262,6751,1752,4999,50000,51399,51382,385,385,-1382
1457,145713560,145715309,145720267,6707,1749,4958,50000,51382,51364,385,385,-1364
1458,145813609,145815357,145820274,6665,1748,4917,50000,51364,51346,385,385,-1346
1459,145913658,145915408,145920262,6604,1750,4854,50000,51346,51329,386,386,-1329
1460,146013706,146015458,146020268,6562,1752,4810,50000,51329,51312,386,386,-1312
1461,146113755,146115511,146120274,6519,1756,4763,50000,51312,51295,386,386,-1295
1462,146213804,146215555,146220260,6456,1751,4705,50000,51295,51277,386,386,-1277
1463,146313853,146315601,146320265,6412,1748,4664,50000,51277,51260,386,386,-1260
1464,146413902,146415650,146420272,6370,1748,4622,50000,51260,51243,386,386,-1243
1465,146513951,146515695,146520263,6312,1744,4568,50000,51243,51227,387,387,-1227
1466,146614000,146615743,146620256,6256,1743,4513,50000,51227,51210,387,387,-1210
1467,146714049,146715794,146720291,6242,1745,4497,50000,51210,51194,387,387,-1194
1468,146814119,146815865,146820293,6174,1746,4428,50000,51194,51177,387,387,-1177
1469,146914168,146915903,146920281,6113,1735,4378,50000,51177,51161,387,387,-1161
1470,147014217,147015955,147020277,6060,1738,4322,50000,51161,51145,387,387,-1145
1471,147114265,147115999,147120264,5999,1734,4265,50000,51145,51129,388,388,-1129
1472,147214328,147216043,147220257,5929,1715,4214,50000,51129,51113,388,388,-1113
1473,147314362,147316073,147320268,5906,1711,4195,50000,51113,51097,388,388,-1097
1474,147414412,147416121,147420270,5858,1709,4149,50000,51097,51081,388,388,-1081
1475,147514460,147516171,147520262,5802,1711,4091,50000,51081,51066,388,388,-1066
1476,147614509,147616221,147620260,5751,1712,4039,50000,51066,51050,388,388,-1050
1477,147714557,147716265,147720269,5712,1708,4004,50000,51050,51035,389,389,-1035
1478,147814606,147816318,147820265,5659,1712,3947,50000,51035,51020,389,389,-1020
1479,147914654,147916365,147920273,5619,1711,3908,50000,51020,51004,389,389,-1004
1480,148014704,148016418,148020263,5559,1714,3845,50000,51004,50989,389,389,-989
1481,148114752,148116467,148120269,5517,1715,3802,50000,50989,50974,389,389,-974
1482,148214802,148221069,148230215,15413,6267,9146,50000,50974,50959,389,389,-959
1483,148314851,148316562,148320239,5388,1711,3677,50000,50959,50944,389,389,-944
1484,148414900,148416611,148420267,5367,1711,3656,50000,50944,50930,390,390,-930
1485,148514967,148516679,148520262,5295,1712,3583,50000,50930,50915,390,390,-915
1486,148615016,148616727,148620260,5244,1711,3533,50000,50915,50901,390,390,-901
1487,148715066,148716777,148720263,5197,1711,3486,50000,50901,50886,390,390,-886
1488,148815116,148816830,148820276,5160,1714,3446,50000,50886,50872,390,390,-872
1489,148915166,148916875,148920263,5097,1709,3388,50000,50872,50858,390,390,-858
1490,149015218,149016929,149020257,5039,1711,3328,50000,50858,50844,390,390,-844
1491,149115268,149116984,149120269,5001,1716,3285,50000,50844,50830,391,391,-830
1492,149215319,149217030,149220278,4959,1711,3248,50000,50830,50816,391,391,-816
1493,149315369,149317079,149320261,4892,1710,3182,50000,50816,50802,391,391,-802
1494,149415419,149417131,149420278,4859,1712,3147,50000,50802,50788,391,391,-788
1495,149515470,149517181,149520293,4823,1711,3112,50000,50788,50775,391,391,-775
1496,149615520,149617234,149620286,4766,1714,3052,50000,50775,50761,391,391,-761
1497,149715571,149717282,149720278,4707,1711,2996,50000,50761,50747,391,391,-747
1498,149815622,149817335,149820264,4642,1713,2929,50000,50747,50734,392,392,-734
1499,149915672,149917380,149920260,4588,1708,2880,50000,50734,50721,392,392,-721
1500,150015723,150017435,150023070,7347,1712,5635,50000,50721,50708,392,392,-708
1501,150115777,150117497,150121195,5418,1720,3698,50000,50708,50695,392,392,-695
1502,150215827,150217539,150221256,5429,1712,3717,50000,50695,50682,392,392,-682
1503,150315876,150317585,150321233,5357,1709,3648,50000,50682,50669,392,392,-669
1504,150415925,150417638,150421236,5311,1713,3598,50000,50669,50656,392,392,-656
1505,150515975,150517687,150521238,5263,1712,3551,50000,50656,50643,392,392,-643
1506,150616025,150617739,150621229,5204,1714,3490,50000,50643,50631,393,393,-631
1507,150716075,150717789,150721242,5167,1714,3453,50000,50631,50618,393,393,-618
1508,150816124,150817839,150821236,5112,1715,3397,50000,50618,50606,393,393,-606
1509,150916174,150917885,150921240,5066,1711,3355,50000,50606,50593,393,393,-593
1510,151016224,151017935,151021233,5009,1711,3298,50000,50593,50581,393,393,-581
1511,151116274,151117991,151121238,4964,1717,3247,50000,50581,50569,393,393,-569
1512,151216324,151218034,151221231,4907,1710,3197,50000,50569,50556,393,393,-556
1513,151316373,151318081,151321232,4859,1708,3151,50000,50556,50544,394,394,-544
1514,151416423,151418135,151421229,4806,1712,3094,50000,50544,50533,394,394,-533
1515,151516473,151518185,151521239,4766,1712,3054,50000,50533,50521,394,394,-521
1516,151616522,151618235,151621231,4709,1713,2996,50000,50521,50509,394,394,-509
1517,151716572,151718280,151721230,4658,1708,2950,50000,50509,50497,394,394,-497
1518,151816622,151818333,151821244,4622,1711,2911,50000,50497,50486,394,394,-486
1519,151916671,151918381,151921236,4565,1710,2855,50000,50486,50474,394,394,-474
1520,152016721,152018432,152020237,3516,1711,1805,50000,50474,50462,394,394,-462
1521,152116770,152118487,152130284,13514,1717,11797,50000,50462,50451,394,394,-451
1522,152216820,152218533,152230320,13500,1713,11787,50000,50451,50439,394,394,-439
1523,152316890,152318598,152330306,13416,1708,11708,50000,50439,50428,395,395,-428
1524,152416941,152418654,152430309,13368,1713,11655,50000,50428,50417,395,395,-417
1525,152516992,152518704,152530289,13297,1712,11585,50000,50417,50406,395,395,-406
1526,152617042,152618755,152630279,13237,1713,11524,50000,50406,50395,395,395,-395
1527,152717092,152718801,152730263,13171,1709,11462,50000,50395,50384,395,395,-384
1528,152817142,152818852,152830292,13150,1710,11440,50000,50384,50373,395,395,-373
1529,152917208,152918920,152930276,13068,1712,11356,50000,50373,50362,395,395,-362
1530,153017277,153018994,153030261,12984,1717,11267,50000,50362,50351,395,395,-351
1531,153117328,153119040,153130266,12938,1712,11226,50000,50351,50341,396,396,-341
1532,153217379,153219091,153230266,12887,1712,11175,50000,50341,50330,396,396,-330
1533,153317429,153319137,153330273,12844,1708,11136,50000,50330,50320,396,396,-320
1534,153417479,153419189,153430261,12782,1710,11072,50000,50320,50310,396,396,-310
1535,153517529,153519241,153530273,12744,1712,11032,50000,50310,50299,396,396,-299
1536,153617580,153619289,153630265,12685,1709,10976,50000,50299,50289,396,396,-289
1537,153717631,153719338,153730258,12627,1707,10920,50000,50289,50279,396,396,-279
1538,153817681,153819394,153830271,12590,1713,10877,50000,50279,50268,396,396,-268
1539,153917731,153919436,153930283,12552,1705,10847,50000,50268,50258,396,396,-258
1540,154017782,154019496,154030269,12487,1714,10773,50000,50258,50248,396,396,-248
1541,154117831,154119547,154130265,12434,1716,10718,50000,50248,50238,396,396,-238
1542,154217883,154219594,154230261,12378,1711,10667,50000,50238,50228,396,396,-228
1543,154317933,154319639,154330258,12325,1706,10619,50000,50228,50218,396,396,-218
1544,154417983,154419694,154430277,12294,1711,10583,50000,50218,50208,397,397,-208
1545,154518033,154519741,154530280,12247,1708,10539,50000,50208,50198,397,397,-198
1546,154618083,154619796,154630268,12185,1713,10472,50000,50198,50189,397,397,-189
1547,154718134,154719854,154730265,12131,1720,10411,50000,50189,50179,397,397,-179
1548,154818184,154819908,154830271,12087,1724,10363,50000,50179,50170,397,397,-170
1549,154918235,154919953,154930275,12040,1718,10322,50000,50170,50160,397,397,-160
1550,155018285,155020009,155030262,11977,1724,10253,50000,50160,50151,397,397,-151
1551,155118336,155120063,155130269,11933,1727,10206,50000,50151,50141,397,397,-141
1552,155218386,155220107,155230270,11884,1721,10163,50000,50141,50132,397,397,-132
1553,155318436,155320158,155330263,11827,1722,10105,50000,50132,50122,397,397,-122
1554,155418486,155420209,155430261,11775,1723,10052,50000,50122,50113,398,398,-113
1555,155518536,155520256,155530256,11720,1720,10000,50000,50113,50104,398,398,-104
1556,155618586,155620309,155630266,11680,1723,9957,50000,50104,50095,398,398,-95
1557,155718637,155720357,155730260,11623,1720,9903,50000,50095,50086,398,398,-86
1558,155818687,155820408,155830256,11569,1721,9848,50000,50086,50078,398,398,-78
1559,155918737,155920459,155930266,11529,1722,9807,50000,50078,50069,398,398,-69
1560,156018788,156020512,156030266,11478,1724,9754,50000,50069,50060,398,398,-60
1561,156118838,156120597,156130256,11418,1759,9659,50000,50060,50051,398,398,-51
1562,156218889,156220650,156230265,11376,1761,9615,50000,50051,50042,398,398,-42
1563,156318940,156320697,156330279,11339,1757,9582,50000,50042,50034,398,398,-34
1564,156418990,156420758,156430263,11273,1768,9505,50000,50034,50025,398,398,-25
1565,156519040,156520810,156530271,11231,1770,9461,50000,50025,50017,399,399,-17
1566,156619091,156620858,156630266,11175,1767,9408,50000,50017,50008,399,399,-8
1567,156719141,156720907,156730261,11120,1766,9354,50000,50008,50000,399,399,0
1568,156819192,156820956,156830259,11067,1764,9303,50000,50000,49992,399,399,8
1569,156919242,156921006,156930264,11022,1764,9258,50000,49992,49983,399,399,17
1570,157019293,157021058,157030279,10986,1765,9221,50000,49983,49975,399,399,25
1571,157119342,157121116,157130291,10949,1774,9175,50000,49975,49967,399,399,33
1572,157219393,157221158,157230272,10879,1765,9114,50000,49967,49959,400,400,41
1573,157319443,157321212,157330263,10820,1769,9051,50000,49959,49951,400,400,49
1574,157419494,157421263,157430270,10776,1769,9007,50000,49951,49943,400,400,57
1575,157519544,157521308,157530270,10726,1764,8962,50000,49943,49936,400,400,64
1576,157619594,157621367,157630270,10676,1773,8903,50000,49936,49928,400,400,72
1577,157719645,157721410,157730279,10634,1765,8869,50000,49928,49920,401,401,80
1578,157819695,157821463,157830265,10570,1768,8802,50000,49920,49913,401,401,87
1579,157919746,157921515,157930255,10509,1769,8740,50000,49913,49906,401,401,94
1580,158019796,158021565,158030267,10471,1769,8702,50000,49906,49898,401,401,102
1581,158119847,158121650,158130261,10414,1803,8611,50000,49898,49891,402,402,109
1582,158219897,158221697,158230261,10364,1800,8564,50000,49891,49884,402,402,116
1583,158319947,158321746,158330278,10331,1799,8532,50000,49884,49877,402,402,123
1584,158419998,158421809,158430268,10270,1811,8459,50000,49877,49870,402,402,130
1585,158520048,158521854,158530259,10211,1806,8405,50000,49870,49863,402,402,137
1586,158620098,158621904,158630264,10166,1806,8360,50000,49863,49857,403,403,143
1587,158720149,158721950,158730270,10121,1801,8320,50000,49857,49850,403,403,150
1588,158820199,158821997,158830279,10080,1798,8282,50000,49850,49844,403,403,156
1589,158920249,158922043,158930262,10013,1794,8219,50000,49844,49837,403,403,163
1590,159020300,159022103,159030270,9970,1803,8167,50000,49837,49831,403,403,169
1591,159120351,159122159,159130262,9911,1808,8103,50000,49831,49824,403,403,176
1592,159220401,159222199,159230262,9861,1798,8063,50000,49824,49818,404,404,182
1593,159320452,159322246,159330254,9802,1794,8008,50000,49818,49812,404,404,188
1594,159420502,159422292,159430266,9764,1790,7974,50000,49812,49806,404,404,194
1595,159520571,159522338,159530266,9695,1767,7928,50000,49806,49800,404,404,200
1596,159620618,159622378,159630258,9640,1760,7880,50000,49800,49794,404,404,206
1597,159720667,159722430,159730287,9620,1763,7857,50000,49794,49787,404,404,213
1598,159820734,159822498,159830287,9553,1764,7789,50000,49787,49782,405,405,218
1599,159920784,159922546,159930278,9494,1762,7732,50000,49782,49776,405,405,224
1600,160020833,160022596,160033067,12234,1763,10471,50000,49776,49770,405,405,230
1601,160120886,160122659,160130215,9329,1773,7556,50000,49770,49765,405,405,235
1602,160220936,160222701,160230259,9323,1765,7558,50000,49765,49759,405,405,241
1603,160321008,160322772,160330270,9262,1764,7498,50000,49759,49753,405,405,247
1604,160421059,160427391,160430279,9220,6332,2888,50000,49753,49748,406,406,252
1605,160521108,160522870,160530266,9158,1762,7396,50000,49748,49743,406,406,257
1606,160621157,160622919,160630259,9102,1762,7340,50000,49743,49737,406,406,263
1607,160721205,160722963,160730269,9064,1758,7306,50000,49737,49732,406,406,268
1608,160821255,160823011,160830275,9020,1756,7264,50000,49732,49727,406,406,273
1609,160921304,160923059,160930261,8957,1755,7202,50000,49727,49722,406,406,278
1610,161021353,161023114,161030256,8903,1761,7142,50000,49722,49716,406,406,284
1611,161121402,161123168,161130267,8865,1766,7099,50000,49716,49711,406,406,289
1612,161221452,161223207,161230272,8820,1755,7065,50000,49711,49706,406,406,294
1613,161321500,161323249,161330258,8758,1749,7009,50000,49706,49701,406,406,299
1614,161421549,161423299,161430269,8720,1750,6970,50000,49701,49696,407,407,304
1615,161521614,161523341,161530269,8655,1727,6928,50000,49696,49691,407,407,309
1616,161621642,161623365,161630254,8612,1723,6889,50000,49691,49686,407,407,314
1617,161721690,161723411,161730265,8575,1721,6854,50000,49686,49682,407,407,318
1618,161821740,161823461,161830262,8522,1721,6801,50000,49682,49677,407,407,323
1619,161921788,161923510,161930260,8472,1722,6750,50000,49677,49672,407,407,328
1620,162021838,162023559,162030253,8415,1721,6694,50000,49672,49667,407,407,333
1621,162121887,162123615,162130270,8383,1728,6655,50000,49667,49663,408,408,337
1622,162221935,162223660,162230262,8327,1725,6602,50000,49663,49659,408,408,341
1623,162321984,162323704,162330259,8275,1720,6555,50000,49659,49654,408,408,346
1624,162422033,162423753,162430265,8232,1720,6512,50000,49654,49650,408,408,350
1625,162522082,162523805,162530286,8204,1723,6481,50000,49650,49645,408,408,355
1626,162622132,162623858,162630284,8152,1726,6426,50000,49645,49641,408,408,359
1627,162722181,162723903,162730278,8097,1722,6375,50000,49641,49637,408,408,363
1628,162822230,162823956,162830266,8036,1726,6310,50000,49637,49633,408,408,367
1629,162922279,162923996,162930261,7982,1717,6265,50000,49633,49628,408,408,372
1630,163022327,163024049,163030249,7922,1722,6200,50000,49628,49624,409,409,376
1631,163122376,163124106,163130268,7892,1730,6162,50000,49624,49620,409,409,380
1632,163222426,163224148,163230272,7846,1722,6124,50000,49620,49616,409,409,384
1633,163322474,163324194,163330258,7784,1720,6064,50000,49616,49612,409,409,388
1634,163422522,163424245,163430274,7752,1723,6029,50000,49612,49608,409,409,392
1635,163522572,163524295,163530266,7694,1723,5971,50000,49608,49604,409,409,396
1636,163622620,163624371,163630278,7658,1751,5907,50000,49604,49601,409,409,399
1637,163722669,163724418,163730264,7595,1749,5846,50000,49601,49597,409,409,403
1638,163822718,163824471,163830269,7551,1753,5798,50000,49597,49593,409,409,407
1639,163922768,163924528,163930274,7506,1760,5746,50000,49593,49589,410,410,411
1640,164022817,164024575,164030262,7445,1758,5687,50000,49589,49586,410,410,414
1641,164122866,164124629,164130256,7390,1763,5627,50000,49586,49582,410,410,418
1642,164222915,164224672,164230265,7350,1757,5593,50000,49582,49579,410,410,421
1643,164322965,164324718,164330261,7296,1753,5543,50000,49579,49575,410,410,425
1644,164423014,164424772,164430270,7256,1758,5498,50000,49575,49572,410,410,428
1645,164523063,164524823,164530267,7204,1760,5444,50000,49572,49568,410,410,432
1646,164623112,164624873,164630262,7150,1761,5389,50000,49568,49565,410,410,435
1647,164723162,164724923,164730259,7097,1761,5336,50000,49565,49561,410,410,439
1648,164823211,164824972,164830256,7045,1761,5284,50000,49561,49558,411,411,442
1649,164923260,164925020,164930268,7008,1760,5248,50000,49558,49555,411,411,445
1650,165023309,165025065,165030263,6954,1756,5198,50000,49555,49552,411,411,448
1651,165123357,165125125,165130258,6901,1768,5133,50000,49552,49549,411,411,451
1652,165223406,165225165,165230303,6897,1759,5138,50000,49549,49546,411,411,454
1653,165323477,165325239,165330295,6818,1762,5056,50000,49546,49542,411,411,458
1654,165423526,165425288,165430282,6756,1762,4994,50000,49542,49539,411,411,461
1655,165523575,165525331,165530265,6690,1756,4934,50000,49539,49536,411,411,464
1656,165623623,165625386,165630260,6637,1763,4874,50000,49536,49533,411,411,467
1657,165723672,165725432,165730257,6585,1760,4825,50000,49533,49530,411,411,470
1658,165823721,165825480,165830270,6549,1759,4790,50000,49530,49527,411,411,473
1659,165923770,165925531,165930277,6507,1761,4746,50000,49527,49524,411,411,476
1660,166023819,166025580,166030261,6442,1761,4681,50000,49524,49521,411,411,479
1661,166123868,166125632,166130267,6399,1764,4635,50000,49521,49518,412,412,482
1662,166223917,166225673,166230270,6353,1756,4597,50000,49518,49516,412,412,484
1663,166323966,166325718,166330263,6297,1752,4545,50000,49516,49513,412,412,487
1664,166424015,166425771,166430262,6247,1756,4491,50000,49513,49510,412,412,490
1665,166524064,166525819,166530411,6347,1755,4592,50000,49510,49508,412,412,492
1666,166624112,166625866,166630498,6386,1754,4632,50000,49508,49505,412,412,495
1667,166724159,166725909,166730561,6402,1750,4652,50000,49505,49502,412,412,498
1668,166824208,166825955,166830628,6420,1747,4673,50000,49502,49500,412,412,500
1669,166924256,166925999,166930697,6441,1743,4698,50000,49500,49497,412,412,503
1670,167024304,167026045,167030772,6468,1741,4727,50000,49497,49494,412,412,506
1671,167124358,167126086,167130839,6481,1728,4753,50000,49494,49492,412,412,508
1672,167224406,167226128,167230907,6501,1722,4779,50000,49492,49489,412,412,511
1673,167324453,167326173,167330983,6530,1720,4810,50000,49489,49487,413,413,513
1674,167424518,167426241,167431049,6531,1723,4808,50000,49487,49484,412,412,516
1675,167524587,167526309,167531115,6528,1722,4806,50000,49484,49482,413,413,518
1676,167624635,167626356,167631208,6573,1721,4852,50000,49482,49480,413,413,520
1677,167724683,167726407,167731237,6554,1724,4830,50000,49480,49477,413,413,523
1678,167824750,167826473,167831236,6486,1723,4763,50000,49477,49475,413,413,525
1679,167924798,167926524,167930280,5482,1726,3756,50000,49475,49473,413,413,527
1680,168024847,168026568,168030291,5444,1721,3723,50000,49473,49471,413,413,529
1681,168124895,168126619,168130293,5398,1724,3674,50000,49471,49468,413,413,532
1682,168224944,168226667,168230286,5342,1723,3619,50000,49468,49466,413,413,534
1683,168324993,168326713,168330285,5292,1720,3572,50000,49466,49464,413,413,536
1684,168425043,168426765,168430275,5232,1722,3510,50000,49464,49462,413,413,538
1685,168525093,168526814,168530264,5171,1721,3450,50000,49462,49459,413,413,541
1686,168625143,168626866,168630265,5122,1723,3399,50000,49459,49457,413,413,543
1687,168725193,168726913,168730267,5074,1720,3354,50000,49457,49455,413,413,545
1688,168825244,168826969,168830269,5025,1725,3300,50000,49455,49453,413,413,547
1689,168925294,168927013,168930271,4977,1719,3258,50000,49453,49451,413,413,549
1690,169025345,169027068,169030263,4918,1723,3195,50000,49451,49448,413,413,552
1691,169125394,169127118,169130259,4865,1724,3141,50000,49448,49447,414,414,553
1692,169225445,169227166,169230268,4823,1721,3102,50000,49447,49444,413,413,556
1693,169325496,169327216,169330263,4767,1720,3047,50000,49444,49443,414,414,557
1694,169425547,169427269,169430262,4715,1722,2993,50000,49443,49441,414,414,559
1695,169525598,169527317,169530256,4658,1719,2939,50000,49441,49439,414,414,561
1696,169625648,169627369,169630275,4627,1721,2906,50000,49439,49437,414,414,563
1697,169725699,169727420,169730281,4582,1721,2861,50000,49437,49435,414,414,565
1698,169825749,169827473,169830426,4677,1724,2953,50000,49435,49433,414,414,567
1699,169925798,169927520,169930510,4712,1722,2990,50000,49433,49432,414,414,568
1700,170025848,170027573,170033064,7216,1725,5491,50000,49432,49430,414,414,570
1701,170125903,170127632,170130968,5065,1729,3336,50000,49430,49428,414,414,572
1702,170225970,170227693,170231072,5102,1723,3379,50000,49428,49426,414,414,574
1703,170326020,170327742,170331115,5095,1722,3373,50000,49426,49424,414,414,576
1704,170426070,170427795,170431177,5107,1725,3382,50000,49424,49423,414,414,577
1705,170526122,170527845,170531237,5115,1723,3392,50000,49423,49421,414,414,579
1706,170626174,170627898,170631253,5079,1724,3355,50000,49421,49419,414,414,581
1707,170726224,170727946,170731262,5038,1722,3316,50000,49419,49417,414,414,583
1708,170826274,170827994,170831213,4939,1720,3219,50000,49417,49416,414,414,584
1709,170926345,170928065,170931235,4890,1720,3170,50000,49416,49414,414,414,586
1710,171026395,171028117,171031235,4840,1722,3118,50000,49414,49412,415,415,588
1711,171126445,171128174,171131230,4785,1729,3056,50000,49412,49411,415,415,589
1712,171226494,171228216,171231234,4740,1722,3018,50000,49411,49410,415,415,590
1713,171326544,171328267,171331239,4695,1723,2972,50000,49410,49408,415,415,592
1714,171426593,171428317,171431234,4641,1724,2917,50000,49408,49407,415,415,593
1715,171526644,171528366,171531234,4590,1722,2868,50000,49407,49405,415,415,595
1716,171626693,171628413,171630217,3524,1720,1804,50000,49405,49404,415,415,596
1717,171726743,171728465,171730331,3588,1722,1866,50000,49404,49402,415,415,598
1718,171826793,171828515,171840249,13456,1722,11734,50000,49402,49401,415,415,599
1719,171926865,171928585,171940267,13402,1720,11682,50000,49401,49400,415,415,600
1720,172026916,172028641,172040289,13373,1725,11648,50000,49400,49398,415,415,602
1721,172126966,172128691,172140294,13328,1725,11603,50000,49398,49397,415,415,603
1722,172227016,172228735,172240278,13262,1719,11543,50000,49397,49395,415,415,605
1723,172327066,172328788,172340273,13207,1722,11485,50000,49395,49394,415,415,606
1724,172427117,172428837,172440283,13166,1720,11446,50000,49394,49393,415,415,607
1725,172527168,172528888,172540262,13094,1720,11374,50000,49393,49391,415,415,609
1726,172627221,172633558,172640273,13052,6337,6715,50000,49391,49390,415,415,610
1727,172727271,172728996,172740286,13015,1725,11290,50000,49390,49389,415,415,611
1728,172827321,172829039,172840280,12959,1718,11241,50000,49389,49387,415,415,613
1729,172927371,172929090,172940276,12905,1719,11186,50000,49387,49386,415,415,614
1730,173027421,173029143,173040265,12844,1722,11122,50000,49386,49385,415,415,615
1731,173127472,173129198,173140263,12791,1726,11065,50000,49385,49383,415,415,617
1732,173227523,173229249,173240268,12745,1726,11019,50000,49383,49382,415,415,618
1733,173327574,173329296,173340274,12700,1722,10978,50000,49382,49381,415,415,619
1734,173427624,173429344,173440266,12642,1720,10922,50000,49381,49379,415,415,621
1735,173527675,173529393,173540265,12590,1718,10872,50000,49379,49378,416,416,622
1736,173627725,173629452,173640280,12555,1727,10828,50000,49378,49377,416,416,623
1737,173727776,173729497,173740267,12491,1721,10770,50000,49377,49376,416,416,624
1738,173827827,173829551,173840266,12439,1724,10715,50000,49376,49375,416,416,625
1739,173927877,173929598,173940260,12383,1721,10662,50000,49375,49374,416,416,626
1740,174027926,174029651,174040266,12340,1725,10615,50000,49374,49373,416,416,627
1741,174127977,174129701,174140268,12291,1724,10567,50000,49373,49372,416,416,628
1742,174228027,174229752,174240260,12233,1725,10508,50000,49372,49371,416,416,629
1743,174328077,174329797,174340277,12200,1720,10480,50000,49371,49370,416,416,630
1744,174428128,174429847,174440268,12140,1719,10421,50000,49370,49369,416,416,631
1745,174528178,174529895,174540265,12087,1717,10370,50000,49369,49368,416,416,632
1746,174628229,174629952,174640272,12043,1723,10320,50000,49368,49367,416,416,633
1747,174728279,174729999,174740266,11987,1720,10267,50000,49367,49366,416,416,634
1748,174828329,174830053,174840267,11938,1724,10214,50000,49366,49365,416,416,635
1749,174928380,174930097,174940261,11881,1717,10164,50000,49365,49364,416,416,636
1750,175028430,175030151,175040259,11829,1721,10108,50000,49364,49363,416,416,637
1751,175128480,175130204,175140269,11789,1724,10065,50000,49363,49362,416,416,638
1752,175228531,175230253,175240279,11748,1722,10026,50000,49362,49361,416,416,639
1753,175328581,175330302,175340264,11683,1721,9962,50000,49361,49360,416,416,640
1754,175428631,175430352,175440273,11642,1721,9921,50000,49360,49359,416,416,641
1755,175528681,175530399,175540284,11603,1718,9885,50000,49359,49358,416,416,642
1756,175628732,175630452,175640288,11556,1720,9836,50000,49358,49357,416,416,643
1757,175728782,175730502,175740271,11489,1720,9769,50000,49357,49356,416,416,644
1758,175828832,175830587,175840262,11430,1755,9675,50000,49356,49355,416,416,645
1759,175928882,175930639,175940275,11393,1757,9636,50000,49355,49354,416,416,646
1760,176028933,176030691,176040268,11335,1758,9577,50000,49354,49354,416,416,646
1761,176128983,176130759,176140270,11287,1776,9511,50000,49354,49353,416,416,647
1762,176229034,176230804,176240264,11230,1770,9460,50000,49353,49352,416,416,648
1763,176329084,176330849,176340262,11178,1765,9413,50000,49352,49351,416,416,649
1764,176429135,176430903,176440257,11122,1768,9354,50000,49351,49350,416,416,650
1765,176529185,176530950,176540268,11083,1765,9318,50000,49350,49349,416,416,651
1766,176629236,176630995,176640273,11037,1759,9278,50000,49349,49348,416,416,652
1767,176729286,176731053,176740259,10973,1767,9206,50000,49348,49347,416,416,653
1768,176829338,176831109,176840263,10925,1771,9154,50000,49347,49346,416,416,654
1769,176929388,176931157,176940265,10877,1769,9108,50000,49346,49345,416,416,655
1770,177029439,177031209,177040257,10818,1770,9048,50000,49345,49344,416,416,656
1771,177129489,177131262,177140250,10761,1773,8988,50000,49344,49343,416,416,657
1772,177229539,177231304,177240268,10729,1765,8964,50000,49343,49343,416,416,657
1773,177329589,177331351,177340262,10673,1762,8911,50000,49343,49342,416,416,658
1774,177429639,177431407,177440256,10617,1768,8849,50000,49342,49341,416,416,659
1775,177529690,177531457,177540270,10580,1767,8813,50000,49341,49340,416,416,660
1776,177629741,177631512,177640273,10532,1771,8761,50000,49340,49339,417,417,661
1777,177729791,177731559,177740260,10469,1768,8701,50000,49339,49339,417,417,661
1778,177829842,177831635,177840259,10417,1793,8624,50000,49339,49338,416,416,662
1779,177929892,177931688,177940266,10374,1796,8578,50000,49338,49337,417,417,663
1780,178029943,178031742,178040277,10334,1799,8535,50000,49337,49337,417,417,663
1781,178129993,178131811,178140261,10268,1818,8450,50000,49337,49336,417,417,664
1782,178230043,178231848,178240287,10244,1805,8439,50000,49336,49335,417,417,665
1783,178330093,178331903,178340290,10197,1810,8387,50000,49335,49335,417,417,665
1784,178430143,178431949,178440288,10145,1806,8339,50000,49335,49334,417,417,666
1785,178530193,178531994,178540269,10076,1801,8275,50000,49334,49334,417,417,666
1786,178630244,178632047,178640261,10017,1803,8214,50000,49334,49333,417,417,667
1787,178730295,178732101,178740257,9962,1806,8156,50000,49333,49333,417,417,667
1788,178830345,178832150,178840267,9922,1805,8117,50000,49333,49332,417,417,668
1789,178930396,178932187,178940264,9868,1791,8077,50000,49332,49331,417,417,669
1790,179030446,179032240,179040260,9814,1794,8020,50000,49331,49331,417,417,669
1791,179130497,179132289,179140265,9768,1792,7976,50000,49331,49330,417,417,670
1792,179230564,179232328,179240271,9707,1764,7943,50000,49330,49330,417,417,670
1793,179330622,179332383,179340277,9655,1761,7894,50000,49330,49329,417,417,671
1794,179430671,179432436,179440268,9597,1765,7832,50000,49329,49329,417,417,671
1795,179530720,179532484,179540256,9536,1764,7772,50000,49329,49328,417,417,672
1796,179630768,179632538,179640270,9502,1770,7732,50000,49328,49328,417,417,672
1797,179730819,179732583,179740265,9446,1764,7682,50000,49328,49327,417,417,673
1798,179830868,179832638,179840259,9391,1770,7621,50000,49327,49326,417,417,674
1799,179930918,179932676,179940258,9340,1758,7582,50000,49326,49326,417,417,674
1800,180030967,180032731,180043063,12096,1764,10332,50000,49326,49325,417,417,675
