sequence,input0_bits,input1_bits,input2_bits,input3_bits,output_bits,actuator_permille,wall_ns
1,3f000000,3ea00000,00000000,00000000,3f73851e,951,17172167
2,3efd46b2,3ea00000,3e883127,3f7374bc,3f7dd67b,992,165375
3,3efa708f,3ea00000,3e8dd2f2,3f7df3b6,3f7c896d,986,152834
4,3ef7a249,3ea00000,3e8c49ba,3f7c6a7f,3f7ab29f,979,148458
5,3ef4dbe0,3ea00000,3e8ac083,3f7a9fbe,3f78da5c,972,146417
6,3ef21d54,3ea00000,3e89374c,3f78d4fe,3f770739,965,147292
7,3eef6944,3ea00000,3e872b02,3f770a3d,3f7546b1,958,144667
8,3eecba73,3ea00000,3e8624dd,3f753f7d,3f7371fa,951,144958
9,3eea137f,3ea00000,3e849ba6,3f7374bc,3f71ae2c,944,144958
10,3ee77469,3ea00000,3e83126f,3f71a9fc,3f6fef7c,937,144958
11,3ee4dfce,3ea00000,3e810625,3f6fdf3b,3f6e4366,931,144958
12,3ee25072,3ea00000,3e800000,3f6e5604,3f6c89b0,924,144083
13,3edfc654,3ea00000,3e7df3b6,3f6c8b44,3f6accd5,917,144666
14,3edd46b2,3ea00000,3e79db23,3f6ac083,3f692e62,911,143791
15,3edaceee,3ea00000,3e76c8b4,3f69374c,3f678fcc,905,144084
16,3ed85c68,3ea00000,3e74bc6a,3f67ae14,3f65e8d4,898,145542
17,3ed5f1bf,3ea00000,3e71a9fc,3f65e354,3f644c37,892,144666
18,3ed38ef3,3ea00000,3e6e978d,3f645a1d,3f62bb45,886,144084
19,3ed13166,3ea00000,3e6c8b44,3f62d0e5,3f6121ed,879,144083
20,3ecedbb6,3ea00000,3e6978d5,3f610625,3f5f92f2,873,144083
21,3ecc8de3,3ea00000,3e666666,3f5f7cee,3f5e0fa1,867,144958
22,3eca454e,3ea00000,3e645a1d,3f5df3b6,3f5c83ed,861,144375
23,3ec80496,3ea00000,3e6147ae,3f5c6a7f,3f5b091f,856,166833
24,3ec5c91d,3ea00000,3e5f3b64,3f5b22d1,3f598c7e,850,164792
25,3ec39581,3ea00000,3e5c28f6,3f59999a,3f581a36,844,144083
26,3ec16723,3ea00000,3e5a1cac,3f581062,3f569f8c,838,144667
27,3ebf40a3,3ea00000,3e570a3d,3f56872b,3f5535c9,833,144667
28,3ebd1f60,3ea00000,3e54fdf4,3f553f7d,3f53ca31,827,143791
29,3ebb05fb,3ea00000,3e51eb85,3f53b646,3f5268f4,822,144083
30,3eb8ef35,3ea00000,3e50e560,3f526e98,3f50f861,816,144958
31,3eb6e2eb,3ea00000,3e4ccccd,3f50e560,3f4fab74,811,144084
32,3eb4d940,3ea00000,3e4bc6a8,3f4f9db2,3f4e4366,806,144375
33,3eb2d773,3ea00000,3e48b439,3f4e5604,3f4cf80d,801,144375
34,3eb0dae4,3ea00000,3e46a7f0,3f4d0e56,3f4ba450,795,145250
35,3eaee393,3ea00000,3e449ba6,3f4b851f,3f4a4d6d,790,144667
36,3eacf41f,3ea00000,3e418937,3f4a3d71,3f490e01,785,143792
37,3eab074a,3ea00000,3e408312,3f48f5c3,3f47b8b2,780,144375
38,3ea92253,3ea00000,3e3d70a4,3f47ae14,3f468017,775,144083
39,3ea7429a,3ea00000,3e3b645a,3f466666,3f453f17,770,144959
40,3ea5681f,3ea00000,3e395810,3f451eb8,3f440181,766,144083
41,3ea392e2,3ea00000,3e374bc7,3f441893,3f42cde1,761,156042
42,3ea1c2e3,3ea00000,3e353f7d,3f42d0e5,3f41971b,756,144667
43,3e9ff823,3ea00000,3e333333,3f418937,3f4063bf,752,144083
44,3e9e32a0,3ea00000,3e3126e9,3f408312,3f3f3a57,747,144667
45,3e9c725c,3ea00000,3e2f1aa0,3f3f3b64,3f3e0dca,742,144667
46,3e9ab756,3ea00000,3e2d0e56,3f3df3b6,3f3ce4a6,738,143791
47,3e99018e,3ea00000,3e2b020c,3f3ced91,3f3bc579,733,144375
48,3e975105,3ea00000,3e28f5c3,3f3ba5e3,3f3aa327,729,143792
49,3e95a5b9,3ea00000,3e26e979,3f3a9fbe,3f398ac8,725,144083
50,3e93fd0d,3ea00000,3e25e354,3f39999a,3f386854,720,144083
51,3e925c3e,3ea00000,3e22d0e5,3f3851ec,3f375c07,716,144375
52,3e90be0e,3ea00000,3e21cac1,3f374bc7,3f364063,712,144958
53,3e8f251c,3ea00000,3e1fbe77,3f3645a2,3f3533f4,708,144958
54,3e8d9168,3ea00000,3e1db22d,3f353f7d,3f342aed,704,144375
55,3e8c02f3,3ea00000,3e1ba5e3,3f343958,3f33254d,700,144666
56,3e8a771d,3ea00000,3e1a9fbe,3f333333,3f321597,696,144375
57,3e88f084,3ea00000,3e189375,3f322d0e,3f311515,692,143208
58,3e876f2a,3ea00000,3e16872b,3f3126e9,3f3017fb,688,144375
59,3e85f06f,3ea00000,3e158106,3f3020c5,3f2f10cb,684,175875
60,3e847992,3ea00000,3e126e98,3f2f1aa0,3f2e264e,680,181708
61,3e8302b4,3ea00000,3e126e98,3f2e147b,3f2d186d,676,169458
62,3e8193b4,3ea00000,3e0f5c29,3f2d0e56,3f2c330d,673,143500
63,3e802752,3ea00000,3e0e5604,3f2c49ba,3f2b3e57,669,143500
64,3e7d805e,3ea00000,3e0c49ba,3f2b4396,3f2a5247,665,143209
65,3e7ab756,3ea00000,3e0b4396,3f2a3d71,3f295c20,662,143209
66,3e77f38c,3ea00000,3e0a3d71,3f2978d5,3f286e3b,658,143208
67,3e753f7d,3ea00000,3e072b02,3f2872b0,3f27967c,655,143500
68,3e7290ac,3ea00000,3e0624dd,3f27ae14,3f26af68,651,144375
69,3e6fe719,3ea00000,3e051eb8,3f26a7f0,3f25c37a,648,143208
70,3e6d4802,3ea00000,3e03126f,3f25e354,3f24ed4e,644,145250
71,3e6aae29,3ea00000,3e020c4a,3f24dd2f,3f24067c,641,144667
72,3e681ecd,3ea00000,3e000000,3f241893,3f23356e,638,144083
73,3e6594af,3ea00000,3dfdf3b6,3f2353f8,3f225a46,634,144084
74,3e630fd0,3ea00000,3dfbe76d,3f224dd3,3f217a46,631,144375
75,3e60956c,3ea00000,3df7ced9,3f218937,3f20b006,628,143209
76,3e5e2585,3ea00000,3df3b646,3f20c49c,3f1fe931,625,143208
77,3e5bb59e,3ea00000,3df3b646,3f200000,3f1f0ac3,621,144667
78,3e595033,3ea00000,3def9db2,3f1ef9db,3f1e40c8,618,144666
79,3e56f545,3ea00000,3deb851f,3f1e353f,3f1d80c3,615,143792
80,3e549f95,3ea00000,3de978d5,3f1d70a4,3f1cb6a6,612,144083
81,3e524f22,3ea00000,3de76c8b,3f1cac08,3f1bee3c,609,142334
82,3e5003ef,3ea00000,3de56042,3f1be76d,3f1b2788,606,144666
83,3e4dc337,3ea00000,3de147ae,3f1b22d1,3f1a7007,603,144959
84,3e4b87be,3ea00000,3ddf3b64,3f1a5e35,3f19ae70,600,143500
85,3e495183,3ea00000,3ddd2f1b,3f19999a,3f18ee8d,597,144375
86,3e4725c4,3ea00000,3dd91687,3f18d4fe,3f183ddd,595,144083
87,3e44fa05,3ea00000,3dd91687,3f1851ec,3f177c23,592,143791
88,3e42d8c3,3ea00000,3dd4fdf4,3f178d50,3f16cedc,589,143500
89,3e40bcbe,3ea00000,3dd2f1aa,3f16c8b4,3f16177d,586,144083
90,3e3ea5f8,3ea00000,3dd0e560,3f160419,3f1561d3,584,143500
91,3e3c9470,3ea00000,3dced917,3f158106,3f14b46a,581,144958
92,3e3a8d65,3ea00000,3dcac083,3f14bc6a,3f140fa9,578,143791
93,3e388b97,3ea00000,3dc8b439,3f13f7cf,3f1360cf,576,144666
94,3e3689ca,3ea00000,3dc8b439,3f1374bc,3f12acb8,573,143208
95,3e349279,3ea00000,3dc49ba6,3f12b021,3f120d12,571,144667
96,3e32a066,3ea00000,3dc28f5c,3f122d0e,3f1169e3,568,143500
97,3e30b392,3ea00000,3dc08312,3f116873,3f10c1da,565,144375
98,3e2ecbfb,3ea00000,3dbe76c9,3f10a3d7,3f101b86,563,144375
99,3e2ceee1,3ea00000,3dba5e35,3f1020c5,3f0f8af3,561,144083
100,3e2b11c7,3ea00000,3dba5e35,3f0f9db2,3f0ee2c9,558,144084
101,3e2939eb,3ea00000,3db851ec,3f0ed917,3f0e4191,556,144667
102,3e27674d,3ea00000,3db645a2,3f0e5604,3f0da89b,553,143500
103,3e259f2c,3ea00000,3db22d0e,3f0d9168,3f0d184c,551,143792
104,3e23d70a,3ea00000,3db22d0e,3f0d0e56,3f0c76f2,549,143792
105,3e221965,3ea00000,3dae147b,3f0c8b44,3f0bf099,547,142916
106,3e205bc0,3ea00000,3dae147b,3f0c0831,3f0b52a8,544,143500
107,3e1ea359,3ea00000,3dac0831,3f0b4396,3f0abba9,542,144375
108,3e1cf030,3ea00000,3da9fbe7,3f0ac083,3f0a2cec,540,143208
109,3e1b4246,3ea00000,3da7ef9e,3f0a3d71,3f099fe4,538,144375
110,3e199ed8,3ea00000,3da3d70a,3f09ba5e,3f09220f,536,143500
111,3e17f62b,3ea00000,3da5e354,3f09374c,3f087f23,533,144083
112,3e165d3a,3ea00000,3d9fbe77,3f0872b0,3f0809f6,531,143791
113,3e14bf0a,3ea00000,3da1cac1,3f07ef9e,3f076a72,529,144667
114,3e132b56,3ea00000,3d9db22d,3f076c8b,3f06f1ba,527,143792
115,3e119ce0,3ea00000,3d9ba5e3,3f06e979,3f066eeb,525,144084
116,3e1013a9,3ea00000,3d99999a,3f066666,3f05edd0,523,143792
117,3e0e8a72,3ea00000,3d99999a,3f05e354,3f0560e9,521,143500
118,3e0d0679,3ea00000,3d978d50,3f056042,3f04e182,519,144084
119,3e0b87be,3ea00000,3d958106,3f04dd2f,3f0463d0,517,143500
120,3e0a0e41,3ea00000,3d9374bc,3f045a1d,3f03e7d1,515,144083
121,3e089a02,3ea00000,3d916873,3f03d70a,3f036d86,513,154583
122,3e072b02,3ea00000,3d8f5c29,3f0353f8,3f02f4f0,512,143791
123,3e05bc02,3ea00000,3d8f5c29,3f03126f,3f02771c,510,144083
124,3e04523f,3ea00000,3d8d4fdf,3f028f5c,3f02003a,508,143208
125,3e02edbb,3ea00000,3d8b4396,3f020c4a,3f018b0d,506,144667
126,3e018e75,3ea00000,3d89374c,3f018937,3f011793,504,144084
127,3e002f30,3ea00000,3d89374c,3f010625,3f00984e,502,143500
128,3dfdb4cc,3ea00000,3d851eb8,3f008312,3f003408,501,144083
129,3dfb0b39,3ea00000,3d851eb8,3f004189,3eff7d73,499,144083
130,3df86c22,3ea00000,3d83126f,3eff7cee,3efea0ba,497,144083
131,3df5cd0c,3ea00000,3d83126f,3efe76c9,3efdac68,495,144375
132,3df342ee,3ea00000,3d7df3b6,3efd70a4,3efcee18,494,143209
133,3df0ae53,3ea00000,3d810625,3efced91,3efbf2b2,492,144375
134,3dee2eb2,3ea00000,3d79db23,3efbe76d,3efb37c9,491,143209
135,3debaf10,3ea00000,3d79db23,3efb645a,3efa5acd,489,143792
136,3de94467,3ea00000,3d71a9fc,3efa5e35,3ef9a6b5,488,143792
137,3de6cf42,3ea00000,3d75c28f,3ef9db23,3ef8b588,486,144083
138,3de46499,3ea00000,3d71a9fc,3ef8d4fe,3ef7e9d9,484,144083
139,3de20ee9,3ea00000,3d6978d5,3ef7ced9,3ef73c93,483,171500
140,3ddfaebc,3ea00000,3d6d9168,3ef74bc7,3ef65237,481,170625
141,3ddd6388,3ea00000,3d656042,3ef645a2,3ef5a858,480,143500
142,3ddb1855,3ea00000,3d656042,3ef5c28f,3ef4dc66,478,144084
143,3dd8d79d,3ea00000,3d6147ae,3ef4bc6a,3ef41e58,477,143792
144,3dd696e6,3ea00000,3d6147ae,3ef43958,3ef355cd,475,144375
145,3dd460aa,3ea00000,3d5d2f1b,3ef33333,3ef29b28,474,143500
146,3dd22a6f,3ea00000,3d5d2f1b,3ef2b021,3ef1d606,472,142916
147,3dd0092d,3ea00000,3d54fdf4,3ef1a9fc,3ef139c9,471,144084
148,3dcde7ea,3ea00000,3d54fdf4,3ef126e9,3ef07b78,470,143500
149,3dcbc6a8,3ea00000,3d54fdf4,3ef0a3d7,3eefbd26,468,143500
150,3dc9afe2,3ea00000,3d50e560,3eef9db2,3eef0cba,467,144375
151,3dc7991c,3ea00000,3d50e560,3eef1aa0,3eee51d2,465,143500
152,3dc5974e,3ea00000,3d48b439,3eee147b,3eedbfcf,464,144083
153,3dc39581,3ea00000,3d48b439,3eed9168,3eed0bb7,463,144083
154,3dc193b4,3ea00000,3d48b439,3eed0e56,3eec579f,462,143792
155,3dbf9c63,3ea00000,3d449ba6,3eec8b44,3eebbe88,460,143209
156,3dbda512,3ea00000,3d449ba6,3eeb851f,3eeb00bd,459,143792
157,3dbbb83d,3ea00000,3d408312,3eeb020c,3eea6b0e,458,143500
158,3db9cb68,3ea00000,3d408312,3eea7efa,3ee9bdc7,457,144667
159,3db7e910,3ea00000,3d3c6a7f,3ee9fbe7,3ee92b80,455,144083
160,3db61134,3ea00000,3d3851ec,3ee8f5c3,3ee88f86,454,143792
161,3db43958,3ea00000,3d3851ec,3ee872b0,3ee7e90f,453,144666
162,3db26bf8,3ea00000,3d343958,3ee7ef9e,3ee75d9a,452,143791
163,3db09e99,3ea00000,3d343958,3ee76c8b,3ee6ba8c,451,143500
164,3daed139,3ea00000,3d343958,3ee6e979,3ee6177f,449,143792
165,3dad0e56,3ea00000,3d3020c5,3ee5e354,3ee58256,448,144084
166,3dab55ef,3ea00000,3d2c0831,3ee56042,3ee4fdb0,447,143209
167,3da99d88,3ea00000,3d2c0831,3ee4dd2f,3ee46173,446,144375
168,3da7ef9e,3ea00000,3d27ef9e,3ee45a1d,3ee3e037,445,144084
169,3da641b3,3ea00000,3d27ef9e,3ee3d70a,3ee34762,444,142916
170,3da493c9,3ea00000,3d27ef9e,3ee353f8,3ee2ae8e,443,144083
171,3da2f05a,3ea00000,3d23d70a,3ee2d0e5,3ee230b9,442,143500
172,3da14cec,3ea00000,3d23d70a,3ee24dd3,3ee19b4e,441,144667
173,3d9fb3fa,3ea00000,3d1fbe77,3ee1cac1,3ee120e2,440,144083
174,3d9e1b09,3ea00000,3d1fbe77,3ee147ae,3ee08ede,439,143792
175,3d9c8c93,3ea00000,3d1ba5e3,3ee0c49c,3ee017db,438,144083
176,3d9afe1e,3ea00000,3d1ba5e3,3ee04189,3edf8940,437,143500
177,3d996fa8,3ea00000,3d1ba5e3,3edfbe77,3edefaa5,436,143792
178,3d97ebaf,3ea00000,3d178d50,3edf3b64,3ede8709,435,144084
179,3d967232,3ea00000,3d1374bc,3edeb852,3ede16d7,434,143791
180,3d94f8b6,3ea00000,3d1374bc,3ede353f,3edd8f0c,433,144667
181,3d937f39,3ea00000,3d1374bc,3eddb22d,3edd0742,432,144375
182,3d9205bc,3ea00000,3d1374bc,3edd2f1b,3edc7f78,431,143792
183,3d9096bc,3ea00000,3d0f5c29,3edcac08,3edc12ae,430,144375
184,3d8f3238,3ea00000,3d0b4396,3edc28f6,3edba94d,429,143500
185,3d8dcdb3,3ea00000,3d0b4396,3edba5e3,3edb2852,428,143792
186,3d8c692f,3ea00000,3d0b4396,3edb22d1,3edaa759,427,143792
187,3d8b0f28,3ea00000,3d072b02,3eda9fbe,3eda4160,426,144667
188,3d89b520,3ea00000,3d072b02,3eda1cac,3ed9c3cf,425,144666
189,3d886595,3ea00000,3d03126f,3ed9999a,3ed9613c,425,144375
190,3d870b8d,3ea00000,3d072b02,3ed9999a,3ed8d930,424,143500
191,3d85bc02,3ea00000,3d03126f,3ed91687,3ed8769f,423,143208
192,3d8476f3,3ea00000,3cfdf3b6,3ed89375,3ed81776,422,143209
193,3d8331e4,3ea00000,3cfdf3b6,3ed81062,3ed7a0b6,421,145250
194,3d81ecd5,3ea00000,3cfdf3b6,3ed78d50,3ed729f6,420,143792
195,3d80b242,3ea00000,3cf5c28f,3ed70a3d,3ed6ce35,420,144959
196,3d7eef5f,3ea00000,3cf5c28f,3ed70a3d,3ed667f9,419,144667
197,3d7c7a3a,3ea00000,3cf5c28f,3ed6872b,3ed5f4a2,418,143500
198,3d7a0514,3ea00000,3cf5c28f,3ed60419,3ed58149,417,144375
199,3d77a4e8,3ea00000,3ced9168,3ed58106,3ed528f2,416,144084
200,3d7559b4,3ea00000,3ce56042,3ed4fdf4,3ed4d402,416,144084
201,3d72f987,3ea00000,3ced9168,3ed4fdf4,3ed45996,415,144084
202,3d70ae53,3ea00000,3ce56042,3ed47ae1,3ed404a8,414,144083
203,3d6e7818,3ea00000,3cdd2f1b,3ed3f7cf,3ed3b320,413,143208
204,3d6c2ce4,3ea00000,3ce56042,3ed374bc,3ed32f02,412,145250
205,3d6a0ba2,3ea00000,3cd4fdf4,3ed2f1aa,3ed2f87b,412,144083
206,3d67d567,3ea00000,3cdd2f1b,3ed2f1aa,3ed284e0,411,144958
207,3d659f2c,3ea00000,3cdd2f1b,3ed26e98,3ed21bc1,410,166250
208,3d637de9,3ea00000,3cd4fdf4,3ed1eb85,3ed1cda3,410,167417
209,3d615ca7,3ea00000,3cd4fdf4,3ed1eb85,3ed17508,409,147583
210,3d5f505d,3ea00000,3ccccccd,3ed16873,3ed12a52,409,142625
211,3d5d2f1b,3ea00000,3cd4fdf4,3ed16873,3ed0ba1f,408,144083
212,3d5b22d1,3ea00000,3ccccccd,3ed0e560,3ed06f69,407,143791
213,3d592b80,3ea00000,3cc49ba6,3ed0624e,3ed0281b,407,144375
214,3d571f36,3ea00000,3ccccccd,3ed0624e,3ecfbb51,406,143500
215,3d5527e5,3ea00000,3cc49ba6,3ecfdf3b,3ecf7404,405,144083
216,3d533094,3ea00000,3cc49ba6,3ecf5c29,3ecf151f,404,144084
217,3d514e3c,3ea00000,3cbc6a7f,3eced917,3eced139,404,144375
218,3d4f56eb,3ea00000,3cc49ba6,3eced917,3ece67d8,403,143792
219,3d4d7492,3ea00000,3cbc6a7f,3ece5604,3ece23f3,403,143500
220,3d4ba733,3ea00000,3cb43958,3ece5604,3ecdf091,402,144084
221,3d49c4db,3ea00000,3cbc6a7f,3ecdd2f2,3ecd7d7c,401,143500
222,3d47f77b,3ea00000,3cb43958,3ecd4fdf,3ecd3cff,401,142917
223,3d462a1b,3ea00000,3cb43958,3ecd4fdf,3eccf206,400,144958
224,3d445cbc,3ea00000,3cb43958,3ecccccd,3ecc99f1,400,143792
225,3d42a455,3ea00000,3cac0831,3ecccccd,3ecc69f8,399,144666
226,3d40d6f5,3ea00000,3cb43958,3ecc49ba,3ecbfa4c,398,143209
227,3d3f3387,3ea00000,3ca3d70a,3ecbc6a8,3ecbd838,398,143500
228,3d3d7b20,3ea00000,3cac0831,3ecbc6a8,3ecb790f,397,144084
229,3d3bc2b9,3ea00000,3cac0831,3ecb4396,3ecb2463,397,143500
230,3d3a1f4b,3ea00000,3ca3d70a,3ecb4396,3ecaf7d3,396,142625
231,3d387bdd,3ea00000,3ca3d70a,3ecac083,3ecaa690,396,143500
232,3d36d86f,3ea00000,3ca3d70a,3ecac083,3eca6267,395,144083
233,3d3549f9,3ea00000,3c9ba5e3,3eca3d71,3eca2c23,395,144083
234,3d33a68b,3ea00000,3ca3d70a,3eca3d71,3ec9d063,394,144375
235,3d321816,3ea00000,3c9ba5e3,3ec9ba5e,3ec99a20,394,144083
236,3d3089a0,3ea00000,3c9ba5e3,3ec9ba5e,3ec95960,393,143208
237,3d2efb2b,3ea00000,3c9ba5e3,3ec9374c,3ec90b85,393,142917
238,3d2d81ae,3ea00000,3c9374bc,3ec9374c,3ec8e5c5,392,144084
239,3d2c0831,3ea00000,3c9374bc,3ec8b439,3ec89b53,392,143792
240,3d2a79bc,3ea00000,3c9ba5e3,3ec8b439,3ec842fb,391,144375
241,3d291538,3ea00000,3c8b4396,3ec83127,3ec82b1f,391,143792
242,3d279bbb,3ea00000,3c9374bc,3ec83127,3ec7d630,390,144084
243,3d263737,3ea00000,3c8b4396,3ec7ae14,3ec7a6bd,390,143792
244,3d24bdba,3ea00000,3c9374bc,3ec7ae14,3ec751cf,389,175292
245,3d235936,3ea00000,3c8b4396,3ec72b02,3ec7225b,389,179959
246,3d21f4b2,3ea00000,3c8b4396,3ec72b02,3ec6e86c,388,171500
247,3d20a527,3ea00000,3c83126f,3ec6a7f0,3ec6bc62,388,143792
248,3d1f40a3,3ea00000,3c8b4396,3ec6a7f0,3ec66adb,388,144375
249,3d1df117,3ea00000,3c83126f,3ec6a7f0,3ec64bec,387,143792
250,3d1ca18c,3ea00000,3c83126f,3ec624dd,3ec6084b,387,143500
251,3d1b5200,3ea00000,3c83126f,3ec624dd,3ec5d1c4,386,143208
252,3d1a0275,3ea00000,3c83126f,3ec5a1cb,3ec58e21,386,143792
253,3d18c7e3,3ea00000,3c75c28f,3ec5a1cb,3ec5729b,386,143209
254,3d177857,3ea00000,3c83126f,3ec5a1cb,3ec5247c,385,143792
255,3d163dc5,3ea00000,3c75c28f,3ec51eb8,3ec4fbdb,385,143500
256,3d150332,3ea00000,3c75c28f,3ec51eb8,3ec4c8bd,384,144084
257,3d13c89f,3ea00000,3c75c28f,3ec49ba6,3ec48883,384,143500
258,3d128e0d,3ea00000,3c75c28f,3ec49ba6,3ec45565,383,143792
259,3d116873,3ea00000,3c656042,3ec41893,3ec4302c,383,143500
260,3d102de0,3ea00000,3c75c28f,3ec41893,3ec3e575,383,143500
261,3d0f0846,3ea00000,3c656042,3ec41893,3ec3cd58,382,144375
262,3d0de2ac,3ea00000,3c656042,3ec39581,3ec39086,382,143791
263,3d0cbd12,3ea00000,3c656042,3ec39581,3ec360d0,382,144084
264,3d0bac71,3ea00000,3c54fdf4,3ec39581,3ec34c1b,381,143208
265,3d0a86d7,3ea00000,3c656042,3ec3126f,3ec2f7b2,381,145250
266,3d097636,3ea00000,3c54fdf4,3ec3126f,3ec2e2fc,381,155750
267,3d08509c,3ea00000,3c656042,3ec3126f,3ec29baf,380,156625
268,3d073ffb,3ea00000,3c54fdf4,3ec28f5c,3ec279dd,380,156334
269,3d062f5a,3ea00000,3c54fdf4,3ec28f5c,3ec24d90,379,156041
270,3d051eb8,3ea00000,3c54fdf4,3ec20c4a,3ec21427,379,156917
271,3d042310,3ea00000,3c449ba6,3ec20c4a,3ec202da,379,155750
272,3d03126f,3ea00000,3c54fdf4,3ec20c4a,3ec1bef5,378,155750
273,3d0216c6,3ea00000,3c449ba6,3ec18937,3ec1a08c,378,156333
274,3d011b1e,3ea00000,3c449ba6,3ec18937,3ec177a7,378,156625
275,3d001f75,3ea00000,3c449ba6,3ec18937,3ec14ec2,378,157791
276,3cfe4799,3ea00000,3c449ba6,3ec18937,3ec125dd,377,156625
277,3cfc5048,3ea00000,3c449ba6,3ec10625,3ec0efdc,377,156333
278,3cfa58f7,3ea00000,3c449ba6,3ec10625,3ec0c6f7,377,156334
279,3cf861a6,3ea00000,3c449ba6,3ec10625,3ec09e12,376,156916
280,3cf69446,3ea00000,3c343958,3ec08312,3ec08313,376,157209
281,3cf4c6e7,3ea00000,3c343958,3ec08312,3ec05d96,376,168584
282,3cf2f987,3ea00000,3c343958,3ec08312,3ec0381a,375,157208
283,3cf12c28,3ea00000,3c343958,3ec00000,3ec00581,375,155166
284,3cef5ec8,3ea00000,3c343958,3ec00000,3ebfe004,375,156042
285,3ced9168,3ea00000,3c343958,3ec00000,3ebfba88,374,156625
286,3cebc409,3ea00000,3c343958,3ebf7cee,3ebf87f0,374,156333
287,3cea209b,3ea00000,3c23d70a,3ebf7cee,3ebf7d74,374,156333
288,3ce8533b,3ea00000,3c343958,3ebf7cee,3ebf405f,374,155459
289,3ce6afcd,3ea00000,3c23d70a,3ebf7cee,3ebf35e3,373,155458
290,3ce50c5f,3ea00000,3c23d70a,3ebef9db,3ebf06b3,373,155750
291,3ce368f1,3ea00000,3c23d70a,3ebef9db,3ebee49f,373,155750
292,3ce1c582,3ea00000,3c23d70a,3ebef9db,3ebec28b,373,156333
293,3ce02214,3ea00000,3c23d70a,3ebef9db,3ebea077,372,155750
294,3cde7ea6,3ea00000,3c23d70a,3ebe76c9,3ebe7148,372,156916
295,3cdd0529,3ea00000,3c1374bc,3ebe76c9,3ebe6a34,372,155459
296,3cdb61bb,3ea00000,3c23d70a,3ebe76c9,3ebe3088,371,157500
297,3cd9e83e,3ea00000,3c1374bc,3ebdf3b6,3ebe1c58,371,155459
298,3cd86ec1,3ea00000,3c1374bc,3ebdf3b6,3ebdfdac,371,155750
299,3cd6f545,3ea00000,3c1374bc,3ebdf3b6,3ebddf00,371,156042
300,3cd551d7,3ea00000,3c23d70a,3ebdf3b6,3ebda554,370,155750
301,3cd4024b,3ea00000,3c03126f,3ebd70a4,3ebdac26,370,144958
302,3cd288ce,3ea00000,3c1374bc,3ebd70a4,3ebd75e2,370,142916
303,3cd10f52,3ea00000,3c1374bc,3ebd70a4,3ebd5737,370,144083
304,3ccf95d5,3ea00000,3c1374bc,3ebd70a4,3ebd388b,370,144375
305,3cce464a,3ea00000,3c03126f,3ebd70a4,3ebd34df,370,143792
306,3ccccccd,3ea00000,3c1374bc,3ebd70a4,3ebcfe9c,369,143792
307,3ccb7d41,3ea00000,3c03126f,3ebced91,3ebcedd5,369,144084
308,3cca2db6,3ea00000,3c03126f,3ebced91,3ebcd292,369,144375
309,3cc8b439,3ea00000,3c1374bc,3ebced91,3ebc9c4e,368,143500
310,3cc764ae,3ea00000,3c03126f,3ebc6a7f,3ebc8b87,368,143500
311,3cc61523,3ea00000,3c03126f,3ebc6a7f,3ebc7044,368,144083
312,3cc4ef89,3ea00000,3be56042,3ebc6a7f,3ebc7000,368,143792
313,3cc39ffd,3ea00000,3c03126f,3ebc6a7f,3ebc3d25,368,143500
314,3cc25072,3ea00000,3c03126f,3ebc6a7f,3ebc21e2,367,143500
315,3cc100e7,3ea00000,3c03126f,3ebbe76d,3ebbf984,367,143500
316,3cbfdb4d,3ea00000,3be56042,3ebbe76d,3ebbf940,367,143792
317,3cbe8bc1,3ea00000,3c03126f,3ebbe76d,3ebbc666,367,142917
318,3cbd6627,3ea00000,3be56042,3ebbe76d,3ebbc622,367,142916
319,3cbc408e,3ea00000,3be56042,3ebbe76d,3ebbae47,367,143792
320,3cbaf102,3ea00000,3c03126f,3ebbe76d,3ebb7b6d,366,143792
321,3cb9cb68,3ea00000,3be56042,3ebb645a,3ebb6e0d,366,142625
322,3cb8a5ce,3ea00000,3be56042,3ebb645a,3ebb5632,366,144083
323,3cb78034,3ea00000,3be56042,3ebb645a,3ebb3e57,366,142917
324,3cb65a9b,3ea00000,3be56042,3ebb645a,3ebb267c,366,171500
325,3cb53501,3ea00000,3be56042,3ebb645a,3ebb0ea1,365,176458
326,3cb43958,3ea00000,3bc49ba6,3ebae148,3ebb04ab,365,165958
327,3cb313be,3ea00000,3be56042,3ebae148,3ebad539,365,143500
328,3cb21816,3ea00000,3bc49ba6,3ebae148,3ebad85e,365,142625
329,3cb0f27c,3ea00000,3be56042,3ebae148,3ebaa8eb,365,144375
330,3caff6d3,3ea00000,3bc49ba6,3ebae148,3ebaac11,365,144375
331,3caed139,3ea00000,3be56042,3ebae148,3eba7c9e,364,143792
332,3cadd591,3ea00000,3bc49ba6,3eba5e35,3eba72a7,364,144666
333,3cacd9e8,3ea00000,3bc49ba6,3eba5e35,3eba5e35,364,144959
334,3cabde40,3ea00000,3bc49ba6,3eba5e35,3eba49c2,364,143500
335,3caab8a6,3ea00000,3be56042,3eba5e35,3eba1a4f,363,143500
336,3ca9e6ef,3ea00000,3ba3d70a,3eb9db23,3eba2b5a,364,143208
337,3ca8eb46,3ea00000,3bc49ba6,3eba5e35,3eba0c6b,363,143792
338,3ca7ef9e,3ea00000,3bc49ba6,3eb9db23,3eb9eadd,363,144958
339,3ca6f3f5,3ea00000,3bc49ba6,3eb9db23,3eb9d66b,363,144084
340,3ca5f84d,3ea00000,3bc49ba6,3eb9db23,3eb9c1f8,363,144083
341,3ca52696,3ea00000,3ba3d70a,3eb9db23,3eb9c886,363,143500
342,3ca42aed,3ea00000,3bc49ba6,3eb9db23,3eb99c7c,363,143209
343,3ca32f45,3ea00000,3bc49ba6,3eb9db23,3eb98809,362,143208
344,3ca25d8d,3ea00000,3ba3d70a,3eb95810,3eb9817b,362,143792
345,3ca18bd6,3ea00000,3ba3d70a,3eb95810,3eb97071,362,143208
346,3ca0902e,3ea00000,3bc49ba6,3eb95810,3eb94467,362,144084
347,3c9fbe77,3ea00000,3ba3d70a,3eb95810,3eb94af5,362,144083
348,3c9eecc0,3ea00000,3ba3d70a,3eb95810,3eb939ea,362,143791
349,3c9e1b09,3ea00000,3ba3d70a,3eb95810,3eb928e0,362,144084
350,3c9d1f60,3ea00000,3bc49ba6,3eb95810,3eb8fcd6,361,142916
351,3c9c4da9,3ea00000,3ba3d70a,3eb8d4fe,3eb8f649,361,143208
352,3c9ba5e3,3ea00000,3b83126f,3eb8d4fe,3eb9003f,361,143792
353,3c9ad42c,3ea00000,3ba3d70a,3eb8d4fe,3eb8d79d,361,144375
354,3c9a0275,3ea00000,3ba3d70a,3eb8d4fe,3eb8c693,361,143500
355,3c9930be,3ea00000,3ba3d70a,3eb8d4fe,3eb8b589,361,143500
356,3c985f07,3ea00000,3ba3d70a,3eb8d4fe,3eb8a47f,361,143500
357,3c978d50,3ea00000,3ba3d70a,3eb8d4fe,3eb89375,361,142625
358,3c96e58a,3ea00000,3b83126f,3eb8d4fe,3eb89d6b,361,142916
359,3c9613d3,3ea00000,3ba3d70a,3eb8d4fe,3eb874c9,360,143500
360,3c95421c,3ea00000,3ba3d70a,3eb851ec,3eb856a4,360,143208
361,3c949a56,3ea00000,3b83126f,3eb851ec,3eb8609a,360,142917
362,3c93c89f,3ea00000,3ba3d70a,3eb851ec,3eb837f8,360,143209
363,3c9320da,3ea00000,3b83126f,3eb851ec,3eb841ef,360,143792
364,3c927914,3ea00000,3b83126f,3eb851ec,3eb8344d,360,144083
365,3c91a75d,3ea00000,3ba3d70a,3eb851ec,3eb80bab,359,143500
366,3c90ff97,3ea00000,3b83126f,3eb7ced9,3eb80885,359,142625
367,3c9057d1,3ea00000,3b83126f,3eb7ced9,3eb7fae4,359,144084
368,3c8fb00c,3ea00000,3b83126f,3eb7ced9,3eb7ed42,359,144083
369,3c8f0846,3ea00000,3b83126f,3eb7ced9,3eb7dfa0,359,143500
370,3c8e6080,3ea00000,3b83126f,3eb7ced9,3eb7d1fe,359,143791
371,3c8db8bb,3ea00000,3b83126f,3eb7ced9,3eb7c45d,359,143792
372,3c8d10f5,3ea00000,3b83126f,3eb7ced9,3eb7b6bb,359,143500
373,3c8c692f,3ea00000,3b83126f,3eb7ced9,3eb7a91a,359,143791
374,3c8bc16a,3ea00000,3b83126f,3eb7ced9,3eb79b78,359,144375
375,3c8b19a4,3ea00000,3b83126f,3eb7ced9,3eb78dd6,359,144083
376,3c8a71de,3ea00000,3b83126f,3eb7ced9,3eb78035,358,144375
377,3c89f40a,3ea00000,3b449ba6,3eb74bc7,3eb78078,358,143792
378,3c894c44,3ea00000,3b83126f,3eb74bc7,3eb75b3f,358,143208
379,3c88a47f,3ea00000,3b83126f,3eb74bc7,3eb74d9d,358,144083
380,3c8826ab,3ea00000,3b449ba6,3eb74bc7,3eb75afc,358,143791
381,3c877ee5,3ea00000,3b83126f,3eb74bc7,3eb735c2,358,144083
382,3c870111,3ea00000,3b449ba6,3eb74bc7,3eb74321,358,143208
383,3c86594b,3ea00000,3b83126f,3eb74bc7,3eb71de7,358,142916
384,3c85db77,3ea00000,3b449ba6,3eb74bc7,3eb72b46,358,143500
385,3c8533b1,3ea00000,3b83126f,3eb74bc7,3eb7060c,357,144375
386,3c84b5dd,3ea00000,3b449ba6,3eb6c8b4,3eb7064f,357,143792
387,3c843809,3ea00000,3b449ba6,3eb6c8b4,3eb6fc16,357,144084
388,3c83ba34,3ea00000,3b449ba6,3eb6c8b4,3eb6f1dd,357,143792
389,3c83126f,3ea00000,3b83126f,3eb6c8b4,3eb6cca3,357,143208
390,3c82949a,3ea00000,3b449ba6,3eb6c8b4,3eb6da02,357,143791
391,3c8216c6,3ea00000,3b449ba6,3eb6c8b4,3eb6cfc8,357,143500
392,3c8198f2,3ea00000,3b449ba6,3eb6c8b4,3eb6c58f,357,170916
393,3c811b1e,3ea00000,3b449ba6,3eb6c8b4,3eb6bb56,357,164500
394,3c809d49,3ea00000,3b449ba6,3eb6c8b4,3eb6b11d,357,143500
395,3c801f75,3ea00000,3b449ba6,3eb6c8b4,3eb6a6e3,357,143500
396,3c7f4342,3ea00000,3b449ba6,3eb6c8b4,3eb69caa,357,143209
397,3c7e4799,3ea00000,3b449ba6,3eb6c8b4,3eb69271,357,143209
398,3c7cf80e,3ea00000,3b83126f,3eb6c8b4,3eb66d37,356,144375
399,3c7c5048,3ea00000,3b03126f,3eb645a2,3eb6887a,357,144084
400,3c7b54a0,3ea00000,3b449ba6,3eb6c8b4,3eb673c5,356,143500
401,3c7a58f7,3ea00000,3b449ba6,3eb645a2,3eb65c71,356,144083
402,3c795d4f,3ea00000,3b449ba6,3eb645a2,3eb65238,356,144375
403,3c7861a6,3ea00000,3b449ba6,3eb645a2,3eb647fe,356,144375
404,3c77b9e0,3ea00000,3b03126f,3eb645a2,3eb658c5,356,143791
405,3c76be38,3ea00000,3b449ba6,3eb645a2,3eb636f4,356,143792
406,3c75c28f,3ea00000,3b449ba6,3eb645a2,3eb62cbb,356,144083
407,3c751aca,3ea00000,3b03126f,3eb645a2,3eb63d81,356,143500
408,3c741f21,3ea00000,3b449ba6,3eb645a2,3eb61bb1,356,143208
409,3c732379,3ea00000,3b449ba6,3eb645a2,3eb61178,356,144667
410,3c727bb3,3ea00000,3b03126f,3eb645a2,3eb6223e,356,143209
411,3c71800a,3ea00000,3b449ba6,3eb645a2,3eb6006e,355,144375
412,3c70d845,3ea00000,3b03126f,3eb5c28f,3eb60418,355,144375
413,3c6fdc9c,3ea00000,3b449ba6,3eb5c28f,3eb5e248,355,143209
414,3c6f34d7,3ea00000,3b03126f,3eb5c28f,3eb5f30e,355,142625
415,3c6e8d11,3ea00000,3b03126f,3eb5c28f,3eb5ec3d,355,143792
416,3c6d9168,3ea00000,3b449ba6,3eb5c28f,3eb5ca6d,355,143792
417,3c6ce9a3,3ea00000,3b03126f,3eb5c28f,3eb5db33,355,143792
418,3c6c41dd,3ea00000,3b03126f,3eb5c28f,3eb5d462,355,143208
419,3c6b9a17,3ea00000,3b03126f,3eb5c28f,3eb5cd91,355,143791
420,3c6a9e6f,3ea00000,3b449ba6,3eb5c28f,3eb5abc1,355,143500
421,3c69f6a9,3ea00000,3b03126f,3eb5c28f,3eb5bc87,355,144667
422,3c694ee4,3ea00000,3b03126f,3eb5c28f,3eb5b5b6,355,144083
423,3c68533b,3ea00000,3b449ba6,3eb5c28f,3eb593e6,355,143500
424,3c67ab75,3ea00000,3b03126f,3eb5c28f,3eb5a4ac,355,144375
425,3c6703b0,3ea00000,3b03126f,3eb5c28f,3eb59ddb,355,143500
426,3c665bea,3ea00000,3b03126f,3eb5c28f,3eb5970b,355,143208
427,3c65b424,3ea00000,3b03126f,3eb5c28f,3eb5903a,355,171209
428,3c64b87c,3ea00000,3b449ba6,3eb5c28f,3eb56e6a,354,177041
429,3c6410b6,3ea00000,3b03126f,3eb53f7d,3eb57215,354,170625
430,3c63bcd3,3ea00000,3a83126f,3eb53f7d,3eb58644,355,144083
431,3c62c12b,3ea00000,3b449ba6,3eb5c28f,3eb559f7,354,142625
432,3c621965,3ea00000,3b03126f,3eb53f7d,3eb55da2,354,143500
433,3c61c582,3ea00000,3a83126f,3eb53f7d,3eb571d2,354,144083
434,3c611dbd,3ea00000,3b03126f,3eb53f7d,3eb55369,354,144375
435,3c6075f7,3ea00000,3b03126f,3eb53f7d,3eb54c98,354,143500
436,3c5fce31,3ea00000,3b03126f,3eb53f7d,3eb545c7,354,143791
437,3c5f266c,3ea00000,3b03126f,3eb53f7d,3eb53ef6,354,143500
438,3c5e7ea6,3ea00000,3b03126f,3eb53f7d,3eb53826,354,144083
439,3c5dd6e0,3ea00000,3b03126f,3eb53f7d,3eb53155,354,143792
440,3c5d82fd,3ea00000,3a83126f,3eb53f7d,3eb54584,354,144375
441,3c5cdb38,3ea00000,3b03126f,3eb53f7d,3eb5271c,354,143500
442,3c5c3372,3ea00000,3b03126f,3eb53f7d,3eb5204b,354,144375
443,3c5b8bac,3ea00000,3b03126f,3eb53f7d,3eb5197a,354,142916
444,3c5ae3e7,3ea00000,3b03126f,3eb53f7d,3eb512a9,354,144375
445,3c5a9004,3ea00000,3a83126f,3eb53f7d,3eb526d9,354,142916
446,3c59e83e,3ea00000,3b03126f,3eb53f7d,3eb50870,354,144083
447,3c594079,3ea00000,3b03126f,3eb53f7d,3eb5019f,354,143792
448,3c5898b3,3ea00000,3b03126f,3eb53f7d,3eb4face,353,144375
449,3c5844d0,3ea00000,3a83126f,3eb4bc6a,3eb501e2,354,142917
450,3c579d0a,3ea00000,3b03126f,3eb53f7d,3eb4f095,353,143208
451,3c574928,3ea00000,3a83126f,3eb4bc6a,3eb4f7a9,353,143792
452,3c56a162,3ea00000,3b03126f,3eb4bc6a,3eb4d940,353,145250
453,3c564d7f,3ea00000,3a83126f,3eb4bc6a,3eb4ed6f,353,143792
454,3c55a5b9,3ea00000,3b03126f,3eb4bc6a,3eb4cf06,353,142625
455,3c5551d7,3ea00000,3a83126f,3eb4bc6a,3eb4e336,353,144375
456,3c54aa11,3ea00000,3b03126f,3eb4bc6a,3eb4c4cd,353,143500
457,3c54562e,3ea00000,3a83126f,3eb4bc6a,3eb4d8fd,353,143792
458,3c53ae68,3ea00000,3b03126f,3eb4bc6a,3eb4ba94,353,143500
459,3c535a86,3ea00000,3a83126f,3eb4bc6a,3eb4cec4,353,143792
460,3c5306a3,3ea00000,3a83126f,3eb4bc6a,3eb4cb5b,353,143208
461,3c525edd,3ea00000,3b03126f,3eb4bc6a,3eb4acf2,353,143500
462,3c520afa,3ea00000,3a83126f,3eb4bc6a,3eb4c122,353,144084
463,3c516335,3ea00000,3b03126f,3eb4bc6a,3eb4a2b9,353,143500
464,3c510f52,3ea00000,3a83126f,3eb4bc6a,3eb4b6e9,353,144375
465,3c50bb6f,3ea00000,3a83126f,3eb4bc6a,3eb4b380,353,143500
466,3c5013a9,3ea00000,3b03126f,3eb4bc6a,3eb49517,353,143208
467,3c4fbfc6,3ea00000,3a83126f,3eb4bc6a,3eb4a947,353,144375
468,3c4f1801,3ea00000,3b03126f,3eb4bc6a,3eb48ade,353,144958
469,3c4ec41e,3ea00000,3a83126f,3eb4bc6a,3eb49f0e,353,143791
470,3c4e703b,3ea00000,3a83126f,3eb4bc6a,3eb49ba5,353,144666
471,3c4dc875,3ea00000,3b03126f,3eb4bc6a,3eb47d3c,353,144667
472,3c4d7492,3ea00000,3a83126f,3eb4bc6a,3eb4916c,353,143791
473,3c4d20b0,3ea00000,3a83126f,3eb4bc6a,3eb48e04,353,143500
474,3c4c78ea,3ea00000,3b03126f,3eb4bc6a,3eb46f9b,352,143208
475,3c4c2507,3ea00000,3a83126f,3eb43958,3eb476af,352,144083
476,3c4bd124,3ea00000,3a83126f,3eb43958,3eb47347,352,143792
477,3c4b7d41,3ea00000,3a83126f,3eb43958,3eb46fdf,352,142917
478,3c4b295f,3ea00000,3a83126f,3eb43958,3eb46c76,352,142917
479,3c4ad57c,3ea00000,3a83126f,3eb43958,3eb4690e,352,142625
480,3c4a8199,3ea00000,3a83126f,3eb43958,3eb465a5,352,142917
481,3c4a2db6,3ea00000,3a83126f,3eb43958,3eb4623d,352,143792
482,3c49d9d3,3ea00000,3a83126f,3eb43958,3eb45ed5,352,143791
483,3c4985f0,3ea00000,3a83126f,3eb43958,3eb45b6c,352,144667
484,3c49320e,3ea00000,3a83126f,3eb43958,3eb45804,352,143791
485,3c48de2b,3ea00000,3a83126f,3eb43958,3eb4549b,352,144084
486,3c488a48,3ea00000,3a83126f,3eb43958,3eb45133,352,143208
487,3c483665,3ea00000,3a83126f,3eb43958,3eb44dca,352,142625
488,3c47e282,3ea00000,3a83126f,3eb43958,3eb44a62,352,143792
489,3c478e9f,3ea00000,3a83126f,3eb43958,3eb446fa,352,143500
490,3c473abd,3ea00000,3a83126f,3eb43958,3eb44391,352,144667
491,3c46e6da,3ea00000,3a83126f,3eb43958,3eb44029,352,143500
492,3c4692f7,3ea00000,3a83126f,3eb43958,3eb43cc0,352,143500
493,3c463f14,3ea00000,3a83126f,3eb43958,3eb43958,352,143500
494,3c45eb31,3ea00000,3a83126f,3eb43958,3eb435ef,352,144083
495,3c45974e,3ea00000,3a83126f,3eb43958,3eb43287,352,144666
496,3c45436c,3ea00000,3a83126f,3eb43958,3eb42f1f,352,144083
497,3c44ef89,3ea00000,3a83126f,3eb43958,3eb42bb6,352,143792
498,3c449ba6,3ea00000,3a83126f,3eb43958,3eb4284e,352,142917
499,3c4447c3,3ea00000,3a83126f,3eb43958,3eb424e5,352,143209
500,3c43f3e0,3ea00000,3a83126f,3eb43958,3eb4217d,352,145250
501,3c439ffd,3ea00000,3a83126f,3eb43958,3eb41e15,352,144375
502,3c434c1b,3ea00000,3a83126f,3eb43958,3eb41aac,352,144375
503,3c42f838,3ea00000,3a83126f,3eb43958,3eb41744,352,143208
504,3c42a455,3ea00000,3a83126f,3eb43958,3eb413db,352,142917
505,3c425072,3ea00000,3a83126f,3eb43958,3eb41073,352,144084
506,3c41fc8f,3ea00000,3a83126f,3eb43958,3eb40d0b,352,143500
507,3c41fc8f,3ea00000,00000000,3eb43958,3eb424a3,352,143792
508,3c41a8ac,3ea00000,3a83126f,3eb43958,3eb409a2,352,172084
509,3c4154ca,3ea00000,3a83126f,3eb43958,3eb4063a,352,174417
510,3c4100e7,3ea00000,3a83126f,3eb43958,3eb402d1,352,165375
511,3c40ad04,3ea00000,3a83126f,3eb43958,3eb3ff69,352,142625
512,3c405921,3ea00000,3a83126f,3eb43958,3eb3fc00,352,142333
513,3c40053e,3ea00000,3a83126f,3eb43958,3eb3f898,352,143791
514,3c3fb15b,3ea00000,3a83126f,3eb43958,3eb3f530,351,143208
515,3c3f5d79,3ea00000,3a83126f,3eb3b646,3eb3e4ac,351,143500
516,3c3f5d79,3ea00000,00000000,3eb3b646,3eb3fc44,352,142917
517,3c3f0996,3ea00000,3a83126f,3eb43958,3eb3ee5f,351,143500
518,3c3eb5b3,3ea00000,3a83126f,3eb3b646,3eb3dddb,351,144958
519,3c3eb5b3,3ea00000,00000000,3eb3b646,3eb3f573,351,144083
520,3c3e61d0,3ea00000,3a83126f,3eb3b646,3eb3da73,351,143500
521,3c3e61d0,3ea00000,00000000,3eb3b646,3eb3f20b,351,142916
522,3c3e0ded,3ea00000,3a83126f,3eb3b646,3eb3d70b,351,143792
523,3c3dba0a,3ea00000,3a83126f,3eb3b646,3eb3d3a2,351,143792
524,3c3dba0a,3ea00000,00000000,3eb3b646,3eb3eb3a,351,143500
525,3c3d6627,3ea00000,3a83126f,3eb3b646,3eb3d03a,351,144084
526,3c3d6627,3ea00000,00000000,3eb3b646,3eb3e7d2,351,144083
527,3c3d1245,3ea00000,3a83126f,3eb3b646,3eb3ccd1,351,143500
528,3c3cbe62,3ea00000,3a83126f,3eb3b646,3eb3c969,351,143208
529,3c3cbe62,3ea00000,00000000,3eb3b646,3eb3e101,351,143209
530,3c3c6a7f,3ea00000,3a83126f,3eb3b646,3eb3c600,351,143500
531,3c3c6a7f,3ea00000,00000000,3eb3b646,3eb3dd98,351,141750
532,3c3c169c,3ea00000,3a83126f,3eb3b646,3eb3c298,351,143208
533,3c3bc2b9,3ea00000,3a83126f,3eb3b646,3eb3bf30,351,143791
534,3c3bc2b9,3ea00000,00000000,3eb3b646,3eb3d6c8,351,143208
535,3c3b6ed6,3ea00000,3a83126f,3eb3b646,3eb3bbc7,351,142917
536,3c3b6ed6,3ea00000,00000000,3eb3b646,3eb3d35f,351,143792
537,3c3b1af4,3ea00000,3a83126f,3eb3b646,3eb3b85f,351,143791
538,3c3b1af4,3ea00000,00000000,3eb3b646,3eb3cff7,351,143792
539,3c3ac711,3ea00000,3a83126f,3eb3b646,3eb3b4f6,351,143791
540,3c3a732e,3ea00000,3a83126f,3eb3b646,3eb3b18e,351,142625
541,3c3a732e,3ea00000,00000000,3eb3b646,3eb3c926,351,144667
542,3c3a1f4b,3ea00000,3a83126f,3eb3b646,3eb3ae26,351,144084
543,3c3a1f4b,3ea00000,00000000,3eb3b646,3eb3c5be,351,143791
544,3c39cb68,3ea00000,3a83126f,3eb3b646,3eb3aabd,351,143500
545,3c39cb68,3ea00000,00000000,3eb3b646,3eb3c255,351,143500
546,3c397785,3ea00000,3a83126f,3eb3b646,3eb3a755,351,142917
547,3c397785,3ea00000,00000000,3eb3b646,3eb3beed,351,143792
548,3c3923a3,3ea00000,3a83126f,3eb3b646,3eb3a3ec,351,144375
549,3c3923a3,3ea00000,00000000,3eb3b646,3eb3bb84,351,143500
550,3c38cfc0,3ea00000,3a83126f,3eb3b646,3eb3a084,351,144083
551,3c387bdd,3ea00000,3a83126f,3eb3b646,3eb39d1c,351,143500
552,3c387bdd,3ea00000,00000000,3eb3b646,3eb3b4b4,351,144375
553,3c3827fa,3ea00000,3a83126f,3eb3b646,3eb399b3,351,143209
554,3c3827fa,3ea00000,00000000,3eb3b646,3eb3b14b,351,144666
555,3c37d417,3ea00000,3a83126f,3eb3b646,3eb3964b,351,143500
556,3c37d417,3ea00000,00000000,3eb3b646,3eb3ade3,351,144084
557,3c378034,3ea00000,3a83126f,3eb3b646,3eb392e2,351,142917
558,3c378034,3ea00000,00000000,3eb3b646,3eb3aa7a,351,144666
559,3c372c52,3ea00000,3a83126f,3eb3b646,3eb38f7a,351,144958
560,3c372c52,3ea00000,00000000,3eb3b646,3eb3a712,351,143500
561,3c36d86f,3ea00000,3a83126f,3eb3b646,3eb38c11,351,143791
562,3c36d86f,3ea00000,00000000,3eb3b646,3eb3a3a9,351,144083
563,3c36848c,3ea00000,3a83126f,3eb3b646,3eb388a9,351,144959
564,3c36848c,3ea00000,00000000,3eb3b646,3eb3a041,351,144083
565,3c3630a9,3ea00000,3a83126f,3eb3b646,3eb38541,351,144375
566,3c3630a9,3ea00000,00000000,3eb3b646,3eb39cd9,351,143792
567,3c35dcc6,3ea00000,3a83126f,3eb3b646,3eb381d8,351,143792
568,3c35dcc6,3ea00000,00000000,3eb3b646,3eb39970,351,143791
569,3c3588e3,3ea00000,3a83126f,3eb3b646,3eb37e70,351,144083
570,3c3588e3,3ea00000,00000000,3eb3b646,3eb39608,351,144083
571,3c353501,3ea00000,3a83126f,3eb3b646,3eb37b07,351,144375
572,3c353501,3ea00000,00000000,3eb3b646,3eb3929f,351,143500
573,3c34e11e,3ea00000,3a83126f,3eb3b646,3eb3779f,351,142917
574,3c34e11e,3ea00000,00000000,3eb3b646,3eb38f37,351,144083
575,3c348d3b,3ea00000,3a83126f,3eb3b646,3eb37437,350,143792
576,3c348d3b,3ea00000,00000000,3eb33333,3eb37eb3,351,167125
577,3c348d3b,3ea00000,00000000,3eb3b646,3eb38bcf,351,164208
578,3c343958,3ea00000,3a83126f,3eb3b646,3eb370ce,350,143792
579,3c343958,3ea00000,00000000,3eb33333,3eb37b4a,351,144375
580,3c33e575,3ea00000,3a83126f,3eb3b646,3eb36d66,350,143792
581,3c33e575,3ea00000,00000000,3eb33333,3eb377e2,351,143791
582,3c33e575,3ea00000,00000000,3eb3b646,3eb384fe,351,143208
583,3c339192,3ea00000,3a83126f,3eb3b646,3eb369fd,350,144375
584,3c339192,3ea00000,00000000,3eb33333,3eb37479,350,143500
585,3c339192,3ea00000,00000000,3eb33333,3eb37479,350,144667
586,3c339192,3ea00000,00000000,3eb33333,3eb37479,350,143500
587,3c333db0,3ea00000,3a83126f,3eb33333,3eb35979,350,143791
588,3c333db0,3ea00000,00000000,3eb33333,3eb37111,350,144666
589,3c333db0,3ea00000,00000000,3eb33333,3eb37111,350,143208
590,3c333db0,3ea00000,00000000,3eb33333,3eb37111,350,143208
591,3c333db0,3ea00000,00000000,3eb33333,3eb37111,350,144375
592,3c333db0,3ea00000,00000000,3eb33333,3eb37111,350,144375
593,3c32e9cd,3ea00000,3a83126f,3eb33333,3eb35610,350,144084
594,3c32e9cd,3ea00000,00000000,3eb33333,3eb36da8,350,144083
595,3c32e9cd,3ea00000,00000000,3eb33333,3eb36da8,350,144083
596,3c32e9cd,3ea00000,00000000,3eb33333,3eb36da8,350,144083
597,3c32e9cd,3ea00000,00000000,3eb33333,3eb36da8,350,144375
598,3c3295ea,3ea00000,3a83126f,3eb33333,3eb352a8,350,143500
599,3c3295ea,3ea00000,00000000,3eb33333,3eb36a40,350,144083
600,3c3295ea,3ea00000,00000000,3eb33333,3eb36a40,350,143791
601,3ed2617c,3f100000,00000000,3eb33333,3f800000,1000,155166
602,3ed08462,3f100000,3e3a5e35,3f800000,3f800000,1000,145542
603,3ecea748,3f100000,3e3a5e35,3f800000,3f800000,1000,143792
604,3ecccf6c,3f100000,3e3851ec,3f800000,3f800000,1000,144375
605,3ecaf790,3f100000,3e3851ec,3f800000,3f800000,1000,144083
606,3ec91fb4,3f100000,3e3851ec,3f800000,3f800000,1000,144375
607,3ec74d16,3f100000,3e3645a2,3f800000,3f800000,1000,144083
608,3ec57a78,3f100000,3e3645a2,3f800000,3f800000,1000,144375
609,3ec3aa7a,3f100000,3e353f7d,3f800000,3f800000,1000,143500
610,3ec1da7b,3f100000,3e353f7d,3f800000,3f800000,1000,144375
611,3ec00fbb,3f100000,3e333333,3f800000,3f800000,1000,143792
612,3ebe44fa,3f100000,3e333333,3f800000,3f800000,1000,176167
613,3ebc7a3a,3f100000,3e333333,3f800000,3f800000,1000,180542
614,3ebab4b7,3f100000,3e3126e9,3f800000,3f800000,1000,171500
615,3eb8ef35,3f100000,3e3126e9,3f800000,3f800000,1000,143208
616,3eb729b3,3f100000,3e3126e9,3f800000,3f800000,1000,143208
617,3eb5696e,3f100000,3e2f1aa0,3f800000,3f800000,1000,144958
618,3eb3a92a,3f100000,3e2f1aa0,3f800000,3f800000,1000,143792
619,3eb1eb85,3f100000,3e2e147b,3f800000,3f800000,1000,143791
620,3eb02de0,3f100000,3e2e147b,3f800000,3f800000,1000,144084
621,3eae72da,3f100000,3e2d0e56,3f800000,3f800000,1000,143500
622,3eacba73,3f100000,3e2c0831,3f800000,3f800000,1000,144375
623,3eab04ab,3f100000,3e2b020c,3f800000,3f800000,1000,143208
624,3ea94ee4,3f100000,3e2b020c,3f800000,3f800000,1000,144084
625,3ea79bbb,3f100000,3e29fbe7,3f800000,3f800000,1000,144375
626,3ea5e892,3f100000,3e29fbe7,3f800000,3f800000,1000,144083
627,3ea43aa8,3f100000,3e27ef9e,3f800000,3f800000,1000,143791
628,3ea28a1e,3f100000,3e28f5c3,3f800000,3f800000,1000,143791
629,3ea0ded3,3f100000,3e26e979,3f800000,3f800000,1000,143209
630,3e9f3387,3f100000,3e26e979,3f800000,3f800000,1000,142917
631,3e9d8adb,3f100000,3e25e354,3f800000,3f7f41f1,997,144375
632,3e9be4cd,3f100000,3e24dd2f,3f7f3b64,3f7e27bd,993,144083
633,3e9a43fe,3f100000,3e22d0e5,3f7e353f,3f7d1633,989,143208
634,3e98a86d,3f100000,3e20c49c,3f7d2f1b,3f7c080f,984,144666
635,3e97121b,3f100000,3e1eb852,3f7be76d,3f7af6c6,980,143791
636,3e958106,3f100000,3e1cac08,3f7ae148,3f79ef72,976,143792
637,3e93f291,3f100000,3e1ba5e3,3f79db23,3f78de08,972,144083
638,3e926959,3f100000,3e19999a,3f78d4fe,3f77dbd1,968,144375
639,3e90e560,3f100000,3e178d50,3f77ced9,3f76dd05,964,143208
640,3e8f6406,3f100000,3e16872b,3f76c8b4,3f75d41f,960,143791
641,3e8de7ea,3f100000,3e147ae1,3f75c28f,3f74da6e,956,144083
642,3e8c710d,3f100000,3e126e98,3f74bc6a,3f73e425,953,143500
643,3e8aff6d,3f100000,3e10624e,3f73f7cf,3f72f7d2,949,144375
644,3e89906d,3f100000,3e0f5c29,3f72f1aa,3f71fada,945,144375
645,3e88240b,3f100000,3e0e5604,3f71eb85,3f70ff96,941,144667
646,3e86bf87,3f100000,3e0b4396,3f70e560,3f702107,938,143500
647,3e855b03,3f100000,3e0b4396,3f7020c5,3f6f25a2,934,144375
648,3e83fe5d,3f100000,3e083127,3f6f1aa0,3f6e4c2e,931,143209
649,3e82a1b6,3f100000,3e083127,3f6e5604,3f6d55e6,927,144083
650,3e814cec,3f100000,3e051eb8,3f6d4fdf,3f6c818f,924,144667
651,3e7ff584,3f100000,3e041893,3f6c8b44,3f6b9de4,920,144083
652,3e7d566d,3f100000,3e03126f,3f6b851f,3f6ab55e,917,143792
653,3e7ac1d3,3f100000,3e010625,3f6ac083,3f69e29b,914,143500
654,3e783276,3f100000,3e000000,3f69fbe7,3f6905c0,910,144084
655,3e75ad97,3f100000,3dfbe76d,3f68f5c3,3f68318b,907,143792
656,3e732df5,3f100000,3df9db23,3f683127,3f6759cc,904,143208
657,3e70b392,3f100000,3df7ced9,3f676c8b,3f6683c1,900,144083
658,3e6e43aa,3f100000,3df3b646,3f666666,3f65b65d,897,143500
659,3e6bd902,3f100000,3df1a9fc,3f65a1cb,3f64e570,894,144667
660,3e6978d5,3f100000,3ded9168,3f64dd2f,3f6423b7,891,143791
661,3e671de7,3f100000,3deb851f,3f641893,3f6357e6,888,143792
662,3e64c836,3f100000,3de978d5,3f6353f8,3f628dc9,885,144667
663,3e627d03,3f100000,3de56042,3f628f5c,3f61d2e0,882,144083
664,3e6031cf,3f100000,3de56042,3f61cac1,3f610060,879,143791
665,3e5df655,3f100000,3ddf3b64,3f610625,3f60565f,876,144083
666,3e5bbadc,3f100000,3ddf3b64,3f604189,3f5f88fc,873,144375
667,3e5989df,3f100000,3ddb22d1,3f5f7cee,3f5ed698,870,144667
668,3e5758e2,3f100000,3ddb22d1,3f5eb852,3f5e0c9d,867,143209
669,3e5537a0,3f100000,3dd4fdf4,3f5df3b6,3f5d6b22,865,143500
670,3e53165d,3f100000,3dd4fdf4,3f5d70a4,3f5cacd0,862,143792
671,3e50fa59,3f100000,3dd2f1aa,3f5cac08,3f5bf572,859,144083
672,3e4ee8d1,3f100000,3dced917,3f5be76d,3f5b4d48,857,143208
673,3e4cd749,3f100000,3dced917,3f5b645a,3f5a9413,854,144375
674,3e4ad03e,3f100000,3dcac083,3f5a9fbe,3f59ef51,851,143500
675,3e48ce70,3f100000,3dc8b439,3f59db23,3f594078,849,143500
676,3e46d71f,3f100000,3dc49ba6,3f595810,3f58a761,846,143209
677,3e44dfce,3f100000,3dc49ba6,3f589375,3f57f024,844,143209
678,3e42edbb,3f100000,3dc28f5c,3f581062,3f574cf4,841,143792
679,3e4100e7,3f100000,3dc08312,3f574bc7,3f56a4ec,838,144375
680,3e3f1e8e,3f100000,3dbc6a7f,3f56872b,3f560c17,836,143500
681,3e3d4174,3f100000,3dba5e35,3f560419,3f556fb8,834,143209
682,3e3b645a,3f100000,3dba5e35,3f558106,3f54c78e,831,144083
683,3e3991bc,3f100000,3db645a2,3f54bc6a,3f5433d6,829,143209
684,3e37c45d,3f100000,3db43958,3f543958,3f539c94,827,144958
685,3e35f6fd,3f100000,3db43958,3f53b646,3f52f987,824,144375
686,3e34341a,3f100000,3db020c5,3f52f1aa,3f526aec,822,144083
687,3e327675,3f100000,3dae147b,3f526e98,3f51d8c6,820,144667
688,3e30b8d0,3f100000,3dae147b,3f51eb85,3f513ad6,817,144083
689,3e2f05a7,3f100000,3da9fbe7,3f5126e9,3f50b157,815,143792
690,3e2d527e,3f100000,3da9fbe7,3f50a3d7,3f5016cd,813,144667
691,3e2ba9d2,3f100000,3da5e354,3f5020c5,3f4f9745,811,170916
692,3e2a0126,3f100000,3da5e354,3f4f9db2,3f4f0025,809,167708
693,3e2862f6,3f100000,3da1cac1,3f4f1aa0,3f4e8405,807,142625
694,3e26c4c6,3f100000,3da1cac1,3f4e978d,3f4df04d,804,144083
695,3e252bd4,3f100000,3d9fbe77,3f4dd2f2,3f4d6388,802,144375
696,3e239820,3f100000,3d9db22d,3f4d4fdf,3f4cdf05,800,144083
697,3e2209ab,3f100000,3d9ba5e3,3f4ccccd,3f4c5c35,798,143792
698,3e208073,3f100000,3d99999a,3f4c49ba,3f4bdb1a,796,144084
699,3e1efc7a,3f100000,3d978d50,3f4bc6a8,3f4b5bb2,794,143791
700,3e1d7dbf,3f100000,3d958106,3f4b4396,3f4ade00,792,144958
701,3e1bff04,3f100000,3d958106,3f4ac083,3f4a5482,790,144375
702,3e1a8588,3f100000,3d9374bc,3f4a3d71,3f49d883,788,143208
703,3e191687,3f100000,3d8f5c29,3f49ba5e,3f496bb9,787,144667
704,3e17a249,3f100000,3d916873,3f4978d5,3f48e065,785,144375
705,3e163886,3f100000,3d8d4fdf,3f48f5c3,3f48754f,783,143792
706,3e14cec4,3f100000,3d8d4fdf,3f4872b0,3f47f2a1,781,144083
707,3e136f7e,3f100000,3d89374c,3f47ef9e,3f478af4,779,143791
708,3e121038,3f100000,3d89374c,3f476c8b,3f470bae,778,143792
709,3e10b0f2,3f100000,3d89374c,3f472b02,3f4692f6,776,145250
710,3e0f5c29,3f100000,3d851eb8,3f46a7f0,3f462eb2,774,144083
711,3e0e075f,3f100000,3d851eb8,3f4624dd,3f45b2d5,772,142625
712,3e0cb7d4,3f100000,3d83126f,3f45a1cb,3f454477,771,144667
713,3e0b6d87,3f100000,3d810625,3f456042,3f44de5c,769,144667
714,3e0a233a,3f100000,3d810625,3f44dd2f,3f4465e8,767,143209
715,3e08e369,3f100000,3d79db23,3f445a1d,3f440874,766,144959
716,3e079e5a,3f100000,3d7df3b6,3f441893,3f438c75,764,143500
717,3e0663c7,3f100000,3d75c28f,3f439581,3f4330b5,762,144084
718,3e052935,3f100000,3d75c28f,3f43126f,3f42bd5d,761,144958
719,3e03f3e0,3f100000,3d71a9fc,3f42d0e5,3f425e13,759,142917
720,3e02c3ca,3f100000,3d6d9168,3f424dd3,3f41f9f0,758,144375
721,3e0193b4,3f100000,3d6d9168,3f420c4a,3f41908e,756,143500
722,3e0068dc,3f100000,3d6978d5,3f418937,3f412e1f,755,144375
723,3dfe8683,3f100000,3d656042,3f4147ae,3f40d3f1,753,143792
724,3dfc3b4f,3f100000,3d656042,3f40c49c,3f40676a,752,144083
725,3df9fa98,3f100000,3d6147ae,3f408312,3f400ef1,750,144375
726,3df7b9e0,3f100000,3d6147ae,3f400000,3f3fa41e,749,143792
727,3df583a5,3f100000,3d5d2f1b,3f3fbe77,3f3f4d59,747,142625
728,3df357e6,3f100000,3d591687,3f3f3b64,3f3ef1ba,746,144084
729,3df136a4,3f100000,3d54fdf4,3f3ef9db,3f3e9e5d,745,143792
730,3def0ae5,3f100000,3d591687,3f3eb852,3f3e31b5,743,143792
731,3decf41f,3f100000,3d50e560,3f3e353f,3f3de54a,742,143209
732,3deadd59,3f100000,3d50e560,3f3df3b6,3f3d87d6,740,143500
733,3de8d10f,3f100000,3d4ccccd,3f3d70a4,3f3d3154,739,144375
734,3de6c4c6,3f100000,3d4ccccd,3f3d2f1b,3f3cd594,738,144375
735,3de4c2f8,3f100000,3d48b439,3f3ced91,3f3c8755,736,144667
736,3de2cba7,3f100000,3d449ba6,3f3c6a7f,3f3c343b,735,144666
737,3de0d456,3f100000,3d449ba6,3f3c28f6,3f3bdbe3,734,145250
738,3ddedd05,3f100000,3d449ba6,3f3be76d,3f3b838c,732,144083
739,3ddcfaad,3f100000,3d3c6a7f,3f3b645a,3f3b3fa6,731,143208
740,3ddb0dd8,3f100000,3d408312,3f3b22d1,3f3add38,730,144084
741,3dd935fc,3f100000,3d3851ec,3f3ae148,3f3aa194,729,143500
742,3dd753a4,3f100000,3d3c6a7f,3f3a9fbe,3f3a40d9,728,144084
743,3dd57bc8,3f100000,3d3851ec,3f3a5e35,3f39f969,726,145250
744,3dd3ae68,3f100000,3d343958,3f39db23,3f39ad20,725,144666
745,3dd1eb85,3f100000,3d3020c5,3f39999a,3f396919,724,144375
746,3dd01e26,3f100000,3d343958,3f395810,3f390bc6,723,143500
747,3dce65bf,3f100000,3d2c0831,3f391687,3f38d541,722,143791
748,3dcca2db,3f100000,3d3020c5,3f38d4fe,3f3879a1,721,144667
749,3dcaea74,3f100000,3d2c0831,3f389375,3f38374f,720,144084
750,3dc93c8a,3f100000,3d27ef9e,3f3851ec,3f37f6b1,719,144083
751,3dc78e9f,3f100000,3d27ef9e,3f381062,3f37aa47,717,144084
752,3dc5eb31,3f100000,3d23d70a,3f378d50,3f3764ce,716,143792
753,3dc447c3,3f100000,3d23d70a,3f374bc7,3f371a19,715,144375
754,3dc2aed1,3f100000,3d1fbe77,3f370a3d,3f36dce3,714,142917
755,3dc115df,3f100000,3d1fbe77,3f36c8b4,3f3693e1,713,143208
756,3dbf7cee,3f100000,3d1fbe77,3f36872b,3f364ae0,712,168583
757,3dbdee78,3f100000,3d1ba5e3,3f3645a2,3f360f5e,711,168583
758,3dbc6a7f,3f100000,3d178d50,3f360419,3f35d590,710,163625
759,3dbadc0a,3f100000,3d1ba5e3,3f35c28f,3f358276,709,143792
760,3db9628d,3f100000,3d1374bc,3f358106,3f35562a,708,143791
761,3db7de94,3f100000,3d178d50,3f353f7d,3f3504c4,707,144375
762,3db66517,3f100000,3d1374bc,3f34fdf4,3f34ccab,706,143500
763,3db4f616,3f100000,3d0f5c29,3f34bc6a,3f349645,705,143209
764,3db38716,3f100000,3d0f5c29,3f347ae1,3f345415,704,144666
765,3db21816,3f100000,3d0f5c29,3f343958,3f3411e4,703,143209
766,3db0b392,3f100000,3d0b4396,3f33f7cf,3f33dd32,703,144084
767,3daf4f0e,3f100000,3d0b4396,3f33f7cf,3f33a343,702,144375
768,3dadea89,3f100000,3d0b4396,3f33b646,3f3362c7,701,144375
769,3dac9082,3f100000,3d072b02,3f3374bc,3f332fca,700,143792
770,3dab367a,3f100000,3d072b02,3f333333,3f32f101,699,144083
771,3da9e6ef,3f100000,3d03126f,3f32f1aa,3f32bfb8,698,144083
772,3da88ce7,3f100000,3d072b02,3f32b021,3f327525,697,144375
773,3da747d8,3f100000,3cfdf3b6,3f326e98,3f32515c,697,143792
774,3da5f84d,3f100000,3d03126f,3f326e98,3f320f0a,696,144958
775,3da4b33e,3f100000,3cfdf3b6,3f322d0e,3f31df75,695,144375
776,3da378ab,3f100000,3cf5c28f,3f31eb85,3f31b196,694,144083
777,3da2339c,3f100000,3cfdf3b6,3f31a9fc,3f316a6a,693,143209
778,3da0f909,3f100000,3cf5c28f,3f316873,3f313c89,692,144083
779,3d9fc8f3,3f100000,3ced9168,3f3126e9,3f31105d,692,144959
780,3d9e98dd,3f100000,3ced9168,3f3126e9,3f30def3,691,144667
781,3d9d68c7,3f100000,3ced9168,3f30e560,3f30a6fc,690,144083
782,3d9c38b0,3f100000,3ced9168,3f30a3d7,3f306f04,689,143792
783,3d9b1316,3f100000,3ce56042,3f30624e,3f30448c,689,144667
784,3d99ed7c,3f100000,3ce56042,3f30624e,3f3014d7,688,144958
785,3d98c7e3,3f100000,3ce56042,3f3020c5,3f2fde94,687,142917
786,3d97acc5,3f100000,3cdd2f1b,3f2fdf3b,3f2fb5d0,686,143500
787,3d9691a7,3f100000,3cdd2f1b,3f2f9db2,3f2f8140,686,144958
788,3d95768a,3f100000,3cdd2f1b,3f2f9db2,3f2f533f,685,143792
789,3d9465e9,3f100000,3cd4fdf4,3f2f5c29,3f2f2c30,684,144083
790,3d935547,3f100000,3cd4fdf4,3f2f1aa0,3f2ef955,683,144667
791,3d9244a6,3f100000,3cd4fdf4,3f2ed917,3f2ec67a,683,143500
792,3d913e81,3f100000,3ccccccd,3f2ed917,3f2ea7ad,682,176167
793,3d902de0,3f100000,3cd4fdf4,3f2e978d,3f2e6905,681,179958
794,3d8f3238,3f100000,3cc49ba6,3f2e5604,3f2e5129,681,168875
795,3d8e2c13,3f100000,3ccccccd,3f2e5604,3f2e1ac5,680,144958
796,3d8d306a,3f100000,3cc49ba6,3f2e147b,3f2df71e,680,144375
797,3d8c34c2,3f100000,3cc49ba6,3f2e147b,3f2dce39,679,143792
798,3d8b3919,3f100000,3cc49ba6,3f2dd2f2,3f2d9ec6,678,144083
799,3d8a3d71,3f100000,3cc49ba6,3f2d9168,3f2d6f53,677,143500
800,3d894c44,3f100000,3cbc6a7f,3f2d4fdf,3f2d4d61,677,144375
801,3d885b18,3f100000,3cbc6a7f,3f2d4fdf,3f2d2630,676,144667
802,3d877469,3f100000,3cb43958,3f2d0e56,3f2d05f2,676,143500
803,3d86833c,3f100000,3cbc6a7f,3f2d0e56,3f2cd2f5,675,144084
804,3d859c8d,3f100000,3cb43958,3f2ccccd,3f2cb2b7,675,142917
805,3d84b5dd,3f100000,3cb43958,3f2ccccd,3f2c8d3a,674,143791
806,3d83cf2d,3f100000,3cb43958,3f2c8b44,3f2c612f,673,143792
807,3d82f2fa,3f100000,3cac0831,3f2c49ba,3f2c42a6,673,143209
808,3d8216c6,3f100000,3cac0831,3f2c49ba,3f2c1ede,672,144667
809,3d813a93,3f100000,3cac0831,3f2c0831,3f2bf487,672,144375
810,3d805e5f,3f100000,3cac0831,3f2c0831,3f2bd0bf,671,143500
811,3d7f1950,3f100000,3ca3d70a,3f2bc6a8,3f2bb3e9,671,144375
812,3d7d60e9,3f100000,3cac0831,3f2bc6a8,3f2b8455,670,143792
813,3d7bbd7b,3f100000,3ca3d70a,3f2b851f,3f2b677f,670,142625
814,3d7a2f06,3f100000,3c9ba5e3,3f2b851f,3f2b52eb,669,144667
815,3d788b97,3f100000,3ca3d70a,3f2b4396,3f2b1e7d,668,144959
816,3d76fd22,3f100000,3c9ba5e3,3f2b020c,3f2b035b,668,144375
817,3d756ead,3f100000,3c9ba5e3,3f2b020c,3f2ae2fb,668,144083
818,3d73e037,3f100000,3c9ba5e3,3f2b020c,3f2ac29b,667,143208
819,3d7251c2,3f100000,3c9ba5e3,3f2ac083,3f2a9bae,666,144666
820,3d70d845,3f100000,3c9374bc,3f2a7efa,3f2a8241,666,145250
821,3d6f49cf,3f100000,3c9ba5e3,3f2a7efa,3f2a5615,665,143500
822,3d6de54b,3f100000,3c8b4396,3f2a3d71,3f2a4a27,665,144083
823,3d6c6bcf,3f100000,3c9374bc,3f2a3d71,3f2a1faf,665,144667
824,3d6af252,3f100000,3c9374bc,3f2a3d71,3f2a0104,664,143792
825,3d698dce,3f100000,3c8b4396,3f29fbe7,3f29e94a,664,144084
826,3d681451,3f100000,3c9374bc,3f29fbe7,3f29bed3,663,143208
827,3d66afcd,3f100000,3c8b4396,3f29ba5e,3f29a719,663,143791
828,3d654b49,3f100000,3c8b4396,3f29ba5e,3f298a21,662,143500
829,3d63fbbd,3f100000,3c83126f,3f2978d5,3f29741d,662,144083
830,3d629739,3f100000,3c8b4396,3f2978d5,3f294b5a,661,143500
831,3d6147ae,3f100000,3c83126f,3f29374c,3f293554,661,143792
832,3d5ff823,3f100000,3c83126f,3f29374c,3f291a11,661,143209
833,3d5ea897,3f100000,3c83126f,3f29374c,3f28fece,660,142917
834,3d5d590c,3f100000,3c83126f,3f28f5c3,3f28dcfc,660,143500
835,3d5c1e79,3f100000,3c75c28f,3f28f5c3,3f28cf39,659,144083
836,3d5ae3e7,3f100000,3c75c28f,3f28b439,3f28af1d,659,143791
837,3d59945b,3f100000,3c83126f,3f28b439,3f28880e,658,144083
838,3d586ec1,3f100000,3c656042,3f2872b0,3f28813c,658,143791
839,3d57342f,3f100000,3c75c28f,3f2872b0,3f285be2,658,144667
840,3d55f99c,3f100000,3c75c28f,3f2872b0,3f284253,657,143791
841,3d54d402,3f100000,3c656042,3f283127,3f282fb5,657,143209
842,3d539970,3f100000,3c75c28f,3f283127,3f280a5b,656,143792
843,3d5273d6,3f100000,3c656042,3f27ef9e,3f27f7bd,656,144083
844,3d514e3c,3f100000,3c656042,3f27ef9e,3f27dfe2,656,144375
845,3d5028a2,3f100000,3c656042,3f27ef9e,3f27c807,655,144958
846,3d4f1801,3f100000,3c54fdf4,3f27ae14,3f27b71f,655,143500
847,3d4df267,3f100000,3c656042,3f27ae14,3f279378,655,143792
848,3d4ce1c6,3f100000,3c54fdf4,3f27ae14,3f27891e,654,143208
849,3d4bd124,3f100000,3c54fdf4,3f276c8b,3f276c69,654,143500
850,3d4ac083,3f100000,3c54fdf4,3f276c8b,3f275642,654,144084
851,3d49afe2,3f100000,3c54fdf4,3f276c8b,3f27401b,653,144084
852,3d4b7d41,3f100000,bcb43958,3f272b02,3f28fbeb,660,143791
853,3d4d20b0,3f100000,bca3d70a,3f28f5c3,3f293447,661,143791
854,3d4ec41e,3f100000,bca3d70a,3f29374c,3f295ce9,662,142625
855,3d50678c,3f100000,bca3d70a,3f2978d5,3f29858c,662,144084
856,3d51f601,3f100000,bc9ba5e3,3f2978d5,3f299a1f,663,143208
857,3d538477,3f100000,bc9ba5e3,3f29ba5e,3f29c10c,663,142625
858,3d5512ec,3f100000,bc9ba5e3,3f29ba5e,3f29e16c,664,143208
859,3d56a162,3f100000,bc9ba5e3,3f29fbe7,3f2a085a,664,143792
860,3d582fd7,3f100000,bc9ba5e3,3f29fbe7,3f2a28ba,665,143792
861,3d59a954,3f100000,bc9374bc,3f2a3d71,3f2a4228,665,142917
862,3d5b22d1,3f100000,bc9374bc,3f2a3d71,3f2a60d4,666,144083
863,3d5c9c4e,3f100000,bc9374bc,3f2a7efa,3f2a860d,666,143209
864,3d5e15ca,3f100000,bc9374bc,3f2a7efa,3f2aa4b9,667,143208
865,3d5f7a4e,3f100000,bc8b4396,3f2ac083,3f2abc72,667,143500
866,3d60ded3,3f100000,bc8b4396,3f2ac083,3f2ad969,667,143792
867,3d624357,3f100000,bc8b4396,3f2ac083,3f2af661,668,144667
868,3d63a7db,3f100000,bc8b4396,3f2b020c,3f2b19e6,668,144084
869,3d650c5f,3f100000,bc8b4396,3f2b020c,3f2b36de,669,142917
870,3d6670e3,3f100000,bc8b4396,3f2b4396,3f2b5a63,669,142917
871,3d67c06e,3f100000,bc83126f,3f2b4396,3f2b69db,670,143500
872,3d690ff9,3f100000,bc83126f,3f2b851f,3f2b8bac,670,171208
873,3d6a5f85,3f100000,bc83126f,3f2b851f,3f2ba6ef,671,175875
874,3d6baf10,3f100000,bc83126f,3f2bc6a8,3f2bc8c0,671,168000
875,3d6cfe9b,3f100000,bc83126f,3f2bc6a8,3f2be403,671,143209
876,3d6e392e,3f100000,bc75c28f,3f2bc6a8,3f2bf1c6,672,144083
877,3d6f73c1,3f100000,bc75c28f,3f2c0831,3f2c11e3,672,144083
878,3d70ae53,3f100000,bc75c28f,3f2c0831,3f2c2b72,673,144667
879,3d71e8e6,3f100000,bc75c28f,3f2c49ba,3f2c4b8f,673,143791
880,3d732379,3f100000,bc75c28f,3f2c49ba,3f2c651f,673,142917
881,3d745e0b,3f100000,bc75c28f,3f2c49ba,3f2c7eae,674,142916
882,3d7583a5,3f100000,bc656042,3f2c8b44,3f2c914b,674,142916
883,3d76a93f,3f100000,bc656042,3f2c8b44,3f2ca925,674,144083
884,3d77e3d2,3f100000,bc75c28f,3f2c8b44,3f2cce80,675,143500
885,3d78f473,3f100000,bc54fdf4,3f2ccccd,3f2cd39d,675,143792
886,3d7a1a0d,3f100000,bc656042,3f2ccccd,3f2cf744,676,144083
887,3d7b3fa7,3f100000,bc656042,3f2d0e56,3f2d15ad,676,143208
888,3d7c5048,3f100000,bc54fdf4,3f2d0e56,3f2d2008,676,143500
889,3d7d75e2,3f100000,bc656042,3f2d0e56,3f2d43af,677,143792
890,3d7e8683,3f100000,bc54fdf4,3f2d4fdf,3f2d5497,677,143792
891,3d7f9724,3f100000,bc54fdf4,3f2d4fdf,3f2d6abe,677,142917
892,3d8053e3,3f100000,bc54fdf4,3f2d4fdf,3f2d80e5,678,143208
893,3d80d1b7,3f100000,bc449ba6,3f2d9168,3f2d9018,678,144375
894,3d815a08,3f100000,bc54fdf4,3f2d9168,3f2db20b,678,143792
895,3d81d7dc,3f100000,bc449ba6,3f2d9168,3f2dbab2,679,143500
896,3d82602d,3f100000,bc54fdf4,3f2dd2f2,3f2de332,679,143500
897,3d82de01,3f100000,bc449ba6,3f2dd2f2,3f2debd9,679,143500
898,3d835bd5,3f100000,bc449ba6,3f2dd2f2,3f2e004b,680,142916
899,3d83d9a9,3f100000,bc449ba6,3f2e147b,3f2e1b4c,680,143500
900,3d844d01,3f100000,bc343958,3f2e147b,3f2e223e,680,143791
901,3d84cad5,3f100000,bc449ba6,3f2e147b,3f2e427c,681,143792
902,3d853e2d,3f100000,bc343958,3f2e5604,3f2e4ffc,681,144667
903,3d85bc02,3f100000,bc449ba6,3f2e5604,3f2e703a,681,143209
904,3d862f5a,3f100000,bc343958,3f2e5604,3f2e772d,682,143208
905,3d86a2b1,3f100000,bc343958,3f2e978d,3f2e9079,682,142917
906,3d871609,3f100000,bc343958,3f2e978d,3f2ea337,682,143500
907,3d878961,3f100000,bc343958,3f2e978d,3f2eb5f5,682,143792
908,3d87f23d,3f100000,bc23d70a,3f2e978d,3f2ebb33,683,143792
909,3d886595,3f100000,bc343958,3f2ed917,3f2ee04c,683,143500
910,3d88ce70,3f100000,bc23d70a,3f2ed917,3f2ee58a,683,144375
911,3d8941c8,3f100000,bc343958,3f2ed917,3f2f0414,684,143208
912,3d89aaa4,3f100000,bc23d70a,3f2f1aa0,3f2f0fe0,684,143791
913,3d8a137f,3f100000,bc23d70a,3f2f1aa0,3f2f20ea,684,143792
914,3d8a7c5b,3f100000,bc23d70a,3f2f1aa0,3f2f31f4,684,144666
915,3d8ae536,3f100000,bc23d70a,3f2f1aa0,3f2f42fe,685,143500
916,3d8b4e12,3f100000,bc23d70a,3f2f5c29,3f2f5a96,685,142917
917,3d8bac71,3f100000,bc1374bc,3f2f5c29,3f2f5e1f,685,143792
918,3d8c154d,3f100000,bc23d70a,3f2f5c29,3f2f7af5,685,143500
919,3d8c73ac,3f100000,bc1374bc,3f2f5c29,3f2f7e7f,686,143792
920,3d8cd20b,3f100000,bc1374bc,3f2f9db2,3f2f9463,686,144083
921,3d8d3ae7,3f100000,bc23d70a,3f2f9db2,3f2fb139,686,143208
922,3d8d9946,3f100000,bc1374bc,3f2f9db2,3f2fb4c3,686,144667
923,3d8df7a5,3f100000,bc1374bc,3f2f9db2,3f2fc419,687,142917
924,3d8e5604,3f100000,bc1374bc,3f2fdf3b,3f2fd9fd,687,144084
925,3d8ea9e7,3f100000,bc03126f,3f2fdf3b,3f2fdbd2,687,143792
926,3d8f0846,3f100000,bc1374bc,3f2fdf3b,3f2ff6f4,687,143500
927,3d8f66a5,3f100000,bc1374bc,3f2fdf3b,3f30064a,688,144083
928,3d8fba88,3f100000,bc03126f,3f3020c5,3f300eae,688,144375
929,3d900e6b,3f100000,bc03126f,3f3020c5,3f301c50,688,143500
930,3d906cca,3f100000,bc1374bc,3f3020c5,3f303771,688,144083
931,3d90c0ad,3f100000,bc03126f,3f3020c5,3f303947,688,143791
932,3d911490,3f100000,bc03126f,3f3020c5,3f3046e9,689,143792
933,3d916873,3f100000,bc03126f,3f30624e,3f305b17,689,143208
934,3d91bc56,3f100000,bc03126f,3f30624e,3f3068b9,689,144375
935,3d921038,3f100000,bc03126f,3f30624e,3f30765b,689,143792
936,3d92641b,3f100000,bc03126f,3f30624e,3f3083fc,690,143208
937,3d92ad82,3f100000,bbe56042,3f30a3d7,3f308aac,690,142917
938,3d930165,3f100000,bc03126f,3f30a3d7,3f30a419,690,144375
939,3d934acb,3f100000,bbe56042,3f30a3d7,3f30a43b,690,163625
940,3d939431,3f100000,bbe56042,3f30a3d7,3f30b028,690,169750
941,3d93e814,3f100000,bc03126f,3f30a3d7,3f30c996,691,164500
942,3d94317b,3f100000,bbe56042,3f30e560,3f30d045,691,142333
943,3d947ae1,3f100000,bbe56042,3f30e560,3f30dc33,691,143500
944,3d94c448,3f100000,bbe56042,3f30e560,3f30e820,691,144667
945,3d950dae,3f100000,bbe56042,3f30e560,3f30f40e,691,144667
946,3d955715,3f100000,bbe56042,3f30e560,3f30fffb,691,143208
947,3d95a07b,3f100000,bbe56042,3f30e560,3f310be9,692,143500
948,3d95df65,3f100000,bbc49ba6,3f3126e9,3f3110e3,692,143208
949,3d9628cc,3f100000,bbe56042,3f3126e9,3f31289c,692,143792
950,3d967232,3f100000,bbe56042,3f3126e9,3f31348a,692,143500
951,3d96b11c,3f100000,bbc49ba6,3f3126e9,3f3132f7,692,143500
952,3d958b82,3f100000,3ce56042,3f3126e9,3f2f722d,685,143792
953,3d947065,3f100000,3cdd2f1b,3f2f5c29,3f2f2218,684,143791
954,3d935fc4,3f100000,3cd4fdf4,3f2f1aa0,3f2efb09,684,144083
955,3d924f22,3f100000,3cd4fdf4,3f2f1aa0,3f2ecebc,683,143500
956,3d9148fe,3f100000,3ccccccd,3f2ed917,3f2ea961,682,144083
957,3d9042d9,3f100000,3ccccccd,3f2e978d,3f2e783a,682,144083
958,3d8f3cb4,3f100000,3ccccccd,3f2e978d,3f2e4da0,681,143792
959,3d8e368f,3f100000,3ccccccd,3f2e5604,3f2e1c79,680,143500
960,3d8d3ae7,3f100000,3cc49ba6,3f2e147b,3f2df8d2,680,143792
961,3d8c3f3e,3f100000,3cc49ba6,3f2e147b,3f2dcfed,679,143792
962,3d8b4396,3f100000,3cc49ba6,3f2dd2f2,3f2da07a,678,144084
963,3d8a47ed,3f100000,3cc49ba6,3f2d9168,3f2d7107,678,143209
964,3d8956c1,3f100000,3cbc6a7f,3f2d9168,3f2d55a3,677,144375
965,3d886595,3f100000,3cbc6a7f,3f2d4fdf,3f2d27e5,676,144083
966,3d877469,3f100000,3cbc6a7f,3f2d0e56,3f2cfa26,676,143792
967,3d868db9,3f100000,3cb43958,3f2d0e56,3f2ce075,675,144083
968,3d85a709,3f100000,3cb43958,3f2ccccd,3f2cb46b,675,143500
969,3d84c059,3f100000,3cb43958,3f2ccccd,3f2c8eee,674,143792
970,3d83d9a9,3f100000,3cb43958,3f2c8b44,3f2c62e4,673,143792
971,3d82fd76,3f100000,3cac0831,3f2c49ba,3f2c445a,673,144083
972,3d8216c6,3f100000,3cb43958,3f2c49ba,3f2c1312,672,144666
973,3d81450f,3f100000,3ca3d70a,3f2c0831,3f2c0207,672,143208
974,3d8068dc,3f100000,3cac0831,3f2c0831,3f2bd273,671,143792
975,3d7f1950,3f100000,3cac0831,3f2bc6a8,3f2ba81d,671,143500
976,3d7d75e2,3f100000,3ca3d70a,3f2bc6a8,3f2b91d5,670,175292
977,3d7bd274,3f100000,3ca3d70a,3f2b851f,3f2b6934,670,178500
978,3d7a2f06,3f100000,3ca3d70a,3f2b851f,3f2b471f,669,168584
979,3d78a090,3f100000,3c9ba5e3,3f2b4396,3f2b2bfd,669,144083
980,3d76fd22,3f100000,3ca3d70a,3f2b4396,3f2afe1d,668,143500
981,3d756ead,3f100000,3c9ba5e3,3f2b020c,3f2ae2fb,668,144083
982,3d73e037,3f100000,3c9ba5e3,3f2b020c,3f2ac29b,667,142917
983,3d7251c2,3f100000,3c9ba5e3,3f2ac083,3f2a9bae,666,143500
984,3d70d845,3f100000,3c9374bc,3f2a7efa,3f2a8241,666,143500
985,3d6f5ec8,3f100000,3c9374bc,3f2a7efa,3f2a6395,666,143208
986,3d6de54b,3f100000,3c9374bc,3f2a7efa,3f2a44e9,665,143792
987,3d6c6bcf,3f100000,3c9374bc,3f2a3d71,3f2a1faf,665,142625
988,3d6af252,3f100000,3c9374bc,3f2a3d71,3f2a0104,664,144083
989,3d698dce,3f100000,3c8b4396,3f29fbe7,3f29e94a,664,143791
990,3d681451,3f100000,3c9374bc,3f29fbe7,3f29bed3,663,143791
991,3d66afcd,3f100000,3c8b4396,3f29ba5e,3f29a719,663,144084
992,3d656042,3f100000,3c83126f,3f29ba5e,3f2997a2,662,143208
993,3d63fbbd,3f100000,3c8b4396,3f2978d5,3f296851,662,144083
994,3d629739,3f100000,3c8b4396,3f2978d5,3f294b5a,661,143208
995,3d6147ae,3f100000,3c83126f,3f29374c,3f293554,661,143209
996,3d5ff823,3f100000,3c83126f,3f29374c,3f291a11,661,144666
997,3d5ea897,3f100000,3c83126f,3f29374c,3f28fece,660,144084
998,3d5d6e05,3f100000,3c75c28f,3f28f5c3,3f28ea7c,660,144666
999,3d5c1e79,3f100000,3c83126f,3f28f5c3,3f28c36d,659,143791
1000,3d5ae3e7,3f100000,3c75c28f,3f28b439,3f28af1d,659,144084
1001,3d59945b,3f100000,3c83126f,3f28b439,3f28880e,658,144666
1002,3d586ec1,3f100000,3c656042,3f2872b0,3f28813c,658,144666
1003,3d57342f,3f100000,3c75c28f,3f2872b0,3f285be2,658,143500
1004,3d55f99c,3f100000,3c75c28f,3f2872b0,3f284253,657,144083
1005,3d54d402,3f100000,3c656042,3f283127,3f282fb5,657,144083
1006,3d539970,3f100000,3c75c28f,3f283127,3f280a5b,656,144959
1007,3d5273d6,3f100000,3c656042,3f27ef9e,3f27f7bd,656,144084
1008,3d514e3c,3f100000,3c656042,3f27ef9e,3f27dfe2,656,143791
1009,3d5028a2,3f100000,3c656042,3f27ef9e,3f27c807,655,143792
1010,3d4f1801,3f100000,3c54fdf4,3f27ae14,3f27b71f,655,144375
1011,3d4df267,3f100000,3c656042,3f27ae14,3f279378,655,143500
1012,3d4ce1c6,3f100000,3c54fdf4,3f27ae14,3f27891e,654,144375
1013,3d4bd124,3f100000,3c54fdf4,3f276c8b,3f276c69,654,144375
1014,3d4ac083,3f100000,3c54fdf4,3f276c8b,3f275642,654,143792
1015,3d49afe2,3f100000,3c54fdf4,3f276c8b,3f27401b,653,144083
1016,3d489f41,3f100000,3c54fdf4,3f272b02,3f272367,653,144083
1017,3d478e9f,3f100000,3c54fdf4,3f272b02,3f270d40,653,143792
1018,3d4692f7,3f100000,3c449ba6,3f272b02,3f27049a,652,142625
1019,3d458256,3f100000,3c54fdf4,3f26e979,3f26dc1a,652,143791
1020,3d4486ad,3f100000,3c449ba6,3f26e979,3f26d373,652,144083
1021,3d438b05,3f100000,3c449ba6,3f26e979,3f26bf01,651,143792
1022,3d428f5c,3f100000,3c449ba6,3f26a7f0,3f26a400,651,143791
1023,3d41a8ac,3f100000,3c343958,3f26a7f0,3f269d0e,651,143792
1024,3d40ad04,3f100000,3c449ba6,3f26a7f0,3f267cd0,650,144083
1025,3d3fb15b,3f100000,3c449ba6,3f266666,3f2661cf,650,146125
1026,3d3ecaac,3f100000,3c343958,3f266666,3f265add,650,144375
1027,3d3de3fc,3f100000,3c343958,3f266666,3f26481f,650,143792
1028,3d3ce853,3f100000,3c449ba6,3f266666,3f2627e0,649,144375
1029,3d3c01a3,3f100000,3c343958,3f2624dd,3f261a60,649,144959
1030,3d3b2fec,3f100000,3c23d70a,3f2624dd,3f261522,649,144083
1031,3d3a493d,3f100000,3c343958,3f2624dd,3f25f698,648,144666
1032,3d39628d,3f100000,3c343958,3f25e354,3f25dd4c,648,144375
1033,3d3890d6,3f100000,3c23d70a,3f25e354,3f25d80e,648,144375
1034,3d37aa26,3f100000,3c343958,3f25e354,3f25b984,647,143208
1035,3d36d86f,3f100000,3c23d70a,3f25a1cb,3f25adb8,647,145250
1036,3d3606b8,3f100000,3c23d70a,3f25a1cb,3f259cae,647,145250
1037,3d353501,3f100000,3c23d70a,3f25a1cb,3f258ba4,647,143791
1038,3d346349,3f100000,3c23d70a,3f25a1cb,3f257a99,646,144084
1039,3d339192,3f100000,3c23d70a,3f256042,3f256301,646,144666
1040,3d32d4d4,3f100000,3c1374bc,3f256042,3f255f78,646,144084
1041,3d32031d,3f100000,3c23d70a,3f256042,3f2542a1,646,143209
1042,3d313166,3f100000,3c23d70a,3f256042,3f253197,645,142917
1043,3d3074a7,3f100000,3c1374bc,3f251eb8,3f25277f,645,143209
1044,3d2fb7e9,3f100000,3c1374bc,3f251eb8,3f25182a,645,143500
1045,3d2efb2b,3f100000,3c1374bc,3f251eb8,3f2508d4,645,144375
1046,3d2e3e6c,3f100000,3c1374bc,3f251eb8,3f24f97e,644,144666
1047,3d2d81ae,3f100000,3c1374bc,3f24dd2f,3f24e39b,644,144084
1048,3d2cc4f0,3f100000,3c1374bc,3f24dd2f,3f24d445,644,143792
1049,3d2c0831,3f100000,3c1374bc,3f24dd2f,3f24c4ef,644,143500
1050,3d2b606b,3f100000,3c03126f,3f24dd2f,3f24c31a,644,144375
1051,3d2aa3ad,3f100000,3c1374bc,3f24dd2f,3f24a7f8,643,143500
1052,3d29fbe7,3f100000,3c03126f,3f249ba6,3f249f94,643,144083
1053,3d293f29,3f100000,3c1374bc,3f249ba6,3f248472,643,144958
1054,3d289763,3f100000,3c03126f,3f249ba6,3f24829d,643,144375
1055,3d27ef9e,3f100000,3c03126f,3f249ba6,3f2474fb,642,145250
1056,3d2747d8,3f100000,3c03126f,3f245a1d,3f2460cb,642,169167
1057,3d26a012,3f100000,3c03126f,3f245a1d,3f24532a,642,172666
1058,3d25f84d,3f100000,3c03126f,3f245a1d,3f244588,642,170041
1059,3d255087,3f100000,3c03126f,3f245a1d,3f2437e6,641,144666
1060,3d24a8c1,3f100000,3c03126f,3f241893,3f2423b8,641,142916
1061,3d2415f4,3f100000,3be56042,3f241893,3f242396,641,144084
1062,3d236e2f,3f100000,3c03126f,3f241893,3f240a29,641,144667
1063,3d22db62,3f100000,3be56042,3f241893,3f240a07,641,144666
1064,3d22339c,3f100000,3c03126f,3f241893,3f23f099,640,143500
1065,3d21a0cf,3f100000,3be56042,3f23d70a,3f23e9ea,640,143792
1066,3d210e02,3f100000,3be56042,3f23d70a,3f23ddfd,640,145250
1067,3d207b35,3f100000,3be56042,3f23d70a,3f23d20f,640,145250
1068,3d1fe868,3f100000,3be56042,3f23d70a,3f23c622,640,143792
1069,3d1f559b,3f100000,3be56042,3f23d70a,3f23ba34,640,144084
1070,3d1ec2ce,3f100000,3be56042,3f23d70a,3f23ae47,639,143500
1071,3d1e44fa,3f100000,3bc49ba6,3f239581,3f23a94b,639,142917
1072,3d1db22d,3f100000,3be56042,3f239581,3f239192,639,142917
1073,3d1d1f60,3f100000,3be56042,3f239581,3f2385a5,639,144375
1074,3d1ca18c,3f100000,3bc49ba6,3f239581,3f238737,639,143792
1075,3d1c0ebf,3f100000,3be56042,3f239581,3f236f7e,638,144959
1076,3d1b90eb,3f100000,3bc49ba6,3f2353f8,3f236a83,638,145250
1077,3d1b1316,3f100000,3bc49ba6,3f2353f8,3f236049,638,143791
1078,3d1a8049,3f100000,3be56042,3f2353f8,3f234890,638,144375
1079,3d1a0275,3f100000,3bc49ba6,3f2353f8,3f234a23,638,144375
1080,3d1984a1,3f100000,3bc49ba6,3f2353f8,3f233fe9,638,143500
1081,3d1906cd,3f100000,3bc49ba6,3f2353f8,3f2335b0,638,143209
1082,3d1888f8,3f100000,3bc49ba6,3f2353f8,3f232b77,637,144083
1083,3d180b24,3f100000,3bc49ba6,3f23126f,3f231ab1,637,144375
1084,3d178d50,3f100000,3bc49ba6,3f23126f,3f231077,637,144375
1085,3d170f7c,3f100000,3bc49ba6,3f23126f,3f23063e,637,144375
1086,3d16a6a0,3f100000,3ba3d70a,3f23126f,3f230985,637,144375
1087,3d1628cc,3f100000,3bc49ba6,3f23126f,3f22f380,637,144666
1088,3d15aaf8,3f100000,3bc49ba6,3f23126f,3f22e947,636,143500
1089,3d15421c,3f100000,3ba3d70a,3f22d0e5,3f22e600,636,144667
1090,3d14d940,3f100000,3ba3d70a,3f22d0e5,3f22dd7b,636,143792
1091,3d145b6c,3f100000,3bc49ba6,3f22d0e5,3f22c775,636,144375
1092,3d13f291,3f100000,3ba3d70a,3f22d0e5,3f22cabc,636,145250
1093,3d1389b5,3f100000,3ba3d70a,3f22d0e5,3f22c237,636,143500
1094,3d130be1,3f100000,3bc49ba6,3f22d0e5,3f22ac32,635,143208
1095,3d12a305,3f100000,3ba3d70a,3f228f5c,3f22a8eb,635,143792
1096,3d123a2a,3f100000,3ba3d70a,3f228f5c,3f22a066,635,144375
1097,3d11d14e,3f100000,3ba3d70a,3f228f5c,3f2297e1,635,144667
1098,3d116873,3f100000,3ba3d70a,3f228f5c,3f228f5c,635,143500
1099,3d111490,3f100000,3b83126f,3f228f5c,3f229456,635,143500
1100,3d10abb4,3f100000,3ba3d70a,3f228f5c,3f228006,635,143500
1101,3d1042d9,3f100000,3ba3d70a,3f228f5c,3f227781,635,143792
1102,3d0fd9fd,3f100000,3ba3d70a,3f228f5c,3f226efc,635,143209
1103,3d0f7122,3f100000,3ba3d70a,3f228f5c,3f226677,634,142916
1104,3d0f1d3f,3f100000,3b83126f,3f224dd3,3f2264e4,634,143792
1105,3d0eb463,3f100000,3ba3d70a,3f224dd3,3f225094,634,144375
1106,3d0e6080,3f100000,3b83126f,3f224dd3,3f22558e,634,144083
1107,3d0df7a5,3f100000,3ba3d70a,3f224dd3,3f22413e,634,144375
1108,3d0da3c2,3f100000,3b83126f,3f224dd3,3f224638,634,143500
1109,3d0d3ae7,3f100000,3ba3d70a,3f224dd3,3f2231e8,634,143500
1110,3d0ce704,3f100000,3b83126f,3f224dd3,3f2236e2,634,144667
1111,3d0c7e28,3f100000,3ba3d70a,3f224dd3,3f222292,633,144083
1112,3d0c2a45,3f100000,3b83126f,3f220c4a,3f2220ff,633,143208
1113,3d0bd662,3f100000,3b83126f,3f220c4a,3f221a2e,633,144083
1114,3d0b8280,3f100000,3b83126f,3f220c4a,3f22135d,633,143208
1115,3d0b2e9d,3f100000,3b83126f,3f220c4a,3f220c8c,633,143500
1116,3d0adaba,3f100000,3b83126f,3f220c4a,3f2205bb,633,144959
1117,3d0a86d7,3f100000,3b83126f,3f220c4a,3f21feea,633,143209
1118,3d0a32f4,3f100000,3b83126f,3f220c4a,3f21f81a,633,143500
1119,3d09df11,3f100000,3b83126f,3f220c4a,3f21f149,633,144084
1120,3d098b2f,3f100000,3b83126f,3f220c4a,3f21ea78,632,144083
1121,3d09374c,3f100000,3b83126f,3f21cac1,3f21dd19,632,142917
1122,3d08f862,3f100000,3b449ba6,3f21cac1,3f21e3c8,632,143208
1123,3d08a47f,3f100000,3b83126f,3f21cac1,3f21d12c,632,143792
1124,3d086595,3f100000,3b449ba6,3f21cac1,3f21d7db,632,166834
1125,3d0811b2,3f100000,3b83126f,3f21cac1,3f21c53e,632,166833
1126,3d07bdcf,3f100000,3b83126f,3f21cac1,3f21be6d,632,143209
1127,3d077ee5,3f100000,3b449ba6,3f21cac1,3f21c51d,632,143500
1128,3d072b02,3f100000,3b83126f,3f21cac1,3f21b280,632,143500
1129,3d06ec18,3f100000,3b449ba6,3f21cac1,3f21b92f,632,143792
1130,3d069835,3f100000,3b83126f,3f21cac1,3f21a692,631,142625
1131,3d06594b,3f100000,3b449ba6,3f218937,3f21a6b4,631,143208
1132,3d061a61,3f100000,3b449ba6,3f218937,3f21a197,631,143500
1133,3d05c67e,3f100000,3b83126f,3f218937,3f218efa,631,142625
1134,3d058794,3f100000,3b449ba6,3f218937,3f2195aa,631,143792
1135,3d0548aa,3f100000,3b449ba6,3f218937,3f21908d,631,144958
1136,3d0509c0,3f100000,3b449ba6,3f218937,3f218b71,631,143792
1137,3d04cad5,3f100000,3b449ba6,3f218937,3f218654,631,143792
1138,3d0476f3,3f100000,3b83126f,3f218937,3f2173b7,631,143792
1139,3d043809,3f100000,3b449ba6,3f218937,3f217a66,631,144375
1140,3d03f91e,3f100000,3b449ba6,3f218937,3f21754a,631,144083
1141,3d03ba34,3f100000,3b449ba6,3f218937,3f21702d,631,143500
1142,3d037b4a,3f100000,3b449ba6,3f218937,3f216b11,631,143208
1143,3d033c60,3f100000,3b449ba6,3f218937,3f2165f4,630,143792
1144,3d02fd76,3f100000,3b449ba6,3f2147ae,3f215a4a,630,144083
1145,3d02be8c,3f100000,3b449ba6,3f2147ae,3f21552e,630,143208
1146,3d027fa2,3f100000,3b449ba6,3f2147ae,3f215011,630,143500
1147,3d0255b0,3f100000,3b03126f,3f2147ae,3f215875,630,143500
1148,3d0216c6,3f100000,3b449ba6,3f2147ae,3f21478c,630,143792
1149,3d01d7dc,3f100000,3b449ba6,3f2147ae,3f21426f,630,144375
1150,3d0198f2,3f100000,3b449ba6,3f2147ae,3f213d53,630,143500
1151,3d016f00,3f100000,3b03126f,3f2147ae,3f2145b6,630,143500
1152,3d013016,3f100000,3b449ba6,3f2147ae,3f2134ce,630,142625
1153,3d00f12c,3f100000,3b449ba6,3f2147ae,3f212fb1,630,143208
1154,3d00b242,3f100000,3b449ba6,3f2147ae,3f212a95,630,144958
1155,3d008851,3f100000,3b03126f,3f2147ae,3f2132f8,630,143792
1156,3d004966,3f100000,3b449ba6,3f2147ae,3f21220f,629,143208
1157,3d001f75,3f100000,3b03126f,3f210625,3f2123e5,629,143208
1158,3cffc116,3f100000,3b449ba6,3f210625,3f2112fc,629,143500
1159,3cff6d33,3f100000,3b03126f,3f210625,3f211b60,629,143500
1160,3cff1950,3f100000,3b03126f,3f210625,3f2117f8,629,172958
1161,3cfe9b7c,3f100000,3b449ba6,3f210625,3f21070f,629,175875
1162,3cfe4799,3f100000,3b03126f,3f210625,3f210f73,629,172375
1163,3cfdf3b6,3f100000,3b03126f,3f210625,3f210c0a,629,144666
1164,3cfd75e2,3f100000,3b449ba6,3f210625,3f20fb22,629,143792
1165,3cfd21ff,3f100000,3b03126f,3f210625,3f210385,629,142334
1166,3cfcce1c,3f100000,3b03126f,3f210625,3f21001d,629,142625
1167,3cfc5048,3f100000,3b449ba6,3f210625,3f20ef34,629,144959
1168,3cfbfc65,3f100000,3b03126f,3f210625,3f20f798,629,142917
1169,3cfba882,3f100000,3b03126f,3f210625,3f20f42f,629,144084
1170,3cfb54a0,3f100000,3b03126f,3f210625,3f20f0c7,629,143208
1171,3cfad6cb,3f100000,3b449ba6,3f210625,3f20dfde,628,143792
1172,3cfa82e8,3f100000,3b03126f,3f20c49c,3f20e1b4,628,143500
1173,3cfa2f06,3f100000,3b03126f,3f20c49c,3f20de4b,628,143792
1174,3cf9db23,3f100000,3b03126f,3f20c49c,3f20dae3,628,143792
1175,3cf9b131,3f100000,3a83126f,3f20c49c,3f20e4fb,628,143792
1176,3cf95d4f,3f100000,3b03126f,3f20c49c,3f20d5c6,628,143792
1177,3cf9096c,3f100000,3b03126f,3f20c49c,3f20d25e,628,142625
1178,3cf8b589,3f100000,3b03126f,3f20c49c,3f20cef5,628,143792
1179,3cf861a6,3f100000,3b03126f,3f20c49c,3f20cb8d,628,143791
1180,3cf80dc3,3f100000,3b03126f,3f20c49c,3f20c825,628,145250
1181,3cf7b9e0,3f100000,3b03126f,3f20c49c,3f20c4bc,628,143792
1182,3cf765fe,3f100000,3b03126f,3f20c49c,3f20c154,628,144375
1183,3cf7121b,3f100000,3b03126f,3f20c49c,3f20bdeb,628,143500
1184,3cf6be38,3f100000,3b03126f,3f20c49c,3f20ba83,628,144083
1185,3cf69446,3f100000,3a83126f,3f20c49c,3f20c49b,628,144667
1186,3cf64064,3f100000,3b03126f,3f20c49c,3f20b566,628,143500
1187,3cf5ec81,3f100000,3b03126f,3f20c49c,3f20b1fe,628,143500
1188,3cf5989e,3f100000,3b03126f,3f20c49c,3f20ae96,628,142917
1189,3cf544bb,3f100000,3b03126f,3f20c49c,3f20ab2d,628,143500
1190,3cf4f0d8,3f100000,3b03126f,3f20c49c,3f20a7c5,628,144666
1191,3cf49cf5,3f100000,3b03126f,3f20c49c,3f20a45c,628,143500
1192,3cf47304,3f100000,3a83126f,3f20c49c,3f20ae74,628,144083
1193,3cf41f21,3f100000,3b03126f,3f20c49c,3f209f40,627,144083
1194,3cf3cb3e,3f100000,3b03126f,3f208312,3f209549,627,143208
1195,3cf3a14d,3f100000,3a83126f,3f208312,3f209f61,627,143792
1196,3cf34d6a,3f100000,3b03126f,3f208312,3f20902d,627,143791
1197,3cf32379,3f100000,3a83126f,3f208312,3f209a44,627,143209
1198,3cf2cf96,3f100000,3b03126f,3f208312,3f208b10,627,144375
1199,3cf2a5a4,3f100000,3a83126f,3f208312,3f209528,627,143791
1200,3cf251c2,3f100000,3b03126f,3f208312,3f2085f3,627,144375
1201,be8a771d,3ec00000,3a83126f,3f208312,3e91d14e,285,144667
1202,be8980b2,3ec00000,bdc08312,3e91eb85,3e898b2f,269,143500
1203,be887d2c,3ec00000,bdcac083,3e89ba5e,3e89b131,269,143209
1204,be877c46,3ec00000,bdc8b439,3e89ba5e,3e8a1a0c,270,142625
1205,be867dfe,3ec00000,bdc6a7f0,3e8a3d71,3e8a8eb5,271,143208
1206,be857fb7,3ec00000,bdc6a7f0,3e8ac083,3e8b1af4,272,143500
1207,be84840e,3ec00000,bdc49ba6,3e8b4396,3e8b8e4c,273,143792
1208,be838b05,3ec00000,bdc28f5c,3e8bc6a8,3e8c0054,273,145250
1209,be8291fb,3ec00000,bdc28f5c,3e8bc6a8,3e8c7cd9,274,143208
1210,be819b91,3ec00000,bdc08312,3e8c49ba,3e8ced91,275,143500
1211,be80a527,3ec00000,bdc08312,3e8ccccd,3e8d75e2,276,143208
1212,be7f62b7,3ec00000,bdbe76c9,3e8d4fdf,3e8de54b,277,142917
1213,be7d805e,3ec00000,bdbc6a7f,3e8dd2f2,3e8e5365,278,143791
1214,be7b9e06,3ec00000,bdbc6a7f,3e8e5604,3e8ed917,279,143792
1215,be79c0ec,3ec00000,bdba5e35,3e8ed917,3e8f45e1,280,143500
1216,be77e910,3ec00000,bdb851ec,3e8f5c29,3e8fb15c,281,143209
1217,be761134,3ec00000,bdb851ec,3e8fdf3b,3e90346e,282,143500
1218,be743e96,3ec00000,bdb645a2,3e90624e,3e909e99,282,142917
1219,be726bf8,3ec00000,bdb645a2,3e90624e,3e911341,283,143791
1220,be709e99,3ec00000,bdb43958,3e90e560,3e917c1b,284,143792
1221,be6ed677,3ec00000,bdb22d0e,3e916873,3e91e3a8,285,144084
1222,be6d0e56,3ec00000,bdb22d0e,3e91eb85,3e9262cc,286,144375
1223,be6b4b73,3ec00000,bdb020c5,3e926e98,3e92c908,287,144083
1224,be698890,3ec00000,bdb020c5,3e92f1aa,3e9346dc,288,143792
1225,be67caea,3ec00000,bdae147b,3e9374bc,3e93abca,288,144666
1226,be660d45,3ec00000,bdae147b,3e9374bc,3e941b33,289,143791
1227,be6454de,3ec00000,bdac0831,3e93f7cf,3e947ed0,290,144375
1228,be62a1b6,3ec00000,bda9fbe7,3e947ae1,3e94e11e,291,143500
1229,be60ee8d,3ec00000,bda9fbe7,3e94fdf4,3e955b03,292,142917
1230,be5f40a3,3ec00000,bda7ef9e,3e958106,3e95bc02,292,143500
1231,be5d92b8,3ec00000,bda7ef9e,3e958106,3e96277c,293,143500
1232,be5bea0c,3ec00000,bda5e354,3e960419,3e96872b,294,144375
1233,be5a415f,3ec00000,bda5e354,3e96872b,3e96fe72,295,144083
1234,be589df1,3ec00000,bda3d70a,3e970a3d,3e975cd1,296,144083
1235,be56ffc1,3ec00000,bda1cac1,3e978d50,3e97b9e0,296,143500
1236,be556191,3ec00000,bda1cac1,3e978d50,3e98216c,297,143208
1237,be53c361,3ec00000,bda1cac1,3e981062,3e989614,298,143500
1238,be522a6f,3ec00000,bd9fbe77,3e989375,3e98f1d5,299,170042
1239,be5096bc,3ec00000,bd9db22d,3e991687,3e994c45,299,169459
1240,be4f0308,3ec00000,bd9db22d,3e991687,3e99b132,300,143792
1241,be4d7492,3ec00000,bd9ba5e3,3e99999a,3e9a0a53,301,154875
1242,be4be61d,3ec00000,bd9ba5e3,3e9a1cac,3e9a7b0b,302,143791
1243,be4a5ce6,3ec00000,bd99999a,3e9a9fbe,3e9ad2dd,302,143500
1244,be48d3ae,3ec00000,bd99999a,3e9a9fbe,3e9b352b,303,143791
1245,be474a77,3ec00000,bd99999a,3e9b22d1,3e9ba494,304,142916
1246,be45c67e,3ec00000,bd978d50,3e9ba5e3,3e9bfb16,305,145250
1247,be4447c3,3ec00000,bd958106,3e9c28f6,3e9c5048,305,142916
1248,be42c908,3ec00000,bd958106,3e9c28f6,3e9caff7,306,144083
1249,be414f8b,3ec00000,bd9374bc,3e9cac08,3e9d03da,307,144375
1250,be3fd60f,3ec00000,bd9374bc,3e9d2f1b,3e9d6f54,307,144084
1251,be3e61d0,3ec00000,bd916873,3e9d2f1b,3e9db4cc,308,144375
1252,be3ced91,3ec00000,bd916873,3e9db22d,3e9e1ef8,309,144375
1253,be3b7953,3ec00000,bd916873,3e9e353f,3e9e8923,310,143791
1254,be3a0a52,3ec00000,bd8f5c29,3e9eb852,3e9eda66,310,144667
1255,be38a090,3ec00000,bd8d4fdf,3e9eb852,3e9f1d3f,311,144375
1256,be3736ce,3ec00000,bd8d4fdf,3e9f3b64,3e9f84cb,312,143792
1257,be35cd0c,3ec00000,bd8d4fdf,3e9fbe77,3e9fec57,312,144084
1258,be346888,3ec00000,bd8b4396,3e9fbe77,3ea02de0,313,143791
1259,be330942,3ec00000,bd89374c,3ea04189,3ea07b35,313,144375
1260,be31a4be,3ec00000,bd8b4396,3ea04189,3ea0ebee,314,143792
1261,be304ab6,3ec00000,bd872b02,3ea0c49c,3ea1205c,315,143791
1262,be2eeb70,3ec00000,bd89374c,3ea147ae,3ea19ce0,316,144375
1263,be2d96a7,3ec00000,bd851eb8,3ea1cac1,3ea1cfff,316,143500
1264,be2c3c9f,3ec00000,bd872b02,3ea1cac1,3ea23e19,317,143792
1265,be2ae7d5,3ec00000,bd851eb8,3ea24dd3,3ea288cf,317,143208
1266,be29984a,3ec00000,bd83126f,3ea24dd3,3ea2c51a,318,144375
1267,be2848bf,3ec00000,bd83126f,3ea2d0e5,3ea32618,319,144083
1268,be26f933,3ec00000,bd83126f,3ea353f8,3ea38716,319,143792
1269,be25aee6,3ec00000,bd810625,3ea353f8,3ea3c211,320,143791
1270,be246499,3ec00000,bd810625,3ea3d70a,3ea421c0,321,144084
1271,be231f8a,3ec00000,bd7df3b6,3ea45a1d,3ea46887,321,143208
1272,be21da7b,3ec00000,bd7df3b6,3ea45a1d,3ea4b9cb,322,144083
1273,be20956c,3ec00000,bd7df3b6,3ea4dd2f,3ea5182b,322,144083
1274,be1f559b,3ec00000,bd79db23,3ea4dd2f,3ea55088,323,144084
1275,be1e1b09,3ec00000,bd75c28f,3ea56042,3ea594af,323,143500
1276,be1cdb38,3ec00000,bd79db23,3ea56042,3ea5fc3b,324,144375
1277,be1ba0a5,3ec00000,bd75c28f,3ea5e354,3ea64064,325,144083
1278,be1a6b51,3ec00000,bd71a9fc,3ea66666,3ea6833c,325,143209
1279,be1935fc,3ec00000,bd71a9fc,3ea66666,3ea6d092,326,144375
1280,be1800a8,3ec00000,bd71a9fc,3ea6e979,3ea72b02,327,143792
1281,be16d091,3ec00000,bd6d9168,3ea76c8b,3ea76c8b,327,144667
1282,be15a07b,3ec00000,bd6d9168,3ea76c8b,3ea7b891,328,143792
1283,be1475a3,3ec00000,bd6978d5,3ea7ef9e,3ea7f8ca,328,144375
1284,be13458d,3ec00000,bd6d9168,3ea7ef9e,3ea85c67,329,144959
1285,be121ff3,3ec00000,bd656042,3ea872b0,3ea883bb,329,145250
1286,be10f51b,3ec00000,bd6978d5,3ea872b0,3ea8e608,330,144375
1287,be0fcf81,3ec00000,bd656042,3ea8f5c3,3ea924f2,330,145250
1288,be0eaf25,3ec00000,bd6147ae,3ea8f5c3,3ea95571,331,144084
1289,be0d8ec9,3ec00000,bd6147ae,3ea978d5,3ea9aaa4,331,144083
1290,be0c6e6e,3ec00000,bd6147ae,3ea978d5,3ea9f2bb,332,144375
1291,be0b4e12,3ec00000,bd6147ae,3ea9fbe7,3eaa47ed,333,144666
1292,be0a32f4,3ec00000,bd5d2f1b,3eaa7efa,3eaa8439,333,144084
1293,be0917d7,3ec00000,bd5d2f1b,3eaa7efa,3eaacb00,334,144958
1294,be0801f7,3ec00000,bd591687,3eab020c,3eab05fb,334,145542
1295,be06ec18,3ec00000,bd591687,3eab020c,3eab4b72,335,143791
1296,be05db77,3ec00000,bd54fdf4,3eab851f,3eab8520,335,144667
1297,be04c597,3ec00000,bd591687,3eab851f,3eabe22f,336,143208
1298,be03b4f6,3ec00000,bd54fdf4,3eac0831,3eac1bdb,336,143500
1299,be02a993,3ec00000,bd50e560,3eac0831,3eac471c,336,143500
1300,be0198f2,3ec00000,bd54fdf4,3eac0831,3eaca2dc,337,143791
1301,be008d8f,3ec00000,bd50e560,3eac8b44,3eacdb38,338,144667
1302,bdff0ed4,3ec00000,bd4ccccd,3ead0e56,3ead1245,338,143500
1303,bdfd028a,3ec00000,bd4ccccd,3ead0e56,3ead53ce,339,144084
1304,bdfaf640,3ec00000,bd4ccccd,3ead9168,3eada272,339,168584
1305,bdf8e9f7,3ec00000,bd4ccccd,3ead9168,3eade3fc,340,164208
1306,bdf6e829,3ec00000,bd48b439,3eae147b,3eae19b9,340,143792
1307,bdf4e65c,3ec00000,bd48b439,3eae147b,3eae59f3,341,144083
1308,bdf2ef0b,3ec00000,bd449ba6,3eae978d,3eae8e60,341,143208
1309,bdf0f7ba,3ec00000,bd449ba6,3eae978d,3eaecd4a,341,144375
1310,bdeef5ed,3ec00000,bd48b439,3eae978d,3eaf251c,342,143791
1311,bded0918,3ec00000,bd408312,3eaf1aa0,3eaf40a3,342,143791
1312,bdeb11c7,3ec00000,bd449ba6,3eaf1aa0,3eaf9725,343,143500
1313,bde92f6f,3ec00000,bd3c6a7f,3eaf9db2,3eafb15c,343,144375
1314,bde7429a,3ec00000,bd408312,3eaf9db2,3eb0068d,344,144958
1315,bde56042,3ec00000,bd3c6a7f,3eb020c5,3eb0385d,344,144375
1316,bde37de9,3ec00000,bd3c6a7f,3eb020c5,3eb074a8,345,144375
1317,bde19b91,3ec00000,bd3c6a7f,3eb0a3d7,3eb0be0e,345,144083
1318,bddfb939,3ec00000,bd3c6a7f,3eb0a3d7,3eb0fa59,346,145250
1319,bddde15d,3ec00000,bd3851ec,3eb126e9,3eb12ad8,346,144375
1320,bddc13fd,3ec00000,bd343958,3eb126e9,3eb14cec,346,144667
1321,bdda3c21,3ec00000,bd3851ec,3eb126e9,3eb19f7f,347,144083
1322,bdd86ec1,3ec00000,bd343958,3eb1a9fc,3eb1ceaf,347,144083
1323,bdd6a162,3ec00000,bd343958,3eb1a9fc,3eb2085b,348,143792
1324,bdd4d402,3ec00000,bd343958,3eb22d0e,3eb24f22,348,144083
1325,bdd3111f,3ec00000,bd3020c5,3eb22d0e,3eb26fe7,349,145542
1326,bdd14e3c,3ec00000,bd3020c5,3eb2b021,3eb2b55f,349,144083
1327,bdcf8b59,3ec00000,bd3020c5,3eb2b021,3eb2edbb,349,143792
1328,bdcdd2f2,3ec00000,bd2c0831,3eb2b021,3eb30d31,350,144084
1329,bdcc1a8b,3ec00000,bd2c0831,3eb33333,3eb35159,350,144083
1330,bdca6224,3ec00000,bd2c0831,3eb33333,3eb38866,351,144667
1331,bdc8a9bd,3ec00000,bd2c0831,3eb3b646,3eb3cc8f,351,144375
1332,bdc6fbd2,3ec00000,bd27ef9e,3eb3b646,3eb3eab4,351,144083
1333,bdc54de8,3ec00000,bd27ef9e,3eb3b646,3eb42072,352,143792
1334,bdc39ffd,3ec00000,bd27ef9e,3eb43958,3eb4634a,352,144083
1335,bdc1fc8f,3ec00000,bd23d70a,3eb43958,3eb48020,353,143209
1336,bdc05921,3ec00000,bd23d70a,3eb4bc6a,3eb4c1a8,353,144959
1337,bdbeb5b3,3ec00000,bd23d70a,3eb4bc6a,3eb4f616,353,143792
1338,bdbd1245,3ec00000,bd23d70a,3eb4bc6a,3eb52a84,354,143209
1339,bdbb7953,3ec00000,bd1fbe77,3eb53f7d,3eb55326,354,144666
1340,bdb9d5e5,3ec00000,bd23d70a,3eb53f7d,3eb59f2c,355,173250
1341,bdb8476f,3ec00000,bd1ba5e3,3eb5c28f,3eb5aee6,355,179958
1342,bdb6ae7d,3ec00000,bd1fbe77,3eb5c28f,3eb5f99c,355,170334
1343,bdb52008,3ec00000,bd1ba5e3,3eb5c28f,3eb613d3,356,143792
1344,bdb39192,3ec00000,bd1ba5e3,3eb645a2,3eb652bd,356,144083
1345,bdb2031d,3ec00000,bd1ba5e3,3eb645a2,3eb6848c,356,145250
1346,bdb074a7,3ec00000,bd1ba5e3,3eb645a2,3eb6b65b,357,144959
1347,bdaef0ae,3ec00000,bd178d50,3eb6c8b4,3eb6dc5e,357,144959
1348,bdad6cb5,3ec00000,bd178d50,3eb6c8b4,3eb70cdd,358,144959
1349,bdabe8bc,3ec00000,bd178d50,3eb74bc7,3eb74a78,358,144083
1350,bdaa64c3,3ec00000,bd178d50,3eb74bc7,3eb77af7,358,143500
1351,bda8eb46,3ec00000,bd1374bc,3eb74bc7,3eb7928f,359,142917
1352,bda771c9,3ec00000,bd1374bc,3eb7ced9,3eb7ced9,359,144083
1353,bda5f84d,3ec00000,bd1374bc,3eb7ced9,3eb7fe09,359,144667
1354,bda47ed0,3ec00000,bd1374bc,3eb7ced9,3eb82d38,360,144084
1355,bda30fd0,3ec00000,bd0f5c29,3eb851ec,3eb8509c,360,144375
1356,bda1a0cf,3ec00000,bd0f5c29,3eb851ec,3eb87e7d,360,143500
1357,bda031cf,3ec00000,bd0f5c29,3eb851ec,3eb8ac5d,361,143500
1358,bd9ecd4b,3ec00000,bd0b4396,3eb8d4fe,3eb8ce70,361,144084
1359,bd9d5e4a,3ec00000,bd0f5c29,3eb8d4fe,3eb913e8,361,143792
1360,bd9bf9c6,3ec00000,bd0b4396,3eb8d4fe,3eb928e1,362,145541
1361,bd9a9542,3ec00000,bd0b4396,3eb95810,3eb9628c,362,143791
1362,bd9930be,3ec00000,bd0b4396,3eb95810,3eb98f1d,362,143209
1363,bd97d6b6,3ec00000,bd072b02,3eb95810,3eb9a2c6,363,143500
1364,bd967232,3ec00000,bd0b4396,3eb9db23,3eb9f40a,363,143500
1365,bd95182b,3ec00000,bd072b02,3eb9db23,3eba07b3,363,144375
1366,bd93be23,3ec00000,bd072b02,3eb9db23,3eba32f4,364,143209
1367,bd926e98,3ec00000,bd03126f,3eba5e35,3eba526a,364,143208
1368,bd911f0c,3ec00000,bd03126f,3eba5e35,3eba7c5b,364,144083
1369,bd8fc505,3ec00000,bd072b02,3eba5e35,3ebabf33,365,144375
1370,bd8e7579,3ec00000,bd03126f,3ebae148,3ebadea9,365,144375
1371,bd8d306a,3ec00000,bcfdf3b6,3ebae148,3ebaefb3,365,143791
1372,bd8be0df,3ec00000,bd03126f,3ebae148,3ebb313d,366,143208
1373,bd8a9bd0,3ec00000,bcfdf3b6,3ebb645a,3ebb4f61,366,142916
1374,bd8956c1,3ec00000,bcfdf3b6,3ebb645a,3ebb7803,366,142917
1375,bd8811b2,3ec00000,bcfdf3b6,3ebb645a,3ebba0a5,366,143792
1376,bd86cca3,3ec00000,bcfdf3b6,3ebb645a,3ebbc947,367,142916
1377,bd859210,3ec00000,bcf5c28f,3ebbe76d,3ebbe61d,367,144084
1378,bd844d01,3ec00000,bcfdf3b6,3ebbe76d,3ebc2657,367,142917
1379,bd83126f,3ec00000,bcf5c28f,3ebbe76d,3ebc3612,368,143500
1380,bd81e258,3ec00000,bced9168,3ebc6a7f,3ebc5198,368,142625
1381,bd80a7c6,3ec00000,bcf5c28f,3ebc6a7f,3ebc9082,368,143792
1382,bd7eda66,3ec00000,bcf5c28f,3ebc6a7f,3ebcb7d4,369,143209
1383,bd7c7a3a,3ec00000,bced9168,3ebced91,3ebcd35b,369,143500
1384,bd7a1a0d,3ec00000,bced9168,3ebced91,3ebcf95e,369,143500
1385,bd77b9e0,3ec00000,bced9168,3ebced91,3ebd1f60,369,144083
1386,bd756ead,3ec00000,bce56042,3ebced91,3ebd2c7c,369,143500
1387,bd730e80,3ec00000,bced9168,3ebced91,3ebd6a16,370,143500
1388,bd70c34c,3ec00000,bce56042,3ebd70a4,3ebd844d,370,144084
1389,bd6e6320,3ec00000,bced9168,3ebd70a4,3ebdc1e7,371,143500
1390,bd6c2ce4,3ec00000,bcdd2f1b,3ebdf3b6,3ebdc337,371,143500
1391,bd69e1b1,3ec00000,bce56042,3ebdf3b6,3ebdff81,371,143792
1392,bd67ab75,3ec00000,bcdd2f1b,3ebdf3b6,3ebe0b4e,371,143500
1393,bd656042,3ec00000,bce56042,3ebdf3b6,3ebe4798,372,143208
1394,bd632a06,3ec00000,bcdd2f1b,3ebe76c9,3ebe6081,372,143791
1395,bd60f3cb,3ec00000,bcdd2f1b,3ebe76c9,3ebe83e5,372,144375
1396,bd5ebd90,3ec00000,bcdd2f1b,3ebe76c9,3ebea749,372,144084
1397,bd5c9c4e,3ec00000,bcd4fdf4,3ebe76c9,3ebeb1c5,372,143208
1398,bd5a6613,3ec00000,bcdd2f1b,3ebe76c9,3ebeecc0,373,144084
1399,bd5844d0,3ec00000,bcd4fdf4,3ebef9db,3ebf0458,373,143209
1400,bd56238e,3ec00000,bcd4fdf4,3ebef9db,3ebf266c,373,142916
1401,bd54024b,3ec00000,bcd4fdf4,3ebef9db,3ebf4880,374,144084
1402,bd51e109,3ec00000,bcd4fdf4,3ebf7cee,3ebf77b0,374,144666
1403,bd4fbfc6,3ec00000,bcd4fdf4,3ebf7cee,3ebf99c4,374,143500
1404,bd4db37d,3ec00000,bccccccd,3ebf7cee,3ebfa2f1,374,143791
1405,bd4ba733,3ec00000,bccccccd,3ebf7cee,3ebfc3b5,375,143500
1406,bd499ae9,3ec00000,bccccccd,3ec00000,3ebff195,375,144083
1407,bd478e9f,3ec00000,bccccccd,3ec00000,3ec0125a,375,144666
1408,bd458256,3ec00000,bccccccd,3ec00000,3ec0331e,375,143500
1409,bd438b05,3ec00000,bcc49ba6,3ec00000,3ec03afb,375,143209
1410,bd417ebb,3ec00000,bccccccd,3ec00000,3ec07358,376,144083
1411,bd3f876a,3ec00000,bcc49ba6,3ec08312,3ec08851,376,143208
1412,bd3d9019,3ec00000,bcc49ba6,3ec08312,3ec0a7c6,376,143500
1413,bd3b98c8,3ec00000,bcc49ba6,3ec08312,3ec0c73b,377,145250
1414,bd39a177,3ec00000,bcc49ba6,3ec10625,3ec0f3cb,377,144375
1415,bd37bf1f,3ec00000,bcbc6a7f,3ec10625,3ec0fa59,377,143500
1416,bd35c7ce,3ec00000,bcc49ba6,3ec10625,3ec13166,377,142917
1417,bd33e575,3ec00000,bcbc6a7f,3ec10625,3ec137f3,377,143209
1418,bd32031d,3ec00000,bcbc6a7f,3ec10625,3ec15619,378,144375
1419,bd3020c5,3ec00000,bcbc6a7f,3ec18937,3ec1815a,378,144083
1420,bd2e3e6c,3ec00000,bcbc6a7f,3ec18937,3ec19f80,378,143500
1421,bd2c5c14,3ec00000,bcbc6a7f,3ec18937,3ec1bda5,378,170917
1422,bd2a8eb4,3ec00000,bcb43958,3ec18937,3ec1c2e4,378,171792
1423,bd28ac5c,3ec00000,bcbc6a7f,3ec18937,3ec1f8a1,379,146709
1424,bd26defc,3ec00000,bcb43958,3ec20c4a,3ec20afb,379,144084
1425,bd25119d,3ec00000,bcb43958,3ec20c4a,3ec227d1,379,143792
1426,bd23443d,3ec00000,bcb43958,3ec20c4a,3ec244a7,379,143208
1427,bd2176de,3ec00000,bcb43958,3ec20c4a,3ec2617d,380,143208
1428,bd1fbe77,3ec00000,bcac0831,3ec28f5c,3ec27286,380,143209
1429,bd1e0610,3ec00000,bcac0831,3ec28f5c,3ec28e0d,380,143792
1430,bd1c38b0,3ec00000,bcb43958,3ec28f5c,3ec2c27b,380,143500
1431,bd1a8049,3ec00000,bcac0831,3ec28f5c,3ec2c669,380,144083
1432,bd18c7e3,3ec00000,bcac0831,3ec28f5c,3ec2e1ef,381,144084
1433,bd170f7c,3ec00000,bcac0831,3ec3126f,3ec30a92,381,143209
1434,bd155715,3ec00000,bcac0831,3ec3126f,3ec32618,381,144375
1435,bd13b3a7,3ec00000,bca3d70a,3ec3126f,3ec328b7,381,143792
1436,bd11fb40,3ec00000,bcac0831,3ec3126f,3ec35bd5,382,144083
1437,bd1057d1,3ec00000,bca3d70a,3ec39581,3ec36b8f,382,143209
1438,bd0eb463,3ec00000,bca3d70a,3ec39581,3ec385c6,382,143791
1439,bd0d10f5,3ec00000,bca3d70a,3ec39581,3ec39ffd,382,144084
1440,bd0b6d87,3ec00000,bca3d70a,3ec39581,3ec3ba34,382,144667
1441,bd09ca19,3ec00000,bca3d70a,3ec39581,3ec3d46b,382,142917
1442,bd0826ab,3ec00000,bca3d70a,3ec39581,3ec3eea2,383,143791
1443,bd069835,3ec00000,bc9ba5e3,3ec41893,3ec3fd0d,383,143500
1444,bd0509c0,3ec00000,bc9ba5e3,3ec41893,3ec415f4,383,144667
1445,bd036651,3ec00000,bca3d70a,3ec41893,3ec447c3,383,144667
1446,bd01d7dc,3ec00000,bc9ba5e3,3ec41893,3ec44913,383,144084
1447,bd004966,3ec00000,bc9ba5e3,3ec41893,3ec461fa,384,144958
1448,bcfd75e2,3ec00000,bc9ba5e3,3ec49ba6,3ec487fc,384,144083
1449,bcfa82e8,3ec00000,bc9374bc,3ec49ba6,3ec487fc,384,144667
1450,bcf765fe,3ec00000,bc9ba5e3,3ec49ba6,3ec4b87c,384,144375
1451,bcf47304,3ec00000,bc9374bc,3ec49ba6,3ec4b87b,384,143500
1452,bcf15619,3ec00000,bc9ba5e3,3ec49ba6,3ec4e8fb,385,143500
1453,bcee6320,3ec00000,bc9374bc,3ec51eb8,3ec4f617,385,144375
1454,bceb7026,3ec00000,bc9374bc,3ec51eb8,3ec50dae,385,144083
1455,bce87d2c,3ec00000,bc9374bc,3ec51eb8,3ec52546,385,144084
1456,bce58a33,3ec00000,bc9374bc,3ec51eb8,3ec53cde,385,143792
1457,bce29739,3ec00000,bc9374bc,3ec51eb8,3ec55476,385,143500
1458,bcdfce31,3ec00000,bc8b4396,3ec51eb8,3ec55327,385,144375
1459,bcdcdb38,3ec00000,bc9374bc,3ec51eb8,3ec58256,386,143792
1460,bcda1230,3ec00000,bc8b4396,3ec5a1cb,3ec58e22,386,144667
1461,bcd74928,3ec00000,bc8b4396,3ec5a1cb,3ec5a46a,386,143792
1462,bcd4562e,3ec00000,bc9374bc,3ec5a1cb,3ec5d399,386,144083
1463,bcd18d26,3ec00000,bc8b4396,3ec5a1cb,3ec5d24a,386,144666
1464,bccec41e,3ec00000,bc8b4396,3ec5a1cb,3ec5e893,387,144084
1465,bccbfb16,3ec00000,bc8b4396,3ec624dd,3ec60bf7,387,144375
1466,bcc95bff,3ec00000,bc83126f,3ec624dd,3ec60958,387,144084
1467,bcc692f7,3ec00000,bc8b4396,3ec624dd,3ec63738,387,142916
1468,bcc3f3e0,3ec00000,bc83126f,3ec624dd,3ec63499,387,144667
1469,bcc12ad8,3ec00000,bc8b4396,3ec624dd,3ec66279,387,143500
1470,bcbe8bc1,3ec00000,bc83126f,3ec624dd,3ec65fd9,387,143791
1471,bcbbecab,3ec00000,bc83126f,3ec624dd,3ec674d2,388,143500
1472,bcb94d94,3ec00000,bc83126f,3ec6a7f0,3ec696e6,388,144083
1473,bcb6ae7d,3ec00000,bc83126f,3ec6a7f0,3ec6abdf,388,144375
1474,bcb40f67,3ec00000,bc83126f,3ec6a7f0,3ec6c0d7,388,144083
1475,bcb17050,3ec00000,bc83126f,3ec6a7f0,3ec6d5d0,388,144083
1476,bcaefb2b,3ec00000,bc75c28f,3ec6a7f0,3ec6d1e1,388,143208
1477,bcac5c14,3ec00000,bc83126f,3ec6a7f0,3ec6fe72,389,144375
1478,bca9e6ef,3ec00000,bc75c28f,3ec72b02,3ec7079e,389,144667
1479,bca771c9,3ec00000,bc75c28f,3ec72b02,3ec71b47,389,143791
1480,bca4d2b3,3ec00000,bc83126f,3ec72b02,3ec747d8,389,143792
1481,bca25d8d,3ec00000,bc75c28f,3ec72b02,3ec743e9,389,144666
1482,bc9fe868,3ec00000,bc75c28f,3ec72b02,3ec75792,389,142916
1483,bc9d7343,3ec00000,bc75c28f,3ec72b02,3ec76b3b,389,143791
1484,bc9afe1e,3ec00000,bc75c28f,3ec72b02,3ec77ee5,390,143208
1485,bc98b2ea,3ec00000,bc656042,3ec7ae14,3ec786c2,390,143792
1486,bc963dc5,3ec00000,bc75c28f,3ec7ae14,3ec7b203,390,143500
1487,bc93f291,3ec00000,bc656042,3ec7ae14,3ec7acc5,390,144083
1488,bc917d6b,3ec00000,bc75c28f,3ec7ae14,3ec7d806,390,167708
1489,bc8f3238,3ec00000,bc656042,3ec7ae14,3ec7d2c8,390,164500
1490,bc8ce704,3ec00000,bc656042,3ec7ae14,3ec7e521,390,144375
1491,bc8a71de,3ec00000,bc75c28f,3ec7ae14,3ec81063,391,143208
1492,bc88509c,3ec00000,bc54fdf4,3ec83127,3ec7ff58,391,143208
1493,bc860568,3ec00000,bc656042,3ec83127,3ec82949,391,143208
1494,bc83ba34,3ec00000,bc656042,3ec83127,3ec83ba3,391,143208
1495,bc816f00,3ec00000,bc656042,3ec83127,3ec84dfc,391,144958
1496,bc7e4799,3ec00000,bc656042,3ec83127,3ec86056,391,144084
1497,bc7a0514,3ec00000,bc54fdf4,3ec83127,3ec859c8,391,144084
1498,bc756ead,3ec00000,bc656042,3ec83127,3ec883ba,392,143208
1499,bc712c28,3ec00000,bc54fdf4,3ec8b439,3ec88a48,392,143500
1500,bc6ce9a3,3ec00000,bc54fdf4,3ec8b439,3ec89b52,392,144959
1501,bc68a71e,3ec00000,bc54fdf4,3ec8b439,3ec8ac5c,392,144959
1502,bc646499,3ec00000,bc54fdf4,3ec8b439,3ec8bd66,392,144375
1503,bc602214,3ec00000,bc54fdf4,3ec8b439,3ec8ce70,392,144667
1504,bc5bdf8f,3ec00000,bc54fdf4,3ec8b439,3ec8df7a,392,144666
1505,bc579d0a,3ec00000,bc54fdf4,3ec8b439,3ec8f084,392,144375
1506,bc535a86,3ec00000,bc54fdf4,3ec8b439,3ec9018e,393,144083
1507,bc4f1801,3ec00000,bc54fdf4,3ec9374c,3ec91fb3,393,144375
1508,bc4b295f,3ec00000,bc449ba6,3ec9374c,3ec917d7,393,143792
1509,bc46e6da,3ec00000,bc54fdf4,3ec9374c,3ec94078,393,144375
1510,bc42f838,3ec00000,bc449ba6,3ec9374c,3ec9389c,393,144667
1511,bc3f0996,3ec00000,bc449ba6,3ec9374c,3ec94856,393,143792
1512,bc3ac711,3ec00000,bc54fdf4,3ec9374c,3ec970f7,393,143792
1513,bc36d86f,3ec00000,bc449ba6,3ec9374c,3ec9691b,393,143791
1514,bc32e9cd,3ec00000,bc449ba6,3ec9374c,3ec978d5,394,143500
1515,bc2efb2b,3ec00000,bc449ba6,3ec9ba5e,3ec995ac,394,144667
1516,bc2b0c89,3ec00000,bc449ba6,3ec9ba5e,3ec9a566,394,144375
1517,bc271de7,3ec00000,bc449ba6,3ec9ba5e,3ec9b521,394,143792
1518,bc238327,3ec00000,bc343958,3ec9ba5e,3ec9abf4,394,144083
1519,bc1f9485,3ec00000,bc449ba6,3ec9ba5e,3ec9d346,394,143208
1520,bc1ba5e3,3ec00000,bc449ba6,3ec9ba5e,3ec9e301,394,144667
1521,bc180b24,3ec00000,bc343958,3ec9ba5e,3ec9d9d4,394,144084
1522,bc141c82,3ec00000,bc449ba6,3ec9ba5e,3eca0126,395,143792
1523,bc1081c3,3ec00000,bc343958,3eca3d71,3eca0514,395,144958
1524,bc0ce704,3ec00000,bc343958,3eca3d71,3eca137f,395,143500
1525,bc094c44,3ec00000,bc343958,3eca3d71,3eca21ea,395,178792
1526,bc05b185,3ec00000,bc343958,3eca3d71,3eca3055,395,169750
1527,bc0216c6,3ec00000,bc343958,3eca3d71,3eca3ec0,395,142916
1528,bbfcf80e,3ec00000,bc343958,3eca3d71,3eca4d2b,395,144375
1529,bbf5c28f,3ec00000,bc343958,3eca3d71,3eca5b96,395,143208
1530,bbee8d11,3ec00000,bc343958,3eca3d71,3eca6a01,395,144083
1531,bbe75793,3ec00000,bc343958,3eca3d71,3eca786c,395,145542
1532,bbe02214,3ec00000,bc343958,3eca3d71,3eca86d7,396,144375
1533,bbd9945b,3ec00000,bc23d70a,3ecac083,3eca8977,396,143208
1534,bbd25edd,3ec00000,bc343958,3ecac083,3ecaaf7a,396,143208
1535,bbcbd124,3ec00000,bc23d70a,3ecac083,3ecaa4fd,396,143209
1536,bbc5436c,3ec00000,bc23d70a,3ecac083,3ecab219,396,143500
1537,bbbe0ded,3ec00000,bc343958,3ecac083,3ecad81c,396,145250
1538,bbb78034,3ec00000,bc23d70a,3ecac083,3ecacd9f,396,143500
1539,bbb0f27c,3ec00000,bc23d70a,3ecac083,3ecadabb,396,143792
1540,bba9bcfd,3ec00000,bc343958,3ecac083,3ecb00be,396,143500
1541,bba32f45,3ec00000,bc23d70a,3ecac083,3ecaf641,396,144375
1542,bb9ca18c,3ec00000,bc23d70a,3ecac083,3ecb035c,397,143500
1543,bb9613d3,3ec00000,bc23d70a,3ecb4396,3ecb1d93,397,144667
1544,bb902de0,3ec00000,bc1374bc,3ecb4396,3ecb11c7,397,144083
1545,bb89a027,3ec00000,bc23d70a,3ecb4396,3ecb367a,397,143500
1546,bb83126f,3ec00000,bc23d70a,3ecb4396,3ecb4396,397,143208
1547,bb7a58f7,3ec00000,bc1374bc,3ecb4396,3ecb37ca,397,144084
1548,bb6d3d86,3ec00000,bc23d70a,3ecb4396,3ecb5c7d,397,144083
1549,bb602214,3ec00000,bc23d70a,3ecb4396,3ecb6998,397,144375
1550,bb54562e,3ec00000,bc1374bc,3ecb4396,3ecb5dcc,397,144083
1551,bb473abd,3ec00000,bc23d70a,3ecb4396,3ecb8280,397,143208
1552,bb3b6ed6,3ec00000,bc1374bc,3ecb4396,3ecb76b4,397,144375
1553,bb2fa2f0,3ec00000,bc1374bc,3ecb4396,3ecb8280,397,144667
1554,bb22877f,3ec00000,bc23d70a,3ecb4396,3ecba733,398,143792
1555,bb16bb99,3ec00000,bc1374bc,3ecbc6a8,3ecba882,398,143208
1556,bb0aefb3,3ec00000,bc1374bc,3ecbc6a8,3ecbb44e,398,143791
1557,bafe4799,3ec00000,bc1374bc,3ecbc6a8,3ecbc01a,398,143792
1558,bae6afcd,3ec00000,bc1374bc,3ecbc6a8,3ecbcbe6,398,143792
1559,bacf1801,3ec00000,bc1374bc,3ecbc6a8,3ecbd7b1,398,143500
1560,bab78034,3ec00000,bc1374bc,3ecbc6a8,3ecbe37d,398,143208
1561,baa2877f,3ec00000,bc03126f,3ecbc6a8,3ecbd662,398,142625
1562,ba8aefb3,3ec00000,bc1374bc,3ecbc6a8,3ecbf9c6,398,143792
1563,ba66afcd,3ec00000,bc1374bc,3ecbc6a8,3ecc0592,398,143792
1564,ba378034,3ec00000,bc1374bc,3ecbc6a8,3ecc115d,399,143500
1565,ba0d8ec9,3ec00000,bc03126f,3ecc49ba,3ecc115e,399,142917
1566,b9bcbe62,3ec00000,bc1374bc,3ecc49ba,3ecc34c2,399,143209
1567,b951b717,3ec00000,bc03126f,3ecc49ba,3ecc27a6,399,143792
1568,b827c5ac,3ec00000,bc03126f,3ecc49ba,3ecc3222,399,143792
1569,3912ccf7,3ec00000,bc1374bc,3ecc49ba,3ecc6434,399,144375
1570,399d4952,3ec00000,bc03126f,3ecc49ba,3ecc67e0,399,144375
1571,39f12c28,3ec00000,bc03126f,3ecc49ba,3ecc8323,399,144083
1572,3a22877f,3ec00000,bc03126f,3ecc49ba,3ecc9e66,400,144084
1573,3a4c78ea,3ec00000,bc03126f,3ecccccd,3eccc6c5,400,143500
1574,3a766a55,3ec00000,bc03126f,3ecccccd,3ecce208,400,145542
1575,3a902de0,3ec00000,bc03126f,3ecccccd,3eccfd4b,400,144375
1576,3aa52696,3ec00000,bc03126f,3ecccccd,3ecd188f,401,143208
1577,3ab78034,3ec00000,bbe56042,3ecd4fdf,3ecd25ef,401,143500
1578,3ac9d9d3,3ec00000,bbe56042,3ecd4fdf,3ecd3dc9,401,143791
1579,3aded289,3ec00000,bc03126f,3ecd4fdf,3ecd70a4,401,143792
1580,3af12c28,3ec00000,bbe56042,3ecd4fdf,3ecd70e8,401,142916
1581,3b03126f,3ec00000,bc03126f,3ecd4fdf,3ecda3c2,402,143792
1582,3b0c3f3e,3ec00000,bbe56042,3ecdd2f2,3ecdb121,402,144083
1583,3b156c0d,3ec00000,bbe56042,3ecdd2f2,3ecdc8fc,402,143500
1584,3b1e98dd,3ec00000,bbe56042,3ecdd2f2,3ecde0d7,402,144375
1585,3b27c5ac,3ec00000,bbe56042,3ecdd2f2,3ecdf8b2,402,143792
1586,3b2fa2f0,3ec00000,bbc49ba6,3ecdd2f2,3ecdf58c,402,143791
1587,3b38cfc0,3ec00000,bbe56042,3ecdd2f2,3ece24ff,403,144375
1588,3b41fc8f,3ec00000,bbe56042,3ece5604,3ece49f6,403,143792
1589,3b4b295f,3ec00000,bbe56042,3ece5604,3ece61d1,403,143500
1590,3b5306a3,3ec00000,bbc49ba6,3ece5604,3ece5eab,403,144375
1591,3b5c3372,3ec00000,bbe56042,3ece5604,3ece8e1e,403,143208
1592,3b6410b6,3ec00000,bbc49ba6,3ece5604,3ece8af9,403,143792
1593,3b6d3d86,3ec00000,bbe56042,3ece5604,3eceba6c,404,144083
1594,3b751aca,3ec00000,bbc49ba6,3eced917,3ecec461,404,142917
1595,3b7cf80e,3ec00000,bbc49ba6,3eced917,3eced8d4,404,143500
1596,3b826aa9,3ec00000,bbc49ba6,3eced917,3eceed46,404,144084
1597,3b86594b,3ec00000,bbc49ba6,3eced917,3ecf01b9,404,143792
1598,3b8a47ed,3ec00000,bbc49ba6,3eced917,3ecf162b,404,144375
1599,3b8e368f,3ec00000,bbc49ba6,3eced917,3ecf2a9e,405,144375
1600,3b922531,3ec00000,bbc49ba6,3ecf5c29,3ecf4c2c,405,172667
1601,3b9613d3,3ec00000,bbc49ba6,3ecf5c29,3ecf609f,405,177042
1602,3b995aaf,3ec00000,bba3d70a,3ecf5c29,3ecf5a11,405,167416
1603,3b9d4952,3ec00000,bbc49ba6,3ecf5c29,3ecf861b,405,143791
1604,3ba137f4,3ec00000,bbc49ba6,3ecf5c29,3ecf9a8e,405,144083
1605,3ba47ed0,3ec00000,bba3d70a,3ecf5c29,3ecf9400,405,144083
1606,3ba86d72,3ec00000,bbc49ba6,3ecf5c29,3ecfc00a,406,144083
1607,3babb44e,3ec00000,bba3d70a,3ecfdf3b,3ecfc697,406,144375
1608,3baefb2b,3ec00000,bba3d70a,3ecfdf3b,3ecfd7a1,406,143791
1609,3bb2e9cd,3ec00000,bbc49ba6,3ecfdf3b,3ed003ac,406,144959
1610,3bb630a9,3ec00000,bba3d70a,3ecfdf3b,3ecffd1e,406,144958
1611,3bb97785,3ec00000,bba3d70a,3ecfdf3b,3ed00e28,406,143500
1612,3bbcbe62,3ec00000,bba3d70a,3ecfdf3b,3ed01f32,406,144959
1613,3bc0053e,3ec00000,bba3d70a,3ecfdf3b,3ed0303c,407,144375
1614,3bc34c1b,3ec00000,bba3d70a,3ed0624e,3ed04e61,407,144083
1615,3bc692f7,3ec00000,bba3d70a,3ed0624e,3ed05f6b,407,143792
1616,3bc9d9d3,3ec00000,bba3d70a,3ed0624e,3ed07075,407,143791
1617,3bcd20b0,3ec00000,bba3d70a,3ed0624e,3ed0817f,407,144375
1618,3bd0678c,3ec00000,bba3d70a,3ed0624e,3ed0928a,407,143500
1619,3bd306a3,3ec00000,bb83126f,3ed0624e,3ed08893,407,144959
1620,3bd64d7f,3ec00000,bba3d70a,3ed0624e,3ed0b135,408,144375
1621,3bd9945b,3ec00000,bba3d70a,3ed0e560,3ed0cf5b,408,144375
1622,3bdc3372,3ec00000,bb83126f,3ed0e560,3ed0c565,408,144375
1623,3bded289,3ec00000,bb83126f,3ed0e560,3ed0d307,408,144958
1624,3be21965,3ec00000,bba3d70a,3ed0e560,3ed0fba9,408,143500
1625,3be4b87c,3ec00000,bb83126f,3ed0e560,3ed0f1b2,408,144375
1626,3be75793,3ec00000,bb83126f,3ed0e560,3ed0ff54,408,143792
1627,3bea9e6f,3ec00000,bba3d70a,3ed0e560,3ed127f6,409,143208
1628,3bed3d86,3ec00000,bb83126f,3ed16873,3ed12b1b,409,144667
1629,3befdc9c,3ec00000,bb83126f,3ed16873,3ed138bc,409,144375
1630,3bf27bb3,3ec00000,bb83126f,3ed16873,3ed1465e,409,143500
1631,3bf51aca,3ec00000,bb83126f,3ed16873,3ed15400,409,143791
1632,3bf7b9e0,3ec00000,bb83126f,3ed16873,3ed161a1,409,144375
1633,3bfa58f7,3ec00000,bb83126f,3ed16873,3ed16f43,409,144375
1634,3bfcf80e,3ec00000,bb83126f,3ed16873,3ed17ce5,409,143792
1635,3bff9724,3ec00000,bb83126f,3ed16873,3ed18a86,409,143791
1636,3c011b1e,3ec00000,bb83126f,3ed16873,3ed19828,409,144667
1637,3c026aa9,3ec00000,bb83126f,3ed16873,3ed1a5ca,409,144375
1638,3c036651,3ec00000,bb449ba6,3ed16873,3ed1986b,409,143500
1639,3c04b5dd,3ec00000,bb83126f,3ed16873,3ed1bda5,410,144667
1640,3c060568,3ec00000,bb83126f,3ed1eb85,3ed1d862,410,143792
1641,3c0754f3,3ec00000,bb83126f,3ed1eb85,3ed1e604,410,143791
1642,3c08509c,3ec00000,bb449ba6,3ed1eb85,3ed1d8a5,410,144375
1643,3c09a027,3ec00000,bb83126f,3ed1eb85,3ed1fddf,410,143791
1644,3c0a9bd0,3ec00000,bb449ba6,3ed1eb85,3ed1f080,410,143500
1645,3c0beb5b,3ec00000,bb83126f,3ed1eb85,3ed215ba,410,143791
1646,3c0ce704,3ec00000,bb449ba6,3ed1eb85,3ed2085b,410,144375
1647,3c0e368f,3ec00000,bb83126f,3ed1eb85,3ed22d95,411,143208
1648,3c0f3238,3ec00000,bb449ba6,3ed26e98,3ed22d51,411,144375
1649,3c102de0,3ec00000,bb449ba6,3ed26e98,3ed2378a,411,144083
1650,3c112989,3ec00000,bb449ba6,3ed26e98,3ed241c3,411,144666
1651,3c122531,3ec00000,bb449ba6,3ed26e98,3ed24bfd,411,144083
1652,3c1320da,3ec00000,bb449ba6,3ed26e98,3ed25636,411,144083
1653,3c147065,3ec00000,bb83126f,3ed26e98,3ed27b70,411,143209
1654,3c156c0d,3ec00000,bb449ba6,3ed26e98,3ed26e11,411,144667
1655,3c1667b6,3ec00000,bb449ba6,3ed26e98,3ed2784a,411,144083
1656,3c17635e,3ec00000,bb449ba6,3ed26e98,3ed28283,411,143791
1657,3c185f07,3ec00000,bb449ba6,3ed26e98,3ed28cbd,411,144375
1658,3c195aaf,3ec00000,bb449ba6,3ed26e98,3ed296f6,411,144667
1659,3c1a5658,3ec00000,bb449ba6,3ed26e98,3ed2a12f,411,144083
1660,3c1b5200,3ec00000,bb449ba6,3ed26e98,3ed2ab68,411,144667
1661,3c1c4da9,3ec00000,bb449ba6,3ed26e98,3ed2b5a2,412,144083
1662,3c1d4952,3ec00000,bb449ba6,3ed2f1aa,3ed2ccf7,412,143500
1663,3c1e44fa,3ec00000,bb449ba6,3ed2f1aa,3ed2d730,412,143208
1664,3c1eecc0,3ec00000,bb03126f,3ed2f1aa,3ed2c66a,412,143791
1665,3c1fe868,3ec00000,bb449ba6,3ed2f1aa,3ed2e83a,412,144666
1666,3c20e411,3ec00000,bb449ba6,3ed2f1aa,3ed2f273,412,143792
1667,3c218bd6,3ec00000,bb03126f,3ed2f1aa,3ed2e1ad,412,143791
1668,3c22877f,3ec00000,bb449ba6,3ed2f1aa,3ed3037d,412,167708
1669,3c238327,3ec00000,bb449ba6,3ed2f1aa,3ed30db7,412,166542
1670,3c242aed,3ec00000,bb03126f,3ed2f1aa,3ed2fcf0,412,143500
1671,3c252696,3ec00000,bb449ba6,3ed2f1aa,3ed31ec1,412,144375
1672,3c26223e,3ec00000,bb449ba6,3ed2f1aa,3ed328fa,412,144083
1673,3c26ca04,3ec00000,bb03126f,3ed2f1aa,3ed31834,412,142916
1674,3c27c5ac,3ec00000,bb449ba6,3ed2f1aa,3ed33a04,413,144083
1675,3c286d72,3ec00000,bb03126f,3ed374bc,3ed33659,413,144959
1676,3c291538,3ec00000,bb03126f,3ed374bc,3ed33d2a,413,144083
1677,3c2a10e0,3ec00000,bb449ba6,3ed374bc,3ed35efa,413,144667
1678,3c2ab8a6,3ec00000,bb03126f,3ed374bc,3ed34e34,413,145833
1679,3c2b606b,3ec00000,bb03126f,3ed374bc,3ed35505,413,143500
1680,3c2c0831,3ec00000,bb03126f,3ed374bc,3ed35bd5,413,144375
1681,3c2d03da,3ec00000,bb449ba6,3ed374bc,3ed37da6,413,144375
1682,3c2dab9f,3ec00000,bb03126f,3ed374bc,3ed36ce0,413,143791
1683,3c2e5365,3ec00000,bb03126f,3ed374bc,3ed373b0,413,145250
1684,3c2efb2b,3ec00000,bb03126f,3ed374bc,3ed37a81,413,144375
1685,3c2ff6d3,3ec00000,bb449ba6,3ed374bc,3ed39c51,413,144083
1686,3c309e99,3ec00000,bb03126f,3ed374bc,3ed38b8b,413,143500
1687,3c31465f,3ec00000,bb03126f,3ed374bc,3ed3925c,413,144083
1688,3c31ee24,3ec00000,bb03126f,3ed374bc,3ed3992d,413,143500
1689,3c3295ea,3ec00000,bb03126f,3ed374bc,3ed39ffe,413,144083
1690,3c339192,3ec00000,bb449ba6,3ed374bc,3ed3c1ce,414,144083
1691,3c343958,3ec00000,bb03126f,3ed3f7cf,3ed3be24,414,144958
1692,3c348d3b,3ec00000,ba83126f,3ed3f7cf,3ed3a9f4,413,143792
1693,3c3588e3,3ec00000,bb449ba6,3ed374bc,3ed3d640,414,144083
1694,3c35dcc6,3ec00000,ba83126f,3ed3f7cf,3ed3b796,414,143792
1695,3c36848c,3ec00000,bb03126f,3ed3f7cf,3ed3d5ff,414,143792
1696,3c372c52,3ec00000,bb03126f,3ed3f7cf,3ed3dcd0,414,143792
1697,3c37d417,3ec00000,bb03126f,3ed3f7cf,3ed3e3a0,414,144083
1698,3c387bdd,3ec00000,bb03126f,3ed3f7cf,3ed3ea71,414,143500
1699,3c3923a3,3ec00000,bb03126f,3ed3f7cf,3ed3f142,414,145542
1700,3c397785,3ec00000,ba83126f,3ed3f7cf,3ed3dd13,414,143791
1701,3c3a1f4b,3ec00000,bb03126f,3ed3f7cf,3ed3fb7b,414,144375
1702,3c3ac711,3ec00000,bb03126f,3ed3f7cf,3ed4024c,414,143500
1703,3c3b6ed6,3ec00000,bb03126f,3ed3f7cf,3ed4091d,414,175584
1704,3c3c169c,3ec00000,bb03126f,3ed3f7cf,3ed40fee,414,179959
1705,3c3c6a7f,3ec00000,ba83126f,3ed3f7cf,3ed3fbbe,414,168875
1706,3c3d1245,3ec00000,bb03126f,3ed3f7cf,3ed41a27,414,144375
1707,3c3dba0a,3ec00000,bb03126f,3ed3f7cf,3ed420f8,414,143791
1708,3c3e61d0,3ec00000,bb03126f,3ed3f7cf,3ed427c9,414,144084
1709,3c3f0996,3ec00000,bb03126f,3ed3f7cf,3ed42e9a,414,145250
1710,3c3f5d79,3ec00000,ba83126f,3ed3f7cf,3ed41a6a,414,143208
1711,3c40053e,3ec00000,bb03126f,3ed3f7cf,3ed438d3,414,143792
1712,3c40ad04,3ec00000,bb03126f,3ed3f7cf,3ed43fa4,415,143500
1713,3c4100e7,3ec00000,ba83126f,3ed47ae1,3ed4388f,414,143500
1714,3c41a8ac,3ec00000,bb03126f,3ed3f7cf,3ed449dd,415,143791
1715,3c41fc8f,3ec00000,ba83126f,3ed47ae1,3ed442c8,415,143209
1716,3c42a455,3ec00000,bb03126f,3ed47ae1,3ed46131,415,143792
1717,3c42f838,3ec00000,ba83126f,3ed47ae1,3ed44d02,415,144667
1718,3c439ffd,3ec00000,bb03126f,3ed47ae1,3ed46b6a,415,143792
1719,3c43f3e0,3ec00000,ba83126f,3ed47ae1,3ed4573b,415,142917
1720,3c4447c3,3ec00000,ba83126f,3ed47ae1,3ed45aa3,415,143208
1721,3c44ef89,3ec00000,bb03126f,3ed47ae1,3ed4790c,415,142917
1722,3c45436c,3ec00000,ba83126f,3ed47ae1,3ed464dc,415,143500
1723,3c45eb31,3ec00000,bb03126f,3ed47ae1,3ed48345,415,143792
1724,3c463f14,3ec00000,ba83126f,3ed47ae1,3ed46f16,415,142917
1725,3c4692f7,3ec00000,ba83126f,3ed47ae1,3ed4727e,415,144375
1726,3c473abd,3ec00000,bb03126f,3ed47ae1,3ed490e7,415,143792
1727,3c478e9f,3ec00000,ba83126f,3ed47ae1,3ed47cb7,415,143500
1728,3c483665,3ec00000,bb03126f,3ed47ae1,3ed49b20,415,144083
1729,3c488a48,3ec00000,ba83126f,3ed47ae1,3ed486f1,415,144375
1730,3c48de2b,3ec00000,ba83126f,3ed47ae1,3ed48a59,415,144084
1731,3c4985f0,3ec00000,bb03126f,3ed47ae1,3ed4a8c2,415,144958
1732,3c49d9d3,3ec00000,ba83126f,3ed47ae1,3ed49492,415,144375
1733,3c4a2db6,3ec00000,ba83126f,3ed47ae1,3ed497fb,415,143792
1734,3c4ad57c,3ec00000,bb03126f,3ed47ae1,3ed4b664,415,143792
1735,3c4b295f,3ec00000,ba83126f,3ed47ae1,3ed4a234,415,144083
1736,3c4b7d41,3ec00000,ba83126f,3ed47ae1,3ed4a59c,415,143791
1737,3c4c2507,3ec00000,bb03126f,3ed47ae1,3ed4c405,416,144084
1738,3c4c78ea,3ec00000,ba83126f,3ed4fdf4,3ed4bcf1,416,143500
1739,3c4ccccd,3ec00000,ba83126f,3ed4fdf4,3ed4c059,416,142916
1740,3c4d20b0,3ec00000,ba83126f,3ed4fdf4,3ed4c3c1,416,143208
1741,3c4d7492,3ec00000,ba83126f,3ed4fdf4,3ed4c72a,416,144084
1742,3c4dc875,3ec00000,ba83126f,3ed4fdf4,3ed4ca92,416,143500
1743,3c4e1c58,3ec00000,ba83126f,3ed4fdf4,3ed4cdfb,416,144375
1744,3c4e703b,3ec00000,ba83126f,3ed4fdf4,3ed4d163,416,143208
1745,3c4ec41e,3ec00000,ba83126f,3ed4fdf4,3ed4d4cb,416,143209
1746,3c4f1801,3ec00000,ba83126f,3ed4fdf4,3ed4d834,416,144084
1747,3c4f6be3,3ec00000,ba83126f,3ed4fdf4,3ed4db9c,416,144375
1748,3c4fbfc6,3ec00000,ba83126f,3ed4fdf4,3ed4df05,416,144083
1749,3c5013a9,3ec00000,ba83126f,3ed4fdf4,3ed4e26d,416,143500
1750,3c50678c,3ec00000,ba83126f,3ed4fdf4,3ed4e5d6,416,144083
1751,3c50bb6f,3ec00000,ba83126f,3ed4fdf4,3ed4e93e,416,143500
1752,3c510f52,3ec00000,ba83126f,3ed4fdf4,3ed4eca6,416,143208
1753,3c516335,3ec00000,ba83126f,3ed4fdf4,3ed4f00f,416,144083
1754,3c51b717,3ec00000,ba83126f,3ed4fdf4,3ed4f377,416,144083
1755,3c51b717,3ec00000,00000000,3ed4fdf4,3ed4dbdf,416,144959
1756,3c520afa,3ec00000,ba83126f,3ed4fdf4,3ed4f6e0,416,143209
1757,3c525edd,3ec00000,ba83126f,3ed4fdf4,3ed4fa48,416,143208
1758,3c52b2c0,3ec00000,ba83126f,3ed4fdf4,3ed4fdb1,416,143500
1759,3c5306a3,3ec00000,ba83126f,3ed4fdf4,3ed50119,416,144667
1760,3c535a86,3ec00000,ba83126f,3ed4fdf4,3ed50481,416,143791
1761,3c53ae68,3ec00000,ba83126f,3ed4fdf4,3ed507ea,416,144375
1762,3c54024b,3ec00000,ba83126f,3ed4fdf4,3ed50b52,416,144375
1763,3c54562e,3ec00000,ba83126f,3ed4fdf4,3ed50ebb,416,144375
1764,3c54aa11,3ec00000,ba83126f,3ed4fdf4,3ed51223,416,143792
1765,3c54fdf4,3ec00000,ba83126f,3ed4fdf4,3ed5158b,416,143500
1766,3c5551d7,3ec00000,ba83126f,3ed4fdf4,3ed518f4,416,143209
1767,3c55a5b9,3ec00000,ba83126f,3ed4fdf4,3ed51c5c,416,143208
1768,3c55f99c,3ec00000,ba83126f,3ed4fdf4,3ed51fc5,416,143209
1769,3c564d7f,3ec00000,ba83126f,3ed4fdf4,3ed5232d,416,143208
1770,3c564d7f,3ec00000,00000000,3ed4fdf4,3ed50b95,416,144084
1771,3c56a162,3ec00000,ba83126f,3ed4fdf4,3ed52695,416,143208
1772,3c56f545,3ec00000,ba83126f,3ed4fdf4,3ed529fe,416,143500
1773,3c574928,3ec00000,ba83126f,3ed4fdf4,3ed52d66,416,143500
1774,3c579d0a,3ec00000,ba83126f,3ed4fdf4,3ed530cf,416,143500
1775,3c57f0ed,3ec00000,ba83126f,3ed4fdf4,3ed53437,416,143500
1776,3c5844d0,3ec00000,ba83126f,3ed4fdf4,3ed5379f,416,143791
1777,3c5898b3,3ec00000,ba83126f,3ed4fdf4,3ed53b08,416,144083
1778,3c58ec96,3ec00000,ba83126f,3ed4fdf4,3ed53e70,416,143500
1779,3c58ec96,3ec00000,00000000,3ed4fdf4,3ed526d8,416,144375
1780,3c594079,3ec00000,ba83126f,3ed4fdf4,3ed541d9,417,143500
1781,3c59945b,3ec00000,ba83126f,3ed58106,3ed5525d,417,144083
1782,3c59945b,3ec00000,00000000,3ed58106,3ed53ac5,416,143792
1783,3c59e83e,3ec00000,ba83126f,3ed4fdf4,3ed548aa,417,176458
1784,3c5a3c21,3ec00000,ba83126f,3ed58106,3ed5592e,417,166250
1785,3c5a9004,3ec00000,ba83126f,3ed58106,3ed55c96,417,144083
1786,3c5a9004,3ec00000,00000000,3ed58106,3ed544fe,417,143500
1787,3c5ae3e7,3ec00000,ba83126f,3ed58106,3ed55fff,417,144667
1788,3c5ae3e7,3ec00000,00000000,3ed58106,3ed54867,417,144375
1789,3c5b37ca,3ec00000,ba83126f,3ed58106,3ed56367,417,144375
1790,3c5b37ca,3ec00000,00000000,3ed58106,3ed54bcf,417,144375
1791,3c5b8bac,3ec00000,ba83126f,3ed58106,3ed566d0,417,145250
1792,3c5b8bac,3ec00000,00000000,3ed58106,3ed54f38,417,143792
1793,3c5bdf8f,3ec00000,ba83126f,3ed58106,3ed56a38,417,143208
1794,3c5c3372,3ec00000,ba83126f,3ed58106,3ed56da1,417,144959
1795,3c5c3372,3ec00000,00000000,3ed58106,3ed55609,417,143792
1796,3c5c8755,3ec00000,ba83126f,3ed58106,3ed57109,417,144375
1797,3c5c8755,3ec00000,00000000,3ed58106,3ed55971,417,143792
1798,3c5cdb38,3ec00000,ba83126f,3ed58106,3ed57471,417,144375
1799,3c5cdb38,3ec00000,00000000,3ed58106,3ed55cd9,417,144667
1800,3c5d2f1b,3ec00000,ba83126f,3ed58106,3ed577da,417,143208
