sequence,cycle_started_us,command_sent_us,response_completed_us,full_loop_us,pre_send_us,transport_us,setpoint_milli_c,observed_milli_c,measured_milli_c,command_actuator_permille,status_actuator_permille,error_milli_c
1,1584,19624,126401,124817,18040,106777,45000,20000,20266,951,951,24734
2,126967,127196,140029,13062,229,12833,45000,20266,20543,992,992,24457
3,227028,227241,230254,3226,213,3013,45000,20543,20817,986,986,24183
4,327082,327289,330269,3187,207,2980,45000,20817,21088,979,979,23912
5,427135,427343,430264,3129,208,2921,45000,21088,21356,972,972,23644
6,527187,527393,529240,2053,206,1847,45000,21356,21620,965,965,23380
7,627240,627443,629365,2125,203,1922,45000,21620,21882,958,958,23118
8,727310,727513,739524,12214,203,12011,45000,21882,22141,951,951,22859
9,827362,827567,839227,11865,205,11660,45000,22141,22397,944,944,22603
10,927414,927616,939304,11890,202,11688,45000,22397,22649,937,937,22351
11,1027466,1027669,1039328,11862,203,11659,45000,22649,22899,931,931,22101
12,1127538,1127739,1139394,11856,201,11655,45000,22899,23147,924,924,21853
13,1227592,1227794,1239446,11854,202,11652,45000,23147,23391,917,917,21609
14,1327665,1327866,1339539,11874,201,11673,45000,23391,23632,911,911,21368
15,1427716,1427917,1439574,11858,201,11657,45000,23632,23871,905,905,21129
16,1527793,1527995,1539673,11880,202,11678,45000,23871,24107,898,898,20893
17,1627845,1628050,1639715,11870,205,11665,45000,24107,24340,892,892,20660
18,1727920,1728121,1739776,11856,201,11655,45000,24340,24571,886,886,20429
19,1827995,1828196,1839873,11878,201,11677,45000,24571,24799,879,879,20201
20,1928047,1928248,1939913,11866,201,11665,45000,24799,25024,873,873,19976
21,2028121,2028323,2040014,11893,202,11691,45000,25024,25247,867,867,19753
22,2128174,2128395,2140061,11887,221,11666,45000,25247,25467,861,861,19533
23,2228229,2228454,2240112,11883,225,11658,45000,25467,25685,856,856,19315
24,2328302,2328524,2340204,11902,222,11680,45000,25685,25900,850,850,19100
25,2428354,2428573,2440230,11876,219,11657,45000,25900,26113,844,844,18887
26,2528425,2528626,2540261,11836,201,11635,45000,26113,26323,838,838,18677
27,2628477,2628679,2640259,11782,202,11580,45000,26323,26531,833,833,18469
28,2728529,2728730,2740281,11752,201,11551,45000,26531,26736,827,827,18264
29,2828599,2828799,2840282,11683,200,11483,45000,26736,26940,822,822,18060
30,2928650,2928852,2940265,11615,202,11413,45000,26940,27140,816,816,17860
31,3028702,3028903,3040259,11557,201,11356,45000,27140,27339,811,811,17661
32,3128770,3128971,3140292,11522,201,11321,45000,27339,27535,806,806,17465
33,3228822,3229025,3240288,11466,203,11263,45000,27535,27729,801,801,17271
34,3328874,3329076,3340286,11412,202,11210,45000,27729,27921,795,795,17079
35,3428926,3429127,3440264,11338,201,11137,45000,27921,28110,790,790,16890
36,3528978,3529179,3540261,11283,201,11082,45000,28110,28298,785,785,16702
37,3629031,3629232,3640256,11225,201,11024,45000,28298,28483,780,780,16517
38,3729101,3729302,3740266,11165,201,10964,45000,28483,28666,775,775,16334
39,3829154,3829355,3840263,11109,201,10908,45000,28666,28847,770,770,16153
40,3929205,3929405,3940261,11056,200,10856,45000,28847,29026,766,766,15974
41,4029257,4029470,4040265,11008,213,10795,45000,29026,29203,761,761,15797
42,4129309,4129510,4140266,10957,201,10756,45000,29203,29378,756,756,15622
43,4229362,4229564,4240257,10895,202,10693,45000,29378,29551,752,752,15449
44,4329416,4329618,4340261,10845,202,10643,45000,29551,29722,747,747,15278
45,4429470,4429671,4440265,10795,201,10594,45000,29722,29891,742,742,15109
46,4529523,4529724,4540264,10741,201,10540,45000,29891,30058,738,738,14942
47,4629577,4629778,4640260,10683,201,10482,45000,30058,30223,733,733,14777
48,4729631,4729832,4740267,10636,201,10435,45000,30223,30386,729,729,14614
49,4829685,4829885,4840258,10573,200,10373,45000,30386,30548,725,725,14452
50,4929739,4929940,4940263,10524,201,10323,45000,30548,30707,720,720,14293
51,5029792,5029994,5040254,10462,202,10260,45000,30707,30865,716,716,14135
52,5129845,5130047,5140265,10420,202,10218,45000,30865,31021,712,712,13979
53,5229899,5230101,5240265,10366,202,10164,45000,31021,31175,708,708,13825
54,5329952,5330154,5340259,10307,202,10105,45000,31175,31327,704,704,13673
55,5430006,5430208,5440267,10261,202,10059,45000,31327,31478,700,700,13522
56,5530060,5530262,5540264,10204,202,10002,45000,31478,31627,696,696,13373
57,5630114,5630313,5640263,10149,199,9950,45000,31627,31774,692,692,13226
58,5730167,5730369,5740258,10091,202,9889,45000,31774,31920,688,688,13080
59,5830220,5830454,5840270,10050,234,9816,45000,31920,32063,684,684,12937
60,5930274,5930512,5940266,9992,238,9754,45000,32063,32206,680,680,12794
61,6030328,6030555,6040260,9932,227,9705,45000,32206,32346,676,676,12654
62,6130401,6130603,6140262,9861,202,9659,45000,32346,32485,673,673,12515
63,6230434,6230634,6240280,9846,200,9646,45000,32485,32622,669,669,12378
64,6330488,6330688,6340269,9781,200,9581,45000,32622,32758,665,665,12242
65,6430539,6430742,6440266,9727,203,9524,45000,32758,32893,662,662,12107
66,6530593,6530792,6540263,9670,199,9471,45000,32893,33025,658,658,11975
67,6630646,6630847,6640260,9614,201,9413,45000,33025,33156,655,655,11844
68,6730699,6730900,6740256,9557,201,9356,45000,33156,33286,651,651,11714
69,6830752,6830952,6840268,9516,200,9316,45000,33286,33414,648,648,11586
70,6930805,6931007,6940255,9450,202,9248,45000,33414,33541,644,644,11459
71,7030859,7031061,7040261,9402,202,9200,45000,33541,33666,641,641,11334
72,7130913,7131113,7140264,9351,200,9151,45000,33666,33790,638,638,11210
73,7230967,7231168,7240261,9294,201,9093,45000,33790,33913,634,634,11087
74,7331020,7331222,7340263,9243,202,9041,45000,33913,34034,631,631,10966
75,7431074,7431274,7440258,9184,200,8984,45000,34034,34153,628,628,10847
76,7531126,7531326,7540265,9139,200,8939,45000,34153,34272,625,625,10728
77,7631180,7631382,7640262,9082,202,8880,45000,34272,34389,621,621,10611
78,7731234,7731436,7740262,9028,202,8826,45000,34389,34504,618,618,10496
79,7831288,7831489,7840264,8976,201,8775,45000,34504,34618,615,615,10382
80,7931341,7931542,7940266,8925,201,8724,45000,34618,34731,612,612,10269
81,8031395,8031594,8040256,8861,199,8662,45000,34731,34843,609,609,10157
82,8131447,8131649,8140260,8813,202,8611,45000,34843,34953,606,606,10047
83,8231500,8231702,8240266,8766,202,8564,45000,34953,35062,603,603,9938
84,8331575,8331775,8340264,8689,200,8489,45000,35062,35170,600,600,9830
85,8431628,8431830,8440259,8631,202,8429,45000,35170,35276,597,597,9724
86,8531681,8531882,8540266,8585,201,8384,45000,35276,35382,595,595,9618
87,8631736,8631936,8640266,8530,200,8330,45000,35382,35486,592,592,9514
88,8731788,8731989,8740259,8471,201,8270,45000,35486,35589,589,589,9411
89,8831841,8832043,8840259,8418,202,8216,45000,35589,35691,586,586,9309
90,8931896,8932096,8940269,8373,200,8173,45000,35691,35792,584,584,9208
91,9031950,9032152,9040271,8321,202,8119,45000,35792,35891,581,581,9109
92,9132002,9132204,9140264,8262,202,8060,45000,35891,35989,578,578,9011
93,9232055,9232257,9240259,8204,202,8002,45000,35989,36087,576,576,8913
94,9332109,9332309,9340256,8147,200,7947,45000,36087,36183,573,573,8817
95,9432179,9432381,9440268,8089,202,7887,45000,36183,36278,571,571,8722
96,9532233,9532433,9540267,8034,200,7834,45000,36278,36372,568,568,8628
97,9632285,9632487,9640262,7977,202,7775,45000,36372,36465,565,565,8535
98,9732339,9732540,9740259,7920,201,7719,45000,36465,36556,563,563,8444
99,9832393,9832594,9840258,7865,201,7664,45000,36556,36647,561,561,8353
100,9932446,9932647,9942064,9618,201,9417,45000,36647,36737,558,558,8263
101,10032504,10032705,10040223,7719,201,7518,45000,36737,36826,556,556,8174
102,10132557,10132757,10140260,7703,200,7503,45000,36826,36913,553,553,8087
103,10232632,10232833,10240267,7635,201,7434,45000,36913,37000,551,551,8000
104,10332686,10332887,10340263,7577,201,7376,45000,37000,37085,549,549,7915
105,10432738,10432938,10440260,7522,200,7322,45000,37085,37170,547,547,7830
106,10532790,10532991,10540259,7469,201,7268,45000,37170,37254,544,544,7746
107,10632844,10633046,10640267,7423,202,7221,45000,37254,37337,542,542,7663
108,10732898,10733098,10740258,7360,200,7160,45000,37337,37419,540,540,7581
109,10832951,10833153,10840256,7305,202,7103,45000,37419,37499,538,538,7501
110,10933003,10933203,10940266,7263,200,7063,45000,37499,37580,536,536,7420
111,11033057,11033257,11040262,7205,200,7005,45000,37580,37658,533,533,7342
112,11133110,11133310,11140260,7150,200,6950,45000,37658,37737,531,531,7263
113,11233163,11233365,11240257,7094,202,6892,45000,37737,37814,529,529,7186
114,11333216,11333416,11340266,7050,200,6850,45000,37814,37890,527,527,7110
115,11433270,11433471,11440265,6995,201,6794,45000,37890,37965,525,525,7035
116,11533322,11533523,11540257,6935,201,6734,45000,37965,38040,523,523,6960
117,11633375,11633575,11640263,6888,200,6688,45000,38040,38114,521,521,6886
118,11733429,11733629,11740265,6836,200,6636,45000,38114,38187,519,519,6813
119,11833482,11833682,11840259,6777,200,6577,45000,38187,38259,517,517,6741
120,11933534,11933736,11940256,6722,202,6520,45000,38259,38330,515,515,6670
121,12033587,12033798,12040273,6686,211,6475,45000,38330,38400,513,513,6600
122,12133656,12133857,12140268,6612,201,6411,45000,38400,38470,512,512,6530
123,12233709,12233910,12240265,6556,201,6355,45000,38470,38539,510,510,6461
124,12333763,12333964,12340262,6499,201,6298,45000,38539,38607,508,508,6393
125,12433816,12434018,12440258,6442,202,6240,45000,38607,38674,506,506,6326
126,12533869,12534070,12540270,6401,201,6200,45000,38674,38741,504,504,6259
127,12633923,12634124,12640266,6343,201,6142,45000,38741,38806,502,502,6194
128,12733975,12734176,12740263,6288,201,6087,45000,38806,38871,501,501,6129
129,12834028,12834232,12840259,6231,204,6027,45000,38871,38935,499,499,6065
130,12934082,12934282,12940256,6174,200,5974,45000,38935,38999,497,497,6001
131,13034135,13034336,13040267,6132,201,5931,45000,38999,39061,495,495,5939
132,13134188,13134388,13140257,6069,200,5869,45000,39061,39124,494,494,5876
133,13234241,13234442,13240261,6020,201,5819,45000,39124,39185,492,492,5815
134,13334294,13334493,13340263,5969,199,5770,45000,39185,39246,491,491,5754
135,13434346,13434547,13440266,5920,201,5719,45000,39246,39305,489,489,5695
136,13534400,13534601,13540261,5861,201,5660,45000,39305,39365,488,488,5635
137,13634453,13640373,13650242,15789,5920,9869,45000,39365,39424,486,486,5576
138,13734505,13734731,13740227,5722,226,5496,45000,39424,39481,484,484,5519
139,13834559,13834790,13840262,5703,231,5472,45000,39481,39539,483,483,5461
140,13934634,13934862,13940260,5626,228,5398,45000,39539,39595,481,481,5405
141,14034687,14034907,14040264,5577,220,5357,45000,39595,39651,480,480,5349
142,14134741,14134942,14140265,5524,201,5323,45000,39651,39706,478,478,5294
143,14234793,14234994,14240261,5468,201,5267,45000,39706,39761,477,477,5239
144,14334845,14335047,14340257,5412,202,5210,45000,39761,39815,475,475,5185
145,14434897,14435097,14440265,5368,200,5168,45000,39815,39869,474,474,5131
146,14534949,14535150,14540266,5317,201,5116,45000,39869,39921,472,472,5079
147,14635001,14635202,14640257,5256,201,5055,45000,39921,39973,471,471,5027
148,14735053,14735253,14740264,5211,200,5011,45000,39973,40025,470,470,4975
149,14835104,14835305,14840264,5160,201,4959,45000,40025,40076,468,468,4924
150,14935157,14935357,14940255,5098,200,4898,45000,40076,40127,467,467,4873
151,15035208,15035409,15040258,5050,201,4849,45000,40127,40176,465,465,4824
152,15135280,15135481,15140278,4998,201,4797,45000,40176,40225,464,464,4775
153,15235332,15235532,15240275,4943,200,4743,45000,40225,40274,463,463,4726
154,15335383,15335584,15340273,4890,201,4689,45000,40274,40322,462,462,4678
155,15435434,15435634,15440265,4831,200,4631,45000,40322,40370,460,460,4630
156,15535486,15535686,15540260,4774,200,4574,45000,40370,40417,459,459,4583
157,15635538,15635739,15640258,4720,201,4519,45000,40417,40464,458,458,4536
158,15735590,15735792,15740266,4676,202,4474,45000,40464,40510,457,457,4490
159,15835642,15835843,15840263,4621,201,4420,45000,40510,40555,455,455,4445
160,15935694,15935895,15940262,4568,201,4367,45000,40555,40600,454,454,4400
161,16035747,16035949,16040257,4510,202,4308,45000,40600,40644,453,453,4356
162,16135798,16135998,16140269,4471,200,4271,45000,40644,40688,452,452,4312
163,16235850,16236050,16240257,4407,200,4207,45000,40688,40732,451,451,4268
164,16335902,16336103,16340257,4355,201,4154,45000,40732,40775,449,449,4225
165,16435953,16436154,16440266,4313,201,4112,45000,40775,40817,448,448,4183
166,16536005,16536205,16540264,4259,200,4059,45000,40817,40859,447,447,4141
167,16636057,16636258,16640259,4202,201,4001,45000,40859,40900,446,446,4100
168,16736109,16736310,16740257,4148,201,3947,45000,40900,40941,445,445,4059
169,16836161,16836361,16840264,4103,200,3903,45000,40941,40982,444,444,4018
170,16936213,16936414,16940264,4051,201,3850,45000,40982,41022,443,443,3978
171,17036265,17036465,17040265,4000,200,3800,45000,41022,41062,442,442,3938
172,17136317,17136518,17140262,3945,201,3744,45000,41062,41101,441,441,3899
173,17236368,17236569,17240271,3903,201,3702,45000,41101,41140,440,440,3860
174,17336421,17336622,17340258,3837,201,3636,45000,41140,41178,439,439,3822
175,17436473,17436673,17440256,3783,200,3583,45000,41178,41216,438,438,3784
176,17536525,17536725,17540267,3742,200,3542,45000,41216,41254,437,437,3746
177,17636577,17636778,17640262,3685,201,3484,45000,41254,41291,436,436,3709
178,17736629,17736829,17740263,3634,200,3434,45000,41291,41327,435,435,3673
179,17836680,17836880,17840276,3596,200,3396,45000,41327,41363,434,434,3637
180,17936732,17936933,17940280,3548,201,3347,45000,41363,41399,433,433,3601
181,18036784,18036985,18040278,3494,201,3293,45000,41399,41435,432,432,3565
182,18136836,18137037,18140265,3429,201,3228,45000,41435,41470,431,431,3530
183,18236888,18237089,18240262,3374,201,3173,45000,41470,41504,430,430,3496
184,18336940,18337140,18340263,3323,200,3123,45000,41504,41538,429,429,3462
185,18436992,18437193,18440266,3274,201,3073,45000,41538,41572,428,428,3428
186,18537044,18537245,18540266,3222,201,3021,45000,41572,41605,427,427,3395
187,18637095,18637297,18640267,3172,202,2970,45000,41605,41638,426,426,3362
188,18737147,18737348,18740262,3115,201,2914,45000,41638,41670,425,425,3330
189,18837199,18837401,18839251,2052,202,1850,45000,41670,41703,425,425,3297
190,18937251,18937452,18939366,2115,201,1914,45000,41703,41735,424,424,3265
191,19037303,19037503,19049525,12222,200,12022,45000,41735,41766,423,423,3234
192,19137355,19137555,19149626,12271,200,12071,45000,41766,41797,422,422,3203
193,19237407,19237608,19249239,11832,201,11631,45000,41797,41828,421,421,3172
194,19337458,19337658,19349335,11877,200,11677,45000,41828,41858,420,420,3142
195,19437509,19437711,19449366,11857,202,11655,45000,41858,41888,420,420,3112
196,19537582,19537783,19549438,11856,201,11655,45000,41888,41918,419,419,3082
197,19637634,19637835,19649494,11860,201,11659,45000,41918,41948,418,418,3052
198,19737708,19737909,19749587,11879,201,11678,45000,41948,41977,417,417,3023
199,19837760,19837961,19849619,11859,201,11658,45000,41977,42005,416,416,2995
200,19937832,19938033,19952061,14229,201,14028,45000,42005,42034,416,416,2966
201,20037891,20038092,20049713,11822,201,11621,45000,42034,42062,415,415,2938
202,20137941,20138142,20149815,11874,201,11673,45000,42062,42089,414,414,2911
203,20237994,20238194,20249859,11865,200,11665,45000,42089,42117,413,413,2883
204,20338049,20338252,20349917,11868,203,11665,45000,42117,42143,412,412,2857
205,20438123,20438324,20449982,11859,201,11658,45000,42143,42170,412,412,2830
206,20538179,20538403,20550060,11881,224,11657,45000,42170,42197,411,411,2803
207,20638231,20638456,20650151,11920,225,11695,45000,42197,42223,410,410,2777
208,20738283,20738507,20750188,11905,224,11681,45000,42223,42249,410,410,2751
209,20838339,20838559,20850237,11898,220,11678,45000,42249,42274,409,409,2726
210,20938402,20938601,20950265,11863,199,11664,45000,42274,42300,409,409,2700
211,21038453,21038654,21050278,11825,201,11624,45000,42300,42325,408,408,2675
212,21138506,21138707,21150259,11753,201,11552,45000,42325,42349,407,407,2651
213,21238557,21238758,21250280,11723,201,11522,45000,42349,42374,407,407,2626
214,21338625,21338825,21350266,11641,200,11441,45000,42374,42398,406,406,2602
215,21438677,21438877,21450258,11581,200,11381,45000,42398,42422,405,405,2578
216,21538730,21538931,21550267,11537,201,11336,45000,42422,42445,404,404,2555
217,21638783,21638983,21650268,11485,200,11285,45000,42445,42469,404,404,2531
218,21738834,21739035,21750264,11430,201,11229,45000,42469,42492,403,403,2508
219,21838886,21839086,21850262,11376,200,11176,45000,42492,42514,403,403,2486
220,21938938,21939139,21950258,11320,201,11119,45000,42514,42537,402,402,2463
221,22038989,22039189,22050260,11271,200,11071,45000,42537,42559,401,401,2441
222,22139040,22139240,22150263,11223,200,11023,45000,42559,42581,401,401,2419
223,22239092,22239293,22250256,11164,201,10963,45000,42581,42603,400,400,2397
224,22339143,22339343,22350266,11123,200,10923,45000,42603,42624,400,400,2376
225,22439195,22439396,22450263,11068,201,10867,45000,42624,42646,399,399,2354
226,22539247,22539447,22550255,11008,200,10808,45000,42646,42666,398,398,2334
227,22639299,22639500,22650265,10966,201,10765,45000,42666,42687,398,398,2313
228,22739353,22739553,22750265,10912,200,10712,45000,42687,42708,397,397,2292
229,22839406,22839607,22850260,10854,201,10653,45000,42708,42728,397,397,2272
230,22939460,22939659,22950258,10798,199,10599,45000,42728,42748,396,396,2252
231,23039513,23039713,23050265,10752,200,10552,45000,42748,42768,396,396,2232
232,23139566,23139767,23150264,10698,201,10497,45000,42768,42787,395,395,2213
233,23239619,23239820,23250259,10640,201,10439,45000,42787,42807,395,395,2193
234,23339673,23339873,23350276,10603,200,10403,45000,42807,42826,394,394,2174
235,23439744,23439944,23450283,10539,200,10339,45000,42826,42845,394,394,2155
236,23539797,23539997,23550279,10482,200,10282,45000,42845,42864,393,393,2136
237,23639850,23640050,23650264,10414,200,10214,45000,42864,42882,393,393,2118
238,23739904,23740105,23750262,10358,201,10157,45000,42882,42900,392,392,2100
239,23839958,23840159,23850255,10297,201,10096,45000,42900,42919,392,392,2081
240,23940011,23940212,23950267,10256,201,10055,45000,42919,42936,391,391,2064
241,24040065,24040266,24050257,10192,201,9991,45000,42936,42954,391,391,2046
242,24140119,24140319,24150259,10140,200,9940,45000,42954,42971,390,390,2029
243,24240172,24240401,24250255,10083,229,9854,45000,42971,42989,390,390,2011
244,24340225,24340459,24350265,10040,234,9806,45000,42989,43006,389,389,1994
245,24440278,24440516,24450263,9985,238,9747,45000,43006,43023,389,389,1977
246,24540332,24540560,24550259,9927,228,9699,45000,43023,43039,388,388,1961
247,24640404,24640605,24650266,9862,201,9661,45000,43039,43056,388,388,1944
248,24740450,24740652,24750268,9818,202,9616,45000,43056,43072,388,388,1928
249,24840503,24840703,24850264,9761,200,9561,45000,43072,43088,387,387,1912
250,24940554,24940755,24950265,9711,201,9510,45000,43088,43104,387,387,1896
251,25040607,25040808,25050259,9652,201,9451,45000,43104,43120,386,386,1880
252,25140660,25140861,25150289,9629,201,9428,45000,43120,43135,386,386,1865
253,25240736,25240935,25250288,9552,199,9353,45000,43135,43151,386,386,1849
254,25340788,25340989,25350283,9495,201,9294,45000,43151,43166,385,385,1834
255,25440841,25441042,25450264,9423,201,9222,45000,43166,43181,385,385,1819
256,25540893,25541094,25550262,9369,201,9168,45000,43181,43196,384,384,1804
257,25640946,25641177,25650259,9313,231,9082,45000,43196,43211,384,384,1789
258,25740998,25741198,25750263,9265,200,9065,45000,43211,43225,383,383,1775
259,25841050,25841251,25850264,9214,201,9013,45000,43225,43240,383,383,1760
260,25941103,25941304,25950258,9155,201,8954,45000,43240,43254,383,383,1746
261,26041156,26041358,26050255,9099,202,8897,45000,43254,43268,382,382,1732
262,26141208,26141409,26150287,9079,201,8878,45000,43268,43282,382,382,1718
263,26241283,26241484,26250283,9000,201,8799,45000,43282,43295,382,382,1705
264,26341335,26341536,26350278,8943,201,8742,45000,43295,43309,381,381,1691
265,26441389,26441591,26450263,8874,202,8672,45000,43309,43322,381,381,1678
266,26541446,26541666,26550258,8812,220,8592,45000,43322,43336,381,381,1664
267,26641499,26641719,26650259,8760,220,8540,45000,43336,43349,380,380,1651
268,26741552,26741772,26750262,8710,220,8490,45000,43349,43362,380,380,1638
269,26841605,26841825,26850260,8655,220,8435,45000,43362,43375,379,379,1625
270,26941658,26941879,26950259,8601,221,8380,45000,43375,43387,379,379,1613
271,27041710,27041930,27050267,8557,220,8337,45000,43387,43400,379,379,1600
272,27141763,27141983,27150264,8501,220,8281,45000,43400,43412,378,378,1588
273,27241816,27242037,27250261,8445,221,8224,45000,43412,43424,378,378,1576
274,27341869,27347110,27350258,8389,5241,3148,45000,43424,43436,378,378,1564
275,27441921,27442144,27450264,8343,223,8120,45000,43436,43448,378,378,1552
276,27541974,27542195,27550261,8287,221,8066,45000,43448,43460,377,377,1540
277,27642027,27642247,27650261,8234,220,8014,45000,43460,43472,377,377,1528
278,27742081,27742302,27750267,8186,221,7965,45000,43472,43484,377,377,1516
279,27842134,27842354,27850270,8136,220,7916,45000,43484,43495,376,376,1505
280,27942187,27942408,27950261,8074,221,7853,45000,43495,43506,376,376,1494
281,28042239,28042471,28050263,8024,232,7792,45000,43506,43517,376,376,1483
282,28142293,28142513,28150259,7966,220,7746,45000,43517,43528,375,375,1472
283,28242345,28242564,28250259,7914,219,7695,45000,43528,43539,375,375,1461
284,28342398,28342618,28350271,7873,220,7653,45000,43539,43550,375,375,1450
285,28442453,28442674,28450262,7809,221,7588,45000,43550,43561,374,374,1439
286,28542506,28542726,28550263,7757,220,7537,45000,43561,43571,374,374,1429
287,28642559,28642779,28650262,7703,220,7483,45000,43571,43582,374,374,1418
288,28742612,28742831,28750257,7645,219,7426,45000,43582,43592,374,374,1408
289,28842664,28842885,28850277,7613,221,7392,45000,43592,43602,373,373,1398
290,28942736,28942956,28950259,7523,220,7303,45000,43602,43612,373,373,1388
291,29042788,29043008,29050254,7466,220,7246,45000,43612,43622,373,373,1378
292,29142841,29143062,29150263,7422,221,7201,45000,43622,43632,373,373,1368
293,29242894,29243113,29250263,7369,219,7150,45000,43632,43642,372,372,1358
294,29342947,29343168,29350255,7308,221,7087,45000,43642,43651,372,372,1349
295,29443000,29443219,29450266,7266,219,7047,45000,43651,43661,372,372,1339
296,29543054,29543276,29550262,7208,222,6986,45000,43661,43670,371,371,1330
297,29643107,29643327,29650260,7153,220,6933,45000,43670,43679,371,371,1321
298,29743161,29743381,29750254,7093,220,6873,45000,43679,43688,371,371,1312
299,29843213,29843433,29850265,7052,220,6832,45000,43688,43698,371,371,1302
300,29943267,29943487,29952057,8790,220,8570,45000,43698,43706,370,370,1294
301,30043321,30043523,30050220,6899,202,6697,45000,43706,43715,370,370,1285
302,30143372,30143571,30150263,6891,199,6692,45000,43715,43724,370,370,1276
303,30243428,30243628,30250265,6837,200,6637,45000,43724,43733,370,370,1267
304,30343480,30343681,30350256,6776,201,6575,45000,43733,43741,370,370,1259
305,30443532,30443732,30450258,6726,200,6526,45000,43741,43750,370,370,1250
306,30543584,30543785,30550266,6682,201,6481,45000,43750,43758,369,369,1242
307,30643637,30643837,30650262,6625,200,6425,45000,43758,43766,369,369,1234
308,30743689,30743890,30750256,6567,201,6366,45000,43766,43775,369,369,1225
309,30843740,30843941,30850273,6533,201,6332,45000,43775,43783,368,368,1217
310,30943810,30944010,30950280,6470,200,6270,45000,43783,43791,368,368,1209
311,31043863,31044064,31050273,6410,201,6209,45000,43791,43798,368,368,1202
312,31143916,31144116,31150264,6348,200,6148,45000,43798,43806,368,368,1194
313,31243968,31244168,31250260,6292,200,6092,45000,43806,43814,368,368,1186
314,31344020,31344220,31350261,6241,200,6041,45000,43814,43822,367,367,1178
315,31444072,31444273,31450267,6195,201,5994,45000,43822,43829,367,367,1171
316,31544125,31544326,31550263,6138,201,5937,45000,43829,43837,367,367,1163
317,31644178,31644378,31650262,6084,200,5884,45000,43837,43844,367,367,1156
318,31744230,31744430,31750258,6028,200,5828,45000,43844,43851,367,367,1149
319,31844284,31844484,31850259,5975,200,5775,45000,43851,43859,367,367,1141
320,31944336,31944537,31950261,5925,201,5724,45000,43859,43866,366,366,1134
321,32044389,32044588,32050260,5871,199,5672,45000,43866,43873,366,366,1127
322,32144442,32144643,32150256,5814,201,5613,45000,43873,43880,366,366,1120
323,32244495,32244694,32250265,5770,199,5571,45000,43880,43887,366,366,1113
324,32344548,32344778,32350260,5712,230,5482,45000,43887,43894,366,366,1106
325,32444600,32444833,32450256,5656,233,5423,45000,43894,43900,365,365,1100
326,32544652,32544875,32550264,5612,223,5389,45000,43900,43907,365,365,1093
327,32644723,32644925,32650263,5540,202,5338,45000,43907,43913,365,365,1087
328,32744760,32744959,32750257,5497,199,5298,45000,43913,43920,365,365,1080
329,32844811,32845012,32850258,5447,201,5246,45000,43920,43926,365,365,1074
330,32944862,32945063,32950262,5400,201,5199,45000,43926,43933,365,365,1067
331,33044915,33045115,33050261,5346,200,5146,45000,43933,43939,364,364,1061
332,33144966,33145167,33150259,5293,201,5092,45000,43939,43945,364,364,1055
333,33245017,33245219,33250262,5245,202,5043,45000,43945,43951,364,364,1049
334,33345068,33345268,33350262,5194,200,4994,45000,43951,43958,364,364,1042
335,33445119,33445319,33450260,5141,200,4941,45000,43958,43963,363,363,1037
336,33545171,33545371,33550256,5085,200,4885,45000,43963,43969,364,364,1031
337,33645222,33645422,33650281,5059,200,4859,45000,43969,43975,363,363,1025
338,33745294,33745495,33750275,4981,201,4780,45000,43975,43981,363,363,1019
339,33845345,33845546,33850270,4925,201,4724,45000,43981,43987,363,363,1013
340,33945396,33945596,33950260,4864,200,4664,45000,43987,43992,363,363,1008
341,34045447,34045648,34050257,4810,201,4609,45000,43992,43998,363,363,1002
342,34145499,34145699,34150258,4759,200,4559,45000,43998,44004,363,363,996
343,34245550,34245749,34250264,4714,199,4515,45000,44004,44009,362,362,991
344,34345601,34345802,34350265,4664,201,4463,45000,44009,44014,362,362,986
345,34445653,34445853,34450257,4604,200,4404,45000,44014,44020,362,362,980
346,34545704,34545904,34550256,4552,200,4352,45000,44020,44025,362,362,975
347,34645755,34645956,34650266,4511,201,4310,45000,44025,44030,362,362,970
348,34745807,34746008,34750265,4458,201,4257,45000,44030,44035,362,362,965
349,34845859,34846060,34850257,4398,201,4197,45000,44035,44041,362,362,959
350,34945911,34946111,34950259,4348,200,4148,45000,44041,44046,361,361,954
351,35045963,35046163,35050259,4296,200,4096,45000,44046,44050,361,361,950
352,35146014,35146214,35150258,4244,200,4044,45000,44050,44055,361,361,945
353,35246065,35246266,35250256,4191,201,3990,45000,44055,44060,361,361,940
354,35346117,35346317,35350262,4145,200,3945,45000,44060,44065,361,361,935
355,35446168,35446369,35450264,4096,201,3895,45000,44065,44070,361,361,930
356,35546220,35546420,35550257,4037,200,3837,45000,44070,44075,361,361,925
357,35646272,35646471,35650269,3997,199,3798,45000,44075,44079,361,361,921
358,35746323,35746523,35750258,3935,200,3735,45000,44079,44084,361,361,916
359,35846374,35846575,35850268,3894,201,3693,45000,44084,44089,360,360,911
360,35946425,35946625,35950255,3830,200,3630,45000,44089,44093,360,360,907
361,36046477,36046677,36050266,3789,200,3589,45000,44093,44098,360,360,902
362,36146529,36146729,36150262,3733,200,3533,45000,44098,44102,360,360,898
363,36246580,36246781,36250258,3678,201,3477,45000,44102,44106,360,360,894
364,36346632,36346832,36350276,3644,200,3444,45000,44106,44111,360,360,889
365,36446701,36446902,36450281,3580,201,3379,45000,44111,44115,359,359,885
366,36546753,36546953,36550280,3527,200,3327,45000,44115,44119,359,359,881
367,36646805,36647006,36650265,3460,201,3259,45000,44119,44123,359,359,877
368,36746857,36747057,36750259,3402,200,3202,45000,44123,44127,359,359,873
369,36846908,36847108,36850261,3353,200,3153,45000,44127,44131,359,359,869
370,36946960,36947160,36950265,3305,200,3105,45000,44131,44135,359,359,865
371,37047012,37047212,37050262,3250,200,3050,45000,44135,44139,359,359,861
372,37147063,37147263,37150262,3199,200,2999,45000,44139,44143,359,359,857
373,37247115,37247317,37250259,3144,202,2942,45000,44143,44147,359,359,853
374,37347167,37347368,37350272,3105,201,2904,45000,44147,44151,359,359,849
375,37447219,37447420,37449275,2056,201,1855,45000,44151,44155,359,359,845
376,37547271,37547472,37549387,2116,201,1915,45000,44155,44158,358,358,842
377,37647323,37647523,37659545,12222,200,12022,45000,44158,44162,358,358,838
378,37747374,37747574,37759236,11862,200,11662,45000,44162,44166,358,358,834
379,37847427,37847628,37859289,11862,201,11661,45000,44166,44169,358,358,831
380,37947501,37947702,37959352,11851,201,11650,45000,44169,44173,358,358,827
381,38047576,38047776,38059451,11875,200,11675,45000,44173,44176,358,358,824
382,38147627,38147827,38159485,11858,200,11658,45000,44176,44180,358,358,820
383,38247700,38247900,38259550,11850,200,11650,45000,44180,44183,358,358,817
384,38347754,38347955,38359607,11853,201,11652,45000,44183,44187,358,358,813
385,38447828,38448029,38459679,11851,201,11650,45000,44187,44190,357,357,810
386,38547881,38548081,38559736,11855,200,11655,45000,44190,44193,357,357,807
387,38647954,38648155,38659800,11846,201,11645,45000,44193,44196,357,357,804
388,38748009,38748210,38759874,11865,201,11664,45000,44196,44200,357,357,800
389,38848061,38848261,38859926,11865,200,11665,45000,44200,44203,357,357,797
390,38948136,38948337,38960032,11896,201,11695,45000,44203,44206,357,357,794
391,39048188,39048413,39060073,11885,225,11660,45000,44206,44209,357,357,791
392,39148261,39148489,39160182,11921,228,11693,45000,44209,44212,357,357,788
393,39248313,39248535,39260217,11904,222,11682,45000,44212,44215,357,357,785
394,39348399,39348598,39360272,11873,199,11674,45000,44215,44218,357,357,782
395,39448472,39448672,39460262,11790,200,11590,45000,44218,44221,357,357,779
396,39548523,39548724,39560274,11751,201,11550,45000,44221,44224,357,357,776
397,39648576,39648776,39660277,11701,200,11501,45000,44224,44228,357,357,772
398,39748627,39748828,39760263,11636,201,11435,45000,44228,44230,356,356,770
399,39848678,39848878,39860263,11585,200,11385,45000,44230,44233,357,357,767
400,39948743,39948944,39962052,13309,201,13108,45000,44233,44236,356,356,764
401,40048800,40049002,40060229,11429,202,11227,45000,44236,44239,356,356,761
402,40148850,40149051,40160267,11417,201,11216,45000,44239,44242,356,356,758
403,40248922,40249123,40260263,11341,201,11140,45000,44242,44244,356,356,756
404,40348974,40349173,40360257,11283,199,11084,45000,44244,44247,356,356,753
405,40449025,40449225,40460270,11245,200,11045,45000,44247,44250,356,356,750
406,40549077,40549277,40560267,11190,200,10990,45000,44250,44252,356,356,748
407,40649128,40649329,40660264,11136,201,10935,45000,44252,44255,356,356,745
408,40749179,40749380,40760259,11080,201,10879,45000,44255,44258,356,356,742
409,40849231,40849433,40860256,11025,202,10823,45000,44258,44260,356,356,740
410,40949283,40954388,40960263,10980,5105,5875,45000,44260,44263,356,356,737
411,41049337,41049539,41060259,10922,202,10720,45000,44263,44265,355,355,735
412,41149390,41149592,41160259,10869,202,10667,45000,44265,44268,355,355,732
413,41249443,41249643,41260262,10819,200,10619,45000,44268,44270,355,355,730
414,41349496,41349695,41360256,10760,199,10561,45000,44270,44272,355,355,728
415,41449549,41449749,41460256,10707,200,10507,45000,44272,44275,355,355,725
416,41549603,41549803,41560264,10661,200,10461,45000,44275,44277,355,355,723
417,41649655,41649855,41660262,10607,200,10407,45000,44277,44279,355,355,721
418,41749708,41749908,41760256,10548,200,10348,45000,44279,44281,355,355,719
419,41849761,41849962,41860276,10515,201,10314,45000,44281,44284,355,355,716
420,41949832,41950033,41960283,10451,201,10250,45000,44284,44286,355,355,714
421,42049886,42050087,42060281,10395,201,10194,45000,44286,44288,355,355,712
422,42149939,42150140,42160261,10322,201,10121,45000,44288,44291,355,355,709
423,42249992,42250193,42260262,10270,201,10069,45000,44291,44293,355,355,707
424,42350045,42350246,42360258,10213,201,10012,45000,44293,44295,355,355,705
425,42450098,42450298,42460266,10168,200,9968,45000,44295,44297,355,355,703
426,42550151,42550351,42560263,10112,200,9912,45000,44297,44299,355,355,701
427,42650204,42650438,42660260,10056,234,9822,45000,44299,44302,355,355,698
428,42750258,42750492,42760253,9995,234,9761,45000,44302,44304,354,354,696
429,42850311,42850539,42860262,9951,228,9723,45000,44304,44305,354,354,695
430,42950365,42950588,42960264,9899,223,9676,45000,44305,44308,355,355,692
431,43050430,43050630,43060257,9827,200,9627,45000,44308,44310,354,354,690
432,43150482,43150682,43160267,9785,200,9585,45000,44310,44311,354,354,689
433,43250534,43250735,43260258,9724,201,9523,45000,44311,44313,354,354,687
434,43350587,43350789,43360261,9674,202,9472,45000,44313,44315,354,354,685
435,43450640,43450841,43460252,9612,201,9411,45000,44315,44317,354,354,683
436,43550709,43550909,43560269,9560,200,9360,45000,44317,44319,354,354,681
437,43650762,43650962,43660267,9505,200,9305,45000,44319,44321,354,354,679
438,43750814,43751015,43760264,9450,201,9249,45000,44321,44323,354,354,677
439,43850867,43851067,43860259,9392,200,9192,45000,44323,44324,354,354,676
440,43950919,43951120,43960259,9340,201,9139,45000,44324,44326,354,354,674
441,44050972,44051173,44060277,9305,201,9104,45000,44326,44328,354,354,672
442,44151044,44151244,44160266,9222,200,9022,45000,44328,44330,354,354,670
443,44251095,44251295,44260264,9169,200,8969,45000,44330,44332,354,354,668
444,44351148,44351349,44360261,9113,201,8912,45000,44332,44333,354,354,667
445,44451200,44451400,44460262,9062,200,8862,45000,44333,44335,354,354,665
446,44551253,44551454,44560257,9004,201,8803,45000,44335,44337,354,354,663
447,44651306,44651506,44660271,8965,200,8765,45000,44337,44339,354,354,661
448,44751359,44751560,44760259,8900,201,8699,45000,44339,44340,353,353,660
449,44851412,44851612,44860263,8851,200,8651,45000,44340,44342,354,354,658
450,44951465,44951665,44960263,8798,200,8598,45000,44342,44343,353,353,657
451,45051518,45051719,45060257,8739,201,8538,45000,44343,44345,353,353,655
452,45151570,45151772,45160255,8685,202,8483,45000,44345,44346,353,353,654
453,45251623,45251824,45260263,8640,201,8439,45000,44346,44348,353,353,652
454,45351676,45351875,45360261,8585,199,8386,45000,44348,44349,353,353,651
455,45451728,45451930,45460259,8531,202,8329,45000,44349,44351,353,353,649
456,45551781,45551981,45560263,8482,200,8282,45000,44351,44352,353,353,648
457,45651833,45652033,45660262,8429,200,8229,45000,44352,44354,353,353,646
458,45751885,45752086,45760257,8372,201,8171,45000,44354,44355,353,353,645
459,45851938,45852138,45860256,8318,200,8118,45000,44355,44356,353,353,644
460,45951990,45952190,45960263,8273,200,8073,45000,44356,44358,353,353,642
461,46052043,46052243,46060262,8219,200,8019,45000,44358,44359,353,353,641
462,46152095,46152297,46160255,8160,202,7958,45000,44359,44361,353,353,639
463,46252147,46252348,46260268,8121,201,7920,45000,44361,44362,353,353,638
464,46352200,46352401,46360266,8066,201,7865,45000,44362,44363,353,353,637
465,46452252,46452452,46460258,8006,200,7806,45000,44363,44365,353,353,635
466,46552304,46552503,46560258,7954,199,7755,45000,44365,44366,353,353,634
467,46652356,46652557,46660279,7923,201,7722,45000,44366,44368,353,353,632
468,46752429,46752631,46760277,7848,202,7646,45000,44368,44369,353,353,631
469,46852481,46852682,46860273,7792,201,7591,45000,44369,44370,353,353,630
470,46952533,46952735,46960261,7728,202,7526,45000,44370,44372,353,353,628
471,47052586,47052787,47060260,7674,201,7473,45000,44372,44373,353,353,627
472,47152638,47152838,47160261,7623,200,7423,45000,44373,44374,353,353,626
473,47252690,47252891,47260263,7573,201,7372,45000,44374,44376,353,353,624
474,47352743,47352943,47360264,7521,200,7321,45000,44376,44377,352,352,623
475,47452795,47452996,47460259,7464,201,7263,45000,44377,44378,352,352,622
476,47552848,47553048,47560258,7410,200,7210,45000,44378,44379,352,352,621
477,47652900,47653100,47660266,7366,200,7166,45000,44379,44380,352,352,620
478,47752953,47753153,47760260,7307,200,7107,45000,44380,44381,352,352,619
479,47853005,47853205,47860258,7253,200,7053,45000,44381,44382,352,352,618
480,47953059,47953259,47960263,7204,200,7004,45000,44382,44383,352,352,617
481,48053111,48053312,48060262,7151,201,6950,45000,44383,44384,352,352,616
482,48153165,48153366,48160256,7091,201,6890,45000,44384,44385,352,352,615
483,48253216,48253418,48260256,7040,202,6838,45000,44385,44386,352,352,614
484,48353269,48353470,48360264,6995,201,6794,45000,44386,44387,352,352,613
485,48453322,48453523,48460262,6940,201,6739,45000,44387,44388,352,352,612
486,48553375,48553574,48560257,6882,199,6683,45000,44388,44389,352,352,611
487,48653427,48653627,48660266,6839,200,6639,45000,44389,44390,352,352,610
488,48753481,48753681,48760264,6783,200,6583,45000,44390,44391,352,352,609
489,48853532,48853732,48860258,6726,200,6526,45000,44391,44392,352,352,608
490,48953585,48953786,48960259,6674,201,6473,45000,44392,44393,352,352,607
491,49053638,49053838,49060261,6623,200,6423,45000,44393,44394,352,352,606
492,49153690,49153890,49160262,6572,200,6372,45000,44394,44395,352,352,605
493,49253744,49253945,49260258,6514,201,6313,45000,44395,44396,352,352,604
494,49353796,49353997,49360275,6479,201,6278,45000,44396,44397,352,352,603
495,49453850,49454051,49460280,6430,201,6229,45000,44397,44398,352,352,602
496,49553903,49554103,49560274,6371,200,6171,45000,44398,44399,352,352,601
497,49653956,49654157,49660264,6308,201,6107,45000,44399,44400,352,352,600
498,49754008,49754208,49760259,6251,200,6051,45000,44400,44401,352,352,599
499,49854061,49854261,49860258,6197,200,5997,45000,44401,44402,352,352,598
500,49954114,49954315,49962056,7942,201,7741,45000,44402,44403,352,352,597
501,50054172,50054374,50060227,6055,202,5853,45000,44403,44404,352,352,596
502,50154222,50154423,50160262,6040,201,5839,45000,44404,44405,352,352,595
503,50254296,50254496,50260261,5965,200,5765,45000,44405,44406,352,352,594
504,50354349,50354549,50360265,5916,200,5716,45000,44406,44407,352,352,593
505,50454402,50454603,50460264,5862,201,5661,45000,44407,44408,352,352,592
506,50554455,50554655,50560259,5804,200,5604,45000,44408,44408,352,352,592
507,50654507,50654734,50660259,5752,227,5525,45000,44408,44409,352,352,591
508,50754560,50754790,50760264,5704,230,5474,45000,44409,44410,352,352,590
509,50854613,50854844,50860261,5648,231,5417,45000,44410,44411,352,352,589
510,50954664,50954886,50960254,5590,222,5368,45000,44411,44412,352,352,588
511,51054733,51054932,51060266,5533,199,5334,45000,44412,44413,352,352,587
512,51154784,51154984,51160261,5477,200,5277,45000,44413,44414,352,352,586
513,51254835,51255059,51260260,5425,224,5201,45000,44414,44415,352,352,585
514,51354886,51355087,51360255,5369,201,5168,45000,44415,44416,351,351,584
515,51454939,51455139,51460263,5324,200,5124,45000,44416,44416,351,351,584
516,51554990,51555191,51560261,5271,201,5070,45000,44416,44417,352,352,583
517,51655041,51655242,51660256,5215,201,5014,45000,44417,44418,351,351,582
518,51755093,51755295,51760266,5173,202,4971,45000,44418,44418,351,351,582
519,51855145,51855347,51860260,5115,202,4913,45000,44418,44419,351,351,581
520,51955197,51955397,51960260,5063,200,4863,45000,44419,44419,351,351,581
521,52055249,52055449,52060256,5007,200,4807,45000,44419,44420,351,351,580
522,52155299,52155500,52160282,4983,201,4782,45000,44420,44421,351,351,579
523,52255371,52255570,52260277,4906,199,4707,45000,44421,44421,351,351,579
524,52355423,52355624,52360273,4850,201,4649,45000,44421,44422,351,351,578
525,52455475,52455676,52460261,4786,201,4585,45000,44422,44422,351,351,578
526,52555525,52555727,52560258,4733,202,4531,45000,44422,44423,351,351,577
527,52655577,52655777,52660258,4681,200,4481,45000,44423,44424,351,351,576
528,52755628,52755828,52760266,4638,200,4438,45000,44424,44424,351,351,576
529,52855679,52855880,52860257,4578,201,4377,45000,44424,44425,351,351,575
530,52955731,52955931,52960259,4528,200,4328,45000,44425,44425,351,351,575
531,53055782,53055981,53060268,4486,199,4287,45000,44425,44426,351,351,574
532,53155834,53156034,53160265,4431,200,4231,45000,44426,44427,351,351,573
533,53255885,53256086,53260264,4379,201,4178,45000,44427,44427,351,351,573
534,53355936,53356136,53360259,4323,200,4123,45000,44427,44428,351,351,572
535,53455987,53456187,53460259,4272,200,4072,45000,44428,44428,351,351,572
536,53556038,53556240,53560265,4227,202,4025,45000,44428,44429,351,351,571
537,53656090,53656291,53660261,4171,201,3970,45000,44429,44429,351,351,571
538,53756141,53756343,53760256,4115,202,3913,45000,44429,44430,351,351,570
539,53856193,53856393,53860260,4067,200,3867,45000,44430,44431,351,351,569
540,53956244,53956444,53960262,4018,200,3818,45000,44431,44431,351,351,569
541,54056295,54056497,54060256,3961,202,3759,45000,44431,44432,351,351,568
542,54156347,54156548,54160271,3924,201,3723,45000,44432,44432,351,351,568
543,54256399,54256600,54260266,3867,201,3666,45000,44432,44433,351,351,567
544,54356450,54356651,54360261,3811,201,3610,45000,44433,44433,351,351,567
545,54456501,54456703,54460258,3757,202,3555,45000,44433,44434,351,351,566
546,54556553,54556753,54560267,3714,200,3514,45000,44434,44434,351,351,566
547,54656605,54661755,54670242,13637,5150,8487,45000,44434,44435,351,351,565
548,54756656,54756858,54760220,3564,202,3362,45000,44435,44435,351,351,565
549,54856708,54856909,54860295,3587,201,3386,45000,44435,44436,351,351,564
550,54956761,54956962,54960284,3523,201,3322,45000,44436,44437,351,351,563
551,55056813,55057013,55060279,3466,200,3266,45000,44437,44437,351,351,563
552,55156865,55157067,55160266,3401,202,3199,45000,44437,44438,351,351,562
553,55256916,55257115,55260264,3348,199,3149,45000,44438,44438,351,351,562
554,55356967,55357170,55360261,3294,203,3091,45000,44438,44439,351,351,561
555,55457019,55457220,55460268,3249,201,3048,45000,44439,44439,351,351,561
556,55557071,55557273,55560265,3194,202,2992,45000,44439,44440,351,351,560
557,55657123,55657323,55660260,3137,200,2937,45000,44440,44440,351,351,560
558,55757174,55757376,55760260,3086,202,2884,45000,44440,44441,351,351,559
559,55857226,55857427,55859277,2051,201,1850,45000,44441,44441,351,351,559
560,55957278,55957478,55959387,2109,200,1909,45000,44441,44442,351,351,558
561,56057329,56057529,56069547,12218,200,12018,45000,44442,44442,351,351,558
562,56157381,56157583,56169245,11864,202,11662,45000,44442,44443,351,351,557
563,56257433,56257635,56269320,11887,202,11685,45000,44443,44443,351,351,557
564,56357484,56357686,56369343,11859,202,11657,45000,44443,44444,351,351,556
565,56457554,56457755,56469408,11854,201,11653,45000,44444,44444,351,351,556
566,56557607,56557809,56569461,11854,202,11652,45000,44444,44445,351,351,555
567,56657680,56657880,56669531,11851,200,11651,45000,44445,44445,351,351,555
568,56757733,56757934,56769590,11857,201,11656,45000,44445,44446,351,351,554
569,56857807,56858009,56869654,11847,202,11645,45000,44446,44446,351,351,554
570,56957862,56958064,56969720,11858,202,11656,45000,44446,44447,351,351,553
571,57057917,57058118,57069772,11855,201,11654,45000,44447,44447,351,351,553
572,57157991,57158192,57169869,11878,201,11677,45000,44447,44448,351,351,552
573,57258043,57258242,57269908,11865,199,11666,45000,44448,44448,351,351,552
574,57358116,57358317,57369974,11858,201,11657,45000,44448,44449,351,351,551
575,57458171,57458391,57470049,11878,220,11658,45000,44449,44449,350,350,551
576,57558226,57558452,57570099,11873,226,11647,45000,44449,44449,351,351,551
577,57658298,57658520,57670216,11918,222,11696,45000,44449,44450,351,351,550
578,57758351,57758569,57770248,11897,218,11679,45000,44450,44450,350,350,550
579,57858424,57858626,57870287,11863,202,11661,45000,44450,44451,351,351,549
580,57958491,57958692,57970243,11752,201,11551,45000,44451,44451,350,350,549
581,58058544,58058745,58070277,11733,201,11532,45000,44451,44451,351,351,549
582,58158596,58158796,58170277,11681,200,11481,45000,44451,44452,351,351,548
583,58258647,58258848,58270282,11635,201,11434,45000,44452,44452,350,350,548
584,58358698,58358899,58370263,11565,201,11364,45000,44452,44452,350,350,548
585,58458769,58458970,58470257,11488,201,11287,45000,44452,44452,350,350,548
586,58558821,58559021,58570265,11444,200,11244,45000,44452,44453,350,350,547
587,58658872,58659072,58670264,11392,200,11192,45000,44453,44453,350,350,547
588,58758924,58759126,58770260,11336,202,11134,45000,44453,44453,350,350,547
589,58858975,58859176,58870256,11281,201,11080,45000,44453,44453,350,350,547
590,58959026,58959227,58970265,11239,201,11038,45000,44453,44453,350,350,547
591,59059079,59059280,59070262,11183,201,10982,45000,44453,44453,350,350,547
592,59159131,59159333,59170262,11131,202,10929,45000,44453,44454,350,350,546
593,59259182,59259383,59270270,11088,201,10887,45000,44454,44454,350,350,546
594,59359234,59359434,59370270,11036,200,10836,45000,44454,44454,350,350,546
595,59459285,59459488,59470265,10980,203,10777,45000,44454,44454,350,350,546
596,59559340,59559541,59570265,10925,201,10724,45000,44454,44454,350,350,546
597,59659393,59659595,59670257,10864,202,10662,45000,44454,44455,350,350,545
598,59759447,59759647,59770257,10810,200,10610,45000,44455,44455,350,350,545
599,59859500,59859701,59870271,10771,201,10570,45000,44455,44455,350,350,545
600,59959553,59959755,59973018,13465,202,13263,45000,44455,44455,350,350,545
601,60059611,60059824,60070226,10615,213,10402,65000,44455,44637,1000,1000,20363
602,60159664,60159866,60170262,10598,202,10396,65000,44637,44819,1000,1000,20181
603,60259738,60259939,60270261,10523,201,10322,65000,44819,44999,1000,1000,20001
604,60359793,60359994,60370278,10485,201,10284,65000,44999,45179,1000,1000,19821
605,60459846,60460047,60470239,10393,201,10192,65000,45179,45359,1000,1000,19641
606,60559899,60560100,60570255,10356,201,10155,65000,45359,45537,1000,1000,19463
607,60659953,60660154,60670267,10314,201,10113,65000,45537,45715,1000,1000,19285
608,60760007,60760208,60770262,10255,201,10054,65000,45715,45892,1000,1000,19108
609,60860060,60860261,60870259,10199,201,9998,65000,45892,46069,1000,1000,18931
610,60960114,60960315,60970266,10152,201,9951,65000,46069,46244,1000,1000,18756
611,61060168,61060369,61070264,10096,201,9895,65000,46244,46419,1000,1000,18581
612,61160220,61160455,61170259,10039,235,9804,65000,46419,46594,1000,1000,18406
613,61260274,61260512,61270256,9982,238,9744,65000,46594,46767,1000,1000,18233
614,61360328,61360556,61370264,9936,228,9708,65000,46767,46940,1000,1000,18060
615,61460399,61460602,61470262,9863,203,9660,65000,46940,47113,1000,1000,17887
616,61560436,61560636,61570257,9821,200,9621,65000,47113,47284,1000,1000,17716
617,61660487,61660690,61670263,9776,203,9573,65000,47284,47455,1000,1000,17545
618,61760540,61760740,61770262,9722,200,9522,65000,47455,47625,1000,1000,17375
619,61860592,61860792,61870260,9668,200,9468,65000,47625,47795,1000,1000,17205
620,61960645,61960846,61970254,9609,201,9408,65000,47795,47964,1000,1000,17036
621,62060698,62060898,62070264,9566,200,9366,65000,47964,48132,1000,1000,16868
622,62160751,62160952,62170264,9513,201,9312,65000,48132,48299,1000,1000,16701
623,62260804,62261003,62270256,9452,199,9253,65000,48299,48466,1000,1000,16534
624,62360857,62361058,62370274,9417,201,9216,65000,48466,48632,1000,1000,16368
625,62460928,62461128,62470276,9348,200,9148,65000,48632,48798,1000,1000,16202
626,62560980,62561181,62570275,9295,201,9094,65000,48798,48962,1000,1000,16038
627,62661033,62661234,62670265,9232,201,9031,65000,48962,49127,1000,1000,15873
628,62761086,62761287,62770260,9174,201,8973,65000,49127,49290,1000,1000,15710
629,62861139,62861339,62870257,9118,200,8918,65000,49290,49453,1000,1000,15547
630,62961192,62961392,62970269,9077,200,8877,65000,49453,49615,1000,1000,15385
631,63061246,63061448,63070267,9021,202,8819,65000,49615,49776,997,997,15224
632,63161299,63161500,63170261,8962,201,8761,65000,49776,49935,993,993,15065
633,63261352,63261552,63270262,8910,200,8710,65000,49935,50092,989,989,14908
634,63361404,63361606,63370256,8852,202,8650,65000,50092,50247,984,984,14753
635,63461456,63461656,63470265,8809,200,8609,65000,50247,50400,980,980,14600
636,63561509,63561709,63570256,8747,200,8547,65000,50400,50552,976,976,14448
637,63661561,63661762,63670257,8696,201,8495,65000,50552,50702,972,972,14298
638,63761615,63761815,63770266,8651,200,8451,65000,50702,50850,968,968,14150
639,63861668,63861869,63870262,8594,201,8393,65000,50850,50997,964,964,14003
640,63961721,63961921,63970257,8536,200,8336,65000,50997,51142,960,960,13858
641,64061774,64061975,64070267,8493,201,8292,65000,51142,51285,956,956,13715
642,64161828,64162028,64170257,8429,200,8229,65000,51285,51426,953,953,13574
643,64261881,64262082,64270260,8379,201,8178,65000,51426,51566,949,949,13434
644,64361934,64362135,64370251,8317,201,8116,65000,51566,51705,945,945,13295
645,64461987,64462188,64470265,8278,201,8077,65000,51705,51841,941,941,13159
646,64562040,64562240,64570263,8223,200,8023,65000,51841,51977,938,938,13023
647,64662092,64662293,64670260,8168,201,7967,65000,51977,52110,934,934,12890
648,64762145,64762345,64770263,8118,200,7918,65000,52110,52243,931,931,12757
649,64862198,64862399,64870263,8065,201,7864,65000,52243,52373,927,927,12627
650,64962251,64962452,64970262,8011,201,7810,65000,52373,52502,924,924,12498
651,65062303,65062504,65070257,7954,201,7753,65000,52502,52630,920,920,12370
652,65162356,65162557,65170280,7924,201,7723,65000,52630,52756,917,917,12244
653,65262429,65262629,65270279,7850,200,7650,65000,52756,52881,914,914,12119
654,65362481,65362683,65370273,7792,202,7590,65000,52881,53004,910,910,11996
655,65462534,65462734,65470263,7729,200,7529,65000,53004,53126,907,907,11874
656,65562586,65562786,65570263,7677,200,7477,65000,53126,53247,904,904,11753
657,65662640,65662841,65670257,7617,201,7416,65000,53247,53366,900,900,11634
658,65762692,65762892,65770267,7575,200,7375,65000,53366,53484,897,897,11516
659,65862746,65862948,65870264,7518,202,7316,65000,53484,53600,894,894,11400
660,65962799,65962999,65970261,7462,200,7262,65000,53600,53715,891,891,11285
661,66062852,66063053,66070256,7404,201,7203,65000,53715,53829,888,888,11171
662,66162905,66163106,66170265,7360,201,7159,65000,53829,53941,885,885,11059
663,66262958,66263159,66270263,7305,201,7104,65000,53941,54053,882,882,10947
664,66363012,66363211,66370262,7250,199,7051,65000,54053,54162,879,879,10838
665,66463065,66463267,66470257,7192,202,6990,65000,54162,54271,876,876,10729
666,66563119,66563320,66570264,7145,201,6944,65000,54271,54378,873,873,10622
667,66663172,66663373,66670259,7087,201,6886,65000,54378,54485,870,870,10515
668,66763225,66763425,66770256,7031,200,6831,65000,54485,54589,867,867,10411
669,66863278,66863478,66870264,6986,200,6786,65000,54589,54693,865,865,10307
670,66963331,66963533,66970262,6931,202,6729,65000,54693,54796,862,862,10204
671,67063384,67063584,67070256,6872,200,6672,65000,54796,54897,859,859,10103
672,67163436,67163636,67170266,6830,200,6630,65000,54897,54998,857,857,10002
673,67263490,67263690,67270263,6773,200,6573,65000,54998,55097,854,854,9903
674,67363542,67363742,67370258,6716,200,6516,65000,55097,55195,851,851,9805
675,67463595,67463796,67470259,6664,201,6463,65000,55195,55291,849,849,9709
676,67563648,67563848,67570266,6618,200,6418,65000,55291,55387,846,846,9613
677,67663702,67663901,67670258,6556,199,6357,65000,55387,55482,844,844,9518
678,67763754,67763955,67770257,6503,201,6302,65000,55482,55576,841,841,9424
679,67863806,67864007,67870275,6469,201,6268,65000,55576,55668,838,838,9332
680,67963877,67964077,67970282,6405,200,6205,65000,55668,55759,836,836,9241
681,68063930,68064131,68070278,6348,201,6147,65000,55759,55850,834,834,9150
682,68163982,68164183,68170268,6286,201,6085,65000,55850,55939,831,831,9061
683,68264035,68269175,68280245,16210,5140,11070,65000,55939,56027,829,829,8973
684,68364087,68364289,68369540,5453,202,5251,65000,56027,56115,827,827,8885
685,68464139,68464340,68469653,5514,201,5313,65000,56115,56201,824,824,8799
686,68564193,68564393,68569701,5508,200,5308,65000,56201,56286,822,822,8714
687,68664269,68664470,68669766,5497,201,5296,65000,56286,56371,820,820,8629
688,68764341,68764542,68769829,5488,201,5287,65000,56371,56454,817,817,8546
689,68864413,68864613,68869907,5494,200,5294,65000,56454,56537,815,815,8463
690,68964487,68964688,68969972,5485,201,5284,65000,56537,56618,813,813,8382
691,69064569,69064798,69070050,5481,229,5252,65000,56618,56699,811,811,8301
692,69164658,69164883,69170113,5455,225,5230,65000,56699,56778,809,809,8222
693,69264746,69264945,69270188,5442,199,5243,65000,56778,56857,807,807,8143
694,69364819,69365020,69370251,5432,201,5231,65000,56857,56935,804,804,8065
695,69464889,69465089,69470258,5369,200,5169,65000,56935,57012,802,802,7988
696,69564941,69565142,69570256,5315,201,5114,65000,57012,57088,800,800,7912
697,69664992,69665192,69670261,5269,200,5069,65000,57088,57163,798,798,7837
698,69765044,69765245,69770264,5220,201,5019,65000,57163,57237,796,796,7763
699,69865096,69865296,69870254,5158,200,4958,65000,57237,57310,794,794,7690
700,69965148,69965350,69972060,6912,202,6710,65000,57310,57383,792,792,7617
701,70065205,70065405,70070225,5020,200,4820,65000,57383,57455,790,790,7545
702,70165256,70165456,70170261,5005,200,4805,65000,57455,57525,788,788,7475
703,70265328,70265530,70270264,4936,202,4734,65000,57525,57596,787,787,7404
704,70365380,70365581,70370261,4881,201,4680,65000,57596,57665,785,785,7335
705,70465432,70465633,70470258,4826,201,4625,65000,57665,57734,783,783,7266
706,70565484,70565685,70570257,4773,201,4572,65000,57734,57801,781,781,7199
707,70665535,70665735,70670279,4744,200,4544,65000,57801,57868,779,779,7132
708,70765607,70765807,70770281,4674,200,4474,65000,57868,57935,778,778,7065
709,70865658,70865860,70870275,4617,202,4415,65000,57935,58000,776,776,7000
710,70965710,70965911,70970262,4552,201,4351,65000,58000,58065,774,774,6935
711,71065762,71065962,71070261,4499,200,4299,65000,58065,58129,772,772,6871
712,71165814,71166015,71170254,4440,201,4239,65000,58129,58192,771,771,6808
713,71265866,71266067,71270266,4400,201,4199,65000,58192,58255,769,769,6745
714,71365917,71366117,71370261,4344,200,4144,65000,58255,58316,767,767,6684
715,71465968,71466170,71470256,4288,202,4086,65000,58316,58378,766,766,6622
716,71566020,71566220,71570267,4247,200,4047,65000,58378,58438,764,764,6562
717,71666072,71666273,71670263,4191,201,3990,65000,58438,58498,762,762,6502
718,71766123,71766325,71770260,4137,202,3935,65000,58498,58557,761,761,6443
719,71866175,71866375,71870255,4080,200,3880,65000,58557,58615,759,759,6385
720,71966227,71966428,71970270,4043,201,3842,65000,58615,58673,758,758,6327
721,72066302,72066502,72070272,3970,200,3770,65000,58673,58730,756,756,6270
722,72166354,72166555,72170271,3917,201,3716,65000,58730,58786,755,755,6214
723,72266406,72266607,72270262,3856,201,3655,65000,58786,58842,753,753,6158
724,72366457,72366657,72370257,3800,200,3600,65000,58842,58897,752,752,6103
725,72466508,72466709,72470266,3758,201,3557,65000,58897,58952,750,750,6048
726,72566559,72566760,72570257,3698,201,3497,65000,58952,59006,749,749,5994
727,72666611,72666811,72670258,3647,200,3447,65000,59006,59059,747,747,5941
728,72766662,72766863,72770268,3606,201,3405,65000,59059,59111,746,746,5889
729,72866714,72866915,72870257,3543,201,3342,65000,59111,59164,745,745,5836
730,72966766,72966967,72970261,3495,201,3294,65000,59164,59215,743,743,5785
731,73066818,73067017,73070264,3446,199,3247,65000,59215,59266,742,742,5734
732,73166870,73167070,73170260,3390,200,3190,65000,59266,59316,740,740,5684
733,73266921,73267123,73270262,3341,202,3139,65000,59316,59366,739,739,5634
734,73366973,73367174,73370277,3304,201,3103,65000,59366,59415,738,738,5585
735,73467025,73467226,73470287,3262,201,3061,65000,59415,59463,736,736,5537
736,73567076,73567278,73570284,3208,202,3006,65000,59463,59511,735,735,5489
737,73667129,73667331,73670270,3141,202,2939,65000,59511,59559,734,734,5441
738,73767180,73767381,73769236,2056,201,1855,65000,59559,59605,732,732,5395
739,73867232,73867431,73869347,2115,199,1916,65000,59605,59652,731,731,5348
740,73967283,73967484,73979510,12227,201,12026,65000,59652,59697,730,730,5303
741,74067335,74067535,74079613,12278,200,12078,65000,59697,59743,729,729,5257
742,74167386,74167587,74179662,12276,201,12075,65000,59743,59788,728,728,5212
743,74267439,74267641,74279258,11819,202,11617,65000,59788,59832,726,726,5168
744,74367490,74367692,74379372,11882,202,11680,65000,59832,59875,725,725,5125
745,74467542,74467743,74479400,11858,201,11657,65000,59875,59919,724,724,5081
746,74567614,74567814,74579463,11849,200,11649,65000,59919,59961,723,723,5039
747,74667669,74667870,74679529,11860,201,11659,65000,59961,60004,722,722,4996
748,74767724,74767925,74779580,11856,201,11655,65000,60004,60046,721,721,4954
749,74867798,74867999,74879646,11848,201,11647,65000,60046,60087,720,720,4913
750,74967853,74968054,74979705,11852,201,11651,65000,60087,60128,719,719,4872
751,75067926,75068126,75079802,11876,200,11676,65000,60128,60168,717,717,4832
752,75167978,75168179,75179849,11871,201,11670,65000,60168,60208,716,716,4792
753,75268032,75268234,75279901,11869,202,11667,65000,60208,60247,715,715,4753
754,75368106,75368305,75379965,11859,199,11660,65000,60247,60286,714,714,4714
755,75468174,75468394,75480077,11903,220,11683,65000,60286,60325,713,713,4675
756,75568226,75568453,75580131,11905,227,11678,65000,60325,60363,712,712,4637
757,75668278,75668504,75680167,11889,226,11663,65000,60363,60400,711,711,4600
758,75768330,75768550,75780216,11886,220,11666,65000,60400,60438,710,710,4562
759,75868411,75868612,75880262,11851,201,11650,65000,60438,60474,709,709,4526
760,75968482,75968683,75980261,11779,201,11578,65000,60474,60511,708,708,4489
761,76068533,76068735,76080274,11741,202,11539,65000,60511,60547,707,707,4453
762,76168585,76168786,76180284,11699,201,11498,65000,60547,60582,706,706,4418
763,76268637,76268836,76280260,11623,199,11424,65000,60582,60617,705,705,4383
764,76368687,76368888,76380262,11575,201,11374,65000,60617,60652,704,704,4348
765,76468759,76468959,76480265,11506,200,11306,65000,60652,60686,703,703,4314
766,76568811,76569011,76580257,11446,200,11246,65000,60686,60720,703,703,4280
767,76668862,76669063,76680255,11393,201,11192,65000,60720,60754,702,702,4246
768,76768913,76769114,76780264,11351,201,11150,65000,60754,60787,701,701,4213
769,76868965,76869166,76880263,11298,201,11097,65000,60787,60820,700,700,4180
770,76969015,76969217,76980257,11242,202,11040,65000,60820,60852,699,699,4148
771,77069068,77069269,77080265,11197,201,10996,65000,60852,60885,698,698,4115
772,77169119,77169320,77180264,11145,201,10944,65000,60885,60916,697,697,4084
773,77269170,77269371,77280257,11087,201,10886,65000,60916,60948,697,697,4052
774,77369222,77369423,77380254,11032,201,10831,65000,60948,60979,696,696,4021
775,77469273,77469473,77480263,10990,200,10790,65000,60979,61009,695,695,3991
776,77569326,77569527,77580261,10935,201,10734,65000,61009,61040,694,694,3960
777,77669379,77669578,77680262,10883,199,10684,65000,61040,61070,693,693,3930
778,77769451,77769652,77780262,10811,201,10610,65000,61070,61099,692,692,3901
779,77869504,77869705,77880264,10760,201,10559,65000,61099,61128,692,692,3872
780,77969557,77969758,77980260,10703,201,10502,65000,61128,61157,691,691,3843
781,78069610,78069810,78080256,10646,200,10446,65000,61157,61186,690,690,3814
782,78169663,78169864,78180280,10617,201,10416,65000,61186,61214,689,689,3786
783,78269736,78269937,78280275,10539,201,10338,65000,61214,61242,689,689,3758
784,78369789,78369991,78380272,10483,202,10281,65000,61242,61270,688,688,3730
785,78469842,78470041,78480259,10417,199,10218,65000,61270,61297,687,687,3703
786,78569894,78570096,78580261,10367,202,10165,65000,61297,61324,686,686,3676
787,78669949,78670151,78680258,10309,202,10107,65000,61324,61351,686,686,3649
788,78770002,78770202,78780267,10265,200,10065,65000,61351,61377,685,685,3623
789,78870056,78870257,78880267,10211,201,10010,65000,61377,61403,684,684,3597
790,78970108,78970310,78980258,10150,202,9948,65000,61403,61429,683,683,3571
791,79070162,79070362,79080260,10098,200,9898,65000,61429,61454,683,683,3546
792,79170215,79170450,79180263,10048,235,9813,65000,61454,61480,682,682,3520
793,79270268,79270505,79280262,9994,237,9757,65000,61480,61504,681,681,3496
794,79370320,79370546,79380258,9938,226,9712,65000,61504,61529,681,681,3471
795,79470391,79470597,79480263,9872,206,9666,65000,61529,61553,680,680,3447
796,79570436,79570637,79580263,9827,201,9626,65000,61553,61577,680,680,3423
797,79670488,79670689,79680259,9771,201,9570,65000,61577,61601,679,679,3399
798,79770540,79770740,79780257,9717,200,9517,65000,61601,61625,678,678,3375
799,79870593,79870794,79880266,9673,201,9472,65000,61625,61648,677,677,3352
800,79970647,79970848,79982055,11408,201,11207,65000,61648,61671,677,677,3329
801,80070706,80070907,80080222,9516,201,9315,65000,61671,61693,676,676,3307
802,80170758,80170959,80180265,9507,201,9306,65000,61693,61716,676,676,3284
803,80270815,80271016,80280261,9446,201,9245,65000,61716,61738,675,675,3262
804,80370867,80371066,80380260,9393,199,9194,65000,61738,61760,675,675,3240
805,80470920,80471120,80480255,9335,200,9135,65000,61760,61782,674,674,3218
806,80570973,80571173,80580264,9291,200,9091,65000,61782,61803,673,673,3197
807,80671026,80671226,80680264,9238,200,9038,65000,61803,61824,673,673,3176
808,80771079,80771281,80780259,9180,202,8978,65000,61824,61845,672,672,3155
809,80871131,80871333,80880275,9144,202,8942,65000,61845,61866,672,672,3134
810,80971202,80971401,80980278,9076,199,8877,65000,61866,61886,671,671,3114
811,81071254,81071456,81080276,9022,202,8820,65000,61886,61907,671,671,3093
812,81171308,81171508,81180264,8956,200,8756,65000,61907,61927,670,670,3073
813,81271360,81271560,81280261,8901,200,8701,65000,61927,61946,670,670,3054
814,81371414,81371615,81380260,8846,201,8645,65000,61946,61966,669,669,3034
815,81471465,81471667,81480264,8799,202,8597,65000,61966,61985,668,668,3015
816,81571519,81571720,81580265,8746,201,8545,65000,61985,62004,668,668,2996
817,81671571,81671772,81680260,8689,201,8488,65000,62004,62023,668,668,2977
818,81771624,81771823,81780258,8634,199,8435,65000,62023,62042,667,667,2958
819,81871677,81876775,81880269,8592,5098,3494,65000,62042,62060,666,666,2940
820,81971730,81971932,81980260,8530,202,8328,65000,62060,62079,666,666,2921
821,82071782,82071983,82080261,8479,201,8278,65000,62079,62096,665,665,2904
822,82171835,82172036,82180263,8428,201,8227,65000,62096,62114,665,665,2886
823,82271888,82272089,82280265,8377,201,8176,65000,62114,62132,665,665,2868
824,82371940,82372140,82380263,8323,200,8123,65000,62132,62149,664,664,2851
825,82471993,82472194,82480259,8266,201,8065,65000,62149,62167,664,664,2833
826,82572045,82572245,82580267,8222,200,8022,65000,62167,62184,663,663,2816
827,82672099,82672299,82680264,8165,200,7965,65000,62184,62201,663,663,2799
828,82772152,82772352,82780258,8106,200,7906,65000,62201,62217,662,662,2783
829,82872205,82872405,82880256,8051,200,7851,65000,62217,62234,662,662,2766
830,82972257,82972458,82980266,8009,201,7808,65000,62234,62250,661,661,2750
831,83072311,83072512,83080262,7951,201,7750,65000,62250,62266,661,661,2734
832,83172364,83172563,83180260,7896,199,7697,65000,62266,62282,661,661,2718
833,83272416,83272616,83280264,7848,200,7648,65000,62282,62298,660,660,2702
834,83372489,83372690,83380264,7775,201,7574,65000,62298,62313,660,660,2687
835,83472543,83472743,83480259,7716,200,7516,65000,62313,62328,659,659,2672
836,83572596,83572796,83580259,7663,200,7463,65000,62328,62344,659,659,2656
837,83672648,83672849,83680280,7632,201,7431,65000,62344,62358,658,658,2642
838,83772719,83772920,83780280,7561,201,7360,65000,62358,62373,658,658,2627
839,83872772,83872974,83880271,7499,202,7297,65000,62373,62388,658,658,2612
840,83972825,83973025,83980261,7436,200,7236,65000,62388,62402,657,657,2598
841,84072876,84073076,84080259,7383,200,7183,65000,62402,62417,657,657,2583
842,84172930,84173130,84180255,7325,200,7125,65000,62417,62431,656,656,2569
843,84272982,84273182,84280264,7282,200,7082,65000,62431,62445,656,656,2555
844,84373034,84373235,84380260,7226,201,7025,65000,62445,62459,656,656,2541
845,84473087,84473288,84480258,7171,201,6970,65000,62459,62472,655,655,2528
846,84573139,84573339,84580262,7123,200,6923,65000,62472,62486,655,655,2514
847,84673192,84673393,84680263,7071,201,6870,65000,62486,62499,655,655,2501
848,84773244,84773443,84780260,7016,199,6817,65000,62499,62512,654,654,2488
849,84873296,84873496,84880264,6968,200,6768,65000,62512,62525,654,654,2475
850,84973350,84973552,84980254,6904,202,6702,65000,62525,62538,654,654,2462
851,85073403,85073603,85080262,6859,200,6659,65000,62538,62516,653,653,2484
852,85173456,85173656,85180262,6806,200,6606,65000,62516,62496,660,660,2504
853,85273509,85273709,85280257,6748,200,6548,65000,62496,62476,661,661,2524
854,85373561,85373760,85380264,6703,199,6504,65000,62476,62456,662,662,2544
855,85473614,85473815,85480255,6641,201,6440,65000,62456,62437,662,662,2563
856,85573666,85573866,85580262,6596,200,6396,65000,62437,62418,663,663,2582
857,85673719,85673919,85680261,6542,200,6342,65000,62418,62399,663,663,2601
858,85773772,85773972,85780263,6491,200,6291,65000,62399,62380,664,664,2620
859,85873825,85874026,85880260,6435,201,6234,65000,62380,62361,664,664,2639
860,85973878,85974079,85980256,6378,201,6177,65000,62361,62343,665,665,2657
861,86073930,86074130,86080265,6335,200,6135,65000,62343,62325,665,665,2675
862,86174006,86174206,86180264,6258,200,6058,65000,62325,62307,666,666,2693
863,86274058,86274257,86280258,6200,199,6001,65000,62307,62289,666,666,2711
864,86374110,86374310,86380275,6165,200,5965,65000,62289,62272,667,667,2728
865,86474181,86474382,86480281,6100,201,5899,65000,62272,62255,667,667,2745
866,86574233,86574434,86580280,6047,201,5846,65000,62255,62238,667,667,2762
867,86674286,86674487,86680264,5978,201,5777,65000,62238,62221,668,668,2779
868,86774338,86774539,86780260,5922,201,5721,65000,62221,62204,668,668,2796
869,86874391,86874592,86880258,5867,201,5666,65000,62204,62187,669,669,2813
870,86974444,86974644,86980264,5820,200,5620,65000,62187,62171,669,669,2829
871,87074497,87074698,87080262,5765,201,5564,65000,62171,62155,670,670,2845
872,87174550,87174780,87180259,5709,230,5479,65000,62155,62139,670,670,2861
873,87274603,87274836,87280258,5655,233,5422,65000,62139,62123,671,671,2877
874,87374655,87374880,87380266,5611,225,5386,65000,62123,62107,671,671,2893
875,87474727,87474928,87480257,5530,201,5329,65000,62107,62092,671,671,2908
876,87574761,87574962,87580259,5498,201,5297,65000,62092,62077,672,672,2923
877,87674812,87675014,87680267,5455,202,5253,65000,62077,62062,672,672,2938
878,87774864,87775065,87780265,5401,201,5200,65000,62062,62047,673,673,2953
879,87874916,87875117,87880265,5349,201,5148,65000,62047,62032,673,673,2968
880,87974967,87975166,87980262,5295,199,5096,65000,62032,62017,673,673,2983
881,88075019,88075219,88080256,5237,200,5037,65000,62017,62003,674,674,2997
882,88175071,88175271,88180264,5193,200,4993,65000,62003,61989,674,674,3011
883,88275124,88275325,88280260,5136,201,4935,65000,61989,61974,674,674,3026
884,88375175,88375375,88380259,5084,200,4884,65000,61974,61961,675,675,3039
885,88475226,88475427,88480266,5040,201,4839,65000,61961,61947,675,675,3053
886,88575278,88575479,88580262,4984,201,4783,65000,61947,61933,676,676,3067
887,88675329,88675528,88680258,4929,199,4730,65000,61933,61920,676,676,3080
888,88775381,88775581,88780265,4884,200,4684,65000,61920,61906,676,676,3094
889,88875432,88875633,88880257,4825,201,4624,65000,61906,61893,677,677,3107
890,88975483,88975684,88980259,4776,201,4575,65000,61893,61880,677,677,3120
891,89075554,89075754,89080258,4704,200,4504,65000,61880,61867,677,677,3133
892,89175606,89175806,89180285,4679,200,4479,65000,61867,61855,678,678,3145
893,89275679,89275880,89280285,4606,201,4405,65000,61855,61842,678,678,3158
894,89375730,89375931,89380272,4542,201,4341,65000,61842,61830,678,678,3170
895,89475782,89475982,89480263,4481,200,4281,65000,61830,61817,679,679,3183
896,89575834,89576034,89580255,4421,200,4221,65000,61817,61805,679,679,3195
897,89675886,89676086,89680260,4374,200,4174,65000,61805,61793,679,679,3207
898,89775938,89776138,89780265,4327,200,4127,65000,61793,61781,680,680,3219
899,89875989,89876189,89880260,4271,200,4071,65000,61781,61770,680,680,3230
900,89976040,89976241,89982050,6010,201,5809,65000,61770,61758,680,680,3242
901,90076098,90076300,90080224,4126,202,3924,65000,61758,61747,681,681,3253
902,90176149,90176351,90180265,4116,202,3914,65000,61747,61735,681,681,3265
903,90276204,90276403,90280256,4052,199,3853,65000,61735,61724,681,681,3276
904,90376254,90376454,90380260,4006,200,3806,65000,61724,61713,682,682,3287
905,90476306,90476506,90480263,3957,200,3757,65000,61713,61702,682,682,3298
906,90576357,90576558,90580268,3911,201,3710,65000,61702,61691,682,682,3309
907,90676410,90676610,90680256,3846,200,3646,65000,61691,61681,682,682,3319
908,90776461,90776661,90780268,3807,200,3607,65000,61681,61670,683,683,3330
909,90876513,90876713,90880270,3757,200,3557,65000,61670,61660,683,683,3340
910,90976564,90976766,90980264,3700,202,3498,65000,61660,61649,683,683,3351
911,91076615,91076814,91080261,3646,199,3447,65000,61649,61639,684,684,3361
912,91176667,91176867,91180262,3595,200,3395,65000,61639,61629,684,684,3371
913,91276719,91276919,91280262,3543,200,3343,65000,61629,61619,684,684,3381
914,91376769,91376971,91380270,3501,202,3299,65000,61619,61609,684,684,3391
915,91476821,91477022,91480268,3447,201,3246,65000,61609,61599,685,685,3401
916,91576874,91577074,91580263,3389,200,3189,65000,61599,61590,685,685,3410
917,91676925,91677126,91680263,3338,201,3137,65000,61590,61580,685,685,3420
918,91776977,91777177,91780257,3280,200,3080,65000,61580,61571,685,685,3429
919,91877029,91877229,91880278,3249,200,3049,65000,61571,61562,686,686,3438
920,91977099,91977300,91980259,3160,201,2959,65000,61562,61552,686,686,3448
921,92077150,92077350,92080261,3111,200,2911,65000,61552,61543,686,686,3457
922,92177201,92177403,92179261,2060,202,1858,65000,61543,61534,686,686,3466
923,92277253,92277453,92279371,2118,200,1918,65000,61534,61525,687,687,3475
924,92377304,92377505,92389528,12224,201,12023,65000,61525,61517,687,687,3483
925,92477356,92477556,92489638,12282,200,12082,65000,61517,61508,687,687,3492
926,92577408,92577608,92589230,11822,200,11622,65000,61508,61499,687,687,3501
927,92677458,92677659,92689328,11870,201,11669,65000,61499,61491,688,688,3509
928,92777509,92777710,92789362,11853,201,11652,65000,61491,61483,688,688,3517
929,92877582,92877782,92889453,11871,200,11671,65000,61483,61474,688,688,3526
930,92977634,92977835,92989488,11854,201,11653,65000,61474,61466,688,688,3534
931,93077707,93077908,93089552,11845,201,11644,65000,61466,61458,688,688,3542
932,93177761,93177961,93189619,11858,200,11658,65000,61458,61450,689,689,3550
933,93277816,93278016,93289671,11855,200,11655,65000,61450,61442,689,689,3558
934,93377889,93378090,93389736,11847,201,11646,65000,61442,61434,689,689,3566
935,93477944,93478144,93489796,11852,200,11652,65000,61434,61426,689,689,3574
936,93578017,93578217,93589897,11880,200,11680,65000,61426,61419,690,690,3581
937,93678069,93678269,93689932,11863,200,11663,65000,61419,61411,690,690,3589
938,93778142,93778343,93790041,11899,201,11698,65000,61411,61404,690,690,3596
939,93878194,93878421,93890088,11894,227,11667,65000,61404,61397,690,690,3603
940,93978250,93978476,93990150,11900,226,11674,65000,61397,61389,690,690,3611
941,94078305,94078527,94090200,11895,222,11673,65000,61389,61382,691,691,3618
942,94178392,94178591,94190244,11852,199,11653,65000,61382,61375,691,691,3625
943,94278448,94278648,94290277,11829,200,11629,65000,61375,61368,691,691,3632
944,94378499,94378701,94390258,11759,202,11557,65000,61368,61361,691,691,3639
945,94478550,94478752,94490283,11733,202,11531,65000,61361,61354,691,691,3646
946,94578619,94578819,94590280,11661,200,11461,65000,61354,61347,691,691,3653
947,94678671,94678871,94690275,11604,200,11404,65000,61347,61341,692,692,3659
948,94778739,94778939,94790258,11519,200,11319,65000,61341,61334,692,692,3666
949,94878790,94878991,94890254,11464,201,11263,65000,61334,61327,692,692,3673
950,94978841,94979041,94990263,11422,200,11222,65000,61327,61321,692,692,3679
951,95078892,95079093,95090258,11366,201,11165,65000,61321,61349,692,692,3651
952,95178944,95179144,95190256,11312,200,11112,65000,61349,61376,685,685,3624
953,95278995,95279196,95290266,11271,201,11070,65000,61376,61402,684,684,3598
954,95379046,95379246,95390256,11210,200,11010,65000,61402,61428,684,684,3572
955,95479098,95479298,95490259,11161,200,10961,65000,61428,61453,683,683,3547
956,95579149,95584240,95590262,11113,5091,6022,65000,61453,61478,682,682,3522
957,95679201,95679402,95690261,11060,201,10859,65000,61478,61503,682,682,3497
958,95779252,95779452,95790258,11006,200,10806,65000,61503,61528,681,681,3472
959,95879303,95879503,95890258,10955,200,10755,65000,61528,61552,680,680,3448
960,95979356,95979557,95990266,10910,201,10709,65000,61552,61576,680,680,3424
961,96079410,96079610,96090261,10851,200,10651,65000,61576,61600,679,679,3400
962,96179463,96179664,96190256,10793,201,10592,65000,61600,61624,678,678,3376
963,96279516,96279716,96290264,10748,200,10548,65000,61624,61647,678,678,3353
964,96379569,96379770,96390263,10694,201,10493,65000,61647,61670,677,677,3330
965,96479622,96479823,96490261,10639,201,10438,65000,61670,61693,676,676,3307
966,96579675,96579875,96590255,10580,200,10380,65000,61693,61715,676,676,3285
967,96679728,96679929,96690279,10551,201,10350,65000,61715,61737,675,675,3263
968,96779801,96780001,96790277,10476,200,10276,65000,61737,61759,675,675,3241
969,96879854,96880053,96890273,10419,199,10220,65000,61759,61781,674,674,3219
970,96979907,96980108,96990260,10353,201,10152,65000,61781,61802,673,673,3198
971,97079959,97080160,97090259,10300,201,10099,65000,61802,61824,673,673,3176
972,97180013,97180214,97190255,10242,201,10041,65000,61824,61844,672,672,3156
973,97280066,97280266,97290267,10201,200,10001,65000,61844,61865,672,672,3135
974,97380119,97380320,97390262,10143,201,9942,65000,61865,61886,671,671,3114
975,97480172,97480372,97490257,10085,200,9885,65000,61886,61906,671,671,3094
976,97580225,97580459,97590260,10035,234,9801,65000,61906,61926,670,670,3074
977,97680278,97680514,97690263,9985,236,9749,65000,61926,61946,670,670,3054
978,97780331,97780557,97790266,9935,226,9709,65000,61946,61965,669,669,3035
979,97880403,97880606,97890256,9853,203,9650,65000,61965,61985,669,669,3015
980,97980445,97980645,97990256,9811,200,9611,65000,61985,62004,668,668,2996
981,98080497,98080698,98090261,9764,201,9563,65000,62004,62023,668,668,2977
982,98180549,98180749,98190260,9711,200,9511,65000,62023,62042,667,667,2958
983,98280601,98280802,98290259,9658,201,9457,65000,62042,62060,666,666,2940
984,98380654,98380853,98390266,9612,199,9413,65000,62060,62078,666,666,2922
985,98480707,98480908,98490257,9550,201,9349,65000,62078,62096,666,666,2904
986,98580760,98580960,98590258,9498,200,9298,65000,62096,62114,665,665,2886
987,98680811,98681011,98690266,9455,200,9255,65000,62114,62132,665,665,2868
988,98780864,98781064,98790262,9398,200,9198,65000,62132,62149,664,664,2851
989,98880916,98881117,98890257,9341,201,9140,65000,62149,62167,664,664,2833
990,98980969,98981170,98990258,9289,201,9088,65000,62167,62184,663,663,2816
991,99081021,99081222,99090264,9243,201,9042,65000,62184,62200,663,663,2800
992,99181075,99181274,99190264,9189,199,8990,65000,62200,62217,662,662,2783
993,99281127,99281328,99290258,9131,201,8930,65000,62217,62234,662,662,2766
994,99381179,99381379,99390276,9097,200,8897,65000,62234,62250,661,661,2750
995,99481250,99481450,99490283,9033,200,8833,65000,62250,62266,661,661,2734
996,99581303,99581505,99590276,8973,202,8771,65000,62266,62282,661,661,2718
997,99681355,99681556,99690264,8909,201,8708,65000,62282,62297,660,660,2703
998,99781408,99781609,99790261,8853,201,8652,65000,62297,62313,660,660,2687
999,99881461,99881661,99890258,8797,200,8597,65000,62313,62328,659,659,2672
1000,99981513,99981714,99992095,10582,201,10381,65000,62328,62344,659,659,2656
1001,100081571,100081773,100090224,8653,202,8451,65000,62344,62358,658,658,2642
1002,100181624,100181825,100190262,8638,201,8437,65000,62358,62373,658,658,2627
1003,100281699,100281899,100290259,8560,200,8360,65000,62373,62388,658,658,2612
1004,100381751,100381952,100390266,8515,201,8314,65000,62388,62402,657,657,2598
1005,100481826,100482026,100490266,8440,200,8240,65000,62402,62417,657,657,2583
1006,100581879,100582080,100590259,8380,201,8179,65000,62417,62431,656,656,2569
1007,100681932,100682132,100690261,8329,200,8129,65000,62431,62445,656,656,2555
1008,100781985,100782186,100790265,8280,201,8079,65000,62445,62459,656,656,2541
1009,100882037,100882238,100890265,8228,201,8027,65000,62459,62472,655,655,2528
1010,100982091,100982291,100990257,8166,200,7966,65000,62472,62486,655,655,2514
1011,101082143,101082344,101090258,8115,201,7914,65000,62486,62499,655,655,2501
1012,101182197,101182398,101190265,8068,201,7867,65000,62499,62512,654,654,2488
1013,101282250,101282451,101290255,8005,201,7804,65000,62512,62525,654,654,2475
1014,101382303,101382503,101390257,7954,200,7754,65000,62525,62538,654,654,2462
1015,101482356,101482557,101490267,7911,201,7710,65000,62538,62551,653,653,2449
1016,101582409,101582610,101590257,7848,201,7647,65000,62551,62564,653,653,2436
1017,101682461,101682662,101690257,7796,201,7595,65000,62564,62576,653,653,2424
1018,101782514,101782714,101790266,7752,200,7552,65000,62576,62589,652,652,2411
1019,101882566,101882767,101890265,7699,201,7498,65000,62589,62601,652,652,2399
1020,101982619,101982819,101990259,7640,200,7440,65000,62601,62613,652,652,2387
1021,102082672,102082873,102090259,7587,201,7386,65000,62613,62625,651,651,2375
1022,102182725,102182925,102190283,7558,200,7358,65000,62625,62636,651,651,2364
1023,102282778,102282979,102290280,7502,201,7301,65000,62636,62648,651,651,2352
1024,102382831,102383032,102390276,7445,201,7244,65000,62648,62660,650,650,2340
1025,102482884,102483112,102490261,7377,228,7149,65000,62660,62671,650,650,2329
1026,102582937,102583138,102590259,7322,201,7121,65000,62671,62682,650,650,2318
1027,102682990,102683190,102690255,7265,200,7065,65000,62682,62694,650,650,2306
1028,102783042,102783243,102790264,7222,201,7021,65000,62694,62705,649,649,2295
1029,102883095,102883297,102890262,7167,202,6965,65000,62705,62715,649,649,2285
1030,102983148,102983349,102990257,7109,201,6908,65000,62715,62726,649,649,2274
1031,103083200,103083401,103090265,7065,201,6864,65000,62726,62737,648,648,2263
1032,103183254,103183455,103190264,7010,201,6809,65000,62737,62747,648,648,2253
1033,103283307,103283508,103290255,6948,201,6747,65000,62747,62758,648,648,2242
1034,103383360,103383560,103390260,6900,200,6700,65000,62758,62768,647,647,2232
1035,103483413,103483615,103490268,6855,202,6653,65000,62768,62778,647,647,2222
1036,103583466,103583668,103590263,6797,202,6595,65000,62778,62788,647,647,2212
1037,103683519,103683719,103690265,6746,200,6546,65000,62788,62798,647,647,2202
1038,103783572,103783772,103790259,6687,200,6487,65000,62798,62808,646,646,2192
1039,103883624,103883825,103890260,6636,201,6435,65000,62808,62817,646,646,2183
1040,103983676,103983877,103990261,6585,201,6384,65000,62817,62827,646,646,2173
1041,104083729,104083930,104090259,6530,201,6329,65000,62827,62837,646,646,2163
1042,104183783,104183982,104190261,6478,199,6279,65000,62837,62846,645,645,2154
1043,104283835,104284035,104290262,6427,200,6227,65000,62846,62855,645,645,2145
1044,104383888,104384088,104390262,6374,200,6174,65000,62855,62864,645,645,2136
1045,104483941,104484142,104490254,6313,201,6112,65000,62864,62873,645,645,2127
1046,104583994,104584195,104590264,6270,201,6069,65000,62873,62882,644,644,2118
1047,104684048,104684249,104690261,6213,201,6012,65000,62882,62891,644,644,2109
1048,104784101,104784301,104790261,6160,200,5960,65000,62891,62900,644,644,2100
1049,104884154,104884355,104890272,6118,201,5917,65000,62900,62908,644,644,2092
1050,104984208,104984408,104990286,6078,200,5878,65000,62908,62917,644,644,2083
1051,105084262,105084462,105090283,6021,200,5821,65000,62917,62925,643,643,2075
1052,105184315,105184515,105190264,5949,200,5749,65000,62925,62934,643,643,2066
1053,105284368,105284570,105290260,5892,202,5690,65000,62934,62942,643,643,2058
1054,105384420,105384621,105390259,5839,201,5638,65000,62942,62950,643,643,2050
1055,105484473,105484675,105490266,5793,202,5591,65000,62950,62958,642,642,2042
1056,105584527,105584759,105590263,5736,232,5504,65000,62958,62966,642,642,2034
1057,105684579,105684809,105690260,5681,230,5451,65000,62966,62974,642,642,2026
1058,105784632,105784859,105790255,5623,227,5396,65000,62974,62982,642,642,2018
1059,105884685,105884905,105890264,5579,220,5359,65000,62982,62990,641,641,2010
1060,105984739,105984939,105990260,5521,200,5321,65000,62990,62997,641,641,2003
1061,106084791,106084991,106090256,5465,200,5265,65000,62997,63005,641,641,1995
1062,106184861,106185062,106190265,5404,201,5203,65000,63005,63012,641,641,1988
1063,106284914,106285115,106290263,5349,201,5148,65000,63012,63020,641,641,1980
1064,106384965,106385166,106390263,5298,201,5097,65000,63020,63027,640,640,1973
1065,106485017,106485218,106490255,5238,201,5037,65000,63027,63034,640,640,1966
1066,106585069,106585271,106590267,5198,202,4996,65000,63034,63041,640,640,1959
1067,106685120,106685322,106690268,5148,202,4946,65000,63041,63048,640,640,1952
1068,106785172,106785373,106790265,5093,201,4892,65000,63048,63055,640,640,1945
1069,106885224,106885425,106890264,5040,201,4839,65000,63055,63062,640,640,1938
1070,106985276,106985476,106990258,4982,200,4782,65000,63062,63068,639,639,1932
1071,107085327,107085527,107090278,4951,200,4751,65000,63068,63075,639,639,1925
1072,107185396,107185596,107190265,4869,200,4669,65000,63075,63082,639,639,1918
1073,107285448,107285649,107290264,4816,201,4615,65000,63082,63088,639,639,1912
1074,107385500,107385700,107390262,4762,200,4562,65000,63088,63095,639,639,1905
1075,107485551,107485753,107490259,4708,202,4506,65000,63095,63101,638,638,1899
1076,107585602,107585804,107590255,4653,202,4451,65000,63101,63107,638,638,1893
1077,107685653,107685855,107690270,4617,202,4415,65000,63107,63114,638,638,1886
1078,107785706,107785906,107790257,4551,200,4351,65000,63114,63120,638,638,1880
1079,107885757,107885959,107890264,4507,202,4305,65000,63120,63126,638,638,1874
1080,107985810,107986010,107990264,4454,200,4254,65000,63126,63132,638,638,1868
1081,108085861,108086060,108090257,4396,199,4197,65000,63132,63138,638,638,1862
1082,108185912,108186113,108190259,4347,201,4146,65000,63138,63144,637,637,1856
1083,108285965,108286165,108290264,4299,200,4099,65000,63144,63150,637,637,1850
1084,108386016,108386217,108390262,4246,201,4045,65000,63150,63156,637,637,1844
1085,108486067,108486269,108490255,4188,202,3986,65000,63156,63161,637,637,1839
1086,108586119,108586321,108590268,4149,202,3947,65000,63161,63167,637,637,1833
1087,108686171,108686372,108690258,4087,201,3886,65000,63167,63173,637,637,1827
1088,108786223,108786424,108790263,4040,201,3839,65000,63173,63178,636,636,1822
1089,108886275,108886477,108890261,3986,202,3784,65000,63178,63183,636,636,1817
1090,108986326,108986526,108990261,3935,200,3735,65000,63183,63189,636,636,1811
1091,109086379,109091529,109100246,13867,5150,8717,65000,63189,63194,636,636,1806
1092,109186430,109186633,109190223,3793,203,3590,65000,63194,63199,636,636,1801
1093,109286482,109286683,109290269,3787,201,3586,65000,63199,63205,636,636,1795
1094,109386535,109386735,109390260,3725,200,3525,65000,63205,63210,635,635,1790
1095,109486586,109486787,109490260,3674,201,3473,65000,63210,63215,635,635,1785
1096,109586639,109586840,109590260,3621,201,3420,65000,63215,63220,635,635,1780
1097,109686691,109686892,109690279,3588,201,3387,65000,63220,63225,635,635,1775
1098,109786760,109786960,109790277,3517,200,3317,65000,63225,63229,635,635,1771
1099,109886811,109887011,109890272,3461,200,3261,65000,63229,63234,635,635,1766
1100,109986862,109987063,109992099,5237,201,5036,65000,63234,63239,635,635,1761
1101,110086919,110087120,110090221,3302,201,3101,65000,63239,63244,635,635,1756
1102,110186970,110187170,110190260,3290,200,3090,65000,63244,63249,635,635,1751
1103,110287026,110287226,110290268,3242,200,3042,65000,63249,63253,634,634,1747
1104,110387078,110387278,110390264,3186,200,2986,65000,63253,63258,634,634,1742
1105,110487128,110487329,110490268,3140,201,2939,65000,63258,63262,634,634,1738
1106,110587181,110587382,110590259,3078,201,2877,65000,63262,63267,634,634,1733
1107,110687232,110687433,110689279,2047,201,1846,65000,63267,63271,634,634,1729
1108,110787284,110787484,110799462,12178,200,11978,65000,63271,63276,634,634,1724
1109,110887336,110887536,110899562,12226,200,12026,65000,63276,63280,634,634,1720
1110,110987387,110987588,110999636,12249,201,12048,65000,63280,63285,634,634,1715
1111,111087438,111087639,111099262,11824,201,11623,65000,63285,63289,633,633,1711
1112,111187490,111187689,111199362,11872,199,11673,65000,63289,63293,633,633,1707
1113,111287541,111287742,111299394,11853,201,11652,65000,63293,63297,633,633,1703
1114,111387615,111387814,111399465,11850,199,11651,65000,63297,63301,633,633,1699
1115,111487667,111487867,111499522,11855,200,11655,65000,63301,63305,633,633,1695
1116,111587740,111587942,111599619,11879,202,11677,65000,63305,63309,633,633,1691
1117,111687792,111687992,111699650,11858,200,11658,65000,63309,63313,633,633,1687
1118,111787865,111788064,111799715,11850,199,11651,65000,63313,63317,633,633,1683
1119,111887919,111888119,111899771,11852,200,11652,65000,63317,63321,633,633,1679
1120,111987971,111988172,111999822,11851,201,11650,65000,63321,63325,632,632,1675
1121,112088044,112088243,112099929,11885,199,11686,65000,63325,63328,632,632,1672
1122,112188097,112188297,112199961,11864,200,11664,65000,63328,63332,632,632,1668
1123,112288180,112288402,112300069,11889,222,11667,65000,63332,63335,632,632,1665
1124,112388232,112388457,112400147,11915,225,11690,65000,63335,63339,632,632,1661
1125,112488285,112488509,112500185,11900,224,11676,65000,63339,63343,632,632,1657
1126,112588359,112588575,112600245,11886,216,11670,65000,63343,63346,632,632,1654
1127,112688432,112688632,112700277,11845,200,11645,65000,63346,63350,632,632,1650
1128,112788506,112788706,112800258,11752,200,11552,65000,63350,63353,632,632,1647
1129,112888557,112888757,112900277,11720,200,11520,65000,63353,63357,632,632,1643
1130,112988608,112988808,113000283,11675,200,11475,65000,63357,63360,631,631,1640
1131,113088659,113088859,113100280,11621,200,11421,65000,63360,63363,631,631,1637
1132,113188710,113188910,113200262,11552,200,11352,65000,63363,63367,631,631,1633
1133,113288762,113288961,113300258,11496,199,11297,65000,63367,63370,631,631,1630
1134,113388812,113389012,113400265,11453,200,11253,65000,63370,63373,631,631,1627
1135,113488864,113489065,113500265,11401,201,11200,65000,63373,63376,631,631,1624
1136,113588916,113589116,113600263,11347,200,11147,65000,63376,63379,631,631,1621
1137,113688967,113689167,113700259,11292,200,11092,65000,63379,63383,631,631,1617
1138,113789018,113789219,113800265,11247,201,11046,65000,63383,63386,631,631,1614
1139,113889071,113889271,113900260,11189,200,10989,65000,63386,63389,631,631,1611
1140,113989122,113989323,114000256,11134,201,10933,65000,63389,63392,631,631,1608
1141,114089173,114089374,114100262,11089,201,10888,65000,63392,63395,631,631,1605
1142,114189225,114189425,114200265,11040,200,10840,65000,63395,63398,631,631,1602
1143,114289277,114289477,114300259,10982,200,10782,65000,63398,63401,630,630,1599
1144,114389329,114389530,114400258,10929,201,10728,65000,63401,63404,630,630,1596
1145,114489383,114489582,114500267,10884,199,10685,65000,63404,63407,630,630,1593
1146,114589436,114589636,114600257,10821,200,10621,65000,63407,63409,630,630,1591
1147,114689488,114689688,114700255,10767,200,10567,65000,63409,63412,630,630,1588
1148,114789542,114789742,114800266,10724,200,10524,65000,63412,63415,630,630,1585
1149,114889596,114889797,114900263,10667,201,10466,65000,63415,63418,630,630,1582
1150,114989649,114989849,115000262,10613,200,10413,65000,63418,63420,630,630,1580
1151,115089702,115089902,115100255,10553,200,10353,65000,63420,63423,630,630,1577
1152,115189755,115189955,115200281,10526,200,10326,65000,63423,63426,630,630,1574
1153,115289828,115290028,115300281,10453,200,10253,65000,63426,63429,630,630,1571
1154,115389882,115390084,115400272,10390,202,10188,65000,63429,63431,630,630,1569
1155,115489936,115490136,115500264,10328,200,10128,65000,63431,63434,630,630,1566
1156,115589989,115590189,115600259,10270,200,10070,65000,63434,63436,629,629,1564
1157,115690042,115690242,115700256,10214,200,10014,65000,63436,63439,629,629,1561
1158,115790095,115790296,115800264,10169,201,9968,65000,63439,63441,629,629,1559
1159,115890149,115890350,115900263,10114,201,9913,65000,63441,63443,629,629,1557
1160,115990202,115990437,116000257,10055,235,9820,65000,63443,63446,629,629,1554
1161,116090255,116090487,116100268,10013,232,9781,65000,63446,63448,629,629,1552
1162,116190308,116190537,116200267,9959,229,9730,65000,63448,63450,629,629,1550
1163,116290360,116290582,116300261,9901,222,9679,65000,63450,63453,629,629,1547
1164,116390426,116390626,116400259,9833,200,9633,65000,63453,63455,629,629,1545
1165,116490478,116490677,116500260,9782,199,9583,65000,63455,63457,629,629,1543
1166,116590530,116590730,116600261,9731,200,9531,65000,63457,63460,629,629,1540
1167,116690583,116690785,116700260,9677,202,9475,65000,63460,63462,629,629,1538
1168,116790635,116790835,116800259,9624,200,9424,65000,63462,63464,629,629,1536
1169,116890687,116890888,116900259,9572,201,9371,65000,63464,63466,629,629,1534
1170,116990740,116990939,117000262,9522,199,9323,65000,63466,63469,629,629,1531
1171,117090793,117090993,117100258,9465,200,9265,65000,63469,63471,628,628,1529
1172,117190845,117191046,117200263,9418,201,9217,65000,63471,63473,628,628,1527
1173,117290899,117291099,117300263,9364,200,9164,65000,63473,63475,628,628,1525
1174,117390952,117391152,117400258,9306,200,9106,65000,63475,63476,628,628,1524
1175,117491004,117491204,117500256,9252,200,9052,65000,63476,63478,628,628,1522
1176,117591074,117591275,117600266,9192,201,8991,65000,63478,63480,628,628,1520
1177,117691127,117691326,117700262,9135,199,8936,65000,63480,63482,628,628,1518
1178,117791179,117791380,117800259,9080,201,8879,65000,63482,63484,628,628,1516
1179,117891231,117891432,117900276,9045,201,8844,65000,63484,63486,628,628,1514
1180,117991302,117991504,118000281,8979,202,8777,65000,63486,63488,628,628,1512
1181,118091354,118091555,118100277,8923,201,8722,65000,63488,63490,628,628,1510
1182,118191407,118191608,118200263,8856,201,8655,65000,63490,63492,628,628,1508
1183,118291459,118291660,118300259,8800,201,8599,65000,63492,63494,628,628,1506
1184,118391511,118391712,118400258,8747,201,8546,65000,63494,63495,628,628,1505
1185,118491564,118491765,118500263,8699,201,8498,65000,63495,63497,628,628,1503
1186,118591616,118591817,118600264,8648,201,8447,65000,63497,63499,628,628,1501
1187,118691669,118691869,118700257,8588,200,8388,65000,63499,63501,628,628,1499
1188,118791721,118791921,118800254,8533,200,8333,65000,63501,63503,628,628,1497
1189,118891773,118891974,118900264,8491,201,8290,65000,63503,63505,628,628,1495
1190,118991826,118992028,119000262,8436,202,8234,65000,63505,63507,628,628,1493
1191,119091879,119092079,119100257,8378,200,8178,65000,63507,63508,628,628,1492
1192,119191931,119192133,119200267,8336,202,8134,65000,63508,63510,628,628,1490
1193,119291984,119292185,119300268,8284,201,8083,65000,63510,63512,627,627,1488
1194,119392037,119392237,119400264,8227,200,8027,65000,63512,63513,627,627,1487
1195,119492090,119492290,119500262,8172,200,7972,65000,63513,63515,627,627,1485
1196,119592141,119592342,119600258,8117,201,7916,65000,63515,63516,627,627,1484
1197,119692193,119692393,119700261,8068,200,7868,65000,63516,63518,627,627,1482
1198,119792246,119792447,119800259,8013,201,7812,65000,63518,63519,627,627,1481
1199,119892298,119892499,119900259,7961,201,7760,65000,63519,63521,627,627,1479
1200,119992351,119992553,120002092,9741,202,9539,65000,63521,63522,627,627,1478
1201,120092409,120092611,120100223,7814,202,7612,50000,63522,63428,285,285,-13428
1202,120192461,120192661,120200260,7799,200,7599,50000,63428,63329,269,269,-13329
1203,120292535,120292735,120300262,7727,200,7527,50000,63329,63231,269,269,-13231
1204,120392588,120392788,120400261,7673,200,7473,50000,63231,63134,270,270,-13134
1205,120492641,120492841,120500260,7619,200,7419,50000,63134,63037,271,271,-13037
1206,120592694,120592894,120600256,7562,200,7362,50000,63037,62941,272,272,-12941
1207,120692746,120692946,120700283,7537,200,7337,50000,62941,62846,273,273,-12846
1208,120792819,120793022,120800283,7464,203,7261,50000,62846,62751,273,273,-12751
1209,120892872,120893073,120900274,7402,201,7201,50000,62751,62657,274,274,-12657
1210,120992925,120993125,121000263,7338,200,7138,50000,62657,62563,275,275,-12563
1211,121092976,121093177,121100258,7282,201,7081,50000,62563,62470,276,276,-12470
1212,121193030,121193229,121200257,7227,199,7028,50000,62470,62378,277,277,-12378
1213,121293082,121293282,121300264,7182,200,6982,50000,62378,62286,278,278,-12286
1214,121393135,121393335,121400262,7127,200,6927,50000,62286,62195,279,279,-12195
1215,121493187,121493388,121500256,7069,201,6868,50000,62195,62105,280,280,-12105
1216,121593240,121593440,121600266,7026,200,6826,50000,62105,62015,281,281,-12015
1217,121693293,121693494,121700263,6970,201,6769,50000,62015,61926,282,282,-11926
1218,121793346,121793546,121800257,6911,200,6711,50000,61926,61837,282,282,-11837
1219,121893399,121893599,121900254,6855,200,6655,50000,61837,61749,283,283,-11749
1220,121993451,121993652,122000265,6814,201,6613,50000,61749,61662,284,284,-11662
1221,122093505,122093705,122100256,6751,200,6551,50000,61662,61575,285,285,-11575
1222,122193557,122193758,122200260,6703,201,6502,50000,61575,61489,286,286,-11489
1223,122293610,122293811,122300264,6654,201,6453,50000,61489,61403,287,287,-11403
1224,122393662,122393863,122400270,6608,201,6407,50000,61403,61318,288,288,-11318
1225,122493715,122498870,122510247,16532,5155,11377,50000,61318,61233,288,288,-11233
1226,122593787,122593988,122599235,5448,201,5247,50000,61233,61149,289,289,-11149
1227,122693840,122694041,122699340,5500,201,5299,50000,61149,61066,290,290,-11066
1228,122793893,122794093,122799387,5494,200,5294,50000,61066,60983,291,291,-10983
1229,122893965,122894165,122899483,5518,200,5318,50000,60983,60901,292,292,-10901
1230,122994038,122994238,122999530,5492,200,5292,50000,60901,60819,292,292,-10819
1231,123094111,123094311,123099596,5485,200,5285,50000,60819,60738,293,293,-10738
1232,123194181,123194382,123199661,5480,201,5279,50000,60738,60657,294,294,-10657
1233,123294255,123294456,123299727,5472,201,5271,50000,60657,60577,295,295,-10577
1234,123394308,123394509,123399831,5523,201,5322,50000,60577,60498,296,296,-10498
1235,123494382,123494582,123499864,5482,200,5282,50000,60498,60419,296,296,-10419
1236,123594435,123594636,123599929,5494,201,5293,50000,60419,60340,297,297,-10340
1237,123694491,123694691,123700017,5526,200,5326,50000,60340,60262,298,298,-10262
1238,123794563,123794792,123800081,5518,229,5289,50000,60262,60185,299,299,-10185
1239,123894637,123894864,123900145,5508,227,5281,50000,60185,60108,299,299,-10108
1240,123994737,123994938,124000217,5480,201,5279,50000,60108,60032,300,300,-10032
1241,124094825,124095036,124100261,5436,211,5225,50000,60032,59956,301,301,-9956
1242,124194877,124195078,124200260,5383,201,5182,50000,59956,59881,302,302,-9881
1243,124294928,124295128,124300257,5329,200,5129,50000,59881,59806,302,302,-9806
1244,124394980,124395181,124400262,5282,201,5081,50000,59806,59731,303,303,-9731
1245,124495032,124495231,124500261,5229,199,5030,50000,59731,59657,304,304,-9657
1246,124595084,124595286,124600261,5177,202,4975,50000,59657,59584,305,305,-9584
1247,124695136,124695336,124700262,5126,200,4926,50000,59584,59511,305,305,-9511
1248,124795188,124795388,124800263,5075,200,4875,50000,59511,59439,306,306,-9439
1249,124895239,124895440,124900262,5023,201,4822,50000,59439,59367,307,307,-9367
1250,124995291,124995492,125000255,4964,201,4763,50000,59367,59296,307,307,-9296
1251,125095343,125095544,125100270,4927,201,4726,50000,59296,59225,308,308,-9225
1252,125195411,125195612,125200257,4846,201,4645,50000,59225,59154,309,309,-9154
1253,125295463,125295664,125300257,4794,201,4593,50000,59154,59084,310,310,-9084
1254,125395513,125395715,125400273,4760,202,4558,50000,59084,59015,310,310,-9015
1255,125495566,125495767,125500279,4713,201,4512,50000,59015,58946,311,311,-8946
1256,125595618,125595818,125600274,4656,200,4456,50000,58946,58877,312,312,-8877
1257,125695670,125695871,125700265,4595,201,4394,50000,58877,58809,312,312,-8809
1258,125795722,125795922,125800260,4538,200,4338,50000,58809,58742,313,313,-8742
1259,125895773,125895975,125900260,4487,202,4285,50000,58742,58674,313,313,-8674
1260,125995825,125996026,126000267,4442,201,4241,50000,58674,58608,314,314,-8608
1261,126095878,126096078,126100268,4390,200,4190,50000,58608,58541,315,315,-8541
1262,126195930,126196131,126200262,4332,201,4131,50000,58541,58476,316,316,-8476
1263,126295981,126296181,126300258,4277,200,4077,50000,58476,58410,316,316,-8410
1264,126396033,126396233,126400256,4223,200,4023,50000,58410,58345,317,317,-8345
1265,126496085,126496285,126500264,4179,200,3979,50000,58345,58281,317,317,-8281
1266,126596137,126596338,126600262,4125,201,3924,50000,58281,58217,318,318,-8217
1267,126696189,126696390,126700255,4066,201,3865,50000,58217,58153,319,319,-8153
1268,126796240,126796441,126800268,4028,201,3827,50000,58153,58090,319,319,-8090
1269,126896292,126896493,126900257,3965,201,3764,50000,58090,58027,320,320,-8027
1270,126996344,126996545,127000264,3920,201,3719,50000,58027,57965,321,321,-7965
1271,127096396,127096596,127100270,3874,200,3674,50000,57965,57903,321,321,-7903
1272,127196448,127196649,127200261,3813,201,3612,50000,57903,57841,322,322,-7841
1273,127296500,127296701,127300261,3761,201,3560,50000,57841,57780,322,322,-7780
1274,127396552,127396753,127400257,3705,201,3504,50000,57780,57720,323,323,-7720
1275,127496604,127496805,127500267,3663,201,3462,50000,57720,57659,323,323,-7659
1276,127596657,127596858,127600263,3606,201,3405,50000,57659,57599,324,324,-7599
1277,127696709,127696909,127700260,3551,200,3351,50000,57599,57540,325,325,-7540
1278,127796761,127796961,127800265,3504,200,3304,50000,57540,57481,325,325,-7481
1279,127896812,127897013,127900267,3455,201,3254,50000,57481,57422,326,326,-7422
1280,127996863,127997063,128000261,3398,200,3198,50000,57422,57364,327,327,-7364
1281,128096915,128097117,128100259,3344,202,3142,50000,57364,57306,327,327,-7306
1282,128196967,128197168,128200281,3314,201,3113,50000,57306,57249,328,328,-7249
1283,128297037,128297238,128300281,3244,201,3043,50000,57249,57191,328,328,-7191
1284,128397089,128397290,128400274,3185,201,2984,50000,57191,57135,329,329,-7135
1285,128497140,128497343,128500266,3126,203,2923,50000,57135,57078,329,329,-7078
1286,128597192,128597393,128599243,2051,201,1850,50000,57078,57022,330,330,-7022
1287,128697243,128697445,128699354,2111,202,1909,50000,57022,56967,330,330,-6967
1288,128797295,128797495,128809519,12224,200,12024,50000,56967,56912,331,331,-6912
1289,128897347,128897548,128909620,12273,201,12072,50000,56912,56857,331,331,-6857
1290,128997400,128997601,129009226,11826,201,11625,50000,56857,56802,332,332,-6802
1291,129097451,129097652,129109322,11871,201,11670,50000,56802,56748,333,333,-6748
1292,129197502,129197702,129209364,11862,200,11662,50000,56748,56694,333,333,-6694
1293,129297557,129297759,129309415,11858,202,11656,50000,56694,56641,334,334,-6641
1294,129397629,129397831,129409479,11850,202,11648,50000,56641,56588,334,334,-6588
1295,129497683,129497884,129509534,11851,201,11650,50000,56588,56536,335,335,-6536
1296,129597757,129597958,129609636,11879,201,11678,50000,56536,56483,335,335,-6483
1297,129697809,129698009,129709666,11857,200,11657,50000,56483,56431,336,336,-6431
1298,129797881,129798082,129809731,11850,201,11649,50000,56431,56380,336,336,-6380
1299,129897936,129898136,129909795,11859,200,11659,50000,56380,56328,336,336,-6328
1300,129997991,129998192,130012117,14126,201,13925,50000,56328,56277,337,337,-6277
1301,130098049,130098252,130109876,11827,203,11624,50000,56277,56227,338,338,-6227
1302,130198100,130198301,130209987,11887,201,11686,50000,56227,56177,338,338,-6177
1303,130298170,130298391,130310049,11879,221,11658,50000,56177,56127,339,339,-6127
1304,130398224,130398451,130410106,11882,227,11655,50000,56127,56077,339,339,-6077
1305,130498298,130498518,130510171,11873,220,11653,50000,56077,56028,340,340,-6028
1306,130598354,130598571,130610233,11879,217,11662,50000,56028,55979,340,340,-5979
1307,130698413,130698614,130710273,11860,201,11659,50000,55979,55931,341,341,-5931
1308,130798482,130798682,130810258,11776,200,11576,50000,55931,55883,341,341,-5883
1309,130898534,130898735,130910288,11754,201,11553,50000,55883,55834,341,341,-5834
1310,130998605,130998805,131010299,11694,200,11494,50000,55834,55787,342,342,-5787
1311,131098657,131098857,131110280,11623,200,11423,50000,55787,55739,342,342,-5739
1312,131198709,131198909,131210265,11556,200,11356,50000,55739,55693,343,343,-5693
1313,131298777,131298978,131310263,11486,201,11285,50000,55693,55646,343,343,-5646
1314,131398828,131399030,131410257,11429,202,11227,50000,55646,55600,344,344,-5600
1315,131498880,131499081,131510266,11386,201,11185,50000,55600,55554,344,344,-5554
1316,131598932,131599133,131610265,11333,201,11132,50000,55554,55508,345,345,-5508
1317,131698984,131699185,131710258,11274,201,11073,50000,55508,55462,345,345,-5462
1318,131799036,131799238,131810258,11222,202,11020,50000,55462,55417,346,346,-5417
1319,131899087,131899289,131910268,11181,202,10979,50000,55417,55373,346,346,-5373
1320,131999139,131999340,132010260,11121,201,10920,50000,55373,55328,346,346,-5328
1321,132099191,132099392,132110262,11071,201,10870,50000,55328,55284,347,347,-5284
1322,132199242,132199443,132210257,11015,201,10814,50000,55284,55240,347,347,-5240
1323,132299293,132299493,132310267,10974,200,10774,50000,55240,55196,348,348,-5196
1324,132399347,132399548,132410258,10911,201,10710,50000,55196,55153,348,348,-5153
1325,132499400,132499602,132510261,10861,202,10659,50000,55153,55110,349,349,-5110
1326,132599453,132599654,132610261,10808,201,10607,50000,55110,55067,349,349,-5067
1327,132699507,132699707,132710261,10754,200,10554,50000,55067,55025,349,349,-5025
1328,132799561,132799761,132810262,10701,200,10501,50000,55025,54983,350,350,-4983
1329,132899613,132899814,132910253,10640,201,10439,50000,54983,54941,350,350,-4941
1330,132999667,132999869,133010268,10601,202,10399,50000,54941,54899,351,351,-4899
1331,133099721,133099922,133110255,10534,201,10333,50000,54899,54858,351,351,-4858
1332,133199774,133199975,133210257,10483,201,10282,50000,54858,54817,351,351,-4817
1333,133299828,133300028,133310264,10436,200,10236,50000,54817,54776,352,352,-4776
1334,133399881,133400082,133410265,10384,201,10183,50000,54776,54736,352,352,-4736
1335,133499934,133500135,133510260,10326,201,10125,50000,54736,54696,353,353,-4696
1336,133599987,133600188,133610259,10272,201,10071,50000,54696,54656,353,353,-4656
1337,133700040,133700241,133710283,10243,201,10042,50000,54656,54616,353,353,-4616
1338,133800112,133800312,133810281,10169,200,9969,50000,54616,54577,354,354,-4577
1339,133900166,133900367,133910272,10106,201,9905,50000,54577,54537,354,354,-4537
1340,134000219,134000453,134010261,10042,234,9808,50000,54537,54499,355,355,-4499
1341,134100273,134100510,134110258,9985,237,9748,50000,54499,54460,355,355,-4460
1342,134200326,134200553,134210257,9931,227,9704,50000,54460,54422,355,355,-4422
1343,134300399,134300601,134310263,9864,202,9662,50000,54422,54384,356,356,-4384
1344,134400435,134400636,134410264,9829,201,9628,50000,54384,54346,356,356,-4346
1345,134500487,134500689,134510257,9770,202,9568,50000,54346,54308,356,356,-4308
1346,134600539,134600741,134610267,9728,202,9526,50000,54308,54271,357,357,-4271
1347,134700593,134700795,134710263,9670,202,9468,50000,54271,54234,357,357,-4234
1348,134800646,134800848,134810257,9611,202,9409,50000,54234,54197,358,358,-4197
1349,134900698,134900899,134910260,9562,201,9361,50000,54197,54160,358,358,-4160
1350,135000751,135000952,135010267,9516,201,9315,50000,54160,54124,358,358,-4124
1351,135100804,135101004,135110265,9461,200,9261,50000,54124,54088,359,359,-4088
1352,135200856,135201057,135210262,9406,201,9205,50000,54088,54052,359,359,-4052
1353,135300909,135301110,135310259,9350,201,9149,50000,54052,54016,359,359,-4016
1354,135400962,135401163,135410260,9298,201,9097,50000,54016,53981,360,360,-3981
1355,135501016,135501217,135510261,9245,201,9044,50000,53981,53946,360,360,-3946
1356,135601069,135601269,135610259,9190,200,8990,50000,53946,53911,360,360,-3911
1357,135701122,135701322,135710256,9134,200,8934,50000,53911,53877,361,361,-3877
1358,135801174,135801375,135810261,9087,201,8886,50000,53877,53842,361,361,-3842
1359,135901227,135906332,135910262,9035,5105,3930,50000,53842,53808,361,361,-3808
1360,136001280,136001483,136010256,8976,203,8773,50000,53808,53774,362,362,-3774
1361,136101332,136101533,136110264,8932,201,8731,50000,53774,53740,362,362,-3740
1362,136201385,136201585,136210262,8877,200,8677,50000,53740,53707,362,362,-3707
1363,136301438,136301638,136310257,8819,200,8619,50000,53707,53673,363,363,-3673
1364,136401490,136401690,136410278,8788,200,8588,50000,53673,53640,363,363,-3640
1365,136501561,136501763,136510283,8722,202,8520,50000,53640,53607,363,363,-3607
1366,136601614,136601815,136610282,8668,201,8467,50000,53607,53575,364,364,-3575
1367,136701667,136701867,136710265,8598,200,8398,50000,53575,53543,364,364,-3543
1368,136801719,136801921,136810260,8541,202,8339,50000,53543,53510,364,364,-3510
1369,136901772,136901974,136910258,8486,202,8284,50000,53510,53478,365,365,-3478
1370,137001825,137002026,137010266,8441,201,8240,50000,53478,53447,365,365,-3447
1371,137101879,137102079,137110262,8383,200,8183,50000,53447,53415,365,365,-3415
1372,137201931,137202130,137210261,8330,199,8131,50000,53415,53384,366,366,-3384
1373,137301984,137302184,137310256,8272,200,8072,50000,53384,53353,366,366,-3353
1374,137402037,137402237,137410265,8228,200,8028,50000,53353,53322,366,366,-3322
1375,137502090,137502291,137510263,8173,201,7972,50000,53322,53291,366,366,-3291
1376,137602143,137602342,137610262,8119,199,7920,50000,53291,53261,367,367,-3261
1377,137702196,137702397,137710265,8069,201,7868,50000,53261,53230,367,367,-3230
1378,137802249,137802449,137810265,8016,200,7816,50000,53230,53200,367,367,-3200
1379,137902302,137902502,137910259,7957,200,7757,50000,53200,53171,368,368,-3171
1380,138002354,138002553,138010256,7902,199,7703,50000,53171,53141,368,368,-3141
1381,138102408,138102608,138110269,7861,200,7661,50000,53141,53111,368,368,-3111
1382,138202461,138202661,138210267,7806,200,7606,50000,53111,53082,369,369,-3082
1383,138302513,138302714,138310265,7752,201,7551,50000,53082,53053,369,369,-3053
1384,138402566,138402766,138410262,7696,200,7496,50000,53053,53024,369,369,-3024
1385,138502619,138502819,138510259,7640,200,7440,50000,53024,52996,369,369,-2996
1386,138602673,138602873,138610280,7607,200,7407,50000,52996,52967,369,369,-2967
1387,138702744,138702944,138710266,7522,200,7322,50000,52967,52939,370,370,-2939
1388,138802796,138802998,138810263,7467,202,7265,50000,52939,52910,370,370,-2910
1389,138902850,138903050,138910263,7413,200,7213,50000,52910,52883,371,371,-2883
1390,139002903,139003102,139010259,7356,199,7157,50000,52883,52855,371,371,-2855
1391,139102955,139103155,139110255,7300,200,7100,50000,52855,52828,371,371,-2828
1392,139203007,139203208,139210269,7262,201,7061,50000,52828,52800,371,371,-2800
1393,139303061,139303261,139310257,7196,200,6996,50000,52800,52773,372,372,-2773
1394,139403114,139403315,139410264,7150,201,6949,50000,52773,52746,372,372,-2746
1395,139503166,139503367,139510264,7098,201,6897,50000,52746,52719,372,372,-2719
1396,139603219,139603419,139610261,7042,200,6842,50000,52719,52693,372,372,-2693
1397,139703271,139703471,139710255,6984,200,6784,50000,52693,52666,372,372,-2666
1398,139803324,139803526,139810266,6942,202,6740,50000,52666,52640,373,373,-2640
1399,139903378,139903578,139910265,6887,200,6687,50000,52640,52614,373,373,-2614
1400,140003430,140003630,140012090,8660,200,8460,50000,52614,52588,373,373,-2588
1401,140103489,140103690,140110228,6739,201,6538,50000,52588,52562,374,374,-2562
1402,140203539,140203741,140210266,6727,202,6525,50000,52562,52536,374,374,-2536
1403,140303595,140303796,140310262,6667,201,6466,50000,52536,52511,374,374,-2511
1404,140403648,140403849,140410258,6610,201,6409,50000,52511,52486,374,374,-2486
1405,140503701,140503901,140510265,6564,200,6364,50000,52486,52461,375,375,-2461
1406,140603754,140603955,140610267,6513,201,6312,50000,52461,52436,375,375,-2436
1407,140703807,140704009,140710258,6451,202,6249,50000,52436,52411,375,375,-2411
1408,140803860,140804061,140810267,6407,201,6206,50000,52411,52387,375,375,-2387
1409,140903914,140904114,140910264,6350,200,6150,50000,52387,52362,375,375,-2362
1410,141003967,141004168,141010262,6295,201,6094,50000,52362,52338,376,376,-2338
1411,141104020,141104220,141110256,6236,200,6036,50000,52338,52314,376,376,-2314
1412,141204073,141204273,141210278,6205,200,6005,50000,52314,52290,376,376,-2290
1413,141304144,141304347,141310273,6129,203,5926,50000,52290,52266,377,377,-2266
1414,141404197,141404398,141410274,6077,201,5876,50000,52266,52243,377,377,-2243
1415,141504250,141504450,141510262,6012,200,5812,50000,52243,52219,377,377,-2219
1416,141604303,141604503,141610260,5957,200,5757,50000,52219,52196,377,377,-2196
1417,141704356,141704555,141710257,5901,199,5702,50000,52196,52173,377,377,-2173
1418,141804408,141804609,141810268,5860,201,5659,50000,52173,52150,378,378,-2150
1419,141904462,141904662,141910267,5805,200,5605,50000,52150,52127,378,378,-2127
1420,142004514,142004743,142010262,5748,229,5519,50000,52127,52104,378,378,-2104
1421,142104567,142104796,142110257,5690,229,5461,50000,52104,52082,378,378,-2082
1422,142204619,142204849,142210266,5647,230,5417,50000,52082,52059,378,378,-2059
1423,142304673,142304898,142310256,5583,225,5358,50000,52059,52037,379,379,-2037
1424,142404738,142404939,142410258,5520,201,5319,50000,52037,52015,379,379,-2015
1425,142504790,142504991,142510262,5472,201,5271,50000,52015,51993,379,379,-1993
1426,142604842,142605042,142610263,5421,200,5221,50000,51993,51971,379,379,-1971
1427,142704893,142705093,142710259,5366,200,5166,50000,51971,51950,380,380,-1950
1428,142804945,142805145,142810256,5311,200,5111,50000,51950,51929,380,380,-1929
1429,142904997,142905198,142910266,5269,201,5068,50000,51929,51907,380,380,-1907
1430,143005049,143005250,143010266,5217,201,5016,50000,51907,51886,380,380,-1886
1431,143105101,143105301,143110259,5158,200,4958,50000,51886,51865,380,380,-1865
1432,143205153,143205353,143210264,5111,200,4911,50000,51865,51844,381,381,-1844
1433,143305205,143305405,143310263,5058,200,4858,50000,51844,51823,381,381,-1823
1434,143405257,143405458,143410257,5000,201,4799,50000,51823,51803,381,381,-1803
1435,143505309,143505510,143510257,4948,201,4747,50000,51803,51782,381,381,-1782
1436,143605360,143605561,143610262,4902,201,4701,50000,51782,51762,382,382,-1762
1437,143705412,143705612,143710263,4851,200,4651,50000,51762,51742,382,382,-1742
1438,143805464,143805664,143810256,4792,200,4592,50000,51742,51722,382,382,-1722
1439,143905515,143905716,143910275,4760,201,4559,50000,51722,51702,382,382,-1702
1440,144005585,144005786,144010280,4695,201,4494,50000,51702,51682,382,382,-1682
1441,144105636,144105836,144110274,4638,200,4438,50000,51682,51662,382,382,-1662
1442,144205688,144205889,144210265,4577,201,4376,50000,51662,51643,383,383,-1643
1443,144305740,144305941,144310258,4518,201,4317,50000,51643,51624,383,383,-1624
1444,144405792,144405993,144410258,4466,201,4265,50000,51624,51604,383,383,-1604
1445,144505845,144506047,144510263,4418,202,4216,50000,51604,51585,383,383,-1585
1446,144605897,144606098,144610264,4367,201,4166,50000,51585,51566,383,383,-1566
1447,144705948,144706150,144710262,4314,202,4112,50000,51566,51547,384,384,-1547
1448,144806001,144806202,144810258,4257,201,4056,50000,51547,51529,384,384,-1529
1449,144906053,144906255,144910269,4216,202,4014,50000,51529,51510,384,384,-1510
1450,145006106,145006307,145010258,4152,201,3951,50000,51510,51492,384,384,-1492
1451,145106158,145106357,145110261,4103,199,3904,50000,51492,51473,384,384,-1473
1452,145206210,145206410,145210259,4049,200,3849,50000,51473,51455,385,385,-1455
1453,145306261,145306463,145310267,4006,202,3804,50000,51455,51437,385,385,-1437
1454,145406314,145406515,145410255,3941,201,3740,50000,51437,51419,385,385,-1419
1455,145506365,145506566,145510267,3902,201,3701,50000,51419,51401,385,385,-1401
1456,145606418,145606619,145610267,3849,201,3648,50000,51401,51383,385,385,-1383
1457,145706469,145706670,145710266,3797,201,3596,50000,51383,51366,385,385,-1366
1458,145806521,145806723,145810261,3740,202,3538,50000,51366,51348,385,385,-1348
1459,145906573,145906774,145910258,3685,201,3484,50000,51348,51331,386,386,-1331
1460,146006643,146006845,146010268,3625,202,3423,50000,51331,51314,386,386,-1314
1461,146106695,146106895,146110264,3569,200,3369,50000,51314,51296,386,386,-1296
1462,146206746,146206947,146210259,3513,201,3312,50000,51296,51279,386,386,-1279
1463,146306798,146306999,146310269,3471,201,3270,50000,51279,51262,386,386,-1262
1464,146406850,146407051,146410258,3408,201,3207,50000,51262,51245,387,387,-1245
1465,146506902,146507103,146510263,3361,201,3160,50000,51245,51229,387,387,-1229
1466,146606954,146607155,146610261,3307,201,3106,50000,51229,51212,387,387,-1212
1467,146707005,146707205,146710283,3278,200,3078,50000,51212,51196,387,387,-1196
1468,146807077,146807278,146810285,3208,201,3007,50000,51196,51179,387,387,-1179
1469,146907128,146907329,146910276,3148,201,2947,50000,51179,51163,387,387,-1163
1470,147007180,147007380,147009235,2055,200,1855,50000,51163,51147,387,387,-1147
1471,147107232,147107432,147109347,2115,200,1915,50000,51147,51131,388,388,-1131
1472,147207284,147207484,147219503,12219,200,12019,50000,51131,51115,388,388,-1115
1473,147307335,147307536,147319616,12281,201,12080,50000,51115,51099,388,388,-1099
1474,147407386,147407587,147419665,12279,201,12078,50000,51099,51083,388,388,-1083
1475,147507439,147507640,147519256,11817,201,11616,50000,51083,51068,388,388,-1068
1476,147607490,147607691,147619369,11879,201,11678,50000,51068,51052,388,388,-1052
1477,147707542,147707743,147719405,11863,201,11662,50000,51052,51037,389,389,-1037
1478,147807614,147807815,147819470,11856,201,11655,50000,51037,51022,389,389,-1022
1479,147907670,147907870,147919522,11852,200,11652,50000,51022,51006,389,389,-1006
1480,148007743,148007943,148019587,11844,200,11644,50000,51006,50991,389,389,-991
1481,148107799,148108000,148119657,11858,201,11657,50000,50991,50976,389,389,-976
1482,148207852,148208051,148219708,11856,199,11657,50000,50976,50961,389,389,-961
1483,148307926,148308128,148319774,11848,202,11646,50000,50961,50946,389,389,-946
1484,148407982,148408181,148419844,11862,199,11663,50000,50946,50932,390,390,-932
1485,148508034,148508235,148519897,11863,201,11662,50000,50932,50917,390,390,-917
1486,148608107,148608307,148619964,11857,200,11657,50000,50917,50903,390,390,-903
1487,148708175,148708398,148720080,11905,223,11682,50000,50903,50888,390,390,-888
1488,148808228,148808453,148820115,11887,225,11662,50000,50888,50874,390,390,-874
1489,148908300,148908522,148920174,11874,222,11652,50000,50874,50860,390,390,-860
1490,149008389,149008591,149020240,11851,202,11649,50000,50860,50845,390,390,-845
1491,149108428,149108628,149120280,11852,200,11652,50000,50845,50832,391,391,-832
1492,149208497,149208697,149220260,11763,200,11563,50000,50832,50818,391,391,-818
1493,149308548,149308748,149320275,11727,200,11527,50000,50818,50804,391,391,-804
1494,149408600,149413701,149420277,11677,5101,6576,50000,50804,50790,391,391,-790
1495,149508651,149508853,149520298,11647,202,11445,50000,50790,50776,391,391,-776
1496,149608720,149608921,149620258,11538,201,11337,50000,50776,50763,391,391,-763
1497,149708789,149708990,149720267,11478,201,11277,50000,50763,50749,391,391,-749
1498,149808840,149809040,149820258,11418,200,11218,50000,50749,50736,392,392,-736
1499,149908891,149909092,149920261,11370,201,11169,50000,50736,50723,392,392,-723
1500,150008943,150009145,150022096,13153,202,12951,50000,50723,50710,392,392,-710
1501,150109001,150109203,150120223,11222,202,11020,50000,50710,50697,392,392,-697
1502,150209052,150209253,150220262,11210,201,11009,50000,50697,50684,392,392,-684
1503,150309107,150309308,150320253,11146,201,10945,50000,50684,50671,392,392,-671
1504,150409159,150409361,150420266,11107,202,10905,50000,50671,50658,392,392,-658
1505,150509212,150509413,150520257,11045,201,10844,50000,50658,50645,392,392,-645
1506,150609263,150609464,150620257,10994,201,10793,50000,50645,50632,393,393,-632
1507,150709316,150709517,150720269,10953,201,10752,50000,50632,50620,393,393,-620
1508,150809368,150809569,150820269,10901,201,10700,50000,50620,50607,393,393,-607
1509,150909422,150909623,150920263,10841,201,10640,50000,50607,50595,393,393,-595
1510,151009475,151009677,151020262,10787,202,10585,50000,50595,50583,393,393,-583
1511,151109528,151109728,151120258,10730,200,10530,50000,50583,50570,393,393,-570
1512,151209580,151209781,151220262,10682,201,10481,50000,50570,50558,393,393,-558
1513,151309634,151309834,151320262,10628,200,10428,50000,50558,50546,393,393,-546
1514,151409687,151409887,151420257,10570,200,10370,50000,50546,50534,394,394,-534
1515,151509740,151509941,151520266,10526,201,10325,50000,50534,50522,394,394,-522
1516,151609793,151609994,151620261,10468,201,10267,50000,50522,50510,394,394,-510
1517,151709848,151710048,151720256,10408,200,10208,50000,50510,50499,394,394,-499
1518,151809901,151810101,151820268,10367,200,10167,50000,50499,50487,394,394,-487
1519,151909954,151910154,151920259,10305,200,10105,50000,50487,50475,394,394,-475
1520,152010007,152010209,152020259,10252,202,10050,50000,50475,50464,394,394,-464
1521,152110060,152110261,152120261,10201,201,10000,50000,50464,50452,394,394,-452
1522,152210114,152210315,152220287,10173,201,9972,50000,50452,50441,395,395,-441
1523,152310167,152310369,152320283,10116,202,9914,50000,50441,50430,395,395,-430
1524,152410221,152410454,152420273,10052,233,9819,50000,50430,50419,395,395,-419
1525,152510274,152510510,152520263,9989,236,9753,50000,50419,50408,395,395,-408
1526,152610327,152610554,152620258,9931,227,9704,50000,50408,50397,395,395,-397
1527,152710399,152710601,152720260,9861,202,9659,50000,50397,50386,395,395,-386
1528,152810432,152810633,152820262,9830,201,9629,50000,50386,50375,395,395,-375
1529,152910483,152910683,152920263,9780,200,9580,50000,50375,50364,395,395,-364
1530,153010536,153010736,153020254,9718,200,9518,50000,50364,50353,395,395,-353
1531,153110588,153110790,153120267,9679,202,9477,50000,50353,50342,395,395,-342
1532,153210641,153210842,153220262,9621,201,9420,50000,50342,50332,396,396,-332
1533,153310694,153310916,153320261,9567,222,9345,50000,50332,50321,396,396,-321
1534,153410747,153410947,153420252,9505,200,9305,50000,50321,50311,396,396,-311
1535,153510800,153510999,153520266,9466,199,9267,50000,50311,50301,396,396,-301
1536,153610853,153611054,153620258,9405,201,9204,50000,50301,50290,396,396,-290
1537,153710907,153711109,153720261,9354,202,9152,50000,50290,50280,396,396,-280
1538,153810959,153811159,153820265,9306,200,9106,50000,50280,50270,396,396,-270
1539,153911012,153911212,153920267,9255,200,9055,50000,50270,50259,396,396,-259
1540,154011065,154011265,154020267,9202,200,9002,50000,50259,50249,396,396,-249
1541,154111117,154111318,154120263,9146,201,8945,50000,50249,50239,396,396,-239
1542,154211169,154211369,154220259,9090,200,8890,50000,50239,50229,397,397,-229
1543,154311222,154311424,154320263,9041,202,8839,50000,50229,50220,397,397,-220
1544,154411275,154411476,154420267,8992,201,8791,50000,50220,50210,397,397,-210
1545,154511327,154511527,154520268,8941,200,8741,50000,50210,50200,397,397,-200
1546,154611380,154611580,154620260,8880,200,8680,50000,50200,50191,397,397,-191
1547,154711433,154711634,154720261,8828,201,8627,50000,50191,50181,397,397,-181
1548,154811485,154811686,154820261,8776,201,8575,50000,50181,50171,397,397,-171
1549,154911537,154911738,154920278,8741,201,8540,50000,50171,50162,397,397,-162
1550,155011607,155011808,155020259,8652,201,8451,50000,50162,50152,397,397,-152
1551,155111660,155111860,155120258,8598,200,8398,50000,50152,50143,397,397,-143
1552,155211712,155211914,155220267,8555,202,8353,50000,50143,50134,397,397,-134
1553,155311765,155311967,155320257,8492,202,8290,50000,50134,50124,397,397,-124
1554,155411818,155412019,155420259,8441,201,8240,50000,50124,50115,398,398,-115
1555,155511871,155512071,155520264,8393,200,8193,50000,50115,50106,398,398,-106
1556,155611924,155612125,155620264,8340,201,8139,50000,50106,50097,398,398,-97
1557,155711977,155712178,155720258,8281,201,8080,50000,50097,50088,398,398,-88
1558,155812029,155812230,155820258,8229,201,8028,50000,50088,50079,398,398,-79
1559,155912082,155912283,155920267,8185,201,7984,50000,50079,50070,398,398,-70
1560,156012135,156012335,156020263,8128,200,7928,50000,50070,50062,398,398,-62
1561,156112188,156112387,156120258,8070,199,7871,50000,50062,50053,398,398,-53
1562,156212240,156212441,156220267,8027,201,7826,50000,50053,50044,398,398,-44
1563,156312294,156312494,156320264,7970,200,7770,50000,50044,50035,398,398,-35
1564,156412346,156412546,156420264,7918,200,7718,50000,50035,50027,399,399,-27
1565,156512399,156512599,156520252,7853,200,7653,50000,50027,50018,399,399,-18
1566,156612451,156612651,156620267,7816,200,7616,50000,50018,50010,399,399,-10
1567,156712505,156712705,156720263,7758,200,7558,50000,50010,50002,399,399,-2
1568,156812557,156812758,156820259,7702,201,7501,50000,50002,49993,399,399,7
1569,156912610,156912812,156919249,6639,202,6437,50000,49993,49985,399,399,15
1570,157012662,157012864,157019354,6692,202,6490,50000,49985,49977,399,399,23
1571,157112716,157112918,157119395,6679,202,6477,50000,49977,49969,399,399,31
1572,157212788,157212989,157219445,6657,201,6456,50000,49969,49961,400,400,39
1573,157312863,157313063,157319503,6640,200,6440,50000,49961,49953,400,400,47
1574,157412938,157413140,157419561,6623,202,6421,50000,49953,49945,400,400,55
1575,157512990,157513192,157519649,6659,202,6457,50000,49945,49937,400,400,63
1576,157613044,157613244,157619691,6647,200,6447,50000,49937,49930,401,401,70
1577,157713116,157713317,157719749,6633,201,6432,50000,49930,49923,401,401,77
1578,157813188,157813388,157819808,6620,200,6420,50000,49923,49915,401,401,85
1579,157913259,157913460,157919868,6609,201,6408,50000,49915,49908,401,401,92
1580,158013332,158013532,158019933,6601,200,6401,50000,49908,49900,401,401,100
1581,158113408,158113609,158119993,6585,201,6384,50000,49900,49893,402,402,107
1582,158213497,158213698,158220063,6566,201,6365,50000,49893,49886,402,402,114
1583,158313551,158313750,158320129,6578,199,6379,50000,49886,49879,402,402,121
1584,158413641,158413842,158420188,6547,201,6346,50000,49879,49872,402,402,128
1585,158513713,158513914,158520245,6532,201,6331,50000,49872,49866,402,402,134
1586,158613785,158613986,158620287,6502,201,6301,50000,49866,49859,402,402,141
1587,158713839,158714040,158720248,6409,201,6208,50000,49859,49852,403,403,148
1588,158813891,158814092,158820281,6390,201,6189,50000,49852,49845,403,403,155
1589,158913946,158914145,158920236,6290,199,6091,50000,49845,49839,403,403,161
1590,159014001,159014202,159020265,6264,201,6063,50000,49839,49832,403,403,168
1591,159114055,159114254,159120255,6200,199,6001,50000,49832,49826,403,403,174
1592,159214107,159214308,159220259,6152,201,5951,50000,49826,49819,403,403,181
1593,159314160,159314361,159320265,6105,201,5904,50000,49819,49813,404,404,187
1594,159414213,159414413,159420263,6050,200,5850,50000,49813,49807,404,404,193
1595,159514266,159514466,159520261,5995,200,5795,50000,49807,49801,404,404,199
1596,159614318,159614519,159620255,5937,201,5736,50000,49801,49795,404,404,205
1597,159714370,159714571,159720279,5909,201,5708,50000,49795,49789,404,404,211
1598,159814442,159814644,159820278,5836,202,5634,50000,49789,49783,404,404,217
1599,159914496,159914698,159920271,5775,202,5573,50000,49783,49777,405,405,223
1600,160014549,160014780,160022099,7550,231,7319,50000,49777,49771,405,405,229
1601,160114607,160114842,160120223,5616,235,5381,50000,49771,49766,405,405,234
1602,160214659,160214883,160220258,5599,224,5375,50000,49766,49760,405,405,240
1603,160314746,160314947,160320267,5521,201,5320,50000,49760,49754,405,405,246
1604,160414797,160414998,160420261,5464,201,5263,50000,49754,49749,405,405,251
1605,160514849,160515050,160520260,5411,201,5210,50000,49749,49743,405,405,257
1606,160614901,160615102,160620254,5353,201,5152,50000,49743,49738,406,406,262
1607,160714953,160715153,160720267,5314,200,5114,50000,49738,49733,406,406,267
1608,160815004,160815205,160820263,5259,201,5058,50000,49733,49727,406,406,273
1609,160915056,160915257,160920261,5205,201,5004,50000,49727,49722,406,406,278
1610,161015108,161015309,161020257,5149,201,4948,50000,49722,49717,406,406,283
1611,161115159,161115359,161120262,5103,200,4903,50000,49717,49712,406,406,288
1612,161215212,161215413,161220259,5047,201,4846,50000,49712,49707,406,406,293
1613,161315263,161315464,161320259,4996,201,4795,50000,49707,49702,407,407,298
1614,161415315,161415516,161420264,4949,201,4748,50000,49702,49697,407,407,303
1615,161515367,161515568,161520262,4895,201,4694,50000,49697,49692,407,407,308
1616,161615419,161615619,161620258,4839,200,4639,50000,49692,49687,407,407,313
1617,161715470,161715672,161720266,4796,202,4594,50000,49687,49682,407,407,318
1618,161815522,161815723,161820258,4736,201,4535,50000,49682,49678,407,407,322
1619,161915574,161915776,161920259,4685,202,4483,50000,49678,49673,407,407,327
1620,162015627,162015828,162020253,4626,201,4425,50000,49673,49668,408,408,332
1621,162115678,162115879,162120264,4586,201,4385,50000,49668,49664,408,408,336
1622,162215730,162215931,162220263,4533,201,4332,50000,49664,49660,408,408,340
1623,162315782,162315983,162320259,4477,201,4276,50000,49660,49655,408,408,345
1624,162415834,162416034,162420275,4441,200,4241,50000,49655,49651,408,408,349
1625,162515885,162516087,162520281,4396,202,4194,50000,49651,49647,408,408,353
1626,162615936,162616137,162620276,4340,201,4139,50000,49647,49642,408,408,358
1627,162715989,162716189,162720266,4277,200,4077,50000,49642,49638,409,409,362
1628,162816039,162821275,162830246,14207,5236,8971,50000,49638,49634,409,409,366
1629,162916091,162916294,162920221,4130,203,3927,50000,49634,49630,409,409,370
1630,163016143,163016343,163020265,4122,200,3922,50000,49630,49626,409,409,374
1631,163116197,163116398,163120263,4066,201,3865,50000,49626,49622,409,409,378
1632,163216249,163216450,163220264,4015,201,3814,50000,49622,49618,409,409,382
1633,163316300,163316502,163320259,3959,202,3757,50000,49618,49614,409,409,386
1634,163416352,163416553,163420275,3923,201,3722,50000,49614,49610,409,409,390
1635,163516404,163516604,163520270,3866,200,3666,50000,49610,49606,409,409,394
1636,163616455,163616656,163620264,3809,201,3608,50000,49606,49602,409,409,398
1637,163716506,163716707,163720260,3754,201,3553,50000,49602,49599,409,409,401
1638,163816558,163816759,163820263,3705,201,3504,50000,49599,49595,409,409,405
1639,163916610,163916812,163920264,3654,202,3452,50000,49595,49591,410,410,409
1640,164016661,164016862,164020258,3597,201,3396,50000,49591,49587,410,410,413
1641,164116713,164116913,164120260,3547,200,3347,50000,49587,49584,410,410,416
1642,164216764,164216966,164220263,3499,202,3297,50000,49584,49580,410,410,420
1643,164316816,164317016,164320263,3447,200,3247,50000,49580,49577,410,410,423
1644,164416867,164417068,164420256,3389,201,3188,50000,49577,49573,410,410,427
1645,164516919,164517119,164520266,3347,200,3147,50000,49573,49570,410,410,430
1646,164616970,164617171,164620262,3292,201,3091,50000,49570,49566,410,410,434
1647,164717022,164717222,164720260,3238,200,3038,50000,49566,49563,411,411,437
1648,164817074,164817275,164820267,3193,201,2992,50000,49563,49560,411,411,440
1649,164917126,164917326,164920268,3142,200,2942,50000,49560,49557,411,411,443
1650,165017177,165017379,165020260,3083,202,2881,50000,49557,49554,411,411,446
1651,165117229,165117429,165119271,2042,200,1842,50000,49554,49551,411,411,449
1652,165217281,165217482,165229475,12194,201,11993,50000,49551,49547,411,411,453
1653,165317332,165317532,165329578,12246,200,12046,50000,49547,49544,411,411,456
1654,165417384,165417585,165429623,12239,201,12038,50000,49544,49541,411,411,459
1655,165517438,165517639,165529262,11824,201,11623,50000,49541,49538,411,411,462
1656,165617489,165617690,165629365,11876,201,11675,50000,49538,49535,411,411,465
1657,165717541,165717742,165729395,11854,201,11653,50000,49535,49532,411,411,468
1658,165817616,165817817,165829467,11851,201,11650,50000,49532,49529,411,411,471
1659,165917669,165917870,165929525,11856,201,11655,50000,49529,49526,411,411,474
1660,166017742,166017943,166029589,11847,201,11646,50000,49526,49523,411,411,477
1661,166117798,166117998,166129655,11857,200,11657,50000,49523,49520,412,412,480
1662,166217853,166218053,166229708,11855,200,11655,50000,49520,49517,412,412,483
1663,166317928,166318127,166329774,11846,199,11647,50000,49517,49515,412,412,485
1664,166417983,166418184,166429840,11857,201,11656,50000,49515,49512,412,412,488
1665,166518038,166518240,166529907,11869,202,11667,50000,49512,49509,412,412,491
1666,166618092,166618293,166629959,11867,201,11666,50000,49509,49507,412,412,493
1667,166718177,166718399,166730070,11893,222,11671,50000,49507,49504,412,412,496
1668,166818230,166818456,166830118,11888,226,11662,50000,49504,49501,412,412,499
1669,166918283,166918507,166930158,11875,224,11651,50000,49501,49499,412,412,501
1670,167018353,167018570,167030227,11874,217,11657,50000,49499,49496,412,412,504
1671,167118408,167118610,167130266,11858,202,11656,50000,49496,49493,412,412,507
1672,167218478,167218678,167230255,11777,200,11577,50000,49493,49491,412,412,509
1673,167318529,167318729,167330280,11751,200,11551,50000,49491,49488,412,412,512
1674,167418600,167418801,167430281,11681,201,11480,50000,49488,49486,413,413,514
1675,167518651,167518853,167530253,11602,202,11400,50000,49486,49484,413,413,516
1676,167618702,167618903,167630264,11562,201,11361,50000,49484,49481,413,413,519
1677,167718787,167718988,167730261,11474,201,11273,50000,49481,49479,413,413,521
1678,167818840,167819042,167830258,11418,202,11216,50000,49479,49477,413,413,523
1679,167918891,167919091,167930278,11387,200,11187,50000,49477,49475,413,413,525
1680,168018960,168019162,168030284,11324,202,11122,50000,49475,49472,413,413,528
1681,168119012,168119213,168130279,11267,201,11066,50000,49472,49470,413,413,530
1682,168219064,168219264,168230263,11199,200,10999,50000,49470,49468,413,413,532
1683,168319115,168319317,168330263,11148,202,10946,50000,49468,49466,413,413,534
1684,168419168,168419369,168430257,11089,201,10888,50000,49466,49463,413,413,537
1685,168519219,168519420,168530266,11047,201,10846,50000,49463,49461,413,413,539
1686,168619271,168619472,168630257,10986,201,10785,50000,49461,49459,413,413,541
1687,168719325,168719526,168730261,10936,201,10735,50000,49459,49457,413,413,543
1688,168819398,168819598,168830260,10862,200,10662,50000,49457,49455,413,413,545
1689,168919450,168919651,168930266,10816,201,10615,50000,49455,49452,413,413,548
1690,169019505,169019706,169030263,10758,201,10557,50000,49452,49450,414,414,550
1691,169119557,169119758,169130255,10698,201,10497,50000,49450,49449,414,414,551
1692,169219610,169219810,169230264,10654,200,10454,50000,49449,49446,413,413,554
1693,169319663,169319864,169330263,10600,201,10399,50000,49446,49445,414,414,555
1694,169419716,169419916,169430258,10542,200,10342,50000,49445,49443,414,414,557
1695,169519769,169519969,169530254,10485,200,10285,50000,49443,49441,414,414,559
1696,169619822,169620022,169630271,10449,200,10249,50000,49441,49439,414,414,561
1697,169719891,169720091,169730268,10377,200,10177,50000,49439,49437,414,414,563
1698,169819944,169820144,169830265,10321,200,10121,50000,49437,49435,414,414,565
1699,169919997,169920199,169930263,10266,202,10064,50000,49435,49434,414,414,566
1700,170020049,170020250,170033057,13008,201,12807,50000,49434,49432,414,414,568
1701,170120107,170120309,170130240,10133,202,9931,50000,49432,49430,414,414,570
1702,170220160,170220360,170230269,10109,200,9909,50000,49430,49428,414,414,572
1703,170320232,170320466,170330266,10034,234,9800,50000,49428,49426,414,414,574
1704,170420285,170420522,170430262,9977,237,9740,50000,49426,49425,414,414,575
1705,170520339,170520565,170530261,9922,226,9696,50000,49425,49423,414,414,577
1706,170620410,170620611,170630257,9847,201,9646,50000,49423,49421,414,414,579
1707,170720459,170720660,170730270,9811,201,9610,50000,49421,49419,414,414,581
1708,170820512,170820712,170830256,9744,200,9544,50000,49419,49417,414,414,583
1709,170920563,170920765,170930263,9700,202,9498,50000,49417,49416,414,414,584
1710,171020616,171020817,171030263,9647,201,9446,50000,49416,49414,414,414,586
1711,171120668,171120868,171130257,9589,200,9389,50000,49414,49412,414,414,588
1712,171220721,171220921,171230258,9537,200,9337,50000,49412,49411,415,415,589
1713,171320774,171320974,171330260,9486,200,9286,50000,49411,49409,414,414,591
1714,171420826,171421027,171430263,9437,201,9236,50000,49409,49408,415,415,592
1715,171520879,171521079,171530258,9379,200,9179,50000,49408,49406,415,415,594
1716,171620932,171621133,171630268,9336,201,9135,50000,49406,49405,415,415,595
1717,171720985,171721186,171730263,9278,201,9077,50000,49405,49403,415,415,597
1718,171821038,171821238,171830259,9221,200,9021,50000,49403,49402,415,415,598
1719,171921091,171921291,171930255,9164,200,8964,50000,49402,49401,415,415,599
1720,172021143,172021343,172030265,9122,200,8922,50000,49401,49399,415,415,601
1721,172121197,172121397,172130262,9065,200,8865,50000,49399,49398,415,415,602
1722,172221250,172221450,172230261,9011,200,8811,50000,49398,49396,415,415,604
1723,172321303,172321503,172330266,8963,200,8763,50000,49396,49395,415,415,605
1724,172421355,172421555,172430261,8906,200,8706,50000,49395,49394,415,415,606
1725,172521409,172521610,172530260,8851,201,8650,50000,49394,49392,415,415,608
1726,172621462,172621662,172630254,8792,200,8592,50000,49392,49391,415,415,609
1727,172721515,172721715,172730279,8764,200,8564,50000,49391,49389,415,415,611
1728,172821587,172821788,172830276,8689,201,8488,50000,49389,49388,415,415,612
1729,172921639,172921840,172930271,8632,201,8431,50000,49388,49387,415,415,613
1730,173021691,173021892,173030261,8570,201,8369,50000,49387,49385,415,415,615
1731,173121744,173121946,173130258,8514,202,8312,50000,49385,49384,415,415,616
1732,173221796,173221997,173230257,8461,201,8260,50000,49384,49383,415,415,617
1733,173321849,173322050,173330264,8415,201,8214,50000,49383,49381,415,415,619
1734,173421902,173422102,173430266,8364,200,8164,50000,49381,49380,415,415,620
1735,173521954,173522155,173530261,8307,201,8106,50000,49380,49379,415,415,621
1736,173622006,173622206,173630262,8256,200,8056,50000,49379,49377,415,415,623
1737,173722059,173722260,173730263,8204,201,8003,50000,49377,49376,416,416,624
1738,173822112,173822313,173830257,8145,201,7944,50000,49376,49375,416,416,625
1739,173922164,173922364,173930260,8096,200,7896,50000,49375,49374,416,416,626
1740,174022218,174022418,174030260,8042,200,7842,50000,49374,49373,416,416,627
1741,174122271,174122472,174130263,7992,201,7791,50000,49373,49372,416,416,628
1742,174222324,174222524,174230261,7937,200,7737,50000,49372,49371,416,416,629
1743,174322376,174322577,174330256,7880,201,7679,50000,49371,49370,416,416,630
1744,174422429,174422629,174430267,7838,200,7638,50000,49370,49369,416,416,631
1745,174522504,174522704,174530259,7755,200,7555,50000,49369,49368,416,416,632
1746,174622557,174622758,174630257,7700,201,7499,50000,49368,49367,416,416,633
1747,174722609,174722811,174730268,7659,202,7457,50000,49367,49366,416,416,634
1748,174822663,174822864,174830263,7600,201,7399,50000,49366,49365,416,416,635
1749,174922715,174922915,174930258,7543,200,7343,50000,49365,49364,416,416,636
1750,175022766,175022967,175030257,7491,201,7290,50000,49364,49363,416,416,637
1751,175122819,175123020,175130267,7448,201,7247,50000,49363,49362,416,416,638
1752,175222873,175223073,175230264,7391,200,7191,50000,49362,49361,416,416,639
1753,175322926,175323127,175330258,7332,201,7131,50000,49361,49360,416,416,640
1754,175422978,175423180,175430277,7299,202,7097,50000,49360,49360,416,416,640
1755,175523049,175523252,175530280,7231,203,7028,50000,49360,49359,416,416,641
1756,175623102,175623303,175630274,7172,201,6971,50000,49359,49358,416,416,642
1757,175723155,175723354,175730263,7108,199,6909,50000,49358,49357,416,416,643
1758,175823208,175823408,175830262,7054,200,6854,50000,49357,49356,416,416,644
1759,175923260,175923462,175930258,6998,202,6796,50000,49356,49355,416,416,645
1760,176023313,176023514,176030263,6950,201,6749,50000,49355,49354,416,416,646
1761,176123366,176123567,176130266,6900,201,6699,50000,49354,49353,416,416,647
1762,176223419,176228560,176240225,16806,5141,11665,50000,49353,49352,416,416,648
1763,176323471,176323672,176330228,6757,201,6556,50000,49352,49351,416,416,649
1764,176423524,176423725,176430264,6740,201,6539,50000,49351,49350,416,416,650
1765,176523599,176523799,176530266,6667,200,6467,50000,49350,49349,416,416,651
1766,176623652,176623852,176630259,6607,200,6407,50000,49349,49348,416,416,652
1767,176723704,176723905,176730257,6553,201,6352,50000,49348,49347,416,416,653
1768,176823757,176823957,176830268,6511,200,6311,50000,49347,49346,416,416,654
1769,176923810,176924009,176930256,6446,199,6247,50000,49346,49346,416,416,654
1770,177023862,177024064,177030259,6397,202,6195,50000,49346,49345,416,416,655
1771,177123916,177124116,177130265,6349,200,6149,50000,49345,49344,416,416,656
1772,177223969,177224169,177230262,6293,200,6093,50000,49344,49343,416,416,657
1773,177324021,177324221,177330258,6237,200,6037,50000,49343,49342,416,416,658
1774,177424074,177424275,177430257,6183,201,5982,50000,49342,49341,416,416,659
1775,177524127,177524327,177530265,6138,200,5938,50000,49341,49340,416,416,660
1776,177624181,177624381,177630261,6080,200,5880,50000,49340,49339,416,416,661
1777,177724233,177724434,177729235,5002,201,4801,50000,49339,49338,416,416,662
1778,177824286,177824487,177829338,5052,201,4851,50000,49338,49338,416,416,662
1779,177924340,177924542,177929379,5039,202,4837,50000,49338,49337,416,416,663
1780,178024411,178024612,178029438,5027,201,4826,50000,49337,49336,417,417,664
1781,178124468,178124669,178129495,5027,201,4826,50000,49336,49336,417,417,664
1782,178224521,178224750,178229579,5058,229,4829,50000,49336,49335,416,416,665
1783,178324594,178324827,178329641,5047,233,4814,50000,49335,49334,417,417,666
1784,178424666,178424889,178429699,5033,223,4810,50000,49334,49333,417,417,667
1785,178524737,178524938,178529749,5012,201,4811,50000,49333,49333,417,417,667
1786,178624788,178624989,178629808,5020,201,4819,50000,49333,49332,417,417,668
1787,178724876,178725077,178729868,4992,201,4791,50000,49332,49332,417,417,668
1788,178824947,178825149,178829933,4986,202,4784,50000,49332,49331,417,417,669
1789,178925022,178925223,178929993,4971,201,4770,50000,49331,49331,417,417,669
1790,179025109,179025312,179030065,4956,203,4753,50000,49331,49330,417,417,670
1791,179125178,179125380,179130131,4953,202,4751,50000,49330,49330,417,417,670
1792,179225267,179225468,179230193,4926,201,4725,50000,49330,49329,417,417,671
1793,179325337,179325537,179330251,4914,200,4714,50000,49329,49328,417,417,672
1794,179425407,179425609,179430283,4876,202,4674,50000,49328,49328,417,417,672
1795,179525459,179525660,179530263,4804,201,4603,50000,49328,49327,417,417,673
1796,179625511,179625712,179630282,4771,201,4570,50000,49327,49327,417,417,673
1797,179725563,179725764,179730242,4679,201,4478,50000,49327,49326,417,417,674
1798,179825615,179825816,179830256,4641,201,4440,50000,49326,49326,417,417,674
1799,179925666,179925869,179930266,4600,203,4397,50000,49326,49325,417,417,675
1800,180025718,180025918,180032095,6377,200,6177,50000,49325,49325,417,417,675
