sequence,cycle_started_us,command_sent_us,response_completed_us,full_loop_us,pre_send_us,transport_us,setpoint_milli_c,observed_milli_c,measured_milli_c,command_actuator_permille,status_actuator_permille,error_milli_c
1,5404,5789,110839,105435,385,105050,45000,20000,20266,951,951,24734
2,111375,111391,122168,10793,16,10777,45000,20266,20543,992,992,24457
3,211785,211802,222263,10478,17,10461,45000,20543,20817,986,986,24183
4,311832,311848,322358,10526,16,10510,45000,20817,21088,979,979,23912
5,411880,411896,422425,10545,16,10529,45000,21088,21356,972,972,23644
6,511926,511943,521515,9589,17,9572,45000,21356,21620,965,965,23380
7,611973,611990,621637,9664,17,9647,45000,21620,21882,958,958,23118
8,712020,712037,721566,9546,17,9529,45000,21882,22141,951,951,22859
9,812067,812084,821573,9506,17,9489,45000,22141,22397,944,944,22603
10,912115,912132,921590,9475,17,9458,45000,22397,22649,937,937,22351
11,1012162,1012179,1021582,9420,17,9403,45000,22649,22899,931,931,22101
12,1112209,1112226,1121586,9377,17,9360,45000,22899,23147,924,924,21853
13,1212257,1212274,1221574,9317,17,9300,45000,23147,23391,917,917,21609
14,1312304,1312320,1321592,9288,16,9272,45000,23391,23632,911,911,21368
15,1412352,1412369,1421578,9226,17,9209,45000,23632,23871,905,905,21129
16,1512400,1512417,1521577,9177,17,9160,45000,23871,24107,898,898,20893
17,1612447,1612464,1621573,9126,17,9109,45000,24107,24340,892,892,20660
18,1712495,1712512,1721579,9084,17,9067,45000,24340,24571,886,886,20429
19,1812542,1812559,1821585,9043,17,9026,45000,24571,24799,879,879,20201
20,1912589,1912606,1921573,8984,17,8967,45000,24799,25024,873,873,19976
21,2012637,2012653,2021593,8956,16,8940,45000,25024,25247,867,867,19753
22,2112685,2112701,2121579,8894,16,8878,45000,25247,25467,861,861,19533
23,2212732,2212749,2221573,8841,17,8824,45000,25467,25685,856,856,19315
24,2312780,2312797,2321591,8811,17,8794,45000,25685,25900,850,850,19100
25,2412828,2412845,2421580,8752,17,8735,45000,25900,26113,844,844,18887
26,2512875,2512892,2521573,8698,17,8681,45000,26113,26323,838,838,18677
27,2612923,2612940,2621571,8648,17,8631,45000,26323,26531,833,833,18469
28,2712971,2712988,2721596,8625,17,8608,45000,26531,26736,827,827,18264
29,2813020,2813037,2821582,8562,17,8545,45000,26736,26940,822,822,18060
30,2913067,2913084,2921584,8517,17,8500,45000,26940,27140,816,816,17860
31,3013116,3013133,3021572,8456,17,8439,45000,27140,27339,811,811,17661
32,3113163,3113180,3121623,8460,17,8443,45000,27339,27535,806,806,17465
33,3213213,3213230,3221620,8407,17,8390,45000,27535,27729,801,801,17271
34,3313261,3313277,3321612,8351,16,8335,45000,27729,27921,795,795,17079
35,3413308,3413325,3421578,8270,17,8253,45000,27921,28110,790,790,16890
36,3513355,3513372,3521575,8220,17,8203,45000,28110,28298,785,785,16702
37,3613403,3613419,3621579,8176,16,8160,45000,28298,28483,780,780,16517
38,3713451,3713467,3721578,8127,16,8111,45000,28483,28666,775,775,16334
39,3813498,3813515,3821574,8076,17,8059,45000,28666,28847,770,770,16153
40,3913546,3913562,3921571,8025,16,8009,45000,28847,29026,766,766,15974
41,4013593,4013609,4021578,7985,16,7969,45000,29026,29203,761,761,15797
42,4113641,4113657,4121586,7945,16,7929,45000,29203,29378,756,756,15622
43,4213689,4213706,4221574,7885,17,7868,45000,29378,29551,752,752,15449
44,4313736,4313753,4321568,7832,17,7815,45000,29551,29722,747,747,15278
45,4413783,4413800,4421585,7802,17,7785,45000,29722,29891,742,742,15109
46,4513831,4513847,4521587,7756,16,7740,45000,29891,30058,738,738,14942
47,4613879,4613895,4621572,7693,16,7677,45000,30058,30223,733,733,14777
48,4713926,4713943,4721579,7653,17,7636,45000,30223,30386,729,729,14614
49,4813974,4813991,4821587,7613,17,7596,45000,30386,30548,725,725,14452
50,4914021,4914038,4921576,7555,17,7538,45000,30548,30707,720,720,14293
51,5014069,5014086,5021569,7500,17,7483,45000,30707,30865,716,716,14135
52,5114116,5114133,5121583,7467,17,7450,45000,30865,31021,712,712,13979
53,5214166,5214183,5221588,7422,17,7405,45000,31021,31175,708,708,13825
54,5314213,5314230,5321573,7360,17,7343,45000,31175,31327,704,704,13673
55,5414261,5414278,5421579,7318,17,7301,45000,31327,31478,700,700,13522
56,5514308,5514325,5521587,7279,17,7262,45000,31478,31627,696,696,13373
57,5614358,5614374,5621574,7216,16,7200,45000,31627,31774,692,692,13226
58,5714405,5714422,5721569,7164,17,7147,45000,31774,31920,688,688,13080
59,5814453,5814470,5821587,7134,17,7117,45000,31920,32063,684,684,12937
60,5914501,5914518,5921591,7090,17,7073,45000,32063,32206,680,680,12794
61,6014548,6014565,6021577,7029,17,7012,45000,32206,32346,676,676,12654
62,6114595,6114612,6121574,6979,17,6962,45000,32346,32485,673,673,12515
63,6214643,6214659,6221590,6947,16,6931,45000,32485,32622,669,669,12378
64,6314691,6314708,6321584,6893,17,6876,45000,32622,32758,665,665,12242
65,6414739,6414755,6421592,6853,16,6837,45000,32758,32893,662,662,12107
66,6514787,6514804,6521580,6793,17,6776,45000,32893,33025,658,658,11975
67,6614834,6614851,6621574,6740,17,6723,45000,33025,33156,655,655,11844
68,6714883,6714899,6721570,6687,16,6671,45000,33156,33286,651,651,11714
69,6814930,6814947,6821590,6660,17,6643,45000,33286,33414,648,648,11586
70,6914978,6914995,6921576,6598,17,6581,45000,33414,33541,644,644,11459
71,7015025,7015042,7021570,6545,17,6528,45000,33541,33666,641,641,11334
72,7115073,7115090,7121581,6508,17,6491,45000,33666,33790,638,638,11210
73,7215121,7215138,7221587,6466,17,6449,45000,33790,33913,634,634,11087
74,7315169,7315186,7321574,6405,17,6388,45000,33913,34034,631,631,10966
75,7415217,7415233,7421572,6355,16,6339,45000,34034,34153,628,628,10847
76,7515264,7515281,7521591,6327,17,6310,45000,34153,34272,625,625,10728
77,7615313,7615330,7621576,6263,17,6246,45000,34272,34389,621,621,10611
78,7715361,7715378,7721576,6215,17,6198,45000,34389,34504,618,618,10496
79,7815408,7815425,7821578,6170,17,6153,45000,34504,34618,615,615,10382
80,7915473,7915492,7921580,6107,19,6088,45000,34618,34731,612,612,10269
81,8015495,8015513,8021585,6090,18,6072,45000,34731,34843,609,609,10157
82,8115542,8115559,8121572,6030,17,6013,45000,34843,34953,606,606,10047
83,8215589,8215605,8221583,5994,16,5978,45000,34953,35062,603,603,9938
84,8315636,8315653,8321578,5942,17,5925,45000,35062,35170,600,600,9830
85,8415682,8415699,8421570,5888,17,5871,45000,35170,35276,597,597,9724
86,8515728,8515745,8521578,5850,17,5833,45000,35276,35382,595,595,9618
87,8615775,8615792,8621587,5812,17,5795,45000,35382,35486,592,592,9514
88,8715821,8715838,8721575,5754,17,5737,45000,35486,35589,589,589,9411
89,8815867,8815884,8821570,5703,17,5686,45000,35589,35691,586,586,9309
90,8915914,8915931,8921596,5682,17,5665,45000,35691,35792,584,584,9208
91,9015979,9015995,9021583,5604,16,5588,45000,35792,35891,581,581,9109
92,9116025,9116041,9121578,5553,16,5537,45000,35891,35989,578,578,9011
93,9216071,9216088,9221587,5516,17,5499,45000,35989,36087,576,576,8913
94,9316118,9316134,9321574,5456,16,5440,45000,36087,36183,573,573,8817
95,9416164,9416180,9421589,5425,16,5409,45000,36183,36278,571,571,8722
96,9516210,9516227,9521584,5374,17,5357,45000,36278,36372,568,568,8628
97,9616257,9616273,9621589,5332,16,5316,45000,36372,36465,565,565,8535
98,9716303,9716320,9721576,5273,17,5256,45000,36465,36556,563,563,8444
99,9816349,9816366,9821570,5221,17,5204,45000,36556,36647,561,561,8353
100,9916396,9916413,9924331,7935,17,7918,45000,36647,36737,558,558,8263
101,10016445,10016463,10021529,5084,18,5066,45000,36737,36826,556,556,8174
102,10116492,10116509,10121574,5082,17,5065,45000,36826,36913,553,553,8087
103,10216541,10216558,10221579,5038,17,5021,45000,36913,37000,551,551,8000
104,10316588,10316605,10321587,4999,17,4982,45000,37000,37085,549,549,7915
105,10416635,10416652,10421576,4941,17,4924,45000,37085,37170,547,547,7830
106,10516682,10516699,10521571,4889,17,4872,45000,37170,37254,544,544,7746
107,10616728,10616745,10621591,4863,17,4846,45000,37254,37337,542,542,7663
108,10716776,10716792,10721577,4801,16,4785,45000,37337,37419,540,540,7581
109,10816822,10816838,10821572,4750,16,4734,45000,37419,37499,538,538,7501
110,10916868,10916885,10921563,4695,17,4678,45000,37499,37580,536,536,7420
111,11016915,11016932,11021581,4666,17,4649,45000,37580,37658,533,533,7342
112,11116962,11116979,11121575,4613,17,4596,45000,37658,37737,531,531,7263
113,11217008,11217025,11221581,4573,17,4556,45000,37737,37814,529,529,7186
114,11317073,11317090,11321578,4505,17,4488,45000,37814,37890,527,527,7110
115,11417119,11417136,11421578,4459,17,4442,45000,37890,37965,525,525,7035
116,11517166,11517183,11521582,4416,17,4399,45000,37965,38040,523,523,6960
117,11617213,11617230,11621577,4364,17,4347,45000,38040,38114,521,521,6886
118,11717259,11717276,11721578,4319,17,4302,45000,38114,38187,519,519,6813
119,11817306,11817323,11821585,4279,17,4262,45000,38187,38259,517,517,6741
120,11917353,11917369,11921571,4218,16,4202,45000,38259,38330,515,515,6670
121,12017399,12017416,12021589,4190,17,4173,45000,38330,38400,513,513,6600
122,12117446,12117463,12121584,4138,17,4121,45000,38400,38470,512,512,6530
123,12217493,12217510,12221580,4087,17,4070,45000,38470,38539,510,510,6461
124,12317539,12317556,12321586,4047,17,4030,45000,38539,38607,508,508,6393
125,12417586,12417603,12421576,3990,17,3973,45000,38607,38674,506,506,6326
126,12517632,12517648,12521593,3961,16,3945,45000,38674,38741,504,504,6259
127,12617678,12617695,12621583,3905,17,3888,45000,38741,38806,502,502,6194
128,12717724,12717742,12721576,3852,18,3834,45000,38806,38871,501,501,6129
129,12817771,12817788,12821575,3804,17,3787,45000,38871,38935,499,499,6065
130,12917818,12917834,12921565,3747,16,3731,45000,38935,38999,497,497,6001
131,13017864,13017881,13021582,3718,17,3701,45000,38999,39061,495,495,5939
132,13117911,13117928,13121585,3674,17,3657,45000,39061,39124,494,494,5876
133,13217957,13217974,13221572,3615,17,3598,45000,39124,39185,492,492,5815
134,13318004,13318021,13321575,3571,17,3554,45000,39185,39246,491,491,5754
135,13418050,13418067,13421580,3530,17,3513,45000,39246,39305,489,489,5695
136,13518097,13518113,13521586,3489,16,3473,45000,39305,39365,488,488,5635
137,13618143,13618160,13621573,3430,17,3413,45000,39365,39424,486,486,5576
138,13718189,13718206,13721582,3393,17,3376,45000,39424,39481,484,484,5519
139,13818236,13818253,13821586,3350,17,3333,45000,39481,39539,483,483,5461
140,13918283,13918300,13921573,3290,17,3273,45000,39539,39595,481,481,5405
141,14018329,14018346,14021575,3246,17,3229,45000,39595,39651,480,480,5349
142,14118377,14118393,14121581,3204,16,3188,45000,39651,39706,478,478,5294
143,14218423,14218440,14221585,3162,17,3145,45000,39706,39761,477,477,5239
144,14318471,14318487,14321573,3102,16,3086,45000,39761,39815,475,475,5185
145,14418516,14418533,14421591,3075,17,3058,45000,39815,39869,474,474,5131
146,14518563,14518580,14521577,3014,17,2997,45000,39869,39921,472,472,5079
147,14618609,14618626,14621572,2963,17,2946,45000,39921,39973,471,471,5027
148,14718655,14718672,14721588,2933,17,2916,45000,39973,40025,470,470,4975
149,14818703,14818720,14821578,2875,17,2858,45000,40025,40076,468,468,4924
150,14918749,14918766,14921578,2829,17,2812,45000,40076,40127,467,467,4873
151,15018796,15018813,15021726,2930,17,2913,45000,40127,40176,465,465,4824
152,15118842,15118859,15121831,2989,17,2972,45000,40176,40225,464,464,4775
153,15218887,15218904,15221894,3007,17,2990,45000,40225,40274,463,463,4726
154,15318933,15318950,15321961,3028,17,3011,45000,40274,40322,462,462,4678
155,15418979,15418995,15422002,3023,16,3007,45000,40322,40370,460,460,4630
156,15519042,15519059,15522085,3043,17,3026,45000,40370,40417,459,459,4583
157,15619087,15619104,15622147,3060,17,3043,45000,40417,40464,458,458,4536
158,15719133,15719149,15722228,3095,16,3079,45000,40464,40510,457,457,4490
159,15819179,15819196,15822289,3110,17,3093,45000,40510,40555,455,455,4445
160,15919227,15919244,15922351,3124,17,3107,45000,40555,40600,454,454,4400
161,16019273,16019290,16022415,3142,17,3125,45000,40600,40644,453,453,4356
162,16119338,16119356,16122484,3146,18,3128,45000,40644,40688,452,452,4312
163,16219404,16219421,16222517,3113,17,3096,45000,40688,40732,451,451,4268
164,16319450,16319467,16322512,3062,17,3045,45000,40732,40775,449,449,4225
165,16419496,16419512,16422520,3024,16,3008,45000,40775,40817,448,448,4183
166,16519541,16519558,16522514,2973,17,2956,45000,40817,40859,447,447,4141
167,16619587,16619604,16622517,2930,17,2913,45000,40859,40900,446,446,4100
168,16719633,16719650,16722518,2885,17,2868,45000,40900,40941,445,445,4059
169,16819679,16819695,16822523,2844,16,2828,45000,40941,40982,444,444,4018
170,16919724,16919741,16921528,1804,17,1787,45000,40982,41022,443,443,3978
171,17019771,17019788,17021634,1863,17,1846,45000,41022,41062,442,442,3938
172,17119816,17119833,17131559,11743,17,11726,45000,41062,41101,441,441,3899
173,17219887,17219904,17231587,11700,17,11683,45000,41101,41140,440,440,3860
174,17319934,17319951,17331592,11658,17,11641,45000,41140,41178,439,439,3822
175,17419980,17419997,17431585,11605,17,11588,45000,41178,41216,438,438,3784
176,17520027,17520059,17531605,11578,32,11546,45000,41216,41254,437,437,3746
177,17620077,17620093,17631598,11521,16,11505,45000,41254,41291,436,436,3709
178,17720123,17720140,17731597,11474,17,11457,45000,41291,41327,435,435,3673
179,17820170,17820186,17831604,11434,16,11418,45000,41327,41363,434,434,3637
180,17920216,17920233,17931625,11409,17,11392,45000,41363,41399,433,433,3601
181,18020263,18020280,18031605,11342,17,11325,45000,41399,41435,432,432,3565
182,18120327,18120343,18131581,11254,16,11238,45000,41435,41470,431,431,3530
183,18220373,18220390,18231572,11199,17,11182,45000,41470,41504,430,430,3496
184,18320419,18320436,18331572,11153,17,11136,45000,41504,41538,429,429,3462
185,18420467,18420484,18431588,11121,17,11104,45000,41538,41572,428,428,3428
186,18520513,18520530,18531582,11069,17,11052,45000,41572,41605,427,427,3395
187,18620560,18620577,18631575,11015,17,10998,45000,41605,41638,426,426,3362
188,18720607,18720624,18731572,10965,17,10948,45000,41638,41670,425,425,3330
189,18820654,18820670,18831591,10937,16,10921,45000,41670,41703,425,425,3297
190,18920700,18920717,18931579,10879,17,10862,45000,41703,41735,424,424,3265
191,19020746,19020763,19031572,10826,17,10809,45000,41735,41766,423,423,3234
192,19120793,19120810,19131569,10776,17,10759,45000,41766,41797,422,422,3203
193,19220839,19220856,19231591,10752,17,10735,45000,41797,41828,421,421,3172
194,19320885,19320902,19331578,10693,17,10676,45000,41828,41858,420,420,3142
195,19420932,19420949,19431582,10650,17,10633,45000,41858,41888,420,420,3112
196,19520980,19520997,19531577,10597,17,10580,45000,41888,41918,419,419,3082
197,19621029,19621045,19631578,10549,16,10533,45000,41918,41948,418,418,3052
198,19721078,19721095,19731574,10496,17,10479,45000,41948,41977,417,417,3023
199,19821125,19821142,19831579,10454,17,10437,45000,41977,42005,416,416,2995
200,19921174,19921190,19934331,13157,16,13141,45000,42005,42034,416,416,2966
201,20021225,20021241,20031529,10304,16,10288,45000,42034,42062,415,415,2938
202,20121272,20121289,20131575,10303,17,10286,45000,42062,42089,414,414,2911
203,20221322,20221339,20231571,10249,17,10232,45000,42089,42117,413,413,2883
204,20321370,20321387,20331579,10209,17,10192,45000,42117,42143,412,412,2857
205,20421418,20421435,20431575,10157,17,10140,45000,42143,42170,412,412,2830
206,20521466,20521483,20531567,10101,17,10084,45000,42170,42197,411,411,2803
207,20621514,20621531,20631606,10092,17,10075,45000,42197,42223,410,410,2777
208,20721583,20721600,20731611,10028,17,10011,45000,42223,42249,410,410,2751
209,20821631,20821647,20831596,9965,16,9949,45000,42249,42274,409,409,2726
210,20921679,20921695,20931585,9906,16,9890,45000,42274,42300,409,409,2700
211,21021727,21021744,21031574,9847,17,9830,45000,42300,42325,408,408,2675
212,21121774,21121791,21131568,9794,17,9777,45000,42325,42349,407,407,2651
213,21221822,21221858,21231585,9763,36,9727,45000,42349,42374,407,407,2626
214,21321887,21321906,21331587,9700,19,9681,45000,42374,42398,406,406,2602
215,21421927,21421944,21431574,9647,17,9630,45000,42398,42422,405,405,2578
216,21521973,21521990,21531576,9603,17,9586,45000,42422,42445,404,404,2555
217,21622021,21622037,21631582,9561,16,9545,45000,42445,42469,404,404,2531
218,21722067,21722084,21731588,9521,17,9504,45000,42469,42492,403,403,2508
219,21822115,21822132,21831576,9461,17,9444,45000,42492,42514,403,403,2486
220,21922162,21922178,21931569,9407,16,9391,45000,42514,42537,402,402,2463
221,22022209,22022226,22031589,9380,17,9363,45000,42537,42559,401,401,2441
222,22122257,22122274,22131575,9318,17,9301,45000,42559,42581,401,401,2419
223,22222304,22222321,22231570,9266,17,9249,45000,42581,42603,400,400,2397
224,22322352,22322368,22331581,9229,16,9213,45000,42603,42624,400,400,2376
225,22422400,22422417,22431576,9176,17,9159,45000,42624,42646,399,399,2354
226,22522447,22522464,22531582,9135,17,9118,45000,42646,42666,398,398,2334
227,22622495,22622512,22631576,9081,17,9064,45000,42666,42687,398,398,2313
228,22722543,22722560,22731578,9035,17,9018,45000,42687,42708,397,397,2292
229,22822591,22822608,22831584,8993,17,8976,45000,42708,42728,397,397,2272
230,22922639,22922656,22931571,8932,17,8915,45000,42728,42748,396,396,2252
231,23022687,23022703,23031582,8895,16,8879,45000,42748,42768,396,396,2232
232,23122735,23122752,23131586,8851,17,8834,45000,42768,42787,395,395,2213
233,23222783,23222800,23231574,8791,17,8774,45000,42787,42807,395,395,2193
234,23322831,23322847,23331599,8768,16,8752,45000,42807,42826,394,394,2174
235,23422879,23422896,23431605,8726,17,8709,45000,42826,42845,394,394,2155
236,23522926,23522943,23531600,8674,17,8657,45000,42845,42864,393,393,2136
237,23622974,23622990,23631590,8616,16,8600,45000,42864,42882,393,393,2118
238,23723021,23723037,23731576,8555,16,8539,45000,42882,42900,392,392,2100
239,23823067,23823084,23831571,8504,17,8487,45000,42900,42919,392,392,2081
240,23923114,23923131,23931588,8474,17,8457,45000,42919,42936,391,391,2064
241,24023162,24023179,24031579,8417,17,8400,45000,42936,42954,391,391,2046
242,24123209,24123226,24131585,8376,17,8359,45000,42954,42971,390,390,2029
243,24223256,24223273,24231573,8317,17,8300,45000,42971,42989,390,390,2011
244,24323303,24323320,24331591,8288,17,8271,45000,42989,43006,389,389,1994
245,24423352,24423369,24431576,8224,17,8207,45000,43006,43023,389,389,1977
246,24523400,24523416,24531572,8172,16,8156,45000,43023,43039,388,388,1961
247,24623447,24623463,24631590,8143,16,8127,45000,43039,43056,388,388,1944
248,24723496,24723513,24731585,8089,17,8072,45000,43056,43072,388,388,1928
249,24823542,24823559,24831578,8036,17,8019,45000,43072,43088,387,387,1912
250,24923591,24923607,24931575,7984,16,7968,45000,43088,43104,387,387,1896
251,25023638,25023655,25031572,7934,17,7917,45000,43104,43120,386,386,1880
252,25123686,25123702,25131597,7911,16,7895,45000,43120,43135,386,386,1865
253,25223734,25223751,25231611,7877,17,7860,45000,43135,43151,386,386,1849
254,25323781,25323798,25331606,7825,17,7808,45000,43151,43166,385,385,1834
255,25423829,25423846,25431591,7762,17,7745,45000,43166,43181,385,385,1819
256,25523876,25523893,25531584,7708,17,7691,45000,43181,43196,384,384,1804
257,25623925,25623941,25631573,7648,16,7632,45000,43196,43211,384,384,1789
258,25723972,25723989,25731575,7603,17,7586,45000,43211,43225,383,383,1775
259,25824020,25824037,25831578,7558,17,7541,45000,43225,43240,383,383,1760
260,25924068,25924085,25931574,7506,17,7489,45000,43240,43254,383,383,1746
261,26024116,26024133,26031583,7467,17,7450,45000,43254,43268,382,382,1732
262,26124164,26124181,26131611,7447,17,7430,45000,43268,43282,382,382,1718
263,26224212,26224229,26231606,7394,17,7377,45000,43282,43295,382,382,1705
264,26324260,26324277,26331606,7346,17,7329,45000,43295,43309,381,381,1691
265,26424307,26424324,26431584,7277,17,7260,45000,43309,43322,381,381,1678
266,26524354,26524371,26531584,7230,17,7213,45000,43322,43336,381,381,1664
267,26624402,26624419,26631573,7171,17,7154,45000,43336,43349,380,380,1651
268,26724449,26724466,26731582,7133,17,7116,45000,43349,43362,380,380,1638
269,26824497,26824513,26831586,7089,16,7073,45000,43362,43375,379,379,1625
270,26924544,26924561,26931572,7028,17,7011,45000,43375,43387,379,379,1613
271,27024591,27024608,27031579,6988,17,6971,45000,43387,43400,379,379,1600
272,27124639,27124656,27131587,6948,17,6931,45000,43400,43412,378,378,1588
273,27224687,27224704,27231574,6887,17,6870,45000,43412,43424,378,378,1576
274,27324734,27324751,27331569,6835,17,6818,45000,43424,43436,378,378,1564
275,27424781,27424798,27431583,6802,17,6785,45000,43436,43448,378,378,1552
276,27524829,27524846,27531587,6758,17,6741,45000,43448,43460,377,377,1540
277,27624876,27624893,27631572,6696,17,6679,45000,43460,43472,377,377,1528
278,27724923,27724940,27731582,6659,17,6642,45000,43472,43484,377,377,1516
279,27824971,27824988,27831591,6620,17,6603,45000,43484,43495,376,376,1505
280,27925018,27925035,27931581,6563,17,6546,45000,43495,43506,376,376,1494
281,28025066,28025083,28031589,6523,17,6506,45000,43506,43517,376,376,1483
282,28125113,28125130,28131578,6465,17,6448,45000,43517,43528,375,375,1472
283,28225160,28225177,28231570,6410,17,6393,45000,43528,43539,375,375,1461
284,28325208,28325224,28331589,6381,16,6365,45000,43539,43550,375,375,1450
285,28425277,28425293,28431584,6307,16,6291,45000,43550,43561,374,374,1439
286,28525324,28525340,28531580,6256,16,6240,45000,43561,43571,374,374,1429
287,28625371,28625388,28631584,6213,17,6196,45000,43571,43582,374,374,1418
288,28725419,28725436,28731574,6155,17,6138,45000,43582,43592,374,374,1408
289,28825481,28825498,28831597,6116,17,6099,45000,43592,43602,373,373,1398
290,28925526,28925542,28931577,6051,16,6035,45000,43602,43612,373,373,1388
291,29025572,29025588,29031569,5997,16,5981,45000,43612,43622,373,373,1378
292,29125618,29125635,29131589,5971,17,5954,45000,43622,43632,373,373,1368
293,29225665,29225682,29231579,5914,17,5897,45000,43632,43642,372,372,1358
294,29325711,29325728,29331566,5855,17,5838,45000,43642,43651,372,372,1349
295,29425757,29425774,29431579,5822,17,5805,45000,43651,43661,372,372,1339
296,29525804,29525821,29531585,5781,17,5764,45000,43661,43670,371,371,1330
297,29625850,29625867,29631575,5725,17,5708,45000,43670,43679,371,371,1321
298,29725897,29725913,29731568,5671,16,5655,45000,43679,43688,371,371,1312
299,29825943,29825960,29831582,5639,17,5622,45000,43688,43698,371,371,1302
300,29925989,29926006,29934328,8339,17,8322,45000,43698,43706,370,370,1294
301,30026039,30026056,30031524,5485,17,5468,45000,43706,43715,370,370,1285
302,30126085,30126102,30131597,5512,17,5495,45000,43715,43724,370,370,1276
303,30226131,30226148,30231584,5453,17,5436,45000,43724,43733,370,370,1267
304,30326178,30326195,30331575,5397,17,5380,45000,43733,43741,370,370,1259
305,30426225,30426242,30431579,5354,17,5337,45000,43741,43750,370,370,1250
306,30526271,30526288,30531582,5311,17,5294,45000,43750,43758,369,369,1242
307,30626318,30626335,30631575,5257,17,5240,45000,43758,43766,369,369,1234
308,30726364,30726381,30731570,5206,17,5189,45000,43766,43775,369,369,1225
309,30826412,30826428,30831587,5175,16,5159,45000,43775,43783,368,368,1217
310,30926459,30926475,30931606,5147,16,5131,45000,43783,43791,368,368,1209
311,31026505,31026522,31031594,5089,17,5072,45000,43791,43798,368,368,1202
312,31126552,31126568,31131581,5029,16,5013,45000,43798,43806,368,368,1194
313,31226598,31226615,31231576,4978,17,4961,45000,43806,43814,368,368,1186
314,31326645,31326662,31331571,4926,17,4909,45000,43814,43822,367,367,1178
315,31426691,31426708,31431575,4884,17,4867,45000,43822,43829,367,367,1171
316,31526738,31526755,31531582,4844,17,4827,45000,43829,43837,367,367,1163
317,31626785,31626802,31631587,4802,17,4785,45000,43837,43844,367,367,1156
318,31726832,31726848,31731574,4742,16,4726,45000,43844,43851,367,367,1149
319,31826878,31826895,31831570,4692,17,4675,45000,43851,43859,367,367,1141
320,31926925,31926941,31931588,4663,16,4647,45000,43859,43866,366,366,1134
321,32026972,32026988,32031577,4605,16,4589,45000,43866,43873,366,366,1127
322,32127018,32127034,32131580,4562,16,4546,45000,43873,43880,366,366,1120
323,32227065,32227082,32231577,4512,17,4495,45000,43880,43887,366,366,1113
324,32327111,32327128,32331574,4463,17,4446,45000,43887,43894,366,366,1106
325,32427158,32427175,32431585,4427,17,4410,45000,43894,43900,365,365,1100
326,32527205,32527221,32531578,4373,16,4357,45000,43900,43907,365,365,1093
327,32627251,32627267,32631578,4327,16,4311,45000,43907,43913,365,365,1087
328,32727298,32727314,32731585,4287,16,4271,45000,43913,43920,365,365,1080
329,32827345,32827361,32831572,4227,16,4211,45000,43920,43926,365,365,1074
330,32927391,32927408,32931589,4198,17,4181,45000,43926,43933,365,365,1067
331,33027438,33027455,33031578,4140,17,4123,45000,43933,43939,364,364,1061
332,33127484,33127501,33131571,4087,17,4070,45000,43939,43945,364,364,1055
333,33227531,33227548,33231587,4056,17,4039,45000,43945,43951,364,364,1049
334,33327578,33327595,33331579,4001,17,3984,45000,43951,43958,364,364,1042
335,33427625,33427642,33431571,3946,17,3929,45000,43958,43963,363,363,1037
336,33527672,33527689,33531570,3898,17,3881,45000,43963,43969,364,364,1031
337,33627718,33627735,33631611,3893,17,3876,45000,43969,43975,363,363,1025
338,33727785,33727802,33731600,3815,17,3798,45000,43975,43981,363,363,1019
339,33827832,33827849,33831602,3770,17,3753,45000,43981,43987,363,363,1013
340,33927879,33927896,33931582,3703,17,3686,45000,43987,43992,363,363,1008
341,34027925,34027942,34031573,3648,17,3631,45000,43992,43998,363,363,1002
342,34127973,34127990,34131569,3596,17,3579,45000,43998,44004,363,363,996
343,34228019,34228036,34231591,3572,17,3555,45000,44004,44009,362,362,991
344,34328065,34328082,34331578,3513,17,3496,45000,44009,44014,362,362,986
345,34428111,34428128,34431572,3461,17,3444,45000,44014,44020,362,362,980
346,34528158,34528175,34531581,3423,17,3406,45000,44020,44025,362,362,975
347,34628205,34628222,34631578,3373,17,3356,45000,44025,44030,362,362,970
348,34728251,34728268,34731577,3326,17,3309,45000,44030,44035,362,362,965
349,34828298,34828315,34831583,3285,17,3268,45000,44035,44041,362,362,959
350,34928345,34928361,34931574,3229,16,3213,45000,44041,44046,361,361,954
351,35028391,35028408,35031587,3196,17,3179,45000,44046,44050,361,361,950
352,35128437,35128454,35131575,3138,17,3121,45000,44050,44055,361,361,945
353,35228483,35228500,35231568,3085,17,3068,45000,44055,44060,361,361,940
354,35328530,35328546,35331589,3059,16,3043,45000,44060,44065,361,361,935
355,35428576,35428593,35431578,3002,17,2985,45000,44065,44070,361,361,930
356,35528622,35528639,35531570,2948,17,2931,45000,44070,44075,361,361,925
357,35628668,35628685,35631587,2919,17,2902,45000,44075,44079,361,361,921
358,35728715,35728732,35731580,2865,17,2848,45000,44079,44084,361,361,916
359,35828761,35828778,35831729,2968,17,2951,45000,44084,44089,360,360,911
360,35928807,35928824,35931812,3005,17,2988,45000,44089,44093,360,360,907
361,36028853,36028870,36031886,3033,17,3016,45000,44093,44098,360,360,902
362,36128899,36128915,36131952,3053,16,3037,45000,44098,44102,360,360,898
363,36228944,36228961,36232018,3074,17,3057,45000,44102,44106,360,360,894
364,36328989,36329006,36332081,3092,17,3075,45000,44106,44111,360,360,889
365,36429035,36429052,36432156,3121,17,3104,45000,44111,44115,359,359,885
366,36529082,36529099,36532239,3157,17,3140,45000,44115,44119,359,359,881
367,36629141,36629158,36632290,3149,17,3132,45000,44119,44123,359,359,877
368,36729189,36729206,36732354,3165,17,3148,45000,44123,44127,359,359,873
369,36829254,36829271,36832419,3165,17,3148,45000,44127,44131,359,359,869
370,36929319,36929336,36932494,3175,17,3158,45000,44131,44135,359,359,865
371,37029367,37029384,37032519,3152,17,3135,45000,44135,44139,359,359,861
372,37129413,37129430,37132514,3101,17,3084,45000,44139,44143,359,359,857
373,37229459,37229476,37232512,3053,17,3036,45000,44143,44147,359,359,853
374,37329504,37329521,37332522,3018,17,3001,45000,44147,44151,359,359,849
375,37429550,37429567,37432516,2966,17,2949,45000,44151,44155,359,359,845
376,37529594,37529611,37532519,2925,17,2908,45000,44155,44158,358,358,842
377,37629641,37629658,37632517,2876,17,2859,45000,44158,44162,358,358,838
378,37729686,37729703,37732523,2837,17,2820,45000,44162,44166,358,358,834
379,37829732,37829749,37831539,1807,17,1790,45000,44166,44169,358,358,831
380,37929777,37929794,37941585,11808,17,11791,45000,44169,44173,358,358,827
381,38029824,38029840,38041593,11769,16,11753,45000,44173,44176,358,358,824
382,38129870,38129887,38141576,11706,17,11689,45000,44176,44180,358,358,820
383,38229917,38229933,38241590,11673,16,11657,45000,44180,44183,358,358,817
384,38329964,38329981,38341593,11629,17,11612,45000,44183,44187,358,358,813
385,38430010,38430027,38441596,11586,17,11569,45000,44187,44190,357,357,810
386,38530067,38530084,38541602,11535,17,11518,45000,44190,44193,357,357,807
387,38630113,38630130,38641591,11478,17,11461,45000,44193,44196,357,357,804
388,38730160,38730177,38741571,11411,17,11394,45000,44196,44200,357,357,800
389,38830207,38830223,38841577,11370,16,11354,45000,44200,44203,357,357,797
390,38930257,38930274,38941573,11316,17,11299,45000,44203,44206,357,357,794
391,39030303,39030321,39041568,11265,18,11247,45000,44206,44209,357,357,791
392,39130350,39130367,39141615,11265,17,11248,45000,44209,44212,357,357,788
393,39230398,39230415,39241603,11205,17,11188,45000,44212,44215,357,357,785
394,39330445,39330461,39341605,11160,16,11144,45000,44215,44218,357,357,782
395,39430492,39430508,39441579,11087,16,11071,45000,44218,44221,357,357,779
396,39530537,39530554,39541572,11035,17,11018,45000,44221,44224,357,357,776
397,39630584,39630601,39641563,10979,17,10962,45000,44224,44228,357,357,772
398,39730632,39730649,39741581,10949,17,10932,45000,44228,44230,356,356,770
399,39830679,39830695,39841575,10896,16,10880,45000,44230,44233,357,357,767
400,39930725,39930742,39944320,13595,17,13578,45000,44233,44236,356,356,764
401,40030775,40030792,40041524,10749,17,10732,45000,44236,44239,356,356,761
402,40130820,40130838,40141598,10778,18,10760,45000,44239,44242,356,356,758
403,40230867,40230884,40241583,10716,17,10699,45000,44242,44244,356,356,756
404,40330914,40330931,40341569,10655,17,10638,45000,44244,44247,356,356,753
405,40430962,40430978,40441587,10625,16,10609,45000,44247,44250,356,356,750
406,40531009,40531026,40541591,10582,17,10565,45000,44250,44252,356,356,748
407,40631056,40631073,40641578,10522,17,10505,45000,44252,44255,356,356,745
408,40731104,40731121,40741572,10468,17,10451,45000,44255,44258,356,356,742
409,40831151,40831168,40841568,10417,17,10400,45000,44258,44260,356,356,740
410,40931199,40931216,40941586,10387,17,10370,45000,44260,44263,356,356,737
411,41031247,41031264,41041575,10328,17,10311,45000,44263,44265,355,355,735
412,41131295,41131312,41141578,10283,17,10266,45000,44265,44268,355,355,732
413,41231342,41231359,41241577,10235,17,10218,45000,44268,44270,355,355,730
414,41331390,41331407,41341572,10182,17,10165,45000,44270,44272,355,355,728
415,41431438,41431455,41441568,10130,17,10113,45000,44272,44275,355,355,725
416,41531485,41531501,41541589,10104,16,10088,45000,44275,44277,355,355,723
417,41631532,41631549,41641575,10043,17,10026,45000,44277,44279,355,355,721
418,41731580,41731596,41741570,9990,16,9974,45000,44279,44281,355,355,719
419,41831628,41831645,41841585,9957,17,9940,45000,44281,44284,355,355,716
420,41931675,41931692,41941606,9931,17,9914,45000,44284,44286,355,355,714
421,42031723,42031740,42041601,9878,17,9861,45000,44286,44288,355,355,712
422,42131771,42131788,42141578,9807,17,9790,45000,44288,44291,355,355,709
423,42231819,42231836,42241573,9754,17,9737,45000,44291,44293,355,355,707
424,42331878,42331895,42341581,9703,17,9686,45000,44293,44295,355,355,705
425,42431925,42431942,42441576,9651,17,9634,45000,44295,44297,355,355,703
426,42531972,42531988,42541576,9604,16,9588,45000,44297,44299,355,355,701
427,42632018,42632035,42641582,9564,17,9547,45000,44299,44302,355,355,698
428,42732065,42732082,42741569,9504,17,9487,45000,44302,44304,354,354,696
429,42832112,42832129,42841580,9468,17,9451,45000,44304,44305,354,354,695
430,42932159,42932176,42941575,9416,17,9399,45000,44305,44308,355,355,692
431,43032205,43032222,43041570,9365,17,9348,45000,44308,44310,354,354,690
432,43132252,43132269,43141577,9325,17,9308,45000,44310,44311,354,354,689
433,43232300,43232317,43241584,9284,17,9267,45000,44311,44313,354,354,687
434,43332347,43332363,43341574,9227,16,9211,45000,44313,44315,354,354,685
435,43432394,43432411,43441566,9172,17,9155,45000,44315,44317,354,354,683
436,43532441,43532458,43541589,9148,17,9131,45000,44317,44319,354,354,681
437,43632490,43632506,43641592,9102,16,9086,45000,44319,44321,354,354,679
438,43732537,43732554,43741579,9042,17,9025,45000,44321,44323,354,354,677
439,43832585,43832601,43841573,8988,16,8972,45000,44323,44324,354,354,676
440,43932632,43932649,43941571,8939,17,8922,45000,44324,44326,354,354,674
441,44032680,44032697,44041592,8912,17,8895,45000,44326,44328,354,354,672
442,44132728,44132744,44141595,8867,16,8851,45000,44328,44330,354,354,670
443,44232775,44232791,44241581,8806,16,8790,45000,44330,44332,354,354,668
444,44332822,44332838,44341576,8754,16,8738,45000,44332,44333,354,354,667
445,44432868,44432885,44441572,8704,17,8687,45000,44333,44335,354,354,665
446,44532915,44532932,44541569,8654,17,8637,45000,44335,44337,354,354,663
447,44632962,44632978,44641604,8642,16,8626,45000,44337,44339,354,354,661
448,44733029,44733046,44741573,8544,17,8527,45000,44339,44340,353,353,660
449,44833075,44833092,44841570,8495,17,8478,45000,44340,44342,354,354,658
450,44933123,44933139,44941579,8456,16,8440,45000,44342,44343,353,353,657
451,45033170,45033187,45041581,8411,17,8394,45000,44343,44345,353,353,655
452,45133217,45133234,45141570,8353,17,8336,45000,44345,44346,353,353,654
453,45233265,45233282,45241588,8323,17,8306,45000,44346,44348,353,353,652
454,45333314,45333330,45341578,8264,16,8248,45000,44348,44349,353,353,651
455,45433361,45433378,45441567,8206,17,8189,45000,44349,44351,353,353,649
456,45533408,45533425,45541577,8169,17,8152,45000,44351,44352,353,353,648
457,45633456,45633472,45641585,8129,16,8113,45000,44352,44354,353,353,646
458,45733503,45733520,45741573,8070,17,8053,45000,44354,44355,353,353,645
459,45833550,45833566,45841568,8018,16,8002,45000,44355,44356,353,353,644
460,45933598,45933615,45941579,7981,17,7964,45000,44356,44358,353,353,642
461,46033646,46033662,46041583,7937,16,7921,45000,44358,44359,353,353,641
462,46133693,46133710,46141571,7878,17,7861,45000,44359,44361,353,353,639
463,46233741,46233758,46241572,7831,17,7814,45000,44361,44362,353,353,638
464,46333789,46333806,46341579,7790,17,7773,45000,44362,44363,353,353,637
465,46433837,46433854,46441584,7747,17,7730,45000,44363,44365,353,353,635
466,46533885,46533902,46541569,7684,17,7667,45000,44365,44366,353,353,634
467,46633933,46633949,46641600,7667,16,7651,45000,44366,44368,353,353,632
468,46733999,46734016,46741594,7595,17,7578,45000,44368,44369,353,353,631
469,46834046,46834064,46841589,7543,18,7525,45000,44369,44370,353,353,630
470,46934094,46934111,46941583,7489,17,7472,45000,44370,44372,353,353,628
471,47034141,47034158,47041572,7431,17,7414,45000,44372,44373,353,353,627
472,47134188,47134205,47141569,7381,17,7364,45000,44373,44374,353,353,626
473,47234236,47234253,47241592,7356,17,7339,45000,44374,44376,353,353,624
474,47334285,47334302,47341578,7293,17,7276,45000,44376,44377,352,352,623
475,47434331,47434348,47441573,7242,17,7225,45000,44377,44378,352,352,622
476,47534379,47534396,47541582,7203,17,7186,45000,44378,44379,352,352,621
477,47634426,47634443,47641576,7150,17,7133,45000,44379,44380,352,352,620
478,47734474,47734491,47741575,7101,17,7084,45000,44380,44381,352,352,619
479,47834521,47834537,47841570,7049,16,7033,45000,44381,44382,352,352,618
480,47934568,47934584,47941576,7008,16,6992,45000,44382,44383,352,352,617
481,48034616,48034632,48041579,6963,16,6947,45000,44383,44384,352,352,616
482,48134662,48134679,48141582,6920,17,6903,45000,44384,44385,352,352,615
483,48234710,48234727,48241571,6861,17,6844,45000,44385,44386,352,352,614
484,48334757,48334773,48341583,6826,16,6810,45000,44386,44387,352,352,613
485,48434806,48434822,48441585,6779,16,6763,45000,44387,44388,352,352,612
486,48534853,48534870,48541571,6718,17,6701,45000,44388,44389,352,352,611
487,48634900,48634917,48641578,6678,17,6661,45000,44389,44390,352,352,610
488,48734949,48734965,48741586,6637,16,6621,45000,44390,44391,352,352,609
489,48834996,48835013,48841574,6578,17,6561,45000,44391,44392,352,352,608
490,48935044,48935061,48941568,6524,17,6507,45000,44392,44393,352,352,607
491,49035091,49035108,49041581,6490,17,6473,45000,44393,44394,352,352,606
492,49135140,49135157,49141575,6435,17,6418,45000,44394,44395,352,352,605
493,49235187,49235204,49241583,6396,17,6379,45000,44395,44396,352,352,604
494,49335235,49335252,49341586,6351,17,6334,45000,44396,44397,352,352,603
495,49435282,49435299,49441599,6317,17,6300,45000,44397,44398,352,352,602
496,49535331,49535347,49541605,6274,16,6258,45000,44398,44399,352,352,601
497,49635378,49635394,49641580,6202,16,6186,45000,44399,44400,352,352,600
498,49735426,49735443,49741584,6158,17,6141,45000,44400,44401,352,352,599
499,49835487,49835504,49841575,6088,17,6071,45000,44401,44402,352,352,598
500,49935533,49935550,49944323,8790,17,8773,45000,44402,44403,352,352,597
501,50035582,50035599,50041532,5950,17,5933,45000,44403,44404,352,352,596
502,50135628,50135645,50141576,5948,17,5931,45000,44404,44405,352,352,595
503,50235677,50235694,50241571,5894,17,5877,45000,44405,44406,352,352,594
504,50335724,50335741,50341578,5854,17,5837,45000,44406,44407,352,352,593
505,50435771,50435788,50441587,5816,17,5799,45000,44407,44408,352,352,592
506,50535835,50535852,50541575,5740,17,5723,45000,44408,44408,352,352,592
507,50635882,50635899,50641569,5687,17,5670,45000,44408,44409,352,352,591
508,50735929,50735945,50741574,5645,16,5629,45000,44409,44410,352,352,590
509,50835975,50835991,50841583,5608,16,5592,45000,44410,44411,352,352,589
510,50936021,50936038,50941571,5550,17,5533,45000,44411,44412,352,352,588
511,51036067,51036084,51041561,5494,17,5477,45000,44412,44413,352,352,587
512,51136114,51136131,51141578,5464,17,5447,45000,44413,44414,352,352,586
513,51236161,51236178,51241574,5413,17,5396,45000,44414,44415,352,352,585
514,51336206,51336223,51341564,5358,17,5341,45000,44415,44416,351,351,584
515,51436253,51436270,51441580,5327,17,5310,45000,44416,44416,351,351,584
516,51536300,51536317,51541573,5273,17,5256,45000,44416,44417,352,352,583
517,51636346,51636363,51641569,5223,17,5206,45000,44417,44418,351,351,582
518,51736393,51736409,51741574,5181,16,5165,45000,44418,44418,351,351,582
519,51836439,51836455,51841583,5144,16,5128,45000,44418,44419,351,351,581
520,51936485,51936502,51941572,5087,17,5070,45000,44419,44419,351,351,581
521,52036532,52036548,52041579,5047,16,5031,45000,44419,44420,351,351,580
522,52136578,52136595,52141603,5025,17,5008,45000,44420,44421,351,351,579
523,52236624,52236641,52241608,4984,17,4967,45000,44421,44421,351,351,579
524,52336671,52336687,52341594,4923,16,4907,45000,44421,44422,351,351,578
525,52436718,52436735,52441585,4867,17,4850,45000,44422,44422,351,351,578
526,52536765,52536781,52541574,4809,16,4793,45000,44422,44423,351,351,577
527,52636812,52636828,52641566,4754,16,4738,45000,44423,44424,351,351,576
528,52736858,52736875,52741581,4723,17,4706,45000,44424,44424,351,351,576
529,52836905,52836921,52841586,4681,16,4665,45000,44424,44425,351,351,575
530,52936951,52936968,52941573,4622,17,4605,45000,44425,44425,351,351,575
531,53036998,53037014,53041576,4578,16,4562,45000,44425,44426,351,351,574
532,53137045,53137062,53141582,4537,17,4520,45000,44426,44427,351,351,573
533,53237091,53237108,53241587,4496,17,4479,45000,44427,44427,351,351,573
534,53337138,53337155,53341575,4437,17,4420,45000,44427,44428,351,351,572
535,53437184,53437201,53441568,4384,17,4367,45000,44428,44428,351,351,572
536,53537230,53537247,53541588,4358,17,4341,45000,44428,44429,351,351,571
537,53637277,53637294,53641577,4300,17,4283,45000,44429,44429,351,351,571
538,53737323,53737340,53741582,4259,17,4242,45000,44429,44430,351,351,570
539,53837369,53837386,53841575,4206,17,4189,45000,44430,44431,351,351,569
540,53937415,53937432,53941572,4157,17,4140,45000,44431,44431,351,351,569
541,54037462,54037479,54041569,4107,17,4090,45000,44431,44432,351,351,568
542,54137508,54137525,54141576,4068,17,4051,45000,44432,44432,351,351,568
543,54237554,54237571,54241585,4031,17,4014,45000,44432,44433,351,351,567
544,54337601,54337617,54341573,3972,16,3956,45000,44433,44433,351,351,567
545,54437646,54437663,54441581,3935,17,3918,45000,44433,44434,351,351,566
546,54537693,54537710,54541577,3884,17,3867,45000,44434,44434,351,351,566
547,54637739,54637756,54641573,3834,17,3817,45000,44434,44435,351,351,565
548,54737785,54737802,54741569,3784,17,3767,45000,44435,44435,351,351,565
549,54837832,54837848,54841588,3756,16,3740,45000,44435,44436,351,351,564
550,54937878,54937895,54941601,3723,17,3706,45000,44436,44437,351,351,563
551,55037925,55037942,55041601,3676,17,3659,45000,44437,44437,351,351,563
552,55137971,55137987,55141588,3617,16,3601,45000,44437,44438,351,351,562
553,55238017,55238034,55241576,3559,17,3542,45000,44438,44438,351,351,562
554,55338063,55338080,55341582,3519,17,3502,45000,44438,44439,351,351,561
555,55438110,55438127,55441577,3467,17,3450,45000,44439,44439,351,351,561
556,55538156,55538173,55541575,3419,17,3402,45000,44439,44440,351,351,560
557,55638203,55638220,55641573,3370,17,3353,45000,44440,44440,351,351,560
558,55738249,55738265,55741579,3330,16,3314,45000,44440,44441,351,351,559
559,55838295,55838312,55841581,3286,17,3269,45000,44441,44441,351,351,559
560,55938342,55938359,55941572,3230,17,3213,45000,44441,44442,351,351,558
561,56038388,56038405,56041571,3183,17,3166,45000,44442,44442,351,351,558
562,56138434,56138451,56141589,3155,17,3138,45000,44442,44443,351,351,557
563,56238481,56238497,56241583,3102,16,3086,45000,44443,44443,351,351,557
564,56338527,56338544,56341577,3050,17,3033,45000,44443,44444,351,351,556
565,56438573,56438590,56441575,3002,17,2985,45000,44444,44444,351,351,556
566,56538619,56538636,56541571,2952,17,2935,45000,44444,44445,351,351,555
567,56638666,56638682,56641586,2920,16,2904,45000,44445,44445,351,351,555
568,56738713,56738729,56741575,2862,16,2846,45000,44445,44446,351,351,554
569,56838760,56838777,56841573,2813,17,2796,45000,44446,44446,351,351,554
570,56938806,56938823,56941729,2923,17,2906,45000,44446,44447,351,351,553
571,57038852,57038869,57041812,2960,17,2943,45000,44447,44447,351,351,553
572,57138899,57138916,57141877,2978,17,2961,45000,44447,44448,351,351,552
573,57238944,57238961,57241948,3004,17,2987,45000,44448,44448,351,351,552
574,57338990,57339006,57342016,3026,16,3010,45000,44448,44449,351,351,551
575,57439035,57439051,57442084,3049,16,3033,45000,44449,44449,350,350,551
576,57539080,57539097,57542132,3052,17,3035,45000,44449,44449,351,351,551
577,57639146,57639163,57642245,3099,17,3082,45000,44449,44450,351,351,550
578,57739219,57739236,57742305,3086,17,3069,45000,44450,44450,350,350,550
579,57839283,57839299,57842366,3083,16,3067,45000,44450,44451,351,351,549
580,57939328,57939345,57942421,3093,17,3076,45000,44451,44451,350,350,549
581,58039390,58039406,58042498,3108,16,3092,45000,44451,44451,351,351,549
582,58139435,58139452,58142513,3078,17,3061,45000,44451,44452,351,351,548
583,58239481,58239498,58242519,3038,17,3021,45000,44452,44452,350,350,548
584,58339527,58339543,58342517,2990,16,2974,45000,44452,44452,350,350,548
585,58439572,58439589,58442514,2942,17,2925,45000,44452,44452,350,350,548
586,58539618,58539635,58542522,2904,17,2887,45000,44452,44453,350,350,547
587,58639664,58639681,58642516,2852,17,2835,45000,44453,44453,350,350,547
588,58739709,58739725,58741511,1802,16,1786,45000,44453,44453,350,350,547
589,58839754,58839771,58841619,1865,17,1848,45000,44453,44453,350,350,547
590,58939799,58939816,58951583,11784,17,11767,45000,44453,44453,350,350,547
591,59039845,59039862,59051584,11739,17,11722,45000,44453,44453,350,350,547
592,59139892,59139909,59151588,11696,17,11679,45000,44453,44454,350,350,546
593,59239938,59239955,59251597,11659,17,11642,45000,44454,44454,350,350,546
594,59339984,59340001,59351607,11623,17,11606,45000,44454,44454,350,350,546
595,59440032,59440063,59451598,11566,31,11535,45000,44454,44454,350,350,546
596,59540085,59540102,59551601,11516,17,11499,45000,44454,44454,350,350,546
597,59640131,59640148,59651592,11461,17,11444,45000,44454,44455,350,350,545
598,59740177,59740194,59751588,11411,17,11394,45000,44455,44455,350,350,545
599,59840223,59840240,59851607,11384,17,11367,45000,44455,44455,350,350,545
600,59940269,59940286,59954358,14089,17,14072,45000,44455,44455,350,350,545
601,60040319,60040336,60051532,11213,17,11196,65000,44455,44637,1000,1000,20363
602,60140365,60140382,60151574,11209,17,11192,65000,44637,44819,1000,1000,20181
603,60240415,60240432,60251570,11155,17,11138,65000,44819,44999,1000,1000,20001
604,60340461,60340478,60351589,11128,17,11111,65000,44999,45179,1000,1000,19821
605,60440508,60440525,60451583,11075,17,11058,65000,45179,45359,1000,1000,19641
606,60540554,60540571,60551569,11015,17,10998,65000,45359,45537,1000,1000,19463
607,60640601,60640617,60651581,10980,16,10964,65000,45537,45715,1000,1000,19285
608,60740648,60740664,60751583,10935,16,10919,65000,45715,45892,1000,1000,19108
609,60840694,60840711,60851571,10877,17,10860,65000,45892,46069,1000,1000,18931
610,60940740,60940757,60951585,10845,17,10828,65000,46069,46244,1000,1000,18756
611,61040787,61040804,61051578,10791,17,10774,65000,46244,46419,1000,1000,18581
612,61140833,61140850,61151571,10738,17,10721,65000,46419,46594,1000,1000,18406
613,61240880,61240896,61251568,10688,16,10672,65000,46594,46767,1000,1000,18233
614,61340926,61340943,61351580,10654,17,10637,65000,46767,46940,1000,1000,18060
615,61440975,61440991,61451585,10610,16,10594,65000,46940,47113,1000,1000,17887
616,61541022,61541039,61551572,10550,17,10533,65000,47113,47284,1000,1000,17716
617,61641070,61641087,61651575,10505,17,10488,65000,47284,47455,1000,1000,17545
618,61741118,61741135,61751578,10460,17,10443,65000,47455,47625,1000,1000,17375
619,61841165,61841182,61851573,10408,17,10391,65000,47625,47795,1000,1000,17205
620,61941213,61941230,61951565,10352,17,10335,65000,47795,47964,1000,1000,17036
621,62041261,62041278,62051580,10319,17,10302,65000,47964,48132,1000,1000,16868
622,62141309,62141326,62151575,10266,17,10249,65000,48132,48299,1000,1000,16701
623,62241356,62241372,62251569,10213,16,10197,65000,48299,48466,1000,1000,16534
624,62341404,62341421,62351592,10188,17,10171,65000,48466,48632,1000,1000,16368
625,62441451,62441468,62451598,10147,17,10130,65000,48632,48798,1000,1000,16202
626,62541500,62541516,62551592,10092,16,10076,65000,48798,48962,1000,1000,16038
627,62641548,62641564,62651579,10031,16,10015,65000,48962,49127,1000,1000,15873
628,62741596,62741613,62751573,9977,17,9960,65000,49127,49290,1000,1000,15710
629,62841643,62841660,62851580,9937,17,9920,65000,49290,49453,1000,1000,15547
630,62941691,62941708,62951578,9887,17,9870,65000,49453,49615,1000,1000,15385
631,63041739,63041756,63051578,9839,17,9822,65000,49615,49776,997,997,15224
632,63141787,63141803,63151587,9800,16,9784,65000,49776,49935,993,993,15065
633,63241834,63241870,63251573,9739,36,9703,65000,49935,50092,989,989,14908
634,63341883,63341900,63351579,9696,17,9679,65000,50092,50247,984,984,14753
635,63441930,63441947,63451574,9644,17,9627,65000,50247,50400,980,980,14600
636,63541976,63541993,63551573,9597,17,9580,65000,50400,50552,976,976,14448
637,63642022,63642039,63651576,9554,17,9537,65000,50552,50702,972,972,14298
638,63742070,63742086,63751576,9506,16,9490,65000,50702,50850,968,968,14150
639,63842116,63842132,63851572,9456,16,9440,65000,50850,50997,964,964,14003
640,63942162,63942179,63951578,9416,17,9399,65000,50997,51142,960,960,13858
641,64042208,64042225,64051573,9365,17,9348,65000,51142,51285,956,956,13715
642,64142255,64142271,64151579,9324,16,9308,65000,51285,51426,953,953,13574
643,64242303,64242320,64251574,9271,17,9254,65000,51426,51566,949,949,13434
644,64342350,64342367,64351567,9217,17,9200,65000,51566,51705,945,945,13295
645,64442398,64442415,64451579,9181,17,9164,65000,51705,51841,941,941,13159
646,64542446,64542463,64551584,9138,17,9121,65000,51841,51977,938,938,13023
647,64642493,64642510,64651569,9076,17,9059,65000,51977,52110,934,934,12890
648,64742541,64742558,64751586,9045,17,9028,65000,52110,52243,931,931,12757
649,64842588,64842605,64851578,8990,17,8973,65000,52243,52373,927,927,12627
650,64942635,64942652,64951581,8946,17,8929,65000,52373,52502,924,924,12498
651,65042683,65042699,65051571,8888,16,8872,65000,52502,52630,920,920,12370
652,65142729,65142746,65151601,8872,17,8855,65000,52630,52756,917,917,12244
653,65242795,65242812,65251598,8803,17,8786,65000,52756,52881,914,914,12119
654,65342843,65342859,65351601,8758,16,8742,65000,52881,53004,910,910,11996
655,65442890,65442907,65451579,8689,17,8672,65000,53004,53126,907,907,11874
656,65542938,65542954,65551581,8643,16,8627,65000,53126,53247,904,904,11753
657,65642985,65643002,65651571,8586,17,8569,65000,53247,53366,900,900,11634
658,65743032,65743049,65751584,8552,17,8535,65000,53366,53484,897,897,11516
659,65843080,65843097,65851588,8508,17,8491,65000,53484,53600,894,894,11400
660,65943127,65943144,65951573,8446,17,8429,65000,53600,53715,891,891,11285
661,66043175,66043191,66051580,8405,16,8389,65000,53715,53829,888,888,11171
662,66143223,66143240,66151582,8359,17,8342,65000,53829,53941,885,885,11059
663,66243270,66243287,66251575,8305,17,8288,65000,53941,54053,882,882,10947
664,66343318,66343335,66351571,8253,17,8236,65000,54053,54162,879,879,10838
665,66443364,66443381,66451578,8214,17,8197,65000,54162,54271,876,876,10729
666,66543412,66543428,66551575,8163,16,8147,65000,54271,54378,873,873,10622
667,66643458,66643475,66651583,8125,17,8108,65000,54378,54485,870,870,10515
668,66743506,66743523,66751570,8064,17,8047,65000,54485,54589,867,867,10411
669,66843554,66843570,66851581,8027,16,8011,65000,54589,54693,865,865,10307
670,66943602,66943619,66951583,7981,17,7964,65000,54693,54796,862,862,10204
671,67043649,67043665,67051570,7921,16,7905,65000,54796,54897,859,859,10103
672,67143696,67143713,67151576,7880,17,7863,65000,54897,54998,857,857,10002
673,67243745,67243761,67251583,7838,16,7822,65000,54998,55097,854,854,9903
674,67343791,67343808,67351572,7781,17,7764,65000,55097,55195,851,851,9805
675,67443839,67443855,67451580,7741,16,7725,65000,55195,55291,849,849,9709
676,67543887,67543905,67551577,7690,18,7672,65000,55291,55387,846,846,9613
677,67643935,67643951,67651574,7639,16,7623,65000,55387,55482,844,844,9518
678,67743982,67743999,67751582,7600,17,7583,65000,55482,55576,841,841,9424
679,67844031,67844047,67851583,7552,16,7536,65000,55576,55668,838,838,9332
680,67944078,67944095,67951601,7523,17,7506,65000,55668,55759,836,836,9241
681,68044126,68044143,68051597,7471,17,7454,65000,55759,55850,834,834,9150
682,68144173,68144190,68151586,7413,17,7396,65000,55850,55939,831,831,9061
683,68244222,68244239,68251574,7352,17,7335,65000,55939,56027,829,829,8973
684,68344269,68344285,68351580,7311,16,7295,65000,56027,56115,827,827,8885
685,68444317,68444334,68451576,7259,17,7242,65000,56115,56201,824,824,8799
686,68544364,68544381,68551574,7210,17,7193,65000,56201,56286,822,822,8714
687,68644412,68644429,68651570,7158,17,7141,65000,56286,56371,820,820,8629
688,68744460,68744477,68751569,7109,17,7092,65000,56371,56454,817,817,8546
689,68844507,68844524,68851592,7085,17,7068,65000,56454,56537,815,815,8463
690,68944555,68944572,68951579,7024,17,7007,65000,56537,56618,813,813,8382
691,69044602,69044619,69051572,6970,17,6953,65000,56618,56699,811,811,8301
692,69144649,69144667,69151571,6922,18,6904,65000,56699,56778,809,809,8222
693,69244697,69244714,69251562,6865,17,6848,65000,56778,56857,807,807,8143
694,69344744,69344761,69351576,6832,17,6815,65000,56857,56935,804,804,8065
695,69444792,69444809,69451572,6780,17,6763,65000,56935,57012,802,802,7988
696,69544840,69544857,69551564,6724,17,6707,65000,57012,57088,800,800,7912
697,69644887,69644904,69651576,6689,17,6672,65000,57088,57163,798,798,7837
698,69744935,69744952,69751572,6637,17,6620,65000,57163,57237,796,796,7763
699,69844982,69844999,69851579,6597,17,6580,65000,57237,57310,794,794,7690
700,69945031,69945047,69954326,9295,16,9279,65000,57310,57383,792,792,7617
701,70045080,70045117,70051526,6446,37,6409,65000,57383,57455,790,790,7545
702,70145128,70145145,70151570,6442,17,6425,65000,57455,57525,788,788,7475
703,70245179,70245196,70251575,6396,17,6379,65000,57525,57596,787,787,7404
704,70345226,70345242,70351586,6360,16,6344,65000,57596,57665,785,785,7335
705,70445274,70445291,70451576,6302,17,6285,65000,57665,57734,783,783,7266
706,70545321,70545337,70551578,6257,16,6241,65000,57734,57801,781,781,7199
707,70645369,70645386,70651606,6237,17,6220,65000,57801,57868,779,779,7132
708,70745417,70745434,70751600,6183,17,6166,65000,57868,57935,778,778,7065
709,70845480,70845496,70851594,6114,16,6098,65000,57935,58000,776,776,7000
710,70945511,70945528,70951583,6072,17,6055,65000,58000,58065,774,774,6935
711,71045557,71045574,71051572,6015,17,5998,65000,58065,58129,772,772,6871
712,71145603,71145620,71151581,5978,17,5961,65000,58129,58192,771,771,6808
713,71245650,71245667,71251579,5929,17,5912,65000,58192,58255,769,769,6745
714,71345696,71345713,71351573,5877,17,5860,65000,58255,58316,767,767,6684
715,71445744,71445760,71451572,5828,16,5812,65000,58316,58378,766,766,6622
716,71545790,71545807,71551587,5797,17,5780,65000,58378,58438,764,764,6562
717,71645837,71645854,71651579,5742,17,5725,65000,58438,58498,762,762,6502
718,71745883,71745900,71751571,5688,17,5671,65000,58498,58557,761,761,6443
719,71845929,71845946,71851561,5632,17,5615,65000,58557,58615,759,759,6385
720,71945976,71945993,71951585,5609,17,5592,65000,58615,58673,758,758,6327
721,72046022,72046039,72051590,5568,17,5551,65000,58673,58730,756,756,6270
722,72146068,72146085,72151575,5507,17,5490,65000,58730,58786,755,755,6214
723,72246115,72246132,72251575,5460,17,5443,65000,58786,58842,753,753,6158
724,72346160,72346177,72351581,5421,17,5404,65000,58842,58897,752,752,6103
725,72446207,72446224,72451574,5367,17,5350,65000,58897,58952,750,750,6048
726,72546253,72546270,72551570,5317,17,5300,65000,58952,59006,749,749,5994
727,72646300,72646317,72651568,5268,17,5251,65000,59006,59059,747,747,5941
728,72746346,72746363,72751586,5240,17,5223,65000,59059,59111,746,746,5889
729,72846392,72846409,72851573,5181,17,5164,65000,59111,59164,745,745,5836
730,72946438,72946455,72951567,5129,17,5112,65000,59164,59215,743,743,5785
731,73046484,73046501,73051583,5099,17,5082,65000,59215,59266,742,742,5734
732,73146531,73146548,73151577,5046,17,5029,65000,59266,59316,740,740,5684
733,73246577,73246594,73251579,5002,17,4985,65000,59316,59366,739,739,5634
734,73346623,73346640,73351586,4963,17,4946,65000,59366,59415,738,738,5585
735,73446669,73446686,73451615,4946,17,4929,65000,59415,59463,736,736,5537
736,73546733,73546750,73551604,4871,17,4854,65000,59463,59511,735,735,5489
737,73646779,73646796,73651588,4809,17,4792,65000,59511,59559,734,734,5441
738,73746825,73746842,73751575,4750,17,4733,65000,59559,59605,732,732,5395
739,73846872,73846889,73851580,4708,17,4691,65000,59605,59652,731,731,5348
740,73946938,73946954,73951577,4639,16,4623,65000,59652,59697,730,730,5303
741,74046984,74047001,74051574,4590,17,4573,65000,59697,59743,729,729,5257
742,74147031,74147047,74151571,4540,16,4524,65000,59743,59788,728,728,5212
743,74247077,74247094,74251567,4490,17,4473,65000,59788,59832,726,726,5168
744,74347123,74347140,74351589,4466,17,4449,65000,59832,59875,725,725,5125
745,74447169,74447186,74451577,4408,17,4391,65000,59875,59919,724,724,5081
746,74547215,74547232,74551583,4368,17,4351,65000,59919,59961,723,723,5039
747,74647262,74647279,74651577,4315,17,4298,65000,59961,60004,722,722,4996
748,74747309,74747326,74751574,4265,17,4248,65000,60004,60046,721,721,4954
749,74847356,74847372,74851573,4217,16,4201,65000,60046,60087,720,720,4913
750,74947402,74947419,74951561,4159,17,4142,65000,60087,60128,719,719,4872
751,75047448,75047465,75051588,4140,17,4123,65000,60128,60168,717,717,4832
752,75147512,75147529,75151593,4081,17,4064,65000,60168,60208,716,716,4792
753,75247559,75247575,75251579,4020,16,4004,65000,60208,60247,715,715,4753
754,75347605,75347622,75351572,3967,17,3950,65000,60247,60286,714,714,4714
755,75447652,75447669,75451570,3918,17,3901,65000,60286,60325,713,713,4675
756,75547698,75547715,75551585,3887,17,3870,65000,60325,60363,712,712,4637
757,75647745,75647762,75651581,3836,17,3819,65000,60363,60400,711,711,4600
758,75747791,75747808,75751591,3800,17,3783,65000,60400,60438,710,710,4562
759,75847838,75847854,75851578,3740,16,3724,65000,60438,60474,709,709,4526
760,75947883,75947900,75951576,3693,17,3676,65000,60474,60511,708,708,4489
761,76047930,76047946,76051563,3633,16,3617,65000,60511,60547,707,707,4453
762,76147976,76147993,76151595,3619,17,3602,65000,60547,60582,706,706,4418
763,76248041,76248058,76251582,3541,17,3524,65000,60582,60617,705,705,4383
764,76348087,76348104,76351574,3487,17,3470,65000,60617,60652,704,704,4348
765,76448133,76448150,76451574,3441,17,3424,65000,60652,60686,703,703,4314
766,76548180,76548196,76551570,3390,16,3374,65000,60686,60720,703,703,4280
767,76648226,76648243,76651568,3342,17,3325,65000,60720,60754,702,702,4246
768,76748272,76748289,76751588,3316,17,3299,65000,60754,60787,701,701,4213
769,76848318,76848335,76851577,3259,17,3242,65000,60787,60820,700,700,4180
770,76948364,76948381,76951569,3205,17,3188,65000,60820,60852,699,699,4148
771,77048410,77048427,77051575,3165,17,3148,65000,60852,60885,698,698,4115
772,77148457,77148474,77151585,3128,17,3111,65000,60885,60916,697,697,4084
773,77248503,77248520,77251572,3069,17,3052,65000,60916,60948,697,697,4052
774,77348551,77348567,77351567,3016,16,3000,65000,60948,60979,696,696,4021
775,77448596,77448613,77451588,2992,17,2975,65000,60979,61009,695,695,3991
776,77548642,77548659,77551577,2935,17,2918,65000,61009,61040,694,694,3960
777,77648689,77648705,77651579,2890,16,2874,65000,61040,61070,693,693,3930
778,77748735,77748752,77751576,2841,17,2824,65000,61070,61099,692,692,3901
779,77848781,77848798,77851731,2950,17,2933,65000,61099,61128,692,692,3872
780,77948827,77948843,77951811,2984,16,2968,65000,61128,61157,691,691,3843
781,78048873,78048889,78051875,3002,16,2986,65000,61157,61186,690,690,3814
782,78148919,78148935,78151964,3045,16,3029,65000,61186,61214,689,689,3786
783,78248965,78248981,78252013,3048,16,3032,65000,61214,61242,689,689,3758
784,78349030,78349047,78352097,3067,17,3050,65000,61242,61270,688,688,3730
785,78449076,78449093,78452137,3061,17,3044,65000,61270,61297,687,687,3703
786,78549139,78549156,78552221,3082,17,3065,65000,61297,61324,686,686,3676
787,78649185,78649202,78652281,3096,17,3079,65000,61324,61351,686,686,3649
788,78749233,78749250,78752354,3121,17,3104,65000,61351,61377,685,685,3623
789,78849295,78849312,78852419,3124,17,3107,65000,61377,61403,684,684,3597
790,78949360,78949377,78952481,3121,17,3104,65000,61403,61429,683,683,3571
791,79049405,79049422,79052515,3110,17,3093,65000,61429,61454,683,683,3546
792,79149452,79149469,79152516,3064,17,3047,65000,61454,61480,682,682,3520
793,79249497,79249514,79252516,3019,17,3002,65000,61480,61504,681,681,3496
794,79349543,79349559,79352515,2972,16,2956,65000,61504,61529,681,681,3471
795,79449587,79449604,79452516,2929,17,2912,65000,61529,61553,680,680,3447
796,79549633,79549650,79552519,2886,17,2869,65000,61553,61577,680,680,3423
797,79649679,79649696,79652516,2837,17,2820,65000,61577,61601,679,679,3399
798,79749725,79749742,79751524,1799,17,1782,65000,61601,61625,678,678,3375
799,79849770,79849787,79851639,1869,17,1852,65000,61625,61648,677,677,3352
800,79949816,79949832,79964324,14508,16,14492,65000,61648,61671,677,677,3329
801,80049865,80049882,80061567,11702,17,11685,65000,61671,61693,676,676,3307
802,80149911,80149927,80161584,11673,16,11657,65000,61693,61716,676,676,3284
803,80249957,80249974,80261593,11636,17,11619,65000,61716,61738,675,675,3262
804,80350003,80350020,80361590,11587,17,11570,65000,61738,61760,675,675,3240
805,80450062,80450078,80461599,11537,16,11521,65000,61760,61782,674,674,3218
806,80550108,80550124,80561598,11490,16,11474,65000,61782,61803,673,673,3197
807,80650154,80650171,80661588,11434,17,11417,65000,61803,61824,673,673,3176
808,80750201,80750218,80761591,11390,17,11373,65000,61824,61845,672,672,3155
809,80850247,80850264,80861594,11347,17,11330,65000,61845,61866,672,672,3134
810,80950315,80950332,80961599,11284,17,11267,65000,61866,61886,671,671,3114
811,81050362,81050379,81061594,11232,17,11215,65000,61886,61907,671,671,3093
812,81150409,81150425,81161579,11170,16,11154,65000,61907,61927,670,670,3073
813,81250455,81250472,81261573,11118,17,11101,65000,61927,61946,670,670,3054
814,81350501,81350518,81361569,11068,17,11051,65000,61946,61966,669,669,3034
815,81450548,81450565,81461587,11039,17,11022,65000,61966,61985,668,668,3015
816,81550594,81550611,81561580,10986,17,10969,65000,61985,62004,668,668,2996
817,81650640,81650657,81661583,10943,17,10926,65000,62004,62023,668,668,2977
818,81750687,81750704,81761572,10885,17,10868,65000,62023,62042,667,667,2958
819,81850733,81850750,81861589,10856,17,10839,65000,62042,62060,666,666,2940
820,81950780,81950797,81961579,10799,17,10782,65000,62060,62079,666,666,2921
821,82050826,82050843,82061572,10746,17,10729,65000,62079,62096,665,665,2904
822,82150872,82150889,82161581,10709,17,10692,65000,62096,62114,665,665,2886
823,82250919,82250936,82261576,10657,17,10640,65000,62114,62132,665,665,2868
824,82350966,82350983,82361584,10618,17,10601,65000,62132,62149,664,664,2851
825,82451014,82451031,82461573,10559,17,10542,65000,62149,62167,664,664,2833
826,82551061,82551078,82561567,10506,17,10489,65000,62167,62184,663,663,2816
827,82651109,82651126,82661577,10468,17,10451,65000,62184,62201,663,663,2799
828,82751158,82751174,82761572,10414,16,10398,65000,62201,62217,662,662,2783
829,82851204,82851221,82861579,10375,17,10358,65000,62217,62234,662,662,2766
830,82951253,82951269,82961577,10324,16,10308,65000,62234,62250,661,661,2750
831,83051299,83051316,83061573,10274,17,10257,65000,62250,62266,661,661,2734
832,83151348,83151364,83161583,10235,16,10219,65000,62266,62282,661,661,2718
833,83251395,83251412,83261577,10182,17,10165,65000,62282,62298,660,660,2702
834,83351442,83351459,83361575,10133,17,10116,65000,62298,62313,660,660,2687
835,83451490,83451507,83461571,10081,17,10064,65000,62313,62328,659,659,2672
836,83551537,83551554,83561578,10041,17,10024,65000,62328,62344,659,659,2656
837,83651585,83651602,83661603,10018,17,10001,65000,62344,62358,658,658,2642
838,83751633,83751649,83761598,9965,16,9949,65000,62358,62373,658,658,2627
839,83851680,83851697,83861601,9921,17,9904,65000,62373,62388,658,658,2612
840,83951728,83951744,83961578,9850,16,9834,65000,62388,62402,657,657,2598
841,84051774,84051791,84061573,9799,17,9782,65000,62402,62417,657,657,2583
842,84151822,84151858,84161581,9759,36,9723,65000,62417,62431,656,656,2569
843,84251883,84251899,84261579,9696,16,9680,65000,62431,62445,656,656,2555
844,84351929,84351946,84361575,9646,17,9629,65000,62445,62459,656,656,2541
845,84451976,84451993,84461570,9594,17,9577,65000,62459,62472,655,655,2528
846,84552023,84552039,84561577,9554,16,9538,65000,62472,62486,655,655,2514
847,84652070,84652086,84661579,9509,16,9493,65000,62486,62499,655,655,2501
848,84752116,84752133,84761576,9460,17,9443,65000,62499,62512,654,654,2488
849,84852163,84852180,84861582,9419,17,9402,65000,62512,62525,654,654,2475
850,84952210,84952227,84961572,9362,17,9345,65000,62525,62538,654,654,2462
851,85052257,85052274,85061589,9332,17,9315,65000,62538,62516,653,653,2484
852,85152306,85152323,85161576,9270,17,9253,65000,62516,62496,660,660,2504
853,85252353,85252370,85261569,9216,17,9199,65000,62496,62476,661,661,2524
854,85352402,85352419,85361569,9167,17,9150,65000,62476,62456,662,662,2544
855,85452450,85452466,85461579,9129,16,9113,65000,62456,62437,662,662,2563
856,85552497,85552514,85561581,9084,17,9067,65000,62437,62418,663,663,2582
857,85652544,85652561,85661575,9031,17,9014,65000,62418,62399,663,663,2601
858,85752592,85752609,85761587,8995,17,8978,65000,62399,62380,664,664,2620
859,85852640,85852657,85861575,8935,17,8918,65000,62380,62361,664,664,2639
860,85952686,85952703,85961568,8882,17,8865,65000,62361,62343,665,665,2657
861,86052733,86052750,86061580,8847,17,8830,65000,62343,62325,665,665,2675
862,86152781,86152798,86161574,8793,17,8776,65000,62325,62307,666,666,2693
863,86252828,86252845,86261574,8746,17,8729,65000,62307,62289,666,666,2711
864,86352876,86352892,86361583,8707,16,8691,65000,62289,62272,667,667,2728
865,86452923,86452940,86461603,8680,17,8663,65000,62272,62255,667,667,2745
866,86552971,86552988,86561600,8629,17,8612,65000,62255,62238,667,667,2762
867,86653018,86653035,86661588,8570,17,8553,65000,62238,62221,668,668,2779
868,86753066,86753083,86761574,8508,17,8491,65000,62221,62204,668,668,2796
869,86853113,86853130,86861581,8468,17,8451,65000,62204,62187,669,669,2813
870,86953160,86953177,86961576,8416,17,8399,65000,62187,62171,669,669,2829
871,87053207,87053224,87061575,8368,17,8351,65000,62171,62155,670,670,2845
872,87153255,87153272,87161582,8327,17,8310,65000,62155,62139,670,670,2861
873,87253303,87253320,87261568,8265,17,8248,65000,62139,62123,671,671,2877
874,87353350,87353366,87361583,8233,16,8217,65000,62123,62107,671,671,2893
875,87453399,87453416,87461581,8182,17,8165,65000,62107,62092,671,671,2908
876,87553446,87553463,87561573,8127,17,8110,65000,62092,62077,672,672,2923
877,87653493,87653510,87661586,8093,17,8076,65000,62077,62062,672,672,2938
878,87753542,87753559,87761582,8040,17,8023,65000,62062,62047,673,673,2953
879,87853589,87853606,87861577,7988,17,7971,65000,62047,62032,673,673,2968
880,87953637,87953654,87961582,7945,17,7928,65000,62032,62017,673,673,2983
881,88053685,88053701,88061573,7888,16,7872,65000,62017,62003,674,674,2997
882,88153732,88153749,88161588,7856,17,7839,65000,62003,61989,674,674,3011
883,88253781,88253798,88261576,7795,17,7778,65000,61989,61974,674,674,3026
884,88353828,88353845,88361565,7737,17,7720,65000,61974,61961,675,675,3039
885,88453876,88453893,88461574,7698,17,7681,65000,61961,61947,675,675,3053
886,88553924,88553941,88561571,7647,17,7630,65000,61947,61933,676,676,3067
887,88653972,88653989,88661570,7598,17,7581,65000,61933,61920,676,676,3080
888,88754019,88754036,88761569,7550,17,7533,65000,61920,61906,676,676,3094
889,88854067,88854084,88861577,7510,17,7493,65000,61906,61893,677,677,3107
890,88954115,88954132,88961572,7457,17,7440,65000,61893,61880,677,677,3120
891,89054163,89054179,89061567,7404,16,7388,65000,61880,61867,677,677,3133
892,89154209,89154226,89161610,7401,17,7384,65000,61867,61855,678,678,3145
893,89254261,89254278,89261612,7351,17,7334,65000,61855,61842,678,678,3158
894,89354309,89354325,89361596,7287,16,7271,65000,61842,61830,678,678,3170
895,89454356,89454373,89461583,7227,17,7210,65000,61830,61817,679,679,3183
896,89554403,89554420,89561571,7168,17,7151,65000,61817,61805,679,679,3195
897,89654451,89654468,89661568,7117,17,7100,65000,61805,61793,679,679,3207
898,89754498,89754515,89761588,7090,17,7073,65000,61793,61781,680,680,3219
899,89854547,89854563,89861576,7029,16,7013,65000,61781,61770,680,680,3230
900,89954594,89954610,89964320,9726,16,9710,65000,61770,61758,680,680,3242
901,90054644,90054661,90061523,6879,17,6862,65000,61758,61747,681,681,3253
902,90154692,90154708,90161596,6904,16,6888,65000,61747,61735,681,681,3265
903,90254740,90254756,90261582,6842,16,6826,65000,61735,61724,681,681,3276
904,90354787,90354804,90361569,6782,17,6765,65000,61724,61713,682,682,3287
905,90454834,90454851,90461581,6747,17,6730,65000,61713,61702,682,682,3298
906,90554882,90554899,90561585,6703,17,6686,65000,61702,61691,682,682,3309
907,90654930,90654947,90661571,6641,17,6624,65000,61691,61681,682,682,3319
908,90754977,90754994,90761577,6600,17,6583,65000,61681,61670,683,683,3330
909,90855025,90855042,90861591,6566,17,6549,65000,61670,61660,683,683,3340
910,90955075,90955092,90961579,6504,17,6487,65000,61660,61649,683,683,3351
911,91055122,91055139,91061574,6452,17,6435,65000,61649,61639,684,684,3361
912,91155170,91155187,91161583,6413,17,6396,65000,61639,61629,684,684,3371
913,91255218,91255235,91261572,6354,17,6337,65000,61629,61619,684,684,3381
914,91355266,91355283,91361595,6329,17,6312,65000,61619,61609,684,684,3391
915,91455314,91455331,91461584,6270,17,6253,65000,61609,61599,685,685,3401
916,91555360,91555377,91561586,6226,17,6209,65000,61599,61590,685,685,3410
917,91655408,91655425,91661576,6168,17,6151,65000,61590,61580,685,685,3420
918,91755455,91755489,91761582,6127,34,6093,65000,61580,61571,685,685,3429
919,91855495,91855512,91861589,6094,17,6077,65000,61571,61562,686,686,3438
920,91955542,91955559,91961580,6038,17,6021,65000,61562,61552,686,686,3448
921,92055588,92055605,92061569,5981,17,5964,65000,61552,61543,686,686,3457
922,92155635,92155651,92161579,5944,16,5928,65000,61543,61534,686,686,3466
923,92255681,92255698,92261585,5904,17,5887,65000,61534,61525,687,687,3475
924,92355727,92355744,92361570,5843,17,5826,65000,61525,61517,687,687,3483
925,92455774,92455792,92461576,5802,18,5784,65000,61517,61508,687,687,3492
926,92555822,92555838,92561584,5762,16,5746,65000,61508,61499,687,687,3501
927,92655867,92655884,92661572,5705,17,5688,65000,61499,61491,688,688,3509
928,92755913,92755930,92761563,5650,17,5633,65000,61491,61483,688,688,3517
929,92855960,92855977,92861582,5622,17,5605,65000,61483,61474,688,688,3526
930,92956006,92956023,92961585,5579,17,5562,65000,61474,61466,688,688,3534
931,93056053,93056070,93061570,5517,17,5500,65000,61466,61458,688,688,3542
932,93156099,93156116,93161575,5476,17,5459,65000,61458,61450,689,689,3550
933,93256146,93256163,93261584,5438,17,5421,65000,61450,61442,689,689,3558
934,93356193,93356209,93361573,5380,16,5364,65000,61442,61434,689,689,3566
935,93456238,93456255,93461577,5339,17,5322,65000,61434,61426,689,689,3574
936,93556283,93556300,93561580,5297,17,5280,65000,61426,61419,690,690,3581
937,93656329,93656346,93661576,5247,17,5230,65000,61419,61411,690,690,3589
938,93756375,93756392,93761568,5193,17,5176,65000,61411,61404,690,690,3596
939,93856422,93856438,93861586,5164,16,5148,65000,61404,61397,690,690,3603
940,93956468,93956485,93961606,5138,17,5121,65000,61397,61389,690,690,3611
941,94056515,94056531,94061595,5080,16,5064,65000,61389,61382,691,691,3618
942,94156561,94156577,94161580,5019,16,5003,65000,61382,61375,691,691,3625
943,94256607,94256623,94261573,4966,16,4950,65000,61375,61368,691,691,3632
944,94356653,94356670,94361582,4929,17,4912,65000,61368,61361,691,691,3639
945,94456699,94456716,94461578,4879,17,4862,65000,61361,61354,691,691,3646
946,94556745,94556761,94561589,4844,16,4828,65000,61354,61347,691,691,3653
947,94656790,94656807,94661577,4787,17,4770,65000,61347,61341,692,692,3659
948,94756836,94756853,94761571,4735,17,4718,65000,61341,61334,692,692,3666
949,94856883,94856899,94861561,4678,16,4662,65000,61334,61327,692,692,3673
950,94956929,94956946,94961580,4651,17,4634,65000,61327,61321,692,692,3679
951,95056975,95056992,95061584,4609,17,4592,65000,61321,61349,692,692,3651
952,95157022,95157038,95161571,4549,16,4533,65000,61349,61376,685,685,3624
953,95257068,95257084,95261580,4512,16,4496,65000,61376,61402,684,684,3598
954,95357114,95357131,95361576,4462,17,4445,65000,61402,61428,684,684,3572
955,95457159,95457176,95461580,4421,17,4404,65000,61428,61453,683,683,3547
956,95557206,95557223,95561575,4369,17,4352,65000,61453,61478,682,682,3522
957,95657252,95657269,95661575,4323,17,4306,65000,61478,61503,682,682,3497
958,95757298,95757315,95761570,4272,17,4255,65000,61503,61528,681,681,3472
959,95857344,95857361,95861566,4222,17,4205,65000,61528,61552,680,680,3448
960,95957390,95957407,95961588,4198,17,4181,65000,61552,61576,680,680,3424
961,96057437,96057454,96061576,4139,17,4122,65000,61576,61600,679,679,3400
962,96157484,96157501,96161572,4088,17,4071,65000,61600,61624,678,678,3376
963,96257531,96257547,96261565,4034,16,4018,65000,61624,61647,678,678,3353
964,96357577,96357593,96361579,4002,16,3986,65000,61647,61670,677,677,3330
965,96457623,96457640,96461571,3948,17,3931,65000,61670,61693,676,676,3307
966,96557668,96557685,96561570,3902,17,3885,65000,61693,61715,676,676,3285
967,96657715,96657732,96661607,3892,17,3875,65000,61715,61737,675,675,3263
968,96757762,96757779,96761604,3842,17,3825,65000,61737,61759,675,675,3241
969,96857807,96857824,96861593,3786,17,3769,65000,61759,61781,674,674,3219
970,96957854,96957871,96961577,3723,17,3706,65000,61781,61802,673,673,3198
971,97057901,97057917,97061573,3672,16,3656,65000,61802,61824,673,673,3176
972,97157947,97157964,97161581,3634,17,3617,65000,61824,61844,672,672,3156
973,97257993,97258010,97261578,3585,17,3568,65000,61844,61865,672,672,3135
974,97358039,97358056,97361574,3535,17,3518,65000,61865,61886,671,671,3114
975,97458085,97458102,97461581,3496,17,3479,65000,61886,61906,671,671,3094
976,97558131,97558148,97561574,3443,17,3426,65000,61906,61926,670,670,3074
977,97658178,97658194,97661589,3411,16,3395,65000,61926,61946,670,670,3054
978,97758224,97758241,97761578,3354,17,3337,65000,61946,61965,669,669,3035
979,97858271,97858287,97861582,3311,16,3295,65000,61965,61985,669,669,3015
980,97958317,97958334,97961572,3255,17,3238,65000,61985,62004,668,668,2996
981,98058363,98058380,98061587,3224,17,3207,65000,62004,62023,668,668,2977
982,98158410,98158426,98161575,3165,16,3149,65000,62023,62042,667,667,2958
983,98258455,98258472,98261563,3108,17,3091,65000,62042,62060,666,666,2940
984,98358502,98358518,98361581,3079,16,3063,65000,62060,62078,666,666,2922
985,98458548,98458565,98461575,3027,17,3010,65000,62078,62096,666,666,2904
986,98558594,98558611,98561580,2986,17,2969,65000,62096,62114,665,665,2886
987,98658640,98658657,98661575,2935,17,2918,65000,62114,62132,665,665,2868
988,98758685,98758702,98761587,2902,17,2885,65000,62132,62149,664,664,2851
989,98858732,98858749,98861575,2843,17,2826,65000,62149,62167,664,664,2833
990,98958778,98958794,98961723,2945,16,2929,65000,62167,62184,663,663,2816
991,99058824,99058840,99061808,2984,16,2968,65000,62184,62200,663,663,2800
992,99158870,99158886,99161873,3003,16,2987,65000,62200,62217,662,662,2783
993,99258916,99258933,99261940,3024,17,3007,65000,62217,62234,662,662,2766
994,99358961,99358978,99362024,3063,17,3046,65000,62234,62250,661,661,2750
995,99459006,99459023,99462080,3074,17,3057,65000,62250,62266,661,661,2734
996,99559052,99559069,99562164,3112,17,3095,65000,62266,62282,661,661,2718
997,99659097,99659114,99662201,3104,17,3087,65000,62282,62297,660,660,2703
998,99759145,99759161,99762280,3135,16,3119,65000,62297,62313,660,660,2687
999,99859208,99859225,99862345,3137,17,3120,65000,62313,62328,659,659,2672
1000,99959273,99959289,99964364,5091,16,5075,65000,62328,62344,659,659,2656
1001,100059322,100059339,100062482,3160,17,3143,65000,62344,62358,658,658,2642
1002,100159367,100159384,100162513,3146,17,3129,65000,62358,62373,658,658,2627
1003,100259432,100259448,100262509,3077,16,3061,65000,62373,62388,658,658,2612
1004,100359477,100359494,100362522,3045,17,3028,65000,62388,62402,657,657,2598
1005,100459523,100459540,100462516,2993,17,2976,65000,62402,62417,657,657,2583
1006,100559568,100559585,100562514,2946,17,2929,65000,62417,62431,656,656,2569
1007,100659614,100659631,100662515,2901,17,2884,65000,62431,62445,656,656,2555
1008,100759659,100759676,100762520,2861,17,2844,65000,62445,62459,656,656,2541
1009,100859704,100859721,100862525,2821,17,2804,65000,62459,62472,655,655,2528
1010,100959750,100959767,100961551,1801,17,1784,65000,62472,62486,655,655,2514
1011,101059796,101059813,101071592,11796,17,11779,65000,62486,62499,655,655,2501
1012,101159842,101159859,101171603,11761,17,11744,65000,62499,62512,654,654,2488
1013,101259888,101259904,101271587,11699,16,11683,65000,62512,62525,654,654,2475
1014,101359934,101359951,101371586,11652,17,11635,65000,62525,62538,654,654,2462
1015,101459981,101459997,101471594,11613,16,11597,65000,62538,62551,653,653,2449
1016,101560058,101560074,101571589,11531,16,11515,65000,62551,62564,653,653,2436
1017,101660091,101660107,101671598,11507,16,11491,65000,62564,62576,653,653,2424
1018,101760155,101760172,101771579,11424,17,11407,65000,62576,62589,652,652,2411
1019,101860201,101860217,101871609,11408,16,11392,65000,62589,62601,652,652,2399
1020,101960249,101960266,101971575,11326,17,11309,65000,62601,62613,652,652,2387
1021,102060296,102060312,102071566,11270,16,11254,65000,62613,62625,651,651,2375
1022,102160342,102160359,102171608,11266,17,11249,65000,62625,62636,651,651,2364
1023,102260410,102260426,102271610,11200,16,11184,65000,62636,62648,651,651,2352
1024,102360457,102360474,102371596,11139,17,11122,65000,62648,62660,650,650,2340
1025,102460503,102460520,102471574,11071,17,11054,65000,62660,62671,650,650,2329
1026,102560550,102560567,102571582,11032,17,11015,65000,62671,62682,650,650,2318
1027,102660596,102660613,102671571,10975,17,10958,65000,62682,62694,650,650,2306
1028,102760642,102760659,102771580,10938,17,10921,65000,62694,62705,649,649,2295
1029,102860689,102860706,102871585,10896,17,10879,65000,62705,62715,649,649,2285
1030,102960736,102960753,102971572,10836,17,10819,65000,62715,62726,649,649,2274
1031,103060783,103060799,103071576,10793,16,10777,65000,62726,62737,648,648,2263
1032,103160829,103160846,103171574,10745,17,10728,65000,62737,62747,648,648,2253
1033,103260875,103260892,103271573,10698,17,10681,65000,62747,62758,648,648,2242
1034,103360922,103360939,103371581,10659,17,10642,65000,62758,62768,647,647,2232
1035,103460970,103460986,103471585,10615,16,10599,65000,62768,62778,647,647,2222
1036,103561017,103561034,103571578,10561,17,10544,65000,62778,62788,647,647,2212
1037,103661065,103661082,103671588,10523,17,10506,65000,62788,62798,647,647,2202
1038,103761113,103761130,103771575,10462,17,10445,65000,62798,62808,646,646,2192
1039,103861160,103861177,103871567,10407,17,10390,65000,62808,62817,646,646,2183
1040,103961208,103961225,103971579,10371,17,10354,65000,62817,62827,646,646,2173
1041,104061255,104061272,104071583,10328,17,10311,65000,62827,62837,646,646,2163
1042,104161303,104161320,104171569,10266,17,10249,65000,62837,62846,645,645,2154
1043,104261350,104261367,104271588,10238,17,10221,65000,62846,62855,645,645,2145
1044,104361398,104361415,104371573,10175,17,10158,65000,62855,62864,645,645,2136
1045,104461445,104461462,104471567,10122,17,10105,65000,62864,62873,645,645,2127
1046,104561493,104561510,104571588,10095,17,10078,65000,62873,62882,644,644,2118
1047,104661540,104661557,104671576,10036,17,10019,65000,62882,62891,644,644,2109
1048,104761588,104761605,104771570,9982,17,9965,65000,62891,62900,644,644,2100
1049,104861635,104861652,104871596,9961,17,9944,65000,62900,62908,644,644,2092
1050,104961684,104961700,104971604,9920,16,9904,65000,62908,62917,644,644,2083
1051,105061731,105061748,105071600,9869,17,9852,65000,62917,62925,643,643,2075
1052,105161779,105161796,105171588,9809,17,9792,65000,62925,62934,643,643,2066
1053,105261827,105261844,105271575,9748,17,9731,65000,62934,62942,643,643,2058
1054,105361887,105361904,105371568,9681,17,9664,65000,62942,62950,643,643,2050
1055,105461933,105461950,105471577,9644,17,9627,65000,62950,62958,642,642,2042
1056,105561981,105561997,105571579,9598,16,9582,65000,62958,62966,642,642,2034
1057,105662027,105662043,105671582,9555,16,9539,65000,62966,62974,642,642,2026
1058,105762073,105762090,105771570,9497,17,9480,65000,62974,62982,642,642,2018
1059,105862120,105862137,105871581,9461,17,9444,65000,62982,62990,641,641,2010
1060,105962167,105962184,105971584,9417,17,9400,65000,62990,62997,641,641,2003
1061,106062215,106062231,106071571,9356,16,9340,65000,62997,63005,641,641,1995
1062,106162262,106162279,106171575,9313,17,9296,65000,63005,63012,641,641,1988
1063,106262310,106262326,106271576,9266,16,9250,65000,63012,63020,641,641,1980
1064,106362356,106362373,106371583,9227,17,9210,65000,63020,63027,640,640,1973
1065,106462405,106462422,106471571,9166,17,9149,65000,63027,63034,640,640,1966
1066,106562452,106562469,106571587,9135,17,9118,65000,63034,63041,640,640,1959
1067,106662501,106662518,106671582,9081,17,9064,65000,63041,63048,640,640,1952
1068,106762548,106762565,106771576,9028,17,9011,65000,63048,63055,640,640,1945
1069,106862595,106862612,106871583,8988,17,8971,65000,63055,63062,640,640,1938
1070,106962643,106962660,106971573,8930,17,8913,65000,63062,63068,639,639,1932
1071,107062690,107062707,107071601,8911,17,8894,65000,63068,63075,639,639,1925
1072,107162755,107162772,107171584,8829,17,8812,65000,63075,63082,639,639,1918
1073,107262802,107262819,107271580,8778,17,8761,65000,63082,63088,639,639,1912
1074,107362849,107362866,107371586,8737,17,8720,65000,63088,63095,639,639,1905
1075,107462897,107462914,107471574,8677,17,8660,65000,63095,63101,638,638,1899
1076,107562944,107562961,107571569,8625,17,8608,65000,63101,63107,638,638,1893
1077,107662991,107663008,107671604,8613,17,8596,65000,63107,63114,638,638,1886
1078,107763058,107763075,107771573,8515,17,8498,65000,63114,63120,638,638,1880
1079,107863105,107863122,107871575,8470,17,8453,65000,63120,63126,638,638,1874
1080,107963153,107963170,107971584,8431,17,8414,65000,63126,63132,638,638,1868
1081,108063218,108063235,108071572,8354,17,8337,65000,63132,63138,638,638,1862
1082,108163265,108163281,108171568,8303,16,8287,65000,63138,63144,637,637,1856
1083,108263312,108263328,108271580,8268,16,8252,65000,63144,63150,637,637,1850
1084,108363360,108363376,108371585,8225,16,8209,65000,63150,63156,637,637,1844
1085,108463408,108463425,108471571,8163,17,8146,65000,63156,63161,637,637,1839
1086,108563455,108563471,108571576,8121,16,8105,65000,63161,63167,637,637,1833
1087,108663502,108663519,108671574,8072,17,8055,65000,63167,63173,637,637,1827
1088,108763549,108763566,108771573,8024,17,8007,65000,63173,63178,636,636,1822
1089,108863596,108863613,108871580,7984,17,7967,65000,63178,63183,636,636,1817
1090,108963644,108963661,108971580,7936,17,7919,65000,63183,63189,636,636,1811
1091,109063691,109063708,109071582,7891,17,7874,65000,63189,63194,636,636,1806
1092,109163739,109163756,109171572,7833,17,7816,65000,63194,63199,636,636,1801
1093,109263786,109263803,109271588,7802,17,7785,65000,63199,63205,636,636,1795
1094,109363834,109363851,109371578,7744,17,7727,65000,63205,63210,635,635,1790
1095,109463881,109463898,109471580,7699,17,7682,65000,63210,63215,635,635,1785
1096,109563929,109563946,109571570,7641,17,7624,65000,63215,63220,635,635,1780
1097,109663976,109663993,109671600,7624,17,7607,65000,63220,63225,635,635,1775
1098,109764041,109764058,109771603,7562,17,7545,65000,63225,63229,635,635,1771
1099,109864088,109864105,109871591,7503,17,7486,65000,63229,63234,635,635,1766
1100,109964136,109964152,109974367,10231,16,10215,65000,63234,63239,635,635,1761
1101,110064185,110064203,110071526,7341,18,7323,65000,63239,63244,635,635,1756
1102,110164233,110164250,110171572,7339,17,7322,65000,63244,63249,635,635,1751
1103,110264283,110264300,110271580,7297,17,7280,65000,63249,63253,634,634,1747
1104,110364330,110364347,110371576,7246,17,7229,65000,63253,63258,634,634,1742
1105,110464378,110464395,110471584,7206,17,7189,65000,63258,63262,634,634,1738
1106,110564426,110564443,110571572,7146,17,7129,65000,63262,63267,634,634,1733
1107,110664474,110664491,110671576,7102,17,7085,65000,63267,63271,634,634,1729
1108,110764521,110764538,110771583,7062,17,7045,65000,63271,63276,634,634,1724
1109,110864569,110864586,110871571,7002,17,6985,65000,63276,63280,634,634,1720
1110,110964616,110964632,110971576,6960,16,6944,65000,63280,63285,634,634,1715
1111,111064664,111064681,111071578,6914,17,6897,65000,63285,63289,633,633,1711
1112,111164711,111164728,111171583,6872,17,6855,65000,63289,63293,633,633,1707
1113,111264759,111264776,111271572,6813,17,6796,65000,63293,63297,633,633,1703
1114,111364807,111364824,111371588,6781,17,6764,65000,63297,63301,633,633,1699
1115,111464855,111464872,111471576,6721,17,6704,65000,63301,63305,633,633,1695
1116,111564902,111564919,111571569,6667,17,6650,65000,63305,63309,633,633,1691
1117,111664950,111664967,111671573,6623,17,6606,65000,63309,63313,633,633,1687
1118,111764998,111765014,111771577,6579,16,6563,65000,63313,63317,633,633,1683
1119,111865045,111865062,111871572,6527,17,6510,65000,63317,63321,633,633,1679
1120,111965093,111965110,111971579,6486,17,6469,65000,63321,63325,632,632,1675
1121,112065141,112065158,112071577,6436,17,6419,65000,63325,63328,632,632,1672
1122,112165188,112165204,112171585,6397,16,6381,65000,63328,63332,632,632,1668
1123,112265236,112265253,112271572,6336,17,6319,65000,63332,63335,632,632,1665
1124,112365283,112365300,112371585,6302,17,6285,65000,63335,63339,632,632,1661
1125,112465331,112465348,112471597,6266,17,6249,65000,63339,63343,632,632,1657
1126,112565379,112565396,112571594,6215,17,6198,65000,63343,63346,632,632,1654
1127,112665427,112665443,112671586,6159,16,6143,65000,63346,63350,632,632,1650
1128,112765487,112765504,112771575,6088,17,6071,65000,63350,63353,632,632,1647
1129,112865533,112865550,112871581,6048,17,6031,65000,63353,63357,632,632,1643
1130,112965579,112965596,112971576,5997,17,5980,65000,63357,63360,631,631,1640
1131,113065626,113065642,113071578,5952,16,5936,65000,63360,63363,631,631,1637
1132,113165672,113165689,113171575,5903,17,5886,65000,63363,63367,631,631,1633
1133,113265718,113265735,113271579,5861,17,5844,65000,63367,63370,631,631,1630
1134,113365764,113365781,113371577,5813,17,5796,65000,63370,63373,631,631,1627
1135,113465810,113465827,113471577,5767,17,5750,65000,63373,63376,631,631,1624
1136,113565856,113565873,113571586,5730,17,5713,65000,63376,63379,631,631,1621
1137,113665902,113665919,113671573,5671,17,5654,65000,63379,63383,631,631,1617
1138,113765949,113765965,113771575,5626,16,5610,65000,63383,63386,631,631,1614
1139,113865996,113866012,113871583,5587,16,5571,65000,63386,63389,631,631,1611
1140,113966042,113966059,113971572,5530,17,5513,65000,63389,63392,631,631,1608
1141,114066088,114066105,114071561,5473,17,5456,65000,63392,63395,631,631,1605
1142,114166134,114166151,114171579,5445,17,5428,65000,63395,63398,631,631,1602
1143,114266181,114266198,114271582,5401,17,5384,65000,63398,63401,630,630,1599
1144,114366227,114366244,114371570,5343,17,5326,65000,63401,63404,630,630,1596
1145,114466274,114466291,114471588,5314,17,5297,65000,63404,63407,630,630,1593
1146,114566321,114566337,114571576,5255,16,5239,65000,63407,63409,630,630,1591
1147,114666366,114666383,114671571,5205,17,5188,65000,63409,63412,630,630,1588
1148,114766412,114766429,114771572,5160,17,5143,65000,63412,63415,630,630,1585
1149,114866459,114866476,114871577,5118,17,5101,65000,63415,63418,630,630,1582
1150,114966505,114966522,114971584,5079,17,5062,65000,63418,63420,630,630,1580
1151,115066552,115066569,115071570,5018,17,5001,65000,63420,63423,630,630,1577
1152,115166598,115166615,115171614,5016,17,4999,65000,63423,63426,630,630,1574
1153,115266647,115266664,115271600,4953,17,4936,65000,63426,63429,630,630,1571
1154,115366694,115366710,115371591,4897,16,4881,65000,63429,63431,630,630,1569
1155,115466740,115466757,115471576,4836,17,4819,65000,63431,63434,630,630,1566
1156,115566787,115566804,115571571,4784,17,4767,65000,63434,63436,629,629,1564
1157,115666833,115666850,115671564,4731,17,4714,65000,63436,63439,629,629,1561
1158,115766879,115766896,115771580,4701,17,4684,65000,63439,63441,629,629,1559
1159,115866925,115866942,115871574,4649,17,4632,65000,63441,63443,629,629,1557
1160,115966972,115966988,115971570,4598,16,4582,65000,63443,63446,629,629,1554
1161,116067018,116067035,116071588,4570,17,4553,65000,63446,63448,629,629,1552
1162,116167065,116167081,116171581,4516,16,4500,65000,63448,63450,629,629,1550
1163,116267111,116267127,116271576,4465,16,4449,65000,63450,63453,629,629,1547
1164,116367157,116367174,116371570,4413,17,4396,65000,63453,63455,629,629,1545
1165,116467203,116467220,116471569,4366,17,4349,65000,63455,63457,629,629,1543
1166,116567250,116567266,116571577,4327,16,4311,65000,63457,63460,629,629,1540
1167,116667297,116667314,116671573,4276,17,4259,65000,63460,63462,629,629,1538
1168,116767343,116767360,116771580,4237,17,4220,65000,63462,63464,629,629,1536
1169,116867390,116867407,116871575,4185,17,4168,65000,63464,63466,629,629,1534
1170,116967436,116967453,116971573,4137,17,4120,65000,63466,63469,629,629,1531
1171,117067483,117067500,117071568,4085,17,4068,65000,63469,63471,628,628,1529
1172,117167530,117167546,117171585,4055,16,4039,65000,63471,63473,628,628,1527
1173,117267576,117267593,117271578,4002,17,3985,65000,63473,63475,628,628,1525
1174,117367622,117367639,117371570,3948,17,3931,65000,63475,63476,628,628,1524
1175,117467668,117467685,117471580,3912,17,3895,65000,63476,63478,628,628,1522
1176,117567715,117567732,117571577,3862,17,3845,65000,63478,63480,628,628,1520
1177,117667762,117667778,117671572,3810,16,3794,65000,63480,63482,628,628,1518
1178,117767808,117767825,117771571,3763,17,3746,65000,63482,63484,628,628,1516
1179,117867853,117867870,117871595,3742,17,3725,65000,63484,63486,628,628,1514
1180,117967900,117967916,117971603,3703,16,3687,65000,63486,63488,628,628,1512
1181,118067945,118067962,118071598,3653,17,3636,65000,63488,63490,628,628,1510
1182,118167991,118168008,118171587,3596,17,3579,65000,63490,63492,628,628,1508
1183,118268037,118268054,118271575,3538,17,3521,65000,63492,63494,628,628,1506
1184,118368084,118368101,118371569,3485,17,3468,65000,63494,63495,628,628,1505
1185,118468130,118468147,118471562,3432,17,3415,65000,63495,63497,628,628,1503
1186,118568177,118568193,118571576,3399,16,3383,65000,63497,63499,628,628,1501
1187,118668223,118668240,118671581,3358,17,3341,65000,63499,63501,628,628,1499
1188,118768269,118768286,118771567,3298,17,3281,65000,63501,63503,628,628,1497
1189,118868316,118868332,118871591,3275,16,3259,65000,63503,63505,628,628,1495
1190,118968363,118968380,118971577,3214,17,3197,65000,63505,63507,628,628,1493
1191,119068408,119068425,119071570,3162,17,3145,65000,63507,63508,628,628,1492
1192,119168455,119168471,119171579,3124,16,3108,65000,63508,63510,628,628,1490
1193,119268500,119268517,119271590,3090,17,3073,65000,63510,63512,627,627,1488
1194,119368546,119368563,119371579,3033,17,3016,65000,63512,63513,627,627,1487
1195,119468594,119468610,119471584,2990,16,2974,65000,63513,63515,627,627,1485
1196,119568640,119568656,119571571,2931,16,2915,65000,63515,63516,627,627,1484
1197,119668686,119668703,119671587,2901,17,2884,65000,63516,63518,627,627,1482
1198,119768733,119768750,119771576,2843,17,2826,65000,63518,63519,627,627,1481
1199,119868779,119868796,119871723,2944,17,2927,65000,63519,63521,627,627,1479
1200,119968825,119968842,119974366,5541,17,5524,65000,63521,63522,627,627,1478
1201,120068874,120068891,120072485,3611,17,3594,50000,63522,63428,285,285,-13428
1202,120168919,120168936,120172516,3597,17,3580,50000,63428,63329,269,269,-13329
1203,120268985,120269002,120272520,3535,17,3518,50000,63329,63231,269,269,-13231
1204,120369030,120369047,120372518,3488,17,3471,50000,63231,63134,270,270,-13134
1205,120469076,120469092,120472516,3440,16,3424,50000,63134,63037,271,271,-13037
1206,120569121,120569138,120572512,3391,17,3374,50000,63037,62941,272,272,-12941
1207,120669166,120669182,120672541,3375,16,3359,50000,62941,62846,273,273,-12846
1208,120769232,120769249,120772536,3304,17,3287,50000,62846,62751,273,273,-12751
1209,120869277,120869294,120872531,3254,17,3237,50000,62751,62657,274,274,-12657
1210,120969323,120969340,120972518,3195,17,3178,50000,62657,62563,275,275,-12563
1211,121069368,121069385,121072514,3146,17,3129,50000,62563,62470,276,276,-12470
1212,121169414,121169430,121172511,3097,16,3081,50000,62470,62378,277,277,-12378
1213,121269459,121269476,121272519,3060,17,3043,50000,62378,62286,278,278,-12286
1214,121369505,121369522,121372514,3009,17,2992,50000,62286,62195,279,279,-12195
1215,121469550,121469567,121472513,2963,17,2946,50000,62195,62105,280,280,-12105
1216,121569596,121569613,121572521,2925,17,2908,50000,62105,62015,281,281,-12015
1217,121669642,121669659,121672517,2875,17,2858,50000,62015,61926,282,282,-11926
1218,121769688,121769705,121772521,2833,17,2816,50000,61926,61837,282,282,-11837
1219,121869734,121869751,121871533,1799,17,1782,50000,61837,61749,283,283,-11749
1220,121969780,121969796,121981594,11814,16,11798,50000,61749,61662,284,284,-11662
1221,122069827,122069844,122081596,11769,17,11752,50000,61662,61575,285,285,-11575
1222,122169873,122169889,122181584,11711,16,11695,50000,61575,61489,286,286,-11489
1223,122269919,122269936,122281596,11677,17,11660,50000,61489,61403,287,287,-11403
1224,122369965,122369983,122381601,11636,18,11618,50000,61403,61318,288,288,-11318
1225,122470012,122470029,122481607,11595,17,11578,50000,61318,61233,288,288,-11233
1226,122570070,122570086,122581598,11528,16,11512,50000,61233,61149,289,289,-11149
1227,122670116,122670133,122681596,11480,17,11463,50000,61149,61066,290,290,-11066
1228,122770163,122770180,122781565,11402,17,11385,50000,61066,60983,291,291,-10983
1229,122870209,122870225,122881609,11400,16,11384,50000,60983,60901,292,292,-10901
1230,122970258,122970275,122981583,11325,17,11308,50000,60901,60819,292,292,-10819
1231,123070304,123070321,123081576,11272,17,11255,50000,60819,60738,293,293,-10738
1232,123170350,123170367,123181573,11223,17,11206,50000,60738,60657,294,294,-10657
1233,123270397,123270414,123281580,11183,17,11166,50000,60657,60577,295,295,-10577
1234,123370443,123370460,123381588,11145,17,11128,50000,60577,60498,296,296,-10498
1235,123470490,123470506,123481582,11092,16,11076,50000,60498,60419,296,296,-10419
1236,123570537,123570554,123581569,11032,17,11015,50000,60419,60340,297,297,-10340
1237,123670583,123670600,123681588,11005,17,10988,50000,60340,60262,298,298,-10262
1238,123770630,123770647,123781576,10946,17,10929,50000,60262,60185,299,299,-10185
1239,123870676,123870692,123881569,10893,16,10877,50000,60185,60108,299,299,-10108
1240,123970723,123970739,123981578,10855,16,10839,50000,60108,60032,300,300,-10032
1241,124070769,124070786,124081585,10816,17,10799,50000,60032,59956,301,301,-9956
1242,124170816,124170833,124181574,10758,17,10741,50000,59956,59881,302,302,-9881
1243,124270862,124270879,124281581,10719,17,10702,50000,59881,59806,302,302,-9806
1244,124370909,124370926,124381579,10670,17,10653,50000,59806,59731,303,303,-9731
1245,124470957,124470974,124481574,10617,17,10600,50000,59731,59657,304,304,-9657
1246,124571006,124571022,124581581,10575,16,10559,50000,59657,59584,305,305,-9584
1247,124671054,124671071,124681576,10522,17,10505,50000,59584,59511,305,305,-9511
1248,124771101,124771118,124781576,10475,17,10458,50000,59511,59439,306,306,-9439
1249,124871149,124871166,124881572,10423,17,10406,50000,59439,59367,307,307,-9367
1250,124971197,124971214,124981581,10384,17,10367,50000,59367,59296,307,307,-9296
1251,125071244,125071261,125081582,10338,17,10321,50000,59296,59225,308,308,-9225
1252,125171293,125171309,125181586,10293,16,10277,50000,59225,59154,309,309,-9154
1253,125271341,125271357,125281574,10233,16,10217,50000,59154,59084,310,310,-9084
1254,125371389,125371405,125381585,10196,16,10180,50000,59084,59015,310,310,-9015
1255,125471437,125471453,125481605,10168,16,10152,50000,59015,58946,311,311,-8946
1256,125571485,125571502,125581596,10111,17,10094,50000,58946,58877,312,312,-8877
1257,125671533,125671550,125681580,10047,17,10030,50000,58877,58809,312,312,-8809
1258,125771581,125771598,125781573,9992,17,9975,50000,58809,58742,313,313,-8742
1259,125871629,125871646,125881570,9941,17,9924,50000,58742,58674,313,313,-8674
1260,125971677,125971694,125981589,9912,17,9895,50000,58674,58608,314,314,-8608
1261,126071725,126071742,126081582,9857,17,9840,50000,58608,58541,315,315,-8541
1262,126171773,126171789,126181576,9803,16,9787,50000,58541,58476,316,316,-8476
1263,126271820,126271855,126281584,9764,35,9729,50000,58476,58410,316,316,-8410
1264,126371883,126371900,126381571,9688,17,9671,50000,58410,58345,317,317,-8345
1265,126471929,126471946,126481578,9649,17,9632,50000,58345,58281,317,317,-8281
1266,126571977,126571994,126581574,9597,17,9580,50000,58281,58217,318,318,-8217
1267,126672023,126672040,126681566,9543,17,9526,50000,58217,58153,319,319,-8153
1268,126772069,126772086,126781581,9512,17,9495,50000,58153,58090,319,319,-8090
1269,126872117,126872134,126881586,9469,17,9452,50000,58090,58027,320,320,-8027
1270,126972162,126972179,126981571,9409,17,9392,50000,58027,57965,321,321,-7965
1271,127072209,127072226,127081576,9367,17,9350,50000,57965,57903,321,321,-7903
1272,127172258,127172275,127181584,9326,17,9309,50000,57903,57841,322,322,-7841
1273,127272306,127272322,127281572,9266,16,9250,50000,57841,57780,322,322,-7780
1274,127372353,127372369,127381566,9213,16,9197,50000,57780,57720,323,323,-7720
1275,127472400,127472417,127481581,9181,17,9164,50000,57720,57659,323,323,-7659
1276,127572448,127572465,127581584,9136,17,9119,50000,57659,57599,324,324,-7599
1277,127672495,127672512,127681571,9076,17,9059,50000,57599,57540,325,325,-7540
1278,127772543,127772559,127781574,9031,16,9015,50000,57540,57481,325,325,-7481
1279,127872591,127872608,127881573,8982,17,8965,50000,57481,57422,326,326,-7422
1280,127972639,127972656,127981573,8934,17,8917,50000,57422,57364,327,327,-7364
1281,128072686,128072703,128081560,8874,17,8857,50000,57364,57306,327,327,-7306
1282,128172733,128172750,128181603,8870,17,8853,50000,57306,57249,328,328,-7249
1283,128272785,128272801,128281606,8821,16,8805,50000,57249,57191,328,328,-7191
1284,128372832,128372848,128381594,8762,16,8746,50000,57191,57135,329,329,-7135
1285,128472879,128472895,128481584,8705,16,8689,50000,57135,57078,329,329,-7078
1286,128572926,128572942,128581573,8647,16,8631,50000,57078,57022,330,330,-7022
1287,128672973,128672990,128681569,8596,17,8579,50000,57022,56967,330,330,-6967
1288,128773020,128773037,128781584,8564,17,8547,50000,56967,56912,331,331,-6912
1289,128873068,128873085,128881587,8519,17,8502,50000,56912,56857,331,331,-6857
1290,128973115,128973132,128981574,8459,17,8442,50000,56857,56802,332,332,-6802
1291,129073163,129073179,129081568,8405,16,8389,50000,56802,56748,333,333,-6748
1292,129173210,129173227,129181589,8379,17,8362,50000,56748,56694,333,333,-6694
1293,129273258,129273274,129281579,8321,16,8305,50000,56694,56641,334,334,-6641
1294,129373304,129373321,129381583,8279,17,8262,50000,56641,56588,334,334,-6588
1295,129473352,129473369,129481570,8218,17,8201,50000,56588,56536,335,335,-6536
1296,129573399,129573416,129581578,8179,17,8162,50000,56536,56483,335,335,-6483
1297,129673447,129673464,129681583,8136,17,8119,50000,56483,56431,336,336,-6431
1298,129773494,129773511,129781570,8076,17,8059,50000,56431,56380,336,336,-6380
1299,129873542,129873559,129881590,8048,17,8031,50000,56380,56328,336,336,-6328
1300,129973590,129973607,129984367,10777,17,10760,50000,56328,56277,337,337,-6277
1301,130073641,130073658,130081523,7882,17,7865,50000,56277,56227,338,338,-6227
1302,130173689,130173705,130181597,7908,16,7892,50000,56227,56177,338,338,-6177
1303,130273737,130273754,130281574,7837,17,7820,50000,56177,56127,339,339,-6127
1304,130373785,130373802,130381572,7787,17,7770,50000,56127,56077,339,339,-6077
1305,130473832,130473849,130481581,7749,17,7732,50000,56077,56028,340,340,-6028
1306,130573880,130573897,130581577,7697,17,7680,50000,56028,55979,340,340,-5979
1307,130673928,130673944,130681572,7644,16,7628,50000,55979,55931,341,341,-5931
1308,130773974,130773991,130781569,7595,17,7578,50000,55931,55883,341,341,-5883
1309,130874024,130874040,130881580,7556,16,7540,50000,55883,55834,341,341,-5834
1310,130974071,130974087,130981602,7531,16,7515,50000,55834,55787,342,342,-5787
1311,131074119,131074136,131081606,7487,17,7470,50000,55787,55739,342,342,-5739
1312,131174166,131174183,131181579,7413,17,7396,50000,55739,55693,343,343,-5693
1313,131274213,131274230,131281574,7361,17,7344,50000,55693,55646,343,343,-5646
1314,131374260,131374277,131381579,7319,17,7302,50000,55646,55600,344,344,-5600
1315,131474308,131474325,131481575,7267,17,7250,50000,55600,55554,344,344,-5554
1316,131574355,131574372,131581586,7231,17,7214,50000,55554,55508,345,345,-5508
1317,131674403,131674419,131681575,7172,16,7156,50000,55508,55462,345,345,-5462
1318,131774449,131774466,131781563,7114,17,7097,50000,55462,55417,346,346,-5417
1319,131874497,131874514,131881584,7087,17,7070,50000,55417,55373,346,346,-5373
1320,131974544,131974561,131981589,7045,17,7028,50000,55373,55328,346,346,-5328
1321,132074592,132074609,132081575,6983,17,6966,50000,55328,55284,347,347,-5284
1322,132174640,132174657,132181581,6941,17,6924,50000,55284,55240,347,347,-5240
1323,132274688,132274705,132281576,6888,17,6871,50000,55240,55196,348,348,-5196
1324,132374735,132374752,132381575,6840,17,6823,50000,55196,55153,348,348,-5153
1325,132474783,132474799,132481571,6788,16,6772,50000,55153,55110,349,349,-5110
1326,132574830,132574847,132581568,6738,17,6721,50000,55110,55067,349,349,-5067
1327,132674877,132674894,132681587,6710,17,6693,50000,55067,55025,349,349,-5025
1328,132774925,132774942,132781576,6651,17,6634,50000,55025,54983,350,350,-4983
1329,132874972,132874989,132881569,6597,17,6580,50000,54983,54941,350,350,-4941
1330,132975019,132975036,132981588,6569,17,6552,50000,54941,54899,351,351,-4899
1331,133075067,133075084,133081577,6510,17,6493,50000,54899,54858,351,351,-4858
1332,133175113,133175130,133181581,6468,17,6451,50000,54858,54817,351,351,-4817
1333,133275161,133275178,133281577,6416,17,6399,50000,54817,54776,352,352,-4776
1334,133375207,133375224,133381576,6369,17,6352,50000,54776,54736,352,352,-4736
1335,133475255,133475272,133481582,6327,17,6310,50000,54736,54696,353,353,-4696
1336,133575303,133575320,133581570,6267,17,6250,50000,54696,54656,353,353,-4656
1337,133675350,133675367,133681615,6265,17,6248,50000,54656,54616,353,353,-4616
1338,133775402,133775418,133781603,6201,16,6185,50000,54616,54577,354,354,-4577
1339,133875449,133875483,133881595,6146,34,6112,50000,54577,54537,354,354,-4537
1340,133975496,133975512,133981583,6087,16,6071,50000,54537,54499,355,355,-4499
1341,134075542,134075559,134081571,6029,17,6012,50000,54499,54460,355,355,-4460
1342,134175589,134175605,134181571,5982,16,5966,50000,54460,54422,355,355,-4422
1343,134275635,134275652,134281580,5945,17,5928,50000,54422,54384,356,356,-4384
1344,134375682,134375698,134381574,5892,16,5876,50000,54384,54346,356,356,-4346
1345,134475728,134475745,134481580,5852,17,5835,50000,54346,54308,356,356,-4308
1346,134575774,134575791,134581575,5801,17,5784,50000,54308,54271,357,357,-4271
1347,134675821,134675837,134681585,5764,16,5748,50000,54271,54234,357,357,-4234
1348,134775867,134775884,134781575,5708,17,5691,50000,54234,54197,358,358,-4197
1349,134875913,134875930,134881568,5655,17,5638,50000,54197,54160,358,358,-4160
1350,134975959,134975976,134981586,5627,17,5610,50000,54160,54124,358,358,-4124
1351,135076006,135076022,135081590,5584,16,5568,50000,54124,54088,359,359,-4088
1352,135176052,135176069,135181576,5524,17,5507,50000,54088,54052,359,359,-4052
1353,135276098,135276115,135281572,5474,17,5457,50000,54052,54016,359,359,-4016
1354,135376144,135376161,135381581,5437,17,5420,50000,54016,53981,360,360,-3981
1355,135476191,135476208,135481576,5385,17,5368,50000,53981,53946,360,360,-3946
1356,135576236,135576253,135581572,5336,17,5319,50000,53946,53911,360,360,-3911
1357,135676283,135676300,135681562,5279,17,5262,50000,53911,53877,361,361,-3877
1358,135776328,135776345,135781580,5252,17,5235,50000,53877,53842,361,361,-3842
1359,135876375,135876391,135881574,5199,16,5183,50000,53842,53808,361,361,-3808
1360,135976421,135976438,135981567,5146,17,5129,50000,53808,53774,362,362,-3774
1361,136076467,136076484,136081582,5115,17,5098,50000,53774,53740,362,362,-3740
1362,136176514,136176531,136181584,5070,17,5053,50000,53740,53707,362,362,-3707
1363,136276560,136276576,136281570,5010,16,4994,50000,53707,53673,363,363,-3673
1364,136376606,136376623,136381595,4989,17,4972,50000,53673,53640,363,363,-3640
1365,136476652,136476669,136481603,4951,17,4934,50000,53640,53607,363,363,-3607
1366,136576700,136576717,136581612,4912,17,4895,50000,53607,53575,364,364,-3575
1367,136676747,136676763,136681581,4834,16,4818,50000,53575,53543,364,364,-3543
1368,136776792,136776808,136781573,4781,16,4765,50000,53543,53510,364,364,-3510
1369,136876838,136876855,136881581,4743,17,4726,50000,53510,53478,365,365,-3478
1370,136976885,136976902,136981576,4691,17,4674,50000,53478,53447,365,365,-3447
1371,137076930,137076947,137081576,4646,17,4629,50000,53447,53415,365,365,-3415
1372,137176977,137176994,137181573,4596,17,4579,50000,53415,53384,366,366,-3384
1373,137277023,137277040,137281578,4555,17,4538,50000,53384,53353,366,366,-3353
1374,137377070,137377087,137381580,4510,17,4493,50000,53353,53322,366,366,-3322
1375,137477116,137477132,137481573,4457,16,4441,50000,53322,53291,366,366,-3291
1376,137577162,137577179,137581581,4419,17,4402,50000,53291,53261,367,367,-3261
1377,137677209,137677226,137681577,4368,17,4351,50000,53261,53230,367,367,-3230
1378,137777255,137777272,137781585,4330,17,4313,50000,53230,53200,367,367,-3200
1379,137877301,137877318,137881577,4276,17,4259,50000,53200,53171,368,368,-3171
1380,137977347,137977364,137981577,4230,17,4213,50000,53171,53141,368,368,-3141
1381,138077393,138077410,138081586,4193,17,4176,50000,53141,53111,368,368,-3111
1382,138177440,138177457,138181593,4153,17,4136,50000,53111,53082,369,369,-3082
1383,138277486,138277503,138281580,4094,17,4077,50000,53082,53053,369,369,-3053
1384,138377532,138377549,138381574,4042,17,4025,50000,53053,53024,369,369,-3024
1385,138477579,138477596,138481581,4002,17,3985,50000,53024,52996,369,369,-2996
1386,138577625,138577642,138581590,3965,17,3948,50000,52996,52967,369,369,-2967
1387,138677672,138677689,138681583,3911,17,3894,50000,52967,52939,370,370,-2939
1388,138777718,138777734,138781591,3873,16,3857,50000,52939,52910,370,370,-2910
1389,138877764,138877781,138881578,3814,17,3797,50000,52910,52883,371,371,-2883
1390,138977810,138977827,138981572,3762,17,3745,50000,52883,52855,371,371,-2855
1391,139077857,139077874,139081567,3710,17,3693,50000,52855,52828,371,371,-2828
1392,139177903,139177920,139181595,3692,17,3675,50000,52828,52800,371,371,-2800
1393,139277968,139277984,139281582,3614,16,3598,50000,52800,52773,372,372,-2773
1394,139378013,139378030,139381575,3562,17,3545,50000,52773,52746,372,372,-2746
1395,139478059,139478076,139481577,3518,17,3501,50000,52746,52719,372,372,-2719
1396,139578106,139578123,139581583,3477,17,3460,50000,52719,52693,372,372,-2693
1397,139678152,139678169,139681569,3417,17,3400,50000,52693,52666,372,372,-2666
1398,139778199,139778216,139781580,3381,17,3364,50000,52666,52640,373,373,-2640
1399,139878245,139878262,139881585,3340,17,3323,50000,52640,52614,373,373,-2614
1400,139978291,139978308,139984361,6070,17,6053,50000,52614,52588,373,373,-2588
1401,140078341,140078358,140081526,3185,17,3168,50000,52588,52562,374,374,-2562
1402,140178388,140178404,140181598,3210,16,3194,50000,52562,52536,374,374,-2536
1403,140278434,140278450,140281574,3140,16,3124,50000,52536,52511,374,374,-2511
1404,140378480,140378497,140381569,3089,17,3072,50000,52511,52486,374,374,-2486
1405,140478527,140478543,140481589,3062,16,3046,50000,52486,52461,375,375,-2461
1406,140578573,140578590,140581577,3004,17,2987,50000,52461,52436,375,375,-2436
1407,140678620,140678636,140681569,2949,16,2933,50000,52436,52411,375,375,-2411
1408,140778666,140778683,140781588,2922,17,2905,50000,52411,52387,375,375,-2387
1409,140878713,140878730,140881577,2864,17,2847,50000,52387,52362,375,375,-2362
1410,140978759,140978776,140981727,2968,17,2951,50000,52362,52338,376,376,-2338
1411,141078805,141078821,141081810,3005,16,2989,50000,52338,52314,376,376,-2314
1412,141178850,141178867,141181898,3048,17,3031,50000,52314,52290,376,376,-2290
1413,141278896,141278912,141281946,3050,16,3034,50000,52290,52266,377,377,-2266
1414,141378961,141378978,141382030,3069,17,3052,50000,52266,52243,377,377,-2243
1415,141479007,141479024,141482073,3066,17,3049,50000,52243,52219,377,377,-2219
1416,141579071,141579087,141582153,3082,16,3066,50000,52219,52196,377,377,-2196
1417,141679116,141679133,141682220,3104,17,3087,50000,52196,52173,377,377,-2173
1418,141779162,141779178,141782311,3149,16,3133,50000,52173,52150,378,378,-2150
1419,141879221,141879237,141882356,3135,16,3119,50000,52150,52127,378,378,-2127
1420,141979286,141979303,141982417,3131,17,3114,50000,52127,52104,378,378,-2104
1421,142079333,142079349,142082488,3155,16,3139,50000,52104,52082,378,378,-2082
1422,142179395,142179412,142182520,3125,17,3108,50000,52082,52059,378,378,-2059
1423,142279440,142279457,142282515,3075,17,3058,50000,52059,52037,379,379,-2037
1424,142379485,142379502,142382516,3031,17,3014,50000,52037,52015,379,379,-2015
1425,142479531,142479548,142482517,2986,17,2969,50000,52015,51993,379,379,-1993
1426,142579577,142579594,142582513,2936,17,2919,50000,51993,51971,379,379,-1971
1427,142679623,142679639,142682518,2895,16,2879,50000,51971,51950,380,380,-1950
1428,142779669,142779685,142782511,2842,16,2826,50000,51950,51929,380,380,-1929
1429,142879714,142879731,142881522,1808,17,1791,50000,51929,51907,380,380,-1907
1430,142979760,142979777,142981629,1869,17,1852,50000,51907,51886,380,380,-1886
1431,143079806,143079823,143091557,11751,17,11734,50000,51886,51865,380,380,-1865
1432,143179874,143179891,143191585,11711,17,11694,50000,51865,51844,381,381,-1844
1433,143279921,143279938,143291592,11671,17,11654,50000,51844,51823,381,381,-1823
1434,143379967,143379984,143391587,11620,17,11603,50000,51823,51803,381,381,-1803
1435,143480014,143480031,143491595,11581,17,11564,50000,51803,51782,381,381,-1782
1436,143580073,143580089,143591597,11524,16,11508,50000,51782,51762,382,382,-1762
1437,143680119,143680136,143691603,11484,17,11467,50000,51762,51742,382,382,-1742
1438,143780166,143780183,143791575,11409,17,11392,50000,51742,51722,382,382,-1722
1439,143880213,143880230,143891606,11393,17,11376,50000,51722,51702,382,382,-1702
1440,143980274,143980291,143991606,11332,17,11315,50000,51702,51682,382,382,-1682
1441,144080321,144080338,144091599,11278,17,11261,50000,51682,51662,382,382,-1662
1442,144180367,144180384,144191587,11220,17,11203,50000,51662,51643,383,383,-1643
1443,144280414,144280430,144291576,11162,16,11146,50000,51643,51624,383,383,-1624
1444,144380460,144380476,144391571,11111,16,11095,50000,51624,51604,383,383,-1604
1445,144480507,144480524,144491575,11068,17,11051,50000,51604,51585,383,383,-1585
1446,144580554,144580571,144591579,11025,17,11008,50000,51585,51566,383,383,-1566
1447,144680601,144680617,144691586,10985,16,10969,50000,51566,51547,384,384,-1547
1448,144780647,144780664,144791573,10926,17,10909,50000,51547,51529,384,384,-1529
1449,144880693,144880710,144891576,10883,17,10866,50000,51529,51510,384,384,-1510
1450,144980740,144980757,144991578,10838,17,10821,50000,51510,51492,384,384,-1492
1451,145080786,145080803,145091576,10790,17,10773,50000,51492,51473,384,384,-1473
1452,145180833,145180849,145191565,10732,16,10716,50000,51473,51455,385,385,-1455
1453,145280880,145280897,145291577,10697,17,10680,50000,51455,51437,385,385,-1437
1454,145380926,145380943,145391584,10658,17,10641,50000,51437,51419,385,385,-1419
1455,145480974,145480991,145491570,10596,17,10579,50000,51419,51401,385,385,-1401
1456,145581022,145581039,145591575,10553,17,10536,50000,51401,51383,385,385,-1383
1457,145681070,145681087,145691577,10507,17,10490,50000,51383,51366,385,385,-1366
1458,145781118,145781134,145791583,10465,16,10449,50000,51366,51348,385,385,-1348
1459,145881165,145881182,145891571,10406,17,10389,50000,51348,51331,386,386,-1331
1460,145981213,145981230,145991577,10364,17,10347,50000,51331,51314,386,386,-1314
1461,146081261,146081278,146091585,10324,17,10307,50000,51314,51296,386,386,-1296
1462,146181309,146181325,146191571,10262,16,10246,50000,51296,51279,386,386,-1279
1463,146281357,146281374,146291576,10219,17,10202,50000,51279,51262,386,386,-1262
1464,146381405,146381422,146391579,10174,17,10157,50000,51262,51245,387,387,-1245
1465,146481453,146481470,146491582,10129,17,10112,50000,51245,51229,387,387,-1229
1466,146581501,146581518,146591572,10071,17,10054,50000,51229,51212,387,387,-1212
1467,146681548,146681565,146691614,10066,17,10049,50000,51212,51196,387,387,-1196
1468,146781616,146781633,146791603,9987,17,9970,50000,51196,51179,387,387,-1179
1469,146881664,146881681,146891603,9939,17,9922,50000,51179,51163,387,387,-1163
1470,146981713,146981730,146991581,9868,17,9851,50000,51163,51147,387,387,-1147
1471,147081761,147081777,147091579,9818,16,9802,50000,51147,51131,388,388,-1131
1472,147181809,147181826,147191572,9763,17,9746,50000,51131,51115,388,388,-1115
1473,147281871,147281887,147291589,9718,16,9702,50000,51115,51099,388,388,-1099
1474,147381924,147381940,147391577,9653,16,9637,50000,51099,51083,388,388,-1083
1475,147481971,147481987,147491570,9599,16,9583,50000,51083,51068,388,388,-1068
1476,147582017,147582033,147591579,9562,16,9546,50000,51068,51052,388,388,-1052
1477,147682064,147682081,147691582,9518,17,9501,50000,51052,51037,389,389,-1037
1478,147782110,147782127,147791586,9476,17,9459,50000,51037,51022,389,389,-1022
1479,147882158,147882175,147891575,9417,17,9400,50000,51022,51006,389,389,-1006
1480,147982205,147982221,147991580,9375,16,9359,50000,51006,50991,389,389,-991
1481,148082252,148082269,148091577,9325,17,9308,50000,50991,50976,389,389,-976
1482,148182299,148182316,148191572,9273,17,9256,50000,50976,50961,389,389,-961
1483,148282347,148282363,148291572,9225,16,9209,50000,50961,50946,389,389,-946
1484,148382395,148382411,148391586,9191,16,9175,50000,50946,50932,390,390,-932
1485,148482442,148482459,148491579,9137,17,9120,50000,50932,50917,390,390,-917
1486,148582489,148582506,148591569,9080,17,9063,50000,50917,50903,390,390,-903
1487,148682537,148682554,148691575,9038,17,9021,50000,50903,50888,390,390,-888
1488,148782584,148782601,148791585,9001,17,8984,50000,50888,50874,390,390,-874
1489,148882631,148882648,148891574,8943,17,8926,50000,50874,50860,390,390,-860
1490,148982679,148982695,148991579,8900,16,8884,50000,50860,50845,390,390,-845
1491,149082727,149082744,149091578,8851,17,8834,50000,50845,50832,391,391,-832
1492,149182774,149182791,149191574,8800,17,8783,50000,50832,50818,391,391,-818
1493,149282822,149282839,149291570,8748,17,8731,50000,50818,50804,391,391,-804
1494,149382870,149382886,149391589,8719,16,8703,50000,50804,50790,391,391,-790
1495,149482918,149482935,149491603,8685,17,8668,50000,50790,50776,391,391,-776
1496,149582965,149582982,149591608,8643,17,8626,50000,50776,50763,391,391,-763
1497,149683013,149683030,149691582,8569,17,8552,50000,50763,50749,391,391,-749
1498,149783059,149783076,149791584,8525,17,8508,50000,50749,50736,392,392,-736
1499,149883108,149883124,149891574,8466,16,8450,50000,50736,50723,392,392,-723
1500,149983155,149983172,149994362,11207,17,11190,50000,50723,50710,392,392,-710
1501,150083207,150083224,150091530,8323,17,8306,50000,50710,50697,392,392,-697
1502,150183254,150183271,150191576,8322,17,8305,50000,50697,50684,392,392,-684
1503,150283303,150283320,150291569,8266,17,8249,50000,50684,50671,392,392,-671
1504,150383351,150383368,150391580,8229,17,8212,50000,50671,50658,392,392,-658
1505,150483399,150483416,150491576,8177,17,8160,50000,50658,50645,392,392,-645
1506,150583446,150583463,150591565,8119,17,8102,50000,50645,50632,393,393,-632
1507,150683494,150683511,150691580,8086,17,8069,50000,50632,50620,393,393,-620
1508,150783542,150783558,150791590,8048,16,8032,50000,50620,50607,393,393,-607
1509,150883589,150883606,150891579,7990,17,7973,50000,50607,50595,393,393,-595
1510,150983636,150983653,150991575,7939,17,7922,50000,50595,50583,393,393,-583
1511,151083684,151083701,151091581,7897,17,7880,50000,50583,50570,393,393,-570
1512,151183732,151183748,151191576,7844,16,7828,50000,50570,50558,393,393,-558
1513,151283779,151283795,151291583,7804,16,7788,50000,50558,50546,393,393,-546
1514,151383827,151383843,151391573,7746,16,7730,50000,50546,50534,393,393,-534
1515,151483874,151483890,151491579,7705,16,7689,50000,50534,50522,394,394,-522
1516,151583921,151583938,151591584,7663,17,7646,50000,50522,50510,394,394,-510
1517,151683969,151683985,151691570,7601,16,7585,50000,50510,50498,394,394,-498
1518,151784015,151784032,151791577,7562,17,7545,50000,50498,50487,394,394,-487
1519,151884063,151884080,151891585,7522,17,7505,50000,50487,50475,394,394,-475
1520,151984110,151984127,151991573,7463,17,7446,50000,50475,50464,394,394,-464
1521,152084157,152084174,152091569,7412,17,7395,50000,50464,50452,394,394,-452
1522,152184204,152184221,152191617,7413,17,7396,50000,50452,50441,395,395,-441
1523,152284254,152284271,152291605,7351,17,7334,50000,50441,50430,395,395,-430
1524,152384301,152384318,152391594,7293,17,7276,50000,50430,50419,395,395,-419
1525,152484349,152484366,152491578,7229,17,7212,50000,50419,50407,395,395,-407
1526,152584396,152584413,152591581,7185,17,7168,50000,50407,50396,395,395,-396
1527,152684444,152684461,152691570,7126,17,7109,50000,50396,50385,395,395,-385
1528,152784490,152784507,152791578,7088,17,7071,50000,50385,50375,395,395,-375
1529,152884538,152884555,152891585,7047,17,7030,50000,50375,50364,395,395,-364
1530,152984585,152984602,152991571,6986,17,6969,50000,50364,50353,395,395,-353
1531,153084632,153084649,153091577,6945,17,6928,50000,50353,50342,395,395,-342
1532,153184680,153184697,153191586,6906,17,6889,50000,50342,50331,396,396,-331
1533,153284728,153284745,153291573,6845,17,6828,50000,50331,50321,396,396,-321
1534,153384775,153384792,153391569,6794,17,6777,50000,50321,50311,396,396,-311
1535,153484822,153484839,153491581,6759,17,6742,50000,50311,50300,396,396,-300
1536,153584891,153584908,153591585,6694,17,6677,50000,50300,50290,396,396,-290
1537,153684939,153684955,153691572,6633,16,6617,50000,50290,50280,396,396,-280
1538,153784986,153785003,153791568,6582,17,6565,50000,50280,50269,396,396,-269
1539,153885033,153885050,153891586,6553,17,6536,50000,50269,50259,396,396,-259
1540,153985081,153985098,153991590,6509,17,6492,50000,50259,50249,396,396,-249
1541,154085129,154085145,154091577,6448,16,6432,50000,50249,50239,396,396,-239
1542,154185176,154185193,154191574,6398,17,6381,50000,50239,50229,397,397,-229
1543,154285224,154285240,154291566,6342,16,6326,50000,50229,50219,397,397,-219
1544,154385271,154385288,154391592,6321,17,6304,50000,50219,50210,397,397,-210
1545,154485335,154485352,154491590,6255,17,6238,50000,50210,50200,397,397,-200
1546,154585382,154585398,154591579,6197,16,6181,50000,50200,50190,397,397,-190
1547,154685429,154685446,154691573,6144,17,6127,50000,50190,50181,397,397,-181
1548,154785488,154785505,154791569,6081,17,6064,50000,50181,50171,397,397,-171
1549,154885534,154885551,154891590,6056,17,6039,50000,50171,50162,397,397,-162
1550,154985581,154985598,154991575,5994,17,5977,50000,50162,50152,397,397,-152
1551,155085627,155085644,155091567,5940,17,5923,50000,50152,50143,397,397,-143
1552,155185673,155185690,155191580,5907,17,5890,50000,50143,50133,397,397,-133
1553,155285719,155285736,155291585,5866,17,5849,50000,50133,50124,398,398,-124
1554,155385765,155385782,155391572,5807,17,5790,50000,50124,50115,398,398,-115
1555,155485812,155485829,155491566,5754,17,5737,50000,50115,50106,398,398,-106
1556,155585859,155585875,155591579,5720,16,5704,50000,50106,50097,398,398,-97
1557,155685905,155685921,155691583,5678,16,5662,50000,50097,50088,398,398,-88
1558,155785950,155785967,155791570,5620,17,5603,50000,50088,50079,398,398,-79
1559,155885997,155886013,155891580,5583,16,5567,50000,50079,50070,398,398,-70
1560,155986043,155986059,155991575,5532,16,5516,50000,50070,50062,398,398,-62
1561,156086089,156086106,156091570,5481,17,5464,50000,50062,50053,398,398,-53
1562,156186135,156186152,156191571,5436,17,5419,50000,50053,50044,398,398,-44
1563,156286181,156286198,156291576,5395,17,5378,50000,50044,50035,398,398,-35
1564,156386228,156386245,156391573,5345,17,5328,50000,50035,50027,399,399,-27
1565,156486274,156486291,156491568,5294,17,5277,50000,50027,50018,399,399,-18
1566,156586321,156586337,156591578,5257,16,5241,50000,50018,50010,399,399,-10
1567,156686368,156686384,156691574,5206,16,5190,50000,50010,50002,399,399,-2
1568,156786414,156786431,156791583,5169,17,5152,50000,50002,49994,399,399,6
1569,156886460,156886477,156891585,5125,17,5108,50000,49994,49985,399,399,15
1570,156986506,156986522,156991598,5092,16,5076,50000,49985,49977,399,399,23
1571,157086552,157086568,157091593,5041,16,5025,50000,49977,49969,399,399,31
1572,157186598,157186614,157191578,4980,16,4964,50000,49969,49961,400,400,39
1573,157286644,157286661,157291573,4929,17,4912,50000,49961,49953,400,400,47
1574,157386691,157386708,157391581,4890,17,4873,50000,49953,49945,400,400,55
1575,157486737,157486754,157491577,4840,17,4823,50000,49945,49938,400,400,62
1576,157586784,157586801,157591581,4797,17,4780,50000,49938,49930,400,400,70
1577,157686830,157686847,157691576,4746,17,4729,50000,49930,49922,401,401,78
1578,157786876,157786893,157791584,4708,17,4691,50000,49922,49915,401,401,85
1579,157886923,157886940,157891570,4647,17,4630,50000,49915,49908,401,401,92
1580,157986969,157986986,157991577,4608,17,4591,50000,49908,49900,401,401,100
1581,158087016,158087033,158091573,4557,17,4540,50000,49900,49893,402,402,107
1582,158187062,158187079,158191559,4497,17,4480,50000,49893,49886,402,402,114
1583,158287108,158287125,158291581,4473,17,4456,50000,49886,49879,402,402,121
1584,158387155,158387172,158391585,4430,17,4413,50000,49879,49872,402,402,128
1585,158487201,158487218,158491572,4371,17,4354,50000,49872,49865,402,402,135
1586,158587249,158587265,158591577,4328,16,4312,50000,49865,49858,402,402,142
1587,158687295,158687312,158691575,4280,17,4263,50000,49858,49852,403,403,148
1588,158787341,158787357,158791570,4229,16,4213,50000,49852,49845,403,403,155
1589,158887388,158887404,158891580,4192,16,4176,50000,49845,49839,403,403,161
1590,158987434,158987450,158991578,4144,16,4128,50000,49839,49832,403,403,168
1591,159087480,159087497,159091574,4094,17,4077,50000,49832,49826,403,403,174
1592,159187527,159187543,159191570,4043,16,4027,50000,49826,49819,403,403,181
1593,159287574,159287591,159291587,4013,17,3996,50000,49819,49813,404,404,187
1594,159387621,159387638,159391579,3958,17,3941,50000,49813,49807,404,404,193
1595,159487666,159487683,159491572,3906,17,3889,50000,49807,49801,404,404,199
1596,159587713,159587730,159591568,3855,17,3838,50000,49801,49795,404,404,205
1597,159687760,159687777,159691610,3850,17,3833,50000,49795,49789,404,404,211
1598,159787826,159787843,159791601,3775,17,3758,50000,49789,49783,404,404,217
1599,159887872,159887889,159891600,3728,17,3711,50000,49783,49777,405,405,223
1600,159987919,159987936,159994370,6451,17,6434,50000,49777,49771,405,405,229
1601,160087969,160087986,160091524,3555,17,3538,50000,49771,49766,405,405,234
1602,160188015,160188032,160191571,3556,17,3539,50000,49766,49760,405,405,240
1603,160288063,160288080,160291580,3517,17,3500,50000,49760,49754,405,405,246
1604,160388109,160388126,160391575,3466,17,3449,50000,49754,49749,405,405,251
1605,160488155,160488172,160491582,3427,17,3410,50000,49749,49743,405,405,257
1606,160588202,160588219,160591572,3370,17,3353,50000,49743,49738,406,406,262
1607,160688249,160688266,160691589,3340,17,3323,50000,49738,49732,406,406,268
1608,160788296,160788313,160791579,3283,17,3266,50000,49732,49727,406,406,273
1609,160888342,160888359,160891582,3240,17,3223,50000,49727,49722,406,406,278
1610,160988388,160988405,160991574,3186,17,3169,50000,49722,49717,406,406,283
1611,161088434,161088451,161091589,3155,17,3138,50000,49717,49712,406,406,288
1612,161188481,161188498,161191575,3094,17,3077,50000,49712,49706,406,406,294
1613,161288526,161288543,161291581,3055,17,3038,50000,49706,49702,407,407,298
1614,161388574,161388591,161391578,3004,17,2987,50000,49702,49697,407,407,303
1615,161488620,161488637,161491572,2952,17,2935,50000,49697,49692,407,407,308
1616,161588666,161588683,161591571,2905,17,2888,50000,49692,49687,407,407,313
1617,161688712,161688729,161691571,2859,17,2842,50000,49687,49682,407,407,318
1618,161788758,161788775,161791581,2823,17,2806,50000,49682,49677,407,407,323
1619,161888804,161888821,161891750,2946,17,2929,50000,49677,49673,407,407,327
1620,161988850,161988867,161991833,2983,17,2966,50000,49673,49668,407,407,332
1621,162088895,162088912,162091909,3014,17,2997,50000,49668,49664,408,408,336
1622,162188941,162188958,162191975,3034,17,3017,50000,49664,49659,408,408,341
1623,162288986,162289003,162292041,3055,17,3038,50000,49659,49655,408,408,345
1624,162389032,162389049,162392122,3090,17,3073,50000,49655,49650,408,408,350
1625,162489077,162489093,162492180,3103,16,3087,50000,49650,49646,408,408,354
1626,162589124,162589141,162592276,3152,17,3135,50000,49646,49642,408,408,358
1627,162689170,162689187,162692314,3144,17,3127,50000,49642,49637,408,408,363
1628,162789218,162789235,162792378,3160,17,3143,50000,49637,49633,409,409,367
1629,162889284,162889301,162892443,3159,17,3142,50000,49633,49629,409,409,371
1630,162989350,162989366,162992529,3179,16,3163,50000,49629,49625,409,409,375
1631,163089395,163089412,163092518,3123,17,3106,50000,49625,49621,409,409,379
1632,163189440,163189457,163192516,3076,17,3059,50000,49621,49617,409,409,383
1633,163289486,163289503,163292510,3024,17,3007,50000,49617,49613,409,409,387
1634,163389531,163389548,163392520,2989,17,2972,50000,49613,49609,409,409,391
1635,163489577,163489593,163492514,2937,16,2921,50000,49609,49606,409,409,394
1636,163589622,163589639,163592519,2897,17,2880,50000,49606,49602,409,409,398
1637,163689668,163689685,163692513,2845,17,2828,50000,49602,49598,409,409,402
1638,163789713,163789729,163791517,1804,16,1788,50000,49598,49594,410,410,406
1639,163889758,163889774,163891625,1867,16,1851,50000,49594,49591,410,410,409
1640,163989804,163989820,164001558,11754,16,11738,50000,49591,49587,410,410,413
1641,164089853,164089870,164101577,11724,17,11707,50000,49587,49584,410,410,416
1642,164189899,164189916,164201592,11693,17,11676,50000,49584,49580,410,410,420
1643,164289947,164289963,164301590,11643,16,11627,50000,49580,49576,410,410,424
1644,164389992,164390009,164401596,11604,17,11587,50000,49576,49573,410,410,427
1645,164490053,164490071,164501598,11545,18,11527,50000,49573,49569,410,410,431
1646,164590085,164590102,164601601,11516,17,11499,50000,49569,49566,410,410,434
1647,164690132,164690149,164701587,11455,17,11438,50000,49566,49563,410,410,437
1648,164790179,164790196,164801596,11417,17,11400,50000,49563,49559,410,410,441
1649,164890225,164890242,164901577,11352,17,11335,50000,49559,49556,411,411,444
1650,164990273,164990290,165001582,11309,17,11292,50000,49556,49553,411,411,447
1651,165090319,165090336,165101571,11252,17,11235,50000,49553,49550,411,411,450
1652,165190366,165190383,165201608,11242,17,11225,50000,49550,49547,411,411,453
1653,165290434,165290450,165301601,11167,16,11151,50000,49547,49543,411,411,457
1654,165390481,165390498,165401594,11113,17,11096,50000,49543,49540,411,411,460
1655,165490527,165490544,165501578,11051,17,11034,50000,49540,49537,411,411,463
1656,165590574,165590591,165601583,11009,17,10992,50000,49537,49534,411,411,466
1657,165690621,165690638,165701571,10950,17,10933,50000,49534,49531,411,411,469
1658,165790667,165790684,165801582,10915,17,10898,50000,49531,49528,411,411,472
1659,165890713,165890730,165901585,10872,17,10855,50000,49528,49525,411,411,475
1660,165990759,165990776,166001571,10812,17,10795,50000,49525,49522,411,411,478
1661,166090806,166090823,166101577,10771,17,10754,50000,49522,49519,412,412,481
1662,166190853,166190870,166201576,10723,17,10706,50000,49519,49517,412,412,483
1663,166290899,166290916,166301583,10684,17,10667,50000,49517,49514,412,412,486
1664,166390946,166390963,166401571,10625,17,10608,50000,49514,49511,412,412,489
1665,166490994,166491010,166501587,10593,16,10577,50000,49511,49508,412,412,492
1666,166591042,166591058,166601581,10539,16,10523,50000,49508,49506,412,412,494
1667,166691090,166691107,166701585,10495,17,10478,50000,49506,49503,412,412,497
1668,166791138,166791154,166801574,10436,16,10420,50000,49503,49500,412,412,500
1669,166891185,166891202,166901570,10385,17,10368,50000,49500,49498,412,412,502
1670,166991233,166991250,167001586,10353,17,10336,50000,49498,49495,412,412,505
1671,167091281,167091297,167101574,10293,16,10277,50000,49495,49493,412,412,507
1672,167191328,167191345,167201579,10251,17,10234,50000,49493,49490,412,412,510
1673,167291377,167291393,167301576,10199,16,10183,50000,49490,49487,412,412,513
1674,167391424,167391441,167401572,10148,17,10131,50000,49487,49485,413,413,515
1675,167491472,167491489,167501581,10109,17,10092,50000,49485,49483,413,413,517
1676,167591520,167591536,167601577,10057,16,10041,50000,49483,49480,413,413,520
1677,167691568,167691585,167701574,10006,17,9989,50000,49480,49478,413,413,522
1678,167791616,167791633,167801581,9965,17,9948,50000,49478,49476,413,413,524
1679,167891664,167891681,167901586,9922,17,9905,50000,49476,49474,413,413,526
1680,167991711,167991728,168001607,9896,17,9879,50000,49474,49471,413,413,529
1681,168091760,168091777,168101609,9849,17,9832,50000,49471,49469,413,413,531
1682,168191807,168191824,168201583,9776,17,9759,50000,49469,49467,413,413,533
1683,168291871,168291888,168301575,9704,17,9687,50000,49467,49465,413,413,535
1684,168391918,168391934,168401566,9648,16,9632,50000,49465,49462,413,413,538
1685,168491964,168491981,168501577,9613,17,9596,50000,49462,49460,413,413,540
1686,168592012,168592029,168601583,9571,17,9554,50000,49460,49458,413,413,542
1687,168692058,168692074,168701574,9516,16,9500,50000,49458,49456,413,413,544
1688,168792105,168792121,168801568,9463,16,9447,50000,49456,49454,413,413,546
1689,168892151,168892168,168901581,9430,17,9413,50000,49454,49452,413,413,548
1690,168992198,168992215,169001584,9386,17,9369,50000,49452,49449,413,413,551
1691,169092245,169092262,169101571,9326,17,9309,50000,49449,49447,414,414,553
1692,169192292,169192309,169201587,9295,17,9278,50000,49447,49446,414,414,554
1693,169292341,169292358,169301581,9240,17,9223,50000,49446,49443,413,413,557
1694,169392387,169392404,169401573,9186,17,9169,50000,49443,49442,414,414,558
1695,169492435,169492452,169501569,9134,17,9117,50000,49442,49440,414,414,560
1696,169592483,169592499,169601587,9104,16,9088,50000,49440,49438,414,414,562
1697,169692530,169692547,169701582,9052,17,9035,50000,49438,49436,414,414,564
1698,169792577,169792594,169801591,9014,17,8997,50000,49436,49434,414,414,566
1699,169892625,169892642,169901577,8952,17,8935,50000,49434,49432,414,414,568
1700,169992672,169992689,170004395,11723,17,11706,50000,49432,49431,414,414,569
1701,170092722,170092739,170101541,8819,17,8802,50000,49431,49429,414,414,571
1702,170192770,170192786,170201585,8815,16,8799,50000,49429,49427,414,414,573
1703,170292820,170292837,170301589,8769,17,8752,50000,49427,49425,414,414,575
1704,170392868,170392884,170401577,8709,16,8693,50000,49425,49423,414,414,577
1705,170492914,170492931,170501584,8670,17,8653,50000,49423,49422,414,414,578
1706,170592963,170592979,170601572,8609,16,8593,50000,49422,49420,414,414,580
1707,170693011,170693028,170701596,8585,17,8568,50000,49420,49418,414,414,582
1708,170793058,170793074,170801574,8516,16,8500,50000,49418,49416,414,414,584
1709,170893105,170893122,170901586,8481,17,8464,50000,49416,49415,414,414,585
1710,170993154,170993171,171001576,8422,17,8405,50000,49415,49413,414,414,587
1711,171093201,171093218,171101570,8369,17,8352,50000,49413,49411,415,415,589
1712,171193248,171193265,171201558,8310,17,8293,50000,49411,49410,415,415,590
1713,171293295,171293312,171301579,8284,17,8267,50000,49410,49409,415,415,591
1714,171393343,171393359,171401585,8242,16,8226,50000,49409,49407,415,415,593
1715,171493390,171493407,171501571,8181,17,8164,50000,49407,49406,415,415,594
1716,171593438,171593454,171601577,8139,16,8123,50000,49406,49404,415,415,596
1717,171693486,171693503,171701586,8100,17,8083,50000,49404,49403,415,415,597
1718,171793533,171793549,171801573,8040,16,8024,50000,49403,49401,415,415,599
1719,171893580,171893597,171901567,7987,17,7970,50000,49401,49400,415,415,600
1720,171993628,171993644,172001589,7961,16,7945,50000,49400,49399,415,415,601
1721,172093676,172093693,172101576,7900,17,7883,50000,49399,49397,415,415,603
1722,172193724,172193741,172201572,7848,17,7831,50000,49397,49396,415,415,604
1723,172293770,172293787,172301568,7798,17,7781,50000,49396,49395,415,415,605
1724,172393818,172393835,172401579,7761,17,7744,50000,49395,49393,415,415,607
1725,172493866,172493883,172501584,7718,17,7701,50000,49393,49392,415,415,608
1726,172593913,172593930,172601570,7657,17,7640,50000,49392,49390,415,415,610
1727,172693961,172693978,172701601,7640,17,7623,50000,49390,49389,415,415,611
1728,172794027,172794043,172801604,7577,16,7561,50000,49389,49388,415,415,612
1729,172894074,172894091,172901592,7518,17,7501,50000,49388,49386,415,415,614
1730,172994121,172994138,173001578,7457,17,7440,50000,49386,49385,415,415,615
1731,173094169,173094186,173101572,7403,17,7386,50000,49385,49384,415,415,616
1732,173194217,173194233,173201569,7352,16,7336,50000,49384,49382,415,415,618
1733,173294264,173294280,173301592,7328,16,7312,50000,49382,49381,415,415,619
1734,173394312,173394329,173401581,7269,17,7252,50000,49381,49380,415,415,620
1735,173494359,173494376,173501575,7216,17,7199,50000,49380,49378,415,415,622
1736,173594406,173594423,173601582,7176,17,7159,50000,49378,49377,416,416,623
1737,173694455,173694472,173701576,7121,17,7104,50000,49377,49376,415,415,624
1738,173794502,173794518,173801574,7072,16,7056,50000,49376,49375,415,415,625
1739,173894549,173894565,173901570,7021,16,7005,50000,49375,49373,415,415,627
1740,173994596,173994613,174001576,6980,17,6963,50000,49373,49372,416,416,628
1741,174094644,174094661,174101574,6930,17,6913,50000,49372,49371,416,416,629
1742,174194691,174194708,174201573,6882,17,6865,50000,49371,49370,416,416,630
1743,174294738,174294755,174301557,6819,17,6802,50000,49370,49369,416,416,631
1744,174394786,174394803,174401579,6793,17,6776,50000,49369,49368,416,416,632
1745,174494835,174494851,174501575,6740,16,6724,50000,49368,49367,416,416,633
1746,174594881,174594898,174601581,6700,17,6683,50000,49367,49366,416,416,634
1747,174694930,174694947,174701576,6646,17,6629,50000,49366,49365,416,416,635
1748,174794977,174794994,174801579,6602,17,6585,50000,49365,49364,416,416,636
1749,174895025,174895042,174901572,6547,17,6530,50000,49364,49363,416,416,637
1750,174995072,174995089,175001568,6496,17,6479,50000,49363,49362,416,416,638
1751,175095119,175095136,175101580,6461,17,6444,50000,49362,49361,416,416,639
1752,175195167,175195184,175201584,6417,17,6400,50000,49361,49361,416,416,639
1753,175295215,175295232,175301571,6356,17,6339,50000,49361,49360,416,416,640
1754,175395262,175395278,175401594,6332,16,6316,50000,49360,49359,416,416,641
1755,175495310,175495327,175501600,6290,17,6273,50000,49359,49358,416,416,642
1756,175595357,175595374,175601594,6237,17,6220,50000,49358,49357,416,416,643
1757,175695405,175695422,175701588,6183,17,6166,50000,49357,49356,416,416,644
1758,175795452,175795487,175801576,6124,35,6089,50000,49356,49355,416,416,645
1759,175895496,175895512,175901572,6076,16,6060,50000,49355,49354,416,416,646
1760,175995542,175995559,176001581,6039,17,6022,50000,49354,49353,416,416,647
1761,176095589,176095606,176101587,5998,17,5981,50000,49353,49352,416,416,648
1762,176195635,176195652,176201575,5940,17,5923,50000,49352,49351,416,416,649
1763,176295682,176295699,176301567,5885,17,5868,50000,49351,49350,416,416,650
1764,176395728,176395745,176401579,5851,17,5834,50000,49350,49349,416,416,651
1765,176495775,176495792,176501588,5813,17,5796,50000,49349,49348,416,416,652
1766,176595822,176595839,176601576,5754,17,5737,50000,49348,49347,416,416,653
1767,176695869,176695885,176701581,5712,16,5696,50000,49347,49347,416,416,653
1768,176795916,176795933,176801576,5660,17,5643,50000,49347,49346,416,416,654
1769,176895962,176895979,176901573,5611,17,5594,50000,49346,49345,416,416,655
1770,176996009,176996026,177001560,5551,17,5534,50000,49345,49344,416,416,656
1771,177096055,177096072,177101578,5523,17,5506,50000,49344,49343,416,416,657
1772,177196101,177196119,177201579,5478,18,5460,50000,49343,49342,416,416,658
1773,177296148,177296165,177301584,5436,17,5419,50000,49342,49341,416,416,659
1774,177396195,177396212,177401570,5375,17,5358,50000,49341,49340,416,416,660
1775,177496241,177496258,177501579,5338,17,5321,50000,49340,49339,416,416,661
1776,177596288,177596305,177601576,5288,17,5271,50000,49339,49338,416,416,662
1777,177696334,177696351,177701581,5247,17,5230,50000,49338,49338,416,416,662
1778,177796381,177796398,177801576,5195,17,5178,50000,49338,49337,416,416,663
1779,177896428,177896444,177901577,5149,16,5133,50000,49337,49336,417,417,664
1780,177996475,177996492,178001583,5108,17,5091,50000,49336,49336,417,417,664
1781,178096521,178096537,178101570,5049,16,5033,50000,49336,49335,416,416,665
1782,178196566,178196583,178201615,5049,17,5032,50000,49335,49334,417,417,666
1783,178296615,178296631,178301602,4987,16,4971,50000,49334,49334,417,417,666
1784,178396661,178396677,178401591,4930,16,4914,50000,49334,49333,417,417,667
1785,178496708,178496724,178501579,4871,16,4855,50000,49333,49332,417,417,668
1786,178596755,178596772,178601585,4830,17,4813,50000,49332,49332,417,417,668
1787,178696801,178696818,178701572,4771,17,4754,50000,49332,49331,417,417,669
1788,178796848,178796864,178801590,4742,16,4726,50000,49331,49331,417,417,669
1789,178896894,178896911,178901577,4683,17,4666,50000,49331,49330,417,417,670
1790,178996940,178996957,179001570,4630,17,4613,50000,49330,49330,417,417,670
1791,179096987,179097004,179101579,4592,17,4575,50000,49330,49329,417,417,671
1792,179197033,179197050,179201588,4555,17,4538,50000,49329,49328,417,417,672
1793,179297080,179297097,179301577,4497,17,4480,50000,49328,49328,417,417,672
1794,179397127,179397144,179401585,4458,17,4441,50000,49328,49327,417,417,673
1795,179497173,179497190,179501572,4399,17,4382,50000,49327,49327,417,417,673
1796,179597220,179597237,179601580,4360,17,4343,50000,49327,49326,417,417,674
1797,179697267,179697284,179701575,4308,17,4291,50000,49326,49326,417,417,674
1798,179797313,179797330,179801580,4267,17,4250,50000,49326,49325,417,417,675
1799,179897360,179897377,179901575,4215,17,4198,50000,49325,49325,417,417,675
1800,179997407,179997423,180004364,6957,16,6941,50000,49325,49324,417,417,676
