sequence,cycle_started_us,command_sent_us,response_completed_us,full_loop_us,pre_send_us,transport_us,setpoint_milli_c,observed_milli_c,measured_milli_c,command_actuator_permille,status_actuator_permille,error_milli_c
1,5401,5770,113843,108442,369,108073,45000,20000,20266,951,951,24734
2,114372,114388,121760,7388,16,7372,45000,20266,20543,992,992,24457
3,214808,214825,221819,7011,17,6994,45000,20543,20817,986,986,24183
4,314854,314871,321813,6959,17,6942,45000,20817,21088,979,979,23912
5,414902,414919,421816,6914,17,6897,45000,21088,21356,972,972,23644
6,514950,514967,521803,6853,17,6836,45000,21356,21620,965,965,23380
7,614998,615014,621817,6819,16,6803,45000,21620,21882,958,958,23118
8,715046,715063,721815,6769,17,6752,45000,21882,22141,951,951,22859
9,815092,815109,821803,6711,17,6694,45000,22141,22397,944,944,22603
10,915141,915157,921812,6671,16,6655,45000,22397,22649,937,937,22351
11,1015188,1015205,1021819,6631,17,6614,45000,22649,22899,931,931,22101
12,1115235,1115251,1121805,6570,16,6554,45000,22899,23147,924,924,21853
13,1215283,1215300,1221801,6518,17,6501,45000,23147,23391,917,917,21609
14,1315331,1315348,1321815,6484,17,6467,45000,23391,23632,911,911,21368
15,1415379,1415396,1421816,6437,17,6420,45000,23632,23871,905,905,21129
16,1515427,1515443,1521805,6378,16,6362,45000,23871,24107,898,898,20893
17,1615474,1615491,1621821,6347,17,6330,45000,24107,24340,892,892,20660
18,1715523,1715540,1721810,6287,17,6270,45000,24340,24571,886,886,20429
19,1815570,1815587,1821804,6234,17,6217,45000,24571,24799,879,879,20201
20,1915618,1915635,1921813,6195,17,6178,45000,24799,25024,873,873,19976
21,2015665,2015682,2021811,6146,17,6129,45000,25024,25247,867,867,19753
22,2115713,2115729,2121806,6093,16,6077,45000,25247,25467,861,861,19533
23,2215761,2215777,2221813,6052,16,6036,45000,25467,25685,856,856,19315
24,2315809,2315825,2321809,6000,16,5984,45000,25685,25900,850,850,19100
25,2415856,2415872,2421820,5964,16,5948,45000,25900,26113,844,844,18887
26,2515904,2515921,2521808,5904,17,5887,45000,26113,26323,838,838,18677
27,2615951,2615967,2621815,5864,16,5848,45000,26323,26531,833,833,18469
28,2715999,2716016,2721816,5817,17,5800,45000,26531,26736,827,827,18264
29,2816046,2816062,2821810,5764,16,5748,45000,26736,26940,822,822,18060
30,2916093,2916110,2921818,5725,17,5708,45000,26940,27140,816,816,17860
31,3016141,3016158,3021804,5663,17,5646,45000,27140,27339,811,811,17661
32,3116188,3116205,3121857,5669,17,5652,45000,27339,27535,806,806,17465
33,3216236,3216253,3221852,5616,17,5599,45000,27535,27729,801,801,17271
34,3316284,3316301,3321843,5559,17,5542,45000,27729,27921,795,795,17079
35,3416331,3416348,3421810,5479,17,5462,45000,27921,28110,790,790,16890
36,3516378,3516395,3521803,5425,17,5408,45000,28110,28298,785,785,16702
37,3616426,3616443,3621811,5385,17,5368,45000,28298,28483,780,780,16517
38,3716474,3716491,3721813,5339,17,5322,45000,28483,28666,775,775,16334
39,3816521,3816538,3821816,5295,17,5278,45000,28666,28847,770,770,16153
40,3916569,3916586,3921805,5236,17,5219,45000,28847,29026,766,766,15974
41,4016617,4016634,4021808,5191,17,5174,45000,29026,29203,761,761,15797
42,4116665,4116682,4121816,5151,17,5134,45000,29203,29378,756,756,15622
43,4216713,4216730,4221805,5092,17,5075,45000,29378,29551,752,752,15449
44,4316760,4316777,4321810,5050,17,5033,45000,29551,29722,747,747,15278
45,4416809,4416825,4421812,5003,16,4987,45000,29722,29891,742,742,15109
46,4516856,4516873,4521809,4953,17,4936,45000,29891,30058,738,738,14942
47,4616903,4616920,4621803,4900,17,4883,45000,30058,30223,733,733,14777
48,4716951,4716968,4721819,4868,17,4851,45000,30223,30386,729,729,14614
49,4817000,4817017,4821812,4812,17,4795,45000,30386,30548,725,725,14452
50,4917047,4917064,4921816,4769,17,4752,45000,30548,30707,720,720,14293
51,5017095,5017112,5021803,4708,17,4691,45000,30707,30865,716,716,14135
52,5117142,5117158,5121814,4672,16,4656,45000,30865,31021,712,712,13979
53,5217190,5217207,5221817,4627,17,4610,45000,31021,31175,708,708,13825
54,5317237,5317254,5321804,4567,17,4550,45000,31175,31327,704,704,13673
55,5417298,5417315,5421819,4521,17,4504,45000,31327,31478,700,700,13522
56,5517344,5517361,5521812,4468,17,4451,45000,31478,31627,696,696,13373
57,5617391,5617407,5621803,4412,16,4396,45000,31627,31774,692,692,13226
58,5717437,5717454,5721802,4365,17,4348,45000,31774,31920,688,688,13080
59,5817483,5817500,5821826,4343,17,4326,45000,31920,32063,684,684,12937
60,5917530,5917547,5921812,4282,17,4265,45000,32063,32206,680,680,12794
61,6017576,6017593,6021808,4232,17,4215,45000,32206,32346,676,676,12654
62,6117623,6117640,6121798,4175,17,4158,45000,32346,32485,673,673,12515
63,6217669,6217686,6221824,4155,17,4138,45000,32485,32622,669,669,12378
64,6317733,6317749,6321826,4093,16,4077,45000,32622,32758,665,665,12242
65,6417778,6417795,6421813,4035,17,4018,45000,32758,32893,662,662,12107
66,6517825,6517842,6521820,3995,17,3978,45000,32893,33025,658,658,11975
67,6617872,6617888,6621808,3936,16,3920,45000,33025,33156,655,655,11844
68,6717918,6717935,6721812,3894,17,3877,45000,33156,33286,651,651,11714
69,6817965,6817981,6821810,3845,16,3829,45000,33286,33414,648,648,11586
70,6918011,6918027,6921817,3806,16,3790,45000,33414,33541,644,644,11459
71,7018058,7018075,7021804,3746,17,3729,45000,33541,33666,641,641,11334
72,7118104,7118121,7121809,3705,17,3688,45000,33666,33790,638,638,11210
73,7218151,7218167,7221817,3666,16,3650,45000,33790,33913,634,634,11087
74,7318197,7318214,7321805,3608,17,3591,45000,33913,34034,631,631,10966
75,7418244,7418261,7421799,3555,17,3538,45000,34034,34153,628,628,10847
76,7518290,7518307,7521814,3524,17,3507,45000,34153,34272,625,625,10728
77,7618337,7618354,7621818,3481,17,3464,45000,34272,34389,621,621,10611
78,7718384,7718400,7721803,3419,16,3403,45000,34389,34504,618,618,10496
79,7818430,7818447,7821807,3377,17,3360,45000,34504,34618,615,615,10382
80,7918477,7918494,7921817,3340,17,3323,45000,34618,34731,612,612,10269
81,8018524,8018541,8021806,3282,17,3265,45000,34731,34843,609,609,10157
82,8118571,8118587,8121815,3244,16,3228,45000,34843,34953,606,606,10047
83,8218617,8218634,8221811,3194,17,3177,45000,34953,35062,603,603,9938
84,8318663,8318680,8321806,3143,17,3126,45000,35062,35170,600,600,9830
85,8418710,8418727,8421814,3104,17,3087,45000,35170,35276,597,597,9724
86,8518756,8518773,8521808,3052,17,3035,45000,35276,35382,595,595,9618
87,8618802,8618819,8621809,3007,17,2990,45000,35382,35486,592,592,9514
88,8718849,8718866,8721804,2955,17,2938,45000,35486,35589,589,589,9411
89,8818895,8818912,8821811,2916,17,2899,45000,35589,35691,586,586,9309
90,8918942,8918959,8921816,2874,17,2857,45000,35691,35792,584,584,9208
91,9018988,9019005,9021816,2828,17,2811,45000,35792,35891,581,581,9109
92,9119035,9119052,9121989,2954,17,2937,45000,35891,35989,578,578,9011
93,9219081,9219098,9222070,2989,17,2972,45000,35989,36087,576,576,8913
94,9319127,9319144,9322135,3008,17,2991,45000,36087,36183,573,573,8817
95,9419173,9419190,9422216,3043,17,3026,45000,36183,36278,571,571,8722
96,9519219,9519236,9522263,3044,17,3027,45000,36278,36372,568,568,8628
97,9619286,9619303,9622345,3059,17,3042,45000,36372,36465,565,565,8535
98,9719332,9719348,9722414,3082,16,3066,45000,36465,36556,563,563,8444
99,9819377,9819394,9822481,3104,17,3087,45000,36556,36647,561,561,8353
100,9919426,9919443,9924562,5136,17,5119,45000,36647,36737,558,558,8263
101,10019476,10019493,10022712,3236,17,3219,45000,36737,36826,556,556,8174
102,10119522,10119538,10122744,3222,16,3206,45000,36826,36913,553,553,8087
103,10219586,10219603,10222751,3165,17,3148,45000,36913,37000,551,551,8000
104,10319632,10319648,10322746,3114,16,3098,45000,37000,37085,549,549,7915
105,10419677,10419694,10422747,3070,17,3053,45000,37085,37170,547,547,7830
106,10519723,10519740,10522740,3017,17,3000,45000,37170,37254,544,544,7746
107,10619769,10619786,10622750,2981,17,2964,45000,37254,37337,542,542,7663
108,10719815,10719832,10722744,2929,17,2912,45000,37337,37419,540,540,7581
109,10819860,10819877,10822748,2888,17,2871,45000,37419,37499,538,538,7501
110,10919906,10919922,10922752,2846,16,2830,45000,37499,37580,536,536,7420
111,11019951,11019968,11021766,1815,17,1798,45000,37580,37658,533,533,7342
112,11119997,11120014,11121875,1878,17,1861,45000,37658,37737,531,531,7263
113,11220043,11220059,11231787,11744,16,11728,45000,37737,37814,529,529,7186
114,11320104,11320121,11331824,11720,17,11703,45000,37814,37890,527,527,7110
115,11420150,11420167,11431825,11675,17,11658,45000,37890,37965,525,525,7035
116,11520196,11520214,11531830,11634,18,11616,45000,37965,38040,523,523,6960
117,11620243,11620260,11631825,11582,17,11565,45000,38040,38114,521,521,6886
118,11720289,11720306,11731827,11538,17,11521,45000,38114,38187,519,519,6813
119,11820336,11820353,11831828,11492,17,11475,45000,38187,38259,517,517,6741
120,11920382,11920398,11931803,11421,16,11405,45000,38259,38330,515,515,6670
121,12020428,12020444,12031840,11412,16,11396,45000,38330,38400,513,513,6600
122,12120493,12120510,12131814,11321,17,11304,45000,38400,38470,512,512,6530
123,12220540,12220556,12231820,11280,16,11264,45000,38470,38539,510,510,6461
124,12320587,12320604,12331810,11223,17,11206,45000,38539,38607,508,508,6393
125,12420633,12420650,12431813,11180,17,11163,45000,38607,38674,506,506,6326
126,12520680,12520697,12531810,11130,17,11113,45000,38674,38741,504,504,6259
127,12620727,12620744,12631826,11099,17,11082,45000,38741,38806,502,502,6194
128,12720775,12720791,12731813,11038,16,11022,45000,38806,38871,501,501,6129
129,12820822,12820838,12831813,10991,16,10975,45000,38871,38935,499,499,6065
130,12920869,12920886,12931804,10935,17,10918,45000,38935,38999,497,497,6001
131,13020915,13020932,13031822,10907,17,10890,45000,38999,39061,495,495,5939
132,13120963,13120980,13131809,10846,17,10829,45000,39061,39124,494,494,5876
133,13221011,13221027,13231803,10792,16,10776,45000,39124,39185,492,492,5815
134,13321058,13321076,13331808,10750,18,10732,45000,39185,39246,491,491,5754
135,13421107,13421123,13431816,10709,16,10693,45000,39246,39305,489,489,5695
136,13521155,13521172,13531806,10651,17,10634,45000,39305,39365,488,488,5635
137,13621203,13621220,13631802,10599,17,10582,45000,39365,39424,486,486,5576
138,13721252,13721268,13731823,10571,16,10555,45000,39424,39481,484,484,5519
139,13821300,13821317,13831811,10511,17,10494,45000,39481,39539,483,483,5461
140,13921348,13921365,13931802,10454,17,10437,45000,39539,39595,481,481,5405
141,14021397,14021413,14031811,10414,16,10398,45000,39595,39651,480,480,5349
142,14121445,14121462,14131818,10373,17,10356,45000,39651,39706,478,478,5294
143,14221493,14221510,14231806,10313,17,10296,45000,39706,39761,477,477,5239
144,14321541,14321558,14331800,10259,17,10242,45000,39761,39815,475,475,5185
145,14421588,14421605,14431820,10232,17,10215,45000,39815,39869,474,474,5131
146,14521636,14521653,14531809,10173,17,10156,45000,39869,39921,472,472,5079
147,14621684,14621701,14631803,10119,17,10102,45000,39921,39973,471,471,5027
148,14721733,14721750,14731801,10068,17,10051,45000,39973,40025,470,470,4975
149,14821780,14821797,14831810,10030,17,10013,45000,40025,40076,468,468,4924
150,14921828,14921845,14931815,9987,17,9970,45000,40076,40127,467,467,4873
151,15021877,15021894,15031802,9925,17,9908,45000,40127,40176,465,465,4824
152,15121925,15121942,15131841,9916,17,9899,45000,40176,40225,464,464,4775
153,15221994,15222011,15231829,9835,17,9818,45000,40225,40274,463,463,4726
154,15322042,15322058,15331820,9778,16,9762,45000,40274,40322,462,462,4678
155,15422107,15422123,15431815,9708,16,9692,45000,40322,40370,460,460,4630
156,15522155,15522172,15531805,9650,17,9633,45000,40370,40417,459,459,4583
157,15622202,15622219,15631796,9594,17,9577,45000,40417,40464,458,458,4536
158,15722248,15722265,15731814,9566,17,9549,45000,40464,40510,457,457,4490
159,15822297,15822314,15831818,9521,17,9504,45000,40510,40555,455,455,4445
160,15922344,15922361,15931805,9461,17,9444,45000,40555,40600,454,454,4400
161,16022392,16022409,16031810,9418,17,9401,45000,40600,40644,453,453,4356
162,16122440,16122457,16131808,9368,17,9351,45000,40644,40688,452,452,4312
163,16222488,16222504,16231816,9328,16,9312,45000,40688,40732,451,451,4268
164,16322535,16322552,16331804,9269,17,9252,45000,40732,40775,449,449,4225
165,16422583,16422599,16431808,9225,16,9209,45000,40775,40817,448,448,4183
166,16522630,16522647,16531810,9180,17,9163,45000,40817,40859,447,447,4141
167,16622677,16622694,16631812,9135,17,9118,45000,40859,40900,446,446,4100
168,16722725,16722742,16731801,9076,17,9059,45000,40900,40941,445,445,4059
169,16822772,16822789,16831820,9048,17,9031,45000,40941,40982,444,444,4018
170,16922821,16922837,16931810,8989,16,8973,45000,40982,41022,443,443,3978
171,17022868,17022885,17031800,8932,17,8915,45000,41022,41062,442,442,3938
172,17122916,17122933,17131810,8894,17,8877,45000,41062,41101,441,441,3899
173,17222964,17222980,17231816,8852,16,8836,45000,41101,41140,440,440,3860
174,17323010,17323027,17331804,8794,17,8777,45000,41140,41178,439,439,3822
175,17423058,17423075,17431800,8742,17,8725,45000,41178,41216,438,438,3784
176,17523106,17523123,17531820,8714,17,8697,45000,41216,41254,437,437,3746
177,17623154,17623171,17631810,8656,17,8639,45000,41254,41291,436,436,3709
178,17723202,17723218,17731814,8612,16,8596,45000,41291,41327,435,435,3673
179,17823249,17823266,17831818,8569,17,8552,45000,41327,41363,434,434,3637
180,17923296,17923313,17931834,8538,17,8521,45000,41363,41399,433,433,3601
181,18023345,18023362,18031838,8493,17,8476,45000,41399,41435,432,432,3565
182,18123392,18123408,18131812,8420,16,8404,45000,41435,41470,431,431,3530
183,18223438,18223455,18231805,8367,17,8350,45000,41470,41504,430,430,3496
184,18323486,18323503,18331804,8318,17,8301,45000,41504,41538,429,429,3462
185,18423533,18423549,18431806,8273,16,8257,45000,41538,41572,428,428,3428
186,18523580,18523597,18531812,8232,17,8215,45000,41572,41605,427,427,3395
187,18623628,18623644,18631816,8188,16,8172,45000,41605,41638,426,426,3362
188,18723676,18723693,18731805,8129,17,8112,45000,41638,41670,425,425,3330
189,18823723,18823740,18831799,8076,17,8059,45000,41670,41703,425,425,3297
190,18923770,18923787,18931809,8039,17,8022,45000,41703,41735,424,424,3265
191,19023818,19023834,19031805,7987,16,7971,45000,41735,41766,423,423,3234
192,19123865,19123882,19131812,7947,17,7930,45000,41766,41797,422,422,3203
193,19223913,19223929,19231809,7896,16,7880,45000,41797,41828,421,421,3172
194,19323961,19323978,19331804,7843,17,7826,45000,41828,41858,420,420,3142
195,19424008,19424025,19431804,7796,17,7779,45000,41858,41888,420,420,3112
196,19524056,19524072,19531818,7762,16,7746,45000,41888,41918,419,419,3082
197,19624105,19624121,19631812,7707,16,7691,45000,41918,41948,418,418,3052
198,19724151,19724168,19731814,7663,17,7646,45000,41948,41977,417,417,3023
199,19824199,19824216,19831802,7603,17,7586,45000,41977,42005,416,416,2995
200,19924245,19924262,19934560,10315,17,10298,45000,42005,42034,416,416,2966
201,20024296,20024313,20031761,7465,17,7448,45000,42034,42062,415,415,2938
202,20124344,20124360,20131803,7459,16,7443,45000,42062,42089,414,414,2911
203,20224414,20224430,20231809,7395,16,7379,45000,42089,42117,413,413,2883
204,20324461,20324478,20331809,7348,17,7331,45000,42117,42143,412,412,2857
205,20424508,20424525,20431816,7308,17,7291,45000,42143,42170,412,412,2830
206,20524556,20524573,20531801,7245,17,7228,45000,42170,42197,411,411,2803
207,20624604,20624621,20631838,7234,17,7217,45000,42197,42223,410,410,2777
208,20724671,20724688,20731843,7172,17,7155,45000,42223,42249,410,410,2751
209,20824718,20824735,20831827,7109,17,7092,45000,42249,42274,409,409,2726
210,20924765,20924782,20931810,7045,17,7028,45000,42274,42300,409,409,2700
211,21024813,21024830,21031816,7003,17,6986,45000,42300,42325,408,408,2675
212,21124860,21124877,21131805,6945,17,6928,45000,42325,42349,407,407,2651
213,21224907,21224924,21231823,6916,17,6899,45000,42349,42374,407,407,2626
214,21324955,21324972,21331810,6855,17,6838,45000,42374,42398,406,406,2602
215,21425002,21425018,21431802,6800,16,6784,45000,42398,42422,405,405,2578
216,21525049,21525066,21531811,6762,17,6745,45000,42422,42445,404,404,2555
217,21625097,21625114,21631822,6725,17,6708,45000,42445,42469,404,404,2531
218,21725144,21725161,21731809,6665,17,6648,45000,42469,42492,403,403,2508
219,21825192,21825209,21831803,6611,17,6594,45000,42492,42514,403,403,2486
220,21925239,21925256,21931800,6561,17,6544,45000,42514,42537,402,402,2463
221,22025286,22025303,22031819,6533,17,6516,45000,42537,42559,401,401,2441
222,22125334,22125351,22131808,6474,17,6457,45000,42559,42581,401,401,2419
223,22225382,22225399,22231811,6429,17,6412,45000,42581,42603,400,400,2397
224,22325430,22325447,22331813,6383,17,6366,45000,42603,42624,400,400,2376
225,22425477,22425494,22431806,6329,17,6312,45000,42624,42646,399,399,2354
226,22525524,22525541,22531805,6281,17,6264,45000,42646,42666,398,398,2334
227,22625572,22625589,22631809,6237,17,6220,45000,42666,42687,398,398,2313
228,22725621,22725638,22731818,6197,17,6180,45000,42687,42708,397,397,2292
229,22825669,22825685,22831805,6136,16,6120,45000,42708,42728,397,397,2272
230,22925716,22925733,22931800,6084,17,6067,45000,42728,42748,396,396,2252
231,23025764,23025781,23031822,6058,17,6041,45000,42748,42768,396,396,2232
232,23125812,23125829,23131809,5997,17,5980,45000,42768,42787,395,395,2213
233,23225859,23225876,23231803,5944,17,5927,45000,42787,42807,395,395,2193
234,23325907,23325924,23331818,5911,17,5894,45000,42807,42826,394,394,2174
235,23425955,23425971,23431837,5882,16,5866,45000,42826,42845,394,394,2155
236,23526002,23526018,23531841,5839,16,5823,45000,42845,42864,393,393,2136
237,23626050,23626066,23631815,5765,16,5749,45000,42864,42882,393,393,2118
238,23726096,23726113,23731807,5711,17,5694,45000,42882,42900,392,392,2100
239,23826144,23826161,23831813,5669,17,5652,45000,42900,42919,392,392,2081
240,23926192,23926209,23931808,5616,17,5599,45000,42919,42936,391,391,2064
241,24026239,24026256,24031819,5580,17,5563,45000,42936,42954,391,391,2046
242,24126288,24126304,24131809,5521,16,5505,45000,42954,42971,390,390,2029
243,24226335,24226352,24231811,5476,17,5459,45000,42971,42989,390,390,2011
244,24326383,24326400,24331813,5430,17,5413,45000,42989,43006,389,389,1994
245,24426430,24426447,24431807,5377,17,5360,45000,43006,43023,389,389,1977
246,24526478,24526495,24531815,5337,17,5320,45000,43023,43039,388,388,1961
247,24626526,24626542,24631810,5284,16,5268,45000,43039,43056,388,388,1944
248,24726573,24726590,24731825,5252,17,5235,45000,43056,43072,388,388,1928
249,24826621,24826638,24831811,5190,17,5173,45000,43072,43088,387,387,1912
250,24926668,24926685,24931806,5138,17,5121,45000,43088,43104,387,387,1896
251,25026716,25026733,25031814,5098,17,5081,45000,43104,43120,386,386,1880
252,25126764,25126781,25131829,5065,17,5048,45000,43120,43135,386,386,1865
253,25226811,25226828,25231847,5036,17,5019,45000,43135,43151,386,386,1849
254,25326860,25326877,25331845,4985,17,4968,45000,43151,43166,385,385,1834
255,25426907,25426924,25431822,4915,17,4898,45000,43166,43181,385,385,1819
256,25526954,25526971,25531813,4859,17,4842,45000,43181,43196,384,384,1804
257,25627002,25627019,25631802,4800,17,4783,45000,43196,43211,384,384,1789
258,25727049,25727066,25731804,4755,17,4738,45000,43211,43225,383,383,1775
259,25827096,25827113,25831808,4712,17,4695,45000,43225,43240,383,383,1760
260,25927143,25927160,25931805,4662,17,4645,45000,43240,43254,383,383,1746
261,26027191,26027208,26031797,4606,17,4589,45000,43254,43268,382,382,1732
262,26127239,26127256,26131841,4602,17,4585,45000,43268,43282,382,382,1718
263,26227291,26227308,26231836,4545,17,4528,45000,43282,43295,382,382,1705
264,26327338,26327354,26331827,4489,16,4473,45000,43295,43309,381,381,1691
265,26427384,26427401,26431806,4422,17,4405,45000,43309,43322,381,381,1678
266,26527430,26527447,26531803,4373,17,4356,45000,43322,43336,381,381,1664
267,26627477,26627493,26631810,4333,16,4317,45000,43336,43349,380,380,1651
268,26727523,26727540,26731812,4289,17,4272,45000,43349,43362,380,380,1638
269,26827570,26827586,26831817,4247,16,4231,45000,43362,43375,379,379,1625
270,26927616,26927633,26931805,4189,17,4172,45000,43375,43387,379,379,1613
271,27027662,27027679,27031806,4144,17,4127,45000,43387,43400,379,379,1600
272,27127708,27127725,27131810,4102,17,4085,45000,43400,43412,378,378,1588
273,27227755,27227772,27231816,4061,17,4044,45000,43412,43424,378,378,1576
274,27327801,27327818,27331803,4002,17,3985,45000,43424,43436,378,378,1564
275,27427847,27427864,27431813,3966,17,3949,45000,43436,43448,378,378,1552
276,27527893,27527910,27531807,3914,17,3897,45000,43448,43460,377,377,1540
277,27627939,27627956,27631804,3865,17,3848,45000,43460,43472,377,377,1528
278,27727986,27728002,27731800,3814,16,3798,45000,43472,43484,377,377,1516
279,27828032,27828049,27831818,3786,17,3769,45000,43484,43495,376,376,1505
280,27928078,27928095,27931813,3735,17,3718,45000,43495,43506,376,376,1494
281,28028124,28028140,28031819,3695,16,3679,45000,43506,43517,376,376,1483
282,28128171,28128188,28131807,3636,17,3619,45000,43517,43528,375,375,1472
283,28228216,28228233,28231799,3583,17,3566,45000,43528,43539,375,375,1461
284,28328262,28328279,28331821,3559,17,3542,45000,43539,43550,375,375,1450
285,28428329,28428346,28431824,3495,17,3478,45000,43550,43561,374,374,1439
286,28528375,28528391,28531810,3435,16,3419,45000,43561,43571,374,374,1429
287,28628421,28628438,28631804,3383,17,3366,45000,43571,43582,374,374,1418
288,28728467,28728484,28731805,3338,17,3321,45000,43582,43592,374,374,1408
289,28828513,28828529,28831829,3316,16,3300,45000,43592,43602,373,373,1398
290,28928559,28928576,28931809,3250,17,3233,45000,43602,43612,373,373,1388
291,29028605,29028622,29031800,3195,17,3178,45000,43612,43622,373,373,1378
292,29128651,29128668,29131821,3170,17,3153,45000,43622,43632,373,373,1368
293,29228698,29228715,29231808,3110,17,3093,45000,43632,43642,372,372,1358
294,29328744,29328761,29331801,3057,17,3040,45000,43642,43651,372,372,1349
295,29428791,29428808,29431805,3014,17,2997,45000,43651,43661,372,372,1339
296,29528837,29528853,29531809,2972,16,2956,45000,43661,43670,371,371,1330
297,29628883,29628900,29631804,2921,17,2904,45000,43670,43679,371,371,1321
298,29728929,29728946,29731812,2883,17,2866,45000,43679,43688,371,371,1312
299,29828975,29828992,29831810,2835,17,2818,45000,43688,43698,371,371,1302
300,29929022,29929039,29934559,5537,17,5520,45000,43698,43706,370,370,1294
301,30029071,30029088,30032707,3636,17,3619,45000,43706,43715,370,370,1285
302,30129116,30129133,30132771,3655,17,3638,45000,43715,43724,370,370,1276
303,30229161,30229178,30232744,3583,17,3566,45000,43724,43733,370,370,1267
304,30329206,30329223,30332747,3541,17,3524,45000,43733,43741,370,370,1259
305,30429252,30429269,30432742,3490,17,3473,45000,43741,43750,370,370,1250
306,30529297,30529314,30532751,3454,17,3437,45000,43750,43758,369,369,1242
307,30629343,30629360,30632746,3403,17,3386,45000,43758,43766,369,369,1234
308,30729388,30729405,30732744,3356,17,3339,45000,43766,43775,369,369,1225
309,30829435,30829452,30832760,3325,17,3308,45000,43775,43783,368,368,1217
310,30929496,30929513,30932762,3266,17,3249,45000,43783,43791,368,368,1209
311,31029542,31029559,31032759,3217,17,3200,45000,43791,43798,368,368,1202
312,31129587,31129604,31132749,3162,17,3145,45000,43798,43806,368,368,1194
313,31229633,31229650,31232747,3114,17,3097,45000,43806,43814,368,368,1186
314,31329679,31329695,31332742,3063,16,3047,45000,43814,43822,367,367,1178
315,31429725,31429741,31432756,3031,16,3015,45000,43822,43829,367,367,1171
316,31529771,31529787,31532748,2977,16,2961,45000,43829,43837,367,367,1163
317,31629817,31629833,31632750,2933,16,2917,45000,43837,43844,367,367,1156
318,31729862,31729879,31732744,2882,17,2865,45000,43844,43851,367,367,1149
319,31829907,31829924,31832745,2838,17,2821,45000,43851,43859,367,367,1141
320,31929953,31929970,31931766,1813,17,1796,45000,43859,43866,366,366,1134
321,32029998,32030014,32031875,1877,16,1861,45000,43866,43873,366,366,1127
322,32130043,32130060,32141786,11743,17,11726,45000,43873,43880,366,366,1120
323,32230101,32230118,32241822,11721,17,11704,45000,43880,43887,366,366,1113
324,32330147,32330165,32341823,11676,18,11658,45000,43887,43894,366,366,1106
325,32430194,32430211,32441830,11636,17,11619,45000,43894,43900,365,365,1100
326,32530241,32530257,32541825,11584,16,11568,45000,43900,43907,365,365,1093
327,32630286,32630303,32641833,11547,17,11530,45000,43907,43913,365,365,1087
328,32730333,32730350,32741825,11492,17,11475,45000,43913,43920,365,365,1080
329,32830379,32830396,32841811,11432,17,11415,45000,43920,43926,365,365,1074
330,32930426,32930443,32941831,11405,17,11388,45000,43926,43933,365,365,1067
331,33030474,33030491,33041806,11332,17,11315,45000,43933,43939,364,364,1061
332,33130520,33130537,33141814,11294,17,11277,45000,43939,43945,364,364,1055
333,33230567,33230584,33241807,11240,17,11223,45000,43945,43951,364,364,1049
334,33330614,33330630,33341808,11194,16,11178,45000,43951,43958,364,364,1042
335,33430660,33430677,33441804,11144,17,11127,45000,43958,43963,363,363,1037
336,33530707,33530723,33541812,11105,16,11089,45000,43963,43969,364,364,1031
337,33630754,33630771,33641835,11081,17,11064,45000,43969,43975,363,363,1025
338,33730801,33730818,33741830,11029,17,11012,45000,43975,43981,363,363,1019
339,33830847,33830864,33841832,10985,17,10968,45000,43981,43987,363,363,1013
340,33930894,33930911,33941811,10917,17,10900,45000,43987,43992,363,363,1008
341,34030941,34030957,34041813,10872,16,10856,45000,43992,43998,363,363,1002
342,34130988,34131005,34141802,10814,17,10797,45000,43998,44004,363,363,996
343,34231036,34231053,34241816,10780,17,10763,45000,44004,44009,362,362,991
344,34331085,34331102,34341820,10735,17,10718,45000,44009,44014,362,362,986
345,34431132,34431149,34441806,10674,17,10657,45000,44014,44020,362,362,980
346,34531180,34531197,34541812,10632,17,10615,45000,44020,44025,362,362,975
347,34631229,34631245,34641810,10581,16,10565,45000,44025,44030,362,362,970
348,34731277,34731294,34741806,10529,17,10512,45000,44030,44035,362,362,965
349,34831324,34831341,34841815,10491,17,10474,45000,44035,44041,362,362,959
350,34931372,34931389,34941804,10432,17,10415,45000,44041,44046,361,361,954
351,35031419,35031436,35041808,10389,17,10372,45000,44046,44050,361,361,950
352,35131468,35131485,35141806,10338,17,10321,45000,44050,44055,361,361,945
353,35231515,35231532,35241811,10296,17,10279,45000,44055,44060,361,361,940
354,35331564,35331581,35341813,10249,17,10232,45000,44060,44065,361,361,935
355,35431612,35431629,35441814,10202,17,10185,45000,44065,44070,361,361,930
356,35531659,35531676,35541806,10147,17,10130,45000,44070,44075,361,361,925
357,35631707,35631724,35641816,10109,17,10092,45000,44075,44079,361,361,921
358,35731756,35731773,35741810,10054,17,10037,45000,44079,44084,361,361,916
359,35831804,35831821,35841802,9998,17,9981,45000,44084,44089,360,360,911
360,35931852,35931869,35941798,9946,17,9929,45000,44089,44093,360,360,907
361,36031900,36031917,36041820,9920,17,9903,45000,44093,44098,360,360,902
362,36131949,36131965,36141808,9859,16,9843,45000,44098,44102,360,360,898
363,36231997,36232014,36241801,9804,17,9787,45000,44102,44106,360,360,894
364,36332045,36332079,36341821,9776,34,9742,45000,44106,44111,360,360,889
365,36432093,36432130,36441839,9746,37,9709,45000,44111,44115,359,359,885
366,36532150,36532167,36541827,9677,17,9660,45000,44115,44119,359,359,881
367,36632197,36632214,36641813,9616,17,9599,45000,44119,44123,359,359,877
368,36732245,36732262,36741816,9571,17,9554,45000,44123,44127,359,359,873
369,36832292,36832309,36841806,9514,17,9497,45000,44127,44131,359,359,869
370,36932340,36932356,36941812,9472,16,9456,45000,44131,44135,359,359,865
371,37032388,37032405,37041818,9430,17,9413,45000,44135,44139,359,359,861
372,37132435,37132452,37141805,9370,17,9353,45000,44139,44143,359,359,857
373,37232482,37232499,37241799,9317,17,9300,45000,44143,44147,359,359,853
374,37332530,37332546,37341817,9287,16,9271,45000,44147,44151,359,359,849
375,37432578,37432595,37441811,9233,17,9216,45000,44151,44155,359,359,845
376,37532625,37532642,37541818,9193,17,9176,45000,44155,44158,358,358,842
377,37632674,37632690,37641805,9131,16,9115,45000,44158,44162,358,358,838
378,37732720,37732737,37741806,9086,17,9069,45000,44162,44166,358,358,834
379,37832769,37832785,37841809,9040,16,9024,45000,44166,44169,358,358,831
380,37932816,37932833,37941804,8988,17,8971,45000,44169,44173,358,358,827
381,38032864,38032880,38041810,8946,16,8930,45000,44173,44176,358,358,824
382,38132912,38132929,38141808,8896,17,8879,45000,44176,44180,358,358,820
383,38232959,38232975,38241802,8843,16,8827,45000,44180,44183,358,358,817
384,38333007,38333023,38341799,8792,16,8776,45000,44183,44187,358,358,813
385,38433054,38433071,38441822,8768,17,8751,45000,44187,44190,357,357,810
386,38533103,38533120,38541808,8705,17,8688,45000,44190,44193,357,357,807
387,38633149,38633166,38641801,8652,17,8635,45000,44193,44196,357,357,804
388,38733198,38733214,38741807,8609,16,8593,45000,44196,44200,357,357,800
389,38833246,38833263,38841816,8570,17,8553,45000,44200,44203,357,357,797
390,38933293,38933309,38941805,8512,16,8496,45000,44203,44206,357,357,794
391,39033340,39033357,39041808,8468,17,8451,45000,44206,44209,357,357,791
392,39133388,39133404,39141841,8453,16,8437,45000,44209,44212,357,357,788
393,39233437,39233453,39241842,8405,16,8389,45000,44212,44215,357,357,785
394,39333483,39333500,39341827,8344,17,8327,45000,44215,44218,357,357,782
395,39433531,39433547,39441816,8285,16,8269,45000,44218,44221,357,357,779
396,39533578,39533594,39541803,8225,16,8209,45000,44221,44224,357,357,776
397,39633625,39633642,39641799,8174,17,8157,45000,44224,44228,357,357,772
398,39733674,39733690,39741812,8138,16,8122,45000,44228,44230,356,356,770
399,39833721,39833738,39841816,8095,17,8078,45000,44230,44233,357,357,767
400,39933768,39933785,39944552,10784,17,10767,45000,44233,44236,356,356,764
401,40033819,40033836,40041758,7939,17,7922,45000,44236,44239,356,356,761
402,40133867,40133884,40141830,7963,17,7946,45000,44239,44242,356,356,758
403,40233915,40233932,40241805,7890,17,7873,45000,44242,44244,356,356,756
404,40333962,40333979,40341801,7839,17,7822,45000,44244,44247,356,356,753
405,40434009,40434026,40441827,7818,17,7801,45000,44247,44250,356,356,750
406,40534074,40534091,40541814,7740,17,7723,45000,44250,44252,356,356,748
407,40634122,40634139,40641807,7685,17,7668,45000,44252,44255,356,356,745
408,40734169,40734186,40741805,7636,17,7619,45000,44255,44258,356,356,742
409,40834216,40834233,40841811,7595,17,7578,45000,44258,44260,356,356,740
410,40934264,40934281,40941807,7543,17,7526,45000,44260,44263,356,356,737
411,41034311,41034328,41041802,7491,17,7474,45000,44263,44265,355,355,735
412,41134358,41134375,41141797,7439,17,7422,45000,44265,44268,355,355,732
413,41234406,41234423,41241819,7413,17,7396,45000,44268,44270,355,355,730
414,41334454,41334471,41341806,7352,17,7335,45000,44270,44272,355,355,728
415,41434502,41434519,41441799,7297,17,7280,45000,44272,44275,355,355,725
416,41534549,41534566,41541820,7271,17,7254,45000,44275,44277,355,355,723
417,41634598,41634614,41641808,7210,16,7194,45000,44277,44279,355,355,721
418,41734645,41734662,41741811,7166,17,7149,45000,44279,44281,355,355,719
419,41834693,41834709,41841818,7125,16,7109,45000,44281,44284,355,355,716
420,41934741,41934757,41941847,7106,16,7090,45000,44284,44286,355,355,714
421,42034807,42034823,42041835,7028,16,7012,45000,44286,44288,355,355,712
422,42134853,42134870,42141811,6958,17,6941,45000,44288,44291,355,355,709
423,42234901,42234917,42241806,6905,16,6889,45000,44291,44293,355,355,707
424,42334948,42334965,42341812,6864,17,6847,45000,44293,44295,355,355,705
425,42434996,42435012,42441808,6812,16,6796,45000,44295,44297,355,355,703
426,42535043,42535060,42541809,6766,17,6749,45000,44297,44299,355,355,701
427,42635091,42635108,42641803,6712,17,6695,45000,44299,44302,355,355,698
428,42735137,42735154,42741801,6664,17,6647,45000,44302,44304,354,354,696
429,42835185,42835201,42841817,6632,16,6616,45000,44304,44305,354,354,695
430,42935233,42935250,42941805,6572,17,6555,45000,44305,44308,355,355,692
431,43035280,43035297,43041804,6524,17,6507,45000,44308,44310,354,354,690
432,43135327,43135344,43141819,6492,17,6475,45000,44310,44311,354,354,689
433,43235375,43235392,43241812,6437,17,6420,45000,44311,44313,354,354,687
434,43335423,43335440,43341818,6395,17,6378,45000,44313,44315,354,354,685
435,43435471,43435488,43441805,6334,17,6317,45000,44315,44317,354,354,683
436,43535518,43535535,43541821,6303,17,6286,45000,44317,44319,354,354,681
437,43635567,43635583,43641815,6248,16,6232,45000,44319,44321,354,354,679
438,43735613,43735630,43741810,6197,17,6180,45000,44321,44323,354,354,677
439,43835660,43835677,43841805,6145,17,6128,45000,44323,44324,354,354,676
440,43935708,43935725,43941802,6094,17,6077,45000,44324,44326,354,354,674
441,44035756,44035772,44041821,6065,16,6049,45000,44326,44328,354,354,672
442,44135804,44135821,44141816,6012,17,5995,45000,44328,44330,354,354,670
443,44235851,44235868,44241820,5969,17,5952,45000,44330,44332,354,354,668
444,44335899,44335916,44341808,5909,17,5892,45000,44332,44333,354,354,667
445,44435946,44435963,44441804,5858,17,5841,45000,44333,44335,354,354,665
446,44535992,44536009,44541793,5801,17,5784,45000,44335,44337,354,354,663
447,44636039,44636056,44641827,5788,17,5771,45000,44337,44339,354,354,661
448,44736106,44736123,44741813,5707,17,5690,45000,44339,44340,353,353,660
449,44836153,44836169,44841806,5653,16,5637,45000,44340,44342,354,354,658
450,44936201,44936217,44941808,5607,16,5591,45000,44342,44343,353,353,657
451,45036248,45036265,45041814,5566,17,5549,45000,44343,44345,353,353,655
452,45136296,45136313,45141801,5505,17,5488,45000,44345,44346,353,353,654
453,45236343,45236360,45241821,5478,17,5461,45000,44346,44348,353,353,652
454,45336393,45336410,45341810,5417,17,5400,45000,44348,44349,353,353,651
455,45436441,45436458,45441795,5354,17,5337,45000,44349,44351,353,353,649
456,45536488,45536505,45541810,5322,17,5305,45000,44351,44352,353,353,648
457,45636536,45636553,45641817,5281,17,5264,45000,44352,44354,353,353,646
458,45736584,45736601,45741803,5219,17,5202,45000,44354,44355,353,353,645
459,45836631,45836648,45841803,5172,17,5155,45000,44355,44356,353,353,644
460,45936678,45936695,45941818,5140,17,5123,45000,44356,44358,353,353,642
461,46036727,46036744,46041807,5080,17,5063,45000,44358,44359,353,353,641
462,46136773,46136790,46141811,5038,17,5021,45000,44359,44361,353,353,639
463,46236822,46236838,46241807,4985,16,4969,45000,44361,44362,353,353,638
464,46336869,46336886,46341809,4940,17,4923,45000,44362,44363,353,353,637
465,46436917,46436933,46441803,4886,16,4870,45000,44363,44365,353,353,635
466,46536964,46536981,46541798,4834,17,4817,45000,44365,44366,353,353,634
467,46637012,46637028,46641834,4822,16,4806,45000,44366,44368,353,353,632
468,46737080,46737097,46741837,4757,17,4740,45000,44368,44369,353,353,631
469,46837128,46837145,46841823,4695,17,4678,45000,44369,44370,353,353,630
470,46937176,46937193,46941809,4633,17,4616,45000,44370,44372,353,353,628
471,47037224,47037240,47041804,4580,16,4564,45000,44372,44373,353,353,627
472,47137286,47137303,47141798,4512,17,4495,45000,44373,44374,353,353,626
473,47237317,47237334,47241816,4499,17,4482,45000,44374,44376,353,353,624
474,47337364,47337381,47341811,4447,17,4430,45000,44376,44377,352,352,623
475,47437410,47437427,47441818,4408,17,4391,45000,44377,44378,352,352,622
476,47537456,47537473,47541804,4348,17,4331,45000,44378,44379,352,352,621
477,47637502,47637519,47641806,4304,17,4287,45000,44379,44380,352,352,620
478,47737548,47737565,47741804,4256,17,4239,45000,44380,44381,352,352,619
479,47837595,47837612,47841801,4206,17,4189,45000,44381,44382,352,352,618
480,47937642,47937658,47941819,4177,16,4161,45000,44382,44383,352,352,617
481,48037689,48037705,48041812,4123,16,4107,45000,44383,44384,352,352,616
482,48137735,48137752,48141814,4079,17,4062,45000,44384,44385,352,352,615
483,48237781,48237798,48241803,4022,17,4005,45000,44385,44386,352,352,614
484,48337828,48337845,48341811,3983,17,3966,45000,44386,44387,352,352,613
485,48437875,48437892,48441806,3931,17,3914,45000,44387,44388,352,352,612
486,48537921,48537938,48541800,3879,17,3862,45000,44388,44389,352,352,611
487,48637968,48637985,48641808,3840,17,3823,45000,44389,44390,352,352,610
488,48738014,48738031,48741818,3804,17,3787,45000,44390,44391,352,352,609
489,48838060,48838077,48841804,3744,17,3727,45000,44391,44392,352,352,608
490,48938106,48938124,48941802,3696,18,3678,45000,44392,44393,352,352,607
491,49038152,49038169,49041821,3669,17,3652,45000,44393,44394,352,352,606
492,49138199,49138216,49141809,3610,17,3593,45000,44394,44395,352,352,605
493,49238245,49238262,49241803,3558,17,3541,45000,44395,44396,352,352,604
494,49338292,49338309,49341820,3528,17,3511,45000,44396,44397,352,352,603
495,49438338,49438354,49441838,3500,16,3484,45000,44397,44398,352,352,602
496,49538384,49538401,49541827,3443,17,3426,45000,44398,44399,352,352,601
497,49638431,49638448,49641820,3389,17,3372,45000,44399,44400,352,352,600
498,49738477,49738494,49741807,3330,17,3313,45000,44400,44401,352,352,599
499,49838524,49838541,49841801,3277,17,3260,45000,44401,44402,352,352,598
500,49938570,49938587,49944554,5984,17,5967,45000,44402,44403,352,352,597
501,50038620,50038636,50041762,3142,16,3126,45000,44403,44404,352,352,596
502,50138666,50138682,50141808,3142,16,3126,45000,44404,44405,352,352,595
503,50238714,50238731,50241812,3098,17,3081,45000,44405,44406,352,352,594
504,50338760,50338777,50341810,3050,17,3033,45000,44406,44407,352,352,593
505,50438806,50438823,50441820,3014,17,2997,45000,44407,44408,352,352,592
506,50538872,50538889,50541807,2935,17,2918,45000,44408,44408,352,352,592
507,50638918,50638935,50641800,2882,17,2865,45000,44408,44409,352,352,591
508,50738965,50738982,50741817,2852,17,2835,45000,44409,44410,352,352,590
509,50839012,50839028,50841988,2976,16,2960,45000,44410,44411,352,352,589
510,50939057,50939074,50942067,3010,17,2993,45000,44411,44412,352,352,588
511,51039102,51039119,51042141,3039,17,3022,45000,44412,44413,352,352,587
512,51139166,51139183,51142189,3023,17,3006,45000,44413,44414,352,352,586
513,51239212,51239229,51242270,3058,17,3041,45000,44414,44415,352,352,585
514,51339257,51339274,51342339,3082,17,3065,45000,44415,44416,351,351,584
515,51439302,51439319,51442409,3107,17,3090,45000,44416,44416,351,351,584
516,51539348,51539365,51542475,3127,17,3110,45000,44416,44417,352,352,583
517,51639408,51639425,51642553,3145,17,3128,45000,44417,44418,351,351,582
518,51739454,51739471,51742610,3156,17,3139,45000,44418,44418,351,351,582
519,51839501,51839517,51842675,3174,16,3158,45000,44418,44419,351,351,581
520,51939566,51939583,51942734,3168,17,3151,45000,44419,44419,351,351,581
521,52039613,52039630,52042741,3128,17,3111,45000,44419,44420,351,351,580
522,52139658,52139675,52142767,3109,17,3092,45000,44420,44421,351,351,579
523,52239723,52239740,52242762,3039,17,3022,45000,44421,44421,351,351,579
524,52339767,52339784,52342760,2993,17,2976,45000,44421,44422,351,351,578
525,52439813,52439830,52442745,2932,17,2915,45000,44422,44422,351,351,578
526,52539859,52539876,52542744,2885,17,2868,45000,44422,44423,351,351,577
527,52639905,52639921,52642748,2843,16,2827,45000,44423,44424,351,351,576
528,52739950,52739967,52741767,1817,17,1800,45000,44424,44424,351,351,576
529,52839996,52840013,52841874,1878,17,1861,45000,44424,44425,351,351,575
530,52940042,52940058,52951787,11745,16,11729,45000,44425,44425,351,351,575
531,53040099,53040116,53051821,11722,17,11705,45000,44425,44426,351,351,574
532,53140146,53140163,53151827,11681,17,11664,45000,44426,44427,351,351,573
533,53240192,53240209,53251826,11634,17,11617,45000,44427,44427,351,351,573
534,53340239,53340256,53351822,11583,17,11566,45000,44427,44428,351,351,572
535,53440286,53440302,53451817,11531,16,11515,45000,44428,44428,351,351,572
536,53540332,53540349,53551828,11496,17,11479,45000,44428,44429,351,351,571
537,53640379,53640396,53651832,11453,17,11436,45000,44429,44429,351,351,571
538,53740426,53740443,53751823,11397,17,11380,45000,44429,44430,351,351,570
539,53840472,53840488,53851809,11337,16,11321,45000,44430,44431,351,351,569
540,53940535,53940552,53951814,11279,17,11262,45000,44431,44431,351,351,569
541,54040582,54040599,54051802,11220,17,11203,45000,44431,44432,351,351,568
542,54140628,54140645,54151808,11180,17,11163,45000,44432,44432,351,351,568
543,54240675,54240692,54251816,11141,17,11124,45000,44432,44433,351,351,567
544,54340722,54340738,54351804,11082,16,11066,45000,44433,44433,351,351,567
545,54440768,54440785,54451803,11035,17,11018,45000,44433,44434,351,351,566
546,54540815,54540832,54551821,11006,17,10989,45000,44434,44434,351,351,566
547,54640861,54640878,54651809,10948,17,10931,45000,44434,44435,351,351,565
548,54740907,54740924,54751812,10905,17,10888,45000,44435,44435,351,351,565
549,54840954,54840971,54851818,10864,17,10847,45000,44435,44436,351,351,564
550,54941002,54941019,54951845,10843,17,10826,45000,44436,44437,351,351,563
551,55041067,55041084,55051833,10766,17,10749,45000,44437,44437,351,351,563
552,55141114,55141131,55151814,10700,17,10683,45000,44437,44438,351,351,562
553,55241162,55241179,55251819,10657,17,10640,45000,44438,44438,351,351,562
554,55341210,55341227,55351804,10594,17,10577,45000,44438,44439,351,351,561
555,55441258,55441275,55451810,10552,17,10535,45000,44439,44439,351,351,561
556,55541306,55541323,55551817,10511,17,10494,45000,44439,44440,351,351,560
557,55641354,55641371,55651804,10450,17,10433,45000,44440,44440,351,351,560
558,55741402,55741419,55751796,10394,17,10377,45000,44440,44441,351,351,559
559,55841450,55841467,55851813,10363,17,10346,45000,44441,44441,351,351,559
560,55941498,55941515,55951808,10310,17,10293,45000,44441,44442,351,351,558
561,56041546,56041563,56051805,10259,17,10242,45000,44442,44442,351,351,558
562,56141594,56141611,56151822,10228,17,10211,45000,44442,44443,351,351,557
563,56241642,56241659,56251815,10173,17,10156,45000,44443,44443,351,351,557
564,56341690,56341707,56351809,10119,17,10102,45000,44443,44444,351,351,556
565,56441738,56441754,56451815,10077,16,10061,45000,44444,44444,351,351,556
566,56541786,56541803,56551807,10021,17,10004,45000,44444,44445,351,351,555
567,56641835,56641851,56651802,9967,16,9951,45000,44445,44445,351,351,555
568,56741883,56741899,56751807,9924,16,9908,45000,44445,44446,351,351,554
569,56841931,56841948,56851812,9881,17,9864,45000,44446,44446,351,351,554
570,56941979,56941996,56951805,9826,17,9809,45000,44446,44447,351,351,553
571,57042027,57042043,57051806,9779,16,9763,45000,44447,44447,351,351,553
572,57142092,57142109,57151800,9708,17,9691,45000,44447,44448,351,351,552
573,57242130,57242147,57251819,9689,17,9672,45000,44448,44448,351,351,552
574,57342181,57342198,57351809,9628,17,9611,45000,44448,44449,351,351,551
575,57442228,57442245,57451802,9574,17,9557,45000,44449,44449,350,350,551
576,57542275,57542292,57551811,9536,17,9519,45000,44449,44449,351,351,551
577,57642323,57642340,57651841,9518,17,9501,45000,44449,44450,351,351,550
578,57742372,57742389,57751836,9464,17,9447,45000,44450,44450,350,350,550
579,57842419,57842436,57851833,9414,17,9397,45000,44450,44451,351,351,549
580,57942467,57942484,57951808,9341,17,9324,45000,44451,44451,350,350,549
581,58042515,58042532,58051816,9301,17,9284,45000,44451,44451,351,351,549
582,58142562,58142579,58151803,9241,17,9224,45000,44451,44452,351,351,548
583,58242609,58242626,58251811,9202,17,9185,45000,44452,44452,350,350,548
584,58342657,58342674,58351816,9159,17,9142,45000,44452,44452,350,350,548
585,58442705,58442722,58451802,9097,17,9080,45000,44452,44452,350,350,548
586,58542752,58542769,58551819,9067,17,9050,45000,44452,44453,350,350,547
587,58642800,58642817,58651811,9011,17,8994,45000,44453,44453,350,350,547
588,58742847,58742864,58751803,8956,17,8939,45000,44453,44453,350,350,547
589,58842894,58842911,58851800,8906,17,8889,45000,44453,44453,350,350,547
590,58942942,58942959,58951820,8878,17,8861,45000,44453,44453,350,350,547
591,59042991,59043007,59051807,8816,16,8800,45000,44453,44453,350,350,547
592,59143037,59143054,59151804,8767,17,8750,45000,44453,44454,350,350,546
593,59243085,59243102,59251822,8737,17,8720,45000,44454,44454,350,350,546
594,59343133,59343150,59351816,8683,17,8666,45000,44454,44454,350,350,546
595,59443180,59443197,59451811,8631,17,8614,45000,44454,44454,350,350,546
596,59543227,59543244,59551806,8579,17,8562,45000,44454,44454,350,350,546
597,59643275,59643292,59651804,8529,17,8512,45000,44454,44455,350,350,545
598,59743322,59743339,59751809,8487,17,8470,45000,44455,44455,350,350,545
599,59843370,59843387,59851817,8447,17,8430,45000,44455,44455,350,350,545
600,59943417,59943434,59954566,11149,17,11132,45000,44455,44455,350,350,545
601,60043467,60043484,60051764,8297,17,8280,65000,44455,44637,1000,1000,20363
602,60143515,60143531,60151808,8293,16,8277,65000,44637,44819,1000,1000,20181
603,60243565,60243581,60251803,8238,16,8222,65000,44819,44999,1000,1000,20001
604,60343612,60343629,60351826,8214,17,8197,65000,44999,45179,1000,1000,19821
605,60443660,60443677,60451809,8149,17,8132,65000,45179,45359,1000,1000,19641
606,60543707,60543724,60551797,8090,17,8073,65000,45359,45537,1000,1000,19463
607,60643755,60643771,60651811,8056,16,8040,65000,45537,45715,1000,1000,19285
608,60743803,60743820,60751815,8012,17,7995,65000,45715,45892,1000,1000,19108
609,60843851,60843868,60851803,7952,17,7935,65000,45892,46069,1000,1000,18931
610,60943899,60943916,60951818,7919,17,7902,65000,46069,46244,1000,1000,18756
611,61043948,61043964,61051811,7863,16,7847,65000,46244,46419,1000,1000,18581
612,61143995,61144012,61151801,7806,17,7789,65000,46419,46594,1000,1000,18406
613,61244043,61244060,61251800,7757,17,7740,65000,46594,46767,1000,1000,18233
614,61344091,61344108,61351821,7730,17,7713,65000,46767,46940,1000,1000,18060
615,61444138,61444155,61451808,7670,17,7653,65000,46940,47113,1000,1000,17887
616,61544186,61544203,61551801,7615,17,7598,65000,47113,47284,1000,1000,17716
617,61644233,61644250,61651808,7575,17,7558,65000,47284,47455,1000,1000,17545
618,61744281,61744298,61751810,7529,17,7512,65000,47455,47625,1000,1000,17375
619,61844328,61844344,61851816,7488,16,7472,65000,47625,47795,1000,1000,17205
620,61944375,61944391,61951804,7429,16,7413,65000,47795,47964,1000,1000,17036
621,62044422,62044439,62051811,7389,17,7372,65000,47964,48132,1000,1000,16868
622,62144470,62144487,62151807,7337,17,7320,65000,48132,48299,1000,1000,16701
623,62244517,62244534,62251811,7294,17,7277,65000,48299,48466,1000,1000,16534
624,62344565,62344582,62351814,7249,17,7232,65000,48466,48632,1000,1000,16368
625,62444612,62444629,62451830,7218,17,7201,65000,48632,48798,1000,1000,16202
626,62544680,62544697,62551834,7154,17,7137,65000,48798,48962,1000,1000,16038
627,62644729,62644745,62651811,7082,16,7066,65000,48962,49127,1000,1000,15873
628,62744776,62744793,62751806,7030,17,7013,65000,49127,49290,1000,1000,15710
629,62844824,62844841,62851803,6979,17,6962,65000,49290,49453,1000,1000,15547
630,62944872,62944889,62951823,6951,17,6934,65000,49453,49615,1000,1000,15385
631,63044920,63044937,63051812,6892,17,6875,65000,49615,49776,997,997,15224
632,63144967,63144984,63151806,6839,17,6822,65000,49776,49935,993,993,15065
633,63245015,63245032,63251815,6800,17,6783,65000,49935,50092,989,989,14908
634,63345064,63345081,63351802,6738,17,6721,65000,50092,50247,984,984,14753
635,63445111,63445128,63451809,6698,17,6681,65000,50247,50400,980,980,14600
636,63545159,63545176,63551815,6656,17,6639,65000,50400,50552,976,976,14448
637,63645206,63645223,63651802,6596,17,6579,65000,50552,50702,972,972,14298
638,63745254,63745271,63751812,6558,17,6541,65000,50702,50850,968,968,14150
639,63845302,63845319,63851806,6504,17,6487,65000,50850,50997,964,964,14003
640,63945350,63945366,63951799,6449,16,6433,65000,50997,51142,960,960,13858
641,64045397,64045414,64051817,6420,17,6403,65000,51142,51285,956,956,13715
642,64145446,64145463,64151811,6365,17,6348,65000,51285,51426,953,953,13574
643,64245493,64245510,64251803,6310,17,6293,65000,51426,51566,949,949,13434
644,64345541,64345558,64351797,6256,17,6239,65000,51566,51705,945,945,13295
645,64445588,64445605,64451812,6224,17,6207,65000,51705,51841,941,941,13159
646,64545637,64545654,64551816,6179,17,6162,65000,51841,51977,938,938,13023
647,64645684,64645701,64651804,6120,17,6103,65000,51977,52110,934,934,12890
648,64745732,64745748,64751817,6085,16,6069,65000,52110,52243,931,931,12757
649,64845781,64845797,64851809,6028,16,6012,65000,52243,52373,927,927,12627
650,64945827,64945844,64951803,5976,17,5959,65000,52373,52502,924,924,12498
651,65045875,65045892,65051813,5938,17,5921,65000,52502,52630,920,920,12370
652,65145923,65145939,65151837,5914,16,5898,65000,52630,52756,917,917,12244
653,65245971,65245988,65251840,5869,17,5852,65000,52756,52881,914,914,12119
654,65346017,65346034,65351826,5809,17,5792,65000,52881,53004,910,910,11996
655,65446065,65446082,65451815,5750,17,5733,65000,53004,53126,907,907,11874
656,65546113,65546129,65551804,5691,16,5675,65000,53126,53247,904,904,11753
657,65646159,65646176,65651800,5641,17,5624,65000,53247,53366,900,900,11634
658,65746206,65746223,65751822,5616,17,5599,65000,53366,53484,897,897,11516
659,65846255,65846272,65851810,5555,17,5538,65000,53484,53600,894,894,11400
660,65946302,65946319,65951806,5504,17,5487,65000,53600,53715,891,891,11285
661,66046350,66046367,66051792,5442,17,5425,65000,53715,53829,888,888,11171
662,66146396,66146413,66151814,5418,17,5401,65000,53829,53941,885,885,11059
663,66246444,66246461,66251808,5364,17,5347,65000,53941,54053,882,882,10947
664,66346491,66346508,66351803,5312,17,5295,65000,54053,54162,879,879,10838
665,66446538,66446555,66451801,5263,17,5246,65000,54162,54271,876,876,10729
666,66546586,66546603,66551819,5233,17,5216,65000,54271,54378,873,873,10622
667,66646635,66646652,66651806,5171,17,5154,65000,54378,54485,870,870,10515
668,66746682,66746698,66751799,5117,16,5101,65000,54485,54589,867,867,10411
669,66846729,66846746,66851813,5084,17,5067,65000,54589,54693,865,865,10307
670,66946777,66946794,66951808,5031,17,5014,65000,54693,54796,862,862,10204
671,67046825,67046841,67051800,4975,16,4959,65000,54796,54897,859,859,10103
672,67146872,67146889,67151808,4936,17,4919,65000,54897,54998,857,857,10002
673,67246920,67246937,67251815,4895,17,4878,65000,54998,55097,854,854,9903
674,67346967,67346984,67351806,4839,17,4822,65000,55097,55195,851,851,9805
675,67447015,67447032,67451812,4797,17,4780,65000,55195,55291,849,849,9709
676,67547063,67547080,67551809,4746,17,4729,65000,55291,55387,846,846,9613
677,67647110,67647127,67651805,4695,17,4678,65000,55387,55482,844,844,9518
678,67747158,67747175,67751802,4644,17,4627,65000,55482,55576,841,841,9424
679,67847206,67847222,67851809,4603,16,4587,65000,55576,55668,838,838,9332
680,67947254,67947290,67951832,4578,36,4542,65000,55668,55759,836,836,9241
681,68047302,68047319,68051829,4527,17,4510,65000,55759,55850,834,834,9150
682,68147348,68147365,68151813,4465,17,4448,65000,55850,55939,831,831,9061
683,68247395,68247412,68251805,4410,17,4393,65000,55939,56027,829,829,8973
684,68347441,68347457,68351800,4359,16,4343,65000,56027,56115,827,827,8885
685,68447488,68447505,68451807,4319,17,4302,65000,56115,56201,824,824,8799
686,68547535,68547551,68551809,4274,16,4258,65000,56201,56286,822,822,8714
687,68647581,68647597,68651804,4223,16,4207,65000,56286,56371,820,820,8629
688,68747627,68747644,68751809,4182,17,4165,65000,56371,56454,817,817,8546
689,68847673,68847690,68851815,4142,17,4125,65000,56454,56537,815,815,8463
690,68947719,68947736,68951809,4090,17,4073,65000,56537,56618,813,813,8382
691,69047766,69047783,69051817,4051,17,4034,65000,56618,56699,811,811,8301
692,69147812,69147829,69151805,3993,17,3976,65000,56699,56778,809,809,8222
693,69247857,69247874,69251819,3962,17,3945,65000,56778,56857,807,807,8143
694,69347904,69347921,69351809,3905,17,3888,65000,56857,56935,804,804,8065
695,69447950,69447967,69451811,3861,17,3844,65000,56935,57012,802,802,7988
696,69547997,69548014,69551804,3807,17,3790,65000,57012,57088,800,800,7912
697,69648043,69648060,69651820,3777,17,3760,65000,57088,57163,798,798,7837
698,69748089,69748106,69751807,3718,17,3701,65000,57163,57237,796,796,7763
699,69848135,69848152,69851799,3664,17,3647,65000,57237,57310,794,794,7690
700,69948181,69948198,69954560,6379,17,6362,65000,57310,57383,792,792,7617
701,70048231,70048248,70051761,3530,17,3513,65000,57383,57455,790,790,7545
702,70148277,70148294,70151804,3527,17,3510,65000,57455,57525,788,788,7475
703,70248327,70248343,70251808,3481,16,3465,65000,57525,57596,787,787,7404
704,70348373,70348390,70351818,3445,17,3428,65000,57596,57665,785,785,7335
705,70448419,70448436,70451808,3389,17,3372,65000,57665,57734,783,783,7266
706,70548466,70548483,70551810,3344,17,3327,65000,57734,57801,781,781,7199
707,70648512,70648529,70651840,3328,17,3311,65000,57801,57868,779,779,7132
708,70748559,70748575,70751835,3276,16,3260,65000,57868,57935,778,778,7065
709,70848605,70848621,70851837,3232,16,3216,65000,57935,58000,776,776,7000
710,70948652,70948669,70951812,3160,17,3143,65000,58000,58065,774,774,6935
711,71048698,71048715,71051813,3115,17,3098,65000,58065,58129,772,772,6871
712,71148745,71148762,71151802,3057,17,3040,65000,58129,58192,771,771,6808
713,71248791,71248808,71251820,3029,17,3012,65000,58192,58255,769,769,6745
714,71348838,71348855,71351807,2969,17,2952,65000,58255,58316,767,767,6684
715,71448884,71448901,71451802,2918,17,2901,65000,58316,58378,766,766,6622
716,71548930,71548947,71551806,2876,17,2859,65000,58378,58438,764,764,6562
717,71648977,71648994,71651812,2835,17,2818,65000,58438,58498,762,762,6502
718,71749023,71749040,71751960,2937,17,2920,65000,58498,58557,761,761,6443
719,71849068,71849085,71852040,2972,17,2955,65000,58557,58615,759,759,6385
720,71949115,71949131,71952120,3005,16,2989,65000,58615,58673,758,758,6327
721,72049160,72049177,72052186,3026,17,3009,65000,58673,58730,756,756,6270
722,72149205,72149221,72152253,3048,16,3032,65000,58730,58786,755,755,6214
723,72249250,72249267,72252300,3050,17,3033,65000,58786,58842,753,753,6158
724,72349316,72349333,72352385,3069,17,3052,65000,58842,58897,752,752,6103
725,72449361,72449377,72452456,3095,16,3079,65000,58897,58952,750,750,6048
726,72549406,72549423,72552518,3112,17,3095,65000,58952,59006,749,749,5994
727,72649455,72649471,72652597,3142,16,3126,65000,59006,59059,747,747,5941
728,72749501,72749518,72752647,3146,17,3129,65000,59059,59111,746,746,5889
729,72849566,72849583,72852712,3146,17,3129,65000,59111,59164,745,745,5836
730,72949632,72949648,72952747,3115,16,3099,65000,59164,59215,743,743,5785
731,73049677,73049694,73052751,3074,17,3057,65000,59215,59266,742,742,5734
732,73149723,73149739,73152745,3022,16,3006,65000,59266,59316,740,740,5684
733,73249768,73249785,73252741,2973,17,2956,65000,59316,59366,739,739,5634
734,73349814,73349831,73352762,2948,17,2931,65000,59366,59415,738,738,5585
735,73449876,73449893,73452769,2893,17,2876,65000,59415,59463,736,736,5537
736,73549921,73549938,73551770,1849,17,1832,65000,59463,59511,735,735,5489
737,73649968,73649984,73651866,1898,16,1882,65000,59511,59559,734,734,5441
738,73750014,73750030,73761800,11786,16,11770,65000,59559,59605,732,732,5395
739,73850062,73850095,73861826,11764,33,11731,65000,59605,59652,731,731,5348
740,73950128,73950144,73961820,11692,16,11676,65000,59652,59697,730,730,5303
741,74050174,74050191,74061832,11658,17,11641,65000,59697,59743,729,729,5257
742,74150221,74150238,74161824,11603,17,11586,65000,59743,59788,728,728,5212
743,74250268,74250285,74261826,11558,17,11541,65000,59788,59832,726,726,5168
744,74350315,74350332,74361830,11515,17,11498,65000,59832,59875,725,725,5125
745,74450362,74450378,74461830,11468,16,11452,65000,59875,59919,724,724,5081
746,74550408,74550425,74561806,11398,17,11381,65000,59919,59961,723,723,5039
747,74650455,74650472,74661807,11352,17,11335,65000,59961,60004,722,722,4996
748,74750502,74750519,74761809,11307,17,11290,65000,60004,60046,721,721,4954
749,74850548,74850565,74861802,11254,17,11237,65000,60046,60087,720,720,4913
750,74950595,74950612,74961800,11205,17,11188,65000,60087,60128,719,719,4872
751,75050641,75050658,75061827,11186,17,11169,65000,60128,60168,717,717,4832
752,75150706,75150723,75161815,11109,17,11092,65000,60168,60208,716,716,4792
753,75250752,75250769,75261808,11056,17,11039,65000,60208,60247,715,715,4753
754,75350799,75350816,75361817,11018,17,11001,65000,60247,60286,714,714,4714
755,75450846,75450863,75461803,10957,17,10940,65000,60286,60325,713,713,4675
756,75550892,75550909,75561822,10930,17,10913,65000,60325,60363,712,712,4637
757,75650939,75650955,75661824,10885,16,10869,65000,60363,60400,711,711,4600
758,75750985,75751002,75761811,10826,17,10809,65000,60400,60438,710,710,4562
759,75851033,75851050,75861805,10772,17,10755,65000,60438,60474,709,709,4526
760,75951081,75951098,75961804,10723,17,10706,65000,60474,60511,708,708,4489
761,76051129,76051146,76061811,10682,17,10665,65000,60511,60547,707,707,4453
762,76151177,76151194,76161822,10645,17,10628,65000,60547,60582,706,706,4418
763,76251225,76251242,76261801,10576,17,10559,65000,60582,60617,705,705,4383
764,76351274,76351290,76361817,10543,16,10527,65000,60617,60652,704,704,4348
765,76451321,76451338,76461809,10488,17,10471,65000,60652,60686,703,703,4314
766,76551369,76551386,76561802,10433,17,10416,65000,60686,60720,703,703,4280
767,76651417,76651434,76661799,10382,17,10365,65000,60720,60754,702,702,4246
768,76751465,76751482,76761810,10345,17,10328,65000,60754,60787,701,701,4213
769,76851514,76851531,76861806,10292,17,10275,65000,60787,60820,700,700,4180
770,76951562,76951578,76961812,10250,16,10234,65000,60820,60852,699,699,4148
771,77051610,77051627,77061808,10198,17,10181,65000,60852,60885,698,698,4115
772,77151657,77151674,77161806,10149,17,10132,65000,60885,60916,697,697,4084
773,77251706,77251722,77261812,10106,16,10090,65000,60916,60948,697,697,4052
774,77351754,77351771,77361799,10045,17,10028,65000,60948,60979,696,696,4021
775,77451802,77451819,77461810,10008,17,9991,65000,60979,61009,695,695,3991
776,77551850,77551867,77561815,9965,17,9948,65000,61009,61040,694,694,3960
777,77651898,77651914,77661801,9903,16,9887,65000,61040,61070,693,693,3930
778,77751946,77751962,77761810,9864,16,9848,65000,61070,61099,692,692,3901
779,77851993,77852010,77861816,9823,17,9806,65000,61099,61128,692,692,3872
780,77952041,77952058,77961803,9762,17,9745,65000,61128,61157,691,691,3843
781,78052104,78052120,78061799,9695,16,9679,65000,61157,61186,690,690,3814
782,78152151,78152167,78161830,9679,16,9663,65000,61186,61214,689,689,3786
783,78252217,78252234,78261825,9608,17,9591,65000,61214,61242,689,689,3758
784,78352264,78352281,78361832,9568,17,9551,65000,61242,61270,688,688,3730
785,78452313,78452329,78461810,9497,16,9481,65000,61270,61297,687,687,3703
786,78552360,78552377,78561805,9445,17,9428,65000,61297,61324,686,686,3676
787,78652408,78652424,78661794,9386,16,9370,65000,61324,61351,686,686,3649
788,78752455,78752472,78761813,9358,17,9341,65000,61351,61377,685,685,3623
789,78852504,78852521,78861818,9314,17,9297,65000,61377,61403,684,684,3597
790,78952552,78952568,78961805,9253,16,9237,65000,61403,61429,683,683,3571
791,79052599,79052616,79061803,9204,17,9187,65000,61429,61454,683,683,3546
792,79152646,79152663,79161819,9173,17,9156,65000,61454,61480,682,682,3520
793,79252695,79252711,79261807,9112,16,9096,65000,61480,61504,681,681,3496
794,79352742,79352758,79361800,9058,16,9042,65000,61504,61529,681,681,3471
795,79452790,79452807,79461809,9019,17,9002,65000,61529,61553,680,680,3447
796,79552837,79552854,79561816,8979,17,8962,65000,61553,61577,680,680,3423
797,79652887,79652904,79661804,8917,17,8900,65000,61577,61601,679,679,3399
798,79752935,79752952,79761798,8863,17,8846,65000,61601,61625,678,678,3375
799,79852982,79852999,79861810,8828,17,8811,65000,61625,61648,677,677,3352
800,79953031,79953048,79964576,11545,17,11528,65000,61648,61671,677,677,3329
801,80053081,80053098,80061754,8673,17,8656,65000,61671,61693,676,676,3307
802,80153129,80153145,80161805,8676,16,8660,65000,61693,61716,676,676,3284
803,80253177,80253194,80261809,8632,17,8615,65000,61716,61738,675,675,3262
804,80353224,80353241,80361811,8587,17,8570,65000,61738,61760,675,675,3240
805,80453273,80453289,80461803,8530,16,8514,65000,61760,61782,674,674,3218
806,80553320,80553337,80561819,8499,17,8482,65000,61782,61803,673,673,3197
807,80653369,80653385,80661805,8436,16,8420,65000,61803,61824,673,673,3176
808,80753416,80753433,80761799,8383,17,8366,65000,61824,61845,672,672,3155
809,80853464,80853481,80861818,8354,17,8337,65000,61845,61866,672,672,3134
810,80953512,80953529,80961836,8324,17,8307,65000,61866,61886,671,671,3114
811,81053559,81053576,81061827,8268,17,8251,65000,61886,61907,671,671,3093
812,81153606,81153623,81161816,8210,17,8193,65000,61907,61927,670,670,3073
813,81253654,81253671,81261805,8151,17,8134,65000,61927,61946,670,670,3054
814,81353701,81353717,81361810,8109,16,8093,65000,61946,61966,669,669,3034
815,81453748,81453765,81461806,8058,17,8041,65000,61966,61985,668,668,3015
816,81553795,81553812,81561810,8015,17,7998,65000,61985,62004,668,668,2996
817,81653843,81653860,81661813,7970,17,7953,65000,62004,62023,668,668,2977
818,81753890,81753907,81761801,7911,17,7894,65000,62023,62042,667,667,2958
819,81853938,81853954,81861799,7861,16,7845,65000,62042,62060,666,666,2940
820,81953985,81954002,81961810,7825,17,7808,65000,62060,62079,666,666,2921
821,82054033,82054049,82061816,7783,16,7767,65000,62079,62096,665,665,2904
822,82154080,82154097,82161802,7722,17,7705,65000,62096,62114,665,665,2886
823,82254127,82254144,82261805,7678,17,7661,65000,62114,62132,665,665,2868
824,82354175,82354192,82361815,7640,17,7623,65000,62132,62149,664,664,2851
825,82454222,82454239,82461801,7579,17,7562,65000,62149,62167,664,664,2833
826,82554269,82554286,82561809,7540,17,7523,65000,62167,62184,663,663,2816
827,82654317,82654334,82661816,7499,17,7482,65000,62184,62201,663,663,2799
828,82754365,82754382,82761804,7439,17,7422,65000,62201,62217,662,662,2783
829,82854412,82854429,82861798,7386,17,7369,65000,62217,62234,662,662,2766
830,82954460,82954477,82961809,7349,17,7332,65000,62234,62250,661,661,2750
831,83054508,83054525,83061806,7298,17,7281,65000,62250,62266,661,661,2734
832,83154556,83154573,83161799,7243,17,7226,65000,62266,62282,661,661,2718
833,83254603,83254620,83261808,7205,17,7188,65000,62282,62298,660,660,2702
834,83354652,83354669,83361814,7162,17,7145,65000,62298,62313,660,660,2687
835,83454699,83454716,83461803,7104,17,7087,65000,62313,62328,659,659,2672
836,83554746,83554763,83561792,7046,17,7029,65000,62328,62344,659,659,2656
837,83654793,83654810,83661837,7044,17,7027,65000,62344,62358,658,658,2642
838,83754843,83754860,83761834,6991,17,6974,65000,62358,62373,658,658,2627
839,83854891,83854907,83861827,6936,16,6920,65000,62373,62388,658,658,2612
840,83954937,83954954,83961817,6880,17,6863,65000,62388,62402,657,657,2598
841,84054984,84055001,84061805,6821,17,6804,65000,62402,62417,657,657,2583
842,84155031,84155048,84161800,6769,17,6752,65000,62417,62431,656,656,2569
843,84255078,84255095,84261821,6743,17,6726,65000,62431,62445,656,656,2555
844,84355127,84355144,84361809,6682,17,6665,65000,62445,62459,656,656,2541
845,84455174,84455191,84461801,6627,17,6610,65000,62459,62472,655,655,2528
846,84555221,84555238,84561811,6590,17,6573,65000,62472,62486,655,655,2514
847,84655269,84655286,84661808,6539,17,6522,65000,62486,62499,655,655,2501
848,84755316,84755332,84761805,6489,16,6473,65000,62499,62512,654,654,2488
849,84855363,84855380,84861814,6451,17,6434,65000,62512,62525,654,654,2475
850,84955411,84955428,84961803,6392,17,6375,65000,62525,62538,654,654,2462
851,85055459,85055476,85061809,6350,17,6333,65000,62538,62516,653,653,2484
852,85155507,85155524,85161814,6307,17,6290,65000,62516,62496,660,660,2504
853,85255555,85255572,85261801,6246,17,6229,65000,62496,62476,661,661,2524
854,85355603,85355620,85361808,6205,17,6188,65000,62476,62456,662,662,2544
855,85455651,85455668,85461804,6153,17,6136,65000,62456,62437,662,662,2563
856,85555698,85555715,85561812,6114,17,6097,65000,62437,62418,663,663,2582
857,85655747,85655763,85661807,6060,16,6044,65000,62418,62399,663,663,2601
858,85755794,85755810,85761811,6017,16,6001,65000,62399,62380,664,664,2620
859,85855841,85855858,85861813,5972,17,5955,65000,62380,62361,664,664,2639
860,85955888,85955905,85961801,5913,17,5896,65000,62361,62343,665,665,2657
861,86055936,86055953,86061818,5882,17,5865,65000,62343,62325,665,665,2675
862,86155984,86156001,86161808,5824,17,5807,65000,62325,62307,666,666,2693
863,86256032,86256048,86261794,5762,16,5746,65000,62307,62289,666,666,2711
864,86356079,86356096,86361818,5739,17,5722,65000,62289,62272,667,667,2728
865,86456127,86456144,86461840,5713,17,5696,65000,62272,62255,667,667,2745
866,86556175,86556192,86561832,5657,17,5640,65000,62255,62238,667,667,2762
867,86656222,86656239,86661818,5596,17,5579,65000,62238,62221,668,668,2779
868,86756269,86756286,86761805,5536,17,5519,65000,62221,62204,668,668,2796
869,86856317,86856334,86861800,5483,17,5466,65000,62204,62187,669,669,2813
870,86956364,86956381,86961809,5445,17,5428,65000,62187,62171,669,669,2829
871,87056412,87056429,87061814,5402,17,5385,65000,62171,62155,670,670,2845
872,87156460,87156476,87161802,5342,16,5326,65000,62155,62139,670,670,2861
873,87256507,87256524,87261807,5300,17,5283,65000,62139,62123,671,671,2877
874,87356555,87356571,87361810,5255,16,5239,65000,62123,62107,671,671,2893
875,87456602,87456619,87461803,5201,17,5184,65000,62107,62092,671,671,2908
876,87556649,87556666,87561812,5163,17,5146,65000,62092,62077,672,672,2923
877,87656697,87656714,87661807,5110,17,5093,65000,62077,62062,672,672,2938
878,87756743,87756760,87761812,5069,17,5052,65000,62062,62047,673,673,2953
879,87856792,87856808,87861817,5025,16,5009,65000,62047,62032,673,673,2968
880,87956839,87956856,87961805,4966,17,4949,65000,62032,62017,673,673,2983
881,88056886,88056903,88061801,4915,17,4898,65000,62017,62003,674,674,2997
882,88156933,88156950,88161818,4885,17,4868,65000,62003,61989,674,674,3011
883,88256982,88256999,88261807,4825,17,4808,65000,61989,61974,674,674,3026
884,88357030,88357046,88361793,4763,16,4747,65000,61974,61961,675,675,3039
885,88457077,88457094,88461804,4727,17,4710,65000,61961,61947,675,675,3053
886,88557124,88557141,88561807,4683,17,4666,65000,61947,61933,676,676,3067
887,88657171,88657188,88661810,4639,17,4622,65000,61933,61920,676,676,3080
888,88757218,88757235,88761806,4588,17,4571,65000,61920,61906,676,676,3094
889,88857281,88857299,88861809,4528,18,4510,65000,61906,61893,677,677,3107
890,88957302,88957319,88961812,4510,17,4493,65000,61893,61880,677,677,3120
891,89057349,89057365,89061800,4451,16,4435,65000,61880,61867,677,677,3133
892,89157394,89157411,89161841,4447,17,4430,65000,61867,61855,678,678,3145
893,89257461,89257478,89261843,4382,17,4365,65000,61855,61842,678,678,3158
894,89357508,89357525,89361829,4321,17,4304,65000,61842,61830,678,678,3170
895,89457554,89457571,89461816,4262,17,4245,65000,61830,61817,679,679,3183
896,89557600,89557616,89561803,4203,16,4187,65000,61817,61805,679,679,3195
897,89657646,89657662,89661799,4153,16,4137,65000,61805,61793,679,679,3207
898,89757692,89757709,89761821,4129,17,4112,65000,61793,61781,680,680,3219
899,89857739,89857755,89861807,4068,16,4052,65000,61781,61770,680,680,3230
900,89957785,89957801,89964550,6765,16,6749,65000,61770,61758,680,680,3242
901,90057833,90057850,90061757,3924,17,3907,65000,61758,61747,681,681,3253
902,90157880,90157896,90161807,3927,16,3911,65000,61747,61735,681,681,3265
903,90257926,90257943,90261803,3877,17,3860,65000,61735,61724,681,681,3276
904,90357972,90357989,90361812,3840,17,3823,65000,61724,61713,682,682,3287
905,90458019,90458036,90461809,3790,17,3773,65000,61713,61702,682,682,3298
906,90558066,90558083,90561815,3749,17,3732,65000,61702,61691,682,682,3309
907,90658113,90658129,90661805,3692,16,3676,65000,61691,61681,682,682,3319
908,90758159,90758175,90761810,3651,16,3635,65000,61681,61670,683,683,3330
909,90858205,90858222,90861815,3610,17,3593,65000,61670,61660,683,683,3340
910,90958252,90958268,90961809,3557,16,3541,65000,61660,61649,683,683,3351
911,91058298,91058315,91061817,3519,17,3502,65000,61649,61639,684,684,3361
912,91158345,91158362,91161806,3461,17,3444,65000,61639,61629,684,684,3371
913,91258391,91258408,91261811,3420,17,3403,65000,61629,61619,684,684,3381
914,91358438,91358455,91361816,3378,17,3361,65000,61619,61609,684,684,3391
915,91458484,91458501,91461811,3327,17,3310,65000,61609,61599,685,685,3401
916,91558530,91558546,91561818,3288,16,3272,65000,61599,61590,685,685,3410
917,91658576,91658593,91661806,3230,17,3213,65000,61590,61580,685,685,3420
918,91758622,91758639,91761799,3177,17,3160,65000,61580,61571,685,685,3429
919,91858668,91858684,91861820,3152,16,3136,65000,61571,61562,686,686,3438
920,91958714,91958731,91961814,3100,17,3083,65000,61562,61552,686,686,3448
921,92058761,92058777,92061799,3038,16,3022,65000,61552,61543,686,686,3457
922,92158807,92158824,92161811,3004,17,2987,65000,61543,61534,686,686,3466
923,92258853,92258870,92261804,2951,17,2934,65000,61534,61525,687,687,3475
924,92358900,92358917,92361800,2900,17,2883,65000,61525,61517,687,687,3483
925,92458946,92458963,92461818,2872,17,2855,65000,61517,61508,687,687,3492
926,92558993,92559009,92561812,2819,16,2803,65000,61508,61499,687,687,3501
927,92659039,92659056,92661961,2922,17,2905,65000,61499,61491,688,688,3509
928,92759085,92759102,92762041,2956,17,2939,65000,61491,61483,688,688,3517
929,92859130,92859146,92862115,2985,16,2969,65000,61483,61474,688,688,3526
930,92959176,92959192,92962181,3005,16,2989,65000,61474,61466,688,688,3534
931,93059221,93059238,93062244,3023,17,3006,65000,61466,61458,688,688,3542
932,93159267,93159284,93162316,3049,17,3032,65000,61458,61450,689,689,3550
933,93259312,93259329,93262385,3073,17,3056,65000,61450,61442,689,689,3558
934,93359358,93359375,93362453,3095,17,3078,65000,61442,61434,689,689,3566
935,93459404,93459421,93462512,3108,17,3091,65000,61434,61426,689,689,3574
936,93559469,93559486,93562585,3116,17,3099,65000,61426,61419,690,690,3581
937,93659518,93659534,93662649,3131,16,3115,65000,61419,61411,690,690,3589
938,93759583,93759600,93762710,3127,17,3110,65000,61411,61404,690,690,3596
939,93859629,93859646,93862758,3129,17,3112,65000,61404,61397,690,690,3603
940,93959695,93959712,93962762,3067,17,3050,65000,61397,61389,690,690,3611
941,94059740,94059757,94062757,3017,17,3000,65000,61389,61382,691,691,3618
942,94159786,94159803,94162750,2964,17,2947,65000,61382,61375,691,691,3625
943,94259831,94259848,94262748,2917,17,2900,65000,61375,61368,691,691,3632
944,94359877,94359894,94362744,2867,17,2850,65000,61368,61361,691,691,3639
945,94459922,94459939,94462760,2838,17,2821,65000,61361,61354,691,691,3646
946,94559968,94559985,94561783,1815,17,1798,65000,61354,61347,691,691,3653
947,94660014,94660030,94671737,11723,16,11707,65000,61347,61341,692,692,3659
948,94760062,94760094,94771829,11767,32,11735,65000,61341,61334,692,692,3666
949,94860112,94860128,94871809,11697,16,11681,65000,61334,61327,692,692,3673
950,94960158,94960175,94971825,11667,17,11650,65000,61327,61321,692,692,3679
951,95060204,95060221,95071820,11616,17,11599,65000,61321,61349,692,692,3651
952,95160250,95160267,95171828,11578,17,11561,65000,61349,61376,685,685,3624
953,95260296,95260313,95271823,11527,17,11510,65000,61376,61402,684,684,3598
954,95360342,95360359,95371820,11478,17,11461,65000,61402,61428,684,684,3572
955,95460389,95460406,95471828,11439,17,11422,65000,61428,61453,683,683,3547
956,95560436,95560453,95571807,11371,17,11354,65000,61453,61478,682,682,3522
957,95660486,95660503,95671809,11323,17,11306,65000,61478,61503,682,682,3497
958,95760533,95760549,95771804,11271,16,11255,65000,61503,61528,681,681,3472
959,95860579,95860596,95871794,11215,17,11198,65000,61528,61552,680,680,3448
960,95960626,95960642,95971813,11187,16,11171,65000,61552,61576,680,680,3424
961,96060672,96060689,96071815,11143,17,11126,65000,61576,61600,679,679,3400
962,96160719,96160736,96171802,11083,17,11066,65000,61600,61624,678,678,3376
963,96260766,96260783,96271802,11036,17,11019,65000,61624,61647,678,678,3353
964,96360813,96360829,96371807,10994,16,10978,65000,61647,61670,677,677,3330
965,96460859,96460876,96471805,10946,17,10929,65000,61670,61693,676,676,3307
966,96560905,96560922,96571792,10887,17,10870,65000,61693,61715,676,676,3285
967,96660952,96660969,96671833,10881,17,10864,65000,61715,61737,675,675,3263
968,96761000,96761017,96771828,10828,17,10811,65000,61737,61759,675,675,3241
969,96861048,96861065,96871832,10784,17,10767,65000,61759,61781,674,674,3219
970,96961097,96961113,96971811,10714,16,10698,65000,61781,61802,673,673,3198
971,97061144,97061161,97071813,10669,17,10652,65000,61802,61824,673,673,3176
972,97161193,97161210,97171802,10609,17,10592,65000,61824,61844,672,672,3156
973,97261240,97261257,97271821,10581,17,10564,65000,61844,61865,672,672,3135
974,97361288,97361305,97371808,10520,17,10503,65000,61865,61886,671,671,3114
975,97461336,97461353,97471803,10467,17,10450,65000,61886,61906,671,671,3094
976,97561384,97561401,97571810,10426,17,10409,65000,61906,61926,670,670,3074
977,97661432,97661449,97671808,10376,17,10359,65000,61926,61946,670,670,3054
978,97761480,97761497,97771817,10337,17,10320,65000,61946,61965,669,669,3035
979,97861528,97861545,97871806,10278,17,10261,65000,61965,61985,669,669,3015
980,97961575,97961592,97971799,10224,17,10207,65000,61985,62004,668,668,2996
981,98061622,98061639,98071811,10189,17,10172,65000,62004,62023,668,668,2977
982,98161671,98161688,98171814,10143,17,10126,65000,62023,62042,667,667,2958
983,98261718,98261735,98271800,10082,17,10065,65000,62042,62060,666,666,2940
984,98361767,98361783,98371821,10054,16,10038,65000,62060,62078,666,666,2922
985,98461815,98461831,98471807,9992,16,9976,65000,62078,62096,666,666,2904
986,98561863,98561879,98571803,9940,16,9924,65000,62096,62114,665,665,2886
987,98661911,98661927,98671801,9890,16,9874,65000,62114,62132,665,665,2868
988,98761959,98761975,98771808,9849,16,9833,65000,62132,62149,664,664,2851
989,98862006,98862023,98871804,9798,17,9781,65000,62149,62167,664,664,2833
990,98962053,98962090,98971801,9748,37,9711,65000,62167,62184,663,663,2816
991,99062112,99062128,99071819,9707,16,9691,65000,62184,62200,663,663,2800
992,99162168,99162185,99171808,9640,17,9623,65000,62200,62217,662,662,2783
993,99262215,99262232,99271803,9588,17,9571,65000,62217,62234,662,662,2766
994,99362263,99362280,99371803,9540,17,9523,65000,62234,62250,661,661,2750
995,99462310,99462327,99471833,9523,17,9506,65000,62250,62266,661,661,2734
996,99562377,99562394,99571838,9461,17,9444,65000,62266,62282,661,661,2718
997,99662425,99662441,99671812,9387,16,9371,65000,62282,62297,660,660,2703
998,99762472,99762489,99771805,9333,17,9316,65000,62297,62313,660,660,2687
999,99862520,99862536,99871800,9280,16,9264,65000,62313,62328,659,659,2672
1000,99962566,99962583,99975549,12983,17,12966,65000,62328,62344,659,659,2656
1001,100062616,100062632,100071759,9143,16,9127,65000,62344,62358,658,658,2642
1002,100162664,100162681,100171805,9141,17,9124,65000,62358,62373,658,658,2627
1003,100262715,100262731,100271811,9096,16,9080,65000,62373,62388,658,658,2612
1004,100362762,100362778,100371813,9051,16,9035,65000,62388,62402,657,657,2598
1005,100462809,100462826,100471818,9009,17,8992,65000,62402,62417,657,657,2583
1006,100562856,100562873,100571806,8950,17,8933,65000,62417,62431,656,656,2569
1007,100662904,100662921,100671800,8896,17,8879,65000,62431,62445,656,656,2555
1008,100762951,100762968,100771809,8858,17,8841,65000,62445,62459,656,656,2541
1009,100862999,100863016,100871816,8817,17,8800,65000,62459,62472,655,655,2528
1010,100963046,100963063,100971802,8756,17,8739,65000,62472,62486,655,655,2514
1011,101063094,101063111,101071800,8706,17,8689,65000,62486,62499,655,655,2501
1012,101163141,101163158,101171818,8677,17,8660,65000,62499,62512,654,654,2488
1013,101263190,101263206,101271807,8617,16,8601,65000,62512,62525,654,654,2475
1014,101363237,101363254,101371790,8553,17,8536,65000,62525,62538,654,654,2462
1015,101463285,101463301,101471812,8527,16,8511,65000,62538,62551,653,653,2449
1016,101563353,101563370,101571815,8462,17,8445,65000,62551,62564,653,653,2436
1017,101663400,101663417,101671803,8403,17,8386,65000,62564,62576,653,653,2424
1018,101763449,101763466,101771793,8344,17,8327,65000,62576,62589,652,652,2411
1019,101863496,101863513,101871810,8314,17,8297,65000,62589,62601,652,652,2399
1020,101963568,101963584,101971804,8236,16,8220,65000,62601,62613,652,652,2387
1021,102063614,102063631,102071794,8180,17,8163,65000,62613,62625,651,651,2375
1022,102163662,102163679,102171838,8176,17,8159,65000,62625,62636,651,651,2364
1023,102263712,102263729,102271833,8121,17,8104,65000,62636,62648,651,651,2352
1024,102363761,102363777,102371835,8074,16,8058,65000,62648,62660,650,650,2340
1025,102463808,102463825,102471810,8002,17,7985,65000,62660,62671,650,650,2329
1026,102563855,102563872,102571815,7960,17,7943,65000,62671,62682,650,650,2318
1027,102663904,102663921,102671803,7899,17,7882,65000,62682,62694,650,650,2306
1028,102763951,102763968,102771811,7860,17,7843,65000,62694,62705,649,649,2295
1029,102864000,102864016,102871806,7806,16,7790,65000,62705,62715,649,649,2285
1030,102964047,102964064,102971802,7755,17,7738,65000,62715,62726,649,649,2274
1031,103064095,103064112,103071801,7706,17,7689,65000,62726,62737,648,648,2263
1032,103164142,103164159,103171811,7669,17,7652,65000,62737,62747,648,648,2253
1033,103264191,103264207,103271814,7623,16,7607,65000,62747,62758,648,648,2242
1034,103364238,103364255,103371801,7563,17,7546,65000,62758,62768,647,647,2232
1035,103464285,103464301,103471825,7540,16,7524,65000,62768,62778,647,647,2222
1036,103564334,103564351,103571812,7478,17,7461,65000,62778,62788,647,647,2212
1037,103664381,103664397,103671820,7439,16,7423,65000,62788,62798,647,647,2202
1038,103764429,103764446,103771808,7379,17,7362,65000,62798,62808,646,646,2192
1039,103864476,103864493,103871800,7324,17,7307,65000,62808,62817,646,646,2183
1040,103964524,103964541,103971808,7284,17,7267,65000,62817,62827,646,646,2173
1041,104064571,104064588,104071813,7242,17,7225,65000,62827,62837,646,646,2163
1042,104164619,104164636,104171799,7180,17,7163,65000,62837,62846,645,645,2154
1043,104264667,104264683,104271820,7153,16,7137,65000,62846,62855,645,645,2145
1044,104364715,104364732,104371807,7092,17,7075,65000,62855,62864,645,645,2136
1045,104464763,104464779,104471812,7049,16,7033,65000,62864,62873,645,645,2127
1046,104564810,104564827,104571814,7004,17,6987,65000,62873,62882,644,644,2118
1047,104664858,104664874,104671802,6944,16,6928,65000,62882,62891,644,644,2109
1048,104764905,104764922,104771804,6899,17,6882,65000,62891,62900,644,644,2100
1049,104864953,104864969,104871803,6850,16,6834,65000,62900,62908,644,644,2092
1050,104965000,104965016,104971837,6837,16,6821,65000,62908,62917,644,644,2083
1051,105065067,105065084,105071833,6766,17,6749,65000,62917,62925,643,643,2075
1052,105165114,105165131,105171818,6704,17,6687,65000,62925,62934,643,643,2066
1053,105265162,105265179,105271805,6643,17,6626,65000,62934,62942,643,643,2058
1054,105365210,105365227,105371802,6592,17,6575,65000,62942,62950,643,643,2050
1055,105465257,105465274,105471798,6541,17,6524,65000,62950,62958,642,642,2042
1056,105565305,105565321,105571809,6504,16,6488,65000,62958,62966,642,642,2034
1057,105665352,105665369,105671814,6462,17,6445,65000,62966,62974,642,642,2026
1058,105765400,105765417,105771799,6399,17,6382,65000,62974,62982,642,642,2018
1059,105865447,105865463,105871812,6365,16,6349,65000,62982,62990,641,641,2010
1060,105965496,105965512,105971814,6318,16,6302,65000,62990,62997,641,641,2003
1061,106065543,106065560,106071802,6259,17,6242,65000,62997,63005,641,641,1995
1062,106165591,106165607,106171794,6203,16,6187,65000,63005,63012,641,641,1988
1063,106265638,106265655,106271810,6172,17,6155,65000,63012,63020,641,641,1980
1064,106365687,106365704,106371814,6127,17,6110,65000,63020,63027,640,640,1973
1065,106465734,106465750,106471800,6066,16,6050,65000,63027,63034,640,640,1966
1066,106565781,106565798,106571819,6038,17,6021,65000,63034,63041,640,640,1959
1067,106665830,106665847,106671813,5983,17,5966,65000,63041,63048,640,640,1952
1068,106765877,106765894,106771819,5942,17,5925,65000,63048,63055,640,640,1945
1069,106865926,106865942,106871807,5881,16,5865,65000,63055,63062,640,640,1938
1070,106965973,106965989,106971800,5827,16,5811,65000,63062,63068,639,639,1932
1071,107066020,107066037,107071822,5802,17,5785,65000,63068,63075,639,639,1925
1072,107166068,107166085,107171824,5756,17,5739,65000,63075,63082,639,639,1918
1073,107266115,107266132,107271810,5695,17,5678,65000,63082,63088,639,639,1912
1074,107366163,107366179,107371807,5644,16,5628,65000,63088,63095,639,639,1905
1075,107466209,107466226,107471815,5606,17,5589,65000,63095,63101,638,638,1899
1076,107566258,107566275,107571802,5544,17,5527,65000,63101,63107,638,638,1893
1077,107666306,107666323,107671826,5520,17,5503,65000,63107,63114,638,638,1886
1078,107766354,107766371,107771804,5450,17,5433,65000,63114,63120,638,638,1880
1079,107866401,107866418,107871806,5405,17,5388,65000,63120,63126,638,638,1874
1080,107966450,107966466,107971808,5358,16,5342,65000,63126,63132,638,638,1868
1081,108066498,108066515,108071802,5304,17,5287,65000,63132,63138,638,638,1862
1082,108166545,108166562,108171810,5265,17,5248,65000,63138,63144,637,637,1856
1083,108266593,108266610,108271808,5215,17,5198,65000,63144,63150,637,637,1850
1084,108366640,108366657,108371815,5175,17,5158,65000,63150,63156,637,637,1844
1085,108466689,108466705,108471804,5115,16,5099,65000,63156,63161,637,637,1839
1086,108566736,108566753,108571792,5056,17,5039,65000,63161,63167,637,637,1833
1087,108666783,108666800,108671810,5027,17,5010,65000,63167,63173,637,637,1827
1088,108766833,108766849,108771814,4981,16,4965,65000,63173,63178,636,636,1822
1089,108866881,108866898,108871801,4920,17,4903,65000,63178,63183,636,636,1817
1090,108966928,108966945,108971812,4884,17,4867,65000,63183,63189,636,636,1811
1091,109066977,109066994,109071816,4839,17,4822,65000,63189,63194,636,636,1806
1092,109167024,109167041,109171802,4778,17,4761,65000,63194,63199,636,636,1801
1093,109267071,109267088,109271804,4733,17,4716,65000,63199,63205,636,636,1795
1094,109367119,109367136,109371808,4689,17,4672,65000,63205,63210,635,635,1790
1095,109467166,109467182,109471803,4637,16,4621,65000,63210,63215,635,635,1785
1096,109567213,109567230,109571798,4585,17,4568,65000,63215,63220,635,635,1780
1097,109667275,109667295,109671830,4555,20,4535,65000,63220,63225,635,635,1775
1098,109767326,109767342,109771825,4499,16,4483,65000,63225,63229,635,635,1771
1099,109867371,109867388,109871831,4460,17,4443,65000,63229,63234,635,635,1766
1100,109967418,109967435,109974597,7179,17,7162,65000,63234,63239,635,635,1761
1101,110067468,110067484,110071755,4287,16,4271,65000,63239,63244,635,635,1756
1102,110167513,110167530,110171802,4289,17,4272,65000,63244,63249,635,635,1751
1103,110267562,110267579,110271810,4248,17,4231,65000,63249,63253,634,634,1747
1104,110367608,110367625,110371809,4201,17,4184,65000,63253,63258,634,634,1742
1105,110467655,110467672,110471815,4160,17,4143,65000,63258,63262,634,634,1738
1106,110567702,110567718,110571803,4101,16,4085,65000,63262,63267,634,634,1733
1107,110667748,110667764,110671804,4056,16,4040,65000,63267,63271,634,634,1729
1108,110767794,110767811,110771813,4019,17,4002,65000,63271,63276,634,634,1724
1109,110867840,110867857,110871801,3961,17,3944,65000,63276,63280,634,634,1720
1110,110967886,110967903,110971808,3922,17,3905,65000,63280,63285,634,634,1715
1111,111067933,111067950,111071805,3872,17,3855,65000,63285,63289,633,633,1711
1112,111167979,111167996,111171816,3837,17,3820,65000,63289,63293,633,633,1707
1113,111268025,111268042,111271802,3777,17,3760,65000,63293,63297,633,633,1703
1114,111368070,111368087,111371819,3749,17,3732,65000,63297,63301,633,633,1699
1115,111468116,111468133,111471809,3693,17,3676,65000,63301,63305,633,633,1695
1116,111568163,111568179,111571812,3649,16,3633,65000,63305,63309,633,633,1691
1117,111668209,111668226,111671807,3598,17,3581,65000,63309,63313,633,633,1687
1118,111768255,111768272,111771807,3552,17,3535,65000,63313,63317,633,633,1683
1119,111868303,111868319,111871802,3499,16,3483,65000,63317,63321,633,633,1679
1120,111968349,111968366,111971810,3461,17,3444,65000,63321,63325,632,632,1675
1121,112068395,112068412,112071809,3414,17,3397,65000,63325,63328,632,632,1672
1122,112168441,112168458,112171812,3371,17,3354,65000,63328,63332,632,632,1668
1123,112268487,112268504,112271804,3317,17,3300,65000,63332,63335,632,632,1665
1124,112368532,112368549,112371824,3292,17,3275,65000,63335,63339,632,632,1661
1125,112468579,112468596,112471829,3250,17,3233,65000,63339,63343,632,632,1657
1126,112568624,112568641,112571827,3203,17,3186,65000,63343,63346,632,632,1654
1127,112668671,112668688,112671817,3146,17,3129,65000,63346,63350,632,632,1650
1128,112768718,112768735,112771806,3088,17,3071,65000,63350,63353,632,632,1647
1129,112868763,112868780,112871801,3038,17,3021,65000,63353,63357,632,632,1643
1130,112968809,112968826,112971798,2989,17,2972,65000,63357,63360,631,631,1640
1131,113068856,113068872,113071809,2953,16,2937,65000,63360,63363,631,631,1637
1132,113168902,113168919,113171805,2903,17,2886,65000,63363,63367,631,631,1633
1133,113268948,113268965,113271800,2852,17,2835,65000,63367,63370,631,631,1630
1134,113368994,113369011,113371958,2964,17,2947,65000,63370,63373,631,631,1627
1135,113469040,113469057,113472041,3001,17,2984,65000,63373,63376,631,631,1624
1136,113569086,113569102,113572107,3021,16,3005,65000,63376,63379,631,631,1621
1137,113669132,113669149,113672169,3037,17,3020,65000,63379,63383,631,631,1617
1138,113769178,113769195,113772224,3046,17,3029,65000,63383,63386,631,631,1614
1139,113869224,113869240,113872310,3086,16,3070,65000,63386,63389,631,631,1611
1140,113969270,113969286,113972373,3103,16,3087,65000,63389,63392,631,631,1608
1141,114069315,114069332,114072450,3135,17,3118,65000,63392,63395,631,631,1605
1142,114169360,114169377,114172510,3150,17,3133,65000,63395,63398,631,631,1602
1143,114269407,114269424,114272591,3184,17,3167,65000,63398,63401,630,630,1599
1144,114369453,114369470,114372639,3186,17,3169,65000,63401,63404,630,630,1596
1145,114469519,114469536,114472705,3186,17,3169,65000,63404,63407,630,630,1593
1146,114569584,114569601,114572746,3162,17,3145,65000,63407,63409,630,630,1591
1147,114669646,114669663,114672741,3095,17,3078,65000,63409,63412,630,630,1588
1148,114769691,114769708,114772749,3058,17,3041,65000,63412,63415,630,630,1585
1149,114869737,114869755,114872746,3009,18,2991,65000,63415,63418,630,630,1582
1150,114969783,114969800,114972745,2962,17,2945,65000,63418,63420,630,630,1580
1151,115069829,115069846,115072745,2916,17,2899,65000,63420,63423,630,630,1577
1152,115169875,115169891,115172767,2892,16,2876,65000,63423,63426,630,630,1574
1153,115269938,115269955,115272765,2827,17,2810,65000,63426,63429,630,630,1571
1154,115369984,115370000,115371812,1828,16,1812,65000,63429,63431,630,630,1569
1155,115470030,115470047,115481815,11785,17,11768,65000,63431,63434,630,630,1566
1156,115570090,115570107,115581812,11722,17,11705,65000,63434,63436,629,629,1564
1157,115670123,115670140,115681814,11691,17,11674,65000,63436,63439,629,629,1561
1158,115770169,115770186,115781827,11658,17,11641,65000,63439,63441,629,629,1559
1159,115870215,115870232,115881823,11608,17,11591,65000,63441,63443,629,629,1557
1160,115970262,115970278,115981829,11567,16,11551,65000,63443,63446,629,629,1554
1161,116070308,116070325,116081825,11517,17,11500,65000,63446,63448,629,629,1552
1162,116170354,116170371,116181831,11477,17,11460,65000,63448,63450,629,629,1550
1163,116270401,116270418,116281818,11417,17,11400,65000,63450,63453,629,629,1547
1164,116370447,116370464,116381802,11355,17,11338,65000,63453,63455,629,629,1545
1165,116470510,116470527,116481801,11291,17,11274,65000,63455,63457,629,629,1543
1166,116570556,116570573,116581819,11263,17,11246,65000,63457,63460,629,629,1540
1167,116670603,116670620,116681807,11204,17,11187,65000,63460,63462,629,629,1538
1168,116770649,116770666,116781800,11151,17,11134,65000,63462,63464,629,629,1536
1169,116870695,116870712,116881804,11109,17,11092,65000,63464,63466,629,629,1534
1170,116970742,116970759,116981808,11066,17,11049,65000,63466,63469,629,629,1531
1171,117070788,117070805,117081810,11022,17,11005,65000,63469,63471,628,628,1529
1172,117170835,117170851,117181807,10972,16,10956,65000,63471,63473,628,628,1527
1173,117270881,117270898,117281819,10938,17,10921,65000,63473,63475,628,628,1525
1174,117370929,117370946,117381805,10876,17,10859,65000,63475,63476,628,628,1524
1175,117470975,117470992,117481799,10824,17,10807,65000,63476,63478,628,628,1522
1176,117571023,117571039,117581811,10788,16,10772,65000,63478,63480,628,628,1520
1177,117671070,117671087,117681815,10745,17,10728,65000,63480,63482,628,628,1518
1178,117771118,117771135,117781802,10684,17,10667,65000,63482,63484,628,628,1516
1179,117871166,117871183,117881818,10652,17,10635,65000,63484,63486,628,628,1514
1180,117971214,117971231,117981841,10627,17,10610,65000,63486,63488,628,628,1512
1181,118071262,118071278,118081830,10568,16,10552,65000,63488,63490,628,628,1510
1182,118171309,118171326,118181818,10509,17,10492,65000,63490,63492,628,628,1508
1183,118271357,118271374,118281805,10448,17,10431,65000,63492,63494,628,628,1506
1184,118371405,118371422,118381803,10398,17,10381,65000,63494,63495,628,628,1505
1185,118471453,118471470,118481799,10346,17,10329,65000,63495,63497,628,628,1503
1186,118571501,118571518,118581809,10308,17,10291,65000,63497,63499,628,628,1501
1187,118671549,118671566,118681814,10265,17,10248,65000,63499,63501,628,628,1499
1188,118771598,118771614,118781800,10202,16,10186,65000,63501,63503,628,628,1497
1189,118871645,118871662,118881810,10165,17,10148,65000,63503,63505,628,628,1495
1190,118971694,118971710,118981804,10110,16,10094,65000,63505,63507,628,628,1493
1191,119071741,119071758,119081802,10061,17,10044,65000,63507,63508,628,628,1492
1192,119171789,119171806,119181805,10016,17,9999,65000,63508,63510,628,628,1490
1193,119271838,119271854,119281812,9974,16,9958,65000,63510,63512,627,627,1488
1194,119371885,119371902,119381819,9934,17,9917,65000,63512,63513,627,627,1487
1195,119471951,119471968,119481808,9857,17,9840,65000,63513,63515,627,627,1485
1196,119571999,119572016,119581802,9803,17,9786,65000,63515,63516,627,627,1484
1197,119672047,119672082,119681816,9769,35,9734,65000,63516,63518,627,627,1482
1198,119772095,119772131,119781805,9710,36,9674,65000,63518,63519,627,627,1481
1199,119872143,119872160,119881800,9657,17,9640,65000,63519,63521,627,627,1479
1200,119972189,119972206,119985550,13361,17,13344,65000,63521,63522,627,627,1478
1201,120072237,120072254,120081757,9520,17,9503,50000,63522,63428,285,285,-13428
1202,120172285,120172302,120181804,9519,17,9502,50000,63428,63329,269,269,-13329
1203,120272335,120272352,120281808,9473,17,9456,50000,63329,63231,269,269,-13231
1204,120372382,120372399,120381807,9425,17,9408,50000,63231,63134,270,270,-13134
1205,120472430,120472446,120481804,9374,16,9358,50000,63134,63037,271,271,-13037
1206,120572477,120572494,120581799,9322,17,9305,50000,63037,62941,272,272,-12941
1207,120672525,120672542,120681841,9316,17,9299,50000,62941,62846,273,273,-12846
1208,120772593,120772610,120781844,9251,17,9234,50000,62846,62751,273,273,-12751
1209,120872640,120872657,120881830,9190,17,9173,50000,62751,62657,274,274,-12657
1210,120972688,120972704,120981817,9129,16,9113,50000,62657,62563,275,275,-12563
1211,121072735,121072751,121081803,9068,16,9052,50000,62563,62470,276,276,-12470
1212,121172782,121172799,121181799,9017,17,9000,50000,62470,62378,277,277,-12378
1213,121272829,121272846,121281821,8992,17,8975,50000,62378,62286,278,278,-12286
1214,121372878,121372894,121381808,8930,16,8914,50000,62286,62195,279,279,-12195
1215,121472925,121472942,121481800,8875,17,8858,50000,62195,62105,280,280,-12105
1216,121572972,121572989,121581795,8823,17,8806,50000,62105,62015,281,281,-12015
1217,121673020,121673037,121681807,8787,17,8770,50000,62015,61926,282,282,-11926
1218,121773068,121773085,121781804,8736,17,8719,50000,61926,61837,282,282,-11837
1219,121873115,121873131,121881812,8697,16,8681,50000,61837,61749,283,283,-11749
1220,121973163,121973180,121981808,8645,17,8628,50000,61749,61662,284,284,-11662
1221,122073210,122073227,122081815,8605,17,8588,50000,61662,61575,285,285,-11575
1222,122173258,122173275,122181803,8545,17,8528,50000,61575,61489,286,286,-11489
1223,122273305,122273322,122281810,8505,17,8488,50000,61489,61403,287,287,-11403
1224,122373354,122373371,122381821,8467,17,8450,50000,61403,61318,288,288,-11318
1225,122473401,122473418,122481810,8409,17,8392,50000,61318,61233,288,288,-11233
1226,122573448,122573465,122581806,8358,17,8341,50000,61233,61149,289,289,-11149
1227,122673496,122673513,122681815,8319,17,8302,50000,61149,61066,290,290,-11066
1228,122773545,122773561,122781803,8258,16,8242,50000,61066,60983,291,291,-10983
1229,122873592,122873608,122881820,8228,16,8212,50000,60983,60901,292,292,-10901
1230,122973640,122973657,122981813,8173,17,8156,50000,60901,60819,292,292,-10819
1231,123073687,123073704,123081807,8120,17,8103,50000,60819,60738,293,293,-10738
1232,123173734,123173751,123181817,8083,17,8066,50000,60738,60657,294,294,-10657
1233,123273782,123273799,123281806,8024,17,8007,50000,60657,60577,295,295,-10577
1234,123373829,123373846,123381821,7992,17,7975,50000,60577,60498,296,296,-10498
1235,123473877,123473894,123481805,7928,17,7911,50000,60498,60419,296,296,-10419
1236,123573924,123573941,123581799,7875,17,7858,50000,60419,60340,297,297,-10340
1237,123673972,123673989,123681819,7847,17,7830,50000,60340,60262,298,298,-10262
1238,123774020,123774037,123781809,7789,17,7772,50000,60262,60185,299,299,-10185
1239,123874067,123874084,123881811,7744,17,7727,50000,60185,60108,299,299,-10108
1240,123974115,123974132,123981808,7693,17,7676,50000,60108,60032,300,300,-10032
1241,124074162,124074179,124081806,7644,17,7627,50000,60032,59956,301,301,-9956
1242,124174210,124174227,124181815,7605,17,7588,50000,59956,59881,302,302,-9881
1243,124274257,124274274,124281802,7545,17,7528,50000,59881,59806,302,302,-9806
1244,124374304,124374321,124381811,7507,17,7490,50000,59806,59731,303,303,-9731
1245,124474352,124474368,124481807,7455,16,7439,50000,59731,59657,304,304,-9657
1246,124574398,124574415,124581813,7415,17,7398,50000,59657,59584,305,305,-9584
1247,124674447,124674463,124681807,7360,16,7344,50000,59584,59511,305,305,-9511
1248,124774493,124774510,124781807,7314,17,7297,50000,59511,59439,306,306,-9439
1249,124874541,124874558,124881803,7262,17,7245,50000,59439,59367,307,307,-9367
1250,124974588,124974605,124981811,7223,17,7206,50000,59367,59296,307,307,-9296
1251,125074636,125074653,125081809,7173,17,7156,50000,59296,59225,308,308,-9225
1252,125174684,125174700,125181804,7120,16,7104,50000,59225,59154,309,309,-9154
1253,125274731,125274748,125281801,7070,17,7053,50000,59154,59084,310,310,-9084
1254,125374779,125374795,125381817,7038,16,7022,50000,59084,59015,310,310,-9015
1255,125474827,125474844,125481826,6999,17,6982,50000,59015,58946,311,311,-8946
1256,125574875,125574891,125581833,6958,16,6942,50000,58946,58877,312,312,-8877
1257,125674922,125674939,125681812,6890,17,6873,50000,58877,58809,312,312,-8809
1258,125774970,125774986,125781805,6835,16,6819,50000,58809,58742,313,313,-8742
1259,125875017,125875034,125881802,6785,17,6768,50000,58742,58674,313,313,-8674
1260,125975064,125975081,125981821,6757,17,6740,50000,58674,58608,314,314,-8608
1261,126075112,126075129,126081811,6699,17,6682,50000,58608,58541,315,315,-8541
1262,126175159,126175176,126181806,6647,17,6630,50000,58541,58476,316,316,-8476
1263,126275206,126275223,126281803,6597,17,6580,50000,58476,58410,316,316,-8410
1264,126375254,126375271,126381811,6557,17,6540,50000,58410,58345,317,317,-8345
1265,126475302,126475319,126481807,6505,17,6488,50000,58345,58281,317,317,-8281
1266,126575349,126575366,126581805,6456,17,6439,50000,58281,58217,318,318,-8217
1267,126675397,126675414,126681796,6399,17,6382,50000,58217,58153,319,319,-8153
1268,126775445,126775462,126781812,6367,17,6350,50000,58153,58090,319,319,-8090
1269,126875493,126875510,126881817,6324,17,6307,50000,58090,58027,320,320,-8027
1270,126975541,126975557,126981803,6262,16,6246,50000,58027,57965,321,321,-7965
1271,127075588,127075605,127081806,6218,17,6201,50000,57965,57903,321,321,-7903
1272,127175636,127175653,127181809,6173,17,6156,50000,57903,57841,322,322,-7841
1273,127275684,127275701,127281805,6121,17,6104,50000,57841,57780,322,322,-7780
1274,127375731,127375748,127381809,6078,17,6061,50000,57780,57720,323,323,-7720
1275,127475779,127475796,127481813,6034,17,6017,50000,57720,57659,323,323,-7659
1276,127575826,127575843,127581814,5988,17,5971,50000,57659,57599,324,324,-7599
1277,127675874,127675891,127681803,5929,17,5912,50000,57599,57540,325,325,-7540
1278,127775921,127775937,127781807,5886,16,5870,50000,57540,57481,325,325,-7481
1279,127875969,127875985,127881810,5841,16,5825,50000,57481,57422,326,326,-7422
1280,127976016,127976033,127981801,5785,17,5768,50000,57422,57364,327,327,-7364
1281,128076064,128076081,128081800,5736,17,5719,50000,57364,57306,327,327,-7306
1282,128176112,128176129,128181841,5729,17,5712,50000,57306,57249,328,328,-7249
1283,128276180,128276197,128281828,5648,17,5631,50000,57249,57191,328,328,-7191
1284,128376227,128376243,128381820,5593,16,5577,50000,57191,57135,329,329,-7135
1285,128476274,128476291,128481809,5535,17,5518,50000,57135,57078,329,329,-7078
1286,128576322,128576338,128581813,5491,16,5475,50000,57078,57022,330,330,-7022
1287,128676370,128676386,128681802,5432,16,5416,50000,57022,56967,330,330,-6967
1288,128776417,128776433,128781815,5398,16,5382,50000,56967,56912,331,331,-6912
1289,128876465,128876482,128881818,5353,17,5336,50000,56912,56857,331,331,-6857
1290,128976512,128976529,128981805,5293,17,5276,50000,56857,56802,332,332,-6802
1291,129076560,129076576,129081801,5241,16,5225,50000,56802,56748,333,333,-6748
1292,129176607,129176624,129181820,5213,17,5196,50000,56748,56694,333,333,-6694
1293,129276656,129276673,129281809,5153,17,5136,50000,56694,56641,334,334,-6641
1294,129376703,129376720,129381805,5102,17,5085,50000,56641,56588,334,334,-6588
1295,129476751,129476768,129481799,5048,17,5031,50000,56588,56536,335,335,-6536
1296,129576798,129576815,129581818,5020,17,5003,50000,56536,56483,335,335,-6483
1297,129676847,129676863,129681806,4959,16,4943,50000,56483,56431,336,336,-6431
1298,129776893,129776910,129781808,4915,17,4898,50000,56431,56380,336,336,-6380
1299,129876941,129876958,129881810,4869,17,4852,50000,56380,56328,336,336,-6328
1300,129976988,129977005,129984595,7607,17,7590,50000,56328,56277,337,337,-6277
1301,130077038,130077055,130081753,4715,17,4698,50000,56277,56227,338,338,-6227
1302,130177084,130177101,130181826,4742,17,4725,50000,56227,56177,338,338,-6177
1303,130277132,130277149,130281814,4682,17,4665,50000,56177,56127,339,339,-6127
1304,130377179,130377196,130381804,4625,17,4608,50000,56127,56077,339,339,-6077
1305,130477227,130477244,130481810,4583,17,4566,50000,56077,56028,340,340,-6028
1306,130577289,130577306,130581812,4523,17,4506,50000,56028,55979,340,340,-5979
1307,130677334,130677351,130681816,4482,17,4465,50000,55979,55931,341,341,-5931
1308,130777381,130777397,130781804,4423,16,4407,50000,55931,55883,341,341,-5883
1309,130877427,130877444,130881817,4390,17,4373,50000,55883,55834,341,341,-5834
1310,130977473,130977490,130981840,4367,17,4350,50000,55834,55787,342,342,-5787
1311,131077520,131077536,131081828,4308,16,4292,50000,55787,55739,342,342,-5739
1312,131177566,131177583,131181812,4246,17,4229,50000,55739,55693,343,343,-5693
1313,131277612,131277629,131281804,4192,17,4175,50000,55693,55646,343,343,-5646
1314,131377658,131377674,131381812,4154,16,4138,50000,55646,55600,344,344,-5600
1315,131477704,131477721,131481808,4104,17,4087,50000,55600,55554,344,344,-5554
1316,131577750,131577767,131581816,4066,17,4049,50000,55554,55508,345,345,-5508
1317,131677797,131677814,131681806,4009,17,3992,50000,55508,55462,345,345,-5462
1318,131777842,131777859,131781799,3957,17,3940,50000,55462,55417,346,346,-5417
1319,131877888,131877905,131881821,3933,17,3916,50000,55417,55373,346,346,-5373
1320,131977935,131977952,131981811,3876,17,3859,50000,55373,55328,346,346,-5328
1321,132077981,132077997,132081816,3835,16,3819,50000,55328,55284,347,347,-5284
1322,132178027,132178043,132181804,3777,16,3761,50000,55284,55240,347,347,-5240
1323,132278073,132278090,132281806,3733,17,3716,50000,55240,55196,348,348,-5196
1324,132378119,132378136,132381809,3690,17,3673,50000,55196,55153,348,348,-5153
1325,132478165,132478182,132481811,3646,17,3629,50000,55153,55110,349,349,-5110
1326,132578212,132578229,132581801,3589,17,3572,50000,55110,55067,349,349,-5067
1327,132678258,132678275,132681817,3559,17,3542,50000,55067,55025,349,349,-5025
1328,132778305,132778321,132781805,3500,16,3484,50000,55025,54983,350,350,-4983
1329,132878351,132878368,132881790,3439,17,3422,50000,54983,54941,350,350,-4941
1330,132978398,132978414,132981811,3413,16,3397,50000,54941,54899,351,351,-4899
1331,133078444,133078461,133081816,3372,17,3355,50000,54899,54858,351,351,-4858
1332,133178491,133178508,133181802,3311,17,3294,50000,54858,54817,351,351,-4817
1333,133278537,133278554,133281806,3269,17,3252,50000,54817,54776,352,352,-4776
1334,133378583,133378599,133381805,3222,16,3206,50000,54776,54736,352,352,-4736
1335,133478629,133478646,133481802,3173,17,3156,50000,54736,54696,353,353,-4696
1336,133578675,133578692,133581811,3136,17,3119,50000,54696,54656,353,353,-4656
1337,133678722,133678739,133681837,3115,17,3098,50000,54656,54616,353,353,-4616
1338,133778768,133778785,133781832,3064,17,3047,50000,54616,54577,354,354,-4577
1339,133878814,133878831,133881822,3008,17,2991,50000,54577,54537,354,354,-4537
1340,133978861,133978877,133981813,2952,16,2936,50000,54537,54499,355,355,-4499
1341,134078907,134078924,134081803,2896,17,2879,50000,54499,54460,355,355,-4460
1342,134178953,134178970,134181798,2845,17,2828,50000,54460,54422,355,355,-4422
1343,134279000,134279016,134281952,2952,16,2936,50000,54422,54384,356,356,-4384
1344,134379045,134379061,134382035,2990,16,2974,50000,54384,54346,356,356,-4346
1345,134479090,134479107,134482100,3010,17,2993,50000,54346,54308,356,356,-4308
1346,134579136,134579153,134582169,3033,17,3016,50000,54308,54271,357,357,-4271
1347,134679181,134679198,134682239,3058,17,3041,50000,54271,54234,357,357,-4234
1348,134779227,134779244,134782306,3079,17,3062,50000,54234,54197,358,358,-4197
1349,134879273,134879290,134882353,3080,17,3063,50000,54197,54160,358,358,-4160
1350,134979339,134979355,134982452,3113,16,3097,50000,54160,54124,358,358,-4124
1351,135079385,135079402,135082511,3126,17,3109,50000,54124,54088,359,359,-4088
1352,135179431,135179447,135182590,3159,16,3143,50000,54088,54052,359,359,-4052
1353,135279476,135279493,135282639,3163,17,3146,50000,54052,54016,359,359,-4016
1354,135379542,135379558,135382704,3162,16,3146,50000,54016,53981,360,360,-3981
1355,135479607,135479623,135482748,3141,16,3125,50000,53981,53946,360,360,-3946
1356,135579671,135579688,135582742,3071,17,3054,50000,53946,53911,360,360,-3911
1357,135679716,135679733,135682743,3027,17,3010,50000,53911,53877,361,361,-3877
1358,135779761,135779778,135782745,2984,17,2967,50000,53877,53842,361,361,-3842
1359,135879807,135879824,135882742,2935,17,2918,50000,53842,53808,361,361,-3808
1360,135979852,135979869,135982741,2889,17,2872,50000,53808,53774,362,362,-3774
1361,136079897,136079914,136082753,2856,17,2839,50000,53774,53740,362,362,-3740
1362,136179943,136179960,136181754,1811,17,1794,50000,53740,53707,362,362,-3707
1363,136279989,136280006,136281862,1873,17,1856,50000,53707,53673,363,363,-3673
1364,136380035,136380052,136391800,11765,17,11748,50000,53673,53640,363,363,-3640
1365,136480095,136480111,136491843,11748,16,11732,50000,53640,53607,363,363,-3607
1366,136580161,136580177,136591849,11688,16,11672,50000,53607,53575,364,364,-3575
1367,136680206,136680223,136691833,11627,17,11610,50000,53575,53543,364,364,-3543
1368,136780252,136780270,136791823,11571,18,11553,50000,53543,53510,364,364,-3510
1369,136880298,136880315,136891820,11522,17,11505,50000,53510,53478,365,365,-3478
1370,136980345,136980362,136991825,11480,17,11463,50000,53478,53447,365,365,-3447
1371,137080392,137080409,137091809,11417,17,11400,50000,53447,53415,365,365,-3415
1372,137180438,137180455,137191819,11381,17,11364,50000,53415,53384,366,366,-3384
1373,137280484,137280501,137291809,11325,17,11308,50000,53384,53353,366,366,-3353
1374,137380532,137380548,137391812,11280,16,11264,50000,53353,53322,366,366,-3322
1375,137480578,137480595,137491814,11236,17,11219,50000,53322,53291,366,366,-3291
1376,137580625,137580641,137591805,11180,16,11164,50000,53291,53261,367,367,-3261
1377,137680671,137680688,137691801,11130,17,11113,50000,53261,53230,367,367,-3230
1378,137780717,137780734,137791806,11089,17,11072,50000,53230,53200,367,367,-3200
1379,137880764,137880781,137891807,11043,17,11026,50000,53200,53171,368,368,-3171
1380,137980810,137980827,137991809,10999,17,10982,50000,53171,53141,368,368,-3141
1381,138080857,138080874,138091816,10959,17,10942,50000,53141,53111,368,368,-3111
1382,138180904,138180921,138191811,10907,17,10890,50000,53111,53082,369,369,-3082
1383,138280950,138280967,138291808,10858,17,10841,50000,53082,53053,369,369,-3053
1384,138381001,138381017,138391805,10804,16,10788,50000,53053,53024,369,369,-3024
1385,138481049,138481066,138491801,10752,17,10735,50000,53024,52996,369,369,-2996
1386,138581097,138581114,138591825,10728,17,10711,50000,52996,52967,369,369,-2967
1387,138681144,138681160,138691822,10678,16,10662,50000,52967,52939,370,370,-2939
1388,138781191,138781208,138791810,10619,17,10602,50000,52939,52910,370,370,-2910
1389,138881238,138881255,138891806,10568,17,10551,50000,52910,52883,371,371,-2883
1390,138981286,138981303,138991813,10527,17,10510,50000,52883,52855,371,371,-2855
1391,139081334,139081351,139091801,10467,17,10450,50000,52855,52828,371,371,-2828
1392,139181381,139181398,139191834,10453,17,10436,50000,52828,52800,371,371,-2800
1393,139281447,139281464,139291806,10359,17,10342,50000,52800,52773,372,372,-2773
1394,139381494,139381511,139391793,10299,17,10282,50000,52773,52746,372,372,-2746
1395,139481542,139481559,139491812,10270,17,10253,50000,52746,52719,372,372,-2719
1396,139581589,139581606,139591810,10221,17,10204,50000,52719,52693,372,372,-2693
1397,139681636,139681653,139691799,10163,17,10146,50000,52693,52666,372,372,-2666
1398,139781684,139781700,139791811,10127,16,10111,50000,52666,52640,373,373,-2640
1399,139881731,139881748,139891805,10074,17,10057,50000,52640,52614,373,373,-2614
1400,139981778,139981795,139994591,12813,17,12796,50000,52614,52588,373,373,-2588
1401,140081829,140081846,140091755,9926,17,9909,50000,52588,52562,374,374,-2562
1402,140181876,140181893,140191828,9952,17,9935,50000,52562,52536,374,374,-2536
1403,140281924,140281941,140291805,9881,17,9864,50000,52536,52511,374,374,-2511
1404,140381972,140381989,140391810,9838,17,9821,50000,52511,52486,374,374,-2486
1405,140482020,140482037,140491806,9786,17,9769,50000,52486,52461,375,375,-2461
1406,140582085,140582104,140591806,9721,19,9702,50000,52461,52436,375,375,-2436
1407,140682116,140682132,140691812,9696,16,9680,50000,52436,52411,375,375,-2411
1408,140782163,140782180,140791806,9643,17,9626,50000,52411,52387,375,375,-2387
1409,140882209,140882226,140891804,9595,17,9578,50000,52387,52362,375,375,-2362
1410,140982257,140982274,140991806,9549,17,9532,50000,52362,52338,376,376,-2338
1411,141082305,141082321,141091796,9491,16,9475,50000,52338,52314,376,376,-2314
1412,141182351,141182368,141191829,9478,17,9461,50000,52314,52290,376,376,-2290
1413,141282419,141282435,141291824,9405,16,9389,50000,52290,52266,377,377,-2266
1414,141382467,141382483,141391819,9352,16,9336,50000,52266,52243,377,377,-2243
1415,141482514,141482531,141491815,9301,17,9284,50000,52243,52219,377,377,-2219
1416,141582561,141582578,141591805,9244,17,9227,50000,52219,52196,377,377,-2196
1417,141682609,141682626,141691799,9190,17,9173,50000,52196,52173,377,377,-2173
1418,141782656,141782673,141791814,9158,17,9141,50000,52173,52150,378,378,-2150
1419,141882705,141882722,141891808,9103,17,9086,50000,52150,52127,378,378,-2127
1420,141982752,141982769,141991803,9051,17,9034,50000,52127,52104,378,378,-2104
1421,142082799,142082816,142091812,9013,17,8996,50000,52104,52082,378,378,-2082
1422,142182866,142182883,142191807,8941,17,8924,50000,52082,52059,378,378,-2059
1423,142282914,142282930,142291804,8890,16,8874,50000,52059,52037,379,379,-2037
1424,142382961,142382978,142391812,8851,17,8834,50000,52037,52015,379,379,-2015
1425,142483009,142483026,142491807,8798,17,8781,50000,52015,51993,379,379,-1993
1426,142583056,142583073,142591809,8753,17,8736,50000,51993,51971,379,379,-1971
1427,142683104,142683121,142691805,8701,17,8684,50000,51971,51950,380,380,-1950
1428,142783152,142783169,142791800,8648,17,8631,50000,51950,51929,380,380,-1929
1429,142883199,142883216,142891821,8622,17,8605,50000,51929,51907,380,380,-1907
1430,142983247,142983264,142991807,8560,17,8543,50000,51907,51886,380,380,-1886
1431,143083294,143083311,143091812,8518,17,8501,50000,51886,51865,380,380,-1865
1432,143183343,143183360,143191807,8464,17,8447,50000,51865,51844,381,381,-1844
1433,143283390,143283407,143291808,8418,17,8401,50000,51844,51823,381,381,-1823
1434,143383437,143383454,143391814,8377,17,8360,50000,51823,51803,381,381,-1803
1435,143483484,143483501,143491800,8316,17,8299,50000,51803,51782,381,381,-1782
1436,143583532,143583549,143591813,8281,17,8264,50000,51782,51762,382,382,-1762
1437,143683579,143683596,143691816,8237,17,8220,50000,51762,51742,382,382,-1742
1438,143783626,143783643,143791802,8176,17,8159,50000,51742,51722,382,382,-1722
1439,143883673,143883690,143891819,8146,17,8129,50000,51722,51702,382,382,-1702
1440,143983722,143983739,143991838,8116,17,8099,50000,51702,51682,382,382,-1682
1441,144083769,144083786,144091827,8058,17,8041,50000,51682,51662,382,382,-1662
1442,144183816,144183833,144191817,8001,17,7984,50000,51662,51643,383,383,-1643
1443,144283863,144283880,144291806,7943,17,7926,50000,51643,51624,383,383,-1624
1444,144383911,144383927,144391801,7890,16,7874,50000,51624,51604,383,383,-1604
1445,144483959,144483975,144491808,7849,16,7833,50000,51604,51585,383,383,-1585
1446,144584007,144584024,144591810,7803,17,7786,50000,51585,51566,383,383,-1566
1447,144684054,144684071,144691804,7750,17,7733,50000,51566,51547,384,384,-1547
1448,144784101,144784118,144791800,7699,17,7682,50000,51547,51529,384,384,-1529
1449,144884148,144884165,144891810,7662,17,7645,50000,51529,51510,384,384,-1510
1450,144984196,144984213,144991817,7621,17,7604,50000,51510,51492,384,384,-1492
1451,145084244,145084261,145091804,7560,17,7543,50000,51492,51473,384,384,-1473
1452,145184292,145184309,145191800,7508,17,7491,50000,51473,51455,385,385,-1455
1453,145284339,145284356,145291818,7479,17,7462,50000,51455,51437,385,385,-1437
1454,145384388,145384405,145391805,7417,17,7400,50000,51437,51419,385,385,-1419
1455,145484436,145484453,145491798,7362,17,7345,50000,51419,51401,385,385,-1401
1456,145584483,145584500,145591809,7326,17,7309,50000,51401,51383,385,385,-1383
1457,145684532,145684549,145691816,7284,17,7267,50000,51383,51366,385,385,-1366
1458,145784579,145784595,145791805,7226,16,7210,50000,51366,51348,385,385,-1348
1459,145884627,145884644,145891795,7168,17,7151,50000,51348,51331,386,386,-1331
1460,145984674,145984691,145991812,7138,17,7121,50000,51331,51314,386,386,-1314
1461,146084723,146084740,146091807,7084,17,7067,50000,51314,51296,386,386,-1296
1462,146184770,146184787,146191801,7031,17,7014,50000,51296,51279,386,386,-1279
1463,146284818,146284834,146291818,7000,16,6984,50000,51279,51262,386,386,-1262
1464,146384866,146384883,146391808,6942,17,6925,50000,51262,51245,387,387,-1245
1465,146484913,146484930,146491802,6889,17,6872,50000,51245,51229,387,387,-1229
1466,146584961,146584978,146591797,6836,17,6819,50000,51229,51212,387,387,-1212
1467,146685008,146685025,146691846,6838,17,6821,50000,51212,51196,387,387,-1196
1468,146785058,146785074,146791832,6774,16,6758,50000,51196,51179,387,387,-1179
1469,146885105,146885121,146891824,6719,16,6703,50000,51179,51163,387,387,-1163
1470,146985153,146985169,146991815,6662,16,6646,50000,51163,51147,387,387,-1147
1471,147085200,147085216,147091804,6604,16,6588,50000,51147,51131,388,388,-1131
1472,147185247,147185264,147191799,6552,17,6535,50000,51131,51115,388,388,-1115
1473,147285295,147285312,147291813,6518,17,6501,50000,51115,51099,388,388,-1099
1474,147385343,147385360,147391815,6472,17,6455,50000,51099,51083,388,388,-1083
1475,147485391,147485407,147491802,6411,16,6395,50000,51083,51068,388,388,-1068
1476,147585438,147585454,147591809,6371,16,6355,50000,51068,51052,388,388,-1052
1477,147685486,147685503,147691812,6326,17,6309,50000,51052,51037,389,389,-1037
1478,147785533,147785550,147791806,6273,17,6256,50000,51037,51022,389,389,-1022
1479,147885581,147885598,147891802,6221,17,6204,50000,51022,51006,389,389,-1006
1480,147985629,147985646,147991803,6174,17,6157,50000,51006,50991,389,389,-991
1481,148085676,148085693,148091819,6143,17,6126,50000,50991,50976,389,389,-976
1482,148185725,148185741,148191807,6082,16,6066,50000,50976,50961,389,389,-961
1483,148285772,148285788,148291800,6028,16,6012,50000,50961,50946,389,389,-946
1484,148385819,148385835,148391808,5989,16,5973,50000,50946,50932,390,390,-932
1485,148485866,148485883,148491814,5948,17,5931,50000,50932,50917,390,390,-917
1486,148585914,148585931,148591801,5887,17,5870,50000,50917,50903,390,390,-903
1487,148685961,148685978,148691808,5847,17,5830,50000,50903,50888,390,390,-888
1488,148786009,148786026,148791817,5808,17,5791,50000,50888,50874,390,390,-874
1489,148886056,148886073,148891805,5749,17,5732,50000,50874,50860,390,390,-860
1490,148986105,148986121,148991798,5693,16,5677,50000,50860,50845,390,390,-845
1491,149086152,149086169,149091812,5660,17,5643,50000,50845,50832,391,391,-832
1492,149186201,149186218,149191816,5615,17,5598,50000,50832,50818,391,391,-818
1493,149286249,149286265,149291802,5553,16,5537,50000,50818,50804,391,391,-804
1494,149386296,149386313,149391819,5523,17,5506,50000,50804,50790,391,391,-790
1495,149486344,149486361,149491833,5489,17,5472,50000,50790,50776,391,391,-776
1496,149586392,149586409,149591842,5450,17,5433,50000,50776,50763,391,391,-763
1497,149686440,149686456,149691814,5374,16,5358,50000,50763,50749,391,391,-749
1498,149786486,149786503,149791805,5319,17,5302,50000,50749,50736,392,392,-736
1499,149886534,149886551,149891800,5266,17,5249,50000,50736,50723,392,392,-723
1500,149986582,149986598,149994594,8012,16,7996,50000,50723,50710,392,392,-710
1501,150086632,150086649,150091761,5129,17,5112,50000,50710,50697,392,392,-697
1502,150186678,150186695,150191804,5126,17,5109,50000,50697,50684,392,392,-684
1503,150286728,150286745,150291801,5073,17,5056,50000,50684,50671,392,392,-671
1504,150386776,150386793,150391820,5044,17,5027,50000,50671,50658,392,392,-658
1505,150486825,150486842,150491807,4982,17,4965,50000,50658,50645,392,392,-645
1506,150586873,150586890,150591801,4928,17,4911,50000,50645,50632,393,393,-632
1507,150686920,150686937,150691809,4889,17,4872,50000,50632,50620,393,393,-620
1508,150786968,150786984,150791815,4847,16,4831,50000,50620,50607,393,393,-607
1509,150887015,150887032,150891821,4806,17,4789,50000,50607,50595,393,393,-595
1510,150987063,150987080,150991807,4744,17,4727,50000,50595,50583,393,393,-583
1511,151087110,151087127,151091801,4691,17,4674,50000,50583,50570,393,393,-570
1512,151187157,151187174,151191818,4661,17,4644,50000,50570,50558,393,393,-558
1513,151287205,151287222,151291808,4603,17,4586,50000,50558,50546,393,393,-546
1514,151387252,151387287,151391800,4548,35,4513,50000,50546,50534,393,393,-534
1515,151487300,151487317,151491806,4506,17,4489,50000,50534,50522,394,394,-522
1516,151587346,151587363,151591814,4468,17,4451,50000,50522,50510,394,394,-510
1517,151687393,151687410,151691801,4408,17,4391,50000,50510,50498,394,394,-498
1518,151787438,151787455,151791810,4372,17,4355,50000,50498,50487,394,394,-487
1519,151887484,151887501,151891815,4331,17,4314,50000,50487,50475,394,394,-475
1520,151987530,151987546,151991802,4272,16,4256,50000,50475,50464,394,394,-464
1521,152087576,152087592,152091798,4222,16,4206,50000,50464,50452,394,394,-452
1522,152187622,152187639,152191848,4226,17,4209,50000,50452,50441,395,395,-441
1523,152287669,152287686,152291836,4167,17,4150,50000,50441,50430,395,395,-430
1524,152387715,152387732,152391825,4110,17,4093,50000,50430,50419,395,395,-419
1525,152487761,152487777,152491807,4046,16,4030,50000,50419,50407,395,395,-407
1526,152587807,152587824,152591814,4007,17,3990,50000,50407,50396,395,395,-396
1527,152687853,152687870,152691803,3950,17,3933,50000,50396,50385,395,395,-385
1528,152787899,152787916,152791819,3920,17,3903,50000,50385,50375,395,395,-375
1529,152887946,152887963,152891807,3861,17,3844,50000,50375,50364,395,395,-364
1530,152987992,152988009,152991800,3808,17,3791,50000,50364,50353,395,395,-353
1531,153088038,153088055,153091807,3769,17,3752,50000,50353,50342,395,395,-342
1532,153188084,153188101,153191805,3721,17,3704,50000,50342,50331,396,396,-331
1533,153288131,153288148,153291803,3672,17,3655,50000,50331,50321,396,396,-321
1534,153388178,153388194,153391790,3612,16,3596,50000,50321,50311,396,396,-311
1535,153488224,153488241,153491812,3588,17,3571,50000,50311,50300,396,396,-300
1536,153588274,153588291,153591815,3541,17,3524,50000,50300,50290,396,396,-290
1537,153688320,153688337,153691801,3481,17,3464,50000,50290,50280,396,396,-280
1538,153788367,153788384,153791810,3443,17,3426,50000,50280,50269,396,396,-269
1539,153888413,153888430,153891820,3407,17,3390,50000,50269,50259,396,396,-259
1540,153988459,153988476,153991811,3352,17,3335,50000,50259,50249,396,396,-249
1541,154088506,154088522,154091818,3312,16,3296,50000,50249,50239,396,396,-239
1542,154188552,154188568,154191807,3255,16,3239,50000,50239,50229,397,397,-229
1543,154288598,154288614,154291794,3196,16,3180,50000,50229,50219,397,397,-219
1544,154388645,154388662,154391819,3174,17,3157,50000,50219,50210,397,397,-210
1545,154488690,154488707,154491814,3124,17,3107,50000,50210,50200,397,397,-200
1546,154588737,154588753,154591818,3081,16,3065,50000,50200,50190,397,397,-190
1547,154688783,154688800,154691805,3022,17,3005,50000,50190,50181,397,397,-181
1548,154788829,154788846,154791810,2981,17,2964,50000,50181,50171,397,397,-171
1549,154888876,154888892,154891818,2942,16,2926,50000,50171,50162,397,397,-162
1550,154988921,154988938,154991809,2888,17,2871,50000,50162,50152,397,397,-152
1551,155088968,155088985,155091800,2832,17,2815,50000,50152,50143,397,397,-143
1552,155189014,155189031,155191956,2942,17,2925,50000,50143,50133,397,397,-133
1553,155289059,155289076,155292035,2976,17,2959,50000,50133,50124,398,398,-124
1554,155389105,155389122,155392101,2996,17,2979,50000,50124,50115,398,398,-115
1555,155489150,155489167,155492171,3021,17,3004,50000,50115,50106,398,398,-106
1556,155589196,155589212,155592238,3042,16,3026,50000,50106,50097,398,398,-97
1557,155689241,155689258,155692306,3065,17,3048,50000,50097,50088,398,398,-88
1558,155789286,155789303,155792353,3067,17,3050,50000,50088,50079,398,398,-79
1559,155889351,155889367,155892449,3098,16,3082,50000,50079,50070,398,398,-70
1560,155989396,155989413,155992508,3112,17,3095,50000,50070,50062,398,398,-62
1561,156089442,156089459,156092570,3128,17,3111,50000,50062,50053,398,398,-53
1562,156189488,156189505,156192643,3155,17,3138,50000,50053,50044,398,398,-44
1563,156289536,156289553,156292709,3173,17,3156,50000,50044,50035,398,398,-35
1564,156389602,156389618,156392747,3145,16,3129,50000,50035,50027,399,399,-27
1565,156489664,156489681,156492740,3076,17,3059,50000,50027,50018,399,399,-18
1566,156589709,156589726,156592752,3043,17,3026,50000,50018,50010,399,399,-10
1567,156689755,156689772,156692745,2990,17,2973,50000,50010,50002,399,399,-2
1568,156789800,156789817,156792745,2945,17,2928,50000,50002,49994,399,399,6
1569,156889845,156889862,156892757,2912,17,2895,50000,49994,49985,399,399,15
1570,156989891,156989908,156992763,2872,17,2855,50000,49985,49977,399,399,23
1571,157089937,157089954,157091772,1835,17,1818,50000,49977,49969,399,399,31
1572,157189983,157190000,157191871,1888,17,1871,50000,49969,49961,400,400,39
1573,157290028,157290045,157301790,11762,17,11745,50000,49961,49953,400,400,47
1574,157390106,157390123,157401812,11706,17,11689,50000,49953,49945,400,400,55
1575,157490152,157490168,157501822,11670,16,11654,50000,49945,49938,400,400,62
1576,157590198,157590214,157601826,11628,16,11612,50000,49938,49930,400,400,70
1577,157690245,157690262,157701833,11588,17,11571,50000,49930,49922,401,401,78
1578,157790291,157790308,157801823,11532,17,11515,50000,49922,49915,401,401,85
1579,157890337,157890354,157901815,11478,17,11461,50000,49915,49908,401,401,92
1580,157990384,157990401,158001808,11424,17,11407,50000,49908,49900,401,401,100
1581,158090431,158090447,158101835,11404,16,11388,50000,49900,49893,402,402,107
1582,158190491,158190508,158201801,11310,17,11293,50000,49893,49886,402,402,114
1583,158290538,158290554,158301809,11271,16,11255,50000,49886,49879,402,402,121
1584,158390584,158390601,158401805,11221,17,11204,50000,49879,49872,402,402,128
1585,158490631,158490647,158501812,11181,16,11165,50000,49872,49865,402,402,135
1586,158590678,158590695,158601806,11128,17,11111,50000,49865,49858,402,402,142
1587,158690724,158690741,158701816,11092,17,11075,50000,49858,49852,403,403,148
1588,158790770,158790787,158801805,11035,17,11018,50000,49852,49845,403,403,155
1589,158890817,158890833,158901809,10992,16,10976,50000,49845,49839,403,403,161
1590,158990863,158990880,159001808,10945,17,10928,50000,49839,49832,403,403,168
1591,159090910,159090926,159101803,10893,16,10877,50000,49832,49826,403,403,174
1592,159190957,159190973,159201812,10855,16,10839,50000,49826,49819,403,403,181
1593,159291022,159291039,159301807,10785,17,10768,50000,49819,49813,404,404,187
1594,159391070,159391087,159401816,10746,17,10729,50000,49813,49807,404,404,193
1595,159491117,159491134,159501806,10689,17,10672,50000,49807,49801,404,404,199
1596,159591164,159591181,159601799,10635,17,10618,50000,49801,49795,404,404,205
1597,159691212,159691229,159701842,10630,17,10613,50000,49795,49789,404,404,211
1598,159791263,159791280,159801828,10565,17,10548,50000,49789,49783,404,404,217
1599,159891310,159891327,159901820,10510,17,10493,50000,49783,49777,405,405,223
1600,159991358,159991375,160004599,13241,17,13224,50000,49777,49771,405,405,229
1601,160091409,160091426,160101755,10346,17,10329,50000,49771,49766,405,405,234
1602,160191456,160191473,160201802,10346,17,10329,50000,49766,49760,405,405,240
1603,160291507,160291524,160301810,10303,17,10286,50000,49760,49754,405,405,246
1604,160391555,160391571,160401817,10262,16,10246,50000,49754,49749,405,405,251
1605,160491602,160491619,160501806,10204,17,10187,50000,49749,49743,405,405,257
1606,160591649,160591666,160601800,10151,17,10134,50000,49743,49738,406,406,262
1607,160691696,160691713,160701822,10126,17,10109,50000,49738,49732,406,406,268
1608,160791745,160791761,160801808,10063,16,10047,50000,49732,49727,406,406,273
1609,160891792,160891809,160901802,10010,17,9993,50000,49727,49722,406,406,278
1610,160991840,160991857,161001798,9958,17,9941,50000,49722,49717,406,406,283
1611,161091888,161091905,161101808,9920,17,9903,50000,49717,49712,406,406,288
1612,161191935,161191952,161201812,9877,17,9860,50000,49712,49706,406,406,294
1613,161291984,161292000,161301798,9814,16,9798,50000,49706,49702,407,407,298
1614,161392031,161392048,161401818,9787,17,9770,50000,49702,49697,407,407,303
1615,161492079,161492096,161501806,9727,17,9710,50000,49697,49692,407,407,308
1616,161592134,161592151,161601813,9679,17,9662,50000,49692,49687,407,407,313
1617,161692182,161692199,161701808,9626,17,9609,50000,49687,49682,407,407,318
1618,161792227,161792244,161801808,9581,17,9564,50000,49682,49677,407,407,323
1619,161892274,161892291,161901813,9539,17,9522,50000,49677,49673,407,407,327
1620,161992323,161992340,162001800,9477,17,9460,50000,49673,49668,407,407,332
1621,162092370,162092387,162101810,9440,17,9423,50000,49668,49664,408,408,336
1622,162192419,162192436,162201814,9395,17,9378,50000,49664,49659,408,408,341
1623,162292466,162292483,162301800,9334,17,9317,50000,49659,49655,408,408,345
1624,162392513,162392530,162401818,9305,17,9288,50000,49655,49650,408,408,350
1625,162492563,162492580,162501840,9277,17,9260,50000,49650,49646,408,408,354
1626,162592611,162592628,162601829,9218,17,9201,50000,49646,49642,408,408,358
1627,162692658,162692675,162701819,9161,17,9144,50000,49642,49637,408,408,363
1628,162792705,162792722,162801807,9102,17,9085,50000,49637,49633,409,409,367
1629,162892753,162892769,162901802,9049,16,9033,50000,49633,49629,409,409,371
1630,162992800,162992816,163001802,9002,16,8986,50000,49629,49625,409,409,375
1631,163092848,163092864,163101807,8959,16,8943,50000,49625,49621,409,409,379
1632,163192895,163192912,163201803,8908,17,8891,50000,49621,49617,409,409,383
1633,163292943,163292959,163301812,8869,16,8853,50000,49617,49613,409,409,387
1634,163392991,163393008,163401815,8824,17,8807,50000,49613,49609,409,409,391
1635,163493039,163493055,163501807,8768,16,8752,50000,49609,49606,409,409,394
1636,163593086,163593103,163601814,8728,17,8711,50000,49606,49602,409,409,398
1637,163693135,163693152,163701803,8668,17,8651,50000,49602,49598,409,409,402
1638,163793182,163793199,163801818,8636,17,8619,50000,49598,49594,410,410,406
1639,163893230,163893247,163901808,8578,17,8561,50000,49594,49591,410,410,409
1640,163993278,163993295,164001803,8525,17,8508,50000,49591,49587,410,410,413
1641,164093325,164093342,164101793,8468,17,8451,50000,49587,49584,410,410,416
1642,164193373,164193390,164201810,8437,17,8420,50000,49584,49580,410,410,420
1643,164293421,164293438,164301811,8390,17,8373,50000,49580,49576,410,410,424
1644,164393469,164393485,164401801,8332,16,8316,50000,49576,49573,410,410,427
1645,164493516,164493533,164501820,8304,17,8287,50000,49573,49569,410,410,431
1646,164593564,164593581,164601807,8243,17,8226,50000,49569,49566,410,410,434
1647,164693611,164693628,164701800,8189,17,8172,50000,49566,49563,410,410,437
1648,164793658,164793675,164801818,8160,17,8143,50000,49563,49559,410,410,441
1649,164893706,164893723,164901808,8102,17,8085,50000,49559,49556,411,411,444
1650,164993755,164993771,165001801,8046,16,8030,50000,49556,49553,411,411,447
1651,165093802,165093819,165101800,7998,17,7981,50000,49553,49550,411,411,450
1652,165193850,165193866,165201846,7996,16,7980,50000,49550,49547,411,411,453
1653,165293900,165293917,165301833,7933,17,7916,50000,49547,49543,411,411,457
1654,165393948,165393965,165401826,7878,17,7861,50000,49543,49540,411,411,460
1655,165493995,165494012,165501809,7814,17,7797,50000,49540,49537,411,411,463
1656,165594043,165594060,165601802,7759,17,7742,50000,49537,49534,411,411,466
1657,165694090,165694107,165701813,7723,17,7706,50000,49534,49531,411,411,469
1658,165794138,165794155,165801808,7670,17,7653,50000,49531,49528,411,411,472
1659,165894185,165894202,165901805,7620,17,7603,50000,49528,49525,411,411,475
1660,165994233,165994250,166001801,7568,17,7551,50000,49525,49522,411,411,478
1661,166094281,166094297,166101805,7524,16,7508,50000,49522,49519,412,412,481
1662,166194329,166194346,166201811,7482,17,7465,50000,49519,49517,412,412,483
1663,166294377,166294394,166301814,7437,17,7420,50000,49517,49514,412,412,486
1664,166394425,166394442,166401803,7378,17,7361,50000,49514,49511,412,412,489
1665,166494472,166494489,166501825,7353,17,7336,50000,49511,49508,412,412,492
1666,166594520,166594537,166601814,7294,17,7277,50000,49508,49506,412,412,494
1667,166694567,166694584,166701816,7249,17,7232,50000,49506,49503,412,412,497
1668,166794616,166794632,166801806,7190,16,7174,50000,49503,49500,412,412,500
1669,166894663,166894680,166901811,7148,17,7131,50000,49500,49498,412,412,502
1670,166994711,166994727,167001807,7096,16,7080,50000,49498,49495,412,412,505
1671,167094758,167094775,167101802,7044,17,7027,50000,49495,49493,412,412,507
1672,167194806,167194823,167201799,6993,17,6976,50000,49493,49490,412,412,510
1673,167294854,167294871,167301810,6956,17,6939,50000,49490,49487,412,412,513
1674,167394902,167394919,167401814,6912,17,6895,50000,49487,49485,413,413,515
1675,167494950,167494967,167501801,6851,17,6834,50000,49485,49483,413,413,517
1676,167594997,167595014,167601814,6817,17,6800,50000,49483,49480,413,413,520
1677,167695045,167695062,167701816,6771,17,6754,50000,49480,49478,413,413,522
1678,167795093,167795110,167801801,6708,17,6691,50000,49478,49476,413,413,524
1679,167895140,167895157,167901820,6680,17,6663,50000,49476,49474,413,413,526
1680,167995189,167995206,168001847,6658,17,6641,50000,49474,49471,413,413,529
1681,168095237,168095254,168101835,6598,17,6581,50000,49471,49469,413,413,531
1682,168195284,168195301,168201820,6536,17,6519,50000,49469,49467,413,413,533
1683,168295332,168295349,168301806,6474,17,6457,50000,49467,49465,413,413,535
1684,168395379,168395396,168401800,6421,17,6404,50000,49465,49462,413,413,538
1685,168495427,168495444,168501806,6379,17,6362,50000,49462,49460,413,413,540
1686,168595475,168595492,168601815,6340,17,6323,50000,49460,49458,413,413,542
1687,168695523,168695540,168701806,6283,17,6266,50000,49458,49456,413,413,544
1688,168795570,168795587,168801810,6240,17,6223,50000,49456,49454,413,413,546
1689,168895618,168895635,168901812,6194,17,6177,50000,49454,49452,413,413,548
1690,168995666,168995682,169001804,6138,16,6122,50000,49452,49449,413,413,551
1691,169095713,169095729,169101802,6089,16,6073,50000,49449,49447,414,414,553
1692,169195761,169195777,169201808,6047,16,6031,50000,49447,49446,414,414,554
1693,169295809,169295826,169301817,6008,17,5991,50000,49446,49443,413,413,557
1694,169395856,169395872,169401804,5948,16,5932,50000,49443,49442,414,414,558
1695,169495903,169495919,169501798,5895,16,5879,50000,49442,49440,414,414,560
1696,169595951,169595967,169601818,5867,16,5851,50000,49440,49438,414,414,562
1697,169695999,169696016,169701822,5823,17,5806,50000,49438,49436,414,414,564
1698,169796047,169796064,169801810,5763,17,5746,50000,49436,49434,414,414,566
1699,169896094,169896111,169901804,5710,17,5693,50000,49434,49432,414,414,568
1700,169996141,169996157,170004594,8453,16,8437,50000,49432,49431,414,414,569
1701,170096191,170096208,170101772,5581,17,5564,50000,49431,49429,414,414,571
1702,170196237,170196254,170201813,5576,17,5559,50000,49429,49427,414,414,573
1703,170296306,170296322,170301810,5504,16,5488,50000,49427,49425,414,414,575
1704,170396353,170396370,170401819,5466,17,5449,50000,49425,49423,414,414,577
1705,170496401,170496418,170501805,5404,17,5387,50000,49423,49422,414,414,578
1706,170596449,170596465,170601799,5350,16,5334,50000,49422,49420,414,414,580
1707,170696497,170696514,170701835,5338,17,5321,50000,49420,49418,414,414,582
1708,170796545,170796561,170801806,5261,16,5245,50000,49418,49416,414,414,584
1709,170896592,170896608,170901793,5201,16,5185,50000,49416,49415,414,414,585
1710,170996639,170996656,171001810,5171,17,5154,50000,49415,49413,414,414,587
1711,171096688,171096705,171101803,5115,17,5098,50000,49413,49411,415,415,589
1712,171196734,171196751,171201799,5065,17,5048,50000,49411,49410,415,415,590
1713,171296783,171296800,171301820,5037,17,5020,50000,49410,49409,415,415,591
1714,171396831,171396848,171401807,4976,17,4959,50000,49409,49407,415,415,593
1715,171496879,171496895,171501801,4922,16,4906,50000,49407,49406,415,415,594
1716,171596926,171596943,171601806,4880,17,4863,50000,49406,49404,415,415,596
1717,171696975,171696991,171701816,4841,16,4825,50000,49404,49403,415,415,597
1718,171797022,171797039,171801804,4782,17,4765,50000,49403,49401,415,415,599
1719,171897069,171897086,171901798,4729,17,4712,50000,49401,49400,415,415,600
1720,171997117,171997134,172001820,4703,17,4686,50000,49400,49399,415,415,601
1721,172097166,172097183,172101809,4643,17,4626,50000,49399,49397,415,415,603
1722,172197213,172197230,172201814,4601,17,4584,50000,49397,49396,415,415,604
1723,172297276,172297295,172301808,4532,19,4513,50000,49396,49395,415,415,605
1724,172397301,172397318,172401819,4518,17,4501,50000,49395,49393,415,415,607
1725,172497348,172497365,172501805,4457,17,4440,50000,49393,49392,415,415,608
1726,172597394,172597411,172601803,4409,17,4392,50000,49392,49390,415,415,610
1727,172697441,172697457,172701839,4398,16,4382,50000,49390,49389,415,415,611
1728,172797509,172797526,172801827,4318,17,4301,50000,49389,49388,415,415,612
1729,172897555,172897572,172901821,4266,17,4249,50000,49388,49386,415,415,614
1730,172997602,172997618,173001808,4206,16,4190,50000,49386,49385,415,415,615
1731,173097648,173097665,173101813,4165,17,4148,50000,49385,49384,415,415,616
1732,173197695,173197712,173201802,4107,17,4090,50000,49384,49382,415,415,618
1733,173297741,173297758,173301815,4074,17,4057,50000,49382,49381,415,415,619
1734,173397788,173397804,173401818,4030,16,4014,50000,49381,49380,415,415,620
1735,173497834,173497851,173501805,3971,17,3954,50000,49380,49378,415,415,622
1736,173597882,173597898,173601801,3919,16,3903,50000,49378,49377,416,416,623
1737,173697928,173697945,173701799,3871,17,3854,50000,49377,49376,415,415,624
1738,173797975,173797992,173801805,3830,17,3813,50000,49376,49375,415,415,625
1739,173898021,173898038,173901812,3791,17,3774,50000,49375,49373,415,415,627
1740,173998067,173998084,174001803,3736,17,3719,50000,49373,49372,416,416,628
1741,174098113,174098130,174101806,3693,17,3676,50000,49372,49371,416,416,629
1742,174198160,174198177,174201801,3641,17,3624,50000,49371,49370,416,416,630
1743,174298206,174298223,174301799,3593,17,3576,50000,49370,49369,416,416,631
1744,174398253,174398270,174401819,3566,17,3549,50000,49369,49368,416,416,632
1745,174498300,174498317,174501807,3507,17,3490,50000,49368,49367,416,416,633
1746,174598346,174598363,174601801,3455,17,3438,50000,49367,49366,416,416,634
1747,174698392,174698409,174701798,3406,17,3389,50000,49366,49365,416,416,635
1748,174798439,174798456,174801810,3371,17,3354,50000,49365,49364,416,416,636
1749,174898486,174898502,174901804,3318,16,3302,50000,49364,49363,416,416,637
1750,174998532,174998548,175001799,3267,16,3251,50000,49363,49362,416,416,638
1751,175098578,175098595,175101809,3231,17,3214,50000,49362,49361,416,416,639
1752,175198625,175198642,175201805,3180,17,3163,50000,49361,49361,416,416,639
1753,175298671,175298688,175301813,3142,17,3125,50000,49361,49360,416,416,640
1754,175398718,175398735,175401816,3098,17,3081,50000,49360,49359,416,416,641
1755,175498764,175498781,175501837,3073,17,3056,50000,49359,49358,416,416,642
1756,175598810,175598827,175601825,3015,17,2998,50000,49358,49357,416,416,643
1757,175698856,175698873,175701810,2954,17,2937,50000,49357,49356,416,416,644
1758,175798903,175798919,175801803,2900,16,2884,50000,49356,49355,416,416,645
1759,175898949,175898966,175901801,2852,17,2835,50000,49355,49354,416,416,646
1760,175998996,175999013,176001821,2825,17,2808,50000,49354,49353,416,416,647
1761,176099042,176099059,176101995,2953,17,2936,50000,49353,49352,416,416,648
1762,176199088,176199104,176202076,2988,16,2972,50000,49352,49351,416,416,649
1763,176299134,176299150,176302141,3007,16,2991,50000,49351,49350,416,416,650
1764,176399179,176399196,176402217,3038,17,3021,50000,49350,49349,416,416,651
1765,176499224,176499241,176502263,3039,17,3022,50000,49349,49348,416,416,652
1766,176599291,176599308,176602348,3057,17,3040,50000,49348,49347,416,416,653
1767,176699336,176699353,176702415,3079,17,3062,50000,49347,49347,416,416,653
1768,176799382,176799399,176802484,3102,17,3085,50000,49347,49346,416,416,654
1769,176899429,176899446,176902546,3117,17,3100,50000,49346,49345,416,416,655
1770,176999494,176999511,177002625,3131,17,3114,50000,49345,49344,416,416,656
1771,177099540,177099556,177102685,3145,16,3129,50000,49344,49343,416,416,657
1772,177199586,177199603,177202744,3158,17,3141,50000,49343,49342,416,416,658
1773,177299650,177299667,177302745,3095,17,3078,50000,49342,49341,416,416,659
1774,177399695,177399712,177402740,3045,17,3028,50000,49341,49340,416,416,660
1775,177499741,177499758,177502749,3008,17,2991,50000,49340,49339,416,416,661
1776,177599787,177599804,177602744,2957,17,2940,50000,49339,49338,416,416,662
1777,177699833,177699849,177702745,2912,16,2896,50000,49338,49338,416,416,662
1778,177799878,177799895,177802749,2871,17,2854,50000,49338,49337,416,416,663
1779,177899924,177899941,177902753,2829,17,2812,50000,49337,49336,417,417,664
1780,177999969,177999986,178001781,1812,17,1795,50000,49336,49336,417,417,664
1781,178100015,178100032,178111817,11802,17,11785,50000,49336,49335,416,416,665
1782,178200061,178200093,178211859,11798,32,11766,50000,49335,49334,417,417,666
1783,178300111,178300128,178311848,11737,17,11720,50000,49334,49334,417,417,666
1784,178400157,178400174,178411839,11682,17,11665,50000,49334,49333,417,417,667
1785,178500203,178500220,178511828,11625,17,11608,50000,49333,49332,417,417,668
1786,178600250,178600267,178611822,11572,17,11555,50000,49332,49332,417,417,668
1787,178700296,178700313,178711824,11528,17,11511,50000,49332,49331,417,417,669
1788,178800342,178800359,178811829,11487,17,11470,50000,49331,49331,417,417,669
1789,178900389,178900406,178911817,11428,17,11411,50000,49331,49330,417,417,670
1790,179000436,179000453,179011821,11385,17,11368,50000,49330,49330,417,417,670
1791,179100483,179100499,179111809,11326,16,11310,50000,49330,49329,417,417,671
1792,179200529,179200546,179211816,11287,17,11270,50000,49329,49328,417,417,672
1793,179300576,179300593,179311806,11230,17,11213,50000,49328,49328,417,417,672
1794,179400622,179400639,179411814,11192,17,11175,50000,49328,49327,417,417,673
1795,179500669,179500686,179511802,11133,17,11116,50000,49327,49327,417,417,673
1796,179600715,179600732,179611811,11096,17,11079,50000,49327,49326,417,417,674
1797,179700762,179700779,179711815,11053,17,11036,50000,49326,49326,417,417,674
1798,179800808,179800825,179811801,10993,17,10976,50000,49326,49325,417,417,675
1799,179900854,179900871,179911805,10951,17,10934,50000,49325,49325,417,417,675
1800,180000901,180000918,180014622,13721,17,13704,50000,49325,49324,417,417,676
