ORT campaign preregistration written: /home/seven_wsl/Workspace/starry/tgoskits-rt-ivc-m4-formal-20260804/tmp/competition/ivc/ort-control-full-formal-20260805-v4/ort-full/preregistration.json
ORT_CAMPAIGN_PREREGISTERED path=/home/seven_wsl/Workspace/starry/tgoskits-rt-ivc-m4-formal-20260804/tmp/competition/ivc/ort-control-full-formal-20260805-v4/ort-full/preregistration.json
BOARD_HOST_LIBCLANG path=/usr/lib/llvm-14/lib source=environment
orangepi5plus
BOARD_SERVICE_DTB_READY path=/home/seven_wsl/.local/share/ostool-server/dtbs/orangepi-5-plus-starry.dtb root=/dev/mmcblk0p2
     Locking 1 package to latest compatible version
      Adding uboot-shell v0.2.6 (/home/seven_wsl/Workspace/starry/ostool/uboot-shell)
    Finished `dev` profile [unoptimized + debuginfo] target(s) in 0.19s
     Running `target/debug/tg-xtask axvisor board -c competition/ivc/config/axvisor-orangepi-5-plus-ort-control.toml --board-config competition/ivc/config/board-orangepi-5-plus-ort-control.toml -b OrangePi-5-Plus`
[2026-08-05T08:00:04Z INFO  axbuild::context] Workspace root: /home/seven_wsl/Workspace/starry/tgoskits-rt-ivc-m4-formal-20260804
[2026-08-05T08:00:04Z INFO  axbuild::context] Workspace member dir for axvisor: /home/seven_wsl/Workspace/starry/tgoskits-rt-ivc-m4-formal-20260804/os/axvisor
Using build config: competition/ivc/config/axvisor-orangepi-5-plus-ort-control.toml
[axbuild] board build+run package=axvisor target=scripts/targets/std/pie/aarch64-unknown-linux-musl.json config=competition/ivc/config/axvisor-orangepi-5-plus-ort-control.toml ...
sh -c /home/seven_wsl/Workspace/starry/tgoskits-rt-ivc-m4-formal-20260804/tmp/axbuild/std/prebuild/prebuild-aarch64-unknown-linux-musl-36295c2cbf7dc427.sh
AR_aarch64_unknown_linux_musl=aarch64-linux-musl-ar
AXVISOR_VM_CONFIGS=/home/seven_wsl/Workspace/starry/tgoskits-rt-ivc-m4-formal-20260804/competition/ivc/config/orangepi-5-plus-starry-smp2-ort-control.toml:/home/seven_wsl/Workspace/starry/tgoskits-rt-ivc-m4-formal-20260804/competition/ivc/config/orangepi-5-plus-zephyr-smp1.toml
AX_ARCH=aarch64
AX_LOG=info
AX_TARGET=aarch64-unknown-none-softfloat
BINDGEN_EXTRA_CLANG_ARGS_aarch64_unknown_linux_musl=--target=aarch64-linux-musl --sysroot=/ -mgeneral-regs-only
CARGO_UNSTABLE_JSON_TARGET_SPEC=true
CC_aarch64_unknown_linux_musl=aarch64-linux-musl-cc
CFLAGS_aarch64_unknown_linux_musl=-mgeneral-regs-only -fno-stack-protector
CXXFLAGS_aarch64_unknown_linux_musl=-mgeneral-regs-only -fno-stack-protector
SMP=4
cargo build --config /home/seven_wsl/Workspace/starry/tgoskits-rt-ivc-m4-formal-20260804/tmp/axbuild/std/config-aarch64-unknown-linux-musl-dynamic.toml -p axvisor --target scripts/targets/std/pie/aarch64-unknown-linux-musl.json -Z unstable-options --target-dir /home/seven_wsl/Workspace/starry/tgoskits-rt-ivc-m4-formal-20260804/target --features ax-std/fs,ax-std/smp,fs,rockchip-dwmmc,rockchip-soc,sdmmc,log/release_max_level_info -Z json-target-spec --bin axvisor --release --message-format json-render-diagnostics
     Locking 1 package to latest compatible version
      Adding uboot-shell v0.2.6
warning: function `set_fdt_addr_phys_if_valid` is never used
  --> platforms/someboot/src/fdt/mod.rs:32:15
   |
32 | pub(crate) fn set_fdt_addr_phys_if_valid(fdt_addr: usize) -> bool {
   |               ^^^^^^^^^^^^^^^^^^^^^^^^^^
   |
   = note: `#[warn(dead_code)]` (part of `#[warn(unused)]`) on by default

warning: `someboot` (lib) generated 1 warning
warning: function `with_vm` is never used
   --> virtualization/axvm/src/manager.rs:168:15
    |
168 | pub(crate) fn with_vm<F, R>(vm_id: VMId, f: F) -> Option<R>
    |               ^^^^^^^
    |
    = note: `#[warn(dead_code)]` (part of `#[warn(unused)]`) on by default

warning: function `active_vcpu_mask` is never used
   --> virtualization/axvm/src/manager.rs:198:15
    |
198 | pub(crate) fn active_vcpu_mask(vm_id: VMId) -> Option<usize> {
    |               ^^^^^^^^^^^^^^^^

warning: function `inject_interrupt` is never used
   --> virtualization/axvm/src/manager.rs:210:15
    |
210 | pub(crate) fn inject_interrupt(vm_id: VMId, vcpu_id: usize, vector: usize) -> AxVmResult {
    |               ^^^^^^^^^^^^^^^^

warning: field `token` is never read
  --> virtualization/axvm/src/timer.rs:20:5
   |
19 | struct VmTimerEvent {
   |        ------------ field in this struct
20 |     token: usize,
   |     ^^^^^

warning: function `cancel_timer` is never used
  --> virtualization/axvm/src/timer.rs:65:15
   |
65 | pub(crate) fn cancel_timer(token: usize) {
   |               ^^^^^^^^^^^^

warning: associated items `handle_nested_page_fault` and `debug_nested_page_fault` are never used
    --> virtualization/axvm/src/vm/mod.rs:1303:19
     |
 616 | impl AxVM {
     | --------- associated items in this implementation
...
1303 |     pub(crate) fn handle_nested_page_fault(
     |                   ^^^^^^^^^^^^^^^^^^^^^^^^
...
1318 |     fn debug_nested_page_fault(
     |        ^^^^^^^^^^^^^^^^^^^^^^^

warning: `axvm` (lib) generated 6 warnings
    Finished `release` profile [optimized] target(s) in 0.45s
warning: the following packages contain code that will be rejected by a future version of Rust: core v0.0.0 (/home/seven_wsl/.rustup/toolchains/nightly-2026-07-15-x86_64-unknown-linux-gnu/lib/rustlib/src/rust/library/core), memchr v2.8.2
note: to see what the problems were, use the option `--future-incompat-report`, or run `cargo report future-incompatibilities --id 1`
Allocated board session:
  board_type: OrangePi-5-Plus
  board_id: orangepi-5-plus-1
  session_id: ccff7999-8551-4d7e-99e9-3668aabb929e
  lease_expires_at: 2026-08-05 08:00:15.282995685 UTC
  boot_mode: uboot
Converting ELF to BIN format...
  elf: /home/seven_wsl/Workspace/starry/tgoskits-rt-ivc-m4-formal-20260804/target/aarch64-unknown-linux-musl/release/axvisor
  bin: /home/seven_wsl/Workspace/starry/tgoskits-rt-ivc-m4-formal-20260804/target/aarch64-unknown-linux-musl/release/axvisor.bin
/home/seven_wsl/.rustup/toolchains/nightly-2026-07-15-x86_64-unknown-linux-gnu/lib/rustlib/x86_64-unknown-linux-gnu/bin/llvm-objcopy --strip-all -O binary /home/seven_wsl/Workspace/starry/tgoskits-rt-ivc-m4-formal-20260804/target/aarch64-unknown-linux-musl/release/axvisor /home/seven_wsl/Workspace/starry/tgoskits-rt-ivc-m4-formal-20260804/target/aarch64-unknown-linux-musl/release/axvisor.bin
[2026-08-05T08:00:05Z INFO  ostool::run::uboot] Starting U-Boot runner...
[2026-08-05T08:00:05Z INFO  ostool::run::uboot] kernel from: /home/seven_wsl/Workspace/starry/tgoskits-rt-ivc-m4-formal-20260804/target/aarch64-unknown-linux-musl/release/axvisor.bin
[2026-08-05T08:00:05Z INFO  ostool::run::uboot] Using network interface hint: eth0
Waiting for remote board to power on through ostool-server...
BOARD_REBOOT_ARMED
Connection to 192.168.31.33 closed by remote host.
[2026-08-05T08:00:16Z INFO  uboot_shell] cmd: setenv autoload yes
[2026-08-05T08:00:16Z INFO  uboot_shell] cmd: setenv netmask 255.255.255.0
[2026-08-05T08:00:16Z INFO  uboot_shell] cmd: net list
[2026-08-05T08:00:17Z INFO  uboot_shell] cmd: bootdev hunt ethernet
[2026-08-05T08:00:25Z WARN  uboot_shell] cmd `bootdev hunt ethernet` failed: Timeout, retrying...
[2026-08-05T08:00:25Z INFO  ostool::run::uboot] Board network ok
[2026-08-05T08:00:25Z INFO  uboot_shell] cmd: setenv serverip 192.168.31.132
[2026-08-05T08:00:26Z INFO  uboot_shell] cmd: echo $fdt_addr_r
[2026-08-05T08:00:26Z INFO  uboot_shell] cmd: echo $ramdisk_addr_r
[2026-08-05T08:00:27Z INFO  uboot_shell] cmd: echo $kernel_addr_r
[2026-08-05T08:00:27Z INFO  ostool::run::uboot] Using $kernel_addr_r as kernel entry: 0x2000000
[2026-08-05T08:00:27Z INFO  uboot_shell] cmd: echo $kernel_comp_addr_r
[2026-08-05T08:00:27Z INFO  ostool::run::uboot] image load to kernel_comp_addr_r: 0xa000000
[2026-08-05T08:00:27Z INFO  uboot_shell] cmd: setenv loadaddr 0xa000000
[2026-08-05T08:00:28Z INFO  ostool::run::uboot] fitimage loadaddr: 0xa000000
[2026-08-05T08:00:28Z INFO  ostool::run::uboot] kernel entry: 0x2000000
[2026-08-05T08:00:28Z INFO  ostool::run::uboot] Using DTB from: /home/seven_wsl/Workspace/starry/tgoskits-rt-ivc-m4-formal-20260804/target/aarch64-unknown-linux-musl/release/ostool-ccff7999-8551-4d7e-99e9-3668aabb929e-orangepi-5-plus-starry.dtb
[2026-08-05T08:00:28Z INFO  ostool::boot::fit] Making FIT image...
[2026-08-05T08:00:28Z INFO  ostool::boot::fit] kernel: /home/seven_wsl/Workspace/starry/tgoskits-rt-ivc-m4-formal-20260804/target/aarch64-unknown-linux-musl/release/axvisor.bin (size: 3342384)
[2026-08-05T08:00:28Z INFO  ostool::boot::fit] 已读取 DTB 文件: /home/seven_wsl/Workspace/starry/tgoskits-rt-ivc-m4-formal-20260804/target/aarch64-unknown-linux-musl/release/ostool-ccff7999-8551-4d7e-99e9-3668aabb929e-orangepi-5-plus-starry.dtb (大小: 280038)
[2026-08-05T08:00:28Z INFO  ostool::boot::fit] FIT image ok: /home/seven_wsl/Workspace/starry/tgoskits-rt-ivc-m4-formal-20260804/target/aarch64-unknown-linux-musl/release/image.fit
[2026-08-05T08:00:28Z INFO  ostool::run::uboot] No TFTP config, using loady to upload FIT image...

send file
loady 0xa000000
## Ready for binary (ymodem) download to 0x0A000000 at 1500000 bps...
[2026-08-05T08:00:28Z INFO  uboot_shell::ymodem] Sending file: image.fit
C## Total Size      = 0x00374924 = 3623204 Bytes
## Start Addr      = 0x0A000000
=>
send ok
[2026-08-05T08:01:18Z INFO  ostool::run::uboot] Booting kernel with command: bootm
Interacting with U-Boot shell...
bootm
## Loading kernel (any) from FIT Image at 0a000000 ...
   Using 'config-ostool' configuration
   Verifying Hash IntegriOK
   Trying 'kernel' kernel subimage
     Description:  This kernel
     Type:         Kernel Image
     Compression:  unco    3342384 Bytes = 3.2 MiB
     Architecture: AArch64
     OS:           Linux
     Load Address: 0x02000000
     Entry Point:  0x02000000
   Verifying Hash Integrity ... OK
## Loading fdt (any) from FIT Image at 0a000000 ...
   Using 'config-ostool' configuration
   Verifying Hash Integrity ... OK
   Trying 'fdt' fdt subimage
     Description:  This fdt
     Type:         Flat Device Tree
     Compression:  uncompressed
     Data Start:   0x0a330218
     Data Size:    280038 Bytes = 273.5 KiB
     Architecture: AArch64
     Load Address: 0x12000000
   Verifying Hash Integrity ... OK
   Loading fdt from 0x0a330218 to 0x12000000
   Booting using the fdt blob at 0x12000000
Working FDT set to 12000000
   Loading Kernel Image to 2000000
   Loading Device Tree to 00000000ecb72000, end 00000000ecbb95e5 ... OK
Working FDT set to ecb72000

Starting kernel ...

root=/dev/mmcblk0p2 earlycon=uart8250,mmio32,0xfeb50000 rootwait rootfstype=ext4 splash=verbose console=ttyS2,1500000 console=ttMemory Map:
  Rsv    0x00000000110000 - 0x00000000200000 (960 KiB)
  Free   0x00000000200000 - 0x00000002000000 (30 MiB)
  KImg   0x00000002000000 - 0x00000002400000 (4 MiB)
  Free   0x00000002400000 - 0x0000000a100000 (125 MiB)
  Rsv    0x0000000a100000 - 0x0000000a145000 (276 KiB)
  Free   0x0000000a145000 - 0x0000000a200000 (748 KiB)
  Rsv    0x0000000a200000 - 0x0000000b65f000 (20.37 MiB)
  Free   0x0000000b65f000 - 0x00000010000000 (73.63 MiB)
  Rsv    0x00000010000000 - 0x00000020000000 (256 MiB)
  Free   0x00000020000000 - 0x000000f0000000 (3.25 GiB)
 000 - 0x000003fc000000 (11.94 GiB)
  Free   0x000003fc500000 -   Free   0x000004f0000000 - 0x00000500000000 (256 MiB)
Initialize RAM allocator: 0x200000..0x2000000
Initializing per-CPU data
Per-CPU data one cpu size: 0x43000 bytes
Total per-CPU data size for secondary CPUs: 0x218000 bytes (8 CPUs)
Flushed RAM used range to memory map: 0x200000..0x245000, current: 0x245000
Flushed RAM used range to memory map: 0x245000..0x45d000, current: 0x45d000
Per-CPU data allocated at 0x245000 - 0x45d000
Initializing per-CPU RAM for CPU0 - hard id 0x0 @ 0x245000
Initializing per-CPU RAM for CPU1 - hard id 0x100 @ 0x288000
Initializing per-CPU RAM for CPU2 - hard id 0x200 @ 0x2cb000
Initializing per-CPU RAM for CPU3 - hard id 0x300 @ 0x30e000
Initializing per-CPU RAM for CPU4 - hard id 0x400 @ 0x351000
Initializing per-CPU RAM for CPU5 - hard id 0x500 @ 0x394000
Initializing per-CPU RAM for CPU6 - hard id 0x600 @ 0x3d7000
Initializing per-CPU RAM for CPU7 - hard id 0x700 @ 0x41a000
CPU0 - hard id 0x0, stack top @0x288000, stack top virt @0xff0000288000, entry virt @0xffff8019b928
CPU1 - hard id 0x100, stack top @0x2cb000, stack top virt @stack top virt @0xff000030e000, entry virt @0xffff8019b928
CPU3 - hard id 0x300, stack top @0x351000, stack top virt @0xff0000351000, entry virt @0xffff8019b928
CPU4 - hard id 0x400, stack top @0x394000, stack top virt @0xff0000394000, entry virt @0xffff8019b928
CPU5 - hard id 0x500, stack top @0x3d7000, stack top virt @0xff00003d7000, entry virt @0xffff8019b928
CPU6 - hard id 0x600, stack top @0x41a000, stack top virt @0xff000041a000, entry virt @0xffff8019b928
CPU7 - hard id 0x700, stack top @0x45d000, stack top virt @0xff000045d000, entry virt @0xffff8019b928
EL: 2
Mapping early memory regions...
Ram                 : [0x0000000000200000, 0x00000000f0000000) -> [0x0000000000200000, 0x00000000f0000000) (3.75 GiB)
Ram                 : [0x0000000100000000, 0x00000003fc000000) -> [0x0000000100000000, 0x00000003fc000000) (11.94 GiB)
Ram                 : [0x00000003fc500000, 0x00000003fff00000) -> [0x00000003fc500000, 0x00000003fff00000) (58 MiRam                 : [0x00000004f0000000, 0x0000000500000000) -> [0x00000004f0000000, 0x0000000500000000) (256 MiB)
KImage              : [0x0000ffff80000000, 0x0000ffff80400000) -> [0x0000000002000000, 0x0000000002400000) (4 MiB)
PerCpu              : [0x0000ff0000245000, 0x0000ff000045d000) -> [0x0000000000245000, 0x000000000045d000) (2.09 MiB)
Debug serial        : [0x00000000feb50000, 0x00000000feb51000) -> [0x00000000feb50000, 0x00000000feb51000) (4 KiB)
Boot page table at physical address: 0x45d000
Setting up table registers...
MMU Entry point at physical address: 0x2196fb4
Trap vector at 0xffff80197800
Memory Map:
  Rsv    0x00000000110000 - 0x00000000245000 (1.21 MiB)
  PerCPU 0x00000000245000 - 0x0000000045d000 (2.09 MiB)
  Rsv    0x0000000045d000 - 0x0000000046c000 (60 KiB)
  Free   0x0000000046c000 - 0x00000002000000 (27.58 MiB)
  KImg   0x00000002000000 - 0x00000002400000 (4 Mx0000000a100000 (125 MiB)
  Rsv    0x0000000a100000 - 0x0000000a145000 (276 KiB)
  Free   0x0000000a145000 - 0x0000000a200000 (748 KiB)
  Rsv    0x0000000a200000 - 0x0000000b65f000 (20.37 MiB)
  Free   0x0000000b65f000 - 0x00000010000000 (73.63 MiB)
  Rsv    0x00000010000000 - 0x00000020000000 (256 MiB)
  Free   0x00000020000000 - 0x000000f0000000 (3.25 GiB)
  MMIO   0x000000feb50000 - 0x000000feb51000 (4 KiB)
  Free   0x00000100000000 - 0x000003fc000000 (11.94 GiB)
  Free   0x000003fc500000 - 0x000003fff00000 (58 MiB)
  Free   0x000004f0000000 - 0x00000500000000 (256 MiB)
Jumping to main entry point at 0xffff8017ea2c with SP 0x0000ff0000288000

       d8888                            .d88888b.   .d8888b.
      d88888                           d88P" "Y88b d88P  Y88b
     d88P888                           888     888 Y88b.
    d88P 888 888d888  .d8888b  .d88b.  888     888  "Y888b.
   d88P  888 888P"   d88P"    d8P  Y8b 888     888     "Y88b.
  d88P   888 888     888      88888888 888     888       "888
 d8888888888 888     Y88b.    Y8b.     Y88b. .d88P Y88b  d88P
d88P     888 888    88P  "Y8888   "Y88888P"   "Y8888P"

arch = aarch64
platform =ld_mode = 
log_level = info
backtrace = false
smp = 4

[37m[ 68.002924 ax_runtime:213] [32mLogging is enabled.[m
[m[37m[ 68.003409 ax_runtime:214] [32mPrimary CPU 0 started, arg = 0x200000.[m
[m[37m[ 68.004039 ax_runtime:216] [32mFound physcial memory regions:[m
[m[37m[ 68.004663 ax_runtime:218] [32m  [PA:0x110000, PA:0x245000) reserved (READ | WRITE | EXECUTE | RESERVED)[m
[m[37m[ 68.005554 ax_runtime:218] [32m  [PA:68.006446 ax_runtime:218] [32m  [PA:0x45d000, PA:0x46c000) reserved (READ | WRITE | EXECUTE | RESERVED)[m
[m[37m[ 68.007339 ax_runtime:218] [32m  [PA:0x46c000, PA:0x2000000) free memory (READ | WRITE | FREE)[m
[m[37m[ 68.008156 ax_runtime:218] [32m  [PA:0x2000000, PA:0x2400000) reserved (READ | WRITE | EXECUTE | RESERVED)[m
[m[37m[ 68.009063 ax_runtime:218] [32m  [PA:0x2400000, PA:0xa100000) free memory (READ | WRITE | FREE)[m
[m[37m[ 68.009888 ax_runtime:218] [32m  [PA:0xa100000, PA:0xa145000) reserved (READ | WRITE | EXECUTE | RESERVED)[m
[m[37m[ 68.010796 ax_runtime:218] [32m  [PA:0xa145000, PA:0xa200000) free memory (READ | WRITE | FREE)[m
[m[37m[ 68.011621 ax_runtime:218] [32m  [PA:0xa200000, PA:0xb65f000) reserved (READ | WRITE | EXECUTE | RESERVED)[m
[m[37m[ 68.012528 ax_runtime:218] [32m  [PA:0xb65f000, PA:0x10000000) free memory (READ | WRITE | FREE)[m
[m[37m[ 68.013361 ax_runtime:218] [32m  [PA:0x10000000, PA:0x20000000) reserved (READ | WRITE | EXECUTE | RESERVED)[m
[m[37m[ 68.014284 ax_runtime:218] [32m  [PA:0x20000000, PA:0xf0000000) free memory (READ | WRITE | FREE)[m
[m[37m[ 68.015124 ax_runtime:218] [32m  [PA:0xfeb50000, PA:0xfeb51000) mmio (READ | WRITE | DEVICE | RESERVED)[m
[m[37m[ 68.016009 ax_runtime:218] [32m  [PA:0x100000000, PA:0x3fc000000) free memory (READ | WRITE | FREE)[m
[m[37m[ 68.016864 ax_runtime:218] [32m  [PA:0x3fc500000, PA:0x3fff00000) free memory (READ | WRITE | FREE)[m
[m[37m[ 69 ax_runtime:218] [32m  [PA:0x4f0000000, PA:0x500000000) free memory (READ | WRITE | FREE)[m
[m[37m[ 68.018573 ax_runtime:360] [32mInitialize global memory allocator...[m
[m[37m[ 68.019196 ax_runtime:361] [32m  use buddy-slab-allocator allocator.[m
[m[37m[ 68.019821 ax_alloc::buddy_slab:150] [32mInitialize global memory allocator, start_vaddr: 0x100000000, size: 0x2fc000000[m
[m[37m[ 68.032344 ax_alloc::buddy_slab:399] [32mglobal allocator initialized[m
[m[37m[ 68.032969 ax_alloc::buddy_slab:160] [32mAdd memory region, start_vaddr: 0x46c000, size: 0x1b94000[m
[m[37m[ 68.033842 ax_alloc::buddy_slab:160] [32mAdd memory region, start_vaddr: 0x2400000, size: 0x7d00000[m
[m[37m[ 68.034809 ax_alloc::buddy_slab:160] [32mAdd memory region, start_vaddr: 0xa145000, size: 0xbb000[m
[m[37m[ 68.035644 buddy_slab_allocator::global:143] [32mGlobalAllocator: skip region 0xa145000+0xbb000, no allocator-visible memory after 2097152 alignment[m
[m[37m[ 68.036866 ax_alloc::buddy_slab:160] [32mAdd memory region, start_vaddr: 0xb65f000, size: 0x49a1000[m
[m[37m[ 68.037790 ax_alloc::buddy_slab:160] [32mAdd memory region, start_vaddr: 0x20000000, size: 0xd0000000[m
[m[37m[ 68.041790 ax_alloc::buddy_slab:160] [32mAdd memory region, start_vaddr: 0x3fc500000, size: 0x3a00000[m
[m[37m[ 68.042712 ax_alloc::buddy_slab:160] [32mAdd memory region, start_vaddr: 0x4f0000000, size: 0x10000000[m
[m[37m[ 68.043827 ax_runtime:253] [32mkernel aspace: [VA:0x0, VA:0xffffffffffffffff)[m
[m[37m[ 68.044512 ax_mm:92] [32mInitialize virtual memory management...[m
[m[37m[ 69.062954 ax_runtime:265] [32mInitialize platform devices...[m
[m[37m[ 69.117005 someboot::arch::power:23] [32mPower management method : SMC[m
[m[37m[ 69.117648 somehal::driver:5] [32mInitializing rdrive with FDT at 0x200000[m
[m[37m[ 69.431887 ax_task::api:149] [32mInitialize scheduling...[m
[m[37m[ 69.432454 ax_task::api:154] [32m  use FIFO sched[37m[ 69.532097 ax_driver::soc::scmi:55] [33m[scmi] SCMI shmem phandle 71 cannot be resolved by rdrive; using RK3588 shmem fallback 0x10f000+0x100[m
[m[37m[ 69.533286 ax_driver::soc::scmi:76] [32mSCMI SMC registered: smc_id=0x82000010, shmem_phandle=71, shmem=0x10f000+0x100[m
[m[37m[ 69.534937 ax_driver::soc::rockchip::cru::rk3588:60] [32mRK3588 CRU reg: addr=0xfd7c0000, size=0x5c000, rockchip,grf=<0x77>[m
[m[37m[ 69.536026 rockchip_soc::variants::rk3588::cru:122] [32mCRU@fd7c0000: Initializing and verifying clock configuration...[m
[m[37m[ 69.537027 rockchip_soc::variants::rk3588::cru:173] [33m⚠ CRU@fd7c0000: ACLK_BUS_ROOT div mismatch! u-boot: 3, current: 4[m
[m[37m[ 69.538069 rockchip_soc::variants::rk3588::cru:247] [32m✓ CRU@fd7c0000: Clock configuration verified[m
[m[37m[ 69.538949 ax_driver::soc::rockchip::cru::rk3588:79] [32mRK3588 CRU clock/reset registered successfully[m
[m[37m[ 69.541001 ax_driver::soc::rockchip::pm:61] [32mRockchip power-domain provider registered successfully[m
[m[37m[ 69.578573 ax_driver::soc::rockchip::pinctrl:239] [32mRockchip RK3588 pinctrl registered successfully[m
[m[37m[ 70.015321 ax_driver::soc::fixed_regulator:70] [32mFixed regulator vcc5v0_host enabled via pinctrl[m
[m[37m[ 70.109546 ax_driver::soc::fixed_regulator:70] [32mFixed regulator vcc3v3_pcie_eth enabled via pinctrl[m
[m[37m[ 70.154962 ax_driver::soc::fixed_regulator:70] [32mFixed regulator wifi_disable enabled via pinctrl[m
[m[37m[ 70.217616 ax_driver::block::rockchip::sd:218] [32m[mmc@fe2c0000] vqmmc-supply phandle Phandle(283) is not a fixed GPIO regulator; skip pinctrl enable[m
[m[37m[ 70.218911 ax_driver::soc::scmi:124] [32mSCMI clock enabled: clock_id=0x17[m
[m[37m[ 70.219576 ax_driver::block::rockchip::clock:53] [32m[mmc@fe2c0000] enabled SDMMC SCMI clock Some("biu") (0x17)[m
[m[37m[ 70.220530 ax_driver::soc::scmi:124] [32mSCMI clock enabled: clock_id=0x9[m
[m[37m[ 70.221184 ax_driver::block::rockchip::clock:53] [32m[mmc@fe2c0000] enabled SDMMC SCMI clock Some("civer::block::rockchip::clock:100]C clock Some("ciu-drive") (0x2c2)[m
[m[37m[ 70.223103 ax_drinabled SDMMC clock Some("ciu-sample") (0x2c3)[m
[m[37m[ 70.224098 ax_driver::block::rockchip129] [32mrockchip-dwmmc probe: node=mmc@fe2c0000, addr=0xfe2c00x4000[m
[m[37m[ 70.225203 ax_driver::soc::scmi:149] [32mSCMI clock rate set: clock_id=0x9, rate=50000000 Hz[m
[m[37m[ 76007 ax_driver::soc::scmi:95] [32mSCMI clock rate get: clock_id=0x9, rate=49500000 Hz[m
[m[37m[ 70.226798 ax_driver::block::rockchip::sd:142] [32mrockchip-dwmmc: using ciu reference clock 49500000 Hz[m
[m[37m[ 70.227785 ax_driver::block::rockchip::sd::phase:43] [32mrockchip-dwed: drive=90deg sample=0deg parent=49500000Hz[m
[m[37m[ 70.228983 ax_driver::block::rockchip::sd:160] [32mrockchip-dwmmc: initialize card through native host2 bus ops[m
[m[37m[ 70.229930 sdmmc_protocol::sdio::init:487] [32msdio: submit bus op ResetAll[m
[m[37m[ 70.230620 sdmmc_protocol::sdio::init:487] [32msdio: submit bus op PowerOn[m
[m[37m[ 70.241292 sdmmc_protocol::sdio::init:487] [32msdio: submit bus op SwitchVoltage(V330)[m
[m[37m[ 70.242050 sdmmc_protocol::sdio::init:449] [32msdio: submit bus op SetBusWidth(Bit1)[m
[m[37m[ 70.242792 sdmmc_protocol::sdio::init:449] [32msdio: submit bus op SetClock(Identification)[m
[m[37m[ 70.243596 ax_driver::soc::scmi:149] [32mSCMI clock rate set: clock_id=0x9, rate=800000 Hz[m
[m[37m[ 70.244382 ax_driver::soc::scmi:95] [32mSCMI clock rate get: c32mrockchip-dwmmc: ciu clock setrget=400000 Hz cclkin=800000 Hz bus=400000 Hz[m
[m[37m[ 70.278192 sdmmc_protocol::sdio::init:695] [32msdio: detected Sd ocr=0xc0ff8000[m
[m[37m[ 70.280258 sdmmc_protocol::sdio::init:849] [32msdio: CSD capacity_blocks=Some(62333952)[m
[m[37m[ 70.281319 sdmmc_protocol::sdio::init:863] [32msdio: switch SD bus width to 4-bit[m
[m[37m[ 70.282658 sdmmc_protocol::sdio::init:449] [32msdio: submit bus op SetBusWidth(Bit4)[m
[m[37m[ 70.283401 sdmmc_protocol::sdio::init:449] [32msdio: submit bus op SetClock(Default)[m
[m[37m[ 70.284151 ax_drck_id=0x9, rate=50000000 Hz[m
[ 70.284954 ax_driver::soc::scmi:95] [32mSCMI clock rate get: clock_id=0x9, rate=49500000 Hz[m
[m[37m[ 70.285743 ax_driver::block::rockchip::sd:91] [32mrockchip-dwmmc: ciu clock set target=25000000 Hz cclkin=49500000 Hz bus=24750000 Hz[m
[m[37m[ 70.289704 ax_driver::soc::scmi:149] [32mSCMI clock rate set: clock_id=0x9, rate=100000000 Hz[m
[m[37m[ 70.290514 ax_driver::soc::scmi:95] [32mSCMI clock rate get: clock_id=0x9, rate=99000000 Hz[m
[m[37m[ 70.291303 ax_driver::block::rockchip::sd:91] [32mrockchip-dwmmc: ciu clock set target=50000000 Hz cclkin=99000000 Hz bus=49500000 Hz[m
[m[37m[ 70.292442 sdmmc_protocol::sdio::init:1442] [32msdio: SD speed selected HighSpeed[m
[m[37m[ 70.293160 sdmmc_protocol::sdio::init:1463] [32msdio: init done kind=Sd sd_v2=true high_capacity=true rca=0xaaaa ocr=0xc0ff8000 host_bus_width=Bit4 ext_csd_bus_width=None ext_csd_timing=None[m
[m[37m[ 70.294705 ax_driver::block::rockchip::sd:169] [32mrockchip-dwmmc card: kind=Sd high_capacity=true rca=43690 ocr=0xc0ff8000 capacity_blocks=Some(62333952) cid=true ext_csd=false[m
[m[37m[ 70.296998 ax_driver::block::rockchip::sd::phase:67] [32mrockchip-dwmmc: sample phase probe 0deg: block0_ok=true mbr_sig=aa55 block0_head=[00, 00, 00, 00, 00, 00, 00, 00, 00, 00, 00, 00, 00, 00, 00, 00] block1_ok=true gpt_head=[45, 46, 49, 20, 50, 41, 52, 54][m
[m[37m[ 70.299060 ax_driver::block::rockchip::sd::phase:81] [32mrockchip-dwmmc: selected RK3588 SDMMC sample phase 0deg[m
[m[37m[ 70.300141 ax_driver::block::rockchip::sd:199] [32mrockchip-sd block device registered irq=None[m
[m[37m[ 70.301695 ax_driver::block::rockchiip::clock:100] [32m[mmc@fe2e000
[m[37m[ 70.305419 ax_driver: Some("timer") (0x13c)[m
[m[rockchip::sdhci_rk3588:166] [32[m[37m[ 70.307510 ax_driver::block::rockchip::sdhci_rk3588:176] [32mrockchip-sdhci: using external CRU clock[m
[m[37m[ 70.308377 ax_driver::block::rockchip::sdhci_rk3588:185] [32mrockchip-sdhci: initialize card through native host2 bus ops[m
[m[37m[ 70.309398 sdmmc_protocol::sdio::init:487] [32msdio: submit bus op ResetAll[m
[m[37m[ 70.310089 ax_driver::block::rockchip::sdhci_rk3588:252] [32mrockchip-sdhci: RK3588 DWCMSHC vendor reset area1=0x500[m
[m[37m[ 70.311070 sdmmc_protocol::sdio::init:487] [32msdio: submit bu[37m[ 70.321739 sdmmc_protocol::sdio::init:487] [32msdio: submit bus op SwitchVoltage(V330)[m
[m[37m[ 70.322511 sdmmc_prot[32msdio: submit bus op SetBusWidth(Bit1)[m
[m[37m[ 70.323253 sdmmc_protocol::sdio::init:449] [32msdio: submit bus op SetCification)[m
[m[37m[ 70.324060 ax_driver::block::rockchip::sdhci_rk3588:118] [32mrockchip-sdhci: core clock set to 375000 Hz[m
[m[37m[ 70.375835 sdmmc_protocol::sdio::init:780] [32msdio: detected Mmc ocr=0xc0ff8080[m
[m[37m[ 70.377986 sdmmc_protocol::sdio::init:849] [32msdio: CSD capacity_blocks=None[m
[m[37m[ 70.390394 sdmmc_protocol::sdio::init:950] [32msdio: EXT_CSD sector_count=122224640[m
[m[37m[ 70.391789 ax_driver::block::rockchip::sdhci_rk3588:118] [32mrockchip-sdhci: core clock set to 25000000 Hz[m
[m[37m::block::rockchip::sdhci_rk3588:208] [32mrockchip-sdhci block device registered irq=None[m
[m[37m[ 70.398706 ax_runtime::irq:120] [32mregistered rockchip-sd/0 irq IrqId { domain: IrqDomainId(7), hwirq: HwIrq(235) }[m
[m[37m[ 70.399706 ax_fs_ng::block::runtime::device:1359] [33mrdif filesystem block device rockchip-sd registered with IRQ-driven completion[m
[m[37m[ 70.400804 ax_fs_ng::block::runtime::device:1361] [32mregistered rdif filesystem block device rockchip-sd[m
[m[37m[ 70.401753 ax_runtime::irq:120] [32mregistered rockchip-sdhci/0 irq IrqId { domain: IrqDomainId(7), hwirq: HwIrq(237) }[m
[m[37m[ 70.402757 ax_fs_ng::block::runtime::device:1359] [33mrdif filesystem block device rockchip-sdhci registered with IRQ-driven completion[m
[m[37m[ 70.403879 ax_fs_ng::block::runtime::device:1361] [32mregistered rdif filesystem block device rockchip-sdhci[m
[m[37m[ 70.440096 ax_fs_ng::root:256] [32m    partition 1 name=Some("bootfs") fs=Some(Fat) lba 61440..2158592[m
[m[37m[ 70.441238 ax_fs_ng::root:256] [32m    partition 2 name=None fs=Some(Ext4) lba 2158592..61702144[m
[m[37m[ 70.442070 ax_fs_ng::root:272] [32m  block device 0 (rockchip-sd) has Gpt partition table with 2 partitions[m
[m[37m[ 70.458525 ax_fs_ng::root:256] [32m    partition 1 name=Some("uboot") fs=None lba 8192..16384[m
[m[37m[ 70.459594 ax_fs_ng::root:256] [32m    partition 2 name=Some("misc") fs=None lba 16384..24576[m
[m[37m[ 70.460623 ax_fs_ng::root:256] [32m    partition 3 name=Some("bootctrl") fs=None lba 24576..28672[m
[m[37m[ 70.461694 ax_fs_ng::root:256] [32m    partition 4 name=Some("resource") fs=None lba 28672..40960[m
[m[37m[ 70.462652 ax_fs_ng::root:256] [32m    partition 5 name=Some("boot_linux") fs=Some(Ext4) lba 40960..237568[m
[m[37m[ 70.463819 ax_fs_ng::root:256] [32m    partition 6 name=Some("ramdisk") fs=None lba 237568..245760[m
[m[37m[ 70.464824 ax_fs_ng::root:256] [32m    partition 7 name=Some("system") fs=Some(Ext4) lba 245760..4440064[m
[m[37m[ 70.465881 ax_fs_ng::root:256] [32m    partition 8 name=Some("vendor") fs=Some(Ext4) lba 4440064..6537216[m
[m[37m[ 70.466899 ax_fs_ng::root:256] [32m    partition 9 name=Some("sys-prod") fs=Some(Ext4) lba 6537216..6639616[m
[m[37m[ 70.467936 ax_fs_ng::root:256] [32m    partititem") fs=None lba 6807552..68403[37m[ 70.471190 ax_fs_ng::root:256] [32m    partition 13 name=Some("eng_chipset") fs=None lba 6840320..6873088[m
[m[37m[ 70.472259 ax_fs_ng::root:256] [32m    partition 14 name=Some("chip_ckm") fs=None lba 6938624..7069696[m
[m[37m[ 70.473436 ax_fs_ng::root:256] [32m    partition 15 name=Some("userdata") fs=None lba 19955712..122224576[m
[m[37m[ 70.474335 ax_fs_ng::root:272] [32m  block device 1 (rockchip-sdhci) has Gpt partition table with 15 partitions[m
[m[37m[ 70.475316 ax_fs_ng::root:382] [32m  matched root by device path on disk0 partition 2 (<unnamed>, fs=ext4, lba 2158592..61702144)[m
[m[37m[ 70.476395 ax_fs_ng:75] [32mInitialize filesystem subsystem...[m
[m[37m[ 70.476968 ax_fs_ng:76] [32m  selected root device: disk0 partition 2 (<unnamed>, fs=ext4, lba 2158592..61702144)[m
[m[37m[ 70.502989 rsext4::ext4::mount:327] [32m/lost+found exists (superblock hint inode=11)[m
[m[37m[ 70.504705 rsext4::ext4::mount:462] [32mExt4 filesystem mounted[m
[m[37m[ 70.505289 rsext4::ext4::mount:463] [32m  - block size: 4096 bytes[m
[m[37m[ 70.505893 rsext4::ext4::mount:464] [32m  - total blocks: 7442944[m
[m[37m[ 70.506493 rsext4::ext4::mount:465] [32m  - free blocks: 5965423[m
[m[37m[ 70.507085 rsext4::ext4::mount:466] [32m  - total inodes: 1845888[m
[m[37m[ 70.507686 rsext4::ext4::mount:467] [32m  - free inodes: 1796842[m
[m[37m[ 70.508278 rsext4::ext4::sync:13] [32mSyncing filesystem...[m
[m[37m[ 70.519619 rsext4::ext4::mount:546] [32mExt4 filesystem mounted[m
[m[37m[ 70.520224 ax_fs_ng:88] [32m  filesystem type: "ext4"[m
[m[37m[ 70.531238 ax_fs_ng::root:518] [32m  mounting partition disk0 partition 1 (bootfs, fs=fat, lba 61440..2158592) at /boot[[37m[ 70.533407 ax_runtime::mp:79] [32mSecondary CPU 1 started.[m
[m[37m[ 70.534855 ax_runtime::mp:79] [32mSecondary CPU 2 started.[m
[m[37m[ 70.535329 ax_runtime::mp:107] [32mSecondary CPU 1 init OK.[m
[m[37m[ 70.536689 ax_runtime:336] [32mPrimary CPU 0 init OK.[m
[m[37m[ 70.536689 ax_runtime::mp:79] [32mSecondary CPU 3 started.[m
[m[37m[ 70.537495 ax_runtime::mp:107] [32mSecondary CPU 2 init OK.[m
[m[37m[ 70.540603 ax_runtime::mp:107] [32mSecondary CPU 3 init OK.[m
[m

       d8888            888     888  d8b
      d88888            888     888  Y8P
     d88P888            888     888
    d88P 888  888  888  Y88b   d88P  888  .d8888b    .d88b.   888d888
   d88P  888  `Y8bd8P'   Y88b d88P   888  88K       d88""88b  888P"
  d88P   888    X88K      Y88o88P    888  "Y8888b.  888  888  888
 d8888888888  .d8""8b.     Y888P     888       X88  Y88..88P  888
d88P     888  888  888      Y8P      888   88888P'   "Y88P"   888


by AxVisor Team

[37m[ 70.544840 0:2 axvisor:57] [32mStarting virtualization...[m
[m[37m[ 70.545383 0:2 axvm::host::arceos:230] [32mEnabling hardware virtualization support on all cores...[m
[m[37m[ 70.546235 0:2 axvm::host::arceos:236] [32mCore 0 is initializing hardware virtualization support...[m
[m[37m[ 70.547097 0:2 axvm::timer:101] [32mInitializing AxVM timer wheel...[m
[m[37m[ 70.547722 0:2 axvm::host::arceos:238] pport enabled on core 0[m
[m[37m[ 70.549546 1:11 axvm::host::arceos:248] [32mCore 1 is initializing hardware virtualization support...[m
[m[37m[ 70.550412 1:11 axvm::timer:101] [32mInitializing AxVM timer wheel...[m
[m[37m[ 70.550913 2:12 axvm::host::arceos:248] [32mCore 2 is initializing hardware virtualization support...[m
[m[37m[ 70.551044 1:11 axvm::host::arceos:251] [32mHardware virtualization support enabled on core 1[m
[m[37m[ 70.552658 0:2 axvm::host::arceos:264] [32mWaiting for all cores to enable hardware virtualization...[m
[m[37m[ 70.551912 2:12 axvm::timer:101] [32mInitializing AxVM timer wheel...[m
[m[37m[ 70.552662 3:13 axvm::host::arceos:248] [32mCore 3 is initializing hardware virtualization support...[m
[m[37m[ 70.554225 2:12 axvm::host::arceos:251] [32mHardware virtualization support enabled on core 2[m
[m[37m[ 70.555093 xVM timer wheel...[m
[m[37m[ation support enabled on core 3[37m[ 70.557576 0:2 axvm::arch::aarch64::gic:59] [32mUsing per-CPU GICv3 system registers for virtual IRQs[m
[m[37m[ 70.641048 0:2 axvm::arch::aarch64::gic:175] [32mAArch64 host virtual-timer PPI 27 is available for guest forwarding[m
[37m[ 70.718281 0:2 axvm::arch::aarch64::fdt::core::parser:386] [32mCPU node: /cpus/cpu@0, node_id: 0x0, guest_cpu_id: 0x0[m
[m[37m[ 70.719291 0:2 axvm::arch::aarch64::fdt::core::parser:386] [32mCPU node: /cpus/cpu@100, node_id: 0x100, guest_cpu_id: 0x100[m
[m[37m[ 70.720340 0:2 axvm::arch::aarch64::fdt::core::parser:386] [32mCPU node: /cpus/cpu@200, node_id: 0x200, guest_cpu_id: 0x200[m
[m[37m[ 70.721387 0:2 axvm::arch::aarch64::fdt::core::parser:386] [32mCPU node: /cpus/cpu@300, node_id: 0x300, guest_cpu_id: 0x300[m
[m[37m[ 70.722434 0:2 axvm::arc64::fdt::core::parser:386] [32mCPU node: /cpus/cpu@400, node_id: 0x400, guest_cpu_id: 0x400[m[37m[ 70.723483 0:2 axvm::arch::aarch64::fdt::core::parser:386] [32mCPU node: /cpus/cpu@500, node_id: 0x500, guest_cpu_id: 0x500[m
[m[37m[ 70.724531 0:2 axvm::arch::aarch64::fdt::core::parser:386] [32mCPU node: /cpus/cpu@600, node_id: 0x600, guest_cpu_id: 0x600[m
[m[37m[ 70.725583 0:2 axvm::arch::aarch64::fdt::core::parser:386] [32mCPU node: /cpus/cpu@700, node_id: 0x700, guest_cpu_id: 0x700[m
[m[37m[ 70.738565 0:2 axvm::arch::aarch64::fdt::core::parser:393] [32mFound 8 host CPU nodes[m
[m[37m[ 70.739321 0:2 axvm::arch::aarch64::fdt::core:68] [32mVM[1] found DTB, parsing...[m
[m[37m[ 94.763629 0:2 axvisor::config:139] [32mCreating VM[1] "starry-ort-ivc-orangepi"[m
[m[37m[ 94.764382 0:2 axvm::vm:637] [32mVM created: id=1[m
[m[37m[ 95.261011 0:2 axvisor::config:151] [32mVM[1] created success, loading images...[m
[m[37m[ 97.288935 0:2 axdevice::device:1350] [32mAxVmDevices: registered device id=0[m
[m[37m[ 97.289626 0:2 axdevice::device:336] [32mGPPT Distributor initialized with base GPA 0x8000000 and length 0x10000[m
[m[37m[ 97.290589 0:2 axdevice::device:1350] [32mAxVmDevices: registe37m[ 97.293013 0:2 axdevice::dev] [32mGPPT Redistributor initialized for vCPU 1 with base GPA 0000 and length 0x20000[m
[m[37m[ 97.294069 0:2 axdevice::dev[32mAxVmDevices: registered device id=3[m
[m[37m[ 97.294753 0:2 axdevice::device:518] [32mvirtio-blk 'virtio-blk-starry' initialized at GPA 0xa000000 IRQ 48 with backing 0 (167772160 bytes)[m
[m[37m[ 97.295921 0:2 axdevice::device:1350] [32mAxVmDevices: registered device id=4[m
[m[37m[ 97.296606 0:2 axdevr mode Negotiated (MAC 52:54:00:00:00:01)[m
[m[37m[ 97.297968 0:2 axdevice::device:1350] [32mAxVmDevices: registered device id=5[m
[m[37m[ 97.298653 0:2 axvm::arch::aarch64::vm:134] ch64 PL011 console 'pl011-starry' initialized at GPA 0x9000000 with length 0x1000[m
[m[37m[ 97.299767 0:2 axdevice::device:1350] [32mAxVmDevices: registered device id=6[m
[m[37m[ 97.300455 0:2 axdevice::device:1350] [32mAxVmDevices: registered device id=7[m
[m[37m[ 97.301144 0:2 axdevice::device:1350] [32mAxVmDevices: registered device id=8[m
[m[37m[ 97.301863 0:[37m[ 97.368793 0:2 axvm::arch::aarch64::fdt::core::parser:386] [32mCPU node: /cpus/cpu@0, node_id: 0x0, guest_cpu_id: 0x0[m
[m[37m[ 97.369804 0:2 axvm::arch::aarch64::fdt::core::parser:386] [32mCPU node: /cpus/cpu@100, node_id: 0x100, guest_cpu_id: 0x100[m
[m[37m[ 97.370854 0:2 axvm::arch::aarch64::fdt::core::parser:386] [32mCPU node: /cpus/cpu@200, node_id: 0x200, guest_cpu_id: 0x200[m
[m[37m[ 97.371902 0:2 axvm::arch::aarch64::fdt::core::parser:386] [32mCPU node: /cpus/cpu@300, node_id: 0x300, guest_cpu_id: 0x300[m
[m[37m[ 97.372951 0:2 axvm::arch::aarch64::fdt::core::parser:386] [32mCPU node: /cpus/cpu@400, node_id: 0x400, guest_cpu_id: 0x400[m
[m[37m[ 97.374001 0:2 axvm::arch::aarch64::fdt::core::parser:386] [32mCPU node: /cpuu_id: 0x600[m
[m[37m[ 97.376104 0:2 axvm::arch::aarch64::fdt::core::parser:386] [32mCPU node: /cpus/cpu@700, node_id: 0x700, guest_cpu_id: 0x700[m
[m[37m[ 97.384842 0:2 axvm::arch::aarch64::fdt::core::parser:393] [32mFound 8 host CPU nodes[m
[m[37m[ 97.385596 0:2 axvm::afdt::core:77] [32mVM[2] DTB not found, generating from the VM configuration[m
[m[37m[ 97.492162 0:2 axvm::arch::aarch64::fdt::core::device:96] [32mFound excluded devices: [][m
[m[37m[ 97.530917 0:2 axvisor::config:139] [32mCreating VM[2] "zephyr-ivc-orangepi"[m
[m[37m[ 97.531631 0:2 axvm::vm:637] [32mVM created: id=2[m
[m[37m[ 97.780202 0:2 axvisor::config:151] [32mVM[2] created success, loading images...[m
[m[37m[ 97.782081 0:2 axdevice::device:1350] [32mAxVmDevices: registered device id=0[m
[m[37m[ 97.782769 0:2 axdevice::device:336] [32mGPPT Distributor initialized with base GPA 0x8000000 and length 0x10000[m
[m[37m[ 97.783732 0:2 axdevice::device:1350] [32mAxVmDevices: registered device id=1[m
[m[37m[ 97.784416 0:2 axdevice::device:311] [32mGPPT Redistributor initialized for vCPU 0 with base GPA 0x80a0000 and length 0x20000[m
6156 0:2 axdevice::device:576] [32mvirtio-net 'virtio-net-zephyr' initialized at GPA 0xa002000 IRQ 64 segment 1 header mode Fix[37m[ 97.787556 0:2 axdevice::device:1350] [32mAxVmDevices: registered device id=3[m
[m[37m[ 97.788240 0:2 axvm::arch::aarch64::vm:134] [32mAArch64 PL011 console 'pl011-zephyr' initialized at GPA 0x9000000 with length 0x1000[m
[m[37m[ 97.789356 0:2 axdevice::device:1350] [32mAxVmDevices: registered device id=4[m
[m[37m[ 97.790044 0:2 37m[ 97.790732 0:2 axdevice::device:1350] [32mAxVmDevices: regi[ 97.791449 0:2 axvm::vm::prepare:101] [32mVM setup: id=2[m
[m[37m[ 97.792037 0:2 axvm::runtime:35] [32mInitializing VMM..runtime:40] [32mVMM starting, booting VMs...[m
[m[37m[ 97.793167 0:2 axvm::vm:824] [32mStarting VM[1][m
[m[37m[ 97.793632 0:2 axvm::runtime::vcpus:236] [32mSpawning task for VM[1] VCpu[0][m
[m[37m[ 97.794328 0:2 axvm::runtime::vcpus:274] [32mVCpu task Task(14, "VM[1]-VCpu[0]") created cpumask: [1, ], initial CPU 1[m
[m[37m[ 97.795355 0:2 axvm::runtime:48] [32mVM[1] boot success[m
[m[37m[ 97.795875 0:2 axvm::vm:824] [32mStarting VM[2][m
[m[37m[ 97.796341 0:2 axvm::runtime::vcpusVCpu[0]") created cpumask: [0, ], initial CPU 0[m
[m[37m[ 97.798038 0:2 axvm::runtime:48] [32mVM[2] boot success[m
[m[37m[ 97.798570 0:15 axvm::runtime::vcpus:332] [32mVM[2] VCpu[0] waiting for running[m
[m[37m[ 97.799272 0:15 axvm::runtime::vcpus:335] [32mVM[2] VCpu[0] running...[m
[m[37m[ 97.799909 0:15 axvm::arch::aarch64::gic:361] [33mVirtual interrupt interface not enabled, enabling now[m
[m[37m[ 97.800792 0:15 axvm::runtime::vcpus:337] [32mVM[2] VCpu[0] first-run architecture [guest-console:pl011-starry] console=ttyAMA0,115200 earlycon=pl011,0x09000000 root=/dev/vda rw fsck.repair=yes
[guest-console:pl011-starry] VM Load @0x80200000
[guest-console:pl011-starry] VM Load Offset: 0x100200000
[guest-console:pl011-starry] Memory Map:
[guest-console:pl011-starry]   Free   0x00000080000000 - 0x00000080200000 (2 MiB)
[guest-console:pl011-starry]   KImg   0x00000080200000 - 0x00000081000000 (14 MiB)
[guest-console:pl011-starry]   Free   0x00000081000000 - 0x00000090000000 (240 MiB)
[guest-console:pl011-starry] Initialize RAM allocator: 0x81000000..0x90000000
[guest-console:pl011-starry] Initializing per-CPU data
[guest-console:pl011-starry] Per-CPU data one cpu size: 0x41000 bytes
[guest-console:pl011-starry] Total per-CPU data size for secondary CPUs: 0x82000 bytes (2 CPUs)
[guest-console:pl011-starry] Flushed RAM used range to memory map: 0x81000000..0x81001000, current: 0x81001000
[guest-console:pl011-starry] Flushed RAM used range to memory map: 0x81001000..0x81083000, current: 0x81083000
[guest-console:pl011-starry] Per-CPU data allocated at 0x81001000 - 0x81083000
[guest-console:pl011-starry] Initializing per-CPU RAM for CPU0 - hard id 0x100 @ 0x81001000
[guest-console:pl011-starry] Initializing per-CPU RAM for CPU1 - hard id 0x200 @ 0x81042000
[guest-console:pl011-starry] CPU0 - hard id 0x100, stack top @0x81042000, stack top virt @0xffffff0081042000, entry virt @0xffff[guest-console:pl011-starry] CPU1 - hard id 0x200, stack top @0x81083000, stack top virt @0xffffff0081083000, entry virt @0xffffffff80364420
[guest-console:pl011-starry] EL: 1
[guest-console:pl011-starry] Mapping early memory regions...
[guest-console:pl011-starry] Ram                 : [0xffff000080000000, 0xffff000090000000) -> [0x0000000080000000, 0x0000000090000000) (256 MiB)
[guest-console:pl011-starry] KImage              : [0xffffffff80000000, 0xffffffff80e00000) -> [0x0000000080200000, 0x0000000081000000) (14 MiB)
[guest-console:pl011-starry] PerCpu              : [0xffffff0081001000, 0xffffff0081083000) -> [0x0000000081001000, 0x0000000081083000) (520 KiB)
[guest-console:pl011-starry] Debug serial        : [0xffff000009000000, 0xffff000009001000) -> [0x0000000009000000, 0x0000000009001000) (4 KiB)
[guest-console:pl011-starry] Boot page table at physical address: 0x81083000
[guest-console:pl011-starry] Setting up table registers...
[guest-console:pl011-starry] MMU Entry point at physical address: 0x805679b0
[guest-console:pl011-starry] Trap vector at 0xffffffff80360800
[guest-console:pl011-starry] Memory Map:
[guest-console:pl011-starry]   MMIO   0x00000009000000 - 0x00000009001000 (4 KiB)
[guest-console:pl011-starry]   Free   0x00000080000000 - 0x00000080200000 (2 MiB)
[guest-console:pl011-starry]   KImg   0x00000080200000 - 0x00000081000000 (14 MiB)
[guest-console:pl011-starry]   Rsv    0x00000081000000 - 0x00000081001000 (4 KiB)
[guest-console:pl011-starry]   PerCPU 0x00000081001000 - 0x00000081083000 (520 KiB)
[guest-console:pl011-starry]   Rsv    0x00000081083000 - 0x0000008108d000 (40 KiB)
[guest-console:pl011-sta[guest-console:pl011-starry]       d88888                       [guest-console:pl011-starry]     d88P 888 888d888  .d8888b  .d88b.  888     888  "Y888b.
[guest-console:pl011-starry]    d88P  888 888P"   d88P"    d8P  Y8b 888     888     "Y88b.
[guest-cOS-NET mac=52:54:00:00:00:02 expected=52:54:00:00:00:02
[guest[guest-console:pl011-starry]  d8888888888 888     Y88b.    Y8b.     Y88b. .d88P Y88b  d88P
[guest-console:pl011-zephyr] IVC-RTOS-READY bind=10.0.0.2:5500 mac=52:54:00:00:00:02 window_bits=64 ack_loss_drop_every=0 expected_888P"   "Y8888P"
[guest-consolrry] 
[guest-console:pl011-starry] arch = aarch64
[guest-console:pl011-starry] platform = AxVisor Orange Pi 5 Plus IVC StarryOS guest
[guest-console:pl011-starry] target = aarch64-unknown-none-softfloat
[guest-console:pl011-starry] build_mode = 
[guest-console:pl011-starry] log_level = info
[guest-console:pl011-starry] backtrace = false
[guest-console:pl011-starry] smp = 2
[guest-console:pl011-starry] 
[guest-console:pl011-starry] [37m[  0.788969 ax_runtime:213] [32mLogging is enabled.[m
[guest-console:pl011-starry] [m[37m[  0.790870 ax_runtime:214] [32mPrimary CPU 0 started, arg = 0x81000000.[m
[guest-console:pl011-starry] [m[37m[  0.793334 ax_runtime:216] [32mFound physcial memory regions:[m
[guest-console:pl011-starry] [m[37m[  0.795609 ax_runtime:218] [32m  [PA:0x9000000, PA:0x9001000) mmio (READ | WRITE | DEVICE | RESERVED)[m
[guest-console:pl011-starry] [m[37m[  0.798858 ax_runtime:218] [32m  [PA:0x80000000, PA:0x80200000) free memory (READ | WRITE | FREE)[m
[guest-console:pl011-starry] [m[37m[  0.802001 ax_runtime:218] [32m  [PA:0x80200000, PA:0x81000000) reserved (READ | WRITE | EXECUTE | RESERVED)[m
[guest-console:pl011-starry] [m[37m[  0.805439 ax_runtime:218] [32m  [PA:0x81000000, PA:0x81001000) reserved (READ | WRITE | EXECUTE | RESERVED)[m
[guest-console:pl011-starry] [m[37m[  0.808868 ax_runtime:218] [32m  [PA:0x81001000, PA:0x81083000) reserved (READ | WRITE | EXECUTE | RESERVED)[m
[guest-console:pl011-starry] [m[37m[  0.812296 ax_runtime:218] [32m  [PA:0x81083000, PA:0x8108d000) reserved (READ | WRITE | EXECUTE | RESERVED)[m
[guest-console:pl011-starry] [m[37m[  0.815735 ax_runtime:218] [32m  [PA:0x8108d000, PA:0x90000000) free memory (READ | WRITE | FREE)[m
[guest-console:pl011-starry] [m[37m[  0.818875 ax_runtime:360] [32mInitialize global memory allocator...[m
[guest-console:pl011-starry] [m[37m[  0.821261 ax_runtime:361] [32m  use buddy-slab-allocator [guest-console:pl011-starry] [m[37m[  0.823652 ax_alloc::buddy_slab:150] [32mInitialize global memory allocator, start_vaddr: 0xffff00008108d000, size: 0xef73000[m
[guest-console:pl011-starry] [m[37m[  0.827750 ax_alloc::buddy_slab:399] [32mglobal allocator initialized[m
[guest-console:pl011-starry] [m[37m[  0.830164 ax_alloc::buddy_slab:160] [32mAdd memory region, start_vaddr: 0xffff000080000000, size: 0x200000[m
[guest-console:pl011-starry] [m[37m[  0.833569 buddy_slab_allocator::global:143] [32mGlobalAllocator: skip region 0xffff000080000000+0x200000, no allocator-visible memory after 2097152 alignment[m
[guest-console:pl011-starry] [m[37m[  0.838301 ax_runtime:253] [32mkernel aspace: [VA:0xffff000000000000, VA:0xffffffffffffffff)[m
[guest-console:pl011-starry] [m[37m[  0.841310 ax_mm:92] [32mInitialize virtual memory management...[m
[guest-console:pl011-starry] [m[37m[  0.860698 ax_runtime:265] [32mInitialize platform devices...[m
[guest-console:pl011-starry] [m[37m[  0.864169 someboot::arch::power:23] [32mPower management method : HVC[m
[guest-console:pl011-starry] [m[37m[  0.866633 somehal::driver:5] [32mInitializing rdrive with FDT at 0xffff000081000000[m
[guest-console:pl011-starry] [m[37m[  0.882432 ax_task::api:149] [32mInitialize scheduling...[m
[guest-console:pl011-starry] [m[37m[  0.884618 ax_task::api:154] [32m  use Round-robin scheduler.[m
[guest-console:pl011-starry] [m[37m[  0.886838 ax_runtime:291] [32mInitialize interrupt handlers...[m
[guest-console:pl011-starry] [m[37m[  0.889908 ax_runtime::devices:2] [32mProbe platform devices...[m
[guest-console:pl011-starry] [m[37m[  0.892848 ax_driver::serial::pl011:22] [32mProbing PL011 serial device: serial@9000000[m
[guest-console:pl011-starry] [m[37m[  0.895837 ax_driver::serial::pl011:39] [32mPL011 serial@0xffff000009000000 registered successfully[m
[guest-console:pl011-starry] [m[37m[  0.899397 virtio_drivers::device::blk:63] [32mfound a block device of size 163840KB[m
[guest-console:pl011-starry] [m[37m[  0.902366 ax_driver::virtio::block:91] [32mregistered virtio block device[m
[guest-console:pl011-starry] [m[37m[  0.905156 virtio_drivers::device::net::dev_raw:33] [32mnegotiated_features Features(MAC | VERSION_1)[m
[guest-console:pl011-starry] [m[37m[  0.908758 ax_driver::virtio::net:407] [32mregistered virtio network device irq=None[m
[guest-console:pl011-starry] [mBoot at 1970-01-01 00:00:00.911620500 UTC
[guest-console:pl011-starry] 
[guest-console:pl011-starry] [37m[  0.913464 ax_runtime::irq:120] [32mregistered virtio-blk/0 irq IrqId { domain: IrqDomainId(7), hwirq: HwIrq(48) }[m
[guest-console:pl011-starry] [m[37m[  0.917074 ax_fs_ng::block::runtime::device:1359] [33mrdif filesystem block device virtio-blk registered with IRQ-driven completion[m
[guest-console:pl011-starry] [m[37m[  0.921141 ax_fs_ng::block::runtime::device:1361] [32mregistered rdif filesystem block device virtio-blk[m
[guest-console:pl011-starry] [m[37m[  0.925024 ax_fs_ng::root:249] [32m    raw device fs=Some(Ext4)[m[guest-console:pl011-starry] [m[37m[  0.927303 ax_fs_ng::root:280] [32m  block device 0 (virtio-blk) has no usable partition table; treating the whole disk as a candidate[m
[guest-console:pl011-starry] [m[37m[  0.931457 ax_fs_ng::root:389] [32m  matched root by raw [guest-console:pl011-starry] [m[37m[  0.934393 ax_fs_ng:75] [32mInitialize filesystem subsystem...[m
[guest-console:pl011-starry] [m[37m[  0.936637 ax_fs_ng:76] [32m  selected root device: disk0 raw device[m
[guest-console:pl011-starry] [m[37m[  0.939294 rsext4::crc32c::arm[guest-console:pl011-starry] [m[37m[  0.941775 rsext4::crc32c::arm64:57] [33mHardware CRC32C support detected.[m
[guest-console:pl011-starry] [m[37m[  0.946855 rsext4::ext4::mount:340] [32m/lost+found exists (path resolution, repaired hint inode=11)[m
[guest-console:pl011-starry] [m[37m[  0.950772 rsext4::ext4::mount:462] [32mExt4 filesystem mounted[m
[guest-console:pl011-starry] [m[37m[  0.953048 rsext4::ext4::mount:463] [32m  - block size: 4096 bytes[m
[guesnsole:pl011-starry] [m[37m[  0.955409 rsext4::ext4::mount:464] [32m  - total blocks: 40960[m
[guest-console:pl011-starry] [m[37m[  0.957679 rsext4::ext4::mount:465] [32m  - free blocks: 26245[m
[guest-console:pl011-starry] [m[37m[  0.959935 rsext4::ext4::mount:466] [32m  - total inodes: 16384[m
[guest-console:pl011-starry] [m[37m[  0.962205 rsext4::ext4::mount:467] [32m  - free inodes: 16316[m
[guest-console:pl011-starry] [m[37m[  0.964454 rsext4::ext4::sync:13] [32mSyncing filesystem...[m
[guest-console:pl011-starry] [m[37m[  0.968706 rsext4::ext4::mount:546] [32mExt4 filesystem mounted[m
[guest-console:pl011-starry] [m[37m[  0.971031 ax_fs_ng:88] [32m  filesystem type: "ext4"[m
[guest-console:pl011-starry] [m[37m[  0.974567 ax_net:189] [32mInitialize network subsystem...[m
[guest-console:pl011-starry] [m[37m[  0.976976 ax_net:209] [32m  use NIC 0: "virtio-net"[m
[guest-console:pl011-starry] [m[37m[  0.979285 ax_runtime::irq:120] [32mregistered eth0 irq IrqId { domain: IrqDomainId(7), hwirq: HwIrq(56) }[m
[guest-console:pl011-starry] [m[37m[  0.982715 ax_net:235] [32meth0:[m
[guest-console:pl011-starry]236] [32m  id:   2[m
[guest-console:pl011-starry] [m[37m[  0.985742 ax_net:237] [32m  mac:  52-54-00-00-00-01[m
[guest-console:pl011-starry] [m[37m[  0.987730 ax_net:254] [32m  mode: dhcp[m
[guest-console:pl011-starry] [m[37m[  0.989375 ax_net:292] [32mDevice: lo[m
[guest-console:pl011-starry] [m[37m[  0.990996 ax_net:292] [32mDevice: eth0[m
[guest-console:pl011-starry] [m[37m[  0.992691 ax_net::service:606] [32meth0: DHCP enabled[m
[guest-console:pl011-starry] [m[37m[  2.998363 ax_net:937] [33mDHCP bootstrap timed out[m
[37m[100.303481 1:14 axvm::arch:274] [32mVCpu task Task(16, "VM[1]-VCpu[1]") created cpumask: [guest-console:pl011-starry] [m[37m[  3.009419 ax_runtime:336][guest-console:pl011-starry] [m[37m[  3.014396 ax_runtime::mp:107] [32mSecondary CPU 1 init OK.[m
[guest-console:pl011-starry] [m[37m[  3.016657 0:2 ktracepoint:282] [32mtracepoint_data_start: 0xffffffff804adc78, tracepoint_data_end: 0xffffffff804adcd8[m
[guest-console:pl011-starry] [m[37m[  3.020392 0:2 ktracepoint:297] [32mtracepoint_data_len: 6[m
[guest-console:pl011-starry] [m[37m[  3.022534 0:2 ktracepoint:314] [32mtracepoint registered: sched:sched_process_exit[m
[guest-console:pl011-starry] [m[37m[  3.025337 0:2 ktracepoint:314] [32mtracepoint registered: sched:sched_process_fork[m
[guest-console:pl011-starry] [m[37m[  3.028136 0:2 ktracepoint:314] [32mtracepoint registered: sched:sched_switch[m
[guest-console:pl011-starry] [m[37m[  3.030787 0:2 ktracepoint:314] [32mtracepoint registered: syscalls:sys_clone[m
[guest-console:pl011-starry] [m[37m[  3.033426 0:2 ktracepoint:314] [32mtracepoint registered: syscalls:sys_enter_openat[m
[guest-console:pl011-starry] [m[37m[  3.036261 0:2 ktracepoint:314] [32mtracepoint registered: syscalls:sys_mkdirat[m
[guest-console:pl011-starry] [mInitialized 6 tracepoints
[guest-console:pl011-starry] kmod subsystem initialized
[guest-console:pl011-starry] [37m[  3.040988 0:2 starry_kernel::pseudofs:84] [32mInitialize pseudofs...[m
[guest-console:pl011-starry] [m[37m[  3.043898 0:2 starry_kernel::pseudofs::dev::tty::serial:343] [32mttyS0 registered: path=/serial@9000000, alias=Some(0), paddr=0x9000000, mapped=0xffff000009000000, irq=IrqId { domain: IrqDomainId(7), hwirq: HwIrq(33) }, mode=interrupt[m
[guest-console:pl011-starry] [m[37m[  3.050734 0:2 starry_kernel::pseudofs::dev::tty::serial:264] [32m/dev/console bound to ttyS0[m
[guest-console:pl011-starry] [m[37m[  3.054346 0:2 starry_kernel::pseudofs:78] [32mMounted devfs at /dev[m
[guest-console:pl011-starry] [m[37m[  3.056759 0:2 starry_kernel::pseudofs::usbfs:51] [32musbfs: initializing manager[m
[guest-console:pl011-starry] [m[37m[  3.059520 0:2 starry_kernel::pseudofs::usbfs::manager:1401] [32musbfs: discovered 0 USB [guest-console:pl011-starry] [m[37m[  3.062668 0:2 starry_kernel::pseudofs::usbfs:54] [32musbfs: no USB host found, skip mounting usbfs[m
[guest-console:pl011-starry] [m[37m[  3.065949 0:2 starry_kernel::pseudofs:78] [32mMounted tmpfs at /dev/shm[guest-console:pl011-starry] [m[37m[  3.075329 0:2 starry_kernel::pseudofs:78] [32mMounted tmpfs at /tmp[m
[guest-console:pl011-starry] [m[37m[  3.077901 0:2 starry_kernel::dyn_debug:61] [32mdebug_init: initializing dynamic debug sites[m
[guest-console:pl011-starry] [m[37m[  3.081798 0:2 starry_kernel::dyn_debug:64] [32mdebug_init: found 191 dynamic debug sites[m
[guest-console:pl011-starry] [m[37m[  3.084782 0:2 starry_kernel::pseudofs::proc:73] [32mRead kallsyms, size: 1287KB[m
[guest-console:pl011-starry] [m[37m[  3.118369 0:2 starry_kernel::pseudofs:78] [32mMounted proc at /proc[m
[guest-console:pl011-starry] [m[37m[  3.121164 0:2 starry_kernel::pseudofs:78] [32mMounted sysfs at /sys[m
[guest-console:pl011-starry] [m[37m[  3.123819 0:2 starry_kernel::pseudofs:78] [32mMounted debug at /sys/kernel/debug[m
[guest-console:pl011-starry] [m[37m[  3.126642 0:2 starry_kernel::task::timer:329] [32mInitialize alarm...[m
[guest-console:pl011-starry] [mWelcome to [96m[1mStarry OS[0m!
[guest-console:pl011-starry] /bin/sh: env: not found
[guest-console:pl011-starry] 
[guest-console:pl011-starry] Use [1m[3mapk[0m to install packages.
[guest-console:pl011-starry] 
[guest-console:pl011-starry] STARRY_GROUPED_AUTORUN_INIT
[guest-console:pl011-starry] IVC-STARRY-BOOT mode=neural backend=onnxruntime fault_profile=none count=1800 period_ms=100 vcpus=2
[guest-console:pl011-starry] IVC-STARRY-BOOT mode=neural backend=onnxruntime fault_profile=none count=1800 period_ms=100 vcpus=2[guest-console:pl011-starry] IVC-STARRY-BOOT mode=neural backend=onnxruntime fault_profile=none count=1800 period_ms=100 vcpus=2
[guest-console:pl011-starry] IVC-STARRY-BOOT mode=neural backend=onnxruntime fault_profile=none count=1800 period_ms=100 vcpus=2[guest-console:pl011-starry] IVC-STARRY-BOOT mode=neural backend=onnxruntime fault_profile=none count=1800 period_ms=100 vcpus=2
[guest-console:pl011-starry] IVC-STARRY-NET iface=eth0 mac=unknown ip=10.0.0.1/24 peer=10.0.0.2 udp_port=5500 segment=1
[guest-console:pl011-starry] IVC-STARRY-PEER-WAIT seconds=2
[guest-console:pl011-starry] [0;93m1970-01-01 00:00:08.459600333 [W:onnxruntime:ivc-thermal-control, device_discovery.cc:132 Ge pci_bus_id for PCI path at "/sygpu0"" dit not match expected pattern of [0-9a-f]+:[0-9a-f]+:[0-[guest-console:pl011-starry] IVC-CONTROLLER-START peer=10.0.0.2:5500 count=1800 policy=neural period_ms=100 session_id=375762302[guest-console:pl011-zephyr] IVC-RTOS-READY bind=10.0.0.2:5500 mac=52:54:00:00:00:02 window_bits=64 ack_loss_drop_every=0 expect[guest-console:pl011-zephyr] IVC-RTOS-READY bind=10.0.0.2:5500 mac=52:54:00:00:00:02 window_bits=64 ack_loss_drop_every=0 expected_commands=1800 expected_protocol_errors=0 exit_after_expected=1
[guest-console:pl011-zephyr] IVC-RTOS-PROGRESS accepted=1 seq=1 mode=Neural actuator_permille=951 measured_milli_c=20266 duplicaes=0 protocol_errors=0
[guest-console:pl011-starry] IVC-CONTROLLER-STATUS seq=1 mode=Neural actuator_permille=951 measured_milli_c=20266 setpoint_milli[guest-console:pl011-zephyr] IVC-RTOS-PROGRESS accepted=100 seq=100 mode=Neural actuator_permille=558 measured_milli_c=36737 duplicates=0 protocol_errors=0
[guest-console:pl011-starry] IVC-CONTROLLER-STATUS seq=100 mode=Neural actuator_permille=558 measured_milli_c=36737 setpoint_milli_c=45000
[guest-console:pl011-zephyr] IVC-RTOS-PROGRESS accepted=200 seq=200 mode=Neural actuator_permille=416 measured_milli_c=42034 duplicates=0 protocol_errors=0
[guest-console:pl011-starry] IVC-CONTROLLER-STATUS seq=200 mode=Neural actuator_permille=416 measured_milli_c=42034 setpoint_milli_c=45000
[guest-console:pl011-zephyr] IVC-RTOS-PROGRESS accepted=300 seq=300 mode=Neural actuator_permille=370 measured_milli_c=43706 dup[guest-console:pl011-starry] IVC-CONTROLLER-STATUS seq=300 mode=Neural actuator_permille=370 measured_milli_c=43706 setpoint_milli_c=45000
[guest-console:pl011-zephyr] IVC-RTOS-PROGRESS accepted=400 seq=400 mode=Neural actuator_permille=356 measured_milli_c=44236 duplicates=0 protocol_errors=0
[guest-console:pl011-starry] IVC-CONTROLLER-STATUS seq=400 mode=Neural actuator_permille=356 measured_milli_c=44236 setpoint_mil[guest-console:pl011-zephyr] IVC-RTOS-PROGRESS accepted=500 seq=500 mode=Neural actuator_permille=352 measured_milli_c=44403 dup[guest-console:pl011-starry] IVC-CONTROLLER-STATUS seq=500 mode=Neural actuator_permille=352 measured_milli_c=44403 setpoint_milli_c=45000
[guest-console:pl011-zephyr] IVC-RTOS-PROGRESS accepted=600 seq=600 mode=Neural actuator_permille=350 measured_milli_c=44455 dup[guest-console:pl011-starry] IVC-CONTROLLER-STATUS seq=600 mode=Neural actuator_permille=350 measured_milli_c=44455 setpoint_mil0
[guest-console:pl011-zephyr] IVC-RTOS-PROGRESS accepted=700 seq=700 mode=Neural actuator_permille=792 measured_milli_c=57383 dup[guest-console:pl011-zephyr] IVC-RTOS-PROGRESS accepted=800 seq=800 mode=Neural actuator_permille=677 measured_milli_c=61671 duplicates=0 protocol_errors=0
[guest-console:pl011-starry] IVC-CONTROLLER-STATUS seq=800 mode=Neural actuator_permille=677 measured_milli_c=61671 setpoint_milli_c=65000
[guest-console:pl011-zephyr] IVC-RTOS-PROGRESS accepted=900 seq=900 mode=Neural actuator_permille=680 measured_milli_c=61758 dup[guest-console:pl011-starry] IVC-CONTROLLER-STATUS seq=900 mode=Neural actuator_permille=680 measured_milli_c=61758 setpoint_milli_c=65000
[guest-console:pl011-zephyr] IVC-RTOS-PROGRESS accepted=1000 seq=1000 mode=Neural actuator_permille=659 measured_milli_c=62344 duplicates=0 protocol_errors=0
[guest-console:pl011-starry] IVC-CONTROLLER-STATUS seq=1000 mode=Neural actuator_permille=659 measured_milli_c=62344 setpoint_milli_c=65000
[guest-console:pl011-zephyr] IVC-RTOS-PROGRESS accepted=1100 seq=1100 mode=Neural actuator_permille=635 measured_milli_c=63239 duplicates=0 protocol_errors=0
[guest-console:pl011-starry] IVC-CONTROLLER-STATUS seq=1100 mode=Neural actuator_permille=635 measured_milli_c=63239 setpoint_milli_c=65000
[guest-console:pl011-zephyr] IVC-RTOS-PROGRESS accepted=1200 seq=1200 mode=Neural actuator_permille=627 measured_milli_c=63522 dl_errors=0
[guest-console:pl011-starry] IVC[guest-console:pl011-zephyr] IVC-RTOS-PROGRESS accepted=1300 seq=1300 mode=Neural actuator_permille=337 measured_milli_c=56277 duplicates=0 protocol_errors=0
[guest-console:pl011-starry] IVC-CONTROLLER-STATUS seq=1300 mode=Neural actuator_permille=337 measured_milli_c=56277 setpoint_milli_c=50000
[guest-console:pl011-zephyr] IVC-RTOS-PROGRESS accepted=1400 seq=1400 mode=Neural actuator_permille=373 measured_milli_c=52588 dl_errors=0
[guest-console:pl01[guest-console:pl011-zephyr] IVC-RTOS-PROGRESS accepted=1500 seq=1500 mode=Neural actuator_permille=392 measured_milli_c=50710 duplicates=0 protocol_errors=0
[guest-console:pl011-starry] IVC-CONTROLLER-STATUS seq=1500 mode=Neural actuator_permille=392 measured_milli_c=50710 setpoint_milli_c=50000
[guest-console:pl011-zephyr] IVC-RTOS-PROGRESS accepted=1600 seq=1600 mode=Neural actuator_permille=405 measured_milli_c=49771 duplicates=0 protocol_errors=0
[guest-console:pl011-starry] IVC-CONTROLLER-STATUS seq=1600 mode=Neural actuator_permille=405 measured_milli_c=49771 setpoint_milli_c=50000
[guest-console:pl011-zephyr] IVC-RTOS-PROGRESS accepted=1700 seq=1700 mode=Neural actuator_permille=414 measured_milli_c=49432 d[guest-console:pl011-zephyr] IVC-RTOS-PROGRESS accepted=1800 seq=1800 mode=Neural actuator_permille=417 measured_milli_c=49325 duplicates=0 protocol_errors=0
[guest-console:pl011-starry] IVC-CONTROLLER-STATUS seq=1800 mode=Neural actuator_permille=417 measured_milli_c=49325 setpoint_milli_c=50000
[guest-console:pl011-zephyr] IVC-RTOS-OUTCOME profile=normal accepted=1800 applied=1800 duplicates=0 acks_dropped=0
[guest-console:pl011-zephyr] IVC-RTOS-MESSAGES status_sent=1800 acks_sent=1800 errors_sent=0 protocol_errors=0
[guest-console:pl011-zephyr] IVC-RTOS-OUTCOME profile=normal accepted=1800 applied=1800 duplicates=0 acks_dropped=0
[guest-console:pl011-zephyr] IVC-RTOS-MESSAGES status_sent=1800 acks_sent=1800 errors_sent=0 protocol_errors=0
[guest-console:pl011-zephyr] IVC-RTOS-RESULT profile=normal accepted=1800 applied=1800 duplicates=0 acks_dropped=0 status_sent=1800 acks_sent=1800 errors_sent=0 protocol_errors=0
[guest-console:pl011-starry] IVC-CONTROLLER-RAW path=/var/lib/ivc/raw.csv samples=1800
[guest-console:pl011-starry] IVC-CONTROLLER-OUTCOME policy=neural sent=1800 acknowledged=1800 errors=0 timeouts=0
[guest-console:pl011-starry] IVC-CONTROLLER-RELIABILITY retransmissions=0 recoveries=0 success_percent=100.000
[guest-console:pl011-starry] IVC-CONTROLLER-FULL-LOOP p50_us=7821 p95_us=11874 p99_us=12273 max_us=119778
[guest-console:pl011-starry] IVC-CONTROLLER-PRE-SEND p50_us=201 p95_us=225 p99_us=244 max_us=18022
[guest-console:pl011-starry] IVC-CONTROLLER-TRANSPORT p50_us=7574 p95_us=11664 p99_us=12027 max_us=101756 throughput_msg_s=9.993
[guest-console:pl011-starry] IVC-CONTROLLER-CONTROL rmse_milli_c=5932.484 iae_milli_c_s=686980.400 max_overshoot_milli_c=13428[guest-console:pl011-starry] IVC-CONTROLLER-OUTCOME policy=neural sent=1800 acknowledged=1800 errors=0 timeouts=0
[guest-console:pl011-starry] IVC-CONTROLLER-RELIABILITY retransmissions=0 recoveries=0 success_percent=100.000
[guest-console:pl011-starry] IVC-CONTROLLER-FULL-LOOP p50_us=7821 p95_us=11874 p99_us=12273 max_us=119778
[guest-console:pl011-starry] IVC-CONTROLLER-PRE-SEND p50_us=201 p95_us=225 p99_us=244 max_us=18022
[guest-console:pl011-starry] IVC-CONTROLLER-TRANSPORT p50_us=7574 p95_us=11664 p99_us=12027 max_us=101756 throughput_msg_s=9.993
[guest-console:pl011-starry] IVC-CONTROLLER-CONTROL rmse_milli_c=5932.484 iae_milli_c_s=686980.400 max_overshoot_milli_c=13428[guest-console:pl011-starry] IVC-CONTROLLER-RESULT policy=neural sent=1800 acknowledged=1800 errors=0 timeouts=0 retransmissionsccess_percent=100.000 full_loop_p50_us=7821 full_loop_p95_us=11874 full_loop_p99_us=12273 full_loop_max_us=119778 pre_send_p50_us=201 pre_send_p95_us=225 pre_send_p99_us=244 pre_send_max_us=18022 transport_p50_us=7574 transport_p95_us=11664 transport_p99_us=12027 transport_max_us=101756 throughput_msg_s=9.993 rmse_millORT-CONTROL-RUNTIME version=1.25[guest-console:pl011-starry] IVC-ORT-CONTROL-RESULT samples=1800 wall_p99_ns=175583
[guest-console:pl011-starry] IVC-ORT-CONTROL-RUNTIME version=1.25.0 provider=CPUExecutionProvider init_us=218205
[guest-console:pl011-starry] IVC-ORT-CONTROL-RESULT samples=1800 wall_p99_ns=175583
[guest-console:pl011-starry] IVC-ORT-CONTROL-RUNTIME version=1.25.0 provider=CPUExecutionProvider init_us=218205
[guest-console:pl011-starry] IVC-ORT-CONTROL-RESULT samples=1800 wall_p99_ns=175583
[guest-console:pl011-starry] IVC-ORT-CONTROL-RUNTIME version=1.25.0 provider=CPUExecutionProvider init_us=218205
[guest-console:pl011-starry] IVC-ORT-CONTROL-RESULT samples=1800 wall_p99_ns=175583
[guest-console:pl011-starry] IVC-ORT-CONTROL-RUNTIME version=1.25.0 provider=CPUExecutionProvider init_us=218205
[guest-console:pl011-starry] IVC-ORT-CONTROL-RESULT samples=1800 wall_p99_ns=175583
[guest-console:pl011-zephyr] IVC-RTOS-POWEROFF accepted=1800
[guest-console:pl011-zephyr] IVC-RTOS-POWEROFF accepted=1800
[guest-console:pl011-zephyr] IVC-RTOS-POWEROFF accepted=1800
[guest-console:pl011-zephyr] IVC-RTOS-POWEROFF accepted=1800
[guest-console:pl011-zephyr] IVC-RTOS-POWEROFF accepted=1800
[37m[288.989374 0:15 axvm::arch::aarch64:198] [33mVM[2] run VCpu[0] SystemDown[m
[m[37m[288.990034 0:15 axvm::vm:902] [32mStopping VM[2]: SystemDown[m
[m[37m[288.990605 0:15 axvm::runtime::vcpus:409] [33mVM[2] VCpu[0] stopping because of VM stopping[m
[m[37m[288.991395 0:15 axvm::runtime::vcpus:415] [32mVM[2] VCpu[0] last VCpu exiting, decreasing running VM count[m
[m[37m[288.992307 0:15 axvm::runtime::vcpus:420] [32mVM[2] state changed to Stopped[m
[m[37m[288.992987 0:15 axvm::runtime::vcpus:435] [32mVM[2] VCpu[0] exiting...[m
[m[guest-console:pl011-starry] IVC-STARRY-RAW path=/var/lib/ivc/raw.csv samples=1800 sha256=4031fc4d0253587a7b31dd6ea047a9a8335704c6d2f23110630ee0f9f9111bc8
[guest-console:pl011-starry] IVC-STARRY-ORT-MODEL sha256=3582869baf9b8cec722208d06f66acd680a64128b52875d22e7f0e43f2ed7887
[guest-console:pl011-starry] IVC-STARRY-ORT-RAW sha256=cfba95735f1602a16957c7c3abaac922951345d8188ef23228e0b643d4a1d362
[guest-console:pl011-starry] IVC-STARRY-RAW path=/var/lib/ivc/raw.csv samples=1800 sha256=4031fc4d0253587a7b31dd6ea047a9a8335704[guest-console:pl011-starry] IVC-STARRY-ORT-MODEL sha256=3582869baf9b8cec722208d06f66acd680a64128b52875d22e7f0e43f2ed7887
[guest-console:pl011-starry] IVC-STARRY-ORT-RAW sha256=cfba95735f1602a16957c7c3abaac922951345d8188ef23228e0b643d4a1d362
[guest-console:pl011-starry] IVC-STARRY-RAW path=/var/lib/ivc/raw.csv samples=1800 sha256=4031fc4d0253587a7b31dd6ea047a9a8335704c6d2f23110630ee0f9f9111bc8
[guest-console:pl011-starry] IVC-STARRY-ORT-MODEL sha256=3582869baf9b8cec722208d06f66acd680a64128b52875d22e7f0e43f2ed7887
[guest-console:pl011-starry] IVC-STARRY-ORT-RAW sha256=cfba95735f1602a16957c7c3abaac922951345d8188ef23228e0b643d4a1d362
[guest-console:pl011-starry] IVC-STARRY-RAW path=/var/lib/ivc/raw.csv samples=1800 sha256=4031fc4d0253587a7b31dd6ea047a9a8335704c6d2f23110630ee0f9f9111bc8
[guest-console:pl011-starry] IVC-STARRY-ORT-MODEL sha256=3582869baf9b8cec722208d06f66acd680a64128b52875d22e7f0e43f2ed7887
[guest-console:pl011-starry] IVC-STARRY-ORT-RAW sha256=cfba95735f1602a16957c7c3abaac922951345d8188ef23228e0b643d4a1d362
[guest-console:pl011-starry] IVC-STARRY-RAW path=/var/lib/ivc/raw.csv samples=1800 sha256=4031fc4d0253587a7b31dd6ea047a9a8335704[guest-console:pl011-starry] IVC-STARRY-ORT-MODEL sha256=3582869baf9b8cec722208d06f66acd680a64128b52875d22e7f0e43f2ed7887
[guest-console:pl011-starry] IVC-STARRY-ORT-RAW sha256=cfba95735f1602a16957c7c3abaac922951345d8188ef23228e0b643d4a1d362
[guest-console:pl011-starry] IVC-STARRY-DONE exit=0
[37m[300.185761 1:14 axvm::arch::aarch64:198] [33mVM[1] run VCpu[0] SystemDown[m
[m[37m[300.186422 1:14 axvm::vm:902] [32mStopping VM[1]: SystemDown[m
[m[37m[300.186991 1:14 axvm::runtime::vcpus:409] [33mVM[1] VCpu[0] stopping because of VM stopping[m
[m[37m[300.187501 2:16 axvm::runtime::vcpus:409] [33mVM[1] VCpu[1] stopping because of VM stopping[m
[m[37m[300.187781 1:14 axvm::runtime::vcpus:435] [32mVM[1] VCpu[0] exiting...[m
[m[37m[300.188576 2:16 axvm::runtime::vcpus:415] [32mVM[1] VCpu[1] last VCpu exiting, decreasing running VM count[m
[m[37m[300.190126 2:16 axvm::runtime::vcpus:420] [32mVM[1] state changed to Stopped[m
[m[37m[300.190805 2:16 axvm::runtime::vcpus:435] [32mVM[1] VCpu[1] exiting...[m
[m[37m[300.191450 2:2 axvisor:82] [32m[OK] Default guest initialized[m
[mWelcome to AxVisor Shell!
Type 'help' to see available commands
Use UP/DOWN arrows to navigate command history

AXVISOR_SHELL_READY
AXVISOR_SHELL_READY
AXVISOR_SHELL_READY
AXVISOR_SHELL_READY
AXVISOR_SHELL_READY
axvisor:/$ [2Kaxvisor:/$ s[2Kaxvisor:/$ ss[2Kaxvisor:/$ ss [2Kaxvisor:/$ ss 1[2Kaxvisor:/$ ss 1 [2Kaxvisor:/$ ss 1 0[2Kaxviso[2Kaxvisor:/$ ss 1 0 /ho[2Kaxvisor:/$ ss 1 0 /hom[2Kaxvisorss 1 0 /home[2Kaxvisor:/$ ss 1 0 /home/[2Kaxvisor:/$ ss 1 0 /home/o[2Kaxvisor:/$ ss 1 0 /home/or[2Kaxvisor:/$ ss 1 0 /home/ora[2Kaxvisor:/$ ss 1 0 /home/oran[2Kaxvisor:/$ ss 1 0 /home/orang[2Kaxvisor:/$ ss 1 0 /home/orange[2Kaxvisor:/$ ss 1 0 /home/orangep[2Kaxvisor:/$ ss 1 0 /home/orangepi[2Kaxvisor:/$ ss 1 0 /home/orangepi/[2Kaxvisor:/$ ss 1 0 /home/orangepi/i[2Kaxvisor:/$ ss 1 0 /home/orangepi/iv[2Kaxvisor:/$ ss 1 0 /home/orangepi/ivc[2Kaxvisor:/$ ss 1 0 /home/orangepi/ivc-[2Kaxvisor:/$ ss 1 0 /home/orangeAXVISOR_SNAPSHOT_SYNC_OK
AXVISOR_SNAPSHOT_SYNC_OK
AXVISOR_SNAP
=== SUCCESS PATTERN MATCHED: (?m)^AXVISOR_SNAPSHOT_SYNC_OK\r*$ ===
SHOT_SYNC_OK
AXVISOR_SNAPSHOT_SYNC_OK
AXVISOR_SNAPSHOT_SYNC_OKex=0 path=/home/orangepi/ivc-on bytes=167772160
AXVISOR_VM_BLOCK_SNAPSHOT vm=1 index=0 path=/home/orangepi/ivc-on bytes=167772160
AXVISOR_VM_BLOCK_SNAPSHOT vm=1 index=0 path=/home/orangepi/ivc-on bytes=167772160
AXVISOR_HOST_FILESYSTEM_SYNCED
AXVISOR_HOST_FILESYSTEM_SYNCED
AXVISOR_HOST_FILESYSTEM_SYNCED
AXVISOR_HOST_FILESYSTEM_SYNCED
AXVISOR_HOST_FILESYSTEM_SYNCED
axvisor:/$ [axbuild] board build+run package=axvisor target=scripts/targets/std/pie/aarch64-unknown-linux-musl.json config=competition/ivc/config/axvisor-orangepi-5-plus-ort-control.toml ... done (383.08s)
ssh: connect to host 192.168.31.33 port 22: Connection timed out
Axvisor filesystem sync marker was confirmed by the board test
/home/seven_wsl/.local/share/tgos-board-power-venv/lib/python3.13/site-packages/miio/miot_device.py:23: FutureWarning: functools.partial will be a method descriptor in future Python versions; wrap it in enum.member() if you want to preserve the old behavior
  Bool = partial(_str2bool)
RESULT action=status board=orangepi-5-plus-rk3588 power=on watts=2 temperature_celsius=52 fault_code=0
/home/seven_wsl/.local/share/tgos-board-power-venv/lib/python3.13/site-packages/miio/miot_device.py:23: FutureWarning: functools.partial will be a method descriptor in future Python versions; wrap it in enum.member() if you want to preserve the old behavior
  Bool = partial(_str2bool)
RESULT action=cycle board=orangepi-5-plus-rk3588 power=on watts=0 temperature_celsius=52 fault_code=0

=> setenv devtype mmc; setenv devnum 1; setenv mmc_bootdev 1; setenv distro_bootpart 1; setenv prefix /; echo UBOOT_LINUX_BOOT_BEGIN; fatload mmc 1:1 0x00c00000 boot.scr; source 0x00c00000
UBOOT_LINUX_BOOT_BEGIN
3413 bytes read in 3 ms (1.1 MiB/s)
## Executing script at 00c00000
Boot script loaded from mmc 1
178 bytes read in 3 ms (57.6 KiB/s)
15301327 bytes read in 1289 ms (11.3 MiB/s)
ssh: connect to host 192.168.31.33 port 22: No route to host
ssh: connect to host 192.168.31.33 port 22: No route to host
ssh: connect to host 192.168.31.33 port 22: No route to host
/dev/mmcblk1p2 ext4   rw,noatime,errors=remount-ro,commit=600
BOARD_LINUX_RESTORED
debugfs 1.46.5 (30-Dec-2021)
debugfs 1.46.5 (30-Dec-2021)
debugfs 1.46.5 (30-Dec-2021)
debugfs 1.46.5 (30-Dec-2021)
BOARD_RESULT_IMAGE_VALIDATED vm=1 index=0 path=/home/orangepi/ivc-on bytes=167772160 sha256=7cdbb0f30f056e8e5be40deb6847bdb6d79af4b217b0c065a94650677c75bab1 fsck=clean
BOARD_GUEST_RAW_MANIFEST path=/var/lib/ivc/raw.csv samples=1800 sha256=4031fc4d0253587a7b31dd6ea047a9a8335704c6d2f23110630ee0f9f9111bc8
BOARD_RAW_RESULT_HARVESTED path=/home/seven_wsl/Workspace/starry/tgoskits-rt-ivc-m4-formal-20260804/tmp/competition/ivc/ort-control-full-formal-20260805-v4/ort-full/run-001/raw.csv samples=1800 sha256=4031fc4d0253587a7b31dd6ea047a9a8335704c6d2f23110630ee0f9f9111bc8
BOARD_GUEST_ORT_MANIFEST path=/var/lib/ivc/ort.csv samples=1800 sha256=cfba95735f1602a16957c7c3abaac922951345d8188ef23228e0b643d4a1d362
BOARD_ORT_RESULT_HARVESTED path=/home/seven_wsl/Workspace/starry/tgoskits-rt-ivc-m4-formal-20260804/tmp/competition/ivc/ort-control-full-formal-20260805-v4/ort-full/run-001/ort.csv samples=1800 sha256=cfba95735f1602a16957c7c3abaac922951345d8188ef23228e0b643d4a1d362
BOARD_IDENTITY board_id=bf61f4d4a1d994ad hostname=orangepi5plus cpu_temp_milli_c=46230
IVC board analysis passed: /home/seven_wsl/Workspace/starry/tgoskits-rt-ivc-m4-formal-20260804/tmp/competition/ivc/ort-control-full-formal-20260805-v4/ort-full/run-001/summary.json
BOARD_METADATA_WRITTEN path=/home/seven_wsl/Workspace/starry/tgoskits-rt-ivc-m4-formal-20260804/tmp/competition/ivc/ort-control-full-formal-20260805-v4/ort-full/run-001/metadata.json
BOARD_HOST_LIBCLANG path=/usr/lib/llvm-14/lib source=environment
orangepi5plus
BOARD_SERVICE_DTB_READY path=/home/seven_wsl/.local/share/ostool-server/dtbs/orangepi-5-plus-starry.dtb root=/dev/mmcblk0p2
     Locking 1 package to latest compatible version
      Adding uboot-shell v0.2.6 (/home/seven_wsl/Workspace/starry/ostool/uboot-shell)
    Finished `dev` profile [unoptimized + debuginfo] target(s) in 0.19s
     Running `target/debug/tg-xtask axvisor board -c competition/ivc/config/axvisor-orangepi-5-plus-ort-control.toml --board-config competition/ivc/config/board-orangepi-5-plus-ort-control.toml -b OrangePi-5-Plus`
[2026-08-05T08:07:57Z INFO  axbuild::context] Workspace root: /home/seven_wsl/Workspace/starry/tgoskits-rt-ivc-m4-formal-20260804
[2026-08-05T08:07:57Z INFO  axbuild::context] Workspace member dir for axvisor: /home/seven_wsl/Workspace/starry/tgoskits-rt-ivc-m4-formal-20260804/os/axvisor
Using build config: competition/ivc/config/axvisor-orangepi-5-plus-ort-control.toml
[axbuild] board build+run package=axvisor target=scripts/targets/std/pie/aarch64-unknown-linux-musl.json config=competition/ivc/config/axvisor-orangepi-5-plus-ort-control.toml ...
sh -c /home/seven_wsl/Workspace/starry/tgoskits-rt-ivc-m4-formal-20260804/tmp/axbuild/std/prebuild/prebuild-aarch64-unknown-linux-musl-36295c2cbf7dc427.sh
AR_aarch64_unknown_linux_musl=aarch64-linux-musl-ar
AXVISOR_VM_CONFIGS=/home/seven_wsl/Workspace/starry/tgoskits-rt-ivc-m4-formal-20260804/competition/ivc/config/orangepi-5-plus-starry-smp2-ort-control.toml:/home/seven_wsl/Workspace/starry/tgoskits-rt-ivc-m4-formal-20260804/competition/ivc/config/orangepi-5-plus-zephyr-smp1.toml
AX_ARCH=aarch64
AX_LOG=info
AX_TARGET=aarch64-unknown-none-softfloat
BINDGEN_EXTRA_CLANG_ARGS_aarch64_unknown_linux_musl=--target=aarch64-linux-musl --sysroot=/ -mgeneral-regs-only
CARGO_UNSTABLE_JSON_TARGET_SPEC=true
CC_aarch64_unknown_linux_musl=aarch64-linux-musl-cc
CFLAGS_aarch64_unknown_linux_musl=-mgeneral-regs-only -fno-stack-protector
CXXFLAGS_aarch64_unknown_linux_musl=-mgeneral-regs-only -fno-stack-protector
SMP=4
cargo build --config /home/seven_wsl/Workspace/starry/tgoskits-rt-ivc-m4-formal-20260804/tmp/axbuild/std/config-aarch64-unknown-linux-musl-dynamic.toml -p axvisor --target scripts/targets/std/pie/aarch64-unknown-linux-musl.json -Z unstable-options --target-dir /home/seven_wsl/Workspace/starry/tgoskits-rt-ivc-m4-formal-20260804/target --features ax-std/fs,ax-std/smp,fs,rockchip-dwmmc,rockchip-soc,sdmmc,log/release_max_level_info -Z json-target-spec --bin axvisor --release --message-format json-render-diagnostics
     Locking 1 package to latest compatible version
      Adding uboot-shell v0.2.6
warning: function `set_fdt_addr_phys_if_valid` is never used
  --> platforms/someboot/src/fdt/mod.rs:32:15
   |
32 | pub(crate) fn set_fdt_addr_phys_if_valid(fdt_addr: usize) -> bool {
   |               ^^^^^^^^^^^^^^^^^^^^^^^^^^
   |
   = note: `#[warn(dead_code)]` (part of `#[warn(unused)]`) on by default

warning: `someboot` (lib) generated 1 warning
warning: function `with_vm` is never used
   --> virtualization/axvm/src/manager.rs:168:15
    |
168 | pub(crate) fn with_vm<F, R>(vm_id: VMId, f: F) -> Option<R>
    |               ^^^^^^^
    |
    = note: `#[warn(dead_code)]` (part of `#[warn(unused)]`) on by default

warning: function `active_vcpu_mask` is never used
   --> virtualization/axvm/src/manager.rs:198:15
    |
198 | pub(crate) fn active_vcpu_mask(vm_id: VMId) -> Option<usize> {
    |               ^^^^^^^^^^^^^^^^

warning: function `inject_interrupt` is never used
   --> virtualization/axvm/src/manager.rs:210:15
    |
210 | pub(crate) fn inject_interrupt(vm_id: VMId, vcpu_id: usize, vector: usize) -> AxVmResult {
    |               ^^^^^^^^^^^^^^^^

warning: field `token` is never read
  --> virtualization/axvm/src/timer.rs:20:5
   |
19 | struct VmTimerEvent {
   |        ------------ field in this struct
20 |     token: usize,
   |     ^^^^^

warning: function `cancel_timer` is never used
  --> virtualization/axvm/src/timer.rs:65:15
   |
65 | pub(crate) fn cancel_timer(token: usize) {
   |               ^^^^^^^^^^^^

warning: associated items `handle_nested_page_fault` and `debug_nested_page_fault` are never used
    --> virtualization/axvm/src/vm/mod.rs:1303:19
     |
 616 | impl AxVM {
     | --------- associated items in this implementation
...
1303 |     pub(crate) fn handle_nested_page_fault(
     |                   ^^^^^^^^^^^^^^^^^^^^^^^^
...
1318 |     fn debug_nested_page_fault(
     |        ^^^^^^^^^^^^^^^^^^^^^^^

warning: `axvm` (lib) generated 6 warnings
    Finished `release` profile [optimized] target(s) in 0.29s
warning: the following packages contain code that will be rejected by a future version of Rust: core v0.0.0 (/home/seven_wsl/.rustup/toolchains/nightly-2026-07-15-x86_64-unknown-linux-gnu/lib/rustlib/src/rust/library/core), memchr v2.8.2
note: to see what the problems were, use the option `--future-incompat-report`, or run `cargo report future-incompatibilities --id 1`
Allocated board session:
  board_type: OrangePi-5-Plus
  board_id: orangepi-5-plus-1
  session_id: 677f76f0-09be-47c6-bc41-8d475b73b086
  lease_expires_at: 2026-08-05 08:08:07.957771766 UTC
  boot_mode: uboot
Converting ELF to BIN format...
  elf: /home/seven_wsl/Workspace/starry/tgoskits-rt-ivc-m4-formal-20260804/target/aarch64-unknown-linux-musl/release/axvisor
  bin: /home/seven_wsl/Workspace/starry/tgoskits-rt-ivc-m4-formal-20260804/target/aarch64-unknown-linux-musl/release/axvisor.bin
/home/seven_wsl/.rustup/toolchains/nightly-2026-07-15-x86_64-unknown-linux-gnu/lib/rustlib/x86_64-unknown-linux-gnu/bin/llvm-objcopy --strip-all -O binary /home/seven_wsl/Workspace/starry/tgoskits-rt-ivc-m4-formal-20260804/target/aarch64-unknown-linux-musl/release/axvisor /home/seven_wsl/Workspace/starry/tgoskits-rt-ivc-m4-formal-20260804/target/aarch64-unknown-linux-musl/release/axvisor.bin
[2026-08-05T08:07:57Z INFO  ostool::run::uboot] Starting U-Boot runner...
[2026-08-05T08:07:57Z INFO  ostool::run::uboot] kernel from: /home/seven_wsl/Workspace/starry/tgoskits-rt-ivc-m4-formal-20260804/target/aarch64-unknown-linux-musl/release/axvisor.bin
[2026-08-05T08:07:58Z INFO  ostool::run::uboot] Using network interface hint: eth0
Waiting for remote board to power on through ostool-server...
BOARD_REBOOT_ARMED
Connection to 192.168.31.33 closed by remote host.
[2026-08-05T08:08:08Z INFO  uboot_shell] cmd: setenv autoload yes
[2026-08-05T08:08:08Z INFO  uboot_shell] cmd: setenv netmask 255.255.255.0
[2026-08-05T08:08:09Z INFO  uboot_shell] cmd: net list
[2026-08-05T08:08:09Z INFO  uboot_shell] cmd: bootdev hunt ethernet
[2026-08-05T08:08:12Z INFO  ostool::run::uboot] Board network ok
[2026-08-05T08:08:12Z INFO  uboot_shell] cmd: setenv serverip 192.168.31.132
[2026-08-05T08:08:13Z INFO  uboot_shell] cmd: echo $fdt_addr_r
[2026-08-05T08:08:13Z INFO  uboot_shell] cmd: echo $ramdisk_addr_r
[2026-08-05T08:08:14Z INFO  uboot_shell] cmd: echo $kernel_addr_r
[2026-08-05T08:08:14Z INFO  ostool::run::uboot] Using $kernel_addr_r as kernel entry: 0x2000000
[2026-08-05T08:08:14Z INFO  uboot_shell] cmd: echo $kernel_comp_addr_r
[2026-08-05T08:08:14Z INFO  ostool::run::uboot] image load to kernel_comp_addr_r: 0xa000000
[2026-08-05T08:08:14Z INFO  uboot_shell] cmd: setenv loadaddr 0xa000000
[2026-08-05T08:08:15Z INFO  ostool::run::uboot] fitimage loadaddr: 0xa000000
[2026-08-05T08:08:15Z INFO  ostool::run::uboot] kernel entry: 0x2000000
[2026-08-05T08:08:15Z INFO  ostool::run::uboot] Using DTB from: /home/seven_wsl/Workspace/starry/tgoskits-rt-ivc-m4-formal-20260804/target/aarch64-unknown-linux-musl/release/ostool-677f76f0-09be-47c6-bc41-8d475b73b086-orangepi-5-plus-starry.dtb
[2026-08-05T08:08:15Z INFO  ostool::boot::fit] Making FIT image...
[2026-08-05T08:08:15Z INFO  ostool::boot::fit] kernel: /home/seven_wsl/Workspace/starry/tgoskits-rt-ivc-m4-formal-20260804/target/aarch64-unknown-linux-musl/release/axvisor.bin (size: 3342384)
[2026-08-05T08:08:15Z INFO  ostool::boot::fit] 已读取 DTB 文件: /home/seven_wsl/Workspace/starry/tgoskits-rt-ivc-m4-formal-20260804/target/aarch64-unknown-linux-musl/release/ostool-677f76f0-09be-47c6-bc41-8d475b73b086-orangepi-5-plus-starry.dtb (大小: 280038)
[2026-08-05T08:08:15Z INFO  ostool::boot::fit] FIT image ok: /home/seven_wsl/Workspace/starry/tgoskits-rt-ivc-m4-formal-20260804/target/aarch64-unknown-linux-musl/release/image.fit
[2026-08-05T08:08:15Z INFO  ostool::run::uboot] No TFTP config, using loady to upload FIT image...

send file
loady 0xa000000
## Ready for binary (ymodem) download to 0x0A000000 at 1500000 bps...
[2026-08-05T08:08:15Z INFO  uboot_shell::ymodem] Sending file: image.fit
C## Total Size      = 0x00374924 = 3623204 Bytes
## Start Addr      = 0x0A000000
=>
send ok
[2026-08-05T08:09:06Z INFO  ostool::run::uboot] Booting kernel with command: bootm
Interacting with U-Boot shell...
bootm
## Loading kernel (any) from FIT Image at 0a000000 ...
   Using 'config-ostool' configuration
   Verifying Hash Integrity ... OK
   Trying 'kernel' kernel subimage
     Description:  This kernel
     Type:         Kernel Image
     Compression:  uncompressed
     Data Start:   0x0a000168
     Data Size:    3342384 Bytes = 3.2 MiB
     Architecture: AArch64
     OS:           Linux
     Load Address: 0x02000000
     Entry Point:  0x02000000
   Verifying Hash Integrity ... OK
## Loading fdt (any) from FIT Image at 0a000000 ...
   Using 'config-ostool' configuration
   Verifying Hash Integrity ... OK
   Trying 'fdt' fdt subimage
     Description:  This fdt
     Type:         Flat Device Tree
     Compre18
     Data Size:    280038 Bytes = 273.5 KiB
     Architecture: AArch64
     Load Address: 0x12000000
   Verifying Hash Integrity ... OK
   Loading fdt from 0x0a330218 to 0x12000000
   Booting using the fdt blob at 0x12000000
Working FDT set to 12000000
   Loading Kernel Image to 2000000
   Loading Device Tree to 00000000ecb72000, end 00000000ecbb95e5 ... OK
Working FDT set to ecb72000

Starting kernel ...

root=/dev/mmcblk0p2 earlycon=uart8250,mmio32,0xfeb50000 rootwait rootfstype=ext4 splash=verbose console=ttyS2,1500000 console=tty1 consoleblank=0 loglevel=1 ubootpart=1af5d396-7e1f-7e40-bb91-a000
VM Load Offset: 0xffff000082000000
Memory Map:
  Rsv    0x00000000110000 - 0x00000000200000 (960 KiB)
  Free   0x00000000200000 - 0x00000002000000 (30 MiB)
  KImg   0x00000002000000 - 0x00000002400000 (4 MiB)
  Free   0x00000002400000 - 0x0000000a100000 (125 MiB)
  Rsv    0x0000000a100000 - 0x0000000a145000 (276 KiB)00000 (256 MiB)
  Free   0x00000000000 - 0x000000f0000000 (3.25 GiB)
  Free   0x00000100000000 - 0x000003fc000000 (11.94 GiB)
  Free   0x000003fc500000 - 0x000003fff00000 (58 MiB)
  Free   0x000004f0000000 - 0x00000500000000 (256 MiB)
Initialize RAM allocator: 0x200000..0x2000000
Initializing per-CPU data
Per-CPU data one cpu size: 0x43000 bytes
Total per-CPU data size for secondary CPUs: 0x218000 bytes (8 CPUs)
Flushed RAM used range to memory map: 0x200000..0x245000, current: 0x245000
Flushed RAM used range to memory map: 0x245000..0x45d000, current: 0x45d000
Per-CPU data allocated at 0x245000 - 0x45d000
Initializing per-CPU RAM for CPU0 - hard id 0x0 @ 0x245000
Initializing per-CPU RAM for CPU1 - hard id 0x100 @ 0x288000
Initializing per-CPU RAM for CPU2 - hard id 0x200 @ 0x2cb000
Initializing per-CPU RAM for CPU3 - hard id 0x300 @ 0x30e000
Initializing per-CPU RAM for CPU4 - hard id 0x400 @ 0x351000
Initializing per-CPU RAM for CPU5 - hard id 0x500 @ 0x394000
Initializing per-CPU RAM for CPU6 - hard id 0x600 @ 0x3d7000
Initializing per-CPU RAM for CPU7 - hard id 0x700 @ 0x41a000
CPU0 - hard id 0x0, stack top @0x288000, stack top virt @0xff0000288000, entry virt @0xffff8019b928
CPU1 - hard id 0x100, stack top @0x2cb000, stack top virt @0xff00002cb000, entry virt @0xffff8019b928
CPU2 - hard id 0x200, stack top @0x30e000, stack top virt @0xff000030e000, entry virt @0xffff8019b928
CPU3 - hard id 0x300, stack top @0x351000, stack top virt @0xff0000351000, entry virt @0xffff8019b928
CPU4 - hard id 0x400, stack top @0x394000, stack top virt @0xff0000394000, entry virt @0xffff8019b928
CPU5 - hard id 0x500, stack top @0x3d7000, stack top virt @0xff00003d7000, entry virt @0xffff8019b928
CPU6 - hard id 0x600, stack top @0x41a000, stack top virt @0xff000041a000, entry virt @0xffff8019b928
CPU7 - hard id 0x700, stack top @0x45d000, stack top virt @0xff000045d000, entry virt @0xffff8019b928
EL: 2
Mapping early memory regions...
Ram                 : [0x0000000000200000, 0x00000000f0000000) -> [0x0000000000200000, 0x00000000f0000000) (3.75 GiB)
Ram                 : [0x0000000100000000, 0x00000003fc000000) -> [0x0000000100000000, 0x00000003fc000000) (11.94 GiB)
Ram                 : [0x00000003fc500000, 0x00000003fff00000) -> [0x00000003fc500000, 0x00000003fff00000) (58 MiB)
Ram                 : [0x00000004f0000000, 0x0000000500000000) -> [0x00000004f0000000, 0x0000000500000000) (256 MiB)
KImage              : [0x0000ffff80000000, 0x0000ffff80400000) -> [0x0000000002000000, 0x0000000002400000) (4 MiB)
PerCpu              : [0x0000ff0000245000, 0x0000ff000045d000) -> [0x0000000000245000, 0x000000000045d000) (2.09 MiB)
Debug serial        : [0x00000000feb50000, 0x00000000feb51000) -> [0x00000000feb50000, 0x00000000feb51000) (4 KiB)
Boot page table at physical address: 0x45d000
Setting up table registers...
MMU Entry point at physical address: 0x2196fb4
Trap vector at 0xffff80197800
Memory Map:
  Rsv    0x00000000110000 - 0x00000000245000 (1.21 MiB)
  PerCPU 0x00000000245000 - 0x0000000045d000 (2.09 MiB)
  Rsv    0x0000000045d000 - 0x0000000046c000 (60 KiB)
  Free   0x0000000046c000 - 0x00000002000000 (27.58 MiB)
  KImg   0x00000002000000 - 0x00000002400000 (4 MiB)
  Free   0x00000002400000 - 0x0000000a100000 (125 MiB)
  Rsv    0x0000000a100000 - 0x0000000a145000 (276 KiB)
  Free   0x0000000a145000 - 0x0000000a200000 (748 KiB)
  Rsv    0x0000000a200000 - 0x0000000b65f000 (20.37 MiB)
  Free   0x0000000b65f000 - 0x00000010000000 (73.63 MiB)
  Rsv    0x00000010000000 - 0x00000020000000 (256 MiB)
  Free   0x00000020000000 - 0x000000f0000000 (3.25 GiB)
  MMIO   0x000000feb50000 - 0x000000feb51000 (4 KiB)
  Free   0x00000100000000 - 0x000003fc000000 (11.94 GiB)
  Free   0x000003fc500000 - 0x000003fff00000 (58 MiB)
  Free   0x000004f0000000 - 0x00000500000000 (256 MiB)
Jumping to main entry point at 0xffff8017ea2c with SP 0x0000ff0000288000

       d8888                            .d88888b.   .d8888b.
      d88888                           d88P" "Y88b d88P  Y88b
     d88P888                           888     888 Y88b.
    d88P 888 888d888  .d8888b  .d88b.  888     888  "Y888b.
   d88P  888 888P"   d88P"    d8P  Y8b 888     888     "Y88b.
  d88P   888 888     888      88888888 888     888       "888
 d8888888888 888     Y88b.    Y8b.     Y88b. .d88P Y88b  d88P
d88P     888 888      "Y8888P  "Y8888   "Y88888P"   "Y8888P"

arch = aarch64
platform = RK3588 OPi 5 Plus
target = aarch64-unknown-none-softfloat
build_mode = 
log_level = info
backtrace = false
smp = 4

[37m[ 63.612961 ax_runtime:213] [32mLogging is enabled.[m
[m[37m[ 63.613446 ax_runtime:214] [32mPrimary CPU 0 started, arg = 0x200000.[m
[m[37m[ 63.614076 ax_runtime:216] [32mFound physcial memory regions:[m
[m[37m[ 63.614700 ax_runtime:218] [32m  [PA:0x110000, PA:0x245000) reserved (READ | WRITE | EXECUTE | RESERVED)[m
[m[37m[ 63.615590 ax_runtime:218] [32m  [PA:0x245000, PA:0x45d000) reserved (READ | WRITE | EXECUTE | RESERVED)[m
[m[37m[ 63.616483 ax_runtime:218] [32m  [PA:0x45d000, PA:0x46c000) reserved (READ | WRITE | EXECUTE | RESERVED)[m
[m[37m[ 63.617375 ax_runtime:218] [32m  [PA:0x46c000, PA:0x2000000) free memory (READ | WRITE | FREE)[m
[m[37m[ 63.618193 ax_runtime:218] [32m  [PA:0x2000000, PA:0x2400000) reserved (READ | WRITE | EXECUTE | RESERVED)[m
[m[37m[ 63.619101 ax_runtime:218] [32m  [PA:0x2400000, PA:0xa100000) free memory (READ | WRITE | FREE)[m
[m[37m[ 63.619925 ax_runtime:218] [32m  [PA:0xa100000, PA:0xa145000) reserved (READ | WRITE | EXECUTE | RESERVED)[m
[m[37m[ 63.620833 ax_runtime:218] [32m  [PA:0xa145000, PA:0xa200000) free memory (READ | WRITE | FREE)[m
[m[37m[ 63.621658 ax_runtime:218] [32m  [PA:0xa200000, PA:0xb65f000) reserved (READ | WRITE | EXECUTE | RESERVED)[m
[m[37m[ 63.622565 ax_runtime:218] [32m  [PA:0xb65f000, PA:0x10000000) free memory (READ | WRITE | FREE)[m
[m[37m[ 63.623398 ax_runtime:218] [32m  [PA:0x10000000, PA:0x20000000) reserved (READ | WRITE | EXECUTE | RESERVED)[m
[m[37m[ 63.624321 ax_runtime:218] [32m  [PA:0x20000000, PA:0xf0000000) free memory (READ | WRITE | FREE)[m
[m[37m[ 63.625160 ax_runtime:218] [32m  [PA:0xfeb50000, PA:0xfeb51000) mmio (READ | WRITE | DEVICE | RESERVED)[m
[m[37m[ 63.626045 ax_runtime:218] [32m  [PA:0x100000000, PA:0x3fc000000) free memory (READ | WRITE | FREE)[m
[m[37m[ 63.626900 ax_runtime:218] [32m  [PA:0x3fc500000, PA:0x3fff00000) free memory (READ | WRITE | FREE)[m
[m[37m[ 63.627755 ax_runtime:218] [32m  [PA:0x4f0000000, PA:0x500000000) free memory (READ | WRITE | FREE)[m
[m[37m[ 63.628610 ax_runtime:] [32mInitialize global memory allocator...[m
[m[37m[ 63.629233 ax_runtime:361] [32m  use buddy-slab-allocator allocator.[m
[m[37m[ 63.629857 ax_alloc::buddy_slab:150] [32mInitialize global memory allocator, start_vaddr: 0x100000000, size: 0x2fc000000[m
[m[37m[ 63.642381 ax_alloc::buddy_slab:399] [32mglobal allocator initialized[m
[m[37m[ 63.643006 ax_alloc::buddy_slab:160] [32mAdd memory region, start_vaddr: 0x46c000, size: 0x1b94000[m
[m[37m[ 63.643879 ax_alloc::buddy_slab:160] [32mAdd memory region, start_vaddr: 0x2400000, size: 0x7d00000[m
[m[37m[ 63.644846 ax_alloc::buddy_slab:160] [32mAdd memory region, start_vaddr: 0xa145000, size: 0xbb000[m
[m[37m[ 63.645680 buddy_slab_allocator::global:143] [32mGlobalAllocator: skip region 0xa145000+0xbb000, no allocator-visible memory after 2097152 alignment[m
[m[37m[ 63.646903 ax_alloc::buddy_slab:160] [32mAdd memory region, start_vaddr: 0xb65f000, size: 0x49a1000[m
[m[37m[ 63.647827 ax_alloc::buddy_slab:160] [32mAdd memory region, start_vaddr: 0x20000000, size: 0xd0000000[m
[m[37m[ 63.651827 ax_alloc::buddy_slab:160] [32mAdd memory region, start_vaddr: 0x3fc500000, size: 0x3a00000[m
[m[37m[ 63.652749 ax_alloc::buddy_slab:160] [32mAdd memory region, start_vaddr: 0x4f0000000, size: 0x10000000[m
[m[37m[ 63.653864 ax_runtime:253] [32mkernel aspace: [VA:0x0, VA:0xffffffffffffffff)[m
[m[37m[ 63.654549 ax_mm:92] [32mInitialize virtual memory management...[m
[m[37m[ 64.672998 ax_runtime:265] [32mInitialize platform devices...[m
[m[37m[ 64.726964 someboot::arch::power:23] [32mPower management method : SMC[m
[m[37m[ 64.727607 somehal::driver:5] [32mInitializing rdrive with FDT at 0x200000[m
[m[37m[ 65.042532 ax_task::api:149] [32mInitialize scheduling...[m
[m[37m[ 65.043101 ax_task::api:154] [32m  use FIFO scheduler.[m
[m[37m[ 65.043613 ax_runtime:291] [32mInitialize interrupt handlers...[m
[m[37m[ 65.045542 ax_runtime::devices:2] [32mProbe platform devices...[m
[m[37m[ 65.142778 ax_driver::soc::scmi:55] [33m[scmi] SCMI shmem phandle 71 cannot be resolved by rdrive; using RK3588 shmem fallback 0x10f000+0x100[m
[m[37m[ 65.143969 ax_driver::soc::scmi:76] [32mSCMI SMC registered: smc_id=0x82000010, shmem_phandle=71, shmem=0x10f000+0x100[m
[m[37m[ 65.145623 ax_driver::soc::rockchip::cru::rk3588:60] [32mRK3588 CRU reg: addr=0xfd7c0000, size=0x5c000, rockchip,grf=<0x77>[m
[m[37m[ 65.146712 rockchip_soc::variants::rk3588::cru:122] [32mCRU@fd7c0000: Initializing and verifying clock configuration...[m
[m[37m[ 65.147713 rockchip_soc::variants::rk3588::cru:173] [33m⚠ CRU@fd7c0000
[m[37m[ 65.149636 ax_driver::soc::rockchip::cru::rk3588:79] [32mRK3588 CRU clock/reset registered successfully[m
[m[37m[ 65.151687 ax_driver::soc::rockchip::pm:61] [32mRockchip power-domain provider registered succ[37m[ 65.189075 ax_driver::soc::rockchip::pinctrl:239] [32mRockchip RK3588 pinctrl registered successfully[m
[m[37m[ 65.626128 ax_driver::soc::fixed_regulator:70] [32mFixed regulator vcc5v0_host enabled via pinctrl[m
[m[37m[ 65.720499 ax_driver::soc::fixed_regulator:70] [32mFixed regulator vcc3v3_pcie_eth enabled via pinctrl[m
[m[37m[ 65.765974 ax_driver::soc::fixed_regulator:70] [32mFixed regulator wifi_disable enabled via pinctrl[m
[m[37m[ 65.828528 ax_driver::block::rockchip::sd:218] [32m[mmc@fe2c0000] vqmmc-supply phandle Phandle(283) is not a fixed GPIO regulator; skip pinctrl enable[m
[m[37m[ 65.829823 ax_driver::soc::scmi:124] [32mSCMI clock enabled: clock_id=0x17[m
[m[37m[ 65.830487 ax_driver::block::rockchip::clock:53] [32m[mmc@fe2c0000] enabled SDMMC SCMI clock Some("biu") (0x17)[m
[m[37m[ 65.831442 ax_driver::soc::scmi:124] [32mSCMI clock enabled: clock_id=0x9[m
[m[37m[ 65.832096 ax_driver::block::rockchip::clock:53] [32m[mmc@fe2c0000] enabled SDMMC SCMI clock Some("ciu") (0x9)[m
[m[37m[ 65.833046 ax_driver::block::rockchip::clock:100] [32m[mmc@fe2c0000] enabled SDMMC clock Some("ciu-drive") (0x2c2)[m
[m[37m[ 65.834014 ax_driver::block::rockchip::clock:100] [32m[mmc@fe2c0000] enabled SDMMC clock Some("ciu-sample") (0x2c3)[m
[m[37m[ 65.835009 ax_driver::block::rockchip::sd:129] [32mrockchip-dwmmc proc::scmi:149] [32mSCMI clock rate set: clock_id=0x9, rate=50000000 Hz[m
[m[37m[ 65.836917 ax_driver::soc::scmi:95] [32mSCMI clock rate get: clock_id=0x9, rate=49500000 Hz[m
[m[37m[ 65[37m[ 65.852202 sdmmc_protocol::sdio::init:487] [32msdio: submit bus op SwitchVoltage(V330)[m
[m[37m[ 65.852960 sdmmc_protocol::sdio::init:449] [32msdio: submit bus op SetBusWidth(Bit1)[m
[m[37m[ 65.853701 sdmmc_protocol::sdio::init:449] [32msdio: submit bus op SetClock(Identification)[m
[m[37m[ 65.854505 ax_driver::soc::scmi:149] [32mSCMI clock rate set: clock_id=0x9, rate=800000 Hz[m
[m[37m[ 65.855291 ax_driver::soc::scmi:95] [32mSCMI clock rate get: clock_id=0x9, rate=800000 Hz[m
[m[37m[ 65.856070 ax_driver::block::rockchip::sd:91] [32mrockchip-dwmmc: ciu clock set target=400000 Hz cclkin=800000 Hz bus=400000 Hz[m
[m[37m[ 65.889104 sdmmc_protocol::sdio::init:695] [32msdio: detected Sd ocr=0xc0ff8000[m
[m[37m[ 65.891156 sdmmc_protocol::sdio::init:849] [32msdio: CSD capacity_blocks=Some(62333952)[m
[m[37m[ 65.892231 sdmmc_protocol::sdio::init:863] [32msdio: switch SD bus width to 4-bit[m
[m[37m[ 65.893571 sdmmc_protocol::sdio::init:449] [32msdio: submit bus op SetBusWidth(Bit4)[m
[m[37m[ 65.894314 sdmmc_protocol::sdio::init:449] [32msdio: submit bus op SetClock(Default)[m
[m[37m[ 65.895063 ax_driver::soc::scmi:149] [32mSCMI clock rate set: clock_id=0x9, rate=50000000 Hz[m
[m[37m[ 65.895867 ax_driver::soc::scmi:95] [32mSCMI clock rate get: clock_id=0x9, rate=49500000 Hz[m
[m[37m[ 65.896656 ax_driver::block::rockchip::sd:91] [32mrockchip-dwmmc: ciu clock set target=25000000 Hz cclkin=49500000 Hz bus=24750000 Hz[m
[m[37m[ 65.900664 ax_driver::soc::scmi:149] [32mSCMI clock rate set: clock_id=0x9, rate=100000000 Hz[m
[m[37m[ 65.901473 ax_ clock rate get: clock_id=0x9, rate=99000000 Hz[m
[m[37m[ 65.902264 ax_driver::block::rockchip::sd:91] [32mrockchip-dwmmc: ciu clock set target=50000000 Hz cclkin=99000000 Hz bus=49500000 Hz[m
[m[37m[ 65.903402 sdmmc_protocol::sdio::init:1442] [32msdio: SD speed selected HighSpeed[m
[m[37m[ 65.904120 sdmmc_protocol::sdio::init:1463] [32msdio: init done kind=Sd sd_v2=true high_capacity=true rca=0xaaaa ocr=0xc0ff8000 host_bus_width=Bit4 ext_csd_bus_width=None ext_csd_timing=None[m
[m[37m[ 65.905668 ax_driver::block::rockchip::sd:169] [32mrockchip-dwmmc card: kind=Sd high_capacity=true rca=43690 ocr=0xc0ff8000 capacity_blocks=Some(62333952) cid=true ext_csd=false[m
[m[37m[ 65.908172 ax_driver::block::rockchip::sd::phase:67] [32mrockchip-dwmmc: sample phase probe 0deg: block0_ok=true mbr_sig=aa55 block0_head=[00, 00, 00, 00, 00, 00, 00, 00, 00, 00, 00, 00, 00, 00, 00, 00] block1_ok=true gpt_head=[45, 46, 49, 20, 50, 41, 52, 54][m
[m[37m[ 65.910234 ax_driver::block::rockchip::sd::phase:81] [32mrockchip-dwmmc: selected RK3588 SDMMC sample phase 0deg[m
[m[37m[ 65.911313 ax_driver::block::rockchip::sd:199] [32mrockchip-sd block device registered irq=None[m
[m[37m[ 65.912883 ax_driver::block::rockchip::clock:100] [32m[mmc@fe2e0000] enabled SDHCI clock Some("core") (0x13a)[m
[m[37m[ 65.913818 ax_driver::block::rockchip::clock:100] [32m[mmc@fe2e0000] enabled SDHCI clock Some("bus") (0x138)[m
[m[37m[ 65.914742 ax_driver::block::rockchip::clock:100] [32m[mmc@fe2e0000] enabled SDHCI clock Some("axi") (0x139)[m
[m[37m[ 65.915670 ax_driver::block::rockchip::clock:100] [32m[mmc@fe2e0000] enabled SDHCI clock Some("block") (0x13b)[m
[m[37m[ 65.916608 ax_driver::block::rockchip::clock:100] [32m[mmc@fe2e0000] enabled SDHCI clock Some("timer") (0x13c)[m
[m[37m[ 65.917558 ax_driver::block::rockchip::sdhci_rk3588:166] [32mrockchip-sdhci probe: node=mmc@fe2e0000, addr=0xfe2e0000, size=0x10000[m
[m[37m[ 65.918699 ax_driver::block::rockchip::sdhci_rk3588:176] [32mrockchip-sdhci: using external CRU clock[m
[m[37m[ 65.919565 ax_driver::block::rockchip::sdhci_rk3588:185] [32mrockchip-sdhci: initialize card through native host2 bus ops[m
[m[37m[ 65.920587 sdmmc_protocol::sdio::init:487] [32msdio: submit bus op ResetAll[m
[m[37m[ 65.921278 ax_driver::block::rockchip::sdhci_rk3588:252] [32mrockchip-sdhci: RK3588 DWCMSHC vendor reset area1=0x500[m
[m[37m[ 65.922259 sdmmc_protocol::sdio::init:487] [32msdio: submit bus op PowerOn[m
[m[37m[ 65.932928 sdmmc_protocol::sdio::init:487] [32msdio: submit bus op SwitchVoltage(V330)[m
[m[37m[ 65.933700 sdmmc_prot] [32msdio: submit bus op SetBusWidth(Bit1)[m
[m[37m[ 65.934441 sdmmc_protocol::sdio::init:449] [32msdio: submit bus op SetClock(Identification)[m
[m[37m[ 65.935248 ax_driver::block::rockchip::sdhci_rk3588:118] [32mrockchip-sdhci: core clock set to 375000 Hz[m
[m[37m[ 65.987024 sdmmc_protocol::sdio::init:780] [32msdio: detected Mmc ocr=0xc0ff8080[m
[m[37m[ 65.989173 sdmmc_protocol::sdio::init:849] [32msdio: CSD capacity_blocks=None[m
[m[37m[ 66.001577 sdmmc_protocol::sdio::init:950] [32msdio: EXT_CSD sector_count=122224640[m
[m[37m[ 66.002983 ax_driver::block::rockchip::sdhci_rk3588:118] [32mrockchip-sdhci: core clock set to 25000000 Hz[m
[m[37m[ 66.003939 ax_driver::block::rockchip::sdhci_rk3588:118] [32mrockchip-sdhci: core clock set to 50000000 Hz[m
[m[37m[ 66.004853 sdmmc_protocol::sdio::init:1210] [32msdio: MMC speed selected HighSpeed bus_width=Bit8[m) ext_csd_timing=Some(Compat)[m
[m[37m[ 66.007335 ax_driver::block::rockchip::sdhci_rk3588:191] [32mSDHCI card: kind=Mmc high_capacity=true rca=1 ocr=0xc0ff8080 capacity_blocks=Some(122224640) cid=true ext_csd=true[m
[m[37m[ 66.008863 ax_driver::block::rockchip::sdhci_rk3588:208] [32mrockchip-sdhci block device registered irq=None[m
[m[37m[ 66.009899 ax_runtime::irq:120] [32mregistered rockchip-sd/0 irq IrqId { domain: IrqDomainId(7), hwirq: HwIrq(235) }[m
[m[37m[ 66.010900 ax_fs_ng::block::runtime::device:1359] [33mrdif filesystem block device rockchip-sd registered with IRQ-driven completion[m
[m[37m[ 66.011998 ax_fs_ng::block::runtime::device:1361] [32mregistered rdif filesystem block device rockchip-sd[m
[m[37m[ 66.012948 ax_runtime::irq:120] [32mregistered rockchip-sdhci/0 irq IrqId { domain: IrqDomainId(7), hwirq: Hwntime::device:1359] [33mrdif filesystem block device rockchip-sdhci registered with IRQ-driven completion[m
[m[37m[ 66.015074 ax_fs_ng::block::runtime::device:1361] [32mregistered rdif filesystem block device rockchip-sdhci[m
[m[37m[ 66.051320 ax_fs_ng::root:256] [32m    partition 1 name=Some("bootfs") fs=Some(Fat) lba 61440..2158592[m
[m[37m[ 66.0fs_ng::root:256] [32m    partition 2 name=None fs=Some(Ext4) lba 2158592..61702144[m
[m[37m[ 66.053295 ax_fs_ng::root:272] [32m  block device 0 (rockchip-sd) has Gpt partition table with 2 partitions[m
[m[37m[ 66.069752 ax_fs_ng::root:256] [32m    partition 1 name=Some("uboot") fs=None lba 8192..16384[m
[m[37m[ 66.070822 ax_fs_ng::root:256] [32m    partition 2 name=Some("misc") fs=None lba 16384..24576[m
[m[37m[ 66.071850 ax_fs_ng::root:256] [32m    partition 3 name=Some("bootctrl") fs=None lba 24576..28672[m
[m[37m[ 66.072923 ax_fs_ng::root:256] [32m    partition 4 name=Some("resource") fs=None lba 28672..40960[m
[m[37m[ 66.073881 ax_fs_ng::root:256] [32m    partition 5 name=Some("boot_linux") fs=Some(Ext4) lba 40960..237568[m
[m[37m[ 66.075048 ax_fs_ng::root:256] [32m    partition 6 name=Some("ramdisk") fs=None lba 237568..245760[m
[m[37m[ 66.076060 ax_fs_ng::root:256] [32m    partition 7 name=Some("system") fs=Some(Ext4) lb   partition 8 name=Some("vendor") fs=Some(Ext4) lba 4440064..6537216[m
[m[37m[ 66.078128 ax_fs_ng::root:256] [32m    partition 9 name=Some("sys-prod") fs=Some(Ext4) lba 6537216..6639616[m
[m[37m[ 66.079166 ax_fs_ng::root:256] [32m    partition 10 name=Some("chip-prod") fs=Some(Ext4) lba 6639616..6742016[m
[m[37m[ 66.080312 ax_fs_ng::root:256] [32m    partition 11 name=Some("updater") fs=None lba 6742016..6807552[m
[m[37m[ 66.081352 ax_fs_ng::root:256] [32m    partition 12 name=Some("eng_system") fs=None lba 6807552..6840320[m
[m[37m[ 66.082420 ax_fs_ng::root:256] [32m    partition 13 name=Some("eng_chipset") fs=None lba 6840320..6873088[m
[m[37m[ 66.083490 ax_fs_ng:[37m[ 66.114190 rsext4::ext4::mount:327] [32m/lost+found exists (superblock hint inode=11)[m
[m[37m[ 66.115908 rsext4::ext4::mount:462] [32mExt4 filesystem mounted[m
[m[37m[ 66.116489 rsext4::ext4::mount:463] [32m  - block size: 4096 bytes[m
[m[37m[ 66.117096 rsext4::ext4::mount:464] [32m  - total blocks: 7442944[m
[m[37m[ 66.117696 rsext4::ext4::mount:465] [32m  - free blocks: 5965326[m
[m[37m[ 66.118288 rsext4::ext4::mount:466] [32m  - total inodes: 1845888[m
[m[37m[ 66.118888 rsext4::ext4::mount:467] [32m  - free inodes: 1796842[m
[m[37m[ 66.119481 rsext4::ext4::sync:13] [32mSyncing filesystem...[m
[m[37m[ 66.130111 rsext4::ext4::mount:546] [32mExt4 filesystem mounted[m
[m[37m[ 66.130717 ax_fs_ng:88] [32m  filesystem type: "ext4"[m
[m[37m[ 66.141717 ax_fs_ng::root:518] [32m  mounting partition disk0 partition 1 (bootfs, fs=fat, lba 61440..2158592) at /boot[dary CPU 2 started.[m
[m[37m[ 66.145809 ax_runtime::mp:107] [32mSecondary CPU 1 init OK.[m
[m[37m[ 66.147168 ax_runtime:336] [32mPrimary CPU 0 init OK.[m
[m[37m[ 66.147167 ax_runtime::mp:79] [32mSecondary CPU 3 started.[m
[m[37m[ 66.147974 ax_runtime::mp:107] [32mSecondary CPU 2 init OK.[m
[m[37m[ 66.151081 ax_runtime::mp:107] [32mSecondary CPU 3 init OK.[m
[m

       d8888            888     888  d8b
      d88888            888     888  Y8P
     d88P888            888     888
    d88P 888  888  888  Y88b   d88P  888  .d8888b    .d88b.   888d888
   d88P  888  `Y8bd8P'   Y88b d88P   888  88K       d88""88b  888P"
  d88P   888    X88K      Y88o88P    888  "Y8888b.  888  888  888
 d8888888888  .d8""8b.     Y888P     888       X88  Y88..88P  888
d88P     888  888  888      Y8P      888   88888P'   "Y88P"   888


by AxVisor Team

[37m[ 66.155318 0:2 axvisor:57] [32mStarting virtualization...[m
[m[37m[ 66.155861 0:2 axvm::host::arceos:230] [32mEnabling hardware virtualization support on all cores...[m
[m[37m[ 66.156713 0:2 axvm::host::arceos:236] [32mCore 0 is initializing hardware virtualization support...[m
[m[37m[ 66.157575 0:2 axvm::timer:101] [32mInitializing AxVM timer wheel...[m
[m[37m[ 66.158201 0:2 axvm::host::arceos:238] [32mHardware virtualization support enabled on core 0[m
[m[37m[ 66.160023 1:11 axvm::host::upport...[m
[m[37m[ 66.16152:host::arceos:251] [32mHardware virtualization support enabled on core 1[m
[m[37m[ 66.163138 3:13 axvm::host::arceos:248] are virtualization support...[m
[m[37m[ 66.163134 0:2 axvm::9 2:12 axvm::timer:101] [32mInitializing AxVM timer wheel...[m1] [32mInitializing AxVM timer wheel...[m
[m[37m[ 66.165572 2:12 axvm::host::arceos:251] [32mHardware virtualization support enabled on core 2[m
[m[37m[ 66.166202 3:13 axvm::host::arceos:251] [32mHardware virtualization support enabled on core 3[m
[m[37m[ 66.167940 0:2 axvm::arch::aarch64::gic:59] [32mUsing per-CPU GICv3 system registers for virtual IRQs[m
[m[37m[ 66.251538 0:2 axvm::arch::aarch64::gic:175] [32mAArch64 host virtual-timer PPI 27 is available for guest forwarding[m
[37m[ 66.255089 0:2 axvisor::manager:133] [32mNOT find dir: /guest/vm_default in filesystem[m
[m[37m[ 66.255852 0:2 axvisor::config:94] [32mUsing static VM configs.[m
[m[37m[ 66.329086 0:2 axvm::arch::aarch64::fdt::core::parser:386] [32mCPU node: /cpus/cpu@0, node_id: 0x0, guest_cpu_id: 0x0[m
[m[37m[ 66.330096 0:2 axvm::arch::aarch64::fdt::core::parser:386] [32mCPU node: /cpus/cpu@100, node_id: 0x100, guest_cpu_id:44 0:2 axvm::arch::aarch64::fdt:3239 0:2 axvm::arch::aarch64::fd0, node_id: 0x400, guest_cpu_id: 0x400[m
[m[37m[ 66.334288 0:2 axvm::arch::aarch64::fdt::core::parser:386] [32mCPU node: /cpus/cpu@500, node_id: 0x500, guest_cpu_id: 0x500[m
[m[37m[ 66.335335 0:2 axvm::arch::aarch64::fdt::core::parser:386] [32mCPU node: /cpus/cpu@600, node_id: 0x600, guest_cpu_id: 0x600[m
[m[37m[ 66.336388 0:2 axvm::arch::aarch64::fdt::core::parser:386] [32mCPU node: /cpus/cpu@700, node_id: 0x700, guest_cpu_id: 0x700[m
[m[37m[ 66.349370 0:2 axvm::arch::aarch64::fdt::core::parser:393] [32mFound 8 host CPU nodes[m
[m[37m[ 66.350126 0:2 axvm::arch::aarch64::fdt::core:68] [32mVM[1] found DTB, parsing...[m
[m[37m[ 90.072274 0:2 axvisor::config:139] [32mCreating VM[1] "starry-ort-ivc-orangepi"[m
[m[37m[ 90.073027 0:2 axvm::vm:637] [32mVM created: id=1[m
[m[37m[ 90.569657 0:2 axvisor::config:151] [32mVM[1] created success, loading images...[m
[m[37m[ 92.572001 0:2 axdevice::device:1350] [32mAxVmDevices: registered device id=0[m
[m[37m[ 92.572692 0:2 axdevice::device:336] [32mGPPT Distributor initialized with base GPA 0x8000000m[ 92.582835 0:2 axdevice::devicAxVmDevices: registered device id=6[m
[m[37m[ 92.583524 0:2 vices: registered device id=7[m
[m[37m[ 92.584212 0:2 axdevice::device:1350] [32mAxVmDevices: registered device id=8[m
[m[37m[ 92.584931 0:2 axvm::vm::prepare:101] [32mVM setup: id=1[m
[m[37m[ 92.651887 0:2 axvm::arch::aarch64::fdt::core::parser:386] [32mCPU node: /cpus/cpu@0, node_id: 0x0, guest_cpu_id: 0x0[m
[m[37m[ 92.652898 0:2 axvm::arch::aarch64::fdt::core::parser:386] [32mCPU node: /cpus/cpu@100, node_id: 0x100, guest_cpu_id: 0x100[m
[m[37m[ 92.653948 0:2 axvm::arch::aarch64::fdt::core::parser:386] [32mCPU node: /cpus/cpu@200, node_id: 0x200, guest_cpu_id: 0x200[m
[m[37m[ 92.654997 0:2 axvm::arch::aarch64] [32mCPU node: /cpus/cpu@300, node_id: 0x300, guest_cpu_id: 0x051 0:2 axvm::arch::aarch64::fdt::core::parser:386] [32mCPU nodguest_cpu_id: 0x400[m
[m[37m[ 92.657102 0:2 axvm::arch::aarc [32mCPU node: /cpus/cpu@500, node_id: 0x500, guest_cpu_id: 0x5[m
[m[37m[ 92.658151 0:2 axvm::arch::aarch64::fdt::core::parser:386] [32mCPU node: /cpus/cpu@600, node_id: 0x600, guest_cpu_id: 0x600[m
[m[37m[ 92.65920[37m[ 92.667944 0:2 axvm::arch::aarch64::fdt::core::parser:393][37m[ 92.774989 0:2 axvm::arch::aarch64::fdt::core::device:96] [32mFound excluded devices: [][m
[m[37m[ 92.813775 0:2 axvisor::config:139] [32mCreating VM[2] "zephyr-ivc-orangepi"[m
[m[37m[ 92.814489 0:2 axvm::vm:637] [32mVM created: id=2[m
[m[37m[ 93.063058 0:2 axvisor::config:151] [32mVM[2] created success, loading images...[m
[m[37m[ 93.064931 0:2 axdevice::de2mvirtio-net 'virtio-net-zephyr' initialized at GPA 0xa002000 IRment 1 header mode FixedTwelveByAC 52:54:00:00:00:02)[m
[m[37m[ 93.070406 0:2 axdevice::device:1350] [32mAxVmDevices: registered device id=3[m
[m[37m[ 93.071089 0:2 axvm::arch::aarch64::vm:134] [32mAArch64 PL011 console 'pl011-zephyr' initializedm[ 93.072204 0:2 axdevice::device:1350] [32mAxVmDevices: registered device id=4[m
[m[37m[ 93.072893 0:2 axdevice::device:1350] [32mAxVmDevices: registered device id=5[m
[m[37m[ 93.073580 0:2 axdevice::device:1350] [32mAxVmDevices: registered device id=6[m
[m[37m[ 93.074298 0:2 axvm::vm::prepare:101] [32mVM setup: id=2[m
[m[37m[ 93.074886 0:2 axvm::runtime:35] [32mInitializing VMM...[m
[m[37m[ 93.075414 0:2 axvm::runtime:40] [32mVMM starting, booting VMs...[m
[m[37m[ 93.076019 0time:48] [32mVM[2] boot success[m
[m[37m[ 93.081417 0:15 axvm::runtime::vcpus:332] [32mVM[2] VCpu[0] waiting for running[m
[m[37m[ 93.082118 0:15 axvm::runtime::vcpus:335] [32mVM[2] VCpu[0] running...[m
[m[37m[ 93.082756 0:15 axvm::arch::aarch64::gic:361] [33mVirtual intening[m
[m[37m[ 93.086515 1:14 axvm::runtime::vcpus:335] [32Cpu[0] running...[m
[m[37m[ 93.087153 1:14 axvm::arch::aarch64::gic:361] [33mVirtual interrupt interface not enabled, enabling now[m
[m[37m[ 93.088036 1:14 axvm::runtime::vcpus:337] [32mVM[1] VCpu[0] first-run archyr OS build v4.3.0 ***
[guest-console:pl011-zephyr] IVC-RTOS-SELFTEST PASS vector=rust-wire-v1
[guest-console:pl011-starry] console=ttyAMA0,115200 earlycon=pl011,0x09000000 root=/dev/vda rw fsck.repair=yes
[guest-console:pl011-starry] VM Load @0x80200000
[guest-console:pl011-starry] VM Load Offset: 0x100200000
[guest-console:pl011-starry] Memory Map:
[guest-console:pl011-starry]   Free   0x00000080000000 - 0x00000080200000 (2 MiB)
[guest-console:pl011-starry]   KImg   0x00000080200000 - 0x00000081000000 (14 MiB)
[guest-console:pl011-starry]   Free   0x00000081000000 - 0x00000090000000 (240 MiB)
[guest-console:pl011-starry] Initialize RAM allocator: 0x81000000..0x90000000
[guest-console:pl011-starry] Initializing per-CPU data
[guest-console:pl011-starry] Per-CPU data one cpu size: 0x41000 bytes
[guest-console:pl011-starry] Total per-CPU data size for secondary CPUs: 0x82000 bytes (2 CPUs)
[guest-console:pl011-starry] Flushed RAM used range to memory map: 0x81000000..0x81001000, current: 0x81001000
[guest-console:pl011-starry] Flushed RAM used range to memory map: 0x81001000..0x81083000, current: 0x81083000
[guest-console:pl011-starry] Per-CPU data allocated at 0x81001000 - 0x81083000
[guest-console:pl011-starry] Initializing per-CPU RAM for CPU0 - hard id 0x100 @ 0x81001000
[guest-console:pl011-starry] Initializing per-CPU RAM for CPU1 - hard id 0x200 @ 0x81042000
[guest-console:pl011-starry] CPU0 - hard id 0x100, stack top @0x81042000, stack top virt @0xffffff0081042000, entry virt @0xffff[guest-console:pl011-starry] CPU1 - hard id 0x200, stack top @0x81083000, stack top virt @0xffffff0081083000, entry virt @0xffffffff80364420
[guest-console:pl011-starry] EL: 1
[guest-console:pl011-starry] Mapping early memory regions...
[guest-console:pl011-starry] Ram                 : [0xffff000080000000, 0xffff000090000000) -> [0x0000000080000000, 0x0000000090000000) (256 MiB)
[guest-console:pl011-starry] KImage              : [0xffffffff80000000, 0xffffffff80e00000) -> [0x0000000080200000, 0x0000000081000000) (14 MiB)
[guest-console:pl011-starry] PerCpu              : [0xffffff0081001000, 0xffffff0081083000) -> [[guest-console:pl011-starry] Debug serial        : [0xffff000009000000, 0xffff000009001000) -> [0x0000000009000000, 0x0000000009001000) (4 KiB)
[guest-console:pl011-starry] Boot page table at physical address: 0x81083000
[guest-console:pl011-starry] Setting up table registers...
[guest-console:pl011-starry] MMU Entry point at physical address: 0x805679b0
[guest-console:pl011-starry] Trap vector at 0xffffffff80360800
[guest-console:pl011-starry] Memory Map:
[guest-console:pl011-starry]   MMIO   0x00000009000000 - 0x00000009001000 (4 KiB)
[guest-console:pl011-starry]   Free   0x00000080000000 - 0x00000080200000 (2 MiB)
[guest-console:pl011-starry]   KImg   0x00000080200000 - 0x00000081000000 (14 MiB)
[guest-console:pl011-starry]   Rsv    0x00000081000000 - 0x00000081001000 (4 KiB)
[guest-console:pl011-starry]   PerCPU 0x00000081001000 - 0x00000081083000 (520 KiB)
[guest-console:pl011-starry]   Rsv    0x00000081083000 - 0x0000008108d000 (40 KiB)
[guest-console:pl011-starry]   Free   0x0000008108d000 - 0x00000090000000 (239.45 MiB)
[guest-console:pl011-starry] Jumping to main entry point at 0xffffffff8034f05c with SP 0xffffff0081042000
[guest-console:pl011-starry] 
[guest-console:pl011-starry]        d8888                            .d88888b.   .d8888b.
[guest-console:pl011-starry]       d88888                           d88P" "Y88b d88P  Y88b
[guest-console:pl011-starry]      d88P888                           888     888 Y88b.
[guest-console:pl011-starry]     d88P 888 888d888  .d8888b  .d88b.[guest-console:pl011-starry]  d8888888888 888     Y88b.    Y8b.     Y88b. .d88P Y88b  d88P
[guest-console:pl011-zephyr] IVC-RTOS-NET mac=52:54:00:00:00:02 expected=52:54:00:00:00:02
[guest-console:pl011-starry] d88P     888 888      "Y8888P  "Y8888   "Y88888P"   "Y8888P"
[guest-console:pl011-starry] 
[guest-console:pl011-starry] arch = aarch64
[guest-console:pl011-zephyr] IVC-RTOS-READY bind=10.0.0.2:5500 mac=52:54:00:00:00:02 window_bits=64 ack_loss_drop_every=0 expected_commands=1800 expected_protocol_errors=0 exit_after_expected=1
[guest-console:pl011-starry] platform = AxVisor Orange Pi 5 Plus IVC StarryOS guest
[guest-console:pl011-starry] target = aarch64-unknown-none-softfloat
[guest-console:pl011-starry] build_mode = 
[guest-console:pl011-starry] log_level = info
[guest-console:pl011-starry] backtrace = false
[guest-console:pl011-starry] smp = 2
[guest-console:pl011-starry] 
[guest[guest-console:pl011-starry] [m[37m[  0.787492 ax_runtime:214] [32mPrimary CPU 0 started, arg = 0x81000000.[m
[guest-console:pl011-starry] [m[37m[  0.789957 ax_runtime:216] [32mFound physcial memory regions:[m
[guest-console:pl011-starry] [m[37m[  0.792231 ax_runtime:218] [32m  [PA:0x9000000, PA:0x9001000) mmio (READ | WRITE | DEVICE | RESERVED)[m
[guest-console:pl011-starry] [m[37m[  0.795481 ax_runtime:218] [32m  [PA:0x80000000, PA:0x80200000) free memory (READ | WRITE | FREE)[m
[guest-console:pl011-starry] [m[37m[  0.798625 ax_runtime:218] [32m  [PA:0x80200000, PA:0x81000000) reserved (READ | WRITE | EXECUTE | RESERVED)[m
[guest-console:pl011-starry] [m[37m[  0.802060 ax_runtime:218] [32m  [PA:0x81000000, PA:0x81001000) reserved (READ | WRITE | EXECUTE | RESERVED)[m
[guest-console:pl011-starry] [m[37m[  0.805488 ax_runtime:218] [32m  [PA:0x81001000, PA:0x81083000) reserved (READ | WRITE | EXECUTE | RESERVED)[m
[guest-console:pl011-starry] [m[37m[  0.808916 ax_runtime:218] [32m  [PA:0x81083000, PA:0x8108d000) reserved (READ | WRITE | EXECUTE | RESERVED)[m
[guest-console:pl011-starry] [m[37m[  0.812349 ax_runtime:218] [32m  [PA:0x8108d000, PA:0x90000000) free memory (READ | WRITE | FREE)[m
[guest-console:pl011-starry] [m[37m[  0.815491 ax_runtime:360] [32mInitialize global memory allocator...[m
[guest-console:pl011-starry] [m[37m[  0.817877 ax_runtime:361] [32m  use buddy-slab-allocator allocator.[m
[guest-console:pl011-starry] [m[37m[  0.820264 ax_alloc::buddy_slab:150] [32mInitialize global memory allocator, start_vaddr: 0xffff00008108d000, size: 0xef73000[m
[guest-console:pl011-starry] [m[37m[  0.824369 ax_alloc::buddy_slab:399] [32mglobal allocator initialized[m
[guest-console:pl011-starry] [m[37m[  0.826782 ax_alloc::buddy_slab:160] [32mAdd memory region, start_vaddr: 0xffff000080000000, size: 0x200000[m
[guest-console:pl011-starry] [m[37m[  0.830182 buddy_slab_allocator::global:143] [32mGlobalAl[guest-console:pl011-starry] [m[37m[  0.834917 ax_runtime:253] [32mkernel aspace: [VA:0xffff000000000000, VA:0xffffffffffffffff)[m
[guest-console:pl011-starry] [m[37m[  0.837929 ax_mm:92] [32mInitialize virtual memory management...[m
[guest-console:pl011-starry] [m[37m[  0.857322 ax_runtime:265] [32mInitialize platform devices...[m
[guest-console:pl011-s[guest-console:pl011-starry] [m[37m[  0.863232 somehal::driver:5] [32mInitializing rdrive with FDT at 0xffff000081000000[m
[guest-console:pl011-starry] [m[37m[  0.879018 ax_task::api:149] [32mInitialize scheduling...[m
[guest-console:pl011-starry] [m[37m[  0.881195 ax_task::api:154] [32m  use Round-robin scheduler.[m
[guest-console:pl011-starry] [m[37m[  0.883415 ax_runtime:291] [32mInitialize interrupt handlers...[m
[guest-console:pl011-starry] [m[37m[  0.886483 ax_runtime::devices:2] [32mProbe platform devices...[m
[guest-console:pl011-starry] [m[37m[  0.889422 ax_driver::serial::pl011:22] [32mProbing PL011 serial device: serial@9000000[m
[guest-console:pl011-starry] [m[37m[  0.892416 ax_driver::serial::pl011:39] [32mPL011 serial@0xffff000009000000 registered successfully[m
[guest-console:pl011-starry] [m[37m[  0.895974 virtio_drivers::device::blk:63] [32mfound a block device of size 163840KB[m
[guest-console:pl011-starry] [m[37m[  0.898941 ax_driver::virtio::block:91] [32mregistered virtio block device[m
[guest-console:pl011-starry] [m[37m[  0.901730 virtio_drivers::device::net::dev_raw:33] [32mnegotiated_features Features(MAC | VERSION_1)[m
[guest-console:pl011-starry] [m[37m[  0.905330 ax_driver::virtio::net:407] [32mregistered virtio network device irq=None[m
[guest-console:pl011-starry] [mBoot at 1970-01-01 00:00:00.908192541 UTC
[guest-console:pl011-starry] 
[guest-console:pl011-starry] [37m[  0.910035 ax_runtime::irq:120] [32mregistered virtio-blk/0 irq IrqId { domain: IrqDomainId(7), hwirq: HwIrq(48) }[m
[guest-console:pl011-starry] [m[37m[  0.913637 ax_fs_ng::block::runtime::device:1359] [33mrdif filesystem block device virtio-blk registered with IRQ-driven completion[m
[guest-console:pl011-starry] [m[37m[  0.917701 ax_fs_ng::block::runtime::device:1361] [32mregistered rdif filesystem block device virtio-blk[m
[guest-console:pl011-starry] [m[37m[  0.921585 ax_fs_ng::root:249] [32m    raw device fs=Some(Ext4)[m
[guest-console:pl011-starry] [m[37m[  0.923864 ax_fs_ng::root:280] [32m  block device 0 (virtio-blk) has no usable partition table; treating the whole disk as a candidate[m
[guest-console:pl011-starry] [m[37m[  0.928019 ax_fs_ng::root:389] [32m  matched root by raw device path on disk0 raw device[m
[guest-console:pl011-starry] [m[37m[  0.930961 ax_fs_ng:75] [32mInitialize filesystem subsystem...[m
[guest-console:pl011-starry] [m[37m[  0.933205 ax_fs_ng:76] [32m  selected root device: disk0 raw device[m
[guest-console:pl011-starry] [m[37m[  0.935864 rsext4::crc32c::arm64:54] [33mID_AA64ISAR0_EL1[19:16]: 0x1[m
[guest-console:pl011-starry] [m[37m[  0.938345 rsext4::crc32c::arm64:57] [33mHardware CRC32C support detected.[m
[guest-console:pl011-starry] [m[37m[  0.943423 rsext4::ext4::mount:340] [32m/lost+found exists (path resolution, repaired hint inode=11)[m
[guest-console:pl011-starry] [m[37m[  0.947343 rsext4::ext4::mount:462] [32mExt4 filesystem mounted[m
[guest-console:pl011-starry] [m[37m[  0.949618 rsext4::ext4::mount:463] [32m  - block size: 4096 bytes[m
[guest-console:pl011-starry] [m[37m[  0.951973 rsext4::ext4::mount:464] [32m  - total blocks: 40960[m
[guest-console:pl011-starry] [m[37m[  0.954243 rsext4::ext4::mount:465] [32m  - free blocks: 26245[m
[guest-console:pl011-starry] [m[37m[  0.956499 rsext4::ext4::mount:466] [32m  - total inodes: 16384[m
[guest-console:pl011-starry] [m[37m[  0.958768 rsext4::ext4::mount:467] [32m  - free inodes: 16316[m
[guest-console:pl011-starry] [m[37m[  0.961015 rsext4::ext4::sync:13] [32mSyncing filesystem...[m
[guest-console:pl011-starry] [m[37m[  0.965267 rsext4::ext4::mount:546] [32mExt4 filesystem mounted[m
[guest-console:pl011-starry] [m[37m[  0.967593 ax_fs_ng:88] [32m  filesystem type: "ext4"[m
[guest-console:pl011-starry] [m[37m[  0.971119 ax_net:189] [32mInitialize network subsystem..[guest-console:pl011-starry] [m[37m[  0.973526 ax_net:209] [32m  use NIC 0: "virtio-net"[m
[guest-console:pl011-starry] [m[37m[  0.975834 ax_runtime::irq:120] [32mregistered eth0 irq IrqId { domain: IrqDomainId(7), hwirq: HwIrq(56) }[m
[guest-console:pl011-starry] [m[37m[  0.979264 ax_net:235] [32meth0:[m
[guest-console:pl011-starry] [m[37m[  0.980722 ax_net:236] [32m  id:   2[m
[guest-console:pl011-starry] [m[37m[  0.982296 ax_net:237] [32m  mac:  52-54-00-00-00-01[m
[guest-console:pl011-starry] [m[37m[  0.984284 ax_net:254] [32m  mode: dhcp[m
[guest-console:pl011-starry] [m[37m[  0.985928 ax_net:292] [32mDevice: lo[m
[guest-console:pl011-starry] [m[37[guest-console:pl011-starry] [m[37m[  0.989240 ax_net::service:606] [32meth0: DHCP enabled[m
[guest-console:pl011-starry] [m[37m[  2.994924 ax_net:937] [33mDHCP bootstrap timed out[m
[37m[ 95.583082 1:14 axvm::arch::aarch64::cpu_up:44] [32mVM[1]'s VCpu[0] try to boot target_cp42bc0[m
[m[37m[ 95.584243 1:pu[1]") created cpumask: [2, ], initial CPU 2[m
[m[37m[ 95.587980 2:16 axvm::runtime::vcpus:332] [32mVM[1] VCpu[1] waiting for running[m
[m[37m[ 95.588682 2:16 axvm::runtime::vcpus:331] VCpu[1] running...[m
[m[37m[ 95.589319 2:16 axvm::arch::aarch64::gic:361] [33mVirtual interrupt interface not enabled, enabling now[m
[m[37m[ 95.590203 2:16 axvm::runtime::vcpus:337] [32mVM[1] VCpu[1] first-run architecture setup complete[m
[m[guest-console:pl011-starry] [m[37m[  3.006827 ax_runtime:336] [32mPrimary CPU 0 init OK.[m
[guest-console:pl011-starry] [m[37m[  3.006836 ax_runtime::mp:79] [32mSecondary CPU 1 started.[m
[guest-console:pl011-starry] [m[37m[  3.011793 ax_runtime::mp:107] [32mSecondary CPU 1 init OK.[m
[guest-console:pl011-starry] [m[37m[  3.014055 0:2 ktracepoint:282] [32mtracepoint_data_start: 0xffffffff804adc78, tracepoint_data_end: 0xffffffff804adcd8[m
[guest-console:pl011-starry] [m[37m[  3.017791 0:2 ktracepoint:297] [32mtracepoint_data_len: 6[m
[guest-console:pl011-starry] [m[37m[  3.019933 0:2 ktracepoint:314] [32mtracepoint registered: sched:sched_process_exit[m
[guest-console:pl011-starry] [m[37m[  3.022736 0:2 ktracepoint:314] [32mtracepoint registered: sched:sched_process_fork[m
[guest-console:pl011-starry] [m[37m[  3.025547 0:2 ktracepoint:314] [32mtracepoint registered: sched:sched_switch[tarry] [m[37m[  3.030838 0:2 ktracepoint:314] [32mtracepoint registered: syscalls:sys_enter_openat[m
[guest-console:pl011-starry] [m[37m[  3.033668 0:2 ktracepoint:314] [32mtracepoint registered: syscalls:sys_mkdirat[m
[guest-console:pl011-starry] [mInitialized 6 tracepoints
[guest-console:pl011-starry] kmod subsystem initialized
[guest-console:pl011-starry] [37m[  3.038383 0:2 starry_kernel::pseudofs:84] [32mInitialize pseudofs...[m
[guest-console:pl011-starry] [m[37m[  3.041295 0:2 starry_kernel::pseudofs::dev::tty::serial:343] [32mttyS0 registered: path=00000, alias=Some(0), paddr=0x9000000, mapped=0xffff000009000000, irq=IrqId { domain: IrqDomainId(7), hwirq: HwIrq(33) }, mode=interrupt[m
[guest-console:pl011-starry] [m[guest-console:pl011-starry] [m[37m[  3.054154 0:2 starry_kernel::pseudofs::usbfs:51] [32musbfs: initializing manager[m
[guest-console:pl011-starry] [m[37m[  3.056918 0:2 starry_kernel::pseudofs::usbfs::manager:1401] [32musbfs: discovered 0 USB host(s)[m
[guest-console:pl011-starry] [m[37m[  3.060054 0:2 starry_kernel::pseudofs::usbfs:54] [32musbfs: no USB host found, skip mounting usbfs[m
[guest-console:pl011-starry] [m[37m[  3.063331 0:2 starry_kernel::pseudofs:78] [32mMounted tmpfs at /dev/shm[m
[guest-console:pl011-starry] [m[37m[  3.072704 0:2 starry_kernel::pseudofs:78] [32mMounted tmpfs at /tmp[m
[guest-console:pl011-starry] [m[37m[  3.075292 0:2 starry_kernel::dyn_debug:61] [32mdebug_init: initializing dynamic debug sites[m
[guest-console:pl011-starry] [m[37m[  3.079184 0:2 starry_kernel::dyn_debug:64] [32mdebug_init: found 191 dynamic debug sites[m
[guest-console:pl011-starry] [m[37m[  3.082170 0:2 starry_kernel::pseudofs::proc:73] [32mRead kallsyms, size: 1287KB[m
[guest-console:pl011-starry] [m[37m[  3.115772 0:2 starry_kernel::pseudofs:78] [32mMounted proc at /proc[m
[guest-console:pl011-starry] [m[37m[  3.118562 0:2 starry_kernel::pseudofs:78] [32mMounted sysfs at /sys[m[guest-console:pl011-starry] [m[37m[  3.121215 0:2 starry_kernel::pseudofs:78] [32mMounted debug at /sys/kernel/debug[m
[guest-console:pl011-starry] [m[37m[  3.124037 0:2 starry_kernel::task::timer:329] [32mInitialize alarm...[m
[guest-console:pl011-starry] [mWelcome to [96m[1mStarry OS[0m!
[guest-console:pl011-starry] /bin/sh: env: not found
[guest-console:pl011-starry] 
[guest-console:pl011-starry] Use [1[guest-console:pl011-starry] STARRY_GROUPED_AUTORUN_INIT
[guest-console:pl011-starry] IVC-STARRY-BOOT mode=neural backend=onnxruntime fault_profile=none count=1800 period_ms=100 vcpus=2
[guest-console:pl011-starry] IVC-STARRY-BOOT mode=neural backend=onnxruntime fault_profile=none count=1800 period_ms=100 vcpus=2
[guest-console:pl011-starry] IVC-STARRY-BOOT mode=neural backend=onnxruntime fault_profile=none count=1800 period_ms=100 vcpus=2
[guest-console:pl011-starry] IVC-STARRY-BOOT mode=neural backend=onnxruntime fault_profile=none count=1800 period_ms=100 vcpus=2[guest-console:pl011-starry] IVC-STARRY-BOOT mode=neural backend=onnxruntime fault_profile=none count=1800 period_ms=100 vcpus=2
[guest-console:pl011-starry] IVC-STARRY-NET iface=eth0 mac=unknown ip=10.0.0.1/24 peer=10.0.0.2 udp_port=5500 segment=1
[guest-console:pl011-starry] IVC-STARRY-PEER-WAIT seconds=2
[guest-console:pl011-starry] [0;93m1970-01-01 00:00:08.456934500 [W:onnxruntime:ivc-thermal-control, device_discovery.cc:132 Ge[guest-console:pl011-starry] IVC-CONTROLLER-START peer=10.0.0.2:5500 count=1800 policy=neural period_ms=100 session_id=3754939920 backend=onnxruntime ack_timeout_ms=1000
[guest-console:pl011-zephyr] IVC-RTOS-READY bind=10.0.0.2:5500 mac=52:54:00:00:00:02 window_bits=64 ack_loss_drop_every=0 expected_commands=1800 expected_protocol_errors=0 exit_after_expected=1
[guest-console:pl011-zephyr] IVC-RTOS-READY bind=10.0.0.2:5500 mac=52:54:00:00:00:02 window_bits=64 ack_loss_drop_every=0 expected_commands=1800 expected_protocol_errors=0 exit_after_expected=1
[guest-console:pl011-zephyr] IVC-RTOS-PROGRESS accepted=1 seq=1 mode=Neural actuator_permille=951 measured_milli_c=20266 duplicates=0 protocol_errors=0
[guest-console:pl011-starry] IVC-CONTROLLER-STATUS seq=1 mode=Neural actuator_permille=951 measured_milli_c=20266 setpoint_milli_c=45000
[guest-console:pl011-zephyr] IVC-RTOS-PROGRESS accepted=100 seq=100 mode=Neural actuator_permille=558 measured_milli_c=36737 dup[guest-console:pl011-zephyr] IVC-RTOS-PROGRESS accepted=200 seq=200 mode=Neural actuator_permille=416 measured_milli_c=42034 duplicates=0 protocol_errors=0
[guest-console:pl011-starry] IVC-CONTROLLER-STATUS seq=200 mode=Neural actuator_permille=416 measured_milli_c=42034 setpoint_milli_c=45000
[guest-console:pl011-zephyr] IVC-RTOS-PROGRESS accepted=300 seq=300 mode=Neural actuator_permille=370 measured_milli_c=43706 dup[guest-console:pl011-zephyr] IVC-RTOS-PROGRESS accepted=400 seq=400 mode=Neural actuator_permille=356 measured_milli_c=44236 dup4236 setpoint_milli_c=45000
[guest-console:pl011-zephyr] IVC-RTOS-PROGRESS accepted=500 seq=500 mode=Neural actuator_permille=352 measured_milli_c=44403 dup[guest-console:pl011-starry] IVC-CONTROLLER-STATUS seq=500 mode=Neural actuator_permille=352 measured_milli_c=44403 setpoint_milli_c=45000
[guest-console:pl011-zephyr] IVC-RTOS-PROGRESS accepted=600 seq=600 mode=Neural actuator_permille=350 measured_milli_c=44455 duplicates=0 protocol_errors=0
[guest-console:pl011-starry] IVC-CONTROLLER-STATUS seq=600 mode=Neural actuator_permille=350 measured_milli_c=44455 setpoint_mil[guest-console:pl011-zephyr] IVC-RTOS-PROGRESS accepted=700 seq=700 mode=Neural actuator_permille=792 measured_milli_c=57383 dup[guest-console:pl011-zephyr] IVC-RTOS-PROGRESS accepted=800 seq=800 mode=Neural actuator_permille=677 measured_milli_c=61671 dup[guest-console:pl011-starry] IVC-CONTROLLER-STATUS seq=800 mode=Neural actuator_permille=677 mea00
[guest-console:pl011-zephyr] IVC-RTOS-PROGRESS accepted=900 seq=900 mode=Neural actuator_permille=680 measured_milli_c=61758 dupol_errors=0
[guest-console:pl011-starry] IVC-CONTROLLER-STATUS seq=900 mode=Neural actuator_permille=680 measured_milli_c=61758 setpoint_mil[guest-console:pl011-zephyr] IVC-RTOS-PROGRESS accepted=1000 seq=1000 mode=Neural actuator_permille=659 measured_milli_c=62344 d[guest-console:pl011-starry] IVC-CONTROLLER-STATUS seq=1000 mode=Neural actuator_permille=659 measured_milli_c=62344 setpoint_mi[guest-console:pl011-zephyr] IVC-RTOS-PROGRESS accepted=1100 seq=1100 mode=Neural actuator_permille=635 measured_milli_c=63239 d[guest-console:pl011-zephyr] IVC-RTOS-PROGRESS accepted=1200 seq=1200 mode=Neural actuator_permille=627 measured_milli_c=63522 d[guest-console:pl011-starry] IVC-CONTROLLER-STATUS seq=1200 mode=Neural actuator_permille=627 measured_milli_c=63522 setpoint_mi[guest-console:pl011-zephyr] IVC-RTOS-PROGRESS accepted=1300 seq=1300 mode=Neural actuator_permille=337 measured_milli_c=56277 d[guest-console:pl011-starry] IVC-CONTROLLER-STATUS seq=1300 mode=Neural actuator_permille=337 measured_milli_c=56277 setpoint_mi[guest-console:pl011-zephyr] IVC-RTOS-PROGRESS accepted=1400 seq=1400 mode=Neural actuator_permille=373 measured_milli_c=52588 d[guest-console:pl011-zephyr] IVC-RTOS-PROGRESS accepted=1500 seq=1500 mode=Neural actuator_permille=392 measured_milli_c=50710 d[guest-console:pl011-zephyr] IVC-RTOS-PROGRESS accepted=1600 seq=1600 mode=Neural actuator_permille=405 measured_milli_c=49771 d[guest-console:pl011-zephyr] IVC-RTOS-PROGRESS accepted=1700 seq=1700 mode=Neural actuator_permille=414 measured_milli_c=49432 d[guest-console:pl011-zephyr] IVC-RTOS-PROGRESS accepted=1800 seq=1800 mode=Neural actuator_permille=417 measured_milli_c=49325 d[guest-console:pl011-zephyr] IVC-RTOS-MESSAGES status_sent=1800 acks_sent=1800 errors_sent=0 protocol_errors=0
[guest-console:pl011-zephyr] IVC-RTOS-OUTCOME profile=normal accepted=1800 applied=1800 duplicates=0 acks_dropped=0
[guest-console:pl011-zephyr] IVC-RTOS-MESSAGES status_sent=1800 acks_sent=1800 errors_sent=0 protocol_errors=0
[guest-console:pl011-zephyr] IVC-RTOS-RESULT profile=normal accepted=1800 applied=1800 duplicates=0 acks_dropped=0 status_sent=1800 acks_sent=1800 errors_sent=0 protocol_errors=0
[guest-console:pl011-starry] IVC-CONTROLLER-RAW path=/var/lib/ivc/raw.csv samples=1800
[guest-console:pl011-starry] IVC-CONTROLLER-OUTCOME policy=neural sent=1800 acknowledged=1800 errors=0 timeouts=0
[guest-console:pl011-starry] IVC-CONTROLLER-RELIABILITY retransmissions=0 recoveries=0 success_percent=100.000
[guest-console:pl011-starry] IVC-CONTROLLER-FULL-LOOP p50_us=8058 p95_us=11872 p99_us=12251 max_us=122201
[guest-console:pl011-starry] IVC-CONTROLLER-PRE-SEND p50_us=201 p95_us=225 p99_us=248 max_us=18029
[guest-console:pl011-starry] IVC-CONTROLLER-TRANSPORT p50_us=7835 p95_us=11663 p99_us=12011 max_us=104172 throughput_msg_s=9.993[guest-console:pl011-starry] IVC-CONTROLLER-CONTROL rmse_milli_c=5932.484 iae_milli_c_s=686980.400 max_overshoot_milli_c=13428
[guest-console:pl011-starry] IVC-CONTROLLER-OUTCOME policy=neural sent=1800 acknowledged=1800 errors=0 timeouts=0
[guest-console:pl011-starry] IVC-CONTROLLER-RELIABILITY retransmissions=0 recoveries=0 success_percent=100.000
[guest-console:pl011-starry] IVC-CONTROLLER-FULL-LOOP p50_us=8058 p95_us=11872 p99_us=12251 max_us=122201
[guest-console:pl011-starry] IVC-CONTROLLER-PRE-SEND p50_us=201 p95_us=225 p99_us=248 max_us=18029
[guest-console:pl011-starry] IVC-CONTROLLER-TRANSPORT p50_us=7835 p95_us=11663 p99_us=12011 max_us=104172 throughput_msg_s=9.993
[guest-console:pl011-starry] IVC-CONTROLLER-CONTROL rmse_milli_c=5932.484 iae_milli_c_s=686980.400 max_overshoot_milli_c=13428
[guest-console:pl011-starry] IVC-CONTROLLER-RESULT policy=neural sent=1800 acknowledged=1800 errors=0 timeouts=0 retransmissions=18029 transport_p50_us=7835 transport_p95_us=11663 transport_p9[guest-console:pl011-starry] IVC-ORT-CONTROL-RUNTIME version=1.25.0 provider=CPUExecutionProvide[guest-console:pl011-starry] IVC-ORT-CONTROL-RESULT samples=1800 wall_p99_ns=175292
[guest-console:pl011-starry] IVC-ORT-CONTROL-RUNTIME version=1.25.0 provider=CPUExecutionProvider init_us=218201
[guest-console:pl011-starry] IVC-ORT-CONTROL-RESULT samples=1800 wall_p99_ns=175292
[guest-console:pl011-starry] IVC-ORT-CONTROL-RUNTIME version=1.25.0 provider=CPUExecutionProvider init_us=218201
[guest-console:pl011-starry] IVC-ORT-CONTROL-RESULT samples=1800 wall_p99_ns=175292
[guest-console:pl011-starry] IVC-ORT-CONTROL-RUNTIME version=1.25.0 provider=CPUExecutionProvider init_us=218201
[guest-console:pl011-starry] IVC-ORT-CONTROL-RESULT samples=1800 wall_p99_ns=175292
[guest-console:pl011-starry] IVC-ORT-CONTROL-RUNTIME version=1.25.0 provider=CPUExecutionProvider init_us=218201
[guest-console:pl011-starry] IVC-ORT-CONTROL-RESULT samples=1800 wall_p99_ns=175292
[guest-console:pl011-zephyr] IVC-RTOS-POWEROFF accepted=1800
[guest-console:pl011-zephyr] IVC-RTOS-POWEROFF accepted=1800
[guest-console:pl011-zephyr] IVC-RTOS-POWEROFF accepted=1800
[guest-console:pl011-zephyr] IVC-RTOS-POWEROFF accepted=1800
[guest-console:pl011-zephyr] IVC-RTOS-POWEROFF accepted=1800
[37m[284.272223 0:15 axvm::arch::aarch64:198] [33mVM[2] run VCpu[0] SystemDown[m
[m[37m[284.272883 0:15 axvm::vm:902] [325] [32mVM[2] VCpu[0] last VCpu exiting, decreasing running VM count[m
[m[37m[284.275157 0:15 axvm::runtime::vcpus:420] [32mVM[2] state changed to Stopped[m
[m[37m[284.275840 0:15 axvm::runtime::vcpus:435] [32mVM[2] VCpu[0] exiting...[m
[m[guest-console:pl011-starry] IVC-STARRY-RAW path=/var/lib/ivc/raw.csv samples=1800 sha256=8111a55f1ba6dc1c36c507b9b33bed528c8a39[guest-console:pl011-starry] IVC-STARRY-ORT-MODEL sha256=3582869baf9b8cec722208d06f66acd680a64128b52875d22e7f0e43f2ed7887
[guest-console:pl011-starry] IVC-STARRY-ORT-RAW sha256=efc1f8f775c588c9ccec66ca87604367aa1a78b56d4d185ba82f33c8761fe24f
[guest-console:pl011-starry] IVC-STARRY-RAW path=/var/lib/ivc/raw.csv samples=1800 sha256=8111a55f1ba6dc1c36c507b9b33bed528c8a39cd7a9468561be86c45f2e2baed
[guest-console:pl011-starry] IVC-STARRY-ORT-MODEL sha256=3582869baf9b8cec722208d06f66acd680a64128b52875d22e7f0e43f2ed7887
[guest-console:pl011-starry] IVC-STARRY-ORT-RAW sha256=efc1f8f775c588c9ccec66ca87604367aa1a78b56d4d185ba82f33c8761fe24f
[guest-console:pl011-starry] IVC-STARRY-RAW path=/var/lib/ivc/raw.csv samples=1800 sha256=8111a55f1ba6dc1c36c507b9b33bed528c8a39cd7a9468561be86c45f2e2baed
[guest-console:pl011-starry] IVC-STARRY-ORT-MODEL sha256=3582869baf9b8cec722208d06f66acd680a64128b52875d22e7f0e43f2ed7887
[guest-console:pl011-starry] IVC-STARRY-ORT-RAW sha256=efc1f8f775c588c9ccec66ca87604367aa1a78b56d4d185ba82f33c8761fe24f
[guest-console:pl011-starry] IVC-STARRY-RAW path=/var/lib/ivc/raw.csv samples=1800 sha256=8111a55f1ba6dc1c36c507b9b33bed528c8a39[guest-console:pl011-starry] IVC-STARRY-ORT-MODEL sha256=3582869baf9b8cec722208d06f66acd680a64128b52875d22e7f0e43f2ed7887
[guest-console:pl011-starry] IVC-STARRY-ORT-RAW sha256=efc1f8f775c588c9ccec66ca87604367aa1a78b56d4d185ba82f33c8761fe24f
[guest-console:pl011-starry] IVC-STARRY-RAW path=/var/lib/ivc/raw.csv samples=1800 sha256=8111a55f1ba6dc1c36c507b9b33bed528c8a39cd7a9468561be86c45f2e2baed
[guest-console:pl011-starry] IVC-STARRY-ORT-MODEL sha256=3582869baf9b8cec722208d06f66acd680a64128b52875d22e7f0e43f2ed7887
[guest-console:pl011-starry] IVC-STARRY-ORT-RAW sha256=efc1f8f775c588c9ccec66ca87604367aa1a78b56d4d185ba82f33c8761fe24f
[guest-console:pl011-starry] IVC-STARRY-DONE exit=0
[37m[295.469338 1:14 axvm::arch::aarch64:198] [33mVM[1] run VCpu[0] SystemDown[m
[m[37m[295.469999 1:14 axvm::vm:902] [32mStopping VM[1]: SystemDown[m
[m[37m[295.470567 1:14 axvm::runtime::vcpus:409] [33mVM[1] VCpu[0] stopping because of VM stopping[m
[m[37m[295.471358 1:14 axvm::runtime::vcpus:435] [32mVM[1] VCpu[0] exiting...[m
[m[37m[295.476715 2:16 axvm::runtime::vcpus:409] [33mVM[1] VCpu[1] stopping because of VM stopping[m
[m[37m[295.477507 2:16 axvm::runtime::vcpus:415] [32mVM[1] VCpu[1] last VCpu exiting, creasing running VM count[m
[295.478423 2:16 axvm::runtime::vcpus:420] [32mVM[1] state chang
[m[37m[295.479101 2:16 axvm::runtime::vcpus:435] [32mVM[1] VCpu[1] exiting...[m
[m[37m[295.479746 2:2 axvisor:82] [32m[OK] Default guest initialized[m
[mWelcome to AxVisor Shell!
Type 'help' to see available coOWN arrows to navigate command history

AXVISOR_SHELL_READY
AXVISOR_SHELL_READY
AXVISOR_SHELL_READY
AXVISOR_SHELL_READY
AXVISOR_SHELL_READY
axvisor:/$ [2Kaxvisor:/$ s[2Kaxvisor:/$ ss[2Kaxvisor:/$ ss [2Kaxvisor:/$ ss 1[2Kaxvisor:/$ ss 1 AXVISOR_SNAPSHOT_SYNC_OK
AXVISOR_SNAPSHOT_SYNC_OK
AXVISOR_SNAP
=== SUCCESS PATTERN MATCHED: (?m)^AXVISOR_SNAPSHOT_SYNC_OK\r*$ ===
SHOT_SYNC_OK
AXVISOR_SNAPSHOT_SYNC_OK
AXVISOR_SNAPSHOT_SYNC_OK
AXVISOR_VM_BLOCK_SNAPSHOT vm=1 index=0 path=/home/orangepi/ivc-on bytes=167772160
AXVISOR_VM_BLOCK_SNAPSHOT vm=1 index=0 path=/home/orangepi/ivc-on bytes=167AXVISOR_HOST_FILESYSTEM_SYNCED
AXVISOR_HOST_FILESYSTEM_SYNCED
AXVISOR_HOST_FILESYSTEM_SYNCED
AXVISOR_HOST_FILESYSTEM_SYNCED
AXVISOR_HOST_FILESYSTEM_SYNCED
axvisor:/$ [axbuild] board build+run package=axvisor target=scripts/targets/std/pie/aarch64-unknown-linux-musl.json config=competition/ivc/config/axvisor-orangepi-5-plus-ort-control.toml ... done (378.45s)
ssh: connect to host 192.168.31.33 port 22: Connection timed out
Axvisor filesystem sync marker was confirmed by the board test
/home/seven_wsl/.local/share/tgos-board-power-venv/lib/python3.13/site-packages/miio/miot_device.py:23: FutureWarning: functools.partial will be a method descriptor in future Python versions; wrap it in enum.member() if you want to preserve the old behavior
  Bool = partial(_str2bool)
RESULT action=status board=orangepi-5-plus-rk3588 power=on watts=2 temperature_celsius=52 fault_code=0
/home/seven_wsl/.local/share/tgos-board-power-venv/lib/python3.13/site-packages/miio/miot_device.py:23: FutureWarning: functools.partial will be a method descriptor in future Python versions; wrap it in enum.member() if you want to preserve the old behavior
  Bool = partial(_str2bool)
RESULT action=cycle board=orangepi-5-plus-rk3588 power=on watts=0 temperature_celsius=52 fault_code=0
 � DDR ff1a08bde6 typ 25/03/13-1
=> setenv devtype mmc; setenv devnum 1; setenv mmc_bootdev 1; setenv distro_bootpart 1; setenv prefix /; echo UBOOT_LINUX_BOOT_BEGIN; fatload mmc 1:1 0x00c00000 boot.scr; source 0x00c00000
UBOOT_LINUX_BOOT_BEGIN
3413 bytes read in 3 ms (1.1 MiB/s)
## Executing script at 00c00000
Boot script loaded from mmc 1
178 bytes read in 3 ms (57.6 KiB/s)
15301327 bytes read in 1289 ms (11.3 MiB/s)
ssh: connect to host 192.168.31.33 port 22: No route to host
ssh: connect to host 192.168.31.33 port 22: No route to host
ssh: connect to host 192.168.31.33 port 22: No route to host
/dev/mmcblk1p2 ext4   rw,noatime,errors=remount-ro,commit=600
BOARD_LINUX_RESTORED
debugfs 1.46.5 (30-Dec-2021)
debugfs 1.46.5 (30-Dec-2021)
debugfs 1.46.5 (30-Dec-2021)
debugfs 1.46.5 (30-Dec-2021)
BOARD_RESULT_IMAGE_VALIDATED vm=1 index=0 path=/home/orangepi/ivc-on bytes=167772160 sha256=6aac3ba731f2bc4c714a0ca327e4f26ca26403fb6ebd490987ff6540777b5af3 fsck=clean
BOARD_GUEST_RAW_MANIFEST path=/var/lib/ivc/raw.csv samples=1800 sha256=8111a55f1ba6dc1c36c507b9b33bed528c8a39cd7a9468561be86c45f2e2baed
BOARD_RAW_RESULT_HARVESTED path=/home/seven_wsl/Workspace/starry/tgoskits-rt-ivc-m4-formal-20260804/tmp/competition/ivc/ort-control-full-formal-20260805-v4/ort-full/run-002/raw.csv samples=1800 sha256=8111a55f1ba6dc1c36c507b9b33bed528c8a39cd7a9468561be86c45f2e2baed
BOARD_GUEST_ORT_MANIFEST path=/var/lib/ivc/ort.csv samples=1800 sha256=efc1f8f775c588c9ccec66ca87604367aa1a78b56d4d185ba82f33c8761fe24f
BOARD_ORT_RESULT_HARVESTED path=/home/seven_wsl/Workspace/starry/tgoskits-rt-ivc-m4-formal-20260804/tmp/competition/ivc/ort-control-full-formal-20260805-v4/ort-full/run-002/ort.csv samples=1800 sha256=efc1f8f775c588c9ccec66ca87604367aa1a78b56d4d185ba82f33c8761fe24f
BOARD_IDENTITY board_id=bf61f4d4a1d994ad hostname=orangepi5plus cpu_temp_milli_c=46230
IVC board analysis passed: /home/seven_wsl/Workspace/starry/tgoskits-rt-ivc-m4-formal-20260804/tmp/competition/ivc/ort-control-full-formal-20260805-v4/ort-full/run-002/summary.json
BOARD_METADATA_WRITTEN path=/home/seven_wsl/Workspace/starry/tgoskits-rt-ivc-m4-formal-20260804/tmp/competition/ivc/ort-control-full-formal-20260805-v4/ort-full/run-002/metadata.json
BOARD_HOST_LIBCLANG path=/usr/lib/llvm-14/lib source=environment
orangepi5plus
BOARD_SERVICE_DTB_READY path=/home/seven_wsl/.local/share/ostool-server/dtbs/orangepi-5-plus-starry.dtb root=/dev/mmcblk0p2
     Locking 1 package to latest compatible version
      Adding uboot-shell v0.2.6 (/home/seven_wsl/Workspace/starry/ostool/uboot-shell)
    Finished `dev` profile [unoptimized + debuginfo] target(s) in 0.19s
     Running `target/debug/tg-xtask axvisor board -c competition/ivc/config/axvisor-orangepi-5-plus-ort-control.toml --board-config competition/ivc/config/board-orangepi-5-plus-ort-control.toml -b OrangePi-5-Plus`
[2026-08-05T08:15:46Z INFO  axbuild::context] Workspace root: /home/seven_wsl/Workspace/starry/tgoskits-rt-ivc-m4-formal-20260804
[2026-08-05T08:15:47Z INFO  axbuild::context] Workspace member dir for axvisor: /home/seven_wsl/Workspace/starry/tgoskits-rt-ivc-m4-formal-20260804/os/axvisor
Using build config: competition/ivc/config/axvisor-orangepi-5-plus-ort-control.toml
[axbuild] board build+run package=axvisor target=scripts/targets/std/pie/aarch64-unknown-linux-musl.json config=competition/ivc/config/axvisor-orangepi-5-plus-ort-control.toml ...
sh -c /home/seven_wsl/Workspace/starry/tgoskits-rt-ivc-m4-formal-20260804/tmp/axbuild/std/prebuild/prebuild-aarch64-unknown-linux-musl-36295c2cbf7dc427.sh
AR_aarch64_unknown_linux_musl=aarch64-linux-musl-ar
AXVISOR_VM_CONFIGS=/home/seven_wsl/Workspace/starry/tgoskits-rt-ivc-m4-formal-20260804/competition/ivc/config/orangepi-5-plus-starry-smp2-ort-control.toml:/home/seven_wsl/Workspace/starry/tgoskits-rt-ivc-m4-formal-20260804/competition/ivc/config/orangepi-5-plus-zephyr-smp1.toml
AX_ARCH=aarch64
AX_LOG=info
AX_TARGET=aarch64-unknown-none-softfloat
BINDGEN_EXTRA_CLANG_ARGS_aarch64_unknown_linux_musl=--target=aarch64-linux-musl --sysroot=/ -mgeneral-regs-only
CARGO_UNSTABLE_JSON_TARGET_SPEC=true
CC_aarch64_unknown_linux_musl=aarch64-linux-musl-cc
CFLAGS_aarch64_unknown_linux_musl=-mgeneral-regs-only -fno-stack-protector
CXXFLAGS_aarch64_unknown_linux_musl=-mgeneral-regs-only -fno-stack-protector
SMP=4
cargo build --config /home/seven_wsl/Workspace/starry/tgoskits-rt-ivc-m4-formal-20260804/tmp/axbuild/std/config-aarch64-unknown-linux-musl-dynamic.toml -p axvisor --target scripts/targets/std/pie/aarch64-unknown-linux-musl.json -Z unstable-options --target-dir /home/seven_wsl/Workspace/starry/tgoskits-rt-ivc-m4-formal-20260804/target --features ax-std/fs,ax-std/smp,fs,rockchip-dwmmc,rockchip-soc,sdmmc,log/release_max_level_info -Z json-target-spec --bin axvisor --release --message-format json-render-diagnostics
     Locking 1 package to latest compatible version
      Adding uboot-shell v0.2.6
warning: function `set_fdt_addr_phys_if_valid` is never used
  --> platforms/someboot/src/fdt/mod.rs:32:15
   |
32 | pub(crate) fn set_fdt_addr_phys_if_valid(fdt_addr: usize) -> bool {
   |               ^^^^^^^^^^^^^^^^^^^^^^^^^^
   |
   = note: `#[warn(dead_code)]` (part of `#[warn(unused)]`) on by default

warning: `someboot` (lib) generated 1 warning
warning: function `with_vm` is never used
   --> virtualization/axvm/src/manager.rs:168:15
    |
168 | pub(crate) fn with_vm<F, R>(vm_id: VMId, f: F) -> Option<R>
    |               ^^^^^^^
    |
    = note: `#[warn(dead_code)]` (part of `#[warn(unused)]`) on by default

warning: function `active_vcpu_mask` is never used
   --> virtualization/axvm/src/manager.rs:198:15
    |
198 | pub(crate) fn active_vcpu_mask(vm_id: VMId) -> Option<usize> {
    |               ^^^^^^^^^^^^^^^^

warning: function `inject_interrupt` is never used
   --> virtualization/axvm/src/manager.rs:210:15
    |
210 | pub(crate) fn inject_interrupt(vm_id: VMId, vcpu_id: usize, vector: usize) -> AxVmResult {
    |               ^^^^^^^^^^^^^^^^

warning: field `token` is never read
  --> virtualization/axvm/src/timer.rs:20:5
   |
19 | struct VmTimerEvent {
   |        ------------ field in this struct
20 |     token: usize,
   |     ^^^^^

warning: function `cancel_timer` is never used
  --> virtualization/axvm/src/timer.rs:65:15
   |
65 | pub(crate) fn cancel_timer(token: usize) {
   |               ^^^^^^^^^^^^

warning: associated items `handle_nested_page_fault` and `debug_nested_page_fault` are never used
    --> virtualization/axvm/src/vm/mod.rs:1303:19
     |
 616 | impl AxVM {
     | --------- associated items in this implementation
...
1303 |     pub(crate) fn handle_nested_page_fault(
     |                   ^^^^^^^^^^^^^^^^^^^^^^^^
...
1318 |     fn debug_nested_page_fault(
     |        ^^^^^^^^^^^^^^^^^^^^^^^

warning: `axvm` (lib) generated 6 warnings
    Finished `release` profile [optimized] target(s) in 0.30s
warning: the following packages contain code that will be rejected by a future version of Rust: core v0.0.0 (/home/seven_wsl/.rustup/toolchains/nightly-2026-07-15-x86_64-unknown-linux-gnu/lib/rustlib/src/rust/library/core), memchr v2.8.2
note: to see what the problems were, use the option `--future-incompat-report`, or run `cargo report future-incompatibilities --id 1`
Allocated board session:
  board_type: OrangePi-5-Plus
  board_id: orangepi-5-plus-1
  session_id: 420b5163-c338-4f1a-a8bf-3327ef273de9
  lease_expires_at: 2026-08-05 08:15:57.732766712 UTC
  boot_mode: uboot
Converting ELF to BIN format...
  elf: /home/seven_wsl/Workspace/starry/tgoskits-rt-ivc-m4-formal-20260804/target/aarch64-unknown-linux-musl/release/axvisor
  bin: /home/seven_wsl/Workspace/starry/tgoskits-rt-ivc-m4-formal-20260804/target/aarch64-unknown-linux-musl/release/axvisor.bin
/home/seven_wsl/.rustup/toolchains/nightly-2026-07-15-x86_64-unknown-linux-gnu/lib/rustlib/x86_64-unknown-linux-gnu/bin/llvm-objcopy --strip-all -O binary /home/seven_wsl/Workspace/starry/tgoskits-rt-ivc-m4-formal-20260804/target/aarch64-unknown-linux-musl/release/axvisor /home/seven_wsl/Workspace/starry/tgoskits-rt-ivc-m4-formal-20260804/target/aarch64-unknown-linux-musl/release/axvisor.bin
[2026-08-05T08:15:47Z INFO  ostool::run::uboot] Starting U-Boot runner...
[2026-08-05T08:15:47Z INFO  ostool::run::uboot] kernel from: /home/seven_wsl/Workspace/starry/tgoskits-rt-ivc-m4-formal-20260804/target/aarch64-unknown-linux-musl/release/axvisor.bin
[2026-08-05T08:15:47Z INFO  ostool::run::uboot] Using network interface hint: eth0
Waiting for remote board to power on through ostool-server...
BOARD_REBOOT_ARMED
Connection to 192.168.31.33 closed by remote host.
[2026-08-05T08:15:58Z INFO  uboot_shell] cmd: setenv autoload yes
[2026-08-05T08:15:58Z INFO  uboot_shell] cmd: setenv netmask 255.255.255.0
[2026-08-05T08:15:59Z INFO  uboot_shell] cmd: net list
[2026-08-05T08:15:59Z INFO  uboot_shell] cmd: bootdev hunt ethernet
[2026-08-05T08:16:07Z WARN  uboot_shell] cmd `bootdev hunt ethernet` failed: Timeout, retrying...
[2026-08-05T08:16:08Z INFO  ostool::run::uboot] Board network ok
[2026-08-05T08:16:08Z INFO  uboot_shell] cmd: setenv serverip 192.168.31.132
[2026-08-05T08:16:08Z INFO  uboot_shell] cmd: echo $fdt_addr_r
[2026-08-05T08:16:08Z INFO  uboot_shell] cmd: echo $ramdisk_addr_r
[2026-08-05T08:16:09Z INFO  uboot_shell] cmd: echo $kernel_addr_r
[2026-08-05T08:16:09Z INFO  ostool::run::uboot] Using $kernel_addr_r as kernel entry: 0x2000000
[2026-08-05T08:16:09Z INFO  uboot_shell] cmd: echo $kernel_comp_addr_r
[2026-08-05T08:16:10Z INFO  ostool::run::uboot] image load to kernel_comp_addr_r: 0xa000000
[2026-08-05T08:16:10Z INFO  uboot_shell] cmd: setenv loadaddr 0xa000000
[2026-08-05T08:16:10Z INFO  ostool::run::uboot] fitimage loadaddr: 0xa000000
[2026-08-05T08:16:10Z INFO  ostool::run::uboot] kernel entry: 0x2000000
[2026-08-05T08:16:10Z INFO  ostool::run::uboot] Using DTB from: /home/seven_wsl/Workspace/starry/tgoskits-rt-ivc-m4-formal-20260804/target/aarch64-unknown-linux-musl/release/ostool-420b5163-c338-4f1a-a8bf-3327ef273de9-orangepi-5-plus-starry.dtb
[2026-08-05T08:16:10Z INFO  ostool::boot::fit] Making FIT image...
[2026-08-05T08:16:10Z INFO  ostool::boot::fit] kernel: /home/seven_wsl/Workspace/starry/tgoskits-rt-ivc-m4-formal-20260804/target/aarch64-unknown-linux-musl/release/axvisor.bin (size: 3342384)
[2026-08-05T08:16:10Z INFO  ostool::boot::fit] 已读取 DTB 文件: /home/seven_wsl/Workspace/starry/tgoskits-rt-ivc-m4-formal-20260804/target/aarch64-unknown-linux-musl/release/ostool-420b5163-c338-4f1a-a8bf-3327ef273de9-orangepi-5-plus-starry.dtb (大小: 280038)
[2026-08-05T08:16:10Z INFO  ostool::boot::fit] FIT image ok: /home/seven_wsl/Workspace/starry/tgoskits-rt-ivc-m4-formal-20260804/target/aarch64-unknown-linux-musl/release/image.fit
[2026-08-05T08:16:10Z INFO  ostool::run::uboot] No TFTP config, using loady to upload FIT image...

send file
loady 0xa000000
## Ready for binary (ymodem) download to 0x0A000000 at 1500000 bps...
[2026-08-05T08:16:10Z INFO  uboot_shell::ymodem] Sending file: image.fit
C## Total Size      = 0x00374924 = 3623204 Bytes
## Start Addr      = 0x0A000000
=>
send ok
[2026-08-05T08:17:02Z INFO  ostool::run::uboot] Booting kernel with command: bootm
Interacting with U-Boot shell...
bootm
## Loading kernel (any) from FIT Image at 0a000000 ...
   Using 'config-ostool' configuration
   Verifying Hash Integrity ... OK
   Trying 'kernel' kernel subimage
     Description:  This kernel
     Type:         Kernel Image
     Compression:  uncompressed
     Data Start:   0x0a000168
     Data Size:    3342384 Bytes = 3.2 MiB
     Architecture: AArch64
     OS:           Linux
     Load Address: 0x02000000
     Entry Point:  0x02000000
   Verifying Hash Integrity ... OK
## Loading fdt (any) from FIT Image at 0a000000 ...
   Using 'config-ostool' configuration
   Verifying Hash Integrity ... OK
   Trying 'fdt' fdt subimage
     Description:  This fdt
     Type:         Flat Device Tree
     Compression:  uncompressed
     Data Start:   0x0a330218
     Data Size:    280038 Bytes = 273.5 KiB
     Architecture: AArch64
     Load Address: 0x12000000
   Verifying Hash Integrity ... OK
   Loading fdt from 0x0a330218 to 0x12000000
   Booting using the fdt blob at 0x12000000
Working FDT set to 12000000
   Loading Kernel Image to 2000000
   Loading Device Tree to 00000000ecb72000, end 00000000ecbb95e5 ... OK
Working FDT set to ecb72000

Starting kernel ...

root=/dev/mmcblk0p2 earlycon=uart8250,mmio32,0xfeb50000 rootwait rootfstype=ext4 splash=verbose console=ttyS2,1500000 console=tty1 consoleblank=0 loglevel=1 ubort=1af5d396-7e1f-7e40-bb91-af7c4=128M cgroup_enable=cpuset cgroup_memory=1 cgroup_enable=memory swapaccount=1
VM Load @0x2000000
VM Load Offset: 0xffff000082000000
Memory Map:
  Rsv    0x00000000110000 - 0x00000000200000 (960 KiB)
  Free   0x00000000200000 - 0x00000002000000 (30 MiB)
  KImg   0x00000002000000 - 0x00000002400000 (4 MiB)
  Free   0x00000002400000 - 0x0000000a100000 (125 MiB)
  Rsv    0x0000000a100000 - 0x0000000a145000 (276 KiB)
  Free   0x0000000a145000 - 0x0000000a200000 (748 KiB)
  Rsv    0x0000000a200000 - 0x0000000b65f000 (20.37 MiB)
  Free   0x0000000b65f000 - 0x00000010000000 (73.63 MiB)
  Rsv    0x00000010000000 - 0x00000020000000 (256 MiB)
  Free   0x00000020000000 - 0x000000f0000000 (3.25 GiB)
  Free   0x00000100000000 - 0x000003fc000000 (11.94 GiB)
  Free   0x000003fc500000 - 0x000003fff00000 (58 MiB)
  Free   0x000004f0000000 - 0x00000500000000 (256 MiB)
Initialize RAM allocator: 0x200000..0x2000000
Initializing per-CPU data
Per-CPU data one cpu size: 0x43000 bytes
Total per-CPU data size for secondary CPUs: 0x218000 bytes (8 CPUs)
Flushed RAM used Per-CPU data allocated at 0x245000 - 0x45d000
Initializing per-CPU RAM for CPU0 - hard id 0x0 @ 0x245000
Initializing per-CPU RAM for CPU1 - hard id 0x100 @ 0x288000
Initializing per-CPU RAM for CPU2 - hard id 0x200 @ 0x2cb000
Initializing per-CPU RAM for CPU3 - hard id 0x300 @ 0x30e000
Initializing per-CPU RAM for CPU4 - hard id 0x400 @ 0x351000
Initializing per-CPU RAM for CPU5 - hard id 0x500 @ 0x394000
Initializing per-CPU RAM for CPU6 - hard id 0x600 @ 0x3d7000
Initializing per-CPU RAM for CPU7 - hard id 0x700 @ 0x41a000
CPU0 - hard id 0x0, stack top @0x288000, stack top virt @0xff0000288000, entry virt @0xffff8019b928
CPU1 - hard id 0x100, stack top @0x2cb000, stack top virt @0xff00002cb000, entry virt @0xffff8019b928
CPU2 - hard id 0x200, stack top @0x30e000, stack top virt @0xff000030e000, entry virt @0xffff8019b928
CPU3 - hard id 0x300, stack top @0x351000, stack top virt @0xff0000351000, entry virt @0xffff8019b928
CPU4 - hard id 0x400, stack top @0x394000, stack top virt @0xff0000394000, entry virt @0xffff8019b928
CPU5 - hard id 0x500, stack top @0x3d7000, stack top virt @0xff00003d7000, entry virt @0xffff8019b928
CPU6 - hard id 0x600, stack top @0x41a000, stack top virt @0xff000041a000, entry virt @0xffff8019b928
CPU7 - hard id 0x700, stack top @0x45d000, stack top virt @0xff000045d000, entry virt @0xffff8019b928
EL: 2
Mapping early memory regions...
Ram                 : [0x0000000000200000, 0x00000000f0000000) -> [0x0000000000200000, 0x00000000f0000000) (3.75 GiB)
Ram                 : [0x000000010000000000000) -> [0x0000000100000000, 0Ram                 : [0x00000003fc500000, 0x00000003fff00000) -> [0x00000003fc500000, 0x00000003fff00000) (58 MiB)
Ram                 : [0x00000004f0000000, 0x0000000500000000) -> [0x00000004f0000000, 0x0000000500000000) PerCpu              : [0x0000ff0000245000, 0x0000ff000045d000) -> [0x0000000000245000, 0x000000000045d000) (2.09 MiB)
Debug serial        : [0x00000000feb50000, 0x00000000feb51000) -> [0x00000000feb50000, 0x00000000feb51000) (4 KiB)
Boot page table at physical address: 0x45d000
Setting up table registers...
MMU Entry point at physical address: 0x2196fb4
Trap vector at 0xffff80197800
Memory Map:
  Rsv    0x00000000110000 - 0x00000000245000 (1.21 MiB)
  PerCPU 0x00000000245000 - 0x0000000045d000 (2.09 MiB)
  Rsv    0x0000000045d000 - 0x00000000002000000 - 0x00000002400000 (4 MiB)
  Free   0x0000000240025 MiB)
  Rsv    0x0000000a100000 - 0x0000000a145000 (276 KiB)
  Free   0x0000000a145000 - 0x0000000a200000 (748 KiB)
  Rsv    0x0000000a200000 - 0x0000000b65f000 (20.37 MiB)
  Free   0x0000000b65f000 - 0x00000010000000 (73.63 MiB)
  Rsv    0x00000010000000 - 0x00000020000000 (256 MiB)
  Free   0x00000020000000 - 0x000000f0000000 (3.25 GiB)
  MMIO   0x000000feb50000 - 0x000000feb51000 (4 KiB)
  Free   0x00000100000000 - 0x000003fc000000 (11.94 GiB)
  Free   0x000003fc500000 - 0x000003fff00000 (58 MiB)
  Free   0x000004f0000000 - 0x00000500000000 (256 MiB)
Jumping to main entry point at 0xffff8017ea2c with SP 0x0000ff0000288000

       d8888                d88P888                    .
    d88P 888 888d888  .d8888b   888  "Y888b.
   d88P  888 888P"   d88P"    d8P  Y8b 888     888     "Y88b.
  d88P   888 888     888      88888888 888     888       "888
 d8888888888 888     Y88b.    Y8b.     Y88b. .d88P Y88b  d88P
d88P     888 888      "Y8888P  "Y8888   "Y88888P"   "Y8888P"

arch = aarch64
platform = RK3588 OPi 5 Plus
target = aarch64-unknown-none-softfloat
build_mode = 
log_level = cktrace = false
smp = 4

[37m[ 69.597600 ax_runtime:213] [32mLogging is enabled.[m
[m[37m[ 69.598086 ax_runtime:214] [32mPrimary CPU 0 started, arg = 0x200000.[m
[m[37m[ 69.59871cial memory regions:[m
[m[37m[ 69.599339 ax_runtime:218] [3  [PA:0x110000, PA:0x245000) reserved (READ | WRITE | EXECUTE | RESERVED)[m
[m[37m[ 69.600229 ax_runtime:218] [32m  [PA:0x245000, PA:0x45d000) reserved (READ | WRITE | EXECUTE | RESERVED)[m
[m[37m[ 69.601121 ax_runtime:218] [32m  [PA:0x45d000, PA:0x46c000) reserved (READ | WRITE | EXECUTE | RESERVED)[m
[m[37m[ 69.602014 ax_runtime:218] [32m  [PA:0x46c000, PA:0x2000000) free memory (READ | WRITE | FREE)[m
[m[37m[ 69.602832 ax_[32m  [PA:0x2000000, PA:0x2400000) reserved (READ | WRITE | EXECUTE | RESERVED)[m
[m[37m[ 69.603739 ax_runtime:218] [32m  [PA:0x2400000, PA:0xa100000) free memory (READ | WRITE | FREE)[m
[m[37m[ 69.604564 ax_runtime:218] [32m  [PA:0xa100000, PA:0xa145000) reserved (READ | WRITE | EXECUTE | RESERVED)[m
[m[37m[ 69.605472 ax_runtime:218] [32m  [PA:0xa145000, PA:0xa200000) free memory (READ | WRITE | FREE)[m
[m[37m[ 69.606297 ax_runtime:218] [32m  [PA:0xa200000, PA:0xb65f000) reserved (READ | WRITE | EXECUTE | RESERVED)[m
[m[37m[ 69.607204 ax_runtime:218] [32m  [PA:0xb65f000, PA:0x10000000) free memory (READ | WRITE | FREE)[m
[m[37m[ 69.608037 ax_runtime:218] [32m  [PA
[m[37m[ 69.608959 ax_runtime18] [32m  [PA:0x20000000, PA:0xf0000000) free memory (READ | WRITE | FREE)[m
[m[37m[ 69.609799 ax_runtime:218] [32m  [PA:0xfeb50000, PA:0xfeb51000) mmio (READ | WRITE | DEVICE | RESERVED)[m
[m[37m[ 69.610684 ax_runtime:218] [32m  [PA:0x100000000, PA:0x3fc000000) free memory (READ | WRITE | FREE)[m
[m[37m[ 69.611539 ax_runtime:218] [32m  [PA:0x3fc500000, PA:0x3fff00000) free memory (READ | WRITE | FREE)[m
[m[37m[ 69.612394 ax_runtime:218] [32m  [PA:0x4f0000000, PA:0x500000000) free memory (READ | WRITE | FREE)[m
[m[37m[ 69.613249 ax_runtime:360] [32mInitialize global memory allocator...[m
[m[37m[ 69.613872 ax_runtime:361] [32m  use buddy-slab-allocator allocator.[m
[m[37m[ 69.614496 ax_alloc::buddy_slab:150] [32mInitialize global memory allocator, start_vaddr: 0x100000000, size: 0x2fc000000[m
[m[37m[ 69.627020 ax_alloc::buddy_slab:399] [32mglobal allocator initialized[m
[m[37m[ 69.627645 ax_alloc::buddy_slab:160] [32mAdd memory region, start_vaddr: 0x46c000, size: 0x1b94000[m
[m[37m[ 69.628518 ax_alloc::buddy_slab:160] [32mAdd memory region, start_vaddr: 0x2400000, size: 0x7d00000[m
[m[37m[ 69.629485 ax_alloc::buddy_slab:160] [32mAdd memory region, start_vaddr: 0xa145000, size: 0xbb000[m
[m[37m[ 69.630320 buddy_slab_allocator::global:143] [32mG[37m[ 69.632467 ax_alloc::buddy_slab:160] [32mAdd memory region, start_vaddr: 0x20000000, size[37m[ 69.636467 ax_alloc::buddy_slab:160] [32mAdd memory region, start_vaddr: 0x3fc500000, size: 0x3a00000[m
[m[37m[ 69.637389 ax_alloc::buddy_slab:160] [32mAdd memory region, start_vaddr: 0x4f0000000, size: 0x10000000[m
[m[37m[ 69.638504 ax_runtime:253] [32mkernel aspace: [VA:0x0, VA:0xffffffffffffffff)[m
[m[37m[ 69.639189 ax_mm:92] [37m[ 70.657671 ax_runtime:265] [32mInitialize platform devices...[m
[m[37m[ 70.711687 someboot::arch::power:23] [32mPower management method : SMC[m
[m[37m[ 70.712330 somehal::driver:5] [32mInitializing rdrive with FDT at 0x200000[m
[m[37m[ 71.026739 ax_task::api:149] [32mInitialize scheduling...[m
[m[37m[ 71.027306 ax_task::api:154] [32m  use FIFO scheduler.[m
[m[37m[ 71.027819 ax_runtime:291] [32mInitialize interrupt handlers...[m
[m[37m[ 71.029747 ax_runtime::devices:2] [32mProbe platform devices...[m
[m[37m[ 71.126864 ax_driver::soc::scmi:55] [33m[scmi] SCMI shmem phandle 71 cannot be resolved by rdrive; using RK3588 shmem fallback 0x10f000+0x100[m
[m[37m[ 71.128055 ax_driver::soc::scmi:76] [32mSCMI SMC registered: smc_id=0x82000010, shmem_phandle=71, shmem=0x10f000+0x100[m
[m[37m[ 71.129700 ax_driver::soc::rockchip::cru::rk3588:60] [32mRK3588 CRU reg: addr=0xfd7c0000, size=0x5c000, rockchip,grf=<0x77>[m
[m[37m[ 71.130795 rockchip_soc::variants::rk3588::cru:122] [32mCRU@fd7c0000: Initializing and verifying clock configuration...[m
[m[37m[ 71.131796 rockchip_soc::variants::rk3588::cru:173] [33m⚠ CRU@fd7c0000: ACLK_BUS_ROOT div mismatch! u-boot: 3, current: 4[m
[m[37m[ 71.132839 rockchip_soc::variants::rk3588::cru:247] [32m✓ CRU@fd7c0000: Clock configuration verified[m
[m[37m[ 71.133720 ax_driver::soc::rockchip::cru::rk3588:79] [32mRK3588 CRU clock/reset registered successfully[m
[m[37m[ 71.135771 ax_driver::soc::rockchip::pm:61] [32mRockchip power-domain provider registered successfully[m
[m[37m[ 71.173207 ax_driver::soc::rockchip::pinctrl:239] [32mRockchip RK3588 pinctrl registered successfully[m
[m[37m[ 71.610440 ax_driver::soc::fixed_regulator:70] [32mFixed regulator vcc5v0_host enabled via pinctrl[m
[m[37m[ 71.704645 ax_driver::soc::fixed_regulator:70] [32mFixed regulator vcc3v3_pcie_eth enabled via pinctrl[m
[m[37m[ 71.750072 ax_driver::soc::fixed_regulator:70] [32mFixed regulator wifi_disable enabled via pinctrl[m
[m[37m[ 71.812812 ax_driver::block::rockchip::sd:218] [32m[mmc@fe2c0000] vqmmc-supply phandle Phandle(283) is not a fixed GPIO r[ 71.815725 ax_driver::soc::scmi:124] [32mSCMI clock enabled: clock_id=0x9[m
[m[37m[ 71.816380 ax_driver::block::rockchip::clock:53] [32m[mmc@fe2c0000] enabled SDMMC SCMI clock Some("ciu") (0x9)[m
[m[37m[ 71.817329 ax_driver::block::rockchip::clock:100] [32m[mmc@fe2c0000] enabled SDMMC clock Some("ciu-drive") (0x2c2)[m
[m[37m[ 71.818298 ax_driver::block::rockchip::clock:100] [32m[mmc@fe2c0000] enabled SDMMC clock Some("ciu-sample") (0x2c3)[m
[m[37m[ 71.819293 ax_driver::block::rockchip::sd:129] [32mrockchip-dwmmc prob396 ax_driver::soc::scmi:149] [32mSCMI clock rate set: clock_id=0x9, rate=50000000 Hz[m
[m[37m[ 71.821201 ax_driver::soc::scmi:95] [32mSCMI clock rate get: clock_id=0x9, rate=49500000 Hz[m
[m[37m[ 71.821991 ax_driver::block::rockchip::sd:142] [32mrockchip-dwmmc: using ciu reference clock 49500000 Hz[m
[m[37m[ 71.822977 ax_driver::block::rockchip::sd::phase:43] [32mrockchip-dwmmc: RK3588 SDMMC phase configured: drive=90deg sample=0deg parent=49500000Hz[m
[m[37m[ 71.824174 ax_driver::block::rockchip::sd:160] [32mrockchip-dwmmc: initialize card through native host2 bus ops[m
[m[3[32msdio: submit bus op ResetAll[m
[m[37m[ 71.825811 sdmmc_protocol::sdio::init:487] [32msdio: submit bus op PowerOn[m
[m[37m[ 71.836483 sdmmc_protocol::sdio::init:487] [32msdio: submit bus op SwitchVoltage(V330)[m
[m[37m[ 71.837241 sdmmc_protocol::sdio::init:449] [32msdio: submit bus op SetBusWidth(Bit1)[m
[m[37m[ 71.837983 sdmmc_protocol::sdio::init:449] [32msdio: submit bus op SetClock(Identification)[m
[m[37m[ 71.838787 ax_driver::soc::scmi:149] [32mSCMI clock rate set: clock_id=0x9, rate=800000 Hz[m
[m[37m[ 71.839573 ax_driver::soc::scmi:95] [32mSCMI clock rate get: clock_id=0x9, rate=800000 Hz[m
[m[37m[ 71.840351 ax_driver::block::rockchip::sd:91] [32mrockchip-dwmmc: ciu clock set target=400000 Hz cclkin=800000 Hz bus=400000 Hz[m
[m[37m[ 71.873388 sdmmc_protocol::sdio::init:695] [32msdio: detected Sd ocr=0xc0ff8000[m
[m[37m[ 71.875438 sdmmc_protocol::sdio::init:849] [32msdio: CSD capacity_blocks=Some(62333952)[m
[m[37m[ 71.876513 sdmmc_protocol::sdio::init:863] [32msdio: switch SD bus width to 4-bit[m
[m[37m[ 71.877852 sdmmc_protocol::sdio::init:449] [32msdio: submit bus op SetBusWidth(Bit4)[m
[m[37m[ 71.878596 sdmmc_protocol::sdio::init:449] [32msdio: submit bus op SetClock(Default)[m
[m[37m[ 71.879344 ax_driver::soc::scmi:149] [32mSCMI clock rate set: clock_id=0x9, rate=50000000 Hz[m
[m[37m[ 71.880148 ax_driver::soc::scmi:95] [32mSCMI clock rate get: clock_id=0x9, rate=49500000 Hz[m
[m[37m[ 71.880937 ax_driver::block::rockchip::sd:91] [32mrockchip-dwmmc: ciu clock set target=25000000 Hz cclkin=49500000 Hz bus=24750000 Hz[m
[m[37m[ 71.884689 ax_driver::soc::scmi:149] [32mSCMI clock rate set: clock_id=0x9, rate=100000000 Hz[m
[m[37m[ 71.885499 ax_driver::soc::scmi:95] [32mSCMI clock rate get: clock_id=0x9, rate=99000000 Hz[m
[m[37m[ 71.886289 ax_driver::block::rockchip::sd:91] [32mrockchip-dwmmc: ciu clock set target=50000000 Hz cclkin=99000000 Hz bus=49500000 Hz[m
[m[37m[ 71.887428 sdmmc_protocol::sdio::init:1442] [32msdio: SD speed selected HighSpeed[m
[m[37m[ 71.888146 sdmmc_protocol::sdio::init:1463] [32msdio: init done kind=Sd sd_v2=true high_capacity=true rca=0xaaaa ocr=0xc0ff8000 host_bus_width=Bit4 ext_csd_bus_width=None ext_csd_timing=None[m
[m[37m[ 71.889691 ax_driver::block::rockchip::sd:169] [32mrockchip-dwmmc card: kind=Sd high_capacity=true rca=43690 ocr=0xc0ff8000 capacity_blocks=Some(62333952) cid=true ext_csd=false[m
[m[37m[ 71.891988 ax_driver::block::rockchip::sd::phase:67] [32mrockchip-dwmmc: sample phase probe 0deg: block0_ok=true mbr_sig=aa55 block0_head=[00, 00, 00, 00, 00, 00, 00, 00, 00, 00, 00, 00, 00, 00, 00, 00] block1_ok=true gpt_head=[45, 46, 49, 20, 50, 41, 52, 54][m
[m[37m[ 71.894049 ax_driver::block::rockchip::sd::phase:81] [32mrockchip-dwmmc: selected RK3588 SDMMC sample phase 0deg[m
[m[37m[ 71.895128 ax_driver::block::rockchip::sd:199] [32mrockchip-sd block device registered irq=None[m
[m[37m[ 71.896722 ax_driver::block::rockchip::clock:100] [32m[mmc@fe2e0000] enabled SDHCI clock Some("core") (0x13a)[m
[m[37m[ 71.897658 ax_driver::block::rockchip::ci") (0x139)[m
[m[37m[ 71.899504 ax_driver::block::rockchip::clock:100] [32m[mmc@fe2e0000] enabled SDHCI clock Some("block") (0x13b)[m
[m[37m[ 71.900447 ax_driver::block::rockchip::clock:100] [32m[mmc@fe2e0000] enabled SDHCI clock Some("timer") (0x13c)[m
[m[37m[ 71.901398 ax_driver::block::rockchip::sdhci_rk3588:166] [32mrockchip-sdhci probe: node=mmc@fe2e0000, addr=0xfe2e0000, size=0x10000[m
[m[37m[ 71.902538 ax_driver::block::rockchip::sdhci_rk3588:176] [32mrockchip-sdhci: using external CRU clock[m
[m[37m[ 71.903405 ax_driver::block::rockchip::sdhci_rk3588:185] [32mrockchip-sdhci: initialize card through native host2 bus ops[m
[m[37m[ 71.904427 sdmmc_protocol::sdio::init:487] [32msdio: submit buo::init:487] [32msdio: submit bus op PowerOn[m
[m[37m[ 71.916768 sdmmc_protocol::sdio::init:487] [32msdio: submit bus op SwitchVoltage(V330)[m
[m[37m[ 71.917541 sdmmc_protocol::sdio::init:449] [32msdio: submit bus op SetBusWidth(Bit1)[m
[m[37m[ 71.918282 sdmmc_protocol::sdio::init:449] [32msdio: submit bus op SetClock(Identification)[m
[m[37m[ 71.919089 ax_driver::block::rockchip::sdhci_rk3588:118] [32mrockchip-sdhci: core clock set to 375000 Hz[m
[m[37m[ 71.970858 sdmmc_protocol::sdio::init:780] [32msdio: detected Mmc ocr=0xc0ff8080[m
[m[37m[ 71.973010 sdmmc_protocol::sdio::init:849] [32msdio: CSD capacity_blocks=None[m
[m[37m[ 71.985412 sdmmc_protocol::sdio::init:950] [32msdio: EXT_CSD sector_count=122224640[m
[m[37m[ 71.986815 ax_driver::block::rockchip::sdhci_rk3588:118] [32mrockchip-sdhci: core clock set to 25000000 Hz[m
[m[37m1463] [32msdio: init done kind=Mmc sd_v2=false high_capacity=true rca=0x1 ocr=0xc0ff8080 host_bus_width=Bit8 ext_csd_bus_width=Some(Sdr1) ext_csd_timing=Some(Compat)[m
[m[37m[ 71.991167 ax_driver::block::rockchip::sdhci_rk3588:191] [32mSDHCI card: kind=Mmc high_capacity=true rca=1 ocr=0xc0ff8080 capacity_blocks=Some(122224640) cid=true ext_csd=irq:120] [32mregistered rockchip-sd/0 irq IrqId { domain: IrqDomainId(7), hwirq: HwIrq(235) }[37m[ 71.995831 ax_fs_ng::block::ckchip-sdhci[m
[m[37m[ 72.035200 ax_fs_ng::root:256] [32m    partition 1 name=Some("bootfs") fs=Some(Fat) lba 61440..2158592[m
[m[37m[ 72.0t:256] [32m    partition 2 name=None fs=Some(Ext4) lba 2158592..61702144[m
[m[37m[ 72.037173 ax_fs_ng::root:272] [32m  block device 0 (rockchip-sd) has Gpt partition table with 2 partitions[m
[m[37m[ 72.053608 ax_fs_ng::root:256] [32m    partition 1 name=Some("uboot") fs=None lba 8192..16384[m
[m[37m[ 72.054673 ax_fs_ng::root:256] [32m    partition 2 name=Some("misc") fs=None lba 16384..24576[m
[m[37m[ 72.055702 ax_fs_ng::root:256] [32m    partition 3 name=Some("bootctrl") fs=None lba 24576..28672[m
[m[37m[ 72.056775 ax_fs_ng::root:256] [32m    partition 4 name=Some("resource") fs=None lba 28672..40960[m
[m[37m[ 72.057734 ax_fs_ng::root:256] [32m    partition 5 name=Some("boot_linux") fs=Some(Ext4) lba 40960..237568[m
[m[37m[ 72.058901 ax_fs_ng::root:256] [32m    partition 6 name=Some("ramdisk") fs=None lba 237568..245760[m
[m[37m[ 72.059913 ax_fs_ng::root:256] [32m    partition 7 name=Some("system") fs=Some(Ext4) lba 245760..4440064[m
[m[37m[ 72.060963 ax_fs_ng::root:256] [32m    partition 8 name=Some("vendor") fs=Some(Ext4) lba 4440064ze filesystem subsystem...[m
[m[37m[ 72.072072 ax_fs_ng:76] [37m[ 72.098052 rsext4::ext4::mount:327] [32m/lost+found exists (superblock hint inode=11)[m
[m[37m[ 72.099774 rsext4::ext[37m[ 72.114656 rsext4::ext4::mount:546] [32mExt4 filesystem mounted[m
[m[37m[ 72.115262 ax_fs_ng:88] [32m  filesystem ty[37m[ 72.126279 ax_fs_ng::root:518] [32m  mounting partition disk0 partition 1 (bootfs, fs=fat, lba 61440..2158592) at /boot[[37m[ 72.128448 ax_runtime::mp:79] [32mSecondary CPU 1 started.[m
[m[37m[ 72.129896 ax_runtime::mp:79] [32mSecondary CPU 2 started.[m
[m[37m[ 72.130369 ax_runtime::mp:107] [32mSecondary CPU 1 init OK.[m
[m[37m[ 72.131725 ax_runtime:336] [32mPrimary CPU 0 init OK.[m
[m[37m[ 72.131725 ax_runtime::mp:79] [32mSecondary CPU 3 started.[m
[m[37m[ 72.132536 ax_runtime::mp:107] [32mSecondary CPU 2 init OK.[m
[m[37m[ 72.135640 ax_runtime::mp:107] [32mSecondary CPU 3 init OK.[m
[m

       d8888            888     888  d8b
      d88888            888     888  Y8P
     d88P888            888     888
    d88P 888  888  888  Y88b   d88P  888  .d8888b    .d88b.   888d888
   d88P  888  `Y8bd8P'   Y88b d88P   888  88K       d88""88b  888P"
  d88P   888    X88K      Y88o88P    888  "Y8888b.  888  888  888
 d8888888888P  888
d88P     888  888  888      Y8P      888   88888P'   "888


by AxVisor Team

[37m[ 72.139877 0:2 axvisor:57] [32mStarting virtualization...[m
[m[37m[ 72.140418 0:2 axvm::host::arceos:230] [32mEnabling hardware virtualization support on all cores...[m
[m[37m[ 72.141272 0:2 axvm::host::arceos:236] [32mCore 0 is initializing hardware virtualization support...[m
[m[37m[ 72.142135 0:2 axvm::timer:101] [32mInitializing AxVM timer wheel...[m
[m[37m[ 72.142760 0:2 axvm::host::arceos:238] [32mHardware virtualization support enabled on core 0[m
[m[37m[ 72.144584 1:11 axvm::host::arceos:248] [32mCore 1 is initializing hardware virtualization support...[m
[m[37m[ 72.145449 1:11 axvm::timer:101] [32mInitializing AxVM timer wheel...[m
[m[37m[ 72.145950 2:12 axvm::host::arceos:248] [32mCore 2 is initializing hardware virtualization support...[m
[m[37m[ 72.146081 1:11 axvm::host::arceos:251] [32mHardware virtualization support enabled on core 1[m
[m[37m[ 72.147695 0:2 axvm::host::arceos:264] [32mWaiting for all cores to enable hardware virtualization...[m
[m[37m[ 72.146949 2:12 axvm::timer:101] [32mInitializing AxVM timer wheel...[m
[m[37m[ 72.147699 3:13 axvm::host::arceos:248] [32mCore 3 is initializing hardware virtualization support...[m
[m[37m[ 72.149263 2:12 axvm::host::arceos:251] [32mHardware virtualization support enabled on core 2[m
[m[37m[ 72.150131 3:13 axvm::timer:101] [32mInitializing AxVM timer wheel...[m
[m[37m[ 72.151572 3:13 axvm::host::arceos:251] [32mHardware virtualization support enabled on core 3[m
[m[37m[ 72.152613 0:2 axvm::arch::aarch64::gic:59] [32mUsing per-CPU GICv3 system registers for virtual IRQs[m
[m[37m[ 72.236090 0:2 axvm::arch::aarch64::gic:175] [32mAArch64 host virtual-timer PPI 27 is available for guest forwarding[m
[m[37m[ 72.237073 0:2 axvm::host::arceos:280] [32mAll cores have enabled hardware virtualization support.[m
[m[37m[ 72.239365 0:2 axvisor::manager:133] [32mNOT find dir: /guest/vm_default in filesystem[m
[m[37m[ 72.240127 0:2 axvisor::config:94] [32mUsing static VM configs.[m
[m[37m[ 72.313385 0:2 axvm::arch::aarch64::fdt::core::parser:386] [32mCPU node: /cpus/cpu@0, node_id: 0x0, guest_cpu_id: 0x0[m
[m[37m[ 72.314395 0:2 axvm::arch::aarch64::fdt::core::parser:386] [32mCPU node: /cpus/cpu@100, node_id: 0x100, guest_cpu_id: 0x100[m
[m[37m[ 72.315444 0:2 axvm::arch::aarch64::fdt::core::parser:386] [32mCPU node: /cpus/cpu@200, node_id: 0x200, guest_cpu_id: 0x200[m
[m[37m[ 72.316492 0:2 axvm::arch::aarch64::fdt::core::parser:386] [32mCPU node: /cpus/cpu@300, node_id: 0x300, guest_cpu_id: 0x300[m
[m[37m[ 72.317539 0:2 axvm::arch::aarch64::fdt::core::parser:386] [32mCPU node: /cpus/cpu@400, node_id: 0x400, guest_cpu_id: 0x400[m
[m[37m[ 72.318590 0:2 axvm::arch::aarch64::fdt::core::parser:386] [32mCPU node: /cpus/cpu@500, node_id: 0x500, guest_cpu_id: 0x500[m
[m[37m[ 72.319637 0:2 axvm::arch::aarch64::[37m[ 72.333662 0:2 axvm::arch::aarch64::fdt::core::parser:393] [32mFound 8 host CPU nodes[m
[m[37m[ 72.334418 0:2 axvm::arch::aarch64::fdt::core:68] [32mVM[1] found DTB, parsing...[m
[m[37m[ 96.079611 0:2 axvisor::config:139] [32mCreating VM[1] "starry-ort-ivc-orangepi"[m
[m[37m[ 96.080364 0:2 axvm::vm:637] [32mVM created: id=1[m
[m[37m[ 96.576990 0:2 axvisor::config:151] [32mVM[1] created success, loading images...[m
[m[37m[ 98.692583 0:2 axdevice::device:1350] [32mAxVmDevices: registered device id=0[m
[m[37m[ 98.693274 0:2 axdevice::devicth base GPA 0x80c0000 and length Negotiated (MAC 52:54:00:00:00:34] [32mAArch64 PL011 console 'pl011-starry' initialized at GPA 0x9000000 with length 0x1000[m[37m[ 98.772409 0:2 axvm::arch::aarch64::fdt::core::parser:386] [32mCPU node: /cpus/cpu@0, node_id: 0x0, guest_cpu_id: 0x0[mrser:386] [32mCPU node: /cpus/cpu@200, node_id: 0x200, guest_cpu_id: 0x200[m
[m[37m[ 98.775517 0:2 axvm::arch::aarch64::fdt::core::parser:386] [32mCPU nodus/cpu@300, node_id: 0x300, guest_cpu_id: 0x300[m
[m[37m[ 98.776566 0:2 axvm::arch::aarch64::fdt::core::parser:386] [32mCPU node: /cpus/cpu@400, node_id: 0x400, guest_cpu_id: 0x400[m
[m[37m[ 98.777616 0:2 axvm::arch:fdt::core::parser:386] [32mCPU node: /cpus/cpu@500, node_id: 0x500, guest_cpu_id: 0x500[m
[m[37m[ 98.778664 0:2 axvm::arch::aarch64::fdt::core::parser:386] [32mCPU node: /cpus/cpu@600, node_id: 0x600, guest_cpu_id: 0x600[m
[m[37m[ 98.779712 0:2 axvm::arch::aarch64::fdt::core::parser:386] [32mCPU node: /cpus/cpu@700, node_id: 0x700, guest_cpu_id: 0x700[m
[m[37m[ 98.788453 0:2 axvm::arch::aarch64::fdt::core::parser:393] [32mFound 8 host CPU nodes[m
[m[37m[ 98.789204 0:2 axvm::a[37m[ 98.895676 0:2 axvm::arch::aarch64::fdt::core::device:96] [32mFound excluded devices: [][m
[m[37m[ 98.934464 0:2 axvisor::config:139] [32mCreating VM[2] "zephyr-ivc-orangepi"[m
[m[37m[ 98.935178 0:2 axvm::vm:637] [[37m[ 99.183747 0:2 axvisor::config:151] [32mVM[2] created success, loading images...[m
[m[37m[ 99.185624 0:2 axdevice::device:1350] [32mAxVmDevices: registered device id=0[m
[m[37m[ 99.186312 0:2 axdevice::device:336] [32mGPPT Distributor initialized with base GPA 0x8000000 and length 0x10000[m
[m[37m[ 99.187275 0:2 axdevice::device:1350] [32mAxVmDevices: registered device id=1[m
[m[37m[ 99.187959 0:2 axdevice::device:311] [32mGPPT Redistributor initialized for vCPU 0 with base GPA 0x80a0000 and length 0x20000[m
[m[37m[ 99.189014 0:2 axdevice::device:1350] [32mAxVmDevices: registered device id=2[m
[m[37m[ 99.189699 0:2 axdevice::device:576] [32mvirtio-net 'virtio-net-zephyr' initialized at GPA 0xa002000 IRQ 64 segment 1 header mode FixedTwelveByte (MAC 52:54:00:00:00:02)[m
[m[37m[ 99.191098 0:2 axdevice::device:1350] [32mAxVmDevices: registered dxvm::arch::aarch64::vm:134] [32mAArch64 PL011 console 'pl011-zephyr' initialized at GPA 0x9000000 with length 0x1000[m
[m[37m[ 99.192898 0:2 axdevice::device:1350] [32mAxVmDevices: regis7m[ 99.193586 0:2 axdevice::devi] [32mAxVmDevices: registered device id=5[m
[m[37m[ 99.194274 0:2 axdevice::device:1350] [32mAxVmDevices: registered device id=6[m
[m[37m[ 99.194991 0:2 axvm::vm::prepare:101] [32mVM setup: id=2[m
[m[37m[ 99.195579 0:2 axvm::runtime:35] [32mInitializing VMM...[m
[m[37m[ 99.196106 0:2 axvm::runtime:40] [32mVMM starting, booting VMs...[m
[m[37m[ 99.196708 0:2 axvm::vm:824] [32mStarting VM[1][m
[m[37m[ 99.197174 0:2 axvm::runtime::vcpus:236] [32mSpawning task for VM[1] VCpu[0][m
[m[37m[ 99.197870 0:2 axvm::runtime::vcpus:274] [32mVCpu task Task(14, "VM[1]-VCpu[0]") created cpumask: [1, ], initial CPU 1[m
[m[37m[ 99.198894 0:2 axvm::runtime:48] [32mVM[1] boot success[m
[m[37m[ 99.199413 0:2 axvm::vm:824] [32mStarting VM[2][m
[m[37m[ 99.199882 0:2 axvm::runtime::vcpus:236] [32mSpawning task for VM[2] VCpu[0][m
[m[37m[ 99.200375 1:14 axvm::runtime::vcpus:332] [32mVM[1] VCpu[0] waiting for running[m
[m[37m[ 99.200570 0:2 axvm::runtime::vcpus:274] [32mVCpu task Task(15, "VM[2]-VCpu[0]") created cpumask: [0, ], initial CPU 0[m
[m[37m[ 99.201268 1:14 axvm::runtime::vcpus:335] [32mVM[1] VCpu[0] running...[m
[m[37m[ 99.202278 0:2 axvm::runtime:48] [32mVM[2] boot success[m
[m[37m[ 99.202903 1:14 axvm::arch::aarch64::gic:361] [33mVirtual interrupt interface not enabled, enabling now[m
[m[37m[ 99.203437 0:15 axvm::runtime::vcpus:332] [32mVM[2] VCpu[0] waiting for running[m
[m[37m[ 99.204311 1:14 axvm::runtime::vcpus:337] [32mVM[1] VCpu[0] first-run architecture setup complete[m
[m[37m[ 99.205016 0:15 axvm::runtime::vcpus:335] [32mVM[2] VCpu[0] running...[m
[m[37m[ 99.206494 0:15 axvm::arch::aarch64::gic:361] [33mVirtual interrupt interface not enabled, enabling now[m
[m[37m[ 99.207378 0:15 axvm::runtime::vcpus:337] [32mVM[2] VCpu[0] first-run architecture setup complete[m
[m[guest-console:pl011-zephyr] *** Booting Zephyr OS build v4.3.0 ***
[guest-console:pl011-zephyr] IVC-RTOS-SELFTEST PASS vector=rust-wire-v1
[guest-console:pl011-starry] console=ttyAMA0,115200 earlycon=pl011,0x09000000 root=/dev/vda rw fsck.repair=yes
[guest-console:pl011-starry] VM Load @0x80200000
[guest-console:pl011-starry] VM Load Offset: 0x100200000
[guest-console:pl011-starry] Memory Map:
[guest-console:pl011-starry]   Free   0x00000080000000 - 0x00000080200000 (2 MiB)
[guest-console:pl011-starry]   KImg   0x00000080200000 - 0x00000081000000 (14 MiB)
[guest-console:pl011-starry]   Free   0x00000081000000 - 0x00000090000000 (240 MiB)
[guest-console:pl011-starry] Initialize RAM allocator: 0x81000000..0x90000000
[guest-console:pl011-starry] Initializing per-CPU data
[guest-console:pl011-starry] Per-CPU data one cpu size: 0x41000 bytes
[guest-console:pl011-starry] Total per-CPU data size for secondary CPUs: 0x82000 bytes (2 CPUs)
[guest-console:pl011-starry] Flushed RAM used range to memory map: 0x81000000..0x81001000, current: 0x81001000
[guest-console:pl011-starry] Flushed RAM used range to memory map: 0x81001000..0x81083000, current: 0x81083000
[guest-console:pl011-starry] Per-CPU data allocated at 0x81001000 - 0x81083000
[guest-console:pl011-starry] Initializing per-CPU RAM for CPU0 - hard id 0x100 @ 0x81001000
[guest-console:pl011-starry] Initializing per-CPU RAM for CPU1 - hard id 0x200 @ 0x81042000
[guest-console:pl011-starry] CPU0 - hard id 0x100, stack top @0x81042000, stack top virt @0xffffff0081042000, entry virt @0xffffffff80364420
[guest-console:pl011-starry] CPU1 - hard id 0x200, stack top @0x81083000, stack top virt @0xffffff0081083000, entry virt @0xffffffff80364420
[guest-console:pl011-starry] EL: 1
[guest-console:pl011-starry] Mapping early memory regions...
[guest-console:pl011-starry] Ram                 : [0xffff000080000000, 0xffff000090000000) -> [0x0000000080000000, 0x0000000090000000) (256 MiB)
[guest-console:pl011-starry] KImage              : [0xffffffff80000000, 0xffffffff80e00000) -> [0x0000000080200000, 0x0000000081000000) (14 MiB)
[guest-console:pl011-starry] PerCpu              : [0xffffff0081001000, 0xffffff0081083000) -> [0x0000000081001000, 0x0000000081083000) (520 KiB)
[guest-console:pl011-starry] Debug serial        : [0xffff000009000000, 0xffff000009001000) -> [0x0000000009000000, 0x0000000009001000) (4 KiB)
[guest-console:pl011-starry] Boot page table at physical address: 0x81083000
[guest-console:pl011-starry] Setting up table registers...
[guest-console:pl011-starry] MMU Entry point at physical address: 0x805679b0
[guest-console:pl011-starry] Trap vector at 0xffffffff80360800
[guest-console:pl011-starry] Memory Map:
[guest-console:pl011-starry]   MMIO   0x00000009000000 - 0x00000009001000 (4 KiB)
[guest-console:pl011-starry]   Free   0x00000080000000 - 0x00000080200000 (2 MiB)
[guest-console:pl011-starry]   KImg   0x00000080200000 - 0x00000081000000 (14 MiB)
[guest-console:pl011-starry]   Rsv    0x00000081000000 - 0x00000081001000 (4 KiB)
[guest-console:pl011-starry]   PerCPU 0x00000081001000 - 0x00000081083000 (520 KiB)
[guest-console:pl011-starry]   Rsv    0x00000081083000 - 0x0000008108d000 (40 KiB)
[guest-console:pl011-starry]   Free   0x0000008108d000 - 0x00000090000000 (239.45 MiB)
[guest-console:pl011-starry] Jumping to main entry point at 0xffffffff8034f05c with SP 0xffffff0081042000
[guest-console:pl011-starry] 
[guest-console:pl011-starry]        d8888                            .d88888b.   .d8888b.
[guest-console:pl011-starry]       d88888                           d88P" "Y88b d88P  Y88b
[guest-console:pl011-starry]      d88P888                           888     888 Y88b.
[guest-console:pl011-starry]     d88P 888 888d888  .d8888b  .d88b.  888     888  "Y888b.
[guest-console:pl011-starry]    d88P  888 888P"   d88P"    d8P  Y8b 888     888     "Y88b.
[guest-console:pl011-starry]   d88P   888 888     888      88888888 888     888       "888
[guest-console:pl011-starry]  d8888888888 888     Y88b.    Y8b.     Y88b. .d88P Y88b  d88P
[guest-console:pl011-starry] d88P     888 888      "Y8888P  "Y8888   "Y88888P"   "Y8888P"
[guest-console:pl011-starry] 
[guest-console:pl011-starry] arch = aarch64
[guest-console:pl011-starry] platform = AxVisor Orange Pi 5 Plus IVC StarryOS guest
[guest-console:pl011-zephyr] IVC-RTOS-NET mac=52:54:00:00:00:02 expected=52:54:00:00:00:02
[guest-console:pl011-starry] target = aarch64-unknown-none-softfloat
[guest-console:pl011-starry] build_mode = 
[guest-console:pl011-starry] log_level = info
[guest-console:pl011-zephyr] IVC-RTOS-READY bind=10.0.0.2:5500 mac=52:54:00:00:00:02 window_bits=64 ack_loss_drop_every=0 expected_commands=1800 expected_protocol_errors=0 exit_after_expected=1
[guest-console:pl011-starry] backtrace = false
[guest-console:pl011-starry] smp = 2
[guest-console:pl011-starry] 
[guest-console:pl011-starry] [37m[  0.782669 ax_runtime:213] [32mLogging is enabled.[m
[guest-console:pl011-starry] [m[37m[  0.784569 ax_runtime:214] [32mPrimary CPU 0 started, arg = 0x81000000.[m
[guest-console:pl011-starry] [m[37m[  0.787039 ax_runtime:216] [32mFound physcial memory regions[guest-console:pl011-starry] [m[37m[  0.789311 ax_runtime:218] [32m  [PA:0x9000000, PA:0x9001000) mmio (READ | WRITE | DEVICE | RESERVED)[m
[guest-console:pl011-starry] [m[37m[  0.792560 ax_runtime:218] [32m  [PA:0x80000000, PA:0x80200000) free memory (READ | WRITE | FREE)[m
[guest-console:pl011-starry] [m[37m[  0.795706 ax_runtime:218] [32m  [PA:0x80200000, PA:0x81000000) reserved (READ | WRITE | EXECUTE | RESERVED)[m
[guest-console:pl011-starry] [m[37m[  0.799134 ax_runtime:218] [32m  [PA:0x81000000, PA:0x81001000) reserved (READ | WRITE | EXECUTE | RESERVED)[m
[guest-console:pl011-starry] [m[37m[  0.802562 ax_runtime:218] [32m  [PA:0x81001000, PA:0x81083000) reserved (READ | WRITE | EXECUTE | RESERVED)[m
[guest-console:pl011-starry] [m[37m[  0.805993 ax_runtime:218] [32m  [PA:0x81083000, PA:0x8108d000) reserved (READ | WRITE | EXECUTE | RESERVED)[m
[guest-console:pl011-starry] [m[37m[  0.809422 ax_runtime:218] [32m  [PA:0x8108d000, PA:0x90000000) free memory (READ | WRITE | FREE)[m
[guest-console:pl011-starry] [m[37m[  0.812564 ax_runtime:360] [32mInitialize global memory allocator...[m
[guest-console:pl011-starry] [m[37m[  0.814953 ax_runtime:361] [32m  use buddy-slab-allocator allocator.[m
[guest-console:pl011-starry] [m[37m[  0.817340 ax_alloc::buddy_slab:150] [32mInitialize global memory allocator, start_vaddr: 0xffff00008108d000, size: 0xef73000[m
[guest-console:pl011-starry] [m[37m[  0.821440 ax_alloc::buddy_slab:399] [32mglobal allocator initialized[m
[guest-console:pl011-starry] [m[37m[  0.823853 ax_alloc::buddy_slab:160] [32mAdd memory region, start_vaddr: 0xffff000080000000, size: 0x200000[m
[guest-console:pl011-starry] [m[37m[  0.827261 buddy_slab_allocator::global:143] [32mGlobalAllocator: skip region 0xffff000080000000+0x200000, no allocator-visible memory after 2097152 alignment[m
[guest-console:pl011-starry] [m[37m[  0.831994 ax_runtime:253] [32mkernel aspace: [VA:0xffff000000000000, VA:0xffffffffffffffff)[m
[guest-console:pl011-starry] [m[37m[  0.835010 ax_mm:92] [32mInitialize virtual memory management...[m
[guest-console:pl011-starry] [m[37m[  0.854389 ax_runtime:265] [32mInitialize platform devices...[m
[guest-console:pl011-starry] [m[37m[  0.857840 someboot::arch::power:23] [32mPower management method : HVC[m
[guest-console:pl011-starry] [m[37m[  0.860306 somehal::driver:5] [32mInitializing rdrive with FDT at 0xffff000081000000[m
[guest-console:pl011-starry] [m[37m[  0.876131 ax_task::api:149] [32mInitialize scheduling...[m
[guest-console:pl011-starry] [m[37m[  0.878302 ax_task::api:154] [32m  use Round-robin scheduler.[m
[guest-console:pl011-starry] [m[37m[  0.880522 ax_runtime:291] [32mInitialize interrupt handlers...[m
[guest-console:pl011-starry] [m[37m[  0.883589 ax_runtime::devices:2] [32mProbe platform devices...[m
[guest-console:pl011-starry] [m[37m[  0.886532 ax_driver::serial::pl011:22] [32mProbing PL011 serial device: serial@9000000[m
[guest-console:pl011-starry] [m[37m[  0.889512 ax_driver::serial::pl011:39] [32mPL011 serial@0xffff000009000000 registered successfully[m
[guest-console:pl011-starry] [m[37m[  0.893068 virtio_drivers::device::blk:63] [32mfound a block device of size 163840KB[m
[guest-console:pl011-starry] [m[37m[  0.896047 ax_driver::virtio::block:91] [32mregistered virtio block device[m
[guest-console:pl011-starry] [m[37m[  0.898830 virtio_drivers::device::net::dev_raw:33] [32mn[guest-console:pl011-starry] [m[37m[  0.902430 ax_driver::virtio::net:407] [32mregistered virtio network device irq=None[m
[guest-console:pl011-starry] [mBoot at 1970-01-01 00:00:00.905297166 UTC
[guest-console:pl011-starry] 
[guest-console:pl011-starry] [37m[  0.907140 ax_runtime::irq:120] [32mregistered virtio-blk/0 irq IrqId { domain: IrqDomainId([guest-console:pl011-starry] [m[37m[  0.914803 ax_fs_ng::block[guest-console:pl011-starry] [m[37m[  0.920967 ax_fs_ng::root:[guest-console:pl011-starry] [m[37m[  0.930299 ax_fs_ng:76] [[guest-console:pl011-starry] [m[37m[  0.944433 rsext4::ext4::m[guest-console:pl011-starry] [m[37m[  0.949064 rsext4::ext4::mount:464] [32m  - total blocks: 40960[m
[guest-console:pl011-starry] [m[37m[  0.951333 rsext4::ext4::mount:465] [32m  - free blocks: 26245[m
[guest-console:pl011-starry] [m[37m[  0.953590 rsext4::ext4::mount:466] [32m  - total inodes: 16384[m[guest-console:pl011-starry] [m[37m[  0.955863 rsext4::ext4::mount:467] [32m  - free inodes: [guest-console:pl011-starry] [m[guest-console:pl011-starry] [m[37m[  0.962359 rsext4::ext4::mount:546] [32mExt4 filesystem mounted[m
[guest-console:pl011-starry] [m[37m[  0.964684 ax_fs_ng:88] [32m  filesystem type: "ext4"[m
[guest-console:pl011-starry] [m[37m[  0.968204 ax_net:189] [32mInitialize network subsystem...[m
[guest-console:pl011-starry] [m[37m[  0.970611 ax_net:209] [32m  use NIC 0: "virtio-net"[m
[guest-console:pl011-starry] [m[37m[  0.972919 ax_runtime::irq:120] [32mregistered eth0 irq IrqId { domain: IrqDomainId(7), hwirq: HwIrq(56) }[m
[guest-console:pl011-starry] [m[37m[  0.976355 ax_net:235] [32meth0:[m
[guest-console:pl011-starry] [m[37m[  0.977814 ax_net:236] [32m  id:   2[m
[guest-console:pl011-starry] [m[37m[  0.979375 ax_net:237] [32m  mac:  52-54-00-00-00-01[m
[guest-console:pl011-starry] [m[37m[  0.981363 ax_net:254] [32m  mode: dhcp[m
[guest-console:pl011-starry] [m[37m[  0.983008 ax_net:292] [32mDevice: lo[m
[guest-console:pl011-starry] [m[37m[  0.984630 ax_net:292] [32mDevice: eth0[m
[guest-console:pl011-starry] [m[37m[  0.986328 ax_net::service:606] [32meth0: DHCP enabled[m
[guest-console:pl011-starry] [m[37m[  2.992003 ax_net:937] [33mDHCP bootstrap timed out[m
[37m[101.700762 1:14 axvm::arch::aarch64::cpu_up:44] [32mVM[1]'s VCpu[0] try to boot target_cp512] entry_point=GPA:0x8056621c [37m[101.712542 2:16 axvm::runtime::vcpus:332] [32mVM[1] VCpu[[guest-console:pl011-starry] [m[37m[  3.010809 ax_runtime:336] [32mPrimary CPU 0 init OK.[m[guest-console:pl011-starry] [m[37m[  3.018048 0:2 ktracepoint:282] [32mtracepoint_data_start: 0xffffffff804adc78, tracepoint[guest-console:pl011-starry] [m[37m[  3.023925 0:2 ktracepoint[guest-console:pl011-starry] [m[37m[  3.029527 0:2 ktracepoint:314] [32mtracepoint registered: sched:sched_switch[m
[guest] [m[37m[  3.034847 0:2 ktracepoint:314] [32mtracepoint regiser_openat[m
[guest-console:pl011-starry] [m[37m[  3.037692 0:2 ktracepoint:314] [32mtracepoint registered: syscalls:sys_mkdirat[m
[guest-console:pl011-starry] [mInitialized 6 tracepoints
[guest-console:pl011-starry] kmod subsystem initialized
[guest-console:pl011-starry] [37m[  3.042382 0:2 starry_kernel::pseudofs:84] [32mInitialize pseudofs...[m
[guest-console:pl011-starry] [m[37m[  3.045303 0:2 starry_kernel::pseudofs::dev::tty::serial:343] [32mttyS0 registered: path=/serial@9000000, alias=Some(0), paddr=0x9000000, mapped=0xffff000009000000, irq=IrqId { domain: IrqDomainId(7), hwirq: HwIrq(33) }, mode=interrupt[m
[guest-console:pl011-starry] [m[37m[  3.052137 0:2 starry_kernel::pseudofs::dev::tty::serial:264] [32m/dev/console bound to ttyS0[m
[guest-console:pl011-starry] [m[37m[  3.055762 0:2 starry_kernel::pseudofs:78] [32mMounted devfs at /dev[m
[guest-console:pl011-starry] [m[37m[  3.058175 0:2 starry_kernel::pseudofs::usbfs:51] [32musbfs: initializing manager[m
[guest-console:pl011-starry] [m[37m[  3.060921 0:2 starry_kernel::pseudofs::usbfs::manager:1401] [32musbfs: discovered 0 USB host(s)[m
[guest-console:pl011-starry] [m[37m[  3.064074 0:2 starry_kernel::pseudofs::usbfs:54] [32musbfs: no USB host found, skip mounting usbfs[m
[guest-console:pl011-starry] [m[37m[  3.067349 0:2 starry_kernel::pseudofs:78] [32mMounted tmpfs at /dev/shm[m
[guest-console:pl011-starry] [m[37m[  3.076739 0:2 starry_kernel::pseudofs:78] [32mMounted tmpfs at /tmp[m
[guest-console:pl011-starry] [m[37m[  3.079310 0:2 starry_kernel::dyn_debug:61] [32mdebug_init: initializing dynamic debug sites[m
[guest-console:pl011-starry] [m[37m[  3.083201 0:2 starry_kernel::dyn_debug:64] [32mdebug_init: found 191 dynamic debug sites[guest-console:pl011-starry] [m[37m[  3.086327 0:2 starry_kernel::pseudofs::proc:73] [32mRead[guest-console:pl011-starry] [m[37m[  3.119803 0:2 starry_kernel::pseudofs:78] [32mMounted proc at /proc[m
[guest-console:pl011-starry] [m[37m[  3.122573 0:2 starry_kernel::pseudofs:78] [32mMounted sysfs at /sys[m
[guest-console:pl011-starry] [m[37m[  3.125243 0:2 starry_kernel::pseudofs:78] [32mMounted debug at /sys/kernel/debug[m
[guest-console:pl011-starry] [m[37m[  3.128066 0:2 starry_kernel::task::timer:329] [32mInitialize alarm...[m
[guest-console:pl011-starry] [mWelcome to [96m[1mStarry OS[0m!
[guest-console:pl011-starry] /bin/sh: env: not found
[guest-console:pl011-starry] 
[guest-console:pl011-starry] Use [1m[3mapk[0m to install packages.
[guest-console:pl011-starry] 
[guest-console:pl011-starry] STARRY_GROUPED_AUTORUN_INIT
[guest-console:pl011-starry] IVC-STARRY-BOOT mode=neural backend=onnxruntime fault_profile=none count=1800 period_ms=100 vcpus=2
[guest-console:pl011-starry] IVC-STARRY-BOOT mode=neural backend=onnxruntime fault_profile=none count=1800 period_ms=100 vcpus=2[guest-console:pl011-starry] IVC-STARRY-BOOT mode=neural backend=onnxruntime fault_profile=none count=1800 period_ms=100 vcpus=2
[guest-console:pl011-starry] IVC-STARRY-BOOT mode=neural backend=onnxruntime fault_profile=none count=1800 period_ms=100 vcpus=2
[guest-console:pl011-starry] IVC-STARRY-BOOT mode=neural backend=onnxruntime fault_profile=none count=1800 period_ms=100 vcpus=2[guest-console:pl011-starry] IVC-STARRY-NET iface=eth0 mac=unknown ip=10.0.0.1/24 peer=10.0.0.2 udp_port=5500 segment=1
[guest-console:pl011-starry] IVC-STARRY-PEER-WAIT seconds=2
[guest-console:pl011-starry] [0;93m1970-01-01 00:00:08.459407833 [W:onnxruntime:ivc-thermal-control, device_discovery.cc:132 GePciBusId] Skipping pci_bus_id for PCI path at "/sys/devices/platorm/virtio-gpu0" because filenam-gpu0"" dit not match expected pattern of [0-9a-f]+:[0-9a-f]+:[0[guest-console:pl011-starry] IVC-CONTROLLER-START peer=10.0.0.2:5500 count=1800 policy=neural period_ms=100 session_id=3757315900 backend=onnxruntime ack_timeout_ms=1000
[guest-console:pl011-zephyr] IVC-RTOS-READY bind=10.0.0.2:5500 mac=52:54:00:00:00:02 window_bits=64 ack_loss_drop_every=0 expected_commands=1800 expected_protocol_errors=0 exit_after_expected=1
[guest-console:pl011-zephyr] IVC-RTOS-READY bind=10.0.0.2:5500 mac=52:54:00:00:00:02 window_bits=64 ack_loss_drop_every=0 expected_commands=1800 expected_protocol_errors=0 exit_after_expected=1
[guest-console:pl011-zephyr] IVC-RTOS-PROGRESS accepted=1 seq=1 mode=Neural actuator_permille=951 measured_milli_c=20266 duplicates=0 protocol_errors=0
[guest-console:pl011-starry] IVC-CONTROLLER-STATUS seq=1 mode=Neural actuator_permille=951 measured_milli_c=20266 setpoint_milli_c=45000
[guest-console:pl011-zephyr] IVC-RTOS-PROGRESS accepted=100 seq=100 mode=Neural actuator_permille=558 measured_milli_c=36737 duplicates=0 protocol_errors=0
[guest-console:pl011-starry] IVC-CONTROLLER-STATUS seq=100 mode=Neural actuator_permille=558 measured_milli_c=36737 setpoint_milli_c=45000
[guest-console:pl011-zephyr] IVC-RTOS-PROGRESS accepted=200 seq=200 mode=Neural actuator_permille=416 measured_milli_c=42034 dupates=0 protocol_errors=0
[guest-console:pl011-starry] IVC-CONTROLLER-STATUS seq=200 mode=Neural actuator_permille=416 measured_milli_c=42034 setpoint_milli_c=45000
[guest-console:pl011-zephyr] IVC-RTOS-PROGRESS accepted=300 seq=300 mode=Neural actuator_permille=370 measured_milli_c=43706 duplicates=0 protocol_errors=0
[guest-console:pl011-starry] IVC-CONTROLLER-STATUS seq=300 mode=Neural actuator_permille=370 measured_milli_c=43706 setpoint_milli_c=45000
[guest-console:pl011-zephyr] IVC-RTOS-PROGRESS accepted=400 seq=400 mode=Neural actuator_permille=356 measured_milli_c=44236 duplicates=0 protocol_errors=0
[guest-console:pl011-starry] IVC-CONTROLLER-STATUS seq=400 mode=Neural actuator_permille=356 measured_milli_c=44236 setpoint_milli_c=45000
[guest-console:pl011-zephyr] IVC-RTOS-PROGRESS accepted=500 seq=500 mode=Neural actuator_permille=352 measured_milli_c=44403 dup[guest-console:pl011-starry] IVC-CONTROLLER-STATUS seq=500 mode=Neural actuator_permille=352 measured_milli_c=44403 setpoint_milli_c=45000
[guest-console:pl011-zephyr] IVC-RTOS-PROGRESS accepted=600 seq=600 mode=Neural actuator_permille=350 measured_milli_c=44455 duplicates=0 protocol_errors=0
[guest-console:pl011-starry] IVC-CONTROLLER-STATUS seq=600 mode=Neural actuator_permille=350 measured_milli_c=44455 setpoint_mil[guest-console:pl011-zephyr] IVC-RTOS-PROGRESS accepted=700 seq=700 mode=Neural actuator_permille=792 measured_milli_c=57383 duplicates=0 protocol_errors=0
[guest-console:pl011-starry] IVC-CONTROLLER-STATUS seq=700 mode=Neural actuator_permille=792 measured_milli_c=57383 setpoint_milli_c=65000
[guest-console:pl011-zephyr] IVC-RTOS-PROGRESS accepted=800 seq=800 mode=Neural actuator_permille=677 measured_milli_c=61671 duplicates=0 protocol_errors=0
[guest-console:pl011-starry] IVC-CONTROLLER-STATUS seq=800 mode=Neural actuator_permille=677 measured_milli_c=61671 setpoint_milli_c=65000
[guest-console:pl011-zephyr] IVC-RTOS-PROGRESS accepted=900 seq=900 mode=Neural actuator_permille=680 measured_milli_c=61758 duplicates=0 protocol_errors=0
[guest-console:pl011-starry] IVC-CONTROLLER-STATUS seq=900 mode=Neural actuator_permille=680 measured_milli_c=61758 setpoint_milli_c=65000
[guest-console:pl011-zephyr] IVC-RTOS-PROGRESS accepted=1000 seq=1000 mode=Neural actuator_permille=659 measured_milli_c=62344 duplicates=0 protocol_errors=0
[guest-console:pl011-starry] IVC-CONTROLLER-STATUS seq=1000 mode=Neural actuator_permille=659 measured_milli_c=62344 setpoint_milli_c=65000
[guest-console:pl011-zephyr] IVC-RTOS-PROGRESS accepted=1100 seq=1100 mode=Neural actuator_permille=635 measured_milli_c=63239 d[guest-console:pl011-starry] IVC-CONTROLLER-STATUS seq=1100 mode=Neural actuator_permille=635 measured_milli_c=63239 setpoint_mi[guest-console:pl011-zephyr] IVC-RTOS-PROGRESS accepted=1200 seq=1200 mode=Neural actuator_permille=627 measured_milli_c=63522 duplicates=0 protocol_errors=0
[guest-console:pl011-starry] IVC-CONTROLLER-STATUS seq=1200 mode=Neural actuator_permille=627 measured_milli_c=63522 setpoint_milli_c=65000
[guest-console:pl011-zephyr] IVC-RTOS-PROGRESS accepted=1300 seq=1300 mode=Neural actuator_permille=337 measured_milli_c=56277 duplicates=0 protocol_errors=0
[guest-console:pl011-starry] IVC-CONTROLLER-STATUS seq=1300 mode=Neural actuator_permille=337 measured_milli_c=56277 setpoint_mi[guest-console:pl011-zephyr] IVC-RTOS-PROGRESS accepted=1400 seq=1400 mode=Neural actuator_permille=373 measured_milli_c=52588 dcates=0 protocol_errors=0
[guest-console:pl011-starry] IVC-CONTROLLER-STATUS seq=1400 mode=Neural actuator_permille=373 measured_milli_c=52588 setpoint_milli_c=50000
[guest-console:pl011-zephyr] IVC-RTOS-PROGRESS accepted=1500 seq=1500 mode=Neural actuator_permille=392 measured_milli_c=50710 d[guest-console:pl011-starry] IVC-CONTROLLER-STATUS seq=1500 mode=Neural actuator_permille=392 me[guest-console:pl011-zephyr] IVC-RTOS-PROGRESS accepted=1600 seq=1600 mode=Neural actuator_permille=405 measured_milli_c=49771 duplicates=0 protocol_errors=0
[guest-console:pl011-starry] IVC-CONTROLLER-STATUS seq=1600 mode=Neural actuator_permille=405 measured_milli_c=49771 setpoint_milli_c=50000
[guest-console:pl011-zephyr] IVC-RTOS-PROGRESS accepted=1700 seq=1700 mode=Neural actuator_permille=414 measured_milli_c=49432 duplicates=0 protocol_errors=0
[guest-console:pl011-starry] IVC-CONTROLLER-STATUS seq=1700 mode=Neural actuator_permille=414 measured_milli_c=49432 setpoint_milli_c=50000
[guest-console:pl011-zephyr] IVC-RTOS-PROGRESS accepted=1800 seq=1800 mode=Neural actuator_permille=417 measured_milli_c=49325 duplicates=0 protocol_errors=0
[guest-console:pl011-starry] IVC-CONTROLLER-STATUS seq=1800 mode=Neural actuator_permille=417 measured_milli_c=49325 setpoint_miOS-OUTCOME profile=normal accepted=1800 applied=1800 duplicates=[guest-console:pl011-zephyr] IVC-RTOS-MESSAGES status_sent=1800 acks_sent=1800 errors_sent=0 protocol_errors=0
[guest-console:pl011-zephyr] IVC-RTOS-OUTCOME profile=normal accepted=1800 applied=1800 duplicates=0 acks_dropped=0
[guest-console:pl011-zephyr] IVC-RTOS-MESSAGES status_sent=1800 acks_sent=1800 errors_sent=0 protocol_errors=0
[guest-console:pl011-zephyr] IVC-RTOS-RESULT profile=normal accepted=1800 applied=1800 duplicates=0 acks_dropped=0 status_sent=1800 acks_sent=1800 errors_sent=0 protocol_errors=0
[guest-console:pl011-starry] IVC-CONTROLLER-RAW path=/var/lib/ivc/raw.csv samples=1800
[guest-console:pl011-starry] IVC-CONTROLLER-OUTCOME policy=neural sent=1800 acknowledged=1800 errors=0 timeouts=0
[guest-conso[guest-console:pl011-starry] IVC-CONTROLLER-FULL-LOOP p50_us=7916 p95_us=11871 p99_us=12229 max_us=120766
[guest-console:pl011TROLLER-TRANSPORT p50_us=7660 p95_us=11661 p99_us=12006 max_us=1[guest-console:pl011-starry] IVC-CONTROLLER-CONTROL rmse_milli_c=5932.484 iae_milli_c_s=686980.400 max_overshoot_milli_c=13428[guest-console:pl011-starry] IVC-CONTROLLER-OUTCOME policy=neural sent=1800 acknowledged=1800 errors=0 timeouts=0
[guest-console:pl011-starry] IVC-CONTROLLER-RELIABILITY retransmissions=0 recoveries=0 success_percent=100.000
[guest-console:pl011-starry] IVC-CONTROLLER-FULL-LOOP p50_us=7916 p95_us=11871 p99_us=12229 max_us=120766
[guest-console:pl011-starry] IVC-CONTROLLER-PRE-SEND p50_us=202 p95_us=225 p99_us=237 max_us=17990
[guest-console:pl011-starry] IVC-CONTROLLER-TRANSPORT p50_us=7660 p95_us=11661 p99_us=12006 max_us=102776 throughput_msg_s=9.993[guest-console:pl011-starry] IVC-CONTROLLER-CONTROL rmse_milli_c=5932.484 iae_milli_c_s=686980.400 max_overshoot_milli_c=13428
[guest-console:pl011-starry] IVC-CONTROLLER-RESULT policy=neural sent=1800 acknowledged=1800 errRT-CONTROL-RUNTIME version=1.25.[guest-console:pl011-starry] IVC-ORT-CONTROL-RESULT samples=1800 wall_p99_ns=174417
[guest-console:pl011-starry] IVC-ORT-CONTROL-RUNTIME version=1.25.0 provider=CPUExecutionProvider init_us=224198
[guest-console:pl011-starry] IVC-ORT-CONTROL-RESULT samples=1800 wall_p99_ns=174417
[guest-console:pl011-starry] IVC-ORT-CONTROL-RUNTIME version=1.25.0 provider=CPUExecutionProvider init_us=224198
[guest-console:pl011-starry] IVC-ORT-CONTROL-RESULT samples=1800 wall_p99_ns=174417
[guest-console:pl011-starry] IVC-ORT-CONTROL-RUNTIME version=1.25.0 provider=CPUExecutionProvider init_us=224198
[guest-console:pl011-starry] IVC-ORT-CONTROL-RESULT samples=1800 wall_p99_ns=174417
[guest-console:pl011-starry] IVC-ORT-CONTROL-RUNTIME version=1.25.0 provider=CPUExecutionProvider init_us=224198
[guest-console:pl011-starry] IVC-ORT-CONTROL-RESULT samples=1800 wall_p99_ns=174417
[guest-console:pl011-zephyr] IVC-RTOS-POWEROFF accepted=1800
[guest-console:pl011-zephyr] IVC-RTOS-POWEROFF accepted=1800
[guest-console:pl011-zephyr] IVC-RTOS-POWEROFF accepted=1800
[guest-console:pl011-zephyr] IVC-RTOS-POWEROFF accepted=1800
[guest-console:pl011-zephyr] IVC-RTOS-POWEROFF accepted=1800
[37m[290.392916 0:15 axvm::arch::aarch64:198] [33mVM[2] run VCpu[0] SystemDown[m
[m[37m[290.393576 0:15 axvm::vm:902] [32mStopping VM[2]: SystemDown[m
[m[37m[290.394147 0:15 axvm::runtime::vcpus:409] [33mVM[2] VCpu[0] stopping because of VM stopping[m
[m[37m[290.394938 0:15 axvm::runtime::vcpus:415] [32mVM[2] VCpu[0] last VCpu exiting, decreasing running VM count[m
[m[37m[290.395849 0:15 axvm::runtime::vcpus:420] [32mVM[2] state changed to Stopped[m
[m[37m[290.396530 0:15 axvm::runtime::vcpus:435] [32mVM[2] VCpu[0] exiting...[m
[m[guest-console:pl011-starry] IVC-STARRY-RAW path=/var/lib/ivc/raw.csv samples=1800 sha256=5bfd29fce8905f923f10518fe3efaee04f25017c5f3
[guest-console:pl011-starry] IVC-STARRY-ORT-MODEL sha256=3582869baf9b8cec722208d06f66acd680a64128b52875d22e7f0e43f2ed7887
[guest-console:pl011-starry] IVC-STARRY-ORT-RAW sha256=fa34f3a0baa1bde8451f7693c1f8456f6f3326da57709c9325ff7bb5c126a158
[guest-console:pl011-starry] IVC-STARRY-RAW path=/var/lib/ivc/raw.csv samples=1800 sha256=5bfd29fce8905f923f10518fe3efaee04f25016504b656378249446451a7c5f3
[guest-console:pl011-starry] IVC-STARRY-ORT-MODEL sha256=3582869baf9b8cec722208d06f66acd680a64128b52875d22e7f0e43f2ed7887
[guest-console:pl011-starry] IVC-STARRY-ORT-RAW sha256=fa34f3a0baa1bde8451f7693c1f8456f6f3326da57709c9325ff7bb5c126a158
[guest-console:pl011-starry] IVC-STARRY-RAW path=/var/lib/ivc/raw.csv samples=1800 sha256=5bfd29fce8905f923f10518fe3efaee04f2501[guest-console:pl011-starry] IVC-STARRY-ORT-MODEL sha256=3582869baf9b8cec722208d06f66acd680a64128b52875d22e7f0e43f2ed7887
[guest-console:pl011-starry] IVC-STARRY-ORT-RAW sha256=fa34f3a0baa1bde8451f7693c1f8456f6f3326da57709c9325ff7bb5c126a158
[guest-console:pl011-starry] IVC-STARRY-RAW path=/var/lib/ivc/raw.csv samples=1800 sha256=5bfd29fce8905f923f10518fe3efaee04f2501[guest-console:pl011-starry] IVC-STARRY-ORT-MODEL sha256=3582869baf9b8cec722208d06f66acd680a64128b52875d22e7f0e43f2ed7887
[guest-console:pl011-starry] IVC-STARRY-ORT-RAW sha256=fa34f3a0baa1bde8451f7693c1f8456f6f3326da57709c9325ff7bb5c126a158
[guest-console:pl011-starry] IVC-STARRY-RAW path=/var/lib/ivc/raw.csv samples=1800 sha256=5bfd29fce8905f923f10518fe3efaee04f25016504b656378249446451a7c5f3
[guest-console:pl011-starry] IVC-STARRY-ORT-MODEL sha256=3582869baf9b8cec722208d06f66acd680a64128b52875d22e7f0e43f2ed7887
[guest-console:pl011-starry] IVC-STARRY-ORT-RAW sha256=fa34f3a0baa1bde8451f7693c1f8456f6f3326da57709c9325ff7bb5c126a158
[guest-console:pl011-starry] IVC-STARRY-DONE exit=0
[37m[301.589071 1:14 axvm::arch::aarch64:198] [33mVM[1] run VCpu[0] SystemDown[m
[m[37m[301.589733 1:14 axvm::vm:902] [32301 1:14 axvm::runtime::vcpus:409] [33mVM[1] VCpu[0] stopping because of VM stopping[m
[m[3 axvm::runtime::vcpus:435] [32mVM[1] VCpu[0] exiting...[m
[m[m[37m[301.594117 2:16 axvm::runtime::vcpus:435] [32mVM[1] VCpu[1] exiting...[m
[m[37m[301.594762 2:2 axvisor:82] [32m[OK] Default guest initialized[m
[mWelcome to AxVisor Shell!
Type 'help' to see available commands
Use UP/DOWN arrows to navigate command history

AXVISOR_SHELL_READY
AXVISOR_SHELL_READY
AXVISOR_SHELL_READY
AXVISOR_SHELL_READY
AXVISOR_SHELL_READY
axvisor:/$ [2Kaxvisor:/$ s[2Kaxvisor:/$ ss[2Kaxvisor:/$ ss [2Kaxvisor:/$ ss 1[2Kaxvisor:/$ ss 1 [2Kaxvisor:/$ ss 1 0[2Kaxviso$ ss 1 0 /hom[2Kaxvisor:/$ ss 1 0 /home[2Kaxvisor:/$ ss 1 0 /home/[2Kaxvisor:/$ ss 1 0 /home/o[2Kaxvisor:/$ ss 1 0 /home/or[2Kaxvisor:/$ ss 1 0 /home/ora[2Kaxvisor:/$ ss 1 0 /home/oran[2Kaxvisor:/$ ss 1 0 /home/orang[2Kaxvisor:/$ ss 1 0 /home/orange[2Kaxvisor:/$ ss 1 0 /home/orangep[2Kaxvisor:/$ ss 1 0 /home/orangepi[2Kaxvisor:/$ ss 1 0 /home/orangepi/[2Kaxvisor:/$ ss 1 0 /home/orangepi/i[2Kaxvisor:/$ ss 1 0 /home/orangepi/iv[2Kaxvisor:/$ ss 1 0 /home/orangepi/ivc[2Kaxvisor:/$ ss 1 0 /home/orangepi/ivc-[2Kaxvisor:/$ ss 1 0 /home/orangepi/rangepi/ivc-on
AXVISOR_VM_BLOCK_SNAPSHOT_STARTED vm=1 index=0 path=/home/orangepi/ivc-on
AXVISOR_SNAPSHOT_SYNC_OK
AXVISOR_SNAPSHOT_SYNC_OK
AXVISOR_SNAP
=== SUCCESS PATTERN MATCHED: (?m)^AXVISOR_SNAPSHOT_SYNC_OK\r*$ ===
SHOT_SYNC_OK
AXVISOR_SNAPSHOT_SYNC_OK
AXVISOR_SNAPSHOT_SYNC_OK
AXVISOR_VM_BLOCK_SNAPSHOT vm=1 index=0 path=/home/orangepi/ivc-on bytes=167772160
AXVISOR_VM_BLOCK_SNAPSHOT vm=1 index=0 path=/home/orangepi/ivc-on bytes=167772160
AXVISOR_VM_BLOCK_SNAPSHOT vm=1 index=0 path=/home/orangepi/ivc-on bytes=167772160
AXVISOR_HOST_FILESYSTEM_SYNCED
AXVISOR_HOST_FILESYSTEM_SYNCED
AXVISOR_HOST_FILESYSTEM_SYNCED
AXVISOR_HOST_FILESYSTEM_SYNCED
AXVISOR_HOST_FILESYSTEM_SYNCED
axvisor:/$ [axbuild] board build+run package=axvisor target=scripts/targets/std/pie/aarch64-unknown-linux-musl.json config=competition/ivc/config/axvisor-orangepi-5-plus-ort-control.toml ... done (383.26s)
ssh: connect to host 192.168.31.33 port 22: Connection timed out
Axvisor filesystem sync marker was confirmed by the board test
/home/seven_wsl/.local/share/tgos-board-power-venv/lib/python3.13/site-packages/miio/miot_device.py:23: FutureWarning: functools.partial will be a method descriptor in future Python versions; wrap it in enum.member() if you want to preserve the old behavior
  Bool = partial(_str2bool)
RESULT action=status board=orangepi-5-plus-rk3588 power=on watts=2 temperature_celsius=52 fault_code=0
/home/seven_wsl/.local/share/tgos-board-power-venv/lib/python3.13/site-packages/miio/miot_device.py:23: FutureWarning: functools.partial will be a method descriptor in future Python versions; wrap it in enum.member() if you want to preserve the old behavior
  Bool = partial(_str2bool)
RESULT action=cycle board=orangepi-5-plus-rk3588 power=on watts=0 temperature_celsius=52 fault_code=0

=> setenv devtype mmc; setenv devnum 1; setenv mmc_bootdev 1; setenv distro_bootpart 1; setenv prefix /; echo UBOOT_LINUX_BOOT_BEGIN; fatload mmc 1:1 0x00c00000 boot.scr; source 0x00c00000
UBOOT_LINUX_BOOT_BEGIN
3413 bytes read in 4 ms (833 KiB/s)
## Executing script at 00c00000
Boot script loaded from mmc 1
178 bytes read in 2 ms (86.9 KiB/s)
15301327 bytes read in 1288 ms (11.3 MiB/s)
ssh: connect to host 192.168.31.33 port 22: No route to host
ssh: connect to host 192.168.31.33 port 22: No route to host
ssh: connect to host 192.168.31.33 port 22: No route to host
/dev/mmcblk1p2 ext4   rw,noatime,errors=remount-ro,commit=600
BOARD_LINUX_RESTORED
debugfs 1.46.5 (30-Dec-2021)
debugfs 1.46.5 (30-Dec-2021)
debugfs 1.46.5 (30-Dec-2021)
debugfs 1.46.5 (30-Dec-2021)
BOARD_RESULT_IMAGE_VALIDATED vm=1 index=0 path=/home/orangepi/ivc-on bytes=167772160 sha256=70e56367bd6a080ba73af4f4fd179ed5b802daab2f6f451ac50614c9f5149428 fsck=clean
BOARD_GUEST_RAW_MANIFEST path=/var/lib/ivc/raw.csv samples=1800 sha256=5bfd29fce8905f923f10518fe3efaee04f25016504b656378249446451a7c5f3
BOARD_RAW_RESULT_HARVESTED path=/home/seven_wsl/Workspace/starry/tgoskits-rt-ivc-m4-formal-20260804/tmp/competition/ivc/ort-control-full-formal-20260805-v4/ort-full/run-003/raw.csv samples=1800 sha256=5bfd29fce8905f923f10518fe3efaee04f25016504b656378249446451a7c5f3
BOARD_GUEST_ORT_MANIFEST path=/var/lib/ivc/ort.csv samples=1800 sha256=fa34f3a0baa1bde8451f7693c1f8456f6f3326da57709c9325ff7bb5c126a158
BOARD_ORT_RESULT_HARVESTED path=/home/seven_wsl/Workspace/starry/tgoskits-rt-ivc-m4-formal-20260804/tmp/competition/ivc/ort-control-full-formal-20260805-v4/ort-full/run-003/ort.csv samples=1800 sha256=fa34f3a0baa1bde8451f7693c1f8456f6f3326da57709c9325ff7bb5c126a158
BOARD_IDENTITY board_id=bf61f4d4a1d994ad hostname=orangepi5plus cpu_temp_milli_c=46230
IVC board analysis passed: /home/seven_wsl/Workspace/starry/tgoskits-rt-ivc-m4-formal-20260804/tmp/competition/ivc/ort-control-full-formal-20260805-v4/ort-full/run-003/summary.json
BOARD_METADATA_WRITTEN path=/home/seven_wsl/Workspace/starry/tgoskits-rt-ivc-m4-formal-20260804/tmp/competition/ivc/ort-control-full-formal-20260805-v4/ort-full/run-003/metadata.json
BOARD_HOST_LIBCLANG path=/usr/lib/llvm-14/lib source=environment
orangepi5plus
BOARD_SERVICE_DTB_READY path=/home/seven_wsl/.local/share/ostool-server/dtbs/orangepi-5-plus-starry.dtb root=/dev/mmcblk0p2
     Locking 1 package to latest compatible version
      Adding uboot-shell v0.2.6 (/home/seven_wsl/Workspace/starry/ostool/uboot-shell)
    Finished `dev` profile [unoptimized + debuginfo] target(s) in 0.20s
     Running `target/debug/tg-xtask axvisor board -c competition/ivc/config/axvisor-orangepi-5-plus-ort-control.toml --board-config competition/ivc/config/board-orangepi-5-plus-ort-control.toml -b OrangePi-5-Plus`
[2026-08-05T08:23:39Z INFO  axbuild::context] Workspace root: /home/seven_wsl/Workspace/starry/tgoskits-rt-ivc-m4-formal-20260804
[2026-08-05T08:23:39Z INFO  axbuild::context] Workspace member dir for axvisor: /home/seven_wsl/Workspace/starry/tgoskits-rt-ivc-m4-formal-20260804/os/axvisor
Using build config: competition/ivc/config/axvisor-orangepi-5-plus-ort-control.toml
[axbuild] board build+run package=axvisor target=scripts/targets/std/pie/aarch64-unknown-linux-musl.json config=competition/ivc/config/axvisor-orangepi-5-plus-ort-control.toml ...
sh -c /home/seven_wsl/Workspace/starry/tgoskits-rt-ivc-m4-formal-20260804/tmp/axbuild/std/prebuild/prebuild-aarch64-unknown-linux-musl-36295c2cbf7dc427.sh
AR_aarch64_unknown_linux_musl=aarch64-linux-musl-ar
AXVISOR_VM_CONFIGS=/home/seven_wsl/Workspace/starry/tgoskits-rt-ivc-m4-formal-20260804/competition/ivc/config/orangepi-5-plus-starry-smp2-ort-control.toml:/home/seven_wsl/Workspace/starry/tgoskits-rt-ivc-m4-formal-20260804/competition/ivc/config/orangepi-5-plus-zephyr-smp1.toml
AX_ARCH=aarch64
AX_LOG=info
AX_TARGET=aarch64-unknown-none-softfloat
BINDGEN_EXTRA_CLANG_ARGS_aarch64_unknown_linux_musl=--target=aarch64-linux-musl --sysroot=/ -mgeneral-regs-only
CARGO_UNSTABLE_JSON_TARGET_SPEC=true
CC_aarch64_unknown_linux_musl=aarch64-linux-musl-cc
CFLAGS_aarch64_unknown_linux_musl=-mgeneral-regs-only -fno-stack-protector
CXXFLAGS_aarch64_unknown_linux_musl=-mgeneral-regs-only -fno-stack-protector
SMP=4
cargo build --config /home/seven_wsl/Workspace/starry/tgoskits-rt-ivc-m4-formal-20260804/tmp/axbuild/std/config-aarch64-unknown-linux-musl-dynamic.toml -p axvisor --target scripts/targets/std/pie/aarch64-unknown-linux-musl.json -Z unstable-options --target-dir /home/seven_wsl/Workspace/starry/tgoskits-rt-ivc-m4-formal-20260804/target --features ax-std/fs,ax-std/smp,fs,rockchip-dwmmc,rockchip-soc,sdmmc,log/release_max_level_info -Z json-target-spec --bin axvisor --release --message-format json-render-diagnostics
     Locking 1 package to latest compatible version
      Adding uboot-shell v0.2.6
warning: function `set_fdt_addr_phys_if_valid` is never used
  --> platforms/someboot/src/fdt/mod.rs:32:15
   |
32 | pub(crate) fn set_fdt_addr_phys_if_valid(fdt_addr: usize) -> bool {
   |               ^^^^^^^^^^^^^^^^^^^^^^^^^^
   |
   = note: `#[warn(dead_code)]` (part of `#[warn(unused)]`) on by default

warning: `someboot` (lib) generated 1 warning
warning: function `with_vm` is never used
   --> virtualization/axvm/src/manager.rs:168:15
    |
168 | pub(crate) fn with_vm<F, R>(vm_id: VMId, f: F) -> Option<R>
    |               ^^^^^^^
    |
    = note: `#[warn(dead_code)]` (part of `#[warn(unused)]`) on by default

warning: function `active_vcpu_mask` is never used
   --> virtualization/axvm/src/manager.rs:198:15
    |
198 | pub(crate) fn active_vcpu_mask(vm_id: VMId) -> Option<usize> {
    |               ^^^^^^^^^^^^^^^^

warning: function `inject_interrupt` is never used
   --> virtualization/axvm/src/manager.rs:210:15
    |
210 | pub(crate) fn inject_interrupt(vm_id: VMId, vcpu_id: usize, vector: usize) -> AxVmResult {
    |               ^^^^^^^^^^^^^^^^

warning: field `token` is never read
  --> virtualization/axvm/src/timer.rs:20:5
   |
19 | struct VmTimerEvent {
   |        ------------ field in this struct
20 |     token: usize,
   |     ^^^^^

warning: function `cancel_timer` is never used
  --> virtualization/axvm/src/timer.rs:65:15
   |
65 | pub(crate) fn cancel_timer(token: usize) {
   |               ^^^^^^^^^^^^

warning: associated items `handle_nested_page_fault` and `debug_nested_page_fault` are never used
    --> virtualization/axvm/src/vm/mod.rs:1303:19
     |
 616 | impl AxVM {
     | --------- associated items in this implementation
...
1303 |     pub(crate) fn handle_nested_page_fault(
     |                   ^^^^^^^^^^^^^^^^^^^^^^^^
...
1318 |     fn debug_nested_page_fault(
     |        ^^^^^^^^^^^^^^^^^^^^^^^

warning: `axvm` (lib) generated 6 warnings
    Finished `release` profile [optimized] target(s) in 0.29s
warning: the following packages contain code that will be rejected by a future version of Rust: core v0.0.0 (/home/seven_wsl/.rustup/toolchains/nightly-2026-07-15-x86_64-unknown-linux-gnu/lib/rustlib/src/rust/library/core), memchr v2.8.2
note: to see what the problems were, use the option `--future-incompat-report`, or run `cargo report future-incompatibilities --id 1`
Allocated board session:
  board_type: OrangePi-5-Plus
  board_id: orangepi-5-plus-1
  session_id: 6bbfe558-2d62-4f54-b3cf-fa887671f8c9
  lease_expires_at: 2026-08-05 08:23:50.340967414 UTC
  boot_mode: uboot
Converting ELF to BIN format...
  elf: /home/seven_wsl/Workspace/starry/tgoskits-rt-ivc-m4-formal-20260804/target/aarch64-unknown-linux-musl/release/axvisor
  bin: /home/seven_wsl/Workspace/starry/tgoskits-rt-ivc-m4-formal-20260804/target/aarch64-unknown-linux-musl/release/axvisor.bin
/home/seven_wsl/.rustup/toolchains/nightly-2026-07-15-x86_64-unknown-linux-gnu/lib/rustlib/x86_64-unknown-linux-gnu/bin/llvm-objcopy --strip-all -O binary /home/seven_wsl/Workspace/starry/tgoskits-rt-ivc-m4-formal-20260804/target/aarch64-unknown-linux-musl/release/axvisor /home/seven_wsl/Workspace/starry/tgoskits-rt-ivc-m4-formal-20260804/target/aarch64-unknown-linux-musl/release/axvisor.bin
[2026-08-05T08:23:40Z INFO  ostool::run::uboot] Starting U-Boot runner...
[2026-08-05T08:23:40Z INFO  ostool::run::uboot] kernel from: /home/seven_wsl/Workspace/starry/tgoskits-rt-ivc-m4-formal-20260804/target/aarch64-unknown-linux-musl/release/axvisor.bin
[2026-08-05T08:23:40Z INFO  ostool::run::uboot] Using network interface hint: eth0
Waiting for remote board to power on through ostool-server...
BOARD_REBOOT_ARMED
Connection to 192.168.31.33 closed by remote host.
[2026-08-05T08:23:51Z INFO  uboot_shell] cmd: setenv autoload yes
[2026-08-05T08:23:51Z INFO  uboot_shell] cmd: setenv netmask 255.255.255.0
[2026-08-05T08:23:51Z INFO  uboot_shell] cmd: net list
[2026-08-05T08:23:52Z INFO  uboot_shell] cmd: bootdev hunt ethernet
[2026-08-05T08:23:55Z INFO  ostool::run::uboot] Board network ok
[2026-08-05T08:23:55Z INFO  uboot_shell] cmd: setenv serverip 192.168.31.132
[2026-08-05T08:23:55Z INFO  uboot_shell] cmd: echo $fdt_addr_r
[2026-08-05T08:23:56Z INFO  uboot_shell] cmd: echo $ramdisk_addr_r
[2026-08-05T08:23:56Z INFO  uboot_shell] cmd: echo $kernel_addr_r
[2026-08-05T08:23:57Z INFO  ostool::run::uboot] Using $kernel_addr_r as kernel entry: 0x2000000
[2026-08-05T08:23:57Z INFO  uboot_shell] cmd: echo $kernel_comp_addr_r
[2026-08-05T08:23:57Z INFO  ostool::run::uboot] image load to kernel_comp_addr_r: 0xa000000
[2026-08-05T08:23:57Z INFO  uboot_shell] cmd: setenv loadaddr 0xa000000
[2026-08-05T08:23:57Z INFO  ostool::run::uboot] fitimage loadaddr: 0xa000000
[2026-08-05T08:23:57Z INFO  ostool::run::uboot] kernel entry: 0x2000000
[2026-08-05T08:23:57Z INFO  ostool::run::uboot] Using DTB from: /home/seven_wsl/Workspace/starry/tgoskits-rt-ivc-m4-formal-20260804/target/aarch64-unknown-linux-musl/release/ostool-6bbfe558-2d62-4f54-b3cf-fa887671f8c9-orangepi-5-plus-starry.dtb
[2026-08-05T08:23:57Z INFO  ostool::boot::fit] Making FIT image...
[2026-08-05T08:23:57Z INFO  ostool::boot::fit] kernel: /home/seven_wsl/Workspace/starry/tgoskits-rt-ivc-m4-formal-20260804/target/aarch64-unknown-linux-musl/release/axvisor.bin (size: 3342384)
[2026-08-05T08:23:57Z INFO  ostool::boot::fit] 已读取 DTB 文件: /home/seven_wsl/Workspace/starry/tgoskits-rt-ivc-m4-formal-20260804/target/aarch64-unknown-linux-musl/release/ostool-6bbfe558-2d62-4f54-b3cf-fa887671f8c9-orangepi-5-plus-starry.dtb (大小: 280038)
[2026-08-05T08:23:57Z INFO  ostool::boot::fit] FIT image ok: /home/seven_wsl/Workspace/starry/tgoskits-rt-ivc-m4-formal-20260804/target/aarch64-unknown-linux-musl/release/image.fit
[2026-08-05T08:23:57Z INFO  ostool::run::uboot] No TFTP config, using loady to upload FIT image...

send file
loady 0xa000000
## Ready for binary (ymodem) download to 0x0A000000 at 1500000 bps...
[2026-08-05T08:23:58Z INFO  uboot_shell::ymodem] Sending file: image.fit
C## Total Size      = 0x00374924 = 3623204 Bytes
## Start Addr      = 0x0A000000
=>
send ok
[2026-08-05T08:24:48Z INFO  ostool::run::uboot] Booting kernel with command: bootm
Interacting with U-Boot shell...
bootm
## Loading kernel (any) from FIT Image at 0a000000 ...
   Using 'config-ostool' configuration
   Verifying Hash Integrity ... OK
   Trying 'kernel' kernel subimage
     Description:  This kernel
     Type:         Kernel Image
     Compression:  uncompressed
     Data Start:   0x0a000168
     Data Size:    3342384 Bytes = 3.2 MiB
     Architecture: AArch64
     OS:           Linux
     Load Address: 0x02000000
     Entry Point:  0x02000000
   Verifying Hash Integrity ... OK
## Loading fdt (any) from FIT Image at 0a000000 ...
   Using 'config-ostool' configuration
   Verifying Hash Integrity ... OK
   Trying 'fdt' fdt subimage
     Description:  This fdt
     Type:         Flat Device Tree
     Compression:  uncompressed
     Data Start:   0x0a330218
     Data Size:    280038 Bytes = 273.5 KiB
     Architecture: AArch64
     Load Address: 0x12000000
   OK
   Loading fdt from 0x0a330218 to 0x12000000
   Booting using the fdt blob at 0x12000000
Working FDT set to 12000000
   Loading Kernel Image to 2000000
   Loading Device Tree to 00000000ecb72000, end 00000000ecbb95e5 ... OK
Working FDT set to ecb72000

Starting kernel ...

root=/dev/mmcblk0p2 earlycon=uart8250,mmio32,0xfeb50000 rootwait rootfstype=ext4 splash=verbose Memory Map:
  Rsv    0x00000000110000 - 0x00000000200000 (960 KiB)
  Free   0x00000000200000 - 0x00000002000000 (30 MiB)
  KI5f000 - 0x00000010000000 (73.63 MiB)
  Rsv    0x00000010000000 - 0x00000020000000 (256 MiB)
  Free   0x00000020000000 - 0x000000f0000000 (3.25 GiB)
  Free   0x00000100000000 - 0x000003fc000000 (11.94 GiB)
  Free   0x000003fc500000 - 0x000003fff00000 (5 Free   0x000004f0000000 - 0x00000500000000 (256 MiB)
Initialize RAM allocator: 0x200000..0x2000000
Initializing per-CPU data
Per-CPU data one cpu size: 0x43000 bytes
Total per-CPU data size for secondary CPUs: 0x218000 bytes (8 CPUs)
Flushed RAM used Per-CPU data allocated at 0x245000 - 0x45d000
Initializing per-CPU RAM for CPU0 - hard id 0x0 @ 0x245000
Initializing per-CPU RAM for CPU1 - hard id 0x100 @ 0x288000
Initializing per-CPU RAM for CPU2 - hard id 0x200 @ 0x2cb000
Initializing per-CPU RAM for CPU3 - hard id 0x300 @ 0x30e000
Initializing per-CPU RAM for CPU4 - hard id 0x400 @ 0x351000
Initializing per-CPU RAM for CPU5 - hard id 0x500 @ 0x394000
Initializing per-CPU RAM for CPU6 - hard id 0x600 @ 0x3d7000
Initializing per-CPU RAM for CPU7 - hard id 0x700 @ 0x41a000
CPU0 - hard id 0x0, stack top @0x288000, stack top virt @0xff0000288000, entry virt @0xffff8019b928
CPU1 - hard id 0x100, stack top @0x2cb000, stack top virt @0xff00002cb000, entry virt @0xffff8019b928
CPU2 - hard id 0x200, stack top @0x30e000, stack top virt @0xff000030e000, entry virb928
CPU3 - hard id 0x300, stack top @0x351000, stack top virt @0xff0000351000, entry virt @0xffff8019b928
CPU4 - hard id 0x400, stack top @0x394000, stack top virt @0xff0000394000, entry virt @0xffff8019b928
CPU5 - hard id 0x500, stack top @0x3d7000, stack top virt @0xff00003d7000, entry virt @0xffff8019b928
CPU6 - hard id 0x600, stack top @0x41a000, stack top virt @0xff000041a000, entry virt @0xffff8019b928
CPU7 - hard id 0x700, stack top @0x45d000, stack top virt @0xff000045d000, entry virt @0xffff8019b928
EL: 2
Mapping early memory regions...
Ram                 : [0x0000000000200000, 0x00000000f0000000) -> [0x0000000000200000, 0x00000000f0000000) (3.75 GiB)
Ram                 : [0x0000000100000000, 0x00000003fc000000) -> [0x0000000100000000, 0x00000003fc000000 (11.94 GiB)
Ram                 : [0x00000003fc500000, 0x00000003fff00000) -> [0x00000003fc50000003fff00000) (58 MiB)
Ram                 : [0x00000004f0000000, 0x0000000500000000) -> [0x00000004f0000000, 0x000000050000000000ffff80000000, 0x0000ffff80400000) -> [0x0000000002000000, 0x0000000002400000) (4 MiB)
PerCpu              : [0x0000ff0000245000, 0x0000ff000045d000) -> [0x0000000000245000, 0x000000000045d000) (2.09 MiB)
Debug serial        : [0x00000000feb50000, 0x00000000feb51000) -> [0x00000000feb50000, 0x00000000feb51000) (4 KiB)
Boot page table at physicaTrap vector at 0xffff80197800
Memory Map:
  Rsv    0x00000000110000 - 0x00000000245000 (1.21 MiB)
  PerCPU 0x00000000245000 - 0x0000000045d000 (2.09 MiB)
  Rsv    0x0000000045d000 - 0x0000000046c000 (60 KiB)
  Free   0x0000000046c000 - 0x00000002000000 (27.58 MiB)
  KImg   0x00000002000000 - 0x00000002400000 (4 MiB)
  Free   0x00000002400000 - 0x0000000a100000 (125 MiB)
  Rsv    0x0000000a100000 - 0x0000000a145000 (276 KiB)
  Free   0x0000000a145000 - 0x0000000a200000 (748 KiB)
  Rsv    0x0000000a200000 - 0x0000000b65f000 (20.37 MiB)
  Free   0x0000000b65f000 - 0x00000010000000 (73.63 MiB)
  Rsv    0x00000010000000 - 0x00000020000000 (256 MiB)
  Free   0x00000020000000 - 0x000000f0000000 (3.25 GiB)
  MMIO   0x000000feb50000 - 0x000000feb51000 (4 KiB)
  Free   0x00000100000000 - 0x000003fc000000 (11.94 GiB)
  Free   0x000003fc500000 - 0x000003fff00000 (58 MiB)
  Free   0x000004f0000000 - 0x00000500000000 (256 MiB)
Jumping to main entry point at 0xffff8017ea2c with SP 0x0000ff0000288000

       d8888                            .d88888b.   .d8888b.
      d88888                           d88P" "Y88b d88P  Y88b
     d88P888                           888     888 Y88b.
    d88P 888 888d888  .d8888b  .d88b.  888     888  "Y888b.
   d88P  888 888P"   d88P"    d8P  Y8b 888     888     "Y88b.
  d88P   888 888     888      88888888 888     888       "888
 d8888888888 888 = aarch64
platform = RK3588 OPi 5 Plus
target = aarch64-unknown-none-softfloat
build_mode = 
log_level = info
backtrace = false
smp = 4

[37m[ 63.044473 ax_runtime:213] [32mLogging is enabled.[m
[m[37m[ 63.044959 ax_runtime:214] [32mPrimary CPU 0 started, arg = 0x200000.[m
[m[37m[ 63.045589 ax_runtime:216] [32mFound physcial memory regions:[m
[m[37m[ 63.046214 ax_runtime:218] [32m  [PA:0x110000, PA:0x245000) reserved (READ | WRITE | EXECUTE | RESERVED)[m
[m[37m[ 63.047104 ax_runtime:218] [32m  [PA:0x245000, PA:0x45d000) reserved (READ | WRITE | EXECUTE | RESERVED)[m
[m[37m[ 63.047997 ax_runtime:218] [32m  [PA:0x45d000, PA:0x46c000) reserved (READ | WRITE | EXECUTE | RESERVED)[m
[m[37m[ 63.048889 ax_runtime:218] [32m  [PA:0x46c000, PA:0x2000000) free memory (READ | WRITE | FREE)[m
[m[37m[ 63.049707 ax_runtime:218] [32m  [PA:0x2000000, PA:0x2400000) reserved (READ | WRITE | EXECUTE | RESERVED)[m
[m[37m[ 63.050614 ax_runtime:218] [32m  [PA:0x2400000, PA:0xa100000) free memory (READ | WRITE | FREE)[m
[m[37m[ 63.051439 ax_runtime:218] [32m  [PA:0xa100000, PA:0xa145000) reserved (READ | WRITE | EXECUTE | RESERVED)[m
[m[37m[ 63.052346 ax_runtime:218] [32m  [PA:0xa145000, PA:0xa200000) free memory (READ | WRITE | FREE)[m
[m[37m[ 63.053172 ax_runtime:218] [32m  [PA:0xa200000, PA:0xb65f000) reserved (READ | WRITE | EXECUTE | RESERVED)[m
[m[37m[ 63.054079 ax_runtime:218] [32m  [PA:0xb65f000, PA:0x10000000) free memory (READ | WRITE | FREE)[m
[m[37m[ 63.054912 ax_runtime:218] [32m  [PA:0x10000000, PA:0x20000000) reserved (READ | WRITE | EXECUTE | RESERVED)[m
[m[37m[ 63.055834 ax_runtime:218] [32m  [PA:0x20000000, PA:0xf0000000) free memory (READ | WRITE | FREE)[m
[m[37m[ 63.056674 ax_runtime:218] [32m  [PA:0xfeb50000, PA:0xfeb51000) mmio (READ | WRITE | DEVICE | RESERVED)[m
[m[37m[ 63.057559 ax_runtime:218] [32] [32mInitialize global memory allocator...[m
[m[37m[ 63.060747 ax_runtime:361] [32m  use buddy-slab-allocator allocator.[m
[m[37m[ 63.061371 ax_alloc::buddy_slab:150] [32mInitialize global memory allocator, start_vaddr: 0x100000000, size: 0x2fc000000[m
[m[37m[ 63.073895 ax_alloc::buddy_slab:399] [32mglobal allocator initialized[m
[m[37m[ 63.074520 ax_alloc::buddy_slab:160] mory region, start_vaddr: 0x2400000, size: 0x7d00000[m
[m[37oc::buddy_slab:160] [32mAdd memory region, start_vaddr: 0xa1450[37m[ 63.083341 ax_alloc::buddy_slab:160] [32mAdd memory region, start_vaddr: 0x3fc500000, size: 0x3a00000[m
[m[37m[ 63.08[37m[ 64.104640 ax_runtime:265] [32mInitialize platform devices...[m
[m[37m[ 64.158705 someboot::arch::power:23] [32mPower management method : SMC[m
[m[37m[ 64.159347 somehal::driver:5] [32mIn[37m[ 64.473920 ax_task::api:149] [32mInitialize scheduling...[m
[m[37m[ 64.474488 ax_task::api:154] [32m  use FIFO scheduler.[m
[m[37m[ 64.475000 ax_runtime:291] [32mInitialize in[37m[ 64.476929 ax_runtime::devices:2] [32mProbe platform devices...[m
[m[37m[ 64.574022 ax_driver::soc::scmi:55] [33m[scmi] SCMI shmem phandle 71 cannot be resolved by rdrive; using RK3588 shmem fal[m
[m[37m[ 64.579995 rockchip_soc::variants::rk3588::cru:247] [32m✓ CRU@fd7c0000: Clock configuration verified[m
[m[37m[ 64.580875 ax_driver::soc::rockchip::cru::rk3588:79] [32mRK3588 CRU clock/reset registered successfully[m
[m[37m[ 64.582929 ax_driver::soc::rockchip::pm:61] [32mRockchip power-domain provider registered successfully[m
[m[37m[ 64.620457 ax_driver::soc::rockchip::pinctrl:239] [32mRockchip RK3588 pinctrl registered successfully[m
[m[37m[ 65.057754 ax_driver::soc::fixed_regulator:70] [32mFixed regulator vcc5v0_host enabled via pinctrl[m
[m[37m[ 65.152077 ax_driver::soc::fixed_regulator:70] [32mFixed regulator vcc3v3_pcie_eth enabled via pinctrl[m
[m[37m[ 65.197595 ax_driver::soc::fixed_regulator:70] [32mFixed regulator wifi_disable enabled via pinctrl[m
[m[37m[ 65.260317 ax_driver::block::rockchip::sd:218] [32m[mmc@fe2c0000] vqmmc-supply phandle Phandle(283) is not a fixed GPIO regulator; skip pinctrl enable[m
[m[37m[ 65.261611 ax_driver::soc::scmi:124] [32mSCMI clock enabled: clock_id=0x17[m
[m[37m[ 65.262275 ax_driver::block::rockchip::clock:53] [32m[mmc@fe2c0000] enabled SDMMC SCMI clock Some("biu") (0x17)[m
[m[37[m[37m[ 65.263884 ax_driver::blhip::clock:53] [32m[mmc@fe2c0000] enabled SDMMC SCMI clock Some100] [32m[mmc@fe2c0000] enabled SDMMC clock Some("ciu-drive") (0x2c2)[m
[m[37m[ 65.265802 ax_driver::block::rockchip::clock:100] [32m[mmc@fe2c0000] enabled SDMMC clock Some("ciu-sample") (0x2c3)[m
[m[37m[ 65.266796 ax_driver::block::rockchip::sd:129] [32mrockchip-dwmmc probe: 69496 ax_driver::block::rockchip::sd:142] [32mrockchip-dwmmc: using ciu reference clock 49500000 Hz[m
[m[37m[ 65.270483 ax_driver::block::rockchip::sd::phase:43] [32mrockchip-dwmmc: RK3588 SDMMC phase configured: drive=90deg sample=0deg parent=495000[37m[ 65.283990 sdmmc_protocol::sdio::init:487] [32msdio: submit bus op SwitchVoltage(V330)[m
[m[37m[ 65.284748 sdmmc_protocol::sdio::init:449] [32msdio: submit bus op SetBusWidth(Bit1)[m
[m[37m[ 65.285489 sdmmc_protocol::sdio::init:449] [32msdio: submit bus op SetClock(Identification)[m
[m[37m[ 65.286293 ax_driver::soc::scmi:149] [32mSCMI clock rate set: clock_id=0x9, rate=800000 Hz[m
[m[37m[ 65.287082 ax_driver::soc::scmi:95] [32mSCMI clock rate get: clock_id=0x9, rate=800000 Hz[m
[m[37m[ 65.287856 ax_driver::block::rockchip::sd:91] [32mrockchip-dwmmc: ciu clock set target=400000 Hz cclkin=800000 Hz bus=400000 Hz[m
[m[37m[ 65.320895 sdmmc_protocol::sdio::init:695] [32msdio: detected Sd ocr=0xc0ff8000[m
[m[37m[ 65.322945 sdmmc_protocol::sdio::init:849] [32msdio: CSD capacity_blocks=Some(62333952)[m[37m[ 65.324020 sdmmc_protocol::sdio::init:863] [32msdio: switch SD bus width to 4-bit[m
[m[37m[ 65.325360 sdmmc_protocol::sdio::init:449] [32msdio: submit bus op SetBusWidth(Bit4)[m
[m[37m[ 65.326103 sdmmc_protocol::sdio::init:449] [32msdio: submit bus op SetClock(Default)[m
[m[37m[ 65.326852 ax_driver::soc::scmi:149] [32mSCMI clock rate set: clock_id=0x9, rate=50000000 Hz[m
[m[37m[ 65.327656 ax_driver::soc::scmi:95] [32mSCMI clock rate get: clock_id=0x9, rate=49500000 Hz[m
[m[37m[ 65.328445 ax_driver::block::rockchip::sd:91] [32mrockchip-dwmmc: ciu clock set target=25000000 Hz cclkin=49500000 Hz bus=24750000 Hz[m
[m[37m[ 65.332214 ax_driver::soc::scmi:149] [32mSCMI clock rate set: clock_id=0x9, rate=100000000 Hz[m
[m[37m[ 65.333023 ax_driver::soc::scmi:95] [32mSCMI clock rate get: clock_id=0x9, rate=99000000 Hz[m
[m[37m[ 65.333814 ax_driver::block::rockchip::sd:91] [32mrockchip-dwmmc: ciu clock set target=50000000 Hz m
[m[37m[ 65.339725 ax_driver::block::rockchip::sd::phase:67] [32mrockchip-dwmmc: sample phase probe 0deg: block0_ok=true mb00, 00, 00, 00, 00, 00, 00, 00, 00, 00, 00, 00] block1_ok=true gpt_head=[45, 46, 49, 20, 50, 41,588 SDMMC sample phase 0deg[m
[m[37m[ 65.342866 ax_driver::block::rockchip::sd:199] [32mrockchip-sd block device registered[37m[ 65.344427 ax_driver::block::rockchip::clock:100] [32m[mmc@fe2e0000] enabled SDHCI clock Some("core") (0x13a)[m
[m[37m[ 65.345363 ax_driver::block::rockchip::clock:100] [32m[mmc@febled SDHCI clock Some("bus") (0x138)[m
[m[37m[ 65.346286 ax_driver::block::rockchip::clock:100] [32m[mmc@fe2e0000] enabled SDHCI clock Some("axi") (0x139)[m
[m[37m[ 65.347214 ax_drivedhci_rk3588:176] [32mrockchip-sdhci: using external CRU clock[::block::rockchip::sdhci_rk3588:185] [32mrockchip-sdhci: initialize card through native host2 bus ops[m
[m[37m[ 65.352132 sdmmc_protocol::sdio::init:487] [32msdio: submit bus op ResetAllowerOn[m
[m[37m[ 65.364474 sdmmc_protocol::sdio::init:487] [32msdio: submit bus op SwitchVoltage(V330)[m
[m[37m[ 65.365245 sdmmc_protocol::sdio::init:449] [32msdio: submit bus op SetBusWidth(Bit1).365986 sdmmc_protocol::sdio::init:449] [32msdio: submit bus op SetClock(Identification)[m
[m[37m[ 65.366793 ax_driver::block::rockchip::sdhci_rk3588:118] [32mrockchip-sdhci: core clock set to 375000 Hz[m
[m[37m[ 65.418563 sdmmc_protocol::sdio::init:780] [32msdio: detected Mmc ocr=0xc0ff8080[m
[m[37m[ 65.420707 sdmmc_protocol::sdio::init:849] [32msdio: CSD capacity_blocks=None[m
[m[37m[ 65.433117 sdmmc_protocol::sdio::init:950] [32msdio: EXT_CSD sector_count=122224640[m
[m[37m[ 65.434518 ax_driver::block::rockchip::sdhci_rk3588:118] [32mrockchip-sdhci: core clock set to 25000000 Hz[m
[m[37m[ 65.435475 ax_driver::block::rockchip::sdhci_rk3588:118] [32mrockchip-sdhci: core clock set to 50000000 Hz[m
[m[37m[ 65.436388 sdmmc_protocol::sdio::init:1210] [32msdio: MMC speed selected HighSpeed bus_width=Bit8[m
[m[37m[ 65.437227 sdmmc_protocol::sdio::init:1463] [32msdio: init done kind=Mmc sd_v2=false high_capacity=true rca=0x1 ocr=0xc0ff8080 host_bus_width=Bit8 ext_csd_bus_width=Some(Sdr1) ext_csd_timing=Some(Compat)[m
[m[37m[ 65.438870 ax_driver::block::rockchip::sdhci_rk3588:191] [32mSDHCI card: kind=Mmc high_capacity=true rca=1 ocr=0xc0ff8080 capacity_blocks=Some(122224640) cid=true ext_csd=true[m
[m[37m[ 65.440399 ax_driver::block::rockchip::sdhci_rk3588:208] [32mrockchip-sdhci block device registered irq=None[m
[m[37m[ 65.441437 ax_runtime::irq:120] [32mregistered rockchip-sd/0 irq IrqId { domain: IrqDomainId(7), hwirq: HwIrq(235) }[m
[m[37m[ 65.442439 ax_fs_ng::block::runtime::device:1359] [33mrdif filesystem block device rockchip-sd registered with IRQ-driven completion[m
[m[37m[ 65.443537 ax_fs_ng::block::runtime::device:1361] [32mregistered rdif filesystem block device rockchip-sd[m
[m[37m[ 65.444486 ax_runtime::irq:120] [32mregistered rockchip-sdhci/0 irq IrqId { domain: IrqDomainId(7), hwirq: HwIrq(237) }[m
[m[37m[ 65.445490 ax_fs_ng::block::runtime::device:1359] [33mrdif filesystem block device rockchip-sdhci registered with IRQ-driven completion[m
[m[37m[ 65.446612 ax_fs_ng::block::runtime::device:1361] [32mregistered rdif filesystem block device rockchip-sdhci[m
[m[37m[ 65.482695 ax_fs_ng::root:256] [32m    partition 1 name=Some("bootfs") fs=Some(Fat) lba 61440..2158592[m
[m[37m[ 65.483834 ax_fs_ng::root:256] [32m    partition 2 name=None fs=Some(Ext4) lba 2158592..61702144[m
[m[37m[ 65.484665 ax_fs_ng::root:272] [32m  block device 0 (rockchip-sd) has Gpt partition table with 2 partitions[m
[m[37m[ 65.501147 ax_fs_ng::root:256] [32m    partition 1 name=Some("uboot") fs=None lba 8192..16384[m
[m[37m[ 65.502212 ax_fs_ng::root:256] [32m    partition 2 name=Some("misc") fs=None lba 16384..24576[m
[m[37m[ 65.503245 ax_fs_ng::root:256] [32m    partition 3 name=Some("bootctrl") fs=None lba 24576..28672[m
[m[37m[ 65.504317 ax_fs_ng::root:256] [32m    partition 4 name=Some("resource") fs=None lba 28672..40960[m
[m[37m[ 65.505275 ax_fs_ng::root:256] [32m    partition 5 name=Some("boot_linux") fs=Some(Ext4) lba 40960..237568[m
[m[37m[ 65.506441 ax_fs_ng::root:256] [32m    partition 6 name=Some("ramdisk") fs=None lba 237568..245760[m
[m[37m[ 65.507454 ax_fs_ng::root:256] [32m    partition 7 name=Some("system") fs=Some(Ext4) lba 245760..4440064[m
[m[37m[ 65.508508 ax_fs_ng::root:256] [32m    partition 8 name=Some("vendor") fs=Some(Ext4) lba 4440064..6537216[m
[m[37m[ 65.509527 ax_fs_ng::root:256] [32m    partition 9 name=Some("sys-prod") fs=Some(Ext4) lba 6537216..6639616[m
[m[37m[ 65.510564 ax_fs_ng::root:256] [32m    partition 10 name=Some("chip-prod") fs=Some(Ext4) lba 6639616..6742016[m
[m[37m[ 65.511708 ax_fs_ng::root:256] [32m    partition 11 name=Some("updater") fs=None lba 6742016..6807552[m
[m[37m[ 65.512756 ax_fs_ng::root:256] [32m    partition 12 name=Some("eng_system") fs=None lba 6807552..6840320[m
[m[37m[ 65.513817 ax_fs_ng::root:256] [32m    partition 13 name=Some("eng_chipset") fs=None lba 6840320..6873088[m
[m[37m[ 65.514885 ax_fs_ng::root:256] [32m    partition 14 name=Some("chip_ckm") fs=None lba 6938624..7069696[m
[m[37m[ 65.516057 ax_fs_ng::root:256] [32m    partition 15 name=Some("userdata") fs=None lba 19955712..122224576[m
[m[37m[ 65.516959 ax_fs_ng::root:272] [32m  block device 1 (rockchip-sdhci) has Gpt partition table with 15 partitions[m
[m[37m[ 65.517934 ax_fs_ng::root:382] [32m  matched root by device path on disk0 partition 2 (<unnamed>, fs=ext4, lba 2158592..61702144)[m
[m[37m[ 65.519014 ax_fs_ng:75] [32mInitialize filesystem subsystem...[m
[m[37m[ 65.519586 ax_fs_ng:76] [32m  selected root device: disk0 partition 2 (<unnamed>, fs=ext4, lba 2158592..61702144)[m
[m[37m[ 65.545588 rsext4::ext4::mount:327] [32m/lost+found exists (superblock hint inode=11)[m
[m[37m[ 65.547305 rsext4::ext4::mount:462] [32mExt4 filesystem mounted[m
[m[37m[ 65.547885 rsext4::ext4::mount:463] [32m
[m[37m[ 65.548492 rsext4::ext4::mount:464] [32m  - total blocks: 7442944[m
[m[37m[ 65.549092 rsext4::ext4::mount:465] [32m  - free blocks: 5965129[m
[m[37m[ 65.549685 rsext4::ext4::mount:466] [32m  - total inodes: 1845888[m
[m[37m[ 65.550284 rsext4::ext4::mount:467] [32m  - free inodes: 1796842[m
[m[37m[ 65.550877 rsext4::ext4::sync:13] [32mSyncing filesystem...[m
[m[37m[ 65.561857 rsext4::ext4::mount:546] [32mExt4 filesystem mounted[m
[m[37m[ 65.562462 ax_fs_ng:88] [32m  filesystem type: "ext4"[m
[m[37m[ 65.573581 ax_fs_ng::root:518] [32m  mounting partition disk0 partition 1 (bootfs, fs=fat, lba 61440..2158592) at /boot[m
[m[37m[ 65.575750 ax_runtime::mp:79] [32mSecondary CPU 1 started.[m
[m[37m[ 65.577199 ax_runtime::mp:79] [32mSecondary CPU 2 started.[m
[m[37m[ 65.577672 ax_runtime::mp:107] [32mSecondary CPU 1 init OK.[m
[m[37m[ 65.579027 ax_runtime:336] [32mPrimary CPU 0 init OK.[m
[m[37m[ 65.579027 ax_runtime::mp:79] [32mSecondary CPU 3 started.[m
[m[37m[ 65.579838 ax_runtime::mp:107] [32mSecondary CPU 2 init OK.[m
[m[37m[ 65.582941 ax_runtime::mp:107] [32mSecondary CPU 3 init OK.[m
[m

       d8888            888     888  d8b
      d88888            888     888  Y8P
     d88P888            888     888
    d88P 888  888  888  Y88b   d88P  888  .d8888b    .d88b.   888d888
   d88P  888  `Y8bd8P'   Y88b d88P   888  88K       d88""88b  888P"
  d88P   888    X88K      Y88o88P    888  "Y8888b.  888  888  888
 d8888888888  .d8""8b.     Y888P     888       X88  Y88..88P  888
d88P     888  888  888      Y8P      888   88888P'   "Y88P"   888


by AxVisor Team

[37m[ 65.587178 0:2 axvisor:57] [32mStarting virtualization...[m
[m[37m[ 65.587718 0:2 axvm::host::arceos:230] [32mEnabling hardware virtualization support on all cores...[m
[m[37m[ 65.588573 0:2 axvm::host::arceos:236] [32mCore 0 is initializing hardware virtualization support...[m
[m[37m[ 65.589435 0:2 axvm::timer:101] [32mInitializing AxVM timer wheel...[m
[m[37m[ 65.590061 0:2 axvm::host::arceos:238] [32mHardware virtualization support enabled on core 0[m
[m[37m[ 65.591884 1:11 axvm::host::arceos:248] [32mCore 1 is initializing hardware virtualization support...[m
[m[37m[ 65.592749 1:11 axvm::timer:101] [32mInitializing AxVM timer wheel...[m
[m[37m[ 65.593250 2:12 axvm::host::arceos:248] [32mCore 2 is initializing hardware virtualization support...[m
[m[37m[ 65.593381 1:11 axvm::host::arceos:251] [32mHardware virtualization support enabled on core 1[m
[m[37m[ 65.595000 3:13 axvm::host::arceos:248] [32mCore 3 is initializing hardware virtualization support...[m
[m[37m[ 65.594250 2:12 axvm::timer:101] [32mInitializing AxVM timer wheel...[m
[m[37m[ 65.595929 3:13 axvm::timer:101] [32mInitializing AxVM timer wheel...[m
[m[37m[ 65.596561 2:12 axvm::host::arceos:251] [32mHardware virtualization support enabled on core 2[m
[m[37m[ 65.597191 3:13 axvm::host::arceos:251] [32mHardware virtualization support enabled on core 3[m
[m[37m[ 65.594997 0:2 axvm::host::arceos:264] [32mWaiting for all cores to enable hardware virtualization...[m
[m[37m[ 65.599690 0:2 axvm::arch::aarch64::gic:59] [32mUsing per-CPU GICv3 system registers for virtual IRQs[m
[m[37m[ 65.683115 0:2 axvm::arch::aarch64::gic:175] [32mAArch64 host virtual-timer PPI 27 is available for guest forwarding[m
[m[37m[ 65.684098 0:2 axvm::host::arceos:280] [32mAll cores have enabled hardware virtualization support.[m
[m[37m[ 65.686472 0:2 axvisor::manager:133] [32mNOT find dir: /guest/vm_default in filesystem[m
[m[37m[ 65.687234 0:2 axvisor::config:94] [32mUsing static VM configs.[m
[m[37m[ 65.761367 0:2 axvm::arch::aarch64::fdt::core::parser:386] [32mCPU node: /cpus/cpu@0, node_id: 0x0, guest_cpu_id: 0x0[m
[m[37m[ 65.762377 0:2 axvm::arch::aarch64::fdt::core::parser:386] [32mCPU node: /cpus/cpu@100, node_id: 0x100, guest_cpu_id: 0x100[m
[m[37m[ 65.763426 0:2 axvm::arch::aarch64::fdt::core::parser:386] [32mCPU node: /cus/cpu@200, node_id: 0x200, guest_cpu_id: 0x200[m
[m[37m[ 65.764473 0:2 axvm::arch::aarch64::fdt::core::parser:386] [32mCPU node: /cpus/cpu@300, node_id: 0x300, guest_cpu_id: 0x300[m
[m[37m[ 65.765520 0:2 axvm::arch::aarch64::fdt::core::parser:386] [32mCPU node: /cpus/cpu@400, node_id: 0x400, guest_cpu_id: 0x400[m
[m[37m[ 65.766570 0:2 axvm::arch::aarch64::fdt::core::parser:386] [32mCPU node: /cpus/cpu@500, node_id: 0x500, guest_cpu_id: 0x500[m
[m[37m[ 65.767622 0:2 axvm::arch::aarch64::fdt::core::parser:386] [32mCPU node: /cpus/cpu@600, node_id: 0x600, guest_cpu_id: 0x600[m
[m[37m[ 65.768670 0:2 axvm::arch::aarch64::fdt::core::parser:386] [32mCPU node: /cpus/cpu@700, node_id: 0x700, guest_cpu_id: 0x700[m
[m[37m[ 65.781659 0:2 axvm::arch::aarch64::fdt::core::parser:393] [32mFound 8 host CPU nodes[m
[m[37m[ 65.782416 0:2 axvm::a[37m[ 89.483617 0:2 axvisor::config:139] [32mCreating VM[1] "starry-ort-ivc-orangepi"[m
[m[37m[ 89.484370 0:2 axvm::vm:637[37m[ 89.980998 0:2 axvisor::config:151] [32mVM[1] created success, loading images...[m
[m[37m[ 92.088444 0:2 axdevice::device:1350] [32mAxVmDevices: registered device id=0[m
[m[37m[ 92.089135 0:2 axdevice::devic] [32mAxVmDevices: registered device id=1[m
[m[37m[ 92.09073579 0:2 axdevice::device:1350] =3[m
[m[37m[ 92.094263 0:2 a8] [32mvirtio-blk 'virtio-blk-s (167772160 bytes)[m
[m[37m[ 92.095431 0:2 axdevice::device:1350] [32mAxVmDevices: registered device id=4[m
[m[37m[ 92.6 0:2 axdevice::device:576] [32itialized at GPA 0xa001000 IRQ 56 segment 1 header mode Negotiatm[ 92.099277 0:2 axdevice::devic[32mAxVmDevices: registered device id=7[m
[m[37m[ 92.100654ered device id=8[m
[m[37m[ 92.101373 0:2 axvm::vm::prepare:101] [32mVM setup: id=1[m
[m[37m[ 92.168332 0:2 axvm::arch::aarch64::fdt::core::parser:386] [32mCPU node: /cpus/cpu@0, node_id: 0x0, guest_cpu_id: 0x0[m::fdt::core::parser:386] [32mCPU node: /cpus/cpu@400, node_id: 0 0:2 axvm::arch::aarch64::fdt::core::parser:386] [32mCPU node: /cpus/cpu@500, node_id: 0x500, guest_cpu_id: 0x500[m
[m[37m[ 92.174589 0:2 axvm::arch::aarch64::fdt::core::parser:386] [32mCPU node: /cpus/cpu@600, node_id: 0x600, guest_cpu_id: 0x600[m
[m[37m[ 92.175637 0:2 axvm::arch::aarch64::fdt::core::parser:386] [32mCPU node: /cpus/cpu@700, node_id: 0x700, guest_cpu_id: 0x700[m
[m[37m[ 92.184379 0:2 axvm::arch::aarch64::fdt::core::parser:393] [32mFound 8 host CPU nodes[m
[m[37m[ 92.185129 0:2 axvm::aconfiguration[m
[m[37m[ 92.291558 0:2 axvm::arch::aarch64::fdt::core::device:96] [32mFound excluded devices: [][m
[m[37m[ 92.330349 0:2 axvisor::config:139] [32mCreating VM[2] "zephyr-ivc-orangepi"[m
[m[37m[ 92.331062 0:2 axvm::vm:637] [32mVM created: id=2[m
[m[37m[ 92.579631 0:2 axvisor::config:151] [32mVM[2] created success, loading images...[m
[m[37m[ 92.581508 0:2 axdevice::device:1350] [32mAxVmDevices: registered device id=0[m
[m[37m[ 92.582196 0:2 axdevice::device:336] [32mGPPT Distributor initialized with base GPA 0x8000000 and length 0x10000[m
[m[37m[ 92.583158 0:2 axdevice::device:ce:1350] [32mAxVmDevices: regisered device id=2[m
[m[37m[ 92.585583 0:2 axdevice::device:576] [32mvirtio-net 'virtio-net-zephyr' initialized at GPA 0xa002000 IRQ 64 segment 1 header mode FixedTwelveByte (MAC 52:54:00:00:00:02)[m
[m[37m[ 92.586982 0:2 axdevice::device:1350] [32mAxVmDevices: registered device id=3[m
[m[37m[ 92.587666 0:2 axvm::arch::aarch64::vm:134] [32mAArch64 PL011 console 'pl011-zephyr' initialized at GPA 0x9000000 with length 0x1000[m
[m[37m[ 92.588781 0:2 axdevice::device:1350] [32mAxVmDevices: regxVmDevices: registered device id=6[m
[m[37m[ 92.590876 0:2 axvm::vm::prepare:101] [32mVM setup: id=2[m
[m[37m[ 92.591463 0:2 axvm::runtime:35] [32mInitializing VMM...[m
[m[37m[ 92.591991 0:2 axvm::runtime:40] [32mVMM starting, booting VMs...[m
[m[37m[ 92.592593 0:2 axvm::vm:824] [32mStarting VM[1][m
[m[37m[ 92.593059 0:2 axvm::runtime::vcpus:236] [32mSpawning task for VM[1] VCpu[0][m
[m[37m[ 92.593754 0:2 axvm::runtime::vcpus:274] [32mVCpu task Task(14, "VM[1]-VCpu[0]") created cpumask: [1, ], initial CPU 1[[37m[ 92.594779 0:2 axvm::runtime:48] [32mVM[1] boot success[m
[m[37m[ 92.595298 0:2 axvm::vm:824] [32mStarting VM[2][m
[m[37m[ 92.595764 0:2 axvm::runtime::vcpus:236] [32mSpawning5 1:14 axvm::runtime::vcpus:332] [32mVM[1] VCpu[0] waiting for running[m
[m[37m[ 92.596455 0:2 axvm::runtime::vcpus:274] [32mVCpu task Task(15, "VM[2]-VCpu[0]") created cpumask: [0, ], initial CPU 0[m
[m[37m[ 92.597153 1:14 axvm::runtime::vcpus:335] [32mVM[1] VCpu[0] running...[m
[m[37m[ 92.598166 0:2 axvm::runtime:48] [32mVM[2] boot success[m
[m[37m[ 92.598790 1:14 axvm::arch::aarch64::gic:361] [33mVirtual interrupt interface not enabled, enabling now[muntime::vcpus:332] [32mVM[2] VCpu[0] waiting for running[m
[m[37m[ 92.600196 1:14 axvm::runtime::vcpus:337] [32mVM[1] VCpu[0] first-run architecture setup complete[m
[m[37m[ 92.600901 0:15 axvm::runtime::vcpus:335] [32mVM[2] VCpu[0] running...[m
[m[37m[ 92.602379 0:15 axvm::arch::aarch64::gic:361] [33mVirtual interrupt interface not enabled, enabling now[m
[m[37m[ 92.603263 0:15 axvm::runtime::vcpus:337] [32mVM[2] VCpu[0] first-run architecture setup complete[m
[m[guest-console:pl011-zephyr] *** Booting Zephyr OS build v4.3.0 ***
[guest-console:pl011-zephyr] IVC-RTOS-SELFTEST PASS vector=rust-wire-v1
[guest-console:pl011-starry] console=ttyAMA0,115200 earlycon=pl011,0x09000000 root=/dev/vda rw fsck.repair=yes
[guest-console:pl011-starry] VM Load @0x80200000
[guest-console:pl011-starry] VM Load Offset: 0x100200000
[guest-console:pl011-starry] Memory Map:
[guest-console:pl011-starry]   Free   0x00000080000000 - 0x00000080200000 (2 MiB)
[guest-console:pl011-starry]   KImg   0x00000080200000 - 0x00000081000000 (14 MiB)
[guest-console:pl011-starry]   Free   0x00000081000000 - 0x00000090000000 (240 MiB)
[guest-console:pl011-starry] Initialize RAM allocator: 0x81000000..0x90000000
[guest-console:pl011-starry] Initializing per-CPU data
[guest-console:pl011-starry] Per-CPU data one cpu size: 0x41000 bytes
[guest-console:pl011-starry] Total per-CPU data size for secondary CPUs: 0x82000 bytes (2 CPUs)
[guest-console:pl011-starry] Flushed RAM used range to memory map: 0x81000000..0x81001000, current: 0x81001000
[guest-console:pl011-starry] Flushed RAM used range to memory map: 0x81001000..0x81083000, current: 0x81083000
[guest-console:pl011-starry] Per-CPU data allocated at 0x81001000 - 0x81083000
[guest-console:pl011-starry] Initializing per-CPU RAM for CPU0 - hard id 0x100 @ 0x81001000
[guest-console:pl011-starry] Initializing per-CPU RAM for CPU1 - hard id 0x200 @ 0x81042000
[guest-console:pl011-starry] CPU0 - hard id 0x100, stack top @0x81042000, stack top virt @0xffffff0081042000, entry virt @0xffff[guest-console:pl011-starry] CPU1 - hard id 0x200, stack top @0x81083000, stack top virt @0xffff[guest-console:pl011-starry] Map
[guest-console:pl011-starry] Ram                 : [0xffff000080000000, 0xffff000090000000) -> [0x0000000080000000, 0x0000000090000000) (256 MiB)
[guest-console:pl011-starry] KImage              : [0xffffffff80000000, 0xffffffff80e00000) -> [0x0000000080200000, 0x0000000081000000) (14 MiB)
[guest-console:pl011-starry] PerCpu              : [0xffffff0081001000, 0xffffff0081083000) -> [0x0000000081001000, 0x0000000081083000) (520 KiB)
[guest-console:pl011-starry] Debug serial        : [0xffff000009000000, 0xffff000009001000) -> [0x0000000009000000, 0x0000000009 table at physical address: 0x81083000
[guest-console:pl011-starry] Setting up table registers...
[guest-console:pl011-starry] MMU Entry point at physical address: 0x805679b0
[guest-console:pl011-starry] Trap vector at 0xffffffff80360800
[guest-console:pl011-starry] Memory Map:
[guest-console:pl011-starry]   MMIO   0x00000009000000 - 0x00000009001000 (4 KiB)
[guest-console:pl011-starry]   Free   0x00000080000000 - 0x00000080200000 (2 MiB)
[guest-console:pl011-starry]   KImg   0x00000080200000 - 0x00000081000000 (14 MiB)
[guest-console:pl011-starry]   Rsv    0x00000081000000 - 0x00000081001000 (4 KiB)
[guest-console:pl011-starry]   PerCPU 0x00000081001000 - 0x00000081083000 (520 KiB)
[guest-console:pl011-starry]   Rsv    0x00000081083000 - 0x0000008108d000 (40 KiB)
[guest-console:pl011-starry]   Free   0x0000008108d000 - 0x00000090000000 (239.45 MiB)
[guest-console:pl011-starry] Jumping to main entry point at 0xffffffff8034f05c with SP 0xffffff0081042000
[guest-console:pl011-starry] 
[guest-console:pl011-starry]        d8888                            .d88888b.   .d8888b.
[guest-console:pl011-starry]       d88888                           d88P" "Y88b d88P  Y88b
[guest-console:pl011-starry]      d88P888                           888     888 Y88b.
[guest-console:pl011-starry]     d88P 888 888d888  .d8888b  .d88b.  888     888  "Y888b.
[guest-console:pl011-starry]    d88P  888 888P"   d88P"    d8P  Y8b 888     888     "Y88b.
[guest-console:pl011-starry]   d88P   888 888     888      88888888 888     888       "888
[guest-console:pl011-starry]  d8888888888 888     Y88b.    Y8b.     Y88b. .d88P Y88b  d88P
[guest-console:pl011-starry] d88P     888 888      "Y8888P  "Y8888   "Y88888P"   "Y8888P"
[guest-console:pl011-starry] 
[guest-console:pl011-starry] arch = aarch64
[guest-console:pl011-starry] platform = AxVisor Orange Pi 5 Plus IVC StarryOS guest
[guest-console:pl011-zephyr] IVC-RTOS-NET mac=52:54:00:00:00:02 expected=52:54:00:00:00:02
[guest-console:pl011-starry] target = aarch64-unknown-none-softfloat
[guest-console:pl011-starry] build_mode = 
[guest-console:pl011-starry] log_level = info
[guest-console:pl011-zephyr] IVC-RTOS-READY bind=10.0.0.2:5500 mac=52:54:00:00:00:02 window_bits=64 ack_loss_drop_every=0 expected_commands=1800 expected_protocol_errors=0 exit_after_expected=1
[guest-console:pl011-starry] backtrace = false
[guest-console:pl011-starry] smp = 2
[guest-console:pl011-starry] 
[guest-console:pl011-starry] [37m[  0.782719 ax_runtime:213] [32mLogging is enabled.[m
[guest-console:pl011-starry] [m[37m[  0.784619 ax_runtime:214] [32mPrimary CPU 0 started, arg = 0x81000000.[m
[guest-console:pl011-starry] [m[37m[  0.787088 ax_runtime:216] [32mFound physcial memory regions:[m
[guest-console:pl011-starry] [m[37m[  0.789361 ax_runtime:218] [32m  [PA:0x9000000, PA:0x9001000) mmio (READ | WRITE | DEVICE | RESERVED)[m
[guest-console:pl011-starry] [m[37m[  0.792608 ax_runtime:218] [32m  [PA:0x80000000, PA:0x80200000) free memory (READ | WRITE | FREE)[m
[guest-console:pl011-starry] [m[37m[  0.795751 ax_runtime:218] [32m  [PA:0x80200000, PA:0x81000000) reserved (READ | WRITE | EXECUTE | RESERVED)[m
[guest-console:pl011-starry] [m[37m[  0.799183 ax_runtime:218] [32m  [PA:0x81000000, PA:0x81001000) reserved (READ | WRITE | EXECUTE | RESERVED)[m
[guest-console:pl011-starry] [m[37m[  0.802610 ax_runtime:218] [32m  [PA:0x81001000, PA:0x81083000) reserved (READ | WRITE | EXECUTE | RESERVED)[m
[guest-console:pl011-starry] [m[37m[  0.806037 ax_runtime:218] [32m  [PA:0x81083000, PA:0x8108d000) reserved (READ | WRITE | EXECUTE | RESERVED)[m
[guest-console:pl011-starry] [m[37m[  0.809473 ax_runtime:218] [32m  [PA:0x8108d000, PA:0x90000000) free memory (READ | WRITE | FREE)[m
[guest-console:pl011-starry] [m[37m[  0.812615 ax_runtime:360] [32mInitialize global memory allocator...[m
[guest-console:pl011-starry] [m[37m[  0.815001 ax_runtime:361] [32m  use buddy-slab-allocator allocator.[m
[guest-console:pl011-starry] [m[37m[  0.817392 ax_alloc::buddy_slab:150] [32mInitialize global memory allocator, start_vaddr: 0xffff00008108d000, size: 0xef7[guest-console:pl011-starry] [m[37m[  0.821492 ax_alloc::buddy_slab:399] [32mglobal allocator initialized[m
[guest-console:pl011-starry] [m[37m[  0.823904 ax_alloc::buddy_slab:160] [32mAdd memory region, start_vaddr: 0xffff000080000000, size: 0x200000[m
[guest-console:pl011-starry] [m[37m[  0.827311 buddy_slab_allocator::global:143] [32mGlobalAllocator: skip region 0xffff000080000000+0x200000, no allocator-visible memory after 2097152 alignment[m
[guest-console:pl011-starry] [m[37m[  0.832042 ax_runtime:253] [32mkernel aspace: [VA:0xffff000000000000, VA:0xffffffffffffffff)[m
[guest-console:pl011-starry] [m[37m[  0.835052 ax_mm:92] [32mInitialize virtual memory management...[m
[guest-console:pl011-starry] [m[37m[  0.854435 ax_runtime:265] [32mInitialize platform devices...[m
[guest-console:pl011-starry] [m[37m[  0.857879 someboot::arch::power:23] [32mPower management method : HVC[m
[guest-console:pl011-starry] [m[37m[  0.860343 somehal::driver:5] [32mInitializing rdrive with FDT at 0xffff000081000000[m
[guest-console:pl011-starry] [m[37m[  0.876138 ax_task::api:149] [32mInitialize scheduling...[m
[guest-console:pl011-starry] [m[37m[  0.878321 ax_task::api:154] [32m  use Round-robin scheduler.[m
[guest-console:pl011-starry] [m[37m[  0.880541 ax_runtime:291] [32mInitialize interrupt handlers...[m
[guest-console:pl011-starry] [m[37m[  0.883609 ax_runtime::devices:2] [32mProbe platform devices...[m
[guest-console:pl011-starry] [m[37m[  0.886567 ax_driver::serial::pl011:22] [32mProbing PL011 serial device: serial@9000000[m
[guest-console:pl011-starry] [m[37m[  0.889549 ax_driver::serial::pl011:39] [32mPL011 serial@0xffff000009000000 registered successfully[m
[guest-console:pl011-starry] [m[37m[  0.893106 virtio_drivers::device::blk:63] [32mfound a block device of size 163840KB[m
[guest-console:pl011-starry] [m[37m[  0.896077 ax_driver::virtio::block:91] [32mregistered virtio block device[m
[guest-console:pl011-starry] [m[37m[  0.898866 virtio_drivers::device::net::dev_raw:33] [32mnegotiated_features Features(MAC | VERSION_1)[m
[guest-console:pl011-starry] [m[37m[  0.902465 ax_driver::virtio::net:407] [32mregistered virtio network device irq=None[m
[guest-console:pl011-starry] [mBoot at 1970-01-01 00:00:00.905328083 UTC
[guest-console:pl011-starry] 
[guest-console:pl011-starry] [37m[  0.907178 ax_runtime::irq:120] [32mregistered virtio-blk/0 irq IrqId { domain: IrqDomainId([guest-console:pl011-starry] [m[37m[  0.910774 ax_fs_ng::block::runtime::device:1359] [33mrdif filesystem block device virtio-blk registered with IRQ-driven completion[m
[guest-console:pl011-starry] [m[37m[  0.914840 ax_fs_ng::block::runtime::device:1361] [32mreg[guest-console:pl011-starry] [m[37m[  0.918728 ax_fs_ng::root:249] [32m    raw device fs=Some(Ext4)[m
[guest-console:pl011-starry] [m[37m[  0.921007 ax_fs_ng::root:280] [32m  block device 0 (virtio-blk) has no usable partition table; treating the whole disk as a candidate[m
[guest-console:pl011-starry] [m[37m[  0.925160 ax_fs_ng::root:389] [32m  matched root by raw device path on disk0 raw device[m
[guest-console:pl011-starry] [m[37m[  0.928095 ax_fs_ng:75] [32mInitialize filesystem subsystem...[m
[guest-console:pl011-starry] [m[37m[  0.930339 ax_fs_ng:76] [32m  selected root device: disk0 raw device[m
[guest-console:pl011-starry] [m[37m[  0.932997 rsext4::crc32c::arm64:54] [33mID_AA64ISAR0_EL1[19:16]: 0x1[m
[guest-console:pl011-starry] [m[37m[  0.935477 rsext4::crc32c::arm64:57] [33mHardware CRC32C support detected.[m
[guest-console:pl011-starry] [m[37m[  0.940559 rsext4::ext4::mount:340] [32m/lost+found exists (path resolution, repaired hint inode=11)[m
[guest-console:pl011-starry] [m[37m[  0.944476 rsext4::ext4::mount:462] [32mExt4 filesystem mounted[m
[guest-console:pl011-starry] [m[37m[  0.946757 rsext4::ext4::mount:463] [32m  - block size: 4096 bytes[m
[guest-console:pl011-starry] [m[37m[  0.949107 rsext4::ext4::mount:464] [32m  - total blocks: 40960[m
[guest-console:pl011-starry] [m[37m[  0.951377 rsext4::ext4::mount:465] [32m  - free blocks: 26245[m
[guest-console:pl011-starry] [m[37m[  0.953633 rsext4::ext4::mount:466] [32m  - total inodes: 16384[m
[guest-console:pl011-starry] [m[37m[  0.955904 rsext4::ext4::mount:467] [32m  - free inodes: 16316[m
[guest-console:pl011-starry] [m[37m[  0.958152 rsext4::ext4::sync:13] [32mSyncing filesystem...[m
[guest-console:pl011-starry] [m[37m[  0.962401 rsext4::ext4::mount:546] [32mExt4 filesystem mounted[m
[guest-console:pl011-starry] [m[37m[  0.964726 ax_fs_ng:88] [32m  filesystem type: "ext4"[m
[guest-console:pl011-starry] [m[37m[  0.968246 ax_net:189] [3[guest-console:pl011-starry] [m[37m[  0.970654 ax_net:209] [32m  use NIC 0: "virtio-net"[m
[guest-console:pl011-starry] [m[37m[  0.972961 ax_runtime::irq:120] [32mregistered eth0 irq IrqId { domain: IrqDomainId(7), hwirq: HwIrq(56) }[m
[guest-console:pl011-starry] [m[37m[  0.976398 ax_net:235] [32meth0:[m
[guest-console:pl011-starry] [m[37m[  0.977857 ax_net:236] [32m  id:   2[m
[guest-console:pl011-starry] [m[37m[  0.979419 ax_net:237] [32m  mac:  52-54-00-00-00-01[m
[guest-cony] [m[37m[  0.981406 ax_net:25[m
[guest-console:pl011-starry] [m[37m[  0.983051 ax_net:292] [32mDevice: lo[m
[guest-console:pl011-starry] [m[37m[  0.984672 ax_net:292] [32mDevice: eth0[m
[guest-console:pl011-starry] [m[37m[  0.986377 ax_net::service:606] [32meth0: DHCP enabled[m
[guest-console:pl011-starry] [m[37m[  2.992049 ax_net:937] [33mDHCP bootstrap timed out[m
[37m[ 95.096648 1:14 axvm::archf804adc78, tracepoint_data_end: 0xffffffff804adcd8[m
[guest-console:pl011-starry] [m[37m[  3.013225 0:2 ktracepoint:297] [32mtracepoint_data_len: 6[m
[guest-console:pl011-starry] [m[37m[  3.015380 0:2 ktracepoint:[guest-console:pl011-starry] [m[guest-console:pl011-starry] [m[guest-console:pl011-starry] [m[37m[  3.036734 0:2 starry_kernel::pseudofs::dev::tty::serial:343] [32mttyS0 registered: path=[guest-console:pl011-starry] [m[37m[  3.047196 0:2 starry_kernel::pseudofs:78] [32mMounted devfs at /dev[m
[guest-console:[guest-console:pl011-starry] [m[37m[  3.068182 0:2 starry_kern[guest-console:pl011-starry] [m[37m[  3.070754 0:2 starry_kern[guest-console:pl011-starry] [m[37m[  3.074653 0:2 starry_kernel::dyn_debug:64] [32mdebug_init: found 191 dynamic debug sites[guest-console:pl011-starry] [m[37m[  3.111240 0:2 starry_kernel::pseudofs:78] [32mMounted proc at /proc[m
[guest-console:pl011-starry] [m[37m[  3.114034 0:2 starry_kernel::pseudofs:78] [32mMounted sysfs at /sys[m
[guest-console:pl011-starry] [m[37m[  3.116689 0:2 starry_kernel::pseudofs:78] [32mMounted debug at /sys/kernel/debug[m
[guest-console:pl011-starry] [m[37m[  3.119511 0:2 starry_kernel::task::timer:329] [32mInitialize alarm...[m
[guest-console:pl011-starry] [mWelcome to [96m[1mStarry OS[0m!
[guest-console:pl011-starry] /bin/sh: env: not found
[guest-console:pl011-starry] 
[guest-console:pl011-starry] Use [1m[3mapk[0m to install packages.
[guest-console:pl011-starry] 
[guest-console:pl011-starry] STARRY_GROUPED_AUTORUN_INIT
[guest-console:pl011-starry] IVC-STARRY-BOOT mode=neural backend=onnxruntime fault_profile=none count=1800 period_ms=100 vcpus=2[guest-console:pl011-starry] IVC-STARRY-BOOT mode=neural backend=onnxruntime fault_profile=none count=1800 period_ms=100 vcpus=2[guest-console:pl011-starry] IVC-STARRY-BOOT mode=neural backend=onnxruntime fault_profile=none count=1800 period_ms=100 vcpus=2
[guest-console:pl011-starry] IVC-STARRY-BOOT mode=neural backend=onnxruntime fault_profile=none count=1800 period_ms=100 vcpus=2
[guest-console:pl011-starry] IVC-STARRY-BOOT mode=neural backend=onnxruntime fault_profile=none count=1800 period_ms=100 vcpus=2
[guest-console:pl011-starry] IVC-STARRY-NET iface=eth0 mac=unknown ip=10.0.0.1/24 peer=10.0.0.2 udp_port=5500 segment=1
[guest-console:pl011-starry] IVC-STARR[guest-console:pl011-starry] [0;93m1970-01-01 00:00:08.452428542 [W:onnxruntime:ivc-thermal-control, device_discovery.cc:132 Ge because filename ""virtio-gpu0"" dit not match expected pattern of [0-9a-f]+:[0-9a-f]+:[0-9a-f]+[.][0-9a-f]+[m
[guest-console:pl011-starry] IVC-CONTROLLER-START peer=10.0.0.2:5500 count=1800 policy=neural period_ms=100 session_id=3750683920 backend=onnxruntime ack_timeou[guest-console:pl011-zephyr] IVC-RTOS-READY bind=10.0.0.2:5500 mac=52:54:00:00:00:02 window_bits=64 ack_loss_drop_every=0 expected_commands=1800 expected_protocol_errors=0 exit_after_expected=1
[guest-console:pl011-zephyr] IVC-RTOS-READY bind=10.0.0.2:5500 mac=52:54:00:00:00:02 window_bits=64 ack_loss_drop_every=0 expect[guest-console:pl011-zephyr] IVC-RTOS-PROGRESS accepted=1 seq=1 mode=Neural actuator_permille=951 measured_milli_c=20266 duplicates=0 protocol_errors=0
[guest-console:pl011-starry] IVC-CONTROLLER-STATUS seq=1 mode=Ne[guest-console:pl011-zephyr] IVC-RTOS-PROGRESS accepted=100 seq=100 mode=Neural actuator_permille=558 measured_milli_c=36737 dup[guest-console:pl011-zephyr] IVC-RTOS-PROGRESS accepted=200 seq=200 mode=Neural actuator_permille=416 measured_milli_c=42034 duplicates=0 protocol_errors=0
[guest-console:pl011-starry] IVC-CONTROLLER-STATUS seq=200 mode=Neural actuator_permille=416 mea[guest-console:pl011-zephyr] IVC-RTOS-PROGRESS accepted=300 seq=300 mode=Neural actuator_permille=370 measured_milli_c=43706 duplicates=0 protocol_errors=0
[guest-console:pl011-starry] IVC-CONTROLLER-STATUS seq=300 mode=Neural actuator_permille=370 measured_milli_c=43706 setpoint_milli_c=45000
[guest-console:pl011-zephyr] IVC-RTOS-PROGRESS accepted=400 seq=400 mode=Neural actuator_permille=356 measured_milli_c=44236 dup[guest-console:pl011-starry] IVC-CONTROLLER-STATUS seq=400 mode=Neural actuator_permille=356 measured_milli_c=44236 setpoint_milli_c=45000
[guest-console:pl011-zephyr] IVC-RTOS-PROGRESS accepted=500 seq=500 mode=Neural actuator_permille=352 measured_milli_c=44403 duplicates=0 protocol_errors=0
[guest-console:pl011-starry] IVC-CONTROLLER-STATUS seq=500 mode=Neural actuator_permille=352 measured_milli_c=44403 setpoint_milli_c=45000
[guest-console:pl011-zephyr] IVC-RTOS-PROGRESS accepted=600 seq=600 mode=Neural actuator_permille=350 measured_milli_c=44455 duplicates=0 protocol_errors=0
[guest-console:pl011-starry] IVC-CONTROLLER-STATUS seq=600 mode=Neural actuator_permille=350 measured_milli_c=44455 setpoint_milli_c=45000
[guest-console:pl011-zephyr] IVC-RTOS-PROGRESS accepted=700 seq=700 mode=Neural actuator_permille=792 measured_milli_c=57383 dup[guest-console:pl011-starry] IVC-CONTROLLER-STATUS seq=700 mode=Neural actuator_permille=792 measured_milli_c=57383 setpoint_mil[guest-console:pl011-zephyr] IVC-RTOS-PROGRESS accepted=800 seq=800 mode=Neural actuator_permille=677 measured_milli_c=61671 dup[guest-console:pl011-starry] IVC-CONTROLLER-STATUS seq=800 mode=Neural actuator_permille=677 mea[guest-console:pl011-zephyr] IVC-RTOS-PROGRESS accepted=900 seq=900 mode=Neural actuator_permille=680 measured_milli_c=61758 dup[guest-console:pl011-zephyr] IVC-RTOS-PROGRESS accepted=1000 seq=1000 mode=Neural actuator_permille=659 measured_milli_c=62344 duplicates=0 protocol_errors=0
[guest-console:pl011-starry] IVC-CONTROLLER-STATUS seq=1000 mode=Neural actuator_permille=659 measured_milli_c=62344 setpoint_milli_c=65000
[guest-console:pl011-zephyr] IVC-RTOS-PROGRESS accepted=1100 seq=1100 mode=Neural actuator_permille=635 measured_milli_c=63239 derrors=0
[guest-console:pl011-starry] IVC-CONTROLLER-STATUS seq=1100 mode=Neural actuator_permille=635 measured_milli_c=63239 setpoint_mi[guest-console:pl011-zephyr] IVC-RTOS-PROGRESS accepted=1200 seq=1200 mode=Neural actuator_permille=627 measured_milli_c=63522 duplicates=0 protocol_errors=0
[guest-console:pl011-starry] IVC-CONTROLLER-STATUS seq=1200 mode=Neural actuator_permille=627 measured_milli_c=63522 setpoint_mi[guest-console:pl011-zephyr] IVC-RTOS-PROGRESS accepted=1300 seq=1300 mode=Neural actuator_permille=337 measured_milli_c=56277 duplicates=0 protocol_errors=0
[guest-console:pl011-starry] IVC-CONTROLLER-STATUS seq=1300 mode=Neural actuator_permille=337 measured_milli_c=56277 setpoint_milli_c=50000
[guest-console:pl011-zephyr] IVC-RTOS-PROGRESS accepted=1400 seq=1400 mode=Neural actuator_permille=373 measured_milli_c=52588 derrors=0
[guest-console:pl011-starry] IVC-CONTROLLER-STATUS seq=1400 mode=Neural actuator_permille=373 measured_milli_c=52588 setpoint_mi[guest-console:pl011-zephyr] IVC-RTOS-PROGRESS accepted=1500 seq=1500 mode=Neural actuator_permille=392 measured_milli_c=50710 d[guest-console:pl011-zephyr] IVC-RTOS-PROGRESS accepted=1600 seq=1600 mode=Neural actuator_permille=405 measured_milli_c=49771 duplicates=0 protocol_errors=0
[guest-console:pl011-starry] IVC-CONTROLLER-STATUS seq=1600 mode=Neural actuator_permille=405 measured_milli_c=49771 setpoint_milli_c=50000
[guest-console:pl011-zephyr] IVC-RTOS-PROGRESS accepted=1700 seq=1700 mode=Neural actuator_permille=414 measured_milli_c=49432 duplicates=0 protocol_errors=0
[guest-console:pl011-starry] IVC-CONTROLLER-STATUS seq=1700 mode=Neural actuator_permille=414 measured_milli_c=49432 setpoint_milli_c=50000
[guest-console:pl011-zephyr] IVC-RTOS-PROGRESS accepted=1800 seq=1800 mode=Neural actuator_permille=417 measured_milli_c=49325 duplicates=0 protocol_errors=0
[guest-console:pl011-zephyr] IVC-RTOS-OUTCOME profile=normal accepted=1800 applied=1800 duplicates=0 acks_dropped=0
[guest-console:pl011-starry] IVC-CONTROLLER-STATUS seq=1800 mode=Neural actuator_permille=417 measured_milli_c=49325 setpoint_milli_c=50000
[guest-console:pl011-zephyr] IVC-RTOS-MESSAGES status_sent=1800 acks_sent=1800 errors_sent=0 protocol_errors=0
[guest-console:pl011-zephyr] IVC-RTOS-OUTCOME profile=normal accepted=1800 applied=1800 duplicates=0 acks_dropped=0
[guest-console:pl011-zephyr] IVC-RTOS-MESSAGES status_sent=1800 acks_sent=1800 errors_sent=0 protocol_errors=0
[guest-console:pl011-zephyr] IVC-RTOS-RESULT profile=normal accepted=1800 applied=1800 duplicates=0 acks_dropped=0 status_sent=1800 acks_sent=1800 errors_sent=0[guest-console:pl011-starry] IVC-CONTROLLER-RAW path=/var/lib/ivc/raw.csv samples=1800
[guest-console:pl011-starry] IVC-CONTROLLER-OUTCOME policy=neural sent=1800 acknowledged=1800 errors=0 timeouts=0
[guest-console:pl011-starry] IVC-CONTROLLER-RELIABILITY retransmissions=0 recoveries=0 success_percent=100.000
[guest-console:pl011-starry] IVC-CONTROLLER-FULL-LOOP p50_us=7899 p95_us=11869 p99_us=12252 max_us=127742
[guest-console:pl011-starry] IVC-CONTROLLER-PRE-SEND p50_us=201 p95_us=224 p99_us=237 max_us=18013
[guest-console:pl011-starry] IVC-CONTROLLER-TRANSPORT p50_us=7679 p95_us=11661 p99_us=12001 max_us=109729 throughput_msg_s=9.993
[guest-console:pl011-starry] IVC-CONTROLLER-CONTROL rmse_milli_c=5932.484 iae_milli_c_s=686980.400 max_overshoot_milli_c=13428
[guest-console:pl011-starry] IVC-CONTROLLER-OUTCOME policy=neural sent=1800 acknowledged=1800 errors=0 timeouts=0
[guest-console:pl011-starry] IVC-CONTROLLER-RELIABILITY retransmissions=0 recoveries=0 success_percent=100.000
[guest-console:pl011-starry] IVC-CONTROLLER-FULL-LOOP p50_us=7899 p95_us=11869 p99_us=12252 max_us=127742
[guest-console:pl011-starry] IVC-CONTROLLER-PRE-SEND p50_us=201 p95_us=224 p99_us=237 max_us=18013
[guest-console:pl011-starry] IVC-CONTROLLER-TRANSPORT p50_us=7679 p95_us=11661 p99_us=12001 max_us=109729 throughput_msg_s=9.993
[guest-console:pl011-starry] IVC-CONTROLLER-CONTROL rmse_milli_c=5932.484 iae_milli_c_s=686980.400 max_overshoot_milli_c=13428
[guest-console:pl011-starry] IVC-CONTROLLER-RESULT policy=neural sent=1800 acknowledged=1800 errors=0 timeouts=0 retransmissions=0 recoveries=0 success_percent=100.000 full_loop_p50_us=7899 full_loop_p95_us=11869 full_loop_p99_us=12252 full_loop_max_us=127742 pre_send_p50_us=201 pre_send_p95_us=224 pre_send_p99_us=237 pre_send_max_us=18013 transport_p50_us=7679 transport_p95_us=11661 transport_p99_us=12001 transport_max_us=109729 throughput_msg_s=9.993 rmse_milli_c=5932.484 iae_milli_c_s=686980.400 max_overshoot_milli_c=13428
[guest-console:pl011-starry] IVC-ORT-CONTROL-RUNTIME version=1.25.0 provider=CPUExecutionProvider init_us=218217
[guest-console:pl011-starry] IVC-ORT-CONTROL-RESULT samples=1800 wall_p99_ns=174709
[guest-console:pl011-starry] IVC-ORT-CONTROL-RUNTIME version=1.25.0 provider=CPUExecutionProvider init_us=218217
[guest-console:pl011-starry] IVC-ORT-CONTROL-RESULT samples=1800 wall_p99_ns=174709
[guest-console:pl011-starry] IVC-ORT-CONTROL-RUNTIME version=1.25.0 provider=CPUExecutionProvider init_us=218217
[guest-console:pl011-starry] IVC-ORT-CONTROL-RESULT samples=1800 wall_p99_ns=174709
[guest-console:pl011-starry] IVC-ORT-CONTROL-RUNTIME version=1.25.0 provider=CPUExecutionProvider init_us=218217
[guest-console:pl011-starry] IVC-ORT-CONTROL-RESULT samples=1800 wall_p99_ns=174709
[guest-console:pl011-starry] IVC-ORT-CONTROL-RUNTIME version=1.25.0 provider=CPUExecutionProvider init_us=218217
[guest-console:pl011-starry] IVC-ORT-CONTROL-RESULT samples=1800 wall_p99_ns=174709
[guest-console:pl011-zephyr] IVC-RTOS-POWEROFF accepted=1800
[guest-console:pl011-zephyr] IVC-RTOS-POWEROFF accepted=1800
[guest-console:pl011-zephyr] IVC-RTOS-POWEROFF accepted=1800
[guest-console:pl011-zephyr] IVC-RTOS-POWEROFF accepted=1800
[guest-console:pl011-zephyr] IVC-RTOS-POWEROFF accepted=1800
[37m[283.788800 0:15 axvm::arch::aarch64:198] [33mVM[2] run VCpu[0] SystemDown[m
[m[37m[283.789460 0:15 axvm::vm:902] [32mStopping VM[2]: SystemDown[m
[m[37m[283.790031 0:15 axvm::runtime::vcpus:409] [33mVM[2] VCpu[0] stopping because of VM stopping[m
[m[37m[283.790821 0:15 axvm::runtime::vcpus:415] [32mVM[2] VCpu[0] last VCpu exiting, decreasing running VM count[::runtime::vcpus:420] [32mVM[2] state changed to Stopped[m
[m[37m[283.792412 0:15 axvm::runtime::vcpus:435] [32mVM[2] VCpu[0] exiting...[m
[m[guest-console:pl011-starry] IVC-STARRY-RAW path=/var/lib/ivc/raw.csv samples=1800 sha256=e5d4dfebd43305ea339d2eba9f3152f99f274c[guest-console:pl011-starry] IVC-STARRY-ORT-MODEL sha256=3582869baf9b8cec722208d06f66acd680a64128b52875d22e7f0e43f2ed7887
[guest-console:pl011-starry] IVC-STARRY-ORT-RAW sha256=caeef46c50de1dd8e8081420806fba9f068cfc89c7e0d34f50cb68b7eaec43a4
[guest-console:pl011-starry] IVC-STARRY-RAW path=/var/lib/ivc/raw.csv samples=1800 sha256=e5d4dfebd43305ea339d2eba9f3152f99f274c90722db981b6b0e75462c3b5b5
[guest-console:pl011-starry] IVC-STARRY-ORT-MODEL sha256=3582869baf9b8cec722208d06f66acd680a64128b52875d22e7f0e43f2ed7887
[guest-console:pl011-starry] IVC-STARRY-ORT-RAW sha256=caeef46c50de1dd8e8081420806fba9f068cfc89c7e0d34f50cb68b7eaec43a4
[guest-console:pl011-starry] IVC-STARRY-RAW path=/var/lib/ivc/raw.csv samples=1800 sha256=e5d4dfebd43305ea339d2eba9f3152f99f274c90722db981b6b0e75462c3b5b5
[guest-console:pl011-starry] IVC-STARRY-ORT-MODEL sha256=3582869baf9b8cec722208d06f66acd680a64128b52875d22e7f0e43f2ed7887
[guest-console:pl011-starry] IVC-STARRY-ORT-RAW sha256=caeef46c50de1dd8e8081420806fba9f068cfc89c7e0d34f50cb68b7eaec43a4
[guest-console:pl011-starry] IVC-STARRY-RAW path=/var/lib/ivc/raw.csv samples=1800 sha256=e5d4dfebd43305ea339d2eba9f3152f99f274c90722db981b6b0e75462c3b5b5
[guest-console:pl011-starry] IVC-STARRY-ORT-MODEL sha256=3582869baf9b8cec722208d06f66acd680a64128b52875d22e7f0e43f2ed7887
[guest-console:pl011-starry] IVC-STARRY-ORT-RAW sha256=caeef46c50de1dd8e8081420806fba9f068cfc89c7e0d34f50cb68b7eaec43a4
[guest-console:pl011-starry] IVC-STARRY-RAW path=/var/lib/ivc/raw.csv samples=1800 sha256=e5d4dfebd43305ea339d2eba9f3152f99f274c90722db981b6b0e75462c3b5b5
[guest-console:pl011-starry] IVC-STARRY-ORT-MODEL sha256=3582869baf9b8cec722208d06f66acd680a64128b52875d22e7f0e43f2ed7887
[guest-console:pl011-starry] IVC-STARRY-ORT-RAW sha256=caeef46c50de1dd8e8081420806fba9f068cfc89c7e0d34f50cb68b7eaec43a4
[guest-console:pl011-starry] IVC-STARRY-DONE exit=0
[37m[294.987020 1:14 axvm::arch::aarch64:198] [33mVM[1] run VCpu[0] SystemDown[m
[m[37m[294.987687 1:14 axvm::vm:902] [32mStopping VM[1]: SystemDown[m
[m[37m[294.988252 1:14 axvm::runtime::vcpus:409] [33mVM[1] VCpu[0] stopping because of VM stopping[m
[m[37m[294.988589 2:16 axvm::runtime::vcpus:409] [33mVM[1] VCpu[1] stopping because of VM stopping[m
[m[37m[294.989042 1:14 axvm::runtime::vcpus:435] [32mVM[1] VCpu[0] exiting...[m
[m[37m[294.989840 2:16 axvm::runtime::vcpus:415] [32mVM[1] VCpu[1] last VCpu exiting, decreasing running VM count[m
[m[37m[294.991387 2:16 axvm::runtime::vcpus:420] [32mVM[1] state changed to Stopped[m
[m[37m[294.992066 2:16 axvm::runtime::vcpus:435] [32mVM[1] VCpu[1] exiting...[m
[m[37m[294.992711 2:2 axvisor:82] [32m[OK] Default guest initialized[m
[mWelcome to AxVisor Shell!
Type 'help' to see available commands
Use UP/DOWN arrows to navigate command history

AXVISOR_SHELL_READY
AXVISOR_SHELL_READY
AXVISOR_SHELL_READY
AXVISOR_SHELL_READY
AXVISOR_SHELL_READY
axvisor:/$ [2Kaxvisor:/$ s[2Kaxvisor:/$ ss[2Kaxvisor:/$ ss [2Kaxvisor:/$ ss 1[2Kaxvisor:/$ ss 1 [2Kaxvisor:/$ ss 1 0[2Kaxvisor:/$ ss 1 0 [2Kaxvisor:/$ ss 1 0 /[2Kaxvisor:/$ ss 1 0 /h[2Kaxvisor:/$ ss 1 0 /ho[2Kaxvisor:/$ ss 1 0 /hom[2Kaxvisor:/$ ss 1 0 /home[2Kaxvisor:/$ ssrangepi/i[2Kaxvisor:/$ ss 1 0 /orangepi/iv[2Kaxvisor:/$ ss 1 0 /home/orangepi/ivc[2Kaxvisor:/$ ss 1 0 /home/orangepi/ivc-[2Kaxvisor:/$ ss 1 0 /home/orangepi/ivc-o[2Kaxvisor:/$ ss 1 0 /home/orangepi/ivc-on
AXVISOR_VM_BLOCK_SNAPSHOT_STARTED vm=1 index=0 path=/home/orangepi/ivc-on
AXVISOR_SNAPSHOT_SYNC_OK
AXVISOR_SNAPSHOT_SYNC_OK
AXVISOR_SNAP
=== SUCCESS PATTERN MATCHED: (?m)^AXVISOR_SNAPSHOT_SYNC_OK\r*$ ===
SHOT_SYNC_OK
AXVISOR_SNAPSHOT_SYNC_OK
AXVISOR_SNAPSHOT_SYNC_OK index=0 path=/home/orangepi/ivc-on bytes=167772160
AXVISOR_VM_LOCK_SNAPSHOT vm=1 index=0 path=/home/orangepi/ivc-on bytes=1677_FILESYSTEM_SYNCED
AXVISOR_HOST_FILESYSTEM_SYNCED
AXVISOR_HOST_FILESYSTEM_SYNCED
AXVISOR_HOST_FILESYSTEM_SYNCED
AXVISOR_HOST_FILESYSTEM_SYNCED
axvisor:/$ [axbuild] board build+run package=axvisor target=scripts/targets/std/pie/aarch64-unknown-linux-musl.json config=competition/ivc/config/axvisor-orangepi-5-plus-ort-control.toml ... done (378.82s)
ssh: connect to host 192.168.31.33 port 22: Connection timed out
Axvisor filesystem sync marker was confirmed by the board test
/home/seven_wsl/.local/share/tgos-board-power-venv/lib/python3.13/site-packages/miio/miot_device.py:23: FutureWarning: functools.partial will be a method descriptor in future Python versions; wrap it in enum.member() if you want to preserve the old behavior
  Bool = partial(_str2bool)
RESULT action=status board=orangepi-5-plus-rk3588 power=on watts=2 temperature_celsius=52 fault_code=0
/home/seven_wsl/.local/share/tgos-board-power-venv/lib/python3.13/site-packages/miio/miot_device.py:23: FutureWarning: functools.partial will be a method descriptor in future Python versions; wrap it in enum.member() if you want to preserve the old behavior
  Bool = partial(_str2bool)
RESULT action=cycle board=orangepi-5-plus-rk3588 power=on watts=0 temperature_celsius=52 fault_code=0

=> setenv devtype mmc; setenv devnum 1; setenv mmc_bootdev 1; setenv distro_bootpart 1; setenv prefix /; echo UBOOT_LINUX_BOOT_BEGIN; fatload mmc 1:1 0x00c00000 boot.scr; source 0x00c00000
UBOOT_LINUX_BOOT_BEGIN
3413 bytes read in 3 ms (1.1 MiB/s)
## Executing script at 00c00000
Boot script loaded from mmc 1
178 bytes read in 2 ms (86.9 KiB/s)
15301327 bytes read in 1289 ms (11.3 MiB/s)
ssh: connect to host 192.168.31.33 port 22: No route to host
ssh: connect to host 192.168.31.33 port 22: No route to host
ssh: connect to host 192.168.31.33 port 22: No route to host
/dev/mmcblk1p2 ext4   rw,noatime,errors=remount-ro,commit=600
BOARD_LINUX_RESTORED
debugfs 1.46.5 (30-Dec-2021)
debugfs 1.46.5 (30-Dec-2021)
debugfs 1.46.5 (30-Dec-2021)
debugfs 1.46.5 (30-Dec-2021)
BOARD_RESULT_IMAGE_VALIDATED vm=1 index=0 path=/home/orangepi/ivc-on bytes=167772160 sha256=f473ff1b271da910177a03535674cda9eb5133ac8afaca084b8a469f25f6b3ea fsck=clean
BOARD_GUEST_RAW_MANIFEST path=/var/lib/ivc/raw.csv samples=1800 sha256=e5d4dfebd43305ea339d2eba9f3152f99f274c90722db981b6b0e75462c3b5b5
BOARD_RAW_RESULT_HARVESTED path=/home/seven_wsl/Workspace/starry/tgoskits-rt-ivc-m4-formal-20260804/tmp/competition/ivc/ort-control-full-formal-20260805-v4/ort-full/run-004/raw.csv samples=1800 sha256=e5d4dfebd43305ea339d2eba9f3152f99f274c90722db981b6b0e75462c3b5b5
BOARD_GUEST_ORT_MANIFEST path=/var/lib/ivc/ort.csv samples=1800 sha256=caeef46c50de1dd8e8081420806fba9f068cfc89c7e0d34f50cb68b7eaec43a4
BOARD_ORT_RESULT_HARVESTED path=/home/seven_wsl/Workspace/starry/tgoskits-rt-ivc-m4-formal-20260804/tmp/competition/ivc/ort-control-full-formal-20260805-v4/ort-full/run-004/ort.csv samples=1800 sha256=caeef46c50de1dd8e8081420806fba9f068cfc89c7e0d34f50cb68b7eaec43a4
BOARD_IDENTITY board_id=bf61f4d4a1d994ad hostname=orangepi5plus cpu_temp_milli_c=45307
IVC board analysis passed: /home/seven_wsl/Workspace/starry/tgoskits-rt-ivc-m4-formal-20260804/tmp/competition/ivc/ort-control-full-formal-20260805-v4/ort-full/run-004/summary.json
BOARD_METADATA_WRITTEN path=/home/seven_wsl/Workspace/starry/tgoskits-rt-ivc-m4-formal-20260804/tmp/competition/ivc/ort-control-full-formal-20260805-v4/ort-full/run-004/metadata.json
BOARD_HOST_LIBCLANG path=/usr/lib/llvm-14/lib source=environment
orangepi5plus
BOARD_SERVICE_DTB_READY path=/home/seven_wsl/.local/share/ostool-server/dtbs/orangepi-5-plus-starry.dtb root=/dev/mmcblk0p2
     Locking 1 package to latest compatible version
      Adding uboot-shell v0.2.6 (/home/seven_wsl/Workspace/starry/ostool/uboot-shell)
    Finished `dev` profile [unoptimized + debuginfo] target(s) in 0.20s
     Running `target/debug/tg-xtask axvisor board -c competition/ivc/config/axvisor-orangepi-5-plus-ort-control.toml --board-config competition/ivc/config/board-orangepi-5-plus-ort-control.toml -b OrangePi-5-Plus`
[2026-08-05T08:31:28Z INFO  axbuild::context] Workspace root: /home/seven_wsl/Workspace/starry/tgoskits-rt-ivc-m4-formal-20260804
[2026-08-05T08:31:28Z INFO  axbuild::context] Workspace member dir for axvisor: /home/seven_wsl/Workspace/starry/tgoskits-rt-ivc-m4-formal-20260804/os/axvisor
Using build config: competition/ivc/config/axvisor-orangepi-5-plus-ort-control.toml
[axbuild] board build+run package=axvisor target=scripts/targets/std/pie/aarch64-unknown-linux-musl.json config=competition/ivc/config/axvisor-orangepi-5-plus-ort-control.toml ...
sh -c /home/seven_wsl/Workspace/starry/tgoskits-rt-ivc-m4-formal-20260804/tmp/axbuild/std/prebuild/prebuild-aarch64-unknown-linux-musl-36295c2cbf7dc427.sh
AR_aarch64_unknown_linux_musl=aarch64-linux-musl-ar
AXVISOR_VM_CONFIGS=/home/seven_wsl/Workspace/starry/tgoskits-rt-ivc-m4-formal-20260804/competition/ivc/config/orangepi-5-plus-starry-smp2-ort-control.toml:/home/seven_wsl/Workspace/starry/tgoskits-rt-ivc-m4-formal-20260804/competition/ivc/config/orangepi-5-plus-zephyr-smp1.toml
AX_ARCH=aarch64
AX_LOG=info
AX_TARGET=aarch64-unknown-none-softfloat
BINDGEN_EXTRA_CLANG_ARGS_aarch64_unknown_linux_musl=--target=aarch64-linux-musl --sysroot=/ -mgeneral-regs-only
CARGO_UNSTABLE_JSON_TARGET_SPEC=true
CC_aarch64_unknown_linux_musl=aarch64-linux-musl-cc
CFLAGS_aarch64_unknown_linux_musl=-mgeneral-regs-only -fno-stack-protector
CXXFLAGS_aarch64_unknown_linux_musl=-mgeneral-regs-only -fno-stack-protector
SMP=4
cargo build --config /home/seven_wsl/Workspace/starry/tgoskits-rt-ivc-m4-formal-20260804/tmp/axbuild/std/config-aarch64-unknown-linux-musl-dynamic.toml -p axvisor --target scripts/targets/std/pie/aarch64-unknown-linux-musl.json -Z unstable-options --target-dir /home/seven_wsl/Workspace/starry/tgoskits-rt-ivc-m4-formal-20260804/target --features ax-std/fs,ax-std/smp,fs,rockchip-dwmmc,rockchip-soc,sdmmc,log/release_max_level_info -Z json-target-spec --bin axvisor --release --message-format json-render-diagnostics
     Locking 1 package to latest compatible version
      Adding uboot-shell v0.2.6
warning: function `set_fdt_addr_phys_if_valid` is never used
  --> platforms/someboot/src/fdt/mod.rs:32:15
   |
32 | pub(crate) fn set_fdt_addr_phys_if_valid(fdt_addr: usize) -> bool {
   |               ^^^^^^^^^^^^^^^^^^^^^^^^^^
   |
   = note: `#[warn(dead_code)]` (part of `#[warn(unused)]`) on by default

warning: `someboot` (lib) generated 1 warning
warning: function `with_vm` is never used
   --> virtualization/axvm/src/manager.rs:168:15
    |
168 | pub(crate) fn with_vm<F, R>(vm_id: VMId, f: F) -> Option<R>
    |               ^^^^^^^
    |
    = note: `#[warn(dead_code)]` (part of `#[warn(unused)]`) on by default

warning: function `active_vcpu_mask` is never used
   --> virtualization/axvm/src/manager.rs:198:15
    |
198 | pub(crate) fn active_vcpu_mask(vm_id: VMId) -> Option<usize> {
    |               ^^^^^^^^^^^^^^^^

warning: function `inject_interrupt` is never used
   --> virtualization/axvm/src/manager.rs:210:15
    |
210 | pub(crate) fn inject_interrupt(vm_id: VMId, vcpu_id: usize, vector: usize) -> AxVmResult {
    |               ^^^^^^^^^^^^^^^^

warning: field `token` is never read
  --> virtualization/axvm/src/timer.rs:20:5
   |
19 | struct VmTimerEvent {
   |        ------------ field in this struct
20 |     token: usize,
   |     ^^^^^

warning: function `cancel_timer` is never used
  --> virtualization/axvm/src/timer.rs:65:15
   |
65 | pub(crate) fn cancel_timer(token: usize) {
   |               ^^^^^^^^^^^^

warning: associated items `handle_nested_page_fault` and `debug_nested_page_fault` are never used
    --> virtualization/axvm/src/vm/mod.rs:1303:19
     |
 616 | impl AxVM {
     | --------- associated items in this implementation
...
1303 |     pub(crate) fn handle_nested_page_fault(
     |                   ^^^^^^^^^^^^^^^^^^^^^^^^
...
1318 |     fn debug_nested_page_fault(
     |        ^^^^^^^^^^^^^^^^^^^^^^^

warning: `axvm` (lib) generated 6 warnings
    Finished `release` profile [optimized] target(s) in 0.29s
warning: the following packages contain code that will be rejected by a future version of Rust: core v0.0.0 (/home/seven_wsl/.rustup/toolchains/nightly-2026-07-15-x86_64-unknown-linux-gnu/lib/rustlib/src/rust/library/core), memchr v2.8.2
note: to see what the problems were, use the option `--future-incompat-report`, or run `cargo report future-incompatibilities --id 1`
Allocated board session:
  board_type: OrangePi-5-Plus
  board_id: orangepi-5-plus-1
  session_id: 7bac52e3-e30e-4fb3-b22e-da6e5884b6ad
  lease_expires_at: 2026-08-05 08:31:39.373903043 UTC
  boot_mode: uboot
Converting ELF to BIN format...
  elf: /home/seven_wsl/Workspace/starry/tgoskits-rt-ivc-m4-formal-20260804/target/aarch64-unknown-linux-musl/release/axvisor
  bin: /home/seven_wsl/Workspace/starry/tgoskits-rt-ivc-m4-formal-20260804/target/aarch64-unknown-linux-musl/release/axvisor.bin
/home/seven_wsl/.rustup/toolchains/nightly-2026-07-15-x86_64-unknown-linux-gnu/lib/rustlib/x86_64-unknown-linux-gnu/bin/llvm-objcopy --strip-all -O binary /home/seven_wsl/Workspace/starry/tgoskits-rt-ivc-m4-formal-20260804/target/aarch64-unknown-linux-musl/release/axvisor /home/seven_wsl/Workspace/starry/tgoskits-rt-ivc-m4-formal-20260804/target/aarch64-unknown-linux-musl/release/axvisor.bin
[2026-08-05T08:31:29Z INFO  ostool::run::uboot] Starting U-Boot runner...
[2026-08-05T08:31:29Z INFO  ostool::run::uboot] kernel from: /home/seven_wsl/Workspace/starry/tgoskits-rt-ivc-m4-formal-20260804/target/aarch64-unknown-linux-musl/release/axvisor.bin
[2026-08-05T08:31:29Z INFO  ostool::run::uboot] Using network interface hint: eth0
Waiting for remote board to power on through ostool-server...
BOARD_REBOOT_ARMED
Connection to 192.168.31.33 closed by remote host.
[2026-08-05T08:31:40Z INFO  uboot_shell] cmd: setenv autoload yes
[2026-08-05T08:31:40Z INFO  uboot_shell] cmd: setenv netmask 255.255.255.0
[2026-08-05T08:31:41Z INFO  uboot_shell] cmd: net list
[2026-08-05T08:31:41Z INFO  uboot_shell] cmd: bootdev hunt ethernet
[2026-08-05T08:31:44Z INFO  ostool::run::uboot] Board network ok
[2026-08-05T08:31:44Z INFO  uboot_shell] cmd: setenv serverip 192.168.31.132
[2026-08-05T08:31:44Z INFO  uboot_shell] cmd: echo $fdt_addr_r
[2026-08-05T08:31:45Z INFO  uboot_shell] cmd: echo $ramdisk_addr_r
[2026-08-05T08:31:45Z INFO  uboot_shell] cmd: echo $kernel_addr_r
[2026-08-05T08:31:46Z INFO  ostool::run::uboot] Using $kernel_addr_r as kernel entry: 0x2000000
[2026-08-05T08:31:46Z INFO  uboot_shell] cmd: echo $kernel_comp_addr_r
[2026-08-05T08:31:46Z INFO  ostool::run::uboot] image load to kernel_comp_addr_r: 0xa000000
[2026-08-05T08:31:46Z INFO  uboot_shell] cmd: setenv loadaddr 0xa000000
[2026-08-05T08:31:47Z INFO  ostool::run::uboot] fitimage loadaddr: 0xa000000
[2026-08-05T08:31:47Z INFO  ostool::run::uboot] kernel entry: 0x2000000
[2026-08-05T08:31:47Z INFO  ostool::run::uboot] Using DTB from: /home/seven_wsl/Workspace/starry/tgoskits-rt-ivc-m4-formal-20260804/target/aarch64-unknown-linux-musl/release/ostool-7bac52e3-e30e-4fb3-b22e-da6e5884b6ad-orangepi-5-plus-starry.dtb
[2026-08-05T08:31:47Z INFO  ostool::boot::fit] Making FIT image...
[2026-08-05T08:31:47Z INFO  ostool::boot::fit] kernel: /home/seven_wsl/Workspace/starry/tgoskits-rt-ivc-m4-formal-20260804/target/aarch64-unknown-linux-musl/release/axvisor.bin (size: 3342384)
[2026-08-05T08:31:47Z INFO  ostool::boot::fit] 已读取 DTB 文件: /home/seven_wsl/Workspace/starry/tgoskits-rt-ivc-m4-formal-20260804/target/aarch64-unknown-linux-musl/release/ostool-7bac52e3-e30e-4fb3-b22e-da6e5884b6ad-orangepi-5-plus-starry.dtb (大小: 280038)
[2026-08-05T08:31:47Z INFO  ostool::boot::fit] FIT image ok: /home/seven_wsl/Workspace/starry/tgoskits-rt-ivc-m4-formal-20260804/target/aarch64-unknown-linux-musl/release/image.fit
[2026-08-05T08:31:47Z INFO  ostool::run::uboot] No TFTP config, using loady to upload FIT image...

send file
loady 0xa000000
## Ready for binary (ymodem) download to 0x0A000000 at 1500000 bps...
[2026-08-05T08:31:47Z INFO  uboot_shell::ymodem] Sending file: image.fit
C## Total Size      = 0x00374924 = 3623204 Bytes
## Start Addr      = 0x0A000000
=>
send ok
[2026-08-05T08:32:44Z INFO  ostool::run::uboot] Booting kernel with command: bootm
Interacting with U-Boot shell...
bootm
## Loading kernel (any) from FIT Image at 0a000000 ...
   Using 'config-ostool' configuration
   Verifying Hash IntegriOK
   Trying 'kernel' kernel subimage
     Description:  This kernel
     Type:         Kerne68
     Data Size:    3342384 Bytes = 3.2 MiB
     ArchitecturOS:           Linux
     Load Address: 0x02000000
     Entry Prifying Hash Integrity ... OK
## Loading fdt (any) from FIT Image at 0a000000 ...
   Using 'coOK
   Trying 'fdt' fdt subimage
     Description:  This fdt
     Type:         Flat Device Tree
     Compression:  uncompressed
     Data Start:   0x0a330218
     Data Size:    280038 Bytes = 273.5 KiB
     ArchitectuOK
   Loading fdt from 0x0a330218 to 0x12000000
   Booting using the fdt blob at 0x12000000
W 12000000
   Loading Kernel Image to 2000000
   Loading Device Tree to 00000000ecb72000, end 00000000ecbb95e5 ... OK
Working FDT set to ecb72000

Starting kernel ...

root=/dev/mmcblk0p2 earlycon=uart8250,mmio32,0xfeb50000 rootwait rootfstype=ext4 splash=verbose console=ttyS2,1500000 console=tt ubootpart=1af5d396-7e1f-7e40-bb91-af7c495a0115 usb-storage.quirks= cma=128M cgroup_enable=cpuset cgroup_memory=1 cgroup_enable=memory swapaccount=1
VM Load @0Memory Map:
  Rsv    0x00000000110000 - 0x00000000200000 (960 KiB)
  Free   0x00000000200000 - 0x00000002000000 (30 MiB)
  KI0x0000000a145000 - 0x0000000a200000 (748 KiB)
  Rsv    0x0000000a200000 - 0x0000000b65f000 (20.37 MiB)
  Free   0x0000000b65f000 - 0x00000010000000 (73.63 MiB)
  Rsv    0x00000010000000 - 0x00000020000000 (256 MiB)
  Free   0x00000020000000 - 0x000000f0000000 (3.25 GiB)
  Free   0x011.94 GiB)
  Free   0x000003fc50000 - 0x000003fff00000 (58 MiB)
  Free   0x000004f0000000 - 0xInitializing per-CPU data
Per-CPU data one cpu size: 0x43000 bytes
Total per-CPU data size for secondary CPUs: 0x218000 bytes (8 CPUs)
Flushed RAM used urrent: 0x245000
Flushed RAM used range to memory map: 0x245000..0x45d000, current: 0x45d000
Per-CPU data allocated at 0x245000 - 0x45d000
Initializing per-CPU RAM for CPU0 - hard id 0x0 @ 0x245000
Initializing per-CPU RAM for CPU1 - hard id 0x100 @ 0x288000
Initializing per-CPU RAM for CPU2 - hard id 0x200 @ 0x2cb000
Initializing per-CPU RAM for CPU3 - hard id 0x300 @ 0x30e000
Initializing per-CPU RAM for CPU4 - hard id 0x400 @ 0x351000
Initializing per-CPU RAM for CPU5 - hard id 0x500 @ 0x394000
Initializing per-CPU RAM for CPU6 - hard id 0x600 @ 0x3d7000
Initializing per-CPU RAM for CPU7 - hard id 0x700 @ 0x41a000
CPU0 - hard id 0x0, stack top @0x288000, stack top virt @0xff0000288000, entry virt @0xffff8019b928
CPU1 - hard id 0x100, stack019b928
CPU5 - hard id 0x500, stack top @0x3d7000, stack top virt @0xff00003d7000, entry virt @CPU7 - hard id 0x700, stack top Ram                 : [0x0000000000200000, 0x00000000f0000000) -> [0x0000000000200000, 0x00000000f0000000) (3.75 GiB)
Ram                 : [0x0000000100000000, 0x00000003fc000000) -> [0x0000000100000000, 0x00000003fc000000Ram                 : [0x00000003fc500000, 0x00000003fff00000) -> [0x00000003fc500000, 0x0000000Ram                 : [0x00000004f0000000, 0x0000000500000000) -0x0000000000245000, 0x000000000045d000) (2.09 MiB)
Debug serial        : [0x00000000feb50000, 0b51000) -> [0x00000000feb50000,  (4 KiB)
Boot page table at physical address: 0x45d000
Settingal address: 0x2196fb4
Trap vector at 0xffff80197800
Memory Map:
  Rsv    0x00000000110000 - 0x00000000245000 (1.21 MiB)
  PerCPU 0x00000000245000 -000000045d000 (2.09 MiB)
  Rsv    0x0000000045d000 - 0x0000000046c000 (60 KiB)
  Free   0x0000000046c000 - 0x00000002000000 (27.58 MiB)
  KImg   0x00000002000000 - 0x00000002400000 (4 MiB)Free   0x00000002400000 - 0x0000000a100000 (125 MiB)
  Rsv    0x0000000a100000 - 0x0000000a145000 (276 KiB)
  Free   0x0000000a145000 - 0x0000000a200000 (748 KiB)
  Rsv    0x0000000a200000 - 0x0000000b65f000 (20.37 MiB)
  Free   0x0000000b65f000 - 0x00000010000000 (73.63 MiB)
  Rsv 00100000000 - 0x000003fc000000 (11.94 GiB)
  Free   0x000003fc500 - 0x000003fff00000 (58 MiB)
  Free   0x000004f0000000 - 0x00000500000000 (256 MiB)
Jumping to main entry point at 0xffff8017ea2c with SP 0x0000ff0000288000

       d8888                            .d88888b.   .d8888b.
      d88888                           d88P" "Y88b d88P  Y88b
     d88P888                           888     888 Y88b.
    d88P 888 888d888  .d8888b  .d88b.  888     888  "Y888b.
   d88P tform = RK3588 OPi 5 Plus
targewn-none-softfloat
build_mode = og_level = info
backtrace = false
smp = 4

[37m[ 69.243041 ax_runtime:213] [32mLogging is enabled.[m
[m[37m[ 69.243526 ax_runtime:214] [32mPrimary CPU 0 started, arg = 0x200000.[m
[m[37m[ 69.244156 ax_runtime:216] [32mFound physcial memory regions:[m
[m[37m[ 69.244780 ax_runtime:218] [32m  [PA:0x110000, PA:0x245000) reserved (READ | WRITE | EXECUTE | RESERVED)[m
[m[37m[ 69.245671 ax_runtime:218] [32m  [PA:0x245000, PA:0x45d000) reserved (READ | WRITE | EXECUTE | RESERVED)[m
[m[37m[ 69.246563 ax_runtime:218] [32m  [PA:0x45d000, PA:0x46c000) reserved (READ | WRITE | EXECUTE | RESERVED)[m
[m[37m[ 69.247456 ax_runtime:218] [32m  [PA:0x46c000, PA:0x2000000) free memory (READ | WRITE | FREE)[m
[m[37m[ 69.248273 ax_runtime:218] [32m  [PA:0x2000000, PA:0x2400000) reserved (READ | WRITE | EXECUTE | RESERVED)[m
[m[37m[ 69.249180 ax_runtime:218] [32m  [PA:0x2400000, PA:0xa100000) free memory (READ | WRITE | FREE)[m
[m[37m[ 69.250005 ax_runtime:218] [32m  [PA:0xa100000, PA:0xa145000) reserved (READ | WRITE | EXECUTE | RESERVED)[m
[m[37m[ 69.250913 ax_runtime:218] [32m  [PA:0xa145000, PA:0xa200000) free memory (READ | WRITE | FREE)[m
[m[37m[ 69.251738 ax_runtime:218] [32m  [PA:0xa200000, PA:0xb65f000) reserved (READ | WRITE | EXECUTE | RESERVED)[m
[m[37m[ 69.252645 ax_runtime:218] [32m  [PA:0xb65f000, PA:0x10000000) free memory (READ | WRITE | FREE)[m
[m[37m[ 69.253478 ax_runtime:218] [32m  [PA:0x10000000, PA:0x20000000) reserved (READ | WRITE | EXECUTE | RESERVED)[m
[m[37m[ 69.254400 ax_runtime:218] [32m  [PA:0x20000000, PA:0xf0000000) free memory (READ | WRITE | FREE)[m
[m[37m[ 69.255241 ax_runtime:218] [32m  [PA:0xfeb50000, PA:0xfeb51000) mmio (READ | WRITE | DEVICE | RESERVED)[m
[m[37m[ 69.256125 ax_runtime:218] [32m  [PA:0x100000000, PA:0x3fc000000) free memory (READ | WRITE | FREE)[m
[m[37m[ 69.256980 ax_runtime:218] [32m  [PA:0x3fc500000, PA:0x3fff00000) free memory (READ | WRITE | FREE)[m
[m[37m[ 69.257836 ax_runtime:218] [32m  [PA:0x4f0000000, PA:0x500000000) free memory (READ | WRITE | FREE)[m
[m[37m[ 69.258691 ax_runtime:360] [32mInitialize global memory allocator...[m
[m[37m[ 69.259313 ax_runtime:361] [32m  use buddy-slab-allocator allocator.[m
[m[37m[ 69.259937 ax_alloc::buddy_slab:150] [32mInitialize global memory allocator, start_vaddr: 0x100000000, size: 0x2fc000000[m
[m[37m[ 69.272461 ax_alloc::buddy_slab:399] [32mglobal allocator initialized[m
[m[37m[ 69.273086 ax_alloc::buddy_slab:160] [32mAdd memory region, start_vaddr: 0x46c000, size: 0x1b94000[m
[m[37m[ 69.273959 ax_alloc::buddy_slab:160] [32mAdd memory region, start_vaddr: 0x2400000, slab:160] [32mAdd memory region size: 0xbb000[m
[m[37m[ 69.275761 buddy_slab_allocator::gloon 0xa145000+0xbb000, no allocator-visible memory after 2097152 alignment[m
[m[37m[ 69.276983 ax_alloc::buddy_slab:160] [32mAdd memory region, start_vaddr: 0xb65f000, size: 0x49a1000[m
[m[37m[ 69.277908 ax_alloc::buddy_slab:160] [32mAdd memory region, start_vaddr: 0x20000000, size: 0xd0000000[m
[m[37m[ 69.281907 ax_alloc::buddy_slab:160] [32mAdd memory region, start_vaddr: 0x3fc500000, size: 0x3a00000[m
[m[37m[ 69.28x_alloc::buddy_slab:160] [32mAdd memory region, start_vaddr: 0x4f0000000, size: 0x10000000[m
[m[37m[ 69.283944 ax_runtime:253] [32mkernel aspace: [VA:0x0, VA:0xffffffffffffffff)[m
[m[37m[ 69.284629 ax_mm:92] [32mInitialize virtual memory management...[m
[m[37m[ 70.303208 ax_runtime:265] [32mInitialize platform devices...[m
[m[37m[ 70.357191 someboot::arch::power:23] [32mPower management method : SMC[m
[m[37m[ 70.357835 somehal::driver:5] [32mInitializing rdrive with FDT at 0x200000[m
[m[37m[ 70.672392 ax_task::api:149] [32mInitialize scheduling...[m
[m[37m[ 70.672959 ax_task::api:154] [32m  use FIFO sched
[m[37m[ 70.673471 ax_runtime:291] [32mInitialize interrupt .[m
[m[37m[ 70.675398 ax_runtime::devices:2] [32mProbe platform devices...[m
[m[37m[ 70.772591 ax_driver::soc::scmi:55] [33m[scmi] SCMI shmem phandle 71 cannot be resolved by rdrive; using RK3588 shmem fal[37m[ 70.775432 ax_driver::soc::rockchip::cru::rk3588:60] [32mRK3588 CRU reg: addr=0xfd7c0000,0.777523 rockchip_soc::variants:[33m⚠ CRU@fd7c0000: ACLK_BUS_ROOT div mismatch! u-boot: 3, current: 4[m
[m[37m[ 70.778566 rockchip_soc::variants::rk3588::cru:247] [32m✓ CRU@fd7c0000:[37m[ 70.781498 ax_driver::soc::rockchip::pm:61] [32mRockchip power-domain provider registeredsuccessfully[m
[m[37m[ 70.819113 ax_driver::soc::rockchip::pinctrl:239] [32mRockchip RK3588 pinctrl registered successfully[m
[m[37m[ 71.255711 ax_driver::soc::fixed_regulator:70] [32mFixed regulator vcc5v0_host enabled via pinctrl[m
[m[37m[ 71.350010 ax_driver::soc::fixed_regulator:70] [32mFixed regulator vcc3v3_pcie_eth enabled via pinctrl[m
[m[37m[ 71.395471 ax_driver::soc::fixed_regulator:70] [32mFixed regulator wifi_disable enabled via pinctrl[m
[m[37m[ 71.458009 ax_driver::block::rockchip::sd:218] [32m[mmc@fe2c0000] vqmmc-supply phandle Phandle(283) is not a fixed GPIO rock enabled: clock_id=0x17[m
[m[37m[ 71.459969 ax_driver::block::rockchip::clock:53] [32m[mmc@fe2c0000] enabled SDMMC SCMI ock Some("biu") (0x17)[m
[m[37m[ 71.460923 ax_driver::soc::scmi:124] [32mSCMI clock enabled: clock_id=0x9[m
[m[37m[ 71.SDMMC SCMI clock Some("ciu") (0x9)[m
[m[37m[ 71.462527 ax_drver::block::rockchip::clock:100] [32m[mmc@fe2c0000] enabled SDM4490 ax_driver::block::rockchip::sd:129] [32mrockchip-dwmmc pro size=0x4000[m
[m[37m[ 71.465592 ax_driver::soc::scmi:149] [32mSCMI clock rate set: clock_i66397 ax_driver::soc::scmi:95] [32mSCMI clock rate get: clock_id=0x9, rate=49500000 Hz[m
[m[37m[ 71.467188 ax_driver::block::rockchip::sd:142] [32mrockchiDMMC phase configured: drive=90deg parent=49500000Hz[m
[m[37m[ 71.469371 ax_driver::block::r submit bus op PowerOn[m
[m[37m[ 71.481681 sdmmc_protocol::sdio::init:487] [32msdio: submit bus op SwitchVoltage(V330)[m
[m[37m[ 71.482439 sdmmc_protocol::sdio::init:449] [32msdio: submit bus op SetBusWidth(Bit1)[m
[m[37m[ 71.483180 sdmmc_protocol::sdio::init:449] [32msdio: submit bus op SetClock(Identification)[m
[m[37m[ 71.483984 ax_driver::soc::scmi:149] [32mSCMI clock rate set: clock_id=0x9, rate=800000 Hz[m
[m[37m[ 71.484770 ax_driver::soc::scmi:95] [32mSCMI clock rate get: clock_id=0x9, rate=800000 Hz[m
[m[37m[ 71.485548 ax_driver::block::rockchip::sd:91] [32mrockn=800000 Hz bus=400000 Hz[m
[[37m[ 71.518580 sdmmc_protocol::sdio::init:695] [32msdio: detected Sd ocr=0xc0ff8000[m
[m[37m[ 71.520633 sdmmc_protocol::smsdio: CSD capacity_blocks=Some(62333952)[m
[m[37m[ 71.521709 sdmmc_protocol::sdio::init:863] [32msdio: switch SD bus widthcol::sdio::init:449] [32msdio: : clock_id=0x9, rate=50000000 Hz[m
[m[37m[ 71.525344 ax_drivx_driver::block::rockchip::sd:91] [32mrockchip-dwmmc: ciu clock[37m[ 71.530137 ax_driver::soc::scmi:149] [32mSCMI clock rate set: clock_id=0x9, rate=1000000071.531736 ax_driver::block::rockchip::sd:91] [32mrockchip-dwmmc: ciu clock set target=50000000 Hz cclkin=99000000 Hz bus=49500000 Hz[m
[m[37m[ 71.532875 sdmmc_protocol::sdio::init:1442] [32msdio: SD speed selected HighSpeed[m
[m[37m[ 71.533592 sdmmc_protocol::sdio::init:1463] [32msdio: init done kind=Sd sd_v2=true high_capacity=true rca=0xaaaa ocr=0xc0ff8000 host_bus_width=Bit4 ext_csd_bus_width=None ext_csd_timing=None[m
[m[37m[ 71.535138 ax_driver::block::rockchip::sd:169] [32mrockchip-dwmmc card: kind=Sd high_capacity=true rca=43690 ocr=0xc0ff8000 capacity_blocks=Some(62333952) cid=true ext_csd=false[m
[m[37m[ 71.537439 ax_driver::block::rockchip::sd::phase:67] [32mrockchip-dwmmc: sample phase probe 0deg: block0_ok=true mbr_sig=aa55 block0_head=[00, 00, 00, 00, 00, 00, 00, 00, 00, 00, 00, 00, 00, 00, 00, 00] block1_ok=true gpt_head=[45, 46, 49, 20, 50, 41, 52, 54][m
[m[37m[ 71.539501 ax_driver::block::rockchip::sd::phase:81] [32mrockchip-dwmmc: selected RK3588 SDMMC sample phase 0deg[m
[m[37m[ 71.540581 ax_driver::block::rockchip::sd:199] [32mrockchip-sd block device registered irq=None[m
[m[37m[ 71.542157 ax_driver::block::rockchip::clock:100] [32m[mmc@fe2e0000] enabled SDHCI clock Some("core") (0x13a)[m
[m[37m[ 71.543093 ax_driver::block::rockchip::clock:100] [32m[mmc@fe2e0000] enabled SDHCI clock Some("bus") (0x138)[m
[m[37m[ 71.544016 ax_driver::block::rockchip::clock:100] [32m[mmc@fe2e0000] enabled SDHCI clock Some("axi") (0x139)[m
[m[37m[ 71.544939 ax_driver::block::rockchip::clock:100] [32m[mmc@fe2e0000] enabled SDHCI clock Some("block") (0x13b)[m
[m[37m[ 71.545882 ax_driver::block::rockchip::clock:100] [32m[mmc@fe2e0000] enabled SDHCI clock Some("timer") (0x13c)[m
[m[37m[ 71.546833 ax_driver::block::rockchip::sdhci_rk3588:166] [32mrockchip-sdhci probe: node=mmc@fe2e0000, addr=0xfe2e0000, size=0x10000[m
[m[37m[ 71.547973 ax_driver::block::rockchip::sdhci_rk3588:176] [32mrockchip-sdhci: using external CRU clock[m
[m[37m[ 71.548839 ax_driver::block::rockchip::sdhci_rk3588:185] [32mrockchip-sdhci: initialize card through native host2 bus ops[m
[m[37m[ 71.549861 sdmmc_protocol::sdio::init:487] [32msdio: submit bus op ResetAll[m
[m[37m[ 71.550553 ax_driver::block::rockchip::sdhci_rk3588:252] [32mrockchip-sdhci: RK3588 DWCMSHC vendor reset area1=0x500[m
[m[37m[ 71.551534 sdmmc_protocol::sdio::init:487] [32msdio: submit bus op PowerOn[m
[m[37m[ 71.562203 sdmmc_protocol::sdio::init:487] [32msdio: submit bus op SwitchVoltage(V330)[m
[m[37m[ 71.562975 sdmmc_protocol::sdio::init:449] [32msdio: submit bus op SetBusWidth(Bit1)[m
[m[37m[ 71.563716 sdmmc_protocol::sdio::init:449] [32msdio: submit bus op SetClock(Identification)[m
[m[37m[ 71.564522 ax_driver::block::rockchip::sdhci_rk3588:118] [32mrockchip-sdhci: core clock set to 375000 Hz[m
[m[37m[ 71.616296 sdmmc_protocol::sdio::init:780] [32msdio: detected Mmc ocr=0xc0ff8080[m
[m[37m[ 71.618444 sdmmc_protocol::sdio::init:849] [32msdio: CSD capacity_blocks=None[m
[m[37m[ 71.630846 sdmmc_protocol::sdio::init:950] [32msdio: EXT_CSD sector_count=122224640[m
[m[37m[ 71.632239 ax_driver::block::rockchip::sdhci_rk3588:118] [32mrockchip-sdhci: core clock set to 25000000 Hz[m
[m[37m[ 71.633195 ax_driver::block::rockchip::sdhci_rk3588:118] [32mrockchip-sdhci: core clock set to 50000000 Hz[m
[m[37m[ 71.634109 sdmmc_protocol::sdio::init:1210] [32msdio: MMC speed selected HighSpeed bus_width=Bit8[m
[m[37m[ 71.634946 sdmmc_protocol::sdio::init:1463] [32msdio: init done kind=Mmc sd_v2=false high_capacity=true rca=0x1 ocr=0xc0ff8080 host_bus_width=Bit8 ext_csd_bus_width=Some(Sdr1) ext_csd_timing=Some(Compat)[m
[m[37m[ 71.636590 ax_driver::block::rockchip::sdhci_rk3588:191] [32mSDHCI card: kind=Mmc high_capacity=true rca=1 ocr=0xc0ff8080 capacity_blocks=Some(122224640) cid=true ext_csd=true[m
[m[37m[ 71.638119 ax_driver::block::rockchip::sdhci_rk3588:208] [32mrockchip-sdhci block device registered irq=None[m
[m[37m[ 71.639156 ax_runtime::irq:120] [32mregistered rockchip-sd/0 irq IrqId { domain: IrqDomainId(7), hwirq: HwIrq(235) }[m
[m[37m[ 71.640158 ax_fs_ng::block::runtime::device:1359] [33mrdif filesystem block device rockchip-sd registered with IRQ-driven completion[m
[m[37m[ 71.641256 ax_fs_ng::block::runtime::device:1ntime::irq:120] [32mregistered p-sdhci/0 irq IrqId { domain: IrqDomainId(7), hwirq: HwIrq(237) }[m
[m[37m[ 71.643209 ax_fs_ng::block::runtime::device:1359] [33mrdif filesystem block device rockchip-sdhci registered with IRQ-driven completion[m
[m[37m[ 71.644331 ax_fs_ng::block::runtime::device:1361] [32mregistered rdif filesystem block device rockchip-sdhci[m
[m[37m[ 71.680406 ax_fs_ng::root:256] [32m    partition 1 name=Some("bootfs") fs=Some(Fat) lba 61440..2158592[m
[m[37m[ 71.681545 ax_fs_ng::root:256] [32m    partition 2 name=None fs=Some(Ext4) lba 2158592..61702144[m
[m[37m[ 71.682376 ax_fs_ng::root:272] [32m  block device 0 (rockchip-sd) has Gpt partition table with 2 partitions[m
[m[37m[ 71.698801 ax_fs_ng::root:256] [32m    partition 1 name=Some("uboot") fs=None lba 8192..16384[m
[m[37m[ 71.699874 ax_fs_ng::root:256] [32m    partition 2 name=Some("misc") fs=None lba 16384..24576[m
[m[37m[ 71.700902 ax_fs_ng::root:256] [32m    partition 3 name=Some("bootctrl") fs=None lba 24576..28672[m
[m[37m[ 71.701973 ax_fs_ng::root:256] [32m    partition 4 name=Some("resource") fs=None lba 28672..40960[m
[m[37m[ 71.702932 ax_fs_ng::root:256] [32m    partition 5 name=Some("boot_linux") fs=Some(Ext4) lba 40960..237568[m
[m[37m[ 71.704099 ax_fs_ng::root:256] [32m    partition 6 name=Some("ramdisk") fs=None lba 237568..245760[m
[m[37m[ 71.705107 ax_fs_ng::root:256] [32m    partition 7 name=Some("system") fs=Some(Ext4) lba 245760..4440064[m
[m[37m[ 71.706160 ax_fs_ng::root:256] [32m    partition 8 name=Some("vendor") fs=Some(Ext4) lba 4440064..6537216[m
[m[37m[ 71.707179 ax_fs_ng::root:256] [32m    partition 9 name=Some("sys-prod") fs=Some(Ext4) lba 6537216..6639616[m
[m[37m[ 71.708217 ax_fs_ng::root:256] [32m    partition 10 name=Some("chip-prod") fs=Some(Ext4) lba 6639616..6742016[m
[m[37m[ 71.709362 ax_fs_ng::root:256] [32m    partition 11 name=Some("updater") fs=None lba 6742016..6807552[m
[m[37m[ 71.710415 ax_fs_ng::root:256] [32m    partition 12 name=Some("eng_system") fs=None lba 6807552..6840320[m
[m[37m[ 71.711477 ax_fs_ng::root:256] [32m    partition 13 name=Some("eng_chipset") fs=None lba 6840320..6873088[m
[m[37m[ 71.712553 ax_fs_ng::root:256] [32m    partition 14 name=Some("chip_ckm") fs=None lba 6938624..7069696[m
[m[37m[ 71.713730 ax_fs_ng::root:256] [32m    partition 15 name=Some("userdata") fs=None lba 19955712..122224576[m
[m[37m[ 71.714629 ax_fs_ng::root:272] [32m  block device 1 (rockchip-sdhci) has Gpt partition table with 15 partitions[m
[m[37m[ 71.715610 ax_fs_ng::root:382] [32m  matched root by device path on disk0 partition 2 (<unnamed>, fs=ext4, lba 2158592..61702144)[m
[m[37m[ 71.716689 ax_fs_ng:75] [32mInitialize filesystem subsystem...[m
[m[37m[ 71.717262 ax_fs_ng:76] [32m  selected root device: disk0 partition 2 (<unnamed>, fs=ext4, lba 2158592..61702144)[m
[m[37m[ 71.743222 rsext4::ext4::mount:327] [32m/lost+found exists (superblock hint inode=11)[m
[m[37m[ 71.744938 rsext4::ext4::mount:462] [32mExt4 filesystem mounted[m
[m[37m[ 71.745522 rsext4::ext4::mount:463] [3232m  - free blocks: 5965031[m
[m[37m[ 71.747319 rsext4::ext4tem...[m
[m[37m[ 71.759684 rsext4::ext4::mount:546] [32mExt4 filesystem mounted[m
[m[37m[ 71.760290 ax_fs_ng:88] [32m  filesystem ty[37m[ 71.771147 ax_fs_ng::root:518] [32m  mounting partition disk0 partition 1 (bootfs, fs=fat, lba 61440..2158592) at /boot[[37m[ 71.773316 ax_runtime::mp:79] [32mSecondary CPU 1 started.[m
[m[37m[ 71.774765 ax_runtime::mp:79] [32mSecondary CPU 2 started.[m
[m[37m[ 71.775238 ax_runtime::mp:107] [32mSecondary CPU 1 init OK.[m
[m[37m[ 71.776595 ax_runtime:336] [32mPrimary CPU 0 init OK.[m
[m[37m[ 71.776594 ax_runtime::mp:79] [32mSecondary CPU 3 started.[m
[m[37m[ 71.777405 ax_runtime::mp:107] [32mSecondary CPU 2 init OK.[m
[m[37m[ 71.780509 ax_runtime::mp:107] [32mSecondary CPU 3 init OK.[m
[m

       d8888            888     888  d8b
      d88888            888     888  Y8P
     d88P888            888     888
    d88P 888  888  888  Y88b   d88P  888  .d8888b    .d88b.   888d888
   d88P  888  `Y8bd8P'   Y88b d88P   888  88K       d88""88b  888P"
  d88P   888    X88K      Y88o88P    888  "Y8888b.  888  888  888
 d88888888  888  888  888      Y8P      88   88888P'   "Y88P"   888


by AxVisor Team

[37m[ 71.784746 0:2 axvisor:57] [32mStarting virtualization...[m
[m[37m[ 71.785286 0:2 axvm::host::arceos:230] [32mEnabling hardware virtualization support on all cores...[m
[m[37m[ 71.786144 0:2 axvm::host::arceos:236] [32mCore 0 is initializing hardware virtualization support...[m
[m[37m[ 71.787003 0:2 axvm::timer:101] [32mInitializing AxVM timer wheel...[m
[m[37m[ 71.787628 0:2 axvm::host::arceos:238] [32mHardware virtualization support enabled on core 0[m
[m[37m[ 71.789452 1:11 axvm::host::arceos:248] [32mCore 1 is initializing hardware virtualization support...[m
[m[37m[ 71.790317 1:11 axvm::timer:101] [32mInitializing AxVM timer wheel...[m
[m[37m[ 71.790819 2:12 axvm::host::arceos:248] [32mCore 2 is initializing hardware virtualization support...[m
[m[37m[ 71.790949 1:11 axvm::host::arceos:251] [32mHardware virtualization support enabled on core 1[m
[m[37m[ 71.792568 3:13 axvm::host::arceos:248] [32mCore 3 is initializing hardware virtualization support...[m
[m[37m[ 71.791817 2:12 axvm::timer:101] [32mInitializing AxVM timer wheel...[m
[m[37m[ 71.793497 3:13 axvm::timer:101] [32mInitializing AxVM timer wheel...[m
[m[37m[ 71.794128 2:12 axvm::host::arceos:251] [32mHardware virtualization support enabled on core 2[m
[m[37m[ 71.794758 3:13 axvm::host::arceos:251] [32mHardware virtualization support enabled on core 3[m
[m[37m[ 71.792564 0:2 axvm::host::arceos:264] [32mWaiting for all cores to enable hardware virtualization...[m
[m[37m[ 71.797257 0:2 axvm::arch::aarch64::gic:59] [32mUsing per-CPU GICv3 system registers for virtual IRQs[m
[m[37m[ 71.880870 0:2 axvm::arch::aarch64::gic:175] [32mAArch64 host virtual-timer PPI 27 is available for guest forwarding[m
[m[37m[ 71.881853 0:2 axvm::host::arceos:280] [32mAll cores have enabled hardware virtualization support.[m
[m[37m[ 71.884284 0:2 axvisor::manager:133] [32mNOT find dir: /guest/vm_default in filesystem[m
[m[37m[ 71.885045 0:2 axvisor::config:94] [32mUsing static VM configs.[m
[m[37m[ 71.958021 0:2 axvm::arch::aarch64::fdt::core::parser:386] [32mCPU node: /cpus/cpu@0, node_id: 0x0, guest_cpu_id: 0x0[md: 0x100, guest_cpu_id: 0x100[m
[m[37m[ 71.960079 0:2 axvm::arch::aarch64::fdt::core::parser:386] [32mCPU node: /cpus/cpu@2_id: 0x200[m
[m[37m[ 71.9611::fdt::core::parser:386] [32mCPU node: /cpus/cpu@300, node_id: st_cpu_id: 0x600[m
[m[37m[ 71.965318 0:2 axvm::arch::aarch64[37m[ 71.978306 0:2 axvm::arch::aarch64::fdt::core::parser:393] [32mFound 8 host CPU nodes[m
[m[37m[ 71.979063 0:2 axvm::a[37m[ 95.648875 0:2 axvisor::config:139] [32mCreating VM[1] "starry-ort-ivc-orangepi"[m
[m[37m[ 95.649628 0:2 axvm::vm:637[37m[ 96.146258 0:2 axvisor::config:151] [32mVM[1] created success, loading images...[m
[m[37m[ 98.074040 0:2 axdevice::device:1350] [32mAxVmDevices: registered device id=0[m
[m[37m[ 98.074732 0:2 axdevice::devic[37m[ 98.153863 0:2 axvm::arch::aarch64::fdt::core::parser:386] [32mCPU node: /cpus/cpu@0, node_id: 0x0, guest_cpu_id: 0x0[m
[m[37m[ 98.154874 0:2 axvm::arch::aarch64::fdt::core::parser:386] [32mCPU node: /cpus/cpu@100, node_id: 0x100, guest_cpu_id: 0x100[m
[m[37m[ 98.155929 0 guest_cpu_id: 0x200[m
[m[37m[ 98.156977 0:2 axvm::arch::aarch64::fdt::core::parser:386] [32mCPU node: /cpus/cpu@300, node_id: 0x300, guest_cpu_id: 0x300[m
[m[37m[ 98.158026 0:2 axvm::arch::aarch64::fdt::core::parser:386] [32mCPU node: /cpus/cpu@400, node_id: 0x400, guest_cpu_id: 0x400[m
[m[37m[ 98.159077 0:2 axvm::arch::aarch64::fdt::core::parser:386] [32mCPU node: /cpus/cpu@500, node_id: 0x500, guest_cpu_id: 0x500[m
[m[37m[ 98.160125 0:2 axvm::arch::aarch64::fdt::core::parser:386] [32mCPU node: /cpus/cpu@600, node_id: 0x600, guest_cpu_id: 0x600[m
[m[37m[ 98.161173 0:2 axvm::arch::aarch64::fdt::core::parser:386] [32mCPU node: /cpus/cpu@700, node_id: 0x700, guest_cpu_id: 0x700[m
[m[37m[ 98.169905 0:2 axvm::arch::aarch64::fdt::core::parser:393] [32mFound 8 host CPU nodes[m
[m[37m[ 98.170655 0:2 axvm::arch::aarch64::fdt::core:77] [32mVM[2] DTB not found, generating from the VM configuration[m
[m[37m[ 98.277073 0:2 axvm::arch::aarch64::fdt::core::device:96] [32mFound excluded devices: [][m
[m[37m[ 98.315841 0:2 axvisor::config:139] [32mCreating VM[2] "zephyr-ivc-orangepi"[m
[m[37m[ 98.316556 0:2 axvm::vm:637] [32mVM created: id=2[m
[m[37m[ 98.565121 0:2 axvisor::config:151] [32mVM[2] created success, loading images...[m
[m[37m[ 98.567007 0:2 axdevice::device:1350] [32mAxVmDevices: registered device id=0[m
[m[37m[ 98.567694 0:2 axdevice::device:336] [32mGPPT Distributor initialized with base GPA 0x8000000 and length 0x10000[m
[m[37m[ 98.568657 0:2 axdevice::device:1350] [32mAxVmDevices: registered device id=1[m
[m[37m[ 98.569342 0:2 axdevice::device:311] [32mGPPT Redistributor initialized for vCPU 0 with base GPA 0x80a0000 and length 0x20000[m
[m[37m[ 98.570397 0:2 axdevice::device:1350] [32mAxVmDevices: registered device id=2[m
[m[37m[ 98.571081 0:2 axdevice::device:576] [32mvirtio-net 'virtio-net-zephyr' initialized at GPA 0xa002000 IRQ 64 segment 1 header mode FixedTwelveByte (MAC 52:54:00:00:00:02)[m
[m[37m[ 98.572481 0:2 axdevice::device:1350] [32mAxVmDevices: registered device id=3[m
[m[37m[ 98.573165 0:2 axvm::arch::aarch64::vm:134] [32mAArch64 PL011 console 'pl011-zephyr' initialized at GPA 0x9000000 with length 0x1000[m
[m[37m[ 98.574280 0:2 axdevice::device:1350] [32mAxVmDevices: registered device id=4[m
[m[37m[ 98.574968 0:2 axdevice::device:1350] [32mAxVmDevices: registered device id=5[m
[m[3 0:2 axdevice::device:1350] [32mAxVmDevices: registered device id=6[m
[m[37m[ 98.576374 0:2 axvm::vm::prepare:101] [32mVM setup: id=2[m
[m[37m[ 98.576963 0:2 axvm::runtime:35] [32mInitializing VMM...[m
[m[37m[ 98.577491 0:2 axvm::runtime:40] [32mVMM starting, booting VMs...[m
[m[37m[ 98.578093 0:2 axvm::vm:824] [32mStarting VM[1][m
[m[37m[ 98.578558 0:2 axvm::runtime::vcpus:236] [32mSpawning task for VM[1] VCpu[0][m
[m[37m[ 98.579253 0:2 axvm::runtime::vcpus:274] [32mVCpu task Task(14, "VM[1]-VCpu[0]") created cpumask: [1, ], initial CPU 1[m
[m[37m[ 98.580278 0:2 axvm::runtime:48] [32mVM[1] boot success[m
[m[37m[ 98.580797 0:2 axvm::vm:824] [32mStarting VM[2][m
[m[37m[ 98.581263 0:2 axvm::runtime::vcpus:236] [32mSpawning task for VM[2] VCpu[0][m
[m[37m[ 98.581954 0:2 axvm::runtime::vcpus:274] [32mVCpu task Task(15, "VM[2]-VCpu[0]") created cpumask: [0, ], initial CPU 0[m
[m[37m[ 98.582960 0:2 axvm::runtime:48] [32mVM[2] boot success[m
[m[37m[ 98.583492 0:15 axvm::runtime::vcpus:332] [32mVM[2] VCpu[0] waiting for running[m
[m[37m[ 98.584194 0:15 axvm::runtime::vcpus:335] [32mVM[2] VCpu[0] running...[m
[m[37m[ 98.584831 0:15 axvm::arch::aarch64::gic:361] [33mVirtual interrupt interface not enabled, enabling now[m
[m[37m[ 98.585243 1:14 axvm::runtime::vcpus:332] [32mVM[1] VCpu[0] waiting for running[m
[m[37m[ 98.585718 0:15 axvm::runtime::vcpus:337] [32mVM[2] VCpu[0] first-run architecture setup complete[m
[m[37m[ 98.586420 1:14 axvm::runtime::vcpus:335] [32mVM[1] VCpu[0] running...[m
[m[37m[ 98.587898 1:14 axvm::arch::aarch64::gic:361] [33mVirtual interrupt interface not enabled, enabling now[m
[m[37m[ 98.588782 1:14 axvm::runtime::vcpus:337] [32mVM[1] VCpu[0] first-run architecture setup complete[m
[m[guest-console:pl011-zephyr] *** Booting Zephyr OS build v4.3.0 ***
[guest-console:pl011-zephyr] IVC-RTOS-SELFTEST PASS vector=rust-wire-v1
[guest-console:pl011-starry] console=ttyAMA0,115200 earlycon=pl011,0x09000000 root=/dev/vda rw fsck.repair=yes
[guest-console:pl011-starry] VM Load @0x80200000
[guest-console:pl011-starry] VM Load Offset: 0x100200000
[guest-console:pl011-starry] Memory Map:
[guest-console:pl011-starry]   Free   0x00000080000000 - 0x00000080200000 (2 MiB)
[guest-console:pl011-starry]   KImg   0x00000080200000 - 0x00000081000000 (14 MiB)
[guest-console:pl011-starry]   Free   0x00000081000000 - 0x00000090000000 (240 MiB)
[guest-console:pl011-starry] Initialize RAM allocator: 0x81000000..0x90000000
[guest-console:pl011-starry] Initializing per-CPU data
[guest-console:pl011-starry] Per-CPU data one cpu size: 0x41000 bytes
[guest-console:pl011-starry] Total per-CPU data size for secondary CPUs: 0x82000 bytes (2 CPUs)
[guest-console:pl011-starry] Flushed RAM used range to memory map: 0x81000000..0x81001000, current: 0x81001000
[guest-console:pl011-starry] Flushed RAM used range to memory map: 0x81001000..0x81083000, current: 0x81083000
[guest-console:pl011-starry] Per-CPU data allocated at 0x81001000 - 0x81083000
[guest-console:pl011-starry] Initializing per-CPU RAM for CPU0 - hard id 0x100 @ 0x81001000
[guest-console:pl011-starry] Initializing per-CPU RAM for CPU1 - hard id 0x200 @ 0x81042000
[guest-console:pl011-starry] CPU0 - hard id 0x100, stack top @0x81042000, stack top virt @0xffffff0081042000, entry virt @0xffffffff80364420
[guest-console:pl011-starry] CPU1 - hard id 0x200, stack top @0x81083000, stack top virt @0xffffff0081083000, entry virt @0xffffffff80364420
[guest-console:pl011-starry] EL: 1
[guest-console:pl011-starry] Mapping early memory regions...
[guest-console:pl011-starry] Ram                 : [0xffff000080000000, 0xffff000090000000) -> [0x0000000080000000, 0x0000000090000000) (256 MiB)
[guest-console:pl011-starry] KImage              : [0xffffffff80000000, 0xffffffff80e00000) -> [0x0000000080200000, 0x0000000081000000) (14 MiB)
[guest-console:pl011-starry] PerCpu              : [0xffffff0081001000, 0xffffff0081083000) -> [0x0000000081001000, 0x0000000081083000) (520 KiB)
[guest-console:pl011-starry] Debug serial        : [0xffff000009000000, 0xffff000009001000) -> [0x0000000009000000, 0x0000000009001000) (4 KiB)
[guest-console:pl011-starry] Boot page table at physical address: 0x81083000
[guest-console:pl011-starry] Setting up table registers...
[guest-console:pl011-starry] MMU Entry point at physical address: 0x805679b0
[guest-console:pl011-starry] Trap vector at 0xffffffff80360800
[guest-console:pl011-starry] Memory Map:
[guest-console:pl011-starry]   MMIO   0x00000009000000 - 0x00000009001000 (4 KiB)
[guest-console:pl011-starry]   Free   0x00000080000000 - 0x00000080200000 (2 MiB)
[guest-console:pl011-starry]   KImg   0x00000080200000 - 0x00000081000000 (14 MiB)
[guest-console:pl011-st[guest-console:pl011-starry]   Rsv    0x00000081083000 - 0x0000008108d000 (40 KiB)
[guest-console:pl011-starry]   Free   0x0000008108d000 - 0x00000090000000 (239.45 MiB)
[guest-console:pl011-starry] Jumping to main entry point at 0xffffffff8034f05c with SP 0xffffff0081042000
[guest-console:pl011-starry] 
[guest-console:pl011-starry]        d8888                            .d88888b.   .d8888b.
[guest-console:pl011-starry]       d88888                           d88P" "Y88b d88P  Y88b
[guest-console:pl011-starry]      d88P888                           888     888 Y88b.
[guest-console:pl011-starry]     d88P 888 888d888  .d8888b  .d88b.  888     888  "Y888b.
[guest-console:pl011-starry]    d88P  888 888P"   d88P"    d8P  Y8b 888     888     "Y88b.
[guest-console:pl011-starry]   d88P   888 888     888      88888888 888     888       "888
[guest-console:pl011-starry]  d8888888888 888     Y88b.    Y8b.     Y88b. .d88P Y88b  d88P
[guest-console:pl011-starry] d88P     888 888      "Y8888P  "Y8888   "Y88888P"   "Y8888P"
[guest-console:pl011-zephyr] IVC-RTOS-NET mac=52:54:00:00:00:02 expected=52:54:00:00:00:02
[guest-console:pl011-starry] 
[guest-console:pl011-starry] arch = aarch64
[guest-console:pl011-starry] platform = AxVisor Orange Pi 5 Plus IVC StarryOS guest
[guest-console:pl011-zephyr] IVC-RTOS-READY bind=10.0.0.2:5500 mac=52:54:00:00:00:02 window_bits=64 ack_loss_drop_every=0 expected_commands=1800 expected_protocol_err[guest-console:pl011-starry] log[guest-console:pl011-starry] smp[guest-console:pl011-starry] [37m[  0.785060 ax_runtime:213] [gging is enabled.[m
[guest-console:pl011-starry] [m[37m[  0.786961 ax_runtime:214] [32mPrimary CPU 0 started, arg = 0x8100[guest-console:pl011-starry] [m[37m[  0.791707 ax_runtime:218] [32m  [PA:0x9000000, PA:0x9001000) mmio (READ | WRITE | DEVICE | RESERVED)[m
[guest-console:pl011-starry] [m[37m[  0.794957 ax_runtime:218] [32m  [PA:0x80000000, PA:0x80200000) free memory (READ | WRITE | FREE)[m
[guest-console:pl011-starry] [m[37m[  0.798102 ax_runtime:218] [32m  [PA:0x80200000, PA:0x81000000) reserved (READ | WRITE | EXECUTE | RESERVED)[m
[guest-console:pl011-starry] [m[37m[  0.801533 ax_runtime:218] [32m  [PA:0x81000000, PA:0x81001000) reserved (READ | WRITE | EXECUTE | RESERVED)[m
[guest-console:pl011-starry] [m[37m[  0.804962 ax_runtime:218] [32m  [PA:0x81001000, PA:0x81083000) reserved (READ | WRITE | EXECUTE | RESERVED)[m
[guest-console:pl011-starry] [m[37m[  0.808394 ax_runtime:218] [32m  [PA:0x81083000, PA:0x8108d000) reserved (READ | WRITE | EXECUTE | RESERVED)[m
[guest-console:pl011-starry] [m[37m[  0.811821 ax_runtime:218] [32m  [PA:0x8108d000, PA:0x90000000) free memory (READ | WRITE | FREE)[m
[guest-console:pl011-starry] [m[37m[  0.814962 ax_runtime:360] [32mInitialize global memory allocator...[m
[guest-console:pl011-starry] [m[37m[  0.817346 ax_runtime:361] [32m  use buddy-slab-allocator allocator.[m
[guest-console:pl011-starry] [m[37m[  0.819737 ax_alloc::buddy_slab:150] [32mInitialize global memory allocator, start_vaddr: 0xffff00008108d000, size: 0xef73000[m
[guest-console:pl011-starry] [m[37m[  0.823836 ax_alloc::buddy_slab:399] [32mglobal allocator initialized[m
[guest-console:pl011-starry] [m[37m[  0.826248 ax_alloc::buddy_slab:160] [32mAdd memory region, start_vaddr: 0xffff000080000000, size: 0x200000[m
[guest-console:pl011-starry] [m[37m[  0.829655 buddy_slab_allocator::global:143] [32mGlobalAllocator: skip region 0xffff000080000000+0x200000, no allocator-visible memory after 2097152 alignment[m
[guest-console:pl011-starry] [m[37m[  0.834386 ax_runtime:253] [32mkernel aspace: [VA:0xffff000000000000, VA:0xffffffffffffffff)[m
[guest-console:pl011-starry] [m[37m[  0.837398 ax_mm:92] [32mInitialize virtual memory management...[m
[guest-console:pl011-starry] [m[37m[  0.856784 ax_runtime:265] [32mInitialize platform devices...[m
[guest-console:pl011-starry] [m[37m[  0.860226 someboot::arch::power:23] [32mPower management method : HVC[m
[guest-console:pl011-starry] [m[37m[  0.862691 somehal::driver:5] [32mInitializing rdrive with F[guest-console:pl011-starry] [m[37m[  0.878514 ax_task::api:149] [32mInitialize scheduling...[m
[guest-console:pl011-starry] [m[37m[  0.880686 ax_task::api:154] [32m  use Round-robin scheduler.[m
[guest-console:pl011-starry] [m[37m[  0.882905 ax_runtime:291] [32mInitialize interrupt handlers...[m
[guest-console:pl011-starry] [m[37m[  0.885973 ax_runtime::devices:2] [32mProbe platform devices...[m
[guest-console:pl011-starry] [m[37m[  0.888927 ax_driver::serial::pl011:22] [32mProbing PL011 serial device: serial@9000000[m
[guest-console:pl011-starry] [m[37m[  0.891909 ax_driver::serial::pl011:39] [32mPL011 serial@0xffff000009000000 registered successfully[m
[guest-console:pl011-starry] [m[37m[  0.895465 virtio_drivers::device::blk:63] [32mfound a block device of size 163840KB[m
[guest-console:pl011-starry] [m[37m[  0.898437 ax_driver::virtio::block:91] [32mregistered virtio block device[m
[guest-console:pl011-starry] [m[37m[  0.901220 virtio_drivers::device::net::dev_raw:33] [32mnegotiated_features Features(MAC | VERSION_1)[m
[guest-console:pl011-starry] [m[37m[  0.904819 ax_driver::virtio::net:407] [32mregistered virtio network device irq=None[m
[guest-console:pl011-starry] [mBoot at 1970-01-01 00:00:00.907680666 UTC
[guest-console:pl011-starry] 
[guest-console:pl011-starry] [37m[  0.909535 ax_runtime::irq:120] [32mregistered virtio-blk/0 [guest-console:pl011-starry] [m[37m[  0.913131 ax_fs_ng::block::runtime::device:1359] [33mrdif filesystem block device virtio-blk registered with IRQ-driven completion[m
[guest-console:pl011-starry] [m[37m[  0.917194 ax_fs_ng::block::runtime::device:1361] [32mreg[guest-console:pl011-starry] [m[37m[  0.923356 ax_fs_ng::root:280] [32m  block device 0 (virtio-blk) has no usable partition table; treating the whole disk as a candidate[m
[guest-console:pl011-starry] [m[37m[  0.927510 ax_fs_ng::root:389] [32m  matched root by raw device path on disk0 raw device[m
[guest-console:pl011-starry] [m[37m[  0.930445 ax_fs_ng:75] [32mInitialize filesystem subsystem...[m
[guest-console:pl011-starry] [m[37m[  0.932689 ax_fs_ng:76] [32m  selected root device: disk0 raw device[m
[guest-console:pl011-starry] [m[37m[  0.935346 rsext4::crc32c::arm64:54] [33mID_AA64ISAR0_EL1[19:16]: 0x1[m
[guest-console:pl011-starry] [m[37m[  0.937826 rsext4::crc32c::arm64:57] [33mHardware CRC32C support detec[guest-console:pl011-starry] [m[37m[  0.942908 rsext4::ext4::mount:340] [32m/lost+found exists (path resolution, repaired hin[guest-console:pl011-starry] [m[37m[  0.946824 rsext4::ext4::m1-starry] [m[37m[  0.949105 rsole:pl011-starry] [m[37m[  0.951454 rsext4::ext4::mount:464] [32m  - total blocks: 40960[m
[guest-console:pl011-starry] [m[37m[  0.953724 rsext4::ext4::mount:465] [32m  - free blocks: 26245[m
[guest-console:pl011-starry] [m[37m[  0.955982 rsext4::ext4::mount:466] [32m  - total inodes: 16384[m
[guest-console:pl011-starry] [m[37m[  0.958251 rsext4::ext4::mount:467] [32m  - free inodes: 16316[m[guest-console:pl011-starry] [m[guest-console:pl011-starry] [m[37m[  0.964747 rsext4::ext4::mount:546] [32mExt4 filesystem mounted[m
[guest-console:pl011[37m[  0.967072 ax_fs_ng:88] [32m  filesystem type: "ext4"[m[guest-console:pl011-starry] [m[37m[  0.970598 ax_net:189] [32mInitialize network subsystem...[m
[guest-console:pl011-starry] [m[37m[  0.973006 ax_net:209] [32m  use NIC 0: "virtio-net"[m
[guest-console:pl011-starry] [m[37m[  0.975313 ax_runtime::irq:120] [32mregistered eth0 irq IrqId { domain: IrqDomainId(7), hwirq: HwIrq(56) }[m
[guest-console:pl011-starry] [m[37m[  0.978748 ax_net:235] [32meth0:[m
[guest-console:pl011-starry] [m[37m[  0.980206 ax_net:236][guest-console:pl011-starry] [m[37m[  0.981769 ax_net:237] [354-00-00-00-01[m
[guest-console:pl011-starry] [m[37m[  0.983757 ax_net:254] [32m  mode: dhcp[m
[guest-console:pl011-starry] [m[37m[  0.985402 ax_net:292] [32mDevice: lo[m
[guest-console:pl011-starry] [m[37m[  0.987024 ax_net:292] [32mDevice: eth0[m
[guest-console:pl011-starry] [m[37m[  0.988721 ax_net::service:606] [32meth0: DHCP enabled[m
[guest-console:pl011-starry] [m[37m[  2.994390 ax_net:937] [33mDHCP bootstrap timed out[m
[37m[101.084589 1:14 axvm::arched: sched:sched_process_exit[m
[guest-console:pl011-starry] [m[37m[  3.029428 0:2 ktracepoint:314] [32mtracepoint registered: sched:sched_process_fork[m
[guest-console:pl011-starry] [m[37m[  3.032225 0:2 ktracepoint:314] [32mtracepoint registered: sched:sched_switch[m
[guest-console:pl011-starry] [m[37m[  3.034875 0:2 ktracepoint:314] [32mtracepoint registered: sy_clone[m
[guest-console:pl011-starry] [m[37m[  3.037543 0:2 ktracepoint:314] [32mtracepoint registered: syscalls:sys_enter_openat[m
[guest-console:pl011-starry] [m[37m[  3.040393 0:2 ktracepoint:314] [32mtracepoint registered: syscalls:sys_mkdirat[m
[guest-console:pl011-starry] [mInitialized 6 tracepoints
[guest-console:pl011-starry] kmod subsy[guest-console:pl011-starry] [m[37m[  3.047995 0:2 starry_kernel::pseudofs::dev::tty::serial:343] [32mttyS0 registered: path=/serial@9000000, alias=Some(0), paddr=0x9000000, mapped=0xffff000009000000, irq=IrqId { domain: IrqDomainId(7), hwirq: HwIrq(33) }, mode=interrupt[m
[guest-console:pl011-starry] [m[37m[  3.054836 0:2 starry_kernel::pseudofs::dev::tty::serial:2 ttyS0[m
[guest-console:pl011-starry] [m[37m[  3.058462 0:2 starry_kernel::pseudofs:78] [32mMounted devfs at /dev[m
[guest-console:pl011-starry] [m[37m[  3.060873 0:2 starry_kernel::pseudofs::usbfs:51] [32musbfs: initializing manager[m
[guest-console:pl011-starry] [mred 0 USB host(s)[m
[guest-console:pl011-starry] [m[37m[  3.066770 0:2 starry_kernel::pseudofs::usbfs:54] [32musbfs: no USB host found, skip mounting usbfs[m
[guest-console:pl011-starry] [m[37m[  3.070046 0:2 starry_kernel::pseudofs:78] [32mMounted tmpfs at /dev/shm[m
[guest-console:pl011-starry] [m[37m[  3.079431 0:2 starry_kernel::pseudofs:78] [32mMounted tmpfs at /tmp[m
[guest-console:pl011-starry] [m[37m[  3.082003 0:2 starry_kernel::dyn_debug:61] [32mdebug_init: initializing dynamic debug sites[m
[guest-console:pl011-starry] [m[37m[  3.085896 0:2 starry_kernel::dyn_debug:64] [32mdebug_init: found 191 dynamic debug sites[m
[guest-console:pl011-starry] [m[37m[  3.089015 0:2 starry_kernel::pseudofs::proc:73] [32mRead kallsyms, size: 1287KB[m
[guest-console:pl011-starry] [m[37m[  3.122473 0:2 starry_kernel::pseudofs:78] [32mMounted proc at /proc[m
[guest-console:pl011-starry] [m[37m[  3.125248 0:2 starry_kernel::pseudofs:78] [32mMounted sysfs at /sys[m
[guest-console:pl011-starry] [m[37m[  3.127915 0:2 starry_kernel::pseudofs:78] [32mMounted debug at /sys/kernel/debug[m
[guest-console:pl011-starry] [m[37m[  3.130750 0:2 starry_kernel::task::timer:329] [32mInitialize alarm...[m
[guest-console:pl011-starry] [mWelcome to [96m[1mStarry OS[0m!
[guest-console:pl011-starry] /bin/sh: env: not found
[gue[guest-console:pl011-starry] STARRY_GROUPED_AUTORUN_INIT
[guest-console:pl011-starry] IVC-STARRY-BOOT mode=neural backend=onnxruntime fault_profile=none count=1800 period_ms=100 vcpus=2[guest-console:pl011-starry] IVC-STARRY-BOOT mode=neural backend=onnxruntime fault_profile=none count=1800 period_ms=100 vcpus=2
[guest-console:pl011-starry] IVC-STARRY-BOOT mode=neural backend=onnxruntime fault_profile=none count=1800 period_ms=100 vcpus=2
[guest-console:pl011-starry] IVC-STARRY-BOOT mode=neural backend=onnxruntime fault_profile=none count=1800 period_ms=100 vcpus=2
[guest-console:pl011-starry] IVC-STARRY-BOOT mode=neural backend=onnxruntime fault_profile=none count=1800 period_ms=100 vcpus=2
[guest-console:pl011-starry] IVC-STARRY-NET iface=eth0 mac=unknown ip=10.0.0.1/24 peer=10.0.0.2 udp_port=5500 segment=1
[guest-console:pl011-starry] IVC-STARRY-PEER-WAIT seconds=2
[guest-console:pl011-starry] [0;93m1970-01-01 00:00:08.461728041 [W:onnxruntime:ivc-thermal-control, device_discovery.cc:132 GetPciBusId] Skipping pci_bus_id for PCI path at "/sys/devices/platform/virtio-gpu0" because filename ""virtio-gpu0"" dit not matc-9a-f]+:[0-9a-f]+:[0-9a-f]+[.][0-9a-f]+[m
[guest-console:pl011-starry] IVC-CONTROLLER-START peer=10.0.0.2:5500 count=1800 policy=neural period_ms=100 session_id=3759731420 backend=onnxruntime ack_timeout_ms=1000
[guest-console:pl011-zephyr] IVC-RTOS-READY bind=10.0.0.2:5500 mac=52:54:00:00:00:02 window_bits=64 ack_loss_drop_every=0 expected_commands=1800 expected_protocol_errors=0 exit_after_expected=1
[guest-console:pl011-zephyr] IVC-RTOS-READY bind=10.0.0.2:5500 mac=52:54:00:00:00:02 window_bits=64 ack_loss_drop_every=0 expected_commands=1800 expected_protocol_errors=0 exit_after_expected=1
[guest-console:pl011-zephyr] IVC-RTOS-PROGRESS accepted=1 seq=1 mode=Neural actuator_permille=951 measured_milli_c=20266 duplicates=0 protocol_errors=0
[guest-console:pl011-starry] IVC-CONTROLLER-STATUS seq=1 mode=Neural actuator_permille=951 measured_milli_c=20266 setpoint_milli[guest-console:pl011-zephyr] IVC-RTOS-PROGRESS accepted=100 seq=100 mode=Neural actuator_permille=558 measured_milli_c=36737 duplicates=0 protocol_errors=0
[guest-console:pl011-starry] IVC-CONTROLLER-STATUS seq=100 mode=Neural actuator_permille=558 measured_milli_c=36737 setpoint_milli_c=45000
[guest-console:pl011-zephyr] IVC-RTOS-PROGRESS accepted=200 seq=200 mode=Neural actuator_permille=416 measured_milli_c=42034 dup[guest-console:pl011-starry] IVC-CONTROLLER-STATUS seq=200 mode=Neural actuator_permille=416 measured_milli_c=42034 setpoint_mil[guest-console:pl011-zephyr] IVC-RTOS-PROGRESS accepted=300 seq=300 mode=Neural actuator_permille=370 measured_milli_c=43706 dupates=0 protocol_errors=0
[guest-console:pl011-starry] IVC-CONTROLLER-STATUS seq=300 mode=Neural actuator_permille=370 meared_milli_c=43706 setpoint_milli_c=45000
[guest-console:pl011-zephyr] IVC-RTOS-PROGRESS accepted=400 seq=400 mode=Neural actuator_permille=356 measured_milli_c=44236 duplicates=0 protocol_errors=0
[guest-console:pl011-starry] IVC-CONTROLLER-STATUS seq=400 mode=Neural actuator_permille=356 measured_milli_c=44236 setpoint_milli_c=45000
[guest-console:pl011-zephyr] IVC-RTOS-PROGRESS accepted=500 seq=500 mode=Neural actuator_permille=352 measured_milli_c=44403 dup11-starry] IVC-CONTROLLER-STATUS seq=500 mode=Neural actuator_peed_milli_c=44403 setpoint_milli_c=45000
[guest-console:pl011-zephyr] IVC-RTOS-PROGRESS accepted=600 seq=600 mode=Neural actuator_permille=350 measured_milli_c=44455 duplicates=0 protocol_errors=0
[guest-console:pl011-starry] IVC-CONTROLLER-STATUS seq=600 mode=Neural actuator_permille=350 measured_milli_c=44455 setpoint_milli_c=45000
[guest-console:pl011-zephyr] IVC-RTOS-PROGRESS accepted=700 seq=700 mode=Neural actuator_permille=792 measured_milli_c=57383 duplicates=0 protocol_errors=0
[guest-console:pl011-starry] IVC-CONTROLLER-STATUS seq=700 mode=Neural actuator_permille=792 measured_milli_c=57383 setpoint_milli_c=65000
[guest-console:pl011-zephyr] IVC-RTOS-PROGRESS accepted=800 seq=800 mode=Neural actuator_permille=677 measured_milli_c=61671 duplicates=0 protocol_errors=0
[guest-console:pl011-starry] IVC-CONTROLLER-STATUS seq=800 mode=Neural actuator_permille=677 measured_milli_c=61671 setpoint_mil[guest-console:pl011-zephyr] IVC-RTOS-PROGRESS accepted=900 seq=900 mode=Neural actuator_permille=680 measured_milli_c=61758 dup[guest-console:pl011-starry] IVC-CONTROLLER-STATUS seq=900 mode=Neural actuator_permille=680 measured_milli_c=61758 setpoint_mil[guest-console:pl011-zephyr] IVC-RTOS-PROGRESS accepted=1000 seq=1000 mode=Neural actuator_permille=659 measured_milli_c=62344 duplicates=0 protocol_errors=0
[guest-console:pl011-starry] IVC-CONTROLLER-STATUS seq=1000 mode=Neural actuator_permille=659 measured_milli_c=62344 setpoint_milli_c=65000
[guest-console:pl011-zephyr] IVC-RTOS-PROGRESS accepted=1100 seq=1100 mode=Neural actuator_permille=635 measured_milli_c=63239 duplicates=0 protocol_errors=0
[guest-console:pl011-starry] IVC-CONTROLLER-STATUS seq=1100 mode=Neural actuator_permille=635 measured_milli_c=63239 setpoint_milli_c=65000
[guest-console:pl011-zephyr] IVC-RTOS-PROGRESS accepted=1200 seq=1200 mode=Neural actuator_permille=627 measured_milli_c=63522 duplicates=0 protocol_errors=0
[guest-console:pl011-starry] IVC-CONTROLLER-STATUS seq=1200 mode=Neural actuator_permille=627 measured_milli_c=63522 setpoint_mi[guest-console:pl011-zephyr] IVC-RTOS-PROGRESS accepted=1300 seq=1300 mode=Neural actuator_permille=337 measured_milli_c=56277 d[guest-console:pl011-zephyr] IVC-RTOS-PROGRESS accepted=1400 seq=1400 mode=Neural actuator_permille=373 measured_milli_c=52588 dtes=0 protocol_errors=0
[guest-console:pl011-starry] IVC-CONTROLLER-STATUS seq=1400 mode=Neural actuator_permille=373 measured_milli_c=52588 setpoint_milli_c=50000
[guest-console:pl011-zephyr] IVC-RTOS-PROGRESS accepted=1500 seq=1500 mode=Neural actuator_permille=392 measured_milli_c=50710 duplicates=0 protocol_errors=0
[guest-console:pl011-starry] IVC-CONTROLLER-STATUS seq=1500 mode=Neural actuator_permille=392 measured_milli_c=50710 setpoint_milli_c=50000
[guest-console:pl011-zephyr] IVC-RTOS-PROGRESS accepted=1600 seq=1600 mode=Neural actuator_permille=405 measured_milli_c=49771 duplicates=0 protocol_errors=0
[guest-console:pl011-starry] IVC-CONTROLLER-STATUS seq=1600 mode=Neural actuator_permille=405 measured_milli_c=49771 setpoint_mi[guest-console:pl011-zephyr] IVC-RTOS-PROGRESS accepted=1700 seq=1700 mode=Neural actuator_permille=414 measured_milli_c=49432 duplicates=0 protocol_errors=0
[guest-console:pl011-starry] IVC-CONTROLLER-STATUS seq=1700 mode=Neural actuator_permille=414 measured_milli_c=49432 setpoint_milli_c=50000
[guest-console:pl011-zephyr] IVC-RTOS-PROGRESS accepted=1800 seq=1800 mode=Neural actuator_permille=417 measured_milli_c=49325 duplicates=0 protocol_errors=0
[guest-console:pl011-starry] IVC-CONTROLLER-STATUS seq=1800 mode=Neural actuator_permille=417 measured_milli_c=49325 setpoint_milli_c=50000
[guest-console:pl0[guest-console:pl011-zephyr] IVC-RTOS-MESSAGES status_sent=1800 acks_sent=1800 errors_sent=0 protocol_errors=0
[guest-console:pl011-zephyr] IVC-RTOS-OUTCOME profile=normal accepted=1800 applied=1800 duplicates=0 acks_dropped=0
[guest-console:pl011-zephyr] IVC-RTOS-MESSAGES status_sent=1800 acks_sent=1800 errors_sent=0 protocol_errors=0
[guest-console:pl011-zephyr] IVC-RTOS-RESULT profile=normal accepted=1800 applied=1800 duplicates=0 acks_dropped=0 status_sent=1[guest-console:pl011-starry] IVC-CONTROLLER-RAW path=/var/lib/ivc/raw.csv samples=1800
[guest-console:pl011-starry] IVC-CONTROLLER-OUTCOME policy=neural sent=1800 acknowledged=1800 errors=0 timeouts=0
[guest-console:pl011-starry] IVC-CONTROLLER-RELIABILITY retransmissions=0 recoveries=0 success_percent=100.000
[guest-console:pl011-starry] IVC-CONTROLLER-FULL-LOOP p50_us=7185 p95_us=11647 p99_us=12023 max_us=143429
[guest-console:pl011-starry] IVC-CONTROLLER-PRE-SEND p50_us=202 p95_us=225 p99_us=236 max_us=17992
[guest-console:pl011-starry] IVC-CONTROLLER-TRANSPORT p50_us=6962 p95_us=11408 p99_us=11789 max_us=125437 throughput_msg_s=9.992[guest-console:pl011-starry] IVC-CONTROLLER-CONTROL rmse_milli_c=5932.484 iae_milli_c_s=686980.400 max_overshoot_milli_c=13428[guest-console:pl011-starry] IVC-CONTROLLER-OUTCOME policy=neural sent=1800 acknowledged=1800 errors=0 timeouts=0
[guest-console:pl011-starry] IVC-CONTROLLER-RELIABILITY retransmissions=0 recoveries=0 success_percent=100.000
[guest-console:pl011-starry] IVC-CONTROLLER-FULL-LOOP p50_us=7185 p95_us=11647 p99_us=12023 max_us=143429
[guest-console:pl011-starry] IVC-CONTROLLER-PRE-SEND p50_us=202 p95_us=225 p99_us=236 max_us=17992
[guest-console:pl011-starry] IVC-CONTROLLER-TRANSPORT p50_us=6962 p95_us=11408 p99_us=11789 max_us=125437 throughput_msg_s=9.992
[guest-console:pl011-starry] IVC-CONTROLLER-CONTROL rmse_milli_c=5932.484 iae_milli_c_s=686980.400 max_overshoot_milli_c=13428[guest-console:pl011-starry] IVC-CONTROLLER-RESULT policy=neural sent=1800 acknowledged=1800 errors=0 timeouts=0 retransmissionsus=12023 full_loop_max_us=143429 pre_send_p50_us=202 pre_send_p95_us=225 pre_send_p99_us=236 pre max_overshoot_milli_c=13428
[CONTROL-RUNTIME version=1.25.0 provider=CPUExecutionProvider init_us=224251
[guest-console:pl011-starry] IVC-ORT-CONTROL-RESULT samples=1800 wall_p99_ns=174417
[guest-console:pl011-starry] IVC-ORT-CONTROL-RUNTIME version=1.25.0 provider=CPUExecutionProvider init_us=224251
[guest-console:pl011-starry] IVC-ORT-CONTROL-RESULT samples=1800 wall_p99_ns=174417
[guest-console:pl011-starry] IVC-ORT-CONTROL-RUNTIME version=1.25.0 provider=CPUExecutionProvider init_us=224251
[guest-console:pl011-starry] IVC-ORT-CONTROL-RESULT samples=1800 wall_p99_ns=174417
[guest-console:pl011-starry] IVC-ORT-CONTROL-RUNTIME version=1.25.0 provider=CPUExecutionProvider init_us=224251
[guest-console:pl011-starry] IVC-ORT-CONTROL-RESULT samples=1800 wall_p99_ns=174417
[guest-console:pl011-starry] IVC-ORT-CONTROL-RUNTIME version=1.25.0 provider=CPUExecutionProvider init_us=224251
[guest-console:pl011-starry] IVC-ORT-CONTROL-RESULT samples=1800 wall_p99_ns=174417
[guest-console:pl011-zephyr] IVC-RTOS-POWEROFF accepted=1800
[guest-console:pl011-zephyr] IVC-RTOS-POWEROFF accepted=1800
[guest-console:pl011-zephyr] IVC-RTOS-POWEROFF accepted=1800
[guest-console:pl011-zephyr] IVC-RTOS-POWEROFF accepted=1800
[guest-console:pl011-zephyr] IVC-RTOS-POWEROFF accepted=1800
[37m[289.800341 0:15 axvm::arch::aarch64:198] [33mVM[2] run VCpu[0] SystemDown[m
[m[37m[289.801001 0:15 axvm::vm:902] [32mStopping VM[2]: SystemDown[m
[m[37m[289.801572 0:15 axvm::rf VM stopping[m
[m[37m[289.802362 0:15 axvm::runtime::vcpus:pu exiting, decreasing running VM count[m
[m[37m[289.803274 m::runtime::vcpus:435] [32mVM[2] VCpu[0] exiting...[m
[m[guest-console:pl011-starry] IVC-STARRY-RAW path=/var/lib/ivc/raw.csv samples=1800 sha256=267f981c771595a450bab5bebc99229256fbcb99b0f9296fcb9f2bceee418d6c
[guest-console:pl011-starry] IVC-STARRY-ORT-MODEL sha256=3582869baf9b8cec722208d06f66acd680a64128b52875d22e7f0e43f2ed7887
[guest-console:pl011-starry] IVC-STARRY-ORT-RAW sha256=61c50c23095ccbb3cae8a62db201617daaa3a98f5bbef3addb3f073ac3415ac8
[guest-console:pl011-starry] IVC-STARRY-RAW path=/var/lib/ivc/raw.csv samples=1800 sha256=267f981c771595a450bab5bebc99229256fbcb99b0f9296fcb9f2bceee418d6c
[guest-console:pl011-starry] IVC-STARRY-ORT-MODEL sha256=3582869baf9b8cec722208d06f66acd680a64128b52875d22e7f0e43f2ed7887
[guest-console:pl011-starry] IVC-STARRY-ORT-RAW sha256=61c50c23095ccbb3cae8a62db201617daaa3a98f5bbef3addb3f073ac3415ac8
[guest-console:pl011-starry] IVC-STARRY-RAW path=/var/lib/ivc/raw.csv samples=1800 sha256=267f981c771595a450bab5bebc99229256fbcb99b0f9296fcb9f2bceee418d6c
[guest-console:pl011-starry] IVC-STARRY-ORT-MODEL sha256=3582869baf9b8cec722208d06f66acd680a64128b52875d22e7f0e43f2ed7887
[guest-console:pl011-starry] IVC-STARRY-ORT-RAW sha256=61c50c23095ccbb3cae8a62db201617daaa3a98f5bbef3addb3f073ac3415ac8
[guest-console:pl011-starry] IVC-STARRY-RAW path=/var/lib/ivc/raw.csv samples=1800 sha256=267f981c771595a450bab5bebc99229256fbcb99b0f9296fcb9f2bceee418d6c
[guest-console:pl011-starry] IVC-STARRY-ORT-MODEL sha256=3582869baf9b8cec722208d06f66acd680a64128b52875d22e7f0e43f2ed7887
[guest-console:pl011-starry] IVC-STARRY-ORT-RAW sha256=61c50c23095ccbb3cae8a62db201617daaa3a98f5bbef3addb3f073ac3415ac8
[guest-console:pl011-starry] IVC-STARRY-RAW path=/var/lib/ivc/raw.csv samples=1800 sha256=267f981c771595a450bab5bebc99229256fbcb[guest-console:pl011-starry] IVC-STARRY-ORT-MODEL sha256=3582869baf9b8cec722208d06f66acd680a64128b52875d22e7f0e43f2ed7887
[guest-console:pl011-starry] IVC-STARRY-ORT-RAW sha256=61c50c23095ccbb3cae8a62db201617daaa3a98f5bbef3addb3f073ac3415ac8
[guest-console:pl011-starry] IVC-STARRY-DONE exit=0
[37m[300.996876 1:14 axvm::arch::aarch64:198] [33mVM[1] run VCpu[0] SystemDown[m
[m[37m[300.997537 1:14 axvm::vm:902] [32mStopping VM[1]: SystemDown[m
[m[37m[300.998106 1:14 axvm::runtime::vcpus:409] [33mVM[1] VCpu[0] stopping because of VM sto[m
[m[37m[300.998896 1:14 axvm::runtime::vcpus:435] [32mVM[1] VCpu[0] exiting...[m
[m[37m[301.005439 2:16 axvm::runtime::vcpus:409] [33mVM[1] VCpu[1] stopping because of VM stopping[m
[m[37m[301.006232 2:16 axvm::runtime::vcpus:415] [32mVM[1] VCpu[1] last VCpu exiting, decreasing running VM count[m
[m[37m[301.007145 2:16 axvm::runtime::vcpus:420] [32mVM[1] state changed to Stopped[m
[m[37m[301.007826 2:16 axvm::runtime::vcpus:435] [32mVM[1] VCpu[1] exiting...[m
[m[37m[301.008469 2:2 axvisor:82] [32m[OK] Default guest initialized[m
[mWelcome to AxVisor Shell!
Type 'help' to see available commands
Use UP/DOWN arrows to navigate command history

AXVISOR_SHELL_READY
AXVISOR_SHELL_READY
AXVISOR_SHELL_READY
AXVISOR_SHELL_READY
AXVISOR_SHELL_READY
axvisor:/$ [2Kaxvisor:/$ s[2Kaxvisor:/$ ss[2Kaxvisor:/$ ss [2Kaxvisor:/$ ss 1[2Kaxvisor:/$ ss 1 h[2Kaxvisor:/$ ss 1 0 /ho[2Kaxvisor:/$ ss 1 0 /hom[2Kaxvisor:/$ ss 1 0 /home[2Kaxvisor:/s 1 0 /home/o[2Kaxvisor:/$ ss e/ora[2Kaxvisor:/$ ss 1 0 /home/oran[2Kaxvisor:/$ ss 1 0 /home/orang[2Kaxvisor:/$ ss 1 0 /home/orange[2Kaxvisor:/$ ss 1 0 /home/orangep[2Kaxvisor:/$ ss 1 0 /home/orangepi[2Kaxvisors 1 0 /home/orangepi/[2Kaxviso$ ss 1 0 /home/orangepi/i[2Kaxvisor:/$ ss 1 0 /home/orangepi/ii/ivc-o[2Kaxvisor:/$ ss 1 0 /home/orangepi/ivc-on
AXVISOR_VM_AXVISOR_SNAPSHOT_SYNC_OK
AXVISOR_SNAPSHOT_SYNC_OK
AXVISOR_SNAP
=== SUCCESS PATTERN MATCHED: (?m)^AXVISOR_SNAPSHOT_SYNC_OK\r*$ ===
SHOT_SYNC_OK
AXVISOR_SNAPSHOT_SYNC_OK
AXVISOR_SNAPSHOT_SYNC_OK
AXVISOR_VM_BLOCK_SNAPSHOT vm=1 index=0 path=/home/orangepi/ivc-on bytes=167772160
AXVISOR_VM_BLOCK_SNAPSHOT vm=1 index=0 path=/home/orangepi/ivc-on bytes=1677160
AXVISOR_VM_BLOCK_SNAPSHOT vex=0 path=/home/orangepi/ivc-on bytes=167772160
AXVISOR_HOST_FILESYSTEM_SYNCED
AXVISOR_HOST_FILESYSTEM_SYNCED
AXVISOR_HOST_FILESYSTEM_SYNCED
AXVISOR_HOST_FILESYSTEM_SYNCED
AXVISOR_HOST_FILESYSTEM_SYNCED
axvisor:/$ [axbuild] board build+run package=axvisor target=scripts/targets/std/pie/aarch64-unknown-linux-musl.json config=competition/ivc/config/axvisor-orangepi-5-plus-ort-control.toml ... done (384.05s)
ssh: connect to host 192.168.31.33 port 22: Connection timed out
Axvisor filesystem sync marker was confirmed by the board test
/home/seven_wsl/.local/share/tgos-board-power-venv/lib/python3.13/site-packages/miio/miot_device.py:23: FutureWarning: functools.partial will be a method descriptor in future Python versions; wrap it in enum.member() if you want to preserve the old behavior
  Bool = partial(_str2bool)
2 versions found for model cuco.plug.v3: [ReleaseInfo(model='cuco.plug.v3', status=None, type='urn:miot-spec-v2:device:outlet:0000A002:cuco-v3:1', version=1), ReleaseInfo(model='cuco.plug.v3', status=None, type='urn:miot-spec-v2:device:outlet:0000A002:cuco-v3:2', version=2)], using the newest one
RESULT action=status board=orangepi-5-plus-rk3588 power=on watts=2 temperature_celsius=52 fault_code=0
/home/seven_wsl/.local/share/tgos-board-power-venv/lib/python3.13/site-packages/miio/miot_device.py:23: FutureWarning: functools.partial will be a method descriptor in future Python versions; wrap it in enum.member() if you want to preserve the old behavior
  Bool = partial(_str2bool)
RESULT action=cycle board=orangepi-5-plus-rk3588 power=on watts=0 temperature_celsius=52 fault_code=0
  DDR ff1a08bde6 typ 25/03/13-1
=> setenv devtype mmc; setenv devnum 1; setenv mmc_bootdev 1; setenv distro_bootpart 1; setenv prefix /; echo UBOOT_LINUX_BOOT_BEGIN; fatload mmc 1:1 0x00c00000 boot.scr; source 0x00c00000
UBOOT_LINUX_BOOT_BEGIN
3413 bytes read in 3 ms (1.1 MiB/s)
## Executing script at 00c00000
Boot script loaded from mmc 1
178 bytes read in 3 ms (57.6 KiB/s)
15301327 bytes read in 1289 ms (11.3 MiB/s)
ssh: connect to host 192.168.31.33 port 22: No route to host
ssh: connect to host 192.168.31.33 port 22: No route to host
ssh: connect to host 192.168.31.33 port 22: No route to host
/dev/mmcblk1p2 ext4   rw,noatime,errors=remount-ro,commit=600
BOARD_LINUX_RESTORED
debugfs 1.46.5 (30-Dec-2021)
debugfs 1.46.5 (30-Dec-2021)
debugfs 1.46.5 (30-Dec-2021)
debugfs 1.46.5 (30-Dec-2021)
BOARD_RESULT_IMAGE_VALIDATED vm=1 index=0 path=/home/orangepi/ivc-on bytes=167772160 sha256=75fcf4d8771da89615dba2aee0984fcc8d79be303227007caf712c62e7790322 fsck=clean
BOARD_GUEST_RAW_MANIFEST path=/var/lib/ivc/raw.csv samples=1800 sha256=267f981c771595a450bab5bebc99229256fbcb99b0f9296fcb9f2bceee418d6c
BOARD_RAW_RESULT_HARVESTED path=/home/seven_wsl/Workspace/starry/tgoskits-rt-ivc-m4-formal-20260804/tmp/competition/ivc/ort-control-full-formal-20260805-v4/ort-full/run-005/raw.csv samples=1800 sha256=267f981c771595a450bab5bebc99229256fbcb99b0f9296fcb9f2bceee418d6c
BOARD_GUEST_ORT_MANIFEST path=/var/lib/ivc/ort.csv samples=1800 sha256=61c50c23095ccbb3cae8a62db201617daaa3a98f5bbef3addb3f073ac3415ac8
BOARD_ORT_RESULT_HARVESTED path=/home/seven_wsl/Workspace/starry/tgoskits-rt-ivc-m4-formal-20260804/tmp/competition/ivc/ort-control-full-formal-20260805-v4/ort-full/run-005/ort.csv samples=1800 sha256=61c50c23095ccbb3cae8a62db201617daaa3a98f5bbef3addb3f073ac3415ac8
BOARD_IDENTITY board_id=bf61f4d4a1d994ad hostname=orangepi5plus cpu_temp_milli_c=46230
IVC board analysis passed: /home/seven_wsl/Workspace/starry/tgoskits-rt-ivc-m4-formal-20260804/tmp/competition/ivc/ort-control-full-formal-20260805-v4/ort-full/run-005/summary.json
BOARD_METADATA_WRITTEN path=/home/seven_wsl/Workspace/starry/tgoskits-rt-ivc-m4-formal-20260804/tmp/competition/ivc/ort-control-full-formal-20260805-v4/ort-full/run-005/metadata.json
ORANGEPI_IVC_RUNS_COMPLETE profile=ort-full repeats=5 result_dir=/home/seven_wsl/Workspace/starry/tgoskits-rt-ivc-m4-formal-20260804/tmp/competition/ivc/ort-control-full-formal-20260805-v4/ort-full
ORT campaign aggregation passed: /home/seven_wsl/Workspace/starry/tgoskits-rt-ivc-m4-formal-20260804/tmp/competition/ivc/ort-control-full-formal-20260805-v4/ort-full/campaign-summary.json
preregistration.json: OK
preregistration.sha256: OK
campaign-summary.json: OK
run-001/checksums.sha256: OK
run-002/checksums.sha256: OK
run-003/checksums.sha256: OK
run-004/checksums.sha256: OK
run-005/checksums.sha256: OK
ORT_CAMPAIGN_COMPLETE runs=5 samples=9000 result_root=/home/seven_wsl/Workspace/starry/tgoskits-rt-ivc-m4-formal-20260804/tmp/competition/ivc/ort-control-full-formal-20260805-v4/ort-full
