sequence,cycle_started_us,command_sent_us,response_completed_us,full_loop_us,pre_send_us,transport_us,setpoint_milli_c,observed_milli_c,measured_milli_c,command_actuator_permille,status_actuator_permille,error_milli_c
1,5401,5769,107118,101717,368,101349,45000,20000,20266,951,951,24734
2,107987,108004,121729,13742,17,13725,45000,20266,20543,992,992,24457
3,208416,208433,211757,3341,17,3324,45000,20543,20817,986,986,24183
4,308464,308481,311859,3395,17,3378,45000,20817,21088,979,979,23912
5,408513,408530,411919,3406,17,3389,45000,21088,21356,972,972,23644
6,508560,508577,511987,3427,17,3410,45000,21356,21620,965,965,23380
7,608607,608624,612058,3451,17,3434,45000,21620,21882,958,958,23118
8,708654,708671,712135,3481,17,3464,45000,21882,22141,951,951,22859
9,808700,808717,812200,3500,17,3483,45000,22141,22397,944,944,22603
10,908747,908764,912257,3510,17,3493,45000,22397,22649,937,937,22351
11,1008796,1008812,1012323,3527,16,3511,45000,22649,22899,931,931,22101
12,1108862,1108879,1112365,3503,17,3486,45000,22899,23147,924,924,21853
13,1208927,1208944,1212359,3432,17,3415,45000,23147,23391,917,917,21609
14,1308974,1308990,1312372,3398,16,3382,45000,23391,23632,911,911,21368
15,1409020,1409037,1412364,3344,17,3327,45000,23632,23871,905,905,21129
16,1509065,1509082,1512369,3304,17,3287,45000,23871,24107,898,898,20893
17,1609111,1609128,1612365,3254,17,3237,45000,24107,24340,892,892,20660
18,1709157,1709173,1712370,3213,16,3197,45000,24340,24571,886,886,20429
19,1809203,1809236,1812364,3161,33,3128,45000,24571,24799,879,879,20201
20,1909250,1909266,1912362,3112,16,3096,45000,24799,25024,873,873,19976
21,2009295,2009312,2012372,3077,17,3060,45000,25024,25247,867,867,19753
22,2109340,2109356,2112365,3025,16,3009,45000,25247,25467,861,861,19533
23,2209386,2209402,2212367,2981,16,2965,45000,25467,25685,856,856,19315
24,2309431,2309448,2312371,2940,17,2923,45000,25685,25900,850,850,19100
25,2409477,2409493,2412374,2897,16,2881,45000,25900,26113,844,844,18887
26,2509523,2509539,2512362,2839,16,2823,45000,26113,26323,838,838,18677
27,2609568,2609585,2611371,1803,17,1786,45000,26323,26531,833,833,18469
28,2709614,2709631,2711488,1874,17,1857,45000,26531,26736,827,827,18264
29,2809660,2809677,2821651,11991,17,11974,45000,26736,26940,822,822,18060
30,2909706,2909722,2921753,12047,16,12031,45000,26940,27140,816,816,17860
31,3009751,3009768,3021342,11591,17,11574,45000,27140,27339,811,811,17661
32,3109797,3109813,3121468,11671,16,11655,45000,27339,27535,806,806,17465
33,3209843,3209859,3221496,11653,16,11637,45000,27535,27729,801,801,17271
34,3309908,3309924,3321581,11673,16,11657,45000,27729,27921,795,795,17079
35,3409954,3409970,3421580,11626,16,11610,45000,27921,28110,790,790,16890
36,3510000,3510016,3521654,11654,16,11638,45000,28110,28298,785,785,16702
37,3610045,3610077,3621679,11634,32,11602,45000,28298,28483,780,780,16517
38,3710109,3710126,3721730,11621,17,11604,45000,28483,28666,775,775,16334
39,3810174,3810191,3821785,11611,17,11594,45000,28666,28847,770,770,16153
40,3910221,3910238,3921836,11615,17,11598,45000,28847,29026,766,766,15974
41,4010286,4010303,4021919,11633,17,11616,45000,29026,29203,761,761,15797
42,4110332,4110348,4121952,11620,16,11604,45000,29203,29378,756,756,15622
43,4210397,4210413,4222007,11610,16,11594,45000,29378,29551,752,752,15449
44,4310444,4310461,4322058,11614,17,11597,45000,29551,29722,747,747,15278
45,4410509,4410526,4422152,11643,17,11626,45000,29722,29891,742,742,15109
46,4510554,4510571,4522186,11632,17,11615,45000,29891,30058,738,738,14942
47,4610620,4610636,4622242,11622,16,11606,45000,30058,30223,733,733,14777
48,4710668,4710685,4722301,11633,17,11616,45000,30223,30386,729,729,14614
49,4810714,4810731,4822340,11626,17,11609,45000,30386,30548,725,725,14452
50,4910776,4910793,4922381,11605,17,11588,45000,30548,30707,720,720,14293
51,5010841,5010858,5022343,11502,17,11485,45000,30707,30865,716,716,14135
52,5110888,5110904,5122383,11495,16,11479,45000,30865,31021,712,712,13979
53,5210949,5210966,5222386,11437,17,11420,45000,31021,31175,708,708,13825
54,5310995,5311012,5322376,11381,17,11364,45000,31175,31327,704,704,13673
55,5411042,5411058,5422371,11329,16,11313,45000,31327,31478,700,700,13522
56,5511090,5511106,5522364,11274,16,11258,45000,31478,31627,696,696,13373
57,5611137,5611154,5622366,11229,17,11212,45000,31627,31774,692,692,13226
58,5711184,5711201,5722363,11179,17,11162,45000,31774,31920,688,688,13080
59,5811231,5811248,5822371,11140,17,11123,45000,31920,32063,684,684,12937
60,5911278,5911295,5922366,11088,17,11071,45000,32063,32206,680,680,12794
61,6011325,6011342,6022363,11038,17,11021,45000,32206,32346,676,676,12654
62,6111373,6111389,6122363,10990,16,10974,45000,32346,32485,673,673,12515
63,6211419,6211436,6222387,10968,17,10951,45000,32485,32622,669,669,12378
64,6311485,6311502,6322355,10870,17,10853,45000,32622,32758,665,665,12242
65,6411531,6411548,6422367,10836,17,10819,45000,32758,32893,662,662,12107
66,6511579,6511595,6522368,10789,16,10773,45000,32893,33025,658,658,11975
67,6611626,6611642,6622364,10738,16,10722,45000,33025,33156,655,655,11844
68,6711672,6711689,6722362,10690,17,10673,45000,33156,33286,651,651,11714
69,6811719,6811736,6822370,10651,17,10634,45000,33286,33414,648,648,11586
70,6911766,6911783,6922364,10598,17,10581,45000,33414,33541,644,644,11459
71,7011813,7011830,7022364,10551,17,10534,45000,33541,33666,641,641,11334
72,7111860,7111876,7122373,10513,16,10497,45000,33666,33790,638,638,11210
73,7211907,7211924,7222367,10460,17,10443,45000,33790,33913,634,634,11087
74,7311954,7311971,7322364,10410,17,10393,45000,33913,34034,631,631,10966
75,7412001,7412018,7422360,10359,17,10342,45000,34034,34153,628,628,10847
76,7512048,7512065,7522371,10323,17,10306,45000,34153,34272,625,625,10728
77,7612095,7612112,7622365,10270,17,10253,45000,34272,34389,621,621,10611
78,7712142,7712158,7722365,10223,16,10207,45000,34389,34504,618,618,10496
79,7812188,7812205,7822369,10181,17,10164,45000,34504,34618,615,615,10382
80,7912236,7912252,7922365,10129,16,10113,45000,34618,34731,612,612,10269
81,8012282,8012299,8022365,10083,17,10066,45000,34731,34843,609,609,10157
82,8112330,8112347,8122361,10031,17,10014,45000,34843,34953,606,606,10047
83,8212378,8212395,8222369,9991,17,9974,45000,34953,35062,603,603,9938
84,8312425,8312441,8322363,9938,16,9922,45000,35062,35170,600,600,9830
85,8412471,8412488,8422363,9892,17,9875,45000,35170,35276,597,597,9724
86,8512531,8512548,8522368,9837,17,9820,45000,35276,35382,595,595,9618
87,8612577,8612594,8622365,9788,17,9771,45000,35382,35486,592,592,9514
88,8712623,8712639,8722366,9743,16,9727,45000,35486,35589,589,589,9411
89,8812668,8812685,8822360,9692,17,9675,45000,35589,35691,586,586,9309
90,8912714,8912731,8922372,9658,17,9641,45000,35691,35792,584,584,9208
91,9012761,9012777,9022367,9606,16,9590,45000,35792,35891,581,581,9109
92,9112806,9112822,9122372,9566,16,9550,45000,35891,35989,578,578,9011
93,9212851,9212868,9222365,9514,17,9497,45000,35989,36087,576,576,8913
94,9312896,9312913,9322362,9466,17,9449,45000,36087,36183,573,573,8817
95,9412942,9412959,9422373,9431,17,9414,45000,36183,36278,571,571,8722
96,9512988,9513005,9522366,9378,17,9361,45000,36278,36372,568,568,8628
97,9613034,9613051,9622370,9336,17,9319,45000,36372,36465,565,565,8535
98,9713080,9713097,9722363,9283,17,9266,45000,36465,36556,563,563,8444
99,9813126,9813143,9822361,9235,17,9218,45000,36556,36647,561,561,8353
100,9913171,9913188,9924180,11009,17,10992,45000,36647,36737,558,558,8263
101,10013221,10013238,10022328,9107,17,9090,45000,36737,36826,556,556,8174
102,10113267,10113284,10122364,9097,17,9080,45000,36826,36913,553,553,8087
103,10213315,10213332,10222368,9053,17,9036,45000,36913,37000,551,551,8000
104,10313361,10313378,10322368,9007,17,8990,45000,37000,37085,549,549,7915
105,10413406,10413423,10422363,8957,17,8940,45000,37085,37170,547,547,7830
106,10513452,10513469,10522361,8909,17,8892,45000,37170,37254,544,544,7746
107,10613498,10613514,10622371,8873,16,8857,45000,37254,37337,542,542,7663
108,10713544,10713561,10722364,8820,17,8803,45000,37337,37419,540,540,7581
109,10813589,10813606,10822365,8776,17,8759,45000,37419,37499,538,538,7501
110,10913635,10913652,10922367,8732,17,8715,45000,37499,37580,536,536,7420
111,11013681,11013698,11022364,8683,17,8666,45000,37580,37658,533,533,7342
112,11113727,11113743,11122366,8639,16,8623,45000,37658,37737,531,531,7263
113,11213772,11213789,11222360,8588,17,8571,45000,37737,37814,529,529,7186
114,11313819,11313836,11322371,8552,17,8535,45000,37814,37890,527,527,7110
115,11413865,11413882,11422364,8499,17,8482,45000,37890,37965,525,525,7035
116,11513911,11513928,11522363,8452,17,8435,45000,37965,38040,523,523,6960
117,11613957,11613974,11622371,8414,17,8397,45000,38040,38114,521,521,6886
118,11714003,11714020,11722364,8361,17,8344,45000,38114,38187,519,519,6813
119,11814048,11814065,11822367,8319,17,8302,45000,38187,38259,517,517,6741
120,11914095,11914111,11922361,8266,16,8250,45000,38259,38330,515,515,6670
121,12014140,12014157,12022375,8235,17,8218,45000,38330,38400,513,513,6600
122,12114187,12114203,12122369,8182,16,8166,45000,38400,38470,512,512,6530
123,12214232,12214249,12222369,8137,17,8120,45000,38470,38539,510,510,6461
124,12314278,12314295,12322366,8088,17,8071,45000,38539,38607,508,508,6393
125,12414324,12414341,12422362,8038,17,8021,45000,38607,38674,506,506,6326
126,12514370,12514387,12522373,8003,17,7986,45000,38674,38741,504,504,6259
127,12614416,12614433,12622367,7951,17,7934,45000,38741,38806,502,502,6194
128,12714462,12714479,12722366,7904,17,7887,45000,38806,38871,501,501,6129
129,12814508,12814525,12822363,7855,17,7838,45000,38871,38935,499,499,6065
130,12914554,12914571,12922366,7812,17,7795,45000,38935,38999,497,497,6001
131,13014600,13014617,13022361,7761,17,7744,45000,38999,39061,495,495,5939
132,13114646,13114663,13122367,7721,17,7704,45000,39061,39124,494,494,5876
133,13214692,13214709,13222360,7668,17,7651,45000,39124,39185,492,492,5815
134,13314738,13314754,13322370,7632,16,7616,45000,39185,39246,491,491,5754
135,13414785,13414801,13422363,7578,16,7562,45000,39246,39305,489,489,5695
136,13514830,13514847,13522362,7532,17,7515,45000,39305,39365,488,488,5635
137,13614876,13614893,13622362,7486,17,7469,45000,39365,39424,486,486,5576
138,13714922,13714939,13722371,7449,17,7432,45000,39424,39481,484,484,5519
139,13814969,13814985,13822365,7396,16,7380,45000,39481,39539,483,483,5461
140,13915014,13915031,13922362,7348,17,7331,45000,39539,39595,481,481,5405
141,14015060,14015077,14022372,7312,17,7295,45000,39595,39651,480,480,5349
142,14115107,14115124,14122365,7258,17,7241,45000,39651,39706,478,478,5294
143,14215153,14215169,14222367,7214,16,7198,45000,39706,39761,477,477,5239
144,14315199,14315216,14322361,7162,17,7145,45000,39761,39815,475,475,5185
145,14415245,14415262,14422370,7125,17,7108,45000,39815,39869,474,474,5131
146,14515292,14515309,14522364,7072,17,7055,45000,39869,39921,472,472,5079
147,14615337,14615354,14622363,7026,17,7009,45000,39921,39973,471,471,5027
148,14715384,14715401,14722366,6982,17,6965,45000,39973,40025,470,470,4975
149,14815430,14815447,14822369,6939,17,6922,45000,40025,40076,468,468,4924
150,14915476,14915492,14922363,6887,16,6871,45000,40076,40127,467,467,4873
151,15015521,15015538,15022366,6845,17,6828,45000,40127,40176,465,465,4824
152,15115568,15115585,15122381,6813,17,6796,45000,40176,40225,464,464,4775
153,15215614,15215631,15222377,6763,17,6746,45000,40225,40274,463,463,4726
154,15315660,15315677,15322379,6719,17,6702,45000,40274,40322,462,462,4678
155,15415707,15415724,15422367,6660,17,6643,45000,40322,40370,460,460,4630
156,15515752,15515769,15522365,6613,17,6596,45000,40370,40417,459,459,4583
157,15615798,15615815,15622363,6565,17,6548,45000,40417,40464,458,458,4536
158,15715844,15715861,15722374,6530,17,6513,45000,40464,40510,457,457,4490
159,15815891,15815907,15822367,6476,16,6460,45000,40510,40555,455,455,4445
160,15915937,15915953,15922365,6428,16,6412,45000,40555,40600,454,454,4400
161,16015983,16016000,16022360,6377,17,6360,45000,40600,40644,453,453,4356
162,16116028,16116045,16122370,6342,17,6325,45000,40644,40688,452,452,4312
163,16216074,16216091,16222363,6289,17,6272,45000,40688,40732,451,451,4268
164,16316121,16316137,16322364,6243,16,6227,45000,40732,40775,449,449,4225
165,16416167,16416184,16422370,6203,17,6186,45000,40775,40817,448,448,4183
166,16516213,16516230,16522366,6153,17,6136,45000,40817,40859,447,447,4141
167,16616259,16616276,16622365,6106,17,6089,45000,40859,40900,446,446,4100
168,16716305,16716322,16722362,6057,17,6040,45000,40900,40941,445,445,4059
169,16816352,16816368,16822367,6015,16,5999,45000,40941,40982,444,444,4018
170,16916398,16916415,16922363,5965,17,5948,45000,40982,41022,443,443,3978
171,17016444,17016461,17022362,5918,17,5901,45000,41022,41062,442,442,3938
172,17116490,17116507,17122369,5879,17,5862,45000,41062,41101,441,441,3899
173,17216537,17216553,17222365,5828,16,5812,45000,41101,41140,440,440,3860
174,17316583,17316600,17322365,5782,17,5765,45000,41140,41178,439,439,3822
175,17416628,17416645,17422363,5735,17,5718,45000,41178,41216,438,438,3784
176,17516674,17516691,17522370,5696,17,5679,45000,41216,41254,437,437,3746
177,17616721,17616738,17622365,5644,17,5627,45000,41254,41291,436,436,3709
178,17716766,17716783,17722366,5600,17,5583,45000,41291,41327,435,435,3673
179,17816813,17816830,17822375,5562,17,5545,45000,41327,41363,434,434,3637
180,17916859,17916875,17922384,5525,16,5509,45000,41363,41399,433,433,3601
181,18016905,18016922,18022379,5474,17,5457,45000,41399,41435,432,432,3565
182,18116951,18116968,18122368,5417,17,5400,45000,41435,41470,431,431,3530
183,18216997,18217014,18222367,5370,17,5353,45000,41470,41504,430,430,3496
184,18317043,18317060,18322363,5320,17,5303,45000,41504,41538,429,429,3462
185,18417089,18417106,18422371,5282,17,5265,45000,41538,41572,428,428,3428
186,18517135,18517152,18522367,5232,17,5215,45000,41572,41605,427,427,3395
187,18617182,18617198,18622363,5181,16,5165,45000,41605,41638,426,426,3362
188,18717228,18717245,18722365,5137,17,5120,45000,41638,41670,425,425,3330
189,18817274,18817291,18822369,5095,17,5078,45000,41670,41703,425,425,3297
190,18917319,18917336,18922366,5047,17,5030,45000,41703,41735,424,424,3265
191,19017366,19017383,19022364,4998,17,4981,45000,41735,41766,423,423,3234
192,19117412,19117429,19122361,4949,17,4932,45000,41766,41797,422,422,3203
193,19217457,19217474,19222369,4912,17,4895,45000,41797,41828,421,421,3172
194,19317505,19317521,19322362,4857,16,4841,45000,41828,41858,420,420,3142
195,19417550,19417567,19422363,4813,17,4796,45000,41858,41888,420,420,3112
196,19517596,19517612,19522371,4775,16,4759,45000,41888,41918,419,419,3082
197,19617642,19617659,19622365,4723,17,4706,45000,41918,41948,418,418,3052
198,19717688,19717704,19722363,4675,16,4659,45000,41948,41977,417,417,3023
199,19817733,19817749,19822366,4633,16,4617,45000,41977,42005,416,416,2995
200,19917779,19917796,19924179,6400,17,6383,45000,42005,42034,416,416,2966
201,20017829,20017846,20022328,4499,17,4482,45000,42034,42062,415,415,2938
202,20117876,20117892,20122364,4488,16,4472,45000,42062,42089,414,414,2911
203,20217923,20217941,20222370,4447,18,4429,45000,42089,42117,413,413,2883
204,20317969,20317986,20322363,4394,17,4377,45000,42117,42143,412,412,2857
205,20418015,20418032,20422364,4349,17,4332,45000,42143,42170,412,412,2830
206,20518061,20518078,20522359,4298,17,4281,45000,42170,42197,411,411,2803
207,20618107,20618124,20622385,4278,17,4261,45000,42197,42223,410,410,2777
208,20718175,20718191,20722378,4203,16,4187,45000,42223,42249,410,410,2751
209,20818220,20818236,20822380,4160,16,4144,45000,42249,42274,409,409,2726
210,20918266,20918283,20922366,4100,17,4083,45000,42274,42300,409,409,2700
211,21018312,21018328,21022365,4053,16,4037,45000,42300,42325,408,408,2675
212,21118358,21118375,21122362,4004,17,3987,45000,42325,42349,407,407,2651
213,21218403,21218420,21222369,3966,17,3949,45000,42349,42374,407,407,2626
214,21318450,21318467,21322363,3913,17,3896,45000,42374,42398,406,406,2602
215,21418495,21418512,21422365,3870,17,3853,45000,42398,42422,405,405,2578
216,21518542,21518558,21522373,3831,16,3815,45000,42422,42445,404,404,2555
217,21618588,21618604,21622367,3779,16,3763,45000,42445,42469,404,404,2531
218,21718634,21718650,21722372,3738,16,3722,45000,42469,42492,403,403,2508
219,21818680,21818697,21822361,3681,17,3664,45000,42492,42514,403,403,2486
220,21918725,21918742,21922369,3644,17,3627,45000,42514,42537,402,402,2463
221,22018772,22018789,22022372,3600,17,3583,45000,42537,42559,401,401,2441
222,22118817,22118834,22122363,3546,17,3529,45000,42559,42581,401,401,2419
223,22218862,22218879,22222363,3501,17,3484,45000,42581,42603,400,400,2397
224,22318908,22318924,22322370,3462,16,3446,45000,42603,42624,400,400,2376
225,22418954,22418971,22422364,3410,17,3393,45000,42624,42646,399,399,2354
226,22519000,22519016,22522364,3364,16,3348,45000,42646,42666,398,398,2334
227,22619046,22619063,22622368,3322,17,3305,45000,42666,42687,398,398,2313
228,22719111,22719128,22722368,3257,17,3240,45000,42687,42708,397,397,2292
229,22819157,22819174,22822364,3207,17,3190,45000,42708,42728,397,397,2272
230,22919203,22919236,22922364,3161,33,3128,45000,42728,42748,396,396,2252
231,23019249,23019266,23022371,3122,17,3105,45000,42748,42768,396,396,2232
232,23119295,23119311,23122365,3070,16,3054,45000,42768,42787,395,395,2213
233,23219339,23219356,23222364,3025,17,3008,45000,42787,42807,395,395,2193
234,23319385,23319401,23322379,2994,16,2978,45000,42807,42826,394,394,2174
235,23419445,23419462,23422388,2943,17,2926,45000,42826,42845,394,394,2155
236,23519490,23519507,23522384,2894,17,2877,45000,42845,42864,393,393,2136
237,23619535,23619552,23621356,1821,17,1804,45000,42864,42882,393,393,2118
238,23719581,23719598,23721463,1882,17,1865,45000,42882,42900,392,392,2100
239,23819627,23819644,23821471,1844,17,1827,45000,42900,42919,392,392,2081
240,23919673,23919690,23931653,11980,17,11963,45000,42919,42936,391,391,2064
241,24019718,24019735,24031351,11633,17,11616,45000,42936,42954,391,391,2046
242,24119764,24119781,24131409,11645,17,11628,45000,42954,42971,390,390,2029
243,24219809,24219826,24231433,11624,17,11607,45000,42971,42989,390,390,2011
244,24319872,24319889,24331525,11653,17,11636,45000,42989,43006,389,389,1994
245,24419917,24419934,24431553,11636,17,11619,45000,43006,43023,389,389,1977
246,24519983,24520000,24531604,11621,17,11604,45000,43023,43039,388,388,1961
247,24620062,24620081,24631697,11635,19,11616,45000,43039,43056,388,388,1944
248,24720094,24720111,24731725,11631,17,11614,45000,43056,43072,388,388,1928
249,24820160,24820177,24831782,11622,17,11605,45000,43072,43088,387,387,1912
250,24920207,24920224,24931826,11619,17,11602,45000,43088,43104,387,387,1896
251,25020270,25020287,25031880,11610,17,11593,45000,43104,43120,386,386,1880
252,25120319,25120335,25131981,11662,16,11646,45000,43120,43135,386,386,1865
253,25220364,25220380,25232011,11647,16,11631,45000,43135,43151,386,386,1849
254,25320428,25320445,25332063,11635,17,11618,45000,43151,43166,385,385,1834
255,25420493,25420509,25432109,11616,16,11600,45000,43166,43181,385,385,1819
256,25520556,25520573,25532182,11626,17,11609,45000,43181,43196,384,384,1804
257,25620602,25620619,25632228,11626,17,11609,45000,43196,43211,384,384,1789
258,25720667,25720684,25732310,11643,17,11626,45000,43211,43225,383,383,1775
259,25820712,25820729,25832337,11625,17,11608,45000,43225,43240,383,383,1760
260,25920775,25920792,25932377,11602,17,11585,45000,43240,43254,383,383,1746
261,26020838,26020855,26032343,11505,17,11488,45000,43254,43268,382,382,1732
262,26120884,26120901,26132404,11520,17,11503,45000,43268,43282,382,382,1718
263,26220930,26220947,26232406,11476,17,11459,45000,43282,43295,382,382,1705
264,26320978,26320995,26332394,11416,17,11399,45000,43295,43309,381,381,1691
265,26421025,26421042,26432367,11342,17,11325,45000,43309,43322,381,381,1678
266,26521087,26521104,26532362,11275,17,11258,45000,43322,43336,381,381,1664
267,26621134,26621151,26632363,11229,17,11212,45000,43336,43349,380,380,1651
268,26721181,26721198,26732370,11189,17,11172,45000,43349,43362,380,380,1638
269,26821228,26821245,26832363,11135,17,11118,45000,43362,43375,379,379,1625
270,26921274,26921291,26932364,11090,17,11073,45000,43375,43387,379,379,1613
271,27021321,27021338,27032369,11048,17,11031,45000,43387,43400,379,379,1600
272,27121369,27121386,27132365,10996,17,10979,45000,43400,43412,378,378,1588
273,27221416,27221433,27232362,10946,17,10929,45000,43412,43424,378,378,1576
274,27321462,27321479,27332363,10901,17,10884,45000,43424,43436,378,378,1564
275,27421509,27421527,27432372,10863,18,10845,45000,43436,43448,378,378,1552
276,27521556,27521573,27532365,10809,17,10792,45000,43448,43460,377,377,1540
277,27621603,27621620,27632363,10760,17,10743,45000,43460,43472,377,377,1528
278,27721651,27721668,27732375,10724,17,10707,45000,43472,43484,377,377,1516
279,27821697,27821714,27832368,10671,17,10654,45000,43484,43495,376,376,1505
280,27921744,27921761,27932372,10628,17,10611,45000,43495,43506,376,376,1494
281,28021792,28021809,28032366,10574,17,10557,45000,43506,43517,376,376,1483
282,28121838,28121855,28132367,10529,17,10512,45000,43517,43528,375,375,1472
283,28221885,28221901,28232361,10476,16,10460,45000,43528,43539,375,375,1461
284,28321931,28321948,28332375,10444,17,10427,45000,43539,43550,375,375,1450
285,28421997,28422014,28432368,10371,17,10354,45000,43550,43561,374,374,1439
286,28522044,28522060,28532365,10321,16,10305,45000,43561,43571,374,374,1429
287,28622091,28622107,28632366,10275,16,10259,45000,43571,43582,374,374,1418
288,28722137,28722154,28732363,10226,17,10209,45000,43582,43592,374,374,1408
289,28822184,28822201,28832380,10196,17,10179,45000,43592,43602,373,373,1398
290,28922247,28922264,28932344,10097,17,10080,45000,43602,43612,373,373,1388
291,29022296,29022313,29032359,10063,17,10046,45000,43612,43622,373,373,1378
292,29122343,29122360,29132368,10025,17,10008,45000,43622,43632,373,373,1368
293,29222390,29222407,29232364,9974,17,9957,45000,43632,43642,372,372,1358
294,29322437,29322453,29332363,9926,16,9910,45000,43642,43651,372,372,1349
295,29422484,29422520,29432372,9888,36,9852,45000,43651,43661,372,372,1339
296,29522542,29522559,29532365,9823,17,9806,45000,43661,43670,371,371,1330
297,29622588,29622605,29632365,9777,17,9760,45000,43670,43679,371,371,1321
298,29722634,29722651,29732360,9726,17,9709,45000,43679,43688,371,371,1312
299,29822680,29822696,29832371,9691,16,9675,45000,43688,43698,371,371,1302
300,29922726,29922743,29934198,11472,17,11455,45000,43698,43706,370,370,1294
301,30022775,30022792,30032326,9551,17,9534,45000,43706,43715,370,370,1285
302,30122820,30122837,30132388,9568,17,9551,45000,43715,43724,370,370,1276
303,30222866,30222883,30232365,9499,17,9482,45000,43724,43733,370,370,1267
304,30322911,30322928,30332361,9450,17,9433,45000,43733,43741,370,370,1259
305,30422956,30422973,30432361,9405,17,9388,45000,43741,43750,370,370,1250
306,30523003,30523019,30532371,9368,16,9352,45000,43750,43758,369,369,1242
307,30623048,30623065,30632364,9316,17,9299,45000,43758,43766,369,369,1234
308,30723093,30723110,30732364,9271,17,9254,45000,43766,43775,369,369,1225
309,30823139,30823156,30832378,9239,17,9222,45000,43775,43783,368,368,1217
310,30923186,30923203,30932382,9196,17,9179,45000,43783,43791,368,368,1209
311,31023232,31023248,31032377,9145,16,9129,45000,43791,43798,368,368,1202
312,31123278,31123295,31132369,9091,17,9074,45000,43798,43806,368,368,1194
313,31223324,31223341,31232366,9042,17,9025,45000,43806,43814,368,368,1186
314,31323369,31323386,31332361,8992,17,8975,45000,43814,43822,367,367,1178
315,31423415,31423431,31432373,8958,16,8942,45000,43822,43829,367,367,1171
316,31523461,31523478,31532366,8905,17,8888,45000,43829,43837,367,367,1163
317,31623506,31623523,31632365,8859,17,8842,45000,43837,43844,367,367,1156
318,31723552,31723568,31732362,8810,16,8794,45000,43844,43851,367,367,1149
319,31823598,31823614,31832363,8765,16,8749,45000,43851,43859,367,367,1141
320,31923643,31923660,31932366,8723,17,8706,45000,43859,43866,366,366,1134
321,32023689,32023706,32032362,8673,17,8656,45000,43866,43873,366,366,1127
322,32123734,32123751,32132362,8628,17,8611,45000,43873,43880,366,366,1120
323,32223780,32223797,32232370,8590,17,8573,45000,43880,43887,366,366,1113
324,32323826,32323843,32332364,8538,17,8521,45000,43887,43894,366,366,1106
325,32423871,32423888,32432363,8492,17,8475,45000,43894,43900,365,365,1100
326,32523917,32523934,32532368,8451,17,8434,45000,43900,43907,365,365,1093
327,32623962,32623979,32632363,8401,17,8384,45000,43907,43913,365,365,1087
328,32724008,32724025,32732364,8356,17,8339,45000,43913,43920,365,365,1080
329,32824053,32824069,32832362,8309,16,8293,45000,43920,43926,365,365,1074
330,32924099,32924116,32932368,8269,17,8252,45000,43926,43933,365,365,1067
331,33024145,33024162,33032363,8218,17,8201,45000,43933,43939,364,364,1061
332,33124191,33124208,33132364,8173,17,8156,45000,43939,43945,364,364,1055
333,33224236,33224253,33232369,8133,17,8116,45000,43945,43951,364,364,1049
334,33324282,33324299,33332364,8082,17,8065,45000,43951,43958,364,364,1042
335,33424328,33424345,33432364,8036,17,8019,45000,43958,43963,363,363,1037
336,33524374,33524390,33532359,7985,16,7969,45000,43963,43969,364,364,1031
337,33624419,33624436,33632385,7966,17,7949,45000,43969,43975,363,363,1025
338,33724484,33724501,33732380,7896,17,7879,45000,43975,43981,363,363,1019
339,33824530,33824546,33832376,7846,16,7830,45000,43981,43987,363,363,1013
340,33924576,33924592,33932368,7792,16,7776,45000,43987,43992,363,363,1008
341,34024622,34024638,34032363,7741,16,7725,45000,43992,43998,363,363,1002
342,34124685,34124701,34132363,7678,16,7662,45000,43998,44004,363,363,996
343,34224730,34224747,34232371,7641,17,7624,45000,44004,44009,362,362,991
344,34324777,34324794,34332364,7587,17,7570,45000,44009,44014,362,362,986
345,34424822,34424839,34432365,7543,17,7526,45000,44014,44020,362,362,980
346,34524867,34524884,34532361,7494,17,7477,45000,44020,44025,362,362,975
347,34624913,34624930,34632371,7458,17,7441,45000,44025,44030,362,362,970
348,34724959,34724976,34732366,7407,17,7390,45000,44030,44035,362,362,965
349,34825005,34825022,34832362,7357,17,7340,45000,44035,44041,362,362,959
350,34925051,34925067,34932361,7310,16,7294,45000,44041,44046,361,361,954
351,35025096,35025113,35032369,7273,17,7256,45000,44046,44050,361,361,950
352,35125142,35125159,35132363,7221,17,7204,45000,44050,44055,361,361,945
353,35225188,35225204,35232359,7171,16,7155,45000,44055,44060,361,361,940
354,35325234,35325250,35332370,7136,16,7120,45000,44060,44065,361,361,935
355,35425280,35425297,35432363,7083,17,7066,45000,44065,44070,361,361,930
356,35525325,35525342,35532360,7035,17,7018,45000,44070,44075,361,361,925
357,35625372,35625389,35632369,6997,17,6980,45000,44075,44079,361,361,921
358,35725419,35725436,35732364,6945,17,6928,45000,44079,44084,361,361,916
359,35825465,35825482,35832364,6899,17,6882,45000,44084,44089,360,360,911
360,35925510,35925527,35932361,6851,17,6834,45000,44089,44093,360,360,907
361,36025556,36025573,36032369,6813,17,6796,45000,44093,44098,360,360,902
362,36125603,36125620,36132364,6761,17,6744,45000,44098,44102,360,360,898
363,36225649,36225666,36232361,6712,17,6695,45000,44102,44106,360,360,894
364,36325695,36325712,36332378,6683,17,6666,45000,44106,44111,360,360,889
365,36425758,36425774,36432385,6627,16,6611,45000,44111,44115,359,359,885
366,36525803,36525820,36532380,6577,17,6560,45000,44115,44119,359,359,881
367,36625850,36625866,36632370,6520,16,6504,45000,44119,44123,359,359,877
368,36725895,36725912,36732367,6472,17,6455,45000,44123,44127,359,359,873
369,36825942,36825958,36832363,6421,16,6405,45000,44127,44131,359,359,869
370,36925987,36926004,36932371,6384,17,6367,45000,44131,44135,359,359,865
371,37026035,37026051,37032364,6329,16,6313,45000,44135,44139,359,359,861
372,37126080,37126097,37132365,6285,17,6268,45000,44139,44143,359,359,857
373,37226126,37226143,37232361,6235,17,6218,45000,44143,44147,359,359,853
374,37326172,37326189,37332372,6200,17,6183,45000,44147,44151,359,359,849
375,37426218,37426235,37432366,6148,17,6131,45000,44151,44155,359,359,845
376,37526264,37526280,37532366,6102,16,6086,45000,44155,44158,358,358,842
377,37626310,37626326,37632359,6049,16,6033,45000,44158,44162,358,358,838
378,37726355,37726372,37732370,6015,17,5998,45000,44162,44166,358,358,834
379,37826402,37826418,37832365,5963,16,5947,45000,44166,44169,358,358,831
380,37926447,37926464,37932365,5918,17,5901,45000,44169,44173,358,358,827
381,38026493,38026510,38032359,5866,17,5849,45000,44173,44176,358,358,824
382,38126539,38126555,38132366,5827,16,5811,45000,44176,44180,358,358,820
383,38226585,38226602,38232362,5777,17,5760,45000,44180,44183,358,358,817
384,38326631,38326647,38332357,5726,16,5710,45000,44183,44187,358,358,813
385,38426677,38426693,38432370,5693,16,5677,45000,44187,44190,357,357,810
386,38526723,38526740,38532363,5640,17,5623,45000,44190,44193,357,357,807
387,38626769,38626786,38632361,5592,17,5575,45000,44193,44196,357,357,804
388,38726816,38726832,38732369,5553,16,5537,45000,44196,44200,357,357,800
389,38826862,38826879,38832364,5502,17,5485,45000,44200,44203,357,357,797
390,38926909,38926925,38932363,5454,16,5438,45000,44203,44206,357,357,794
391,39026955,39026972,39032359,5404,17,5387,45000,44206,44209,357,357,791
392,39127001,39127018,39132388,5387,17,5370,45000,44209,44212,357,357,788
393,39227068,39227085,39232381,5313,17,5296,45000,44212,44215,357,357,785
394,39327113,39327130,39332379,5266,17,5249,45000,44215,44218,357,357,782
395,39427159,39427176,39432367,5208,17,5191,45000,44218,44221,357,357,779
396,39527205,39527222,39532361,5156,17,5139,45000,44221,44224,357,357,776
397,39627252,39627268,39632361,5109,16,5093,45000,44224,44228,357,357,772
398,39727315,39727332,39732368,5053,17,5036,45000,44228,44230,356,356,770
399,39827362,39827379,39832364,5002,17,4985,45000,44230,44233,357,357,767
400,39927407,39927424,39934170,6763,17,6746,45000,44233,44236,356,356,764
401,40027458,40027475,40032331,4873,17,4856,45000,44236,44239,356,356,761
402,40127504,40127521,40132369,4865,17,4848,45000,44239,44242,356,356,758
403,40227552,40227568,40232363,4811,16,4795,45000,44242,44244,356,356,756
404,40327597,40327613,40332359,4762,16,4746,45000,44244,44247,356,356,753
405,40427643,40427660,40432374,4731,17,4714,45000,44247,44250,356,356,750
406,40527690,40527707,40532368,4678,17,4661,45000,44250,44252,356,356,748
407,40627736,40627752,40632367,4631,16,4615,45000,44252,44255,356,356,745
408,40727782,40727799,40732363,4581,17,4564,45000,44255,44258,356,356,742
409,40827827,40827844,40832362,4535,17,4518,45000,44258,44260,356,356,740
410,40927873,40927890,40932368,4495,17,4478,45000,44260,44263,356,356,737
411,41027919,41027936,41032360,4441,17,4424,45000,44263,44265,355,355,735
412,41127965,41127982,41132366,4401,17,4384,45000,44265,44268,355,355,732
413,41228012,41228029,41232368,4356,17,4339,45000,44268,44270,355,355,730
414,41328058,41328074,41332366,4308,16,4292,45000,44270,44272,355,355,728
415,41428104,41428121,41432360,4256,17,4239,45000,44272,44275,355,355,725
416,41528150,41528167,41532370,4220,17,4203,45000,44275,44277,355,355,723
417,41628197,41628213,41632363,4166,16,4150,45000,44277,44279,355,355,721
418,41728242,41728259,41732363,4121,17,4104,45000,44279,44281,355,355,719
419,41828289,41828305,41832379,4090,16,4074,45000,44281,44284,355,355,716
420,41928351,41928368,41932387,4036,17,4019,45000,44284,44286,355,355,714
421,42028396,42028413,42032385,3989,17,3972,45000,44286,44288,355,355,712
422,42128443,42128459,42132368,3925,16,3909,45000,44288,44291,355,355,709
423,42228488,42228505,42232365,3877,17,3860,45000,44291,44293,355,355,707
424,42328534,42328551,42332361,3827,17,3810,45000,44293,44295,355,355,705
425,42428580,42428597,42432367,3787,17,3770,45000,44295,44297,355,355,703
426,42528626,42528642,42532370,3744,16,3728,45000,44297,44299,355,355,701
427,42628672,42628688,42632364,3692,16,3676,45000,44299,44302,355,355,698
428,42728717,42728734,42732369,3652,17,3635,45000,44302,44304,354,354,696
429,42828764,42828780,42832373,3609,16,3593,45000,44304,44305,354,354,695
430,42928809,42928825,42932366,3557,16,3541,45000,44305,44308,355,355,692
431,43028855,43028871,43032365,3510,16,3494,45000,44308,44310,354,354,690
432,43128901,43128918,43132369,3468,17,3451,45000,44310,44311,354,354,689
433,43228947,43228963,43232363,3416,16,3400,45000,44311,44313,354,354,687
434,43328992,43329009,43332368,3376,17,3359,45000,44313,44315,354,354,685
435,43429039,43429055,43432361,3322,16,3306,45000,44315,44317,354,354,683
436,43529084,43529101,43532376,3292,17,3275,45000,44317,44319,354,354,681
437,43629131,43629148,43632370,3239,17,3222,45000,44319,44321,354,354,679
438,43729177,43729193,43732369,3192,16,3176,45000,44321,44323,354,354,677
439,43829239,43829256,43832368,3129,17,3112,45000,44323,44324,354,354,676
440,43929268,43929285,43932362,3094,17,3077,45000,44324,44326,354,354,674
441,44029314,44029331,44032385,3071,17,3054,45000,44326,44328,354,354,672
442,44129377,44129394,44132354,2977,17,2960,45000,44328,44330,354,354,670
443,44229422,44229439,44232369,2947,17,2930,45000,44330,44332,354,354,668
444,44329467,44329484,44332369,2902,17,2885,45000,44332,44333,354,354,667
445,44429513,44429529,44432364,2851,16,2835,45000,44333,44335,354,354,665
446,44529558,44529575,44531358,1800,17,1783,45000,44335,44337,354,354,663
447,44629603,44629620,44631476,1873,17,1856,45000,44337,44339,354,354,661
448,44729649,44729666,44741633,11984,17,11967,45000,44339,44340,353,353,660
449,44829694,44829711,44841743,12049,17,12032,45000,44340,44342,354,354,658
450,44929740,44929757,44941807,12067,17,12050,45000,44342,44343,353,353,657
451,45029786,45029803,45041376,11590,17,11573,45000,44343,44345,353,353,655
452,45129832,45129849,45141472,11640,17,11623,45000,44345,44346,353,353,654
453,45229877,45229894,45241511,11634,17,11617,45000,44346,44348,353,353,652
454,45329924,45329941,45341555,11631,17,11614,45000,44348,44349,353,353,651
455,45429972,45429988,45441601,11629,16,11613,45000,44349,44351,353,353,649
456,45530018,45530034,45541653,11635,16,11619,45000,44351,44352,353,353,648
457,45630077,45630093,45641699,11622,16,11606,45000,44352,44354,353,353,646
458,45730141,45730158,45741759,11618,17,11601,45000,44354,44355,353,353,645
459,45830188,45830205,45841803,11615,17,11598,45000,44355,44356,353,353,644
460,45930251,45930268,45941882,11631,17,11614,45000,44356,44358,353,353,642
461,46030297,46030314,46041915,11618,17,11601,45000,44358,44359,353,353,641
462,46130361,46130378,46141971,11610,17,11593,45000,44359,44361,353,353,639
463,46230409,46230426,46242030,11621,17,11604,45000,44361,44362,353,353,638
464,46330455,46330472,46342076,11621,17,11604,45000,44362,44363,353,353,637
465,46430532,46430549,46442167,11635,17,11618,45000,44363,44365,353,353,635
466,46530577,46530594,46542194,11617,17,11600,45000,44365,44366,353,353,634
467,46630642,46630659,46642297,11655,17,11638,45000,44366,44368,353,353,632
468,46730687,46730704,46742332,11645,17,11628,45000,44368,44369,353,353,631
469,46830735,46830752,46842376,11641,17,11624,45000,44369,44370,353,353,630
470,46930799,46930815,46942384,11585,16,11569,45000,44370,44372,353,353,628
471,47030844,47030860,47042360,11516,16,11500,45000,44372,44373,353,353,627
472,47130888,47130905,47142380,11492,17,11475,45000,44373,44374,353,353,626
473,47230949,47230966,47242388,11439,17,11422,45000,44374,44376,353,353,624
474,47330997,47331013,47342379,11382,16,11366,45000,44376,44377,352,352,623
475,47431043,47431059,47442364,11321,16,11305,45000,44377,44378,352,352,622
476,47531089,47531106,47542364,11275,17,11258,45000,44378,44379,352,352,621
477,47631137,47631153,47642369,11232,16,11216,45000,44379,44380,352,352,620
478,47731183,47731200,47742361,11178,17,11161,45000,44380,44381,352,352,619
479,47831231,47831247,47842363,11132,16,11116,45000,44381,44382,352,352,618
480,47931277,47931294,47942368,11091,17,11074,45000,44382,44383,352,352,617
481,48031325,48031342,48042365,11040,17,11023,45000,44383,44384,352,352,616
482,48131372,48131389,48142362,10990,17,10973,45000,44384,44385,352,352,615
483,48231420,48231437,48242363,10943,17,10926,45000,44385,44386,352,352,614
484,48331466,48331483,48342368,10902,17,10885,45000,44386,44387,352,352,613
485,48431514,48431531,48442362,10848,17,10831,45000,44387,44388,352,352,612
486,48531560,48531577,48542362,10802,17,10785,45000,44388,44389,352,352,611
487,48631607,48631624,48642372,10765,17,10748,45000,44389,44390,352,352,610
488,48731654,48731671,48742366,10712,17,10695,45000,44390,44391,352,352,609
489,48831700,48831717,48842363,10663,17,10646,45000,44391,44392,352,352,608
490,48931747,48931764,48942363,10616,17,10599,45000,44392,44393,352,352,607
491,49031794,49031811,49042364,10570,17,10553,45000,44393,44394,352,352,606
492,49131841,49131858,49142366,10525,17,10508,45000,44394,44395,352,352,605
493,49231888,49231905,49242363,10475,17,10458,45000,44395,44396,352,352,604
494,49331935,49331952,49342379,10444,17,10427,45000,44396,44397,352,352,603
495,49431998,49432015,49442381,10383,17,10366,45000,44397,44398,352,352,602
496,49532045,49532062,49542381,10336,17,10319,45000,44398,44399,352,352,601
497,49632092,49632109,49642368,10276,17,10259,45000,44399,44400,352,352,600
498,49732139,49732156,49742364,10225,17,10208,45000,44400,44401,352,352,599
499,49832186,49832203,49842361,10175,17,10158,45000,44401,44402,352,352,598
500,49932233,49932250,49945127,12894,17,12877,45000,44402,44403,352,352,597
501,50032283,50032299,50042332,10049,16,10033,45000,44403,44404,352,352,596
502,50132329,50132346,50142368,10039,17,10022,45000,44404,44405,352,352,595
503,50232377,50232394,50242362,9985,17,9968,45000,44405,44406,352,352,594
504,50332425,50332442,50342373,9948,17,9931,45000,44406,44407,352,352,593
505,50432472,50432489,50442366,9894,17,9877,45000,44407,44408,352,352,592
506,50532531,50532548,50542363,9832,17,9815,45000,44408,44408,352,352,592
507,50632577,50632594,50642363,9786,17,9769,45000,44408,44409,352,352,591
508,50732640,50732656,50742370,9730,16,9714,45000,44409,44410,352,352,590
509,50832685,50832702,50842363,9678,17,9661,45000,44410,44411,352,352,589
510,50932731,50932747,50942360,9629,16,9613,45000,44411,44412,352,352,588
511,51032776,51032793,51042369,9593,17,9576,45000,44412,44413,352,352,587
512,51132843,51132860,51142362,9519,17,9502,45000,44413,44414,352,352,586
513,51232888,51232905,51242366,9478,17,9461,45000,44414,44415,352,352,585
514,51332935,51332952,51342358,9423,17,9406,45000,44415,44416,351,351,584
515,51432980,51432997,51442367,9387,17,9370,45000,44416,44416,351,351,584
516,51533026,51533043,51542363,9337,17,9320,45000,44416,44417,352,352,583
517,51633071,51633088,51642360,9289,17,9272,45000,44417,44418,351,351,582
518,51733117,51733133,51742369,9252,16,9236,45000,44418,44418,351,351,582
519,51833163,51833180,51842364,9201,17,9184,45000,44418,44419,351,351,581
520,51933208,51933224,51942362,9154,16,9138,45000,44419,44419,351,351,581
521,52033253,52033269,52042361,9108,16,9092,45000,44419,44420,351,351,580
522,52133299,52133315,52142384,9085,16,9069,45000,44420,44421,351,351,579
523,52233362,52233379,52242378,9016,17,8999,45000,44421,44421,351,351,579
524,52333408,52333425,52342376,8968,17,8951,45000,44421,44422,351,351,578
525,52433454,52433471,52442365,8911,17,8894,45000,44422,44422,351,351,578
526,52533499,52533516,52542363,8864,17,8847,45000,44422,44423,351,351,577
527,52633546,52633562,52642361,8815,16,8799,45000,44423,44424,351,351,576
528,52733591,52733608,52742368,8777,17,8760,45000,44424,44424,351,351,576
529,52833637,52833654,52842361,8724,17,8707,45000,44424,44425,351,351,575
530,52933682,52933699,52942364,8682,17,8665,45000,44425,44425,351,351,575
531,53033729,53033745,53042371,8642,16,8626,45000,44425,44426,351,351,574
532,53133775,53133792,53142365,8590,17,8573,45000,44426,44427,351,351,573
533,53233821,53233838,53242366,8545,17,8528,45000,44427,44427,351,351,573
534,53333867,53333884,53342363,8496,17,8479,45000,44427,44428,351,351,572
535,53433913,53433930,53442364,8451,17,8434,45000,44428,44428,351,351,572
536,53533959,53533976,53542368,8409,17,8392,45000,44428,44429,351,351,571
537,53634005,53634022,53642367,8362,17,8345,45000,44429,44429,351,351,571
538,53734051,53734068,53742361,8310,17,8293,45000,44429,44430,351,351,570
539,53834097,53834113,53842369,8272,16,8256,45000,44430,44431,351,351,569
540,53934143,53934160,53942363,8220,17,8203,45000,44431,44431,351,351,569
541,54034188,54034205,54042364,8176,17,8159,45000,44431,44432,351,351,568
542,54134235,54134252,54142368,8133,17,8116,45000,44432,44432,351,351,568
543,54234280,54234297,54242365,8085,17,8068,45000,44432,44433,351,351,567
544,54334326,54334343,54342362,8036,17,8019,45000,44433,44433,351,351,567
545,54434371,54434388,54442364,7993,17,7976,45000,44433,44434,351,351,566
546,54534417,54534434,54542366,7949,17,7932,45000,44434,44434,351,351,566
547,54634463,54634480,54642362,7899,17,7882,45000,44434,44435,351,351,565
548,54734509,54734526,54742363,7854,17,7837,45000,44435,44435,351,351,565
549,54834556,54834572,54842379,7823,16,7807,45000,44435,44436,351,351,564
550,54934618,54934634,54942385,7767,16,7751,45000,44436,44437,351,351,563
551,55034663,55034680,55042383,7720,17,7703,45000,44437,44437,351,351,563
552,55134709,55134726,55142368,7659,17,7642,45000,44437,44438,351,351,562
553,55234755,55234771,55242366,7611,16,7595,45000,44438,44438,351,351,562
554,55334801,55334818,55342360,7559,17,7542,45000,44438,44439,351,351,561
555,55434847,55434864,55442370,7523,17,7506,45000,44439,44439,351,351,561
556,55534894,55534910,55542365,7471,16,7455,45000,44439,44440,351,351,560
557,55634939,55634956,55642364,7425,17,7408,45000,44440,44440,351,351,560
558,55734985,55735002,55742358,7373,17,7356,45000,44440,44441,351,351,559
559,55835031,55835047,55842369,7338,16,7322,45000,44441,44441,351,351,559
560,55935077,55935094,55942363,7286,17,7269,45000,44441,44442,351,351,558
561,56035123,56035140,56042361,7238,17,7221,45000,44442,44442,351,351,558
562,56135168,56135185,56142371,7203,17,7186,45000,44442,44443,351,351,557
563,56235214,56235231,56242368,7154,17,7137,45000,44443,44443,351,351,557
564,56335260,56335276,56342368,7108,16,7092,45000,44443,44444,351,351,556
565,56435306,56435322,56442363,7057,16,7041,45000,44444,44444,351,351,556
566,56535351,56535368,56542363,7012,17,6995,45000,44444,44445,351,351,555
567,56635397,56635414,56642367,6970,17,6953,45000,44445,44445,351,351,555
568,56735443,56735460,56742362,6919,17,6902,45000,44445,44446,351,351,554
569,56835504,56835520,56842362,6858,16,6842,45000,44446,44446,351,351,554
570,56935549,56935566,56942370,6821,17,6804,45000,44446,44447,351,351,553
571,57035596,57035612,57042362,6766,16,6750,45000,44447,44447,351,351,553
572,57135641,57135658,57142362,6721,17,6704,45000,44447,44448,351,351,552
573,57235688,57235704,57242368,6680,16,6664,45000,44448,44448,351,351,552
574,57335734,57335751,57342363,6629,17,6612,45000,44448,44449,351,351,551
575,57435780,57435797,57442363,6583,17,6566,45000,44449,44449,350,350,551
576,57535826,57535843,57542360,6534,17,6517,45000,44449,44449,351,351,551
577,57635873,57635890,57642390,6517,17,6500,45000,44449,44450,351,351,550
578,57735939,57735956,57742384,6445,17,6428,45000,44450,44450,350,350,550
579,57835985,57836002,57842379,6394,17,6377,45000,44450,44451,351,351,549
580,57936030,57936047,57942369,6339,17,6322,45000,44451,44451,350,350,549
581,58036076,58036093,58042365,6289,17,6272,45000,44451,44451,351,351,549
582,58136123,58136139,58142361,6238,16,6222,45000,44451,44452,351,351,548
583,58236168,58236185,58242371,6203,17,6186,45000,44452,44452,350,350,548
584,58336215,58336231,58342366,6151,16,6135,45000,44452,44452,350,350,548
585,58436260,58436277,58442365,6105,17,6088,45000,44452,44452,350,350,548
586,58536306,58536323,58542372,6066,17,6049,45000,44452,44453,350,350,547
587,58636352,58636369,58642365,6013,17,5996,45000,44453,44453,350,350,547
588,58736398,58736415,58742367,5969,17,5952,45000,44453,44453,350,350,547
589,58836444,58836461,58842360,5916,17,5899,45000,44453,44453,350,350,547
590,58936490,58936507,58942369,5879,17,5862,45000,44453,44453,350,350,547
591,59036537,59036553,59042363,5826,16,5810,45000,44453,44453,350,350,547
592,59136583,59136599,59142362,5779,16,5763,45000,44453,44454,350,350,546
593,59236629,59236646,59242373,5744,17,5727,45000,44454,44454,350,350,546
594,59336676,59336692,59342373,5697,16,5681,45000,44454,44454,350,350,546
595,59436722,59436738,59442370,5648,16,5632,45000,44454,44454,350,350,546
596,59536767,59536784,59542366,5599,17,5582,45000,44454,44454,350,350,546
597,59636813,59636830,59642365,5552,17,5535,45000,44454,44455,350,350,545
598,59736859,59736876,59742360,5501,17,5484,45000,44455,44455,350,350,545
599,59836905,59836921,59842373,5468,16,5452,45000,44455,44455,350,350,545
600,59936951,59936968,59944183,7232,17,7215,45000,44455,44455,350,350,545
601,60037002,60037019,60042331,5329,17,5312,65000,44455,44637,1000,1000,20363
602,60137048,60137064,60142367,5319,16,5303,65000,44637,44819,1000,1000,20181
603,60237097,60237113,60242361,5264,16,5248,65000,44819,44999,1000,1000,20001
604,60337142,60337158,60342378,5236,16,5220,65000,44999,45179,1000,1000,19821
605,60437189,60437206,60442346,5157,17,5140,65000,45179,45359,1000,1000,19641
606,60537236,60537253,60542357,5121,17,5104,65000,45359,45537,1000,1000,19463
607,60637282,60637299,60642370,5088,17,5071,65000,45537,45715,1000,1000,19285
608,60737329,60737346,60742363,5034,17,5017,65000,45715,45892,1000,1000,19108
609,60837374,60837391,60842367,4993,17,4976,65000,45892,46069,1000,1000,18931
610,60937421,60937437,60942370,4949,16,4933,65000,46069,46244,1000,1000,18756
611,61037467,61037483,61042367,4900,16,4884,65000,46244,46419,1000,1000,18581
612,61137513,61137530,61142362,4849,17,4832,65000,46419,46594,1000,1000,18406
613,61237558,61237575,61242365,4807,17,4790,65000,46594,46767,1000,1000,18233
614,61337605,61337622,61342370,4765,17,4748,65000,46767,46940,1000,1000,18060
615,61437650,61437667,61442367,4717,17,4700,65000,46940,47113,1000,1000,17887
616,61537696,61537712,61542361,4665,16,4649,65000,47113,47284,1000,1000,17716
617,61637742,61637758,61642371,4629,16,4613,65000,47284,47455,1000,1000,17545
618,61737788,61737805,61742365,4577,17,4560,65000,47455,47625,1000,1000,17375
619,61837834,61837851,61842365,4531,17,4514,65000,47625,47795,1000,1000,17205
620,61937880,61937897,61942360,4480,17,4463,65000,47795,47964,1000,1000,17036
621,62037926,62037943,62042366,4440,17,4423,65000,47964,48132,1000,1000,16868
622,62137972,62137989,62142362,4390,17,4373,65000,48132,48299,1000,1000,16701
623,62238018,62238035,62242360,4342,17,4325,65000,48299,48466,1000,1000,16534
624,62338064,62338081,62342377,4313,17,4296,65000,48466,48632,1000,1000,16368
625,62438127,62438144,62442381,4254,17,4237,65000,48632,48798,1000,1000,16202
626,62538173,62538190,62542378,4205,17,4188,65000,48798,48962,1000,1000,16038
627,62638219,62638235,62642369,4150,16,4134,65000,48962,49127,1000,1000,15873
628,62738265,62738282,62742365,4100,17,4083,65000,49127,49290,1000,1000,15710
629,62838311,62838328,62842363,4052,17,4035,65000,49290,49453,1000,1000,15547
630,62938357,62938373,62942371,4014,16,3998,65000,49453,49615,1000,1000,15385
631,63038402,63038419,63042367,3965,17,3948,65000,49615,49776,997,997,15224
632,63138448,63138465,63142363,3915,17,3898,65000,49776,49935,993,993,15065
633,63238495,63238512,63242362,3867,17,3850,65000,49935,50092,989,989,14908
634,63338541,63338557,63342362,3821,16,3805,65000,50092,50247,984,984,14753
635,63438586,63438603,63442366,3780,17,3763,65000,50247,50400,980,980,14600
636,63538632,63538649,63542367,3735,17,3718,65000,50400,50552,976,976,14448
637,63638678,63638695,63642356,3678,17,3661,65000,50552,50702,972,972,14298
638,63738724,63738740,63742371,3647,16,3631,65000,50702,50850,968,968,14150
639,63838786,63838803,63842364,3578,17,3561,65000,50850,50997,964,964,14003
640,63938832,63938849,63942365,3533,17,3516,65000,50997,51142,960,960,13858
641,64038878,64038894,64042369,3491,16,3475,65000,51142,51285,956,956,13715
642,64138924,64138941,64142369,3445,17,3428,65000,51285,51426,953,953,13574
643,64238969,64238986,64242362,3393,17,3376,65000,51426,51566,949,949,13434
644,64339016,64339032,64342363,3347,16,3331,65000,51566,51705,945,945,13295
645,64439061,64439078,64442369,3308,17,3291,65000,51705,51841,941,941,13159
646,64539107,64539124,64542364,3257,17,3240,65000,51841,51977,938,938,13023
647,64639153,64639170,64642364,3211,17,3194,65000,51977,52110,934,934,12890
648,64739198,64739215,64742374,3176,17,3159,65000,52110,52243,931,931,12757
649,64839246,64839263,64842367,3121,17,3104,65000,52243,52373,927,927,12627
650,64939291,64939308,64942363,3072,17,3055,65000,52373,52502,924,924,12498
651,65039337,65039354,65042364,3027,17,3010,65000,52502,52630,920,920,12370
652,65139383,65139400,65142380,2997,17,2980,65000,52630,52756,917,917,12244
653,65239428,65239445,65242381,2953,17,2936,65000,52756,52881,914,914,12119
654,65339473,65339490,65342380,2907,17,2890,65000,52881,53004,910,910,11996
655,65439519,65439536,65442369,2850,17,2833,65000,53004,53126,907,907,11874
656,65539565,65539582,65541368,1803,17,1786,65000,53126,53247,904,904,11753
657,65639610,65639627,65641476,1866,17,1849,65000,53247,53366,900,900,11634
658,65739656,65739673,65751639,11983,17,11966,65000,53366,53484,897,897,11516
659,65839701,65839718,65851742,12041,17,12024,65000,53484,53600,894,894,11400
660,65939748,65939764,65951345,11597,16,11581,65000,53600,53715,891,891,11285
661,66039792,66039809,66051430,11638,17,11621,65000,53715,53829,888,888,11171
662,66139838,66139854,66151466,11628,16,11612,65000,53829,53941,885,885,11059
663,66239885,66239902,66251523,11638,17,11621,65000,53941,54053,882,882,10947
664,66339934,66339950,66351565,11631,16,11615,65000,54053,54162,879,879,10838
665,66439998,66440014,66451618,11620,16,11604,65000,54162,54271,876,876,10729
666,66540045,66540077,66551678,11633,32,11601,65000,54271,54378,873,873,10622
667,66640093,66640111,66651716,11623,18,11605,65000,54378,54485,870,870,10515
668,66740156,66740172,66751773,11617,16,11601,65000,54485,54589,867,867,10411
669,66840201,66840218,66851822,11621,17,11604,65000,54589,54693,865,865,10307
670,66940266,66940283,66951876,11610,17,11593,65000,54693,54796,862,862,10204
671,67040314,67040330,67051928,11614,16,11598,65000,54796,54897,859,859,10103
672,67140379,67140396,67152008,11629,17,11612,65000,54897,54998,857,857,10002
673,67240424,67240441,67252042,11618,17,11601,65000,54998,55097,854,854,9903
674,67340489,67340505,67352100,11611,16,11595,65000,55097,55195,851,851,9805
675,67440536,67440553,67452161,11625,17,11608,65000,55195,55291,849,849,9709
676,67540601,67540617,67552222,11621,16,11605,65000,55291,55387,846,846,9613
677,67640646,67640663,67652269,11623,17,11606,65000,55387,55482,844,844,9518
678,67740711,67740728,67752347,11636,17,11619,65000,55482,55576,841,841,9424
679,67840756,67840773,67852390,11634,17,11617,65000,55576,55668,838,838,9332
680,67940803,67940819,67952397,11594,16,11578,65000,55668,55759,836,836,9241
681,68040848,68040864,68052382,11534,16,11518,65000,55759,55850,834,834,9150
682,68140893,68140909,68152387,11494,16,11478,65000,55850,55939,831,831,9061
683,68240957,68240974,68252377,11420,17,11403,65000,55939,56027,829,829,8973
684,68341002,68341019,68352360,11358,17,11341,65000,56027,56115,827,827,8885
685,68441052,68441069,68452369,11317,17,11300,65000,56115,56201,824,824,8799
686,68541099,68541116,68552362,11263,17,11246,65000,56201,56286,822,822,8714
687,68641146,68641163,68652364,11218,17,11201,65000,56286,56371,820,820,8629
688,68741193,68741210,68752359,11166,17,11149,65000,56371,56454,817,817,8546
689,68841241,68841257,68852373,11132,16,11116,65000,56454,56537,815,815,8463
690,68941287,68941304,68952367,11080,17,11063,65000,56537,56618,813,813,8382
691,69041334,69041351,69052364,11030,17,11013,65000,56618,56699,811,811,8301
692,69141380,69141397,69152366,10986,17,10969,65000,56699,56778,809,809,8222
693,69241427,69241444,69252369,10942,17,10925,65000,56778,56857,807,807,8143
694,69341473,69341490,69352364,10891,17,10874,65000,56857,56935,804,804,8065
695,69441519,69441536,69452362,10843,17,10826,65000,56935,57012,802,802,7988
696,69541566,69541583,69552361,10795,17,10778,65000,57012,57088,800,800,7912
697,69641613,69641630,69652361,10748,17,10731,65000,57088,57163,798,798,7837
698,69741660,69741677,69752366,10706,17,10689,65000,57163,57237,796,796,7763
699,69841706,69841723,69852359,10653,17,10636,65000,57237,57310,794,794,7690
700,69941753,69941770,69955127,13374,17,13357,65000,57310,57383,792,792,7617
701,70041803,70041820,70052329,10526,17,10509,65000,57383,57455,790,790,7545
702,70141850,70141866,70152364,10514,16,10498,65000,57455,57525,788,788,7475
703,70241898,70241915,70252369,10471,17,10454,65000,57525,57596,787,787,7404
704,70341945,70341962,70352368,10423,17,10406,65000,57596,57665,785,785,7335
705,70441992,70442009,70452363,10371,17,10354,65000,57665,57734,783,783,7266
706,70542038,70542055,70552360,10322,17,10305,65000,57734,57801,781,781,7199
707,70642086,70642103,70652386,10300,17,10283,65000,57801,57868,779,779,7132
708,70742153,70742170,70752380,10227,17,10210,65000,57868,57935,778,778,7065
709,70842200,70842216,70852380,10180,16,10164,65000,57935,58000,776,776,7000
710,70942248,70942265,70952366,10118,17,10101,65000,58000,58065,774,774,6935
711,71042295,71042311,71052367,10072,16,10056,65000,58065,58129,772,772,6871
712,71142341,71142358,71152360,10019,17,10002,65000,58129,58192,771,771,6808
713,71242388,71242404,71252370,9982,16,9966,65000,58192,58255,769,769,6745
714,71342434,71342451,71352363,9929,17,9912,65000,58255,58316,767,767,6684
715,71442481,71442518,71452362,9881,37,9844,65000,58316,58378,766,766,6622
716,71542537,71542554,71552370,9833,17,9816,65000,58378,58438,764,764,6562
717,71642583,71642600,71652363,9780,17,9763,65000,58438,58498,762,762,6502
718,71742629,71742645,71752365,9736,16,9720,65000,58498,58557,761,761,6443
719,71842675,71842691,71852359,9684,16,9668,65000,58557,58615,759,759,6385
720,71942720,71942737,71952373,9653,17,9636,65000,58615,58673,758,758,6327
721,72042766,72042783,72052367,9601,17,9584,65000,58673,58730,756,756,6270
722,72142811,72142828,72152365,9554,17,9537,65000,58730,58786,755,755,6214
723,72242857,72242873,72252365,9508,16,9492,65000,58786,58842,753,753,6158
724,72342903,72342920,72352360,9457,17,9440,65000,58842,58897,752,752,6103
725,72442947,72442964,72452365,9418,17,9401,65000,58897,58952,750,750,6048
726,72542993,72543010,72552368,9375,17,9358,65000,58952,59006,749,749,5994
727,72643038,72643055,72652358,9320,17,9303,65000,59006,59059,747,747,5941
728,72743083,72743100,72752367,9284,17,9267,65000,59059,59111,746,746,5889
729,72843130,72843147,72852361,9231,17,9214,65000,59111,59164,745,745,5836
730,72943175,72943192,72952362,9187,17,9170,65000,59164,59215,743,743,5785
731,73043221,73043237,73052369,9148,16,9132,65000,59215,59266,742,742,5734
732,73143267,73143284,73152363,9096,17,9079,65000,59266,59316,740,740,5684
733,73243312,73243329,73252360,9048,17,9031,65000,59316,59366,739,739,5634
734,73343358,73343375,73352382,9024,17,9007,65000,59366,59415,738,738,5585
735,73443422,73443439,73452386,8964,17,8947,65000,59415,59463,736,736,5537
736,73543468,73543485,73552384,8916,17,8899,65000,59463,59511,735,735,5489
737,73643514,73643531,73652369,8855,17,8838,65000,59511,59559,734,734,5441
738,73743559,73743576,73752364,8805,17,8788,65000,59559,59605,732,732,5395
739,73843604,73843621,73852361,8757,17,8740,65000,59605,59652,731,731,5348
740,73943668,73943685,73952369,8701,17,8684,65000,59652,59697,730,730,5303
741,74043715,74043732,74052362,8647,17,8630,65000,59697,59743,729,729,5257
742,74143760,74143777,74152365,8605,17,8588,65000,59743,59788,728,728,5212
743,74243806,74243823,74252355,8549,17,8532,65000,59788,59832,726,726,5168
744,74343851,74343868,74352369,8518,17,8501,65000,59832,59875,725,725,5125
745,74443897,74443914,74452365,8468,17,8451,65000,59875,59919,724,724,5081
746,74543942,74543958,74552363,8421,16,8405,65000,59919,59961,723,723,5039
747,74643987,74644004,74652371,8384,17,8367,65000,59961,60004,722,722,4996
748,74744034,74744051,74752365,8331,17,8314,65000,60004,60046,721,721,4954
749,74844079,74844095,74852367,8288,16,8272,65000,60046,60087,720,720,4913
750,74944125,74944142,74952360,8235,17,8218,65000,60087,60128,719,719,4872
751,75044170,75044187,75052375,8205,17,8188,65000,60128,60168,717,717,4832
752,75144216,75144233,75152369,8153,17,8136,65000,60168,60208,716,716,4792
753,75244261,75244278,75252368,8107,17,8090,65000,60208,60247,715,715,4753
754,75344307,75344324,75352366,8059,17,8042,65000,60247,60286,714,714,4714
755,75444352,75444369,75452362,8010,17,7993,65000,60286,60325,713,713,4675
756,75544399,75544415,75552385,7986,16,7970,65000,60325,60363,712,712,4637
757,75644462,75644479,75652351,7889,17,7872,65000,60363,60400,711,711,4600
758,75744508,75744525,75752366,7858,17,7841,65000,60400,60438,710,710,4562
759,75844554,75844570,75852365,7811,16,7795,65000,60438,60474,709,709,4526
760,75944599,75944616,75952365,7766,17,7749,65000,60474,60511,708,708,4489
761,76044646,76044663,76052363,7717,17,7700,65000,60511,60547,707,707,4453
762,76144691,76144707,76152373,7682,16,7666,65000,60547,60582,706,706,4418
763,76244737,76244754,76252361,7624,17,7607,65000,60582,60617,705,705,4383
764,76344783,76344800,76352372,7589,17,7572,65000,60617,60652,704,704,4348
765,76444829,76444846,76452365,7536,17,7519,65000,60652,60686,703,703,4314
766,76544874,76544891,76552361,7487,17,7470,65000,60686,60720,703,703,4280
767,76644920,76644937,76652360,7440,17,7423,65000,60720,60754,702,702,4246
768,76744965,76744982,76752370,7405,17,7388,65000,60754,60787,701,701,4213
769,76845012,76845029,76852364,7352,17,7335,65000,60787,60820,700,700,4180
770,76945057,76945073,76952360,7303,16,7287,65000,60820,60852,699,699,4148
771,77045101,77045119,77052370,7269,18,7251,65000,60852,60885,698,698,4115
772,77145147,77145164,77152364,7217,17,7200,65000,60885,60916,697,697,4084
773,77245192,77245209,77252365,7173,17,7156,65000,60916,60948,697,697,4052
774,77345238,77345255,77352359,7121,17,7104,65000,60948,60979,696,696,4021
775,77445284,77445300,77452371,7087,16,7071,65000,60979,61009,695,695,3991
776,77545329,77545346,77552358,7029,17,7012,65000,61009,61040,694,694,3960
777,77645375,77645392,77652365,6990,17,6973,65000,61040,61070,693,693,3930
778,77745420,77745437,77752367,6947,17,6930,65000,61070,61099,692,692,3901
779,77845466,77845482,77852368,6902,16,6886,65000,61099,61128,692,692,3872
780,77945512,77945529,77952362,6850,17,6833,65000,61128,61157,691,691,3843
781,78045557,78045574,78052359,6802,17,6785,65000,61157,61186,690,690,3814
782,78145603,78145619,78152384,6781,16,6765,65000,61186,61214,689,689,3786
783,78245668,78245685,78252379,6711,17,6694,65000,61214,61242,689,689,3758
784,78345714,78345731,78352375,6661,17,6644,65000,61242,61270,688,688,3730
785,78445760,78445777,78452367,6607,17,6590,65000,61270,61297,687,687,3703
786,78545806,78545823,78552362,6556,17,6539,65000,61297,61324,686,686,3676
787,78645852,78645869,78652360,6508,17,6491,65000,61324,61351,686,686,3649
788,78745898,78745914,78752371,6473,16,6457,65000,61351,61377,685,685,3623
789,78845944,78845961,78852366,6422,17,6405,65000,61377,61403,684,684,3597
790,78945990,78946007,78952365,6375,17,6358,65000,61403,61429,683,683,3571
791,79046036,79046053,79052364,6328,17,6311,65000,61429,61454,683,683,3546
792,79146082,79146099,79152367,6285,17,6268,65000,61454,61480,682,682,3520
793,79246129,79246146,79252364,6235,17,6218,65000,61480,61504,681,681,3496
794,79346176,79346192,79352363,6187,16,6171,65000,61504,61529,681,681,3471
795,79446222,79446239,79452371,6149,17,6132,65000,61529,61553,680,680,3447
796,79546269,79546286,79552365,6096,17,6079,65000,61553,61577,680,680,3423
797,79646315,79646332,79652364,6049,17,6032,65000,61577,61601,679,679,3399
798,79746361,79746378,79752362,6001,17,5984,65000,61601,61625,678,678,3375
799,79846407,79846424,79852370,5963,17,5946,65000,61625,61648,677,677,3352
800,79946454,79946471,79954176,7722,17,7705,65000,61648,61671,677,677,3329
801,80046505,80046521,80052327,5822,16,5806,65000,61671,61693,676,676,3307
802,80146551,80146567,80152369,5818,16,5802,65000,61693,61716,676,676,3284
803,80246598,80246614,80252363,5765,16,5749,65000,61716,61738,675,675,3262
804,80346644,80346662,80352367,5723,18,5705,65000,61738,61760,675,675,3240
805,80446690,80446707,80452361,5671,17,5654,65000,61760,61782,674,674,3218
806,80546736,80546753,80552368,5632,17,5615,65000,61782,61803,673,673,3197
807,80646783,80646800,80652363,5580,17,5563,65000,61803,61824,673,673,3176
808,80746829,80746845,80752363,5534,16,5518,65000,61824,61845,672,672,3155
809,80846875,80846892,80852380,5505,17,5488,65000,61845,61866,672,672,3134
810,80946938,80946955,80952384,5446,17,5429,65000,61866,61886,671,671,3114
811,81046984,81047001,81052379,5395,17,5378,65000,61886,61907,671,671,3093
812,81147030,81147047,81152368,5338,17,5321,65000,61907,61927,670,670,3073
813,81247076,81247093,81252365,5289,17,5272,65000,61927,61946,670,670,3054
814,81347122,81347139,81352361,5239,17,5222,65000,61946,61966,669,669,3034
815,81447168,81447184,81452370,5202,16,5186,65000,61966,61985,668,668,3015
816,81547215,81547232,81552365,5150,17,5133,65000,61985,62004,668,668,2996
817,81647260,81647277,81652364,5104,17,5087,65000,62004,62023,668,668,2977
818,81747307,81747323,81752363,5056,16,5040,65000,62023,62042,667,667,2958
819,81847353,81847369,81852371,5018,16,5002,65000,62042,62060,666,666,2940
820,81947400,81947417,81952366,4966,17,4949,65000,62060,62079,666,666,2921
821,82047445,82047462,82052362,4917,17,4900,65000,62079,62096,665,665,2904
822,82147491,82147508,82152362,4871,17,4854,65000,62096,62114,665,665,2886
823,82247538,82247554,82252370,4832,16,4816,65000,62114,62132,665,665,2868
824,82347584,82347600,82352363,4779,16,4763,65000,62132,62149,664,664,2851
825,82447629,82447646,82452364,4735,17,4718,65000,62149,62167,664,664,2833
826,82547676,82547692,82552370,4694,16,4678,65000,62167,62184,663,663,2816
827,82647721,82647738,82652364,4643,17,4626,65000,62184,62201,663,663,2799
828,82747767,82747784,82752367,4600,17,4583,65000,62201,62217,662,662,2783
829,82847814,82847830,82852361,4547,16,4531,65000,62217,62234,662,662,2766
830,82947860,82947876,82952366,4506,16,4490,65000,62234,62250,661,661,2750
831,83047906,83047923,83052361,4455,17,4438,65000,62250,62266,661,661,2734
832,83147951,83147968,83152364,4413,17,4396,65000,62266,62282,661,661,2718
833,83247998,83248015,83252372,4374,17,4357,65000,62282,62298,660,660,2702
834,83348045,83348062,83352364,4319,17,4302,65000,62298,62313,660,660,2687
835,83448091,83448107,83452366,4275,16,4259,65000,62313,62328,659,659,2672
836,83548138,83548154,83552359,4221,16,4205,65000,62328,62344,659,659,2656
837,83648184,83648201,83652385,4201,17,4184,65000,62344,62358,658,658,2642
838,83748248,83748265,83752378,4130,17,4113,65000,62358,62373,658,658,2627
839,83848294,83848310,83852377,4083,16,4067,65000,62373,62388,658,658,2612
840,83948340,83948357,83952369,4029,17,4012,65000,62388,62402,657,657,2598
841,84048386,84048403,84052364,3978,17,3961,65000,62402,62417,657,657,2583
842,84148432,84148449,84152362,3930,17,3913,65000,62417,62431,656,656,2569
843,84248477,84248494,84252367,3890,17,3873,65000,62431,62445,656,656,2555
844,84348523,84348540,84352361,3838,17,3821,65000,62445,62459,656,656,2541
845,84448569,84448586,84452363,3794,17,3777,65000,62459,62472,655,655,2528
846,84548616,84548632,84552373,3757,16,3741,65000,62472,62486,655,655,2514
847,84648663,84648680,84652367,3704,17,3687,65000,62486,62499,655,655,2501
848,84748709,84748726,84752370,3661,17,3644,65000,62499,62512,654,654,2488
849,84848756,84848772,84852370,3614,16,3598,65000,62512,62525,654,654,2475
850,84948802,84948818,84952361,3559,16,3543,65000,62525,62538,654,654,2462
851,85048848,85048865,85052371,3523,17,3506,65000,62538,62516,653,653,2484
852,85148895,85148911,85152365,3470,16,3454,65000,62516,62496,660,660,2504
853,85248940,85248957,85252363,3423,17,3406,65000,62496,62476,661,661,2524
854,85348986,85349003,85352371,3385,17,3368,65000,62476,62456,662,662,2544
855,85449034,85449050,85452364,3330,16,3314,65000,62456,62437,662,662,2563
856,85549079,85549095,85552364,3285,16,3269,65000,62437,62418,663,663,2582
857,85649125,85649142,85652369,3244,17,3227,65000,62418,62399,663,663,2601
858,85749171,85749188,85752370,3199,17,3182,65000,62399,62380,664,664,2620
859,85849233,85849251,85852365,3132,18,3114,65000,62380,62361,664,664,2639
860,85949255,85949272,85952362,3107,17,3090,65000,62361,62343,665,665,2657
861,86049301,86049317,86052371,3070,16,3054,65000,62343,62325,665,665,2675
862,86149345,86149362,86152366,3021,17,3004,65000,62325,62307,666,666,2693
863,86249391,86249408,86252364,2973,17,2956,65000,62307,62289,666,666,2711
864,86349436,86349453,86352382,2946,17,2929,65000,62289,62272,667,667,2728
865,86449498,86449515,86452386,2888,17,2871,65000,62272,62255,667,667,2745
866,86549544,86549561,86551380,1836,17,1819,65000,62255,62238,667,667,2762
867,86649589,86649606,86651476,1887,17,1870,65000,62238,62221,668,668,2779
868,86749635,86749652,86761635,12000,17,11983,65000,62221,62204,668,668,2796
869,86849681,86849697,86861736,12055,16,12039,65000,62204,62187,669,669,2813
870,86949726,86949743,86961804,12078,17,12061,65000,62187,62171,669,669,2829
871,87049771,87049788,87061363,11592,17,11575,65000,62171,62155,670,670,2845
872,87149817,87149834,87161457,11640,17,11623,65000,62155,62139,670,670,2861
873,87249863,87249879,87261490,11627,16,11611,65000,62139,62123,671,671,2877
874,87349912,87349929,87361546,11634,17,11617,65000,62123,62107,671,671,2893
875,87449960,87449977,87461589,11629,17,11612,65000,62107,62092,671,671,2908
876,87550024,87550041,87561669,11645,17,11628,65000,62092,62077,672,672,2923
877,87650082,87650098,87661705,11623,16,11607,65000,62077,62062,672,672,2938
878,87750132,87750148,87761753,11621,16,11605,65000,62062,62047,673,673,2953
879,87850197,87850214,87861812,11615,17,11598,65000,62047,62032,673,673,2968
880,87950244,87950261,87961862,11618,17,11601,65000,62032,62017,673,673,2983
881,88050309,88050326,88061917,11608,17,11591,65000,62017,62003,674,674,2997
882,88150357,88150373,88161974,11617,16,11601,65000,62003,61989,674,674,3011
883,88250404,88250421,88262024,11620,17,11603,65000,61989,61974,674,674,3026
884,88350470,88350487,88362075,11605,17,11588,65000,61974,61961,675,675,3039
885,88450547,88450564,88462189,11642,17,11625,65000,61961,61947,675,675,3053
886,88550594,88550610,88562223,11629,16,11613,65000,61947,61933,676,676,3067
887,88650642,88650658,88662268,11626,16,11610,65000,61933,61920,676,676,3080
888,88750706,88750722,88762348,11642,16,11626,65000,61920,61906,676,676,3094
889,88850750,88850767,88862364,11614,17,11597,65000,61906,61893,677,677,3107
890,88950796,88950813,88962383,11587,17,11570,65000,61893,61880,677,677,3120
891,89050841,89050858,89062359,11518,17,11501,65000,61880,61867,677,677,3133
892,89150887,89150904,89162421,11534,17,11517,65000,61867,61855,678,678,3145
893,89250933,89250949,89262397,11464,16,11448,65000,61855,61842,678,678,3158
894,89350979,89350996,89362379,11400,17,11383,65000,61842,61830,678,678,3170
895,89451027,89451044,89462366,11339,17,11322,65000,61830,61817,679,679,3183
896,89551088,89551105,89562362,11274,17,11257,65000,61817,61805,679,679,3195
897,89651136,89651153,89662362,11226,17,11209,65000,61805,61793,679,679,3207
898,89751183,89751200,89762367,11184,17,11167,65000,61793,61781,680,680,3219
899,89851231,89851247,89862361,11130,16,11114,65000,61781,61770,680,680,3230
900,89951278,89951295,89964171,12893,17,12876,65000,61770,61758,680,680,3242
901,90051329,90051346,90062330,11001,17,10984,65000,61758,61747,681,681,3253
902,90151375,90151392,90162368,10993,17,10976,65000,61747,61735,681,681,3265
903,90251424,90251440,90262362,10938,16,10922,65000,61735,61724,681,681,3276
904,90351471,90351487,90362360,10889,16,10873,65000,61724,61713,682,682,3287
905,90451517,90451534,90462369,10852,17,10835,65000,61713,61702,682,682,3298
906,90551565,90551582,90562362,10797,17,10780,65000,61702,61691,682,682,3309
907,90651611,90651628,90662363,10752,17,10735,65000,61691,61681,682,682,3319
908,90751658,90751675,90762371,10713,17,10696,65000,61681,61670,683,683,3330
909,90851705,90851722,90862366,10661,17,10644,65000,61670,61660,683,683,3340
910,90951753,90951770,90962368,10615,17,10598,65000,61660,61649,683,683,3351
911,91051800,91051817,91062364,10564,17,10547,65000,61649,61639,684,684,3361
912,91151848,91151865,91162362,10514,17,10497,65000,61639,61629,684,684,3371
913,91251895,91251912,91262361,10466,17,10449,65000,61629,61619,684,684,3381
914,91351942,91351958,91362377,10435,16,10419,65000,61619,61609,684,684,3391
915,91452004,91452021,91462364,10360,17,10343,65000,61609,61599,685,685,3401
916,91552051,91552068,91562366,10315,17,10298,65000,61599,61590,685,685,3410
917,91652098,91652114,91662366,10268,16,10252,65000,61590,61580,685,685,3420
918,91752144,91752161,91762361,10217,17,10200,65000,61580,61571,685,685,3429
919,91852191,91852208,91862381,10190,17,10173,65000,61571,61562,686,686,3438
920,91952255,91952271,91962345,10090,16,10074,65000,61562,61552,686,686,3448
921,92052303,92052320,92062359,10056,17,10039,65000,61552,61543,686,686,3457
922,92152351,92152368,92162369,10018,17,10001,65000,61543,61534,686,686,3466
923,92252398,92252414,92262362,9964,16,9948,65000,61534,61525,687,687,3475
924,92352444,92352460,92362363,9919,16,9903,65000,61525,61517,687,687,3483
925,92452509,92452527,92462368,9859,18,9841,65000,61517,61508,687,687,3492
926,92552541,92552558,92562363,9822,17,9805,65000,61508,61499,687,687,3501
927,92652588,92652605,92662364,9776,17,9759,65000,61499,61491,688,688,3509
928,92752633,92752650,92762360,9727,17,9710,65000,61491,61483,688,688,3517
929,92852679,92852696,92862368,9689,17,9672,65000,61483,61474,688,688,3526
930,92952726,92952743,92962363,9637,17,9620,65000,61474,61466,688,688,3534
931,93052772,93052789,93062362,9590,17,9573,65000,61466,61458,688,688,3542
932,93152818,93152835,93162369,9551,17,9534,65000,61458,61450,689,689,3550
933,93252865,93252881,93262364,9499,16,9483,65000,61450,61442,689,689,3558
934,93352910,93352927,93362365,9455,17,9438,65000,61442,61434,689,689,3566
935,93452956,93452972,93462360,9404,16,9388,65000,61434,61426,689,689,3574
936,93553002,93553018,93562368,9366,16,9350,65000,61426,61419,690,690,3581
937,93653048,93653065,93662363,9315,17,9298,65000,61419,61411,690,690,3589
938,93753093,93753110,93762361,9268,17,9251,65000,61411,61404,690,690,3596
939,93853140,93853156,93862378,9238,16,9222,65000,61404,61397,690,690,3603
940,93953203,93953220,93962380,9177,17,9160,65000,61397,61389,690,690,3611
941,94053249,94053266,94062377,9128,17,9111,65000,61389,61382,691,691,3618
942,94153294,94153311,94162367,9073,17,9056,65000,61382,61375,691,691,3625
943,94253340,94253357,94262364,9024,17,9007,65000,61375,61368,691,691,3632
944,94353385,94353402,94362365,8980,17,8963,65000,61368,61361,691,691,3639
945,94453431,94453448,94462373,8942,17,8925,65000,61361,61354,691,691,3646
946,94553478,94553495,94562368,8890,17,8873,65000,61354,61347,691,691,3653
947,94653523,94653540,94662367,8844,17,8827,65000,61347,61341,692,692,3659
948,94753569,94753585,94762362,8793,16,8777,65000,61341,61334,692,692,3666
949,94853614,94853631,94862364,8750,17,8733,65000,61334,61327,692,692,3673
950,94953660,94953677,94962365,8705,17,8688,65000,61327,61321,692,692,3679
951,95053706,95053723,95062365,8659,17,8642,65000,61321,61349,692,692,3651
952,95153752,95153769,95162359,8607,17,8590,65000,61349,61376,685,685,3624
953,95253797,95253814,95262371,8574,17,8557,65000,61376,61402,684,684,3598
954,95353844,95353860,95362360,8516,16,8500,65000,61402,61428,684,684,3572
955,95453889,95453906,95462364,8475,17,8458,65000,61428,61453,683,683,3547
956,95553936,95553952,95562361,8425,16,8409,65000,61453,61478,682,682,3522
957,95653981,95653998,95662366,8385,17,8368,65000,61478,61503,682,682,3497
958,95754027,95754044,95762364,8337,17,8320,65000,61503,61528,681,681,3472
959,95854073,95854089,95862359,8286,16,8270,65000,61528,61552,680,680,3448
960,95954118,95954135,95962369,8251,17,8234,65000,61552,61576,680,680,3424
961,96054164,96054181,96062363,8199,17,8182,65000,61576,61600,679,679,3400
962,96154210,96154227,96162362,8152,17,8135,65000,61600,61624,678,678,3376
963,96254256,96254272,96262367,8111,16,8095,65000,61624,61647,678,678,3353
964,96354301,96354318,96362363,8062,17,8045,65000,61647,61670,677,677,3330
965,96454346,96454363,96462363,8017,17,8000,65000,61670,61693,676,676,3307
966,96554393,96554410,96562360,7967,17,7950,65000,61693,61715,676,676,3285
967,96654455,96654471,96662382,7927,16,7911,65000,61715,61737,675,675,3263
968,96754501,96754517,96762379,7878,16,7862,65000,61737,61759,675,675,3241
969,96854545,96854562,96862379,7834,17,7817,65000,61759,61781,674,674,3219
970,96954592,96954608,96962367,7775,16,7759,65000,61781,61802,673,673,3198
971,97054637,97054654,97062364,7727,17,7710,65000,61802,61824,673,673,3176
972,97154683,97154699,97162359,7676,16,7660,65000,61824,61844,672,672,3156
973,97254728,97254745,97262371,7643,17,7626,65000,61844,61865,672,672,3135
974,97354774,97354791,97362364,7590,17,7573,65000,61865,61886,671,671,3114
975,97454820,97454837,97462362,7542,17,7525,65000,61886,61906,671,671,3094
976,97554865,97554882,97562361,7496,17,7479,65000,61906,61926,670,670,3074
977,97654911,97654928,97662368,7457,17,7440,65000,61926,61946,670,670,3054
978,97754958,97754974,97762365,7407,16,7391,65000,61946,61965,669,669,3035
979,97855002,97855019,97862360,7358,17,7341,65000,61965,61985,669,669,3015
980,97955048,97955064,97962361,7313,16,7297,65000,61985,62004,668,668,2996
981,98055093,98055110,98062366,7273,17,7256,65000,62004,62023,668,668,2977
982,98155139,98155156,98162361,7222,17,7205,65000,62023,62042,667,667,2958
983,98255184,98255201,98262359,7175,17,7158,65000,62042,62060,666,666,2940
984,98355231,98355247,98362369,7138,16,7122,65000,62060,62078,666,666,2922
985,98455276,98455293,98462362,7086,17,7069,65000,62078,62096,666,666,2904
986,98555321,98555338,98562363,7042,17,7025,65000,62096,62114,665,665,2886
987,98655367,98655384,98662370,7003,17,6986,65000,62114,62132,665,665,2868
988,98755413,98755430,98762363,6950,17,6933,65000,62132,62149,664,664,2851
989,98855459,98855476,98862367,6908,17,6891,65000,62149,62167,664,664,2833
990,98955506,98955522,98962360,6854,16,6838,65000,62167,62184,663,663,2816
991,99055551,99055567,99062369,6818,16,6802,65000,62184,62200,663,663,2800
992,99155597,99155614,99162364,6767,17,6750,65000,62200,62217,662,662,2783
993,99255643,99255660,99262361,6718,17,6701,65000,62217,62234,662,662,2766
994,99355690,99355706,99362379,6689,16,6673,65000,62234,62250,661,661,2750
995,99455752,99455769,99462384,6632,17,6615,65000,62250,62266,661,661,2734
996,99555798,99555815,99562382,6584,17,6567,65000,62266,62282,661,661,2718
997,99655844,99655861,99662368,6524,17,6507,65000,62282,62297,660,660,2703
998,99755889,99755906,99762365,6476,17,6459,65000,62297,62313,660,660,2687
999,99855935,99855952,99862364,6429,17,6412,65000,62313,62328,659,659,2672
1000,99955982,99955998,99964215,8233,16,8217,65000,62328,62344,659,659,2656
1001,100056033,100056049,100062331,6298,16,6282,65000,62344,62358,658,658,2642
1002,100156078,100156095,100162367,6289,17,6272,65000,62358,62373,658,658,2627
1003,100256127,100256143,100262360,6233,16,6217,65000,62373,62388,658,658,2612
1004,100356172,100356189,100362372,6200,17,6183,65000,62388,62402,657,657,2598
1005,100456219,100456236,100462365,6146,17,6129,65000,62402,62417,657,657,2583
1006,100556264,100556281,100562365,6101,17,6084,65000,62417,62431,656,656,2569
1007,100656311,100656328,100662363,6052,17,6035,65000,62431,62445,656,656,2555
1008,100756357,100756374,100762371,6014,17,5997,65000,62445,62459,656,656,2541
1009,100856403,100856420,100862365,5962,17,5945,65000,62459,62472,655,655,2528
1010,100956449,100956466,100962363,5914,17,5897,65000,62472,62486,655,655,2514
1011,101056495,101056512,101062361,5866,17,5849,65000,62486,62499,655,655,2501
1012,101156541,101156558,101162371,5830,17,5813,65000,62499,62512,654,654,2488
1013,101256588,101256605,101262359,5771,17,5754,65000,62512,62525,654,654,2475
1014,101356634,101356650,101362362,5728,16,5712,65000,62525,62538,654,654,2462
1015,101456680,101456697,101462371,5691,17,5674,65000,62538,62551,653,653,2449
1016,101556747,101556763,101562364,5617,16,5601,65000,62551,62564,653,653,2436
1017,101656793,101656810,101662361,5568,17,5551,65000,62564,62576,653,653,2424
1018,101756840,101756857,101762370,5530,17,5513,65000,62576,62589,652,652,2411
1019,101856886,101856903,101862365,5479,17,5462,65000,62589,62601,652,652,2399
1020,101956946,101956963,101962365,5419,17,5402,65000,62601,62613,652,652,2387
1021,102056993,102057010,102062361,5368,17,5351,65000,62613,62625,651,651,2375
1022,102157039,102157056,102162387,5348,17,5331,65000,62625,62636,651,651,2364
1023,102257104,102257121,102262380,5276,17,5259,65000,62636,62648,651,651,2352
1024,102357150,102357166,102362378,5228,16,5212,65000,62648,62660,650,650,2340
1025,102457196,102457213,102462366,5170,17,5153,65000,62660,62671,650,650,2329
1026,102557242,102557259,102562365,5123,17,5106,65000,62671,62682,650,650,2318
1027,102657287,102657304,102662363,5076,17,5059,65000,62682,62694,650,650,2306
1028,102757333,102757350,102762369,5036,17,5019,65000,62694,62705,649,649,2295
1029,102857379,102857396,102862364,4985,17,4968,65000,62705,62715,649,649,2285
1030,102957425,102957442,102962362,4937,17,4920,65000,62715,62726,649,649,2274
1031,103057470,103057487,103062372,4902,17,4885,65000,62726,62737,648,648,2263
1032,103157517,103157534,103162364,4847,17,4830,65000,62737,62747,648,648,2253
1033,103257563,103257580,103262366,4803,17,4786,65000,62747,62758,648,648,2242
1034,103357610,103357627,103362359,4749,17,4732,65000,62758,62768,647,647,2232
1035,103457656,103457673,103462373,4717,17,4700,65000,62768,62778,647,647,2222
1036,103557703,103557720,103562368,4665,17,4648,65000,62778,62788,647,647,2212
1037,103657748,103657765,103662367,4619,17,4602,65000,62788,62798,647,647,2202
1038,103757794,103757812,103762363,4569,18,4551,65000,62798,62808,646,646,2192
1039,103857840,103857857,103862364,4524,17,4507,65000,62808,62817,646,646,2183
1040,103957886,103957903,103962362,4476,17,4459,65000,62817,62827,646,646,2173
1041,104057932,104057949,104062363,4431,17,4414,65000,62827,62837,646,646,2163
1042,104157979,104157995,104162361,4382,16,4366,65000,62837,62846,645,645,2154
1043,104258024,104258041,104262365,4341,17,4324,65000,62846,62855,645,645,2145
1044,104358072,104358089,104362361,4289,17,4272,65000,62855,62864,645,645,2136
1045,104458118,104458135,104462360,4242,17,4225,65000,62864,62873,645,645,2127
1046,104558165,104558181,104562369,4204,16,4188,65000,62873,62882,644,644,2118
1047,104658211,104658227,104662364,4153,16,4137,65000,62882,62891,644,644,2109
1048,104758257,104758274,104762363,4106,17,4089,65000,62891,62900,644,644,2100
1049,104858303,104858320,104862379,4076,17,4059,65000,62900,62908,644,644,2092
1050,104958366,104958382,104962385,4019,16,4003,65000,62908,62917,644,644,2083
1051,105058411,105058428,105062381,3970,17,3953,65000,62917,62925,643,643,2075
1052,105158457,105158473,105162367,3910,16,3894,65000,62925,62934,643,643,2066
1053,105258503,105258520,105262366,3863,17,3846,65000,62934,62942,643,643,2058
1054,105358550,105358567,105362357,3807,17,3790,65000,62942,62950,643,643,2050
1055,105458595,105458612,105462368,3773,17,3756,65000,62950,62958,642,642,2042
1056,105558641,105558658,105562365,3724,17,3707,65000,62958,62966,642,642,2034
1057,105658687,105658704,105662360,3673,17,3656,65000,62966,62974,642,642,2026
1058,105758732,105758749,105762371,3639,17,3622,65000,62974,62982,642,642,2018
1059,105858778,105858795,105862365,3587,17,3570,65000,62982,62990,641,641,2010
1060,105958823,105958839,105962365,3542,16,3526,65000,62990,62997,641,641,2003
1061,106058869,106058886,106062362,3493,17,3476,65000,62997,63005,641,641,1995
1062,106158915,106158931,106162371,3456,16,3440,65000,63005,63012,641,641,1988
1063,106258961,106258978,106262364,3403,17,3386,65000,63012,63020,641,641,1980
1064,106359007,106359023,106362365,3358,16,3342,65000,63020,63027,640,640,1973
1065,106459052,106459069,106462360,3308,17,3291,65000,63027,63034,640,640,1966
1066,106559099,106559116,106562378,3279,17,3262,65000,63034,63041,640,640,1959
1067,106659161,106659178,106662366,3205,17,3188,65000,63041,63048,640,640,1952
1068,106759207,106759241,106762369,3162,34,3128,65000,63048,63055,640,640,1945
1069,106859253,106859270,106862364,3111,17,3094,65000,63055,63062,640,640,1938
1070,106959298,106959315,106962364,3066,17,3049,65000,63062,63068,639,639,1932
1071,107059344,107059360,107062385,3041,16,3025,65000,63068,63075,639,639,1925
1072,107159406,107159423,107162353,2947,17,2930,65000,63075,63082,639,639,1918
1073,107259452,107259469,107262370,2918,17,2901,65000,63082,63088,639,639,1912
1074,107359497,107359514,107362367,2870,17,2853,65000,63088,63095,639,639,1905
1075,107459543,107459559,107462366,2823,16,2807,65000,63095,63101,638,638,1899
1076,107559588,107559604,107561385,1797,16,1781,65000,63101,63107,638,638,1893
1077,107659633,107659650,107671570,11937,17,11920,65000,63107,63114,638,638,1886
1078,107759679,107759695,107771666,11987,16,11971,65000,63114,63120,638,638,1880
1079,107859725,107859742,107871733,12008,17,11991,65000,63120,63126,638,638,1874
1080,107959770,107959787,107971364,11594,17,11577,65000,63126,63132,638,638,1868
1081,108059816,108059833,108071457,11641,17,11624,65000,63132,63138,638,638,1862
1082,108159861,108159877,108171487,11626,16,11610,65000,63138,63144,637,637,1856
1083,108259926,108259943,108271572,11646,17,11629,65000,63144,63150,637,637,1850
1084,108359972,108359988,108371602,11630,16,11614,65000,63150,63156,637,637,1844
1085,108460037,108460069,108471664,11627,32,11595,65000,63156,63161,637,637,1839
1086,108560086,108560103,108571711,11625,17,11608,65000,63161,63167,637,637,1833
1087,108660152,108660168,108671771,11619,16,11603,65000,63167,63173,637,637,1827
1088,108760198,108760215,108771814,11616,17,11599,65000,63173,63178,636,636,1822
1089,108860261,108860278,108871867,11606,17,11589,65000,63178,63183,636,636,1817
1090,108960309,108960325,108971928,11619,16,11603,65000,63183,63189,636,636,1811
1091,109060355,109060371,109071974,11619,16,11603,65000,63189,63194,636,636,1806
1092,109160420,109160437,109172027,11607,17,11590,65000,63194,63199,636,636,1801
1093,109260469,109260486,109272088,11619,17,11602,65000,63199,63205,636,636,1795
1094,109360516,109360533,109372146,11630,17,11613,65000,63205,63210,635,635,1790
1095,109460579,109460596,109472198,11619,17,11602,65000,63210,63215,635,635,1785
1096,109560627,109560644,109572249,11622,17,11605,65000,63215,63220,635,635,1780
1097,109660693,109660710,109672350,11657,17,11640,65000,63220,63225,635,635,1775
1098,109760738,109760755,109772381,11643,17,11626,65000,63225,63229,635,635,1771
1099,109860803,109860820,109872392,11589,17,11572,65000,63229,63234,635,635,1766
1100,109960850,109960867,109974217,13367,17,13350,65000,63234,63239,635,635,1761
1101,110060898,110060915,110072348,11450,17,11433,65000,63239,63244,635,635,1756
1102,110160944,110160960,110172362,11418,16,11402,65000,63244,63249,635,635,1751
1103,110260990,110261007,110272384,11394,17,11377,65000,63249,63253,634,634,1747
1104,110361036,110361053,110372367,11331,17,11314,65000,63253,63258,634,634,1742
1105,110461083,110461100,110472363,11280,17,11263,65000,63258,63262,634,634,1738
1106,110561130,110561147,110572364,11234,17,11217,65000,63262,63267,634,634,1733
1107,110661177,110661194,110672367,11190,17,11173,65000,63267,63271,634,634,1729
1108,110761224,110761241,110772360,11136,17,11119,65000,63271,63276,634,634,1724
1109,110861272,110861289,110872363,11091,17,11074,65000,63276,63280,634,634,1720
1110,110961319,110961336,110972369,11050,17,11033,65000,63280,63285,634,634,1715
1111,111061366,111061383,111072364,10998,17,10981,65000,63285,63289,633,633,1711
1112,111161413,111161430,111172362,10949,17,10932,65000,63289,63293,633,633,1707
1113,111261460,111261477,111272361,10901,17,10884,65000,63293,63297,633,633,1703
1114,111361507,111361524,111372370,10863,17,10846,65000,63297,63301,633,633,1699
1115,111461555,111461571,111472362,10807,16,10791,65000,63301,63305,633,633,1695
1116,111561602,111561619,111572362,10760,17,10743,65000,63305,63309,633,633,1691
1117,111661649,111661666,111672369,10720,17,10703,65000,63309,63313,633,633,1687
1118,111761696,111761712,111772364,10668,16,10652,65000,63313,63317,633,633,1683
1119,111861742,111861759,111872362,10620,17,10603,65000,63317,63321,633,633,1679
1120,111961789,111961806,111972360,10571,17,10554,65000,63321,63325,632,632,1675
1121,112061836,112061853,112072370,10534,17,10517,65000,63325,63328,632,632,1672
1122,112161883,112161900,112172362,10479,17,10462,65000,63328,63332,632,632,1668
1123,112261930,112261947,112272361,10431,17,10414,65000,63332,63335,632,632,1665
1124,112361976,112361993,112372378,10402,17,10385,65000,63335,63339,632,632,1661
1125,112462039,112462056,112472383,10344,17,10327,65000,63339,63343,632,632,1657
1126,112562086,112562103,112572379,10293,17,10276,65000,63343,63346,632,632,1654
1127,112662133,112662150,112672368,10235,17,10218,65000,63346,63350,632,632,1650
1128,112762180,112762196,112772364,10184,16,10168,65000,63350,63353,632,632,1647
1129,112862228,112862245,112872363,10135,17,10118,65000,63353,63357,632,632,1643
1130,112962274,112962291,112972371,10097,17,10080,65000,63357,63360,631,631,1640
1131,113062321,113062338,113072365,10044,17,10027,65000,63360,63363,631,631,1637
1132,113162368,113162385,113172365,9997,17,9980,65000,63363,63367,631,631,1633
1133,113262415,113262432,113272362,9947,17,9930,65000,63367,63370,631,631,1630
1134,113362462,113362478,113372371,9909,16,9893,65000,63370,63373,631,631,1627
1135,113462524,113462540,113472365,9841,16,9825,65000,63373,63376,631,631,1624
1136,113562570,113562587,113572370,9800,17,9783,65000,63376,63379,631,631,1621
1137,113662616,113662633,113672357,9741,17,9724,65000,63379,63383,631,631,1617
1138,113762663,113762680,113772368,9705,17,9688,65000,63383,63386,631,631,1614
1139,113862709,113862726,113872361,9652,17,9635,65000,63386,63389,631,631,1611
1140,113962755,113962772,113972362,9607,17,9590,65000,63389,63392,631,631,1608
1141,114062801,114062818,114072370,9569,17,9552,65000,63392,63395,631,631,1605
1142,114162848,114162865,114172363,9515,17,9498,65000,63395,63398,631,631,1602
1143,114262893,114262910,114272363,9470,17,9453,65000,63398,63401,630,630,1599
1144,114362939,114362956,114372360,9421,17,9404,65000,63401,63404,630,630,1596
1145,114462985,114463001,114472371,9386,16,9370,65000,63404,63407,630,630,1593
1146,114563032,114563048,114572365,9333,16,9317,65000,63407,63409,630,630,1591
1147,114663077,114663094,114672363,9286,17,9269,65000,63409,63412,630,630,1588
1148,114763123,114763140,114772367,9244,17,9227,65000,63412,63415,630,630,1585
1149,114863169,114863186,114872363,9194,17,9177,65000,63415,63418,630,630,1582
1150,114963215,114963232,114972368,9153,17,9136,65000,63418,63420,630,630,1580
1151,115063261,115063278,115072357,9096,17,9079,65000,63420,63423,630,630,1577
1152,115163307,115163324,115172385,9078,17,9061,65000,63423,63426,630,630,1574
1153,115263372,115263389,115272380,9008,17,8991,65000,63426,63429,630,630,1571
1154,115363418,115363434,115372378,8960,16,8944,65000,63429,63431,630,630,1569
1155,115463464,115463481,115472366,8902,17,8885,65000,63431,63434,630,630,1566
1156,115563509,115563526,115572363,8854,17,8837,65000,63434,63436,629,629,1564
1157,115663554,115663571,115672364,8810,17,8793,65000,63436,63439,629,629,1561
1158,115763600,115763617,115772365,8765,17,8748,65000,63439,63441,629,629,1559
1159,115863645,115863662,115872367,8722,17,8705,65000,63441,63443,629,629,1557
1160,115963691,115963708,115972365,8674,17,8657,65000,63443,63446,629,629,1554
1161,116063737,116063754,116072370,8633,17,8616,65000,63446,63448,629,629,1552
1162,116163783,116163800,116172366,8583,17,8566,65000,63448,63450,629,629,1550
1163,116263829,116263846,116272367,8538,17,8521,65000,63450,63453,629,629,1547
1164,116363875,116363891,116372363,8488,16,8472,65000,63453,63455,629,629,1545
1165,116463921,116463938,116472364,8443,17,8426,65000,63455,63457,629,629,1543
1166,116563967,116563983,116572366,8399,16,8383,65000,63457,63460,629,629,1540
1167,116664013,116664030,116672369,8356,17,8339,65000,63460,63462,629,629,1538
1168,116764058,116764074,116772362,8304,16,8288,65000,63462,63464,629,629,1536
1169,116864104,116864121,116872368,8264,17,8247,65000,63464,63466,629,629,1534
1170,116964151,116964167,116972363,8212,16,8196,65000,63466,63469,629,629,1531
1171,117064196,117064213,117072367,8171,17,8154,65000,63469,63471,628,628,1529
1172,117164242,117164259,117172362,8120,17,8103,65000,63471,63473,628,628,1527
1173,117264287,117264304,117272366,8079,17,8062,65000,63473,63475,628,628,1525
1174,117364334,117364351,117372360,8026,17,8009,65000,63475,63476,628,628,1524
1175,117464379,117464396,117472362,7983,17,7966,65000,63476,63478,628,628,1522
1176,117564425,117564441,117572369,7944,16,7928,65000,63478,63480,628,628,1520
1177,117664471,117664488,117672362,7891,17,7874,65000,63480,63482,628,628,1518
1178,117764516,117764533,117772363,7847,17,7830,65000,63482,63484,628,628,1516
1179,117864562,117864579,117872380,7818,17,7801,65000,63484,63486,628,628,1514
1180,117964625,117964642,117972389,7764,17,7747,65000,63486,63488,628,628,1512
1181,118064671,118064688,118072383,7712,17,7695,65000,63488,63490,628,628,1510
1182,118164716,118164733,118172370,7654,17,7637,65000,63490,63492,628,628,1508
1183,118264762,118264778,118272361,7599,16,7583,65000,63492,63494,628,628,1506
1184,118364807,118364824,118372361,7554,17,7537,65000,63494,63495,628,628,1505
1185,118464853,118464870,118472371,7518,17,7501,65000,63495,63497,628,628,1503
1186,118564899,118564915,118572365,7466,16,7450,65000,63497,63499,628,628,1501
1187,118664944,118664961,118672362,7418,17,7401,65000,63499,63501,628,628,1499
1188,118764990,118765006,118772359,7369,16,7353,65000,63501,63503,628,628,1497
1189,118865035,118865052,118872369,7334,17,7317,65000,63503,63505,628,628,1495
1190,118965081,118965098,118972362,7281,17,7264,65000,63505,63507,628,628,1493
1191,119065126,119065143,119072363,7237,17,7220,65000,63507,63508,628,628,1492
1192,119165172,119165188,119172372,7200,16,7184,65000,63508,63510,628,628,1490
1193,119265219,119265235,119272367,7148,16,7132,65000,63510,63512,627,627,1488
1194,119365264,119365281,119372369,7105,17,7088,65000,63512,63513,627,627,1487
1195,119465327,119465344,119472364,7037,17,7020,65000,63513,63515,627,627,1485
1196,119565373,119565389,119572365,6992,16,6976,65000,63515,63516,627,627,1484
1197,119665419,119665435,119672368,6949,16,6933,65000,63516,63518,627,627,1482
1198,119765465,119765481,119772363,6898,16,6882,65000,63518,63519,627,627,1481
1199,119865511,119865528,119872361,6850,17,6833,65000,63519,63521,627,627,1479
1200,119965556,119965573,119974211,8655,17,8638,65000,63521,63522,627,627,1478
1201,120065607,120065624,120072329,6722,17,6705,50000,63522,63428,285,285,-13428
1202,120165652,120165669,120172364,6712,17,6695,50000,63428,63329,269,269,-13329
1203,120265701,120265718,120272366,6665,17,6648,50000,63329,63231,269,269,-13231
1204,120365747,120365763,120372368,6621,16,6605,50000,63231,63134,270,270,-13134
1205,120465793,120465809,120472361,6568,16,6552,50000,63134,63037,271,271,-13037
1206,120565838,120565855,120572363,6525,17,6508,50000,63037,62941,272,272,-12941
1207,120665885,120665901,120672386,6501,16,6485,50000,62941,62846,273,273,-12846
1208,120765931,120765948,120772383,6452,17,6435,50000,62846,62751,273,273,-12751
1209,120865976,120865993,120872378,6402,17,6385,50000,62751,62657,274,274,-12657
1210,120966022,120966039,120972366,6344,17,6327,50000,62657,62563,275,275,-12563
1211,121066068,121066085,121072365,6297,17,6280,50000,62563,62470,276,276,-12470
1212,121166114,121166131,121172357,6243,17,6226,50000,62470,62378,277,277,-12378
1213,121266160,121266177,121272370,6210,17,6193,50000,62378,62286,278,278,-12286
1214,121366207,121366224,121372363,6156,17,6139,50000,62286,62195,279,279,-12195
1215,121466252,121466269,121472360,6108,17,6091,50000,62195,62105,280,280,-12105
1216,121566299,121566315,121572369,6070,16,6054,50000,62105,62015,281,281,-12015
1217,121666346,121666362,121672364,6018,16,6002,50000,62015,61926,282,282,-11926
1218,121766391,121766408,121772366,5975,17,5958,50000,61926,61837,282,282,-11837
1219,121866438,121866454,121872360,5922,16,5906,50000,61837,61749,283,283,-11749
1220,121966484,121966501,121972372,5888,17,5871,50000,61749,61662,284,284,-11662
1221,122066531,122066547,122072360,5829,16,5813,50000,61662,61575,285,285,-11575
1222,122166577,122166593,122172362,5785,16,5769,50000,61575,61489,286,286,-11489
1223,122266623,122266640,122272373,5750,17,5733,50000,61489,61403,287,287,-11403
1224,122366670,122366687,122372370,5700,17,5683,50000,61403,61318,288,288,-11318
1225,122466716,122466733,122472368,5652,17,5635,50000,61318,61233,288,288,-11233
1226,122566762,122566779,122572366,5604,17,5587,50000,61233,61149,289,289,-11149
1227,122666807,122666824,122672364,5557,17,5540,50000,61149,61066,290,290,-11066
1228,122766854,122766870,122772359,5505,16,5489,50000,61066,60983,291,291,-10983
1229,122866899,122866916,122872375,5476,17,5459,50000,60983,60901,292,292,-10901
1230,122966961,122966978,122972369,5408,17,5391,50000,60901,60819,292,292,-10819
1231,123067007,123067023,123072367,5360,16,5344,50000,60819,60738,293,293,-10738
1232,123167053,123167069,123172366,5313,16,5297,50000,60738,60657,294,294,-10657
1233,123267099,123267115,123272362,5263,16,5247,50000,60657,60577,295,295,-10577
1234,123367144,123367161,123372380,5236,17,5219,50000,60577,60498,296,296,-10498
1235,123467208,123467225,123472345,5137,17,5120,50000,60498,60419,296,296,-10419
1236,123567255,123567271,123572361,5106,16,5090,50000,60419,60340,297,297,-10340
1237,123667301,123667318,123672368,5067,17,5050,50000,60340,60262,298,298,-10262
1238,123767347,123767364,123772362,5015,17,4998,50000,60262,60185,299,299,-10185
1239,123867392,123867409,123872363,4971,17,4954,50000,60185,60108,299,299,-10108
1240,123967439,123967456,123972371,4932,17,4915,50000,60108,60032,300,300,-10032
1241,124067486,124067503,124072364,4878,17,4861,50000,60032,59956,301,301,-9956
1242,124167532,124167549,124172366,4834,17,4817,50000,59956,59881,302,302,-9881
1243,124267578,124267595,124272358,4780,17,4763,50000,59881,59806,302,302,-9806
1244,124367624,124367640,124372370,4746,16,4730,50000,59806,59731,303,303,-9731
1245,124467670,124467687,124472363,4693,17,4676,50000,59731,59657,304,304,-9657
1246,124567716,124567733,124572362,4646,17,4629,50000,59657,59584,305,305,-9584
1247,124667762,124667779,124672370,4608,17,4591,50000,59584,59511,305,305,-9511
1248,124767809,124767826,124772364,4555,17,4538,50000,59511,59439,306,306,-9439
1249,124867854,124867871,124872364,4510,17,4493,50000,59439,59367,307,307,-9367
1250,124967901,124967918,124972360,4459,17,4442,50000,59367,59296,307,307,-9296
1251,125067947,125067964,125072370,4423,17,4406,50000,59296,59225,308,308,-9225
1252,125168014,125168030,125172364,4350,16,4334,50000,59225,59154,309,309,-9154
1253,125268059,125268075,125272365,4306,16,4290,50000,59154,59084,310,310,-9084
1254,125368106,125368122,125372374,4268,16,4252,50000,59084,59015,310,310,-9015
1255,125468152,125468168,125472382,4230,16,4214,50000,59015,58946,311,311,-8946
1256,125568197,125568214,125572378,4181,17,4164,50000,58946,58877,312,312,-8877
1257,125668243,125668260,125672367,4124,17,4107,50000,58877,58809,312,312,-8809
1258,125768289,125768306,125772367,4078,17,4061,50000,58809,58742,313,313,-8742
1259,125868335,125868352,125872361,4026,17,4009,50000,58742,58674,313,313,-8674
1260,125968380,125968397,125972372,3992,17,3975,50000,58674,58608,314,314,-8608
1261,126068427,126068444,126072366,3939,17,3922,50000,58608,58541,315,315,-8541
1262,126168473,126168490,126172367,3894,17,3877,50000,58541,58476,316,316,-8476
1263,126268519,126268536,126272360,3841,17,3824,50000,58476,58410,316,316,-8410
1264,126368565,126368582,126372365,3800,17,3783,50000,58410,58345,317,317,-8345
1265,126468612,126468629,126472366,3754,17,3737,50000,58345,58281,317,317,-8281
1266,126568657,126568674,126572362,3705,17,3688,50000,58281,58217,318,318,-8217
1267,126668703,126668720,126672371,3668,17,3651,50000,58217,58153,319,319,-8153
1268,126768749,126768766,126772367,3618,17,3601,50000,58153,58090,319,319,-8090
1269,126868794,126868811,126872365,3571,17,3554,50000,58090,58027,320,320,-8027
1270,126968840,126968857,126972365,3525,17,3508,50000,58027,57965,321,321,-7965
1271,127068885,127068902,127072368,3483,17,3466,50000,57965,57903,321,321,-7903
1272,127168931,127168948,127172365,3434,17,3417,50000,57903,57841,322,322,-7841
1273,127268976,127268993,127272364,3388,17,3371,50000,57841,57780,322,322,-7780
1274,127369023,127369039,127372363,3340,16,3324,50000,57780,57720,323,323,-7720
1275,127469069,127469086,127472369,3300,17,3283,50000,57720,57659,323,323,-7659
1276,127569115,127569131,127572364,3249,16,3233,50000,57659,57599,324,324,-7599
1277,127669160,127669177,127672366,3206,17,3189,50000,57599,57540,325,325,-7540
1278,127769206,127769240,127772369,3163,34,3129,50000,57540,57481,325,325,-7481
1279,127869252,127869269,127872364,3112,17,3095,50000,57481,57422,326,326,-7422
1280,127969297,127969314,127972364,3067,17,3050,50000,57422,57364,327,327,-7364
1281,128069342,128069359,128072365,3023,17,3006,50000,57364,57306,327,327,-7306
1282,128169388,128169405,128172383,2995,17,2978,50000,57306,57249,328,328,-7249
1283,128269434,128269451,128272380,2946,17,2929,50000,57249,57191,328,328,-7191
1284,128369479,128369495,128372377,2898,16,2882,50000,57191,57135,329,329,-7135
1285,128469525,128469541,128472370,2845,16,2829,50000,57135,57078,329,329,-7078
1286,128569570,128569586,128571384,1814,16,1798,50000,57078,57022,330,330,-7022
1287,128669615,128669632,128671491,1876,17,1859,50000,57022,56967,330,330,-6967
1288,128769661,128769677,128781654,11993,16,11977,50000,56967,56912,331,331,-6912
1289,128869707,128869724,128881755,12048,17,12031,50000,56912,56857,331,331,-6857
1290,128969752,128969769,128981345,11593,17,11576,50000,56857,56802,332,332,-6802
1291,129069798,129069815,129081438,11640,17,11623,50000,56802,56748,333,333,-6748
1292,129169844,129169861,129181472,11628,17,11611,50000,56748,56694,333,333,-6694
1293,129269891,129269908,129281525,11634,17,11617,50000,56694,56641,334,334,-6641
1294,129369956,129369973,129381576,11620,17,11603,50000,56641,56588,334,334,-6588
1295,129470023,129470039,129481670,11647,16,11631,50000,56588,56536,335,335,-6536
1296,129570080,129570096,129581702,11622,16,11606,50000,56536,56483,335,335,-6483
1297,129670145,129670162,129681754,11609,17,11592,50000,56483,56431,336,336,-6431
1298,129770209,129770226,129781835,11626,17,11609,50000,56431,56380,336,336,-6380
1299,129870254,129870271,129881872,11618,17,11601,50000,56380,56328,336,336,-6328
1300,129970302,129970318,129984214,13912,16,13896,50000,56328,56277,337,337,-6277
1301,130070351,130070368,130081934,11583,17,11566,50000,56277,56227,338,338,-6227
1302,130170396,130170412,130182034,11638,16,11622,50000,56227,56177,338,338,-6177
1303,130270441,130270457,130282097,11656,16,11640,50000,56177,56127,339,339,-6127
1304,130370500,130370517,130382130,11630,17,11613,50000,56127,56077,339,339,-6077
1305,130470560,130470577,130482179,11619,17,11602,50000,56077,56028,340,340,-6028
1306,130570609,130570626,130582239,11630,17,11613,50000,56028,55979,340,340,-5979
1307,130670656,130670673,130682286,11630,17,11613,50000,55979,55931,341,341,-5931
1308,130770720,130770737,130782338,11618,17,11601,50000,55931,55883,341,341,-5883
1309,130870767,130870784,130882390,11623,17,11606,50000,55883,55834,341,341,-5834
1310,130970813,130970830,130982399,11586,17,11569,50000,55834,55787,342,342,-5787
1311,131070859,131070875,131082394,11535,16,11519,50000,55787,55739,342,342,-5739
1312,131170904,131170921,131182385,11481,17,11464,50000,55739,55693,343,343,-5693
1313,131270949,131270966,131282381,11432,17,11415,50000,55693,55646,343,343,-5646
1314,131370996,131371013,131382379,11383,17,11366,50000,55646,55600,344,344,-5600
1315,131471043,131471060,131482368,11325,17,11308,50000,55600,55554,344,344,-5554
1316,131571090,131571106,131582365,11275,16,11259,50000,55554,55508,345,345,-5508
1317,131671136,131671153,131682362,11226,17,11209,50000,55508,55462,345,345,-5462
1318,131771184,131771201,131782362,11178,17,11161,50000,55462,55417,346,346,-5417
1319,131871231,131871247,131882371,11140,16,11124,50000,55417,55373,346,346,-5373
1320,131971277,131971294,131982367,11090,17,11073,50000,55373,55328,346,346,-5328
1321,132071324,132071340,132082366,11042,16,11026,50000,55328,55284,347,347,-5284
1322,132171371,132171388,132182365,10994,17,10977,50000,55284,55240,347,347,-5240
1323,132271417,132271434,132282374,10957,17,10940,50000,55240,55196,348,348,-5196
1324,132371465,132371481,132382366,10901,16,10885,50000,55196,55153,348,348,-5153
1325,132471511,132471528,132482366,10855,17,10838,50000,55153,55110,349,349,-5110
1326,132571558,132571575,132582359,10801,17,10784,50000,55110,55067,349,349,-5067
1327,132671606,132671622,132682368,10762,16,10746,50000,55067,55025,349,349,-5025
1328,132771653,132771670,132782363,10710,17,10693,50000,55025,54983,350,350,-4983
1329,132871699,132871716,132882358,10659,17,10642,50000,54983,54941,350,350,-4941
1330,132971747,132971764,132982368,10621,17,10604,50000,54941,54899,351,351,-4899
1331,133071794,133071811,133082362,10568,17,10551,50000,54899,54858,351,351,-4858
1332,133171841,133171857,133182361,10520,16,10504,50000,54858,54817,351,351,-4817
1333,133271888,133271905,133282370,10482,17,10465,50000,54817,54776,352,352,-4776
1334,133371935,133371952,133382364,10429,17,10412,50000,54776,54736,352,352,-4736
1335,133471982,133471999,133482363,10381,17,10364,50000,54736,54696,353,353,-4696
1336,133572029,133572046,133582360,10331,17,10314,50000,54696,54656,353,353,-4656
1337,133672077,133672093,133682386,10309,16,10293,50000,54656,54616,353,353,-4616
1338,133772144,133772161,133782382,10238,17,10221,50000,54616,54577,354,354,-4577
1339,133872192,133872208,133882378,10186,16,10170,50000,54577,54537,354,354,-4537
1340,133972239,133972256,133982367,10128,17,10111,50000,54537,54499,355,355,-4499
1341,134072286,134072303,134082365,10079,17,10062,50000,54499,54460,355,355,-4460
1342,134172334,134172350,134182364,10030,16,10014,50000,54460,54422,355,355,-4422
1343,134272380,134272397,134282367,9987,17,9970,50000,54422,54384,356,356,-4384
1344,134372428,134372444,134382364,9936,16,9920,50000,54384,54346,356,356,-4346
1345,134472475,134472510,134482361,9886,35,9851,50000,54346,54308,356,356,-4308
1346,134572535,134572552,134582368,9833,17,9816,50000,54308,54271,357,357,-4271
1347,134672581,134672597,134682362,9781,16,9765,50000,54271,54234,357,357,-4234
1348,134772626,134772642,134782365,9739,16,9723,50000,54234,54197,358,358,-4197
1349,134872672,134872689,134882359,9687,17,9670,50000,54197,54160,358,358,-4160
1350,134972718,134972735,134982375,9657,17,9640,50000,54160,54124,358,358,-4124
1351,135072765,135072782,135082369,9604,17,9587,50000,54124,54088,359,359,-4088
1352,135172810,135172827,135182365,9555,17,9538,50000,54088,54052,359,359,-4052
1353,135272857,135272874,135282364,9507,17,9490,50000,54052,54016,359,359,-4016
1354,135372902,135372919,135382363,9461,17,9444,50000,54016,53981,360,360,-3981
1355,135472948,135472965,135482367,9419,17,9402,50000,53981,53946,360,360,-3946
1356,135572993,135573010,135582362,9369,17,9352,50000,53946,53911,360,360,-3911
1357,135673039,135673056,135682360,9321,17,9304,50000,53911,53877,361,361,-3877
1358,135773085,135773102,135782368,9283,17,9266,50000,53877,53842,361,361,-3842
1359,135873132,135873149,135882362,9230,17,9213,50000,53842,53808,361,361,-3808
1360,135973177,135973194,135982359,9182,17,9165,50000,53808,53774,362,362,-3774
1361,136073223,136073240,136082369,9146,17,9129,50000,53774,53740,362,362,-3740
1362,136173270,136173287,136182363,9093,17,9076,50000,53740,53707,362,362,-3707
1363,136273316,136273333,136282360,9044,17,9027,50000,53707,53673,363,363,-3673
1364,136373362,136373379,136382381,9019,17,9002,50000,53673,53640,363,363,-3640
1365,136473426,136473443,136482389,8963,17,8946,50000,53640,53607,363,363,-3607
1366,136573472,136573489,136582387,8915,17,8898,50000,53607,53575,364,364,-3575
1367,136673518,136673534,136682368,8850,16,8834,50000,53575,53543,364,364,-3543
1368,136773563,136773580,136782364,8801,17,8784,50000,53543,53510,364,364,-3510
1369,136873609,136873626,136882365,8756,17,8739,50000,53510,53478,365,365,-3478
1370,136973655,136973672,136982372,8717,17,8700,50000,53478,53447,365,365,-3447
1371,137073701,137073718,137082365,8664,17,8647,50000,53447,53415,365,365,-3415
1372,137173747,137173763,137182362,8615,16,8599,50000,53415,53384,366,366,-3384
1373,137273792,137273809,137282361,8569,17,8552,50000,53384,53353,366,366,-3353
1374,137373838,137373854,137382370,8532,16,8516,50000,53353,53322,366,366,-3322
1375,137473884,137473901,137482364,8480,17,8463,50000,53322,53291,366,366,-3291
1376,137573930,137573947,137582363,8433,17,8416,50000,53291,53261,367,367,-3261
1377,137673975,137673992,137682367,8392,17,8375,50000,53261,53230,367,367,-3230
1378,137774022,137774039,137782364,8342,17,8325,50000,53230,53200,367,367,-3200
1379,137874067,137874084,137882363,8296,17,8279,50000,53200,53171,368,368,-3171
1380,137974113,137974130,137982360,8247,17,8230,50000,53171,53141,368,368,-3141
1381,138074158,138074175,138082374,8216,17,8199,50000,53141,53111,368,368,-3111
1382,138174205,138174221,138182368,8163,16,8147,50000,53111,53082,369,369,-3082
1383,138274250,138274267,138282367,8117,17,8100,50000,53082,53053,369,369,-3053
1384,138374296,138374313,138382369,8073,17,8056,50000,53053,53024,369,369,-3024
1385,138474342,138474358,138482362,8020,16,8004,50000,53024,52996,369,369,-2996
1386,138574387,138574404,138582384,7997,17,7980,50000,52996,52967,369,369,-2967
1387,138674452,138674468,138682352,7900,16,7884,50000,52967,52939,370,370,-2939
1388,138774496,138774513,138782367,7871,17,7854,50000,52939,52910,370,370,-2910
1389,138874542,138874559,138882364,7822,17,7805,50000,52910,52883,371,371,-2883
1390,138974587,138974604,138982366,7779,17,7762,50000,52883,52855,371,371,-2855
1391,139074632,139074649,139082359,7727,17,7710,50000,52855,52828,371,371,-2828
1392,139174678,139174695,139182375,7697,17,7680,50000,52828,52800,371,371,-2800
1393,139274741,139274757,139282342,7601,16,7585,50000,52800,52773,372,372,-2773
1394,139374788,139374804,139382369,7581,16,7565,50000,52773,52746,372,372,-2746
1395,139474834,139474850,139482365,7531,16,7515,50000,52746,52719,372,372,-2719
1396,139574880,139574897,139582361,7481,17,7464,50000,52719,52693,372,372,-2693
1397,139674925,139674941,139682362,7437,16,7421,50000,52693,52666,372,372,-2666
1398,139774971,139774987,139782368,7397,16,7381,50000,52666,52640,373,373,-2640
1399,139875016,139875033,139882363,7347,17,7330,50000,52640,52614,373,373,-2614
1400,139975062,139975078,139984209,9147,16,9131,50000,52614,52588,373,373,-2588
1401,140075112,140075129,140082332,7220,17,7203,50000,52588,52562,374,374,-2562
1402,140175157,140175174,140182369,7212,17,7195,50000,52562,52536,374,374,-2536
1403,140275205,140275222,140282362,7157,17,7140,50000,52536,52511,374,374,-2511
1404,140375251,140375268,140382361,7110,17,7093,50000,52511,52486,374,374,-2486
1405,140475297,140475314,140482370,7073,17,7056,50000,52486,52461,375,375,-2461
1406,140575344,140575361,140582363,7019,17,7002,50000,52461,52436,375,375,-2436
1407,140675389,140675406,140682362,6973,17,6956,50000,52436,52411,375,375,-2411
1408,140775435,140775452,140782368,6933,17,6916,50000,52411,52387,375,375,-2387
1409,140875482,140875499,140882365,6883,17,6866,50000,52387,52362,375,375,-2362
1410,140975527,140975544,140982363,6836,17,6819,50000,52362,52338,376,376,-2338
1411,141075574,141075591,141082359,6785,17,6768,50000,52338,52314,376,376,-2314
1412,141175620,141175636,141182381,6761,16,6745,50000,52314,52290,376,376,-2290
1413,141275683,141275700,141282377,6694,17,6677,50000,52290,52266,377,377,-2266
1414,141375728,141375745,141382376,6648,17,6631,50000,52266,52243,377,377,-2243
1415,141475775,141475791,141482369,6594,16,6578,50000,52243,52219,377,377,-2219
1416,141575820,141575837,141582364,6544,17,6527,50000,52219,52196,377,377,-2196
1417,141675866,141675883,141682363,6497,17,6480,50000,52196,52173,377,377,-2173
1418,141775913,141775930,141782372,6459,17,6442,50000,52173,52150,378,378,-2150
1419,141875958,141875975,141882367,6409,17,6392,50000,52150,52127,378,378,-2127
1420,141976004,141976021,141982362,6358,17,6341,50000,52127,52104,378,378,-2104
1421,142076050,142076067,142082363,6313,17,6296,50000,52104,52082,378,378,-2082
1422,142176114,142176131,142182369,6255,17,6238,50000,52082,52059,378,378,-2059
1423,142276161,142276178,142282363,6202,17,6185,50000,52059,52037,379,379,-2037
1424,142376207,142376224,142382364,6157,17,6140,50000,52037,52015,379,379,-2015
1425,142476253,142476270,142482369,6116,17,6099,50000,52015,51993,379,379,-1993
1426,142576299,142576316,142582364,6065,17,6048,50000,51993,51971,379,379,-1971
1427,142676345,142676362,142682364,6019,17,6002,50000,51971,51950,380,380,-1950
1428,142776391,142776407,142782360,5969,16,5953,50000,51950,51929,380,380,-1929
1429,142876437,142876454,142882369,5932,17,5915,50000,51929,51907,380,380,-1907
1430,142976483,142976500,142982363,5880,17,5863,50000,51907,51886,380,380,-1886
1431,143076529,143076546,143082364,5835,17,5818,50000,51886,51865,380,380,-1865
1432,143176575,143176592,143182369,5794,17,5777,50000,51865,51844,381,381,-1844
1433,143276621,143276638,143282363,5742,17,5725,50000,51844,51823,381,381,-1823
1434,143376667,143376683,143382366,5699,16,5683,50000,51823,51803,381,381,-1803
1435,143476713,143476730,143482361,5648,17,5631,50000,51803,51782,381,381,-1782
1436,143576759,143576776,143582369,5610,17,5593,50000,51782,51762,382,382,-1762
1437,143676806,143676823,143682365,5559,17,5542,50000,51762,51742,382,382,-1742
1438,143776852,143776868,143782361,5509,16,5493,50000,51742,51722,382,382,-1722
1439,143876898,143876915,143882380,5482,17,5465,50000,51722,51702,382,382,-1702
1440,143976961,143976978,143982381,5420,17,5403,50000,51702,51682,382,382,-1682
1441,144077007,144077024,144082379,5372,17,5355,50000,51682,51662,382,382,-1662
1442,144177053,144177069,144182367,5314,16,5298,50000,51662,51643,383,383,-1643
1443,144277099,144277116,144282366,5267,17,5250,50000,51643,51624,383,383,-1624
1444,144377146,144377163,144382360,5214,17,5197,50000,51624,51604,383,383,-1604
1445,144477192,144477208,144482372,5180,16,5164,50000,51604,51585,383,383,-1585
1446,144577239,144577255,144582366,5127,16,5111,50000,51585,51566,383,383,-1566
1447,144677284,144677301,144682366,5082,17,5065,50000,51566,51547,384,384,-1547
1448,144777330,144777347,144782362,5032,17,5015,50000,51547,51529,384,384,-1529
1449,144877376,144877393,144882374,4998,17,4981,50000,51529,51510,384,384,-1510
1450,144977424,144977440,144982362,4938,16,4922,50000,51510,51492,384,384,-1492
1451,145077469,145077486,145082366,4897,17,4880,50000,51492,51473,384,384,-1473
1452,145177515,145177532,145182359,4844,17,4827,50000,51473,51455,385,385,-1455
1453,145277561,145277578,145282367,4806,17,4789,50000,51455,51437,385,385,-1437
1454,145377608,145377624,145382362,4754,16,4738,50000,51437,51419,385,385,-1419
1455,145477654,145477670,145482359,4705,16,4689,50000,51419,51401,385,385,-1401
1456,145577701,145577717,145582371,4670,16,4654,50000,51401,51383,385,385,-1383
1457,145677747,145677764,145682363,4616,17,4599,50000,51383,51366,385,385,-1366
1458,145777793,145777809,145782367,4574,16,4558,50000,51366,51348,385,385,-1348
1459,145877839,145877855,145882355,4516,16,4500,50000,51348,51331,386,386,-1331
1460,145977885,145977901,145982371,4486,16,4470,50000,51331,51314,386,386,-1314
1461,146077932,146077949,146082365,4433,17,4416,50000,51314,51296,386,386,-1296
1462,146177977,146177994,146182363,4386,17,4369,50000,51296,51279,386,386,-1279
1463,146278024,146278041,146282369,4345,17,4328,50000,51279,51262,386,386,-1262
1464,146378070,146378087,146382364,4294,17,4277,50000,51262,51245,387,387,-1245
1465,146478116,146478133,146482365,4249,17,4232,50000,51245,51229,387,387,-1229
1466,146578162,146578179,146582361,4199,17,4182,50000,51229,51212,387,387,-1212
1467,146678208,146678224,146682385,4177,16,4161,50000,51212,51196,387,387,-1196
1468,146778272,146778288,146782380,4108,16,4092,50000,51196,51179,387,387,-1179
1469,146878317,146878334,146882377,4060,17,4043,50000,51179,51163,387,387,-1163
1470,146978363,146978380,146982365,4002,17,3985,50000,51163,51147,387,387,-1147
1471,147078409,147078426,147082366,3957,17,3940,50000,51147,51131,388,388,-1131
1472,147178455,147178472,147182358,3903,17,3886,50000,51131,51115,388,388,-1115
1473,147278501,147278518,147282368,3867,17,3850,50000,51115,51099,388,388,-1099
1474,147378547,147378563,147382363,3816,16,3800,50000,51099,51083,388,388,-1083
1475,147478593,147478609,147482363,3770,16,3754,50000,51083,51068,388,388,-1068
1476,147578639,147578656,147582373,3734,17,3717,50000,51068,51052,388,388,-1052
1477,147678685,147678702,147682368,3683,17,3666,50000,51052,51037,389,389,-1037
1478,147778730,147778747,147782372,3642,17,3625,50000,51037,51022,389,389,-1022
1479,147878795,147878812,147882365,3570,17,3553,50000,51022,51006,389,389,-1006
1480,147978840,147978857,147982362,3522,17,3505,50000,51006,50991,389,389,-991
1481,148078886,148078903,148082368,3482,17,3465,50000,50991,50976,389,389,-976
1482,148178933,148178949,148182368,3435,16,3419,50000,50976,50961,389,389,-961
1483,148278979,148278995,148282362,3383,16,3367,50000,50961,50946,389,389,-946
1484,148379025,148379042,148382371,3346,17,3329,50000,50946,50932,390,390,-932
1485,148479072,148479088,148482365,3293,16,3277,50000,50932,50917,390,390,-917
1486,148579118,148579134,148582363,3245,16,3229,50000,50917,50903,390,390,-903
1487,148679164,148679181,148682371,3207,17,3190,50000,50903,50888,390,390,-888
1488,148779210,148779245,148782365,3155,35,3120,50000,50888,50874,390,390,-874
1489,148879254,148879271,148882364,3110,17,3093,50000,50874,50860,390,390,-860
1490,148979299,148979316,148982363,3064,17,3047,50000,50860,50845,390,390,-845
1491,149079345,149079362,149082370,3025,17,3008,50000,50845,50832,391,391,-832
1492,149179390,149179407,149182363,2973,17,2956,50000,50832,50818,391,391,-818
1493,149279435,149279452,149282361,2926,17,2909,50000,50818,50804,391,391,-804
1494,149379481,149379498,149382382,2901,17,2884,50000,50804,50790,391,391,-790
1495,149479543,149479560,149482389,2846,17,2829,50000,50790,50776,391,391,-776
1496,149579588,149579604,149581427,1839,16,1823,50000,50776,50763,391,391,-763
1497,149679633,149679649,149691609,11976,16,11960,50000,50763,50749,391,391,-749
1498,149779679,149779695,149791710,12031,16,12015,50000,50749,50736,392,392,-736
1499,149879725,149879741,149891774,12049,16,12033,50000,50736,50723,392,392,-723
1500,149979770,149979787,149994212,14442,17,14425,50000,50723,50710,392,392,-710
1501,150079819,150079836,150091420,11601,17,11584,50000,50710,50697,392,392,-697
1502,150179865,150179882,150191514,11649,17,11632,50000,50697,50684,392,392,-684
1503,150279910,150279927,150291540,11630,17,11613,50000,50684,50671,392,392,-671
1504,150379977,150379994,150391619,11642,17,11625,50000,50671,50658,392,392,-658
1505,150480023,150480039,150491654,11631,16,11615,50000,50658,50645,392,392,-645
1506,150580094,150580111,150591707,11613,17,11596,50000,50645,50632,393,393,-632
1507,150680159,150680176,150691793,11634,17,11617,50000,50632,50620,393,393,-620
1508,150780205,150780221,150791828,11623,16,11607,50000,50620,50607,393,393,-607
1509,150880254,150880270,150891874,11620,16,11604,50000,50607,50595,393,393,-595
1510,150980318,150980335,150991932,11614,17,11597,50000,50595,50583,393,393,-583
1511,151080364,151080381,151091982,11618,17,11601,50000,50583,50570,393,393,-570
1512,151180429,151180446,151192043,11614,17,11597,50000,50570,50558,393,393,-558
1513,151280475,151280491,151292093,11618,16,11602,50000,50558,50546,393,393,-546
1514,151380542,151380559,151392182,11640,17,11623,50000,50546,50534,393,393,-534
1515,151480588,151480604,151492217,11629,16,11613,50000,50534,50522,394,394,-522
1516,151580636,151580653,151592267,11631,17,11614,50000,50522,50510,394,394,-510
1517,151680701,151680719,151692323,11622,18,11604,50000,50510,50498,394,394,-498
1518,151780749,151780766,151792365,11616,17,11599,50000,50498,50487,394,394,-487
1519,151880812,151880829,151892384,11572,17,11555,50000,50487,50475,394,394,-475
1520,151980857,151980874,151992346,11489,17,11472,50000,50475,50464,394,394,-464
1521,152080905,152080922,152092379,11474,17,11457,50000,50464,50452,394,394,-452
1522,152180950,152180967,152192406,11456,17,11439,50000,50452,50441,395,395,-441
1523,152280997,152281014,152292385,11388,17,11371,50000,50441,50430,395,395,-430
1524,152381044,152381061,152392380,11336,17,11319,50000,50430,50419,395,395,-419
1525,152481091,152481108,152492365,11274,17,11257,50000,50419,50407,395,395,-407
1526,152581138,152581154,152592363,11225,16,11209,50000,50407,50396,395,395,-396
1527,152681184,152681201,152692360,11176,17,11159,50000,50396,50385,395,395,-385
1528,152781231,152781248,152792370,11139,17,11122,50000,50385,50375,395,395,-375
1529,152881278,152881295,152892363,11085,17,11068,50000,50375,50364,395,395,-364
1530,152981324,152981341,152992362,11038,17,11021,50000,50364,50353,395,395,-353
1531,153081371,153081388,153092370,10999,17,10982,50000,50353,50342,395,395,-342
1532,153181417,153181434,153192364,10947,17,10930,50000,50342,50331,396,396,-331
1533,153281464,153281481,153292363,10899,17,10882,50000,50331,50321,396,396,-321
1534,153381512,153381529,153392364,10852,17,10835,50000,50321,50311,396,396,-311
1535,153481559,153481576,153492369,10810,17,10793,50000,50311,50300,396,396,-300
1536,153581607,153581624,153592364,10757,17,10740,50000,50300,50290,396,396,-290
1537,153681654,153681670,153692364,10710,16,10694,50000,50290,50280,396,396,-280
1538,153781701,153781718,153792371,10670,17,10653,50000,50280,50269,396,396,-269
1539,153881747,153881764,153892373,10626,17,10609,50000,50269,50259,396,396,-259
1540,153981794,153981811,153992369,10575,17,10558,50000,50259,50249,396,396,-249
1541,154081841,154081858,154092366,10525,17,10508,50000,50249,50239,396,396,-239
1542,154181889,154181905,154192363,10474,16,10458,50000,50239,50229,397,397,-229
1543,154281936,154281953,154292359,10423,17,10406,50000,50229,50219,397,397,-219
1544,154381983,154381999,154392374,10391,16,10375,50000,50219,50210,397,397,-210
1545,154482029,154482046,154492368,10339,17,10322,50000,50210,50200,397,397,-200
1546,154582076,154582092,154592368,10292,16,10276,50000,50200,50190,397,397,-190
1547,154682123,154682140,154692365,10242,17,10225,50000,50190,50181,397,397,-181
1548,154782169,154782186,154792364,10195,17,10178,50000,50181,50171,397,397,-171
1549,154882216,154882233,154892379,10163,17,10146,50000,50171,50162,397,397,-162
1550,154982278,154982295,154992344,10066,17,10049,50000,50162,50152,397,397,-152
1551,155082326,155082343,155092363,10037,17,10020,50000,50152,50143,397,397,-143
1552,155182373,155182390,155192368,9995,17,9978,50000,50143,50133,397,397,-133
1553,155282420,155282437,155292365,9945,17,9928,50000,50133,50124,398,398,-124
1554,155382467,155382484,155392361,9894,17,9877,50000,50124,50115,398,398,-115
1555,155482527,155482544,155492370,9843,17,9826,50000,50115,50106,398,398,-106
1556,155582573,155582590,155592363,9790,17,9773,50000,50106,50097,398,398,-97
1557,155682618,155682635,155692363,9745,17,9728,50000,50097,50088,398,398,-88
1558,155782664,155782681,155792363,9699,17,9682,50000,50088,50079,398,398,-79
1559,155882709,155882726,155892368,9659,17,9642,50000,50079,50070,398,398,-70
1560,155982755,155982772,155992362,9607,17,9590,50000,50070,50062,398,398,-62
1561,156082800,156082817,156092363,9563,17,9546,50000,50062,50053,398,398,-53
1562,156182846,156182862,156192371,9525,16,9509,50000,50053,50044,398,398,-44
1563,156282892,156282909,156292365,9473,17,9456,50000,50044,50035,398,398,-35
1564,156382937,156382954,156392365,9428,17,9411,50000,50035,50027,399,399,-27
1565,156482983,156483000,156492360,9377,17,9360,50000,50027,50018,399,399,-18
1566,156583028,156583044,156592371,9343,16,9327,50000,50018,50010,399,399,-10
1567,156683074,156683091,156692365,9291,17,9274,50000,50010,50002,399,399,-2
1568,156783119,156783136,156792362,9243,17,9226,50000,50002,49994,399,399,6
1569,156883164,156883181,156892377,9213,17,9196,50000,49994,49985,399,399,15
1570,156983211,156983227,156992381,9170,16,9154,50000,49985,49977,399,399,23
1571,157083257,157083273,157092379,9122,16,9106,50000,49977,49969,399,399,31
1572,157183302,157183319,157192368,9066,17,9049,50000,49969,49961,400,400,39
1573,157283347,157283364,157292363,9016,17,8999,50000,49961,49953,400,400,47
1574,157383393,157383410,157392365,8972,17,8955,50000,49953,49945,400,400,55
1575,157483439,157483455,157492372,8933,16,8917,50000,49945,49938,400,400,62
1576,157583484,157583501,157592368,8884,17,8867,50000,49938,49930,400,400,70
1577,157683530,157683547,157692365,8835,17,8818,50000,49930,49922,401,401,78
1578,157783575,157783592,157792365,8790,17,8773,50000,49922,49915,401,401,85
1579,157883621,157883637,157892360,8739,16,8723,50000,49915,49908,401,401,92
1580,157983667,157983683,157992364,8697,16,8681,50000,49908,49900,401,401,100
1581,158083713,158083729,158092365,8652,16,8636,50000,49900,49893,402,402,107
1582,158183757,158183774,158192360,8603,17,8586,50000,49893,49886,402,402,114
1583,158283803,158283820,158292369,8566,17,8549,50000,49886,49879,402,402,121
1584,158383849,158383866,158392363,8514,17,8497,50000,49879,49872,402,402,128
1585,158483894,158483911,158492364,8470,17,8453,50000,49872,49865,402,402,135
1586,158583940,158583957,158592370,8430,17,8413,50000,49865,49858,402,402,142
1587,158683987,158684003,158692365,8378,16,8362,50000,49858,49852,403,403,148
1588,158784033,158784049,158792362,8329,16,8313,50000,49852,49845,403,403,155
1589,158884079,158884096,158892362,8283,17,8266,50000,49845,49839,403,403,161
1590,158984124,158984141,158992366,8242,17,8225,50000,49839,49832,403,403,168
1591,159084170,159084187,159092362,8192,17,8175,50000,49832,49826,403,403,174
1592,159184215,159184232,159192364,8149,17,8132,50000,49826,49819,403,403,181
1593,159284278,159284295,159292372,8094,17,8077,50000,49819,49813,404,404,187
1594,159384325,159384341,159392364,8039,16,8023,50000,49813,49807,404,404,193
1595,159484370,159484387,159492366,7996,17,7979,50000,49807,49801,404,404,199
1596,159584415,159584432,159592361,7946,17,7929,50000,49801,49795,404,404,205
1597,159684461,159684477,159692382,7921,16,7905,50000,49795,49789,404,404,211
1598,159784525,159784542,159792377,7852,17,7835,50000,49789,49783,404,404,217
1599,159884571,159884588,159892375,7804,17,7787,50000,49783,49777,405,405,223
1600,159984617,159984633,159994217,9600,16,9584,50000,49777,49771,405,405,229
1601,160084666,160084683,160092326,7660,17,7643,50000,49771,49766,405,405,234
1602,160184712,160184729,160192363,7651,17,7634,50000,49766,49760,405,405,240
1603,160284760,160284777,160292370,7610,17,7593,50000,49760,49754,405,405,246
1604,160384805,160384822,160392365,7560,17,7543,50000,49754,49749,405,405,251
1605,160484851,160484867,160492364,7513,16,7497,50000,49749,49743,405,405,257
1606,160584896,160584914,160592362,7466,18,7448,50000,49743,49738,406,406,262
1607,160684942,160684959,160692371,7429,17,7412,50000,49738,49732,406,406,268
1608,160784989,160785006,160792364,7375,17,7358,50000,49732,49727,406,406,273
1609,160885034,160885051,160892366,7332,17,7315,50000,49727,49722,406,406,278
1610,160985080,160985097,160992360,7280,17,7263,50000,49722,49717,406,406,283
1611,161085125,161085142,161092368,7243,17,7226,50000,49717,49712,406,406,288
1612,161185172,161185189,161192362,7190,17,7173,50000,49712,49706,406,406,294
1613,161285217,161285234,161292361,7144,17,7127,50000,49706,49702,407,407,298
1614,161385263,161385280,161392365,7102,17,7085,50000,49702,49697,407,407,303
1615,161485309,161485326,161492367,7058,17,7041,50000,49697,49692,407,407,308
1616,161585355,161585371,161592360,7005,16,6989,50000,49692,49687,407,407,313
1617,161685401,161685418,161692370,6969,17,6952,50000,49687,49682,407,407,318
1618,161785448,161785464,161792364,6916,16,6900,50000,49682,49677,407,407,323
1619,161885493,161885510,161892363,6870,17,6853,50000,49677,49673,407,407,327
1620,161985539,161985556,161992363,6824,17,6807,50000,49673,49668,407,407,332
1621,162085585,162085602,162092368,6783,17,6766,50000,49668,49664,408,408,336
1622,162185631,162185648,162192364,6733,17,6716,50000,49664,49659,408,408,341
1623,162285677,162285694,162292361,6684,17,6667,50000,49659,49655,408,408,345
1624,162385723,162385740,162392380,6657,17,6640,50000,49655,49650,408,408,350
1625,162485786,162485803,162492386,6600,17,6583,50000,49650,49646,408,408,354
1626,162585832,162585849,162592379,6547,17,6530,50000,49646,49642,408,408,358
1627,162685877,162685894,162692370,6493,17,6476,50000,49642,49637,408,408,363
1628,162785924,162785941,162792364,6440,17,6423,50000,49637,49633,409,409,367
1629,162885970,162885986,162892363,6393,16,6377,50000,49633,49629,409,409,371
1630,162986016,162986032,162992368,6352,16,6336,50000,49629,49625,409,409,375
1631,163086063,163086079,163092363,6300,16,6284,50000,49625,49621,409,409,379
1632,163186109,163186125,163192368,6259,16,6243,50000,49621,49617,409,409,383
1633,163286155,163286172,163292361,6206,17,6189,50000,49617,49613,409,409,387
1634,163386201,163386217,163392373,6172,16,6156,50000,49613,49609,409,409,391
1635,163486247,163486264,163492366,6119,17,6102,50000,49609,49606,409,409,394
1636,163586294,163586310,163592364,6070,16,6054,50000,49606,49602,409,409,398
1637,163686340,163686356,163692367,6027,16,6011,50000,49602,49598,409,409,402
1638,163786385,163786402,163792370,5985,17,5968,50000,49598,49594,410,410,406
1639,163886431,163886448,163892365,5934,17,5917,50000,49594,49591,410,410,409
1640,163986478,163986494,163992363,5885,16,5869,50000,49591,49587,410,410,413
1641,164086524,164086540,164092364,5840,16,5824,50000,49587,49584,410,410,416
1642,164186569,164186586,164192366,5797,17,5780,50000,49584,49580,410,410,420
1643,164286615,164286632,164292361,5746,17,5729,50000,49580,49576,410,410,424
1644,164386661,164386678,164392363,5702,17,5685,50000,49576,49573,410,410,427
1645,164486707,164486724,164492368,5661,17,5644,50000,49573,49569,410,410,431
1646,164586754,164586771,164592365,5611,17,5594,50000,49569,49566,410,410,434
1647,164686800,164686817,164692360,5560,17,5543,50000,49566,49563,410,410,437
1648,164786846,164786864,164792367,5521,18,5503,50000,49563,49559,410,410,441
1649,164886893,164886910,164892364,5471,17,5454,50000,49559,49556,411,411,444
1650,164986939,164986956,164992362,5423,17,5406,50000,49556,49553,411,411,447
1651,165086985,165087001,165092362,5377,16,5361,50000,49553,49550,411,411,450
1652,165187031,165187048,165192386,5355,17,5338,50000,49550,49547,411,411,453
1653,165287096,165287113,165292387,5291,17,5274,50000,49547,49543,411,411,457
1654,165387141,165387158,165392378,5237,17,5220,50000,49543,49540,411,411,460
1655,165487187,165487204,165492366,5179,17,5162,50000,49540,49537,411,411,463
1656,165587233,165587249,165592363,5130,16,5114,50000,49537,49534,411,411,466
1657,165687278,165687295,165692360,5082,17,5065,50000,49534,49531,411,411,469
1658,165787325,165787342,165792370,5045,17,5028,50000,49531,49528,411,411,472
1659,165887371,165887388,165892365,4994,17,4977,50000,49528,49525,411,411,475
1660,165987417,165987434,165992361,4944,17,4927,50000,49525,49522,411,411,478
1661,166087463,166087479,166092370,4907,16,4891,50000,49522,49519,412,412,481
1662,166187510,166187526,166192363,4853,16,4837,50000,49519,49517,412,412,483
1663,166287555,166287572,166292361,4806,17,4789,50000,49517,49514,412,412,486
1664,166387601,166387617,166392359,4758,16,4742,50000,49514,49511,412,412,489
1665,166487647,166487664,166492372,4725,17,4708,50000,49511,49508,412,412,492
1666,166587694,166587710,166592366,4672,16,4656,50000,49508,49506,412,412,494
1667,166687738,166687755,166692368,4630,17,4613,50000,49506,49503,412,412,497
1668,166787785,166787801,166792365,4580,16,4564,50000,49503,49500,412,412,500
1669,166887830,166887847,166892361,4531,17,4514,50000,49500,49498,412,412,502
1670,166987877,166987894,166992369,4492,17,4475,50000,49498,49495,412,412,505
1671,167087923,167087940,167092362,4439,17,4422,50000,49495,49493,412,412,507
1672,167187969,167187985,167192362,4393,16,4377,50000,49493,49490,412,412,510
1673,167288015,167288032,167292365,4350,17,4333,50000,49490,49487,412,412,513
1674,167388061,167388078,167392359,4298,17,4281,50000,49487,49485,413,413,515
1675,167488107,167488123,167492362,4255,16,4239,50000,49485,49483,413,413,517
1676,167588152,167588169,167592366,4214,17,4197,50000,49483,49480,413,413,520
1677,167688199,167688216,167692362,4163,17,4146,50000,49480,49478,413,413,522
1678,167788244,167788261,167792361,4117,17,4100,50000,49478,49476,413,413,524
1679,167888291,167888307,167892379,4088,16,4072,50000,49476,49474,413,413,526
1680,167988354,167988371,167992388,4034,17,4017,50000,49474,49471,413,413,529
1681,168088399,168088416,168092383,3984,17,3967,50000,49471,49469,413,413,531
1682,168188445,168188462,168192369,3924,17,3907,50000,49469,49467,413,413,533
1683,168288491,168288508,168292363,3872,17,3855,50000,49467,49465,413,413,535
1684,168388537,168388553,168392366,3829,16,3813,50000,49465,49462,413,413,538
1685,168488583,168488600,168492370,3787,17,3770,50000,49462,49460,413,413,540
1686,168588629,168588646,168592371,3742,17,3725,50000,49460,49458,413,413,542
1687,168688675,168688692,168692360,3685,17,3668,50000,49458,49456,413,413,544
1688,168788720,168788737,168792369,3649,17,3632,50000,49456,49454,413,413,546
1689,168888766,168888783,168892375,3609,17,3592,50000,49454,49452,413,413,548
1690,168988812,168988829,168992367,3555,17,3538,50000,49452,49449,413,413,551
1691,169088858,169088875,169092364,3506,17,3489,50000,49449,49447,414,414,553
1692,169188904,169188921,169192372,3468,17,3451,50000,49447,49446,414,414,554
1693,169288952,169288969,169292365,3413,17,3396,50000,49446,49443,413,413,557
1694,169388998,169389014,169392364,3366,16,3350,50000,49443,49442,414,414,558
1695,169489043,169489060,169492364,3321,17,3304,50000,49442,49440,414,414,560
1696,169589088,169589105,169592378,3290,17,3273,50000,49440,49438,414,414,562
1697,169689135,169689152,169692372,3237,17,3220,50000,49438,49436,414,414,564
1698,169789181,169789197,169792368,3187,16,3171,50000,49436,49434,414,414,566
1699,169889242,169889258,169892366,3124,16,3108,50000,49434,49432,414,414,568
1700,169989286,169989303,169994213,4927,17,4910,50000,49432,49431,414,414,569
1701,170089336,170089353,170092347,3011,17,2994,50000,49431,49429,414,414,571
1702,170189381,170189397,170192376,2995,16,2979,50000,49429,49427,414,414,573
1703,170289445,170289462,170292369,2924,17,2907,50000,49427,49425,414,414,575
1704,170389491,170389508,170392369,2878,17,2861,50000,49425,49423,414,414,577
1705,170489536,170489553,170492368,2832,17,2815,50000,49423,49422,414,414,578
1706,170589582,170589599,170591383,1801,17,1784,50000,49422,49420,414,414,580
1707,170689628,170689645,170691502,1874,17,1857,50000,49420,49418,414,414,582
1708,170789674,170789691,170801658,11984,17,11967,50000,49418,49416,414,414,584
1709,170889719,170889736,170901350,11631,17,11614,50000,49416,49415,414,414,585
1710,170989765,170989782,171001414,11649,17,11632,50000,49415,49413,414,414,587
1711,171089811,171089828,171101437,11626,17,11609,50000,49413,49411,415,415,589
1712,171189873,171189890,171201490,11617,17,11600,50000,49411,49410,415,415,590
1713,171289921,171289938,171301554,11633,17,11616,50000,49410,49409,415,415,591
1714,171389968,171389984,171401598,11630,16,11614,50000,49409,49407,415,415,593
1715,171490031,171490061,171501658,11627,30,11597,50000,49407,49406,415,415,594
1716,171590086,171590103,171601708,11622,17,11605,50000,49406,49404,415,415,596
1717,171690150,171690167,171701764,11614,17,11597,50000,49404,49403,415,415,597
1718,171790197,171790214,171801813,11616,17,11599,50000,49403,49401,415,415,599
1719,171890262,171890279,171901872,11610,17,11593,50000,49401,49400,415,415,600
1720,171990309,171990326,172001929,11620,17,11603,50000,49400,49399,415,415,601
1721,172090356,172090373,172101977,11621,17,11604,50000,49399,49397,415,415,603
1722,172190421,172190438,172202030,11609,17,11592,50000,49397,49396,415,415,604
1723,172290486,172290502,172302127,11641,16,11625,50000,49396,49395,415,415,605
1724,172390531,172390547,172402162,11631,16,11615,50000,49395,49393,415,415,607
1725,172490595,172490612,172502216,11621,17,11604,50000,49393,49392,415,415,608
1726,172590642,172590659,172602269,11627,17,11610,50000,49392,49390,415,415,610
1727,172690708,172690725,172702364,11656,17,11639,50000,49390,49389,415,415,611
1728,172790753,172790770,172802377,11624,17,11607,50000,49389,49388,415,415,612
1729,172890799,172890816,172902391,11592,17,11575,50000,49388,49386,415,415,614
1730,172990844,172990861,173002365,11521,17,11504,50000,49386,49385,415,415,615
1731,173090890,173090906,173102382,11492,16,11476,50000,49385,49384,415,415,616
1732,173190935,173190952,173202381,11446,17,11429,50000,49384,49382,415,415,618
1733,173290982,173290999,173302369,11387,17,11370,50000,49382,49381,415,415,619
1734,173391029,173391045,173402367,11338,16,11322,50000,49381,49380,415,415,620
1735,173491091,173491108,173502368,11277,17,11260,50000,49380,49378,415,415,622
1736,173591138,173591155,173602362,11224,17,11207,50000,49378,49377,416,416,623
1737,173691184,173691201,173702369,11185,17,11168,50000,49377,49376,415,415,624
1738,173791232,173791249,173802363,11131,17,11114,50000,49376,49375,415,415,625
1739,173891279,173891295,173902363,11084,16,11068,50000,49375,49373,415,415,627
1740,173991326,173991342,174002369,11043,16,11027,50000,49373,49372,416,416,628
1741,174091373,174091390,174102364,10991,17,10974,50000,49372,49371,416,416,629
1742,174191420,174191437,174202361,10941,17,10924,50000,49371,49370,416,416,630
1743,174291467,174291484,174302361,10894,17,10877,50000,49370,49369,416,416,631
1744,174391515,174391532,174402366,10851,17,10834,50000,49369,49368,416,416,632
1745,174491562,174491579,174502361,10799,17,10782,50000,49368,49367,416,416,633
1746,174591609,174591626,174602362,10753,17,10736,50000,49367,49366,416,416,634
1747,174691656,174691673,174702370,10714,17,10697,50000,49366,49365,416,416,635
1748,174791703,174791720,174802363,10660,17,10643,50000,49365,49364,416,416,636
1749,174891750,174891767,174902364,10614,17,10597,50000,49364,49363,416,416,637
1750,174991797,174991814,175002360,10563,17,10546,50000,49363,49362,416,416,638
1751,175091844,175091861,175102369,10525,17,10508,50000,49362,49361,416,416,639
1752,175191891,175191908,175202364,10473,17,10456,50000,49361,49361,416,416,639
1753,175291939,175291956,175302359,10420,17,10403,50000,49361,49360,416,416,640
1754,175391986,175392003,175402377,10391,17,10374,50000,49360,49359,416,416,641
1755,175492049,175492066,175502383,10334,17,10317,50000,49359,49358,416,416,642
1756,175592096,175592113,175602381,10285,17,10268,50000,49358,49357,416,416,643
1757,175692143,175692160,175702368,10225,17,10208,50000,49357,49356,416,416,644
1758,175792191,175792208,175802367,10176,17,10159,50000,49356,49355,416,416,645
1759,175892238,175892255,175902360,10122,17,10105,50000,49355,49354,416,416,646
1760,175992285,175992302,176002372,10087,17,10070,50000,49354,49353,416,416,647
1761,176092332,176092349,176102365,10033,17,10016,50000,49353,49352,416,416,648
1762,176192379,176192396,176202365,9986,17,9969,50000,49352,49351,416,416,649
1763,176292426,176292442,176302365,9939,16,9923,50000,49351,49350,416,416,650
1764,176392473,176392508,176402369,9896,35,9861,50000,49350,49349,416,416,651
1765,176492532,176492549,176502365,9833,17,9816,50000,49349,49348,416,416,652
1766,176592579,176592595,176602365,9786,16,9770,50000,49348,49347,416,416,653
1767,176692624,176692641,176702361,9737,17,9720,50000,49347,49347,416,416,653
1768,176792670,176792687,176802369,9699,17,9682,50000,49347,49346,416,416,654
1769,176892716,176892733,176902362,9646,17,9629,50000,49346,49345,416,416,655
1770,176992761,176992778,177002362,9601,17,9584,50000,49345,49344,416,416,656
1771,177092806,177092823,177102367,9561,17,9544,50000,49344,49343,416,416,657
1772,177192852,177192869,177202363,9511,17,9494,50000,49343,49342,416,416,658
1773,177292898,177292915,177302362,9464,17,9447,50000,49342,49341,416,416,659
1774,177392944,177392961,177402362,9418,17,9401,50000,49341,49340,416,416,660
1775,177492990,177493006,177502367,9377,16,9361,50000,49340,49339,416,416,661
1776,177593036,177593052,177602362,9326,16,9310,50000,49339,49338,416,416,662
1777,177693081,177693098,177702361,9280,17,9263,50000,49338,49338,416,416,662
1778,177793127,177793143,177802370,9243,16,9227,50000,49338,49337,416,416,663
1779,177893172,177893189,177902363,9191,17,9174,50000,49337,49336,417,417,664
1780,177993218,177993235,178002365,9147,17,9130,50000,49336,49336,417,417,664
1781,178093264,178093280,178102360,9096,16,9080,50000,49336,49335,416,416,665
1782,178193309,178193325,178202384,9075,16,9059,50000,49335,49334,417,417,666
1783,178293374,178293390,178302380,9006,16,8990,50000,49334,49334,417,417,666
1784,178393420,178393436,178402378,8958,16,8942,50000,49334,49333,417,417,667
1785,178493465,178493482,178502367,8902,17,8885,50000,49333,49332,417,417,668
1786,178593511,178593528,178602363,8852,17,8835,50000,49332,49332,417,417,668
1787,178693557,178693573,178702360,8803,16,8787,50000,49332,49331,417,417,669
1788,178793602,178793619,178802369,8767,17,8750,50000,49331,49331,417,417,669
1789,178893649,178893666,178902363,8714,17,8697,50000,49331,49330,417,417,670
1790,178993695,178993711,179002365,8670,16,8654,50000,49330,49330,417,417,670
1791,179093741,179093758,179102369,8628,17,8611,50000,49330,49329,417,417,671
1792,179193787,179193804,179202368,8581,17,8564,50000,49329,49328,417,417,672
1793,179293833,179293850,179302364,8531,17,8514,50000,49328,49328,417,417,672
1794,179393878,179393894,179402364,8486,16,8470,50000,49328,49327,417,417,673
1795,179493923,179493940,179502361,8438,17,8421,50000,49327,49327,417,417,673
1796,179593968,179593985,179602369,8401,17,8384,50000,49327,49326,417,417,674
1797,179694014,179694031,179702363,8349,17,8332,50000,49326,49326,417,417,674
1798,179794060,179794077,179802361,8301,17,8284,50000,49326,49325,417,417,675
1799,179894105,179894122,179902369,8264,17,8247,50000,49325,49325,417,417,675
1800,179994152,179994168,180004217,10065,16,10049,50000,49325,49324,417,417,676
