sequence,cycle_started_us,command_sent_us,response_completed_us,full_loop_us,pre_send_us,transport_us,setpoint_milli_c,observed_milli_c,measured_milli_c,command_actuator_permille,status_actuator_permille,error_milli_c
1,5400,5416,132133,126733,16,126717,45000,20000,20140,500,500,24860
2,132660,132675,142291,9631,15,9616,45000,20140,20279,500,500,24721
3,233065,233081,242301,9236,16,9220,45000,20279,20418,500,500,24582
4,333111,333127,342298,9187,16,9171,45000,20418,20557,500,500,24443
5,433158,433174,442296,9138,16,9122,45000,20557,20694,500,500,24306
6,533204,533220,542289,9085,16,9069,45000,20694,20832,500,500,24168
7,633251,633267,642303,9052,16,9036,45000,20832,20968,500,500,24032
8,733298,733315,742298,9000,17,8983,45000,20968,21104,500,500,23896
9,833344,833361,842303,8959,17,8942,45000,21104,21240,500,500,23760
10,933391,933408,942300,8909,17,8892,45000,21240,21375,500,500,23625
11,1033437,1033453,1042309,8872,16,8856,45000,21375,21510,500,500,23490
12,1133484,1133500,1142297,8813,16,8797,45000,21510,21644,500,500,23356
13,1233532,1233548,1242303,8771,16,8755,45000,21644,21777,500,500,23223
14,1333578,1333594,1342300,8722,16,8706,45000,21777,21910,500,500,23090
15,1433624,1433640,1442294,8670,16,8654,45000,21910,22042,500,500,22958
16,1533672,1533688,1542292,8620,16,8604,45000,22042,22174,500,500,22826
17,1633718,1633734,1642310,8592,16,8576,45000,22174,22305,500,500,22695
18,1733765,1733782,1742301,8536,17,8519,45000,22305,22436,500,500,22564
19,1833812,1833828,1842306,8494,16,8478,45000,22436,22566,500,500,22434
20,1933859,1933875,1942293,8434,16,8418,45000,22566,22696,500,500,22304
21,2033905,2033922,2042306,8401,17,8384,45000,22696,22825,500,500,22175
22,2133953,2133969,2142302,8349,16,8333,45000,22825,22954,500,500,22046
23,2234000,2234016,2242293,8293,16,8277,45000,22954,23082,500,500,21918
24,2334047,2334063,2342303,8256,16,8240,45000,23082,23210,500,500,21790
25,2434093,2434109,2442306,8213,16,8197,45000,23210,23337,500,500,21663
26,2534139,2534155,2542294,8155,16,8139,45000,23337,23464,500,500,21536
27,2634186,2634202,2642302,8116,16,8100,45000,23464,23590,500,500,21410
28,2734233,2734249,2742304,8071,16,8055,45000,23590,23715,500,500,21285
29,2834279,2834295,2842298,8019,16,8003,45000,23715,23841,500,500,21159
30,2934326,2934342,2942307,7981,16,7965,45000,23841,23965,500,500,21035
31,3034373,3034389,3042293,7920,16,7904,45000,23965,24089,500,500,20911
32,3134419,3134435,3142342,7923,16,7907,45000,24089,24213,500,500,20787
33,3234468,3234484,3242337,7869,16,7853,45000,24213,24336,500,500,20664
34,3334513,3334529,3342341,7828,16,7812,45000,24336,24459,500,500,20541
35,3434560,3434576,3442300,7740,16,7724,45000,24459,24581,500,500,20419
36,3534607,3534623,3542301,7694,16,7678,45000,24581,24703,500,500,20297
37,3634653,3634669,3642294,7641,16,7625,45000,24703,24824,500,500,20176
38,3734699,3734715,3742300,7601,16,7585,45000,24824,24945,500,500,20055
39,3834746,3834762,3842295,7549,16,7533,45000,24945,25065,500,500,19935
40,3934792,3934808,3942303,7511,16,7495,45000,25065,25185,500,500,19815
41,4034839,4034855,4042298,7459,16,7443,45000,25185,25304,500,500,19696
42,4134886,4134902,4142307,7421,16,7405,45000,25304,25423,500,500,19577
43,4234933,4234950,4242296,7363,17,7346,45000,25423,25541,500,500,19459
44,4334979,4334995,4342289,7310,16,7294,45000,25541,25659,500,500,19341
45,4435026,4435042,4442311,7285,16,7269,45000,25659,25776,500,500,19224
46,4535073,4535090,4542299,7226,17,7209,45000,25776,25893,500,500,19107
47,4635120,4635136,4642292,7172,16,7156,45000,25893,26009,500,500,18991
48,4735165,4735182,4742299,7134,17,7117,45000,26009,26125,500,500,18875
49,4835212,4835229,4842307,7095,17,7078,45000,26125,26241,500,500,18759
50,4935259,4935275,4942295,7036,16,7020,45000,26241,26356,500,500,18644
51,5035306,5035322,5042293,6987,16,6971,45000,26356,26470,500,500,18530
52,5135352,5135368,5142311,6959,16,6943,45000,26470,26585,500,500,18415
53,5235399,5235415,5242299,6900,16,6884,45000,26585,26698,500,500,18302
54,5335445,5335462,5342302,6857,17,6840,45000,26698,26811,500,500,18189
55,5435492,5435509,5442297,6805,17,6788,45000,26811,26924,500,500,18076
56,5535539,5535555,5542298,6759,16,6743,45000,26924,27037,500,500,17963
57,5635586,5635602,5642305,6719,16,6703,45000,27037,27148,500,500,17852
58,5735633,5735649,5742291,6658,16,6642,45000,27148,27260,500,500,17740
59,5835679,5835695,5842307,6628,16,6612,45000,27260,27371,500,500,17629
60,5935727,5935743,5942301,6574,16,6558,45000,27371,27481,500,500,17519
61,6035773,6035790,6042295,6522,17,6505,45000,27481,27591,500,500,17409
62,6135820,6135837,6142294,6474,17,6457,45000,27591,27701,500,500,17299
63,6235868,6235884,6242322,6454,16,6438,45000,27701,27810,500,500,17190
64,6335933,6335949,6342307,6374,16,6358,45000,27810,27919,500,500,17081
65,6435979,6435996,6442303,6324,17,6307,45000,27919,28027,500,500,16973
66,6536026,6536043,6542309,6283,17,6266,45000,28027,28135,500,500,16865
67,6636074,6636090,6642296,6222,16,6206,45000,28135,28243,500,500,16757
68,6736120,6736136,6742289,6169,16,6153,45000,28243,28350,500,500,16650
69,6836167,6836183,6842300,6133,16,6117,45000,28350,28456,500,500,16544
70,6936214,6936230,6942306,6092,16,6076,45000,28456,28562,500,500,16438
71,7036261,7036277,7042292,6031,16,6015,45000,28562,28668,500,500,16332
72,7136307,7136323,7142299,5992,16,5976,45000,28668,28773,500,500,16227
73,7236355,7236371,7242307,5952,16,5936,45000,28773,28878,500,500,16122
74,7336402,7336418,7342295,5893,16,5877,45000,28878,28983,500,500,16017
75,7436449,7436465,7442290,5841,16,5825,45000,28983,29087,500,500,15913
76,7536496,7536512,7542311,5815,16,5799,45000,29087,29191,500,500,15809
77,7636545,7636561,7642299,5754,16,5738,45000,29191,29294,500,500,15706
78,7736591,7736607,7742291,5700,16,5684,45000,29294,29397,500,500,15603
79,7836637,7836654,7842295,5658,17,5641,45000,29397,29499,500,500,15501
80,7936684,7936701,7942300,5616,17,5599,45000,29499,29601,500,500,15399
81,8036731,8036747,8042305,5574,16,5558,45000,29601,29703,500,500,15297
82,8136778,8136794,8142293,5515,16,5499,45000,29703,29804,500,500,15196
83,8236825,8236841,8242302,5477,16,5461,45000,29804,29905,500,500,15095
84,8336872,8336888,8342306,5434,16,5418,45000,29905,30005,500,500,14995
85,8436919,8436935,8442293,5374,16,5358,45000,30005,30105,500,500,14895
86,8536966,8536982,8542298,5332,16,5316,45000,30105,30205,500,500,14795
87,8637013,8637029,8642300,5287,16,5271,45000,30205,30304,500,500,14696
88,8737059,8737075,8742307,5248,16,5232,45000,30304,30403,500,500,14597
89,8837108,8837124,8842294,5186,16,5170,45000,30403,30501,500,500,14499
90,8937154,8937170,8942308,5154,16,5138,45000,30501,30599,500,500,14401
91,9037202,9037218,9042312,5110,16,5094,45000,30599,30697,500,500,14303
92,9137248,9137264,9142298,5050,16,5034,45000,30697,30794,500,500,14206
93,9237295,9237311,9242293,4998,16,4982,45000,30794,30891,500,500,14109
94,9337342,9337358,9342302,4960,16,4944,45000,30891,30987,500,500,14013
95,9437390,9437406,9442307,4917,16,4901,45000,30987,31083,500,500,13917
96,9537436,9537453,9542299,4863,17,4846,45000,31083,31179,500,500,13821
97,9637483,9637499,9642296,4813,16,4797,45000,31179,31274,500,500,13726
98,9737529,9737546,9742305,4776,17,4759,45000,31274,31369,500,500,13631
99,9837577,9837593,9842294,4717,16,4701,45000,31369,31463,500,500,13537
100,9937624,9937640,9945143,7519,16,7503,45000,31463,31558,500,500,13442
101,10037673,10037690,10042248,4575,17,4558,45000,31558,31651,500,500,13349
102,10137720,10137736,10142294,4574,16,4558,45000,31651,31745,500,500,13255
103,10237770,10237786,10242300,4530,16,4514,45000,31745,31838,500,500,13162
104,10337817,10337832,10342308,4491,15,4476,45000,31838,31930,500,500,13070
105,10437863,10437879,10442298,4435,16,4419,45000,31930,32023,500,500,12977
106,10537910,10537926,10542300,4390,16,4374,45000,32023,32115,500,500,12885
107,10637958,10637974,10642298,4340,16,4324,45000,32115,32206,500,500,12794
108,10738004,10738021,10742294,4290,17,4273,45000,32206,32297,500,500,12703
109,10838051,10838067,10842302,4251,16,4235,45000,32297,32388,500,500,12612
110,10938098,10938114,10942297,4199,16,4183,45000,32388,32479,500,500,12521
111,11038145,11038161,11042307,4162,16,4146,45000,32479,32569,500,500,12431
112,11138192,11138208,11142296,4104,16,4088,45000,32569,32658,500,500,12342
113,11238238,11238255,11242291,4053,17,4036,45000,32658,32748,500,500,12252
114,11338287,11338302,11342311,4024,15,4009,45000,32748,32837,500,500,12163
115,11438333,11438348,11442299,3966,15,3951,45000,32837,32925,500,500,12075
116,11538380,11538396,11542292,3912,16,3896,45000,32925,33014,500,500,11986
117,11638426,11638442,11642283,3857,16,3841,45000,33014,33102,500,500,11898
118,11738472,11738489,11742301,3829,17,3812,45000,33102,33189,500,500,11811
119,11838521,11838537,11842294,3773,16,3757,45000,33189,33277,500,500,11723
120,11938582,11938601,11942301,3719,19,3700,45000,33277,33363,500,500,11637
121,12038608,12038624,12042307,3699,16,3683,45000,33363,33450,500,500,11550
122,12138654,12138670,12142302,3648,16,3632,45000,33450,33536,500,500,11464
123,12238700,12238717,12242308,3608,17,3591,45000,33536,33622,500,500,11378
124,12338747,12338763,12342300,3553,16,3537,45000,33622,33708,500,500,11292
125,12438793,12438809,12442303,3510,16,3494,45000,33708,33793,500,500,11207
126,12538840,12538856,12542299,3459,16,3443,45000,33793,33878,500,500,11122
127,12638887,12638903,12642311,3424,16,3408,45000,33878,33962,500,500,11038
128,12738933,12738949,12742300,3367,16,3351,45000,33962,34046,500,500,10954
129,12838980,12838995,12842302,3322,15,3307,45000,34046,34130,500,500,10870
130,12939026,12939042,12942292,3266,16,3250,45000,34130,34213,500,500,10787
131,13039072,13039089,13042313,3241,17,3224,45000,34213,34297,500,500,10703
132,13139119,13139135,13142299,3180,16,3164,45000,34297,34379,500,500,10621
133,13239165,13239181,13242302,3137,16,3121,45000,34379,34462,500,500,10538
134,13339211,13339228,13342298,3087,17,3070,45000,34462,34544,500,500,10456
135,13439258,13439274,13442306,3048,16,3032,45000,34544,34626,500,500,10374
136,13539304,13539320,13542295,2991,16,2975,45000,34626,34707,500,500,10293
137,13639351,13639367,13642288,2937,16,2921,45000,34707,34789,500,500,10211
138,13739397,13739413,13742311,2914,16,2898,45000,34789,34869,500,500,10131
139,13839444,13839460,13842298,2854,16,2838,45000,34869,34950,500,500,10050
140,13939489,13939505,13942446,2957,16,2941,45000,34950,35030,500,500,9970
141,14039535,14039551,14042541,3006,16,2990,45000,35030,35110,500,500,9890
142,14139581,14139598,14142605,3024,17,3007,45000,35110,35190,500,500,9810
143,14239627,14239643,14242671,3044,16,3028,45000,35190,35269,500,500,9731
144,14339672,14339688,14342733,3061,16,3045,45000,35269,35348,500,500,9652
145,14439718,14439734,14442805,3087,16,3071,45000,35348,35426,500,500,9574
146,14539764,14539780,14542872,3108,16,3092,45000,35426,35505,500,500,9495
147,14639809,14639826,14642940,3131,17,3114,45000,35505,35583,500,500,9417
148,14739855,14739871,14743008,3153,16,3137,45000,35583,35660,500,500,9340
149,14839902,14839918,14843072,3170,16,3154,45000,35660,35738,500,500,9262
150,14939967,14939983,14943154,3187,16,3171,45000,35738,35815,500,500,9185
151,15040012,15040029,15043198,3186,17,3169,45000,35815,35891,500,500,9109
152,15140077,15140093,15143254,3177,16,3161,45000,35891,35968,500,500,9032
153,15240125,15240141,15243248,3123,16,3107,45000,35968,36044,500,500,8956
154,15340171,15340187,15343249,3078,16,3062,45000,36044,36120,500,500,8880
155,15440216,15440232,15443238,3022,16,3006,45000,36120,36195,500,500,8805
156,15540273,15540289,15543234,2961,16,2945,45000,36195,36271,500,500,8729
157,15640318,15640334,15643235,2917,16,2901,45000,36271,36345,500,500,8655
158,15740363,15740379,15743245,2882,16,2866,45000,36345,36420,500,500,8580
159,15840408,15840424,15843239,2831,16,2815,45000,36420,36494,500,500,8506
160,15940453,15940469,15942253,1800,16,1784,45000,36494,36568,500,500,8432
161,16040498,16040514,16042359,1861,16,1845,45000,36568,36642,500,500,8358
162,16140544,16140560,16152285,11741,16,11725,45000,36642,36716,500,500,8284
163,16240612,16240628,16252305,11693,16,11677,45000,36716,36789,500,500,8211
164,16340657,16340674,16352310,11653,17,11636,45000,36789,36862,500,500,8138
165,16440704,16440720,16452297,11593,16,11577,45000,36862,36934,500,500,8066
166,16540749,16540766,16552316,11567,17,11550,45000,36934,37006,500,500,7994
167,16640795,16640811,16652320,11525,16,11509,45000,37006,37078,500,500,7922
168,16740842,16740859,16752310,11468,17,11451,45000,37078,37150,500,500,7850
169,16840889,16840905,16852325,11436,16,11420,45000,37150,37221,500,500,7779
170,16940935,16940951,16952297,11362,16,11346,45000,37221,37293,500,500,7707
171,17040983,17040999,17052292,11309,16,11293,45000,37293,37363,500,500,7637
172,17141029,17141045,17152296,11267,16,11251,45000,37363,37434,500,500,7566
173,17241076,17241092,17252299,11223,16,11207,45000,37434,37504,500,500,7496
174,17341121,17341137,17352304,11183,16,11167,45000,37504,37574,500,500,7426
175,17441169,17441185,17452292,11123,16,11107,45000,37574,37644,500,500,7356
176,17541216,17541232,17552310,11094,16,11078,45000,37644,37713,500,500,7287
177,17641264,17641280,17652299,11035,16,11019,45000,37713,37782,500,500,7218
178,17741312,17741328,17752293,10981,16,10965,45000,37782,37851,500,500,7149
179,17841359,17841376,17852307,10948,17,10931,45000,37851,37920,500,500,7080
180,17941408,17941424,17952319,10911,16,10895,45000,37920,37988,500,500,7012
181,18041455,18041471,18052324,10869,16,10853,45000,37988,38056,500,500,6944
182,18141503,18141519,18152306,10803,16,10787,45000,38056,38124,500,500,6876
183,18241551,18241566,18252306,10755,15,10740,45000,38124,38192,500,500,6808
184,18341598,18341614,18352296,10698,16,10682,45000,38192,38259,500,500,6741
185,18441646,18441662,18452295,10649,16,10633,45000,38259,38326,500,500,6674
186,18541694,18541710,18552301,10607,16,10591,45000,38326,38392,500,500,6608
187,18641741,18641758,18652307,10566,17,10549,45000,38392,38459,500,500,6541
188,18741789,18741805,18752296,10507,16,10491,45000,38459,38525,500,500,6475
189,18841837,18841853,18852297,10460,16,10444,45000,38525,38591,500,500,6409
190,18941885,18941901,18952299,10414,16,10398,45000,38591,38657,500,500,6343
191,19041932,19041948,19052303,10371,16,10355,45000,38657,38722,500,500,6278
192,19141980,19141996,19152293,10313,16,10297,45000,38722,38787,500,500,6213
193,19242027,19242044,19252309,10282,17,10265,45000,38787,38852,500,500,6148
194,19342076,19342092,19352297,10221,16,10205,45000,38852,38917,500,500,6083
195,19442123,19442139,19452290,10167,16,10151,45000,38917,38981,500,500,6019
196,19542171,19542187,19552298,10127,16,10111,45000,38981,39045,500,500,5955
197,19642219,19642235,19652297,10078,16,10062,45000,39045,39109,500,500,5891
198,19742266,19742282,19752303,10037,16,10021,45000,39109,39172,500,500,5828
199,19842314,19842330,19852293,9979,16,9963,45000,39172,39236,500,500,5764
200,19942361,19942378,19955143,12782,17,12765,45000,39236,39299,500,500,5701
201,20042412,20042428,20052249,9837,16,9821,45000,39299,39361,500,500,5639
202,20142460,20142476,20152294,9834,16,9818,45000,39361,39424,500,500,5576
203,20242509,20242525,20252298,9789,16,9773,45000,39424,39486,500,500,5514
204,20342557,20342593,20352310,9753,36,9717,45000,39486,39548,500,500,5452
205,20442617,20442633,20452299,9682,16,9666,45000,39548,39610,500,500,5390
206,20542664,20542680,20552302,9638,16,9622,45000,39610,39672,500,500,5328
207,20642710,20642727,20652328,9618,17,9601,45000,39672,39733,500,500,5267
208,20742758,20742774,20752323,9565,16,9549,45000,39733,39794,500,500,5206
209,20842804,20842820,20852316,9512,16,9496,45000,39794,39855,500,500,5145
210,20942851,20942867,20952306,9455,16,9439,45000,39855,39916,500,500,5084
211,21042896,21042912,21052294,9398,16,9382,45000,39916,39976,500,500,5024
212,21142942,21142958,21152291,9349,16,9333,45000,39976,40036,500,500,4964
213,21242989,21243005,21252310,9321,16,9305,45000,40036,40096,500,500,4904
214,21343036,21343052,21352298,9262,16,9246,45000,40096,40155,500,500,4845
215,21443082,21443097,21452302,9220,15,9205,45000,40155,40215,500,500,4785
216,21543128,21543144,21552298,9170,16,9154,45000,40215,40274,500,500,4726
217,21643174,21643190,21652304,9130,16,9114,45000,40274,40333,500,500,4667
218,21743221,21743237,21752309,9088,16,9072,45000,40333,40392,500,500,4608
219,21843267,21843283,21852295,9028,16,9012,45000,40392,40450,500,500,4550
220,21943313,21943329,21952290,8977,16,8961,45000,40450,40508,500,500,4492
221,22043359,22043375,22052310,8951,16,8935,45000,40508,40566,500,500,4434
222,22143408,22143423,22152297,8889,15,8874,45000,40566,40624,500,500,4376
223,22243453,22243469,22252290,8837,16,8821,45000,40624,40681,500,500,4319
224,22343499,22343515,22352301,8802,16,8786,45000,40681,40739,500,500,4261
225,22443546,22443562,22452297,8751,16,8735,45000,40739,40796,500,500,4204
226,22543592,22543608,22552303,8711,16,8695,45000,40796,40853,500,500,4147
227,22643639,22643656,22652297,8658,17,8641,45000,40853,40909,500,500,4091
228,22743687,22743703,22752301,8614,16,8598,45000,40909,40965,500,500,4035
229,22843733,22843749,22852304,8571,16,8555,45000,40965,41022,500,500,3978
230,22943780,22943796,22952291,8511,16,8495,45000,41022,41078,500,500,3922
231,23043827,23043843,23052312,8485,16,8469,45000,41078,41133,500,500,3867
232,23143874,23143890,23152298,8424,16,8408,45000,41133,41189,500,500,3811
233,23243920,23243936,23252292,8372,16,8356,45000,41189,41244,500,500,3756
234,23343967,23343984,23352303,8336,17,8319,45000,41244,41299,500,500,3701
235,23444015,23444031,23452324,8309,16,8293,45000,41299,41354,500,500,3646
236,23544061,23544077,23552323,8262,16,8246,45000,41354,41408,500,500,3592
237,23644107,23644123,23652310,8203,16,8187,45000,41408,41463,500,500,3537
238,23744153,23744169,23752298,8145,16,8129,45000,41463,41517,500,500,3483
239,23844199,23844214,23852302,8103,15,8088,45000,41517,41571,500,500,3429
240,23944244,23944260,23952297,8053,16,8037,45000,41571,41625,500,500,3375
241,24044291,24044307,24052298,8007,16,7991,45000,41625,41678,500,500,3322
242,24144337,24144353,24152294,7957,16,7941,45000,41678,41731,500,500,3269
243,24244383,24244399,24252303,7920,16,7904,45000,41731,41784,500,500,3216
244,24344429,24344446,24352299,7870,17,7853,45000,41784,41837,500,500,3163
245,24444476,24444492,24452296,7820,16,7804,45000,41837,41890,500,500,3110
246,24544523,24544539,24552305,7782,16,7766,45000,41890,41942,500,500,3058
247,24644570,24644586,24652299,7729,16,7713,45000,41942,41995,500,500,3005
248,24744616,24744632,24752307,7691,16,7675,45000,41995,42047,500,500,2953
249,24844663,24844679,24852312,7649,16,7633,45000,42047,42098,500,500,2902
250,24944709,24944725,24952298,7589,16,7573,45000,42098,42150,500,500,2850
251,25044756,25044771,25052293,7537,15,7522,45000,42150,42201,500,500,2799
252,25144802,25144818,25152322,7520,16,7504,45000,42201,42253,500,500,2747
253,25244867,25244883,25252334,7467,16,7451,45000,42253,42304,500,500,2696
254,25344914,25344930,25352331,7417,16,7401,45000,42304,42354,500,500,2646
255,25444961,25444977,25452314,7353,16,7337,45000,42354,42405,500,500,2595
256,25545007,25545023,25552298,7291,16,7275,45000,42405,42455,500,500,2545
257,25645053,25645069,25652288,7235,16,7219,45000,42455,42506,500,500,2494
258,25745100,25745116,25752299,7199,16,7183,45000,42506,42555,500,500,2445
259,25845147,25845163,25852306,7159,16,7143,45000,42555,42605,500,500,2395
260,25945192,25945208,25952295,7103,16,7087,45000,42605,42655,500,500,2345
261,26045238,26045254,26052287,7049,16,7033,45000,42655,42704,500,500,2296
262,26145285,26145301,26152330,7045,16,7029,45000,42704,42753,500,500,2247
263,26245352,26245368,26252335,6983,16,6967,45000,42753,42802,500,500,2198
264,26345398,26345414,26352321,6923,16,6907,45000,42802,42851,500,500,2149
265,26445444,26445459,26452298,6854,15,6839,45000,42851,42900,500,500,2100
266,26545491,26545507,26552295,6804,16,6788,45000,42900,42948,500,500,2052
267,26645537,26645553,26652290,6753,16,6737,45000,42948,42996,500,500,2004
268,26745583,26745600,26752303,6720,17,6703,45000,42996,43044,500,500,1956
269,26845631,26845647,26852307,6676,16,6660,45000,43044,43092,500,500,1908
270,26945678,26945694,26952293,6615,16,6599,45000,43092,43140,500,500,1860
271,27045724,27045740,27052298,6574,16,6558,45000,43140,43187,500,500,1813
272,27145771,27145787,27152300,6529,16,6513,45000,43187,43235,500,500,1765
273,27245817,27245833,27252306,6489,16,6473,45000,43235,43282,500,500,1718
274,27345864,27345880,27352294,6430,16,6414,45000,43282,43328,500,500,1672
275,27445910,27445926,27452311,6401,16,6385,45000,43328,43375,500,500,1625
276,27545957,27545973,27552298,6341,16,6325,45000,43375,43422,500,500,1578
277,27646004,27646020,27652291,6287,16,6271,45000,43422,43468,500,500,1532
278,27746050,27746066,27752311,6261,16,6245,45000,43468,43514,500,500,1486
279,27846098,27846114,27852305,6207,16,6191,45000,43514,43560,500,500,1440
280,27946144,27946160,27952302,6158,16,6142,45000,43560,43606,500,500,1394
281,28046191,28046207,28052311,6120,16,6104,45000,43606,43651,500,500,1349
282,28146237,28146253,28152298,6061,16,6045,45000,43651,43697,500,500,1303
283,28246283,28246300,28252286,6003,17,5986,45000,43697,43742,500,500,1258
284,28346330,28346346,28352311,5981,16,5965,45000,43742,43787,500,500,1213
285,28446380,28446397,28452313,5933,17,5916,45000,43787,43832,500,500,1168
286,28546426,28546442,28552299,5873,16,5857,45000,43832,43877,500,500,1123
287,28646473,28646489,28652294,5821,16,5805,45000,43877,43921,500,500,1079
288,28746519,28746535,28752293,5774,16,5758,45000,43921,43965,500,500,1035
289,28846565,28846581,28852318,5753,16,5737,45000,43965,44010,500,500,990
290,28946612,28946628,28952298,5686,16,5670,45000,44010,44053,500,500,947
291,29046660,29046676,29052299,5639,16,5623,45000,44053,44097,500,500,903
292,29146706,29146722,29152298,5592,16,5576,45000,44097,44141,500,500,859
293,29246753,29246768,29252296,5543,15,5528,45000,44141,44184,500,500,816
294,29346799,29346815,29352303,5504,16,5488,45000,44184,44228,500,500,772
295,29446846,29446862,29452297,5451,16,5435,45000,44228,44271,500,500,729
296,29546892,29546908,29552299,5407,16,5391,45000,44271,44314,500,500,686
297,29646938,29646954,29652305,5367,16,5351,45000,44314,44356,500,500,644
298,29746985,29747001,29752291,5306,16,5290,45000,44356,44399,500,500,601
299,29847031,29847047,29852303,5272,16,5256,45000,44399,44441,500,500,559
300,29947078,29947094,29955139,8061,16,8045,45000,44441,44484,500,500,516
301,30047128,30047144,30052245,5117,16,5101,45000,44484,44526,500,500,474
302,30147173,30147189,30152314,5141,16,5125,45000,44526,44568,500,500,432
303,30247221,30247237,30252298,5077,16,5061,45000,44568,44609,500,500,391
304,30347268,30347284,30352294,5026,16,5010,45000,44609,44651,500,500,349
305,30447315,30447331,30452284,4969,16,4953,45000,44651,44692,500,500,308
306,30547361,30547377,30552302,4941,16,4925,45000,44692,44733,500,500,267
307,30647409,30647425,30652307,4898,16,4882,45000,44733,44774,500,500,226
308,30747455,30747472,30752294,4839,17,4822,45000,44774,44815,500,500,185
309,30847502,30847518,30852300,4798,16,4782,45000,44815,44856,500,500,144
310,30947549,30947564,30952317,4768,15,4753,45000,44856,44897,500,500,103
311,31047595,31047611,31052324,4729,16,4713,45000,44897,44937,500,500,63
312,31147643,31147659,31152305,4662,16,4646,45000,44937,44977,500,500,23
313,31247689,31247705,31252306,4617,16,4601,45000,44977,45017,500,500,-17
314,31347736,31347752,31352294,4558,16,4542,45000,45017,45057,500,500,-57
315,31447782,31447798,31452302,4520,16,4504,45000,45057,45097,500,500,-97
316,31547829,31547845,31552304,4475,16,4459,45000,45097,45137,500,500,-137
317,31647876,31647892,31652308,4432,16,4416,45000,45137,45176,500,500,-176
318,31747923,31747939,31752296,4373,16,4357,45000,45176,45216,500,500,-216
319,31847969,31847985,31852289,4320,16,4304,45000,45216,45255,500,500,-255
320,31948016,31948032,31952300,4284,16,4268,45000,45255,45294,500,500,-294
321,32048063,32048079,32052304,4241,16,4225,45000,45294,45332,500,500,-332
322,32148110,32148126,32152291,4181,16,4165,45000,45332,45371,500,500,-371
323,32248157,32248173,32252311,4154,16,4138,45000,45371,45410,500,500,-410
324,32348205,32348221,32352298,4093,16,4077,45000,45410,45448,500,500,-448
325,32448251,32448267,32452304,4053,16,4037,45000,45448,45486,500,500,-486
326,32548299,32548315,32552297,3998,16,3982,45000,45486,45524,500,500,-524
327,32648345,32648362,32652296,3951,17,3934,45000,45524,45562,500,500,-562
328,32748393,32748409,32752294,3901,16,3885,45000,45562,45600,500,500,-600
329,32848439,32848455,32852303,3864,16,3848,45000,45600,45638,500,500,-638
330,32948486,32948502,32952299,3813,16,3797,45000,45638,45675,500,500,-675
331,33048533,33048549,33052296,3763,16,3747,45000,45675,45712,500,500,-712
332,33148594,33148610,33152291,3697,16,3681,45000,45712,45749,500,500,-749
333,33248639,33248655,33252297,3658,16,3642,45000,45749,45786,500,500,-786
334,33348686,33348702,33352299,3613,16,3597,45000,45786,45823,500,500,-823
335,33448731,33448747,33452306,3575,16,3559,45000,45823,45860,500,500,-860
336,33548778,33548794,33552294,3516,16,3500,45000,45860,45897,500,500,-897
337,33648824,33648840,33652327,3503,16,3487,45000,45897,45933,500,500,-933
338,33748890,33748906,33752329,3439,16,3423,45000,45933,45969,500,500,-969
339,33848936,33848952,33852314,3378,16,3362,45000,45969,46005,500,500,-1005
340,33948982,33948999,33952299,3317,17,3300,45000,46005,46041,500,500,-1041
341,34049029,34049045,34052306,3277,16,3261,45000,46041,46077,500,500,-1077
342,34149094,34149110,34152292,3198,16,3182,45000,46077,46113,500,500,-1113
343,34249141,34249157,34252303,3162,16,3146,45000,46113,46148,500,500,-1148
344,34349188,34349204,34352309,3121,16,3105,45000,46148,46184,500,500,-1184
345,34449235,34449251,34452294,3059,16,3043,45000,46184,46219,500,500,-1219
346,34549281,34549298,34552301,3020,17,3003,45000,46219,46254,500,500,-1254
347,34649328,34649344,34652298,2970,16,2954,45000,46254,46289,500,500,-1289
348,34749374,34749390,34752293,2919,16,2903,45000,46289,46324,500,500,-1324
349,34849420,34849436,34852291,2871,16,2855,45000,46324,46359,500,500,-1359
350,34949466,34949482,34952301,2835,16,2819,45000,46359,46393,500,500,-1393
351,35049513,35049529,35052474,2961,16,2945,45000,46393,46428,500,500,-1428
352,35149559,35149575,35152555,2996,16,2980,45000,46428,46462,500,500,-1462
353,35249604,35249620,35252622,3018,16,3002,45000,46462,46496,500,500,-1496
354,35349649,35349665,35352692,3043,16,3027,45000,46496,46530,500,500,-1530
355,35449695,35449711,35452759,3064,16,3048,45000,46530,46564,500,500,-1564
356,35549741,35549757,35552827,3086,16,3070,45000,46564,46598,500,500,-1598
357,35649786,35649803,35652898,3112,17,3095,45000,46598,46631,500,500,-1631
358,35749832,35749848,35752966,3134,16,3118,45000,46631,46665,500,500,-1665
359,35849891,35849907,35853042,3151,16,3135,45000,46665,46698,500,500,-1698
360,35949937,35949953,35953089,3152,16,3136,45000,46698,46731,500,500,-1731
361,36050003,36050019,36053164,3161,16,3145,45000,46731,46765,500,500,-1765
362,36150050,36150066,36153223,3173,16,3157,45000,46765,46797,500,500,-1797
363,36250114,36250130,36253235,3121,16,3105,45000,46797,46830,500,500,-1830
364,36350160,36350176,36353251,3091,16,3075,45000,46830,46863,500,500,-1863
365,36450222,36450238,36453257,3035,16,3019,45000,46863,46895,500,500,-1895
366,36550278,36550294,36553252,2974,16,2958,45000,46895,46928,500,500,-1928
367,36650323,36650339,36653242,2919,16,2903,45000,46928,46960,500,500,-1960
368,36750369,36750385,36753234,2865,16,2849,45000,46960,46992,500,500,-1992
369,36850414,36850430,36853240,2826,16,2810,45000,46992,47024,500,500,-2024
370,36950460,36950476,36952256,1796,16,1780,45000,47024,47056,500,500,-2056
371,37050505,37050521,37062314,11809,16,11793,45000,47056,47088,500,500,-2088
372,37150551,37150567,37162318,11767,16,11751,45000,47088,47120,500,500,-2120
373,37250598,37250614,37262301,11703,16,11687,45000,47120,47151,500,500,-2151
374,37350644,37350660,37362319,11675,16,11659,45000,47151,47183,500,500,-2183
375,37450690,37450706,37462314,11624,16,11608,45000,47183,47214,500,500,-2214
376,37550737,37550753,37562312,11575,16,11559,45000,47214,47245,500,500,-2245
377,37650783,37650799,37662319,11536,16,11520,45000,47245,47276,500,500,-2276
378,37750830,37750846,37762317,11487,16,11471,45000,47276,47307,500,500,-2307
379,37850877,37850893,37862307,11430,16,11414,45000,47307,47338,500,500,-2338
380,37950923,37950939,37962313,11390,16,11374,45000,47338,47368,500,500,-2368
381,38050969,38050985,38062302,11333,16,11317,45000,47368,47399,500,500,-2399
382,38151015,38151031,38162297,11282,16,11266,45000,47399,47429,500,500,-2429
383,38251061,38251077,38262293,11232,16,11216,45000,47429,47460,500,500,-2460
384,38351107,38351123,38362285,11178,16,11162,45000,47460,47490,500,500,-2490
385,38451155,38451171,38462301,11146,16,11130,45000,47490,47520,500,500,-2520
386,38551203,38551219,38562307,11104,16,11088,45000,47520,47550,500,500,-2550
387,38651250,38651266,38662292,11042,16,11026,45000,47550,47580,500,500,-2580
388,38751297,38751314,38762296,10999,17,10982,45000,47580,47609,500,500,-2609
389,38851345,38851361,38862300,10955,16,10939,45000,47609,47639,500,500,-2639
390,38951392,38951408,38962293,10901,16,10885,45000,47639,47668,500,500,-2668
391,39051440,39051456,39062300,10860,16,10844,45000,47668,47698,500,500,-2698
392,39151488,39151504,39162330,10842,16,10826,45000,47698,47727,500,500,-2727
393,39251536,39251552,39262324,10788,16,10772,45000,47727,47756,500,500,-2756
394,39351584,39351600,39362316,10732,16,10716,45000,47756,47785,500,500,-2785
395,39451632,39451648,39462305,10673,16,10657,45000,47785,47814,500,500,-2814
396,39551680,39551696,39562294,10614,16,10598,45000,47814,47842,500,500,-2842
397,39651728,39651744,39662281,10553,16,10537,45000,47842,47871,500,500,-2871
398,39751777,39751793,39762301,10524,16,10508,45000,47871,47900,500,500,-2900
399,39851825,39851841,39862295,10470,16,10454,45000,47900,47928,500,500,-2928
400,39951873,39951889,39965135,13262,16,13246,45000,47928,47956,500,500,-2956
401,40051924,40051940,40062248,10324,16,10308,45000,47956,47984,500,500,-2984
402,40151971,40151987,40162320,10349,16,10333,45000,47984,48012,500,500,-3012
403,40252019,40252035,40262295,10276,16,10260,45000,48012,48040,500,500,-3040
404,40352067,40352083,40362303,10236,16,10220,45000,48040,48068,500,500,-3068
405,40452115,40452131,40462308,10193,16,10177,45000,48068,48096,500,500,-3096
406,40552163,40552179,40562301,10138,16,10122,45000,48096,48124,500,500,-3124
407,40652210,40652226,40662297,10087,16,10071,45000,48124,48151,500,500,-3151
408,40752258,40752275,40762304,10046,17,10029,45000,48151,48179,500,500,-3179
409,40852305,40852321,40862295,9990,16,9974,45000,48179,48206,500,500,-3206
410,40952352,40952368,40962311,9959,16,9943,45000,48206,48233,500,500,-3233
411,41052400,41052416,41062296,9896,16,9880,45000,48233,48260,500,500,-3260
412,41152448,41152464,41162289,9841,16,9825,45000,48260,48287,500,500,-3287
413,41252495,41252511,41262300,9805,16,9789,45000,48287,48314,500,500,-3314
414,41352543,41352559,41362295,9752,16,9736,45000,48314,48341,500,500,-3341
415,41452602,41452619,41462289,9687,17,9670,45000,48341,48367,500,500,-3367
416,41552650,41552666,41562311,9661,16,9645,45000,48367,48394,500,500,-3394
417,41652698,41652713,41662298,9600,15,9585,45000,48394,48420,500,500,-3420
418,41752743,41752760,41762291,9548,17,9531,45000,48420,48447,500,500,-3447
419,41852790,41852806,41862312,9522,16,9506,45000,48447,48473,500,500,-3473
420,41952837,41952853,41962336,9499,16,9483,45000,48473,48499,500,500,-3499
421,42052885,42052901,42062326,9441,16,9425,45000,48499,48525,500,500,-3525
422,42152930,42152946,42162301,9371,16,9355,45000,48525,48551,500,500,-3551
423,42252975,42252991,42262304,9329,16,9313,45000,48551,48577,500,500,-3577
424,42353023,42353038,42362294,9271,15,9256,45000,48577,48602,500,500,-3602
425,42453069,42453085,42462298,9229,16,9213,45000,48602,48628,500,500,-3628
426,42553115,42553131,42562307,9192,16,9176,45000,48628,48653,500,500,-3653
427,42653161,42653177,42662295,9134,16,9118,45000,48653,48679,500,500,-3679
428,42753208,42753224,42762289,9081,16,9065,45000,48679,48704,500,500,-3704
429,42853254,42853270,42862311,9057,16,9041,45000,48704,48729,500,500,-3729
430,42953301,42953317,42962298,8997,16,8981,45000,48729,48754,500,500,-3754
431,43053348,43053364,43062291,8943,16,8927,45000,48754,48779,500,500,-3779
432,43153394,43153410,43162310,8916,16,8900,45000,48779,48804,500,500,-3804
433,43253440,43253456,43262299,8859,16,8843,45000,48804,48829,500,500,-3829
434,43353486,43353503,43362294,8808,17,8791,45000,48829,48854,500,500,-3854
435,43453533,43453550,43462291,8758,17,8741,45000,48854,48878,500,500,-3878
436,43553580,43553595,43562309,8729,15,8714,45000,48878,48903,500,500,-3903
437,43653628,43653644,43662305,8677,16,8661,45000,48903,48927,500,500,-3927
438,43753674,43753690,43762309,8635,16,8619,45000,48927,48951,500,500,-3951
439,43853720,43853736,43862299,8579,16,8563,45000,48951,48976,500,500,-3976
440,43953767,43953783,43962306,8539,16,8523,45000,48976,49000,500,500,-4000
441,44053815,44053831,44062312,8497,16,8481,45000,49000,49024,500,500,-4024
442,44153861,44153877,44162303,8442,16,8426,45000,49024,49048,500,500,-4048
443,44253907,44253923,44262299,8392,16,8376,45000,49048,49071,500,500,-4071
444,44353953,44353970,44362299,8346,17,8329,45000,49071,49095,500,500,-4095
445,44454000,44454016,44462304,8304,16,8288,45000,49095,49119,500,500,-4119
446,44554047,44554063,44562293,8246,16,8230,45000,49119,49142,500,500,-4142
447,44654093,44654109,44662317,8224,16,8208,45000,49142,49166,500,500,-4166
448,44754140,44754156,44762305,8165,16,8149,45000,49166,49189,500,500,-4189
449,44854186,44854202,44862296,8110,16,8094,45000,49189,49212,500,500,-4212
450,44954232,44954248,44962308,8076,16,8060,45000,49212,49235,500,500,-4235
451,45054280,45054296,45062296,8016,16,8000,45000,49235,49258,500,500,-4258
452,45154325,45154341,45162289,7964,16,7948,45000,49258,49281,500,500,-4281
453,45254371,45254387,45262300,7929,16,7913,45000,49281,49304,500,500,-4304
454,45354419,45354435,45362306,7887,16,7871,45000,49304,49327,500,500,-4327
455,45454467,45454483,45462292,7825,16,7809,45000,49327,49350,500,500,-4350
456,45554513,45554529,45562282,7769,16,7753,45000,49350,49372,500,500,-4372
457,45654559,45654575,45662300,7741,16,7725,45000,49372,49395,500,500,-4395
458,45754606,45754623,45762306,7700,17,7683,45000,49395,49417,500,500,-4417
459,45854653,45854669,45862292,7639,16,7623,45000,49417,49440,500,500,-4440
460,45954699,45954715,45962302,7603,16,7587,45000,49440,49462,500,500,-4462
461,46054746,46054762,46062307,7561,16,7545,45000,49462,49484,500,500,-4484
462,46154792,46154808,46162292,7500,16,7484,45000,49484,49506,500,500,-4506
463,46254839,46254855,46262299,7460,16,7444,45000,49506,49528,500,500,-4528
464,46354886,46354902,46362307,7421,16,7405,45000,49528,49550,500,500,-4550
465,46454933,46454949,46462293,7360,16,7344,45000,49550,49572,500,500,-4572
466,46554980,46554995,46562290,7310,15,7295,45000,49572,49593,500,500,-4593
467,46655026,46655042,46662325,7299,16,7283,45000,49593,49615,500,500,-4615
468,46755093,46755109,46762326,7233,16,7217,45000,49615,49637,500,500,-4637
469,46855139,46855155,46862313,7174,16,7158,45000,49637,49658,500,500,-4658
470,46955185,46955202,46962299,7114,17,7097,45000,49658,49679,500,500,-4679
471,47055232,47055248,47062292,7060,16,7044,45000,49679,49701,500,500,-4701
472,47155278,47155293,47162301,7023,15,7008,45000,49701,49722,500,500,-4722
473,47255324,47255341,47262303,6979,17,6962,45000,49722,49743,500,500,-4743
474,47355371,47355387,47362310,6939,16,6923,45000,49743,49764,500,500,-4764
475,47455419,47455435,47462298,6879,16,6863,45000,49764,49785,500,500,-4785
476,47555464,47555480,47562291,6827,16,6811,45000,49785,49806,500,500,-4806
477,47655510,47655526,47662308,6798,16,6782,45000,49806,49827,500,500,-4827
478,47755559,47755575,47762298,6739,16,6723,45000,49827,49847,500,500,-4847
479,47855605,47855621,47862294,6689,16,6673,45000,49847,49868,500,500,-4868
480,47955652,47955668,47962291,6639,16,6623,45000,49868,49888,500,500,-4888
481,48055699,48055715,48062298,6599,16,6583,45000,49888,49909,500,500,-4909
482,48155746,48155762,48162293,6547,16,6531,45000,49909,49929,500,500,-4929
483,48255792,48255809,48262289,6497,17,6480,45000,49929,49950,500,500,-4950
484,48355839,48355855,48362309,6470,16,6454,45000,49950,49970,500,500,-4970
485,48455887,48455903,48462297,6410,16,6394,45000,49970,49990,500,500,-4990
486,48555934,48555950,48562304,6370,16,6354,45000,49990,50010,500,500,-5010
487,48655981,48655997,48662299,6318,16,6302,45000,50010,50030,500,500,-5030
488,48756028,48756044,48762295,6267,16,6251,45000,50030,50050,500,500,-5050
489,48856075,48856091,48862295,6220,16,6204,45000,50050,50070,500,500,-5070
490,48956121,48956137,48962300,6179,16,6163,45000,50070,50089,500,500,-5089
491,49056169,49056185,49062297,6128,16,6112,45000,50089,50109,500,500,-5109
492,49156216,49156231,49162295,6079,15,6064,45000,50109,50128,500,500,-5128
493,49256263,49256278,49262304,6041,15,6026,45000,50128,50148,500,500,-5148
494,49356310,49356326,49362306,5996,16,5980,45000,50148,50167,500,500,-5167
495,49456356,49456372,49462322,5966,16,5950,45000,50167,50187,500,500,-5187
496,49556404,49556420,49562317,5913,16,5897,45000,50187,50206,500,500,-5206
497,49656450,49656466,49662306,5856,16,5840,45000,50206,50225,500,500,-5225
498,49756497,49756513,49762295,5798,16,5782,45000,50225,50244,500,500,-5244
499,49856544,49856560,49862304,5760,16,5744,45000,50244,50263,500,500,-5263
500,49956592,49956608,49965137,8545,16,8529,45000,50263,50282,500,500,-5282
501,50056642,50056658,50062252,5610,16,5594,45000,50282,50301,500,500,-5301
502,50156689,50156705,50162298,5609,16,5593,45000,50301,50320,500,500,-5320
503,50256738,50256755,50262303,5565,17,5548,45000,50320,50339,500,500,-5339
504,50356786,50356803,50362298,5512,17,5495,45000,50339,50357,500,500,-5357
505,50456833,50456849,50462310,5477,16,5461,45000,50357,50376,500,500,-5376
506,50556899,50556915,50562300,5401,16,5385,45000,50376,50394,500,500,-5394
507,50656946,50656962,50662289,5343,16,5327,45000,50394,50413,500,500,-5413
508,50756993,50757009,50762297,5304,16,5288,45000,50413,50431,500,500,-5431
509,50857039,50857055,50862304,5265,16,5249,45000,50431,50449,500,500,-5449
510,50957087,50957103,50962291,5204,16,5188,45000,50449,50468,500,500,-5468
511,51057133,51057149,51062300,5167,16,5151,45000,50468,50486,500,500,-5486
512,51157199,51157215,51162305,5106,16,5090,45000,50486,50504,500,500,-5504
513,51257245,51257262,51262292,5047,17,5030,45000,50504,50522,500,500,-5522
514,51357292,51357308,51362292,5000,16,4984,45000,50522,50540,500,500,-5540
515,51457339,51457355,51462312,4973,16,4957,45000,50540,50558,500,500,-5558
516,51557385,51557401,51562298,4913,16,4897,45000,50558,50575,500,500,-5575
517,51657432,51657448,51662291,4859,16,4843,45000,50575,50593,500,500,-5593
518,51757479,51757495,51762300,4821,16,4805,45000,50593,50611,500,500,-5611
519,51857526,51857542,51862307,4781,16,4765,45000,50611,50628,500,500,-5628
520,51957573,51957589,51962293,4720,16,4704,45000,50628,50646,500,500,-5646
521,52057619,52057635,52062301,4682,16,4666,45000,50646,50663,500,500,-5663
522,52157667,52157683,52162326,4659,16,4643,45000,50663,50680,500,500,-5680
523,52257714,52257730,52262322,4608,16,4592,45000,50680,50698,500,500,-5698
524,52357760,52357776,52362321,4561,16,4545,45000,50698,50715,500,500,-5715
525,52457807,52457823,52462300,4493,16,4477,45000,50715,50732,500,500,-5732
526,52557854,52557870,52562292,4438,16,4422,45000,50732,50749,500,500,-5749
527,52657900,52657916,52662284,4384,16,4368,45000,50749,50766,500,500,-5766
528,52757947,52757963,52762303,4356,16,4340,45000,50766,50783,500,500,-5783
529,52857994,52858010,52862306,4312,16,4296,45000,50783,50800,500,500,-5800
530,52958040,52958057,52962291,4251,17,4234,45000,50800,50817,500,500,-5817
531,53058087,53058103,53062300,4213,16,4197,45000,50817,50833,500,500,-5833
532,53158134,53158151,53162301,4167,17,4150,45000,50833,50850,500,500,-5850
533,53258180,53258196,53262295,4115,16,4099,45000,50850,50867,500,500,-5867
534,53358227,53358243,53362293,4066,16,4050,45000,50867,50883,500,500,-5883
535,53458274,53458290,53462301,4027,16,4011,45000,50883,50900,500,500,-5900
536,53558320,53558337,53562299,3979,17,3962,45000,50900,50916,500,500,-5916
537,53658367,53658383,53662305,3938,16,3922,45000,50916,50932,500,500,-5932
538,53758415,53758431,53762295,3880,16,3864,45000,50932,50949,500,500,-5949
539,53858460,53858476,53862282,3822,16,3806,45000,50949,50965,500,500,-5965
540,53958507,53958522,53962299,3792,15,3777,45000,50965,50981,500,500,-5981
541,54058554,54058586,54062294,3740,32,3708,45000,50981,50997,500,500,-5997
542,54158601,54158617,54162296,3695,16,3679,45000,50997,51013,500,500,-6013
543,54258647,54258663,54262299,3652,16,3636,45000,51013,51029,500,500,-6029
544,54358693,54358709,54362304,3611,16,3595,45000,51029,51045,500,500,-6045
545,54458738,54458755,54462293,3555,17,3538,45000,51045,51061,500,500,-6061
546,54558785,54558801,54562309,3524,16,3508,45000,51061,51077,500,500,-6077
547,54658832,54658848,54662297,3465,16,3449,45000,51077,51092,500,500,-6092
548,54758878,54758894,54762303,3425,16,3409,45000,51092,51108,500,500,-6108
549,54858925,54858940,54862309,3384,15,3369,45000,51108,51123,500,500,-6123
550,54958971,54958987,54962326,3355,16,3339,45000,51123,51139,500,500,-6139
551,55059017,55059033,55062321,3304,16,3288,45000,51139,51154,500,500,-6154
552,55159063,55159078,55162308,3245,15,3230,45000,51154,51170,500,500,-6170
553,55259109,55259125,55262295,3186,16,3170,45000,51170,51185,500,500,-6185
554,55359155,55359171,55362302,3147,16,3131,45000,51185,51200,500,500,-6200
555,55459201,55459217,55462296,3095,16,3079,45000,51200,51216,500,500,-6216
556,55559247,55559263,55562294,3047,16,3031,45000,51216,51231,500,500,-6231
557,55659293,55659309,55662293,3000,16,2984,45000,51231,51246,500,500,-6246
558,55759340,55759356,55762284,2944,16,2928,45000,51246,51261,500,500,-6261
559,55859386,55859402,55862301,2915,16,2899,45000,51261,51276,500,500,-6276
560,55959432,55959449,55962306,2874,17,2857,45000,51276,51291,500,500,-6291
561,56059479,56059495,56062294,2815,16,2799,45000,51291,51305,500,500,-6305
562,56159525,56159541,56162451,2926,16,2910,45000,51305,51320,500,500,-6320
563,56259571,56259587,56262535,2964,16,2948,45000,51320,51335,500,500,-6335
564,56359616,56359632,56362600,2984,16,2968,45000,51335,51350,500,500,-6350
565,56459662,56459678,56462663,3001,16,2985,45000,51350,51364,500,500,-6364
566,56559708,56559724,56562731,3023,16,3007,45000,51364,51379,500,500,-6379
567,56659753,56659769,56662801,3048,16,3032,45000,51379,51393,500,500,-6393
568,56759798,56759815,56762868,3070,17,3053,45000,51393,51408,500,500,-6408
569,56859845,56859861,56862915,3070,16,3054,45000,51408,51422,500,500,-6422
570,56959909,56959925,56963018,3109,16,3093,45000,51422,51436,500,500,-6436
571,57059954,57059970,57063065,3111,16,3095,45000,51436,51451,500,500,-6451
572,57160019,57160035,57163146,3127,16,3111,45000,51451,51465,500,500,-6465
573,57260064,57260080,57263196,3132,16,3116,45000,51465,51479,500,500,-6479
574,57360130,57360146,57363238,3108,16,3092,45000,51479,51493,500,500,-6493
575,57460193,57460209,57463234,3041,16,3025,45000,51493,51507,500,500,-6507
576,57560238,57560269,57563233,2995,31,2964,45000,51507,51521,500,500,-6521
577,57660290,57660307,57663260,2970,17,2953,45000,51521,51535,500,500,-6535
578,57760355,57760371,57763258,2903,16,2887,45000,51535,51549,500,500,-6549
579,57860401,57860417,57863255,2854,16,2838,45000,51549,51563,500,500,-6563
580,57960447,57960463,57962261,1814,16,1798,45000,51563,51576,500,500,-6576
581,58060492,58060508,58062368,1876,16,1860,45000,51576,51590,500,500,-6590
582,58160538,58160554,58172276,11738,16,11722,45000,51590,51604,500,500,-6604
583,58260584,58260600,58272312,11728,16,11712,45000,51604,51617,500,500,-6617
584,58360631,58360647,58372308,11677,16,11661,45000,51617,51631,500,500,-6631
585,58460677,58460693,58472308,11631,16,11615,45000,51631,51644,500,500,-6644
586,58560723,58560739,58572313,11590,16,11574,45000,51644,51658,500,500,-6658
587,58660769,58660785,58672317,11548,16,11532,45000,51658,51671,500,500,-6671
588,58760816,58760832,58772321,11505,16,11489,45000,51671,51684,500,500,-6684
589,58860863,58860879,58872294,11431,16,11415,45000,51684,51698,500,500,-6698
590,58960909,58960925,58972321,11412,16,11396,45000,51698,51711,500,500,-6711
591,59060970,59060986,59072296,11326,16,11310,45000,51711,51724,500,500,-6724
592,59161016,59161033,59172293,11277,17,11260,45000,51724,51737,500,500,-6737
593,59261063,59261079,59272312,11249,16,11233,45000,51737,51750,500,500,-6750
594,59361109,59361125,59372306,11197,16,11181,45000,51750,51763,500,500,-6763
595,59461156,59461172,59472301,11145,16,11129,45000,51763,51776,500,500,-6776
596,59561203,59561219,59572297,11094,16,11078,45000,51776,51789,500,500,-6789
597,59661252,59661268,59672297,11045,16,11029,45000,51789,51802,500,500,-6802
598,59761300,59761316,59772282,10982,16,10966,45000,51802,51815,500,500,-6815
599,59861348,59861364,59872310,10962,16,10946,45000,51815,51827,500,500,-6827
600,59961413,59961429,59975175,13762,16,13746,45000,51827,51840,500,500,-6840
601,60061463,60061479,60072253,10790,16,10774,65000,51840,51853,500,500,13147
602,60161511,60161527,60172297,10786,16,10770,65000,51853,51865,500,500,13135
603,60261560,60261576,60272293,10733,16,10717,65000,51865,51878,500,500,13122
604,60361608,60361624,60372312,10704,16,10688,65000,51878,51890,500,500,13110
605,60461656,60461672,60472304,10648,16,10632,65000,51890,51903,500,500,13097
606,60561703,60561719,60572290,10587,16,10571,65000,51903,51915,500,500,13085
607,60661751,60661767,60672308,10557,16,10541,65000,51915,51928,500,500,13072
608,60761799,60761815,60772297,10498,16,10482,65000,51928,51940,500,500,13060
609,60861846,60861862,60872301,10455,16,10439,65000,51940,51952,500,500,13048
610,60961895,60961911,60972296,10401,16,10385,65000,51952,51964,500,500,13036
611,61061942,61061958,61072308,10366,16,10350,65000,51964,51976,500,500,13024
612,61161991,61162007,61172297,10306,16,10290,65000,51976,51989,500,500,13011
613,61262038,61262054,61272290,10252,16,10236,65000,51989,52001,500,500,12999
614,61362086,61362102,61372302,10216,16,10200,65000,52001,52013,500,500,12987
615,61462134,61462150,61472306,10172,16,10156,65000,52013,52024,500,500,12976
616,61562181,61562197,61572292,10111,16,10095,65000,52024,52036,500,500,12964
617,61662229,61662245,61672307,10078,16,10062,65000,52036,52048,500,500,12952
618,61762276,61762292,61772301,10025,16,10009,65000,52048,52060,500,500,12940
619,61862323,61862339,61872293,9970,16,9954,65000,52060,52072,500,500,12928
620,61962371,61962387,61972289,9918,16,9902,65000,52072,52084,500,500,12916
621,62062419,62062435,62072305,9886,16,9870,65000,52084,52095,500,500,12905
622,62162467,62162483,62172296,9829,16,9813,65000,52095,52107,500,500,12893
623,62262514,62262530,62272291,9777,16,9761,65000,52107,52118,500,500,12882
624,62362578,62362594,62372312,9734,16,9718,65000,52118,52130,500,500,12870
625,62462637,62462653,62472319,9682,16,9666,65000,52130,52141,500,500,12859
626,62562685,62562701,62572323,9638,16,9622,65000,52141,52153,500,500,12847
627,62662731,62662747,62672303,9572,16,9556,65000,52153,52164,500,500,12836
628,62762777,62762793,62772296,9519,16,9503,65000,52164,52176,500,500,12824
629,62862823,62862839,62872301,9478,16,9462,65000,52176,52187,500,500,12813
630,62962870,62962886,62972299,9429,16,9413,65000,52187,52198,500,500,12802
631,63062916,63062932,63072310,9394,16,9378,65000,52198,52209,500,500,12791
632,63162963,63162980,63172298,9335,17,9318,65000,52209,52220,500,500,12780
633,63263009,63263025,63272305,9296,16,9280,65000,52220,52232,500,500,12768
634,63363057,63363073,63372292,9235,16,9219,65000,52232,52243,500,500,12757
635,63463103,63463119,63472298,9195,16,9179,65000,52243,52254,500,500,12746
636,63563149,63563165,63572304,9155,16,9139,65000,52254,52265,500,500,12735
637,63663195,63663211,63672292,9097,16,9081,65000,52265,52276,500,500,12724
638,63763241,63763257,63772309,9068,16,9052,65000,52276,52287,500,500,12713
639,63863289,63863305,63872298,9009,16,8993,65000,52287,52297,500,500,12703
640,63963335,63963351,63972292,8957,16,8941,65000,52297,52308,500,500,12692
641,64063382,64063398,64072284,8902,16,8886,65000,52308,52319,500,500,12681
642,64163428,64163444,64172301,8873,16,8857,65000,52319,52330,500,500,12670
643,64263475,64263491,64272303,8828,16,8812,65000,52330,52340,500,500,12660
644,64363521,64363538,64372289,8768,17,8751,65000,52340,52351,500,500,12649
645,64463568,64463584,64472302,8734,16,8718,65000,52351,52362,500,500,12638
646,64563615,64563632,64572297,8682,17,8665,65000,52362,52372,500,500,12628
647,64663662,64663678,64672291,8629,16,8613,65000,52372,52383,500,500,12617
648,64763708,64763724,64772298,8590,16,8574,65000,52383,52393,500,500,12607
649,64863754,64863771,64872306,8552,17,8535,65000,52393,52404,500,500,12596
650,64963801,64963817,64972295,8494,16,8478,65000,52404,52414,500,500,12586
651,65063847,65063864,65072290,8443,17,8426,65000,52414,52424,500,500,12576
652,65163893,65163910,65172333,8440,17,8423,65000,52424,52435,500,500,12565
653,65263961,65263977,65272319,8358,16,8342,65000,52435,52445,500,500,12555
654,65364007,65364023,65372311,8304,16,8288,65000,52445,52455,500,500,12545
655,65464054,65464070,65472305,8251,16,8235,65000,52455,52465,500,500,12535
656,65564100,65564116,65572293,8193,16,8177,65000,52465,52475,500,500,12525
657,65664146,65664162,65672289,8143,16,8127,65000,52475,52485,500,500,12515
658,65764192,65764208,65772310,8118,16,8102,65000,52485,52496,500,500,12504
659,65864239,65864255,65872302,8063,16,8047,65000,52496,52506,500,500,12494
660,65964285,65964301,65972294,8009,16,7993,65000,52506,52516,500,500,12484
661,66064331,66064347,66072287,7956,16,7940,65000,52516,52525,500,500,12475
662,66164378,66164394,66172304,7926,16,7910,65000,52525,52535,500,500,12465
663,66264425,66264441,66272298,7873,16,7857,65000,52535,52545,500,500,12455
664,66364470,66364487,66372293,7823,17,7806,65000,52545,52555,500,500,12445
665,66464517,66464533,66472300,7783,16,7767,65000,52555,52565,500,500,12435
666,66564563,66564579,66572295,7732,16,7716,65000,52565,52575,500,500,12425
667,66664609,66664626,66672292,7683,17,7666,65000,52575,52584,500,500,12416
668,66764656,66764672,66772288,7632,16,7616,65000,52584,52594,500,500,12406
669,66864702,66864718,66872309,7607,16,7591,65000,52594,52604,500,500,12396
670,66964749,66964766,66972297,7548,17,7531,65000,52604,52613,500,500,12387
671,67064795,67064811,67072292,7497,16,7481,65000,52613,52623,500,500,12377
672,67164841,67164858,67172308,7467,17,7450,65000,52623,52632,500,500,12368
673,67264889,67264905,67272298,7409,16,7393,65000,52632,52642,500,500,12358
674,67364934,67364951,67372292,7358,17,7341,65000,52642,52651,500,500,12349
675,67464981,67464997,67472289,7308,16,7292,65000,52651,52661,500,500,12339
676,67565028,67565043,67572300,7272,15,7257,65000,52661,52670,500,500,12330
677,67665075,67665091,67672296,7221,16,7205,65000,52670,52679,500,500,12321
678,67765121,67765137,67772301,7180,16,7164,65000,52679,52688,500,500,12312
679,67865167,67865183,67872305,7138,16,7122,65000,52688,52698,500,500,12302
680,67965214,67965230,67972325,7111,16,7095,65000,52698,52707,500,500,12293
681,68065261,68065277,68072328,7067,16,7051,65000,52707,52716,500,500,12284
682,68165307,68165323,68172302,6995,16,6979,65000,52716,52725,500,500,12275
683,68265354,68265370,68272294,6940,16,6924,65000,52725,52734,500,500,12266
684,68365400,68365416,68372292,6892,16,6876,65000,52734,52743,500,500,12257
685,68465446,68465462,68472310,6864,16,6848,65000,52743,52752,500,500,12248
686,68565493,68565509,68572299,6806,16,6790,65000,52752,52761,500,500,12239
687,68665539,68665555,68672293,6754,16,6738,65000,52761,52770,500,500,12230
688,68765586,68765602,68772300,6714,16,6698,65000,52770,52779,500,500,12221
689,68865633,68865649,68872307,6674,16,6658,65000,52779,52788,500,500,12212
690,68965680,68965696,68972308,6628,16,6612,65000,52788,52797,500,500,12203
691,69065727,69065743,69072297,6570,16,6554,65000,52797,52806,500,500,12194
692,69165773,69165789,69172291,6518,16,6502,65000,52806,52815,500,500,12185
693,69265820,69265836,69272299,6479,16,6463,65000,52815,52823,500,500,12177
694,69365867,69365883,69372296,6429,16,6413,65000,52823,52832,500,500,12168
695,69465913,69465929,69472306,6393,16,6377,65000,52832,52841,500,500,12159
696,69565960,69565976,69572291,6331,16,6315,65000,52841,52849,500,500,12151
697,69666007,69666023,69672299,6292,16,6276,65000,52849,52858,500,500,12142
698,69766055,69766071,69772304,6249,16,6233,65000,52858,52867,500,500,12133
699,69866101,69866117,69872290,6189,16,6173,65000,52867,52875,500,500,12125
700,69966148,69966164,69975142,8994,16,8978,65000,52875,52884,500,500,12116
701,70066198,70066214,70072249,6051,16,6035,65000,52884,52892,500,500,12108
702,70166245,70166261,70172293,6048,16,6032,65000,52892,52900,500,500,12100
703,70266295,70266310,70272298,6003,15,5988,65000,52900,52909,500,500,12091
704,70366340,70366356,70372307,5967,16,5951,65000,52909,52917,500,500,12083
705,70466388,70466404,70472296,5908,16,5892,65000,52917,52926,500,500,12074
706,70566435,70566450,70572301,5866,15,5851,65000,52926,52934,500,500,12066
707,70666483,70666499,70672329,5846,16,5830,65000,52934,52942,500,500,12058
708,70766530,70766546,70772325,5795,16,5779,65000,52942,52950,500,500,12050
709,70866576,70866592,70872326,5750,16,5734,65000,52950,52959,500,500,12041
710,70966624,70966640,70972299,5675,16,5659,65000,52959,52967,500,500,12033
711,71066670,71066686,71072294,5624,16,5608,65000,52967,52975,500,500,12025
712,71166716,71166732,71172290,5574,16,5558,65000,52975,52983,500,500,12017
713,71266763,71266779,71272309,5546,16,5530,65000,52983,52991,500,500,12009
714,71366810,71366826,71372296,5486,16,5470,65000,52991,52999,500,500,12001
715,71466857,71466873,71472294,5437,16,5421,65000,52999,53007,500,500,11993
716,71566903,71566919,71572307,5404,16,5388,65000,53007,53015,500,500,11985
717,71666952,71666968,71672300,5348,16,5332,65000,53015,53023,500,500,11977
718,71766998,71767013,71772304,5306,15,5291,65000,53023,53031,500,500,11969
719,71867045,71867061,71872292,5247,16,5231,65000,53031,53039,500,500,11961
720,71967091,71967107,71972315,5224,16,5208,65000,53039,53047,500,500,11953
721,72067139,72067156,72072302,5163,17,5146,65000,53047,53054,500,500,11946
722,72167186,72167202,72172297,5111,16,5095,65000,53054,53062,500,500,11938
723,72267232,72267248,72272306,5074,16,5058,65000,53062,53070,500,500,11930
724,72367279,72367295,72372293,5014,16,4998,65000,53070,53078,500,500,11922
725,72467326,72467342,72472299,4973,16,4957,65000,53078,53085,500,500,11915
726,72567373,72567389,72572294,4921,16,4905,65000,53085,53093,500,500,11907
727,72667419,72667435,72672289,4870,16,4854,65000,53093,53101,500,500,11899
728,72767466,72767482,72772300,4834,16,4818,65000,53101,53108,500,500,11892
729,72867513,72867529,72872303,4790,16,4774,65000,53108,53116,500,500,11884
730,72967560,72967576,72972291,4731,16,4715,65000,53116,53123,500,500,11877
731,73067606,73067622,73072310,4704,16,4688,65000,53123,53131,500,500,11869
732,73167654,73167670,73172297,4643,16,4627,65000,53131,53138,500,500,11862
733,73267700,73267717,73272290,4590,17,4573,65000,53138,53146,500,500,11854
734,73367747,73367763,73372310,4563,16,4547,65000,53146,53153,500,500,11847
735,73467795,73467810,73472323,4528,15,4513,65000,53153,53161,500,500,11839
736,73567841,73567857,73572334,4493,16,4477,65000,53161,53168,500,500,11832
737,73667889,73667905,73672305,4416,16,4400,65000,53168,53175,500,500,11825
738,73767935,73767951,73772295,4360,16,4344,65000,53175,53183,500,500,11817
739,73867981,73867997,73872290,4309,16,4293,65000,53183,53190,500,500,11810
740,73968029,73968045,73972299,4270,16,4254,65000,53190,53197,500,500,11803
741,74068075,74068091,74072306,4231,16,4215,65000,53197,53204,500,500,11796
742,74168122,74168138,74172293,4171,16,4155,65000,53204,53211,500,500,11789
743,74268169,74268185,74272289,4120,16,4104,65000,53211,53219,500,500,11781
744,74368215,74368231,74372308,4093,16,4077,65000,53219,53226,500,500,11774
745,74468263,74468279,74472298,4035,16,4019,65000,53226,53233,500,500,11767
746,74568309,74568325,74572301,3992,16,3976,65000,53233,53240,500,500,11760
747,74668357,74668373,74672296,3939,16,3923,65000,53240,53247,500,500,11753
748,74768403,74768419,74772299,3896,16,3880,65000,53247,53254,500,500,11746
749,74868449,74868465,74872304,3855,16,3839,65000,53254,53261,500,500,11739
750,74968496,74968512,74972291,3795,16,3779,65000,53261,53268,500,500,11732
751,75068542,75068559,75072315,3773,17,3756,65000,53268,53275,500,500,11725
752,75168604,75168619,75172308,3704,15,3689,65000,53275,53282,500,500,11718
753,75268650,75268666,75272309,3659,16,3643,65000,53282,53289,500,500,11711
754,75368696,75368712,75372299,3603,16,3587,65000,53289,53295,500,500,11705
755,75468742,75468758,75472305,3563,16,3547,65000,53295,53302,500,500,11698
756,75568788,75568804,75572312,3524,16,3508,65000,53302,53309,500,500,11691
757,75668834,75668850,75672303,3469,16,3453,65000,53309,53316,500,500,11684
758,75768880,75768896,75772312,3432,16,3416,65000,53316,53323,500,500,11677
759,75868926,75868942,75872299,3373,16,3357,65000,53323,53329,500,500,11671
760,75968972,75968988,75972294,3322,16,3306,65000,53329,53336,500,500,11664
761,76069018,76069035,76072299,3281,17,3264,65000,53336,53343,500,500,11657
762,76169065,76169081,76172314,3249,16,3233,65000,53343,53349,500,500,11651
763,76269111,76269127,76272291,3180,16,3164,65000,53349,53356,500,500,11644
764,76369157,76369173,76372298,3141,16,3125,65000,53356,53362,500,500,11638
765,76469204,76469220,76472293,3089,16,3073,65000,53362,53369,500,500,11631
766,76569250,76569266,76572291,3041,16,3025,65000,53369,53376,500,500,11624
767,76669296,76669312,76672299,3003,16,2987,65000,53376,53382,500,500,11618
768,76769342,76769358,76772296,2954,16,2938,65000,53382,53388,500,500,11612
769,76869389,76869405,76872306,2917,16,2901,65000,53388,53395,500,500,11605
770,76969435,76969451,76972294,2859,16,2843,65000,53395,53401,500,500,11599
771,77069481,77069497,77072299,2818,16,2802,65000,53401,53408,500,500,11592
772,77169527,77169543,77172473,2946,16,2930,65000,53408,53414,500,500,11586
773,77269573,77269589,77272556,2983,16,2967,65000,53414,53420,500,500,11580
774,77369619,77369635,77372621,3002,16,2986,65000,53420,53427,500,500,11573
775,77469664,77469680,77472698,3034,16,3018,65000,53427,53433,500,500,11567
776,77569710,77569726,77572744,3034,16,3018,65000,53433,53439,500,500,11561
777,77669776,77669792,77672825,3049,16,3033,65000,53439,53446,500,500,11554
778,77769821,77769837,77772897,3076,16,3060,65000,53446,53452,500,500,11548
779,77869866,77869883,77872963,3097,17,3080,65000,53452,53458,500,500,11542
780,77969926,77969942,77973040,3114,16,3098,65000,53458,53464,500,500,11536
781,78069971,78069987,78073089,3118,16,3102,65000,53464,53470,500,500,11530
782,78170037,78170054,78173195,3158,17,3141,65000,53470,53476,500,500,11524
783,78270100,78270116,78273237,3137,16,3121,65000,53476,53483,500,500,11517
784,78370164,78370180,78373246,3082,16,3066,65000,53483,53489,500,500,11511
785,78470210,78470226,78473237,3027,16,3011,65000,53489,53495,500,500,11505
786,78570268,78570283,78573233,2965,15,2950,65000,53495,53501,500,500,11499
787,78670312,78670328,78673234,2922,16,2906,65000,53501,53507,500,500,11493
788,78770358,78770374,78773246,2888,16,2872,65000,53507,53513,500,500,11487
789,78870403,78870419,78873240,2837,16,2821,65000,53513,53519,500,500,11481
790,78970448,78970464,78972245,1797,16,1781,65000,53519,53524,500,500,11476
791,79070493,79070509,79072351,1858,16,1842,65000,53524,53530,500,500,11470
792,79170539,79170555,79182280,11741,16,11725,65000,53530,53536,500,500,11464
793,79270607,79270623,79282306,11699,16,11683,65000,53536,53542,500,500,11458
794,79370654,79370670,79382310,11656,16,11640,65000,53542,53548,500,500,11452
795,79470700,79470715,79482312,11612,15,11597,65000,53548,53554,500,500,11446
796,79570746,79570762,79582315,11569,16,11553,65000,53554,53560,500,500,11440
797,79670793,79670809,79682314,11521,16,11505,65000,53560,53565,500,500,11435
798,79770839,79770855,79782318,11479,16,11463,65000,53565,53571,500,500,11429
799,79870884,79870900,79882304,11420,16,11404,65000,53571,53577,500,500,11423
800,79970931,79970947,79985141,14210,16,14194,65000,53577,53582,500,500,11418
801,80070981,80070997,80082243,11262,16,11246,65000,53582,53588,500,500,11412
802,80171028,80171043,80182317,11289,15,11274,65000,53588,53594,500,500,11406
803,80271073,80271089,80282299,11226,16,11210,65000,53594,53599,500,500,11401
804,80371120,80371136,80382295,11175,16,11159,65000,53599,53605,500,500,11395
805,80471167,80471183,80482302,11135,16,11119,65000,53605,53611,500,500,11389
806,80571215,80571232,80582299,11084,17,11067,65000,53611,53616,500,500,11384
807,80671263,80671279,80682293,11030,16,11014,65000,53616,53622,500,500,11378
808,80771310,80771326,80782294,10984,16,10968,65000,53622,53627,500,500,11373
809,80871358,80871374,80882314,10956,16,10940,65000,53627,53633,500,500,11367
810,80971406,80971422,80982320,10914,16,10898,65000,53633,53638,500,500,11362
811,81071454,81071470,81082313,10859,16,10843,65000,53638,53644,500,500,11356
812,81171501,81171517,81182301,10800,16,10784,65000,53644,53649,500,500,11351
813,81271549,81271565,81282306,10757,16,10741,65000,53649,53654,500,500,11346
814,81371596,81371612,81382294,10698,16,10682,65000,53654,53660,500,500,11340
815,81471643,81471659,81482299,10656,16,10640,65000,53660,53665,500,500,11335
816,81571691,81571707,81582308,10617,16,10601,65000,53665,53671,500,500,11329
817,81671738,81671754,81682295,10557,16,10541,65000,53671,53676,500,500,11324
818,81771785,81771801,81782292,10507,16,10491,65000,53676,53681,500,500,11319
819,81871833,81871849,81882286,10453,16,10437,65000,53681,53686,500,500,11314
820,81971881,81971897,81982300,10419,16,10403,65000,53686,53692,500,500,11308
821,82071929,82071945,82082304,10375,16,10359,65000,53692,53697,500,500,11303
822,82171976,82171992,82182292,10316,16,10300,65000,53697,53702,500,500,11298
823,82272024,82272040,82282295,10271,16,10255,65000,53702,53707,500,500,11293
824,82372071,82372087,82382303,10232,16,10216,65000,53707,53712,500,500,11288
825,82472119,82472135,82482291,10172,16,10156,65000,53712,53718,500,500,11282
826,82572167,82572183,82582290,10123,16,10107,65000,53718,53723,500,500,11277
827,82672215,82672231,82682299,10084,16,10068,65000,53723,53728,500,500,11272
828,82772262,82772278,82782303,10041,16,10025,65000,53728,53733,500,500,11267
829,82872310,82872326,82882291,9981,16,9965,65000,53733,53738,500,500,11262
830,82972358,82972373,82982309,9951,15,9936,65000,53738,53743,500,500,11257
831,83072406,83072422,83082298,9892,16,9876,65000,53743,53748,500,500,11252
832,83172453,83172469,83182303,9850,16,9834,65000,53748,53753,500,500,11247
833,83272501,83272517,83282297,9796,16,9780,65000,53753,53758,500,500,11242
834,83372548,83372585,83382298,9750,37,9713,65000,53758,53763,500,500,11237
835,83472608,83472624,83482303,9695,16,9679,65000,53763,53768,500,500,11232
836,83572655,83572671,83582290,9635,16,9619,65000,53768,53773,500,500,11227
837,83672701,83672717,83682327,9626,16,9610,65000,53773,53778,500,500,11222
838,83772769,83772785,83782321,9552,16,9536,65000,53778,53783,500,500,11217
839,83872815,83872831,83882314,9499,16,9483,65000,53783,53788,500,500,11212
840,83972861,83972877,83982304,9443,16,9427,65000,53788,53792,500,500,11208
841,84072908,84072924,84082293,9385,16,9369,65000,53792,53797,500,500,11203
842,84172954,84172970,84182292,9338,16,9322,65000,53797,53802,500,500,11198
843,84273001,84273017,84282310,9309,16,9293,65000,53802,53807,500,500,11193
844,84373048,84373064,84382297,9249,16,9233,65000,53807,53812,500,500,11188
845,84473094,84473110,84482289,9195,16,9179,65000,53812,53816,500,500,11184
846,84573141,84573156,84582298,9157,15,9142,65000,53816,53821,500,500,11179
847,84673187,84673204,84682308,9121,17,9104,65000,53821,53826,500,500,11174
848,84773233,84773249,84782297,9064,16,9048,65000,53826,53831,500,500,11169
849,84873280,84873296,84882293,9013,16,8997,65000,53831,53835,500,500,11165
850,84973326,84973342,84982302,8976,16,8960,65000,53835,53840,500,500,11160
851,85073373,85073389,85082297,8924,16,8908,65000,53840,53810,500,500,11190
852,85173420,85173436,85182295,8875,16,8859,65000,53810,53779,500,500,11221
853,85273466,85273482,85282304,8838,16,8822,65000,53779,53749,500,500,11251
854,85373532,85373548,85382299,8767,16,8751,65000,53749,53719,500,500,11281
855,85473577,85473593,85482293,8716,16,8700,65000,53719,53689,500,500,11311
856,85573624,85573640,85582303,8679,16,8663,65000,53689,53660,500,500,11340
857,85673671,85673687,85682297,8626,16,8610,65000,53660,53630,500,500,11370
858,85773717,85773733,85782309,8592,16,8576,65000,53630,53600,500,500,11400
859,85873764,85873781,85882295,8531,17,8514,65000,53600,53571,500,500,11429
860,85973810,85973827,85982289,8479,17,8462,65000,53571,53542,500,500,11458
861,86073857,86073873,86082300,8443,16,8427,65000,53542,53513,500,500,11487
862,86173903,86173920,86182307,8404,17,8387,65000,53513,53483,500,500,11517
863,86273951,86273967,86282293,8342,16,8326,65000,53483,53455,500,500,11545
864,86373997,86374013,86382311,8314,16,8298,65000,53455,53426,500,500,11574
865,86474044,86474060,86482331,8287,16,8271,65000,53426,53397,500,500,11603
866,86574090,86574106,86582321,8231,16,8215,65000,53397,53368,500,500,11632
867,86674137,86674153,86682309,8172,16,8156,65000,53368,53340,500,500,11660
868,86774184,86774200,86782297,8113,16,8097,65000,53340,53312,500,500,11688
869,86874230,86874246,86882301,8071,16,8055,65000,53312,53283,500,500,11717
870,86974278,86974294,86982295,8017,16,8001,65000,53283,53255,500,500,11745
871,87074324,87074340,87082298,7974,16,7958,65000,53255,53227,500,500,11773
872,87174371,87174387,87182293,7922,16,7906,65000,53227,53199,500,500,11801
873,87274416,87274432,87282289,7873,16,7857,65000,53199,53171,500,500,11829
874,87374463,87374479,87382310,7847,16,7831,65000,53171,53144,500,500,11856
875,87474510,87474527,87482298,7788,17,7771,65000,53144,53116,500,500,11884
876,87574557,87574573,87582291,7734,16,7718,65000,53116,53089,500,500,11911
877,87674603,87674619,87682301,7698,16,7682,65000,53089,53061,500,500,11939
878,87774649,87774666,87782311,7662,17,7645,65000,53061,53034,500,500,11966
879,87874696,87874712,87882299,7603,16,7587,65000,53034,53007,500,500,11993
880,87974742,87974758,87982308,7566,16,7550,65000,53007,52980,500,500,12020
881,88074790,88074806,88082295,7505,16,7489,65000,52980,52953,500,500,12047
882,88174836,88174852,88182296,7460,16,7444,65000,52953,52926,500,500,12074
883,88274882,88274898,88282293,7411,16,7395,65000,52926,52900,500,500,12100
884,88374929,88374945,88382302,7373,16,7357,65000,52900,52873,500,500,12127
885,88474976,88474992,88482298,7322,16,7306,65000,52873,52846,500,500,12154
886,88575023,88575039,88582306,7283,16,7267,65000,52846,52820,500,500,12180
887,88675071,88675087,88682293,7222,16,7206,65000,52820,52794,500,500,12206
888,88775117,88775133,88782299,7182,16,7166,65000,52794,52768,500,500,12232
889,88875164,88875180,88882305,7141,16,7125,65000,52768,52742,500,500,12258
890,88975210,88975226,88982294,7084,16,7068,65000,52742,52716,500,500,12284
891,89075257,89075273,89082288,7031,16,7015,65000,52716,52690,500,500,12310
892,89175304,89175320,89182331,7027,16,7011,65000,52690,52664,500,500,12336
893,89275372,89275388,89282335,6963,16,6947,65000,52664,52638,500,500,12362
894,89375419,89375435,89382319,6900,16,6884,65000,52638,52613,500,500,12387
895,89475465,89475482,89482299,6834,17,6817,65000,52613,52587,500,500,12413
896,89575512,89575529,89582292,6780,17,6763,65000,52587,52562,500,500,12438
897,89675559,89675575,89682288,6729,16,6713,65000,52562,52537,500,500,12463
898,89775605,89775621,89782301,6696,16,6680,65000,52537,52512,500,500,12488
899,89875653,89875669,89882307,6654,16,6638,65000,52512,52487,500,500,12513
900,89975700,89975716,89985135,9435,16,9419,65000,52487,52462,500,500,12538
901,90075749,90075765,90082245,6496,16,6480,65000,52462,52437,500,500,12563
902,90175796,90175812,90182318,6522,16,6506,65000,52437,52412,500,500,12588
903,90275843,90275860,90282304,6461,17,6444,65000,52412,52387,500,500,12613
904,90375891,90375907,90382290,6399,16,6383,65000,52387,52363,500,500,12637
905,90475937,90475954,90482302,6365,17,6348,65000,52363,52338,500,500,12662
906,90575985,90576001,90582307,6322,16,6306,65000,52338,52314,500,500,12686
907,90676031,90676047,90682293,6262,16,6246,65000,52314,52290,500,500,12710
908,90776078,90776094,90782300,6222,16,6206,65000,52290,52266,500,500,12734
909,90876125,90876141,90882313,6188,16,6172,65000,52266,52241,500,500,12759
910,90976174,90976190,90982301,6127,16,6111,65000,52241,52218,500,500,12782
911,91076220,91076237,91082295,6075,17,6058,65000,52218,52194,500,500,12806
912,91176267,91176283,91182295,6028,16,6012,65000,52194,52170,500,500,12830
913,91276314,91276330,91282303,5989,16,5973,65000,52170,52146,500,500,12854
914,91376361,91376377,91382310,5949,16,5933,65000,52146,52123,500,500,12877
915,91476408,91476424,91482311,5903,16,5887,65000,52123,52099,500,500,12901
916,91576455,91576471,91582301,5846,16,5830,65000,52099,52076,500,500,12924
917,91676501,91676517,91682294,5793,16,5777,65000,52076,52052,500,500,12948
918,91776548,91776563,91782292,5744,15,5729,65000,52052,52029,500,500,12971
919,91876594,91876610,91882311,5717,16,5701,65000,52029,52006,500,500,12994
920,91976642,91976658,91982302,5660,16,5644,65000,52006,51983,500,500,13017
921,92076688,92076704,92082290,5602,16,5586,65000,51983,51960,500,500,13040
922,92176735,92176751,92182309,5574,16,5558,65000,51960,51937,500,500,13063
923,92276782,92276798,92282299,5517,16,5501,65000,51937,51915,500,500,13085
924,92376828,92376844,92382304,5476,16,5460,65000,51915,51892,500,500,13108
925,92476876,92476892,92482299,5423,16,5407,65000,51892,51869,500,500,13131
926,92576922,92576938,92582296,5374,16,5358,65000,51869,51847,500,500,13153
927,92676968,92676984,92682291,5323,16,5307,65000,51847,51824,500,500,13176
928,92777015,92777031,92782289,5274,16,5258,65000,51824,51802,500,500,13198
929,92877062,92877078,92882309,5247,16,5231,65000,51802,51780,500,500,13220
930,92977110,92977126,92982298,5188,16,5172,65000,51780,51758,500,500,13242
931,93077156,93077173,93082301,5145,17,5128,65000,51758,51736,500,500,13264
932,93177203,93177219,93182296,5093,16,5077,65000,51736,51714,500,500,13286
933,93277250,93277266,93282296,5046,16,5030,65000,51714,51692,500,500,13308
934,93377296,93377312,93382292,4996,16,4980,65000,51692,51670,500,500,13330
935,93477342,93477358,93482288,4946,16,4930,65000,51670,51649,500,500,13351
936,93577389,93577405,93582309,4920,16,4904,65000,51649,51627,500,500,13373
937,93677436,93677452,93682297,4861,16,4845,65000,51627,51605,500,500,13395
938,93777483,93777499,93782302,4819,16,4803,65000,51605,51584,500,500,13416
939,93877529,93877545,93882306,4777,16,4761,65000,51584,51563,500,500,13437
940,93977576,93977592,93982319,4743,16,4727,65000,51563,51541,500,500,13459
941,94077622,94077638,94082316,4694,16,4678,65000,51541,51520,500,500,13480
942,94177669,94177685,94182306,4637,16,4621,65000,51520,51499,500,500,13501
943,94277716,94277732,94282294,4578,16,4562,65000,51499,51478,500,500,13522
944,94377762,94377778,94382295,4533,16,4517,65000,51478,51457,500,500,13543
945,94477808,94477824,94482309,4501,16,4485,65000,51457,51436,500,500,13564
946,94577856,94577872,94582303,4447,16,4431,65000,51436,51416,500,500,13584
947,94677902,94677918,94682307,4405,16,4389,65000,51416,51395,500,500,13605
948,94777949,94777965,94782295,4346,16,4330,65000,51395,51374,500,500,13626
949,94877995,94878011,94882281,4286,16,4270,65000,51374,51354,500,500,13646
950,94978043,94978059,94982300,4257,16,4241,65000,51354,51334,500,500,13666
951,95078090,95078106,95082294,4204,16,4188,65000,51334,51348,500,500,13652
952,95178136,95178152,95182299,4163,16,4147,65000,51348,51363,500,500,13637
953,95278184,95278200,95282301,4117,16,4101,65000,51363,51377,500,500,13623
954,95378230,95378246,95382306,4076,16,4060,65000,51377,51392,500,500,13608
955,95478278,95478294,95482295,4017,16,4001,65000,51392,51406,500,500,13594
956,95578324,95578340,95582295,3971,16,3955,65000,51406,51421,500,500,13579
957,95678371,95678387,95682300,3929,16,3913,65000,51421,51435,500,500,13565
958,95778418,95778434,95782304,3886,16,3870,65000,51435,51449,500,500,13551
959,95878464,95878480,95882292,3828,16,3812,65000,51449,51463,500,500,13537
960,95978511,95978527,95982300,3789,16,3773,65000,51463,51478,500,500,13522
961,96078558,96078592,96082295,3737,34,3703,65000,51478,51492,500,500,13508
962,96178605,96178621,96182289,3684,16,3668,65000,51492,51506,500,500,13494
963,96278652,96278668,96282296,3644,16,3628,65000,51506,51520,500,500,13480
964,96378698,96378714,96382305,3607,16,3591,65000,51520,51534,500,500,13466
965,96478744,96478760,96482294,3550,16,3534,65000,51534,51547,500,500,13453
966,96578791,96578806,96582289,3498,15,3483,65000,51547,51561,500,500,13439
967,96678838,96678854,96682332,3494,16,3478,65000,51561,51575,500,500,13425
968,96778884,96778900,96782319,3435,16,3419,65000,51575,51589,500,500,13411
969,96878929,96878945,96882312,3383,16,3367,65000,51589,51602,500,500,13398
970,96978975,96978991,96982306,3331,16,3315,65000,51602,51616,500,500,13384
971,97079021,97079038,97082293,3272,17,3255,65000,51616,51630,500,500,13370
972,97179068,97179084,97182288,3220,16,3204,65000,51630,51643,500,500,13357
973,97279113,97279130,97282311,3198,17,3181,65000,51643,51656,500,500,13344
974,97379160,97379176,97382300,3140,16,3124,65000,51656,51670,500,500,13330
975,97479206,97479222,97482303,3097,16,3081,65000,51670,51683,500,500,13317
976,97579252,97579269,97582291,3039,17,3022,65000,51683,51696,500,500,13304
977,97679299,97679315,97682302,3003,16,2987,65000,51696,51710,500,500,13290
978,97779345,97779361,97782297,2952,16,2936,65000,51710,51723,500,500,13277
979,97879391,97879406,97882295,2904,15,2889,65000,51723,51736,500,500,13264
980,97979437,97979453,97982301,2864,16,2848,65000,51736,51749,500,500,13251
981,98079484,98079500,98082301,2817,16,2801,65000,51749,51762,500,500,13238
982,98179530,98179546,98182472,2942,16,2926,65000,51762,51775,500,500,13225
983,98279575,98279591,98282553,2978,16,2962,65000,51775,51788,500,500,13212
984,98379621,98379637,98382626,3005,16,2989,65000,51788,51801,500,500,13199
985,98479666,98479682,98482692,3026,16,3010,65000,51801,51813,500,500,13187
986,98579712,98579728,98582754,3042,16,3026,65000,51813,51826,500,500,13174
987,98679758,98679774,98682831,3073,16,3057,65000,51826,51839,500,500,13161
988,98779804,98779820,98782878,3074,16,3058,65000,51839,51852,500,500,13148
989,98879869,98879885,98882959,3090,16,3074,65000,51852,51864,500,500,13136
990,98979925,98979941,98983021,3096,16,3080,65000,51864,51877,500,500,13123
991,99079990,99080006,99083086,3096,16,3080,65000,51877,51889,500,500,13111
992,99180055,99180071,99183162,3107,16,3091,65000,51889,51902,500,500,13098
993,99280102,99280118,99283221,3119,16,3103,65000,51902,51914,500,500,13086
994,99380149,99380165,99383250,3101,16,3085,65000,51914,51926,500,500,13074
995,99480195,99480211,99483255,3060,16,3044,65000,51926,51939,500,500,13061
996,99580240,99580271,99583250,3010,31,2979,65000,51939,51951,500,500,13049
997,99680290,99680306,99683238,2948,16,2932,65000,51951,51963,500,500,13037
998,99780335,99780351,99783240,2905,16,2889,65000,51963,51975,500,500,13025
999,99880380,99880396,99883233,2853,16,2837,65000,51975,51987,500,500,13013
1000,99980424,99980441,99985178,4754,17,4737,65000,51987,51999,500,500,13001
1001,100080473,100080490,100083204,2731,17,2714,65000,51999,52011,500,500,12989
1002,100180518,100180534,100192288,11770,16,11754,65000,52011,52023,500,500,12977
1003,100280564,100280580,100292316,11752,16,11736,65000,52023,52035,500,500,12965
1004,100380627,100380644,100392316,11689,17,11672,65000,52035,52047,500,500,12953
1005,100480674,100480690,100492313,11639,16,11623,65000,52047,52059,500,500,12941
1006,100580719,100580735,100592313,11594,16,11578,65000,52059,52071,500,500,12929
1007,100680765,100680781,100692317,11552,16,11536,65000,52071,52082,500,500,12918
1008,100780812,100780827,100792317,11505,15,11490,65000,52082,52094,500,500,12906
1009,100880858,100880874,100892305,11447,16,11431,65000,52094,52106,500,500,12894
1010,100980904,100980920,100992311,11407,16,11391,65000,52106,52117,500,500,12883
1011,101080951,101080967,101092288,11337,16,11321,65000,52117,52129,500,500,12871
1012,101181014,101181029,101192299,11285,15,11270,65000,52129,52140,500,500,12860
1013,101281060,101281076,101292303,11243,16,11227,65000,52140,52152,500,500,12848
1014,101381106,101381123,101392289,11183,17,11166,65000,52152,52163,500,500,12837
1015,101481153,101481170,101492300,11147,17,11130,65000,52163,52174,500,500,12826
1016,101581220,101581236,101592295,11075,16,11059,65000,52174,52186,500,500,12814
1017,101681268,101681284,101692290,11022,16,11006,65000,52186,52197,500,500,12803
1018,101781317,101781333,101792308,10991,16,10975,65000,52197,52208,500,500,12792
1019,101881365,101881381,101892298,10933,16,10917,65000,52208,52219,500,500,12781
1020,101981413,101981429,101992293,10880,16,10864,65000,52219,52231,500,500,12769
1021,102081461,102081477,102092289,10828,16,10812,65000,52231,52242,500,500,12758
1022,102181509,102181525,102192337,10828,16,10812,65000,52242,52253,500,500,12747
1023,102281558,102281574,102292323,10765,16,10749,65000,52253,52264,500,500,12736
1024,102381606,102381622,102392315,10709,16,10693,65000,52264,52275,500,500,12725
1025,102481654,102481670,102492307,10653,16,10637,65000,52275,52285,500,500,12715
1026,102581701,102581717,102592293,10592,16,10576,65000,52285,52296,500,500,12704
1027,102681749,102681765,102692290,10541,16,10525,65000,52296,52307,500,500,12693
1028,102781796,102781813,102792310,10514,17,10497,65000,52307,52318,500,500,12682
1029,102881844,102881860,102892298,10454,16,10438,65000,52318,52329,500,500,12671
1030,102981890,102981907,102992302,10412,17,10395,65000,52329,52339,500,500,12661
1031,103081939,103081955,103092296,10357,16,10341,65000,52339,52350,500,500,12650
1032,103181987,103182003,103192299,10312,16,10296,65000,52350,52361,500,500,12639
1033,103282034,103282050,103292294,10260,16,10244,65000,52361,52371,500,500,12629
1034,103382082,103382098,103392300,10218,16,10202,65000,52371,52382,500,500,12618
1035,103482129,103482145,103492306,10177,16,10161,65000,52382,52392,500,500,12608
1036,103582177,103582193,103592299,10122,16,10106,65000,52392,52403,500,500,12597
1037,103682225,103682241,103692296,10071,16,10055,65000,52403,52413,500,500,12587
1038,103782272,103782288,103792292,10020,16,10004,65000,52413,52423,500,500,12577
1039,103882321,103882337,103892301,9980,16,9964,65000,52423,52434,500,500,12566
1040,103982368,103982384,103992297,9929,16,9913,65000,52434,52444,500,500,12556
1041,104082416,104082432,104092292,9876,16,9860,65000,52444,52454,500,500,12546
1042,104182463,104182479,104192288,9825,16,9809,65000,52454,52464,500,500,12536
1043,104282511,104282528,104292307,9796,17,9779,65000,52464,52474,500,500,12526
1044,104382559,104382575,104392295,9736,16,9720,65000,52474,52485,500,500,12515
1045,104482605,104482622,104492301,9696,17,9679,65000,52485,52495,500,500,12505
1046,104582653,104582669,104592297,9644,16,9628,65000,52495,52505,500,500,12495
1047,104682699,104682715,104692294,9595,16,9579,65000,52505,52515,500,500,12485
1048,104782745,104782761,104792291,9546,16,9530,65000,52515,52525,500,500,12475
1049,104882792,104882807,104892294,9502,15,9487,65000,52525,52534,500,500,12466
1050,104982838,104982854,104992329,9491,16,9475,65000,52534,52544,500,500,12456
1051,105082885,105082901,105092331,9446,16,9430,65000,52544,52554,500,500,12446
1052,105182932,105182948,105192302,9370,16,9354,65000,52554,52564,500,500,12436
1053,105282977,105282993,105292294,9317,16,9301,65000,52564,52574,500,500,12426
1054,105383024,105383040,105392291,9267,16,9251,65000,52574,52583,500,500,12417
1055,105483070,105483086,105492298,9228,16,9212,65000,52583,52593,500,500,12407
1056,105583117,105583133,105592295,9178,16,9162,65000,52593,52603,500,500,12397
1057,105683164,105683180,105692292,9128,16,9112,65000,52603,52612,500,500,12388
1058,105783211,105783227,105792301,9090,16,9074,65000,52612,52622,500,500,12378
1059,105883257,105883273,105892299,9042,16,9026,65000,52622,52631,500,500,12369
1060,105983304,105983320,105992294,8990,16,8974,65000,52631,52641,500,500,12359
1061,106083350,106083366,106092300,8950,16,8934,65000,52641,52650,500,500,12350
1062,106183397,106183413,106192296,8899,16,8883,65000,52650,52660,500,500,12340
1063,106283444,106283460,106292306,8862,16,8846,65000,52660,52669,500,500,12331
1064,106383491,106383507,106392296,8805,16,8789,65000,52669,52678,500,500,12322
1065,106483537,106483553,106492300,8763,16,8747,65000,52678,52688,500,500,12312
1066,106583584,106583600,106592307,8723,16,8707,65000,52688,52697,500,500,12303
1067,106683630,106683647,106692311,8681,17,8664,65000,52697,52706,500,500,12294
1068,106783677,106783693,106792300,8623,16,8607,65000,52706,52715,500,500,12285
1069,106883723,106883739,106892308,8585,16,8569,65000,52715,52724,500,500,12276
1070,106983770,106983787,106992293,8523,17,8506,65000,52724,52733,500,500,12267
1071,107083816,107083832,107092311,8495,16,8479,65000,52733,52743,500,500,12257
1072,107183863,107183879,107192307,8444,16,8428,65000,52743,52752,500,500,12248
1073,107283909,107283926,107292307,8398,17,8381,65000,52752,52761,500,500,12239
1074,107383955,107383971,107392299,8344,16,8328,65000,52761,52770,500,500,12230
1075,107484001,107484017,107492304,8303,16,8287,65000,52770,52778,500,500,12222
1076,107584047,107584064,107592292,8245,17,8228,65000,52778,52787,500,500,12213
1077,107684093,107684109,107692316,8223,16,8207,65000,52787,52796,500,500,12204
1078,107784140,107784156,107792295,8155,16,8139,65000,52796,52805,500,500,12195
1079,107884186,107884202,107892308,8122,16,8106,65000,52805,52814,500,500,12186
1080,107984233,107984249,107992297,8064,16,8048,65000,52814,52823,500,500,12177
1081,108084280,108084296,108092294,8014,16,7998,65000,52823,52831,500,500,12169
1082,108184326,108184342,108192302,7976,16,7960,65000,52831,52840,500,500,12160
1083,108284373,108284389,108292299,7926,16,7910,65000,52840,52849,500,500,12151
1084,108384419,108384435,108392293,7874,16,7858,65000,52849,52857,500,500,12143
1085,108484465,108484481,108492290,7825,16,7809,65000,52857,52866,500,500,12134
1086,108584512,108584527,108592299,7787,15,7772,65000,52866,52874,500,500,12126
1087,108684559,108684575,108692306,7747,16,7731,65000,52874,52883,500,500,12117
1088,108784605,108784621,108792293,7688,16,7672,65000,52883,52891,500,500,12109
1089,108884651,108884667,108892301,7650,16,7634,65000,52891,52900,500,500,12100
1090,108984698,108984714,108992297,7599,16,7583,65000,52900,52908,500,500,12092
1091,109084744,109084760,109092294,7550,16,7534,65000,52908,52916,500,500,12084
1092,109184791,109184807,109192290,7499,16,7483,65000,52916,52925,500,500,12075
1093,109284837,109284853,109292308,7471,16,7455,65000,52925,52933,500,500,12067
1094,109384885,109384901,109392300,7415,16,7399,65000,52933,52941,500,500,12059
1095,109484931,109484947,109492303,7372,16,7356,65000,52941,52950,500,500,12050
1096,109584978,109584994,109592295,7317,16,7301,65000,52950,52958,500,500,12042
1097,109685024,109685041,109692330,7306,17,7289,65000,52958,52966,500,500,12034
1098,109785090,109785106,109792316,7226,16,7210,65000,52966,52974,500,500,12026
1099,109885136,109885152,109892312,7176,16,7160,65000,52974,52982,500,500,12018
1100,109985183,109985199,109995181,9998,16,9982,65000,52982,52990,500,500,12010
1101,110085232,110085248,110092247,7015,16,6999,65000,52990,52998,500,500,12002
1102,110185280,110185296,110192292,7012,16,6996,65000,52998,53006,500,500,11994
1103,110285329,110285345,110292299,6970,16,6954,65000,53006,53014,500,500,11986
1104,110385375,110385391,110392300,6925,16,6909,65000,53014,53022,500,500,11978
1105,110485422,110485438,110492305,6883,16,6867,65000,53022,53030,500,500,11970
1106,110585469,110585485,110592293,6824,16,6808,65000,53030,53038,500,500,11962
1107,110685515,110685531,110692309,6794,16,6778,65000,53038,53046,500,500,11954
1108,110785563,110785579,110792298,6735,16,6719,65000,53046,53054,500,500,11946
1109,110885609,110885625,110892292,6683,16,6667,65000,53054,53061,500,500,11939
1110,110985655,110985671,110992282,6627,16,6611,65000,53061,53069,500,500,11931
1111,111085702,111085718,111092300,6598,16,6582,65000,53069,53077,500,500,11923
1112,111185750,111185766,111192302,6552,16,6536,65000,53077,53085,500,500,11915
1113,111285795,111285811,111292290,6495,16,6479,65000,53085,53092,500,500,11908
1114,111385842,111385858,111392309,6467,16,6451,65000,53092,53100,500,500,11900
1115,111485889,111485906,111492297,6408,17,6391,65000,53100,53108,500,500,11892
1116,111585936,111585952,111592292,6356,16,6340,65000,53108,53115,500,500,11885
1117,111685983,111685999,111692307,6324,16,6308,65000,53115,53123,500,500,11877
1118,111786030,111786046,111792301,6271,16,6255,65000,53123,53130,500,500,11870
1119,111886076,111886092,111892293,6217,16,6201,65000,53130,53138,500,500,11862
1120,111986122,111986138,111992300,6178,16,6162,65000,53138,53145,500,500,11855
1121,112086170,112086186,112092303,6133,16,6117,65000,53145,53152,500,500,11848
1122,112186216,112186232,112192304,6088,16,6072,65000,53152,53160,500,500,11840
1123,112286262,112286279,112292294,6032,17,6015,65000,53160,53167,500,500,11833
1124,112386309,112386325,112392307,5998,16,5982,65000,53167,53175,500,500,11825
1125,112486356,112486372,112492324,5968,16,5952,65000,53175,53182,500,500,11818
1126,112586403,112586419,112592316,5913,16,5897,65000,53182,53189,500,500,11811
1127,112686450,112686466,112692309,5859,16,5843,65000,53189,53196,500,500,11804
1128,112786496,112786513,112792297,5801,17,5784,65000,53196,53204,500,500,11796
1129,112886543,112886559,112892291,5748,16,5732,65000,53204,53211,500,500,11789
1130,112986590,112986606,112992296,5706,16,5690,65000,53211,53218,500,500,11782
1131,113086637,113086653,113092302,5665,16,5649,65000,53218,53225,500,500,11775
1132,113186683,113186699,113192307,5624,16,5608,65000,53225,53232,500,500,11768
1133,113286730,113286746,113292294,5564,16,5548,65000,53232,53239,500,500,11761
1134,113386776,113386792,113392300,5524,16,5508,65000,53239,53246,500,500,11754
1135,113486823,113486839,113492298,5475,16,5459,65000,53246,53253,500,500,11747
1136,113586869,113586885,113592296,5427,16,5411,65000,53253,53260,500,500,11740
1137,113686915,113686932,113692301,5386,17,5369,65000,53260,53267,500,500,11733
1138,113786981,113786997,113792296,5315,16,5299,65000,53267,53274,500,500,11726
1139,113887028,113887044,113892295,5267,16,5251,65000,53274,53281,500,500,11719
1140,113987075,113987090,113992303,5228,15,5213,65000,53281,53288,500,500,11712
1141,114087121,114087137,114092296,5175,16,5159,65000,53288,53295,500,500,11705
1142,114187168,114187183,114192296,5128,15,5113,65000,53295,53302,500,500,11698
1143,114287214,114287230,114292293,5079,16,5063,65000,53302,53308,500,500,11692
1144,114387261,114387277,114392302,5041,16,5025,65000,53308,53315,500,500,11685
1145,114487308,114487324,114492298,4990,16,4974,65000,53315,53322,500,500,11678
1146,114587355,114587371,114592293,4938,16,4922,65000,53322,53329,500,500,11671
1147,114687402,114687418,114692290,4888,16,4872,65000,53329,53335,500,500,11665
1148,114787448,114787464,114792294,4846,16,4830,65000,53335,53342,500,500,11658
1149,114887495,114887511,114892293,4798,16,4782,65000,53342,53349,500,500,11651
1150,114987541,114987557,114992295,4754,16,4738,65000,53349,53355,500,500,11645
1151,115087588,115087604,115092298,4710,16,4694,65000,53355,53362,500,500,11638
1152,115187635,115187651,115192329,4694,16,4678,65000,53362,53368,500,500,11632
1153,115287699,115287715,115292330,4631,16,4615,65000,53368,53375,500,500,11625
1154,115387745,115387761,115392315,4570,16,4554,65000,53375,53381,500,500,11619
1155,115487792,115487808,115492299,4507,16,4491,65000,53381,53388,500,500,11612
1156,115587838,115587854,115592291,4453,16,4437,65000,53388,53394,500,500,11606
1157,115687885,115687901,115692290,4405,16,4389,65000,53394,53401,500,500,11599
1158,115787932,115787948,115792310,4378,16,4362,65000,53401,53407,500,500,11593
1159,115887979,115887995,115892297,4318,16,4302,65000,53407,53413,500,500,11587
1160,115988025,115988041,115992290,4265,16,4249,65000,53413,53420,500,500,11580
1161,116088072,116088088,116092283,4211,16,4195,65000,53420,53426,500,500,11574
1162,116188118,116188134,116192302,4184,16,4168,65000,53426,53432,500,500,11568
1163,116288166,116288182,116292308,4142,16,4126,65000,53432,53439,500,500,11561
1164,116388212,116388228,116392294,4082,16,4066,65000,53439,53445,500,500,11555
1165,116488258,116488274,116492289,4031,16,4015,65000,53445,53451,500,500,11549
1166,116588304,116588320,116592300,3996,16,3980,65000,53451,53457,500,500,11543
1167,116688351,116688367,116692305,3954,16,3938,65000,53457,53464,500,500,11536
1168,116788397,116788413,116792293,3896,16,3880,65000,53464,53470,500,500,11530
1169,116888444,116888459,116892308,3864,15,3849,65000,53470,53476,500,500,11524
1170,116988492,116988508,116992297,3805,16,3789,65000,53476,53482,500,500,11518
1171,117088538,117088554,117092291,3753,16,3737,65000,53482,53488,500,500,11512
1172,117188598,117188614,117192299,3701,16,3685,65000,53488,53494,500,500,11506
1173,117288644,117288660,117292306,3662,16,3646,65000,53494,53500,500,500,11500
1174,117388690,117388706,117392293,3603,16,3587,65000,53500,53506,500,500,11494
1175,117488736,117488752,117492290,3554,16,3538,65000,53506,53512,500,500,11488
1176,117588782,117588798,117592310,3528,16,3512,65000,53512,53518,500,500,11482
1177,117688828,117688844,117692299,3471,16,3455,65000,53518,53524,500,500,11476
1178,117788874,117788890,117792303,3429,16,3413,65000,53524,53530,500,500,11470
1179,117888921,117888937,117892307,3386,16,3370,65000,53530,53536,500,500,11464
1180,117988966,117988983,117992324,3358,17,3341,65000,53536,53542,500,500,11458
1181,118089013,118089029,118092321,3308,16,3292,65000,53542,53547,500,500,11453
1182,118189059,118189075,118192307,3248,16,3232,65000,53547,53553,500,500,11447
1183,118289106,118289122,118292295,3189,16,3173,65000,53553,53559,500,500,11441
1184,118389152,118389168,118392290,3138,16,3122,65000,53559,53565,500,500,11435
1185,118489198,118489214,118492308,3110,16,3094,65000,53565,53570,500,500,11430
1186,118589244,118589260,118592300,3056,16,3040,65000,53570,53576,500,500,11424
1187,118689291,118689307,118692292,3001,16,2985,65000,53576,53582,500,500,11418
1188,118789337,118789353,118792285,2948,16,2932,65000,53582,53588,500,500,11412
1189,118889383,118889399,118892301,2918,16,2902,65000,53588,53593,500,500,11407
1190,118989430,118989446,118992295,2865,16,2849,65000,53593,53599,500,500,11401
1191,119089475,119089491,119092303,2828,16,2812,65000,53599,53604,500,500,11396
1192,119189522,119189538,119192480,2958,16,2942,65000,53604,53610,500,500,11390
1193,119289567,119289583,119292563,2996,16,2980,65000,53610,53616,500,500,11384
1194,119389613,119389629,119392627,3014,16,2998,65000,53616,53621,500,500,11379
1195,119489658,119489674,119492677,3019,16,3003,65000,53621,53627,500,500,11373
1196,119589704,119589720,119592757,3053,16,3037,65000,53627,53632,500,500,11368
1197,119689749,119689765,119692835,3086,16,3070,65000,53632,53638,500,500,11362
1198,119789794,119789811,119792882,3088,17,3071,65000,53638,53643,500,500,11357
1199,119889860,119889876,119892962,3102,16,3086,65000,53643,53648,500,500,11352
1200,119989917,119989934,119995179,5262,17,5245,65000,53648,53654,500,500,11346
1201,120089966,120089983,120093200,3234,17,3217,50000,53654,53659,500,500,-3659
1202,120190012,120190028,120193235,3223,16,3207,50000,53659,53665,500,500,-3665
1203,120290059,120290075,120293239,3180,16,3164,50000,53665,53670,500,500,-3670
1204,120390105,120390121,120393235,3130,16,3114,50000,53670,53675,500,500,-3675
1205,120490151,120490167,120493233,3082,16,3066,50000,53675,53681,500,500,-3681
1206,120590196,120590212,120593235,3039,16,3023,50000,53681,53686,500,500,-3686
1207,120690241,120690273,120693258,3017,32,2985,50000,53686,53691,500,500,-3691
1208,120790290,120790306,120793254,2964,16,2948,50000,53691,53696,500,500,-3696
1209,120890336,120890351,120893255,2919,15,2904,50000,53696,53702,500,500,-3702
1210,120990380,120990396,120993240,2860,16,2844,50000,53702,53707,500,500,-3707
1211,121090425,121090441,121092218,1793,16,1777,50000,53707,53712,500,500,-3712
1212,121190471,121190487,121192325,1854,16,1838,50000,53712,53717,500,500,-3717
1213,121290517,121290533,121302227,11710,16,11694,50000,53717,53722,500,500,-3722
1214,121390563,121390579,121402323,11760,16,11744,50000,53722,53727,500,500,-3727
1215,121490609,121490625,121502301,11692,16,11676,50000,53727,53732,500,500,-3732
1216,121590654,121590670,121602321,11667,16,11651,50000,53732,53738,500,500,-3738
1217,121690701,121690717,121702315,11614,16,11598,50000,53738,53743,500,500,-3743
1218,121790747,121790763,121802312,11565,16,11549,50000,53743,53748,500,500,-3748
1219,121890793,121890809,121902319,11526,16,11510,50000,53748,53753,500,500,-3753
1220,121990840,121990856,122002321,11481,16,11465,50000,53753,53758,500,500,-3758
1221,122090886,122090902,122102308,11422,16,11406,50000,53758,53763,500,500,-3763
1222,122190933,122190949,122202294,11361,16,11345,50000,53763,53768,500,500,-3768
1223,122290979,122290995,122302300,11321,16,11305,50000,53768,53772,500,500,-3772
1224,122391026,122391042,122402305,11279,16,11263,50000,53772,53777,500,500,-3777
1225,122491073,122491089,122502311,11238,16,11222,50000,53777,53782,500,500,-3782
1226,122591119,122591135,122602299,11180,16,11164,50000,53782,53787,500,500,-3787
1227,122691167,122691184,122702295,11128,17,11111,50000,53787,53792,500,500,-3792
1228,122791216,122791231,122802290,11074,15,11059,50000,53792,53797,500,500,-3797
1229,122891263,122891279,122902318,11055,16,11039,50000,53797,53802,500,500,-3802
1230,122991329,122991345,123002304,10975,16,10959,50000,53802,53806,500,500,-3806
1231,123091376,123091392,123102297,10921,16,10905,50000,53806,53811,500,500,-3811
1232,123191425,123191441,123202308,10883,16,10867,50000,53811,53816,500,500,-3816
1233,123291472,123291488,123302295,10823,16,10807,50000,53816,53821,500,500,-3821
1234,123391519,123391535,123402311,10792,16,10776,50000,53821,53825,500,500,-3825
1235,123491568,123491583,123502297,10729,15,10714,50000,53825,53830,500,500,-3830
1236,123591615,123591631,123602289,10674,16,10658,50000,53830,53835,500,500,-3835
1237,123691663,123691679,123702302,10639,16,10623,50000,53835,53839,500,500,-3839
1238,123791711,123791727,123802306,10595,16,10579,50000,53839,53844,500,500,-3844
1239,123891759,123891775,123902293,10534,16,10518,50000,53844,53849,500,500,-3849
1240,123991806,123991822,124002297,10491,16,10475,50000,53849,53853,500,500,-3853
1241,124091854,124091870,124102298,10444,16,10428,50000,53853,53858,500,500,-3858
1242,124191901,124191917,124202304,10403,16,10387,50000,53858,53862,500,500,-3862
1243,124291948,124291964,124302293,10345,16,10329,50000,53862,53867,500,500,-3867
1244,124391996,124392012,124402310,10314,16,10298,50000,53867,53872,500,500,-3872
1245,124492044,124492060,124502298,10254,16,10238,50000,53872,53876,500,500,-3876
1246,124592092,124592108,124602302,10210,16,10194,50000,53876,53881,500,500,-3881
1247,124692140,124692156,124702298,10158,16,10142,50000,53881,53885,500,500,-3885
1248,124792187,124792203,124802307,10120,16,10104,50000,53885,53889,500,500,-3889
1249,124892235,124892251,124902297,10062,16,10046,50000,53889,53894,500,500,-3894
1250,124992282,124992298,125002299,10017,16,10001,50000,53894,53898,500,500,-3898
1251,125092330,125092346,125102301,9971,16,9955,50000,53898,53903,500,500,-3903
1252,125192379,125192395,125202303,9924,16,9908,50000,53903,53907,500,500,-3907
1253,125292426,125292442,125302294,9868,16,9852,50000,53907,53912,500,500,-3912
1254,125392474,125392491,125402307,9833,17,9816,50000,53912,53916,500,500,-3916
1255,125492523,125492539,125502323,9800,16,9784,50000,53916,53920,500,500,-3920
1256,125592570,125592605,125602314,9744,35,9709,50000,53920,53925,500,500,-3925
1257,125692625,125692641,125702308,9683,16,9667,50000,53925,53929,500,500,-3929
1258,125792672,125792689,125802295,9623,17,9606,50000,53929,53933,500,500,-3933
1259,125892719,125892735,125902289,9570,16,9554,50000,53933,53937,500,500,-3937
1260,125992765,125992782,126002301,9536,17,9519,50000,53937,53942,500,500,-3942
1261,126092812,126092828,126102309,9497,16,9481,50000,53942,53946,500,500,-3946
1262,126192859,126192875,126202297,9438,16,9422,50000,53946,53950,500,500,-3950
1263,126292905,126292921,126302293,9388,16,9372,50000,53950,53954,500,500,-3954
1264,126392951,126392967,126402300,9349,16,9333,50000,53954,53958,500,500,-3958
1265,126492998,126493014,126502297,9299,16,9283,50000,53958,53963,500,500,-3963
1266,126593044,126593060,126602292,9248,16,9232,50000,53963,53967,500,500,-3967
1267,126693090,126693106,126702290,9200,16,9184,50000,53967,53971,500,500,-3971
1268,126793136,126793152,126802309,9173,16,9157,50000,53971,53975,500,500,-3975
1269,126893185,126893200,126902297,9112,15,9097,50000,53975,53979,500,500,-3979
1270,126993231,126993246,127002293,9062,15,9047,50000,53979,53983,500,500,-3983
1271,127093277,127093293,127102282,9005,16,8989,50000,53983,53987,500,500,-3987
1272,127193324,127193340,127202300,8976,16,8960,50000,53987,53991,500,500,-3991
1273,127293372,127293388,127302294,8922,16,8906,50000,53991,53995,500,500,-3995
1274,127393418,127393434,127402300,8882,16,8866,50000,53995,53999,500,500,-3999
1275,127493465,127493481,127502298,8833,16,8817,50000,53999,54003,500,500,-4003
1276,127593510,127593526,127602293,8783,16,8767,50000,54003,54007,500,500,-4007
1277,127693557,127693574,127702291,8734,17,8717,50000,54007,54011,500,500,-4011
1278,127793603,127793619,127802307,8704,16,8688,50000,54011,54015,500,500,-4015
1279,127893650,127893666,127902300,8650,16,8634,50000,54015,54019,500,500,-4019
1280,127993697,127993713,128002305,8608,16,8592,50000,54019,54023,500,500,-4023
1281,128093744,128093760,128102292,8548,16,8532,50000,54023,54027,500,500,-4027
1282,128193790,128193806,128202323,8533,16,8517,50000,54027,54031,500,500,-4031
1283,128293855,128293871,128302326,8471,16,8455,50000,54031,54035,500,500,-4035
1284,128393902,128393918,128402311,8409,16,8393,50000,54035,54039,500,500,-4039
1285,128493948,128493964,128502298,8350,16,8334,50000,54039,54043,500,500,-4043
1286,128593994,128594011,128602305,8311,17,8294,50000,54043,54046,500,500,-4046
1287,128694042,128694059,128702293,8251,17,8234,50000,54046,54050,500,500,-4050
1288,128794088,128794104,128802312,8224,16,8208,50000,54050,54054,500,500,-4054
1289,128894136,128894152,128902300,8164,16,8148,50000,54054,54058,500,500,-4058
1290,128994182,128994198,129002293,8111,16,8095,50000,54058,54062,500,500,-4062
1291,129094229,129094245,129102302,8073,16,8057,50000,54062,54065,500,500,-4065
1292,129194275,129194291,129202299,8024,16,8008,50000,54065,54069,500,500,-4069
1293,129294322,129294338,129302296,7974,16,7958,50000,54069,54073,500,500,-4073
1294,129394368,129394384,129402292,7924,16,7908,50000,54073,54076,500,500,-4076
1295,129494414,129494430,129502300,7886,16,7870,50000,54076,54080,500,500,-4080
1296,129594461,129594477,129602297,7836,16,7820,50000,54080,54084,500,500,-4084
1297,129694507,129694523,129702303,7796,16,7780,50000,54084,54088,500,500,-4088
1298,129794554,129794570,129802292,7738,16,7722,50000,54088,54091,500,500,-4091
1299,129894600,129894616,129902302,7702,16,7686,50000,54091,54095,500,500,-4095
1300,129994647,129994663,130005176,10529,16,10513,50000,54095,54098,500,500,-4098
1301,130094696,130094713,130102245,7549,17,7532,50000,54098,54102,500,500,-4102
1302,130194743,130194759,130202313,7570,16,7554,50000,54102,54106,500,500,-4106
1303,130294790,130294806,130302298,7508,16,7492,50000,54106,54109,500,500,-4109
1304,130394836,130394852,130402305,7469,16,7453,50000,54109,54113,500,500,-4113
1305,130494883,130494899,130502293,7410,16,7394,50000,54113,54116,500,500,-4116
1306,130594929,130594945,130602299,7370,16,7354,50000,54116,54120,500,500,-4120
1307,130694977,130694993,130702295,7318,16,7302,50000,54120,54123,500,500,-4123
1308,130795023,130795039,130802302,7279,16,7263,50000,54123,54127,500,500,-4127
1309,130895088,130895104,130902306,7218,16,7202,50000,54127,54130,500,500,-4130
1310,130995134,130995151,131002325,7191,17,7174,50000,54130,54134,500,500,-4134
1311,131095182,131095198,131102326,7144,16,7128,50000,54134,54137,500,500,-4137
1312,131195229,131195245,131202301,7072,16,7056,50000,54137,54141,500,500,-4141
1313,131295274,131295290,131302306,7032,16,7016,50000,54141,54144,500,500,-4144
1314,131395321,131395337,131402295,6974,16,6958,50000,54144,54148,500,500,-4148
1315,131495367,131495383,131502283,6916,16,6900,50000,54148,54151,500,500,-4151
1316,131595414,131595430,131602300,6886,16,6870,50000,54151,54154,500,500,-4154
1317,131695461,131695478,131702295,6834,17,6817,50000,54154,54158,500,500,-4158
1318,131795508,131795524,131802301,6793,16,6777,50000,54158,54161,500,500,-4161
1319,131895555,131895571,131902304,6749,16,6733,50000,54161,54165,500,500,-4165
1320,131995602,131995618,132002299,6697,16,6681,50000,54165,54168,500,500,-4168
1321,132095649,132095665,132102307,6658,16,6642,50000,54168,54171,500,500,-4171
1322,132195695,132195711,132202295,6600,16,6584,50000,54171,54175,500,500,-4175
1323,132295741,132295757,132302289,6548,16,6532,50000,54175,54178,500,500,-4178
1324,132395788,132395804,132402299,6511,16,6495,50000,54178,54181,500,500,-4181
1325,132495835,132495851,132502293,6458,16,6442,50000,54181,54184,500,500,-4184
1326,132595881,132595897,132602288,6407,16,6391,50000,54184,54188,500,500,-4188
1327,132695927,132695943,132702308,6381,16,6365,50000,54188,54191,500,500,-4191
1328,132795975,132795991,132802296,6321,16,6305,50000,54191,54194,500,500,-4194
1329,132896021,132896037,132902289,6268,16,6252,50000,54194,54197,500,500,-4197
1330,132996068,132996084,133002301,6233,16,6217,50000,54197,54201,500,500,-4201
1331,133096115,133096131,133102306,6191,16,6175,50000,54201,54204,500,500,-4204
1332,133196162,133196178,133202292,6130,16,6114,50000,54204,54207,500,500,-4207
1333,133296208,133296224,133302296,6088,16,6072,50000,54207,54210,500,500,-4210
1334,133396255,133396272,133402306,6051,17,6034,50000,54210,54213,500,500,-4213
1335,133496302,133496318,133502294,5992,16,5976,50000,54213,54216,500,500,-4216
1336,133596348,133596365,133602288,5940,17,5923,50000,54216,54220,500,500,-4220
1337,133696395,133696411,133702336,5941,16,5925,50000,54220,54223,500,500,-4223
1338,133796444,133796460,133802325,5881,16,5865,50000,54223,54226,500,500,-4226
1339,133896490,133896506,133902325,5835,16,5819,50000,54226,54229,500,500,-4229
1340,133996537,133996553,134002301,5764,16,5748,50000,54229,54232,500,500,-4232
1341,134096584,134096600,134102305,5721,16,5705,50000,54232,54235,500,500,-4235
1342,134196631,134196647,134202293,5662,16,5646,50000,54235,54238,500,500,-4238
1343,134296677,134296693,134302301,5624,16,5608,50000,54238,54241,500,500,-4241
1344,134396724,134396740,134402306,5582,16,5566,50000,54241,54244,500,500,-4244
1345,134496770,134496786,134502293,5523,16,5507,50000,54244,54247,500,500,-4247
1346,134596817,134596833,134602297,5480,16,5464,50000,54247,54250,500,500,-4250
1347,134696864,134696880,134702306,5442,16,5426,50000,54250,54253,500,500,-4253
1348,134796910,134796926,134802295,5385,16,5369,50000,54253,54256,500,500,-4256
1349,134896957,134896973,134902292,5335,16,5319,50000,54256,54259,500,500,-4259
1350,134997004,134997020,135002314,5310,16,5294,50000,54259,54262,500,500,-4262
1351,135097050,135097067,135102303,5253,17,5236,50000,54262,54265,500,500,-4265
1352,135197097,135197113,135202308,5211,16,5195,50000,54265,54268,500,500,-4268
1353,135297144,135297161,135302297,5153,17,5136,50000,54268,54271,500,500,-4271
1354,135397190,135397206,135402287,5097,16,5081,50000,54271,54274,500,500,-4274
1355,135497236,135497253,135502299,5063,17,5046,50000,54274,54277,500,500,-4277
1356,135597283,135597299,135602293,5010,16,4994,50000,54277,54280,500,500,-4280
1357,135697330,135697346,135702299,4969,16,4953,50000,54280,54283,500,500,-4283
1358,135797377,135797393,135802298,4921,16,4905,50000,54283,54285,500,500,-4285
1359,135897423,135897439,135902303,4880,16,4864,50000,54285,54288,500,500,-4288
1360,135997470,135997486,136002293,4823,16,4807,50000,54288,54291,500,500,-4291
1361,136097517,136097533,136102310,4793,16,4777,50000,54291,54294,500,500,-4294
1362,136197564,136197580,136202299,4735,16,4719,50000,54294,54297,500,500,-4297
1363,136297610,136297626,136302304,4694,16,4678,50000,54297,54300,500,500,-4300
1364,136397657,136397673,136402309,4652,16,4636,50000,54300,54302,500,500,-4302
1365,136497703,136497719,136502327,4624,16,4608,50000,54302,54305,500,500,-4305
1366,136597771,136597787,136602321,4550,16,4534,50000,54305,54308,500,500,-4308
1367,136697818,136697834,136702308,4490,16,4474,50000,54308,54311,500,500,-4311
1368,136797865,136797881,136802295,4430,16,4414,50000,54311,54313,500,500,-4313
1369,136897912,136897928,136902303,4391,16,4375,50000,54313,54316,500,500,-4316
1370,136997958,136997974,137002298,4340,16,4324,50000,54316,54319,500,500,-4319
1371,137098004,137098020,137102298,4294,16,4278,50000,54319,54322,500,500,-4322
1372,137198051,137198067,137202293,4242,16,4226,50000,54322,54324,500,500,-4324
1373,137298097,137298113,137302288,4191,16,4175,50000,54324,54327,500,500,-4327
1374,137398143,137398160,137402302,4159,17,4142,50000,54327,54330,500,500,-4330
1375,137498191,137498207,137502306,4115,16,4099,50000,54330,54332,500,500,-4332
1376,137598238,137598254,137602292,4054,16,4038,50000,54332,54335,500,500,-4335
1377,137698285,137698301,137702284,3999,16,3983,50000,54335,54338,500,500,-4338
1378,137798331,137798347,137802301,3970,16,3954,50000,54338,54340,500,500,-4340
1379,137898379,137898395,137902293,3914,16,3898,50000,54340,54343,500,500,-4343
1380,137998425,137998442,138002289,3864,17,3847,50000,54343,54346,500,500,-4346
1381,138098471,138098488,138102317,3846,17,3829,50000,54346,54348,500,500,-4348
1382,138198536,138198552,138202305,3769,16,3753,50000,54348,54351,500,500,-4351
1383,138298596,138298612,138302308,3712,16,3696,50000,54351,54354,500,500,-4354
1384,138398642,138398658,138402296,3654,16,3638,50000,54354,54356,500,500,-4356
1385,138498688,138498704,138502290,3602,16,3586,50000,54356,54359,500,500,-4359
1386,138598735,138598750,138602321,3586,15,3571,50000,54359,54361,500,500,-4361
1387,138698799,138698815,138702308,3509,16,3493,50000,54361,54364,500,500,-4364
1388,138798845,138798861,138802299,3454,16,3438,50000,54364,54366,500,500,-4366
1389,138898890,138898907,138902295,3405,17,3388,50000,54366,54369,500,500,-4369
1390,138998937,138998953,139002292,3355,16,3339,50000,54369,54371,500,500,-4371
1391,139098983,139098999,139102288,3305,16,3289,50000,54371,54374,500,500,-4374
1392,139199028,139199044,139202324,3296,16,3280,50000,54374,54376,500,500,-4376
1393,139299097,139299113,139302294,3197,16,3181,50000,54376,54379,500,500,-4379
1394,139399142,139399159,139402296,3154,17,3137,50000,54379,54381,500,500,-4381
1395,139499188,139499204,139502299,3111,16,3095,50000,54381,54384,500,500,-4384
1396,139599234,139599250,139602304,3070,16,3054,50000,54384,54386,500,500,-4386
1397,139699280,139699296,139702290,3010,16,2994,50000,54386,54389,500,500,-4389
1398,139799326,139799342,139802299,2973,16,2957,50000,54389,54391,500,500,-4391
1399,139899373,139899389,139902295,2922,16,2906,50000,54391,54394,500,500,-4394
1400,139999419,139999435,140005173,5754,16,5738,50000,54394,54396,500,500,-4396
1401,140099468,140099485,140102246,2778,17,2761,50000,54396,54399,500,500,-4399
1402,140199514,140199530,140202419,2905,16,2889,50000,54399,54401,500,500,-4401
1403,140299559,140299575,140302500,2941,16,2925,50000,54401,54403,500,500,-4403
1404,140399605,140399621,140402564,2959,16,2943,50000,54403,54406,500,500,-4406
1405,140499651,140499667,140502639,2988,16,2972,50000,54406,54408,500,500,-4408
1406,140599697,140599713,140602687,2990,16,2974,50000,54408,54410,500,500,-4410
1407,140699762,140699778,140702771,3009,16,2993,50000,54410,54413,500,500,-4413
1408,140799808,140799824,140802826,3018,16,3002,50000,54413,54415,500,500,-4415
1409,140899855,140899872,140902892,3037,17,3020,50000,54415,54418,500,500,-4418
1410,140999921,140999938,141002975,3054,17,3037,50000,54418,54420,500,500,-4420
1411,141099968,141099984,141103034,3066,16,3050,50000,54420,54422,500,500,-4422
1412,141200031,141200048,141203136,3105,17,3088,50000,54422,54424,500,500,-4424
1413,141300093,141300109,141303188,3095,16,3079,50000,54424,54427,500,500,-4427
1414,141400141,141400157,141403243,3102,16,3086,50000,54427,54429,500,500,-4429
1415,141500206,141500222,141503236,3030,16,3014,50000,54429,54431,500,500,-4431
1416,141600265,141600281,141603236,2971,16,2955,50000,54431,54434,500,500,-4434
1417,141700298,141700314,141703232,2934,16,2918,50000,54434,54436,500,500,-4436
1418,141800344,141800360,141803247,2903,16,2887,50000,54436,54438,500,500,-4438
1419,141900390,141900406,141903241,2851,16,2835,50000,54438,54440,500,500,-4440
1420,142000434,142000451,142002235,1801,17,1784,50000,54440,54443,500,500,-4443
1421,142100480,142100496,142102342,1862,16,1846,50000,54443,54445,500,500,-4445
1422,142200526,142200542,142212280,11754,16,11738,50000,54445,54447,500,500,-4447
1423,142300572,142300588,142312307,11735,16,11719,50000,54447,54449,500,500,-4449
1424,142400618,142400634,142412311,11693,16,11677,50000,54449,54452,500,500,-4452
1425,142500664,142500680,142512323,11659,16,11643,50000,54452,54454,500,500,-4454
1426,142600710,142600726,142612317,11607,16,11591,50000,54454,54456,500,500,-4456
1427,142700757,142700773,142712324,11567,16,11551,50000,54456,54458,500,500,-4458
1428,142800803,142800819,142812312,11509,16,11493,50000,54458,54460,500,500,-4460
1429,142900849,142900865,142912302,11453,16,11437,50000,54460,54462,500,500,-4462
1430,143000895,143000911,143012312,11417,16,11401,50000,54462,54465,500,500,-4465
1431,143100941,143100957,143112291,11350,16,11334,50000,54465,54467,500,500,-4467
1432,143201007,143201023,143212300,11293,16,11277,50000,54467,54469,500,500,-4469
1433,143301053,143301069,143312306,11253,16,11237,50000,54469,54471,500,500,-4471
1434,143401100,143401116,143412294,11194,16,11178,50000,54471,54473,500,500,-4473
1435,143501146,143501162,143512299,11153,16,11137,50000,54473,54475,500,500,-4475
1436,143601194,143601209,143612301,11107,15,11092,50000,54475,54477,500,500,-4477
1437,143701242,143701258,143712305,11063,16,11047,50000,54477,54479,500,500,-4479
1438,143801289,143801305,143812294,11005,16,10989,50000,54479,54481,500,500,-4481
1439,143901337,143901353,143912309,10972,16,10956,50000,54481,54484,500,500,-4484
1440,144001384,144001400,144012319,10935,16,10919,50000,54484,54486,500,500,-4486
1441,144101432,144101448,144112316,10884,16,10868,50000,54486,54488,500,500,-4488
1442,144201480,144201496,144212306,10826,16,10810,50000,54488,54490,500,500,-4490
1443,144301528,144301543,144312296,10768,15,10753,50000,54490,54492,500,500,-4492
1444,144401575,144401591,144412303,10728,16,10712,50000,54492,54494,500,500,-4494
1445,144501623,144501639,144512298,10675,16,10659,50000,54494,54496,500,500,-4496
1446,144601670,144601686,144612308,10638,16,10622,50000,54496,54498,500,500,-4498
1447,144701717,144701733,144712297,10580,16,10564,50000,54498,54500,500,500,-4500
1448,144801765,144801781,144812292,10527,16,10511,50000,54500,54502,500,500,-4502
1449,144901813,144901829,144912310,10497,16,10481,50000,54502,54504,500,500,-4504
1450,145001860,145001876,145012301,10441,16,10425,50000,54504,54506,500,500,-4506
1451,145101908,145101924,145112305,10397,16,10381,50000,54506,54508,500,500,-4508
1452,145201956,145201973,145212293,10337,17,10320,50000,54508,54510,500,500,-4510
1453,145302005,145302020,145312295,10290,15,10275,50000,54510,54512,500,500,-4512
1454,145402053,145402069,145412294,10241,16,10225,50000,54512,54514,500,500,-4514
1455,145502100,145502116,145512302,10202,16,10186,50000,54514,54516,500,500,-4516
1456,145602148,145602164,145612297,10149,16,10133,50000,54516,54518,500,500,-4518
1457,145702195,145702211,145712307,10112,16,10096,50000,54518,54519,500,500,-4519
1458,145802243,145802259,145812296,10053,16,10037,50000,54519,54521,500,500,-4521
1459,145902290,145902306,145912285,9995,16,9979,50000,54521,54523,500,500,-4523
1460,146002338,146002354,146012301,9963,16,9947,50000,54523,54525,500,500,-4525
1461,146102386,146102402,146112305,9919,16,9903,50000,54525,54527,500,500,-4527
1462,146202433,146202449,146212293,9860,16,9844,50000,54527,54529,500,500,-4529
1463,146302481,146302497,146312289,9808,16,9792,50000,54529,54531,500,500,-4531
1464,146402529,146402545,146412301,9772,16,9756,50000,54531,54533,500,500,-4533
1465,146502591,146502607,146512304,9713,16,9697,50000,54533,54535,500,500,-4535
1466,146602645,146602661,146612290,9645,16,9629,50000,54535,54536,500,500,-4536
1467,146702691,146702707,146712326,9635,16,9619,50000,54536,54538,500,500,-4538
1468,146802760,146802775,146812321,9561,15,9546,50000,54538,54540,500,500,-4540
1469,146902806,146902821,146912313,9507,15,9492,50000,54540,54542,500,500,-4542
1470,147002851,147002867,147012306,9455,16,9439,50000,54542,54544,500,500,-4544
1471,147102897,147102913,147112293,9396,16,9380,50000,54544,54546,500,500,-4546
1472,147202944,147202960,147212291,9347,16,9331,50000,54546,54547,500,500,-4547
1473,147302990,147303006,147312310,9320,16,9304,50000,54547,54549,500,500,-4549
1474,147403036,147403053,147412297,9261,17,9244,50000,54549,54551,500,500,-4551
1475,147503083,147503099,147512293,9210,16,9194,50000,54551,54553,500,500,-4553
1476,147603129,147603144,147612310,9181,15,9166,50000,54553,54555,500,500,-4555
1477,147703176,147703192,147712304,9128,16,9112,50000,54555,54556,500,500,-4556
1478,147803222,147803238,147812308,9086,16,9070,50000,54556,54558,500,500,-4558
1479,147903270,147903287,147912294,9024,17,9007,50000,54558,54560,500,500,-4560
1480,148003316,148003332,148012290,8974,16,8958,50000,54560,54562,500,500,-4562
1481,148103362,148103378,148112309,8947,16,8931,50000,54562,54564,500,500,-4564
1482,148203409,148203426,148212296,8887,17,8870,50000,54564,54565,500,500,-4565
1483,148303456,148303472,148312290,8834,16,8818,50000,54565,54567,500,500,-4567
1484,148403502,148403518,148412306,8804,16,8788,50000,54567,54569,500,500,-4569
1485,148503549,148503565,148512296,8747,16,8731,50000,54569,54570,500,500,-4570
1486,148603595,148603611,148612301,8706,16,8690,50000,54570,54572,500,500,-4572
1487,148703642,148703658,148712295,8653,16,8637,50000,54572,54574,500,500,-4574
1488,148803689,148803705,148812298,8609,16,8593,50000,54574,54576,500,500,-4576
1489,148903736,148903752,148912294,8558,16,8542,50000,54576,54577,500,500,-4577
1490,149003781,149003797,149012303,8522,16,8506,50000,54577,54579,500,500,-4579
1491,149103828,149103843,149112299,8471,15,8456,50000,54579,54581,500,500,-4581
1492,149203874,149203890,149212294,8420,16,8404,50000,54581,54582,500,500,-4582
1493,149303920,149303936,149312290,8370,16,8354,50000,54582,54584,500,500,-4584
1494,149403967,149403983,149412309,8342,16,8326,50000,54584,54586,500,500,-4586
1495,149504014,149504030,149512332,8318,16,8302,50000,54586,54587,500,500,-4587
1496,149604061,149604077,149612322,8261,16,8245,50000,54587,54589,500,500,-4589
1497,149704107,149704122,149712303,8196,15,8181,50000,54589,54591,500,500,-4591
1498,149804153,149804169,149812295,8142,16,8126,50000,54591,54592,500,500,-4592
1499,149904200,149904216,149912291,8091,16,8075,50000,54592,54594,500,500,-4594
1500,150004246,150004263,150015176,10930,17,10913,50000,54594,54596,500,500,-4596
1501,150104296,150104312,150112251,7955,16,7939,50000,54596,54597,500,500,-4597
1502,150204343,150204359,150212295,7952,16,7936,50000,54597,54599,500,500,-4599
1503,150304393,150304409,150312290,7897,16,7881,50000,54599,54600,500,500,-4600
1504,150404439,150404455,150412301,7862,16,7846,50000,54600,54602,500,500,-4602
1505,150504487,150504503,150512297,7810,16,7794,50000,54602,54604,500,500,-4604
1506,150604533,150604549,150612302,7769,16,7753,50000,54604,54605,500,500,-4605
1507,150704580,150704596,150712298,7718,16,7702,50000,54605,54607,500,500,-4607
1508,150804627,150804643,150812303,7676,16,7660,50000,54607,54608,500,500,-4608
1509,150904674,150904690,150912298,7624,16,7608,50000,54608,54610,500,500,-4610
1510,151004720,151004736,151012296,7576,16,7560,50000,54610,54611,500,500,-4611
1511,151104766,151104782,151112301,7535,16,7519,50000,54611,54613,500,500,-4613
1512,151204813,151204829,151212296,7483,16,7467,50000,54613,54615,500,500,-4615
1513,151304859,151304875,151312306,7447,16,7431,50000,54615,54616,500,500,-4616
1514,151404906,151404921,151412296,7390,15,7375,50000,54616,54618,500,500,-4618
1515,151504951,151504967,151512296,7345,16,7329,50000,54618,54619,500,500,-4619
1516,151604998,151605014,151612295,7297,16,7281,50000,54619,54621,500,500,-4621
1517,151705044,151705060,151712291,7247,16,7231,50000,54621,54622,500,500,-4622
1518,151805091,151805107,151812296,7205,16,7189,50000,54622,54624,500,500,-4624
1519,151905137,151905153,151912305,7168,16,7152,50000,54624,54625,500,500,-4625
1520,152005183,152005199,152012294,7111,16,7095,50000,54625,54627,500,500,-4627
1521,152105229,152105245,152112290,7061,16,7045,50000,54627,54628,500,500,-4628
1522,152205276,152205292,152212330,7054,16,7038,50000,54628,54630,500,500,-4630
1523,152305343,152305359,152312325,6982,16,6966,50000,54630,54631,500,500,-4631
1524,152405389,152405405,152412318,6929,16,6913,50000,54631,54633,500,500,-4633
1525,152505436,152505452,152512306,6870,16,6854,50000,54633,54634,500,500,-4634
1526,152605483,152605499,152612293,6810,16,6794,50000,54634,54636,500,500,-4636
1527,152705529,152705546,152712301,6772,17,6755,50000,54636,54637,500,500,-4637
1528,152805576,152805592,152812298,6722,16,6706,50000,54637,54638,500,500,-4638
1529,152905622,152905638,152912296,6674,16,6658,50000,54638,54640,500,500,-4640
1530,153005669,153005685,153012300,6631,16,6615,50000,54640,54641,500,500,-4641
1531,153105716,153105732,153112296,6580,16,6564,50000,54641,54643,500,500,-4643
1532,153205763,153205779,153212307,6544,16,6528,50000,54643,54644,500,500,-4644
1533,153305810,153305826,153312296,6486,16,6470,50000,54644,54646,500,500,-4646
1534,153405856,153405872,153412282,6426,16,6410,50000,54646,54647,500,500,-4647
1535,153505902,153505919,153512302,6400,17,6383,50000,54647,54648,500,500,-4648
1536,153605971,153605987,153612305,6334,16,6318,50000,54648,54650,500,500,-4650
1537,153706017,153706033,153712292,6275,16,6259,50000,54650,54651,500,500,-4651
1538,153806064,153806080,153812298,6234,16,6218,50000,54651,54653,500,500,-4653
1539,153906110,153906126,153912305,6195,16,6179,50000,54653,54654,500,500,-4654
1540,154006157,154006173,154012309,6152,16,6136,50000,54654,54655,500,500,-4655
1541,154106204,154106220,154112301,6097,16,6081,50000,54655,54657,500,500,-4657
1542,154206250,154206266,154212302,6052,16,6036,50000,54657,54658,500,500,-4658
1543,154306297,154306313,154312292,5995,16,5979,50000,54658,54660,500,500,-4660
1544,154406344,154406360,154412317,5973,16,5957,50000,54660,54661,500,500,-4661
1545,154506391,154506407,154512306,5915,16,5899,50000,54661,54662,500,500,-4662
1546,154606438,154606454,154612307,5869,16,5853,50000,54662,54664,500,500,-4664
1547,154706485,154706501,154712298,5813,16,5797,50000,54664,54665,500,500,-4665
1548,154806530,154806547,154812300,5770,17,5753,50000,54665,54666,500,500,-4666
1549,154906577,154906593,154912307,5730,16,5714,50000,54666,54668,500,500,-4668
1550,155006623,155006639,155012301,5678,16,5662,50000,54668,54669,500,500,-4669
1551,155106670,155106686,155112290,5620,16,5604,50000,54669,54670,500,500,-4670
1552,155206717,155206733,155212302,5585,16,5569,50000,54670,54672,500,500,-4672
1553,155306764,155306780,155312305,5541,16,5525,50000,54672,54673,500,500,-4673
1554,155406810,155406826,155412292,5482,16,5466,50000,54673,54674,500,500,-4674
1555,155506855,155506871,155512308,5453,16,5437,50000,54674,54676,500,500,-4676
1556,155606903,155606919,155612299,5396,16,5380,50000,54676,54677,500,500,-4677
1557,155706949,155706965,155712305,5356,16,5340,50000,54677,54678,500,500,-4678
1558,155806995,155807011,155812294,5299,16,5283,50000,54678,54679,500,500,-4679
1559,155907041,155907058,155912299,5258,17,5241,50000,54679,54681,500,500,-4681
1560,156007089,156007105,156012296,5207,16,5191,50000,54681,54682,500,500,-4682
1561,156107135,156107151,156112300,5165,16,5149,50000,54682,54683,500,500,-4683
1562,156207183,156207199,156212297,5114,16,5098,50000,54683,54685,500,500,-4685
1563,156307228,156307244,156312299,5071,16,5055,50000,54685,54686,500,500,-4686
1564,156407276,156407292,156412303,5027,16,5011,50000,54686,54687,500,500,-4687
1565,156507323,156507338,156512289,4966,15,4951,50000,54687,54688,500,500,-4688
1566,156607369,156607385,156612305,4936,16,4920,50000,54688,54690,500,500,-4690
1567,156707416,156707432,156712306,4890,16,4874,50000,54690,54691,500,500,-4691
1568,156807462,156807478,156812292,4830,16,4814,50000,54691,54692,500,500,-4692
1569,156907509,156907525,156912306,4797,16,4781,50000,54692,54693,500,500,-4693
1570,157007557,157007573,157012326,4769,16,4753,50000,54693,54694,500,500,-4694
1571,157107603,157107618,157112312,4709,15,4694,50000,54694,54696,500,500,-4696
1572,157207649,157207665,157212300,4651,16,4635,50000,54696,54697,500,500,-4697
1573,157307696,157307712,157312305,4609,16,4593,50000,54697,54698,500,500,-4698
1574,157407742,157407758,157412294,4552,16,4536,50000,54698,54699,500,500,-4699
1575,157507788,157507804,157512301,4513,16,4497,50000,54699,54701,500,500,-4701
1576,157607835,157607851,157612309,4474,16,4458,50000,54701,54702,500,500,-4702
1577,157707882,157707897,157712298,4416,15,4401,50000,54702,54703,500,500,-4703
1578,157807928,157807944,157812305,4377,16,4361,50000,54703,54704,500,500,-4704
1579,157907975,157907991,157912292,4317,16,4301,50000,54704,54705,500,500,-4705
1580,158008021,158008036,158012299,4278,15,4263,50000,54705,54706,500,500,-4706
1581,158108067,158108083,158112294,4227,16,4211,50000,54706,54708,500,500,-4708
1582,158208113,158208129,158212288,4175,16,4159,50000,54708,54709,500,500,-4709
1583,158308160,158308176,158312300,4140,16,4124,50000,54709,54710,500,500,-4710
1584,158408207,158408223,158412297,4090,16,4074,50000,54710,54711,500,500,-4711
1585,158508254,158508269,158512287,4033,15,4018,50000,54711,54712,500,500,-4712
1586,158608300,158608316,158612298,3998,16,3982,50000,54712,54713,500,500,-4713
1587,158708347,158708363,158712305,3958,16,3942,50000,54713,54715,500,500,-4715
1588,158808393,158808409,158812294,3901,16,3885,50000,54715,54716,500,500,-4716
1589,158908440,158908456,158912289,3849,16,3833,50000,54716,54717,500,500,-4717
1590,159008487,159008503,159012302,3815,16,3799,50000,54717,54718,500,500,-4718
1591,159108534,159108551,159112296,3762,17,3745,50000,54718,54719,500,500,-4719
1592,159208595,159208611,159212290,3695,16,3679,50000,54719,54720,500,500,-4720
1593,159308641,159308657,159312297,3656,16,3640,50000,54720,54721,500,500,-4721
1594,159408688,159408704,159412306,3618,16,3602,50000,54721,54723,500,500,-4723
1595,159508734,159508750,159512294,3560,16,3544,50000,54723,54724,500,500,-4724
1596,159608780,159608796,159612290,3510,16,3494,50000,54724,54725,500,500,-4725
1597,159708826,159708842,159712332,3506,16,3490,50000,54725,54726,500,500,-4726
1598,159808892,159808908,159812319,3427,16,3411,50000,54726,54727,500,500,-4727
1599,159908939,159908955,159912312,3373,16,3357,50000,54727,54728,500,500,-4728
1600,160008985,160009001,160015181,6196,16,6180,50000,54728,54729,500,500,-4729
1601,160109034,160109049,160112249,3215,15,3200,50000,54729,54730,500,500,-4730
1602,160209079,160209096,160212290,3211,17,3194,50000,54730,54731,500,500,-4731
1603,160309146,160309163,160312299,3153,17,3136,50000,54731,54732,500,500,-4732
1604,160409193,160409209,160412294,3101,16,3085,50000,54732,54733,500,500,-4733
1605,160509239,160509255,160512293,3054,16,3038,50000,54733,54734,500,500,-4734
1606,160609285,160609302,160612301,3016,17,2999,50000,54734,54736,500,500,-4736
1607,160709332,160709348,160712299,2967,16,2951,50000,54736,54737,500,500,-4737
1608,160809378,160809394,160812297,2919,16,2903,50000,54737,54738,500,500,-4738
1609,160909425,160909441,160912290,2865,16,2849,50000,54738,54739,500,500,-4739
1610,161009471,161009487,161012293,2822,16,2806,50000,54739,54740,500,500,-4740
1611,161109517,161109533,161112466,2949,16,2933,50000,54740,54741,500,500,-4741
1612,161209562,161209578,161212547,2985,16,2969,50000,54741,54742,500,500,-4742
1613,161309608,161309624,161312611,3003,16,2987,50000,54742,54743,500,500,-4743
1614,161409654,161409670,161412687,3033,16,3017,50000,54743,54744,500,500,-4744
1615,161509699,161509715,161512734,3035,16,3019,50000,54744,54745,500,500,-4745
1616,161609765,161609781,161612818,3053,16,3037,50000,54745,54746,500,500,-4746
1617,161709811,161709827,161712873,3062,16,3046,50000,54746,54747,500,500,-4747
1618,161809859,161809875,161812938,3079,16,3063,50000,54747,54748,500,500,-4748
1619,161909935,161909951,161913035,3100,16,3084,50000,54748,54749,500,500,-4749
1620,162009981,162009997,162013074,3093,16,3077,50000,54749,54750,500,500,-4750
1621,162110043,162110060,162113173,3130,17,3113,50000,54750,54751,500,500,-4751
1622,162210089,162210105,162213221,3132,16,3116,50000,54751,54752,500,500,-4752
1623,162310155,162310171,162313234,3079,16,3063,50000,54752,54753,500,500,-4753
1624,162410200,162410216,162413252,3052,16,3036,50000,54753,54754,500,500,-4754
1625,162510273,162510289,162513255,2982,16,2966,50000,54754,54755,500,500,-4755
1626,162610317,162610333,162613253,2936,16,2920,50000,54755,54756,500,500,-4756
1627,162710362,162710378,162713240,2878,16,2862,50000,54756,54757,500,500,-4757
1628,162810407,162810424,162813243,2836,17,2819,50000,54757,54758,500,500,-4758
1629,162910453,162910469,162912253,1800,16,1784,50000,54758,54759,500,500,-4759
1630,163010498,163010514,163012366,1868,16,1852,50000,54759,54760,500,500,-4760
1631,163110544,163110560,163122282,11738,16,11722,50000,54760,54761,500,500,-4761
1632,163210608,163210625,163222303,11695,17,11678,50000,54761,54762,500,500,-4762
1633,163310654,163310670,163322308,11654,16,11638,50000,54762,54763,500,500,-4763
1634,163410700,163410716,163422321,11621,16,11605,50000,54763,54764,500,500,-4764
1635,163510746,163510762,163522315,11569,16,11553,50000,54764,54765,500,500,-4765
1636,163610792,163610808,163622323,11531,16,11515,50000,54765,54765,500,500,-4765
1637,163710838,163710855,163722315,11477,17,11460,50000,54765,54766,500,500,-4766
1638,163810885,163810901,163822466,11581,16,11565,50000,54766,54767,500,500,-4767
1639,163910930,163910946,163922551,11621,16,11605,50000,54767,54768,500,500,-4768
1640,164010977,164010992,164022616,11639,15,11624,50000,54768,54769,500,500,-4769
1641,164111021,164111037,164122640,11619,16,11603,50000,54769,54770,500,500,-4770
1642,164211085,164211101,164222700,11615,16,11599,50000,54770,54771,500,500,-4771
1643,164311133,164311149,164322751,11618,16,11602,50000,54771,54772,500,500,-4772
1644,164411199,164411215,164422806,11607,16,11591,50000,54772,54773,500,500,-4773
1645,164511249,164511265,164522866,11617,16,11601,50000,54773,54774,500,500,-4774
1646,164611297,164611313,164622915,11618,16,11602,50000,54774,54775,500,500,-4775
1647,164711364,164711380,164722974,11610,16,11594,50000,54775,54776,500,500,-4776
1648,164811412,164811428,164823057,11645,16,11629,50000,54776,54777,500,500,-4777
1649,164911458,164911474,164923088,11630,16,11614,50000,54777,54777,500,500,-4777
1650,165011507,165011523,165023137,11630,16,11614,50000,54777,54778,500,500,-4778
1651,165111554,165111570,165123185,11631,16,11615,50000,54778,54779,500,500,-4779
1652,165211620,165211635,165222294,10674,15,10659,50000,54779,54780,500,500,-4780
1653,165311667,165311683,165322402,10735,16,10719,50000,54780,54781,500,500,-4781
1654,165411715,165411731,165422306,10591,16,10575,50000,54781,54782,500,500,-4782
1655,165511762,165511778,165522310,10548,16,10532,50000,54782,54783,500,500,-4783
1656,165611810,165611826,165622299,10489,16,10473,50000,54783,54784,500,500,-4784
1657,165711857,165711873,165722312,10455,16,10439,50000,54784,54784,500,500,-4784
1658,165811905,165811921,165822301,10396,16,10380,50000,54784,54785,500,500,-4785
1659,165911953,165911969,165922295,10342,16,10326,50000,54785,54786,500,500,-4786
1660,166012001,166012017,166022304,10303,16,10287,50000,54786,54787,500,500,-4787
1661,166112049,166112065,166122299,10250,16,10234,50000,54787,54788,500,500,-4788
1662,166212096,166212112,166222298,10202,16,10186,50000,54788,54789,500,500,-4789
1663,166312143,166312159,166322305,10162,16,10146,50000,54789,54790,500,500,-4790
1664,166412191,166412207,166422290,10099,16,10083,50000,54790,54790,500,500,-4790
1665,166512238,166512254,166522307,10069,16,10053,50000,54790,54791,500,500,-4791
1666,166612286,166612302,166622300,10014,16,9998,50000,54791,54792,500,500,-4792
1667,166712334,166712350,166722296,9962,16,9946,50000,54792,54793,500,500,-4793
1668,166812382,166812398,166822294,9912,16,9896,50000,54793,54794,500,500,-4794
1669,166912430,166912446,166922303,9873,16,9857,50000,54794,54795,500,500,-4795
1670,167012478,167012494,167022297,9819,16,9803,50000,54795,54795,500,500,-4795
1671,167112526,167112542,167122292,9766,16,9750,50000,54795,54796,500,500,-4796
1672,167212588,167212605,167222299,9711,17,9694,50000,54796,54797,500,500,-4797
1673,167312638,167312654,167322296,9658,16,9642,50000,54797,54798,500,500,-4798
1674,167412684,167412700,167422292,9608,16,9592,50000,54798,54799,500,500,-4799
1675,167512731,167512747,167522299,9568,16,9552,50000,54799,54799,500,500,-4799
1676,167612778,167612795,167622302,9524,17,9507,50000,54799,54800,500,500,-4800
1677,167712825,167712841,167722306,9481,16,9465,50000,54800,54801,500,500,-4801
1678,167812871,167812887,167822294,9423,16,9407,50000,54801,54802,500,500,-4802
1679,167912917,167912933,167922302,9385,16,9369,50000,54802,54803,500,500,-4803
1680,168012964,168012980,168022328,9364,16,9348,50000,54803,54803,500,500,-4803
1681,168113012,168113028,168122332,9320,16,9304,50000,54803,54804,500,500,-4804
1682,168213059,168213075,168222304,9245,16,9229,50000,54804,54805,500,500,-4805
1683,168313105,168313121,168322294,9189,16,9173,50000,54805,54806,500,500,-4806
1684,168413151,168413167,168422290,9139,16,9123,50000,54806,54807,500,500,-4807
1685,168513197,168513213,168522308,9111,16,9095,50000,54807,54807,500,500,-4807
1686,168613244,168613260,168622301,9057,16,9041,50000,54807,54808,500,500,-4808
1687,168713290,168713306,168722293,9003,16,8987,50000,54808,54809,500,500,-4809
1688,168813337,168813353,168822289,8952,16,8936,50000,54809,54810,500,500,-4810
1689,168913383,168913398,168922301,8918,15,8903,50000,54810,54810,500,500,-4810
1690,169013430,169013446,169022296,8866,16,8850,50000,54810,54811,500,500,-4811
1691,169113476,169113492,169122290,8814,16,8798,50000,54811,54812,500,500,-4812
1692,169213521,169213537,169222307,8786,16,8770,50000,54812,54813,500,500,-4813
1693,169313568,169313584,169322300,8732,16,8716,50000,54813,54813,500,500,-4813
1694,169413614,169413630,169422292,8678,16,8662,50000,54813,54814,500,500,-4814
1695,169513660,169513676,169522300,8640,16,8624,50000,54814,54815,500,500,-4815
1696,169613707,169613723,169622307,8600,16,8584,50000,54815,54816,500,500,-4816
1697,169713753,169713769,169722302,8549,16,8533,50000,54816,54816,500,500,-4816
1698,169813799,169813815,169822299,8500,16,8484,50000,54816,54817,500,500,-4817
1699,169913846,169913862,169922305,8459,16,8443,50000,54817,54818,500,500,-4818
1700,170013893,170013909,170025174,11281,16,11265,50000,54818,54819,500,500,-4819
1701,170113943,170113959,170122264,8321,16,8305,50000,54819,54819,500,500,-4819
1702,170213990,170214005,170222305,8315,15,8300,50000,54819,54820,500,500,-4820
1703,170314057,170314073,170322299,8242,16,8226,50000,54820,54821,500,500,-4821
1704,170414103,170414119,170422295,8192,16,8176,50000,54821,54821,500,500,-4821
1705,170514149,170514165,170522305,8156,16,8140,50000,54821,54822,500,500,-4822
1706,170614196,170614212,170622292,8096,16,8080,50000,54822,54823,500,500,-4823
1707,170714242,170714258,170722325,8083,16,8067,50000,54823,54824,500,500,-4824
1708,170814289,170814305,170822295,8006,16,7990,50000,54824,54824,500,500,-4824
1709,170914336,170914352,170922298,7962,16,7946,50000,54824,54825,500,500,-4825
1710,171014382,171014398,171022296,7914,16,7898,50000,54825,54826,500,500,-4826
1711,171114428,171114444,171122292,7864,16,7848,50000,54826,54826,500,500,-4826
1712,171214474,171214490,171222291,7817,16,7801,50000,54826,54827,500,500,-4827
1713,171314520,171314536,171322312,7792,16,7776,50000,54827,54828,500,500,-4828
1714,171414567,171414583,171422299,7732,16,7716,50000,54828,54828,500,500,-4828
1715,171514613,171514629,171522302,7689,16,7673,50000,54828,54829,500,500,-4829
1716,171614659,171614675,171622296,7637,16,7621,50000,54829,54830,500,500,-4830
1717,171714705,171714721,171722299,7594,16,7578,50000,54830,54830,500,500,-4830
1718,171814751,171814767,171822295,7544,16,7528,50000,54830,54831,500,500,-4831
1719,171914796,171914813,171922286,7490,17,7473,50000,54831,54832,500,500,-4832
1720,172014843,172014859,172022304,7461,16,7445,50000,54832,54833,500,500,-4833
1721,172114890,172114906,172122305,7415,16,7399,50000,54833,54833,500,500,-4833
1722,172214937,172214953,172222294,7357,16,7341,50000,54833,54834,500,500,-4834
1723,172314983,172314999,172322290,7307,16,7291,50000,54834,54835,500,500,-4835
1724,172415030,172415046,172422299,7269,16,7253,50000,54835,54835,500,500,-4835
1725,172515077,172515093,172522295,7218,16,7202,50000,54835,54836,500,500,-4836
1726,172615124,172615140,172622300,7176,16,7160,50000,54836,54837,500,500,-4837
1727,172715171,172715187,172722321,7150,16,7134,50000,54837,54837,500,500,-4837
1728,172815218,172815234,172822316,7098,16,7082,50000,54837,54838,500,500,-4838
1729,172915264,172915280,172922321,7057,16,7041,50000,54838,54838,500,500,-4838
1730,173015310,173015326,173022301,6991,16,6975,50000,54838,54839,500,500,-4839
1731,173115356,173115372,173122305,6949,16,6933,50000,54839,54840,500,500,-4840
1732,173215403,173215419,173222291,6888,16,6872,50000,54840,54840,500,500,-4840
1733,173315449,173315465,173322305,6856,16,6840,50000,54840,54841,500,500,-4841
1734,173415497,173415513,173422300,6803,16,6787,50000,54841,54842,500,500,-4842
1735,173515543,173515559,173522293,6750,16,6734,50000,54842,54842,500,500,-4842
1736,173615590,173615605,173622302,6712,15,6697,50000,54842,54843,500,500,-4843
1737,173715636,173715652,173722297,6661,16,6645,50000,54843,54844,500,500,-4844
1738,173815682,173815698,173822307,6625,16,6609,50000,54844,54844,500,500,-4844
1739,173915730,173915746,173922295,6565,16,6549,50000,54844,54845,500,500,-4845
1740,174015776,174015792,174022298,6522,16,6506,50000,54845,54845,500,500,-4845
1741,174115825,174115841,174122306,6481,16,6465,50000,54845,54846,500,500,-4846
1742,174215872,174215888,174222294,6422,16,6406,50000,54846,54847,500,500,-4847
1743,174315920,174315936,174322291,6371,16,6355,50000,54847,54847,500,500,-4847
1744,174415968,174415984,174422304,6336,16,6320,50000,54847,54848,500,500,-4848
1745,174516017,174516033,174522305,6288,16,6272,50000,54848,54848,500,500,-4848
1746,174616065,174616081,174622291,6226,16,6210,50000,54848,54849,500,500,-4849
1747,174716113,174716129,174722298,6185,16,6169,50000,54849,54850,500,500,-4850
1748,174816161,174816177,174822306,6145,16,6129,50000,54850,54850,500,500,-4850
1749,174916210,174916226,174922295,6085,16,6069,50000,54850,54851,500,500,-4851
1750,175016258,175016274,175022290,6032,16,6016,50000,54851,54851,500,500,-4851
1751,175116306,175116322,175122310,6004,16,5988,50000,54851,54852,500,500,-4852
1752,175216355,175216371,175222299,5944,16,5928,50000,54852,54853,500,500,-4853
1753,175316402,175316418,175322302,5900,16,5884,50000,54853,54853,500,500,-4853
1754,175416450,175416466,175422306,5856,16,5840,50000,54853,54854,500,500,-4854
1755,175516497,175516513,175522323,5826,16,5810,50000,54854,54854,500,500,-4854
1756,175616546,175616562,175622317,5771,16,5755,50000,54854,54855,500,500,-4855
1757,175716593,175716609,175722299,5706,16,5690,50000,54855,54856,500,500,-4856
1758,175816641,175816657,175822294,5653,16,5637,50000,54856,54856,500,500,-4856
1759,175916690,175916706,175922303,5613,16,5597,50000,54856,54857,500,500,-4857
1760,176016739,176016755,176022297,5558,16,5542,50000,54857,54857,500,500,-4857
1761,176116786,176116802,176122301,5515,16,5499,50000,54857,54858,500,500,-4858
1762,176216835,176216851,176222305,5470,16,5454,50000,54858,54858,500,500,-4858
1763,176316882,176316898,176322293,5411,16,5395,50000,54858,54859,500,500,-4859
1764,176416930,176416946,176422311,5381,16,5365,50000,54859,54860,500,500,-4860
1765,176516979,176516995,176522300,5321,16,5305,50000,54860,54860,500,500,-4860
1766,176617026,176617042,176622293,5267,16,5251,50000,54860,54861,500,500,-4861
1767,176717074,176717090,176722289,5215,16,5199,50000,54861,54861,500,500,-4861
1768,176817122,176817138,176822308,5186,16,5170,50000,54861,54862,500,500,-4862
1769,176917171,176917187,176922296,5125,16,5109,50000,54862,54862,500,500,-4862
1770,177017218,177017234,177022290,5072,16,5056,50000,54862,54863,500,500,-4863
1771,177117266,177117282,177122282,5016,16,5000,50000,54863,54863,500,500,-4863
1772,177217314,177217330,177222300,4986,16,4970,50000,54863,54864,500,500,-4864
1773,177317362,177317378,177322305,4943,16,4927,50000,54864,54865,500,500,-4865
1774,177417409,177417425,177422291,4882,16,4866,50000,54865,54865,500,500,-4865
1775,177517457,177517473,177522301,4844,16,4828,50000,54865,54866,500,500,-4866
1776,177617506,177617522,177622305,4799,16,4783,50000,54866,54866,500,500,-4866
1777,177717554,177717570,177722292,4738,16,4722,50000,54866,54867,500,500,-4867
1778,177817603,177817619,177822309,4706,16,4690,50000,54867,54867,500,500,-4867
1779,177917652,177917668,177922297,4645,16,4629,50000,54867,54868,500,500,-4868
1780,178017700,178017716,178022292,4592,16,4576,50000,54868,54868,500,500,-4868
1781,178117748,178117764,178122287,4539,16,4523,50000,54868,54869,500,500,-4869
1782,178217795,178217811,178222325,4530,16,4514,50000,54869,54869,500,500,-4869
1783,178317865,178317881,178322321,4456,16,4440,50000,54869,54870,500,500,-4870
1784,178417913,178417929,178422321,4408,16,4392,50000,54870,54870,500,500,-4870
1785,178517961,178517977,178522297,4336,16,4320,50000,54870,54871,500,500,-4871
1786,178618009,178618025,178622305,4296,16,4280,50000,54871,54871,500,500,-4871
1787,178718057,178718073,178722292,4235,16,4219,50000,54871,54872,500,500,-4872
1788,178818105,178818121,178822302,4197,16,4181,50000,54872,54872,500,500,-4872
1789,178918154,178918170,178922304,4150,16,4134,50000,54872,54873,500,500,-4873
1790,179018201,179018217,179022290,4089,16,4073,50000,54873,54873,500,500,-4873
1791,179118249,179118265,179122309,4060,16,4044,50000,54873,54874,500,500,-4874
1792,179218298,179218314,179222303,4005,16,3989,50000,54874,54875,500,500,-4875
1793,179318346,179318362,179322308,3962,16,3946,50000,54875,54875,500,500,-4875
1794,179418395,179418411,179422298,3903,16,3887,50000,54875,54876,500,500,-4876
1795,179518442,179518458,179522282,3840,16,3824,50000,54876,54876,500,500,-4876
1796,179618490,179618506,179622300,3810,16,3794,50000,54876,54877,500,500,-4877
1797,179718540,179718556,179722295,3755,16,3739,50000,54877,54877,500,500,-4877
1798,179818601,179818617,179822290,3689,16,3673,50000,54877,54877,500,500,-4877
1799,179918647,179918663,179922306,3659,16,3643,50000,54877,54878,500,500,-4878
1800,180018694,180018710,180025178,6484,16,6468,50000,54878,54878,500,500,-4878
