sequence,input0_bits,input1_bits,input2_bits,input3_bits,output_bits,actuator_permille,wall_ns,device_us
1,3f000000,3ea00000,00000000,00000000,3f738000,951,22871625,16662
2,3efd46b2,3ea00000,3e883127,3f7374bc,3f7dc000,991,2006083,1915
3,3efa708f,3ea00000,3e8dd2f2,3f7db22d,3f7c8000,986,1914500,1826
4,3ef7a249,3ea00000,3e8c49ba,3f7c6a7f,3f7aa000,979,1813292,1726
5,3ef4de7f,3ea00000,3e8a3d71,3f7a9fbe,3f78e000,972,1772750,1685
6,3ef21ff3,3ea00000,3e89374c,3f78d4fe,3f770000,965,1706833,1619
7,3eef6944,3ea00000,3e87ae14,3f770a3d,3f752000,958,1680000,1593
8,3eecba73,3ea00000,3e8624dd,3f753f7d,3f736000,951,1681750,1594
9,3eea137f,3ea00000,3e849ba6,3f7374bc,3f71a000,944,1677666,1591
10,3ee77708,3ea00000,3e828f5c,3f71a9fc,3f700000,938,1679125,1591
11,3ee4dfce,3ea00000,3e818937,3f7020c5,3f6e4000,931,1679125,1591
12,3ee25072,3ea00000,3e800000,3f6e5604,3f6c8000,924,1685833,1599
13,3edfc654,3ea00000,3e7df3b6,3f6c8b44,3f6ac000,917,1678833,1592
14,3edd46b2,3ea00000,3e79db23,3f6ac083,3f692000,911,1678250,1590
15,3edaceee,3ea00000,3e76c8b4,3f69374c,3f678000,904,1679709,1592
16,3ed85c68,3ea00000,3e74bc6a,3f676c8b,3f65e000,898,1679125,1592
17,3ed5f1bf,3ea00000,3e71a9fc,3f65e354,3f644000,892,1677667,1590
18,3ed38ef3,3ea00000,3e6e978d,3f645a1d,3f62a000,885,1677959,1591
19,3ed13166,3ea00000,3e6c8b44,3f628f5c,3f612000,879,1677083,1591
20,3ecede55,3ea00000,3e6872b0,3f610625,3f5fa000,874,1677958,1591
21,3ecc8de3,3ea00000,3e676c8b,3f5fbe77,3f5e0000,867,1679417,1593
22,3eca454e,3ea00000,3e645a1d,3f5df3b6,3f5c8000,861,1683792,1597
23,3ec80496,3ea00000,3e6147ae,3f5c6a7f,3f5b0000,855,1679416,1592
24,3ec5cbbc,3ea00000,3e5e353f,3f5ae148,3f598000,850,1676500,1589
25,3ec39581,3ea00000,3e5d2f1b,3f59999a,3f580000,844,1676791,1589
26,3ec169c2,3ea00000,3e591687,3f581062,3f56a000,838,1715291,1625
27,3ebf4342,3ea00000,3e570a3d,3f56872b,3f552000,833,1721416,1632
28,3ebd21ff,3ea00000,3e54fdf4,3f553f7d,3f53c000,827,1727833,1638
29,3ebb05fb,3ea00000,3e52f1aa,3f53b646,3f526000,822,1726666,1638
30,3eb8f1d4,3ea00000,3e4fdf3b,3f526e98,3f510000,816,1724042,1635
31,3eb6e2eb,3ea00000,3e4dd2f2,3f50e560,3f4fa000,811,1724334,1635
32,3eb4dbe0,3ea00000,3e4ac083,3f4f9db2,3f4e4000,806,1722583,1634
33,3eb2d773,3ea00000,3e49ba5e,3f4e5604,3f4ce000,800,1719958,1630
34,3eb0dd83,3ea00000,3e45a1cb,3f4ccccd,3f4ba000,795,1724041,1637
35,3eaee632,3ea00000,3e449ba6,3f4b851f,3f4a4000,790,1728125,1640
36,3eacf41f,3ea00000,3e428f5c,3f4a3d71,3f490000,785,1725208,1638
37,3eab09ea,3ea00000,3e3f7cee,3f48f5c3,3f47c000,780,1724334,1636
38,3ea924f2,3ea00000,3e3d70a4,3f47ae14,3f468000,775,1723459,1636
39,3ea74539,3ea00000,3e3b645a,3f466666,3f454000,771,1720833,1633
40,3ea5681f,3ea00000,3e3a5e35,3f456042,3f43e000,765,1721125,1633
41,3ea39581,3ea00000,3e3645a2,3f43d70a,3f42e000,761,1723167,1636
42,3ea1c582,3ea00000,3e353f7d,3f42d0e5,3f418000,756,1725792,1638
43,3e9ffac2,3ea00000,3e333333,3f418937,3f406000,751,1724333,1637
44,3e9e353f,3ea00000,3e3126e9,3f404189,3f3f4000,747,1723750,1637
45,3e9c74fb,3ea00000,3e2f1aa0,3f3f3b64,3f3e0000,742,1724333,1636
46,3e9ab9f5,3ea00000,3e2d0e56,3f3df3b6,3f3ce000,738,1726375,1638
47,3e99042e,3ea00000,3e2b020c,3f3ced91,3f3bc000,733,1724625,1637
48,3e9753a4,3ea00000,3e28f5c3,3f3ba5e3,3f3aa000,729,1720542,1634
49,3e95a858,3ea00000,3e26e979,3f3a9fbe,3f398000,725,1720834,1633
50,3e93ffac,3ea00000,3e25e354,3f39999a,3f386000,720,1722875,1635
51,3e925edd,3ea00000,3e22d0e5,3f3851ec,3f376000,716,1715584,1628
52,3e90c0ad,3ea00000,3e21cac1,3f374bc7,3f364000,712,1721416,1634
53,3e8f27bb,3ea00000,3e1fbe77,3f3645a2,3f352000,708,1721709,1634
54,3e8d9408,3ea00000,3e1db22d,3f353f7d,3f342000,704,1716458,1630
55,3e8c0592,3ea00000,3e1ba5e3,3f343958,3f332000,700,1713250,1626
56,3e8a79bc,3ea00000,3e1a9fbe,3f333333,3f322000,696,1709750,1622
57,3e88f323,3ea00000,3e189375,3f322d0e,3f312000,692,1707125,1596
58,3e8771c9,3ea00000,3e16872b,3f3126e9,3f302000,688,1676500,1590
59,3e85f30e,3ea00000,3e158106,3f3020c5,3f2f2000,684,1675917,1589
60,3e847c31,3ea00000,3e126e98,3f2f1aa0,3f2e2000,680,1675917,1589
61,3e830553,3ea00000,3e126e98,3f2e147b,3f2d2000,676,1677083,1591
62,3e819653,3ea00000,3e0f5c29,3f2d0e56,3f2c4000,673,1681458,1594
63,3e8029f1,3ea00000,3e0e5604,3f2c49ba,3f2b4000,669,1675625,1588
64,3e7d805e,3ea00000,3e0d4fdf,3f2b4396,3f2a4000,665,1673584,1587
65,3e7abc94,3ea00000,3e0a3d71,3f2a3d71,3f296000,662,1670959,1584
66,3e77f8cb,3ea00000,3e0a3d71,3f2978d5,3f286000,658,1684084,1597
67,3e7544bb,3ea00000,3e072b02,3f2872b0,3f27a000,655,1677958,1592
68,3e7290ac,3ea00000,3e072b02,3f27ae14,3f26a000,651,1679125,1593
69,3e6fec57,3ea00000,3e041893,3f26a7f0,3f25c000,647,1681166,1594
70,3e6d4d40,3ea00000,3e03126f,3f25a1cb,3f24e000,644,1679709,1593
71,3e6ab368,3ea00000,3e020c4a,3f24dd2f,3f240000,641,1676792,1589
72,3e68240b,3ea00000,3e000000,3f241893,3f234000,638,1684084,1597
73,3e6599ed,3ea00000,3dfdf3b6,3f2353f8,3f226000,634,1680875,1593
74,3e63150e,3ea00000,3dfbe76d,3f224dd3,3f218000,631,1682333,1594
75,3e609aaa,3ea00000,3df7ced9,3f218937,3f20a000,627,1678542,1592
76,3e5e2ac3,3ea00000,3df3b646,3f208312,3f1fe000,625,1679125,1593
77,3e5bc01a,3ea00000,3df1a9fc,3f200000,3f1f2000,622,1673583,1587
78,3e595aaf,3ea00000,3def9db2,3f1f3b64,3f1e4000,618,1682042,1596
79,3e56fa83,3ea00000,3ded9168,3f1e353f,3f1d8000,615,1675041,1588
80,3e54a4d3,3ea00000,3de978d5,3f1d70a4,3f1cc000,612,1678833,1592
81,3e525461,3ea00000,3de76c8b,3f1cac08,3f1be000,609,1676500,1590
82,3e50092d,3ea00000,3de56042,3f1be76d,3f1b2000,606,1683208,1596
83,3e4dc875,3ea00000,3de147ae,3f1b22d1,3f1a6000,603,1677666,1590
84,3e4b8cfc,3ea00000,3ddf3b64,3f1a5e35,3f19a000,600,1682625,1594
85,3e4956c1,3ea00000,3ddd2f1b,3f19999a,3f18e000,597,1678250,1590
86,3e472b02,3ea00000,3dd91687,3f18d4fe,3f184000,595,1682625,1594
87,3e44ff43,3ea00000,3dd91687,3f1851ec,3f178000,592,1676209,1589
88,3e42de01,3ea00000,3dd4fdf4,3f178d50,3f16c000,589,1678833,1592
89,3e40c1fd,3ea00000,3dd2f1aa,3f16c8b4,3f162000,586,1675042,1588
90,3e3eab36,3ea00000,3dd0e560,3f160419,3f156000,583,1680291,1593
91,3e3c9eed,3ea00000,3dcccccd,3f153f7d,3f14c000,581,1675041,1588
92,3e3a92a3,3ea00000,3dcccccd,3f14bc6a,3f140000,578,1685542,1598
93,3e3890d6,3ea00000,3dc8b439,3f13f7cf,3f136000,576,1680000,1593
94,3e369446,3ea00000,3dc6a7f0,3f1374bc,3f12c000,573,1681166,1594
95,3e349cf5,3ea00000,3dc49ba6,3f12b021,3f120000,570,1675334,1588
96,3e32aae3,3ea00000,3dc28f5c,3f11eb85,3f116000,568,1678250,1591
97,3e30be0e,3ea00000,3dc08312,3f116873,3f10c000,565,1675625,1589
98,3e2ed677,3ea00000,3dbe76c9,3f10a3d7,3f102000,563,1682041,1595
99,3e2cf41f,3ea00000,3dbc6a7f,3f1020c5,3f0f8000,561,1676208,1589
100,3e2b1705,3ea00000,3dba5e35,3f0f9db2,3f0ee000,558,1676500,1590
101,3e294467,3ea00000,3db645a2,3f0ed917,3f0e4000,556,1725792,1637
102,3e2771c9,3ea00000,3db645a2,3f0e5604,3f0da000,553,1683209,1596
103,3e25a46a,3ea00000,3db43958,3f0d9168,3f0d0000,551,1679125,1592
104,3e23e187,3ea00000,3db020c5,3f0d0e56,3f0c8000,549,1680875,1593
105,3e221ea3,3ea00000,3db020c5,3f0c8b44,3f0be000,546,1675625,1588
106,3e20663c,3ea00000,3dac0831,3f0bc6a8,3f0b6000,544,1677375,1590
107,3e1eadd6,3ea00000,3dac0831,3f0b4396,3f0ac000,542,1673875,1586
108,3e1cfaad,3ea00000,3da9fbe7,3f0ac083,3f0a2000,540,1680292,1594
109,3e1b4cc2,3ea00000,3da7ef9e,3f0a3d71,3f09a000,538,1674167,1587
110,3e19a416,3ea00000,3da5e354,3f09ba5e,3f092000,536,1680291,1592
111,3e1800a8,3ea00000,3da3d70a,3f09374c,3f088000,533,1705667,1589
112,3e166278,3ea00000,3da1cac1,3f0872b0,3f080000,531,1735708,1627
113,3e14c986,3ea00000,3d9fbe77,3f07ef9e,3f076000,529,1728417,1638
114,3e1335d2,3ea00000,3d9db22d,3f076c8b,3f070000,527,1742125,1652
115,3e11a75d,3ea00000,3d9ba5e3,3f06e979,3f066000,525,1744166,1654
116,3e1018e7,3ea00000,3d9ba5e3,3f066666,3f05e000,523,1746791,1657
117,3e0e94ee,3ea00000,3d978d50,3f05e354,3f056000,521,1740959,1650
118,3e0d10f5,3ea00000,3d978d50,3f056042,3f04e000,519,1741833,1652
119,3e0b923a,3ea00000,3d958106,3f04dd2f,3f046000,517,1740959,1651
120,3e0a18bd,3ea00000,3d9374bc,3f045a1d,3f03e000,515,1743291,1655
121,3e08a47f,3ea00000,3d916873,3f03d70a,3f036000,513,1747958,1660
122,3e07357e,3ea00000,3d8f5c29,3f0353f8,3f030000,512,1753792,1666
123,3e05c67e,3ea00000,3d8f5c29,3f03126f,3f028000,510,1745625,1658
124,3e045cbc,3ea00000,3d8d4fdf,3f028f5c,3f020000,508,1745625,1658
125,3e02f838,3ea00000,3d8b4396,3f020c4a,3f018000,506,1739500,1653
126,3e0198f2,3ea00000,3d89374c,3f018937,3f012000,504,1744750,1657
127,3e0039ac,3ea00000,3d89374c,3f010625,3f00a000,502,1744750,1657
128,3dfdc9c5,3ea00000,3d851eb8,3f008312,3f004000,501,1741833,1654
129,3dfb15b5,3ea00000,3d872b02,3f004189,3eff6000,499,1736000,1649
130,3df8769f,3ea00000,3d83126f,3eff7cee,3efea000,497,1782084,1695
131,3df5e204,3ea00000,3d810625,3efe76c9,3efdc000,496,1744167,1656
132,3df34d6a,3ea00000,3d810625,3efdf3b6,3efce000,494,1742417,1654
133,3df0c34c,3ea00000,3d7df3b6,3efced91,3efc0000,492,1740084,1652
134,3dee43aa,3ea00000,3d79db23,3efbe76d,3efb4000,491,1750000,1662
135,3debc409,3ea00000,3d79db23,3efb645a,3efa6000,489,1744167,1657
136,3de94ee4,3ea00000,3d75c28f,3efa5e35,3ef98000,487,1737459,1650
137,3de6e43b,3ea00000,3d71a9fc,3ef95810,3ef8c000,486,1733958,1646
138,3de47992,3ea00000,3d71a9fc,3ef8d4fe,3ef7e000,484,1740667,1653
139,3de21965,3ea00000,3d6d9168,3ef7ced9,3ef72000,483,1738042,1650
140,3ddfc3b5,3ea00000,3d6978d5,3ef74bc7,3ef66000,481,1734541,1648
141,3ddd6e05,3ea00000,3d6978d5,3ef645a2,3ef58000,479,1740667,1652
142,3ddb2d4d,3ea00000,3d6147ae,3ef53f7d,3ef4e000,478,1740959,1653
143,3dd8e219,3ea00000,3d656042,3ef4bc6a,3ef40000,477,1729291,1642
144,3dd6abde,3ea00000,3d5d2f1b,3ef43958,3ef36000,475,1725500,1616
145,3dd475a3,3ea00000,3d5d2f1b,3ef33333,3ef2a000,474,1700125,1613
146,3dd23f68,3ea00000,3d5d2f1b,3ef2b021,3ef1e000,472,1694292,1592
147,3dd01e26,3ea00000,3d54fdf4,3ef1a9fc,3ef14000,471,1680000,1592
148,3dcdf267,3ea00000,3d591687,3ef126e9,3ef06000,469,1675917,1589
149,3dcbdba1,3ea00000,3d50e560,3ef020c5,3eefc000,468,1679708,1593
150,3dc9c4db,3ea00000,3d50e560,3eef9db2,3eef0000,467,1675916,1589
151,3dc7b891,3ea00000,3d4ccccd,3eef1aa0,3eee6000,466,1678542,1591
152,3dc5ac47,3ea00000,3d4ccccd,3eee978d,3eedc000,464,1681167,1594
153,3dc39ffd,3ea00000,3d4ccccd,3eed9168,3eed0000,463,1677667,1590
154,3dc1a8ac,3ea00000,3d449ba6,3eed0e56,3eec6000,462,1676792,1589
155,3dbfa6df,3ea00000,3d48b439,3eec8b44,3eeba000,460,1679125,1591
156,3dbdba0a,3ea00000,3d408312,3eeb851f,3eeb2000,459,1676209,1589
157,3dbbcd36,3ea00000,3d408312,3eeb020c,3eea6000,458,1680000,1593
158,3db9e061,3ea00000,3d408312,3eea7efa,3ee9c000,457,1678542,1591
159,3db7fe09,3ea00000,3d3c6a7f,3ee9fbe7,3ee92000,455,1679125,1592
160,3db6262d,3ea00000,3d3851ec,3ee8f5c3,3ee88000,454,1680292,1593
161,3db44e51,3ea00000,3d3851ec,3ee872b0,3ee7e000,453,1680292,1593
162,3db27675,3ea00000,3d3851ec,3ee7ef9e,3ee74000,452,1680583,1593
163,3db0a915,3ea00000,3d343958,3ee76c8b,3ee6c000,451,1675625,1589
164,3daee632,3ea00000,3d3020c5,3ee6e979,3ee62000,449,1677375,1591
165,3dad234f,3ea00000,3d3020c5,3ee5e354,3ee58000,448,1679125,1593
166,3dab6ae8,3ea00000,3d2c0831,3ee56042,3ee50000,447,1676500,1589
167,3da9b281,3ea00000,3d2c0831,3ee4dd2f,3ee46000,446,1678250,1591
168,3da7fa1a,3ea00000,3d2c0831,3ee45a1d,3ee3c000,445,1678542,1592
169,3da64c30,3ea00000,3d27ef9e,3ee3d70a,3ee34000,444,1679709,1593
170,3da4a8c1,3ea00000,3d23d70a,3ee353f8,3ee2c000,443,1679416,1592
171,3da30553,3ea00000,3d23d70a,3ee2d0e5,3ee22000,442,1677375,1590
172,3da161e5,3ea00000,3d23d70a,3ee24dd3,3ee1a000,441,1683208,1596
173,3d9fc8f3,3ea00000,3d1fbe77,3ee1cac1,3ee12000,440,1680292,1592
174,3d9e3001,3ea00000,3d1fbe77,3ee147ae,3ee0a000,439,1678542,1591
175,3d9ca18c,3ea00000,3d1ba5e3,3ee0c49c,3ee02000,438,1676500,1590
176,3d9b1316,3ea00000,3d1ba5e3,3ee04189,3edf8000,437,1679708,1592
177,3d9984a1,3ea00000,3d1ba5e3,3edfbe77,3edf0000,436,1678542,1591
178,3d9800a8,3ea00000,3d178d50,3edf3b64,3ede8000,435,1674458,1587
179,3d967caf,3ea00000,3d178d50,3edeb852,3ede0000,434,1680583,1593
180,3d950332,3ea00000,3d1374bc,3ede353f,3edd8000,433,1677375,1591
181,3d9389b5,3ea00000,3d1374bc,3eddb22d,3edd0000,432,1677667,1591
182,3d921ab5,3ea00000,3d0f5c29,3edd2f1b,3edca000,431,1684083,1598
183,3d90abb4,3ea00000,3d0f5c29,3edcac08,3edc0000,430,1678250,1591
184,3d8f4730,3ea00000,3d0b4396,3edc28f6,3edba000,429,1676500,1590
185,3d8dd830,3ea00000,3d0f5c29,3edba5e3,3edb0000,428,1679125,1592
186,3d8c7e28,3ea00000,3d072b02,3edb22d1,3edac000,427,1679417,1593
187,3d8b19a4,3ea00000,3d0b4396,3eda9fbe,3eda2000,426,1677375,1590
188,3d89ca19,3ea00000,3d03126f,3eda1cac,3ed9e000,426,1676209,1589
189,3d887011,3ea00000,3d072b02,3eda1cac,3ed96000,425,1678542,1592
190,3d872086,3ea00000,3d03126f,3ed9999a,3ed90000,424,1677375,1590
191,3d85d0fa,3ea00000,3d03126f,3ed91687,3ed88000,423,1680000,1593
192,3d84816f,3ea00000,3d03126f,3ed89375,3ed80000,422,1680292,1593
193,3d833c60,3ea00000,3cfdf3b6,3ed81062,3ed7a000,421,1678542,1592
194,3d81f751,3ea00000,3cfdf3b6,3ed78d50,3ed72000,420,1674167,1587
195,3d80bcbe,3ea00000,3cf5c28f,3ed70a3d,3ed6c000,419,1679417,1593
196,3d7f0457,3ea00000,3cf5c28f,3ed6872b,3ed66000,419,1675625,1589
197,3d7c8f32,3ea00000,3cf5c28f,3ed6872b,3ed5e000,418,1678541,1592
198,3d7a2f06,3ea00000,3ced9168,3ed60419,3ed5a000,417,1678542,1591
199,3d77ced9,3ea00000,3ced9168,3ed58106,3ed52000,416,1680291,1593
200,3d756ead,3ea00000,3ced9168,3ed4fdf4,3ed4c000,416,1675042,1587
201,3d732379,3ea00000,3ce56042,3ed4fdf4,3ed48000,415,1676500,1589
202,3d70d845,3ea00000,3ce56042,3ed47ae1,3ed40000,414,1678833,1592
203,3d6e8d11,3ea00000,3ce56042,3ed3f7cf,3ed3a000,413,1680583,1594
204,3d6c56d6,3ea00000,3cdd2f1b,3ed374bc,3ed34000,413,1676500,1589
205,3d6a209b,3ea00000,3cdd2f1b,3ed374bc,3ed2e000,412,1680292,1593
206,3d67ea60,3ea00000,3cdd2f1b,3ed2f1aa,3ed28000,411,1675917,1588
207,3d65c91d,3ea00000,3cd4fdf4,3ed26e98,3ed24000,411,1675333,1589
208,3d6392e2,3ea00000,3cdd2f1b,3ed26e98,3ed1c000,410,1677666,1591
209,3d61719f,3ea00000,3cd4fdf4,3ed1eb85,3ed18000,409,1677375,1590
210,3d5f6556,3ea00000,3ccccccd,3ed16873,3ed12000,408,1679417,1592
211,3d5d590c,3ea00000,3ccccccd,3ed0e560,3ed0c000,408,1677958,1591
212,3d5b4cc2,3ea00000,3ccccccd,3ed0e560,3ed06000,407,1681167,1594
213,3d594079,3ea00000,3ccccccd,3ed0624e,3ed00000,406,1678833,1592
214,3d574928,3ea00000,3cc49ba6,3ecfdf3b,3ecfc000,406,1677958,1591
215,3d553cde,3ea00000,3ccccccd,3ecfdf3b,3ecf6000,405,1677375,1591
216,3d535a86,3ea00000,3cbc6a7f,3ecf5c29,3ecf2000,405,1676208,1589
217,3d516335,3ea00000,3cc49ba6,3ecf5c29,3ecec000,404,1677667,1590
218,3d4f80dc,3ea00000,3cbc6a7f,3eced917,3ece8000,403,1677667,1590
219,3d4d9e84,3ea00000,3cbc6a7f,3ece5604,3ece2000,403,1681167,1594
220,3d4bbc2c,3ea00000,3cbc6a7f,3ece5604,3ecde000,402,1677958,1591
221,3d49d9d3,3ea00000,3cbc6a7f,3ecdd2f2,3ecd8000,401,1712084,1620
222,3d480c74,3ea00000,3cb43958,3ecd4fdf,3ecd4000,401,1717917,1626
223,3d463f14,3ea00000,3cb43958,3ecd4fdf,3ecce000,400,1726958,1637
224,3d4471b4,3ea00000,3cb43958,3ecccccd,3ecca000,400,1727250,1637
225,3d42b94e,3ea00000,3cac0831,3ecccccd,3ecc6000,399,1725500,1636
226,3d4100e7,3ea00000,3cac0831,3ecc49ba,3ecc2000,399,1724041,1634
227,3d3f3387,3ea00000,3cb43958,3ecc49ba,3ecbc000,398,1718500,1630
228,3d3d9019,3ea00000,3ca3d70a,3ecbc6a8,3ecb8000,397,1715000,1626
229,3d3bd7b2,3ea00000,3cac0831,3ecb4396,3ecb2000,397,1726666,1638
230,3d3a3444,3ea00000,3ca3d70a,3ecb4396,3ecb0000,396,1724916,1637
231,3d3890d6,3ea00000,3ca3d70a,3ecac083,3ecaa000,396,1724042,1637
232,3d36ed67,3ea00000,3ca3d70a,3ecac083,3eca6000,395,1728708,1641
233,3d3549f9,3ea00000,3ca3d70a,3eca3d71,3eca0000,395,1724333,1637
234,3d33bb84,3ea00000,3c9ba5e3,3eca3d71,3ec9e000,394,1724625,1635
235,3d322d0e,3ea00000,3c9ba5e3,3ec9ba5e,3ec9a000,394,1720541,1633
236,3d309e99,3ea00000,3c9ba5e3,3ec9ba5e,3ec96000,393,1723750,1636
237,3d2f1023,3ea00000,3c9ba5e3,3ec9374c,3ec90000,393,1723750,1636
238,3d2d96a7,3ea00000,3c9374bc,3ec9374c,3ec8e000,392,1726667,1639
239,3d2c0831,3ea00000,3c9ba5e3,3ec8b439,3ec88000,392,1729875,1642
240,3d2a8eb4,3ea00000,3c9374bc,3ec8b439,3ec86000,391,1719083,1632
241,3d291538,3ea00000,3c9374bc,3ec83127,3ec82000,391,1724333,1637
242,3d27b0b4,3ea00000,3c8b4396,3ec83127,3ec7e000,390,1731042,1643
243,3d263737,3ea00000,3c9374bc,3ec7ae14,3ec78000,390,1726084,1640
244,3d24d2b3,3ea00000,3c8b4396,3ec7ae14,3ec76000,389,1719958,1632
245,3d236e2f,3ea00000,3c8b4396,3ec72b02,3ec72000,389,1725792,1638
246,3d2209ab,3ea00000,3c8b4396,3ec72b02,3ec6e000,388,1719959,1632
247,3d20ba1f,3ea00000,3c83126f,3ec6a7f0,3ec6c000,388,1714417,1627
248,3d1f559b,3ea00000,3c8b4396,3ec6a7f0,3ec66000,387,1719083,1631
249,3d1e0610,3ea00000,3c83126f,3ec624dd,3ec64000,387,1718500,1631
250,3d1cb685,3ea00000,3c83126f,3ec624dd,3ec60000,387,1718500,1631
251,3d1b66f9,3ea00000,3c83126f,3ec624dd,3ec5c000,386,1716166,1629
252,3d1a176e,3ea00000,3c83126f,3ec5a1cb,3ec58000,386,1709167,1622
253,3d18dcdb,3ea00000,3c75c28f,3ec5a1cb,3ec58000,386,1707416,1620
254,3d178d50,3ea00000,3c83126f,3ec5a1cb,3ec52000,385,1679709,1588
255,3d1652bd,3ea00000,3c75c28f,3ec51eb8,3ec50000,385,1677958,1591
256,3d15182b,3ea00000,3c75c28f,3ec51eb8,3ec4c000,384,1676500,1589
257,3d13dd98,3ea00000,3c75c28f,3ec49ba6,3ec48000,384,1680875,1594
258,3d12a305,3ea00000,3c75c28f,3ec49ba6,3ec46000,384,1680583,1594
259,3d117d6b,3ea00000,3c656042,3ec49ba6,3ec44000,383,1675625,1588
260,3d1042d9,3ea00000,3c75c28f,3ec41893,3ec3e000,383,1677959,1591
261,3d0f1d3f,3ea00000,3c656042,3ec41893,3ec3c000,382,1679416,1592
262,3d0df7a5,3ea00000,3c656042,3ec39581,3ec3a000,382,1676500,1590
263,3d0cd20b,3ea00000,3c656042,3ec39581,3ec36000,382,1679417,1592
264,3d0bac71,3ea00000,3c656042,3ec39581,3ec32000,381,1673292,1586
265,3d0a9bd0,3ea00000,3c54fdf4,3ec3126f,3ec30000,381,1677083,1591
266,3d097636,3ea00000,3c656042,3ec3126f,3ec2c000,380,1676791,1589
267,3d086595,3ea00000,3c54fdf4,3ec28f5c,3ec2a000,380,1678541,1592
268,3d0754f3,3ea00000,3c54fdf4,3ec28f5c,3ec28000,380,1675042,1589
269,3d064452,3ea00000,3c54fdf4,3ec28f5c,3ec24000,379,1677959,1591
270,3d0533b1,3ea00000,3c54fdf4,3ec20c4a,3ec22000,379,1675625,1588
271,3d043809,3ea00000,3c449ba6,3ec20c4a,3ec20000,379,1676791,1590
272,3d032767,3ea00000,3c54fdf4,3ec20c4a,3ec1c000,378,1678833,1591
273,3d022bbf,3ea00000,3c449ba6,3ec18937,3ec1a000,378,1679416,1592
274,3d013016,3ea00000,3c449ba6,3ec18937,3ec18000,378,1674459,1587
275,3d00346e,3ea00000,3c449ba6,3ec18937,3ec14000,377,1677666,1590
276,3cfe718b,3ea00000,3c449ba6,3ec10625,3ec12000,377,1673584,1587
277,3cfc7a3a,3ea00000,3c449ba6,3ec10625,3ec0e000,377,1679708,1593
278,3cfa82e8,3ea00000,3c449ba6,3ec10625,3ec0c000,376,1674458,1587
279,3cf8b589,3ea00000,3c343958,3ec08312,3ec0a000,376,1679708,1593
280,3cf6e829,3ea00000,3c343958,3ec08312,3ec08000,376,1675917,1589
281,3cf4f0d8,3ea00000,3c449ba6,3ec08312,3ec04000,375,1677667,1591
282,3cf32379,3ea00000,3c343958,3ec00000,3ec02000,375,1677959,1590
283,3cf15619,3ea00000,3c343958,3ec00000,3ec00000,375,1678542,1591
284,3cef88b9,3ea00000,3c343958,3ec00000,3ebfe000,375,1675333,1588
285,3cede54b,3ea00000,3c23d70a,3ec00000,3ebfe000,375,1676500,1589
286,3cec17ec,3ea00000,3c343958,3ec00000,3ebfa000,374,1676208,1589
287,3cea4a8c,3ea00000,3c343958,3ebf7cee,3ebf6000,374,1680000,1592
288,3ce8a71e,3ea00000,3c23d70a,3ebf7cee,3ebf6000,374,1675333,1588
289,3ce6d9be,3ea00000,3c343958,3ebf7cee,3ebf2000,373,1680584,1593
290,3ce53650,3ea00000,3c23d70a,3ebef9db,3ebf0000,373,1675625,1588
291,3ce392e2,3ea00000,3c23d70a,3ebef9db,3ebee000,373,1675917,1588
292,3ce1ef74,3ea00000,3c23d70a,3ebef9db,3ebec000,373,1680291,1593
293,3ce04c06,3ea00000,3c23d70a,3ebef9db,3ebea000,372,1679417,1592
294,3cded289,3ea00000,3c1374bc,3ebe76c9,3ebe8000,372,1675333,1589
295,3cdd2f1b,3ea00000,3c23d70a,3ebe76c9,3ebe4000,372,1679708,1592
296,3cdbb59e,3ea00000,3c1374bc,3ebe76c9,3ebe4000,372,1673000,1586
297,3cda1230,3ea00000,3c23d70a,3ebe76c9,3ebe2000,371,1677083,1590
298,3cd898b3,3ea00000,3c1374bc,3ebdf3b6,3ebe0000,371,1673583,1587
299,3cd71f36,3ea00000,3c1374bc,3ebdf3b6,3ebde000,371,1677083,1589
300,3cd5a5b9,3ea00000,3c1374bc,3ebdf3b6,3ebdc000,371,1676209,1589
301,3cd4024b,3ea00000,3c23d70a,3ebdf3b6,3ebd8000,370,1727250,1639
302,3cd2b2c0,3ea00000,3c03126f,3ebd70a4,3ebd8000,370,1679417,1593
303,3cd13943,3ea00000,3c1374bc,3ebd70a4,3ebd6000,370,1675042,1588
304,3ccfbfc6,3ea00000,3c1374bc,3ebd70a4,3ebd4000,370,1674750,1587
305,3cce703b,3ea00000,3c03126f,3ebd70a4,3ebd4000,370,1677958,1591
306,3cccf6be,3ea00000,3c1374bc,3ebd70a4,3ebd0000,369,1672125,1585
307,3ccba733,3ea00000,3c03126f,3ebced91,3ebce000,369,1706541,1588
308,3cca2db6,3ea00000,3c1374bc,3ebced91,3ebcc000,369,1722875,1614
309,3cc8de2b,3ea00000,3c03126f,3ebced91,3ebcc000,369,1732792,1643
310,3cc78e9f,3ea00000,3c03126f,3ebced91,3ebca000,368,1734250,1644
311,3cc63f14,3ea00000,3c03126f,3ebc6a7f,3ebc6000,368,1746209,1656
312,3cc4ef89,3ea00000,3c03126f,3ebc6a7f,3ebc6000,368,1747667,1657
313,3cc39ffd,3ea00000,3c03126f,3ebc6a7f,3ebc4000,368,1741541,1652
314,3cc25072,3ea00000,3c03126f,3ebc6a7f,3ebc2000,367,1735417,1645
315,3cc12ad8,3ea00000,3be56042,3ebbe76d,3ebc0000,367,1747375,1657
316,3cbfdb4d,3ea00000,3c03126f,3ebbe76d,3ebbe000,367,1737750,1649
317,3cbeb5b3,3ea00000,3be56042,3ebbe76d,3ebbe000,367,1744167,1656
318,3cbd9019,3ea00000,3be56042,3ebbe76d,3ebbc000,367,1742416,1656
319,3cbc408e,3ea00000,3c03126f,3ebbe76d,3ebba000,366,1746500,1659
320,3cbb1af4,3ea00000,3be56042,3ebb645a,3ebb8000,366,1740667,1653
321,3cb9f55a,3ea00000,3be56042,3ebb645a,3ebb6000,366,1745042,1658
322,3cb8cfc0,3ea00000,3be56042,3ebb645a,3ebb6000,366,1746791,1659
323,3cb7aa26,3ea00000,3be56042,3ebb645a,3ebb4000,366,1743000,1655
324,3cb6848c,3ea00000,3be56042,3ebb645a,3ebb2000,365,1736583,1649
325,3cb55ef2,3ea00000,3be56042,3ebae148,3ebb0000,365,1737750,1649
326,3cb46349,3ea00000,3bc49ba6,3ebae148,3ebb0000,365,1744750,1656
327,3cb33db0,3ea00000,3be56042,3ebae148,3ebae000,365,1744458,1656
328,3cb24207,3ea00000,3bc49ba6,3ebae148,3ebae000,365,1741833,1654
329,3cb11c6d,3ea00000,3be56042,3ebae148,3ebaa000,365,1740084,1652
330,3caff6d3,3ea00000,3be56042,3ebae148,3eba8000,364,1745333,1658
331,3caefb2b,3ea00000,3bc49ba6,3eba5e35,3eba8000,364,1745334,1657
332,3cadff82,3ea00000,3bc49ba6,3eba5e35,3eba8000,364,1740083,1652
333,3cad03da,3ea00000,3bc49ba6,3eba5e35,3eba6000,364,1735125,1648
334,3cac0831,3ea00000,3bc49ba6,3eba5e35,3eba4000,364,1736875,1649
335,3cab0c89,3ea00000,3bc49ba6,3eba5e35,3eba4000,364,1744750,1657
336,3caa10e0,3ea00000,3bc49ba6,3eba5e35,3eba2000,364,1731042,1643
337,3ca8eb46,3ea00000,3be56042,3eba5e35,3eb9e000,363,1739500,1651
338,3ca8198f,3ea00000,3ba3d70a,3eb9db23,3eba0000,363,1729292,1642
339,3ca71de7,3ea00000,3bc49ba6,3eb9db23,3eb9e000,363,1723750,1636
340,3ca6223e,3ea00000,3bc49ba6,3eb9db23,3eb9c000,363,1718500,1615
341,3ca55087,3ea00000,3ba3d70a,3eb9db23,3eb9c000,363,1699250,1595
342,3ca454de,3ea00000,3bc49ba6,3eb9db23,3eb9a000,363,1677083,1591
343,3ca35936,3ea00000,3bc49ba6,3eb9db23,3eb98000,362,1678833,1591
344,3ca2877f,3ea00000,3ba3d70a,3eb95810,3eb98000,362,1677959,1591
345,3ca1b5c8,3ea00000,3ba3d70a,3eb95810,3eb96000,362,1679125,1591
346,3ca0ba1f,3ea00000,3bc49ba6,3eb95810,3eb94000,362,1672417,1585
347,3c9fe868,3ea00000,3ba3d70a,3eb95810,3eb94000,362,1679416,1593
348,3c9f16b1,3ea00000,3ba3d70a,3eb95810,3eb94000,362,1672417,1584
349,3c9e1b09,3ea00000,3bc49ba6,3eb95810,3eb90000,361,1679125,1592
350,3c9d7343,3ea00000,3b83126f,3eb8d4fe,3eb92000,362,1675041,1588
351,3c9c779a,3ea00000,3bc49ba6,3eb95810,3eb8e000,361,1678542,1592
352,3c9ba5e3,3ea00000,3ba3d70a,3eb8d4fe,3eb8e000,361,1677959,1591
353,3c9afe1e,3ea00000,3b83126f,3eb8d4fe,3eb8e000,361,1679416,1592
354,3c9a2c67,3ea00000,3ba3d70a,3eb8d4fe,3eb8c000,361,1675334,1588
355,3c995aaf,3ea00000,3ba3d70a,3eb8d4fe,3eb8c000,361,1679708,1592
356,3c9888f8,3ea00000,3ba3d70a,3eb8d4fe,3eb8a000,361,1673583,1587
357,3c97b741,3ea00000,3ba3d70a,3eb8d4fe,3eb8a000,361,1680292,1593
358,3c96e58a,3ea00000,3ba3d70a,3eb8d4fe,3eb88000,360,1675916,1589
359,3c963dc5,3ea00000,3b83126f,3eb851ec,3eb88000,360,1678833,1592
360,3c956c0d,3ea00000,3ba3d70a,3eb851ec,3eb86000,360,1676209,1588
361,3c94c448,3ea00000,3b83126f,3eb851ec,3eb86000,360,1679708,1593
362,3c941c82,3ea00000,3b83126f,3eb851ec,3eb86000,360,1679125,1592
363,3c934acb,3ea00000,3ba3d70a,3eb851ec,3eb82000,360,1677667,1591
364,3c92a305,3ea00000,3b83126f,3eb851ec,3eb84000,360,1674458,1587
365,3c91d14e,3ea00000,3ba3d70a,3eb851ec,3eb80000,359,1680000,1593
366,3c912989,3ea00000,3b83126f,3eb7ced9,3eb80000,359,1670958,1585
367,3c9081c3,3ea00000,3b83126f,3eb7ced9,3eb80000,359,1675625,1588
368,3c8fd9fd,3ea00000,3b83126f,3eb7ced9,3eb7e000,359,1673000,1585
369,3c8f3238,3ea00000,3b83126f,3eb7ced9,3eb7e000,359,1679709,1593
370,3c8e8a72,3ea00000,3b83126f,3eb7ced9,3eb7c000,359,1673875,1586
371,3c8de2ac,3ea00000,3b83126f,3eb7ced9,3eb7c000,359,1678834,1592
372,3c8d3ae7,3ea00000,3b83126f,3eb7ced9,3eb7c000,359,1680583,1594
373,3c8c9321,3ea00000,3b83126f,3eb7ced9,3eb7a000,359,1678834,1591
374,3c8beb5b,3ea00000,3b83126f,3eb7ced9,3eb7a000,359,1674458,1587
375,3c8b4396,3ea00000,3b83126f,3eb7ced9,3eb78000,358,1678541,1592
376,3c8ac5c1,3ea00000,3b449ba6,3eb74bc7,3eb78000,358,1675334,1588
377,3c8a1dfc,3ea00000,3b83126f,3eb74bc7,3eb76000,358,1682625,1594
378,3c897636,3ea00000,3b83126f,3eb74bc7,3eb76000,358,1676208,1588
379,3c88f862,3ea00000,3b449ba6,3eb74bc7,3eb76000,358,1683208,1595
380,3c88509c,3ea00000,3b83126f,3eb74bc7,3eb74000,358,1676209,1589
381,3c87d2c8,3ea00000,3b449ba6,3eb74bc7,3eb74000,358,1680292,1592
382,3c872b02,3ea00000,3b83126f,3eb74bc7,3eb72000,358,1682334,1595
383,3c86ad2e,3ea00000,3b449ba6,3eb74bc7,3eb74000,358,1683500,1596
384,3c860568,3ea00000,3b83126f,3eb74bc7,3eb70000,357,1679416,1592
385,3c858794,3ea00000,3b449ba6,3eb6c8b4,3eb72000,358,1682042,1594
386,3c84dfce,3ea00000,3b83126f,3eb74bc7,3eb70000,357,1677375,1590
387,3c8461fa,3ea00000,3b449ba6,3eb6c8b4,3eb70000,357,1684084,1596
388,3c83e426,3ea00000,3b449ba6,3eb6c8b4,3eb6e000,357,1676208,1589
389,3c836651,3ea00000,3b449ba6,3eb6c8b4,3eb6e000,357,1679416,1592
390,3c82e87d,3ea00000,3b449ba6,3eb6c8b4,3eb6e000,357,1676500,1589
391,3c8240b8,3ea00000,3b83126f,3eb6c8b4,3eb6c000,357,1684083,1595
392,3c81c2e3,3ea00000,3b449ba6,3eb6c8b4,3eb6c000,357,1685250,1598
393,3c81450f,3ea00000,3b449ba6,3eb6c8b4,3eb6c000,357,1682625,1595
394,3c80c73b,3ea00000,3b449ba6,3eb6c8b4,3eb6a000,357,1678542,1592
395,3c804966,3ea00000,3b449ba6,3eb6c8b4,3eb6a000,357,1684667,1597
396,3c7f9724,3ea00000,3b449ba6,3eb6c8b4,3eb6a000,357,1679125,1592
397,3c7e9b7c,3ea00000,3b449ba6,3eb6c8b4,3eb68000,356,1682334,1595
398,3c7d9fd3,3ea00000,3b449ba6,3eb645a2,3eb68000,356,1678250,1591
399,3c7ca42b,3ea00000,3b449ba6,3eb645a2,3eb66000,356,1680875,1594
400,3c7ba882,3ea00000,3b449ba6,3eb645a2,3eb66000,356,1676792,1590
401,3c7b00bd,3ea00000,3b03126f,3eb645a2,3eb68000,356,1677083,1590
402,3c7a0514,3ea00000,3b449ba6,3eb645a2,3eb66000,356,1679708,1593
403,3c79096c,3ea00000,3b449ba6,3eb645a2,3eb64000,356,1676500,1589
404,3c780dc3,3ea00000,3b449ba6,3eb645a2,3eb64000,356,1675333,1588
405,3c7765fe,3ea00000,3b03126f,3eb645a2,3eb64000,356,1679416,1592
406,3c766a55,3ea00000,3b449ba6,3eb645a2,3eb62000,356,1672708,1585
407,3c756ead,3ea00000,3b449ba6,3eb645a2,3eb62000,356,1678834,1593
408,3c74c6e7,3ea00000,3b03126f,3eb645a2,3eb64000,356,1675916,1588
409,3c73cb3e,3ea00000,3b449ba6,3eb645a2,3eb62000,356,1677083,1590
410,3c72cf96,3ea00000,3b449ba6,3eb645a2,3eb60000,355,1674750,1588
411,3c7227d0,3ea00000,3b03126f,3eb5c28f,3eb60000,355,1677083,1590
412,3c71800a,3ea00000,3b03126f,3eb5c28f,3eb60000,355,1680292,1593
413,3c708462,3ea00000,3b449ba6,3eb5c28f,3eb5e000,355,1678833,1591
414,3c6fdc9c,3ea00000,3b03126f,3eb5c28f,3eb60000,355,1672709,1586
415,3c6f34d7,3ea00000,3b03126f,3eb5c28f,3eb5e000,355,1680000,1593
416,3c6e392e,3ea00000,3b449ba6,3eb5c28f,3eb5c000,355,1708291,1588
417,3c6d9168,3ea00000,3b03126f,3eb5c28f,3eb5e000,355,1711208,1621
418,3c6ce9a3,3ea00000,3b03126f,3eb5c28f,3eb5e000,355,1710625,1620
419,3c6bedfa,3ea00000,3b449ba6,3eb5c28f,3eb5c000,355,1730167,1640
420,3c6b4635,3ea00000,3b03126f,3eb5c28f,3eb5c000,355,1726666,1637
421,3c6a9e6f,3ea00000,3b03126f,3eb5c28f,3eb5c000,355,1725792,1635
422,3c69f6a9,3ea00000,3b03126f,3eb5c28f,3eb5c000,355,1724917,1634
423,3c68fb01,3ea00000,3b449ba6,3eb5c28f,3eb5a000,355,1725208,1635
424,3c68533b,3ea00000,3b03126f,3eb5c28f,3eb5a000,355,1715292,1627
425,3c67ab75,3ea00000,3b03126f,3eb5c28f,3eb5a000,355,1725209,1637
426,3c6703b0,3ea00000,3b03126f,3eb5c28f,3eb5a000,355,1723167,1635
427,3c660807,3ea00000,3b449ba6,3eb5c28f,3eb58000,354,1724334,1636
428,3c65b424,3ea00000,3a83126f,3eb53f7d,3eb5a000,355,1723458,1636
429,3c64b87c,3ea00000,3b449ba6,3eb5c28f,3eb56000,354,1725792,1638
430,3c6410b6,3ea00000,3b03126f,3eb53f7d,3eb56000,354,1720541,1632
431,3c6368f1,3ea00000,3b03126f,3eb53f7d,3eb56000,354,1726667,1639
432,3c63150e,3ea00000,3a83126f,3eb53f7d,3eb58000,354,1722875,1635
433,3c626d48,3ea00000,3b03126f,3eb53f7d,3eb56000,354,1723458,1636
434,3c61c582,3ea00000,3b03126f,3eb53f7d,3eb56000,354,1722000,1634
435,3c611dbd,3ea00000,3b03126f,3eb53f7d,3eb54000,354,1725500,1638
436,3c6075f7,3ea00000,3b03126f,3eb53f7d,3eb54000,354,1719666,1632
437,3c5fce31,3ea00000,3b03126f,3eb53f7d,3eb54000,354,1726084,1638
438,3c5f266c,3ea00000,3b03126f,3eb53f7d,3eb54000,354,1723458,1635
439,3c5e7ea6,3ea00000,3b03126f,3eb53f7d,3eb54000,354,1725792,1638
440,3c5e2ac3,3ea00000,3a83126f,3eb53f7d,3eb54000,354,1718208,1632
441,3c5d82fd,3ea00000,3b03126f,3eb53f7d,3eb52000,354,1723750,1636
442,3c5cdb38,3ea00000,3b03126f,3eb53f7d,3eb52000,354,1722000,1634
443,3c5c3372,3ea00000,3b03126f,3eb53f7d,3eb52000,354,1715000,1628
444,3c5b8bac,3ea00000,3b03126f,3eb53f7d,3eb52000,354,1716459,1629
445,3c5b37ca,3ea00000,3a83126f,3eb53f7d,3eb52000,354,1722000,1635
446,3c5a9004,3ea00000,3b03126f,3eb53f7d,3eb50000,354,1715000,1628
447,3c59e83e,3ea00000,3b03126f,3eb53f7d,3eb50000,354,1710041,1622
448,3c594079,3ea00000,3b03126f,3eb53f7d,3eb50000,354,1706542,1620
449,3c5898b3,3ea00000,3b03126f,3eb53f7d,3eb50000,354,1699833,1592
450,3c5844d0,3ea00000,3a83126f,3eb53f7d,3eb50000,354,1676208,1589
451,3c579d0a,3ea00000,3b03126f,3eb53f7d,3eb4e000,353,1679125,1592
452,3c56f545,3ea00000,3b03126f,3eb4bc6a,3eb4e000,353,1678250,1591
453,3c56a162,3ea00000,3a83126f,3eb4bc6a,3eb4e000,353,1677959,1591
454,3c564d7f,3ea00000,3a83126f,3eb4bc6a,3eb4e000,353,1673875,1587
455,3c55a5b9,3ea00000,3b03126f,3eb4bc6a,3eb4c000,353,1678250,1592
456,3c5551d7,3ea00000,3a83126f,3eb4bc6a,3eb4e000,353,1673000,1586
457,3c54aa11,3ea00000,3b03126f,3eb4bc6a,3eb4c000,353,1680292,1593
458,3c54562e,3ea00000,3a83126f,3eb4bc6a,3eb4e000,353,1673000,1585
459,3c53ae68,3ea00000,3b03126f,3eb4bc6a,3eb4c000,353,1681167,1594
460,3c535a86,3ea00000,3a83126f,3eb4bc6a,3eb4c000,353,1676500,1589
461,3c52b2c0,3ea00000,3b03126f,3eb4bc6a,3eb4a000,353,1678542,1592
462,3c525edd,3ea00000,3a83126f,3eb4bc6a,3eb4c000,353,1678542,1591
463,3c520afa,3ea00000,3a83126f,3eb4bc6a,3eb4c000,353,1675916,1589
464,3c516335,3ea00000,3b03126f,3eb4bc6a,3eb4a000,353,1673292,1586
465,3c510f52,3ea00000,3a83126f,3eb4bc6a,3eb4c000,353,1677084,1590
466,3c50678c,3ea00000,3b03126f,3eb4bc6a,3eb4a000,353,1674166,1587
467,3c5013a9,3ea00000,3a83126f,3eb4bc6a,3eb4a000,353,1680291,1593
468,3c4fbfc6,3ea00000,3a83126f,3eb4bc6a,3eb4a000,353,1672708,1585
469,3c4f1801,3ea00000,3b03126f,3eb4bc6a,3eb48000,353,1682042,1595
470,3c4ec41e,3ea00000,3a83126f,3eb4bc6a,3eb4a000,353,1676792,1590
471,3c4e703b,3ea00000,3a83126f,3eb4bc6a,3eb4a000,353,1678833,1591
472,3c4dc875,3ea00000,3b03126f,3eb4bc6a,3eb48000,353,1678833,1592
473,3c4d7492,3ea00000,3a83126f,3eb4bc6a,3eb48000,353,1678542,1591
474,3c4d20b0,3ea00000,3a83126f,3eb4bc6a,3eb48000,353,1674458,1588
475,3c4c78ea,3ea00000,3b03126f,3eb4bc6a,3eb46000,352,1676792,1589
476,3c4c2507,3ea00000,3a83126f,3eb43958,3eb48000,353,1675917,1588
477,3c4bd124,3ea00000,3a83126f,3eb4bc6a,3eb48000,353,1680292,1593
478,3c4b295f,3ea00000,3b03126f,3eb4bc6a,3eb46000,352,1674458,1588
479,3c4ad57c,3ea00000,3a83126f,3eb43958,3eb46000,352,1675625,1587
480,3c4a8199,3ea00000,3a83126f,3eb43958,3eb46000,352,1674459,1587
481,3c4a2db6,3ea00000,3a83126f,3eb43958,3eb46000,352,1677375,1590
482,3c49d9d3,3ea00000,3a83126f,3eb43958,3eb46000,352,1677084,1590
483,3c4985f0,3ea00000,3a83126f,3eb43958,3eb46000,352,1676500,1590
484,3c49320e,3ea00000,3a83126f,3eb43958,3eb46000,352,1678250,1591
485,3c48de2b,3ea00000,3a83126f,3eb43958,3eb44000,352,1675917,1590
486,3c488a48,3ea00000,3a83126f,3eb43958,3eb44000,352,1672125,1585
487,3c483665,3ea00000,3a83126f,3eb43958,3eb44000,352,1676792,1590
488,3c47e282,3ea00000,3a83126f,3eb43958,3eb44000,352,1673875,1586
489,3c478e9f,3ea00000,3a83126f,3eb43958,3eb44000,352,1677666,1590
490,3c473abd,3ea00000,3a83126f,3eb43958,3eb44000,352,1675917,1589
491,3c46e6da,3ea00000,3a83126f,3eb43958,3eb44000,352,1677958,1590
492,3c4692f7,3ea00000,3a83126f,3eb43958,3eb44000,352,1678833,1592
493,3c463f14,3ea00000,3a83126f,3eb43958,3eb44000,352,1676791,1590
494,3c45eb31,3ea00000,3a83126f,3eb43958,3eb44000,352,1673875,1586
495,3c45974e,3ea00000,3a83126f,3eb43958,3eb42000,352,1677666,1591
496,3c45436c,3ea00000,3a83126f,3eb43958,3eb42000,352,1673000,1586
497,3c44ef89,3ea00000,3a83126f,3eb43958,3eb42000,352,1677375,1591
498,3c449ba6,3ea00000,3a83126f,3eb43958,3eb42000,352,1677667,1590
499,3c4447c3,3ea00000,3a83126f,3eb43958,3eb42000,352,1677958,1591
500,3c43f3e0,3ea00000,3a83126f,3eb43958,3eb42000,352,1676208,1589
501,3c43f3e0,3ea00000,00000000,3eb43958,3eb44000,352,1724042,1636
502,3c439ffd,3ea00000,3a83126f,3eb43958,3eb42000,352,1680000,1593
503,3c434c1b,3ea00000,3a83126f,3eb43958,3eb42000,352,1713542,1624
504,3c42f838,3ea00000,3a83126f,3eb43958,3eb42000,352,1728125,1620
505,3c42a455,3ea00000,3a83126f,3eb43958,3eb40000,352,1745042,1655
506,3c425072,3ea00000,3a83126f,3eb43958,3eb40000,352,1742416,1653
507,3c41fc8f,3ea00000,3a83126f,3eb43958,3eb40000,352,1743875,1654
508,3c41a8ac,3ea00000,3a83126f,3eb43958,3eb40000,352,1742417,1651
509,3c4154ca,3ea00000,3a83126f,3eb43958,3eb40000,352,1738917,1649
510,3c4100e7,3ea00000,3a83126f,3eb43958,3eb40000,352,1733375,1644
511,3c40ad04,3ea00000,3a83126f,3eb43958,3eb40000,352,1745625,1656
512,3c405921,3ea00000,3a83126f,3eb43958,3eb40000,352,1750292,1663
513,3c40053e,3ea00000,3a83126f,3eb43958,3eb40000,352,1747375,1659
514,3c3fb15b,3ea00000,3a83126f,3eb43958,3eb40000,352,1799583,1714
515,3c3fb15b,3ea00000,00000000,3eb43958,3eb40000,352,1745625,1657
516,3c3f5d79,3ea00000,3a83126f,3eb43958,3eb3e000,351,1742125,1654
517,3c3f0996,3ea00000,3a83126f,3eb3b646,3eb3e000,351,1746500,1658
518,3c3eb5b3,3ea00000,3a83126f,3eb3b646,3eb3e000,351,1741542,1655
519,3c3eb5b3,3ea00000,00000000,3eb3b646,3eb40000,352,1748250,1661
520,3c3e61d0,3ea00000,3a83126f,3eb43958,3eb3e000,351,1733083,1645
521,3c3e0ded,3ea00000,3a83126f,3eb3b646,3eb3e000,351,1745625,1658
522,3c3e0ded,3ea00000,00000000,3eb3b646,3eb3e000,351,1748250,1660
523,3c3dba0a,3ea00000,3a83126f,3eb3b646,3eb3c000,351,1745917,1659
524,3c3dba0a,3ea00000,00000000,3eb3b646,3eb3e000,351,1737750,1651
525,3c3d6627,3ea00000,3a83126f,3eb3b646,3eb3c000,351,1745334,1657
526,3c3d1245,3ea00000,3a83126f,3eb3b646,3eb3c000,351,1745625,1658
527,3c3d1245,3ea00000,00000000,3eb3b646,3eb3e000,351,1746792,1659
528,3c3cbe62,3ea00000,3a83126f,3eb3b646,3eb3c000,351,1734250,1646
529,3c3cbe62,3ea00000,00000000,3eb3b646,3eb3e000,351,1739208,1651
530,3c3c6a7f,3ea00000,3a83126f,3eb3b646,3eb3c000,351,1733084,1646
531,3c3c169c,3ea00000,3a83126f,3eb3b646,3eb3c000,351,1738333,1651
532,3c3c169c,3ea00000,00000000,3eb3b646,3eb3e000,351,1740375,1653
533,3c3bc2b9,3ea00000,3a83126f,3eb3b646,3eb3c000,351,1738625,1650
534,3c3bc2b9,3ea00000,00000000,3eb3b646,3eb3e000,351,1732500,1645
535,3c3b6ed6,3ea00000,3a83126f,3eb3b646,3eb3c000,351,1727250,1639
536,3c3b6ed6,3ea00000,00000000,3eb3b646,3eb3c000,351,1718208,1613
537,3c3b1af4,3ea00000,3a83126f,3eb3b646,3eb3c000,351,1698667,1594
538,3c3ac711,3ea00000,3a83126f,3eb3b646,3eb3c000,351,1673292,1587
539,3c3ac711,3ea00000,00000000,3eb3b646,3eb3c000,351,1676209,1589
540,3c3a732e,3ea00000,3a83126f,3eb3b646,3eb3a000,351,1674458,1587
541,3c3a732e,3ea00000,00000000,3eb3b646,3eb3c000,351,1676500,1589
542,3c3a1f4b,3ea00000,3a83126f,3eb3b646,3eb3a000,351,1683208,1596
543,3c3a1f4b,3ea00000,00000000,3eb3b646,3eb3c000,351,1679708,1592
544,3c39cb68,3ea00000,3a83126f,3eb3b646,3eb3a000,351,1678250,1592
545,3c39cb68,3ea00000,00000000,3eb3b646,3eb3c000,351,1679709,1592
546,3c397785,3ea00000,3a83126f,3eb3b646,3eb3a000,351,1676500,1589
547,3c3923a3,3ea00000,3a83126f,3eb3b646,3eb3a000,351,1682917,1596
548,3c3923a3,3ea00000,00000000,3eb3b646,3eb3c000,351,1673875,1587
549,3c38cfc0,3ea00000,3a83126f,3eb3b646,3eb3a000,351,1678250,1590
550,3c38cfc0,3ea00000,00000000,3eb3b646,3eb3c000,351,1675041,1589
551,3c387bdd,3ea00000,3a83126f,3eb3b646,3eb3a000,351,1677959,1591
552,3c387bdd,3ea00000,00000000,3eb3b646,3eb3c000,351,1681166,1594
553,3c3827fa,3ea00000,3a83126f,3eb3b646,3eb3a000,351,1680000,1592
554,3c3827fa,3ea00000,00000000,3eb3b646,3eb3a000,351,1673875,1588
555,3c37d417,3ea00000,3a83126f,3eb3b646,3eb3a000,351,1678542,1592
556,3c37d417,3ea00000,00000000,3eb3b646,3eb3a000,351,1674750,1587
557,3c378034,3ea00000,3a83126f,3eb3b646,3eb38000,351,1679125,1592
558,3c378034,3ea00000,00000000,3eb3b646,3eb3a000,351,1673292,1587
559,3c372c52,3ea00000,3a83126f,3eb3b646,3eb38000,351,1682333,1595
560,3c372c52,3ea00000,00000000,3eb3b646,3eb3a000,351,1677667,1590
561,3c36d86f,3ea00000,3a83126f,3eb3b646,3eb38000,351,1680000,1593
562,3c36d86f,3ea00000,00000000,3eb3b646,3eb3a000,351,1680000,1593
563,3c36848c,3ea00000,3a83126f,3eb3b646,3eb38000,351,1678250,1591
564,3c36848c,3ea00000,00000000,3eb3b646,3eb3a000,351,1674166,1587
565,3c3630a9,3ea00000,3a83126f,3eb3b646,3eb38000,351,1676792,1590
566,3c3630a9,3ea00000,00000000,3eb3b646,3eb3a000,351,1674458,1588
567,3c35dcc6,3ea00000,3a83126f,3eb3b646,3eb38000,351,1679417,1592
568,3c35dcc6,3ea00000,00000000,3eb3b646,3eb3a000,351,1675042,1588
569,3c3588e3,3ea00000,3a83126f,3eb3b646,3eb38000,351,1678833,1592
570,3c3588e3,3ea00000,00000000,3eb3b646,3eb3a000,351,1677667,1591
571,3c353501,3ea00000,3a83126f,3eb3b646,3eb38000,351,1677959,1591
572,3c353501,3ea00000,00000000,3eb3b646,3eb38000,351,1677667,1590
573,3c34e11e,3ea00000,3a83126f,3eb3b646,3eb38000,351,1681458,1594
574,3c34e11e,3ea00000,00000000,3eb3b646,3eb38000,351,1674167,1587
575,3c348d3b,3ea00000,3a83126f,3eb3b646,3eb36000,350,1674459,1587
576,3c348d3b,3ea00000,00000000,3eb33333,3eb38000,351,1675917,1589
577,3c343958,3ea00000,3a83126f,3eb3b646,3eb36000,350,1679709,1593
578,3c343958,3ea00000,00000000,3eb33333,3eb38000,351,1675625,1589
579,3c343958,3ea00000,00000000,3eb3b646,3eb38000,351,1678250,1591
580,3c33e575,3ea00000,3a83126f,3eb3b646,3eb36000,350,1673875,1587
581,3c33e575,3ea00000,00000000,3eb33333,3eb38000,351,1677083,1589
582,3c33e575,3ea00000,00000000,3eb3b646,3eb38000,351,1680292,1594
583,3c339192,3ea00000,3a83126f,3eb3b646,3eb36000,350,1680584,1593
584,3c339192,3ea00000,00000000,3eb33333,3eb38000,351,1678250,1591
585,3c333db0,3ea00000,3a83126f,3eb3b646,3eb36000,350,1679125,1592
586,3c333db0,3ea00000,00000000,3eb33333,3eb36000,350,1675625,1589
587,3c333db0,3ea00000,00000000,3eb33333,3eb36000,350,1677959,1590
588,3c333db0,3ea00000,00000000,3eb33333,3eb36000,350,1672417,1585
589,3c333db0,3ea00000,00000000,3eb33333,3eb36000,350,1681166,1594
590,3c32e9cd,3ea00000,3a83126f,3eb33333,3eb36000,350,1678541,1592
591,3c32e9cd,3ea00000,00000000,3eb33333,3eb36000,350,1677959,1591
592,3c32e9cd,3ea00000,00000000,3eb33333,3eb36000,350,1676792,1590
593,3c32e9cd,3ea00000,00000000,3eb33333,3eb36000,350,1680291,1592
594,3c32e9cd,3ea00000,00000000,3eb33333,3eb36000,350,1674458,1586
595,3c32e9cd,3ea00000,00000000,3eb33333,3eb36000,350,1680583,1592
596,3c3295ea,3ea00000,3a83126f,3eb33333,3eb34000,350,1675917,1589
597,3c3295ea,3ea00000,00000000,3eb33333,3eb36000,350,1679125,1592
598,3c3295ea,3ea00000,00000000,3eb33333,3eb36000,350,1676208,1589
599,3c3295ea,3ea00000,00000000,3eb33333,3eb36000,350,1675916,1589
600,3c3295ea,3ea00000,00000000,3eb33333,3eb36000,350,1673584,1587
601,3ed25edd,3f100000,3a83126f,3eb33333,3f800000,1000,1695458,1608
602,3ed081c3,3f100000,3e3a5e35,3f800000,3f800000,1000,1691083,1603
603,3ecea748,3f100000,3e395810,3f800000,3f800000,1000,1686417,1599
604,3ecccccd,3f100000,3e395810,3f800000,3f800000,1000,1685541,1597
605,3ecaf4f1,3f100000,3e3851ec,3f800000,3f800000,1000,1689625,1602
606,3ec91fb4,3f100000,3e374bc7,3f800000,3f800000,1000,1684667,1598
607,3ec74a77,3f100000,3e374bc7,3f800000,3f800000,1000,1687875,1601
608,3ec577d9,3f100000,3e3645a2,3f800000,3f800000,1000,1682917,1598
609,3ec3a7db,3f100000,3e353f7d,3f800000,3f800000,1000,1686708,1599
610,3ec1da7b,3f100000,3e343958,3f800000,3f800000,1000,1685834,1598
611,3ec00d1b,3f100000,3e343958,3f800000,3f800000,1000,1686708,1600
612,3ebe425b,3f100000,3e333333,3f800000,3f800000,1000,1689917,1603
613,3ebc7a3a,3f100000,3e322d0e,3f800000,3f800000,1000,1685834,1598
614,3ebab218,3f100000,3e322d0e,3f800000,3f800000,1000,1685250,1598
615,3eb8ec96,3f100000,3e3126e9,3f800000,3f800000,1000,1720833,1601
616,3eb729b3,3f100000,3e3020c5,3f800000,3f800000,1000,1715875,1627
617,3eb566cf,3f100000,3e3020c5,3f800000,3f800000,1000,1724917,1634
618,3eb3a92a,3f100000,3e2e147b,3f800000,3f800000,1000,1729875,1640
619,3eb1e8e6,3f100000,3e2f1aa0,3f800000,3f800000,1000,1735125,1645
620,3eb02de0,3f100000,3e2d0e56,3f800000,3f800000,1000,1729000,1639
621,3eae72da,3f100000,3e2d0e56,3f800000,3f800000,1000,1735125,1645
622,3eacba73,3f100000,3e2c0831,3f800000,3f800000,1000,1726375,1636
623,3eab020c,3f100000,3e2c0831,3f800000,3f800000,1000,1722292,1632
624,3ea94ee4,3f100000,3e29fbe7,3f800000,3f800000,1000,1720542,1633
625,3ea79bbb,3f100000,3e29fbe7,3f800000,3f800000,1000,1729292,1641
626,3ea5e892,3f100000,3e29fbe7,3f800000,3f800000,1000,1720833,1634
627,3ea43809,3f100000,3e28f5c3,3f800000,3f800000,1000,1722875,1635
628,3ea28a1e,3f100000,3e27ef9e,3f800000,3f800000,1000,1723166,1635
629,3ea0ded3,3f100000,3e26e979,3f800000,3f800000,1000,1723167,1636
630,3e9f3387,3f100000,3e26e979,3f800000,3f800000,1000,1720250,1632
631,3e9d8adb,3f100000,3e25e354,3f800000,3f7f4000,997,1724042,1637
632,3e9be4cd,3f100000,3e24dd2f,3f7f3b64,3f7e2000,993,1722291,1635
633,3e9a43fe,3f100000,3e22d0e5,3f7e353f,3f7d0000,988,1724625,1636
634,3e98a86d,3f100000,3e20c49c,3f7ced91,3f7c0000,984,1725208,1637
635,3e97121b,3f100000,3e1eb852,3f7be76d,3f7b0000,980,1722000,1634
636,3e958106,3f100000,3e1cac08,3f7ae148,3f79e000,976,1721125,1633
637,3e93f291,3f100000,3e1ba5e3,3f79db23,3f78e000,972,1720250,1633
638,3e926959,3f100000,3e19999a,3f78d4fe,3f77c000,968,1718208,1631
639,3e90e560,3f100000,3e178d50,3f77ced9,3f76c000,964,1723166,1635
640,3e8f6406,3f100000,3e16872b,3f76c8b4,3f75c000,960,1719084,1632
641,3e8de7ea,3f100000,3e147ae1,3f75c28f,3f74c000,956,1718500,1631
642,3e8c710d,3f100000,3e126e98,3f74bc6a,3f73e000,953,1713542,1627
643,3e8aff6d,3f100000,3e10624e,3f73f7cf,3f730000,949,1720542,1634
644,3e898dce,3f100000,3e10624e,3f72f1aa,3f71e000,945,1716458,1629
645,3e88240b,3f100000,3e0d4fdf,3f71eb85,3f710000,941,1718791,1632
646,3e86bce8,3f100000,3e0c49ba,3f70e560,3f700000,938,1708292,1620
647,3e855b03,3f100000,3e0a3d71,3f7020c5,3f6f2000,934,1703916,1617
648,3e83fe5d,3f100000,3e083127,3f6f1aa0,3f6e4000,931,1675042,1588
649,3e82a1b6,3f100000,3e083127,3f6e5604,3f6d4000,927,1677083,1591
650,3e814cec,3f100000,3e051eb8,3f6d4fdf,3f6c6000,923,1671542,1585
651,3e7ff584,3f100000,3e041893,3f6c49ba,3f6ba000,920,1678250,1591
652,3e7d566d,3f100000,3e03126f,3f6b851f,3f6aa000,917,1677958,1591
653,3e7ac1d3,3f100000,3e010625,3f6ac083,3f69e000,914,1678250,1592
654,3e783276,3f100000,3e000000,3f69fbe7,3f690000,910,1674459,1587
655,3e75ad97,3f100000,3dfbe76d,3f68f5c3,3f682000,907,1674167,1587
656,3e732df5,3f100000,3df9db23,3f683127,3f674000,903,1674167,1586
657,3e70b8d0,3f100000,3df5c28f,3f672b02,3f668000,900,1677958,1591
658,3e6e48e9,3f100000,3df3b646,3f666666,3f65a000,897,1674750,1588
659,3e6bde40,3f100000,3df1a9fc,3f65a1cb,3f64e000,894,1674458,1587
660,3e6978d5,3f100000,3def9db2,3f64dd2f,3f642000,891,1672708,1586
661,3e671de7,3f100000,3deb851f,3f641893,3f636000,888,1676792,1590
662,3e64cd75,3f100000,3de76c8b,3f6353f8,3f62a000,885,1678250,1591
663,3e627d03,3f100000,3de76c8b,3f628f5c,3f61c000,882,1677666,1590
664,3e60370d,3f100000,3de353f8,3f61cac1,3f610000,879,1675625,1588
665,3e5df655,3f100000,3de147ae,3f610625,3f604000,876,1678250,1590
666,3e5bbadc,3f100000,3ddf3b64,3f604189,3f5f8000,873,1675042,1588
667,3e5989df,3f100000,3ddb22d1,3f5f7cee,3f5ec000,870,1677958,1591
668,3e575e20,3f100000,3dd91687,3f5eb852,3f5e2000,868,1673000,1586
669,3e5537a0,3f100000,3dd70a3d,3f5e353f,3f5d6000,865,1679416,1592
670,3e53165d,3f100000,3dd4fdf4,3f5d70a4,3f5ca000,862,1673875,1587
671,3e50fa59,3f100000,3dd2f1aa,3f5cac08,3f5be000,859,1677958,1591
672,3e4ee8d1,3f100000,3dced917,3f5be76d,3f5b4000,856,1679125,1592
673,3e4cdc87,3f100000,3dcccccd,3f5b22d1,3f5aa000,854,1680583,1593
674,3e4ad57c,3f100000,3dcac083,3f5a9fbe,3f59e000,851,1674750,1587
675,3e48d3ae,3f100000,3dc8b439,3f59db23,3f594000,849,1677666,1591
676,3e46d71f,3f100000,3dc6a7f0,3f595810,3f58a000,846,1672417,1586
677,3e44dfce,3f100000,3dc49ba6,3f589375,3f57e000,843,1679708,1592
678,3e42f2fa,3f100000,3dc08312,3f57ced9,3f574000,841,1673292,1588
679,3e410625,3f100000,3dc08312,3f574bc7,3f56a000,838,1674750,1588
680,3e3f23cd,3f100000,3dbc6a7f,3f56872b,3f560000,836,1674750,1587
681,3e3d4174,3f100000,3dbc6a7f,3f560419,3f556000,833,1675917,1589
682,3e3b6998,3f100000,3db851ec,3f553f7d,3f54c000,831,1676208,1589
683,3e3996fb,3f100000,3db645a2,3f54bc6a,3f544000,829,1677084,1591
684,3e37c99b,3f100000,3db43958,3f543958,3f53a000,827,1673292,1586
685,3e35fc3b,3f100000,3db43958,3f53b646,3f530000,824,1677084,1589
686,3e343958,3f100000,3db020c5,3f52f1aa,3f526000,822,1675333,1589
687,3e327bb3,3f100000,3dae147b,3f526e98,3f51e000,820,1675625,1589
688,3e30be0e,3f100000,3dae147b,3f51eb85,3f514000,817,1673000,1586
689,3e2f0ae5,3f100000,3da9fbe7,3f5126e9,3f50a000,815,1678833,1591
690,3e2d57bc,3f100000,3da9fbe7,3f50a3d7,3f502000,813,1675042,1588
691,3e2baf10,3f100000,3da5e354,3f5020c5,3f4f8000,811,1677667,1590
692,3e2a0664,3f100000,3da5e354,3f4f9db2,3f4f0000,809,1677375,1589
693,3e286834,3f100000,3da1cac1,3f4f1aa0,3f4e8000,807,1675625,1589
694,3e26ca04,3f100000,3da1cac1,3f4e978d,3f4de000,804,1674167,1588
695,3e253112,3f100000,3d9fbe77,3f4dd2f2,3f4d6000,802,1678250,1591
696,3e239d5e,3f100000,3d9db22d,3f4d4fdf,3f4ce000,800,1675917,1589
697,3e220ee9,3f100000,3d9ba5e3,3f4ccccd,3f4c6000,798,1675042,1589
698,3e2085b2,3f100000,3d99999a,3f4c49ba,3f4be000,796,1671541,1585
699,3e1f01b8,3f100000,3d978d50,3f4bc6a8,3f4b6000,794,1675333,1588
700,3e1d82fd,3f100000,3d958106,3f4b4396,3f4ae000,792,1672708,1585
701,3e1c0443,3f100000,3d958106,3f4ac083,3f4a4000,790,1752916,1637
702,3e1a8ac6,3f100000,3d9374bc,3f4a3d71,3f49c000,788,1708000,1591
703,3e191bc5,3f100000,3d8f5c29,3f49ba5e,3f496000,787,1724916,1617
704,3e17a787,3f100000,3d916873,3f4978d5,3f48e000,785,1736583,1647
705,3e163dc5,3f100000,3d8d4fdf,3f48f5c3,3f488000,783,1744458,1654
706,3e14d402,3f100000,3d8d4fdf,3f4872b0,3f480000,781,1741834,1652
707,3e136f7e,3f100000,3d8b4396,3f47ef9e,3f478000,779,1745625,1655
708,3e121577,3f100000,3d872b02,3f476c8b,3f472000,778,1734542,1645
709,3e10b631,3f100000,3d89374c,3f472b02,3f468000,775,1744167,1654
710,3e0f6167,3f100000,3d851eb8,3f466666,3f462000,774,1737458,1649
711,3e0e0c9e,3f100000,3d851eb8,3f4624dd,3f45a000,772,1745042,1657
712,3e0cbd12,3f100000,3d83126f,3f45a1cb,3f454000,771,1744750,1657
713,3e0b72c5,3f100000,3d810625,3f456042,3f44e000,769,1747666,1660
714,3e0a2878,3f100000,3d810625,3f44dd2f,3f446000,767,1738333,1650
715,3e08e8a7,3f100000,3d79db23,3f445a1d,3f440000,766,1743000,1655
716,3e07a398,3f100000,3d7df3b6,3f441893,3f438000,764,1741833,1654
717,3e066905,3f100000,3d75c28f,3f439581,3f432000,762,1740958,1653
718,3e052e73,3f100000,3d75c28f,3f43126f,3f42c000,761,1738917,1652
719,3e03f91e,3f100000,3d71a9fc,3f42d0e5,3f426000,759,1738041,1650
720,3e02c908,3f100000,3d6d9168,3f424dd3,3f420000,758,1747666,1660
721,3e0198f2,3f100000,3d6d9168,3f420c4a,3f418000,756,1743583,1655
722,3e006e1a,3f100000,3d6978d5,3f418937,3f412000,754,1745041,1658
723,3dfe9100,3f100000,3d656042,3f410625,3f40c000,753,1741833,1654
724,3dfc45cc,3f100000,3d656042,3f40c49c,3f406000,751,1748834,1661
725,3dfa0514,3f100000,3d6147ae,3f404189,3f400000,750,1741833,1654
726,3df7ced9,3f100000,3d5d2f1b,3f400000,3f3fa000,749,1735416,1649
727,3df5989e,3f100000,3d5d2f1b,3f3fbe77,3f3f4000,747,1735125,1647
728,3df36cdf,3f100000,3d591687,3f3f3b64,3f3ee000,746,1741250,1653
729,3df14120,3f100000,3d591687,3f3ef9db,3f3e8000,744,1738625,1651
730,3def1fde,3f100000,3d54fdf4,3f3e76c9,3f3e4000,743,1733667,1646
731,3ded0918,3f100000,3d50e560,3f3e353f,3f3de000,742,1744167,1656
732,3deaf252,3f100000,3d50e560,3f3df3b6,3f3d8000,740,1735417,1648
733,3de8e608,3f100000,3d4ccccd,3f3d70a4,3f3d2000,739,1727250,1639
734,3de6d9be,3f100000,3d4ccccd,3f3d2f1b,3f3ce000,738,1727833,1618
735,3de4d7f1,3f100000,3d48b439,3f3ced91,3f3c8000,736,1699834,1612
736,3de2e0a0,3f100000,3d449ba6,3f3c6a7f,3f3c4000,735,1695750,1591
737,3de0e94f,3f100000,3d449ba6,3f3c28f6,3f3be000,734,1676500,1589
738,3ddef1fe,3f100000,3d449ba6,3f3be76d,3f3b8000,732,1674167,1587
739,3ddd0fa6,3f100000,3d3c6a7f,3f3b645a,3f3b4000,731,1678834,1591
740,3ddb22d1,3f100000,3d408312,3f3b22d1,3f3ae000,730,1674459,1588
741,3dd94079,3f100000,3d3c6a7f,3f3ae148,3f3aa000,729,1676500,1590
742,3dd7689d,3f100000,3d3851ec,3f3a9fbe,3f3a4000,728,1679417,1592
743,3dd590c1,3f100000,3d3851ec,3f3a5e35,3f3a0000,727,1678542,1591
744,3dd3c361,3f100000,3d343958,3f3a1cac,3f39c000,726,1674458,1587
745,3dd1f601,3f100000,3d343958,3f39db23,3f396000,724,1681167,1594
746,3dd0331e,3f100000,3d3020c5,3f395810,3f392000,723,1680583,1594
747,3dce703b,3f100000,3d3020c5,3f391687,3f38c000,722,1679416,1592
748,3dccb7d4,3f100000,3d2c0831,3f38d4fe,3f388000,721,1672417,1586
749,3dcaff6d,3f100000,3d2c0831,3f389375,3f384000,720,1677958,1591
750,3dc94706,3f100000,3d2c0831,3f3851ec,3f37e000,718,1671833,1585
751,3dc7a398,3f100000,3d23d70a,3f37ced9,3f37a000,717,1678542,1591
752,3dc5f5ae,3f100000,3d27ef9e,3f378d50,3f376000,716,1678542,1592
753,3dc4523f,3f100000,3d23d70a,3f374bc7,3f372000,715,1675333,1588
754,3dc2b94e,3f100000,3d1fbe77,3f370a3d,3f36e000,714,1672125,1585
755,3dc1205c,3f100000,3d1fbe77,3f36c8b4,3f368000,713,1673875,1587
756,3dbf91e6,3f100000,3d1ba5e3,3f36872b,3f366000,712,1672708,1585
757,3dbe0371,3f100000,3d1ba5e3,3f3645a2,3f360000,711,1677958,1590
758,3dbc74fb,3f100000,3d1ba5e3,3f360419,3f35c000,710,1675334,1588
759,3dbaf102,3f100000,3d178d50,3f35c28f,3f358000,709,1678250,1591
760,3db96d09,3f100000,3d178d50,3f358106,3f354000,708,1674167,1587
761,3db7f38c,3f100000,3d1374bc,3f353f7d,3f350000,707,1677084,1591
762,3db67a10,3f100000,3d1374bc,3f34fdf4,3f34c000,706,1677083,1590
763,3db50093,3f100000,3d1374bc,3f34bc6a,3f348000,705,1679708,1592
764,3db39192,3f100000,3d0f5c29,3f347ae1,3f346000,705,1673292,1586
765,3db22292,3f100000,3d0f5c29,3f347ae1,3f342000,704,1677666,1591
766,3db0be0e,3f100000,3d0b4396,3f343958,3f33e000,703,1672709,1585
767,3daf598a,3f100000,3d0b4396,3f33f7cf,3f33a000,702,1676209,1588
768,3dadf506,3f100000,3d0b4396,3f33b646,3f336000,701,1675333,1588
769,3dac9afe,3f100000,3d072b02,3f3374bc,3f332000,700,1677958,1590
770,3dab40f6,3f100000,3d072b02,3f333333,3f32e000,699,1677375,1590
771,3da9e6ef,3f100000,3d072b02,3f32f1aa,3f32a000,698,1681750,1595
772,3da89763,3f100000,3d03126f,3f32b021,3f328000,697,1675042,1588
773,3da75254,3f100000,3cfdf3b6,3f326e98,3f324000,696,1678250,1590
774,3da602c9,3f100000,3d03126f,3f322d0e,3f320000,695,1675334,1589
775,3da4c836,3f100000,3cf5c28f,3f31eb85,3f31e000,695,1680000,1593
776,3da38327,3f100000,3cfdf3b6,3f31eb85,3f31a000,694,1669208,1582
777,3da24895,3f100000,3cf5c28f,3f31a9fc,3f318000,693,1678250,1591
778,3da10e02,3f100000,3cf5c28f,3f316873,3f314000,692,1673000,1587
779,3d9fd36f,3f100000,3cf5c28f,3f3126e9,3f310000,691,1678250,1591
780,3d9ea359,3f100000,3ced9168,3f30e560,3f30e000,691,1677375,1590
781,3d9d7343,3f100000,3ced9168,3f30e560,3f30a000,690,1677666,1591
782,3d9c4da9,3f100000,3ce56042,3f30a3d7,3f308000,689,1676791,1590
783,3d9b1d93,3f100000,3ced9168,3f30624e,3f304000,688,1675042,1588
784,3d9a0275,3f100000,3cdd2f1b,3f3020c5,3f302000,688,1674750,1587
785,3d98dcdb,3f100000,3ce56042,3f3020c5,3f2fe000,687,1675042,1589
786,3d97c1be,3f100000,3cdd2f1b,3f2fdf3b,3f2fc000,687,1672125,1586
787,3d96a6a0,3f100000,3cdd2f1b,3f2fdf3b,3f2f8000,686,1680000,1592
788,3d958b82,3f100000,3cdd2f1b,3f2f9db2,3f2f4000,685,1671834,1586
789,3d947065,3f100000,3cdd2f1b,3f2f5c29,3f2f2000,684,1675916,1588
790,3d935fc4,3f100000,3cd4fdf4,3f2f1aa0,3f2f0000,684,1672708,1586
791,3d924f22,3f100000,3cd4fdf4,3f2f1aa0,3f2ec000,683,1679709,1592
792,3d9148fe,3f100000,3ccccccd,3f2ed917,3f2ea000,682,1676791,1590
793,3d9042d9,3f100000,3ccccccd,3f2e978d,3f2e8000,682,1679125,1592
794,3d8f3cb4,3f100000,3ccccccd,3f2e978d,3f2e4000,681,1673875,1587
795,3d8e368f,3f100000,3ccccccd,3f2e5604,3f2e2000,680,1675917,1589
796,3d8d3ae7,3f100000,3cc49ba6,3f2e147b,3f2e0000,680,1673000,1587
797,3d8c3f3e,3f100000,3cc49ba6,3f2e147b,3f2dc000,679,1682041,1594
798,3d8b4396,3f100000,3cc49ba6,3f2dd2f2,3f2da000,678,1674167,1587
799,3d8a47ed,3f100000,3cc49ba6,3f2d9168,3f2d6000,677,1676500,1589
800,3d8956c1,3f100000,3cbc6a7f,3f2d4fdf,3f2d4000,677,1674458,1588
801,3d886595,3f100000,3cbc6a7f,3f2d4fdf,3f2d2000,676,1676208,1589
802,3d877ee5,3f100000,3cb43958,3f2d0e56,3f2d0000,676,1676792,1590
803,3d868db9,3f100000,3cbc6a7f,3f2d0e56,3f2cc000,675,1677667,1591
804,3d85a709,3f100000,3cb43958,3f2ccccd,3f2ca000,674,1672709,1585
805,3d84c059,3f100000,3cb43958,3f2c8b44,3f2c8000,674,1674166,1587
806,3d83e426,3f100000,3cac0831,3f2c8b44,3f2c6000,673,1673875,1587
807,3d82fd76,3f100000,3cb43958,3f2c49ba,3f2c4000,673,1678250,1591
808,3d822142,3f100000,3cac0831,3f2c49ba,3f2c2000,672,1673000,1586
809,3d81450f,3f100000,3cac0831,3f2c0831,3f2be000,671,1680584,1593
810,3d807358,3f100000,3ca3d70a,3f2bc6a8,3f2be000,671,1673292,1586
811,3d7f2e49,3f100000,3cac0831,3f2bc6a8,3f2ba000,670,1677083,1590
812,3d7d8adb,3f100000,3ca3d70a,3f2b851f,3f2b8000,670,1677958,1591
813,3d7be76d,3f100000,3ca3d70a,3f2b851f,3f2b6000,669,1708875,1589
814,3d7a58f7,3f100000,3c9ba5e3,3f2b4396,3f2b4000,669,1708291,1619
815,3d78b589,3f100000,3ca3d70a,3f2b4396,3f2b2000,668,1728708,1638
816,3d772713,3f100000,3c9ba5e3,3f2b020c,3f2b0000,668,1718791,1629
817,3d75989e,3f100000,3c9ba5e3,3f2b020c,3f2ae000,667,1722583,1633
818,3d740a28,3f100000,3c9ba5e3,3f2ac083,3f2ac000,667,1721417,1632
819,3d727bb3,3f100000,3c9ba5e3,3f2ac083,3f2aa000,667,1722291,1633
820,3d710236,3f100000,3c9374bc,3f2ac083,3f2a8000,666,1715875,1628
821,3d6f73c1,3f100000,3c9ba5e3,3f2a7efa,3f2a6000,666,1725792,1638
822,3d6dfa44,3f100000,3c9374bc,3f2a7efa,3f2a4000,665,1725209,1638
823,3d6c80c7,3f100000,3c9374bc,3f2a3d71,3f2a2000,665,1727250,1639
824,3d6b1c43,3f100000,3c8b4396,3f2a3d71,3f2a0000,664,1721416,1635
825,3d69a2c6,3f100000,3c9374bc,3f29fbe7,3f29e000,664,1724625,1637
826,3d683e42,3f100000,3c8b4396,3f29fbe7,3f29c000,663,1719958,1633
827,3d66d9be,3f100000,3c8b4396,3f29ba5e,3f29a000,663,1723459,1636
828,3d65753a,3f100000,3c8b4396,3f29ba5e,3f298000,662,1717625,1631
829,3d6425af,3f100000,3c83126f,3f2978d5,3f298000,662,1728417,1640
830,3d62c12b,3f100000,3c8b4396,3f2978d5,3f294000,661,1719667,1632
831,3d61719f,3f100000,3c83126f,3f29374c,3f294000,661,1724333,1637
832,3d602214,3f100000,3c83126f,3f29374c,3f292000,661,1726375,1639
833,3d5ed289,3f100000,3c83126f,3f29374c,3f290000,660,1724334,1637
834,3d5d82fd,3f100000,3c83126f,3f28f5c3,3f28e000,660,1722291,1635
835,3d5c3372,3f100000,3c83126f,3f28f5c3,3f28c000,659,1724334,1637
836,3d5af8df,3f100000,3c75c28f,3f28b439,3f28a000,659,1718500,1631
837,3d59be4d,3f100000,3c75c28f,3f28b439,3f28a000,659,1720833,1634
838,3d5883ba,3f100000,3c75c28f,3f28b439,3f288000,658,1716166,1629
839,3d574928,3f100000,3c75c28f,3f2872b0,3f286000,658,1716750,1630
840,3d560e95,3f100000,3c75c28f,3f2872b0,3f284000,657,1716167,1628
841,3d54e8fb,3f100000,3c656042,3f283127,3f282000,657,1724042,1637
842,3d53ae68,3f100000,3c75c28f,3f283127,3f280000,656,1712958,1626
843,3d5288ce,3f100000,3c656042,3f27ef9e,3f280000,656,1710333,1623
844,3d51782d,3f100000,3c54fdf4,3f27ef9e,3f27e000,656,1703333,1616
845,3d505293,3f100000,3c656042,3f27ef9e,3f27c000,655,1677667,1590
846,3d4f2cf9,3f100000,3c656042,3f27ae14,3f27a000,655,1673584,1587
847,3d4e1c58,3f100000,3c54fdf4,3f27ae14,3f27a000,655,1675917,1589
848,3d4cf6be,3f100000,3c656042,3f27ae14,3f278000,654,1672708,1585
849,3d4be61d,3f100000,3c54fdf4,3f276c8b,3f276000,654,1679417,1591
850,3d4ad57c,3f100000,3c54fdf4,3f276c8b,3f276000,654,1673584,1587
851,3d49c4db,3f100000,3c54fdf4,3f276c8b,3f274000,653,1685834,1599
852,3d4b923a,3f100000,bcb43958,3f272b02,3f290000,660,1674750,1588
853,3d4d35a8,3f100000,bca3d70a,3f28f5c3,3f294000,661,1675334,1587
854,3d4ed917,3f100000,bca3d70a,3f29374c,3f296000,662,1675041,1588
855,3d507c85,3f100000,bca3d70a,3f2978d5,3f298000,662,1675333,1588
856,3d520afa,3f100000,bc9ba5e3,3f2978d5,3f29a000,663,1674458,1588
857,3d539970,3f100000,bc9ba5e3,3f29ba5e,3f29c000,663,1676208,1588
858,3d5527e5,3f100000,bc9ba5e3,3f29ba5e,3f29e000,664,1670375,1583
859,3d56b65b,3f100000,bc9ba5e3,3f29fbe7,3f2a0000,664,1675916,1589
860,3d5844d0,3f100000,bc9ba5e3,3f29fbe7,3f2a2000,665,1675334,1589
861,3d59be4d,3f100000,bc9374bc,3f2a3d71,3f2a4000,665,1679708,1592
862,3d5b37ca,3f100000,bc9374bc,3f2a3d71,3f2a6000,666,1673292,1587
863,3d5cb146,3f100000,bc9374bc,3f2a7efa,3f2a8000,666,1677959,1590
864,3d5e2ac3,3f100000,bc9374bc,3f2a7efa,3f2aa000,667,1671834,1584
865,3d5f8f47,3f100000,bc8b4396,3f2ac083,3f2ac000,667,1677958,1591
866,3d60f3cb,3f100000,bc8b4396,3f2ac083,3f2ae000,667,1672709,1585
867,3d626d48,3f100000,bc9374bc,3f2ac083,3f2b0000,668,1676500,1588
868,3d63d1cc,3f100000,bc8b4396,3f2b020c,3f2b2000,668,1675041,1588
869,3d652157,3f100000,bc83126f,3f2b020c,3f2b2000,668,1674750,1587
870,3d6685db,3f100000,bc8b4396,3f2b020c,3f2b4000,669,1677375,1589
871,3d67ea60,3f100000,bc8b4396,3f2b4396,3f2b8000,670,1683500,1596
872,3d6939eb,3f100000,bc83126f,3f2b851f,3f2b8000,670,1675334,1588
873,3d6a8976,3f100000,bc83126f,3f2b851f,3f2ba000,670,1677959,1591
874,3d6bd902,3f100000,bc83126f,3f2b851f,3f2bc000,671,1674750,1588
875,3d6d1394,3f100000,bc75c28f,3f2bc6a8,3f2be000,671,1678250,1591
876,3d6e6320,3f100000,bc83126f,3f2bc6a8,3f2c0000,672,1673292,1586
877,3d6f9db2,3f100000,bc75c28f,3f2c0831,3f2c0000,672,1678542,1591
878,3d70d845,3f100000,bc75c28f,3f2c0831,3f2c2000,672,1671542,1585
879,3d7212d7,3f100000,bc75c28f,3f2c0831,3f2c4000,673,1679125,1592
880,3d734d6a,3f100000,bc75c28f,3f2c49ba,3f2c6000,673,1673875,1587
881,3d7487fd,3f100000,bc75c28f,3f2c49ba,3f2c8000,674,1682042,1595
882,3d75ad97,3f100000,bc656042,3f2c8b44,3f2c8000,674,1674167,1588
883,3d76d331,3f100000,bc656042,3f2c8b44,3f2ca000,674,1680292,1593
884,3d77f8cb,3f100000,bc656042,3f2c8b44,3f2cc000,675,1674750,1588
885,3d791e64,3f100000,bc656042,3f2ccccd,3f2ce000,675,1678542,1591
886,3d7a43fe,3f100000,bc656042,3f2ccccd,3f2d0000,676,1672709,1586
887,3d7b6998,3f100000,bc656042,3f2d0e56,3f2d2000,676,1679708,1592
888,3d7c7a3a,3f100000,bc54fdf4,3f2d0e56,3f2d2000,676,1675333,1589
889,3d7d9fd3,3f100000,bc656042,3f2d0e56,3f2d4000,677,1677959,1590
890,3d7eb075,3f100000,bc54fdf4,3f2d4fdf,3f2d6000,677,1674750,1587
891,3d7fc116,3f100000,bc54fdf4,3f2d4fdf,3f2d6000,677,1680584,1593
892,3d8068dc,3f100000,bc54fdf4,3f2d4fdf,3f2d8000,678,1674167,1587
893,3d80e6b0,3f100000,bc449ba6,3f2d9168,3f2d8000,678,1675625,1588
894,3d816f00,3f100000,bc54fdf4,3f2d9168,3f2da000,678,1676208,1589
895,3d81ecd5,3f100000,bc449ba6,3f2d9168,3f2dc000,679,1679416,1592
896,3d826aa9,3f100000,bc449ba6,3f2dd2f2,3f2de000,679,1675917,1589
897,3d82f2fa,3f100000,bc54fdf4,3f2dd2f2,3f2e0000,680,1679417,1592
898,3d836651,3f100000,bc343958,3f2e147b,3f2e0000,680,1693416,1584
899,3d83e426,3f100000,bc449ba6,3f2e147b,3f2e2000,680,1708000,1617
900,3d8461fa,3f100000,bc449ba6,3f2e147b,3f2e2000,680,1725209,1618
901,3d84dfce,3f100000,bc449ba6,3f2e147b,3f2e4000,681,1790250,1700
902,3d855326,3f100000,bc343958,3f2e5604,3f2e6000,681,1740959,1651
903,3d85c67e,3f100000,bc343958,3f2e5604,3f2e6000,681,1744750,1654
904,3d8639d6,3f100000,bc343958,3f2e5604,3f2e8000,682,1736875,1647
905,3d86ad2e,3f100000,bc343958,3f2e978d,3f2e8000,682,1738042,1649
906,3d872086,3f100000,bc343958,3f2e978d,3f2ea000,682,1733666,1644
907,3d8793de,3f100000,bc343958,3f2e978d,3f2ec000,683,1737750,1649
908,3d880735,3f100000,bc343958,3f2ed917,3f2ec000,683,1743000,1655
909,3d887011,3f100000,bc23d70a,3f2ed917,3f2ee000,683,1746500,1658
910,3d88e369,3f100000,bc343958,3f2ed917,3f2ee000,683,1741541,1654
911,3d894c44,3f100000,bc23d70a,3f2ed917,3f2f0000,684,1750875,1662
912,3d89b520,3f100000,bc23d70a,3f2f1aa0,3f2f0000,684,1737750,1650
913,3d8a1dfc,3f100000,bc23d70a,3f2f1aa0,3f2f2000,684,1745334,1657
914,3d8a86d7,3f100000,bc23d70a,3f2f1aa0,3f2f2000,684,1738041,1651
915,3d8aefb3,3f100000,bc23d70a,3f2f1aa0,3f2f4000,685,1740375,1652
916,3d8b588e,3f100000,bc23d70a,3f2f5c29,3f2f6000,685,1740083,1652
917,3d8bb6ed,3f100000,bc1374bc,3f2f5c29,3f2f6000,685,1747375,1660
918,3d8c1fc9,3f100000,bc23d70a,3f2f5c29,3f2f8000,686,1743291,1655
919,3d8c7e28,3f100000,bc1374bc,3f2f9db2,3f2f8000,686,1740667,1652
920,3d8cdc87,3f100000,bc1374bc,3f2f9db2,3f2fa000,686,1750000,1663
921,3d8d3ae7,3f100000,bc1374bc,3f2f9db2,3f2fa000,686,1746209,1658
922,3d8d9946,3f100000,bc1374bc,3f2f9db2,3f2fc000,687,1729875,1643
923,3d8df7a5,3f100000,bc1374bc,3f2fdf3b,3f2fc000,687,1740667,1653
924,3d8e5604,3f100000,bc1374bc,3f2fdf3b,3f2fe000,687,1736292,1649
925,3d8eb463,3f100000,bc1374bc,3f2fdf3b,3f2fe000,687,1736875,1649
926,3d8f12c2,3f100000,bc1374bc,3f2fdf3b,3f300000,688,1731042,1643
927,3d8f66a5,3f100000,bc03126f,3f3020c5,3f300000,688,1732792,1646
928,3d8fba88,3f100000,bc03126f,3f3020c5,3f300000,688,1729000,1641
929,3d9018e7,3f100000,bc1374bc,3f3020c5,3f302000,688,1725500,1620
930,3d906cca,3f100000,bc03126f,3f3020c5,3f302000,688,1698375,1610
931,3d90c0ad,3f100000,bc03126f,3f3020c5,3f304000,688,1701291,1597
932,3d911490,3f100000,bc03126f,3f3020c5,3f304000,688,1666875,1580
933,3d9172ef,3f100000,bc1374bc,3f3020c5,3f306000,689,1671834,1584
934,3d91bc56,3f100000,bbe56042,3f30624e,3f306000,689,1668333,1581
935,3d921038,3f100000,bc03126f,3f30624e,3f308000,689,1669500,1582
936,3d92641b,3f100000,bc03126f,3f30624e,3f308000,689,1665709,1579
937,3d92b7fe,3f100000,bc03126f,3f30624e,3f308000,689,1671250,1585
938,3d930be1,3f100000,bc03126f,3f30624e,3f30a000,690,1665417,1578
939,3d935547,3f100000,bbe56042,3f30a3d7,3f30a000,690,1673875,1586
940,3d939eae,3f100000,bbe56042,3f30a3d7,3f30a000,690,1670958,1585
941,3d93f291,3f100000,bc03126f,3f30a3d7,3f30c000,690,1679709,1593
942,3d943bf7,3f100000,bbe56042,3f30a3d7,3f30c000,690,1665125,1578
943,3d948fda,3f100000,bc03126f,3f30a3d7,3f30e000,691,1673000,1585
944,3d94d940,3f100000,bbe56042,3f30e560,3f30e000,691,1666292,1580
945,3d9522a7,3f100000,bbe56042,3f30e560,3f310000,691,1669792,1583
946,3d956191,3f100000,bbc49ba6,3f30e560,3f30e000,691,1666292,1579
947,3d95aaf8,3f100000,bbe56042,3f30e560,3f310000,691,1672708,1585
948,3d95f45e,3f100000,bbe56042,3f30e560,3f312000,692,1668042,1580
949,3d963dc5,3f100000,bbe56042,3f3126e9,3f312000,692,1669500,1583
950,3d967caf,3f100000,bbc49ba6,3f3126e9,3f312000,692,1664834,1578
951,3d96c615,3f100000,bbe56042,3f3126e9,3f314000,692,1679708,1593
952,3d95a07b,3f100000,3ce56042,3f3126e9,3f2f6000,685,1667459,1581
953,3d94855e,3f100000,3cdd2f1b,3f2f5c29,3f2f2000,684,1670958,1583
954,3d9374bc,3f100000,3cd4fdf4,3f2f1aa0,3f2f0000,684,1670667,1583
955,3d92641b,3f100000,3cd4fdf4,3f2f1aa0,3f2ec000,683,1672125,1584
956,3d915df6,3f100000,3ccccccd,3f2ed917,3f2ea000,682,1667458,1581
957,3d9057d1,3f100000,3ccccccd,3f2e978d,3f2e8000,682,1671542,1586
958,3d8f4730,3f100000,3cd4fdf4,3f2e978d,3f2e4000,681,1668625,1581
959,3d8e4b88,3f100000,3cc49ba6,3f2e5604,3f2e2000,680,1668917,1582
960,3d8d4563,3f100000,3ccccccd,3f2e147b,3f2de000,679,1668917,1582
961,3d8c5437,3f100000,3cbc6a7f,3f2dd2f2,3f2de000,679,1681166,1593
962,3d8b588e,3f100000,3cc49ba6,3f2dd2f2,3f2da000,678,1668917,1582
963,3d8a5ce6,3f100000,3cc49ba6,3f2d9168,3f2d8000,678,1672417,1585
964,3d896bba,3f100000,3cbc6a7f,3f2d9168,3f2d6000,677,1666875,1580
965,3d887a8d,3f100000,3cbc6a7f,3f2d4fdf,3f2d2000,676,1675333,1589
966,3d878961,3f100000,3cbc6a7f,3f2d0e56,3f2d0000,676,1670084,1583
967,3d86a2b1,3f100000,3cb43958,3f2d0e56,3f2ce000,675,1671541,1584
968,3d85bc02,3f100000,3cb43958,3f2ccccd,3f2cc000,675,1668625,1582
969,3d84d552,3f100000,3cb43958,3f2ccccd,3f2c8000,674,1670667,1583
970,3d83eea2,3f100000,3cb43958,3f2c8b44,3f2c6000,673,1668041,1581
971,3d83126f,3f100000,3cac0831,3f2c49ba,3f2c4000,673,1680875,1593
972,3d822bbf,3f100000,3cb43958,3f2c49ba,3f2c0000,672,1667750,1581
973,3d814f8b,3f100000,3cac0831,3f2c0831,3f2be000,671,1672125,1585
974,3d807dd4,3f100000,3ca3d70a,3f2bc6a8,3f2be000,671,1667167,1580
975,3d7f583a,3f100000,3ca3d70a,3f2bc6a8,3f2bc000,671,1670084,1582
976,3d7d9fd3,3f100000,3cac0831,3f2bc6a8,3f2b8000,670,1668333,1581
977,3d7bfc65,3f100000,3ca3d70a,3f2b851f,3f2b6000,669,1670375,1583
978,3d7a6df0,3f100000,3c9ba5e3,3f2b4396,3f2b4000,669,1664250,1577
979,3d78ca82,3f100000,3ca3d70a,3f2b4396,3f2b2000,668,1670959,1583
980,3d773c0c,3f100000,3c9ba5e3,3f2b020c,3f2b0000,668,1669792,1583
981,3d75ad97,3f100000,3c9ba5e3,3f2b020c,3f2ae000,667,1681750,1594
982,3d741f21,3f100000,3c9ba5e3,3f2ac083,3f2ac000,667,1667167,1580
983,3d7290ac,3f100000,3c9ba5e3,3f2ac083,3f2aa000,667,1670667,1584
984,3d71172f,3f100000,3c9374bc,3f2ac083,3f2a8000,666,1665416,1579
985,3d6f88b9,3f100000,3c9ba5e3,3f2a7efa,3f2a6000,666,1674458,1587
986,3d6e0f3d,3f100000,3c9374bc,3f2a7efa,3f2a4000,665,1665708,1579
987,3d6c95c0,3f100000,3c9374bc,3f2a3d71,3f2a2000,665,1669500,1583
988,3d6b313c,3f100000,3c8b4396,3f2a3d71,3f2a0000,664,1668042,1581
989,3d69b7bf,3f100000,3c9374bc,3f29fbe7,3f29e000,664,1669792,1582
990,3d68533b,3f100000,3c8b4396,3f29fbe7,3f29c000,663,1666583,1578
991,3d66eeb7,3f100000,3c8b4396,3f29ba5e,3f29a000,663,1677083,1589
992,3d658a33,3f100000,3c8b4396,3f29ba5e,3f298000,662,1666875,1581
993,3d643aa8,3f100000,3c83126f,3f2978d5,3f298000,662,1669500,1583
994,3d62d624,3f100000,3c8b4396,3f2978d5,3f294000,661,1670958,1583
995,3d618698,3f100000,3c83126f,3f29374c,3f294000,661,1672417,1586
996,3d60370d,3f100000,3c83126f,3f29374c,3f292000,661,1668041,1581
997,3d5ee782,3f100000,3c83126f,3f29374c,3f290000,660,1671250,1584
998,3d5d97f6,3f100000,3c83126f,3f28f5c3,3f28e000,660,1668917,1582
999,3d5c486b,3f100000,3c83126f,3f28f5c3,3f28c000,659,1669791,1583
1000,3d5b0dd8,3f100000,3c75c28f,3f28b439,3f28a000,659,1665416,1579
1001,3d59d346,3f100000,3c75c28f,3f28b439,3f28a000,659,1679708,1592
1002,3d5898b3,3f100000,3c75c28f,3f28b439,3f288000,658,1667167,1581
1003,3d575e20,3f100000,3c75c28f,3f2872b0,3f286000,658,1670959,1584
1004,3d56238e,3f100000,3c75c28f,3f2872b0,3f284000,657,1666875,1579
1005,3d54fdf4,3f100000,3c656042,3f283127,3f282000,657,1671834,1585
1006,3d53c361,3f100000,3c75c28f,3f283127,3f280000,656,1667167,1580
1007,3d529dc7,3f100000,3c656042,3f27ef9e,3f280000,656,1672125,1586
1008,3d51782d,3f100000,3c656042,3f27ef9e,3f27e000,656,1701875,1582
1009,3d50678c,3f100000,3c54fdf4,3f27ef9e,3f27e000,656,1708875,1618
1010,3d4f41f2,3f100000,3c656042,3f27ef9e,3f27a000,655,1706542,1617
1011,3d4e1c58,3f100000,3c656042,3f27ae14,3f27a000,655,1728416,1639
1012,3d4d0bb7,3f100000,3c54fdf4,3f27ae14,3f278000,654,1717916,1628
1013,3d4bfb16,3f100000,3c54fdf4,3f276c8b,3f276000,654,1719958,1630
1014,3d4ad57c,3f100000,3c656042,3f276c8b,3f274000,653,1712958,1624
1015,3d49d9d3,3f100000,3c449ba6,3f272b02,3f274000,653,1714417,1625
1016,3d48c932,3f100000,3c54fdf4,3f272b02,3f272000,653,1711208,1622
1017,3d47b891,3f100000,3c54fdf4,3f272b02,3f270000,652,1715583,1628
1018,3d46bce8,3f100000,3c449ba6,3f26e979,3f270000,652,1712667,1625
1019,3d45c140,3f100000,3c449ba6,3f26e979,3f26e000,652,1719375,1632
1020,3d44c597,3f100000,3c449ba6,3f26e979,3f26e000,652,1717625,1629
1021,3d43b4f6,3f100000,3c54fdf4,3f26e979,3f26c000,651,1726375,1639
1022,3d42ce46,3f100000,3c343958,3f26a7f0,3f26a000,651,1712959,1626
1023,3d41d29e,3f100000,3c449ba6,3f26a7f0,3f268000,650,1719083,1632
1024,3d40d6f5,3f100000,3c449ba6,3f266666,3f268000,650,1710917,1623
1025,3d3ff045,3f100000,3c343958,3f266666,3f266000,650,1717334,1630
1026,3d3f0996,3f100000,3c343958,3f266666,3f266000,650,1744167,1658
1027,3d3e0ded,3f100000,3c449ba6,3f266666,3f264000,649,1722000,1634
1028,3d3d273d,3f100000,3c343958,3f2624dd,3f262000,649,1719959,1632
1029,3d3c408e,3f100000,3c343958,3f2624dd,3f262000,649,1717916,1630
1030,3d3b59de,3f100000,3c343958,3f2624dd,3f260000,648,1719375,1632
1031,3d3a8827,3f100000,3c23d70a,3f25e354,3f260000,648,1723167,1636
1032,3d39a177,3f100000,3c343958,3f25e354,3f25e000,648,1718208,1630
1033,3d38cfc0,3f100000,3c23d70a,3f25e354,3f25e000,648,1716167,1629
1034,3d37e910,3f100000,3c343958,3f25e354,3f25c000,647,1713250,1626
1035,3d371759,3f100000,3c23d70a,3f25a1cb,3f25a000,647,1704791,1617
1036,3d3645a2,3f100000,3c23d70a,3f25a1cb,3f25a000,647,1715875,1628
1037,3d3573eb,3f100000,3c23d70a,3f25a1cb,3f258000,646,1711500,1624
1038,3d34a234,3f100000,3c23d70a,3f256042,3f258000,646,1708000,1620
1039,3d33e575,3f100000,3c1374bc,3f256042,3f256000,646,1701875,1614
1040,3d3313be,3f100000,3c23d70a,3f256042,3f256000,646,1695750,1586
1041,3d324207,3f100000,3c23d70a,3f256042,3f254000,646,1697500,1590
1042,3d318549,3f100000,3c1374bc,3f256042,3f254000,646,1671542,1584
1043,3d30b392,3f100000,3c23d70a,3f256042,3f252000,645,1669500,1583
1044,3d2ff6d3,3f100000,3c1374bc,3f251eb8,3f252000,645,1673000,1586
1045,3d2f3a15,3f100000,3c1374bc,3f251eb8,3f250000,645,1673291,1586
1046,3d2e7d56,3f100000,3c1374bc,3f251eb8,3f250000,645,1672708,1585
1047,3d2dab9f,3f100000,3c23d70a,3f251eb8,3f24e000,644,1668625,1582
1048,3d2d03da,3f100000,3c03126f,3f24dd2f,3f24e000,644,1672125,1584
1049,3d2c471b,3f100000,3c1374bc,3f24dd2f,3f24c000,644,1671250,1583
1050,3d2b8a5d,3f100000,3c1374bc,3f24dd2f,3f24c000,644,1675916,1588
1051,3d2acd9f,3f100000,3c1374bc,3f24dd2f,3f24a000,643,1675917,1589
1052,3d2a25d9,3f100000,3c03126f,3f249ba6,3f24a000,643,1672125,1585
1053,3d297e13,3f100000,3c03126f,3f249ba6,3f24a000,643,1672417,1585
1054,3d28c155,3f100000,3c1374bc,3f249ba6,3f248000,643,1671542,1584
1055,3d28198f,3f100000,3c03126f,3f249ba6,3f248000,643,1672125,1584
1056,3d2771c9,3f100000,3c03126f,3f249ba6,3f246000,642,1675917,1589
1057,3d26ca04,3f100000,3c03126f,3f245a1d,3f246000,642,1672125,1584
1058,3d26223e,3f100000,3c03126f,3f245a1d,3f244000,642,1671542,1584
1059,3d257a78,3f100000,3c03126f,3f245a1d,3f244000,642,1669500,1582
1060,3d24d2b3,3f100000,3c03126f,3f245a1d,3f242000,641,1675042,1587
1061,3d243fe6,3f100000,3be56042,3f241893,3f242000,641,1675333,1589
1062,3d239820,3f100000,3c03126f,3f241893,3f240000,641,1674458,1587
1063,3d230553,3f100000,3be56042,3f241893,3f240000,641,1668625,1583
1064,3d225d8d,3f100000,3c03126f,3f241893,3f23e000,640,1675917,1588
1065,3d21cac1,3f100000,3be56042,3f23d70a,3f23e000,640,1669791,1583
1066,3d2137f4,3f100000,3be56042,3f23d70a,3f23e000,640,1673584,1585
1067,3d20a527,3f100000,3be56042,3f23d70a,3f23e000,640,1671250,1584
1068,3d20125a,3f100000,3be56042,3f23d70a,3f23c000,640,1675333,1588
1069,3d1f7f8d,3f100000,3be56042,3f23d70a,3f23c000,640,1673584,1586
1070,3d1eecc0,3f100000,3be56042,3f23d70a,3f23a000,639,1673000,1586
1071,3d1e59f3,3f100000,3be56042,3f239581,3f23a000,639,1677666,1591
1072,3d1ddc1e,3f100000,3bc49ba6,3f239581,3f23a000,639,1669792,1582
1073,3d1d4952,3f100000,3be56042,3f239581,3f238000,639,1672125,1585
1074,3d1cb685,3f100000,3be56042,3f239581,3f238000,639,1673000,1585
1075,3d1c38b0,3f100000,3bc49ba6,3f239581,3f238000,639,1671542,1584
1076,3d1ba5e3,3f100000,3be56042,3f239581,3f236000,638,1673000,1585
1077,3d1b280f,3f100000,3bc49ba6,3f2353f8,3f236000,638,1670375,1583
1078,3d1aaa3b,3f100000,3bc49ba6,3f2353f8,3f236000,638,1670375,1584
1079,3d1a2c67,3f100000,3bc49ba6,3f2353f8,3f234000,638,1669792,1583
1080,3d19ae92,3f100000,3bc49ba6,3f2353f8,3f234000,638,1670667,1583
1081,3d191bc5,3f100000,3be56042,3f2353f8,3f232000,637,1676792,1591
1082,3d18b2ea,3f100000,3ba3d70a,3f23126f,3f234000,638,1670084,1582
1083,3d18201d,3f100000,3be56042,3f2353f8,3f232000,637,1670666,1584
1084,3d17b741,3f100000,3ba3d70a,3f23126f,3f232000,637,1670084,1582
1085,3d17396d,3f100000,3bc49ba6,3f23126f,3f230000,637,1670083,1584
1086,3d16bb99,3f100000,3bc49ba6,3f23126f,3f230000,637,1671541,1584
1087,3d163dc5,3f100000,3bc49ba6,3f23126f,3f230000,637,1672416,1585
1088,3d15d4e9,3f100000,3ba3d70a,3f23126f,3f230000,637,1672125,1584
1089,3d155715,3f100000,3bc49ba6,3f23126f,3f22e000,636,1674750,1588
1090,3d14ee39,3f100000,3ba3d70a,3f22d0e5,3f22e000,636,1671541,1584
1091,3d147065,3f100000,3bc49ba6,3f22d0e5,3f22c000,636,1671542,1585
1092,3d140789,3f100000,3ba3d70a,3f22d0e5,3f22c000,636,1673584,1587
1093,3d139eae,3f100000,3ba3d70a,3f22d0e5,3f22c000,636,1672417,1585
1094,3d1320da,3f100000,3bc49ba6,3f22d0e5,3f22a000,635,1673875,1586
1095,3d12b7fe,3f100000,3ba3d70a,3f228f5c,3f22a000,635,1698375,1584
1096,3d124f22,3f100000,3ba3d70a,3f228f5c,3f22a000,635,1723458,1616
1097,3d11e647,3f100000,3ba3d70a,3f228f5c,3f22a000,635,1733958,1643
1098,3d119264,3f100000,3b83126f,3f228f5c,3f22a000,635,1737459,1647
1099,3d112989,3f100000,3ba3d70a,3f228f5c,3f228000,635,1740084,1650
1100,3d10c0ad,3f100000,3ba3d70a,3f228f5c,3f228000,635,1740083,1649
1101,3d1057d1,3f100000,3ba3d70a,3f228f5c,3f228000,635,1768958,1679
1102,3d0feef6,3f100000,3ba3d70a,3f228f5c,3f226000,634,1736875,1647
1103,3d0f9b13,3f100000,3b83126f,3f224dd3,3f226000,634,1737167,1648
1104,3d0f3238,3f100000,3ba3d70a,3f224dd3,3f226000,634,1740667,1653
1105,3d0ec95c,3f100000,3ba3d70a,3f224dd3,3f224000,634,1737750,1649
1106,3d0e7579,3f100000,3b83126f,3f224dd3,3f226000,634,1742417,1655
1107,3d0e0c9e,3f100000,3ba3d70a,3f224dd3,3f224000,634,1740958,1652
1108,3d0db8bb,3f100000,3b83126f,3f224dd3,3f224000,634,1741250,1652
1109,3d0d64d8,3f100000,3b83126f,3f224dd3,3f224000,634,1736000,1648
1110,3d0cfbfc,3f100000,3ba3d70a,3f224dd3,3f222000,633,1741834,1653
1111,3d0ca81a,3f100000,3b83126f,3f220c4a,3f222000,633,1747375,1660
1112,3d0c5437,3f100000,3b83126f,3f220c4a,3f222000,633,1731917,1644
1113,3d0c0054,3f100000,3b83126f,3f220c4a,3f222000,633,1734250,1646
1114,3d0bac71,3f100000,3b83126f,3f220c4a,3f220000,633,1743875,1655
1115,3d0b588e,3f100000,3b83126f,3f220c4a,3f220000,633,1739209,1652
1116,3d0b04ab,3f100000,3b83126f,3f220c4a,3f220000,633,1732791,1644
1117,3d0ab0c9,3f100000,3b83126f,3f220c4a,3f220000,633,1736875,1650
1118,3d0a5ce6,3f100000,3b83126f,3f220c4a,3f220000,633,1739500,1652
1119,3d0a0903,3f100000,3b83126f,3f220c4a,3f21e000,632,1731625,1644
1120,3d09b520,3f100000,3b83126f,3f21cac1,3f21e000,632,1731042,1643
1121,3d09613d,3f100000,3b83126f,3f21cac1,3f21e000,632,1743583,1657
1122,3d092253,3f100000,3b449ba6,3f21cac1,3f21e000,632,1732792,1645
1123,3d08ce70,3f100000,3b83126f,3f21cac1,3f21c000,632,1729875,1642
1124,3d087a8d,3f100000,3b83126f,3f21cac1,3f21c000,632,1729875,1642
1125,3d083ba3,3f100000,3b449ba6,3f21cac1,3f21c000,632,1730166,1643
1126,3d07e7c0,3f100000,3b83126f,3f21cac1,3f21c000,632,1727542,1640
1127,3d0793de,3f100000,3b83126f,3f21cac1,3f21c000,632,1721125,1612
1128,3d0754f3,3f100000,3b449ba6,3f21cac1,3f21c000,632,1697209,1609
1129,3d070111,3f100000,3b83126f,3f21cac1,3f21a000,631,1691958,1587
1130,3d06c227,3f100000,3b449ba6,3f218937,3f21a000,631,1671833,1584
1131,3d06833c,3f100000,3b449ba6,3f218937,3f21a000,631,1677667,1590
1132,3d064452,3f100000,3b449ba6,3f218937,3f21a000,631,1673583,1587
1133,3d05f06f,3f100000,3b83126f,3f218937,3f218000,631,1670375,1583
1134,3d05b185,3f100000,3b449ba6,3f218937,3f21a000,631,1674750,1587
1135,3d05729b,3f100000,3b449ba6,3f218937,3f218000,631,1670959,1584
1136,3d0533b1,3f100000,3b449ba6,3f218937,3f218000,631,1673000,1587
1137,3d04dfce,3f100000,3b83126f,3f218937,3f218000,631,1670083,1583
1138,3d04a0e4,3f100000,3b449ba6,3f218937,3f218000,631,1673583,1586
1139,3d0461fa,3f100000,3b449ba6,3f218937,3f218000,631,1672417,1585
1140,3d042310,3f100000,3b449ba6,3f218937,3f218000,631,1674458,1588
1141,3d03e426,3f100000,3b449ba6,3f218937,3f216000,630,1676500,1589
1142,3d03a53c,3f100000,3b449ba6,3f2147ae,3f216000,630,1669209,1582
1143,3d036651,3f100000,3b449ba6,3f2147ae,3f216000,630,1673292,1586
1144,3d032767,3f100000,3b449ba6,3f2147ae,3f216000,630,1673875,1587
1145,3d02fd76,3f100000,3b03126f,3f2147ae,3f216000,630,1673000,1585
1146,3d02be8c,3f100000,3b449ba6,3f2147ae,3f214000,630,1673584,1586
1147,3d027fa2,3f100000,3b449ba6,3f2147ae,3f214000,630,1671834,1585
1148,3d0240b8,3f100000,3b449ba6,3f2147ae,3f214000,630,1669791,1582
1149,3d0201cd,3f100000,3b449ba6,3f2147ae,3f214000,630,1671833,1584
1150,3d01d7dc,3f100000,3b03126f,3f2147ae,3f214000,630,1674459,1586
1151,3d0198f2,3f100000,3b449ba6,3f2147ae,3f214000,630,1677667,1589
1152,3d015a08,3f100000,3b449ba6,3f2147ae,3f214000,630,1672708,1585
1153,3d013016,3f100000,3b03126f,3f2147ae,3f214000,630,1669208,1582
1154,3d00f12c,3f100000,3b449ba6,3f2147ae,3f212000,629,1673000,1585
1155,3d00b242,3f100000,3b449ba6,3f210625,3f212000,629,1672125,1585
1156,3d008851,3f100000,3b03126f,3f210625,3f212000,629,1671833,1585
1157,3d005e5f,3f100000,3b03126f,3f210625,3f212000,629,1671542,1584
1158,3d001f75,3f100000,3b449ba6,3f210625,3f212000,629,1669500,1582
1159,3cffeb07,3f100000,3b03126f,3f210625,3f212000,629,1672709,1585
1160,3cff6d33,3f100000,3b449ba6,3f210625,3f210000,629,1672125,1585
1161,3cff1950,3f100000,3b03126f,3f210625,3f212000,629,1675334,1588
1162,3cfec56d,3f100000,3b03126f,3f210625,3f210000,629,1674458,1586
1163,3cfe4799,3f100000,3b449ba6,3f210625,3f210000,629,1672125,1585
1164,3cfdf3b6,3f100000,3b03126f,3f210625,3f210000,629,1673292,1585
1165,3cfd9fd3,3f100000,3b03126f,3f210625,3f210000,629,1669792,1582
1166,3cfd21ff,3f100000,3b449ba6,3f210625,3f210000,629,1673875,1586
1167,3cfcce1c,3f100000,3b03126f,3f210625,3f210000,629,1668041,1581
1168,3cfc7a3a,3f100000,3b03126f,3f210625,3f210000,629,1673584,1586
1169,3cfc2657,3f100000,3b03126f,3f210625,3f210000,629,1671250,1584
1170,3cfba882,3f100000,3b449ba6,3f210625,3f20e000,628,1674458,1586
1171,3cfb54a0,3f100000,3b03126f,3f20c49c,3f20e000,628,1674458,1588
1172,3cfb00bd,3f100000,3b03126f,3f20c49c,3f20e000,628,1672417,1585
1173,3cfaacda,3f100000,3b03126f,3f20c49c,3f20e000,628,1670084,1582
1174,3cfa58f7,3f100000,3b03126f,3f20c49c,3f20e000,628,1673292,1586
1175,3cfa0514,3f100000,3b03126f,3f20c49c,3f20e000,628,1669792,1582
1176,3cf9db23,3f100000,3a83126f,3f20c49c,3f20e000,628,1673000,1586
1177,3cf98740,3f100000,3b03126f,3f20c49c,3f20e000,628,1670375,1584
1178,3cf9335d,3f100000,3b03126f,3f20c49c,3f20c000,628,1675042,1588
1179,3cf8df7a,3f100000,3b03126f,3f20c49c,3f20c000,628,1670667,1583
1180,3cf88b97,3f100000,3b03126f,3f20c49c,3f20c000,628,1670375,1584
1181,3cf837b5,3f100000,3b03126f,3f20c49c,3f20c000,628,1680292,1593
1182,3cf7e3d2,3f100000,3b03126f,3f20c49c,3f20c000,628,1671541,1584
1183,3cf78fef,3f100000,3b03126f,3f20c49c,3f20c000,628,1671250,1584
1184,3cf73c0c,3f100000,3b03126f,3f20c49c,3f20c000,628,1675625,1588
1185,3cf6e829,3f100000,3b03126f,3f20c49c,3f20c000,628,1670083,1583
1186,3cf6be38,3f100000,3a83126f,3f20c49c,3f20c000,628,1673291,1585
1187,3cf66a55,3f100000,3b03126f,3f20c49c,3f20c000,628,1672708,1586
1188,3cf61672,3f100000,3b03126f,3f20c49c,3f20a000,627,1674167,1586
1189,3cf5c28f,3f100000,3b03126f,3f208312,3f20a000,627,1671250,1585
1190,3cf5989e,3f100000,3a83126f,3f208312,3f20a000,627,1670375,1583
1191,3cf544bb,3f100000,3b03126f,3f208312,3f20a000,627,1677083,1590
1192,3cf51aca,3f100000,3a83126f,3f208312,3f20a000,627,1672708,1585
1193,3cf4c6e7,3f100000,3b03126f,3f208312,3f20a000,627,1670083,1584
1194,3cf47304,3f100000,3b03126f,3f208312,3f20a000,627,1672125,1585
1195,3cf44913,3f100000,3a83126f,3f208312,3f20a000,627,1672416,1585
1196,3cf3f530,3f100000,3b03126f,3f208312,3f20a000,627,1674459,1587
1197,3cf3cb3e,3f100000,3a83126f,3f208312,3f20a000,627,1669500,1583
1198,3cf3775c,3f100000,3b03126f,3f208312,3f208000,627,1673875,1587
1199,3cf34d6a,3f100000,3a83126f,3f208312,3f20a000,627,1671541,1585
1200,3cf2f987,3f100000,3b03126f,3f208312,3f208000,627,1672417,1585
1201,be8a6ca0,3ec00000,3a83126f,3f208312,3e91e000,285,1677667,1591
1202,be897636,3ec00000,bdc08312,3e91eb85,3e898000,269,1671541,1585
1203,be8872b0,3ec00000,bdcac083,3e89ba5e,3e89a000,269,1672417,1585
1204,be8771c9,3ec00000,bdc8b439,3e89ba5e,3e8a2000,270,1673000,1585
1205,be867382,3ec00000,bdc6a7f0,3e8a3d71,3e8a8000,271,1666000,1579
1206,be8577d9,3ec00000,bdc49ba6,3e8ac083,3e8b0000,271,1673000,1586
1207,be847992,3ec00000,bdc6a7f0,3e8ac083,3e8ba000,273,1702458,1583
1208,be838088,3ec00000,bdc28f5c,3e8bc6a8,3e8c0000,273,1710334,1619
1209,be82877f,3ec00000,bdc28f5c,3e8bc6a8,3e8c8000,274,1715875,1626
1210,be819115,3ec00000,bdc08312,3e8c49ba,3e8ce000,275,1724333,1634
1211,be809aaa,3ec00000,bdc08312,3e8ccccd,3e8d8000,276,1722875,1633
1212,be7f4dbe,3ec00000,bdbe76c9,3e8d4fdf,3e8de000,277,1725209,1635
1213,be7d6b66,3ec00000,bdbc6a7f,3e8dd2f2,3e8e6000,278,1713250,1624
1214,be7b890d,3ec00000,bdbc6a7f,3e8e5604,3e8ee000,279,1715292,1627
1215,be79abf3,3ec00000,bdba5e35,3e8ed917,3e8f4000,280,1717334,1629
1216,be77d417,3ec00000,bdb851ec,3e8f5c29,3e8fa000,281,1725500,1637
1217,be75fc3b,3ec00000,bdb851ec,3e8fdf3b,3e904000,282,1717042,1630
1218,be74299e,3ec00000,bdb645a2,3e90624e,3e90a000,282,1721125,1633
1219,be725700,3ec00000,bdb645a2,3e90624e,3e912000,283,1716458,1629
1220,be7089a0,3ec00000,bdb43958,3e90e560,3e918000,284,1717916,1630
1221,be6ec17f,3ec00000,bdb22d0e,3e916873,3e91e000,285,1725208,1637
1222,be6cf95d,3ec00000,bdb22d0e,3e91eb85,3e926000,286,1718792,1631
1223,be6b367a,3ec00000,bdb020c5,3e926e98,3e92c000,287,1717334,1630
1224,be697397,3ec00000,bdb020c5,3e92f1aa,3e934000,288,1719959,1632
1225,be67b5f2,3ec00000,bdae147b,3e9374bc,3e93a000,288,1716750,1630
1226,be65fd8b,3ec00000,bdac0831,3e9374bc,3e940000,289,1717625,1629
1227,be644524,3ec00000,bdac0831,3e93f7cf,3e948000,290,1719083,1631
1228,be628cbd,3ec00000,bdac0831,3e947ae1,3e950000,291,1719375,1631
1229,be60d994,3ec00000,bda9fbe7,3e94fdf4,3e956000,292,1720250,1633
1230,be5f2baa,3ec00000,bda7ef9e,3e958106,3e95c000,292,1718791,1631
1231,be5d7dbf,3ec00000,bda7ef9e,3e958106,3e962000,293,1722000,1634
1232,be5bd513,3ec00000,bda5e354,3e960419,3e968000,294,1715000,1628
1233,be5a31a5,3ec00000,bda3d70a,3e96872b,3e96e000,295,1710042,1622
1234,be588e37,3ec00000,bda3d70a,3e970a3d,3e976000,296,1716167,1629
1235,be56eac8,3ec00000,bda3d70a,3e978d50,3e97e000,297,1716750,1629
1236,be554c98,3ec00000,bda1cac1,3e981062,3e984000,297,1714416,1626
1237,be53b3a7,3ec00000,bd9fbe77,3e981062,3e988000,298,1704500,1617
1238,be521ab5,3ec00000,bd9fbe77,3e989375,3e990000,299,1705083,1616
1239,be508701,3ec00000,bd9db22d,3e991687,3e994000,299,1703333,1592
1240,be4ef34d,3ec00000,bd9db22d,3e991687,3e99a000,300,1673875,1587
1241,be4d5f9a,3ec00000,bd9db22d,3e99999a,3e9a2000,301,1680583,1594
1242,be4bd124,3ec00000,bd9ba5e3,3e9a1cac,3e9a8000,302,1674750,1587
1243,be4a47ed,3ec00000,bd99999a,3e9a9fbe,3e9ae000,302,1670083,1582
1244,be48beb6,3ec00000,bd99999a,3e9a9fbe,3e9b4000,303,1674750,1588
1245,be473abd,3ec00000,bd978d50,3e9b22d1,3e9b8000,304,1672125,1585
1246,be45b6c3,3ec00000,bd978d50,3e9ba5e3,3e9c0000,305,1675042,1587
1247,be443809,3ec00000,bd958106,3e9c28f6,3e9c4000,305,1670083,1583
1248,be42b94e,3ec00000,bd958106,3e9c28f6,3e9ca000,306,1674750,1588
1249,be413fd1,3ec00000,bd9374bc,3e9cac08,3e9d0000,307,1669500,1582
1250,be3fc654,3ec00000,bd9374bc,3e9d2f1b,3e9d6000,307,1675041,1588
1251,be3e4cd7,3ec00000,bd9374bc,3e9d2f1b,3e9dc000,308,1676208,1590
1252,be3cd899,3ec00000,bd916873,3e9db22d,3e9e2000,309,1676792,1590
1253,be3b6998,3ec00000,bd8f5c29,3e9e353f,3e9e8000,310,1667750,1580
1254,be39fa98,3ec00000,bd8f5c29,3e9eb852,3e9ee000,310,1672708,1586
1255,be3890d6,3ec00000,bd8d4fdf,3e9eb852,3e9f2000,311,1673000,1585
1256,be372713,3ec00000,bd8d4fdf,3e9f3b64,3e9f8000,312,1673875,1587
1257,be35bd51,3ec00000,bd8d4fdf,3e9fbe77,3e9fe000,312,1673000,1586
1258,be3458cd,3ec00000,bd8b4396,3e9fbe77,3ea02000,313,1674750,1587
1259,be32f987,3ec00000,bd89374c,3ea04189,3ea08000,313,1673000,1586
1260,be319503,3ec00000,bd8b4396,3ea04189,3ea0e000,314,1676791,1590
1261,be3035bd,3ec00000,bd89374c,3ea0c49c,3ea14000,315,1675917,1589
1262,be2edbb6,3ec00000,bd872b02,3ea147ae,3ea18000,315,1671250,1585
1263,be2d81ae,3ec00000,bd872b02,3ea147ae,3ea1e000,316,1671250,1584
1264,be2c2ce4,3ec00000,bd851eb8,3ea1cac1,3ea22000,317,1673875,1587
1265,be2ad81b,3ec00000,bd851eb8,3ea24dd3,3ea28000,317,1671542,1584
1266,be298351,3ec00000,bd851eb8,3ea24dd3,3ea2e000,318,1674167,1586
1267,be2833c6,3ec00000,bd83126f,3ea2d0e5,3ea32000,319,1675625,1588
1268,be26e979,3ec00000,bd810625,3ea353f8,3ea38000,319,1675916,1588
1269,be259f2c,3ec00000,bd810625,3ea353f8,3ea3c000,320,1671542,1584
1270,be2454de,3ec00000,bd810625,3ea3d70a,3ea42000,321,1674458,1587
1271,be230fd0,3ec00000,bd7df3b6,3ea45a1d,3ea46000,321,1680875,1594
1272,be21cac1,3ec00000,bd7df3b6,3ea45a1d,3ea4c000,322,1674750,1587
1273,be2085b2,3ec00000,bd7df3b6,3ea4dd2f,3ea52000,323,1671833,1585
1274,be1f45e1,3ec00000,bd79db23,3ea56042,3ea56000,323,1675917,1588
1275,be1e0b4e,3ec00000,bd75c28f,3ea56042,3ea5a000,323,1674167,1587
1276,be1ccb7d,3ec00000,bd79db23,3ea56042,3ea60000,324,1676208,1589
1277,be1b90eb,3ec00000,bd75c28f,3ea5e354,3ea64000,325,1672125,1586
1278,be1a5b96,3ec00000,bd71a9fc,3ea66666,3ea68000,325,1675625,1589
1279,be192642,3ec00000,bd71a9fc,3ea66666,3ea6c000,326,1673875,1586
1280,be17f0ed,3ec00000,bd71a9fc,3ea6e979,3ea72000,326,1673292,1586
1281,be16c0d7,3ec00000,bd6d9168,3ea6e979,3ea76000,327,1677666,1590
1282,be1590c1,3ec00000,bd6d9168,3ea76c8b,3ea7c000,328,1676209,1589
1283,be1460aa,3ec00000,bd6d9168,3ea7ef9e,3ea80000,328,1671250,1585
1284,be1335d2,3ec00000,bd6978d5,3ea7ef9e,3ea84000,329,1675333,1588
1285,be121038,3ec00000,bd656042,3ea872b0,3ea88000,329,1669208,1582
1286,be10e560,3ec00000,bd6978d5,3ea872b0,3ea8e000,330,1673875,1587
1287,be0fbfc6,3ec00000,bd656042,3ea8f5c3,3ea92000,330,1675334,1588
1288,be0e9f6b,3ec00000,bd6147ae,3ea8f5c3,3ea96000,331,1675041,1588
1289,be0d79d1,3ec00000,bd656042,3ea978d5,3ea9c000,332,1672125,1585
1290,be0c5eb3,3ec00000,bd5d2f1b,3ea9fbe7,3ea9e000,332,1677666,1590
1291,be0b3e57,3ec00000,bd6147ae,3ea9fbe7,3eaa4000,333,1676500,1591
1292,be0a233a,3ec00000,bd5d2f1b,3eaa7efa,3eaa8000,333,1676500,1589
1293,be090d5a,3ec00000,bd591687,3eaa7efa,3eaac000,333,1699833,1582
1294,be07f23d,3ec00000,bd5d2f1b,3eaa7efa,3eab0000,334,1724917,1616
1295,be06dc5d,3ec00000,bd591687,3eab020c,3eab4000,334,1727541,1637
1296,be05c67e,3ec00000,bd591687,3eab020c,3eaba000,335,1738041,1648
1297,be04b5dd,3ec00000,bd54fdf4,3eab851f,3eabc000,335,1743875,1653
1298,be03a53c,3ec00000,bd54fdf4,3eab851f,3eac0000,336,1742417,1652
1299,be02949a,3ec00000,bd54fdf4,3eac0831,3eac6000,337,1732500,1642
1300,be018937,3ec00000,bd50e560,3eac8b44,3eaca000,337,1734833,1644
1301,be007dd4,3ec00000,bd50e560,3eac8b44,3eace000,338,1784125,1695
1302,bdfeef5f,3ec00000,bd4ccccd,3ead0e56,3ead2000,338,1739500,1652
1303,bdfcd899,3ec00000,bd50e560,3ead0e56,3ead6000,339,1740375,1652
1304,bdfad6cb,3ec00000,bd48b439,3ead9168,3ead8000,339,1743000,1656
1305,bdf8ca82,3ec00000,bd4ccccd,3ead9168,3eade000,340,1741833,1654
1306,bdf6c8b4,3ec00000,bd48b439,3eae147b,3eae2000,340,1740375,1653
1307,bdf4c6e7,3ec00000,bd48b439,3eae147b,3eae6000,341,1736583,1650
1308,bdf2cf96,3ec00000,bd449ba6,3eae978d,3eae8000,341,1744459,1657
1309,bdf0cdc8,3ec00000,bd48b439,3eae978d,3eaee000,342,1739208,1651
1310,bdeee0f4,3ec00000,bd408312,3eaf1aa0,3eaf0000,342,1734833,1647
1311,bdece9a3,3ec00000,bd449ba6,3eaf1aa0,3eaf6000,343,1742416,1655
1312,bdeafcce,3ec00000,bd408312,3eaf9db2,3eaf8000,343,1742125,1654
1313,bde90ff9,3ec00000,bd408312,3eaf9db2,3eafc000,343,1740667,1653
1314,bde72325,3ec00000,bd408312,3eaf9db2,3eb00000,344,1739500,1652
1315,bde540cc,3ec00000,bd3c6a7f,3eb020c5,3eb04000,344,1740084,1652
1316,bde35e74,3ec00000,bd3c6a7f,3eb020c5,3eb08000,345,1745916,1657
1317,bde17c1c,3ec00000,bd3c6a7f,3eb0a3d7,3eb0c000,345,1740666,1652
1318,bddfa440,3ec00000,bd3851ec,3eb0a3d7,3eb0e000,345,1731042,1643
1319,bdddcc64,3ec00000,bd3851ec,3eb0a3d7,3eb12000,346,1736000,1648
1320,bddbf488,3ec00000,bd3851ec,3eb126e9,3eb16000,346,1735708,1648
1321,bdda1cac,3ec00000,bd3851ec,3eb126e9,3eb1a000,347,1738333,1650
1322,bdd84f4c,3ec00000,bd343958,3eb1a9fc,3eb1c000,347,1735125,1647
1323,bdd681ed,3ec00000,bd343958,3eb1a9fc,3eb20000,348,1731334,1643
1324,bdd4bf0a,3ec00000,bd3020c5,3eb22d0e,3eb24000,348,1727250,1639
1325,bdd2f1aa,3ec00000,bd343958,3eb22d0e,3eb28000,349,1717333,1630
1326,bdd13943,3ec00000,bd2c0831,3eb2b021,3eb2a000,349,1703625,1612
1327,bdcf7660,3ec00000,bd3020c5,3eb2b021,3eb2e000,349,1692542,1589
1328,bdcdb37d,3ec00000,bd3020c5,3eb2b021,3eb32000,350,1672709,1586
1329,bdcbfb16,3ec00000,bd2c0831,3eb33333,3eb36000,350,1673875,1586
1330,bdca42af,3ec00000,bd2c0831,3eb33333,3eb38000,351,1675625,1588
1331,bdc894c4,3ec00000,bd27ef9e,3eb3b646,3eb3c000,351,1680584,1593
1332,bdc6e6da,3ec00000,bd27ef9e,3eb3b646,3eb3e000,351,1672417,1585
1333,bdc52e73,3ec00000,bd2c0831,3eb3b646,3eb44000,352,1675041,1588
1334,bdc38b05,3ec00000,bd23d70a,3eb43958,3eb44000,352,1675042,1588
1335,bdc1dd1a,3ec00000,bd27ef9e,3eb43958,3eb4a000,353,1670959,1584
1336,bdc039ac,3ec00000,bd23d70a,3eb4bc6a,3eb4c000,353,1673875,1587
1337,bdbe963e,3ec00000,bd23d70a,3eb4bc6a,3eb50000,354,1670958,1583
1338,bdbcfd4c,3ec00000,bd1fbe77,3eb53f7d,3eb52000,354,1673292,1585
1339,bdbb59de,3ec00000,bd23d70a,3eb53f7d,3eb56000,354,1672125,1585
1340,bdb9c0ec,3ec00000,bd1fbe77,3eb53f7d,3eb58000,354,1675041,1587
1341,bdb827fa,3ec00000,bd1fbe77,3eb53f7d,3eb5c000,355,1680292,1592
1342,bdb69985,3ec00000,bd1ba5e3,3eb5c28f,3eb5e000,355,1679125,1592
1343,bdb50093,3ec00000,bd1fbe77,3eb5c28f,3eb62000,356,1669208,1583
1344,bdb3721d,3ec00000,bd1ba5e3,3eb645a2,3eb64000,356,1674459,1586
1345,bdb1e3a8,3ec00000,bd1ba5e3,3eb645a2,3eb68000,356,1673875,1586
1346,bdb05faf,3ec00000,bd178d50,3eb645a2,3eb6a000,357,1672125,1584
1347,bdaed139,3ec00000,bd1ba5e3,3eb6c8b4,3eb6e000,357,1671542,1585
1348,bdad4d40,3ec00000,bd178d50,3eb6c8b4,3eb70000,357,1675042,1588
1349,bdabc947,3ec00000,bd178d50,3eb6c8b4,3eb74000,358,1674750,1587
1350,bdaa4fca,3ec00000,bd1374bc,3eb74bc7,3eb76000,358,1669208,1582
1351,bda8cbd1,3ec00000,bd178d50,3eb74bc7,3eb7a000,359,1680291,1592
1352,bda75254,3ec00000,bd1374bc,3eb7ced9,3eb7c000,359,1674458,1587
1353,bda5d8d8,3ec00000,bd1374bc,3eb7ced9,3eb80000,359,1675916,1588
1354,bda469d7,3ec00000,bd0f5c29,3eb7ced9,3eb82000,360,1675334,1587
1355,bda2fad7,3ec00000,bd0f5c29,3eb851ec,3eb84000,360,1671542,1585
1356,bda1815a,3ec00000,bd1374bc,3eb851ec,3eb8a000,361,1673875,1586
1357,bda01cd6,3ec00000,bd0b4396,3eb8d4fe,3eb8a000,361,1673292,1586
1358,bd9eadd6,3ec00000,bd0f5c29,3eb8d4fe,3eb8e000,361,1674458,1587
1359,bd9d4952,3ec00000,bd0b4396,3eb8d4fe,3eb90000,361,1673000,1585
1360,bd9bda51,3ec00000,bd0f5c29,3eb8d4fe,3eb94000,362,1674166,1586
1361,bd9a8049,3ec00000,bd072b02,3eb95810,3eb94000,362,1680000,1592
1362,bd991bc5,3ec00000,bd0b4396,3eb95810,3eb98000,362,1673875,1586
1363,bd97b741,3ec00000,bd0b4396,3eb95810,3eb9c000,363,1671834,1584
1364,bd965d3a,3ec00000,bd072b02,3eb9db23,3eb9e000,363,1675042,1588
1365,bd950332,3ec00000,bd072b02,3eb9db23,3eba0000,363,1670959,1584
1366,bd93a92a,3ec00000,bd072b02,3eb9db23,3eba4000,364,1673000,1586
1367,bd92599f,3ec00000,bd03126f,3eba5e35,3eba4000,364,1670958,1583
1368,bd90ff97,3ec00000,bd072b02,3eba5e35,3ebaa000,365,1673291,1586
1369,bd8fb00c,3ec00000,bd03126f,3ebae148,3ebaa000,365,1671250,1584
1370,bd8e6afd,3ec00000,bcfdf3b6,3ebae148,3ebac000,365,1676500,1589
1371,bd8d1b71,3ec00000,bd03126f,3ebae148,3ebb0000,365,1677084,1589
1372,bd8bcbe6,3ec00000,bd03126f,3ebae148,3ebb2000,365,1675333,1587
1373,bd8a86d7,3ec00000,bcfdf3b6,3ebae148,3ebb4000,366,1673583,1586
1374,bd8941c8,3ec00000,bcfdf3b6,3ebb645a,3ebb8000,366,1674167,1587
1375,bd87fcb9,3ec00000,bcfdf3b6,3ebb645a,3ebba000,366,1670958,1584
1376,bd86b7aa,3ec00000,bcfdf3b6,3ebb645a,3ebbc000,367,1675625,1588
1377,bd857d18,3ec00000,bcf5c28f,3ebbe76d,3ebbe000,367,1671834,1585
1378,bd843809,3ec00000,bcfdf3b6,3ebbe76d,3ebc2000,367,1671834,1585
1379,bd82fd76,3ec00000,bcf5c28f,3ebbe76d,3ebc4000,368,1670084,1583
1380,bd81c2e3,3ec00000,bcf5c28f,3ebc6a7f,3ebc6000,368,1673875,1587
1381,bd8092cd,3ec00000,bced9168,3ebc6a7f,3ebc8000,368,1678250,1591
1382,bd7eb075,3ec00000,bcf5c28f,3ebc6a7f,3ebcc000,369,1675334,1588
1383,bd7c5048,3ec00000,bced9168,3ebced91,3ebcc000,369,1670084,1583
1384,bd79f01c,3ec00000,bced9168,3ebced91,3ebd0000,369,1672708,1585
1385,bd778fef,3ec00000,bced9168,3ebced91,3ebd2000,369,1669500,1582
1386,bd7544bb,3ec00000,bce56042,3ebced91,3ebd2000,369,1675334,1588
1387,bd72e48f,3ec00000,bced9168,3ebced91,3ebd6000,370,1670667,1584
1388,bd70995b,3ec00000,bce56042,3ebd70a4,3ebd8000,370,1670667,1584
1389,bd6e392e,3ec00000,bced9168,3ebd70a4,3ebdc000,371,1669208,1582
1390,bd6c02f3,3ec00000,bcdd2f1b,3ebdf3b6,3ebdc000,371,1673583,1586
1391,bd69b7bf,3ec00000,bce56042,3ebdf3b6,3ebe0000,371,1677959,1590
1392,bd678184,3ec00000,bcdd2f1b,3ebdf3b6,3ebe0000,371,1675041,1588
1393,bd653650,3ec00000,bce56042,3ebdf3b6,3ebe4000,372,1671250,1585
1394,bd630015,3ec00000,bcdd2f1b,3ebe76c9,3ebe6000,372,1673000,1586
1395,bd60c9da,3ec00000,bcdd2f1b,3ebe76c9,3ebe8000,372,1673292,1586
1396,bd5e939f,3ec00000,bcdd2f1b,3ebe76c9,3ebea000,372,1675625,1588
1397,bd5c725c,3ec00000,bcd4fdf4,3ebe76c9,3ebea000,372,1671541,1584
1398,bd5a3c21,3ec00000,bcdd2f1b,3ebe76c9,3ebee000,373,1675334,1589
1399,bd581adf,3ec00000,bcd4fdf4,3ebef9db,3ebf0000,373,1674459,1587
1400,bd55f99c,3ec00000,bcd4fdf4,3ebef9db,3ebf2000,373,1672708,1585
1401,bd53d85a,3ec00000,bcd4fdf4,3ebef9db,3ebf4000,374,1680584,1594
1402,bd51b717,3ec00000,bcd4fdf4,3ebf7cee,3ebf8000,374,1675333,1587
1403,bd4faace,3ec00000,bccccccd,3ebf7cee,3ebf8000,374,1669208,1582
1404,bd4d898b,3ec00000,bcd4fdf4,3ebf7cee,3ebfc000,375,1675625,1588
1405,bd4b7d41,3ec00000,bccccccd,3ec00000,3ebfc000,375,1710625,1621
1406,bd4970f8,3ec00000,bccccccd,3ec00000,3ebfe000,375,1710625,1621
1407,bd4764ae,3ec00000,bccccccd,3ec00000,3ec00000,375,1717625,1628
1408,bd456d5d,3ec00000,bcc49ba6,3ec00000,3ec02000,375,1723458,1633
1409,bd436113,3ec00000,bccccccd,3ec00000,3ec04000,375,1720250,1631
1410,bd4154ca,3ec00000,bccccccd,3ec00000,3ec06000,376,1721708,1632
1411,bd3f5d79,3ec00000,bcc49ba6,3ec08312,3ec08000,376,1724625,1635
1412,bd3d6627,3ec00000,bcc49ba6,3ec08312,3ec0a000,376,1717916,1629
1413,bd3b6ed6,3ec00000,bcc49ba6,3ec08312,3ec0c000,376,1719375,1632
1414,bd397785,3ec00000,bcc49ba6,3ec08312,3ec0e000,377,1722875,1635
1415,bd37952d,3ec00000,bcbc6a7f,3ec10625,3ec10000,377,1721416,1634
1416,bd359ddc,3ec00000,bcc49ba6,3ec10625,3ec12000,377,1724333,1636
1417,bd33bb84,3ec00000,bcbc6a7f,3ec10625,3ec14000,377,1719083,1631
1418,bd31d92b,3ec00000,bcbc6a7f,3ec10625,3ec16000,378,1721709,1634
1419,bd2ff6d3,3ec00000,bcbc6a7f,3ec18937,3ec18000,378,1715875,1628
1420,bd2e147b,3ec00000,bcbc6a7f,3ec18937,3ec1a000,378,1717042,1629
1421,bd2c471b,3ec00000,bcb43958,3ec18937,3ec1a000,378,1724625,1637
1422,bd2a64c3,3ec00000,bcbc6a7f,3ec18937,3ec1e000,379,1723167,1635
1423,bd289763,3ec00000,bcb43958,3ec20c4a,3ec1e000,379,1721708,1633
1424,bd26ca04,3ec00000,bcb43958,3ec20c4a,3ec20000,379,1719083,1631
1425,bd24fca4,3ec00000,bcb43958,3ec20c4a,3ec22000,379,1719375,1631
1426,bd232f45,3ec00000,bcb43958,3ec20c4a,3ec24000,379,1720834,1632
1427,bd2161e5,3ec00000,bcb43958,3ec20c4a,3ec26000,380,1720542,1632
1428,bd1f9485,3ec00000,bcb43958,3ec28f5c,3ec28000,380,1720834,1633
1429,bd1ddc1e,3ec00000,bcac0831,3ec28f5c,3ec28000,380,1717625,1630
1430,bd1c23b8,3ec00000,bcac0831,3ec28f5c,3ec2a000,380,1717042,1630
1431,bd1a6b51,3ec00000,bcac0831,3ec28f5c,3ec2c000,380,1717625,1630
1432,bd189df1,3ec00000,bcb43958,3ec28f5c,3ec30000,381,1715292,1627
1433,bd16fa83,3ec00000,bca3d70a,3ec3126f,3ec2e000,381,1712958,1625
1434,bd15421c,3ec00000,bcac0831,3ec3126f,3ec32000,381,1718209,1630
1435,bd1389b5,3ec00000,bcac0831,3ec3126f,3ec34000,381,1705958,1618
1436,bd11e647,3ec00000,bca3d70a,3ec3126f,3ec34000,381,1704209,1617
1437,bd102de0,3ec00000,bcac0831,3ec3126f,3ec38000,382,1702750,1616
1438,bd0e8a72,3ec00000,bca3d70a,3ec39581,3ec38000,382,1675041,1588
1439,bd0ce704,3ec00000,bca3d70a,3ec39581,3ec3a000,382,1671834,1585
1440,bd0b4396,3ec00000,bca3d70a,3ec39581,3ec3c000,382,1675916,1588
1441,bd09b520,3ec00000,bc9ba5e3,3ec39581,3ec3c000,382,1678542,1592
1442,bd0811b2,3ec00000,bca3d70a,3ec39581,3ec3e000,383,1674750,1587
1443,bd066e44,3ec00000,bca3d70a,3ec41893,3ec42000,383,1675042,1588
1444,bd04dfce,3ec00000,bc9ba5e3,3ec41893,3ec42000,383,1676792,1589
1445,bd035159,3ec00000,bc9ba5e3,3ec41893,3ec42000,383,1675042,1587
1446,bd01c2e3,3ec00000,bc9ba5e3,3ec41893,3ec44000,383,1673000,1586
1447,bd00346e,3ec00000,bc9ba5e3,3ec41893,3ec46000,384,1672708,1586
1448,bcfd4bf1,3ec00000,bc9ba5e3,3ec49ba6,3ec48000,384,1678834,1591
1449,bcfa2f06,3ec00000,bc9ba5e3,3ec49ba6,3ec4a000,384,1670959,1584
1450,bcf73c0c,3ec00000,bc9374bc,3ec49ba6,3ec4a000,384,1673584,1586
1451,bcf41f21,3ec00000,bc9ba5e3,3ec49ba6,3ec4c000,384,1681750,1594
1452,bcf12c28,3ec00000,bc9374bc,3ec49ba6,3ec4c000,384,1673292,1586
1453,bcee0f3d,3ec00000,bc9ba5e3,3ec49ba6,3ec50000,385,1671833,1585
1454,bceb1c43,3ec00000,bc9374bc,3ec51eb8,3ec50000,385,1675333,1587
1455,bce8294a,3ec00000,bc9374bc,3ec51eb8,3ec52000,385,1671250,1584
1456,bce53650,3ec00000,bc9374bc,3ec51eb8,3ec54000,385,1675042,1588
1457,bce26d48,3ec00000,bc8b4396,3ec51eb8,3ec54000,385,1670667,1584
1458,bcdf7a4e,3ec00000,bc9374bc,3ec51eb8,3ec56000,385,1678250,1590
1459,bcdc8755,3ec00000,bc9374bc,3ec51eb8,3ec58000,386,1677375,1590
1460,bcd9be4d,3ec00000,bc8b4396,3ec5a1cb,3ec58000,386,1673875,1586
1461,bcd6f545,3ec00000,bc8b4396,3ec5a1cb,3ec5a000,386,1675625,1588
1462,bcd42c3d,3ec00000,bc8b4396,3ec5a1cb,3ec5c000,386,1678541,1591
1463,bcd13943,3ec00000,bc9374bc,3ec5a1cb,3ec5e000,386,1673292,1586
1464,bcce703b,3ec00000,bc8b4396,3ec5a1cb,3ec5e000,386,1675625,1588
1465,bccba733,3ec00000,bc8b4396,3ec5a1cb,3ec60000,387,1673875,1587
1466,bcc9081c,3ec00000,bc83126f,3ec624dd,3ec60000,387,1675041,1588
1467,bcc63f14,3ec00000,bc8b4396,3ec624dd,3ec64000,387,1674166,1587
1468,bcc39ffd,3ec00000,bc83126f,3ec624dd,3ec64000,387,1672709,1585
1469,bcc0d6f5,3ec00000,bc8b4396,3ec624dd,3ec66000,387,1669792,1583
1470,bcbe37df,3ec00000,bc83126f,3ec624dd,3ec66000,387,1674167,1587
1471,bcbb98c8,3ec00000,bc83126f,3ec624dd,3ec68000,388,1678250,1591
1472,bcb8f9b1,3ec00000,bc83126f,3ec6a7f0,3ec6a000,388,1675334,1587
1473,bcb65a9b,3ec00000,bc83126f,3ec6a7f0,3ec6a000,388,1677375,1591
1474,bcb3bb84,3ec00000,bc83126f,3ec6a7f0,3ec6c000,388,1673000,1585
1475,bcb11c6d,3ec00000,bc83126f,3ec6a7f0,3ec6e000,388,1673000,1586
1476,bcaea748,3ec00000,bc75c28f,3ec6a7f0,3ec6c000,388,1674458,1588
1477,bcac0831,3ec00000,bc83126f,3ec6a7f0,3ec70000,389,1672416,1585
1478,bca9930c,3ec00000,bc75c28f,3ec72b02,3ec70000,389,1672125,1584
1479,bca71de7,3ec00000,bc75c28f,3ec72b02,3ec72000,389,1673875,1586
1480,bca47ed0,3ec00000,bc83126f,3ec72b02,3ec74000,389,1676791,1588
1481,bca209ab,3ec00000,bc75c28f,3ec72b02,3ec74000,389,1680583,1593
1482,bc9f9485,3ec00000,bc75c28f,3ec72b02,3ec76000,389,1673583,1586
1483,bc9d1f60,3ec00000,bc75c28f,3ec72b02,3ec76000,389,1674750,1587
1484,bc9aaa3b,3ec00000,bc75c28f,3ec72b02,3ec78000,390,1674167,1586
1485,bc985f07,3ec00000,bc656042,3ec7ae14,3ec78000,390,1671542,1584
1486,bc95e9e2,3ec00000,bc75c28f,3ec7ae14,3ec7a000,390,1675041,1587
1487,bc939eae,3ec00000,bc656042,3ec7ae14,3ec7a000,390,1674750,1588
1488,bc912989,3ec00000,bc75c28f,3ec7ae14,3ec7e000,390,1673875,1586
1489,bc8ede55,3ec00000,bc656042,3ec7ae14,3ec7c000,390,1672416,1586
1490,bc8c9321,3ec00000,bc656042,3ec7ae14,3ec7e000,390,1673292,1586
1491,bc8a47ed,3ec00000,bc656042,3ec7ae14,3ec80000,391,1708000,1591
1492,bc87fcb9,3ec00000,bc656042,3ec83127,3ec82000,391,1725792,1617
1493,bc85b185,3ec00000,bc656042,3ec83127,3ec82000,391,1726958,1636
1494,bc836651,3ec00000,bc656042,3ec83127,3ec84000,391,1740958,1651
1495,bc811b1e,3ec00000,bc656042,3ec83127,3ec84000,391,1738917,1649
1496,bc7df3b6,3ec00000,bc54fdf4,3ec83127,3ec84000,391,1739792,1649
1497,bc795d4f,3ec00000,bc656042,3ec83127,3ec86000,391,1735125,1645
1498,bc74c6e7,3ec00000,bc656042,3ec83127,3ec88000,392,1737459,1647
1499,bc708462,3ec00000,bc54fdf4,3ec8b439,3ec88000,392,1739209,1649
1500,bc6c41dd,3ec00000,bc54fdf4,3ec8b439,3ec8a000,392,1742125,1654
1501,bc67ff58,3ec00000,bc54fdf4,3ec8b439,3ec8a000,392,1780625,1693
1502,bc63bcd3,3ec00000,bc54fdf4,3ec8b439,3ec8c000,392,1741250,1654
1503,bc5f7a4e,3ec00000,bc54fdf4,3ec8b439,3ec8c000,392,1738334,1650
1504,bc5b37ca,3ec00000,bc54fdf4,3ec8b439,3ec8e000,392,1742416,1654
1505,bc56f545,3ec00000,bc54fdf4,3ec8b439,3ec8e000,392,1738333,1650
1506,bc52b2c0,3ec00000,bc54fdf4,3ec8b439,3ec90000,393,1743292,1655
1507,bc4ec41e,3ec00000,bc449ba6,3ec9374c,3ec90000,393,1737166,1650
1508,bc4a8199,3ec00000,bc54fdf4,3ec9374c,3ec92000,393,1734833,1647
1509,bc4692f7,3ec00000,bc449ba6,3ec9374c,3ec92000,393,1740667,1652
1510,bc425072,3ec00000,bc54fdf4,3ec9374c,3ec94000,393,1744167,1657
1511,bc3e61d0,3ec00000,bc449ba6,3ec9374c,3ec94000,393,1748250,1661
1512,bc3a732e,3ec00000,bc449ba6,3ec9374c,3ec96000,393,1737166,1649
1513,bc3630a9,3ec00000,bc54fdf4,3ec9374c,3ec98000,394,1739792,1651
1514,bc324207,3ec00000,bc449ba6,3ec9ba5e,3ec98000,394,1741250,1654
1515,bc2ea748,3ec00000,bc343958,3ec9ba5e,3ec98000,394,1735417,1647
1516,bc2ab8a6,3ec00000,bc449ba6,3ec9ba5e,3ec9a000,394,1731625,1644
1517,bc26ca04,3ec00000,bc449ba6,3ec9ba5e,3ec9c000,394,1738042,1649
1518,bc22db62,3ec00000,bc449ba6,3ec9ba5e,3ec9c000,394,1737750,1649
1519,bc1f40a3,3ec00000,bc343958,3ec9ba5e,3ec9c000,394,1731625,1643
1520,bc1b5200,3ec00000,bc449ba6,3ec9ba5e,3ec9e000,394,1734542,1647
1521,bc17635e,3ec00000,bc449ba6,3ec9ba5e,3ec9e000,394,1736875,1649
1522,bc13c89f,3ec00000,bc343958,3ec9ba5e,3ec9e000,394,1726666,1639
1523,bc0fd9fd,3ec00000,bc449ba6,3ec9ba5e,3eca0000,395,1718792,1613
1524,bc0c3f3e,3ec00000,bc343958,3eca3d71,3eca2000,395,1697500,1594
1525,bc08a47f,3ec00000,bc343958,3eca3d71,3eca2000,395,1672417,1585
1526,bc0509c0,3ec00000,bc343958,3eca3d71,3eca2000,395,1674750,1588
1527,bc016f00,3ec00000,bc343958,3eca3d71,3eca4000,395,1671541,1584
1528,bbfba882,3ec00000,bc343958,3eca3d71,3eca4000,395,1675041,1587
1529,bbf47304,3ec00000,bc343958,3eca3d71,3eca6000,395,1672417,1585
1530,bbed3d86,3ec00000,bc343958,3eca3d71,3eca6000,395,1676208,1588
1531,bbe60807,3ec00000,bc343958,3eca3d71,3eca8000,396,1678542,1592
1532,bbdf7a4e,3ec00000,bc23d70a,3ecac083,3eca8000,396,1674750,1586
1533,bbd844d0,3ec00000,bc343958,3ecac083,3ecaa000,396,1672417,1584
1534,bbd1b717,3ec00000,bc23d70a,3ecac083,3ecaa000,396,1676209,1588
1535,bbcb295f,3ec00000,bc23d70a,3ecac083,3ecaa000,396,1674750,1588
1536,bbc3f3e0,3ec00000,bc343958,3ecac083,3ecac000,396,1676500,1589
1537,bbbd6627,3ec00000,bc23d70a,3ecac083,3ecac000,396,1673000,1586
1538,bbb6d86f,3ec00000,bc23d70a,3ecac083,3ecac000,396,1676208,1589
1539,bbafa2f0,3ec00000,bc343958,3ecac083,3ecae000,396,1673000,1586
1540,bba91538,3ec00000,bc23d70a,3ecac083,3ecae000,396,1672709,1585
1541,bba2877f,3ec00000,bc23d70a,3ecac083,3ecb0000,396,1678833,1592
1542,bb9bf9c6,3ec00000,bc23d70a,3ecac083,3ecb0000,396,1675041,1587
1543,bb956c0d,3ec00000,bc23d70a,3ecac083,3ecb0000,396,1675334,1589
1544,bb8ede55,3ec00000,bc23d70a,3ecac083,3ecb2000,397,1672416,1585
1545,bb88509c,3ec00000,bc23d70a,3ecb4396,3ecb4000,397,1671833,1585
1546,bb81c2e3,3ec00000,bc23d70a,3ecb4396,3ecb4000,397,1675334,1588
1547,bb77b9e0,3ec00000,bc1374bc,3ecb4396,3ecb4000,397,1684083,1597
1548,bb6a9e6f,3ec00000,bc23d70a,3ecb4396,3ecb6000,397,1683791,1596
1549,bb5ed289,3ec00000,bc1374bc,3ecb4396,3ecb4000,397,1682042,1595
1550,bb51b717,3ec00000,bc23d70a,3ecb4396,3ecb8000,397,1684667,1597
1551,bb45eb31,3ec00000,bc1374bc,3ecb4396,3ecb6000,397,1689042,1602
1552,bb38cfc0,3ec00000,bc23d70a,3ecb4396,3ecb8000,397,1684083,1596
1553,bb2d03da,3ec00000,bc1374bc,3ecb4396,3ecb8000,397,1684666,1597
1554,bb1fe868,3ec00000,bc23d70a,3ecb4396,3ecba000,398,1684375,1597
1555,bb141c82,3ec00000,bc1374bc,3ecbc6a8,3ecba000,398,1683208,1596
1556,bb08509c,3ec00000,bc1374bc,3ecbc6a8,3ecbc000,398,1686125,1599
1557,baf9096c,3ec00000,bc1374bc,3ecbc6a8,3ecbc000,398,1684083,1597
1558,bae1719f,3ec00000,bc1374bc,3ecbc6a8,3ecbc000,398,1687291,1599
1559,bacc78ea,3ec00000,bc03126f,3ecbc6a8,3ecbc000,398,1684084,1597
1560,bab4e11e,3ec00000,bc1374bc,3ecbc6a8,3ecbe000,398,1689333,1602
1561,ba9d4952,3ec00000,bc1374bc,3ecbc6a8,3ecbe000,398,1691375,1604
1562,ba85b185,3ec00000,bc1374bc,3ecbc6a8,3ecc0000,398,1688166,1600
1563,ba5c3372,3ec00000,bc1374bc,3ecbc6a8,3ecc0000,398,1684083,1596
1564,ba324207,3ec00000,bc03126f,3ecbc6a8,3ecc0000,398,1687291,1599
1565,ba03126f,3ec00000,bc1374bc,3ecbc6a8,3ecc2000,399,1685250,1598
1566,b9b24207,3ec00000,bc03126f,3ecc49ba,3ecc2000,399,1683500,1596
1567,b927c5ac,3ec00000,bc1374bc,3ecc49ba,3ecc4000,399,1682333,1595
1568,00000000,3ec00000,bc03126f,3ecc49ba,3ecc2000,399,1681750,1594
1569,3927c5ac,3ec00000,bc03126f,3ecc49ba,3ecc4000,399,1684958,1598
1570,39b24207,3ec00000,bc1374bc,3ecc49ba,3ecc8000,399,1683208,1595
1571,3a03126f,3ec00000,bc03126f,3ecc49ba,3ecc8000,399,1689333,1602
1572,3a2d03da,3ec00000,bc03126f,3ecc49ba,3ecca000,400,1685250,1598
1573,3a56f545,3ec00000,bc03126f,3ecccccd,3eccc000,400,1682042,1595
1574,3a807358,3ec00000,bc03126f,3ecccccd,3ecce000,400,1685250,1598
1575,3a956c0d,3ec00000,bc03126f,3ecccccd,3ecd0000,400,1682625,1595
1576,3aa7c5ac,3ec00000,bbe56042,3ecccccd,3ecd0000,400,1686125,1598
1577,3abcbe62,3ec00000,bc03126f,3ecccccd,3ecd2000,401,1685834,1599
1578,3ad1b717,3ec00000,bc03126f,3ecd4fdf,3ecd6000,401,1685250,1598
1579,3ae410b6,3ec00000,bbe56042,3ecd4fdf,3ecd6000,401,1682334,1595
1580,3af66a55,3ec00000,bbe56042,3ecd4fdf,3ecd6000,401,1680584,1593
1581,3b05b185,3ec00000,bc03126f,3ecd4fdf,3ecda000,402,1691375,1604
1582,3b0ede55,3ec00000,bbe56042,3ecdd2f2,3ecdc000,402,1685541,1597
1583,3b180b24,3ec00000,bbe56042,3ecdd2f2,3ecdc000,402,1688166,1600
1584,3b2137f4,3ec00000,bbe56042,3ecdd2f2,3ecde000,402,1684667,1597
1585,3b2a64c3,3ec00000,bbe56042,3ecdd2f2,3ece0000,402,1682625,1595
1586,3b339192,3ec00000,bbe56042,3ecdd2f2,3ece2000,403,1686416,1598
1587,3b3b6ed6,3ec00000,bbc49ba6,3ece5604,3ece2000,403,1682042,1595
1588,3b449ba6,3ec00000,bbe56042,3ece5604,3ece4000,403,1687000,1600
1589,3b4c78ea,3ec00000,bbc49ba6,3ece5604,3ece4000,403,1682625,1596
1590,3b55a5b9,3ec00000,bbe56042,3ece5604,3ece8000,403,1683500,1596
1591,3b5d82fd,3ec00000,bbc49ba6,3ece5604,3ece8000,403,1691667,1604
1592,3b66afcd,3ec00000,bbe56042,3ece5604,3ecea000,404,1682042,1595
1593,3b6e8d11,3ec00000,bbc49ba6,3eced917,3ecea000,404,1682333,1596
1594,3b766a55,3ec00000,bbc49ba6,3eced917,3ecec000,404,1685250,1598
1595,3b7e4799,3ec00000,bbc49ba6,3eced917,3ecee000,404,1682625,1596
1596,3b83126f,3ec00000,bbc49ba6,3eced917,3ecee000,404,1683208,1596
1597,3b870111,3ec00000,bbc49ba6,3eced917,3ecf0000,404,1682625,1596
1598,3b8b9778,3ec00000,bbe56042,3eced917,3ecf2000,405,1682333,1595
1599,3b8ede55,3ec00000,bba3d70a,3ecf5c29,3ecf2000,405,1681750,1594
1600,3b92ccf7,3ec00000,bbc49ba6,3ecf5c29,3ecf4000,405,1686708,1598
1601,3b96bb99,3ec00000,bbc49ba6,3ecf5c29,3ecf6000,405,1689625,1602
1602,3b9a0275,3ec00000,bba3d70a,3ecf5c29,3ecf6000,405,1723167,1633
1603,3b9df117,3ec00000,bbc49ba6,3ecf5c29,3ecf8000,405,1728125,1639
1604,3ba1dfb9,3ec00000,bbc49ba6,3ecf5c29,3ecfa000,406,1732500,1643
1605,3ba52696,3ec00000,bba3d70a,3ecfdf3b,3ecfa000,406,1734250,1644
1606,3ba86d72,3ec00000,bba3d70a,3ecfdf3b,3ecfa000,406,1734834,1645
1607,3bac5c14,3ec00000,bbc49ba6,3ecfdf3b,3ecfe000,406,1727250,1637
1608,3bafa2f0,3ec00000,bba3d70a,3ecfdf3b,3ecfe000,406,1724625,1635
1609,3bb2e9cd,3ec00000,bba3d70a,3ecfdf3b,3ecfe000,406,1731333,1643
1610,3bb630a9,3ec00000,bba3d70a,3ecfdf3b,3ed00000,406,1731042,1644
1611,3bba1f4b,3ec00000,bbc49ba6,3ecfdf3b,3ed02000,406,1738625,1650
1612,3bbd6627,3ec00000,bba3d70a,3ecfdf3b,3ed02000,406,1729875,1642
1613,3bc0ad04,3ec00000,bba3d70a,3ecfdf3b,3ed02000,406,1726667,1639
1614,3bc3f3e0,3ec00000,bba3d70a,3ecfdf3b,3ed04000,407,1731042,1644
1615,3bc73abd,3ec00000,bba3d70a,3ed0624e,3ed06000,407,1727250,1640
1616,3bca8199,3ec00000,bba3d70a,3ed0624e,3ed06000,407,1732208,1644
1617,3bcdc875,3ec00000,bba3d70a,3ed0624e,3ed08000,407,1728416,1641
1618,3bd0678c,3ec00000,bb83126f,3ed0624e,3ed08000,407,1731042,1643
1619,3bd3ae68,3ec00000,bba3d70a,3ed0624e,3ed0a000,407,1726084,1639
1620,3bd6f545,3ec00000,bba3d70a,3ed0624e,3ed0a000,407,1733667,1645
1621,3bda3c21,3ec00000,bba3d70a,3ed0624e,3ed0c000,408,1737166,1650
1622,3bdcdb38,3ec00000,bb83126f,3ed0e560,3ed0c000,408,1731334,1643
1623,3bdf7a4e,3ec00000,bb83126f,3ed0e560,3ed0c000,408,1727542,1640
1624,3be2c12b,3ec00000,bba3d70a,3ed0e560,3ed10000,408,1727833,1640
1625,3be56042,3ec00000,bb83126f,3ed0e560,3ed0e000,408,1727833,1640
1626,3be8a71e,3ec00000,bba3d70a,3ed0e560,3ed12000,408,1728417,1640
1627,3beb4635,3ec00000,bb83126f,3ed0e560,3ed10000,408,1722000,1635
1628,3bede54b,3ec00000,bb83126f,3ed0e560,3ed12000,408,1721417,1633
1629,3bf08462,3ec00000,bb83126f,3ed0e560,3ed12000,408,1725500,1637
1630,3bf3cb3e,3ec00000,bba3d70a,3ed0e560,3ed16000,409,1726375,1638
1631,3bf66a55,3ec00000,bb83126f,3ed16873,3ed16000,409,1724333,1637
1632,3bf9096c,3ec00000,bb83126f,3ed16873,3ed16000,409,1717917,1630
1633,3bfba882,3ec00000,bb83126f,3ed16873,3ed16000,409,1710334,1623
1634,3bfe4799,3ec00000,bb83126f,3ed16873,3ed18000,409,1686708,1599
1635,3c007358,3ec00000,bb83126f,3ed16873,3ed18000,409,1681459,1594
1636,3c01c2e3,3ec00000,bb83126f,3ed16873,3ed1a000,409,1685250,1597
1637,3c02be8c,3ec00000,bb449ba6,3ed16873,3ed18000,409,1679709,1591
1638,3c040e17,3ec00000,bb83126f,3ed16873,3ed1a000,409,1687875,1600
1639,3c055da2,3ec00000,bb83126f,3ed16873,3ed1c000,410,1679416,1593
1640,3c06ad2e,3ec00000,bb83126f,3ed1eb85,3ed1e000,410,1686417,1598
1641,3c07a8d6,3ec00000,bb449ba6,3ed1eb85,3ed1c000,410,1688458,1601
1642,3c08f862,3ec00000,bb83126f,3ed1eb85,3ed1e000,410,1684375,1597
1643,3c09f40a,3ec00000,bb449ba6,3ed1eb85,3ed1e000,410,1678250,1591
1644,3c0b4396,3ec00000,bb83126f,3ed1eb85,3ed20000,410,1684666,1597
1645,3c0c3f3e,3ec00000,bb449ba6,3ed1eb85,3ed20000,410,1682333,1595
1646,3c0d8ec9,3ec00000,bb83126f,3ed1eb85,3ed22000,410,1686125,1599
1647,3c0e8a72,3ec00000,bb449ba6,3ed1eb85,3ed22000,410,1681458,1595
1648,3c0fd9fd,3ec00000,bb83126f,3ed1eb85,3ed24000,411,1687000,1600
1649,3c10d5a6,3ec00000,bb449ba6,3ed26e98,3ed24000,411,1682333,1596
1650,3c11d14e,3ec00000,bb449ba6,3ed26e98,3ed24000,411,1683792,1597
1651,3c12ccf7,3ec00000,bb449ba6,3ed26e98,3ed24000,411,1691667,1605
1652,3c13c89f,3ec00000,bb449ba6,3ed26e98,3ed26000,411,1683500,1595
1653,3c14c448,3ec00000,bb449ba6,3ed26e98,3ed26000,411,1682916,1596
1654,3c1613d3,3ec00000,bb83126f,3ed26e98,3ed28000,411,1684084,1596
1655,3c170f7c,3ec00000,bb449ba6,3ed26e98,3ed28000,411,1682625,1596
1656,3c180b24,3ec00000,bb449ba6,3ed26e98,3ed28000,411,1684958,1598
1657,3c1906cd,3ec00000,bb449ba6,3ed26e98,3ed28000,411,1681750,1594
1658,3c1a0275,3ec00000,bb449ba6,3ed26e98,3ed2a000,411,1683500,1596
1659,3c1afe1e,3ec00000,bb449ba6,3ed26e98,3ed2a000,411,1683500,1596
1660,3c1bf9c6,3ec00000,bb449ba6,3ed26e98,3ed2a000,411,1682333,1596
1661,3c1cf56f,3ec00000,bb449ba6,3ed26e98,3ed2c000,412,1687291,1601
1662,3c1df117,3ec00000,bb449ba6,3ed2f1aa,3ed2c000,412,1683208,1597
1663,3c1e98dd,3ec00000,bb03126f,3ed2f1aa,3ed2c000,412,1680875,1594
1664,3c1f9485,3ec00000,bb449ba6,3ed2f1aa,3ed2e000,412,1682917,1596
1665,3c20902e,3ec00000,bb449ba6,3ed2f1aa,3ed2e000,412,1684083,1596
1666,3c2137f4,3ec00000,bb03126f,3ed2f1aa,3ed2e000,412,1683500,1596
1667,3c22339c,3ec00000,bb449ba6,3ed2f1aa,3ed30000,412,1681166,1594
1668,3c232f45,3ec00000,bb449ba6,3ed2f1aa,3ed30000,412,1685250,1598
1669,3c23d70a,3ec00000,bb03126f,3ed2f1aa,3ed30000,412,1680583,1593
1670,3c24d2b3,3ec00000,bb449ba6,3ed2f1aa,3ed32000,412,1686417,1598
1671,3c25ce5b,3ec00000,bb449ba6,3ed2f1aa,3ed32000,412,1690209,1603
1672,3c267621,3ec00000,bb03126f,3ed2f1aa,3ed32000,412,1686708,1599
1673,3c2771c9,3ec00000,bb449ba6,3ed2f1aa,3ed34000,413,1680000,1592
1674,3c28198f,3ec00000,bb03126f,3ed374bc,3ed32000,412,1687000,1599
1675,3c291538,3ec00000,bb449ba6,3ed2f1aa,3ed34000,413,1682917,1596
1676,3c29bcfd,3ec00000,bb03126f,3ed374bc,3ed34000,413,1685250,1597
1677,3c2a64c3,3ec00000,bb03126f,3ed374bc,3ed34000,413,1682625,1595
1678,3c2b606b,3ec00000,bb449ba6,3ed374bc,3ed36000,413,1686417,1599
1679,3c2c0831,3ec00000,bb03126f,3ed374bc,3ed36000,413,1681167,1594
1680,3c2caff7,3ec00000,bb03126f,3ed374bc,3ed36000,413,1687000,1599
1681,3c2d57bc,3ec00000,bb03126f,3ed374bc,3ed36000,413,1687875,1602
1682,3c2e5365,3ec00000,bb449ba6,3ed374bc,3ed38000,413,1684667,1597
1683,3c2efb2b,3ec00000,bb03126f,3ed374bc,3ed38000,413,1681750,1595
1684,3c2fa2f0,3ec00000,bb03126f,3ed374bc,3ed38000,413,1682625,1595
1685,3c304ab6,3ec00000,bb03126f,3ed374bc,3ed38000,413,1681167,1594
1686,3c31465f,3ec00000,bb449ba6,3ed374bc,3ed3a000,413,1683791,1596
1687,3c31ee24,3ec00000,bb03126f,3ed374bc,3ed3a000,413,1683208,1596
1688,3c3295ea,3ec00000,bb03126f,3ed374bc,3ed3a000,413,1713250,1596
1689,3c333db0,3ec00000,bb03126f,3ed374bc,3ed3a000,413,1730750,1622
1690,3c33e575,3ec00000,bb03126f,3ed374bc,3ed3a000,413,1749416,1658
1691,3c34e11e,3ec00000,bb449ba6,3ed374bc,3ed3c000,414,1756417,1666
1692,3c353501,3ec00000,ba83126f,3ed3f7cf,3ed3a000,413,1751167,1661
1693,3c3630a9,3ec00000,bb449ba6,3ed374bc,3ed3e000,414,1746791,1657
1694,3c36848c,3ec00000,ba83126f,3ed3f7cf,3ed3c000,414,1744750,1655
1695,3c372c52,3ec00000,bb03126f,3ed3f7cf,3ed3e000,414,1744750,1655
1696,3c37d417,3ec00000,bb03126f,3ed3f7cf,3ed3e000,414,1746208,1657
1697,3c387bdd,3ec00000,bb03126f,3ed3f7cf,3ed3e000,414,1755250,1667
1698,3c3923a3,3ec00000,bb03126f,3ed3f7cf,3ed3e000,414,1757875,1669
1699,3c39cb68,3ec00000,bb03126f,3ed3f7cf,3ed40000,414,1747958,1661
1700,3c3a1f4b,3ec00000,ba83126f,3ed3f7cf,3ed3e000,414,1754958,1667
1701,3c3ac711,3ec00000,bb03126f,3ed3f7cf,3ed40000,414,1753791,1666
1702,3c3b6ed6,3ec00000,bb03126f,3ed3f7cf,3ed40000,414,1754667,1666
1703,3c3c169c,3ec00000,bb03126f,3ed3f7cf,3ed40000,414,1751166,1663
1704,3c3cbe62,3ec00000,bb03126f,3ed3f7cf,3ed42000,414,1746209,1658
1705,3c3d1245,3ec00000,ba83126f,3ed3f7cf,3ed40000,414,1744166,1657
1706,3c3dba0a,3ec00000,bb03126f,3ed3f7cf,3ed42000,414,1754667,1667
1707,3c3e61d0,3ec00000,bb03126f,3ed3f7cf,3ed42000,414,1752334,1665
1708,3c3f0996,3ec00000,bb03126f,3ed3f7cf,3ed42000,414,1750584,1663
1709,3c3f5d79,3ec00000,ba83126f,3ed3f7cf,3ed42000,414,1742708,1656
1710,3c40053e,3ec00000,bb03126f,3ed3f7cf,3ed44000,415,1757583,1669
1711,3c40ad04,3ec00000,bb03126f,3ed47ae1,3ed44000,415,1757292,1669
1712,3c4100e7,3ec00000,ba83126f,3ed47ae1,3ed44000,415,1744167,1657
1713,3c4154ca,3ec00000,ba83126f,3ed47ae1,3ed44000,415,1744750,1658
1714,3c41fc8f,3ec00000,bb03126f,3ed47ae1,3ed46000,415,1743000,1656
1715,3c425072,3ec00000,ba83126f,3ed47ae1,3ed44000,415,1746500,1659
1716,3c42f838,3ec00000,bb03126f,3ed47ae1,3ed46000,415,1740083,1653
1717,3c434c1b,3ec00000,ba83126f,3ed47ae1,3ed44000,415,1743875,1656
1718,3c43f3e0,3ec00000,bb03126f,3ed47ae1,3ed46000,415,1741542,1654
1719,3c4447c3,3ec00000,ba83126f,3ed47ae1,3ed46000,415,1730750,1643
1720,3c449ba6,3ec00000,ba83126f,3ed47ae1,3ed46000,415,1736000,1628
1721,3c45436c,3ec00000,bb03126f,3ed47ae1,3ed48000,415,1709750,1623
1722,3c45974e,3ec00000,ba83126f,3ed47ae1,3ed46000,415,1700708,1598
1723,3c463f14,3ec00000,bb03126f,3ed47ae1,3ed48000,415,1685542,1598
1724,3c4692f7,3ec00000,ba83126f,3ed47ae1,3ed46000,415,1686125,1598
1725,3c46e6da,3ec00000,ba83126f,3ed47ae1,3ed46000,415,1686416,1600
1726,3c478e9f,3ec00000,bb03126f,3ed47ae1,3ed48000,415,1682333,1594
1727,3c47e282,3ec00000,ba83126f,3ed47ae1,3ed48000,415,1686416,1599
1728,3c483665,3ec00000,ba83126f,3ed47ae1,3ed48000,415,1682042,1595
1729,3c48de2b,3ec00000,bb03126f,3ed47ae1,3ed4a000,415,1684375,1597
1730,3c49320e,3ec00000,ba83126f,3ed47ae1,3ed48000,415,1688167,1601
1731,3c4985f0,3ec00000,ba83126f,3ed47ae1,3ed48000,415,1690208,1603
1732,3c4a2db6,3ec00000,bb03126f,3ed47ae1,3ed4a000,415,1684667,1596
1733,3c4a8199,3ec00000,ba83126f,3ed47ae1,3ed4a000,415,1684959,1597
1734,3c4ad57c,3ec00000,ba83126f,3ed47ae1,3ed4a000,415,1685250,1598
1735,3c4b7d41,3ec00000,bb03126f,3ed47ae1,3ed4c000,416,1683500,1596
1736,3c4bd124,3ec00000,ba83126f,3ed4fdf4,3ed4c000,416,1685541,1598
1737,3c4c2507,3ec00000,ba83126f,3ed4fdf4,3ed4c000,416,1683500,1596
1738,3c4c78ea,3ec00000,ba83126f,3ed4fdf4,3ed4c000,416,1686125,1599
1739,3c4ccccd,3ec00000,ba83126f,3ed4fdf4,3ed4c000,416,1683500,1596
1740,3c4d20b0,3ec00000,ba83126f,3ed4fdf4,3ed4c000,416,1688458,1600
1741,3c4d7492,3ec00000,ba83126f,3ed4fdf4,3ed4c000,416,1685250,1599
1742,3c4dc875,3ec00000,ba83126f,3ed4fdf4,3ed4c000,416,1684958,1597
1743,3c4e1c58,3ec00000,ba83126f,3ed4fdf4,3ed4c000,416,1678834,1592
1744,3c4e703b,3ec00000,ba83126f,3ed4fdf4,3ed4c000,416,1683792,1596
1745,3c4ec41e,3ec00000,ba83126f,3ed4fdf4,3ed4c000,416,1684375,1597
1746,3c4f1801,3ec00000,ba83126f,3ed4fdf4,3ed4e000,416,1683500,1596
1747,3c4f6be3,3ec00000,ba83126f,3ed4fdf4,3ed4e000,416,1683500,1596
1748,3c4fbfc6,3ec00000,ba83126f,3ed4fdf4,3ed4e000,416,1686708,1598
1749,3c5013a9,3ec00000,ba83126f,3ed4fdf4,3ed4e000,416,1681458,1594
1750,3c50678c,3ec00000,ba83126f,3ed4fdf4,3ed4e000,416,1684375,1597
1751,3c50bb6f,3ec00000,ba83126f,3ed4fdf4,3ed4e000,416,1689334,1603
1752,3c510f52,3ec00000,ba83126f,3ed4fdf4,3ed4e000,416,1685250,1598
1753,3c516335,3ec00000,ba83126f,3ed4fdf4,3ed4e000,416,1686125,1598
1754,3c51b717,3ec00000,ba83126f,3ed4fdf4,3ed4e000,416,1685250,1597
1755,3c520afa,3ec00000,ba83126f,3ed4fdf4,3ed50000,416,1680875,1594
1756,3c525edd,3ec00000,ba83126f,3ed4fdf4,3ed50000,416,1686708,1599
1757,3c52b2c0,3ec00000,ba83126f,3ed4fdf4,3ed50000,416,1683500,1595
1758,3c5306a3,3ec00000,ba83126f,3ed4fdf4,3ed50000,416,1684083,1597
1759,3c535a86,3ec00000,ba83126f,3ed4fdf4,3ed50000,416,1682042,1594
1760,3c53ae68,3ec00000,ba83126f,3ed4fdf4,3ed50000,416,1683792,1597
1761,3c53ae68,3ec00000,00000000,3ed4fdf4,3ed4e000,416,1684959,1597
1762,3c54024b,3ec00000,ba83126f,3ed4fdf4,3ed50000,416,1682625,1596
1763,3c54562e,3ec00000,ba83126f,3ed4fdf4,3ed50000,416,1681750,1595
1764,3c54aa11,3ec00000,ba83126f,3ed4fdf4,3ed50000,416,1684084,1597
1765,3c54fdf4,3ec00000,ba83126f,3ed4fdf4,3ed50000,416,1681458,1594
1766,3c5551d7,3ec00000,ba83126f,3ed4fdf4,3ed52000,416,1684375,1597
1767,3c55a5b9,3ec00000,ba83126f,3ed4fdf4,3ed52000,416,1680875,1594
1768,3c55f99c,3ec00000,ba83126f,3ed4fdf4,3ed52000,416,1683500,1596
1769,3c564d7f,3ec00000,ba83126f,3ed4fdf4,3ed52000,416,1686125,1599
1770,3c56a162,3ec00000,ba83126f,3ed4fdf4,3ed52000,416,1685542,1598
1771,3c56f545,3ec00000,ba83126f,3ed4fdf4,3ed52000,416,1688167,1601
1772,3c574928,3ec00000,ba83126f,3ed4fdf4,3ed52000,416,1688459,1601
1773,3c574928,3ec00000,00000000,3ed4fdf4,3ed50000,416,1681750,1595
1774,3c579d0a,3ec00000,ba83126f,3ed4fdf4,3ed52000,416,1683500,1596
1775,3c57f0ed,3ec00000,ba83126f,3ed4fdf4,3ed52000,416,1678833,1592
1776,3c5844d0,3ec00000,ba83126f,3ed4fdf4,3ed54000,417,1686709,1599
1777,3c5898b3,3ec00000,ba83126f,3ed58106,3ed54000,417,1681458,1595
1778,3c5898b3,3ec00000,00000000,3ed58106,3ed52000,416,1681750,1594
1779,3c58ec96,3ec00000,ba83126f,3ed4fdf4,3ed54000,417,1682917,1596
1780,3c594079,3ec00000,ba83126f,3ed58106,3ed54000,417,1685250,1598
1781,3c594079,3ec00000,00000000,3ed58106,3ed54000,417,1692250,1605
1782,3c59945b,3ec00000,ba83126f,3ed58106,3ed54000,417,1682625,1595
1783,3c59e83e,3ec00000,ba83126f,3ed58106,3ed54000,417,1684375,1597
1784,3c59e83e,3ec00000,00000000,3ed58106,3ed54000,417,1682625,1596
1785,3c5a3c21,3ec00000,ba83126f,3ed58106,3ed56000,417,1681750,1595
1786,3c5a3c21,3ec00000,00000000,3ed58106,3ed54000,417,1683500,1597
1787,3c5a9004,3ec00000,ba83126f,3ed58106,3ed56000,417,1681750,1595
1788,3c5a9004,3ec00000,00000000,3ed58106,3ed54000,417,1684958,1598
1789,3c5ae3e7,3ec00000,ba83126f,3ed58106,3ed56000,417,1684959,1597
1790,3c5b37ca,3ec00000,ba83126f,3ed58106,3ed56000,417,1684083,1597
1791,3c5b37ca,3ec00000,00000000,3ed58106,3ed54000,417,1689042,1602
1792,3c5b8bac,3ec00000,ba83126f,3ed58106,3ed56000,417,1681459,1595
1793,3c5b8bac,3ec00000,00000000,3ed58106,3ed54000,417,1678833,1593
1794,3c5bdf8f,3ec00000,ba83126f,3ed58106,3ed56000,417,1685250,1598
1795,3c5bdf8f,3ec00000,00000000,3ed58106,3ed54000,417,1683209,1597
1796,3c5c3372,3ec00000,ba83126f,3ed58106,3ed56000,417,1683209,1596
1797,3c5c3372,3ec00000,00000000,3ed58106,3ed54000,417,1716167,1598
1798,3c5c8755,3ec00000,ba83126f,3ed58106,3ed56000,417,1722583,1632
1799,3c5cdb38,3ec00000,ba83126f,3ed58106,3ed56000,417,1725500,1635
1800,3c5cdb38,3ec00000,00000000,3ed58106,3ed56000,417,1734833,1644
