
[1;31mroot[m@[1;34mATK-DLRK3588:[m/# echo b > /proc/sysrq-trigger
DDR 3488111f83 cym 24/04/12-12:49:26,fwver: v1.17
LPDDR4X, 1560MHz
channel[0] BW=16 Col=10 Bk=8 CS0 Row=16 CS1 Row=16 CS=2 Die BW=16 Size=2048MB
channel[1] BW=16 Col=10 Bk=8 CS0 Row=16 CS1 Row=16 CS=2 Die BW=16 Size=2048MB
channel[2] BW=16 Col=10 Bk=8 CS0 Row=16 CS1 Row=16 CS=2 Die BW=16 Size=2048MB
channel[3] BW=16 Col=10 Bk=8 CS0 Row=16 CS1 Row=16 CS=2 Die BW=16 Size=2048MB
Manufacturer ID:0x1
CH0 RX Vref:31.8%, TX Vref:19.8%,19.8%DQ rds:
h3 l0, h3 l0, h5 l0, h1 l0, h7 l0, h3 l0, h1 l0, h2 l0, 
h5 l0, h6 l0, h5 l0, h6 l0, h4 l0, h2 l0, h1 l0, h2 l0, 

CH1 RX Vref:29.7%, TX Vref:21.8%,20.8%DQ rds:
h5 l0, h0 l0, h7 l0, h5 l0, h0 l0, h0 l0, h2 l0, h1 l0, 
h2 l0, h2 l0, h4 l0, h0 l0, h3 l0, h7 l0, h3 l0, h7 l0, 

CH2 RX Vref:31.0%, TX Vref:21.8%,20.8%DQ rds:
h0 l0, h1 l0, h0 l0, h7 l0, h3 l0, h0 l0, h6 l0, h6 l0, 
h6 l0, h2 l0, h6 l0, h7 l0, h1 l0, h2 l0, h0 l0, h5 l0, 

CH3 RX Vref:32.6%, TX Vref:21.8%,19.8%DQ rds:
h7 l0, h6 l0, h3 l0, h3 l0, h0 l0, h2 l0, h6 l0, h3 l0, 
h4 l0, h6 l0, h7 l0, h6 l0, h7 l0, h5 l0, h1 l0, h7 l0, 

stride=0x2, ddr_config=0x4
hash ch_mask0-1 0x20 0x40, bank_mask0-3 0xa00 0x1400 0x2800 0x0, rank_mask0 0x401000
change to F1: 528MHz
change to F2: 1068MHz
change to F3: 1560MHz
change to F0: 1560MHz
out
U-Boot SPL board init
U-Boot SPL 2017.09-ge4e124926e-230922 #lxh (Sep 25 2023 - 10:58:38), fwver: v1.13
unknown raw ID 0 0 0
unrecognized JEDEC id bytes: 00, 00, 00
Trying to boot from MMC2
MMC: no card present
mmc_init: -123, time 0
spl: mmc init failed with error: -123
Trying to boot from MMC1
SPL: A/B-slot: _a, successful: 0, tries-remain: 7
Trying fit image at 0x4000 sector
## Verified-boot: 0
## Checking atf-1 0x00040000 ... sha256(64122e141b...) + OK
## Checking uboot 0x00200000 ... sha256(6a44ff16cd...) + OK
## Checking fdt 0x00341b18 ... sha256(8ecccd16d2...) + OK
## Checking atf-2 0xff100000 ... sha256(ce8968e34f...) + OK
## Checking atf-3 0x000f0000 ... sha256(ce48b69fdd...) + OK
## Checking optee 0x08400000 ... sha256(b866e4e4a1...) + OK
Jumping to U-Boot(0x00200000) via ARM Trusted Firmware(0x00040000)
Total: 84.660/258.391 ms

INFO:    Preloader serial: 2
NOTICE:  BL31: v2.3():v2.3-765-g588059758:derrick.huang, fwver: v1.46
NOTICE:  BL31: Built : 18:13:16, Apr 29 2024
INFO:    spec: 0x1
INFO:    code: 0x88
INFO:    ext 32k is not valid
INFO:    ddr: stride-en 4CH
INFO:    GICv3 without legacy support detected.
INFO:    ARM GICv3 driver initialized in EL3
INFO:    valid_cpu_msk=0xff bcore0_rst = 0x0, bcore1_rst = 0x0
INFO:    l3 cache partition cfg-0
INFO:    system boots from cpu-hwid-0
INFO:    bypass memory repair
INFO:    idle_st=0x21fff, pd_st=0x11fff9, repair_st=0xfff70001
INFO:    dfs DDR fsp_params[0].freq_mhz= 1560MHz
INFO:    dfs DDR fsp_params[1].freq_mhz= 528MHz
INFO:    dfs DDR fsp_params[2].freq_mhz= 1068MHz
INFO:    dfs DDR fsp_params[3].freq_mhz= 1560MHz
INFO:    BL31: Initialising Exception Handling Framework
INFO:    BL31: Initializing runtime services
INFO:    BL31: Initializing BL32
I/TC: 
I/TC: OP-TEE version: 3.13.0-791-g185dc3c92 #hisping.lin (gcc version 10.2.1 20201103 (GNU Toolchain for the A-profile Architecture 10.2-2020.11 (arm-10.16))) #2 Tue Apr 16 11:16:18 CST 2024 aarch64, fwver: v1.16 
I/TC: OP-TEE memory: TEEOS 0x200000 TA 0xc00000 SHM 0x200000
I/TC: Primary CPU initializing
I/TC: Primary CPU switching to normal world boot
INFO:    BL31: Preparing for EL3 exit to normal world
INFO:    Entry point address = 0x200000
INFO:    SPSR = 0x3c9


U-Boot 2017.09-g0a4dd03 #dengtao (Jan 16 2025 - 11:37:55 +0800)

Model: Rockchip RK3588 Evaluation Board
MPIDR: 0x81000000
PreSerial: 2, raw, 0xfeb50000
DRAM:  8 GiB
Sysmem: init
Relocation Offset: eda1c000
Relocation fdt: eb9fa7e0 - eb9fecc8
CR: M/C/I
Using default environment

optee api revision: 2.0
mmc@fe2c0000: 1, mmc@fe2e0000: 0
Bootdev(atags): mmc 0
MMC0: HS400 Enhanced Strobe, 200Mhz
PartType: EFI
TEEC: Waring: Could not find security partition
DM: v2
boot mode: normal
RESC: 'boot', blk@0x00019463
resource: sha256+
FIT: no signed, no conf required
   - dev=saradc, channel=7, dtb_adc=2748, read=2889, found=0
   - dev=saradc, channel=7, dtb_adc=1410, read=2889, found=0
   - dev=saradc, channel=7, dtb_adc=0, read=2889, found=0
DTB: rk-kernel.dtb
HASH(c): OK
I2c0 speed: 100000Hz
vsel-gpios- not found!
en-gpios- not found!
vdd_cpu_big0_s0 675000 uV
vsel-gpios- not found!
en-gpios- not found!
vdd_cpu_big1_s0 675000 uV
I2c1 speed: 100000Hz
vsel-gpios- not found!
en-gpios- not found!
vdd_npu_s0 825000 uV
spi2: RK806: 2
ON=0x40, OFF=0x00
vdd_gpu_s0 750000 uV
vdd_cpu_lit_s0 750000 uV
vdd_log_s0 750000 uV
vdd_vdenc_s0 init 750000 uV
vdd_ddr_s0 850000 uV
Device 'gpio@fd8a0000': seq 0 is in use by 'gpio@fd8a0000'
get vp0 plane mask:0x5, primary id:2, cursor_plane:-1, from dts
get vp1 plane mask:0xa, primary id:3, cursor_plane:-1, from dts
get vp2 plane mask:0x140, primary id:8, cursor_plane:-1, from dts
get vp3 plane mask:0x280, primary id:9, cursor_plane:-1, from dts
Could not find baseparameter partition
Model: ATK-DLRK3588 Board
MPIDR: 0x81000000
Rockchip UBOOT DRM driver version: v1.0.1
vp0 have layer nr:2[0 2 ], primary plane: 2
vp1 have layer nr:2[1 3 ], primary plane: 3
vp2 have layer nr:2[6 8 ], primary plane: 8
vp3 have layer nr:2[7 9 ], primary plane: 9
Using display timing dts
dsi@fde20000:  detailed mode clock 119000 kHz, flags[a]
    H: 1080 1090 1096 1128
    V: 1920 1940 1946 1956
bus_format: 100e
VOP update mode to: 1080x1920p54, type: MIPI0 for VP3
VP3 set crtc_clock to 119000KHz
VOP VP3 enable Esmart3[654x270->654x270@213x825] fmt[2] addr[0xedf2c000]
final DSI-Link bandwidth: 793333 Kbps x 4
hdmi@fde80000 disconnected
hdmi@fdea0000 disconnected
CLK: (sync kernel. arm: enter 1008000 KHz, init 1008000 KHz, kernel 0N/A)
  b0pll 24000 KHz
  b1pll 24000 KHz
  lpll 24000 KHz
  v0pll 714000 KHz
  aupll 786431 KHz
  cpll 1500000 KHz
  gpll 1188000 KHz
  npll 850000 KHz
  ppll 1100000 KHz
  aclk_center_root 702000 KHz
  pclk_center_root 100000 KHz
  hclk_center_root 396000 KHz
  aclk_center_low_root 500000 KHz
  aclk_top_root 750000 KHz
  pclk_top_root 100000 KHz
  aclk_low_top_root 396000 KHz
Net:   eth0: ethernet@fe1b0000, eth1: ethernet@fe1c0000
Hit key to stop autoboot('CTRL+C'):  0 
ANDROID: reboot reason: "(none)"
Not AVB images, AVB skip
No valid android hdr
Android image load failed
Android boot failed, error -1.
## Booting FIT Image at 0xe956d1c0 with size 0x0228c600
Fdt Ramdisk skip relocation
## Loading kernel from FIT Image at e956d1c0 ...
   Using 'conf' configuration
## Verified-boot: 0
   Trying 'kernel' kernel subimage
     Description:  unavailable
     Type:         Kernel Image
     Compression:  uncompressed
     Data Start:   0xe95b3dc0
     Data Size:    35936768 Bytes = 34.3 MiB
     Architecture: AArch64
     OS:           Linux
     Load Address: 0x00400000
     Entry Point:  0x00400000
     Hash algo:    sha256
     Hash value:   c4b37a1db565f49fd0076153b833d7d0d0b157130d947a946ffe587fdf58e30b
   Verifying Hash Integrity ... sha256+ OK
## Loading fdt from FIT Image at e956d1c0 ...
   Using 'conf' configuration
   Trying 'fdt' fdt subimage
     Description:  unavailable
     Type:         Flat Device Tree
     Compression:  uncompressed
     Data Start:   0xe956d9c0
     Data Size:    287238 Bytes = 280.5 KiB
     Architecture: AArch64
     Load Address: 0x08300000
     Hash algo:    sha256
     Hash value:   69022bae24cc482a099be6910b3bb902b1d505d35c314d88ed57c79127c6b147
   Verifying Hash Integrity ... sha256+ OK
   Loading fdt from 0x08300000 to 0x08300000
   Booting using the fdt blob at 0x08300000
   Loading Kernel Image from 0xe95b3dc0 to 0x00400000 ... OK
   kernel loaded at 0x00400000, end = 0x02645a00
   Using Device Tree in place at 0000000008300000, end 0000000008349205
WARNING: could not set reg FDT_ERR_BADOFFSET.
## reserved-memory:
  cma: addr=10000000 size=8000000
  drm-logo@00000000: addr=edf00000 size=106000
  ramoops@110000: addr=110000 size=f0000
Adding bank: 0x00200000 - 0x08400000 (size: 0x08200000)
Adding bank: 0x09400000 - 0xf0000000 (size: 0xe6c00000)
Adding bank: 0x100000000 - 0x200000000 (size: 0x100000000)
Adding bank: 0x2f0000000 - 0x300000000 (size: 0x10000000)
Total: 1284.933/1621.630 ms

Starting kernel ...

[    1.626639] Booting Linux on physical CPU 0x0000000000 [0x412fd050]
[    1.626657] Linux version 5.10.160 (alientek@alientek) (aarch64-none-linux-gnu-gcc (GNU Toolchain for the A-profile Architecture 10.3-2021.07 (arm-10.29)) 10.3.1 20210621, GNU ld (GNU Toolchain for the A-profile Architecture 10.3-2021.07 (arm-10.29)) 2.36.1.20210621) #1 SMP Tue Oct 21 14:42:25 CST 2025
[    1.637517] Machine model: ATK-DLRK3588 Board
[    1.637580] earlycon: uart8250 at MMIO32 0x00000000feb50000 (options '')
[    1.641578] printk: bootconsole [uart8250] enabled
[    1.644339] efi: UEFI not found.
[    1.650302] OF: fdt: Reserved memory: failed to reserve memory for node 'drm-cubic-lut@00000000': base 0x0000000000000000, size 0 MiB
[    1.651440] Reserved memory: created CMA memory pool at 0x0000000010000000, size 128 MiB
[    1.652176] OF: reserved mem: initialized node cma, compatible id shared-dma-pool
[    1.770977] Zone ranges:
[    1.771219]   DMA      [mem 0x0000000000200000-0x00000000ffffffff]
[    1.771786]   DMA32    empty
[    1.772050]   Normal   [mem 0x0000000100000000-0x00000002ffffffff]
[    1.772615] Movable zone start for each node
[    1.773003] Early memory node ranges
[    1.773330]   node   0: [mem 0x0000000000200000-0x00000000083fffff]
[    1.773900]   node   0: [mem 0x0000000009400000-0x00000000efffffff]
[    1.774471]   node   0: [mem 0x0000000100000000-0x00000001ffffffff]
[    1.775042]   node   0: [mem 0x00000002f0000000-0x00000002ffffffff]
[    1.775613] Initmem setup node 0 [mem 0x0000000000200000-0x00000002ffffffff]
[    1.821133] psci: probing for conduit method from DT.
[    1.821600] psci: PSCIv1.1 detected in firmware.
[    1.822021] psci: Using standard PSCI v0.2 function IDs
[    1.822499] psci: Trusted OS migration not required
[    1.822945] psci: SMC Calling Convention v1.2
[    1.823701] percpu: Embedded 30 pages/cpu s83480 r8192 d31208 u122880
[    1.824457] Detected VIPT I-cache on CPU0
[    1.824857] CPU features: detected: GIC system register CPU interface
[    1.825441] CPU features: detected: Virtualization Host Extensions
[    1.826008] CPU features: detected: ARM errata 1165522, 1319367, or 1530923
[    1.826646] alternatives: patching kernel code
[    1.828757] Built 1 zonelists, mobility grouping on.  Total pages: 2059848
[    1.829388] Kernel command line: storagemedia=emmc androidboot.storagemedia=emmc androidboot.mode=normal  androidboot.verifiedbootstate=orange rw rootwait earlycon=uart8250,mmio32,0xfeb50000 console=ttyFIQ0 irqchip.gicv3_pseudo_nmi=0 root=PARTUUID=614e0000-0000
[    1.832404] Dentry cache hash table entries: 1048576 (order: 11, 8388608 bytes, linear)
[    1.833514] Inode-cache hash table entries: 524288 (order: 10, 4194304 bytes, linear)
[    1.834228] mem auto-init: stack:off, heap alloc:off, heap free:off
[    1.840938] software IO TLB: mapped [mem 0x00000000e9f00000-0x00000000edf00000] (64MB)
[    1.902710] Memory: 7974132K/8370176K available (18560K kernel code, 3414K rwdata, 6196K rodata, 6784K init, 571K bss, 264972K reserved, 131072K cma-reserved)
[    1.904109] SLUB: HWalign=64, Order=0-3, MinObjects=0, CPUs=8, Nodes=1
[    1.904725] ftrace: allocating 57606 entries in 226 pages
[    1.976039] ftrace: allocated 226 pages with 4 groups
[    1.976722] rcu: Hierarchical RCU implementation.
[    1.977155] rcu: 	RCU event tracing is enabled.
[    1.977568] 	Rude variant of Tasks RCU enabled.
[    1.977981] rcu: RCU calculated value of scheduler-enlistment delay is 30 jiffies.
[    1.982660] NR_IRQS: 64, nr_irqs: 64, preallocated irqs: 0
[    1.985764] GICv3: GIC: Using split EOI/Deactivate mode
[    1.986243] GICv3: 480 SPIs implemented
[    1.986592] GICv3: 0 Extended SPIs implemented
[    1.987018] GICv3: Distributor has no Range Selector support
[    1.987538] GICv3: 16 PPIs implemented
[    1.987921] GICv3: CPU0: found redistributor 0 region 0:0x00000000fe680000
[    1.988636] ITS [mem 0xfe640000-0xfe65ffff]
[    1.989061] ITS@0x00000000fe640000: allocated 8192 Devices @1001f0000 (indirect, esz 8, psz 64K, shr 0)
[    1.989934] ITS@0x00000000fe640000: allocated 32768 Interrupt Collections @100200000 (flat, esz 2, psz 64K, shr 0)
[    1.990877] ITS: using cache flushing for cmd queue
[    1.991342] ITS [mem 0xfe660000-0xfe67ffff]
[    1.991759] ITS@0x00000000fe660000: allocated 8192 Devices @100220000 (indirect, esz 8, psz 64K, shr 0)
[    1.992630] ITS@0x00000000fe660000: allocated 32768 Interrupt Collections @100230000 (flat, esz 2, psz 64K, shr 0)
[    1.993572] ITS: using cache flushing for cmd queue
[    1.994225] GICv3: using LPI property table @0x0000000100240000
[    1.994876] GIC: using cache flushing for LPI property table
[    1.995395] GICv3: CPU0: using allocated LPI pending table @0x0000000100250000
[    2.104114] arch_timer: cp15 timer(s) running at 24.00MHz (phys).
[    2.104678] clocksource: arch_sys_counter: mask: 0xffffffffffffff max_cycles: 0x588fe9dc0, max_idle_ns: 440795202592 ns
[    2.105669] sched_clock: 56 bits at 24MHz, resolution 41ns, wraps every 4398046511097ns
[    2.107598] Console: colour dummy device 80x25
[    2.108030] Calibrating delay loop (skipped), value calculated using timer frequency.. 48.00 BogoMIPS (lpj=80000)
[    2.108975] pid_max: default: 32768 minimum: 301
[    2.109509] Mount-cache hash table entries: 16384 (order: 5, 131072 bytes, linear)
[    2.110222] Mountpoint-cache hash table entries: 16384 (order: 5, 131072 bytes, linear)
[    2.112134] rcu: Hierarchical SRCU implementation.
[    2.113258] Platform MSI: msi-controller@fe640000 domain created
[    2.113819] Platform MSI: msi-controller@fe660000 domain created
[    2.114718] PCI/MSI: /interrupt-controller@fe600000/msi-controller@fe640000 domain created
[    2.115486] PCI/MSI: /interrupt-controller@fe600000/msi-controller@fe660000 domain created
[    2.116422] EFI services will not be available.
[    2.117110] smp: Bringing up secondary CPUs ...
I/TC: Secondary CPU 1 initializing
I/TC: Secondary CPU 1 switching to normal world boot
I/TC: Secondary CPU 2 initializing
I/TC: Secondary CPU 2 switching to normal world boot
I/TC: Secondary CPU 3 initializing
I/TC: Secondary CPU 3 switching to normal world boot
I/TC: Secondary CPU 4 initializing
I/TC: Secondary CPU 4 switching to normal world boot
I/TC: Secondary CPU 5 initializing
I/TC: Secondary CPU 5 switching to normal world boot
I/TC: Secondary CPU 6 initializing
I/TC: Secondary CPU 6 switching to normal world boot
I/TC: Secondary CPU 7 initializing
I/TC: Secondary CPU 7 switching to normal world boot
[    2.118631] Detected VIPT I-cache on CPU1
[    2.118656] GICv3: CPU1: found redistributor 100 region 0:0x00000000fe6a0000
[    2.118671] GICv3: CPU1: using allocated LPI pending table @0x0000000100260000
[    2.118708] CPU1: Booted secondary processor 0x0000000100 [0x412fd050]
[    2.119841] Detected VIPT I-cache on CPU2
[    2.119860] GICv3: CPU2: found redistributor 200 region 0:0x00000000fe6c0000
[    2.119874] GICv3: CPU2: using allocated LPI pending table @0x0000000100270000
[    2.119906] CPU2: Booted secondary processor 0x0000000200 [0x412fd050]
[    2.121014] Detected VIPT I-cache on CPU3
[    2.121031] GICv3: CPU3: found redistributor 300 region 0:0x00000000fe6e0000
[    2.121044] GICv3: CPU3: using allocated LPI pending table @0x0000000100280000
[    2.121075] CPU3: Booted secondary processor 0x0000000300 [0x412fd050]
[    2.122187] CPU features: detected: Spectre-v4
[    2.122190] CPU features: detected: Spectre-BHB
[    2.122192] Detected PIPT I-cache on CPU4
[    2.122205] GICv3: CPU4: found redistributor 400 region 0:0x00000000fe700000
[    2.122214] GICv3: CPU4: using allocated LPI pending table @0x0000000100290000
[    2.122237] CPU4: Booted secondary processor 0x0000000400 [0x414fd0b0]
[    2.123328] Detected PIPT I-cache on CPU5
[    2.123342] GICv3: CPU5: found redistributor 500 region 0:0x00000000fe720000
[    2.123351] GICv3: CPU5: using allocated LPI pending table @0x00000001002a0000
[    2.123375] CPU5: Booted secondary processor 0x0000000500 [0x414fd0b0]
[    2.124471] Detected PIPT I-cache on CPU6
[    2.124484] GICv3: CPU6: found redistributor 600 region 0:0x00000000fe740000
[    2.124493] GICv3: CPU6: using allocated LPI pending table @0x00000001002b0000
[    2.124516] CPU6: Booted secondary processor 0x0000000600 [0x414fd0b0]
[    2.125598] Detected PIPT I-cache on CPU7
[    2.125612] GICv3: CPU7: found redistributor 700 region 0:0x00000000fe760000
[    2.125621] GICv3: CPU7: using allocated LPI pending table @0x00000001002c0000
[    2.125645] CPU7: Booted secondary processor 0x0000000700 [0x414fd0b0]
[    2.125698] smp: Brought up 1 node, 8 CPUs
[    2.142769] SMP: Total of 8 processors activated.
[    2.143206] CPU features: detected: Privileged Access Never
[    2.143718] CPU features: detected: User Access Override
[    2.144205] CPU features: detected: 32-bit EL0 Support
[    2.144676] CPU features: detected: Common not Private translations
[    2.145251] CPU features: detected: RAS Extension Support
[    2.145746] CPU features: detected: Data cache clean to the PoU not required for I/D coherence
[    2.146534] CPU features: detected: CRC32 instructions
[    2.147010] CPU features: detected: Speculative Store Bypassing Safe (SSBS)
[    2.147649] CPU features: detected: RCpc load-acquire (LDAPR)
[    2.148240] CPU: All CPU(s) started at EL2
[    2.150021] devtmpfs: initialized
[    2.163658] Registered cp15_barrier emulation handler
[    2.164127] Registered setend emulation handler
[    2.164607] clocksource: jiffies: mask: 0xffffffff max_cycles: 0xffffffff, max_idle_ns: 6370867519511994 ns
[    2.165499] futex hash table entries: 2048 (order: 5, 131072 bytes, linear)
[    2.167387] pinctrl core: initialized pinctrl subsystem
[    2.168076] DMI not present or invalid.
[    2.168629] NET: Registered protocol family 16
[    2.169776] DMA: preallocated 1024 KiB GFP_KERNEL pool for atomic allocations
[    2.170523] DMA: preallocated 1024 KiB GFP_KERNEL|GFP_DMA pool for atomic allocations
[    2.171719] Registered FIQ tty driver
[    2.172164] thermal_sys: Registered thermal governor 'fair_share'
[    2.172166] thermal_sys: Registered thermal governor 'step_wise'
[    2.172722] thermal_sys: Registered thermal governor 'user_space'
[    2.173275] thermal_sys: Registered thermal governor 'power_allocator'
[    2.174079] cpuidle: using governor menu
[    2.175126] hw-breakpoint: found 6 breakpoint and 4 watchpoint registers.
[    2.175835] ASID allocator initialised with 65536 entries
[    2.177760] ramoops: dmesg-0	0x20000@0x0000000000110000
[    2.178397] ramoops: console	0x80000@0x0000000000130000
[    2.178883] ramoops: pmsg	0x50000@0x00000000001b0000
[    2.179576] printk: console [ramoops-1] enabled
[    2.179998] pstore: Registered ramoops as persistent store backend
[    2.180563] ramoops: using 0xf0000@0x110000, ecc: 0
[    2.223961] rockchip-gpio fd8a0000.gpio: probed /pinctrl/gpio@fd8a0000
[    2.224747] rockchip-gpio fec20000.gpio: probed /pinctrl/gpio@fec20000
[    2.225501] rockchip-gpio fec30000.gpio: probed /pinctrl/gpio@fec30000
[    2.226255] rockchip-gpio fec40000.gpio: probed /pinctrl/gpio@fec40000
[    2.227044] rockchip-gpio fec50000.gpio: probed /pinctrl/gpio@fec50000
[    2.227675] rockchip-pinctrl pinctrl: probed pinctrl
[    2.241759] fiq_debugger fiq_debugger.0: IRQ fiq not found
[    2.242267] fiq_debugger fiq_debugger.0: IRQ wakeup not found
[    2.242793] fiq_debugger_probe: could not install nmi irq handler
[[    2.243388] printk: console [ttyFIQ0] enabled
    2.243388] printk: console [ttyFIQ0] enabled
[    2.244174] printk: bootconsole [uart8250] disabled
[    2.244174] printk: bootconsole [uart8250] disabled
[    2.244675] Registered fiq debugger ttyFIQ0
[    2.244969] vcc5v0_sys: supplied by vcc12v_dcin
[    2.245067] vcc5v0_usbdcin: supplied by vcc12v_dcin
[    2.245159] vcc5v0_usb: supplied by vcc5v0_usbdcin
[    2.245320] vcc_1v1_nldo_s3: supplied by vcc5v0_sys
[    2.245462] vcc3v3_pcie30: supplied by vcc12v_dcin
[    2.245627] vbus5v0_typec: supplied by vcc5v0_usb
[    2.245756] vbus5v0_typec1: supplied by vcc5v0_usb
[    2.246119] iommu: Default domain type: Translated 
[    2.249069] SCSI subsystem initialized
[    2.249140] usbcore: registered new interface driver usbfs
[    2.249154] usbcore: registered new interface driver hub
[    2.249168] usbcore: registered new device driver usb
[    2.249199] mc: Linux media interface: v0.10
[    2.249208] videodev: Linux video capture interface: v2.00
[    2.249233] pps_core: LinuxPPS API ver. 1 registered
[    2.249237] pps_core: Software ver. 5.3.6 - Copyright 2005-2007 Rodolfo Giometti <giometti@linux.it>
[    2.249243] PTP clock support registered
[    2.249259] EDAC MC: Ver: 3.0.0
[    2.249554] arm-scmi firmware:scmi: SCMI Notifications - Core Enabled.
[    2.249587] arm-scmi firmware:scmi: SCMI Protocol v2.0 'rockchip:' Firmware version 0x0
[    2.250641] Advanced Linux Sound Architecture Driver Initialized.
[    2.250809] Bluetooth: Core ver 2.22
[    2.250820] NET: Registered protocol family 31
[    2.250824] Bluetooth: HCI device and connection manager initialized
[    2.250829] Bluetooth: HCI socket layer initialized
[    2.250833] Bluetooth: L2CAP socket layer initialized
[    2.250839] Bluetooth: SCO socket layer initialized
[    2.252111] rockchip-cpuinfo cpuinfo: SoC		: 35881000
[    2.252116] rockchip-cpuinfo cpuinfo: Serial		: 8d4bd3e013e56633
[    2.252364] clocksource: Switched to clocksource arch_sys_counter
[    2.564721] NET: Registered protocol family 2
[    2.564847] IP idents hash table entries: 131072 (order: 8, 1048576 bytes, linear)
[    2.567271] tcp_listen_portaddr_hash hash table entries: 4096 (order: 4, 65536 bytes, linear)
[    2.567357] TCP established hash table entries: 65536 (order: 7, 524288 bytes, linear)
[    2.567768] TCP bind hash table entries: 65536 (order: 8, 1048576 bytes, linear)
[    2.568573] TCP: Hash tables configured (established 65536 bind 65536)
[    2.568614] UDP hash table entries: 4096 (order: 5, 131072 bytes, linear)
[    2.568765] UDP-Lite hash table entries: 4096 (order: 5, 131072 bytes, linear)
[    2.568967] NET: Registered protocol family 1
[    2.569224] RPC: Registered named UNIX socket transport module.
[    2.569229] RPC: Registered udp transport module.
[    2.569233] RPC: Registered tcp transport module.
[    2.569236] RPC: Registered tcp NFSv4.1 backchannel transport module.
[    2.569573] PCI: CLS 0 bytes, default 64
[    2.570382] rockchip-thermal fec00000.tsadc: Missing rockchip,grf property
[    2.570861] rockchip-thermal fec00000.tsadc: tsadc is probed successfully!
[    2.571464] hw perfevents: enabled with armv8_pmuv3 PMU driver, 7 counters available
[    2.573697] Initialise system trusted keyrings
[    2.573782] workingset: timestamp_bits=62 max_order=21 bucket_order=0
[    2.575434] squashfs: version 4.0 (2009/01/31) Phillip Lougher
[    2.575664] NFS: Registering the id_resolver key type
[    2.575682] Key type id_resolver registered
[    2.575685] Key type id_legacy registered
[    2.575708] ntfs: driver 2.1.32 [Flags: R/O].
[    2.575782] jffs2: version 2.2. (NAND) © 2001-2006 Red Hat, Inc.
[    2.575884] fuse: init (API version 7.32)
[    2.575978] SGI XFS with security attributes, no debug enabled
[    2.601276] NET: Registered protocol family 38
[    2.601282] Key type asymmetric registered
[    2.601286] Asymmetric key parser 'x509' registered
[    2.601299] Block layer SCSI generic (bsg) driver version 0.4 loaded (major 242)
[    2.601303] io scheduler mq-deadline registered
[    2.601307] io scheduler kyber registered
[    2.601710] rockchip-csi2-dphy-hw fedc0000.csi2-dphy0-hw: csi2 dphy hw probe successfully!
[    2.601780] rockchip-csi2-dphy-hw fedc8000.csi2-dphy1-hw: csi2 dphy hw probe successfully!
[    2.609433] rockchip-hdptx-phy-hdmi fed60000.hdmiphy: hdptx phy init success
[    2.610123] rockchip-hdptx-phy-hdmi fed70000.hdmiphy: hdptx phy init success
[    2.612725] rk-pcie fe150000.pcie: invalid prsnt-gpios property in node
[    2.612829] rk-pcie fe170000.pcie: invalid prsnt-gpios property in node
[    2.612844] rk-pcie fe170000.pcie: no vpcie3v3 regulator found
[    2.612974] pwm-backlight backlight: supply power not found, using dummy regulator
[    2.613060] rk-pcie fe170000.pcie: IRQ msi not found
[    2.613065] rk-pcie fe170000.pcie: use outband MSI support
[    2.613070] rk-pcie fe170000.pcie: Missing *config* reg space
[    2.613077] rk-pcie fe170000.pcie: host bridge /pcie@fe170000 ranges:
[    2.613089] rk-pcie fe170000.pcie:      err 0x00f2000000..0x00f20fffff -> 0x00f2000000
[    2.613100] rk-pcie fe170000.pcie:       IO 0x00f2100000..0x00f21fffff -> 0x00f2100000
[    2.613109] rk-pcie fe170000.pcie:      MEM 0x00f2200000..0x00f2ffffff -> 0x00f2200000
[    2.613115] rk-pcie fe170000.pcie:      MEM 0x0980000000..0x09bfffffff -> 0x0980000000
[    2.613140] rk-pcie fe170000.pcie: Missing *config* reg space
[    2.613163] rk-pcie fe170000.pcie: invalid resource
[    2.613217] iep: Module initialized.
[    2.613246] mpp_service mpp-srv: f421f8a9774d author: Yandong Lin 2023-09-21 video: rockchip: mpp: rkvenc2: fix slice mode poll failed
[    2.613251] mpp_service mpp-srv: probe start
[    2.614443] mpp_vdpu1 fdb51000.avsd-plus: Adding to iommu group 1
[    2.614623] mpp_vdpu1 fdb51000.avsd-plus: probe device
[    2.614723] mpp_vdpu1 fdb51000.avsd-plus: reset_group->rw_sem_on=0
[    2.614730] mpp_vdpu1 fdb51000.avsd-plus: reset_group->rw_sem_on=0
[    2.614843] mpp_vdpu1 fdb51000.avsd-plus: probing finish
[    2.615143] mpp_vdpu2 fdb50400.vdpu: Adding to iommu group 1
[    2.615178] mpp_vdpu2 fdb50400.vdpu: probe device
[    2.615256] mpp_vdpu2 fdb50400.vdpu: reset_group->rw_sem_on=0
[    2.615261] mpp_vdpu2 fdb50400.vdpu: reset_group->rw_sem_on=0
[    2.615346] mpp_vdpu2 fdb50400.vdpu: probing finish
[    2.615485] mpp_vepu2 jpege-ccu: probing start
[    2.615490] mpp_vepu2 jpege-ccu: probing finish
[    2.615584] mpp_vepu2 fdb50000.vepu: Adding to iommu group 1
[    2.615617] mpp_vepu2 fdb50000.vepu: probing start
[    2.615686] mpp_vepu2 fdb50000.vepu: reset_group->rw_sem_on=0
[    2.615699] mpp_vepu2 fdb50000.vepu: reset_group->rw_sem_on=0
[    2.615792] mpp_vepu2 fdb50000.vepu: probing finish
[    2.615862] mpp_vepu2 fdba0000.jpege-core: Adding to iommu group 5
[    2.615936] mpp_vepu2 fdba0000.jpege-core: probing start
[    2.616024] mpp_vepu2 fdba0000.jpege-core: attach ccu success
[    2.616114] mpp_vepu2 fdba0000.jpege-core: probing finish
[    2.616173] mpp_vepu2 fdba4000.jpege-core: Adding to iommu group 6
[    2.616242] mpp_vepu2 fdba4000.jpege-core: probing start
[    2.616325] mpp_vepu2 fdba4000.jpege-core: attach ccu success
[    2.616414] mpp_vepu2 fdba4000.jpege-core: probing finish
[    2.616474] mpp_vepu2 fdba8000.jpege-core: Adding to iommu group 7
[    2.616546] mpp_vepu2 fdba8000.jpege-core: probing start
[    2.616626] mpp_vepu2 fdba8000.jpege-core: attach ccu success
[    2.616714] mpp_vepu2 fdba8000.jpege-core: probing finish
[    2.616774] mpp_vepu2 fdbac000.jpege-core: Adding to iommu group 8
[    2.616846] mpp_vepu2 fdbac000.jpege-core: probing start
[    2.616926] mpp_vepu2 fdbac000.jpege-core: attach ccu success
[    2.617012] mpp_vepu2 fdbac000.jpege-core: probing finish
[    2.617237] mpp-iep2 fdbb0000.iep: Adding to iommu group 9
[    2.617315] mpp-iep2 fdbb0000.iep: probe device
[    2.617419] mpp-iep2 fdbb0000.iep: allocate roi buffer failed
[    2.617503] mpp-iep2 fdbb0000.iep: probing finish
[    2.617667] mpp_jpgdec fdb90000.jpegd: Adding to iommu group 4
[    2.617810] mpp_jpgdec fdb90000.jpegd: probe device
[    2.618004] mpp_jpgdec fdb90000.jpegd: probing finish
[    2.618322] mpp_rkvdec2 fdc30000.rkvdec-ccu: rkvdec-ccu, probing start
[    2.618370] mpp_rkvdec2 fdc30000.rkvdec-ccu: ccu-mode: 1
[    2.618374] mpp_rkvdec2 fdc30000.rkvdec-ccu: probing finish
[    2.618438] mpp_rkvdec2 fdc38100.rkvdec-core: Adding to iommu group 12
[    2.629105] rk-pcie fe150000.pcie: IRQ msi not found
[    2.629110] rk-pcie fe150000.pcie: use outband MSI support
[    2.629114] rk-pcie fe150000.pcie: Missing *config* reg space
[    2.629121] rk-pcie fe150000.pcie: host bridge /pcie@fe150000 ranges:
[    2.629132] rk-pcie fe150000.pcie:      err 0x00f0000000..0x00f00fffff -> 0x00f0000000
[    2.629139] rk-pcie fe150000.pcie:       IO 0x00f0100000..0x00f01fffff -> 0x00f0100000
[    2.629146] rk-pcie fe150000.pcie:      MEM 0x00f0200000..0x00f0ffffff -> 0x00f0200000
[    2.629153] rk-pcie fe150000.pcie:      MEM 0x0900000000..0x093fffffff -> 0x0900000000
[    2.629180] rk-pcie fe150000.pcie: Missing *config* reg space
[    2.629204] rk-pcie fe150000.pcie: invalid resource
[    2.629230] mpp_rkvdec2 fdc38100.rkvdec-core: rkvdec-core, probing start
[    2.629331] mpp_rkvdec2 fdc38100.rkvdec-core: shared_niu_a is not found!
[    2.629336] rkvdec2_init:1022: No niu aclk reset resource define
[    2.629340] mpp_rkvdec2 fdc38100.rkvdec-core: shared_niu_h is not found!
[    2.629344] rkvdec2_init:1025: No niu hclk reset resource define
[    2.629361] mpp_rkvdec2 fdc38100.rkvdec-core: no regulator, devfreq is disabled
[    2.629419] mpp_rkvdec2 fdc38100.rkvdec-core: core_mask=00010001
[    2.629422] mpp_rkvdec2 fdc38100.rkvdec-core: attach ccu as core 0
[    2.629575] mpp_rkvdec2 fdc38100.rkvdec-core: sram_start 0x00000000ff001000
[    2.629579] mpp_rkvdec2 fdc38100.rkvdec-core: rcb_iova 0x00000000fff00000
[    2.629583] mpp_rkvdec2 fdc38100.rkvdec-core: sram_size 491520
[    2.629587] mpp_rkvdec2 fdc38100.rkvdec-core: rcb_size 1048576
[    2.629592] mpp_rkvdec2 fdc38100.rkvdec-core: min_width 512
[    2.629597] mpp_rkvdec2 fdc38100.rkvdec-core: rcb_info_count 20
[    2.629601] mpp_rkvdec2 fdc38100.rkvdec-core: [136, 24576]
[    2.629605] mpp_rkvdec2 fdc38100.rkvdec-core: [137, 49152]
[    2.629608] mpp_rkvdec2 fdc38100.rkvdec-core: [141, 90112]
[    2.629612] mpp_rkvdec2 fdc38100.rkvdec-core: [140, 49152]
[    2.629616] mpp_rkvdec2 fdc38100.rkvdec-core: [139, 180224]
[    2.629620] mpp_rkvdec2 fdc38100.rkvdec-core: [133, 49152]
[    2.629623] mpp_rkvdec2 fdc38100.rkvdec-core: [134, 8192]
[    2.629627] mpp_rkvdec2 fdc38100.rkvdec-core: [135, 4352]
[    2.629631] mpp_rkvdec2 fdc38100.rkvdec-core: [138, 13056]
[    2.629634] mpp_rkvdec2 fdc38100.rkvdec-core: [142, 291584]
[    2.629660] mpp_rkvdec2 fdc38100.rkvdec-core: probing finish
[    2.629730] mpp_rkvdec2 fdc48100.rkvdec-core: Adding to iommu group 13
[    2.629917] mpp_rkvdec2 fdc48100.rkvdec-core: rkvdec-core, probing start
[    2.630014] mpp_rkvdec2 fdc48100.rkvdec-core: shared_niu_a is not found!
[    2.630018] rkvdec2_init:1022: No niu aclk reset resource define
[    2.630023] mpp_rkvdec2 fdc48100.rkvdec-core: shared_niu_h is not found!
[    2.630026] rkvdec2_init:1025: No niu hclk reset resource define
[    2.630042] mpp_rkvdec2 fdc48100.rkvdec-core: no regulator, devfreq is disabled
[    2.630080] mpp_rkvdec2 fdc48100.rkvdec-core: core_mask=00020002
[    2.630096] mpp_rkvdec2 fdc48100.rkvdec-core: attach ccu as core 1
[    2.630274] mpp_rkvdec2 fdc48100.rkvdec-core: sram_start 0x00000000ff079000
[    2.630278] mpp_rkvdec2 fdc48100.rkvdec-core: rcb_iova 0x00000000ffe00000
[    2.630282] mpp_rkvdec2 fdc48100.rkvdec-core: sram_size 487424
[    2.630285] mpp_rkvdec2 fdc48100.rkvdec-core: rcb_size 1048576
[    2.630290] mpp_rkvdec2 fdc48100.rkvdec-core: min_width 512
[    2.630294] mpp_rkvdec2 fdc48100.rkvdec-core: rcb_info_count 20
[    2.630298] mpp_rkvdec2 fdc48100.rkvdec-core: [136, 24576]
[    2.630302] mpp_rkvdec2 fdc48100.rkvdec-core: [137, 49152]
[    2.630306] mpp_rkvdec2 fdc48100.rkvdec-core: [141, 90112]
[    2.630309] mpp_rkvdec2 fdc48100.rkvdec-core: [140, 49152]
[    2.630313] mpp_rkvdec2 fdc48100.rkvdec-core: [139, 180224]
[    2.630317] mpp_rkvdec2 fdc48100.rkvdec-core: [133, 49152]
[    2.630320] mpp_rkvdec2 fdc48100.rkvdec-core: [134, 8192]
[    2.630324] mpp_rkvdec2 fdc48100.rkvdec-core: [135, 4352]
[    2.630327] mpp_rkvdec2 fdc48100.rkvdec-core: [138, 13056]
[    2.630331] mpp_rkvdec2 fdc48100.rkvdec-core: [142, 291584]
[    2.630354] mpp_rkvdec2 fdc48100.rkvdec-core: probing finish
[    2.630564] mpp_rkvenc2 rkvenc-ccu: probing start
[    2.630569] mpp_rkvenc2 rkvenc-ccu: probing finish
[    2.631063] mpp_av1dec: Adding child /av1d@fdc70000
[    2.631264] mpp_av1dec: register device av1d-master
[    2.631279] mpp_av1dec av1d-master: av1_iommu_of_xlate,784
[    2.631297] av1_iommu_probe_device,736, consumer : av1d-master, supplier : fdca0000.iommu
[    2.631305] mpp_av1dec av1d-master: Adding to iommu group 18
[    2.631488] mpp_av1dec av1d-master: probing start
[    2.631682] mpp_av1dec av1d-master: probing finish
[    2.631711] mpp_service mpp-srv: probe success
[    2.640537] dma-pl330 fea10000.dma-controller: Loaded driver for PL330 DMAC-241330
[    2.640545] dma-pl330 fea10000.dma-controller: 	DBUFF-128x8bytes Num_Chans-8 Num_Peri-32 Num_Events-16
[    2.641264] dma-pl330 fea30000.dma-controller: Loaded driver for PL330 DMAC-241330
[    2.641271] dma-pl330 fea30000.dma-controller: 	DBUFF-128x8bytes Num_Chans-8 Num_Peri-32 Num_Events-16
[    2.642012] dma-pl330 fed10000.dma-controller: Loaded driver for PL330 DMAC-241330
[    2.642018] dma-pl330 fed10000.dma-controller: 	DBUFF-128x8bytes Num_Chans-8 Num_Peri-32 Num_Events-16
[    2.642619] rockchip-pvtm fda40000.pvtm: pvtm@0 probed
[    2.642667] rockchip-pvtm fda50000.pvtm: pvtm@1 probed
[    2.642708] rockchip-pvtm fda60000.pvtm: pvtm@2 probed
[    2.642749] rockchip-pvtm fdaf0000.pvtm: pvtm@3 probed
[    2.642787] rockchip-pvtm fdb30000.pvtm: pvtm@4 probed
[    2.643303] rockchip-system-monitor rockchip-system-monitor: system monitor probe
[    2.644019] Serial: 8250/16550 driver, 10 ports, IRQ sharing disabled
[    2.644492] feb60000.serial: ttyS3 at MMIO 0xfeb60000 (irq = 109, base_baud = 1500000) is a 16550A
[    2.645583] random: crng init done
[    2.646440] rockchip-vop2 fdd90000.vop: Adding to iommu group 17
[    2.655110] rockchip-vop2 fdd90000.vop: [drm:vop2_bind] vp0 assign plane mask: 0x5, primary plane phy id: 2
[    2.655120] rockchip-vop2 fdd90000.vop: [drm:vop2_bind] vp1 assign plane mask: 0xa, primary plane phy id: 3
[    2.655127] rockchip-vop2 fdd90000.vop: [drm:vop2_bind] vp2 assign plane mask: 0x140, primary plane phy id: 8
[    2.655133] rockchip-vop2 fdd90000.vop: [drm:vop2_bind] vp3 assign plane mask: 0x280, primary plane phy id: 9
[    2.655344] [drm] failed to init overlay plane Cluster0-win1
[    2.655375] [drm] failed to init overlay plane Cluster1-win1
[    2.655405] [drm] failed to init overlay plane Cluster2-win1
[    2.655434] [drm] failed to init overlay plane Cluster3-win1
[    2.664990] rockchip-drm display-subsystem: bound fdd90000.vop (ops 0xffffffc00932d4a0)
[    2.665436] dwhdmi-rockchip fde80000.hdmi: registered ddc I2C bus driver
[    2.665849] rockchip-drm display-subsystem: bound fde80000.hdmi (ops 0xffffffc00933c030)
[    2.666221] dwhdmi-rockchip fdea0000.hdmi: registered ddc I2C bus driver
[    2.666575] rockchip-drm display-subsystem: bound fdea0000.hdmi (ops 0xffffffc00933c030)
[    2.666618] dw-mipi-dsi2 fde20000.dsi: [drm:dw_mipi_dsi2_bind] *ERROR* Failed to find panel or bridge: -517
[    2.674625] brd: module loaded
[    2.677198] loop: module loaded
[    2.677341] zram: Added device: zram0
[    2.677458] lkdtm: No crash points registered, enable through debugfs
[    2.677751] system_heap: orders[0] = 6
[    2.677755] system_heap: orders[1] = 4
[    2.677759] system_heap: orders[2] = 0
[    2.678644] ahci fe210000.sata: supply ahci not found, using dummy regulator
[    2.678694] ahci fe210000.sata: supply phy not found, using dummy regulator
[    2.678742] ahci fe210000.sata: supply target not found, using dummy regulator
[    2.678806] ahci fe210000.sata: forcing port_map 0x0 -> 0x1
[    2.678828] ahci fe210000.sata: AHCI 0001.0300 32 slots 1 ports 6 Gbps 0x1 impl platform mode
[    2.678835] ahci fe210000.sata: flags: ncq sntf pm led clo only pmp fbs pio slum part ccc apst 
[    2.678846] ahci fe210000.sata: port 0 can do FBS, forcing FBSCP
[    2.679454] scsi host0: ahci
[    2.679576] ata1: SATA max UDMA/133 mmio [mem 0xfe210000-0xfe210fff] port 0x100 irq 93
[    2.680545] rockchip-spi feb20000.spi: no high_speed pinctrl state
[    2.681783] rk806 spi2.0: chip id: RK806,ver:0x2, 0x1
[    2.681912] rk806 spi2.0: ON: 0x40 OFF:0x0
[    2.683474] vdd_gpu_s0: supplied by vcc5v0_sys
[    2.684485] vdd_cpu_lit_s0: supplied by vcc5v0_sys
[    2.685071] vdd_log_s0: supplied by vcc5v0_sys
[    2.685614] vdd_vdenc_s0: supplied by vcc5v0_sys
[    2.686226] vdd_ddr_s0: supplied by vcc5v0_sys
[    2.686589] vdd2_ddr_s3: supplied by vcc5v0_sys
[    2.687129] vdd_2v0_pldo_s3: supplied by vcc5v0_sys
[    2.687618] vcc_3v3_s3: supplied by vcc5v0_sys
[    2.688083] vddq_ddr_s0: supplied by vcc5v0_sys
[    2.688623] vcc_1v8_s3: supplied by vcc5v0_sys
[    2.689207] vdd_0v75_s3: supplied by vcc_1v1_nldo_s3
[    2.689769] vdd_ddr_pll_s0: supplied by vcc_1v1_nldo_s3
[    2.690257] avdd_0v75_s0: supplied by vcc_1v1_nldo_s3
[    2.690732] vdd_0v85_s0: supplied by vcc_1v1_nldo_s3
[    2.691214] vdd_0v75_s0: supplied by vcc_1v1_nldo_s3
[    2.691765] avcc_1v8_s0: supplied by vdd_2v0_pldo_s3
[    2.692378] vcc_1v8_s0: supplied by vdd_2v0_pldo_s3
[    2.692919] avdd_1v2_s0: supplied by vdd_2v0_pldo_s3
[    2.693466] vcc_3v3_s0: supplied by vcc5v0_sys
[    2.693938] vccio_sd_s0: supplied by vcc5v0_sys
[    2.694433] pldo6_s3: supplied by vcc5v0_sys
[    2.694674] rk806 spi2.0: no sleep-setting state
[    2.694679] rk806 spi2.0: no reset-setting pinctrl state
[    2.694684] rk806 spi2.0: no dvs-setting pinctrl state
[    2.696034] rockchip-spi feb20000.spi: probed, poll=0, rsd=0, cs-inactive=0, ready=0
[    2.696838] CAN device driver interface
[    2.698300] rk_gmac-dwmac fe1b0000.ethernet: IRQ eth_lpi not found
[    2.698562] rk_gmac-dwmac fe1b0000.ethernet: no regulator found
[    2.698568] rk_gmac-dwmac fe1b0000.ethernet: clock input or output? (output).
[    2.698574] rk_gmac-dwmac fe1b0000.ethernet: TX delay(0x43).
[    2.698579] rk_gmac-dwmac fe1b0000.ethernet: Can not read property: rx_delay.
[    2.698584] rk_gmac-dwmac fe1b0000.ethernet: set rx_delay to 0xffffffff
[    2.698602] rk_gmac-dwmac fe1b0000.ethernet: integrated PHY? (no).
[    2.698608] rk_gmac-dwmac fe1b0000.ethernet: cannot get clock mac_clk_rx
[    2.698614] rk_gmac-dwmac fe1b0000.ethernet: cannot get clock mac_clk_tx
[    2.698626] rk_gmac-dwmac fe1b0000.ethernet: cannot get clock clk_mac_speed
[    2.698845] rk_gmac-dwmac fe1b0000.ethernet: init for RGMII_RXID
[    2.698912] rk_gmac-dwmac fe1b0000.ethernet: User ID: 0x30, Synopsys ID: 0x51
[    2.698918] rk_gmac-dwmac fe1b0000.ethernet: 	DWMAC4/5
[    2.698924] rk_gmac-dwmac fe1b0000.ethernet: DMA HW capability register supported
[    2.698929] rk_gmac-dwmac fe1b0000.ethernet: RX Checksum Offload Engine supported
[    2.698933] rk_gmac-dwmac fe1b0000.ethernet: TX Checksum insertion supported
[    2.698938] rk_gmac-dwmac fe1b0000.ethernet: Wake-Up On Lan supported
[    2.698967] rk_gmac-dwmac fe1b0000.ethernet: TSO supported
[    2.698972] rk_gmac-dwmac fe1b0000.ethernet: Enable RX Mitigation via HW Watchdog Timer
[    2.698978] rk_gmac-dwmac fe1b0000.ethernet: Enabled Flow TC (entries=2)
[    2.698982] rk_gmac-dwmac fe1b0000.ethernet: TSO feature enabled
[    2.698987] rk_gmac-dwmac fe1b0000.ethernet: Using 32 bits DMA width
[    2.820139] rk-pcie fe170000.pcie: PCIe Linking... LTSSM is 0x3
[    2.833632] rk_gmac-dwmac fe1c0000.ethernet: IRQ eth_lpi not found
[    2.833898] rk_gmac-dwmac fe1c0000.ethernet: no regulator found
[    2.833905] rk_gmac-dwmac fe1c0000.ethernet: clock input or output? (output).
[    2.833910] rk_gmac-dwmac fe1c0000.ethernet: TX delay(0x43).
[    2.833915] rk_gmac-dwmac fe1c0000.ethernet: Can not read property: rx_delay.
[    2.833920] rk_gmac-dwmac fe1c0000.ethernet: set rx_delay to 0xffffffff
[    2.833928] rk_gmac-dwmac fe1c0000.ethernet: integrated PHY? (no).
[    2.833934] rk_gmac-dwmac fe1c0000.ethernet: cannot get clock mac_clk_rx
[    2.833940] rk_gmac-dwmac fe1c0000.ethernet: cannot get clock mac_clk_tx
[    2.833952] rk_gmac-dwmac fe1c0000.ethernet: cannot get clock clk_mac_speed
[    2.834169] rk_gmac-dwmac fe1c0000.ethernet: init for RGMII_RXID
[    2.834236] rk_gmac-dwmac fe1c0000.ethernet: User ID: 0x30, Synopsys ID: 0x51
[    2.834243] rk_gmac-dwmac fe1c0000.ethernet: 	DWMAC4/5
[    2.834249] rk_gmac-dwmac fe1c0000.ethernet: DMA HW capability register supported
[    2.834254] rk_gmac-dwmac fe1c0000.ethernet: RX Checksum Offload Engine supported
[    2.834258] rk_gmac-dwmac fe1c0000.ethernet: TX Checksum insertion supported
[    2.834262] rk_gmac-dwmac fe1c0000.ethernet: Wake-Up On Lan supported
[    2.834290] rk_gmac-dwmac fe1c0000.ethernet: TSO supported
[    2.834295] rk_gmac-dwmac fe1c0000.ethernet: Enable RX Mitigation via HW Watchdog Timer
[    2.834300] rk_gmac-dwmac fe1c0000.ethernet: Enabled Flow TC (entries=2)
[    2.834304] rk_gmac-dwmac fe1c0000.ethernet: TSO feature enabled
[    2.834309] rk_gmac-dwmac fe1c0000.ethernet: Using 32 bits DMA width
[    2.836806] rk-pcie fe150000.pcie: PCIe Linking... LTSSM is 0x0
[    2.845705] rk-pcie fe170000.pcie: PCIe Linking... LTSSM is 0x3
[    2.862366] rk-pcie fe150000.pcie: PCIe Linking... LTSSM is 0x0
[    2.872369] rk-pcie fe170000.pcie: PCIe Linking... LTSSM is 0x3
[    2.889032] rk-pcie fe150000.pcie: PCIe Linking... LTSSM is 0x0
[    2.899033] rk-pcie fe170000.pcie: PCIe Linking... LTSSM is 0x3
[    2.915700] rk-pcie fe150000.pcie: PCIe Linking... LTSSM is 0x0
[    2.925699] rk-pcie fe170000.pcie: PCIe Linking... LTSSM is 0x3
[    2.942365] rk-pcie fe150000.pcie: PCIe Linking... LTSSM is 0x1
[    2.966968] PPP generic driver version 2.4.2
[    2.967035] PPP BSD Compression module registered
[    2.967040] PPP Deflate Compression module registered
[    2.967053] PPP MPPE Compression module registered
[    2.967058] NET: Registered protocol family 24
[    2.967097] usbcore: registered new interface driver rtl8150
[    2.967113] usbcore: registered new interface driver r8152
[    2.967129] usbcore: registered new interface driver asix
[    2.967143] usbcore: registered new interface driver ax88179_178a
[    2.967156] usbcore: registered new interface driver cdc_ether
[    2.967170] usbcore: registered new interface driver cdc_eem
[    2.967183] usbcore: registered new interface driver net1080
[    2.967196] usbcore: registered new interface driver rndis_host
[    2.967211] usbcore: registered new interface driver cdc_subset
[    2.967224] usbcore: registered new interface driver zaurus
[    2.967241] usbcore: registered new interface driver cdc_ncm
[    2.967256] usbcore: registered new interface driver qmi_wwan_q
[    2.967270] usbcore: registered new interface driver qmi_wwan
[    2.967284] usbcore: registered new interface driver cdc_mbim
[    2.982208] ehci_hcd: USB 2.0 'Enhanced' Host Controller (EHCI) Driver
[    2.982219] ehci-pci: EHCI PCI platform driver
[    2.982249] ehci-platform: EHCI generic platform driver
[    2.984474] ehci-platform fc800000.usb: EHCI Host Controller
[    2.984538] ehci-platform fc800000.usb: new USB bus registered, assigned bus number 1
[    2.984596] ehci-platform fc800000.usb: irq 20, io mem 0xfc800000
[    2.991997] ata1: SATA link down (SStatus 0 SControl 300)
[    2.995706] ehci-platform fc800000.usb: USB 2.0 started, EHCI 1.00
[    2.995783] usb usb1: New USB device found, idVendor=1d6b, idProduct=0002, bcdDevice= 5.10
[    2.995789] usb usb1: New USB device strings: Mfr=3, Product=2, SerialNumber=1
[    2.995794] usb usb1: Product: EHCI Host Controller
[    2.995799] usb usb1: Manufacturer: Linux 5.10.160 ehci_hcd
[    2.995803] usb usb1: SerialNumber: fc800000.usb
[    2.995992] hub 1-0:1.0: USB hub found
[    2.996005] hub 1-0:1.0: 1 port detected
[    2.998326] ehci-platform fc880000.usb: EHCI Host Controller
[    2.998390] ehci-platform fc880000.usb: new USB bus registered, assigned bus number 2
[    2.998439] ehci-platform fc880000.usb: irq 22, io mem 0xfc880000
[    3.009039] ehci-platform fc880000.usb: USB 2.0 started, EHCI 1.00
[    3.009103] usb usb2: New USB device found, idVendor=1d6b, idProduct=0002, bcdDevice= 5.10
[    3.009109] usb usb2: New USB device strings: Mfr=3, Product=2, SerialNumber=1
[    3.009114] usb usb2: Product: EHCI Host Controller
[    3.009118] usb usb2: Manufacturer: Linux 5.10.160 ehci_hcd
[    3.009123] usb usb2: SerialNumber: fc880000.usb
[    3.009278] hub 2-0:1.0: USB hub found
[    3.009290] hub 2-0:1.0: 1 port detected
[    3.009633] ohci_hcd: USB 1.1 'Open' Host Controller (OHCI) Driver
[    3.009641] ohci-platform: OHCI generic platform driver
[    3.009775] ohci-platform fc840000.usb: Generic Platform OHCI controller
[    3.009832] ohci-platform fc840000.usb: new USB bus registered, assigned bus number 3
[    3.009873] ohci-platform fc840000.usb: irq 21, io mem 0xfc840000
[    3.069763] usb usb3: New USB device found, idVendor=1d6b, idProduct=0001, bcdDevice= 5.10
[    3.069770] usb usb3: New USB device strings: Mfr=3, Product=2, SerialNumber=1
[    3.069775] usb usb3: Product: Generic Platform OHCI controller
[    3.069780] usb usb3: Manufacturer: Linux 5.10.160 ohci_hcd
[    3.069785] usb usb3: SerialNumber: fc840000.usb
[    3.069938] hub 3-0:1.0: USB hub found
[    3.069951] hub 3-0:1.0: 1 port detected
[    3.070164] ohci-platform fc8c0000.usb: Generic Platform OHCI controller
[    3.070219] ohci-platform fc8c0000.usb: new USB bus registered, assigned bus number 4
[    3.070258] ohci-platform fc8c0000.usb: irq 23, io mem 0xfc8c0000
[    3.129762] usb usb4: New USB device found, idVendor=1d6b, idProduct=0001, bcdDevice= 5.10
[    3.129769] usb usb4: New USB device strings: Mfr=3, Product=2, SerialNumber=1
[    3.129774] usb usb4: Product: Generic Platform OHCI controller
[    3.129779] usb usb4: Manufacturer: Linux 5.10.160 ohci_hcd
[    3.129783] usb usb4: SerialNumber: fc8c0000.usb
[    3.129930] hub 4-0:1.0: USB hub found
[    3.129943] hub 4-0:1.0: 1 port detected
[    3.130441] xhci-hcd xhci-hcd.5.auto: xHCI Host Controller
[    3.130501] xhci-hcd xhci-hcd.5.auto: new USB bus registered, assigned bus number 5
[    3.130572] xhci-hcd xhci-hcd.5.auto: hcc params 0x0220fe64 hci version 0x110 quirks 0x0000200002010010
[    3.130593] xhci-hcd xhci-hcd.5.auto: irq 160, io mem 0xfcd00000
[    3.130693] usb usb5: New USB device found, idVendor=1d6b, idProduct=0002, bcdDevice= 5.10
[    3.130698] usb usb5: New USB device strings: Mfr=3, Product=2, SerialNumber=1
[    3.130703] usb usb5: Product: xHCI Host Controller
[    3.130708] usb usb5: Manufacturer: Linux 5.10.160 xhci-hcd
[    3.130712] usb usb5: SerialNumber: xhci-hcd.5.auto
[    3.130865] hub 5-0:1.0: USB hub found
[    3.130878] hub 5-0:1.0: 1 port detected
[    3.130982] xhci-hcd xhci-hcd.5.auto: xHCI Host Controller
[    3.131036] xhci-hcd xhci-hcd.5.auto: new USB bus registered, assigned bus number 6
[    3.131043] xhci-hcd xhci-hcd.5.auto: Host supports USB 3.0 SuperSpeed
[    3.131066] usb usb6: We don't know the algorithms for LPM for this host, disabling LPM.
[    3.131104] usb usb6: New USB device found, idVendor=1d6b, idProduct=0003, bcdDevice= 5.10
[    3.131109] usb usb6: New USB device strings: Mfr=3, Product=2, SerialNumber=1
[    3.131114] usb usb6: Product: xHCI Host Controller
[    3.131119] usb usb6: Manufacturer: Linux 5.10.160 xhci-hcd
[    3.131123] usb usb6: SerialNumber: xhci-hcd.5.auto
[    3.131271] hub 6-0:1.0: USB hub found
[    3.131282] hub 6-0:1.0: 1 port detected
[    3.131447] usbcore: registered new interface driver cdc_acm
[    3.131452] cdc_acm: USB Abstract Control Model driver for USB modems and ISDN adapters
[    3.131468] usbcore: registered new interface driver cdc_wdm
[    3.131548] usbcore: registered new interface driver uas
[    3.131594] usbcore: registered new interface driver usb-storage
[    3.131625] usbcore: registered new interface driver usbserial_generic
[    3.131636] usbserial: USB Serial support registered for generic
[    3.131652] usbcore: registered new interface driver cp210x
[    3.131662] usbserial: USB Serial support registered for cp210x
[    3.131691] usbcore: registered new interface driver ftdi_sio
[    3.131700] usbserial: USB Serial support registered for FTDI USB Serial Device
[    3.131769] usbcore: registered new interface driver keyspan
[    3.131778] usbserial: USB Serial support registered for Keyspan - (without firmware)
[    3.131787] usbserial: USB Serial support registered for Keyspan 1 port adapter
[    3.131796] usbserial: USB Serial support registered for Keyspan 2 port adapter
[    3.131805] usbserial: USB Serial support registered for Keyspan 4 port adapter
[    3.131823] usbcore: registered new interface driver option
[    3.131837] usbserial: USB Serial support registered for GSM modem (1-port)
[    3.131938] usbcore: registered new interface driver oti6858
[    3.131947] usbserial: USB Serial support registered for oti6858
[    3.131963] usbcore: registered new interface driver pl2303
[    3.131971] usbserial: USB Serial support registered for pl2303
[    3.131994] usbcore: registered new interface driver qcserial
[    3.132003] usbserial: USB Serial support registered for Qualcomm USB modem
[    3.132028] usbcore: registered new interface driver sierra
[    3.132036] usbserial: USB Serial support registered for Sierra USB modem
[    3.132553] usbcore: registered new interface driver usbtouchscreen
[    3.133494] input: rk805 pwrkey as /devices/platform/feb20000.spi/spi_master/spi2/spi2.0/rk805-pwrkey.3.auto/input/input0
[    3.133652] i2c /dev entries driver
[    3.136471] vdd_cpu_big0_s0: supplied by vcc5v0_sys
[    3.144287] vdd_cpu_big1_s0: supplied by vcc5v0_sys
[    3.152540] vdd_npu_s0: supplied by vcc5v0_sys
[    3.159570] gsensor_sh3001 4-0036: sensor_register_device: sh3001_acc, id = 38
[    3.159578] i2c i2c-4: sensor_probe: sh3001_acc,0000000058f7e85d
[    3.160085] gsensor_sh3001 4-0036: sensor_chip_init:sh3001_acc:devid=0x61,ops=0x0000000007b9c0f5
[    3.245721] usb 1-1: new high-speed USB device number 2 using ehci-platform
[    3.259050] usb 2-1: new high-speed USB device number 2 using ehci-platform
[    3.393258] usb 1-1: New USB device found, idVendor=0bda, idProduct=b733, bcdDevice= 0.00
[    3.393276] usb 1-1: New USB device strings: Mfr=1, Product=2, SerialNumber=3
[    3.393285] usb 1-1: Product: 802.11n  WLAN Adapter
[    3.393294] usb 1-1: Manufacturer: Realtek
[    3.393302] usb 1-1: SerialNumber: 4CA38F7E6ADC
[    3.406351] usb 2-1: New USB device found, idVendor=1a86, idProduct=8091, bcdDevice=13.10
[    3.406369] usb 2-1: New USB device strings: Mfr=0, Product=2, SerialNumber=0
[    3.406379] usb 2-1: Product: USB HUB
[    3.406832] hub 2-1:1.0: USB hub found
[    3.406973] hub 2-1:1.0: 4 ports detected
[    3.808586] gsensor_sh3001 4-0036: New Version SH3001.
[    3.808593] gsensor_sh3001 4-0036: Sensor initialization succeeded!
[    3.808658] input: gsensor as /devices/platform/feac0000.i2c/i2c-4/4-0036/input/input1
[    3.808709] gsensor_sh3001 4-0036: sensor_irq_init:use polling,delay=30 ms
[    3.808755] gsensor_sh3001 4-0036: sensor_misc_device_register:miscdevice: mma8452_daemon
[    3.808761] gsensor_sh3001 4-0036: sensor_probe:initialized ok,sensor name:sh3001_acc,type:2,id=38
[    3.808761] 
[    3.808786] i2c i2c-4: 1 i2c clients have been registered at 0x36
[    3.820519] goodix_ts_probe() start
[    3.953072] <<-GTP-ERROR->> I2C Read: 0x8047, 1 bytes failed, errcode: -6! Process reset.
[    4.049030] <<-GTP-ERROR->> GTP i2c test failed time 1.
[    4.066409] <<-GTP-ERROR->> I2C Read: 0x8047, 1 bytes failed, errcode: -6! Process reset.
[    4.162363] <<-GTP-ERROR->> GTP i2c test failed time 2.
[    4.179732] <<-GTP-ERROR->> I2C Read: 0x8047, 1 bytes failed, errcode: -6! Process reset.
[    4.275696] <<-GTP-ERROR->> GTP i2c test failed time 3.
[    4.293066] <<-GTP-ERROR->> I2C Read: 0x8047, 1 bytes failed, errcode: -6! Process reset.
[    4.389029] <<-GTP-ERROR->> GTP i2c test failed time 4.
[    4.406399] <<-GTP-ERROR->> I2C Read: 0x8047, 1 bytes failed, errcode: -6! Process reset.
[    4.502363] <<-GTP-ERROR->> GTP i2c test failed time 5.
[    4.519030] <goodix_ts_probe>_2804    I2C communication ERROR!
[    4.519036]    <goodix_ts_probe>_2881  prob error !!!!!!!!!!!!!!!
[    4.544572] rtc-pcf8563 6-0051: low voltage detected, date/time is not reliable.
[    4.544671] rtc-pcf8563 6-0051: registered as rtc0
[    4.545870] rtc-pcf8563 6-0051: low voltage detected, date/time is not reliable.
[    4.545875] rtc-pcf8563 6-0051: hctosys: unable to read the hardware clock
[    4.549177] rkcifhw fdce0000.rkcif: Adding to iommu group 16
[    4.550031] rkcifhw fdce0000.rkcif: No reserved memory region assign to CIF
[    4.550121] rkcif rkcif-mipi-lvds: Adding to iommu group 16
[    4.550133] rkcif rkcif-mipi-lvds: rkcif driver version: v00.02.00
[    4.550186] rkcif rkcif-mipi-lvds: attach to cif hw node
[    4.550191] rkcif rkcif-mipi-lvds: rkcif wait line 0
[    4.550198] : terminal subdev does not exist
[    4.550202] : terminal subdev does not exist
[    4.550206] : terminal subdev does not exist
[    4.550210] : terminal subdev does not exist
[    4.550215] : get_remote_sensor: video pad[0] is null
[    4.550220] : rkcif_update_sensor_info: stream[0] get remote sensor_sd failed!
[    4.550226] : rkcif_scale_set_fmt: req(80, 60) src out(0, 0)
[    4.550230] : get_remote_sensor: video pad[0] is null
[    4.550234] : rkcif_update_sensor_info: stream[0] get remote sensor_sd failed!
[    4.550239] : rkcif_scale_set_fmt: req(80, 60) src out(0, 0)
[    4.550242] : get_remote_sensor: video pad[0] is null
[    4.550246] : rkcif_update_sensor_info: stream[0] get remote sensor_sd failed!
[    4.550251] : rkcif_scale_set_fmt: req(80, 60) src out(0, 0)
[    4.550254] : get_remote_sensor: video pad[0] is null
[    4.550258] : rkcif_update_sensor_info: stream[0] get remote sensor_sd failed!
[    4.550262] : rkcif_scale_set_fmt: req(80, 60) src out(0, 0)
[    4.551552] rkcif rkcif-mipi-lvds: No memory-region-thunderboot specified
[    4.551706] rkcif rkcif-mipi-lvds2: Adding to iommu group 16
[    4.551735] rkcif rkcif-mipi-lvds2: rkcif driver version: v00.02.00
[    4.551808] rkcif rkcif-mipi-lvds2: attach to cif hw node
[    4.551818] rkcif rkcif-mipi-lvds2: rkcif wait line 0
[    4.551827] : terminal subdev does not exist
[    4.551835] : terminal subdev does not exist
[    4.551843] : terminal subdev does not exist
[    4.551849] : terminal subdev does not exist
[    4.551857] : get_remote_sensor: video pad[0] is null
[    4.551864] : rkcif_update_sensor_info: stream[0] get remote sensor_sd failed!
[    4.551873] : rkcif_scale_set_fmt: req(80, 60) src out(0, 0)
[    4.551880] : get_remote_sensor: video pad[0] is null
[    4.551887] : rkcif_update_sensor_info: stream[0] get remote sensor_sd failed!
[    4.551895] : rkcif_scale_set_fmt: req(80, 60) src out(0, 0)
[    4.551902] : get_remote_sensor: video pad[0] is null
[    4.551909] : rkcif_update_sensor_info: stream[0] get remote sensor_sd failed!
[    4.551917] : rkcif_scale_set_fmt: req(80, 60) src out(0, 0)
[    4.551923] : get_remote_sensor: video pad[0] is null
[    4.551930] : rkcif_update_sensor_info: stream[0] get remote sensor_sd failed!
[    4.551938] : rkcif_scale_set_fmt: req(80, 60) src out(0, 0)
[    4.553251] rkcif rkcif-mipi-lvds2: No memory-region-thunderboot specified
[    4.554978] rockchip-mipi-csi2-hw fdd10000.mipi0-csi2-hw: enter mipi csi2 hw probe!
[    4.555112] rockchip-mipi-csi2-hw fdd10000.mipi0-csi2-hw: probe success, v4l2_dev:mipi0-csi2-hw!
[    4.555179] rockchip-mipi-csi2-hw fdd20000.mipi1-csi2-hw: enter mipi csi2 hw probe!
[    4.555284] rockchip-mipi-csi2-hw fdd20000.mipi1-csi2-hw: probe success, v4l2_dev:mipi1-csi2-hw!
[    4.555347] rockchip-mipi-csi2-hw fdd30000.mipi2-csi2-hw: enter mipi csi2 hw probe!
[    4.555452] rockchip-mipi-csi2-hw fdd30000.mipi2-csi2-hw: probe success, v4l2_dev:mipi2-csi2-hw!
[    4.555515] rockchip-mipi-csi2-hw fdd40000.mipi3-csi2-hw: enter mipi csi2 hw probe!
[    4.555618] rockchip-mipi-csi2-hw fdd40000.mipi3-csi2-hw: probe success, v4l2_dev:mipi3-csi2-hw!
[    4.555682] rockchip-mipi-csi2-hw fdd50000.mipi4-csi2-hw: enter mipi csi2 hw probe!
[    4.555808] rockchip-mipi-csi2-hw fdd50000.mipi4-csi2-hw: probe success, v4l2_dev:mipi4-csi2-hw!
[    4.555873] rockchip-mipi-csi2-hw fdd60000.mipi5-csi2-hw: enter mipi csi2 hw probe!
[    4.555977] rockchip-mipi-csi2-hw fdd60000.mipi5-csi2-hw: probe success, v4l2_dev:mipi5-csi2-hw!
[    4.556792] rockchip-mipi-csi2 mipi0-csi2: attach to csi2 hw node
[    4.556833] rkcif rkcif-mipi-lvds: Entity type for entity rockchip-mipi-csi2 was not initialized!
[    4.556845] rockchip-mipi-csi2: Async registered subdev
[    4.556854] rockchip-mipi-csi2: probe success, v4l2_dev:rkcif-mipi-lvds!
[    4.557090] rockchip-mipi-csi2 mipi2-csi2: attach to csi2 hw node
[    4.557129] rkcif rkcif-mipi-lvds2: Entity type for entity rockchip-mipi-csi2 was not initialized!
[    4.557141] rockchip-mipi-csi2: Async registered subdev
[    4.557149] rockchip-mipi-csi2: probe success, v4l2_dev:rkcif-mipi-lvds2!
[    4.558736] rkisp_hw fdcb0000.rkisp: Adding to iommu group 14
[    4.558974] rkisp_hw fdcb0000.rkisp: is_thunderboot: 0
[    4.558987] rkisp_hw fdcb0000.rkisp: Missing rockchip,grf property
[    4.559013] rkisp_hw fdcb0000.rkisp: max input:0x0@0fps
[    4.559169] rkisp_hw fdcb0000.rkisp: no find phandle sram
[    4.559354] rkisp_hw fdcc0000.rkisp: Adding to iommu group 15
[    4.559603] rkisp_hw fdcc0000.rkisp: is_thunderboot: 0
[    4.559616] rkisp_hw fdcc0000.rkisp: Missing rockchip,grf property
[    4.559640] rkisp_hw fdcc0000.rkisp: max input:0x0@0fps
[    4.559775] rkisp_hw fdcc0000.rkisp: no find phandle sram
[    4.560248] rkisp rkisp0-vir0: rkisp driver version: v02.03.00
[    4.560360] rkisp rkisp0-vir0: No memory-region-thunderboot specified
[    4.560516] rkisp rkisp0-vir0: Entity type for entity rkisp-isp-subdev was not initialized!
[    4.561576] rkisp rkisp1-vir0: rkisp driver version: v02.03.00
[    4.561694] rkisp rkisp1-vir0: No memory-region-thunderboot specified
[    4.561804] rkisp rkisp1-vir0: Entity type for entity rkisp-isp-subdev was not initialized!
[    4.564520] rk_hdmirx fdee0000.hdmirx-controller: No reserved memory for HDMIRX, use default CMA
[    4.564555] rk_hdmirx fdee0000.hdmirx-controller: hdmirx_probe: cpu_aff:0x400, Bound_cpu:4, wdt_cfg_bound_cpu:5
[    4.565091] rk_hdmirx fdee0000.hdmirx-controller: hdmirx_audio_interrupts_setup: 0
[    4.565802] rk_hdmirx fdee0000.hdmirx-controller: rk_hdmirx_hdcp_register success
[    4.565822] rk_hdmirx fdee0000.hdmirx-controller: fdee0000.hdmirx-controller driver probe ok!
[    4.565926] usbcore: registered new interface driver uvcvideo
[    4.565930] USB Video Class driver (1.1.1)
[    4.567012] usbcore: registered new interface driver bfusb
[    4.567839] cpu cpu0: bin=0
[    4.568013] cpu cpu0: leakage=10
[    4.569437] cpu cpu0: pvtm=1466
[    4.569570] cpu cpu0: pvtm-volt-sel=3
[    4.571481] cpu cpu4: bin=0
[    4.571653] cpu cpu4: leakage=8
[    4.578126] cpu cpu4: pvtm=1683
[    4.582044] cpu cpu4: pvtm-volt-sel=4
[    4.584702] cpu cpu6: bin=0
[    4.584872] cpu cpu6: leakage=8
[    4.591356] cpu cpu6: pvtm=1704
[    4.595299] cpu cpu6: pvtm-volt-sel=4
[    4.597175] cpu cpu0: avs=0
[    4.598307] cpu cpu4: avs=0
[    4.599273] cpu cpu6: avs=0
[    4.599499] cpu cpu0: EM: created perf domain
[    4.599536] cpu cpu0: l=10000 h=85000 hyst=5000 l_limit=0 h_limit=1608000000 h_table=0
[    4.600090] cpu cpu4: EM: created perf domain
[    4.600120] cpu cpu4: l=10000 h=85000 hyst=5000 l_limit=0 h_limit=2208000000 h_table=0
[    4.602248] cpu cpu6: EM: created perf domain
[    4.602558] cpu cpu6: l=10000 h=85000 hyst=5000 l_limit=0 h_limit=2208000000 h_table=0
[    4.605224] sdhci: Secure Digital Host Controller Interface driver
[    4.605239] sdhci: Copyright(c) Pierre Ossman
[    4.605243] Synopsys Designware Multimedia Card Interface Driver
[    4.605771] sdhci-pltfm: SDHCI platform and OF driver helper
[    4.606168] dwmmc_rockchip fe2c0000.mmc: No normal pinctrl state
[    4.606178] dwmmc_rockchip fe2c0000.mmc: No idle pinctrl state
[    4.606287] dwmmc_rockchip fe2c0000.mmc: IDMAC supports 32-bit address mode.
[    4.606318] dwmmc_rockchip fe2c0000.mmc: Using internal DMA controller.
[    4.606328] dwmmc_rockchip fe2c0000.mmc: Version ID is 270a
[    4.606358] dwmmc_rockchip fe2c0000.mmc: DW MMC controller at irq 94,32 bit host data width,256 deep fifo
[    4.606763] dwmmc_rockchip fe2c0000.mmc: Failed getting OCR mask: -22
[    4.606917] dwmmc_rockchip fe2c0000.mmc: could not set regulator OCR (-22)
[    4.606924] dwmmc_rockchip fe2c0000.mmc: failed to enable vmmc regulator
[    4.607014] arm-scmi firmware:scmi: Failed. SCMI protocol 17 not active.
[    4.607044] SMCCC: SOC_ID: ARCH_SOC_ID not implemented, skipping ....
[    4.607683] cryptodev: driver 1.12 loaded.
[    4.607707] hid: raw HID events driver (C) Jiri Kosina
[    4.607835] usbcore: registered new interface driver usbhid
[    4.607839] usbhid: USB HID core driver
[    4.610973] optee: probing for conduit method.
[    4.610991] optee: revision 3.13 (185dc3c9)
[    4.611118] optee: dynamic shared memory is enabled
[    4.611230] optee: initialized driver
[    4.611590] usbcore: registered new interface driver snd-usb-audio
[    4.614762] rockchip-i2s-tdm fddf0000.i2s: CLK-ALWAYS-ON: mclk: 12288000, bclk: 3072000, fsync: 48000
[    4.617148] rockchip-i2s-tdm fddf4000.i2s: CLK-ALWAYS-ON: mclk: 12288000, bclk: 3072000, fsync: 48000
[    4.619169] debugfs: File 'Capture' in directory 'dapm' already present!
[    4.619998] input: rockchip-dp0 rockchip-dp0 as /devices/platform/dp0-sound/sound/card0/input2
[    4.620284] debugfs: File 'Capture' in directory 'dapm' already present!
[    4.620743] input: rockchip-dp1 rockchip-dp1 as /devices/platform/dp1-sound/sound/card1/input3
[    4.621020] debugfs: File 'Capture' in directory 'dapm' already present!
[    4.621690] mmc_host mmc1: Bus speed (slot 0) = 400000Hz (slot req 400000Hz, actual 400000HZ div = 0)
[    4.632890] input: rockchip,hdmiin rockchip,hdmiin as /devices/platform/hdmiin-sound/sound/card2/input4
[    4.633582] input: headset-keys as /devices/platform/es8388-sound/input/input5
[    4.638397] mmc0: SDHCI controller on fe2e0000.mmc [fe2e0000.mmc] using ADMA
[    4.643616] ES8323 7-0011: ASoC: error at soc_component_write_no_lock on ES8323.7-0011: -5
[    4.676369] mmc0: Host Software Queue enabled
[    4.676408] mmc0: new HS400 Enhanced strobe MMC card at address 0001
[    4.676966] mmcblk0: mmc0:0001 SDS7S2 58.3 GiB 
[    4.677150] mmcblk0boot0: mmc0:0001 SDS7S2 partition 1 4.00 MiB
[    4.677321] mmcblk0boot1: mmc0:0001 SDS7S2 partition 2 4.00 MiB
[    4.677469] mmcblk0rpmb: mmc0:0001 SDS7S2 partition 3 16.0 MiB, chardev (236:0)
[    4.680219]  mmcblk0: p1 p2 p3 p4 p5 p6 p7 p8
[    4.693222] input: rockchip-es8388 Headset as /devices/platform/es8388-sound/sound/card3/input6
[    4.693951] Initializing XFRM netlink socket
[    4.694183] NET: Registered protocol family 10
[    4.694722] Segment Routing with IPv6
[    4.694754] NET: Registered protocol family 17
[    4.694765] NET: Registered protocol family 15
[    4.694769] can: controller area network core
[    4.694793] NET: Registered protocol family 29
[    4.694797] can: raw protocol
[    4.694803] can: broadcast manager protocol
[    4.694811] can: netlink gateway - max_hops=1
[    4.694965] Bluetooth: RFCOMM TTY layer initialized
[    4.694973] Bluetooth: RFCOMM socket layer initialized
[    4.694983] Bluetooth: RFCOMM ver 1.11
[    4.694990] Bluetooth: HIDP (Human Interface Emulation) ver 1.2
[    4.694997] Bluetooth: HIDP socket layer initialized
[    4.695020] [BT_RFKILL]: Enter rfkill_rk_init
[    4.695025] [WLAN_RFKILL]: Enter rfkill_wlan_init
[    4.695461] [WLAN_RFKILL]: Enter rfkill_wlan_probe
[    4.695480] [WLAN_RFKILL]: can't find rockchip,grf property
[    4.695485] [WLAN_RFKILL]: wlan_platdata_parse_dt: wifi_chip_type = rtl8733bu
[    4.695489] [WLAN_RFKILL]: wlan_platdata_parse_dt: enable wifi power control.
[    4.695494] [WLAN_RFKILL]: wlan_platdata_parse_dt: wifi power controled by gpio.
[    4.695511] [WLAN_RFKILL]: wlan_platdata_parse_dt: The ref_wifi_clk not found !
[    4.695516] [WLAN_RFKILL]: rfkill_wlan_probe: init gpio
[    4.695521] [WLAN_RFKILL]: rfkill_set_wifi_bt_power: 1
[    4.695525] [WLAN_RFKILL]: Exit rfkill_wlan_probe
[    4.695754] [BT_RFKILL]: bluetooth_platdata_parse_dt: uart_rts_gpios is no-in-use.
[    4.695772] [BT_RFKILL]: bluetooth_platdata_parse_dt: clk_get failed!!!.
[    4.695835] [BT_RFKILL]: bt_default device registered.
[    4.695887] Key type dns_resolver registered
[    4.696074] gyro_sh3001 4-0036-1: sensor_register_device: sh3001_gyro, id = 65
[    4.696079] i2c i2c-4: sensor_probe: sh3001_gyro,000000003ca013a8
[    4.696575] gyro_sh3001 4-0036-1: sensor_chip_init:sh3001_gyro:devid=0x61,ops=0x0000000023ed1620
[    4.696602] input: gyro as /devices/platform/feac0000.i2c/i2c-4/4-0036-1/input/input7
[    4.696644] gyro_sh3001 4-0036-1: sensor_irq_init:use polling,delay=30 ms
[    4.696677] gyro_sh3001 4-0036-1: sensor_misc_device_register:miscdevice: gyrosensor
[    4.696679] gyro_sh3001 4-0036-1: sensor_probe:initialized ok,sensor name:sh3001_gyro,type:4,id=65
[    4.696679] 
[    4.696869] imx415 3-001a: driver version: 00.01.08
[    4.696874] imx415 3-001a:  Get hdr mode failed! no hdr default
[    4.696888] imx415 3-001a: could not get default pinstate
[    4.696890] imx415 3-001a: could not get sleep pinstate
[    4.696904] imx415 3-001a: supply dvdd not found, using dummy regulator
[    4.696933] imx415 3-001a: supply dovdd not found, using dummy regulator
[    4.696944] imx415 3-001a: supply avdd not found, using dummy regulator
[    4.698057] vendor storage:20190527 ret = 0
[    4.766052] imx415 3-001a: Unexpected sensor id(000000), ret(-5)
[    4.766620] imx415 7-001a: driver version: 00.01.08
[    4.766637] imx415 7-001a:  Get hdr mode failed! no hdr default
[    4.766686] imx415 7-001a: could not get default pinstate
[    4.766695] imx415 7-001a: could not get sleep pinstate
[    4.766731] imx415 7-001a: supply dvdd not found, using dummy regulator
[    4.766832] imx415 7-001a: supply dovdd not found, using dummy regulator
[    4.766879] imx415 7-001a: supply avdd not found, using dummy regulator
[    4.822890] imx415 7-001a: Unexpected sensor id(000000), ret(-5)
[    4.824014] Loading compiled-in X.509 certificates
[    4.825471] pstore: Using crash dump compression: deflate
[    4.826051] rga3_core0 fdb60000.rga: Adding to iommu group 2
[    4.826496] rga: rga3_core0, irq = 36, match scheduler
[    4.827394] rga: rga3_core0 hardware loaded successfully, hw_version:3.0.76831.
[    4.827605] rga: rga3_core0 probe successfully
[    4.828320] rga3_core1 fdb70000.rga: Adding to iommu group 3
[    4.828645] rga: rga3_core1, irq = 37, match scheduler
[    4.829254] rga: rga3_core1 hardware loaded successfully, hw_version:3.0.76831.
[    4.829344] rga: rga3_core1 probe successfully
[    4.830122] rga: rga2, irq = 38, match scheduler
[    4.830722] rga: rga2 hardware loaded successfully, hw_version:3.2.63318.
[    4.830829] rga: rga2 probe successfully
[    4.831284] rga_iommu: IOMMU binding successfully, default mapping core[0x1]
[    4.831668] rga: Module initialized. v1.3.1
[    4.854604] pcie20_avdd0v85: supplied by vdd_0v85_s0
[    4.854781] mali fb000000.gpu: Kernel DDK version g18p0-01eac0
[    4.855013] pcie20_avdd1v8: supplied by avcc_1v8_s0
[    4.857557] pcie30_avdd0v75: supplied by avdd_0v75_s0
[    4.857584] mali fb000000.gpu: bin=0
[    4.857759] mali fb000000.gpu: leakage=12
[    4.861874] debugfs: Directory 'fb000000.gpu-mali' with parent 'vdd_gpu_s0' already present!
[    4.862124] pcie30_avdd1v8: supplied by avcc_1v8_s0
[    4.863260] mpp_rkvenc2 fdbd0000.rkvenc-core: Adding to iommu group 10
[    4.863614] mpp_rkvenc2 fdbd0000.rkvenc-core: probing start
[    4.863728] mali fb000000.gpu: pvtm=834
[    4.863920] mali fb000000.gpu: pvtm-volt-sel=1
[    4.864753] mpp_rkvenc2 fdbd0000.rkvenc-core: bin=0
[    4.865254] mali fb000000.gpu: avs=0
[    4.865305] W : [File] : drivers/gpu/arm/bifrost/platform/rk/mali_kbase_config_rk.c; [Line] : 143; [Func] : kbase_platform_rk_init(); power-off-delay-ms not available.
[    4.865415] mpp_rkvenc2 fdbd0000.rkvenc-core: leakage=10
[    4.865432] mpp_rkvenc2 fdbd0000.rkvenc-core: leakage-volt-sel=0
[    4.865835] mali fb000000.gpu: r0p0 status 5 not found in HW issues table;
[    4.865847] mali fb000000.gpu: falling back to closest match: r0p0 status 0
[    4.865855] mali fb000000.gpu: Execution proceeding normally with fallback match
[    4.865865] mali fb000000.gpu: GPU identified as 0x7 arch 10.8.6 r0p0 status 0
[    4.865915] mali fb000000.gpu: No priority control manager is configured
[    4.866135] mali fb000000.gpu: No memory group manager is configured
[    4.866154] mpp_rkvenc2 fdbd0000.rkvenc-core: avs=0
[    4.866165] mali fb000000.gpu: Protected memory allocator not available
[    4.866192] mpp_rkvenc2 fdbd0000.rkvenc-core: l=-2147483648 h=2147483647 hyst=0 l_limit=0 h_limit=0 h_table=0
[    4.866607] mpp_rkvenc2 fdbd0000.rkvenc-core: attach ccu as core 0
[    4.866984] mpp_rkvenc2 fdbd0000.rkvenc-core: probing finish
[    4.867107] mali fb000000.gpu: Capping CSF_FIRMWARE_TIMEOUT to CSF_FIRMWARE_PING_TIMEOUT
[    4.867229] mpp_rkvenc2 fdbe0000.rkvenc-core: Adding to iommu group 11
[    4.867676] mpp_rkvenc2 fdbe0000.rkvenc-core: probing start
[    4.867814] mali fb000000.gpu: l=10000 h=85000 hyst=5000 l_limit=0 h_limit=800000000 h_table=0
[    4.874752] mali fb000000.gpu: Probed as mali0
[    4.875235] mpp_rkvenc2 fdbe0000.rkvenc-core: bin=0
[    4.875418] mpp_rkvenc2 fdbe0000.rkvenc-core: leakage=10
[    4.875432] mpp_rkvenc2 fdbe0000.rkvenc-core: leakage-volt-sel=0
[    4.875992] mpp_rkvenc2 fdbe0000.rkvenc-core: avs=0
[    4.876010] mpp_rkvenc2 fdbe0000.rkvenc-core: l=-2147483648 h=2147483647 hyst=0 l_limit=0 h_limit=0 h_table=0
[    4.876258] mpp_rkvenc2 fdbe0000.rkvenc-core: attach ccu as core 1
[    4.876375] mpp_rkvenc2 fdbe0000.rkvenc-core: probing finish
[    4.877328] rockchip-dmc dmc: bin=0
[    4.877501] rockchip-dmc dmc: leakage=27
[    4.877510] rockchip-dmc dmc: leakage-volt-sel=0
[    4.877519] rockchip-dmc dmc: soc version=0, speed=0
[    4.878242] rockchip-dmc dmc: avs=0
[    4.878253] rockchip-dmc dmc: current ATF version 0x100
[    4.878420] rockchip-dmc dmc: normal_rate = 1068000000
[    4.878426] rockchip-dmc dmc: reboot_rate = 1560000000
[    4.878431] rockchip-dmc dmc: suspend_rate = 528000000
[    4.878436] rockchip-dmc dmc: video_4k_rate = 1068000000
[    4.878441] rockchip-dmc dmc: video_4k_10b_rate = 1068000000
[    4.878446] rockchip-dmc dmc: video_svep_rate = 1068000000
[    4.878451] rockchip-dmc dmc: boost_rate = 1560000000
[    4.878455] rockchip-dmc dmc: fixed_rate(isp|cif0|cif1|dualview) = 1560000000
[    4.878460] rockchip-dmc dmc: performance_rate = 1560000000
[    4.878465] rockchip-dmc dmc: hdmirx_rate = 1560000000
[    4.878472] rockchip-dmc dmc: failed to get vop bandwidth to dmc rate
[    4.878477] rockchip-dmc dmc: failed to get vop pn to msch rl
[    4.878553] rockchip-dmc dmc: l=10000 h=2147483647 hyst=5000 l_limit=0 h_limit=0 h_table=0
[    4.878835] rockchip-dmc dmc: could not find power_model node
[    4.886166] rockchip-csi2-dphy csi2-dcphy0: csi2 dphy0 probe successfully!
[    4.886503] rockchip-csi2-dphy csi2-dphy0: csi2 dphy0 probe successfully!
[    4.892366] rockchip-vop2 fdd90000.vop: [drm:vop2_bind] vp0 assign plane mask: 0x5, primary plane phy id: 2
[    4.892407] rockchip-vop2 fdd90000.vop: [drm:vop2_bind] vp1 assign plane mask: 0xa, primary plane phy id: 3
[    4.892418] rockchip-vop2 fdd90000.vop: [drm:vop2_bind] vp2 assign plane mask: 0x140, primary plane phy id: 8
[    4.892429] rockchip-vop2 fdd90000.vop: [drm:vop2_bind] vp3 assign plane mask: 0x280, primary plane phy id: 9
[    4.892788] [drm] failed to init overlay plane Cluster0-win1
[    4.892835] [drm] failed to init overlay plane Cluster1-win1
[    4.892879] [drm] failed to init overlay plane Cluster2-win1
[    4.892926] [drm] failed to init overlay plane Cluster3-win1
[    4.914194] rockchip-drm display-subsystem: bound fdd90000.vop (ops 0xffffffc00932d4a0)
[    4.915476] dwhdmi-rockchip fde80000.hdmi: registered ddc I2C bus driver
[    4.916806] dw-hdmi-qp-hdcp dw-hdmi-qp-hdcp.9.auto: dw_hdcp_qp_hdcp_probe success
[    4.916899] rockchip-drm display-subsystem: bound fde80000.hdmi (ops 0xffffffc00933c030)
[    4.917831] dwhdmi-rockchip fdea0000.hdmi: registered ddc I2C bus driver
[    4.918541] dw-hdmi-qp-hdcp dw-hdmi-qp-hdcp.12.auto: dw_hdcp_qp_hdcp_probe success
[    4.918599] rockchip-drm display-subsystem: bound fdea0000.hdmi (ops 0xffffffc00933c030)
[    4.918664] rockchip-drm display-subsystem: bound fde20000.dsi (ops 0xffffffc00933e848)
[    4.918747] rockchip-drm display-subsystem: bound fde50000.dp (ops 0xffffffc00933ebd8)
[    4.918819] rockchip-drm display-subsystem: bound fde60000.dp (ops 0xffffffc00933ebd8)
[    4.921323] rockchip-drm display-subsystem: route-hdmi0: failed to get logo,offset
[    4.921335] rockchip-drm display-subsystem: route-hdmi1: failed to get logo,offset
[    4.926673] rockchip-drm display-subsystem: [drm] fb0: rockchipdrmfb frame buffer device
[    4.927376] [drm] Initialized rockchip 3.0.0 20140818 for display-subsystem on minor 0
[    4.927720] input: adc-keys as /devices/platform/adc-keys/input/input8
[    4.929373] input: rockchip-hdmi0 rockchip-hdmi0 as /devices/platform/hdmi0-sound/sound/card4/input9
[    4.930730] input: rockchip-hdmi1 rockchip-hdmi1 as /devices/platform/hdmi1-sound/sound/card5/input10
[    4.932507] [4g_modem]: modem_platdata_parse_dt: LTE modem power controlled by gpio.
[    5.226449] [4g_modem]: modem_poweron_off: 4g modem power up.
[    5.227161] rkcif rkcif-mipi-lvds: clear unready subdev num: 1
[    5.227784] rkcif-mipi-lvds: rkcif_update_sensor_info: stream[0] get remote terminal sensor failed!
[    5.227821] rkcif-mipi-lvds: Async subdev notifier completed
[    5.227843] rkcif-mipi-lvds: rkcif_update_sensor_info: stream[0] get remote terminal sensor failed!
[    5.227851] rkcif-mipi-lvds: There is not terminal subdev, not synchronized with ISP
[    5.227865] rkcif rkcif-mipi-lvds2: clear unready subdev num: 1
[    5.228445] rkcif-mipi-lvds2: rkcif_update_sensor_info: stream[0] get remote terminal sensor failed!
[    5.228483] rkcif-mipi-lvds2: Async subdev notifier completed
[    5.228504] rkcif-mipi-lvds2: rkcif_update_sensor_info: stream[0] get remote terminal sensor failed!
[    5.228512] rkcif-mipi-lvds2: There is not terminal subdev, not synchronized with ISP
[    5.228542] rkcif-mipi-lvds2: rkcif_update_sensor_info: stream[0] get remote terminal sensor failed!
[    5.228554] rkcif-mipi-lvds2: There is not terminal subdev, not synchronized with ISP
[    5.228627] rkcif-mipi-lvds: rkcif_update_sensor_info: stream[0] get remote terminal sensor failed!
[    5.228638] rkcif-mipi-lvds: There is not terminal subdev, not synchronized with ISP
[    5.230282] RKNPU fdab0000.npu: Adding to iommu group 0
[    5.230477] RKNPU fdab0000.npu: RKNPU: rknpu iommu is enabled, using iommu mode
[    5.231888] RKNPU fdab0000.npu: can't request region for resource [mem 0xfdab0000-0xfdabffff]
[    5.231918] RKNPU fdab0000.npu: can't request region for resource [mem 0xfdac0000-0xfdacffff]
[    5.231942] RKNPU fdab0000.npu: can't request region for resource [mem 0xfdad0000-0xfdadffff]
[    5.232421] [drm] Initialized rknpu 0.9.2 20231018 for fdab0000.npu on minor 1
[    5.236398] RKNPU fdab0000.npu: RKNPU: bin=0
[    5.236630] RKNPU fdab0000.npu: leakage=6
[    5.236778] debugfs: Directory 'fdab0000.npu-rknpu' with parent 'vdd_npu_s0' already present!
[    5.244287] RKNPU fdab0000.npu: pvtm=850
[    5.248849] RKNPU fdab0000.npu: pvtm-volt-sel=2
[    5.251460] RKNPU fdab0000.npu: avs=0
[    5.251940] RKNPU fdab0000.npu: l=10000 h=85000 hyst=5000 l_limit=0 h_limit=800000000 h_table=0
[    5.260664] RKNPU fdab0000.npu: failed to find power_model node
[    5.260755] RKNPU fdab0000.npu: RKNPU: failed to initialize power model
[    5.260779] RKNPU fdab0000.npu: RKNPU: failed to get dynamic-coefficient
[    5.262496] cfg80211: Loading compiled-in X.509 certificates for regulatory database
[    5.264922] cfg80211: Loaded X.509 cert 'sforshee: 00b28ddf47aef9cea7'
[    5.265147] platform regulatory.0: Direct firmware load for regulatory.db failed with error -2
[    5.265159] cfg80211: failed to load regulatory.db
[    5.266962] rockchip-pm rockchip-suspend: not set pwm-regulator-config
[    5.267671] rockchip-suspend not set sleep-mode-config for mem-lite
[    5.267680] rockchip-suspend not set wakeup-config for mem-lite
[    5.267689] rockchip-suspend not set sleep-mode-config for mem-ultra
[    5.267695] rockchip-suspend not set wakeup-config for mem-ultra
[    5.268766] I : [File] : drivers/gpu/arm/mali400/mali/linux/mali_kernel_linux.c; [Line] : 406; [Func] : mali_module_init(); svn_rev_string_from_arm of this mali_ko is '', rk_ko_ver is '5', built at '14:44:03', on 'Oct 21 2025'.
[    5.269133] Mali: 
[    5.269136] Mali device driver loaded
[    5.269154] rkisp rkisp0-vir0: clear unready subdev num: 1
[    5.269343] rkisp0-vir0: Async subdev notifier completed
[    5.269355] rkisp rkisp1-vir0: clear unready subdev num: 1
[    5.269494] rkisp1-vir0: Async subdev notifier completed
[    5.269506] ALSA device list:
[    5.269514]   #0: rockchip-dp0
[    5.269522]   #1: rockchip-dp1
[    5.269529]   #2: rockchip,hdmiin
[    5.269535]   #3: rockchip-es8388
[    5.269541]   #4: rockchip-hdmi0
[    5.269548]   #5: rockchip-hdmi1
[    5.282805] EXT4-fs (mmcblk0p6): recovery complete
[    5.283097] EXT4-fs (mmcblk0p6): mounted filesystem with ordered data mode. Opts: (null)
[    5.283146] VFS: Mounted root (ext4 filesystem) on device 179:6.
[    5.283476] devtmpfs: mounted
[    5.288352] Freeing unused kernel memory: 6784K
[    5.312640] Run /sbin/init as init process
[    5.360393] EXT4-fs (mmcblk0p6): re-mounted. Opts: (null)
[    5.451119] EXT4-fs (mmcblk0p7): recovery complete
[    5.451604] EXT4-fs (mmcblk0p7): mounted filesystem with ordered data mode. Opts: (null)
[    5.495754] rk-pcie fe170000.pcie: PCIe Link Fail
[    5.495792] rk-pcie fe170000.pcie: failed to initialize host
[    5.515783] rk-pcie fe150000.pcie: PCIe Link Fail
[    5.515815] rk-pcie fe150000.pcie: failed to initialize host
[    5.518034] EXT4-fs (mmcblk0p8): recovery complete
[    5.518653] EXT4-fs (mmcblk0p8): mounted filesystem with ordered data mode. Opts: (null)
Will now mount all partitions in /etc/fstab
Note: Will skip fsck, remove /.skip_fsck to enable
Handling /dev/mmcblk0p6 / ext4 rw,noauto 1
Handling /dev/mmcblk0p7 /oem ext4 defaults 2
Mounting /dev/mmcblk0p7(ext4) on /oem with -o defaults
[    5.786600] EXT4-fs (mmcblk0p7): mounted filesystem with ordered data mode. Opts: (null)
Handling /dev/mmcblk0p8 /userdata ext4 defaults 2
Mounting /dev/mmcblk0p8(ext4) on /userdata with -o defaults
[    5.930460] EXT4-fs (mmcblk0p8): mounted filesystem with ordered data mode. Opts: (null)
Log saved to /var/log/mount-all.log
ALSA: Restoring mixer setting......done.
Starting syslogd: OK
Starting klogd: OK
Running sysctl: OK
alsa-lib main.c:1541:(snd_use_case_mgr_open) error: failed to import hw:2 use case configuration -2
Populating /dev using udev: [    6.052042] udevd[499]: starting version 3.2.10
[    6.068331] udevd[500]: starting eudev-3.2.10
[    6.175046] rkcif-mipi-lvds: rkcif_update_sensor_info: stream[1] get remote terminal sensor failed!
[    6.175063] stream_cif_mipi_id1: update sensor info failed -19
[    6.175232] rkcif-mipi-lvds: rkcif_update_sensor_info: stream[0] get remote terminal sensor failed!
[    6.175242] stream_cif_mipi_id0: update sensor info failed -19
[    6.176709] rkcif-mipi-lvds: rkcif_update_sensor_info: stream[2] get remote terminal sensor failed!
[    6.176721] stream_cif_mipi_id2: update sensor info failed -19
[    6.176794] rkcif-mipi-lvds: rkcif_update_sensor_info: stream[2] get remote terminal sensor failed!
[    6.176808] rkcif_tools_id2: update sensor info failed -19
[    6.176964] rkcif-mipi-lvds: rkcif_update_sensor_info: stream[3] get remote terminal sensor failed!
[    6.176971] stream_cif_mipi_id3: update sensor info failed -19
[    6.177842] rkcif-mipi-lvds: rkcif_update_sensor_info: stream[0] get remote terminal sensor failed!
[    6.177852] rkcif_scale_ch0: update sensor info failed -19
[    6.179273] rkcif-mipi-lvds: rkcif_update_sensor_info: stream[2] get remote terminal sensor failed!
[    6.179282] rkcif_scale_ch2: update sensor info failed -19
[    6.179797] rkcif-mipi-lvds: rkcif_update_sensor_info: stream[3] get remote terminal sensor failed!
[    6.179808] rkcif_scale_ch3: update sensor info failed -19
[    6.180386] rkcif-mipi-lvds: rkcif_update_sensor_info: stream[0] get remote terminal sensor failed!
[    6.180397] rkcif_tools_id0: update sensor info failed -19
[    6.180402] rkcif-mipi-lvds: rkcif_update_sensor_info: stream[1] get remote terminal sensor failed!
[    6.180406] rkcif_scale_ch1: update sensor info failed -19
[    6.182501] rkcif-mipi-lvds2: rkcif_update_sensor_info: stream[0] get remote terminal sensor failed!
[    6.182509] rkcif-mipi-lvds2: rkcif_update_sensor_info: stream[2] get remote terminal sensor failed!
[    6.182516] stream_cif_mipi_id0: update sensor info failed -19
[    6.182519] stream_cif_mipi_id2: update sensor info failed -19
[    6.182536] rkcif-mipi-lvds: rkcif_update_sensor_info: stream[1] get remote terminal sensor failed!
[    6.182544] rkcif_tools_id1: update sensor info failed -19
[    6.183162] rkcif-mipi-lvds2: rkcif_update_sensor_info: stream[1] get remote terminal sensor failed!
[    6.183170] stream_cif_mipi_id1: update sensor info failed -19
[    6.185213] rkcif-mipi-lvds2: rkcif_update_sensor_info: stream[1] get remote terminal sensor failed!
[    6.185229] rkcif_scale_ch1: update sensor info failed -19
[    6.185571] rkcif-mipi-lvds2: rkcif_update_sensor_info: stream[0] get remote terminal sensor failed!
[    6.185580] rkcif-mipi-lvds2: rkcif_update_sensor_info: stream[3] get remote terminal sensor failed!
[    6.185584] stream_cif_mipi_id3: update sensor info failed -19
[    6.185590] rkcif_scale_ch0: update sensor info failed -19
[    6.185977] rkcif-mipi-lvds2: rkcif_update_sensor_info: stream[2] get remote terminal sensor failed!
[    6.185986] rkcif_scale_ch2: update sensor info failed -19
[    6.188455] rkcif-mipi-lvds2: rkcif_update_sensor_info: stream[3] get remote terminal sensor failed!
[    6.188475] rkcif_scale_ch3: update sensor info failed -19
[    6.188819] rkcif-mipi-lvds2: rkcif_update_sensor_info: stream[0] get remote terminal sensor failed!
[    6.188830] rkcif_tools_id0: update sensor info failed -19
[    6.189420] rkcif-mipi-lvds2: rkcif_update_sensor_info: stream[2] get remote terminal sensor failed!
[    6.189426] rkcif_tools_id2: update sensor info failed -19
[    6.189476] rkcif-mipi-lvds2: rkcif_update_sensor_info: stream[1] get remote terminal sensor failed!
[    6.189487] rkcif_tools_id1: update sensor info failed -19
done
Starting irqbalance: OK
Initializing random number generator: OK
Saving random seed: OK
Starting system message bus: done
Starting rpcbind: OK
Starting iptables: OK
[    6.653696] rk_hdmirx fdee0000.hdmirx-controller: hdmirx_cancel_cpu_limit_freq freq qos nod add
# Missing wireless-bluetooth in kernel dts
Handling start for Wi-Fi/BT chip: Realtek	RTL8733BU	0bda:usb	b733	8733bu.ko
Starting Wifi/BT...
Installing WiFi/BT module: 8733bu.ko
Starting bluetoothd: [    7.380850] rtk_btusb: loading out-of-tree module taints kernel.
[    7.384033] rtk_btusb: btusb_probe intf->cur_altsetting->desc.bInterfaceNumber 0
[    7.384415] rtk_btusb: btusb_open hdev->promisc ==0
[    7.384432] rtk_btusb: chip type value: 0x76
[    7.384459] usbcore: registered new interface driver rtk_btusb
OK
[    7.397812] rtk_btusb: config filename rtl8733bu_config
[    7.399324] rtk_btusb: no bdaddr file /opt/bdaddr
[    7.399348] rtk_btusb: Origin cfg len 14
[    7.399360] rtk_btusb: New cfg len 14
[    7.400218] rtk_btusb: This is not 8723a, use new patch style!
Starting network: OK
Starting connmand: OK
Starting ntpd: OK
[    7.509874] rk_gmac-dwmac fe1b0000.ethernet eth0: PHY [stmmac-0:01] driver [YT8531 Gigabit Ethernet] (irq=POLL)
[    7.512541] dwmac4: Master AXI performs any burst length
[    7.512583] rk_gmac-dwmac fe1b0000.ethernet eth0: No Safety Features support found
[    7.512686] rk_gmac-dwmac fe1b0000.ethernet eth0: IEEE 1588-2008 Advanced Timestamp supported
[    7.513137] rk_gmac-dwmac fe1b0000.ethernet eth0: registered PTP clock
[    7.513511] rk_gmac-dwmac fe1b0000.ethernet eth0: configuring for phy/rgmii-rxid link mode
starting weston... [    7.519409] rk_gmac-dwmac fe1c0000.ethernet eth1: PHY [stmmac-1:01] driver [YT8531 Gigabit Ethernet] (irq=POLL)
done.
[    7.521404] dwmac4: Master AXI performs any burst length
[    7.521445] rk_gmac-dwmac fe1c0000.ethernet eth1: No Safety Features support found
[    7.521473] rk_gmac-dwmac fe1c0000.ethernet eth1: IEEE 1588-2008 Advanced Timestamp supported
[    7.521719] rk_gmac-dwmac fe1c0000.ethernet eth1: registered PTP clock
[    7.522049] rk_gmac-dwmac fe1c0000.ethernet eth1: configuring for phy/rgmii-rxid link mode
Starting nginx...
Starting pulseaudio: OK
Starting sshd: W: [pulseaudio] main.c: [1mThis program is not intended to be run as root (unless --system is specified).[0m
OK
starting systemui... done.
Starting /usr/bin/usbdevice start, log saved to /var/log/usbdevice.log
[    7.711154] usbcore: registered new interface driver rtl8733bu
Date: 1970-01-01 CST
[08:00:05.601] weston 12.0.1
               https://wayland.freedesktop.org
               Bug reports to: https://gitlab.freedesktop.org/wayland/weston/issues/
               Build: 2a024528
[08:00:05.602] Command line: /usr/bin/weston
[08:00:05.602] OS: Linux, 5.10.160, #1 SMP Tue Oct 21 14:42:25 CST 2025, aarch64
[08:00:05.602] Flight recorder: enabled
[08:00:05.602] warning: XDG_RUNTIME_DIR "/var/run" is not configured
correctly.  Unix access mode must be 0700 (current mode is 0755),
and must be owned by the user UID 0 (current owner is UID 0).
Refer to your distribution on how to get it, or
http://www.freedesktop.org/wiki/Specifications/basedir-spec
on how to implement it.
/etc/xdg/weston/weston.ini.d/02-desktop.ini: "shell/locking" from "false" to "true"
[08:00:05.605] Using config file '/etc/xdg/weston/weston.ini'
[08:00:05.605] Output repaint window is -1 ms maximum.
[08:00:05.606] Loading module '/usr/lib/libweston-12/drm-backend.so'
[08:00:05.611] initializing drm backend
[08:00:05.611] Entering mirror mode.
[08:00:05.611] Trying direct launcher...
ifup: ignoring unknown interface wlan0
[08:00:05.613] using /dev/dri/card0
[08:00:05.613] DRM: does not support atomic modesetting
[08:00:05.613] DRM: does not support GBM modifiers
[08:00:05.613] DRM: supports picture aspect ratio
[08:00:05.616] Loading module '/usr/lib/libweston-12/gl-renderer.so'
arm_release_ver: g13p0-01eac0, rk_so_ver: 9
[    7.733854] mali fb000000.gpu: Loading Mali firmware 0x1010000
[    7.736576] mali fb000000.gpu: Mali firmware git_sha: ee476db42870778306fa8d559a605a73f13e455c 
[08:00:05.647] EGL version: 1.4 Valhall-"g13p0-01eac0"
[08:00:05.647] EGL vendor: ARM
[08:00:05.647] EGL client APIs: OpenGL_ES
[08:00:05.647] EGL features:
               EGL Wayland extension: yes
               context priority: yes
               buffer age: no
               partial update: yes
               swap buffers with damage: no
               configless context: yes
               surfaceless context: yes
               dmabuf support: modifiers
[08:00:05.667] GL version: OpenGL ES 3.2 v1.g13p0-01eac0.11addb9882ee8209dc0912af75110af7
[08:00:05.667] GLSL version: OpenGL ES GLSL ES 3.20
[08:00:05.667] GL vendor: ARM
[08:00:05.667] GL renderer: Mali-G610
[    7.822844] rtk_btusb: chip type value: 0x76
[    7.822869] rtk_btusb: btusb_open set HCI UP RUNNING
[    7.822915] rtk_btcoex: Open BTCOEX
[    7.836158] rk_hdmirx fdee0000.hdmirx-controller: hdmirx_audio_startup: device is no connected or audio is off
[    7.836202] hdmi-audio-codec hdmi-audio-codec.6.auto: ASoC: error at snd_soc_dai_startup on i2s-hifi: -19
[    7.847929] rk_hdmirx fdee0000.hdmirx-controller: hdmirx_audio_startup: device is no connected or audio is off
[    7.847956] hdmi-audio-codec hdmi-audio-codec.6.auto: ASoC: error at snd_soc_dai_startup on i2s-hifi: -19
[    7.859562] rk_hdmirx fdee0000.hdmirx-controller: hdmirx_audio_startup: device is no connected or audio is off
[    7.859610] hdmi-audio-codec hdmi-audio-codec.6.auto: ASoC: error at snd_soc_dai_startup on i2s-hifi: -19
E: [pulseaudio] module-alsa-card.c: [1;31mFailed to find a working profile.[0m
E: [pulseaudio] module.c: [1;31mFailed to load module "module-alsa-card" (argument: "device_id="2" name="platform-hdmiin-sound" card_name="alsa_card.platform-hdmiin-sound" namereg_fail=false tsched=no fixed_latency_range=no ignore_dB=no deferred_volume=yes use_ucm=yes avoid_resampling=no card_properties="module-udev-detect.discovered=1""): initialization failed.[0m
[    7.872949] file system registered
[    7.910303] read descriptors
[    7.910358] read strings
[08:00:05.811] GL ES 3.2 - renderer features:
               read-back format: ARGB8888
               glReadPixels supports y-flip: no
               wl_shm 10 bpc formats: yes
               wl_shm 16 bpc formats: no
               wl_shm half-float formats: yes
               internal R and RG formats: yes
               OES_EGL_image_external: yes
               wl_shm sub-image to texture: yes
[08:00:05.811] Using GL renderer
E: [pulseaudio] module-rescue-streams.c: [1;31mmodule-rescue-stream is obsolete and should no longer be loaded. Please remove it from your configuration.[0m
W: [pulseaudio] server-lookup.c: [1mUnable to contact D-Bus: org.freedesktop.DBus.Error.NotSupported: Using X11 for dbus-daemon autolaunch was disabled at compile time, set your DBUS_SESSION_BUS_ADDRESS instead[0m
W: [pulseaudio] main.c: [1mUnable to contact D-Bus: org.freedesktop.DBus.Error.NotSupported: Using X11 for dbus-daemon autolaunch was disabled at compile time, set your DBUS_SESSION_BUS_ADDRESS instead[0m
[08:00:05.827] event8  - adc-keys: is tagged by udev as: Keyboard
[08:00:05.827] event8  - adc-keys: device is a keyboard
[08:00:05.828] event2  - rockchip-dp0 rockchip-dp0: is tagged by udev as: Switch
[08:00:05.893] event2  - not using input device '/dev/input/event2'
[08:00:05.894] event3  - rockchip-dp1 rockchip-dp1: is tagged by udev as: Switch
Starting NFS statd: OK
Starting NFS services: OK
Starting NFS daemon: rpc.nfsd: Unable to access /proc/fs/nfsd errno 2 (No such file or directory).
Please try, as root, 'mount -t nfsd nfsd /proc/fs/nfsd' and then restart rpc.nfsd to correct the problem
FAIL
Starting NFS mountd: OK
[08:00:05.940] event3  - not using input device '/dev/input/event3'
[08:00:05.941] event5  - headset-keys: is tagged by udev as: Keyboard
[08:00:05.941] event5  - headset-keys: device is a keyboard
[08:00:05.942] event6  - rockchip-es8388 Headset: is tagged by udev as: Switch
Starting vsftpd: OK
Starting dnsmasq: 
dnsmasq: failed to create listening socket for port 53: Address already in use
FAIL
start rknn_serverStarting input-event-daemon: [08:00:06.023] event6  - not using input device '/dev/input/event6'
done
[08:00:06.024] event7  - gyro: is tagged by udev as: Joystick
[08:00:06.024] event7  - gyro: device is a joystick, ignoring
[1;31mroot[m@[1;34mATK-DLRK3588:[m/# [08:00:06.053] event7  - not using input device '/dev/input/event7'
[08:00:06.054] event1  - gsensor: is tagged by udev as: Accelerometer
[08:00:06.054] event1  - gsensor: device is an accelerometer, ignoring
[08:00:06.076] event1  - not using input device '/dev/input/event1'
[08:00:06.079] event0  - rk805 pwrkey: is tagged by udev as: Keyboard
[08:00:06.079] event0  - rk805 pwrkey: device is a keyboard
[08:00:06.081] event9  - rockchip-hdmi0 rockchip-hdmi0: is tagged by udev as: Switch
[08:00:06.107] event9  - not using input device '/dev/input/event9'
[08:00:06.110] event10 - rockchip-hdmi1 rockchip-hdmi1: is tagged by udev as: Switch
[08:00:06.143] event10 - not using input device '/dev/input/event10'
[08:00:06.145] event4  - rockchip,hdmiin rockchip,hdmiin: is tagged by udev as: Switch
[08:00:06.156] event4  - not using input device '/dev/input/event4'
[08:00:06.191] libinput: configuring device "adc-keys".
[08:00:06.191] libinput: configuring device "headset-keys".
[08:00:06.191] libinput: configuring device "rk805 pwrkey".
[08:00:06.192] DRM: head 'HDMI-A-1' found, connector 208 is disconnected.
[08:00:06.192] DRM: head 'HDMI-A-2' found, connector 224 is disconnected.
[08:00:06.193] DRM: head 'DSI-1' found, connector 238 is connected, EDID make 'unknown', model 'unknown', serial 'unknown'
               Supported EOTF modes: SDR
[08:00:06.193] DRM: head 'DP-1' found, connector 240 is disconnected.
[08:00:06.193] DRM: head 'DP-2' found, connector 248 is disconnected.
[08:00:06.194] Registered plugin API 'weston_drm_output_api_v1' of size 40
[08:00:06.194] Color manager: no-op
[08:00:06.194] DSI-1 using at least -1717986919 buffers
[08:00:06.194] Output 'DSI-1' attempts EOTF mode: SDR
[08:00:06.194] Output 'DSI-1' using color profile: built-in default sRGB SDR profile
[08:00:06.194] Chosen EGL config details: id:   9 rgba: 8 8 8 0 buf: 24 dep:  0 stcl: 0 int: 0-1 type: win|pbf|swap_preserved vis_id: XRGB8888 (0x34325258)
[08:00:06.194] Initialized backlight for head 'DSI-1', device /sys/class/backlight/backlight
[08:00:06.195] Output DSI-1 (crtc 137) video modes:
               1080x1920@53.9, preferred, current, 119.0 MHz
[08:00:06.195] associating input device event8 with output DSI-1 (none by udev)
[08:00:06.195] associating input device event5 with output DSI-1 (none by udev)
[08:00:06.195] associating input device event0 with output DSI-1 (none by udev)
[08:00:06.195] Output 'DSI-1' enabled with head(s) DSI-1
[08:00:06.195] Compositor capabilities:
               arbitrary surface rotation: yes
               screen capture uses y-flip: yes
               cursor planes: yes
               arbitrary resolutions: no
               view mask clipping: yes
               explicit sync: yes
               color operations: yes
               presentation clock: CLOCK_MONOTONIC, id 1
               presentation clock resolution: 0.000000001 s
[    8.315643] dwc3 fc000000.usb: device reset
[08:00:06.195] Loading module '/usr/lib/weston/desktop-shell.so'
[08:00:06.197] launching '/usr/libexec/weston-keyboard'
[08:00:06.199] launching '/usr/libexec/weston-desktop-shell'
could not load cursor 'dnd-move'
could not load cursor 'dnd-copy'
could not load cursor 'dnd-none'
could not load cursor 'dnd-move'
could not load cursor 'dnd-copy'
could not load cursor 'dnd-none'
[    8.417076] dwc3 fc000000.usb: device reset
[    8.486851] android_work: sent uevent USB_STATE=CONNECTED
[    8.489805] android_work: sent uevent USB_STATE=CONFIGURED
xkbcommon: ERROR: couldn't find a Compose file for locale "en_US.UTF-8" (mapped to "en_US.UTF-8")
could not create XKB compose table for locale 'en_US.UTF-8'.  Disabiling compose
xkbcommon: ERROR: couldn't find a Compose file for locale "en_US.UTF-8" (mapped to "en_US.UTF-8")
could not create XKB compose table for locale 'en_US.UTF-8'.  Disabiling compose
start rknn server, version:1.5.2 (8babfea build@2023-08-25T10:30:31)
I NPUTransfer: Starting NPU Transfer Server, Transfer version 2.1.0 (b5861e7@2020-11-23T11:50:51)
[    9.359107] Freeing drm_logo memory: 1048K
[08:00:12.857] Detected a monitor change on head 'DSI-1', not bothering to do anything about it.
echo b > /proc/sysrq-trigger
DDR 3488111f83 cym 24/04/12-12:49:26,fwver: v1.17
LPDDR4X, 1560MHz
channel[0] BW=16 Col=10 Bk=8 CS0 Row=16 CS1 Row=16 CS=2 Die BW=16 Size=2048MB
channel[1] BW=16 Col=10 Bk=8 CS0 Row=16 CS1 Row=16 CS=2 Die BW=16 Size=2048MB
channel[2] BW=16 Col=10 Bk=8 CS0 Row=16 CS1 Row=16 CS=2 Die BW=16 Size=2048MB
channel[3] BW=16 Col=10 Bk=8 CS0 Row=16 CS1 Row=16 CS=2 Die BW=16 Size=2048MB
Manufacturer ID:0x1
CH0 RX Vref:31.8%, TX Vref:19.8%,19.8%DQ rds:
h3 l0, h3 l0, h5 l0, h1 l0, h7 l0, h3 l0, h1 l0, h2 l0, 
h5 l0, h7 l0, h4 l0, h6 l0, h5 l0, h2 l0, h2 l0, h3 l0, 

CH1 RX Vref:30.1%, TX Vref:21.8%,20.8%DQ rds:
h5 l0, h0 l0, h7 l0, h4 l0, h0 l0, h1 l0, h2 l0, h1 l0, 
h2 l0, h2 l0, h4 l0, h0 l0, h4 l0, h7 l0, h3 l0, h6 l0, 

CH2 RX Vref:30.5%, TX Vref:21.8%,20.8%DQ rds:
h0 l0, h0 l0, h0 l0, h7 l0, h3 l0, h0 l0, h7 l0, h4 l0, 
h7 l0, h2 l0, h6 l0, h6 l0, h2 l0, h2 l0, h0 l0, h5 l0, 

CH3 RX Vref:33.0%, TX Vref:20.8%,19.8%DQ rds:
h6 l0, h7 l0, h3 l0, h3 l0, h1 l0, h3 l0, h7 l0, h5 l0, 
h7 l0, h6 l0, h7 l0, h7 l0, h6 l0, h7 l0, h2 l0, h6 l0, 

stride=0x2, ddr_config=0x4
hash ch_mask0-1 0x20 0x40, bank_mask0-3 0xa00 0x1400 0x2800 0x0, rank_mask0 0x401000
change to F1: 528MHz
change to F2: 1068MHz
change to F3: 1560MHz
change to F0: 1560MHz
out
U-Boot SPL board init
U-Boot SPL 2017.09-ge4e124926e-230922 #lxh (Sep 25 2023 - 10:58:38), fwver: v1.13
unknown raw ID 0 0 0
unrecognized JEDEC id bytes: 00, 00, 00
Trying to boot from MMC2
MMC: no card present
mmc_init: -123, time 1
spl: mmc init failed with error: -123
Trying to boot from MMC1
SPL: A/B-slot: _a, successful: 0, tries-remain: 7
Trying fit image at 0x4000 sector
## Verified-boot: 0
## Checking atf-1 0x00040000 ... sha256(64122e141b...) + OK
## Checking uboot 0x00200000 ... sha256(6a44ff16cd...) + OK
## Checking fdt 0x00341b18 ... sha256(8ecccd16d2...) + OK
## Checking atf-2 0xff100000 ... sha256(ce8968e34f...) + OK
## Checking atf-3 0x000f0000 ... sha256(ce48b69fdd...) + OK
## Checking optee 0x08400000 ... sha256(b866e4e4a1...) + OK
Jumping to U-Boot(0x00200000) via ARM Trusted Firmware(0x00040000)
Total: 84.708/258.168 ms

INFO:    Preloader serial: 2
NOTICE:  BL31: v2.3():v2.3-765-g588059758:derrick.huang, fwver: v1.46
NOTICE:  BL31: Built : 18:13:16, Apr 29 2024
INFO:    spec: 0x1
INFO:    code: 0x88
INFO:    ext 32k is not valid
INFO:    ddr: stride-en 4CH
INFO:    GICv3 without legacy support detected.
INFO:    ARM GICv3 driver initialized in EL3
INFO:    valid_cpu_msk=0xff bcore0_rst = 0x0, bcore1_rst = 0x0
INFO:    l3 cache partition cfg-0
INFO:    system boots from cpu-hwid-0
INFO:    bypass memory repair
INFO:    idle_st=0x21fff, pd_st=0x11fff9, repair_st=0xfff70001
INFO:    dfs DDR fsp_params[0].freq_mhz= 1560MHz
INFO:    dfs DDR fsp_params[1].freq_mhz= 528MHz
INFO:    dfs DDR fsp_params[2].freq_mhz= 1068MHz
INFO:    dfs DDR fsp_params[3].freq_mhz= 1560MHz
INFO:    BL31: Initialising Exception Handling Framework
INFO:    BL31: Initializing runtime services
INFO:    BL31: Initializing BL32
I/TC: 
I/TC: OP-TEE version: 3.13.0-791-g185dc3c92 #hisping.lin (gcc version 10.2.1 20201103 (GNU Toolchain for the A-profile Architecture 10.2-2020.11 (arm-10.16))) #2 Tue Apr 16 11:16:18 CST 2024 aarch64, fwver: v1.16 
I/TC: OP-TEE memory: TEEOS 0x200000 TA 0xc00000 SHM 0x200000
I/TC: Primary CPU initializing
I/TC: Primary CPU switching to normal world boot
INFO:    BL31: Preparing for EL3 exit to normal world
INFO:    Entry point address = 0x200000
INFO:    SPSR = 0x3c9


U-Boot 2017.09-g0a4dd03 #dengtao (Jan 16 2025 - 11:37:55 +0800)

Model: Rockchip RK3588 Evaluation Board
MPIDR: 0x81000000
PreSerial: 2, raw, 0xfeb50000
DRAM:  8 GiB
Sysmem: init
Relocation Offset: eda1c000
Relocation fdt: eb9fa7e0 - eb9fecc8
CR: M/C/I
Using default environment

Hotkey: ctrl+c
optee api revision: 2.0
mmc@fe2c0000: 1, mmc@fe2e0000: 0
Bootdev(atags): mmc 0
MMC0: HS400 Enhanced Strobe, 200Mhz
PartType: EFI
TEEC: Waring: Could not find security partition
DM: v2
boot mode: normal
RESC: 'boot', blk@0x00019463
resource: sha256+
FIT: no signed, no conf required
   - dev=saradc, channel=7, dtb_adc=2748, read=2888, found=0
   - dev=saradc, channel=7, dtb_adc=1410, read=2888, found=0
   - dev=saradc, channel=7, dtb_adc=0, read=2888, found=0
DTB: rk-kernel.dtb
HASH(c): OK
I2c0 speed: 100000Hz
vsel-gpios- not found!
en-gpios- not found!
vdd_cpu_big0_s0 675000 uV
vsel-gpios- not found!
en-gpios- not found!
vdd_cpu_big1_s0 675000 uV
I2c1 speed: 100000Hz
vsel-gpios- not found!
en-gpios- not found!
vdd_npu_s0 825000 uV
spi2: RK806: 2
ON=0x40, OFF=0x00
vdd_gpu_s0 750000 uV
vdd_cpu_lit_s0 750000 uV
vdd_log_s0 750000 uV
vdd_vdenc_s0 init 750000 uV
vdd_ddr_s0 850000 uV
Device 'gpio@fd8a0000': seq 0 is in use by 'gpio@fd8a0000'
get vp0 plane mask:0x5, primary id:2, cursor_plane:-1, from dts
get vp1 plane mask:0xa, primary id:3, cursor_plane:-1, from dts
get vp2 plane mask:0x140, primary id:8, cursor_plane:-1, from dts
get vp3 plane mask:0x280, primary id:9, cursor_plane:-1, from dts
Could not find baseparameter partition
Model: ATK-DLRK3588 Board
MPIDR: 0x81000000
Rockchip UBOOT DRM driver version: v1.0.1
vp0 have layer nr:2[0 2 ], primary plane: 2
vp1 have layer nr:2[1 3 ], primary plane: 3
vp2 have layer nr:2[6 8 ], primary plane: 8
vp3 have layer nr:2[7 9 ], primary plane: 9
Using display timing dts
dsi@fde20000:  detailed mode clock 119000 kHz, flags[a]
    H: 1080 1090 1096 1128
    V: 1920 1940 1946 1956
bus_format: 100e
VOP update mode to: 1080x1920p54, type: MIPI0 for VP3
VP3 set crtc_clock to 119000KHz
VOP VP3 enable Esmart3[654x270->654x270@213x825] fmt[2] addr[0xedf2c000]
final DSI-Link bandwidth: 793333 Kbps x 4
hdmi@fde80000 disconnected
hdmi@fdea0000 disconnected
CLK: (sync kernel. arm: enter 1008000 KHz, init 1008000 KHz, kernel 0N/A)
  b0pll 24000 KHz
  b1pll 24000 KHz
  lpll 24000 KHz
  v0pll 714000 KHz
  aupll 786431 KHz
  cpll 1500000 KHz
  gpll 1188000 KHz
  npll 850000 KHz
  ppll 1100000 KHz
  aclk_center_root 702000 KHz
  pclk_center_root 100000 KHz
  hclk_center_root 396000 KHz
  aclk_center_low_root 500000 KHz
  aclk_top_root 750000 KHz
  pclk_top_root 100000 KHz
  aclk_low_top_root 396000 KHz
Net:   eth0: ethernet@fe1b0000, eth1: ethernet@fe1c0000
Hit key to stop autoboot('CTRL+C'):  0  0
=> <INTERRUPT>
=> <INTERRUPT>
=> <INTERRUPT>
=> <INTERRUPT>
=> <INTERRUPT>
=> <INTERRUPT>
=> <INTERRUPT>
=> <INTERRUPT>
=> <INTERRUPT>
=> <INTERRUPT>
=> <INTERRUPT>
=> <INTERRUPT>
=> <INTERRUPT>
=> <INTERRUPT>
=> <INTERRUPT>
=> <INTERRUPT>
=> <INTERRUPT>
=> <INTERRUPT>
=> <INTERRUPT>
=> <INTERRUPT>
=> <INTERRUPT>
=> <INTERRUPT>
=> <INTERRUPT>
=> <INTERRUPT>
=> <INTERRUPT>
=> <INTERRUPT>
=> <INTERRUPT>
=> <INTERRUPT>
=> <INTERRUPT>
=> <INTERRUPT>
=> <INTERRUPT>
=> <INTERRUPT>
=> <INTERRUPT>
=> <INTERRUPT>
=> <INTERRUPT>
=> <INTERRUPT>
=> <INTERRUPT>
=> fastboot usb 0
Enter fastboot...OK
request 00000000ebe5c580 was not queued to ep1in-bulk
Starting download of 47930084 bytes
request 00000000ebe5c580 was not queued to ep1in-bulk
..........................................................................
..........................................................................
..........................................................................
..........................................................................
.....................................................................request 00000000ebe5c580 was not queued to ep1in-bulk

downloading of 47930084 bytes finished
=> fdt addr 0x00c00800
=> fdt get addr fdtsrc /images/fdt-1 data
=> fdt get size fdtlen /images/fdt-1 data
=> fdt get value fdtdst /images/fdt-1 load
=> fdt get addr kernelsrc /images/kernel-1 data
=> fdt get size kerneln /imges/kernl-1 datafdt get alue kereldst /i-1 loa
libfdt fdt_path_offset() returned FDT_ERR_NOTFOUND
=> printen fdtsrc dtlen fddst kernlsrc kerellen keneldst
fdtsrc=0x000000000396fa64
## Error: "dtlen" not defined
## Error: "fddst" not defined
## Error: "kernlsrc" not defined
## Error: "kerellen" not defined
## Error: "keneldst" not defined
=> fdt get size fdtlen /images/fdt-1 data
=> fdt get value fdtdst /images/fdt-1 load
=> fdt get addr kernelsrc /images/kernel-1 data
=> fdt get size kernellen /images/kernel-1 data
=> fdt get value kerneldst /images/kernel-1 load
=> printenv fdtsrc fdtlen fdtdst kernelsrc kernellen kerneldst
fdtsrc=0x000000000396fa64
fdtlen=0x00046646
fdtdst=0x08300000
kernelsrc=0x0000000000c0091c
kernellen=0x02D6F040
kerneldst=0x00400000
=> cp.b ${fdtsrc} ${fdtdst} ${fdtlen}
=> cp.b ${kernelsrc} ${kerneldst} ${kernellen}
=> fdt addr ${fdtdst}
=> fdt header
magic:			0xd00dfeed
totalsize:		0x46646 (288326)
off_dt_struct:		0x48
off_dt_strings:		0x40a28
off_mem_rsvmap:		0x28
version:		17
last_comp_version:	16
boot_cpuid_phys:	0x0
size_dt_strings:	0x5c1e
size_dt_struct:		0x409e0
number mem_rsv:		0x1

=> booti ${kerneldst} - ${fdtdst}
Fdt Ramdisk skip relocation
## Flattened Device Tree blob at 0x08300000
   Booting using the fdt blob at 0x08300000
   reserving fdt memory region: addr=8300000 size=47000
   Using Device Tree in place at 0000000008300000, end 0000000008349645
WARNING: could not set reg FDT_ERR_BADOFFSET.
## reserved-memory:
  axvisor-guest@40000000: addr=40000000 size=40000000
  cma: addr=10000000 size=8000000
  drm-logo@00000000: addr=edf00000 size=106000
  ramoops@110000: addr=110000 size=f0000
Adding bank: 0x00200000 - 0x08400000 (size: 0x08200000)
Adding bank: 0x09400000 - 0xf0000000 (size: 0xe6c00000)
Adding bank: 0x100000000 - 0x200000000 (size: 0x100000000)
Adding bank: 0x2f0000000 - 0x300000000 (size: 0x10000000)
Total: 208237.740/208574.209 ms

Starting kernel ...

storagemedia=emmc androidboot.storagemedia=emmc androidboot.mode=normal  rw rootwait androidboot.verifiedbootstate=orange earlycon=uart8250,mmio32,0xfeb50000 console=ttyFIQ0 irqchip.gicv3_pseudo_nmi=0 root=PARTLABEL=rootfs
VM Load @PA:0x400000
VM Load Offset: 0xffff000080400000
Memory Map:
  Rsv    0x00000000110000 - 0x00000000200000 (960 KiB)
  Free   0x00000000200000 - 0x00000000400000 (2 MiB)
  KImg   0x00000000400000 - 0x00000003200000 (46 MiB)
  Free   0x00000003200000 - 0x00000008300000 (81 MiB)
  Rsv    0x00000008300000 - 0x00000008347000 (284 KiB)
  Free   0x00000008347000 - 0x00000008400000 (740 KiB)
  Free   0x00000009400000 - 0x00000010000000 (108 MiB)
  Rsv    0x00000010000000 - 0x00000018000000 (128 MiB)
  Free   0x00000018000000 - 0x00000040000000 (640 MiB)
  Rsv    0x00000040000000 - 0x00000080000000 (1 GiB)
  Free   0x00000080000000 - 0x000000edf00000 (1.72 GiB)
  Rsv    0x000000edf00000 - 0x000000ee006000 (1.02 MiB)
  Free   0x000000ee006000 - 0x000000f0000000 (31.98 MiB)
  Free   0x00000100000000 - 0x00000200000000 (4 GiB)
  Free   0x000002f0000000 - 0x00000300000000 (256 MiB)
Initialize RAM allocator: 0x3200000..0x8300000
Reserving CPU-local areas
CPU-local area stride: 0x44000 bytes
Total CPU-local allocation: 0x220000 bytes (8 CPUs)
Flushed RAM used range to memory map: 0x3200000..0x3247000, current: 0x3247000
Flushed RAM used range to memory map: 0x3247000..0x3467000, current: 0x3467000
CPU-local areas allocated at 0x3247000 - 0x3467000
EL: 2
Mapping early memory regions...
Ram                 : [0x0000000000200000, 0x0000000008400000) -> [0x0000000000200000, 0x0000000008400000) (130 MiB)
Ram                 : [0x0000000009400000, 0x00000000f0000000) -> [0x0000000009400000, 0x00000000f0000000) (3.61 GiB)
Ram                 : [0x0000000100000000, 0x0000000200000000) -> [0x0000000100000000, 0x0000000200000000) (4 GiB)
Ram                 : [0x00000002f0000000, 0x0000000300000000) -> [0x00000002f0000000, 0x0000000300000000) (256 MiB)
KImage              : [0x0000ffff80000000, 0x0000ffff82e00000) -> [0x0000000000400000, 0x0000000003200000) (46 MiB)
PerCpu              : [0x0000ff0003247000, 0x0000ff0003467000) -> [0x0000000003247000, 0x0000000003467000) (2.12 MiB)
Debug serial        : [0x00000000feb50000, 0x00000000feb51000) -> [0x00000000feb50000, 0x00000000feb51000) (4 KiB)
Boot page table at physical address: PA:0x3467000
Setting up table registers...
MMU Entry point at physical address: 0x674610
Trap vector at 0xffff80277000
Memory Map:
  Rsv    0x00000000110000 - 0x00000000200000 (960 KiB)
  Free   0x00000000200000 - 0x00000000400000 (2 MiB)
  KImg   0x00000000400000 - 0x00000003200000 (46 MiB)
  Rsv    0x00000003200000 - 0x00000003247000 (284 KiB)
  PerCPU 0x00000003247000 - 0x00000003467000 (2.12 MiB)
  Rsv    0x00000003467000 - 0x00000003473000 (48 KiB)
  Free   0x00000003473000 - 0x00000008300000 (78.55 MiB)
  Rsv    0x00000008300000 - 0x00000008347000 (284 KiB)
  Free   0x00000008347000 - 0x00000008400000 (740 KiB)
  Free   0x00000009400000 - 0x00000010000000 (108 MiB)
  Rsv    0x00000010000000 - 0x00000018000000 (128 MiB)
  Free   0x00000018000000 - 0x00000040000000 (640 MiB)
  Rsv    0x00000040000000 - 0x00000080000000 (1 GiB)
  Free   0x00000080000000 - 0x000000edf00000 (1.72 GiB)
  Rsv    0x000000edf00000 - 0x000000ee006000 (1.02 MiB)
  Free   0x000000ee006000 - 0x000000f0000000 (31.98 MiB)
  MMIO   0x000000feb50000 - 0x000000feb51000 (4 KiB)
  Free   0x00000100000000 - 0x00000200000000 (4 GiB)
  Free   0x000002f0000000 - 0x00000300000000 (256 MiB)
Jumping to main entry point at 0xffff802609c0 with SP 0x0000ff000328b000

       d8888                            .d88888b.   .d8888b.
      d88888                           d88P" "Y88b d88P  Y88b
     d88P888                           888     888 Y88b.
    d88P 888 888d888  .d8888b  .d88b.  888     888  "Y888b.
   d88P  888 888P"   d88P"    d8P  Y8b 888     888     "Y88b.
  d88P   888 888     888      88888888 888     888       "888
 d8888888888 888     Y88b.    Y8b.     Y88b. .d88P Y88b  d88P
d88P     888 888      "Y8888P  "Y8888   "Y88888P"   "Y8888P"

arch = aarch64
platform = ATK-DLRK3588 Board
target = aarch64-unknown-none-softfloat
build_mode = 
log_level = info
backtrace = false
smp = 8

[37m[211.243115 ax_runtime:220] [32mLogging is enabled.[m
[m[37m[211.243601 ax_runtime:221] [32mPrimary CPU 0 started, arg = 0x3200000.[m
[m[37m[211.244238 ax_runtime:223] [32mFound physcial memory regions:[m
[m[37m[211.244860 ax_runtime:225] [32m  [PA:0x110000, PA:0x200000) reserved (READ | WRITE | EXECUTE | RESERVED)[m
[m[37m[211.245746 ax_runtime:225] [32m  [PA:0x200000, PA:0x400000) free memory (READ | WRITE | FREE)[m
[m[37m[211.246557 ax_runtime:225] [32m  [PA:0x400000, PA:0x3200000) reserved (READ | WRITE | EXECUTE | RESERVED)[m
[m[37m[211.247456 ax_runtime:225] [32m  [PA:0x3200000, PA:0x3247000) reserved (READ | WRITE | EXECUTE | RESERVED)[m
[m[37m[211.248364 ax_runtime:225] [32m  [PA:0x3247000, PA:0x3467000) reserved (READ | WRITE | EXECUTE | RESERVED)[m
[m[37m[211.249271 ax_runtime:225] [32m  [PA:0x3467000, PA:0x3473000) reserved (READ | WRITE | EXECUTE | RESERVED)[m
[m[37m[211.250179 ax_runtime:225] [32m  [PA:0x3473000, PA:0x8300000) free memory (READ | WRITE | FREE)[m
[m[37m[211.251004 ax_runtime:225] [32m  [PA:0x8300000, PA:0x8347000) reserved (READ | WRITE | EXECUTE | RESERVED)[m
[m[37m[211.251911 ax_runtime:225] [32m  [PA:0x8347000, PA:0x8400000) free memory (READ | WRITE | FREE)[m
[m[37m[211.252736 ax_runtime:225] [32m  [PA:0x9400000, PA:0x10000000) free memory (READ | WRITE | FREE)[m
[m[37m[211.253569 ax_runtime:225] [32m  [PA:0x10000000, PA:0x18000000) reserved (READ | WRITE | EXECUTE | RESERVED)[m
[m[37m[211.254491 ax_runtime:225] [32m  [PA:0x18000000, PA:0x40000000) free memory (READ | WRITE | FREE)[m
[m[37m[211.255331 ax_runtime:225] [32m  [PA:0x40000000, PA:0x80000000) reserved (READ | WRITE | EXECUTE | RESERVED)[m
[m[37m[211.256254 ax_runtime:225] [32m  [PA:0x80000000, PA:0xedf00000) free memory (READ | WRITE | FREE)[m
[m[37m[211.257094 ax_runtime:225] [32m  [PA:0xedf00000, PA:0xee006000) reserved (READ | WRITE | EXECUTE | RESERVED)[m
[m[37m[211.258016 ax_runtime:225] [32m  [PA:0xee006000, PA:0xf0000000) free memory (READ | WRITE | FREE)[m
[m[37m[211.258856 ax_runtime:225] [32m  [PA:0xfeb50000, PA:0xfeb51000) mmio (READ | WRITE | DEVICE | RESERVED)[m
[m[37m[211.259741 ax_runtime:225] [32m  [PA:0x100000000, PA:0x200000000) free memory (READ | WRITE | FREE)[m
[m[37m[211.260596 ax_runtime:225] [32m  [PA:0x2f0000000, PA:0x300000000) free memory (READ | WRITE | FREE)[m
[m[37m[211.261451 ax_runtime:375] [32mInitialize global memory allocator...[m
[m[37m[211.262074 ax_runtime:376] [32m  use buddy-slab-allocator allocator.[m
[m[37m[211.262698 ax_alloc::buddy_slab:158] [32mInitialize global memory allocator, start_vaddr: 0x100000000, size: 0x100000000[m
[m[37m[211.266369 ax_alloc::buddy_slab:424] [32mglobal allocator initialized[m
[m[37m[211.266989 ax_alloc::buddy_slab:168] [32mAdd memory region, start_vaddr: 0x200000, size: 0x200000[m
[m[37m[211.267829 buddy_slab_allocator::global:151] [32mGlobalAllocator: skip region 0x200000+0x200000, no allocator-visible memory after 2097152 alignment[m
[m[37m[211.269052 ax_alloc::buddy_slab:168] [32mAdd memory region, start_vaddr: 0x3473000, size: 0x4e8d000[m
[m[37m[211.269958 ax_alloc::buddy_slab:168] [32mAdd memory region, start_vaddr: 0x8347000, size: 0xb9000[m
[m[37m[211.270789 buddy_slab_allocator::global:151] [32mGlobalAllocator: skip region 0x8347000+0xb9000, no allocator-visible memory after 2097152 alignment[m
[m[37m[211.272011 ax_alloc::buddy_slab:168] [32mAdd memory region, start_vaddr: 0x9400000, size: 0x6c00000[m
[m[37m[211.272936 ax_alloc::buddy_slab:168] [32mAdd memory region, start_vaddr: 0x18000000, size: 0x28000000[m
[m[37m[211.274213 ax_alloc::buddy_slab:168] [32mAdd memory region, start_vaddr: 0x80000000, size: 0x6df00000[m
[m[37m[211.276215 ax_alloc::buddy_slab:168] [32mAdd memory region, start_vaddr: 0xee006000, size: 0x1ffa000[m
[m[37m[211.277089 ax_alloc::buddy_slab:168] [32mAdd memory region, start_vaddr: 0x2f0000000, size: 0x10000000[m
[m[37m[211.278125 ax_runtime:260] [32mkernel aspace: [VA:0x0, VA:0xffffffffffffffff)[m
[m[37m[211.278806 ax_mm:103] [32mInitialize virtual memory management...[m
[m[37m[212.138786 ax_runtime:272] [32mInitialize platform devices...[m
[m[37m[212.193267 someboot::arch::power:23] [32mPower management method : SMC[m
[m[37m[212.193903 somehal::driver:5] [32mInitializing rdrive with FDT at 0x3200000[m
[m[37m[212.371829 ax_driver::soc::rockchip::pinctrl:301] [32mRockchip RK3588 pinctrl registered successfully[m
[m[37m[212.478739 somehal::arch::gic::v3:274] [32mGICv3 CPU 0 EOI mode: two_step=true[m
[m[37m[212.585217 ax_task::api:193] [32mInitialize scheduling...[m
[m[37m[212.585791 ax_task::api:201] [32m  use FIFO scheduler.[m
[m[37m[212.586303 ax_runtime:300] [32mInitialize interrupt handlers...[m
[m[37m[212.586921 ax_runtime::devices:2] [32mProbe platform devices...[m
[m[37m[212.688984 ax_driver::soc::rockchip::cru::rk3588:60] [32mRK3588 CRU reg: addr=0xfd7c0000, size=0x5c000, rockchip,grf=<0x7a>[m
[m[37m[212.690070 rockchip_soc::variants::rk3588::cru:123] [32mCRU@fd7c0000: Initializing and verifying clock configuration...[m
[m[37m[212.691067 rockchip_soc::variants::rk3588::cru:174] [33m⚠ CRU@fd7c0000: ACLK_BUS_ROOT div mismatch! u-boot: 3, current: 4[m
[m[37m[212.692108 rockchip_soc::variants::rk3588::cru:248] [32m✓ CRU@fd7c0000: Clock configuration verified[m
[m[37m[212.692991 ax_driver::soc::rockchip::cru::rk3588:79] [32mRK3588 CRU clock/reset registered successfully[m
[m[37m[212.695053 ax_driver::soc::rockchip::pm:78] [32mRockchip power-domain provider registered successfully[m
[m[37m[213.186369 ax_driver::block::rockchip::clock:12] [32m[mmc@fe2e0000] enabled SDHCI clock Some("core") (0x13a)[m
[m[37m[213.187315 ax_driver::block::rockchip::clock:12] [32m[mmc@fe2e0000] enabled SDHCI clock Some("bus") (0x138)[m
[m[37m[213.188229 ax_driver::block::rockchip::clock:12] [32m[mmc@fe2e0000] enabled SDHCI clock Some("axi") (0x139)[m
[m[37m[213.189144 ax_driver::block::rockchip::clock:12] [32m[mmc@fe2e0000] enabled SDHCI clock Some("block") (0x13b)[m
[m[37m[213.190074 ax_driver::block::rockchip::clock:12] [32m[mmc@fe2e0000] enabled SDHCI clock Some("timer") (0x13c)[m
[m[37m[213.191017 ax_driver::block::rockchip::sdhci_rk3588:167] [32mrockchip-sdhci probe: node=mmc@fe2e0000, addr=0xfe2e0000, size=0x10000[m
[m[37m[213.192181 ax_driver::block::rockchip::sdhci_rk3588:182] [32mrockchip-sdhci: using external CRU clock[m
[m[37m[213.193068 ax_driver::block::rockchip::sdhci_rk3588:197] [32mrockchip-sdhci: defer eMMC protocol initialization to IRQ-driven hctx[m
[m[37m[213.194294 ax_driver::block::rockchip::sdhci_rk3588:201] [32mrockchip-sdhci block device registered irq=None[m
[m[37m[213.195352 sdmmc_protocol::sdio::init::state_machine:102] [32msdio: submit bus op ResetAll[m
[m[37m[213.196200 ax_fs_ng::block::runtime::hctx:177] [32mblock hctx 0 bound to CPU 0 with hardware depth 1[m
[m[37m[213.197097 ax_fs_ng::block::runtime::lifecycle::device:300] [32mblock device rockchip-sdhci IRQ source 0 (IrqId { domain: IrqDomainId(7), hwirq: HwIrq(237) }) fixed to CPU 0 for queue mask 0x1[m
[m[37m[213.198814 ax_driver::block::rockchip::sdhci_rk3588:245] [32mrockchip-sdhci: RK3588 DWCMSHC vendor reset area1=0x500[m
[m[37m[213.199810 sdmmc_protocol::sdio::init::state_machine:102] [32msdio: submit bus op PowerOn[m
[m[37m[213.210608 sdmmc_protocol::sdio::init::state_machine:102] [32msdio: submit bus op SwitchVoltage(V330)[m
[m[37m[213.216240 sdmmc_protocol::sdio::init::state_machine:63] [32msdio: submit bus op SetBusWidth(Bit1)[m
[m[37m[213.217106 sdmmc_protocol::sdio::init::state_machine:63] [32msdio: submit bus op SetClock(Identification)[m
[m[37m[213.218133 ax_driver::block::rockchip::sdhci_rk3588:119] [32mrockchip-sdhci: core clock set to 375000 Hz[m
[m[37m[213.261180 sdmmc_protocol::sdio::init::state_machine::identify:264] [32msdio: detected Mmc ocr=0xc0ff8080[m
[m[37m[213.263565 sdmmc_protocol::sdio::init::state_machine::identify:338] [32msdio: CSD capacity_blocks=None[m
[m[37m[213.276522 sdmmc_protocol::sdio::init::state_machine::mmc:38] [32msdio: EXT_CSD sector_count=122159104[m
[m[37m[213.279822 ax_driver::block::rockchip::sdhci_rk3588:119] [32mrockchip-sdhci: core clock set to 50000000 Hz[m
[m[37m[213.280959 sdmmc_protocol::sdio::init::state_machine::mmc:314] [32msdio: MMC speed selected HighSpeed bus_width=Bit8[m
[m[37m[213.282125 sdmmc_protocol::sdio::init::state_machine::mmc:340] [32msdio: enabled 1024 KiB volatile write cache[m
[m[37m[213.283181 sdmmc_protocol::sdio::init::state_machine:233] [32msdio: init done kind=Mmc sd_v2=false high_capacity=true rca=0x1 ocr=0xc0ff8080 host_bus_width=Bit8 ext_csd_bus_width=Some(Sdr1) ext_csd_timing=Some(Compat)[m
[m[37m[213.284919 sdmmc_protocol::rdif::queue:172] [32msdmmc block init complete: kind=Mmc high_capacity=true rca=1 capacity_blocks=122159104 cache_enabled=true[m
[m[37m[213.304494 ax_fs_ng::root:348] [32m    partition 1 name=Some("uboot") fs=None lba 16384..24576[m
[m[37m[213.305752 ax_fs_ng::root:348] [32m    partition 2 name=Some("misc") fs=None lba 24576..32768[m
[m[37m[213.306854 ax_fs_ng::root:348] [32m    partition 3 name=Some("boot") fs=None lba 32768..163840[m
[m[37m[213.307971 ax_fs_ng::root:348] [32m    partition 4 name=Some("recovery") fs=None lba 163840..425984[m
[m[37m[213.309039 ax_fs_ng::root:348] [32m    partition 5 name=Some("backup") fs=None lba 425984..491520[m
[m[37m[213.310039 ax_fs_ng::root:348] [32m    partition 6 name=Some("rootfs") fs=Some(Ext4) lba 491520..29851648[m
[m[37m[213.311098 ax_fs_ng::root:348] [32m    partition 7 name=Some("oem") fs=Some(Ext4) lba 29851648..30113792[m
[m[37m[213.312148 ax_fs_ng::root:348] [32m    partition 8 name=Some("userdata") fs=Some(Ext4) lba 30113792..122159071[m
[m[37m[213.313082 ax_fs_ng::root:364] [32m  block device 0 (rockchip-sdhci) has Gpt partition table with 8 partitions[m
[m[37m[213.314035 ax_fs_ng::root:462] [32m  matched root by PARTLABEL on disk0 partition 6 (rootfs, fs=ext4, lba 491520..29851648)[m
[m[37m[213.315074 ax_fs_ng:86] [32mInitialize filesystem subsystem...[m
[m[37m[213.315642 ax_fs_ng:87] [32m  selected root device: disk0 partition 6 (rootfs, fs=ext4, lba 491520..29851648)[m
[m[37m[213.317178 rsext4::crc32c::arm64:54] [33mID_AA64ISAR0_EL1[19:16]: 0x1[m
[m[37m[213.317801 rsext4::crc32c::arm64:57] [33mHardware CRC32C support detected.[m
[m[37m[213.344173 rsext4::ext4::mount:331] [32m/lost+found exists (superblock hint inode=11)[m
[m[37m[213.345915 rsext4::ext4::mount:466] [32mExt4 filesystem mounted[m
[m[37m[213.346492 rsext4::ext4::mount:467] [32m  - block size: 4096 bytes[m
[m[37m[213.347105 rsext4::ext4::mount:468] [32m  - total blocks: 3670016[m
[m[37m[213.347699 rsext4::ext4::mount:469] [32m  - free blocks: 3298220[m
[m[37m[213.348291 rsext4::ext4::mount:470] [32m  - total inodes: 847616[m
[m[37m[213.348884 rsext4::ext4::mount:471] [32m  - free inodes: 833538[m
[m[37m[213.349469 rsext4::ext4::sync:13] [32mSyncing filesystem...[m
[m[37m[213.354772 rsext4::ext4::mount:550] [32mExt4 filesystem mounted[m
[m[37m[213.355371 ax_fs_ng:99] [32m  filesystem type: "ext4"[m
[m[37m[213.357420 rsext4::blockgroup_description::desc:109] [31mGroup descriptor checksum mismatch: group=0 stored=0x0000 expected=0x0589 desc_size=64 block_bitmap=8196 inode_bitmap=24580 inode_table=40964 free_blocks=57348 free_inodes=0 used_dirs=8196 itable_unused=0 flags=0x1 block_bitmap_csum=0x0 inode_bitmap_csum=0x0[m
[m[37m[213.359893 rsext4::ext4::mount:554] [31mMount failed: EUCLEAN: Structure needs cleaning[m
[m[37m[213.360658 ax_fs_ng::fs::ext4::rsext4::fs:127] [33mext4 journal replay failed with EUCLEAN; retrying read-only without journal replay[m
[m[37m[213.361789 rsext4::blockgroup_description::desc:109] [31mGroup descriptor checksum mismatch: group=0 stored=0x0000 expected=0x0589 desc_size=64 block_bitmap=8196 inode_bitmap=24580 inode_table=40964 free_blocks=57348 free_inodes=0 used_dirs=8196 itable_unused=0 flags=0x1 block_bitmap_csum=0x0 inode_bitmap_csum=0x0[m
[m[37m[213.364259 rsext4::ext4::mount:554] [31mMount failed: EUCLEAN: Structure needs cleaning[m
[m[37m[213.365028 ax_fs_ng::root:622] [33m  failed to initialize filesystem for partition disk0 partition 7 (oem, fs=ext4, lba 29851648..30113792): AxErrorKind::Io[m
[m[37m[213.366965 rsext4::blockgroup_description::desc:109] [31mGroup descriptor checksum mismatch: group=0 stored=0x0a8d expected=0x16fe desc_size=64 block_bitmap=262145 inode_bitmap=262161 inode_table=262177 free_blocks=3808 free_inodes=1088 used_dirs=0 itable_unused=1088 flags=0x5 block_bitmap_csum=0x4c1cbc8f inode_bitmap_csum=0xe0e99c72[m
[m[37m[213.369587 rsext4::ext4::mount:554] [31mMount failed: EUCLEAN: Structure needs cleaning[m
[m[37m[213.370351 ax_fs_ng::fs::ext4::rsext4::fs:127] [33mext4 journal replay failed with EUCLEAN; retrying read-only without journal replay[m
[m[37m[213.371482 rsext4::blockgroup_description::desc:109] [31mGroup descriptor checksum mismatch: group=0 stored=0x0a8d expected=0x16fe desc_size=64 block_bitmap=262145 inode_bitmap=262161 inode_table=262177 free_blocks=3808 free_inodes=1088 used_dirs=0 itable_unused=1088 flags=0x5 block_bitmap_csum=0x4c1cbc8f inode_bitmap_csum=0xe0e99c72[m
[m[37m[213.374102 rsext4::ext4::mount:554] [31mMount failed: EUCLEAN: Structure needs cleaning[m
[m[37m[213.374870 ax_fs_ng::root:622] [33m  failed to initialize filesystem for partition disk0 partition 8 (userdata, fs=ext4, lba 30113792..122159071): AxErrorKind::Io[m
[mI/TC: Secondary CPU 1 initializing
I/TC: Secondary CPU 1 switching to normal world boot
[37m[213.379871 somehal::arch::gic::v3:274] [32mGICv3 CPU 1 EOI mode: two_step=true[m
[m[37m[213.380573 ax_runtime::mp:79] [32mSecondary CPU 1 started.[m
[m[37m[213.381158 ax_runtime::mp:110] [32mSecondary CPU 1 init OK.[m
[mI/TC: Secondary CPU 2 initializing
I/TC: Secondary CPU 2 switching to normal world boot
[37m[213.384012 somehal::arch::gic::v3:274] [32mGICv3 CPU 2 EOI mode: two_step=true[m
[m[37m[213.384708 ax_runtime::mp:79] [32mSecondary CPU 2 started.[m
[m[37m[213.385291 ax_runtime::mp:110] [32mSecondary CPU 2 init OK.[m
[mI/TC: Secondary CPU 3 initializing
I/TC: Secondary CPU 3 switching to normal world boot
[37m[213.388143 somehal::arch::gic::v3:274] [32mGICv3 CPU 3 EOI mode: two_step=true[m
[m[37m[213.388838 ax_runtime::mp:79] [32mSecondary CPU 3 started.[m
[m[37m[213.389420 ax_runtime::mp:110] [32mSecondary CPU 3 init OK.[m
[mI/TC: Secondary CPU 4 initializing
I/TC: Secondary CPU 4 switching to normal world boot
[37m[213.392266 somehal::arch::gic::v3:274] [32mGICv3 CPU 4 EOI mode: two_step=true[m
[m[37m[213.392958 ax_runtime::mp:79] [32mSecondary CPU 4 started.[m
[m[37m[213.393529 ax_runtime::mp:110] [32mSecondary CPU 4 init OK.[m
[mI/TC: Secondary CPU 5 initializing
I/TC: Secondary CPU 5 switching to normal world boot
[37m[213.396393 somehal::arch::gic::v3:274] [32mGICv3 CPU 5 EOI mode: two_step=true[m
[m[37m[213.397085 ax_runtime::mp:79] [32mSecondary CPU 5 started.[m
[m[37m[213.397656 ax_runtime::mp:110] [32mSecondary CPU 5 init OK.[m
[mI/TC: Secondary CPU 6 initializing
I/TC: Secondary CPU 6 switching to normal world boot
[37m[213.400512 somehal::arch::gic::v3:274] [32mGICv3 CPU 6 EOI mode: two_step=true[m
[m[37m[213.401204 ax_runtime::mp:79] [32mSecondary CPU 6 started.[m
[m[37m[213.401774 ax_runtime::mp:110] [32mSecondary CPU 6 init OK.[m
[mI/TC: Secondary CPU 7 initializing
I/TC: Secondary CPU 7 switching to normal world boot
[37m[213.404631 somehal::arch::gic::v3:274] [32mGICv3 CPU 7 EOI mode: two_step=true[m
[m[37m[213.405322 ax_runtime::mp:79] [32mSecondary CPU 7 started.[m
[m[37m[213.405323 ax_runtime:348] [32mPrimary CPU 0 init OK.[m
[m[37m[213.405893 ax_runtime::mp:110] [32mSecondary CPU 7 init OK.[m
[m[37m[213.406964 0:2 ax_fs_ng::block::runtime::lifecycle::device:369] [32mblock device rockchip-sdhci online with 1 hctxs across 8 CPUs[m
[m

       d8888            888     888  d8b
      d88888            888     888  Y8P
     d88P888            888     888
    d88P 888  888  888  Y88b   d88P  888  .d8888b    .d88b.   888d888
   d88P  888  `Y8bd8P'   Y88b d88P   888  88K       d88""88b  888P"
  d88P   888    X88K      Y88o88P    888  "Y8888b.  888  888  888
 d8888888888  .d8""8b.     Y888P     888       X88  Y88..88P  888
d88P     888  888  888      Y8P      888   88888P'   "Y88P"   888


by AxVisor Team

[37m[213.411719 0:2 axvisor:96] [32mStarting virtualization...[m
[m[37m[213.412259 0:2 axvm::host::arceos:335] [32mEnabling hardware virtualization support on all cores...[m
[m[37m[213.413114 0:2 axvm::host::arceos:341] [32mCore 0 is initializing hardware virtualization support...[m
[m[37m[213.413976 0:2 axvm::timer:508] [32mInitializing AxVM timer wheel...[m
[m[37m[213.500647 0:2 axvm::host::arceos:343] [32mHardware virtualization support enabled on core 0[m
[m[37m[213.501470 1:21 axvm::host::arceos:353] [32mCore 1 is initializing hardware virtualization support...[m
[m[37m[213.501483 2:22 axvm::host::arceos:353] [32mCore 2 is initializing hardware virtualization support...[m
[m[37m[213.501521 5:25 axvm::host::arceos:353] [32mCore 5 is initializing hardware virtualization support...[m
[m[37m[213.501547 6:26 axvm::host::arceos:353] [32mCore 6 is initializing hardware virtualization support...[m
[m[37m[213.503202 2:22 axvm::timer:508] [32mInitializing AxVM timer wheel...[m
[m[37m[213.501557 0:2 axvm::host::arceos:370] [32mWaiting for all cores to enable hardware virtualization...[m
[m[37m[213.504072 5:25 axvm::timer:508] [32mInitializing AxVM timer wheel...[m
[m[37m[213.502333 1:21 axvm::timer:508] [32mInitializing AxVM timer wheel...[m
[m[37m[213.505604 2:22 axvm::host::arceos:357] [32mHardware virtualization support enabled on core 2 (2/8)[m
[m[37m[213.501496 3:23 axvm::host::arceos:353] [32mCore 3 is initializing hardware virtualization support...[m
[m[37m[213.507732 1:21 axvm::host::arceos:357] [32mHardware virtualization support enabled on core 1 (4/8)[m
[m[37m[213.509434 3:23 axvm::timer:508] [32mInitializing AxVM timer wheel...[m
[m[37m[213.504945 6:26 axvm::timer:508] [32mInitializing AxVM timer wheel...[m
[m[37m[213.507093 5:25 axvm::host::arceos:357] [32mHardware virtualization support enabled on core 5 (3/8)[m
[m[37m[213.510936 3:23 axvm::host::arceos:357] [32mHardware virtualization support enabled on core 3 (5/8)[m
[m[37m[213.511561 6:26 axvm::host::arceos:357] [32mHardware virtualization support enabled on core 6 (6/8)[m
[m[37m[213.501560 7:27 axvm::host::arceos:353] [32mCore 7 is initializing hardware virtualization support...[m
[m[37m[213.501508 4:24 axvm::host::arceos:353] [32mCore 4 is initializing hardware virtualization support...[m
[m[37m[213.514981 7:27 axvm::timer:508] [32mInitializing AxVM timer wheel...[m
[m[37m[213.515851 4:24 axvm::timer:508] [32mInitializing AxVM timer wheel...[m
[m[37m[213.516495 7:27 axvm::host::arceos:357] [32mHardware virtualization support enabled on core 7 (7/8)[m
[m[37m[213.517123 0:2 axvm::host::arceos:381] [32mAll cores have enabled hardware virtualization support.[m
[m[37m[213.517123 4:24 axvm::host::arceos:357] [32mHardware virtualization support enabled on core 4 (8/8)[m
[m[37m[213.518886 0:2 axvisor::manager:145] [32mNOT find dir: /guest/vm_default in filesystem[m
[m[37m[213.520425 0:2 axvisor::config:91] [32mUsing static VM configs.[m
[m[37m[213.587908 0:2 axvm::arch::aarch64::fdt::core:78] [32mVM[1] virtual UART follows the host-selected UART: GuestSerialProfile { model: Uart16550, transport: Mmio { base: 4273274880, length: 256, register_shift: 2, register_width: Dword }, irq: 365, clock_hz: 24000000 }[m
[m[37m[213.591995 0:2 axvm::arch::aarch64::fdt::core:89] [32mVM[1] virtual GIC follows host firmware resources: GuestGicProfile { compatible: "arm,gic-v3", node_path: "/interrupt-controller@fe600000", node_phandle: Some(1), distributor: GuestMmioRegion { base: 4267704320, length: 65536 }, cpu_region: Redistributors(GuestGicRedistributorProfile { regions: [GuestMmioRegion { base: 4268228608, length: 1048576 }], stride: 131072 }), its: [GuestItsProfile { id: ItsId(0), node_path: "/interrupt-controller@fe600000/msi-controller@fe640000", node_phandle: Some(275), registers: GuestMmioRegion { base: 4267966464, length: 131072 } }, GuestItsProfile { id: ItsId(1), node_path: "/interrupt-controller@fe600000/msi-controller@fe660000", node_phandle: Some(457), registers: GuestMmioRegion { base: 4268097536, length: 131072 } }] }[m
[m[37m[213.598546 0:2 axvm::arch::aarch64::fdt::core:103] [32mVM[1] architectural timer follows host firmware PPIs[m
[m[37m[213.685080 0:2 axvm::arch::aarch64::fdt::core::parser:548] [32mCPU node: /cpus/cpu@0, node_id: 0x0, hardware_cpu_id: 0x0[m
[m[37m[213.686105 0:2 axvm::arch::aarch64::fdt::core::parser:548] [32mCPU node: /cpus/cpu@100, node_id: 0x100, hardware_cpu_id: 0x100[m
[m[37m[213.687182 0:2 axvm::arch::aarch64::fdt::core::parser:548] [32mCPU node: /cpus/cpu@200, node_id: 0x200, hardware_cpu_id: 0x200[m
[m[37m[213.688247 0:2 axvm::arch::aarch64::fdt::core::parser:548] [32mCPU node: /cpus/cpu@300, node_id: 0x300, hardware_cpu_id: 0x300[m
[m[37m[213.689310 0:2 axvm::arch::aarch64::fdt::core::parser:548] [32mCPU node: /cpus/cpu@400, node_id: 0x400, hardware_cpu_id: 0x400[m
[m[37m[213.690376 0:2 axvm::arch::aarch64::fdt::core::parser:548] [32mCPU node: /cpus/cpu@500, node_id: 0x500, hardware_cpu_id: 0x500[m
[m[37m[213.691441 0:2 axvm::arch::aarch64::fdt::core::parser:548] [32mCPU node: /cpus/cpu@600, node_id: 0x600, hardware_cpu_id: 0x600[m
[m[37m[213.692504 0:2 axvm::arch::aarch64::fdt::core::parser:548] [32mCPU node: /cpus/cpu@700, node_id: 0x700, hardware_cpu_id: 0x700[m
[m[37m[213.703073 0:2 axvm::arch::aarch64::fdt::core::parser:555] [32mFound 8 host CPU nodes[m
[m[37m[213.703822 0:2 axvm::arch::aarch64::fdt::core:154] [32mVM[1] DTB not found, generating from the VM configuration[m
[m[37m[213.969361 0:2 axvm::arch::aarch64::fdt::core::device:96] [32mFound excluded devices: ["/pcie@fe150000", "/pcie@fe160000", "/pcie@fe170000", "/pcie@fe180000", "/pcie@fe190000", "/interrupt-controller@fe600000", "/serial@fd890000", "/serial@feb40000", "/serial@feb50000", "/serial@feb60000", "/serial@feb70000", "/serial@feb80000", "/serial@feb90000", "/serial@feba0000", "/serial@febb0000", "/serial@febc0000", "/timer", "/timer@feae0000", "/pcie@fe150000/legacy-interrupt-controller", "/pcie@fe160000/legacy-interrupt-controller", "/pcie@fe170000/legacy-interrupt-controller", "/pcie@fe180000/legacy-interrupt-controller", "/pcie@fe190000/legacy-interrupt-controller", "/interrupt-controller@fe600000/msi-controller@fe640000", "/interrupt-controller@fe600000/msi-controller@fe660000"][m
[m[37m[213.975638 0:2 axvm::arch::aarch64::fdt::core::device:107] [32mExcluding device: /interrupt-controller@fe600000[m
[m[37m[213.976578 0:2 axvm::arch::aarch64::fdt::core::device:107] [32mExcluding device: /interrupt-controller@fe600000/msi-controller@fe640000[m
[m[37m[213.977714 0:2 axvm::arch::aarch64::fdt::core::device:107] [32mExcluding device: /interrupt-controller@fe600000/msi-controller@fe660000[m
[m[37m[213.978848 0:2 axvm::arch::aarch64::fdt::core::device:107] [32mExcluding device: /pcie@fe150000[m
[m[37m[213.979666 0:2 axvm::arch::aarch64::fdt::core::device:107] [32mExcluding device: /pcie@fe150000/legacy-interrupt-controller[m
[m[37m[213.980700 0:2 axvm::arch::aarch64::fdt::core::device:107] [32mExcluding device: /pcie@fe160000[m
[m[37m[213.981525 0:2 axvm::arch::aarch64::fdt::core::device:107] [32mExcluding device: /pcie@fe160000/legacy-interrupt-controller[m
[m[37m[213.982560 0:2 axvm::arch::aarch64::fdt::core::device:107] [32mExcluding device: /pcie@fe170000[m
[m[37m[213.983385 0:2 axvm::arch::aarch64::fdt::core::device:107] [32mExcluding device: /pcie@fe170000/legacy-interrupt-controller[m
[m[37m[213.984420 0:2 axvm::arch::aarch64::fdt::core::device:107] [32mExcluding device: /pcie@fe180000[m
[m[37m[213.985245 0:2 axvm::arch::aarch64::fdt::core::device:107] [32mExcluding device: /pcie@fe180000/legacy-interrupt-controller[m
[m[37m[213.986280 0:2 axvm::arch::aarch64::fdt::core::device:107] [32mExcluding device: /pcie@fe190000[m
[m[37m[213.987113 0:2 axvm::arch::aarch64::fdt::core::device:107] [32mExcluding device: /pcie@fe190000/legacy-interrupt-controller[m
[m[37m[213.988258 0:2 axvm::arch::aarch64::fdt::core::device:107] [32mExcluding device: /serial@fd890000[m
[m[37m[213.989090 0:2 axvm::arch::aarch64::fdt::core::device:107] [32mExcluding device: /serial@feb40000[m
[m[37m[213.989930 0:2 axvm::arch::aarch64::fdt::core::device:107] [32mExcluding device: /serial@feb50000[m
[m[37m[213.990770 0:2 axvm::arch::aarch64::fdt::core::device:107] [32mExcluding device: /serial@feb60000[m
[m[37m[213.991610 0:2 axvm::arch::aarch64::fdt::core::device:107] [32mExcluding device: /serial@feb70000[m
[m[37m[213.992450 0:2 axvm::arch::aarch64::fdt::core::device:107] [32mExcluding device: /serial@feb80000[m
[m[37m[213.993289 0:2 axvm::arch::aarch64::fdt::core::device:107] [32mExcluding device: /serial@feb90000[m
[m[37m[213.994130 0:2 axvm::arch::aarch64::fdt::core::device:107] [32mExcluding device: /serial@feba0000[m
[m[37m[213.994970 0:2 axvm::arch::aarch64::fdt::core::device:107] [32mExcluding device: /serial@febb0000[m
[m[37m[213.995809 0:2 axvm::arch::aarch64::fdt::core::device:107] [32mExcluding device: /serial@febc0000[m
[m[37m[213.996679 0:2 axvm::arch::aarch64::fdt::core::device:107] [32mExcluding device: /timer[m
[m[37m[213.997444 0:2 axvm::arch::aarch64::fdt::core::device:107] [32mExcluding device: /timer@feae0000[m
[m[37m[214.003612 0:2 axvm::arch::aarch64::fdt::core::parser:57] [32mVM[1] generated-FDT passthrough paths: ["/__symbols__", "/adc-keys", "/adc-keys/esc-key", "/adc-keys/menu-key", "/adc-keys/vol-down-key", "/adc-keys/vol-up-key", "/aliases", "/arm-pmu", "/av1d@fdc70000", "/avsd-plus@fdb51000", "/backlight", "/backlight1", "/bt-sco", "/bt-sound", "/bt-sound/simple-audio-card,codec", "/bt-sound/simple-audio-card,cpu", "/can@fea50000", "/can@fea60000", "/can@fea70000", "/chosen", "/clock-controller@fd7c0000", "/clocks", "/clocks/aclk_av1_pre@fd7c0910", "/clocks/aclk_hdcp0_pre@fd7c08dc", "/clocks/aclk_hdcp1_pre@fd7c08ec", "/clocks/aclk_isp1_pre@fd7c0868", "/clocks/aclk_jpeg_decoder_pre@fd7c08b0", "/clocks/aclk_rkvdec0_pre@fd7c08a0", "/clocks/aclk_rkvdec1_pre@fd7c08a4", "/clocks/aclk_rkvenc1_pre@fd7c08c0", "/clocks/aclk_usb@fd7c08a8", "/clocks/aclk_vdpu_low_pre@fd7c08b0", "/clocks/hclk_isp1_pre@fd7c0868", "/clocks/hclk_nvm@fd7c087c", "/clocks/hclk_rkvdec0_pre@fd7c08a0", "/clocks/hclk_rkvdec1_pre@fd7c08a4", "/clocks/hclk_rkvenc1_pre@fd7c08c0", "/clocks/hclk_sdio_pre@fd7c092c", "/clocks/hclk_usb@fd7c08a8", "/clocks/hclk_vo0@fd7c08dc", "/clocks/hclk_vo1@fd7c08ec", "/clocks/mclkin-i2s0", "/clocks/mclkin-i2s1", "/clocks/mclkin-i2s2", "/clocks/mclkin-i2s3", "/clocks/mclkout-i2s0@fd58c318", "/clocks/mclkout-i2s1@fd58a000", "/clocks/mclkout-i2s1@fd58c318", "/clocks/mclkout-i2s2@fd58c318", "/clocks/mclkout-i2s3@fd58c318", "/clocks/pclk_av1_pre@fd7c0910", "/clocks/pclk_vo0_grf@fd7c08dc", "/clocks/pclk_vo1_grf@fd7c08ec", "/clocks/spll", "/clocks/xin24m", "/clocks/xin32k", "/cluster0-opp-table", "/cluster0-opp-table/opp-1008000000", "/cluster0-opp-table/opp-1200000000", "/cluster0-opp-table/opp-1416000000", "/cluster0-opp-table/opp-1608000000", "/cluster0-opp-table/opp-1800000000", "/cluster0-opp-table/opp-408000000", "/cluster0-opp-table/opp-600000000", "/cluster0-opp-table/opp-816000000", "/cluster0-opp-table/opp-j-1296000000", "/cluster0-opp-table/opp-j-m-1008000000", "/cluster0-opp-table/opp-j-m-1200000000[m<log truncated>
[37m[214.023628 0:2 axvm::arch::aarch64::fdt::core::parser:85] [32mVM[1] host-FDT PCI node path=/pcie@fe180000 name=pcie@fe180000 compatible=["rockchip,rk3588-pcie", "snps,dw-pcie"] reg=[(4262985728, Some(65536)), (44035997696, Some(4194304))] properties=[("compatible", 34), ("reg", 32), ("ranges", 112), ("interrupt-map", 96), ("interrupt-map-mask", 16), ("msi-map", 16), ("bus-range", 8)][m
[m[37m[214.026656 0:2 axvm::arch::aarch64::fdt::core::parser:85] [32mVM[1] host-FDT PCI node path=/pcie@fe180000/legacy-interrupt-controller name=legacy-interrupt-controller compatible=[] reg=[] properties=[][m
[m[37m[214.028305 0:2 axvm::arch::aarch64::fdt::core::parser:85] [32mVM[1] host-FDT PCI node path=/pcie@fe190000 name=pcie@fe190000 compatible=["rockchip,rk3588-pcie", "snps,dw-pcie"] reg=[(4263051264, Some(65536)), (44040192000, Some(4194304))] properties=[("compatible", 34), ("reg", 32), ("ranges", 112), ("interrupt-map", 96), ("interrupt-map-mask", 16), ("msi-map", 16), ("bus-range", 8)][m
[m[37m[214.031327 0:2 axvm::arch::aarch64::fdt::core::parser:85] [32mVM[1] host-FDT PCI node path=/pcie@fe190000/legacy-interrupt-controller name=legacy-interrupt-controller compatible=[] reg=[] properties=[][m
[m[37m[214.036525 0:2 axvm::arch::aarch64::fdt::core::parser:85] [32mVM[1] host-FDT PCI node path=/pinctrl/pcie20x1 name=pcie20x1 compatible=[] reg=[] properties=[][m
[m[37m[214.037830 0:2 axvm::arch::aarch64::fdt::core::parser:85] [32mVM[1] host-FDT PCI node path=/pinctrl/pcie20x1/pcie20x1m0-pins name=pcie20x1m0-pins compatible=[] reg=[] properties=[][m
[m[37m[214.039296 0:2 axvm::arch::aarch64::fdt::core::parser:85] [32mVM[1] host-FDT PCI node path=/pinctrl/pcie20x1/pcie20x1m1-pins name=pcie20x1m1-pins compatible=[] reg=[] properties=[][m
[m[37m[214.040762 0:2 axvm::arch::aarch64::fdt::core::parser:85] [32mVM[1] host-FDT PCI node path=/pinctrl/pcie20x1/pcie20x1-2-button-rstn name=pcie20x1-2-button-rstn compatible=[] reg=[] properties=[][m
[m[37m[214.042331 0:2 axvm::arch::aarch64::fdt::core::parser:85] [32mVM[1] host-FDT PCI node path=/pinctrl/pcie30phy name=pcie30phy compatible=[] reg=[] properties=[][m
[m[37m[214.043638 0:2 axvm::arch::aarch64::fdt::core::parser:85] [32mVM[1] host-FDT PCI node path=/pinctrl/pcie30phy/pcie30phy-pins name=pcie30phy-pins compatible=[] reg=[] properties=[][m
[m[37m[214.045094 0:2 axvm::arch::aarch64::fdt::core::parser:85] [32mVM[1] host-FDT PCI node path=/pinctrl/pcie30x1 name=pcie30x1 compatible=[] reg=[] properties=[][m
[m[37m[214.046387 0:2 axvm::arch::aarch64::fdt::core::parser:85] [32mVM[1] host-FDT PCI node path=/pinctrl/pcie30x1/pcie30x1m0-pins name=pcie30x1m0-pins compatible=[] reg=[] properties=[][m
[m[37m[214.047861 0:2 axvm::arch::aarch64::fdt::core::parser:85] [32mVM[1] host-FDT PCI node path=/pinctrl/pcie30x1/pcie30x1m1-pins name=pcie30x1m1-pins compatible=[] reg=[] properties=[][m
[m[37m[214.049326 0:2 axvm::arch::aarch64::fdt::core::parser:85] [32mVM[1] host-FDT PCI node path=/pinctrl/pcie30x1/pcie30x1m2-pins name=pcie30x1m2-pins compatible=[] reg=[] properties=[][m
[m[37m[214.050791 0:2 axvm::arch::aarch64::fdt::core::parser:85] [32mVM[1] host-FDT PCI node path=/pinctrl/pcie30x1/pcie30x1-0-button-rstn name=pcie30x1-0-button-rstn compatible=[] reg=[] properties=[][m
[m[37m[214.052361 0:2 axvm::arch::aarch64::fdt::core::parser:85] [32mVM[1] host-FDT PCI node path=/pinctrl/pcie30x1/pcie30x1-1-button-rstn name=pcie30x1-1-button-rstn compatible=[] reg=[] properties=[][m
[m[37m[214.053930 0:2 axvm::arch::aarch64::fdt::core::parser:85] [32mVM[1] host-FDT PCI node path=/pinctrl/pcie30x2 name=pcie30x2 compatible=[] reg=[] properties=[][m
[m[37m[214.055223 0:2 axvm::arch::aarch64::fdt::core::parser:85] [32mVM[1] host-FDT PCI node path=/pinctrl/pcie30x2/pcie30x2m0-pins name=pcie30x2m0-pins compatible=[] reg=[] properties=[][m
[m[37m[214.056688 0:2 axvm::arch::aarch64::fdt::core::parser:85] [32mVM[1] host-FDT PCI node path=/pinctrl/pcie30x2/pcie30x2m1-pins name=pcie30x2m1-pins compatible=[] reg=[] properties=[][m
[m[37m[214.058162 0:2 axvm::arch::aarch64::fdt::core::parser:85] [32mVM[1] host-FDT PCI node path=/pinctrl/pcie30x2/pcie30x2m2-pins name=pcie30x2m2-pins compatible=[] reg=[] properties=[][m
[m[37m[214.059627 0:2 axvm::arch::aarch64::fdt::core::parser:85] [32mVM[1] host-FDT PCI node path=/pinctrl/pcie30x2/pcie30x2m3-pins name=pcie30x2m3-pins compatible=[] reg=[] properties=[][m
[m[37m[214.061092 0:2 axvm::arch::aarch64::fdt::core::parser:85] [32mVM[1] host-FDT PCI node path=/pinctrl/pcie30x2/pcie30x2-button-rstn name=pcie30x2-button-rstn compatible=[] reg=[] properties=[][m
[m[37m[214.062631 0:2 axvm::arch::aarch64::fdt::core::parser:85] [32mVM[1] host-FDT PCI node path=/pinctrl/pcie30x4 name=pcie30x4 compatible=[] reg=[] properties=[][m
[m[37m[214.063923 0:2 axvm::arch::aarch64::fdt::core::parser:85] [32mVM[1] host-FDT PCI node path=/pinctrl/pcie30x4/pcie30x4m0-pins name=pcie30x4m0-pins compatible=[] reg=[] properties=[][m
[m[37m[214.065388 0:2 axvm::arch::aarch64::fdt::core::parser:85] [32mVM[1] host-FDT PCI node path=/pinctrl/pcie30x4/pcie30x4m1-pins name=pcie30x4m1-pins compatible=[] reg=[] properties=[][m
[m[37m[214.066854 0:2 axvm::arch::aarch64::fdt::core::parser:85] [32mVM[1] host-FDT PCI node path=/pinctrl/pcie30x4/pcie30x4m2-pins name=pcie30x4m2-pins compatible=[] reg=[] properties=[][m
[m[37m[214.068328 0:2 axvm::arch::aarch64::fdt::core::parser:85] [32mVM[1] host-FDT PCI node path=/pinctrl/pcie30x4/pcie30x4m3-pins name=pcie30x4m3-pins compatible=[] reg=[] properties=[][m
[m[37m[214.069792 0:2 axvm::arch::aarch64::fdt::core::parser:85] [32mVM[1] host-FDT PCI node path=/pinctrl/pcie30x4/pcie30x4-button-rstn name=pcie30x4-button-rstn compatible=[] reg=[] properties=[][m
[m[37m[214.073574 0:2 axvm::arch::aarch64::fdt::core::parser:85] [32mVM[1] host-FDT PCI node path=/pinctrl/wireless-wlan/pcie-wifi-gpio name=pcie-wifi-gpio compatible=[] reg=[] properties=[][m
[m[37m[214.075077 0:2 axvm::arch::aarch64::fdt::core::parser:85] [32mVM[1] host-FDT PCI node path=/pinctrl/pcie name=pcie compatible=[] reg=[] properties=[][m
[m[37m[214.076310 0:2 axvm::arch::aarch64::fdt::core::parser:85] [32mVM[1] host-FDT PCI node path=/pinctrl/pcie/pcie30x4-clkreqn-m1 name=pcie30x4-clkreqn-m1 compatible=[] reg=[] properties=[][m
[m[37m[214.078318 0:2 axvm::arch::aarch64::fdt::core::parser:85] [32mVM[1] host-FDT PCI node path=/pcie@fe150000 name=pcie@fe150000 compatible=["rockchip,rk3588-pcie", "snps,dw-pcie"] reg=[(4262789120, Some(65536)), (44023414784, Some(4194304))] properties=[("compatible", 34), ("reg", 32), ("ranges", 112), ("interrupt-map", 96), ("interrupt-map-mask", 16), ("msi-map", 16), ("bus-range", 8)][m
[m[37m[214.081342 0:2 axvm::arch::aarch64::fdt::core::parser:85] [32mVM[1] host-FDT PCI node path=/pcie@fe150000/legacy-interrupt-controller name=legacy-interrupt-controller compatible=[] reg=[] properties=[][m
[m[37m[214.082979 0:2 axvm::arch::aarch64::fdt::core::parser:85] [32mVM[1] host-FDT PCI node path=/pcie@fe160000 name=pcie@fe160000 compatible=["rockchip,rk3588-pcie", "snps,dw-pcie"] reg=[(4262854656, Some(65536)), (44027609088, Some(4194304))] properties=[("compatible", 34), ("reg", 32), ("ranges", 112), ("interrupt-map", 96), ("interrupt-map-mask", 16), ("msi-map", 16), ("bus-range", 8)][m
[m[37m[214.086002 0:2 axvm::arch::aarch64::fdt::core::parser:85] [32mVM[1] host-FDT PCI node path=/pcie@fe160000/legacy-interrupt-controller name=legacy-interrupt-controller compatible=[] reg=[] properties=[][m
[m[37m[214.087648 0:2 axvm::arch::aarch64::fdt::core::parser:85] [32mVM[1] host-FDT PCI node path=/pcie@fe170000 name=pcie@fe170000 compatible=["rockchip,rk3588-pcie", "snps,dw-pcie"] reg=[(4262920192, Some(65536)), (44031803392, Some(4194304))] properties=[("compatible", 34), ("reg", 32), ("ranges", 112), ("interrupt-map", 96), ("interrupt-map-mask", 16), ("msi-map", 16), ("bus-range", 8)][m
[m[37m[214.090671 0:2 axvm::arch::aarch64::fdt::core::parser:85] [32mVM[1] host-FDT PCI node path=/pcie@fe170000/legacy-interrupt-controller name=legacy-interrupt-controller compatible=[] reg=[] properties=[][m
[m[37m[214.092766 0:2 axvm::arch::aarch64::fdt::core::parser:85] [32mVM[1] host-FDT PCI node path=/pcie20-avdd0v85 name=pcie20-avdd0v85 compatible=["regulator-fixed"] reg=[] properties=[("compatible", 16)][m
[m[37m[214.094372 0:2 axvm::arch::aarch64::fdt::core::parser:85] [32mVM[1] host-FDT PCI node path=/pcie20-avdd1v8 name=pcie20-avdd1v8 compatible=["regulator-fixed"] reg=[] properties=[("compatible", 16)][m
[m[37m[214.095962 0:2 axvm::arch::aarch64::fdt::core::parser:85] [32mVM[1] host-FDT PCI node path=/pcie30-avdd0v75 name=pcie30-avdd0v75 compatible=["regulator-fixed"] reg=[] properties=[("compatible", 16)][m
[m[37m[214.097577 0:2 axvm::arch::aarch64::fdt::core::parser:85] [32mVM[1] host-FDT PCI node path=/pcie30-avdd1v8 name=pcie30-avdd1v8 compatible=["regulator-fixed"] reg=[] properties=[("compatible", 16)][m
[m[37m[214.099182 0:2 axvm::arch::aarch64::fdt::core::parser:85] [32mVM[1] host-FDT PCI node path=/vcc3v3-pcie30 name=vcc3v3-pcie30 compatible=["regulator-fixed"] reg=[] properties=[("compatible", 16)][m
[m[37m[214.339281 0:2 axvm::arch::aarch64::fdt::core::parser:98] [32mVM[1] generated guest-FDT bytes=276272[m
[m[37m[214.431135 0:2 axvm::arch::aarch64::fdt::core::parser:109] [32mVM[1] generated guest-FDT PCI paths: ["/pinctrl/pcie20x1", "/pinctrl/pcie20x1/pcie20x1m0-pins", "/pinctrl/pcie20x1/pcie20x1m1-pins", "/pinctrl/pcie20x1/pcie20x1-2-button-rstn", "/pinctrl/pcie30phy", "/pinctrl/pcie30phy/pcie30phy-pins", "/pinctrl/pcie30x1", "/pinctrl/pcie30x1/pcie30x1m0-pins", "/pinctrl/pcie30x1/pcie30x1m1-pins", "/pinctrl/pcie30x1/pcie30x1m2-pins", "/pinctrl/pcie30x1/pcie30x1-0-button-rstn", "/pinctrl/pcie30x1/pcie30x1-1-button-rstn", "/pinctrl/pcie30x2", "/pinctrl/pcie30x2/pcie30x2m0-pins", "/pinctrl/pcie30x2/pcie30x2m1-pins", "/pinctrl/pcie30x2/pcie30x2m2-pins", "/pinctrl/pcie30x2/pcie30x2m3-pins", "/pinctrl/pcie30x2/pcie30x2-button-rstn", "/pinctrl/pcie30x4", "/pinctrl/pcie30x4/pcie30x4m0-pins", "/pinctrl/pcie30x4/pcie30x4m1-pins", "/pinctrl/pcie30x4/pcie30x4m2-pins", "/pinctrl/pcie30x4/pcie30x4m3-pins", "/pinctrl/pcie30x4/pcie30x4-button-rstn", "/pinctrl/wireless-wlan/pcie-wifi-gpio", "/pinctrl/pcie", "/pinctrl/pcie/pcie30x4-clkreqn-m1", "/pcie20-avdd0v85", "/pcie20-avdd1v8", "/pcie30-avdd0v75", "/pcie30-avdd1v8", "/vcc3v3-pcie30"][m
[m[37m[214.447004 0:2 axvm::arch::aarch64::fdt::core::parser:143] [32mVM[1] guest-FDT PCI property-count=0 property-names=[][m
[m[37m[214.447988 0:2 axvm::arch::aarch64::fdt::core::parser:149] [32mVM[1] generated guest-FDT PCI node path=/pinctrl/pcie20x1 name=pcie20x1 compatible=[] reg=[] properties=[][m
[m[37m[214.449380 0:2 axvm::arch::aarch64::fdt::core::parser:143] [32mVM[1] guest-FDT PCI property-count=0 property-names=[][m
[m[37m[214.450362 0:2 axvm::arch::aarch64::fdt::core::parser:149] [32mVM[1] generated guest-FDT PCI node path=/pinctrl/pcie20x1/pcie20x1m0-pins name=pcie20x1m0-pins compatible=[] reg=[] properties=[][m
[m[37m[214.451924 0:2 axvm::arch::aarch64::fdt::core::parser:143] [32mVM[1] guest-FDT PCI property-count=0 property-names=[][m
[m[37m[214.452906 0:2 axvm::arch::aarch64::fdt::core::parser:149] [32mVM[1] generated guest-FDT PCI node path=/pinctrl/pcie20x1/pcie20x1m1-pins name=pcie20x1m1-pins compatible=[] reg=[] properties=[][m
[m[37m[214.454468 0:2 axvm::arch::aarch64::fdt::core::parser:143] [32mVM[1] guest-FDT PCI property-count=0 property-names=[][m
[m[37m[214.455449 0:2 axvm::arch::aarch64::fdt::core::parser:149] [32mVM[1] generated guest-FDT PCI node path=/pinctrl/pcie20x1/pcie20x1-2-button-rstn name=pcie20x1-2-button-rstn compatible=[] reg=[] properties=[][m
[m[37m[214.457126 0:2 axvm::arch::aarch64::fdt::core::parser:143] [32mVM[1] guest-FDT PCI property-count=0 property-names=[][m
[m[37m[214.458107 0:2 axvm::arch::aarch64::fdt::core::parser:149] [32mVM[1] generated guest-FDT PCI node path=/pinctrl/pcie30phy name=pcie30phy compatible=[] reg=[] properties=[][m
[m[37m[214.459512 0:2 axvm::arch::aarch64::fdt::core::parser:143] [32mVM[1] guest-FDT PCI property-count=0 property-names=[][m
[m[37m[214.460493 0:2 axvm::arch::aarch64::fdt::core::parser:149] [32mVM[1] generated guest-FDT PCI node path=/pinctrl/pcie30phy/pcie30phy-pins name=pcie30phy-pins compatible=[] reg=[] properties=[][m
[m[37m[214.462048 0:2 axvm::arch::aarch64::fdt::core::parser:143] [32mVM[1] guest-FDT PCI property-count=0 property-names=[][m
[m[37m[214.463028 0:2 axvm::arch::aarch64::fdt::core::parser:149] [32mVM[1] generated guest-FDT PCI node path=/pinctrl/pcie30x1 name=pcie30x1 compatible=[] reg=[] properties=[][m
[m[37m[214.464418 0:2 axvm::arch::aarch64::fdt::core::parser:143] [32mVM[1] guest-FDT PCI property-count=0 property-names=[][m
[m[37m[214.465400 0:2 axvm::arch::aarch64::fdt::core::parser:149] [32mVM[1] generated guest-FDT PCI node path=/pinctrl/pcie30x1/pcie30x1m0-pins name=pcie30x1m0-pins compatible=[] reg=[] properties=[][m
[m[37m[214.466972 0:2 axvm::arch::aarch64::fdt::core::parser:143] [32mVM[1] guest-FDT PCI property-count=0 property-names=[][m
[m[37m[214.467953 0:2 axvm::arch::aarch64::fdt::core::parser:149] [32mVM[1] generated guest-FDT PCI node path=/pinctrl/pcie30x1/pcie30x1m1-pins name=pcie30x1m1-pins compatible=[] reg=[] properties=[][m
[m[37m[214.469516 0:2 axvm::arch::aarch64::fdt::core::parser:143] [32mVM[1] guest-FDT PCI property-count=0 property-names=[][m
[m[37m[214.470497 0:2 axvm::arch::aarch64::fdt::core::parser:149] [32mVM[1] generated guest-FDT PCI node path=/pinctrl/pcie30x1/pcie30x1m2-pins name=pcie30x1m2-pins compatible=[] reg=[] properties=[][m
[m[37m[214.472059 0:2 axvm::arch::aarch64::fdt::core::parser:143] [32mVM[1] guest-FDT PCI property-count=0 property-names=[][m
[m[37m[214.473040 0:2 axvm::arch::aarch64::fdt::core::parser:149] [32mVM[1] generated guest-FDT PCI node path=/pinctrl/pcie30x1/pcie30x1-0-button-rstn name=pcie30x1-0-button-rstn compatible=[] reg=[] properties=[][m
[m[37m[214.474707 0:2 axvm::arch::aarch64::fdt::core::parser:143] [32mVM[1] guest-FDT PCI property-count=0 property-names=[][m
[m[37m[214.475688 0:2 axvm::arch::aarch64::fdt::core::parser:149] [32mVM[1] generated guest-FDT PCI node path=/pinctrl/pcie30x1/pcie30x1-1-button-rstn name=pcie30x1-1-button-rstn compatible=[] reg=[] properties=[][m
[m[37m[214.477363 0:2 axvm::arch::aarch64::fdt::core::parser:143] [32mVM[1] guest-FDT PCI property-count=0 property-names=[][m
[m[37m[214.478345 0:2 axvm::arch::aarch64::fdt::core::parser:149] [32mVM[1] generated guest-FDT PCI node path=/pinctrl/pcie30x2 name=pcie30x2 compatible=[] reg=[] properties=[][m
[m[37m[214.479734 0:2 axvm::arch::aarch64::fdt::core::parser:143] [32mVM[1] guest-FDT PCI property-count=0 property-names=[][m
[m[37m[214.480716 0:2 axvm::arch::aarch64::fdt::core::parser:149] [32mVM[1] generated guest-FDT PCI node path=/pinctrl/pcie30x2/pcie30x2m0-pins name=pcie30x2m0-pins compatible=[] reg=[] properties=[][m
[m[37m[214.482278 0:2 axvm::arch::aarch64::fdt::core::parser:143] [32mVM[1] guest-FDT PCI property-count=0 property-names=[][m
[m[37m[214.483259 0:2 axvm::arch::aarch64::fdt::core::parser:149] [32mVM[1] generated guest-FDT PCI node path=/pinctrl/pcie30x2/pcie30x2m1-pins name=pcie30x2m1-pins compatible=[] reg=[] properties=[][m
[m[37m[214.484821 0:2 axvm::arch::aarch64::fdt::core::parser:143] [32mVM[1] guest-FDT PCI property-count=0 property-names=[][m
[m[37m[214.485802 0:2 axvm::arch::aarch64::fdt::core::parser:149] [32mVM[1] generated guest-FDT PCI node path=/pinctrl/pcie30x2/pcie30x2m2-pins name=pcie30x2m2-pins compatible=[] reg=[] properties=[][m
[m[37m[214.487374 0:2 axvm::arch::aarch64::fdt::core::parser:143] [32mVM[1] guest-FDT PCI property-count=0 property-names=[][m
[m[37m[214.488355 0:2 axvm::arch::aarch64::fdt::core::parser:149] [32mVM[1] generated guest-FDT PCI node path=/pinctrl/pcie30x2/pcie30x2m3-pins name=pcie30x2m3-pins compatible=[] reg=[] properties=[][m
[m[37m[214.489917 0:2 axvm::arch::aarch64::fdt::core::parser:143] [32mVM[1] guest-FDT PCI property-count=0 property-names=[][m
[m[37m[214.490898 0:2 axvm::arch::aarch64::fdt::core::parser:149] [32mVM[1] generated guest-FDT PCI node path=/pinctrl/pcie30x2/pcie30x2-button-rstn name=pcie30x2-button-rstn compatible=[] reg=[] properties=[][m
[m[37m[214.492535 0:2 axvm::arch::aarch64::fdt::core::parser:143] [32mVM[1] guest-FDT PCI property-count=0 property-names=[][m
[m[37m[214.493516 0:2 axvm::arch::aarch64::fdt::core::parser:149] [32mVM[1] generated guest-FDT PCI node path=/pinctrl/pcie30x4 name=pcie30x4 compatible=[] reg=[] properties=[][m
[m[37m[214.494905 0:2 axvm::arch::aarch64::fdt::core::parser:143] [32mVM[1] guest-FDT PCI property-count=0 property-names=[][m
[m[37m[214.495887 0:2 axvm::arch::aarch64::fdt::core::parser:149] [32mVM[1] generated guest-FDT PCI node path=/pinctrl/pcie30x4/pcie30x4m0-pins name=pcie30x4m0-pins compatible=[] reg=[] properties=[][m
[m[37m[214.497457 0:2 axvm::arch::aarch64::fdt::core::parser:143] [32mVM[1] guest-FDT PCI property-count=0 property-names=[][m
[m[37m[214.498440 0:2 axvm::arch::aarch64::fdt::core::parser:149] [32mVM[1] generated guest-FDT PCI node path=/pinctrl/pcie30x4/pcie30x4m1-pins name=pcie30x4m1-pins compatible=[] reg=[] properties=[][m
[m[37m[214.500001 0:2 axvm::arch::aarch64::fdt::core::parser:143] [32mVM[1] guest-FDT PCI property-count=0 property-names=[][m
[m[37m[214.500983 0:2 axvm::arch::aarch64::fdt::core::parser:149] [32mVM[1] generated guest-FDT PCI node path=/pinctrl/pcie30x4/pcie30x4m2-pins name=pcie30x4m2-pins compatible=[] reg=[] properties=[][m
[m[37m[214.502545 0:2 axvm::arch::aarch64::fdt::core::parser:143] [32mVM[1] guest-FDT PCI property-count=0 property-names=[][m
[m[37m[214.503526 0:2 axvm::arch::aarch64::fdt::core::parser:149] [32mVM[1] generated guest-FDT PCI node path=/pinctrl/pcie30x4/pcie30x4m3-pins name=pcie30x4m3-pins compatible=[] reg=[] properties=[][m
[m[37m[214.505089 0:2 axvm::arch::aarch64::fdt::core::parser:143] [32mVM[1] guest-FDT PCI property-count=0 property-names=[][m
[m[37m[214.506070 0:2 axvm::arch::aarch64::fdt::core::parser:149] [32mVM[1] generated guest-FDT PCI node path=/pinctrl/pcie30x4/pcie30x4-button-rstn name=pcie30x4-button-rstn compatible=[] reg=[] properties=[][m
[m[37m[214.509892 0:2 axvm::arch::aarch64::fdt::core::parser:143] [32mVM[1] guest-FDT PCI property-count=0 property-names=[][m
[m[37m[214.510874 0:2 axvm::arch::aarch64::fdt::core::parser:149] [32mVM[1] generated guest-FDT PCI node path=/pinctrl/wireless-wlan/pcie-wifi-gpio name=pcie-wifi-gpio compatible=[] reg=[] properties=[][m
[m[37m[214.512473 0:2 axvm::arch::aarch64::fdt::core::parser:143] [32mVM[1] guest-FDT PCI property-count=0 property-names=[][m
[m[37m[214.513455 0:2 axvm::arch::aarch64::fdt::core::parser:149] [32mVM[1] generated guest-FDT PCI node path=/pinctrl/pcie name=pcie compatible=[] reg=[] properties=[][m
[m[37m[214.514785 0:2 axvm::arch::aarch64::fdt::core::parser:143] [32mVM[1] guest-FDT PCI property-count=0 property-names=[][m
[m[37m[214.515767 0:2 axvm::arch::aarch64::fdt::core::parser:149] [32mVM[1] generated guest-FDT PCI node path=/pinctrl/pcie/pcie30x4-clkreqn-m1 name=pcie30x4-clkreqn-m1 compatible=[] reg=[] properties=[][m
[m[37m[214.518297 0:2 axvm::arch::aarch64::fdt::core::parser:143] [32mVM[1] guest-FDT PCI property-count=0 property-names=[][m
[m[37m[214.519279 0:2 axvm::arch::aarch64::fdt::core::parser:149] [32mVM[1] generated guest-FDT PCI node path=/pcie20-avdd0v85 name=pcie20-avdd0v85 compatible=["regulator-fixed"] reg=[] properties=[][m
[m[37m[214.520844 0:2 axvm::arch::aarch64::fdt::core::parser:143] [32mVM[1] guest-FDT PCI property-count=0 property-names=[][m
[m[37m[214.521826 0:2 axvm::arch::aarch64::fdt::core::parser:149] [32mVM[1] generated guest-FDT PCI node path=/pcie20-avdd1v8 name=pcie20-avdd1v8 compatible=["regulator-fixed"] reg=[] properties=[][m
[m[37m[214.523375 0:2 axvm::arch::aarch64::fdt::core::parser:143] [32mVM[1] guest-FDT PCI property-count=0 property-names=[][m
[m[37m[214.524357 0:2 axvm::arch::aarch64::fdt::core::parser:149] [32mVM[1] generated guest-FDT PCI node path=/pcie30-avdd0v75 name=pcie30-avdd0v75 compatible=["regulator-fixed"] reg=[] properties=[][m
[m[37m[214.525922 0:2 axvm::arch::aarch64::fdt::core::parser:143] [32mVM[1] guest-FDT PCI property-count=0 property-names=[][m
[m[37m[214.526903 0:2 axvm::arch::aarch64::fdt::core::parser:149] [32mVM[1] generated guest-FDT PCI node path=/pcie30-avdd1v8 name=pcie30-avdd1v8 compatible=["regulator-fixed"] reg=[] properties=[][m
[m[37m[214.528476 0:2 axvm::arch::aarch64::fdt::core::parser:143] [32mVM[1] guest-FDT PCI property-count=0 property-names=[][m
[m[37m[214.529458 0:2 axvm::arch::aarch64::fdt::core::parser:149] [32mVM[1] generated guest-FDT PCI node path=/vcc3v3-pcie30 name=vcc3v3-pcie30 compatible=["regulator-fixed"] reg=[] properties=[][m
[m[37m[214.799548 0:2 axvm::arch::aarch64::fdt::core::device:96] [32mFound excluded devices: ["/pcie@fe150000", "/pcie@fe160000", "/pcie@fe170000", "/pcie@fe180000", "/pcie@fe190000", "/interrupt-controller@fe600000", "/serial@fd890000", "/serial@feb40000", "/serial@feb50000", "/serial@feb60000", "/serial@feb70000", "/serial@feb80000", "/serial@feb90000", "/serial@feba0000", "/serial@febb0000", "/serial@febc0000", "/timer", "/timer@feae0000", "/interrupt-controller@fe600000/msi-controller@fe640000", "/interrupt-controller@fe600000/msi-controller@fe660000"][m
[m[37m[214.804052 0:2 axvm::arch::aarch64::fdt::core::device:107] [32mExcluding device: /interrupt-controller@fe600000[m
[m[37m[214.804991 0:2 axvm::arch::aarch64::fdt::core::device:107] [32mExcluding device: /interrupt-controller@fe600000/msi-controller@fe640000[m
[m[37m[214.806116 0:2 axvm::arch::aarch64::fdt::core::device:107] [32mExcluding device: /interrupt-controller@fe600000/msi-controller@fe660000[m
[m[37m[214.979041 0:2 axvm::arch::aarch64::fdt::core::device:96] [32mFound excluded devices: ["/pcie@fe150000", "/pcie@fe160000", "/pcie@fe170000", "/pcie@fe180000", "/pcie@fe190000", "/interrupt-controller@fe600000", "/serial@fd890000", "/serial@feb40000", "/serial@feb50000", "/serial@feb60000", "/serial@feb70000", "/serial@feb80000", "/serial@feb90000", "/serial@feba0000", "/serial@febb0000", "/serial@febc0000", "/timer", "/timer@feae0000", "/interrupt-controller@fe600000/msi-controller@fe640000", "/interrupt-controller@fe600000/msi-controller@fe660000"][m
[m[37m[214.983541 0:2 axvm::arch::aarch64::fdt::core::device:107] [32mExcluding device: /interrupt-controller@fe600000[m
[m[37m[214.984480 0:2 axvm::arch::aarch64::fdt::core::device:107] [32mExcluding device: /interrupt-controller@fe600000/msi-controller@fe640000[m
[m[37m[214.985605 0:2 axvm::arch::aarch64::fdt::core::device:107] [32mExcluding device: /interrupt-controller@fe600000/msi-controller@fe660000[m
[m[37m[214.993249 0:2 axvm::arch::aarch64::fdt::core::parser:705] [32mpassthrough address discovery selected paths: {"/__symbols__", "/adc-keys", "/adc-keys/esc-key", "/adc-keys/menu-key", "/adc-keys/vol-down-key", "/adc-keys/vol-up-key", "/aliases", "/arm-pmu", "/av1d@fdc70000", "/avsd-plus@fdb51000", "/backlight", "/backlight1", "/bt-sco", "/bt-sound", "/bt-sound/simple-audio-card,codec", "/bt-sound/simple-audio-card,cpu", "/can@fea50000", "/can@fea60000", "/can@fea70000", "/chosen", "/clock-controller@fd7c0000", "/clocks", "/clocks/aclk_av1_pre@fd7c0910", "/clocks/aclk_hdcp0_pre@fd7c08dc", "/clocks/aclk_hdcp1_pre@fd7c08ec", "/clocks/aclk_isp1_pre@fd7c0868", "/clocks/aclk_jpeg_decoder_pre@fd7c08b0", "/clocks/aclk_rkvdec0_pre@fd7c08a0", "/clocks/aclk_rkvdec1_pre@fd7c08a4", "/clocks/aclk_rkvenc1_pre@fd7c08c0", "/clocks/aclk_usb@fd7c08a8", "/clocks/aclk_vdpu_low_pre@fd7c08b0", "/clocks/hclk_isp1_pre@fd7c0868", "/clocks/hclk_nvm@fd7c087c", "/clocks/hclk_rkvdec0_pre@fd7c08a0", "/clocks/hclk_rkvdec1_pre@fd7c08a4", "/clocks/hclk_rkvenc1_pre@fd7c08c0", "/clocks/hclk_sdio_pre@fd7c092c", "/clocks/hclk_usb@fd7c08a8", "/clocks/hclk_vo0@fd7c08dc", "/clocks/hclk_vo1@fd7c08ec", "/clocks/mclkin-i2s0", "/clocks/mclkin-i2s1", "/clocks/mclkin-i2s2", "/clocks/mclkin-i2s3", "/clocks/mclkout-i2s0@fd58c318", "/clocks/mclkout-i2s1@fd58a000", "/clocks/mclkout-i2s1@fd58c318", "/clocks/mclkout-i2s2@fd58c318", "/clocks/mclkout-i2s3@fd58c318", "/clocks/pclk_av1_pre@fd7c0910", "/clocks/pclk_vo0_grf@fd7c08dc", "/clocks/pclk_vo1_grf@fd7c08ec", "/clocks/spll", "/clocks/xin24m", "/clocks/xin32k", "/cluster0-opp-table", "/cluster0-opp-table/opp-1008000000", "/cluster0-opp-table/opp-1200000000", "/cluster0-opp-table/opp-1416000000", "/cluster0-opp-table/opp-1608000000", "/cluster0-opp-table/opp-1800000000", "/cluster0-opp-table/opp-408000000", "/cluster0-opp-table/opp-600000000", "/cluster0-opp-table/opp-816000000", "/cluster0-opp-table/opp-j-1296000000", "/cluster0-opp-table/opp-j-m-1008000000", "/cluster0-opp-table/opp-j-m-12[m<log truncated>
[37m[215.031770 0:2 axvm::arch::aarch64::fdt::core::parser:761] [32mpassthrough address discovery resolved assignments: [HostDeviceAssignment { name: "hclk_vo1@fd7c08ec", base_gpa: 4252764396, base_hpa: 4252764396, length: 16 }, HostDeviceAssignment { name: "aclk_vdpu_low_pre@fd7c08b0", base_gpa: 4252764336, base_hpa: 4252764336, length: 16 }, HostDeviceAssignment { name: "hclk_vo0@fd7c08dc", base_gpa: 4252764380, base_hpa: 4252764380, length: 16 }, HostDeviceAssignment { name: "hclk_usb@fd7c08a8", base_gpa: 4252764328, base_hpa: 4252764328, length: 16 }, HostDeviceAssignment { name: "hclk_nvm@fd7c087c", base_gpa: 4252764284, base_hpa: 4252764284, length: 16 }, HostDeviceAssignment { name: "aclk_usb@fd7c08a8", base_gpa: 4252764328, base_hpa: 4252764328, length: 16 }, HostDeviceAssignment { name: "hclk_isp1_pre@fd7c0868", base_gpa: 4252764264, base_hpa: 4252764264, length: 16 }, HostDeviceAssignment { name: "aclk_isp1_pre@fd7c0868", base_gpa: 4252764264, base_hpa: 4252764264, length: 16 }, HostDeviceAssignment { name: "aclk_rkvdec0_pre@fd7c08a0", base_gpa: 4252764320, base_hpa: 4252764320, length: 16 }, HostDeviceAssignment { name: "hclk_rkvdec0_pre@fd7c08a0", base_gpa: 4252764320, base_hpa: 4252764320, length: 16 }, HostDeviceAssignment { name: "aclk_rkvdec1_pre@fd7c08a4", base_gpa: 4252764324, base_hpa: 4252764324, length: 16 }, HostDeviceAssignment { name: "hclk_rkvdec1_pre@fd7c08a4", base_gpa: 4252764324, base_hpa: 4252764324, length: 16 }, HostDeviceAssignment { name: "aclk_jpeg_decoder_pre@fd7c08b0", base_gpa: 4252764336, base_hpa: 4252764336, length: 16 }, HostDeviceAssignment { name: "aclk_rkvenc1_pre@fd7c08c0", base_gpa: 4252764352, base_hpa: 4252764352, length: 16 }, HostDeviceAssignment { name: "hclk_rkvenc1_pre@fd7c08c0", base_gpa: 4252764352, base_hpa: 4252764352, length: 16 }, HostDeviceAssignment { name: "aclk_hdcp0_pre@fd7c08dc", base_gpa: 4252764380, base_hpa: 4252764380, length: 16 }, HostDeviceAssignment { name: "aclk_hdcp1_pre@fd7c08ec", base_gpa: 4252764396, base_hpa: 4252[m<log truncated>
[37m[215.067244 0:2 axvisor::config:266] [32mCreating VM[1] "atk-task23-starry"[m
[m[37m[215.141299 0:2 axvm::vm:1133] [32mVM created: id=1[m
[m[37m[215.142120 0:2 axvisor::config:278] [32mVM[1] created success, loading images...[m
[m[37m[215.181136 0:2 axvm::boot::images:137] [32mLoading ramdisk image from memory (27400910 bytes) into GPA @0x7c000000[m
[m[37m[215.574013 0:2 axdevice::device:1232] [32mDeviceRuntime: registered device id=0[m
[m[37m[215.574872 0:2 axdevice::device:1232] [32mDeviceRuntime: registered device id=1[m
[m[37m[215.575570 0:2 axdevice::device:1232] [32mDeviceRuntime: registered device id=2[m
[m[37m[215.576275 0:2 axdevice::device:1232] [32mDeviceRuntime: registered device id=3[m
[m[37m[215.576981 0:2 axdevice::device:1232] [32mDeviceRuntime: registered device id=4[m
[m[37m[215.577748 0:2 axdevice::device:1232] [32mDeviceRuntime: registered device id=5[m
[m[37m[215.578520 0:2 axdevice::device:1232] [32mDeviceRuntime: registered device id=6[m
[m[37m[215.579464 0:2 axvm::vm::prepare::address_space:87] [32mVM[1] stage2 passthrough: GPA 0x0..0x110000 -> HPA 0x0..0x110000[m
[m[37m[215.580567 0:2 axvm::vm::prepare::address_space:87] [32mVM[1] stage2 passthrough: GPA 0x200000..0xa000000 -> HPA 0x200000..0xa000000[m
[m[37m[215.581683 0:2 axvm::vm::prepare::address_space:87] [32mVM[1] stage2 passthrough: GPA 0xa001000..0x10000000 -> HPA 0xa001000..0x10000000[m
[m[37m[215.582989 0:2 axvm::vm::prepare::address_space:87] [32mVM[1] stage2 passthrough: GPA 0x18000000..0x40000000 -> HPA 0x18000000..0x40000000[m
[m[37m[215.584203 0:2 axvm::vm::prepare::address_space:87] [32mVM[1] stage2 passthrough: GPA 0x80000000..0xedf00000 -> HPA 0x80000000..0xedf00000[m
[m[37m[215.585630 0:2 axvm::vm::prepare::address_space:87] [32mVM[1] stage2 passthrough: GPA 0xee006000..0xf0000000 -> HPA 0xee006000..0xf0000000[m
[m[37m[215.586938 0:2 axvm::vm::prepare::address_space:87] [32mVM[1] stage2 passthrough: GPA 0xf5000000..0xfd7c0000 -> HPA 0xf5000000..0xfd7c0000[m
[m[37m[215.588242 0:2 axvm::vm::prepare::address_space:87] [32mVM[1] stage2 passthrough: GPA 0xfd81c000..0xfd890000 -> HPA 0xfd81c000..0xfd890000[m
[m[37m[215.589429 0:2 axvm::vm::prepare::address_space:87] [32mVM[1] stage2 passthrough: GPA 0xfd891000..0xfe150000 -> HPA 0xfd891000..0xfe150000[m
[m[37m[215.590801 0:2 axvm::vm::prepare::address_space:87] [32mVM[1] stage2 passthrough: GPA 0xfe1a0000..0xfe600000 -> HPA 0xfe1a0000..0xfe600000[m
[m[37m[215.591974 0:2 axvm::vm::prepare::address_space:87] [32mVM[1] stage2 passthrough: GPA 0xfe610000..0xfe640000 -> HPA 0xfe610000..0xfe640000[m
[m[37m[215.593135 0:2 axvm::vm::prepare::address_space:87] [32mVM[1] stage2 passthrough: GPA 0xfe780000..0xfeae0000 -> HPA 0xfe780000..0xfeae0000[m
[m[37m[215.594394 0:2 axvm::vm::prepare::address_space:87] [32mVM[1] stage2 passthrough: GPA 0xfeae1000..0xfeb40000 -> HPA 0xfeae1000..0xfeb40000[m
[m[37m[215.595566 0:2 axvm::vm::prepare::address_space:87] [32mVM[1] stage2 passthrough: GPA 0xfeb41000..0xfeb50000 -> HPA 0xfeb41000..0xfeb50000[m
[m[37m[215.596716 0:2 axvm::vm::prepare::address_space:87] [32mVM[1] stage2 passthrough: GPA 0xfeb51000..0xfeb60000 -> HPA 0xfeb51000..0xfeb60000[m
[m[37m[215.597868 0:2 axvm::vm::prepare::address_space:87] [32mVM[1] stage2 passthrough: GPA 0xfeb61000..0xfeb70000 -> HPA 0xfeb61000..0xfeb70000[m
[m[37m[215.599018 0:2 axvm::vm::prepare::address_space:87] [32mVM[1] stage2 passthrough: GPA 0xfeb71000..0xfeb80000 -> HPA 0xfeb71000..0xfeb80000[m
[m[37m[215.600167 0:2 axvm::vm::prepare::address_space:87] [32mVM[1] stage2 passthrough: GPA 0xfeb81000..0xfeb90000 -> HPA 0xfeb81000..0xfeb90000[m
[m[37m[215.601316 0:2 axvm::vm::prepare::address_space:87] [32mVM[1] stage2 passthrough: GPA 0xfeb91000..0xfeba0000 -> HPA 0xfeb91000..0xfeba0000[m
[m[37m[215.602465 0:2 axvm::vm::prepare::address_space:87] [32mVM[1] stage2 passthrough: GPA 0xfeba1000..0xfebb0000 -> HPA 0xfeba1000..0xfebb0000[m
[m[37m[215.603614 0:2 axvm::vm::prepare::address_space:87] [32mVM[1] stage2 passthrough: GPA 0xfebb1000..0xfebc0000 -> HPA 0xfebb1000..0xfebc0000[m
[m[37m[215.604764 0:2 axvm::vm::prepare::address_space:87] [32mVM[1] stage2 passthrough: GPA 0xfebc1000..0x900000000 -> HPA 0xfebc1000..0x900000000[m
[m[37m[215.609748 0:2 axvm::vm::prepare::address_space:87] [32mVM[1] stage2 passthrough: GPA 0xa41400000..0x8000000000 -> HPA 0xa41400000..0x8000000000[m
[m[37m[215.666938 0:2 axvm::vm::prepare:82] [32mVM setup: id=1[m
[m[37m[215.733486 0:2 axvm::arch::aarch64::fdt::core:68] [32mVM[2] keeps its explicitly configured virtual UART profile: GuestSerialProfile { model: Pl011, transport: Mmio { base: 150994944, length: 4096, register_shift: 0, register_width: Dword }, irq: 33, clock_hz: 24000000 }[m
[m[37m[215.737914 0:2 axvm::arch::aarch64::fdt::core:89] [32mVM[2] virtual GIC follows host firmware resources: GuestGicProfile { compatible: "arm,gic-v3", node_path: "/interrupt-controller@fe600000", node_phandle: Some(1), distributor: GuestMmioRegion { base: 4267704320, length: 65536 }, cpu_region: Redistributors(GuestGicRedistributorProfile { regions: [GuestMmioRegion { base: 4268228608, length: 1048576 }], stride: 131072 }), its: [GuestItsProfile { id: ItsId(0), node_path: "/interrupt-controller@fe600000/msi-controller@fe640000", node_phandle: Some(275), registers: GuestMmioRegion { base: 4267966464, length: 131072 } }, GuestItsProfile { id: ItsId(1), node_path: "/interrupt-controller@fe600000/msi-controller@fe660000", node_phandle: Some(457), registers: GuestMmioRegion { base: 4268097536, length: 131072 } }] }[m
[m[37m[215.744475 0:2 axvm::arch::aarch64::fdt::core:103] [32mVM[2] architectural timer follows host firmware PPIs[m
[m[37m[215.831989 0:2 axvm::arch::aarch64::fdt::core::parser:548] [32mCPU node: /cpus/cpu@0, node_id: 0x0, hardware_cpu_id: 0x0[m
[m[37m[215.833014 0:2 axvm::arch::aarch64::fdt::core::parser:548] [32mCPU node: /cpus/cpu@100, node_id: 0x100, hardware_cpu_id: 0x100[m
[m[37m[215.834079 0:2 axvm::arch::aarch64::fdt::core::parser:548] [32mCPU node: /cpus/cpu@200, node_id: 0x200, hardware_cpu_id: 0x200[m
[m[37m[215.835144 0:2 axvm::arch::aarch64::fdt::core::parser:548] [32mCPU node: /cpus/cpu@300, node_id: 0x300, hardware_cpu_id: 0x300[m
[m[37m[215.836209 0:2 axvm::arch::aarch64::fdt::core::parser:548] [32mCPU node: /cpus/cpu@400, node_id: 0x400, hardware_cpu_id: 0x400[m
[m[37m[215.837287 0:2 axvm::arch::aarch64::fdt::core::parser:548] [32mCPU node: /cpus/cpu@500, node_id: 0x500, hardware_cpu_id: 0x500[m
[m[37m[215.838352 0:2 axvm::arch::aarch64::fdt::core::parser:548] [32mCPU node: /cpus/cpu@600, node_id: 0x600, hardware_cpu_id: 0x600[m
[m[37m[215.839416 0:2 axvm::arch::aarch64::fdt::core::parser:548] [32mCPU node: /cpus/cpu@700, node_id: 0x700, hardware_cpu_id: 0x700[m
[m[37m[215.850003 0:2 axvm::arch::aarch64::fdt::core::parser:555] [32mFound 8 host CPU nodes[m
[m[37m[215.850753 0:2 axvm::arch::aarch64::fdt::core:154] [32mVM[2] DTB not found, generating from the VM configuration[m
[m[37m[216.086359 0:2 axvm::arch::aarch64::fdt::core::device:96] [32mFound excluded devices: ["/interrupt-controller@fe600000", "/serial@fd890000", "/serial@feb40000", "/serial@feb50000", "/serial@feb60000", "/serial@feb70000", "/serial@feb80000", "/serial@feb90000", "/serial@feba0000", "/serial@febb0000", "/serial@febc0000", "/timer", "/timer@feae0000", "/interrupt-controller@fe600000/msi-controller@fe640000", "/interrupt-controller@fe600000/msi-controller@fe660000"][m
[m[37m[216.093120 0:2 axvm::arch::aarch64::fdt::core::parser:57] [32mVM[2] generated-FDT passthrough paths: [][m
[m[37m[216.098083 0:2 axvm::arch::aarch64::fdt::core::parser:85] [32mVM[2] host-FDT PCI node path=/pcie@fe180000 name=pcie@fe180000 compatible=["rockchip,rk3588-pcie", "snps,dw-pcie"] reg=[(4262985728, Some(65536)), (44035997696, Some(4194304))] properties=[("compatible", 34), ("reg", 32), ("ranges", 112), ("interrupt-map", 96), ("interrupt-map-mask", 16), ("msi-map", 16), ("bus-range", 8)][m
[m[37m[216.101111 0:2 axvm::arch::aarch64::fdt::core::parser:85] [32mVM[2] host-FDT PCI node path=/pcie@fe180000/legacy-interrupt-controller name=legacy-interrupt-controller compatible=[] reg=[] properties=[][m
[m[37m[216.102749 0:2 axvm::arch::aarch64::fdt::core::parser:85] [32mVM[2] host-FDT PCI node path=/pcie@fe190000 name=pcie@fe190000 compatible=["rockchip,rk3588-pcie", "snps,dw-pcie"] reg=[(4263051264, Some(65536)), (44040192000, Some(4194304))] properties=[("compatible", 34), ("reg", 32), ("ranges", 112), ("interrupt-map", 96), ("interrupt-map-mask", 16), ("msi-map", 16), ("bus-range", 8)][m
[m[37m[216.105771 0:2 axvm::arch::aarch64::fdt::core::parser:85] [32mVM[2] host-FDT PCI node path=/pcie@fe190000/legacy-interrupt-controller name=legacy-interrupt-controller compatible=[] reg=[] properties=[][m
[m[37m[216.110996 0:2 axvm::arch::aarch64::fdt::core::parser:85] [32mVM[2] host-FDT PCI node path=/pinctrl/pcie20x1 name=pcie20x1 compatible=[] reg=[] properties=[][m
[m[37m[216.112291 0:2 axvm::arch::aarch64::fdt::core::parser:85] [32mVM[2] host-FDT PCI node path=/pinctrl/pcie20x1/pcie20x1m0-pins name=pcie20x1m0-pins compatible=[] reg=[] properties=[][m
[m[37m[216.113757 0:2 axvm::arch::aarch64::fdt::core::parser:85] [32mVM[2] host-FDT PCI node path=/pinctrl/pcie20x1/pcie20x1m1-pins name=pcie20x1m1-pins compatible=[] reg=[] properties=[][m
[m[37m[216.115222 0:2 axvm::arch::aarch64::fdt::core::parser:85] [32mVM[2] host-FDT PCI node path=/pinctrl/pcie20x1/pcie20x1-2-button-rstn name=pcie20x1-2-button-rstn compatible=[] reg=[] properties=[][m
[m[37m[216.116791 0:2 axvm::arch::aarch64::fdt::core::parser:85] [32mVM[2] host-FDT PCI node path=/pinctrl/pcie30phy name=pcie30phy compatible=[] reg=[] properties=[][m
[m[37m[216.118109 0:2 axvm::arch::aarch64::fdt::core::parser:85] [32mVM[2] host-FDT PCI node path=/pinctrl/pcie30phy/pcie30phy-pins name=pcie30phy-pins compatible=[] reg=[] properties=[][m
[m[37m[216.119566 0:2 axvm::arch::aarch64::fdt::core::parser:85] [32mVM[2] host-FDT PCI node path=/pinctrl/pcie30x1 name=pcie30x1 compatible=[] reg=[] properties=[][m
[m[37m[216.120858 0:2 axvm::arch::aarch64::fdt::core::parser:85] [32mVM[2] host-FDT PCI node path=/pinctrl/pcie30x1/pcie30x1m0-pins name=pcie30x1m0-pins compatible=[] reg=[] properties=[][m
[m[37m[216.122323 0:2 axvm::arch::aarch64::fdt::core::parser:85] [32mVM[2] host-FDT PCI node path=/pinctrl/pcie30x1/pcie30x1m1-pins name=pcie30x1m1-pins compatible=[] reg=[] properties=[][m
[m[37m[216.123788 0:2 axvm::arch::aarch64::fdt::core::parser:85] [32mVM[2] host-FDT PCI node path=/pinctrl/pcie30x1/pcie30x1m2-pins name=pcie30x1m2-pins compatible=[] reg=[] properties=[][m
[m[37m[216.125252 0:2 axvm::arch::aarch64::fdt::core::parser:85] [32mVM[2] host-FDT PCI node path=/pinctrl/pcie30x1/pcie30x1-0-button-rstn name=pcie30x1-0-button-rstn compatible=[] reg=[] properties=[][m
[m[37m[216.126822 0:2 axvm::arch::aarch64::fdt::core::parser:85] [32mVM[2] host-FDT PCI node path=/pinctrl/pcie30x1/pcie30x1-1-button-rstn name=pcie30x1-1-button-rstn compatible=[] reg=[] properties=[][m
[m[37m[216.128400 0:2 axvm::arch::aarch64::fdt::core::parser:85] [32mVM[2] host-FDT PCI node path=/pinctrl/pcie30x2 name=pcie30x2 compatible=[] reg=[] properties=[][m
[m[37m[216.129693 0:2 axvm::arch::aarch64::fdt::core::parser:85] [32mVM[2] host-FDT PCI node path=/pinctrl/pcie30x2/pcie30x2m0-pins name=pcie30x2m0-pins compatible=[] reg=[] properties=[][m
[m[37m[216.131158 0:2 axvm::arch::aarch64::fdt::core::parser:85] [32mVM[2] host-FDT PCI node path=/pinctrl/pcie30x2/pcie30x2m1-pins name=pcie30x2m1-pins compatible=[] reg=[] properties=[][m
[m[37m[216.132623 0:2 axvm::arch::aarch64::fdt::core::parser:85] [32mVM[2] host-FDT PCI node path=/pinctrl/pcie30x2/pcie30x2m2-pins name=pcie30x2m2-pins compatible=[] reg=[] properties=[][m
[m[37m[216.134087 0:2 axvm::arch::aarch64::fdt::core::parser:85] [32mVM[2] host-FDT PCI node path=/pinctrl/pcie30x2/pcie30x2m3-pins name=pcie30x2m3-pins compatible=[] reg=[] properties=[][m
[m[37m[216.135552 0:2 axvm::arch::aarch64::fdt::core::parser:85] [32mVM[2] host-FDT PCI node path=/pinctrl/pcie30x2/pcie30x2-button-rstn name=pcie30x2-button-rstn compatible=[] reg=[] properties=[][m
[m[37m[216.137100 0:2 axvm::arch::aarch64::fdt::core::parser:85] [32mVM[2] host-FDT PCI node path=/pinctrl/pcie30x4 name=pcie30x4 compatible=[] reg=[] properties=[][m
[m[37m[216.138393 0:2 axvm::arch::aarch64::fdt::core::parser:85] [32mVM[2] host-FDT PCI node path=/pinctrl/pcie30x4/pcie30x4m0-pins name=pcie30x4m0-pins compatible=[] reg=[] properties=[][m
[m[37m[216.139858 0:2 axvm::arch::aarch64::fdt::core::parser:85] [32mVM[2] host-FDT PCI node path=/pinctrl/pcie30x4/pcie30x4m1-pins name=pcie30x4m1-pins compatible=[] reg=[] properties=[][m
[m[37m[216.141323 0:2 axvm::arch::aarch64::fdt::core::parser:85] [32mVM[2] host-FDT PCI node path=/pinctrl/pcie30x4/pcie30x4m2-pins name=pcie30x4m2-pins compatible=[] reg=[] properties=[][m
[m[37m[216.142788 0:2 axvm::arch::aarch64::fdt::core::parser:85] [32mVM[2] host-FDT PCI node path=/pinctrl/pcie30x4/pcie30x4m3-pins name=pcie30x4m3-pins compatible=[] reg=[] properties=[][m
[m[37m[216.144252 0:2 axvm::arch::aarch64::fdt::core::parser:85] [32mVM[2] host-FDT PCI node path=/pinctrl/pcie30x4/pcie30x4-button-rstn name=pcie30x4-button-rstn compatible=[] reg=[] properties=[][m
[m[37m[216.148055 0:2 axvm::arch::aarch64::fdt::core::parser:85] [32mVM[2] host-FDT PCI node path=/pinctrl/wireless-wlan/pcie-wifi-gpio name=pcie-wifi-gpio compatible=[] reg=[] properties=[][m
[m[37m[216.149557 0:2 axvm::arch::aarch64::fdt::core::parser:85] [32mVM[2] host-FDT PCI node path=/pinctrl/pcie name=pcie compatible=[] reg=[] properties=[][m
[m[37m[216.150791 0:2 axvm::arch::aarch64::fdt::core::parser:85] [32mVM[2] host-FDT PCI node path=/pinctrl/pcie/pcie30x4-clkreqn-m1 name=pcie30x4-clkreqn-m1 compatible=[] reg=[] properties=[][m
[m[37m[216.152793 0:2 axvm::arch::aarch64::fdt::core::parser:85] [32mVM[2] host-FDT PCI node path=/pcie@fe150000 name=pcie@fe150000 compatible=["rockchip,rk3588-pcie", "snps,dw-pcie"] reg=[(4262789120, Some(65536)), (44023414784, Some(4194304))] properties=[("compatible", 34), ("reg", 32), ("ranges", 112), ("interrupt-map", 96), ("interrupt-map-mask", 16), ("msi-map", 16), ("bus-range", 8)][m
[m[37m[216.155818 0:2 axvm::arch::aarch64::fdt::core::parser:85] [32mVM[2] host-FDT PCI node path=/pcie@fe150000/legacy-interrupt-controller name=legacy-interrupt-controller compatible=[] reg=[] properties=[][m
[m[37m[216.157465 0:2 axvm::arch::aarch64::fdt::core::parser:85] [32mVM[2] host-FDT PCI node path=/pcie@fe160000 name=pcie@fe160000 compatible=["rockchip,rk3588-pcie", "snps,dw-pcie"] reg=[(4262854656, Some(65536)), (44027609088, Some(4194304))] properties=[("compatible", 34), ("reg", 32), ("ranges", 112), ("interrupt-map", 96), ("interrupt-map-mask", 16), ("msi-map", 16), ("bus-range", 8)][m
[m[37m[216.160489 0:2 axvm::arch::aarch64::fdt::core::parser:85] [32mVM[2] host-FDT PCI node path=/pcie@fe160000/legacy-interrupt-controller name=legacy-interrupt-controller compatible=[] reg=[] properties=[][m
[m[37m[216.162127 0:2 axvm::arch::aarch64::fdt::core::parser:85] [32mVM[2] host-FDT PCI node path=/pcie@fe170000 name=pcie@fe170000 compatible=["rockchip,rk3588-pcie", "snps,dw-pcie"] reg=[(4262920192, Some(65536)), (44031803392, Some(4194304))] properties=[("compatible", 34), ("reg", 32), ("ranges", 112), ("interrupt-map", 96), ("interrupt-map-mask", 16), ("msi-map", 16), ("bus-range", 8)][m
[m[37m[216.165150 0:2 axvm::arch::aarch64::fdt::core::parser:85] [32mVM[2] host-FDT PCI node path=/pcie@fe170000/legacy-interrupt-controller name=legacy-interrupt-controller compatible=[] reg=[] properties=[][m
[m[37m[216.167257 0:2 axvm::arch::aarch64::fdt::core::parser:85] [32mVM[2] host-FDT PCI node path=/pcie20-avdd0v85 name=pcie20-avdd0v85 compatible=["regulator-fixed"] reg=[] properties=[("compatible", 16)][m
[m[37m[216.168864 0:2 axvm::arch::aarch64::fdt::core::parser:85] [32mVM[2] host-FDT PCI node path=/pcie20-avdd1v8 name=pcie20-avdd1v8 compatible=["regulator-fixed"] reg=[] properties=[("compatible", 16)][m
[m[37m[216.170454 0:2 axvm::arch::aarch64::fdt::core::parser:85] [32mVM[2] host-FDT PCI node path=/pcie30-avdd0v75 name=pcie30-avdd0v75 compatible=["regulator-fixed"] reg=[] properties=[("compatible", 16)][m
[m[37m[216.172059 0:2 axvm::arch::aarch64::fdt::core::parser:85] [32mVM[2] host-FDT PCI node path=/pcie30-avdd1v8 name=pcie30-avdd1v8 compatible=["regulator-fixed"] reg=[] properties=[("compatible", 16)][m
[m[37m[216.173663 0:2 axvm::arch::aarch64::fdt::core::parser:85] [32mVM[2] host-FDT PCI node path=/vcc3v3-pcie30 name=vcc3v3-pcie30 compatible=["regulator-fixed"] reg=[] properties=[("compatible", 16)][m
[m[37m[216.189316 0:2 axvm::arch::aarch64::fdt::core::parser:98] [32mVM[2] generated guest-FDT bytes=1500[m
[m[37m[216.190550 0:2 axvm::arch::aarch64::fdt::core::parser:109] [32mVM[2] generated guest-FDT PCI paths: [][m
[m[37m[216.232789 0:2 axvm::arch::aarch64::fdt::core::device:96] [32mFound excluded devices: ["/interrupt-controller@fe600000", "/serial@fd890000", "/serial@feb40000", "/serial@feb50000", "/serial@feb60000", "/serial@feb70000", "/serial@feb80000", "/serial@feb90000", "/serial@feba0000", "/serial@febb0000", "/serial@febc0000", "/timer", "/timer@feae0000", "/interrupt-controller@fe600000/msi-controller@fe640000", "/interrupt-controller@fe600000/msi-controller@fe660000"][m
[m[37m[216.236630 0:2 axvisor::config:266] [32mCreating VM[2] "atk-task23-rtthread"[m
[m[37m[216.237878 0:2 axvm::vm:1133] [32mVM created: id=2[m
[m[37m[216.695744 0:2 axvisor::config:278] [32mVM[2] created success, loading images...[m
[m[37m[216.703005 0:2 axdevice::device:1232] [32mDeviceRuntime: registered device id=0[m
[m[37m[216.703706 0:2 axdevice::device:1232] [32mDeviceRuntime: registered device id=1[m
[m[37m[216.704409 0:2 axdevice::device:1232] [32mDeviceRuntime: registered device id=2[m
[m[37m[216.705114 0:2 axdevice::device:1232] [32mDeviceRuntime: registered device id=3[m
[m[37m[216.705878 0:2 axdevice::device:1232] [32mDeviceRuntime: registered device id=4[m
[m[37m[216.706639 0:2 axdevice::device:1232] [32mDeviceRuntime: registered device id=5[m
[m[37m[216.707414 0:2 axvm::vm::prepare:82] [32mVM setup: id=2[m
[m[37m[216.707978 0:2 axvm::runtime:73] [32mInitializing VMM...[m
[m[37m[216.708508 0:2 rsext4::ext4::sync:13] [32mSyncing filesystem...[m
[m[37m[216.716218 0:2 rsext4::ext4::sync:43] [32mFilesystem unmounted cleanly[m
[m[37m[216.717034 0:2 axvm::host::arceos:199] [32mReleased 1 host filesystem block IRQ registration(s) during shutdown[m
[m[37m[216.717972 0:2 axvisor::manager:119] [32mHost filesystem cleanly unmounted before guest passthrough devices start[m
[m[37m[216.718970 2:2 axvm::runtime:84] [32mVMM starting, booting VMs...[m
[m[37m[216.719565 2:2 axvm::vm:1365] [32mStarting VM[1][m
[m[37m[216.720038 2:2 axvm::runtime::vcpus:1058] [32mSpawning task for VM[1] VCpu[0][m
[m[37m[216.720739 2:2 axvm::runtime::vcpus:1077] [32mVCpu task Task(36, "VM[1]-VCpu[0]") created priority=89 cpumask: [0, ][m
[m[37m[216.723714 2:2 axvm::arch::aarch64::gic::physical:61] [32mregistered assigned AArch64 SPI route host_intid=105 guest_intid=105[m
[m[37m[216.724765 2:2 axvm::arch::aarch64::gic::physical:61] [32mregistered assigned AArch64 SPI route host_intid=126 guest_intid=126[m
[m[37m[216.725822 2:2 axvm::arch::aarch64::gic::physical:61] [32mregistered assigned AArch64 SPI route host_intid=125 guest_intid=125[m
[m[37m[216.726879 2:2 axvm::arch::aarch64::gic::physical:61] [32mregistered assigned AArch64 SPI route host_intid=124 guest_intid=124[m
[m[37m[216.727937 2:2 axvm::arch::aarch64::gic::physical:61] [32mregistered assigned AArch64 SPI route host_intid=252 guest_intid=252[m
[m[37m[216.728996 2:2 axvm::arch::aarch64::gic::physical:61] [32mregistered assigned AArch64 SPI route host_intid=247 guest_intid=247[m
[m[37m[216.730052 2:2 axvm::arch::aarch64::gic::physical:61] [32mregistered assigned AArch64 SPI route host_intid=248 guest_intid=248[m
[m[37m[216.731109 2:2 axvm::arch::aarch64::gic::physical:61] [32mregistered assigned AArch64 SPI route host_intid=250 guest_intid=250[m
[m[37m[216.732167 2:2 axvm::arch::aarch64::gic::physical:61] [32mregistered assigned AArch64 SPI route host_intid=251 guest_intid=251[m
[m[37m[216.733227 2:2 axvm::arch::aarch64::gic::physical:61] [32mregistered assigned AArch64 SPI route host_intid=401 guest_intid=401[m
[m[37m[216.734282 2:2 axvm::arch::aarch64::gic::physical:61] [32mregistered assigned AArch64 SPI route host_intid=403 guest_intid=403[m
[m[37m[216.735339 2:2 axvm::arch::aarch64::gic::physical:61] [32mregistered assigned AArch64 SPI route host_intid=406 guest_intid=406[m
[m[37m[216.736397 2:2 axvm::arch::aarch64::gic::physical:61] [32mregistered assigned AArch64 SPI route host_intid=399 guest_intid=399[m
[m[37m[216.737454 2:2 axvm::arch::aarch64::gic::physical:61] [32mregistered assigned AArch64 SPI route host_intid=413 guest_intid=413[m
[m[37m[216.738512 2:2 axvm::arch::aarch64::gic::physical:61] [32mregistered assigned AArch64 SPI route host_intid=415 guest_intid=415[m
[m[37m[216.739569 2:2 axvm::arch::aarch64::gic::physical:61] [32mregistered assigned AArch64 SPI route host_intid=418 guest_intid=418[m
[m[37m[216.740627 2:2 axvm::arch::aarch64::gic::physical:61] [32mregistered assigned AArch64 SPI route host_intid=411 guest_intid=411[m
[m[37m[216.741686 2:2 axvm::arch::aarch64::gic::physical:61] [32mregistered assigned AArch64 SPI route host_intid=254 guest_intid=254[m
[m[37m[216.742742 2:2 axvm::arch::aarch64::gic::physical:61] [32mregistered assigned AArch64 SPI route host_intid=425 guest_intid=425[m
[m[37m[216.743799 2:2 axvm::arch::aarch64::gic::physical:61] [32mregistered assigned AArch64 SPI route host_intid=423 guest_intid=423[m
[m[37m[216.744857 2:2 axvm::arch::aarch64::gic::physical:61] [32mregistered assigned AArch64 SPI route host_intid=424 guest_intid=424[m
[m[37m[216.745914 2:2 axvm::arch::aarch64::gic::physical:61] [32mregistered assigned AArch64 SPI route host_intid=349 guest_intid=349[m
[m[37m[216.746972 2:2 axvm::arch::aarch64::gic::physical:61] [32mregistered assigned AArch64 SPI route host_intid=376 guest_intid=376[m
[m[37m[216.748029 2:2 axvm::arch::aarch64::gic::physical:61] [32mregistered assigned AArch64 SPI route host_intid=377 guest_intid=377[m
[m[37m[216.749087 2:2 axvm::arch::aarch64::gic::physical:61] [32mregistered assigned AArch64 SPI route host_intid=142 guest_intid=142[m
[m[37m[216.750144 2:2 axvm::arch::aarch64::gic::physical:61] [32mregistered assigned AArch64 SPI route host_intid=143 guest_intid=143[m
[m[37m[216.751202 2:2 axvm::arch::aarch64::gic::physical:61] [32mregistered assigned AArch64 SPI route host_intid=144 guest_intid=144[m
[m[37m[216.752259 2:2 axvm::arch::aarch64::gic::physical:61] [32mregistered assigned AArch64 SPI route host_intid=152 guest_intid=152[m
[m[37m[216.753317 2:2 axvm::arch::aarch64::gic::physical:61] [32mregistered assigned AArch64 SPI route host_intid=151 guest_intid=151[m
[m[37m[216.754374 2:2 axvm::arch::aarch64::gic::physical:61] [32mregistered assigned AArch64 SPI route host_intid=150 guest_intid=150[m
[m[37m[216.755432 2:2 axvm::arch::aarch64::gic::physical:61] [32mregistered assigned AArch64 SPI route host_intid=146 guest_intid=146[m
[m[37m[216.756489 2:2 axvm::arch::aarch64::gic::physical:61] [32mregistered assigned AArch64 SPI route host_intid=147 guest_intid=147[m
[m[37m[216.757547 2:2 axvm::arch::aarch64::gic::physical:61] [32mregistered assigned AArch64 SPI route host_intid=148 guest_intid=148[m
[m[37m[216.758607 2:2 axvm::arch::aarch64::gic::physical:61] [32mregistered assigned AArch64 SPI route host_intid=161 guest_intid=161[m
[m[37m[216.759662 2:2 axvm::arch::aarch64::gic::physical:61] [32mregistered assigned AArch64 SPI route host_intid=162 guest_intid=162[m
[m[37m[216.760719 2:2 axvm::arch::aarch64::gic::physical:61] [32mregistered assigned AArch64 SPI route host_intid=154 guest_intid=154[m
[m[37m[216.761776 2:2 axvm::arch::aarch64::gic::physical:61] [32mregistered assigned AArch64 SPI route host_intid=153 guest_intid=153[m
[m[37m[216.762835 2:2 axvm::arch::aarch64::gic::physical:61] [32mregistered assigned AArch64 SPI route host_intid=156 guest_intid=156[m
[m[37m[216.763892 2:2 axvm::arch::aarch64::gic::physical:61] [32mregistered assigned AArch64 SPI route host_intid=155 guest_intid=155[m
[m[37m[216.764949 2:2 axvm::arch::aarch64::gic::physical:61] [32mregistered assigned AArch64 SPI route host_intid=158 guest_intid=158[m
[m[37m[216.766006 2:2 axvm::arch::aarch64::gic::physical:61] [32mregistered assigned AArch64 SPI route host_intid=157 guest_intid=157[m
[m[37m[216.767064 2:2 axvm::arch::aarch64::gic::physical:61] [32mregistered assigned AArch64 SPI route host_intid=160 guest_intid=160[m
[m[37m[216.768122 2:2 axvm::arch::aarch64::gic::physical:61] [32mregistered assigned AArch64 SPI route host_intid=159 guest_intid=159[m
[m[37m[216.769179 2:2 axvm::arch::aarch64::gic::physical:61] [32mregistered assigned AArch64 SPI route host_intid=149 guest_intid=149[m
[m[37m[216.770237 2:2 axvm::arch::aarch64::gic::physical:61] [32mregistered assigned AArch64 SPI route host_intid=133 guest_intid=133[m
[m[37m[216.771294 2:2 axvm::arch::aarch64::gic::physical:61] [32mregistered assigned AArch64 SPI route host_intid=131 guest_intid=131[m
[m[37m[216.772352 2:2 axvm::arch::aarch64::gic::physical:61] [32mregistered assigned AArch64 SPI route host_intid=132 guest_intid=132[m
[m[37m[216.773409 2:2 axvm::arch::aarch64::gic::physical:61] [32mregistered assigned AArch64 SPI route host_intid=136 guest_intid=136[m
[m[37m[216.774467 2:2 axvm::arch::aarch64::gic::physical:61] [32mregistered assigned AArch64 SPI route host_intid=134 guest_intid=134[m
[m[37m[216.775524 2:2 axvm::arch::aarch64::gic::physical:61] [32mregistered assigned AArch64 SPI route host_intid=135 guest_intid=135[m
[m[37m[216.776582 2:2 axvm::arch::aarch64::gic::physical:61] [32mregistered assigned AArch64 SPI route host_intid=127 guest_intid=127[m
[m[37m[216.777639 2:2 axvm::arch::aarch64::gic::physical:61] [32mregistered assigned AArch64 SPI route host_intid=128 guest_intid=128[m
[m[37m[216.778697 2:2 axvm::arch::aarch64::gic::physical:61] [32mregistered assigned AArch64 SPI route host_intid=129 guest_intid=129[m
[m[37m[216.779754 2:2 axvm::arch::aarch64::gic::physical:61] [32mregistered assigned AArch64 SPI route host_intid=130 guest_intid=130[m
[m[37m[216.780812 2:2 axvm::arch::aarch64::gic::physical:61] [32mregistered assigned AArch64 SPI route host_intid=140 guest_intid=140[m
[m[37m[216.781869 2:2 axvm::arch::aarch64::gic::physical:61] [32mregistered assigned AArch64 SPI route host_intid=139 guest_intid=139[m
[m[37m[216.782927 2:2 axvm::arch::aarch64::gic::physical:61] [32mregistered assigned AArch64 SPI route host_intid=138 guest_intid=138[m
[m[37m[216.783984 2:2 axvm::arch::aarch64::gic::physical:61] [32mregistered assigned AArch64 SPI route host_intid=141 guest_intid=141[m
[m[37m[216.785042 2:2 axvm::arch::aarch64::gic::physical:61] [32mregistered assigned AArch64 SPI route host_intid=167 guest_intid=167[m
[m[37m[216.786099 2:2 axvm::arch::aarch64::gic::physical:61] [32mregistered assigned AArch64 SPI route host_intid=169 guest_intid=169[m
[m[37m[216.787157 2:2 axvm::arch::aarch64::gic::physical:61] [32mregistered assigned AArch64 SPI route host_intid=170 guest_intid=170[m
[m[37m[216.788214 2:2 axvm::arch::aarch64::gic::physical:61] [32mregistered assigned AArch64 SPI route host_intid=163 guest_intid=163[m
[m[37m[216.789271 2:2 axvm::arch::aarch64::gic::physical:61] [32mregistered assigned AArch64 SPI route host_intid=165 guest_intid=165[m
[m[37m[216.790329 2:2 axvm::arch::aarch64::gic::physical:61] [32mregistered assigned AArch64 SPI route host_intid=166 guest_intid=166[m
[m[37m[216.791387 2:2 axvm::arch::aarch64::gic::physical:61] [32mregistered assigned AArch64 SPI route host_intid=164 guest_intid=164[m
[m[37m[216.792448 2:2 axvm::arch::aarch64::gic::physical:61] [32mregistered assigned AArch64 SPI route host_intid=168 guest_intid=168[m
[m[37m[216.793502 2:2 axvm::arch::aarch64::gic::physical:61] [32mregistered assigned AArch64 SPI route host_intid=171 guest_intid=171[m
[m[37m[216.794559 2:2 axvm::arch::aarch64::gic::physical:61] [32mregistered assigned AArch64 SPI route host_intid=172 guest_intid=172[m
[m[37m[216.795616 2:2 axvm::arch::aarch64::gic::physical:61] [32mregistered assigned AArch64 SPI route host_intid=173 guest_intid=173[m
[m[37m[216.796674 2:2 axvm::arch::aarch64::gic::physical:61] [32mregistered assigned AArch64 SPI route host_intid=174 guest_intid=174[m
[m[37m[216.797732 2:2 axvm::arch::aarch64::gic::physical:61] [32mregistered assigned AArch64 SPI route host_intid=187 guest_intid=187[m
[m[37m[216.798789 2:2 axvm::arch::aarch64::gic::physical:61] [32mregistered assigned AArch64 SPI route host_intid=145 guest_intid=145[m
[m[37m[216.799847 2:2 axvm::arch::aarch64::gic::physical:61] [32mregistered assigned AArch64 SPI route host_intid=175 guest_intid=175[m
[m[37m[216.800904 2:2 axvm::arch::aarch64::gic::physical:61] [32mregistered assigned AArch64 SPI route host_intid=176 guest_intid=176[m
[m[37m[216.801962 2:2 axvm::arch::aarch64::gic::physical:61] [32mregistered assigned AArch64 SPI route host_intid=177 guest_intid=177[m
[m[37m[216.803019 2:2 axvm::arch::aarch64::gic::physical:61] [32mregistered assigned AArch64 SPI route host_intid=178 guest_intid=178[m
[m[37m[216.804076 2:2 axvm::arch::aarch64::gic::physical:61] [32mregistered assigned AArch64 SPI route host_intid=179 guest_intid=179[m
[m[37m[216.805134 2:2 axvm::arch::aarch64::gic::physical:61] [32mregistered assigned AArch64 SPI route host_intid=180 guest_intid=180[m
[m[37m[216.806192 2:2 axvm::arch::aarch64::gic::physical:61] [32mregistered assigned AArch64 SPI route host_intid=181 guest_intid=181[m
[m[37m[216.807249 2:2 axvm::arch::aarch64::gic::physical:61] [32mregistered assigned AArch64 SPI route host_intid=182 guest_intid=182[m
[m[37m[216.808307 2:2 axvm::arch::aarch64::gic::physical:61] [32mregistered assigned AArch64 SPI route host_intid=183 guest_intid=183[m
[m[37m[216.809364 2:2 axvm::arch::aarch64::gic::physical:61] [32mregistered assigned AArch64 SPI route host_intid=184 guest_intid=184[m
[m[37m[216.810422 2:2 axvm::arch::aarch64::gic::physical:61] [32mregistered assigned AArch64 SPI route host_intid=185 guest_intid=185[m
[m[37m[216.811479 2:2 axvm::arch::aarch64::gic::physical:61] [32mregistered assigned AArch64 SPI route host_intid=186 guest_intid=186[m
[m[37m[216.812537 2:2 axvm::arch::aarch64::gic::physical:61] [32mregistered assigned AArch64 SPI route host_intid=188 guest_intid=188[m
[m[37m[216.813594 2:2 axvm::arch::aarch64::gic::physical:61] [32mregistered assigned AArch64 SPI route host_intid=227 guest_intid=227[m
[m[37m[216.814652 2:2 axvm::arch::aarch64::gic::physical:61] [32mregistered assigned AArch64 SPI route host_intid=216 guest_intid=216[m
[m[37m[216.815709 2:2 axvm::arch::aarch64::gic::physical:61] [32mregistered assigned AArch64 SPI route host_intid=228 guest_intid=228[m
[m[37m[216.816767 2:2 axvm::arch::aarch64::gic::physical:61] [32mregistered assigned AArch64 SPI route host_intid=217 guest_intid=217[m
[m[37m[216.817824 2:2 axvm::arch::aarch64::gic::physical:61] [32mregistered assigned AArch64 SPI route host_intid=221 guest_intid=221[m
[m[37m[216.818882 2:2 axvm::arch::aarch64::gic::physical:61] [32mregistered assigned AArch64 SPI route host_intid=231 guest_intid=231[m
[m[37m[216.819939 2:2 axvm::arch::aarch64::gic::physical:61] [32mregistered assigned AArch64 SPI route host_intid=199 guest_intid=199[m
[m[37m[216.820997 2:2 axvm::arch::aarch64::gic::physical:61] [32mregistered assigned AArch64 SPI route host_intid=200 guest_intid=200[m
[m[37m[216.822054 2:2 axvm::arch::aarch64::gic::physical:61] [32mregistered assigned AArch64 SPI route host_intid=191 guest_intid=191[m
[m[37m[216.823112 2:2 axvm::arch::aarch64::gic::physical:61] [32mregistered assigned AArch64 SPI route host_intid=193 guest_intid=193[m
[m[37m[216.824169 2:2 axvm::arch::aarch64::gic::physical:61] [32mregistered assigned AArch64 SPI route host_intid=192 guest_intid=192[m
[m[37m[216.825227 2:2 axvm::arch::aarch64::gic::physical:61] [32mregistered assigned AArch64 SPI route host_intid=201 guest_intid=201[m
[m[37m[216.826284 2:2 axvm::arch::aarch64::gic::physical:61] [32mregistered assigned AArch64 SPI route host_intid=202 guest_intid=202[m
[m[37m[216.827342 2:2 axvm::arch::aarch64::gic::physical:61] [32mregistered assigned AArch64 SPI route host_intid=203 guest_intid=203[m
[m[37m[216.828399 2:2 axvm::arch::aarch64::gic::physical:61] [32mregistered assigned AArch64 SPI route host_intid=204 guest_intid=204[m
[m[37m[216.829457 2:2 axvm::arch::aarch64::gic::physical:61] [32mregistered assigned AArch64 SPI route host_intid=392 guest_intid=392[m
[m[37m[216.830514 2:2 axvm::arch::aarch64::gic::physical:61] [32mregistered assigned AArch64 SPI route host_intid=195 guest_intid=195[m
[m[37m[216.831572 2:2 axvm::arch::aarch64::gic::physical:61] [32mregistered assigned AArch64 SPI route host_intid=305 guest_intid=305[m
[m[37m[216.832629 2:2 axvm::arch::aarch64::gic::physical:61] [32mregistered assigned AArch64 SPI route host_intid=307 guest_intid=307[m
[m[37m[216.833687 2:2 axvm::arch::aarch64::gic::physical:61] [32mregistered assigned AArch64 SPI route host_intid=238 guest_intid=238[m
[m[37m[216.834744 2:2 axvm::arch::aarch64::gic::physical:61] [32mregistered assigned AArch64 SPI route host_intid=235 guest_intid=235[m
[m[37m[216.835801 2:2 axvm::arch::aarch64::gic::physical:61] [32mregistered assigned AArch64 SPI route host_intid=236 guest_intid=236[m
[m[37m[216.836859 2:2 axvm::arch::aarch64::gic::physical:61] [32mregistered assigned AArch64 SPI route host_intid=237 guest_intid=237[m
[m[37m[216.837917 2:2 axvm::arch::aarch64::gic::physical:61] [32mregistered assigned AArch64 SPI route host_intid=241 guest_intid=241[m
[m[37m[216.838974 2:2 axvm::arch::aarch64::gic::physical:61] [32mregistered assigned AArch64 SPI route host_intid=432 guest_intid=432[m
[m[37m[216.840032 2:2 axvm::arch::aarch64::gic::physical:61] [32mregistered assigned AArch64 SPI route host_intid=212 guest_intid=212[m
[m[37m[216.841089 2:2 axvm::arch::aarch64::gic::physical:61] [32mregistered assigned AArch64 SPI route host_intid=213 guest_intid=213[m
[m[37m[216.842147 2:2 axvm::arch::aarch64::gic::physical:61] [32mregistered assigned AArch64 SPI route host_intid=214 guest_intid=214[m
[m[37m[216.843204 2:2 axvm::arch::aarch64::gic::physical:61] [32mregistered assigned AArch64 SPI route host_intid=215 guest_intid=215[m
[m[37m[216.844262 2:2 axvm::arch::aarch64::gic::physical:61] [32mregistered assigned AArch64 SPI route host_intid=234 guest_intid=234[m
[m[37m[216.845319 2:2 axvm::arch::aarch64::gic::physical:61] [32mregistered assigned AArch64 SPI route host_intid=225 guest_intid=225[m
[m[37m[216.846377 2:2 axvm::arch::aarch64::gic::physical:61] [32mregistered assigned AArch64 SPI route host_intid=226 guest_intid=226[m
[m[37m[216.847434 2:2 axvm::arch::aarch64::gic::physical:61] [32mregistered assigned AArch64 SPI route host_intid=118 guest_intid=118[m
[m[37m[216.848491 2:2 axvm::arch::aarch64::gic::physical:61] [32mregistered assigned AArch64 SPI route host_intid=119 guest_intid=119[m
[m[37m[216.849549 2:2 axvm::arch::aarch64::gic::physical:61] [32mregistered assigned AArch64 SPI route host_intid=120 guest_intid=120[m
[m[37m[216.850607 2:2 axvm::arch::aarch64::gic::physical:61] [32mregistered assigned AArch64 SPI route host_intid=121 guest_intid=121[m
[m[37m[216.851664 2:2 axvm::arch::aarch64::gic::physical:61] [32mregistered assigned AArch64 SPI route host_intid=373 guest_intid=373[m
[m[37m[216.852722 2:2 axvm::arch::aarch64::gic::physical:61] [32mregistered assigned AArch64 SPI route host_intid=374 guest_intid=374[m
[m[37m[216.853779 2:2 axvm::arch::aarch64::gic::physical:61] [32mregistered assigned AArch64 SPI route host_intid=375 guest_intid=375[m
[m[37m[216.854836 2:2 axvm::arch::aarch64::gic::physical:61] [32mregistered assigned AArch64 SPI route host_intid=117 guest_intid=117[m
[m[37m[216.855894 2:2 axvm::arch::aarch64::gic::physical:61] [32mregistered assigned AArch64 SPI route host_intid=350 guest_intid=350[m
[m[37m[216.856952 2:2 axvm::arch::aarch64::gic::physical:61] [32mregistered assigned AArch64 SPI route host_intid=351 guest_intid=351[m
[m[37m[216.858009 2:2 axvm::arch::aarch64::gic::physical:61] [32mregistered assigned AArch64 SPI route host_intid=352 guest_intid=352[m
[m[37m[216.859067 2:2 axvm::arch::aarch64::gic::physical:61] [32mregistered assigned AArch64 SPI route host_intid=353 guest_intid=353[m
[m[37m[216.860131 2:2 axvm::arch::aarch64::gic::physical:61] [32mregistered assigned AArch64 SPI route host_intid=354 guest_intid=354[m
[m[37m[216.861182 2:2 axvm::arch::aarch64::gic::physical:61] [32mregistered assigned AArch64 SPI route host_intid=347 guest_intid=347[m
[m[37m[216.862239 2:2 axvm::arch::aarch64::gic::physical:61] [32mregistered assigned AArch64 SPI route host_intid=358 guest_intid=358[m
[m[37m[216.863297 2:2 axvm::arch::aarch64::gic::physical:61] [32mregistered assigned AArch64 SPI route host_intid=359 guest_intid=359[m
[m[37m[216.864354 2:2 axvm::arch::aarch64::gic::physical:61] [32mregistered assigned AArch64 SPI route host_intid=360 guest_intid=360[m
[m[37m[216.865411 2:2 axvm::arch::aarch64::gic::physical:61] [32mregistered assigned AArch64 SPI route host_intid=361 guest_intid=361[m
[m[37m[216.866469 2:2 axvm::arch::aarch64::gic::physical:61] [32mregistered assigned AArch64 SPI route host_intid=378 guest_intid=378[m
[m[37m[216.867527 2:2 axvm::arch::aarch64::gic::physical:61] [32mregistered assigned AArch64 SPI route host_intid=379 guest_intid=379[m
[m[37m[216.868584 2:2 axvm::arch::aarch64::gic::physical:61] [32mregistered assigned AArch64 SPI route host_intid=380 guest_intid=380[m
[m[37m[216.869641 2:2 axvm::arch::aarch64::gic::physical:61] [32mregistered assigned AArch64 SPI route host_intid=381 guest_intid=381[m
[m[37m[216.870699 2:2 axvm::arch::aarch64::gic::physical:61] [32mregistered assigned AArch64 SPI route host_intid=382 guest_intid=382[m
[m[37m[216.871757 2:2 axvm::arch::aarch64::gic::physical:61] [32mregistered assigned AArch64 SPI route host_intid=383 guest_intid=383[m
[m[37m[216.872814 2:2 axvm::arch::aarch64::gic::physical:61] [32mregistered assigned AArch64 SPI route host_intid=429 guest_intid=429[m
[m[37m[216.873872 2:2 axvm::arch::aarch64::gic::physical:61] [32mregistered assigned AArch64 SPI route host_intid=430 guest_intid=430[m
[m[37m[216.874929 2:2 axvm::arch::aarch64::gic::physical:61] [32mregistered assigned AArch64 SPI route host_intid=93 guest_intid=93[m
[m[37m[216.875971 2:2 axvm::arch::aarch64::gic::physical:61] [32mregistered assigned AArch64 SPI route host_intid=94 guest_intid=94[m
[m[37m[216.877014 2:2 axvm::arch::aarch64::gic::physical:61] [32mregistered assigned AArch64 SPI route host_intid=95 guest_intid=95[m
[m[37m[216.878057 2:2 axvm::arch::aarch64::gic::physical:61] [32mregistered assigned AArch64 SPI route host_intid=96 guest_intid=96[m
[m[37m[216.879099 2:2 axvm::arch::aarch64::gic::physical:61] [32mregistered assigned AArch64 SPI route host_intid=101 guest_intid=101[m
[m[37m[216.880157 2:2 axvm::arch::aarch64::gic::physical:61] [32mregistered assigned AArch64 SPI route host_intid=102 guest_intid=102[m
[m[37m[216.881214 2:2 axvm::arch::aarch64::gic::physical:61] [32mregistered assigned AArch64 SPI route host_intid=103 guest_intid=103[m
[m[37m[216.882271 2:2 axvm::arch::aarch64::gic::physical:61] [32mregistered assigned AArch64 SPI route host_intid=104 guest_intid=104[m
[m[37m[216.883329 2:2 axvm::arch::aarch64::gic::physical:61] [32mregistered assigned AArch64 SPI route host_intid=355 guest_intid=355[m
[m[37m[216.884387 2:2 axvm::arch::aarch64::gic::physical:61] [32mregistered assigned AArch64 SPI route host_intid=356 guest_intid=356[m
[m[37m[216.885444 2:2 axvm::arch::aarch64::gic::physical:61] [32mregistered assigned AArch64 SPI route host_intid=357 guest_intid=357[m
[m[37m[216.886501 2:2 axvm::arch::aarch64::gic::physical:61] [32mregistered assigned AArch64 SPI route host_intid=362 guest_intid=362[m
[m[37m[216.887559 2:2 axvm::arch::aarch64::gic::physical:61] [32mregistered assigned AArch64 SPI route host_intid=109 guest_intid=109[m
[m[37m[216.888617 2:2 axvm::arch::aarch64::gic::physical:61] [32mregistered assigned AArch64 SPI route host_intid=110 guest_intid=110[m
[m[37m[216.889675 2:2 axvm::arch::aarch64::gic::physical:61] [32mregistered assigned AArch64 SPI route host_intid=111 guest_intid=111[m
[m[37m[216.890732 2:2 axvm::arch::aarch64::gic::physical:61] [32mregistered assigned AArch64 SPI route host_intid=112 guest_intid=112[m
[m[37m[216.891789 2:2 axvm::arch::aarch64::gic::physical:61] [32mregistered assigned AArch64 SPI route host_intid=122 guest_intid=122[m
[m[37m[216.892846 2:2 axvm::arch::aarch64::gic::physical:61] [32mregistered assigned AArch64 SPI route host_intid=123 guest_intid=123[m
[m[37m[216.893905 2:2 axvm::arch::aarch64::gic::physical:61] [32mregistered assigned AArch64 SPI route host_intid=309 guest_intid=309[m
[m[37m[216.894962 2:2 axvm::arch::aarch64::gic::physical:61] [32mregistered assigned AArch64 SPI route host_intid=310 guest_intid=310[m
[m[37m[216.896019 2:2 axvm::arch::aarch64::gic::physical:61] [32mregistered assigned AArch64 SPI route host_intid=311 guest_intid=311[m
[m[37m[216.897077 2:2 axvm::arch::aarch64::gic::physical:61] [32mregistered assigned AArch64 SPI route host_intid=312 guest_intid=312[m
[m[37m[216.898134 2:2 axvm::arch::aarch64::gic::physical:61] [32mregistered assigned AArch64 SPI route host_intid=313 guest_intid=313[m
[m[37m[216.899192 2:2 axvm::arch::aarch64::gic::physical:61] [32mregistered assigned AArch64 SPI route host_intid=253 guest_intid=253[m
[m[37m[216.900249 2:2 axvm::arch::aarch64::gic::physical:61] [32mregistered assigned AArch64 SPI route host_intid=426 guest_intid=426[m
[m[37m[216.901307 2:2 axvm::arch::aarch64::gic::physical:61] [32mregistered assigned AArch64 SPI route host_intid=230 guest_intid=230[m
[m[37m[216.902364 2:2 axvm::arch::aarch64::gic::physical:61] [32mregistered assigned AArch64 SPI route host_intid=220 guest_intid=220[m
[m[37m[216.903422 2:2 axvm::arch::aarch64::gic::physical:61] [32mregistered assigned AArch64 SPI route host_intid=229 guest_intid=229[m
[m[37m[216.904479 2:2 axvm::arch::aarch64::gic::physical:61] [32mregistered assigned AArch64 SPI route host_intid=218 guest_intid=218[m
[m[37m[216.905537 2:2 axvm::arch::aarch64::gic::physical:61] [32mregistered assigned AArch64 SPI route host_intid=219 guest_intid=219[m
[m[37m[216.906594 2:2 axvm::arch::aarch64::gic::physical:61] [32mregistered assigned AArch64 SPI route host_intid=222 guest_intid=222[m
[m[37m[216.907651 2:2 axvm::arch::aarch64::gic::physical:61] [32mregistered assigned AArch64 SPI route host_intid=232 guest_intid=232[m
[m[37m[216.908709 2:2 axvm::arch::aarch64::gic::physical:61] [32mregistered assigned AArch64 SPI route host_intid=233 guest_intid=233[m
[m[37m[216.909767 2:2 axvm::arch::aarch64::gic::physical:61] [32mregistered assigned AArch64 SPI route host_intid=194 guest_intid=194[m
[m[37m[216.910824 2:2 axvm::arch::aarch64::gic::physical:61] [32mregistered assigned AArch64 SPI route host_intid=205 guest_intid=205[m
[m[37m[216.911882 2:2 axvm::arch::aarch64::gic::physical:61] [32mregistered assigned AArch64 SPI route host_intid=206 guest_intid=206[m
[m[37m[216.912939 2:2 axvm::arch::aarch64::gic::physical:61] [32mregistered assigned AArch64 SPI route host_intid=207 guest_intid=207[m
[m[37m[216.913997 2:2 axvm::arch::aarch64::gic::physical:61] [32mregistered assigned AArch64 SPI route host_intid=208 guest_intid=208[m
[m[37m[216.915054 2:2 axvm::arch::aarch64::gic::physical:61] [32mregistered assigned AArch64 SPI route host_intid=393 guest_intid=393[m
[m[37m[216.916111 2:2 axvm::arch::aarch64::gic::physical:61] [32mregistered assigned AArch64 SPI route host_intid=196 guest_intid=196[m
[m[37m[216.917169 2:2 axvm::arch::aarch64::gic::physical:61] [32mregistered assigned AArch64 SPI route host_intid=209 guest_intid=209[m
[m[37m[216.918227 2:2 axvm::arch::aarch64::gic::physical:61] [32mregistered assigned AArch64 SPI route host_intid=468 guest_intid=468[m
[m[37m[216.919284 2:2 axvm::arch::aarch64::gic::physical:61] [32mregistered assigned AArch64 SPI route host_intid=211 guest_intid=211[m
[m[37m[216.920342 2:2 axvm::arch::aarch64::gic::physical:61] [32mregistered assigned AArch64 SPI route host_intid=259 guest_intid=259[m
[m[37m[216.921399 2:2 axvm::arch::aarch64::gic::physical:61] [32mregistered assigned AArch64 SPI route host_intid=258 guest_intid=258[m
[m[37m[216.922457 2:2 axvm::arch::aarch64::gic::physical:61] [32mregistered assigned AArch64 SPI route host_intid=266 guest_intid=266[m
[m[37m[216.923514 2:2 axvm::arch::aarch64::gic::physical:61] [32mregistered assigned AArch64 SPI route host_intid=265 guest_intid=265[m
[m[37m[216.924572 2:2 axvm::arch::aarch64::gic::physical:61] [32mregistered assigned AArch64 SPI route host_intid=306 guest_intid=306[m
[m[37m[216.925629 2:2 axvm::arch::aarch64::gic::physical:61] [32mregistered assigned AArch64 SPI route host_intid=455 guest_intid=455[m
[m[37m[216.926735 2:2 axvm::runtime:92] [32mVM[1] boot success[m
[m[37m[216.926738 0:36 axvm::runtime::vcpus:1132] [32mVM[1] VCpu[0] waiting for running[m
[m[37m[216.927251 2:2 axvm::vm:1365] [32mStarting VM[2][m
[m[37m[216.927975 0:36 axvm::runtime::vcpus:1170] [32mVM[1] VCpu[0] running...[m
[m[37m[216.928438 2:2 axvm::runtime::vcpus:1058] [32mSpawning task for VM[2] VCpu[0][m
[m[37m[216.929783 2:2 axvm::runtime::vcpus:1077] [32mVCpu task Task(38, "VM[2]-VCpu[0]") created priority=90 cpumask: [1, ][m
[m[37m[216.930802 2:2 axvm::runtime:92] [32mVM[2] boot success[m
[m[37m[216.930808 1:38 axvm::runtime::vcpus:1132] [32mVM[2] VCpu[0] waiting for running[m
[m[37m[216.931355 2:2 axvisor:115] [32m[OK] Default guest initialized[m
[m[37m[216.932040 1:38 axvm::runtime::vcpus:1170] [32mVM[2] VCpu[0] running...[m
[m[VM 2] [32m[I/rtdm.ofw] Booting RT-Thread on physical CPU 0x0[0m
[VM 2] [32m[I/rtdm.ofw] Machine model: ATK-DLRK3588 Board[0m
[VM 2] [32m[I/rtdm.ofw] Memory node(0) ranges: 0x00000000a0000000 - 0x00000000c0000000[0m
[VM 2] [32m[I/dma.pool] coherent-pool: Reserved 2.0 MiB at 0x00000000bf600000[0m
[VM 2] [32m[I/dma.pool] cma: Reserved 6.0 MiB at 0x00000000bf800000[0m
[VM 2] [32m[I/mm.memblock] System memory:[0m
[VM 2] [32m[I/mm.memblock]   memory@a0000000          [0x00000000a0000000, 0x00000000c0000000][0m
[VM 2] [32m[I/mm.memblock] Reserved memory:[0m
[VM 2] [32m[I/mm.memblock]   kernel                   [0x00000000a0080000, 0x00000000a0230000][0m
[VM 2] [32m[I/mm.memblock]   memheap                  [0x00000000a0230000, 0x00000000a4230000][0m
[VM 2] [32m[I/mm.memblock]   init-page                [0x00000000a4230000, 0x00000000a4430000][0m
[VM 2] [32m[I/mm.memblock]   fdt                      [0x00000000a4430000, 0x00000000a4431000][0m
[VM 2] [32m[I/mm.memblock]   dma-pool                 [0x00000000bf600000, 0x00000000c0000000][0m
[VM 2] [32m[I/mm.memblock] physical memory region [0x00000000a0000000-0x00000000a0080000] installed to system page[0m
[VM 2] [33m[W/mm.aspace] _mm_aspace_map_phy: not in range[0m
[VM 2] [32m[I/mm.memblock] physical memory region [0x00000000a4431000-0x00000000bf600000] installed to system page[0m
[VM 2] [32m[I/mm.memblock] 454 MB memory installed to system page[0m
[VM 2] [32m[I/osi.psci] Using PSCI v1.1 Function IDs[0m
[VM 2] [32m[I/rtdm.ofw] Console: uart0 (pl011@9000000)[0m
[VM 2] 
[VM 2]  \ | /
[VM 2] - RT -     Thread Operating System
[VM 2]  / | \     5.3.0 build Aug 23 2026 15:35:09
[VM 2]  2006 - 2024 Copyright by RT-Thread team
[VM 2] lwIP-2.0.3 initialized!
[VM 2] [32m[I/sal.skt] Socket Abstraction Layer initialize success.[0m
[VM 2] [32m[I/rtdm.mnt] File system initialization done[0m
[VM 2] TASK2_MAIN_START
[VM 2] TASK2_SOCKET_CREATE
[VM 2] TASK2_SOCKET_CREATED fd=4
[VM 2] TASK2_NET_CONFIGURED interface=virtio-net ip=10.0.42.2/24
[VM 2] TASK2_REA[37mDY role[21=mana7.0ged 929loca11l=10 0:.0.436 a2.2xvi:42sor42 p::vieerrti=10o_n.0.et:42.1625]5:4 [24233mv
irtio-net drops an ingress frame: NotReady[m
[m[37m[217.185413 0:36 axvisor::virtio_net:625] [33mvirtio-net drops an ingress frame: NotReady[m
[m[VM 1] console=ttyS2
[VM 1] VM Load @PA:0x40000000
[VM 1] VM Load Offset: 0xc0000000
[37m[217.581547 0:36 axvisor::virtio_net:625] [33mvirtio-net drops an ingress frame: NotReady[m
[m[VM 1] Memory Map:
[VM 1]   Rsv    0x00000000110000 - 0x00000000200000 (960 KiB)
[VM 1]   Rsv    0x00000010000000 - 0x00000018000000 (128 MiB)
[VM 1]   KImg   0x00000040000000 - 0x00000041000000 (16 MiB)
[VM 1]   Free   0x00000041000000 - 0x0000007c000000 (944 MiB)
[VM 1]   Rsv    0x0000007c000000 - 0x0000007da22000 (26.13 MiB)
[VM 1]   Free   0x0000007da22000 - 0x00000080000000 (37.87 MiB)
[VM 1]   Rsv    0x000000edf00000 - 0x000000ee006000 (1.02 MiB)
[VM 1] Initialize RAM allocator: 0x41000000..0x7c000000
[VM 1] Reserving CPU-local areas
[VM 1] CPU-local area stride: 0x41000 bytes
[VM 1] Total CPU-local allocation: 0x41000 bytes (1 CPUs)
[VM 1] Flushed RAM used range to memory map: 0x41000000..0x41044000, current: 0x41044000
[VM 1] Flushed RAM used range to memory map: 0x41044000..0x41085000, current: 0x41085000
[VM 1] CPU-local areas allocated at 0x41044000 - 0x41085000
[VM 1] EL: 1
[VM 1] Mapping early memory regions...
[VM 1] Ram                 : [0xffff000040000000, 0xffff000080000000) -> [0x0000000040000000, 0x0000000080000000) (1 GiB)
[VM 1] KImage              : [0xffffffff80000000, 0xffffffff81000000) -> [0x0000000040000000, 0x0000000041000000) (16 MiB)
[VM 1] PerCpu              : [0xffffff0041044000, 0xffffff0041085000) -> [0x0000000041044000, 0x0000000041085000) (260 KiB)
[VM 1] Debug serial        : [0xffff0000feb50000, 0xffff0000feb51000) -> [0x00000000feb50000, 0x00000000feb51000) (4 KiB)
[VM 1] Boot page table at physical address: PA:0x41085000
[VM 1] Setting up table registers...
[VM 1] MMU Entry point at physical address: 0x4039d140
[VM 1] Trap vector at 0xffffffff8039a800
[VM 1] Memory Map:
[VM 1]   Rsv    0x00000000110000 - 0x00000000200000 (960 KiB)
[VM 1]   Rsv    0x00000010000000 - 0x00000018000000 (128 MiB)
[VM 1]   KImg   0x00000040000000 - 0x00000041000000 (16 MiB)
[VM 1]   Rsv    0x00000041000000 - 0x00000041044000 (272 KiB)
[VM 1]   PerCPU 0x00000041044000 - 0x00000041085000 (260 KiB)
[VM 1]   Rsv    0x00000041085000 - 0x0000004108e000 (36 KiB)
[VM 1]   Free   0x0000004108e000 - 0x0000007c000000 (943.45 MiB)
[VM 1]   Rsv    0x0000007c000000 - 0x0000007da22000 (26.13 MiB)
[VM 1]   Free   0x0000007da22000 - 0x00000080000000 (37.87 MiB)
[VM 1]   Rsv    0x000000edf00000 - 0x000000ee006000 (1.02 MiB)
[VM 1]   MMIO   0x000000feb50000 - 0x000000feb51000 (4 KiB)
[VM 1] Jumping to main entry point at 0xffffffff80381534 with SP 0xffffff0041085000
[VM 1] 
[VM 1]        d8888                            .d88888b.   .d8888b.
[VM 1]       d88888                           d88P" "Y88b d88P  Y88b
[VM 1]      d88P888                           888     888 Y88b.
[VM 1]     d88P 888 888d888  .d8888b  .d88b.  888     888  "Y888b.
[VM 1]    d88P  888 888P"   d88P"    d8P  Y8b 888     888     "Y88b.
[VM 1]   d88P   888 888     888      88888888 888     888       "888
[VM 1]  d8888888888 888     Y88b.    Y8b.     Y88b. .d88P Y88b  d88P
[VM 1] d88P     888 888      "Y8888P  "Y8888   "Y88888P"   "Y8888P"
[VM 1] 
[VM 1] arch = aarch64
[VM 1] platform = ATK-DLRK3588 Board
[VM 1] target = aarch64-unknown-none-softfloat
[VM 1] build_mode = 
[VM 1] log_level = info
[VM 1] backtrace = false
[VM 1] smp = 1
[VM 1] 
[VM 1] [37m[  2.445024 ax_runtime:220] [32mLogging is enabled.[m
[VM 1] [m[37m[  2.448803 ax_runtime:221] [32mPrimary CPU 0 started, arg = 0x41000000.[m
[VM 1] [m[37m[  2.453799 ax_runtime:223] [32mFound physcial memory regions:[m
[VM 1] [m[37m[  2.458172 ax_runtime:225] [32m  [PA:0x110000, PA:0x200000) reserved (READ | WRITE | EXECUTE | RESERVED)[m
[VM 1] [m[37m[  2.465065 ax_runtime:225] [32m  [PA:0x10000000, PA:0x18000000) reserved (READ | WRITE | EXECUTE | RESERVED)[m
[VM 1] [m[37m[  2.472115 ax_runtime:225] [32m  [PA:0x40000000, PA:0x41000000) reserved (READ | WRITE | EXECUTE | RESERVED)[m
[VM 1] [m[37m[  2.479187 ax_runtime:225] [32m  [PA:0x41000000, PA:0x41044000) reserved (READ | WRITE | EXECUTE | RESERVED)[m
[VM 1] [m[37m[  2.486288 ax_runtime:225] [32m  [PA:0x41044000, PA:0x41085000) reserved (READ | WRITE | EXECUTE | RESERVED)[m
[VM 1] [m[37m[  2.493342 ax_runtime:225] [32m  [PA:0x41085000, PA:0x4108e000) reserved (READ | WRITE | EXECUTE | RESERVED)[m
[VM 1] [m[37m[  2.500407 ax_runtime:225] [32m  [PA:0x4108e000, PA:0x7c000000) free memory (READ | WRITE | FREE)[m
[VM 1] [m[37m[  2.506858 ax_runtime:225] [32m  [PA:0x7c000000, PA:0x7da22000) reserved (READ | WRITE | EXECUTE | RESERVED)[m
[37m[218.089632 0:36 axvisor::virtio_net:625] [33mvirtio-net drops an ingress frame: NotReady[m
[m[VM 1] [m[37m[  2.513925 ax_runtime:225] [32m  [PA:0x7da22000, PA:0x80000000) free memory (READ | WRITE | FREE)[m
[VM 1] [m[37m[  2.521141 ax_runtime:225] [32m  [PA:0xedf00000, PA:0xee006000) reserved (READ | WRITE | EXECUTE | RESERVED)[m
[VM 1] [m[37m[  2.528235 ax_runtime:225] [32m  [PA:0xfeb50000, PA:0xfeb51000) mmio (READ | WRITE | DEVICE | RESERVED)[m
[VM 1] [m[37m[  2.534994 ax_runtime:375] [32mInitialize global memory allocator...[m
[VM 1] [m[37m[  2.539724 ax_runtime:376] [32m  use buddy-slab-allocator allocator.[m
[VM 1] [m[37m[  2.544526 ax_alloc::buddy_slab:158] [32mInitialize global memory allocator, start_vaddr: 0xffff00004108e000, size: 0x3af72000[m
[VM 1] [m[37m[  2.553369 ax_alloc::buddy_slab:424] [32mglobal allocator initialized[m
[VM 1] [m[37m[  2.558225 ax_alloc::buddy_slab:168] [32mAdd memory region, start_vaddr: 0xffff00007da22000, size: 0x25de000[m
[VM 1] [m[37m[  2.565337 ax_runtime:260] [32mkernel aspace: [VA:0xffff000000000000, VA:0xffffffffffffffff)[m
[VM 1] [m[37m[  2.571462 ax_mm:103] [32mInitialize virtual memory management...[m
[VM 1] [m[37m[  2.702621 ax_runtime:272] [32mInitialize platform devices...[m
[VM 1] [m[37m[  2.750311 someboot::arch::power:23] [32mPower management method : SMC[m
[VM 1] [m[37m[  2.755298 somehal::driver:5] [32mInitializing rdrive with FDT at 0xffff000041000000[m
[VM 1] [m[37m[  2.916255 ax_driver::soc::rockchip::pinctrl:301] [32mRockchip RK3588 pinctrl registered successfully[m
[37m[218.606955 0:36 axvisor::virtio_net:625] [33mvirtio-net drops an ingress frame: NotReady[m
[m[VM 1] [m[37m[  3.161122 ax_task::api:193] [32mInitialize scheduling...[m
[VM 1] [m[37m[  3.165378 ax_task::api:201] [32m  use Round-robin scheduler.[m
[VM 1] [m[37m[  3.169772 ax_runtime:300] [32mInitialize interrupt handlers...[m
[VM 1] [m[37m[  3.174537 ax_runtime::devices:2] [32mProbe platform devices...[m
[VM 1] [m[37m[  3.297380 ax_driver::serial::ns16550:49] [32mProbing NS16550 serial device: serial@feb50000[m
[VM 1] [m[37m[  3.303895 ax_driver::serial::ns16550:92] [32mNS16550 serial@0xffff0000feb50000 registered successfully[m
[VM 1] [m[37m[  3.311715 rdrive:222] [33mProbe failed for [fdt]: other error: /serial@feb50000 is not a snps,dw-apb-uart node[m
[VM 1] [m[37m[  3.325736 ax_driver::soc::scmi:54] [33m[scmi] SCMI shmem phandle 69 cannot be resolved by rdrive; using RK3588 shmem fallback 0x10f000+0x100[m
[VM 1] [m[37m[  3.335177 ax_driver::soc::scmi:84] [32mSCMI clock protocol registered: path=/firmware/scmi/protocol@14, phandle=Some(Phandle(14)), protocol=0x14[m
[VM 1] [m[37m[  3.344426 ax_driver::soc::scmi:93] [32mSCMI SMC registered: smc_id=0x82000010, shmem_phandle=69, shmem=0x10f000+0x100[m
[VM 1] [m[37m[  3.354085 ax_driver::soc::rockchip::cru::rk3588:60] [32mRK3588 CRU reg: addr=0xfd7c0000, size=0x5c000, rockchip,grf=<0x7a>[m
[VM 1] [m[37m[  3.363087 rockchip_soc::variants::rk3588::cru:123] [32mCRU@ffff0000fd7c0000: Initializing and verifying clock configuration...[m
[VM 1] [m[37m[  3.372155 rockchip_soc::variants::rk3588::cru:174] [33m⚠ CRU@ffff0000fd7c0000: ACLK_BUS_ROOT div mismatch! u-boot: 3, current: 4[m
[VM 1] [m[37m[  3.381725 rockchip_soc::variants::rk3588::cru:248] [32m✓ CRU@ffff0000fd7c0000: Clock configuration verified[m
[VM 1] [m[37m[  3.389587 ax_driver::soc::rockchip::cru::rk3588:79] [32mRK3588 CRU clock/reset registered successfully[m
[VM 1] [m[37m[  3.398430 ax_driver::soc::rockchip::pm:78] [32mRockchip power-domain provider registered successfully[m
[37m[219.105690 0:36 axvisor::virtio_net:625] [33mvirtio-net drops an ingress frame: NotReady[m
[m[37m[219.623763 0:36 axvisor::virtio_net:625] [33mvirtio-net drops an ingress frame: NotReady[m
[m[VM 1] [m[37m[  4.178461 ax_driver::soc::rockchip::cpufreq:151] [32mcpufreq: A55 1008->1008, A76 1008->1200 MHz[m
[VM 1] [m[37m[  4.185274 ax_driver::soc::rockchip::pmic_i2c:508] [32mpmic_i2c: ungated i2c0 clocks (PMU_CLKGATE_CON(2)@0xfd7f0808 <- 0x00060000); gate bits now 0x0 (0 == enabled)[m
[VM 1] [m[37m[  4.195957 ax_driver::soc::rockchip::pmic_i2c:542] [32mpmic_i2c: de-asserted i2c0 reset (PMU_SOFTRST_CON(2)@0xfd7f0a08 <- 0x00060000); reset bits now 0x0 (0 == released)[m
[VM 1] [m[37m[  4.256413 ax_driver::soc::rockchip::pinctrl::rdif_glue:108] [33mUnknown pinconf property: input-schmitt-enable[m
[VM 1] [m[37m[  4.263838 ax_driver::soc::rockchip::pinctrl::rdif_glue:108] [33mUnknown pinconf property: input-schmitt-enable[m
[VM 1] [m[37m[  4.271855 ax_driver::soc::rockchip::pmic_i2c:592] [32mpmic_i2c: applied i2c0 pinctrl-0 (scl GPIO0_D1 / sda GPIO0_D2 -> func3) via rockchip pinctrl[m
[VM 1] [m[37m[  4.314925 ax_driver::soc::rockchip::pmic_i2c:270] [32mpmic_i2c: rk3x_i2c@0xfd880000 ready (clkdiv=0x7c007c)[m
[VM 1] [m[37m[  4.322540 ax_driver::soc::rockchip::cpufreq:281] [32mcpufreq: A76 big0 rail boot voltage = 675000 uV[m
[VM 1] [m[37m[  4.330296 ax_driver::soc::rockchip::cpufreq:281] [32mcpufreq: A76 big1 rail boot voltage = 675000 uV[m
[VM 1] [m[37m[  4.337498 ax_driver::soc::rockchip::pmic_spi:619] [32mpmic_spi: ungated SPI2 PCLK+CLK (CRU 0xfd7c0838 <= 0x21000000)[m
[VM 1] [m[37m[  4.345366 ax_driver::soc::rockchip::pmic_spi:650] [32mpmic_spi: de-asserted SPI2 P+core reset (CRU 0xfd7c0a38 <= 0x21000000)[m
[VM 1] [m[37m[  4.402920 ax_driver::soc::rockchip::pmic_spi:702] [32mpmic_spi: applied spi2 pinctrl-0 (spi2m2 clk/mosi/miso/cs0 mux+pull+drive) via rockchip pinctrl[m
[VM 1] [m[37m[  4.413566 ax_driver::soc::rockchip::pmic_spi:720] [32mpmic_spi: GPIO0 DDR_L=0x00008000 B3(bit11)=0 (0=input) — forcing B3 input[m
[VM 1] [m[37m[  4.455564 ax_driver::soc::rockchip::pmic_spi:748] [32mpmic_spi: PMU1_IOC 00=00001120 04=00000110 08=00001010 0c=00000000 10=00001111 14=00000111 18=00001011 1c=00000000 20=0000ff01 24=000000fc 28=000000ff 2c=0000000f 30=00000000 34=00000000 40=00000008[m
[VM 1] [m[37m[  4.472081 ax_driver::soc::rockchip::pmic_spi:767] [32mpmic_spi: B3/MISO decoded: mux=1 (want 1) drive=1 pull=3 (want 3) smt=0 (want 0)[m
[VM 1] [m[37m[  4.481376 ax_driver::soc::rockchip::pmic_spi:363] [32mpmic_spi: SPI2 baud divisor preserved from U-Boot (200)[m
[VM 1] [m[37m[  4.489213 ax_driver::soc::rockchip::pmic_spi:506] [32mpmic_spi: RK806 probe: chip_name(0x5A)=Some(0) chip_ver(0x5B)=Some(0) dcdc2_raw_rx=[00, 1b, 00, 00] (xfer_ok=true)[m
[VM 1] [m[37m[  4.500563 ax_driver::soc::rockchip::pmic_spi:526] [32mpmic_spi: read-shape distinct: tx=[00, 5a, a5, 3c] rx=[00, 5a, a5, 3c] ok=true[m
[VM 1] [m[37m[  4.509707 ax_driver::soc::rockchip::pmic_spi:531] [32mpmic_spi: read-shape long6: tx=[00, 5a, 00, 00, 00, 00] rx=[00, 5a, 00, 00, 00, 00] ok=true[m
[VM 1] [m[37m[  4.519603 ax_driver::soc::rockchip::pmic_spi:837] [32mpmic_spi: RK806/SPI2 bound at 0xfeb20000[m
[VM 1] [m[37m[  4.526231 ax_driver::soc::rockchip::pmic_spi:848] [32mpmic_spi: A55 vdd_cpu_lit = 500000 uV (buck2 vsel 0x00)[m
[VM 1] [m[37m[  4.533464 ax_driver::soc::rockchip::cpufreq:293] [32mcpufreq: A55 rail boot voltage = 500000 uV[m
[VM 1] [m[37m[  4.541324 ax_driv[er::37mso[220c::r.12ock3236chip 0:::c36 pufraxveq:iso309]r:: [virti32mo_necpuft:6req:25] A76 [ rai33mls -vir> 6tio7500-ne0 ut dV (bropig0s an ok ing=trressue fr, biame:g1 o Notk=tReadruey[m)
[m[m
[VM 1] [m[37m[  4.551030 ax_driver::soc::rockchip::pmic_spi:848] [32mpmic_spi: A55 vdd_cpu_lit = 500000 uV (buck2 vsel 0x00)[m
[VM 1] [m[37m[  4.558916 ax_driver::soc::rockchip::cpufreq:322] [33mcpufreq: A55 boot voltage not trustworthy (Some(500000) uV); skipping A55 write until spi2/RK806 bring-up completes (A76 unaffected)[m
[VM 1] [m[37m[  4.571301 ax_driver::soc::rockchip::cpufreq:350] [32mcpufreq: ondemand governor armed (A76 I2C up; a55_spi=true, A55 ring-only)[m
[VM 1] [m[37m[  4.632457 ax_driver::usb::ehci:62] [32mRockchip EHCI driver initialized successfully for usb@fc800000 with irq None[m
[VM 1] [m[37m[  4.726467 ax_driver::usb::ehci:62] [32mRockchip EHCI driver initialized successfully for usb@fc880000 with irq None[m
[VM 1] [m[37m[  4.853893 ax_driver::pwm::rockchip:99] [32mRockchip PWM registered: node=pwm@fd8b0010 base=0xfd8b0010[m
[VM 1] [m[37m[  4.862691 ax_driver::pwm::rockchip:99] [32mRockchip PWM registered: node=pwm@fd8b0030 base=0xfd8b0030[m
[VM 1] [m[37m[  4.871596 ax_driver::rknpu:82] [32mRK3588 NPU fixed clock rate: 800000000 Hz[m
[VM 1] [m[37m[  4.877438 ax_driver::rknpu:66] [32mNPU registered successfully[m
[VM 1] [m[37m[  4.883227 ax_driver::block::rockchip::clock:12] [32m[mmc@fe2c0000] enabled SDMMC clock Some("biu") (0x17)[m
[VM 1] [m[37m[  4.891040 ax_driver::block::rockchip::clock:12] [32m[mmc@fe2c0000] enabled SDMMC clock Some("ciu") (0x9)[m
[VM 1] [m[37m[  4.898492 ax_driver::block::rockchip::clock:12] [32m[mmc@fe2c0000] enabled SDMMC clock Some("ciu-drive") (0x2c2)[m
[VM 1] [m[37m[  4.906175 ax_driver::block::rockchip::clock:12] [32m[mmc@fe2c0000] enabled SDMMC clock Some("ciu-sample") (0x2c3)[m
[VM 1] [m[37m[  4.996537 ax_driver::block::rockchip::sd:182] [32m[mmc@fe2c0000] vqmmc-supply phandle Phandle(283) is not a fixed GPIO regulator; skip pinctrl enable[m
[VM 1] [m[37m[  5.006545 ax_driver::block::rockchip::sd:119] [32mrockchip-dwmmc probe: node=mmc@fe2c0000, addr=0xfe2c0000, size=0x4000[m
[VM 1] [m[37m[  5.014583 ax_driver::block::rockchip::sd:131] [32mrockchip-dwmmc: using ciu reference clock 49500000 Hz[m
[VM 1] [m[37m[  5.021688 ax_driver::block::rockchip::sd::phase:41] [32mrockchip-dwmmc: RK3588 SDMMC phase configured: drive=90deg sample=0deg parent=49500000Hz[m
[VM 1] [m[37m[  5.031786 ax_driver::block::rockchip::sd:156] [32mrockchip-dwmmc: defer protocol initialization to IRQ-driven hctx[m
[VM 1] [m[37m[  5.040157 ax_driver::block::rockchip::sd:161] [32mrockchip-dwmmc block device registered irq=None[m
[VM 1] [m[37m[  5.048290 ax_driver::block::rockchip::clock:12] [32m[mmc@fe2e0000] enabled SDHCI clock Some("core") (0x13a)[m
[VM 1] [m[37m[  5.055760 ax_driver::block::rockchip::clock:12] [32m[mmc@fe2e0000] enabled SDHCI clock Some("bus") (0x138)[m
[37m[220.638343 0:36 axvisor::virtio_net:625] [33mvirtio-net drops an ingress frame: NotReady[m
[m[VM 1] [m[37m[  5.062846 ax_driver::block::rockchip::clock:12] [32m[mmc@fe2e0000] enabled SDHCI clock Some("axi") (0x139)[m
[VM 1] [m[37m[  5.071377 ax_driver::block::rockchip::clock:12] [32m[mmc@fe2e0000] enabled SDHCI clock Some("block") (0x13b)[m
[VM 1] [m[37m[  5.079138 ax_driver::block::rockchip::clock:12] [32m[mmc@fe2e0000] enabled SDHCI clock Some("timer") (0x13c)[m
[VM 1] [m[37m[  5.086623 ax_driver::block::rockchip::sdhci_rk3588:167] [32mrockchip-sdhci probe: node=mmc@fe2e0000, addr=0xfe2e0000, size=0x10000[m
[VM 1] [m[37m[  5.095307 ax_driver::block::rockchip::sdhci_rk3588:182] [32mrockchip-sdhci: using external CRU clock[m
[VM 1] [m[37m[  5.102002 ax_driver::block::rockchip::sdhci_rk3588:197] [32mrockchip-sdhci: defer eMMC protocol initialization to IRQ-driven hctx[m
[VM 1] [m[37m[  5.111353 ax_driver::block::rockchip::sdhci_rk3588:201] [32mrockchip-sdhci block device registered irq=None[m
[VM 1] [m[37m[  5.119896 ax_driver::pwm::rockchip:99] [32mRockchip PWM registered: node=pwm@febf0030 base=0xfebf0030[m
[VM 1] [m[37m[  5.129140 ax_driver::virtio:177] [32mprobing virtio-mmio node virtio_mmio@a000000 at PA 0xa000000, size 0x200[m
[VM 1] [m[37m[  5.136799 ax_driver::virtio:184] [32mmapped virtio-mmio at VA 0xffff00000a000000[m
[VM 1] [m[37m[  5.142675 virtio_drivers::device::net::dev_raw:33] [32mnegotiated_features Features(MAC | STATUS | VERSION_1)[m
[VM 1] [m[37m[  5.151564 ax_driver::virtio::net:394] [32mregistered virtio network device irq=None[m
[VM 1] [m[37m[  5.158045 rdrive:222] [33mProbe failed for [fdt]: other error: [] has no USB2 PHY GRF parent[m
[VM 1] [m[37m[  5.165125 ax_runtime::serial:489] [32mserial runtime NS16550 UART ready: cpu=0, irq=Some(Source(FdtInterrupt(FdtIrqSpec { controller: 596, cells: [0, 333, 4] }))), polling=false[m
[VM 1] [mBoot at 1970-01-01 00:00:05.176788750 UTC
[VM 1] 
[VM 1] [37m[  5.179972 sdmmc_protocol::sdio::init::state_machine:102] [32msdio: submit bus op ResetAll[m
[VM 1] [m[37m[  5.186432 ax_fs_ng::block::runtime::hctx:177] [32mblock hctx 0 bound to CPU 0 with hardware depth 1[m
[VM 1] [m[37m[  5.193522 ax_fs_ng::block::runtime::lifecycle::device:300] [32mblock device rockchip-dwmmc IRQ source 0 (IrqId { domain: IrqDomainId(7), hwirq: HwIrq(235) }) fixed to CPU 0 for queue mask 0x1[m
[VM 1] [m[37m[  5.207867 sdmmc_protocol::sdio::init::state_machine:102] [32msdio: submit bus op PowerOn[m
[VM 1] [m[37m[  5.224360 sdmmc_protocol::sdio::init::state_machine:102] [32msdio: submit bus op SwitchVoltage(V330)[m
[VM 1] [m[37m[  5.231956 sdmmc_protocol::sdio::init::state_machine:63] [32msdio: submit bus op SetBusWidth(Bit1)[m
[VM 1] [m[37m[  5.239005 sdmmc_protocol::sdio::init::state_machine:63] [32msdio: submit bus op SetClock(Identification)[m
[VM 1] [m[37m[  5.246547 ax_driver::block::rockchip::sd:70] [32mrockchip-dwmmc: ciu clock set target=400000 Hz cclkin=800000 Hz bus=400000 Hz[m
[VM 1] [m[37m[  5.266146 sdmmc_protocol::sdio::init::state_machine:154] [33msdio: init state PostIdentificationClockDelay aborted (NoCard), resetting host[m
[VM 1] [m[37m[  5.275847 ax_fs_ng::block::runtime::lifecycle:135] [33mfailed to start IRQ-driven block controller: Io[m
[VM 1] [m[37m[  5.283174 sdmmc_protocol::sdio::init::state_machine:102] [32msdio: submit bus op ResetAll[m
[VM 1] [m[37m[  5.289855 ax_fs_ng::block::runtime::hctx:177] [32mblock hctx 0 bound to CPU 0 with hardware depth 1[m
[VM 1] [m[37m[  5.297203 ax_fs_ng::block::runtime::lifecycle::device:300] [32mblock device rockchip-sdhci IRQ source 0 (IrqId { domain: IrqDomainId(7), hwirq: HwIrq(237) }) fixed to CPU 0 for queue mask 0x1[m
[VM 1] [m[37m[  5.310634 ax_driver::block::rockchip::sdhci_rk3588:245] [32mrockchip-sdhci: RK3588 DWCMSHC vendor reset area1=0x500[m
[VM 1] [m[37m[  5.318701 sdmmc_protocol::sdio::init::state_machine:102] [32msdio: submit bus op PowerOn[m
[VM 1] [m[37m[  5.335023 sdmmc_protocol::sdio::init::state_machine:102] [32msdio: submit bus op SwitchVoltage(V330)[m
[VM 1] [m[37m[  5.347713 sdmmc_protocol::sdio::init::state_machine:63] [32msdio: submit bus op SetBusWidth(Bit1)[m
[VM 1] [m[37m[  5.354339 sdmmc_protocol::sdio::init::state_machine:63] [32msdio: submit bus op SetClock(Identification)[m
[VM 1] [m[37m[  5.362460 ax_driver::block::rockchip::sdhci_rk3588:119] [32mrockchip-sdhci: core clock set to 375000 Hz[m
[VM 1] [m[37m[  5.413265 sdmmc_protocol::sdio::init::state_machine::identify:264] [32msdio: detected Mmc ocr=0xc0ff8080[m
[VM 1] [m[37m[  5.422648 sdmmc_protocol::sdio::init::state_machine::identify:338] [32msdio: CSD capacity_blocks=None[m
[VM 1] [m[37m[  5.442446 sdmmc_protocol::sdio::init::state_machine::mmc:38] [32msdio: EXT_CSD sector_count=122159104[m
[VM 1] [m[37m[  5.453420 ax_driver::block::rockchip::sdhci_rk3588:119] [32mrockchip-sdhci: core clock set to 50000000 Hz[m
[VM 1] [m[37m[  5.461738 sdmmc_protocol::sdio::init::state_machine::mmc:314] [32msdio: MMC speed selected HighSpeed bus_width=Bit8[m
[VM 1] [m[37m[  5.470371 sdmmc_protocol::sdio::init::state_machine::mmc:340] [32msdio: enabled 1024 KiB volatile write cache[m
[VM 1] [m[37m[  5.478349 sdmmc_protocol::sdio::init::state_machine:233] [32msdio: init done kind=Mmc sd_v2=false high_capacity=true rca=0x1 ocr=0xc0ff8080 host_bus_width=Bit8 ext_csd_bus_width=Some(Sdr1) ext_csd_timing=Some(Compat)[m
[VM 1] [m[37m[  5.492881 sdmmc_protocol::rdif::queue:172] [32msdmmc block init complete: kind=Mmc high_capacity=true rca=1 capacity_blocks=122159104 cache_enabled=true[m
[VM 1] [m[37m[  5.531058 ax_fs_ng::root:348] [32m    partition 1 name=Some("uboot") fs=None lba 16384..24576[m
[VM 1] [m[37m[  5.538243 ax_fs_ng::root:348] [32m    partition 2 name=Some("misc") fs=None lba 24576..32768[m
[VM 1] [m[37m[  5.544919 ax_fs_ng::root:348] [32m    partition 3 name=Some("boot") fs=None lba 32768..163840[m
[VM 1] [m[37m[  5.551465 ax_fs_ng::root:348] [32m    partition 4 name=Some("recovery") fs=None lba 163840..425984[m
[VM 1] [m[37m[  5.558711 ax_fs_ng::root:348] [32m    partition 5 name=Some("backup") fs=None lba 425984..491520[m
[VM 1] [m[37m[  5.565718 ax_fs_ng::root:348] [32m    partition 6 name=Some("rootfs") fs=Some(Ext4) lba 491520..29851648[m
[VM 1] [m[37m[  5.572905 ax_fs_ng::root:348] [32m    partition 7 name=Some("oem") fs=Some(Ext4) lba 29851648..30113792[m
[VM 1] [m[37m[  5.580723 ax_fs_ng::root:348] [32m    partition 8 name=Some("userdata") fs=Some(Ext4) lba 30113792..122159071[m
[VM 1] [m[37m[  5.588506 ax_fs_ng::root:364] [32m  block device 0 (rockchip-sdhci) has Gpt partition table with 8 partitions[m
[VM 1] [m[37m[  5.595984 ax_fs_ng::root:517] [32m  falling back to PARTLABEL=rootfs[m
[VM 1] [m[37m[  5.600795 ax_fs_ng:86] [32mInitialize filesystem subsystem...[m
[VM 1] [m[37m[  5.605566 ax_fs_ng:87] [32m  selected root device: disk0 partition 6 (rootfs, fs=ext4, lba 491520..29851648)[m
[VM 1] [m[37m[  5.613536 rsext4::crc32c::arm64:54] [33mID_AA64ISAR0_EL1[19:16]: 0x1[m
[VM 1] [m[37m[  5.618968 rsext4::crc32c::arm64:57] [33mHardware CRC32C support detected.[m
[VM 1] [m[37m[  5.635834 rsext4::ext4::mount:331] [32m/lost+found exists (superblock hint inode=11)[m
[VM 1] [m[37m[  5.643152 rsext4::ext4::mount:466] [32mExt4 filesystem mounted[m
[VM 1] [m[37m[  5.648144 rsext4::ext4::mount:467] [32m  - block size: 4096 bytes[m
[VM 1] [m[37m[  5.652805 rsext4::ext4::mount:468] [32m  - total blocks: 3670016[m
[VM 1] [m[37m[  5.657893 rsext4::ext4::mount:469] [32m  - free blocks: 3298220[m
[VM 1] [m[37m[  5.662440 rsext4::ext4::mount:470] [32m  - total inodes: 847616[m
[VM 1] [m[37m[  5.667397 rsext4::ext4::mount:471] [32m  - free inodes: 833538[m
[VM 1] [m[37m[  5.671885 rsext4::ext4::sync:13] [32mSyncing filesystem...[m
[VM 1] [m[37m[  5.683810 rsext4::ext4::mount:550] [32mExt4 filesystem mounted[m
[VM 1] [m[37m[  5.688919 ax_fs_ng:99] [32m  filesystem type: "ext4"[m
[VM 1] [m[37m[  5.695472 rsext4::blockgroup_description::desc:109] [31mGroup descriptor checksum mismatch: group=0 stored=0x0000 expected=0x0589 desc_size=64 block_bitmap=8196 inode_bitmap=24580 inode_table=40964 free_blocks=57348 free_inodes=0 used_dirs=8196 itable_unused=0 flags=0x1 block_bitmap_csum=0x0 inode_bitmap_csum=0x0[m
[VM 1] [m[37m[  5.715983 rsext4::ext4::mount:554] [31mMount failed: EUCLEAN: Structure needs cleaning[m
[VM 1] [m[37m[  5.721641 ax_fs_ng::fs::ext4::rsext4::fs:127] [33mext4 journal replay failed with EUCLEAN; retrying read-only without journal replay[m
[VM 1] [m[37m[  5.730913 rsext4::blockgroup_description::desc:109] [31mGroup descriptor checksum mismatch: group=0 stored=0x0000 expected=0x0589 desc_size=64 block_bitmap=8196 inode_bitmap=24580 inode_table=40964 free_blocks=57348 free_inodes=0 used_dirs=8196 itable_unused=0 flags=0x1 block_bitmap_csum=0x0 inode_bitmap_csum=0x0[m
[VM 1] [m[37m[  5.751875 rsext4::ext4::mount:554] [31mMount failed: EUCLEAN: Structure needs cleaning[m
[VM 1] [m[37m[  5.758010 ax_fs_ng::root:622] [33m  failed to initialize filesystem for partition disk0 partition 7 (oem, fs=ext4, lba 29851648..30113792): AxErrorKind::Io[m
[VM 1] [m[37m[  5.770247 rsext4::blockgroup_description::desc:109] [31mGroup descriptor checksum mismatch: group=0 stored=0x0a8d expected=0x16fe desc_size=64 block_bitmap=262145 inode_bitmap=262161 inode_table=262177 free_blocks=3808 free_inodes=1088 used_dirs=0 itable_unused=1088 flags=0x5 block_bitmap_csum=0x4c1cbc8f inode_bitmap_csum=0xe0e99c72[m
[VM 1] [m[37m[  5.792546 rsext4::ext4::mount:554] [31mMount failed: EUCLEAN: Structure needs cleaning[m
[VM 1] [m[37m[  5.798728 ax_fs_ng::fs::ext4::rsext4::fs:127] [33mext4 journal replay failed with EUCLEAN; retrying read-only without journal replay[m
[VM 1] [m[37m[  5.807743 rsext4::blockgroup_description::desc:109] [31mGroup descriptor checksum mismatch: group=0 stored=0x0a8d expected=0x16fe desc_size=64 block_bitmap=262145 inode_bitmap=262161 inode_table=262177 free_blocks=3808 free_inodes=1088 used_dirs=0 itable_unused=1088 flags=0x5 block_bitmap_csum=0x4c1cbc8f inode_bitmap_csum=0xe0e99c72[m
[VM 1] [m[37m[  5.829646 rsext4::ext4::mount:554] [31mMount failed: EUCLEAN: Structure needs cleaning[m
[VM 1] [m[37m[  5.835522 ax_fs_ng::root:622] [33m  failed to initialize filesystem for partition disk0 partition 8 (userdata, fs=ext4, lba 30113792..122159071): AxErrorKind::Io[m
[VM 1] [m[37m[  5.849053 ax_net:192] [32mInitialize network subsystem...[m
[VM 1] [m[37m[  5.853663 ax_net:212] [32m  use NIC 0: "virtio-net"[m
[VM 1] [m[37m[  5.858636 ax_runtime::irq:120] [32mregistered eth0 irq IrqId { domain: IrqDomainId(7), hwirq: HwIrq(48) }[m
[VM 1] [m[37m[  5.865958 ax_net:238] [32meth0:[m
[VM 1] [m[37m[  5.868775 ax_net:239] [32m  id:   2[m
[VM 1] [m[37m[  5.871737 ax_net:240] [32m  mac:  52-54-00-12-34-15[m
[VM 1] [m[37m[  5.875835 ax_net:257] [32m  mode: dhcp[m
[VM 1] [m[37m[  5.878938 ax_net:295] [32mDevice: lo[m
[VM 1] [m[37m[  5.881941 ax_net:295] [32mDevice: eth0[m
[VM 1] [m[37m[  5.885270 ax_net::service:606] [32meth0: DHCP enabled[m
[VM 2] msh />TASK2_SAFE state=Safe event=HeartbeatTimeout
[VM 1] [m[37m[  7.920803 ax_net:992] [33mDHCP bootstrap timed out[m
[VM 1] [m[37m[  7.925083 ax_runtime:348] [32mPrimary CPU 0 init OK.[m
[VM 1] [m[37m[  7.929002 0:2 ax_fs_ng::block::runtime::lifecycle::device:369] [32mblock device rockchip-sdhci online with 1 hctxs across 1 CPUs[m
[VM 1] [m[37m[  7.938336 0:2 ktracepoint:282] [32mtracepoint_data_start: 0xffffffff80597e90, tracepoint_data_end: 0xffffffff80597ef0[m
[VM 1] [m[37m[  7.946754 0:2 ktracepoint:297] [32mtracepoint_data_len: 6[m
[VM 1] [m[37m[  7.951143 0:2 ktracepoint:314] [32mtracepoint registered: sched:sched_process_exit[m
[VM 1] [m[37m[  7.957529 0:2 ktracepoint:314] [32mtracepoint registered: sched:sched_process_fork[m
[VM 1] [m[37m[  7.963701 0:2 ktracepoint:314] [32mtracepoint registered: sched:sched_switch[m
[VM 1] [m[37m[  7.969642 0:2 ktracepoint:314] [32mtracepoint registered: syscalls:sys_clone[m
[VM 1] [m[37m[  7.975644 0:2 ktracepoint:314] [32mtracepoint registered: syscalls:sys_enter_openat[m
[VM 1] [m[37m[  7.981633 0:2 ktracepoint:314] [32mtracepoint registered: syscalls:sys_mkdirat[m
[VM 1] [mInitialized 6 tracepoints
[VM 1] kmod subsystem initialized
[VM 1] [37m[  7.991329 0:2 starry_kernel::pseudofs:86] [32mInitialize pseudofs...[m
[VM 1] [m[37m[  7.996968 0:2 starry_kernel::pseudofs::dev::tty::serial:256] [32mttyS2 registered: path=/serial@feb50000, alias=Some(2), paddr=0xfeb50000, irq=Some(Source(FdtInterrupt(FdtIrqSpec { controller: 596, cells: [0, 333, 4] })))[m
[VM 1] [m[37m[  8.011977 0:2 starry_kernel::pseudofs::dev::tty::serial:201] [32m/dev/console bound to ttyS2[m
[VM 1] [m[37m[  8.020585 0:2 starry_kernel::pseudofs:80] [32mMounted devfs at /dev[m
[VM 1] [m[37m[  8.025662 0:2 starry_kernel::pseudofs::usbfs:55] [32musbfs: initializing manager[m
[VM 1] [m[37m[  8.031556 0:2 starry_kernel::pseudofs::usbfs::manager:1437] [32musbfs: preparing host 272 as bus 1[m
[VM 1] [m[37m[  8.038919 0:2 starry_kernel::pseudofs::usbfs::manager:1437] [32musbfs: preparing host 274 as bus 2[m
[VM 1] [m[37m[  8.046000 0:2 starry_kernel::pseudofs::usbfs::manager:1486] [32musbfs: discovered 2 USB host(s)[m
[VM 1] [m[37m[  8.052437 0:2 starry_kernel::pseudofs::usbfs::irq:92] [32musbfs: registering IRQ callback for IRQ IrqId { domain: IrqDomainId(7), hwirq: HwIrq(247) } (bus 1, host 272)[m
[VM 1] [m[37m[  8.064259 0:2 starry_kernel::pseudofs::usbfs::irq:92] [32musbfs: registering IRQ callback for IRQ IrqId { domain: IrqDomainId(7), hwirq: HwIrq(250) } (bus 2, host 274)[m
[VM 1] [m[37m[  8.076289 0:2 starry_kernel::pseudofs::usbfs::manager:1275] [32musbfs: initializing host on bus 1[m
[VM 1] [m[37m[  8.203020 0:2 starry_kernel::pseudofs::usbfs::manager:1319] [32musbfs: host on bus 1 initialized[m
[VM 1] [m[37m[  8.210208 0:2 starry_kernel::pseudofs::usbfs::manager:1275] [32musbfs: initializing host on bus 2[m
[VM 1] [m[37m[  8.337319 0:2 starry_kernel::pseudofs::usbfs::manager:1319] [32musbfs: host on bus 2 initialized[m
[VM 1] [m[37m[  8.343925 0:2 starry_kernel::pseudofs::usbfs::manager:1339] [32musbfs: 2 host(s) ready[m
[VM 1] [m[37m[  8.350458 0:2 starry_kernel::pseudofs::usbfs:74] [32musbfs: spawning refresh task[m
[VM 1] [m[37m[  8.356356 0:2 starry_kernel::pseudofs::usbfs:38] [32musbfs: creating filesystem instance[m
[VM 1] [m[37m[  8.362424 0:2 starry_kernel::pseudofs:80] [32mMounted usbfs at /dev/bus/usb[m
[VM 1] [m[37m[  8.368168 0:2 starry_kernel::pseudofs:80] [32mMounted tmpfs at /dev/shm[m
[VM 1] [m[37m[  8.374948 0:2 starry_kernel::pseudofs:80] [32mMounted tmpfs at /tmp[m
[VM 1] [m[37m[  8.379849 0:2 starry_kernel::pseudofs:80] [32mMounted mqueue at /dev/mqueue[m
[VM 1] [m[37m[  8.391930 0:2 starry_kernel::dyn_debug:61] [32mdebug_init: initializing dynamic debug sites[m
[VM 1] [m[37m[  8.399290 0:2 starry_kernel::dyn_debug:64] [32mdebug_init: found 193 dynamic debug sites[m
[VM 1] [m[37m[  8.405597 0:2 starry_kernel::pseudofs::proc:74] [32mRead kallsyms, size: 1563KB[m
[VM 1] [m[37m[  8.431540 0:2 starry_kernel::pseudofs:80] [32mMounted proc at /proc[m
[VM 1] [m[37m[  8.437349 0:2 starry_kernel::pseudofs:80] [32mMounted sysfs at /sys[m
[VM 1] [m[37m[  8.442353 0:2 starry_kernel::pseudofs:80] [32mMounted sysfs at /sys/bus/usb[m
[VM 1] [m[37m[  8.448396 0:2 starry_kernel::pseudofs:80] [32mMounted debug at /sys/kernel/debug[m
[VM 1] [m[37m[  8.454077 0:2 starry_kernel::task::timer:331] [32mInitialize alarm...[m
[VM 1] [m[37m[  8.459552 0:2 starry_kernel::entry:178] [32mInitialize cpufreq ondemand governor...[m
[VM 1] [m[37m[  8.485061 0:18 starry_kernel::task::user:70] [32mEnter user space: ip=0x60116880, sp=0x3fffffff620[m
[VM 1] [m[37m[  8.666971 0:17 ax_driver::soc::rockchip::cpufreq:872] [32mgov: A76b0 peak=0% opp 2->1 = 816 MHz @ 675 mV[m
[VM 1] [m[37m[  8.667810 0:17 ax_driver::soc::rockchip::cpufreq:872] [32mgov: A76b1 peak=0% opp 2->1 = 816 MHz @ 675 mV[m
[VM 1] [m[37m[  8.768915 0:17 ax_driver::soc::rockchip::cpufreq:872] [32mgov: A76b0 peak=0% opp 1->0 = 408 MHz @ 675 mV[m
[VM 1] [m[37m[  8.769750 0:17 ax_driver::soc::rockchip::cpufreq:872] [32mgov: A76b1 peak=0% opp 1->0 = 408 MHz @ 675 mV[m
[VM 1] [mWelcome to [96m[1mStarry OS[0m!
[VM 1] [37m[  8.814363 0:18 starry_kernel::syscall::task::wait:245] [32msys_waitpid <= pid: -1, options: WaitPidOptions(0x0)[m
[VM 1] [m[37m[  8.814442 0:19 starry_kernel::task::user:70] [32mEnter user space: ip=0x223184, sp=0x3ffffffecf0[m
[VM 1] [mHOSTNAME=starry
[VM 1] PWD=/
[VM 1] HOME=/root
[VM 1] TERM=xterm-256color
[VM 1] USER=root
[VM 1] SHLVL=1
[VM 1] PATH=/usr/local/sbin:/usr/local/bin:/usr/sbin:/usr/bin:/sbin:/bin
[VM 1] _=/usr/bin/env
[VM 1] [37m[  8.866399 0:19 starry_kernel::task::ops:398] [32mTask(19, "env") exit with code: 0[m
[VM 1] [m[37m[  8.873746 0:19 starry_kernel::task::signal:605] [32mSend signal SIGCHLD to process 1[m
[VM 1] [m[37m[  8.917174 0:18 starry_kernel::syscall::task::wait:245] [32msys_waitpid <= pid: -1, options: WaitPidOptions(WNOHANG)[m
[VM 1] [m
[VM 1] Use [1m[3mapk[0m to install packages.
[VM 1] 
[VM 1] [37m[  8.938934 0:18 starry_kernel::syscall::task::wait:245] [32msys_waitpid <= pid: -1, options: WaitPidOptions(0x0)[m
[VM 1] [m[37m[  8.939021 0:20 starry_kernel::task::user:70] [32mEnter user space: ip=0x223184, sp=0x3ffffffecf0[m
[VM 1] [m[37m[  8.988578 0:20 starry_kernel::task::ops:398] [32mTask(20, "mkdir") exit with code: 256[m
[VM 1] [m[37m[  8.996457 0:20 starry_kernel::task::signal:605] [32mSend signal SIGCHLD to process 1[m
[VM 1] [m[37m[  9.002846 0:18 starry_kernel::syscall::task::wait:245] [32msys_waitpid <= pid: -1, options: WaitPidOptions(WNOHANG)[m
[VM 1] [m[37m[  9.005959 0:18 starry_kernel::syscall::task::wait:245] [32msys_waitpid <= pid: -1, options: WaitPidOptions(0x0)[m
[VM 1] [m[37m[  9.022198 0:21 starry_kernel::task::user:70] [32mEnter user space: ip=0x223184, sp=0x3ffffffecf0[m
[VM 1] [m[37m[  9.051196 0:21 starry_kernel::task::ops:398] [32mTask(21, "mkdir") exit with code: 256[m
[VM 1] [m[37m[  9.058729 0:21 starry_kernel::task::signal:605] [32mSend signal SIGCHLD to process 1[m
[VM 1] [m[37m[  9.065472 0:18 starry_kernel::syscall::task::wait:245] [32msys_waitpid <= pid: -1, options: WaitPidOptions(WNOHANG)[m
[VM 1] [m[37m[  9.068352 0:18 starry_kernel::syscall::task::wait:245] [32msys_waitpid <= pid: -1, options: WaitPidOptions(0x0)[m
[VM 1] [m[37m[  9.084709 0:22 starry_kernel::task::user:70] [32mEnter user space: ip=0x223184, sp=0x3ffffffecf0[m
[VM 1] [m[37m[  9.113611 0:22 starry_kernel::task::ops:398] [32mTask(22, "mkdir") exit with code: 256[m
[VM 1] [m[37m[  9.121457 0:22 starry_kernel::task::signal:605] [32mSend signal SIGCHLD to process 1[m
[VM 1] [m[37m[  9.127796 0:18 starry_kernel::syscall::task::wait:245] [32msys_waitpid <= pid: -1, options: WaitPidOptions(WNOHANG)[m
[VM 1] [m[37m[  9.141145 0:18 starry_kernel::syscall::task::wait:245] [32msys_waitpid <= pid: -1, options: WaitPidOptions(0x0)[m
[VM 1] [m[37m[  9.141213 0:23 starry_kernel::task::user:70] [32mEnter user space: ip=0x223184, sp=0x3ffffffeb00[m
[VM 1] [m[37m[  9.195276 0:23 starry_kernel::task::ops:398] [32mTask(23, "touch") exit with code: 0[m
[VM 1] [m[37m[  9.203197 0:23 starry_kernel::task::signal:605] [32mSend signal SIGCHLD to process 1[m
[VM 1] [m[37m[  9.209683 0:18 starry_kernel::syscall::task::wait:245] [32msys_waitpid <= pid: -1, options: WaitPidOptions(WNOHANG)[m
[VM 1] [m[37m[  9.212679 0:18 starry_kernel::syscall::task::wait:245] [32msys_waitpid <= pid: -1, options: WaitPidOptions(0x0)[m
[VM 1] [m[37m[  9.228734 0:24 starry_kernel::task::user:70] [32mEnter user space: ip=0x223184, sp=0x3ffffffeb00[m
[VM 1] [m[37m[  9.268063 0:24 starry_kernel::task::ops:398] [32mTask(24, "touch") exit with code: 0[m
[VM 1] [m[37m[  9.275312 0:24 starry_kernel::task::signal:605] [32mSend signal SIGCHLD to process 1[m
[VM 1] [m[37m[  9.281864 0:18 starry_kernel::syscall::task::wait:245] [32msys_waitpid <= pid: -1, options: WaitPidOptions(WNOHANG)[m
[VM 1] [m[37m[  9.295331 0:18 starry_kernel::syscall::task::wait:245] [32msys_waitpid <= pid: -1, options: WaitPidOptions(0x0)[m
[VM 1] [m[37m[  9.295414 0:25 starry_kernel::task::user:70] [32mEnter user space: ip=0x223184, sp=0x3ffffffe910[m
[VM 1] [m[37m[  9.337517 0:25 starry_kernel::task::ops:398] [32mTask(25, "touch") exit with code: 0[m
[VM 1] [m[37m[  9.345044 0:25 starry_kernel::task::signal:605] [32mSend signal SIGCHLD to process 1[m
[VM 1] [m[37m[  9.351625 0:18 starry_kernel::syscall::task::wait:245] [32msys_waitpid <= pid: -1, options: WaitPidOptions(WNOHANG)[m
[VM 1] [m[37m[  9.354740 0:18 starry_kernel::syscall::task::wait:245] [32msys_waitpid <= pid: -1, options: WaitPidOptions(0x0)[m
[VM 1] [m[37m[  9.371211 0:26 starry_kernel::task::user:70] [32mEnter user space: ip=0x223184, sp=0x3ffffffe910[m
[VM 1] [m[37m[  9.406872 0:26 starry_kernel::task::ops:398] [32mTask(26, "touch") exit with code: 0[m
[VM 1] [m[37m[  9.414583 0:26 starry_kernel::task::signal:605] [32mSend signal SIGCHLD to process 1[m
[VM 1] [m[37m[  9.421216 0:18 starry_kernel::syscall::task::wait:245] [32msys_waitpid <= pid: -1, options: WaitPidOptions(WNOHANG)[m
[VM 1] [m[37m[  9.424183 0:18 starry_kernel::syscall::task::wait:245] [32msys_waitpid <= pid: -1, options: WaitPidOptions(0x0)[m
[VM 1] [m[37m[  9.440287 0:27 starry_kernel::task::user:70] [32mEnter user space: ip=0x223184, sp=0x3ffffffe910[m
[VM 1] [m[37m[  9.477569 0:27 starry_kernel::task::ops:398] [32mTask(27, "touch") exit with code: 0[m
[VM 1] [m[37m[  9.485002 0:27 starry_kernel::task::signal:605] [32mSend signal SIGCHLD to process 1[m
[VM 1] [m[37m[  9.491668 0:18 starry_kernel::syscall::task::wait:245] [32msys_waitpid <= pid: -1, options: WaitPidOptions(WNOHANG)[m
[VM 1] [m[37m[  9.494797 0:18 starry_kernel::syscall::task::wait:245] [32msys_waitpid <= pid: -1, options: WaitPidOptions(0x0)[m
[VM 1] [m[37m[  9.510746 0:28 starry_kernel::task::user:70] [32mEnter user space: ip=0x223184, sp=0x3ffffffe910[m
[VM 1] [m[37m[  9.546156 0:28 starry_kernel::task::ops:398] [32mTask(28, "touch") exit with code: 0[m
[VM 1] [m[37m[  9.553987 0:28 starry_kernel::task::signal:605] [32mSend signal SIGCHLD to process 1[m
[VM 1] [m[37m[  9.560579 0:18 starry_kernel::syscall::task::wait:245] [32msys_waitpid <= pid: -1, options: WaitPidOptions(WNOHANG)[m
[VM 1] [m[37m[  9.563570 0:18 starry_kernel::syscall::task::wait:245] [32msys_waitpid <= pid: -1, options: WaitPidOptions(0x0)[m
[VM 1] [m[37m[  9.579930 0:29 starry_kernel::task::user:70] [32mEnter user space: ip=0x223184, sp=0x3ffffffe910[m
[VM 1] [m[37m[  9.617255 0:29 starry_kernel::task::ops:398] [32mTask(29, "touch") exit with code: 0[m
[VM 1] [m[37m[  9.624780 0:29 starry_kernel::task::signal:605] [32mSend signal SIGCHLD to process 1[m
[VM 1] [m[37m[  9.631330 0:18 starry_kernel::syscall::task::wait:245] [32msys_waitpid <= pid: -1, options: WaitPidOptions(WNOHANG)[m
[VM 1] [m[37m[  9.634434 0:18 starry_kernel::syscall::task::wait:245] [32msys_waitpid <= pid: -1, options: WaitPidOptions(0x0)[m
[VM 1] [m[37m[  9.650610 0:30 starry_kernel::task::user:70] [32mEnter user space: ip=0x223184, sp=0x3ffffffe910[m
[VM 1] [m[37m[  9.687744 0:30 starry_kernel::task::ops:398] [32mTask(30, "touch") exit with code: 0[m
[VM 1] [m[37m[  9.695224 0:30 starry_kernel::task::signal:605] [32mSend signal SIGCHLD to process 1[m
[VM 1] [m[37m[  9.701707 0:18 starry_kernel::syscall::task::wait:245] [32msys_waitpid <= pid: -1, options: WaitPidOptions(WNOHANG)[m
[VM 1] [m[37m[  9.704811 0:18 starry_kernel::syscall::task::wait:245] [32msys_waitpid <= pid: -1, options: WaitPidOptions(0x0)[m
[VM 1] [m[37m[  9.721281 0:31 starry_kernel::task::user:70] [32mEnter user space: ip=0x223184, sp=0x3ffffffe910[m
[VM 1] [m[37m[  9.758375 0:31 starry_kernel::task::ops:398] [32mTask(31, "touch") exit with code: 0[m
[VM 1] [m[37m[  9.765905 0:31 starry_kernel::task::signal:605] [32mSend signal SIGCHLD to process 1[m
[VM 1] [m[37m[  9.772308 0:18 starry_kernel::syscall::task::wait:245] [32msys_waitpid <= pid: -1, options: WaitPidOptions(WNOHANG)[m
[VM 1] [m[37m[  9.775412 0:18 starry_kernel::syscall::task::wait:245] [32msys_waitpid <= pid: -1, options: WaitPidOptions(0x0)[m
[VM 1] [m[37m[  9.791505 0:32 starry_kernel::task::user:70] [32mEnter user space: ip=0x223184, sp=0x3ffffffe910[m
[VM 1] [m[37m[  9.827972 0:32 starry_kernel::task::ops:398] [32mTask(32, "touch") exit with code: 0[m
[VM 1] [m[37m[  9.835487 0:32 starry_kernel::task::signal:605] [32mSend signal SIGCHLD to process 1[m
[VM 1] [m[37m[  9.842041 0:18 starry_kernel::syscall::task::wait:245] [32msys_waitpid <= pid: -1, options: WaitPidOptions(WNOHANG)[m
[VM 1] [m[37m[  9.857882 0:18 starry_kernel::syscall::task::wait:245] [32msys_waitpid <= pid: -1, options: WaitPidOptions(0x0)[m
[VM 1] [m[37m[  9.857949 0:33 starry_kernel::task::user:70] [32mEnter user space: ip=0x223184, sp=0x3ffffffecf0[m
[VM 1] [m[37m[  9.898641 0:33 starry_kernel::task::ops:398] [32mTask(33, "cat") exit with code: 0[m
[VM 1] [m[37m[  9.905973 0:33 starry_kernel::task::signal:605] [32mSend signal SIGCHLD to process 1[m
[VM 1] [m[37m[  9.912563 0:18 starry_kernel::syscall::task::wait:245] [32msys_waitpid <= pid: -1, options: WaitPidOptions(WNOHANG)[m
[VM 1] [m[37m[ 10.040268 0:34 starry_kernel::task::user:70] [32mEnter user space: ip=0x223184, sp=0x3ffffffe060[m
[VM 1] [m[37m[ 10.100496 0:34 starry_kernel::task::ops:398] [32mTask(34, "groups") exit with code: 0[m
[VM 1] [m[37m[ 10.100653 0:18 starry_kernel::syscall::task::wait:245] [32msys_waitpid <= pid: -1, options: WaitPidOptions(0x0)[m
[VM 1] [m[37m[ 10.116852 0:34 starry_kernel::task::signal:605] [32mSend signal SIGCHLD to process 1[m
[VM 1] [m[37m[ 10.123511 0:18 starry_kernel::syscall::task::wait:245] [32msys_waitpid <= pid: -1, options: WaitPidOptions(WNOHANG)[m
[VM 1] [mroot@starry:/root # [37m[ 10.418186 0:17 ax_driver::soc::rockchip::cpufreq:872] [32mgov: A55 peak=20% opp 2->1 = 816 MHz @ 675 mV[m
[VM 1] [m[37m[ 10.518670 0:17 ax_driver::soc::rockchip::cpufreq:872] [32mgov: A55 peak=10% opp 1->0 = 408 MHz @ 675 mV[m
[mwc -c /proc/initrd; sha256sum /proc/initrd; gzip -t /proc/initrd && echo INITRD_OK
[37m[ 86.270680 0:18 starry_kernel::syscall::task::wait:245] [32msys_waitpid <= pid: -1, options: WaitPidOptions(WUNTRACED | WCONTINUED)[m
[m[37m[ 86.270932 0:35 starry_kernel::task::user:70] [32mEnter user space: ip=0x223184, sp=0x3fffffff160[m
[m[37m[ 86.435015 0:17 ax_driver::soc::rockchip::cpufreq:872] [32mgov: A55 peak=100% opp 0->2 = 1021 MHz @ 675 mV[m
[m27400910 /proc/initrd
[37m[ 86.565002 0:35 starry_kernel::task::ops:398] [32mTask(35, "wc") exit with code: 0[m
[m[37m[ 86.573855 0:35 starry_kernel::task::signal:605] [32mSend signal SIGCHLD to process 1[m
[m[37m[ 86.580608 0:18 starry_kernel::syscall::task::wait:245] [32msys_waitpid <= pid: -1, options: WaitPidOptions(WNOHANG | WUNTRACED | WCONTINUED)[m
[m[37m[ 86.597011 0:18 starry_kernel::syscall::task::wait:245] [32msys_waitpid <= pid: -1, options: WaitPidOptions(WUNTRACED | WCONTINUED)[m
[m[37m[ 86.597121 0:36 starry_kernel::task::user:70] [32mEnter user space: ip=0x223184, sp=0x3fffffff190[m
[me61b388e1abbe872ab401ec305329ae144c2c5660bcc664a180c21ab9f67e5b8  /proc/initrd
[37m[ 87.227277 0:36 starry_kernel::task::ops:398] [32mTask(36, "sha256sum") exit with code: 0[m
[m[37m[ 87.236587 0:36 starry_kernel::task::signal:605] [32mSend signal SIGCHLD to process 1[m
[m[37m[ 87.242883 0:18 starry_kernel::syscall::task::wait:245] [32msys_waitpid <= pid: -1, options: WaitPidOptions(WNOHANG | WUNTRACED | WCONTINUED)[m
[m[37m[ 87.259579 0:18 starry_kernel::syscall::task::wait:245] [32msys_waitpid <= pid: -1, options: WaitPidOptions(WUNTRACED | WCONTINUED)[m
[m[37m[ 87.259655 0:37 starry_kernel::task::user:70] [32mEnter user space: ip=0x223184, sp=0x3fffffff190[m
[m[37m[ 90.549945 0:37 starry_kernel::task::ops:398] [32mTask(37, "busybox") exit with code: 0[m
[m[37m[ 90.558242 0:37 starry_kernel::task::signal:605] [32mSend signal SIGCHLD to process 1[m
[m[37m[ 90.564672 0:18 starry_kernel::syscall::task::wait:245] [32msys_waitpid <= pid: -1, options: WaitPidOptions(WNOHANG | WUNTRACED | WCONTINUED)[m
[mINITRD_OK
root@starry:/root # [37m[ 90.747545 0:17 ax_driver::soc::rockchip::cpufreq:872] [32mgov: A55 peak=0% opp 2->1 = 816 MHz @ 675 mV[m
[m[37m[ 90.848028 0:17 ax_driver::soc::rockchip::cpufreq:872] [32mgov: A55 peak=10% opp 1->0 = 408 MHz @ 675 mV[m
[mmkdir -p /tmp/t23; cd /tmp/t23; gzip -dc /proc/initrd | cpio -id; echo UNPACK_RC=$?
[37m[104.836632 0:18 starry_kernel::syscall::task::wait:245] [32msys_waitpid <= pid: -1, options: WaitPidOptions(WUNTRACED | WCONTINUED)[m
[m[37m[104.836959 0:38 starry_kernel::task::user:70] [32mEnter user space: ip=0x223184, sp=0x3ffffffef70[m
[m[37m[104.923955 0:17 ax_driver::soc::rockchip::cpufreq:872] [32mgov: A55 peak=100% opp 0->2 = 1021 MHz @ 675 mV[m
[m[37m[104.941199 0:38 starry_kernel::task::ops:398] [32mTask(38, "mkdir") exit with code: 0[m
[m[37m[104.949021 0:38 starry_kernel::task::signal:605] [32mSend signal SIGCHLD to process 1[m
[m[37m[104.955468 0:18 starry_kernel::syscall::task::wait:245] [32msys_waitpid <= pid: -1, options: WaitPidOptions(WNOHANG | WUNTRACED | WCONTINUED)[m
[m[37m[104.962363 0:18 starry_kernel::syscall::task::wait:245] [32msys_waitpid <= pid: -1, options: WaitPidOptions(WUNTRACED | WCONTINUED)[m
[m[37m[104.981411 0:39 starry_kernel::task::user:70] [32mEnter user space: ip=0x223184, sp=0x3ffffffeeb0[m
[m[37m[104.981717 0:40 starry_kernel::task::user:70] [32mEnter user space: ip=0x223184, sp=0x3ffffffeeb0[m
[m[37m[110.033891 0:39 starry_kernel::task::ops:398] [32mTask(39, "busybox") exit with code: 0[m
[m[37m[110.043618 0:39 starry_kernel::task::signal:605] [32mSend signal SIGCHLD to process 1[m
[m[37m[110.050335 0:18 starry_kernel::syscall::task::wait:245] [32msys_waitpid <= pid: -1, options: WaitPidOptions(WUNTRACED | WCONTINUED)[m
[m145981 blocks
[37m[110.061732 0:40 starry_kernel::task::ops:398] [32mTask(40, "busybox") exit with code: 0[m
[m[37m[110.071044 0:40 starry_kernel::task::signal:605] [32mSend signal SIGCHLD to process 1[m
[m[37m[110.077639 0:18 starry_kernel::syscall::task::wait:245] [32msys_waitpid <= pid: -1, options: WaitPidOptions(WNOHANG | WUNTRACED | WCONTINUED)[m
[mUNPACK_RC=0
root@starry:/tmp/t23 # [37m[110.198217 0:17 ax_driver::soc::rockchip::cpufreq:872] [32mgov: A55 peak=0% opp 2->1 = 816 MHz @ 675 mV[m
[m[37m[110.298700 0:17 ax_driver::soc::rockchip::cpufreq:872] [32mgov: A55 peak=10% opp 1->0 = 408 MHz @ 675 mV[m
[mmount --bind /tmp/t23/usr/share /usr/share; ip addr add 10.0.42.15/24 dev eth0 2>/de/ tepa wvt[A[K
[K[A[C[C[C[C[C[C[C[C[C[C[C[C[C[C[C[C[C[C[C[C[C[C[Cmount --bind /tmp/t23/usr/share /usr/share
[37m[158.661951 0:18 starry_kernel::syscall::task::wait:245] [32msys_waitpid <= pid: -1, options: WaitPidOptions(WUNTRACED | WCONTINUED)[m
[m[37m[158.662203 0:41 starry_kernel::task::user:70] [32mEnter user space: ip=0x223184, sp=0x3fffffff540[m
[m[37m[158.740569 0:17 ax_driver::soc::rockchip::cpufreq:872] [32mgov: A55 peak=90% opp 0->2 = 1021 MHz @ 675 mV[m
[m[37m[158.833545 0:41 starry_kernel::task::ops:398] [32mTask(41, "mount") exit with code: 0[m
[m[37m[158.842138 0:41 starry_kernel::task::signal:605] [32mSend signal SIGCHLD to process 1[m
[m[37m[158.848988 0:18 starry_kernel::syscall::task::wait:245] [32msys_waitpid <= pid: -1, options: WaitPidOptions(WNOHANG | WUNTRACED | WCONTINUED)[m
[mroot@starry:/tmp/t23 # [37m[158.942487 0:17 ax_driver::soc::rockchip::cpufreq:872] [32mgov: A55 peak=20% opp 2->1 = 816 MHz @ 675 mV[m
[m[37m[159.042970 0:17 ax_driver::soc::rockchip::cpufreq:872] [32mgov: A55 peak=10% opp 1->0 = 408 MHz @ 675 mV[m
[mip addr add 10.0.42.15/24 dev eth0
[37m[176.010771 0:18 starry_kernel::syscall::task::wait:245] [32msys_waitpid <= pid: -1, options: WaitPidOptions(WUNTRACED | WCONTINUED)[m
[m[37m[176.011027 0:42 starry_kernel::task::user:70] [32mEnter user space: ip=0x223184, sp=0x3fffffff540[m
[m[37m[176.167332 0:17 ax_driver::soc::rockchip::cpufreq:872] [32mgov: A55 peak=90% opp 0->2 = 1021 MHz @ 675 mV[m
[m[37m[176.192101 0:42 starry_kernel::task::ops:398] [32mTask(42, "ip") exit with code: 0[m
[m[37m[176.199766 0:42 starry_kernel::task::signal:605] [32mSend signal SIGCHLD to process 1[m
[m[37m[176.206689 0:18 starry_kernel::syscall::task::wait:245] [32msys_waitpid <= pid: -1, options: WaitPidOptions(WNOHANG | WUNTRACED | WCONTINUED)[m
[mroot@starry:/tmp/t23 # [37m[176.367779 0:17 ax_driver::soc::rockchip::cpufreq:872] [32mgov: A55 peak=0% opp 2->1 = 816 MHz @ 675 mV[m
[m[37m[176.377916 0:9 ax_net::device::ethernet:486] [32meth0: ARP 10.0.42.2 -> 52-54-00-12-34-02[m
[m[37m[176.468261 0:17 ax_driver::soc::rockchip::cpufreq:872] [32mgov: A55 peak=20% opp 1->0 = 408 MHz @ 675 mV[m
[mip -4 addr show dev eth0
[37m[177.328400 0:18 starry_kernel::syscall::task::wait:245] [32msys_waitpid <= pid: -1, options: WaitPidOptions(WUNTRACED | WCONTINUED)[m
[m[37m[177.328679 0:43 starry_kernel::task::user:70] [32mEnter user space: ip=0x223184, sp=0x3fffffff540[m
[m2: eth0: <BROADCAST,MULTICAST,UP,LOWER_UP> mtu 1500 qdisc mq state UP qlen 1000
    inet 10.0.42.15/24 brd 10.0.42.255 scope global dynamic eth0
[37m[177.498942 0:43 starry_kernel::task::ops:398] [32mTask(43, "ip") exit with code: 0[m
[m[37m[177.499251 0:17 ax_driver::soc::rockchip::cpufreq:872] [32mgov: A55 peak=100% opp 0->2 = 1021 MHz @ 675 mV[m
[m[37m[177.519256 0:43 starry_kernel::task::signal:605] [32mSend signal SIGCHLD to process 1[m
[m[37m[177.526689 0:18 starry_kernel::syscall::task::wait:245] [32msys_waitpid <= pid: -1, options: WaitPidOptions(WNOHANG | WUNTRACED | WCONTINUED)[m
[mroot@starry:/tmp/t23 # [37m[177.699691 0:17 ax_driver::soc::rockchip::cpufreq:872] [32mgov: A55 peak=0% opp 2->1 = 816 MHz @ 675 mV[m
[m[37m[177.800173 0:17 ax_driver::soc::rockchip::cpufreq:872] [32mgov: A55 peak=10% opp 1->0 = 408 MHz @ 675 mV[m
[m

[Axvisor] detached VM[1] console
Welcome to AxVisor Shell!
Type 'help' to see available commands
Use UP/DOWN arrows to navigate command history
Console shortcuts:
  Ctrl+X, then h  return to the Axvisor shell
  Ctrl+X, then [  attach the previous running guest
  Ctrl+X, then ]  attach the next running guest

[2Kaxvisor:/$ [2Kaxvisor:/$ v[2Kaxvisor:/$ vi[2Kaxvisor:/$ vir[2Kaxvisor:/$ virt[2Kaxvisor:/$ virtn[2Kaxvisor:/$ virtne[2Kaxvisor:/$ virtnet[2Kaxvisor:/$ virtnet [2Kaxvisor:/$ virtnet c[2Kaxvisor:/$ virtnet ca[2Kaxvisor:/$ virtnet cap[2Kaxvisor:/$ virtnet capt[2Kaxvisor:/$ virtnet captu[2Kaxvisor:/$ virtnet captur[2Kaxvisor:/$ virtnet capture[2Kaxvisor:/$ virtnet capture [2Kaxvisor:/$ virtnet capture o[2Kaxvisor:/$ virtnet capture on
virtnet: capture ON
axvisor:/$ [2Kaxvisor:/$ v[2Kaxvisor:/$ vm[2Kaxvisor:/$ vm [2Kaxvisor:/$ vm c[2Kaxvisor:/$ vm co[2Kaxvisor:/$ vm con[2Kaxvisor:/$ vm cons[2Kaxvisor:/$ vm conso[2Kaxvisor:/$ vm consol[2Kaxvisor:/$ vm console[2Kaxvisor:/$ vm console [2Kaxvisor:/$ vm console 1
✓ Attached VM[1] console; use Ctrl+X, then h to return to the shell
/tmp/t23/bin/task2-net
[37m[236.136598 0:18 starry_kernel::syscall::task::wait:245] [32msys_waitpid <= pid: -1, options: WaitPidOptions(WUNTRACED | WCONTINUED)[m
[m[37m[236.136880 0:44 starry_kernel::task::user:70] [32mEnter user space: ip=0x223184, sp=0x3fffffff540[m
[m[37m[236.152733 0:44 ax_net::udp:288] [32mUDP socket #0: bound on 10.0.42.15:4242[m
[mTASK2_READY role=controller local=10.0.42.15:4242 peer=10.0.42.2:4242
TASK3_MODEL_READY model=yolo11n.ncnn runtime=ncnn ncnn_revision=946fe3fb14a8dff8c06df763f67be522167b2f00 param_sha256=d2c0adf8939dc9ce02964ce8ada104447768ffd8e3bffad8fa11e2e61e709c1f bin_sha256=0ae562447923999779b12b4f91f96b9ef263add8c9902d10e22e6dd6a2932c12 input_sha256=608c8a61ff0bb43e5a8613f1f6f8aa08af74b084363610ed2b526ad925e4cb6f path=/usr/share/task3-yolo mode=in-guest input=rgb-resize-640x640-normalize-1/255 threads=1
TASK3_MODEL_POLICY min_confidence_milli=600 min_area_milli=10 max_target_step=100
TASK3_INFER_STARTED elapsed_ms=2 sample=1 model=yolo11n.ncnn
[37m[236.222516 0:45 starry_kernel::task::user:70] [32mEnter user space: ip=0x8a0978, sp=0x21ca50[m
[m[37m[236.265050 0:17 ax_driver::soc::rockchip::cpufreq:872] [32mgov: A55 peak=83% opp 0->2 = 1021 MHz @ 675 mV[m
[mTASK2_HEARTBEAT_RECEIVED peer_uptime_ms=449240
TASK2_HEARTBEAT_RECEIVED peer_uptime_ms=449440
TASK2_HEARTBEAT_RECEIVED peer_uptime_ms=449640
TASK2_HEARTBEAT_RECEIVED peer_uptime_ms=449840
TASK2_HEARTBEAT_RECEIVED peer_uptime_ms=450040
TASK2_HEARTBEAT_RECEIVED peer_uptime_ms=450240
TASK2_HEARTBEAT_RECEIVED peer_uptime_ms=450440
TASK2_HEARTBEAT_RECEIVED peer_uptime_ms=450660
TASK2_HEARTBEAT_RECEIVED peer_uptime_ms=450860
TASK2_HEARTBEAT_RECEIVED peer_uptime_ms=451160
TASK2_HEARTBEAT_RECEIVED peer_uptime_ms=451360
TASK2_HEARTBEAT_RECEIVED peer_uptime_ms=451560
TASK2_HEARTBEAT_RECEIVED peer_uptime_ms=451840
TASK2_HEARTBEAT_RECEIVED peer_uptime_ms=452040
TASK2_HEARTBEAT_RECEIVED peer_uptime_ms=452340
TASK2_HEARTBEAT_RECEIVED peer_uptime_ms=452540
TASK2_HEARTBEAT_RECEIVED peer_uptime_ms=452820
TASK2_HEARTBEAT_RECEIVED peer_uptime_ms=453020
TASK2_HEARTBEAT_RECEIVED peer_uptime_ms=453220
TASK2_HEARTBEAT_RECEIVED peer_uptime_ms=453420
[37m[238.651089 0:45 starry_kernel::task::ops:398] [32mTask(45, "task2-net") exit with code: 0[m
[mTASK2_HEARTBEAT_RECEIVED peer_uptime_ms=453620
TASK3_DETECTION model=yolo11n.ncnn class=75 confidence_milli=843 center_x_milli=421 area_milli=63 target=421
TASK3_INFER elapsed_ms=2315 sample=1 output=242 infer_us=1568594 model=yolo11n.ncnn target=421
TASK3_CONTROL_SENT elapsed_ms=2315 request=1 value=242 target=421 state=300 seq=1 model=yolo11n.ncnn
TASK2_HEARTBEAT_RECEIVED peer_uptime_ms=453900
TASK2_HEARTBEAT_RECEIVED peer_uptime_ms=454100
TASK2_ACK seq=1
TASK3_STATUS_RECEIVED elapsed_ms=2558 request=1 value=255 state=255 sample=1 rtt_ms=243
TASK3_INFER_STARTED elapsed_ms=2558 sample=2 model=yolo11n.ncnn
[37m[238.721678 0:46 starry_kernel::task::user:70] [32mEnter user space: ip=0x8a0978, sp=0x21ca50[m
[mTASK2_HEARTBEAT_RECEIVED peer_uptime_ms=454400
TASK2_HEARTBEAT_RECEIVED peer_uptime_ms=454600
TASK2_HEARTBEAT_RECEIVED peer_uptime_ms=454800
TASK2_HEARTBEAT_RECEIVED peer_uptime_ms=455000
TASK2_HEARTBEAT_RECEIVED peer_uptime_ms=455280
TASK2_HEARTBEAT_RECEIVED peer_uptime_ms=455480
TASK2_HEARTBEAT_RECEIVED peer_uptime_ms=455680
TASK2_HEARTBEAT_RECEIVED peer_uptime_ms=455880
TASK2_HEARTBEAT_RECEIVED peer_uptime_ms=456160
TASK2_HEARTBEAT_RECEIVED peer_uptime_ms=456360
TASK2_HEARTBEAT_RECEIVED peer_uptime_ms=456560
TASK2_HEARTBEAT_RECEIVED peer_uptime_ms=456760
TASK2_HEARTBEAT_RECEIVED peer_uptime_ms=456960
TASK2_HEARTBEAT_RECEIVED peer_uptime_ms=457260
TASK2_HEARTBEAT_RECEIVED peer_uptime_ms=457460
TASK2_HEARTBEAT_RECEIVED peer_uptime_ms=457740
TASK2_HEARTBEAT_RECEIVED peer_uptime_ms=457940
TASK2_HEARTBEAT_RECEIVED peer_uptime_ms=458140
[37m[241.048762 0:46 starry_kernel::task::ops:398] [32mTask(46, "task2-net") exit with code: 0[m
[mTASK2_HEARTBEAT_RECEIVED peer_uptime_ms=458340
TASK3_DETECTION model=yolo11n.ncnn class=75 confidence_milli=843 center_x_milli=421 area_milli=63 target=421
TASK3_INFER elapsed_ms=4712 sample=2 output=332 infer_us=1554723 model=yolo11n.ncnn target=421
TASK3_CONTROL_SENT elapsed_ms=4712 request=2 value=332 target=421 state=255 seq=2 model=yolo11n.ncnn
TASK2_HEARTBEAT_RECEIVED peer_uptime_ms=458620
TASK2_HEARTBEAT_RECEIVED peer_uptime_ms=458820
TASK2_ACK seq=2
TASK3_STATUS_RECEIVED elapsed_ms=4956 request=2 value=259 state=259 sample=2 rtt_ms=244
TASK3_INFER_STARTED elapsed_ms=4956 sample=3 model=yolo11n.ncnn
[37m[241.119764 0:47 starry_kernel::task::user:70] [32mEnter user space: ip=0x8a0978, sp=0x21ca50[m
[mTASK2_HEARTBEAT_RECEIVED peer_uptime_ms=459120
TASK2_HEARTBEAT_RECEIVED peer_uptime_ms=459320
TASK2_HEARTBEAT_RECEIVED peer_uptime_ms=459520
TASK2_HEARTBEAT_RECEIVED peer_uptime_ms=459800
TASK2_HEARTBEAT_RECEIVED peer_uptime_ms=460000
TASK2_HEARTBEAT_RECEIVED peer_uptime_ms=460200
TASK2_HEARTBEAT_RECEIVED peer_uptime_ms=460400
TASK2_HEARTBEAT_RECEIVED peer_uptime_ms=460600
TASK2_HEARTBEAT_RECEIVED peer_uptime_ms=460900
TASK2_HEARTBEAT_RECEIVED peer_uptime_ms=461100
TASK2_HEARTBEAT_RECEIVED peer_uptime_ms=461380
TASK2_HEARTBEAT_RECEIVED peer_uptime_ms=461580
TASK2_HEARTBEAT_RECEIVED peer_uptime_ms=461780
TASK2_HEARTBEAT_RECEIVED peer_uptime_ms=461980
TASK2_HEARTBEAT_RECEIVED peer_uptime_ms=462260
TASK2_HEARTBEAT_RECEIVED peer_uptime_ms=462460
TASK2_HEARTBEAT_RECEIVED peer_uptime_ms=462660
TASK2_HEARTBEAT_RECEIVED peer_uptime_ms=462860
[37m[243.457196 0:47 starry_kernel::task::ops:398] [32mTask(47, "task2-net") exit with code: 0[m
[mTASK2_HEARTBEAT_RECEIVED peer_uptime_ms=463060
TASK3_DETECTION model=yolo11n.ncnn class=75 confidence_milli=843 center_x_milli=421 area_milli=63 target=421
TASK3_INFER elapsed_ms=7111 sample=3 output=324 infer_us=1561490 model=yolo11n.ncnn target=421
TASK3_CONTROL_SENT elapsed_ms=7111 request=3 value=324 target=421 state=259 seq=3 model=yolo11n.ncnn
TASK2_HEARTBEAT_RECEIVED peer_uptime_ms=463340
TASK2_HEARTBEAT_RECEIVED peer_uptime_ms=463540
TASK2_ACK seq=3
TASK3_STATUS_RECEIVED elapsed_ms=7365 request=3 value=258 state=258 sample=3 rtt_ms=254
TASK3_INFER_STARTED elapsed_ms=7365 sample=4 model=yolo11n.ncnn
[37m[243.528406 0:48 starry_kernel::task::user:70] [32mEnter user space: ip=0x8a0978, sp=0x21ca50[m
[mTASK2_HEARTBEAT_RECEIVED peer_uptime_ms=463860
TASK2_HEARTBEAT_RECEIVED peer_uptime_ms=464060
TASK2_HEARTBEAT_RECEIVED peer_uptime_ms=464260
TASK2_HEARTBEAT_RECEIVED peer_uptime_ms=464460
TASK2_HEARTBEAT_RECEIVED peer_uptime_ms=464660
TASK2_HEARTBEAT_RECEIVED peer_uptime_ms=464940
TASK2_HEARTBEAT_RECEIVED peer_uptime_ms=465140
TASK2_HEARTBEAT_RECEIVED peer_uptime_ms=465340
TASK2_HEARTBEAT_RECEIVED peer_uptime_ms=465540
TASK2_HEARTBEAT_RECEIVED peer_uptime_ms=465820
TASK2_HEARTBEAT_RECEIVED peer_uptime_ms=466020
TASK2_HEARTBEAT_RECEIVED peer_uptime_ms=466220
TASK2_HEARTBEAT_RECEIVED peer_uptime_ms=466420
TASK2_HEARTBEAT_RECEIVED peer_uptime_ms=466620
TASK2_HEARTBEAT_RECEIVED peer_uptime_ms=466820
TASK2_HEARTBEAT_RECEIVED peer_uptime_ms=467100
TASK2_HEARTBEAT_RECEIVED peer_uptime_ms=467300
TASK2_HEARTBEAT_RECEIVED peer_uptime_ms=467500
TASK2_HEARTBEAT_RECEIVED peer_uptime_ms=467700
[37m[245.867497 0:48 starry_kernel::task::ops:398] [32mTask(48, "task2-net") exit with code: 0[m
[mTASK2_HEARTBEAT_RECEIVED peer_uptime_ms=468000
TASK3_DETECTION model=yolo11n.ncnn class=75 confidence_milli=843 center_x_milli=421 area_milli=63 target=421
TASK3_INFER elapsed_ms=9525 sample=4 output=326 infer_us=1558730 model=yolo11n.ncnn target=421
TASK3_CONTROL_SENT elapsed_ms=9525 request=4 value=326 target=421 state=258 seq=4 model=yolo11n.ncnn
TASK2_HEARTBEAT_RECEIVED peer_uptime_ms=468200
TASK2_ACK seq=4
TASK3_STATUS_RECEIVED elapsed_ms=9764 request=4 value=259 state=259 sample=4 rtt_ms=239
TASK3_INFER_STARTED elapsed_ms=9764 sample=5 model=yolo11n.ncnn
[37m[245.927830 0:49 starry_kernel::task::user:70] [32mEnter user space: ip=0x8a0978, sp=0x21ca50[m
[mTASK2_HEARTBEAT_RECEIVED peer_uptime_ms=468580
TASK2_HEARTBEAT_RECEIVED peer_uptime_ms=468780
TASK2_HEARTBEAT_RECEIVED peer_uptime_ms=468980
TASK2_HEARTBEAT_RECEIVED peer_uptime_ms=469180
TASK2_HEARTBEAT_RECEIVED peer_uptime_ms=469380
TASK2_HEARTBEAT_RECEIVED peer_uptime_ms=469660
TASK2_HEARTBEAT_RECEIVED peer_uptime_ms=469860
TASK2_HEARTBEAT_RECEIVED peer_uptime_ms=470060
TASK2_HEARTBEAT_RECEIVED peer_uptime_ms=470260
TASK2_HEARTBEAT_RECEIVED peer_uptime_ms=470560
TASK2_HEARTBEAT_RECEIVED peer_uptime_ms=470760
TASK2_HEARTBEAT_RECEIVED peer_uptime_ms=471040
TASK2_HEARTBEAT_RECEIVED peer_uptime_ms=471240
TASK2_HEARTBEAT_RECEIVED peer_uptime_ms=471440
TASK2_HEARTBEAT_RECEIVED peer_uptime_ms=471640
TASK2_HEARTBEAT_RECEIVED peer_uptime_ms=471840
TASK2_HEARTBEAT_RECEIVED peer_uptime_ms=472040
TASK2_HEARTBEAT_RECEIVED peer_uptime_ms=472320
[37m[248.269534 0:49 starry_kernel::task::ops:398] [32mTask(49, "task2-net") exit with code: 0[m
[mTASK2_HEARTBEAT_RECEIVED peer_uptime_ms=472520
TASK3_DETECTION model=yolo11n.ncnn class=75 confidence_milli=843 center_x_milli=421 area_milli=63 target=421
TASK3_INFER elapsed_ms=11921 sample=5 output=324 infer_us=1561613 model=yolo11n.ncnn target=421
TASK3_CONTROL_SENT elapsed_ms=11921 request=5 value=324 target=421 state=259 seq=5 model=yolo11n.ncnn
TASK2_HEARTBEAT_RECEIVED peer_uptime_ms=472720
TASK2_HEARTBEAT_RECEIVED peer_uptime_ms=472920
TASK2_ACK seq=5
TASK3_STATUS_RECEIVED elapsed_ms=12177 request=5 value=258 state=258 sample=5 rtt_ms=256
TASK3_INFER_STARTED elapsed_ms=12177 sample=6 model=yolo11n.ncnn
[37m[248.340686 0:50 starry_kernel::task::user:70] [32mEnter user space: ip=0x8a0978, sp=0x21ca50[m
[mTASK2_HEARTBEAT_RECEIVED peer_uptime_ms=473320
TASK2_HEARTBEAT_RECEIVED peer_uptime_ms=473520
TASK2_HEARTBEAT_RECEIVED peer_uptime_ms=473720
TASK2_HEARTBEAT_RECEIVED peer_uptime_ms=473920
TASK2_HEARTBEAT_RECEIVED peer_uptime_ms=474220
TASK2_HEARTBEAT_RECEIVED peer_uptime_ms=474420
TASK2_HEARTBEAT_RECEIVED peer_uptime_ms=474620
TASK2_HEARTBEAT_RECEIVED peer_uptime_ms=474900
TASK2_HEARTBEAT_RECEIVED peer_uptime_ms=475100
TASK2_HEARTBEAT_RECEIVED peer_uptime_ms=475300
TASK2_HEARTBEAT_RECEIVED peer_uptime_ms=475500
TASK2_HEARTBEAT_RECEIVED peer_uptime_ms=475780
TASK2_HEARTBEAT_RECEIVED peer_uptime_ms=475980
TASK2_HEARTBEAT_RECEIVED peer_uptime_ms=476180
TASK2_HEARTBEAT_RECEIVED peer_uptime_ms=476480
TASK2_HEARTBEAT_RECEIVED peer_uptime_ms=476680
TASK2_HEARTBEAT_RECEIVED peer_uptime_ms=476960
TASK2_HEARTBEAT_RECEIVED peer_uptime_ms=477160
[37m[250.677518 0:50 starry_kernel::task::ops:398] [32mTask(50, "task2-net") exit with code: 0[m
[mTASK2_HEARTBEAT_RECEIVED peer_uptime_ms=477360
TASK3_DETECTION model=yolo11n.ncnn class=75 confidence_milli=843 center_x_milli=421 area_milli=63 target=421
TASK3_INFER elapsed_ms=14335 sample=6 output=326 infer_us=1555381 model=yolo11n.ncnn target=421
TASK3_CONTROL_SENT elapsed_ms=14335 request=6 value=326 target=421 state=258 seq=6 model=yolo11n.ncnn
TASK2_HEARTBEAT_RECEIVED peer_uptime_ms=477560
TASK2_HEARTBEAT_RECEIVED peer_uptime_ms=477760
TASK2_ACK seq=6
TASK3_STATUS_RECEIVED elapsed_ms=14585 request=6 value=259 state=259 sample=6 rtt_ms=250
TASK3_INFER_STARTED elapsed_ms=14585 sample=7 model=yolo11n.ncnn
[37m[250.748730 0:51 starry_kernel::task::user:70] [32mEnter user space: ip=0x8a0978, sp=0x21ca50[m
[mTASK2_HEARTBEAT_RECEIVED peer_uptime_ms=478060
TASK2_HEARTBEAT_RECEIVED peer_uptime_ms=478260
TASK2_HEARTBEAT_RECEIVED peer_uptime_ms=478460
TASK2_HEARTBEAT_RECEIVED peer_uptime_ms=478660
TASK2_HEARTBEAT_RECEIVED peer_uptime_ms=478860
TASK2_HEARTBEAT_RECEIVED peer_uptime_ms=479160
TASK2_HEARTBEAT_RECEIVED peer_uptime_ms=479360
TASK2_HEARTBEAT_RECEIVED peer_uptime_ms=479560
TASK2_HEARTBEAT_RECEIVED peer_uptime_ms=479840
TASK2_HEARTBEAT_RECEIVED peer_uptime_ms=480040
TASK2_HEARTBEAT_RECEIVED peer_uptime_ms=480240
TASK2_HEARTBEAT_RECEIVED peer_uptime_ms=480520
TASK2_HEARTBEAT_RECEIVED peer_uptime_ms=480720
TASK2_HEARTBEAT_RECEIVED peer_uptime_ms=480920
TASK2_HEARTBEAT_RECEIVED peer_uptime_ms=481120
TASK2_HEARTBEAT_RECEIVED peer_uptime_ms=481320
TASK2_HEARTBEAT_RECEIVED peer_uptime_ms=481620
TASK2_HEARTBEAT_RECEIVED peer_uptime_ms=481820
[37m[253.089273 0:51 starry_kernel::task::ops:398] [32mTask(51, "task2-net") exit with code: 0[m
[mTASK2_HEARTBEAT_RECEIVED peer_uptime_ms=482100
TASK3_DETECTION model=yolo11n.ncnn class=75 confidence_milli=843 center_x_milli=421 area_milli=63 target=421
TASK3_INFER elapsed_ms=16744 sample=7 output=324 infer_us=1556806 model=yolo11n.ncnn target=421
TASK3_CONTROL_SENT elapsed_ms=16744 request=7 value=324 target=421 state=259 seq=7 model=yolo11n.ncnn
TASK2_HEARTBEAT_RECEIVED peer_uptime_ms=482300
TASK2_HEARTBEAT_RECEIVED peer_uptime_ms=482500
TASK2_ACK seq=7
TASK3_STATUS_RECEIVED elapsed_ms=16997 request=7 value=258 state=258 sample=7 rtt_ms=253
TASK3_INFER_STARTED elapsed_ms=16997 sample=8 model=yolo11n.ncnn
[37m[253.160353 0:52 starry_kernel::task::user:70] [32mEnter user space: ip=0x8a0978, sp=0x21ca50[m
[mTASK2_HEARTBEAT_RECEIVED peer_uptime_ms=482800
TASK2_HEARTBEAT_RECEIVED peer_uptime_ms=483000
TASK2_HEARTBEAT_RECEIVED peer_uptime_ms=483200
TASK2_HEARTBEAT_RECEIVED peer_uptime_ms=483400
TASK2_HEARTBEAT_RECEIVED peer_uptime_ms=483600
TASK2_HEARTBEAT_RECEIVED peer_uptime_ms=483800
TASK2_HEARTBEAT_RECEIVED peer_uptime_ms=484000
TASK2_HEARTBEAT_RECEIVED peer_uptime_ms=484280
TASK2_HEARTBEAT_RECEIVED peer_uptime_ms=484480
TASK2_HEARTBEAT_RECEIVED peer_uptime_ms=484680
TASK2_HEARTBEAT_RECEIVED peer_uptime_ms=484880
TASK2_HEARTBEAT_RECEIVED peer_uptime_ms=485180
TASK2_HEARTBEAT_RECEIVED peer_uptime_ms=485380
TASK2_HEARTBEAT_RECEIVED peer_uptime_ms=485660
TASK2_HEARTBEAT_RECEIVED peer_uptime_ms=485860
TASK2_HEARTBEAT_RECEIVED peer_uptime_ms=486060
TASK2_HEARTBEAT_RECEIVED peer_uptime_ms=486260
TASK2_HEARTBEAT_RECEIVED peer_uptime_ms=486540
[37m[255.494974 0:52 starry_kernel::task::ops:398] [32mTask(52, "task2-net") exit with code: 0[m
[mTASK2_HEARTBEAT_RECEIVED peer_uptime_ms=486740
TASK3_DETECTION model=yolo11n.ncnn class=75 confidence_milli=843 center_x_milli=421 area_milli=63 target=421
TASK3_INFER elapsed_ms=19151 sample=8 output=326 infer_us=1556145 model=yolo11n.ncnn target=421
TASK3_CONTROL_SENT elapsed_ms=19151 request=8 value=326 target=421 state=258 seq=8 model=yolo11n.ncnn
TASK2_HEARTBEAT_RECEIVED peer_uptime_ms=486940
TASK2_HEARTBEAT_RECEIVED peer_uptime_ms=487140
TASK2_ACK seq=8
TASK3_STATUS_RECEIVED elapsed_ms=19401 request=8 value=259 state=259 sample=8 rtt_ms=250
TASK3_INFER_STARTED elapsed_ms=19401 sample=9 model=yolo11n.ncnn
[37m[255.565135 0:53 starry_kernel::task::user:70] [32mEnter user space: ip=0x8a0978, sp=0x21ca50[m
[mTASK2_HEARTBEAT_RECEIVED peer_uptime_ms=487540
TASK2_HEARTBEAT_RECEIVED peer_uptime_ms=487740
TASK2_HEARTBEAT_RECEIVED peer_uptime_ms=487940
TASK2_HEARTBEAT_RECEIVED peer_uptime_ms=488140

[Axvisor] detached VM[1] console
[2Kaxvisor:/$ [2Kaxvisor:/$ v[2Kaxvisor:/$ vi[2Kaxvisor:/$ vir[2Kaxvisor:/$ virt[2Kaxvisor:/$ virtn[2Kaxvisor:/$ virtne[2Kaxvisor:/$ virtnet[2Kaxvisor:/$ virtnet [2Kaxvisor:/$ virtnet c[2Kaxvisor:/$ virtnet ca[2Kaxvisor:/$ virtnet cap[2Kaxvisor:/$ virtnet capt[2Kaxvisor:/$ virtnet captu[2Kaxvisor:/$ virtnet captur[2Kaxvisor:/$ virtnet capture[2Kaxvisor:/$ virtnet capture [2Kaxvisor:/$ virtnet capture o[2Kaxvisor:/$ virtnet capture of[2Kaxvisor:/$ virtnet capture off
virtnet: capture OFF (2164 frames buffered)
axvisor:/$ [2Kaxvisor:/$ v[2Kaxvisor:/$ vi[2Kaxvisor:/$ vir[2Kaxvisor:/$ virt[2Kaxvisor:/$ virtn[2Kaxvisor:/$ virtne[2Kaxvisor:/$ virtnet[2Kaxvisor:/$ virtnet [2Kaxvisor:/$ virtnet c[2Kaxvisor:/$ virtnet ca[2Kaxvisor:/$ virtnet cap[2Kaxvisor:/$ virtnet capt[2Kaxvisor:/$ virtnet captu[2Kaxvisor:/$ virtnet captur[2Kaxvisor:/$ virtnet capture[2Kaxvisor:/$ virtnet capture [2Kaxvisor:/$ virtnet capture o[2Kaxvisor:/$ virtnet capture on
virtnet: capture ON
axvisor:/$ [2Kaxvisor:/$ v[2Kaxvisor:/$ vi[2Kaxvisor:/$ vir[2Kaxvisor:/$ virt[2Kaxvisor:/$ virtn[2Kaxvisor:/$ virtne[2Kaxvisor:/$ virtnet[2Kaxvisor:/$ virtnet [2Kaxvisor:/$ virtnet c[2Kaxvisor:/$ virtnet ca[2Kaxvisor:/$ virtnet cap[2Kaxvisor:/$ virtnet capt[2Kaxvisor:/$ virtnet captu[2Kaxvisor:/$ virtnet captur[2Kaxvisor:/$ virtnet capture[2Kaxvisor:/$ virtnet capture [2Kaxvisor:/$ virtnet capture o[2Kaxvisor:/$ virtnet capture of[2Kaxvisor:/$ virtnet capture off
virtnet: capture OFF (2278 frames buffered)
axvisor:/$ [2Kaxvisor:/$ r[2Kaxvisor:/$ rt[2Kaxvisor:/$ rt [2Kaxvisor:/$ rt s[2Kaxvisor:/$ rt st[2Kaxvisor:/$ rt sta[2Kaxvisor:/$ rt stat
RT vCPU wait counters:
  vcpu=0 post_vmexit_yields=440917 parks=105469 wakes=102568 notify_woke=102485 vtimer_arms=208608 vtimer_immediate=1202 vtimer_no_deadline=0 vtimer_registered=207406 vtimer_callbacks=96966 vtimer_stale_callbacks=20 vtimer_notifications=96946 vtimer_invalidations=1752999 callback_to_wake_samples=0 callback_to_wake_overflow=0 callback_to_wake_p50_ns=0 callback_to_wake_p99_ns=0 callback_to_wake_p99_9_ns=0 callback_to_wake_max_ns=0 callback_to_run_dispatch_samples=0 callback_to_run_dispatch_overflow=0 callback_to_run_dispatch_p50_ns=0 callback_to_run_dispatch_p99_ns=0 callback_to_run_dispatch_p99_9_ns=0 callback_to_run_dispatch_max_ns=0 callback_to_guest_entry_samples=0 callback_to_guest_entry_overflow=0 callback_to_guest_entry_p50_ns=0 callback_to_guest_entry_p99_ns=0 callback_to_guest_entry_p99_9_ns=0 callback_to_guest_entry_max_ns=0 direct_acks=89732 direct_overlaps=0 direct_to_run_dispatch_samples=0 direct_to_run_dispatch_overflow=0 direct_to_run_dispatch_p50_ns=0 direct_to_run_dispatch_p99_ns=0 direct_to_run_dispatch_p99_9_ns=0 direct_to_run_dispatch_max_ns=0 direct_to_guest_entry_samples=0 direct_to_guest_entry_overflow=0 direct_to_guest_entry_p50_ns=0 direct_to_guest_entry_p99_ns=0 direct_to_guest_entry_p99_9_ns=0 direct_to_guest_entry_max_ns=0 activation_hold_samples=0 activation_hold_overflow=0 activation_hold_p50_ns=0 activation_hold_p99_ns=0 activation_hold_p99_9_ns=0 activation_hold_max_ns=0
  lr_skips=0
RT device-poll counters:
  vm=1 published=388 kicked=388 consumed=176 pending=false
  vm=2 published=0 kicked=0 consumed=0 pending=false
RT AxVM timer counters:
  cpu=0 now_ns=558891893708 wheel_next_ns=0 published_ns=0 registered=134309 cancelled=70185 expired=64124 worker_wakes=64038 expiry_batches=64124 expiry_late_samples=0 expiry_late_overflow=0 expiry_late_p50_ns=0 expiry_late_p99_ns=0 expiry_late_p99_9_ns=0 expiry_late_max_ns=0 lock_acquisitions=628619 lock_wait_total_ns=241134260 lock_wait_max_ns=42583 lock_hold_total_ns=1082635107 lock_hold_max_ns=18666
  cpu=1 now_ns=558891893708 wheel_next_ns=558898499583 published_ns=558898499583 registered=73097 cancelled=40254 expired=32842 worker_wakes=32837 expiry_batches=32842 expiry_late_samples=0 expiry_late_overflow=0 expiry_late_p50_ns=0 expiry_late_p99_ns=0 expiry_late_p99_9_ns=0 expiry_late_max_ns=0 lock_acquisitions=318105 lock_wait_total_ns=103860991 lock_wait_max_ns=27709 lock_hold_total_ns=503853597 lock_hold_max_ns=23333
RT host hardware timer IRQ counters:
  cpu=0 irqs=103658
  cpu=1 irqs=70941
  cpu=2 irqs=37976
  cpu=3 irqs=38005
  cpu=4 irqs=38002
  cpu=5 irqs=38004
  cpu=6 irqs=38002
  cpu=7 irqs=38002
RT console counters: attached=None flush_calls=28084702 host_write_bytes=66862
  vm=1 active=true input_enqueued=388 input_drained=388 input_dropped=0 input_pending=0 output_enqueued=124146 output_drained=124146 output_dropped=0 output_pending=0
  vm=2 active=true input_enqueued=0 input_drained=0 input_dropped=0 input_pending=0 output_enqueued=29565 output_drained=29565 output_dropped=0 output_pending=0
axvisor:/$ [2Kaxvisor:/$ v[2Kaxvisor:/$ vm[2Kaxvisor:/$ vme[2Kaxvisor:/$ vmex[2Kaxvisor:/$ vmexi[2Kaxvisor:/$ vmexit[2Kaxvisor:/$ vmexit [2Kaxvisor:/$ vmexit s[2Kaxvisor:/$ vmexit st[2Kaxvisor:/$ vmexit sta[2Kaxvisor:/$ vmexit stat
VM-exit counters per physical CPU (13 reasons):
  cpu         irq     timer      mmio       wfi   hvc-smc    sysregcntp-sysreg    gic-if       sgi    cpu-up  sys-down   nothing     other
    0      115979     92015    283407     68986         -         -         -         -         -         -         -        66         -
    1       69675         -     77017     38125         -         -     69456         -         -         -         -         2         -
Host periodic scheduler ticks (event-driven timer IRQs excluded):
  cpu   0:      36013
  cpu   1:      35954
  cpu   2:      35933
  cpu   3:      35953
  cpu   4:      35951
  cpu   5:      35952
  cpu   6:      35951
  cpu   7:      35951
axvisor:/$ [2Kaxvisor:/$ v[2Kaxvisor:/$ vm[2Kaxvisor:/$ vm [2Kaxvisor:/$ vm l[2Kaxvisor:/$ vm li[2Kaxvisor:/$ vm lis[2Kaxvisor:/$ vm list
VM ID  NAME            STATUS       VCPU            MEMORY     VCPU STATE          
------ --------------- ------------ --------------- ---------- --------------------
1      atk-task23-starry running      0               1GB        Run:1               
2      atk-task23-rtthread running      0               512MB      Free:1              
axvisor:/$ [2Kaxvisor:/$ v[2Kaxvisor:/$ vm[2Kaxvisor:/$ vm [2Kaxvisor:/$ vm s[2Kaxvisor:/$ vm su[2Kaxvisor:/$ vm sus[2Kaxvisor:/$ vm susp[2Kaxvisor:/$ vm suspe[2Kaxvisor:/$ vm suspen[2Kaxvisor:/$ vm suspend[2Kaxvisor:/$ vm suspend [2Kaxvisor:/$ vm suspend 1[2Kaxvisor:/$ vm suspend 1 [2Kaxvisor:/$ vm suspend 1 2
Suspending VM[1]...
[37m[587.901524 2:2 axvisor::shell::command::vm:406] [32mVM[1] status set to Paused[m
[m✓ VM[1] suspend signal sent
  Note: 1 VCpu task(s) will enter wait queue at next VMExit
  Waiting for VCpus to suspend...
⚠ Some VCpu tasks may still be transitioning to suspended state
  VCpus will suspend at next VMExit (timer interrupt, I/O, etc.)
  This is normal for VMs with low interrupt rates
  Use 'vm resume 1' to resume the VM
Suspending VM[2]...
[37m[588.905130 2:2 axvisor::shell::command::vm:406] [32mVM[2] status set to Paused[m
[m✓ VM[2] suspend signal sent
  Note: 1 VCpu task(s) will enter wait queue at next VMExit
  Waiting for VCpus to suspend...
⚠ Some VCpu tasks may still be transitioning to suspended state
  VCpus will suspend at next VMExit (timer interrupt, I/O, etc.)
  This is normal for VMs with low interrupt rates
  Use 'vm resume 2' to resume the VM
axvisor:/$ [2Kaxvisor:/$ v[2Kaxvisor:/$ vm[2Kaxvisor:/$ vm [2Kaxvisor:/$ vm l[2Kaxvisor:/$ vm li[2Kaxvisor:/$ vm lis[2Kaxvisor:/$ vm list
VM ID  NAME            STATUS       VCPU            MEMORY     VCPU STATE          
------ --------------- ------------ --------------- ---------- --------------------
1      atk-task23-starry paused       0               1GB        Free:1              
2      atk-task23-rtthread paused       0               512MB      Free:1              
axvisor:/$ [2Kaxvisor:/$ v[2Kaxvisor:/$ vi[2Kaxvisor:/$ vir[2Kaxvisor:/$ virt[2Kaxvisor:/$ virtn[2Kaxvisor:/$ virtne[2Kaxvisor:/$ virtnet[2Kaxvisor:/$ virtnet [2Kaxvisor:/$ virtnet c[2Kaxvisor:/$ virtnet ca[2Kaxvisor:/$ virtnet cap[2Kaxvisor:/$ virtnet capt[2Kaxvisor:/$ virtnet captu[2Kaxvisor:/$ virtnet captur[2Kaxvisor:/$ virtnet capture[2Kaxvisor:/$ virtnet capture [2Kaxvisor:/$ virtnet capture d[2Kaxvisor:/$ virtnet capture du[2Kaxvisor:/$ virtnet capture dum[2Kaxvisor:/$ virtnet capture dump
CAPDUMP_BEGIN
CAPTURE 1 422737898333 52540012341552540012340208004500004007b00000ff114bec0a002a020a002a0f10921092002cdcbb54324e310105000054525432000000000000000000080000218529b50000000000060270
CAPTURE 1 422739641333 52540012340252540012341508004500005c000040004001d2900a002a0f0a002a020303654b000000004500004000004000ff11139c0a002a020a002a0f10921092002cdcbb54324e310105000054525432000000000000000000080000218529b50000000000060270
CAPTURE 1 422842659750 52540012341552540012340208004500004007b10000ff114beb0a002a020a002a0f10921092002c153e54324e3101050000545254320000000000000000000800004099d1560000000000060338
CAPTURE 1 422843746791 52540012340252540012341508004500005c000040004001d2900a002a0f0a002a020303654b000000004500004000004000ff11139c0a002a020a002a0f10921092002c153e54324e3101050000545254320000000000000000000800004099d1560000000000060338
CAPTURE 1 422947353208 52540012341552540012340208004500004007b20000ff114bea0a002a020a002a0f10921092002cff7b54324e31010500005452543200000000000000000008000027daff0f0000000000060400
CAPTURE 1 422948628375 52540012340252540012341508004500005c000040004001d2900a002a0f0a002a020303654b000000004500004000004000ff11139c0a002a020a002a0f10921092002cff7b54324e31010500005452543200000000000000000008000027daff0f0000000000060400
CAPTURE 1 423052126291 52540012341552540012340208004500004007b30000ff114be90a002a020a002a0f10921092002cbdaa54324e310105000054525432000000000000000000080000b265b58d00000000000604c8
CAPTURE 1 423053209833 52540012340252540012341508004500005c000040004001d2900a002a0f0a002a020303654b000000004500004000004000ff11139c0a002a020a002a0f10921092002cbdaa54324e310105000054525432000000000000000000080000b265b58d00000000000604c8
CAPTURE 1 423156829958 52540012341552540012340208004500004007b40000ff114be80a002a020a002a0f10921092002cf8fc54324e310105000054525432000000000000000000080000cece5d0a0000000000060590
CAPTURE 1 423157923416 52540012340252540012341508004500005c000040004001d2900a002a0f0a002a020303654b000000004500004000004000ff11139c0a002a020a002a0f10921092002cf8fc54324e310105000054525432000000000000000000080000cece5d0a0000000000060590
CAPTURE 1 423261680916 52540012341552540012340208004500004007b50000ff114be70a002a020a002a0f10921092002c6f6654324e310105000054525432000000000000000000080000705c444b0000000000060658
CAPTURE 1 423262772041 52540012340252540012341508004500005c000040004001d2900a002a0f0a002a020303654b000000004500004000004000ff11139c0a002a020a002a0f10921092002c6f6654324e310105000054525432000000000000000000080000705c444b0000000000060658
CAPTURE 1 423366365041 52540012341552540012340208004500004007b60000ff114be60a002a020a002a0f10921092002c5fa854324e31010500005452543200000000000000000008000037998c040000000000060720
CAPTURE 1 423367618916 52540012340252540012341508004500005c000040004001d2900a002a0f0a002a020303654b000000004500004000004000ff11139c0a002a020a002a0f10921092002c5fa854324e31010500005452543200000000000000000008000037998c040000000000060720
CAPTURE 1 423471120333 52540012341552540012340208004500004007b70000ff114be50a002a020a002a0f10921092002cb9d054324e310105000054525432000000000000000000080000a226c68600000000000607e8
CAPTURE 1 423472200375 52540012340252540012341508004500005c000040004001d2900a002a0f0a002a020303654b000000004500004000004000ff11139c0a002a020a002a0f10921092002cb9d054324e310105000054525432000000000000000000080000a226c68600000000000607e8
CAPTURE 1 454254807541 525400123402525400123415080045000044000040004011d2980a002a0f0a002a02109210920030256454324e3101010001545254320000000100000000000c0000cdfe350c01000000000000f200000001
CAPTURE 1 454255105625 52540012341552540012340208004500003808dc0000ff114ac80a002a020a002a0f1092109200241ef754324e31010400005452543200000000000000010000000079fa9192
CAPTURE 1 454255283250 52540012341552540012340208004500004408dd0000ff114abb0a002a020a002a0f10921092003099fe54324e3101020001545254320000000100000000000c0000bebdcfa401000000000000ff00000001
CAPTURE 1 454338509458 525400123402525400123415080045000038000040004011d2a40a002a0f0a002a021092109200241ef754324e31010400005452543200000000000000010000000079fa9192
CAPTURE 1 456652535916 525400123402525400123415080045000044000040004011d2980a002a0f0a002a021092109200306b2c54324e3101010001545254320000000200000000000c000005b1b735010000000000014c00000002
CAPTURE 1 456652831083 52540012341552540012340208004500003808f30000ff114ab10a002a020a002a0f1092109200243cb454324e3101040000545254320000000000000002000000004077ad57
CAPTURE 1 456653005208 52540012341552540012340208004500004408f40000ff114aa40a002a020a002a0f1092109200308ce554324e3101020001545254320000000200000000000c000054c146b4010000000000010300000002
CAPTURE 1 456738507291 525400123402525400123415080045000038000040004011d2a40a002a0f0a002a021092109200243cb454324e3101040000545254320000000000000002000000004077ad57
CAPTURE 1 459061212875 525400123402525400123415080045000044000040004011d2980a002a0f0a002a02109210920030e45e54324e3101010001545254320000000300000000000c0000e74d5c6c010000000000014400000003
CAPTURE 1 459061516208 525400123415525400123402080045000038090a0000ff114a9a0a002a020a002a0f1092109200241a6154324e310104000054525432000000000000000300000000570cb914
CAPTURE 1 459061694125 525400123415525400123402080045000044090b0000ff114a8d0a002a020a002a0f1092109200309d8f54324e3101020001545254320000000300000000000c0000bb2dcf9c010000000000010200000003
CAPTURE 1 459148505791 525400123402525400123415080045000038000040004011d2a40a002a0f0a002a021092109200241a6154324e310104000054525432000000000000000300000000570cb914
CAPTURE 1 461471073125 525400123402525400123415080045000044000040004011d2980a002a0f0a002a02109210920030f45354324e3101010001545254320000000400000000000c0000cdb96607010000000000014600000004
CAPTURE 1 461471422250 52540012341552540012340208004500003809210000ff114a830a002a020a002a0f109210920024223654324e310104000054525432000000000000000400000000336dd4dd
CAPTURE 1 461471603666 52540012341552540012340208004500004409220000ff114a760a002a020a002a0f109210920030c2b554324e3101020001545254320000000400000000000c0000d6798f27010000000000010300000004
CAPTURE 1 461548505958 525400123402525400123415080045000038000040004011d2a40a002a0f0a002a02109210920024223654324e310104000054525432000000000000000400000000336dd4dd
CAPTURE 1 463873792500 525400123402525400123415080045000044000040004011d2980a002a0f0a002a021092109200302c2054324e3101010001545254320000000500000000000c000065f595ff010000000000014400000005
CAPTURE 1 463874102541 52540012341552540012340208004500003809380000ff114a6c0a002a020a002a0f10921092002445cb54324e3101040000545254320000000000000005000000002416c09e
CAPTURE 1 463874276083 52540012341552540012340208004500004409390000ff114a5f0a002a020a002a0f109210920030e8b154324e3101020001545254320000000500000000000c00003995060f010000000000010200000005
CAPTURE 1 463958508833 525400123402525400123415080045000038000040004011d2a40a002a0f0a002a0210921092002445cb54324e3101040000545254320000000000000005000000002416c09e
CAPTURE 1 466281468750 525400123402525400123415080045000044000040004011d2980a002a0f0a002a0210921092003052c954324e3101010001545254320000000600000000000c0000b3d12176010000000000014600000006
CAPTURE 1 466281763041 525400123415525400123402080045000038094f0000ff114a550a002a020a002a0f109210920024108854324e3101040000545254320000000000000006000000001d9bfc5b
CAPTURE 1 466281940958 52540012341552540012340208004500004409500000ff114a480a002a020a002a0f109210920030b7ea54324e3101020001545254320000000600000000000c0000a811c856010000000000010300000006
CAPTURE 1 466368511708 525400123402525400123415080045000038000040004011d2a40a002a0f0a002a02109210920024108854324e3101040000545254320000000000000006000000001d9bfc5b
CAPTURE 1 468693441833 525400123402525400123415080045000044000040004011d2980a002a0f0a002a0210921092003039e554324e3101010001545254320000000700000000000c00001b9dd28e010000000000014400000007
CAPTURE 1 468693737000 52540012341552540012340208004500003809660000ff114a3e0a002a020a002a0f109210920024378554324e3101040000545254320000000000000007000000000ae0e818
CAPTURE 1 468693914916 52540012341552540012340208004500004409670000ff114a310a002a020a002a0f1092109200309ed654324e3101020001545254320000000700000000000c000047fd417e010000000000010200000007
CAPTURE 1 468778509333 525400123402525400123415080045000038000040004011d2a40a002a0f0a002a02109210920024378554324e3101040000545254320000000000000007000000000ae0e818
CAPTURE 1 471097913541 525400123402525400123415080045000044000040004011d2980a002a0f0a002a0210921092003020f354324e3101010001545254320000000800000000000c000013b9f360010000000000014600000008
CAPTURE 1 471098209000 525400123415525400123402080045000038097d0000ff114a270a002a020a002a0f1092109200242d5a54324e310104000054525432000000000000000800000000d55927c9
CAPTURE 1 471098387791 525400123415525400123402080045000044097e0000ff114a1a0a002a020a002a0f109210920030059654324e3101020001545254320000000800000000000c000008791a40010000000000010300000008
CAPTURE 1 471188506375 525400123402525400123415080045000038000040004011d2a40a002a0f0a002a021092109200242d5a54324e310104000054525432000000000000000800000000d55927c9
CAPTURE 1 473505540500 525400123402525400123415080045000044000040004011d2980a002a0f0a002a021092109200306b7f54324e3101010001545254320000000900000000000c0000bbf50098010000000000014400000009
CAPTURE 1 473505846750 52540012341552540012340208004500003809940000ff114a100a002a020a002a0f10921092002434cf54324e310104000054525432000000000000000900000000c222338a
CAPTURE 1 473506018833 52540012341552540012340208004500004409950000ff114a030a002a020a002a0f109210920030ad4f54324e3101020001545254320000000900000000000c0000e7959368010000000000010200000009
CAPTURE 1 473588508291 525400123402525400123415080045000038000040004011d2a40a002a0f0a002a0210921092002434cf54324e310104000054525432000000000000000900000000c222338a
CAPTURE 1 475907647083 525400123402525400123415080045000044000040004011d2980a002a0f0a002a02109210920030062654324e3101010001545254320000000a00000000000c00006dd1b41101000000000001460000000a
CAPTURE 1 475910584166 52540012341552540012340208004500003809ab0000ff1149f90a002a020a002a0f1092109200241f7c54324e310104000054525432000000000000000a00000000fbaf0f4f
CAPTURE 1 475910762083 52540012341552540012340208004500004409ac0000ff1149ec0a002a020a002a0f109210920030550854324e3101020001545254320000000a00000000000c000076115d3101000000000001030000000a
CAPTURE 1 476008487041 525400123402525400123415080045000038000040004011d2a40a002a0f0a002a021092109200241f7c54324e310104000054525432000000000000000a00000000fbaf0f4f
CAPTURE 1 478339445041 525400123402525400123415080045000044000040004011d2980a002a0f0a002a021092109200301a8254324e3101010001545254320000000b00000000000c0000c59d47e901000000000001440000000b
CAPTURE 1 478339739041 52540012341552540012340208004500003809c30000ff1149e10a002a020a002a0f109210920024229954324e310104000054525432000000000000000b00000000ecd41b0c
CAPTURE 1 478339914625 52540012341552540012340208004500004409c40000ff1149d40a002a020a002a0f109210920030ba3254324e3101020001545254320000000b00000000000c000099fdd41901000000000001020000000b
CAPTURE 1 478418506833 525400123402525400123415080045000038000040004011d2a40a002a0f0a002a02109210920024229954324e310104000054525432000000000000000b00000000ecd41b0c
CAPTURE 1 480732053500 525400123402525400123415080045000044000040004011d2980a002a0f0a002a02109210920030bb1854324e3101010001545254320000000c00000000000c0000ef697d8201000000000001460000000c
CAPTURE 1 480732365000 52540012341552540012340208004500003809da0000ff1149ca0a002a020a002a0f1092109200242afe54324e310104000054525432000000000000000c0000000088b576c5
CAPTURE 1 480732539416 52540012341552540012340208004500004409db0000ff1149bd0a002a020a002a0f1092109200309efa54324e3101020001545254320000000c00000000000c0000f4a994a201000000000001030000000c
CAPTURE 1 480818508458 525400123402525400123415080045000038000040004011d2a40a002a0f0a002a021092109200242afe54324e310104000054525432000000000000000c0000000088b576c5
CAPTURE 1 483140868708 525400123402525400123415080045000044000040004011d2980a002a0f0a002a02109210920030526554324e3101010001545254320000000d00000000000c000047258e7a01000000000001440000000d
CAPTURE 1 483141162708 52540012341552540012340208004500003809f10000ff1149b30a002a020a002a0f109210920024282354324e310104000054525432000000000000000d000000009fce6286
CAPTURE 1 483141351416 52540012341552540012340208004500004409f20000ff1149a60a002a020a002a0f109210920030ef7654324e3101020001545254320000000d00000000000c00001b451d8a01000000000001020000000d
CAPTURE 1 483228514541 525400123402525400123415080045000038000040004011d2a40a002a0f0a002a02109210920024282354324e310104000054525432000000000000000d000000009fce6286
CAPTURE 1 485551032875 525400123402525400123415080045000044000040004011d2980a002a0f0a002a021092109200305c0c54324e3101010001545254320000000e00000000000c000091013af301000000000001460000000e
CAPTURE 1 485554200958 5254001234155254001234020800450000380a080000ff11499c0a002a020a002a0f10921092002425f054324e310104000054525432000000000000000e00000000a6435e43
CAPTURE 1 485554376541 5254001234155254001234020800450000440a090000ff11498f0a002a020a002a0f109210920030c9ad54324e3101020001545254320000000e00000000000c00008ac1d3d301000000000001030000000e
CAPTURE 1 485638528208 525400123402525400123415080045000038000040004011d2a40a002a0f0a002a0210921092002425f054324e310104000054525432000000000000000e00000000a6435e43
CAPTURE 1 487958563291 525400123402525400123415080045000044000040004011d2980a002a0f0a002a0210921092003025a854324e3101010001545254320000000f00000000000c0000394dc90b01000000000001440000000f
CAPTURE 1 487958855833 5254001234155254001234020800450000380a1e0000ff1149860a002a020a002a0f1092109200242f3d54324e310104000054525432000000000000000f00000000b1384a00
CAPTURE 1 487959037250 5254001234155254001234020800450000440a1f0000ff1149790a002a020a002a0f109210920030681954324e3101020001545254320000000f00000000000c0000652d5afb01000000000001020000000f
CAPTURE 1 509617804041 525400123402525400123415080045000044000040004011d2980a002a0f0a002a021092109200300d6954324e3101010001545254320000001800000000000c00005619c46a010000000000014600000018
CAPTURE 1 509618103291 5254001234155254001234020800450000380af00000ff1148b40a002a020a002a0f1092109200244b1b54324e310104000054525432000000000000001800000000799965b8
CAPTURE 1 509618280041 5254001234155254001234020800450000440af10000ff1148a70a002a020a002a0f109210920030ad0b54324e3101020001545254320000001800000000000c00004dd92d4a010000000000010300000018
CAPTURE 1 509708508000 525400123402525400123415080045000038000040004011d2a40a002a0f0a002a021092109200244b1b54324e310104000054525432000000000000001800000000799965b8
CAPTURE 1 512024211250 525400123402525400123415080045000044000040004011d2980a002a0f0a002a02109210920030f20454324e3101010001545254320000001900000000000c0000fe553792010000000000014400000019
CAPTURE 1 512024505833 5254001234155254001234020800450000380b080000ff11489c0a002a020a002a0f109210920024498e54324e3101040000545254320000000000000019000000006ee271fb
CAPTURE 1 512024679666 5254001234155254001234020800450000440b090000ff11488f0a002a020a002a0f109210920030e19554324e3101020001545254320000001900000000000c0000a235a462010000000000010200000019
CAPTURE 1 512108503500 525400123402525400123415080045000038000040004011d2a40a002a0f0a002a02109210920024498e54324e3101040000545254320000000000000019000000006ee271fb
CAPTURE 2 422737879375 52540012341552540012340208004500004007b00000ff114bec0a002a020a002a0f10921092002cdcbb54324e310105000054525432000000000000000000080000218529b50000000000060270
CAPTURE 2 422739657958 52540012340252540012341508004500005c000040004001d2900a002a0f0a002a020303654b000000004500004000004000ff11139c0a002a020a002a0f10921092002cdcbb54324e310105000054525432000000000000000000080000218529b50000000000060270
CAPTURE 2 422842636416 52540012341552540012340208004500004007b10000ff114beb0a002a020a002a0f10921092002c153e54324e3101050000545254320000000000000000000800004099d1560000000000060338
CAPTURE 2 422843763708 52540012340252540012341508004500005c000040004001d2900a002a0f0a002a020303654b000000004500004000004000ff11139c0a002a020a002a0f10921092002c153e54324e3101050000545254320000000000000000000800004099d1560000000000060338
CAPTURE 2 422947327250 52540012341552540012340208004500004007b20000ff114bea0a002a020a002a0f10921092002cff7b54324e31010500005452543200000000000000000008000027daff0f0000000000060400
CAPTURE 2 422948644708 52540012340252540012341508004500005c000040004001d2900a002a0f0a002a020303654b000000004500004000004000ff11139c0a002a020a002a0f10921092002cff7b54324e31010500005452543200000000000000000008000027daff0f0000000000060400
CAPTURE 2 423052112291 52540012341552540012340208004500004007b30000ff114be90a002a020a002a0f10921092002cbdaa54324e310105000054525432000000000000000000080000b265b58d00000000000604c8
CAPTURE 2 423053227041 52540012340252540012341508004500005c000040004001d2900a002a0f0a002a020303654b000000004500004000004000ff11139c0a002a020a002a0f10921092002cbdaa54324e310105000054525432000000000000000000080000b265b58d00000000000604c8
CAPTURE 2 423156793500 52540012341552540012340208004500004007b40000ff114be80a002a020a002a0f10921092002cf8fc54324e310105000054525432000000000000000000080000cece5d0a0000000000060590
CAPTURE 2 423157940041 52540012340252540012341508004500005c000040004001d2900a002a0f0a002a020303654b000000004500004000004000ff11139c0a002a020a002a0f10921092002cf8fc54324e310105000054525432000000000000000000080000cece5d0a0000000000060590
CAPTURE 2 423261666916 52540012341552540012340208004500004007b50000ff114be70a002a020a002a0f10921092002c6f6654324e310105000054525432000000000000000000080000705c444b0000000000060658
CAPTURE 2 423262788958 52540012340252540012341508004500005c000040004001d2900a002a0f0a002a020303654b000000004500004000004000ff11139c0a002a020a002a0f10921092002c6f6654324e310105000054525432000000000000000000080000705c444b0000000000060658
CAPTURE 2 423366349875 52540012341552540012340208004500004007b60000ff114be60a002a020a002a0f10921092002c5fa854324e31010500005452543200000000000000000008000037998c040000000000060720
CAPTURE 2 423367635541 52540012340252540012341508004500005c000040004001d2900a002a0f0a002a020303654b000000004500004000004000ff11139c0a002a020a002a0f10921092002c5fa854324e31010500005452543200000000000000000008000037998c040000000000060720
CAPTURE 2 423471105750 52540012341552540012340208004500004007b70000ff114be50a002a020a002a0f10921092002cb9d054324e310105000054525432000000000000000000080000a226c68600000000000607e8
CAPTURE 2 423472215833 52540012340252540012341508004500005c000040004001d2900a002a0f0a002a020303654b000000004500004000004000ff11139c0a002a020a002a0f10921092002cb9d054324e310105000054525432000000000000000000080000a226c68600000000000607e8
CAPTURE 2 454254813375 525400123402525400123415080045000044000040004011d2980a002a0f0a002a02109210920030256454324e3101010001545254320000000100000000000c0000cdfe350c01000000000000f200000001
CAPTURE 2 454255099791 52540012341552540012340208004500003808dc0000ff114ac80a002a020a002a0f1092109200241ef754324e31010400005452543200000000000000010000000079fa9192
CAPTURE 2 454255277125 52540012341552540012340208004500004408dd0000ff114abb0a002a020a002a0f10921092003099fe54324e3101020001545254320000000100000000000c0000bebdcfa401000000000000ff00000001
CAPTURE 2 454338517916 525400123402525400123415080045000038000040004011d2a40a002a0f0a002a021092109200241ef754324e31010400005452543200000000000000010000000079fa9192
CAPTURE 2 456652541458 525400123402525400123415080045000044000040004011d2980a002a0f0a002a021092109200306b2c54324e3101010001545254320000000200000000000c000005b1b735010000000000014c00000002
CAPTURE 2 456652824083 52540012341552540012340208004500003808f30000ff114ab10a002a020a002a0f1092109200243cb454324e3101040000545254320000000000000002000000004077ad57
CAPTURE 2 456652999666 52540012341552540012340208004500004408f40000ff114aa40a002a020a002a0f1092109200308ce554324e3101020001545254320000000200000000000c000054c146b4010000000000010300000002
CAPTURE 2 456738516041 525400123402525400123415080045000038000040004011d2a40a002a0f0a002a021092109200243cb454324e3101040000545254320000000000000002000000004077ad57
CAPTURE 2 459061219291 525400123402525400123415080045000044000040004011d2980a002a0f0a002a02109210920030e45e54324e3101010001545254320000000300000000000c0000e74d5c6c010000000000014400000003
CAPTURE 2 459061510958 525400123415525400123402080045000038090a0000ff114a9a0a002a020a002a0f1092109200241a6154324e310104000054525432000000000000000300000000570cb914
CAPTURE 2 459061686833 525400123415525400123402080045000044090b0000ff114a8d0a002a020a002a0f1092109200309d8f54324e3101020001545254320000000300000000000c0000bb2dcf9c010000000000010200000003
CAPTURE 2 459148513666 525400123402525400123415080045000038000040004011d2a40a002a0f0a002a021092109200241a6154324e310104000054525432000000000000000300000000570cb914
CAPTURE 2 461471079833 525400123402525400123415080045000044000040004011d2980a002a0f0a002a02109210920030f45354324e3101010001545254320000000400000000000c0000cdb96607010000000000014600000004
CAPTURE 2 461471416416 52540012341552540012340208004500003809210000ff114a830a002a020a002a0f109210920024223654324e310104000054525432000000000000000400000000336dd4dd
CAPTURE 2 461471596666 52540012341552540012340208004500004409220000ff114a760a002a020a002a0f109210920030c2b554324e3101020001545254320000000400000000000c0000d6798f27010000000000010300000004
CAPTURE 2 461548513833 525400123402525400123415080045000038000040004011d2a40a002a0f0a002a02109210920024223654324e310104000054525432000000000000000400000000336dd4dd
CAPTURE 2 463873799500 525400123402525400123415080045000044000040004011d2980a002a0f0a002a021092109200302c2054324e3101010001545254320000000500000000000c000065f595ff010000000000014400000005
CAPTURE 2 463874096708 52540012341552540012340208004500003809380000ff114a6c0a002a020a002a0f10921092002445cb54324e3101040000545254320000000000000005000000002416c09e
CAPTURE 2 463874270541 52540012341552540012340208004500004409390000ff114a5f0a002a020a002a0f109210920030e8b154324e3101020001545254320000000500000000000c00003995060f010000000000010200000005
CAPTURE 2 463958517000 525400123402525400123415080045000038000040004011d2a40a002a0f0a002a0210921092002445cb54324e3101040000545254320000000000000005000000002416c09e
CAPTURE 2 466281474875 525400123402525400123415080045000044000040004011d2980a002a0f0a002a0210921092003052c954324e3101010001545254320000000600000000000c0000b3d12176010000000000014600000006
CAPTURE 2 466281758083 525400123415525400123402080045000038094f0000ff114a550a002a020a002a0f109210920024108854324e3101040000545254320000000000000006000000001d9bfc5b
CAPTURE 2 466281935708 52540012341552540012340208004500004409500000ff114a480a002a020a002a0f109210920030b7ea54324e3101020001545254320000000600000000000c0000a811c856010000000000010300000006
CAPTURE 2 466368520458 525400123402525400123415080045000038000040004011d2a40a002a0f0a002a02109210920024108854324e3101040000545254320000000000000006000000001d9bfc5b
CAPTURE 2 468693447375 525400123402525400123415080045000044000040004011d2980a002a0f0a002a0210921092003039e554324e3101010001545254320000000700000000000c00001b9dd28e010000000000014400000007
CAPTURE 2 468693731750 52540012341552540012340208004500003809660000ff114a3e0a002a020a002a0f109210920024378554324e3101040000545254320000000000000007000000000ae0e818
CAPTURE 2 468693906458 52540012341552540012340208004500004409670000ff114a310a002a020a002a0f1092109200309ed654324e3101020001545254320000000700000000000c000047fd417e010000000000010200000007
CAPTURE 2 468778518083 525400123402525400123415080045000038000040004011d2a40a002a0f0a002a02109210920024378554324e3101040000545254320000000000000007000000000ae0e818
CAPTURE 2 471097919666 525400123402525400123415080045000044000040004011d2980a002a0f0a002a0210921092003020f354324e3101010001545254320000000800000000000c000013b9f360010000000000014600000008
CAPTURE 2 471098202291 525400123415525400123402080045000038097d0000ff114a270a002a020a002a0f1092109200242d5a54324e310104000054525432000000000000000800000000d55927c9
CAPTURE 2 471098382833 525400123415525400123402080045000044097e0000ff114a1a0a002a020a002a0f109210920030059654324e3101020001545254320000000800000000000c000008791a40010000000000010300000008
CAPTURE 2 471188514833 525400123402525400123415080045000038000040004011d2a40a002a0f0a002a021092109200242d5a54324e310104000054525432000000000000000800000000d55927c9
CAPTURE 2 473505547208 525400123402525400123415080045000044000040004011d2980a002a0f0a002a021092109200306b7f54324e3101010001545254320000000900000000000c0000bbf50098010000000000014400000009
CAPTURE 2 473505841208 52540012341552540012340208004500003809940000ff114a100a002a020a002a0f10921092002434cf54324e310104000054525432000000000000000900000000c222338a
CAPTURE 2 473506013583 52540012341552540012340208004500004409950000ff114a030a002a020a002a0f109210920030ad4f54324e3101020001545254320000000900000000000c0000e7959368010000000000010200000009
CAPTURE 2 473588517041 525400123402525400123415080045000038000040004011d2a40a002a0f0a002a0210921092002434cf54324e310104000054525432000000000000000900000000c222338a
CAPTURE 2 475907652333 525400123402525400123415080045000044000040004011d2980a002a0f0a002a02109210920030062654324e3101010001545254320000000a00000000000c00006dd1b41101000000000001460000000a
CAPTURE 2 475910577458 52540012341552540012340208004500003809ab0000ff1149f90a002a020a002a0f1092109200241f7c54324e310104000054525432000000000000000a00000000fbaf0f4f
CAPTURE 2 475910754500 52540012341552540012340208004500004409ac0000ff1149ec0a002a020a002a0f109210920030550854324e3101020001545254320000000a00000000000c000076115d3101000000000001030000000a
CAPTURE 2 476008494625 525400123402525400123415080045000038000040004011d2a40a002a0f0a002a021092109200241f7c54324e310104000054525432000000000000000a00000000fbaf0f4f
CAPTURE 2 478339450583 525400123402525400123415080045000044000040004011d2980a002a0f0a002a021092109200301a8254324e3101010001545254320000000b00000000000c0000c59d47e901000000000001440000000b
CAPTURE 2 478339732625 52540012341552540012340208004500003809c30000ff1149e10a002a020a002a0f109210920024229954324e310104000054525432000000000000000b00000000ecd41b0c
CAPTURE 2 478339909083 52540012341552540012340208004500004409c40000ff1149d40a002a020a002a0f109210920030ba3254324e3101020001545254320000000b00000000000c000099fdd41901000000000001020000000b
CAPTURE 2 478418515583 525400123402525400123415080045000038000040004011d2a40a002a0f0a002a02109210920024229954324e310104000054525432000000000000000b00000000ecd41b0c
CAPTURE 2 480732060208 525400123402525400123415080045000044000040004011d2980a002a0f0a002a02109210920030bb1854324e3101010001545254320000000c00000000000c0000ef697d8201000000000001460000000c
CAPTURE 2 480732358583 52540012341552540012340208004500003809da0000ff1149ca0a002a020a002a0f1092109200242afe54324e310104000054525432000000000000000c0000000088b576c5
CAPTURE 2 480732533875 52540012341552540012340208004500004409db0000ff1149bd0a002a020a002a0f1092109200309efa54324e3101020001545254320000000c00000000000c0000f4a994a201000000000001030000000c
CAPTURE 2 480818516625 525400123402525400123415080045000038000040004011d2a40a002a0f0a002a021092109200242afe54324e310104000054525432000000000000000c0000000088b576c5
CAPTURE 2 483140875708 525400123402525400123415080045000044000040004011d2980a002a0f0a002a02109210920030526554324e3101010001545254320000000d00000000000c000047258e7a01000000000001440000000d
CAPTURE 2 483141157750 52540012341552540012340208004500003809f10000ff1149b30a002a020a002a0f109210920024282354324e310104000054525432000000000000000d000000009fce6286
CAPTURE 2 483141346166 52540012341552540012340208004500004409f20000ff1149a60a002a020a002a0f109210920030ef7654324e3101020001545254320000000d00000000000c00001b451d8a01000000000001020000000d
CAPTURE 2 483228523291 525400123402525400123415080045000038000040004011d2a40a002a0f0a002a02109210920024282354324e310104000054525432000000000000000d000000009fce6286
CAPTURE 2 485551037833 525400123402525400123415080045000044000040004011d2980a002a0f0a002a021092109200305c0c54324e3101010001545254320000000e00000000000c000091013af301000000000001460000000e
CAPTURE 2 485554191916 5254001234155254001234020800450000380a080000ff11499c0a002a020a002a0f10921092002425f054324e310104000054525432000000000000000e00000000a6435e43
CAPTURE 2 485554370708 5254001234155254001234020800450000440a090000ff11498f0a002a020a002a0f109210920030c9ad54324e3101020001545254320000000e00000000000c00008ac1d3d301000000000001030000000e
CAPTURE 2 485638536958 525400123402525400123415080045000038000040004011d2a40a002a0f0a002a0210921092002425f054324e310104000054525432000000000000000e00000000a6435e43
CAPTURE 2 487958569708 525400123402525400123415080045000044000040004011d2980a002a0f0a002a0210921092003025a854324e3101010001545254320000000f00000000000c0000394dc90b01000000000001440000000f
CAPTURE 2 487958848833 5254001234155254001234020800450000380a1e0000ff1149860a002a020a002a0f1092109200242f3d54324e310104000054525432000000000000000f00000000b1384a00
CAPTURE 2 487959030833 5254001234155254001234020800450000440a1f0000ff1149790a002a020a002a0f109210920030681954324e3101020001545254320000000f00000000000c0000652d5afb01000000000001020000000f
CAPTURE 2 509617809875 525400123402525400123415080045000044000040004011d2980a002a0f0a002a021092109200300d6954324e3101010001545254320000001800000000000c00005619c46a010000000000014600000018
CAPTURE 2 509618096291 5254001234155254001234020800450000380af00000ff1148b40a002a020a002a0f1092109200244b1b54324e310104000054525432000000000000001800000000799965b8
CAPTURE 2 509618274791 5254001234155254001234020800450000440af10000ff1148a70a002a020a002a0f109210920030ad0b54324e3101020001545254320000001800000000000c00004dd92d4a010000000000010300000018
CAPTURE 2 509708516458 525400123402525400123415080045000038000040004011d2a40a002a0f0a002a021092109200244b1b54324e310104000054525432000000000000001800000000799965b8
CAPTURE 2 512024217666 525400123402525400123415080045000044000040004011d2980a002a0f0a002a02109210920030f20454324e3101010001545254320000001900000000000c0000fe553792010000000000014400000019
CAPTURE 2 512024499708 5254001234155254001234020800450000380b080000ff11489c0a002a020a002a0f109210920024498e54324e3101040000545254320000000000000019000000006ee271fb
CAPTURE 2 512024674125 5254001234155254001234020800450000440b090000ff11488f0a002a020a002a0f109210920030e19554324e3101020001545254320000001900000000000c0000a235a462010000000000010200000019
CAPTURE 2 512108511666 525400123402525400123415080045000038000040004011d2a40a002a0f0a002a02109210920024498e54324e3101040000545254320000000000000019000000006ee271fb
CAPDUMP_END
virtnet: streamed 83 vm1 and 83 vm2 frames to the console
axvisor:/$ [2Kaxvisor:/$ v[2Kaxvisor:/$ vm[2Kaxvisor:/$ vm [2Kaxvisor:/$ vm r[2Kaxvisor:/$ vm re[2Kaxvisor:/$ vm res[2Kaxvisor:/$ vm resu[2Kaxvisor:/$ vm resum[2Kaxvisor:/$ vm resume[2Kaxvisor:/$ vm resume [2Kaxvisor:/$ vm resume 1[2Kaxvisor:/$ vm resume 1 [2Kaxvisor:/$ vm resume 1 2
Resuming VM[1]...
[37m[661.811805 2:2 axvisor::shell::command::vm:505] [32mVM[1] resumed[m
[m�[�� V37m[M[1]661. re811sume809d s 0:ucc36 aessxvm:ful:runtlyime
::Rvcesupus:min125g V6] M[2][32...m
VM[1] VCpu[0] resumed from suspend[m
[m[37m[661.813204 1:38 axvm::runtime::vcpus:1256] [32mVM[2] VCpu[0] resumed from suspend[m
[m[37m[661.813200 2:2 axvisor::shell::command::vm:505] [32mVM[2] resumed[m
[m✓ VM[2] resumed successfully
axvisor:/$ [2Kaxvisor:/$ v[2Kaxvisor:/$ vm[2Kaxvisor:/$ vm [2Kaxvisor:/$ vm l[2Kaxvisor:/$ vm li[2Kaxvisor:/$ vm lis[2Kaxvisor:/$ vm list
VM ID  NAME            STATUS       VCPU            MEMORY     VCPU STATE          
------ --------------- ------------ --------------- ---------- --------------------
1      atk-task23-starry running      0               1GB        Run:1               
2      atk-task23-rtthread running      0               512MB      Free:1              
axvisor:/$ [2Kaxvisor:/$ v[2Kaxvisor:/$ vi[2Kaxvisor:/$ vir[2Kaxvisor:/$ virt[2Kaxvisor:/$ virtn[2Kaxvisor:/$ virtne[2Kaxvisor:/$ virtnet[2Kaxvisor:/$ virtnet [2Kaxvisor:/$ virtnet s[2Kaxvisor:/$ virtnet sh[2Kaxvisor:/$ virtnet sho[2Kaxvisor:/$ virtnet show
virtnet switch: blackout=off capture=off frames=2278
  port vm1 mac=52:54:00:12:34:15 active
  port vm2 mac=52:54:00:12:34:02 active
axvisor:/$ [2Kaxvisor:/$ v[2Kaxvisor:/$ vi[2Kaxvisor:/$ vir[2Kaxvisor:/$ virt[2Kaxvisor:/$ virtn[2Kaxvisor:/$ virtne[2Kaxvisor:/$ virtnet[2Kaxvisor:/$ virtnet [2Kaxvisor:/$ virtnet d[2Kaxvisor:/$ virtnet dr[2Kaxvisor:/$ virtnet dro[2Kaxvisor:/$ virtnet drop[2Kaxvisor:/$ virtnet drop [2Kaxvisor:/$ virtnet drop o[2Kaxvisor:/$ virtnet drop on
virtnet: blackout ON (all switch traffic dropped)
axvisor:/$ [2Kaxvisor:/$ v[2Kaxvisor:/$ vm[2Kaxvisor:/$ vm [2Kaxvisor:/$ vm c[2Kaxvisor:/$ vm co[2Kaxvisor:/$ vm con[2Kaxvisor:/$ vm cons[2Kaxvisor:/$ vm conso[2Kaxvisor:/$ vm consol[2Kaxvisor:/$ vm console[2Kaxvisor:/$ vm console [2Kaxvisor:/$ vm console 1
✓ Attached VM[1] console; use Ctrl+X, then h to return to the shell
e_ms=1183340
TASK2_HEARTBEAT_RECEIVED peer_uptime_ms=1183540
TASK2_HEARTBEAT_RECEIVED peer_uptime_ms=1183740
TASK2_HEARTBEAT_RECEIVED peer_uptime_ms=1184020
TASK2_HEARTBEAT_RECEIVED peer_uptime_ms=1184220
TASK2_HEARTBEAT_RECEIVED peer_uptime_ms=1184420
[37m[683.028410 0:199 starry_kernel::task::ops:398] [32mTask(199, "task2-net") exit with code: 0[m
[mTASK2_HEARTBEAT_RECEIVED peer_uptime_ms=1184620
TASK3_DETECTION model=yolo11n.ncnn class=75 confidence_milli=843 center_x_milli=421 area_milli=63 target=421
TASK3_INFER elapsed_ms=446685 sample=155 output=324 infer_us=1556998 model=yolo11n.ncnn target=421
TASK3_CONTROL_SENT elapsed_ms=446685 request=155 value=324 target=421 state=259 seq=155 model=yolo11n.ncnn
TASK2_HEARTBEAT_RECEIVED peer_uptime_ms=1184820
TASK2_HEARTBEAT_RECEIVED peer_uptime_ms=1185020
TASK2_ACK seq=155
TASK3_STATUS_RECEIVED elapsed_ms=446936 request=155 value=258 state=258 sample=155 rtt_ms=251
TASK3_INFER_STARTED elapsed_ms=446936 sample=156 model=yolo11n.ncnn
[37m[683.101193 0:200 starry_kernel::task::user:70] [32mEnter user space: ip=0x8a0978, sp=0x21ca50[m
[mTASK2_HEARTBEAT_RECEIVED peer_uptime_ms=1185320
TASK2_HEARTBEAT_RECEIVED peer_uptime_ms=1185520
TASK2_HEARTBEAT_RECEIVED peer_uptime_ms=1185720
TASK2_HEARTBEAT_RECEIVED peer_uptime_ms=1185920
TASK2_HEARTBEAT_RECEIVED peer_uptime_ms=1186120
TASK2_HEARTBEAT_RECEIVED peer_uptime_ms=1186400
TASK2_HEARTBEAT_RECEIVED peer_uptime_ms=1186600
TASK2_HEARTBEAT_RECEIVED peer_uptime_ms=1186800
TASK2_HEARTBEAT_RECEIVED peer_uptime_ms=1187000
TASK2_HEARTBEAT_RECEIVED peer_uptime_ms=1187200
TASK2_HEARTBEAT_RECEIVED peer_uptime_ms=1187480
TASK2_HEARTBEAT_RECEIVED peer_uptime_ms=1187680
TASK2_HEARTBEAT_RECEIVED peer_uptime_ms=1187880
TASK2_HEARTBEAT_RECEIVED peer_uptime_ms=1188080
TASK2_HEARTBEAT_RECEIVED peer_uptime_ms=1188280
TASK2_HEARTBEAT_RECEIVED peer_uptime_ms=1188580
TASK2_HEARTBEAT_RECEIVED peer_uptime_ms=1188780
TASK2_HEARTBEAT_RECEIVED peer_uptime_ms=1189060
[37m[685.430458 0:200 starry_kernel::task::ops:398] [32mTask(200, "task2-net") exit with code: 0[m
[mTASK2_HEARTBEAT_RECEIVED peer_uptime_ms=1189260
TASK3_DETECTION model=yolo11n.ncnn class=75 confidence_milli=843 center_x_milli=421 area_milli=63 target=421
TASK3_INFER elapsed_ms=449092 sample=156 output=326 infer_us=1563756 model=yolo11n.ncnn target=421
TASK3_CONTROL_SENT elapsed_ms=449092 request=156 value=326 target=421 state=258 seq=156 model=yolo11n.ncnn
TASK2_HEARTBEAT_RECEIVED peer_uptime_ms=1189480
TASK2_HEARTBEAT_RECEIVED peer_uptime_ms=1189680
TASK2_ACK seq=156
TASK3_STATUS_RECEIVED elapsed_ms=449338 request=156 value=259 state=259 sample=156 rtt_ms=246
TASK3_INFER_STARTED elapsed_ms=449338 sample=157 model=yolo11n.ncnn
[37m[685.502322 0:201 starry_kernel::task::user:70] [32mEnter user space: ip=0x8a0978, sp=0x21ca50[m
[mTASK2_HEARTBEAT_RECEIVED peer_uptime_ms=1190040
TASK2_HEARTBEAT_RECEIVED peer_uptime_ms=1190240
TASK2_HEARTBEAT_RECEIVED peer_uptime_ms=1190440
TASK2_HEARTBEAT_RECEIVED peer_uptime_ms=1190640
TASK2_HEARTBEAT_RECEIVED peer_uptime_ms=1190840
TASK2_HEARTBEAT_RECEIVED peer_uptime_ms=1191040
TASK2_HEARTBEAT_RECEIVED peer_uptime_ms=1191320
TASK2_HEARTBEAT_RECEIVED peer_uptime_ms=1191520
TASK2_HEARTBEAT_RECEIVED peer_uptime_ms=1191720
TASK2_HEARTBEAT_RECEIVED peer_uptime_ms=1191920
TASK2_HEARTBEAT_RECEIVED peer_uptime_ms=1192120
TASK2_HEARTBEAT_RECEIVED peer_uptime_ms=1192400
TASK2_HEARTBEAT_RECEIVED peer_uptime_ms=1192600
TASK2_HEARTBEAT_RECEIVED peer_uptime_ms=1192800
TASK2_HEARTBEAT_RECEIVED peer_uptime_ms=1193000
TASK2_HEARTBEAT_RECEIVED peer_uptime_ms=1193300
TASK2_HEARTBEAT_RECEIVED peer_uptime_ms=1193500
TASK2_HEARTBEAT_RECEIVED peer_uptime_ms=1193780
[37m[687.835980 0:201 starry_kernel::task::ops:398] [32mTask(201, "task2-net") exit with code: 0[m
[mTASK2_HEARTBEAT_RECEIVED peer_uptime_ms=1193980
TASK3_DETECTION model=yolo11n.ncnn class=75 confidence_milli=843 center_x_milli=421 area_milli=63 target=421
TASK3_INFER elapsed_ms=451492 sample=157 output=324 infer_us=1563181 model=yolo11n.ncnn target=421
TASK3_CONTROL_SENT elapsed_ms=451492 request=157 value=324 target=421 state=259 seq=157 model=yolo11n.ncnn
TASK2_HEARTBEAT_RECEIVED peer_uptime_ms=1194180
TASK2_HEARTBEAT_RECEIVED peer_uptime_ms=1194380
TASK2_ACK seq=157
TASK3_STATUS_RECEIVED elapsed_ms=451743 request=157 value=258 state=258 sample=157 rtt_ms=251
TASK3_INFER_STARTED elapsed_ms=451743 sample=158 model=yolo11n.ncnn
[37m[687.907900 0:202 starry_kernel::task::user:70] [32mEnter user space: ip=0x8a0978, sp=0x21ca50[m
[mTASK2_HEARTBEAT_RECEIVED peer_uptime_ms=1194780
TASK2_HEARTBEAT_RECEIVED peer_uptime_ms=1194980
TASK2_HEARTBEAT_RECEIVED peer_uptime_ms=1195180
TASK2_HEARTBEAT_RECEIVED peer_uptime_ms=1195380
TASK2_HEARTBEAT_RECEIVED peer_uptime_ms=1195680
TASK2_HEARTBEAT_RECEIVED peer_uptime_ms=1195880
TASK2_HEARTBEAT_RECEIVED peer_uptime_ms=1196080
TASK2_HEARTBEAT_RECEIVED peer_uptime_ms=1196360
TASK2_HEARTBEAT_RECEIVED peer_uptime_ms=1196560
TASK2_HEARTBEAT_RECEIVED peer_uptime_ms=1196760
TASK2_HEARTBEAT_RECEIVED peer_uptime_ms=1196960
TASK2_HEARTBEAT_RECEIVED peer_uptime_ms=1197240
TASK2_HEARTBEAT_RECEIVED peer_uptime_ms=1197440
TASK2_HEARTBEAT_RECEIVED peer_uptime_ms=1197640
TASK2_HEARTBEAT_RECEIVED peer_uptime_ms=1197840
TASK2_HEARTBEAT_RECEIVED peer_uptime_ms=1198140
TASK2_HEARTBEAT_RECEIVED peer_uptime_ms=1198340
TASK2_HEARTBEAT_RECEIVED peer_uptime_ms=1198620
[37m[690.238397 0:202 starry_kernel::task::ops:398] [32mTask(202, "task2-net") exit with code: 0[m
[mTASK2_HEARTBEAT_RECEIVED peer_uptime_ms=1198820
TASK3_DETECTION model=yolo11n.ncnn class=75 confidence_milli=843 center_x_milli=421 area_milli=63 target=421
TASK3_INFER elapsed_ms=453905 sample=158 output=326 infer_us=1550393 model=yolo11n.ncnn target=421
TASK3_CONTROL_SENT elapsed_ms=453905 request=158 value=326 target=421 state=258 seq=158 model=yolo11n.ncnn
TASK2_HEARTBEAT_RECEIVED peer_uptime_ms=1199020
TASK2_HEARTBEAT_RECEIVED peer_uptime_ms=1199220
TASK2_ACK seq=158
TASK3_STATUS_RECEIVED elapsed_ms=454146 request=158 value=259 state=259 sample=158 rtt_ms=241
TASK3_INFER_STARTED elapsed_ms=454146 sample=159 model=yolo11n.ncnn
[37m[690.311018 0:203 starry_kernel::task::user:70] [32mEnter user space: ip=0x8a0978, sp=0x21ca50[m
[mTASK2_HEARTBEAT_RECEIVED peer_uptime_ms=1199500
TASK2_HEARTBEAT_RECEIVED peer_uptime_ms=1199700
TASK2_HEARTBEAT_RECEIVED peer_uptime_ms=1199900
TASK2_HEARTBEAT_RECEIVED peer_uptime_ms=1200100
TASK2_HEARTBEAT_RECEIVED peer_uptime_ms=1200300
TASK2_HEARTBEAT_RECEIVED peer_uptime_ms=1200500
TASK2_HEARTBEAT_RECEIVED peer_uptime_ms=1200700
TASK2_HEARTBEAT_RECEIVED peer_uptime_ms=1200980
TASK2_HEARTBEAT_RECEIVED peer_uptime_ms=1201180
TASK2_HEARTBEAT_RECEIVED peer_uptime_ms=1201380
TASK2_HEARTBEAT_RECEIVED peer_uptime_ms=1201580
TASK2_HEARTBEAT_RECEIVED peer_uptime_ms=1201780
TASK2_HEARTBEAT_RECEIVED peer_uptime_ms=1202060
TASK2_HEARTBEAT_RECEIVED peer_uptime_ms=1202260
TASK2_HEARTBEAT_RECEIVED peer_uptime_ms=1202460
TASK2_HEARTBEAT_RECEIVED peer_uptime_ms=1202660
TASK2_HEARTBEAT_RECEIVED peer_uptime_ms=1202960
TASK2_HEARTBEAT_RECEIVED peer_uptime_ms=1203160
[37m[692.647737 0:203 starry_kernel::task::ops:398] [32mTask(203, "task2-net") exit with code: 0[m
[mTASK2_HEARTBEAT_RECEIVED peer_uptime_ms=1203440
TASK3_DETECTION model=yolo11n.ncnn class=75 confidence_milli=843 center_x_milli=421 area_milli=63 target=421
TASK3_INFER elapsed_ms=456301 sample=159 output=324 infer_us=1567253 model=yolo11n.ncnn target=421
TASK3_CONTROL_SENT elapsed_ms=456301 request=159 value=324 target=421 state=259 seq=159 model=yolo11n.ncnn
TASK2_HEARTBEAT_RECEIVED peer_uptime_ms=1203640
TASK2_HEARTBEAT_RECEIVED peer_uptime_ms=1203840
TASK2_ACK seq=159
TASK3_STATUS_RECEIVED elapsed_ms=456556 request=159 value=258 state=258 sample=159 rtt_ms=255
TASK3_INFER_STARTED elapsed_ms=456556 sample=160 model=yolo11n.ncnn
[37m[692.720260 0:204 starry_kernel::task::user:70] [32mEnter user space: ip=0x8a0978, sp=0x21ca50[m
[mTASK2_HEARTBEAT_RECEIVED peer_uptime_ms=1204240
TASK2_HEARTBEAT_RECEIVED peer_uptime_ms=1204440
TASK2_HEARTBEAT_RECEIVED peer_uptime_ms=1204640
TASK2_HEARTBEAT_RECEIVED peer_uptime_ms=1204840
TASK2_HEARTBEAT_RECEIVED peer_uptime_ms=1205040
TASK2_HEARTBEAT_RECEIVED peer_uptime_ms=1205240
TASK2_HEARTBEAT_RECEIVED peer_uptime_ms=1205440
TASK2_HEARTBEAT_RECEIVED peer_uptime_ms=1205640
TASK2_HEARTBEAT_RECEIVED peer_uptime_ms=1205840
TASK2_HEARTBEAT_RECEIVED peer_uptime_ms=1206120
TASK2_HEARTBEAT_RECEIVED peer_uptime_ms=1206320
TASK2_HEARTBEAT_RECEIVED peer_uptime_ms=1206620
TASK2_HEARTBEAT_RECEIVED peer_uptime_ms=1206820
TASK2_HEARTBEAT_RECEIVED peer_uptime_ms=1207100
TASK2_HEARTBEAT_RECEIVED peer_uptime_ms=1207300
TASK2_HEARTBEAT_RECEIVED peer_uptime_ms=1207500
TASK2_HEARTBEAT_RECEIVED peer_uptime_ms=1207700
TASK2_HEARTBEAT_RECEIVED peer_uptime_ms=1208000
[37m[695.054305 0:204 starry_kernel::task::ops:398] [32mTask(204, "task2-net") exit with code: 0[m
[mTASK2_HEARTBEAT_RECEIVED peer_uptime_ms=1208200
TASK3_DETECTION model=yolo11n.ncnn class=75 confidence_milli=843 center_x_milli=421 area_milli=63 target=421
TASK3_INFER elapsed_ms=458714 sample=160 output=326 infer_us=1562123 model=yolo11n.ncnn target=421
TASK3_CONTROL_SENT elapsed_ms=458714 request=160 value=326 target=421 state=258 seq=160 model=yolo11n.ncnn
TASK2_HEARTBEAT_RECEIVED peer_uptime_ms=1208480
TASK2_HEARTBEAT_RECEIVED peer_uptime_ms=1208680
TASK2_ACK seq=160
TASK3_STATUS_RECEIVED elapsed_ms=458962 request=160 value=259 state=259 sample=160 rtt_ms=248
TASK3_INFER_STARTED elapsed_ms=458962 sample=161 model=yolo11n.ncnn
[37m[695.125931 0:205 starry_kernel::task::user:70] [32mEnter user space: ip=0x8a0978, sp=0x21ca50[m
[mTASK2_HEARTBEAT_RECEIVED peer_uptime_ms=1209000
TASK2_HEARTBEAT_RECEIVED peer_uptime_ms=1209200
TASK2_HEARTBEAT_RECEIVED peer_uptime_ms=1209400
TASK2_HEARTBEAT_RECEIVED peer_uptime_ms=1209680
TASK2_HEARTBEAT_RECEIVED peer_uptime_ms=1209880
TASK2_HEARTBEAT_RECEIVED peer_uptime_ms=1210080
TASK2_HEARTBEAT_RECEIVED peer_uptime_ms=1210280
TASK2_HEARTBEAT_RECEIVED peer_uptime_ms=1210480
TASK2_HEARTBEAT_RECEIVED peer_uptime_ms=1210760
TASK2_HEARTBEAT_RECEIVED peer_uptime_ms=1210960
TASK2_HEARTBEAT_RECEIVED peer_uptime_ms=1211160
TASK2_HEARTBEAT_RECEIVED peer_uptime_ms=1211360
TASK2_HEARTBEAT_RECEIVED peer_uptime_ms=1211660
TASK2_HEARTBEAT_RECEIVED peer_uptime_ms=1211860
TASK2_HEARTBEAT_RECEIVED peer_uptime_ms=1212140
TASK2_HEARTBEAT_RECEIVED peer_uptime_ms=1212340
TASK2_HEARTBEAT_RECEIVED peer_uptime_ms=1212540
TASK2_HEARTBEAT_RECEIVED peer_uptime_ms=1212740
[37m[697.454653 0:205 starry_kernel::task::ops:398] [32mTask(205, "task2-net") exit with code: 0[m
[mTASK2_HEARTBEAT_RECEIVED peer_uptime_ms=1213020
TASK3_DETECTION model=yolo11n.ncnn class=75 confidence_milli=843 center_x_milli=421 area_milli=63 target=421
TASK3_INFER elapsed_ms=461121 sample=161 output=324 infer_us=1562948 model=yolo11n.ncnn target=421
TASK3_CONTROL_SENT elapsed_ms=461121 request=161 value=324 target=421 state=259 seq=161 model=yolo11n.ncnn
TASK2_HEARTBEAT_RECEIVED peer_uptime_ms=1213220
TASK2_HEARTBEAT_RECEIVED peer_uptime_ms=1213420
TASK2_ACK seq=161
TASK3_STATUS_RECEIVED elapsed_ms=461362 request=161 value=258 state=258 sample=161 rtt_ms=241
TASK3_INFER_STARTED elapsed_ms=461362 sample=162 model=yolo11n.ncnn
[37m[697.526009 0:206 starry_kernel::task::user:70] [32mEnter user space: ip=0x8a0978, sp=0x21ca50[m
[mTASK2_HEARTBEAT_RECEIVED peer_uptime_ms=1213720
TASK2_HEARTBEAT_RECEIVED peer_uptime_ms=1213920
TASK2_HEARTBEAT_RECEIVED peer_uptime_ms=1214200
TASK2_HEARTBEAT_RECEIVED peer_uptime_ms=1214400
TASK2_HEARTBEAT_RECEIVED peer_uptime_ms=1214600
TASK2_HEARTBEAT_RECEIVED peer_uptime_ms=1214800
TASK2_HEARTBEAT_RECEIVED peer_uptime_ms=1215000
TASK2_HEARTBEAT_RECEIVED peer_uptime_ms=1215200
TASK2_HEARTBEAT_RECEIVED peer_uptime_ms=1215480
TASK2_HEARTBEAT_RECEIVED peer_uptime_ms=1215680
TASK2_HEARTBEAT_RECEIVED peer_uptime_ms=1215880
TASK2_HEARTBEAT_RECEIVED peer_uptime_ms=1216080
TASK2_HEARTBEAT_RECEIVED peer_uptime_ms=1216280
TASK2_HEARTBEAT_RECEIVED peer_uptime_ms=1216480
TASK2_HEARTBEAT_RECEIVED peer_uptime_ms=1216680
TASK2_HEARTBEAT_RECEIVED peer_uptime_ms=1216960
TASK2_HEARTBEAT_RECEIVED peer_uptime_ms=1217160
TASK2_HEARTBEAT_RECEIVED peer_uptime_ms=1217360
[37m[699.856087 0:206 starry_kernel::task::ops:398] [32mTask(206, "task2-net") exit with code: 0[m
[mTASK2_HEARTBEAT_RECEIVED peer_uptime_ms=1217660
TASK3_DETECTION model=yolo11n.ncnn class=75 confidence_milli=843 center_x_milli=421 area_milli=63 target=421
TASK3_INFER elapsed_ms=463521 sample=162 output=326 infer_us=1562605 model=yolo11n.ncnn target=421
TASK3_CONTROL_SENT elapsed_ms=463521 request=162 value=326 target=421 state=258 seq=162 model=yolo11n.ncnn
TASK2_HEARTBEAT_RECEIVED peer_uptime_ms=1217860
TASK2_HEARTBEAT_RECEIVED peer_uptime_ms=1218060
TASK2_ACK seq=162
TASK3_STATUS_RECEIVED elapsed_ms=463764 request=162 value=259 state=259 sample=162 rtt_ms=243
TASK3_INFER_STARTED elapsed_ms=463764 sample=163 model=yolo11n.ncnn
[37m[699.928014 0:207 starry_kernel::task::user:70] [32mEnter user space: ip=0x8a0978, sp=0x21ca50[m
[mTASK2_HEARTBEAT_RECEIVED peer_uptime_ms=1218440
TASK2_HEARTBEAT_RECEIVED peer_uptime_ms=1218640
TASK2_HEARTBEAT_RECEIVED peer_uptime_ms=1218840
TASK2_HEARTBEAT_RECEIVED peer_uptime_ms=1219120
TASK2_HEARTBEAT_RECEIVED peer_uptime_ms=1219320
TASK2_HEARTBEAT_RECEIVED peer_uptime_ms=1219520
TASK2_HEARTBEAT_RECEIVED peer_uptime_ms=1219720
TASK2_HEARTBEAT_RECEIVED peer_uptime_ms=1219920
TASK2_HEARTBEAT_RECEIVED peer_uptime_ms=1220120
TASK2_HEARTBEAT_RECEIVED peer_uptime_ms=1220400
TASK2_HEARTBEAT_RECEIVED peer_uptime_ms=1220600
TASK2_HEARTBEAT_RECEIVED peer_uptime_ms=1220800
TASK2_HEARTBEAT_RECEIVED peer_uptime_ms=1221000
TASK2_HEARTBEAT_RECEIVED peer_uptime_ms=1221200
TASK2_HEARTBEAT_RECEIVED peer_uptime_ms=1221400
TASK2_HEARTBEAT_RECEIVED peer_uptime_ms=1221600
TASK2_HEARTBEAT_RECEIVED peer_uptime_ms=1221880
TASK2_HEARTBEAT_RECEIVED peer_uptime_ms=1222080
TASK2_HEARTBEAT_RECEIVED peer_uptime_ms=1222280
[37m[702.264585 0:207 starry_kernel::task::ops:398] [32mTask(207, "task2-net") exit with code: 0[m
[mTASK2_HEARTBEAT_RECEIVED peer_uptime_ms=1222560
TASK3_DETECTION model=yolo11n.ncnn class=75 confidence_milli=843 center_x_milli=421 area_milli=63 target=421
TASK3_INFER elapsed_ms=465925 sample=163 output=324 infer_us=1562638 model=yolo11n.ncnn target=421
TASK3_CONTROL_SENT elapsed_ms=465925 request=163 value=324 target=421 state=259 seq=163 model=yolo11n.ncnn
TASK2_HEARTBEAT_RECEIVED peer_uptime_ms=1222760
TASK2_ACK seq=163
TASK3_STATUS_RECEIVED elapsed_ms=466161 request=163 value=258 state=258 sample=163 rtt_ms=236
TASK3_INFER_STARTED elapsed_ms=466161 sample=164 model=yolo11n.ncnn
[37m[702.325771 0:208 starry_kernel::task::user:70] [32mEnter user space: ip=0x8a0978, sp=0x21ca50[m
[mTASK2_HEARTBEAT_RECEIVED peer_uptime_ms=1223160
TASK2_HEARTBEAT_RECEIVED peer_uptime_ms=1223360
TASK2_HEARTBEAT_RECEIVED peer_uptime_ms=1223560
TASK2_HEARTBEAT_RECEIVED peer_uptime_ms=1223760
TASK2_HEARTBEAT_RECEIVED peer_uptime_ms=1223960
TASK2_HEARTBEAT_RECEIVED peer_uptime_ms=1224160
TASK2_HEARTBEAT_RECEIVED peer_uptime_ms=1224360
TASK2_HEARTBEAT_RECEIVED peer_uptime_ms=1224620
[37m[704.616336 0:208 starry_kernel::task::ops:398] [32mTask(208, "task2-net") exit with code: 0[m
[mTASK3_DETECTION model=yolo11n.ncnn class=75 confidence_milli=843 center_x_milli=421 area_milli=63 target=421
TASK3_INFER elapsed_ms=468272 sample=164 output=326 infer_us=1523840 model=yolo11n.ncnn target=421
TASK3_CONTROL_SENT elapsed_ms=468272 request=164 value=326 target=421 state=258 seq=164 model=yolo11n.ncnn
[37m[704.816955 0:17 ax_driver::soc::rockchip::cpufreq:872] [32mgov: A55 peak=0% opp 2->1 = 816 MHz @ 675 mV[m
[m[37m[704.917454 0:17 ax_driver::soc::rockchip::cpufreq:872] [32mgov: A55 peak=10% opp 1->0 = 408 MHz @ 675 mV[m
[mTASK2_RETRANSMIT seq=164 attempt=1
TASK2_RETRANSMIT seq=164 attempt=2
TASK2_RETRANSMIT seq=164 attempt=3
TASK2_RETRANSMIT seq=164 attempt=4
TASK2_RETRANSMIT seq=164 attempt=5
TASK2_SAFE state=Safe event=RetryExhausted { sequence: SequenceNumber(164) }

[Axvisor] detached VM[1] console
[2Kaxvisor:/$ [2Kaxvisor:/$ v[2Kaxvisor:/$ vm[2Kaxvisor:/$ vm [2Kaxvisor:/$ vm c[2Kaxvisor:/$ vm co[2Kaxvisor:/$ vm con[2Kaxvisor:/$ vm cons[2Kaxvisor:/$ vm conso[2Kaxvisor:/$ vm consol[2Kaxvisor:/$ vm console[2Kaxvisor:/$ vm console [2Kaxvisor:/$ vm console 2
✓ Attached VM[2] console; use Ctrl+X, then h to return to the shell
2_HEARTBEAT_RECEIVED peer_uptime_ms=%lu
TASK2_HEARTBEAT_RECEIVED peer_uptime_ms=%lu
TASK2_HEARTBEAT_RECEIVED peer_uptime_ms=%lu
TASK2_HEARTBEAT_RECEIVED peer_uptime_ms=%lu
TASK2_HEARTBEAT_RECEIVED peer_uptime_ms=%lu
TASK2_CONTROL_RECEIVED seq=138 request=138
TASK3_CONTROL_APPLIED request=138 value=326
TASK3_PLANT_STATE before=258 after=259 dist=0
TASK2_STATUS_SENT seq=138
TASK2_HEARTBEAT_RECEIVED peer_uptime_ms=%lu
TASK2_ACK seq=138
TASK2_HEARTBEAT_RECEIVED peer_uptime_ms=%lu
TASK2_HEARTBEAT_RECEIVED peer_uptime_ms=%lu
TASK2_HEARTBEAT_RECEIVED peer_uptime_ms=%lu
TASK2_HEARTBEAT_RECEIVED peer_uptime_ms=%lu
TASK2_HEARTBEAT_RECEIVED peer_uptime_ms=%lu
TASK2_HEARTBEAT_RECEIVED peer_uptime_ms=%lu
TASK2_HEARTBEAT_RECEIVED peer_uptime_ms=%lu
TASK2_HEARTBEAT_RECEIVED peer_uptime_ms=%lu
TASK2_HEARTBEAT_RECEIVED peer_uptime_ms=%lu
TASK2_HEARTBEAT_RECEIVED peer_uptime_ms=%lu
TASK2_CONTROL_RECEIVED seq=139 request=139
TASK3_CONTROL_APPLIED request=139 value=324
TASK3_PLANT_STATE before=259 after=258 dist=0
TASK2_STATUS_SENT seq=139
TASK2_HEARTBEAT_RECEIVED peer_uptime_ms=%lu
TASK2_ACK seq=139
TASK2_HEARTBEAT_RECEIVED peer_uptime_ms=%lu
TASK2_HEARTBEAT_RECEIVED peer_uptime_ms=%lu
TASK2_HEARTBEAT_RECEIVED peer_uptime_ms=%lu
TASK2_HEARTBEAT_RECEIVED peer_uptime_ms=%lu
TASK2_HEARTBEAT_RECEIVED peer_uptime_ms=%lu
TASK2_HEARTBEAT_RECEIVED peer_uptime_ms=%lu
TASK2_HEARTBEAT_RECEIVED peer_uptime_ms=%lu
TASK2_HEARTBEAT_RECEIVED peer_uptime_ms=%lu
TASK2_HEARTBEAT_RECEIVED peer_uptime_ms=%lu
TASK2_CONTROL_RECEIVED seq=140 request=140
TASK3_CONTROL_APPLIED request=140 value=326
TASK3_PLANT_STATE before=258 after=259 dist=0
TASK2_STATUS_SENT seq=140
TASK2_HEARTBEAT_RECEIVED peer_uptime_ms=%lu
TASK2_ACK seq=140
TASK2_HEARTBEAT_RECEIVED peer_uptime_ms=%lu
TASK2_HEARTBEAT_RECEIVED peer_uptime_ms=%lu
TASK2_HEARTBEAT_RECEIVED peer_uptime_ms=%lu
TASK2_HEARTBEAT_RECEIVED peer_uptime_ms=%lu
TASK2_HEARTBEAT_RECEIVED peer_uptime_ms=%lu
TASK2_HEARTBEAT_RECEIVED peer_uptime_ms=%lu
TASK2_HEARTBEAT_RECEIVED peer_uptime_ms=%lu
TASK2_HEARTBEAT_RECEIVED peer_uptime_ms=%lu
TASK2_HEARTBEAT_RECEIVED peer_uptime_ms=%lu
TASK2_CONTROL_RECEIVED seq=141 request=141
TASK3_CONTROL_APPLIED request=141 value=324
TASK3_PLANT_STATE before=259 after=258 dist=0
TASK2_STATUS_SENT seq=141
TASK2_ACK seq=141
TASK2_HEARTBEAT_RECEIVED peer_uptime_ms=%lu
TASK2_HEARTBEAT_RECEIVED peer_uptime_ms=%lu
TASK2_HEARTBEAT_RECEIVED peer_uptime_ms=%lu
TASK2_HEARTBEAT_RECEIVED peer_uptime_ms=%lu
TASK2_HEARTBEAT_RECEIVED peer_uptime_ms=%lu
TASK2_HEARTBEAT_RECEIVED peer_uptime_ms=%lu
TASK2_HEARTBEAT_RECEIVED peer_uptime_ms=%lu
TASK2_HEARTBEAT_RECEIVED peer_uptime_ms=%lu
TASK2_HEARTBEAT_RECEIVED peer_uptime_ms=%lu
TASK2_CONTROL_RECEIVED seq=142 request=142
TASK3_CONTROL_APPLIED request=142 value=326
TASK3_PLANT_STATE before=258 after=259 dist=0
TASK2_STATUS_SENT seq=142
TASK2_HEARTBEAT_RECEIVED peer_uptime_ms=%lu
TASK2_ACK seq=142
TASK2_HEARTBEAT_RECEIVED peer_uptime_ms=%lu
TASK2_HEARTBEAT_RECEIVED peer_uptime_ms=%lu
TASK2_HEARTBEAT_RECEIVED peer_uptime_ms=%lu
TASK2_HEARTBEAT_RECEIVED peer_uptime_ms=%lu
TASK2_HEARTBEAT_RECEIVED peer_uptime_ms=%lu
TASK2_HEARTBEAT_RECEIVED peer_uptime_ms=%lu
TASK2_HEARTBEAT_RECEIVED peer_uptime_ms=%lu
TASK2_HEARTBEAT_RECEIVED peer_uptime_ms=%lu
TASK2_CONTROL_RECEIVED seq=143 request=143
TASK3_CONTROL_APPLIED request=143 value=324
TASK3_PLANT_STATE before=259 after=258 dist=0
TASK2_STATUS_SENT seq=143
TASK2_HEARTBEAT_RECEIVED peer_uptime_ms=%lu
TASK2_ACK seq=143
TASK2_HEARTBEAT_RECEIVED peer_uptime_ms=%lu
TASK2_HEARTBEAT_RECEIVED peer_uptime_ms=%lu
TASK2_HEARTBEAT_RECEIVED peer_uptime_ms=%lu
TASK2_HEARTBEAT_RECEIVED peer_uptime_ms=%lu
TASK2_HEARTBEAT_RECEIVED peer_uptime_ms=%lu
TASK2_HEARTBEAT_RECEIVED peer_uptime_ms=%lu
TASK2_HEARTBEAT_RECEIVED peer_uptime_ms=%lu
TASK2_HEARTBEAT_RECEIVED peer_uptime_ms=%lu
TASK2_HEARTBEAT_RECEIVED peer_uptime_ms=%lu
TASK2_CONTROL_RECEIVED seq=144 request=144
TASK3_CONTROL_APPLIED request=144 value=326
TASK3_PLANT_STATE before=258 after=259 dist=0
TASK2_STATUS_SENT seq=144
TASK2_HEARTBEAT_RECEIVED peer_uptime_ms=%lu
TASK2_ACK seq=144
TASK2_HEARTBEAT_RECEIVED peer_uptime_ms=%lu
TASK2_HEARTBEAT_RECEIVED peer_uptime_ms=%lu
TASK2_HEARTBEAT_RECEIVED peer_uptime_ms=%lu
TASK2_HEARTBEAT_RECEIVED peer_uptime_ms=%lu
TASK2_HEARTBEAT_RECEIVED peer_uptime_ms=%lu
TASK2_HEARTBEAT_RECEIVED peer_uptime_ms=%lu
TASK2_HEARTBEAT_RECEIVED peer_uptime_ms=%lu
TASK2_HEARTBEAT_RECEIVED peer_uptime_ms=%lu
TASK2_HEARTBEAT_RECEIVED peer_uptime_ms=%lu
TASK2_CONTROL_RECEIVED seq=145 request=145
TASK3_CONTROL_APPLIED request=145 value=324
TASK3_PLANT_STATE before=259 after=258 dist=0
TASK2_STATUS_SENT seq=145
TASK2_HEARTBEAT_RECEIVED peer_uptime_ms=%lu
TASK2_ACK seq=145
TASK2_HEARTBEAT_RECEIVED peer_uptime_ms=%lu
TASK2_HEARTBEAT_RECEIVED peer_uptime_ms=%lu
TASK2_HEARTBEAT_RECEIVED peer_uptime_ms=%lu
TASK2_HEARTBEAT_RECEIVED peer_uptime_ms=%lu
TASK2_HEARTBEAT_RECEIVED peer_uptime_ms=%lu
TASK2_HEARTBEAT_RECEIVED peer_uptime_ms=%lu
TASK2_HEARTBEAT_RECEIVED peer_uptime_ms=%lu
TASK2_HEARTBEAT_RECEIVED peer_uptime_ms=%lu
TASK2_HEARTBEAT_RECEIVED peer_uptime_ms=%lu
TASK2_HEARTBEAT_RECEIVED peer_uptime_ms=%lu
TASK2_CONTROL_RECEIVED seq=146 request=146
TASK3_CONTROL_APPLIED request=146 value=326
TASK3_PLANT_STATE before=258 after=259 dist=0
TASK2_STATUS_SENT seq=146
TASK2_HEARTBEAT_RECEIVED peer_uptime_ms=%lu
TASK2_ACK seq=146
TASK2_HEARTBEAT_RECEIVED peer_uptime_ms=%lu
TASK2_HEARTBEAT_RECEIVED peer_uptime_ms=%lu
TASK2_HEARTBEAT_RECEIVED peer_uptime_ms=%lu
TASK2_HEARTBEAT_RECEIVED peer_uptime_ms=%lu
TASK2_HEARTBEAT_RECEIVED peer_uptime_ms=%lu
TASK2_HEARTBEAT_RECEIVED peer_uptime_ms=%lu
TASK2_HEARTBEAT_RECEIVED peer_uptime_ms=%lu
TASK2_HEARTBEAT_RECEIVED peer_uptime_ms=%lu
TASK2_HEARTBEAT_RECEIVED peer_uptime_ms=%lu
TASK2_CONTROL_RECEIVED seq=147 request=147
TASK3_CONTROL_APPLIED request=147 value=324
TASK3_PLANT_STATE before=259 after=258 dist=0
TASK2_STATUS_SENT seq=147
TASK2_HEARTBEAT_RECEIVED peer_uptime_ms=%lu
TASK2_ACK seq=147
TASK2_HEARTBEAT_RECEIVED peer_uptime_ms=%lu
TASK2_HEARTBEAT_RECEIVED peer_uptime_ms=%lu
TASK2_HEARTBEAT_RECEIVED peer_uptime_ms=%lu
TASK2_HEARTBEAT_RECEIVED peer_uptime_ms=%lu
TASK2_HEARTBEAT_RECEIVED peer_uptime_ms=%lu
TASK2_HEARTBEAT_RECEIVED peer_uptime_ms=%lu
TASK2_HEARTBEAT_RECEIVED peer_uptime_ms=%lu
TASK2_HEARTBEAT_RECEIVED peer_uptime_ms=%lu
TASK2_HEARTBEAT_RECEIVED peer_uptime_ms=%lu
TASK2_CONTROL_RECEIVED seq=148 request=148
TASK3_CONTROL_APPLIED request=148 value=326
TASK3_PLANT_STATE before=258 after=259 dist=0
TASK2_STATUS_SENT seq=148
TASK2_HEARTBEAT_RECEIVED peer_uptime_ms=%lu
TASK2_ACK seq=148
TASK2_HEARTBEAT_RECEIVED peer_uptime_ms=%lu
TASK2_HEARTBEAT_RECEIVED peer_uptime_ms=%lu
TASK2_HEARTBEAT_RECEIVED peer_uptime_ms=%lu
TASK2_HEARTBEAT_RECEIVED peer_uptime_ms=%lu
TASK2_HEARTBEAT_RECEIVED peer_uptime_ms=%lu
TASK2_HEARTBEAT_RECEIVED peer_uptime_ms=%lu
TASK2_HEARTBEAT_RECEIVED peer_uptime_ms=%lu
TASK2_HEARTBEAT_RECEIVED peer_uptime_ms=%lu
TASK2_HEARTBEAT_RECEIVED peer_uptime_ms=%lu
TASK2_CONTROL_RECEIVED seq=149 request=149
TASK3_CONTROL_APPLIED request=149 value=324
TASK3_PLANT_STATE before=259 after=258 dist=0
TASK2_STATUS_SENT seq=149
TASK2_HEARTBEAT_RECEIVED peer_uptime_ms=%lu
TASK2_ACK seq=149
TASK2_HEARTBEAT_RECEIVED peer_uptime_ms=%lu
TASK2_HEARTBEAT_RECEIVED peer_uptime_ms=%lu
TASK2_HEARTBEAT_RECEIVED peer_uptime_ms=%lu
TASK2_HEARTBEAT_RECEIVED peer_uptime_ms=%lu
TASK2_HEARTBEAT_RECEIVED peer_uptime_ms=%lu
TASK2_HEARTBEAT_RECEIVED peer_uptime_ms=%lu
TASK2_HEARTBEAT_RECEIVED peer_uptime_ms=%lu
TASK2_HEARTBEAT_RECEIVED peer_uptime_ms=%lu
TASK2_HEARTBEAT_RECEIVED peer_uptime_ms=%lu
TASK2_CONTROL_RECEIVED seq=150 request=150
TASK3_CONTROL_APPLIED request=150 value=326
TASK3_PLANT_STATE before=258 after=259 dist=0
TASK2_STATUS_SENT seq=150
TASK2_HEARTBEAT_RECEIVED peer_uptime_ms=%lu
TASK2_ACK seq=150
TASK2_HEARTBEAT_RECEIVED peer_uptime_ms=%lu
TASK2_HEARTBEAT_RECEIVED peer_uptime_ms=%lu
TASK2_HEARTBEAT_RECEIVED peer_uptime_ms=%lu
TASK2_HEARTBEAT_RECEIVED peer_uptime_ms=%lu
TASK2_HEARTBEAT_RECEIVED peer_uptime_ms=%lu
TASK2_HEARTBEAT_RECEIVED peer_uptime_ms=%lu
TASK2_HEARTBEAT_RECEIVED peer_uptime_ms=%lu
TASK2_HEARTBEAT_RECEIVED peer_uptime_ms=%lu
TASK2_HEARTBEAT_RECEIVED peer_uptime_ms=%lu
TASK2_CONTROL_RECEIVED seq=151 request=151
TASK3_CONTROL_APPLIED request=151 value=324
TASK3_PLANT_STATE before=259 after=258 dist=0
TASK2_STATUS_SENT seq=151
TASK2_HEARTBEAT_RECEIVED peer_uptime_ms=%lu
TASK2_ACK seq=151
TASK2_HEARTBEAT_RECEIVED peer_uptime_ms=%lu
TASK2_HEARTBEAT_RECEIVED peer_uptime_ms=%lu
TASK2_HEARTBEAT_RECEIVED peer_uptime_ms=%lu
TASK2_HEARTBEAT_RECEIVED peer_uptime_ms=%lu
TASK2_HEARTBEAT_RECEIVED peer_uptime_ms=%lu
TASK2_HEARTBEAT_RECEIVED peer_uptime_ms=%lu
TASK2_HEARTBEAT_RECEIVED peer_uptime_ms=%lu
TASK2_HEARTBEAT_RECEIVED peer_uptime_ms=%lu
TASK2_HEARTBEAT_RECEIVED peer_uptime_ms=%lu
TASK2_CONTROL_RECEIVED seq=152 request=152
TASK3_CONTROL_APPLIED request=152 value=326
TASK3_PLANT_STATE before=258 after=259 dist=0
TASK2_STATUS_SENT seq=152
TASK2_HEARTBEAT_RECEIVED peer_uptime_ms=%lu
TASK2_ACK seq=152
TASK2_HEARTBEAT_RECEIVED peer_uptime_ms=%lu
TASK2_HEARTBEAT_RECEIVED peer_uptime_ms=%lu
TASK2_HEARTBEAT_RECEIVED peer_uptime_ms=%lu
TASK2_HEARTBEAT_RECEIVED peer_uptime_ms=%lu
TASK2_HEARTBEAT_RECEIVED peer_uptime_ms=%lu
TASK2_HEARTBEAT_RECEIVED peer_uptime_ms=%lu
TASK2_HEARTBEAT_RECEIVED peer_uptime_ms=%lu
TASK2_HEARTBEAT_RECEIVED peer_uptime_ms=%lu
TASK2_HEARTBEAT_RECEIVED peer_uptime_ms=%lu
TASK2_CONTROL_RECEIVED seq=153 request=153
TASK3_CONTROL_APPLIED request=153 value=324
TASK3_PLANT_STATE before=259 after=258 dist=0
TASK2_STATUS_SENT seq=153
TASK2_HEARTBEAT_RECEIVED peer_uptime_ms=%lu
TASK2_ACK seq=153
TASK2_HEARTBEAT_RECEIVED peer_uptime_ms=%lu
TASK2_HEARTBEAT_RECEIVED peer_uptime_ms=%lu
TASK2_HEARTBEAT_RECEIVED peer_uptime_ms=%lu
TASK2_HEARTBEAT_RECEIVED peer_uptime_ms=%lu
TASK2_HEARTBEAT_RECEIVED peer_uptime_ms=%lu
TASK2_HEARTBEAT_RECEIVED peer_uptime_ms=%lu
TASK2_HEARTBEAT_RECEIVED peer_uptime_ms=%lu
TASK2_HEARTBEAT_RECEIVED peer_uptime_ms=%lu
TASK2_HEARTBEAT_RECEIVED peer_uptime_ms=%lu
TASK2_CONTROL_RECEIVED seq=154 request=154
TASK3_CONTROL_APPLIED request=154 value=326
TASK3_PLANT_STATE before=258 after=259 dist=0
TASK2_STATUS_SENT seq=154
TASK2_HEARTBEAT_RECEIVED peer_uptime_ms=%lu
TASK2_ACK seq=154
TASK2_HEARTBEAT_RECEIVED peer_uptime_ms=%lu
TASK2_HEARTBEAT_RECEIVED peer_uptime_ms=%lu
TASK2_HEARTBEAT_RECEIVED peer_uptime_ms=%lu
TASK2_HEARTBEAT_RECEIVED peer_uptime_ms=%lu
TASK2_HEARTBEAT_RECEIVED peer_uptime_ms=%lu
TASK2_HEARTBEAT_RECEIVED peer_uptime_ms=%lu
TASK2_HEARTBEAT_RECEIVED peer_uptime_ms=%lu
TASK2_HEARTBEAT_RECEIVED peer_uptime_ms=%lu
TASK2_HEARTBEAT_RECEIVED peer_uptime_ms=%lu
TASK2_HEARTBEAT_RECEIVED peer_uptime_ms=%lu
TASK2_CONTROL_RECEIVED seq=155 request=155
TASK3_CONTROL_APPLIED request=155 value=324
TASK3_PLANT_STATE before=259 after=258 dist=0
TASK2_STATUS_SENT seq=155
TASK2_HEARTBEAT_RECEIVED peer_uptime_ms=%lu
TASK2_ACK seq=155
TASK2_HEARTBEAT_RECEIVED peer_uptime_ms=%lu
TASK2_HEARTBEAT_RECEIVED peer_uptime_ms=%lu
TASK2_HEARTBEAT_RECEIVED peer_uptime_ms=%lu
TASK2_HEARTBEAT_RECEIVED peer_uptime_ms=%lu
TASK2_HEARTBEAT_RECEIVED peer_uptime_ms=%lu
TASK2_HEARTBEAT_RECEIVED peer_uptime_ms=%lu
TASK2_HEARTBEAT_RECEIVED peer_uptime_ms=%lu
TASK2_HEARTBEAT_RECEIVED peer_uptime_ms=%lu
TASK2_HEARTBEAT_RECEIVED peer_uptime_ms=%lu
TASK2_CONTROL_RECEIVED seq=156 request=156
TASK3_CONTROL_APPLIED request=156 value=326
TASK3_PLANT_STATE before=258 after=259 dist=0
TASK2_STATUS_SENT seq=156
TASK2_HEARTBEAT_RECEIVED peer_uptime_ms=%lu
TASK2_ACK seq=156
TASK2_HEARTBEAT_RECEIVED peer_uptime_ms=%lu
TASK2_HEARTBEAT_RECEIVED peer_uptime_ms=%lu
TASK2_HEARTBEAT_RECEIVED peer_uptime_ms=%lu
TASK2_HEARTBEAT_RECEIVED peer_uptime_ms=%lu
TASK2_HEARTBEAT_RECEIVED peer_uptime_ms=%lu
TASK2_HEARTBEAT_RECEIVED peer_uptime_ms=%lu
TASK2_HEARTBEAT_RECEIVED peer_uptime_ms=%lu
TASK2_HEARTBEAT_RECEIVED peer_uptime_ms=%lu
TASK2_HEARTBEAT_RECEIVED peer_uptime_ms=%lu
TASK2_CONTROL_RECEIVED seq=157 request=157
TASK3_CONTROL_APPLIED request=157 value=324
TASK3_PLANT_STATE before=259 after=258 dist=0
TASK2_STATUS_SENT seq=157
TASK2_HEARTBEAT_RECEIVED peer_uptime_ms=%lu
TASK2_ACK seq=157
TASK2_HEARTBEAT_RECEIVED peer_uptime_ms=%lu
TASK2_HEARTBEAT_RECEIVED peer_uptime_ms=%lu
TASK2_HEARTBEAT_RECEIVED peer_uptime_ms=%lu
TASK2_HEARTBEAT_RECEIVED peer_uptime_ms=%lu
TASK2_HEARTBEAT_RECEIVED peer_uptime_ms=%lu
TASK2_HEARTBEAT_RECEIVED peer_uptime_ms=%lu
TASK2_HEARTBEAT_RECEIVED peer_uptime_ms=%lu
TASK2_HEARTBEAT_RECEIVED peer_uptime_ms=%lu
TASK2_HEARTBEAT_RECEIVED peer_uptime_ms=%lu
TASK2_CONTROL_RECEIVED seq=158 request=158
TASK3_CONTROL_APPLIED request=158 value=326
TASK3_PLANT_STATE before=258 after=259 dist=0
TASK2_STATUS_SENT seq=158
TASK2_HEARTBEAT_RECEIVED peer_uptime_ms=%lu
TASK2_ACK seq=158
TASK2_HEARTBEAT_RECEIVED peer_uptime_ms=%lu
TASK2_HEARTBEAT_RECEIVED peer_uptime_ms=%lu
TASK2_HEARTBEAT_RECEIVED peer_uptime_ms=%lu
TASK2_HEARTBEAT_RECEIVED peer_uptime_ms=%lu
TASK2_HEARTBEAT_RECEIVED peer_uptime_ms=%lu
TASK2_HEARTBEAT_RECEIVED peer_uptime_ms=%lu
TASK2_HEARTBEAT_RECEIVED peer_uptime_ms=%lu
TASK2_HEARTBEAT_RECEIVED peer_uptime_ms=%lu
TASK2_HEARTBEAT_RECEIVED peer_uptime_ms=%lu
TASK2_CONTROL_RECEIVED seq=159 request=159
TASK3_CONTROL_APPLIED request=159 value=324
TASK3_PLANT_STATE before=259 after=258 dist=0
TASK2_STATUS_SENT seq=159
TASK2_HEARTBEAT_RECEIVED peer_uptime_ms=%lu
TASK2_ACK seq=159
TASK2_HEARTBEAT_RECEIVED peer_uptime_ms=%lu
TASK2_HEARTBEAT_RECEIVED peer_uptime_ms=%lu
TASK2_HEARTBEAT_RECEIVED peer_uptime_ms=%lu
TASK2_HEARTBEAT_RECEIVED peer_uptime_ms=%lu
TASK2_HEARTBEAT_RECEIVED peer_uptime_ms=%lu
TASK2_HEARTBEAT_RECEIVED peer_uptime_ms=%lu
TASK2_HEARTBEAT_RECEIVED peer_uptime_ms=%lu
TASK2_HEARTBEAT_RECEIVED peer_uptime_ms=%lu
TASK2_CONTROL_RECEIVED seq=160 request=160
TASK3_CONTROL_APPLIED request=160 value=326
TASK3_PLANT_STATE before=258 after=259 dist=0
TASK2_STATUS_SENT seq=160
TASK2_HEARTBEAT_RECEIVED peer_uptime_ms=%lu
TASK2_ACK seq=160
TASK2_HEARTBEAT_RECEIVED peer_uptime_ms=%lu
TASK2_HEARTBEAT_RECEIVED peer_uptime_ms=%lu
TASK2_HEARTBEAT_RECEIVED peer_uptime_ms=%lu
TASK2_HEARTBEAT_RECEIVED peer_uptime_ms=%lu
TASK2_HEARTBEAT_RECEIVED peer_uptime_ms=%lu
TASK2_HEARTBEAT_RECEIVED peer_uptime_ms=%lu
TASK2_HEARTBEAT_RECEIVED peer_uptime_ms=%lu
TASK2_HEARTBEAT_RECEIVED peer_uptime_ms=%lu
TASK2_HEARTBEAT_RECEIVED peer_uptime_ms=%lu
TASK2_CONTROL_RECEIVED seq=161 request=161
TASK3_CONTROL_APPLIED request=161 value=324
TASK3_PLANT_STATE before=259 after=258 dist=0
TASK2_STATUS_SENT seq=161
TASK2_HEARTBEAT_RECEIVED peer_uptime_ms=%lu
TASK2_ACK seq=161
TASK2_HEARTBEAT_RECEIVED peer_uptime_ms=%lu
TASK2_HEARTBEAT_RECEIVED peer_uptime_ms=%lu
TASK2_HEARTBEAT_RECEIVED peer_uptime_ms=%lu
TASK2_HEARTBEAT_RECEIVED peer_uptime_ms=%lu
TASK2_HEARTBEAT_RECEIVED peer_uptime_ms=%lu
TASK2_HEARTBEAT_RECEIVED peer_uptime_ms=%lu
TASK2_HEARTBEAT_RECEIVED peer_uptime_ms=%lu
TASK2_HEARTBEAT_RECEIVED peer_uptime_ms=%lu
TASK2_CONTROL_RECEIVED seq=162 request=162
TASK3_CONTROL_APPLIED request=162 value=326
TASK3_PLANT_STATE before=258 after=259 dist=0
TASK2_STATUS_SENT seq=162
TASK2_HEARTBEAT_RECEIVED peer_uptime_ms=%lu
TASK2_ACK seq=162
TASK2_HEARTBEAT_RECEIVED peer_uptime_ms=%lu
TASK2_HEARTBEAT_RECEIVED peer_uptime_ms=%lu
TASK2_HEARTBEAT_RECEIVED peer_uptime_ms=%lu
TASK2_HEARTBEAT_RECEIVED peer_uptime_ms=%lu
TASK2_HEARTBEAT_RECEIVED peer_uptime_ms=%lu
TASK2_HEARTBEAT_RECEIVED peer_uptime_ms=%lu
TASK2_HEARTBEAT_RECEIVED peer_uptime_ms=%lu
TASK2_HEARTBEAT_RECEIVED peer_uptime_ms=%lu
TASK2_HEARTBEAT_RECEIVED peer_uptime_ms=%lu
TASK2_CONTROL_RECEIVED seq=163 request=163
TASK3_CONTROL_APPLIED request=163 value=324
TASK3_PLANT_STATE before=259 after=258 dist=0
TASK2_STATUS_SENT seq=163
TASK2_HEARTBEAT_RECEIVED peer_uptime_ms=%lu
TASK2_ACK seq=163
TASK2_HEARTBEAT_RECEIVED peer_uptime_ms=%lu
TASK2_HEARTBEAT_RECEIVED peer_uptime_ms=%lu
TASK2_HEARTBEAT_RECEIVED peer_uptime_ms=%lu
TASK2_SAFE state=Safe event=HeartbeatTimeout

[Axvisor] detached VM[2] console
[2Kaxvisor:/$ [2Kaxvisor:/$ v[2Kaxvisor:/$ vi[2Kaxvisor:/$ vir[2Kaxvisor:/$ virt[2Kaxvisor:/$ virtn[2Kaxvisor:/$ virtne[2Kaxvisor:/$ virtnet[2Kaxvisor:/$ virtnet [2Kaxvisor:/$ virtnet d[2Kaxvisor:/$ virtnet dr[2Kaxvisor:/$ virtnet dro[2Kaxvisor:/$ virtnet drop[2Kaxvisor:/$ virtnet drop [2Kaxvisor:/$ virtnet drop o[2Kaxvisor:/$ virtnet drop of[2Kaxvisor:/$ virtnet drop off
virtnet: blackout OFF
axvisor:/$ [2Kaxvisor:/$ v[2Kaxvisor:/$ vm[2Kaxvisor:/$ vm [2Kaxvisor:/$ vm c[2Kaxvisor:/$ vm co[2Kaxvisor:/$ vm con[2Kaxvisor:/$ vm cons[2Kaxvisor:/$ vm conso[2Kaxvisor:/$ vm consol[2Kaxvisor:/$ vm console[2Kaxvisor:/$ vm console [2Kaxvisor:/$ vm console 1
✓ Attached VM[1] console; use Ctrl+X, then h to return to the shell
TASK2_HEARTBEAT_RECEIVED peer_uptime_ms=1350720
TASK2_RECOVERED state=Active elapsed_ms=533064
TASK3_INFER_STARTED elapsed_ms=533064 sample=165 model=yolo11n.ncnn
[37m[769.252203 0:209 starry_kernel::task::user:70] [32mEnter user space: ip=0x8a0978, sp=0x21ca50[m
[mTASK2_HEARTBEAT_RECEIVED peer_uptime_ms=1350920
[37m[769.475994 0:17 ax_driver::soc::rockchip::cpufreq:872] [32mgov: A55 peak=100% opp 0->2 = 1021 MHz @ 675 mV[m
[mTASK2_HEARTBEAT_RECEIVED peer_uptime_ms=1351120
TASK2_HEARTBEAT_RECEIVED peer_uptime_ms=1351320
TASK2_HEARTBEAT_RECEIVED peer_uptime_ms=1351520
TASK2_HEARTBEAT_RECEIVED peer_uptime_ms=1351720
TASK2_HEARTBEAT_RECEIVED peer_uptime_ms=1351920
TASK2_HEARTBEAT_RECEIVED peer_uptime_ms=1352200
TASK2_HEARTBEAT_RECEIVED peer_uptime_ms=1352400
TASK2_HEARTBEAT_RECEIVED peer_uptime_ms=1352600
TASK2_HEARTBEAT_RECEIVED peer_uptime_ms=1352800
TASK2_HEARTBEAT_RECEIVED peer_uptime_ms=1353000
TASK2_HEARTBEAT_RECEIVED peer_uptime_ms=1353200
TASK2_HEARTBEAT_RECEIVED peer_uptime_ms=1353480
TASK2_HEARTBEAT_RECEIVED peer_uptime_ms=1353680
TASK2_HEARTBEAT_RECEIVED peer_uptime_ms=1353880
TASK2_HEARTBEAT_RECEIVED peer_uptime_ms=1354080
TASK2_HEARTBEAT_RECEIVED peer_uptime_ms=1354280
TASK2_HEARTBEAT_RECEIVED peer_uptime_ms=1354480
TASK2_HEARTBEAT_RECEIVED peer_uptime_ms=1354760
TASK2_HEARTBEAT_RECEIVED peer_uptime_ms=1354960
TASK2_HEARTBEAT_RECEIVED peer_uptime_ms=1355160
[37m[771.752925 0:209 starry_kernel::task::ops:398] [32mTask(209, "task2-net") exit with code: 0[m
[mTASK2_HEARTBEAT_RECEIVED peer_uptime_ms=1355360
TASK3_DETECTION model=yolo11n.ncnn class=75 confidence_milli=843 center_x_milli=421 area_milli=63 target=421
TASK3_INFER elapsed_ms=535425 sample=165 output=326 infer_us=1558933 model=yolo11n.ncnn target=421
TASK3_CONTROL_SENT elapsed_ms=535425 request=165 value=326 target=421 state=258 seq=1 model=yolo11n.ncnn
TASK2_HEARTBEAT_RECEIVED peer_uptime_ms=1355560
TASK2_HEARTBEAT_RECEIVED peer_uptime_ms=1355760
TASK2_ACK seq=1
TASK3_STATUS_RECEIVED elapsed_ms=535661 request=165 value=259 state=259 sample=164 rtt_ms=236
TASK3_INFER_STARTED elapsed_ms=535661 sample=166 model=yolo11n.ncnn
[37m[771.825062 0:210 starry_kernel::task::user:70] [32mEnter user space: ip=0x8a0978, sp=0x21ca50[m
[mTASK2_HEARTBEAT_RECEIVED peer_uptime_ms=1356040
TASK2_HEARTBEAT_RECEIVED peer_uptime_ms=1356240
TASK2_HEARTBEAT_RECEIVED peer_uptime_ms=1356440
TASK2_HEARTBEAT_RECEIVED peer_uptime_ms=1356640
TASK2_HEARTBEAT_RECEIVED peer_uptime_ms=1356840
TASK2_HEARTBEAT_RECEIVED peer_uptime_ms=1357040
TASK2_HEARTBEAT_RECEIVED peer_uptime_ms=1357320
TASK2_HEARTBEAT_RECEIVED peer_uptime_ms=1357520
TASK2_HEARTBEAT_RECEIVED peer_uptime_ms=1357720
TASK2_HEARTBEAT_RECEIVED peer_uptime_ms=1357920
TASK2_HEARTBEAT_RECEIVED peer_uptime_ms=1358120
TASK2_HEARTBEAT_RECEIVED peer_uptime_ms=1358400
TASK2_HEARTBEAT_RECEIVED peer_uptime_ms=1358600
TASK2_HEARTBEAT_RECEIVED peer_uptime_ms=1358800
TASK2_HEARTBEAT_RECEIVED peer_uptime_ms=1359100
TASK2_HEARTBEAT_RECEIVED peer_uptime_ms=1359300
TASK2_HEARTBEAT_RECEIVED peer_uptime_ms=1359580
TASK2_HEARTBEAT_RECEIVED peer_uptime_ms=1359780
[37m[774.159030 0:210 starry_kernel::task::ops:398] [32mTask(210, "task2-net") exit with code: 0[m
[mTASK2_HEARTBEAT_RECEIVED peer_uptime_ms=1359980
TASK3_DETECTION model=yolo11n.ncnn class=75 confidence_milli=843 center_x_milli=421 area_milli=63 target=421
TASK3_INFER elapsed_ms=537821 sample=166 output=324 infer_us=1565940 model=yolo11n.ncnn target=421
TASK3_CONTROL_SENT elapsed_ms=537821 request=166 value=324 target=421 state=259 seq=2 model=yolo11n.ncnn
TASK2_HEARTBEAT_RECEIVED peer_uptime_ms=1360180
TASK2_HEARTBEAT_RECEIVED peer_uptime_ms=1360380
TASK2_ACK seq=2
TASK3_STATUS_RECEIVED elapsed_ms=538067 request=166 value=258 state=258 sample=165 rtt_ms=246
TASK3_INFER_STARTED elapsed_ms=538067 sample=167 model=yolo11n.ncnn
[37m[774.231003 0:211 starry_kernel::task::user:70] [32mEnter user space: ip=0x8a0978, sp=0x21ca50[m
[mTASK2_HEARTBEAT_RECEIVED peer_uptime_ms=1360760
TASK2_HEARTBEAT_RECEIVED peer_uptime_ms=1360960
TASK2_HEARTBEAT_RECEIVED peer_uptime_ms=1361160
TASK2_HEARTBEAT_RECEIVED peer_uptime_ms=1361360
TASK2_HEARTBEAT_RECEIVED peer_uptime_ms=1361560
TASK2_HEARTBEAT_RECEIVED peer_uptime_ms=1361760
TASK2_HEARTBEAT_RECEIVED peer_uptime_ms=1362040
TASK2_HEARTBEAT_RECEIVED peer_uptime_ms=1362240
TASK2_HEARTBEAT_RECEIVED peer_uptime_ms=1362440
TASK2_HEARTBEAT_RECEIVED peer_uptime_ms=1362640
TASK2_HEARTBEAT_RECEIVED peer_uptime_ms=1362840
TASK2_HEARTBEAT_RECEIVED peer_uptime_ms=1363120
TASK2_HEARTBEAT_RECEIVED peer_uptime_ms=1363320
TASK2_HEARTBEAT_RECEIVED peer_uptime_ms=1363520
TASK2_HEARTBEAT_RECEIVED peer_uptime_ms=1363720
TASK2_HEARTBEAT_RECEIVED peer_uptime_ms=1364020
TASK2_HEARTBEAT_RECEIVED peer_uptime_ms=1364220
TASK2_HEARTBEAT_RECEIVED peer_uptime_ms=1364500
[37m[776.568262 0:211 starry_kernel::task::ops:398] [32mTask(211, "task2-net") exit with code: 0[m
[mTASK2_HEARTBEAT_RECEIVED peer_uptime_ms=1364700
TASK3_DETECTION model=yolo11n.ncnn class=75 confidence_milli=843 center_x_milli=421 area_milli=63 target=421
TASK3_INFER elapsed_ms=540222 sample=167 output=326 infer_us=1563647 model=yolo11n.ncnn target=421
TASK3_CONTROL_SENT elapsed_ms=540222 request=167 value=326 target=421 state=258 seq=3 model=yolo11n.ncnn
TASK2_HEARTBEAT_RECEIVED peer_uptime_ms=1364900
TASK2_HEARTBEAT_RECEIVED peer_uptime_ms=1365100
TASK2_ACK seq=3
TASK3_STATUS_RECEIVED elapsed_ms=540476 request=167 value=259 state=259 sample=166 rtt_ms=254
TASK3_INFER_STARTED elapsed_ms=540476 sample=168 model=yolo11n.ncnn
[37m[776.640532 0:212 starry_kernel::task::user:70] [32mEnter user space: ip=0x8a0978, sp=0x21ca50[m
[mTASK2_HEARTBEAT_RECEIVED peer_uptime_ms=1365500
TASK2_HEARTBEAT_RECEIVED peer_uptime_ms=1365700
TASK2_HEARTBEAT_RECEIVED peer_uptime_ms=1365900
TASK2_HEARTBEAT_RECEIVED peer_uptime_ms=1366100
TASK2_HEARTBEAT_RECEIVED peer_uptime_ms=1366300
TASK2_HEARTBEAT_RECEIVED peer_uptime_ms=1366600
TASK2_HEARTBEAT_RECEIVED peer_uptime_ms=1366800
TASK2_HEARTBEAT_RECEIVED peer_uptime_ms=1367080
TASK2_HEARTBEAT_RECEIVED peer_uptime_ms=1367280
TASK2_HEARTBEAT_RECEIVED peer_uptime_ms=1367480
TASK2_HEARTBEAT_RECEIVED peer_uptime_ms=1367680
TASK2_HEARTBEAT_RECEIVED peer_uptime_ms=1367880
TASK2_HEARTBEAT_RECEIVED peer_uptime_ms=1368080
TASK2_HEARTBEAT_RECEIVED peer_uptime_ms=1368360
TASK2_HEARTBEAT_RECEIVED peer_uptime_ms=1368560
TASK2_HEARTBEAT_RECEIVED peer_uptime_ms=1368760
TASK2_HEARTBEAT_RECEIVED peer_uptime_ms=1369060
TASK2_HEARTBEAT_RECEIVED peer_uptime_ms=1369260
[37m[778.978976 0:212 starry_kernel::task::ops:398] [32mTask(212, "task2-net") exit with code: 0[m
[mTASK2_HEARTBEAT_RECEIVED peer_uptime_ms=1369540
TASK3_DETECTION model=yolo11n.ncnn class=75 confidence_milli=843 center_x_milli=421 area_milli=63 target=421
TASK3_INFER elapsed_ms=542635 sample=168 output=324 infer_us=1555709 model=yolo11n.ncnn target=421
TASK3_CONTROL_SENT elapsed_ms=542635 request=168 value=324 target=421 state=259 seq=4 model=yolo11n.ncnn
TASK2_HEARTBEAT_RECEIVED peer_uptime_ms=1369740
TASK2_HEARTBEAT_RECEIVED peer_uptime_ms=1369940
TASK2_ACK seq=4
TASK3_STATUS_RECEIVED elapsed_ms=542887 request=168 value=258 state=258 sample=167 rtt_ms=252
TASK3_INFER_STARTED elapsed_ms=542887 sample=169 model=yolo11n.ncnn
[37m[779.051020 0:213 starry_kernel::task::user:70] [32mEnter user space: ip=0x8a0978, sp=0x21ca50[m
[mTASK2_HEARTBEAT_RECEIVED peer_uptime_ms=1370240
TASK2_HEARTBEAT_RECEIVED peer_uptime_ms=1370440
TASK2_HEARTBEAT_RECEIVED peer_uptime_ms=1370640
TASK2_HEARTBEAT_RECEIVED peer_uptime_ms=1370840
TASK2_HEARTBEAT_RECEIVED peer_uptime_ms=1371040
TASK2_HEARTBEAT_RECEIVED peer_uptime_ms=1371240
TASK2_HEARTBEAT_RECEIVED peer_uptime_ms=1371520
TASK2_HEARTBEAT_RECEIVED peer_uptime_ms=1371720
TASK2_HEARTBEAT_RECEIVED peer_uptime_ms=1371920
TASK2_HEARTBEAT_RECEIVED peer_uptime_ms=1372120
TASK2_HEARTBEAT_RECEIVED peer_uptime_ms=1372320
TASK2_HEARTBEAT_RECEIVED peer_uptime_ms=1372620
TASK2_HEARTBEAT_RECEIVED peer_uptime_ms=1372820
TASK2_HEARTBEAT_RECEIVED peer_uptime_ms=1373100
TASK2_HEARTBEAT_RECEIVED peer_uptime_ms=1373300
TASK2_HEARTBEAT_RECEIVED peer_uptime_ms=1373500
TASK2_HEARTBEAT_RECEIVED peer_uptime_ms=1373700
TASK2_HEARTBEAT_RECEIVED peer_uptime_ms=1373980
[37m[781.384595 0:213 starry_kernel::task::ops:398] [32mTask(213, "task2-net") exit with code: 0[m
[mTASK2_HEARTBEAT_RECEIVED peer_uptime_ms=1374180
TASK3_DETECTION model=yolo11n.ncnn class=75 confidence_milli=843 center_x_milli=421 area_milli=63 target=421
TASK3_INFER elapsed_ms=545041 sample=169 output=326 infer_us=1563158 model=yolo11n.ncnn target=421
TASK3_CONTROL_SENT elapsed_ms=545041 request=169 value=326 target=421 state=258 seq=5 model=yolo11n.ncnn
TASK2_HEARTBEAT_RECEIVED peer_uptime_ms=1374380
TASK2_HEARTBEAT_RECEIVED peer_uptime_ms=1374580
TASK2_ACK seq=5
TASK3_STATUS_RECEIVED elapsed_ms=545291 request=169 value=259 state=259 sample=168 rtt_ms=250
TASK3_INFER_STARTED elapsed_ms=545291 sample=170 model=yolo11n.ncnn
[37m[781.455677 0:214 starry_kernel::task::user:70] [32mEnter user space: ip=0x8a0978, sp=0x21ca50[m
[mTASK2_HEARTBEAT_RECEIVED peer_uptime_ms=1374980
TASK2_HEARTBEAT_RECEIVED peer_uptime_ms=1375180
TASK2_HEARTBEAT_RECEIVED peer_uptime_ms=1375380
TASK2_HEARTBEAT_RECEIVED peer_uptime_ms=1375580
TASK2_HEARTBEAT_RECEIVED peer_uptime_ms=1375780
TASK2_HEARTBEAT_RECEIVED peer_uptime_ms=1375980
TASK2_HEARTBEAT_RECEIVED peer_uptime_ms=1376180
TASK2_HEARTBEAT_RECEIVED peer_uptime_ms=1376460
TASK2_HEARTBEAT_RECEIVED peer_uptime_ms=1376660
TASK2_HEARTBEAT_RECEIVED peer_uptime_ms=1376860
TASK2_HEARTBEAT_RECEIVED peer_uptime_ms=1377060
TASK2_HEARTBEAT_RECEIVED peer_uptime_ms=1377360
TASK2_HEARTBEAT_RECEIVED peer_uptime_ms=1377560
TASK2_HEARTBEAT_RECEIVED peer_uptime_ms=1377840
TASK2_HEARTBEAT_RECEIVED peer_uptime_ms=1378040
TASK2_HEARTBEAT_RECEIVED peer_uptime_ms=1378240
TASK2_HEARTBEAT_RECEIVED peer_uptime_ms=1378440
TASK2_HEARTBEAT_RECEIVED peer_uptime_ms=1378640
[37m[783.789064 0:214 starry_kernel::task::ops:398] [32mTask(214, "task2-net") exit with code: 0[m
[mTASK2_HEARTBEAT_RECEIVED peer_uptime_ms=1378840
TASK3_DETECTION model=yolo11n.ncnn class=75 confidence_milli=843 center_x_milli=421 area_milli=63 target=421
TASK3_INFER elapsed_ms=547451 sample=170 output=324 infer_us=1558017 model=yolo11n.ncnn target=421
TASK3_CONTROL_SENT elapsed_ms=547451 request=170 value=324 target=421 state=259 seq=6 model=yolo11n.ncnn
TASK2_HEARTBEAT_RECEIVED peer_uptime_ms=1379120
TASK2_HEARTBEAT_RECEIVED peer_uptime_ms=1379320
TASK2_ACK seq=6
TASK3_STATUS_RECEIVED elapsed_ms=547697 request=170 value=258 state=258 sample=169 rtt_ms=246
TASK3_INFER_STARTED elapsed_ms=547697 sample=171 model=yolo11n.ncnn
[37m[783.860949 0:215 starry_kernel::task::user:70] [32mEnter user space: ip=0x8a0978, sp=0x21ca50[m
[mTASK2_HEARTBEAT_RECEIVED peer_uptime_ms=1379720
TASK2_HEARTBEAT_RECEIVED peer_uptime_ms=1379920
TASK2_HEARTBEAT_RECEIVED peer_uptime_ms=1380120
TASK2_HEARTBEAT_RECEIVED peer_uptime_ms=1380320
TASK2_HEARTBEAT_RECEIVED peer_uptime_ms=1380520
TASK2_HEARTBEAT_RECEIVED peer_uptime_ms=1380800
TASK2_HEARTBEAT_RECEIVED peer_uptime_ms=1381000
TASK2_HEARTBEAT_RECEIVED peer_uptime_ms=1381200
TASK2_HEARTBEAT_RECEIVED peer_uptime_ms=1381480
TASK2_HEARTBEAT_RECEIVED peer_uptime_ms=1381680
TASK2_HEARTBEAT_RECEIVED peer_uptime_ms=1381880
TASK2_HEARTBEAT_RECEIVED peer_uptime_ms=1382080
TASK2_HEARTBEAT_RECEIVED peer_uptime_ms=1382380
TASK2_HEARTBEAT_RECEIVED peer_uptime_ms=1382580
TASK2_HEARTBEAT_RECEIVED peer_uptime_ms=1382780
TASK2_HEARTBEAT_RECEIVED peer_uptime_ms=1383060
TASK2_HEARTBEAT_RECEIVED peer_uptime_ms=1383360
[37m[786.193568 0:215 starry_kernel::task::ops:398] [32mTask(215, "task2-net") exit with code: 0[m
[mTASK2_HEARTBEAT_RECEIVED peer_uptime_ms=1383560
TASK3_DETECTION model=yolo11n.ncnn class=75 confidence_milli=843 center_x_milli=421 area_milli=63 target=421
TASK3_INFER elapsed_ms=549852 sample=171 output=326 infer_us=1564987 model=yolo11n.ncnn target=421
TASK3_CONTROL_SENT elapsed_ms=549852 request=171 value=326 target=421 state=258 seq=7 model=yolo11n.ncnn
TASK2_HEARTBEAT_RECEIVED peer_uptime_ms=1383840
TASK2_HEARTBEAT_RECEIVED peer_uptime_ms=1384040
TASK2_ACK seq=7
TASK3_STATUS_RECEIVED elapsed_ms=550101 request=171 value=259 state=259 sample=170 rtt_ms=249
TASK3_INFER_STARTED elapsed_ms=550101 sample=172 model=yolo11n.ncnn
[37m[786.265505 0:216 starry_kernel::task::user:70] [32mEnter user space: ip=0x8a0978, sp=0x21ca50[m
[mTASK2_HEARTBEAT_RECEIVED peer_uptime_ms=1384460
TASK2_HEARTBEAT_RECEIVED peer_uptime_ms=1384660
TASK2_HEARTBEAT_RECEIVED peer_uptime_ms=1384860
TASK2_HEARTBEAT_RECEIVED peer_uptime_ms=1385060
TASK2_HEARTBEAT_RECEIVED peer_uptime_ms=1385340
TASK2_HEARTBEAT_RECEIVED peer_uptime_ms=1385540
TASK2_HEARTBEAT_RECEIVED peer_uptime_ms=1385840
TASK2_HEARTBEAT_RECEIVED peer_uptime_ms=1386120
TASK2_HEARTBEAT_RECEIVED peer_uptime_ms=1386320
TASK2_HEARTBEAT_RECEIVED peer_uptime_ms=1386520
TASK2_HEARTBEAT_RECEIVED peer_uptime_ms=1386720
TASK2_HEARTBEAT_RECEIVED peer_uptime_ms=1386920
TASK2_HEARTBEAT_RECEIVED peer_uptime_ms=1387220
TASK2_HEARTBEAT_RECEIVED peer_uptime_ms=1387420
TASK2_HEARTBEAT_RECEIVED peer_uptime_ms=1387620
TASK2_HEARTBEAT_RECEIVED peer_uptime_ms=1387900
TASK2_HEARTBEAT_RECEIVED peer_uptime_ms=1388100
TASK2_HEARTBEAT_RECEIVED peer_uptime_ms=1388300
[37m[788.602776 0:216 starry_kernel::task::ops:398] [32mTask(216, "task2-net") exit with code: 0[m
[mTASK2_HEARTBEAT_RECEIVED peer_uptime_ms=1388580
TASK3_DETECTION model=yolo11n.ncnn class=75 confidence_milli=843 center_x_milli=421 area_milli=63 target=421
TASK3_INFER elapsed_ms=552265 sample=172 output=324 infer_us=1558499 model=yolo11n.ncnn target=421
TASK3_CONTROL_SENT elapsed_ms=552265 request=172 value=324 target=421 state=259 seq=8 model=yolo11n.ncnn
TASK2_HEARTBEAT_RECEIVED peer_uptime_ms=1388780
TASK2_ACK seq=8
TASK3_STATUS_RECEIVED elapsed_ms=552500 request=172 value=258 state=258 sample=171 rtt_ms=235
TASK3_INFER_STARTED elapsed_ms=552500 sample=173 model=yolo11n.ncnn
[37m[788.664589 0:217 starry_kernel::task::user:70] [32mEnter user space: ip=0x8a0978, sp=0x21ca50[m
[mTASK2_HEARTBEAT_RECEIVED peer_uptime_ms=1389180
TASK2_HEARTBEAT_RECEIVED peer_uptime_ms=1389380
TASK2_HEARTBEAT_RECEIVED peer_uptime_ms=1389580
TASK2_HEARTBEAT_RECEIVED peer_uptime_ms=1389780
TASK2_HEARTBEAT_RECEIVED peer_uptime_ms=1389980
TASK2_HEARTBEAT_RECEIVED peer_uptime_ms=1390260
TASK2_HEARTBEAT_RECEIVED peer_uptime_ms=1390460
TASK2_HEARTBEAT_RECEIVED peer_uptime_ms=1390660
TASK2_HEARTBEAT_RECEIVED peer_uptime_ms=1390860
TASK2_HEARTBEAT_RECEIVED peer_uptime_ms=1391140
TASK2_HEARTBEAT_RECEIVED peer_uptime_ms=1391340
TASK2_HEARTBEAT_RECEIVED peer_uptime_ms=1391540
TASK2_HEARTBEAT_RECEIVED peer_uptime_ms=1391840
TASK2_HEARTBEAT_RECEIVED peer_uptime_ms=1392040
TASK2_HEARTBEAT_RECEIVED peer_uptime_ms=1392320
TASK2_HEARTBEAT_RECEIVED peer_uptime_ms=1392520
TASK2_HEARTBEAT_RECEIVED peer_uptime_ms=1392720
TASK2_HEARTBEAT_RECEIVED peer_uptime_ms=1392920
[37m[790.997881 0:217 starry_kernel::task::ops:398] [32mTask(217, "task2-net") exit with code: 0[m
[mTASK2_HEARTBEAT_RECEIVED peer_uptime_ms=1393120
TASK3_DETECTION model=yolo11n.ncnn class=75 confidence_milli=843 center_x_milli=421 area_milli=63 target=421
TASK3_INFER elapsed_ms=554661 sample=173 output=326 infer_us=1565299 model=yolo11n.ncnn target=421
TASK3_CONTROL_SENT elapsed_ms=554661 request=173 value=326 target=421 state=258 seq=9 model=yolo11n.ncnn
TASK2_HEARTBEAT_RECEIVED peer_uptime_ms=1393320
TASK2_HEARTBEAT_RECEIVED peer_uptime_ms=1393520
TASK2_ACK seq=9
TASK3_STATUS_RECEIVED elapsed_ms=554905 request=173 value=259 state=259 sample=172 rtt_ms=244
TASK3_INFER_STARTED elapsed_ms=554905 sample=174 model=yolo11n.ncnn
[37m[791.070171 0:218 starry_kernel::task::user:70] [32mEnter user space: ip=0x8a0978, sp=0x21ca50[m
[mTASK2_HEARTBEAT_RECEIVED peer_uptime_ms=1393900
TASK2_HEARTBEAT_RECEIVED peer_uptime_ms=1394100
TASK2_HEARTBEAT_RECEIVED peer_uptime_ms=1394300
TASK2_HEARTBEAT_RECEIVED peer_uptime_ms=1394580
TASK2_HEARTBEAT_RECEIVED peer_uptime_ms=1394780
TASK2_HEARTBEAT_RECEIVED peer_uptime_ms=1394980
TASK2_HEARTBEAT_RECEIVED peer_uptime_ms=1395180
TASK2_HEARTBEAT_RECEIVED peer_uptime_ms=1395380
TASK2_HEARTBEAT_RECEIVED peer_uptime_ms=1395580
TASK2_HEARTBEAT_RECEIVED peer_uptime_ms=1395780
TASK2_HEARTBEAT_RECEIVED peer_uptime_ms=1396060
TASK2_HEARTBEAT_RECEIVED peer_uptime_ms=1396260
TASK2_HEARTBEAT_RECEIVED peer_uptime_ms=1396460
TASK2_HEARTBEAT_RECEIVED peer_uptime_ms=1396760
TASK2_HEARTBEAT_RECEIVED peer_uptime_ms=1396960
TASK2_HEARTBEAT_RECEIVED peer_uptime_ms=1397240
TASK2_HEARTBEAT_RECEIVED peer_uptime_ms=1397440
TASK2_HEARTBEAT_RECEIVED peer_uptime_ms=1397640
[37m[793.399755 0:218 starry_kernel::task::ops:398] [32mTask(218, "task2-net") exit with code: 0[m
[mTASK2_HEARTBEAT_RECEIVED peer_uptime_ms=1397840
TASK3_DETECTION model=yolo11n.ncnn class=75 confidence_milli=843 center_x_milli=421 area_milli=63 target=421
TASK3_INFER elapsed_ms=557062 sample=174 output=324 infer_us=1554834 model=yolo11n.ncnn target=421
TASK3_CONTROL_SENT elapsed_ms=557062 request=174 value=324 target=421 state=259 seq=10 model=yolo11n.ncnn
TASK2_HEARTBEAT_RECEIVED peer_uptime_ms=1398040
TASK2_HEARTBEAT_RECEIVED peer_uptime_ms=1398240
TASK2_ACK seq=10
TASK3_STATUS_RECEIVED elapsed_ms=557307 request=174 value=258 state=258 sample=173 rtt_ms=245
TASK3_INFER_STARTED elapsed_ms=557307 sample=175 model=yolo11n.ncnn
[37m[793.471644 0:219 starry_kernel::task::user:70] [32mEnter user space: ip=0x8a0978, sp=0x21ca50[m
[mTASK2_HEARTBEAT_RECEIVED peer_uptime_ms=1398620
TASK2_HEARTBEAT_RECEIVED peer_uptime_ms=1398820
TASK2_HEARTBEAT_RECEIVED peer_uptime_ms=1399020
TASK2_HEARTBEAT_RECEIVED peer_uptime_ms=1399220
TASK2_HEARTBEAT_RECEIVED peer_uptime_ms=1399420
TASK2_HEARTBEAT_RECEIVED peer_uptime_ms=1399620
TASK2_HEARTBEAT_RECEIVED peer_uptime_ms=1399820
TASK2_HEARTBEAT_RECEIVED peer_uptime_ms=1400100
TASK2_HEARTBEAT_RECEIVED peer_uptime_ms=1400300
TASK2_HEARTBEAT_RECEIVED peer_uptime_ms=1400500
TASK2_HEARTBEAT_RECEIVED peer_uptime_ms=1400700
TASK2_HEARTBEAT_RECEIVED peer_uptime_ms=1400980
TASK2_HEARTBEAT_RECEIVED peer_uptime_ms=1401180
TASK2_HEARTBEAT_RECEIVED peer_uptime_ms=1401380
TASK2_HEARTBEAT_RECEIVED peer_uptime_ms=1401580
TASK2_HEARTBEAT_RECEIVED peer_uptime_ms=1401780
TASK2_HEARTBEAT_RECEIVED peer_uptime_ms=1401980
TASK2_HEARTBEAT_RECEIVED peer_uptime_ms=1402260
TASK2_HEARTBEAT_RECEIVED peer_uptime_ms=1402460
[37m[795.807967 0:219 starry_kernel::task::ops:398] [32mTask(219, "task2-net") exit with code: 0[m
[mTASK2_HEARTBEAT_RECEIVED peer_uptime_ms=1402660
TASK3_DETECTION model=yolo11n.ncnn class=75 confidence_milli=843 center_x_milli=421 area_milli=63 target=421
TASK3_INFER elapsed_ms=559465 sample=175 output=326 infer_us=1562882 model=yolo11n.ncnn target=421
TASK3_CONTROL_SENT elapsed_ms=559465 request=175 value=326 target=421 state=258 seq=11 model=yolo11n.ncnn
TASK2_HEARTBEAT_RECEIVED peer_uptime_ms=1402860
TASK2_HEARTBEAT_RECEIVED peer_uptime_ms=1403060
TASK2_ACK seq=11
TASK3_STATUS_RECEIVED elapsed_ms=559716 request=175 value=259 state=259 sample=174 rtt_ms=251
TASK3_INFER_STARTED elapsed_ms=559716 sample=176 model=yolo11n.ncnn
[37m[795.880254 0:220 starry_kernel::task::user:70] [32mEnter user space: ip=0x8a0978, sp=0x21ca50[m
[mTASK2_HEARTBEAT_RECEIVED peer_uptime_ms=1403360
TASK2_HEARTBEAT_RECEIVED peer_uptime_ms=1403560
TASK2_HEARTBEAT_RECEIVED peer_uptime_ms=1403760
TASK2_HEARTBEAT_RECEIVED peer_uptime_ms=1404060
TASK2_HEARTBEAT_RECEIVED peer_uptime_ms=1404340
TASK2_HEARTBEAT_RECEIVED peer_uptime_ms=1404540
TASK2_HEARTBEAT_RECEIVED peer_uptime_ms=1404740
TASK2_HEARTBEAT_RECEIVED peer_uptime_ms=1404940
TASK2_HEARTBEAT_RECEIVED peer_uptime_ms=1405140
TASK2_HEARTBEAT_RECEIVED peer_uptime_ms=1405340
TASK2_HEARTBEAT_RECEIVED peer_uptime_ms=1405540
TASK2_HEARTBEAT_RECEIVED peer_uptime_ms=1405820
TASK2_HEARTBEAT_RECEIVED peer_uptime_ms=1406020
TASK2_HEARTBEAT_RECEIVED peer_uptime_ms=1406220
TASK2_HEARTBEAT_RECEIVED peer_uptime_ms=1406520
TASK2_HEARTBEAT_RECEIVED peer_uptime_ms=1406720
TASK2_HEARTBEAT_RECEIVED peer_uptime_ms=1407000
TASK2_HEARTBEAT_RECEIVED peer_uptime_ms=1407200
[37m[798.215317 0:220 starry_kernel::task::ops:398] [32mTask(220, "task2-net") exit with code: 0[m
[mTASK2_HEARTBEAT_RECEIVED peer_uptime_ms=1407400
TASK3_DETECTION model=yolo11n.ncnn class=75 confidence_milli=843 center_x_milli=421 area_milli=63 target=421
TASK3_INFER elapsed_ms=561875 sample=176 output=324 infer_us=1559591 model=yolo11n.ncnn target=421
TASK3_CONTROL_SENT elapsed_ms=561875 request=176 value=324 target=421 state=259 seq=12 model=yolo11n.ncnn
TASK2_HEARTBEAT_RECEIVED peer_uptime_ms=1407600
TASK2_HEARTBEAT_RECEIVED peer_uptime_ms=1407800
TASK2_ACK seq=12
TASK3_STATUS_RECEIVED elapsed_ms=562123 request=176 value=258 state=258 sample=175 rtt_ms=248
TASK3_INFER_STARTED elapsed_ms=562123 sample=177 model=yolo11n.ncnn
[37m[798.286868 0:221 starry_kernel::task::user:70] [32mEnter user space: ip=0x8a0978, sp=0x21ca50[m
[mTASK2_HEARTBEAT_RECEIVED peer_uptime_ms=1408100
TASK2_HEARTBEAT_RECEIVED peer_uptime_ms=1408300
TASK2_HEARTBEAT_RECEIVED peer_uptime_ms=1408500
TASK2_HEARTBEAT_RECEIVED peer_uptime_ms=1408700
TASK2_HEARTBEAT_RECEIVED peer_uptime_ms=1408900
TASK2_HEARTBEAT_RECEIVED peer_uptime_ms=1409180
TASK2_HEARTBEAT_RECEIVED peer_uptime_ms=1409380
TASK2_HEARTBEAT_RECEIVED peer_uptime_ms=1409580
TASK2_HEARTBEAT_RECEIVED peer_uptime_ms=1409780
TASK2_HEARTBEAT_RECEIVED peer_uptime_ms=1410080
TASK2_HEARTBEAT_RECEIVED peer_uptime_ms=1410280
TASK2_HEARTBEAT_RECEIVED peer_uptime_ms=1410560
TASK2_HEARTBEAT_RECEIVED peer_uptime_ms=1410760
TASK2_HEARTBEAT_RECEIVED peer_uptime_ms=1410960

[Axvisor] detached VM[1] console
[2Kaxvisor:/$ [2Kaxvisor:/$ v[2Kaxvisor:/$ vm[2Kaxvisor:/$ vm [2Kaxvisor:/$ vm c[2Kaxvisor:/$ vm co[2Kaxvisor:/$ vm con[2Kaxvisor:/$ vm cons[2Kaxvisor:/$ vm conso[2Kaxvisor:/$ vm consol[2Kaxvisor:/$ vm console[2Kaxvisor:/$ vm console [2Kaxvisor:/$ vm console 2
✓ Attached VM[2] console; use Ctrl+X, then h to return to the shell
TASK2_HEARTBEAT_RECEIVED peer_uptime_ms=%lu
TASK2_HEARTBEAT_RECEIVED peer_uptime_ms=%lu
TASK2_HEARTBEAT_RECEIVED peer_uptime_ms=%lu
TASK2_HEARTBEAT_RECEIVED peer_uptime_ms=%lu
TASK2_HEARTBEAT_RECEIVED peer_uptime_ms=%lu
TASK2_HEARTBEAT_RECEIVED peer_uptime_ms=%lu
TASK2_HEARTBEAT_RECEIVED peer_uptime_ms=%lu
TASK2_HEARTBEAT_RECEIVED peer_uptime_ms=%lu
TASK2_HEARTBEAT_RECEIVED peer_uptime_ms=%lu
TASK2_HEARTBEAT_RECEIVED peer_uptime_ms=%lu
TASK2_HEARTBEAT_RECEIVED peer_uptime_ms=%lu
TASK2_CONTROL_RECEIVED seq=1 request=165
TASK3_CONTROL_APPLIED request=165 value=326
TASK3_PLANT_STATE before=258 after=259 dist=0
TASK2_STATUS_SENT seq=1
TASK2_HEARTBEAT_RECEIVED peer_uptime_ms=%lu
TASK2_ACK seq=1
TASK2_HEARTBEAT_RECEIVED peer_uptime_ms=%lu
TASK2_HEARTBEAT_RECEIVED peer_uptime_ms=%lu
TASK2_HEARTBEAT_RECEIVED peer_uptime_ms=%lu
TASK2_HEARTBEAT_RECEIVED peer_uptime_ms=%lu
TASK2_HEARTBEAT_RECEIVED peer_uptime_ms=%lu
TASK2_HEARTBEAT_RECEIVED peer_uptime_ms=%lu
TASK2_HEARTBEAT_RECEIVED peer_uptime_ms=%lu
TASK2_HEARTBEAT_RECEIVED peer_uptime_ms=%lu
TASK2_HEARTBEAT_RECEIVED peer_uptime_ms=%lu
TASK2_CONTROL_RECEIVED seq=2 request=166
TASK3_CONTROL_APPLIED request=166 value=324
TASK3_PLANT_STATE before=259 after=258 dist=0
TASK2_STATUS_SENT seq=2
TASK2_HEARTBEAT_RECEIVED peer_uptime_ms=%lu
TASK2_ACK seq=2
TASK2_HEARTBEAT_RECEIVED peer_uptime_ms=%lu
TASK2_HEARTBEAT_RECEIVED peer_uptime_ms=%lu
TASK2_HEARTBEAT_RECEIVED peer_uptime_ms=%lu
TASK2_HEARTBEAT_RECEIVED peer_uptime_ms=%lu
TASK2_HEARTBEAT_RECEIVED peer_uptime_ms=%lu
TASK2_HEARTBEAT_RECEIVED peer_uptime_ms=%lu
TASK2_HEARTBEAT_RECEIVED peer_uptime_ms=%lu
TASK2_HEARTBEAT_RECEIVED peer_uptime_ms=%lu
TASK2_HEARTBEAT_RECEIVED peer_uptime_ms=%lu
TASK2_CONTROL_RECEIVED seq=3 request=167
TASK3_CONTROL_APPLIED request=167 value=326
TASK3_PLANT_STATE before=258 after=259 dist=0
TASK2_STATUS_SENT seq=3
TASK2_HEARTBEAT_RECEIVED peer_uptime_ms=%lu
TASK2_ACK seq=3
TASK2_HEARTBEAT_RECEIVED peer_uptime_ms=%lu
TASK2_HEARTBEAT_RECEIVED peer_uptime_ms=%lu
TASK2_HEARTBEAT_RECEIVED peer_uptime_ms=%lu
TASK2_HEARTBEAT_RECEIVED peer_uptime_ms=%lu
TASK2_HEARTBEAT_RECEIVED peer_uptime_ms=%lu
TASK2_HEARTBEAT_RECEIVED peer_uptime_ms=%lu
TASK2_HEARTBEAT_RECEIVED peer_uptime_ms=%lu
TASK2_HEARTBEAT_RECEIVED peer_uptime_ms=%lu
TASK2_HEARTBEAT_RECEIVED peer_uptime_ms=%lu
TASK2_CONTROL_RECEIVED seq=4 request=168
TASK3_CONTROL_APPLIED request=168 value=324
TASK3_PLANT_STATE before=259 after=258 dist=0
TASK2_STATUS_SENT seq=4
TASK2_HEARTBEAT_RECEIVED peer_uptime_ms=%lu
TASK2_ACK seq=4
TASK2_HEARTBEAT_RECEIVED peer_uptime_ms=%lu
TASK2_HEARTBEAT_RECEIVED peer_uptime_ms=%lu
TASK2_HEARTBEAT_RECEIVED peer_uptime_ms=%lu
TASK2_HEARTBEAT_RECEIVED peer_uptime_ms=%lu
TASK2_HEARTBEAT_RECEIVED peer_uptime_ms=%lu
TASK2_HEARTBEAT_RECEIVED peer_uptime_ms=%lu
TASK2_HEARTBEAT_RECEIVED peer_uptime_ms=%lu
TASK2_HEARTBEAT_RECEIVED peer_uptime_ms=%lu
TASK2_CONTROL_RECEIVED seq=5 request=169
TASK3_CONTROL_APPLIED request=169 value=326
TASK3_PLANT_STATE before=258 after=259 dist=0
TASK2_STATUS_SENT seq=5
TASK2_HEARTBEAT_RECEIVED peer_uptime_ms=%lu
TASK2_ACK seq=5
TASK2_HEARTBEAT_RECEIVED peer_uptime_ms=%lu
TASK2_HEARTBEAT_RECEIVED peer_uptime_ms=%lu
TASK2_HEARTBEAT_RECEIVED peer_uptime_ms=%lu
TASK2_HEARTBEAT_RECEIVED peer_uptime_ms=%lu
TASK2_HEARTBEAT_RECEIVED peer_uptime_ms=%lu
TASK2_HEARTBEAT_RECEIVED peer_uptime_ms=%lu
TASK2_HEARTBEAT_RECEIVED peer_uptime_ms=%lu
TASK2_HEARTBEAT_RECEIVED peer_uptime_ms=%lu
TASK2_HEARTBEAT_RECEIVED peer_uptime_ms=%lu
TASK2_CONTROL_RECEIVED seq=6 request=170
TASK3_CONTROL_APPLIED request=170 value=324
TASK3_PLANT_STATE before=259 after=258 dist=0
TASK2_STATUS_SENT seq=6
TASK2_HEARTBEAT_RECEIVED peer_uptime_ms=%lu
TASK2_ACK seq=6
TASK2_HEARTBEAT_RECEIVED peer_uptime_ms=%lu
TASK2_HEARTBEAT_RECEIVED peer_uptime_ms=%lu
TASK2_HEARTBEAT_RECEIVED peer_uptime_ms=%lu
TASK2_HEARTBEAT_RECEIVED peer_uptime_ms=%lu
TASK2_HEARTBEAT_RECEIVED peer_uptime_ms=%lu
TASK2_HEARTBEAT_RECEIVED peer_uptime_ms=%lu
TASK2_HEARTBEAT_RECEIVED peer_uptime_ms=%lu
TASK2_HEARTBEAT_RECEIVED peer_uptime_ms=%lu
TASK2_HEARTBEAT_RECEIVED peer_uptime_ms=%lu
TASK2_CONTROL_RECEIVED seq=7 request=171
TASK3_CONTROL_APPLIED request=171 value=326
TASK3_PLANT_STATE before=258 after=259 dist=0
TASK2_STATUS_SENT seq=7
TASK2_HEARTBEAT_RECEIVED peer_uptime_ms=%lu
TASK2_ACK seq=7
TASK2_HEARTBEAT_RECEIVED peer_uptime_ms=%lu
TASK2_HEARTBEAT_RECEIVED peer_uptime_ms=%lu
TASK2_HEARTBEAT_RECEIVED peer_uptime_ms=%lu
TASK2_HEARTBEAT_RECEIVED peer_uptime_ms=%lu
TASK2_HEARTBEAT_RECEIVED peer_uptime_ms=%lu
TASK2_HEARTBEAT_RECEIVED peer_uptime_ms=%lu
TASK2_HEARTBEAT_RECEIVED peer_uptime_ms=%lu
TASK2_HEARTBEAT_RECEIVED peer_uptime_ms=%lu
TASK2_CONTROL_RECEIVED seq=8 request=172
TASK3_CONTROL_APPLIED request=172 value=324
TASK3_PLANT_STATE before=259 after=258 dist=0
TASK2_STATUS_SENT seq=8
TASK2_HEARTBEAT_RECEIVED peer_uptime_ms=%lu
TASK2_ACK seq=8
TASK2_HEARTBEAT_RECEIVED peer_uptime_ms=%lu
TASK2_HEARTBEAT_RECEIVED peer_uptime_ms=%lu
TASK2_HEARTBEAT_RECEIVED peer_uptime_ms=%lu
TASK2_HEARTBEAT_RECEIVED peer_uptime_ms=%lu
TASK2_HEARTBEAT_RECEIVED peer_uptime_ms=%lu
TASK2_HEARTBEAT_RECEIVED peer_uptime_ms=%lu
TASK2_HEARTBEAT_RECEIVED peer_uptime_ms=%lu
TASK2_HEARTBEAT_RECEIVED peer_uptime_ms=%lu
TASK2_CONTROL_RECEIVED seq=9 request=173
TASK3_CONTROL_APPLIED request=173 value=326
TASK3_PLANT_STATE before=258 after=259 dist=0
TASK2_STATUS_SENT seq=9
TASK2_HEARTBEAT_RECEIVED peer_uptime_ms=%lu
TASK2_ACK seq=9
TASK2_HEARTBEAT_RECEIVED peer_uptime_ms=%lu
TASK2_HEARTBEAT_RECEIVED peer_uptime_ms=%lu
TASK2_HEARTBEAT_RECEIVED peer_uptime_ms=%lu
TASK2_HEARTBEAT_RECEIVED peer_uptime_ms=%lu
TASK2_HEARTBEAT_RECEIVED peer_uptime_ms=%lu
TASK2_HEARTBEAT_RECEIVED peer_uptime_ms=%lu
TASK2_HEARTBEAT_RECEIVED peer_uptime_ms=%lu
TASK2_HEARTBEAT_RECEIVED peer_uptime_ms=%lu
TASK2_HEARTBEAT_RECEIVED peer_uptime_ms=%lu
TASK2_CONTROL_RECEIVED seq=10 request=174
TASK3_CONTROL_APPLIED request=174 value=324
TASK3_PLANT_STATE before=259 after=258 dist=0
TASK2_STATUS_SENT seq=10
TASK2_HEARTBEAT_RECEIVED peer_uptime_ms=%lu
TASK2_ACK seq=10
TASK2_HEARTBEAT_RECEIVED peer_uptime_ms=%lu
TASK2_HEARTBEAT_RECEIVED peer_uptime_ms=%lu
TASK2_HEARTBEAT_RECEIVED peer_uptime_ms=%lu
TASK2_HEARTBEAT_RECEIVED peer_uptime_ms=%lu
TASK2_HEARTBEAT_RECEIVED peer_uptime_ms=%lu
TASK2_HEARTBEAT_RECEIVED peer_uptime_ms=%lu
TASK2_HEARTBEAT_RECEIVED peer_uptime_ms=%lu
TASK2_HEARTBEAT_RECEIVED peer_uptime_ms=%lu
TASK2_HEARTBEAT_RECEIVED peer_uptime_ms=%lu
TASK2_CONTROL_RECEIVED seq=11 request=175
TASK3_CONTROL_APPLIED request=175 value=326
TASK3_PLANT_STATE before=258 after=259 dist=0
TASK2_STATUS_SENT seq=11
TASK2_HEARTBEAT_RECEIVED peer_uptime_ms=%lu
TASK2_ACK seq=11
TASK2_HEARTBEAT_RECEIVED peer_uptime_ms=%lu
TASK2_HEARTBEAT_RECEIVED peer_uptime_ms=%lu
TASK2_HEARTBEAT_RECEIVED peer_uptime_ms=%lu
TASK2_HEARTBEAT_RECEIVED peer_uptime_ms=%lu
TASK2_HEARTBEAT_RECEIVED peer_uptime_ms=%lu
TASK2_HEARTBEAT_RECEIVED peer_uptime_ms=%lu
TASK2_HEARTBEAT_RECEIVED peer_uptime_ms=%lu
TASK2_HEARTBEAT_RECEIVED peer_uptime_ms=%lu
TASK2_HEARTBEAT_RECEIVED peer_uptime_ms=%lu
TASK2_CONTROL_RECEIVED seq=12 request=176
TASK3_CONTROL_APPLIED request=176 value=324
TASK3_PLANT_STATE before=259 after=258 dist=0
TASK2_STATUS_SENT seq=12
TASK2_HEARTBEAT_RECEIVED peer_uptime_ms=%lu
TASK2_ACK seq=12
TASK2_HEARTBEAT_RECEIVED peer_uptime_ms=%lu
TASK2_HEARTBEAT_RECEIVED peer_uptime_ms=%lu
TASK2_HEARTBEAT_RECEIVED peer_uptime_ms=%lu
TASK2_HEARTBEAT_RECEIVED peer_uptime_ms=%lu
TASK2_HEARTBEAT_RECEIVED peer_uptime_ms=%lu
TASK2_HEARTBEAT_RECEIVED peer_uptime_ms=%lu
TASK2_HEARTBEAT_RECEIVED peer_uptime_ms=%lu
TASK2_HEARTBEAT_RECEIVED peer_uptime_ms=%lu
TASK2_HEARTBEAT_RECEIVED peer_uptime_ms=%lu
TASK2_CONTROL_RECEIVED seq=13 request=177
TASK3_CONTROL_APPLIED request=177 value=326
TASK3_PLANT_STATE before=258 after=259 dist=0
TASK2_STATUS_SENT seq=13
TASK2_HEARTBEAT_RECEIVED peer_uptime_ms=%lu
TASK2_ACK seq=13
TASK2_HEARTBEAT_RECEIVED peer_uptime_ms=%lu
TASK2_HEARTBEAT_RECEIVED peer_uptime_ms=%lu
TASK2_HEARTBEAT_RECEIVED peer_uptime_ms=%lu
TASK2_HEARTBEAT_RECEIVED peer_uptime_ms=%lu
TASK2_HEARTBEAT_RECEIVED peer_uptime_ms=%lu
TASK2_HEARTBEAT_RECEIVED peer_uptime_ms=%lu
TASK2_HEARTBEAT_RECEIVED peer_uptime_ms=%lu
TASK2_HEARTBEAT_RECEIVED peer_uptime_ms=%lu
TASK2_CONTROL_RECEIVED seq=14 request=178
TASK3_CONTROL_APPLIED request=178 value=324
TASK3_PLANT_STATE before=259 after=258 dist=0
TASK2_STATUS_SENT seq=14
TASK2_HEARTBEAT_RECEIVED peer_uptime_ms=%lu
TASK2_ACK seq=14
TASK2_HEARTBEAT_RECEIVED peer_uptime_ms=%lu
TASK2_HEARTBEAT_RECEIVED peer_uptime_ms=%lu
TASK2_HEARTBEAT_RECEIVED peer_uptime_ms=%lu
TASK2_HEARTBEAT_RECEIVED peer_uptime_ms=%lu
TASK2_HEARTBEAT_RECEIVED peer_uptime_ms=%lu
TASK2_HEARTBEAT_RECEIVED peer_uptime_ms=%lu
TASK2_HEARTBEAT_RECEIVED peer_uptime_ms=%lu
TASK2_HEARTBEAT_RECEIVED peer_uptime_ms=%lu
TASK2_HEARTBEAT_RECEIVED peer_uptime_ms=%lu
TASK2_CONTROL_RECEIVED seq=15 request=179
TASK3_CONTROL_APPLIED request=179 value=326
TASK3_PLANT_STATE before=258 after=259 dist=0
TASK2_STATUS_SENT seq=15
TASK2_HEARTBEAT_RECEIVED peer_uptime_ms=%lu
TASK2_ACK seq=15
TASK2_HEARTBEAT_RECEIVED peer_uptime_ms=%lu
TASK2_HEARTBEAT_RECEIVED peer_uptime_ms=%lu
TASK2_HEARTBEAT_RECEIVED peer_uptime_ms=%lu
TASK2_HEARTBEAT_RECEIVED peer_uptime_ms=%lu
TASK2_HEARTBEAT_RECEIVED peer_uptime_ms=%lu
TASK2_HEARTBEAT_RECEIVED peer_uptime_ms=%lu
TASK2_HEARTBEAT_RECEIVED peer_uptime_ms=%lu
TASK2_HEARTBEAT_RECEIVED peer_uptime_ms=%lu
TASK2_CONTROL_RECEIVED seq=16 request=180
TASK3_CONTROL_APPLIED request=180 value=324
TASK3_PLANT_STATE before=259 after=258 dist=0
TASK2_STATUS_SENT seq=16
TASK2_HEARTBEAT_RECEIVED peer_uptime_ms=%lu
TASK2_ACK seq=16
TASK2_HEARTBEAT_RECEIVED peer_uptime_ms=%lu
TASK2_HEARTBEAT_RECEIVED peer_uptime_ms=%lu
TASK2_HEARTBEAT_RECEIVED peer_uptime_ms=%lu
TASK2_HEARTBEAT_RECEIVED peer_uptime_ms=%lu
TASK2_HEARTBEAT_RECEIVED peer_uptime_ms=%lu
TASK2_HEARTBEAT_RECEIVED peer_uptime_ms=%lu
TASK2_HEARTBEAT_RECEIVED peer_uptime_ms=%lu
TASK2_HEARTBEAT_RECEIVED peer_uptime_ms=%lu
TASK2_HEARTBEAT_RECEIVED peer_uptime_ms=%lu
TASK2_CONTROL_RECEIVED seq=17 request=181
TASK3_CONTROL_APPLIED request=181 value=326
TASK3_PLANT_STATE before=258 after=259 dist=0
TASK2_STATUS_SENT seq=17
TASK2_HEARTBEAT_RECEIVED peer_uptime_ms=%lu
TASK2_ACK seq=17
TASK2_HEARTBEAT_RECEIVED peer_uptime_ms=%lu
TASK2_HEARTBEAT_RECEIVED peer_uptime_ms=%lu
TASK2_HEARTBEAT_RECEIVED peer_uptime_ms=%lu
TASK2_HEARTBEAT_RECEIVED peer_uptime_ms=%lu
TASK2_HEARTBEAT_RECEIVED peer_uptime_ms=%lu
TASK2_HEARTBEAT_RECEIVED peer_uptime_ms=%lu
TASK2_HEARTBEAT_RECEIVED peer_uptime_ms=%lu
TASK2_HEARTBEAT_RECEIVED peer_uptime_ms=%lu
TASK2_CONTROL_RECEIVED seq=18 request=182
TASK3_CONTROL_APPLIED request=182 value=324
TASK3_PLANT_STATE before=259 after=258 dist=0
TASK2_STATUS_SENT seq=18
TASK2_HEARTBEAT_RECEIVED peer_uptime_ms=%lu
TASK2_ACK seq=18
TASK2_HEARTBEAT_RECEIVED peer_uptime_ms=%lu
TASK2_HEARTBEAT_RECEIVED peer_uptime_ms=%lu
TASK2_HEARTBEAT_RECEIVED peer_uptime_ms=%lu
TASK2_HEARTBEAT_RECEIVED peer_uptime_ms=%lu
TASK2_HEARTBEAT_RECEIVED peer_uptime_ms=%lu
TASK2_HEARTBEAT_RECEIVED peer_uptime_ms=%lu
TASK2_HEARTBEAT_RECEIVED peer_uptime_ms=%lu
TASK2_HEARTBEAT_RECEIVED peer_uptime_ms=%lu
TASK2_CONTROL_RECEIVED seq=19 request=183
TASK3_CONTROL_APPLIED request=183 value=326
TASK3_PLANT_STATE before=258 after=259 dist=0
TASK2_STATUS_SENT seq=19
TASK2_HEARTBEAT_RECEIVED peer_uptime_ms=%lu
TASK2_ACK seq=19

[Axvisor] detached VM[2] console
[2Kaxvisor:/$ [2Kaxvisor:/$ v[2Kaxvisor:/$ vi[2Kaxvisor:/$ vir[2Kaxvisor:/$ virt[2Kaxvisor:/$ virtn[2Kaxvisor:/$ virtne[2Kaxvisor:/$ virtnet[2Kaxvisor:/$ virtnet [2Kaxvisor:/$ virtnet s[2Kaxvisor:/$ virtnet sh[2Kaxvisor:/$ virtnet sho[2Kaxvisor:/$ virtnet show
virtnet switch: blackout=off capture=off frames=2278
  port vm1 mac=52:54:00:12:34:15 active
  port vm2 mac=52:54:00:12:34:02 active
axvisor:/$ [2Kaxvisor:/$ v[2Kaxvisor:/$ vm[2Kaxvisor:/$ vm [2Kaxvisor:/$ vm l[2Kaxvisor:/$ vm li[2Kaxvisor:/$ vm lis[2Kaxvisor:/$ vm list
VM ID  NAME            STATUS       VCPU            MEMORY     VCPU STATE          
------ --------------- ------------ --------------- ---------- --------------------
1      atk-task23-starry running      0               1GB        Run:1               
2      atk-task23-rtthread running      0               512MB      Free:1              
axvisor:/$ 