sequence,cycle_started_us,command_sent_us,response_completed_us,full_loop_us,pre_send_us,transport_us,setpoint_milli_c,observed_milli_c,measured_milli_c,command_actuator_permille,status_actuator_permille,error_milli_c
1,1584,19574,122350,120766,17990,102776,45000,20000,20266,951,951,24734
2,122917,123148,130889,7972,231,7741,45000,20266,20543,992,992,24457
3,222978,223194,230999,8021,216,7805,45000,20543,20817,986,986,24183
4,323052,323260,331046,7994,208,7786,45000,20817,21088,979,979,23912
5,423127,423335,431111,7984,208,7776,45000,21088,21356,972,972,23644
6,523198,523403,531126,7928,205,7723,45000,21356,21620,965,965,23380
7,623253,623455,631136,7883,202,7681,45000,21620,21882,958,958,23118
8,723306,723509,731134,7828,203,7625,45000,21882,22141,951,951,22859
9,823359,823564,831132,7773,205,7568,45000,22141,22397,944,944,22603
10,923413,923615,931134,7721,202,7519,45000,22397,22649,937,937,22351
11,1023466,1023669,1031135,7669,203,7466,45000,22649,22899,931,931,22101
12,1123520,1123723,1131126,7606,203,7403,45000,22899,23147,924,924,21853
13,1223573,1223774,1231130,7557,201,7356,45000,23147,23391,917,917,21609
14,1323626,1323826,1331134,7508,200,7308,45000,23391,23632,911,911,21368
15,1423678,1423880,1431135,7457,202,7255,45000,23632,23871,905,905,21129
16,1523733,1523934,1531132,7399,201,7198,45000,23871,24107,898,898,20893
17,1623785,1623990,1631140,7355,205,7150,45000,24107,24340,892,892,20660
18,1723839,1724041,1731128,7289,202,7087,45000,24340,24571,886,886,20429
19,1823892,1824094,1831132,7240,202,7038,45000,24571,24799,879,879,20201
20,1923946,1924147,1931130,7184,201,6983,45000,24799,25024,873,873,19976
21,2023998,2024200,2031138,7140,202,6938,45000,25024,25247,867,867,19753
22,2124051,2124252,2131129,7078,201,6877,45000,25247,25467,861,861,19533
23,2224104,2224307,2231131,7027,203,6824,45000,25467,25685,856,856,19315
24,2324157,2324358,2331142,6985,201,6784,45000,25685,25900,850,850,19100
25,2424211,2424412,2431131,6920,201,6719,45000,25900,26113,844,844,18887
26,2524265,2524466,2531134,6869,201,6668,45000,26113,26323,838,838,18677
27,2624318,2624520,2631124,6806,202,6604,45000,26323,26531,833,833,18469
28,2724371,2724572,2731136,6765,201,6564,45000,26531,26736,827,827,18264
29,2824425,2824626,2831135,6710,201,6509,45000,26736,26940,822,822,18060
30,2924478,2924680,2931132,6654,202,6452,45000,26940,27140,816,816,17860
31,3024531,3024732,3031128,6597,201,6396,45000,27140,27339,811,811,17661
32,3124585,3124786,3131161,6576,201,6375,45000,27339,27535,806,806,17465
33,3224660,3224863,3231159,6499,203,6296,45000,27535,27729,801,801,17271
34,3324713,3324914,3331160,6447,201,6246,45000,27729,27921,795,795,17079
35,3424768,3424969,3431112,6344,201,6143,45000,27921,28110,790,790,16890
36,3524824,3525025,3531131,6307,201,6106,45000,28110,28298,785,785,16702
37,3624878,3625080,3631124,6246,202,6044,45000,28298,28483,780,780,16517
38,3724948,3725150,3731134,6186,202,5984,45000,28483,28666,775,775,16334
39,3825002,3825204,3831133,6131,202,5929,45000,28666,28847,770,770,16153
40,3925056,3925259,3931127,6071,203,5868,45000,28847,29026,766,766,15974
41,4025109,4025322,4031136,6027,213,5814,45000,29026,29203,761,761,15797
42,4125163,4125365,4131133,5970,202,5768,45000,29203,29378,756,756,15622
43,4225216,4225418,4231133,5917,202,5715,45000,29378,29551,752,752,15449
44,4325270,4325471,4331124,5854,201,5653,45000,29551,29722,747,747,15278
45,4425322,4425525,4431136,5814,203,5611,45000,29722,29891,742,742,15109
46,4525376,4525579,4531132,5756,203,5553,45000,29891,30058,738,738,14942
47,4625429,4625631,4631130,5701,202,5499,45000,30058,30223,733,733,14777
48,4725483,4725684,4731137,5654,201,5453,45000,30223,30386,729,729,14614
49,4825536,4825738,4831135,5599,202,5397,45000,30386,30548,725,725,14452
50,4925589,4925790,4931131,5542,201,5341,45000,30548,30707,720,720,14293
51,5025643,5025844,5031127,5484,201,5283,45000,30707,30865,716,716,14135
52,5125695,5125896,5131135,5440,201,5239,45000,30865,31021,712,712,13979
53,5225748,5225951,5231134,5386,203,5183,45000,31021,31175,708,708,13825
54,5325802,5326002,5331127,5325,200,5125,45000,31175,31327,704,704,13673
55,5425855,5426056,5431137,5282,201,5081,45000,31327,31478,700,700,13522
56,5525909,5526111,5531135,5226,202,5024,45000,31478,31627,696,696,13373
57,5625962,5626163,5631131,5169,201,4968,45000,31627,31774,692,692,13226
58,5726015,5726217,5731128,5113,202,4911,45000,31774,31920,688,688,13080
59,5826068,5826269,5831139,5071,201,4870,45000,31920,32063,684,684,12937
60,5926121,5926322,5931137,5016,201,4815,45000,32063,32206,680,680,12794
61,6026174,6026374,6031131,4957,200,4757,45000,32206,32346,676,676,12654
62,6126227,6126428,6131130,4903,201,4702,45000,32346,32485,673,673,12515
63,6226280,6226481,6231150,4870,201,4669,45000,32485,32622,669,669,12378
64,6326352,6326553,6331138,4786,201,4585,45000,32622,32758,665,665,12242
65,6426404,6426609,6431137,4733,205,4528,45000,32758,32893,662,662,12107
66,6526458,6526659,6531133,4675,201,4474,45000,32893,33025,658,658,11975
67,6626511,6626713,6631133,4622,202,4420,45000,33025,33156,655,655,11844
68,6726563,6726764,6731130,4567,201,4366,45000,33156,33286,651,651,11714
69,6826616,6826816,6831137,4521,200,4321,45000,33286,33414,648,648,11586
70,6926669,6926872,6931134,4465,203,4262,45000,33414,33541,644,644,11459
71,7026722,7026924,7031132,4410,202,4208,45000,33541,33666,641,641,11334
72,7126776,7126978,7131131,4355,202,4153,45000,33666,33790,638,638,11210
73,7226829,7227029,7231130,4301,200,4101,45000,33790,33913,634,634,11087
74,7326881,7327082,7331131,4250,201,4049,45000,33913,34034,631,631,10966
75,7426934,7427136,7431126,4192,202,3990,45000,34034,34153,628,628,10847
76,7526986,7527187,7531134,4148,201,3947,45000,34153,34272,625,625,10728
77,7627039,7627240,7631134,4095,201,3894,45000,34272,34389,621,621,10611
78,7727091,7727293,7731131,4040,202,3838,45000,34389,34504,618,618,10496
79,7827144,7827345,7831140,3996,201,3795,45000,34504,34618,615,615,10382
80,7927197,7927399,7931136,3939,202,3737,45000,34618,34731,612,612,10269
81,8027250,8027453,8031137,3887,203,3684,45000,34731,34843,609,609,10157
82,8127303,8127505,8131126,3823,202,3621,45000,34843,34953,606,606,10047
83,8227355,8227558,8231138,3783,203,3580,45000,34953,35062,603,603,9938
84,8327431,8327633,8331133,3702,202,3500,45000,35062,35170,600,600,9830
85,8427483,8427686,8431128,3645,203,3442,45000,35170,35276,597,597,9724
86,8527536,8527739,8531140,3604,203,3401,45000,35276,35382,595,595,9618
87,8627589,8627791,8631131,3542,202,3340,45000,35382,35486,592,592,9514
88,8727642,8727844,8731133,3491,202,3289,45000,35486,35589,589,589,9411
89,8827694,8827896,8831131,3437,202,3235,45000,35589,35691,586,586,9309
90,8927746,8927947,8931142,3396,201,3195,45000,35691,35792,584,584,9208
91,9027799,9028030,9031138,3339,231,3108,45000,35792,35891,581,581,9109
92,9127851,9128086,9131134,3283,235,3048,45000,35891,35989,578,578,9011
93,9227904,9228129,9231130,3226,225,3001,45000,35989,36087,576,576,8913
94,9327974,9328177,9331131,3157,203,2954,45000,36087,36183,573,573,8817
95,9428028,9428230,9431141,3113,202,2911,45000,36183,36278,571,571,8722
96,9528079,9528281,9530141,2062,202,1860,45000,36278,36372,568,568,8628
97,9628132,9628334,9630253,2121,202,1919,45000,36372,36465,565,565,8535
98,9728185,9728387,9740414,12229,202,12027,45000,36465,36556,563,563,8444
99,9828237,9828439,9840096,11859,202,11657,45000,36556,36647,561,561,8353
100,9928289,9928491,9942932,14643,202,14441,45000,36647,36737,558,558,8263
101,10028347,10028551,10040158,11811,204,11607,45000,36737,36826,556,556,8174
102,10128397,10128598,10140259,11862,201,11661,45000,36826,36913,553,553,8087
103,10228449,10228651,10240329,11880,202,11678,45000,36913,37000,551,551,8000
104,10328502,10328704,10340362,11860,202,11658,45000,37000,37085,549,549,7915
105,10428553,10428754,10440410,11857,201,11656,45000,37085,37170,547,547,7830
106,10528625,10528826,10540474,11849,201,11648,45000,37170,37254,544,544,7746
107,10628680,10628881,10640540,11860,201,11659,45000,37254,37337,542,542,7663
108,10728735,10728936,10740592,11857,201,11656,45000,37337,37419,540,540,7581
109,10828807,10829007,10840656,11849,200,11649,45000,37419,37499,538,538,7501
110,10928862,10929063,10940748,11886,201,11685,45000,37499,37580,536,536,7420
111,11028915,11029116,11040782,11867,201,11666,45000,37580,37658,533,533,7342
112,11128987,11129188,11140847,11860,201,11659,45000,37658,37737,531,531,7263
113,11229041,11229264,11240925,11884,223,11661,45000,37737,37814,529,529,7186
114,11329094,11329321,11340983,11889,227,11662,45000,37814,37890,527,527,7110
115,11429168,11429391,11441048,11880,223,11657,45000,37890,37965,525,525,7035
116,11529224,11529442,11541095,11871,218,11653,45000,37965,38040,523,523,6960
117,11629295,11629496,11641132,11837,201,11636,45000,38040,38114,521,521,6886
118,11729363,11729565,11741133,11770,202,11568,45000,38114,38187,519,519,6813
119,11829414,11829616,11841149,11735,202,11533,45000,38187,38259,517,517,6741
120,11929467,11929667,11941145,11678,200,11478,45000,38259,38330,515,515,6670
121,12029518,12029731,12041157,11639,213,11426,45000,38330,38400,513,513,6600
122,12129570,12129773,12141136,11566,203,11363,45000,38400,38470,512,512,6530
123,12229641,12229843,12241133,11492,202,11290,45000,38470,38539,510,510,6461
124,12329692,12329894,12341131,11439,202,11237,45000,38539,38607,508,508,6393
125,12429744,12429946,12441124,11380,202,11178,45000,38607,38674,506,506,6326
126,12529795,12529997,12541140,11345,202,11143,45000,38674,38741,504,504,6259
127,12629846,12630047,12641138,11292,201,11091,45000,38741,38806,502,502,6194
128,12729899,12730102,12741133,11234,203,11031,45000,38806,38871,501,501,6129
129,12829951,12830155,12841129,11178,204,10974,45000,38871,38935,499,499,6065
130,12930002,12930203,12941126,11124,201,10923,45000,38935,38999,497,497,6001
131,13030054,13030255,13041135,11081,201,10880,45000,38999,39061,495,495,5939
132,13130106,13130307,13141130,11024,201,10823,45000,39061,39124,494,494,5876
133,13230158,13230359,13241129,10971,201,10770,45000,39124,39185,492,492,5815
134,13330211,13330412,13341136,10925,201,10724,45000,39185,39246,491,491,5754
135,13430265,13430467,13441131,10866,202,10664,45000,39246,39305,489,489,5695
136,13530318,13530520,13541132,10814,202,10612,45000,39305,39365,488,488,5635
137,13630372,13636210,13641127,10755,5838,4917,45000,39365,39424,486,486,5576
138,13730425,13730628,13741136,10711,203,10508,45000,39424,39481,484,484,5519
139,13830479,13830681,13841133,10654,202,10452,45000,39481,39539,483,483,5461
140,13930532,13930735,13941127,10595,203,10392,45000,39539,39595,481,481,5405
141,14030586,14030787,14041138,10552,201,10351,45000,39595,39651,480,480,5349
142,14130639,14130840,14141133,10494,201,10293,45000,39651,39706,478,478,5294
143,14230693,14230893,14241128,10435,200,10235,45000,39706,39761,477,477,5239
144,14330746,14330948,14341129,10383,202,10181,45000,39761,39815,475,475,5185
145,14430799,14431002,14441134,10335,203,10132,45000,39815,39869,474,474,5131
146,14530853,14531055,14541134,10281,202,10079,45000,39869,39921,472,472,5079
147,14630907,14631106,14641130,10223,199,10024,45000,39921,39973,471,471,5027
148,14730961,14731163,14741136,10175,202,9973,45000,39973,40025,470,470,4975
149,14831015,14831214,14841135,10120,199,9921,45000,40025,40076,468,468,4924
150,14931068,14931298,14941130,10062,230,9832,45000,40076,40127,467,467,4873
151,15031122,15031358,15041129,10007,236,9771,45000,40127,40176,465,465,4824
152,15131194,15131421,15141148,9954,227,9727,45000,40176,40225,464,464,4775
153,15231246,15231472,15241147,9901,226,9675,45000,40225,40274,463,463,4726
154,15331312,15331514,15341141,9829,202,9627,45000,40274,40322,462,462,4678
155,15431364,15431565,15441134,9770,201,9569,45000,40322,40370,460,460,4630
156,15531415,15531617,15541127,9712,202,9510,45000,40370,40417,459,459,4583
157,15631468,15631670,15641126,9658,202,9456,45000,40417,40464,458,458,4536
158,15731521,15731723,15741136,9615,202,9413,45000,40464,40510,457,457,4490
159,15831575,15831777,15841133,9558,202,9356,45000,40510,40555,455,455,4445
160,15931628,15931830,15941128,9500,202,9298,45000,40555,40600,454,454,4400
161,16031680,16031881,16041127,9447,201,9246,45000,40600,40644,453,453,4356
162,16131734,16131936,16141131,9397,202,9195,45000,40644,40688,452,452,4312
163,16231785,16231989,16241131,9346,204,9142,45000,40688,40732,451,451,4268
164,16331838,16332039,16341126,9288,201,9087,45000,40732,40775,449,449,4225
165,16431891,16432092,16441137,9246,201,9045,45000,40775,40817,448,448,4183
166,16531944,16532145,16541133,9189,201,8988,45000,40817,40859,447,447,4141
167,16631997,16632197,16641131,9134,200,8934,45000,40859,40900,446,446,4100
168,16732050,16732251,16741126,9076,201,8875,45000,40900,40941,445,445,4059
169,16832103,16832303,16841135,9032,200,8832,45000,40941,40982,444,444,4018
170,16932156,16932358,16941132,8976,202,8774,45000,40982,41022,443,443,3978
171,17032209,17032411,17041129,8920,202,8718,45000,41022,41062,442,442,3938
172,17132262,17132464,17141133,8871,202,8669,45000,41062,41101,441,441,3899
173,17232315,17232517,17241135,8820,202,8618,45000,41101,41140,440,440,3860
174,17332368,17332569,17341128,8760,201,8559,45000,41140,41178,439,439,3822
175,17432420,17432622,17441129,8709,202,8507,45000,41178,41216,438,438,3784
176,17532473,17532674,17541136,8663,201,8462,45000,41216,41254,437,437,3746
177,17632526,17632728,17641135,8609,202,8407,45000,41254,41291,436,436,3709
178,17732579,17732781,17741125,8546,202,8344,45000,41291,41327,435,435,3673
179,17832631,17832834,17841145,8514,203,8311,45000,41327,41363,434,434,3637
180,17932703,17932905,17941148,8445,202,8243,45000,41363,41399,433,433,3601
181,18032756,18032957,18041143,8387,201,8186,45000,41399,41435,432,432,3565
182,18132809,18133010,18141135,8326,201,8125,45000,41435,41470,431,431,3530
183,18232862,18233063,18241129,8267,201,8066,45000,41470,41504,430,430,3496
184,18332914,18333116,18341128,8214,202,8012,45000,41504,41538,429,429,3462
185,18432967,18433168,18441136,8169,201,7968,45000,41538,41572,428,428,3428
186,18533021,18533222,18541135,8114,201,7913,45000,41572,41605,427,427,3395
187,18633073,18633274,18641130,8057,201,7856,45000,41605,41638,426,426,3362
188,18733127,18733327,18741127,8000,200,7800,45000,41638,41670,425,425,3330
189,18833179,18833381,18841136,7957,202,7755,45000,41670,41703,425,425,3297
190,18933232,18933434,18941131,7899,202,7697,45000,41703,41735,424,424,3265
191,19033284,19033485,19041129,7845,201,7644,45000,41735,41766,423,423,3234
192,19133336,19133538,19141128,7792,202,7590,45000,41766,41797,422,422,3203
193,19233389,19233590,19241129,7740,201,7539,45000,41797,41828,421,421,3172
194,19333441,19333642,19341130,7689,201,7488,45000,41828,41858,420,420,3142
195,19433493,19433695,19441128,7635,202,7433,45000,41858,41888,420,420,3112
196,19533546,19533747,19541135,7589,201,7388,45000,41888,41918,419,419,3082
197,19633600,19633801,19641133,7533,201,7332,45000,41918,41948,418,418,3052
198,19733652,19733854,19741127,7475,202,7273,45000,41948,41977,417,417,3023
199,19833704,19833906,19841125,7421,202,7219,45000,41977,42005,416,416,2995
200,19933756,19933957,19942930,9174,201,8973,45000,42005,42034,416,416,2966
201,20033815,20034018,20041093,7278,203,7075,45000,42034,42062,415,415,2938
202,20133865,20134066,20141131,7266,201,7065,45000,42062,42089,414,414,2911
203,20233939,20234140,20241134,7195,201,6994,45000,42089,42117,413,413,2883
204,20333992,20334194,20341131,7139,202,6937,45000,42117,42143,412,412,2857
205,20434045,20434246,20441128,7083,201,6882,45000,42143,42170,412,412,2830
206,20534097,20534297,20541124,7027,200,6827,45000,42170,42197,411,411,2803
207,20634149,20634351,20641150,7001,202,6799,45000,42197,42223,410,410,2777
208,20734224,20734425,20741149,6925,201,6724,45000,42223,42249,410,410,2751
209,20834277,20834480,20841146,6869,203,6666,45000,42249,42274,409,409,2726
210,20934330,20934532,20941130,6800,202,6598,45000,42274,42300,409,409,2700
211,21034383,21034584,21041132,6749,201,6548,45000,42300,42325,408,408,2675
212,21134436,21134638,21141130,6694,202,6492,45000,42325,42349,407,407,2651
213,21234488,21234689,21241134,6646,201,6445,45000,42349,42374,407,407,2626
214,21334541,21334742,21341132,6591,201,6390,45000,42374,42398,406,406,2602
215,21434595,21434796,21441128,6533,201,6332,45000,42398,42422,405,405,2578
216,21534648,21534850,21541136,6488,202,6286,45000,42422,42445,404,404,2555
217,21634702,21634902,21641138,6436,200,6236,45000,42445,42469,404,404,2531
218,21734753,21734955,21741128,6375,202,6173,45000,42469,42492,403,403,2508
219,21834806,21835007,21841132,6326,201,6125,45000,42492,42514,403,403,2486
220,21934859,21935060,21941131,6272,201,6071,45000,42514,42537,402,402,2463
221,22034912,22035113,22041129,6217,201,6016,45000,42537,42559,401,401,2441
222,22134964,22135165,22141128,6164,201,5963,45000,42559,42581,401,401,2419
223,22235016,22235219,22241130,6114,203,5911,45000,42581,42603,400,400,2397
224,22335070,22335271,22341132,6062,201,5861,45000,42603,42624,400,400,2376
225,22435123,22435324,22441132,6009,201,5808,45000,42624,42646,399,399,2354
226,22535175,22535377,22541124,5949,202,5747,45000,42646,42666,398,398,2334
227,22635228,22635429,22641137,5909,201,5708,45000,42666,42687,398,398,2313
228,22735281,22735482,22741128,5847,201,5646,45000,42687,42708,397,397,2292
229,22835334,22835535,22841130,5796,201,5595,45000,42708,42728,397,397,2272
230,22935387,22935588,22941126,5739,201,5538,45000,42728,42748,396,396,2252
231,23035440,23035640,23041137,5697,200,5497,45000,42748,42768,396,396,2232
232,23135493,23135694,23141127,5634,201,5433,45000,42768,42787,395,395,2213
233,23235546,23235746,23241132,5586,200,5386,45000,42787,42807,395,395,2193
234,23335600,23335802,23341145,5545,202,5343,45000,42807,42826,394,394,2174
235,23435653,23435855,23441152,5499,202,5297,45000,42826,42845,394,394,2155
236,23535705,23535906,23541149,5444,201,5243,45000,42845,42864,393,393,2136
237,23635759,23635960,23641133,5374,201,5173,45000,42864,42882,393,393,2118
238,23735811,23736011,23741131,5320,200,5120,45000,42882,42900,392,392,2100
239,23835864,23836064,23841128,5264,200,5064,45000,42900,42919,392,392,2081
240,23935916,23936117,23941132,5216,201,5015,45000,42919,42936,391,391,2064
241,24035970,24036171,24041133,5163,201,4962,45000,42936,42954,391,391,2046
242,24136022,24136223,24141130,5108,201,4907,45000,42954,42971,390,390,2029
243,24236075,24236276,24241127,5052,201,4851,45000,42971,42989,390,390,2011
244,24336127,24336329,24341136,5009,202,4807,45000,42989,43006,389,389,1994
245,24436181,24436382,24441131,4950,201,4749,45000,43006,43023,389,389,1977
246,24536233,24536435,24541128,4895,202,4693,45000,43023,43039,388,388,1961
247,24636286,24636487,24641138,4852,201,4651,45000,43039,43056,388,388,1944
248,24736340,24736541,24741136,4796,201,4595,45000,43056,43072,388,388,1928
249,24836392,24836593,24841133,4741,201,4540,45000,43072,43088,387,387,1912
250,24936445,24936646,24941133,4688,201,4487,45000,43088,43104,387,387,1896
251,25036497,25036699,25041128,4631,202,4429,45000,43104,43120,386,386,1880
252,25136550,25136750,25141158,4608,200,4408,45000,43120,43135,386,386,1865
253,25236625,25236826,25241157,4532,201,4331,45000,43135,43151,386,386,1849
254,25336678,25336879,25341152,4474,201,4273,45000,43151,43166,385,385,1834
255,25436730,25436931,25441135,4405,201,4204,45000,43166,43181,385,385,1819
256,25536783,25536986,25541130,4347,203,4144,45000,43181,43196,384,384,1804
257,25636836,25637068,25641126,4290,232,4058,45000,43196,43211,384,384,1789
258,25736889,25737090,25741136,4247,201,4046,45000,43211,43225,383,383,1775
259,25836942,25837144,25841131,4189,202,3987,45000,43225,43240,383,383,1760
260,25936995,25937195,25941129,4134,200,3934,45000,43240,43254,383,383,1746
261,26037047,26037248,26041125,4078,201,3877,45000,43254,43268,382,382,1732
262,26137100,26137301,26141156,4056,201,3855,45000,43268,43282,382,382,1718
263,26237174,26237375,26241151,3977,201,3776,45000,43282,43295,382,382,1705
264,26337227,26337428,26341150,3923,201,3722,45000,43295,43309,381,381,1691
265,26437279,26437481,26441130,3851,202,3649,45000,43309,43322,381,381,1678
266,26537333,26537536,26541130,3797,203,3594,45000,43322,43336,381,381,1664
267,26637385,26637587,26641127,3742,202,3540,45000,43336,43349,380,380,1651
268,26737438,26737639,26741136,3698,201,3497,45000,43349,43362,380,380,1638
269,26837491,26837690,26841135,3644,199,3445,45000,43362,43375,379,379,1625
270,26937544,26937745,26941126,3582,201,3381,45000,43375,43387,379,379,1613
271,27037596,27037798,27041137,3541,202,3339,45000,43387,43400,379,379,1600
272,27137649,27137852,27141135,3486,203,3283,45000,43400,43412,378,378,1588
273,27237702,27237904,27241130,3428,202,3226,45000,43412,43424,378,378,1576
274,27337755,27343076,27351113,13358,5321,8037,45000,43424,43436,378,378,1564
275,27437808,27438040,27441097,3289,232,3057,45000,43436,43448,378,378,1552
276,27537861,27538094,27541136,3275,233,3042,45000,43448,43460,377,377,1540
277,27637918,27638143,27641133,3215,225,2990,45000,43460,43472,377,377,1528
278,27737985,27738187,27741140,3155,202,2953,45000,43472,43484,377,377,1516
279,27838037,27838239,27841144,3107,202,2905,45000,43484,43495,376,376,1505
280,27938088,27938290,27940147,2059,202,1857,45000,43495,43506,376,376,1494
281,28038140,28038351,28040258,2118,211,1907,45000,43506,43517,376,376,1483
282,28138192,28138394,28150419,12227,202,12025,45000,43517,43528,375,375,1472
283,28238243,28238445,28250100,11857,202,11655,45000,43528,43539,375,375,1461
284,28338294,28338496,28350183,11889,202,11687,45000,43539,43550,375,375,1450
285,28438346,28438547,28450205,11859,201,11658,45000,43550,43561,374,374,1439
286,28538417,28538619,28550272,11855,202,11653,45000,43561,43571,374,374,1429
287,28638470,28638670,28650325,11855,200,11655,45000,43571,43582,374,374,1418
288,28738543,28738744,28750389,11846,201,11645,45000,43582,43592,374,374,1408
289,28838598,28838800,28850487,11889,202,11687,45000,43592,43602,373,373,1398
290,28938650,28938852,28950509,11859,202,11657,45000,43602,43612,373,373,1388
291,29038719,29038920,29050573,11854,201,11653,45000,43612,43622,373,373,1378
292,29138772,29138974,29150631,11859,202,11657,45000,43622,43632,373,373,1368
293,29238847,29239049,29250696,11849,202,11647,45000,43632,43642,372,372,1358
294,29338902,29339104,29350761,11859,202,11657,45000,43642,43651,372,372,1349
295,29438957,29439157,29450821,11864,200,11664,45000,43651,43661,372,372,1339
296,29539043,29539264,29550932,11889,221,11668,45000,43661,43670,371,371,1330
297,29639095,29639321,29650958,11863,226,11637,45000,43670,43679,371,371,1321
298,29739166,29739389,29751048,11882,223,11659,45000,43679,43688,371,371,1312
299,29839218,29839437,29851100,11882,219,11663,45000,43688,43698,371,371,1302
300,29939282,29939483,29952927,13645,201,13444,45000,43698,43706,370,370,1294
301,30039341,30039544,30051128,11787,203,11584,45000,43706,43715,370,370,1285
302,30139396,30139615,30151151,11755,219,11536,45000,43715,43724,370,370,1276
303,30239465,30239684,30251151,11686,219,11467,45000,43724,43733,370,370,1267
304,30339516,30339737,30351127,11611,221,11390,45000,43733,43741,370,370,1259
305,30439569,30439789,30451128,11559,220,11339,45000,43741,43750,370,370,1250
306,30539621,30539839,30551133,11512,218,11294,45000,43750,43758,369,369,1242
307,30639673,30639893,30651133,11460,220,11240,45000,43758,43766,369,369,1234
308,30739725,30739945,30751128,11403,220,11183,45000,43766,43775,369,369,1225
309,30839777,30839996,30851143,11366,219,11147,45000,43775,43783,368,368,1217
310,30939829,30940048,30951146,11317,219,11098,45000,43783,43791,368,368,1209
311,31039880,31040100,31051146,11266,220,11046,45000,43791,43798,368,368,1202
312,31139932,31140151,31151136,11204,219,10985,45000,43798,43806,368,368,1194
313,31239984,31240203,31251131,11147,219,10928,45000,43806,43814,368,368,1186
314,31340036,31340255,31351129,11093,219,10874,45000,43814,43822,367,367,1178
315,31440087,31440307,31451137,11050,220,10830,45000,43822,43829,367,367,1171
316,31540139,31540359,31551137,10998,220,10778,45000,43829,43837,367,367,1163
317,31640192,31640412,31651129,10937,220,10717,45000,43837,43844,367,367,1156
318,31740245,31740464,31751127,10882,219,10663,45000,43844,43851,367,367,1149
319,31840299,31840519,31851128,10829,220,10609,45000,43851,43859,367,367,1141
320,31940352,31940571,31951131,10779,219,10560,45000,43859,43866,366,366,1134
321,32040406,32040625,32051131,10725,219,10506,45000,43866,43873,366,366,1127
322,32140479,32140681,32151126,10647,202,10445,45000,43873,43880,366,366,1120
323,32240534,32240735,32251133,10599,201,10398,45000,43880,43887,366,366,1113
324,32340587,32340788,32351132,10545,201,10344,45000,43887,43894,366,366,1106
325,32440641,32440843,32451125,10484,202,10282,45000,43894,43900,365,365,1100
326,32540694,32540896,32551137,10443,202,10241,45000,43900,43907,365,365,1093
327,32640748,32640950,32651134,10386,202,10184,45000,43907,43913,365,365,1087
328,32740802,32741003,32751128,10326,201,10125,45000,43913,43920,365,365,1080
329,32840856,32841057,32851128,10272,201,10071,45000,43920,43926,365,365,1074
330,32940910,32941111,32951132,10222,201,10021,45000,43926,43933,365,365,1067
331,33040963,33041164,33051132,10169,201,9968,45000,43933,43939,364,364,1061
332,33141017,33141218,33151128,10111,201,9910,45000,43939,43945,364,364,1055
333,33241070,33241303,33251133,10063,233,9830,45000,43945,43951,364,364,1049
334,33341123,33341357,33351132,10009,234,9775,45000,43951,43958,364,364,1042
335,33441177,33441407,33451131,9954,230,9724,45000,43958,43963,363,363,1037
336,33541230,33541454,33551130,9900,224,9676,45000,43963,43969,364,364,1031
337,33641295,33641498,33651150,9855,203,9652,45000,43969,43975,363,363,1025
338,33741372,33741574,33751148,9776,202,9574,45000,43975,43981,363,363,1019
339,33841424,33841625,33851143,9719,201,9518,45000,43981,43987,363,363,1013
340,33941476,33941677,33951132,9656,201,9455,45000,43987,43992,363,363,1008
341,34041529,34041730,34051130,9601,201,9400,45000,43992,43998,363,363,1002
342,34141582,34141783,34151126,9544,201,9343,45000,43998,44004,363,363,996
343,34241635,34241837,34251136,9501,202,9299,45000,44004,44009,362,362,991
344,34341689,34341891,34351137,9448,202,9246,45000,44009,44014,362,362,986
345,34441742,34441943,34451128,9386,201,9185,45000,44014,44020,362,362,980
346,34541795,34541997,34551126,9331,202,9129,45000,44020,44025,362,362,975
347,34641848,34642050,34651137,9289,202,9087,45000,44025,44030,362,362,970
348,34741900,34742101,34751133,9233,201,9032,45000,44030,44035,362,362,965
349,34841954,34842155,34851129,9175,201,8974,45000,44035,44041,362,362,959
350,34942025,34942227,34951127,9102,202,8900,45000,44041,44046,361,361,954
351,35042078,35042279,35051133,9055,201,8854,45000,44046,44050,361,361,950
352,35142132,35142334,35151132,9000,202,8798,45000,44050,44055,361,361,945
353,35242183,35242385,35251124,8941,202,8739,45000,44055,44060,361,361,940
354,35342236,35342437,35351134,8898,201,8697,45000,44060,44065,361,361,935
355,35442290,35442492,35451133,8843,202,8641,45000,44065,44070,361,361,930
356,35542342,35542545,35551129,8787,203,8584,45000,44070,44075,361,361,925
357,35642395,35642596,35651137,8742,201,8541,45000,44075,44079,361,361,921
358,35742449,35742651,35751132,8683,202,8481,45000,44079,44084,361,361,916
359,35842502,35842704,35851132,8630,202,8428,45000,44084,44089,360,360,911
360,35942555,35942756,35951127,8572,201,8371,45000,44089,44093,360,360,907
361,36042608,36042809,36051136,8528,201,8327,45000,44093,44098,360,360,902
362,36142661,36142862,36151126,8465,201,8264,45000,44098,44102,360,360,898
363,36242714,36242915,36251131,8417,201,8216,45000,44102,44106,360,360,894
364,36342768,36342969,36351145,8377,201,8176,45000,44106,44111,360,360,889
365,36442821,36443023,36451151,8330,202,8128,45000,44111,44115,359,359,885
366,36542875,36543076,36551147,8272,201,8071,45000,44115,44119,359,359,881
367,36642928,36643129,36651134,8206,201,8005,45000,44119,44123,359,359,877
368,36742980,36743181,36751130,8150,201,7949,45000,44123,44127,359,359,873
369,36843033,36843236,36851126,8093,203,7890,45000,44127,44131,359,359,869
370,36943087,36943286,36951137,8050,199,7851,45000,44131,44135,359,359,865
371,37043140,37043342,37051133,7993,202,7791,45000,44135,44139,359,359,861
372,37143193,37143395,37151130,7937,202,7735,45000,44139,44143,359,359,857
373,37243246,37243447,37251126,7880,201,7679,45000,44143,44147,359,359,853
374,37343298,37343500,37351137,7839,202,7637,45000,44147,44151,359,359,849
375,37443352,37443554,37451138,7786,202,7584,45000,44151,44155,359,359,845
376,37543405,37543605,37551132,7727,200,7527,45000,44155,44158,358,358,842
377,37643458,37643659,37651129,7671,201,7470,45000,44158,44162,358,358,838
378,37743511,37743713,37751136,7625,202,7423,45000,44162,44166,358,358,834
379,37843588,37843789,37851132,7544,201,7343,45000,44166,44169,358,358,831
380,37943641,37943842,37951135,7494,201,7293,45000,44169,44173,358,358,827
381,38043694,38043898,38051124,7430,204,7226,45000,44173,44176,358,358,824
382,38143747,38143949,38151133,7386,202,7184,45000,44176,44180,358,358,820
383,38243800,38244002,38251133,7333,202,7131,45000,44180,44183,358,358,817
384,38343853,38344054,38351126,7273,201,7072,45000,44183,44187,358,358,813
385,38443906,38444107,38451132,7226,201,7025,45000,44187,44190,357,357,810
386,38543960,38544161,38551131,7171,201,6970,45000,44190,44193,357,357,807
387,38644012,38644214,38651127,7115,202,6913,45000,44193,44196,357,357,804
388,38744065,38744266,38751136,7071,201,6870,45000,44196,44200,357,357,800
389,38844118,38844319,38851134,7016,201,6815,45000,44200,44203,357,357,797
390,38944171,38944373,38951130,6959,202,6757,45000,44203,44206,357,357,794
391,39044224,39044426,39051130,6906,202,6704,45000,44206,44209,357,357,791
392,39144277,39144478,39151155,6878,201,6677,45000,44209,44212,357,357,788
393,39244351,39244553,39251150,6799,202,6597,45000,44212,44215,357,357,785
394,39344404,39344606,39351145,6741,202,6539,45000,44215,44218,357,357,782
395,39444456,39444658,39451133,6677,202,6475,45000,44218,44221,357,357,779
396,39544510,39544710,39551130,6620,200,6420,45000,44221,44224,357,357,776
397,39644564,39644766,39651126,6562,202,6360,45000,44224,44228,357,357,772
398,39744617,39744818,39751133,6516,201,6315,45000,44228,44230,356,356,770
399,39844670,39844872,39851137,6467,202,6265,45000,44230,44233,357,357,767
400,39944724,39944925,39952922,8198,201,7997,45000,44233,44236,356,356,764
401,40044783,40044985,40051097,6314,202,6112,45000,44236,44239,356,356,761
402,40144834,40145035,40151134,6300,201,6099,45000,44239,44242,356,356,758
403,40244892,40245094,40251130,6238,202,6036,45000,44242,44244,356,356,756
404,40344944,40345146,40351128,6184,202,5982,45000,44244,44247,356,356,753
405,40444997,40445200,40451138,6141,203,5938,45000,44247,44250,356,356,750
406,40545051,40545253,40551138,6087,202,5885,45000,44250,44252,356,356,748
407,40645103,40645306,40651133,6030,203,5827,45000,44252,44255,356,356,745
408,40745157,40745360,40751130,5973,203,5770,45000,44255,44258,356,356,742
409,40845210,40845412,40851131,5921,202,5719,45000,44258,44260,356,356,740
410,40945263,40950423,40961118,15855,5160,10695,45000,44260,44263,356,356,737
411,41045315,41045517,41050790,5475,202,5273,45000,44263,44265,355,355,735
412,41145368,41145570,41150904,5536,202,5334,45000,44265,44268,355,355,732
413,41245422,41245624,41250960,5538,202,5336,45000,44268,44270,355,355,730
414,41345497,41345699,41351026,5529,202,5327,45000,44270,44272,355,355,728
415,41445571,41445773,41451083,5512,202,5310,45000,44272,44275,355,355,725
416,41545642,41545844,41551133,5491,202,5289,45000,44275,44277,355,355,723
417,41645717,41645919,41651132,5415,202,5213,45000,44277,44279,355,355,721
418,41745771,41745972,41751128,5357,201,5156,45000,44279,44281,355,355,719
419,41845824,41846026,41851147,5323,202,5121,45000,44281,44284,355,355,716
420,41945895,41946097,41951153,5258,202,5056,45000,44284,44286,355,355,714
421,42045947,42046148,42051149,5202,201,5001,45000,44286,44288,355,355,712
422,42146001,42146202,42151134,5133,201,4932,45000,44288,44291,355,355,709
423,42246054,42246256,42251132,5078,202,4876,45000,44291,44293,355,355,707
424,42346105,42346307,42351127,5022,202,4820,45000,44293,44295,355,355,705
425,42446159,42446362,42451137,4978,203,4775,45000,44295,44297,355,355,703
426,42546212,42546414,42551128,4916,202,4714,45000,44297,44299,355,355,701
427,42646264,42646466,42651132,4868,202,4666,45000,44299,44302,355,355,698
428,42746318,42746519,42751129,4811,201,4610,45000,44302,44304,354,354,696
429,42846370,42846573,42851136,4766,203,4563,45000,44304,44305,354,354,695
430,42946423,42946625,42951133,4710,202,4508,45000,44305,44308,355,355,692
431,43046476,43046678,43051128,4652,202,4450,45000,44308,44310,354,354,690
432,43146529,43146730,43151138,4609,201,4408,45000,44310,44311,354,354,689
433,43246583,43246784,43251134,4551,201,4350,45000,44311,44313,354,354,687
434,43346636,43346837,43351129,4493,201,4292,45000,44313,44315,354,354,685
435,43446689,43446890,43451129,4440,201,4239,45000,44315,44317,354,354,683
436,43546762,43546962,43551138,4376,200,4176,45000,44317,44319,354,354,681
437,43646815,43647016,43651137,4322,201,4121,45000,44319,44321,354,354,679
438,43746868,43747069,43751136,4268,201,4067,45000,44321,44323,354,354,677
439,43846921,43847123,43851133,4212,202,4010,45000,44323,44324,354,354,676
440,43946974,43947176,43951128,4154,202,3952,45000,44324,44326,354,354,674
441,44047027,44047228,44051152,4125,201,3924,45000,44326,44328,354,354,672
442,44147101,44147301,44151138,4037,200,3837,45000,44328,44330,354,354,670
443,44247154,44247355,44251142,3988,201,3787,45000,44330,44332,354,354,668
444,44347207,44347409,44351129,3922,202,3720,45000,44332,44333,354,354,667
445,44447259,44447461,44451137,3878,202,3676,45000,44333,44335,354,354,665
446,44547312,44547514,44551126,3814,202,3612,45000,44335,44337,354,354,663
447,44647365,44647567,44651142,3777,202,3575,45000,44337,44339,354,354,661
448,44747418,44747619,44751130,3712,201,3511,45000,44339,44340,353,353,660
449,44847471,44847673,44851135,3664,202,3462,45000,44340,44342,354,354,658
450,44947524,44947725,44951136,3612,201,3411,45000,44342,44343,353,353,657
451,45047576,45047778,45051132,3556,202,3354,45000,44343,44345,353,353,655
452,45147630,45147831,45151128,3498,201,3297,45000,44345,44346,353,353,654
453,45247682,45247884,45251139,3457,202,3255,45000,44346,44348,353,353,652
454,45347736,45347937,45351129,3393,201,3192,45000,44348,44349,353,353,651
455,45447788,45448018,45451126,3338,230,3108,45000,44349,44351,353,353,649
456,45547841,45548078,45551137,3296,237,3059,45000,44351,44352,353,353,648
457,45647894,45648119,45651136,3242,225,3017,45000,44352,44354,353,353,646
458,45747947,45748168,45751134,3187,221,2966,45000,44354,44355,353,353,645
459,45847997,45848199,45851125,3128,202,2926,45000,44355,44356,353,353,644
460,45948048,45948251,45951141,3093,203,2890,45000,44356,44358,353,353,642
461,46048100,46048301,46050154,2054,201,1853,45000,44358,44359,353,353,641
462,46148151,46148353,46160336,12185,202,11983,45000,44359,44361,353,353,639
463,46248203,46248405,46260446,12243,202,12041,45000,44361,44362,353,353,638
464,46348255,46348456,46360495,12240,201,12039,45000,44362,44363,353,353,637
465,46448307,46448509,46460131,11824,202,11622,45000,44363,44365,353,353,635
466,46548358,46548560,46560233,11875,202,11673,45000,44365,44366,353,353,634
467,46648410,46648612,46660283,11873,202,11671,45000,44366,44368,353,353,632
468,46748463,46748664,46760336,11873,201,11672,45000,44368,44369,353,353,631
469,46848536,46848738,46860400,11864,202,11662,45000,44369,44370,353,353,630
470,46948591,46948793,46960449,11858,202,11656,45000,44370,44372,353,353,628
471,47048663,47048865,47060514,11851,202,11649,45000,44372,44373,353,353,627
472,47148717,47148919,47160568,11851,202,11649,45000,44373,44374,353,353,626
473,47248792,47248994,47260677,11885,202,11683,45000,44374,44376,353,353,624
474,47348844,47349046,47360709,11865,202,11663,45000,44376,44377,352,352,623
475,47448918,47449119,47460807,11889,201,11688,45000,44377,44378,352,352,622
476,47548970,47549170,47560831,11861,200,11661,45000,44378,44379,352,352,621
477,47649044,47649263,47660948,11904,219,11685,45000,44379,44380,352,352,620
478,47749095,47749321,47760978,11883,226,11657,45000,44380,44381,352,352,619
479,47849170,47849392,47861041,11871,222,11649,45000,44381,44382,352,352,618
480,47949225,47949442,47961097,11872,217,11655,45000,44382,44383,352,352,617
481,48049298,48049499,48061132,11834,201,11633,45000,44383,44384,352,352,616
482,48149349,48149551,48161131,11782,202,11580,45000,44384,44385,352,352,615
483,48249401,48249601,48261143,11742,200,11542,45000,44385,44386,352,352,614
484,48349452,48349654,48361151,11699,202,11497,45000,44386,44387,352,352,613
485,48449504,48449706,48461130,11626,202,11424,45000,44387,44388,352,352,612
486,48549554,48549755,48561129,11575,201,11374,45000,44388,44389,352,352,611
487,48649626,48649826,48661133,11507,200,11307,45000,44389,44390,352,352,610
488,48749677,48749879,48761134,11457,202,11255,45000,44390,44391,352,352,609
489,48849730,48849931,48861130,11400,201,11199,45000,44391,44392,352,352,608
490,48949781,48949982,48961124,11343,201,11142,45000,44392,44393,352,352,607
491,49049832,49050033,49061135,11303,201,11102,45000,44393,44394,352,352,606
492,49149884,49150085,49161131,11247,201,11046,45000,44394,44395,352,352,605
493,49249936,49250138,49261129,11193,202,10991,45000,44395,44396,352,352,604
494,49349988,49350189,49361145,11157,201,10956,45000,44396,44397,352,352,603
495,49450039,49450241,49461148,11109,202,10907,45000,44397,44398,352,352,602
496,49550091,49550294,49561148,11057,203,10854,45000,44398,44399,352,352,601
497,49650143,49650345,49661134,10991,202,10789,45000,44399,44400,352,352,600
498,49750195,49750395,49761130,10935,200,10735,45000,44400,44401,352,352,599
499,49850248,49850451,49861130,10882,203,10679,45000,44401,44402,352,352,598
500,49950302,49950504,49963886,13584,202,13382,45000,44402,44403,352,352,597
501,50050359,50050563,50061096,10737,204,10533,45000,44403,44404,352,352,596
502,50150412,50150614,50161132,10720,202,10518,45000,44404,44405,352,352,595
503,50250486,50250687,50261130,10644,201,10443,45000,44405,44406,352,352,594
504,50350539,50350742,50361138,10599,203,10396,45000,44406,44407,352,352,593
505,50450593,50450795,50461129,10536,202,10334,45000,44407,44408,352,352,592
506,50550647,50550848,50561133,10486,201,10285,45000,44408,44408,352,352,592
507,50650700,50650903,50661127,10427,203,10224,45000,44408,44409,352,352,591
508,50750754,50750955,50761132,10378,201,10177,45000,44409,44410,352,352,590
509,50850807,50851010,50861132,10325,203,10122,45000,44410,44411,352,352,589
510,50950861,50951064,50961127,10266,203,10063,45000,44411,44412,352,352,588
511,51050914,51051115,51061138,10224,201,10023,45000,44412,44413,352,352,587
512,51150967,51151168,51161128,10161,201,9960,45000,44413,44414,352,352,586
513,51251020,51251273,51261130,10110,253,9857,45000,44414,44415,352,352,585
514,51351074,51351311,51361125,10051,237,9814,45000,44415,44416,351,351,584
515,51451127,51451365,51461136,10009,238,9771,45000,44416,44416,351,351,584
516,51551180,51551411,51561132,9952,231,9721,45000,44416,44417,352,352,583
517,51651234,51651458,51661128,9894,224,9670,45000,44417,44418,351,351,582
518,51751299,51751501,51761129,9830,202,9628,45000,44418,44418,351,351,582
519,51851352,51851553,51861133,9781,201,9580,45000,44418,44419,351,351,581
520,51951404,51951605,51961127,9723,201,9522,45000,44419,44419,351,351,581
521,52051457,52051660,52061126,9669,203,9466,45000,44419,44420,351,351,580
522,52151510,52151712,52161153,9643,202,9441,45000,44420,44421,351,351,579
523,52251584,52251785,52261150,9566,201,9365,45000,44421,44421,351,351,579
524,52351637,52351841,52361141,9504,204,9300,45000,44421,44422,351,351,578
525,52451690,52451890,52461132,9442,200,9242,45000,44422,44422,351,351,578
526,52551743,52551946,52561128,9385,203,9182,45000,44422,44423,351,351,577
527,52651796,52651997,52661126,9330,201,9129,45000,44423,44424,351,351,576
528,52751849,52752051,52761135,9286,202,9084,45000,44424,44424,351,351,576
529,52851901,52852104,52861133,9232,203,9029,45000,44424,44425,351,351,575
530,52951955,52952156,52961127,9172,201,8971,45000,44425,44425,351,351,575
531,53052007,53052209,53061138,9131,202,8929,45000,44425,44426,351,351,574
532,53152061,53152261,53161133,9072,200,8872,45000,44426,44427,351,351,573
533,53252113,53252314,53261133,9020,201,8819,45000,44427,44427,351,351,573
534,53352166,53352369,53361128,8962,203,8759,45000,44427,44428,351,351,572
535,53452218,53452421,53461126,8908,203,8705,45000,44428,44428,351,351,572
536,53552272,53552473,53561136,8864,201,8663,45000,44428,44429,351,351,571
537,53652323,53652525,53661127,8804,202,8602,45000,44429,44429,351,351,571
538,53752377,53752579,53761131,8754,202,8552,45000,44429,44430,351,351,570
539,53852430,53852632,53861134,8704,202,8502,45000,44430,44431,351,351,569
540,53952483,53952684,53961132,8649,201,8448,45000,44431,44431,351,351,569
541,54052535,54052738,54061128,8593,203,8390,45000,44431,44432,351,351,568
542,54152588,54152790,54161136,8548,202,8346,45000,44432,44432,351,351,568
543,54252641,54252844,54261127,8486,203,8283,45000,44432,44433,351,351,567
544,54352694,54352896,54361126,8432,202,8230,45000,44433,44433,351,351,567
545,54452746,54452948,54461129,8383,202,8181,45000,44433,44434,351,351,566
546,54552799,54553001,54561132,8333,202,8131,45000,44434,44434,351,351,566
547,54652852,54657942,54661132,8280,5090,3190,45000,44434,44435,351,351,565
548,54752905,54753108,54761128,8223,203,8020,45000,44435,44435,351,351,565
549,54852957,54853160,54861146,8189,203,7986,45000,44435,44436,351,351,564
550,54953034,54953235,54961150,8116,201,7915,45000,44436,44437,351,351,563
551,55053087,55053288,55061146,8059,201,7858,45000,44437,44437,351,351,563
552,55153140,55153343,55161136,7996,203,7793,45000,44437,44438,351,351,562
553,55253193,55253395,55261131,7938,202,7736,45000,44438,44438,351,351,562
554,55353245,55353447,55361128,7883,202,7681,45000,44438,44439,351,351,561
555,55453298,55453498,55461135,7837,200,7637,45000,44439,44439,351,351,561
556,55553352,55553554,55561134,7782,202,7580,45000,44439,44440,351,351,560
557,55653404,55653605,55661129,7725,201,7524,45000,44440,44440,351,351,560
558,55753457,55753660,55761125,7668,203,7465,45000,44440,44441,351,351,559
559,55853510,55853711,55861134,7624,201,7423,45000,44441,44441,351,351,559
560,55953563,55953765,55961133,7570,202,7368,45000,44441,44442,351,351,558
561,56053616,56053818,56061128,7512,202,7310,45000,44442,44442,351,351,558
562,56153669,56153872,56161137,7468,203,7265,45000,44442,44443,351,351,557
563,56253722,56253924,56261135,7413,202,7211,45000,44443,44443,351,351,557
564,56353774,56353976,56361133,7359,202,7157,45000,44443,44444,351,351,556
565,56453827,56454029,56461131,7304,202,7102,45000,44444,44444,351,351,556
566,56553879,56554081,56561128,7249,202,7047,45000,44444,44445,351,351,555
567,56653933,56654134,56661135,7202,201,7001,45000,44445,44445,351,351,555
568,56753986,56754188,56761131,7145,202,6943,45000,44445,44446,351,351,554
569,56854039,56854240,56861126,7087,201,6886,45000,44446,44446,351,351,554
570,56954093,56954295,56961135,7042,202,6840,45000,44446,44447,351,351,553
571,57054147,57054349,57061131,6984,202,6782,45000,44447,44447,351,351,553
572,57154199,57154403,57161129,6930,204,6726,45000,44447,44448,351,351,552
573,57254252,57254453,57261132,6880,201,6679,45000,44448,44448,351,351,552
574,57354305,57354506,57361134,6829,201,6628,45000,44448,44449,351,351,551
575,57454358,57454560,57461132,6774,202,6572,45000,44449,44449,350,350,551
576,57554412,57554614,57561128,6716,202,6514,45000,44449,44449,351,351,551
577,57654465,57654667,57661152,6687,202,6485,45000,44449,44450,351,351,550
578,57754538,57754740,57761151,6613,202,6411,45000,44450,44450,350,350,550
579,57854591,57854795,57861143,6552,204,6348,45000,44450,44451,351,351,549
580,57954644,57954846,57961132,6488,202,6286,45000,44451,44451,350,350,549
581,58054696,58054897,58061128,6432,201,6231,45000,44451,44451,351,351,549
582,58154748,58154950,58161128,6380,202,6178,45000,44451,44452,351,351,548
583,58254800,58255000,58261132,6332,200,6132,45000,44452,44452,350,350,548
584,58354853,58355056,58361132,6279,203,6076,45000,44452,44452,350,350,548
585,58454906,58455108,58461130,6224,202,6022,45000,44452,44452,350,350,548
586,58554959,58555161,58561129,6170,202,5968,45000,44452,44453,350,350,547
587,58655011,58655212,58661133,6122,201,5921,45000,44453,44453,350,350,547
588,58755064,58755266,58761130,6066,202,5864,45000,44453,44453,350,350,547
589,58855117,58855320,58861127,6010,203,5807,45000,44453,44453,350,350,547
590,58955170,58955372,58961136,5966,202,5764,45000,44453,44453,350,350,547
591,59055223,59055425,59061131,5908,202,5706,45000,44453,44453,350,350,547
592,59155275,59155478,59161128,5853,203,5650,45000,44453,44454,350,350,546
593,59255328,59255528,59261136,5808,200,5608,45000,44454,44454,350,350,546
594,59355382,59355584,59361140,5758,202,5556,45000,44454,44454,350,350,546
595,59455434,59455637,59461134,5700,203,5497,45000,44454,44454,350,350,546
596,59555505,59555708,59561130,5625,203,5422,45000,44454,44454,350,350,546
597,59655557,59655759,59661127,5570,202,5368,45000,44454,44455,350,350,545
598,59755610,59755812,59761125,5515,202,5313,45000,44455,44455,350,350,545
599,59855663,59855864,59861141,5478,201,5277,45000,44455,44455,350,350,545
600,59955716,59955918,59962959,7243,202,7041,45000,44455,44455,350,350,545
601,60055775,60055989,60061097,5322,214,5108,65000,44455,44637,1000,1000,20363
602,60155826,60156028,60161133,5307,202,5105,65000,44637,44819,1000,1000,20181
603,60255900,60256102,60261132,5232,202,5030,65000,44819,44999,1000,1000,20001
604,60355953,60356155,60361145,5192,202,4990,65000,44999,45179,1000,1000,19821
605,60456007,60456207,60461131,5124,200,4924,65000,45179,45359,1000,1000,19641
606,60556059,60556260,60561127,5068,201,4867,65000,45359,45537,1000,1000,19463
607,60656114,60656315,60661132,5018,201,4817,65000,45537,45715,1000,1000,19285
608,60756166,60756368,60761130,4964,202,4762,65000,45715,45892,1000,1000,19108
609,60856219,60856420,60861129,4910,201,4709,65000,45892,46069,1000,1000,18931
610,60956272,60956473,60961133,4861,201,4660,65000,46069,46244,1000,1000,18756
611,61056324,61056525,61061133,4809,201,4608,65000,46244,46419,1000,1000,18581
612,61156377,61156579,61161127,4750,202,4548,65000,46419,46594,1000,1000,18406
613,61256430,61256631,61261126,4696,201,4495,65000,46594,46767,1000,1000,18233
614,61356482,61356684,61361135,4653,202,4451,65000,46767,46940,1000,1000,18060
615,61456536,61456737,61461133,4597,201,4396,65000,46940,47113,1000,1000,17887
616,61556589,61556790,61561127,4538,201,4337,65000,47113,47284,1000,1000,17716
617,61656641,61656842,61661137,4496,201,4295,65000,47284,47455,1000,1000,17545
618,61756695,61756896,61761132,4437,201,4236,65000,47455,47625,1000,1000,17375
619,61856748,61856950,61861130,4382,202,4180,65000,47625,47795,1000,1000,17205
620,61956801,61957003,61961126,4325,202,4123,65000,47795,47964,1000,1000,17036
621,62056853,62057055,62061135,4282,202,4080,65000,47964,48132,1000,1000,16868
622,62156906,62157108,62161131,4225,202,4023,65000,48132,48299,1000,1000,16701
623,62256959,62257160,62261126,4167,201,3966,65000,48299,48466,1000,1000,16534
624,62357011,62357212,62361143,4132,201,3931,65000,48466,48632,1000,1000,16368
625,62457082,62457284,62461149,4067,202,3865,65000,48632,48798,1000,1000,16202
626,62557134,62557334,62561151,4017,200,3817,65000,48798,48962,1000,1000,16038
627,62657186,62657388,62661111,3925,202,3723,65000,48962,49127,1000,1000,15873
628,62757239,62757439,62761142,3903,200,3703,65000,49127,49290,1000,1000,15710
629,62857292,62857494,62861128,3836,202,3634,65000,49290,49453,1000,1000,15547
630,62957346,62957548,62961140,3794,202,3592,65000,49453,49615,1000,1000,15385
631,63057399,63057601,63061134,3735,202,3533,65000,49615,49776,997,997,15224
632,63157452,63157654,63161136,3684,202,3482,65000,49776,49935,993,993,15065
633,63257505,63257706,63261136,3631,201,3430,65000,49935,50092,989,989,14908
634,63357557,63357759,63361126,3569,202,3367,65000,50092,50247,984,984,14753
635,63457610,63457810,63461136,3526,200,3326,65000,50247,50400,980,980,14600
636,63557663,63557864,63561127,3464,201,3263,65000,50400,50552,976,976,14448
637,63657715,63657918,63661129,3414,203,3211,65000,50552,50702,972,972,14298
638,63757768,63757995,63761134,3366,227,3139,65000,50702,50850,968,968,14150
639,63857822,63858049,63861133,3311,227,3084,65000,50850,50997,964,964,14003
640,63957874,63958103,63961126,3252,229,3023,65000,50997,51142,960,960,13858
641,64057926,64058150,64061138,3212,224,2988,65000,51142,51285,956,956,13715
642,64157993,64158196,64161138,3145,203,2942,65000,51285,51426,953,953,13574
643,64258044,64258245,64261136,3092,201,2891,65000,51426,51566,949,949,13434
644,64358096,64358297,64360138,2042,201,1841,65000,51566,51705,945,945,13295
645,64458148,64458349,64460262,2114,201,1913,65000,51705,51841,941,941,13159
646,64558216,64558417,64570423,12207,201,12006,65000,51841,51977,938,938,13023
647,64658268,64658470,64670127,11859,202,11657,65000,51977,52110,934,934,12890
648,64758320,64758522,64770204,11884,202,11682,65000,52110,52243,931,931,12757
649,64858371,64858572,64870231,11860,201,11659,65000,52243,52373,927,927,12627
650,64958443,64958644,64970296,11853,201,11652,65000,52373,52502,924,924,12498
651,65058497,65058700,65070348,11851,203,11648,65000,52502,52630,920,920,12370
652,65158571,65158772,65170467,11896,201,11695,65000,52630,52756,917,917,12244
653,65258623,65258824,65270495,11872,201,11671,65000,52756,52881,914,914,12119
654,65358695,65358896,65370558,11863,201,11662,65000,52881,53004,910,910,11996
655,65458750,65458952,65470608,11858,202,11656,65000,53004,53126,907,907,11874
656,65558822,65559024,65570673,11851,202,11649,65000,53126,53247,904,904,11753
657,65658877,65659079,65670738,11861,202,11659,65000,53247,53366,900,900,11634
658,65758932,65759134,65770802,11870,202,11668,65000,53366,53484,897,897,11516
659,65858987,65859189,65870853,11866,202,11664,65000,53484,53600,894,894,11400
660,65959073,65959303,65970964,11891,230,11661,65000,53600,53715,891,891,11285
661,66059126,66059354,66070999,11873,228,11645,65000,53715,53829,888,888,11171
662,66159200,66159422,66171069,11869,222,11647,65000,53829,53941,885,885,11059
663,66259268,66259470,66271134,11866,202,11664,65000,53941,54053,882,882,10947
664,66359308,66359509,66371144,11836,201,11635,65000,54053,54162,879,879,10838
665,66459360,66459562,66471129,11769,202,11567,65000,54162,54271,876,876,10729
666,66559412,66559614,66571151,11739,202,11537,65000,54271,54378,873,873,10622
667,66659481,66659682,66671147,11666,201,11465,65000,54378,54485,870,870,10515
668,66759532,66759733,66771143,11611,201,11410,65000,54485,54589,867,867,10411
669,66859584,66859785,66871131,11547,201,11346,65000,54589,54693,865,865,10307
670,66959636,66959837,66971130,11494,201,11293,65000,54693,54796,862,862,10204
671,67059688,67059889,67071132,11444,201,11243,65000,54796,54897,859,859,10103
672,67159740,67159941,67171134,11394,201,11193,65000,54897,54998,857,857,10002
673,67259791,67259993,67271132,11341,202,11139,65000,54998,55097,854,854,9903
674,67359844,67360045,67371131,11287,201,11086,65000,55097,55195,851,851,9805
675,67459895,67460097,67471129,11234,202,11032,65000,55195,55291,849,849,9709
676,67559947,67560149,67571131,11184,202,10982,65000,55291,55387,846,846,9613
677,67659999,67660201,67671134,11135,202,10933,65000,55387,55482,844,844,9518
678,67760050,67760252,67771126,11076,202,10874,65000,55482,55576,841,841,9424
679,67860102,67860303,67871144,11042,201,10841,65000,55576,55668,838,838,9332
680,67960171,67960373,67971151,10980,202,10778,65000,55668,55759,836,836,9241
681,68060224,68060427,68071145,10921,203,10718,65000,55759,55850,834,834,9150
682,68160277,68160478,68171134,10857,201,10656,65000,55850,55939,831,831,9061
683,68260330,68265413,68271133,10803,5083,5720,65000,55939,56027,829,829,8973
684,68360383,68360586,68371126,10743,203,10540,65000,56027,56115,827,827,8885
685,68460437,68460638,68471136,10699,201,10498,65000,56115,56201,824,824,8799
686,68560490,68560691,68571134,10644,201,10443,65000,56201,56286,822,822,8714
687,68660543,68660743,68671129,10586,200,10386,65000,56286,56371,820,820,8629
688,68760596,68760798,68771129,10533,202,10331,65000,56371,56454,817,817,8546
689,68860650,68860850,68871138,10488,200,10288,65000,56454,56537,815,815,8463
690,68960703,68960906,68971133,10430,203,10227,65000,56537,56618,813,813,8382
691,69060756,69060958,69071131,10375,202,10173,65000,56618,56699,811,811,8301
692,69160809,69161010,69171130,10321,201,10120,65000,56699,56778,809,809,8222
693,69260862,69261063,69271135,10273,201,10072,65000,56778,56857,807,807,8143
694,69360916,69361119,69371133,10217,203,10014,65000,56857,56935,804,804,8065
695,69460969,69461170,69471128,10159,201,9958,65000,56935,57012,802,802,7988
696,69561022,69561224,69571127,10105,202,9903,65000,57012,57088,800,800,7912
697,69661075,69661310,69671131,10056,235,9821,65000,57088,57163,798,798,7837
698,69761129,69761363,69771130,10001,234,9767,65000,57163,57237,796,796,7763
699,69861181,69861411,69871128,9947,230,9717,65000,57237,57310,794,794,7690
700,69961235,69961459,69972949,11714,224,11490,65000,57310,57383,792,792,7617
701,70061294,70061497,70071094,9800,203,9597,65000,57383,57455,790,790,7545
702,70161345,70161547,70171131,9786,202,9584,65000,57455,57525,788,788,7475
703,70261420,70261621,70271132,9712,201,9511,65000,57525,57596,787,787,7404
704,70361473,70361674,70371132,9659,201,9458,65000,57596,57665,785,785,7335
705,70461526,70461727,70471131,9605,201,9404,65000,57665,57734,783,783,7266
706,70561578,70561780,70571126,9548,202,9346,65000,57734,57801,781,781,7199
707,70661631,70661833,70671155,9524,202,9322,65000,57801,57868,779,779,7132
708,70761708,70761910,70771149,9441,202,9239,65000,57868,57935,778,778,7065
709,70861761,70861963,70871146,9385,202,9183,65000,57935,58000,776,776,7000
710,70961814,70962016,70971132,9318,202,9116,65000,58000,58065,774,774,6935
711,71061867,71062068,71071128,9261,201,9060,65000,58065,58129,772,772,6871
712,71161919,71162121,71171126,9207,202,9005,65000,58129,58192,771,771,6808
713,71261972,71262174,71271136,9164,202,8962,65000,58192,58255,769,769,6745
714,71362026,71362228,71371131,9105,202,8903,65000,58255,58316,767,767,6684
715,71462078,71462279,71471130,9052,201,8851,65000,58316,58378,766,766,6622
716,71562131,71562333,71571133,9002,202,8800,65000,58378,58438,764,764,6562
717,71662184,71662384,71671129,8945,200,8745,65000,58438,58498,762,762,6502
718,71762237,71762438,71771130,8893,201,8692,65000,58498,58557,761,761,6443
719,71862290,71862490,71871125,8835,200,8635,65000,58557,58615,759,759,6385
720,71962342,71962545,71971142,8800,203,8597,65000,58615,58673,758,758,6327
721,72062419,72062621,72071133,8714,202,8512,65000,58673,58730,756,756,6270
722,72162471,72162673,72171130,8659,202,8457,65000,58730,58786,755,755,6214
723,72262524,72262726,72271129,8605,202,8403,65000,58786,58842,753,753,6158
724,72362577,72362778,72371124,8547,201,8346,65000,58842,58897,752,752,6103
725,72462630,72462831,72471134,8504,201,8303,65000,58897,58952,750,750,6048
726,72562683,72562885,72571132,8449,202,8247,65000,58952,59006,749,749,5994
727,72662736,72662937,72671130,8394,201,8193,65000,59006,59059,747,747,5941
728,72762789,72762990,72771132,8343,201,8142,65000,59059,59111,746,746,5889
729,72862840,72863041,72871129,8289,201,8088,65000,59111,59164,745,745,5836
730,72962893,72963095,72971129,8236,202,8034,65000,59164,59215,743,743,5785
731,73062946,73063147,73071135,8189,201,7988,65000,59215,59266,742,742,5734
732,73163000,73163201,73171130,8130,201,7929,65000,59266,59316,740,740,5684
733,73263052,73263253,73271129,8077,201,7876,65000,59316,59366,739,739,5634
734,73363105,73363308,73371146,8041,203,7838,65000,59366,59415,738,738,5585
735,73463174,73463376,73471156,7982,202,7780,65000,59415,59463,736,736,5537
736,73563228,73563430,73571150,7922,202,7720,65000,59463,59511,735,735,5489
737,73663280,73663482,73671135,7855,202,7653,65000,59511,59559,734,734,5441
738,73763334,73763536,73771130,7796,202,7594,65000,59559,59605,732,732,5395
739,73863386,73863588,73871127,7741,202,7539,65000,59605,59652,731,731,5348
740,73963439,73963642,73971136,7697,203,7494,65000,59652,59697,730,730,5303
741,74063493,74063696,74071134,7641,203,7438,65000,59697,59743,729,729,5257
742,74163545,74163747,74171128,7583,202,7381,65000,59743,59788,728,728,5212
743,74263598,74263799,74271128,7530,201,7329,65000,59788,59832,726,726,5168
744,74363650,74363852,74371135,7485,202,7283,65000,59832,59875,725,725,5125
745,74463704,74463906,74471133,7429,202,7227,65000,59875,59919,724,724,5081
746,74563757,74563959,74571128,7371,202,7169,65000,59919,59961,723,723,5039
747,74663809,74664011,74671132,7323,202,7121,65000,59961,60004,722,722,4996
748,74763863,74764065,74771134,7271,202,7069,65000,60004,60046,721,721,4954
749,74863916,74864117,74871129,7213,201,7012,65000,60046,60087,720,720,4913
750,74963969,74964171,74971126,7157,202,6955,65000,60087,60128,719,719,4872
751,75064021,75064222,75071141,7120,201,6919,65000,60128,60168,717,717,4832
752,75164075,75164277,75171138,7063,202,6861,65000,60168,60208,716,716,4792
753,75264128,75264330,75271133,7005,202,6803,65000,60208,60247,715,715,4753
754,75364181,75364382,75371132,6951,201,6750,65000,60247,60286,714,714,4714
755,75464233,75464435,75471128,6895,202,6693,65000,60286,60325,713,713,4675
756,75564286,75564487,75571150,6864,201,6663,65000,60325,60363,712,712,4637
757,75664358,75664559,75671136,6778,201,6577,65000,60363,60400,711,711,4600
758,75764410,75764612,75771136,6726,202,6524,65000,60400,60438,710,710,4562
759,75864463,75864663,75871131,6668,200,6468,65000,60438,60474,709,709,4526
760,75964515,75964717,75971131,6616,202,6414,65000,60474,60511,708,708,4489
761,76064569,76064770,76071126,6557,201,6356,65000,60511,60547,707,707,4453
762,76164621,76164823,76171139,6518,202,6316,65000,60547,60582,706,706,4418
763,76264674,76264876,76271127,6453,202,6251,65000,60582,60617,705,705,4383
764,76364726,76364928,76371137,6411,202,6209,65000,60617,60652,704,704,4348
765,76464782,76464984,76471134,6352,202,6150,65000,60652,60686,703,703,4314
766,76564833,76565034,76571129,6296,201,6095,65000,60686,60720,703,703,4280
767,76664886,76665088,76671127,6241,202,6039,65000,60720,60754,702,702,4246
768,76764939,76765141,76771137,6198,202,5996,65000,60754,60787,701,701,4213
769,76864993,76865194,76871128,6135,201,5934,65000,60787,60820,700,700,4180
770,76965046,76965248,76971127,6081,202,5879,65000,60820,60852,699,699,4148
771,77065099,77065301,77071138,6039,202,5837,65000,60852,60885,698,698,4115
772,77165152,77165354,77171128,5976,202,5774,65000,60885,60916,697,697,4084
773,77265206,77265407,77271128,5922,201,5721,65000,60916,60948,697,697,4052
774,77365258,77365461,77371126,5868,203,5665,65000,60948,60979,696,696,4021
775,77465311,77465511,77471136,5825,200,5625,65000,60979,61009,695,695,3991
776,77565365,77565567,77571127,5762,202,5560,65000,61009,61040,694,694,3960
777,77665418,77665619,77671131,5713,201,5512,65000,61040,61070,693,693,3930
778,77765491,77765693,77771135,5644,202,5442,65000,61070,61099,692,692,3901
779,77865545,77865746,77871131,5586,201,5385,65000,61099,61128,692,692,3872
780,77965598,77965799,77971130,5532,201,5331,65000,61128,61157,691,691,3843
781,78065651,78065854,78071126,5475,203,5272,65000,61157,61186,690,690,3814
782,78165704,78165906,78171148,5444,202,5242,65000,61186,61214,689,689,3786
783,78265777,78265978,78271148,5371,201,5170,65000,61214,61242,689,689,3758
784,78365830,78366031,78371141,5311,201,5110,65000,61242,61270,688,688,3730
785,78465883,78466085,78471131,5248,202,5046,65000,61270,61297,687,687,3703
786,78565935,78566136,78571132,5197,201,4996,65000,61297,61324,686,686,3676
787,78665988,78666189,78671128,5140,201,4939,65000,61324,61351,686,686,3649
788,78766040,78766242,78771137,5097,202,4895,65000,61351,61377,685,685,3623
789,78866094,78866296,78871136,5042,202,4840,65000,61377,61403,684,684,3597
790,78966147,78966349,78971131,4984,202,4782,65000,61403,61429,683,683,3571
791,79066200,79066401,79071129,4929,201,4728,65000,61429,61454,683,683,3546
792,79166253,79166455,79171136,4883,202,4681,65000,61454,61480,682,682,3520
793,79266307,79266509,79271133,4826,202,4624,65000,61480,61504,681,681,3496
794,79366359,79366561,79371128,4769,202,4567,65000,61504,61529,681,681,3471
795,79466412,79466614,79471138,4726,202,4524,65000,61529,61553,680,680,3447
796,79566466,79566669,79571134,4668,203,4465,65000,61553,61577,680,680,3423
797,79666519,79666720,79671132,4613,201,4412,65000,61577,61601,679,679,3399
798,79766572,79766774,79771127,4555,202,4353,65000,61601,61625,678,678,3375
799,79866625,79866827,79871132,4507,202,4305,65000,61625,61648,677,677,3352
800,79966679,79966880,79972926,6247,201,6046,65000,61648,61671,677,677,3329
801,80066737,80066941,80071091,4354,204,4150,65000,61671,61693,676,676,3307
802,80166788,80166990,80171139,4351,202,4149,65000,61693,61716,676,676,3284
803,80266843,80267044,80271129,4286,201,4085,65000,61716,61738,675,675,3262
804,80366895,80367098,80371130,4235,203,4032,65000,61738,61760,675,675,3240
805,80466948,80467150,80471125,4177,202,3975,65000,61760,61782,674,674,3218
806,80567002,80567203,80571135,4133,201,3932,65000,61782,61803,673,673,3197
807,80667056,80667258,80671131,4075,202,3873,65000,61803,61824,673,673,3176
808,80767108,80767310,80771131,4023,202,3821,65000,61824,61845,672,672,3155
809,80867162,80867363,80871141,3979,201,3778,65000,61845,61866,672,672,3134
810,80967217,80967418,80971156,3939,201,3738,65000,61866,61886,671,671,3114
811,81067270,81067471,81071152,3882,201,3681,65000,61886,61907,671,671,3093
812,81167323,81167524,81171133,3810,201,3609,65000,61907,61927,670,670,3073
813,81267376,81267578,81271138,3762,202,3560,65000,61927,61946,670,670,3054
814,81367430,81367632,81371127,3697,202,3495,65000,61946,61966,669,669,3034
815,81467483,81467686,81471135,3652,203,3449,65000,61966,61985,668,668,3015
816,81567536,81567738,81571136,3600,202,3398,65000,61985,62004,668,668,2996
817,81667589,81667789,81671132,3543,200,3343,65000,62004,62023,668,668,2977
818,81767642,81767842,81771128,3486,200,3286,65000,62023,62042,667,667,2958
819,81867694,81872863,81881122,13428,5169,8259,65000,62042,62060,666,666,2940
820,81967748,81967971,81971097,3349,223,3126,65000,62060,62079,666,666,2921
821,82067801,82068032,82071132,3331,231,3100,65000,62079,62096,665,665,2904
822,82167875,82168106,82171128,3253,231,3022,65000,62096,62114,665,665,2886
823,82267929,82268153,82271137,3208,224,2984,65000,62114,62132,665,665,2868
824,82367996,82368196,82371135,3139,200,2939,65000,62132,62149,664,664,2851
825,82468047,82468248,82471137,3090,201,2889,65000,62149,62167,664,664,2833
826,82568099,82568302,82570150,2051,203,1848,65000,62167,62184,663,663,2816
827,82668151,82668352,82680335,12184,201,11983,65000,62184,62201,663,663,2799
828,82768204,82768404,82780436,12232,200,12032,65000,62201,62217,662,662,2783
829,82868256,82868457,82880485,12229,201,12028,65000,62217,62234,662,662,2766
830,82968308,82968509,82980131,11823,201,11622,65000,62234,62250,661,661,2750
831,83068360,83068562,83080224,11864,202,11662,65000,62250,62266,661,661,2734
832,83168411,83168612,83180268,11857,201,11656,65000,62266,62282,661,661,2718
833,83268466,83268668,83280326,11860,202,11658,65000,62282,62298,660,660,2702
834,83368520,83368723,83380379,11859,203,11656,65000,62298,62313,660,660,2687
835,83468573,83468775,83480430,11857,202,11655,65000,62313,62328,659,659,2672
836,83568646,83568848,83580495,11849,202,11647,65000,62328,62344,659,659,2656
837,83668701,83668904,83680594,11893,203,11690,65000,62344,62358,658,658,2642
838,83768754,83768956,83780629,11875,202,11673,65000,62358,62373,658,658,2627
839,83868828,83869031,83880694,11866,203,11663,65000,62373,62388,658,658,2612
840,83968884,83969086,83980751,11867,202,11665,65000,62388,62402,657,657,2598
841,84068958,84069160,84080817,11859,202,11657,65000,62402,62417,657,657,2583
842,84169028,84169231,84180928,11900,203,11697,65000,62417,62431,656,656,2569
843,84269081,84269309,84280970,11889,228,11661,65000,62431,62445,656,656,2555
844,84369138,84369367,84381026,11888,229,11659,65000,62445,62459,656,656,2541
845,84469211,84469431,84481088,11877,220,11657,65000,62459,62472,655,655,2528
846,84569277,84569478,84581139,11862,201,11661,65000,62472,62486,655,655,2514
847,84669349,84669550,84681133,11784,201,11583,65000,62486,62499,655,655,2501
848,84769401,84769603,84781150,11749,202,11547,65000,62499,62512,654,654,2488
849,84869453,84869655,84881148,11695,202,11493,65000,62512,62525,654,654,2475
850,84969505,84969706,84981128,11623,201,11422,65000,62525,62538,654,654,2462
851,85069557,85069758,85081135,11578,201,11377,65000,62538,62516,653,653,2484
852,85169629,85169830,85181131,11502,201,11301,65000,62516,62496,660,660,2504
853,85269681,85269883,85281127,11446,202,11244,65000,62496,62476,661,661,2524
854,85369732,85369932,85381134,11402,200,11202,65000,62476,62456,662,662,2544
855,85469783,85469984,85481134,11351,201,11150,65000,62456,62437,662,662,2563
856,85569834,85570035,85581127,11293,201,11092,65000,62437,62418,663,663,2582
857,85669886,85670088,85681136,11250,202,11048,65000,62418,62399,663,663,2601
858,85769938,85770140,85781133,11195,202,10993,65000,62399,62380,664,664,2620
859,85869989,85870191,85881130,11141,202,10939,65000,62380,62361,664,664,2639
860,85970042,85970243,85981126,11084,201,10883,65000,62361,62343,665,665,2657
861,86070093,86070295,86081135,11042,202,10840,65000,62343,62325,665,665,2675
862,86170168,86170370,86181134,10966,202,10764,65000,62325,62307,666,666,2693
863,86270221,86270423,86281128,10907,202,10705,65000,62307,62289,666,666,2711
864,86370275,86370477,86381143,10868,202,10666,65000,62289,62272,667,667,2728
865,86470329,86470531,86481152,10823,202,10621,65000,62272,62255,667,667,2745
866,86570382,86570584,86581147,10765,202,10563,65000,62255,62238,667,667,2762
867,86670436,86670637,86681133,10697,201,10496,65000,62238,62221,668,668,2779
868,86770489,86770691,86781131,10642,202,10440,65000,62221,62204,668,668,2796
869,86870542,86870743,86881126,10584,201,10383,65000,62204,62187,669,669,2813
870,86970595,86970796,86981136,10541,201,10340,65000,62187,62171,669,669,2829
871,87070648,87070850,87081126,10478,202,10276,65000,62171,62155,670,670,2845
872,87170702,87170903,87181133,10431,201,10230,65000,62155,62139,670,670,2861
873,87270754,87270955,87281129,10375,201,10174,65000,62139,62123,671,671,2877
874,87370808,87371009,87381136,10328,201,10127,65000,62123,62107,671,671,2893
875,87470861,87471062,87481133,10272,201,10071,65000,62107,62092,671,671,2908
876,87570915,87571117,87581127,10212,202,10010,65000,62092,62077,672,672,2923
877,87670968,87671170,87681136,10168,202,9966,65000,62077,62062,672,672,2938
878,87771021,87771222,87781135,10114,201,9913,65000,62062,62047,673,673,2953
879,87871074,87871309,87881135,10061,235,9826,65000,62047,62032,673,673,2968
880,87971128,87971362,87981126,9998,234,9764,65000,62032,62017,673,673,2983
881,88071181,88071410,88081128,9947,229,9718,65000,62017,62003,674,674,2997
882,88171234,88171458,88181134,9900,224,9676,65000,62003,61989,674,674,3011
883,88271299,88271500,88281133,9834,201,9633,65000,61989,61974,674,674,3026
884,88371351,88371553,88381126,9775,202,9573,65000,61974,61961,675,675,3039
885,88471403,88471604,88481133,9730,201,9529,65000,61961,61947,675,675,3053
886,88571456,88571658,88581132,9676,202,9474,65000,61947,61933,676,676,3067
887,88671509,88671711,88681126,9617,202,9415,65000,61933,61920,676,676,3080
888,88771561,88771763,88781135,9574,202,9372,65000,61920,61906,676,676,3094
889,88871615,88871815,88881133,9518,200,9318,65000,61906,61893,677,677,3107
890,88971668,88971870,88981129,9461,202,9259,65000,61893,61880,677,677,3120
891,89071721,89071923,89081127,9406,202,9204,65000,61880,61867,677,677,3133
892,89171774,89171975,89181153,9379,201,9178,65000,61867,61855,678,678,3145
893,89271848,89272050,89281153,9305,202,9103,65000,61855,61842,678,678,3158
894,89371901,89372102,89381147,9246,201,9045,65000,61842,61830,678,678,3170
895,89471953,89472156,89481129,9176,203,8973,65000,61830,61817,679,679,3183
896,89572005,89572207,89581128,9123,202,8921,65000,61817,61805,679,679,3195
897,89672058,89672259,89681126,9068,201,8867,65000,61805,61793,679,679,3207
898,89772111,89772312,89781132,9021,201,8820,65000,61793,61781,680,680,3219
899,89872164,89872365,89881132,8968,201,8767,65000,61781,61770,680,680,3230
900,89972217,89972419,89982919,10702,202,10500,65000,61770,61758,680,680,3242
901,90072276,90072479,90081096,8820,203,8617,65000,61758,61747,681,681,3253
902,90172328,90172529,90181133,8805,201,8604,65000,61747,61735,681,681,3265
903,90272402,90272602,90281130,8728,200,8528,65000,61735,61724,681,681,3276
904,90372455,90372656,90381125,8670,201,8469,65000,61724,61713,682,682,3287
905,90472508,90472709,90481135,8627,201,8426,65000,61713,61702,682,682,3298
906,90572561,90572762,90581134,8573,201,8372,65000,61702,61691,682,682,3309
907,90672613,90672813,90681130,8517,200,8317,65000,61691,61681,682,682,3319
908,90772665,90772866,90781138,8473,201,8272,65000,61681,61670,683,683,3330
909,90872718,90872920,90881138,8420,202,8218,65000,61670,61660,683,683,3340
910,90972770,90972971,90981136,8366,201,8165,65000,61660,61649,683,683,3351
911,91072822,91073023,91081132,8310,201,8109,65000,61649,61639,684,684,3361
912,91172875,91173076,91181131,8256,201,8055,65000,61639,61629,684,684,3371
913,91272928,91273130,91281126,8198,202,7996,65000,61629,61619,684,684,3381
914,91372980,91373181,91381138,8158,201,7957,65000,61619,61609,684,684,3391
915,91473034,91473235,91481137,8103,201,7902,65000,61609,61599,685,685,3401
916,91573086,91573287,91581131,8045,201,7844,65000,61599,61590,685,685,3410
917,91673139,91673340,91681130,7991,201,7790,65000,61590,61580,685,685,3420
918,91773191,91773392,91781127,7936,201,7735,65000,61580,61571,685,685,3429
919,91873243,91873444,91881148,7905,201,7704,65000,61571,61562,686,686,3438
920,91973315,91973515,91981127,7812,200,7612,65000,61562,61552,686,686,3448
921,92073368,92073569,92081124,7756,201,7555,65000,61552,61543,686,686,3457
922,92173421,92173623,92181134,7713,202,7511,65000,61543,61534,686,686,3466
923,92273474,92273676,92281129,7655,202,7453,65000,61534,61525,687,687,3475
924,92373526,92373729,92381130,7604,203,7401,65000,61525,61517,687,687,3483
925,92473579,92473781,92481134,7555,202,7353,65000,61517,61508,687,687,3492
926,92573632,92573832,92581131,7499,200,7299,65000,61508,61499,687,687,3501
927,92673684,92673885,92681126,7442,201,7241,65000,61499,61491,688,688,3509
928,92773737,92773938,92781128,7391,201,7190,65000,61491,61483,688,688,3517
929,92873791,92873992,92881131,7340,201,7139,65000,61483,61474,688,688,3526
930,92973843,92974044,92981131,7288,201,7087,65000,61474,61466,688,688,3534
931,93073896,93074098,93081125,7229,202,7027,65000,61466,61458,688,688,3542
932,93173948,93174149,93181137,7189,201,6988,65000,61458,61450,689,689,3550
933,93274002,93274204,93281134,7132,202,6930,65000,61450,61442,689,689,3558
934,93374054,93374255,93381129,7075,201,6874,65000,61442,61434,689,689,3566
935,93474107,93474308,93481129,7022,201,6821,65000,61434,61426,689,689,3574
936,93574160,93574360,93581133,6973,200,6773,65000,61426,61419,690,690,3581
937,93674213,93674412,93681133,6920,199,6721,65000,61419,61411,690,690,3589
938,93774265,93774465,93781129,6864,200,6664,65000,61411,61404,690,690,3596
939,93874318,93874519,93881144,6826,201,6625,65000,61404,61397,690,690,3603
940,93974372,93974573,93981147,6775,201,6574,65000,61397,61389,690,690,3611
941,94074425,94074627,94081144,6719,202,6517,65000,61389,61382,691,691,3618
942,94174478,94174679,94181133,6655,201,6454,65000,61382,61375,691,691,3625
943,94274531,94274733,94281133,6602,202,6400,65000,61375,61368,691,691,3632
944,94374583,94374783,94381124,6541,200,6341,65000,61368,61361,691,691,3639
945,94474636,94474838,94481138,6502,202,6300,65000,61361,61354,691,691,3646
946,94574690,94574890,94581133,6443,200,6243,65000,61354,61347,691,691,3653
947,94674743,94674943,94681134,6391,200,6191,65000,61347,61341,692,692,3659
948,94774815,94775016,94781129,6314,201,6113,65000,61341,61334,692,692,3666
949,94874868,94875071,94881127,6259,203,6056,65000,61334,61327,692,692,3673
950,94974921,94975122,94981134,6213,201,6012,65000,61327,61321,692,692,3679
951,95074974,95075175,95081131,6157,201,5956,65000,61321,61349,692,692,3651
952,95175027,95175228,95181126,6099,201,5898,65000,61349,61376,685,685,3624
953,95275079,95275281,95281136,6057,202,5855,65000,61376,61402,684,684,3598
954,95375132,95375333,95381133,6001,201,5800,65000,61402,61428,684,684,3572
955,95475185,95475386,95481126,5941,201,5740,65000,61428,61453,683,683,3547
956,95575238,95580395,95591115,15877,5157,10720,65000,61453,61478,682,682,3522
957,95675290,95675492,95680762,5472,202,5270,65000,61478,61503,682,682,3497
958,95775343,95775544,95780864,5521,201,5320,65000,61503,61528,681,681,3472
959,95875397,95875599,95880926,5529,202,5327,65000,61528,61552,680,680,3448
960,95975470,95975671,95980998,5528,201,5327,65000,61552,61576,680,680,3424
961,96075558,96075759,96081063,5505,201,5304,65000,61576,61600,679,679,3400
962,96175633,96175834,96181124,5491,201,5290,65000,61600,61624,678,678,3376
963,96275723,96275924,96281133,5410,201,5209,65000,61624,61647,678,678,3353
964,96375776,96375976,96381129,5353,200,5153,65000,61647,61670,677,677,3330
965,96475828,96476030,96481129,5301,202,5099,65000,61670,61693,676,676,3307
966,96575882,96576083,96581130,5248,201,5047,65000,61693,61715,676,676,3285
967,96675933,96676134,96681151,5218,201,5017,65000,61715,61737,675,675,3263
968,96775987,96776189,96781148,5161,202,4959,65000,61737,61759,675,675,3241
969,96876039,96876241,96881144,5105,202,4903,65000,61759,61781,674,674,3219
970,96976092,96976293,96981128,5036,201,4835,65000,61781,61802,673,673,3198
971,97076145,97076346,97081131,4986,201,4785,65000,61802,61824,673,673,3176
972,97176198,97176398,97181126,4928,200,4728,65000,61824,61844,672,672,3156
973,97276251,97276451,97281133,4882,200,4682,65000,61844,61865,672,672,3135
974,97376304,97376507,97381134,4830,203,4627,65000,61865,61886,671,671,3114
975,97476356,97476558,97481128,4772,202,4570,65000,61886,61906,671,671,3094
976,97576409,97576611,97581125,4716,202,4514,65000,61906,61926,670,670,3074
977,97676461,97676663,97681136,4675,202,4473,65000,61926,61946,670,670,3054
978,97776515,97776716,97781133,4618,201,4417,65000,61946,61965,669,669,3035
979,97876567,97876767,97881132,4565,200,4365,65000,61965,61985,669,669,3015
980,97976620,97976823,97981123,4503,203,4300,65000,61985,62004,668,668,2996
981,98076673,98076874,98081133,4460,201,4259,65000,62004,62023,668,668,2977
982,98176726,98176927,98181131,4405,201,4204,65000,62023,62042,667,667,2958
983,98276778,98276979,98281127,4349,201,4148,65000,62042,62060,666,666,2940
984,98376831,98377034,98381136,4305,203,4102,65000,62060,62078,666,666,2922
985,98476884,98477085,98481132,4248,201,4047,65000,62078,62096,666,666,2904
986,98576936,98577136,98581126,4190,200,3990,65000,62096,62114,665,665,2886
987,98676988,98677189,98681137,4149,201,3948,65000,62114,62132,665,665,2868
988,98777042,98777243,98781132,4090,201,3889,65000,62132,62149,664,664,2851
989,98877094,98877295,98881129,4035,201,3834,65000,62149,62167,664,664,2833
990,98977147,98977348,98981133,3986,201,3785,65000,62167,62184,663,663,2816
991,99077200,99077402,99081133,3933,202,3731,65000,62184,62200,663,663,2800
992,99177253,99177454,99181138,3885,201,3684,65000,62200,62217,662,662,2783
993,99277306,99277507,99281127,3821,201,3620,65000,62217,62234,662,662,2766
994,99377358,99377559,99381144,3786,201,3585,65000,62234,62250,661,661,2750
995,99477412,99477613,99481152,3740,201,3539,65000,62250,62266,661,661,2734
996,99577465,99577667,99581147,3682,202,3480,65000,62266,62282,661,661,2718
997,99677517,99677719,99681133,3616,202,3414,65000,62282,62297,660,660,2703
998,99777570,99777771,99781131,3561,201,3360,65000,62297,62313,660,660,2687
999,99877622,99877824,99881131,3509,202,3307,65000,62313,62328,659,659,2672
1000,99977677,99977878,99982969,5292,201,5091,65000,62328,62344,659,659,2656
1001,100077736,100077938,100081095,3359,202,3157,65000,62344,62358,658,658,2642
1002,100177786,100178019,100181134,3348,233,3115,65000,62358,62373,658,658,2627
1003,100277861,100278094,100281130,3269,233,3036,65000,62373,62388,658,658,2612
1004,100377913,100378138,100381140,3227,225,3002,65000,62388,62402,657,657,2598
1005,100477991,100478194,100481139,3148,203,2945,65000,62402,62417,657,657,2583
1006,100578042,100578244,100581138,3096,202,2894,65000,62417,62431,656,656,2569
1007,100678094,100678295,100680142,2048,201,1847,65000,62431,62445,656,656,2555
1008,100778146,100778347,100780262,2116,201,1915,65000,62445,62459,656,656,2541
1009,100878215,100878417,100890424,12209,202,12007,65000,62459,62472,655,655,2528
1010,100978266,100978468,100990125,11859,202,11657,65000,62472,62486,655,655,2514
1011,101078317,101078519,101090175,11858,202,11656,65000,62486,62499,655,655,2501
1012,101178370,101178571,101190225,11855,201,11654,65000,62499,62512,654,654,2488
1013,101278443,101278645,101290291,11848,202,11646,65000,62512,62525,654,654,2475
1014,101378498,101378700,101390350,11852,202,11650,65000,62525,62538,654,654,2462
1015,101478570,101478773,101490451,11881,203,11678,65000,62538,62551,653,653,2449
1016,101578623,101578825,101590481,11858,202,11656,65000,62551,62564,653,653,2436
1017,101678694,101678896,101690546,11852,202,11650,65000,62564,62576,653,653,2424
1018,101778749,101778951,101790611,11862,202,11660,65000,62576,62589,652,652,2411
1019,101878805,101879007,101890665,11860,202,11658,65000,62589,62601,652,652,2399
1020,101978879,101979080,101990763,11884,201,11683,65000,62601,62613,652,652,2387
1021,102078931,102079132,102090790,11859,201,11658,65000,62613,62625,651,651,2375
1022,102179003,102179204,102190923,11920,201,11719,65000,62625,62636,651,651,2364
1023,102279054,102279278,102290955,11901,224,11677,65000,62636,62648,651,651,2352
1024,102379129,102379358,102391030,11901,229,11672,65000,62648,62660,650,650,2340
1025,102479181,102479427,102491089,11908,246,11662,65000,62660,62671,650,650,2329
1026,102579269,102579471,102591132,11863,202,11661,65000,62671,62682,650,650,2318
1027,102679336,102679539,102691143,11807,203,11604,65000,62682,62694,650,650,2306
1028,102779388,102779590,102791133,11745,202,11543,65000,62694,62705,649,649,2295
1029,102879439,102879641,102891149,11710,202,11508,65000,62705,62715,649,649,2285
1030,102979491,102979692,102991145,11654,201,11453,65000,62715,62726,649,649,2274
1031,103079543,103079743,103091154,11611,200,11411,65000,62726,62737,648,648,2263
1032,103179595,103179796,103191132,11537,201,11336,65000,62737,62747,648,648,2253
1033,103279646,103279848,103291131,11485,202,11283,65000,62747,62758,648,648,2242
1034,103379698,103379899,103391126,11428,201,11227,65000,62758,62768,647,647,2232
1035,103479750,103479952,103491136,11386,202,11184,65000,62768,62778,647,647,2222
1036,103579801,103580003,103591136,11335,202,11133,65000,62778,62788,647,647,2212
1037,103679853,103680056,103691132,11279,203,11076,65000,62788,62798,647,647,2202
1038,103779905,103780107,103791128,11223,202,11021,65000,62798,62808,646,646,2192
1039,103879957,103880159,103891130,11173,202,10971,65000,62808,62817,646,646,2183
1040,103980009,103980212,103991129,11120,203,10917,65000,62817,62827,646,646,2173
1041,104080060,104080261,104091132,11072,201,10871,65000,62827,62837,646,646,2163
1042,104180113,104180314,104191127,11014,201,10813,65000,62837,62846,645,645,2154
1043,104280164,104280365,104291133,10969,201,10768,65000,62846,62855,645,645,2145
1044,104380217,104380418,104391132,10915,201,10714,65000,62855,62864,645,645,2136
1045,104480271,104480472,104491124,10853,201,10652,65000,62864,62873,645,645,2127
1046,104580324,104580526,104591134,10810,202,10608,65000,62873,62882,644,644,2118
1047,104680377,104680580,104691130,10753,203,10550,65000,62882,62891,644,644,2109
1048,104780431,104780632,104791126,10695,201,10494,65000,62891,62900,644,644,2100
1049,104880484,104880685,104891147,10663,201,10462,65000,62900,62908,644,644,2092
1050,104980555,104980757,104991154,10599,202,10397,65000,62908,62917,644,644,2083
1051,105080609,105080811,105091150,10541,202,10339,65000,62917,62925,643,643,2075
1052,105180663,105180866,105191133,10470,203,10267,65000,62925,62934,643,643,2066
1053,105280716,105280917,105291130,10414,201,10213,65000,62934,62942,643,643,2058
1054,105380770,105380971,105391127,10357,201,10156,65000,62942,62950,643,643,2050
1055,105480823,105481025,105491135,10312,202,10110,65000,62950,62958,642,642,2042
1056,105580876,105581077,105591133,10257,201,10056,65000,62958,62966,642,642,2034
1057,105680929,105681132,105691130,10201,203,9998,65000,62966,62974,642,642,2026
1058,105780983,105781185,105791126,10143,202,9941,65000,62974,62982,642,642,2018
1059,105881036,105881237,105891132,10096,201,9895,65000,62982,62990,641,641,2010
1060,105981089,105981323,105991130,10041,234,9807,65000,62990,62997,641,641,2003
1061,106081143,106081382,106091129,9986,239,9747,65000,62997,63005,641,641,1995
1062,106181215,106181441,106191137,9922,226,9696,65000,63005,63012,641,641,1988
1063,106281284,106281485,106291132,9848,201,9647,65000,63012,63020,641,641,1980
1064,106381335,106381537,106391132,9797,202,9595,65000,63020,63027,640,640,1973
1065,106481389,106481590,106491127,9738,201,9537,65000,63027,63034,640,640,1966
1066,106581440,106581641,106591139,9699,201,9498,65000,63034,63041,640,640,1959
1067,106681493,106681694,106691139,9646,201,9445,65000,63041,63048,640,640,1952
1068,106781546,106781747,106791134,9588,201,9387,65000,63048,63055,640,640,1945
1069,106881599,106881798,106891129,9530,199,9331,65000,63055,63062,640,640,1938
1070,106981650,106981851,106991126,9476,201,9275,65000,63062,63068,639,639,1932
1071,107081703,107081904,107091151,9448,201,9247,65000,63068,63075,639,639,1925
1072,107181776,107181977,107191137,9361,201,9160,65000,63075,63082,639,639,1918
1073,107281829,107282030,107291133,9304,201,9103,65000,63082,63088,639,639,1912
1074,107381881,107382083,107391130,9249,202,9047,65000,63088,63095,639,639,1905
1075,107481933,107482134,107491132,9199,201,8998,65000,63095,63101,638,638,1899
1076,107581987,107582188,107591126,9139,201,8938,65000,63101,63107,638,638,1893
1077,107682039,107682240,107691140,9101,201,8900,65000,63107,63114,638,638,1886
1078,107782092,107782293,107791125,9033,201,8832,65000,63114,63120,638,638,1880
1079,107882145,107882346,107891135,8990,201,8789,65000,63120,63126,638,638,1874
1080,107982198,107982399,107991132,8934,201,8733,65000,63126,63132,638,638,1868
1081,108082251,108082453,108091131,8880,202,8678,65000,63132,63138,638,638,1862
1082,108182304,108182505,108191128,8824,201,8623,65000,63138,63144,637,637,1856
1083,108282357,108282558,108291133,8776,201,8575,65000,63144,63150,637,637,1850
1084,108382409,108382610,108391133,8724,201,8523,65000,63150,63156,637,637,1844
1085,108482462,108482663,108491126,8664,201,8463,65000,63156,63161,637,637,1839
1086,108582514,108582716,108591136,8622,202,8420,65000,63161,63167,637,637,1833
1087,108682568,108682769,108691131,8563,201,8362,65000,63167,63173,637,637,1827
1088,108782621,108782822,108791128,8507,201,8306,65000,63173,63178,636,636,1822
1089,108882673,108882874,108891125,8452,201,8251,65000,63178,63183,636,636,1817
1090,108982726,108982927,108991134,8408,201,8207,65000,63183,63189,636,636,1811
1091,109082779,109087862,109091129,8350,5083,3267,65000,63189,63194,636,636,1806
1092,109182831,109183034,109191128,8297,203,8094,65000,63194,63199,636,636,1801
1093,109282884,109283085,109291135,8251,201,8050,65000,63199,63205,636,636,1795
1094,109382937,109383138,109391132,8195,201,7994,65000,63205,63210,635,635,1790
1095,109482990,109483192,109491130,8140,202,7938,65000,63210,63215,635,635,1785
1096,109583043,109583244,109591127,8084,201,7883,65000,63215,63220,635,635,1780
1097,109683096,109683297,109691147,8051,201,7850,65000,63220,63225,635,635,1775
1098,109783167,109783368,109791149,7982,201,7781,65000,63225,63229,635,635,1771
1099,109883220,109883421,109891142,7922,201,7721,65000,63229,63234,635,635,1766
1100,109983272,109983474,109992967,9695,202,9493,65000,63234,63239,635,635,1761
1101,110083331,110083534,110091093,7762,203,7559,65000,63239,63244,635,635,1756
1102,110183383,110183584,110191128,7745,201,7544,65000,63244,63249,635,635,1751
1103,110283457,110283658,110291135,7678,201,7477,65000,63249,63253,634,634,1747
1104,110383509,110383711,110391131,7622,202,7420,65000,63253,63258,634,634,1742
1105,110483561,110483763,110491132,7571,202,7369,65000,63258,63262,634,634,1738
1106,110583613,110583814,110591127,7514,201,7313,65000,63262,63267,634,634,1733
1107,110683666,110683867,110691134,7468,201,7267,65000,63267,63271,634,634,1729
1108,110783744,110783945,110791130,7386,201,7185,65000,63271,63276,634,634,1724
1109,110883796,110883997,110891128,7332,201,7131,65000,63276,63280,634,634,1720
1110,110983849,110984049,110991132,7283,200,7083,65000,63280,63285,634,634,1715
1111,111083902,111084103,111091131,7229,201,7028,65000,63285,63289,633,633,1711
1112,111183954,111184155,111191129,7175,201,6974,65000,63289,63293,633,633,1707
1113,111284007,111284208,111291125,7118,201,6917,65000,63293,63297,633,633,1703
1114,111384059,111384262,111391135,7076,203,6873,65000,63297,63301,633,633,1699
1115,111484112,111484314,111491133,7021,202,6819,65000,63301,63305,633,633,1695
1116,111584165,111584366,111591127,6962,201,6761,65000,63305,63309,633,633,1691
1117,111684217,111684418,111691133,6916,201,6715,65000,63309,63313,633,633,1687
1118,111784271,111784472,111791131,6860,201,6659,65000,63313,63317,633,633,1683
1119,111884325,111884527,111891130,6805,202,6603,65000,63317,63321,633,633,1679
1120,111984378,111984578,111991126,6748,200,6548,65000,63321,63325,632,632,1675
1121,112084430,112084631,112091133,6703,201,6502,65000,63325,63328,632,632,1672
1122,112184485,112184687,112191130,6645,202,6443,65000,63328,63332,632,632,1668
1123,112284536,112284738,112291128,6592,202,6390,65000,63332,63335,632,632,1665
1124,112384589,112384790,112391144,6555,201,6354,65000,63335,63339,632,632,1661
1125,112484643,112484846,112491147,6504,203,6301,65000,63339,63343,632,632,1657
1126,112584696,112584899,112591143,6447,203,6244,65000,63343,63346,632,632,1654
1127,112684749,112684951,112691134,6385,202,6183,65000,63346,63350,632,632,1650
1128,112784803,112785005,112791132,6329,202,6127,65000,63350,63353,632,632,1647
1129,112884856,112885057,112891132,6276,201,6075,65000,63353,63357,632,632,1643
1130,112984908,112985110,112991133,6225,202,6023,65000,63357,63360,631,631,1640
1131,113084962,113085162,113091136,6174,200,5974,65000,63360,63363,631,631,1637
1132,113185014,113185215,113191127,6113,201,5912,65000,63363,63367,631,631,1633
1133,113285066,113285268,113291124,6058,202,5856,65000,63367,63370,631,631,1630
1134,113385117,113385318,113391137,6020,201,5819,65000,63370,63373,631,631,1627
1135,113485171,113485374,113491132,5961,203,5758,65000,63373,63376,631,631,1624
1136,113585224,113585426,113591132,5908,202,5706,65000,63376,63379,631,631,1621
1137,113685278,113685478,113691127,5849,200,5649,65000,63379,63383,631,631,1617
1138,113785330,113785532,113791136,5806,202,5604,65000,63383,63386,631,631,1614
1139,113885384,113885585,113891129,5745,201,5544,65000,63386,63389,631,631,1611
1140,113985435,113985636,113991126,5691,201,5490,65000,63389,63392,631,631,1608
1141,114085489,114085689,114091135,5646,200,5446,65000,63392,63395,631,631,1605
1142,114185542,114185744,114191134,5592,202,5390,65000,63395,63398,631,631,1602
1143,114285595,114285796,114291130,5535,201,5334,65000,63398,63401,630,630,1599
1144,114385646,114385848,114391127,5481,202,5279,65000,63401,63404,630,630,1596
1145,114485699,114485900,114491134,5435,201,5234,65000,63404,63407,630,630,1593
1146,114585752,114585953,114591131,5379,201,5178,65000,63407,63409,630,630,1591
1147,114685805,114686005,114691126,5321,200,5121,65000,63409,63412,630,630,1588
1148,114785858,114786060,114791133,5275,202,5073,65000,63412,63415,630,630,1585
1149,114885911,114886111,114891132,5221,200,5021,65000,63415,63418,630,630,1582
1150,114985964,114986166,114991129,5165,202,4963,65000,63418,63420,630,630,1580
1151,115086017,115086218,115091125,5108,201,4907,65000,63420,63423,630,630,1577
1152,115186069,115186272,115191151,5082,203,4879,65000,63423,63426,630,630,1574
1153,115286143,115286343,115291150,5007,200,4807,65000,63426,63429,630,630,1571
1154,115386196,115386397,115391144,4948,201,4747,65000,63429,63431,630,630,1569
1155,115486248,115486449,115491129,4881,201,4680,65000,63431,63434,630,630,1566
1156,115586300,115586502,115591132,4832,202,4630,65000,63434,63436,629,629,1564
1157,115686354,115686555,115691120,4766,201,4565,65000,63436,63439,629,629,1561
1158,115786407,115786609,115791136,4729,202,4527,65000,63439,63441,629,629,1559
1159,115886459,115886661,115891134,4675,202,4473,65000,63441,63443,629,629,1557
1160,115986512,115986714,115991127,4615,202,4413,65000,63443,63446,629,629,1554
1161,116086565,116086766,116091135,4570,201,4369,65000,63446,63448,629,629,1552
1162,116186618,116186819,116191135,4517,201,4316,65000,63448,63450,629,629,1550
1163,116286670,116286872,116291132,4462,202,4260,65000,63450,63453,629,629,1547
1164,116386722,116386924,116391129,4407,202,4205,65000,63453,63455,629,629,1545
1165,116486774,116486976,116491125,4351,202,4149,65000,63455,63457,629,629,1543
1166,116586827,116587029,116591132,4305,202,4103,65000,63457,63460,629,629,1540
1167,116686881,116687083,116691134,4253,202,4051,65000,63460,63462,629,629,1538
1168,116786934,116787136,116791131,4197,202,3995,65000,63462,63464,629,629,1536
1169,116886987,116887189,116891133,4146,202,3944,65000,63464,63466,629,629,1534
1170,116987039,116987241,116991132,4093,202,3891,65000,63466,63469,629,629,1531
1171,117087092,117087293,117091128,4036,201,3835,65000,63469,63471,628,628,1529
1172,117187144,117187346,117191137,3993,202,3791,65000,63471,63473,628,628,1527
1173,117287198,117287399,117291134,3936,201,3735,65000,63473,63475,628,628,1525
1174,117387251,117387452,117391138,3887,201,3686,65000,63475,63476,628,628,1524
1175,117487303,117487505,117491124,3821,202,3619,65000,63476,63478,628,628,1522
1176,117587356,117587558,117591136,3780,202,3578,65000,63478,63480,628,628,1520
1177,117687409,117687611,117691127,3718,202,3516,65000,63480,63482,628,628,1518
1178,117787462,117787663,117791132,3670,201,3469,65000,63482,63484,628,628,1516
1179,117887516,117887716,117891144,3628,200,3428,65000,63484,63486,628,628,1514
1180,117987569,117987771,117991155,3586,202,3384,65000,63486,63488,628,628,1512
1181,118087623,118087824,118091150,3527,201,3326,65000,63488,63490,628,628,1510
1182,118187675,118187876,118191137,3462,201,3261,65000,63490,63492,628,628,1508
1183,118287728,118287929,118291133,3405,201,3204,65000,63492,63494,628,628,1506
1184,118387781,118388012,118391130,3349,231,3118,65000,63494,63495,628,628,1505
1185,118487833,118488065,118491133,3300,232,3068,65000,63495,63497,628,628,1503
1186,118587886,118588114,118591135,3249,228,3021,65000,63497,63499,628,628,1501
1187,118687940,118688161,118691131,3191,221,2970,65000,63499,63501,628,628,1499
1188,118787993,118788195,118791133,3140,202,2938,65000,63501,63503,628,628,1497
1189,118888045,118888247,118891139,3094,202,2892,65000,63503,63505,628,628,1495
1190,118988096,118988298,118990146,2050,202,1848,65000,63505,63507,628,628,1493
1191,119088148,119088350,119100328,12180,202,11978,65000,63507,63508,628,628,1492
1192,119188199,119188401,119200440,12241,202,12039,65000,63508,63510,628,628,1490
1193,119288251,119288453,119300490,12239,202,12037,65000,63510,63512,627,627,1488
1194,119388303,119388505,119400128,11825,202,11623,65000,63512,63513,627,627,1487
1195,119488355,119488557,119500219,11864,202,11662,65000,63513,63515,627,627,1485
1196,119588407,119588608,119600264,11857,201,11656,65000,63515,63516,627,627,1484
1197,119688462,119688664,119700323,11861,202,11659,65000,63516,63518,627,627,1482
1198,119788536,119788738,119800389,11853,202,11651,65000,63518,63519,627,627,1481
1199,119888590,119888792,119900443,11853,202,11651,65000,63519,63521,627,627,1479
1200,119988665,119988867,120002962,14297,202,14095,65000,63521,63522,627,627,1478
1201,120088723,120088925,120100539,11816,202,11614,50000,63522,63428,285,285,-13428
1202,120188774,120188976,120200635,11861,202,11659,50000,63428,63329,269,269,-13329
1203,120288826,120289027,120300704,11878,201,11677,50000,63329,63231,269,269,-13231
1204,120388878,120389080,120400744,11866,202,11664,50000,63231,63134,270,270,-13134
1205,120488952,120489154,120500809,11857,202,11655,50000,63134,63037,271,271,-13037
1206,120589007,120589209,120600886,11879,202,11677,50000,63037,62941,272,272,-12941
1207,120689062,120689289,120700984,11922,227,11695,50000,62941,62846,273,273,-12846
1208,120789115,120789341,120801018,11903,226,11677,50000,62846,62751,273,273,-12751
1209,120889189,120889410,120901081,11892,221,11671,50000,62751,62657,274,274,-12657
1210,120989260,120989463,121001124,11864,203,11661,50000,62657,62563,275,275,-12563
1211,121089314,121089515,121101145,11831,201,11630,50000,62563,62470,276,276,-12470
1212,121189366,121189568,121201106,11740,202,11538,50000,62470,62378,277,277,-12378
1213,121289418,121289619,121301148,11730,201,11529,50000,62378,62286,278,278,-12286
1214,121389487,121389689,121401150,11663,202,11461,50000,62286,62195,279,279,-12195
1215,121489538,121489741,121501126,11588,203,11385,50000,62195,62105,280,280,-12105
1216,121589591,121589792,121601136,11545,201,11344,50000,62105,62015,281,281,-12015
1217,121689642,121689844,121701132,11490,202,11288,50000,62015,61926,282,282,-11926
1218,121789694,121789896,121801131,11437,202,11235,50000,61926,61837,282,282,-11837
1219,121889746,121889947,121901126,11380,201,11179,50000,61837,61749,283,283,-11749
1220,121989797,121989998,122001137,11340,201,11139,50000,61749,61662,284,284,-11662
1221,122089849,122090051,122101133,11284,202,11082,50000,61662,61575,285,285,-11575
1222,122189900,122190103,122201128,11228,203,11025,50000,61575,61489,286,286,-11489
1223,122289953,122290154,122301138,11185,201,10984,50000,61489,61403,287,287,-11403
1224,122390004,122390206,122401136,11132,202,10930,50000,61403,61318,288,288,-11318
1225,122490056,122495164,122501134,11078,5108,5970,50000,61318,61233,288,288,-11233
1226,122590107,122590310,122601133,11026,203,10823,50000,61233,61149,289,289,-11149
1227,122690159,122690361,122701128,10969,202,10767,50000,61149,61066,290,290,-11066
1228,122790213,122790415,122801127,10914,202,10712,50000,61066,60983,291,291,-10983
1229,122890266,122890467,122901140,10874,201,10673,50000,60983,60901,292,292,-10901
1230,122990319,122990521,123001138,10819,202,10617,50000,60901,60819,292,292,-10819
1231,123090373,123090574,123101134,10761,201,10560,50000,60819,60738,293,293,-10738
1232,123190426,123190627,123201130,10704,201,10503,50000,60738,60657,294,294,-10657
1233,123290497,123290700,123301125,10628,203,10425,50000,60657,60577,295,295,-10577
1234,123390550,123390752,123401145,10595,202,10393,50000,60577,60498,296,296,-10498
1235,123490621,123490824,123501130,10509,203,10306,50000,60498,60419,296,296,-10419
1236,123590674,123590876,123601129,10455,202,10253,50000,60419,60340,297,297,-10340
1237,123690727,123690930,123701133,10406,203,10203,50000,60340,60262,298,298,-10262
1238,123790780,123790981,123801132,10352,201,10151,50000,60262,60185,299,299,-10185
1239,123890834,123891035,123901127,10293,201,10092,50000,60185,60108,299,299,-10108
1240,123990888,123991091,124001132,10244,203,10041,50000,60108,60032,300,300,-10032
1241,124090941,124091154,124101132,10191,213,9978,50000,60032,59956,301,301,-9956
1242,124190995,124191197,124201128,10133,202,9931,50000,59956,59881,302,302,-9881
1243,124291048,124291279,124301129,10081,231,9850,50000,59881,59806,302,302,-9806
1244,124391103,124391336,124401133,10030,233,9797,50000,59806,59731,303,303,-9731
1245,124491155,124491392,124501132,9977,237,9740,50000,59731,59657,304,304,-9657
1246,124591209,124591434,124601126,9917,225,9692,50000,59657,59584,305,305,-9584
1247,124691277,124691480,124701136,9859,203,9656,50000,59584,59511,305,305,-9511
1248,124791336,124791539,124801132,9796,203,9593,50000,59511,59439,306,306,-9439
1249,124891388,124891589,124901129,9741,201,9540,50000,59439,59367,307,307,-9367
1250,124991440,124991640,125001127,9687,200,9487,50000,59367,59296,307,307,-9296
1251,125091493,125091695,125101136,9643,202,9441,50000,59296,59225,308,308,-9225
1252,125191546,125191748,125201134,9588,202,9386,50000,59225,59154,309,309,-9154
1253,125291598,125291800,125301124,9526,202,9324,50000,59154,59084,310,310,-9084
1254,125391651,125391852,125401144,9493,201,9292,50000,59084,59015,310,310,-9015
1255,125491723,125491924,125501147,9424,201,9223,50000,59015,58946,311,311,-8946
1256,125591777,125591978,125601146,9369,201,9168,50000,58946,58877,312,312,-8877
1257,125691830,125692031,125701134,9304,201,9103,50000,58877,58809,312,312,-8809
1258,125791882,125792083,125801133,9251,201,9050,50000,58809,58742,313,313,-8742
1259,125891934,125892137,125901127,9193,203,8990,50000,58742,58674,313,313,-8674
1260,125991987,125992190,126001138,9151,203,8948,50000,58674,58608,314,314,-8608
1261,126092041,126092243,126101137,9096,202,8894,50000,58608,58541,315,315,-8541
1262,126192094,126192296,126201128,9034,202,8832,50000,58541,58476,316,316,-8476
1263,126292147,126292348,126301130,8983,201,8782,50000,58476,58410,316,316,-8410
1264,126392200,126392402,126401126,8926,202,8724,50000,58410,58345,317,317,-8345
1265,126492253,126492455,126501132,8879,202,8677,50000,58345,58281,317,317,-8281
1266,126592307,126592508,126601131,8824,201,8623,50000,58281,58217,318,318,-8217
1267,126692359,126692560,126701127,8768,201,8567,50000,58217,58153,319,319,-8153
1268,126792412,126792614,126801137,8725,202,8523,50000,58153,58090,319,319,-8090
1269,126892465,126892668,126901125,8660,203,8457,50000,58090,58027,320,320,-8027
1270,126992518,126992718,127001131,8613,200,8413,50000,58027,57965,321,321,-7965
1271,127092571,127092773,127101135,8564,202,8362,50000,57965,57903,321,321,-7903
1272,127192624,127192826,127201132,8508,202,8306,50000,57903,57841,322,322,-7841
1273,127292677,127292878,127301132,8455,201,8254,50000,57841,57780,322,322,-7780
1274,127392729,127392931,127401124,8395,202,8193,50000,57780,57720,323,323,-7720
1275,127492782,127492983,127501134,8352,201,8151,50000,57720,57659,323,323,-7659
1276,127592836,127593037,127601133,8297,201,8096,50000,57659,57599,324,324,-7599
1277,127692888,127693090,127701125,8237,202,8035,50000,57599,57540,325,325,-7540
1278,127792941,127793142,127801135,8194,201,7993,50000,57540,57481,325,325,-7481
1279,127892995,127893195,127901130,8135,200,7935,50000,57481,57422,326,326,-7422
1280,127993047,127993250,128001128,8081,203,7878,50000,57422,57364,327,327,-7364
1281,128093100,128093300,128101124,8024,200,7824,50000,57364,57306,327,327,-7306
1282,128193153,128193354,128201150,7997,201,7796,50000,57306,57249,328,328,-7249
1283,128293227,128293428,128301147,7920,201,7719,50000,57249,57191,328,328,-7191
1284,128393280,128393482,128401141,7861,202,7659,50000,57191,57135,329,329,-7135
1285,128493333,128493535,128501133,7800,202,7598,50000,57135,57078,329,329,-7078
1286,128593386,128593587,128601129,7743,201,7542,50000,57078,57022,330,330,-7022
1287,128693439,128693641,128701125,7686,202,7484,50000,57022,56967,330,330,-6967
1288,128793492,128793692,128801136,7644,200,7444,50000,56967,56912,331,331,-6912
1289,128893545,128893747,128901133,7588,202,7386,50000,56912,56857,331,331,-6857
1290,128993598,128993799,129001132,7534,201,7333,50000,56857,56802,332,332,-6802
1291,129093651,129093853,129101122,7471,202,7269,50000,56802,56748,333,333,-6748
1292,129193703,129193905,129201136,7433,202,7231,50000,56748,56694,333,333,-6694
1293,129293757,129293959,129301134,7377,202,7175,50000,56694,56641,334,334,-6641
1294,129393810,129394011,129401131,7321,201,7120,50000,56641,56588,334,334,-6588
1295,129493863,129494064,129501127,7264,201,7063,50000,56588,56536,335,335,-6536
1296,129593916,129594118,129601132,7216,202,7014,50000,56536,56483,335,335,-6483
1297,129693969,129694171,129701132,7163,202,6961,50000,56483,56431,336,336,-6431
1298,129794022,129794224,129801127,7105,202,6903,50000,56431,56380,336,336,-6380
1299,129894075,129894277,129901135,7060,202,6858,50000,56380,56328,336,336,-6328
1300,129994128,129994330,130002967,8839,202,8637,50000,56328,56277,337,337,-6277
1301,130094186,130094388,130101092,6906,202,6704,50000,56277,56227,338,338,-6227
1302,130194238,130194440,130201134,6896,202,6694,50000,56227,56177,338,338,-6177
1303,130294294,130294496,130301134,6840,202,6638,50000,56177,56127,339,339,-6127
1304,130394348,130394548,130401129,6781,200,6581,50000,56127,56077,339,339,-6077
1305,130494400,130494603,130501125,6725,203,6522,50000,56077,56028,340,340,-6028
1306,130594453,130594654,130601133,6680,201,6479,50000,56028,55979,340,340,-5979
1307,130694506,130694708,130701132,6626,202,6424,50000,55979,55931,341,341,-5931
1308,130794558,130794760,130801128,6570,202,6368,50000,55931,55883,341,341,-5883
1309,130894611,130894813,130901145,6534,202,6332,50000,55883,55834,341,341,-5834
1310,130994682,130994883,131001152,6470,201,6269,50000,55834,55787,342,342,-5787
1311,131094735,131094938,131101146,6411,203,6208,50000,55787,55739,342,342,-5739
1312,131194788,131194990,131201135,6347,202,6145,50000,55739,55693,343,343,-5693
1313,131294841,131295045,131301132,6291,204,6087,50000,55693,55646,343,343,-5646
1314,131394893,131395094,131401129,6236,201,6035,50000,55646,55600,344,344,-5600
1315,131494945,131495147,131501138,6193,202,5991,50000,55600,55554,344,344,-5554
1316,131594999,131595200,131601133,6134,201,5933,50000,55554,55508,345,345,-5508
1317,131695052,131695253,131701131,6079,201,5878,50000,55508,55462,345,345,-5462
1318,131795104,131795304,131801126,6022,200,5822,50000,55462,55417,346,346,-5417
1319,131895157,131895359,131901139,5982,202,5780,50000,55417,55373,346,346,-5373
1320,131995211,131995413,132001138,5927,202,5725,50000,55373,55328,346,346,-5328
1321,132095265,132095467,132101132,5867,202,5665,50000,55328,55284,347,347,-5284
1322,132195317,132195520,132201129,5812,203,5609,50000,55284,55240,347,347,-5240
1323,132295370,132295571,132301135,5765,201,5564,50000,55240,55196,348,348,-5196
1324,132395424,132395624,132401133,5709,200,5509,50000,55196,55153,348,348,-5153
1325,132495477,132495678,132501131,5654,201,5453,50000,55153,55110,349,349,-5110
1326,132595529,132595731,132601126,5597,202,5395,50000,55110,55067,349,349,-5067
1327,132695582,132695783,132701132,5550,201,5349,50000,55067,55025,349,349,-5025
1328,132795635,132795836,132801132,5497,201,5296,50000,55025,54983,350,350,-4983
1329,132895688,132895890,132901125,5437,202,5235,50000,54983,54941,350,350,-4941
1330,132995741,132995942,133001134,5393,201,5192,50000,54941,54899,351,351,-4899
1331,133095794,133095996,133101133,5339,202,5137,50000,54899,54858,351,351,-4858
1332,133195846,133196049,133201129,5283,203,5080,50000,54858,54817,351,351,-4817
1333,133295900,133296101,133301134,5234,201,5033,50000,54817,54776,352,352,-4776
1334,133395953,133396155,133401135,5182,202,4980,50000,54776,54736,352,352,-4736
1335,133496006,133496207,133501128,5122,201,4921,50000,54736,54696,353,353,-4696
1336,133596058,133596259,133601129,5071,201,4870,50000,54696,54656,353,353,-4656
1337,133696110,133696313,133701152,5042,203,4839,50000,54656,54616,353,353,-4616
1338,133796183,133796383,133801148,4965,200,4765,50000,54616,54577,354,354,-4577
1339,133896236,133896438,133901144,4908,202,4706,50000,54577,54537,354,354,-4537
1340,133996288,133996489,134001132,4844,201,4643,50000,54537,54499,355,355,-4499
1341,134096341,134096543,134101129,4788,202,4586,50000,54499,54460,355,355,-4460
1342,134196393,134196594,134201127,4734,201,4533,50000,54460,54422,355,355,-4422
1343,134296445,134296646,134301134,4689,201,4488,50000,54422,54384,356,356,-4384
1344,134396499,134396700,134401130,4631,201,4430,50000,54384,54346,356,356,-4346
1345,134496551,134496753,134501128,4577,202,4375,50000,54346,54308,356,356,-4308
1346,134596621,134596822,134601135,4514,201,4313,50000,54308,54271,357,357,-4271
1347,134696675,134696875,134701135,4460,200,4260,50000,54271,54234,357,357,-4234
1348,134796727,134796929,134801131,4404,202,4202,50000,54234,54197,358,358,-4197
1349,134896780,134896981,134901126,4346,201,4145,50000,54197,54160,358,358,-4160
1350,134996833,134997034,135001139,4306,201,4105,50000,54160,54124,358,358,-4124
1351,135096887,135097089,135101130,4243,202,4041,50000,54124,54088,359,359,-4088
1352,135196939,135197141,135201134,4195,202,3993,50000,54088,54052,359,359,-4052
1353,135296992,135297194,135301130,4138,202,3936,50000,54052,54016,359,359,-4016
1354,135397045,135397247,135401125,4080,202,3878,50000,54016,53981,360,360,-3981
1355,135497098,135497300,135501134,4036,202,3834,50000,53981,53946,360,360,-3946
1356,135597151,135597353,135601133,3982,202,3780,50000,53946,53911,360,360,-3911
1357,135697204,135697406,135701122,3918,202,3716,50000,53911,53877,361,361,-3877
1358,135797256,135797459,135801139,3883,203,3680,50000,53877,53842,361,361,-3842
1359,135897327,135902493,135911113,13786,5166,8620,50000,53842,53808,361,361,-3808
1360,135997379,135997582,136001088,3709,203,3506,50000,53808,53774,362,362,-3774
1361,136097433,136097635,136101136,3703,202,3501,50000,53774,53740,362,362,-3740
1362,136197487,136197688,136201130,3643,201,3442,50000,53740,53707,362,362,-3707
1363,136297539,136297740,136301130,3591,201,3390,50000,53707,53673,363,363,-3673
1364,136397592,136397794,136401147,3555,202,3353,50000,53673,53640,363,363,-3640
1365,136497662,136497862,136501153,3491,200,3291,50000,53640,53607,363,363,-3607
1366,136597714,136597916,136601151,3437,202,3235,50000,53607,53575,364,364,-3575
1367,136697767,136697994,136701133,3366,227,3139,50000,53575,53543,364,364,-3543
1368,136797820,136798049,136801130,3310,229,3081,50000,53543,53510,364,364,-3510
1369,136897873,136898102,136901131,3258,229,3029,50000,53510,53478,365,365,-3478
1370,136997926,136998151,137001136,3210,225,2985,50000,53478,53447,365,365,-3447
1371,137097993,137098194,137101136,3143,201,2942,50000,53447,53415,365,365,-3415
1372,137198043,137198243,137201128,3085,200,2885,50000,53415,53384,366,366,-3384
1373,137298095,137298297,137300139,2044,202,1842,50000,53384,53353,366,366,-3353
1374,137398146,137398348,137400260,2114,202,1912,50000,53353,53322,366,366,-3322
1375,137498216,137498418,137510420,12204,202,12002,50000,53322,53291,366,366,-3291
1376,137598267,137598469,137610125,11858,202,11656,50000,53291,53261,367,367,-3261
1377,137698319,137698521,137710203,11884,202,11682,50000,53261,53230,367,367,-3230
1378,137798371,137798574,137810232,11861,203,11658,50000,53230,53200,367,367,-3200
1379,137898444,137898645,137910296,11852,201,11651,50000,53200,53171,368,368,-3171
1380,137998499,137998702,138010350,11851,203,11648,50000,53171,53141,368,368,-3141
1381,138098573,138098776,138110460,11887,203,11684,50000,53141,53111,368,368,-3111
1382,138198625,138198827,138210489,11864,202,11662,50000,53111,53082,369,369,-3082
1383,138298697,138298899,138310551,11854,202,11652,50000,53082,53053,369,369,-3053
1384,138398754,138398955,138410610,11856,201,11655,50000,53053,53024,369,369,-3024
1385,138498828,138499029,138510674,11846,201,11645,50000,53024,52996,369,369,-2996
1386,138598884,138599087,138610783,11899,203,11696,50000,52996,52967,369,369,-2967
1387,138698937,138699138,138710808,11871,201,11670,50000,52967,52939,370,370,-2939
1388,138799007,138799210,138810915,11908,203,11705,50000,52939,52910,370,370,-2910
1389,138899061,138899289,138910950,11889,228,11661,50000,52910,52883,371,371,-2883
1390,138999134,138999362,139011016,11882,228,11654,50000,52883,52855,371,371,-2855
1391,139099189,139099411,139111067,11878,222,11656,50000,52855,52828,371,371,-2828
1392,139199273,139199474,139211135,11862,201,11661,50000,52828,52800,371,371,-2800
1393,139299326,139299527,139311144,11818,201,11617,50000,52800,52773,372,372,-2773
1394,139399379,139399580,139411132,11753,201,11552,50000,52773,52746,372,372,-2746
1395,139499430,139499630,139511150,11720,200,11520,50000,52746,52719,372,372,-2719
1396,139599498,139599699,139611130,11632,201,11431,50000,52719,52693,372,372,-2693
1397,139699550,139699751,139711123,11573,201,11372,50000,52693,52666,372,372,-2666
1398,139799621,139799822,139811135,11514,201,11313,50000,52666,52640,373,373,-2640
1399,139899674,139899875,139911130,11456,201,11255,50000,52640,52614,373,373,-2614
1400,139999726,139999927,140012961,13235,201,13034,50000,52614,52588,373,373,-2588
1401,140099782,140099985,140111097,11315,203,11112,50000,52588,52562,374,374,-2562
1402,140199833,140200036,140211133,11300,203,11097,50000,52562,52536,374,374,-2536
1403,140299888,140300088,140311130,11242,200,11042,50000,52536,52511,374,374,-2511
1404,140399940,140400141,140411124,11184,201,10983,50000,52511,52486,374,374,-2486
1405,140499992,140500193,140511132,11140,201,10939,50000,52486,52461,375,375,-2461
1406,140600043,140600245,140611131,11088,202,10886,50000,52461,52436,375,375,-2436
1407,140700095,140700296,140711126,11031,201,10830,50000,52436,52411,375,375,-2411
1408,140800146,140800348,140811136,10990,202,10788,50000,52411,52387,375,375,-2387
1409,140900199,140900399,140911133,10934,200,10734,50000,52387,52362,375,375,-2362
1410,141000252,141000454,141011128,10876,202,10674,50000,52362,52338,376,376,-2338
1411,141100306,141100508,141111127,10821,202,10619,50000,52338,52314,376,376,-2314
1412,141200360,141200560,141211146,10786,200,10586,50000,52314,52290,376,376,-2290
1413,141300429,141300631,141311146,10717,202,10515,50000,52290,52266,377,377,-2266
1414,141400483,141400686,141411139,10656,203,10453,50000,52266,52243,377,377,-2243
1415,141500536,141500737,141511131,10595,201,10394,50000,52243,52219,377,377,-2219
1416,141600589,141600790,141611128,10539,201,10338,50000,52219,52196,377,377,-2196
1417,141700642,141700842,141711126,10484,200,10284,50000,52196,52173,377,377,-2173
1418,141800695,141800897,141811136,10441,202,10239,50000,52173,52150,378,378,-2150
1419,141900749,141900949,141911134,10385,200,10185,50000,52150,52127,378,378,-2127
1420,142000802,142001005,142011129,10327,203,10124,50000,52127,52104,378,378,-2104
1421,142100855,142101055,142111129,10274,200,10074,50000,52104,52082,378,378,-2082
1422,142200907,142201109,142211133,10226,202,10024,50000,52082,52059,378,378,-2059
1423,142300960,142301161,142311131,10171,201,9970,50000,52059,52037,379,379,-2037
1424,142401014,142401215,142411128,10114,201,9913,50000,52037,52015,379,379,-2015
1425,142501067,142501303,142511136,10069,236,9833,50000,52015,51993,379,379,-1993
1426,142601120,142601354,142611133,10013,234,9779,50000,51993,51971,379,379,-1971
1427,142701174,142701403,142711128,9954,229,9725,50000,51971,51950,380,380,-1950
1428,142801226,142801449,142811127,9901,223,9678,50000,51950,51929,380,380,-1929
1429,142901292,142901494,142911132,9840,202,9638,50000,51929,51907,380,380,-1907
1430,143001345,143001545,143011132,9787,200,9587,50000,51907,51886,380,380,-1886
1431,143101396,143101597,143111126,9730,201,9529,50000,51886,51865,380,380,-1865
1432,143201448,143201648,143211133,9685,200,9485,50000,51865,51844,381,381,-1844
1433,143301501,143301702,143311133,9632,201,9431,50000,51844,51823,381,381,-1823
1434,143401554,143401755,143411129,9575,201,9374,50000,51823,51803,381,381,-1803
1435,143501606,143501808,143511126,9520,202,9318,50000,51803,51782,381,381,-1782
1436,143601659,143601860,143611136,9477,201,9276,50000,51782,51762,382,382,-1762
1437,143701712,143701912,143711131,9419,200,9219,50000,51762,51742,382,382,-1742
1438,143801764,143801964,143811130,9366,200,9166,50000,51742,51722,382,382,-1722
1439,143901818,143902019,143911145,9327,201,9126,50000,51722,51702,382,382,-1702
1440,144001872,144002072,144011149,9277,200,9077,50000,51702,51682,382,382,-1682
1441,144101924,144102125,144111144,9220,201,9019,50000,51682,51662,382,382,-1662
1442,144201977,144202178,144211133,9156,201,8955,50000,51662,51643,383,383,-1643
1443,144302030,144302231,144311128,9098,201,8897,50000,51643,51624,383,383,-1624
1444,144402082,144402283,144411127,9045,201,8844,50000,51624,51604,383,383,-1604
1445,144502134,144502334,144511134,9000,200,8800,50000,51604,51585,383,383,-1585
1446,144602188,144602390,144611134,8946,202,8744,50000,51585,51566,383,383,-1566
1447,144702240,144702442,144711128,8888,202,8686,50000,51566,51547,384,384,-1547
1448,144802292,144802494,144811127,8835,202,8633,50000,51547,51529,384,384,-1529
1449,144902346,144902547,144911139,8793,201,8592,50000,51529,51510,384,384,-1510
1450,145002400,145002601,145011125,8725,201,8524,50000,51510,51492,384,384,-1492
1451,145102451,145102653,145111131,8680,202,8478,50000,51492,51473,384,384,-1473
1452,145202505,145202707,145211128,8623,202,8421,50000,51473,51455,385,385,-1455
1453,145302557,145302758,145311135,8578,201,8377,50000,51455,51437,385,385,-1437
1454,145402611,145402812,145411130,8519,201,8318,50000,51437,51419,385,385,-1419
1455,145502663,145502864,145511126,8463,201,8262,50000,51419,51401,385,385,-1401
1456,145602717,145602917,145611136,8419,200,8219,50000,51401,51383,385,385,-1383
1457,145702769,145702970,145711133,8364,201,8163,50000,51383,51366,385,385,-1366
1458,145802822,145803024,145811130,8308,202,8106,50000,51366,51348,385,385,-1348
1459,145902875,145903076,145911124,8249,201,8048,50000,51348,51331,386,386,-1331
1460,146002948,146003150,146011135,8187,202,7985,50000,51331,51314,386,386,-1314
1461,146103001,146103203,146111133,8132,202,7930,50000,51314,51296,386,386,-1296
1462,146203054,146203256,146211129,8075,202,7873,50000,51296,51279,386,386,-1279
1463,146303106,146303308,146311132,8026,202,7824,50000,51279,51262,386,386,-1262
1464,146403159,146403360,146411133,7974,201,7773,50000,51262,51245,387,387,-1245
1465,146503212,146503413,146511128,7916,201,7715,50000,51245,51229,387,387,-1229
1466,146603265,146603466,146611126,7861,201,7660,50000,51229,51212,387,387,-1212
1467,146703317,146703519,146711152,7835,202,7633,50000,51212,51196,387,387,-1196
1468,146803390,146803591,146811148,7758,201,7557,50000,51196,51179,387,387,-1179
1469,146903442,146903643,146911143,7701,201,7500,50000,51179,51163,387,387,-1163
1470,147003496,147003698,147011133,7637,202,7435,50000,51163,51147,387,387,-1147
1471,147103548,147103750,147111130,7582,202,7380,50000,51147,51131,388,388,-1131
1472,147203602,147203803,147211128,7526,201,7325,50000,51131,51115,388,388,-1115
1473,147303654,147303856,147311138,7484,202,7282,50000,51115,51099,388,388,-1099
1474,147403708,147403910,147411133,7425,202,7223,50000,51099,51083,388,388,-1083
1475,147503760,147503961,147511128,7368,201,7167,50000,51083,51068,388,388,-1068
1476,147603813,147604014,147611138,7325,201,7124,50000,51068,51052,388,388,-1052
1477,147703866,147704068,147711136,7270,202,7068,50000,51052,51037,389,389,-1037
1478,147803919,147804120,147811134,7215,201,7014,50000,51037,51022,389,389,-1022
1479,147903972,147904174,147911129,7157,202,6955,50000,51022,51006,389,389,-1006
1480,148004024,148004225,148011131,7107,201,6906,50000,51006,50991,389,389,-991
1481,148104077,148104281,148111133,7056,204,6852,50000,50991,50976,389,389,-976
1482,148204131,148204333,148211130,6999,202,6797,50000,50976,50961,389,389,-961
1483,148304183,148304385,148311127,6944,202,6742,50000,50961,50946,389,389,-946
1484,148404236,148404438,148411137,6901,202,6699,50000,50946,50932,390,390,-932
1485,148504289,148504490,148511126,6837,201,6636,50000,50932,50917,390,390,-917
1486,148604341,148604542,148611124,6783,201,6582,50000,50917,50903,390,390,-903
1487,148704394,148704596,148711136,6742,202,6540,50000,50903,50888,390,390,-888
1488,148804447,148804650,148811127,6680,203,6477,50000,50888,50874,390,390,-874
1489,148904499,148904701,148911131,6632,202,6430,50000,50874,50860,390,390,-860
1490,149004553,149004755,149011128,6575,202,6373,50000,50860,50845,390,390,-845
1491,149104606,149104807,149111137,6531,201,6330,50000,50845,50832,391,391,-832
1492,149204660,149204861,149211132,6472,201,6271,50000,50832,50818,391,391,-818
1493,149304712,149304914,149311127,6415,202,6213,50000,50818,50804,391,391,-804
1494,149404766,149409908,149421133,16367,5142,11225,50000,50804,50790,391,391,-790
1495,149504819,149505021,149510293,5474,202,5272,50000,50790,50776,391,391,-776
1496,149604871,149605073,149610401,5530,202,5328,50000,50776,50763,391,391,-763
1497,149704924,149705126,149710437,5513,202,5311,50000,50763,50749,391,391,-749
1498,149804998,149805199,149810501,5503,201,5302,50000,50749,50736,392,392,-736
1499,149905055,149905258,149910567,5512,203,5309,50000,50736,50723,392,392,-723
1500,150005128,150005330,150012963,7835,202,7633,50000,50723,50710,392,392,-710
1501,150105187,150105390,150111095,5908,203,5705,50000,50710,50697,392,392,-697
1502,150205239,150205442,150211133,5894,203,5691,50000,50697,50684,392,392,-684
1503,150305297,150305498,150311123,5826,201,5625,50000,50684,50671,392,392,-671
1504,150405350,150405551,150411135,5785,201,5584,50000,50671,50658,392,392,-658
1505,150505404,150505606,150511133,5729,202,5527,50000,50658,50645,392,392,-645
1506,150605457,150605658,150611129,5672,201,5471,50000,50645,50632,393,393,-632
1507,150705510,150705711,150711139,5629,201,5428,50000,50632,50620,393,393,-620
1508,150805564,150805764,150811136,5572,200,5372,50000,50620,50607,393,393,-607
1509,150905616,150905818,150911136,5520,202,5318,50000,50607,50595,393,393,-595
1510,151005669,151005871,151011134,5465,202,5263,50000,50595,50583,393,393,-583
1511,151105722,151105924,151111129,5407,202,5205,50000,50583,50570,393,393,-570
1512,151205775,151205976,151211136,5361,201,5160,50000,50570,50558,393,393,-558
1513,151305829,151306031,151311132,5303,202,5101,50000,50558,50546,393,393,-546
1514,151405882,151406083,151411129,5247,201,5046,50000,50546,50534,394,394,-534
1515,151505935,151506136,151511133,5198,201,4997,50000,50534,50522,394,394,-522
1516,151605988,151606189,151611131,5143,201,4942,50000,50522,50510,394,394,-510
1517,151706042,151706244,151711128,5086,202,4884,50000,50510,50499,394,394,-499
1518,151806095,151806297,151811137,5042,202,4840,50000,50499,50487,394,394,-487
1519,151906148,151906350,151911127,4979,202,4777,50000,50487,50475,394,394,-475
1520,152006200,152006402,152011131,4931,202,4729,50000,50475,50464,394,394,-464
1521,152106253,152106455,152111127,4874,202,4672,50000,50464,50452,394,394,-452
1522,152206306,152206507,152211153,4847,201,4646,50000,50452,50441,395,395,-441
1523,152306378,152306580,152311152,4774,202,4572,50000,50441,50430,395,395,-430
1524,152406431,152406633,152411142,4711,202,4509,50000,50430,50419,395,395,-419
1525,152506484,152506686,152511132,4648,202,4446,50000,50419,50408,395,395,-408
1526,152606537,152606738,152611127,4590,201,4389,50000,50408,50397,395,395,-397
1527,152706590,152706791,152711127,4537,201,4336,50000,50397,50386,395,395,-386
1528,152806642,152806845,152811135,4493,203,4290,50000,50386,50375,395,395,-375
1529,152906695,152906897,152911133,4438,202,4236,50000,50375,50364,395,395,-364
1530,153006749,153006950,153011130,4381,201,4180,50000,50364,50353,395,395,-353
1531,153106802,153107003,153111136,4334,201,4133,50000,50353,50342,395,395,-342
1532,153206855,153207057,153211134,4279,202,4077,50000,50342,50332,396,396,-332
1533,153306908,153307131,153311129,4221,223,3998,50000,50332,50321,396,396,-321
1534,153406961,153407163,153411126,4165,202,3963,50000,50321,50311,396,396,-311
1535,153507014,153507214,153511136,4122,200,3922,50000,50311,50301,396,396,-301
1536,153607067,153607269,153611126,4059,202,3857,50000,50301,50290,396,396,-290
1537,153707120,153707321,153711133,4013,201,3812,50000,50290,50280,396,396,-280
1538,153807173,153807375,153811133,3960,202,3758,50000,50280,50270,396,396,-270
1539,153907226,153907427,153911144,3918,201,3717,50000,50270,50259,396,396,-259
1540,154007280,154007481,154011133,3853,201,3652,50000,50259,50249,396,396,-249
1541,154107332,154107533,154111136,3804,201,3603,50000,50249,50239,396,396,-239
1542,154207386,154207587,154211127,3741,201,3540,50000,50239,50229,397,397,-229
1543,154307439,154307641,154311131,3692,202,3490,50000,50229,50220,397,397,-220
1544,154407492,154407693,154411137,3645,201,3444,50000,50220,50210,397,397,-210
1545,154507545,154507747,154511134,3589,202,3387,50000,50210,50200,397,397,-200
1546,154607598,154607800,154611137,3539,202,3337,50000,50200,50191,397,397,-191
1547,154707651,154707852,154711134,3483,201,3282,50000,50191,50181,397,397,-181
1548,154807703,154807904,154811129,3426,201,3225,50000,50181,50171,397,397,-171
1549,154907756,154907984,154911146,3390,228,3162,50000,50171,50162,397,397,-162
1550,155007827,155008056,155011127,3300,229,3071,50000,50162,50152,397,397,-152
1551,155107880,155108108,155111126,3246,228,3018,50000,50152,50143,397,397,-143
1552,155207933,155208153,155211136,3203,220,2983,50000,50143,50134,397,397,-134
1553,155307987,155308188,155311134,3147,201,2946,50000,50134,50124,397,397,-124
1554,155408038,155408241,155411132,3094,203,2891,50000,50124,50115,398,398,-115
1555,155508090,155508292,155510139,2049,202,1847,50000,50115,50106,398,398,-106
1556,155608142,155608344,155610251,2109,202,1907,50000,50106,50097,398,398,-97
1557,155708195,155708397,155720410,12215,202,12013,50000,50097,50088,398,398,-88
1558,155808247,155808449,155820104,11857,202,11655,50000,50088,50079,398,398,-79
1559,155908299,155908501,155920182,11883,202,11681,50000,50079,50070,398,398,-70
1560,156008351,156008552,156020207,11856,201,11655,50000,50070,50062,398,398,-62
1561,156108423,156108626,156120272,11849,203,11646,50000,50062,50053,398,398,-53
1562,156208478,156208679,156220337,11859,201,11658,50000,50053,50044,398,398,-44
1563,156308532,156308735,156320391,11859,203,11656,50000,50044,50035,398,398,-35
1564,156408605,156408807,156420456,11851,202,11649,50000,50035,50027,399,399,-27
1565,156508660,156508863,156520514,11854,203,11651,50000,50027,50018,399,399,-18
1566,156608734,156608935,156620606,11872,201,11671,50000,50018,50010,399,399,-10
1567,156708786,156708987,156720642,11856,201,11655,50000,50010,50002,399,399,-2
1568,156808860,156809061,156820738,11878,201,11677,50000,50002,49993,399,399,7
1569,156908912,156909113,156920789,11877,201,11676,50000,49993,49985,399,399,15
1570,157008965,157009167,157020843,11878,202,11676,50000,49985,49977,399,399,23
1571,157109041,157109263,157120954,11913,222,11691,50000,49977,49969,399,399,31
1572,157209093,157209320,157220982,11889,227,11662,50000,49969,49961,400,400,39
1573,157309166,157309388,157321047,11881,222,11659,50000,49961,49953,400,400,47
1574,157409220,157409438,157421097,11877,218,11659,50000,49953,49945,400,400,55
1575,157509283,157509486,157521135,11852,203,11649,50000,49945,49937,400,400,63
1576,157609352,157609554,157621135,11783,202,11581,50000,49937,49930,401,401,70
1577,157709404,157709606,157721150,11746,202,11544,50000,49930,49923,401,401,77
1578,157809456,157809657,157821150,11694,201,11493,50000,49923,49915,401,401,85
1579,157909507,157909709,157921127,11620,202,11418,50000,49915,49908,401,401,92
1580,158009559,158009760,158021134,11575,201,11374,50000,49908,49900,401,401,100
1581,158109649,158109850,158121128,11479,201,11278,50000,49900,49893,402,402,107
1582,158209700,158209902,158221126,11426,202,11224,50000,49893,49886,402,402,114
1583,158309753,158309955,158321133,11380,202,11178,50000,49886,49879,402,402,121
1584,158409804,158410006,158421134,11330,202,11128,50000,49879,49872,402,402,128
1585,158509857,158510058,158521127,11270,201,11069,50000,49872,49866,402,402,134
1586,158609909,158610109,158621133,11224,200,11024,50000,49866,49859,402,402,141
1587,158709961,158710163,158721136,11175,202,10973,50000,49859,49852,403,403,148
1588,158810012,158810214,158821128,11116,202,10914,50000,49852,49845,403,403,155
1589,158910064,158910264,158921129,11065,200,10865,50000,49845,49839,403,403,161
1590,159010115,159010317,159021135,11020,202,10818,50000,49839,49832,403,403,168
1591,159110168,159110368,159121129,10961,200,10761,50000,49832,49826,403,403,174
1592,159210221,159210423,159221125,10904,202,10702,50000,49826,49819,403,403,181
1593,159310274,159310474,159321136,10862,200,10662,50000,49819,49813,404,404,187
1594,159410328,159410530,159421133,10805,202,10603,50000,49813,49807,404,404,193
1595,159510381,159510581,159521129,10748,200,10548,50000,49807,49801,404,404,199
1596,159610434,159610636,159621126,10692,202,10490,50000,49801,49795,404,404,205
1597,159710487,159710689,159721151,10664,202,10462,50000,49795,49789,404,404,211
1598,159810560,159810763,159821147,10587,203,10384,50000,49789,49783,404,404,217
1599,159910613,159910816,159921142,10529,203,10326,50000,49783,49777,405,405,223
1600,160010668,160010869,160023925,13257,201,13056,50000,49777,49771,405,405,229
1601,160110725,160110927,160121094,10369,202,10167,50000,49771,49766,405,405,234
1602,160210778,160210978,160221131,10353,200,10153,50000,49766,49760,405,405,240
1603,160310851,160311052,160321135,10284,201,10083,50000,49760,49754,405,405,246
1604,160410905,160411106,160421130,10225,201,10024,50000,49754,49749,405,405,251
1605,160510957,160511159,160521128,10171,202,9969,50000,49749,49743,405,405,257
1606,160611012,160611212,160621127,10115,200,9915,50000,49743,49738,406,406,262
1607,160711066,160711299,160721134,10068,233,9835,50000,49738,49733,406,406,267
1608,160811120,160811353,160821132,10012,233,9779,50000,49733,49727,406,406,273
1609,160911172,160911404,160921131,9959,232,9727,50000,49727,49722,406,406,278
1610,161011226,161011451,161021125,9899,225,9674,50000,49722,49717,406,406,283
1611,161111292,161111493,161121135,9843,201,9642,50000,49717,49712,406,406,288
1612,161211344,161211546,161221130,9786,202,9584,50000,49712,49707,406,406,293
1613,161311396,161311596,161321124,9728,200,9528,50000,49707,49702,407,407,298
1614,161411448,161411649,161421134,9686,201,9485,50000,49702,49697,407,407,303
1615,161511501,161511703,161521133,9632,202,9430,50000,49697,49692,407,407,308
1616,161611554,161611753,161621128,9574,199,9375,50000,49692,49687,407,407,313
1617,161711607,161711808,161721137,9530,201,9329,50000,49687,49682,407,407,318
1618,161811661,161811862,161821132,9471,201,9270,50000,49682,49678,407,407,322
1619,161911713,161911915,161921130,9417,202,9215,50000,49678,49673,407,407,327
1620,162011766,162011968,162021126,9360,202,9158,50000,49673,49668,408,408,332
1621,162111818,162112020,162121137,9319,202,9117,50000,49668,49664,408,408,336
1622,162211872,162212073,162221127,9255,201,9054,50000,49664,49660,408,408,340
1623,162311925,162312126,162321128,9203,201,9002,50000,49660,49655,408,408,345
1624,162411977,162412179,162421144,9167,202,8965,50000,49655,49651,408,408,349
1625,162512049,162512250,162521148,9099,201,8898,50000,49651,49647,408,408,353
1626,162612101,162612303,162621145,9044,202,8842,50000,49647,49642,408,408,358
1627,162712153,162712354,162721135,8982,201,8781,50000,49642,49638,409,409,362
1628,162812206,162817286,162821127,8921,5080,3841,50000,49638,49634,409,409,366
1629,162912259,162912462,162921126,8867,203,8664,50000,49634,49630,409,409,370
1630,163012311,163012513,163021136,8825,202,8623,50000,49630,49626,409,409,374
1631,163112388,163112590,163121126,8738,202,8536,50000,49626,49622,409,409,378
1632,163212441,163212641,163221132,8691,200,8491,50000,49622,49618,409,409,382
1633,163312493,163312695,163321122,8629,202,8427,50000,49618,49614,409,409,386
1634,163412546,163412748,163421139,8593,202,8391,50000,49614,49610,409,409,390
1635,163512600,163512801,163521134,8534,201,8333,50000,49610,49606,409,409,394
1636,163612653,163612854,163621131,8478,201,8277,50000,49606,49602,409,409,398
1637,163712706,163712907,163721127,8421,201,8220,50000,49602,49599,409,409,401
1638,163812758,163812959,163821137,8379,201,8178,50000,49599,49595,409,409,405
1639,163912811,163913012,163921135,8324,201,8123,50000,49595,49591,410,410,409
1640,164012863,164013064,164021133,8270,201,8069,50000,49591,49587,410,410,413
1641,164112916,164113118,164121125,8209,202,8007,50000,49587,49584,410,410,416
1642,164212969,164213169,164221134,8165,200,7965,50000,49584,49580,410,410,420
1643,164313023,164313224,164321130,8107,201,7906,50000,49580,49577,410,410,423
1644,164413075,164413276,164421127,8052,201,7851,50000,49577,49573,410,410,427
1645,164513130,164513330,164521133,8003,200,7803,50000,49573,49570,410,410,430
1646,164613183,164613384,164621130,7947,201,7746,50000,49570,49566,410,410,434
1647,164713236,164713437,164721129,7893,201,7692,50000,49566,49563,411,411,437
1648,164813288,164813489,164821135,7847,201,7646,50000,49563,49560,411,411,440
1649,164913342,164913543,164921134,7792,201,7591,50000,49560,49557,411,411,443
1650,165013394,165013596,165021128,7734,202,7532,50000,49557,49554,411,411,446
1651,165113448,165113649,165121131,7683,201,7482,50000,49554,49551,411,411,449
1652,165213501,165213704,165221151,7650,203,7447,50000,49551,49547,411,411,453
1653,165313555,165313757,165321151,7596,202,7394,50000,49547,49544,411,411,456
1654,165413607,165413809,165421146,7539,202,7337,50000,49544,49541,411,411,459
1655,165513660,165513862,165521133,7473,202,7271,50000,49541,49538,411,411,462
1656,165613713,165613915,165621129,7416,202,7214,50000,49538,49535,411,411,465
1657,165713766,165713968,165721125,7359,202,7157,50000,49535,49532,411,411,468
1658,165813818,165814020,165821136,7318,202,7116,50000,49532,49529,411,411,471
1659,165913872,165914073,165921132,7260,201,7059,50000,49529,49526,411,411,474
1660,166013924,166014125,166021127,7203,201,7002,50000,49526,49523,411,411,477
1661,166113977,166114178,166121137,7160,201,6959,50000,49523,49520,412,412,480
1662,166214031,166214233,166221132,7101,202,6899,50000,49520,49517,412,412,483
1663,166314083,166314285,166321133,7050,202,6848,50000,49517,49515,412,412,485
1664,166414137,166414339,166421127,6990,202,6788,50000,49515,49512,412,412,488
1665,166514190,166514390,166521140,6950,200,6750,50000,49512,49509,412,412,491
1666,166614244,166614445,166621131,6887,201,6686,50000,49509,49507,412,412,493
1667,166714297,166714499,166721134,6837,202,6635,50000,49507,49504,412,412,496
1668,166814351,166814553,166821133,6782,202,6580,50000,49504,49501,412,412,499
1669,166914403,166914605,166921127,6724,202,6522,50000,49501,49499,412,412,501
1670,167014456,167014657,167021133,6677,201,6476,50000,49499,49496,412,412,504
1671,167114510,167114711,167121129,6619,201,6418,50000,49496,49493,412,412,507
1672,167214562,167214764,167221130,6568,202,6366,50000,49493,49491,412,412,509
1673,167314616,167314816,167321132,6516,200,6316,50000,49491,49488,412,412,512
1674,167414669,167414870,167421132,6463,201,6262,50000,49488,49486,413,413,514
1675,167514722,167514923,167521121,6399,201,6198,50000,49486,49484,413,413,516
1676,167614775,167614976,167621136,6361,201,6160,50000,49484,49481,413,413,519
1677,167714829,167715030,167721127,6298,201,6097,50000,49481,49479,413,413,521
1678,167814881,167815082,167821127,6246,201,6045,50000,49479,49477,413,413,523
1679,167914935,167915136,167921147,6212,201,6011,50000,49477,49475,413,413,525
1680,168015005,168015208,168021153,6148,203,5945,50000,49475,49472,413,413,528
1681,168115059,168115260,168121151,6092,201,5891,50000,49472,49470,413,413,530
1682,168215112,168215313,168221135,6023,201,5822,50000,49470,49468,413,413,532
1683,168315165,168315367,168321132,5967,202,5765,50000,49468,49466,413,413,534
1684,168415218,168415419,168421128,5910,201,5709,50000,49466,49463,413,413,537
1685,168515271,168515473,168521133,5862,202,5660,50000,49463,49461,413,413,539
1686,168615324,168615525,168621134,5810,201,5609,50000,49461,49459,413,413,541
1687,168715376,168715577,168721126,5750,201,5549,50000,49459,49457,413,413,543
1688,168815430,168815633,168821127,5697,203,5494,50000,49457,49455,413,413,545
1689,168915483,168915684,168921134,5651,201,5450,50000,49455,49452,413,413,548
1690,169015537,169015739,169021133,5596,202,5394,50000,49452,49450,414,414,550
1691,169115589,169115790,169121127,5538,201,5337,50000,49450,49449,414,414,551
1692,169215641,169215843,169221133,5492,202,5290,50000,49449,49446,413,413,554
1693,169315695,169315897,169321134,5439,202,5237,50000,49446,49445,414,414,555
1694,169415748,169415950,169421129,5381,202,5179,50000,49445,49443,414,414,557
1695,169515801,169516004,169521128,5327,203,5124,50000,49443,49441,414,414,559
1696,169615854,169616055,169621137,5283,201,5082,50000,49441,49439,414,414,561
1697,169715907,169716108,169721138,5231,201,5030,50000,49439,49437,414,414,563
1698,169815960,169816162,169821135,5175,202,4973,50000,49437,49435,414,414,565
1699,169916012,169916214,169921134,5122,202,4920,50000,49435,49434,414,414,566
1700,170016065,170016266,170022961,6896,201,6695,50000,49434,49432,414,414,568
1701,170116125,170116328,170121111,4986,203,4783,50000,49432,49430,414,414,570
1702,170216176,170216377,170221139,4963,201,4762,50000,49430,49428,414,414,572
1703,170316251,170316453,170321136,4885,202,4683,50000,49428,49426,414,414,574
1704,170416304,170416506,170421130,4826,202,4624,50000,49426,49425,414,414,575
1705,170516357,170516558,170521131,4774,201,4573,50000,49425,49423,414,414,577
1706,170616411,170616612,170621127,4716,201,4515,50000,49423,49421,414,414,579
1707,170716464,170716665,170721139,4675,201,4474,50000,49421,49419,414,414,581
1708,170816517,170816720,170821125,4608,203,4405,50000,49419,49417,414,414,583
1709,170916570,170916772,170921135,4565,202,4363,50000,49417,49416,414,414,584
1710,171016624,171016825,171021132,4508,201,4307,50000,49416,49414,414,414,586
1711,171116677,171116879,171121131,4454,202,4252,50000,49414,49412,414,414,588
1712,171216730,171216931,171221127,4397,201,4196,50000,49412,49411,415,415,589
1713,171316782,171316983,171321136,4354,201,4153,50000,49411,49409,414,414,591
1714,171416837,171417038,171421133,4296,201,4095,50000,49409,49408,415,415,592
1715,171516889,171517091,171521128,4239,202,4037,50000,49408,49406,415,415,594
1716,171616942,171617145,171621136,4194,203,3991,50000,49406,49405,415,415,595
1717,171716995,171717198,171721135,4140,203,3937,50000,49405,49403,415,415,597
1718,171817048,171817249,171821127,4079,201,3878,50000,49403,49402,415,415,598
1719,171917101,171917301,171921130,4029,200,3829,50000,49402,49401,415,415,599
1720,172017154,172017356,172021132,3978,202,3776,50000,49401,49399,415,415,601
1721,172117208,172117410,172121135,3927,202,3725,50000,49399,49398,415,415,602
1722,172217260,172217462,172221135,3875,202,3673,50000,49398,49396,415,415,604
1723,172317313,172317516,172321136,3823,203,3620,50000,49396,49395,415,415,605
1724,172417366,172417567,172421135,3769,201,3568,50000,49395,49394,415,415,606
1725,172517420,172517622,172521133,3713,202,3511,50000,49394,49392,415,415,608
1726,172617473,172617673,172621126,3653,200,3453,50000,49392,49391,415,415,609
1727,172717526,172717728,172721151,3625,202,3423,50000,49391,49389,415,415,611
1728,172817599,172817801,172821150,3551,202,3349,50000,49389,49388,415,415,612
1729,172917652,172917853,172921142,3490,201,3289,50000,49388,49387,415,415,613
1730,173017705,173017907,173021133,3428,202,3226,50000,49387,49385,415,415,615
1731,173117758,173117986,173121130,3372,228,3144,50000,49385,49384,415,415,616
1732,173217811,173218041,173221129,3318,230,3088,50000,49384,49383,415,415,617
1733,173317865,173318096,173321138,3273,231,3042,50000,49383,49381,415,415,619
1734,173417917,173418143,173421136,3219,226,2993,50000,49381,49380,415,415,620
1735,173517985,173518186,173521137,3152,201,2951,50000,49380,49379,415,415,621
1736,173618036,173618237,173621135,3099,201,2898,50000,49379,49377,415,415,623
1737,173718089,173718291,173720140,2051,202,1849,50000,49377,49376,416,416,624
1738,173818141,173818343,173820253,2112,202,1910,50000,49376,49375,416,416,625
1739,173918193,173918394,173930412,12219,201,12018,50000,49375,49374,416,416,626
1740,174018245,174018448,174030109,11864,203,11661,50000,49374,49373,416,416,627
1741,174118296,174118499,174130159,11863,203,11660,50000,49373,49372,416,416,628
1742,174218349,174218550,174230205,11856,201,11655,50000,49372,49371,416,416,629
1743,174318420,174318622,174330271,11851,202,11649,50000,49371,49370,416,416,630
1744,174418473,174418676,174430337,11864,203,11661,50000,49370,49369,416,416,631
1745,174518529,174518732,174530389,11860,203,11657,50000,49369,49368,416,416,632
1746,174618581,174618782,174630438,11857,201,11656,50000,49368,49367,416,416,633
1747,174718653,174718855,174730528,11875,202,11673,50000,49367,49366,416,416,634
1748,174818706,174818908,174830569,11863,202,11661,50000,49366,49365,416,416,635
1749,174918780,174918981,174930634,11854,201,11653,50000,49365,49364,416,416,636
1750,175018836,175019039,175030699,11863,203,11660,50000,49364,49363,416,416,637
1751,175118891,175119093,175130759,11868,202,11666,50000,49363,49362,416,416,638
1752,175218967,175219168,175230819,11852,201,11651,50000,49362,49361,416,416,639
1753,175319054,175319277,175330930,11876,223,11653,50000,49361,49360,416,416,640
1754,175419107,175419333,175430985,11878,226,11652,50000,49360,49360,416,416,640
1755,175519160,175519384,175531082,11922,224,11698,50000,49360,49359,416,416,641
1756,175619212,175619432,175631108,11896,220,11676,50000,49359,49358,416,416,642
1757,175719287,175719489,175731131,11844,202,11642,50000,49358,49357,416,416,643
1758,175819340,175819541,175831147,11807,201,11606,50000,49357,49356,416,416,644
1759,175919391,175919592,175931143,11752,201,11551,50000,49356,49355,416,416,645
1760,176019442,176019644,176031153,11711,202,11509,50000,49355,49354,416,416,646
1761,176119494,176119695,176131150,11656,201,11455,50000,49354,49353,416,416,647
1762,176219546,176224638,176231134,11588,5092,6496,50000,49353,49352,416,416,648
1763,176319599,176319802,176331125,11526,203,11323,50000,49352,49351,416,416,649
1764,176419670,176419873,176431137,11467,203,11264,50000,49351,49350,416,416,650
1765,176519722,176519924,176531132,11410,202,11208,50000,49350,49349,416,416,651
1766,176619774,176619975,176631135,11361,201,11160,50000,49349,49348,416,416,652
1767,176719826,176720028,176731125,11299,202,11097,50000,49348,49347,416,416,653
1768,176819877,176820077,176831137,11260,200,11060,50000,49347,49346,416,416,654
1769,176919928,176920129,176931134,11206,201,11005,50000,49346,49346,416,416,654
1770,177019981,177020183,177031127,11146,202,10944,50000,49346,49345,416,416,655
1771,177120033,177120236,177131134,11101,203,10898,50000,49345,49344,416,416,656
1772,177220085,177220285,177231133,11048,200,10848,50000,49344,49343,416,416,657
1773,177320137,177320339,177331132,10995,202,10793,50000,49343,49342,416,416,658
1774,177420189,177420389,177431128,10939,200,10739,50000,49342,49341,416,416,659
1775,177520243,177520444,177531133,10890,201,10689,50000,49341,49340,416,416,660
1776,177620297,177620498,177631133,10836,201,10635,50000,49340,49339,416,416,661
1777,177720350,177720551,177731130,10780,201,10579,50000,49339,49338,416,416,662
1778,177820403,177820603,177831136,10733,200,10533,50000,49338,49338,416,416,662
1779,177920457,177920658,177931134,10677,201,10476,50000,49338,49337,416,416,663
1780,178020510,178020711,178031129,10619,201,10418,50000,49337,49336,417,417,664
1781,178120563,178120763,178131128,10565,200,10365,50000,49336,49336,417,417,664
1782,178220618,178220820,178231150,10532,202,10330,50000,49336,49335,416,416,665
1783,178320690,178320892,178331149,10459,202,10257,50000,49335,49334,417,417,666
1784,178420743,178420945,178431144,10401,202,10199,50000,49334,49333,417,417,667
1785,178520797,178520997,178531133,10336,200,10136,50000,49333,49333,417,417,667
1786,178620850,178621053,178631129,10279,203,10076,50000,49333,49332,417,417,668
1787,178720903,178721105,178731126,10223,202,10021,50000,49332,49332,417,417,668
1788,178820957,178821158,178831136,10179,201,9978,50000,49332,49331,417,417,669
1789,178921010,178921211,178931126,10116,201,9915,50000,49331,49331,417,417,669
1790,179021063,179021295,179031130,10067,232,9835,50000,49331,49330,417,417,670
1791,179121117,179121352,179131134,10017,235,9782,50000,49330,49330,417,417,670
1792,179221170,179221402,179231135,9965,232,9733,50000,49330,49329,417,417,671
1793,179321223,179321452,179331130,9907,229,9678,50000,49329,49328,417,417,672
1794,179421291,179421494,179431131,9840,203,9637,50000,49328,49328,417,417,672
1795,179521344,179521546,179531126,9782,202,9580,50000,49328,49327,417,417,673
1796,179621395,179621596,179631134,9739,201,9538,50000,49327,49327,417,417,673
1797,179721448,179721650,179731132,9684,202,9482,50000,49327,49326,417,417,674
1798,179821502,179821704,179831127,9625,202,9423,50000,49326,49326,417,417,674
1799,179921555,179921757,179931134,9579,202,9377,50000,49326,49325,417,417,675
1800,180021608,180021809,180032965,11357,201,11156,50000,49325,49325,417,417,675
