sequence,cycle_started_us,command_sent_us,response_completed_us,full_loop_us,pre_send_us,transport_us,setpoint_milli_c,observed_milli_c,measured_milli_c,command_actuator_permille,status_actuator_permille,error_milli_c
1,5401,5417,109495,104094,16,104078,45000,20000,20140,500,500,24860
2,110022,110037,122112,12090,15,12075,45000,20140,20279,500,500,24721
3,210424,210441,222016,11592,17,11575,45000,20279,20418,500,500,24582
4,310470,310486,322111,11641,16,11625,45000,20418,20557,500,500,24443
5,410516,410532,422121,11605,16,11589,45000,20557,20694,500,500,24306
6,510561,510577,522141,11580,16,11564,45000,20694,20832,500,500,24168
7,610606,610622,622144,11538,16,11522,45000,20832,20968,500,500,24032
8,710651,710668,722145,11494,17,11477,45000,20968,21104,500,500,23896
9,810697,810713,822140,11443,16,11427,45000,21104,21240,500,500,23760
10,910742,910758,922133,11391,16,11375,45000,21240,21375,500,500,23625
11,1010787,1010803,1022126,11339,16,11323,45000,21375,21510,500,500,23490
12,1110832,1110848,1122123,11291,16,11275,45000,21510,21644,500,500,23356
13,1210878,1210893,1222124,11246,15,11231,45000,21644,21777,500,500,23223
14,1310923,1310939,1322128,11205,16,11189,45000,21777,21910,500,500,23090
15,1410969,1410985,1422124,11155,16,11139,45000,21910,22042,500,500,22958
16,1511014,1511029,1522124,11110,15,11095,45000,22042,22174,500,500,22826
17,1611059,1611075,1622133,11074,16,11058,45000,22174,22305,500,500,22695
18,1711105,1711122,1722125,11020,17,11003,45000,22305,22436,500,500,22564
19,1811152,1811168,1822123,10971,16,10955,45000,22436,22566,500,500,22434
20,1911199,1911215,1922123,10924,16,10908,45000,22566,22696,500,500,22304
21,2011246,2011262,2022125,10879,16,10863,45000,22696,22825,500,500,22175
22,2111293,2111309,2122127,10834,16,10818,45000,22825,22954,500,500,22046
23,2211339,2211355,2222126,10787,16,10771,45000,22954,23082,500,500,21918
24,2311386,2311402,2322132,10746,16,10730,45000,23082,23210,500,500,21790
25,2411433,2411449,2422126,10693,16,10677,45000,23210,23337,500,500,21663
26,2511480,2511496,2522121,10641,16,10625,45000,23337,23464,500,500,21536
27,2611527,2611543,2622121,10594,16,10578,45000,23464,23590,500,500,21410
28,2711574,2711590,2722132,10558,16,10542,45000,23590,23715,500,500,21285
29,2811621,2811637,2822126,10505,16,10489,45000,23715,23841,500,500,21159
30,2911668,2911684,2922122,10454,16,10438,45000,23841,23965,500,500,21035
31,3011715,3011731,3022123,10408,16,10392,45000,23965,24089,500,500,20911
32,3111762,3111778,3122154,10392,16,10376,45000,24089,24213,500,500,20787
33,3211810,3211826,3222147,10337,16,10321,45000,24213,24336,500,500,20664
34,3311857,3311873,3322152,10295,16,10279,45000,24336,24459,500,500,20541
35,3411904,3411920,3422107,10203,16,10187,45000,24459,24581,500,500,20419
36,3511972,3511988,3522127,10155,16,10139,45000,24581,24703,500,500,20297
37,3612019,3612035,3622116,10097,16,10081,45000,24703,24824,500,500,20176
38,3712066,3712082,3722131,10065,16,10049,45000,24824,24945,500,500,20055
39,3812112,3812128,3822123,10011,16,9995,45000,24945,25065,500,500,19935
40,3912159,3912175,3922123,9964,16,9948,45000,25065,25185,500,500,19815
41,4012206,4012222,4022128,9922,16,9906,45000,25185,25304,500,500,19696
42,4112271,4112288,4122128,9857,17,9840,45000,25304,25423,500,500,19577
43,4212302,4212318,4222120,9818,16,9802,45000,25423,25541,500,500,19459
44,4312348,4312364,4322122,9774,16,9758,45000,25541,25659,500,500,19341
45,4412396,4412412,4422128,9732,16,9716,45000,25659,25776,500,500,19224
46,4512442,4512458,4522124,9682,16,9666,45000,25776,25893,500,500,19107
47,4612489,4612505,4622122,9633,16,9617,45000,25893,26009,500,500,18991
48,4712536,4712552,4722126,9590,16,9574,45000,26009,26125,500,500,18875
49,4812583,4812599,4822122,9539,16,9523,45000,26125,26241,500,500,18759
50,4912629,4912645,4922127,9498,16,9482,45000,26241,26356,500,500,18644
51,5012676,5012692,5022119,9443,16,9427,45000,26356,26470,500,500,18530
52,5112722,5112738,5122131,9409,16,9393,45000,26470,26585,500,500,18415
53,5212769,5212785,5222123,9354,16,9338,45000,26585,26698,500,500,18302
54,5312815,5312832,5322123,9308,17,9291,45000,26698,26811,500,500,18189
55,5412863,5412879,5422129,9266,16,9250,45000,26811,26924,500,500,18076
56,5512909,5512925,5522126,9217,16,9201,45000,26924,27037,500,500,17963
57,5612957,5612973,5622124,9167,16,9151,45000,27037,27148,500,500,17852
58,5713003,5713019,5722120,9117,16,9101,45000,27148,27260,500,500,17740
59,5813050,5813066,5822134,9084,16,9068,45000,27260,27371,500,500,17629
60,5913098,5913114,5922127,9029,16,9013,45000,27371,27481,500,500,17519
61,6013144,6013160,6022125,8981,16,8965,45000,27481,27591,500,500,17409
62,6113191,6113207,6122121,8930,16,8914,45000,27591,27701,500,500,17299
63,6213238,6213254,6222145,8907,16,8891,45000,27701,27810,500,500,17190
64,6313303,6313320,6322113,8810,17,8793,45000,27810,27919,500,500,17081
65,6413351,6413367,6422130,8779,16,8763,45000,27919,28027,500,500,16973
66,6513397,6513413,6522125,8728,16,8712,45000,28027,28135,500,500,16865
67,6613444,6613460,6622126,8682,16,8666,45000,28135,28243,500,500,16757
68,6713491,6713507,6722118,8627,16,8611,45000,28243,28350,500,500,16650
69,6813538,6813554,6822130,8592,16,8576,45000,28350,28456,500,500,16544
70,6913586,6913602,6922118,8532,16,8516,45000,28456,28562,500,500,16438
71,7013632,7013649,7022123,8491,17,8474,45000,28562,28668,500,500,16332
72,7113680,7113696,7122128,8448,16,8432,45000,28668,28773,500,500,16227
73,7213726,7213742,7222131,8405,16,8389,45000,28773,28878,500,500,16122
74,7313774,7313790,7322119,8345,16,8329,45000,28878,28983,500,500,16017
75,7413821,7413836,7422122,8301,15,8286,45000,28983,29087,500,500,15913
76,7513868,7513884,7522129,8261,16,8245,45000,29087,29191,500,500,15809
77,7613915,7613931,7622123,8208,16,8192,45000,29191,29294,500,500,15706
78,7713962,7713978,7722124,8162,16,8146,45000,29294,29397,500,500,15603
79,7814009,7814025,7822127,8118,16,8102,45000,29397,29499,500,500,15501
80,7914056,7914072,7922127,8071,16,8055,45000,29499,29601,500,500,15399
81,8014103,8014119,8022124,8021,16,8005,45000,29601,29703,500,500,15297
82,8114150,8114166,8122120,7970,16,7954,45000,29703,29804,500,500,15196
83,8214197,8214213,8222130,7933,16,7917,45000,29804,29905,500,500,15095
84,8314244,8314260,8322124,7880,16,7864,45000,29905,30005,500,500,14995
85,8414291,8414307,8422122,7831,16,7815,45000,30005,30105,500,500,14895
86,8514338,8514354,8522127,7789,16,7773,45000,30105,30205,500,500,14795
87,8614385,8614401,8622124,7739,16,7723,45000,30205,30304,500,500,14696
88,8714432,8714448,8722125,7693,16,7677,45000,30304,30403,500,500,14597
89,8814479,8814495,8822122,7643,16,7627,45000,30403,30501,500,500,14499
90,8914526,8914542,8922132,7606,16,7590,45000,30501,30599,500,500,14401
91,9014573,9014589,9022129,7556,16,7540,45000,30599,30697,500,500,14303
92,9114620,9114636,9122127,7507,16,7491,45000,30697,30794,500,500,14206
93,9214667,9214683,9222123,7456,16,7440,45000,30794,30891,500,500,14109
94,9314713,9314729,9322121,7408,16,7392,45000,30891,30987,500,500,14013
95,9414760,9414776,9422131,7371,16,7355,45000,30987,31083,500,500,13917
96,9514808,9514824,9522127,7319,16,7303,45000,31083,31179,500,500,13821
97,9614854,9614871,9622123,7269,17,7252,45000,31179,31274,500,500,13726
98,9714901,9714917,9722122,7221,16,7205,45000,31274,31369,500,500,13631
99,9814948,9814964,9822121,7173,16,7157,45000,31369,31463,500,500,13537
100,9914995,9915011,9924035,9040,16,9024,45000,31463,31558,500,500,13442
101,10015047,10015063,10022087,7040,16,7024,45000,31558,31651,500,500,13349
102,10115092,10115108,10122125,7033,16,7017,45000,31651,31745,500,500,13255
103,10215140,10215157,10222127,6987,17,6970,45000,31745,31838,500,500,13162
104,10315188,10315204,10322125,6937,16,6921,45000,31838,31930,500,500,13070
105,10415234,10415251,10422128,6894,17,6877,45000,31930,32023,500,500,12977
106,10515281,10515297,10522122,6841,16,6825,45000,32023,32115,500,500,12885
107,10615327,10615343,10622130,6803,16,6787,45000,32115,32206,500,500,12794
108,10715375,10715391,10722122,6747,16,6731,45000,32206,32297,500,500,12703
109,10815422,10815438,10822125,6703,16,6687,45000,32297,32388,500,500,12612
110,10915468,10915485,10922127,6659,17,6642,45000,32388,32479,500,500,12521
111,11015515,11015531,11022128,6613,16,6597,45000,32479,32569,500,500,12431
112,11115563,11115579,11122123,6560,16,6544,45000,32569,32658,500,500,12342
113,11215610,11215626,11222121,6511,16,6495,45000,32658,32748,500,500,12252
114,11315673,11315689,11322131,6458,16,6442,45000,32748,32837,500,500,12163
115,11415721,11415737,11422122,6401,16,6385,45000,32837,32925,500,500,12075
116,11515767,11515783,11522125,6358,16,6342,45000,32925,33014,500,500,11986
117,11615814,11615830,11622122,6308,16,6292,45000,33014,33102,500,500,11898
118,11715860,11715876,11722125,6265,16,6249,45000,33102,33189,500,500,11811
119,11815907,11815923,11822124,6217,16,6201,45000,33189,33277,500,500,11723
120,11915954,11915970,11922120,6166,16,6150,45000,33277,33363,500,500,11637
121,12016000,12016016,12022135,6135,16,6119,45000,33363,33450,500,500,11550
122,12116064,12116080,12122129,6065,16,6049,45000,33450,33536,500,500,11464
123,12216111,12216127,12222127,6016,16,6000,45000,33536,33622,500,500,11378
124,12316158,12316174,12322124,5966,16,5950,45000,33622,33708,500,500,11292
125,12416205,12416221,12422121,5916,16,5900,45000,33708,33793,500,500,11207
126,12516252,12516268,12522133,5881,16,5865,45000,33793,33878,500,500,11122
127,12616300,12616316,12622126,5826,16,5810,45000,33878,33962,500,500,11038
128,12716347,12716363,12722126,5779,16,5763,45000,33962,34046,500,500,10954
129,12816394,12816410,12822126,5732,16,5716,45000,34046,34130,500,500,10870
130,12916441,12916457,12922118,5677,16,5661,45000,34130,34213,500,500,10787
131,13016488,13016504,13022131,5643,16,5627,45000,34213,34297,500,500,10703
132,13116535,13116551,13122123,5588,16,5572,45000,34297,34379,500,500,10621
133,13216581,13216598,13222122,5541,17,5524,45000,34379,34462,500,500,10538
134,13316628,13316662,13322130,5502,34,5468,45000,34462,34544,500,500,10456
135,13416674,13416690,13422124,5450,16,5434,45000,34544,34626,500,500,10374
136,13516720,13516736,13522124,5404,16,5388,45000,34626,34707,500,500,10293
137,13616767,13616783,13622123,5356,16,5340,45000,34707,34789,500,500,10211
138,13716813,13716829,13722127,5314,16,5298,45000,34789,34869,500,500,10131
139,13816858,13816874,13822123,5265,16,5249,45000,34869,34950,500,500,10050
140,13916904,13916920,13922120,5216,16,5200,45000,34950,35030,500,500,9970
141,14016950,14016966,14022129,5179,16,5163,45000,35030,35110,500,500,9890
142,14116997,14117013,14122124,5127,16,5111,45000,35110,35190,500,500,9810
143,14217042,14217058,14222123,5081,16,5065,45000,35190,35269,500,500,9731
144,14317088,14317104,14322120,5032,16,5016,45000,35269,35348,500,500,9652
145,14417134,14417150,14422129,4995,16,4979,45000,35348,35426,500,500,9574
146,14517180,14517196,14522122,4942,16,4926,45000,35426,35505,500,500,9495
147,14617225,14617241,14622122,4897,16,4881,45000,35505,35583,500,500,9417
148,14717271,14717287,14722132,4861,16,4845,45000,35583,35660,500,500,9340
149,14817316,14817332,14822126,4810,16,4794,45000,35660,35738,500,500,9262
150,14917361,14917378,14922124,4763,17,4746,45000,35738,35815,500,500,9185
151,15017408,15017424,15022125,4717,16,4701,45000,35815,35891,500,500,9109
152,15117454,15117470,15122142,4688,16,4672,45000,35891,35968,500,500,9032
153,15217514,15217530,15222139,4625,16,4609,45000,35968,36044,500,500,8956
154,15317560,15317576,15322138,4578,16,4562,45000,36044,36120,500,500,8880
155,15417606,15417622,15422125,4519,16,4503,45000,36120,36195,500,500,8805
156,15517651,15517667,15522127,4476,16,4460,45000,36195,36271,500,500,8729
157,15617697,15617713,15622120,4423,16,4407,45000,36271,36345,500,500,8655
158,15717743,15717759,15722129,4386,16,4370,45000,36345,36420,500,500,8580
159,15817789,15817805,15822125,4336,16,4320,45000,36420,36494,500,500,8506
160,15917834,15917850,15922123,4289,16,4273,45000,36494,36568,500,500,8432
161,16017880,16017896,16022120,4240,16,4224,45000,36568,36642,500,500,8358
162,16117926,16117942,16122131,4205,16,4189,45000,36642,36716,500,500,8284
163,16217972,16217988,16222124,4152,16,4136,45000,36716,36789,500,500,8211
164,16318018,16318034,16322121,4103,16,4087,45000,36789,36862,500,500,8138
165,16418064,16418080,16422129,4065,16,4049,45000,36862,36934,500,500,8066
166,16518110,16518126,16522123,4013,16,3997,45000,36934,37006,500,500,7994
167,16618156,16618171,16622125,3969,15,3954,45000,37006,37078,500,500,7922
168,16718201,16718217,16722118,3917,16,3901,45000,37078,37150,500,500,7850
169,16818247,16818263,16822130,3883,16,3867,45000,37150,37221,500,500,7779
170,16918293,16918309,16922124,3831,16,3815,45000,37221,37293,500,500,7707
171,17018339,17018355,17022121,3782,16,3766,45000,37293,37363,500,500,7637
172,17118384,17118400,17122134,3750,16,3734,45000,37363,37434,500,500,7566
173,17218430,17218446,17222127,3697,16,3681,45000,37434,37504,500,500,7496
174,17318476,17318492,17322135,3659,16,3643,45000,37504,37574,500,500,7426
175,17418522,17418538,17422121,3599,16,3583,45000,37574,37644,500,500,7356
176,17518568,17518584,17522129,3561,16,3545,45000,37644,37713,500,500,7287
177,17618614,17618630,17622124,3510,16,3494,45000,37713,37782,500,500,7218
178,17718659,17718675,17722125,3466,16,3450,45000,37782,37851,500,500,7149
179,17818705,17818721,17822140,3435,16,3419,45000,37851,37920,500,500,7080
180,17918767,17918783,17922144,3377,16,3361,45000,37920,37988,500,500,7012
181,18018812,18018828,18022140,3328,16,3312,45000,37988,38056,500,500,6944
182,18118857,18118873,18122129,3272,16,3256,45000,38056,38124,500,500,6876
183,18218902,18218918,18222125,3223,16,3207,45000,38124,38192,500,500,6808
184,18318947,18318963,18322128,3181,16,3165,45000,38192,38259,500,500,6741
185,18418993,18419009,18422123,3130,16,3114,45000,38259,38326,500,500,6674
186,18519038,18519054,18522130,3092,16,3076,45000,38326,38392,500,500,6608
187,18619084,18619100,18622123,3039,16,3023,45000,38392,38459,500,500,6541
188,18719129,18719145,18722120,2991,16,2975,45000,38459,38525,500,500,6475
189,18819174,18819190,18822131,2957,16,2941,45000,38525,38591,500,500,6409
190,18919219,18919235,18922127,2908,16,2892,45000,38591,38657,500,500,6343
191,19019265,19019281,19022126,2861,16,2845,45000,38657,38722,500,500,6278
192,19119310,19119326,19122128,2818,16,2802,45000,38722,38787,500,500,6213
193,19219356,19219372,19221161,1805,16,1789,45000,38787,38852,500,500,6148
194,19319402,19319418,19331345,11943,16,11927,45000,38852,38917,500,500,6083
195,19419447,19419463,19431447,12000,16,11984,45000,38917,38981,500,500,6019
196,19519492,19519508,19531514,12022,16,12006,45000,38981,39045,500,500,5955
197,19619539,19619555,19631128,11589,16,11573,45000,39045,39109,500,500,5891
198,19719584,19719600,19731226,11642,16,11626,45000,39109,39172,500,500,5828
199,19819630,19819646,19831250,11620,16,11604,45000,39172,39236,500,500,5764
200,19919694,19919710,19934033,14339,16,14323,45000,39236,39299,500,500,5701
201,20019744,20019760,20031333,11589,16,11573,45000,39299,39361,500,500,5639
202,20119789,20119806,20131434,11645,17,11628,45000,39361,39424,500,500,5576
203,20219836,20219851,20231465,11629,15,11614,45000,39424,39486,500,500,5514
204,20319900,20319915,20331525,11625,15,11610,45000,39486,39548,500,500,5452
205,20419945,20419961,20431570,11625,16,11609,45000,39548,39610,500,500,5390
206,20520012,20520028,20531624,11612,16,11596,45000,39610,39672,500,500,5328
207,20620078,20620093,20631747,11669,15,11654,45000,39672,39733,500,500,5267
208,20720123,20720139,20731774,11651,16,11635,45000,39733,39794,500,500,5206
209,20820188,20820219,20831827,11639,31,11608,45000,39794,39855,500,500,5145
210,20920245,20920261,20931865,11620,16,11604,45000,39855,39916,500,500,5084
211,21020309,21020325,21031931,11622,16,11606,45000,39916,39976,500,500,5024
212,21120357,21120373,21131980,11623,16,11607,45000,39976,40036,500,500,4964
213,21220422,21220438,21232060,11638,16,11622,45000,40036,40096,500,500,4904
214,21320467,21320483,21332094,11627,16,11611,45000,40096,40155,500,500,4845
215,21420532,21420548,21432137,11605,16,11589,45000,40155,40215,500,500,4785
216,21520596,21520612,21532130,11534,16,11518,45000,40215,40274,500,500,4726
217,21620641,21620657,21632147,11506,16,11490,45000,40274,40333,500,500,4667
218,21720702,21720718,21732139,11437,16,11421,45000,40333,40392,500,500,4608
219,21820747,21820763,21832141,11394,16,11378,45000,40392,40450,500,500,4550
220,21920792,21920808,21932119,11327,16,11311,45000,40450,40508,500,500,4492
221,22020837,22020853,22032128,11291,16,11275,45000,40508,40566,500,500,4434
222,22120882,22120899,22132122,11240,17,11223,45000,40566,40624,500,500,4376
223,22220928,22220944,22232123,11195,16,11179,45000,40624,40681,500,500,4319
224,22320974,22320990,22332126,11152,16,11136,45000,40681,40739,500,500,4261
225,22421019,22421035,22432123,11104,16,11088,45000,40739,40796,500,500,4204
226,22521065,22521081,22532120,11055,16,11039,45000,40796,40853,500,500,4147
227,22621112,22621128,22632131,11019,16,11003,45000,40853,40909,500,500,4091
228,22721163,22721179,22732126,10963,16,10947,45000,40909,40965,500,500,4035
229,22821210,22821226,22832123,10913,16,10897,45000,40965,41022,500,500,3978
230,22921257,22921273,22932119,10862,16,10846,45000,41022,41078,500,500,3922
231,23021304,23021320,23032129,10825,16,10809,45000,41078,41133,500,500,3867
232,23121351,23121367,23132122,10771,16,10755,45000,41133,41189,500,500,3811
233,23221398,23221414,23232123,10725,16,10709,45000,41189,41244,500,500,3756
234,23321445,23321461,23332141,10696,16,10680,45000,41244,41299,500,500,3701
235,23421507,23421524,23432146,10639,17,10622,45000,41299,41354,500,500,3646
236,23521554,23521570,23532141,10587,16,10571,45000,41354,41408,500,500,3592
237,23621602,23621618,23632128,10526,16,10510,45000,41408,41463,500,500,3537
238,23721649,23721665,23732121,10472,16,10456,45000,41463,41517,500,500,3483
239,23821695,23821711,23832123,10428,16,10412,45000,41517,41571,500,500,3429
240,23921742,23921758,23932130,10388,16,10372,45000,41571,41625,500,500,3375
241,24021789,24021806,24032125,10336,17,10319,45000,41625,41678,500,500,3322
242,24121836,24121853,24132125,10289,17,10272,45000,41678,41731,500,500,3269
243,24221883,24221899,24232118,10235,16,10219,45000,41731,41784,500,500,3216
244,24321930,24321946,24332130,10200,16,10184,45000,41784,41837,500,500,3163
245,24421977,24421994,24432124,10147,17,10130,45000,41837,41890,500,500,3110
246,24522023,24522040,24532123,10100,17,10083,45000,41890,41942,500,500,3058
247,24622070,24622087,24632131,10061,17,10044,45000,41942,41995,500,500,3005
248,24722118,24722134,24732134,10016,16,10000,45000,41995,42047,500,500,2953
249,24822165,24822181,24832127,9962,16,9946,45000,42047,42098,500,500,2902
250,24922212,24922228,24932126,9914,16,9898,45000,42098,42150,500,500,2850
251,25022276,25022292,25032121,9845,16,9829,45000,42150,42201,500,500,2799
252,25122323,25122340,25132151,9828,17,9811,45000,42201,42253,500,500,2747
253,25222390,25222407,25232147,9757,17,9740,45000,42253,42304,500,500,2696
254,25322437,25322453,25332145,9708,16,9692,45000,42304,42354,500,500,2646
255,25422485,25422501,25432127,9642,16,9626,45000,42354,42405,500,500,2595
256,25522532,25522548,25532124,9592,16,9576,45000,42405,42455,500,500,2545
257,25622578,25622594,25632123,9545,16,9529,45000,42455,42506,500,500,2494
258,25722625,25722641,25732129,9504,16,9488,45000,42506,42555,500,500,2445
259,25822672,25822688,25832123,9451,16,9435,45000,42555,42605,500,500,2395
260,25922718,25922734,25932127,9409,16,9393,45000,42605,42655,500,500,2345
261,26022765,26022781,26032119,9354,16,9338,45000,42655,42704,500,500,2296
262,26122811,26122827,26132146,9335,16,9319,45000,42704,42753,500,500,2247
263,26222877,26222893,26232143,9266,16,9250,45000,42753,42802,500,500,2198
264,26322923,26322939,26332135,9212,16,9196,45000,42802,42851,500,500,2149
265,26422969,26422985,26432126,9157,16,9141,45000,42851,42900,500,500,2100
266,26523016,26523032,26532122,9106,16,9090,45000,42900,42948,500,500,2052
267,26623063,26623079,26632120,9057,16,9041,45000,42948,42996,500,500,2004
268,26723109,26723125,26732128,9019,16,9003,45000,42996,43044,500,500,1956
269,26823157,26823173,26832122,8965,16,8949,45000,43044,43092,500,500,1908
270,26923204,26923220,26932119,8915,16,8899,45000,43092,43140,500,500,1860
271,27023251,27023267,27032130,8879,16,8863,45000,43140,43187,500,500,1813
272,27123299,27123315,27132123,8824,16,8808,45000,43187,43235,500,500,1765
273,27223345,27223361,27232123,8778,16,8762,45000,43235,43282,500,500,1718
274,27323392,27323408,27332120,8728,16,8712,45000,43282,43328,500,500,1672
275,27423439,27423455,27432130,8691,16,8675,45000,43328,43375,500,500,1625
276,27523486,27523502,27532124,8638,16,8622,45000,43375,43422,500,500,1578
277,27623532,27623549,27632124,8592,17,8575,45000,43422,43468,500,500,1532
278,27723579,27723595,27732130,8551,16,8535,45000,43468,43514,500,500,1486
279,27823627,27823643,27832130,8503,16,8487,45000,43514,43560,500,500,1440
280,27923674,27923689,27932131,8457,15,8442,45000,43560,43606,500,500,1394
281,28023720,28023737,28032125,8405,17,8388,45000,43606,43651,500,500,1349
282,28123766,28123783,28132125,8359,17,8342,45000,43651,43697,500,500,1303
283,28223813,28223829,28232120,8307,16,8291,45000,43697,43742,500,500,1258
284,28323860,28323876,28332136,8276,16,8260,45000,43742,43787,500,500,1213
285,28423909,28423925,28432129,8220,16,8204,45000,43787,43832,500,500,1168
286,28523955,28523971,28532129,8174,16,8158,45000,43832,43877,500,500,1123
287,28624002,28624018,28632121,8119,16,8103,45000,43877,43921,500,500,1079
288,28724048,28724064,28732125,8077,16,8061,45000,43921,43965,500,500,1035
289,28824094,28824111,28832139,8045,17,8028,45000,43965,44010,500,500,990
290,28924142,28924158,28932124,7982,16,7966,45000,44010,44053,500,500,947
291,29024188,29024204,29032122,7934,16,7918,45000,44053,44097,500,500,903
292,29124234,29124250,29132127,7893,16,7877,45000,44097,44141,500,500,859
293,29224281,29224297,29232123,7842,16,7826,45000,44141,44184,500,500,816
294,29324327,29324343,29332119,7792,16,7776,45000,44184,44228,500,500,772
295,29424373,29424389,29432130,7757,16,7741,45000,44228,44271,500,500,729
296,29524420,29524436,29532125,7705,16,7689,45000,44271,44314,500,500,686
297,29624466,29624483,29632124,7658,17,7641,45000,44314,44356,500,500,644
298,29724513,29724530,29732121,7608,17,7591,45000,44356,44399,500,500,601
299,29824560,29824576,29832128,7568,16,7552,45000,44399,44441,500,500,559
300,29924607,29924623,29934029,9422,16,9406,45000,44441,44484,500,500,516
301,30024658,30024674,30032084,7426,16,7410,45000,44484,44526,500,500,474
302,30124705,30124721,30132143,7438,16,7422,45000,44526,44568,500,500,432
303,30224752,30224768,30232123,7371,16,7355,45000,44568,44609,500,500,391
304,30324798,30324814,30332125,7327,16,7311,45000,44609,44651,500,500,349
305,30424845,30424862,30432119,7274,17,7257,45000,44651,44692,500,500,308
306,30524892,30524908,30532131,7239,16,7223,45000,44692,44733,500,500,267
307,30624939,30624955,30632123,7184,16,7168,45000,44733,44774,500,500,226
308,30724985,30725001,30732123,7138,16,7122,45000,44774,44815,500,500,185
309,30825031,30825047,30832135,7104,16,7088,45000,44815,44856,500,500,144
310,30925078,30925094,30932140,7062,16,7046,45000,44856,44897,500,500,103
311,31025124,31025140,31032137,7013,16,6997,45000,44897,44937,500,500,63
312,31125171,31125187,31132129,6958,16,6942,45000,44937,44977,500,500,23
313,31225217,31225233,31232124,6907,16,6891,45000,44977,45017,500,500,-17
314,31325263,31325280,31332123,6860,17,6843,45000,45017,45057,500,500,-57
315,31425310,31425326,31432132,6822,16,6806,45000,45057,45097,500,500,-97
316,31525358,31525374,31532126,6768,16,6752,45000,45097,45137,500,500,-137
317,31625404,31625420,31632128,6724,16,6708,45000,45137,45176,500,500,-176
318,31725452,31725468,31732123,6671,16,6655,45000,45176,45216,500,500,-216
319,31825498,31825514,31832122,6624,16,6608,45000,45216,45255,500,500,-255
320,31925545,31925561,31932125,6580,16,6564,45000,45255,45294,500,500,-294
321,32025593,32025609,32032121,6528,16,6512,45000,45294,45332,500,500,-332
322,32125639,32125655,32132119,6480,16,6464,45000,45332,45371,500,500,-371
323,32225686,32225702,32232128,6442,16,6426,45000,45371,45410,500,500,-410
324,32325732,32325748,32332122,6390,16,6374,45000,45410,45448,500,500,-448
325,32425779,32425795,32432120,6341,16,6325,45000,45448,45486,500,500,-486
326,32525826,32525842,32532131,6305,16,6289,45000,45486,45524,500,500,-524
327,32625873,32625889,32632124,6251,16,6235,45000,45524,45562,500,500,-562
328,32725919,32725935,32732126,6207,16,6191,45000,45562,45600,500,500,-600
329,32825966,32825982,32832119,6153,16,6137,45000,45600,45638,500,500,-638
330,32926012,32926028,32932129,6117,16,6101,45000,45638,45675,500,500,-675
331,33026059,33026075,33032123,6064,16,6048,45000,45675,45712,500,500,-712
332,33126105,33126121,33132120,6015,16,5999,45000,45712,45749,500,500,-749
333,33226152,33226168,33232129,5977,16,5961,45000,45749,45786,500,500,-786
334,33326200,33326216,33332124,5924,16,5908,45000,45786,45823,500,500,-823
335,33426246,33426262,33432125,5879,16,5863,45000,45823,45860,500,500,-860
336,33526293,33526309,33532120,5827,16,5811,45000,45860,45897,500,500,-897
337,33626340,33626356,33632144,5804,16,5788,45000,45897,45933,500,500,-933
338,33726406,33726422,33732137,5731,16,5715,45000,45933,45969,500,500,-969
339,33826452,33826468,33832136,5684,16,5668,45000,45969,46005,500,500,-1005
340,33926499,33926515,33932126,5627,16,5611,45000,46005,46041,500,500,-1041
341,34026546,34026562,34032124,5578,16,5562,45000,46041,46077,500,500,-1077
342,34126611,34126627,34132119,5508,16,5492,45000,46077,46113,500,500,-1113
343,34226670,34226687,34232130,5460,17,5443,45000,46113,46148,500,500,-1148
344,34326717,34326733,34332124,5407,16,5391,45000,46148,46184,500,500,-1184
345,34426762,34426777,34432123,5361,15,5346,45000,46184,46219,500,500,-1219
346,34526808,34526824,34532122,5314,16,5298,45000,46219,46254,500,500,-1254
347,34626853,34626869,34632129,5276,16,5260,45000,46254,46289,500,500,-1289
348,34726900,34726916,34732124,5224,16,5208,45000,46289,46324,500,500,-1324
349,34826946,34826961,34832123,5177,15,5162,45000,46324,46359,500,500,-1359
350,34926991,34927007,34932121,5130,16,5114,45000,46359,46393,500,500,-1393
351,35027036,35027052,35032126,5090,16,5074,45000,46393,46428,500,500,-1428
352,35127082,35127098,35132120,5038,16,5022,45000,46428,46462,500,500,-1462
353,35227127,35227144,35232119,4992,17,4975,45000,46462,46496,500,500,-1496
354,35327174,35327190,35332129,4955,16,4939,45000,46496,46530,500,500,-1530
355,35427220,35427236,35432122,4902,16,4886,45000,46530,46564,500,500,-1564
356,35527266,35527282,35532124,4858,16,4842,45000,46564,46598,500,500,-1598
357,35627312,35627328,35632129,4817,16,4801,45000,46598,46631,500,500,-1631
358,35727357,35727374,35732124,4767,17,4750,45000,46631,46665,500,500,-1665
359,35827403,35827419,35832126,4723,16,4707,45000,46665,46698,500,500,-1698
360,35927450,35927466,35932120,4670,16,4654,45000,46698,46731,500,500,-1731
361,36027495,36027511,36032131,4636,16,4620,45000,46731,46765,500,500,-1765
362,36127541,36127557,36132123,4582,16,4566,45000,46765,46797,500,500,-1797
363,36227586,36227602,36232125,4539,16,4523,45000,46797,46830,500,500,-1830
364,36327633,36327649,36332134,4501,16,4485,45000,46830,46863,500,500,-1863
365,36427678,36427694,36432144,4466,16,4450,45000,46863,46895,500,500,-1895
366,36527723,36527739,36532138,4415,16,4399,45000,46895,46928,500,500,-1928
367,36627769,36627785,36632127,4358,16,4342,45000,46928,46960,500,500,-1960
368,36727815,36727831,36732126,4311,16,4295,45000,46960,46992,500,500,-1992
369,36827861,36827877,36832124,4263,16,4247,45000,46992,47024,500,500,-2024
370,36927907,36927923,36932130,4223,16,4207,45000,47024,47056,500,500,-2056
371,37027953,37027970,37032125,4172,17,4155,45000,47056,47088,500,500,-2088
372,37128000,37128016,37132124,4124,16,4108,45000,47088,47120,500,500,-2120
373,37228045,37228061,37232119,4074,16,4058,45000,47120,47151,500,500,-2151
374,37328091,37328107,37332130,4039,16,4023,45000,47151,47183,500,500,-2183
375,37428137,37428153,37432127,3990,16,3974,45000,47183,47214,500,500,-2214
376,37528183,37528199,37532127,3944,16,3928,45000,47214,47245,500,500,-2245
377,37628228,37628244,37632122,3894,16,3878,45000,47245,47276,500,500,-2276
378,37728273,37728289,37732130,3857,16,3841,45000,47276,47307,500,500,-2307
379,37828319,37828335,37832123,3804,16,3788,45000,47307,47338,500,500,-2338
380,37928365,37928381,37932127,3762,16,3746,45000,47338,47368,500,500,-2368
381,38028411,38028427,38032120,3709,16,3693,45000,47368,47399,500,500,-2399
382,38128457,38128473,38132129,3672,16,3656,45000,47399,47429,500,500,-2429
383,38228503,38228519,38232133,3630,16,3614,45000,47429,47460,500,500,-2460
384,38328548,38328564,38332120,3572,16,3556,45000,47460,47490,500,500,-2490
385,38428593,38428610,38432129,3536,17,3519,45000,47490,47520,500,500,-2520
386,38528639,38528655,38532124,3485,16,3469,45000,47520,47550,500,500,-2550
387,38628684,38628700,38632124,3440,16,3424,45000,47550,47580,500,500,-2580
388,38728730,38728746,38732130,3400,16,3384,45000,47580,47609,500,500,-2609
389,38828776,38828792,38832125,3349,16,3333,45000,47609,47639,500,500,-2639
390,38928821,38928837,38932123,3302,16,3286,45000,47639,47668,500,500,-2668
391,39028867,39028883,39032121,3254,16,3238,45000,47668,47698,500,500,-2698
392,39128913,39128929,39132147,3234,16,3218,45000,47698,47727,500,500,-2727
393,39228978,39228994,39232144,3166,16,3150,45000,47727,47756,500,500,-2756
394,39329024,39329040,39332138,3114,16,3098,45000,47756,47785,500,500,-2785
395,39429069,39429085,39432128,3059,16,3043,45000,47785,47814,500,500,-2814
396,39529114,39529130,39532123,3009,16,2993,45000,47814,47842,500,500,-2842
397,39629160,39629176,39632122,2962,16,2946,45000,47842,47871,500,500,-2871
398,39729221,39729237,39732132,2911,16,2895,45000,47871,47900,500,500,-2900
399,39829267,39829283,39832126,2859,16,2843,45000,47900,47928,500,500,-2928
400,39929312,39929328,39934026,4714,16,4698,45000,47928,47956,500,500,-2956
401,40029362,40029378,40032097,2735,16,2719,45000,47956,47984,500,500,-2984
402,40129407,40129423,40142112,12705,16,12689,45000,47984,48012,500,500,-3012
403,40229452,40229468,40242124,12672,16,12656,45000,48012,48040,500,500,-3040
404,40329498,40329514,40342124,12626,16,12610,45000,48040,48068,500,500,-3068
405,40429543,40429559,40441139,11596,16,11580,45000,48068,48096,500,500,-3096
406,40529589,40529605,40541237,11648,16,11632,45000,48096,48124,500,500,-3124
407,40629635,40629651,40641262,11627,16,11611,45000,48124,48151,500,500,-3151
408,40729698,40729714,40741316,11618,16,11602,45000,48151,48179,500,500,-3179
409,40829747,40829763,40841365,11618,16,11602,45000,48179,48206,500,500,-3206
410,40929812,40929828,40941449,11637,16,11621,45000,48206,48233,500,500,-3233
411,41029857,41029873,41041478,11621,16,11605,45000,48233,48260,500,500,-3260
412,41129924,41129941,41141557,11633,17,11616,45000,48260,48287,500,500,-3287
413,41229970,41229986,41241594,11624,16,11608,45000,48287,48314,500,500,-3314
414,41330019,41330035,41341645,11626,16,11610,45000,48314,48341,500,500,-3341
415,41430084,41430100,41441724,11640,16,11624,45000,48341,48367,500,500,-3367
416,41530131,41530147,41541763,11632,16,11616,45000,48367,48394,500,500,-3394
417,41630179,41630195,41641812,11633,16,11617,45000,48394,48420,500,500,-3420
418,41730245,41730262,41741861,11616,17,11599,45000,48420,48447,500,500,-3447
419,41830320,41830336,41841974,11654,16,11638,45000,48447,48473,500,500,-3473
420,41930366,41930382,41942016,11650,16,11634,45000,48473,48499,500,500,-3499
421,42030412,42030427,42042060,11648,15,11633,45000,48499,48525,500,500,-3525
422,42130476,42130491,42142094,11618,15,11603,45000,48525,48551,500,500,-3551
423,42230522,42230538,42242126,11604,16,11588,45000,48551,48577,500,500,-3577
424,42330567,42330583,42342139,11572,16,11556,45000,48577,48602,500,500,-3602
425,42430613,42430629,42442127,11514,16,11498,45000,48602,48628,500,500,-3628
426,42530659,42530675,42542144,11485,16,11469,45000,48628,48653,500,500,-3653
427,42630719,42630735,42642138,11419,16,11403,45000,48653,48679,500,500,-3679
428,42730765,42730781,42742121,11356,16,11340,45000,48679,48704,500,500,-3704
429,42830812,42830828,42842129,11317,16,11301,45000,48704,48729,500,500,-3729
430,42930858,42930874,42942122,11264,16,11248,45000,48729,48754,500,500,-3754
431,43030903,43030919,43042121,11218,16,11202,45000,48754,48779,500,500,-3779
432,43130948,43130964,43142130,11182,16,11166,45000,48779,48804,500,500,-3804
433,43230994,43231010,43242123,11129,16,11113,45000,48804,48829,500,500,-3829
434,43331039,43331055,43342124,11085,16,11069,45000,48829,48854,500,500,-3854
435,43431084,43431100,43442120,11036,16,11020,45000,48854,48878,500,500,-3878
436,43531131,43531147,43542134,11003,16,10987,45000,48878,48903,500,500,-3903
437,43631179,43631195,43642129,10950,16,10934,45000,48903,48927,500,500,-3927
438,43731225,43731241,43742126,10901,16,10885,45000,48927,48951,500,500,-3951
439,43831272,43831288,43842124,10852,16,10836,45000,48951,48976,500,500,-3976
440,43931319,43931335,43942127,10808,16,10792,45000,48976,49000,500,500,-4000
441,44031367,44031383,44042141,10774,16,10758,45000,49000,49024,500,500,-4024
442,44131413,44131430,44142131,10718,17,10701,45000,49024,49048,500,500,-4048
443,44231460,44231476,44242129,10669,16,10653,45000,49048,49071,500,500,-4071
444,44331507,44331523,44342127,10620,16,10604,45000,49071,49095,500,500,-4095
445,44431554,44431570,44442126,10572,16,10556,45000,49095,49119,500,500,-4119
446,44531601,44531617,44542121,10520,16,10504,45000,49119,49142,500,500,-4142
447,44631648,44631664,44642134,10486,16,10470,45000,49142,49166,500,500,-4166
448,44731695,44731711,44742102,10407,16,10391,45000,49166,49189,500,500,-4189
449,44831742,44831758,44842129,10387,16,10371,45000,49189,49212,500,500,-4212
450,44931790,44931806,44942124,10334,16,10318,45000,49212,49235,500,500,-4235
451,45031836,45031852,45042123,10287,16,10271,45000,49235,49258,500,500,-4258
452,45131883,45131899,45142119,10236,16,10220,45000,49258,49281,500,500,-4281
453,45231930,45231946,45242128,10198,16,10182,45000,49281,49304,500,500,-4304
454,45331977,45331993,45342122,10145,16,10129,45000,49304,49327,500,500,-4327
455,45432025,45432041,45442124,10099,16,10083,45000,49327,49350,500,500,-4350
456,45532071,45532087,45542128,10057,16,10041,45000,49350,49372,500,500,-4372
457,45632118,45632134,45642124,10006,16,9990,45000,49372,49395,500,500,-4395
458,45732165,45732181,45742124,9959,16,9943,45000,49395,49417,500,500,-4417
459,45832211,45832227,45842122,9911,16,9895,45000,49417,49440,500,500,-4440
460,45932273,45932289,45942127,9854,16,9838,45000,49440,49462,500,500,-4462
461,46032329,46032345,46042124,9795,16,9779,45000,49462,49484,500,500,-4484
462,46132374,46132390,46142120,9746,16,9730,45000,49484,49506,500,500,-4506
463,46232421,46232437,46242128,9707,16,9691,45000,49506,49528,500,500,-4528
464,46332468,46332484,46342125,9657,16,9641,45000,49528,49550,500,500,-4550
465,46432514,46432530,46442121,9607,16,9591,45000,49550,49572,500,500,-4572
466,46532561,46532577,46542122,9561,16,9545,45000,49572,49593,500,500,-4593
467,46632608,46632624,46642141,9533,16,9517,45000,49593,49615,500,500,-4615
468,46732655,46732671,46742138,9483,16,9467,45000,49615,49637,500,500,-4637
469,46832702,46832717,46842134,9432,15,9417,45000,49637,49658,500,500,-4658
470,46932748,46932765,46942126,9378,17,9361,45000,49658,49679,500,500,-4679
471,47032795,47032811,47042122,9327,16,9311,45000,49679,49701,500,500,-4701
472,47132841,47132857,47142119,9278,16,9262,45000,49701,49722,500,500,-4722
473,47232888,47232904,47242132,9244,16,9228,45000,49722,49743,500,500,-4743
474,47332935,47332951,47342126,9191,16,9175,45000,49743,49764,500,500,-4764
475,47432981,47432997,47442125,9144,16,9128,45000,49764,49785,500,500,-4785
476,47533028,47533045,47542122,9094,17,9077,45000,49785,49806,500,500,-4806
477,47633075,47633091,47642127,9052,16,9036,45000,49806,49827,500,500,-4827
478,47733122,47733138,47742123,9001,16,8985,45000,49827,49847,500,500,-4847
479,47833168,47833184,47842121,8953,16,8937,45000,49847,49868,500,500,-4868
480,47933214,47933231,47942128,8914,17,8897,45000,49868,49888,500,500,-4888
481,48033262,48033279,48042125,8863,17,8846,45000,49888,49909,500,500,-4909
482,48133308,48133324,48142122,8814,16,8798,45000,49909,49929,500,500,-4929
483,48233355,48233371,48242120,8765,16,8749,45000,49929,49950,500,500,-4950
484,48333402,48333418,48342128,8726,16,8710,45000,49950,49970,500,500,-4970
485,48433449,48433466,48442123,8674,17,8657,45000,49970,49990,500,500,-4990
486,48533495,48533511,48542119,8624,16,8608,45000,49990,50010,500,500,-5010
487,48633542,48633557,48642130,8588,15,8573,45000,50010,50030,500,500,-5030
488,48733589,48733605,48742123,8534,16,8518,45000,50030,50050,500,500,-5050
489,48833635,48833652,48842125,8490,17,8473,45000,50050,50070,500,500,-5070
490,48933683,48933698,48942120,8437,15,8422,45000,50070,50089,500,500,-5089
491,49033729,49033745,49042128,8399,16,8383,45000,50089,50109,500,500,-5109
492,49133777,49133793,49142123,8346,16,8330,45000,50109,50128,500,500,-5128
493,49233824,49233840,49242122,8298,16,8282,45000,50128,50148,500,500,-5148
494,49333870,49333886,49342138,8268,16,8252,45000,50148,50167,500,500,-5167
495,49433933,49433949,49442142,8209,16,8193,45000,50167,50187,500,500,-5187
496,49533980,49533996,49542138,8158,16,8142,45000,50187,50206,500,500,-5206
497,49634027,49634042,49642127,8100,15,8085,45000,50206,50225,500,500,-5225
498,49734073,49734089,49742126,8053,16,8037,45000,50225,50244,500,500,-5244
499,49834121,49834137,49842120,7999,16,7983,45000,50244,50263,500,500,-5263
500,49934168,49934184,49944026,9858,16,9842,45000,50263,50282,500,500,-5282
501,50034219,50034235,50042087,7868,16,7852,45000,50282,50301,500,500,-5301
502,50134265,50134281,50142126,7861,16,7845,45000,50301,50320,500,500,-5320
503,50234313,50234329,50242119,7806,16,7790,45000,50320,50339,500,500,-5339
504,50334360,50334376,50342134,7774,16,7758,45000,50339,50357,500,500,-5357
505,50434408,50434424,50442102,7694,16,7678,45000,50357,50376,500,500,-5376
506,50534456,50534472,50542128,7672,16,7656,45000,50376,50394,500,500,-5394
507,50634503,50634519,50642120,7617,16,7601,45000,50394,50413,500,500,-5413
508,50734550,50734566,50742131,7581,16,7565,45000,50413,50431,500,500,-5431
509,50834597,50834613,50842100,7503,16,7487,45000,50431,50449,500,500,-5449
510,50934643,50934659,50942124,7481,16,7465,45000,50449,50468,500,500,-5468
511,51034690,51034706,51042128,7438,16,7422,45000,50468,50486,500,500,-5486
512,51134737,51134753,51142126,7389,16,7373,45000,50486,50504,500,500,-5504
513,51234784,51234800,51242123,7339,16,7323,45000,50504,50522,500,500,-5522
514,51334831,51334847,51342120,7289,16,7273,45000,50522,50540,500,500,-5540
515,51434877,51434893,51442128,7251,16,7235,45000,50540,50558,500,500,-5558
516,51534924,51534940,51542122,7198,16,7182,45000,50558,50575,500,500,-5575
517,51634970,51634986,51642120,7150,16,7134,45000,50575,50593,500,500,-5593
518,51735017,51735033,51742128,7111,16,7095,45000,50593,50611,500,500,-5611
519,51835064,51835080,51842124,7060,16,7044,45000,50611,50628,500,500,-5628
520,51935110,51935126,51942123,7013,16,6997,45000,50628,50646,500,500,-5646
521,52035157,52035173,52042120,6963,16,6947,45000,50646,50663,500,500,-5663
522,52135203,52135219,52142144,6941,16,6925,45000,50663,50680,500,500,-5680
523,52235269,52235285,52242139,6870,16,6854,45000,50680,50698,500,500,-5698
524,52335316,52335332,52342138,6822,16,6806,45000,50698,50715,500,500,-5715
525,52435363,52435379,52442125,6762,16,6746,45000,50715,50732,500,500,-5732
526,52535409,52535425,52542121,6712,16,6696,45000,50732,50749,500,500,-5749
527,52635456,52635472,52642118,6662,16,6646,45000,50749,50766,500,500,-5766
528,52735502,52735518,52742129,6627,16,6611,45000,50766,50783,500,500,-5783
529,52835550,52835566,52842123,6573,16,6557,45000,50783,50800,500,500,-5800
530,52935596,52935612,52942124,6528,16,6512,45000,50800,50817,500,500,-5817
531,53035644,53035660,53042128,6484,16,6468,45000,50817,50833,500,500,-5833
532,53135690,53135705,53142129,6439,15,6424,45000,50833,50850,500,500,-5850
533,53235736,53235752,53242124,6388,16,6372,45000,50850,50867,500,500,-5867
534,53335781,53335798,53342123,6342,17,6325,45000,50867,50883,500,500,-5883
535,53435828,53435844,53442120,6292,16,6276,45000,50883,50900,500,500,-5900
536,53535874,53535890,53542129,6255,16,6239,45000,50900,50916,500,500,-5916
537,53635921,53635938,53642122,6201,17,6184,45000,50916,50932,500,500,-5932
538,53735967,53735983,53742124,6157,16,6141,45000,50932,50949,500,500,-5949
539,53836014,53836030,53842124,6110,16,6094,45000,50949,50965,500,500,-5965
540,53936061,53936077,53942125,6064,16,6048,45000,50965,50981,500,500,-5981
541,54036108,54036124,54042120,6012,16,5996,45000,50981,50997,500,500,-5997
542,54136154,54136170,54142128,5974,16,5958,45000,50997,51013,500,500,-6013
543,54236201,54236217,54242123,5922,16,5906,45000,51013,51029,500,500,-6029
544,54336248,54336264,54342123,5875,16,5859,45000,51029,51045,500,500,-6045
545,54436295,54436311,54442118,5823,16,5807,45000,51045,51061,500,500,-6061
546,54536341,54536357,54542127,5786,16,5770,45000,51061,51077,500,500,-6077
547,54636388,54636404,54642122,5734,16,5718,45000,51077,51092,500,500,-6092
548,54736434,54736451,54742121,5687,17,5670,45000,51092,51108,500,500,-6108
549,54836482,54836498,54842138,5656,16,5640,45000,51108,51123,500,500,-6123
550,54936545,54936561,54942145,5600,16,5584,45000,51123,51139,500,500,-6139
551,55036591,55036607,55042141,5550,16,5534,45000,51139,51154,500,500,-6154
552,55136654,55136671,55142127,5473,17,5456,45000,51154,51170,500,500,-6170
553,55236674,55236690,55242128,5454,16,5438,45000,51170,51185,500,500,-6185
554,55336720,55336736,55342119,5399,16,5383,45000,51185,51200,500,500,-6200
555,55436766,55436782,55442130,5364,16,5348,45000,51200,51216,500,500,-6216
556,55536811,55536827,55542125,5314,16,5298,45000,51216,51231,500,500,-6231
557,55636857,55636873,55642122,5265,16,5249,45000,51231,51246,500,500,-6246
558,55736903,55736919,55742122,5219,16,5203,45000,51246,51261,500,500,-6261
559,55836949,55836965,55842128,5179,16,5163,45000,51261,51276,500,500,-6276
560,55936995,55937011,55942122,5127,16,5111,45000,51276,51291,500,500,-6291
561,56037041,56037058,56042121,5080,17,5063,45000,51291,51305,500,500,-6305
562,56137087,56137103,56142133,5046,16,5030,45000,51305,51320,500,500,-6320
563,56237132,56237148,56242128,4996,16,4980,45000,51320,51335,500,500,-6335
564,56337177,56337193,56342128,4951,16,4935,45000,51335,51350,500,500,-6350
565,56437223,56437239,56442124,4901,16,4885,45000,51350,51364,500,500,-6364
566,56537268,56537285,56542123,4855,17,4838,45000,51364,51379,500,500,-6379
567,56637314,56637330,56642130,4816,16,4800,45000,51379,51393,500,500,-6393
568,56737360,56737376,56742123,4763,16,4747,45000,51393,51408,500,500,-6408
569,56837406,56837422,56842124,4718,16,4702,45000,51408,51422,500,500,-6422
570,56937452,56937468,56942128,4676,16,4660,45000,51422,51436,500,500,-6436
571,57037498,57037514,57042124,4626,16,4610,45000,51436,51451,500,500,-6451
572,57137543,57137559,57142119,4576,16,4560,45000,51451,51465,500,500,-6465
573,57237589,57237605,57242128,4539,16,4523,45000,51465,51479,500,500,-6479
574,57337634,57337651,57342123,4489,17,4472,45000,51479,51493,500,500,-6493
575,57437680,57437695,57442124,4444,15,4429,45000,51493,51507,500,500,-6507
576,57537726,57537741,57542119,4393,15,4378,45000,51507,51521,500,500,-6521
577,57637771,57637787,57642148,4377,16,4361,45000,51521,51535,500,500,-6535
578,57737837,57737853,57742143,4306,16,4290,45000,51535,51549,500,500,-6549
579,57837882,57837899,57842138,4256,17,4239,45000,51549,51563,500,500,-6563
580,57937929,57937945,57942126,4197,16,4181,45000,51563,51576,500,500,-6576
581,58037974,58037990,58042123,4149,16,4133,45000,51576,51590,500,500,-6590
582,58138020,58138036,58142121,4101,16,4085,45000,51590,51604,500,500,-6604
583,58238065,58238082,58242129,4064,17,4047,45000,51604,51617,500,500,-6617
584,58338112,58338128,58342123,4011,16,3995,45000,51617,51631,500,500,-6631
585,58438157,58438173,58442122,3965,16,3949,45000,51631,51644,500,500,-6644
586,58538203,58538219,58542126,3923,16,3907,45000,51644,51658,500,500,-6658
587,58638249,58638265,58642129,3880,16,3864,45000,51658,51671,500,500,-6671
588,58738294,58738310,58742122,3828,16,3812,45000,51671,51684,500,500,-6684
589,58838340,58838355,58842119,3779,15,3764,45000,51684,51698,500,500,-6698
590,58938385,58938401,58942130,3745,16,3729,45000,51698,51711,500,500,-6711
591,59038431,59038447,59042124,3693,16,3677,45000,51711,51724,500,500,-6724
592,59138476,59138492,59142129,3653,16,3637,45000,51724,51737,500,500,-6737
593,59238522,59238538,59242134,3612,16,3596,45000,51737,51750,500,500,-6750
594,59338567,59338583,59342132,3565,16,3549,45000,51750,51763,500,500,-6763
595,59438613,59438629,59442128,3515,16,3499,45000,51763,51776,500,500,-6776
596,59538658,59538674,59542126,3468,16,3452,45000,51776,51789,500,500,-6789
597,59638704,59638720,59642123,3419,16,3403,45000,51789,51802,500,500,-6802
598,59738749,59738765,59742123,3374,16,3358,45000,51802,51815,500,500,-6815
599,59838794,59838810,59842135,3341,16,3325,45000,51815,51827,500,500,-6827
600,59938839,59938855,59944038,5199,16,5183,45000,51827,51840,500,500,-6840
601,60038888,60038905,60042092,3204,17,3187,65000,51840,51853,500,500,13147
602,60138933,60138949,60142128,3195,16,3179,65000,51853,51865,500,500,13135
603,60238980,60238996,60242120,3140,16,3124,65000,51865,51878,500,500,13122
604,60339025,60339041,60342140,3115,16,3099,65000,51878,51890,500,500,13110
605,60439087,60439103,60442103,3016,16,3000,65000,51890,51903,500,500,13097
606,60539134,60539150,60542118,2984,16,2968,65000,51903,51915,500,500,13085
607,60639180,60639196,60642130,2950,16,2934,65000,51915,51928,500,500,13072
608,60739226,60739242,60742124,2898,16,2882,65000,51928,51940,500,500,13060
609,60839271,60839287,60842127,2856,16,2840,65000,51940,51952,500,500,13048
610,60939317,60939333,60941115,1798,16,1782,65000,51952,51964,500,500,13036
611,61039362,61039379,61041221,1859,17,1842,65000,51964,51976,500,500,13024
612,61139408,61139424,61151381,11973,16,11957,65000,51976,51989,500,500,13011
613,61239453,61239469,61251483,12030,16,12014,65000,51989,52001,500,500,12999
614,61339499,61339515,61351556,12057,16,12041,65000,52001,52013,500,500,12987
615,61439544,61439560,61451133,11589,16,11573,65000,52013,52024,500,500,12976
616,61539590,61539606,61551232,11642,16,11626,65000,52024,52036,500,500,12964
617,61639635,61639651,61651264,11629,16,11613,65000,52036,52048,500,500,12952
618,61739684,61739700,61751309,11625,16,11609,65000,52048,52060,500,500,12940
619,61839750,61839766,61851362,11612,16,11596,65000,52060,52072,500,500,12928
620,61939800,61939816,61951415,11615,16,11599,65000,52072,52084,500,500,12916
621,62039850,62039866,62051473,11623,16,11607,65000,52084,52095,500,500,12905
622,62139898,62139914,62151520,11622,16,11606,65000,52095,52107,500,500,12893
623,62239963,62239980,62251577,11614,17,11597,65000,52107,52118,500,500,12882
624,62340012,62340028,62351663,11651,16,11635,65000,52118,52130,500,500,12870
625,62440057,62440073,62451702,11645,16,11629,65000,52130,52141,500,500,12859
626,62540104,62540121,62551745,11641,17,11624,65000,52141,52153,500,500,12847
627,62640151,62640167,62651791,11640,16,11624,65000,52153,52164,500,500,12836
628,62740227,62740243,62751840,11613,16,11597,65000,52164,52176,500,500,12824
629,62840303,62840319,62851948,11645,16,11629,65000,52176,52187,500,500,12813
630,62940349,62940365,62951985,11636,16,11620,65000,52187,52198,500,500,12802
631,63040396,63040412,63052030,11634,16,11618,65000,52198,52209,500,500,12791
632,63140460,63140476,63152086,11626,16,11610,65000,52209,52220,500,500,12780
633,63240507,63240523,63252127,11620,16,11604,65000,52220,52232,500,500,12768
634,63340569,63340585,63352136,11567,16,11551,65000,52232,52243,500,500,12757
635,63440615,63440631,63452126,11511,16,11495,65000,52243,52254,500,500,12746
636,63540661,63540677,63552141,11480,16,11464,65000,52254,52265,500,500,12735
637,63640706,63640722,63652134,11428,16,11412,65000,52265,52276,500,500,12724
638,63740751,63740767,63752143,11392,16,11376,65000,52276,52287,500,500,12713
639,63840797,63840813,63852126,11329,16,11313,65000,52287,52297,500,500,12703
640,63940841,63940858,63952120,11279,17,11262,65000,52297,52308,500,500,12692
641,64040887,64040903,64052129,11242,16,11226,65000,52308,52319,500,500,12681
642,64140934,64140950,64152125,11191,16,11175,65000,52319,52330,500,500,12670
643,64240979,64240995,64252120,11141,16,11125,65000,52330,52340,500,500,12660
644,64341024,64341041,64352121,11097,17,11080,65000,52340,52351,500,500,12649
645,64441069,64441085,64452131,11062,16,11046,65000,52351,52362,500,500,12638
646,64541115,64541131,64552124,11009,16,10993,65000,52362,52372,500,500,12628
647,64641163,64641179,64652123,10960,16,10944,65000,52372,52383,500,500,12617
648,64741210,64741226,64752128,10918,16,10902,65000,52383,52393,500,500,12607
649,64841257,64841273,64852126,10869,16,10853,65000,52393,52404,500,500,12596
650,64941303,64941319,64952122,10819,16,10803,65000,52404,52414,500,500,12586
651,65041351,65041367,65052122,10771,16,10755,65000,52414,52424,500,500,12576
652,65141398,65141414,65152142,10744,16,10728,65000,52424,52435,500,500,12565
653,65241446,65241462,65252143,10697,16,10681,65000,52435,52445,500,500,12555
654,65341493,65341509,65352133,10640,16,10624,65000,52445,52455,500,500,12545
655,65441539,65441555,65452124,10585,16,10569,65000,52455,52465,500,500,12535
656,65541587,65541603,65552124,10537,16,10521,65000,52465,52475,500,500,12525
657,65641634,65641650,65652119,10485,16,10469,65000,52475,52485,500,500,12515
658,65741682,65741698,65752130,10448,16,10432,65000,52485,52496,500,500,12504
659,65841729,65841745,65852125,10396,16,10380,65000,52496,52506,500,500,12494
660,65941776,65941792,65952124,10348,16,10332,65000,52506,52516,500,500,12484
661,66041822,66041838,66052121,10299,16,10283,65000,52516,52525,500,500,12475
662,66141869,66141885,66152131,10262,16,10246,65000,52525,52535,500,500,12465
663,66241916,66241933,66252125,10209,17,10192,65000,52535,52545,500,500,12455
664,66341964,66341980,66352122,10158,16,10142,65000,52545,52555,500,500,12445
665,66442010,66442026,66452120,10110,16,10094,65000,52555,52565,500,500,12435
666,66542057,66542073,66552128,10071,16,10055,65000,52565,52575,500,500,12425
667,66642103,66642119,66652120,10017,16,10001,65000,52575,52584,500,500,12416
668,66742150,66742166,66752122,9972,16,9956,65000,52584,52594,500,500,12406
669,66842197,66842213,66852128,9931,16,9915,65000,52594,52604,500,500,12396
670,66942244,66942280,66952123,9879,36,9843,65000,52604,52613,500,500,12387
671,67042296,67042312,67052121,9825,16,9809,65000,52613,52623,500,500,12377
672,67142342,67142358,67152129,9787,16,9771,65000,52623,52632,500,500,12368
673,67242390,67242406,67252124,9734,16,9718,65000,52632,52642,500,500,12358
674,67342436,67342453,67352125,9689,17,9672,65000,52642,52651,500,500,12349
675,67442483,67442499,67452121,9638,16,9622,65000,52651,52661,500,500,12339
676,67542530,67542546,67552126,9596,16,9580,65000,52661,52670,500,500,12330
677,67642577,67642593,67652122,9545,16,9529,65000,52670,52679,500,500,12321
678,67742623,67742640,67752120,9497,17,9480,65000,52679,52688,500,500,12312
679,67842670,67842686,67852138,9468,16,9452,65000,52688,52698,500,500,12302
680,67942733,67942749,67952143,9410,16,9394,65000,52698,52707,500,500,12293
681,68042779,68042795,68052141,9362,16,9346,65000,52707,52716,500,500,12284
682,68142827,68142843,68152126,9299,16,9283,65000,52716,52725,500,500,12275
683,68242874,68242890,68252125,9251,16,9235,65000,52725,52734,500,500,12266
684,68342920,68342936,68352119,9199,16,9183,65000,52734,52743,500,500,12257
685,68442967,68442983,68452127,9160,16,9144,65000,52743,52752,500,500,12248
686,68543014,68543031,68552122,9108,17,9091,65000,52752,52761,500,500,12239
687,68643061,68643077,68652125,9064,16,9048,65000,52761,52770,500,500,12230
688,68743108,68743124,68752118,9010,16,8994,65000,52770,52779,500,500,12221
689,68843155,68843171,68852133,8978,16,8962,65000,52779,52788,500,500,12212
690,68943202,68943217,68952126,8924,15,8909,65000,52788,52797,500,500,12203
691,69043248,69043265,69052121,8873,17,8856,65000,52797,52806,500,500,12194
692,69143295,69143311,69152125,8830,16,8814,65000,52806,52815,500,500,12185
693,69243342,69243358,69252130,8788,16,8772,65000,52815,52823,500,500,12177
694,69343388,69343404,69352125,8737,16,8721,65000,52823,52832,500,500,12168
695,69443435,69443451,69452126,8691,16,8675,65000,52832,52841,500,500,12159
696,69543481,69543497,69552118,8637,16,8621,65000,52841,52849,500,500,12151
697,69643528,69643544,69652129,8601,16,8585,65000,52849,52858,500,500,12142
698,69743575,69743591,69752120,8545,16,8529,65000,52858,52867,500,500,12133
699,69843622,69843638,69852119,8497,16,8481,65000,52867,52875,500,500,12125
700,69943668,69943684,69954031,10363,16,10347,65000,52875,52884,500,500,12116
701,70043719,70043735,70052087,8368,16,8352,65000,52884,52892,500,500,12108
702,70143766,70143783,70152124,8358,17,8341,65000,52892,52900,500,500,12100
703,70243815,70243831,70252128,8313,16,8297,65000,52900,52909,500,500,12091
704,70343862,70343878,70352124,8262,16,8246,65000,52909,52917,500,500,12083
705,70443909,70443925,70452125,8216,16,8200,65000,52917,52926,500,500,12074
706,70543956,70543972,70552120,8164,16,8148,65000,52926,52934,500,500,12066
707,70644002,70644018,70652147,8145,16,8129,65000,52934,52942,500,500,12058
708,70744069,70744086,70752142,8073,17,8056,65000,52942,52950,500,500,12050
709,70844116,70844132,70852138,8022,16,8006,65000,52950,52959,500,500,12041
710,70944164,70944180,70952126,7962,16,7946,65000,52959,52967,500,500,12033
711,71044210,71044226,71052123,7913,16,7897,65000,52967,52975,500,500,12025
712,71144257,71144273,71152119,7862,16,7846,65000,52975,52983,500,500,12017
713,71244304,71244320,71252130,7826,16,7810,65000,52983,52991,500,500,12009
714,71344352,71344368,71352122,7770,16,7754,65000,52991,52999,500,500,12001
715,71444398,71444414,71452123,7725,16,7709,65000,52999,53007,500,500,11993
716,71544444,71544460,71552128,7684,16,7668,65000,53007,53015,500,500,11985
717,71644491,71644507,71652123,7632,16,7616,65000,53015,53023,500,500,11977
718,71744537,71744553,71752124,7587,16,7571,65000,53023,53031,500,500,11969
719,71844584,71844600,71852119,7535,16,7519,65000,53031,53039,500,500,11961
720,71944631,71944647,71952135,7504,16,7488,65000,53039,53047,500,500,11953
721,72044695,72044711,72052128,7433,16,7417,65000,53047,53054,500,500,11946
722,72144741,72144757,72152125,7384,16,7368,65000,53054,53062,500,500,11938
723,72244788,72244804,72252124,7336,16,7320,65000,53062,53070,500,500,11930
724,72344834,72344850,72352119,7285,16,7269,65000,53070,53078,500,500,11922
725,72444880,72444897,72452128,7248,17,7231,65000,53078,53085,500,500,11915
726,72544928,72544944,72552122,7194,16,7178,65000,53085,53093,500,500,11907
727,72644974,72644990,72652124,7150,16,7134,65000,53093,53101,500,500,11899
728,72745021,72745037,72752125,7104,16,7088,65000,53101,53108,500,500,11892
729,72845067,72845083,72852125,7058,16,7042,65000,53108,53116,500,500,11884
730,72945114,72945131,72952121,7007,17,6990,65000,53116,53123,500,500,11877
731,73045161,73045177,73052127,6966,16,6950,65000,53123,53131,500,500,11869
732,73145208,73145224,73152122,6914,16,6898,65000,53131,53138,500,500,11862
733,73245254,73245270,73252123,6869,16,6853,65000,53138,53146,500,500,11854
734,73345301,73345317,73352139,6838,16,6822,65000,53146,53153,500,500,11847
735,73445365,73445381,73452145,6780,16,6764,65000,53153,53161,500,500,11839
736,73545411,73545427,73552147,6736,16,6720,65000,53161,53168,500,500,11832
737,73645459,73645475,73652105,6646,16,6630,65000,53168,53175,500,500,11825
738,73745527,73745543,73752124,6597,16,6581,65000,53175,53183,500,500,11817
739,73845574,73845590,73852120,6546,16,6530,65000,53183,53190,500,500,11810
740,73945638,73945655,73952128,6490,17,6473,65000,53190,53197,500,500,11803
741,74045687,74045703,74052124,6437,16,6421,65000,53197,53204,500,500,11796
742,74145733,74145749,74152121,6388,16,6372,65000,53204,53211,500,500,11789
743,74245781,74245797,74252123,6342,16,6326,65000,53211,53219,500,500,11781
744,74345827,74345843,74352130,6303,16,6287,65000,53219,53226,500,500,11774
745,74445873,74445889,74452125,6252,16,6236,65000,53226,53233,500,500,11767
746,74545921,74545936,74552121,6200,15,6185,65000,53233,53240,500,500,11760
747,74645967,74645983,74652130,6163,16,6147,65000,53240,53247,500,500,11753
748,74746014,74746031,74752123,6109,17,6092,65000,53247,53254,500,500,11746
749,74846061,74846077,74852127,6066,16,6050,65000,53254,53261,500,500,11739
750,74946109,74946125,74952117,6008,16,5992,65000,53261,53268,500,500,11732
751,75046155,75046171,75052133,5978,16,5962,65000,53268,53275,500,500,11725
752,75146202,75146218,75152129,5927,16,5911,65000,53275,53282,500,500,11718
753,75246249,75246265,75252125,5876,16,5860,65000,53282,53289,500,500,11711
754,75346296,75346312,75352126,5830,16,5814,65000,53289,53295,500,500,11705
755,75446343,75446360,75452121,5778,17,5761,65000,53295,53302,500,500,11698
756,75546390,75546406,75552144,5754,16,5738,65000,53302,53309,500,500,11691
757,75646456,75646472,75652111,5655,16,5639,65000,53309,53316,500,500,11684
758,75746503,75746519,75752127,5624,16,5608,65000,53316,53323,500,500,11677
759,75846549,75846565,75852127,5578,16,5562,65000,53323,53329,500,500,11671
760,75946596,75946612,75952122,5526,16,5510,65000,53329,53336,500,500,11664
761,76046658,76046674,76052120,5462,16,5446,65000,53336,53343,500,500,11657
762,76146689,76146705,76152131,5442,16,5426,65000,53343,53349,500,500,11651
763,76246735,76246752,76252120,5385,17,5368,65000,53349,53356,500,500,11644
764,76346781,76346797,76352128,5347,16,5331,65000,53356,53362,500,500,11638
765,76446826,76446842,76452124,5298,16,5282,65000,53362,53369,500,500,11631
766,76546872,76546888,76552123,5251,16,5235,65000,53369,53376,500,500,11624
767,76646918,76646934,76652121,5203,16,5187,65000,53376,53382,500,500,11618
768,76746964,76746980,76752128,5164,16,5148,65000,53382,53388,500,500,11612
769,76847010,76847026,76852122,5112,16,5096,65000,53388,53395,500,500,11605
770,76947054,76947070,76952123,5069,16,5053,65000,53395,53401,500,500,11599
771,77047100,77047116,77052126,5026,16,5010,65000,53401,53408,500,500,11592
772,77147146,77147162,77152126,4980,16,4964,65000,53408,53414,500,500,11586
773,77247191,77247207,77252121,4930,16,4914,65000,53414,53420,500,500,11580
774,77347237,77347253,77352120,4883,16,4867,65000,53420,53427,500,500,11573
775,77447282,77447298,77452127,4845,16,4829,65000,53427,53433,500,500,11567
776,77547329,77547345,77552123,4794,16,4778,65000,53433,53439,500,500,11561
777,77647375,77647391,77652120,4745,16,4729,65000,53439,53446,500,500,11554
778,77747420,77747436,77752130,4710,16,4694,65000,53446,53452,500,500,11548
779,77847467,77847483,77852123,4656,16,4640,65000,53452,53458,500,500,11542
780,77947512,77947528,77952126,4614,16,4598,65000,53458,53464,500,500,11536
781,78047558,78047574,78052120,4562,16,4546,65000,53464,53470,500,500,11530
782,78147604,78147620,78152140,4536,16,4520,65000,53470,53476,500,500,11524
783,78247666,78247682,78252135,4469,16,4453,65000,53476,53483,500,500,11517
784,78347712,78347728,78352138,4426,16,4410,65000,53483,53489,500,500,11511
785,78447757,78447773,78452105,4348,16,4332,65000,53489,53495,500,500,11505
786,78547802,78547819,78552125,4323,17,4306,65000,53495,53501,500,500,11499
787,78647849,78647865,78652118,4269,16,4253,65000,53501,53507,500,500,11493
788,78747894,78747910,78752130,4236,16,4220,65000,53507,53513,500,500,11487
789,78847940,78847956,78852125,4185,16,4169,65000,53513,53519,500,500,11481
790,78947985,78948001,78952125,4140,16,4124,65000,53519,53524,500,500,11476
791,79048031,79048047,79052119,4088,16,4072,65000,53524,53530,500,500,11470
792,79148076,79148092,79152129,4053,16,4037,65000,53530,53536,500,500,11464
793,79248121,79248138,79252121,4000,17,3983,65000,53536,53542,500,500,11458
794,79348166,79348182,79352122,3956,16,3940,65000,53542,53548,500,500,11452
795,79448213,79448229,79452127,3914,16,3898,65000,53548,53554,500,500,11446
796,79548258,79548274,79552125,3867,16,3851,65000,53554,53560,500,500,11440
797,79648304,79648320,79652122,3818,16,3802,65000,53560,53565,500,500,11435
798,79748350,79748366,79752123,3773,16,3757,65000,53565,53571,500,500,11429
799,79848395,79848412,79852131,3736,17,3719,65000,53571,53577,500,500,11423
800,79948441,79948457,79954033,5592,16,5576,65000,53577,53582,500,500,11418
801,80048491,80048507,80052090,3599,16,3583,65000,53582,53588,500,500,11412
802,80148536,80148552,80152128,3592,16,3576,65000,53588,53594,500,500,11406
803,80248583,80248599,80252123,3540,16,3524,65000,53594,53599,500,500,11401
804,80348628,80348644,80352125,3497,16,3481,65000,53599,53605,500,500,11395
805,80448674,80448690,80452117,3443,16,3427,65000,53605,53611,500,500,11389
806,80548720,80548736,80552129,3409,16,3393,65000,53611,53616,500,500,11384
807,80648765,80648781,80652124,3359,16,3343,65000,53616,53622,500,500,11378
808,80748810,80748826,80752122,3312,16,3296,65000,53622,53627,500,500,11373
809,80848855,80848871,80852139,3284,16,3268,65000,53627,53633,500,500,11367
810,80948917,80948933,80952143,3226,16,3210,65000,53633,53638,500,500,11362
811,81048963,81048979,81052139,3176,16,3160,65000,53638,53644,500,500,11356
812,81149008,81149024,81152128,3120,16,3104,65000,53644,53649,500,500,11351
813,81249054,81249070,81252125,3071,16,3055,65000,53649,53654,500,500,11346
814,81349100,81349116,81352122,3022,16,3006,65000,53654,53660,500,500,11340
815,81449145,81449161,81452132,2987,16,2971,65000,53660,53665,500,500,11335
816,81549191,81549207,81552124,2933,16,2917,65000,53665,53671,500,500,11329
817,81649236,81649253,81652127,2891,17,2874,65000,53671,53676,500,500,11324
818,81749282,81749299,81752123,2841,17,2824,65000,53676,53681,500,500,11319
819,81849328,81849344,81851132,1804,16,1788,65000,53681,53686,500,500,11314
820,81949373,81949389,81951241,1868,16,1852,65000,53686,53692,500,500,11308
821,82049419,82049435,82061404,11985,16,11969,65000,53692,53697,500,500,11303
822,82149465,82149481,82161506,12041,16,12025,65000,53697,53702,500,500,11298
823,82249510,82249526,82261573,12063,16,12047,65000,53702,53707,500,500,11293
824,82349556,82349572,82361145,11589,16,11573,65000,53707,53712,500,500,11288
825,82449601,82449617,82461243,11642,16,11626,65000,53712,53718,500,500,11282
826,82549646,82549662,82561275,11629,16,11613,65000,53718,53723,500,500,11277
827,82649697,82649713,82661328,11631,16,11615,65000,53723,53728,500,500,11272
828,82749747,82749763,82761368,11621,16,11605,65000,53728,53733,500,500,11267
829,82849811,82849827,82861422,11611,16,11595,65000,53733,53738,500,500,11262
830,82949858,82949874,82961481,11623,16,11607,65000,53738,53743,500,500,11257
831,83049905,83049921,83061529,11624,16,11608,65000,53743,53748,500,500,11252
832,83149970,83149987,83161586,11616,17,11599,65000,53748,53753,500,500,11247
833,83250018,83250034,83261647,11629,16,11613,65000,53753,53758,500,500,11242
834,83350064,83350079,83361696,11632,15,11617,65000,53758,53763,500,500,11237
835,83450129,83450145,83461746,11617,16,11601,65000,53763,53768,500,500,11232
836,83550195,83550226,83561842,11647,31,11616,65000,53768,53773,500,500,11227
837,83650246,83650262,83661915,11669,16,11653,65000,53773,53778,500,500,11222
838,83750291,83750307,83761938,11647,16,11631,65000,53778,53783,500,500,11217
839,83850354,83850370,83861994,11640,16,11624,65000,53783,53788,500,500,11212
840,83950400,83950416,83962029,11629,16,11613,65000,53788,53792,500,500,11208
841,84050446,84050462,84062076,11630,16,11614,65000,53792,53797,500,500,11203
842,84150510,84150526,84162122,11612,16,11596,65000,53797,53802,500,500,11198
843,84250574,84250591,84262144,11570,17,11553,65000,53802,53807,500,500,11193
844,84350620,84350637,84362138,11518,17,11501,65000,53807,53812,500,500,11188
845,84450666,84450682,84462140,11474,16,11458,65000,53812,53816,500,500,11184
846,84550711,84550727,84562145,11434,16,11418,65000,53816,53821,500,500,11179
847,84650757,84650773,84662128,11371,16,11355,65000,53821,53826,500,500,11174
848,84750820,84750836,84762125,11305,16,11289,65000,53826,53831,500,500,11169
849,84850865,84850881,84862124,11259,16,11243,65000,53831,53835,500,500,11165
850,84950910,84950926,84962119,11209,16,11193,65000,53835,53840,500,500,11160
851,85050955,85050971,85062129,11174,16,11158,65000,53840,53810,500,500,11190
852,85151000,85151016,85162123,11123,16,11107,65000,53810,53779,500,500,11221
853,85251046,85251062,85262120,11074,16,11058,65000,53779,53749,500,500,11251
854,85351111,85351127,85362126,11015,16,10999,65000,53749,53719,500,500,11281
855,85451158,85451174,85462121,10963,16,10947,65000,53719,53689,500,500,11311
856,85551204,85551220,85562123,10919,16,10903,65000,53689,53660,500,500,11340
857,85651251,85651267,85662130,10879,16,10863,65000,53660,53630,500,500,11370
858,85751299,85751315,85762125,10826,16,10810,65000,53630,53600,500,500,11400
859,85851346,85851362,85862123,10777,16,10761,65000,53600,53571,500,500,11429
860,85951393,85951409,85962120,10727,16,10711,65000,53571,53542,500,500,11458
861,86051440,86051456,86062129,10689,16,10673,65000,53542,53513,500,500,11487
862,86151487,86151504,86162124,10637,17,10620,65000,53513,53483,500,500,11517
863,86251534,86251550,86262123,10589,16,10573,65000,53483,53455,500,500,11545
864,86351581,86351597,86362138,10557,16,10541,65000,53455,53426,500,500,11574
865,86451628,86451644,86462145,10517,16,10501,65000,53426,53397,500,500,11603
866,86551675,86551691,86562142,10467,16,10451,65000,53397,53368,500,500,11632
867,86651722,86651738,86662128,10406,16,10390,65000,53368,53340,500,500,11660
868,86751768,86751785,86762125,10357,17,10340,65000,53340,53312,500,500,11688
869,86851816,86851832,86862121,10305,16,10289,65000,53312,53283,500,500,11717
870,86951862,86951879,86962125,10263,17,10246,65000,53283,53255,500,500,11745
871,87051910,87051926,87062128,10218,16,10202,65000,53255,53227,500,500,11773
872,87151957,87151973,87162124,10167,16,10151,65000,53227,53199,500,500,11801
873,87252004,87252020,87262121,10117,16,10101,65000,53199,53171,500,500,11829
874,87352052,87352068,87362128,10076,16,10060,65000,53171,53144,500,500,11856
875,87452099,87452115,87462123,10024,16,10008,65000,53144,53116,500,500,11884
876,87552146,87552162,87562121,9975,16,9959,65000,53116,53089,500,500,11911
877,87652194,87652210,87662129,9935,16,9919,65000,53089,53061,500,500,11939
878,87752241,87752277,87762125,9884,36,9848,65000,53061,53034,500,500,11966
879,87852300,87852316,87862125,9825,16,9809,65000,53034,53007,500,500,11993
880,87952346,87952362,87962126,9780,16,9764,65000,53007,52980,500,500,12020
881,88052393,88052410,88062121,9728,17,9711,65000,52980,52953,500,500,12047
882,88152440,88152456,88162130,9690,16,9674,65000,52953,52926,500,500,12074
883,88252487,88252503,88262122,9635,16,9619,65000,52926,52900,500,500,12100
884,88352534,88352550,88362122,9588,16,9572,65000,52900,52873,500,500,12127
885,88452581,88452597,88462129,9548,16,9532,65000,52873,52846,500,500,12154
886,88552629,88552645,88562121,9492,16,9476,65000,52846,52820,500,500,12180
887,88652675,88652691,88662121,9446,16,9430,65000,52820,52794,500,500,12206
888,88752722,88752738,88762129,9407,16,9391,65000,52794,52768,500,500,12232
889,88852769,88852785,88862123,9354,16,9338,65000,52768,52742,500,500,12258
890,88952815,88952831,88962123,9308,16,9292,65000,52742,52716,500,500,12284
891,89052861,89052877,89062119,9258,16,9242,65000,52716,52690,500,500,12310
892,89152908,89152924,89162148,9240,16,9224,65000,52690,52664,500,500,12336
893,89252976,89252991,89262142,9166,15,9151,65000,52664,52638,500,500,12362
894,89353023,89353039,89362137,9114,16,9098,65000,52638,52613,500,500,12387
895,89453070,89453086,89462125,9055,16,9039,65000,52613,52587,500,500,12413
896,89553116,89553132,89562123,9007,16,8991,65000,52587,52562,500,500,12438
897,89653162,89653179,89662119,8957,17,8940,65000,52562,52537,500,500,12463
898,89753209,89753225,89762129,8920,16,8904,65000,52537,52512,500,500,12488
899,89853256,89853272,89862123,8867,16,8851,65000,52512,52487,500,500,12513
900,89953302,89953318,89964021,10719,16,10703,65000,52487,52462,500,500,12538
901,90053353,90053369,90062091,8738,16,8722,65000,52462,52437,500,500,12563
902,90153400,90153416,90162128,8728,16,8712,65000,52437,52412,500,500,12588
903,90253449,90253465,90262121,8672,16,8656,65000,52412,52387,500,500,12613
904,90353495,90353511,90362121,8626,16,8610,65000,52387,52363,500,500,12637
905,90453542,90453558,90462128,8586,16,8570,65000,52363,52338,500,500,12662
906,90553589,90553605,90562123,8534,16,8518,65000,52338,52314,500,500,12686
907,90653635,90653651,90662119,8484,16,8468,65000,52314,52290,500,500,12710
908,90753683,90753699,90762129,8446,16,8430,65000,52290,52266,500,500,12734
909,90853730,90853746,90862130,8400,16,8384,65000,52266,52241,500,500,12759
910,90953776,90953793,90962129,8353,17,8336,65000,52241,52218,500,500,12782
911,91053824,91053840,91062126,8302,16,8286,65000,52218,52194,500,500,12806
912,91153870,91153886,91162124,8254,16,8238,65000,52194,52170,500,500,12830
913,91253917,91253933,91262120,8203,16,8187,65000,52170,52146,500,500,12854
914,91353962,91353978,91362134,8172,16,8156,65000,52146,52123,500,500,12877
915,91454010,91454026,91462128,8118,16,8102,65000,52123,52099,500,500,12901
916,91554057,91554073,91562128,8071,16,8055,65000,52099,52076,500,500,12924
917,91654103,91654119,91662123,8020,16,8004,65000,52076,52052,500,500,12948
918,91754149,91754166,91762120,7971,17,7954,65000,52052,52029,500,500,12971
919,91854197,91854212,91862140,7943,15,7928,65000,52029,52006,500,500,12994
920,91954261,91954277,91962105,7844,16,7828,65000,52006,51983,500,500,13017
921,92054308,92054324,92062121,7813,16,7797,65000,51983,51960,500,500,13040
922,92154355,92154371,92162129,7774,16,7758,65000,51960,51937,500,500,13063
923,92254402,92254418,92262124,7722,16,7706,65000,51937,51915,500,500,13085
924,92354448,92354464,92362118,7670,16,7654,65000,51915,51892,500,500,13108
925,92454495,92454511,92462129,7634,16,7618,65000,51892,51869,500,500,13131
926,92554542,92554558,92562124,7582,16,7566,65000,51869,51847,500,500,13153
927,92654588,92654604,92662124,7536,16,7520,65000,51847,51824,500,500,13176
928,92754635,92754651,92762121,7486,16,7470,65000,51824,51802,500,500,13198
929,92854682,92854698,92862125,7443,16,7427,65000,51802,51780,500,500,13220
930,92954729,92954745,92962123,7394,16,7378,65000,51780,51758,500,500,13242
931,93054775,93054791,93062120,7345,16,7329,65000,51758,51736,500,500,13264
932,93154822,93154839,93162128,7306,17,7289,65000,51736,51714,500,500,13286
933,93254870,93254885,93262125,7255,15,7240,65000,51714,51692,500,500,13308
934,93354915,93354931,93362122,7207,16,7191,65000,51692,51670,500,500,13330
935,93454961,93454977,93462119,7158,16,7142,65000,51670,51649,500,500,13351
936,93555007,93555023,93562131,7124,16,7108,65000,51649,51627,500,500,13373
937,93655054,93655070,93662123,7069,16,7053,65000,51627,51605,500,500,13395
938,93755101,93755117,93762122,7021,16,7005,65000,51605,51584,500,500,13416
939,93855148,93855164,93862139,6991,16,6975,65000,51584,51563,500,500,13437
940,93955211,93955227,93962142,6931,16,6915,65000,51563,51541,500,500,13459
941,94055258,94055274,94062138,6880,16,6864,65000,51541,51520,500,500,13480
942,94155305,94155321,94162128,6823,16,6807,65000,51520,51499,500,500,13501
943,94255352,94255368,94262125,6773,16,6757,65000,51499,51478,500,500,13522
944,94355398,94355415,94362122,6724,17,6707,65000,51478,51457,500,500,13543
945,94455445,94455461,94462132,6687,16,6671,65000,51457,51436,500,500,13564
946,94555493,94555509,94562126,6633,16,6617,65000,51436,51416,500,500,13584
947,94655539,94655555,94662129,6590,16,6574,65000,51416,51395,500,500,13605
948,94755586,94755602,94762122,6536,16,6520,65000,51395,51374,500,500,13626
949,94855632,94855648,94862122,6490,16,6474,65000,51374,51354,500,500,13646
950,94955679,94955695,94962124,6445,16,6429,65000,51354,51334,500,500,13666
951,95055726,95055742,95062126,6400,16,6384,65000,51334,51348,500,500,13652
952,95155773,95155789,95162120,6347,16,6331,65000,51348,51363,500,500,13637
953,95255820,95255836,95262131,6311,16,6295,65000,51363,51377,500,500,13623
954,95355868,95355884,95362120,6252,16,6236,65000,51377,51392,500,500,13608
955,95455915,95455931,95462122,6207,16,6191,65000,51392,51406,500,500,13594
956,95555961,95555977,95562131,6170,16,6154,65000,51406,51421,500,500,13579
957,95656008,95656025,95662124,6116,17,6099,65000,51421,51435,500,500,13565
958,95756056,95756072,95762123,6067,16,6051,65000,51435,51449,500,500,13551
959,95856102,95856118,95862120,6018,16,6002,65000,51449,51463,500,500,13537
960,95956149,95956165,95962128,5979,16,5963,65000,51463,51478,500,500,13522
961,96056197,96056213,96062125,5928,16,5912,65000,51478,51492,500,500,13508
962,96156244,96156260,96162120,5876,16,5860,65000,51492,51506,500,500,13494
963,96256290,96256307,96262129,5839,17,5822,65000,51506,51520,500,500,13480
964,96356338,96356354,96362125,5787,16,5771,65000,51520,51534,500,500,13466
965,96456384,96456400,96462123,5739,16,5723,65000,51534,51547,500,500,13453
966,96556431,96556447,96562120,5689,16,5673,65000,51547,51561,500,500,13439
967,96656494,96656510,96662146,5652,16,5636,65000,51561,51575,500,500,13425
968,96756542,96756558,96762140,5598,16,5582,65000,51575,51589,500,500,13411
969,96856588,96856604,96862135,5547,16,5531,65000,51589,51602,500,500,13398
970,96956649,96956668,96962124,5475,19,5456,65000,51602,51616,500,500,13384
971,97056674,97056689,97062125,5451,15,5436,65000,51616,51630,500,500,13370
972,97156719,97156735,97162118,5399,16,5383,65000,51630,51643,500,500,13357
973,97256765,97256781,97262128,5363,16,5347,65000,51643,51656,500,500,13344
974,97356811,97356827,97362123,5312,16,5296,65000,51656,51670,500,500,13330
975,97456856,97456872,97462121,5265,16,5249,65000,51670,51683,500,500,13317
976,97556902,97556918,97562124,5222,16,5206,65000,51683,51696,500,500,13304
977,97656948,97656964,97662130,5182,16,5166,65000,51696,51710,500,500,13290
978,97756992,97757009,97762128,5136,17,5119,65000,51710,51723,500,500,13277
979,97857038,97857054,97862121,5083,16,5067,65000,51723,51736,500,500,13264
980,97957084,97957100,97962121,5037,16,5021,65000,51736,51749,500,500,13251
981,98057129,98057145,98062126,4997,16,4981,65000,51749,51762,500,500,13238
982,98157175,98157191,98162121,4946,16,4930,65000,51762,51775,500,500,13225
983,98257220,98257236,98262119,4899,16,4883,65000,51775,51788,500,500,13212
984,98357265,98357281,98362130,4865,16,4849,65000,51788,51801,500,500,13199
985,98457311,98457327,98462123,4812,16,4796,65000,51801,51813,500,500,13187
986,98557356,98557373,98562123,4767,17,4750,65000,51813,51826,500,500,13174
987,98657402,98657418,98662124,4722,16,4706,65000,51826,51839,500,500,13161
988,98757448,98757464,98762126,4678,16,4662,65000,51839,51852,500,500,13148
989,98857493,98857510,98862124,4631,17,4614,65000,51852,51864,500,500,13136
990,98957539,98957555,98962119,4580,16,4564,65000,51864,51877,500,500,13123
991,99057585,99057601,99062129,4544,16,4528,65000,51877,51889,500,500,13111
992,99157631,99157647,99162122,4491,16,4475,65000,51889,51902,500,500,13098
993,99257676,99257692,99262121,4445,16,4429,65000,51902,51914,500,500,13086
994,99357721,99357738,99362139,4418,17,4401,65000,51914,51926,500,500,13074
995,99457784,99457800,99462143,4359,16,4343,65000,51926,51939,500,500,13061
996,99557829,99557845,99562142,4313,16,4297,65000,51939,51951,500,500,13049
997,99657874,99657890,99662126,4252,16,4236,65000,51951,51963,500,500,13037
998,99757919,99757935,99762126,4207,16,4191,65000,51963,51975,500,500,13025
999,99857965,99857981,99862121,4156,16,4140,65000,51975,51987,500,500,13013
1000,99958010,99958027,99964068,6058,17,6041,65000,51987,51999,500,500,13001
1001,100058060,100058076,100062090,4030,16,4014,65000,51999,52011,500,500,12989
1002,100158105,100158121,100162125,4020,16,4004,65000,52011,52023,500,500,12977
1003,100258152,100258169,100262119,3967,17,3950,65000,52023,52035,500,500,12965
1004,100358198,100358214,100362132,3934,16,3918,65000,52035,52047,500,500,12953
1005,100458244,100458260,100462126,3882,16,3866,65000,52047,52059,500,500,12941
1006,100558289,100558305,100562128,3839,16,3823,65000,52059,52071,500,500,12929
1007,100658335,100658351,100662116,3781,16,3765,65000,52071,52082,500,500,12918
1008,100758381,100758397,100762131,3750,16,3734,65000,52082,52094,500,500,12906
1009,100858427,100858443,100862124,3697,16,3681,65000,52094,52106,500,500,12894
1010,100958472,100958488,100962131,3659,16,3643,65000,52106,52117,500,500,12883
1011,101058518,101058534,101062124,3606,16,3590,65000,52117,52129,500,500,12871
1012,101158563,101158579,101162127,3564,16,3548,65000,52129,52140,500,500,12860
1013,101258608,101258624,101262121,3513,16,3497,65000,52140,52152,500,500,12848
1014,101358653,101358670,101362122,3469,17,3452,65000,52152,52163,500,500,12837
1015,101458699,101458715,101462128,3429,16,3413,65000,52163,52174,500,500,12826
1016,101558764,101558780,101562124,3360,16,3344,65000,52174,52186,500,500,12814
1017,101658809,101658825,101662123,3314,16,3298,65000,52186,52197,500,500,12803
1018,101758871,101758887,101762133,3262,16,3246,65000,52197,52208,500,500,12792
1019,101858916,101858932,101862127,3211,16,3195,65000,52208,52219,500,500,12781
1020,101958962,101958978,101962123,3161,16,3145,65000,52219,52231,500,500,12769
1021,102059007,102059023,102062122,3115,16,3099,65000,52231,52242,500,500,12758
1022,102159052,102159068,102162146,3094,16,3078,65000,52242,52253,500,500,12747
1023,102259117,102259132,102262142,3025,15,3010,65000,52253,52264,500,500,12736
1024,102359162,102359178,102362137,2975,16,2959,65000,52264,52275,500,500,12725
1025,102459208,102459224,102462129,2921,16,2905,65000,52275,52285,500,500,12715
1026,102559253,102559270,102562123,2870,17,2853,65000,52285,52296,500,500,12704
1027,102659299,102659315,102662126,2827,16,2811,65000,52296,52307,500,500,12693
1028,102759344,102759360,102761150,1806,16,1790,65000,52307,52318,500,500,12682
1029,102859390,102859405,102861259,1869,15,1854,65000,52318,52329,500,500,12671
1030,102959435,102959451,102971418,11983,16,11967,65000,52329,52339,500,500,12661
1031,103059480,103059496,103071112,11632,16,11616,65000,52339,52350,500,500,12650
1032,103159526,103159542,103171174,11648,16,11632,65000,52350,52361,500,500,12639
1033,103259571,103259587,103271194,11623,16,11607,65000,52361,52371,500,500,12629
1034,103359633,103359649,103371274,11641,16,11625,65000,52371,52382,500,500,12618
1035,103459678,103459694,103471309,11631,16,11615,65000,52382,52392,500,500,12608
1036,103559743,103559759,103571360,11617,16,11601,65000,52392,52403,500,500,12597
1037,103659809,103659826,103671441,11632,17,11615,65000,52403,52413,500,500,12587
1038,103759855,103759871,103771476,11621,16,11605,65000,52413,52423,500,500,12577
1039,103859920,103859936,103871532,11612,16,11596,65000,52423,52434,500,500,12566
1040,103959967,103959984,103971590,11623,17,11606,65000,52434,52444,500,500,12556
1041,104060015,104060031,104071642,11627,16,11611,65000,52444,52454,500,500,12546
1042,104160065,104160081,104171692,11627,16,11611,65000,52454,52464,500,500,12536
1043,104260130,104260146,104271753,11623,16,11607,65000,52464,52474,500,500,12526
1044,104360176,104360192,104371806,11630,16,11614,65000,52474,52485,500,500,12515
1045,104460236,104460252,104471850,11614,16,11598,65000,52485,52495,500,500,12505
1046,104560302,104560318,104571944,11642,16,11626,65000,52495,52505,500,500,12495
1047,104660347,104660363,104671976,11629,16,11613,65000,52505,52515,500,500,12485
1048,104760412,104760428,104772028,11616,16,11600,65000,52515,52525,500,500,12475
1049,104860476,104860492,104872126,11650,16,11634,65000,52525,52534,500,500,12466
1050,104960522,104960538,104972144,11622,16,11606,65000,52534,52544,500,500,12456
1051,105060584,105060600,105072146,11562,16,11546,65000,52544,52554,500,500,12446
1052,105160629,105160645,105172143,11514,16,11498,65000,52554,52564,500,500,12436
1053,105260675,105260691,105272141,11466,16,11450,65000,52564,52574,500,500,12426
1054,105360720,105360736,105372124,11404,16,11388,65000,52574,52583,500,500,12417
1055,105460765,105460782,105472128,11363,17,11346,65000,52583,52593,500,500,12407
1056,105560841,105560857,105572122,11281,16,11265,65000,52593,52603,500,500,12397
1057,105660886,105660903,105672123,11237,17,11220,65000,52603,52612,500,500,12388
1058,105760932,105760948,105772118,11186,16,11170,65000,52612,52622,500,500,12378
1059,105860977,105860993,105872130,11153,16,11137,65000,52622,52631,500,500,12369
1060,105961023,105961038,105972122,11099,15,11084,65000,52631,52641,500,500,12359
1061,106061068,106061084,106072126,11058,16,11042,65000,52641,52650,500,500,12350
1062,106161115,106161131,106172121,11006,16,10990,65000,52650,52660,500,500,12340
1063,106261162,106261178,106272128,10966,16,10950,65000,52660,52669,500,500,12331
1064,106361208,106361224,106372123,10915,16,10899,65000,52669,52678,500,500,12322
1065,106461255,106461271,106472122,10867,16,10851,65000,52678,52688,500,500,12312
1066,106561302,106561318,106572132,10830,16,10814,65000,52688,52697,500,500,12303
1067,106661349,106661365,106672127,10778,16,10762,65000,52697,52706,500,500,12294
1068,106761396,106761412,106772126,10730,16,10714,65000,52706,52715,500,500,12285
1069,106861443,106861459,106872124,10681,16,10665,65000,52715,52724,500,500,12276
1070,106961491,106961507,106972121,10630,16,10614,65000,52724,52733,500,500,12267
1071,107061537,107061553,107072143,10606,16,10590,65000,52733,52743,500,500,12257
1072,107161602,107161618,107172112,10510,16,10494,65000,52743,52752,500,500,12248
1073,107261649,107261665,107272127,10478,16,10462,65000,52752,52761,500,500,12239
1074,107361696,107361712,107372126,10430,16,10414,65000,52761,52770,500,500,12230
1075,107461742,107461758,107472122,10380,16,10364,65000,52770,52778,500,500,12222
1076,107561789,107561805,107572120,10331,16,10315,65000,52778,52787,500,500,12213
1077,107661835,107661851,107672134,10299,16,10283,65000,52787,52796,500,500,12204
1078,107761882,107761899,107772100,10218,17,10201,65000,52796,52805,500,500,12195
1079,107861930,107861946,107872128,10198,16,10182,65000,52805,52814,500,500,12186
1080,107961978,107961994,107972121,10143,16,10127,65000,52814,52823,500,500,12177
1081,108062026,108062042,108072123,10097,16,10081,65000,52823,52831,500,500,12169
1082,108162072,108162089,108172118,10046,17,10029,65000,52831,52840,500,500,12160
1083,108262120,108262135,108272127,10007,15,9992,65000,52840,52849,500,500,12151
1084,108362167,108362183,108372123,9956,16,9940,65000,52849,52857,500,500,12143
1085,108462214,108462230,108472122,9908,16,9892,65000,52857,52866,500,500,12134
1086,108562276,108562292,108572131,9855,16,9839,65000,52866,52874,500,500,12126
1087,108662331,108662347,108672124,9793,16,9777,65000,52874,52883,500,500,12117
1088,108762378,108762395,108772124,9746,17,9729,65000,52883,52891,500,500,12109
1089,108862425,108862441,108872124,9699,16,9683,65000,52891,52900,500,500,12100
1090,108962471,108962487,108972129,9658,16,9642,65000,52900,52908,500,500,12092
1091,109062519,109062535,109072123,9604,16,9588,65000,52908,52916,500,500,12084
1092,109162565,109162581,109172120,9555,16,9539,65000,52916,52925,500,500,12075
1093,109262612,109262628,109272130,9518,16,9502,65000,52925,52933,500,500,12067
1094,109362659,109362675,109372122,9463,16,9447,65000,52933,52941,500,500,12059
1095,109462705,109462721,109472125,9420,16,9404,65000,52941,52950,500,500,12050
1096,109562752,109562768,109572118,9366,16,9350,65000,52950,52958,500,500,12042
1097,109662798,109662814,109672142,9344,16,9328,65000,52958,52966,500,500,12034
1098,109762864,109762880,109772138,9274,16,9258,65000,52966,52974,500,500,12026
1099,109862910,109862925,109872137,9227,15,9212,65000,52974,52982,500,500,12018
1100,109962957,109962973,109974071,11114,16,11098,65000,52982,52990,500,500,12010
1101,110063008,110063024,110072088,9080,16,9064,65000,52990,52998,500,500,12002
1102,110163055,110163071,110172123,9068,16,9052,65000,52998,53006,500,500,11994
1103,110263105,110263121,110272129,9024,16,9008,65000,53006,53014,500,500,11986
1104,110363151,110363166,110372130,8979,15,8964,65000,53014,53022,500,500,11978
1105,110463197,110463213,110472124,8927,16,8911,65000,53022,53030,500,500,11970
1106,110563243,110563260,110572120,8877,17,8860,65000,53030,53038,500,500,11962
1107,110663290,110663306,110672130,8840,16,8824,65000,53038,53046,500,500,11954
1108,110763337,110763353,110772122,8785,16,8769,65000,53046,53054,500,500,11946
1109,110863384,110863400,110872124,8740,16,8724,65000,53054,53061,500,500,11939
1110,110963430,110963447,110972126,8696,17,8679,65000,53061,53069,500,500,11931
1111,111063477,111063493,111072128,8651,16,8635,65000,53069,53077,500,500,11923
1112,111163523,111163539,111172123,8600,16,8584,65000,53077,53085,500,500,11915
1113,111263570,111263586,111272121,8551,16,8535,65000,53085,53092,500,500,11908
1114,111363616,111363632,111372132,8516,16,8500,65000,53092,53100,500,500,11900
1115,111463664,111463680,111472125,8461,16,8445,65000,53100,53108,500,500,11892
1116,111563710,111563726,111572125,8415,16,8399,65000,53108,53115,500,500,11885
1117,111663757,111663774,111672122,8365,17,8348,65000,53115,53123,500,500,11877
1118,111763804,111763820,111772124,8320,16,8304,65000,53123,53130,500,500,11870
1119,111863851,111863867,111872126,8275,16,8259,65000,53130,53138,500,500,11862
1120,111963899,111963915,111972118,8219,16,8203,65000,53138,53145,500,500,11855
1121,112063945,112063961,112072130,8185,16,8169,65000,53145,53152,500,500,11848
1122,112163993,112164009,112172123,8130,16,8114,65000,53152,53160,500,500,11840
1123,112264040,112264056,112272125,8085,16,8069,65000,53160,53167,500,500,11833
1124,112364087,112364102,112372136,8049,15,8034,65000,53167,53175,500,500,11825
1125,112464133,112464149,112472142,8009,16,7993,65000,53175,53182,500,500,11818
1126,112564181,112564197,112572137,7956,16,7940,65000,53182,53189,500,500,11811
1127,112664227,112664243,112672127,7900,16,7884,65000,53189,53196,500,500,11804
1128,112764273,112764289,112772128,7855,16,7839,65000,53196,53204,500,500,11796
1129,112864320,112864336,112872121,7801,16,7785,65000,53204,53211,500,500,11789
1130,112964366,112964383,112972129,7763,17,7746,65000,53211,53218,500,500,11782
1131,113064415,113064431,113072125,7710,16,7694,65000,53218,53225,500,500,11775
1132,113164461,113164477,113172124,7663,16,7647,65000,53225,53232,500,500,11768
1133,113264508,113264524,113272121,7613,16,7597,65000,53232,53239,500,500,11761
1134,113364555,113364571,113372130,7575,16,7559,65000,53239,53246,500,500,11754
1135,113464603,113464619,113472125,7522,16,7506,65000,53246,53253,500,500,11747
1136,113564649,113564665,113572128,7479,16,7463,65000,53253,53260,500,500,11740
1137,113664697,113664713,113672122,7425,16,7409,65000,53260,53267,500,500,11733
1138,113764744,113764760,113772129,7385,16,7369,65000,53267,53274,500,500,11726
1139,113864791,113864807,113872123,7332,16,7316,65000,53274,53281,500,500,11719
1140,113964838,113964854,113972123,7285,16,7269,65000,53281,53288,500,500,11712
1141,114064885,114064901,114072128,7243,16,7227,65000,53288,53295,500,500,11705
1142,114164932,114164949,114172124,7192,17,7175,65000,53295,53302,500,500,11698
1143,114264979,114264995,114272123,7144,16,7128,65000,53302,53308,500,500,11692
1144,114365027,114365043,114372119,7092,16,7076,65000,53308,53315,500,500,11685
1145,114465073,114465089,114472132,7059,16,7043,65000,53315,53322,500,500,11678
1146,114565121,114565137,114572125,7004,16,6988,65000,53322,53329,500,500,11671
1147,114665168,114665184,114672126,6958,16,6942,65000,53329,53335,500,500,11665
1148,114765215,114765231,114772122,6907,16,6891,65000,53335,53342,500,500,11658
1149,114865261,114865277,114872127,6866,16,6850,65000,53342,53349,500,500,11651
1150,114965309,114965325,114972120,6811,16,6795,65000,53349,53355,500,500,11645
1151,115065355,115065371,115072123,6768,16,6752,65000,53355,53362,500,500,11638
1152,115165402,115165418,115172143,6741,16,6725,65000,53362,53368,500,500,11632
1153,115265449,115265465,115272140,6691,16,6675,65000,53368,53375,500,500,11625
1154,115365495,115365511,115372138,6643,16,6627,65000,53375,53381,500,500,11619
1155,115465542,115465559,115472126,6584,17,6567,65000,53381,53388,500,500,11612
1156,115565589,115565605,115572123,6534,16,6518,65000,53388,53394,500,500,11606
1157,115665636,115665652,115672119,6483,16,6467,65000,53394,53401,500,500,11599
1158,115765682,115765698,115772127,6445,16,6429,65000,53401,53407,500,500,11593
1159,115865730,115865746,115872123,6393,16,6377,65000,53407,53413,500,500,11587
1160,115965776,115965792,115972121,6345,16,6329,65000,53413,53420,500,500,11580
1161,116065824,116065840,116072133,6309,16,6293,65000,53420,53426,500,500,11574
1162,116165872,116165888,116172126,6254,16,6238,65000,53426,53432,500,500,11568
1163,116265918,116265934,116272126,6208,16,6192,65000,53432,53439,500,500,11561
1164,116365965,116365981,116372120,6155,16,6139,65000,53439,53445,500,500,11555
1165,116466012,116466028,116472118,6106,16,6090,65000,53445,53451,500,500,11549
1166,116566060,116566076,116572127,6067,16,6051,65000,53451,53457,500,500,11543
1167,116666107,116666123,116672122,6015,16,5999,65000,53457,53464,500,500,11536
1168,116766154,116766170,116772120,5966,16,5950,65000,53464,53470,500,500,11530
1169,116866200,116866217,116872130,5930,17,5913,65000,53470,53476,500,500,11524
1170,116966248,116966264,116972122,5874,16,5858,65000,53476,53482,500,500,11518
1171,117066295,117066310,117072120,5825,15,5810,65000,53482,53488,500,500,11512
1172,117166341,117166357,117172128,5787,16,5771,65000,53488,53494,500,500,11506
1173,117266389,117266405,117272124,5735,16,5719,65000,53494,53500,500,500,11500
1174,117366435,117366452,117372123,5688,17,5671,65000,53500,53506,500,500,11494
1175,117466483,117466499,117472120,5637,16,5621,65000,53506,53512,500,500,11488
1176,117566530,117566546,117572129,5599,16,5583,65000,53512,53518,500,500,11482
1177,117666577,117666594,117672122,5545,17,5528,65000,53518,53524,500,500,11476
1178,117766624,117766658,117772124,5500,34,5466,65000,53524,53530,500,500,11470
1179,117866672,117866688,117872141,5469,16,5453,65000,53530,53536,500,500,11464
1180,117966734,117966751,117972146,5412,17,5395,65000,53536,53542,500,500,11458
1181,118066780,118066796,118072142,5362,16,5346,65000,53542,53547,500,500,11453
1182,118166825,118166841,118172129,5304,16,5288,65000,53547,53553,500,500,11447
1183,118266870,118266886,118272123,5253,16,5237,65000,53553,53559,500,500,11441
1184,118366916,118366932,118372123,5207,16,5191,65000,53559,53565,500,500,11435
1185,118466962,118466978,118472129,5167,16,5151,65000,53565,53570,500,500,11430
1186,118567008,118567024,118572122,5114,16,5098,65000,53570,53576,500,500,11424
1187,118667054,118667070,118672124,5070,16,5054,65000,53576,53582,500,500,11418
1188,118767100,118767117,118772117,5017,17,5000,65000,53582,53588,500,500,11412
1189,118867146,118867162,118872131,4985,16,4969,65000,53588,53593,500,500,11407
1190,118967191,118967207,118972124,4933,16,4917,65000,53593,53599,500,500,11401
1191,119067237,119067253,119072122,4885,16,4869,65000,53599,53604,500,500,11396
1192,119167283,119167299,119172131,4848,16,4832,65000,53604,53610,500,500,11390
1193,119267329,119267345,119272127,4798,16,4782,65000,53610,53616,500,500,11384
1194,119367375,119367391,119372129,4754,16,4738,65000,53616,53621,500,500,11379
1195,119467439,119467455,119472124,4685,16,4669,65000,53621,53627,500,500,11373
1196,119567484,119567501,119572125,4641,17,4624,65000,53627,53632,500,500,11368
1197,119667531,119667547,119672124,4593,16,4577,65000,53632,53638,500,500,11362
1198,119767576,119767592,119772125,4549,16,4533,65000,53638,53643,500,500,11357
1199,119867622,119867638,119872119,4497,16,4481,65000,53643,53648,500,500,11352
1200,119967668,119967684,119974065,6397,16,6381,65000,53648,53654,500,500,11346
1201,120067718,120067734,120072089,4371,16,4355,50000,53654,53659,500,500,-3659
1202,120167764,120167780,120172127,4363,16,4347,50000,53659,53665,500,500,-3665
1203,120267811,120267827,120272123,4312,16,4296,50000,53665,53670,500,500,-3670
1204,120367856,120367872,120372127,4271,16,4255,50000,53670,53675,500,500,-3675
1205,120467903,120467920,120472121,4218,17,4201,50000,53675,53681,500,500,-3681
1206,120567949,120567965,120572120,4171,16,4155,50000,53681,53686,500,500,-3686
1207,120667995,120668011,120672148,4153,16,4137,50000,53686,53691,500,500,-3691
1208,120768060,120768076,120772144,4084,16,4068,50000,53691,53696,500,500,-3696
1209,120868106,120868122,120872138,4032,16,4016,50000,53696,53702,500,500,-3702
1210,120968151,120968167,120972129,3978,16,3962,50000,53702,53707,500,500,-3707
1211,121068196,121068213,121072119,3923,17,3906,50000,53707,53712,500,500,-3712
1212,121168242,121168258,121172121,3879,16,3863,50000,53712,53717,500,500,-3717
1213,121268288,121268304,121272129,3841,16,3825,50000,53717,53722,500,500,-3722
1214,121368335,121368351,121372124,3789,16,3773,50000,53722,53727,500,500,-3727
1215,121468380,121468396,121472124,3744,16,3728,50000,53727,53732,500,500,-3732
1216,121568426,121568442,121572132,3706,16,3690,50000,53732,53738,500,500,-3738
1217,121668472,121668488,121672134,3662,16,3646,50000,53738,53743,500,500,-3743
1218,121768517,121768533,121772126,3609,16,3593,50000,53743,53748,500,500,-3748
1219,121868563,121868579,121872122,3559,16,3543,50000,53748,53753,500,500,-3753
1220,121968609,121968625,121972132,3523,16,3507,50000,53753,53758,500,500,-3758
1221,122068655,122068671,122072123,3468,16,3452,50000,53758,53763,500,500,-3763
1222,122168700,122168717,122172123,3423,17,3406,50000,53763,53768,500,500,-3768
1223,122268747,122268763,122272133,3386,16,3370,50000,53768,53772,500,500,-3772
1224,122368794,122368810,122372135,3341,16,3325,50000,53772,53777,500,500,-3777
1225,122468839,122468856,122472132,3293,17,3276,50000,53777,53782,500,500,-3782
1226,122568885,122568902,122572128,3243,17,3226,50000,53782,53787,500,500,-3787
1227,122668932,122668948,122672125,3193,16,3177,50000,53787,53792,500,500,-3792
1228,122768977,122768993,122772124,3147,16,3131,50000,53792,53797,500,500,-3797
1229,122869023,122869040,122872136,3113,17,3096,50000,53797,53802,500,500,-3802
1230,122969070,122969086,122972130,3060,16,3044,50000,53802,53806,500,500,-3806
1231,123069115,123069131,123072126,3011,16,2995,50000,53806,53811,500,500,-3811
1232,123169161,123169177,123172130,2969,16,2953,50000,53811,53816,500,500,-3816
1233,123269207,123269223,123272122,2915,16,2899,50000,53816,53821,500,500,-3821
1234,123369253,123369269,123372143,2890,16,2874,50000,53821,53825,500,500,-3825
1235,123469315,123469331,123472111,2796,16,2780,50000,53825,53830,500,500,-3830
1236,123569362,123569378,123571161,1799,16,1783,50000,53830,53835,500,500,-3835
1237,123669407,123669423,123681348,11941,16,11925,50000,53835,53839,500,500,-3839
1238,123769453,123769469,123781451,11998,16,11982,50000,53839,53844,500,500,-3844
1239,123869499,123869515,123881515,12016,16,12000,50000,53844,53849,500,500,-3849
1240,123969545,123969561,123981137,11592,16,11576,50000,53849,53853,500,500,-3853
1241,124069591,124069607,124081236,11645,16,11629,50000,53853,53858,500,500,-3858
1242,124169637,124169654,124181260,11623,17,11606,50000,53858,53862,500,500,-3862
1243,124269701,124269717,124281315,11614,16,11598,50000,53862,53867,500,500,-3867
1244,124369750,124369765,124381373,11623,15,11608,50000,53867,53872,500,500,-3872
1245,124469797,124469813,124481422,11625,16,11609,50000,53872,53876,500,500,-3876
1246,124569862,124569878,124581476,11614,16,11598,50000,53876,53881,500,500,-3881
1247,124669910,124669926,124681536,11626,16,11610,50000,53881,53885,500,500,-3885
1248,124769958,124769974,124781583,11625,16,11609,50000,53885,53889,500,500,-3889
1249,124870023,124870039,124881663,11640,16,11624,50000,53889,53894,500,500,-3894
1250,124970070,124970086,124981699,11629,16,11613,50000,53894,53898,500,500,-3898
1251,125070120,125070136,125081753,11633,16,11617,50000,53898,53903,500,500,-3903
1252,125170167,125170183,125181799,11632,16,11616,50000,53903,53907,500,500,-3907
1253,125270225,125270241,125281843,11618,16,11602,50000,53907,53912,500,500,-3912
1254,125370298,125370315,125381951,11653,17,11636,50000,53912,53916,500,500,-3916
1255,125470344,125470360,125481990,11646,16,11630,50000,53916,53920,500,500,-3920
1256,125570391,125570407,125582033,11642,16,11626,50000,53920,53925,500,500,-3925
1257,125670455,125670471,125682080,11625,16,11609,50000,53925,53929,500,500,-3929
1258,125770521,125770536,125782121,11600,15,11585,50000,53929,53933,500,500,-3933
1259,125870584,125870600,125882124,11540,16,11524,50000,53933,53937,500,500,-3937
1260,125970629,125970646,125982147,11518,17,11501,50000,53937,53942,500,500,-3942
1261,126070692,126070708,126082146,11454,16,11438,50000,53942,53946,500,500,-3946
1262,126170737,126170753,126182124,11387,16,11371,50000,53946,53950,500,500,-3950
1263,126270783,126270799,126282123,11340,16,11324,50000,53950,53954,500,500,-3954
1264,126370843,126370859,126382121,11278,16,11262,50000,53954,53958,500,500,-3958
1265,126470888,126470904,126482123,11235,16,11219,50000,53958,53963,500,500,-3963
1266,126570934,126570950,126582124,11190,16,11174,50000,53963,53967,500,500,-3967
1267,126670979,126670995,126682117,11138,16,11122,50000,53967,53971,500,500,-3971
1268,126771024,126771040,126782128,11104,16,11088,50000,53971,53975,500,500,-3975
1269,126871070,126871087,126882122,11052,17,11035,50000,53975,53979,500,500,-3979
1270,126971117,126971133,126982120,11003,16,10987,50000,53979,53983,500,500,-3983
1271,127071164,127071180,127082131,10967,16,10951,50000,53983,53987,500,500,-3987
1272,127171211,127171227,127182123,10912,16,10896,50000,53987,53991,500,500,-3991
1273,127271258,127271274,127282123,10865,16,10849,50000,53991,53995,500,500,-3995
1274,127371305,127371321,127382120,10815,16,10799,50000,53995,53999,500,500,-3999
1275,127471352,127471368,127482127,10775,16,10759,50000,53999,54003,500,500,-4003
1276,127571399,127571414,127582123,10724,15,10709,50000,54003,54007,500,500,-4007
1277,127671445,127671461,127682116,10671,16,10655,50000,54007,54011,500,500,-4011
1278,127771491,127771507,127782129,10638,16,10622,50000,54011,54015,500,500,-4015
1279,127871538,127871554,127882125,10587,16,10571,50000,54015,54019,500,500,-4019
1280,127971585,127971601,127982122,10537,16,10521,50000,54019,54023,500,500,-4023
1281,128071632,128071648,128082123,10491,16,10475,50000,54023,54027,500,500,-4027
1282,128171679,128171695,128182145,10466,16,10450,50000,54027,54031,500,500,-4031
1283,128271726,128271742,128282138,10412,16,10396,50000,54031,54035,500,500,-4035
1284,128371773,128371789,128382135,10362,16,10346,50000,54035,54039,500,500,-4039
1285,128471820,128471836,128482127,10307,16,10291,50000,54039,54043,500,500,-4043
1286,128571867,128571884,128582120,10253,17,10236,50000,54043,54046,500,500,-4046
1287,128671914,128671930,128682122,10208,16,10192,50000,54046,54050,500,500,-4050
1288,128771961,128771977,128782128,10167,16,10151,50000,54050,54054,500,500,-4054
1289,128872008,128872024,128882124,10116,16,10100,50000,54054,54058,500,500,-4058
1290,128972055,128972071,128982122,10067,16,10051,50000,54058,54062,500,500,-4062
1291,129072102,129072119,129082125,10023,17,10006,50000,54062,54065,500,500,-4065
1292,129172150,129172166,129182126,9976,16,9960,50000,54065,54069,500,500,-4069
1293,129272197,129272213,129282126,9929,16,9913,50000,54069,54073,500,500,-4073
1294,129372245,129372280,129382120,9875,35,9840,50000,54073,54076,500,500,-4076
1295,129472296,129472312,129482123,9827,16,9811,50000,54076,54080,500,500,-4080
1296,129572343,129572359,129582124,9781,16,9765,50000,54080,54084,500,500,-4084
1297,129672390,129672407,129682122,9732,17,9715,50000,54084,54088,500,500,-4088
1298,129772437,129772453,129782122,9685,16,9669,50000,54088,54091,500,500,-4091
1299,129872484,129872500,129882124,9640,16,9624,50000,54091,54095,500,500,-4095
1300,129972531,129972547,129984085,11554,16,11538,50000,54095,54098,500,500,-4098
1301,130072581,130072597,130082086,9505,16,9489,50000,54098,54102,500,500,-4102
1302,130172629,130172646,130182127,9498,17,9481,50000,54102,54106,500,500,-4106
1303,130272676,130272692,130282122,9446,16,9430,50000,54106,54109,500,500,-4109
1304,130372722,130372739,130382126,9404,17,9387,50000,54109,54113,500,500,-4113
1305,130472769,130472785,130482118,9349,16,9333,50000,54113,54116,500,500,-4116
1306,130572815,130572831,130582130,9315,16,9299,50000,54116,54120,500,500,-4120
1307,130672862,130672878,130682123,9261,16,9245,50000,54120,54123,500,500,-4123
1308,130772909,130772925,130782124,9215,16,9199,50000,54123,54127,500,500,-4127
1309,130872973,130872989,130882139,9166,16,9150,50000,54127,54130,500,500,-4130
1310,130973021,130973037,130982145,9124,16,9108,50000,54130,54134,500,500,-4134
1311,131073068,131073084,131082143,9075,16,9059,50000,54134,54137,500,500,-4137
1312,131173115,131173131,131182126,9011,16,8995,50000,54137,54141,500,500,-4141
1313,131273162,131273178,131282123,8961,16,8945,50000,54141,54144,500,500,-4144
1314,131373209,131373225,131382120,8911,16,8895,50000,54144,54148,500,500,-4148
1315,131473255,131473272,131482128,8873,17,8856,50000,54148,54151,500,500,-4151
1316,131573302,131573318,131582123,8821,16,8805,50000,54151,54154,500,500,-4154
1317,131673348,131673364,131682124,8776,16,8760,50000,54154,54158,500,500,-4158
1318,131773395,131773411,131782121,8726,16,8710,50000,54158,54161,500,500,-4161
1319,131873441,131873458,131882131,8690,17,8673,50000,54161,54165,500,500,-4165
1320,131973489,131973505,131982124,8635,16,8619,50000,54165,54168,500,500,-4168
1321,132073536,132073552,132082127,8591,16,8575,50000,54168,54171,500,500,-4171
1322,132173583,132173599,132182121,8538,16,8522,50000,54171,54175,500,500,-4175
1323,132273630,132273646,132282129,8499,16,8483,50000,54175,54178,500,500,-4178
1324,132373677,132373693,132382123,8446,16,8430,50000,54178,54181,500,500,-4181
1325,132473724,132473740,132482121,8397,16,8381,50000,54181,54184,500,500,-4184
1326,132573771,132573787,132582123,8352,16,8336,50000,54184,54188,500,500,-4188
1327,132673819,132673835,132682127,8308,16,8292,50000,54188,54191,500,500,-4191
1328,132773866,132773882,132782126,8260,16,8244,50000,54191,54194,500,500,-4194
1329,132873913,132873929,132882122,8209,16,8193,50000,54194,54197,500,500,-4197
1330,132973960,132973976,132982131,8171,16,8155,50000,54197,54201,500,500,-4201
1331,133074007,133074023,133082120,8113,16,8097,50000,54201,54204,500,500,-4204
1332,133174054,133174070,133182124,8070,16,8054,50000,54204,54207,500,500,-4207
1333,133274101,133274117,133282128,8027,16,8011,50000,54207,54210,500,500,-4210
1334,133374147,133374162,133382123,7976,15,7961,50000,54210,54213,500,500,-4213
1335,133474194,133474210,133482123,7929,16,7913,50000,54213,54216,500,500,-4216
1336,133574240,133574256,133582122,7882,16,7866,50000,54216,54220,500,500,-4220
1337,133674287,133674303,133682150,7863,16,7847,50000,54220,54223,500,500,-4223
1338,133774354,133774370,133782143,7789,16,7773,50000,54223,54226,500,500,-4226
1339,133874400,133874416,133882138,7738,16,7722,50000,54226,54229,500,500,-4229
1340,133974447,133974463,133982128,7681,16,7665,50000,54229,54232,500,500,-4232
1341,134074494,134074510,134082123,7629,16,7613,50000,54232,54235,500,500,-4235
1342,134174540,134174556,134182121,7581,16,7565,50000,54235,54238,500,500,-4238
1343,134274587,134274603,134282128,7541,16,7525,50000,54238,54241,500,500,-4241
1344,134374634,134374650,134382121,7487,16,7471,50000,54241,54244,500,500,-4244
1345,134474681,134474697,134482126,7445,16,7429,50000,54244,54247,500,500,-4247
1346,134574728,134574744,134582129,7401,16,7385,50000,54247,54250,500,500,-4250
1347,134674775,134674792,134682125,7350,17,7333,50000,54250,54253,500,500,-4253
1348,134774822,134774838,134782122,7300,16,7284,50000,54253,54256,500,500,-4256
1349,134874868,134874884,134882120,7252,16,7236,50000,54256,54259,500,500,-4259
1350,134974915,134974931,134982133,7218,16,7202,50000,54259,54262,500,500,-4262
1351,135074963,135074979,135082127,7164,16,7148,50000,54262,54265,500,500,-4265
1352,135175009,135175025,135182127,7118,16,7102,50000,54265,54268,500,500,-4268
1353,135275056,135275072,135282120,7064,16,7048,50000,54268,54271,500,500,-4271
1354,135375102,135375118,135382121,7019,16,7003,50000,54271,54274,500,500,-4274
1355,135475149,135475165,135482127,6978,16,6962,50000,54274,54277,500,500,-4277
1356,135575197,135575213,135582120,6923,16,6907,50000,54277,54280,500,500,-4280
1357,135675243,135675260,135682122,6879,17,6862,50000,54280,54283,500,500,-4283
1358,135775291,135775307,135782124,6833,16,6817,50000,54283,54285,500,500,-4285
1359,135875338,135875353,135882121,6783,15,6768,50000,54285,54288,500,500,-4288
1360,135975384,135975400,135982119,6735,16,6719,50000,54288,54291,500,500,-4291
1361,136075430,136075446,136082130,6700,16,6684,50000,54291,54294,500,500,-4294
1362,136175477,136175494,136182122,6645,17,6628,50000,54294,54297,500,500,-4297
1363,136275523,136275539,136282119,6596,16,6580,50000,54297,54300,500,500,-4300
1364,136375570,136375586,136382141,6571,16,6555,50000,54300,54302,500,500,-4302
1365,136475635,136475651,136482146,6511,16,6495,50000,54302,54305,500,500,-4305
1366,136575682,136575698,136582144,6462,16,6446,50000,54305,54308,500,500,-4308
1367,136675729,136675745,136682128,6399,16,6383,50000,54308,54311,500,500,-4311
1368,136775775,136775792,136782127,6352,17,6335,50000,54311,54313,500,500,-4313
1369,136875823,136875838,136882122,6299,15,6284,50000,54313,54316,500,500,-4316
1370,136975869,136975885,136982128,6259,16,6243,50000,54316,54319,500,500,-4319
1371,137075917,137075933,137082121,6204,16,6188,50000,54319,54322,500,500,-4322
1372,137175964,137175980,137182125,6161,16,6145,50000,54322,54324,500,500,-4324
1373,137276011,137276027,137282117,6106,16,6090,50000,54324,54327,500,500,-4327
1374,137376057,137376073,137382129,6072,16,6056,50000,54327,54330,500,500,-4330
1375,137476105,137476121,137482123,6018,16,6002,50000,54330,54332,500,500,-4332
1376,137576152,137576168,137582121,5969,16,5953,50000,54332,54335,500,500,-4335
1377,137676198,137676214,137682129,5931,16,5915,50000,54335,54338,500,500,-4338
1378,137776246,137776262,137782126,5880,16,5864,50000,54338,54340,500,500,-4340
1379,137876293,137876309,137882123,5830,16,5814,50000,54340,54343,500,500,-4343
1380,137976339,137976356,137982121,5782,17,5765,50000,54343,54346,500,500,-4346
1381,138076386,138076402,138082133,5747,16,5731,50000,54346,54348,500,500,-4348
1382,138176433,138176449,138182127,5694,16,5678,50000,54348,54351,500,500,-4351
1383,138276479,138276495,138282126,5647,16,5631,50000,54351,54354,500,500,-4354
1384,138376526,138376542,138382125,5599,16,5583,50000,54354,54356,500,500,-4356
1385,138476573,138476590,138482120,5547,17,5530,50000,54356,54359,500,500,-4359
1386,138576620,138576652,138582146,5526,32,5494,50000,54359,54361,500,500,-4361
1387,138676689,138676705,138682112,5423,16,5407,50000,54361,54364,500,500,-4364
1388,138776735,138776751,138782130,5395,16,5379,50000,54364,54366,500,500,-4366
1389,138876781,138876797,138882124,5343,16,5327,50000,54366,54369,500,500,-4369
1390,138976826,138976842,138982123,5297,16,5281,50000,54369,54371,500,500,-4371
1391,139076871,139076887,139082120,5249,16,5233,50000,54371,54374,500,500,-4374
1392,139176916,139176932,139182134,5218,16,5202,50000,54374,54376,500,500,-4376
1393,139276962,139276978,139282102,5140,16,5124,50000,54376,54379,500,500,-4379
1394,139377007,139377023,139382129,5122,16,5106,50000,54379,54381,500,500,-4381
1395,139477053,139477069,139482123,5070,16,5054,50000,54381,54384,500,500,-4384
1396,139577098,139577115,139582124,5026,17,5009,50000,54384,54386,500,500,-4386
1397,139677144,139677160,139682120,4976,16,4960,50000,54386,54389,500,500,-4389
1398,139777190,139777206,139782129,4939,16,4923,50000,54389,54391,500,500,-4391
1399,139877235,139877251,139882121,4886,16,4870,50000,54391,54394,500,500,-4394
1400,139977281,139977297,139984065,6784,16,6768,50000,54394,54396,500,500,-4396
1401,140077331,140077347,140082091,4760,16,4744,50000,54396,54399,500,500,-4399
1402,140177375,140177391,140182128,4753,16,4737,50000,54399,54401,500,500,-4401
1403,140277423,140277439,140282121,4698,16,4682,50000,54401,54403,500,500,-4403
1404,140377468,140377484,140382120,4652,16,4636,50000,54403,54406,500,500,-4406
1405,140477514,140477530,140482125,4611,16,4595,50000,54406,54408,500,500,-4408
1406,140577560,140577576,140582126,4566,16,4550,50000,54408,54410,500,500,-4410
1407,140677606,140677622,140682119,4513,16,4497,50000,54410,54413,500,500,-4413
1408,140777651,140777668,140782128,4477,17,4460,50000,54413,54415,500,500,-4415
1409,140877697,140877713,140882123,4426,16,4410,50000,54415,54418,500,500,-4418
1410,140977743,140977760,140982127,4384,17,4367,50000,54418,54420,500,500,-4420
1411,141077789,141077805,141082116,4327,16,4311,50000,54420,54422,500,500,-4422
1412,141177834,141177850,141182141,4307,16,4291,50000,54422,54424,500,500,-4424
1413,141277898,141277914,141282137,4239,16,4223,50000,54424,54427,500,500,-4427
1414,141377944,141377960,141382135,4191,16,4175,50000,54427,54429,500,500,-4429
1415,141477989,141478005,141482128,4139,16,4123,50000,54429,54431,500,500,-4431
1416,141578035,141578051,141582121,4086,16,4070,50000,54431,54434,500,500,-4434
1417,141678080,141678096,141682119,4039,16,4023,50000,54434,54436,500,500,-4436
1418,141778126,141778142,141782132,4006,16,3990,50000,54436,54438,500,500,-4438
1419,141878172,141878188,141882126,3954,16,3938,50000,54438,54440,500,500,-4440
1420,141978217,141978233,141982125,3908,16,3892,50000,54440,54443,500,500,-4443
1421,142078262,142078279,142082120,3858,17,3841,50000,54443,54445,500,500,-4445
1422,142178309,142178325,142182127,3818,16,3802,50000,54445,54447,500,500,-4447
1423,142278355,142278371,142282121,3766,16,3750,50000,54447,54449,500,500,-4449
1424,142378400,142378416,142382128,3728,16,3712,50000,54449,54452,500,500,-4452
1425,142478446,142478462,142482123,3677,16,3661,50000,54452,54454,500,500,-4454
1426,142578491,142578508,142582134,3643,17,3626,50000,54454,54456,500,500,-4456
1427,142678538,142678554,142682121,3583,16,3567,50000,54456,54458,500,500,-4458
1428,142778583,142778598,142782119,3536,15,3521,50000,54458,54460,500,500,-4460
1429,142878628,142878645,142882129,3501,17,3484,50000,54460,54462,500,500,-4462
1430,142978675,142978691,142982124,3449,16,3433,50000,54462,54465,500,500,-4465
1431,143078719,143078736,143082123,3404,17,3387,50000,54465,54467,500,500,-4467
1432,143178765,143178781,143182128,3363,16,3347,50000,54467,54469,500,500,-4469
1433,143278811,143278827,143282125,3314,16,3298,50000,54469,54471,500,500,-4471
1434,143378857,143378873,143382122,3265,16,3249,50000,54471,54473,500,500,-4473
1435,143478903,143478919,143482125,3222,16,3206,50000,54473,54475,500,500,-4475
1436,143578949,143578965,143582129,3180,16,3164,50000,54475,54477,500,500,-4477
1437,143678994,143679010,143682125,3131,16,3115,50000,54477,54479,500,500,-4479
1438,143779040,143779056,143782122,3082,16,3066,50000,54479,54481,500,500,-4481
1439,143879085,143879102,143882139,3054,17,3037,50000,54481,54484,500,500,-4484
1440,143979147,143979163,143982144,2997,16,2981,50000,54484,54486,500,500,-4486
1441,144079193,144079209,144082140,2947,16,2931,50000,54486,54488,500,500,-4488
1442,144179239,144179255,144182131,2892,16,2876,50000,54488,54490,500,500,-4490
1443,144279285,144279301,144282129,2844,16,2828,50000,54490,54492,500,500,-4492
1444,144379331,144379347,144381136,1805,16,1789,50000,54492,54494,500,500,-4494
1445,144479376,144479392,144481252,1876,16,1860,50000,54494,54496,500,500,-4496
1446,144579422,144579438,144591415,11993,16,11977,50000,54496,54498,500,500,-4498
1447,144679467,144679483,144691518,12051,16,12035,50000,54498,54500,500,500,-4500
1448,144779513,144779529,144791105,11592,16,11576,50000,54500,54502,500,500,-4502
1449,144879559,144879575,144891206,11647,16,11631,50000,54502,54504,500,500,-4504
1450,144979605,144979621,144991270,11665,16,11649,50000,54504,54506,500,500,-4506
1451,145079651,145079667,145091283,11632,16,11616,50000,54506,54508,500,500,-4508
1452,145179697,145179713,145191323,11626,16,11610,50000,54508,54510,500,500,-4510
1453,145279760,145279776,145291405,11645,16,11629,50000,54510,54512,500,500,-4512
1454,145379806,145379822,145391430,11624,16,11608,50000,54512,54514,500,500,-4514
1455,145479870,145479886,145491483,11613,16,11597,50000,54514,54516,500,500,-4516
1456,145579918,145579934,145591544,11626,16,11610,50000,54516,54518,500,500,-4518
1457,145679965,145679981,145691594,11629,16,11613,50000,54518,54519,500,500,-4519
1458,145780031,145780047,145791676,11645,16,11629,50000,54519,54521,500,500,-4521
1459,145880077,145880093,145891704,11627,16,11611,50000,54521,54523,500,500,-4523
1460,145980142,145980158,145991789,11647,16,11631,50000,54523,54525,500,500,-4525
1461,146080188,146080219,146091822,11634,31,11603,50000,54525,54527,500,500,-4527
1462,146180253,146180269,146191871,11618,16,11602,50000,54527,54529,500,500,-4529
1463,146280301,146280317,146291935,11634,16,11618,50000,54529,54531,500,500,-4531
1464,146380365,146380381,146391991,11626,16,11610,50000,54531,54533,500,500,-4533
1465,146480413,146480429,146492042,11629,16,11613,50000,54533,54535,500,500,-4535
1466,146580477,146580493,146592098,11621,16,11605,50000,54535,54536,500,500,-4536
1467,146680525,146680541,146692161,11636,16,11620,50000,54536,54538,500,500,-4538
1468,146780570,146780586,146792155,11585,16,11569,50000,54538,54540,500,500,-4540
1469,146880615,146880631,146892152,11537,16,11521,50000,54540,54542,500,500,-4542
1470,146980661,146980677,146992141,11480,16,11464,50000,54542,54544,500,500,-4544
1471,147080706,147080722,147092142,11436,16,11420,50000,54544,54546,500,500,-4546
1472,147180752,147180768,147192103,11351,16,11335,50000,54546,54547,500,500,-4547
1473,147280799,147280816,147292128,11329,17,11312,50000,54547,54549,500,500,-4549
1474,147380844,147380860,147392125,11281,16,11265,50000,54549,54551,500,500,-4551
1475,147480890,147480907,147492119,11229,17,11212,50000,54551,54553,500,500,-4553
1476,147580936,147580952,147592130,11194,16,11178,50000,54553,54555,500,500,-4555
1477,147680982,147680998,147692126,11144,16,11128,50000,54555,54556,500,500,-4556
1478,147781027,147781043,147792128,11101,16,11085,50000,54556,54558,500,500,-4558
1479,147881090,147881106,147892122,11032,16,11016,50000,54558,54560,500,500,-4560
1480,147981137,147981153,147992121,10984,16,10968,50000,54560,54562,500,500,-4562
1481,148081184,148081200,148092128,10944,16,10928,50000,54562,54564,500,500,-4564
1482,148181232,148181248,148192123,10891,16,10875,50000,54564,54565,500,500,-4565
1483,148281280,148281296,148292120,10840,16,10824,50000,54565,54567,500,500,-4567
1484,148381326,148381342,148392129,10803,16,10787,50000,54567,54569,500,500,-4569
1485,148481374,148481390,148492122,10748,16,10732,50000,54569,54570,500,500,-4570
1486,148581421,148581437,148592123,10702,16,10686,50000,54570,54572,500,500,-4572
1487,148681468,148681484,148692128,10660,16,10644,50000,54572,54574,500,500,-4574
1488,148781516,148781532,148792123,10607,16,10591,50000,54574,54576,500,500,-4576
1489,148881562,148881579,148892124,10562,17,10545,50000,54576,54577,500,500,-4577
1490,148981609,148981625,148992121,10512,16,10496,50000,54577,54579,500,500,-4579
1491,149081656,149081672,149092130,10474,16,10458,50000,54579,54581,500,500,-4581
1492,149181703,149181719,149192121,10418,16,10402,50000,54581,54582,500,500,-4582
1493,149281750,149281766,149292125,10375,16,10359,50000,54582,54584,500,500,-4584
1494,149381798,149381814,149392135,10337,16,10321,50000,54584,54586,500,500,-4586
1495,149481845,149481861,149492148,10303,16,10287,50000,54586,54587,500,500,-4587
1496,149581892,149581908,149592140,10248,16,10232,50000,54587,54589,500,500,-4589
1497,149681939,149681955,149692127,10188,16,10172,50000,54589,54591,500,500,-4591
1498,149781986,149782003,149792125,10139,17,10122,50000,54591,54592,500,500,-4592
1499,149882034,149882050,149892124,10090,16,10074,50000,54592,54594,500,500,-4594
1500,149982081,149982098,149995021,12940,17,12923,50000,54594,54596,500,500,-4596
1501,150082132,150082148,150092092,9960,16,9944,50000,54596,54597,500,500,-4597
1502,150182179,150182195,150192127,9948,16,9932,50000,54597,54599,500,500,-4599
1503,150282228,150282244,150292120,9892,16,9876,50000,54599,54600,500,500,-4600
1504,150382288,150382304,150392130,9842,16,9826,50000,54600,54602,500,500,-4602
1505,150482334,150482350,150492123,9789,16,9773,50000,54602,54604,500,500,-4604
1506,150582381,150582397,150592123,9742,16,9726,50000,54604,54605,500,500,-4605
1507,150682428,150682444,150692131,9703,16,9687,50000,54605,54607,500,500,-4607
1508,150782475,150782492,150792127,9652,17,9635,50000,54607,54608,500,500,-4608
1509,150882522,150882538,150892127,9605,16,9589,50000,54608,54610,500,500,-4610
1510,150982570,150982586,150992129,9559,16,9543,50000,54610,54611,500,500,-4611
1511,151082616,151082632,151092123,9507,16,9491,50000,54611,54613,500,500,-4613
1512,151182662,151182678,151192132,9470,16,9454,50000,54613,54615,500,500,-4615
1513,151282709,151282725,151292123,9414,16,9398,50000,54615,54616,500,500,-4616
1514,151382756,151382772,151392124,9368,16,9352,50000,54616,54618,500,500,-4618
1515,151482803,151482819,151492129,9326,16,9310,50000,54618,54619,500,500,-4619
1516,151582850,151582866,151592125,9275,16,9259,50000,54619,54621,500,500,-4621
1517,151682898,151682914,151692121,9223,16,9207,50000,54621,54622,500,500,-4622
1518,151782945,151782961,151792130,9185,16,9169,50000,54622,54624,500,500,-4624
1519,151882992,151883008,151892123,9131,16,9115,50000,54624,54625,500,500,-4625
1520,151983038,151983054,151992123,9085,16,9069,50000,54625,54627,500,500,-4627
1521,152083085,152083101,152092120,9035,16,9019,50000,54627,54628,500,500,-4628
1522,152183132,152183148,152192149,9017,16,9001,50000,54628,54630,500,500,-4630
1523,152283199,152283215,152292143,8944,16,8928,50000,54630,54631,500,500,-4631
1524,152383246,152383262,152392139,8893,16,8877,50000,54631,54633,500,500,-4633
1525,152483293,152483309,152492127,8834,16,8818,50000,54633,54634,500,500,-4634
1526,152583340,152583356,152592120,8780,16,8764,50000,54634,54636,500,500,-4636
1527,152683386,152683402,152692123,8737,16,8721,50000,54636,54637,500,500,-4637
1528,152783434,152783450,152792130,8696,16,8680,50000,54637,54638,500,500,-4638
1529,152883480,152883496,152892126,8646,16,8630,50000,54638,54640,500,500,-4640
1530,152983527,152983544,152992120,8593,17,8576,50000,54640,54641,500,500,-4641
1531,153083574,153083590,153092129,8555,16,8539,50000,54641,54643,500,500,-4643
1532,153183620,153183636,153192122,8502,16,8486,50000,54643,54644,500,500,-4644
1533,153283666,153283682,153292125,8459,16,8443,50000,54644,54646,500,500,-4646
1534,153383713,153383729,153392119,8406,16,8390,50000,54646,54647,500,500,-4647
1535,153483760,153483776,153492129,8369,16,8353,50000,54647,54648,500,500,-4648
1536,153583828,153583844,153592124,8296,16,8280,50000,54648,54650,500,500,-4650
1537,153683875,153683891,153692119,8244,16,8228,50000,54650,54651,500,500,-4651
1538,153783921,153783938,153792132,8211,17,8194,50000,54651,54653,500,500,-4653
1539,153883969,153883985,153892127,8158,16,8142,50000,54653,54654,500,500,-4654
1540,153984015,153984031,153992131,8116,16,8100,50000,54654,54655,500,500,-4655
1541,154084063,154084079,154092124,8061,16,8045,50000,54655,54657,500,500,-4657
1542,154184109,154184125,154192126,8017,16,8001,50000,54657,54658,500,500,-4658
1543,154284157,154284173,154292120,7963,16,7947,50000,54658,54660,500,500,-4660
1544,154384204,154384220,154392134,7930,16,7914,50000,54660,54661,500,500,-4661
1545,154484251,154484267,154492128,7877,16,7861,50000,54661,54662,500,500,-4662
1546,154584298,154584314,154592126,7828,16,7812,50000,54662,54664,500,500,-4664
1547,154684344,154684360,154692127,7783,16,7767,50000,54664,54665,500,500,-4665
1548,154784391,154784407,154792122,7731,16,7715,50000,54665,54666,500,500,-4666
1549,154884437,154884453,154892141,7704,16,7688,50000,54666,54668,500,500,-4668
1550,154984502,154984518,154992104,7602,16,7586,50000,54668,54669,500,500,-4669
1551,155084550,155084566,155092123,7573,16,7557,50000,54669,54670,500,500,-4670
1552,155184597,155184613,155192130,7533,16,7517,50000,54670,54672,500,500,-4672
1553,155284643,155284659,155292124,7481,16,7465,50000,54672,54673,500,500,-4673
1554,155384690,155384706,155392118,7428,16,7412,50000,54673,54674,500,500,-4674
1555,155484736,155484752,155492128,7392,16,7376,50000,54674,54676,500,500,-4676
1556,155584783,155584799,155592124,7341,16,7325,50000,54676,54677,500,500,-4677
1557,155684829,155684846,155692121,7292,17,7275,50000,54677,54678,500,500,-4678
1558,155784876,155784892,155792122,7246,16,7230,50000,54678,54679,500,500,-4679
1559,155884922,155884938,155892129,7207,16,7191,50000,54679,54681,500,500,-4681
1560,155984970,155984986,155992125,7155,16,7139,50000,54681,54682,500,500,-4682
1561,156085016,156085032,156092118,7102,16,7086,50000,54682,54683,500,500,-4683
1562,156185063,156185079,156192129,7066,16,7050,50000,54683,54685,500,500,-4685
1563,156285110,156285126,156292125,7015,16,6999,50000,54685,54686,500,500,-4686
1564,156385156,156385172,156392125,6969,16,6953,50000,54686,54687,500,500,-4687
1565,156485203,156485220,156492122,6919,17,6902,50000,54687,54688,500,500,-4688
1566,156585250,156585266,156592128,6878,16,6862,50000,54688,54690,500,500,-4690
1567,156685298,156685314,156692122,6824,16,6808,50000,54690,54691,500,500,-4691
1568,156785344,156785360,156792122,6778,16,6762,50000,54691,54692,500,500,-4692
1569,156885391,156885407,156892136,6745,16,6729,50000,54692,54693,500,500,-4693
1570,156985438,156985454,156992140,6702,16,6686,50000,54693,54694,500,500,-4694
1571,157085485,157085501,157092138,6653,16,6637,50000,54694,54696,500,500,-4696
1572,157185532,157185548,157192129,6597,16,6581,50000,54696,54697,500,500,-4697
1573,157285578,157285594,157292125,6547,16,6531,50000,54697,54698,500,500,-4698
1574,157385625,157385641,157392121,6496,16,6480,50000,54698,54699,500,500,-4699
1575,157485671,157485687,157492132,6461,16,6445,50000,54699,54701,500,500,-4701
1576,157585719,157585735,157592127,6408,16,6392,50000,54701,54702,500,500,-4702
1577,157685766,157685782,157692128,6362,16,6346,50000,54702,54703,500,500,-4703
1578,157785812,157785828,157792124,6312,16,6296,50000,54703,54704,500,500,-4704
1579,157885859,157885875,157892121,6262,16,6246,50000,54704,54705,500,500,-4705
1580,157985905,157985921,157992128,6223,16,6207,50000,54705,54706,500,500,-4706
1581,158085953,158085970,158092121,6168,17,6151,50000,54706,54708,500,500,-4708
1582,158186000,158186016,158192121,6121,16,6105,50000,54708,54709,500,500,-4709
1583,158286046,158286062,158292128,6082,16,6066,50000,54709,54710,500,500,-4710
1584,158386093,158386109,158392123,6030,16,6014,50000,54710,54711,500,500,-4711
1585,158486139,158486156,158492117,5978,17,5961,50000,54711,54712,500,500,-4712
1586,158586187,158586203,158592130,5943,16,5927,50000,54712,54713,500,500,-4713
1587,158686235,158686251,158692123,5888,16,5872,50000,54713,54715,500,500,-4715
1588,158786281,158786297,158792122,5841,16,5825,50000,54715,54716,500,500,-4716
1589,158886328,158886344,158892118,5790,16,5774,50000,54716,54717,500,500,-4717
1590,158986375,158986391,158992129,5754,16,5738,50000,54717,54718,500,500,-4718
1591,159086421,159086438,159092123,5702,17,5685,50000,54718,54719,500,500,-4719
1592,159186468,159186484,159192123,5655,16,5639,50000,54719,54720,500,500,-4720
1593,159286531,159286547,159292131,5600,16,5584,50000,54720,54721,500,500,-4721
1594,159386578,159386594,159392124,5546,16,5530,50000,54721,54723,500,500,-4723
1595,159486625,159486659,159492125,5500,34,5466,50000,54723,54724,500,500,-4724
1596,159586673,159586689,159592119,5446,16,5430,50000,54724,54725,500,500,-4725
1597,159686718,159686734,159692145,5427,16,5411,50000,54725,54726,500,500,-4726
1598,159786783,159786799,159792138,5355,16,5339,50000,54726,54727,500,500,-4727
1599,159886828,159886844,159892137,5309,16,5293,50000,54727,54728,500,500,-4728
1600,159986874,159986890,159994072,7198,16,7182,50000,54728,54729,500,500,-4729
1601,160086924,160086940,160092087,5163,16,5147,50000,54729,54730,500,500,-4730
1602,160186969,160186985,160192122,5153,16,5137,50000,54730,54731,500,500,-4731
1603,160287017,160287033,160292130,5113,16,5097,50000,54731,54732,500,500,-4732
1604,160387063,160387079,160392129,5066,16,5050,50000,54732,54733,500,500,-4733
1605,160487110,160487126,160492119,5009,16,4993,50000,54733,54734,500,500,-4734
1606,160587155,160587171,160592121,4966,16,4950,50000,54734,54736,500,500,-4736
1607,160687200,160687216,160692128,4928,16,4912,50000,54736,54737,500,500,-4737
1608,160787246,160787262,160792125,4879,16,4863,50000,54737,54738,500,500,-4738
1609,160887292,160887308,160892122,4830,16,4814,50000,54738,54739,500,500,-4739
1610,160987338,160987354,160992124,4786,16,4770,50000,54739,54740,500,500,-4740
1611,161087383,161087399,161092120,4737,16,4721,50000,54740,54741,500,500,-4741
1612,161187429,161187445,161192126,4697,16,4681,50000,54741,54742,500,500,-4742
1613,161287475,161287491,161292120,4645,16,4629,50000,54742,54743,500,500,-4743
1614,161387520,161387536,161392128,4608,16,4592,50000,54743,54744,500,500,-4744
1615,161487566,161487582,161492123,4557,16,4541,50000,54744,54745,500,500,-4745
1616,161587612,161587628,161592120,4508,16,4492,50000,54745,54746,500,500,-4746
1617,161687658,161687674,161692129,4471,16,4455,50000,54746,54747,500,500,-4747
1618,161787703,161787719,161792123,4420,16,4404,50000,54747,54748,500,500,-4748
1619,161887749,161887765,161892124,4375,16,4359,50000,54748,54749,500,500,-4749
1620,161987795,161987811,161992122,4327,16,4311,50000,54749,54750,500,500,-4750
1621,162087840,162087857,162092127,4287,17,4270,50000,54750,54751,500,500,-4751
1622,162187886,162187902,162192123,4237,16,4221,50000,54751,54752,500,500,-4752
1623,162287931,162287947,162292121,4190,16,4174,50000,54752,54753,500,500,-4753
1624,162387977,162387993,162392138,4161,16,4145,50000,54753,54754,500,500,-4754
1625,162488039,162488055,162492145,4106,16,4090,50000,54754,54755,500,500,-4755
1626,162588085,162588101,162592138,4053,16,4037,50000,54755,54756,500,500,-4756
1627,162688130,162688146,162692128,3998,16,3982,50000,54756,54757,500,500,-4757
1628,162788176,162788192,162792124,3948,16,3932,50000,54757,54758,500,500,-4758
1629,162888222,162888238,162892124,3902,16,3886,50000,54758,54759,500,500,-4759
1630,162988268,162988284,162992132,3864,16,3848,50000,54759,54760,500,500,-4760
1631,163088314,163088330,163092124,3810,16,3794,50000,54760,54761,500,500,-4761
1632,163188360,163188376,163192126,3766,16,3750,50000,54761,54762,500,500,-4762
1633,163288405,163288422,163292121,3716,17,3699,50000,54762,54763,500,500,-4763
1634,163388451,163388467,163392131,3680,16,3664,50000,54763,54764,500,500,-4764
1635,163488497,163488513,163492135,3638,16,3622,50000,54764,54765,500,500,-4765
1636,163588542,163588558,163592125,3583,16,3567,50000,54765,54765,500,500,-4765
1637,163688588,163688604,163692126,3538,16,3522,50000,54765,54766,500,500,-4766
1638,163788634,163788650,163792131,3497,16,3481,50000,54766,54767,500,500,-4767
1639,163888679,163888695,163892126,3447,16,3431,50000,54767,54768,500,500,-4768
1640,163988724,163988740,163992126,3402,16,3386,50000,54768,54769,500,500,-4769
1641,164088769,164088785,164092121,3352,16,3336,50000,54769,54770,500,500,-4770
1642,164188815,164188831,164192123,3308,16,3292,50000,54770,54771,500,500,-4771
1643,164288861,164288877,164292121,3260,16,3244,50000,54771,54772,500,500,-4772
1644,164388906,164388922,164392119,3213,16,3197,50000,54772,54773,500,500,-4773
1645,164488952,164488968,164492127,3175,16,3159,50000,54773,54774,500,500,-4774
1646,164588998,164589014,164592124,3126,16,3110,50000,54774,54775,500,500,-4775
1647,164689043,164689059,164692120,3077,16,3061,50000,54775,54776,500,500,-4776
1648,164789088,164789104,164792131,3043,16,3027,50000,54776,54777,500,500,-4777
1649,164889133,164889149,164892126,2993,16,2977,50000,54777,54777,500,500,-4777
1650,164989179,164989195,164992122,2943,16,2927,50000,54777,54778,500,500,-4778
1651,165089225,165089241,165092128,2903,16,2887,50000,54778,54779,500,500,-4779
1652,165189271,165189287,165192152,2881,16,2865,50000,54779,54780,500,500,-4780
1653,165289316,165289332,165291156,1840,16,1824,50000,54780,54781,500,500,-4781
1654,165389362,165389378,165391265,1903,16,1887,50000,54781,54782,500,500,-4782
1655,165489408,165489424,165501426,12018,16,12002,50000,54782,54783,500,500,-4783
1656,165589454,165589469,165601530,12076,15,12061,50000,54783,54784,500,500,-4784
1657,165689499,165689515,165701594,12095,16,12079,50000,54784,54784,500,500,-4784
1658,165789544,165789560,165801138,11594,16,11578,50000,54784,54785,500,500,-4785
1659,165889589,165889605,165901232,11643,16,11627,50000,54785,54786,500,500,-4786
1660,165989634,165989650,166001257,11623,16,11607,50000,54786,54787,500,500,-4787
1661,166089699,166089715,166101340,11641,16,11625,50000,54787,54788,500,500,-4788
1662,166189745,166189761,166201373,11628,16,11612,50000,54788,54789,500,500,-4789
1663,166289810,166289825,166301426,11616,15,11601,50000,54789,54790,500,500,-4790
1664,166389859,166389875,166401477,11618,16,11602,50000,54790,54790,500,500,-4790
1665,166489924,166489940,166501561,11637,16,11621,50000,54790,54791,500,500,-4791
1666,166589970,166589986,166601598,11628,16,11612,50000,54791,54792,500,500,-4792
1667,166690018,166690034,166701650,11632,16,11616,50000,54792,54793,500,500,-4793
1668,166790084,166790100,166801708,11624,16,11608,50000,54793,54794,500,500,-4794
1669,166890131,166890147,166901757,11626,16,11610,50000,54794,54795,500,500,-4795
1670,166990197,166990228,167001842,11645,31,11614,50000,54795,54795,500,500,-4795
1671,167090245,167090261,167101867,11622,16,11606,50000,54795,54796,500,500,-4796
1672,167190309,167190325,167201933,11624,16,11608,50000,54796,54797,500,500,-4797
1673,167290374,167290390,167302019,11645,16,11629,50000,54797,54798,500,500,-4798
1674,167390419,167390435,167402048,11629,16,11613,50000,54798,54799,500,500,-4799
1675,167490483,167490499,167502094,11611,16,11595,50000,54799,54799,500,500,-4799
1676,167590548,167590564,167602129,11581,16,11565,50000,54799,54800,500,500,-4800
1677,167690594,167690610,167702122,11528,16,11512,50000,54800,54801,500,500,-4801
1678,167790639,167790655,167802140,11501,16,11485,50000,54801,54802,500,500,-4802
1679,167890700,167890716,167902154,11454,16,11438,50000,54802,54803,500,500,-4803
1680,167990745,167990762,168002148,11403,17,11386,50000,54803,54803,500,500,-4803
1681,168090791,168090807,168102146,11355,16,11339,50000,54803,54804,500,500,-4804
1682,168190867,168190883,168202129,11262,16,11246,50000,54804,54805,500,500,-4805
1683,168290913,168290928,168302124,11211,15,11196,50000,54805,54806,500,500,-4806
1684,168390958,168390974,168402124,11166,16,11150,50000,54806,54807,500,500,-4807
1685,168491003,168491019,168502128,11125,16,11109,50000,54807,54807,500,500,-4807
1686,168591049,168591065,168602124,11075,16,11059,50000,54807,54808,500,500,-4808
1687,168691094,168691110,168702122,11028,16,11012,50000,54808,54809,500,500,-4809
1688,168791142,168791158,168802123,10981,16,10965,50000,54809,54810,500,500,-4810
1689,168891189,168891205,168902131,10942,16,10926,50000,54810,54810,500,500,-4810
1690,168991237,168991253,169002124,10887,16,10871,50000,54810,54811,500,500,-4811
1691,169091283,169091299,169102122,10839,16,10823,50000,54811,54812,500,500,-4812
1692,169191330,169191346,169202129,10799,16,10783,50000,54812,54813,500,500,-4813
1693,169291377,169291393,169302123,10746,16,10730,50000,54813,54813,500,500,-4813
1694,169391424,169391440,169402124,10700,16,10684,50000,54813,54814,500,500,-4814
1695,169491471,169491488,169502118,10647,17,10630,50000,54814,54815,500,500,-4815
1696,169591517,169591534,169602135,10618,17,10601,50000,54815,54816,500,500,-4816
1697,169691565,169691581,169702128,10563,16,10547,50000,54816,54816,500,500,-4816
1698,169791612,169791628,169802128,10516,16,10500,50000,54816,54817,500,500,-4817
1699,169891660,169891676,169902122,10462,16,10446,50000,54817,54818,500,500,-4818
1700,169991706,169991722,170005012,13306,16,13290,50000,54818,54819,500,500,-4819
1701,170091756,170091772,170102106,10350,16,10334,50000,54819,54819,500,500,-4819
1702,170191803,170191819,170202135,10332,16,10316,50000,54819,54820,500,500,-4820
1703,170291868,170291885,170302129,10261,17,10244,50000,54820,54821,500,500,-4821
1704,170391915,170391931,170402125,10210,16,10194,50000,54821,54821,500,500,-4821
1705,170491962,170491978,170502123,10161,16,10145,50000,54821,54822,500,500,-4822
1706,170592009,170592025,170602120,10111,16,10095,50000,54822,54823,500,500,-4823
1707,170692073,170692089,170702132,10059,16,10043,50000,54823,54824,500,500,-4824
1708,170792120,170792136,170802120,10000,16,9984,50000,54824,54824,500,500,-4824
1709,170892166,170892183,170902125,9959,17,9942,50000,54824,54825,500,500,-4825
1710,170992213,170992229,171002121,9908,16,9892,50000,54825,54826,500,500,-4826
1711,171092275,171092291,171102126,9851,16,9835,50000,54826,54826,500,500,-4826
1712,171192327,171192343,171202118,9791,16,9775,50000,54826,54827,500,500,-4827
1713,171292372,171292388,171302128,9756,16,9740,50000,54827,54828,500,500,-4828
1714,171392419,171392435,171402122,9703,16,9687,50000,54828,54828,500,500,-4828
1715,171492466,171492482,171502122,9656,16,9640,50000,54828,54829,500,500,-4829
1716,171592513,171592529,171602127,9614,16,9598,50000,54829,54830,500,500,-4830
1717,171692560,171692576,171702124,9564,16,9548,50000,54830,54830,500,500,-4830
1718,171792607,171792623,171802123,9516,16,9500,50000,54830,54831,500,500,-4831
1719,171892653,171892669,171902123,9470,16,9454,50000,54831,54832,500,500,-4832
1720,171992700,171992716,172002130,9430,16,9414,50000,54832,54833,500,500,-4833
1721,172092747,172092763,172102123,9376,16,9360,50000,54833,54833,500,500,-4833
1722,172192794,172192810,172202121,9327,16,9311,50000,54833,54834,500,500,-4834
1723,172292840,172292856,172302130,9290,16,9274,50000,54834,54835,500,500,-4835
1724,172392888,172392904,172402122,9234,16,9218,50000,54835,54835,500,500,-4835
1725,172492934,172492950,172502125,9191,16,9175,50000,54835,54836,500,500,-4836
1726,172592981,172592997,172602119,9138,16,9122,50000,54836,54837,500,500,-4837
1727,172693028,172693044,172702143,9115,16,9099,50000,54837,54837,500,500,-4837
1728,172793094,172793110,172802137,9043,16,9027,50000,54837,54838,500,500,-4838
1729,172893141,172893157,172902132,8991,16,8975,50000,54838,54838,500,500,-4838
1730,172993188,172993204,173002126,8938,16,8922,50000,54838,54839,500,500,-4839
1731,173093233,173093249,173102122,8889,16,8873,50000,54839,54840,500,500,-4840
1732,173193280,173193296,173202121,8841,16,8825,50000,54840,54840,500,500,-4840
1733,173293327,173293343,173302127,8800,16,8784,50000,54840,54841,500,500,-4841
1734,173393374,173393390,173402128,8754,16,8738,50000,54841,54842,500,500,-4842
1735,173493421,173493437,173502123,8702,16,8686,50000,54842,54842,500,500,-4842
1736,173593468,173593484,173602122,8654,16,8638,50000,54842,54843,500,500,-4843
1737,173693515,173693531,173702129,8614,16,8598,50000,54843,54844,500,500,-4844
1738,173793562,173793578,173802123,8561,16,8545,50000,54844,54844,500,500,-4844
1739,173893608,173893624,173902121,8513,16,8497,50000,54844,54845,500,500,-4845
1740,173993655,173993671,174002130,8475,16,8459,50000,54845,54845,500,500,-4845
1741,174093703,174093719,174102124,8421,16,8405,50000,54845,54846,500,500,-4846
1742,174193750,174193766,174202125,8375,16,8359,50000,54846,54847,500,500,-4847
1743,174293797,174293813,174302118,8321,16,8305,50000,54847,54847,500,500,-4847
1744,174393843,174393859,174402128,8285,16,8269,50000,54847,54848,500,500,-4848
1745,174493890,174493906,174502122,8232,16,8216,50000,54848,54848,500,500,-4848
1746,174593936,174593952,174602120,8184,16,8168,50000,54848,54849,500,500,-4849
1747,174693983,174693999,174702129,8146,16,8130,50000,54849,54850,500,500,-4850
1748,174794031,174794047,174802123,8092,16,8076,50000,54850,54850,500,500,-4850
1749,174894077,174894093,174902121,8044,16,8028,50000,54850,54851,500,500,-4851
1750,174994124,174994140,175002118,7994,16,7978,50000,54851,54851,500,500,-4851
1751,175094171,175094187,175102128,7957,16,7941,50000,54851,54852,500,500,-4852
1752,175194218,175194234,175202122,7904,16,7888,50000,54852,54853,500,500,-4853
1753,175294264,175294280,175302124,7860,16,7844,50000,54853,54853,500,500,-4853
1754,175394312,175394328,175402137,7825,16,7809,50000,54853,54854,500,500,-4854
1755,175494358,175494375,175502142,7784,17,7767,50000,54854,54854,500,500,-4854
1756,175594405,175594422,175602137,7732,17,7715,50000,54854,54855,500,500,-4855
1757,175694452,175694469,175702128,7676,17,7659,50000,54855,54856,500,500,-4856
1758,175794499,175794515,175802122,7623,16,7607,50000,54856,54856,500,500,-4856
1759,175894545,175894561,175902120,7575,16,7559,50000,54856,54857,500,500,-4857
1760,175994591,175994607,176002129,7538,16,7522,50000,54857,54857,500,500,-4857
1761,176094639,176094655,176102124,7485,16,7469,50000,54857,54858,500,500,-4858
1762,176194685,176194701,176202127,7442,16,7426,50000,54858,54858,500,500,-4858
1763,176294733,176294749,176302119,7386,16,7370,50000,54858,54859,500,500,-4859
1764,176394779,176394795,176402132,7353,16,7337,50000,54859,54860,500,500,-4860
1765,176494827,176494843,176502124,7297,16,7281,50000,54860,54860,500,500,-4860
1766,176594873,176594889,176602126,7253,16,7237,50000,54860,54861,500,500,-4861
1767,176694921,176694937,176702121,7200,16,7184,50000,54861,54861,500,500,-4861
1768,176794967,176794983,176802127,7160,16,7144,50000,54861,54862,500,500,-4862
1769,176895014,176895030,176902124,7110,16,7094,50000,54862,54862,500,500,-4862
1770,176995061,176995077,177002122,7061,16,7045,50000,54862,54863,500,500,-4863
1771,177095108,177095124,177102129,7021,16,7005,50000,54863,54863,500,500,-4863
1772,177195155,177195172,177202124,6969,17,6952,50000,54863,54864,500,500,-4864
1773,177295202,177295218,177302122,6920,16,6904,50000,54864,54865,500,500,-4865
1774,177395249,177395265,177402119,6870,16,6854,50000,54865,54865,500,500,-4865
1775,177495296,177495312,177502130,6834,16,6818,50000,54865,54866,500,500,-4866
1776,177595343,177595359,177602125,6782,16,6766,50000,54866,54866,500,500,-4866
1777,177695391,177695407,177702119,6728,16,6712,50000,54866,54867,500,500,-4867
1778,177795437,177795453,177802130,6693,16,6677,50000,54867,54867,500,500,-4867
1779,177895485,177895501,177902124,6639,16,6623,50000,54867,54868,500,500,-4868
1780,177995531,177995547,178002127,6596,16,6580,50000,54868,54868,500,500,-4868
1781,178095578,178095594,178102119,6541,16,6525,50000,54868,54869,500,500,-4869
1782,178195625,178195641,178202143,6518,16,6502,50000,54869,54869,500,500,-4869
1783,178295689,178295706,178302144,6455,17,6438,50000,54869,54870,500,500,-4870
1784,178395737,178395752,178402139,6402,15,6387,50000,54870,54870,500,500,-4870
1785,178495784,178495800,178502127,6343,16,6327,50000,54870,54871,500,500,-4871
1786,178595831,178595847,178602124,6293,16,6277,50000,54871,54871,500,500,-4871
1787,178695878,178695894,178702117,6239,16,6223,50000,54871,54872,500,500,-4872
1788,178795924,178795940,178802130,6206,16,6190,50000,54872,54872,500,500,-4872
1789,178895972,178895988,178902124,6152,16,6136,50000,54872,54873,500,500,-4873
1790,178996018,178996034,179002121,6103,16,6087,50000,54873,54873,500,500,-4873
1791,179096064,179096081,179102132,6068,17,6051,50000,54873,54874,500,500,-4874
1792,179196112,179196128,179202126,6014,16,5998,50000,54874,54875,500,500,-4875
1793,179296158,179296174,179302128,5970,16,5954,50000,54875,54875,500,500,-4875
1794,179396205,179396221,179402122,5917,16,5901,50000,54875,54876,500,500,-4876
1795,179496251,179496268,179502119,5868,17,5851,50000,54876,54876,500,500,-4876
1796,179596298,179596314,179602128,5830,16,5814,50000,54876,54877,500,500,-4877
1797,179696346,179696362,179702124,5778,16,5762,50000,54877,54877,500,500,-4877
1798,179796391,179796407,179802120,5729,16,5713,50000,54877,54877,500,500,-4877
1799,179896438,179896454,179902129,5691,16,5675,50000,54877,54878,500,500,-4878
1800,179996484,179996500,180004067,7583,16,7567,50000,54878,54878,500,500,-4878
