index,input0_f32_bits,input1_f32_bits,input2_f32_bits,input3_f32_bits,expected_output_f32_bits,expected_actuator_permille,rknn_output_f32_bits,rknn_actuator_permille,wall_ns,device_us
0,3e99999a,3ee00000,3dcccccd,3ecccccd,3f53645b,826,3f536000,826,130666,123
1,00000000,00000000,00000000,00000000,3ca3d70a,20,3ca3e000,20,129790,123
2,3f99999a,00000000,00000000,00000000,3f800000,1000,3f800000,1000,125124,119
3,c0266666,00000000,00000000,00000000,00000000,0,00000000,0,126290,120
4,bf99999a,bf400000,00000000,00000000,00000000,0,00000000,0,126290,119
5,40266666,3fd00000,00000000,00000000,3f800000,1000,3f800000,1000,124833,117
6,00000000,00000000,c1200000,00000000,3f800000,1000,3f800000,1000,125415,119
7,00000000,00000000,41200000,00000000,00000000,0,00000000,0,129791,123
8,00000000,00000000,00000000,3f800000,3df5c290,120,3df5c000,120,128332,123
9,3f333333,3f000000,3e800000,3e800000,3f800000,1000,3f800000,1000,121623,116
10,bf000000,3ea00000,be800000,3f400000,3e2f5c29,171,3e2f6000,171,127457,121
11,c0733333,bf400000,41200000,00000000,00000000,0,00000000,0,126582,119
12,40733333,3fd00000,c1200000,3f800000,3f800000,1000,3f800000,1000,124832,118
13,be99999a,3ec00000,bf9e0419,3f266666,3efd4aa0,495,3efd4000,495,126291,119
14,3f19999a,3f100000,3f9e0419,3eb33333,3f800000,1000,3f800000,1000,127166,120
15,37a7c5ac,3ec00000,38d1b717,3f000000,3ed0a4e3,408,3ed0a000,407,126874,121
16,3fa03127,3f55999a,40b276c9,3f666666,3f800000,1000,3f800000,1000,125999,119
17,bf231e3a,3f99b98c,3eef7660,3e3c6a7f,3f376ca4,717,3f376000,716,126582,120
18,c0120371,bdf55326,c0e79ce0,3ebf7cee,3e60c280,219,3e616000,220,125124,118
19,3fa93f29,3fceb22d,40ff5cfb,3f43126f,3f800000,1000,3f800000,1000,124540,117
20,bfe716b1,bc9a6b51,c0c4bc6a,3f353f7d,3e96e978,295,3e970000,295,125707,119
21,c0049b52,3d76872b,41065dcc,3e96872b,00000000,0,00000000,0,126291,119
22,bfadba0a,3eeaf007,c0e17a78,3eee978d,3f800000,1000,3f800000,1000,125707,119
23,3f78a32f,3ed88312,40c2978d,3ed70a3d,3f1c518d,611,3f1c2000,610,124833,118
24,c0138961,beecc7e3,c0a12bd4,3f589375,00000000,0,00000000,0,124249,117
25,3f0d68c7,3f8518fc,c09f93de,3ed78d50,3f800000,1000,3f800000,1000,122499,117
26,3fa3b795,3ea18106,3f96cbfb,3f2b020c,3f800000,1000,3f800000,1000,121332,115
27,c0028eb4,be8dcfab,40f620c5,3f178d50,00000000,0,00000000,0,121915,116
28,3f8aa1b6,3f3ff7cf,409260aa,3e75c28f,3f800000,1000,3f800000,1000,124540,118
29,3f8b8716,3f998ce7,c04068dc,3f5c28f6,3f800000,1000,3f800000,1000,121915,115
30,c0343e96,bf3d3f7d,3fb42268,3e72b021,00000000,0,00000000,0,121041,115
31,bff94e3c,beceb852,41024ea5,3f71a9fc,00000000,0,00000000,0,122790,117
32,3f5685db,3de10625,41190c4a,3f547ae1,00000000,0,00000000,0,123957,118
33,c04810b6,bf0110cb,406a2681,3f5126e9,00000000,0,00000000,0,122207,115
34,3fd22920,3fbd8106,c00afd22,3f79999a,3f800000,1000,3f800000,1000,120749,115
35,3ed84f4c,be70624e,40869ba6,3e8ccccd,00000000,0,00000000,0,124249,118
36,bf4eaf25,3cc538ef,40f66b51,3f076c8b,00000000,0,00000000,0,156624,150
37,bf69ec2d,be8b020c,40eefb7f,3f4f5c29,00000000,0,00000000,0,128041,122
38,bfb4aff7,bf377dbf,406afec5,3f11a9fc,00000000,0,00000000,0,128624,121
39,3f084b5e,3f328db9,3f9e83e4,3d79db23,3f800000,1000,3f800000,1000,125708,120
40,bf90e022,bee44b5e,4115daba,3f456042,00000000,0,00000000,0,125415,119
41,c009cd60,be981a37,c0e4bb99,3e981062,3e84fce7,260,3e858000,261,125415,118
42,3f8f8a09,3e488312,c11f56d6,3f424dd3,3f800000,1000,3f800000,1000,126583,121
43,c037e9b8,bf01a36e,406c5d64,3d1374bc,00000000,0,00000000,0,126582,120
44,bf81a21f,3ef01062,c030f27c,3f5a1cac,3f04ba8c,518,3f04e000,519,126290,120
45,403166cf,3f9e27bb,40e3a787,3ea1cac1,3f800000,1000,3f800000,1000,125707,119
46,3f25e4a4,3fac089a,c0a83a2a,3ee0c49c,3f800000,1000,3f800000,1000,126291,119
47,bfeaf2fa,bdda6b51,3f1a8c15,3c9374bc,00000000,0,00000000,0,126582,119
48,3fc4e9a3,3eda3055,c0d24ea5,3f1d70a4,3f800000,1000,3f800000,1000,125999,120
49,3f118a87,3fc76cf4,c0ecac08,3f170a3d,3f800000,1000,3f800000,1000,125124,119
50,3f15eb31,bd9dd97f,bfb257a8,3ee1cac1,3f800000,1000,3f800000,1000,126290,120
51,3fed6580,3fc8f06f,c00fb4a2,3f791687,3f800000,1000,3f800000,1000,124249,118
52,400dc77a,3f6f6c8b,c092538f,3e072b02,3f800000,1000,3f800000,1000,125999,119
53,bf3691a7,3f8a47ae,40d927bb,3e570a3d,00000000,0,00000000,0,124249,118
54,bda43fe6,3f75e1b1,c0f845a2,3ecd4fdf,3f800000,1000,3f800000,1000,126874,120
55,bfb69058,3f11a858,c0f558e2,3f316873,3f800000,1000,3f800000,1000,123666,117
56,400abb99,3fa26320,c0767525,3edd2f1b,3f800000,1000,3f800000,1000,127166,121
57,c032a359,bf38680a,3ff3b98c,3f57ced9,00000000,0,00000000,0,135915,131
58,bdf3cb3e,3fb2d773,c0796388,3f476c8b,3f800000,1000,3f800000,1000,125999,120
59,c0420275,bef8a234,bea29c78,3f07ae14,00000000,0,00000000,0,124541,117
60,3fe54802,3f816738,40a8e560,3f4ccccd,3f800000,1000,3f800000,1000,135623,129
61,3f518937,3ed75dcc,c11ef8a1,3cdd2f1b,3f800000,1000,3f800000,1000,125707,120
62,bf2c49ba,3ed907c8,c0658794,3eb0a3d7,3f3ebba6,745,3f3ec000,745,128624,123
63,3ee3f67f,3fc2703b,c0d41a37,3f0d0e56,3f800000,1000,3f800000,1000,134748,128
64,3f428241,3fb6b5dd,40b2dd2f,3eec0831,3f800000,1000,3f800000,1000,125998,119
65,c019c52e,3d9c63f1,c0074bc7,3ec51eb8,00000000,0,00000000,0,125999,119
66,3fa827fa,3df5e9e2,3fbda858,3f395810,3f800000,1000,3f800000,1000,126291,120
67,3fd9d53d,3f8ff488,4032425b,3f25a1cb,3f800000,1000,3f800000,1000,134457,128
68,3f155326,3f82a1cb,405cdb8c,3e9e353f,3f800000,1000,3f800000,1000,126582,120
69,be8291fb,be7e52bd,4082ebee,3f522d0e,00000000,0,00000000,0,126582,119
70,3f4573eb,3fcdd220,40429fbe,3eb645a2,3f800000,1000,3f800000,1000,144957,137
71,c01dad97,bf0b5cfb,c0440b78,3e9fbe77,00000000,0,00000000,0,137665,130
72,bea7e7c0,3f8f1412,c1170625,3ee3d70a,3f800000,1000,3f800000,1000,129499,123
73,bf88f909,3f5c6666,c11972b0,3e52f1aa,3f800000,1000,3f800000,1000,127458,121
74,401796d1,3f4ee7d5,3fde2196,3f10a3d7,3f800000,1000,3f800000,1000,128040,122
75,beedefc8,3e761134,c056de01,3ebe76c9,3f253a82,645,3f254000,646,127457,121
76,3ee04189,beb3020c,40eb93de,3ec39581,00000000,0,00000000,0,126582,120
77,bfbf7319,3f2ee979,c1197e91,3f160419,3f800000,1000,3f800000,1000,127166,120
78,3f68754f,3f9c04ea,c0f98866,3e71a9fc,3f800000,1000,3f800000,1000,125999,119
79,3ff3588e,3f5115b5,c06f4539,3f2a3d71,3f800000,1000,3f800000,1000,127458,120
80,3e7606b8,3f9cde01,c0cec49c,3c449ba6,3f800000,1000,3f800000,1000,125999,119
81,c01341f2,bbe90ff9,bfd7cb92,3e73b646,00000000,0,00000000,0,125416,118
82,bf34284e,3f00c63f,c11c53f8,3e29fbe7,3f800000,1000,3f800000,1000,124540,118
83,be84b09f,3e696f00,c0ef460b,3f5db22d,3f800000,1000,3f800000,1000,124832,118
84,400b8ab1,3fa2e560,c0cfc84b,3ec5a1cb,3f800000,1000,3f800000,1000,128915,123
85,40066f3f,3fcb5183,40e0b9f5,3f3d70a4,3f800000,1000,3f800000,1000,128332,123
86,bf02aed1,3eb92d77,410acfab,3f7ba5e3,00000000,0,00000000,0,125707,119
87,3f1abb45,3e00ff97,c10507c8,3f0ccccd,3f800000,1000,3f800000,1000,183457,121
88,40243cf3,3f884120,40dd367a,3f51a9fc,3f800000,1000,3f800000,1000,128624,122
89,bd9652bd,bf3ea993,c0dab780,3f3126e9,3f800000,1000,3f800000,1000,125707,119
90,400d465f,3f250b0f,403d1687,3f3a9fbe,3f800000,1000,3f800000,1000,126290,120
91,bf8596a7,3e046a7f,40ae9eed,3ecbc6a8,00000000,0,00000000,0,127165,120
92,3fbf60bf,3fb7075f,c0fe902e,3f12f1aa,3f800000,1000,3f800000,1000,125998,120
93,bf804ff4,be931aa0,402692a3,3df3b646,00000000,0,00000000,0,124832,118
94,bfe6c80c,beaf67a1,3fc4b5dd,3f0c49ba,00000000,0,00000000,0,126582,119
95,bf1148fe,bf1c0000,c0e89d49,3f239581,3f800000,1000,3f800000,1000,125999,119
96,3fce48e9,3f40710d,c0e04817,3e28f5c3,3f800000,1000,3f800000,1000,125998,119
97,bef028a2,be6d7dbf,3f6cf41f,3eae147b,00000000,0,00000000,0,126874,120
98,c0202e34,bd57e910,40f6147b,3ce56042,00000000,0,00000000,0,128041,120
99,3da2db62,3fb1a7f0,4106b3d0,3f3b645a,00000000,0,00000000,0,125707,119
100,3e623e18,3f8aeab3,bf31f8a1,3eed9168,3f800000,1000,3f800000,1000,128916,122
101,be7991bc,3f80c49c,c048aa65,3eb9db23,3f800000,1000,3f800000,1000,125124,119
102,bff149a5,bf30b852,c0934f0e,3f1a5e35,00000000,0,00000000,0,126874,120
103,bf9725c4,3f47119d,3fb8aa65,3f36c8b4,00000000,0,00000000,0,146415,139
104,4034a71e,3f9a8ce7,bfb5dcc6,3e74bc6a,3f800000,1000,3f800000,1000,144665,137
105,3ec4d014,3fba985f,3e91a9fc,3f7f3b64,3f800000,1000,3f800000,1000,145832,138
106,3ed10f52,3fa98c15,4116c505,3f4c49ba,3e019fe8,127,3e00a000,126,153998,144
107,3f5e32a0,3f5b65fe,410fb50b,3eb7ced9,3ead7fa0,339,3ead0000,338,145540,138
108,becd1b71,bdd63f14,40a8e3bd,3f7ba5e3,00000000,0,00000000,0,144666,137
109,3ffe1672,3f397803,c0a7b15b,3f07ae14,3f800000,1000,3f800000,1000,144082,137
110,4024d014,3fce5f07,c0208ce7,3f21cac1,3f800000,1000,3f800000,1000,145540,137
111,bff6f933,bec1f55a,bded9168,3f2b020c,00000000,0,00000000,0,191623,183
112,bf8c14a5,bf3a52bd,411901a3,3efc6a7f,00000000,0,00000000,0,157499,149
113,3fb73a15,3f6185f0,41013261,3d1374bc,3f800000,1000,3f800000,1000,156331,148
114,bf81b717,3ed398c8,c0877cee,3eb020c5,3f2e8852,682,3f2ea000,682,168291,160
115,bfcfd955,3ebb46dc,c065f6fd,3f624dd3,3e8b8057,272,3e8b8000,272,156331,148
116,bf495810,3edbef9e,408e83e4,3f0f5c29,00000000,0,00000000,0,167124,158
117,bfec87fd,3e825c92,404844d0,3ef5c28f,00000000,0,00000000,0,157498,148
118,40260807,3f9781d8,c0145048,3ee978d5,3f800000,1000,3f800000,1000,153124,145
119,bf86147b,3f2657a8,3f786c22,3dfdf3b6,00000000,0,00000000,0,168873,160
120,3e67daa5,be60240b,3fdf4bc7,3ecfdf3b,3d27ac77,41,3d278000,41,162456,153
121,3f338088,3f6c7454,40961d7e,3f604189,3f800000,1000,3f800000,1000,155457,146
122,bfd983f9,bf353a93,411ddf3b,3d958106,00000000,0,00000000,0,153415,146
123,befccb7d,beadb574,40ac8241,3ecccccd,00000000,0,00000000,0,153415,145
124,3fb65a9b,3fb03611,c0fda29c,3f649ba6,3f800000,1000,3f800000,1000,154582,146
125,bf7a3444,3df786c2,410a154d,3f600000,00000000,0,00000000,0,150499,142
126,bf76c4c6,bf157732,c0183fe6,3f5a5e35,3d531340,52,3d53a000,52,152832,144
127,bfcb9820,bef758e2,410786c2,3eae147b,00000000,0,00000000,0,153999,145
128,3f849082,3f972f1b,40c856d6,3f76872b,3f800000,1000,3f800000,1000,155165,148
129,4003b2ff,3f343bcd,c0bd1f8a,3f7851ec,3f800000,1000,3f800000,1000,153707,145
130,bf5f1fde,be7afb7f,bf54538f,3ee353f8,00000000,0,00000000,0,156915,149
131,401bad6d,3f63ec57,c07bd220,3f3be76d,3f800000,1000,3f800000,1000,151957,143
132,beb121ab,be59d7dc,c105fec5,3f343958,3f800000,1000,3f800000,1000,157499,149
133,bfbf9874,be8f34d7,be42de01,3ed47ae1,00000000,0,00000000,0,150791,143
134,bee39abf,beae4a8c,40aa8a72,3e322d0e,00000000,0,00000000,0,153124,145
135,40634f0e,3fc4923a,c03faace,3ecc49ba,3f800000,1000,3f800000,1000,152248,144
136,bfecce1c,3ed3c361,401f81d8,3f0dd2f2,00000000,0,00000000,0,153416,145
137,3fa32d4d,3f8f339c,bfd06c22,3eac0831,3f800000,1000,3f800000,1000,153999,146
138,3f16d091,3f4d98c8,3f9eae7d,3c449ba6,3f800000,1000,3f800000,1000,156332,148
139,c052b9f5,bf213190,c11bff2e,3f14fdf4,3e3f5948,187,3e3fc000,187,152249,145
140,3fcdc52e,3f23e426,3ff6d5d0,3f7ba5e3,3f800000,1000,3f800000,1000,153415,145
141,c02d613d,bdd3a29c,bec66666,3f3ef9db,00000000,0,00000000,0,152832,145
142,bf53a7db,3e267a10,c108b852,3efb645a,3f800000,1000,3f800000,1000,153707,145
143,3fae5215,3e7346dc,4038a234,3f47ae14,3f800000,1000,3f800000,1000,154290,146
144,bfb956c1,be2374bc,c116d5d0,3ee9fbe7,3f800000,1000,3f800000,1000,154873,147
145,bd20125a,bf011b71,404cb5dd,3d072b02,00000000,0,00000000,0,153999,146
146,3f62f6e8,3f82a0f9,40e321ff,3e94fdf4,3f57af1d,843,3f57a000,842,153123,145
147,3f566905,3c212d77,c09993de,3e6b851f,3f800000,1000,3f800000,1000,153123,144
148,bfc64841,3e914467,3f625aee,3f7be76d,00000000,0,00000000,0,152540,145
149,bfc811b2,3edd8106,406d652c,3ed16873,00000000,0,00000000,0,153707,145
150,4037497b,3f90cb29,c0a9f55a,3f2fdf3b,3f800000,1000,3f800000,1000,167123,158
151,3ec6fe72,3fa91f21,401bedfa,3f6e147b,3f800000,1000,3f800000,1000,175873,167
152,3e91a21f,3ea2b50b,411b74bc,3f558106,00000000,0,00000000,0,179373,170
153,40270015,3fc48312,c0f3f2e5,3f2e978d,3f800000,1000,3f800000,1000,187999,179
154,3f4a6a01,3f81e632,bee2339c,3ebc6a7f,3f800000,1000,3f800000,1000,187540,178
155,3fe69446,3f51a027,4110652c,3f7a9fbe,3f800000,1000,3f800000,1000,188124,179
156,bf7d859d,3eb5288d,3fdd2f1b,3f58d4fe,00000000,0,00000000,0,187832,178
157,3d83e426,3e3ae7d5,c10aae14,3f641893,3f800000,1000,3f800000,1000,186082,176
158,bf39d884,be615e9e,c0aa6595,3eb9db23,3f26dc81,652,3f26e000,652,187540,178
159,3ee7e521,3f929375,c02502de,3ed0624e,3f800000,1000,3f800000,1000,185790,176
160,3ebc779a,3f7f61e5,4110d35b,3e818937,00000000,0,00000000,0,186956,177
161,3f8a2bbf,3eccce70,40fb6388,3f0f9db2,3ed9c71c,425,3ed92000,424,186082,176
162,be89a565,3f57e9e2,c0d8db8c,3f06a7f0,3f800000,1000,3f800000,1000,185790,175
163,3f5cb685,3dcc49ba,3f2ecbfb,3ef3b646,3f800000,1000,3f800000,1000,186957,177
164,3bd0678c,3f9f8b44,400c60aa,3df3b646,3f4463ed,767,3f444000,767,186665,176
165,bf39a416,bf2f7319,c078d014,3eab851f,3ec80aa0,391,3ec84000,391,185790,176
166,bf756d5d,3edb9097,4104404f,3f326e98,00000000,0,00000000,0,186081,176
167,bd90f51b,3f582d0e,c10b566d,3f61cac1,3f800000,1000,3f800000,1000,184624,176
168,bfc07c85,bef2acda,c04d6f00,3f4a3d71,00000000,0,00000000,0,189290,179
169,c01fd3c3,be4bbcd3,40bf7b4a,3e072b02,00000000,0,00000000,0,186664,177
170,3cb72c52,3eb0bfb1,bdc710cb,3f06a7f0,3edc15fc,430,3edc0000,430,213790,204
171,3fc3e814,3f5d8fc5,411fd220,3f38d4fe,3f800000,1000,3f800000,1000,191331,181
172,3dbd512f,3fb1985f,bf67ced9,3f5a9fbe,3f800000,1000,3f800000,1000,199206,177
173,bf485879,bf3052bd,402eecc0,3e581062,00000000,0,00000000,0,190456,179
174,beb935fc,bf0aeb1c,41184fdf,3d71a9fc,00000000,0,00000000,0,188998,179
175,3d9d1f60,beca7a10,bfd353f8,3e8ccccd,3ee38a7f,444,3ee3a000,445,206498,195
176,3f1f2f98,3fb4a162,c10f1134,3f6ccccd,3f800000,1000,3f800000,1000,201248,190
177,3e8a8438,3e5982aa,409ff141,3f045a1d,00000000,0,00000000,0,193082,183
178,40221134,3f978b44,4109d35b,3e3a5e35,3f800000,1000,3f800000,1000,188706,178
179,bfa6f88c,bf122d0e,c0df2474,3eb22d0e,3f28620b,658,3f286000,658,188123,178
180,3f9d46b2,3e8af4f1,c0c832ca,3f3f7cee,3f800000,1000,3f800000,1000,187540,177
181,400ed86f,3f4ae48f,40d0fd22,3dfdf3b6,3f800000,1000,3f800000,1000,188123,178
182,3fd1374c,3e917a78,c09c233a,3e9a1cac,3f800000,1000,3f800000,1000,189290,179
183,3f6badc1,3fba1e4f,bfd566cf,3f37ced9,3f800000,1000,3f800000,1000,188415,178
184,3e2e48e9,3f8b6ae8,bdce703b,3e86a7f0,3f800000,1000,3f800000,1000,188124,178
185,3fab9192,3f86096c,c01dcc64,3f0a3d71,3f800000,1000,3f800000,1000,187248,177
186,befc3b4f,bd9f9097,3e2786c2,3e2c0831,00000000,0,00000000,0,192790,183
187,c0180443,bf3ea8c1,40bcc083,3f74fdf4,00000000,0,00000000,0,193665,184
188,be97121b,3ebe5fd9,41034b5e,3f06e979,00000000,0,00000000,0,186374,176
189,3fdbeea2,3f7159b4,c11d9ce0,3f43d70a,3f800000,1000,3f800000,1000,189581,179
190,3e7d028a,3f651687,c0ce9eed,3f34bc6a,3f800000,1000,3f800000,1000,172957,164
191,3f92af79,3f81e560,40e81062,3eb4bc6a,3f800000,1000,3f800000,1000,161582,154
192,3f56bf87,3f5bab9f,c084ac08,3ee04189,3f800000,1000,3f800000,1000,163623,155
193,bedde69b,3f6c3611,410f432d,3e26e979,00000000,0,00000000,0,163332,154
194,c035c1e8,be2e6cf4,4059ab9f,3e570a3d,00000000,0,00000000,0,161873,153
195,bfe22920,bf370625,40cc9931,3f23d70a,00000000,0,00000000,0,162749,154
196,bf97ced9,3e904817,c0e6b9f5,3d23d70a,3f7b823d,982,3f7ba000,983,164790,156
197,3f9ef933,3f229375,410f5532,3dced917,3f1a8e72,604,3f1a6000,603,162457,154
198,3fa4562e,3fc8425b,bebc779a,3e8c49ba,3f800000,1000,3f800000,1000,160998,152
199,bfaf8961,3ec8ea4b,3f90fc50,3e96872b,00000000,0,00000000,0,161290,153
200,3f97b353,3fc15254,40a40ebf,3f3a5e35,3f800000,1000,3f800000,1000,164207,156
201,beb8f473,befd78d5,c0cce148,3d591687,3f7f43eb,997,3f7f6000,998,160416,152
202,3e835697,3fa8ac08,41021412,3e072b02,3db6d29a,89,3db40000,88,160998,153
203,bebf4342,3f87b98c,4049f06f,3f7ba5e3,3ea2c14b,318,3ea2a000,318,161873,153
204,c059714c,bf2b381d,c0db8c7e,3f6d0e56,00000000,0,00000000,0,157207,149
205,bee7b891,bdf48e8a,4063e910,3f0624dd,00000000,0,00000000,0,150373,143
206,c012ca58,befadaba,3fd8bac7,3f153f7d,00000000,0,00000000,0,149624,142
207,c0341d2a,bf38d773,4046e48f,3e147ae1,00000000,0,00000000,0,152540,145
208,bf93111f,be33089a,3dbafb7f,3e978d50,00000000,0,00000000,0,149332,141
209,3fc3f727,3ef60c4a,407cd35b,3e1eb852,3f800000,1000,3f800000,1000,145832,139
210,c015c52e,be2f2474,40d8e979,3f743958,00000000,0,00000000,0,149040,141
211,404a1c58,3fc42b6b,409afc50,3f2e147b,3f800000,1000,3f800000,1000,151374,144
212,c027e2d6,bd1d4952,409a075f,3f71a9fc,00000000,0,00000000,0,150791,143
213,c017ebaf,be0353f8,c10f779a,3ebae148,3ef79dd5,484,3ef84000,485,149332,142
214,3e781840,3f8c73eb,c0b30cb3,3f48b439,3f800000,1000,3f800000,1000,156041,147
215,bec63737,3e269100,c06b1759,3b03126f,3f225c42,634,3f226000,634,152540,144
216,3fa9ba5e,3ec12f1b,40d91759,3eab020c,3f6548df,896,3f652000,895,149623,142
217,3e3bcd36,3fcbd567,c07c37b5,3f189375,3f800000,1000,3f800000,1000,150790,143
218,be9d2c7c,be7a29c7,c0b32e49,3ced9168,3f6096dd,877,3f60a000,877,153124,145
219,c0089afe,3df8ce70,c0672618,3ecac083,00000000,0,00000000,0,150790,143
220,3f3a5ce6,3f4cf27c,401cf909,3e86a7f0,3f800000,1000,3f800000,1000,148749,141
221,bf0a0126,3f7060aa,c02475f7,3e71a9fc,3f800000,1000,3f800000,1000,149624,141
222,bf023b79,3eee8241,40877a78,3f3ef9db,00000000,0,00000000,0,148165,140
223,3dabfdb5,3f5088ce,3e5758e2,3e9f3b64,3f5b053d,856,3f5b0000,855,149915,142
224,3db8c543,3fc6b296,c08852bd,3f0978d5,3f800000,1000,3f800000,1000,148748,141
225,3f33c750,be8e978d,40fb8bac,3f2f1aa0,00000000,0,00000000,0,150207,142
226,bd96872b,3e834bc7,c0f28241,3f2c0831,3f800000,1000,3f800000,1000,148457,141
227,3fec6888,3fad837b,bf810cb3,3f4f5c29,3f800000,1000,3f800000,1000,148748,141
228,3fa8de2b,3f92b0f2,be63a29c,3f0ed917,3f800000,1000,3f800000,1000,148749,141
229,3e4cbd12,3d30068e,c00da36e,3e9f3b64,3f3f80b3,748,3f3f8000,748,173540,166
230,3eacf6be,3f677803,40b616f0,3f69fbe7,3eae1d93,340,3eade000,340,152249,144
231,40354ee4,3fcd28f6,c0b9ba5e,3ec72b02,3f800000,1000,3f800000,1000,167998,159
232,3e293f29,3cff4880,40ed1eb8,3be56042,00000000,0,00000000,0,162749,154
233,bea4b09f,3e401a37,40fe3127,3ec624dd,00000000,0,00000000,0,153415,145
234,bfa3a53c,3e8adaba,c0be339c,3f449ba6,3f458299,772,3f45a000,772,149624,141
235,bff53261,3eb68c15,bf35bc02,3e3f7cee,00000000,0,00000000,0,149040,141
236,beb3abc9,3f775f70,c0548ce7,3f68b439,3f800000,1000,3f800000,1000,147874,140
237,3fa0370d,3e117c1c,be0b295f,3ed89375,3f800000,1000,3f800000,1000,148457,140
238,bfcbd3c3,3ecd0cb3,410d212d,3f0bc6a8,00000000,0,00000000,0,149623,141
239,bede54b5,3f3f54ca,409a7efa,3f2a3d71,00000000,0,00000000,0,148749,141
240,bfdd7bc8,3efa8a72,40d7cc64,3eb4bc6a,00000000,0,00000000,0,151665,143
241,beecbfb1,3dff0d84,c0f97cee,3f5b22d1,3f800000,1000,3f800000,1000,148749,140
242,bf7e9f6b,3f219168,40bf5cfb,3f47ae14,00000000,0,00000000,0,149041,141
243,bfe6fbd2,bf091eb8,3e42de01,3d449ba6,00000000,0,00000000,0,150790,143
244,bebcc8de,3f9db1c4,c0840aa6,3f66a7f0,3f800000,1000,3f800000,1000,149040,141
245,bf673d5c,3f83119d,c0a07e28,3eb22d0e,3f800000,1000,3f800000,1000,149624,141
246,bda9b281,3fabc083,40fef41f,3f42d0e5,00000000,0,00000000,0,149332,142
247,be7b4a23,3fb062b7,bfaa95ea,3f6ac083,3f800000,1000,3f800000,1000,149915,143
248,3f9743e9,3f9b680a,c0bf367a,3f53f7cf,3f800000,1000,3f800000,1000,149916,142
249,bfcad81b,3f0ddcc6,40761cac,3e8ed917,00000000,0,00000000,0,150498,142
250,bfaa0f91,bf310a3d,c11986c2,3f6353f8,3f800000,1000,3f800000,1000,148749,141
251,3ff412ae,3fb8da51,4093bb30,3f61cac1,3f800000,1000,3f800000,1000,149624,142
252,be8ece9a,3f9ac361,40c7fb16,3e158106,00000000,0,00000000,0,151665,144
253,3ec3736d,3f9bad43,c0ec511a,3f672b02,3f800000,1000,3f800000,1000,149916,142
254,4009234f,3f72978d,40f2ea4b,3f3a9fbe,3f800000,1000,3f800000,1000,150207,142
255,3eb003ef,beae9ad4,bfba1ff3,3f4b851f,3f4ee30d,808,3f4ee000,808,149041,141
256,403559b4,3f9d617c,c00e00d2,3ea978d5,3f800000,1000,3f800000,1000,149915,142
257,3e904817,3faf7803,c10b1687,3f4a7efa,3f800000,1000,3f800000,1000,150207,142
258,3ffd4f37,3f8ecb92,40402752,3f58d4fe,3f800000,1000,3f800000,1000,149623,142
259,bea07896,bef502de,40265fd9,3edb22d1,00000000,0,00000000,0,149915,142
260,3f7092cd,3f667fcc,c11a4f0e,3f4353f8,3f800000,1000,3f800000,1000,149624,142
261,bf2b11c7,3f5365fe,40b91759,3f0fdf3b,00000000,0,00000000,0,148749,141
262,3f82a6f4,3f56147b,40b3a29c,3dcac083,3f800000,1000,3f800000,1000,150790,143
263,3f3ccccd,3fbd844d,c0e89eed,3d75c28f,3f800000,1000,3f800000,1000,149332,142
264,3e822142,3edbbcd3,40e966cf,3ced9168,00000000,0,00000000,0,150499,143
265,3f32c3ca,3fc53611,409d5254,3f4d4fdf,3f800000,1000,3f800000,1000,148457,140
266,3f28e0ca,3f618e22,40ba2752,3f1b645a,3f2f23a3,684,3f2f0000,684,147873,141
267,bdffd60f,3fb2ee63,bf9d8adb,3e22d0e5,3f800000,1000,3f800000,1000,150499,143
268,bf035a86,3f96ced9,3f28b439,3e8c49ba,3f3b8b96,733,3f3b6000,732,150499,142
269,3e008d8f,3f9a844d,40b53dd9,3f018937,3e99fdc2,301,3e99a000,300,152248,144
270,bf38d79d,be2a88ce,40ca7efa,3f133333,00000000,0,00000000,0,149915,142
271,bf2e7ff6,3f738fc5,3eaeb1c4,3e51eb85,3efd33b7,495,3efd0000,494,148749,141
272,c05eb8fa,bf0e7efa,40b02b6b,3f3c28f6,00000000,0,00000000,0,150790,143
273,3fb0980b,3fac0069,4116617c,3f67ef9e,3f800000,1000,3f800000,1000,161873,154
274,3e4b9778,3d98a71e,c0ea2752,3e5d2f1b,3f800000,1000,3f800000,1000,151374,144
275,401305a7,3f623c9f,bf0e5c92,3e8dd2f2,3f800000,1000,3f800000,1000,149332,142
276,3fead03e,3f9ae7d5,410b4af5,3f35c28f,3f800000,1000,3f800000,1000,149915,143
277,bfbbd513,3ef4b439,c0f30069,3edd2f1b,3f800000,1000,3f800000,1000,147582,140
278,3fff62b7,3f83fd22,c10c3eab,3f378d50,3f800000,1000,3f800000,1000,149332,142
279,c03dc23b,bece2b6b,40f35254,3f17ced9,00000000,0,00000000,0,149332,141
280,c0354952,bedaab36,c078ea4b,3f439581,00000000,0,00000000,0,150207,142
281,bf47ebaf,3e06d917,400d30be,3f60c49c,00000000,0,00000000,0,149624,142
282,c00093c9,3c5d97f6,c111b5dd,3f6b020c,3f423a75,759,3f426000,759,149915,142
283,3fb672da,3f977bb3,c067dd98,3ef33333,3f800000,1000,3f800000,1000,150206,143
284,3fdb6ae8,3f8ccd36,40d96e2f,3f63126f,3f800000,1000,3f800000,1000,148749,141
285,3d826aa9,3ec1a9fc,bf8e24dd,3eb8d4fe,3f2ddffc,679,3f2de000,679,149040,141
286,c004c836,3d38793e,bf755326,3f66a7f0,00000000,0,00000000,0,150498,143
287,3fa779a7,3fc5cac1,40904189,3f0e5604,3f800000,1000,3f800000,1000,149332,142
288,beed96a7,3f3eebee,c0621134,3f574bc7,3f800000,1000,3f800000,1000,149624,142
289,3fa350b1,3f60f766,411c5048,3f45a1cb,3f49ca0b,788,3f49a000,788,148749,140
290,3f3f559b,3fa21412,4051d639,3f68f5c3,3f800000,1000,3f800000,1000,151373,143
291,4014a81a,3f9f19ce,c0fa6595,3ea2d0e5,3f800000,1000,3f800000,1000,150498,142
292,404852e7,3fc71340,3f63126f,3f7c28f6,3f800000,1000,3f800000,1000,149916,142
293,3fdb6e2f,3fcb28f6,c07753f8,3f17ced9,3f800000,1000,3f800000,1000,148457,141
294,3f8a5f85,3fc9617c,40b53f7d,3d9db22d,3f800000,1000,3f800000,1000,148748,141
295,40413a93,3fb97732,c0cdd495,3f2e147b,3f800000,1000,3f800000,1000,153415,146
296,bf67ea60,3f86be77,c0c4cbfb,3f133333,3f800000,1000,3f800000,1000,150790,143
297,400539eb,3f81c01a,3ed24745,3f15c28f,3f800000,1000,3f800000,1000,151374,144
298,bf02ef0b,bedea7f0,3f366cf4,3f778d50,00000000,0,00000000,0,149040,141
299,3f6667b6,bd002752,40b6e148,3f760419,3e83cd51,257,3e838000,257,149915,142
300,c029dd6e,bf18cccd,40db8794,3eb43958,00000000,0,00000000,0,148749,141
301,bedf06f7,bf320831,41190553,3ebd70a4,00000000,0,00000000,0,149623,142
302,3fe14079,3ecb0553,40872b02,3f08f5c3,3f800000,1000,3f800000,1000,260456,250
303,4054816f,3fb095ea,402ede01,3f29374c,3f800000,1000,3f800000,1000,181999,170
304,bfca4c83,beb1b717,40ae56d6,3f578d50,00000000,0,00000000,0,157206,148
305,401b6018,3fc2b924,40f5e69b,3f3c28f6,3f800000,1000,3f800000,1000,151666,144
306,bf8f0c35,bef2a7f0,40bb7176,3e4bc6a8,00000000,0,00000000,0,150498,143
307,beb51d69,3fa79d49,40d73f7d,3f4f1aa0,00000000,0,00000000,0,149915,143
308,c0188ede,bf19e282,40a2e48f,3eec8b44,00000000,0,00000000,0,151665,144
309,bf621965,bf38a4a9,c101923a,3f1851ec,3f800000,1000,3f800000,1000,150499,143
310,3ea32f45,3ec178d5,bebb98c8,3e8e5604,3f5e40c0,868,3f5e4000,868,150790,143
311,400f2e49,3f98b08a,bd058794,3e27ef9e,3f800000,1000,3f800000,1000,150499,142
312,40080496,3f5c57a8,40f107c8,3f0b020c,3f800000,1000,3f800000,1000,149916,142
313,bfdba882,3daa36e3,c0f17cee,3e989375,3f1ffb80,625,3f202000,625,150790,143
314,bfaa5311,3f18ecc0,40800c4a,3d6147ae,00000000,0,00000000,0,149332,142
315,bd9e1b09,be454c98,c11a0275,3ec28f5c,3f800000,1000,3f800000,1000,158957,143
316,3ee307f2,bdb90ff9,3ee7381d,3e46a7f0,3f08d8cb,535,3f08c000,534,150207,142
317,c0070e2c,bf299e84,bf0f9097,3f789375,00000000,0,00000000,0,149332,141
318,bea3419e,3e5a0275,410981d8,3f3ef9db,00000000,0,00000000,0,152832,145
319,40171855,3f677e91,40b86f69,3ddd2f1b,3f800000,1000,3f800000,1000,150498,144
320,bfa54802,3f31126f,3f5f1412,3eee978d,00000000,0,00000000,0,154290,146
321,bf0523f6,3ee3afb8,bf5b645a,3e970a3d,3eb01a38,344,3eb00000,344,151666,143
322,c01ba7db,bebb74bc,3fb1652c,3ed4fdf4,00000000,0,00000000,0,151082,143
323,c0032618,be0c4674,402b4d6a,3f6c49ba,00000000,0,00000000,0,150206,142
324,3fa76556,3dd844d0,c0db205c,3ea0c49c,3f800000,1000,3f800000,1000,151666,143
325,bf2837b5,3f7f4f0e,4037381d,3a83126f,3d972cd6,74,3d95e000,73,150790,143
326,3fd23ec0,3f2ff6fd,3fa24a8c,3f36872b,3f800000,1000,3f800000,1000,141166,133
327,3fbb02b4,3f524c30,411cae7d,3e10624e,3f68fb5d,910,3f68e000,910,139998,133
328,bfefb353,3e800347,40df93de,3f29fbe7,00000000,0,00000000,0,138248,132
329,bec09fe8,3f4e5048,c08857a8,3f49374c,3f800000,1000,3f800000,1000,139999,132
330,3f0e7d56,3d8594af,c0f68c15,3f241893,3f800000,1000,3f800000,1000,139416,133
331,3ea8e608,3f8b3eab,3f00ded3,3f4b851f,3f800000,1000,3f800000,1000,139415,133
332,bfdf3e03,bdd985f0,c03bedfa,3f5a5e35,00000000,0,00000000,0,140291,133
333,bfbc99af,3cf851ec,c0a801a3,3ebf7cee,3e9603ba,293,3e962000,293,141165,134
334,bf1f8b59,bead2f1b,405695ea,3f2c0831,00000000,0,00000000,0,142916,135
335,bee3ec03,3fa3ba5e,405a8a72,3ece5604,3ebfa27a,374,3ebfa000,374,140582,133
336,bffd0dae,bf08a4a9,c08b645a,3f560419,00000000,0,00000000,0,142041,135
337,bfc2e925,3ed48b44,403d205c,3f5eb852,00000000,0,00000000,0,141457,134
338,bca3ad19,3e1d288d,41038db9,3e916873,00000000,0,00000000,0,145249,138
339,3f83482c,3f925461,401a7efa,3f58d4fe,3f800000,1000,3f800000,1000,139123,131
340,beffbe77,bc801a37,c080dfa4,3ef95810,3f0b3aac,544,3f0b4000,544,139998,132
341,3e6e09ff,3f36b924,c055f06f,3ede353f,3f800000,1000,3f800000,1000,139998,132
342,be96e2eb,bf2bc433,404b089a,3f6e147b,00000000,0,00000000,0,141165,134
343,bee96e59,3f0779a7,410d7dbf,3f439581,00000000,0,00000000,0,139124,133
344,400574e6,3f8f0000,c100e979,3f726e98,3f800000,1000,3f800000,1000,137082,129
345,bfa8198f,3e2a786c,c11847ae,3f170a3d,3f800000,1000,3f800000,1000,138249,131
346,bfc5c487,3df1ff2e,c0f1b15b,3ef3b646,3f42ccd8,761,3f430000,762,137374,130
347,3e86f3f5,3cd4c986,40df81d8,3f28b439,00000000,0,00000000,0,138541,131
348,c0371fde,bef80000,41100481,3e23d70a,00000000,0,00000000,0,138540,131
349,3f57d178,3fc1c63f,c0c97c1c,3ea7ef9e,3f800000,1000,3f800000,1000,138832,132
350,3f85273d,3fcc7732,c03a1134,3f028f5c,3f800000,1000,3f800000,1000,139416,133
351,bf341744,bf2445a2,bf5b22d1,3e50e560,00000000,0,00000000,0,135332,128
352,c0072a5a,bf269ad4,40af6d5d,3f1ba5e3,00000000,0,00000000,0,137374,131
353,c001dfb9,bddb0f28,40c50d84,3f2624dd,00000000,0,00000000,0,138540,131
354,c01b19a4,bdd90ff9,3d29fbe7,3e9a9fbe,00000000,0,00000000,0,136499,129
355,3f93afb8,3eef020c,40693a93,3d83126f,3f800000,1000,3f800000,1000,137957,130
356,3f1bea0c,3f4dd567,4060f27c,3eec8b44,3f72ec88,949,3f72c000,948,138249,131
357,bf31758e,3d0ebee0,41126d5d,3f441893,00000000,0,00000000,0,137082,130
358,3ee848bf,3f441a37,401bc505,3f21cac1,3f6c9f38,924,3f6c8000,924,137374,130
359,bf410625,3f8b3a2a,c0e5d14e,3f13f7cf,3f800000,1000,3f800000,1000,137082,130
360,4011c62a,3f86ce70,c11a46dc,3ea1cac1,3f800000,1000,3f800000,1000,136207,129
361,3e4e6080,3f2cebee,3fb08312,3f6e5604,3f3c1c7b,735,3f3c0000,734,135915,129
362,3fa59a95,3f9ec8b4,40522196,3f726e98,3f800000,1000,3f800000,1000,161873,155
363,3fba18bd,3ef24a8c,c0ea68dc,3dd4fdf4,3f800000,1000,3f800000,1000,140582,133
364,beb4bc6a,be93bcd3,c0de6738,3f5df3b6,3f800000,1000,3f800000,1000,137957,131
365,3f1ea9e7,be404b5e,411d3611,3deb851f,00000000,0,00000000,0,136790,130
366,3f8855da,3e19eecc,c0c8db8c,3f59db23,3f800000,1000,3f800000,1000,136499,130
367,bf98fda0,be2d1b71,c11f1d15,3ea6e979,3f800000,1000,3f800000,1000,138541,131
368,3e178d50,beeb559b,40a54880,3f79db23,00000000,0,00000000,0,137082,130
369,3e9f6018,3e950b0f,40b60275,3eb7ced9,00000000,0,00000000,0,136499,129
370,3f838a5d,3f61dbf5,401f98c8,3f256042,3f800000,1000,3f800000,1000,144082,136
371,40012ccf,3f4954ca,c07d02de,3ee7ef9e,3f800000,1000,3f800000,1000,139707,132
372,c0108755,3e247ae1,c0c0faad,3f604189,3e558ba8,209,3e564000,209,138249,131
373,3faf32df,3f89fec5,3f31a36e,3f6d9168,3f800000,1000,3f800000,1000,138249,130
374,3fe7a0f9,3ef1c433,4101d014,3e981062,3f800000,1000,3f800000,1000,136498,129
375,40627b0b,3fcd40b8,c10f00d2,3f67ae14,3f800000,1000,3f800000,1000,136498,129
376,400bbe23,3f5dd8ae,40755326,3f1d2f1b,3f800000,1000,3f800000,1000,138248,131
377,3e041dd2,3ead85f0,40d8a3d7,3d23d70a,00000000,0,00000000,0,137374,130
378,bfa875f7,be427efa,408bb22d,3f3c28f6,00000000,0,00000000,0,137957,131
379,bfe0e2c1,be093dd9,c08812d7,3f656042,00000000,0,00000000,0,136498,129
380,c044169c,bf0354ca,410ce5c9,3efd70a4,00000000,0,00000000,0,137957,130
381,3f6b3a69,3f53df3b,409bcb92,3f4b020c,3f800000,1000,3f800000,1000,137082,130
382,be7edfa4,bef1844d,bd144674,3ee0c49c,00000000,0,00000000,0,138248,131
383,bf8e94ee,3f459c0f,c0f5e0df,3f3ced91,3f800000,1000,3f800000,1000,136499,129
384,bfb0572a,bdef8a09,41089375,3e926e98,00000000,0,00000000,0,135916,129
385,3d19ae92,3fa52eb2,3fa53f7d,3f004189,3f800000,1000,3f800000,1000,140290,134
386,40003761,3f67e0df,3ffb4396,3dfbe76d,3f800000,1000,3f800000,1000,134749,127
387,bdaea748,3f8a5c29,c11f6c8b,3e3e76c9,3f800000,1000,3f800000,1000,140874,134
388,bf9bdd98,3f5836e3,bf53afb8,3f04dd2f,3ebe7980,372,3ebe8000,372,139415,132
389,c0484a62,bec68c15,41106113,3f5d2f1b,00000000,0,00000000,0,138540,131
390,bfbbe61d,bf0d62b7,4092d42c,3ea353f8,00000000,0,00000000,0,137082,130
391,406473ac,3fc7d7dc,c088a57a,3eb8d4fe,3f800000,1000,3f800000,1000,137957,131
392,c014663c,bf108659,40f3c01a,3f31a9fc,00000000,0,00000000,0,137082,130
393,bf354f37,3ec2c56d,bfadc91d,3f3020c5,3ea4936d,321,3ea4a000,322,137373,130
394,bf4389b5,be959ce0,3fe7df3b,3f2d9168,00000000,0,00000000,0,137373,131
395,3d89fe87,3f66c3ca,c034068e,3f36872b,3f800000,1000,3f800000,1000,137374,130
396,bf3b8130,3f5dd2f2,c10d15b5,3ef851ec,3f800000,1000,3f800000,1000,137082,130
397,c02575e2,bf11f141,410d013b,3f73f7cf,00000000,0,00000000,0,137082,130
398,c048826b,bebbb15b,c0748659,3f6fdf3b,00000000,0,00000000,0,136790,130
399,3ee80735,3f774952,c11adaba,3f1020c5,3f800000,1000,3f800000,1000,137082,130
400,bfa0e7ff,3f2a3bcd,41080481,3d2c0831,00000000,0,00000000,0,137374,130
401,bec96bba,3f574467,c033851f,3de147ae,3f800000,1000,3f800000,1000,138248,131
402,beaa2b17,3f344b5e,c04c4d01,3e6147ae,3f800000,1000,3f800000,1000,137082,130
403,4007458d,3f35096c,40254c98,3f54fdf4,3f800000,1000,3f800000,1000,137665,131
404,c03cb589,bf22d35b,c11f9724,3ead0e56,3ebff328,375,3ec04000,375,136499,130
405,4000f323,3facdb8c,40e6538f,3d591687,3f800000,1000,3f800000,1000,137082,130
406,3d495bff,3fb90ff9,408edfa4,3e7be76d,3f1b2701,606,3f1ae000,605,135040,128
407,400d119d,3f9c6320,410dfcb9,3f3851ec,3f800000,1000,3f800000,1000,136208,129
408,be19be4d,3f660b78,40db6a16,3f722d0e,00000000,0,00000000,0,137374,130
409,c0012fc2,3e672b02,4100bda5,3f0e978d,00000000,0,00000000,0,139124,133
410,3e89057d,3f574120,401e5604,3f449ba6,3f41925e,756,3f418000,756,135332,129
411,c03d2989,be8acd9f,c03d7247,3f45a1cb,00000000,0,00000000,0,136499,130
412,c01a9c78,bf2c72b0,40e217c2,3e93f7cf,00000000,0,00000000,0,137666,130
413,3f7b5200,3effdd98,c0785532,3eaf1aa0,3f800000,1000,3f800000,1000,136207,128
414,3f066ba5,3f927176,40e6e979,3f476c8b,3f02e4bd,511,3f02e000,511,136790,129
415,3f1e65bf,be952a30,4007295f,3da3d70a,3ee7895f,452,3ee76000,452,138248,131
416,3ff6f0ae,3f0240b8,c0948659,3e90624e,3f800000,1000,3f800000,1000,135915,129
417,c022594b,be638866,40bb5c29,3f424dd3,00000000,0,00000000,0,136208,129
418,3f48ce70,3fcc1d7e,c096db8c,3edeb852,3f800000,1000,3f800000,1000,139124,132
419,c02c2214,be893dd9,c109b8bb,3efbe76d,3e8c2ca6,274,3e8ca000,275,137374,130
420,3f4057d1,be8a4a8c,c0609eed,3f50a3d7,3f800000,1000,3f800000,1000,137082,129
421,bf454c98,3f4644d0,40b54467,3f649ba6,00000000,0,00000000,0,136499,129
422,3f81c2e3,3fc7f838,41093611,3ca3d70a,3f800000,1000,3f800000,1000,136499,129
423,400cf27c,3fada7f0,3f46c8b4,3f441893,3f800000,1000,3f800000,1000,136791,129
424,3f5fc8f3,3f3ccbfb,4082e632,3d6147ae,3f800000,1000,3f800000,1000,136499,129
425,3e9465e9,be410625,c0b7b08a,3dd91687,3f800000,1000,3f800000,1000,136498,130
426,404dae92,3fb143fe,c11670a4,3e1a9fbe,3f800000,1000,3f800000,1000,136207,129
427,bf89205c,3e8856d6,40652bd4,3d7df3b6,00000000,0,00000000,0,136790,129
428,bfeeb26c,3eb52bd4,c0d84674,3f283127,3f3034a1,688,3f302000,688,141457,133
429,be4c447c,bba7ef9e,4117aa65,3ef74bc7,00000000,0,00000000,0,137665,131
430,bf319264,3effbb30,3f3acd9f,3e333333,3c112fd2,9,3c0f4000,9,135916,129
431,3e974688,3fcfb6ae,c08bf213,3f5db22d,3f800000,1000,3f800000,1000,140874,134
432,40220568,3f87205c,4114e5c9,3edfbe77,3f800000,1000,3f800000,1000,138540,131
433,be772c52,bed6e979,bf9af4f1,3f4ac083,3e4921cd,196,3e494000,197,199790,193
434,3f52e0a0,3f498bac,bf33404f,3e3a5e35,3f800000,1000,3f800000,1000,137666,131
435,3f31c6d2,3f964d01,c04142c4,3ed9999a,3f800000,1000,3f800000,1000,137082,130
436,bf82d03e,bf07288d,c10a8ef3,3f15c28f,3f800000,1000,3f800000,1000,137665,130
437,3f9e1c58,3d8bb2ff,4098b5dd,3e2e147b,3f585f7f,845,3f584000,845,137374,131
438,bee137f4,3cac0831,40f4e8a7,3f245a1d,00000000,0,00000000,0,134748,128
439,4021805e,3f70978d,411f2196,3f7645a2,3f800000,1000,3f800000,1000,136207,130
440,3ea747d8,bf0138ef,3f6bd3c3,3f391687,3eb3d31c,351,3eb3c000,351,139707,133
441,bf45dcc6,be90816f,c11cb3d0,3f11a9fc,3f800000,1000,3f800000,1000,136791,129
442,c02884b6,bdd9ba5e,c0a2f1aa,3f400000,00000000,0,00000000,0,137082,130
443,be1930be,bd4cf41f,c0a0872b,3efb645a,3f65b37d,897,3f65c000,897,136790,130
444,bbba1f4b,3f475a86,3e116873,3f5f7cee,3f479ddc,780,3f47a000,780,135916,129
445,c044471b,bf3bbcd3,3fbd4c98,3e45a1cb,00000000,0,00000000,0,136790,129
446,c02552d2,beef7803,c0b72e49,3c54fdf4,00000000,0,00000000,0,137665,130
447,3e3c169c,3d07a0f9,3fcecbfb,3e010625,3c2a053b,10,3c29c000,10,137083,130
448,bff7e671,beb7b7e9,4085f62b,3f1db22d,00000000,0,00000000,0,136790,129
449,c02a69ad,bd90902e,3f94c986,3ef126e9,00000000,0,00000000,0,136499,130
450,bf71b9b6,3f51dbf5,41025254,3ed2f1aa,00000000,0,00000000,0,137374,130
451,3f247ae1,3fc92546,41016e2f,3ed91687,3f5b19d2,856,3f5b2000,856,138540,131
452,c0630ed4,bf3a8db9,c0302c3d,3ee147ae,00000000,0,00000000,0,136207,130
453,bff84dfd,bea1c77a,40f5b2ff,3e581062,00000000,0,00000000,0,136790,129
454,bff9f362,3e49e83e,411d27bb,3f7b645a,00000000,0,00000000,0,135915,129
455,bfc8850a,beb0b924,40994467,3f0b4396,00000000,0,00000000,0,137082,130
456,3fe56ffc,3f6ebee0,405ba787,3f1020c5,3f800000,1000,3f800000,1000,137957,131
457,40250b0f,3f8d07c8,c0d6b6ae,3dbe76c9,3f800000,1000,3f800000,1000,137666,131
458,bf232b56,3f037cee,c0f483e4,3e24dd2f,3f800000,1000,3f800000,1000,138249,131
459,3fd2a305,3fbd126f,40da0b78,3eb6c8b4,3f800000,1000,3f800000,1000,137957,131
460,c0061c58,3e3c4d01,3f811340,3e6f9db2,00000000,0,00000000,0,138249,130
461,bee122fb,3de2f838,c10bc711,3d851eb8,3f800000,1000,3f800000,1000,138249,131
462,bfc98f1d,3f05096c,c0cba1cb,3e45a1cb,3f5d7709,865,3f5d8000,865,136790,130
463,3fa6b11c,3f5979a7,408f26e9,3f3f7cee,3f800000,1000,3f800000,1000,136498,130
464,3fc73238,3fb7c84b,40ef9c0f,3f0f5c29,3f800000,1000,3f800000,1000,136790,130
465,3d34f616,3f8235a8,40cbb3d0,3d916873,00000000,0,00000000,0,137082,130
466,bfc71de7,3dfc3611,40e89e1b,3eef9db2,00000000,0,00000000,0,138248,131
467,3f567232,3e8fa0f9,40572618,3d656042,3f430f2d,762,3f430000,762,138248,131
468,3f8760bf,3d5c9eed,be9cc63f,3f34fdf4,3f800000,1000,3f800000,1000,137082,130
469,bfa25e35,3f26c7e3,400159b4,3f604189,00000000,0,00000000,0,136499,129
470,3ff20afa,3f8389a0,40f600d2,3f3ae148,3f800000,1000,3f800000,1000,135624,129
471,3e3e2d62,3ba0902e,c05e5604,3f0624dd,3f718d8a,944,3f71a000,944,137082,129
472,c03062f6,be7b1c43,c09cd773,3eb126e9,00000000,0,00000000,0,137083,130
473,bead6a16,3f81d70a,41124f76,3f1a5e35,00000000,0,00000000,0,137373,130
474,bfa5b0de,3f13e83e,408c52bd,3f1df3b6,00000000,0,00000000,0,135332,128
475,40166d9c,3f7f41f2,40912ca5,3f608312,3f800000,1000,3f800000,1000,137082,130
476,3ff51cc1,3f8d5cfb,408cc49c,3eac0831,3f800000,1000,3f800000,1000,137373,130
477,bf0cc78f,3eb2e2eb,40843611,3dae147b,00000000,0,00000000,0,137665,131
478,bf74c059,bf0b2bd4,40ecf5c3,3f451eb8,00000000,0,00000000,0,137957,130
479,3f439192,3f7e154d,40f514e4,3c03126f,3f075248,529,3f074000,528,137082,130
480,bf29fd37,3e7bafb8,c0a2594b,3e9d2f1b,3f5a6579,853,3f5a8000,854,135040,129
481,402f20da,3fb7f007,c013d567,3f0b851f,3f800000,1000,3f800000,1000,134749,128
482,bff9eecc,bd55182b,40508b44,3f1c28f6,00000000,0,00000000,0,136790,129
483,c0146152,be42f4f1,411aac71,3ed9999a,00000000,0,00000000,0,136791,130
484,4014284e,3fac5604,c00c5879,3ef8d4fe,3f800000,1000,3f800000,1000,137957,130
485,3f2a1dfc,be74cccd,406abd3c,3f4c49ba,3e9b60ae,303,3e9b4000,303,136791,129
486,bfdffac2,3d4b020c,bfd4f0d8,3ee56042,00000000,0,00000000,0,136207,129
487,bf25d4e9,3ee7ef9e,c0920b78,3f543958,3f800000,1000,3f800000,1000,137957,131
488,3fc7ad6d,3f3e7efa,4114bb99,3e71a9fc,3f800000,1000,3f800000,1000,136790,130
489,bff9e1b1,bf2c9eed,401db717,3f6fdf3b,00000000,0,00000000,0,138540,131
490,3f066a55,3f3401a3,c0989ba6,3cc49ba6,3f800000,1000,3f800000,1000,137374,130
491,bdd74928,3df3f7cf,3fec1893,3d1fbe77,00000000,0,00000000,0,137082,130
492,bed04d55,be8c0347,c06f1aa0,3e29fbe7,3f0172f0,506,3f018000,506,137082,130
493,bc89ca19,3f41a9fc,c029652c,3f6ac083,3f800000,1000,3f800000,1000,138249,131
494,bf3f01b8,be679a6b,c0bdad43,3dc08312,3f39285c,723,3f392000,723,137082,130
495,bf3b22d1,3eab6fd2,4104680a,3eaf1aa0,00000000,0,00000000,0,136791,130
496,3f3d9946,3db2d0e5,3fa425af,3edcac08,3f5fa7de,874,3f5fa000,874,136207,129
497,be1d6388,3e23c9ef,3f9e425b,3e72b021,00000000,0,00000000,0,137373,130
498,c029c726,bd5d2f1b,410da027,3f220c4a,00000000,0,00000000,0,137373,130
499,400fac71,3f4d7b4a,400695ea,3e2c0831,3f800000,1000,3f800000,1000,137665,130
500,3f385f07,3f1cb1c4,40c10481,3ed3f7cf,3eecf60e,463,3eece000,463,137082,130
501,c0140dc3,bf2bc77a,c0e11759,3e16872b,3e13a0cc,144,3e14a000,145,137666,130
502,3eeb1ee2,be516873,c112ba5e,3ec00000,3f800000,1000,3f800000,1000,137957,131
503,bfb4f180,3d20f909,40ae4a8c,3e22d0e5,00000000,0,00000000,0,135915,129
504,beecad58,bd2703b0,c0de9d49,3d978d50,3f800000,1000,3f800000,1000,137082,129
505,40104da9,3fb75461,40c58d50,3f353f7d,3f800000,1000,3f800000,1000,138540,131
506,bffd7d18,bf0e7454,bf75a1cb,3f6ccccd,00000000,0,00000000,0,138832,131
507,3cae5365,3f65999a,40c269ad,3ebdf3b6,00000000,0,00000000,0,137082,130
508,3f46a6a0,be8547ae,40e11f8a,3ec7ae14,00000000,0,00000000,0,136499,129
509,3ed7e133,3de0068e,c0ea3127,3f1db22d,3f800000,1000,3f800000,1000,136790,131
510,bf252696,3f7f020c,c10ce2eb,3f69ba5e,3f800000,1000,3f800000,1000,137665,130
511,c011450f,bf2c72b0,c03b58e2,3ef53f7d,00000000,0,00000000,0,137374,131
512,be9bc558,3f2bc433,c10c42c4,3f049ba6,3f800000,1000,3f800000,1000,136207,129
513,c00a046c,bf2000d2,c04ff488,3ced9168,00000000,0,00000000,0,138249,131
514,bf67913f,3e5a8c15,410c2eb2,3eb0a3d7,00000000,0,00000000,0,136207,129
515,bf2ee243,beabd3c3,40b54e3c,3f32f1aa,00000000,0,00000000,0,136790,130
516,3f48216c,3f463127,40abcac1,3e90624e,3f4b8050,795,3f4b8000,795,137374,130
517,bfb18549,bea63d71,40f4f838,3e7ef9db,00000000,0,00000000,0,138248,131
518,404af0ae,3fa1ff2e,4118b7e9,3f67ae14,3f800000,1000,3f800000,1000,137373,131
519,3f0aa8eb,3f1f97f6,4118c28f,3f40c49c,00000000,0,00000000,0,137083,131
520,3fea68b2,3f6538ef,3fcb6e2f,3ef3b646,3f800000,1000,3f800000,1000,141457,134
521,3f88a676,3fa663f1,c0f7b8bb,3f2f5c29,3f800000,1000,3f800000,1000,138249,132
522,3df2f987,3f5005bc,40eb2ca5,3f08f5c3,00000000,0,00000000,0,139998,133
523,3f28db8c,3fa385f0,bfe4bfb1,3f0d4fdf,3f800000,1000,3f800000,1000,137374,130
524,3f218a87,3f5c05bc,3f4a0903,3f6ccccd,3f800000,1000,3f800000,1000,136791,130
525,3eb12ec7,3ef0432d,c1111412,3f46a7f0,3f800000,1000,3f800000,1000,137082,130
526,bf2bff04,3f377cee,c0c90625,3f0147ae,3f800000,1000,3f800000,1000,137374,130
527,3f8947ae,3fc8bd3c,4114816f,3e25e354,3f800000,1000,3f800000,1000,136207,129
528,c01177d9,3d2cd9e8,c07f020c,3ee6e979,00000000,0,00000000,0,137957,130
529,bf9eac86,bf39d495,c0c3e426,3f13b646,3f0f4cf5,560,3f0f6000,560,183165,176
530,403191bc,3fc73611,c0fa2d0e,3f5a1cac,3f800000,1000,3f800000,1000,139416,132
531,3e38e4b8,3f226cf4,402fa0f9,3f158106,3ec7c839,390,3ec78000,390,138249,131
532,bf4dea89,3f04425b,c01c9eed,3ed58106,3f10a32c,565,3f10a000,565,136790,130
533,c027d60f,bf0ba858,c0940347,3f76c8b4,00000000,0,00000000,0,136790,129
534,3f1d07c8,3f9c42c4,40e2d014,3e50e560,3f292411,661,3f28e000,660,136790,130
535,3ef7af64,3dbab9f5,408bfb16,00000000,00000000,0,00000000,0,140873,132
536,3f56848c,3f43fb16,c0aacb29,3ee66666,3f800000,1000,3f800000,1000,137666,131
537,bf8d3cde,3f4bbc02,c103acda,3e2f1aa0,3f800000,1000,3f800000,1000,135915,128
538,3ead9e84,3d0a71de,3fcbc01a,3f591687,3e943cc1,290,3e942000,289,135623,128
539,bd43f3e0,bda7a787,406e353f,3f4c49ba,00000000,0,00000000,0,137082,130
540,3fdb5697,3f6ff06f,411d4c98,3f3eb852,3f800000,1000,3f800000,1000,137082,129
541,bf6014f9,bf0a7d56,3f933d08,3f4353f8,00000000,0,00000000,0,136207,129
542,bf06cf42,bee79097,40cfa5e3,3f3020c5,00000000,0,00000000,0,137373,130
543,40195d4f,3fc5154d,403c5048,3f2bc6a8,3f800000,1000,3f800000,1000,135916,129
544,3ebec02f,3fc96e2f,400b7e91,3f6353f8,3f800000,1000,3f800000,1000,136791,130
545,3f92ee63,3f315a86,beafb7e9,3f54fdf4,3f800000,1000,3f800000,1000,137374,130
546,be21a0cf,3f0aa64c,3ffa05bc,3ed2f1aa,3df1ec0a,118,3df18000,118,136207,129
547,3f90d1b7,3fbc4a8c,c10f4d6a,3e9d2f1b,3f800000,1000,3f800000,1000,135332,128
548,c04e4f76,bf334a23,c06d288d,3f6b851f,00000000,0,00000000,0,136790,130
549,bf809e99,3e8bdbf5,c10026e9,3f6ccccd,3f800000,1000,3f800000,1000,135915,128
550,40222196,3fcee7d5,411b5aee,3f18d4fe,3f800000,1000,3f800000,1000,137373,130
551,c0215fee,bf382a99,3e558106,3ee5e354,00000000,0,00000000,0,137082,130
552,be34299e,becbc361,411627bb,3e9a9fbe,00000000,0,00000000,0,142623,136
553,be2a8976,be56d289,41167732,3e7ae148,00000000,0,00000000,0,138540,132
554,be4ed3d8,bdcc7e28,c1091b71,3c1374bc,3f800000,1000,3f800000,1000,137957,131
555,bebdfb94,3f2b94af,c111f6fd,3dc8b439,3f800000,1000,3f800000,1000,137082,129
556,bf904a0e,3f46d35b,c110d97f,3e604189,3f800000,1000,3f800000,1000,138541,131
557,3e0d6f54,3e96a305,40c0c2f8,3e75c28f,00000000,0,00000000,0,139124,132
558,bc81450f,3f86d0e5,c0358adb,3f2bc6a8,3f800000,1000,3f800000,1000,138832,132
559,4019b9b6,3fbe84b6,3f13b646,3f147ae1,3f800000,1000,3f800000,1000,136791,130
560,c0164ae0,be91d7dc,411ec63f,3ca3d70a,00000000,0,00000000,0,137082,129
561,be78ca82,3eda52bd,40b3573f,3e0e5604,00000000,0,00000000,0,137082,130
562,3f77f0ed,3fc097f6,bcb295ea,3d75c28f,3f800000,1000,3f800000,1000,136790,129
563,bffadf50,3e9edaba,40b52bd4,3e010625,00000000,0,00000000,0,138832,132
564,c004b828,bf18dc5d,c11614e4,3f4e978d,3f409355,752,3f40c000,753,137082,131
565,c0340496,bede9446,40513261,3e9a9fbe,00000000,0,00000000,0,137082,130
566,be5dc726,3f1121ff,c101c711,3f33b646,3f800000,1000,3f800000,1000,137082,130
567,c00151d7,beeb4396,c08e1ff3,3e3851ec,00000000,0,00000000,0,138249,131
568,bfa8de2b,3f05a6b5,bfe74880,3de56042,3e2aab67,167,3e2a8000,167,136499,130
569,3ef3c0c2,3fa6faad,c0eab50b,3e8fdf3b,3f800000,1000,3f800000,1000,136499,129
570,405399c4,3fb410cb,3e327bb3,3ea4dd2f,3f800000,1000,3f800000,1000,136499,130
571,3fb5bff0,3f6761e5,c0f217c2,3f195810,3f800000,1000,3f800000,1000,137374,131
572,bfd238da,bf0cdd2f,406edfa4,3efb645a,00000000,0,00000000,0,134749,128
573,bf9366f9,bf0e7d56,40e9c91d,3f010625,00000000,0,00000000,0,137374,131
574,3f72aed1,bd71a9fc,4052f9db,3f147ae1,3f378d92,717,3f376000,716,136499,130
575,bfcaf2fa,bee381d8,40f08b44,3ef4bc6a,00000000,0,00000000,0,137665,130
576,402cf5c3,3faf2eb2,40f58034,3f5126e9,3f800000,1000,3f800000,1000,175874,169
577,3f21f213,3ecc0000,401365fe,3f1eb852,3f5931c5,848,3f594000,849,140290,133
578,c018e076,be556042,3fe71759,3f3f3b64,00000000,0,00000000,0,137665,130
579,40208659,3f618bac,3f4240b8,3ee872b0,3f800000,1000,3f800000,1000,138540,132
580,404fd5bb,3fa771de,c0f44b5e,3ddd2f1b,3f800000,1000,3f800000,1000,137957,132
581,3f8b328b,3e65f6fd,3fc3f488,3ed78d50,3f800000,1000,3f800000,1000,137082,130
582,3fd7c654,3f974952,bfff8a09,3e1a9fbe,3f800000,1000,3f800000,1000,137374,131
583,3f86abde,3ed7fb16,bf956a16,3edcac08,3f800000,1000,3f800000,1000,136499,130
584,3f47d029,bd1a36e3,3fe07c85,3efdf3b6,3f44c271,769,3f44c000,769,135915,128
585,c01e2d62,bf210625,408c1134,3e926e98,00000000,0,00000000,0,137082,130
586,3f14ae00,3fb89c0f,c08c6f69,3f1f7cee,3f800000,1000,3f800000,1000,137082,130
587,be67daa5,3f80f55a,c0a68a72,3f3db22d,3f800000,1000,3f800000,1000,137665,131
588,403be671,3fad8adb,40466b51,3ec28f5c,3f800000,1000,3f800000,1000,136499,129
589,4022b6ae,3f9ae426,40b9ff2e,3f6872b0,3f800000,1000,3f800000,1000,135915,129
590,401cee8d,3f6df3b6,40a81965,3d9ba5e3,3f800000,1000,3f800000,1000,136498,130
591,402230a9,3fc25cfb,bf80e560,3efa5e35,3f800000,1000,3f800000,1000,137373,130
592,c0038ef3,be9b404f,403a786c,3e22d0e5,00000000,0,00000000,0,136207,129
593,4014d5a6,3f887c1c,c0117c1c,3ee6e979,3f800000,1000,3f800000,1000,137082,130
594,3f272c52,3f83346e,40b962b7,3f50a3d7,3f5485bd,830,3f546000,830,136207,129
595,bf7e59f3,3e293405,4118f41f,3f1e76c9,00000000,0,00000000,0,140873,134
596,400315b5,3fba83e4,c0f22de0,3f69ba5e,3f800000,1000,3f800000,1000,139999,132
597,3f02d384,3f45dbf5,be2a161e,3f42d0e5,3f800000,1000,3f800000,1000,137666,130
598,bf682e88,3e93d567,3f28c155,3de76c8b,00000000,0,00000000,0,140582,134
599,bfeb33db,bdfc49ba,40d55326,3f17ced9,00000000,0,00000000,0,137957,131
600,bfe61f9f,bde9eecc,4062b368,3f57ced9,00000000,0,00000000,0,138540,131
601,bf9ca4d3,3ed0c155,40981cac,3ea66666,00000000,0,00000000,0,138249,131
602,3ee3bf72,bca2680a,403b18fc,3f676c8b,3e265a52,162,3e260000,162,137082,130
603,3ea6f694,bedb3190,40e57cee,3f7a9fbe,00000000,0,00000000,0,138832,131
604,be12c27a,becec083,3fad7dbf,3f3851ec,00000000,0,00000000,0,136790,130
605,bf6afe1e,3f79923a,c1169a6b,3f516873,3f800000,1000,3f800000,1000,137374,130
606,3f7f05a7,bdf43958,401d8937,3f189375,3f6e7af9,932,3f6e6000,931,136791,130
607,3f147d80,bea3c84b,40f416f0,3f272b02,00000000,0,00000000,0,137374,130
608,3ea18698,3f147c85,c10a2a99,3f34bc6a,3f800000,1000,3f800000,1000,137082,130
609,bed38ef3,3f41fa44,c09aacda,3d7df3b6,3f800000,1000,3f800000,1000,136791,129
610,c016b55f,bf2b6d5d,3e4c2f83,3f67ae14,00000000,0,00000000,0,137082,130
611,bf5d1245,3f2bc84b,408b3f7d,3f76872b,00000000,0,00000000,0,138248,131
612,401b2da1,3fc6b368,c0945d64,3f70a3d7,3f800000,1000,3f800000,1000,137082,130
613,3f2f78ff,3f021f21,c0be95ea,3f378d50,3f800000,1000,3f800000,1000,137082,130
614,c009de16,bcc8e8a7,3f305bc0,3f2c0831,00000000,0,00000000,0,137082,130
615,bf25feda,3f6b5b57,bfbf5c29,3f54fdf4,3f6021d5,876,3f602000,875,137082,130
616,bfd5aee6,3ea63f14,40f89931,3d9db22d,00000000,0,00000000,0,136207,129
617,c0314fdf,be88346e,bfc13a93,3ef3b646,00000000,0,00000000,0,135915,129
618,3ddfa440,be817a78,c033ced9,3f6e5604,3f42c1d3,761,3f42c000,761,138541,132
619,3f66b8fa,3ec3afb8,c0bd1b71,3f2ed917,3f800000,1000,3f800000,1000,137665,131
620,bf54bb1b,beaf06f7,411ddaba,3efef9db,00000000,0,00000000,0,136498,130
621,bf287a8d,bf0ded29,408a3d71,3f045a1d,00000000,0,00000000,0,136499,130
622,3f12ec6c,3ed9c28f,40ffdbf5,3eb22d0e,00000000,0,00000000,0,139124,132
623,3f8846c7,3f84e910,3fae31f9,3cb43958,3f800000,1000,3f800000,1000,138832,131
624,3d42a455,3f46daba,bfae0aa6,3f2624dd,3f800000,1000,3f800000,1000,142332,135
625,4009ec2d,3f825254,40c47efa,3f0f9db2,3f800000,1000,3f800000,1000,139123,132
626,404a8145,3fb58241,3fc126e9,3f2b851f,3f800000,1000,3f800000,1000,135916,129
627,bf9d9557,3f19d97f,3e6d9168,3dfbe76d,00000000,0,00000000,0,136207,129
628,3fa4801f,3fb74d6a,bf25f06f,3e52f1aa,3f800000,1000,3f800000,1000,137957,130
629,403ba637,3fcead43,bf687fcc,3d9fbe77,3f800000,1000,3f800000,1000,138248,131
630,bc7cf80e,3f084b5e,410d339c,3f2f5c29,00000000,0,00000000,0,135623,128
631,3e509bfa,3e8fdf3b,4111c711,3f1c28f6,00000000,0,00000000,0,137082,129
632,c043f195,bed70be1,40a664c3,3e8f5c29,00000000,0,00000000,0,138249,131
633,3f47b203,3e743958,407b7803,3eb43958,3f13a0c5,577,3f13a000,577,136790,130
634,c046fb2b,bf120903,40e4703b,3f445a1d,00000000,0,00000000,0,135915,129
635,beedfa44,3f5ff2e5,4038ff97,3ec20c4a,3dbd76ec,93,3dbd4000,92,135915,128
636,bebe5754,3f3f1aa0,c0cb59b4,3ec28f5c,3f800000,1000,3f800000,1000,137083,130
637,bf65c67e,3eb276c9,c0ba36e3,3f2e978d,3f800000,1000,3f800000,1000,136790,129
638,c0288beb,bef94467,bf16f007,3f570a3d,00000000,0,00000000,0,136790,129
639,3f7e9ccb,3fa5837b,c110ee63,3ea7ef9e,3f800000,1000,3f800000,1000,137374,130
640,bfc5e93a,bb1c779a,40f7edfa,3eac0831,00000000,0,00000000,0,137082,130
641,3f7b2e9d,3fbb2de0,c119adac,3d872b02,3f800000,1000,3f800000,1000,137082,130
642,3f88a5ce,3ea6b368,c114fbe7,3ee1cac1,3f800000,1000,3f800000,1000,137666,130
643,3fd8b4e1,3f968db9,400ca71e,3f651eb8,3f800000,1000,3f800000,1000,141457,133
644,bf44a234,bf190d84,3fd34d6a,3dfbe76d,00000000,0,00000000,0,137957,131
645,c034fcf8,be528c15,4063559b,3f4a3d71,00000000,0,00000000,0,138248,131
646,bd4e075f,3f04ae7d,c0d9dbf5,3e28f5c3,3f800000,1000,3f800000,1000,137082,130
647,bf23d9a9,bde5fd8b,3fbcbfb1,3f48b439,00000000,0,00000000,0,183456,176
648,3fb489f4,3fac4b5e,c05fec57,3d872b02,3f800000,1000,3f800000,1000,142332,134
649,400e7286,3f341bda,40f4710d,3f38d4fe,3f800000,1000,3f800000,1000,139999,133
650,bec60807,3f3b851f,411b8adb,3f5e76c9,00000000,0,00000000,0,136499,130
651,3ffc3223,3fb8182b,c0ae3958,3f3f7cee,3f800000,1000,3f800000,1000,137374,130
652,3dc432ca,3b343958,400c154d,3f29fbe7,00000000,0,00000000,0,136207,129
653,3fb68145,3f3ac155,40976fd2,3e91eb85,3f800000,1000,3f800000,1000,137082,130
654,bf39f6a9,bee44817,c1058d50,3eb3b646,3f800000,1000,3f800000,1000,136790,130
655,3f9691a7,3fc4d220,3f43fe5d,3ea04189,3f800000,1000,3f800000,1000,137374,130
656,3f96dc5d,3f95db23,40c59db2,3f63d70a,3f800000,1000,3f800000,1000,137082,130
657,bfbd22a7,3d23e426,40d7aee6,3ec08312,00000000,0,00000000,0,137957,131
658,400f3abd,3fcdf7cf,40c31687,3e395810,3f800000,1000,3f800000,1000,136499,130
659,3e989b52,bed83afb,40e703b0,3e656042,00000000,0,00000000,0,136791,130
660,3f61244a,3fa2c433,c0dade01,3c8b4396,3f800000,1000,3f800000,1000,137082,130
661,be378034,3f31bf48,40874d6a,3dba5e35,00000000,0,00000000,0,136499,130
662,bbc1fc8f,3fb8d7dc,c102fe5d,3e8fdf3b,3f800000,1000,3f800000,1000,137957,131
663,bea0b780,bd874539,3fb29fbe,3f3eb852,00000000,0,00000000,0,138248,131
664,bda53112,3e85fbe7,3fb37803,3e52f1aa,00000000,0,00000000,0,137666,131
665,3ffb721d,3f0e0ded,40c2cb29,3e89ba5e,3f800000,1000,3f800000,1000,137665,130
666,3fe583a5,3f8f9581,40cbf2e5,3f591687,3f800000,1000,3f800000,1000,135916,128
667,bfa027fa,3f29c84b,41121de7,3e78d4fe,00000000,0,00000000,0,137374,130
668,bf62a844,3dc1eb85,40f9a1cb,3f71a9fc,00000000,0,00000000,0,137957,131
669,4005ed29,3f5a1062,3fa2d0e5,3f31a9fc,3f800000,1000,3f800000,1000,137374,130
670,402549f9,3f9d0347,4084db8c,3f7020c5,3f800000,1000,3f800000,1000,136499,129
671,402171f3,3f88a9fc,be954c98,3f23126f,3f800000,1000,3f800000,1000,139999,133
672,bfd3866e,3eb07e28,3ef35a86,3f778d50,00000000,0,00000000,0,137083,130
673,3f379fa9,bd1cfaad,c0de7525,3f2e5604,3f800000,1000,3f800000,1000,136207,129
674,c0051394,bf1b19ce,c0804f76,3f6978d5,00000000,0,00000000,0,138249,131
675,bfddd053,3efa9e1b,bfca43fe,3f55c28f,00000000,0,00000000,0,138249,131
676,4034548b,3fc69a02,c0dfbcd3,3f7d70a4,3f800000,1000,3f800000,1000,136790,129
677,3f8f1c97,3fa6e632,c0d85048,3f7fbe77,3f800000,1000,3f800000,1000,135915,129
678,400353f8,3f14ded3,c110f972,3ded9168,3f800000,1000,3f800000,1000,137374,130
679,3eb54c98,3fa97cee,bf585879,3ed70a3d,3f800000,1000,3f800000,1000,137374,130
680,be199ed8,3fa7786c,401c3e42,3f200000,3f3ede7b,746,3f3ee000,746,137957,131
681,3f000a7c,be8ab021,bfb94467,3d9374bc,3f701cd4,938,3f700000,938,138832,131
682,3f242d8c,3f81f41f,3fab6e2f,3f1cac08,3f800000,1000,3f800000,1000,137082,130
683,bf817d6b,bd245a1d,3ea068dc,3f7f7cee,00000000,0,00000000,0,137082,129
684,bf2760bf,bf0c9375,3feccccd,3f16872b,00000000,0,00000000,0,136207,129
685,3f13c361,3fadaee6,3f8919ce,3f122d0e,3f800000,1000,3f800000,1000,137082,130
686,bbda3c21,3f674d6a,3f50f27c,3f7374bc,3f472cbd,778,3f472000,778,137665,130
687,bfe14cec,be79fbe7,bf0b2fec,3efced91,00000000,0,00000000,0,135915,129
688,4038b631,3fc49100,40ada858,3f056042,3f800000,1000,3f800000,1000,136207,130
689,bfbdd97f,3ea9a512,3f569446,3ea6e979,00000000,0,00000000,0,136498,129
690,bf6544bb,3eea339c,c1090069,3f67ae14,3f800000,1000,3f800000,1000,137082,130
691,bf1c5437,be032618,40af559b,3f7be76d,00000000,0,00000000,0,135915,128
692,bfde96e6,3eb107c8,c11c779a,3d656042,3f800000,1000,3f800000,1000,136791,130
693,4011db23,3fb74b5e,41143bcd,3f6b851f,3f800000,1000,3f800000,1000,136790,130
694,3eea5a47,3f298866,40a193de,3e178d50,3ea24aa4,317,3ea1e000,316,135916,129
695,3de3bcd3,3f0637b5,41183eab,3e051eb8,00000000,0,00000000,0,140582,133
696,3f619115,3e8ef34d,40d472b0,3cac0831,3e652ff9,224,3e64c000,223,139707,133
697,4001f99c,3f9fb4a2,c0eeb5dd,3f3eb852,3f800000,1000,3f800000,1000,138541,131
698,3f780347,3fbcbd3c,c004aa65,3f33b646,3f800000,1000,3f800000,1000,138249,130
699,3f700150,3fc1df3b,c092068e,3f466666,3f800000,1000,3f800000,1000,136790,130
700,beb234ec,bef692a3,c0a77176,3df5c28f,3f4cc230,800,3f4ce000,800,135332,128
701,bd6ecbfb,3f93ce07,40bc3c9f,3f17ced9,3cfa6e9e,31,3cf2e000,30,137082,130
702,bf82771d,3eb3c01a,c01e161e,3e0a3d71,3e91a427,284,3e91a000,284,136790,130
703,3f5a6ca0,3f204f76,c074b296,3dbc6a7f,3f800000,1000,3f800000,1000,137082,130
704,c024b72c,be26fd22,40812fec,3e0e5604,00000000,0,00000000,0,137082,130
705,3fef9c63,3f548659,411db2ff,3f5020c5,3f800000,1000,3f800000,1000,137374,130
706,3f70d307,3e14a57a,bf96c227,3efb645a,3f800000,1000,3f800000,1000,137082,130
707,be8115df,3fb198c8,40ff3b64,3eed9168,00000000,0,00000000,0,137666,131
708,bf49c77a,3ee3a787,c0576113,3c1374bc,3f21fa72,633,3f220000,633,137665,131
709,3f532f45,3fb2fa44,c1049a6b,3f0f5c29,3f800000,1000,3f800000,1000,137083,130
710,3fa1ce07,3e36ecc0,bfbd4952,3f456042,3f800000,1000,3f800000,1000,137082,130
711,bffd0870,beae5604,c11f3886,3f5fbe77,3f690471,910,3f694000,911,137374,130
712,402c4189,3f6f5a86,c0aadaba,3ec8b439,3f800000,1000,3f800000,1000,134749,127
713,403c4a0e,3fb14c30,c06d61e5,3edeb852,3f800000,1000,3f800000,1000,137666,130
714,c05fb060,bf1ca162,41158106,3f374bc7,00000000,0,00000000,0,135915,129
715,4021ad97,3f774af5,3f676c8b,3e828f5c,3f800000,1000,3f800000,1000,136790,130
716,bfb66c4c,bd5aee63,c115ea4b,3f7b22d1,3f800000,1000,3f800000,1000,137082,130
717,be022bbf,be4e1134,c10e5604,3f78d4fe,3f800000,1000,3f800000,1000,137082,130
718,3d6939eb,bea8af4f,c1116ae8,3ec8b439,3f800000,1000,3f800000,1000,137374,130
719,bee2e87d,be353f7d,c0b78adb,3f32b021,3f669017,901,3f66a000,901,138833,132
720,bf8c02f3,3eb487fd,c0abd3c3,3ea5e354,3f4a12b6,789,3f4a4000,790,134165,127
721,c011d639,bf2892a3,408a8c15,3f7020c5,00000000,0,00000000,0,136790,129
722,bf7e8145,bf3c8f5c,c05fced9,3eca3d71,3e447c34,192,3e448000,192,139123,132
723,bf463498,bed8c155,bf5d97f6,3e656042,00000000,0,00000000,0,137373,130
724,bfb78df8,3f1938ef,c0112a30,3f4b851f,3ea8ac26,329,3ea8c000,330,136498,130
725,bfe88659,bc23d70a,c027404f,3f47ae14,00000000,0,00000000,0,136207,130
726,bf98e8a7,3f2444d0,407d78d5,3f083127,00000000,0,00000000,0,137665,131
727,3f0b22d1,3f95511a,c1006e2f,3e8f5c29,3f800000,1000,3f800000,1000,137374,130
728,3f9475a3,3e943958,c0933190,3e010625,3f800000,1000,3f800000,1000,137082,129
729,3e19a416,bebb9c0f,40933b64,3ee4dd2f,00000000,0,00000000,0,137665,130
730,beade00d,bf162de0,c094b368,3f628f5c,3f466fb6,775,3f468000,775,137083,130
731,3fd79b13,3fc2cfab,400b851f,3d0f5c29,3f800000,1000,3f800000,1000,137374,130
732,401e16c6,3f6534d7,40e52a30,3f1ef9db,3f800000,1000,3f800000,1000,136498,130
733,bebc01a3,be5243fe,c10cd639,3e5c28f6,3f800000,1000,3f800000,1000,137082,130
734,bf18cd21,bf06ac08,c0a0ebee,3f6b020c,3f37f280,719,3f380000,719,137957,131
735,403e0d45,3fc32474,c0349eed,3f53f7cf,3f800000,1000,3f800000,1000,137374,130
736,3f6ec6bd,3fc94af5,c0e2779a,3de76c8b,3f800000,1000,3f800000,1000,137374,130
737,bd9fa97e,3fb9b646,c10b44d0,3f02d0e5,3f800000,1000,3f800000,1000,137957,131
738,bd2dd591,3fc087fd,c0e86738,3efdf3b6,3f800000,1000,3f800000,1000,137373,130
739,c00c0496,bf1c6b51,40ba60aa,3f7cac08,00000000,0,00000000,0,136499,129
740,3f7029f1,3e4e1b09,405e6cf4,3f64dd2f,3f62725a,885,3f626000,884,135915,129
741,bf216484,3f8731f9,40f24ea5,3f553f7d,00000000,0,00000000,0,136790,129
742,bf78c155,bf1c4dd3,40f3c84b,3ebf7cee,00000000,0,00000000,0,136791,129
743,bf26555c,3f999168,40b23a2a,3e8dd2f2,00000000,0,00000000,0,239165,229
744,be70be0e,3f620347,400ed5d0,3f44dd2f,3ebe914a,372,3ebe6000,372,361371,350
745,3faaca58,3f2dfb16,40f2b1c4,3ef4bc6a,3f800000,1000,3f800000,1000,348538,337
746,3e1c0981,bed05879,3fef7319,3ded9168,00000000,0,00000000,0,160998,151
747,3f111b1e,3ddd70a4,4007c6a8,3f39999a,3f0b7891,545,3f0b8000,545,146998,138
748,40265b42,3f6d126f,c11b075f,3f0d4fdf,3f800000,1000,3f800000,1000,140582,133
749,bf995619,beeab6ae,410da512,3f589375,00000000,0,00000000,0,144957,137
750,3f8f3cb4,3f625461,40321e4f,3f6c0831,3f800000,1000,3f800000,1000,140873,133
751,3efeecc0,3f5a8312,40ee0b78,3d6978d5,3dd140a1,102,3dd04000,102,139123,132
752,3fe19ae9,3f055254,c0c9c9ef,3f333333,3f800000,1000,3f800000,1000,137082,131
753,404e685e,3fca0ff9,c0dc83e4,3f610625,3f800000,1000,3f800000,1000,136499,129
754,bf20bb6f,bf2c1e4f,bfb41f21,3e54fdf4,00000000,0,00000000,0,137665,130
755,403f620f,3fb37732,4108f972,3ec72b02,3f800000,1000,3f800000,1000,137374,130
756,40485975,3fc42a99,40d46e98,3f0fdf3b,3f800000,1000,3f800000,1000,136791,129
757,bfd769ec,be8e4745,c103837b,3f266666,3f391afb,723,3f394000,724,136207,129
758,3e316b12,3fc3a858,41164120,3f6ac083,3cb6a098,22,3caee000,21,138248,131
759,3f2f3f53,3f8dd14e,3e3afb7f,3f726e98,3f800000,1000,3f800000,1000,135915,129
760,4005dd1a,3f8209d5,c04f8034,3e23d70a,3f800000,1000,3f800000,1000,135916,128
761,bec7136a,3eb4e704,c0e820c5,3e90e560,3f800000,1000,3f800000,1000,139123,131
762,bf4bc6a8,3f870f28,3faf381d,3f73b646,3ed742ff,420,3ed70000,420,136791,130
763,3f30e7ff,3f939ad4,bf8c816f,3e6a7efa,3f800000,1000,3f800000,1000,148165,141
764,3fa71412,3fad3261,c0824ea5,3f09374c,3f800000,1000,3f800000,1000,138832,131
765,3f27b4a2,3e8425af,c10c2a99,3e99999a,3f800000,1000,3f800000,1000,135915,129
766,3f9635e7,3f6ad773,c1019100,3f69374c,3f800000,1000,3f800000,1000,138541,131
767,3f42c12b,3f228b44,c0867fcc,3f79db23,3f800000,1000,3f800000,1000,136790,129
768,401fc7a4,3fc334d7,c11368dc,3d4ccccd,3f800000,1000,3f800000,1000,136207,129
769,bfd0c155,bf3a1134,40831eb8,3f2ed917,00000000,0,00000000,0,135332,129
770,3ddbd513,3cb0be0e,c09edc5d,3dced917,3f800000,1000,3f800000,1000,135332,128
771,bf0e8d11,be937660,40dd8866,3e666666,00000000,0,00000000,0,137374,129
772,bfed6d5d,3ec7ef9e,c0960b78,3f78d4fe,3ec53933,385,3ec54000,385,139416,133
773,bd8533b1,3f8fd773,4116c505,3f4b851f,00000000,0,00000000,0,136790,130
774,3ef6238e,3f3c3055,40348659,3f4ac083,3f60c70a,878,3f60c000,878,136207,129
775,bda73d5c,3ee25aee,c0d3b2ff,3e1374bc,3f800000,1000,3f800000,1000,136207,129
776,3de670e3,beddd7dc,beb645a2,3f09374c,3e9162af,284,3e916000,284,137082,129
777,bf91ea36,be823f14,403a3055,3f5eb852,00000000,0,00000000,0,135915,130
778,3fc28d65,3f0e346e,3fd18937,3f7d2f1b,3f800000,1000,3f800000,1000,137082,130
779,3e9c74fb,3e6abd3c,41016944,3f595810,00000000,0,00000000,0,136207,129
780,c0233abd,bef74539,402b03b0,3c449ba6,00000000,0,00000000,0,137373,130
781,3f2769ec,3fbfb50b,403af007,3e2f1aa0,3f800000,1000,3f800000,1000,136791,130
782,3e3d46b2,bea671de,c10247ae,3eced917,3f800000,1000,3f800000,1000,137666,130
783,c04fdaf9,bed36ae8,c0fded29,3db020c5,00000000,0,00000000,0,137665,131
784,3fb216c6,3ec6f1aa,c104f694,3f2b020c,3f800000,1000,3f800000,1000,138541,131
785,bf651d69,bea61134,4107d289,3f516873,00000000,0,00000000,0,137957,130
786,c01778ff,befb46dc,40baf34d,3f666666,00000000,0,00000000,0,137666,130
787,401dd4e9,3f7fef9e,410b779a,3d7df3b6,3f800000,1000,3f800000,1000,145832,139
788,c00100e7,3e8d0b0f,4118eb85,3d8b4396,00000000,0,00000000,0,137082,129
789,3ffa7b0b,3fcdb439,c101d6a1,3f020c4a,3f800000,1000,3f800000,1000,137665,130
790,3ffee04c,3f761cac,40bdcb92,3f0c49ba,3f800000,1000,3f800000,1000,138249,131
791,be414f8b,bef0f0d8,3fe7c505,3f249ba6,00000000,0,00000000,0,137666,130
792,3f8d9ddc,3f3d8d50,be5d7dbf,3e91eb85,3f800000,1000,3f800000,1000,136207,128
793,be9e2585,3f393f7d,bfdb1f8a,3f6c0831,3f6acb4a,917,3f6ac000,917,137665,130
794,3f392e1f,3ee29fbe,bfa76fd2,3eea7efa,3f800000,1000,3f800000,1000,138540,130
795,3f6d9557,3f2d54ca,c09b652c,3f4c8b44,3f800000,1000,3f800000,1000,137082,130
796,3f97fc11,3ea7edfa,41044120,3e47ae14,3ec7e533,390,3ec7a000,390,136790,129
797,400b78ff,3f820d84,41131a37,3f5374bc,3f800000,1000,3f800000,1000,138249,130
798,bfe13b3a,3e1346dc,bfd59b3d,3f195810,00000000,0,00000000,0,137082,130
799,c02c9082,bef93405,c0b6f0d8,3f2b4396,00000000,0,00000000,0,135916,129
800,be75a31a,3eb3d70a,c0fc31f9,3f789375,3f800000,1000,3f800000,1000,137374,131
801,3e3c3b4f,3f9f8e22,bfa182aa,3f1db22d,3f800000,1000,3f800000,1000,136790,129
802,bf897397,bf31837b,c0c4bb99,3f5ced91,3f2d0e79,676,3f2d2000,676,137373,130
803,3f0ad03e,3ee617c2,3f4fdf3b,3f1f7cee,3f800000,1000,3f800000,1000,137666,131
804,beacb7d4,3f03d495,bf28c7e3,3f370a3d,3f0145ba,505,3f014000,505,137665,130
805,bfe5143c,3eceb50b,40bbced9,3ed91687,00000000,0,00000000,0,137082,131
806,bf3fa97e,bee8bac7,409f23a3,3f639581,00000000,0,00000000,0,138540,132
807,404110a1,3fb1212d,c0883d71,3f1ba5e3,3f800000,1000,3f800000,1000,136791,130
808,3f73b107,bde9e83e,c1172d0e,3eaa7efa,3f800000,1000,3f800000,1000,137082,130
809,402025af,3f595326,410ff1aa,3f65e354,3f800000,1000,3f800000,1000,137082,130
810,3feb328b,3f91381d,400c8ce7,3f6353f8,3f800000,1000,3f800000,1000,141749,135
811,c038c250,bf35e1b1,c0c79ce0,3ee66666,00000000,0,00000000,0,137665,131
812,be00fba9,bce3d70a,40827a10,3f558106,00000000,0,00000000,0,137373,129
813,c0394174,bef54fdf,3ff4bfb1,3e28f5c3,00000000,0,00000000,0,137374,130
814,bf60ee8d,3f893405,c0ce0aa6,3dae147b,3f800000,1000,3f800000,1000,136791,130
815,bf2f45e1,3e1d38ef,bee37b4a,3f0978d5,00000000,0,00000000,0,136791,129
816,bf43e426,3f2de426,c0f74f0e,3c1374bc,3f800000,1000,3f800000,1000,138249,130
817,3d4df267,3f260000,40cba6b5,3ed89375,00000000,0,00000000,0,136790,130
818,403c029f,3f9665fe,3f77f62b,3cc49ba6,3f800000,1000,3f800000,1000,137082,129
819,3f7137f4,3f8a3a2a,406e594b,3f6d0e56,3f800000,1000,3f800000,1000,137957,130
820,be6b94d9,3f8a3c9f,c0243afb,3f49374c,3f800000,1000,3f800000,1000,136498,129
821,c0261ff3,bebcc986,3f62f838,3f36872b,00000000,0,00000000,0,138540,131
822,3ff36651,3fc38937,c0b26320,3f2c0831,3f800000,1000,3f800000,1000,137082,130
823,3f8da273,3eb942c4,4090c8b4,3f008312,3f800000,1000,3f800000,1000,136207,129
824,bf10e172,3df5c91d,c0ce680a,3e0f5c29,3f800000,1000,3f800000,1000,136498,130
825,bc71d3ed,3f229fbe,40228c15,3cf5c28f,3e054e25,130,3e054000,130,137374,130
826,3ffbc4b1,3fa8a92a,c0915c29,3f75c28f,3f800000,1000,3f800000,1000,135916,128
827,3ff13d32,3efd94af,c10b81d8,3f1126e9,3f800000,1000,3f800000,1000,135624,128
828,be7721d5,be71a36e,c09c2681,3d8f5c29,3f48e089,785,3f48e000,785,137082,130
829,3a27c5ac,3f3d126f,c0cac083,3c03126f,3f800000,1000,3f800000,1000,136207,130
830,bf475793,beea95ea,c09cb6ae,3f1be76d,3f12b4fa,573,3f12c000,573,135623,128
831,be5335d2,be91aee6,41177c1c,3d23d70a,00000000,0,00000000,0,136207,129
832,3faba68b,3f8aa5e3,40bfb574,3f64dd2f,3f800000,1000,3f800000,1000,135332,128
833,3f72fec5,bd7fb15b,c05e0c4a,3eb7ced9,3f800000,1000,3f800000,1000,138249,131
834,3fb8d456,3f28e148,c02b5f70,3eab851f,3f800000,1000,3f800000,1000,144957,138
835,bd1d5e4a,bf1240b8,c03df55a,3b03126f,3f090603,535,3f092000,536,136207,129
836,bf61187e,3d9e5604,40d04c30,3ee7ef9e,00000000,0,00000000,0,137374,130
837,c02e8f5c,be8409d5,40b06e98,3ea2d0e5,00000000,0,00000000,0,137082,129
838,3f15158c,3f26793e,4082af4f,3e94fdf4,3f2804e6,656,3f282000,657,137374,130
839,3edb352b,3f43b22d,3e9f2e49,3f4d0e56,3f800000,1000,3f800000,1000,136499,130
840,3d01450f,3e8271de,41171bda,3f7126e9,00000000,0,00000000,0,136790,130
841,3e79e59f,3fa73261,c06b573f,3f59999a,3f800000,1000,3f800000,1000,137666,130
842,bfadf06f,3e82e7d5,3f58fc50,3f400000,00000000,0,00000000,0,138249,131
843,bff5ebd9,ba4e703b,410af06f,3f174bc7,00000000,0,00000000,0,137957,131
844,bece94ee,bf14b50b,c111c433,3f770a3d,3f800000,1000,3f800000,1000,136790,130
845,bf7454de,bf180419,c0b23d71,3f1126e9,3f1a2294,602,3f1a4000,603,136499,129
846,bf947ae1,3ead4e3c,405484b6,3ee66666,00000000,0,00000000,0,136499,129
847,405ce704,3fccf141,403fc505,3f6c49ba,3f800000,1000,3f800000,1000,137374,131
848,3ea55864,bea67a10,c094e3bd,3eba5e35,3f800000,1000,3f800000,1000,137083,130
849,c010c986,bf0fb574,4100c155,3e624dd3,00000000,0,00000000,0,136207,129
850,3f9ac322,3f4f1eb8,c0fc902e,3e0d4fdf,3f800000,1000,3f800000,1000,135332,129
851,c0137af6,be877319,c0c14c98,3e3a5e35,00000000,0,00000000,0,136207,130
852,40078088,3f80f007,c022233a,3f29ba5e,3f800000,1000,3f800000,1000,136790,130
853,bf5d1e11,bf1bf55a,3ffc3c9f,3ef645a2,00000000,0,00000000,0,135332,129
854,3f912e1f,3f5da29c,c0890481,3f08b439,3f800000,1000,3f800000,1000,135915,129
855,3e84ef89,3ef475f7,be867382,3f283127,3f667493,900,3f666000,900,136207,128
856,bfbdd441,be40e560,c0ee872b,3f01cac1,3f2bc01c,671,3f2bc000,671,141457,133
857,be6b2181,be1d70a4,3fb2a993,3f65e354,00000000,0,00000000,0,138540,131
858,3ebab4b7,3e2851ec,be4bac71,3c343958,3f2dcc3a,679,3f2de000,679,142041,135
859,40359d88,3f89b08a,c0496388,3eb6c8b4,3f800000,1000,3f800000,1000,136207,129
860,40032474,3fc4f9db,4111ba5e,3efb645a,3f800000,1000,3f800000,1000,133582,127
861,3f9aaf79,3ecf0f28,c0d7e0df,3f16872b,3f800000,1000,3f800000,1000,135041,128
862,c002a64c,bf3e12d7,c016d773,3f4e5604,00000000,0,00000000,0,135040,128
863,be4b33db,3ed8432d,40666666,3e645a1d,00000000,0,00000000,0,135916,129
864,c0273040,be9c9518,3fbcc2f8,3e6147ae,00000000,0,00000000,0,136207,129
865,3e856ffc,bc52f1aa,bf9b4396,3e4ccccd,3f18de8f,597,3f18e000,597,137082,129
866,3fb2ccf7,3f10a305,c0cd645a,3d978d50,3f800000,1000,3f800000,1000,137374,130
867,c011d68c,bebfb646,3fb03127,3e3f7cee,00000000,0,00000000,0,137666,130
868,3fd3e4cd,3f638bac,4116ef9e,3e8dd2f2,3f800000,1000,3f800000,1000,136498,130
869,3ed249e4,3df0f909,c10752bd,3f560419,3f800000,1000,3f800000,1000,136790,130
870,bff2b7fe,bf0de1b1,3f7f559b,3ef7ced9,00000000,0,00000000,0,135916,128
871,bf42070c,3e532618,bfbf9db2,3f5b22d1,3e3a0a52,182,3e3a2000,182,135623,129
872,40119d34,3faa52bd,c1130275,3f43126f,3f800000,1000,3f800000,1000,136790,130
873,bf5353f8,3f810f91,c10619ce,3c54fdf4,3f800000,1000,3f800000,1000,136207,129
874,3f42c27a,3fc3985f,c10daf4f,3e051eb8,3f800000,1000,3f800000,1000,136499,129
875,bf804a0e,3f04809d,c0d8ae7d,3f5b22d1,3f800000,1000,3f800000,1000,136207,129
876,bfead235,be4ae7d5,c088c8b4,3e839581,00000000,0,00000000,0,136791,130
877,bfd1719f,be7872b0,bfe0f27c,3f795810,00000000,0,00000000,0,137082,129
878,3f48769f,bd90624e,c10db1c4,3f0147ae,3f800000,1000,3f800000,1000,137666,131
879,3fa19b91,3f5e4f76,bf48240b,3f41cac1,3f800000,1000,3f800000,1000,136790,130
880,bfdb7026,3ed08b44,4092432d,3f64dd2f,00000000,0,00000000,0,136790,130
881,bf232618,3f2fe282,4116ed29,3f245a1d,00000000,0,00000000,0,138249,130
882,c021714c,beb5758e,40ec9c78,3e353f7d,00000000,0,00000000,0,140291,134
883,be3cfd4c,bea59168,c0b3d2f2,3e8ccccd,3f777b9e,967,3f77a000,967,135332,128
884,bfac063a,bebf367a,40c0985f,3e2f1aa0,00000000,0,00000000,0,137957,130
885,bf95d0fa,bf02bb99,406f6944,3f0d4fdf,00000000,0,00000000,0,135915,128
886,3f6b4cc2,3fb71e4f,be3a5e35,3f800000,3f800000,1000,3f800000,1000,136499,129
887,3e770cdd,3faed35b,3f08ce70,3f5c28f6,3f800000,1000,3f800000,1000,137082,130
888,be9e1b09,3f2bdcc6,40bb0481,3ecf5c29,00000000,0,00000000,0,137082,129
889,bfadd591,3f0e594b,40aaa7f0,3f4f9db2,00000000,0,00000000,0,139707,133
890,3f724c83,3f2884b6,41105b57,3e2d0e56,3e716a64,236,3e702000,234,137665,130
891,bed5b574,3ec1d14e,3fb367a1,3f1cac08,00000000,0,00000000,0,137082,130
892,c00055da,3ead7732,3f96425b,3e2b020c,00000000,0,00000000,0,136499,129
893,3fa3c9ef,3f878312,c05bb7e9,3e24dd2f,3f800000,1000,3f800000,1000,137374,130
894,be9c6541,bf211759,c081404f,3d5d2f1b,3f198678,600,3f19a000,600,136499,130
895,3f5426fe,3f729a02,411c3c9f,3f3b22d1,3e8805a5,266,3e878000,265,136207,129
896,c04a7ab7,bf37a9fc,c0de12d7,3f3b645a,00000000,0,00000000,0,137373,130
897,3f98f3cb,3f939ce0,c0807efa,3eda9fbe,3f800000,1000,3f800000,1000,137665,131
898,3c727bb3,3ec758e2,c0afa1cb,3c83126f,3f800000,1000,3f800000,1000,137374,130
899,3ec2656b,3f9f096c,c0ee64c3,3f1eb852,3f800000,1000,3f800000,1000,137082,130
900,3f8df45e,3e130553,bf710cb3,3f65e354,3f800000,1000,3f800000,1000,135916,129
901,bef8c2a4,3e889d49,c0017732,3f747ae1,3ef423a7,477,3ef44000,477,136498,129
902,3f253f7d,3f3204ea,40b71c43,3dbe76c9,3eedb914,464,3eed6000,464,136207,129
903,401b7708,3fa1ebee,4059d7dc,3f67ef9e,3f800000,1000,3f800000,1000,137374,130
904,3fd0cfc0,3fbb1a37,bfd87c85,3eddb22d,3f800000,1000,3f800000,1000,136207,129
905,bfa961e5,be92dc5d,40ab8e22,3ee04189,00000000,0,00000000,0,135915,128
906,3ff75f70,3fc04952,c119ce70,3e50e560,3f800000,1000,3f800000,1000,163624,157
907,4035cfff,3f8e872b,c043fe5d,3e9cac08,3f800000,1000,3f800000,1000,138832,131
908,3ecc02f3,3efb0be1,41187bb3,3e8f5c29,00000000,0,00000000,0,137665,131
909,3fea4dd3,3fbe4fdf,bfe57dbf,3f3e76c9,3f800000,1000,3f800000,1000,135915,130
910,bfa81cd6,bc119ce0,c007ec57,3f3c28f6,00000000,0,00000000,0,137082,130
911,bef6501e,bf0e1893,c11879a7,3ed26e98,3f800000,1000,3f800000,1000,136207,129
912,400a934b,3fa54a8c,c0b22eb2,3e72b021,3f800000,1000,3f800000,1000,136790,130
913,c052abde,bf192a30,40cd4f0e,3f178d50,00000000,0,00000000,0,137082,129
914,3f48feef,3fae16f0,4118bc6a,3ea1cac1,3f13fc5e,578,3f13c000,577,136499,129
915,403f6ae8,3faf88ce,4111c227,3ed0e560,3f800000,1000,3f800000,1000,136499,129
916,400ea4fd,3f985b57,bf0c154d,3cac0831,3f800000,1000,3f800000,1000,135624,128
917,bc68fb01,3f84e8a7,40b45f07,3f05e354,00000000,0,00000000,0,138249,130
918,bf7ec6bd,3f7e4b5e,4009ad43,3f6f1aa0,3dfb0a08,123,3dfaa000,122,136207,129
919,3f40c0ad,bd0d35a8,4112a29c,3ec51eb8,00000000,0,00000000,0,135332,128
920,3ec5fd8b,3f592fec,40210e56,3f1db22d,3f65176c,895,3f650000,895,136207,129
921,bedbe22e,3e173b64,40cffd8b,3ee04189,00000000,0,00000000,0,137082,130
922,c02a17c2,bf376e2f,c054d9e8,3f7d2f1b,00000000,0,00000000,0,135623,128
923,4039bff0,3f9717c2,bdedfa44,3f4624dd,3f800000,1000,3f800000,1000,136790,130
924,3ea9e450,3ef7367a,bfbdd639,3e428f5c,3f800000,1000,3f800000,1000,137666,130
925,bf02584f,3f9610cb,c0f96113,3f34fdf4,3f800000,1000,3f800000,1000,135624,129
926,c009cfff,bd1e9e1b,c11197f6,3f19db23,3f2430b1,641,3f248000,643,137082,130
927,bfe087a9,3ecfc6a8,bf1fdf3b,3f322d0e,00000000,0,00000000,0,136790,129
928,3f4f7e3d,3ee0bfb1,408cd9e8,3d89374c,3f2ee332,683,3f2ec000,683,136790,130
929,bf2a32f4,3f62a162,4116f8a1,3ea76c8b,00000000,0,00000000,0,139415,133
930,403027a6,3fb7758e,bf6aa64c,3f74bc6a,3f800000,1000,3f800000,1000,141166,134
931,be323cc9,bb2dab9f,c1112268,3dfbe76d,3f800000,1000,3f800000,1000,138540,131
932,bfa4eee1,be8fcb92,c03570a4,3cc49ba6,00000000,0,00000000,0,136790,129
933,3fbad57c,3f848ef3,41000ebf,3f645a1d,3f800000,1000,3f800000,1000,137082,130
934,bfe005e6,be51a36e,4090a71e,3f1a9fbe,00000000,0,00000000,0,137082,130
935,3ff07208,3f3f2b02,c02f34d7,3eed9168,3f800000,1000,3f800000,1000,135624,128
936,4041844d,3f9e8c15,40cd94af,3def9db2,3f800000,1000,3f800000,1000,137957,131
937,bfeee43b,bee46595,c0d1c6a8,3cf5c28f,3e8a25d9,270,3e8a4000,270,135915,129
938,406653b9,3fc5c227,c0fbe76d,3f6872b0,3f800000,1000,3f800000,1000,134749,128
939,c0136263,be3ef694,41159c0f,3f441893,00000000,0,00000000,0,136207,129
940,3e0d1633,3f86daba,befed289,3f62d0e5,3f800000,1000,3f800000,1000,135624,128
941,3fb87b35,3f63bb30,40d58e22,3dc08312,3f800000,1000,3f800000,1000,137666,131
942,3fb0b978,3f096a16,bf874539,3b83126f,3f800000,1000,3f800000,1000,135916,128
943,3fcedbb6,3fa9fbe7,bf7f7cee,3f47ae14,3f800000,1000,3f800000,1000,137082,130
944,3fe553ce,3f0ae2eb,41095b57,3f4bc6a8,3f800000,1000,3f800000,1000,136207,129
945,3eb0b0f2,3db9ad43,3e9e1b09,3f3d70a4,3f119289,569,3f11a000,569,137665,130
946,3f88ba1f,3e030f28,c08464c3,3de147ae,3f800000,1000,3f800000,1000,136499,129
947,bf9a8b6e,3ead4e3c,bfbd013b,3f249ba6,3d510be0,51,3d518000,51,135624,128
948,bf9ed331,3ec5096c,409efaad,3f0b020c,00000000,0,00000000,0,136208,129
949,c0085c14,3e090ff9,3c03126f,3f7df3b6,00000000,0,00000000,0,137666,130
950,3e55bff0,bebb851f,bfed8adb,3f14fdf4,3f2f00ce,684,3f2f0000,684,137082,130
951,3f892791,3e547454,401d6873,3e656042,3f800000,1000,3f800000,1000,136790,130
952,3feaacda,3f887660,c105d8ae,3f476c8b,3f800000,1000,3f800000,1000,137957,130
953,4009b424,3f521206,411f4745,3ee56042,3f800000,1000,3f800000,1000,136790,129
954,bf98ba1f,be5f62b7,3d67d567,3cc49ba6,00000000,0,00000000,0,164499,157
955,3f2c7a3a,3fc1013b,40e8425b,3eda9fbe,3f7d3a29,989,3f7d2000,989,140582,133
956,40256042,3fb42196,c0200000,3f26a7f0,3f800000,1000,3f800000,1000,137957,131
957,bf27fe09,bf049e1b,40570553,3e4ed917,00000000,0,00000000,0,135332,129
958,3fc82214,3f8df213,c007295f,3f30e560,3f800000,1000,3f800000,1000,136499,129
959,bf5b9778,3eb49a02,3dcb5dcc,3e808312,00000000,0,00000000,0,136208,130
960,4042fa83,3fc17f63,c092fec5,3ec72b02,3f800000,1000,3f800000,1000,135915,129
961,3fe2a066,3fa87dbf,c09ee076,3f733333,3f800000,1000,3f800000,1000,137082,130
962,bf7c2f83,3dea8588,c11fc433,3e54fdf4,3f800000,1000,3f800000,1000,138248,131
963,bee070b9,3f8dd7dc,40c1b646,3e0f5c29,00000000,0,00000000,0,140874,133
964,404bf045,3fb6a3d7,40b1182b,3f3fbe77,3f800000,1000,3f800000,1000,138248,130
965,3fea44a6,3f8c0be1,c11c652c,3f445a1d,3f800000,1000,3f800000,1000,136499,131
966,405c31cf,3fc1240b,c05bda51,3f245a1d,3f800000,1000,3f800000,1000,137957,130
967,3f7c49ba,3e8c1f21,c045bf48,3e90e560,3f800000,1000,3f800000,1000,136207,129
968,3e96d091,3fc23bcd,40876388,3f55c28f,3f800000,1000,3f800000,1000,136207,129
969,3f3a79bc,3eb5bc02,40265fd9,3eeb020c,3f5d478a,864,3f5d4000,864,136499,129
970,bf377af6,3ee5f06f,c0caa7f0,3f4bc6a8,3f800000,1000,3f800000,1000,136499,129
971,bfdf3e03,bf0a17c2,40ad9f56,3d6978d5,00000000,0,00000000,0,136498,129
972,40214079,3f87bfb1,400051ec,3f48b439,3f800000,1000,3f800000,1000,136207,129
973,3e8bb44e,3fa063f1,c0158937,3ec49ba6,3f800000,1000,3f800000,1000,137082,130
974,bf9970f8,bf298fc5,408b5183,3f70e560,00000000,0,00000000,0,136791,129
975,bf44e7ab,3f72cd9f,c0f0a234,3f1d70a4,3f800000,1000,3f800000,1000,136791,130
976,40134246,3fa9acda,40ddfd8b,3f7851ec,3f800000,1000,3f800000,1000,136499,130
977,bfb66f93,3e5037b5,c0f26cf4,3ebef9db,3f642cbe,891,3f644000,892,137082,130
978,bf0cb685,bec0154d,40aa1893,3deb851f,00000000,0,00000000,0,144373,137
979,bfe458cd,bf143c9f,c0fad5d0,3e3b645a,3f0ea91e,557,3f0ec000,558,138832,131
980,3f990c0b,3fc3bda5,408b0cb3,3e53f7cf,3f800000,1000,3f800000,1000,138248,131
981,bea6002a,3e48a3d7,40c96c8b,3ea1cac1,00000000,0,00000000,0,136207,129
982,bfc2a10e,be45f6fd,404e4dd3,3e428f5c,00000000,0,00000000,0,137082,130
983,3f147c31,3f9a64c3,41016042,3f26e979,3ef04b7d,469,3eefe000,469,137082,130
984,c0081798,bea781d8,40f60903,3f2ccccd,00000000,0,00000000,0,135916,129
985,bff811b2,bd2ce704,401b74bc,3f3f7cee,00000000,0,00000000,0,135915,129
986,4016186a,3f7237b5,c0e8e076,3e5a1cac,3f800000,1000,3f800000,1000,137957,130
987,bdf60bf6,bf2dced9,bfc23d71,3e818937,3e844a63,258,3e846000,259,136499,129
988,bfa66eeb,3e758106,bdc46738,3f610625,00000000,0,00000000,0,135916,129
989,3c14c448,bf39a6b5,40817e91,3f204189,00000000,0,00000000,0,136790,130
990,3f2ccccd,3f15bda5,c0f4ca58,3e418937,3f800000,1000,3f800000,1000,136791,129
991,bf6631f9,3d122d0e,becb295f,3f07ae14,00000000,0,00000000,0,137082,129
992,3f8a4b34,3f595e9e,411ba993,3eac0831,3ef13875,471,3ef0c000,470,137374,130
993,3e916873,bdd56042,bef923a3,3f522d0e,3f0f1349,559,3f0f0000,559,136499,130
994,c00326c0,3dde5c92,c11fa305,3ea8f5c3,3f6c08f2,922,3f6c4000,923,135916,129
995,bfaca383,3dbfe5c9,c0e3cc64,3f600000,3f4c7fde,799,3f4c8000,799,137374,130
996,3f7d249e,3daf9724,40be4c30,3f47ef9e,3ec7d989,390,3ec7a000,390,137957,131
997,3e6291fb,3fb5e560,bfab020c,3ed4fdf4,3f800000,1000,3f800000,1000,135916,129
998,401d6ead,3fa63f7d,c0cedd2f,3f3126e9,3f800000,1000,3f800000,1000,134457,127
999,402e22e6,3fb36a7f,c11fc5d6,3f608312,3f800000,1000,3f800000,1000,138832,131
1000,bfd0ef35,3ee50e56,3f4cd9e8,3f1ae148,00000000,0,00000000,0,137082,130
1001,bfe0c5eb,bede5fd9,405365fe,3c343958,00000000,0,00000000,0,135915,129
1002,c004fda0,bef84817,4048ed91,3d3020c5,00000000,0,00000000,0,139999,133
1003,bde5a9a8,3ea5a6b5,3df80347,3b83126f,3e6f532f,234,3e6f4000,234,138248,131
1004,c02149f9,bdf346dc,c0d3295f,3e9ba5e3,00000000,0,00000000,0,137082,130
1005,3fcea897,3fa826e9,40a65a1d,3f174bc7,3f800000,1000,3f800000,1000,136498,129
1006,be62fad7,3f9c9e1b,c0a18a09,3ed0e560,3f800000,1000,3f800000,1000,135915,129
1007,bf0c2ce4,bd925461,c0db10cb,3edc28f6,3f800000,1000,3f800000,1000,136791,130
1008,c02b5350,bf15d2f2,bfb83127,3f0a3d71,00000000,0,00000000,0,135041,128
1009,bfea84e0,bedf295f,40fa4745,3f47ae14,00000000,0,00000000,0,136498,129
1010,3fa3daf9,3f8ad97f,c0997a78,3e88b439,3f800000,1000,3f800000,1000,137665,130
1011,3f24e8fb,3fb29a6b,bedf212d,3ef1a9fc,3f800000,1000,3f800000,1000,136208,129
1012,bf3cec42,bf30b6ae,c0c1aee6,3f39999a,3f501f54,813,3f502000,813,137665,130
1013,c033f877,be2fc84b,40f5d14e,3ef33333,00000000,0,00000000,0,137082,129
1014,40229b7c,3fcbc433,c0e5e83e,3f1fbe77,3f800000,1000,3f800000,1000,137082,131
1015,bf9dbdf9,bdcc2f83,4038068e,3d1fbe77,00000000,0,00000000,0,136791,129
1016,c023a051,be995183,be7fcb92,3f347ae1,00000000,0,00000000,0,136790,129
1017,c00160e9,be9d844d,c0b33c36,3ba3d70a,3c92ddd3,18,3c964000,18,135915,129
1018,bfc9a954,bf0a56d6,c0270d84,3eb2b021,00000000,0,00000000,0,136499,129
1019,3dedbb5a,be25e00d,40463bcd,3ee978d5,00000000,0,00000000,0,138832,132
1020,3f99f751,3fa64f76,40f052bd,3f158106,3f800000,1000,3f800000,1000,136791,129
1021,3f5ea897,3fc3cb29,4037c84b,3f74bc6a,3f800000,1000,3f800000,1000,136207,129
1022,3e5815a0,3f4714e4,40897660,3eaf1aa0,3e82a912,255,3e828000,255,137083,129
1023,3fb495c0,3f89d8ae,c0a9020c,3f2a3d71,3f800000,1000,3f800000,1000,137957,131
1024,3e1e3001,3fbdd7dc,3fede9e2,3e9e353f,3f800000,1000,3f800000,1000,136499,129
1025,3ffb7fe1,3f995c92,40fdbe77,3ebd70a4,3f800000,1000,3f800000,1000,137665,130
1026,3f804b5e,3ed08b44,3fe9a027,3deb851f,3f800000,1000,3f800000,1000,174123,166
1027,3ec49e45,be89f06f,40cbde6a,3ec6a7f0,00000000,0,00000000,0,140874,133
1028,3f213a93,bdf18fc5,3e3c1bda,3f54bc6a,3f6386b2,889,3f638000,889,137957,131
1029,becb09ea,3f1ec49c,c05fa92a,3e4ac083,3f800000,1000,3f800000,1000,137374,130
1030,3ee35159,3fc6d70a,3cbe0ded,3ec28f5c,3f800000,1000,3f800000,1000,137082,129
1031,bf6b87be,3f806320,4087bb30,3ec10625,00000000,0,00000000,0,136499,130
1032,401845cc,3f903a2a,c1160be1,3e560419,3f800000,1000,3f800000,1000,135916,129
1033,c0158bd6,bf3f4952,401245a2,3f3cac08,00000000,0,00000000,0,137957,131
1034,3f7516db,3d31d14e,410ae48f,3f1645a2,00000000,0,00000000,0,137957,131
1035,bfc0b4e1,3f0fcac1,403e88ce,3d48b439,00000000,0,00000000,0,135041,127
1036,c01d47ae,bf0a57a8,3f63c9ef,3f09ba5e,00000000,0,00000000,0,138832,132
1037,c0300cc8,beea3f14,40e17c1c,3e9fbe77,00000000,0,00000000,0,142040,135
1038,4003ddec,3fcb9c0f,40c542c4,3e8b4396,3f800000,1000,3f800000,1000,139416,132
1039,c001ea89,be3404ea,40517c1c,3eb74bc7,00000000,0,00000000,0,139415,132
1040,be996d09,3eb310cb,40e38866,3e158106,00000000,0,00000000,0,138541,132
1041,bfa3de40,3e9cbc6a,bfad119d,3f20c49c,00000000,0,00000000,0,136207,129
1042,3da66128,3f8ff2e5,bf6b4396,3f3db22d,3f800000,1000,3f800000,1000,136499,130
1043,c008f56f,bf07367a,40d0d1b7,3f73b646,00000000,0,00000000,0,135332,128
1044,bff3ecab,3ed7381d,c11dcccd,3ed9999a,3f800000,1000,3f800000,1000,136499,129
1045,3f983127,3c205bc0,40eb61e5,3d851eb8,3e839338,257,3e83a000,257,136790,130
1046,bfbc562e,3ea379a7,40162d0e,3e03126f,00000000,0,00000000,0,138540,132
1047,bf975ec8,3e1e075f,bdb2ca58,3f66a7f0,00000000,0,00000000,0,137374,131
1048,c00f573f,bf119c0f,c046f1aa,3f639581,00000000,0,00000000,0,138540,131
1049,c005d591,bc9844d0,c0ecf4f1,3f024dd3,3eb76641,358,3eb78000,358,139707,129
1050,4043328b,3f9639c1,400c624e,3f3fbe77,3f800000,1000,3f800000,1000,138249,130
1051,3f28c3f4,3f826b51,c115b6ae,3f5be76d,3f800000,1000,3f800000,1000,135916,129
1052,c06a85db,bf3a51ec,c0546c22,3e73b646,00000000,0,00000000,0,136790,131
1053,c00b0c89,3e2a88ce,c01973eb,3f49fbe7,00000000,0,00000000,0,136790,129
1054,c00be964,bf0aab36,bc6075f7,3c656042,00000000,0,00000000,0,136207,129
1055,c0100f13,3e5d2546,40f63958,3f49fbe7,00000000,0,00000000,0,138248,130
1056,c01a1523,bf1ce2eb,c091999a,3f358106,00000000,0,00000000,0,136498,130
1057,bfcee43b,3e28ef35,40e0710d,3f0147ae,00000000,0,00000000,0,136498,129
1058,c006d57c,be05460b,bf832ca5,3e85a1cb,00000000,0,00000000,0,136790,129
1059,3ee5f06f,3ef9374c,c07c0347,3e87ae14,3f800000,1000,3f800000,1000,137374,130
1060,be1187e8,3ea30d84,bf4f559b,3f7d70a4,3ef5eee5,480,3ef5e000,480,136207,129
1061,bf08b6d8,bea8d845,40ddec57,3ef1a9fc,00000000,0,00000000,0,136498,130
1062,bfa2b170,3d3404ea,c0482f83,3f126e98,3d3546dd,44,3d342000,44,137374,131
1063,3f3d590c,3f1135a8,c10fe910,3f0978d5,3f800000,1000,3f800000,1000,137665,131
1064,bfb6da66,bef12bd4,c0298c7e,3f2b020c,00000000,0,00000000,0,137957,131
1065,bfa7ebaf,bf206738,409362b7,3e24dd2f,00000000,0,00000000,0,137374,131
1066,3ff4dfce,3f75a858,c0dfbc02,3f7b645a,3f800000,1000,3f800000,1000,137665,131
1067,3f58b2ea,3ee34396,c0b42c3d,3c75c28f,3f800000,1000,3f800000,1000,137082,130
1068,3e796d09,3fcdb22d,40c80d1b,3e47ae14,3f2d5ac0,677,3f2d6000,677,137665,130
1069,bff7861a,bf23f3b6,c0315cfb,3f683127,00000000,0,00000000,0,137082,130
1070,bf6f5ad9,3ec5b08a,c0d2a4a9,3f476c8b,3f800000,1000,3f800000,1000,139415,131
1071,c00fb83d,be3c1f21,40a2c2f8,3e1a9fbe,00000000,0,00000000,0,137957,130
1072,bf3cbfb1,3dd4b5dd,40e26738,3f11eb85,00000000,0,00000000,0,137665,131
1073,bec5d399,bdf86c22,c093cc64,3f160419,3f377ea3,717,3f378000,717,147582,141
1074,3f8c4a62,3f698106,410d42c4,3dba5e35,3f2f870d,686,3f2f4000,685,140582,133
1075,3f258a33,3f96a8c1,c1040000,3f5374bc,3f800000,1000,3f800000,1000,138249,131
1076,bf5d7492,bee7bb30,40b1089a,3f47ae14,00000000,0,00000000,0,137957,131
1077,bead20b0,bf27eecc,40982de0,3ee45a1d,00000000,0,00000000,0,137374,130
1078,bf521ab5,3f628ce7,c0ead9e8,3f11a9fc,3f800000,1000,3f800000,1000,137082,130
1079,3bcb295f,3f9b9653,c07e2196,3ebc6a7f,3f800000,1000,3f800000,1000,137082,129
1080,3f15d4e9,beb0e219,c0ccb9f5,3f208312,3f800000,1000,3f800000,1000,137374,130
1081,3f1c8605,3ee68db9,40efd2f2,3e9d2f1b,00000000,0,00000000,0,134457,127
1082,bf9d729b,3ecaf838,408ddd98,3f1645a2,00000000,0,00000000,0,136207,129
1083,3f6471b4,3f63e9e2,3fbf62b7,3f676c8b,3f800000,1000,3f800000,1000,135040,128
1084,3f0725c4,3f493dd9,c0ac4ea5,3e2f1aa0,3f800000,1000,3f800000,1000,135624,128
1085,3fb9eecc,3f6a0d1b,40f5b4a2,3ef7ced9,3f800000,1000,3f800000,1000,137666,130
1086,400d45b7,3fba76c9,408069ad,3d916873,3f800000,1000,3f800000,1000,137082,130
1087,402cb72c,3fb99c0f,40c656d6,3ed47ae1,3f800000,1000,3f800000,1000,136499,130
1088,bfae8145,bd028241,c1196e98,3ea1cac1,3f800000,1000,3f800000,1000,137957,130
1089,3f0930be,3fb7f3b6,c0ead917,3f0353f8,3f800000,1000,3f800000,1000,136791,130
1090,c01c2e34,be8a12d7,bf9d21ff,3e395810,00000000,0,00000000,0,136790,130
1091,bfe29f17,3ea50ff9,c045844d,3e3f7cee,00000000,0,00000000,0,136791,130
1092,3dec4c59,3f76c7e3,c08d5b57,3f1645a2,3f800000,1000,3f800000,1000,135624,129
1093,bf33b4f6,bee671de,407e6320,3ee872b0,00000000,0,00000000,0,137665,130
1094,400f4539,3fc45461,c0bd182b,3e072b02,3f800000,1000,3f800000,1000,137374,130
1095,bed2641b,bf1793de,c001b22d,3f218937,3e783a56,242,3e788000,243,136791,129
1096,bed9f55a,3f87cccd,3f64d6a1,3ec3126f,3f23a212,639,3f238000,639,137666,130
1097,3ec3fbbd,bec2ee63,c0405bc0,3eab020c,3f800000,1000,3f800000,1000,158665,152
1098,400ecf96,3f8fb6ae,bf9484b6,3f4872b0,3f800000,1000,3f800000,1000,137665,130
1099,bf87c84b,3ee04674,bfca1965,3eb0a3d7,3e4f658a,203,3e4f8000,203,137082,130
1100,beefd9fd,3f923a2a,40bb2fec,3f7cac08,00000000,0,00000000,0,135915,128
1101,beb3f530,bf10a3d7,408b2ca5,3eb43958,00000000,0,00000000,0,136499,129
1102,bd730e80,3e8706f7,c0fb999a,3e3126e9,3f800000,1000,3f800000,1000,136499,129
1103,40060e41,3fbaf8a1,3f57bb30,3f343958,3f800000,1000,3f800000,1000,135916,129
1104,c030a2db,bf3b758e,c0e1c361,3f54bc6a,00000000,0,00000000,0,137082,130
1105,3ca3d70a,3ed4710d,c0c2af4f,3f7126e9,3f800000,1000,3f800000,1000,136790,130
1106,c009b76b,bf208e8a,405ac3ca,3e828f5c,00000000,0,00000000,0,136790,129
1107,3f64a8c1,be15ab9f,c08c5d64,3f0978d5,3f800000,1000,3f800000,1000,141457,134
1108,becc17ec,3f718bac,c10ec5d6,3df1a9fc,3f800000,1000,3f800000,1000,137374,130
1109,be4acaff,3fa024dd,c016703b,3f1851ec,3f800000,1000,3f800000,1000,136790,130
1110,4008a3d7,3f7e6666,c0c77247,3e439581,3f800000,1000,3f800000,1000,135915,129
1111,bfef71c9,bd33a92a,c0d0d42c,3f74bc6a,3eb5b9a6,355,3eb5e000,355,135916,129
1112,bf453650,3f760aa6,c0ced35b,3ea3d70a,3f800000,1000,3f800000,1000,141457,135
1113,400602c9,3f7d62b7,c0a044d0,3f6d4fdf,3f800000,1000,3f800000,1000,138249,131
1114,4000ed3e,3f2bb717,c0159b3d,3f4ccccd,3f800000,1000,3f800000,1000,137665,130
1115,3ed25700,be15c28f,be64dd2f,3ed3f7cf,3f22bcf8,636,3f22c000,636,136208,129
1116,be42d384,3f17fa44,c0f7b8bb,3ef2b021,3f800000,1000,3f800000,1000,137374,131
1117,bec16723,be06594b,c06dbf48,3f239581,3f104e40,564,3f106000,564,136791,129
1118,bebb866e,be8b6944,c031f06f,3e0e5604,3eb3d3a3,351,3eb40000,352,135624,128
1119,3f27a8d6,3fcae5c9,40e1f141,3f2d4fdf,3f800000,1000,3f800000,1000,137374,130
1120,3f37913f,3fc1075f,c119b0f2,3f456042,3f800000,1000,3f800000,1000,137665,130
1121,3e5172ef,3cb93dd9,40c5e282,3d7df3b6,00000000,0,00000000,0,143499,136
1122,3f9da5b9,3fa505bc,c0a75c29,3e449ba6,3f800000,1000,3f800000,1000,135624,128
1123,3f1a2728,beb8cb29,40788b44,3eb74bc7,3e0eed82,140,3e0e8000,139,136790,129
1124,401413a9,3fa0a0f9,40b72d77,3dc08312,3f800000,1000,3f800000,1000,137957,130
1125,400b4b73,3f9e7660,c07166cf,3f00c49c,3f800000,1000,3f800000,1000,135915,129
1126,3f81f01c,3fb5a8c1,c0ef3eab,3f3020c5,3f800000,1000,3f800000,1000,137082,130
1127,401988e3,3fa95fd9,c0e60275,3f266666,3f800000,1000,3f800000,1000,136207,129
1128,bf604ab6,bf2dd2f2,409cf9db,3ebced91,00000000,0,00000000,0,138541,131
1129,bfba8976,be3db22d,3f439581,3f0b020c,00000000,0,00000000,0,137374,130
1130,bf0d2f1b,bef353f8,be8b367a,3e28f5c3,00000000,0,00000000,0,135624,129
1131,beb3721d,3f611f8a,c11e9100,3f5cac08,3f800000,1000,3f800000,1000,136499,129
1132,3ea90abb,bd6793de,c07d013b,3ec41893,3f800000,1000,3f800000,1000,135041,128
1133,3f95590c,3f1d645a,c1068106,3e7be76d,3f800000,1000,3f800000,1000,135040,127
1134,3ff3d3c3,3f95d70a,c0f5566d,3ea45a1d,3f800000,1000,3f800000,1000,135915,129
1135,bf6b8a5d,bf3ecbfb,c0e6ab36,3f449ba6,3f6f2c74,934,3f6f4000,935,135332,129
1136,4031faec,3f80c711,403d3261,3ea872b0,3f800000,1000,3f800000,1000,137374,130
1137,beb81301,bf22c3ca,3f7b98c8,3f7ba5e3,00000000,0,00000000,0,135041,128
1138,bf1eb463,3e7e8a72,3e18793e,3ed0624e,00000000,0,00000000,0,136498,130
1139,3fc90236,3f056944,40f502de,3f68b439,3f800000,1000,3f800000,1000,138248,131
1140,c029b574,bf127efa,4108d495,3e1a9fbe,00000000,0,00000000,0,136207,129
1141,c0481451,bf0c432d,3d706f69,3f3a9fbe,00000000,0,00000000,0,136207,129
1142,3f6b645a,3f39b7e9,3f8bc9ef,3f5c6a7f,3f800000,1000,3f800000,1000,136499,130
1143,3e2dfa44,3e767d56,bdaf1aa0,3ed47ae1,3f03afcc,514,3f03a000,514,136499,129
1144,bf75475a,bf2cfdf4,c10d0c4a,3f7d2f1b,3f800000,1000,3f800000,1000,137957,131
1145,3fb5dd6e,3fadd07d,3fe896bc,3f4c0831,3f800000,1000,3f800000,1000,141457,135
1146,bf5e368f,3f7d0e56,40932618,3f0fdf3b,00000000,0,00000000,0,138832,132
1147,400bdbf5,3f2f9581,c10b8241,3e5a1cac,3f800000,1000,3f800000,1000,141165,134
1148,bef0e022,3f238ef3,c04c2f83,3f5b645a,3f800000,1000,3f800000,1000,136207,129
1149,be8302b4,3f153eab,c0ff2474,3f1cac08,3f800000,1000,3f800000,1000,136790,129
1150,403bdc48,3fc56e2f,4119d8ae,3da9fbe7,3f800000,1000,3f800000,1000,137957,131
1151,bfc0ae53,be4ab6ae,40578034,3f34fdf4,00000000,0,00000000,0,136208,129
1152,c0225604,bca2680a,411e42c4,3ef22d0e,00000000,0,00000000,0,136207,128
1153,3f129739,3edbe910,bff86f69,3f526e98,3f800000,1000,3f800000,1000,137665,130
1154,4036e0f4,3f94eb1c,40889100,3f59999a,3f800000,1000,3f800000,1000,137374,130
1155,bea9b520,3f9b50b1,40d05f07,3f19db23,00000000,0,00000000,0,136498,129
1156,3f01e8e6,3f31a29c,40bf4c98,3f578d50,3e9fead7,312,3e9fa000,312,135623,129
1157,3dc6002a,3f83c77a,c0f6710d,3f18d4fe,3f800000,1000,3f800000,1000,135624,128
1158,3e4764ae,be1d66cf,40f31aa0,3f391687,00000000,0,00000000,0,136207,129
1159,3fb042d9,3f7174bc,c0f4b368,3ef9db23,3f800000,1000,3f800000,1000,137666,130
1160,bfb8cc79,be5eb50b,bfc570a4,3ed374bc,00000000,0,00000000,0,137665,130
1161,bd7bd274,be906f69,3f79374c,3ee978d5,00000000,0,00000000,0,135041,129
1162,bfc185f0,be955326,bfcdf3b6,3ee45a1d,00000000,0,00000000,0,137666,130
1163,bfb84381,be5271de,408aab36,3f44dd2f,00000000,0,00000000,0,136207,129
1164,3e33c0c2,bde5aee6,408158e2,3eab020c,00000000,0,00000000,0,136207,129
1165,bfbd1d69,bf3d53f8,c0e088ce,3f72b021,3f239a7b,639,3f23a000,639,137082,129
1166,bf8c024b,3f60c2f8,c0a4d6a1,3db22d0e,3f800000,1000,3f800000,1000,136791,130
1167,bf01b329,befddcc6,404baace,3f5b645a,00000000,0,00000000,0,134749,128
1168,3fd9f6a9,3f946944,401bcd36,3eee978d,3f800000,1000,3f800000,1000,137957,130
1169,3fc6a551,3f9e075f,3fd1f55a,3f7f3b64,3f800000,1000,3f800000,1000,158957,151
1170,bf2dae3e,bd2f9db2,40e50069,3ef74bc7,00000000,0,00000000,0,139415,131
1171,40184da9,3fa2cbfb,40359168,3ec41893,3f800000,1000,3f800000,1000,137957,131
1172,3f8cbc6a,3fc7daba,c0b5bda5,3eb33333,3f800000,1000,3f800000,1000,138540,132
1173,bfe91b1e,be442c3d,3f164c30,3f1645a2,00000000,0,00000000,0,137082,130
1174,3f2b3e57,3e23c01a,c11f03b0,3f52b021,3f800000,1000,3f800000,1000,137666,130
1175,3fbfcf81,3fa00481,c0fa3055,3e851eb8,3f800000,1000,3f800000,1000,139999,132
1176,3f92a844,3e1a9931,3f848e8a,3ed374bc,3f800000,1000,3f800000,1000,137957,131
1177,4005ff2e,3fb0872b,407765fe,3ee353f8,3f800000,1000,3f800000,1000,136499,130
1178,bfaedd05,3e55c5d6,40feadac,3edba5e3,00000000,0,00000000,0,137082,130
1179,4000b6d8,3fb4e48f,c0a93405,3eb9db23,3f800000,1000,3f800000,1000,135916,128
1180,3f6ad18d,3eb758e2,c11f37b5,3ced9168,3f800000,1000,3f800000,1000,136498,130
1181,3f61f601,3fc38fc5,40606f69,00000000,3f800000,1000,3f800000,1000,136790,130
1182,c00b4cc2,be57c1be,40eec8b4,3f44dd2f,00000000,0,00000000,0,137082,130
1183,bf195810,3dc8ce70,40d0fec5,3e839581,00000000,0,00000000,0,136207,129
1184,3fdbf338,3f4aa305,c0ee3afb,3e50e560,3f800000,1000,3f800000,1000,137082,130
1185,3f82f6e8,3e31c0ec,41199724,3d9fbe77,00000000,0,00000000,0,137083,130
1186,beb0bb6f,3f054a23,3f518fc5,3ea7ef9e,3e4e4b10,201,3e4e0000,201,136499,130
1187,400cc250,3f3268dc,c0b52ca5,3eb74bc7,3f800000,1000,3f800000,1000,140874,134
1188,bec255b0,3f9ccac1,4062bd3c,3f09fbe7,3eb29dc0,349,3eb24000,348,137374,130
1189,bd841893,be2703b0,c094154d,3f36c8b4,3f6461d9,892,3f648000,893,135623,128
1190,3f66ae7d,3fc18e8a,41151c43,3ef74bc7,3f6c55ca,923,3f6be000,921,137082,129
1191,bf018d26,be9e3f14,40886cf4,3e8e5604,00000000,0,00000000,0,135624,129
1192,bf809b52,3f183f14,c07d73eb,3f69fbe7,3f5b6b62,857,3f5b8000,857,137082,130
1193,3ef19503,3fc39a6b,411c573f,3f7b22d1,3eb22c22,348,3eb1c000,347,142040,134
1194,3f2fb3fa,3f195b57,c01d0ff9,3ed6872b,3f800000,1000,3f800000,1000,135623,128
1195,bf6ec17f,bd2425af,c078ef35,3e03126f,3e8880d9,267,3e888000,267,136207,129
1196,3e9861a6,3ed2de01,c106240b,3e9f3b64,3f800000,1000,3f800000,1000,137374,130
1197,401feda6,3f846320,c104bb30,3d591687,3f800000,1000,3f800000,1000,137082,130
1198,bdf46888,beefa440,c09c7525,3f37ced9,3f698634,912,3f69a000,913,137665,130
1199,402df30e,3fba6ae8,40a32fec,3f391687,3f800000,1000,3f800000,1000,137083,130
1200,bf407dd4,3ee7089a,c09eecc0,3e85a1cb,3f785f69,970,3f786000,970,137082,130
1201,3fab2d4d,3f955c29,4100978d,3d03126f,3f800000,1000,3f800000,1000,136499,129
1202,bf6290ac,be09e4f7,40e50cb3,3d1ba5e3,00000000,0,00000000,0,136791,129
1203,bf8c408e,3e07b7e9,c078c49c,3f48b439,3ebd2cfa,369,3ebd4000,370,137082,130
1204,c0475ec8,beb051ec,3f7fec57,3d343958,00000000,0,00000000,0,136207,129
1205,bf4e50c6,3f6c7fcc,c03fd70a,3f445a1d,3f800000,1000,3f800000,1000,136207,129
1206,bf797636,bf0e8588,c0797247,3f716873,3ea8433e,329,3ea86000,329,136790,129
1207,c005b963,bd9dab9f,c003ac71,3e78d4fe,00000000,0,00000000,0,136790,130
1208,bf1dd053,bf15dd98,3fa9bda5,3f7eb852,00000000,0,00000000,0,138249,131
1209,bf044d01,3f4fba5e,c03df6fd,3f6b020c,3f800000,1000,3f800000,1000,136207,129
1210,bfd005e6,bebc63f1,c083e282,3eac8b44,00000000,0,00000000,0,137666,130
1211,bf70e172,bd901a37,c0844ea5,3ee56042,3ead577c,339,3ead4000,338,136499,129
1212,3f9860fe,3fc8020c,41056fd2,3da9fbe7,3f800000,1000,3f800000,1000,136499,129
1213,4021bbae,3fafcb92,bf2bda51,3f4872b0,3f800000,1000,3f800000,1000,136207,129
1214,c0229fbe,bf11b08a,c094cb29,3ee1cac1,00000000,0,00000000,0,139707,133
1215,bf54acb0,bf27930c,411a3261,3e6353f8,00000000,0,00000000,0,136207,129
1216,befa1cac,bdad1b71,bfda5461,3f7c28f6,3e39a06c,181,3e39c000,181,136207,129
1217,3f706e1a,3fb1a6b5,40078034,3df5c28f,3f800000,1000,3f800000,1000,140874,134
1218,3f45ac47,3f2954ca,3fdc779a,3f10624e,3f800000,1000,3f800000,1000,137957,130
1219,bcb78034,3f4cc227,40f7ac71,3ee7ef9e,00000000,0,00000000,0,137082,130
1220,c033ebaf,be20cb29,4115d14e,3f2872b0,00000000,0,00000000,0,136790,130
1221,3f97505d,3f8a44d0,c0be4f76,3ee6e979,3f800000,1000,3f800000,1000,136790,130
1222,c041805e,befdc77a,407cfdf4,3e5b22d1,00000000,0,00000000,0,137374,130
1223,bd89ca19,bf3eb368,c11354ca,3f45e354,3f800000,1000,3f800000,1000,136499,129
1224,bfe7c45d,3e7460aa,c0fb7319,3f641893,3f553c25,833,3f556000,833,136790,130
1225,bf149cf5,3ea3c84b,c0176ae8,3f48f5c3,3f05a1d8,522,3f05a000,522,137374,129
1226,bc08a47f,3f982752,40aa809d,3ecd4fdf,3e2aaf36,167,3e2a0000,166,138541,132
1227,c0642d38,bf2a0275,c0a13f7d,3f439581,00000000,0,00000000,0,137665,131
1228,4008e076,3f8ad014,411b6e98,3cc49ba6,3f800000,1000,3f800000,1000,139124,132
1229,c03bc06e,be5703b0,c068f27c,3f0ac083,00000000,0,00000000,0,139124,133
1230,bfd2efb3,bef53dd9,4108b9f5,3eea7efa,00000000,0,00000000,0,137373,130
1231,c04a0e95,beea64c3,4091404f,3f6147ae,00000000,0,00000000,0,136498,129
1232,3ee4ab60,beec5a1d,411d36e3,3efdf3b6,00000000,0,00000000,0,136498,129
1233,40124c30,3f9d2618,c1159b3d,3f7f7cee,3f800000,1000,3f800000,1000,137373,130
1234,bc1f9485,3fa30903,c0c96388,3e7df3b6,3f800000,1000,3f800000,1000,137957,131
1235,c00c4135,be818106,c03e680a,3f6f1aa0,00000000,0,00000000,0,136499,130
1236,3fac60aa,3ef1205c,beee7d56,3ea66666,3f800000,1000,3f800000,1000,137957,131
1237,404d5a5c,3faaf6fd,410be910,3e7be76d,3f800000,1000,3f800000,1000,139416,133
1238,3f69c38b,3f76c986,3d706f69,3eee978d,3f800000,1000,3f800000,1000,137082,129
1239,3ecd8c2a,3e42d0e5,bf0dab9f,3e841893,3f56aa3a,839,3f56a000,838,137082,130
1240,bf9b7f39,3e169ad4,c02793de,3ebe76c9,3d5b02d7,53,3d5c2000,54,138248,130
1241,c047c600,bf054e3c,c032872b,3f0147ae,00000000,0,00000000,0,201831,194
1242,bf20abb4,3efc28f6,c06068dc,3f578d50,3f5d6304,865,3f5d6000,865,137957,131
1243,3f216f00,3fc27cee,bf91a6b5,3f07ae14,3f800000,1000,3f800000,1000,135915,129
1244,40003e42,3fc19e84,c0d12fec,3eb22d0e,3f800000,1000,3f800000,1000,137665,130
1245,3ef20afa,3f8c9a02,402b6ae8,3ea24dd3,3f800000,1000,3f800000,1000,137665,130
1246,bf70c0ad,3ed420c5,c0bc04ea,3f774bc7,3f800000,1000,3f800000,1000,137083,130
1247,3f4523f6,3fb44f76,40832ca5,3eb53f7d,3f800000,1000,3f800000,1000,136499,130
1248,be6238da,3ec49375,c113ce07,3e5b22d1,3f800000,1000,3f800000,1000,137082,130
1249,be42aed1,3fba4d6a,c107e219,3e70a3d7,3f800000,1000,3f800000,1000,136207,129
1250,be889763,3f13e00d,3f0844d0,3f3b645a,3ec48a92,384,3ec48000,384,136207,129
1251,3dbd70a4,bee70be1,c06f9c0f,3f358106,3f6292c5,885,3f62a000,885,135915,128
1252,40104d01,3f6ef34d,c07c5a1d,3e16872b,3f800000,1000,3f800000,1000,136207,129
1253,bf4af252,3f6bfe5d,401722d1,3e2b020c,3d37f8c8,45,3d36e000,45,138249,131
1254,3f941fc9,3f838a72,c1154539,3ecd4fdf,3f800000,1000,3f800000,1000,135915,129
1255,4004e3bd,3f9005bc,c0b9fbe7,3f5db22d,3f800000,1000,3f800000,1000,137082,129
1256,c02f381d,bf31ef9e,40a00831,3f3eb852,00000000,0,00000000,0,137374,130
1257,bd117d6b,3f19e76d,3ee9e1b1,3f0978d5,3f03c8ee,515,3f03c000,515,135041,129
1258,3fa9f6a9,3eac3fe6,408e91d1,3e3e76c9,3f800000,1000,3f800000,1000,135623,129
1259,3fef689d,3f54ebee,c08503b0,3efef9db,3f800000,1000,3f800000,1000,135915,129
1260,404170f8,3fa34880,c110bf48,3f4dd2f2,3f800000,1000,3f800000,1000,135915,129
1261,3f520d99,3fa951ec,3f78f5c3,3ec83127,3f800000,1000,3f800000,1000,139999,133
1262,bf0b2181,3f6ccb29,c116bc02,3e3126e9,3f800000,1000,3f800000,1000,141748,135
1263,3d1f01b8,3a9a0275,3b6bedfa,3eeb851f,3def5c6c,117,3def4000,117,137373,130
1264,403c3516,3fcaf488,c083be77,3f122d0e,3f800000,1000,3f800000,1000,141457,134
1265,be008851,3f9eeb85,c1135879,3f0f5c29,3f800000,1000,3f800000,1000,137373,130
1266,bf1f67f5,3f19999a,408347ae,3d449ba6,00000000,0,00000000,0,136207,129
1267,bf7e5de1,3f375183,3f07e282,3f27ef9e,3e0d07b8,138,3e0d2000,138,135915,129
1268,3f03d31c,3f88c84b,c104b852,3f05a1cb,3f800000,1000,3f800000,1000,137666,130
1269,bff3497b,beb46595,408d5254,3b449ba6,00000000,0,00000000,0,137082,130
1270,3d8adaba,3df23a2a,40d0adac,3e841893,00000000,0,00000000,0,135624,128
1271,3edf0ed4,3f954bc7,bf875254,3d6978d5,3f800000,1000,3f800000,1000,136207,129
1272,3f2fd220,3f325f07,40ee075f,3ea76c8b,3e6f52c4,234,3e6f2000,234,136207,129
1273,c01b967d,bed5fbe7,40b6db8c,3f600000,00000000,0,00000000,0,136207,129
1274,bf3b2d4d,bf28cf42,c0ef5326,3def9db2,3f800000,1000,3f800000,1000,136499,129
1275,bfda0f91,bf1b7176,bfab7176,3edd2f1b,00000000,0,00000000,0,137082,129
1276,c04e6959,bed7eab3,40e6617c,3f6a3d71,00000000,0,00000000,0,135915,128
1277,c01a9d73,bf317c1c,40f27a10,3e4dd2f2,00000000,0,00000000,0,136791,130
1278,3d61719f,3f02bd3c,bf49fbe7,3f16872b,3f408333,752,3f408000,752,137082,130
1279,be5a9a80,3f37fcb9,40401d7e,3e29fbe7,3d14f46c,36,3d140000,36,137082,130
1280,3d6a4a8c,3f0b9653,bf7809d5,3f69fbe7,3f59d478,851,3f59e000,851,137665,131
1281,3f6caab9,3e88c49c,c0cabc6a,3ef1a9fc,3f800000,1000,3f800000,1000,140874,133
1282,3fe3e187,3fb7ef9e,c0ae779a,3f449ba6,3f800000,1000,3f800000,1000,138540,131
1283,bfefbc7f,be8f41f2,4116d7dc,3f116873,00000000,0,00000000,0,136499,130
1284,3f3df3b6,3fc75bc0,c0add07d,3f5c28f6,3f800000,1000,3f800000,1000,138249,131
1285,3f9a656b,3eae57a8,405efd22,3eeb851f,3f800000,1000,3f800000,1000,136790,130
1286,405844d0,3fb4b9f5,3f9381d8,3d4ccccd,3f800000,1000,3f800000,1000,137082,130
1287,c005197a,be0a6e98,c10b786c,3e9e353f,3f148192,580,3f14a000,581,138249,130
1288,3facce1c,3f645532,bd6f34d7,3efdf3b6,3f800000,1000,3f800000,1000,139999,133
1289,c013d9a9,be36d5d0,409f089a,3f67ef9e,00000000,0,00000000,0,138249,131
1290,bfd66d9c,bf39404f,c016bd3c,3dba5e35,00000000,0,00000000,0,137374,130
1291,bf27b741,bd0a57a8,4104c2f8,3f4624dd,00000000,0,00000000,0,137665,130
1292,3f4dc098,3f2fe69b,40c8e632,3df5c28f,3f10af93,565,3f108000,564,137082,130
1293,c0039192,bf147c85,4053c84b,3f143958,00000000,0,00000000,0,137665,131
1294,3f561911,3fc1eb85,c05722d1,3ddf3b64,3f800000,1000,3f800000,1000,137082,129
1295,3f1b7aa2,be698fc5,41053127,3f18d4fe,00000000,0,00000000,0,137666,130
1296,3eb87e7c,3d6f6944,40f63d71,3e000000,00000000,0,00000000,0,136790,129
1297,3fa63498,3f8432ca,bf87f972,3be56042,3f800000,1000,3f800000,1000,136790,130
1298,401a6320,3fc285f0,40cf61e5,3f7eb852,3f800000,1000,3f800000,1000,137082,130
1299,3fba6373,3f5df972,c0750ff9,3c449ba6,3f800000,1000,3f800000,1000,136499,129
1300,bef2d773,3f7385f0,4096c083,3dd91687,00000000,0,00000000,0,135916,129
1301,bfb8e8a7,bf385604,3fe4a234,3c83126f,00000000,0,00000000,0,137665,130
1302,c00b28b7,bf349a02,3fe04189,3f722d0e,00000000,0,00000000,0,135624,129
1303,c01fd955,be8d8106,bfa8e8a7,3ec9374c,00000000,0,00000000,0,136207,129
1304,bf967770,bf2785f0,c1098937,3e851eb8,3f800000,1000,3f800000,1000,136791,130
1305,3f54cc25,3f4fbda5,bfc7f62b,3f6f1aa0,3f800000,1000,3f800000,1000,137665,130
1306,befcac08,bda78d50,40d5b7e9,3f3851ec,00000000,0,00000000,0,137082,130
1307,bf5ab368,3f89c56d,c11c7efa,3f7a5e35,3f800000,1000,3f800000,1000,136499,129
1308,bfc622e6,3da0cb29,40bd2fec,3f5fbe77,00000000,0,00000000,0,137374,130
1309,c028c6e7,bf25e9e2,c032786c,3d03126f,00000000,0,00000000,0,137082,130
1310,bfd996fb,be08f909,40c12a30,3f0dd2f2,00000000,0,00000000,0,135916,129
1311,be8f49cf,3fab6873,41098241,3f4ac083,00000000,0,00000000,0,136207,129
1312,3fc9b3d0,3f8738ef,40408ce7,3f5d2f1b,3f800000,1000,3f800000,1000,169165,161
1313,beb158b8,be35182b,408f78d5,3f3ced91,00000000,0,00000000,0,141748,134
1314,3f0b19a4,be13126f,c10186c2,3e6872b0,3f800000,1000,3f800000,1000,139415,133
1315,c02f1562,bf28c227,40f42c3d,3ef22d0e,00000000,0,00000000,0,136498,129
1316,3fcb1c43,3f93652c,40d5b574,3f3e76c9,3f800000,1000,3f800000,1000,137082,130
1317,bf84db38,3ec33b64,3f1b50b1,3f3020c5,00000000,0,00000000,0,136790,129
1318,3f5c2b95,3f2baace,bc35dcc6,3f25a1cb,3f800000,1000,3f800000,1000,137374,130
1319,bffb7e91,bf3a52bd,c09ad014,3e71a9fc,00000000,0,00000000,0,135915,129
1320,3efd7b20,3f79119d,c0999724,3f6d0e56,3f800000,1000,3f800000,1000,136790,129
1321,bea161e5,3de8ef35,c07126e9,3ed58106,3f2f48bf,685,3f2f4000,685,136499,129
1322,3ccb5350,bf30e48f,bfc6703b,3f69374c,3ed84770,422,3ed86000,423,137082,130
1323,beb7acc5,bef7d07d,40e90553,3f4b851f,00000000,0,00000000,0,136791,129
1324,3e465e89,3f7f5810,4038cb29,3e9ba5e3,3f2e216f,680,3f2e2000,680,136207,129
1325,bf2c56d6,bdfca57a,c026f1aa,3da9fbe7,3e25197c,161,3e256000,161,135916,128
1326,bda10386,3fb7f838,c05126e9,3f03126f,3f800000,1000,3f800000,1000,136499,129
1327,3fc271de,3ed2147b,40caa7f0,3f4dd2f2,3f800000,1000,3f800000,1000,136791,129
1328,3fd21f4b,3edc538f,be7e76c9,3ea45a1d,3f800000,1000,3f800000,1000,136499,129
1329,bfe1f55a,3eda0903,3fe902de,3c03126f,00000000,0,00000000,0,135915,128
1330,bf77ff58,3f2651ec,4063c1be,3e85a1cb,00000000,0,00000000,0,137082,130
1331,3f74063a,3f1a04ea,408a4817,3e53f7cf,3f800000,1000,3f800000,1000,136790,129
1332,be91de6a,bec1c433,4117f488,3ed0e560,00000000,0,00000000,0,137373,130
1333,3e883904,3f9b096c,c0a3fb16,3e86a7f0,3f800000,1000,3f800000,1000,135915,128
1334,bf2d5cfb,3f8a47ae,c087b08a,3c449ba6,3f800000,1000,3f800000,1000,136499,130
1335,bfa793de,be101a37,3f689a02,3f0a3d71,00000000,0,00000000,0,136207,129
1336,400899af,3fc8930c,c0e22752,3e439581,3f800000,1000,3f800000,1000,144373,136
1337,bfb902de,3f2eed91,c0539a6b,3eb33333,3f0adbba,542,3f0ae000,542,138832,132
1338,3f9ac472,3f824fdf,40e3404f,3f15c28f,3f800000,1000,3f800000,1000,137374,130
1339,bf90efdd,be610cb3,4044f909,3f7d70a4,00000000,0,00000000,0,137374,130
1340,3f458794,3e105879,c04cd014,3f0e147b,3f800000,1000,3f800000,1000,136790,130
1341,bf6a0cf2,be261e4f,3e3c9eed,3f0ccccd,00000000,0,00000000,0,137082,130
1342,40139778,3f5e902e,c11f91d1,3f3a9fbe,3f800000,1000,3f800000,1000,137082,130
1343,be844d01,3c1b089a,c012b1c4,3f7ba5e3,3ed204fc,410,3ed22000,410,140582,133
1344,bfe9537a,3e881062,40cb295f,3dac0831,00000000,0,00000000,0,137957,131
1345,bf1b7803,3da5460b,c114e2eb,3da5e354,3f800000,1000,3f800000,1000,135915,129
1346,c0290efe,bf0e1a37,40c4fb7f,3e91eb85,00000000,0,00000000,0,136498,130
1347,3f66516e,3f97f27c,3ecf1aa0,3c03126f,3f800000,1000,3f800000,1000,135916,129
1348,bfaf2f98,bf262c3d,bed404ea,3f641893,00000000,0,00000000,0,135915,129
1349,bedf3b64,beb43c9f,c0da9c78,3ee56042,3f800000,1000,3f800000,1000,136790,129
1350,4036af25,3fb2119d,4100645a,3edf3b64,3f800000,1000,3f800000,1000,137373,129
1351,40010d06,3f8497f6,402a00d2,3e23d70a,3f800000,1000,3f800000,1000,135040,128
1352,bec1ff2e,3e0de00d,40a88b44,3d591687,00000000,0,00000000,0,137957,130
1353,3fc4245f,3fa6b717,40cc8a72,3f004189,3f800000,1000,3f800000,1000,136499,130
1354,3e27fa1a,bf12e2eb,411967a1,3f760419,00000000,0,00000000,0,133874,127
1355,bfb8f7ba,bdf075f7,40f8240b,3f1f7cee,00000000,0,00000000,0,135332,128
1356,bf952546,bf087382,c036c3ca,3ee45a1d,00000000,0,00000000,0,137665,130
1357,3ead7c70,3f9d75f7,40ccfaad,3e86a7f0,3ee1c19a,441,3ee1a000,441,136790,129
1358,3fdeeeb7,3f238bac,c104bcd3,3f5db22d,3f800000,1000,3f800000,1000,137666,130
1359,4017a58f,3f8c7319,40e3a6b5,3f553f7d,3f800000,1000,3f800000,1000,137082,130
1360,3ed426fe,3f7bb15b,c11b6113,3f4c49ba,3f800000,1000,3f800000,1000,142041,135
1361,3fbbad19,3fbe6388,411ea787,3e6c8b44,3f800000,1000,3f800000,1000,133873,127
1362,3ffc3569,3fccae7d,405e339c,3f48f5c3,3f800000,1000,3f800000,1000,133290,126
1363,3f496a6a,3ee8779a,4111ab36,3d810625,00000000,0,00000000,0,135624,129
1364,401ad528,3faa83e4,40fb0625,3f049ba6,3f800000,1000,3f800000,1000,135915,129
1365,4019b9b6,3fcd4bc7,c0f6c711,3eae978d,3f800000,1000,3f800000,1000,135624,128
1366,400ce65c,3f4e3055,4116381d,3f347ae1,3f800000,1000,3f800000,1000,136791,130
1367,bed50093,3f3016f0,40fc0d1b,3f5eb852,00000000,0,00000000,0,136499,129
1368,3ee48beb,3f64902e,40d07525,3f66e979,3ea496ba,321,3ea44000,321,135915,129
1369,3fd06b7b,3fb2cfab,c067e426,3f4b020c,3f800000,1000,3f800000,1000,137957,131
1370,3ff4d6a1,3fc868dc,3ff66cf4,3e89374c,3f800000,1000,3f800000,1000,137665,130
1371,3f0a0903,3f38f0d8,c0f9c5d6,3f69374c,3f800000,1000,3f800000,1000,138832,131
1372,c02f8ab1,bf3b5183,c0718fc5,3edc28f6,00000000,0,00000000,0,138832,131
1373,bfd50529,bf21c77a,c117b98c,3f789375,3f7decc3,992,3f7e2000,993,137957,131
1374,400e2e5e,3fa549ba,40d37e91,3f7a5e35,3f800000,1000,3f800000,1000,136207,130
1375,bf5f4c6e,3f291eb8,bffebee0,3f220c4a,3f19978a,600,3f19a000,600,136790,130
1376,4011d8d8,3f91c63f,bff02de0,3eb6c8b4,3f800000,1000,3f800000,1000,137082,130
1377,bf14d940,3f4c3e42,403197f6,3ced9168,00000000,0,00000000,0,137082,130
1378,3f94b535,3fc065fe,4112ecc0,3e841893,3f800000,1000,3f800000,1000,137374,130
1379,3efec2ce,3f58233a,c02d6bba,3f5b22d1,3f800000,1000,3f800000,1000,136791,129
1380,3f197785,3e8d119d,40878e22,3ec83127,3ea5d600,324,3ea60000,324,136207,129
1381,40127d03,3fbf4396,bf88068e,3f381062,3f800000,1000,3f800000,1000,136207,128
1382,403f81d8,3fa3a57a,3f2f7cee,3e90e560,3f800000,1000,3f800000,1000,135916,129
1383,c009cbbc,bed38d50,3fb762b7,3e5b22d1,00000000,0,00000000,0,135624,128
1384,3e2e7d56,3fbe5aee,4094346e,3f29374c,3f4ff9a1,812,3f4fe000,812,158082,151
1385,bf8a05bc,3f564745,40bda36e,3d83126f,00000000,0,00000000,0,140291,133
1386,be0902de,3f4bb7e9,c0c7288d,3ed4fdf4,3f800000,1000,3f800000,1000,137374,130
1387,4036d289,3fbbda51,40958adb,3eec8b44,3f800000,1000,3f800000,1000,140582,133
1388,bfea55b0,3e906c22,40ad2e49,3e83126f,00000000,0,00000000,0,138832,131
1389,3ef06a2b,be65c28f,411ca6b5,3f747ae1,00000000,0,00000000,0,138832,131
1390,c06a4745,bf2aee63,c0413c36,3ed4fdf4,00000000,0,00000000,0,137957,131
1391,401bdc48,3f81bf48,40eff8a1,3f5126e9,3f800000,1000,3f800000,1000,135916,129
1392,bffe1b09,ba87fcb9,bf49096c,3f74bc6a,00000000,0,00000000,0,138832,132
1393,bf6af640,bf244a8c,411f460b,3e4ed917,00000000,0,00000000,0,137373,130
1394,3f953650,3f6b18fc,c0b49eed,3df5c28f,3f800000,1000,3f800000,1000,137373,130
1395,3e6f49cf,3f317176,40af4bc7,3f249ba6,3cd3e880,26,3cd3e000,26,136207,129
1396,3fa25072,3f55ef9e,40de7454,3e158106,3f800000,1000,3f800000,1000,136499,130
1397,3f422a6f,3fc061e5,40282c3d,3f1be76d,3f800000,1000,3f800000,1000,137083,130
1398,bdf6ddad,3f5bbb30,c0eb4952,3e89374c,3f800000,1000,3f800000,1000,135624,129
1399,405e26d5,3fc2f06f,40e80b78,3f656042,3f800000,1000,3f800000,1000,135624,128
1400,bf9ad2dd,3eb5d14e,3f9c3c9f,3cf5c28f,00000000,0,00000000,0,137082,130
1401,3fcfbb30,3e89c91d,c0d3cac1,3f0c8b44,3f800000,1000,3f800000,1000,135915,129
1402,bf73d9a9,3ef921ff,41072fec,3ea66666,00000000,0,00000000,0,137957,130
1403,be83736d,bf030a3d,c0ef1aa0,3e3b645a,3f800000,1000,3f800000,1000,136499,129
1404,c050b8d0,bf3a6c22,3f0d70a4,3ee56042,00000000,0,00000000,0,137665,130
1405,400cf12c,3fa5f2e5,40bf4fdf,3f272b02,3f800000,1000,3f800000,1000,137665,130
1406,bf1e0f3d,3f9b1d15,40b954ca,3f6d4fdf,00000000,0,00000000,0,136498,129
1407,3fbe3fbc,3e6cc2f8,c10403b0,3de978d5,3f800000,1000,3f800000,1000,136791,130
1408,3eabcbe6,be91b22d,c0e5aace,3ea45a1d,3f800000,1000,3f800000,1000,141165,134
1409,bf62c27a,bf3573eb,40025aee,3f218937,00000000,0,00000000,0,138540,131
1410,c007df3b,3e0f6fd2,bd3020c5,3f70e560,00000000,0,00000000,0,137374,130
1411,bee17c1c,3f93e219,c0d82196,3e5f3b64,3f800000,1000,3f800000,1000,136499,129
1412,3f9d1633,3f8f49ba,40fa7c85,3f133333,3f800000,1000,3f800000,1000,137957,131
1413,bf79613d,be679724,c1010b0f,3ef4bc6a,3f800000,1000,3f800000,1000,137082,131
1414,bfb389b5,3eb126e9,c0d3404f,3d591687,3f52dbe9,824,3f530000,824,138540,131
1415,3de0fe48,3fa60be1,410529c7,3e19999a,00000000,0,00000000,0,136498,130
1416,bedaacda,3f7df62b,c0435a86,3ec624dd,3f800000,1000,3f800000,1000,138541,132
1417,401b1b48,3f48bc6a,c114538f,3f46a7f0,3f800000,1000,3f800000,1000,135624,128
1418,3f12d773,bd028241,c0c88c15,3f553f7d,3f800000,1000,3f800000,1000,136207,129
1419,3f22a844,be133d08,400a48e9,3f4147ae,3f085660,533,3f084000,532,136207,130
1420,bf2ddc1e,3f1201a3,3e9d07c8,3ee3d70a,3e3b6b9e,183,3e3b4000,183,137082,130
1421,40408605,3f967454,bdd35a86,3e8dd2f2,3f800000,1000,3f800000,1000,135915,129
1422,3e141744,bdc05bc0,40ffa440,3ed16873,00000000,0,00000000,0,135916,129
1423,c02cd307,bf17e0df,c09b0a3d,3f266666,00000000,0,00000000,0,137082,130
1424,bed78812,3f247454,c08cc49c,3e47ae14,3f800000,1000,3f800000,1000,135915,129
1425,3feecdf2,3f6be1b1,c0f2c63f,3eb3b646,3f800000,1000,3f800000,1000,135040,129
1426,c009c726,be222681,bf894af5,3f52f1aa,00000000,0,00000000,0,135332,128
1427,bfa95a08,bf278d50,c0c5cfab,3f07ae14,3f062f38,524,3f062000,524,135040,128
1428,c0208b44,bd6793de,404ba29c,3b449ba6,00000000,0,00000000,0,133583,127
1429,bfbd9e84,bed7bb30,411146dc,3d343958,00000000,0,00000000,0,135915,128
1430,3fb30d30,3fa8cf42,c08e9518,3f116873,3f800000,1000,3f800000,1000,135916,129
1431,3ff61f9f,3fbd5461,3fa41f21,3ebd70a4,3f800000,1000,3f800000,1000,136207,129
1432,bfb210e0,3f2d5c29,40c3f55a,3f3d70a4,00000000,0,00000000,0,139707,133
1433,bffc75a3,bf00353f,406695ea,3e92f1aa,00000000,0,00000000,0,133582,127
1434,3fe17cc4,3fba65fe,40b4a090,3f6e5604,3f800000,1000,3f800000,1000,135916,130
1435,be6c764b,3f9d4d6a,c0cc3886,3c343958,3f800000,1000,3f800000,1000,135624,128
1436,c04241b3,be8f1de7,c04154ca,3eec0831,00000000,0,00000000,0,137082,130
1437,bfaa7e52,bee9ed29,40c03bcd,3f133333,00000000,0,00000000,0,135624,129
1438,bf972863,3f46f007,4106b22d,3d75c28f,00000000,0,00000000,0,137082,129
1439,bfce5754,3e57d220,3f9669ad,3ea45a1d,00000000,0,00000000,0,136790,130
1440,3f8915df,3fb3844d,bef66cf4,3ec10625,3f800000,1000,3f800000,1000,136790,130
1441,bff6646f,3e8935a8,408c00d2,3f0dd2f2,00000000,0,00000000,0,136207,129
1442,3eb165d4,3fb40275,c11a3d08,3e89374c,3f800000,1000,3f800000,1000,136207,129
1443,3f94d014,3da4bc6a,410a5bc0,3f6b851f,3e0e9560,139,3e0e4000,139,136499,129
1444,3ffa7d03,3fb150b1,c0fb78d5,3f69fbe7,3f800000,1000,3f800000,1000,136499,129
1445,3f0eda66,3e18b780,c094e704,3f343958,3f800000,1000,3f800000,1000,135624,128
1446,40278fef,3f8eb4a2,c075013b,3f410625,3f800000,1000,3f800000,1000,135916,129
1447,3ef6c615,3f081b09,c1101bda,3ef6c8b4,3f800000,1000,3f800000,1000,137082,130
1448,bf55d4e9,bf30978d,c052d917,3c54fdf4,3e4963e2,197,3e498000,197,136791,129
1449,3e6ecbfb,3f846bba,40075a86,3f6c49ba,3f7742b9,966,3f772000,965,136499,129
1450,be35ec81,3f2f6873,4040b0f2,3f441893,3da8f2fe,82,3da80000,82,135624,128
1451,bf827e52,3e8863f1,3f17c84b,3ea5e354,00000000,0,00000000,0,137374,130
1452,bd8b8280,bdcb2fec,c0e73c36,3ef7ced9,3f800000,1000,3f800000,1000,135915,129
1453,be1fe32a,bf1581d8,c0758adb,3ee56042,3f2d64b7,677,3f2d6000,677,135332,129
1454,bf34e65c,3e4a71de,3e1e353f,3db851ec,00000000,0,00000000,0,137082,130
1455,c002b314,3e5460aa,40dd39c1,3f343958,00000000,0,00000000,0,136791,129
1456,402ff584,3f990481,4108511a,3e989375,3f800000,1000,3f800000,1000,169457,163
1457,3fccc101,3f97acda,bfb295ea,3f15c28f,3f800000,1000,3f800000,1000,139415,132
1458,c03655b0,bea93a93,40aa52bd,3d8d4fdf,00000000,0,00000000,0,137957,131
1459,bef9e061,bf3ef4f1,bfe04189,3ecfdf3b,3e071b48,132,3e072000,132,137957,131
1460,3e07064f,3f1978d5,c0e34539,3e3851ec,3f800000,1000,3f800000,1000,137374,130
1461,402a9692,3fb6a4a9,40b54fdf,3e7ae148,3f800000,1000,3f800000,1000,136790,130
1462,3efdd6e0,3cc84b5e,411c27bb,3ef020c5,00000000,0,00000000,0,136498,129
1463,bfc7967d,be491687,40d99ce0,3e3f7cee,00000000,0,00000000,0,137665,130
1464,3f90d79d,3e106595,c0892ca5,3e9374bc,3f800000,1000,3f800000,1000,138249,131
1465,3fddac47,3fa4afb8,c0c75254,3f6a3d71,3f800000,1000,3f800000,1000,135333,128
1466,be625311,3f83374c,40ac9518,3ca3d70a,00000000,0,00000000,0,136790,129
1467,3dd8cd21,3fcc5604,c1193b64,3f56872b,3f800000,1000,3f800000,1000,136498,129
1468,bf3a8976,3def9db2,40e92ca5,3ed60419,00000000,0,00000000,0,136790,129
1469,bfbdeb31,be6b2618,4105f213,3eab020c,00000000,0,00000000,0,137957,131
1470,c0027efa,bd86b50b,c0954f0e,3f200000,00000000,0,00000000,0,138249,131
1471,3f1da123,be1d288d,41089724,3ec5a1cb,00000000,0,00000000,0,138540,132
1472,bfe3adc1,be8942c4,40e90d84,3e9cac08,00000000,0,00000000,0,137082,130
1473,bf1f3f53,3f85be0e,40b5e76d,3f34bc6a,00000000,0,00000000,0,136207,129
1474,bfb19ae9,bee9a1cb,bf22fec5,3f4c0831,00000000,0,00000000,0,137082,129
1475,3f7eea21,3ecad773,40f3be77,3ecdd2f2,3eae2cc8,340,3eadc000,339,137665,130
1476,3e5fbe77,3f026320,4101f766,3eb645a2,00000000,0,00000000,0,135624,129
1477,401df99c,3fada512,404c779a,3ebf7cee,3f800000,1000,3f800000,1000,136499,130
1478,3f7a771d,3fa51d15,411d999a,3ef9db23,3f3a88ba,729,3f3a4000,728,137082,130
1479,4016f4f1,3fa4c84b,40c8d35b,3f391687,3f800000,1000,3f800000,1000,137374,130
1480,3e905faf,beeb8bac,c0e0bc6a,3f0f5c29,3f800000,1000,3f800000,1000,138541,131
1481,40488f86,3fb4d289,c080bfb1,3f4b020c,3f800000,1000,3f800000,1000,136499,129
1482,bf942d8c,bf22a4a9,408a7a10,3e1a9fbe,00000000,0,00000000,0,136499,129
1483,3f899b91,3f39851f,4118295f,3f1ced91,3ed6abb3,419,3ed68000,419,134748,128
1484,c024562e,3c966cf4,40930625,3ea4dd2f,00000000,0,00000000,0,137957,131
1485,c0102c3d,3dbf2e49,40e636e3,3f5374bc,00000000,0,00000000,0,136207,129
1486,bf979b13,3e1df6fd,410e786c,3f71eb85,00000000,0,00000000,0,136208,128
1487,be60b4e1,3e62de01,c118f27c,3efbe76d,3f800000,1000,3f800000,1000,137374,130
1488,3f564d7f,be015183,c0f141f2,3f676c8b,3f800000,1000,3f800000,1000,140582,133
1489,c0154d94,3d227525,408d8ef3,3f126e98,00000000,0,00000000,0,139124,132
1490,c05f8ca8,bf2c353f,c06f7319,3e322d0e,00000000,0,00000000,0,137082,130
1491,3ff46738,3f300ded,bf5b7803,3f5b22d1,3f800000,1000,3f800000,1000,137374,131
1492,bf7b2032,be0a29c7,40531c43,3ec624dd,00000000,0,00000000,0,136790,129
1493,3f9749cf,3f77c1be,c08db15b,3f11eb85,3f800000,1000,3f800000,1000,141166,133
1494,bfbf2e49,bf22e704,c0b115b5,3f191687,3ea8800d,329,3ea8e000,330,138832,131
1495,be9f16b1,3eb8d1b7,c1086f00,3dcac083,3f800000,1000,3f800000,1000,137957,130
1496,3dc1e796,bf07b2ff,c0cb67a1,3f56872b,3f800000,1000,3f800000,1000,138540,131
1497,3f5313be,3f34adac,c0b45f07,3ef5c28f,3f800000,1000,3f800000,1000,137374,130
1498,bfe1d53d,3eb8d845,3f9fc505,3e19999a,00000000,0,00000000,0,137082,130
1499,3cf95d4f,3f7df6fd,c00657a8,3f5db22d,3f800000,1000,3f800000,1000,135915,129
1500,3f6046c7,bdd19ce0,401ae148,3ed1eb85,3f43a96c,764,3f438000,764,136791,129
1501,3f90a287,3f14faad,40e2f909,3e93f7cf,3f43cf3c,765,3f43a000,764,136790,129
1502,40033e03,3fab2681,c10deecc,3f5db22d,3f800000,1000,3f800000,1000,135915,129
1503,3d70ed3e,3f31c433,c07aa64c,3d79db23,3f800000,1000,3f800000,1000,136499,129
1504,3f38f862,3e355cfb,40a5ff2e,3e03126f,3e4a848a,198,3e4a4000,198,143207,136
1505,4020c597,3fb91e4f,c0e9bf48,3f4147ae,3f800000,1000,3f800000,1000,136498,129
1506,3fb309ea,3ef09eed,bf936e2f,3da5e354,3f800000,1000,3f800000,1000,136207,128
1507,bfd50093,3e043611,40a39ce0,3efa5e35,00000000,0,00000000,0,135624,128
1508,3f855c53,3edf089a,4106367a,3ebf7cee,3e968750,294,3e960000,293,137957,131
1509,3e6f4f0e,bf01fe5d,bfaaf1aa,3eef1aa0,3f1c63f2,611,3f1c6000,611,136207,129
1510,40274eba,3f7374bc,411dbfb1,3f620c4a,3f800000,1000,3f800000,1000,136207,129
1511,3f9bc16a,3ebd8c7e,40e82a99,3f200000,3f310fcc,692,3f30e000,691,135040,128
1512,3eb58e22,bd165fd9,3e810625,3f4ed917,3f04341a,516,3f042000,516,135915,129
1513,403a1ff3,3fce1bda,c0cbec57,3d5d2f1b,3f800000,1000,3f800000,1000,135624,129
1514,bf91758e,bea2c227,3ecce704,3e27ef9e,00000000,0,00000000,0,137957,131
1515,402020c5,3fbffec5,41149c78,3f533333,3f800000,1000,3f800000,1000,136790,129
1516,3f26e43b,3efbf141,c01cd9e8,3d4ccccd,3f800000,1000,3f800000,1000,136208,129
1517,3e615ca7,bedcb296,c113e3bd,3be56042,3f800000,1000,3f800000,1000,135624,129
1518,3d422681,bd9fdf3b,411aa305,3f7a9fbe,00000000,0,00000000,0,135624,129
1519,40107358,3f8924dd,40ff9581,3f072b02,3f800000,1000,3f800000,1000,136207,129
1520,bf18c932,be21e4f7,c10ec083,3f4b020c,3f800000,1000,3f800000,1000,135332,128
1521,c03cb8d0,bee54467,c10d147b,3f19999a,3e4562e4,193,3e462000,193,136207,129
1522,3f942c3d,3dece076,c0b18106,3f6ed917,3f800000,1000,3f800000,1000,135040,128
1523,c008aa65,bf22bb99,3f1ff972,3f70e560,00000000,0,00000000,0,135915,129
1524,bf1ac9b0,be7f6944,c0757247,3eab020c,3ee1feeb,441,3ee24000,442,135041,128
1525,3f868c69,3fc70d84,40ecdc5d,3e70a3d7,3f800000,1000,3f800000,1000,135332,128
1526,c055b813,bf156f00,c0825f07,3f51eb85,00000000,0,00000000,0,136499,129
1527,c007ec03,3e1fe5c9,c01cdb8c,3f1eb852,00000000,0,00000000,0,136207,129
1528,c04a9b28,bf2dd97f,be35f6fd,3f49fbe7,00000000,0,00000000,0,170331,163
1529,bfdc9d9d,bde1d14e,40d625af,3f641893,00000000,0,00000000,0,138540,131
1530,400a58f7,3f54af4f,c0825532,3f604189,3f800000,1000,3f800000,1000,137082,130
1531,bf897e13,be7ecf42,40b2f1aa,3f46e979,00000000,0,00000000,0,137082,130
1532,bf14299e,3f70a993,41193f7d,3e16872b,00000000,0,00000000,0,137665,130
1533,4005e54b,3f25e0df,40ab6c8b,3d178d50,3f800000,1000,3f800000,1000,136791,129
1534,3f6afe1e,3e3b367a,c0568588,3f25e354,3f800000,1000,3f800000,1000,136499,130
1535,be52e1ef,bee12546,c1084817,3f5c6a7f,3f800000,1000,3f800000,1000,136791,130
1536,400d1a22,3f829097,c0db85f0,3e79db23,3f800000,1000,3f800000,1000,136207,129
1537,4036469d,3f9d75f7,c1188794,3f7d2f1b,3f800000,1000,3f800000,1000,136791,130
1538,bfade743,3f3c51ec,40f926e9,3f2d9168,00000000,0,00000000,0,137957,130
1539,3e8b6d87,bec5652c,c11531f9,3b449ba6,3f800000,1000,3f800000,1000,135332,128
1540,400b3c0c,3f2ab296,4078816f,3f2d9168,3f800000,1000,3f800000,1000,135916,129
1541,3f93ec03,3ed5bda5,c11a3f14,3f147ae1,3f800000,1000,3f800000,1000,136790,129
1542,3faf14ba,3e7a12d7,40c6aa65,3ed81062,3f71525e,943,3f716000,943,137082,129
1543,c063e08b,bf29f488,c113cbfb,3f33b646,00000000,0,00000000,0,136791,130
1544,3f37fcb9,3f9e5bc0,400bced9,3ecac083,3f800000,1000,3f800000,1000,135916,128
1545,4028894c,3fb9ce07,c1109ba6,3ec08312,3f800000,1000,3f800000,1000,136498,129
1546,3fb79f02,3f211d15,bf22a993,3f3db22d,3f800000,1000,3f800000,1000,135915,128
1547,bf93ecab,3f40624e,bfaf2474,3ecdd2f2,3ecf5dfe,405,3ecf8000,405,136207,129
1548,bebbd274,3f531759,c0d2978d,3f428f5c,3f800000,1000,3f800000,1000,135915,128
1549,4021b4cc,3f882b02,40c95183,3f78d4fe,3f800000,1000,3f800000,1000,136207,129
1550,3f218fc5,beb4c986,c0f1c91d,3e978d50,3f800000,1000,3f800000,1000,135624,129
1551,c02e4f22,bedfc6a8,3fe6809d,3f10624e,00000000,0,00000000,0,135916,129
1552,bf08ede5,bf1e36e3,bf91ba5e,3ebb645a,00000000,0,00000000,0,142041,134
1553,bf2719f8,bec5f213,c0a72a30,3f74fdf4,3f3ac92a,730,3f3ac000,729,136790,130
1554,3f538ef3,3f53c91d,4100a8c1,3f29374c,3eea45a8,458,3ee9e000,457,137666,130
1555,bff90774,3ebd013b,404484b6,3f5d70a4,00000000,0,00000000,0,135624,128
1556,bfb52d23,bee18106,401c49ba,3de56042,00000000,0,00000000,0,137082,130
1557,bff73cb4,bf0420c5,411c2474,3f7b22d1,00000000,0,00000000,0,135624,128
1558,bc3d1245,3e8631f9,4084b924,3f1e76c9,00000000,0,00000000,0,137374,130
1559,beaafa2f,3f0bc433,c0e9bb30,3f004189,3f800000,1000,3f800000,1000,136207,129
1560,3e92b55f,3ed5a512,c0f076c9,3f47ef9e,3f800000,1000,3f800000,1000,137373,130
1561,3fa43958,3f78b852,c0fdc505,3f50a3d7,3f800000,1000,3f800000,1000,136498,129
1562,3fccb33e,3fae126f,c0fb4880,3f408312,3f800000,1000,3f800000,1000,137082,130
1563,3e3ff584,3f377732,41074539,3e1eb852,00000000,0,00000000,0,136790,130
1564,3e18b828,3ee06a7f,c117566d,3f389375,3f800000,1000,3f800000,1000,135624,129
1565,3f64562e,3f617a78,c0342268,3f0e978d,3f800000,1000,3f800000,1000,137665,130
1566,bed07c85,3faf0c4a,3ff31c43,3f191687,3f43dfb4,765,3f43c000,765,137665,130
1567,bf1549f9,3ee1fd8b,c0411eb8,3f6ac083,3f42b15c,761,3f42c000,761,135624,128
1568,3e50cb29,3f1be83e,4116075f,3d5d2f1b,00000000,0,00000000,0,137374,130
1569,3e46540d,3e9327bb,c10da4a9,3d99999a,3f800000,1000,3f800000,1000,136499,129
1570,bf1e0610,bf2adfa4,405e7a10,3e10624e,00000000,0,00000000,0,136790,129
1571,bfb4be62,bf2e09d5,4095c5d6,3be56042,00000000,0,00000000,0,136207,129
1572,3f564841,3f239e84,c0673190,3eb74bc7,3f800000,1000,3f800000,1000,136207,129
1573,3f360419,3e96e2eb,40dc48e9,3ee76c8b,3c800606,16,3c788000,15,135623,129
1574,4003a440,3fc76e2f,40a5182b,3de76c8b,3f800000,1000,3f800000,1000,136498,130
1575,bf7a6613,be015810,bf73c9ef,3f34bc6a,00000000,0,00000000,0,136207,129
1576,bf8b78ab,bf2a425b,bfa8adac,3ef95810,00000000,0,00000000,0,141457,134
1577,3ff3cc8e,3f42ded3,4114b08a,3d3851ec,3f800000,1000,3f800000,1000,137666,130
1578,3da19653,3f8862b7,4115b22d,3d6147ae,00000000,0,00000000,0,136499,129
1579,3f6299d9,3f8fc3ca,40556a16,3f49ba5e,3f800000,1000,3f800000,1000,135915,129
1580,bef9ce07,3f04bd3c,4109126f,3e23d70a,00000000,0,00000000,0,137082,130
1581,3eecbfb1,3f5f7dbf,c106f6fd,3d9ba5e3,3f800000,1000,3f800000,1000,136207,129
1582,c007035c,bf284b5e,406051ec,3e126e98,00000000,0,00000000,0,135915,128
1583,bf1404ea,bebefec5,c0bbcac1,3de76c8b,3f4c6c79,799,3f4c8000,799,136790,130
1584,401dc67e,3fcbd014,409c425b,3e86a7f0,3f800000,1000,3f800000,1000,136207,129
1585,3d036651,bc99b3d0,c10e6a16,3f30e560,3f800000,1000,3f800000,1000,136499,129
1586,3f5ca81a,3f0538ef,40a5119d,3f08b439,3f3bd858,734,3f3ba000,733,137082,130
1587,bfea79bc,bf147454,c07eb852,3d8f5c29,00000000,0,00000000,0,137665,130
1588,3fea1b5c,3faf346e,411541f2,3d50e560,3f800000,1000,3f800000,1000,135332,129
1589,bf8d028a,3eb34880,c0557732,3ece5604,3ed9995f,425,3ed9c000,425,136499,129
1590,bfbbe426,be85ce07,c0ae28f6,3b03126f,3e88240d,266,3e884000,266,137374,130
1591,3f5aaa3b,3f690f28,41053afb,3e83126f,3ef3f9ba,477,3ef34000,475,135916,128
1592,3e900bcc,3f8dbe77,c042a162,3f1851ec,3f800000,1000,3f800000,1000,136499,129
1593,3fb518d2,3fb34880,3f792a30,3f6bc6a8,3f800000,1000,3f800000,1000,135624,129
1594,3fca046c,3f3dbf48,405d97f6,3f743958,3f800000,1000,3f800000,1000,136499,129
1595,bf50663c,bf06b924,c07e3055,3d810625,3eab1920,334,3eab6000,335,136791,129
1596,3ec45cbc,3e508312,40e2ecc0,3e624dd3,00000000,0,00000000,0,135915,128
1597,3f519264,3c89eecc,40b872b0,3e52f1aa,3da8e3c5,82,3da7e000,82,137373,130
1598,bef704ff,3e626b51,c0db5cfb,3f51eb85,3f800000,1000,3f800000,1000,140873,133
1599,bfe5e354,3e1318fc,4116a4a9,3f3e353f,00000000,0,00000000,0,136790,129
1600,be133b10,becc4817,41063405,3f75c28f,00000000,0,00000000,0,143790,137
1601,3f8dbab2,3f2f47ae,40a6d4fe,3f2f1aa0,3f800000,1000,3f800000,1000,136499,130
1602,3f571f36,be494467,410a2eb2,3cdd2f1b,00000000,0,00000000,0,134165,127
1603,3ebe7968,bed64f76,c0553c36,3dae147b,3f800000,1000,3f800000,1000,136791,129
1604,bfd1999a,be1428f6,c0dcc2f8,3eba5e35,3ef5785d,479,3ef5a000,480,137082,130
1605,bfe96484,3dd240b8,c04a3055,3f6b851f,00000000,0,00000000,0,135041,128
1606,bfa1c971,3e93cb92,c10b288d,3d75c28f,3f800000,1000,3f800000,1000,136207,129
1607,3f08eb46,3f83fb16,c0b4816f,3e19999a,3f800000,1000,3f800000,1000,137665,130
1608,3d86b7aa,be8a4a8c,40ff67a1,3f3851ec,00000000,0,00000000,0,136499,130
1609,c065ad97,bf22f34d,bf671759,3f7851ec,00000000,0,00000000,0,136498,130
1610,bd8995ab,be19e1b1,40f59097,3f29fbe7,00000000,0,00000000,0,136498,130
1611,3f037c9a,3f35374c,c0e20419,3f4e147b,3f800000,1000,3f800000,1000,137373,130
1612,3fb4cccd,3fb9cc64,4098c3ca,3f76872b,3f800000,1000,3f800000,1000,135915,129
1613,3f8eeac8,3d2a9931,3f19652c,3f6b851f,3f800000,1000,3f800000,1000,136499,129
1614,3f42f2fa,3fc3de6a,40ee01a3,3e158106,3f800000,1000,3f800000,1000,136791,130
1615,3ebd6e05,3f02c155,40e74f0e,3f6dd2f2,00000000,0,00000000,0,135040,128
1616,bfe21f4b,bd7c432d,bfe484b6,3e87ae14,00000000,0,00000000,0,135041,128
1617,bfc17247,3ed3df3b,3fbb6ae8,3f35c28f,00000000,0,00000000,0,137665,130
1618,bfb4bdba,3eb9bda5,41085aee,3f3a1cac,00000000,0,00000000,0,136790,130
1619,3fa42aed,3fcd1bda,c0b232ca,00000000,3f800000,1000,3f800000,1000,136207,130
1620,bf92e925,be895326,bfb27efa,3e77ced9,00000000,0,00000000,0,136207,129
1621,bee72086,3f03f141,40bc6320,3ef645a2,00000000,0,00000000,0,136498,129
1622,3f9d25ee,3e2c1893,41000069,3ee8f5c3,3ebedc3f,373,3ebe6000,372,135915,129
1623,3f37a4e8,3eba57a8,c01e48e9,3c9374bc,3f800000,1000,3f800000,1000,134457,127
1624,bff9c6d2,beeb4bc7,c10857a8,3e808312,3f1a6f62,603,3f1aa000,604,160998,153
1625,4011e5f3,3f88acda,c0a91c43,3efdf3b6,3f800000,1000,3f800000,1000,139415,132
1626,bebaee63,3ed0cccd,40e57dbf,3f4c49ba,00000000,0,00000000,0,137957,131
1627,bf2eee0f,3f964539,40516873,3f347ae1,3e5da9fb,216,3e5d6000,216,135332,128
1628,c00eef0b,be47a440,c11d3c36,3f191687,3f3b6610,732,3f3bc000,733,136498,129
1629,3f6fcb92,3f9afbe7,40a3a787,3f153f7d,3f800000,1000,3f800000,1000,136499,129
1630,3ff6075f,3fc9624e,3ec985f0,3f70a3d7,3f800000,1000,3f800000,1000,135332,128
1631,bf0e2435,3e644d01,c0635dcc,3f360419,3f275287,654,3f276000,654,136499,129
1632,4026a79c,3f8c14e4,40953333,3f195810,3f800000,1000,3f800000,1000,136207,129
1633,c00d0625,bd7ef9db,4108f62b,3f389375,00000000,0,00000000,0,135916,129
1634,3f433c60,3f897525,c04b8a09,3f645a1d,3f800000,1000,3f800000,1000,135624,129
1635,3f7ec56d,3f4cc155,3fcc6a7f,3e991687,3f800000,1000,3f800000,1000,135624,129
1636,bbbcbe62,3e84c7e3,c119d014,3f0c49ba,3f800000,1000,3f800000,1000,136207,129
1637,3f3f77af,3f62ee63,410d58e2,3dd0e560,3e57302e,210,3e562000,209,136207,129
1638,3e042310,3faa872b,40af74bc,3f63d70a,3efa48d4,489,3ef9e000,488,135915,129
1639,3f12dcb1,be818fc5,408ba92a,3e2c0831,00000000,0,00000000,0,140582,133
1640,3fceb26c,3f23404f,411fd5d0,3efd70a4,3f71ce02,945,3f71a000,944,137665,130
1641,c0587747,bf2cc711,3fd7fcb9,3f13f7cf,00000000,0,00000000,0,138541,131
1642,400e7ab7,3f2851ec,401d096c,3f008312,3f800000,1000,3f800000,1000,136790,130
1643,3f69aaa4,bdbe075f,c0415326,3e8d4fdf,3f800000,1000,3f800000,1000,136207,129
1644,bf379a6b,3f4056d6,4113d14e,3f608312,00000000,0,00000000,0,135916,128
1645,bd0bac71,bf049518,3fffc505,3ef53f7d,00000000,0,00000000,0,135332,128
1646,40458bd6,3fc51062,40a2c56d,3e2e147b,3f800000,1000,3f800000,1000,136207,129
1647,be913be2,3fb296bc,410c2268,3f676c8b,00000000,0,00000000,0,138540,131
1648,bf19afe2,bdd9ad43,c0d4ebee,3f45e354,3f7eac23,995,3f7ec000,995,141749,135
1649,3fcc0831,3f3c4b5e,3fe20c4a,3f2e978d,3f800000,1000,3f800000,1000,136499,129
1650,bf5c01a3,bf385879,3f59999a,3f0e5604,00000000,0,00000000,0,136791,130
1651,bf1b645a,3e453f7d,c0d798c8,3f5be76d,3f800000,1000,3f800000,1000,136790,129
1652,4026978d,3fb4594b,40d4594b,3f46a7f0,3f800000,1000,3f800000,1000,136207,129
1653,bf4f6a94,3f7554ca,c108d639,3e449ba6,3f800000,1000,3f800000,1000,136498,130
1654,c00cdcdb,bf2db4a2,41110ded,3e6353f8,00000000,0,00000000,0,137082,130
1655,bf93111f,3f0766cf,4022e148,3f6bc6a8,00000000,0,00000000,0,137082,130
1656,402f295f,3fa94952,c11772b0,3f07ef9e,3f800000,1000,3f800000,1000,135041,128
1657,bf76d5d0,becdb08a,41130cb3,3f543958,00000000,0,00000000,0,137082,130
1658,3f67c06e,3fc386c2,c1096f69,3d9fbe77,3f800000,1000,3f800000,1000,135332,129
1659,be7fa6df,3fb38866,c11704ea,3f672b02,3f800000,1000,3f800000,1000,135915,128
1660,3f82dcb1,3f7ccbfb,40df82aa,3ea4dd2f,3f800000,1000,3f800000,1000,135915,129
1661,3f947c31,3f63f7cf,c0dfe00d,3f2a3d71,3f800000,1000,3f800000,1000,138832,132
1662,3f0ae536,3f520000,bf6da512,3e4fdf3b,3f800000,1000,3f800000,1000,138249,131
1663,bfbec02f,be0f2e49,c0a2dc5d,3dc28f5c,3e4d4886,200,3e4da000,201,139124,132
1664,3fe117d7,3f6e0275,40e8be0e,3e09374c,3f800000,1000,3f800000,1000,135915,129
1665,3f5505d1,3de809d5,401ffb16,3f5ae148,3f56db0c,839,3f56c000,839,137082,130
1666,3ef8bac7,be75119d,c11419ce,3e93f7cf,3f800000,1000,3f800000,1000,135915,129
1667,3e22db62,3f803f14,41101cac,3ef1a9fc,00000000,0,00000000,0,135624,128
1668,bed9d884,3fad4b5e,40936e2f,3f5be76d,3e908ee8,282,3e906000,282,136499,129
1669,3dd04817,3f977a78,c108851f,3f5645a2,3f800000,1000,3f800000,1000,136207,128
1670,bce58a33,bde9ba5e,40481a37,3f58d4fe,00000000,0,00000000,0,136790,130
1671,bfcad96a,bd43fe5d,40bc9fbe,3f649ba6,00000000,0,00000000,0,136499,129
1672,3f8bfb16,3ef22eb2,c0c7126f,3f181062,3f800000,1000,3f800000,1000,142041,134
1673,bfc987e8,3f1a6a7f,bfcfe282,3ecb4396,3ddc859c,108,3ddc8000,108,136498,130
1674,3f4d29dc,3d210625,3fea57a8,3f3eb852,3f57994f,842,3f578000,842,135623,129
1675,3fbb98c8,3faeb98c,c11949ba,3f251eb8,3f800000,1000,3f800000,1000,136791,129
1676,c003cd36,3e6aa305,c0e3013b,3f7e76c9,3f12a4b5,573,3f12e000,574,137957,130
1677,3db2df50,3e314120,bf86b852,3f3ba5e3,3f0d553f,552,3f0d6000,552,135624,129
1678,bfce22e6,bf0cb0f2,c02d0e56,3da3d70a,00000000,0,00000000,0,136791,129
1679,3f09a954,3fbb09d5,c08e4f76,3ed1eb85,3f800000,1000,3f800000,1000,137082,130
1680,bdb367a1,be022d0e,bf26809d,3e3e76c9,3de51d26,112,3de54000,112,136207,129
1681,3fabf1e9,3f345532,c0d5da51,3f651eb8,3f800000,1000,3f800000,1000,135332,128
1682,3d653650,3f72816f,c089c1be,3e48b439,3f800000,1000,3f800000,1000,136790,129
1683,bf1fa6df,3eaf46dc,c05746dc,3db22d0e,3f216528,630,3f216000,630,135623,128
1684,403a4ecf,3f9394af,c0999581,3eb95810,3f800000,1000,3f800000,1000,135040,128
1685,3f661911,3e198937,c05ded29,3f03d70a,3f800000,1000,3f800000,1000,137374,131
1686,c02d8bd6,be8f559b,4116f5c3,3f0ccccd,00000000,0,00000000,0,139999,133
1687,40087400,3f160ebf,3e59ce07,3ef3b646,3f800000,1000,3f800000,1000,139124,132
1688,3e279bbb,bda54c98,4109dd2f,3ee872b0,00000000,0,00000000,0,135916,129
1689,bf81f0c3,bf3dfa44,40b6c56d,3f1645a2,00000000,0,00000000,0,137082,130
1690,bf5fe08b,3f379db2,408a0d1b,3de56042,00000000,0,00000000,0,136499,130
1691,3e4100e7,3f31a1cb,c0598adb,3f381062,3f800000,1000,3f800000,1000,136499,130
1692,3e457d18,3f817382,bf313a93,3dd4fdf4,3f800000,1000,3f800000,1000,137665,131
1693,3eae7ab7,bdc8e219,410df694,3d48b439,00000000,0,00000000,0,137665,131
1694,3f03daf9,3ed578d5,bf4fec57,3ef3b646,3f800000,1000,3f800000,1000,137082,130
1695,bf7e44fa,3f3e7382,c0070f28,3e89374c,3f197eab,600,3f198000,600,138248,131
1696,bf83419e,bdd381d8,40a9559b,3f160419,00000000,0,00000000,0,172081,165
1697,3fffa0f9,3f8d1206,403b559b,3f410625,3f800000,1000,3f800000,1000,138540,131
1698,c03172ef,bf17e910,c0dbf8a1,3e1fbe77,00000000,0,00000000,0,137665,130
1699,3f70be0e,3f16dc5d,c0c49a02,3f4ed917,3f800000,1000,3f800000,1000,136499,129
1700,bffe1d00,3e0902de,403d85f0,3ec624dd,00000000,0,00000000,0,137666,131
1701,bf143958,bece2d0e,40fda858,3e77ced9,00000000,0,00000000,0,136207,129
1702,bf0154ca,3f697f63,c0b84189,3ed4fdf4,3f800000,1000,3f800000,1000,135623,129
1703,3f930a91,3f53dcc6,40d3bb30,3f5645a2,3f800000,1000,3f800000,1000,137082,130
1704,be892f6f,be31b717,40403afb,3d1374bc,00000000,0,00000000,0,141457,133
1705,3f8e4841,3ee56bba,40a1d7dc,3ef3b646,3f800000,1000,3f800000,1000,137082,129
1706,c0472618,bf344f76,c0c1e76d,3ea7ef9e,00000000,0,00000000,0,137374,130
1707,3fc70f7c,3f5d999a,4033126f,3de978d5,3f800000,1000,3f800000,1000,137957,131
1708,bf88663c,bf0bc6a8,403e6cf4,3cbc6a7f,00000000,0,00000000,0,136207,129
1709,3fa4f0d8,3f48e48f,40aeff97,3e8e5604,3f800000,1000,3f800000,1000,136207,129
1710,bec331e4,3e22d42c,410a81d8,3f3df3b6,00000000,0,00000000,0,135624,128
1711,bfbd028a,bd3404ea,c0971412,3eaf1aa0,3e29ac37,166,3e2a4000,166,137666,130
1712,3f6538ef,3ecce076,40a97f63,3f06a7f0,3f24b155,643,3f24a000,643,136499,129
1713,3f835009,3e585bc0,c0ff9b3d,3c83126f,3f800000,1000,3f800000,1000,136207,130
1714,bf909f41,beeb50b1,c11a4952,3e4fdf3b,3f800000,1000,3f800000,1000,137374,130
1715,3f53f91e,3d9ff972,c11a75f7,3f028f5c,3f800000,1000,3f800000,1000,139415,133
1716,3f667382,3f356f00,40c292a3,3ea978d5,3f444918,767,3f442000,766,137082,130
1717,c04e4207,bf3b6042,c09acbfb,3eda9fbe,00000000,0,00000000,0,136791,129
1718,3f841206,3fb04a8c,41047bb3,3f6c49ba,3f800000,1000,3f800000,1000,135915,129
1719,bfc807dd,be911b71,40675a86,3d656042,00000000,0,00000000,0,142040,135
1720,bf05c3df,3f4dd3c3,41160e56,3ed78d50,00000000,0,00000000,0,137374,130
1721,c0195e9e,be03fe5d,3e314120,3d6d9168,00000000,0,00000000,0,137374,130
1722,403a708f,3fc28588,41099ad4,3d978d50,3f800000,1000,3f800000,1000,136498,129
1723,be4aff6d,bf2eef35,3fe2233a,3f7a1cac,00000000,0,00000000,0,137373,130
1724,c058afa3,bf2fe76d,410ec433,3f27ae14,00000000,0,00000000,0,138248,130
1725,bfdb4eba,bf35b8bb,c1183055,3ef3b646,3f6c4d44,923,3f6ca000,924,137082,130
1726,bf1fd220,3ee2d0e5,40e02196,3f1f7cee,00000000,0,00000000,0,136207,129
1727,397ba882,bec5bda5,40f448e9,3eb95810,00000000,0,00000000,0,137374,130
1728,bf37ced9,3f838106,40f947ae,3eb53f7d,00000000,0,00000000,0,136791,130
1729,3f47d806,3e6229c7,c10d85f0,3ea66666,3f800000,1000,3f800000,1000,136790,129
1730,3e77d417,3fb07382,c0fcbfb1,3f2b020c,3f800000,1000,3f800000,1000,135916,129
1731,bf89f2bb,bd1566cf,40b5ec57,3f7ced91,00000000,0,00000000,0,135916,128
1732,3f450332,3f7c0b78,3fe7f2e5,3f1ae148,3f800000,1000,3f800000,1000,135623,128
1733,bfe70996,bee74f0e,c0f888ce,3e1eb852,3f07f0a9,531,3f080000,531,137374,130
1734,3d09b520,bea6bb99,40a2ed91,3f581062,00000000,0,00000000,0,136499,129
1735,3f0ea5f8,3fc6ee63,410c7a78,3f40c49c,3f235682,638,3f230000,637,137373,129
1736,bf83851f,bf142268,c01b74bc,3f57ced9,3ce37dec,28,3ce5e000,28,135915,129
1737,3ebae3e7,3f9012d7,4042e148,3dd0e560,3f783a8d,970,3f784000,970,137082,130
1738,bef10a13,beadba5e,c07ab852,3f4ed917,3f121039,571,3f122000,571,135332,128
1739,3f2baf10,3f8f41f2,c0b04d01,3f3f3b64,3f800000,1000,3f800000,1000,134749,128
1740,be4c8de3,3e9b6e2f,c0861a37,3f2d4fdf,3f800000,1000,3f800000,1000,137082,130
1741,bfa2d235,be151eb8,4097eb85,3f5ae148,00000000,0,00000000,0,135332,128
1742,3e446738,3fa6e1b1,3c51b717,3f47ef9e,3f800000,1000,3f800000,1000,135624,129
1743,3ee346dc,3f3e84b6,40989100,3ee76c8b,3ee86252,454,3ee7e000,453,141166,134
1744,bdec02f3,bde0d1b7,3e84f766,3e449ba6,00000000,0,00000000,0,138249,131
1745,bda6defc,3fb1d07d,c0c81e4f,3eab851f,3f800000,1000,3f800000,1000,136790,130
1746,3f1cf41f,3f858e22,c0e0ea4b,3f0353f8,3f800000,1000,3f800000,1000,136790,129
1747,bf7cd0bb,be8798c8,c0dce632,3f11a9fc,3f535fa3,826,3f536000,826,136207,128
1748,bff0c7e3,be93a92a,3f8734d7,3e1db22d,00000000,0,00000000,0,136499,129
1749,3fa6a4a9,3fc4511a,c081db23,3f06a7f0,3f800000,1000,3f800000,1000,136207,129
1750,bf92031d,be9f15b5,c1022eb2,3f778d50,3f800000,1000,3f800000,1000,136208,129
1751,bf90ded3,beea43fe,408547ae,3f6fdf3b,00000000,0,00000000,0,136790,130
1752,bff225d9,bd4ca57a,40e9eecc,3ee76c8b,00000000,0,00000000,0,136207,129
1753,3ffd9be5,3f9913a9,c0c397f6,3f6978d5,3f800000,1000,3f800000,1000,135624,128
1754,bfa37bf2,3f0d3eab,c0f310cb,3f051eb8,3f800000,1000,3f800000,1000,135624,128
1755,bfe83f92,3d42c3ca,3f822681,3f6147ae,00000000,0,00000000,0,135624,128
1756,bf46f7e4,3e143fe6,40d8cf42,3f2f1aa0,00000000,0,00000000,0,135332,128
1757,bfe8de2b,3dcd70a4,c1020b78,3f0ac083,3f37c4b6,718,3f37c000,718,135916,128
1758,400316b1,3f69758e,40e38ef3,3e8a3d71,3f800000,1000,3f800000,1000,137082,130
1759,3f7ab9f5,3ecd1b71,c08e3127,3e8ac083,3f800000,1000,3f800000,1000,136207,129
1760,3e5e2ac3,3e97089a,4075c28f,3eeb020c,00000000,0,00000000,0,135915,129
1761,3ef1a4be,be8781d8,c015c5d6,3f1e353f,3f800000,1000,3f800000,1000,136207,129
1762,bf5a4a8c,be5b98c8,c086339c,3ec20c4a,3ec5daae,386,3ec62000,387,136499,130
1763,c02d95ff,bf0a49ba,bf0c63f1,3f189375,00000000,0,00000000,0,136790,130
1764,3fa0d79d,3f77a6b5,403c3127,3eec0831,3f800000,1000,3f800000,1000,135332,129
1765,be92f449,beb860aa,40f256d6,3f6f5c29,00000000,0,00000000,0,135915,128
1766,bf44ef89,3f88cf42,3e87fcb9,3ec00000,3f164546,587,3f162000,586,135915,128
1767,bd8fb00c,3fb90481,c0abba5e,3e1db22d,3f800000,1000,3f800000,1000,196874,189
1768,3d37bf1f,bc9b3d08,3f9154ca,3f4b4396,00000000,0,00000000,0,141457,134
1769,bf3cbe62,3c991687,403428f6,3f10624e,00000000,0,00000000,0,138540,131
1770,bfd4432d,3d753f7d,3fe7ae14,3eb74bc7,00000000,0,00000000,0,136790,130
1771,bff49f95,3db00d1b,c09ecb29,3f3ef9db,3de0808b,110,3de08000,110,136207,129
1772,c00fa1f5,be24b924,c0d9f55a,3d343958,3e035d67,128,3e040000,129,135623,128
1773,be960179,3f3c5aee,40ac6738,3d71a9fc,00000000,0,00000000,0,134748,128
1774,3fb8ef35,3f16e7d5,40d94f0e,3f2e978d,3f800000,1000,3f800000,1000,136790,130
1775,4013a733,3f43aace,c0395326,3e818937,3f800000,1000,3f800000,1000,136791,130
1776,3ff4894c,3fb002de,bfa2ca58,3f160419,3f800000,1000,3f800000,1000,135041,128
1777,3f9a25d9,3fcf8106,be2c56d6,3f04dd2f,3f800000,1000,3f800000,1000,135624,128
1778,bf7aa4fd,bebc8b44,c1053a2a,3e99999a,3f800000,1000,3f800000,1000,136207,129
1779,c0246738,be91e354,c11515b5,3db22d0e,3ed7cf60,422,3ed86000,423,136207,129
1780,bece464a,bcde00d2,c10ed35b,3e24dd2f,3f800000,1000,3f800000,1000,136499,129
1781,40166080,3f4cf5c3,c05722d1,3e2e147b,3f800000,1000,3f800000,1000,135040,128
1782,be960bf6,bf039a6b,c11ce5c9,3f0c0831,3f800000,1000,3f800000,1000,136207,129
1783,40261da8,3fc6d220,41187b4a,3ef9db23,3f800000,1000,3f800000,1000,136208,129
1784,3f8afd76,3ea55e9e,c1084120,3ea7ef9e,3f800000,1000,3f800000,1000,135915,129
1785,3dcec41e,3f1d8937,40300347,3d591687,3e5c848f,215,3e5c2000,215,135915,128
1786,4045cd60,3fbe9375,c0df2e49,3b83126f,3f800000,1000,3f800000,1000,135624,129
1787,400ddf65,3f7abe0e,4114f34d,3efae148,3f800000,1000,3f800000,1000,136499,129
1788,3fd2fa2f,3f337732,3d827525,3f29ba5e,3f800000,1000,3f800000,1000,135916,128
1789,bf699d88,3f4dab9f,3fd06c22,3f5851ec,3da01ff7,78,3d9f8000,78,135624,128
1790,bfa8cfc0,be8b6e2f,40b8ae7d,3f672b02,00000000,0,00000000,0,135332,128
1791,c017760c,bcbf7cee,c0a83c9f,3f3f7cee,00000000,0,00000000,0,141457,134
1792,bf4a6762,3f2a49ba,c0d4d1b7,3e9a1cac,3f800000,1000,3f800000,1000,138249,131
1793,3eb21ff3,bf07b15b,4112c28f,3f6b851f,00000000,0,00000000,0,137083,129
1794,bf355326,3f2d9e84,3fc507c8,3f589375,3dab8844,84,3dab2000,84,137374,131
1795,bf2c8f32,bf052fec,c08efb7f,3d99999a,3efd4f5b,495,3efd8000,495,136790,130
1796,c031a6b5,bed47fcc,410209d5,3d3c6a7f,00000000,0,00000000,0,136791,129
1797,bf278c00,3f48e076,40232ca5,3f70624e,3d0b0422,34,3d0b0000,34,136790,130
1798,bfd78c00,3efbbcd3,3f1bd3c3,3f604189,00000000,0,00000000,0,136499,129
1799,bfc80735,bee69446,40cda858,3f4b4396,00000000,0,00000000,0,137665,131
1800,3ef87161,be599653,4102fc50,3e947ae1,00000000,0,00000000,0,137082,130
1801,c026656b,bf1b566d,40b5c433,3f076c8b,00000000,0,00000000,0,137374,130
1802,bfa9b281,bf25cc64,c0c51b71,3f6a7efa,3f0eb4ea,557,3f0ec000,558,136207,129
1803,3f662cba,3f1bde6a,bf1a43fe,3f0dd2f2,3f800000,1000,3f800000,1000,135624,128
1804,bffa786c,bd7c84b6,c046bb99,3f5645a2,00000000,0,00000000,0,136790,129
1805,be43cf2d,be56b1c4,c0803c9f,3efae148,3f31d94e,695,3f31e000,695,136207,129
1806,3f9dbf48,3f1a8c15,408d5a86,3d916873,3f800000,1000,3f800000,1000,136499,129
1807,404b5a32,3fc0c227,406cf0d8,3f610625,3f800000,1000,3f800000,1000,137082,129
1808,3f6bbecb,3f53fb16,411c6388,3ddb22d1,3e5ad819,214,3e5a4000,213,135624,128
1809,3eb84f4c,3f2a49ba,3f3ecbfb,3ef33333,3f7fff43,1000,3f7fe000,1000,136207,129
1810,4041e796,3fad9097,4112e2eb,3df5c28f,3f800000,1000,3f800000,1000,141166,133
1811,bf56be38,3ef8b439,40e72fec,3f020c4a,00000000,0,00000000,0,137082,129
1812,4030f228,3f7eca58,410bf9db,3ee2d0e5,3f800000,1000,3f800000,1000,137665,130
1813,bec18937,3f0e240b,c053be77,3ead0e56,3f75c56e,960,3f75c000,960,136790,130
1814,3f809a02,3f58d4fe,4083b15b,3f68f5c3,3f800000,1000,3f800000,1000,136499,129
1815,3fc11687,3ea01893,3ffaca58,3e656042,3f800000,1000,3f800000,1000,138832,131
1816,bfe13e81,3e8ad917,c11073eb,3d8d4fdf,3f800000,1000,3f800000,1000,138540,132
1817,bf86f73c,3eca617c,4029eecc,3f0872b0,00000000,0,00000000,0,138248,131
1818,3fdd31ba,3f3fb574,4116f838,3da9fbe7,3f800000,1000,3f800000,1000,137082,130
1819,bdf9335d,3bcc63f1,c113bb99,3c343958,3f800000,1000,3f800000,1000,136790,130
1820,3fa90abb,3eb40347,c116e560,3f0a7efa,3f800000,1000,3f800000,1000,135624,129
1821,3f6bb59e,3e0b1f8a,403c4d01,3f3e353f,3f624a08,884,3f624000,884,136790,130
1822,3fd894c4,3fc2adac,40f26738,3f441893,3f800000,1000,3f800000,1000,137957,131
1823,3f59ffd6,bd12f1aa,40ee1ff3,3f6ccccd,00000000,0,00000000,0,135915,128
1824,3fa50332,3ef8fc50,c0ae4189,3e8fdf3b,3f800000,1000,3f800000,1000,135623,128
1825,bdd197a2,3fbee632,3fcb3333,3e0c49ba,3f800000,1000,3f800000,1000,135915,128
1826,3ff3dc48,3f1b6113,c024154d,3b449ba6,3f800000,1000,3f800000,1000,135915,129
1827,3f1eb463,3ed98937,c0ebd567,3f5e76c9,3f800000,1000,3f800000,1000,135916,129
1828,3fa6b65b,3f8b837b,c0c87525,3ee76c8b,3f800000,1000,3f800000,1000,135041,128
1829,c053f77b,bf38eb1c,40b887fd,3ec49ba6,00000000,0,00000000,0,137082,130
1830,bfbd805e,3e87ae14,3fc60aa6,3f78d4fe,00000000,0,00000000,0,136499,129
1831,bed67770,bd8e9100,c102c63f,3f10a3d7,3f800000,1000,3f800000,1000,136499,129
1832,c00419e3,bedf3190,40f97cee,3f78d4fe,00000000,0,00000000,0,136499,130
1833,3fb8850a,3f9fef35,c0e18034,3e91eb85,3f800000,1000,3f800000,1000,135624,128
1834,3fe0de2b,3fa3d6a1,c0a37a78,3f27ae14,3f800000,1000,3f800000,1000,135040,128
1835,3f62641b,3f25e9e2,c038f766,3f7eb852,3f800000,1000,3f800000,1000,135623,128
1836,bfd8f909,3e2e4f76,40529446,3f439581,00000000,0,00000000,0,135624,129
1837,bff37de9,3e30e8a7,40a55254,3dfdf3b6,00000000,0,00000000,0,136207,129
1838,3eee978d,3fae10cb,41051893,3f50a3d7,3ede2406,434,3edde000,433,136499,130
1839,bf932df5,be228f5c,c016a4a9,3da3d70a,00000000,0,00000000,0,142041,135
1840,3fdde93a,3f9b7c85,401e1134,3f46e979,3f800000,1000,3f800000,1000,140290,133
1841,3f7e4e27,3f5a7fcc,410a2b02,3e810625,3f0ce4bc,550,3f0cc000,550,136791,129
1842,bf9cb72c,3ec8779a,c0cbe910,3f076c8b,3f75c9c1,960,3f75c000,960,136207,129
1843,be5bd513,bd716873,c0145a1d,3d0b4396,3eaaa64d,333,3eaac000,333,137374,130
1844,c01c4ab6,bdbfc505,c118e426,3f35c28f,3f1709fc,590,3f174000,591,137082,130
1845,be5db22d,bf3b3f7d,bf369446,3f208312,3dd29671,103,3dd2a000,103,136790,129
1846,3eca2878,3fbd1893,4068bc6a,3f6b851f,3f800000,1000,3f800000,1000,136791,130
1847,bf9adf50,bea12d77,4111eab3,3e8e5604,00000000,0,00000000,0,135915,129
1848,bf963fbc,3f159724,3e86a7f0,3d9ba5e3,00000000,0,00000000,0,135916,129
1849,c00683e4,3e68c155,4117f5c3,3f2353f8,00000000,0,00000000,0,137082,130
1850,3db7bf1f,be9a5604,c0cf7f63,3e9fbe77,3f800000,1000,3f800000,1000,136498,129
1851,bfdec95c,bcef0069,40b87ae1,3f63126f,00000000,0,00000000,0,137373,131
1852,bed91149,3f852d77,3d93dd98,3ed16873,3f45b759,772,3f45a000,772,136207,130
1853,4022186a,3fa8cbfb,411d5e35,3f558106,3f800000,1000,3f800000,1000,136207,129
1854,c01dbab2,bf0def9e,bf9b8ef3,3f39999a,00000000,0,00000000,0,135915,129
1855,bfcc3bf7,bf05ba5e,c1184189,3ea147ae,3f777271,967,3f778000,967,137082,130
1856,3e98e4b8,3ef69c78,40eb9db2,3f4ccccd,00000000,0,00000000,0,136499,129
1857,400cadac,3f5fc361,c072147b,3f3374bc,3f800000,1000,3f800000,1000,136207,129
1858,3f02eb1c,3f4e51ec,c03cc986,3cdd2f1b,3f800000,1000,3f800000,1000,137374,130
1859,3ee4a383,3ea4c155,c05d652c,3f4c8b44,3f800000,1000,3f800000,1000,135915,129
1860,bebecd4b,3e9a48e9,3fc5f3b6,3be56042,00000000,0,00000000,0,136499,130
1861,40218202,3f58fd22,40ba7c85,3f2147ae,3f800000,1000,3f800000,1000,137082,130
1862,3f96b11c,3f19f141,bfbf0a3d,3f445a1d,3f800000,1000,3f800000,1000,137374,131
1863,bfafe521,bf2c3e42,40f54396,3e6147ae,00000000,0,00000000,0,175874,168
1864,3f6888f8,bdca0903,411097f6,3f800000,00000000,0,00000000,0,140873,133
1865,be5205bc,3f4b6c8b,c09c7525,3df5c28f,3f800000,1000,3f800000,1000,139124,132
1866,c01e602d,bd45119d,c0dcdd2f,3f649ba6,3dea304b,114,3deb0000,115,137666,131
1867,3fb84ff4,3f2beecc,c012353f,3f028f5c,3f800000,1000,3f800000,1000,137373,131
1868,be6ab8a6,3d193dd9,beda1cac,3f09374c,3d8e02c9,69,3d8e0000,69,136207,129
1869,40059e84,3f2f93de,3fc18fc5,3f33b646,3f800000,1000,3f800000,1000,135915,129
1870,3f31af3a,3f10161e,c0c288ce,3f46e979,3f800000,1000,3f800000,1000,135916,128
1871,3dde353f,be6e00d2,c0876f00,3f40c49c,3f7f87ac,998,3f7f8000,998,137374,130
1872,40063a2a,3f73288d,c10b205c,3f7eb852,3f800000,1000,3f800000,1000,139416,132
1873,bfde5de1,bf104745,4108faad,3e0d4fdf,00000000,0,00000000,0,139999,133
1874,bf9bd902,3e8ffcb9,40142f83,3eec8b44,00000000,0,00000000,0,138832,132
1875,4025f213,3f6c87fd,401b8ef3,3ddf3b64,3f800000,1000,3f800000,1000,137957,131
1876,3f0346dc,3f757660,c003b646,3f2c0831,3f800000,1000,3f800000,1000,137957,131
1877,bfa1d53d,3eb8af4f,c0df1aa0,3c656042,3f7805fb,969,3f782000,969,137665,131
1878,403a1188,3fc2f2e5,4085e0df,3ee24dd3,3f800000,1000,3f800000,1000,136499,130
1879,3fd15d4f,3fae0275,c0d7a92a,3f4872b0,3f800000,1000,3f800000,1000,135916,129
1880,3d7a58f7,bf169c78,4106e0df,3f400000,00000000,0,00000000,0,137374,130
1881,3e1143bf,bd835a86,c11fe1b1,3f27ef9e,3f800000,1000,3f800000,1000,136790,130
1882,bf182fd7,beb919ce,bf971de7,3f208312,00000000,0,00000000,0,137082,130
1883,3f264303,3fa32ca5,40760903,3f70624e,3f800000,1000,3f800000,1000,137957,131
1884,c016c227,be2f34d7,409df55a,3eb74bc7,00000000,0,00000000,0,136790,130
1885,3d18f1d4,3f36a305,3d9ba5e3,3ef3b646,3f3e9a78,745,3f3ea000,745,137374,130
1886,bfaf78ff,3f12ded3,407f6ae8,3ecfdf3b,00000000,0,00000000,0,136498,130
1887,3f899c39,3d958e22,c042d773,3f2c0831,3f800000,1000,3f800000,1000,142916,136
1888,3fa243fe,3fa774bc,c0924745,3e839581,3f800000,1000,3f800000,1000,137374,130
1889,bf416484,be3afb7f,bff072b0,3e0b4396,00000000,0,00000000,0,137374,130
1890,3eeaf790,3e4d7732,c0146c22,3ef22d0e,3f800000,1000,3f800000,1000,137957,131
1891,bfcca622,befd1687,c04c9375,3d8d4fdf,00000000,0,00000000,0,137082,130
1892,3f83b257,3fab66cf,bf9eecc0,3e3c6a7f,3f800000,1000,3f800000,1000,136499,129
1893,c030f4c7,bf26daba,c10a9db2,3f276c8b,3e86540c,262,3e866000,262,137666,130
1894,3cd013a9,3fc1cf42,3fbfc505,3e89374c,3f800000,1000,3f800000,1000,136790,129
1895,bf6d527e,bf2341f2,c073e0df,3f649ba6,3ea9d304,332,3ea9e000,332,137957,131
1896,405d4174,3fcb6595,40ccbe0e,3c54fdf4,3f800000,1000,3f800000,1000,137957,130
1897,bf44eb9a,3dc339c1,bf8eecc0,3f33f7cf,00000000,0,00000000,0,135916,129
1898,40210a13,3fb593de,c10d26e9,3ed89375,3f800000,1000,3f800000,1000,135624,129
1899,3fd0b0f2,3f72c083,3fcb8bac,3f6c8b44,3f800000,1000,3f800000,1000,135915,129
1900,be7111f1,3fa475f7,4006f9db,3e79db23,3f34144f,703,3f342000,704,135915,129
1901,bee69835,be4c2f83,c0cbb646,3d6d9168,3f724d2d,946,3f726000,947,136207,129
1902,bf427675,3f2ad917,c056594b,3e4fdf3b,3f5d2e06,864,3f5d4000,864,136207,129
1903,bfaf7660,3ecc816f,40b77b4a,3f25e354,00000000,0,00000000,0,136499,129
1904,bf2a1dfc,3f30b924,bd896bba,3e24dd2f,3eaca6db,337,3eaca000,337,135332,128
1905,bed923a3,3f870000,3feae148,3ed78d50,3ef01cac,469,3ef00000,469,136208,129
1906,3f4c6e6e,3c8a57a8,c0b92618,3ef33333,3f800000,1000,3f800000,1000,136207,129
1907,404aae7d,3fbb013b,3e32fec5,3f0e5604,3f800000,1000,3f800000,1000,137082,129
1908,3fc85faf,3fa3e219,400bf141,3ed70a3d,3f800000,1000,3f800000,1000,137082,130
1909,bee3a29c,3d7765fe,40d09ad4,3ef53f7d,00000000,0,00000000,0,135332,129
1910,4011ce5b,3f7f645a,3f9779a7,3dd2f1aa,3f800000,1000,3f800000,1000,134749,128
1911,c01293f3,bebb9c0f,40b973eb,3e808312,00000000,0,00000000,0,143207,137
1912,bf04d014,bda81d7e,40916ae8,3efae148,00000000,0,00000000,0,136499,130
1913,c014ff97,bf16985f,c0aad0e5,3e828f5c,00000000,0,00000000,0,137082,129
1914,c0400cc8,bf237dbf,4101068e,3e4ed917,00000000,0,00000000,0,136499,129
1915,bfb0c88a,befe48e9,c0ae902e,3f7db22d,3ed2278e,410,3ed28000,411,141165,134
1916,3f7afb7f,3f8d1965,3fc3126f,3dc8b439,3f800000,1000,3f800000,1000,138249,130
1917,3dcadff8,3fcdbda5,c0dcb296,3e88b439,3f800000,1000,3f800000,1000,136791,130
1918,bf97a6df,3e9a617c,41174af5,3f2ccccd,00000000,0,00000000,0,136498,129
1919,3f770e2c,3f882f1b,bfdd8106,3f639581,3f800000,1000,3f800000,1000,137082,130
1920,3fddc28f,3f9fbf48,c0d8425b,3d5d2f1b,3f800000,1000,3f800000,1000,136498,130
1921,3fcdcb14,3ee8ac08,bf0d5cfb,3efc6a7f,3f800000,1000,3f800000,1000,136498,130
1922,bf6db4cc,3ccea4a9,40eed6a1,3e8d4fdf,00000000,0,00000000,0,136207,129
1923,3fae2ac3,3f51cc64,c01d6042,3eb95810,3f800000,1000,3f800000,1000,135915,129
1924,4042c322,3fb2d639,c06bbcd3,3f6e978d,3f800000,1000,3f800000,1000,136498,130
1925,bf302c91,3f021d7e,c111a6b5,3ede353f,3f800000,1000,3f800000,1000,136790,129
1926,3e4cd20b,3f4649ba,c04dfd8b,3f760419,3f800000,1000,3f800000,1000,136791,129
1927,c06670e3,bf379168,40a231f9,3dc28f5c,00000000,0,00000000,0,135915,129
1928,bf64de7f,3eef79a7,40622b6b,3f4b851f,00000000,0,00000000,0,136499,129
1929,40494120,3fb56c8b,3e29e1b1,3f3374bc,3f800000,1000,3f800000,1000,136499,129
1930,bf6f4342,be13f488,c02eee63,3e3a5e35,3d80c957,63,3d80c000,63,135333,129
1931,c036b9f5,bedbae14,406c4b5e,3d6d9168,00000000,0,00000000,0,136499,129
1932,be292f6f,3f962196,40e843fe,3f195810,00000000,0,00000000,0,135623,128
1933,3f947d80,3f6fe76d,4096f694,3f6f1aa0,3f800000,1000,3f800000,1000,136207,129
1934,c01cfaad,befa5aee,c1010b0f,3eae147b,3e8f051f,279,3e8ee000,279,136790,130
1935,3fc03127,3f6aed91,408c05bc,3f6624dd,3f800000,1000,3f800000,1000,250248,240
1936,401f6556,3f8bed29,40360aa6,3f2d9168,3f800000,1000,3f800000,1000,354080,342
1937,3e49fe87,3f376388,411c5048,3ec6a7f0,00000000,0,00000000,0,259872,249
1938,400974e6,3f662681,3f9a57a8,3eb95810,3f800000,1000,3f800000,1000,158957,149
1939,c04103da,bef9aee6,c052a7f0,3f5126e9,00000000,0,00000000,0,141749,135
1940,bfdfc1be,3ebf3d08,c08691d1,3f2a3d71,3e9c730c,306,3e9cc000,306,139999,132
1941,c00b2863,bf2754ca,403c7c85,3ec20c4a,00000000,0,00000000,0,138832,131
1942,be866905,3d418937,c090a4a9,3ec6a7f0,3f489f74,784,3f48a000,784,138540,132
1943,3ff4fa05,3f723bcd,40a741f2,3edf3b64,3f800000,1000,3f800000,1000,138249,131
1944,bfc9ea36,3ec5205c,c014985f,3ea24dd3,3ce080e8,27,3ce30000,28,137374,130
1945,3f878e9f,3f38bc6a,4098c2f8,3f395810,3f800000,1000,3f800000,1000,137082,130
1946,bfe3ed52,3e99d495,4116295f,3f79999a,00000000,0,00000000,0,136498,129
1947,bf3e368f,be4487fd,bfe0e8a7,3dd4fdf4,00000000,0,00000000,0,138541,132
1948,bf4c6690,bf04f34d,c03dcc64,3eae147b,3e411d3c,189,3e414000,189,137374,130
1949,bfbe4d7f,3e97559b,c0fcb50b,3e3d70a4,3f7b8d58,983,3f7bc000,983,138832,132
1950,bf11f213,3f933958,be6b851f,3ecac083,3f59e2ec,851,3f59e000,851,137374,130
1951,c02985f0,bf3e6738,40f057a8,3eac8b44,00000000,0,00000000,0,136208,129
1952,bf455864,3f8b9ba6,411dfd22,3f54bc6a,00000000,0,00000000,0,136790,130
1953,3fa43aa8,3e7037b5,c1153a93,3f2d9168,3f800000,1000,3f800000,1000,138541,131
1954,c0068f5c,bf3a7e28,4111db23,3f7e353f,00000000,0,00000000,0,137665,131
1955,c01eb218,bdae6320,409181d8,3e85a1cb,00000000,0,00000000,0,149915,143
1956,bf332df5,bcb22d0e,c07fdf3b,3dced917,3eccaff8,400,3ecce000,400,141165,134
1957,3ea61f9f,3f0e72b0,c0dc68dc,3f72f1aa,3f800000,1000,3f800000,1000,138541,132
1958,bf43443d,3f675f70,410f2a99,3db645a2,00000000,0,00000000,0,137082,130
1959,3fccdbe0,3f2522d1,c05cbac7,3f14bc6a,3f800000,1000,3f800000,1000,136790,130
1960,c03fc7a4,be988312,c0a21cac,3eb9db23,00000000,0,00000000,0,136790,130
1961,bf316b12,be985a1d,4116f62b,3ecdd2f2,00000000,0,00000000,0,136498,129
1962,bed1b1d9,3f971aa0,bf002752,3f39db23,3f800000,1000,3f800000,1000,136207,129
1963,bf6a3982,bf2f096c,41024c30,3f3ced91,00000000,0,00000000,0,136207,129
1964,3fa8a3d7,3fca240b,40f46e98,3f30e560,3f800000,1000,3f800000,1000,137374,130
1965,bf7ab368,3ec7ef9e,410c8ce7,3f6ccccd,00000000,0,00000000,0,136207,129
1966,c0432863,bf158866,c0999f56,3d54fdf4,00000000,0,00000000,0,137082,130
1967,3f1d53ce,3f22cf42,bf23b646,3c9374bc,3f800000,1000,3f800000,1000,136499,129
1968,3fb23ad2,3f01b7e9,4111c711,3f71eb85,3f3d9dcd,741,3f3d8000,740,136499,129
1969,be8e392e,3f1ef0d8,41042752,3f353f7d,00000000,0,00000000,0,135040,128
1970,c054f909,bf16978d,4010bc6a,3f522d0e,00000000,0,00000000,0,135623,128
1971,bf947842,3e6b2618,3fc9374c,3f370a3d,00000000,0,00000000,0,135916,130
1972,bf3436b9,3ded9e84,c09bdbf5,3efe76c9,3f32e7e0,699,3f330000,699,137665,130
1973,3f078e9f,3fc942c4,c06afec5,3e9fbe77,3f800000,1000,3f800000,1000,136790,129
1974,3f0704ff,3f98b780,401ffb16,3f6c49ba,3f800000,1000,3f800000,1000,137082,130
1975,bfe400fc,be8b212d,41062de0,3f59db23,00000000,0,00000000,0,137082,129
1976,40015ca7,3fbc2752,40149375,3f21cac1,3f800000,1000,3f800000,1000,137082,131
1977,40058549,3f9fd0e5,3fd3e0df,3eb2b021,3f800000,1000,3f800000,1000,135332,129
1978,3efdd1a2,3f9fced9,40afff2e,3df1a9fc,3f4f5791,810,3f4f2000,809,136208,129
1979,bfdf9fa9,3e5cb5dd,411e57a8,3ef7ced9,00000000,0,00000000,0,142332,135
1980,c023952d,bf37930c,c0d80ded,3e322d0e,00000000,0,00000000,0,139707,132
1981,bfd25461,3d861e4f,40b5b8bb,3f16c8b4,00000000,0,00000000,0,138540,131
1982,3fcc67e0,3f42154d,c0871b71,3edeb852,3f800000,1000,3f800000,1000,137082,130
1983,3f690ff9,3f63b574,3fc154ca,3f07ef9e,3f800000,1000,3f800000,1000,136207,129
1984,402c65e9,3fb6a305,c0b3460b,3f3f7cee,3f800000,1000,3f800000,1000,138249,131
1985,3fba0a52,3fadbb30,40f629c7,3f3d70a4,3f800000,1000,3f800000,1000,136207,129
1986,3fe0980b,3fc63a93,c113a162,3f4c0831,3f800000,1000,3f800000,1000,135916,128
1987,c02322d1,bf10816f,40eb9581,3e560419,00000000,0,00000000,0,136499,129
1988,40224ae0,3fa26320,40a06dc6,3f249ba6,3f800000,1000,3f800000,1000,136207,129
1989,be06cca3,3ef166cf,3f959168,3f4b851f,3e7da21e,248,3e7d6000,247,136207,129
1990,bfde9d73,bf06acda,40884f76,3f66a7f0,00000000,0,00000000,0,135624,129
1991,bfbacba7,3e40adac,c0e3a440,3f5ced91,3f5392e8,826,3f53a000,827,137665,129
1992,bfea9d1f,bdefec57,c09d2bd4,3df3b646,00000000,0,00000000,0,136498,130
1993,bfb249e4,bef339c1,c0d284b6,3f36c8b4,3f14419b,579,3f146000,580,137082,130
1994,bffae5de,bebab1c4,c09a60aa,3f1be76d,00000000,0,00000000,0,137373,130
1995,bf8ad6cb,3f04f9db,411e71de,3eced917,00000000,0,00000000,0,139124,131
1996,c010ddd7,bf0052bd,410c6e2f,3f59999a,00000000,0,00000000,0,136207,129
1997,bdc855da,3fb0dd2f,411052bd,3c1374bc,00000000,0,00000000,0,137957,130
1998,bfb67621,3f073405,40e93c36,3e51eb85,00000000,0,00000000,0,136498,129
1999,403618bd,3f859c0f,c0e200d2,3f428f5c,3f800000,1000,3f800000,1000,137082,130
2000,c02ea7f0,bed2fd22,c0d8dfa4,3f7b645a,00000000,0,00000000,0,137957,131
2001,3faaba9d,3f06b780,c0d99c0f,3d449ba6,3f800000,1000,3f800000,1000,138248,131
2002,3f4d5cfb,3fcd83e4,4114353f,3f251eb8,3f67b146,905,3f676000,904,137957,131
2003,c04b45e1,bf2b5183,4089c6a8,3d958106,00000000,0,00000000,0,140582,134
2004,bfbade01,bd64b5dd,3ffc5d64,3f5db22d,00000000,0,00000000,0,139124,132
2005,bee3419e,3f179168,411daa65,3f604189,00000000,0,00000000,0,137082,129
2006,bfea03c5,bebc4b5e,40daab36,3f126e98,00000000,0,00000000,0,137083,130
2007,c018572a,bdb71759,c0fca57a,3f20c49c,3ea0a73e,314,3ea0a000,314,136498,129
2008,3ddbc01a,3fc2b1c4,40f179a7,3e5c28f6,3e443c71,192,3e43e000,191,137082,130
2009,3f0fb15b,3f731eb8,c086ee63,3f4ccccd,3f800000,1000,3f800000,1000,144957,137
2010,3fa11340,3f90c49c,409167a1,3e418937,3f800000,1000,3f800000,1000,137957,131
2011,402c8b44,3f98ca58,41035b57,3f73f7cf,3f800000,1000,3f800000,1000,135916,129
2012,3f580b24,3c404ea5,40d0ebee,3f6e5604,3d3aad8e,46,3d38a000,45,137082,130
2013,bf619115,bed35dcc,401bcd36,3f31eb85,00000000,0,00000000,0,135915,128
2014,bf5769ec,bf3a7bb3,bfd68db9,3f4c8b44,00000000,0,00000000,0,136790,129
2015,be895183,3eebfcb9,40212546,3f7be76d,00000000,0,00000000,0,136499,129
2016,3ffa641b,3f1ad6a1,3fa6ae7d,3ee3d70a,3f800000,1000,3f800000,1000,136207,129
2017,3fc040e1,3f9a4f0e,c030e219,3f160419,3f800000,1000,3f800000,1000,137373,130
2018,3f4a92a3,3f841d15,3f1212d7,3e79db23,3f800000,1000,3f800000,1000,137082,129
2019,3f091a76,be1a1ff3,c11e45a2,3f2624dd,3f800000,1000,3f800000,1000,137957,131
2020,bf66b65b,3e1d66cf,be9295ea,3f25a1cb,00000000,0,00000000,0,136207,129
2021,3f90331e,3f9db717,406ad5d0,3f7374bc,3f800000,1000,3f800000,1000,137373,131
2022,4020d64d,3fb947ae,40e9d7dc,3e849ba6,3f800000,1000,3f800000,1000,144665,136
2023,bfe46dc6,becc5bc0,c06b5254,3d958106,00000000,0,00000000,0,138249,131
2024,3e74eb9a,bf134e3c,40f4d6a1,3eed9168,00000000,0,00000000,0,137374,130
2025,3f08c693,3f359653,41004fdf,3d851eb8,00000000,0,00000000,0,136499,129
2026,bee6833c,3fa2a3d7,c009ab9f,3ec624dd,3f800000,1000,3f800000,1000,136207,129
2027,3cfe9b7c,3fa2fe5d,407b6113,3f000000,3f0ca8ac,549,3f0ca000,549,139707,132
2028,c00503da,bf3fe0df,40529100,3f49374c,00000000,0,00000000,0,137666,130
2029,bf1ccb7d,3e52e48f,c0bf15b5,3f0c0831,3f800000,1000,3f800000,1000,135623,128
2030,3d7a1a0d,3f1e72b0,c0e69e1b,3ed9999a,3f800000,1000,3f800000,1000,135624,129
2031,3da97e13,3fb1b9f5,40eb61e5,3c83126f,3d607699,55,3d5f2000,54,135041,128
2032,403dfe87,3faf339c,40880b78,3f11eb85,3f800000,1000,3f800000,1000,135332,129
2033,3f1d7492,3e838866,40bce2eb,3f32b021,3d6dfc3c,58,3d6d2000,58,137082,129
2034,c04818e7,bf381134,c087923a,3ec7ae14,00000000,0,00000000,0,137082,130
2035,c019999a,bf0a5461,be0816f0,3eab851f,00000000,0,00000000,0,136790,129
2036,c02b81d8,bf12b439,c0ea1b09,3f1f7cee,3d72a9ea,59,3d74e000,60,136499,129
2037,bff4aa11,be76872b,c01d2d77,3f4f1aa0,00000000,0,00000000,0,136499,129
2038,3fdb3e57,3ea78a09,3e24dd2f,3e4dd2f2,3f800000,1000,3f800000,1000,137957,131
2039,bf1b3d08,3f2c9375,41177c1c,3f66a7f0,00000000,0,00000000,0,135332,128
2040,3fdc894c,3fa17dbf,401b212d,3ea6e979,3f800000,1000,3f800000,1000,137373,129
2041,bf5d1b71,bf0cb780,404362b7,3f3e76c9,00000000,0,00000000,0,136207,128
2042,3febf530,3f9fcd36,4113c0ec,3dfbe76d,3f800000,1000,3f800000,1000,137082,130
2043,3eb6a93f,3f11e910,408ca305,3f73f7cf,3e9a1906,301,3e99e000,301,135915,129
2044,bf29a565,3f8d3d08,bfabf488,3f333333,3f7e5997,994,3f7e6000,994,135623,128
2045,3d9c5825,be686f69,c1106cf4,3e77ced9,3f800000,1000,3f800000,1000,136498,129
2046,3f941bda,3fc297f6,c10006f7,3f174bc7,3f800000,1000,3f800000,1000,136791,130
2047,c0394de8,bed07fcc,bfe65fd9,3ee4dd2f,00000000,0,00000000,0,137374,130
2048,bfe074a7,bf37e76d,beae48e9,3f343958,00000000,0,00000000,0,136207,129
2049,c03f40f6,becadc5d,411c7f63,3f628f5c,00000000,0,00000000,0,136499,129
2050,bd8cc78f,3faa6113,c08625af,3e8ac083,3f800000,1000,3f800000,1000,136207,129
2051,403208af,3fcff55a,bfb5dcc6,3f48b439,3f800000,1000,3f800000,1000,137082,130
2052,3fb40b78,3f40de01,3ff123a3,3e50e560,3f800000,1000,3f800000,1000,138249,131
2053,40580ebf,3fb8985f,c0aba512,3f466666,3f800000,1000,3f800000,1000,136499,129
2054,bffcf180,be92f9db,bf8837b5,3ed26e98,00000000,0,00000000,0,136207,129
2055,3e615769,3ee0cccd,4111c6a8,3eb126e9,00000000,0,00000000,0,137082,130
2056,3f417ebb,3fa57fcc,40e39653,3f4c49ba,3f7743ee,966,3f770000,965,136790,129
2057,3f2be37e,3f34786c,406d3405,3f7be76d,3f756716,959,3f754000,958,135916,129
2058,c00932b5,3e860419,c11c37b5,3e70a3d7,3f76f42a,965,3f770000,965,137957,130
2059,bffe0957,beec624e,40a5a858,3e6a7efa,00000000,0,00000000,0,137957,131
2060,be8b6d87,3ece9100,4007e426,3f789375,00000000,0,00000000,0,136207,129
2061,3f4414a5,3e5e0ded,c00acbfb,3f410625,3f800000,1000,3f800000,1000,135332,128
2062,bf86dd05,be98b5dd,c0ee2824,3e48b439,3f5a3854,852,3f5a4000,853,137374,129
2063,bf4bca97,3f59d14e,409ba92a,3e23d70a,00000000,0,00000000,0,135916,129
2064,c03ea162,bef8ded3,40bb3c36,3eb2b021,00000000,0,00000000,0,136498,130
2065,c04a0fe4,bedbb2ff,4010d6a1,3f1020c5,00000000,0,00000000,0,135623,128
2066,3fb60f3d,3f4c1062,408f5f70,3f7e353f,3f800000,1000,3f800000,1000,137082,129
2067,3f5ebc41,3f8ac5d6,404dc28f,3ea56042,3f800000,1000,3f800000,1000,135916,129
2068,3f2a92a3,3ee24f76,4110c5d6,3dc8b439,00000000,0,00000000,0,137374,131
2069,bf30afa3,3df3bcd3,40256388,3ea7ef9e,00000000,0,00000000,0,136499,129
2070,3f8b19a4,3f7b9ce0,3fd3e426,3d656042,3f800000,1000,3f800000,1000,136207,129
2071,4048b1ee,3faa8db9,c02c6738,3f4d4fdf,3f800000,1000,3f800000,1000,136790,129
2072,3f1ab218,3faca305,3fb8ef35,3f01cac1,3f800000,1000,3f800000,1000,136207,129
2073,3fc339c1,3fba93de,c08c6a7f,3db43958,3f800000,1000,3f800000,1000,136499,129
2074,bddaf8df,3f06be0e,40128588,3dc28f5c,3d1a38b1,38,3d19e000,38,134749,128
2075,400ec322,3fa8f838,c03600d2,3e9d2f1b,3f800000,1000,3f800000,1000,137957,131
2076,c002eeb7,be7dfa44,c1096595,3f12b021,3f19a06c,600,3f19c000,601,137083,130
2077,c03e6df0,bf34f838,c0b095ea,3f543958,00000000,0,00000000,0,136790,129
2078,3f814c44,3eeb089a,404413a9,3d6978d5,3f800000,1000,3f800000,1000,137665,130
2079,bdc10b63,be22d773,40ac703b,3edeb852,00000000,0,00000000,0,136499,129
2080,3f36887b,3f1f367a,bfbaa305,3f0b4396,3f800000,1000,3f800000,1000,135915,129
2081,40243276,3f87b15b,40d4786c,3e9ba5e3,3f800000,1000,3f800000,1000,135915,129
2082,3f02b94e,3faf7cee,c11f6320,3eddb22d,3f800000,1000,3f800000,1000,136791,129
2083,bf421c04,3e5aacda,c1085254,3f2d0e56,3f800000,1000,3f800000,1000,135915,128
2084,beff38c5,3e85fa44,40fc624e,3ccccccd,00000000,0,00000000,0,137666,131
2085,bfb1b329,be69e83e,c02fb15b,3f5d70a4,00000000,0,00000000,0,137957,131
2086,3fb7c1be,3fc54e3c,c0adbc02,3e624dd3,3f800000,1000,3f800000,1000,136207,129
2087,be92fc26,bf0ec711,bf8aa64c,3e46a7f0,3dba083a,91,3dba0000,91,137665,131
2088,3f726e98,3fbb0b78,4022c227,3e0f5c29,3f800000,1000,3f800000,1000,137083,130
2089,bfcc97b7,bf3ae704,c0ebd639,3f045a1d,3f195e19,599,3f198000,600,137082,129
2090,c0077aa2,3e1b295f,3ef288ce,3ef0a3d7,00000000,0,00000000,0,135916,129
2091,beb8ef35,3ecc84b6,404c28f6,3ed47ae1,00000000,0,00000000,0,136790,130
2092,3ebe8922,bd4240b8,c0f0cb29,3de978d5,3f800000,1000,3f800000,1000,135915,129
2093,be2b367a,3dad21ff,bfe6e632,3f7d2f1b,3edf46a2,436,3edf4000,436,137957,130
2094,3e1df655,3e6cea4b,40008659,3f43d70a,3e133d38,144,3e132000,144,137082,130
2095,bdb7952d,3f86ce70,40f6cf42,3dae147b,00000000,0,00000000,0,139124,131
2096,bee4d2b3,bf22ce70,c0048312,3dcccccd,3e378811,179,3e378000,179,137665,131
2097,3f8196fb,3f2aebee,4065fd8b,3d958106,3f800000,1000,3f800000,1000,136207,129
2098,3ebeb314,3e86b50b,40632618,3be56042,3dd29990,103,3dd28000,103,135915,129
2099,bfe5cdb3,be578a09,4078ebee,3ef5c28f,00000000,0,00000000,0,157790,150
2100,bfcbbd7b,3d4f837b,c0e4f9db,3b03126f,3f0ed442,558,3f0f0000,559,140582,133
2101,bf8ba29c,3e55b8bb,c0cd81d8,3e3126e9,3f55ee6d,836,3f560000,836,136790,130
2102,c01e8199,bf323055,c01af694,3b03126f,00000000,0,00000000,0,138540,132
2103,3ed58b82,3f6f096c,c0085bc0,3f5851ec,3f800000,1000,3f800000,1000,136791,129
2104,c00eca58,bb0b4396,410434d7,3ecb4396,00000000,0,00000000,0,135915,129
2105,bf4ebc41,bf0730be,bfbd7732,3f008312,00000000,0,00000000,0,137665,130
2106,3edfeb07,3e4b923a,c02f41f2,3d27ef9e,3f800000,1000,3f800000,1000,136791,129
2107,bbb43958,3fab3eab,3fb9d7dc,3eeb020c,3f800000,1000,3f800000,1000,135915,129
2108,bffc14a5,3e132618,3f94816f,3f6147ae,00000000,0,00000000,0,135915,129
2109,3f3f1e8e,3fc025af,3fc80d1b,3d50e560,3f800000,1000,3f800000,1000,135915,128
2110,3e884381,3f6af1aa,c078ed91,3ee353f8,3f800000,1000,3f800000,1000,137957,131
2111,3cc73abd,3ea3dbf5,c0353c36,3da3d70a,3f5b7cd9,857,3f5b8000,857,135624,128
2112,bf6b9e06,3eccc7e3,c0f1f488,3f3f3b64,3f800000,1000,3f800000,1000,135916,129
2113,bfba070c,3f151eb8,406d3c36,3f408312,00000000,0,00000000,0,135623,129
2114,3e2fd75e,3d9e703b,40bf573f,3e91eb85,00000000,0,00000000,0,136790,130
2115,3f9d5f9a,3f778034,c0acab36,3f076c8b,3f800000,1000,3f800000,1000,135624,128
2116,bfcb126f,3efad0e5,409d7e91,3f522d0e,00000000,0,00000000,0,136791,129
2117,c018816f,befc0000,3e041893,3e4ac083,00000000,0,00000000,0,135915,129
2118,bf9c6738,bde5c28f,411a39c1,3f0e147b,00000000,0,00000000,0,135623,128
2119,3e9a7daa,3f2c9446,40249ba6,3ebd70a4,3f17d089,593,3f17c000,593,136207,129
2120,4009859d,3f272474,4106f213,3f649ba6,3f800000,1000,3f800000,1000,136498,129
2121,3f1a0903,3f698937,be19999a,3f12b021,3f800000,1000,3f800000,1000,136791,130
2122,3f776b3c,be09cac1,40bb8794,3e883127,3e7e2040,248,3e7d8000,248,137665,131
2123,c0390386,bed9bf48,c0e2624e,3df3b646,00000000,0,00000000,0,137373,131
2124,c0202c3d,bdbbedfa,c077e282,3f0c0831,00000000,0,00000000,0,137666,130
2125,bf0c2268,3f38acda,c0ae00d2,3e6a7efa,3f800000,1000,3f800000,1000,136790,129
2126,c0177aa2,3d39b3d0,c05b6fd2,3ec08312,00000000,0,00000000,0,136207,129
2127,3fa21cac,3f8e1412,bfeccccd,3f0b4396,3f800000,1000,3f800000,1000,136791,129
2128,c04c6bcf,bf3b8a09,4084816f,3e656042,00000000,0,00000000,0,142332,135
2129,3f9b4784,3f7f205c,40b93eab,3f418937,3f800000,1000,3f800000,1000,139707,133
2130,4037d4bf,3fbe5aee,c08a01a3,3f7db22d,3f800000,1000,3f800000,1000,137666,130
2131,3f1967cb,3f4b2d77,c049b3d0,3c1374bc,3f800000,1000,3f800000,1000,136499,130
2132,be9c5586,3e49a36e,3edf4880,3eda1cac,3c0dc64c,9,3c0c4000,9,135040,128
2133,bd167caf,3f8966cf,bf5ef9db,3e3851ec,3f800000,1000,3f800000,1000,137082,130
2134,be16db0e,3d5d07c8,c003df3b,3f2a7efa,3edd630a,432,3edd6000,432,137665,131
2135,400818e7,3f95538f,bf967a10,3f483127,3f800000,1000,3f800000,1000,137665,131
2136,bfb7a440,3ee15e9e,c0287454,3ecb4396,3e59615e,212,3e59a000,213,137665,131
2137,bf45d24a,3f024b5e,c0dd288d,3f272b02,3f800000,1000,3f800000,1000,136791,130
2138,3f319a41,3fbfff2e,c0486738,3f045a1d,3f800000,1000,3f800000,1000,138249,131
2139,3f219f80,3f756042,c015e4f7,3e6c8b44,3f800000,1000,3f800000,1000,135915,129
2140,c032a10e,bf0703b0,411ae0df,3f360419,00000000,0,00000000,0,136790,129
2141,bf464ecf,3e8075f7,40c7a1cb,3e89ba5e,00000000,0,00000000,0,135916,129
2142,3d48216c,3f2ae2eb,c0265604,3f7f3b64,3f800000,1000,3f800000,1000,136790,130
2143,3f24b5dd,3eafe910,409e793e,3e0a3d71,3e93507d,288,3e932000,287,137374,130
2144,bfc2415f,bf18353f,bed381d8,3f73b646,00000000,0,00000000,0,135624,128
2145,be7fa1a1,3edfa0f9,4012e148,3e8d4fdf,00000000,0,00000000,0,136499,128
2146,3d1cb685,3f8797f6,40cb26e9,3b03126f,00000000,0,00000000,0,137083,131
2147,c065cd0c,bf29c1be,c0208312,3f49374c,00000000,0,00000000,0,156040,148
2148,bf05768a,3f80e560,41159e1b,3e99999a,00000000,0,00000000,0,136790,130
2149,bea98890,bf2dd639,c1023405,3e09374c,3f800000,1000,3f800000,1000,136499,129
2150,bf81984a,bed6161e,beddbf48,3d1ba5e3,00000000,0,00000000,0,136499,129
2151,3f941e79,3f5fc91d,40f7cb92,3ec624dd,3f74b7f4,956,3f74a000,956,135040,128
2152,bff38cfc,bf0aa57a,4107068e,3ee8f5c3,00000000,0,00000000,0,137374,130
2153,bf3ba494,3f34d42c,c0fceb1c,3e4ccccd,3f800000,1000,3f800000,1000,137665,130
2154,3f57a637,3f4535a8,bd4f41f2,3e374bc7,3f800000,1000,3f800000,1000,137374,130
2155,3f6415f4,be2322d1,41157732,3e28f5c3,00000000,0,00000000,0,135916,129
2156,be313166,beb82268,4080be0e,3eb7ced9,00000000,0,00000000,0,135624,129
2157,bf477ee5,3f3b2b02,409657a8,3ee872b0,00000000,0,00000000,0,136790,130
2158,3ddac472,3fc41cac,c10539c1,3e8d4fdf,3f800000,1000,3f800000,1000,137374,130
2159,bf6ea9e7,3eab7803,4075f6fd,3d48b439,00000000,0,00000000,0,135916,129
2160,c00b6018,bd5758e2,bf833d08,3f3db22d,00000000,0,00000000,0,136790,130
2161,3ed4c448,3ea1a6b5,4097cc64,3d1fbe77,00000000,0,00000000,0,137957,130
2162,401c8755,3f631412,41107bb3,3ded9168,3f800000,1000,3f800000,1000,136499,130
2163,be272325,bea2eb1c,c03cc986,3eb53f7d,3f01378f,505,3f014000,505,136207,129
2164,bfec1dd2,3ec44ea5,bf7a71de,3da1cac1,00000000,0,00000000,0,136207,129
2165,3ffb126f,3fa01340,40faea4b,3ef020c5,3f800000,1000,3f800000,1000,136499,129
2166,3ff56042,3f8903b0,40654120,3f07ef9e,3f800000,1000,3f800000,1000,135915,128
2167,3e1d0529,3f9b2196,401ae7d5,3e010625,3f6314cd,887,3f630000,887,136499,130
2168,3ed8c7e3,3f532a30,c00ac227,3f6872b0,3f800000,1000,3f800000,1000,138541,131
2169,c03263c7,beb6b1c4,c099288d,3f543958,00000000,0,00000000,0,137957,131
2170,401b1562,3f8e78d5,bfcb7b4a,3f326e98,3f800000,1000,3f800000,1000,135041,127
2171,bd81f751,3f376113,c095ef9e,3ee4dd2f,3f800000,1000,3f800000,1000,140874,133
2172,3e9d0529,bf0431f9,408574bc,3f46e979,00000000,0,00000000,0,137374,129
2173,404206b8,3f9a34d7,c104e48f,3eeb851f,3f800000,1000,3f800000,1000,138249,131
2174,bfffecff,be8e6cf4,c0439a6b,3f147ae1,00000000,0,00000000,0,135916,129
2175,3f92b021,3fbbd6a1,c065e4f7,3efced91,3f800000,1000,3f800000,1000,136499,129
2176,3e1adea9,3f2b9b3d,40a9f6fd,3f70a3d7,00000000,0,00000000,0,136207,129
2177,3fd3a5e3,3ec30f28,c0e3ce07,3e28f5c3,3f800000,1000,3f800000,1000,136499,129
2178,3fc6ba49,3f6f089a,bf381062,3f056042,3f800000,1000,3f800000,1000,137374,130
2179,bf22b021,3f0ab1c4,411af141,3f639581,00000000,0,00000000,0,137082,130
2180,3e01f751,3f9fea4b,c01d8fc5,3f0e147b,3f800000,1000,3f800000,1000,138248,131
2181,3ee9984a,3dfca57a,c08b8034,3f63d70a,3f800000,1000,3f800000,1000,137957,131
2182,bf0193b4,3f450ff9,be6075f7,3e1fbe77,3f03c832,515,3f03a000,514,135915,129
2183,c0020568,bf35dcc6,c10bcb92,3f7f7cee,3f2d3c9a,677,3f2d4000,677,137665,130
2184,3fb61284,3f8571de,c105eb85,3f1be76d,3f800000,1000,3f800000,1000,137957,131
2185,3fa32181,3f5a075f,be1db22d,3e9cac08,3f800000,1000,3f800000,1000,136207,129
2186,bf85ff82,bf264dd3,3d26b50b,3e147ae1,00000000,0,00000000,0,136207,129
2187,404c4817,3fccaa65,3ffd38ef,3ec08312,3f800000,1000,3f800000,1000,136791,130
2188,3fa79fa9,3f8be69b,40573d08,3f245a1d,3f800000,1000,3f800000,1000,136207,129
2189,401b49cf,3f945532,4027fe5d,3e851eb8,3f800000,1000,3f800000,1000,137374,130
2190,c0187a3a,3cb03afb,41028adb,3f733333,00000000,0,00000000,0,136207,129
2191,3e981adf,3e5eab36,40e153f8,3eb53f7d,00000000,0,00000000,0,136207,128
2192,be92b2c0,bec2bee0,c107f2e5,3edcac08,3f800000,1000,3f800000,1000,136499,130
2193,3ff458cd,3f53126f,c0696d5d,3d8f5c29,3f800000,1000,3f800000,1000,136207,129
2194,3f08f323,be727525,40c97247,3ea45a1d,00000000,0,00000000,0,136207,128
2195,4032d384,3fc50347,c0bee148,3eac8b44,3f800000,1000,3f800000,1000,138832,132
2196,bfa4985f,3d3e425b,c119e282,3f2c49ba,3f800000,1000,3f800000,1000,137082,129
2197,c04d3fd1,bf16fc50,403997f6,3e83126f,00000000,0,00000000,0,137665,130
2198,3fa04ea5,3d6e2196,411eed29,3f581062,00000000,0,00000000,0,136499,129
2199,3fafecff,3e3cbc6a,40afa36e,3c343958,3f7c5ada,986,3f7c2000,985,137373,130
2200,c041b8bb,bedde354,4084a162,3ea872b0,00000000,0,00000000,0,136207,129
2201,3eb028a2,3fb0f9db,c105ff2e,3ea24dd3,3f800000,1000,3f800000,1000,136790,129
2202,bf59c62a,3e52c711,3f5b851f,3f045a1d,00000000,0,00000000,0,137373,130
2203,3f7ca969,3f725048,407d9168,3f0c8b44,3f800000,1000,3f800000,1000,135623,128
2204,c01af9db,bdf8e219,c08d8794,3e2c0831,00000000,0,00000000,0,135915,129
2205,3f12b94e,3f395e9e,40d115b5,3f1a1cac,3e9a0ba1,301,3e99c000,300,136207,129
2206,bf7475a3,3f1a1206,4097e910,3ee147ae,00000000,0,00000000,0,136208,129
2207,3f82ba9d,3efecbfb,bf4c3c9f,3f68b439,3f800000,1000,3f800000,1000,137666,130
2208,bffb90eb,3e2c01a3,c0d779a7,3de353f8,3ed2c332,412,3ed2e000,412,137082,130
2209,be88c155,3e314e3c,400c8659,3f34fdf4,00000000,0,00000000,0,136790,129
2210,40094025,3f6f4880,c0e2ce70,3ecac083,3f800000,1000,3f800000,1000,136499,129
2211,bfbfab75,3e9947ae,c1071c43,3ed81062,3f800000,1000,3f800000,1000,137082,130
2212,3ff410b6,3f4930be,c05460aa,3f6a3d71,3f800000,1000,3f800000,1000,136499,129
2213,bf081840,3f15cb92,c1118c7e,3f52b021,3f800000,1000,3f800000,1000,137374,130
2214,3fd10a13,3f8b84b6,3e941f21,3f08f5c3,3f800000,1000,3f800000,1000,137082,130
2215,c00b381d,bda87fcc,3f4c01a3,3dc28f5c,00000000,0,00000000,0,137665,130
2216,400aa8eb,3fa7f6fd,c005758e,3f1ced91,3f800000,1000,3f800000,1000,137082,130
2217,401ad71f,3f9617c2,408d2bd4,3f70a3d7,3f800000,1000,3f800000,1000,136207,129
2218,c05e29c7,bf380ebf,40a35e9e,3f758106,00000000,0,00000000,0,135624,128
2219,bf6f9874,3ebc9518,40b967a1,3f74bc6a,00000000,0,00000000,0,174123,167
2220,40446834,3fb2652c,3fac32ca,3f39999a,3f800000,1000,3f800000,1000,139707,132
2221,3f23e426,3f0abb99,c1078c15,3bc49ba6,3f800000,1000,3f800000,1000,138540,131
2222,bf8e31f9,3eafc9ef,c1161bda,3f245a1d,3f800000,1000,3f800000,1000,137374,130
2223,3f099ed8,bd7bcd36,411fe7d5,3f78d4fe,00000000,0,00000000,0,135916,128
2224,3eab1ee2,3fb97176,c1133a2a,3f6f5c29,3f800000,1000,3f800000,1000,136498,129
2225,c021844d,bdc09d49,40eb1687,3f28b439,00000000,0,00000000,0,136207,129
2226,bfde3e6c,bf266dc6,c08c3bcd,3e23d70a,00000000,0,00000000,0,135624,129
2227,c01554ca,be666320,4030b439,3ecd4fdf,00000000,0,00000000,0,135915,129
2228,40340c20,3f8826e9,40aed014,3e981062,3f800000,1000,3f800000,1000,138540,131
2229,402838b0,3f9b7c1c,406fac71,3f051eb8,3f800000,1000,3f800000,1000,136499,129
2230,bf8238da,bf182d0e,3fca8f5c,3f59999a,00000000,0,00000000,0,138541,131
2231,c00dc0ec,be2538ef,3f8e9e1b,3f11eb85,00000000,0,00000000,0,136790,130
2232,c021fa44,be71db23,bd229c78,3f2e978d,00000000,0,00000000,0,136791,129
2233,3e44b09f,3f3c3f14,40ec3a2a,3f4978d5,00000000,0,00000000,0,137665,130
2234,be987e7c,3da161e5,c07a1cac,3e1ba5e3,3f291fb4,661,3f292000,661,140290,133
2235,bf22680a,bec804ea,407e7bb3,3f3db22d,00000000,0,00000000,0,337455,328
2236,c016e979,bd20c49c,40b5cac1,3e5c28f6,00000000,0,00000000,0,167123,158
2237,bfbe2ac3,beb0a3d7,bf239581,3e958106,00000000,0,00000000,0,145541,137
2238,3f6e4a38,3f819518,40e25aee,3ee24dd3,3f698247,912,3f696000,912,139999,132
2239,40562878,3faeb780,c11d566d,3f649ba6,3f800000,1000,3f800000,1000,138540,131
2240,3f400d1b,3f6e2a99,c003b7e9,3ef95810,3f800000,1000,3f800000,1000,139999,133
2241,c020a18c,be97837b,40c444d0,3e408312,00000000,0,00000000,0,146707,139
2242,bf2652bd,bda10625,411f5c29,3e3b645a,00000000,0,00000000,0,137957,130
2243,3ec38da4,3fa07454,3fe7ec57,3d89374c,3f800000,1000,3f800000,1000,137082,129
2244,40024990,3fb6c84b,41090000,3f59db23,3f800000,1000,3f800000,1000,136498,130
2245,405e76c9,3fcf2fec,c11fff2e,3e958106,3f800000,1000,3f800000,1000,138832,131
2246,bf76f7e4,3f1f4fdf,40eb58e2,3d1fbe77,00000000,0,00000000,0,135332,128
2247,3b3b6ed6,bf007fcc,408068dc,3d54fdf4,00000000,0,00000000,0,136499,129
2248,3fba085b,3f6ca8c1,c110d8ae,3c1374bc,3f800000,1000,3f800000,1000,135915,128
2249,3fefac1d,3fae2f83,40e361e5,3be56042,3f800000,1000,3f800000,1000,136791,130
2250,bfc0ea9e,bf141d7e,40e0cbfb,3f6f9db2,00000000,0,00000000,0,135624,128
2251,be91c433,3faef27c,c11abe77,3f15c28f,3f800000,1000,3f800000,1000,137082,130
2252,bf945c14,bcad288d,405fd07d,3f32f1aa,00000000,0,00000000,0,136499,129
2253,3f875f70,bd98adac,40adc361,3e947ae1,3ee496a8,446,3ee46000,446,135915,128
2254,3fc829f1,3e899b3d,bdd53261,3f7ae148,3f800000,1000,3f800000,1000,136791,130
2255,40376ddb,3f8f68dc,4118844d,3ed47ae1,3f800000,1000,3f800000,1000,136498,129
2256,3f4ee8d1,3fa34120,c10a6738,3d03126f,3f800000,1000,3f800000,1000,135915,130
2257,bfff1fde,be7645a2,41033a93,3ea978d5,00000000,0,00000000,0,137082,130
2258,3f7b04ab,3f81c6a8,be91c433,3e418937,3f800000,1000,3f800000,1000,134749,127
2259,bf88ca82,bf177e91,c0e76a16,3ebced91,3f530319,824,3f532000,825,137083,130
2260,3ec7136a,3f210e56,c1089a6b,3e90624e,3f800000,1000,3f800000,1000,137082,130
2261,bd2ff6d3,3f158d50,402e786c,3f1e76c9,3dc390aa,95,3dc2a000,95,136207,128
2262,3e79b670,3fc8a4a9,409961e5,3ed3f7cf,3f6d297f,926,3f6d0000,926,137082,130
2263,40706445,3fcc902e,3f35dcc6,3f6f5c29,3f800000,1000,3f800000,1000,135915,129
2264,bf8aacda,bede617c,40a5f7cf,3ebb645a,00000000,0,00000000,0,137957,131
2265,3e1bc558,bd06c227,c0abc1be,3f066666,3f800000,1000,3f800000,1000,144373,137
2266,c004ddd7,beaf645a,404570a4,3f6b851f,00000000,0,00000000,0,136790,129
2267,bfd1b478,bee79724,bf052bd4,3dac0831,00000000,0,00000000,0,137665,131
2268,bfee262d,bf225a1d,3fd71aa0,3ec72b02,00000000,0,00000000,0,137665,130
2269,3e804ea5,3fbdf0d8,bf9c3fe6,3f024dd3,3f800000,1000,3f800000,1000,136791,129
2270,3f8b3a69,3f8cbee0,c0c231f9,3ee6e979,3f800000,1000,3f800000,1000,136499,130
2271,3deda661,3f711340,c1073405,3e4ac083,3f800000,1000,3f800000,1000,137374,130
2272,400fc45d,3f9ea440,403f7b4a,3eef1aa0,3f800000,1000,3f800000,1000,135915,129
2273,3fd913e8,3f852d77,3f16c227,3e8e5604,3f800000,1000,3f800000,1000,136499,130
2274,bfcb3e57,bf3d4880,c0db7a78,3d6978d5,3eeec4e6,466,3eef0000,467,137374,130
2275,3f4c45cc,3fb72681,c1055f07,3ce56042,3f800000,1000,3f800000,1000,136207,129
2276,bfec039b,3e9b41f2,4084068e,3f316873,00000000,0,00000000,0,136790,130
2277,c0413e2d,bed44ea5,c00d82aa,3f03d70a,00000000,0,00000000,0,135915,128
2278,c03ce022,bed767a1,c1103d08,3f08f5c3,3e61e2e4,221,3e628000,221,137082,130
2279,3e44b09f,beb1bf48,c0f5a29c,3f4353f8,3f800000,1000,3f800000,1000,136790,129
2280,3f54d552,3f1a40b8,40a6f34d,3d6978d5,3f35ae72,710,3f358000,709,137957,130
2281,4041dbcb,3fa74fdf,4074ac08,3e3645a2,3f800000,1000,3f800000,1000,137666,130
2282,402cd014,3f91b852,bf25b574,3e808312,3f800000,1000,3f800000,1000,137082,130
2283,3f3a82e8,3e9fda51,c1175a86,3f595810,3f800000,1000,3f800000,1000,136499,129
2284,3fc983f9,3f9dedfa,401bd8ae,3f27ae14,3f800000,1000,3f800000,1000,135624,128
2285,bf3d0918,3e938a09,40f08241,3ef0a3d7,00000000,0,00000000,0,136790,130
2286,bf1f51ad,bdfaacda,c04a7d56,3ee4dd2f,3ea56473,323,3ea56000,323,135915,129
2287,bf1dab9f,3f22a162,bfa126e9,3d656042,3f0419b9,516,3f042000,516,135916,128
2288,bf9c7065,bde2bd3c,400eb368,3f3eb852,00000000,0,00000000,0,137082,130
2289,bf4f6be3,3e56978d,3e6cbfb1,3f418937,00000000,0,00000000,0,140582,134
2290,40142e34,3fa71ff3,40d72546,3f153f7d,3f800000,1000,3f800000,1000,138541,131
2291,4011bda5,3f681ff3,bf7c1bda,3f2f1aa0,3f800000,1000,3f800000,1000,137665,131
2292,3e8aa8eb,3f0dd70a,4097cc64,3dcac083,3cdb2fae,27,3cdac000,27,136207,129
2293,be67429a,3f5f5254,40966cf4,3f451eb8,00000000,0,00000000,0,136790,130
2294,bf81fbe7,bebca8c1,c0a04745,3ecdd2f2,3ee874cb,454,3ee88000,454,136207,129
2295,bea8c155,bdd9c0ec,c028d1b7,3f1e76c9,3ec8a7a4,392,3ec8c000,392,136791,130
2296,bf546b27,be2fe282,bff86595,3e26e979,00000000,0,00000000,0,136790,130
2297,bf1aebc4,3f9282aa,bfc8346e,3e4ccccd,3f800000,1000,3f800000,1000,136499,129
2298,bfa178d5,3e341bda,c0c90553,3f1ced91,3f3d55d2,740,3f3d6000,740,135332,129
2299,3f86a9e7,3f8c62b7,c1126c8b,3f48b439,3f800000,1000,3f800000,1000,136790,130
2300,3e9a0514,bdc2a305,bd7aacda,3c9ba5e3,3ed9142b,424,3ed90000,424,135624,128
2301,c01bd7b2,baef34d7,c0d37176,3f1c6a7f,3d58e01f,53,3d5a8000,53,134749,127
2302,3f3ee782,3f607e28,3f3f4880,3f36872b,3f800000,1000,3f800000,1000,137082,130
2303,3ff3645a,3f48a234,c10fb08a,3ead9168,3f800000,1000,3f800000,1000,136499,129
2304,be1cd0bb,bf0e7a10,4039ff2e,3f553f7d,00000000,0,00000000,0,136791,130
2305,c05714ba,bf2d4e3c,40dbff2e,3e872b02,00000000,0,00000000,0,136499,130
2306,3ee862f6,3e3f06f7,c11687fd,3eab851f,3f800000,1000,3f800000,1000,135624,128
2307,40428c15,3fa64dd3,be3ae148,3e03126f,3f800000,1000,3f800000,1000,137082,130
2308,bf30902e,bf24f27c,c116e00d,3f69ba5e,3f800000,1000,3f800000,1000,137082,130
2309,bfec6e6e,3da65fd9,c0fed014,3ef020c5,3f2657b4,650,3f26a000,651,136790,130
2310,3f18f712,3eb2e148,3f9844d0,3f25e354,3f763e20,962,3f764000,962,135624,129
2311,c0152bd4,bedfc1be,bf97a440,3eb7ced9,00000000,0,00000000,0,136499,129
2312,3f9b2181,3f6fe83e,408c1ff3,3f6b4396,3f800000,1000,3f800000,1000,242081,232
2313,3fa141c8,3f340419,c118ab36,3f3d70a4,3f800000,1000,3f800000,1000,349122,338
2314,bf9da858,3f598d50,bf1c91d1,3eec0831,3ea67c95,325,3ea68000,325,159540,150
2315,c021a1cb,be1b22d1,3fb1a027,3e418937,00000000,0,00000000,0,144374,136
2316,c03a75cd,be62d0e5,4111ac08,3f0ac083,00000000,0,00000000,0,139415,132
2317,bfd5e354,3e2b7176,40cc75f7,3e126e98,00000000,0,00000000,0,137957,131
2318,3f949279,3fcff55a,c108d773,3e947ae1,3f800000,1000,3f800000,1000,138541,132
2319,3f44bf0a,3d201a37,41108a72,3f4a3d71,00000000,0,00000000,0,137374,130
2320,bf555087,3e8310cb,40e2f1aa,3f5a5e35,00000000,0,00000000,0,137957,131
2321,3db760bf,3f72a4a9,bf2ba5e3,3e6147ae,3f800000,1000,3f800000,1000,137957,130
2322,40591394,3fb24ea5,bf241206,3f2872b0,3f800000,1000,3f800000,1000,137082,130
2323,bf399c39,be57ae14,c0629446,3f0c8b44,3eb3033a,350,3eb32000,350,138248,131
2324,bb98b2ea,3eaeab36,c0efd220,3d9fbe77,3f800000,1000,3f800000,1000,135623,129
2325,3f92786c,3f1dd7dc,4001374c,3f3645a2,3f800000,1000,3f800000,1000,135624,129
2326,3cb588e3,3f3c6dc6,400bdf3b,3ee147ae,3eb9461b,362,3eb90000,361,136499,129
2327,3f092791,3f9d786c,40fcd4fe,3ec00000,3ee0c76f,439,3ee06000,438,136207,129
2328,bf256ead,3f9231f9,bfc1b08a,3f36872b,3f800000,1000,3f800000,1000,135041,128
2329,c01f0015,bf28617c,40b0b780,3dcccccd,00000000,0,00000000,0,137082,130
2330,bdd898b3,3f204189,40decd9f,3e2c0831,00000000,0,00000000,0,135916,128
2331,bf116335,bdbc1bda,400d1d15,3e8fdf3b,00000000,0,00000000,0,136207,129
2332,3fe2599f,3f8a594b,400f27bb,3f5126e9,3f800000,1000,3f800000,1000,137957,130
2333,3f9130be,3f6d3261,40cc5bc0,3e47ae14,3f800000,1000,3f800000,1000,135916,130
2334,3f913fd1,3ed93405,403ca090,3f5a9fbe,3f800000,1000,3f800000,1000,141749,135
2335,3f177d95,3d9353f8,c112cf42,3ee56042,3f800000,1000,3f800000,1000,136207,129
2336,401f3919,3f731412,40d837b5,3f57ced9,3f800000,1000,3f800000,1000,133291,126
2337,3f341dd2,3faf2bd4,c0910553,3e47ae14,3f800000,1000,3f800000,1000,134457,128
2338,4039f1bf,3fc776c9,c118d9e8,3f4f9db2,3f800000,1000,3f800000,1000,137373,130
2339,401e9a2c,3f98d289,3f9d6042,3edba5e3,3f800000,1000,3f800000,1000,142915,134
2340,bf8ac860,3ecb0f28,411ad567,3eeb020c,00000000,0,00000000,0,137666,130
2341,bf8f18a8,bf193c36,c08237b5,3f0353f8,3e7aaded,245,3e7b0000,245,136207,130
2342,bec3dee8,3f232b02,40875cfb,3ef6c8b4,00000000,0,00000000,0,139708,132
2343,bebd9fd3,3f59c91d,3ea2eb1c,3f181062,3f1a43c3,603,3f1a4000,603,137374,130
2344,3f2980b2,3ed18adb,410570a4,3e6d9168,00000000,0,00000000,0,135915,129
2345,3d87e7c0,bf0f6a16,41052f83,3eb851ec,00000000,0,00000000,0,135332,129
2346,beebc6a8,bd9ee632,3f2f6944,3f004189,00000000,0,00000000,0,136790,130
2347,3f72d4d4,3ec121ff,c0f2dd2f,3d48b439,3f800000,1000,3f800000,1000,137957,130
2348,bfff06f7,be09a9fc,c114bcd3,3e591687,3f37e260,718,3f382000,719,136790,129
2349,3fd3df8f,3f1bbc02,c07b62b7,3e9374bc,3f800000,1000,3f800000,1000,136791,130
2350,3f26277c,3f56fb7f,c0c85f07,3ebf7cee,3f800000,1000,3f800000,1000,137082,130
2351,401fc212,3f5244d0,c0d025af,3f3f7cee,3f800000,1000,3f800000,1000,136790,129
2352,be2e72da,3f4a4b5e,40bb0553,3ec08312,00000000,0,00000000,0,136791,129
2353,c0591b1e,bf028c15,3fb21965,3f4624dd,00000000,0,00000000,0,136499,129
2354,bfebb6ed,3e891eb8,40b8432d,3f16c8b4,00000000,0,00000000,0,137666,131
2355,3f835b2d,3fab9446,c0ab73eb,3ed0624e,3f800000,1000,3f800000,1000,137665,131
2356,c0407e28,bf01c84b,c10e3886,3e9eb852,3e16aa4f,147,3e176000,148,138540,132
2357,3d99f7f9,3f6da6b5,c0bc2824,3d2c0831,3f800000,1000,3f800000,1000,137082,130
2358,3f8d7a78,3e8df3b6,40e70a3d,3c449ba6,3ed0e751,408,3ed0e000,408,137082,130
2359,c00bbc2c,bdc0902e,bbce703b,3f378d50,00000000,0,00000000,0,139124,132
2360,c038fdf4,bf04f007,c08eb368,3f4bc6a8,00000000,0,00000000,0,137373,130
2361,3fcd460b,3fc9b5dd,c10369ad,3f0353f8,3f800000,1000,3f800000,1000,136207,129
2362,bfa47d80,be4c3fe6,c0a9999a,3e10624e,3eb0ed40,346,3eb12000,346,136207,128
2363,3e8b7d41,3f8895ea,c0c2680a,3c9ba5e3,3f800000,1000,3f800000,1000,137083,130
2364,be09667b,bd395810,409e0000,3e810625,00000000,0,00000000,0,137082,130
2365,bf589763,3efed917,c1037cee,3e75c28f,3f800000,1000,3f800000,1000,137374,130
2366,3b5844d0,bd3c5d64,c081573f,3f7a5e35,3f59817d,850,3f59a000,850,139124,132
2367,bed5e743,3edb7176,c0d926e9,3f2872b0,3f800000,1000,3f800000,1000,137082,130
2368,3e58adac,bf13e5c9,406765fe,3d1fbe77,00000000,0,00000000,0,136499,129
2369,bff6d86f,bdfd4952,c0dcd42c,3f191687,3eb72755,358,3eb76000,358,136207,129
2370,be91de6a,bbedfa44,c092703b,3f4d0e56,3f48079b,781,3f482000,782,137082,130
2371,4027559b,3fc21b71,c06e511a,3f03d70a,3f800000,1000,3f800000,1000,136791,129
2372,bfbd4fdf,3f0dbc02,c00c3afb,3ed89375,3e5ca793,215,3e5d2000,216,137665,130
2373,40167968,3f664f76,c0b58a09,3f200000,3f800000,1000,3f800000,1000,136499,129
2374,bf415a08,3f16e704,40965048,3d343958,00000000,0,00000000,0,137374,130
2375,3fc66d9c,3ea4d845,408ffd8b,3f19999a,3f800000,1000,3f800000,1000,135624,128
2376,bc53ae68,bee9e4f7,3f4126e9,3ecc49ba,00000000,0,00000000,0,137082,130
2377,bfa322d1,be913a93,40fcb6ae,3f353f7d,00000000,0,00000000,0,137082,129
2378,bfbb328b,bef3b4a2,c109f213,3f0bc6a8,3f652efb,895,3f656000,896,137374,130
2379,bf429739,bc0ef34d,bfb76944,3e810625,00000000,0,00000000,0,137082,130
2380,400c4b5e,3f8831f9,41103b64,3f7ef9db,3f800000,1000,3f800000,1000,136791,129
2381,3f4f9c63,3e5bc6a8,c0b56042,3f620c4a,3f800000,1000,3f800000,1000,135623,129
2382,bf523e18,3d349518,411f8a72,3ea66666,00000000,0,00000000,0,156623,149
2383,3e833c60,bda2680a,c0b3fe5d,3f2ed917,3f800000,1000,3f800000,1000,250540,240
2384,c00e9c24,beb7b4a2,40090625,3eab851f,00000000,0,00000000,0,159832,150
2385,bef1fb40,3ed243fe,c0db4952,3ea56042,3f800000,1000,3f800000,1000,146124,138
2386,403c1adf,3fc503b0,410a353f,3f0d0e56,3f800000,1000,3f800000,1000,140873,134
2387,bf2fa051,3f929581,c0c1f8a1,3f3374bc,3f800000,1000,3f800000,1000,137957,131
2388,3e9bab22,bde6a162,c044e560,3f0147ae,3f800000,1000,3f800000,1000,137082,130
2389,bf119653,3e8ea4a9,bf9d2bd4,3f3d70a4,3e90153c,281,3e900000,281,138249,131
2390,bee27a63,3f24c227,3dd38ef3,3f3ef9db,3ede3dbd,434,3ede2000,434,137957,131
2391,bfb2e87d,bda79a6b,c11873eb,3ecac083,3f800000,1000,3f800000,1000,137082,130
2392,3fa23982,3e80793e,bfda8588,3f5020c5,3f800000,1000,3f800000,1000,135623,129
2393,bf2d2f1b,3eb0ff97,c0dc0aa6,3ef95810,3f800000,1000,3f800000,1000,135915,129
2394,3eac6152,3fb87efa,c0832618,3f34fdf4,3f800000,1000,3f800000,1000,136791,131
2395,bf067b5f,3eb73333,3f776c8b,3e4ed917,00000000,0,00000000,0,137082,129
2396,be286d72,3f697cee,c0985532,3e8ccccd,3f800000,1000,3f800000,1000,136499,130
2397,bfbfe719,be78f5c3,c0e77e91,3f395810,3f251a87,645,3f254000,646,136207,129
2398,bfc32fec,bf162d0e,c09967a1,3dba5e35,3e04a94b,130,3e050000,130,136790,130
2399,3febf9c6,3f846dc6,3edff2e5,3dced917,3f800000,1000,3f800000,1000,137374,130
2400,c003b891,3e0b3d08,40ff1eb8,3f2e978d,00000000,0,00000000,0,137666,131
2401,bebc30d3,bf034539,c11c15b5,3f056042,3f800000,1000,3f800000,1000,136790,129
2402,405a09ff,3fbcab9f,4103d845,3dcac083,3f800000,1000,3f800000,1000,136498,129
2403,bf97121b,3e963bcd,c0b00ebf,3ee56042,3f3aa56a,729,3f3aa000,729,135915,128
2404,bf400e6b,bf2ba787,400a8a72,3e8d4fdf,00000000,0,00000000,0,136207,129
2405,3ee60fe4,3f4dfbe7,bed930be,3ecdd2f2,3f800000,1000,3f800000,1000,139415,133
2406,3f1a6613,3e605879,410da787,3e4ccccd,00000000,0,00000000,0,138832,131
2407,bf613fd1,beef50b1,41030ebf,3e8ac083,00000000,0,00000000,0,136498,129
2408,3f210f52,3fc0758e,c078d014,3e4ccccd,3f800000,1000,3f800000,1000,137082,131
2409,3ea0d1b7,3f9cbe77,c082ef35,3e9e353f,3f800000,1000,3f800000,1000,137374,130
2410,3f8e30a9,3f8b3e42,405664c3,3e1a9fbe,3f800000,1000,3f800000,1000,135915,129
2411,403ad3d8,3fb3511a,c0a5e76d,3f1ef9db,3f800000,1000,3f800000,1000,136790,130
2412,bf3e0f3d,3edecd9f,3ecc49ba,3e624dd3,00000000,0,00000000,0,135624,128
2413,bf4ef5ed,bdcf8a09,c099e69b,3e91eb85,3f028d87,510,3f028000,510,136207,129
2414,c0014b9d,bf3fba5e,c11d8794,3f20c49c,3f584a95,845,3f586000,845,137374,131
2415,3f91ac9b,3fa24e3c,4108126f,3ddd2f1b,3f800000,1000,3f800000,1000,136791,131
2416,bfc6b314,3d23f141,c0838937,3f645a1d,3ddf1d36,109,3ddec000,109,137665,130
2417,3f067b5f,3f75c361,40a25fd9,3f0978d5,3f350fb8,707,3f350000,707,136207,129
2418,3e343958,bf1e0f91,c0776fd2,3f5c6a7f,3f800000,1000,3f800000,1000,137666,131
2419,c0390870,beec2752,bfc3b646,3f224dd3,00000000,0,00000000,0,136790,130
2420,be754f37,3f8bee63,c036f694,3ebef9db,3f800000,1000,3f800000,1000,135624,128
2421,bf8afad7,be6271de,c092be0e,3f483127,3ec2efd5,381,3ec30000,381,135916,128
2422,c04b6be3,bec99ce0,c06f3d08,3f0147ae,00000000,0,00000000,0,137665,131
2423,bfd0b439,3ee5374c,40e01206,3e9d2f1b,00000000,0,00000000,0,136791,130
2424,c00256ac,bf23e83e,c085e910,3f48b439,00000000,0,00000000,0,136207,129
2425,bff566cf,3eb7c6a8,40adb2ff,3f0c8b44,00000000,0,00000000,0,136791,130
2426,bfce277c,beaf4d6a,40fbbe77,3e395810,00000000,0,00000000,0,136791,129
2427,3c1b5200,3ed93405,40ee793e,3e8b4396,00000000,0,00000000,0,135915,128
2428,bf495422,3f81cccd,411819ce,3eb6c8b4,00000000,0,00000000,0,135623,128
2429,bfb89aaa,bec47454,4056fb7f,3f1fbe77,00000000,0,00000000,0,139707,132
2430,3fe56ffc,3fb1e704,3fc48e8a,3f2e147b,3f800000,1000,3f800000,1000,138832,132
2431,bf575b81,3f8910cb,c0a8339c,3e958106,3f800000,1000,3f800000,1000,136207,129
2432,3f6bc409,3fc0ae14,410e63f1,3f6e978d,3f800000,1000,3f800000,1000,137082,129
2433,3f5cf80e,bddb50b1,41037b4a,3e810625,00000000,0,00000000,0,137082,130
2434,3def0069,3de3a92a,c03dfbe7,3cbc6a7f,3f4ef267,808,3f4f0000,809,137666,130
2435,bfe89763,3e70adac,40adef9e,3d50e560,00000000,0,00000000,0,138248,131
2436,4022d773,3f7a0c4a,c0c9ef9e,3f77ced9,3f800000,1000,3f800000,1000,137957,131
2437,3d5b0dd8,3dc2bd3c,3e8fdf3b,3e4fdf3b,3e144c6a,145,3e144000,145,137374,130
2438,c016f88c,bea7b7e9,3fa4fdf4,3ede353f,00000000,0,00000000,0,136791,130
2439,bf48a5ce,3d1db22d,bf70cb29,3eb851ec,00000000,0,00000000,0,136207,129
2440,3eac6bcf,be35d2f2,bff75c29,3d1374bc,3f4f2a3a,809,3f4f2000,809,136791,130
2441,3f20a527,3fb4f838,41040831,3f181062,3f2ea87d,682,3f2ea000,682,137957,130
2442,3f48826b,3f840cb3,c08dbda5,3e818937,3f800000,1000,3f800000,1000,136791,130
2443,3e3a2489,3e83edfa,c114dd2f,3f191687,3f800000,1000,3f800000,1000,137082,130
2444,bfe0769f,bd9db22d,3f9c3c9f,3f3df3b6,00000000,0,00000000,0,136790,130
2445,bca38327,3f459c0f,40e80d1b,3f36872b,00000000,0,00000000,0,141748,133
2446,400c0c20,3f7b5cfb,411b6e98,3f072b02,3f800000,1000,3f800000,1000,137665,131
2447,3f1e4a38,3fcd28f6,4063367a,3e20c49c,3f800000,1000,3f800000,1000,138248,131
2448,bf366e44,3e4f2474,40aa703b,3f2f5c29,00000000,0,00000000,0,136207,129
2449,403fcddd,3f94ae14,bfc1fbe7,3f33f7cf,3f800000,1000,3f800000,1000,136498,129
2450,bfa685db,be5f0d84,c11096bc,3f316873,3f800000,1000,3f800000,1000,136498,129
2451,c00c6541,bf22c7e3,404cac08,3f2624dd,00000000,0,00000000,0,137665,131
2452,3efecaac,3dd7e910,410209d5,3ba3d70a,00000000,0,00000000,0,136790,129
2453,3fbf4fb5,3eaed773,3fe84817,3e158106,3f800000,1000,3f800000,1000,158082,150
2454,c00b7953,bec29100,c05d6f00,3e1eb852,00000000,0,00000000,0,138832,131
2455,3f0381d8,3f3de69b,40cd5254,3e4ed917,3e61fe17,221,3e610000,220,137374,130
2456,be3064ed,bce6809d,402645a2,3f3a9fbe,00000000,0,00000000,0,136207,129
2457,3f3f0069,3fa75461,c11fcd9f,3f3f7cee,3f800000,1000,3f800000,1000,137082,130
2458,bfe3a14d,3effe282,c0d5f7cf,3f3d70a4,3f5bb22c,858,3f5be000,859,139123,132
2459,c01bc654,bf240903,c0c7bda5,3d54fdf4,00000000,0,00000000,0,239164,230
2460,bf605532,be724745,4083367a,3e54fdf4,00000000,0,00000000,0,164207,154
2461,402e1b09,3f8f8106,3faa339c,3f6b4396,3f800000,1000,3f800000,1000,144957,136
2462,bea447c3,3f92cd9f,beecf41f,3f1ba5e3,3f800000,1000,3f800000,1000,139707,133
2463,bf95d591,be5ca57a,bfcf1412,3eb9db23,00000000,0,00000000,0,137374,131
2464,bf6a4010,befe2824,3f62d773,3edb22d1,00000000,0,00000000,0,139415,132
2465,3fadf5ae,3f6af4f1,41054880,3da1cac1,3f800000,1000,3f800000,1000,137374,130
2466,bf8e7818,be933333,411eed91,3f3f7cee,00000000,0,00000000,0,136499,129
2467,3db22292,bf10d6a1,40817a78,3e178d50,00000000,0,00000000,0,137958,131
2468,bfe1f40a,3e7e0ded,bed5e9e2,3f16872b,00000000,0,00000000,0,137082,129
2469,3f271c97,be801d7e,c083c77a,3f204189,3f800000,1000,3f800000,1000,138832,131
2470,403f4539,3fb3c01a,4104432d,3ebe76c9,3f800000,1000,3f800000,1000,139124,131
2471,3fb78a09,3f8b212d,bf2566cf,3f800000,3f800000,1000,3f800000,1000,136499,129
2472,3e02949a,bdbf06f7,40d0e3bd,3f0c0831,00000000,0,00000000,0,136499,129
2473,bf8758e2,3dde4f76,3f52a993,3ef020c5,00000000,0,00000000,0,136498,130
2474,bf65989e,3f38e704,40aae3bd,3ed0624e,00000000,0,00000000,0,136791,130
2475,c00ce758,bf3a6c22,3f9559b4,3bc49ba6,00000000,0,00000000,0,143790,137
2476,3efd3ed5,3fab5f07,4083119d,3f63126f,3f800000,1000,3f800000,1000,139999,132
2477,4023cddd,3faf9518,c0c994af,3f0624dd,3f800000,1000,3f800000,1000,138832,131
2478,3fec577e,3f21f972,40827c85,3e8ac083,3f800000,1000,3f800000,1000,137665,131
2479,bfda91fb,3e74710d,c06a00d2,3eaf9db2,3d967f74,73,3d968000,73,137082,131
2480,3fd04189,3f6aed91,c11a432d,3deb851f,3f800000,1000,3f800000,1000,137373,130
2481,bfbe5a9b,3f2401a3,41145e9e,3efa5e35,00000000,0,00000000,0,135915,128
2482,be1f5ad9,bf252b02,3fa17c1c,3f1a5e35,00000000,0,00000000,0,137082,130
2483,3f65421c,3f82edfa,4044f5c3,3e408312,3f800000,1000,3f800000,1000,137083,129
2484,bd5efc7a,3f9f1cac,c105652c,3f3b645a,3f800000,1000,3f800000,1000,137082,130
2485,bf70370d,3f11f8a1,c10015b5,3edcac08,3f800000,1000,3f800000,1000,135623,129
2486,3e4a3832,3f43c28f,c068af4f,3f716873,3f800000,1000,3f800000,1000,136790,130
2487,3f1e2d62,bc98793e,3fe645a2,3e5b22d1,3f0554b7,521,3f054000,521,136499,130
2488,3f4f0457,3ebd0ff9,4012dfa4,3f4f5c29,3f800000,1000,3f800000,1000,137666,131
2489,bf15c7ce,3f34d917,410306f7,3ebdf3b6,00000000,0,00000000,0,136207,129
2490,3f59d5e5,3ee76944,40b96d5d,3f0e978d,3f0baf6d,546,3f0ba000,545,136791,130
2491,bf7a93f3,be45ed29,4116ca58,3f7c6a7f,00000000,0,00000000,0,136499,129
2492,3f810e02,3fac566d,40c710cb,3f09fbe7,3f800000,1000,3f800000,1000,135915,129
2493,bf9ed1e1,3ede0ded,40c3bf48,3f160419,00000000,0,00000000,0,135624,129
2494,3f96b5b3,3f9a538f,c090dc5d,3f008312,3f800000,1000,3f800000,1000,135332,129
2495,be3ea0ba,3f8526e9,c0ccbc6a,3d872b02,3f800000,1000,3f800000,1000,136790,129
2496,c0291c6d,bf074d6a,40f2c711,3f73f7cf,00000000,0,00000000,0,138248,131
2497,3e94e3bd,bd619653,3f879a6b,3d50e560,3e598bf7,212,3e596000,212,136499,129
2498,3f5765fe,3fb09097,411a97f6,3f53f7cf,3f32ebfc,699,3f32c000,698,136499,129
2499,3e628cbd,3f19e910,40a93b64,3f0fdf3b,00000000,0,00000000,0,140290,133
2500,4036d917,3fb2b6ae,c072d5d0,3e6978d5,3f800000,1000,3f800000,1000,139124,131
2501,3fde43aa,3f505461,4084b021,3f25e354,3f800000,1000,3f800000,1000,136499,129
2502,bf8257a8,3f4f94af,c0b3f6fd,3e851eb8,3f800000,1000,3f800000,1000,136207,129
2503,c029ff82,bf0424dd,c10ad220,3f33f7cf,3ea5d961,324,3ea66000,325,135333,128
2504,3fab3483,3dd69446,40a4b5dd,3f0353f8,3f7a57e1,978,3f7a4000,978,136499,129
2505,bfac317b,befbd220,41184120,3f1a5e35,00000000,0,00000000,0,135915,129
2506,3f635e74,3fb26ae8,40c6c986,3f49ba5e,3f800000,1000,3f800000,1000,135915,128
2507,40448462,3fa4a234,c0876c8b,3f2b851f,3f800000,1000,3f800000,1000,137957,130
2508,bef2ad82,bf10902e,bcf5c28f,3f7c6a7f,00000000,0,00000000,0,135623,128
2509,bfa4c4f0,3e9a8db9,4108f34d,3f326e98,00000000,0,00000000,0,135332,128
2510,3fe2cd9f,3f06902e,c0bd2bd4,3f391687,3f800000,1000,3f800000,1000,135916,128
2511,3f532ca5,3f852752,bcf5c28f,3d178d50,3f800000,1000,3f800000,1000,136499,130
2512,bf675105,3eabc1be,c0ab7cee,3f158106,3f64a53c,893,3f64c000,894,136499,129
2513,3fd3fdb5,3fcc60aa,c0d54bc7,3f4d9168,3f800000,1000,3f800000,1000,135916,129
2514,c0308462,bf2a5604,411bf141,3e158106,00000000,0,00000000,0,136499,130
2515,c003620f,3d0a9931,c0ddd639,3ee978d5,3ea28990,317,3ea2e000,318,136207,130
2516,beb1d3ed,bf2cc56d,41187525,3cbc6a7f,00000000,0,00000000,0,135915,129
2517,40197fb7,3fb8cc64,c0ae240b,3f7eb852,3f800000,1000,3f800000,1000,137666,130
2518,3fb0dcdb,3f3ec083,40b7c77a,3de56042,3f800000,1000,3f800000,1000,135915,128
2519,bff7ac1d,be585bc0,411fb50b,3f5b645a,00000000,0,00000000,0,136790,129
2520,3fe8a7c6,3f923f14,4116559b,3f2a7efa,3f800000,1000,3f800000,1000,136791,130
2521,3f5c2657,3f1f8794,c084b296,3db22d0e,3f800000,1000,3f800000,1000,136790,130
2522,3e671de7,3f618e22,40270553,3f733333,3f3b4c34,732,3f3b4000,731,136207,129
2523,3e8d9168,bd97ae14,41168bac,3e8ccccd,00000000,0,00000000,0,167707,130
2524,bfa53112,3f25fbe7,c0168241,3ee147ae,3ed9e374,426,3ed9c000,425,141457,133
2525,3fbc1f21,3f796113,3f683127,3f1a9fbe,3f800000,1000,3f800000,1000,138541,131
2526,406de743,3fca3190,bf25e9e2,3f1ba5e3,3f800000,1000,3f800000,1000,137082,130
2527,bff0ac5c,bf193190,c0d0617c,3f6a7efa,3eafedea,344,3eb02000,344,137666,131
2528,c0346595,be78902e,bff69e1b,3f67ef9e,00000000,0,00000000,0,135332,128
2529,3f86e243,3fcebb30,c0dba858,3f31eb85,3f800000,1000,3f800000,1000,137082,130
2530,be915b57,bf257247,408b559b,3f51a9fc,00000000,0,00000000,0,136207,129
2531,c008cccd,bf1cc986,bfa61134,3eb53f7d,00000000,0,00000000,0,136790,129
2532,402305a7,3fc63b64,c113dbf5,3f195810,3f800000,1000,3f800000,1000,137374,130
2533,bfa99653,bf1dec57,bf675f70,3e7ced91,00000000,0,00000000,0,136790,130
2534,bfed8adb,3e8fa787,40bc2d0e,3f153f7d,00000000,0,00000000,0,136790,130
2535,3fdee393,3fccf9db,4028b439,3e6353f8,3f800000,1000,3f800000,1000,138540,131
2536,3fdb8e4c,3f91e910,4106a64c,3f747ae1,3f800000,1000,3f800000,1000,135916,129
2537,bf885f07,bf32161e,3f87d8ae,3e90e560,00000000,0,00000000,0,136790,129
2538,bc9f40a3,bef056d6,c09075f7,3f7374bc,3f6b0037,918,3f6b2000,918,137082,130
2539,3d99e300,bed85879,c0a3fa44,3ed26e98,3f800000,1000,3f800000,1000,136498,130
2540,3f30678c,3f680c4a,c11604ea,3f641893,3f800000,1000,3f800000,1000,136790,130
2541,bf46e829,3f6a816f,3edce076,3f543958,3eec2154,461,3eec2000,461,136499,129
2542,be92df50,3f5f8a09,408acbfb,3e03126f,00000000,0,00000000,0,136499,129
2543,3ed8cfc0,3f613405,c10bd5d0,3e09374c,3f800000,1000,3f800000,1000,136499,129
2544,3f21bda5,3fcf66cf,c0eac7e3,3efb645a,3f800000,1000,3f800000,1000,137666,130
2545,3f55a709,3fc5d220,c1004bc7,3f316873,3f800000,1000,3f800000,1000,136207,129
2546,bd872b02,3f82d495,4091b15b,3e849ba6,3de7fee7,113,3de74000,113,137666,131
2547,bd31ee24,bf319653,402d5b57,3f039581,00000000,0,00000000,0,140290,133
2548,3f22f6e8,3f58b6ae,bff4cccd,3e570a3d,3f800000,1000,3f800000,1000,137374,130
2549,becfd9fd,bf3e29c7,c0e9e69b,3f50a3d7,3f800000,1000,3f800000,1000,136790,129
2550,bf7bf5d8,be95c5d6,3dd288ce,3e189375,00000000,0,00000000,0,137374,130
2551,40620e95,3fcb212d,c0d92bd4,3f61cac1,3f800000,1000,3f800000,1000,143207,135
2552,3f359210,3f34d773,bfcdfd8b,3d9fbe77,3f800000,1000,3f800000,1000,138540,131
2553,3f4538ef,3f61c0ec,405ecf42,3e3c6a7f,3f800000,1000,3f800000,1000,136207,129
2554,3fa2877f,3f256d5d,c02c068e,3dbc6a7f,3f800000,1000,3f800000,1000,136499,130
2555,3f00ad04,bc694467,410ab9f5,3f7be76d,00000000,0,00000000,0,137374,130
2556,c043ec03,bf26ed91,4115404f,3e76c8b4,00000000,0,00000000,0,137082,130
2557,4028a0e4,3fac4f0e,410e2a30,3f11eb85,3f800000,1000,3f800000,1000,136790,129
2558,3f9207b3,3dd9ba5e,40d33333,3ced9168,3ed3d05c,414,3ed34000,413,135624,128
2559,3f3aed14,3f9654ca,408127bb,3d3020c5,3f800000,1000,3f800000,1000,135916,129
2560,be5b4246,3f824bc7,40dabd3c,3e9d2f1b,00000000,0,00000000,0,137082,130
2561,bf44dd2f,3f6fb22d,3ee86595,3d6d9168,3ecdf78c,402,3ece0000,402,137082,131
2562,c03c307f,bea0c986,c10b0ebf,3e8d4fdf,3e112ba5,142,3e108000,141,139124,132
2563,3dcccccd,3f71e0df,bf40d845,3f3a9fbe,3f800000,1000,3f800000,1000,136499,129
2564,bfc91149,3e114120,c0ba068e,3ed1eb85,3ee63718,450,3ee62000,449,134457,127
2565,4024811b,3fb15b57,407aae7d,3ecdd2f2,3f800000,1000,3f800000,1000,136499,129
2566,bfd5aa50,bd256d5d,c0e6c986,3f160419,3f0aca37,542,3f0ae000,542,135916,128
2567,bfa5faec,bf1224dd,c11e0cb3,3d916873,3f800000,1000,3f800000,1000,135624,128
2568,4011cfff,3f9d27bb,bc54fdf4,3f272b02,3f800000,1000,3f800000,1000,136207,129
2569,bf3a86d7,bf1cb368,3f04a8c1,3e3645a2,00000000,0,00000000,0,136499,129
2570,3fb484b6,3f976944,3fa5ed29,3e591687,3f800000,1000,3f800000,1000,136207,129
2571,40594a4d,3fcd8a72,40272fec,3f2c49ba,3f800000,1000,3f800000,1000,140582,134
2572,3fb4f4c7,3ee084b6,c00a594b,3f0d0e56,3f800000,1000,3f800000,1000,137082,129
2573,bdea3593,befb381d,40e2b5dd,3f28b439,00000000,0,00000000,0,136207,129
2574,c04d30be,bf2fa858,3f8b18fc,3eb4bc6a,00000000,0,00000000,0,137665,130
2575,bd422681,3fa80ded,c0f127bb,3f445a1d,3f800000,1000,3f800000,1000,137665,131
2576,bcfc2657,3f2de1b1,c0d01965,3f5b645a,3f800000,1000,3f800000,1000,136790,130
2577,bf8b313c,3e36f34d,40d0daba,3ee4dd2f,00000000,0,00000000,0,136499,129
2578,3fc67770,3f66c155,41066113,3f3c6a7f,3f800000,1000,3f800000,1000,137666,131
2579,4012d81b,3fbdf838,40deae7d,3f726e98,3f800000,1000,3f800000,1000,137082,130
2580,3f0a1f4b,3f2056d6,40913b64,3ec41893,3f01a7a8,506,3f018000,506,136791,130
2581,c01e5fd9,bea77803,3ed3dd98,3efa5e35,00000000,0,00000000,0,135915,129
2582,bffd01e2,3dda3d71,40b69518,3d75c28f,00000000,0,00000000,0,136498,129
2583,c018adac,3bc63f14,bf56ae7d,3e3b645a,00000000,0,00000000,0,135915,129
2584,bfb242af,be90793e,c0e220c5,3d89374c,3f1a32f4,602,3f1a4000,603,135916,129
2585,401512ec,3fa748e9,c00c89a0,3f733333,3f800000,1000,3f800000,1000,136499,129
2586,3fdda3c2,3f861ff3,c0ec2eb2,3f0a7efa,3f800000,1000,3f800000,1000,136207,129
2587,bf6ad96a,3ee88312,c10ab5dd,3f6f1aa0,3f800000,1000,3f800000,1000,135624,128
2588,c0298d7a,bef4d35b,c0c3f06f,3d072b02,00000000,0,00000000,0,136499,129
2589,c01130be,3e1d2f1b,4082594b,3f57ced9,00000000,0,00000000,0,137666,130
2590,4011cf03,3fc64b5e,c0eb66cf,3f4624dd,3f800000,1000,3f800000,1000,135624,128
2591,bf63f141,3f392f1b,406feab3,3f76c8b4,00000000,0,00000000,0,137082,129
2592,bf7c8217,bf34f27c,4105d07d,3f0ed917,00000000,0,00000000,0,136499,130
2593,bfff4bc7,3d2aa64c,c0d04c30,3edc28f6,3e8cc25d,275,3e8ce000,275,137083,130
2594,3fb10b63,3f9e1cac,40828c15,3e0b4396,3f800000,1000,3f800000,1000,135624,128
2595,4027ddec,3f6cb439,3ff07fcc,3f024dd3,3f800000,1000,3f800000,1000,146706,140
2596,4063aebc,3fc7d1b7,c0c9fb16,3ebe76c9,3f800000,1000,3f800000,1000,139415,131
2597,3f8b18fc,3ef3a440,c0ebd70a,3db851ec,3f800000,1000,3f800000,1000,137958,131
2598,3f0f1412,bd93e426,40a36d5d,3f03d70a,00000000,0,00000000,0,136790,129
2599,bf465fd9,bf18233a,c07e075f,3ec41893,3ec546d5,385,3ec56000,385,137665,131
2600,3f2b3fa7,3f8bbb99,be6c56d6,3e7ced91,3f800000,1000,3f800000,1000,137373,130
2601,bf73afb8,bef762b7,3d0ef34d,3f1374bc,00000000,0,00000000,0,136790,130
2602,bf5fca43,3f17b7e9,40cb923a,3f7cac08,00000000,0,00000000,0,136791,130
2603,3f81bda5,3f14d5d0,c0c20ded,3f65e354,3f800000,1000,3f800000,1000,135915,129
2604,bf79f01c,bdb9fbe7,40593c36,3d6978d5,00000000,0,00000000,0,136498,129
2605,beaea4a9,bf327c85,40feacda,3cbc6a7f,00000000,0,00000000,0,136790,130
2606,40039e06,3f3e6666,c0b4f694,3f249ba6,3f800000,1000,3f800000,1000,137374,130
2607,4033b1af,3fcb28f6,40ba8f5c,3d89374c,3f800000,1000,3f800000,1000,137082,130
2608,4008df7a,3f1c4a8c,c105e282,3eec8b44,3f800000,1000,3f800000,1000,136499,130
2609,bf6d4563,be9bced9,40ee4c30,3f3be76d,00000000,0,00000000,0,136207,129
2610,bebeadd6,3e8bc01a,4116b4a2,3f649ba6,00000000,0,00000000,0,135624,129
2611,3f5cc101,bdb7ced9,c0948a72,3edeb852,3f800000,1000,3f800000,1000,136207,129
2612,3f176c8b,3ef398c8,40a7d2f2,3e810625,3e98bfaa,298,3e984000,297,135915,129
2613,bf04ae00,3fa5b7e9,3f69d495,3f7ef9db,3f5c7b3d,861,3f5c8000,861,135624,129
2614,bd406e1a,beb4a3d7,3fdcbc6a,3f733333,00000000,0,00000000,0,137374,130
2615,401fadc1,3fa48db9,40950553,3e083127,3f800000,1000,3f800000,1000,136207,129
2616,3f25e354,3f9ab924,40f07454,3d072b02,3f19ddd9,601,3f19a000,600,137374,130
2617,c01df4b2,bf26f9db,c0a915b5,3d50e560,00000000,0,00000000,0,135040,128
2618,40283c4b,3f71f55a,c10c04ea,3f59db23,3f800000,1000,3f800000,1000,136207,129
2619,bef6c615,bf247525,404bc361,3ea872b0,00000000,0,00000000,0,141749,135
2620,3f9674d1,3f0a3afb,c04b65fe,3f06e979,3f800000,1000,3f800000,1000,137374,130
2621,3fb96fa8,3f2efc50,c09d999a,3c9ba5e3,3f800000,1000,3f800000,1000,137665,131
2622,3f27357e,3f9e7732,c0e2e48f,3ea66666,3f800000,1000,3f800000,1000,135915,129
2623,3f2a708f,be86ae7d,4117511a,3edb22d1,00000000,0,00000000,0,135624,128
2624,be58b828,be122d0e,40c9f213,3f2d9168,00000000,0,00000000,0,135624,128
2625,3f0f7122,3f90b646,c0ce1e4f,3ef4bc6a,3f800000,1000,3f800000,1000,135623,128
2626,bf5bc409,3f0d53f8,40ac4674,3f12f1aa,00000000,0,00000000,0,135332,128
2627,c03fe133,beacfdf4,c0771412,3e0c49ba,00000000,0,00000000,0,136498,129
2628,bd4d7492,3eda43fe,c10f4c30,3f1374bc,3f800000,1000,3f800000,1000,136208,129
2629,c00ac376,3e53b2ff,4106be77,3f68f5c3,00000000,0,00000000,0,135915,128
2630,bfb7b5f2,3e87a29c,41119a02,3f1db22d,00000000,0,00000000,0,136498,130
2631,bf9bb2ff,3f254a23,410079a7,3e947ae1,00000000,0,00000000,0,136499,130
2632,40017d6b,3fba3afb,c109573f,3f666666,3f800000,1000,3f800000,1000,135624,129
2633,c008f377,bef8068e,409573eb,3f439581,00000000,0,00000000,0,136499,129
2634,3feceaf2,3faf3afb,408782aa,3f789375,3f800000,1000,3f800000,1000,136207,129
2635,3ca161e5,bf1620c5,41138ef3,3e93f7cf,00000000,0,00000000,0,137082,130
2636,402ab7fe,3f991aa0,4069e83e,3df5c28f,3f800000,1000,3f800000,1000,137374,130
2637,40173a15,3fbcb2ff,40c7a512,3f2978d5,3f800000,1000,3f800000,1000,135916,129
2638,3fdf21d5,3f0f205c,beec49ba,3f5ced91,3f800000,1000,3f800000,1000,135915,128
2639,3f60c34c,3f6224dd,bf7978d5,3e2d0e56,3f800000,1000,3f800000,1000,134749,128
2640,c02d898b,be732fec,c1146e2f,3ea76c8b,3ebbcade,367,3ebbe000,367,136207,129
2641,3f69691a,bda1de6a,c07c84b6,3eeb851f,3f800000,1000,3f800000,1000,137082,130
2642,bf4e0b4e,3edfe5c9,c08804ea,3e91eb85,3f4e03f7,805,3f4e0000,805,136790,129
2643,bfaf3f53,bea90625,40375a86,3f10624e,00000000,0,00000000,0,146707,139
2644,bfc85a71,3cf7e910,3ffe425b,3f68b439,00000000,0,00000000,0,141166,134
2645,3f937aa2,3ef7c1be,c027fcb9,3f316873,3f800000,1000,3f800000,1000,137082,130
2646,40016cb5,3f48bfb1,c0b283e4,3ee2d0e5,3f800000,1000,3f800000,1000,137374,130
2647,bfc65215,bd9e353f,c02884b6,3e7ae148,00000000,0,00000000,0,136790,130
2648,3f2c6a7f,3f9c0625,c10cba5e,3f7f3b64,3f800000,1000,3f800000,1000,137665,130
2649,c04341f2,bef9a1cb,c11e34d7,3f472b02,3eb44fe7,352,3eb4e000,353,137082,129
2650,c00c956c,bf3c8588,3fab020c,3f753f7d,00000000,0,00000000,0,138540,131
2651,c03b4f0e,bf17f7cf,403bcb92,3e6d9168,00000000,0,00000000,0,135916,129
2652,bfe0ef35,beceab36,c0735a86,3f5020c5,00000000,0,00000000,0,136790,130
2653,c001f01c,bf33c91d,40a26e98,3eeb020c,00000000,0,00000000,0,136208,129
2654,c0051b1e,bf2e5604,4034be0e,3e9eb852,00000000,0,00000000,0,135915,129
2655,c041f655,be972e49,c000710d,3f7374bc,00000000,0,00000000,0,136207,129
2656,be7d9fd3,3f9879a7,c09aa305,3ee56042,3f800000,1000,3f800000,1000,136207,129
2657,bfa928e1,bf38fc50,40ec703b,3efae148,00000000,0,00000000,0,141457,133
2658,4036f1aa,3fa7ecc0,4056cd9f,3f066666,3f800000,1000,3f800000,1000,139416,132
2659,bffbdc48,3996bb99,c040ded3,3edfbe77,00000000,0,00000000,0,136499,129
2660,3eaf3a15,3f7d7b4a,c0333eab,3f3b645a,3f800000,1000,3f800000,1000,136790,129
2661,404a809d,3fadced9,c0b0bd3c,3f195810,3f800000,1000,3f800000,1000,137665,130
2662,3fa469d7,3f86809d,c0a72fec,3ebef9db,3f800000,1000,3f800000,1000,135916,129
2663,3ee949a5,bd38ef35,403cc986,3f6d0e56,3e3224a5,174,3e31e000,174,136499,130
2664,bceb9a17,3f197a78,4116b021,3e7ef9db,00000000,0,00000000,0,136790,130
2665,401e9ad4,3fc2339c,3f93da51,3f4a7efa,3f800000,1000,3f800000,1000,135915,129
2666,bf30d1b7,bd900d1b,c0f91d15,3f758106,3f800000,1000,3f800000,1000,137666,130
2667,be9e9100,3f3f0553,bffe7382,3f68f5c3,3f7c4ba9,986,3f7c4000,985,158665,151
2668,3ffb37ca,3fae2824,40ba31f9,3e581062,3f800000,1000,3f800000,1000,139707,132
2669,bf400e6b,bea4bfb1,40a39097,3f0d4fdf,00000000,0,00000000,0,137082,130
2670,3f10bf5d,3f8a7d56,c0fcff97,3e841893,3f800000,1000,3f800000,1000,136207,129
2671,3f6f1fde,3f41e426,410e1c43,3e51eb85,3eace86a,338,3eac6000,337,136499,129
2672,3fb646f1,3f846a16,40a84dd3,3f5a5e35,3f800000,1000,3f800000,1000,137082,129
2673,bdc230fd,3f1ccf42,c0cacf42,3e96872b,3f800000,1000,3f800000,1000,135915,129
2674,3fcb6ed6,3e81d2f2,40960f91,3f353f7d,3f800000,1000,3f800000,1000,136791,130
2675,4032ea21,3f9d8fc5,408dfd8b,3eca3d71,3f800000,1000,3f800000,1000,135332,128
2676,402bf5d8,3f77e69b,c10df6fd,3f2e978d,3f800000,1000,3f800000,1000,135333,128
2677,3fda8d65,3eca5e35,4113d1b7,3f4c49ba,3f800000,1000,3f800000,1000,135915,128
2678,3ffd6239,3fa4f3b6,bf46f007,3ecfdf3b,3f800000,1000,3f800000,1000,135623,129
2679,3e2eb1c4,be1b2618,c0bc1206,3d03126f,3f800000,1000,3f800000,1000,135332,128
2680,be98df7a,3e8b8d50,c0dd8c7e,3f3ced91,3f800000,1000,3f800000,1000,136499,129
2681,bd145b6c,3fc78e22,40a9c0ec,3ed4fdf4,3efbc674,492,3efb6000,491,136207,129
2682,bdea2b17,bea484b6,40b32546,3d1374bc,00000000,0,00000000,0,137957,130
2683,402204c0,3f6f8a09,c067ef9e,3f58d4fe,3f800000,1000,3f800000,1000,135915,128
2684,3fa4f41f,3f6096bc,c01dff2e,3e6147ae,3f800000,1000,3f800000,1000,136790,129
2685,3ff051ec,3fcbc8b4,41019097,3ec18937,3f800000,1000,3f800000,1000,135916,128
2686,bf9ac519,3f0e3c9f,404ecf42,3e5a1cac,00000000,0,00000000,0,135916,129
2687,bf992b80,be011340,401c3c9f,3e90e560,00000000,0,00000000,0,137082,130
2688,3e77707a,3fc15d64,40803055,3e89ba5e,3f7fe392,1000,3f7fc000,999,137082,130
2689,404925ee,3fa6425b,3d20902e,3f410625,3f800000,1000,3f800000,1000,138541,131
2690,bfaa3ad2,ba8e8a72,3f371759,3f48b439,00000000,0,00000000,0,137957,130
2691,c0202c91,be2b0f28,c0c146dc,3f59db23,00000000,0,00000000,0,144665,137
2692,bfa88d8f,3f03566d,4098ab36,3f0ccccd,00000000,0,00000000,0,138540,131
2693,3fd8793e,3eb6d289,c11c3a2a,3ec00000,3f800000,1000,3f800000,1000,136207,129
2694,bfac45cc,bc1fbe77,c0fb7732,3ed374bc,3f4d87d7,803,3f4dc000,804,135915,128
2695,3e122fad,3fb2ce07,c0c3f6fd,3f4d9168,3f800000,1000,3f800000,1000,137082,130
2696,405cbc17,3fc75a86,403629c7,3d9db22d,3f800000,1000,3f800000,1000,135623,128
2697,3f7dcdb3,3f189931,bd0bac71,3e3b645a,3f800000,1000,3f800000,1000,135624,129
2698,3f264452,3da9ce07,bfc7dbf5,3e88b439,3f800000,1000,3f800000,1000,136791,130
2699,bec22920,3e982268,408dae14,3eaf9db2,00000000,0,00000000,0,137082,130
2700,bfb7d4bf,3d1b98c8,3f54af4f,3e8ed917,00000000,0,00000000,0,137374,130
2701,c0117492,be2119ce,40807efa,3f69374c,00000000,0,00000000,0,136498,129
2702,3e360bf6,3e19758e,40edff2e,3d99999a,00000000,0,00000000,0,137082,130
2703,bf9d436c,3ee9b717,4107be77,3e9db22d,00000000,0,00000000,0,137082,130
2704,3f9b2b56,3f085048,408a05bc,3ee0c49c,3f800000,1000,3f800000,1000,137082,131
2705,40492157,3fcc233a,c1140c4a,3f67ae14,3f800000,1000,3f800000,1000,136790,129
2706,3f0bd3c3,3f8b573f,411cacda,3ef43958,00000000,0,00000000,0,136499,129
2707,3f903e42,3de5fd8b,4119d845,3f408312,00000000,0,00000000,0,135624,129
2708,bdbb05fb,3f1de69b,c0b1aace,3f29ba5e,3f800000,1000,3f800000,1000,137374,131
2709,3f3e2d62,be2c816f,be9ef9db,3d48b439,3f800000,1000,3f800000,1000,137374,131
2710,3f8705a7,3f964b5e,c1071d7e,3f343958,3f800000,1000,3f800000,1000,137082,130
2711,bf0fe5c9,3e359168,41002752,3f20c49c,00000000,0,00000000,0,137082,130
2712,404522fb,3fc465fe,40f3d97f,3f2872b0,3f800000,1000,3f800000,1000,136207,128
2713,bfb6defc,3f0fd8ae,c073ec57,3c75c28f,3eff705a,499,3eff8000,499,136207,129
2714,4034bbc3,3f8ed5d0,c0fa872b,3f249ba6,3f800000,1000,3f800000,1000,138832,131
2715,3ec9d734,be8a52bd,40f4346e,3f1d70a4,00000000,0,00000000,0,142915,136
2716,3e7f7cee,3fc9d4fe,c0d1eecc,3e624dd3,3f800000,1000,3f800000,1000,138541,131
2717,3faf064f,3fc6c91d,3ff4432d,3f65a1cb,3f800000,1000,3f800000,1000,137665,130
2718,3f8f52fc,3ed21b09,40847bb3,3e8f5c29,3f800000,1000,3f800000,1000,135623,128
2719,bff8b439,bf13119d,40a19f56,3f70a3d7,00000000,0,00000000,0,135040,128
2720,4018533b,3fbc7d56,3ff2e148,3f47ef9e,3f800000,1000,3f800000,1000,135332,129
2721,bfe0e758,bd20902e,bfe12a30,3f0e978d,00000000,0,00000000,0,135624,128
2722,bf4b313c,3e93c01a,3e361134,3d408312,00000000,0,00000000,0,137374,130
2723,bfb5cb14,be9c75f7,40edf8a1,3e4dd2f2,00000000,0,00000000,0,136207,129
2724,bea1c044,3f2c6a7f,40968588,3df7ced9,00000000,0,00000000,0,136499,130
2725,3e3c3b4f,3ed9c91d,bf8ed917,3f18d4fe,3f6701de,902,3f670000,902,135624,128
2726,bec7c30d,beca8588,40eec227,3f19db23,00000000,0,00000000,0,137082,129
2727,c03f0015,bf29e4f7,c0f8e48f,3f2c8b44,00000000,0,00000000,0,136790,129
2728,bfc1bef5,3e9aa162,3f45f06f,3eced917,00000000,0,00000000,0,136499,129
2729,3efa6373,3fa9d07d,40faaa65,3f7db22d,3f09f314,539,3f0a0000,539,137374,130
2730,bec8f084,3f3017c2,c10f5bc0,3f30e560,3f800000,1000,3f800000,1000,136790,130
2731,bf697a25,3f46d42c,c0b79b3d,3f26e979,3f800000,1000,3f800000,1000,135915,129
2732,3f98efdd,3fb5119d,3fa76fd2,3ed47ae1,3f800000,1000,3f800000,1000,136791,130
2733,3f441b33,3ebe9100,3f3816f0,3ef43958,3f800000,1000,3f800000,1000,135916,128
2734,c0062435,3e1aeb1c,40cd3a93,3f4c8b44,00000000,0,00000000,0,137082,130
2735,3fa22531,3fbc2eb2,4113ecc0,3f7df3b6,3f800000,1000,3f800000,1000,136207,128
2736,3fbc4135,3f9c6dc6,4017f141,3ef95810,3f800000,1000,3f800000,1000,137082,130
2737,bfbfdfe3,3e80710d,c0bebe0e,3e4ac083,3f16c833,589,3f16e000,589,136499,129
2738,c01f7b9e,bf12cf42,4105b7e9,3e178d50,00000000,0,00000000,0,137665,130
2739,3f6d3309,3fcc9375,c0d491d1,3ee9fbe7,3f800000,1000,3f800000,1000,175290,167
2740,bfb1b7bf,3f387382,bf5a511a,3f0fdf3b,3e3c5ec2,184,3e3c6000,184,140873,133
2741,c016f156,beb8f27c,c101624e,3d3851ec,3e9a0667,301,3e9a0000,301,139415,132
2742,3ebe6c4c,3f053c36,c07f65fe,3f76872b,3f800000,1000,3f800000,1000,137082,130
2743,beeaa10e,3e941206,c08487fd,3f48b439,3f60027f,875,3f600000,875,136499,129
2744,3f23d07d,3f694a23,407a12d7,3ecac083,3f800000,1000,3f800000,1000,136790,130
2745,beb3eab3,3f8c3958,bfabafb8,3ef74bc7,3f800000,1000,3f800000,1000,136208,129
2746,bd9018e7,bbe4f766,4071652c,3ea9fbe7,00000000,0,00000000,0,137082,129
2747,3fb8e2c1,3f5fc01a,c1057732,3f7ae148,3f800000,1000,3f800000,1000,136207,129
2748,3e1ec80c,3f90ca58,c0a43bcd,3e147ae1,3f800000,1000,3f800000,1000,136207,129
2749,bf17079e,3dbe5604,40be4dd3,3f59db23,00000000,0,00000000,0,136498,129
2750,40158cd2,3fa2c77a,3f7a0275,3f41cac1,3f800000,1000,3f800000,1000,136498,129
2751,c0058c7e,bdad70a4,c030f5c3,3eddb22d,00000000,0,00000000,0,138249,131
2752,3c22339c,bf02240b,40554467,3e1374bc,00000000,0,00000000,0,137374,130
2753,bfaa8827,be265c92,c00722d1,3f72f1aa,00000000,0,00000000,0,137374,130
2754,40070015,3f851f8a,c0967c85,3f3ae148,3f800000,1000,3f800000,1000,137082,130
2755,3f29a954,bda41206,3fc4e076,3e9fbe77,3f22ca99,636,3f22c000,636,137957,130
2756,3f998bd6,3f962e49,40864c30,3f46a7f0,3f800000,1000,3f800000,1000,136499,129
2757,bfef3626,3e6e69ad,4066dc5d,3f5cac08,00000000,0,00000000,0,137666,130
2758,c00dfb40,bcdb7176,c1141ff3,3e3a5e35,3f186a6f,595,3f188000,596,136790,130
2759,bfeb13be,3e14f0d8,c10ed639,3eddb22d,3f620266,883,3f624000,884,135915,129
2760,c004c0ad,bd8c28f6,c013ef9e,3f2147ae,00000000,0,00000000,0,136790,130
2761,3e7dd97f,3f834817,3f26e2eb,3f618937,3f800000,1000,3f800000,1000,136790,130
2762,3f9b5200,3f2b851f,c0e8680a,3f48f5c3,3f800000,1000,3f800000,1000,138249,132
2763,3fb0c88a,3e8e3055,c105c6a8,3f28b439,3f800000,1000,3f800000,1000,150790,143
2764,be554c98,3e78e560,c0e71d15,3f35c28f,3f800000,1000,3f800000,1000,136791,130
2765,3e82b40f,3d8e9100,4074db8c,3f595810,00000000,0,00000000,0,137957,130
2766,403256ac,3f9dbf48,c0cc6666,3edeb852,3f800000,1000,3f800000,1000,137666,131
2767,3e9e670e,3f2bb4a2,bf9566cf,3ec6a7f0,3f800000,1000,3f800000,1000,135624,129
2768,be87620f,3fb9d0e5,404629c7,3c83126f,3f2379a1,639,3f238000,639,136790,130
2769,3f468db9,3f9c5879,c0bf7dbf,3e656042,3f800000,1000,3f800000,1000,135915,128
2770,3f8bd9a9,3fa03127,c0c1fa44,3f65a1cb,3f800000,1000,3f800000,1000,136498,129
2771,3faebe38,3f9a9375,c1160f91,3eab020c,3f800000,1000,3f800000,1000,136207,129
2772,3e7396d1,3f483afb,c0751b71,3db645a2,3f800000,1000,3f800000,1000,136498,129
2773,bf384231,3f5cb021,40ab34d7,3f439581,00000000,0,00000000,0,136498,130
2774,c01487fd,beeb7e91,40887c85,3d408312,00000000,0,00000000,0,136498,130
2775,4063c654,3fcdbcd3,c0affa44,3c54fdf4,3f800000,1000,3f800000,1000,136791,130
2776,3fa88312,3fc0374c,c10fd773,3de978d5,3f800000,1000,3f800000,1000,136499,129
2777,bf8ebee0,3f0af909,c0bf205c,3ef95810,3f800000,1000,3f800000,1000,136791,129
2778,3f1046c7,3df22d0e,4108930c,3d23d70a,00000000,0,00000000,0,139124,132
2779,3f86c17f,bd3eab36,410d5532,3e1374bc,00000000,0,00000000,0,136499,129
2780,401ca6ca,3fb582aa,40662d0e,3f33f7cf,3f800000,1000,3f800000,1000,136499,129
2781,bf348e8a,3f10ca58,4059930c,3f195810,00000000,0,00000000,0,136207,129
2782,be70068e,3f582eb2,4112adac,3f639581,00000000,0,00000000,0,136790,130
2783,3fd4ab60,3f282eb2,c0203127,3e0a3d71,3f800000,1000,3f800000,1000,135041,128
2784,3ffb04ab,3f6892a3,c0278a09,3ec28f5c,3f800000,1000,3f800000,1000,137374,130
2785,be592b80,3f1eecc0,c0a3f213,3e5d2f1b,3f800000,1000,3f800000,1000,136207,130
2786,3f8ec765,3fa7de6a,4057e5c9,3f072b02,3f800000,1000,3f800000,1000,142623,131
2787,bf2bb44e,3f5836e3,c056fec5,3bc49ba6,3f800000,1000,3f800000,1000,139416,132
2788,3f0dacef,3fb0f007,bec631f9,3f7c28f6,3f800000,1000,3f800000,1000,137957,130
2789,bfa45198,3f421965,bfc95b57,3e16872b,3eb77c00,358,3eb76000,358,135332,128
2790,400d8a33,3f9f1134,c025ab9f,3f245a1d,3f800000,1000,3f800000,1000,136207,129
2791,bf54aa11,3f214d6a,40e84c30,3ee76c8b,00000000,0,00000000,0,136207,129
2792,bf4d8ec9,3f84b2ff,c0303c9f,3f466666,3f800000,1000,3f800000,1000,135624,128
2793,be78a090,bed51eb8,410e6113,3f42d0e5,00000000,0,00000000,0,136498,129
2794,40396a16,3f993a93,40c7ed29,3f5db22d,3f800000,1000,3f800000,1000,136790,130
2795,3ffd0efe,3fb8d8ae,c107bfb1,3e3f7cee,3f800000,1000,3f800000,1000,135624,128
2796,bf38c543,3f35ae14,c0d739c1,3f5fbe77,3f800000,1000,3f800000,1000,136790,130
2797,bf1f3a15,be605532,40eb6fd2,3b449ba6,00000000,0,00000000,0,137082,130
2798,3f5aea74,3f9509d5,c0967efa,3db43958,3f800000,1000,3f800000,1000,136791,129
2799,bf6aefb3,bea3a440,409d3d08,3e800000,00000000,0,00000000,0,136207,129
2800,c030d994,befe5c92,3f7837b5,3edb22d1,00000000,0,00000000,0,135624,128
2801,c00a075f,bf0d3f7d,c1002b6b,3e8a3d71,3ed234ae,411,3ed24000,411,135040,129
2802,3fabc4b1,3f3d2e49,4114096c,3f2872b0,3f547aa9,830,3f544000,829,138249,131
2803,bfe18549,bf17758e,c110d70a,3f5374bc,3f59e259,851,3f5a2000,852,136499,129
2804,bfaf6167,3ebdcfab,c0e918fc,3eac0831,3f800000,1000,3f800000,1000,135332,129
2805,c0161ea3,be8a2eb2,c0f4d1b7,3e3a5e35,3e78516d,242,3e790000,243,137957,129
2806,3fe7414a,3f1f1687,3f69ce07,3f52f1aa,3f800000,1000,3f800000,1000,136499,129
2807,bf0704ff,3f80809d,401c1d7e,3ee66666,3e88102d,266,3e87e000,265,138249,131
2808,40295aaf,3fcb3405,c00001a3,3ee76c8b,3f800000,1000,3f800000,1000,136207,129
2809,bf097b74,3f8d3c9f,bfe7c505,3ea147ae,3f800000,1000,3f800000,1000,136791,129
2810,bffb3eff,3e91999a,c0acd845,3f716873,3eb8dccd,361,3eb92000,362,136499,129
2811,bfa54fdf,be82b6ae,c008f0d8,3f0d4fdf,00000000,0,00000000,0,142040,135
2812,c049883c,bedeae7d,40da63f1,3ebae148,00000000,0,00000000,0,137957,131
2813,3e98adac,3fc98f5c,4037aace,3df3b646,3f800000,1000,3f800000,1000,136207,129
2814,4015ebd9,3fcaae14,4084710d,3e23d70a,3f800000,1000,3f800000,1000,135332,128
2815,3f7a747e,3f32d917,c02ffe5d,3f70e560,3f800000,1000,3f800000,1000,137374,130
2816,bfdcb09f,bf2db717,40f671de,3e020c4a,00000000,0,00000000,0,137082,130
2817,c02d4413,be75c5d6,c117b5dd,3e88b439,3eccb2db,400,3ecd4000,401,136790,130
2818,c029b5c8,be2ec56d,c0eeadac,3f5b22d1,3dfa7b9e,122,3dfa0000,122,137082,130
2819,3fd594af,3f0fba5e,40123886,3eb126e9,3f800000,1000,3f800000,1000,136207,129
2820,bf6b1466,3f4da29c,c0e88b44,3d9db22d,3f800000,1000,3f800000,1000,137373,130
2821,3fb6d331,3f1aef35,40d0ed91,3f5020c5,3f800000,1000,3f800000,1000,135623,129
2822,4027e910,3f7c2a99,40394952,3f1b22d1,3f800000,1000,3f800000,1000,135040,127
2823,bef497b7,bcec56d6,4041fa44,3e79db23,00000000,0,00000000,0,135915,128
2824,be27913f,beaf8bac,c0c20903,00000000,3f800000,1000,3f800000,1000,137082,130
2825,400600d2,3fc129c7,bf322d0e,3e991687,3f800000,1000,3f800000,1000,135915,129
2826,4013404f,3fa9e76d,40a3fb16,3ddd2f1b,3f800000,1000,3f800000,1000,138832,131
2827,3ef12ec7,bbcb923a,410d9c0f,3f2e147b,00000000,0,00000000,0,136499,129
2828,c01f6b3c,3c0adaba,410532ca,3f1df3b6,00000000,0,00000000,0,136207,129
2829,3fb63498,3f1e1b09,bda9930c,3f6b851f,3f800000,1000,3f800000,1000,136791,129
2830,3f70980b,bdd88ce7,3fbcd9e8,3ec51eb8,3f800000,1000,3f800000,1000,137374,130
2831,3f44bc6a,3d618937,bf8ca234,3dba5e35,3f800000,1000,3f800000,1000,140874,134
2832,bf4894c4,3f59999a,40a21cac,3f3df3b6,00000000,0,00000000,0,137082,130
2833,c05405e6,befd14e4,41145c29,3f1fbe77,00000000,0,00000000,0,136207,129
2834,be9a6373,bf3e809d,c03eeb1c,3f1b645a,3eef0bf3,467,3eef0000,467,137082,130
2835,40076e2f,3fa491d1,4114b574,3f4147ae,3f800000,1000,3f800000,1000,184915,177
2836,4019ecd5,3fa615b5,40a4b296,3ec9374c,3f800000,1000,3f800000,1000,139707,132
2837,be818937,bece809d,c0f4c711,3f6624dd,3f800000,1000,3f800000,1000,137082,130
2838,402c2fd7,3fbc15b5,40d98a09,3f0978d5,3f800000,1000,3f800000,1000,137666,131
2839,bfdc6b27,3dcf62b7,40b56e2f,3e676c8b,00000000,0,00000000,0,136791,130
2840,bfdee04c,bef73b64,bf2205bc,3e428f5c,00000000,0,00000000,0,136790,130
2841,3f441f21,3e67fcb9,c0f15e9e,3f22d0e5,3f800000,1000,3f800000,1000,135915,128
2842,c0134688,bf044a8c,bf3d844d,3f79999a,00000000,0,00000000,0,136208,129
2843,3fc01adf,3f3738ef,4091126f,3ccccccd,3f800000,1000,3f800000,1000,135915,128
2844,3bf861a6,bddea4a9,c090154d,3eec8b44,3f62f31c,887,3f632000,887,135623,128
2845,bfd6c615,bf15ae14,40f16388,3f456042,00000000,0,00000000,0,136791,130
2846,3ea4e7ab,3fa9bfb1,40d786c2,3e4ac083,3ee12236,440,3ee0e000,439,136498,129
2847,bf3d9fd3,bf2565fe,40852a30,3f7b645a,00000000,0,00000000,0,136498,129
2848,c00dcf57,3e50b439,c0b9aee6,3f6dd2f2,3e6e7fc6,233,3e6f0000,233,136207,129
2849,bfcfacc5,bef54e3c,3f351eb8,3e19999a,00000000,0,00000000,0,136207,129
2850,be196a6a,3eabc01a,c1110419,3ed1eb85,3f800000,1000,3f800000,1000,137082,130
2851,bf094c44,bf182752,c0d24d01,3f08f5c3,3f7d000d,988,3f7d0000,988,136498,129
2852,3ff5d6e0,3fa8295f,40aad1b7,3f43d70a,3f800000,1000,3f800000,1000,135624,128
2853,3fdf40a3,3f40aa65,c05ee979,3ee8f5c3,3f800000,1000,3f800000,1000,135332,128
2854,c05c8f32,bf165a1d,41009a02,3f70a3d7,00000000,0,00000000,0,136207,129
2855,bfc016f0,be561e4f,40c1c01a,3f716873,00000000,0,00000000,0,136207,129
2856,3f970457,3f9115b5,c04ad42c,3f726e98,3f800000,1000,3f800000,1000,136499,130
2857,bf240a28,beff79a7,40161134,3f48b439,00000000,0,00000000,0,135624,128
2858,3f0c5d64,be15ed29,c0fd4880,3f3020c5,3f800000,1000,3f800000,1000,141457,135
2859,be2a10e0,3f8a06f7,bfb2fec5,3f75c28f,3f800000,1000,3f800000,1000,137373,130
2860,bf178d50,3c8bfb16,40a41bda,3f266666,00000000,0,00000000,0,138248,131
2861,3fef2a5a,3f867b4a,bf3a0903,3f133333,3f800000,1000,3f800000,1000,136790,129
2862,3f2ecfea,3c1e1b09,c0e0425b,3e428f5c,3f800000,1000,3f800000,1000,135916,129
2863,3f8752fc,3f79c361,bf339581,3ed9999a,3f800000,1000,3f800000,1000,136499,130
2864,4046b4b7,3fb313a9,411e013b,3df3b646,3f800000,1000,3f800000,1000,136499,129
2865,3f33d85a,3f9bee63,c06a1ff3,3f12b021,3f800000,1000,3f800000,1000,136207,129
2866,3f7ad03e,3eb09375,40abc361,3f2e147b,3f34b4a5,706,3f34c000,706,136207,129
2867,3f98e369,3e3aeb1c,c0998c7e,3f71eb85,3f800000,1000,3f800000,1000,136790,129
2868,3fe8bac7,3f41afb8,3f297f63,3f170a3d,3f800000,1000,3f800000,1000,140291,132
2869,3f847842,3fb861e5,c0c15a86,3e8ac083,3f800000,1000,3f800000,1000,138540,131
2870,c00f5697,be1456d6,c10126e9,3d54fdf4,3eb77707,358,3eb76000,358,135332,128
2871,bf3f7b9e,3ee914e4,c02e48e9,3ef33333,3f17e90c,593,3f17e000,593,137374,130
2872,3f48cbd1,3f219168,bf9e00d2,3eb2b021,3f800000,1000,3f800000,1000,136499,129
2873,bfcfb741,bcac3c9f,c0e8c63f,3eb645a2,3f0db682,554,3f0dc000,554,136499,129
2874,3f474fb5,3fa0f9db,c07b5f70,3e9f3b64,3f800000,1000,3f800000,1000,135916,128
2875,3f9b3a69,3f53a1cb,bfcdb22d,3be56042,3f800000,1000,3f800000,1000,135624,128
2876,bff92e1f,bf0ac2f8,c04bef9e,3f343958,00000000,0,00000000,0,137666,130
2877,3e0c5437,be801206,c108ee63,3ec72b02,3f800000,1000,3f800000,1000,135915,129
2878,bfd861a6,3ca19653,40dee219,3ef95810,00000000,0,00000000,0,136207,129
2879,bf0667b6,3f0dc1be,3ef5c28f,3ec83127,3e558f1f,209,3e558000,208,135916,129
2880,c00c2a99,bf1a902e,3f0645a2,3d2c0831,00000000,0,00000000,0,135915,129
2881,bfcb2229,becf4396,3fab74bc,3f45e354,00000000,0,00000000,0,135624,128
2882,bfc64452,bf1ea305,3fa3645a,3f7c6a7f,00000000,0,00000000,0,142041,134
2883,be9ad6cb,3e1d8106,c0b9cfab,3ecac083,3f800000,1000,3f800000,1000,138540,132
2884,bf7e6afd,3ddcd35b,c0c6b021,3f049ba6,3f4a201f,790,3f4a6000,791,137082,129
2885,bf7404ea,be489d49,401a680a,3d54fdf4,00000000,0,00000000,0,135624,128
2886,3f24f8b6,3fa503b0,c0248312,3f639581,3f800000,1000,3f800000,1000,139707,132
2887,bf01172f,bf3ad289,c0dad1b7,3d75c28f,3f800000,1000,3f800000,1000,136208,130
2888,3f28476f,3fc0b0f2,3ed6ae7d,3c54fdf4,3f800000,1000,3f800000,1000,136499,129
2889,bfe4193b,3ee2a305,40980c4a,3f620c4a,00000000,0,00000000,0,135915,129
2890,bf4fd9fd,3f048241,408dba5e,3f6bc6a8,00000000,0,00000000,0,135624,128
2891,bead9408,3e90ded3,c11b0ded,3f59999a,3f800000,1000,3f800000,1000,136790,129
2892,bfa4fb55,3e73e426,3d43c9ef,3d810625,00000000,0,00000000,0,136498,129
2893,3e4f12c2,be7fdf3b,409baee6,3f1126e9,00000000,0,00000000,0,135915,129
2894,3fa837b5,3fc3119d,c0b201a3,3ebced91,3f800000,1000,3f800000,1000,136498,129
2895,40419e84,3fcfbe77,c0fcc63f,3b449ba6,3f800000,1000,3f800000,1000,135915,128
2896,bf872f98,bf00594b,bf72d0e5,3e4ccccd,00000000,0,00000000,0,136791,130
2897,c015c1e8,becff7cf,c0afad43,3f49374c,00000000,0,00000000,0,136791,130
2898,bf5da3c2,3f0e793e,c03e9c78,3d50e560,3f211274,629,3f212000,629,138248,131
2899,401d3261,3f8f126f,40682de0,3f56872b,3f800000,1000,3f800000,1000,135623,128
2900,3fca51c2,3efc51ec,c11cb0f2,3f23126f,3f800000,1000,3f800000,1000,136207,129
2901,3f66b26c,3fbec0ec,c0a1f972,3e8e5604,3f800000,1000,3f800000,1000,135916,128
2902,be7d512f,3f0ac63f,c0368f5c,3f7f3b64,3f7f5198,997,3f7f4000,997,135916,128
2903,3fe38c54,3f971687,befaee63,3f35c28f,3f800000,1000,3f800000,1000,136790,130
2904,3ebe1da8,3f781d7e,c07966cf,3ea872b0,3f800000,1000,3f800000,1000,138248,131
2905,bf387a8d,3e80bfb1,c0a386c2,3f67ef9e,3f657d3e,896,3f658000,896,136207,129
2906,3f6800a8,be1a40b8,40f820c5,3f639581,00000000,0,00000000,0,171791,165
2907,3f6bca97,3ed35f70,410faace,3ea45a1d,3b9c7d58,5,3b8e2000,4,142040,134
2908,be3a3982,3e123055,c0ee4745,3f0fdf3b,3f800000,1000,3f800000,1000,138541,132
2909,3fb7544c,3f974dd3,404acf42,3dc08312,3f800000,1000,3f800000,1000,138249,131
2910,bff797cc,3e80db8c,3e828241,3f272b02,00000000,0,00000000,0,136499,129
2911,3f9c43d4,3f8d4f0e,41074880,3f6c0831,3f800000,1000,3f800000,1000,136790,130
2912,3de8f084,3e04e3bd,3f961134,3e800000,3dc9fd33,99,3dc9a000,98,137957,131
2913,3f3039ac,be455326,c0c8bee0,3e3b645a,3f800000,1000,3f800000,1000,137665,131
2914,bfcdac47,3f12b6ae,40c8eb1c,3e0c49ba,00000000,0,00000000,0,136499,129
2915,3fe06cca,3f551de7,c11a0275,3ebe76c9,3f800000,1000,3f800000,1000,136499,129
2916,40372e9d,3faf95ea,be0240b8,3f2ac083,3f800000,1000,3f800000,1000,136499,129
2917,3f081adf,3f8e84b6,40ecd917,3f76c8b4,3ef469df,477,3ef40000,477,135624,129
2918,c037f91e,be989518,c1015b57,3ea2d0e5,3d8ee5ac,70,3d8fc000,70,135332,128
2919,c0078961,bd0f41f2,c0ff5e9e,3eb33333,3edd7a59,433,3edde000,433,135624,128
2920,405320da,3fae87fd,c0c73d08,3e624dd3,3f800000,1000,3f800000,1000,135915,129
2921,bfde0568,bf177660,c03ff141,3f624dd3,00000000,0,00000000,0,135623,129
2922,bf27f62b,be868db9,c0894a23,3f7b645a,3f0ff9b6,562,3f100000,563,138540,131
2923,bf455b03,3ec4b780,c0cf923a,3f4b020c,3f800000,1000,3f800000,1000,136499,130
2924,3ee584f5,3ddd3c36,3e905532,3f116873,3f34bf54,706,3f34c000,706,136791,130
2925,beff3387,3d8ef9db,c0b14467,3e820c4a,3f5b2bf1,856,3f5b4000,856,135332,128
2926,3e870b8d,be2a9c78,c0fda440,3f0c49ba,3f800000,1000,3f800000,1000,136791,130
2927,401729b3,3f9f4880,c0860b78,3f75c28f,3f800000,1000,3f800000,1000,137374,130
2928,bf594079,3efa978d,40e2b50b,3ec51eb8,00000000,0,00000000,0,136207,129
2929,400fef4a,3fca7d56,40a2e148,3f6e5604,3f800000,1000,3f800000,1000,137083,129
2930,403f7af6,3fa0fc50,40b10b0f,3f2872b0,3f800000,1000,3f800000,1000,142041,135
2931,c01aff19,be4353f8,c0a1a440,3e839581,00000000,0,00000000,0,137665,131
2932,bee7f23d,3e10fc50,3f7ad42c,3f200000,00000000,0,00000000,0,137082,129
2933,bf73e575,3f4a8588,c0a89446,3f045a1d,3f800000,1000,3f800000,1000,136791,130
2934,4019d053,3faf13a9,c0f11eb8,3ef22d0e,3f800000,1000,3f800000,1000,136499,130
2935,c00992b8,bf37e69b,c0ac3886,3d810625,00000000,0,00000000,0,135040,128
2936,3feb2b56,3f8f9c78,c09eebee,3f07ef9e,3f800000,1000,3f800000,1000,137957,131
2937,bf5696e6,3f4d53f8,c0a4fec5,3f4f9db2,3f800000,1000,3f800000,1000,137082,130
2938,bf14fb55,3f9f0ded,c03e95ea,3f61cac1,3f800000,1000,3f800000,1000,136498,130
2939,3deb9a17,bd6d288d,c10c0000,3f4a3d71,3f800000,1000,3f800000,1000,138540,131
2940,4035a60d,3fb96320,bf6b295f,3f7c6a7f,3f800000,1000,3f800000,1000,137957,131
2941,c00698dd,3d963886,40bd212d,3dd2f1aa,00000000,0,00000000,0,137082,130
2942,3f1baf10,beadd97f,4001fd8b,3f0f9db2,3f004709,501,3f002000,500,135624,129
2943,be07bdcf,3e3df6fd,c11a9fbe,3db020c5,3f800000,1000,3f800000,1000,135624,129
2944,3fd9b867,3ef97f63,c115e7d5,3f73f7cf,3f800000,1000,3f800000,1000,135624,129
2945,3f495fee,bdad844d,c0c78e22,3e93f7cf,3f800000,1000,3f800000,1000,135916,129
2946,3f4ce465,3eedb22d,bf00f27c,3e3a5e35,3f800000,1000,3f800000,1000,138249,132
2947,c02582fd,bf191eb8,40c2fec5,3e926e98,00000000,0,00000000,0,136499,130
2948,be26c4c6,be113405,c1137c85,3e9a9fbe,3f800000,1000,3f800000,1000,137665,131
2949,3fc8e172,3f68c986,3db2ca58,3ecf5c29,3f800000,1000,3f800000,1000,136499,129
2950,bfafc654,bf26d9e8,c0f526e9,3ef2b021,3f427fa2,760,3f42a000,760,137082,130
2951,3f3f7f8d,3f8fafb8,c11b4745,3ea66666,3f800000,1000,3f800000,1000,136207,129
2952,404a2e0a,3fbfafb8,40beecc0,3f3b645a,3f800000,1000,3f800000,1000,136499,129
2953,40250679,3f67fcb9,3ecfb7e9,3ee8f5c3,3f800000,1000,3f800000,1000,135332,128
2954,401d50db,3fa90903,410a50b1,3eda1cac,3f800000,1000,3f800000,1000,141166,134
2955,c0050a67,bf176042,410972b0,3f7e353f,00000000,0,00000000,0,139124,132
2956,40032b56,3fc08ce7,400c6595,3f5fbe77,3f800000,1000,3f800000,1000,136790,129
2957,bf235bd5,3f1d096c,40eff62b,3f1d70a4,00000000,0,00000000,0,138832,131
2958,bf6b83cf,be6dd97f,c082e3bd,3f178d50,3eb5ff62,355,3eb62000,356,135041,128
2959,401001f7,3fb2a787,3febe0df,3f4e978d,3f800000,1000,3f800000,1000,136790,129
2960,3fca7c5b,3ef4779a,41076dc6,3ee8f5c3,3f800000,1000,3f800000,1000,136498,129
2961,bfac8217,be3cc986,bfb88ce7,3e970a3d,00000000,0,00000000,0,138249,131
2962,40187c85,3f9edd2f,40320aa6,3d5d2f1b,3f800000,1000,3f800000,1000,138249,131
2963,3fad8c2a,3fb44e3c,40fbced9,3f256042,3f800000,1000,3f800000,1000,137374,130
2964,3f241c82,3fc1d1b7,41158106,3f251eb8,3f19479e,599,3f194000,599,136791,130
2965,bfe25aee,3e418c7e,c10e4c30,3eb126e9,3f70fcef,941,3f70e000,941,137374,130
2966,bf285879,bdc3f7cf,bfa3367a,3efa5e35,00000000,0,00000000,0,136207,129
2967,3feba14d,3f6ea64c,409b38ef,3e9374bc,3f800000,1000,3f800000,1000,139124,131
2968,bf5e8fb0,befde69b,c11f3eab,3f79999a,3f800000,1000,3f800000,1000,139124,132
2969,3fa82364,3fba4396,bf2e703b,3f3d70a4,3f800000,1000,3f800000,1000,137082,129
2970,c008cec4,bea43fe6,c0ff9ce0,3e676c8b,3ed2bece,412,3ed34000,413,136207,129
2971,bfce132b,be3c5d64,3e27bb30,3f5b22d1,00000000,0,00000000,0,137374,130
2972,3f3e58a3,3f00985f,c0e7b4a2,3ee45a1d,3f800000,1000,3f800000,1000,136207,129
2973,bb917d6b,bed7dd98,410450b1,3f466666,00000000,0,00000000,0,140582,132
2974,bea76f2a,3f4469ad,c0db9653,3d9ba5e3,3f800000,1000,3f800000,1000,138540,132
2975,bf8ab2c0,bf1452bd,c0c6bac7,3ecc49ba,3f22ce89,636,3f22e000,636,137666,130
2976,3ea3d1cc,3fa99581,40e45d64,3f0ccccd,3ecc2d56,399,3ecc0000,398,136499,129
2977,bfe6caac,be42acda,c029de6a,3e0e5604,00000000,0,00000000,0,137665,130
2978,bef866e4,3e936944,406966cf,3f6a3d71,00000000,0,00000000,0,180248,172
2979,3faf2c52,3f8a3b64,3fdd07c8,3f14bc6a,3f800000,1000,3f800000,1000,139999,132
2980,bf9e9a2c,be388312,c0224a8c,3f410625,00000000,0,00000000,0,137665,130
2981,c002dc0a,3e7292a3,41112e49,3f3c6a7f,00000000,0,00000000,0,139123,132
2982,bf8ec80c,3ebf8a09,410b5a1d,3e624dd3,00000000,0,00000000,0,138832,132
2983,bc90ff97,bf04872b,bf1930be,3df1a9fc,3e05cc43,131,3e05e000,131,138248,131
2984,3f85844d,3d684b5e,40c2346e,3e3c6a7f,3eb4c57a,353,3eb44000,352,137957,131
2985,bf25c3df,3c2d7732,c06e2eb2,3f010625,3eda241d,426,3eda2000,426,139415,133
2986,40037953,3fcf40b8,c10a182b,3f4f5c29,3f800000,1000,3f800000,1000,139707,133
2987,bf42ce46,3e4c1bda,40a29375,3f02d0e5,00000000,0,00000000,0,137666,130
2988,3fa1b281,3fcf7cee,40f20d1b,3d916873,3f800000,1000,3f800000,1000,137373,131
2989,bf5573eb,3d5119ce,3fdfbe77,3e7be76d,00000000,0,00000000,0,137082,130
2990,40252839,3fb41206,40d94467,3ebb645a,3f800000,1000,3f800000,1000,136499,129
2991,400b7660,3fa9816f,4051f8a1,3f2d9168,3f800000,1000,3f800000,1000,137666,130
2992,beb19f80,bc54fdf4,40db07c8,3d48b439,00000000,0,00000000,0,135040,128
2993,3fd52bd4,3fa7c49c,3fd29931,3e2b020c,3f800000,1000,3f800000,1000,135916,129
2994,bf9293f3,bf0057a8,40f7b4a2,3f4c0831,00000000,0,00000000,0,137957,131
2995,3fc7a6df,3fc0240b,4102eb1c,3e53f7cf,3f800000,1000,3f800000,1000,137666,130
2996,bfb355ef,bf22fdf4,401fe0df,3cd4fdf4,00000000,0,00000000,0,135624,129
2997,4003f5d8,3f4ba36e,4060154d,3eb9db23,3f800000,1000,3f800000,1000,136499,129
2998,bec69596,3f8e9eed,c10a5810,3f68f5c3,3f800000,1000,3f800000,1000,136499,130
2999,3feb497b,3f211de7,c0f162b7,3e8e5604,3f800000,1000,3f800000,1000,137083,130
3000,3f8a6aa9,3fc2e4f7,c11c8ce7,3ee1cac1,3f800000,1000,3f800000,1000,137374,130
3001,c02c7358,becfef9e,bf9aca58,3eb8d4fe,00000000,0,00000000,0,135332,127
3002,3f736113,3f89d8ae,3f5c01a3,3ef4bc6a,3f800000,1000,3f800000,1000,141749,135
3003,bfa441dd,3ebd6388,40a857a8,3f391687,00000000,0,00000000,0,138832,131
3004,401e16c6,3fc758e2,40c6872b,3e8bc6a8,3f800000,1000,3f800000,1000,136207,129
3005,3d2c471b,3f600000,4088985f,3f34bc6a,3e286052,164,3e27e000,164,135915,128
3006,3f00a527,3f9af0d8,40656042,3f5374bc,3f800000,1000,3f800000,1000,136499,129
3007,3fb8e94f,3edcf27c,c08b47ae,3f1cac08,3f800000,1000,3f800000,1000,135916,128
3008,3f8db036,3f6ca993,c116758e,3f2e978d,3f800000,1000,3f800000,1000,136499,129
3009,406cf473,3fcfe5c9,c10cc155,3f241893,3f800000,1000,3f800000,1000,135624,129
3010,40577660,3fb49a02,c07e147b,3e8a3d71,3f800000,1000,3f800000,1000,135624,129
3011,3fda6ca0,3fc25532,3fb2c083,3da1cac1,3f800000,1000,3f800000,1000,137374,131
3012,3f5d0e56,3f425e35,3fd99653,3efc6a7f,3f800000,1000,3f800000,1000,136790,130
3013,3ef1f362,3c0b0f28,c01d0481,3f6f1aa0,3f800000,1000,3f800000,1000,136499,129
3014,bf28b439,3f0cfd22,c10f70a4,3f4e5604,3f800000,1000,3f800000,1000,136791,129
3015,401d8fc5,3fbdd1b7,40e032ca,3e78d4fe,3f800000,1000,3f800000,1000,136207,129
3016,bfa4e26d,3e8b4f0e,4049cfab,3eb851ec,00000000,0,00000000,0,138541,131
3017,40441cd6,3fa5e1b1,c09cee63,3eeb851f,3f800000,1000,3f800000,1000,136207,129
3018,bed9abf3,be9e233a,40d338ef,3f3020c5,00000000,0,00000000,0,137374,130
3019,bfc6caac,3f2663f1,c0ef3dd9,3e2f1aa0,3f800000,1000,3f800000,1000,137665,130
3020,bf4967cb,bdd83e42,c0e7ced9,3efb645a,3f7aca58,980,3f7ae000,980,135916,129
3021,bfd9ea36,bf3476c9,c10c538f,3e010625,3f42921d,760,3f42e000,761,135915,128
3022,3f69f2bb,3e1648e9,4114dd2f,3ded9168,00000000,0,00000000,0,135915,129
3023,3fb67d56,3e13f7cf,c107624e,3f34bc6a,3f800000,1000,3f800000,1000,135332,129
3024,bfa4b146,be44e704,c10b3c9f,3f733333,3f800000,1000,3f800000,1000,136499,129
3025,bf70e94f,3f811f21,409a7fcc,3e5c28f6,00000000,0,00000000,0,135624,128
3026,c03184f5,beb8985f,c012a305,3d71a9fc,00000000,0,00000000,0,140582,133
3027,3fd885b2,3f0df8a1,3c3923a3,3ec49ba6,3f800000,1000,3f800000,1000,137957,131
3028,bfc65365,3ea2161e,c109cd9f,3ef5c28f,3f800000,1000,3f800000,1000,137082,130
3029,4006f599,3f92eb85,411af34d,3f0bc6a8,3f800000,1000,3f800000,1000,136207,129
3030,3f094af5,3e859b3d,3eb81062,3e604189,3f68c39f,909,3f68a000,909,137666,131
3031,3f8340f6,bd9182aa,bea10625,3ecf5c29,3f800000,1000,3f800000,1000,134749,128
3032,3fa8e369,3f24a090,40938c7e,3ea978d5,3f800000,1000,3f800000,1000,135915,128
3033,bffc9668,be8c2f83,c0adab9f,3eaf9db2,3d3660d8,45,3d35e000,44,136499,129
3034,bf87fcb9,bea50ff9,3f5d0e56,3f4fdf3b,00000000,0,00000000,0,137957,131
3035,3ef4d163,bebd54ca,3fbfd8ae,3ee7ef9e,3ed59145,417,3ed58000,417,136207,128
3036,bff84817,bf224189,c11a3a93,3f70624e,3f610e48,879,3f614000,880,136207,129
3037,3f4b7415,3d72617c,c105339c,3e828f5c,3f800000,1000,3f800000,1000,135624,129
3038,3ed74bc7,3f917382,410cbb30,3e960419,3d111ca8,35,3d0e6000,35,135624,129
3039,bf43d5bb,bdde5604,4064e560,3e73b646,00000000,0,00000000,0,135332,128
3040,c013b9e0,bd695183,c11eacda,3f028f5c,3f33b55c,702,3f33a000,702,136499,129
3041,3fb09df1,3e998937,40b9fb16,3da5e354,3f800000,1000,3f800000,1000,134457,128
3042,bfc110a1,3ea28c15,c11cd14e,3f4e147b,3f800000,1000,3f800000,1000,137082,130
3043,3fc0917d,3f86a64c,40af5183,3e656042,3f800000,1000,3f800000,1000,136790,129
3044,bdf3cb3e,be488ce7,c114fe5d,3f59999a,3f800000,1000,3f800000,1000,136207,129
3045,3f4c432d,3f99f766,409e3fe6,3f189375,3f800000,1000,3f800000,1000,135624,128
3046,c024ba73,bd2c2f83,40b27efa,3ef22d0e,00000000,0,00000000,0,135624,129
3047,3e3a8d65,3fc7161e,3f46a162,3d916873,3f800000,1000,3f800000,1000,136207,130
3048,3f7b9e06,3eb7f2e5,c104a64c,3e8ed917,3f800000,1000,3f800000,1000,136498,129
3049,c0069ad4,be9793de,bfea233a,3f59999a,00000000,0,00000000,0,135040,128
3050,3e1faebc,3fc2a57a,401e5fd9,3f1db22d,3f800000,1000,3f800000,1000,140290,133
3051,40289668,3f94c227,c10b42c4,3e353f7d,3f800000,1000,3f800000,1000,137666,130
3052,3f9fbf1f,3f24c155,409efd22,3f1a9fbe,3f800000,1000,3f800000,1000,135332,128
3053,be8bfdb5,bf2d013b,bf5ed917,3f1d2f1b,3dcfa053,101,3dcfa000,101,136207,128
3054,bf63e2d6,3f404745,411b710d,3f353f7d,00000000,0,00000000,0,135915,129
3055,bf208701,bf057319,be991687,3cbc6a7f,00000000,0,00000000,0,135915,128
3056,bde887a9,3f18b9f5,3fdd97f6,3f0e5604,3e7a008d,244,3e79e000,244,135041,128
3057,3fdc6fbd,3f8dfd22,c0a5374c,3eb126e9,3f800000,1000,3f800000,1000,136499,129
3058,bf87cb92,3f16c986,3f524745,3e22d0e5,00000000,0,00000000,0,137374,130
3059,3f839820,3fa3bfb1,406ed5d0,3f1e76c9,3f800000,1000,3f800000,1000,135332,128
3060,3fdf4a77,3fc035a8,404d78d5,3ef43958,3f800000,1000,3f800000,1000,135915,129
3061,c008df26,bdabb98c,bfdecf42,3e818937,00000000,0,00000000,0,137082,130
3062,be78ab0d,be098c7e,40d2c986,3d343958,00000000,0,00000000,0,136207,129
3063,bf8dda27,3f050553,c0b978d5,3f1020c5,3f800000,1000,3f800000,1000,136207,129
3064,3fa4bfb1,3dc5c28f,4013837b,3e916873,3f800000,1000,3f800000,1000,137082,130
3065,bf3a3ad2,bf10d289,40ff4880,3f17ced9,00000000,0,00000000,0,137374,130
3066,3ee1a36e,3fbb930c,40b27c85,3e26e979,3f6c923b,924,3f6c8000,924,137082,130
3067,bf07c45d,3ebf4539,407585f0,3f5eb852,00000000,0,00000000,0,135915,128
3068,bd8bf5d8,3efae2eb,40e05604,3ec83127,00000000,0,00000000,0,137082,130
3069,3ffa42af,3f1e0d1b,411ed9e8,3f23d70a,3f800000,1000,3f800000,1000,135624,129
3070,3f435697,3f1fe83e,4086617c,3f39999a,3f64071e,891,3f640000,891,135915,128
3071,bf3ab4b7,bf02d4fe,be32617c,3cf5c28f,00000000,0,00000000,0,135332,128
3072,403aad82,3fbd4e3c,c0aaa162,3d5d2f1b,3f800000,1000,3f800000,1000,135915,129
3073,bfc9a805,3f0b4880,401f126f,3f028f5c,00000000,0,00000000,0,136208,128
3074,3fb69058,3f1ddbf5,c0b6c083,3f316873,3f800000,1000,3f800000,1000,158082,151
3075,3e150dae,3da95810,4060ded3,3f19999a,00000000,0,00000000,0,136207,129
3076,3f730e80,3f9a851f,3f4a9931,3f6a3d71,3f800000,1000,3f800000,1000,134749,127
3077,bfca2bbf,3debb2ff,4067aace,3eec8b44,00000000,0,00000000,0,134749,127
3078,3ffc245f,3f7bf6fd,401631f9,3f353f7d,3f800000,1000,3f800000,1000,140290,132
3079,3ca400fc,3f9832ca,403d70a4,3efe76c9,3f2210ef,633,3f220000,633,137665,130
3080,3fd967cb,3f85538f,40c74539,3f7645a2,3f800000,1000,3f800000,1000,135623,129
3081,bfbaf599,bd6e978d,3fb2eb1c,3eae978d,00000000,0,00000000,0,137373,131
3082,3f8f8573,3f9bc28f,3fdaacda,3f07ae14,3f800000,1000,3f800000,1000,136790,130
3083,bb807358,be2f381d,40b0a71e,3f174bc7,00000000,0,00000000,0,136499,130
3084,3f48fb01,3f6e04ea,c09b5254,3f3d70a4,3f800000,1000,3f800000,1000,136499,130
3085,bf2527e5,3f8f0069,bf07e910,3e9cac08,3f543e0f,829,3f544000,829,135916,128
3086,4005e743,3f6cb0f2,bffbfb16,3ec5a1cb,3f800000,1000,3f800000,1000,136790,129
3087,bf15729b,3f72fc50,40932f1b,3f439581,00000000,0,00000000,0,135915,129
3088,3f3562e1,3f22b5dd,3fe648e9,3f020c4a,3f800000,1000,3f800000,1000,136207,129
3089,3fb811b2,3faf6666,40098937,3f7d70a4,3f800000,1000,3f800000,1000,136790,130
3090,3fb62eb2,3f9a6c8b,be50e560,3f641893,3f800000,1000,3f800000,1000,136791,130
3091,bfa149a5,bf3d54ca,405dd639,3f3c28f6,00000000,0,00000000,0,135624,128
3092,bff37176,3d3cfaad,be80d1b7,3eb1a9fc,00000000,0,00000000,0,135624,129
3093,3e5613d3,3ee8902e,404fda51,3f33b646,3e3ea9c2,186,3e3e8000,186,136207,130
3094,bfb1cfff,3c068db9,40aece70,3e800000,00000000,0,00000000,0,135624,129
3095,401ae686,3fb989a0,c0e5013b,3f628f5c,3f800000,1000,3f800000,1000,134749,128
3096,bfd8902e,3ed08ce7,c00d999a,3da5e354,00000000,0,00000000,0,135624,129
3097,3e5ae3e7,3f37edfa,4117b574,3f476c8b,00000000,0,00000000,0,136790,129
3098,bf17707a,3f1da6b5,c0f65a1d,3db43958,3f800000,1000,3f800000,1000,142040,135
3099,bfab4635,3f0f6873,3fe81d7e,3f4bc6a8,00000000,0,00000000,0,136499,130
3100,bfc70a3d,be3e3bcd,c0043958,3ef74bc7,00000000,0,00000000,0,137082,130
3101,403335d2,3f82a440,c04d0cb3,3f195810,3f800000,1000,3f800000,1000,136791,130
3102,bf38adac,be36bb99,c115c505,3ebb645a,3f800000,1000,3f800000,1000,136791,130
3103,3f6f4342,3f47a9fc,40d4a162,3f008312,3f4a85c4,791,3f4a6000,791,136207,128
3104,4026602d,3fafb780,bf9456d6,3eab851f,3f800000,1000,3f800000,1000,136498,129
3105,c0058937,be853405,c104cac1,3e5b22d1,3efbef51,492,3efc0000,492,135332,128
3106,40000496,3fa66fd2,40b33261,3e808312,3f800000,1000,3f800000,1000,136790,129
3107,3f34e7ab,3fa90b78,c118a6b5,3f6353f8,3f800000,1000,3f800000,1000,135916,129
3108,c00c7a8d,be8edaba,c0c6af4f,3c8b4396,3d2b4314,42,3d2aa000,42,135332,128
3109,3f0930be,3dca92a3,bfc94af5,3ebc6a7f,3f800000,1000,3f800000,1000,134749,127
3110,4040ecea,3fbbc986,400be426,3f418937,3f800000,1000,3f800000,1000,136208,129
3111,c01c42d9,be9acf42,409f19ce,3e8b4396,00000000,0,00000000,0,136207,129
3112,4005ab4b,3f19df3b,409e2a99,3f11a9fc,3f800000,1000,3f800000,1000,135332,128
3113,c04e66ba,bf2c89a0,40c2dd2f,3f1a5e35,00000000,0,00000000,0,135915,129
3114,3de7a0f9,3da4538f,c0f200d2,3f1ae148,3f800000,1000,3f800000,1000,136207,129
3115,c02c9614,bf23c1be,3f7d70a4,3e70a3d7,00000000,0,00000000,0,135915,129
3116,bf3bb6ed,3ea4db8c,c0830069,3f7d70a4,3f476f5a,779,3f478000,779,136499,129
3117,3e84bb1b,3f781965,c11fbd3c,3e395810,3f800000,1000,3f800000,1000,135040,128
3118,3c1c4da9,3f61381d,c09ce2eb,3ecb4396,3f800000,1000,3f800000,1000,135041,127
3119,3f5516db,3fa5ce70,4107bb30,3ee147ae,3f48f216,785,3f48a000,784,135915,129
3120,bf96cd4b,3f25e69b,3f12ca58,3f77ced9,3bfe6030,8,3bfe6000,8,135040,129
3121,c01a43fe,bf314120,402a2824,3f2c0831,00000000,0,00000000,0,135916,128
3122,bfcae33f,3ed59e84,4102f972,3e418937,00000000,0,00000000,0,139415,132
3123,bfc8548b,be5ee979,bed1a9fc,3f6f9db2,00000000,0,00000000,0,138541,132
3124,3eeb8a5d,3e4f9db2,c100dc5d,3e395810,3f800000,1000,3f800000,1000,135915,129
3125,3f541dd2,3fa652bd,c0d7e69b,3f218937,3f800000,1000,3f800000,1000,141457,135
3126,400825af,3f55b15b,40dfd639,3da7ef9e,3f800000,1000,3f800000,1000,137082,129
3127,becfdf3b,beaf7cee,40515e9e,3df9db23,00000000,0,00000000,0,135332,128
3128,c01803ef,bc230553,c0a930be,3dfbe76d,00000000,0,00000000,0,135623,129
3129,3e6ef0ae,3f839ad4,3ecbc6a8,3e408312,3f800000,1000,3f800000,1000,136499,129
3130,3f43bcd3,3f3ceb1c,3bcb295f,3f43126f,3f800000,1000,3f800000,1000,136499,129
3131,3fc73c0c,3f396f00,c119c9ef,3d5d2f1b,3f800000,1000,3f800000,1000,135915,129
3132,40005b6c,3fbab924,409d3190,3e26e979,3f800000,1000,3f800000,1000,136207,129
3133,bf8b2b56,bd79ce07,40c99ce0,3f3ae148,00000000,0,00000000,0,135332,128
3134,3f48e758,3f8ec9ef,bff013a9,3eed0e56,3f800000,1000,3f800000,1000,135332,128
3135,3cb5dcc6,3f22fd22,40c9089a,3e29fbe7,00000000,0,00000000,0,135624,129
3136,bfdb0f28,3ed41893,40c837b5,3e083127,00000000,0,00000000,0,136207,129
3137,bf2a0664,bd3cfaad,3e400000,3ef6c8b4,00000000,0,00000000,0,136499,129
3138,3fd3f727,3f9d205c,c0f77660,3f27ae14,3f800000,1000,3f800000,1000,136207,129
3139,bf4df655,3f0cd6a1,c0849a02,3e94fdf4,3f634a13,888,3f636000,888,136207,129
3140,bf38e9f7,becdb574,40c19b3d,3f2147ae,00000000,0,00000000,0,136790,130
3141,bfb21f4b,be9dd97f,3fdbedfa,3ede353f,00000000,0,00000000,0,135916,129
3142,3fd782d4,3fad42c4,411af8a1,3e78d4fe,3f800000,1000,3f800000,1000,136498,130
3143,be60d456,3f7217c2,40aa0f91,3f69374c,00000000,0,00000000,0,136498,130
3144,be9f16b1,be74c63f,40f8703b,3eb851ec,00000000,0,00000000,0,137957,130
3145,bed3a14d,bc26809d,c0ce2196,3f6c49ba,3f800000,1000,3f800000,1000,135915,129
3146,bfc42657,bf16b780,c027bb30,3ecac083,00000000,0,00000000,0,169166,162
3147,c009e892,3e21db23,c065c91d,3ea0c49c,00000000,0,00000000,0,140582,133
3148,3fdc89f4,3f10b021,bfe73b64,3d810625,3f800000,1000,3f800000,1000,137082,130
3149,bfe1e8e6,be10a3d7,c11ca162,3e5e353f,3f6bdc6c,921,3f6c0000,922,136498,128
3150,3fd889a0,3f214e3c,c111425b,3e666666,3f800000,1000,3f800000,1000,136790,130
3151,bf307c85,be2d21ff,408dfbe7,3f4e147b,00000000,0,00000000,0,136207,129
3152,403cd068,3fa53dd9,c0ee985f,3f747ae1,3f800000,1000,3f800000,1000,135915,129
3153,c0282ce4,bf121e4f,40462eb2,3d79db23,00000000,0,00000000,0,135624,128
3154,bf6ffd61,bed2d289,c00825af,3f1c6a7f,00000000,0,00000000,0,136499,130
3155,bf3760bf,3f3d212d,40e20347,3e90e560,00000000,0,00000000,0,135332,128
3156,401d7397,3fbcb021,c0f28a72,3f30a3d7,3f800000,1000,3f800000,1000,135041,127
3157,4032fec5,3f871759,c1089e1b,3e839581,3f800000,1000,3f800000,1000,135916,129
3158,3e0bb1af,bda95183,c0ff1b71,3ecfdf3b,3f800000,1000,3f800000,1000,136499,129
3159,3f8b7bf2,3fb0f213,40f79168,3ed16873,3f800000,1000,3f800000,1000,136207,129
3160,c0554fdf,beff1f8a,c0e05e35,3edc28f6,00000000,0,00000000,0,135915,129
3161,bf896335,3e821cac,c0584189,3efae148,3ebd0ff9,369,3ebd2000,369,136207,129
3162,4002e5de,3f41e00d,3f12ca58,3f000000,3f800000,1000,3f800000,1000,136207,129
3163,be8d4563,3f88c63f,bf661e4f,3ef020c5,3f800000,1000,3f800000,1000,135915,129
3164,3f5e353f,3e78793e,4089dd98,3f05e354,3f24c25f,644,3f24c000,644,135624,129
3165,3f975105,3f39ec57,3fd037b5,3ec83127,3f800000,1000,3f800000,1000,136207,129
3166,bf604c06,bdc72b02,40052a30,3f000000,00000000,0,00000000,0,136498,129
3167,befde69b,3f0c76c9,3f7ce076,3eca3d71,3e02a055,128,3e02a000,128,135332,128
3168,bf97d6b6,bf3d5c29,c10986c2,3db43958,3f7b9c32,983,3f7ba000,983,136791,130
3169,3ffbf530,3f89d8ae,4075d495,3f19db23,3f800000,1000,3f800000,1000,135624,129
3170,c018e65c,bf3e1134,401b381d,3d9fbe77,00000000,0,00000000,0,140291,133
3171,bfc3035c,3eb28241,c0aace70,3f224dd3,3f18a0a2,596,3f18a000,596,138832,131
3172,bf658106,3eaedfa4,40988db9,3eec8b44,00000000,0,00000000,0,136207,129
3173,be2a79bc,bd7bb2ff,c0e23127,3efdf3b6,3f800000,1000,3f800000,1000,137374,130
3174,bf1486ad,3f5b374c,c10e4396,3f27ae14,3f800000,1000,3f800000,1000,136207,130
3175,bfa8c73b,bf11d220,3f519ce0,3f0b851f,00000000,0,00000000,0,136207,129
3176,405bf38c,3fc6d289,4070c63f,3f60c49c,3f800000,1000,3f800000,1000,135624,129
3177,bf917636,bf0d119d,c0b6fdf4,3f781062,3f13f91e,578,3f140000,578,136499,129
3178,3f9b79fb,3f02acda,bf3fb15b,3f570a3d,3f800000,1000,3f800000,1000,136498,129
3179,3f8e2eb2,3e7ea162,c0fb089a,3f63d70a,3f800000,1000,3f800000,1000,135623,128
3180,3fff7cee,3fa5b9f5,41134f76,3f2c0831,3f800000,1000,3f800000,1000,135624,128
3181,bd597f63,3f8965fe,404f381d,3ec8b439,3ed4f494,416,3ed4a000,415,135624,128
3182,3f5ff2e5,3e82c3ca,3f6e0ded,3efe76c9,3f800000,1000,3f800000,1000,135332,128
3183,3fcf8fef,3eb54467,4077f62b,3f408312,3f800000,1000,3f800000,1000,135915,128
3184,bf453501,3f58a3d7,40d90be1,3efa5e35,00000000,0,00000000,0,139999,132
3185,bd317050,3fbf2268,c0c1ef9e,3f53b646,3f800000,1000,3f800000,1000,137374,130
3186,3ef47842,bde6e979,40fa7c85,3dba5e35,00000000,0,00000000,0,137082,129
3187,3f2b5350,3e202a99,c11fe910,3f19db23,3f800000,1000,3f800000,1000,136790,129
3188,3fb60c9e,3f6be9e2,c0fc43fe,3f153f7d,3f800000,1000,3f800000,1000,135916,129
3189,4007c5ac,3f556c8b,3f8779a7,3f70a3d7,3f800000,1000,3f800000,1000,137082,129
3190,c000d9e8,be203afb,c0805fd9,3eef1aa0,00000000,0,00000000,0,135624,129
3191,4033c6fc,3f98212d,40447e28,3f239581,3f800000,1000,3f800000,1000,136499,129
3192,c047dd44,becd2a30,3fd7e282,3ecdd2f2,00000000,0,00000000,0,136498,129
3193,bed588e3,3f078866,bf095e9e,3f78d4fe,3ef6a6b1,482,3ef6a000,482,136790,129
3194,c03a108c,beab212d,4008dd2f,3dc6a7f0,00000000,0,00000000,0,246165,235
3195,3e81f751,be7de00d,403a3f14,3dced917,00000000,0,00000000,0,355830,344
3196,bd340f67,3eb44ea5,c00636e3,3f272b02,3f41fb87,758,3f420000,758,260164,249
3197,c01a26d5,bea523a3,c04d0481,3ed6872b,00000000,0,00000000,0,158665,149
3198,bf2c9c4e,3f81aace,40569100,3f391687,3d81e4b6,63,3d804000,63,144957,137
3199,bf90b392,be727525,c0dfaace,3da7ef9e,3f389939,721,3f38a000,721,140290,132
3200,3fe89fe8,3f813190,4056d42c,3eb95810,3f800000,1000,3f800000,1000,188998,182
3201,3fc00dc3,3efbef9e,407e5461,3f1eb852,3f800000,1000,3f800000,1000,145541,138
3202,403adf50,3fc969ad,4086bd3c,3f56c8b4,3f800000,1000,3f800000,1000,139124,132
3203,3feb606b,3fa00f28,3feafb7f,3f7a5e35,3f800000,1000,3f800000,1000,148457,140
3204,401acaac,3fb19168,40c9c6a8,3e656042,3f800000,1000,3f800000,1000,143499,136
3205,be52bd3c,bf0e8b44,411d5dcc,3e960419,00000000,0,00000000,0,136790,129
3206,c01c3958,3d616f00,c10f4745,3e71a9fc,3ef81271,485,3ef80000,484,136207,129
3207,3f841a8b,3fba95ea,41051062,3e9db22d,3f800000,1000,3f800000,1000,137373,130
3208,bf23a14d,bed8e560,4000a234,3ec28f5c,00000000,0,00000000,0,137373,130
3209,c0145048,be278034,41192474,3f25e354,00000000,0,00000000,0,138248,130
3210,bfcd3cde,be0d66cf,c1064b5e,3de147ae,3f3d7753,740,3f3d8000,740,135624,129
3211,bf9c8b44,bd05c91d,c00ee7d5,3e28f5c3,00000000,0,00000000,0,136790,129
3212,c025c91d,befd288d,40a9e5c9,3f066666,00000000,0,00000000,0,135916,128
3213,3fa5eb31,3f688241,c0131c43,3f2f1aa0,3f800000,1000,3f800000,1000,136498,130
3214,bf9b0942,bdc9096c,3f0ca57a,3d9db22d,00000000,0,00000000,0,172665,166
3215,be75158c,be496bba,4110b6ae,3f272b02,00000000,0,00000000,0,139707,132
3216,3f00a676,3dd44674,c00e1e4f,3f78d4fe,3f800000,1000,3f800000,1000,138249,131
3217,3f91b131,3f23f06f,3ff58106,3f22d0e5,3f800000,1000,3f800000,1000,136790,130
3218,3ed10236,3e758106,c094ca58,3ed9999a,3f800000,1000,3f800000,1000,136207,129
3219,40052bd4,3f4fd07d,405820c5,3f3645a2,3f800000,1000,3f800000,1000,136498,129
3220,bf8d7881,3efa5fd9,bfe2233a,3f73b646,3ea4326e,321,3ea42000,321,135915,128
3221,3fd56042,3fbd79a7,3fbde00d,3f27ef9e,3f800000,1000,3f800000,1000,138832,131
3222,3efdd1a2,3f317247,c0b652bd,3f02d0e5,3f800000,1000,3f800000,1000,136499,129
3223,3c860568,3eff62b7,4016e148,3f10624e,3dfa57e8,122,3df9e000,122,136207,129
3224,bf1f01b8,3f80c84b,408ec155,3f522d0e,00000000,0,00000000,0,136498,129
3225,3f948a9c,3fc5db23,409a3c9f,3e9a1cac,3f800000,1000,3f800000,1000,135915,129
3226,40159168,3f80c6a8,bfdf65fe,3efae148,3f800000,1000,3f800000,1000,136499,130
3227,bfa2b6ae,bf03cd36,c04e8241,3f09374c,3c9a0f1a,19,3c9a2000,19,135332,128
3228,3f3645a2,3fad9c0f,c0e35cfb,3f620c4a,3f800000,1000,3f800000,1000,137082,130
3229,bf786834,3da3d70a,3ed3dd98,3f6f1aa0,00000000,0,00000000,0,136207,129
3230,bf779d0a,be6538ef,c100d289,3ec10625,3f800000,1000,3f800000,1000,137666,130
3231,c0191c19,be27be77,c11fb98c,3eb8d4fe,3f282646,657,3f286000,658,135916,129
3232,3f378d50,3fc03d71,c10d0b0f,3f79999a,3f800000,1000,3f800000,1000,135624,129
3233,3f9c4bb2,3ecc2268,40b4a305,3d851eb8,3f74e570,957,3f74a000,956,135916,129
3234,be964ae0,be647ae1,c0a27c85,3f3ae148,3f5c371f,860,3f5c4000,860,136790,129
3235,3fa39778,3fa41d7e,40dd573f,3f06a7f0,3f800000,1000,3f800000,1000,136207,129
3236,bf574539,bd90be0e,40e0e3bd,3e7be76d,00000000,0,00000000,0,136790,130
3237,3fc89df1,3fbf1aa0,c1021893,3ed89375,3f800000,1000,3f800000,1000,135916,129
3238,3f833333,3fab4b5e,c087c1be,3e6e978d,3f800000,1000,3f800000,1000,139999,133
3239,40282c91,3fc32de0,3f646dc6,3eaa7efa,3f800000,1000,3f800000,1000,137665,130
3240,3e9b9629,3fce5c92,c106bc6a,3f2624dd,3f800000,1000,3f800000,1000,136498,129
3241,bf45f30e,3f690a3d,c095ad43,3c1374bc,3f800000,1000,3f800000,1000,135624,129
3242,401b952d,3f92119d,c0359168,3f439581,3f800000,1000,3f800000,1000,136499,129
3243,c0044966,be5f34d7,c0cc1f21,3e4fdf3b,3e1eb6c6,155,3e1f6000,156,145540,138
3244,c038d068,bed57dbf,40374880,3dc08312,00000000,0,00000000,0,146998,140
3245,3fc7ac1d,3e8d1687,400d21ff,3d8f5c29,3f800000,1000,3f800000,1000,146707,139
3246,c04ebc41,bed5930c,c11603b0,3e591687,3de8f198,114,3de96000,114,148166,141
3247,c0381cd6,be4bcd36,c0def694,3cac0831,00000000,0,00000000,0,145832,138
3248,3e95cd0c,beb1460b,41130347,3e3b645a,00000000,0,00000000,0,145832,138
3249,3db3482c,3f9f7dbf,c0fd1759,3c75c28f,3f800000,1000,3f800000,1000,146999,139
3250,3dad7732,beb98e22,410937b5,3f0c49ba,00000000,0,00000000,0,146415,139
3251,bf660d45,3f4c3c9f,40f1b15b,3ee0c49c,00000000,0,00000000,0,146124,139
3252,bdbd273d,bea43fe6,3fdb9581,3e000000,00000000,0,00000000,0,146415,139
3253,c0382657,bf35b2ff,c0827d56,3ec49ba6,00000000,0,00000000,0,147290,140
3254,c012d480,3dd64c30,c0415b57,3cb43958,00000000,0,00000000,0,145832,138
3255,3c5a9004,3f88bc02,401b8034,3ea24dd3,3f17d60a,593,3f17c000,593,144665,137
3256,bffe238e,bebde1b1,c08657a8,3ea66666,00000000,0,00000000,0,146999,139
3257,be684381,3f629e1b,c0bfe76d,3f445a1d,3f800000,1000,3f800000,1000,146707,139
3258,3c016f00,3faa12d7,40c7182b,3e6e978d,3e049a04,129,3e044000,129,147582,139
3259,400f3eab,3f2b5a86,c11c4dd3,3ee872b0,3f800000,1000,3f800000,1000,146415,138
3260,3eeb5350,3ea200d2,3e6b020c,3f2f1aa0,3f6deb03,929,3f6de000,929,145249,138
3261,3f5e1da8,3f09a027,c11c0ff9,3f083127,3f800000,1000,3f800000,1000,146999,136
3262,bed6848c,3f8b4e3c,4052e632,3f358106,3e891653,268,3e88c000,267,147582,140
3263,bf8c99af,3da645a2,c0b7c361,3f7be76d,3f2d08e1,676,3f2d0000,676,150207,143
3264,3f5c725c,3fc38a72,41161062,3f722d0e,3f6bb519,921,3f6b4000,919,149624,142
3265,3ed079e6,3f0e0d1b,3f804ea5,3ebbe76d,3f67ae21,905,3f67a000,905,149332,142
3266,3f34f4c7,bc7ec56d,402c89a0,3d8b4396,3eebc0e1,460,3eebc000,460,149040,141
3267,beaed917,3f366a7f,409ba36e,3dd0e560,00000000,0,00000000,0,146707,139
3268,bfec2b95,3e61bda5,c0bbbf48,3f800000,3ee7650f,452,3ee7a000,452,149332,142
3269,3f86f73c,3d986595,400dfa44,3f5d2f1b,3f800000,1000,3f800000,1000,149624,142
3270,bd0a47ed,3e2c779a,3f2c2268,3f02d0e5,3dad9c26,85,3dada000,85,162749,154
3271,4028e65c,3f8f87fd,c093eab3,3e083127,3f800000,1000,3f800000,1000,159540,151
3272,be57689d,3f98aace,40deb368,3f343958,00000000,0,00000000,0,150207,142
3273,bf356580,3e3ed917,c0e4de01,3eae978d,3f800000,1000,3f800000,1000,149915,142
3274,beaadff8,3f55126f,c0d8f694,3f3c6a7f,3f800000,1000,3f800000,1000,150790,142
3275,c002708f,3ce4dd2f,4075c28f,3f16872b,00000000,0,00000000,0,153124,145
3276,4007c89f,3f76a4a9,41111b71,3f35c28f,3f800000,1000,3f800000,1000,149915,142
3277,3df7d955,3e92dfa4,40ab4a23,3f07ae14,00000000,0,00000000,0,148749,141
3278,be1bf488,bf0e2b6b,3f94d35b,3f445a1d,00000000,0,00000000,0,148457,141
3279,c0621230,bf1ad289,c0ea9518,3ebdf3b6,00000000,0,00000000,0,149040,141
3280,3d2c5c14,3e613405,c11eb3d0,3e1374bc,3f800000,1000,3f800000,1000,148749,141
3281,3e9cc8de,3f646c22,c0592bd4,3eca3d71,3f800000,1000,3f800000,1000,149623,141
3282,3f57d178,3fcfd07d,c08b837b,3c75c28f,3f800000,1000,3f800000,1000,155457,148
3283,bf9704ff,3ec444d0,40d4fb7f,3f5851ec,00000000,0,00000000,0,152831,145
3284,bff460aa,3e9b573f,c09a3e42,3f1374bc,3e8700cd,264,3e872000,264,148457,140
3285,bf3a7efa,bbfb15b5,40f1f141,3f38d4fe,00000000,0,00000000,0,149332,141
3286,bfaba0a5,3f2a60aa,bf0e5c92,3f20c49c,3de44609,111,3de42000,111,148748,141
3287,bfdc9279,bedc2c3d,40b126e9,3ed2f1aa,00000000,0,00000000,0,149040,141
3288,3fce9a2c,3f7114e4,4098fc50,3ea1cac1,3f800000,1000,3f800000,1000,148748,142
3289,bfcddc1e,3f1d5326,c020a8c1,3d1374bc,3e65cb78,224,3e65e000,224,148749,141
3290,bf7559b4,bee1b574,c0ba68dc,3e86a7f0,3f1d9b81,616,3f1da000,616,157790,148
3291,401691fb,3fa1e76d,406a31f9,3ee147ae,3f800000,1000,3f800000,1000,151957,143
3292,3f2425af,3fc69653,40e35f70,3ec5a1cb,3f800000,1000,3f800000,1000,149332,142
3293,bf9a4dd3,beb1288d,40b7758e,3f4fdf3b,00000000,0,00000000,0,149623,142
3294,bff5844d,3e162196,bfe1b08a,3e4ed917,00000000,0,00000000,0,146416,140
3295,bfe2cf96,bf051d15,4023fcb9,3eed0e56,00000000,0,00000000,0,139707,133
3296,bea4039b,bf329d49,40e05a1d,3d656042,00000000,0,00000000,0,139415,133
3297,400f79fb,3f48f838,3f05f6fd,3d50e560,3f800000,1000,3f800000,1000,138541,132
3298,beaf88b9,3f8f9581,c08aab36,3ced9168,3f800000,1000,3f800000,1000,139999,132
3299,3ef6abde,3c1de69b,40a6ed91,3e189375,00000000,0,00000000,0,138832,132
3300,c04a7efa,bf2d97f6,41166e2f,3e46a7f0,00000000,0,00000000,0,139707,132
3301,3f8f5c29,3f489100,408236e3,3f17ced9,3f800000,1000,3f800000,1000,137957,130
3302,4046d139,3f9f1134,c119eb1c,3ea147ae,3f800000,1000,3f800000,1000,138541,131
3303,c03b46dc,bee0dd2f,c0bf4f0e,3eec0831,00000000,0,00000000,0,138249,132
3304,4043ddec,3fb54817,c031bda5,3f34fdf4,3f800000,1000,3f800000,1000,138249,131
3305,c0362e5e,be899168,bffa9fbe,3f6e5604,00000000,0,00000000,0,144082,137
3306,bf761f9f,3e9abd3c,bfa03127,3f14fdf4,3dc212da,95,3dc26000,95,140582,133
3307,4009c77a,3f962546,40586a7f,00000000,3f800000,1000,3f800000,1000,138832,131
3308,bf9b63b2,3f35460b,40b69a02,3da5e354,00000000,0,00000000,0,138540,131
3309,c0620126,bf163c9f,c11ab8bb,3f28f5c3,3d79af26,61,3d7d4000,62,139416,132
3310,bfea1c04,bebbb646,40f2ed91,3f7cac08,00000000,0,00000000,0,138249,131
3311,3fa5d0fa,3e8ca234,c08c161e,3ee872b0,3f800000,1000,3f800000,1000,137082,129
3312,3f7b2181,3e1a12d7,3ebb4a23,3f600000,3f800000,1000,3f800000,1000,132998,126
3313,c0357247,bf29ae14,3f063886,3d7df3b6,00000000,0,00000000,0,136207,129
3314,3e609aaa,3ee1013b,bf3d5cfb,3f439581,3f690324,910,3f690000,910,136498,129
3315,3f1ec6bd,3dd24dd3,3f87dbf5,3f0353f8,3f476971,779,3f476000,779,136207,130
3316,bfa81ecd,bee386c2,c0a05532,3e810625,3e94a904,290,3e94e000,291,136791,130
3317,3e5c3372,bdf2617c,c11946dc,3cdd2f1b,3f800000,1000,3f800000,1000,136207,130
3318,3eef3cb4,bd554c98,40feb780,3f4fdf3b,00000000,0,00000000,0,135916,128
3319,c000a86d,3d8a8c15,bf2816f0,3f7b645a,00000000,0,00000000,0,136499,130
3320,3e610386,3f6acccd,40bc68dc,3f133333,3e03eb20,129,3e038000,128,137082,129
3321,3dbe61d0,3f0ee219,4000aa65,3c8b4396,3e90e555,283,3e90e000,283,137957,130
3322,c041a6b5,bf208588,c11c0347,3ebf7cee,3e996af4,300,3e99c000,300,136499,130
3323,bf9cf616,bf22a64c,3f971759,3f0e5604,00000000,0,00000000,0,136790,130
3324,bf8cecea,be3e5c92,411e2b6b,3f333333,00000000,0,00000000,0,136207,128
3325,3bb97785,3f596a16,c11f0903,3e0624dd,3f800000,1000,3f800000,1000,135624,129
3326,3dc523f6,beca4745,40d90481,3ef7ced9,00000000,0,00000000,0,136498,130
3327,bf823d71,be1573eb,40265461,3f6ed917,00000000,0,00000000,0,137082,130
3328,bfcc78ea,3e992546,c0db1c43,3ea76c8b,3f417411,756,3f418000,756,136791,130
3329,40214d40,3f69df3b,40b0a57a,3f0c49ba,3f800000,1000,3f800000,1000,139999,133
3330,c00d9ce0,bea77b4a,c05cac08,3e2c0831,00000000,0,00000000,0,138249,130
3331,bf61a75d,befb9a6b,41059eed,3ddf3b64,00000000,0,00000000,0,136207,129
3332,3ee3aa7a,3fbe40b8,4071e69b,3f0a7efa,3f800000,1000,3f800000,1000,135624,128
3333,c01566cf,bc96d5d0,40c0cd9f,3f16c8b4,00000000,0,00000000,0,136499,130
3334,3ec38866,3cc16f00,c10db646,3f02d0e5,3f800000,1000,3f800000,1000,136207,129
3335,3db8f9b1,3f353333,408fb98c,3f547ae1,3d48af2e,49,3d478000,49,136499,129
3336,3d56238e,3f2194af,c108f06f,3f6ac083,3f800000,1000,3f800000,1000,136791,130
3337,be511490,bf2165fe,c0f90b0f,3d851eb8,3f800000,1000,3f800000,1000,136207,128
3338,3fd5fa44,3f48f838,40b42d0e,3ef43958,3f800000,1000,3f800000,1000,136499,129
3339,4004e3bd,3f8e381d,c0ec1b09,3ccccccd,3f800000,1000,3f800000,1000,137082,130
3340,be876f2a,3f53ce07,41123611,3e99999a,00000000,0,00000000,0,135332,129
3341,3fa3d124,3f898937,40b7b15b,3f51a9fc,3f800000,1000,3f800000,1000,135915,129
3342,3eb6f545,3dc4dd2f,c113ecc0,3eb645a2,3f800000,1000,3f800000,1000,137665,131
3343,405fbb30,3fcf6320,bfa37e91,3f48b439,3f800000,1000,3f800000,1000,135624,129
3344,3f40663c,3dd19ce0,406c902e,3e1eb852,3ee0ed18,439,3ee0a000,439,136207,129
3345,3fd45ac4,3f8b5f07,c116d07d,3f6ccccd,3f800000,1000,3f800000,1000,136790,129
3346,bf29a2c6,bebe680a,4009d7dc,3f77ced9,00000000,0,00000000,0,137666,130
3347,be02e33f,3e22233a,3e9edfa4,3f63126f,3e069825,131,3e068000,131,136498,130
3348,40346541,3fcfa29c,c01f837b,3bc49ba6,3f800000,1000,3f800000,1000,136499,130
3349,bf8b5159,be488312,c0dca71e,3f6624dd,3f4e8e83,807,3f4e8000,807,135624,129
3350,3f9939eb,3f1b0ff9,40e3c1be,3e4ccccd,3f5c36ea,860,3f5c0000,859,135624,128
3351,bfbb7f39,bf330069,3f2eecc0,3f472b02,00000000,0,00000000,0,135332,129
3352,bface9a3,3da36113,4031b8bb,3df7ced9,00000000,0,00000000,0,136499,129
3353,3f2c193b,3ef2b50b,405d6d5d,3ec18937,3f3c50c8,736,3f3c4000,735,142624,135
3354,bf73b4f6,be9bdbf5,c104154d,3f008312,3f800000,1000,3f800000,1000,139123,132
3355,bfc1fbe7,3df652bd,c00fd70a,3f200000,00000000,0,00000000,0,136498,129
3356,406fa637,3fccb574,c08765fe,3f374bc7,3f800000,1000,3f800000,1000,138832,130
3357,be035159,3e925604,40cd3dd9,3db43958,00000000,0,00000000,0,136498,130
3358,bf755715,bf16f34d,408b6944,3ed6872b,00000000,0,00000000,0,135332,128
3359,3ee230fd,3e80bac7,c0588ce7,3f67ef9e,3f800000,1000,3f800000,1000,135916,128
3360,bfd128e1,3efb9f56,4012d773,3f472b02,00000000,0,00000000,0,137082,130
3361,3f050332,3f32d1b7,c02c710d,3ec41893,3f800000,1000,3f800000,1000,136498,129
3362,c064432d,bf2fc6a8,c0d06738,3d23d70a,00000000,0,00000000,0,137082,129
3363,bf8495c0,bea53261,bfce075f,3e3e76c9,00000000,0,00000000,0,136207,129
3364,402de300,3fccb0f2,411e212d,3e051eb8,3f800000,1000,3f800000,1000,137666,131
3365,3faf1e8e,3f74c7e3,40f0d0e5,3f547ae1,3f800000,1000,3f800000,1000,136207,128
3366,3f55b036,3faba4a9,40f1a858,3f76c8b4,3f800000,1000,3f800000,1000,136207,129
3367,bc21dfb9,3fb7a027,40679097,3ebe76c9,3f312d8d,692,3f310000,691,136499,129
3368,bf02cf96,bf126a7f,bfa813a9,3de978d5,3c48ffb1,12,3c4d4000,13,135624,128
3369,4040e50c,3faef488,40bb3c36,3f4b851f,3f800000,1000,3f800000,1000,137082,129
3370,3fb43569,3f9a65fe,c0e5381d,3eb6c8b4,3f800000,1000,3f800000,1000,136791,129
3371,3f9dfc3b,3e9ec56d,c08a240b,3dd70a3d,3f800000,1000,3f800000,1000,135333,128
3372,bfb3367a,3f30f007,3f92a64c,3d9ba5e3,00000000,0,00000000,0,136207,129
3373,402ffc11,3fbff4f1,40b36113,3f1a9fbe,3f800000,1000,3f800000,1000,137082,130
3374,3eb5cfab,3f8e4f76,3f293dd9,3f620c4a,3f800000,1000,3f800000,1000,136790,129
3375,bfd55a5c,3e736ae8,408707c8,3de56042,00000000,0,00000000,0,135332,128
3376,3f15714c,3f3b8937,41125048,3ec624dd,00000000,0,00000000,0,135332,129
3377,3fb9fbe7,3f93df3b,c03114e4,3f266666,3f800000,1000,3f800000,1000,138249,131
3378,be824357,3f1f6ae8,c0f16873,3e3a5e35,3f800000,1000,3f800000,1000,137957,131
3379,3d9ef73c,3f8ad3c3,c0c1d639,3cdd2f1b,3f800000,1000,3f800000,1000,136790,129
3380,3f22b55f,3fa9374c,4090793e,3e2c0831,3f800000,1000,3f800000,1000,135624,129
3381,bf9f2a5a,3f4e17c2,bf99a6b5,3ea04189,3ebd87d8,370,3ebda000,370,135333,128
3382,c0095b03,3e5809d5,c00f50b1,3f28b439,00000000,0,00000000,0,137082,130
3383,4053bf72,3faa9f56,c031bf48,3ea0c49c,3f800000,1000,3f800000,1000,134457,127
3384,bfc64f76,bf36e632,c0949d49,3eb645a2,3def6c68,117,3df08000,117,134457,128
3385,bef98740,3e3f2474,c0111d15,3e2b020c,3ebd0100,369,3ebd2000,369,135915,129
3386,bfa8e219,bf2e2196,c0f9212d,3f153f7d,3f51e883,820,3f520000,820,136791,129
3387,3f27d567,3fb679a7,4105573f,3f59db23,3f3d85e9,740,3f3d6000,740,135040,128
3388,c00abc41,bf1527bb,c0899724,3f066666,00000000,0,00000000,0,134166,128
3389,3fe4e3bd,3fb11d7e,c0b88db9,3d27ef9e,3f800000,1000,3f800000,1000,134749,129
3390,3e8877ee,be65f6fd,40cc680a,3f5f7cee,00000000,0,00000000,0,135624,129
3391,bfe7d2c8,be167d56,c0f6faad,3f410625,3f143fc4,579,3f146000,580,136499,129
3392,3f818c7e,3f094952,bff484b6,3f11eb85,3f800000,1000,3f800000,1000,138249,131
3393,bf13d1cc,bdd10625,3f704817,3e666666,00000000,0,00000000,0,136499,130
3394,3f5678c0,3fabfec5,41130be1,3f14fdf4,3f38ee1a,722,3f38e000,722,136498,129
3395,bf34577e,3f59e426,c0894880,3f52b021,3f800000,1000,3f800000,1000,135624,129
3396,3f7a0903,3fab6042,bfabe426,3f6978d5,3f800000,1000,3f800000,1000,141457,134
3397,3e57928e,bd833333,3f6b9f56,3e960419,3e21144c,157,3e210000,157,137082,130
3398,3fe4f4c7,3eea978d,c10b6b51,3e991687,3f800000,1000,3f800000,1000,136499,129
3399,be1989df,3f6c075f,bf6e4f76,3f574bc7,3f800000,1000,3f800000,1000,135915,129
3400,bf6182aa,3f78bd3c,c0d19f56,3f3374bc,3f800000,1000,3f800000,1000,136207,128
3401,4004a18c,3f19381d,40b58c7e,3f251eb8,3f800000,1000,3f800000,1000,136207,129
3402,bed56191,3efb8d50,c01547ae,3ecb4396,3f369e30,713,3f36a000,713,137957,131
3403,401f6a94,3fbd79a7,40f0c2f8,3e9a9fbe,3f800000,1000,3f800000,1000,135332,128
3404,3f03f291,be06a4a9,bff43c9f,3df5c28f,3f800000,1000,3f800000,1000,136208,129
3405,3e1f1173,bf242b6b,c0dc703b,3f7e76c9,3f800000,1000,3f800000,1000,136207,129
3406,bf3641b3,3e814467,c0e86b51,3d4ccccd,3f800000,1000,3f800000,1000,136207,129
3407,3f50be0e,3dfedfa4,be60f909,3eab020c,3f800000,1000,3f800000,1000,135624,129
3408,3fccf8b6,3ea56873,c10ccb29,3e560419,3f800000,1000,3f800000,1000,136499,129
3409,3e1e4f76,bf12a305,40e76a16,3f683127,00000000,0,00000000,0,136207,129
3410,bf902364,be22c3ca,bfd94af5,3f76c8b4,00000000,0,00000000,0,136207,129
3411,3f036cdf,3f57758e,c0455810,3f051eb8,3f800000,1000,3f800000,1000,137374,129
3412,3f5c6e6e,3eeed42c,c00d4fdf,3d89374c,3f800000,1000,3f800000,1000,135624,129
3413,40428049,3fc6f41f,3fc36ae8,3e7ef9db,3f800000,1000,3f800000,1000,136499,129
3414,bed3f7cf,3fa4779a,c095e0df,3eddb22d,3f800000,1000,3f800000,1000,137082,130
3415,3da4c836,3eecc2f8,c10ca090,3f395810,3f800000,1000,3f800000,1000,135623,129
3416,3f75e9e2,3fc88312,40e8eb1c,3f2e147b,3f800000,1000,3f800000,1000,135040,128
3417,bdc6002a,bed39097,3f393dd9,3f6978d5,00000000,0,00000000,0,137082,130
3418,c02517d7,bea4710d,c0b3f488,3f4ac083,00000000,0,00000000,0,135623,129
3419,3f79e98e,3fafcf42,40fc3bcd,3e970a3d,3f800000,1000,3f800000,1000,135915,128
3420,c01a186a,be2e703b,c108a027,3ee9fbe7,3ecc386a,399,3ecc6000,399,136208,129
3421,3f9dab9f,3e9c538f,c10b703b,3f16872b,3f800000,1000,3f800000,1000,140582,133
3422,3f99b670,3f36ae7d,c0c8fb7f,3ef126e9,3f800000,1000,3f800000,1000,136499,129
3423,bf2fdc9c,3eb1ed29,3f8123a3,3f408312,00000000,0,00000000,0,136207,129
3424,bcee0f3d,3f94161e,c09f15b5,3eaf9db2,3f800000,1000,3f800000,1000,136498,129
3425,bfb19e30,3f36154d,4109147b,3dfbe76d,00000000,0,00000000,0,138249,131
3426,3f39613d,be020c4a,c103432d,3f1645a2,3f800000,1000,3f800000,1000,137957,130
3427,becbde40,3f873bcd,411d9a02,3f578d50,00000000,0,00000000,0,135915,128
3428,3f128390,3eae8a72,c101e076,3f3cac08,3f800000,1000,3f800000,1000,135915,129
3429,3f968295,3e8c9ba6,40b4c711,3f13b646,3f562bd5,837,3f560000,836,136207,129
3430,3f47ae14,bdd404ea,3fc28241,3ec41893,3f4c7c51,799,3f4c6000,798,137957,131
3431,bf72641b,3f39d7dc,bfbe9100,3e041893,3ef62dea,481,3ef64000,481,137666,131
3432,3d87bdcf,3f959ce0,40999e84,3d9ba5e3,3e9a6e0c,302,3e9a4000,301,137082,130
3433,c04e29c7,bf1a710d,400a511a,3d3851ec,00000000,0,00000000,0,135332,128
3434,c02b6be3,be4491d1,4035bda5,3f0872b0,00000000,0,00000000,0,135916,129
3435,bff917d7,3eadd639,404683e4,3e4ccccd,00000000,0,00000000,0,136207,129
3436,bf48294a,3e2ecf42,40e59e84,3f05e354,00000000,0,00000000,0,137082,130
3437,3ef590c1,3e7da1cb,c048e076,3eb126e9,3f800000,1000,3f800000,1000,136790,130
3438,bfc0fb01,bcdd6388,40fa7382,3dd70a3d,00000000,0,00000000,0,136499,130
3439,bfa4ba73,3eec3127,40f4ebee,3f522d0e,00000000,0,00000000,0,136207,129
3440,c00fd31c,beac432d,408b5254,3ece5604,00000000,0,00000000,0,135624,128
3441,3f3c0831,3ed3559b,c10f4120,3f7ba5e3,3f800000,1000,3f800000,1000,135332,128
3442,3fe04cad,3f7566cf,c0407ae1,3e7ced91,3f800000,1000,3f800000,1000,136790,129
3443,3f0ffeb0,be2cfdf4,4119ba5e,3d3851ec,00000000,0,00000000,0,136498,129
3444,3f6ccf6c,3f6ee632,bf613a93,3f0e5604,3f800000,1000,3f800000,1000,137374,130
3445,beba58f7,3f16e148,bf723a2a,3d851eb8,3f0b970c,545,3f0ba000,545,135624,128
3446,3e04d014,3fc421ff,411caf4f,3ec6a7f0,00000000,0,00000000,0,136207,129
3447,be850c5f,3f40b296,409cb368,3f051eb8,00000000,0,00000000,0,136790,129
3448,be984cad,3ec6c227,40f3c1be,3de56042,00000000,0,00000000,0,135624,128
3449,3f68a5ce,3f2cbc6a,c0c82681,3f28f5c3,3f800000,1000,3f800000,1000,155165,147
3450,3e984a0e,bede809d,40cbb08a,3e9b22d1,00000000,0,00000000,0,139124,131
3451,bf5a21ea,3edd2d77,40be068e,3e25e354,00000000,0,00000000,0,136499,129
3452,3eb24f22,bd14538f,c11c0275,3e6353f8,3f800000,1000,3f800000,1000,136498,130
3453,3fb15b57,3ef107c8,40c59724,3f34bc6a,3f800000,1000,3f800000,1000,135624,129
3454,bf54e3bd,bd90068e,3fe39581,3f32f1aa,00000000,0,00000000,0,135915,129
3455,befe3d1d,3f6a6dc6,c083c505,3e8ac083,3f800000,1000,3f800000,1000,135916,128
3456,3e8b7aa2,3f11a9fc,40f33b64,3efef9db,00000000,0,00000000,0,136790,130
3457,3fb066e4,3f167fcc,c1154bc7,3f7c28f6,3f800000,1000,3f800000,1000,137082,130
3458,3f9d436c,3f73a6b5,41170b0f,3f40c49c,3f59902a,850,3f596000,849,136207,130
3459,bf3be4cd,3f31eecc,c087652c,3f2f9db2,3f800000,1000,3f800000,1000,136498,129
3460,bf9611dc,3ed542c4,c04f7176,3f6f9db2,3ef8ad37,486,3ef8c000,486,135623,129
3461,be1c8755,3f137247,409cbb99,3d1fbe77,00000000,0,00000000,0,136499,129
3462,bf249907,be4ac083,bf6779a7,3da3d70a,00000000,0,00000000,0,136499,129
3463,3f8ced91,3e23eab3,c0d48c15,3ebdf3b6,3f800000,1000,3f800000,1000,135916,129
3464,be088a48,3f1c3d71,c066bd3c,3e85a1cb,3f800000,1000,3f800000,1000,136499,130
3465,c019c1e8,be2ffcb9,c057dd98,3f676c8b,00000000,0,00000000,0,135915,129
3466,be0a233a,3f05f55a,3ff40ebf,3ea3d70a,3de5f914,112,3de62000,112,136499,129
3467,bfce54b5,becdc91d,c027fb16,3f5cac08,00000000,0,00000000,0,135332,128
3468,be1f99c4,3f9dd773,40984f76,3f7eb852,3e96dc10,295,3e970000,295,136791,130
3469,bef6cdf2,3f072ca5,40aeb1c4,3e849ba6,00000000,0,00000000,0,136498,129
3470,bf322920,3ef8bfb1,c081f7cf,3f69ba5e,3f6e80dd,932,3f6ea000,932,135915,129
3471,bf7da3c2,3edbbe77,c11e92a3,3eee978d,3f800000,1000,3f800000,1000,136791,129
3472,c00873ac,bf16c8b4,40dae7d5,3f400000,00000000,0,00000000,0,136207,129
3473,40326fe7,3fc7d9e8,c092ed91,3e28f5c3,3f800000,1000,3f800000,1000,140873,133
3474,bfd76fd2,3f069e1b,40efeb85,3e54fdf4,00000000,0,00000000,0,140290,133
3475,be925edd,3f5456d6,c07715b5,3f11a9fc,3f800000,1000,3f800000,1000,137666,130
3476,bfc3dd98,be19c0ec,c11b844d,3f153f7d,3f800000,1000,3f800000,1000,135624,129
3477,beea10e0,3faa47ae,c112e00d,3eb7ced9,3f800000,1000,3f800000,1000,136207,129
3478,3f1bd274,3f8437b5,400231f9,3ec72b02,3f800000,1000,3f800000,1000,135624,129
3479,3fe36e2f,3fb1404f,3f07ae14,3ee8f5c3,3f800000,1000,3f800000,1000,136499,129
3480,3cccf6be,3fa52b02,c112367a,3d5d2f1b,3f800000,1000,3f800000,1000,137082,130
3481,40158d7a,3f776042,c0e9d70a,3f333333,3f800000,1000,3f800000,1000,137957,131
3482,3f861c58,3e8f6944,40af6388,3f50a3d7,3f3aa5a3,729,3f3a8000,729,135333,129
3483,3fcfb9e0,3f96d97f,c0229100,3f651eb8,3f800000,1000,3f800000,1000,136499,130
3484,3e1e98dd,bf1c786c,4106dcc6,3e958106,00000000,0,00000000,0,136499,129
3485,3fde9100,3ef7ae14,c0e2786c,3f410625,3f800000,1000,3f800000,1000,135624,128
3486,bf16ad2e,bd61f213,c09b0ff9,3f4d4fdf,3f2d9a53,678,3f2da000,678,136791,130
3487,3fdd898b,3f2c17c2,c0c889a0,3f5374bc,3f800000,1000,3f800000,1000,135332,128
3488,bee1e258,bee02752,c0bea090,3edeb852,3f6a49c3,915,3f6a6000,916,137665,130
3489,bec826ab,bf25d495,4048d6a1,3dc49ba6,00000000,0,00000000,0,135624,129
3490,be601cd6,3f8834d7,bf13f7cf,3efc6a7f,3f800000,1000,3f800000,1000,135624,128
3491,c00e3f14,3e2c5d64,40406f69,3e3645a2,00000000,0,00000000,0,135916,129
3492,3f60ed3e,3f88c155,40875dcc,3f195810,3f800000,1000,3f800000,1000,135040,128
3493,bec2aed1,befadc5d,40e8a305,3f28b439,00000000,0,00000000,0,136207,129
3494,bfc8cd21,3e40bac7,409b7f63,3f23126f,00000000,0,00000000,0,136207,129
3495,3f937026,3f25c505,c10b9446,3ea2d0e5,3f800000,1000,3f800000,1000,134749,127
3496,be13165d,3daf9097,41023b64,3d1374bc,00000000,0,00000000,0,136499,129
3497,c05e732e,bf286666,c119dc5d,3f01cac1,3d828c38,64,3d832000,64,188124,179
3498,3f733333,3fc80069,c01a7efa,3f6f1aa0,3f800000,1000,3f800000,1000,141749,134
3499,bf36262d,beaf5c29,bdec56d6,3efae148,00000000,0,00000000,0,136499,129
3500,bd90385c,3d4faace,c0ebff2e,3e7ae148,3f800000,1000,3f800000,1000,135332,128
3501,3e76d331,3f8e594b,4005ce07,3f360419,3f800000,1000,3f800000,1000,142041,134
3502,bf3d9d34,bf120c4a,c0054e3c,3f37ced9,3dc563f5,96,3dc52000,96,137082,130
3503,3f8b1f8a,3fcabfb1,41156042,3ece5604,3f800000,1000,3f800000,1000,136791,130
3504,bf04577e,3e63b98c,407f2b02,3f020c4a,00000000,0,00000000,0,135332,128
3505,c00080c7,3e830d84,c1134b5e,3dfbe76d,3f6a71c2,916,3f6a6000,916,136207,129
3506,c01fc265,be2075f7,3fd978d5,3ecdd2f2,00000000,0,00000000,0,136790,129
3507,c02983f9,bf13f8a1,c1088034,3f45a1cb,3e9df2ee,308,3e9e4000,309,135332,129
3508,40226959,3fc489a0,40f4538f,3e74bc6a,3f800000,1000,3f800000,1000,135332,128
3509,bffcef89,be01eb85,c0acfc50,3f3a5e35,3d9f5cf3,78,3da0a000,78,135624,128
3510,bfaada12,be087fcc,40eef4f1,3d7df3b6,00000000,0,00000000,0,136499,129
3511,3fe30015,3fcd8bac,3eb80347,3f2978d5,3f800000,1000,3f800000,1000,136790,129
3512,bf5ab9f5,3e384b5e,40c2ae7d,3e92f1aa,00000000,0,00000000,0,135624,128
3513,beabfdb5,3e925fd9,c0d14880,3ea353f8,3f800000,1000,3f800000,1000,135040,128
3514,3f4b8a5d,3f3f930c,c114e426,3f3d70a4,3f800000,1000,3f800000,1000,135332,128
3515,c04c3dee,bf1a4674,c100339c,3f6f5c29,00000000,0,00000000,0,135623,129
3516,c004e50c,be1a05bc,40f8f694,3f7f3b64,00000000,0,00000000,0,136207,130
3517,3fe3eab3,3fa958e2,c0a91b71,3f72f1aa,3f800000,1000,3f800000,1000,136499,130
3518,bf08b19a,3f56c227,3de24dd3,3ccccccd,3efb352a,491,3efb2000,490,137082,129
3519,3fd79336,3f9ea090,40f4b368,3f0c49ba,3f800000,1000,3f800000,1000,136791,130
3520,4030403a,3f8d1340,bea3c9ef,3f6f9db2,3f800000,1000,3f800000,1000,136790,130
3521,3d9b66f9,3fb9161e,c0e970a4,3f020c4a,3f800000,1000,3f800000,1000,138249,131
3522,bffb588e,bf3b5326,411e089a,3dfdf3b6,00000000,0,00000000,0,138248,131
3523,bfe4c448,be40f909,3f8d4c98,3f43126f,00000000,0,00000000,0,135624,128
3524,c055a9fc,bf026cf4,3fbf79a7,3d656042,00000000,0,00000000,0,138249,131
3525,bdfc6fbd,3edc779a,3faf381d,3f26e979,3e28a936,165,3e288000,165,135624,128
3526,bee5d8d8,3f914539,410d18fc,3e989375,00000000,0,00000000,0,136207,129
3527,40267914,3fb7c155,bd883127,3dd2f1aa,3f800000,1000,3f800000,1000,137082,130
3528,3faf8d50,3ea3089a,4111b574,3d27ef9e,3ee8a835,454,3ee7c000,453,135624,128
3529,3f0ab368,3e0d9b3d,bf2c985f,3f67ae14,3f800000,1000,3f800000,1000,136207,129
3530,c00666ba,bf171340,40e5ac71,3f30a3d7,00000000,0,00000000,0,136499,130
3531,3e0d9e84,3f6b5c29,3e2dfa44,3f072b02,3f800000,1000,3f800000,1000,136207,129
3532,3f1923a3,3f604674,c0ee4f76,3f7c6a7f,3f800000,1000,3f800000,1000,135040,128
3533,4008d5fa,3f2b851f,40c63fe6,3f2dd2f2,3f800000,1000,3f800000,1000,136791,129
3534,be4c5eb3,bf2cc2f8,4071566d,3ec5a1cb,00000000,0,00000000,0,136499,129
3535,3f3dd053,3f4c43fe,40f49446,3ec49ba6,3ebab4de,365,3eba6000,364,137373,130
3536,bda031cf,3ec264c3,c0bf15b5,3f570a3d,3f800000,1000,3f800000,1000,136498,129
3537,3f52d773,3f809a6b,c0dcdb8c,3f066666,3f800000,1000,3f800000,1000,135623,128
3538,3f26277c,3e1491d1,c0db30be,3f43d70a,3f800000,1000,3f800000,1000,135915,129
3539,3eea0e41,3f539e84,c1172196,3ef43958,3f800000,1000,3f800000,1000,137374,130
3540,bf729889,3f2d1f8a,40f18937,3f1db22d,00000000,0,00000000,0,136791,130
3541,bfa80d1b,be6adaba,411d09d5,3f69374c,00000000,0,00000000,0,135916,129
3542,bf1085b2,3f1eff97,3fc25aee,3f649ba6,3de6cd8b,113,3de68000,113,136790,129
3543,bf8cb535,3eed9653,40d44c30,3d0b4396,00000000,0,00000000,0,136207,129
3544,bfb19115,3db63f14,4016bee0,3ee66666,00000000,0,00000000,0,135624,128
3545,bead57bc,3f333eab,4031cac1,3e3e76c9,00000000,0,00000000,0,139416,132
3546,c02d92b8,be2ed5d0,c0c39a6b,3eca3d71,00000000,0,00000000,0,136790,129
3547,bf1aefb3,3e75e69b,408f53f8,3ef8d4fe,00000000,0,00000000,0,135624,129
3548,bf6421c0,3f7b47ae,409550b1,3eda1cac,00000000,0,00000000,0,135624,129
3549,3f49afe2,3fcbd0e5,40b25e35,3f2624dd,3f800000,1000,3f800000,1000,136207,129
3550,3f0fec57,3ea22196,c0fdaace,3e70a3d7,3f800000,1000,3f800000,1000,136208,129
3551,bf853cde,bf02cb29,406798c8,3f122d0e,00000000,0,00000000,0,136499,129
3552,bdcce1c6,3f9d404f,402feab3,3f239581,3f2510ba,645,3f250000,645,135623,128
3553,bfc421c0,bebaecc0,411d8c7e,3e010625,00000000,0,00000000,0,135040,129
3554,3f34a8c1,3fb53405,410f0d1b,3f526e98,3f2f32cd,684,3f2f2000,684,135916,128
3555,3d7b2aae,3dbdc5d6,c084ab36,3ca3d70a,3f6e6e8a,931,3f6e6000,931,135040,128
3556,bf8b367a,be49e1b1,c11a9ce0,3ecc49ba,3f800000,1000,3f800000,1000,135624,128
3557,be58548b,bf000000,c08671de,3e0d4fdf,3f2f3648,684,3f2f6000,685,135624,129
3558,3e815ca7,3ed39c0f,c102e9e2,3f0c8b44,3f800000,1000,3f800000,1000,135624,128
3559,c02a5e35,bf09844d,c075b717,3f1ef9db,00000000,0,00000000,0,136207,129
3560,bffaa066,bef3b4a2,4105e5c9,3d6978d5,00000000,0,00000000,0,134457,127
3561,c01e44a6,becd119d,c0c23c9f,3b449ba6,00000000,0,00000000,0,135040,128
3562,be0bb6ed,3ded42c4,411a6cf4,3ec41893,00000000,0,00000000,0,137082,130
3563,3e5b7bf2,3fac04ea,bfb24745,3ed60419,3f800000,1000,3f800000,1000,136207,129
3564,becd96a7,3f673c36,3f67e282,3e9cac08,3effdb99,500,3effc000,500,136790,129
3565,3f65f06f,3de9ad43,c08eb1c4,3e10624e,3f800000,1000,3f800000,1000,136790,130
3566,bfed7343,3e3eb50b,410ed220,3f0b4396,00000000,0,00000000,0,135332,129
3567,c029389b,be9d0cb3,c0ea511a,3f0ac083,3d8fc0d9,70,3d90c000,71,135916,128
3568,3f3b8e4c,3f1b2fec,c108b646,3f43d70a,3f800000,1000,3f800000,1000,135624,129
3569,404afbd2,3fa0e4f7,4110d220,3e8dd2f2,3f800000,1000,3f800000,1000,181123,174
3570,3fa3630b,3e94a71e,4092353f,3ef126e9,3f800000,1000,3f800000,1000,136207,129
3571,3f508701,3f20eb1c,403bedfa,3f639581,3f800000,1000,3f800000,1000,137957,130
3572,3f24d2b3,3fc331f9,4028a8c1,3d2c0831,3f800000,1000,3f800000,1000,136499,129
3573,c04635e7,bf019097,c0b7ff2e,3dfdf3b6,00000000,0,00000000,0,136791,129
3574,3eb2da12,3f5e4189,c0b9bb30,3f018937,3f800000,1000,3f800000,1000,137665,130
3575,3f1100e7,be923a2a,c0f1ef9e,3f71eb85,3f800000,1000,3f800000,1000,136207,129
3576,bf0e50c6,bf335c29,c0baacda,3ea5e354,3f5311a6,824,3f530000,824,137665,130
3577,bfe282e8,be8cd4fe,c10e0625,3f16c8b4,3f4ab758,792,3f4ac000,792,135624,129
3578,40433483,3fa1e354,4109d07d,3f74bc6a,3f800000,1000,3f800000,1000,136499,130
3579,3f587161,3fcce2eb,411e4880,3f1c6a7f,3f5713c4,840,3f570000,840,136207,129
3580,c037c7a4,be61a9fc,40c92474,3f69374c,00000000,0,00000000,0,136790,129
3581,bfeda07b,bdd6594b,40510cb3,3e5a1cac,00000000,0,00000000,0,137082,130
3582,3e71a9fc,3f553c36,3f866cf4,3f2d4fdf,3f7482ac,955,3f748000,955,137082,130
3583,c05e53b9,bf25bcd3,3e1b22d1,3cdd2f1b,00000000,0,00000000,0,136207,129
3584,bd8902de,3f192a30,404a0275,3f722d0e,3d52d00a,51,3d514000,51,137374,130
3585,3ffd714c,3f4d559b,c083f972,3f1eb852,3f800000,1000,3f800000,1000,135916,128
3586,c003feb0,bf207d56,4097f141,3f056042,00000000,0,00000000,0,135916,129
3587,40266517,3fa3e7d5,c109ec57,3f22d0e5,3f800000,1000,3f800000,1000,137082,130
3588,c0227bb3,bf3bf8a1,3fd954ca,3f37ced9,00000000,0,00000000,0,135916,129
3589,bf86410b,3e0dab9f,c0c82a99,3f747ae1,3f576dec,842,3f578000,842,136499,129
3590,3fd4725c,3ef4d1b7,bfc6a4a9,3c75c28f,3f800000,1000,3f800000,1000,134457,127
3591,bd5f1173,3f6706f7,40f400d2,3e77ced9,00000000,0,00000000,0,135916,128
3592,bf9917d7,3f3c068e,c0a01a37,3ef851ec,3f800000,1000,3f800000,1000,135915,129
3593,bfc324c8,bd993dd9,40cb0b0f,3ef1a9fc,00000000,0,00000000,0,136791,130
3594,3eba9a80,3e2889a0,4013be77,3f733333,3ea48e1d,321,3ea48000,321,138540,131
3595,403a5e35,3fb312d7,409793de,3eba5e35,3f800000,1000,3f800000,1000,136207,129
3596,c00354f3,bedce704,bf08fc50,3f6b020c,00000000,0,00000000,0,137082,130
3597,becda900,3ed8a57a,4084c3ca,3d9ba5e3,00000000,0,00000000,0,137082,129
3598,bf122fad,be5d42c4,c0b8b852,3f2d0e56,3f57544e,841,3f578000,842,136499,130
3599,c019eecc,be9d14e4,3fa2b021,3f456042,00000000,0,00000000,0,135624,129
3600,bf278ab1,bf3fed29,40aaded3,3f2f1aa0,00000000,0,00000000,0,136498,129
3601,3f700fbb,3f674fdf,411214e4,3edba5e3,3ee74bc5,452,3ee66000,450,136498,129
3602,c0309907,bf29a92a,bfa9eecc,3ee9fbe7,00000000,0,00000000,0,135916,129
3603,3fcda5b9,3fcd5dcc,4064ac08,3ee5e354,3f800000,1000,3f800000,1000,135624,129
3604,3fa15a08,3f9ac6a8,4075e83e,3f7db22d,3f800000,1000,3f800000,1000,136207,130
3605,beb0dae4,3db41893,c05fc361,3f3a5e35,3f20e9d1,629,3f210000,629,135624,129
3606,bf94e65c,3f41119d,c103ce70,3ec624dd,3f800000,1000,3f800000,1000,136791,130
3607,40023d71,3f58b0f2,407154ca,3f67ef9e,3f800000,1000,3f800000,1000,141749,134
3608,bf017c1c,3f79d14e,40a578d5,3f6e147b,00000000,0,00000000,0,137374,130
3609,bfb9187e,bf01bb30,be436113,3e47ae14,00000000,0,00000000,0,135915,129
3610,3f061523,3fc4fb16,c0fa816f,3f7a1cac,3f800000,1000,3f800000,1000,135624,128
3611,c042cdf2,bf3c9ba6,c00ecd9f,3f0353f8,00000000,0,00000000,0,136207,129
3612,3f832618,3f10147b,411007c8,3f6c0831,3ea92627,330,3ea8e000,330,134457,128
3613,c0373cb4,bed40b78,40e76d5d,3f5be76d,00000000,0,00000000,0,135915,129
3614,be34acb0,3dbd9168,401dff2e,3f189375,00000000,0,00000000,0,136207,129
3615,c014d3ae,3c2eb1c4,c0bd8c7e,3edcac08,00000000,0,00000000,0,138832,131
3616,3e910774,be06b50b,4091d567,3f23126f,00000000,0,00000000,0,137082,130
3617,bfc15619,3cb367a1,40d5fbe7,3e8d4fdf,00000000,0,00000000,0,141165,133
3618,40172b02,3fc87660,c0acd35b,3f472b02,3f800000,1000,3f800000,1000,136790,130
3619,3fc2454e,3fc466cf,c031d639,3f4fdf3b,3f800000,1000,3f800000,1000,136499,128
3620,c02394d9,bec072b0,410322d1,3eaf1aa0,00000000,0,00000000,0,135624,129
3621,3ee1b08a,3f620d1b,4113aa65,3f570a3d,00000000,0,00000000,0,135916,129
3622,3fb5119d,3fb464c3,c0a0ebee,3f1020c5,3f800000,1000,3f800000,1000,136790,129
3623,bfcbf099,3ea2d773,c05b27bb,3f5cac08,3e594574,212,3e592000,212,136499,129
3624,c02004ea,3d64c2f8,bff7df3b,3eb020c5,00000000,0,00000000,0,137957,131
3625,bf917050,3f5f999a,3fd096bc,3f191687,3b91ad80,4,3b856000,4,137082,130
3626,3f58509c,3f6c45a2,c0d6ee63,3f71eb85,3f800000,1000,3f800000,1000,136499,130
3627,bdbc408e,3fb5c01a,41019518,3f4f1aa0,00000000,0,00000000,0,135916,129
3628,3f8cf80e,3f9871de,c0924674,3f69374c,3f800000,1000,3f800000,1000,136207,130
3629,3fd12104,3eaac8b4,c0996f00,3eec8b44,3f800000,1000,3f800000,1000,136499,130
3630,3fb353f8,3f12b296,411aeecc,3cdd2f1b,3f1de2a6,617,3f1e0000,617,136791,129
3631,3faf9e5a,3e35f6fd,3f8b8bac,3f52b021,3f800000,1000,3f800000,1000,136499,129
3632,c047689d,bf38f1aa,c08d295f,3f1df3b6,00000000,0,00000000,0,135624,128
3633,c040ddd7,beba4dd3,c0ab4a23,3f6353f8,00000000,0,00000000,0,135624,128
3634,3f759360,3f542268,406624dd,3f65e354,3f800000,1000,3f800000,1000,136207,129
3635,bfbd1eb8,bf29212d,40ed837b,3f19db23,00000000,0,00000000,0,136791,129
3636,4001ae92,3fcda512,c0e19b3d,3f4a3d71,3f800000,1000,3f800000,1000,135915,129
3637,bf959ddc,3db8a71e,c07f0a3d,3f32f1aa,3e9b9999,304,3e9ba000,304,137665,130
3638,3e0f56eb,3eb7bcd3,bf989d49,3e25e354,3f4179c3,756,3f418000,756,135624,129
3639,bf65ef20,3f2a8312,bf5e83e4,3edcac08,3ebd6672,370,3ebd6000,370,136207,129
3640,bde7ab75,3f833f14,c0972546,3d408312,3f800000,1000,3f800000,1000,135915,129
3641,bdba732e,be2e9ad4,409759b4,3e960419,00000000,0,00000000,0,155456,148
3642,bfbb0404,befa6e98,40622824,3ec9ba5e,00000000,0,00000000,0,139416,130
3643,bfb12253,3f1f2b02,4107bb30,3c75c28f,00000000,0,00000000,0,136790,129
3644,3f3bc01a,3eeae2eb,4112d7dc,3f49fbe7,00000000,0,00000000,0,135333,128
3645,c0365604,bf3b8034,c0985aee,3f71a9fc,00000000,0,00000000,0,137665,130
3646,3f29374c,3f2edc5d,c034f27c,3ef43958,3f800000,1000,3f800000,1000,136499,130
3647,3ff2617c,3f35e76d,40f495ea,3f6a3d71,3f800000,1000,3f800000,1000,136498,129
3648,bfcf505d,be9bac71,3fb8793e,3eb43958,00000000,0,00000000,0,136498,130
3649,bfa9d346,bf23923a,bfe99ce0,3f439581,00000000,0,00000000,0,136791,129
3650,3c1081c3,be8ad917,40d42268,3f445a1d,00000000,0,00000000,0,136790,129
3651,3dd4fdf4,3f8fc2f8,c0c7db23,3f7db22d,3f800000,1000,3f800000,1000,136791,130
3652,3e9b3fa7,3f036d5d,3f46ae7d,3eb9db23,3f45d8a1,773,3f45c000,772,136499,129
3653,bd597f63,3ecee2eb,40adfcb9,3c23d70a,00000000,0,00000000,0,135040,128
3654,3f5a75cd,3f695dcc,c109aace,3edfbe77,3f800000,1000,3f800000,1000,135332,128
3655,4059800a,3fc97e91,be1fbe77,3e6c8b44,3f800000,1000,3f800000,1000,137373,130
3656,bf86cf42,3ec6594b,c0fe2196,3d0f5c29,3f800000,1000,3f800000,1000,136498,130
3657,bfe8cdc8,bdd9c77a,3f8c538f,3d48b439,00000000,0,00000000,0,135916,129
3658,401b72c5,3fa000d2,40a967a1,3f6c8b44,3f800000,1000,3f800000,1000,135915,129
3659,bfcd0e56,bf001cac,41111cac,3e46a7f0,00000000,0,00000000,0,135916,129
3660,bfa974e6,3ee9e1b1,be839581,3f1d70a4,00000000,0,00000000,0,136207,129
3661,bfc3f338,3f2001a3,c02bef9e,3f656042,3ec7d07d,390,3ec7a000,390,136498,129
3662,3fbed7c7,3ea643fe,c1147bb3,3f5851ec,3f800000,1000,3f800000,1000,135915,129
3663,3e1bab22,3e85c77a,410f7732,3f54bc6a,00000000,0,00000000,0,135332,129
3664,40269ec3,3fbd2618,3ee0b780,3eb0a3d7,3f800000,1000,3f800000,1000,137082,130
3665,bfd97e13,bed31412,3fbfae14,3f70e560,00000000,0,00000000,0,140874,134
3666,4017938a,3fa8511a,40ef3405,3f3a9fbe,3f800000,1000,3f800000,1000,138249,131
3667,40161911,3fbf0f91,41171412,3e2b020c,3f800000,1000,3f800000,1000,137082,130
3668,3ef44674,be1ee2eb,c035f8a1,3e19999a,3f800000,1000,3f800000,1000,135332,128
3669,3fb533b1,3f0bb08a,40a44a8c,3f228f5c,3f800000,1000,3f800000,1000,136207,129
3670,c0004ef9,be2fb15b,c074adac,3ea1cac1,00000000,0,00000000,0,136499,129
3671,4023328b,3f5ca305,c094c56d,3e8bc6a8,3f800000,1000,3f800000,1000,135332,128
3672,bfebbf72,3d1dcc64,4102346e,3f32b021,00000000,0,00000000,0,136791,130
3673,3fe46f15,3efbc505,3fe3cd36,3e2e147b,3f800000,1000,3f800000,1000,135332,128
3674,4015a0cf,3fa6154d,c0ad6944,3f439581,3f800000,1000,3f800000,1000,136207,130
3675,3f8b7f39,3fa9f2e5,3f3d9168,3f0f9db2,3f800000,1000,3f800000,1000,135040,128
3676,3fa47454,3fac2d77,c0bf9f56,3f1a5e35,3f800000,1000,3f800000,1000,135624,128
3677,c01b98c8,bda56042,3fa77cee,3d851eb8,00000000,0,00000000,0,136499,129
3678,3e36848c,3e34b924,c09a88ce,3f10e560,3f800000,1000,3f800000,1000,135916,128
3679,3f5c28f6,3f111aa0,41084bc7,3e6b851f,3e0d1bc0,138,3e0ce000,138,135624,128
3680,bedaacda,3f5ed917,4038538f,3e818937,3dc635a4,97,3dc5c000,97,135624,128
3681,40081798,3f936a7f,c03b837b,3ebd70a4,3f800000,1000,3f800000,1000,137082,130
3682,be3e425b,be1e5c92,c0b37b4a,3d3020c5,3f70e455,941,3f710000,941,136207,129
3683,3fb7c06e,3f03c361,c081ff2e,3f7ef9db,3f800000,1000,3f800000,1000,136207,129
3684,40506738,3fa6d773,40d46320,3f5f3b64,3f800000,1000,3f800000,1000,134749,127
3685,c03bd9fd,be81b8bb,c06703b0,3e52f1aa,00000000,0,00000000,0,136207,128
3686,3f9a5ce6,3fc0c91d,41090f91,3f00c49c,3f800000,1000,3f800000,1000,136207,129
3687,40476cdf,3fce01a3,40a31aa0,3ef7ced9,3f800000,1000,3f800000,1000,136790,130
3688,3f64cad5,3d9e9e1b,40c1b717,3f75c28f,3e840a8a,258,3e838000,257,136207,129
3689,405a4bdc,3fc7b780,40c1d97f,3de978d5,3f800000,1000,3f800000,1000,141165,133
3690,bf6f7660,3d921965,40cf34d7,3d79db23,00000000,0,00000000,0,138248,131
3691,3f9f8573,3f28240b,c033eab3,3f39999a,3f800000,1000,3f800000,1000,135332,128
3692,4060f0d8,3fcf3190,c0b9fbe7,3df7ced9,3f800000,1000,3f800000,1000,135916,129
3693,3fa7f23d,3dcd7dbf,408fd97f,3f3c6a7f,3f800000,1000,3f800000,1000,137082,129
3694,3f5295ea,3fb6b7e9,bfe8c155,3f7e353f,3f800000,1000,3f800000,1000,136498,129
3695,3f8313be,3fbffb7f,c000f5c3,3e9db22d,3f800000,1000,3f800000,1000,135623,128
3696,bfbd5c53,bf1e068e,c0b3d70a,3f639581,3ec2f987,381,3ec34000,381,136790,130
3697,3f484cad,3f372d77,c1101b09,3c8b4396,3f800000,1000,3f800000,1000,136207,129
3698,bf63c750,be8e7a10,bfc70a3d,3f018937,00000000,0,00000000,0,135915,128
3699,3f8769ec,3f9aa6b5,c0c7d220,3eb43958,3f800000,1000,3f800000,1000,134457,128
3700,c003414a,3e34d014,40ed0f28,3e26e979,00000000,0,00000000,0,134749,128
3701,bf33e426,3d6e3bcd,4053381d,3f651eb8,00000000,0,00000000,0,137374,130
3702,3f9dbc02,3fcf1062,c0c3e4f7,3ef33333,3f800000,1000,3f800000,1000,135332,128
3703,3eb989df,3ef6ca58,41143333,3f722d0e,00000000,0,00000000,0,136207,129
3704,bf296d09,3f970be1,c0e59168,3f66a7f0,3f800000,1000,3f800000,1000,136499,129
3705,be71af3a,3fa6f694,c0f74d6a,3efd70a4,3f800000,1000,3f800000,1000,135332,128
3706,3fc4e65c,3f8104ea,bf910ff9,3e851eb8,3f800000,1000,3f800000,1000,137957,131
3707,c05a90ac,bf06a162,3eab50b1,3f178d50,00000000,0,00000000,0,137957,130
3708,3ea46499,3eb2fb7f,40a9212d,3d978d50,00000000,0,00000000,0,136207,129
3709,c00e8199,3e141206,410a068e,3f153f7d,00000000,0,00000000,0,135624,128
3710,be93c361,3f8c0a3d,c101c505,3efa5e35,3f800000,1000,3f800000,1000,136499,130
3711,3fc74688,3f99d07d,c0ceed91,3e8b4396,3f800000,1000,3f800000,1000,135332,128
3712,3f97a1a1,3fcdc91d,c0037660,3f7ae148,3f800000,1000,3f800000,1000,135623,129
3713,3f06a551,3eabc361,c0c4d1b7,3f439581,3f800000,1000,3f800000,1000,163041,155
3714,bf145f5b,3f7953f8,c09a147b,3f6ccccd,3f800000,1000,3f800000,1000,141457,134
3715,3f99ce07,3d3566cf,40fc9375,3f266666,3e884b2a,266,3e878000,265,137665,130
3716,c05c4bb2,bf3ecd9f,400914e4,3e49ba5e,00000000,0,00000000,0,136207,129
3717,bfc53cde,be79205c,be126e98,3f24dd2f,00000000,0,00000000,0,136499,129
3718,3c0b4396,3f65d495,c0609375,3bc49ba6,3f800000,1000,3f800000,1000,137082,130
3719,c04a7a10,bf072d77,3aded289,3f039581,00000000,0,00000000,0,135624,128
3720,3f4537a0,be1a4745,4111ef35,3e0b4396,00000000,0,00000000,0,136207,129
3721,402248e9,3f619f56,c00b18fc,3da3d70a,3f800000,1000,3f800000,1000,135332,128
3722,bf0628cc,3f7efb7f,bee90ff9,3f2ccccd,3f4dc7b4,804,3f4dc000,804,135624,129
3723,3f0debd9,3f1c0b78,3fffa440,3f57ced9,3f800000,1000,3f800000,1000,140582,133
3724,c00300bd,bf011c43,40becf42,3e0f5c29,00000000,0,00000000,0,138249,132
3725,c00b1173,bec9fa44,c0af6944,3f147ae1,00000000,0,00000000,0,136498,130
3726,3f569596,3fcb04ea,40efd70a,3eac0831,3f800000,1000,3f800000,1000,137373,130
3727,bea53e2d,3f440275,bee1cac1,3be56042,3f20b7e8,628,3f20c000,628,137082,130
3728,3fa39abf,3f464817,40cf7dbf,3f25e354,3f800000,1000,3f800000,1000,136207,128
3729,be4aea74,3e8a2824,bf785f07,3f251eb8,3ece4a30,403,3ece4000,403,136498,129
3730,bdbb1077,beaf1412,4106339c,3eced917,00000000,0,00000000,0,136499,130
3731,3fdff4dc,3faa1aa0,3f3cf41f,3e5e353f,3f800000,1000,3f800000,1000,136207,129
3732,bf07136a,beac7fcc,c1118ef3,3f09fbe7,3f800000,1000,3f800000,1000,136498,129
3733,bf0a747e,bea78bac,c0c99e84,3f31eb85,3f740422,953,3f742000,954,135332,128
3734,bea33722,3f7d758e,bfe9b717,3f010625,3f800000,1000,3f800000,1000,136207,129
3735,bf1583a5,3f9b89a0,c0c19724,3f14bc6a,3f800000,1000,3f800000,1000,136499,129
3736,3f767dfe,3eb6b9f5,4113fd22,3edfbe77,00000000,0,00000000,0,135624,129
3737,c044dfce,beb2f007,c01ecd9f,3f0e147b,00000000,0,00000000,0,139999,133
3738,c013f099,bdfd4952,4090d845,3ee0c49c,00000000,0,00000000,0,138540,131
3739,bf071f36,3e159e84,c04c6f69,3f6e978d,3f0e46a2,556,3f0e4000,556,137374,130
3740,bf845a1d,bf3774bc,bf239581,3f69fbe7,00000000,0,00000000,0,136499,128
3741,3f86e43b,3f7d1d15,c10c9100,3ef2b021,3f800000,1000,3f800000,1000,137082,129
3742,3efb1855,3f91fe5d,4102c433,3f3b22d1,3e927401,286,3e924000,286,136498,130
3743,be61cfff,bf033a93,409e01a3,3f4b020c,00000000,0,00000000,0,137373,130
3744,3f253b8e,3e83020c,3f9072b0,3e9fbe77,3f6adca7,917,3f6ac000,917,137374,131
3745,3f7606b8,3fb5d289,411d353f,3f5a1cac,3f5d495b,864,3f5d0000,863,135333,128
3746,bd47b891,bf08b6ae,c1045a1d,3e50e560,3f800000,1000,3f800000,1000,136499,129
3747,bf9b8088,3e382752,409284b6,3ecac083,00000000,0,00000000,0,135624,128
3748,3e670e2c,3f5cadac,4069d495,3d4ccccd,3edf7dc6,437,3edf2000,436,135332,128
3749,bd9984a1,3fbd5cfb,c097295f,3d7df3b6,3f800000,1000,3f800000,1000,135332,128
3750,40196a6a,3fc54a23,c11674bc,3edd2f1b,3f800000,1000,3f800000,1000,135332,128
3751,40431bef,3fccdb23,3fb1db23,3f316873,3f800000,1000,3f800000,1000,135915,129
3752,bdb2617c,3eda511a,c087ff2e,3eb1a9fc,3f800000,1000,3f800000,1000,136790,130
3753,bfaf08ee,bc25e354,3fbb1c43,3f7f3b64,00000000,0,00000000,0,135915,129
3754,3f9978d5,3f131687,c0eb94af,3f70624e,3f800000,1000,3f800000,1000,135332,128
3755,bf19ccb8,be766320,4077b7e9,3f7db22d,00000000,0,00000000,0,135623,129
3756,40075e20,3f15288d,c1091de7,3f4353f8,3f800000,1000,3f800000,1000,136207,128
3757,bf62617c,3e3e1b09,40da511a,3f4978d5,00000000,0,00000000,0,137082,130
3758,bf6d1394,3f81ac71,405009d5,3f008312,00000000,0,00000000,0,135915,128
3759,bf4fbbd8,bec554ca,40d8c083,3ee24dd3,00000000,0,00000000,0,135623,128
3760,3f34b87c,3fc7b2ff,c10c25af,3cbc6a7f,3f800000,1000,3f800000,1000,136790,130
3761,bfad03da,3f04346e,40dd6a16,3efb645a,00000000,0,00000000,0,140291,133
3762,bfb271de,3d4a7efa,c06e7a10,3eb7ced9,3d97aca8,74,3d97c000,74,133874,127
3763,bdd249e4,be80adac,bd8f5c29,3f160419,3d23443f,40,3d234000,40,133583,126
3764,bf809d49,3ea1288d,40801cac,3ebc6a7f,00000000,0,00000000,0,135040,129
3765,3f96caac,3e71205c,409ded29,3e1eb852,3f63fc5d,891,3f63e000,890,135041,128
3766,bfb536f8,3eeefd22,c0cb0b0f,3f2624dd,3f707263,939,3f706000,939,135915,129
3767,bf31a4be,be4c0831,40c7de6a,3f6e978d,00000000,0,00000000,0,134748,128
3768,3f47dd44,3f2ad9e8,c08b67a1,3f353f7d,3f800000,1000,3f800000,1000,135624,128
3769,3eeb55ef,3dd60aa6,40ffe910,3c9374bc,00000000,0,00000000,0,135333,128
3770,bec36113,bf3b03b0,405c44d0,3e71a9fc,00000000,0,00000000,0,135916,129
3771,3fdf9bbb,3faf66cf,40a39581,3f48b439,3f800000,1000,3f800000,1000,135624,129
3772,bfab482c,3db978d5,bffd73eb,3e581062,00000000,0,00000000,0,135624,128
3773,bf4e8534,3f7d2e49,c014b5dd,3eac0831,3f75654a,959,3f756000,958,135915,129
3774,3e215ca7,3eeca57a,bf0d70a4,3f0978d5,3f4b4288,794,3f4b4000,794,135624,128
3775,bfb29692,bf3624dd,c085e4f7,3f6ccccd,3e2c143e,168,3e2c0000,168,135332,128
3776,bf1a32f4,be1ca8c1,c07ac227,3e8ac083,3ee70220,451,3ee70000,451,135915,129
3777,bf8bb646,bee7b15b,3f649518,3f2ed917,00000000,0,00000000,0,136499,128
3778,4036555c,3fc09931,c01b4bc7,3ee04189,3f800000,1000,3f800000,1000,135916,128
3779,3fa340f6,3fa0d70a,3f73f141,3ee04189,3f800000,1000,3f800000,1000,135915,129
3780,3eca8eb4,3f71c9ef,40727bb3,3f672b02,3f4aebd0,793,3f4ac000,792,136207,128
3781,3f3d527e,3f925b57,40baaf4f,3f2dd2f2,3f800000,1000,3f800000,1000,135623,129
3782,3ff2a10e,3f89a0f9,40c9e5c9,3f4978d5,3f800000,1000,3f800000,1000,136498,130
3783,bfc76e83,3defbe77,c107d917,3f08b439,3f6d927b,928,3f6de000,929,135916,128
3784,bf0e11dc,bd2c8b44,4119872b,3f7e353f,00000000,0,00000000,0,135915,129
3785,403364ae,3f936a7f,4111c986,3f451eb8,3f800000,1000,3f800000,1000,173248,166
3786,c001edd0,3ddc0ebf,c0c38106,3f49fbe7,3e8f7c47,280,3e8fe000,281,139999,133
3787,3f88f5c3,3f51089a,40ddce07,3ebe76c9,3f6f7874,935,3f6f8000,936,137082,130
3788,bfb9b3d0,be70a090,c0f41e4f,3ea2d0e5,3f3316c1,700,3f332000,700,136791,129
3789,3f27a249,3f02c63f,bf533333,3f743958,3f800000,1000,3f800000,1000,135040,128
3790,3ee82e88,beb05d64,c037c6a8,3eb5c28f,3f800000,1000,3f800000,1000,135332,129
3791,bf879097,becb8034,c0629446,3eba5e35,3e280adf,164,3e282000,164,135624,128
3792,bfe07a8d,3e1df06f,c011c5d6,3ed4fdf4,00000000,0,00000000,0,136499,129
3793,3ecc2507,3f9b4f0e,40a46dc6,3e656042,3f3a53a9,728,3f3a2000,727,135332,128
3794,3ead1b71,be36e979,409a4817,3f0bc6a8,00000000,0,00000000,0,135623,128
3795,bf9add59,bf1f8e22,40c94396,3f66a7f0,00000000,0,00000000,0,136790,130
3796,3faae9cd,3fc031f9,4107dd2f,3f7b22d1,3f800000,1000,3f800000,1000,138249,131
3797,3d178d50,3ed530be,40b38ef3,3de56042,00000000,0,00000000,0,136208,129
3798,bf5421c0,3e02a993,3f9521ff,3ec9ba5e,00000000,0,00000000,0,135623,129
3799,bf1590c1,3e9adfa4,c0c5e282,3f645a1d,3f800000,1000,3f800000,1000,135624,128
3800,be97fb6a,3ea78034,c10154ca,3eb43958,3f800000,1000,3f800000,1000,137082,130
3801,bfc50dae,3ded288d,40a0a234,3e3126e9,00000000,0,00000000,0,136207,129
3802,3f883904,3ed7d567,c0ad5254,3e53f7cf,3f800000,1000,3f800000,1000,136791,130
3803,40251c6d,3f962eb2,41160347,3e570a3d,3f800000,1000,3f800000,1000,135915,128
3804,3f084cad,be2b9c0f,c0180000,3f2d9168,3f800000,1000,3f800000,1000,135040,128
3805,403e6224,3f9861e5,40b8f41f,3e16872b,3f800000,1000,3f800000,1000,135624,128
3806,3d48b439,3fc1c2f8,c088e632,3f45e354,3f800000,1000,3f800000,1000,136207,129
3807,c0256430,bda6a7f0,c01aca58,3f4d0e56,00000000,0,00000000,0,134749,127
3808,4024f473,3f8d5e9e,402db08a,3f608312,3f800000,1000,3f800000,1000,134457,127
3809,c008533b,bf358937,403c9375,3f0b851f,00000000,0,00000000,0,140291,133
3810,3fdf2a5a,3f910000,c091f488,3f716873,3f800000,1000,3f800000,1000,133290,126
3811,3e78e4b8,3f9e096c,c026f007,3f56872b,3f800000,1000,3f800000,1000,131832,126
3812,4013d955,3fa81c43,c0d03c9f,3da9fbe7,3f800000,1000,3f800000,1000,135624,128
3813,3efef49d,be8b86c2,c0a918fc,3ef126e9,3f800000,1000,3f800000,1000,135040,128
3814,3d55f99c,be937319,408f26e9,3f0e147b,00000000,0,00000000,0,136207,129
3815,3f97f434,3f98f6fd,bffc4d01,3e2e147b,3f800000,1000,3f800000,1000,136207,128
3816,c0389f95,bf333eab,40a4b1c4,3f3645a2,00000000,0,00000000,0,136790,130
3817,bf7b76b4,bf310a3d,c10bf3b6,3f3020c5,3f800000,1000,3f800000,1000,135624,129
3818,402194af,3f542de0,3f1a0275,3c9ba5e3,3f800000,1000,3f800000,1000,135332,128
3819,c03735d2,bf114467,c1071cac,3d48b439,3de89cb3,114,3de94000,114,140874,133
3820,be622920,3f9d51ec,40a4c56d,3e8e5604,3deefa3d,117,3def4000,117,136790,130
3821,3fdc523f,3fb6aace,40b321ff,3ee0c49c,3f800000,1000,3f800000,1000,136791,130
3822,bf77ee4e,3dcee632,c0c8faad,3f42d0e5,3f555288,833,3f558000,834,136791,129
3823,bfae9ad4,3d30a3d7,c112212d,3f2b020c,3f800000,1000,3f800000,1000,135916,129
3824,bf96ab36,bef484b6,c09ffcb9,3f589375,3ed4fb13,416,3ed54000,417,135915,128
3825,c02f5009,bdfd2f1b,3ed5f6fd,3f408312,00000000,0,00000000,0,136791,129
3826,bfaf7d95,3e8c793e,c10aba5e,3e8fdf3b,3f800000,1000,3f800000,1000,136790,129
3827,3fce3886,3ef6c56d,4115b574,3f3ef9db,3f704700,939,3f700000,938,136207,129
3828,3e6a1b5c,3eb3b7e9,c106f488,3f591687,3f800000,1000,3f800000,1000,134166,127
3829,bf119115,3f98dcc6,bf8b1c43,3e9c28f6,3f800000,1000,3f800000,1000,137665,131
3830,bf82bc94,3df32618,c0779db2,3ebb645a,3eb2c80e,349,3eb2e000,349,134165,127
3831,bf7a68b2,bf0a4674,c0d03e42,3f553f7d,3f491c4c,786,3f494000,786,136791,129
3832,bf53d85a,3d73c361,3fdc8b44,3f083127,00000000,0,00000000,0,136499,129
3833,c01a2d0e,bf1fba5e,411e6320,3e9d2f1b,00000000,0,00000000,0,141165,134
3834,bf0b4b73,bdef9097,3f2b851f,3f06e979,00000000,0,00000000,0,139123,132
3835,c00ef4f1,bd31b717,411f91d1,3ed47ae1,00000000,0,00000000,0,136791,129
3836,bfbca81a,3ee7e910,40ac00d2,3cbc6a7f,00000000,0,00000000,0,135915,129
3837,3e8ccccd,3e05b8bb,c0a12618,3f62d0e5,3f800000,1000,3f800000,1000,137665,130
3838,c020bdba,bee1f3b6,c0f27ae1,3d83126f,3e09ca19,135,3e0a4000,135,135916,129
3839,beff290b,3efc0d1b,c0064dd3,3ea147ae,3f1f840e,623,3f1f8000,623,136207,129
3840,3df75b81,3ac49ba6,bf3d4952,3e947ae1,3eae5040,340,3eae6000,341,135915,129
3841,3f35b574,3e8d5183,c02ce076,3f39db23,3f800000,1000,3f800000,1000,136207,128
3842,c001dc72,be90c63f,4100ab36,3f03126f,00000000,0,00000000,0,135623,129
3843,bf6aa25e,3f260000,c0ecd289,3ed60419,3f800000,1000,3f800000,1000,136499,129
3844,40598b2f,3fc4d220,c0ae872b,3f2f1aa0,3f800000,1000,3f800000,1000,135041,127
3845,bfd08462,3f15db23,3fae3bcd,3e3645a2,00000000,0,00000000,0,136207,129
3846,bff39043,bdbf7660,c09cdfa4,3f1a1cac,3c37671c,11,3c37c000,11,138540,131
3847,bf206e1a,bf1a1ff3,c00e2681,3deb851f,3df193fc,118,3df1e000,118,135915,128
3848,3fee0b4e,3fbdfb7f,c046cf42,3f2ac083,3f800000,1000,3f800000,1000,137082,130
3849,3ffba344,3fbceb85,4071f6fd,3f4ccccd,3f800000,1000,3f800000,1000,136498,129
3850,c040d20b,bf35f972,40ca6320,3f1126e9,00000000,0,00000000,0,136207,129
3851,bfa608af,3f424f76,3feec8b4,3f1b645a,00000000,0,00000000,0,136790,130
3852,beeaff6d,bead8937,c1074a8c,3f791687,3f800000,1000,3f800000,1000,136499,129
3853,3ff487fd,3fcd5fd9,41146dc6,3eeb851f,3f800000,1000,3f800000,1000,136499,129
3854,bef60957,bc450481,41073261,3f770a3d,00000000,0,00000000,0,135916,129
3855,3f8413fd,bc7dbf48,c0159e84,3dd70a3d,3f800000,1000,3f800000,1000,136499,130
3856,3e3cbe62,3ee8a8c1,c01bd70a,3f36872b,3f800000,1000,3f800000,1000,136499,130
3857,bf0370ce,3f617f63,404f03b0,3f00c49c,3cc590e0,24,3cc2c000,24,167415,160
3858,bf96238e,3e88f909,4115a162,3eb7ced9,00000000,0,00000000,0,139998,132
3859,3e12ad82,3f9422d1,4118205c,3f4d9168,00000000,0,00000000,0,137957,131
3860,3f830b39,3f9fd2f2,bf9fb15b,3e991687,3f800000,1000,3f800000,1000,135332,129
3861,4022d4d4,3f9e9b3d,bf918fc5,3f7374bc,3f800000,1000,3f800000,1000,135915,128
3862,bf286834,3f051c43,c0c0ab36,3f4f9db2,3f800000,1000,3f800000,1000,136790,130
3863,3fb4eee1,3fa29446,40f0c49c,3ced9168,3f800000,1000,3f800000,1000,135916,128
3864,3f3cb685,3f277803,bee56d5d,3f63126f,3f800000,1000,3f800000,1000,135915,129
3865,3fad23f6,3e5eab36,c0dc69ad,3ef020c5,3f800000,1000,3f800000,1000,136207,129
3866,3e113943,3faa2a30,bf7ff972,3e0624dd,3f800000,1000,3f800000,1000,137374,130
3867,bff49082,3edc68dc,3fee5604,3eeb851f,00000000,0,00000000,0,137082,129
3868,3fbc894c,3fba37b5,c0177b4a,3ead9168,3f800000,1000,3f800000,1000,135624,128
3869,400c8605,3f9d5cfb,4106a512,3f68f5c3,3f800000,1000,3f800000,1000,136791,130
3870,c018d552,bf01bf48,c119b3d0,3f65a1cb,3f25145c,645,3f254000,646,136207,129
3871,3eadb0de,3e42f1aa,bf7985f0,3f570a3d,3f644cb6,892,3f646000,892,137374,129
3872,c049e5f3,befe0f91,c10f3d08,3e1a9fbe,3d8db9d0,69,3d8f6000,70,135624,128
3873,bf1396d1,3dae1b09,40a86666,3f64dd2f,00000000,0,00000000,0,136207,129
3874,3eef544c,3f5dfa44,40611d15,3da7ef9e,3f487b34,783,3f486000,783,140874,133
3875,c03480c7,be996873,40de779a,3b03126f,00000000,0,00000000,0,137082,129
3876,3fa704ff,3f8f5d64,410badac,3ed3f7cf,3f800000,1000,3f800000,1000,136207,129
3877,c008f3cb,3c4710cb,406271de,3f23126f,00000000,0,00000000,0,137374,129
3878,c02f583a,bf33ed29,c0cc87fd,3f0dd2f2,00000000,0,00000000,0,135624,129
3879,3e489a02,3f840f91,bfc9652c,3df7ced9,3f800000,1000,3f800000,1000,136498,129
3880,bf010b63,bcbef9db,4107d8ae,3efe76c9,00000000,0,00000000,0,135040,128
3881,be86c765,3e930be1,41001d7e,3ec9374c,00000000,0,00000000,0,141165,133
3882,4000c597,3fcd7c1c,c0c723a3,3ebbe76d,3f800000,1000,3f800000,1000,138248,131
3883,3f9f2713,3ee5205c,4069ed29,3f39db23,3f800000,1000,3f800000,1000,137373,130
3884,bf390d5a,bf0db7e9,bf9f3eab,3efbe76d,00000000,0,00000000,0,137373,130
3885,3f1af252,be92e148,40877660,3f418937,3df6b4bc,120,3df60000,120,137082,129
3886,beab2181,bf1a92a3,c050432d,3f54fdf4,3f0595de,522,3f05a000,522,138248,131
3887,4001f0c3,3f864467,bf67c1be,3e428f5c,3f800000,1000,3f800000,1000,136790,129
3888,bf0edfa4,3f8cba5e,41111f8a,3ed60419,00000000,0,00000000,0,136498,129
3889,bf3753a4,bf10ecc0,c0a32b02,3b83126f,3f14855f,580,3f148000,580,137082,130
3890,40039629,3f8cf972,40e0c155,3f374bc7,3f800000,1000,3f800000,1000,136499,130
3891,c014c059,bf2315b5,c112288d,3f27ef9e,3f1158db,568,3f116000,568,136499,129
3892,3f85b185,3f983a2a,402ad5d0,3d3851ec,3f800000,1000,3f800000,1000,135332,128
3893,3f86b463,3fbb5048,c0bdf6fd,3f49ba5e,3f800000,1000,3f800000,1000,135332,128
3894,3fbef73c,3fac212d,4096f9db,3f54fdf4,3f800000,1000,3f800000,1000,136498,129
3895,bfc28eb4,3e282752,410fee63,3ef22d0e,00000000,0,00000000,0,137082,130
3896,3fceb075,3e854fdf,bdda511a,3e49ba5e,3f800000,1000,3f800000,1000,136790,130
3897,c01ef838,bde0b780,3fb1d14e,3f10e560,00000000,0,00000000,0,136790,130
3898,3e6f0ae5,3f96d7dc,4108b924,3f1374bc,00000000,0,00000000,0,137665,130
3899,bf8a49e4,3f1f19ce,c0ad59b4,3f0c8b44,3f800000,1000,3f800000,1000,137374,130
3900,bf30e94f,bdce353f,c113ce70,3f747ae1,3f800000,1000,3f800000,1000,136499,129
3901,3e4e0c9e,3f2636e3,41151aa0,3edf3b64,00000000,0,00000000,0,135916,129
3902,3fee555c,3fbb50b1,beb65fd9,3f03d70a,3f800000,1000,3f800000,1000,137374,130
3903,bef3be23,3f339653,404ced91,3f6353f8,00000000,0,00000000,0,135623,128
3904,bff3404f,3eab573f,c06c154d,3e76c8b4,3d71f25e,59,3d736000,59,135916,129
3905,3f7e7818,3f59d70a,c02be282,3eac0831,3f800000,1000,3f800000,1000,148165,140
3906,40306ec1,3f88837b,c11ffb7f,3e560419,3f800000,1000,3f800000,1000,141749,134
3907,3fc1e061,3faede01,c092f27c,3ed3f7cf,3f800000,1000,3f800000,1000,138832,131
3908,c03d20b0,bf00d35b,c00b3333,3f7c28f6,00000000,0,00000000,0,137665,130
3909,3ff7d2c8,3fa5c91d,411d9b3d,3f778d50,3f800000,1000,3f800000,1000,138540,131
3910,bf8faace,3ecf6fd2,3f59930c,3e8d4fdf,00000000,0,00000000,0,137082,130
3911,bf797785,3f06f838,400e2824,3f33b646,00000000,0,00000000,0,135623,128
3912,bf53dee8,3ea240b8,41102474,3f1a5e35,00000000,0,00000000,0,137082,130
3913,bf6628cc,3e802752,40a7d7dc,3ec00000,00000000,0,00000000,0,137082,130
3914,bec4302b,bf0e0d1b,40b5a36e,3f1851ec,00000000,0,00000000,0,135332,128
3915,3ee56abe,3fa32618,3f85fa44,3f7db22d,3f800000,1000,3f800000,1000,135624,128
3916,3e5ea897,3caf4f0e,c01159b4,3e29fbe7,3f3f5106,747,3f3f6000,748,135915,128
3917,3f46ca04,3facad43,c0cb1b71,3f0b020c,3f800000,1000,3f800000,1000,137373,130
3918,3f334acb,3f69cac1,409bd7dc,3f1ba5e3,3f6fc361,937,3f6f8000,936,137082,130
3919,3f8f6be3,3e3346dc,c100119d,3f2ccccd,3f800000,1000,3f800000,1000,135915,128
3920,bfd25edd,bd7bb2ff,40802eb2,3eb95810,00000000,0,00000000,0,136498,129
3921,bec0d456,bcbac711,c10b0275,3f6ccccd,3f800000,1000,3f800000,1000,137082,130
3922,bfdfbd27,bf3d7176,3fd2786c,3e92f1aa,00000000,0,00000000,0,135915,128
3923,3f8af2fa,3ea23a2a,c0c640b8,3ebbe76d,3f800000,1000,3f800000,1000,137374,130
3924,c011e109,bea6161e,bea45a1d,3e353f7d,00000000,0,00000000,0,137374,131
3925,3ff82c91,3ef10b0f,40f672b0,3d072b02,3f800000,1000,3f800000,1000,141165,133
3926,bf560568,3eba83e4,c0ac7d56,3edf3b64,3f719681,944,3f71a000,944,137082,130
3927,3f65ef20,3d956d5d,c0a85bc0,3ee04189,3f800000,1000,3f800000,1000,137665,130
3928,bf0d6cb5,beaa147b,3f7bd3c3,3ef7ced9,00000000,0,00000000,0,135916,129
3929,3f8b68f1,3f3a0831,40a6a162,3f62d0e5,3f800000,1000,3f800000,1000,156623,150
3930,3fa3bd7b,3f5d07c8,3f97ec57,3ed4fdf4,3f800000,1000,3f800000,1000,140290,132
3931,bd292a30,3f6e624e,c014bfb1,3f0147ae,3f800000,1000,3f800000,1000,136207,129
3932,3f42070c,3d201a37,c027c1be,3eae978d,3f800000,1000,3f800000,1000,135915,128
3933,c006708f,beff2474,c104da51,3e50e560,3ef82882,485,3ef84000,485,137082,129
3934,3d8be0df,3f3b97f6,3f8236e3,3e28f5c3,3f1a0802,602,3f1a0000,602,135624,128
3935,3e07c84b,3f91f2e5,bff36113,3f178d50,3f800000,1000,3f800000,1000,135624,128
3936,3fb5b76b,3f57a858,4118a8c1,3e4bc6a8,3f6d1c4f,926,3f6d0000,926,135916,129
3937,3f8090d6,bd30d845,c0a7758e,3eae978d,3f800000,1000,3f800000,1000,135332,128
3938,bf9b3919,bf315326,40995dcc,3ee56042,00000000,0,00000000,0,136498,129
3939,3d92641b,3f8c92a3,40f03afb,3ef3b646,00000000,0,00000000,0,135332,128
3940,be6dd053,3f7ca64c,bfe71aa0,3ef8d4fe,3f800000,1000,3f800000,1000,137665,130
3941,bfa7ec57,3f29c9ef,c0b5c91d,3b449ba6,3f7bdad3,984,3f7be000,984,135332,128
3942,3ef87e7c,3f6f6e2f,40da9518,3c656042,3e8774dc,265,3e870000,264,136499,129
3943,bf593dd9,befc902e,c1096944,3f1be76d,3f800000,1000,3f800000,1000,137082,130
3944,40079e5a,3f496e2f,bfd25461,3f441893,3f800000,1000,3f800000,1000,135915,129
3945,beb13be2,3f984674,c109c63f,3f4b851f,3f800000,1000,3f800000,1000,136791,129
3946,40293459,3f9df34d,c11d7a78,3f4e5604,3f800000,1000,3f800000,1000,135624,128
3947,bf1b2e9d,3f99a993,4065288d,3eed0e56,3e4beb8c,199,3e4b8000,199,136499,129
3948,bea0f12c,3f528312,c08ad014,3eef1aa0,3f800000,1000,3f800000,1000,136498,129
3949,bfd64ecf,3eff4f0e,c107147b,3f0f9db2,3f800000,1000,3f800000,1000,136498,130
3950,3e232f45,be87126f,c100147b,3e21cac1,3f800000,1000,3f800000,1000,136790,130
3951,3fa2f252,3f949ce0,4081096c,3d9374bc,3f800000,1000,3f800000,1000,135332,129
3952,c00a464a,bd804189,c048ded3,3f722d0e,00000000,0,00000000,0,135915,129
3953,bbbc169c,bd23126f,c0c70b0f,3f6e978d,3f800000,1000,3f800000,1000,142041,135
3954,3e1ad96a,3f5c3bcd,3facb924,3f5e353f,3f55b25a,835,3f55a000,834,137082,130
3955,bfb74f0e,becaa64c,401cb780,3f428f5c,00000000,0,00000000,0,135624,129
3956,3e4d9946,3f836a16,c1070069,3f49374c,3f800000,1000,3f800000,1000,136499,129
3957,c0334342,bf318ef3,c0c6786c,3d3c6a7f,00000000,0,00000000,0,137665,130
3958,3fa5b22d,3dcc3c9f,4103ebee,3efa5e35,3eb6fb10,357,3eb72000,358,135916,128
3959,3ee6e979,3e797f63,40e0161e,3e978d50,00000000,0,00000000,0,136791,130
3960,bf20d845,becce3bd,41025fd9,3e16872b,00000000,0,00000000,0,136499,130
3961,bef3cb3e,bcbc6a7f,40bc1e4f,3ef43958,00000000,0,00000000,0,138832,132
3962,3f50b4e1,3fc6a7f0,c1185810,3f53b646,3f800000,1000,3f800000,1000,136791,129
3963,c054432d,bf1d2546,c107bac7,3ec7ae14,00000000,0,00000000,0,137082,130
3964,4056c860,3fb03afb,4106da51,3f543958,3f800000,1000,3f800000,1000,135916,129
3965,3ffa32f4,3f80f9db,4084dfa4,3edcac08,3f800000,1000,3f800000,1000,137082,129
3966,c02f4d6a,be79b08a,4090b9f5,3f36872b,00000000,0,00000000,0,136791,130
3967,3fc62cba,3f40f694,40bedc5d,3eee978d,3f800000,1000,3f800000,1000,136207,129
3968,c057559b,bf30e2eb,be432ca5,3e3f7cee,00000000,0,00000000,0,136499,130
3969,bf94c63f,becbb98c,bf8896bc,3f13b646,00000000,0,00000000,0,136207,130
3970,c0204d55,bf3c25af,3fb8fc50,3eb53f7d,00000000,0,00000000,0,135624,129
3971,bd78769f,bf22adac,bfe56388,3e800000,3eacabc6,337,3eacc000,337,135915,128
3972,bf325700,3e8dad43,c03da027,3e7df3b6,3ef52af2,479,3ef52000,479,135332,128
3973,402cbf0a,3fc4a7f0,3e05bc02,3ef95810,3f800000,1000,3f800000,1000,136498,129
3974,be8c6bcf,3f8450b1,c0f35c29,3e818937,3f800000,1000,3f800000,1000,137665,130
3975,3d807dd4,bef2a4a9,c0cab368,3f3cac08,3f800000,1000,3f800000,1000,137082,130
3976,bfdd306a,bea9bf48,3e40d1b7,3f200000,00000000,0,00000000,0,132124,125
3977,3f627914,3f0dfd8b,c0455cfb,3f70a3d7,3f800000,1000,3f800000,1000,141165,134
3978,3f51172f,3f92df3b,411f05bc,3f6f9db2,3ed69193,419,3ed66000,419,137083,130
3979,3faf5643,3f316fd2,c03cc2f8,3f778d50,3f800000,1000,3f800000,1000,137082,129
3980,4041f06f,3fb58659,410eb296,3f395810,3f800000,1000,3f800000,1000,136207,129
3981,3e719503,3f0405bc,c0891f8a,3cd4fdf4,3f800000,1000,3f800000,1000,135040,128
3982,bf1f01b8,3f53dbf5,408c4189,3ddf3b64,00000000,0,00000000,0,135040,127
3983,3ffd12ec,3f720903,4037c9ef,3f041893,3f800000,1000,3f800000,1000,135916,129
3984,bee8b439,bf0e4674,c10b566d,3f4ed917,3f800000,1000,3f800000,1000,135332,128
3985,bdea0ba2,3fc2096c,406786c2,3ea04189,3f35127a,707,3f350000,707,134749,127
3986,c013dcf0,3c3a29c7,c0b739c1,3ec9374c,00000000,0,00000000,0,135624,128
3987,3f165e89,bd84a8c1,4025d639,3f283127,3ec40893,383,3ec3e000,383,135332,128
3988,bff2e3e7,bd91f8a1,3dcdd2f2,3e4ccccd,00000000,0,00000000,0,135624,128
3989,3fa7a6df,3fa0faad,c08ec49c,3f4e147b,3f800000,1000,3f800000,1000,137082,130
3990,3fcf4dbe,3f1084b6,40cefc50,3f5b22d1,3f800000,1000,3f800000,1000,137957,131
3991,3f08ac5c,be1243fe,41009518,3f7126e9,00000000,0,00000000,0,136790,129
3992,bfb297e1,3f14a64c,bec0b780,3f781062,3c1d95d0,10,3c19c000,9,135624,128
3993,3eab1705,bcda36e3,4096ebee,3e7ced91,00000000,0,00000000,0,135332,128
3994,3d926e98,be0e3bcd,bf5cc63f,3dfdf3b6,3e8fa872,281,3e8fa000,281,135333,128
3995,bc8b6d87,3f91a92a,3e6a161e,3ed0e560,3f800000,1000,3f800000,1000,135624,129
3996,3f869985,3f8da027,40b61ff3,3e020c4a,3f800000,1000,3f800000,1000,136499,129
3997,3ee99ae9,3fbb295f,c096bee0,3ef33333,3f800000,1000,3f800000,1000,135915,129
3998,4025a6b5,3f8f7f63,c10feecc,3f48b439,3f800000,1000,3f800000,1000,135332,128
3999,bf0a3ad2,3f840d84,40685bc0,3e8624dd,3d51bfa1,51,3d4ea000,50,134457,127
4000,3e90e7ff,3f9a9c0f,3fcd8adb,3f5851ec,3f800000,1000,3f800000,1000,136791,130
4001,c00de204,bee90e56,3e9404ea,3f3645a2,00000000,0,00000000,0,140582,133
4002,3b902de0,be88fc50,c02f7803,3ef74bc7,3f114963,568,3f116000,568,138832,131
4003,3eca47ed,3fa88937,c03cc63f,3f70e560,3f800000,1000,3f800000,1000,136499,129
4004,3f49ae92,3fcf367a,c1148c15,3f3e353f,3f800000,1000,3f800000,1000,135916,129
4005,bfdeec18,3d9d9e84,c08394af,3f224dd3,3cb45f90,22,3cb96000,23,136791,130
4006,3fb54c98,3f36c2f8,40f1a6b5,3f1e76c9,3f800000,1000,3f800000,1000,136207,128
4007,c030df7a,be6f5f70,3ecac083,3f56872b,00000000,0,00000000,0,134457,127
4008,3e85b424,3d7645a2,410fe426,3eaf1aa0,00000000,0,00000000,0,136498,130
4009,3ffb6651,3f0b7319,4108e8a7,3dc6a7f0,3f800000,1000,3f800000,1000,135916,129
4010,bf040f67,3ef8d014,c0db096c,3e22d0e5,3f800000,1000,3f800000,1000,135332,128
4011,bfeba3ec,3caeb1c4,40b288ce,3f347ae1,00000000,0,00000000,0,136499,129
4012,3da66128,3fa7e282,40964dd3,3cdd2f1b,3eed3499,463,3eed2000,463,138832,132
4013,bff60c9e,be03dd98,40b21062,3e989375,00000000,0,00000000,0,135041,127
4014,bed280f1,bf0c95ea,c0228a72,3f722d0e,3ebb7b6c,366,3ebb8000,366,136207,130
4015,40276a40,3f8248e9,40ab0a3d,3e0d4fdf,3f800000,1000,3f800000,1000,135332,128
4016,3f313166,3fbedd2f,c068779a,3de147ae,3f800000,1000,3f800000,1000,137082,131
4017,bfb67382,be5c0831,40bc48e9,3f3ced91,00000000,0,00000000,0,136207,129
4018,be9afe1e,3ea50cb3,4048b924,3ed6872b,00000000,0,00000000,0,136791,129
4019,bf25f84d,bf18ded3,c0e2075f,3f004189,3f800000,1000,3f800000,1000,135915,129
4020,3eef9097,3f226a7f,3fd3fe5d,3e0624dd,3f6a0c23,914,3f6a0000,914,135623,129
4021,bfb84966,3e7a6e98,c079013b,3f67ef9e,3e9f50aa,311,3e9f6000,311,135332,128
4022,c0225fd9,bf0958e2,c11e05bc,3f483127,3f1b7eb2,607,3f1ba000,608,135332,128
4023,3ed8e9f7,3f0927bb,3db67a10,3e010625,3f800000,1000,3f800000,1000,135916,129
4024,402d4856,3f8bb22d,411e6388,3e52f1aa,3f800000,1000,3f800000,1000,135624,128
4025,bf9b938a,3ed09eed,c0f9b3d0,3f5d70a4,3f800000,1000,3f800000,1000,166248,159
4026,c0616abe,bf2aa090,c0966b51,3dd2f1aa,00000000,0,00000000,0,139707,133
4027,c011028a,bf096bba,4119acda,3a83126f,00000000,0,00000000,0,137373,130
4028,402461a6,3f850903,c110d0e5,3f358106,3f800000,1000,3f800000,1000,137957,131
4029,c053a051,bf07e76d,4104b1c4,3ea0c49c,00000000,0,00000000,0,135624,129
4030,bff74c6e,3cc96bba,c083923a,3ef6c8b4,00000000,0,00000000,0,142332,134
4031,3f59df11,3fa4ce07,bf9e2b6b,3de76c8b,3f800000,1000,3f800000,1000,137082,130
4032,bfc02f30,3d913405,408012d7,3f73f7cf,00000000,0,00000000,0,136207,129
4033,c0387c85,bec80000,40b21cac,3f272b02,00000000,0,00000000,0,137374,130
4034,bd630015,bebadfa4,c10cc01a,3ec7ae14,3f800000,1000,3f800000,1000,135332,128
4035,3f845cbc,3e6cc2f8,408d2474,3ebd70a4,3f50c297,815,3f50c000,815,135624,129
4036,c0098890,be2bb646,c08d0069,3f6b4396,00000000,0,00000000,0,137082,131
4037,be20f909,be96fb7f,c11cdfa4,3e3b645a,3f800000,1000,3f800000,1000,136499,129
4038,bf19b520,3d641893,40f74120,3f7a1cac,00000000,0,00000000,0,137082,130
4039,c0160f3d,bf178a09,40960347,3d343958,00000000,0,00000000,0,135915,129
4040,bffd1a22,3e79a36e,4106ced9,3f0e978d,00000000,0,00000000,0,137374,130
4041,401f31e4,3f5a0000,400d26e9,3f6fdf3b,3f800000,1000,3f800000,1000,136207,129
4042,be6bce85,3ef7a787,40fe240b,3d03126f,00000000,0,00000000,0,135624,128
4043,3f0b6c37,be8fa787,bfa59168,3f3d70a4,3f800000,1000,3f800000,1000,136498,130
4044,bea9bf9c,bd7a36e3,c0c1d70a,3ef020c5,3f7dd1a2,991,3f7e0000,992,133874,128
4045,bf3db4cc,be8393de,bf901d7e,3eb53f7d,00000000,0,00000000,0,137374,130
4046,bfd6594b,3f008e8a,3f9e2824,3f69ba5e,00000000,0,00000000,0,136207,129
4047,bf9d2935,3f201ff3,c0c98e22,3d9374bc,3f800000,1000,3f800000,1000,135916,129
4048,bf8a0514,bec7b15b,c100089a,3f5fbe77,3f800000,1000,3f800000,1000,137082,130
4049,bf0b2fec,bf395e9e,c0e8bb99,3de56042,3f800000,1000,3f800000,1000,139999,133
4050,bdb7de94,3f48fec5,c1158d50,3f004189,3f800000,1000,3f800000,1000,137082,129
4051,3fd0d4fe,3f489e1b,bf389a02,3efdf3b6,3f800000,1000,3f800000,1000,134749,128
4052,3f91da7b,3eacf5c3,bffeab36,3d4ccccd,3f800000,1000,3f800000,1000,135624,129
4053,bebecaac,bee413a9,c0a19ce0,3f353f7d,3f5044f1,814,3f506000,814,138541,131
4054,c001b9b6,bf2ea4a9,40735254,3e072b02,00000000,0,00000000,0,137957,131
4055,40536a94,3fb26dc6,c112c0ec,3f7be76d,3f800000,1000,3f800000,1000,135916,129
4056,c026f2fa,bf270625,c0d11de7,3ece5604,00000000,0,00000000,0,137082,130
4057,3ffb6d87,3f8d4674,411a20c5,3f7f7cee,3f800000,1000,3f800000,1000,135624,129
4058,403ee782,3fb3816f,3fd73b64,3f333333,3f800000,1000,3f800000,1000,137083,130
4059,c03e501e,bf0d8d50,bfd3404f,3ebf7cee,00000000,0,00000000,0,135624,129
4060,3fd245f6,3f2d98c8,40bf6e2f,3f05a1cb,3f800000,1000,3f800000,1000,135332,128
4061,3fabe187,3f41d567,c103b50b,3f0bc6a8,3f800000,1000,3f800000,1000,135332,128
4062,3ee5a1cb,3fb6f213,40710481,3ede353f,3f800000,1000,3f800000,1000,135332,128
4063,3fa6f34d,3f33c84b,c0cc5461,3f69fbe7,3f800000,1000,3f800000,1000,136207,129
4064,bdcd898b,3f9e8e22,c07b7803,3f07ef9e,3f800000,1000,3f800000,1000,135915,129
4065,3e04ff43,bec27525,40a7b15b,3d8b4396,00000000,0,00000000,0,135040,128
4066,bf915e9e,3eade00d,c09ad5d0,3f218937,3f311c4c,692,3f314000,692,135332,128
4067,3f8374bc,3f98bfb1,408d27bb,3f19db23,3f800000,1000,3f800000,1000,136207,130
4068,405576de,3fbd3d08,bf90b439,3f20c49c,3f800000,1000,3f800000,1000,135332,128
4069,40490e02,3fb324dd,c1058034,3f3ba5e3,3f800000,1000,3f800000,1000,135332,128
4070,bf8a8c15,bf3a7a10,c0c78866,3f126e98,3f288b12,658,3f28a000,659,136498,129
4071,3f6a3d71,3d971de7,410ca5e3,3efae148,00000000,0,00000000,0,135332,129
4072,3f194af5,3f715a86,c0e0cccd,3f2b851f,3f800000,1000,3f800000,1000,136499,130
4073,3fd00d1b,3fa65879,bf533333,3f3eb852,3f800000,1000,3f800000,1000,142041,135
4074,bf13fa6e,3e07ae14,c1066c22,3efb645a,3f800000,1000,3f800000,1000,138832,132
4075,3e9e742a,3d667382,c04c3fe6,3f651eb8,3f800000,1000,3f800000,1000,136207,129
4076,404efe1e,3fcf3fe6,4076a7f0,3f7f7cee,3f800000,1000,3f800000,1000,136499,129
4077,402f396d,3f7a2268,411aa57a,3f4ac083,3f800000,1000,3f800000,1000,136207,128
4078,3f1e5365,3fcf5cfb,c05c9a02,3e83126f,3f800000,1000,3f800000,1000,135332,129
4079,3faaed14,3fa9816f,c11cf4f1,3f54fdf4,3f800000,1000,3f800000,1000,136207,129
4080,bf2132b5,bf28d42c,c0653a93,3def9db2,3eb91f31,362,3eb94000,362,136499,129
4081,c0064e7b,be81e69b,c0ac068e,3ef8d4fe,00000000,0,00000000,0,136207,128
4082,beabbc2c,3e848312,c119f4f1,3e46a7f0,3f800000,1000,3f800000,1000,135332,129
4083,bf2f1aa0,be8aa4a9,40b7b15b,3f343958,00000000,0,00000000,0,136498,130
4084,3f9ed677,3f59a36e,c068d6a1,3e92f1aa,3f800000,1000,3f800000,1000,134748,128
4085,3e9ce5b4,3e991b71,c0982752,3f4f1aa0,3f800000,1000,3f800000,1000,135332,128
4086,3ef28b6e,3e543fe6,41058e8a,3e1cac08,00000000,0,00000000,0,136499,129
4087,c0360419,bf322a99,40202268,3cd4fdf4,00000000,0,00000000,0,135916,129
4088,bf1855da,3f529518,c0c0ca58,3f516873,3f800000,1000,3f800000,1000,135915,128
4089,c002670e,befa1b09,bfd4d6a1,3f0d9168,00000000,0,00000000,0,137374,130
4090,c00c8af0,3d34f0d8,40cd6a16,3ef020c5,00000000,0,00000000,0,135915,129
4091,3f9305fb,3fbedd98,40dadd2f,3f16872b,3f800000,1000,3f800000,1000,137374,130
4092,befdbf48,bef2fb7f,40e4ebee,3ed6872b,00000000,0,00000000,0,136790,129
4093,402666ba,3fc70b0f,be875254,3f076c8b,3f800000,1000,3f800000,1000,135624,129
4094,bf27121b,3f1938ef,40ca2268,3f62d0e5,00000000,0,00000000,0,135916,128
4095,3e4fa58f,3f43f213,40a06c22,3ed47ae1,3de49364,112,3de4a000,112,135916,129
4096,401c9cf5,3f513eab,40dc44d0,3f7b22d1,3f800000,1000,3f800000,1000,134749,128
4097,bfb2c083,bf2a2752,3f1ff972,3f208312,00000000,0,00000000,0,194831,187
4098,3fd7fac2,3f349100,c02ed0e5,3f42d0e5,3f800000,1000,3f800000,1000,142624,135
4099,3d9a6b51,bda1c433,c024a234,3f5645a2,3f2a2d31,665,3f2a2000,665,137082,130
4100,404a877f,3fa7a7f0,c04600d2,3e4ccccd,3f800000,1000,3f800000,1000,135332,128
4101,3d32aae3,3fb1cb92,410dfcb9,3e851eb8,00000000,0,00000000,0,136208,128
4102,3f7cf030,3f2f0553,c08a6e98,3e8a3d71,3f800000,1000,3f800000,1000,135915,129
4103,4018b4e1,3f71c01a,41188fc5,3d8b4396,3f800000,1000,3f800000,1000,135915,128
4104,3fb41dd2,3ebed5d0,c037923a,3eec8b44,3f800000,1000,3f800000,1000,135624,129
4105,bf6ba1f5,bf296e2f,411f1340,3f4f5c29,00000000,0,00000000,0,135915,128
4106,bf0aa3ad,3f19a29c,c014902e,3db851ec,3f37576d,716,3f376000,716,135915,129
4107,3f74894c,3fc87732,4116d014,3ebef9db,3f800000,1000,3f800000,1000,136499,129
4108,3f1bc7f7,3f8d6d5d,c1134a8c,3dac0831,3f800000,1000,3f800000,1000,136499,130
4109,3f0284e0,be4a95ea,40d1573f,3f7851ec,00000000,0,00000000,0,137082,129
4110,3ed53cde,3f245461,c0d283e4,3f578d50,3f800000,1000,3f800000,1000,136207,129
4111,bfcd7fb7,bc5e9e1b,40fcaf4f,3e2c0831,00000000,0,00000000,0,136498,129
4112,40512546,3fab7bb3,c0a1758e,3f1f7cee,3f800000,1000,3f800000,1000,135040,128
4113,3f7fd36f,3f82a64c,40ef096c,3e158106,3f686333,908,3f684000,907,135915,129
4114,3e97cc3a,3d33c361,bec7ae14,3d5d2f1b,3f0540fb,521,3f054000,521,137082,130
4115,404c0c74,3fa1126f,40e8ef35,3ea7ef9e,3f800000,1000,3f800000,1000,136207,129
4116,bfd888f8,bf336f00,400f3b64,3f6ed917,00000000,0,00000000,0,135916,128
4117,be00ad04,3f72f5c3,3e3a43fe,3e3e76c9,3f4c1444,797,3f4c2000,797,135332,128
4118,bf98adac,bdc6809d,c0c76a16,3db851ec,3f0de6ff,554,3f0e0000,555,135041,128
4119,3ef10f52,3f126666,c100ea4b,3be56042,3f800000,1000,3f800000,1000,135624,129
4120,40183127,3fb631f9,40bd6e2f,3f1cac08,3f800000,1000,3f800000,1000,135624,128
4121,3fae5c92,3e0e45a2,c0b97660,3e4bc6a8,3f800000,1000,3f800000,1000,139999,134
4122,3fb11c6d,3fb896bc,c0f8a4a9,3f778d50,3f800000,1000,3f800000,1000,137082,130
4123,3fd5f7a5,3f9f9ce0,c11f7bb3,3eee978d,3f800000,1000,3f800000,1000,136498,130
4124,c019e061,bf0a8312,3fd4d014,3eb2b021,00000000,0,00000000,0,135332,128
4125,be843569,3f086595,411f6a16,3f5c6a7f,00000000,0,00000000,0,136499,129
4126,3de7ab75,bc51b717,41021aa0,3ea45a1d,00000000,0,00000000,0,136207,129
4127,3f55f1bf,3f4a624e,40c16d5d,3ebd70a4,3f44547b,767,3f446000,767,135916,129
4128,bee216c6,bf1a3fe6,c1111ff3,3da7ef9e,3f800000,1000,3f800000,1000,136499,129
4129,bebeb852,3f744745,c0def909,3e70a3d7,3f800000,1000,3f800000,1000,135624,128
4130,bfc5a3c2,bed13a93,40b51d15,3eab851f,00000000,0,00000000,0,135915,129
4131,3f859a95,3fb76f00,40f2a57a,3f66a7f0,3f800000,1000,3f800000,1000,135332,129
4132,40252b80,3f9a212d,c0463bcd,3f774bc7,3f800000,1000,3f800000,1000,135623,129
4133,3f8f5a32,3f15fbe7,40a11eb8,3eb9db23,3f800000,1000,3f800000,1000,135623,128
4134,bee19e30,be7b645a,c0b66dc6,3ea24dd3,3f5b8738,858,3f5b8000,857,135915,129
4135,3fd4f80e,3fa22b6b,3bd844d0,3e1a9fbe,3f800000,1000,3f800000,1000,135916,129
4136,bfe6e393,bf2d3c36,40919653,3f12b021,00000000,0,00000000,0,139707,131
4137,c00b7b9e,beea9e1b,c085c6a8,3e3851ec,00000000,0,00000000,0,136791,129
4138,3f9b8e4c,3f4fe5c9,410e64c3,3ba3d70a,3f3ab51b,729,3f3a6000,728,136207,129
4139,c01dd3ed,be98d35b,c107be77,3f5b645a,3eccb14b,400,3eccc000,400,135332,129
4140,3f3a36e3,3e547ae1,c05d26e9,3f522d0e,3f800000,1000,3f800000,1000,135916,128
4141,beabfdb5,be972fec,c0e9f06f,3ef851ec,3f800000,1000,3f800000,1000,136207,129
4142,bfa1a8ac,bde16873,c0ea161e,3f6a3d71,3f4bf833,797,3f4c2000,797,135333,128
4143,3f053b8e,3f0af838,c0e5e910,3e5c28f6,3f800000,1000,3f800000,1000,136498,129
4144,3f0ceee1,3fb95d64,3ed9652c,3f4a7efa,3f800000,1000,3f800000,1000,135624,129
4145,3f239820,3f0c6cf4,c0005a1d,00000000,3f800000,1000,3f800000,1000,142040,135
4146,40424b88,3fafef9e,c1018d50,3c8b4396,3f800000,1000,3f800000,1000,138541,131
4147,3f9d9946,3f8b6666,bf92c3ca,3f4fdf3b,3f800000,1000,3f800000,1000,136499,129
4148,c0216b66,bd8068dc,c0ca75f7,3ea1cac1,00000000,0,00000000,0,135916,128
4149,c0124c83,3e32e48f,4071ff2e,3e4bc6a8,00000000,0,00000000,0,136790,130
4150,3fd94079,3f3a3055,40ca793e,3edb22d1,3f800000,1000,3f800000,1000,135916,128
4151,c0246e1a,be9c4ea5,c0f87a10,3f522d0e,3e5c560e,215,3e5d4000,216,135915,129
4152,bd73b646,bf006dc6,40726e98,3f4e5604,00000000,0,00000000,0,136207,129
4153,3e15f99c,3edeeb1c,c0dbdf3b,3f7c6a7f,3f800000,1000,3f800000,1000,136499,129
4154,bd1320da,be96e7d5,3fea680a,3e03126f,00000000,0,00000000,0,135332,128
4155,3ffed139,3fbede6a,c0fe617c,3f54fdf4,3f800000,1000,3f800000,1000,135332,129
4156,3f7251c2,bc9930be,3ee85879,3ece5604,3f800000,1000,3f800000,1000,136499,130
4157,be121577,3f7a5604,3ff20275,3f666666,3f141415,578,3f140000,578,135332,128
4158,3e904ab6,be44c986,40945fd9,3ebbe76d,00000000,0,00000000,0,134749,128
4159,bfa8f7ba,bddcac08,bf855cfb,3f2c49ba,00000000,0,00000000,0,134749,128
4160,3e2de54b,3d9e703b,c02df55a,3dc28f5c,3f4f2479,809,3f4f4000,810,135332,128
4161,bf9b890d,bf03e0df,c0e1f488,3ea56042,3f373a9b,716,3f376000,716,135915,129
4162,3fe669ad,3f3d50b1,41078794,3e947ae1,3f800000,1000,3f800000,1000,135915,128
4163,be2a4fca,3fc1c49c,c097edfa,3f5ae148,3f800000,1000,3f800000,1000,136499,129
4164,bf6136a4,3f3afc50,411cdcc6,3f46a7f0,00000000,0,00000000,0,136207,129
4165,bfdec56d,3d103afb,c0badfa4,3ecccccd,3e8b9979,273,3e8bc000,273,136790,129
4166,be6defc8,3fa82d77,beb3f7cf,3e49ba5e,3f800000,1000,3f800000,1000,135332,128
4167,bfef2f98,3e63da51,c1061aa0,3e810625,3f51df28,820,3f522000,821,135332,128
4168,bdc8a9bd,3f6492a3,411b7efa,3e27ef9e,00000000,0,00000000,0,135624,128
4169,c0239820,bf34e2eb,c0e98adb,3f439581,3e0729fe,132,3e072000,132,171499,164
4170,bfadf655,be75844d,c0d34fdf,3f4ac083,3f1bb8e4,608,3f1ba000,608,140873,133
4171,c01c2f83,be81aee6,bffb2fec,3e9eb852,00000000,0,00000000,0,137082,130
4172,3f82aa3b,3f4dfa44,4038aa65,3e1eb852,3f800000,1000,3f800000,1000,137374,130
4173,40588d8f,3fc3ef9e,40084b5e,3ea1cac1,3f800000,1000,3f800000,1000,137374,130
4174,c03e9058,bed8c2f8,408b42c4,3eae147b,00000000,0,00000000,0,135624,129
4175,be3ddebe,be096873,405ccccd,3f5df3b6,00000000,0,00000000,0,135624,129
4176,3e1e0b4e,3ee93f7d,bfec3c9f,3e851eb8,3f7d25b0,989,3f7d2000,989,135332,129
4177,3b6fdc9c,3eecfc50,c054cccd,3ef4bc6a,3f800000,1000,3f800000,1000,135916,129
4178,3fcf34d7,3f5e13a9,4091ced9,3e841893,3f800000,1000,3f800000,1000,136499,129
4179,3edb22d1,bec119ce,c11ff27c,3f7a5e35,3f800000,1000,3f800000,1000,135040,127
4180,3daf2f98,bddc5048,c0738bac,3f68f5c3,3f683c8e,907,3f684000,907,136790,130
4181,3f33d9a9,3fa1b50b,4113a993,3ee3d70a,3ee83eb8,454,3ee84000,454,135624,130
4182,bf352696,3f04793e,c07de9e2,3f4b020c,3f6ce3b5,925,3f6ce000,925,136207,129
4183,bf899503,3f1a7c85,c0a6a4a9,3f56872b,3f800000,1000,3f800000,1000,137665,130
4184,3f9ed7c7,3f054e3c,c10c404f,3ed6872b,3f800000,1000,3f800000,1000,136498,129
4185,3fa62eb2,3e22b9f5,c10fe76d,3ee04189,3f800000,1000,3f800000,1000,136499,129
4186,400a6bf8,3f515cfb,410c6c8b,3f3fbe77,3f800000,1000,3f800000,1000,135624,128
4187,3fb10236,3e3c5048,bfa7e910,3f020c4a,3f800000,1000,3f800000,1000,136499,129
4188,becd2b2c,3f185c92,c11461e5,3e94fdf4,3f800000,1000,3f800000,1000,136499,130
4189,400782d4,3fbf3a93,c0d6dc5d,3e78d4fe,3f800000,1000,3f800000,1000,135332,128
4190,3f5efdca,3bf559b4,c054b296,3f639581,3f800000,1000,3f800000,1000,136207,129
4191,c037a051,be9d5183,3f15c91d,3ee978d5,00000000,0,00000000,0,135915,128
4192,3ff63737,3f91cb92,c09f9f56,3f0fdf3b,3f800000,1000,3f800000,1000,136207,129
4193,bf58f5c3,beff22d1,3fd43611,3d1374bc,00000000,0,00000000,0,137665,130
4194,3fd3f3e0,3f2249ba,4106b1c4,3f4d0e56,3f800000,1000,3f800000,1000,138249,131
4195,bf158f71,3edd38ef,c0936113,3f672b02,3f800000,1000,3f800000,1000,135624,128
4196,c019906d,bf3dced9,c026fd22,3f147ae1,00000000,0,00000000,0,135041,128
4197,bfabc600,3f373d08,409b50b1,3eb2b021,00000000,0,00000000,0,137082,130
4198,bf95b22d,3f0f1412,40e4c155,3f6b020c,00000000,0,00000000,0,138249,131
4199,bfaacf96,bf330e56,c0fec986,3f010625,3f561ae8,836,3f564000,837,135623,128
4200,bd6caab9,3f5b0b0f,c06d4952,3efd70a4,3f800000,1000,3f800000,1000,135623,128
4201,3f835a86,3f39e69b,40ea3a2a,3f591687,3f465f26,775,3f464000,774,137665,130
4202,3eb4b9cb,3f7cc227,41078241,3ec51eb8,00000000,0,00000000,0,135916,129
4203,3dc6002a,becf10cb,c0dc63f1,3ed47ae1,3f800000,1000,3f800000,1000,135915,129
4204,bf79a177,3db8bac7,40c5c28f,3f0f5c29,00000000,0,00000000,0,136207,130
4205,405619b9,3fc9a512,bff9d7dc,3f526e98,3f800000,1000,3f800000,1000,135332,128
4206,3ed150db,be5f6944,41144539,3eba5e35,00000000,0,00000000,0,136498,129
4207,bf409aaa,bf0e1f21,c05793de,3f600000,3eacde1c,338,3ead0000,338,135916,129
4208,4053cb92,3fb26b51,c0323055,3f5020c5,3f800000,1000,3f800000,1000,136207,129
4209,bfc30be1,3f058fc5,bf1809d5,3dd70a3d,00000000,0,00000000,0,135332,128
4210,c02796d1,be9e6666,c10e0625,3ea9fbe7,3eaef0af,342,3eaee000,342,135624,129
4211,3e891538,beba339c,3f8d70a4,3e89374c,3e48aa44,196,3e48a000,196,137374,130
4212,be7458cd,3f85645a,c03fec57,3d2c0831,3f800000,1000,3f800000,1000,135624,128
4213,3f70f51b,3f138fc5,c11741f2,3f66e979,3f800000,1000,3f800000,1000,136499,129
4214,c05ef545,bf2586c2,c0e36d5d,3d48b439,00000000,0,00000000,0,136207,129
4215,3ea62a1b,3dd4fdf4,40e90481,3f73f7cf,00000000,0,00000000,0,135624,129
4216,be9b2d4d,3ea99168,c02ad5d0,3e6e978d,3f2b98f6,670,3f2bc000,671,137957,131
4217,3f01c433,3fc124dd,c0ade4f7,3f1b22d1,3f800000,1000,3f800000,1000,139415,131
4218,3ff6d5d0,3faa460b,c086f27c,3f439581,3f800000,1000,3f800000,1000,138540,131
4219,bf29ae92,3e2c2c3d,410a64c3,3f7020c5,00000000,0,00000000,0,137665,130
4220,400af933,3f4d9ce0,c0b7a9fc,3ef851ec,3f800000,1000,3f800000,1000,137082,130
4221,bfb035bd,3f2f50b1,bfea4745,3f5eb852,3eba9caa,364,3ebaa000,365,135915,129
4222,bebdcc64,3f3b7c1c,bea50481,3e0624dd,3f109ca5,565,3f10a000,565,136207,130
4223,bf3c169c,bf0f8bac,c0da68dc,3ef1a9fc,3f6dab3d,928,3f6dc000,929,135916,129
4224,40092d23,3f6e4745,c0d9e00d,3f3db22d,3f800000,1000,3f800000,1000,136791,130
4225,3de833c6,3f434539,3f0068dc,3f4e147b,3f58172b,844,3f580000,844,135041,128
4226,bf23fe5d,3f133b64,410387fd,3ed81062,00000000,0,00000000,0,136207,129
4227,bf38811b,3f76e632,c0fbc9ef,3ef95810,3f800000,1000,3f800000,1000,137082,130
4228,bea5b6c3,3f8dc6a8,40db97f6,3ef020c5,00000000,0,00000000,0,135915,129
4229,3fcbc7f7,3fa61965,3e9a0275,3f4ed917,3f800000,1000,3f800000,1000,135916,128
4230,bfda0f91,3e12e48f,c016cf42,3f76872b,00000000,0,00000000,0,137374,130
4231,bf550481,3e831de7,410ee910,3d1fbe77,00000000,0,00000000,0,136498,129
4232,bce9f6a9,3d8a9fbe,41198db9,3ddb22d1,00000000,0,00000000,0,136499,130
4233,3eb38716,3fad8b44,40976a16,3ef645a2,3f647814,892,3f644000,892,135915,129
4234,3e998c7e,3f8e1c43,40f578d5,3eae978d,3d7f9af1,62,3d7c8000,62,137083,130
4235,c03701b8,be5ed289,c038779a,3ec00000,00000000,0,00000000,0,135915,129
4236,3db46349,bd6db8bb,c0cbef9e,3f3eb852,3f800000,1000,3f800000,1000,136207,129
4237,bf88afa3,3f403a2a,4110c77a,3f195810,00000000,0,00000000,0,136790,129
4238,bfa31077,3f04d9e8,4036cbfb,3f5a1cac,00000000,0,00000000,0,134749,128
4239,40002b95,3f55f8a1,c0ac7fcc,3ebe76c9,3f800000,1000,3f800000,1000,135624,129
4240,3d6c17ec,3e2e353f,c084f5c3,3f595810,3f800000,1000,3f800000,1000,136207,129
4241,bf5dd1a2,3f0cae7d,c0e29e1b,3f6e978d,3f800000,1000,3f800000,1000,169165,160
4242,403d09c0,3fcafb16,410e7660,3f4b851f,3f800000,1000,3f800000,1000,142332,134
4243,3e75696e,3fc3f9db,c06e0903,3f6353f8,3f800000,1000,3f800000,1000,137957,130
4244,3fed4aa1,3f149518,c00813a9,3f4e5604,3f800000,1000,3f800000,1000,136790,129
4245,3fce7dfe,3fb35e35,c11148e9,3f0c0831,3f800000,1000,3f800000,1000,137665,131
4246,bfb1c0ec,be9ec083,404ae7d5,3ee353f8,00000000,0,00000000,0,137082,130
4247,c01e0bf6,be39c433,c0284ea5,3f6b020c,00000000,0,00000000,0,135623,128
4248,3f0cfaad,beb1a36e,3ffe0ded,3f6353f8,3eef5513,467,3eef6000,468,136791,130
4249,c0360fe4,bee15b57,c0b6dfa4,3ecac083,00000000,0,00000000,0,136499,130
4250,3ec4dfce,3e2c1893,3e19e83e,3ddf3b64,3f27aca7,655,3f27a000,655,137665,130
4251,bf5b6c37,bf188e8a,40f750b1,3f1020c5,00000000,0,00000000,0,136498,129
4252,bf8a88ce,3ddd288d,40ed70a4,3f6f1aa0,00000000,0,00000000,0,135916,128
4253,3d55f99c,becf1759,40a4b0f2,3f41cac1,00000000,0,00000000,0,135624,129
4254,c006dea9,be7c4d01,40698106,3f760419,00000000,0,00000000,0,137374,130
4255,3f2a9004,3f1f1412,408c9c78,3e6f9db2,3f2d883a,678,3f2d8000,678,137082,130
4256,bfd13b3a,3d310cb3,40c9f06f,3f4b4396,00000000,0,00000000,0,136207,129
4257,3faf3e03,3f48ac08,bd597f63,3f6a7efa,3f800000,1000,3f800000,1000,136207,129
4258,bd733871,bf13eab3,c07f2e49,3f35c28f,3f476cf0,779,3f476000,779,135332,128
4259,402da858,3f9a182b,40bae076,3f4fdf3b,3f800000,1000,3f800000,1000,136207,129
4260,40388e8a,3f8c5cfb,c0ad66cf,3f08b439,3f800000,1000,3f800000,1000,137666,131
4261,bfa17a25,3e80f0d8,4111b08a,3e09374c,00000000,0,00000000,0,135915,129
4262,bf1aceee,3da5dcc6,3f92339c,3e49ba5e,00000000,0,00000000,0,135624,129
4263,bfc13554,be9bb646,bf5e4f76,3ebe76c9,00000000,0,00000000,0,136207,129
4264,3f8e8534,3fbf5048,40fbcb92,3e851eb8,3f800000,1000,3f800000,1000,137082,130
4265,402068dc,3f5fbf48,c1054d6a,3f122d0e,3f800000,1000,3f800000,1000,137373,130
4266,beca03c5,3fae793e,c0c8fd22,3e5c28f6,3f800000,1000,3f800000,1000,137082,129
4267,bf069ad4,3f137732,bed0a3d7,3f220c4a,3ed309c0,412,3ed30000,412,135624,129
4268,c02566cf,be8a5604,40e03d71,3ed70a3d,00000000,0,00000000,0,135916,129
4269,3f91dc72,3e2ce076,406f089a,3f204189,3f800000,1000,3f800000,1000,136498,129
4270,c0322531,bebfb98c,c09be426,3d449ba6,00000000,0,00000000,0,135332,128
4271,bcff9724,3f7a353f,40a19db2,3efbe76d,3cc5d0e2,24,3cc38000,24,135915,128
4272,bf607896,bdf075f7,bf21e4f7,3ec6a7f0,00000000,0,00000000,0,135332,128
4273,3fc91687,3edfc84b,c0dc9ad4,3f5d2f1b,3f800000,1000,3f800000,1000,136499,130
4274,3f2bf5d8,3f297dbf,c108ca58,3e4dd2f2,3f800000,1000,3f800000,1000,136207,129
4275,bf177d95,3f536d5d,c082fdf4,3f65e354,3f800000,1000,3f800000,1000,135332,128
4276,bea6c4c6,3e811eb8,3f17e282,3f68f5c3,3d8be898,68,3d8be000,68,135916,129
4277,bff497b7,bd083127,bf8617c2,3eb7ced9,00000000,0,00000000,0,136790,130
4278,4039acef,3fcdadac,c108b5dd,3f578d50,3f800000,1000,3f800000,1000,135915,129
4279,3f8e9100,3fa6cccd,40e9d2f2,3f5db22d,3f800000,1000,3f800000,1000,136498,129
4280,3f9db963,3fc257a8,405bb2ff,3f0b4396,3f800000,1000,3f800000,1000,135915,129
4281,3ff5cdb3,3f98ed29,40c1e354,3f5ba5e3,3f800000,1000,3f800000,1000,135624,128
4282,bf6b9a17,3f80dcc6,3f5985f0,3f760419,3ed17003,409,3ed16000,409,135915,129
4283,3d9d53ce,3f3c12d7,40aee560,3f781062,00000000,0,00000000,0,136791,129
4284,bfd3458d,3ea44d01,c1003c36,3f3a5e35,3f7fbce3,999,3f7fe000,1000,136499,129
4285,3ff0beb6,3fc1b924,c02645a2,3f620c4a,3f800000,1000,3f800000,1000,136207,130
4286,c046f88c,bef2a7f0,40807e28,3e76c8b4,00000000,0,00000000,0,135915,129
4287,3f52aed1,3de40b78,c0607e28,3f604189,3f800000,1000,3f800000,1000,138249,131
4288,be861a61,bf2ae560,405c3c9f,3eb851ec,00000000,0,00000000,0,137374,131
4289,bfdad96a,bf3e4a8c,40d72d77,3f283127,00000000,0,00000000,0,138832,131
4290,3f54577e,3f59c5d6,bd8ef34d,3f19999a,3f800000,1000,3f800000,1000,138832,132
4291,3fc024b3,3fc6a440,40c1e69b,3f70624e,3f800000,1000,3f800000,1000,136498,129
4292,3f08b439,3f786b51,401507c8,3ef851ec,3f800000,1000,3f800000,1000,136498,129
4293,3f7c8de3,3f7f9a6b,be039581,3f6d4fdf,3f800000,1000,3f800000,1000,135624,129
4294,beac6bcf,3ee71412,bfc1758e,3f210625,3f17bf6a,593,3f17c000,593,135332,128
4295,c0562b17,bf2005bc,409c5d64,3f228f5c,00000000,0,00000000,0,136499,129
4296,3f4c52e7,3f858f5c,3e373190,3f3c28f6,3f800000,1000,3f800000,1000,135915,129
4297,404bb0b4,3fc5f5c3,4080ce70,3f49374c,3f800000,1000,3f800000,1000,135624,128
4298,be9381d8,3f2bdcc6,41154d01,3e3a5e35,00000000,0,00000000,0,135916,129
4299,bf8f4539,3d8e2824,3f69c77a,3c343958,00000000,0,00000000,0,136499,129
4300,3ebc9470,3fbb68dc,c02ef34d,3e978d50,3f800000,1000,3f800000,1000,136790,129
4301,3fe01062,3f3dd567,c114a234,3f000000,3f800000,1000,3f800000,1000,135624,129
4302,c03fc116,bf138937,3fc147ae,3f51eb85,00000000,0,00000000,0,136499,130
4303,3e70f27c,3fb67319,bf21bda5,3f3f7cee,3f800000,1000,3f800000,1000,136207,129
4304,3ff95d4f,3f9818fc,40c0a234,3e591687,3f800000,1000,3f800000,1000,136207,129
4305,c01b6a94,bdfde69b,c118daba,3f7374bc,3f1eda89,621,3f1f2000,622,137374,130
4306,bf074688,3f1851ec,c07bef9e,3ef9db23,3f800000,1000,3f800000,1000,136499,130
4307,3fb0cc79,3edc37b5,40835a86,3f008312,3f800000,1000,3f800000,1000,135624,129
4308,bfc47a3a,bee135a8,c0794af5,3ee3d70a,00000000,0,00000000,0,136207,129
4309,c01be187,bebf3eab,404fe0df,3f6f9db2,00000000,0,00000000,0,135041,128
4310,beee6afd,3f00161e,4080594b,3ddb22d1,00000000,0,00000000,0,136790,129
4311,4044764b,3fae86c2,c0c27454,3f30e560,3f800000,1000,3f800000,1000,136207,129
4312,bf1dc1e8,bed119ce,40e00275,3e6353f8,00000000,0,00000000,0,136790,130
4313,403909c0,3fb5f7cf,c0587ae1,3e8e5604,3f800000,1000,3f800000,1000,142624,135
4314,bf77f23d,3ea92a30,c09a37b5,3f5f7cee,3f49b175,788,3f49c000,788,139707,133
4315,c00aff19,bea47e28,40bf7247,3e5d2f1b,00000000,0,00000000,0,137957,130
4316,4007c409,3f8165fe,411bcd36,3f758106,3f800000,1000,3f800000,1000,135916,129
4317,3c2e5365,3eb7a787,40628a72,3e666666,00000000,0,00000000,0,135916,129
4318,c0094fdf,3d815b57,40e14c98,3f19999a,00000000,0,00000000,0,135332,129
4319,bf61ac9b,bf08f41f,c104809d,3f076c8b,3f800000,1000,3f800000,1000,136498,129
4320,bea4577e,bf2d65fe,c0cb089a,3e624dd3,3f800000,1000,3f800000,1000,135915,128
4321,3fd478ea,3f416fd2,c05161e5,3ea1cac1,3f800000,1000,3f800000,1000,136499,129
4322,bea9e1b1,3fac1de7,402c2de0,3e88b439,3f1b5376,607,3f1b4000,606,136499,129
4323,bf9656ac,bdc7f62b,40152546,3f30e560,00000000,0,00000000,0,135916,129
4324,c0018d7a,3e6d3c36,c101d639,3f26e979,3f3e038c,742,3f3e6000,744,134748,129
4325,3ea9ca19,be2b74bc,3f99e4f7,3e25e354,3e8074eb,251,3e806000,251,136207,129
4326,3f0ae686,3fb34817,be9e00d2,3eb8d4fe,3f800000,1000,3f800000,1000,137374,130
4327,3ea4a8c1,3f595e9e,c0c460aa,3f147ae1,3f800000,1000,3f800000,1000,135915,128
4328,c0554270,befe0f91,40cdf213,3f6e978d,00000000,0,00000000,0,136499,129
4329,3fc66905,3f41a9fc,40474a23,3f4b4396,3f800000,1000,3f800000,1000,135915,128
4330,bff9b3d0,3eabc9ef,402921ff,3e3645a2,00000000,0,00000000,0,136790,130
4331,4015f506,3f790625,40a6786c,3f743958,3f800000,1000,3f800000,1000,135332,128
4332,bfaa3f68,be2cd9e8,40c5e9e2,3eed9168,00000000,0,00000000,0,135624,128
4333,3d2b7564,3f894fdf,bfb5e354,3f760419,3f800000,1000,3f800000,1000,135332,128
4334,bf1363b2,3e00f5c3,410435a8,3f4ac083,00000000,0,00000000,0,135916,128
4335,40050e56,3fa5ae7d,c07bd07d,3e8b4396,3f800000,1000,3f800000,1000,137374,130
4336,bfd198f2,3d77a787,c0894e3c,3f760419,3dfe32c4,124,3dfdc000,124,137373,130
4337,3fce5fd9,3f7fdbf5,c10546dc,3dcac083,3f800000,1000,3f800000,1000,165665,159
4338,3f307dd4,3e9ebee0,c06d1340,3e570a3d,3f800000,1000,3f800000,1000,140874,133
4339,3fb628cc,3f1cd289,3fa03127,3e126e98,3f800000,1000,3f800000,1000,136790,129
4340,bea9ccb8,3f03bf48,c03e6666,3f3df3b6,3f6d5364,927,3f6d6000,927,135915,128
4341,404e34ec,3fb679a7,c0f2de01,3c75c28f,3f800000,1000,3f800000,1000,136207,129
4342,3f6dacef,3f88a305,40ada858,3f5e353f,3f800000,1000,3f800000,1000,135332,128
4343,40246983,3fc71d15,bf081062,3f43d70a,3f800000,1000,3f800000,1000,135915,128
4344,bd913405,3fc2d8ae,c11139c1,3f716873,3f800000,1000,3f800000,1000,136499,129
4345,bee2c12b,3e06703b,c063fcb9,3f722d0e,3f270c63,653,3f272000,653,135332,128
4346,c0078b05,bf2076c9,40bb8c7e,3f483127,00000000,0,00000000,0,135624,128
4347,4044ba1f,3fba240b,c09da1cb,3e041893,3f800000,1000,3f800000,1000,143207,135
4348,bd2fb7e9,bf31bda5,c03d7732,3eac0831,3f10a548,565,3f10c000,565,138540,132
4349,c01ecfea,bf03d7dc,c01acf42,3f4353f8,00000000,0,00000000,0,137666,131
4350,40079e5a,3fc16b51,c101a6b5,3f056042,3f800000,1000,3f800000,1000,135040,128
4351,bfaf6a94,3e740b78,c0f5b08a,3ea76c8b,3f76c72c,964,3f770000,965,136207,129
4352,bef38c54,3f3cbb99,40c0ca58,3ecb4396,00000000,0,00000000,0,135332,128
4353,bea72b02,3eb5cc64,3edf559b,3f0fdf3b,3e1db292,154,3e1da000,154,136207,129
4354,c00d4025,bd1a1cac,40e056d6,3e88b439,00000000,0,00000000,0,137374,130
4355,3fc81c2e,3fbc9375,c09f1340,3f645a1d,3f800000,1000,3f800000,1000,136791,130
4356,3ee708ee,3f640ded,c0b9b7e9,3f018937,3f800000,1000,3f800000,1000,135332,128
4357,be82e0a0,3d2a3d71,c06dd7dc,3f51eb85,3f2e373c,681,3f2e4000,681,135332,127
4358,bf5af640,3f113eab,3e353f7d,3f23d70a,3e0a5949,135,3e0a4000,135,136207,130
4359,3fb11bc5,3f5ba29c,4104fb7f,3dced917,3f800000,1000,3f800000,1000,135623,128
4360,c01ca47f,be227efa,c11b4f0e,3f5ef9db,3f216c00,631,3f216000,630,135623,128
4361,3f80850a,3f230b0f,bf16a162,3f008312,3f800000,1000,3f800000,1000,140582,133
4362,40636c8b,3fcb7dbf,3fe4f766,3f424dd3,3f800000,1000,3f800000,1000,138249,131
4363,3fe01062,3fb08241,40ed5cfb,3f29ba5e,3f800000,1000,3f800000,1000,136207,129
4364,3f93419e,3fbab646,3f7617c2,3f224dd3,3f800000,1000,3f800000,1000,135624,129
4365,bf327914,be2b7803,c081c91d,3e656042,3ed904b4,424,3ed90000,424,136207,129
4366,bfd70a3d,bf21182b,c0ae1134,3d8b4396,3e29e90c,166,3e2ac000,167,137082,130
4367,c02719a4,be2c6a7f,40d1c77a,3e4ac083,00000000,0,00000000,0,135041,128
4368,c0337122,bf09020c,c0fd1eb8,3ed3f7cf,3daa9e66,83,3daaa000,83,136207,129
4369,3fe41e79,3fa95bc0,40e81f21,3eb7ced9,3f800000,1000,3f800000,1000,136207,129
4370,3fe0a915,3f854b5e,41172681,3f0b020c,3f800000,1000,3f800000,1000,137957,130
4371,bf43ba34,beef4f0e,401381d8,3f251eb8,00000000,0,00000000,0,135916,129
4372,3f36d71f,3de28241,be90f27c,3f641893,3f800000,1000,3f800000,1000,135332,128
4373,403c14a5,3fc3624e,c09e9eed,3f50e560,3f800000,1000,3f800000,1000,135915,128
4374,3f8413fd,3f9b2824,c05cf41f,3f1b645a,3f800000,1000,3f800000,1000,135915,129
4375,bf2fddec,3f98b439,c03e3f14,3f19db23,3f800000,1000,3f800000,1000,137082,130
4376,3f1de00d,3f854745,4088c711,3ef8d4fe,3f800000,1000,3f800000,1000,135624,128
4377,bf9a4010,bf1c0d1b,c0f80000,3e16872b,3f53c0c3,827,3f53e000,828,135915,129
4378,c0420ee9,bedd0481,40ce3055,3ef6c8b4,00000000,0,00000000,0,136207,129
4379,c06c9c4e,bf3a89a0,c048d6a1,3e19999a,00000000,0,00000000,0,135624,128
4380,c04074fb,bf1bc433,3f8b8ef3,3f122d0e,00000000,0,00000000,0,135332,128
4381,c027fbbd,be47fcb9,402d930c,3ef22d0e,00000000,0,00000000,0,135624,128
4382,405aee0f,3fc98db9,c11bc5d6,3e800000,3f800000,1000,3f800000,1000,136207,129
4383,bf713166,bf215183,40bf0be1,3f48b439,00000000,0,00000000,0,135624,128
4384,c0455bff,bec4b0f2,c09ebe0e,3f2b4396,00000000,0,00000000,0,136208,129
4385,bf65fc3b,3e40a3d7,40927fcc,3f2e978d,00000000,0,00000000,0,166249,158
4386,3eae04c0,3e7c84b6,3f836113,3f09374c,3f0d794a,553,3f0d6000,552,139999,132
4387,bffdeb31,beeaf694,bf630be1,3eba5e35,00000000,0,00000000,0,138249,131
4388,c01b01b8,bd6a57a8,3ff072b0,3ec10625,00000000,0,00000000,0,137665,130
4389,bf9703b0,3e9750b1,4091c433,3e839581,00000000,0,00000000,0,138248,132
4390,3f6c99af,3ef20419,3f4a29c7,3dba5e35,3f800000,1000,3f800000,1000,136790,130
4391,bf46f545,3f83096c,c1185254,3f122d0e,3f800000,1000,3f800000,1000,135916,128
4392,3f8c1355,3ef0ff97,40c7b7e9,3eaa7efa,3f46b225,776,3f46a000,776,137374,130
4393,3f5249e4,3f818db9,c0b89c78,3f75c28f,3f800000,1000,3f800000,1000,137374,130
4394,40104c59,3f7c0c4a,4117cb29,3ef53f7d,3f800000,1000,3f800000,1000,137665,130
4395,3e3822bc,3fc749ba,40211eb8,3f14fdf4,3f800000,1000,3f800000,1000,138832,132
4396,3fd3775c,3f8cb368,40581f21,3f65a1cb,3f800000,1000,3f800000,1000,138541,131
4397,bf8ab170,3e77c505,40bfbda5,3cf5c28f,00000000,0,00000000,0,136499,130
4398,bfa3b59e,be8240b8,c0fd5f70,3f283127,3f5f162b,871,3f5f2000,872,135332,128
4399,3f3fa2f0,3f846666,c0dd30be,3e8e5604,3f800000,1000,3f800000,1000,136207,129
4400,3dd4d402,3e83c6a8,411a6f00,3f795810,00000000,0,00000000,0,135332,128
4401,3faf6be3,3f2be282,407b5f70,3f23126f,3f800000,1000,3f800000,1000,135624,128
4402,c0661672,bf291c43,4069bf48,3d27ef9e,00000000,0,00000000,0,136207,129
4403,c006b756,be29f8a1,c109ced9,3ee5e354,3f1011b3,563,3f100000,563,135916,128
4404,bf5c7e28,3e958794,c09bfb16,3f1a1cac,3f4a2f7c,790,3f4a4000,790,136207,129
4405,3b807358,3f686320,be801a37,3ea0c49c,3f6b2404,919,3f6b2000,918,136208,129
4406,3f898c7e,3f72a64c,bfe42268,3f73b646,3f800000,1000,3f800000,1000,135332,128
4407,bd094c44,bf2d1340,bffe45a2,3f36872b,3edd3d86,432,3edd4000,432,136790,130
4408,4024801f,3f8e9eed,c0f3e4f7,3efbe76d,3f800000,1000,3f800000,1000,136207,128
4409,3dc024b3,3fb300d2,4111d0e5,3f0d4fdf,00000000,0,00000000,0,142624,136
4410,c018053e,be9535a8,c0b8b5dd,3f2bc6a8,00000000,0,00000000,0,136790,129
4411,be47e282,3f3918fc,40c9be77,3ef74bc7,00000000,0,00000000,0,137374,129
4412,40115769,3f566320,bfdfaace,3f410625,3f800000,1000,3f800000,1000,135332,128
4413,bf015df6,3d5e5c92,40f1295f,3f743958,00000000,0,00000000,0,135623,128
4414,bf191687,3ecccb29,40d778d5,3ed3f7cf,00000000,0,00000000,0,136207,129
4415,bf083f92,3f2864c3,4117e69b,3f26a7f0,00000000,0,00000000,0,138832,131
4416,3f2f505d,3f9dca58,411c56d6,3d656042,3e887475,267,3e87e000,265,137082,129
4417,beebaf10,3da22681,40a18fc5,3eb020c5,00000000,0,00000000,0,135624,128
4418,3f39fbe7,3f873a2a,c0e40f91,3f210625,3f800000,1000,3f800000,1000,136207,129
4419,401cb828,3fc876c9,bfa5b8bb,3f6e978d,3f800000,1000,3f800000,1000,135916,129
4420,bfbf6944,bf2b1f8a,c10b48e9,3eb645a2,3f5ff671,875,3f600000,875,135915,129
4421,3f079e5a,3fc0e0df,407236e3,3d9374bc,3f800000,1000,3f800000,1000,136499,129
4422,bf18572a,3f90a5e3,c042d289,3e4ccccd,3f800000,1000,3f800000,1000,135332,128
4423,3f374928,3f06fdf4,40279097,3f620c4a,3f800000,1000,3f800000,1000,135916,129
4424,c0381b33,bec8ef35,c0043fe6,3f758106,00000000,0,00000000,0,135624,128
4425,c04cf473,bf2b18fc,410e26e9,3d958106,00000000,0,00000000,0,135916,129
4426,bf1ae148,be7be0df,410747ae,3f039581,00000000,0,00000000,0,135332,129
4427,c0384dfd,becd0625,3d2cd9e8,3e1cac08,00000000,0,00000000,0,137374,130
4428,3fb3d07d,3f2166cf,408c0ded,3e4dd2f2,3f800000,1000,3f800000,1000,135040,128
4429,40043569,3f84cac1,c02b295f,3e5c28f6,3f800000,1000,3f800000,1000,136790,130
4430,3ffb5200,3f994c98,40ad67a1,3d27ef9e,3f800000,1000,3f800000,1000,135332,128
4431,c06a353f,bf2a9fbe,410bf488,3ecfdf3b,00000000,0,00000000,0,134749,127
4432,3f00cf18,3f275c29,c0221965,3f28b439,3f800000,1000,3f800000,1000,135916,129
4433,beb121ab,3f8e381d,c0fa9931,3e6147ae,3f800000,1000,3f800000,1000,142916,136
4434,3f88c7e3,3fa09ad4,c0f11d15,3f245a1d,3f800000,1000,3f800000,1000,138541,132
4435,c0548e37,bee9c91d,410dfd22,3ec20c4a,00000000,0,00000000,0,136207,129
4436,3d9f9f02,3f0fc77a,c0843afb,3f778d50,3f800000,1000,3f800000,1000,135915,129
4437,3fce72da,3f1d5a86,411b75f7,3e800000,3f722d72,946,3f720000,945,135623,128
4438,bfcf4fb5,3e937319,c09f1d15,3ec5a1cb,3ece5511,403,3ecea000,404,135332,129
4439,3edc99af,3c446738,c08fa027,3f5a5e35,3f800000,1000,3f800000,1000,136499,129
4440,bef2aae3,3db758e2,4100dd2f,3df9db23,00000000,0,00000000,0,135915,129
4441,40358ec9,3fa5e83e,bf52de01,3f53f7cf,3f800000,1000,3f800000,1000,137082,130
4442,3f8a92a3,3f8c1687,40311eb8,3f43126f,3f800000,1000,3f800000,1000,136208,129
4443,3fc7fac2,3fbafdf4,bfd1f213,3e418937,3f800000,1000,3f800000,1000,135915,128
4444,3fcdf06f,3f34680a,409c779a,3e5b22d1,3f800000,1000,3f800000,1000,136790,130
4445,402ea5f8,3f8a35a8,c09856d6,3f1020c5,3f800000,1000,3f800000,1000,135624,128
4446,bf9b53f8,3ec04ea5,400985f0,3ded9168,00000000,0,00000000,0,135332,129
4447,bee0cc79,3f8536e3,40a48ce7,3f52b021,00000000,0,00000000,0,136790,129
4448,c0422c67,bf2e5879,bf3538ef,3f147ae1,00000000,0,00000000,0,135916,129
4449,3e876f2a,be5adaba,c01072b0,3f5645a2,3f5a94ff,854,3f5aa000,854,137665,130
4450,3f1b83cf,3fb120c5,40a895ea,3f389375,3f800000,1000,3f800000,1000,138248,132
4451,bf23419e,3f6429c7,410c381d,3f27ef9e,00000000,0,00000000,0,137373,130
4452,3f2930be,3f6f4e3c,40873b64,3f08b439,3f800000,1000,3f800000,1000,138249,131
4453,3f2b1d93,bdc41893,40ffcac1,3f5ced91,00000000,0,00000000,0,142624,135
4454,bd848beb,3ee3020c,bfa86c22,3e591687,3f250c77,645,3f250000,645,137957,130
4455,3fe1df11,3f7db08a,40df35a8,3f49fbe7,3f800000,1000,3f800000,1000,135332,128
4456,bfeb19a4,3eb34f0e,40a8e7d5,3f68b439,00000000,0,00000000,0,137082,129
4457,befe5c92,3dd3f7cf,bf3bac71,3f03126f,3d443b30,48,3d444000,48,242373,232
4458,bdd04817,bf3c2752,40da7e28,3e3851ec,00000000,0,00000000,0,364580,353
4459,bee3eea2,3f28902e,c0a19b3d,3f14bc6a,3f800000,1000,3f800000,1000,261914,250
4460,c0038a09,bee3cb92,c10d7319,3ecccccd,3f1fa80f,624,3f200000,625,159248,150
4461,3f3eff19,3f529c78,407de354,3f6624dd,3f800000,1000,3f800000,1000,144082,136
4462,3fc915df,3fbfbfb1,411ff41f,3f595810,3f800000,1000,3f800000,1000,138832,132
4463,40231173,3f84786c,c11a29c7,3eab020c,3f800000,1000,3f800000,1000,138249,131
4464,bec092cd,3fa7cbfb,c11f985f,3e808312,3f800000,1000,3f800000,1000,145540,138
4465,bd9f9485,3dbb645a,c0d6b9f5,3f09fbe7,3f800000,1000,3f800000,1000,143207,135
4466,40060fe4,3f76779a,40f88f5c,3f04dd2f,3f800000,1000,3f800000,1000,136498,129
4467,40320e95,3fb7f9db,bf8e3bcd,3e841893,3f800000,1000,3f800000,1000,135040,128
4468,3f5b0dd8,3eb617c2,406e5c92,3ea0c49c,3f504005,813,3f502000,813,135624,129
4469,bf29eadd,bf3fc77a,c0ce8659,3eeb851f,3f655540,896,3f656000,896,136207,129
4470,bfcc4da9,bf0e0d1b,40fa4dd3,3f0978d5,00000000,0,00000000,0,135332,129
4471,bc8b4396,3d8126e9,3f6f7cee,3e1cac08,00000000,0,00000000,0,135332,128
4472,3ed70cdd,3f7fc6a8,c10ca8c1,3ecb4396,3f800000,1000,3f800000,1000,137082,131
4473,4026d8c3,3f933958,40efec57,3f61cac1,3f800000,1000,3f800000,1000,135624,129
4474,3f78b439,3e5710cb,4115cac1,3d916873,00000000,0,00000000,0,135916,129
4475,c0437122,bf1f0e56,40245d64,3ef22d0e,00000000,0,00000000,0,137374,130
4476,3eec3761,3f6ff62b,41033333,3d3020c5,00000000,0,00000000,0,134457,128
4477,403eaf79,3fc68e22,40a85a1d,3f6624dd,3f800000,1000,3f800000,1000,139999,129
4478,bf63be23,bf3a346e,40d09a02,3eba5e35,00000000,0,00000000,0,137957,130
4479,bfbefa83,be99cfab,3f151eb8,3f2bc6a8,00000000,0,00000000,0,136207,128
4480,4012f3a1,3fcb8a72,bff43958,3ca3d70a,3f800000,1000,3f800000,1000,136207,129
4481,3f43ed52,3fc9a090,bfb8e560,3f53f7cf,3f800000,1000,3f800000,1000,137666,130
4482,3f800d1b,3db3c361,3f6de69b,3ebbe76d,3f800000,1000,3f800000,1000,136790,130
4483,bf2c2268,3e243611,4087e1b1,3f3db22d,00000000,0,00000000,0,139416,132
4484,c014aefb,bf0fad43,c1061f8a,3f5c28f6,3ee8166d,453,3ee88000,454,135624,129
4485,401408d9,3fa4339c,3ebc3611,3f7cac08,3f800000,1000,3f800000,1000,136790,130
4486,be88c693,3f2b19ce,40da346e,3ebef9db,00000000,0,00000000,0,139998,133
4487,3fc50d06,3fcc3c9f,40b99ce0,3f4d9168,3f800000,1000,3f800000,1000,135623,129
4488,3ffb3722,3f7b0be1,c10121ff,3f52b021,3f800000,1000,3f800000,1000,135623,129
4489,3f6f0308,3f46ef35,3fa2f1aa,3f71a9fc,3f800000,1000,3f800000,1000,138248,131
4490,3fcf41f2,3f516c8b,c0e848e9,3f272b02,3f800000,1000,3f800000,1000,135624,129
4491,bf3bc409,3ea3381d,40f3b98c,3f6d4fdf,00000000,0,00000000,0,135041,128
4492,3e54ee39,be7f41f2,3db4a234,3f52b021,3eb6a76a,357,3eb6a000,357,135332,128
4493,3fcf9bbb,3f02978d,4111a0f9,3f6ac083,3f800000,1000,3f800000,1000,135915,128
4494,bf81ccb8,3f3a00d2,40d526e9,3f1020c5,00000000,0,00000000,0,136207,129
4495,be0f5c29,3f11cb92,3e42a993,3f1374bc,3ef8cd8b,486,3ef8c000,486,134749,128
4496,bf7c45cc,3f13c28f,c1104fdf,3ec7ae14,3f800000,1000,3f800000,1000,136207,129
4497,c0164f22,be406c22,404bdd98,3f3d2f1b,00000000,0,00000000,0,136207,129
4498,3f0035bd,bebcc63f,41087b4a,3f7d70a4,00000000,0,00000000,0,137957,131
4499,3ec6a2b1,3f9de9e2,40e72fec,3f68f5c3,3ed9ba5a,425,3ed98000,425,135916,129
4500,40414e3c,3fcf1e4f,40871f8a,3ded9168,3f800000,1000,3f800000,1000,136207,129
4501,3e20e411,3dd47ae1,40a85a1d,3f2ed917,00000000,0,00000000,0,136207,129
4502,40113501,3f5fc1be,c0238a09,3f639581,3f800000,1000,3f800000,1000,142624,135
4503,3fe7290b,3f843afb,40ebd567,3e03126f,3f800000,1000,3f800000,1000,136499,130
4504,bf8f1562,be3c1206,c06ab368,3eac0831,3e1e7d9a,155,3e1ea000,155,137374,130
4505,bf8da3c2,3f48f4f1,3f4ec56d,3ec39581,3d8736ec,66,3d876000,66,140290,133
4506,bfa216c6,3f4c161e,40f21062,3e1eb852,00000000,0,00000000,0,135915,128
4507,c03c48bf,be9c72b0,bf31c433,3e20c49c,00000000,0,00000000,0,141457,134
4508,be1dc726,3f78be0e,40917f63,3f73b646,3dc0f6e8,94,3dc04000,94,145832,138
4509,be875f70,3d9432ca,c09432ca,3ea353f8,3f51856e,818,3f51a000,819,145832,139
4510,c00c9279,bf053b64,3f300d1b,3e85a1cb,00000000,0,00000000,0,145540,138
4511,be9765fe,3f10b439,c0eb53f8,3f358106,3f800000,1000,3f800000,1000,146415,139
4512,402d1d69,3fca04ea,411d3333,3ecbc6a8,3f800000,1000,3f800000,1000,146124,139
4513,3ed9ae92,3ec67a10,c0b910cb,3e656042,3f800000,1000,3f800000,1000,146124,138
4514,be75dcc6,3f690481,40ffbb30,3f628f5c,00000000,0,00000000,0,146998,139
4515,bfee1284,bdbcfaad,3de3f141,3f210625,00000000,0,00000000,0,146707,138
4516,40127770,3fbc4f0e,40c2bc6a,3e3d70a4,3f800000,1000,3f800000,1000,146707,139
4517,c022a066,bf00f34d,41182bd4,3ed81062,00000000,0,00000000,0,148457,141
4518,3e75b813,beb703b0,c10a1b09,3f0c49ba,3f800000,1000,3f800000,1000,146999,139
4519,405be575,3fcb51ec,40d856d6,3d6978d5,3f800000,1000,3f800000,1000,146707,139
4520,bfc57343,bdb10cb3,c0f3f55a,3ef6c8b4,3f2b4f1f,669,3f2b6000,669,146124,138
4521,3ef19f80,3f8e23a3,c1133dd9,3f27ef9e,3f800000,1000,3f800000,1000,146707,139
4522,3fd5a46a,3f54b50b,410e98c8,3dd91687,3f800000,1000,3f800000,1000,147290,139
4523,40560e95,3fadb780,c0503c9f,3f466666,3f800000,1000,3f800000,1000,145832,138
4524,3fe98698,3f27573f,bfd1b3d0,3e374bc7,3f800000,1000,3f800000,1000,150790,143
4525,3efa36e3,3f8a0aa6,3faab368,3c03126f,3f800000,1000,3f800000,1000,145541,138
4526,4056d677,3fbc4396,c1129ba6,3edc28f6,3f800000,1000,3f800000,1000,141749,135
4527,bf85f117,bee185f0,3ef1b717,3f624dd3,00000000,0,00000000,0,141748,135
4528,be4ddd6e,3fbe0625,41167a10,3f5b645a,00000000,0,00000000,0,141749,135
4529,3d1984a1,3cfd21ff,c00ffcb9,3e7ef9db,3f06c205,526,3f06c000,526,141165,134
4530,3fd154ca,3f88c711,40d45048,3eef1aa0,3f800000,1000,3f800000,1000,141165,134
4531,3e315619,3fc9c7e3,bfff8034,3f46a7f0,3f800000,1000,3f800000,1000,141457,134
4532,3dc43d47,3fb484b6,c0934c98,3f33f7cf,3f800000,1000,3f800000,1000,140874,134
4533,beaede55,bf191412,4100bee0,3f041893,00000000,0,00000000,0,141458,134
4534,be4779a7,be25a858,4107c986,3d89374c,00000000,0,00000000,0,142041,134
4535,c00d83a5,be52c083,c03bec57,3f69374c,00000000,0,00000000,0,141457,134
4536,3e859c8d,beda8c15,3fd4bfb1,3eae147b,3dc0a7c7,94,3dc06000,94,142040,135
4537,bfb6a4a9,3ccc7e28,c09ff488,3ec18937,3e887b1c,267,3e88c000,267,142916,135
4538,bec6eeb7,bf17f141,3dbd70a4,3e408312,00000000,0,00000000,0,141457,134
4539,3f965c92,3ede8f5c,c0e9c77a,3e9ba5e3,3f800000,1000,3f800000,1000,143790,136
4540,3f9a3982,3e9edaba,3f907c85,3ced9168,3f800000,1000,3f800000,1000,142623,135
4541,be00d6f5,3d81b08a,bed4bc6a,3ed81062,3e0637df,131,3e064000,131,163915,154
4542,3e5bb060,3f9abda5,c0aabfb1,3f50a3d7,3f800000,1000,3f800000,1000,159540,151
4543,bfafc7a4,3ee31f8a,c0b2a234,3ee66666,3f484c49,782,3f486000,783,151082,144
4544,bf13dee8,3bd97f63,410fb15b,3efced91,00000000,0,00000000,0,149623,142
4545,401b544c,3f4c4b5e,411c923a,3d99999a,3f800000,1000,3f800000,1000,144957,137
4546,3fcc779a,3e89aee6,c0ad1b71,3d89374c,3f800000,1000,3f800000,1000,145249,139
4547,bf8fce31,3ecded29,40bcc49c,3e126e98,00000000,0,00000000,0,151666,144
4548,c04abf34,bf062752,407f93de,3eeb851f,00000000,0,00000000,0,148748,141
4549,3f15460b,3e8bfb16,41171b71,3e16872b,00000000,0,00000000,0,144665,137
4550,bf80efdd,be378a09,40f84d01,3f1a1cac,00000000,0,00000000,0,143791,136
4551,bf5e8bc1,3dac0ebf,40d5fd8b,3e9c28f6,00000000,0,00000000,0,143499,136
4552,3d85c67e,3d455326,c11b9f56,3f06a7f0,3f800000,1000,3f800000,1000,141749,134
4553,3fa689ca,3f7e9100,c0adbcd3,3f6fdf3b,3f800000,1000,3f800000,1000,144082,137
4554,3fb128e1,3f1a9fbe,bff87c85,3f5ba5e3,3f800000,1000,3f800000,1000,144082,137
4555,be6963dc,bf022de0,4102233a,3f4e978d,00000000,0,00000000,0,142915,136
4556,3edf7271,bef38ef3,c044cb29,3f0f9db2,3f800000,1000,3f800000,1000,142623,136
4557,3f22b55f,3f995048,c0aa1cac,3e1ba5e3,3f800000,1000,3f800000,1000,142040,135
4558,3e93e037,3f9e4467,c0031759,3f322d0e,3f800000,1000,3f800000,1000,152540,144
4559,bf1370ce,bee0d6a1,bf8fa0f9,3e1a9fbe,00000000,0,00000000,0,144957,138
4560,bef94079,3bd013a9,40a69518,3d50e560,00000000,0,00000000,0,145248,137
4561,bfacaff7,3f128588,406dbf48,3eb74bc7,00000000,0,00000000,0,143790,137
4562,bf7a5269,bf2ec3ca,3f86bee0,3f2624dd,00000000,0,00000000,0,145249,138
4563,3fd04189,3f0ef1aa,40c5eb85,3e991687,3f800000,1000,3f800000,1000,146123,138
4564,c02b3f53,bf32e2eb,403194af,3e27ef9e,00000000,0,00000000,0,144373,137
4565,3fabc212,3f21d7dc,c117e560,3f7020c5,3f800000,1000,3f800000,1000,143791,137
4566,3d624357,3f9dee63,3fe56388,3ea353f8,3f695dd0,912,3f694000,911,144082,137
4567,bfa48217,3e5816f0,40db288d,3f220c4a,00000000,0,00000000,0,145248,138
4568,3fd57a78,3f6d3190,c0ef4a23,3f4f5c29,3f800000,1000,3f800000,1000,146124,138
4569,3f914cec,3f80680a,3f0e3bcd,3ecac083,3f800000,1000,3f800000,1000,154582,147
4570,c0455cfb,bed6bb99,411a9e1b,3f39db23,00000000,0,00000000,0,151082,143
4571,c02e233a,bee17732,c013a92a,3def9db2,00000000,0,00000000,0,145540,138
4572,4004c1fd,3f65afb8,410e425b,3f7ced91,3f800000,1000,3f800000,1000,144665,137
4573,bf9061a6,bba0902e,3f8c01a3,3e3d70a4,00000000,0,00000000,0,145249,138
4574,bcdb61bb,be568db9,4114adac,3f024dd3,00000000,0,00000000,0,145249,138
4575,401087fd,3f74f766,402ea64c,3f25a1cb,3f800000,1000,3f800000,1000,144665,137
4576,c00cfdf4,bcd844d0,4094346e,3f72b021,00000000,0,00000000,0,144957,138
4577,bfab8280,3e82f007,c1001de7,3e9374bc,3f800000,1000,3f800000,1000,144374,136
4578,c055acef,bf09212d,405c60aa,3ef126e9,00000000,0,00000000,0,145832,139
4579,c038523f,be86cd9f,c10d9ba6,3ddb22d1,3e3c30d9,184,3e3c8000,184,145541,137
4580,c0033626,3da594af,3fda1ff3,3e1eb852,00000000,0,00000000,0,145249,137
4581,bee02214,be64d9e8,c0041893,3e0f5c29,3e3f1e8d,187,3e3f6000,187,146707,139
4582,3f82af79,3fa43333,c04a809d,3e24dd2f,3f800000,1000,3f800000,1000,147874,140
4583,bf17d2c8,3f8a3055,c0d816f0,3ee147ae,3f800000,1000,3f800000,1000,150207,143
4584,3f5747d8,be09a6b5,40b0ecc0,3ded9168,3e04bb0f,130,3e046000,129,144665,137
4585,bf9aa79c,3d5e1b09,404475f7,3ee872b0,00000000,0,00000000,0,136499,130
4586,401acd9f,3fc08bac,c0c88588,3f3374bc,3f800000,1000,3f800000,1000,132416,125
4587,bf463498,be84cb29,40bcd0e5,3e676c8b,00000000,0,00000000,0,135915,129
4588,3f77bc7f,3ef710cb,41065254,3f2d9168,3e89bc0a,269,3e892000,268,136499,130
4589,c01d7a78,bf0738ef,40dd78d5,3f10a3d7,00000000,0,00000000,0,137957,131
4590,bf5b7415,3e9ad773,bffe45a2,3e666666,3e797acd,244,3e798000,244,137082,130
4591,3f0c5c14,be3786c2,c015f8a1,3f404189,3f800000,1000,3f800000,1000,140874,134
4592,40599210,3fc657a8,40ee91d1,3f7eb852,3f800000,1000,3f800000,1000,149624,143
4593,3f4b1077,3fa16388,c1071b09,3f791687,3f800000,1000,3f800000,1000,138249,132
4594,3fcc74fb,3edb2ca5,406a9931,3ea872b0,3f800000,1000,3f800000,1000,142332,136
4595,3ee0902e,3f63cac1,40d73a93,3f2f1aa0,3e7eb816,249,3e7e0000,248,135332,128
4596,bef40f67,bf16d35b,bf83851f,3f54bc6a,3d4b9cb6,50,3d4be000,50,137957,130
4597,3ef18d26,bde0d1b7,3f9f4f0e,3f6d0e56,3f007b99,502,3f006000,501,137374,130
4598,3eaf78ff,3ec8068e,bfe5b8bb,3f3f7cee,3f800000,1000,3f800000,1000,138249,132
4599,3e2ac322,3fcc703b,411cf41f,3edb22d1,00000000,0,00000000,0,140582,133
4600,3f59e450,be19cac1,40e4c8b4,3f06a7f0,00000000,0,00000000,0,140290,132
4601,40113405,3f95a29c,4119e5c9,3dd4fdf4,3f800000,1000,3f800000,1000,139415,133
4602,be507747,3e7af4f1,bf80a090,3dac0831,3ea7f76a,328,3ea80000,328,140873,133
4603,bd3af102,be1dd2f2,c0aa5879,3d1fbe77,3f7592fb,959,3f75c000,960,137665,130
4604,bded1e11,be532ca5,c09ef4f1,3f09374c,3f68eb69,910,3f690000,910,135332,129
4605,3dff0457,3f7aa993,410801a3,3f77ced9,00000000,0,00000000,0,133873,127
4606,bff38f9b,bda10cb3,ba9d4952,3f789375,00000000,0,00000000,0,135040,128
4607,40260a52,3fad1b71,be2f6944,3edd2f1b,3f800000,1000,3f800000,1000,135916,128
4608,bf86132b,be749ba6,c10bbc02,3f0a3d71,3f800000,1000,3f800000,1000,135623,129
4609,be4b87be,3f64d35b,4009a36e,3f6978d5,3edbbd17,429,3edbc000,429,134457,128
4610,c013fa6e,be0beab3,c02edaba,3ed2f1aa,00000000,0,00000000,0,155457,147
4611,3d86e19c,3f1f19ce,3fd4154d,3f76c8b4,3eed1d5f,463,3eed0000,463,149915,142
4612,bf70d1b7,3e8fbcd3,40cd5326,3f7b645a,00000000,0,00000000,0,135915,128
4613,3fd95769,3fb67e91,41101ff3,3f1e353f,3f800000,1000,3f800000,1000,136791,129
4614,3d799c39,bf243a2a,c0bf374c,3dba5e35,3f800000,1000,3f800000,1000,135916,129
4615,bd3d1245,3fb0c711,410b0a3d,3e5b22d1,00000000,0,00000000,0,137374,130
4616,bfffc3b5,bde147ae,3fe5e69b,3e8bc6a8,00000000,0,00000000,0,140290,134
4617,3eb41744,3f1f4120,c019288d,3efdf3b6,3f800000,1000,3f800000,1000,137082,130
4618,bff529dc,bd4f27bb,c0d86b51,3f73f7cf,3ebffe72,375,3ec02000,375,135916,129
4619,3fa68922,3e4a4745,40a02a99,3f5b645a,3f800000,1000,3f800000,1000,135332,129
4620,3f87c1be,3f38f0d8,bfd9c0ec,3f1ef9db,3f800000,1000,3f800000,1000,133582,127
4621,bfdaf4f1,bf3ee7d5,40d4bd3c,3f7c6a7f,00000000,0,00000000,0,133874,127
4622,3f6fad6d,3f87511a,c10221ff,3e872b02,3f800000,1000,3f800000,1000,134166,128
4623,c005cf03,bf0bd495,c0cb86c2,3f1374bc,3e354e2e,177,3e360000,178,135624,128
4624,c02791e6,be93381d,c0b38794,3db020c5,00000000,0,00000000,0,134749,127
4625,c0048c3f,bf1640b8,402585f0,3e10624e,00000000,0,00000000,0,135040,128
4626,bf33ffac,3f738866,c0d1c6a8,3ee353f8,3f800000,1000,3f800000,1000,132707,126
4627,bea15ca7,3f29e4f7,4112ab9f,3f40c49c,00000000,0,00000000,0,136207,129
4628,3f5a92a3,3fb86e98,3eb4f0d8,3e3126e9,3f800000,1000,3f800000,1000,134457,128
4629,3f27ee4e,3f299f56,410dd495,3eea7efa,00000000,0,00000000,0,136207,129
4630,bfcabd3c,be721cac,401449ba,3eb851ec,00000000,0,00000000,0,138540,131
4631,3fc38ef3,3f3130be,c028f909,3f4f5c29,3f800000,1000,3f800000,1000,136207,129
4632,bf3f290b,bf0f0553,3d09a027,3e03126f,00000000,0,00000000,0,137957,131
4633,3f9284e0,3e8fa5e3,40e7fa44,3f0d4fdf,3f02cb66,511,3f028000,510,135624,129
4634,bfe7e9b8,3ec89375,3fd1f8a1,3d6d9168,00000000,0,00000000,0,136791,130
4635,c026ab36,bf1d19ce,40f8985f,3f64dd2f,00000000,0,00000000,0,133874,127
4636,beabc947,3f97d773,c082ae7d,3f441893,3f800000,1000,3f800000,1000,135624,129
4637,4040f0d8,3fc6c361,c08593de,3f7c6a7f,3f800000,1000,3f800000,1000,134166,127
4638,3e16d091,befd3405,400d6f00,3f2f1aa0,00000000,0,00000000,0,134165,127
4639,bf98e172,3f2da29c,40feecc0,3f333333,00000000,0,00000000,0,134166,128
4640,3ed9a6b5,3cd6872b,c002a7f0,3f2c0831,3f800000,1000,3f800000,1000,139415,133
4641,c010a969,3e25a512,c1143958,3f5a5e35,3f49c9da,788,3f4a0000,789,141457,134
4642,bfe6501e,3e847ae1,4119e076,3f2f5c29,00000000,0,00000000,0,131249,124
4643,bf1bea0c,3f93212d,c077f7cf,3e1db22d,3f800000,1000,3f800000,1000,133582,126
4644,c00c9eed,be93f7cf,c0b037b5,3e89374c,00000000,0,00000000,0,132708,126
4645,401de59f,3fc21134,c0546c22,3f333333,3f800000,1000,3f800000,1000,135332,128
4646,3f9fd567,3fa8d4fe,4115573f,3e839581,3f800000,1000,3f800000,1000,135040,128
4647,3d458256,3e715810,c0978937,3f42d0e5,3f800000,1000,3f800000,1000,134165,128
4648,3f1721d5,3f7a3e42,c0cdeab3,3c83126f,3f800000,1000,3f800000,1000,135624,127
4649,c0237d95,3c703afb,c0bd8866,3eb33333,00000000,0,00000000,0,135624,129
4650,c01e11dc,bea32474,409684b6,3f49ba5e,00000000,0,00000000,0,133874,128
4651,3fbcc63f,3fa1c2f8,40ba5bc0,3e0f5c29,3f800000,1000,3f800000,1000,133582,127
4652,bfed714c,bea3bb30,bf3f3b64,3ead9168,00000000,0,00000000,0,135041,128
4653,400a6517,3fba92a3,c0d63fe6,3f218937,3f800000,1000,3f800000,1000,132707,126
4654,befa1a0d,3f9a4d01,411851ec,3d6d9168,00000000,0,00000000,0,131541,125
4655,bfa61911,3e1816f0,c0b02eb2,3f7fbe77,3f1884f1,596,3f188000,596,132416,126
4656,bff2ee63,bdc88659,c10aa57a,3f3a5e35,3f342092,704,3f344000,704,133290,127
4657,c0223001,be87126f,c0e99581,3f45a1cb,3e1379fc,144,3e13a000,144,131832,125
4658,c02f8d50,be81fbe7,40f60ded,3e2c0831,00000000,0,00000000,0,133290,126
4659,bf9291fb,3e5c432d,41077525,3e3f7cee,00000000,0,00000000,0,133290,126
4660,bfc95571,bd61cac1,4051f213,3f672b02,00000000,0,00000000,0,133290,126
4661,3f5a4e7b,3fb5cbfb,3ffc1893,3f0353f8,3f800000,1000,3f800000,1000,134165,127
4662,bf4d03da,bf0056d6,c0a0ea4b,3f241893,3f16bd70,589,3f16c000,589,135332,128
4663,400b9431,3fb6a36e,c0355810,3f07ae14,3f800000,1000,3f800000,1000,135040,127
4664,3fd88d8f,3eb75254,3e7c84b6,3c8b4396,3f800000,1000,3f800000,1000,134457,127
4665,3f86a897,3ef11340,3e367a10,3e87ae14,3f800000,1000,3f800000,1000,202415,195
4666,3f8389b5,3fa09c0f,3ea240b8,3e4fdf3b,3f800000,1000,3f800000,1000,135915,129
4667,3e8f861a,3f642681,c1012d77,3f00c49c,3f800000,1000,3f800000,1000,133582,126
4668,bf714e3c,bd23bcd3,bfa130be,3bc49ba6,00000000,0,00000000,0,131832,126
4669,bf47d806,3ea3c84b,40c82eb2,3f7a9fbe,00000000,0,00000000,0,132999,125
4670,bf10abb4,3f5d6873,40bde4f7,3f651eb8,00000000,0,00000000,0,132999,126
4671,3ff1984a,3f1f844d,411641f2,3f526e98,3f800000,1000,3f800000,1000,133582,127
4672,4063404f,3fc77c85,c0c71340,3eb9db23,3f800000,1000,3f800000,1000,132998,126
4673,bf0aa64c,3e45288d,c0cb65fe,3f47ae14,3f800000,1000,3f800000,1000,132998,126
4674,beb7396d,beb71de7,c00d6042,3e666666,3e85bab3,261,3e85c000,261,132998,126
4675,3ffc6fbd,3fcb7319,c0a231f9,3e872b02,3f800000,1000,3f800000,1000,131833,126
4676,bf2efc7a,3e3b53f8,40f6e632,3ef95810,00000000,0,00000000,0,131249,125
4677,3f852b2c,3f64cd9f,c0d63958,3e6353f8,3f800000,1000,3f800000,1000,134457,128
4678,bfe49668,3d581d7e,4066e7d5,3f67ae14,00000000,0,00000000,0,134165,128
4679,40457881,3fc9844d,c098f4f1,3f17ced9,3f800000,1000,3f800000,1000,133874,126
4680,4015ecd5,3fa38034,411e872b,3f3f3b64,3f800000,1000,3f800000,1000,133874,127
4681,3f965754,3efed773,41060069,3d851eb8,3efcd998,494,3efcc000,494,135332,129
4682,bfe84ab6,bee1b08a,c06ec3ca,3f43126f,00000000,0,00000000,0,135040,128
4683,bf4389b5,3f664674,c0f0b1c4,3f66a7f0,3f800000,1000,3f800000,1000,134166,127
4684,c02926e9,bf33374c,40f3dcc6,3f2f5c29,00000000,0,00000000,0,134457,127
4685,3f86186a,3aef34d7,409515b5,3e75c28f,3f11a67a,569,3f118000,568,132707,125
4686,3b9b5200,3f64bee0,c102ebee,3dbc6a7f,3f800000,1000,3f800000,1000,133874,127
4687,3ffefdca,3f7401a3,401e0aa6,3e960419,3f800000,1000,3f800000,1000,132707,125
4688,bf4f3626,3eeef9db,3ff8d845,3ea353f8,00000000,0,00000000,0,132999,126
4689,bfc40d6f,bf04fdf4,c00d38ef,3f69ba5e,00000000,0,00000000,0,254331,244
4690,3f01f4b2,3f0deecc,4111df3b,3f51a9fc,00000000,0,00000000,0,160998,151
4691,c02ac2ce,bd5e425b,c0bac2f8,3f73f7cf,00000000,0,00000000,0,138832,132
4692,3fa48b44,3fcef62b,41188ce7,3eb22d0e,3f800000,1000,3f800000,1000,136791,130
4693,3f2851ec,3f555a86,406fbb30,3f3020c5,3f800000,1000,3f800000,1000,135332,128
4694,3eab19a4,bea5fa44,c03f2ca5,3f560419,3f800000,1000,3f800000,1000,135915,129
4695,3fcec2ce,3f3d6ae8,c10856d6,3dd0e560,3f800000,1000,3f800000,1000,136207,129
4696,40075f70,3f61c77a,4011cfab,3f79999a,3f800000,1000,3f800000,1000,136499,130
4697,c006e393,bf2d9097,40899a6b,3f2c8b44,00000000,0,00000000,0,136207,129
4698,c00454de,bf2e88ce,c010816f,3f560419,00000000,0,00000000,0,135624,128
4699,3e91c6d2,bd5e4f76,4006f1aa,3e9eb852,3d2a6b0c,42,3d28c000,41,135915,129
4700,befd4bf1,3ebc4817,c0b18fc5,3eb2b021,3f800000,1000,3f800000,1000,135915,129
4701,be883904,3f334e3c,403e76c9,3e26e979,00000000,0,00000000,0,133874,127
4702,c01f7564,bf09b2ff,c0ff7dbf,3eef9db2,3e842e9b,258,3e844000,258,133874,127
4703,be356430,3ede4f76,c033fcb9,3f3126e9,3f65caaf,898,3f65c000,897,132999,126
4704,bfeb94d9,3e076c8b,401872b0,3f224dd3,00000000,0,00000000,0,132707,126
4705,3f258a33,3f607fcc,c0195183,3eb8d4fe,3f800000,1000,3f800000,1000,133290,127
4706,404f7f8d,3fcfc8b4,411ecb29,3f16c8b4,3f800000,1000,3f800000,1000,133582,126
4707,be47e282,3d0cf41f,c0def41f,3eb5c28f,3f800000,1000,3f800000,1000,134749,128
4708,3f9f0c35,3fa1fdf4,40fba858,3f77ced9,3f800000,1000,3f800000,1000,132124,126
4709,3f6b55ef,3f1a8a72,406f4a23,3f6ccccd,3f800000,1000,3f800000,1000,133582,126
4710,b9b24207,3ee9758e,40db6042,3f6624dd,00000000,0,00000000,0,132707,126
4711,3f3e0f3d,be30346e,c1131b09,3f581062,3f800000,1000,3f800000,1000,135332,128
4712,3f303c4b,3fca23a3,bdd3f7cf,3e7ae148,3f800000,1000,3f800000,1000,143499,137
4713,bf30bf5d,bf1cacda,40e765fe,3f0c8b44,00000000,0,00000000,0,139415,132
4714,3fb16723,3f732618,40a778d5,3f4f9db2,3f800000,1000,3f800000,1000,135916,129
4715,c015a0cf,befcbe0e,bd94e3bd,3f760419,00000000,0,00000000,0,136499,129
4716,3d064452,3fbac91d,40a5d8ae,3f7ced91,3f0ab79c,542,3f0a8000,541,135624,128
4717,4008fca4,3f2e9c78,411506f7,3cf5c28f,3f800000,1000,3f800000,1000,133582,127
4718,be854de8,3e0a0903,c0ba0f91,3f7e353f,3f800000,1000,3f800000,1000,130957,124
4719,bdf5ad97,3f9fb296,40a76d5d,3f54fdf4,3e65b302,224,3e660000,225,133290,126
4720,bfdaf3a1,be9f8866,c096b852,3f618937,3dce11de,101,3dce8000,101,137082,130
4721,3f08294a,3f7a68dc,40930d84,3ef126e9,3f4fccc4,812,3f4fa000,811,138249,131
4722,bf68b19a,be0f0a3d,c10b809d,3e418937,3f800000,1000,3f800000,1000,135332,128
4723,bfe75b81,3e435a86,40d4594b,3f3ae148,00000000,0,00000000,0,135332,128
4724,bf0758e2,3fa350b1,3f656d5d,3f19db23,3f4d80a1,803,3f4d8000,803,137373,130
4725,bee19653,bd58d4fe,41036fd2,3f38d4fe,00000000,0,00000000,0,136207,129
4726,bf5ae7d5,3e9deecc,c0def909,3e428f5c,3f800000,1000,3f800000,1000,135040,128
4727,bf4935fc,3df779a7,4022f1aa,3e8ed917,00000000,0,00000000,0,135623,128
4728,c01093c9,bf347bb3,411c8659,3c9ba5e3,00000000,0,00000000,0,134457,128
4729,40018a33,3f9acd9f,c08fb15b,3e9ba5e3,3f800000,1000,3f800000,1000,136207,129
4730,3ffa7d03,3f32f34d,40034a23,3f400000,3f800000,1000,3f800000,1000,133582,126
4731,c038ec96,bf1b70a4,c0d74539,3f420c4a,00000000,0,00000000,0,135915,129
4732,bff0b439,bf187efa,c11c0e56,3f010625,3f62c27b,886,3f62a000,885,137082,130
4733,3d106cca,3f9daace,40ada29c,3f6624dd,3e93453a,288,3e92e000,287,135623,128
4734,bf354c98,bbbb2fec,c11894af,3cf5c28f,3f800000,1000,3f800000,1000,134748,127
4735,404baebc,3fc4710d,40314467,3f2e978d,3f800000,1000,3f800000,1000,135332,128
4736,3f64c597,3fa4c2f8,41117e28,3f256042,3f449cd0,768,3f446000,767,176457,168
4737,c04e00d2,beefc84b,bfbe6666,3f010625,00000000,0,00000000,0,136790,129
4738,bf8816f0,3e9f18fc,c0bb18fc,3f7374bc,3f6a63f6,916,3f6a8000,916,136791,130
4739,bcb33db0,bf3d3405,c0ae57a8,3e800000,3f800000,1000,3f800000,1000,135040,128
4740,3f4c74fb,bd3d4952,c10b29c7,3ed70a3d,3f800000,1000,3f800000,1000,134748,128
4741,c00d3f29,bf2f1c43,3ea978d5,3eced917,00000000,0,00000000,0,135332,128
4742,3e04039b,3e6f0a3d,bda2339c,3ef851ec,3eebbf8b,460,3eebc000,460,135915,128
4743,3b09a027,3fa6b2ff,411b068e,3f256042,00000000,0,00000000,0,135040,129
4744,3f4396d1,3e290625,c0ecb6ae,3f083127,3f800000,1000,3f800000,1000,135040,128
4745,402f598a,3fa142c4,3f8fa787,3db43958,3f800000,1000,3f800000,1000,135916,129
4746,3f4324c8,3e51758e,c116ecc0,3ddf3b64,3f800000,1000,3f800000,1000,134457,127
4747,3e820ee9,bd94f766,40483c9f,3f4353f8,00000000,0,00000000,0,134166,128
4748,bdbb98c8,3f582de0,4104d567,3ead0e56,00000000,0,00000000,0,134457,128
4749,c04cdbe0,becfb2ff,3fa56388,3eb851ec,00000000,0,00000000,0,132707,126
4750,3e225311,3fb9a858,40d4425b,3e78d4fe,3eb940d9,362,3eb8e000,361,134748,128
4751,bf41cac1,3da425af,c0b9bc02,3e020c4a,3f456639,771,3f458000,771,134457,128
4752,3e5d7881,3f195c29,40bb97f6,3f5020c5,00000000,0,00000000,0,136791,130
4753,403bbadc,3fc5de6a,406554ca,3efdf3b6,3f800000,1000,3f800000,1000,135332,129
4754,3feb28b7,3fab6e2f,c0467382,3f18d4fe,3f800000,1000,3f800000,1000,133874,127
4755,3f91b90f,3fbe0481,c092793e,3dd2f1aa,3f800000,1000,3f800000,1000,135332,128
4756,3fe8403a,3f3bb3d0,40921206,3f408312,3f800000,1000,3f800000,1000,134749,127
4757,3f22a455,bea71c43,bfb809d5,3f54fdf4,3f800000,1000,3f800000,1000,134166,127
4758,3f7ad57c,3fcdf7cf,4114a92a,3f7374bc,3f800000,1000,3f800000,1000,134749,127
4759,40043d9b,3f98902e,bffb851f,3f747ae1,3f800000,1000,3f800000,1000,135040,127
4760,3fc243fe,3f918588,402abb99,3e3020c5,3f800000,1000,3f800000,1000,147582,140
4761,3fdfd2c8,3fa30aa6,411b39c1,3e51eb85,3f800000,1000,3f800000,1000,137957,131
4762,bf798dce,bf0f62b7,3fb0a71e,3f61cac1,00000000,0,00000000,0,135040,128
4763,c024f80e,bedd5810,4118ab9f,3edc28f6,00000000,0,00000000,0,135623,129
4764,3eb5a07b,3fb1c3ca,401f573f,3f0fdf3b,3f800000,1000,3f800000,1000,134748,128
4765,bec663c7,3f15851f,c10a04ea,3e25e354,3f800000,1000,3f800000,1000,137082,130
4766,bf948a9c,3ebb06f7,4007cd36,3d872b02,00000000,0,00000000,0,134166,127
4767,3ebf9485,3f6df8a1,41062f1b,3d872b02,00000000,0,00000000,0,134748,128
4768,3fd8385c,3f7f2474,c0fb3c36,3ed6872b,3f800000,1000,3f800000,1000,136207,129
4769,bfad6b66,3f3b2ca5,40db0a3d,3e839581,00000000,0,00000000,0,135041,128
4770,bedcf80e,bef96a16,c0d9c6a8,3f208312,3f800000,1000,3f800000,1000,139416,131
4771,c008c88a,bea8ac08,40a90b0f,3ec8b439,00000000,0,00000000,0,136207,129
4772,bf12ac32,3f110ff9,be41d7dc,3ea1cac1,3e9e4e05,309,3e9e4000,309,135915,129
4773,bfe3d902,3e80dd2f,40fe0ded,3f239581,00000000,0,00000000,0,135623,128
4774,3e1a07b3,bf08f838,c0e600d2,3f68f5c3,3f800000,1000,3f800000,1000,135915,129
4775,3eeb7803,3f0fa92a,410b367a,3e072b02,00000000,0,00000000,0,137374,130
4776,ba378034,3d88fc50,40210e56,3f208312,00000000,0,00000000,0,136499,129
4777,bee41dd2,3fa08588,40be2eb2,3f3ba5e3,00000000,0,00000000,0,136499,130
4778,3fc73b64,3f9959b4,4084e076,3e5a1cac,3f800000,1000,3f800000,1000,137374,131
4779,bfc3020c,3d6594af,c106096c,3e051eb8,3f546143,830,3f546000,830,133290,127
4780,bff23982,bf2ab5dd,bf9ec227,3d872b02,00000000,0,00000000,0,131832,125
4781,3e0ce704,3e667d56,4071d2f2,3e53f7cf,00000000,0,00000000,0,133873,127
4782,bf8c54de,3e72511a,c0927fcc,3ef126e9,3f0e5383,556,3f0e6000,556,131249,125
4783,4057b1af,3fc1d567,401c84b6,3ea04189,3f800000,1000,3f800000,1000,134165,126
4784,402e0d45,3fc604ea,402ee632,3f65a1cb,3f800000,1000,3f800000,1000,141457,135
4785,3fae4cd7,3f710d84,c115923a,3f651eb8,3f800000,1000,3f800000,1000,135916,129
4786,40180fbb,3fbcdd2f,410b04ea,3f560419,3f800000,1000,3f800000,1000,132707,126
4787,c0109eed,bf38786c,c11ef7cf,3f4147ae,3f4108c4,754,3f414000,755,131832,125
4788,bfed753a,bf022eb2,40c225af,3e051eb8,00000000,0,00000000,0,132999,126
4789,bed9e300,3f7de69b,40591340,3f7ef9db,3e41732f,189,3e40e000,188,131540,125
4790,bf2328b7,3f932f83,c086703b,3f19db23,3f800000,1000,3f800000,1000,131832,125
4791,3fdf0f7c,3f424c30,3e47c84b,3f618937,3f800000,1000,3f800000,1000,134457,127
4792,bed652bd,bd777319,4092ca58,3f1851ec,00000000,0,00000000,0,131541,125
4793,c063429a,bf2915b5,41030419,3f2a3d71,00000000,0,00000000,0,134457,128
4794,bfe90a13,bf26a234,c0df1c43,3ecfdf3b,3ecf81a8,405,3ecfe000,406,132415,125
4795,3f6bf338,3f70339c,c0529931,3c03126f,3f800000,1000,3f800000,1000,135332,128
4796,bebe3001,3f80f34d,c0e13b64,3e6e978d,3f800000,1000,3f800000,1000,132124,125
4797,c01079e6,be87295f,c0a5182b,3f6ed917,00000000,0,00000000,0,134749,127
4798,3f41c194,3ee96388,401aacda,3e4ed917,3f7fd542,999,3f7fc000,999,134457,127
4799,bff8068e,3d2c0831,40e3ed29,3f5645a2,00000000,0,00000000,0,132415,126
4800,c00f1d93,be185bc0,40c13eab,3f795810,00000000,0,00000000,0,132416,125
4801,bfe210e0,bee68588,4115511a,3f072b02,00000000,0,00000000,0,131832,125
4802,bfb9042e,3ea985f0,411c4189,3f4b020c,00000000,0,00000000,0,133290,127
4803,3f2775b8,3fcc9ce0,407b7cee,3f7c28f6,3f800000,1000,3f800000,1000,135041,128
4804,bfc49f95,3e98a71e,c09a8db9,3f7c6a7f,3ef9fa77,488,3ef9e000,488,135332,127
4805,bfe5681f,be69374c,bf8b15b5,3f1b645a,00000000,0,00000000,0,132124,125
4806,3f8a7675,3f1af9db,40cbfd8b,3f283127,3f63aca9,889,3f63a000,889,132416,125
4807,3f971412,3fb38937,c08fbda5,3edf3b64,3f800000,1000,3f800000,1000,134165,127
4808,be275cd1,bebbe5c9,bfa5288d,3e9f3b64,3e4e7926,202,3e4e8000,202,133874,128
4809,3edc5586,3fb7fb7f,4106c9ef,3f451eb8,3ede0d2b,434,3ede0000,434,137666,131
4810,3f9969c2,3e903958,beea71de,3f2d9168,3f800000,1000,3f800000,1000,138832,132
4811,bf2ffc11,3e96ae7d,3ebc3611,3f018937,00000000,0,00000000,0,136499,130
4812,be024b34,3f9f49ba,40704817,3e86a7f0,3eda903c,427,3eda4000,426,134749,129
4813,be37e910,3f8e4bc7,40ac1062,3e2d0e56,00000000,0,00000000,0,135332,128
4814,3f4aebc4,3f98617c,be8ccccd,3f0a7efa,3f800000,1000,3f800000,1000,136498,129
4815,3e7a8827,bdaec56d,c0f89fbe,3f05a1cb,3f800000,1000,3f800000,1000,135332,129
4816,beede54b,3f6170a4,c0a0d917,3f45a1cb,3f800000,1000,3f800000,1000,136499,129
4817,40333776,3fb732ca,40e3a36e,3f747ae1,3f800000,1000,3f800000,1000,134749,127
4818,4009945b,3fc8e282,c0a6e2eb,3f578d50,3f800000,1000,3f800000,1000,136207,129
4819,40253166,3f9e0e56,40b09fbe,3e89374c,3f800000,1000,3f800000,1000,136207,128
4820,c02d4802,bf2354ca,bffd70a4,3e54fdf4,00000000,0,00000000,0,137082,130
4821,bee161e5,3e057732,c051999a,3f126e98,3f105c00,564,3f106000,564,136207,129
4822,40557d18,3fcad639,40240ebf,3ec624dd,3f800000,1000,3f800000,1000,135041,128
4823,3fd1be4d,3ec1844d,40bb7176,3e428f5c,3f800000,1000,3f800000,1000,135332,128
4824,3f27e7c0,3f8e1759,c11f8106,3f0bc6a8,3f800000,1000,3f800000,1000,133874,128
4825,3efe0371,be1b46dc,c0f6f27c,3f789375,3f800000,1000,3f800000,1000,134458,128
4826,3edfce31,3fc39581,40a428f6,3f23d70a,3f800000,1000,3f800000,1000,132415,125
4827,40457636,3fbb7efa,c0d0a3d7,3d9db22d,3f800000,1000,3f800000,1000,132707,127
4828,3fb2a25e,3e8a8db9,405c5a1d,3f1be76d,3f800000,1000,3f800000,1000,131832,125
4829,c00b7857,becccccd,bf7cb924,3f4e978d,00000000,0,00000000,0,132416,125
4830,bf66cca3,3f0b7a78,40d8cbfb,3e9b22d1,00000000,0,00000000,0,131832,125
4831,beed81ae,3f0f837b,c08616f0,3e88b439,3f800000,1000,3f800000,1000,132707,127
4832,40043904,3f73013b,be28f5c3,3f35c28f,3f800000,1000,3f800000,1000,133582,126
4833,bfb01b86,3efdbda5,3fef3eab,3ebae148,00000000,0,00000000,0,137957,131
4834,c0239a6b,bf0d2546,c0251340,3f1f7cee,00000000,0,00000000,0,133290,126
4835,bd9df117,3f324745,c1121aa0,3db645a2,3f800000,1000,3f800000,1000,136207,129
4836,bf5c6690,3f64aa65,bf569446,3f04dd2f,3f18a120,596,3f18a000,596,134166,127
4837,3f708462,3f9d9eed,40e8cf42,3e926e98,3f800000,1000,3f800000,1000,135041,128
4838,3f10ae53,3fb681d8,c07dd495,3f3be76d,3f800000,1000,3f800000,1000,134457,127
4839,3ffc4b0a,3f43e9e2,40de28f6,3f30a3d7,3f800000,1000,3f800000,1000,135041,128
4840,c00c09d5,bed3923a,c08a7d56,3f1ae148,00000000,0,00000000,0,132999,126
4841,c0365edd,bf3daace,bf752546,3dd91687,00000000,0,00000000,0,132416,126
4842,3f6b1855,3f99425b,bf0bcd36,3ee0c49c,3f800000,1000,3f800000,1000,133290,127
4843,401dae3e,3f8e12d7,408a48e9,3f36872b,3f800000,1000,3f800000,1000,133290,127
4844,402f5ad9,3fa1dc5d,c0b89a02,3f239581,3f800000,1000,3f800000,1000,130957,125
4845,bf5d013b,3f5b9ce0,41145fd9,3f1ae148,00000000,0,00000000,0,132415,125
4846,beaa18bd,be66f007,c10c7176,3f32f1aa,3f800000,1000,3f800000,1000,133874,128
4847,c049a3c2,bf27bb30,3ec39581,3f63126f,00000000,0,00000000,0,132707,126
4848,40453459,3fc861e5,c1057f63,3e604189,3f800000,1000,3f800000,1000,132707,126
4849,bf5ca81a,3eeda1cb,c0b6ff97,3f39999a,3f800000,1000,3f800000,1000,133582,126
4850,bfb4b3e5,3f0be910,4054adac,3f0d0e56,00000000,0,00000000,0,135040,128
4851,3d6685db,3f0f9653,c0504817,3db020c5,3f800000,1000,3f800000,1000,135040,128
4852,3f4e48e9,bca2d0e5,400d14e4,3f6f5c29,3f43a5c0,764,3f438000,764,133874,127
4853,bcd18d26,3f0263f1,c06ae48f,3e21cac1,3f800000,1000,3f800000,1000,135332,129
4854,bf96ae7d,3ef896bc,c084e48f,3f0e147b,3f2be084,671,3f2c0000,672,135040,128
4855,c02a6c4c,bf3431f9,402c20c5,3c83126f,00000000,0,00000000,0,133582,126
4856,bfc2ea74,3f0e2a99,4029d14e,3e3f7cee,00000000,0,00000000,0,134457,127
4857,bfcdea89,3e7fb4a2,c0f138ef,3f4a7efa,3f6058f3,876,3f608000,877,134457,128
4858,be819e30,3e91d495,c10c2a30,3ec10625,3f800000,1000,3f800000,1000,151373,145
4859,4052f790,3fbdc1be,40b4b924,3f32f1aa,3f800000,1000,3f800000,1000,137374,130
4860,bf6d35a8,3f6c5c92,c0891f8a,3f2353f8,3f800000,1000,3f800000,1000,134749,127
4861,403b2379,3fa4cc64,c005ad43,3f4353f8,3f800000,1000,3f800000,1000,132416,125
4862,bf8d8a33,3f254f0e,40a68ce7,3e6f9db2,00000000,0,00000000,0,131832,125
4863,3ef83a54,3fccc986,c05367a1,3f3ae148,3f800000,1000,3f800000,1000,132999,126
4864,3f3b5350,3e872fec,41006f69,3ce56042,00000000,0,00000000,0,132416,126
4865,bf4d0918,3f824ea5,3eb34d6a,3f2d0e56,3f0a52d7,540,3f0a4000,540,132707,126
4866,3fa205bc,3ed10cb3,c0d154ca,3ede353f,3f800000,1000,3f800000,1000,132707,125
4867,bf54562e,be84be0e,3f876944,3f69374c,00000000,0,00000000,0,133874,127
4868,bf817247,bee88312,c0cde0df,3f208312,3f3c3091,735,3f3c4000,735,137957,131
4869,3ff22e5e,3f4aa162,40e17b4a,3e8c49ba,3f800000,1000,3f800000,1000,135332,128
4870,bd816f00,beded42c,c1033886,3e79db23,3f800000,1000,3f800000,1000,134749,128
4871,bff3a344,3e51fbe7,c07a52bd,3ed0624e,00000000,0,00000000,0,134749,128
4872,bfa0e7ff,3f04cf42,c105c1be,3f68b439,3f800000,1000,3f800000,1000,135623,129
4873,3f1aa4fd,3fcd1bda,bf63c9ef,3f4ac083,3f800000,1000,3f800000,1000,135040,127
4874,bfdfbe77,3edbb4a2,c0ff42c4,3f2c0831,3f800000,1000,3f800000,1000,133873,127
4875,be92e72e,3f079168,bfc765fe,3f747ae1,3f3aa309,729,3f3ac000,729,139707,132
4876,3f0d25ee,3fab32ca,c0271aa0,3e916873,3f800000,1000,3f800000,1000,133582,127
4877,3f94e8fb,3ee27bb3,c0a2f9db,3de353f8,3f800000,1000,3f800000,1000,133291,127
4878,3f2a47ed,3f518794,c0afda51,3f4f5c29,3f800000,1000,3f800000,1000,134166,127
4879,3d7aebc4,3f9d2c3d,c0addb23,3f6bc6a8,3f800000,1000,3f800000,1000,132999,126
4880,be407dd4,beb7a92a,40e8af4f,3f23d70a,00000000,0,00000000,0,132707,126
4881,3f722292,3d26594b,4100cb29,3efc6a7f,00000000,0,00000000,0,132415,125
4882,3f20bb6f,be95d7dc,c1065a1d,3f420c4a,3f800000,1000,3f800000,1000,135624,129
4883,3f3c8755,bd03a29c,c0d6f007,3f26e979,3f800000,1000,3f800000,1000,133582,127
4884,40068d11,3f373f7d,41190be1,3e24dd2f,3f800000,1000,3f800000,1000,131832,125
4885,3e9d70a4,3f2a89a0,c0716d5d,3de76c8b,3f800000,1000,3f800000,1000,135332,127
4886,bfb8533b,3e9d566d,40b51340,3f7851ec,00000000,0,00000000,0,135332,128
4887,405af6e8,3fb8e00d,c0e1eb85,3e818937,3f800000,1000,3f800000,1000,134457,127
4888,40059ddc,3fafd4fe,4017295f,3f09fbe7,3f800000,1000,3f800000,1000,135915,129
4889,3f348beb,3ebc6738,c11f6595,3ed374bc,3f800000,1000,3f800000,1000,136790,130
4890,3face8fb,3fcd46dc,410a8241,3f6f5c29,3f800000,1000,3f800000,1000,134749,128
4891,3f859fd3,3fc3460b,c02a9931,3f322d0e,3f800000,1000,3f800000,1000,134165,127
4892,bffea7f0,3e673b64,c107119d,3e3020c5,3f43e47e,765,3f444000,767,132707,126
4893,3f8484b6,3f64fb7f,c0a8e48f,3e22d0e5,3f800000,1000,3f800000,1000,131832,126
4894,3fafe3d2,3f569e1b,bfb98937,3f5c6a7f,3f800000,1000,3f800000,1000,132707,126
4895,3e953501,3d03a29c,c02322d1,3df1a9fc,3f65fcdf,898,3f660000,898,133874,127
4896,40183cf3,3f42e076,bea01a37,3ea8f5c3,3f800000,1000,3f800000,1000,134165,127
4897,bf288a48,3f600831,3f2b98c8,3f3f7cee,3edd7aee,433,3edd6000,432,133291,127
4898,be18d79d,be7538ef,40c076c9,3ecd4fdf,00000000,0,00000000,0,133290,126
4899,3fa17ebb,3fb88c15,408135a8,3e8ac083,3f800000,1000,3f800000,1000,134457,128
4900,bf0b7e91,3f023f14,c0a81a37,3c9ba5e3,3f800000,1000,3f800000,1000,132999,127
4901,c05681ed,bf1194af,c0802eb2,3e9eb852,00000000,0,00000000,0,132416,125
4902,3f086445,bc793dd9,c0af923a,3f50a3d7,3f800000,1000,3f800000,1000,136790,129
4903,3f289614,3fa39097,c0b4786c,3f389375,3f800000,1000,3f800000,1000,135332,128
4904,3ef7f0ed,3f57ff2e,c100f8a1,3b449ba6,3f800000,1000,3f800000,1000,135624,128
4905,402b8b05,3f9dd2f2,4090b780,3de76c8b,3f800000,1000,3f800000,1000,134457,127
4906,bfc771c9,bf27f7cf,bd05f06f,3e9fbe77,00000000,0,00000000,0,132707,126
4907,3fc3352b,3f99374c,40db47ae,3e960419,3f800000,1000,3f800000,1000,153124,146
4908,3fe8c543,3f554d6a,411973eb,3f68f5c3,3f800000,1000,3f800000,1000,136207,128
4909,3fe6a551,3f690625,3d3c01a3,3d408312,3f800000,1000,3f800000,1000,134166,127
4910,c01ea9e7,beb20aa6,c11957a8,3f3d2f1b,3f145652,579,3f14a000,581,134166,128
4911,bfe8bac7,3e469ad4,c03dc5d6,3f41cac1,00000000,0,00000000,0,133582,126
4912,bfc63d1d,3ee5b717,c111c1be,3f2c49ba,3f800000,1000,3f800000,1000,133290,127
4913,3edcd35b,3e3c9eed,408a04ea,3f0c0831,3ccb4276,25,3cca4000,25,132998,126
4914,bff368f1,3e60e560,c0da4ea5,3f476c8b,3f129dd0,573,3f12a000,573,137957,131
4915,3f05edd0,bc2339c1,c11e8db9,3f49ba5e,3f800000,1000,3f800000,1000,133874,126
4916,402ec2ce,3f91ac08,3ff1205c,3f56872b,3f800000,1000,3f800000,1000,132124,125
4917,be280f13,bf3aa64c,c118f4f1,3d0b4396,3f800000,1000,3f800000,1000,132124,126
4918,3e421188,3fa19a6b,40ed930c,3e839581,3dbc6684,92,3dbb2000,91,134749,127
4919,3e8c5437,3fa072b0,bf921ff3,3e8b4396,3f800000,1000,3f800000,1000,134166,127
4920,c01ee393,beec5048,c0e60f91,3a83126f,3d953dee,73,3d958000,73,135624,129
4921,bf110cb3,3ce1cac1,3f67c84b,3f018937,00000000,0,00000000,0,135624,129
4922,bfb8403a,becff972,3dc9ba5e,3dd91687,00000000,0,00000000,0,135041,128
4923,bf1855da,bf1412d7,410eaa65,3f645a1d,00000000,0,00000000,0,134165,127
4924,bf4689ca,be12acda,3ff5844d,3e24dd2f,00000000,0,00000000,0,133582,127
4925,bf419653,bf08b296,bff9bda5,3f181062,3d57082a,52,3d574000,53,133874,127
4926,3ec2cba7,3fa269ad,400f4880,3e418937,3f800000,1000,3f800000,1000,132415,125
4927,bfe234ec,be58db8c,c0a315b5,3e3d70a4,3d93ee5c,72,3d94a000,73,131249,124
4928,3f87e08b,3f5b03b0,4078cb29,3c75c28f,3f800000,1000,3f800000,1000,132999,126
4929,bfad27e5,bd2d6a16,40848b44,3f2147ae,00000000,0,00000000,0,135916,128
4930,400f6a40,3f9fa440,404e594b,3da1cac1,3f800000,1000,3f800000,1000,135040,128
4931,40064207,3fc23afb,c0a77a78,3e6e978d,3f800000,1000,3f800000,1000,136790,129
4932,3fd4bd12,3f68d917,bf6f06f7,3ed0624e,3f800000,1000,3f800000,1000,132707,125
4933,be558b82,3f122824,41024189,3f1c6a7f,00000000,0,00000000,0,131833,125
4934,be5e3001,3ea6075f,c0ba0831,3e9eb852,3f800000,1000,3f800000,1000,131832,124
4935,3f9d2008,3f5b1b71,c0a50cb3,3f439581,3f800000,1000,3f800000,1000,136207,129
4936,3eb8255b,3f937c85,c0a637b5,3e178d50,3f800000,1000,3f800000,1000,133582,126
4937,bf84d35b,3e916042,c05a24dd,3eb7ced9,3ecfef75,406,3ecfe000,406,135332,128
4938,402724c8,3fbe013b,c10940b8,3f08f5c3,3f800000,1000,3f800000,1000,133874,127
4939,3ddbf488,3fa2c227,411ed9e8,3f0d4fdf,00000000,0,00000000,0,134457,127
4940,c053d9fd,bf1ce7d5,c0ec3f14,3f1b22d1,00000000,0,00000000,0,133290,126
4941,3ea88f86,3f4c8659,bfa4ed91,3c23d70a,3f800000,1000,3f800000,1000,136499,129
4942,40308f86,3f850831,c0b3bc02,3de56042,3f800000,1000,3f800000,1000,132124,126
4943,c007f77b,3d285879,c11f72b0,3e16872b,3f4da125,803,3f4de000,804,134749,128
4944,3eab9a17,3cdf8a09,c106a3d7,3ef5c28f,3f800000,1000,3f800000,1000,131249,125
4945,3e7c7f78,3ee85f07,408c4dd3,3e322d0e,00000000,0,00000000,0,135332,129
4946,3d2c710d,3f921ff3,40ab1de7,3ed0e560,3e38c4ba,180,3e384000,180,134749,128
4947,4018c693,3f657176,4008068e,3ea24dd3,3f800000,1000,3f800000,1000,135624,129
4948,3e682e88,3f3fe0df,40cb78d5,3d5d2f1b,00000000,0,00000000,0,135916,128
4949,c003acc5,bec73333,c050f0d8,3f04dd2f,00000000,0,00000000,0,136207,130
4950,3f921965,3f7d58e2,c05b8034,3f672b02,3f800000,1000,3f800000,1000,134749,128
4951,bf9b8f9b,3eb114e4,4101c986,3f1645a2,00000000,0,00000000,0,134458,127
4952,3f9917d7,3ec7d07d,40449518,3f1851ec,3f800000,1000,3f800000,1000,133290,127
4953,3fc78573,3fae46dc,c10346dc,3eb6c8b4,3f800000,1000,3f800000,1000,134748,128
4954,3f063f14,3e9c7454,bf61bda5,3e560419,3f800000,1000,3f800000,1000,134748,128
4955,3fd59408,3ee8e076,411ef2e5,3ddf3b64,3f523c5c,821,3f520000,820,135915,129
4956,c055859d,bef6d917,bf16c227,3d9ba5e3,00000000,0,00000000,0,137666,131
4957,3f3b8a5d,3eb63bcd,c0604d01,3d343958,3f800000,1000,3f800000,1000,136207,129
4958,c036d71f,bed94120,c104dd98,3ea5e354,3df317fe,119,3df3a000,119,134457,127
4959,c012edbb,3dec5d64,c10b23a3,3d810625,3f0c2ffe,548,3f0c6000,548,135333,129
4960,3fda1c04,3f9a1893,411b30be,3dd4fdf4,3f800000,1000,3f800000,1000,138249,131
4961,3db126e9,3e882de0,c0fd82aa,3f1c28f6,3f800000,1000,3f800000,1000,135332,128
4962,40043a54,3fa49e1b,40f9c361,3cc49ba6,3f800000,1000,3f800000,1000,134457,128
4963,3f87ebaf,3ebd0ff9,41033a2a,00000000,3e835090,256,3e828000,255,134457,128
4964,bf278ab1,3e3cf41f,bf5bcd36,3f618937,3dcfda40,101,3dd00000,102,135915,129
4965,bef7689d,3ee0c986,40d58106,3e1db22d,00000000,0,00000000,0,134165,128
4966,bf79f2bb,3f29be77,c1056738,3f7a1cac,3f800000,1000,3f800000,1000,136208,129
4967,bf350c5f,3edb8034,c0b44c30,3f2b4396,3f800000,1000,3f800000,1000,134457,127
4968,be96eac8,be545d64,3e16a162,3f62d0e5,00000000,0,00000000,0,136790,130
4969,3e01d7dc,3f6366cf,c10c9a6b,3e49ba5e,3f800000,1000,3f800000,1000,138249,132
4970,3f4db76b,3f8bd8ae,406be910,3e8d4fdf,3f800000,1000,3f800000,1000,137082,130
4971,400ec56d,3f82d2f2,c032978d,3f0dd2f2,3f800000,1000,3f800000,1000,133582,126
4972,3fcc3223,3f8f3d71,4103fec5,3ea4dd2f,3f800000,1000,3f800000,1000,134165,127
4973,be36262d,3f93a512,c0bd21ff,3f7a9fbe,3f800000,1000,3f800000,1000,134457,127
4974,bf96e979,3ee25fd9,3fea92a3,3ed47ae1,00000000,0,00000000,0,133874,127
4975,bfa18fc5,3c8816f0,c085e83e,3f7cac08,3e82f57e,256,3e832000,256,132416,126
4976,403ffd0d,3fabe076,bfc94120,3f3374bc,3f800000,1000,3f800000,1000,133874,127
4977,3ed2d4d4,3f5f8106,bfa13405,3d3020c5,3f800000,1000,3f800000,1000,134749,128
4978,bc8ce704,3fa20d1b,3fd5119d,3f76872b,3f728efe,947,3f726000,947,135040,127
4979,40011eb8,3f368db9,bf892d77,3f2ed917,3f800000,1000,3f800000,1000,134749,127
4980,4054201d,3fb6c433,4098a64c,3f05a1cb,3f800000,1000,3f800000,1000,220206,211
4981,bffd0e56,3eb67525,406ddcc6,3e9cac08,00000000,0,00000000,0,137666,130
4982,bf712ec7,bebaf9db,c0c1e0df,3f456042,3f37737e,717,3f378000,717,136499,129
4983,bfe290ac,3e8dfd8b,c01e0275,3ea8f5c3,00000000,0,00000000,0,134749,127
4984,bf3d7b20,bcff9724,c0de52bd,3dcccccd,3f6915be,910,3f694000,911,133874,126
4985,bf9ef545,bf1f404f,40f88588,3e820c4a,00000000,0,00000000,0,135624,128
4986,3f7a8049,3e943c9f,4106ef35,3ed60419,3d9c8a9e,76,3d9c8000,76,134457,128
4987,be8d4d40,3e8dc28f,411ed845,3f4ac083,00000000,0,00000000,0,133582,126
4988,bf72aae3,3f743f14,c0a0902e,3e7ced91,3f800000,1000,3f800000,1000,134165,127
4989,c02dc8c9,be541893,bfaae148,3f5eb852,00000000,0,00000000,0,135916,128
4990,3efbf488,3f27afb8,c04472b0,3f02d0e5,3f800000,1000,3f800000,1000,139415,132
4991,bff49f95,3e4741f2,be86dc5d,3e883127,00000000,0,00000000,0,134166,127
4992,bfed0481,3e1e52bd,c1063127,3f7f7cee,3f57bf36,843,3f580000,844,136790,129
4993,bee0c1fd,bf0d2bd4,c0a17319,3f79db23,3f4e6751,806,3f4e8000,807,135332,128
4994,3f0e685e,3f96bd3c,40fc8f5c,3f4ac083,3eec56af,462,3eec2000,461,134749,127
4995,3f9d8c2a,3f351f8a,4107758e,3ecac083,3f45c4fe,773,3f456000,771,135041,128
4996,3fb88d8f,3e8e2d0e,3effb15b,3e19999a,3f800000,1000,3f800000,1000,136207,130
4997,bf8ca772,bd54d6a1,40b37c1c,3e991687,00000000,0,00000000,0,134749,127
4998,bed187e8,3f92db8c,c0433d08,3f2dd2f2,3f800000,1000,3f800000,1000,134748,128
4999,bfeda273,bf30a7f0,c09a3d71,3f11a9fc,3c8509d4,16,3c87a000,17,134457,127
5000,be124f22,be0c1206,c1061eb8,3ef2b021,3f800000,1000,3f800000,1000,135040,127
5001,3fe0e0ca,3edbb15b,4088f27c,3f6a7efa,3f800000,1000,3f800000,1000,134457,127
5002,bff9e59f,bf18faad,c088985f,3f360419,00000000,0,00000000,0,133874,128
5003,be5cc101,3f6a9e1b,4069e69b,3df9db23,3dbb2b70,91,3dbac000,91,139123,132
5004,bf82ee63,3f6a1bda,bfdd9e84,3f69374c,3f3bfdc0,734,3f3c2000,735,138248,131
5005,bdfdf3b6,3f02e219,3e4ea4a9,3f6e147b,3ef31a96,475,3ef30000,475,131249,124
5006,bfb99ae9,3ea19168,403170a4,3f649ba6,00000000,0,00000000,0,130082,123
5007,c062b314,bf21dbf5,4002d917,3f256042,00000000,0,00000000,0,131540,124
5008,3d99e300,3ebca8c1,40bd0f28,3ded9168,00000000,0,00000000,0,130083,123
5009,bdeb1c43,3f8898c8,c0bc6b51,3ee24dd3,3f800000,1000,3f800000,1000,130666,124
5010,bf232229,bef695ea,409b1b71,3f1df3b6,00000000,0,00000000,0,131832,126
5011,bf99f16b,be21a9fc,c0915dcc,3f353f7d,3e9d423e,307,3e9d4000,307,131249,125
5012,bfef6167,3e6ff972,410107c8,3f3645a2,00000000,0,00000000,0,130957,124
5013,bf0a32f4,3de31f8a,40acfaad,3f7e76c9,00000000,0,00000000,0,132415,126
5014,bf9f290b,bed3b4a2,408417c2,3f5e76c9,00000000,0,00000000,0,131832,124
5015,bff35009,3e6a43fe,4115db23,3c75c28f,00000000,0,00000000,0,131833,125
5016,3f5b76b4,3fa72ca5,3f7d4952,3e20c49c,3f800000,1000,3f800000,1000,135333,128
5017,3ff5dcc6,3f8bd845,3f778034,3ef851ec,3f800000,1000,3f800000,1000,133290,126
5018,3f85f8f4,3f47a027,c0748659,3f6872b0,3f800000,1000,3f800000,1000,133290,126
5019,3ee5729b,3fc40a3d,4076bb99,3ec3126f,3f800000,1000,3f800000,1000,134457,127
5020,3e6d5cfb,3fa58241,c11964c3,3f43d70a,3f800000,1000,3f800000,1000,132998,126
5021,bea24dd3,3f90b852,c0dad42c,3e926e98,3f800000,1000,3f800000,1000,133291,127
5022,3f1368f1,bdc68db9,bf9b4a23,3ec08312,3f800000,1000,3f800000,1000,133582,127
5023,bf9d7a78,bf3a1cac,c10627bb,3f0bc6a8,3f77fc76,969,3f780000,969,134166,128
5024,bf61b717,3f2c617c,c0d6f5c3,3dc28f5c,3f800000,1000,3f800000,1000,131832,125
5025,be2f0069,bf0f85f0,c0bd460b,3c656042,3f800000,1000,3f800000,1000,133290,126
5026,bf589f41,bdb096bc,40c68659,3ea24dd3,00000000,0,00000000,0,132416,126
5027,400601cd,3f0f096c,c0820ded,3ef6c8b4,3f800000,1000,3f800000,1000,130957,124
5028,3fd7eda6,3f311340,3f965fd9,3e9d2f1b,3f800000,1000,3f800000,1000,167998,162
5029,3f90548b,3e127525,c0ce3afb,3cbc6a7f,3f800000,1000,3f800000,1000,132707,126
5030,bf988f86,bf15a1cb,c06c2a99,3f29ba5e,3e1e49b2,155,3e1ea000,155,131832,125
5031,3f5b4396,3fae9b3d,409e786c,3f18d4fe,3f800000,1000,3f800000,1000,134166,127
5032,bfe09ca2,beb53f7d,406d3dd9,3d99999a,00000000,0,00000000,0,132999,127
5033,beb44e51,3f9e86c2,c0393a93,3f4d4fdf,3f800000,1000,3f800000,1000,132999,126
5034,bf051aca,3db765fe,bf0f7cee,3e1eb852,00000000,0,00000000,0,132707,126
5035,be7ea5f8,3fa51eb8,408718fc,3f333333,3ebbc4d0,367,3ebb8000,366,132416,126
5036,3fbb8e4c,3f15ac71,c0cc2eb2,3ea3d70a,3f800000,1000,3f800000,1000,132415,125
5037,be6de00d,bda930be,3e6f6944,3f578d50,00000000,0,00000000,0,131832,125
5038,bf563886,3f2c4c30,bff9f213,3e2f1aa0,3f136f7a,576,3f136000,576,131832,125
5039,c0059a41,beb3020c,40b1b2ff,3c9ba5e3,00000000,0,00000000,0,134457,128
5040,3efe9b7c,3e4f9097,40464745,3e020c4a,3e9b9d7f,304,3e9b8000,304,135332,128
5041,3ffa602d,3f5c4dd3,40cc9518,3ed6872b,3f800000,1000,3f800000,1000,133582,126
5042,bf168c69,beda0275,4041eecc,3e9d2f1b,00000000,0,00000000,0,137373,131
5043,be94aa11,3f902a30,3fa05879,3e5c28f6,3f2f3ae8,684,3f2f2000,684,135332,128
5044,3f9ac322,3fbe779a,bffd3c36,3f12b021,3f800000,1000,3f800000,1000,134457,127
5045,c0113943,be163bcd,409f9e84,3f0f1aa0,00000000,0,00000000,0,133291,126
5046,3fe49907,3f7dac71,40ff2d77,3e99999a,3f800000,1000,3f800000,1000,135040,128
5047,c00e6373,bf1e703b,c10b7803,3eca3d71,3f04200c,516,3f046000,517,132124,126
5048,bf33458d,3e9e3055,40d94952,3f6d9168,00000000,0,00000000,0,134457,127
5049,40351a22,3fb93886,c062d42c,3ef53f7d,3f800000,1000,3f800000,1000,134166,128
5050,4011bf48,3f44a993,beb04817,3f7eb852,3f800000,1000,3f800000,1000,132415,126
5051,bef0941d,bd816873,40d59724,3eec8b44,00000000,0,00000000,0,132999,126
5052,c0178034,3dd47454,c0e327bb,3f3851ec,3e8f1c2b,280,3e8f4000,280,132416,126
5053,be3b83cf,3f2a0c4a,404af1aa,3f272b02,3caa4548,21,3ca58000,20,137665,131
5054,bfd8df7a,beb75f70,c0e9e1b1,3eced917,3f076104,529,3f078000,529,134748,128
5055,402de98e,3f930d1b,3ccccccd,3ed4fdf4,3f800000,1000,3f800000,1000,132707,126
5056,40099ae9,3f8de1b1,c0ac4dd3,3f4c8b44,3f800000,1000,3f800000,1000,132707,126
5057,3f32cf96,3e483e42,c1137d56,3f46a7f0,3f800000,1000,3f800000,1000,136207,129
5058,bf695033,3f84c433,40ae9e1b,3f46a7f0,00000000,0,00000000,0,136207,129
5059,bf441c82,3ea62681,40b2339c,3da5e354,00000000,0,00000000,0,135624,129
5060,3fa7c99b,3f5ce3bd,40d63c9f,3f2e5604,3f800000,1000,3f800000,1000,135624,128
5061,bff51633,bebe9ad4,c0c9b15b,3f6ccccd,3e944d43,290,3e948000,290,135040,128
5062,bfe34d6a,3eba425b,410eaace,3f4b4396,00000000,0,00000000,0,134457,128
5063,bf2dd2f2,3f8b52bd,40bdce07,3e883127,00000000,0,00000000,0,134166,127
5064,3bba1f4b,be4ee632,40af9653,3ea872b0,00000000,0,00000000,0,131540,125
5065,3f2d36f8,3f1119ce,40b2bee0,3f67ae14,3efd540c,495,3efd2000,494,132416,125
5066,bf874c6e,be9758e2,4105d14e,3cbc6a7f,00000000,0,00000000,0,132415,126
5067,c01245a2,3e2d42c4,40421ff3,3f3a9fbe,00000000,0,00000000,0,138541,132
5068,bf8e1e4f,bede45a2,40dd645a,3cb43958,00000000,0,00000000,0,133290,127
5069,bf81bcfd,3eb38034,403283e4,3f316873,00000000,0,00000000,0,133290,125
5070,bfd9374c,bf36daba,40455810,3f3c6a7f,00000000,0,00000000,0,132415,126
5071,bf8d2c7c,3de4ea4b,c0bfbcd3,3e75c28f,3f2bf201,672,3f2c2000,672,131249,125
5072,3fe6b314,3fb7d14e,408f9a6b,3ebef9db,3f800000,1000,3f800000,1000,132124,125
5073,bfb0adac,3e137e91,40c1f55a,3f004189,00000000,0,00000000,0,133290,127
5074,3fbbb2ff,3eb7c84b,c0cf9168,3f53f7cf,3f800000,1000,3f800000,1000,133582,127
5075,3ee324c8,3dace076,c053d07d,3ce56042,3f800000,1000,3f800000,1000,134749,127
5076,bfa7e868,bdffb15b,3feb9f56,3f13b646,00000000,0,00000000,0,135332,128
5077,bd9ad42c,3f0ff06f,c060ebee,3f19999a,3f800000,1000,3f800000,1000,137957,130
5078,3fd5b813,3fbe43fe,40ca64c3,3f3126e9,3f800000,1000,3f800000,1000,137665,130
5079,c0502b95,bf13bb30,3dea161e,3f7ba5e3,00000000,0,00000000,0,135332,127
5080,bd83c4b1,3c1c0ebf,bef25461,3edcac08,3dff60e2,125,3dff6000,125,134457,128
5081,3f795e9e,3eaa161e,c08e87fd,3ec39581,3f800000,1000,3f800000,1000,133873,127
5082,3fff414a,3fbe9581,c0f2b296,3f5a9fbe,3f800000,1000,3f800000,1000,133290,127
5083,3d3fc654,3f24ebee,c0d4fb7f,3f374bc7,3f800000,1000,3f800000,1000,132416,126
5084,3e43d46b,3fc947ae,bf98346e,3ee24dd3,3f800000,1000,3f800000,1000,133582,127
5085,3f282d38,3fceb0f2,402dbc02,3ea7ef9e,3f800000,1000,3f800000,1000,132999,126
5086,bf5d1783,3dabf488,410a703b,3f574bc7,00000000,0,00000000,0,139416,131
5087,bfd487fd,3ee77319,c067be77,3ec7ae14,3e93295e,287,3e936000,288,135332,128
5088,c02db424,be446738,bf3be0df,3f020c4a,00000000,0,00000000,0,133290,126
5089,3fc6add6,3fbcd220,c08f4e3c,3e29fbe7,3f800000,1000,3f800000,1000,132999,127
5090,3fe6c80c,3f951aa0,bf4bac71,3f391687,3f800000,1000,3f800000,1000,134165,126
5091,bef1af3a,3eae1b09,3fbe6320,3ecbc6a8,00000000,0,00000000,0,134749,128
5092,3fe0beb6,3eb86595,408844d0,3eb95810,3f800000,1000,3f800000,1000,133874,127
5093,c04f8961,bf1e7efa,41138588,3f19999a,00000000,0,00000000,0,134457,128
5094,bf6e59f3,bf1c95ea,40ce63f1,3ea24dd3,00000000,0,00000000,0,133874,127
5095,3ed3e575,bce11340,c0a1a29c,3f35c28f,3f800000,1000,3f800000,1000,134166,127
5096,402b2ca5,3f856d5d,c108d567,3ecb4396,3f800000,1000,3f800000,1000,135915,128
5097,3eda36e3,3f2e0831,c10f7cee,3f404189,3f800000,1000,3f800000,1000,132999,126
5098,c022f156,bf04d5d0,c115c711,3c449ba6,3eddcd75,433,3edda000,433,132708,126
5099,3f436113,3ecb46dc,40bc3fe6,3f4b4396,3ec7ab3e,390,3ec76000,389,133290,127
5100,3e95dcc6,be4a9931,c0af126f,3eb1a9fc,3f800000,1000,3f800000,1000,131540,125
5101,3f371759,3ed444d0,c061cc64,3eec0831,3f800000,1000,3f800000,1000,177623,170
5102,3f8d8106,3f7bc433,40fc779a,3ee6e979,3f779cea,967,3f776000,966,138832,132
5103,bfd0a47f,be4cb296,4087b8bb,3d75c28f,00000000,0,00000000,0,134748,128
5104,c0184e51,3dddbf48,4105013b,3c75c28f,00000000,0,00000000,0,133582,127
5105,3ee4c836,3f7bfa44,40a87525,3f3cac08,3f1ce57b,613,3f1cc000,612,133874,127
5106,bf3cdb38,3f3b54ca,408dd70a,3efd70a4,00000000,0,00000000,0,134166,127
5107,3e8d64d8,bf01c505,40bc92a3,3f170a3d,00000000,0,00000000,0,139124,132
5108,befe3fbc,be920aa6,3fa6c227,3d591687,00000000,0,00000000,0,135624,128
5109,3fb4a772,3f4672b0,c0155e9e,3ef33333,3f800000,1000,3f800000,1000,134457,128
5110,bd32e9cd,3fad0f28,4113020c,3f68b439,00000000,0,00000000,0,135623,129
5111,bff42a45,bf07fe5d,410f1b09,3f69374c,00000000,0,00000000,0,134457,128
5112,3e9a36e3,3f9945a2,40369931,3f3020c5,3f800000,1000,3f800000,1000,134165,127
5113,bf11b717,be3db8bb,409ef694,3f1fbe77,00000000,0,00000000,0,132416,126
5114,c00a4452,bf01ef9e,c103db23,3ed78d50,3eee37e2,465,3eeea000,466,132999,126
5115,3fcbfbbd,3fce978d,c0d30f28,3f3a1cac,3f800000,1000,3f800000,1000,132999,127
5116,3fdfebaf,3f04b021,4090240b,3cb43958,3f800000,1000,3f800000,1000,133582,126
5117,bfd769ec,3ed1eb85,3ecacd9f,3f076c8b,00000000,0,00000000,0,131832,125
5118,3efedd05,3fa793de,40f076c9,3f6e978d,3f160308,586,3f15e000,585,132707,126
5119,3be8a71e,3f860a3d,c0c79b3d,3e6147ae,3f800000,1000,3f800000,1000,132124,124
5120,3f597b74,be4816f0,c06c6738,3e78d4fe,3f800000,1000,3f800000,1000,130957,124
5121,3fba32f4,3f2946dc,c09ee148,3ef2b021,3f800000,1000,3f800000,1000,133291,126
5122,3f6d42c4,3fcc70a4,4097e282,3dc08312,3f800000,1000,3f800000,1000,130957,124
5123,4024902e,3f89617c,40822a99,3f600000,3f800000,1000,3f800000,1000,136499,130
5124,3eb0f51b,3f7eb1c4,c11c58e2,3d79db23,3f800000,1000,3f800000,1000,134457,127
5125,3e61ab4b,3ec32e49,bedf7cee,3f49fbe7,3f4e9b2c,807,3f4e8000,807,135624,129
5126,4024a03c,3f97d773,c0d00347,3ef53f7d,3f800000,1000,3f800000,1000,139999,133
5127,bd8e7579,be6a339c,40a2dfa4,3d75c28f,00000000,0,00000000,0,134749,128
5128,bc439ffd,bf25b7e9,be327bb3,3f09ba5e,3dcb2b78,99,3dcb2000,99,134749,128
5129,400be426,3faaf41f,407af9db,3f451eb8,3f800000,1000,3f800000,1000,132999,126
5130,3e82d0e5,3f385e35,40642de0,3f6ac083,3ee6891a,450,3ee68000,450,133582,127
5131,3f130015,be07df3b,c046daba,3f1374bc,3f800000,1000,3f800000,1000,133290,126
5132,bf322142,3f5ccccd,c0e5f3b6,3f441893,3f800000,1000,3f800000,1000,132707,126
5133,3f097b74,3f8b47ae,411e2a99,3f3e76c9,00000000,0,00000000,0,132999,125
5134,3fa74491,3f8c4af5,bfa2daba,3f71a9fc,3f800000,1000,3f800000,1000,131832,126
5135,3d38bac7,3ef0d014,4115652c,3f7e76c9,00000000,0,00000000,0,132416,126
5136,c0406e6e,bf3fab9f,bdce703b,3f31a9fc,00000000,0,00000000,0,133290,126
5137,bf2c6152,3f54a993,4110fbe7,3ed3f7cf,00000000,0,00000000,0,133582,127
5138,bffaa3ad,bea18adb,411571de,3f5d70a4,00000000,0,00000000,0,133874,127
5139,bfa6dc5d,be381062,4113c711,3eaf1aa0,00000000,0,00000000,0,135624,129
5140,3f8ad42c,3ee2e48f,40eb4a23,3dbe76c9,3f03bd8a,515,3f03c000,515,135332,128
5141,3fffef9e,3fcd404f,40ff020c,3f483127,3f800000,1000,3f800000,1000,134748,128
5142,3fc8e94f,3eefcd36,c1002824,3e48b439,3f800000,1000,3f800000,1000,134165,127
5143,3f98c693,3f898adb,c0acadac,3f6e978d,3f800000,1000,3f800000,1000,136791,130
5144,c011ea36,be92cbfb,c054ac08,3dc8b439,00000000,0,00000000,0,251123,241
5145,c013e719,be5bc361,411c7a10,3de353f8,00000000,0,00000000,0,170915,161
5146,400ecaff,3f324ea5,c10c2de0,3efb645a,3f800000,1000,3f800000,1000,139999,133
5147,beeaed14,3f5f6944,c066b50b,3f0e978d,3f800000,1000,3f800000,1000,137082,130
5148,bf14d6a1,3f87d2f2,c034710d,3f4a7efa,3f800000,1000,3f800000,1000,133582,127
5149,bf402364,3e517f63,bf194467,3e6e978d,00000000,0,00000000,0,139124,133
5150,be38769f,3f74bc6a,4096872b,3f0ac083,00000000,0,00000000,0,135624,128
5151,bf1a732e,be850e56,411019ce,3d1fbe77,00000000,0,00000000,0,134457,127
5152,bf6aae29,bf1ed1b7,3e671de7,3ecf5c29,00000000,0,00000000,0,134457,127
5153,3ea3c9ef,3ca04189,be4e2196,3f3f7cee,3f1083be,565,3f108000,564,134166,127
5154,3fb12253,3f903f7d,c08ba6b5,3d851eb8,3f800000,1000,3f800000,1000,134457,127
5155,3e167770,3f0d0069,410448e9,3eab020c,00000000,0,00000000,0,137666,130
5156,bfbd1d69,bdd793de,c10324dd,3f5eb852,3f57f8cb,844,3f580000,844,135332,128
5157,3ef0a676,3f9dc155,40fd39c1,3db43958,3ea6384b,325,3ea5c000,324,136207,129
5158,4024e50c,3f9c2b6b,c1116d5d,3f439581,3f800000,1000,3f800000,1000,135040,127
5159,c0368e0d,beef2618,40f88e8a,3ee6e979,00000000,0,00000000,0,134457,128
5160,3f46aa8f,3d8e147b,c081bb30,3f69fbe7,3f800000,1000,3f800000,1000,133873,127
5161,c010be0e,bc874539,c1103f7d,3f5e76c9,3f1950dc,599,3f196000,599,132416,126
5162,c0270fd0,bce48e8a,c0971b71,3f2c0831,00000000,0,00000000,0,130957,124
5163,3edfa1a1,3fb62546,40b35326,3e8ed917,3f6341d2,888,3f630000,887,132999,126
5164,c036238e,bea62824,410f8e8a,3e6872b0,00000000,0,00000000,0,134166,128
5165,3fc3afb8,3f68978d,40c6e48f,3f666666,3f800000,1000,3f800000,1000,132415,125
5166,3cfaacda,be97edfa,3e41205c,3d9fbe77,3d09c1b5,34,3d09a000,34,133582,127
5167,4045f55a,3f9e566d,3f3594af,3e3020c5,3f800000,1000,3f800000,1000,134749,127
5168,c02982fd,bef4b0f2,c02114e4,3e418937,00000000,0,00000000,0,131833,125
5169,bfac3958,beda1134,bf9e0aa6,3f522d0e,00000000,0,00000000,0,133290,126
5170,bf96af25,3f4289a0,40b12b02,3de353f8,00000000,0,00000000,0,137082,129
5171,403995ff,3fbbd639,c06f58e2,3efa5e35,3f800000,1000,3f800000,1000,136499,130
5172,c035421c,bf3ee560,40e61062,3ed0624e,00000000,0,00000000,0,135915,129
5173,3f5c06e2,3fcad567,40a52fec,3f610625,3f800000,1000,3f800000,1000,143498,135
5174,3e0ed3d8,3fb62546,c11d78d5,3ed70a3d,3f800000,1000,3f800000,1000,138248,130
5175,3fec49ba,3f8e65fe,c0c26738,3f70a3d7,3f800000,1000,3f800000,1000,135040,128
5176,3f9e08af,3f83e560,4094e219,3d810625,3f800000,1000,3f800000,1000,135624,129
5177,bf88bac7,3b12a305,c0525fd9,3f64dd2f,3e2d0c2c,169,3e2d2000,169,135916,128
5178,c004816f,bf1734d7,c0cdad43,3ec28f5c,3e380bb1,180,3e382000,180,136499,129
5179,3f8adcb1,3f99346e,402c5532,3ced9168,3f800000,1000,3f800000,1000,135332,129
5180,bf9ec02f,3eec2f83,c0d9844d,3f195810,3f800000,1000,3f800000,1000,136207,129
5181,bf24f616,be87afb8,403a9fbe,3f4ccccd,00000000,0,00000000,0,136207,129
5182,40087bdd,3fc5d495,c08b4952,3f6b020c,3f800000,1000,3f800000,1000,133290,127
5183,3c22877f,3f073405,411c7247,3eb8d4fe,00000000,0,00000000,0,135916,129
5184,c0381cd6,bf2d53f8,40b075f7,3ec9ba5e,00000000,0,00000000,0,135915,128
5185,3f4ccb7d,3fc675f7,c10dfec5,3f651eb8,3f800000,1000,3f800000,1000,132416,125
5186,3f510236,3f86fdf4,4112c361,3e439581,3ecc0e82,399,3ecbc000,398,135332,128
5187,403ba249,3fb54d01,bfe51eb8,3e604189,3f800000,1000,3f800000,1000,135040,127
5188,3fa88462,3fb0793e,40ab1aa0,3efe76c9,3f800000,1000,3f800000,1000,134748,128
5189,3f306f69,3f1ace70,4037df3b,3ef43958,3f7da287,991,3f7d6000,990,133873,127
5190,3e523a2a,bedc5f07,410b1206,3f4c49ba,00000000,0,00000000,0,134457,128
5191,bf587161,3f613190,c07bbcd3,3c656042,3f800000,1000,3f800000,1000,135916,129
5192,4024c6e7,3fc53afb,405d9ce0,3f0b4396,3f800000,1000,3f800000,1000,141749,134
5193,3fd56388,3f90d917,4101db23,3eab851f,3f800000,1000,3f800000,1000,136499,129
5194,3fb0ae53,3f589375,c0c2cf42,3f558106,3f800000,1000,3f800000,1000,136790,129
5195,be883e42,3f263958,c00c3127,3f3a1cac,3f7035d3,938,3f704000,938,135332,128
5196,bf4f212d,3f315dcc,bf221ff3,3e4fdf3b,3ebf20e1,373,3ebf2000,373,136791,129
5197,bed0e2c1,3f7cc3ca,409cd845,3f683127,00000000,0,00000000,0,139999,133
5198,bf9657fb,bf1b78d5,c0dc45a2,3f389375,3f3e6cf6,744,3f3e8000,744,133582,127
5199,403f6944,3fa3f838,c108eb1c,3f3ae148,3f800000,1000,3f800000,1000,135916,129
5200,bd9a9542,3fc9f06f,3f78e219,3f05a1cb,3f800000,1000,3f800000,1000,136499,129
5201,3fb3573f,3fcb7d56,c089f8a1,3ba3d70a,3f800000,1000,3f800000,1000,137957,131
5202,bf40b392,3f022de0,3f940831,3f4a7efa,00000000,0,00000000,0,134165,127
5203,3ee39abf,bd3e1b09,3ff6353f,3dbc6a7f,3e859102,261,3e858000,261,136207,129
5204,3efa8827,3eab4bc7,c034be0e,3dae147b,3f800000,1000,3f800000,1000,135624,129
5205,c0213f7d,bf2d8106,40511687,3f3e76c9,00000000,0,00000000,0,136207,128
5206,c0324799,bee891d1,bf61d7dc,3ee3d70a,00000000,0,00000000,0,135623,129
5207,40481adf,3f9a3886,bbfc5048,3f2fdf3b,3f800000,1000,3f800000,1000,135624,129
5208,3f47ebaf,3f8fa440,3fa28241,3eba5e35,3f800000,1000,3f800000,1000,136207,129
5209,bfa1018e,3e9451ec,c07063f1,3efe76c9,3ec1530d,378,3ec18000,378,135624,128
5210,3f93890d,3fcebc02,40dcaa65,3f24dd2f,3f800000,1000,3f800000,1000,133874,127
5211,3ff4faad,3f2df7cf,c0652bd4,3f77ced9,3f800000,1000,3f800000,1000,134166,127
5212,3f6588e3,3f18b439,be6c56d6,3c75c28f,3f800000,1000,3f800000,1000,136207,129
5213,bffd9f2c,bca45a1d,c0867bb3,3e52f1aa,00000000,0,00000000,0,135041,128
5214,3fb13166,3f5958e2,c08754ca,3f6c8b44,3f800000,1000,3f800000,1000,135041,128
5215,3f9d6b66,3e9121ff,bfd63bcd,3f7020c5,3f800000,1000,3f800000,1000,135624,129
5216,ba22877f,3e66978d,c0858ef3,3f1c6a7f,3f800000,1000,3f800000,1000,133874,127
5217,bf8c764b,3eec13a9,c11ac28f,3f76c8b4,3f800000,1000,3f800000,1000,132707,125
5218,3f2ab607,3ebe83e4,bf8b8bac,3ed0e560,3f800000,1000,3f800000,1000,135041,128
5219,bf60fcf8,bf0ba9fc,410da440,3f791687,00000000,0,00000000,0,135332,129
5220,bf9d753a,3e083e42,40e7182b,3f276c8b,00000000,0,00000000,0,135041,128
5221,c0694bf1,bf27f141,40f41cac,3f6ed917,00000000,0,00000000,0,134749,128
5222,3f4ea748,3f88460b,40f5fbe7,3ee45a1d,3f304338,689,3f300000,688,147582,141
5223,3fb6cb53,3f1e0ebf,40da346e,3f624dd3,3f800000,1000,3f800000,1000,131249,125
5224,bf614b9d,be45d639,c108d567,3ee5e354,3f800000,1000,3f800000,1000,130374,124
5225,bfde96e6,be151eb8,c10ca234,3f56872b,3f510217,816,3f510000,816,130666,124
5226,bfd1782d,bddc710d,400be282,3f753f7d,00000000,0,00000000,0,130957,125
5227,3fe09d49,3ec7404f,c0178a09,3eb8d4fe,3f800000,1000,3f800000,1000,130082,123
5228,402875f7,3f68d4fe,40b8e7d5,3eced917,3f800000,1000,3f800000,1000,130665,124
5229,c00c9279,be0d6d5d,406d85f0,3eb95810,00000000,0,00000000,0,132123,125
5230,bf97ac1d,3de425af,40f0a4a9,3efe76c9,00000000,0,00000000,0,132416,125
5231,bf0f6be3,be1a05bc,c0e194af,3f4c8b44,3f800000,1000,3f800000,1000,132707,126
5232,4016b7aa,3fba9446,c0bf5810,3dbc6a7f,3f800000,1000,3f800000,1000,132123,126
5233,bf0b5dcc,be94902e,c088c8b4,3efd70a4,3f1113e8,567,3f112000,567,132999,126
5234,3f26c4c6,3e98240b,bf8a8588,3f56c8b4,3f800000,1000,3f800000,1000,133582,126
5235,bf93e2d6,3f101b09,c0877c1c,3f3cac08,3f48e4f0,785,3f490000,785,132416,126
5236,3f6100e7,3f4fc0ec,bf683127,3eea7efa,3f800000,1000,3f800000,1000,132707,125
5237,bfa15a08,3f0b8d50,c111cd9f,3f79999a,3f800000,1000,3f800000,1000,131248,125
5238,c0120aa6,beaac711,be9288ce,3f65e354,00000000,0,00000000,0,133582,127
5239,3f1e54b5,3eeeacda,c09e3c9f,3f2fdf3b,3f800000,1000,3f800000,1000,132998,126
5240,3fa4317b,3f1445a2,c11d161e,3f23d70a,3f800000,1000,3f800000,1000,134166,127
5241,3ed18a87,3ecfc361,c09cb296,3f789375,3f800000,1000,3f800000,1000,132999,126
5242,3fdd7343,3fb62196,4108205c,3d9ba5e3,3f800000,1000,3f800000,1000,133290,126
5243,c0267818,bed22d0e,c0032618,3f50624e,00000000,0,00000000,0,132707,126
5244,bf0a79bc,3f562eb2,40fa6a7f,3f649ba6,00000000,0,00000000,0,131540,124
5245,bfd7a787,bf05f06f,c119ab9f,3d4ccccd,3f6950fb,911,3f696000,912,133874,127
5246,4026b9f5,3fa09eed,3f004ea5,3f4e5604,3f800000,1000,3f800000,1000,137374,126
5247,bfc95571,3efdc433,c108460b,3e90624e,3f800000,1000,3f800000,1000,133582,127
5248,3fabb98c,3ede8f5c,3e6f1aa0,3d99999a,3f800000,1000,3f800000,1000,134457,128
5249,3fc09bfa,3fa1367a,40fc3afb,3ef645a2,3f800000,1000,3f800000,1000,136207,129
5250,bfdedfa4,3ea08312,40096873,3e8ac083,00000000,0,00000000,0,134166,127
5251,bf1bab22,bea1ed29,3f124745,3f4c49ba,00000000,0,00000000,0,132707,126
5252,be9335d2,3ef42268,c11f4af5,3d4ccccd,3f800000,1000,3f800000,1000,133290,126
5253,4009fa98,3f6fcd36,c0731f8a,3eddb22d,3f800000,1000,3f800000,1000,135624,128
5254,3fccc836,3f847b4a,4054a57a,3f12f1aa,3f800000,1000,3f800000,1000,132998,126
5255,be720d99,3ebca234,40f61e4f,3f126e98,00000000,0,00000000,0,132415,126
5256,bf26e2eb,3e10db8c,410f9446,3ed1eb85,00000000,0,00000000,0,133291,126
5257,3ff20903,3f28e979,c0759653,3d343958,3f800000,1000,3f800000,1000,132124,126
5258,3f78216c,3f38680a,4103bd3c,3e5f3b64,3eefa79b,468,3eef2000,467,132707,127
5259,3ffcf766,3f7a4f76,c0ac68dc,3ba3d70a,3f800000,1000,3f800000,1000,133582,126
5260,c01eb4b7,bdd81d7e,40923d71,3f0a3d71,00000000,0,00000000,0,133291,127
5261,bf427d03,3f62c986,c10c0553,3e79db23,3f800000,1000,3f800000,1000,133291,126
5262,c016edbb,bebd26e9,411a9518,3f645a1d,00000000,0,00000000,0,133873,127
5263,bf4a10e0,3f5fa787,bfd74539,3f649ba6,3f4dbbf1,804,3f4da000,803,135624,128
5264,bfcf8423,be3947ae,c10e1d15,3e9a1cac,3f5698bd,838,3f56c000,839,135916,129
5265,be4bb6ed,3f4043fe,3e41bda5,3ead0e56,3f18a112,596,3f18a000,596,134457,127
5266,3eee33f0,3fa594af,c0f40b78,3edc28f6,3f800000,1000,3f800000,1000,135624,128
5267,3f5bc01a,3f983a93,40ea8241,3ef7ced9,3f6f814d,936,3f6f6000,935,135040,127
5268,bedde93a,3e406595,3e0ed917,3f7f3b64,3d406cc7,47,3d404000,47,133874,128
5269,3ea6a551,3fbdb15b,c10ca858,3f0c8b44,3f800000,1000,3f800000,1000,132124,126
5270,bf350332,bf02978d,c05da6b5,3f249ba6,3eb553ad,354,3eb56000,354,133582,127
5271,3fb493c9,3f04c8b4,c081c505,3f3126e9,3f800000,1000,3f800000,1000,134457,128
5272,3ec3c750,3e43afb8,c10b3bcd,3e94fdf4,3f800000,1000,3f800000,1000,133290,126
5273,bf170b8d,3dde6320,4112f838,3f1a1cac,00000000,0,00000000,0,135624,129
5274,3f9af05a,3e0868dc,c1009b3d,3f7eb852,3f800000,1000,3f800000,1000,133874,127
5275,4007df8f,3f340c4a,400fb7e9,3f45a1cb,3f800000,1000,3f800000,1000,133582,126
5276,bed55c53,3f4031f9,bf5902de,3f0f5c29,3f32274e,696,3f324000,696,135041,128
5277,be22f599,bf3ab50b,c095f141,3f30e560,3f5a5b54,853,3f5a8000,854,133873,128
5278,bf2e6eeb,3f08c2f8,be1cfaad,3f4f5c29,3e8993e6,269,3e89a000,269,134166,127
5279,bfa7913f,3eb0ebee,40154af5,3f68b439,00000000,0,00000000,0,134166,128
5280,bf9a99d9,3f1bc0ec,c0d8c711,3e408312,3f800000,1000,3f800000,1000,138540,131
5281,3ec754f3,3faa1206,c117afb8,3f608312,3f800000,1000,3f800000,1000,135041,128
5282,bf952a84,be48624e,c0f200d2,3f74bc6a,3f64e982,894,3f650000,895,134749,128
5283,bf2c41dd,3e49f8a1,403a0903,3f049ba6,00000000,0,00000000,0,134165,127
5284,c0153d86,bf185604,bf2872b0,3f472b02,00000000,0,00000000,0,135624,129
5285,4011a4be,3fc5cccd,c1039168,3f1374bc,3f800000,1000,3f800000,1000,134457,127
5286,3ea9ca19,bee102de,c10f9931,3f4ed917,3f800000,1000,3f800000,1000,134457,128
5287,c0379043,bf2fb8bb,c08f86c2,3e591687,00000000,0,00000000,0,135333,128
5288,3f153650,3f75a440,c11786c2,3f53f7cf,3f800000,1000,3f800000,1000,134166,126
5289,3f5bb59e,3f882752,408921ff,3f5ced91,3f800000,1000,3f800000,1000,135040,128
5290,bf0c408e,3c570a3d,c0a73eab,3f6ed917,3f4abc38,792,3f4ac000,792,136499,129
5291,be5fd36f,3ec02de0,c0ae9c78,3ef74bc7,3f800000,1000,3f800000,1000,135916,128
5292,c05a2ac3,bf0a7ae1,403c32ca,3ea45a1d,00000000,0,00000000,0,135332,128
5293,be9adc0a,3e937e91,c0787c85,3f6978d5,3f6b08f6,918,3f6b2000,918,136499,129
5294,3e6ac322,3ecf5c29,408431f9,3e19999a,00000000,0,00000000,0,134457,128
5295,3fe57929,3f9cdb23,411cb6ae,3f439581,3f800000,1000,3f800000,1000,152832,146
5296,3ed3c600,bebeb6ae,3fab0f28,3f0c8b44,3ebe7dda,372,3ebe6000,372,132999,127
5297,bffd60e9,be595810,bee32ca5,3f52b021,00000000,0,00000000,0,140290,132
5298,3e061a61,3deae7d5,bf969446,3f004189,3f0e2a1a,555,3f0e4000,556,135624,128
5299,bfc26959,be101a37,4019dcc6,3e20c49c,00000000,0,00000000,0,323746,314
5300,bfe58256,3ed0b5dd,c10bd4fe,3cf5c28f,3f800000,1000,3f800000,1000,261623,249
5301,3fcf91e6,3f4d8a09,c0e54467,3ee3d70a,3f800000,1000,3f800000,1000,153998,145
5302,404acd4b,3fc4c3ca,c084d773,3f6d4fdf,3f800000,1000,3f800000,1000,138540,131
5303,3f8b11c7,3f0b1687,c11ac01a,3e5c28f6,3f800000,1000,3f800000,1000,135915,129
5304,bf158644,3f1d6ae8,c0c9f488,3dcac083,3f800000,1000,3f800000,1000,134749,128
5305,bf776b3c,bf360d1b,c0b3a92a,3d71a9fc,3f0da1ec,553,3f0da000,553,134457,128
5306,3f37af64,3fb5f5c3,bcc3c9ef,3f743958,3f800000,1000,3f800000,1000,133582,127
5307,3f167232,be85ad43,c0d25f07,3e916873,3f800000,1000,3f800000,1000,133874,127
5308,bf98eb46,be22511a,3f72d0e5,3ddd2f1b,00000000,0,00000000,0,132416,126
5309,bff6bc41,3eae3bcd,411fe2eb,3f39999a,00000000,0,00000000,0,133582,127
5310,3f113554,3f89ad43,c0ab2546,3ed70a3d,3f800000,1000,3f800000,1000,132416,126
5311,3fceed67,3fc2cb29,40127efa,3e408312,3f800000,1000,3f800000,1000,134457,127
5312,3f972e49,3fbc1f21,4114afb8,3f3b22d1,3f800000,1000,3f800000,1000,133291,127
5313,bf93c558,3efc779a,405322d1,3d6978d5,00000000,0,00000000,0,134166,128
5314,be33eff2,3da1205c,40e295ea,3ecb4396,00000000,0,00000000,0,132998,126
5315,400dd24a,3fb2c0ec,40acc49c,3e47ae14,3f800000,1000,3f800000,1000,133291,126
5316,3fe484b6,3fa6c1be,40f76944,3e28f5c3,3f800000,1000,3f800000,1000,132707,126
5317,bdd2d235,be67f972,41060a3d,3f3851ec,00000000,0,00000000,0,136790,129
5318,40021427,3fc4c8b4,3f4d9e84,3f21cac1,3f800000,1000,3f800000,1000,134749,127
5319,3f3a64c3,3fb120c5,c002c227,3f0e978d,3f800000,1000,3f800000,1000,133874,127
5320,3f129b28,3f0b013b,c1164f0e,3eae978d,3f800000,1000,3f800000,1000,133291,127
5321,40028e0d,3f41fa44,c1086e2f,3eae978d,3f800000,1000,3f800000,1000,134165,127
5322,400dea36,3f9fa29c,411f0e56,3f651eb8,3f800000,1000,3f800000,1000,131832,126
5323,401765aa,3fbedfa4,c077a92a,3f5b22d1,3f800000,1000,3f800000,1000,132124,125
5324,3f972da1,3fc60d84,c02fcd36,3f56c8b4,3f800000,1000,3f800000,1000,134749,127
5325,40095864,3fb60aa6,c0f5288d,3f7645a2,3f800000,1000,3f800000,1000,133290,126
5326,3f06abde,3e52d0e5,c1039fbe,3f04dd2f,3f800000,1000,3f800000,1000,132998,125
5327,bf83f877,3c9f8a09,411a0ff9,3e9cac08,00000000,0,00000000,0,133874,127
5328,bfa49907,bf33cac1,bf5594af,3f5b22d1,00000000,0,00000000,0,133874,126
5329,3f99ff2e,3fa9fd8b,3f0eab36,3f1df3b6,3f800000,1000,3f800000,1000,134749,128
5330,3f45b963,3ebd3c36,3f7c3611,3f1b645a,3f800000,1000,3f800000,1000,132707,125
5331,bf9952d2,bf158c7e,40a3b3d0,3f147ae1,00000000,0,00000000,0,134165,127
5332,3fc1782d,3f5738ef,c0b86a7f,3e8a3d71,3f800000,1000,3f800000,1000,133290,127
5333,bfc9d1f6,bf036e2f,411c9d49,3f241893,00000000,0,00000000,0,133874,128
5334,bf530e80,3f8934d7,40f5119d,3e6e978d,00000000,0,00000000,0,135041,128
5335,bf78a9bd,be8ee2eb,c09ed35b,3ec7ae14,3eeef675,467,3eef4000,467,134457,127
5336,be8f9db2,3e07c505,3f812d77,3f343958,00000000,0,00000000,0,133582,126
5337,bf9d8ec9,3da32ca5,40d32474,3f218937,00000000,0,00000000,0,133582,127
5338,c00d9be5,bf1a5aee,c0977319,3e03126f,00000000,0,00000000,0,133582,127
5339,bedf6fd2,bf17edfa,c1021d7e,3f4b4396,3f800000,1000,3f800000,1000,132415,126
5340,bfb75c29,3d58793e,4085182b,3f5e353f,00000000,0,00000000,0,132415,125
5341,bbeb4635,3fa50b0f,c0f9a0f9,3e051eb8,3f800000,1000,3f800000,1000,132707,126
5342,3e45cbbc,3f376c8b,3eaf7660,3f620c4a,3f714c65,943,3f714000,942,164498,156
5343,bf9ccf6c,3f4393de,408dfa44,3c75c28f,00000000,0,00000000,0,137665,130
5344,400fa4e8,3fa67732,c0fd27bb,3eaf1aa0,3f800000,1000,3f800000,1000,136207,130
5345,bd4ba733,3f62c49c,bfd0d4fe,3f3126e9,3f800000,1000,3f800000,1000,134165,127
5346,bfabd274,3d7e425b,c0b934d7,3f456042,3f0608ea,524,3f062000,524,131832,125
5347,be2262cc,3f967382,404063f1,3d072b02,3eebea50,461,3eec0000,461,133582,127
5348,3fe4d402,3f4a4f76,40c50f28,3f2f5c29,3f800000,1000,3f800000,1000,133874,127
5349,400dca6d,3fbdc7e3,41130347,3f57ced9,3f800000,1000,3f800000,1000,134457,128
5350,3eaa2878,be158794,c0cff7cf,3f2c49ba,3f800000,1000,3f800000,1000,132999,125
5351,401577d9,3f89c505,c02ef007,3f000000,3f800000,1000,3f800000,1000,134457,127
5352,3ee1f4b2,bee70553,c0e49ba6,3de56042,3f800000,1000,3f800000,1000,131832,125
5353,c031fd37,bede0ded,bf761e4f,3ec624dd,00000000,0,00000000,0,133582,127
5354,bebf8ca8,3f8d84b6,c0630069,3ed78d50,3f800000,1000,3f800000,1000,133290,126
5355,c0193e81,be1f9724,be80902e,3f353f7d,00000000,0,00000000,0,132999,126
5356,3f81c23b,3f586cf4,4077b7e9,3f4d9168,3f800000,1000,3f800000,1000,134165,126
5357,bfa80885,3f15559b,404652bd,3ebe76c9,00000000,0,00000000,0,133290,126
5358,40566224,3fb5f8a1,41003e42,3f5ced91,3f800000,1000,3f800000,1000,136207,129
5359,3fd075f7,3fa06388,c0ab1f8a,3f645a1d,3f800000,1000,3f800000,1000,132707,126
5360,bfe5e54b,bf0370a4,410428f6,3b03126f,00000000,0,00000000,0,133291,126
5361,3f834acb,3f033f7d,c0ca978d,3f20c49c,3f800000,1000,3f800000,1000,133290,127
5362,3d01ecd5,3f7bd97f,c00ae979,3f6c49ba,3f800000,1000,3f800000,1000,134457,127
5363,3f9a2a6f,3e46cf42,40a01bda,3e46a7f0,3f6117c4,879,3f60e000,878,133874,127
5364,bebe2d62,3f8fadac,c06ede01,3f4e978d,3f800000,1000,3f800000,1000,134165,127
5365,3fa68b1a,3f520c4a,40a81cac,3de978d5,3f800000,1000,3f800000,1000,132416,125
5366,3e1f5ad9,3f1d7b4a,c0e6154d,3f4f1aa0,3f800000,1000,3f800000,1000,136207,130
5367,bfbc9afe,be850b0f,4049f213,3eb2b021,00000000,0,00000000,0,133874,127
5368,bfb10abb,bf195183,40f7f488,3e883127,00000000,0,00000000,0,133874,127
5369,c00d9c8d,be0b3333,40e45879,3f1a9fbe,00000000,0,00000000,0,134749,128
5370,3fad95ff,3e34cccd,c109c7e3,3ee8f5c3,3f800000,1000,3f800000,1000,135040,128
5371,bfc8793e,3ddc9eed,40e3923a,3dfbe76d,00000000,0,00000000,0,235081,226
5372,bde69ad4,3f4138ef,3fb353f8,3f6dd2f2,3ef7a9d0,484,3ef7a000,484,159832,150
5373,3fb2e297,3f38c155,c0817319,3f62d0e5,3f800000,1000,3f800000,1000,139998,133
5374,bf646499,bf1892a3,c0f4ed91,3f52f1aa,3f800000,1000,3f800000,1000,136207,128
5375,c02fadc1,be9c89a0,40b36fd2,3f05e354,00000000,0,00000000,0,136207,129
5376,bec04428,3f52fdf4,c115068e,3f4dd2f2,3f800000,1000,3f800000,1000,135332,128
5377,bf1b76b4,bd335a86,40c6902e,3f2fdf3b,00000000,0,00000000,0,134457,127
5378,3ebab756,3f7d182b,3ffbd70a,3c449ba6,3f800000,1000,3f800000,1000,133874,127
5379,bf503d9b,3d8bac71,c1150553,3ef33333,3f800000,1000,3f800000,1000,134748,128
5380,bf46b11c,bdfa4a8c,3fe8ff97,3d3c6a7f,00000000,0,00000000,0,135623,129
5381,3f32046c,3ea7b15b,c026b50b,3f0ac083,3f800000,1000,3f800000,1000,134166,127
5382,c054e560,bf06f0d8,bf5f6fd2,3ed47ae1,00000000,0,00000000,0,132415,125
5383,c01da46a,bd58fc50,c089d220,3f4b4396,00000000,0,00000000,0,133291,126
5384,3fc32fec,3f89a305,40cb47ae,3f47ef9e,3f800000,1000,3f800000,1000,135332,129
5385,c0349668,be9f4f0e,c022a64c,3d48b439,00000000,0,00000000,0,135915,129
5386,3ecd79d1,3f419c0f,401c8312,3f2fdf3b,3f59d395,851,3f59c000,851,134748,127
5387,3e433722,3f26f41f,3eb6f007,3dced917,3f4cf1c8,801,3f4d0000,801,132707,125
5388,c0173190,bf33d97f,c092e48f,3f6c8b44,00000000,0,00000000,0,132707,125
5389,baf9096c,3f9007c8,c106ac08,3df7ced9,3f800000,1000,3f800000,1000,136207,128
5390,bf935d25,bf0d30be,410484b6,3eda9fbe,00000000,0,00000000,0,139999,132
5391,c016809d,bf139f56,c0eef766,3d072b02,3e44495b,192,3e44e000,192,136790,129
5392,3e60956c,3f59e282,c013c505,3f210625,3f800000,1000,3f800000,1000,135332,128
5393,c0416ffc,bf17758e,3e50ff97,3f67ae14,00000000,0,00000000,0,135332,128
5394,bf5c6bcf,3f61fbe7,3f9e809d,3ec49ba6,3e4c421e,199,3e4c4000,199,138249,130
5395,3f9516db,3e621cac,401c5d64,3f52f1aa,3f800000,1000,3f800000,1000,137666,130
5396,3fb1afe2,3f1f758e,c0c919ce,3f3b22d1,3f800000,1000,3f800000,1000,134457,127
5397,400270e3,3f84432d,40fab439,3f581062,3f800000,1000,3f800000,1000,135040,127
5398,be85b424,3e7cac08,c0836388,3e8ed917,3f60e336,878,3f60e000,878,134748,128
5399,bf9fe868,beb3a29c,c107c0ec,3e666666,3f71f14b,945,3f722000,946,134457,128
5400,3facd749,3fcae69b,403ea7f0,3eda1cac,3f800000,1000,3f800000,1000,135916,129
5401,bf04302b,3f576944,c101b5dd,3f25a1cb,3f800000,1000,3f800000,1000,135040,128
5402,3fbba92a,3e7a12d7,40b47d56,3ddd2f1b,3f800000,1000,3f800000,1000,133291,126
5403,3f17fb6a,be061134,c0bc5048,3dc49ba6,3f800000,1000,3f800000,1000,139415,131
5404,3f03736d,3fc2154d,40679f56,3ec39581,3f800000,1000,3f800000,1000,135624,128
5405,c01cbc6a,bee69e1b,408e40b8,3f781062,00000000,0,00000000,0,135332,128
5406,bf845cbc,be8c72b0,3f2b98c8,3f3a5e35,00000000,0,00000000,0,134457,127
5407,3e75b813,be069100,c0d107c8,3eed0e56,3f800000,1000,3f800000,1000,136499,129
5408,3ff82be9,3f329c78,409fbb30,3f041893,3f800000,1000,3f800000,1000,135624,129
5409,3e7fb69a,be268a72,4101f0d8,3ef1a9fc,00000000,0,00000000,0,135332,128
5410,bf64d014,beeab368,bfc25aee,3f2d9168,00000000,0,00000000,0,137957,130
5411,bebb2fec,3f48fec5,c0014c98,3eaf9db2,3f711858,942,3f712000,942,135041,128
5412,bf7b851f,3e9edaba,c0600ebf,3f147ae1,3efe0727,496,3efe0000,496,136499,128
5413,bf94b146,be52680a,c0f1fe5d,3f4bc6a8,3f6146a2,880,3f616000,880,177623,170
5414,be618698,3eaeb1c4,407c68dc,3dd4fdf4,00000000,0,00000000,0,137082,130
5415,c0389d9d,bee578d5,c09075f7,3f122d0e,00000000,0,00000000,0,135040,127
5416,3fbb9c0f,3f8c432d,40b2b780,3e020c4a,3f800000,1000,3f800000,1000,134749,127
5417,3fb42310,3f622824,bf8f2b02,3e70a3d7,3f800000,1000,3f800000,1000,135915,128
5418,3ffca0e4,3fbff55a,c115d4fe,3f5df3b6,3f800000,1000,3f800000,1000,136499,129
5419,c0002752,bf10e148,40efdd98,3f5c28f6,00000000,0,00000000,0,135916,128
5420,be64e7ab,3f8b7cee,40342f83,3e958106,3ed2a759,411,3ed2a000,411,135040,128
5421,3fc71801,3fcae9e2,c031374c,3e3f7cee,3f800000,1000,3f800000,1000,135332,128
5422,405cfe48,3fbedfa4,4100068e,3d9db22d,3f800000,1000,3f800000,1000,135040,128
5423,3fe97397,3f561a37,40b091d1,3e7ae148,3f800000,1000,3f800000,1000,135623,128
5424,bfce108c,bf22a64c,40ebbda5,3f65a1cb,00000000,0,00000000,0,133873,127
5425,bd55bab2,3e8fcd36,3fbcd014,3f3c28f6,3d5febd2,55,3d5ea000,54,135915,129
5426,beed57bc,3fa67ae1,4098793e,3f0c0831,3e1f8ed7,156,3e1f2000,155,134749,127
5427,bfe9ef74,bdd22681,40df367a,3e94fdf4,00000000,0,00000000,0,135332,128
5428,3ed729b3,3fa4999a,403c6738,3f7df3b6,3f800000,1000,3f800000,1000,135332,128
5429,3e6b3bb8,3f9e4467,40c451ec,3f4e978d,3ed0d1ff,408,3ed06000,407,135040,128
5430,bf584381,3d3e76c9,404b1412,3e041893,00000000,0,00000000,0,135623,128
5431,bf340f67,3f917a78,c04350b1,3f083127,3f800000,1000,3f800000,1000,134748,128
5432,c01003ef,3e19f55a,3f985bc0,3f770a3d,00000000,0,00000000,0,134749,128
5433,bee7d2c8,3eec2752,c04f0a3d,3d408312,3f4bb48d,796,3f4ba000,795,134457,127
5434,bf5d7c70,3f558a09,40c507c8,3cc49ba6,00000000,0,00000000,0,135915,129
5435,3fd028a2,3fbbcbfb,401ad289,3f09374c,3f800000,1000,3f800000,1000,135624,129
5436,c007f530,bf08f694,c0ecfb7f,3f0ed917,3eb17ce5,347,3eb1a000,347,135916,128
5437,bead9168,3fa1374c,40c8cb29,3f7a1cac,00000000,0,00000000,0,138540,132
5438,c02c9375,bf1d19ce,c106c227,3f574bc7,3e8b3420,272,3e8b2000,272,134165,127
5439,bec31f8a,3eef8866,409b2f1b,3eb2b021,00000000,0,00000000,0,130374,123
5440,4041e7ea,3fc9fcb9,c0d84189,3df1a9fc,3f800000,1000,3f800000,1000,130666,125
5441,bfc9e109,3ed70f28,3c4154ca,3f12f1aa,00000000,0,00000000,0,129498,123
5442,405265bf,3fc9432d,3f86f34d,3f7126e9,3f800000,1000,3f800000,1000,130374,124
5443,3f2c9470,3fa4a92a,be1f212d,3eec0831,3f800000,1000,3f800000,1000,129207,122
5444,bfa5cb14,bf26e560,3f91e1b1,3f41cac1,00000000,0,00000000,0,130957,124
5445,be8ebc41,3f5cc63f,c01fe5c9,3f14fdf4,3f800000,1000,3f800000,1000,130957,124
5446,be9cffeb,3e6b98c8,c0eeaa65,3f7cac08,3f800000,1000,3f800000,1000,132416,126
5447,3ee87d2c,3fc1a858,bf8da858,3eb0a3d7,3f800000,1000,3f800000,1000,131833,125
5448,3fb198f2,3e4dc28f,40a16113,3e3020c5,3f800000,1000,3f800000,1000,132124,126
5449,3fe5c52e,3f2a710d,403cb296,3f1ced91,3f800000,1000,3f800000,1000,241497,231
5450,bff5e3fc,bde8f5c3,41128a09,3e8dd2f2,00000000,0,00000000,0,161291,152
5451,3ff535a8,3fbcb1c4,c114ba5e,3f4e5604,3f800000,1000,3f800000,1000,138832,132
5452,3f954c98,3f79930c,40fbcd36,3f1e76c9,3f800000,1000,3f800000,1000,136790,129
5453,bf739d5e,3f112fec,c00c1f21,3f0c49ba,3f00e5c0,504,3f00e000,503,136499,129
5454,beca5269,3f122a99,c0346595,3f2dd2f2,3f695b7e,912,3f696000,912,134749,128
5455,bfe2584f,bd9dfa44,c0848c15,3e8ed917,00000000,0,00000000,0,134457,128
5456,3feeb3bc,3f00233a,3f70f909,3ee3d70a,3f800000,1000,3f800000,1000,134457,128
5457,3fdc19e3,3f0362b7,40feaf4f,3ccccccd,3f800000,1000,3f800000,1000,132998,126
5458,40164357,3f94d9e8,c10dfa44,3f160419,3f800000,1000,3f800000,1000,136790,129
5459,bf2ef88c,bebfc505,c0ce24dd,3ed70a3d,3f613be3,880,3f614000,880,134749,128
5460,bfdd0721,3e9c7c85,c10d95ea,3ee1cac1,3f800000,1000,3f800000,1000,133873,127
5461,bf860d45,bdcac711,410c23a3,3f7b645a,00000000,0,00000000,0,141749,134
5462,be1cac08,3dc0f909,4094f909,3f1ae148,00000000,0,00000000,0,136499,130
5463,bee7c84b,3f711de7,c002c8b4,3ecdd2f2,3f800000,1000,3f800000,1000,132124,126
5464,3f28548b,3f22ea4b,40c12bd4,3f66e979,3ee6fece,451,3ee6e000,451,135041,128
5465,3f72e0a0,3f5b42c4,4107b5dd,3ef2b021,3f0b7bda,545,3f0b2000,543,135040,128
5466,beca6f3f,3f5f2fec,c08afaad,3ec18937,3f800000,1000,3f800000,1000,133874,128
5467,3f33bf72,3ef96f00,40df66cf,3f628f5c,3e4ffade,203,3e4f6000,203,132999,127
5468,3f4dcdb3,3f94c433,c08f2f1b,3f6d9168,3f800000,1000,3f800000,1000,133582,126
5469,bf33abc9,beb8ed91,c09123a3,3f2624dd,3f0ce63b,550,3f0d0000,551,134748,127
5470,bf74a4d3,3f573b64,411a8a72,3ed0e560,00000000,0,00000000,0,135624,129
5471,4017fe5d,3f3d404f,40ed6bba,3ea0c49c,3f800000,1000,3f800000,1000,133874,128
5472,c05776b4,bf0fc01a,3f434d6a,3f45e354,00000000,0,00000000,0,135624,128
5473,3f2ec6bd,3fbb2c3d,c00ea162,3f29374c,3f800000,1000,3f800000,1000,135332,128
5474,4043a3ec,3fa95048,c00b7660,3f3d70a4,3f800000,1000,3f800000,1000,134749,127
5475,c00de9e2,beab8bac,40ba4745,3e8ac083,00000000,0,00000000,0,135624,128
5476,bef80dc3,3f8e39c1,403c3611,3f683127,3eada3b9,339,3ead8000,339,134165,128
5477,bf778034,be75e69b,3f98624e,3e849ba6,00000000,0,00000000,0,132999,126
5478,c00ff91e,bf36dd2f,40b87bb3,3e9d2f1b,00000000,0,00000000,0,132708,125
5479,bf0ed289,3e85c91d,c0cd566d,3f5e76c9,3f800000,1000,3f800000,1000,134749,127
5480,402ee1ef,3fbe9931,403da6b5,3ea1cac1,3f800000,1000,3f800000,1000,131540,125
5481,3f9a617c,3f84a4a9,40e7374c,3ef0a3d7,3f800000,1000,3f800000,1000,133582,127
5482,c0162e0a,bed123a3,3f3b7803,3dbe76c9,00000000,0,00000000,0,134165,127
5483,bd93a92a,bc8ded29,c11a3f14,3ec39581,3f800000,1000,3f800000,1000,134457,128
5484,bf433db0,3f54a090,c0f4c7e3,3e6e978d,3f800000,1000,3f800000,1000,132416,126
5485,405e3c21,3fc756d6,40eafd22,3e395810,3f800000,1000,3f800000,1000,180248,127
5486,405a9a2c,3fb14396,40055cfb,3e73b646,3f800000,1000,3f800000,1000,137957,130
5487,3fba3e18,3f1d2474,c10c7bb3,3f2624dd,3f800000,1000,3f800000,1000,135624,128
5488,3ebc06e2,3dcb7e91,40ef9097,3f2ccccd,00000000,0,00000000,0,135916,128
5489,c0158bd6,be0bc6a8,3f77ced9,3f5374bc,00000000,0,00000000,0,134165,127
5490,c0263348,bf2bda51,40429c78,3f516873,00000000,0,00000000,0,135623,128
5491,bd03cf2d,bea6fd22,c1044c30,3e8b4396,3f800000,1000,3f800000,1000,137374,130
5492,be70ed3e,bf12b50b,3df1a9fc,3ed16873,00000000,0,00000000,0,135915,129
5493,3fb1f16b,3ec2e148,bf8de9e2,3f774bc7,3f800000,1000,3f800000,1000,135915,129
5494,bf2652bd,3f093dd9,c0877176,3f73b646,3f800000,1000,3f800000,1000,134166,126
5495,bf81096c,3f40f34d,3f0930be,3f16872b,3e206368,157,3e208000,157,132999,126
5496,be4f80dc,3f98a440,c024c49c,3e839581,3f800000,1000,3f800000,1000,132999,126
5497,bf1f6406,bf05fd8b,c01eb021,3e5b22d1,3e34a236,176,3e350000,177,132707,126
5498,c04b4491,bf269fbe,401197f6,3dd70a3d,00000000,0,00000000,0,132707,126
5499,c02553ce,be96ae7d,4030a234,3f15c28f,00000000,0,00000000,0,132999,127
5500,404232a0,3fb6a858,4056e632,3ee147ae,3f800000,1000,3f800000,1000,134165,127
5501,beb57e67,3ed521ff,411c844d,3f153f7d,00000000,0,00000000,0,133874,127
5502,c00b9f56,bf25c9ef,c087bf48,3e970a3d,00000000,0,00000000,0,133874,127
5503,3e94f616,bd8f212d,405b4f0e,3f5f3b64,00000000,0,00000000,0,132998,126
5504,bf36d331,be7d8794,3ebeb852,3eff7cee,00000000,0,00000000,0,133582,127
5505,bf8a6bf8,3e8fc361,402d9ce0,3f483127,00000000,0,00000000,0,135624,129
5506,be7f67f5,3dbf1412,40156bba,3f20c49c,00000000,0,00000000,0,134165,127
5507,3ffa44a6,3f80c433,c06dbc02,3e5d2f1b,3f800000,1000,3f800000,1000,135040,128
5508,bf4d3c36,3ed6425b,41119e84,3f3d70a4,00000000,0,00000000,0,138248,130
5509,be186ec1,be23295f,40d6161e,3ed9999a,00000000,0,00000000,0,141165,133
5510,bf8271de,bd181d7e,c0cc154d,3f0d0e56,3f36a91f,714,3f36c000,714,137082,129
5511,c02f3387,be8b6113,3fe6fd22,3d0f5c29,00000000,0,00000000,0,133290,126
5512,bf435697,3f7ff3b6,409579a7,3f75c28f,00000000,0,00000000,0,132999,126
5513,bf0d4802,bed891d1,c10a56d6,3ef33333,3f800000,1000,3f800000,1000,133874,127
5514,bfe22878,bf067efa,c0d0432d,3e808312,3eaa9220,333,3eaac000,333,135040,128
5515,bf7b94d9,3d378034,c07feab3,3f4b020c,3ebc6c9a,368,3ebc6000,368,132124,126
5516,bf0e58a3,3e6734d7,c0ec0831,3f1b645a,3f800000,1000,3f800000,1000,133582,126
5517,bf99d734,3f26dfa4,41103dd9,3f2f5c29,00000000,0,00000000,0,133874,127
5518,c01d6ffc,bf1ac3ca,40e99724,3f5c28f6,00000000,0,00000000,0,131249,125
5519,bed58106,be5fbe77,4106f55a,3dd91687,00000000,0,00000000,0,133290,127
5520,402e8b1a,3fa1367a,40dd1d15,3ebbe76d,3f800000,1000,3f800000,1000,132707,126
5521,bf81a954,3f18f41f,3fe85532,3f4dd2f2,00000000,0,00000000,0,242372,232
5522,c00f8e4c,beeb923a,c0be0c4a,3d1374bc,00000000,0,00000000,0,161582,152
5523,be304ab6,3f24ac08,3fef9097,3d50e560,3e3966fb,181,3e390000,181,141749,134
5524,bfa1a9fc,3f1804ea,3f4a43fe,3f1b22d1,00000000,0,00000000,0,138249,131
5525,405598f2,3fb4b6ae,c117212d,3def9db2,3f800000,1000,3f800000,1000,138248,131
5526,4025b08a,3fb9d917,c10107c8,3d0b4396,3f800000,1000,3f800000,1000,137957,131
5527,c045ef20,bea072b0,404c1bda,3f1a5e35,00000000,0,00000000,0,137374,131
5528,3f04894c,3e997c1c,bf7d21ff,3e45a1cb,3f800000,1000,3f800000,1000,133290,126
5529,3ff6108c,3f5463f1,be65aee6,3f0e5604,3f800000,1000,3f800000,1000,132999,126
5530,bf321ea3,be43c361,c0bb50b1,3f43126f,3f4d4d1f,802,3f4d8000,803,132707,126
5531,bf9f9874,bef38d50,bf346dc6,3f574bc7,00000000,0,00000000,0,133874,127
5532,bfcb9ffd,be73c01a,40528db9,3f72b021,00000000,0,00000000,0,132415,126
5533,3e98cfc0,bde78034,410aaee6,3ec08312,00000000,0,00000000,0,133582,126
5534,bf6b7176,bdedfa44,40a9a6b5,3ebbe76d,00000000,0,00000000,0,135915,129
5535,3e79c0ec,bf0953f8,c09c240b,3ec9374c,3f800000,1000,3f800000,1000,132999,126
5536,3f512989,3f4d42c4,c026a162,3ea24dd3,3f800000,1000,3f800000,1000,132708,126
5537,3de85db7,3fca95ea,c11450b1,3eed0e56,3f800000,1000,3f800000,1000,133290,126
5538,400cb4e1,3fbf1eb8,40cf46dc,3e24dd2f,3f800000,1000,3f800000,1000,136498,129
5539,3f766cf4,3f760903,c0947d56,3f000000,3f800000,1000,3f800000,1000,135915,128
5540,40248605,3fc2e979,40a4bd3c,3f3a5e35,3f800000,1000,3f800000,1000,135332,128
5541,c008b09f,beb7367a,4026acda,3f2d4fdf,00000000,0,00000000,0,135623,130
5542,3f6bc01a,bd09a027,c042ae7d,3eb020c5,3f800000,1000,3f800000,1000,136207,129
5543,3f4ac711,3fbbf06f,3ec703b0,3e5e353f,3f800000,1000,3f800000,1000,136498,129
5544,bec03c4b,bf3e161e,41067176,3f00c49c,00000000,0,00000000,0,134165,128
5545,bf1d46b2,3f3ace70,40041893,3f6a7efa,3db795d4,90,3db6c000,89,132999,125
5546,3f862585,3f56075f,c11d8659,3f0b851f,3f800000,1000,3f800000,1000,131832,125
5547,bfa9dbcb,be7c710d,c03521ff,3ef5c28f,00000000,0,00000000,0,133582,127
5548,bf8d1a22,3f67cd36,c08397f6,3ee66666,3f800000,1000,3f800000,1000,132707,126
5549,bec86834,3f9a2a99,c1092196,3ed58106,3f800000,1000,3f800000,1000,132124,126
5550,bfcbc6a8,bf11460b,c0ca7525,3f49fbe7,3ee229a5,442,3ee28000,442,131540,125
5551,bf01eb85,3fa52bd4,c09a8f5c,3f0bc6a8,3f800000,1000,3f800000,1000,132707,126
5552,bf81a6b5,bd3ba5e3,c02358e2,3f0ac083,3cde8714,27,3ce10000,27,133873,126
5553,3f594ee4,bd0d7732,3f7a1cac,3ef8d4fe,3f7f0ac4,996,3f7ee000,996,132707,126
5554,3f207b35,3f27d70a,3fbe4f76,3e3645a2,3f800000,1000,3f800000,1000,133290,126
5555,bff764ae,3eb8e560,41019d49,3f14bc6a,00000000,0,00000000,0,135332,128
5556,3e614cec,3f5e1bda,3ebb645a,3df9db23,3f800000,1000,3f800000,1000,134165,126
5557,3e292a30,3fc416f0,c0f4bee0,3d0b4396,3f800000,1000,3f800000,1000,156916,150
5558,be93daf9,3f0be9e2,c0bfdcc6,3f381062,3f800000,1000,3f800000,1000,138832,131
5559,c061815a,bf231b71,c02ae48f,3f147ae1,00000000,0,00000000,0,135041,127
5560,3d14317b,3f6c7e28,be09a027,3eb2b021,3f7521bb,958,3f752000,958,136207,129
5561,3e856580,bc236e2f,3ffd2bd4,3e2b020c,3c9ec2c0,19,3c9d8000,19,135040,128
5562,3f63419e,3f9694af,c0c05a1d,3f672b02,3f800000,1000,3f800000,1000,135623,128
5563,3ecd10f5,3ed2680a,c0425aee,3ef33333,3f800000,1000,3f800000,1000,132707,126
5564,bf0c38b0,3eb4f0d8,c1050b0f,3c9374bc,3f800000,1000,3f800000,1000,134749,128
5565,3ea49668,3fa2cd9f,411e37b5,3bc49ba6,00000000,0,00000000,0,133582,126
5566,bd6fdc9c,3d965fd9,c0c915b5,3e800000,3f800000,1000,3f800000,1000,132999,125
5567,3ff7b939,3f839d49,40980347,3e1cac08,3f800000,1000,3f800000,1000,132415,125
5568,402409d5,3f5e5c92,c0905c92,3f20c49c,3f800000,1000,3f800000,1000,133582,127
5569,be193b3a,3e9e8f5c,4048c49c,3f410625,00000000,0,00000000,0,134457,127
5570,3e6c2ce4,be9ac711,4073573f,3f656042,00000000,0,00000000,0,132707,126
5571,bfd8ca82,baf27bb3,405ae2eb,3f722d0e,00000000,0,00000000,0,132123,125
5572,406530be,3fc69ad4,bfdc1f21,3e4ccccd,3f800000,1000,3f800000,1000,133290,126
5573,3d6353f8,3e8d38ef,403d14e4,3f410625,00000000,0,00000000,0,134457,127
5574,c0332df5,bf30b439,c0588ce7,3f0d4fdf,00000000,0,00000000,0,134166,127
5575,bfe30942,3d3e00d2,c03fd567,3e9db22d,00000000,0,00000000,0,135332,128
5576,c01797cc,bf12c083,410a5dcc,3f778d50,00000000,0,00000000,0,137374,129
5577,c0451b71,bebad0e5,3f2b22d1,3eeb851f,00000000,0,00000000,0,135623,129
5578,bd745e0b,3e67b4a2,bf92617c,3e94fdf4,3edb8727,429,3edb8000,429,134457,128
5579,bfe9ff2e,bf0e5bc0,c0b848e9,3f63126f,3e6ccd54,231,3e6ce000,231,133582,128
5580,bf7595ff,3e051eb8,407b0be1,3dbc6a7f,00000000,0,00000000,0,133290,126
5581,bfff51ad,bed8d4fe,4109b98c,3eb645a2,00000000,0,00000000,0,132416,125
5582,405cc3f4,3fc9b780,c0579f56,3e8ac083,3f800000,1000,3f800000,1000,139999,132
5583,3f2c3761,be977cee,c0ca6a7f,3ead9168,3f800000,1000,3f800000,1000,134165,128
5584,3fe36ed6,3fcb9581,bf7dfa44,3e604189,3f800000,1000,3f800000,1000,133873,127
5585,bf597f63,3e9966cf,40a5e4f7,3f6c0831,00000000,0,00000000,0,133873,127
5586,4070bac7,3fccf972,c0d17dbf,3f4c8b44,3f800000,1000,3f800000,1000,131248,124
5587,c0086152,bf345fd9,40ac13a9,3f6c49ba,00000000,0,00000000,0,133290,127
5588,bff8d3ae,be3b15b5,c0995254,3e9374bc,00000000,0,00000000,0,132707,125
5589,bf6e61d0,bf27c01a,40ef020c,3f31eb85,00000000,0,00000000,0,132707,126
5590,bf2a454e,3e555cfb,c10049ba,3f218937,3f800000,1000,3f800000,1000,134749,128
5591,3f8c25af,3fab4e3c,c11600d2,3d03126f,3f800000,1000,3f800000,1000,136499,129
5592,bdca4d2b,3fb4da51,c0b0b021,3f018937,3f800000,1000,3f800000,1000,136207,129
5593,3fbd94af,3fbb9f56,c0acacda,3eac0831,3f800000,1000,3f800000,1000,134458,129
5594,bf48850a,3d8cbfb1,411f0275,3da9fbe7,00000000,0,00000000,0,134457,128
5595,c00a848c,3e84d6a1,c0b102de,3f0ccccd,3e635a00,222,3e63c000,222,134457,128
5596,3bbf5d79,3eca680a,c11ad2f2,3f62d0e5,3f800000,1000,3f800000,1000,133582,126
5597,bf157bc8,3f6eb9f5,40eeed91,3f553f7d,00000000,0,00000000,0,133290,126
5598,bfecc3a0,3a8ce704,c0649ba6,3edba5e3,00000000,0,00000000,0,133291,127
5599,3f213554,3fb70aa6,bc8b4396,3f0624dd,3f800000,1000,3f800000,1000,133874,127
5600,4003d902,3f2d182b,406e2b6b,3e591687,3f800000,1000,3f800000,1000,232456,223
5601,3f9a62cc,3f784674,c1197319,3f7126e9,3f800000,1000,3f800000,1000,160707,152
5602,bf822c67,3f30f1aa,401c72b0,3ec5a1cb,00000000,0,00000000,0,139707,133
5603,3f41cfff,3f42d5d0,c11fe48f,3f1d70a4,3f800000,1000,3f800000,1000,138540,131
5604,bee4b5dd,bd70624e,c089b574,3f5e353f,3f2876c0,658,3f28a000,659,135623,129
5605,bfd7ca43,3e8edaba,c1112e49,3e818937,3f800000,1000,3f800000,1000,146415,138
5606,3f295960,3f149931,c103adac,3d1fbe77,3f800000,1000,3f800000,1000,138541,132
5607,c063b7e9,bf2c5fd9,c0c35810,3d75c28f,00000000,0,00000000,0,137374,130
5608,bfb27137,be577319,bdd3f7cf,3e0624dd,00000000,0,00000000,0,136790,129
5609,bf892104,3f3c2681,4043f972,3c75c28f,00000000,0,00000000,0,136499,129
5610,be2a1b5c,3fa091d1,40141d7e,3f2a3d71,3f374351,716,3f374000,716,133874,127
5611,c03fcb3e,bef6f1aa,c10a9931,3f560419,3e286386,164,3e298000,166,133873,127
5612,c025cfff,beb61e4f,40f58fc5,3ba3d70a,00000000,0,00000000,0,137082,129
5613,3f2721d5,3fb719ce,406f1c43,3dcac083,3f800000,1000,3f800000,1000,134749,127
5614,40340592,3f9c62b7,c1066a16,3f0d9168,3f800000,1000,3f800000,1000,137082,130
5615,40273919,3faa0f91,3f479a6b,3ec28f5c,3f800000,1000,3f800000,1000,139416,132
5616,c02a540d,be6ee2eb,c0982de0,3e3851ec,00000000,0,00000000,0,136499,130
5617,3f44bdba,3fadd220,409d3b64,3f476c8b,3f800000,1000,3f800000,1000,135332,127
5618,3f2f290b,3fa6bb99,c0ea4a8c,3ee7ef9e,3f800000,1000,3f800000,1000,137666,131
5619,bf885682,3e640b78,410a8c7e,3e8f5c29,00000000,0,00000000,0,135040,127
5620,c02e6613,bf2df06f,c0ef74bc,3f133333,3d7dbf3f,62,3d80a000,63,136791,130
5621,bf47f0ed,3f03367a,40905048,3ee9fbe7,00000000,0,00000000,0,136208,129
5622,bf2f7b9e,3f376042,3fa5c91d,3f22d0e5,3e1c1020,152,3e1c0000,152,135624,128
5623,bfbbc212,3d33b646,40aa5a1d,3f36872b,00000000,0,00000000,0,135623,128
5624,3f9e48e9,3d4902de,c1013fe6,3e9b22d1,3f800000,1000,3f800000,1000,135916,129
5625,3f87caea,3ea9a858,bf844d01,3de353f8,3f800000,1000,3f800000,1000,135332,128
5626,bf48f5c3,3ce9e1b1,bf34f766,3ef53f7d,00000000,0,00000000,0,134457,127
5627,c004216c,bf075326,c0194c98,3e89ba5e,00000000,0,00000000,0,135915,128
5628,c020029f,bf2d0cb3,3f7ca57a,3def9db2,00000000,0,00000000,0,136790,129
5629,3f5f1d3f,be1c154d,4092ca58,3f553f7d,3ed23aee,411,3ed22000,410,137958,131
5630,bfaf4880,be3f9097,410dd1b7,3f07ae14,00000000,0,00000000,0,136790,129
5631,bd858794,bdabc01a,c01669ad,3f2353f8,3ef2cf10,474,3ef2e000,474,135041,128
5632,3f09bcfd,3f61a512,c05a9c78,3db851ec,3f800000,1000,3f800000,1000,134749,127
5633,3e410b63,3f929724,bf38c7e3,3ea0c49c,3f800000,1000,3f800000,1000,134457,127
5634,3b88509c,3f8b930c,be979a6b,3e408312,3f800000,1000,3f800000,1000,135041,128
5635,3dc86ad3,3fabe00d,c11ec155,3f3645a2,3f800000,1000,3f800000,1000,135915,128
5636,bf139970,3f71ced9,410579a7,3e4dd2f2,00000000,0,00000000,0,134749,128
5637,bef74928,3f1068dc,3f0a9931,3f45e354,3e883771,266,3e882000,266,135624,128
5638,3f839c0f,3fb55f70,c0bcd289,3eddb22d,3f800000,1000,3f800000,1000,135915,128
5639,4021ce07,3f5d70a4,c0d5de6a,3f1b645a,3f800000,1000,3f800000,1000,134457,128
5640,be6fd75e,3f80624e,c10c78d5,3f23126f,3f800000,1000,3f800000,1000,135624,128
5641,3f634d6a,3fbd4396,be8e8a72,3f218937,3f800000,1000,3f800000,1000,135332,128
5642,bfd085b2,3ef12d77,410a9eed,3f1a1cac,00000000,0,00000000,0,133582,126
5643,bfb8053e,3ee2ae7d,c0b7e5c9,3e19999a,3f3fc240,749,3f3fc000,749,136791,130
5644,403c1d7e,3fbab8bb,c0b51eb8,3f666666,3f800000,1000,3f800000,1000,136791,129
5645,bee82be9,3f0dbe77,40ad6042,3f200000,00000000,0,00000000,0,135623,128
5646,3f9ad2dd,3f313261,c0bfdcc6,3eff7cee,3f800000,1000,3f800000,1000,134748,128
5647,3f4a2c67,3f183d71,411920c5,3ed78d50,00000000,0,00000000,0,135332,128
5648,bfe6defc,be34c63f,3f25a858,3ee3d70a,00000000,0,00000000,0,134749,128
5649,3fbfd178,3f0609d5,40dca71e,3f770a3d,3f800000,1000,3f800000,1000,135040,128
5650,3e66ba49,3f6d573f,c0e91eb8,3f326e98,3f800000,1000,3f800000,1000,136499,129
5651,3ededfa4,3f95b3d0,c0e30d84,3ef43958,3f800000,1000,3f800000,1000,135915,129
5652,403a0afa,3f982618,410a76c9,3e9fbe77,3f800000,1000,3f800000,1000,134457,127
5653,3ea26d48,3fb2cc64,c0fd82aa,3f6b4396,3f800000,1000,3f800000,1000,140290,133
5654,c04f4342,bed9096c,4032703b,3f195810,00000000,0,00000000,0,135623,129
5655,bea39abf,bf05f141,406b3190,3e09374c,00000000,0,00000000,0,136499,129
5656,c00e2eb2,be0afb7f,3fa24745,3f672b02,00000000,0,00000000,0,135624,128
5657,402017ec,3f94a090,c110a3d7,3c9ba5e3,3f800000,1000,3f800000,1000,137082,129
5658,bfbcd20b,3d438866,3f833d08,3ccccccd,00000000,0,00000000,0,134748,128
5659,3ecd8ec9,3f63c433,c082ce70,3f31eb85,3f800000,1000,3f800000,1000,135623,129
5660,3f7a0275,3fbab15b,40ae95ea,3e3d70a4,3f800000,1000,3f800000,1000,133874,127
5661,bd436113,3fa6f7cf,c0974a23,3f1a9fbe,3f800000,1000,3f800000,1000,135624,129
5662,bf435159,beb0902e,40ce624e,3d178d50,00000000,0,00000000,0,135041,129
5663,bf98769f,3eb3cb92,00000000,3ec72b02,00000000,0,00000000,0,135040,128
5664,bf2ac1d3,be2b4396,40498c7e,3e90624e,00000000,0,00000000,0,134749,128
5665,bee36b90,3eec28f6,40b46a7f,3f6bc6a8,00000000,0,00000000,0,137957,131
5666,3f02f987,be7b5a86,411223a3,3f5ba5e3,00000000,0,00000000,0,135623,129
5667,be8d4802,be97d567,c0da71de,3f2dd2f2,3f800000,1000,3f800000,1000,135333,129
5668,c03dd68c,bf1ea234,c000240b,3e19999a,00000000,0,00000000,0,135623,128
5669,bf40bb6f,be07a440,411915b5,3f2bc6a8,00000000,0,00000000,0,135915,129
5670,be1ac9b0,bed1b08a,41031d7e,3f5645a2,00000000,0,00000000,0,135624,128
5671,3f2b09ea,3fc44e3c,c01f089a,3eec0831,3f800000,1000,3f800000,1000,134457,128
5672,40236849,3fbda64c,40c8c56d,3f251eb8,3f800000,1000,3f800000,1000,143498,136
5673,bfa67a10,bf1e3d71,c027d70a,3f181062,00000000,0,00000000,0,136207,129
5674,3f14d7f1,3fc69a6b,3f1f4f0e,3e8dd2f2,3f800000,1000,3f800000,1000,132998,126
5675,bff1719f,3de7381d,3fd8a090,3e8bc6a8,00000000,0,00000000,0,136790,130
5676,c008e758,3e45ed29,40b6793e,3dd4fdf4,00000000,0,00000000,0,135041,128
5677,3fd5af8e,3edd7f63,40107454,3e94fdf4,3f800000,1000,3f800000,1000,132124,126
5678,3e409d49,3e4c7ae1,bf3a233a,3eb5c28f,3f1c5209,611,3f1c6000,611,161874,154
5679,4012b9f5,3fb77660,c108a305,3f79db23,3f800000,1000,3f800000,1000,135915,128
5680,bfe766a5,3e33a5e3,4089367a,3f4b851f,00000000,0,00000000,0,136208,129
5681,3f02e0a0,bb872b02,3fcda858,3e16872b,3ed1f969,410,3ed1e000,410,135623,128
5682,3cdd0529,beef0be1,c11231f9,3dae147b,3f800000,1000,3f800000,1000,135040,128
5683,c002fbd2,3cf41f21,40f4ebee,3f133333,00000000,0,00000000,0,136207,129
5684,3fa66afd,3e766666,40acd014,3f174bc7,3f800000,1000,3f800000,1000,136499,129
5685,3fc462a2,3f08f766,bf9c91d1,3ee04189,3f800000,1000,3f800000,1000,135916,129
5686,c037a4e8,bf0ef0d8,40cf0481,3f441893,00000000,0,00000000,0,135624,128
5687,3e677708,3f98b2ff,c0d4ecc0,3d48b439,3f800000,1000,3f800000,1000,135332,128
5688,bfb72c52,bf3a0f91,c03f9f56,3f71a9fc,00000000,0,00000000,0,136791,129
5689,3f963498,3fab4a23,c101a440,3f3a9fbe,3f800000,1000,3f800000,1000,135041,128
5690,400b46dc,3fae2268,40e08659,3f28b439,3f800000,1000,3f800000,1000,132415,125
5691,3f35e5f3,3dcc01a3,bf88c49c,3ed26e98,3f800000,1000,3f800000,1000,131832,125
5692,3e23a7db,3fbe1893,3dbedfa4,3f4ccccd,3f800000,1000,3f800000,1000,132415,125
5693,3e23c750,3fcc9168,402d460b,3dfdf3b6,3f800000,1000,3f800000,1000,131249,124
5694,c03ad139,bf06710d,bf4e5604,3f13f7cf,00000000,0,00000000,0,132999,126
5695,c042f987,bec90cb3,c0a994af,3f07ae14,00000000,0,00000000,0,133290,127
5696,bde6eeb7,3f0fe69b,c0060275,3f11a9fc,3f674032,903,3f674000,903,132124,125
5697,403a9c78,3fa00069,bd0ce704,3e92f1aa,3f800000,1000,3f800000,1000,131541,125
5698,bfed18d2,3eb7d3c3,c0d18fc5,3f733333,3f30d580,691,3f30e000,691,132416,126
5699,402d9a41,3f87d0e5,bea8e8a7,3ead9168,3f800000,1000,3f800000,1000,131540,124
5700,c0257c70,beff53f8,c1023405,3e3e76c9,3e579421,211,3e588000,211,131540,124
5701,3f80c73b,3fc5837b,c0238a09,3f0b851f,3f800000,1000,3f800000,1000,133874,127
5702,bfe05bc0,bd8de00d,3ea2f838,3e839581,00000000,0,00000000,0,135332,128
5703,3fc4ef89,3f037247,410bd7dc,3f418937,3f7c0f48,985,3f7ba000,983,133874,128
5704,c04cea9e,bf201062,bee7fcb9,3f4b851f,00000000,0,00000000,0,132124,126
5705,4034f95d,3f98f838,40d036e3,3e449ba6,3f800000,1000,3f800000,1000,132707,126
5706,3e9d82fd,3f85f4f1,c1041c43,3f208312,3f800000,1000,3f800000,1000,132998,127
5707,403693f3,3faf8106,c0bf013b,3ed0e560,3f800000,1000,3f800000,1000,132416,126
5708,bfa51aca,3e2aeb1c,c0e96bba,3f360419,3f68ccb0,909,3f68c000,909,134748,127
5709,bf9906cd,beca703b,4036daba,3f322d0e,00000000,0,00000000,0,132999,126
5710,c02dc9c5,be341bda,c0258adb,3f7cac08,00000000,0,00000000,0,132999,126
5711,bf8c3bf7,3f377803,beee978d,3e343958,3e5ff23c,219,3e600000,219,134749,128
5712,400fffac,3fb4e560,3f2816f0,3f5e76c9,3f800000,1000,3f800000,1000,132707,125
5713,c0264799,becd2f1b,c11a3d71,3f7ef9db,3f0e44fd,556,3f0e8000,557,132416,126
5714,3fb670e3,3f29d3c3,c097c505,3e322d0e,3f800000,1000,3f800000,1000,132999,126
5715,bfa861a6,be622d0e,401c9a02,3e21cac1,00000000,0,00000000,0,133874,127
5716,3f894120,3f29a9fc,bf61758e,3df7ced9,3f800000,1000,3f800000,1000,132415,125
5717,401dc971,3fac6f69,c0d94539,3e6d9168,3f800000,1000,3f800000,1000,132708,126
5718,3fb8385c,3e85205c,40f87c85,3a83126f,3f3a3456,727,3f3a2000,727,132707,126
5719,bee4ea4b,bec0e3bd,c10d4dd3,3eb43958,3f800000,1000,3f800000,1000,132124,126
5720,3f6e98dd,3f9ee8a7,41035532,3e53f7cf,3f64648c,892,3f640000,891,138540,131
5721,3ebb7953,3f2fda51,c014e8a7,3e9374bc,3f800000,1000,3f800000,1000,135916,129
5722,3dd753a4,3f045fd9,c112e354,3e3126e9,3f800000,1000,3f800000,1000,132999,126
5723,bfd2f6e8,bd6538ef,3fcf6944,3ef5c28f,00000000,0,00000000,0,131832,125
5724,3da2bbed,3fa4068e,40d5c361,3d50e560,3da2602e,79,3da12000,79,133582,126
5725,c041d68c,bf2ade01,3f6a0903,3ebe76c9,00000000,0,00000000,0,134749,127
5726,c02618bd,bf03f62b,c0d47fcc,3f22d0e5,00000000,0,00000000,0,137957,131
5727,3f9f6fd2,3fcec9ef,4080075f,3f12f1aa,3f800000,1000,3f800000,1000,136791,129
5728,404dfa44,3facfd22,40904a8c,3eb3b646,3f800000,1000,3f800000,1000,133290,127
5729,3fddcfab,3f4307c8,c0b2e632,3eed0e56,3f800000,1000,3f800000,1000,135624,129
5730,c003b15b,bf1ca993,411f4d01,3c9ba5e3,00000000,0,00000000,0,134457,127
5731,3f58a5ce,3f6f374c,c0c9eecc,3e0a3d71,3f800000,1000,3f800000,1000,133873,127
5732,3fe5bea1,3f3e680a,40c98fc5,3f239581,3f800000,1000,3f800000,1000,134457,127
5733,bd441dd2,bf30353f,3ff85879,3f410625,00000000,0,00000000,0,136499,129
5734,3fae0179,3e1205bc,c09e0d1b,3f0f5c29,3f800000,1000,3f800000,1000,133874,127
5735,c03e2a1b,bf23be77,3d9d14e4,3f1fbe77,00000000,0,00000000,0,132416,125
5736,bf40370d,3e93ac71,40b0ecc0,3ef95810,00000000,0,00000000,0,133582,127
5737,c00e7137,be7faace,c0c522d1,3dc08312,3cd0917a,25,3ccf0000,25,135624,128
5738,bf9c38b0,3e429931,c0c2f1aa,3f5374bc,3f428c54,760,3f42a000,760,135041,128
5739,3f280347,be4a233a,3f4f4880,3f7f7cee,3f53c643,827,3f53c000,827,133290,127
5740,bf46e2eb,3f61dd98,40fef007,3f4f5c29,00000000,0,00000000,0,133582,127
5741,3fd0769f,3fb63333,c1198a72,3edf3b64,3f800000,1000,3f800000,1000,133582,128
5742,c01e2681,beb5a027,c0a9fbe7,3e841893,00000000,0,00000000,0,134165,127
5743,c01fddec,bd867382,c1160831,3e1fbe77,3ef2f1a9,474,3ef30000,475,134457,127
5744,3f04a4d3,bed8cb29,c0d2f766,3f543958,3f800000,1000,3f800000,1000,132707,126
5745,402f7026,3fb340b8,4068779a,3ed4fdf4,3f800000,1000,3f800000,1000,132124,125
5746,3fecd552,3f5e5048,c0beed91,3f04dd2f,3f800000,1000,3f800000,1000,134749,127
5747,3ff3e964,3f1eb924,c015c28f,3f68b439,3f800000,1000,3f800000,1000,134166,128
5748,bce685db,beb3b15b,c10688ce,3f7eb852,3f800000,1000,3f800000,1000,133290,126
5749,bfb4cb7d,bb9096bc,bfb7c84b,3f28f5c3,00000000,0,00000000,0,133290,126
5750,be280496,be4a5aee,40068a72,3f0d4fdf,00000000,0,00000000,0,133582,127
5751,3f5815a0,3f91eab3,bf1bd3c3,3ed3f7cf,3f800000,1000,3f800000,1000,174706,167
5752,bf978ca8,bf10f4f1,407c985f,3f36c8b4,00000000,0,00000000,0,137082,130
5753,404a01cd,3fab91d1,4085d639,3f1ae148,3f800000,1000,3f800000,1000,133874,127
5754,3f922142,3f903d71,411bc083,3f0147ae,3f510d4f,817,3f50e000,816,134749,128
5755,3e4f1d3f,3f311c43,bf880d1b,3f39999a,3f800000,1000,3f800000,1000,135040,128
5756,bfb475a3,3ed542c4,40dfe9e2,3e8a3d71,00000000,0,00000000,0,132707,126
5757,3f95aee6,3e2e00d2,40f523a3,3ea66666,3eb1887b,347,3eb0e000,345,133582,127
5758,c0098fc5,be9acbfb,c0ced5d0,3e5f3b64,3e05ae65,131,3e06c000,132,133582,127
5759,bdf4dbe0,3f5f7e91,c11d9a02,3e8bc6a8,3f800000,1000,3f800000,1000,134166,127
5760,bed67f4e,3f1d930c,c0ff0a3d,3e89374c,3f800000,1000,3f800000,1000,136499,130
5761,40462ac3,3fa19a02,c0bf1759,3f3c6a7f,3f800000,1000,3f800000,1000,135332,128
5762,3f900dc3,3f045d64,c0185532,3f1f7cee,3f800000,1000,3f800000,1000,135916,129
5763,c01ead2e,be118937,c11cf488,3e8ac083,3f12bc53,573,3f132000,575,134749,127
5764,3de4a383,3e7102de,c0151d15,3f7ae148,3f64f37c,894,3f650000,895,132707,126
5765,4058c250,3fb476c9,c03b27bb,3f651eb8,3f800000,1000,3f800000,1000,132998,126
5766,bf60e172,3e9c9d49,40fb2b02,3f1c28f6,00000000,0,00000000,0,134457,127
5767,bfeedbb6,be72b021,c01eb368,3f143958,00000000,0,00000000,0,135332,129
5768,bf151d69,bb4bfb16,c0d6a8c1,3f00c49c,3f7c8c72,987,3f7ca000,987,136791,129
5769,c005c28f,bf02bac7,c097559b,3f16872b,00000000,0,00000000,0,132415,125
5770,3f837564,3e90af4f,3f2b923a,3edba5e3,3f800000,1000,3f800000,1000,134165,128
5771,bfb1782d,3f0f15b5,4019dcc6,3ef7ced9,00000000,0,00000000,0,132415,125
5772,c04419e3,bf086f69,40fb288d,3de353f8,00000000,0,00000000,0,132999,125
5773,bfc740a3,be436e2f,bf8a6b51,3e808312,00000000,0,00000000,0,132123,126
5774,bfc579d1,be839c0f,3f8d7a78,3ed4fdf4,00000000,0,00000000,0,133873,127
5775,3fbd90c1,3f466320,c0f36113,3f2b020c,3f800000,1000,3f800000,1000,139415,133
5776,bffc97b7,3d944d01,401ca8c1,3f6f1aa0,00000000,0,00000000,0,133874,128
5777,3f83ef4a,3f0a44d0,c0cdb4a2,3eea7efa,3f800000,1000,3f800000,1000,133291,126
5778,4028d3ae,3fb96e98,411e8c7e,3d6147ae,3f800000,1000,3f800000,1000,132123,126
5779,bf19bbae,3f25381d,41040553,3ed1eb85,00000000,0,00000000,0,132124,124
5780,403b0be1,3fb161e5,c11fbe0e,3f0a3d71,3f800000,1000,3f800000,1000,135915,129
5781,3f2f06f7,be29e4f7,c0b71c43,3f32f1aa,3f800000,1000,3f800000,1000,134749,128
5782,3f85b0de,3f1706f7,c11ace70,3e90624e,3f800000,1000,3f800000,1000,133583,127
5783,bed8e219,3e32233a,40b5ced9,3e041893,00000000,0,00000000,0,132998,126
5784,3f71dbcb,3fc86944,c0d69c78,3f5d2f1b,3f800000,1000,3f800000,1000,131540,125
5785,3fc50bb7,3f3f7c1c,c0e868dc,3f778d50,3f800000,1000,3f800000,1000,132707,126
5786,bf5f3e03,be460419,402edc5d,3e560419,00000000,0,00000000,0,132416,125
5787,3fde8b1a,3ebd38ef,40badfa4,3f781062,3f800000,1000,3f800000,1000,132707,126
5788,3ece8295,3f22a234,4034d845,3f0c0831,3f298449,662,3f296000,662,133291,125
5789,3f3cbd12,3ecf8ef3,4018b296,3f7645a2,3f800000,1000,3f800000,1000,135040,128
5790,beea5508,3e85566d,40bf9724,3edba5e3,00000000,0,00000000,0,135915,130
5791,bebe15ca,3fa7c505,c0934bc7,3f42d0e5,3f800000,1000,3f800000,1000,133290,126
5792,3fb2493d,3fa8f213,3ec0ded3,3ef6c8b4,3f800000,1000,3f800000,1000,133291,126
5793,bf7f9c63,3e4e45a2,3e0a71de,3f4624dd,00000000,0,00000000,0,132707,126
5794,3fd29f17,3e97d567,c0c845a2,3f322d0e,3f800000,1000,3f800000,1000,133873,127
5795,befcb3e5,3ef35254,40842c3d,3f4f1aa0,00000000,0,00000000,0,133582,127
5796,c01ff488,bda3a29c,c0da6595,3f09ba5e,3d5794c3,53,3d572000,53,132707,126
5797,bf19be4d,bf2f0553,40c12fec,3ea6e979,00000000,0,00000000,0,132416,126
5798,3eba29c7,3f001a37,409e3a2a,3e8b4396,3da4462a,80,3da32000,80,132707,126
5799,3ea985f0,3f55fb16,beda36e3,3f7e353f,3f800000,1000,3f800000,1000,132124,125
5800,bf6f9724,bf24d014,c10178d5,3ef6c8b4,3f800000,1000,3f800000,1000,137957,131
5801,bf5d1f60,3e9b1412,3fa381d8,3f760419,00000000,0,00000000,0,135040,128
5802,3f2e171a,3e3bb646,3e28f5c3,3ebef9db,3f800000,1000,3f800000,1000,134458,127
5803,3c5fce31,bf24594b,403bf2e5,3f30e560,00000000,0,00000000,0,134457,127
5804,3f12877f,3ddc2f83,410b6e2f,3f722d0e,00000000,0,00000000,0,134165,128
5805,bd987e7c,3ed92a30,c1069a02,3f3d2f1b,3f800000,1000,3f800000,1000,134748,128
5806,3fa654b5,3e49b717,40d58fc5,3db020c5,3f31a39c,694,3f31c000,694,134165,126
5807,bf88ed3e,3d35a858,3fd6f9db,3f1ae148,00000000,0,00000000,0,132707,126
5808,be474a77,3f976388,40c07454,3eb0a3d7,00000000,0,00000000,0,134166,128
5809,403ca138,3fcbe076,40a798c8,3ed16873,3f800000,1000,3f800000,1000,133874,127
5810,3fa985f0,3faa339c,c10faf4f,3f13f7cf,3f800000,1000,3f800000,1000,132999,126
5811,bfece26d,3e43089a,bfd41893,3dd70a3d,00000000,0,00000000,0,133291,127
5812,be0ec41e,3f202b6b,40aad0e5,3f595810,00000000,0,00000000,0,132415,126
5813,c04a0ba2,beef3d08,c0e98fc5,3ea76c8b,00000000,0,00000000,0,131833,125
5814,bf7c99af,3ea7ae14,401c3afb,3f51a9fc,00000000,0,00000000,0,132415,125
5815,bf5ad03e,3f27f8a1,c0f6c711,3e800000,3f800000,1000,3f800000,1000,132999,127
5816,3f72b94e,3f95aa65,c1143127,3d6978d5,3f800000,1000,3f800000,1000,133874,127
5817,401fe5c9,3f8df8a1,bf447454,3ed81062,3f800000,1000,3f800000,1000,137082,130
5818,bf4cbd12,3e29758e,40e398c8,3e6353f8,00000000,0,00000000,0,137082,130
5819,bf84039b,befa161e,40ce6cf4,3d0b4396,00000000,0,00000000,0,135041,127
5820,4057e9b8,3fc95bc0,c1178c15,3f178d50,3f800000,1000,3f800000,1000,133874,128
5821,4030e704,3f82432d,4036eb1c,3e849ba6,3f800000,1000,3f800000,1000,134457,127
5822,3dfa3982,3fa05604,c096538f,3f039581,3f800000,1000,3f800000,1000,137082,129
5823,bca64c30,be87f7cf,3ffee2eb,3f6e5604,00000000,0,00000000,0,134457,127
5824,bfa6e829,bf0fe76d,c0d98034,3f21cac1,3f2797ed,655,3f27c000,655,138540,132
5825,3c9c779a,beb5999a,c0bea57a,3f5d70a4,3f800000,1000,3f800000,1000,133582,127
5826,3f205144,bd211340,40ce9e1b,3d03126f,00000000,0,00000000,0,139707,132
5827,401f890d,3f6123a3,40a1999a,3f73b646,3f800000,1000,3f800000,1000,136207,129
5828,40397c70,3fcdfd22,4112d495,3cc49ba6,3f800000,1000,3f800000,1000,136499,129
5829,40171412,3f88c2f8,40362196,3f256042,3f800000,1000,3f800000,1000,326080,315
5830,bf893dd9,3f5f4fdf,c0693261,3e3126e9,3f713090,942,3f714000,942,347955,337
5831,bf672863,bf1d7b4a,c0165c92,3f424dd3,3d89dae6,67,3d8a4000,68,160707,151
5832,4032d331,3fa20000,c118d07d,3f160419,3f800000,1000,3f800000,1000,143207,136
5833,c0521427,befc154d,bfb484b6,3f618937,00000000,0,00000000,0,139124,132
5834,404592b8,3fa1295f,c09c7bb3,3e5a1cac,3f800000,1000,3f800000,1000,138832,131
5835,3eaac5c1,3f9bff97,c0289a02,3ee1cac1,3f800000,1000,3f800000,1000,136791,130
5836,3e32e9cd,bb185f07,c0f4f838,3f48b439,3f800000,1000,3f800000,1000,136207,129
5837,c00fdee8,bf00bac7,c03f1c43,3f608312,00000000,0,00000000,0,136499,129
5838,bdd1244a,3f93a787,c0160aa6,3ebef9db,3f800000,1000,3f800000,1000,136207,128
5839,3ea100e7,3fcdb574,40c4a64c,3dcccccd,3f476ec2,779,3f476000,779,134748,127
5840,bed1a9fc,3f9840b8,40807454,3da9fbe7,3e2fa354,172,3e2f0000,171,136207,129
5841,3e2bd902,befff2e5,40ab82aa,3e343958,00000000,0,00000000,0,134749,128
5842,bf776f2a,bf2121ff,c0aabb99,3ece5604,3f09932e,537,3f09c000,538,135915,129
5843,c016c322,be8dbc02,40392d77,3d656042,00000000,0,00000000,0,135624,128
5844,4061681f,3fcf86c2,40983055,3c343958,3f800000,1000,3f800000,1000,134457,127
5845,c002e43b,3d8fec57,bfa77660,3e116873,00000000,0,00000000,0,144665,138
5846,40170a3d,3fb3a5e3,c0c3e83e,3f256042,3f800000,1000,3f800000,1000,135041,127
5847,bf887d2c,bf0a902e,3fbafb7f,3e947ae1,00000000,0,00000000,0,135624,128
5848,3e897397,3fb45e35,bd85bc02,3f322d0e,3f800000,1000,3f800000,1000,135332,128
5849,c0195960,be84d6a1,409f652c,3e849ba6,00000000,0,00000000,0,134749,128
5850,401edd05,3f8802de,40b2f5c3,3ead0e56,3f800000,1000,3f800000,1000,134749,127
5851,bfb8b978,3f31fcb9,3f92b368,3ebae148,00000000,0,00000000,0,135041,128
5852,3f832bfe,3e9521ff,c101d289,3deb851f,3f800000,1000,3f800000,1000,134457,127
5853,bf5c6541,3f1c4a8c,4046511a,3e48b439,00000000,0,00000000,0,135332,128
5854,3f51f362,3ee40ebf,4014e076,3dcac083,3f800000,1000,3f800000,1000,135332,128
5855,3ed8548b,3e10e8a7,c0199ce0,3e1db22d,3f800000,1000,3f800000,1000,136207,129
5856,3ea42310,3ec0c2f8,bed65fd9,3df1a9fc,3f5cddc1,863,3f5ce000,863,136207,129
5857,bffb1a4c,bf03dcc6,c105b021,3f6a7efa,3f227d03,635,3f22c000,636,135916,128
5858,befae148,3f605461,bfc22d0e,3f733333,3f6e851e,932,3f6e8000,932,136207,129
5859,4011989e,3fbc6d5d,c0d598c8,3f05e354,3f800000,1000,3f800000,1000,133874,127
5860,bfae0d45,3d638866,40ee9931,3f07ae14,00000000,0,00000000,0,134165,127
5861,3e81b08a,3f051b71,c114ff97,3f54fdf4,3f800000,1000,3f800000,1000,134749,128
5862,be1f9f02,3fc02f1b,c0fd089a,3e3645a2,3f800000,1000,3f800000,1000,135040,127
5863,c011dbcb,bf28bee0,bf150b0f,3c23d70a,00000000,0,00000000,0,135040,127
5864,c03c0496,bf1c346e,c000d1b7,3ee872b0,00000000,0,00000000,0,134748,128
5865,c002da12,bf216e2f,c0142f83,3f22d0e5,00000000,0,00000000,0,135332,128
5866,bff60371,bbc50481,41038f5c,3dfdf3b6,00000000,0,00000000,0,133582,126
5867,bf70092d,bf041893,40c2240b,3e353f7d,00000000,0,00000000,0,134457,127
5868,3f610b63,3f72e704,3f054c98,3f74bc6a,3f800000,1000,3f800000,1000,135040,128
5869,bf7cec42,3ee582aa,4113837b,3e8624dd,00000000,0,00000000,0,138832,132
5870,bf52e0a0,3e808ce7,bfade354,3f672b02,3e2cfb56,169,3e2ce000,169,136499,129
5871,c017bfc6,3cdb7176,c0d15183,3f683127,3e01b9ae,127,3e026000,127,135916,129
5872,401a5d3a,3f50e560,3dd0b0f2,3f0c8b44,3f800000,1000,3f800000,1000,136207,129
5873,bde631f9,3f9b126f,408d4bc7,3f4f1aa0,3eae368c,340,3eae6000,341,135041,128
5874,3f8e8a72,3fcf985f,be3d70a4,3db020c5,3f800000,1000,3f800000,1000,135041,127
5875,c02ee148,bed7afb8,c048ed91,3f591687,00000000,0,00000000,0,135332,128
5876,3d2f78ff,3fc00b78,c11f3055,3f7a5e35,3f800000,1000,3f800000,1000,135040,128
5877,bf1c3dee,bc828f5c,40932d77,3f00c49c,00000000,0,00000000,0,132415,126
5878,3f903cf3,3fc2e979,40af5810,3c1374bc,3f800000,1000,3f800000,1000,131832,126
5879,bfd670e3,3f033eab,c091a787,3a83126f,3eed2275,463,3eed0000,463,132415,125
5880,3eb22fad,3f11381d,3f4a8588,3e374bc7,3f5bc44e,858,3f5bc000,858,131541,126
5881,3fe0f9b1,3fa438ef,3eeb4396,3ec51eb8,3f800000,1000,3f800000,1000,131540,125
5882,4026a5a4,3fb63261,40c9da51,3f5fbe77,3f800000,1000,3f800000,1000,131249,125
5883,3dc9eecc,be970be1,bf08b439,3ece5604,3e91b717,285,3e91c000,285,131541,124
5884,4012bf34,3f856f00,410ae148,3e54fdf4,3f800000,1000,3f800000,1000,133291,126
5885,3f0a0275,3e6a7efa,c1049e84,3f404189,3f800000,1000,3f800000,1000,133290,127
5886,bf6f16b1,3e24c986,40fce632,3f2b851f,00000000,0,00000000,0,133290,126
5887,c05d6d5d,bf2985f0,bf72339c,3ea6e979,00000000,0,00000000,0,131541,125
5888,3ddeb314,3ddf4f0e,c0bff7cf,3f391687,3f800000,1000,3f800000,1000,135332,127
5889,3e824357,bee923a3,410d62b7,3eb645a2,00000000,0,00000000,0,135333,128
5890,bf1458cd,bf09f2e5,4057e76d,3f1f3b64,00000000,0,00000000,0,136498,130
5891,c005475a,3e1683e4,c0dd7f63,3f15c28f,3ed4b8dc,415,3ed50000,416,135624,129
5892,c02ff77b,befa147b,408c0903,3e147ae1,00000000,0,00000000,0,136207,129
5893,3ec21ea3,3f942268,40656388,3f5cac08,3f7ed8d2,995,3f7ec000,995,136207,129
5894,3f260e95,3dbd97f6,c0e00f91,3e1ba5e3,3f800000,1000,3f800000,1000,135040,128
5895,bf02070c,3c8f27bb,c0eea4a9,3f000000,3f800000,1000,3f800000,1000,134457,128
5896,40064bdc,3fc1624e,41103190,3ef95810,3f800000,1000,3f800000,1000,134458,127
5897,bff15960,bed71c43,40a95cfb,3f651eb8,00000000,0,00000000,0,134749,127
5898,bfdbcb3e,bb378034,40f46a7f,3d2c0831,00000000,0,00000000,0,136499,130
5899,bf02ba9d,bf31d14e,c0daca58,3dd2f1aa,3f800000,1000,3f800000,1000,237122,227
5900,3dec4c59,3e1eb852,c09f42c4,3f0d4fdf,3f800000,1000,3f800000,1000,161873,152
5901,bf36223e,bf0f66cf,c109c227,3e820c4a,3f800000,1000,3f800000,1000,140874,133
5902,3f2ede55,3d9ded29,c1186388,3f6bc6a8,3f800000,1000,3f800000,1000,137665,131
5903,3fe1a6b5,3fc58034,c09eecc0,3f0978d5,3f800000,1000,3f800000,1000,138541,131
5904,400df601,3f491f8a,410c4674,3e116873,3f800000,1000,3f800000,1000,135040,128
5905,c01aa7f0,bf12d9e8,406de9e2,3f181062,00000000,0,00000000,0,135624,128
5906,c026bd3c,bdedb22d,bfd2de01,3ed81062,00000000,0,00000000,0,135624,129
5907,3e9db76b,3e667d56,c099851f,3f6c0831,3f800000,1000,3f800000,1000,135624,129
5908,bfd201cd,be2c3611,c0faa234,3f195810,3f2b5c1a,669,3f2b8000,670,136207,129
5909,3f3e353f,3ea36e2f,411dd07d,3ec624dd,00000000,0,00000000,0,135332,128
5910,3ee66666,3f65d567,40e8233a,3e1eb852,3dfb5c47,123,3dfa8000,122,135916,129
5911,3e93eff2,3f0eb5dd,3ff57dbf,3e8e5604,3f147565,580,3f146000,580,135624,129
5912,bfcc3d47,bf33089a,c0427a10,3e16872b,00000000,0,00000000,0,134749,128
5913,bf88f323,3f3e96bc,c0f34120,3f595810,3f800000,1000,3f800000,1000,134166,127
5914,3f9c2118,3e759168,c026ca58,3b449ba6,3f800000,1000,3f800000,1000,135624,128
5915,4030eee1,3fc7a0f9,c06868dc,3eb43958,3f800000,1000,3f800000,1000,135332,127
5916,3f6a0514,3f744b5e,402c346e,3f14bc6a,3f800000,1000,3f800000,1000,134165,128
5917,bfa05db7,3f381a37,c101e426,3f051eb8,3f800000,1000,3f800000,1000,140582,133
5918,3e558106,3f1c95ea,c05816f0,3ef126e9,3f800000,1000,3f800000,1000,132124,125
5919,4033d178,3fa08a09,c0bf573f,3e4ac083,3f800000,1000,3f800000,1000,131249,125
5920,bf50d307,bf351eb8,40b118fc,3eee147b,00000000,0,00000000,0,131832,125
5921,bffcb146,bf0cd6a1,40ddcac1,3dbe76c9,00000000,0,00000000,0,131540,125
5922,bffffd61,bf0afb7f,c0dfaee6,3f7c6a7f,3ec0f389,377,3ec0e000,377,132124,125
5923,3f05a858,be3f03b0,4095edfa,3f760419,00000000,0,00000000,0,134457,128
5924,3e2f88b9,bf05205c,c0ee4c30,3e4ccccd,3f800000,1000,3f800000,1000,135040,128
5925,3fe6bb99,3fb9cac1,bf325aee,3f36c8b4,3f800000,1000,3f800000,1000,134166,127
5926,402b5cd1,3fbcdf3b,c0b00903,3eae978d,3f800000,1000,3f800000,1000,134165,127
5927,bbd844d0,3f187bb3,c0c49d49,3df7ced9,3f800000,1000,3f800000,1000,133290,126
5928,3e745e0b,3f9d0aa6,c0ecf0d8,3dae147b,3f800000,1000,3f800000,1000,134749,127
5929,3f4d6627,3cf3eab3,c101c0ec,3f71eb85,3f800000,1000,3f800000,1000,135915,129
5930,3f9e6cf4,3e856873,c07b4539,3f05e354,3f800000,1000,3f800000,1000,134165,127
5931,3f48feef,3f8252bd,c0cc6dc6,3e8fdf3b,3f800000,1000,3f800000,1000,134749,128
5932,bf47bf1f,bf1291d1,c0177e91,3f29fbe7,3dfa9199,122,3dfae000,122,138540,131
5933,bff6f0ae,bddd35a8,40d6c49c,3ee66666,00000000,0,00000000,0,133290,126
5934,3fdefc7a,3f252618,c0bfeab3,3e958106,3f800000,1000,3f800000,1000,132416,126
5935,3f17daa5,3f2723a3,bfbb4d6a,3f3e76c9,3f800000,1000,3f800000,1000,132707,125
5936,3cda9004,bf1ea162,408ffe5d,3f624dd3,00000000,0,00000000,0,132123,125
5937,3eb08462,3f8c0cb3,40927efa,3e4ccccd,3f261c74,649,3f25e000,648,132415,126
5938,3f01bb06,3e106c22,40752a30,3f3a1cac,3e416dde,189,3e414000,189,131832,125
5939,bfc753a4,bee34bc7,40eeb5dd,3eae147b,00000000,0,00000000,0,132124,125
5940,be98e758,3f4d5254,bfd8e219,3e51eb85,3f6b026b,918,3f6b2000,918,133290,126
5941,c0275547,bec61e4f,c0f7f141,3ec8b439,3e161aac,147,3e168000,147,132416,125
5942,c00f66f9,bec87c85,c0abe1b1,3f116873,00000000,0,00000000,0,135915,128
5943,3f70bb6f,3fac8e22,c0f6f27c,3efbe76d,3f800000,1000,3f800000,1000,135624,129
5944,bea3e964,3f3527bb,c01ee48f,3f43126f,3f800000,1000,3f800000,1000,133291,126
5945,3def1562,3ea62196,c053b15b,3f0e978d,3f800000,1000,3f800000,1000,134166,126
5946,bf0bda51,3f86fc50,3fc8b780,3e90e560,3ee24f0f,442,3ee24000,442,131832,126
5947,bf9e670e,bea9cc64,40d9fcb9,3f27ae14,00000000,0,00000000,0,132123,125
5948,bffe703b,bf097660,c11b7fcc,3ea5e354,3f4ed051,808,3f4ee000,808,132707,126
5949,3f3f0ae5,3f4044d0,c017923a,3f5ced91,3f800000,1000,3f800000,1000,135332,129
5950,c00ea551,befec083,411550b1,3f3fbe77,00000000,0,00000000,0,135916,130
5951,be8f5c29,3ea4aa65,4097f972,3f676c8b,00000000,0,00000000,0,133874,126
5952,4032877f,3f833a93,410abc02,3f3ef9db,3f800000,1000,3f800000,1000,134457,127
5953,40317397,3fccacda,3fe947ae,3ed47ae1,3f800000,1000,3f800000,1000,132707,126
5954,3e8ea9e7,be8dab9f,40cba1cb,3e5c28f6,00000000,0,00000000,0,133582,126
5955,3fd463f1,3f3d8866,c0141062,3f5a9fbe,3f800000,1000,3f800000,1000,133291,126
5956,c02a4e27,bf095c29,c01f0be1,3ecf5c29,00000000,0,00000000,0,133874,127
5957,3ed9b670,3d94c2f8,c02dcc64,3ebb645a,3f800000,1000,3f800000,1000,132124,126
5958,bf0ba733,3f7aed91,c0ff4fdf,3f1c28f6,3f800000,1000,3f800000,1000,133582,126
5959,bfbfc654,3e42680a,40b36e2f,3f208312,00000000,0,00000000,0,132707,126
5960,3ea03eea,3fc0786c,c00c2a99,3cf5c28f,3f800000,1000,3f800000,1000,131832,125
5961,3fb1e258,3ef4538f,bf9ac711,3ee872b0,3f800000,1000,3f800000,1000,135040,128
5962,c040f95d,beb6ae7d,3fd535a8,3df7ced9,00000000,0,00000000,0,134749,128
5963,bfae3737,3e8c2f83,4017c505,3f6a3d71,00000000,0,00000000,0,133874,126
5964,bebb280f,3f35d2f2,4096d1b7,3f1ef9db,00000000,0,00000000,0,136499,129
5965,bfbaa6f4,3ed11eb8,c0ac1134,3f16c8b4,3f2f6d50,685,3f2fa000,686,135040,128
5966,be5e0610,bed01f21,c0c5fd8b,3f620c4a,3f800000,1000,3f800000,1000,188706,181
5967,3f8d2935,3fa4cac1,c105d6a1,3ed78d50,3f800000,1000,3f800000,1000,140582,134
5968,c0207f78,be9a5fd9,40b126e9,3f0dd2f2,00000000,0,00000000,0,135915,130
5969,bd3af102,3f9c8659,40391687,3f08f5c3,3f217491,631,3f216000,630,134166,127
5970,3efbea0c,3fb14745,bf84432d,3e333333,3f800000,1000,3f800000,1000,133874,127
5971,bfac3223,3ed44817,4109710d,3f3020c5,00000000,0,00000000,0,131832,125
5972,3fbfdb4d,3fbc7319,c11c13a9,3f01cac1,3f800000,1000,3f800000,1000,133582,127
5973,3f06555c,3fad1134,c10cbc02,3efdf3b6,3f800000,1000,3f800000,1000,133873,127
5974,bfd9f55a,3d30a3d7,410727bb,3e820c4a,00000000,0,00000000,0,132707,126
5975,bf5e72da,bee27525,bebe425b,3f0978d5,00000000,0,00000000,0,132124,125
5976,3fdaf3a1,3f31f6fd,401779a7,3f2978d5,3f800000,1000,3f800000,1000,133582,126
5977,c0399019,be604189,40745f07,3f0f1aa0,00000000,0,00000000,0,131832,126
5978,bfbb70ce,3ef8154d,40dee7d5,3f2624dd,00000000,0,00000000,0,233623,223
5979,4016d6cb,3fb66bba,3eac56d6,3e09374c,3f800000,1000,3f800000,1000,163915,154
5980,bf883e42,3f74425b,c0d88ce7,3f449ba6,3f800000,1000,3f800000,1000,142915,135
5981,40153c8a,3faf559b,c0fb4e3c,3ec08312,3f800000,1000,3f800000,1000,138541,131
5982,3f158256,3fcc617c,3fba40b8,3ebc6a7f,3f800000,1000,3f800000,1000,137082,130
5983,3fed5a5c,3f098adb,41012268,3f74bc6a,3f800000,1000,3f800000,1000,134749,128
5984,3f411c6d,3f92eb1c,40e213a9,3f774bc7,3f5bcbe3,859,3f5b8000,857,134166,126
5985,3ff9374c,3f5e12d7,c0a5a440,3f7d70a4,3f800000,1000,3f800000,1000,133582,126
5986,c0661ab5,bf3f97f6,c095e4f7,3f5df3b6,00000000,0,00000000,0,133874,127
5987,3f517d6b,3f82a36e,40e14880,3ea6e979,3f448b31,768,3f446000,767,134457,127
5988,3fb10cb3,3fab786c,40ceb780,3e6c8b44,3f800000,1000,3f800000,1000,135915,128
5989,bf484620,3ebfb98c,c0968c15,3f4c0831,3f64734a,892,3f648000,893,143791,137
5990,3cb2bfdb,3f90566d,c08d9db2,3e50e560,3f800000,1000,3f800000,1000,137082,130
5991,bfd8c88a,3ed84189,c0912b02,3e189375,3ec5042e,385,3ec50000,385,134749,127
5992,be11eb85,3f418034,bf5af4f1,3f7645a2,3f6111f5,879,3f612000,879,134749,128
5993,bf3d898b,3f2e20c5,3ff1b717,3f360419,00000000,0,00000000,0,134166,127
5994,c00a862f,bf1ee979,40e42f83,3c449ba6,00000000,0,00000000,0,134457,127
5995,3e0f56eb,be1ab021,c0b33190,3ee45a1d,3f800000,1000,3f800000,1000,135041,127
5996,401822bc,3f88460b,bffa4dd3,3e083127,3f800000,1000,3f800000,1000,137082,130
5997,3dad2dcb,bed06dc6,c0e37176,3f01cac1,3f800000,1000,3f800000,1000,135041,128
5998,3e1e98dd,bed8f909,c113fd8b,3f7020c5,3f800000,1000,3f800000,1000,136499,129
5999,bf69ae92,3ea341f2,c10d6fd2,3ea45a1d,3f800000,1000,3f800000,1000,137373,130
6000,bf2c7f78,bd35a858,c0331de7,3f4b020c,3e88459c,266,3e886000,266,133582,127
6001,becf2f98,bedbe0df,c0ae44d0,3e883127,3f531488,825,3f532000,825,134165,127
6002,bfc34c1b,3d095e9e,c101a9fc,3f343958,3f510126,816,3f510000,816,134165,127
6003,3f0a0f91,3f53c9ef,c0ce57a8,3ed0624e,3f800000,1000,3f800000,1000,133874,128
6004,3fc00b24,3fbd2b02,411c4817,3f1851ec,3f800000,1000,3f800000,1000,132707,127
6005,c011f8a1,bf3e2268,408f9f56,3d6978d5,00000000,0,00000000,0,134165,127
6006,bf1cd899,bdbf1aa0,bfa4154d,3f32f1aa,3c6a5308,14,3c6ba000,14,132999,127
6007,40180000,3fcffe5d,40c68312,3e28f5c3,3f800000,1000,3f800000,1000,132999,127
6008,bfe23b79,bc5b8bac,411bef9e,3f210625,00000000,0,00000000,0,133582,126
6009,3f0ef9db,3fa8205c,3f01b717,3e116873,3f800000,1000,3f800000,1000,133874,127
6010,bdbcc8de,be71d495,c06c84b6,3f651eb8,3f3a86b6,729,3f3a8000,729,134166,127
6011,c0113cde,3dda3055,40cf70a4,3f1d2f1b,00000000,0,00000000,0,134165,127
6012,3f8ea012,3d427525,bfa0c7e3,3b03126f,3f800000,1000,3f800000,1000,135041,128
6013,4031f655,3f8e6f00,4080faad,3d1ba5e3,3f800000,1000,3f800000,1000,138249,131
6014,bfa7c45d,bc93404f,4106b3d0,3f133333,00000000,0,00000000,0,140874,134
6015,3f8d0721,3f8a81d8,c1058e8a,3ef95810,3f800000,1000,3f800000,1000,137374,130
6016,bfd6e782,3f042b6b,c09967a1,3f439581,3f15a12f,584,3f15a000,584,134458,128
6017,bf872474,bf0b9db2,3fea29c7,3ef851ec,00000000,0,00000000,0,133290,127
6018,401f53f8,3fcad917,bf94b924,3f604189,3f800000,1000,3f800000,1000,133291,126
6019,3fb280f1,3f87240b,4012511a,3f14fdf4,3f800000,1000,3f800000,1000,133873,127
6020,bfc7aa26,be0e353f,40d2c7e3,3c03126f,00000000,0,00000000,0,133290,127
6021,3fc9a60d,3f75f06f,40eb73eb,3f1a5e35,3f800000,1000,3f800000,1000,132416,126
6022,bfe39b67,bec12bd4,c10947ae,3ebd70a4,3f3659f4,712,3f366000,712,132415,126
6023,bf9ad81b,3ef2bd3c,3e832ca5,3e4ed917,00000000,0,00000000,0,133874,127
6024,3e5551d7,beb81a37,3e821965,3e8ed917,3e8bc3c6,273,3e8bc000,273,132707,125
6025,3fc029f1,3f078e22,401fbb30,3b03126f,3f800000,1000,3f800000,1000,132707,126
6026,3fe01c2e,3f55e83e,40c0b780,3e072b02,3f800000,1000,3f800000,1000,135333,128
6027,3f5f0ae5,3e149eed,c0c5be77,3f32f1aa,3f800000,1000,3f800000,1000,135332,128
6028,c019d8d8,bbdc5d64,bf1786c2,3f2c49ba,00000000,0,00000000,0,134749,127
6029,400541c8,3f3b98c8,c08eac08,3f71a9fc,3f800000,1000,3f800000,1000,135332,128
6030,3e394318,3f0a538f,40b521ff,3ea4dd2f,00000000,0,00000000,0,134457,127
6031,3fa89225,3fce4c98,4098ee63,3f13b646,3f800000,1000,3f800000,1000,135915,129
6032,bf2111f1,3f600b78,404997f6,3ec3126f,00000000,0,00000000,0,135623,129
6033,bfba4c83,3f363055,c0914f0e,3d7df3b6,3f419f78,756,3f41a000,756,136207,130
6034,be4ad57c,be2f8d50,40aac227,3ef95810,00000000,0,00000000,0,132124,126
6035,bf086983,3f908e22,40cef4f1,3f0f5c29,00000000,0,00000000,0,132707,126
6036,3f545a1d,3e4154ca,40fa2a99,3e374bc7,00000000,0,00000000,0,134165,127
6037,3e34d6a1,3fc856d6,40c40419,3f2c8b44,3f1f7e90,623,3f1f8000,623,139416,131
6038,bfb793de,bf279b3d,40c92618,3f445a1d,00000000,0,00000000,0,171206,164
6039,bfe28199,beebdd98,410d6e98,3f641893,00000000,0,00000000,0,135041,128
6040,3fd4ed91,3fc615b5,bee00000,3f2ed917,3f800000,1000,3f800000,1000,131540,125
6041,bfb5ce5b,bb70d845,4029bf48,3e5b22d1,00000000,0,00000000,0,133291,126
6042,3f800735,3e459b3d,c0f65a1d,3f37ced9,3f800000,1000,3f800000,1000,132998,126
6043,bea42d8c,3f5d34d7,40b405bc,3e1eb852,00000000,0,00000000,0,133873,127
6044,3ffd3261,3f87f27c,c00f6113,3f3d2f1b,3f800000,1000,3f800000,1000,134749,127
6045,3fbce704,3f83346e,3ff185f0,3e54fdf4,3f800000,1000,3f800000,1000,133874,128
6046,c031b717,bf140419,c10eeab3,3f1d70a4,3e9a1166,301,3e9a0000,301,134165,126
6047,3f253a3f,3f9a05bc,404a5c92,3f218937,3f800000,1000,3f800000,1000,135040,128
6048,3e9d53ce,beb0ac08,400aa993,3f2ed917,3dc83ec7,98,3dc86000,98,135041,127
6049,c03c9375,bee154ca,bfa205bc,3f4f1aa0,00000000,0,00000000,0,132707,126
6050,3f8a73d6,3f65f3b6,c0b8a4a9,3f4c49ba,3f800000,1000,3f800000,1000,233040,223
6051,4023c16a,3f972e49,bfcef9db,3ee353f8,3f800000,1000,3f800000,1000,161290,152
6052,c01caab9,bf382752,405b15b5,3f53f7cf,00000000,0,00000000,0,142332,134
6053,bf6e59f3,3edec227,4004d35b,3e126e98,00000000,0,00000000,0,137374,129
6054,402b03b0,3fa5cac1,4084c2f8,3f791687,3f800000,1000,3f800000,1000,135041,129
6055,bf0eadd6,bed0c155,40f4dfa4,3f09ba5e,00000000,0,00000000,0,133290,127
6056,40261ab5,3f983c9f,3f85dcc6,3f43d70a,3f800000,1000,3f800000,1000,133291,126
6057,bdd18d26,be90f766,c05f81d8,3f1df3b6,3f28be51,659,3f28c000,659,132416,125
6058,bfc5d6e0,3f1009d5,c08b844d,3d1374bc,3f0abdb3,542,3f0ac000,542,133582,126
6059,3de08073,3fbfb1c4,40cda36e,3deb851f,3ebaf3c8,365,3ebae000,365,135624,128
6060,c00bd178,bf204d01,40a5573f,3e408312,00000000,0,00000000,0,134749,128
6061,3e65119d,3e42161e,40b83127,3efdf3b6,00000000,0,00000000,0,143790,137
6062,3fa6dc5d,3e839724,40487e28,3f29ba5e,3f800000,1000,3f800000,1000,137082,130
6063,be59999a,be8a7525,41152b02,3f33b646,00000000,0,00000000,0,140874,134
6064,bf6e7ab7,3f4e2de0,40e12546,3f3851ec,00000000,0,00000000,0,133874,127
6065,3ed1c6d2,be5a233a,c0f53405,3e581062,3f800000,1000,3f800000,1000,133583,126
6066,c00013fd,bebddb23,40ed851f,3eec0831,00000000,0,00000000,0,131832,125
6067,bf954b49,bf27182b,c0dbd2f2,3f3b22d1,3f3f160a,746,3f3f4000,747,132999,127
6068,c03e9004,bee6e148,c1067dbf,3f789375,3e10bf9f,141,3e10c000,141,133290,126
6069,bf084dfd,be9fbe77,409707c8,3f716873,00000000,0,00000000,0,132416,126
6070,3f89984a,3f614f0e,3f945a1d,3dac0831,3f800000,1000,3f800000,1000,132999,126
6071,c00cde2b,bea75dcc,3f1f0d84,3eee147b,00000000,0,00000000,0,132999,126
6072,401082bf,3fb575f7,3f636e2f,3f1ae148,3f800000,1000,3f800000,1000,132999,125
6073,bfed2d23,3e8ade01,c106eb1c,3f52f1aa,3f7017e4,938,3f702000,938,133582,127
6074,bf41dbcb,3f218e22,41082a99,3f083127,00000000,0,00000000,0,134165,127
6075,bc675793,bf15930c,c0e8d289,3eaf9db2,3f800000,1000,3f800000,1000,135915,129
6076,403e0afa,3f901412,c0fe0b78,3f2fdf3b,3f800000,1000,3f800000,1000,135916,129
6077,c00cc88a,bed84189,c0b5c84b,3ef74bc7,00000000,0,00000000,0,134457,127
6078,3f9b9970,3d7f06f7,c0c03e42,3f791687,3f800000,1000,3f800000,1000,135624,129
6079,be06e6da,3da786c2,bf1205bc,3f051eb8,3e3accd5,182,3e3ac000,182,135624,128
6080,c04212d7,bf25844d,c03ed5d0,3f7b645a,00000000,0,00000000,0,134166,127
6081,bf0ac472,3f80fcb9,40db39c1,3c1374bc,00000000,0,00000000,0,134749,128
6082,3f816b12,3f5e1b09,411a06f7,3eda9fbe,3ed9abaa,425,3ed94000,424,133290,127
6083,b912ccf7,bf13aee6,409bdd98,3f79999a,00000000,0,00000000,0,134165,127
6084,406258f7,3fbce8a7,41195e35,3c9374bc,3f800000,1000,3f800000,1000,133291,126
6085,bf800150,be650b0f,4028902e,3ecac083,00000000,0,00000000,0,132124,125
6086,405a8db9,3fb44f76,3cbb98c8,3f608312,3f800000,1000,3f800000,1000,139123,132
6087,beb4f8b6,bf2acd9f,40aa339c,3f2b851f,00000000,0,00000000,0,135624,129
6088,3f4137f4,3fa7a090,40a59097,3ee04189,3f800000,1000,3f800000,1000,135041,127
6089,3fc4df26,3f020ded,be397247,3f1a5e35,3f800000,1000,3f800000,1000,134749,128
6090,3f2eab36,be8b22d1,bfa6353f,3e8f5c29,3f800000,1000,3f800000,1000,135041,128
6091,c0232bfe,bec05f07,c1114120,3f04dd2f,3edcca6f,431,3edd4000,432,133874,127
6092,3f487e7c,3f933d71,40214120,3f083127,3f800000,1000,3f800000,1000,134749,128
6093,3fb16c61,3f97923a,c01c5532,3e116873,3f800000,1000,3f800000,1000,135332,128
6094,3f73ed52,3f972d77,4080617c,3ee353f8,3f800000,1000,3f800000,1000,134457,127
6095,3fb01648,3f6979a7,c007e282,3f543958,3f800000,1000,3f800000,1000,135040,128
6096,beb3b8e5,3ef072b0,410c4467,3e560419,00000000,0,00000000,0,135332,128
6097,3eb2c519,3f95fd8b,c08ab0f2,00000000,3f800000,1000,3f800000,1000,136207,129
6098,3ff288ce,3f3c64c3,3f5f559b,3f4d0e56,3f800000,1000,3f800000,1000,134749,127
6099,3fe9320e,3f32f909,c0f82268,3eb95810,3f800000,1000,3f800000,1000,135332,128
6100,402d63dc,3fb7d97f,40383958,3f2dd2f2,3f800000,1000,3f800000,1000,133873,126
6101,bf9cc8de,bf363611,405d38ef,3f1a5e35,00000000,0,00000000,0,134457,127
6102,3ee085b2,be956388,bf9e3886,3f045a1d,3f5d410f,864,3f5d4000,864,136790,129
6103,3eb6fd22,3f9a8588,c0e13405,3f4872b0,3f800000,1000,3f800000,1000,135624,129
6104,3f9f7af6,3e8205bc,c027d3c3,3d0b4396,3f800000,1000,3f800000,1000,134457,128
6105,bfa00150,beb12d77,c0f6068e,3e841893,3f4dff1e,805,3f4e2000,805,134457,127
6106,bdfa786c,3b6d9168,400ec083,3f276c8b,00000000,0,00000000,0,136790,130
6107,3feaaa3b,3f47c361,40cf74bc,3e74bc6a,3f800000,1000,3f800000,1000,136499,129
6108,c018d5fa,bea6bd3c,410d8d50,3f7020c5,00000000,0,00000000,0,135040,128
6109,bf867818,3ea58fc5,4090703b,3f574bc7,00000000,0,00000000,0,134749,128
6110,c04ca1e0,beea978d,bffb3d08,3f64dd2f,00000000,0,00000000,0,164207,157
6111,3fded86f,3fca837b,402d205c,3f2b020c,3f800000,1000,3f800000,1000,140582,134
6112,3f536a40,3e89a027,c0b7f972,3ee1cac1,3f800000,1000,3f800000,1000,136790,130
6113,3fdec95c,3f972e49,c05605bc,3f7eb852,3f800000,1000,3f800000,1000,135332,127
6114,be3e9b7c,3ed629c7,c0dac3ca,3eec0831,3f800000,1000,3f800000,1000,133874,127
6115,3f337f39,3f6ef4f1,40080831,3f7f3b64,3f800000,1000,3f800000,1000,135915,128
6116,40364dd3,3f99844d,3fb7e5c9,3d54fdf4,3f800000,1000,3f800000,1000,134748,128
6117,3f0a0275,bd16c8b4,40437e91,3f758106,3e88a760,267,3e888000,267,134165,127
6118,bff428f6,3e77b15b,406884b6,3ea7ef9e,00000000,0,00000000,0,134165,127
6119,40256ffc,3fa8b22d,40956a16,3f3b22d1,3f800000,1000,3f800000,1000,135040,128
6120,be35a858,3f4a7454,3fdaeb1c,3f333333,3ecf7656,405,3ecf8000,405,135623,129
6121,c0007208,3e60f27c,c0c8425b,3e7df3b6,3ebb20ee,365,3ebb2000,365,135040,128
6122,bfebbc2c,bebbf7cf,410c2824,3ed6872b,00000000,0,00000000,0,133874,126
6123,bdfc5ac4,bea5844d,c0dcc63f,3f3ba5e3,3f800000,1000,3f800000,1000,135916,129
6124,3cbf876a,3c1374bc,401a5461,3f272b02,00000000,0,00000000,0,134749,128
6125,3fa11926,3d9fe5c9,410b6a7f,3f5c6a7f,3e79f312,244,3e79e000,244,133874,126
6126,3e813a93,3f8237b5,411246dc,3f6978d5,00000000,0,00000000,0,134457,127
6127,bff62a1b,beb00000,3fed5326,3db851ec,00000000,0,00000000,0,135040,128
6128,bfba93f3,3eeac083,c02578d5,3efa5e35,3e5f5ad8,218,3e5f6000,218,141166,134
6129,bff7c116,3be21965,40d83afb,3dc8b439,00000000,0,00000000,0,135624,128
6130,c01123a3,bebbfb16,410674bc,3ee24dd3,00000000,0,00000000,0,135041,128
6131,3dde4a38,3f342196,4119b717,3f65a1cb,00000000,0,00000000,0,134749,128
6132,3ee05682,3f1a6c22,405cdd2f,3f46a7f0,3f16c369,589,3f16a000,588,135916,128
6133,3fbf51ad,3fbd18fc,c0691b71,3e810625,3f800000,1000,3f800000,1000,135332,128
6134,40071d3f,3f5bc9ef,bd61b08a,3f6e147b,3f800000,1000,3f800000,1000,136499,130
6135,3fcc284e,3f81c505,bf86ae7d,3e5c28f6,3f800000,1000,3f800000,1000,135332,128
6136,bd158106,3f93ced9,410f02de,3e083127,00000000,0,00000000,0,135623,128
6137,beab6d87,3eb016f0,c03de4f7,3f4e5604,3f46dc66,777,3f46e000,777,135623,128
6138,3eab87be,bec71aa0,40e07c85,3f239581,00000000,0,00000000,0,133874,127
6139,3f692ccf,3f3dfe5d,bff17f63,3e926e98,3f800000,1000,3f800000,1000,136207,129
6140,40231316,3f837e91,bf700d1b,3e4dd2f2,3f800000,1000,3f800000,1000,134457,128
6141,c06061fa,bf244a8c,c1017382,3e849ba6,00000000,0,00000000,0,131832,126
6142,3ed414a5,3ec367a1,bfaf8d50,3f1fbe77,3f800000,1000,3f800000,1000,134457,127
6143,bfb615ca,3eab2474,3f27c84b,3ee45a1d,00000000,0,00000000,0,140874,133
6144,3ff64d7f,3f3fd2f2,c01ed0e5,3da5e354,3f800000,1000,3f800000,1000,137374,130
6145,bf1f3776,be25c5d6,3e989375,3f5020c5,00000000,0,00000000,0,133290,127
6146,bf9641b3,3f59ced9,4008fdf4,3f31a9fc,00000000,0,00000000,0,133291,126
6147,3e0ebee0,3fa60b78,bea00d1b,3f36c8b4,3f800000,1000,3f800000,1000,133874,127
6148,3e4bbc2c,3e865fd9,3f41ff2e,3e849ba6,3ecf06d5,404,3ecf0000,404,132415,126
6149,bf1fdc9c,becd1d15,40d0c155,3f4f1aa0,00000000,0,00000000,0,133290,127
6150,bf45729b,3def9724,c085a512,3f743958,3f163894,587,3f164000,587,133291,126
6151,3d2786c2,bdb3d70a,c0d424dd,3f5a9fbe,3f800000,1000,3f800000,1000,133290,126
6152,3f914856,3e6514e4,40a4a305,3f11eb85,3f53e9bb,828,3f53c000,827,133874,128
6153,3eba7daa,3f8f0d84,c0ba8312,3eeb851f,3f800000,1000,3f800000,1000,133582,126
6154,c0713847,bf3b4bc7,410884b6,3c03126f,00000000,0,00000000,0,133874,126
6155,bf6f3f53,bee703b0,c03a7d56,3f147ae1,3e0a77a2,135,3e0aa000,135,133582,127
6156,3f10ded3,3e0b7803,c022a162,3cb43958,3f800000,1000,3f800000,1000,133290,127
6157,bf2b72c5,3e228241,bfab089a,3f210625,3e068a0e,131,3e066000,131,135623,128
6158,3f5b606b,bdb45a1d,404753f8,3e9f3b64,3f1ac149,605,3f1aa000,604,137082,130
6159,3eec63f1,bddab9f5,410ec01a,3f1eb852,00000000,0,00000000,0,134166,127
6160,3f7dab9f,3fbf67a1,40034880,3f389375,3f800000,1000,3f800000,1000,135041,128
6161,3edd60e9,3f5de0df,c07a5e35,3f4b020c,3f800000,1000,3f800000,1000,133582,127
6162,bfd2c5c1,3d7d70a4,406468dc,3f70e560,00000000,0,00000000,0,132416,126
6163,3f487161,be2f4f0e,c0a7d97f,3f46e979,3f800000,1000,3f800000,1000,132999,127
6164,40281f75,3f9e367a,40883958,3e570a3d,3f800000,1000,3f800000,1000,131540,125
6165,bf326bf8,3ddf27bb,3f9872b0,3f5e76c9,00000000,0,00000000,0,132708,125
6166,bf33b257,bf09c84b,c0a94396,3f116873,3f2d8d7b,678,3f2da000,678,133290,127
6167,3f49dc72,3f15205c,c092ebee,3f283127,3f800000,1000,3f800000,1000,132707,126
6168,bf125edd,bd212d77,bf46b50b,3f0a7efa,00000000,0,00000000,0,133582,126
6169,3ef9e83e,beaf3190,c072b021,3e09374c,3f800000,1000,3f800000,1000,133291,126
6170,3ff9b478,3f410b0f,3e27ef9e,3f2978d5,3f800000,1000,3f800000,1000,131249,124
6171,3da9dc72,befe17c2,40ca3c9f,3d8b4396,00000000,0,00000000,0,134749,127
6172,3e6132b5,bd80c49c,c095a36e,3f11a9fc,3f800000,1000,3f800000,1000,135624,128
6173,c017b891,3dd1a36e,c0b739c1,3f378d50,3ceecc8c,29,3cf02000,29,134749,128
6174,bfda8ac6,3e92b9f5,c058ebee,3ed16873,3d9a11f2,75,3d9a8000,75,135040,128
6175,3f579d0a,3e0ba29c,c08f0cb3,3e041893,3f800000,1000,3f800000,1000,135041,128
6176,3fa3e37e,3fb15b57,40d753f8,3f2f1aa0,3f800000,1000,3f800000,1000,134457,128
6177,405e3832,3fcf4d6a,40358106,3f7db22d,3f800000,1000,3f800000,1000,134748,128
6178,bf1db37d,3f831c43,c11e3bcd,3d79db23,3f800000,1000,3f800000,1000,132123,126
6179,3fe877ee,3f7b81d8,40e318fc,3f11a9fc,3f800000,1000,3f800000,1000,132416,125
6180,3f5493c9,3f0af5c3,407a5aee,3f3ae148,3f74f77a,957,3f74e000,957,135915,129
6181,bfa7620f,be8a3a2a,3fd27bb3,3e9c28f6,00000000,0,00000000,0,135624,129
6182,3f0f4491,3f8e9097,c0ff54ca,3f5b645a,3f800000,1000,3f800000,1000,134749,128
6183,40330942,3fbe7176,bf68fc50,3f0d4fdf,3f800000,1000,3f800000,1000,146999,140
6184,bfd6cb53,3ea9c0ec,40919653,3f547ae1,00000000,0,00000000,0,137374,130
6185,3e639d5e,3f15b7e9,401ae632,3e92f1aa,3edb527d,428,3edb4000,428,134457,127
6186,bd8f1d3f,be06425b,40c4f34d,3f1a9fbe,00000000,0,00000000,0,135915,128
6187,bfe67818,be9547ae,40503958,3f00c49c,00000000,0,00000000,0,135041,128
6188,3e230553,3f9569ad,bfb243fe,3f789375,3f800000,1000,3f800000,1000,134749,127
6189,bfc46349,bd15f6fd,c07f3b64,3ed9999a,3c5844ec,13,3c5d6000,14,134749,127
6190,3e4917d7,3ea3b4a2,40d8bb99,3f020c4a,00000000,0,00000000,0,135040,128
6191,3ea060fe,3f4dc28f,40d7e910,3f0ccccd,00000000,0,00000000,0,134458,127
6192,c052075f,bf034bc7,c1040481,3f0b4396,00000000,0,00000000,0,134748,127
6193,bf286595,3f912fec,c0862eb2,3f408312,3f800000,1000,3f800000,1000,135915,129
6194,3f79ccb8,3f61d220,406ac56d,3ef126e9,3f800000,1000,3f800000,1000,136207,129
6195,bf12641b,3f48ea4b,c0315b57,3f1645a2,3f7f78e7,998,3f7f8000,998,135915,128
6196,bf1379fb,3f075f70,c0058fc5,3ee872b0,3f210108,629,3f210000,629,136790,130
6197,bf6c447c,3f4778d5,c026ab36,3d48b439,3f3bc458,733,3f3bc000,733,135916,130
6198,3fa08073,3f0bff2e,bfc1a36e,3e981062,3f800000,1000,3f800000,1000,134749,128
6199,3f9d1633,3fcd0be1,40930553,3f5c28f6,3f800000,1000,3f800000,1000,134165,127
6200,c0205532,be6b851f,402e5e35,3f2872b0,00000000,0,00000000,0,135040,128
6201,3e90ff97,be51d7dc,c10d9b3d,3f083127,3f800000,1000,3f800000,1000,135624,129
6202,bfc4f80e,bdaad42c,c098a234,3e8e5604,3e0c3dae,137,3e0c6000,137,135623,128
6203,bf57b741,bcd25461,40c1f213,3f25e354,00000000,0,00000000,0,134165,127
6204,bf413a93,3f17126f,41093a2a,3ebd70a4,00000000,0,00000000,0,138249,131
6205,3fd0efdd,3f946944,3e591687,3e439581,3f800000,1000,3f800000,1000,133291,127
6206,bf3b6d87,bf18e48f,c05b404f,3de978d5,3e905ee7,282,3e908000,282,135332,128
6207,3ea2f838,3e715810,408519ce,3db645a2,00000000,0,00000000,0,136499,130
6208,3ee2aed1,3f06a71e,40b1295f,3e89374c,3dcb3213,99,3dca4000,99,134457,128
6209,3fd7f972,3fbbc91d,40b2a3d7,3f753f7d,3f800000,1000,3f800000,1000,133873,127
6210,bf982b41,be4ef9db,be560419,3f3d2f1b,00000000,0,00000000,0,132415,126
6211,3f9aa844,3ec8068e,bf30346e,3b83126f,3f800000,1000,3f800000,1000,133582,127
6212,bf99ef74,bf32fec5,bff38866,3e322d0e,00000000,0,00000000,0,134166,127
6213,3fe3ab22,3fa23c9f,c03eacda,3d3851ec,3f800000,1000,3f800000,1000,133290,126
6214,be8b7fe1,3f88ef9e,40f4d917,3f29fbe7,00000000,0,00000000,0,132707,126
6215,bf94cb7d,3ef39581,408272b0,3f13f7cf,00000000,0,00000000,0,132416,125
6216,3ea39043,bf098e22,410ff141,3eff7cee,00000000,0,00000000,0,132999,126
6217,3f5b3bb8,3f4123a3,c0b3bf48,3c8b4396,3f800000,1000,3f800000,1000,133291,127
6218,bf6a0cf2,3e964a8c,bf896f00,3e10624e,3d0cfbb4,34,3d0ce000,34,134748,128
6219,3f2c9afe,3f0ea57a,3f925461,3f71eb85,3f800000,1000,3f800000,1000,136791,130
6220,bd956c0d,3e277660,c0de3afb,3e53f7cf,3f800000,1000,3f800000,1000,136790,129
6221,bfb5e93a,3f2b82aa,c0dc8a72,3e6872b0,3f800000,1000,3f800000,1000,134748,127
6222,bf3631f9,bdf779a7,3f7631f9,3f3f7cee,00000000,0,00000000,0,136207,129
6223,c023e426,bf2c6a7f,c0fad6a1,3c54fdf4,3e1b82c2,152,3e1c4000,153,135040,128
6224,bfa9d7dc,bcd8adac,3f7f4f0e,3f3d70a4,00000000,0,00000000,0,135916,128
6225,3fc84428,3f1150b1,c11070a4,3e86a7f0,3f800000,1000,3f800000,1000,133874,127
6226,bf0ee782,3f73e354,40105048,3f7851ec,3e942fbc,289,3e940000,289,135915,128
6227,bf2aacda,bf35db23,40d23afb,3ec72b02,00000000,0,00000000,0,134457,127
6228,beae8534,3eb7e426,c0945604,3e5e353f,3f800000,1000,3f800000,1000,135332,128
6229,3f04b33e,be1a2d0e,4102872b,3e1cac08,00000000,0,00000000,0,132998,126
6230,c00c3f92,bf1f6fd2,c0fc2f83,3f3e76c9,3ed5a252,417,3ed5a000,417,135040,128
6231,40199f2c,3f4fc0ec,c0ba809d,3eac8b44,3f800000,1000,3f800000,1000,134166,126
6232,4038c448,3fa72f83,410831f9,3f628f5c,3f800000,1000,3f800000,1000,137666,130
6233,bf9fbd27,3f14809d,c00fd70a,3f2ac083,3ec758b7,389,3ec76000,389,130666,123
6234,bf8bb83d,3f572d77,4118374c,3ed91687,00000000,0,00000000,0,136207,130
6235,3f8d696e,3de9ce07,c0126e98,3e6978d5,3f800000,1000,3f800000,1000,135624,128
6236,3f75c28f,3de95810,3f1a0903,3f322d0e,3f800000,1000,3f800000,1000,135332,128
6237,3e925edd,3f88902e,406fa0f9,3f29374c,3f3e76a6,744,3f3e8000,744,135041,127
6238,3f45119d,3df30be1,bf22eb1c,3f1ae148,3f800000,1000,3f800000,1000,135332,128
6239,3e96f7e4,be3f5c29,bebdcc64,3e6147ae,3efbed32,492,3efbe000,492,135915,128
6240,3f24299e,3fa268dc,4106e282,3e70a3d7,3f006a97,502,3f002000,500,133874,127
6241,c01e6666,bf3a816f,411d9a02,3f1ef9db,00000000,0,00000000,0,135332,128
6242,4016670e,3f69d567,c0c3367a,3f2978d5,3f800000,1000,3f800000,1000,135040,128
6243,c013482c,be12511a,c10b5aee,3f581062,3f05816b,522,3f05c000,522,134748,128
6244,bfa5bc02,3f28075f,c0b7afb8,3e9b22d1,3f800000,1000,3f800000,1000,135332,128
6245,3ed5c7ce,3f01be77,3fa0cb29,3be56042,3f4b23f1,794,3f4b2000,793,136207,129
6246,c0100000,bd8af4f1,bfede00d,3e75c28f,00000000,0,00000000,0,135915,128
6247,bf57e671,3f5f8a09,40a52bd4,3d83126f,00000000,0,00000000,0,131249,125
6248,3f5d1cc1,3f2629c7,c0e0cccd,3eb7ced9,3f800000,1000,3f800000,1000,275331,269
6249,3fee5365,3fc23405,40be88ce,3f70624e,3f800000,1000,3f800000,1000,271539,264
6250,bf954174,beee809d,3ecd0e56,3ed47ae1,00000000,0,00000000,0,268039,262
6251,bfdd1633,3df9374c,3e974bc7,3ddd2f1b,00000000,0,00000000,0,268039,262
6252,3f9a4f22,3fa7d773,c0356042,3e50e560,3f800000,1000,3f800000,1000,270955,264
6253,bfafa1a1,3f2edd2f,c0a61965,3c54fdf4,3f6261c3,884,3f628000,885,271248,264
6254,be59be4d,3f96c0ec,c11ba787,3f656042,3f800000,1000,3f800000,1000,267165,260
6255,bfcd10f5,bf3d8866,c0e5652c,3f0624dd,3f0fcc19,562,3f0fc000,562,266289,259
6256,3e8bb1af,3f95c9ef,c0d19653,3ea7ef9e,3f800000,1000,3f800000,1000,275914,269
6257,4046dd05,3fb75f07,4039758e,3f7ef9db,3f800000,1000,3f800000,1000,277081,270
6258,bf80cfc0,bf3c0b78,c057c9ef,3f7df3b6,3e64495a,223,3e64a000,223,276206,269
6259,bdf2da12,3edb5c29,410923a3,3bc49ba6,00000000,0,00000000,0,277664,271
6260,3f280496,3e27559b,bfcdcfab,3f547ae1,3f800000,1000,3f800000,1000,278830,272
6261,bf6573eb,3f2c680a,c0558e22,3f472b02,3f5b3c64,856,3f5b2000,856,279122,272
6262,3fcbcbe6,3f485aee,40b3afb8,3ec8b439,3f800000,1000,3f800000,1000,277664,272
6263,bea4a0e4,be6e52bd,3f78ef35,3f578d50,00000000,0,00000000,0,277664,270
6264,3fd13be2,3ef3b7e9,3e76ae7d,3f1f3b64,3f800000,1000,3f800000,1000,349122,341
6265,bf6c1e79,bf1aa64c,c1016b51,3f53b646,3f800000,1000,3f800000,1000,284664,277
6266,3e98793e,bdfb4396,c10d9db2,3f27ae14,3f800000,1000,3f800000,1000,408329,398
6267,3fcea401,3ea64dd3,c112faad,3f5f3b64,3f800000,1000,3f800000,1000,461412,450
6268,bf2feef6,3ee7b98c,c0da3f14,3e83126f,3f800000,1000,3f800000,1000,304788,296
6269,3f2de54b,3f5ea993,4100e7d5,3f391687,3e9daeae,308,3e9d6000,307,284956,277
6270,3ee1a8ac,3e0e7382,40ba56d6,3e010625,00000000,0,00000000,0,249373,243
6271,3e1ea897,3efb5c29,c0d4b50b,3f64dd2f,3f800000,1000,3f800000,1000,279414,273
6272,bf31b329,bef5374c,408f73eb,3f7c6a7f,00000000,0,00000000,0,279414,272
6273,c00f9e06,beeb1de7,40c3b2ff,3e89374c,00000000,0,00000000,0,278831,271
6274,be2da123,3f5ae2eb,3f125aee,3ec5a1cb,3f23f3a6,640,3f23e000,640,280581,273
6275,bfdd5cfb,be5ddcc6,c0edaace,3f68f5c3,3f154b28,583,3f156000,583,289039,282
6276,bfd94e3c,bf234bc7,40a0809d,3e53f7cf,00000000,0,00000000,0,279706,273
6277,3fcbc750,3f3c44d0,403d1687,3e2d0e56,3f800000,1000,3f800000,1000,278539,272
6278,3da75254,3eb59ce0,bf8a8588,3f54fdf4,3f3933d6,723,3f394000,724,286122,280
6279,bf5fe719,bf039168,40930553,3f67ef9e,00000000,0,00000000,0,277081,270
6280,c02096bc,be4f27bb,40b1d7dc,3d48b439,00000000,0,00000000,0,280872,274
6281,bfbf91e6,3e425aee,c0df14e4,3f381062,3f44ec86,769,3f450000,770,276789,270
6282,3f1df506,3f9997f6,c0d691d1,3eb8d4fe,3f800000,1000,3f800000,1000,277664,271
6283,3fd60179,3f8e58e2,c08a9ba6,3edfbe77,3f800000,1000,3f800000,1000,284955,278
6284,c00a6f3f,bf01126f,40e9ad43,3e94fdf4,00000000,0,00000000,0,277664,271
6285,400753a4,3f8e9c78,bf8edfa4,3ec3126f,3f800000,1000,3f800000,1000,281164,274
6286,bf60639d,bf0562b7,3f7703b0,3e49ba5e,00000000,0,00000000,0,301581,293
6287,bf81f362,bdaa71de,40b2d773,3f558106,00000000,0,00000000,0,301872,293
6288,40443958,3fb675f7,406648e9,3f35c28f,3f800000,1000,3f800000,1000,303914,295
6289,bf43eea2,3f85dcc6,bfd7ef9e,3f5b22d1,3f77c1be,968,3f77c000,968,302164,294
6290,c049aa50,bf120903,c0a26f69,3f3645a2,00000000,0,00000000,0,302748,295
6291,3eb2df50,be5aacda,3ff809d5,3f61cac1,3e5ab082,214,3e5a8000,213,302164,294
6292,3e27daa5,bf0e48e9,c0b9c5d6,3f4353f8,3f800000,1000,3f800000,1000,303622,295
6293,c005c337,bf161d7e,401676c9,3e8fdf3b,00000000,0,00000000,0,303914,295
6294,bf939d5e,3dbe6320,be39096c,3ef9db23,00000000,0,00000000,0,303038,294
6295,3e839820,3e2182aa,c0eac7e3,3e88b439,3f800000,1000,3f800000,1000,255206,247
6296,bf4ebaf1,3ec185f0,404f1f8a,3e8a3d71,00000000,0,00000000,0,160707,152
6297,3f097247,3f6220c5,3eb69446,3e991687,3f800000,1000,3f800000,1000,160123,151
6298,3f4d6cb5,3f66c986,41045bc0,3f06a7f0,3ee04ecb,438,3edfa000,437,167707,159
6299,3e339192,3f81013b,c0a2fdf4,3ecd4fdf,3f800000,1000,3f800000,1000,162457,154
6300,bf45d24a,3f856c22,410178d5,3e116873,00000000,0,00000000,0,231289,222
6301,401a1b09,3fce7cee,3fe05bc0,3f3c6a7f,3f800000,1000,3f800000,1000,190748,180
6302,befa9004,bea5930c,3f0b15b5,3f6ccccd,00000000,0,00000000,0,427579,416
6303,404c0443,3fb99a02,bfcadaba,3b449ba6,3f800000,1000,3f800000,1000,328997,307
6304,3fd6e4e2,3f30902e,403107c8,3f09fbe7,3f800000,1000,3f800000,1000,623577,614
6305,bfe985f0,beaf0f28,40d0e076,3f72f1aa,00000000,0,00000000,0,632619,622
6306,3ecd42c4,3f7d54ca,40fe29c7,3eef1aa0,3d47f6e0,49,3d46e000,49,193248,183
6307,bfbf1de7,3f122824,406245a2,3f251eb8,00000000,0,00000000,0,207957,198
6308,bf7811b2,be86978d,3fa7b15b,3f18d4fe,00000000,0,00000000,0,209998,198
6309,3f47674d,3f1f9724,c1147e28,3f024dd3,3f800000,1000,3f800000,1000,337164,322
6310,3e0f8b59,be208ce7,40ad020c,3f2f1aa0,00000000,0,00000000,0,225456,212
6311,bfd4970f,3e7b22d1,c0914952,3ef22d0e,3e8cb6a9,275,3e8ca000,275,201540,190
6312,bf89a9fc,3be21965,c085e426,3f789375,3ead69d6,339,3ead8000,339,196874,186
6313,3ff0efdd,3fb4dd98,4015930c,3f256042,3f800000,1000,3f800000,1000,193664,182
6314,c002a4a9,bf199c0f,40b7d220,3f6a7efa,00000000,0,00000000,0,189582,179
6315,4030b242,3fc7096c,400e1b09,3f410625,3f800000,1000,3f800000,1000,197165,186
6316,400f4acb,3f9b27bb,c07ad0e5,3f0f1aa0,3f800000,1000,3f800000,1000,191040,181
6317,3f3725c4,3f1123a3,bf25aee6,3f30624e,3f800000,1000,3f800000,1000,190748,181
6318,bfd7c6fc,bec6594b,40433333,3f6624dd,00000000,0,00000000,0,191332,181
6319,bfb568c7,3ed32b02,bff32618,3f5645a2,3ddd939c,108,3dddc000,108,191332,181
6320,3f2eb702,3fb2b924,40bdc5d6,3f2a7efa,3f800000,1000,3f800000,1000,190457,180
6321,c03db1d9,bf33b2ff,4011bda5,3f649ba6,00000000,0,00000000,0,190164,180
6322,bfdffe09,3e9bb4a2,c114e1b1,3d872b02,3f800000,1000,3f800000,1000,190748,181
6323,3e67c06e,3e8bc361,c0f12bd4,3e5f3b64,3f800000,1000,3f800000,1000,187832,178
6324,bf31bda5,3e150b0f,bf5d6a16,3eb126e9,00000000,0,00000000,0,188998,179
6325,3eaa42af,bf028f5c,403f4f0e,3f245a1d,00000000,0,00000000,0,255790,245
6326,bfda1577,be2ebb99,4097afb8,3e8dd2f2,00000000,0,00000000,0,209706,198
6327,bd8c88a4,3f94f7cf,c1081bda,3f7c6a7f,3f800000,1000,3f800000,1000,217873,205
6328,c061cd60,bf34bd3c,c0887efa,3e6b851f,00000000,0,00000000,0,224290,212
6329,bf8995ab,bc832ca5,41025b57,3ebe76c9,00000000,0,00000000,0,224582,212
6330,3f8f8a09,3e876fd2,40667525,3e591687,3f800000,1000,3f800000,1000,221956,210
6331,be0aab8a,3e4264c3,409e57a8,3ca3d70a,00000000,0,00000000,0,222831,212
6332,3ff77af6,3fb16595,3fd9bda5,3d83126f,3f800000,1000,3f800000,1000,223123,212
6333,c04ae148,bf1b5c29,c0d20831,3e981062,00000000,0,00000000,0,222831,210
6334,bf2f3776,3f86d1b7,411c9581,3f5d70a4,00000000,0,00000000,0,223123,211
6335,c02eb6ae,bedff488,c105a440,3e9a9fbe,3e413f50,189,3e414000,189,221664,210
6336,3fbf8812,3f507d56,c0f4be0e,3f2d4fdf,3f800000,1000,3f800000,1000,222832,210
6337,bff83afb,bef8c2f8,c076c227,3f11a9fc,00000000,0,00000000,0,223123,211
6338,c02158b8,3d3205bc,c0d605bc,3eeb851f,3d468adf,48,3d468000,48,221956,210
6339,c0069a80,3e386595,4104ce70,3e818937,00000000,0,00000000,0,222539,210
6340,3fe6bce8,3f9bdbf5,409d9168,3e3a5e35,3f800000,1000,3f800000,1000,227206,215
6341,3fbd6abe,3f9321ff,40f78fc5,3b83126f,3f800000,1000,3f800000,1000,224873,212
6342,bf21dbcb,3f7c3611,40f3b7e9,3e8fdf3b,00000000,0,00000000,0,225165,213
6343,bc9bf9c6,3cbc6a7f,c0ad2546,3f29374c,3f800000,1000,3f800000,1000,222248,210
6344,bf630165,bee1fa44,c0e5b22d,3e916873,3f65a661,897,3f65e000,898,224290,211
6345,beac6e6e,3e0398c8,408b652c,3be56042,00000000,0,00000000,0,247914,235
6346,bdca18bd,3e80902e,c09e6e98,3e818937,3f800000,1000,3f800000,1000,229540,217
6347,c03ef252,bf05e910,c0a2e7d5,3f004189,00000000,0,00000000,0,245290,233
6348,3f5db61c,3fa3bee0,41107803,3eac8b44,3f34a4d6,706,3f346000,705,237414,211
6349,c018b87c,bd3d14e4,409a3e42,3f08b439,00000000,0,00000000,0,229248,217
6350,bf7c56d6,bf26710d,40d122d1,3ef7ced9,00000000,0,00000000,0,239748,228
6351,3ebff2e5,bbc8b439,c0ec4dd3,3f67ae14,3f800000,1000,3f800000,1000,224873,212
6352,bfdeec18,bf11ad43,40833c36,3f560419,00000000,0,00000000,0,238289,226
6353,be4c2f83,3f218c7e,3fc2a993,3ec9ba5e,3e81ff50,254,3e81e000,254,225164,212
6354,3f72031d,3f728588,c085a92a,3f7df3b6,3f800000,1000,3f800000,1000,244123,232
6355,bf7f9db2,be5f62b7,4088a7f0,3d9fbe77,00000000,0,00000000,0,236831,223
6356,bef3bb84,bf2bd7dc,411939c1,3d50e560,00000000,0,00000000,0,371288,354
6357,bff9d346,befcbfb1,40e5ced9,3ee9fbe7,00000000,0,00000000,0,275914,260
6358,c013e76d,3d92bd3c,3f9c6dc6,3f200000,00000000,0,00000000,0,234790,221
6359,c015c52e,bef32e49,40a42752,3f641893,00000000,0,00000000,0,229539,217
6360,bf96e04c,3e831759,c0f8c986,3f05a1cb,3f800000,1000,3f800000,1000,213206,202
6361,3f81aaa4,3fa2dcc6,4000e219,3dc08312,3f800000,1000,3f800000,1000,197456,187
6362,bf48d4fe,bf2ab296,40a8a3d7,3f266666,00000000,0,00000000,0,198331,187
6363,3d853e2d,3f03bf48,3fa84b5e,3f4ac083,3ed2113b,410,3ed20000,410,197457,187
6364,3fb09b52,3f86b021,3f9a5e35,3eb43958,3f800000,1000,3f800000,1000,197748,187
6365,bf938e4c,3b9a6b51,c1049e1b,3f441893,3f800000,1000,3f800000,1000,198040,187
6366,c026ef0b,be896a16,bfedab9f,3e449ba6,00000000,0,00000000,0,197165,187
6367,3f7f583a,3f88bb99,c096703b,3e9b22d1,3f800000,1000,3f800000,1000,195998,185
6368,bdf18a87,3ef8bc6a,40f75c29,3ed6872b,00000000,0,00000000,0,229832,220
6369,3f3353f8,3f967b4a,c06e1ff3,3f4c49ba,3f800000,1000,3f800000,1000,200956,191
6370,3a4c78ea,bf0cd289,c08b2e49,3f0a3d71,3f5b9fbb,858,3f5ba000,858,198914,189
6371,405b1950,3fba1412,3fe9b08a,3e353f7d,3f800000,1000,3f800000,1000,305081,296
6372,3f2c01a3,3f6e6c22,c01727bb,3d5d2f1b,3f800000,1000,3f800000,1000,342997,334
6373,bf853997,3f59dbf5,4026fd22,3f224dd3,00000000,0,00000000,0,342997,335
6374,4039a21f,3fc6a29c,c1030e56,3e800000,3f800000,1000,3f800000,1000,342997,334
6375,bef1d68c,3ec01bda,bf97d220,3e624dd3,3eb6d855,357,3eb6e000,357,343580,334
6376,403ec669,3fc68fc5,c10ef2e5,3e7ef9db,3f800000,1000,3f800000,1000,345331,337
6377,bf3f0457,3f7a233a,40ba1e4f,3ef1a9fc,00000000,0,00000000,0,341830,333
6378,3d992642,3e732ca5,c0a79e84,3f6e147b,3f800000,1000,3f800000,1000,343289,335
6379,bf28e219,3dc4538f,c009205c,3f620c4a,3e8033af,250,3e804000,250,349122,341
6380,4015800a,3fc114e4,bf9e3f14,3dc6a7f0,3f800000,1000,3f800000,1000,345914,337
6381,3b9f40a3,3ea3cb92,c0de49ba,3f651eb8,3f800000,1000,3f800000,1000,342705,334
6382,40163c21,3f929fbe,c0144189,3f147ae1,3f800000,1000,3f800000,1000,404246,393
6383,3d4e8534,3e911340,c109de01,3f6e978d,3f800000,1000,3f800000,1000,377413,366
6384,3f37b4a2,3f6fbe77,c0eccbfb,3f1eb852,3f800000,1000,3f800000,1000,377997,366
6385,bf304ab6,3e3e00d2,40d0a993,3e88b439,00000000,0,00000000,0,378872,368
6386,bfee1284,3daf6fd2,40772618,3e8fdf3b,00000000,0,00000000,0,383829,372
6387,be7e32a0,3f93f8a1,c0f5db23,3d3c6a7f,3f800000,1000,3f800000,1000,375080,365
6388,40031ceb,3f9f8b44,c0e9089a,3f53f7cf,3f800000,1000,3f800000,1000,368955,359
6389,bfed460b,3ec004ea,410f30be,3f347ae1,00000000,0,00000000,0,391704,380
6390,3febdd98,3f664ea5,bf39f55a,3ecac083,3f800000,1000,3f800000,1000,508662,494
6391,3f3e76c9,3fce8d50,409f8ef3,3eb53f7d,3f800000,1000,3f800000,1000,370413,356
6392,be046c76,bf323a2a,3fe3f7cf,3f0bc6a8,00000000,0,00000000,0,384705,373
6393,bf9a1ea3,be356d5d,40513405,3f410625,00000000,0,00000000,0,372454,361
6394,bdc801f7,bf288588,3fb51eb8,3ec9ba5e,00000000,0,00000000,0,368372,358
6395,3ebe8e61,3e54e3bd,402d7f63,3f6b4396,3e96fac6,295,3e96c000,294,370996,361
6396,bfb54802,bf16b50b,c01caf4f,3ef43958,00000000,0,00000000,0,376830,366
6397,3e785c68,be83923a,40a5cc64,3f3d2f1b,00000000,0,00000000,0,375955,366
6398,bf9d9557,3ef3404f,c101fd22,3ec8b439,3f800000,1000,3f800000,1000,368080,358
6399,bfd46f15,3eeda512,c03dab9f,3e0e5604,3e1efd43,155,3e1f2000,155,387330,376
6400,bfdc6003,3edabee0,c001c433,3e29fbe7,00000000,0,00000000,0,391704,380
6401,c007cf2d,be90e8a7,4034ea4b,3e9b22d1,00000000,0,00000000,0,395788,383
6402,3ff5182b,3f0269ad,40dae704,3cbc6a7f,3f800000,1000,3f800000,1000,390246,379
6403,bf1fca43,3d3205bc,bf6e2eb2,3f5c28f6,3a029e80,0,3a0e2000,1,392872,381
6404,3f2b313c,3f527c85,40d4d9e8,3f0b020c,3ef90172,486,3ef8c000,486,391996,380
6405,3f04c2f8,3f45eab3,4115c0ec,3f7eb852,00000000,0,00000000,0,393747,381
6406,3f1182aa,3fbebf48,40ffcc64,3ee978d5,3f34f3cf,707,3f34e000,707,393747,382
6407,3e897397,3ef72e49,3f9c01a3,3e92f1aa,3f1ce137,613,3f1ce000,613,390830,379
6408,c04ec02f,bef77176,bec3126f,3f25a1cb,00000000,0,00000000,0,393455,381
6409,be335d25,3fabc083,c1039446,3f353f7d,3f800000,1000,3f800000,1000,394329,382
6410,be94fb55,3f28daba,40f3381d,3f000000,00000000,0,00000000,0,394913,383
6411,3f99320e,3f9ea162,c049096c,3f760419,3f800000,1000,3f800000,1000,393163,381
6412,3efb4f61,3fbbff2e,3fd2de01,3e2d0e56,3f800000,1000,3f800000,1000,391121,379
6413,bf259360,3e4f65fe,405f86c2,3e041893,00000000,0,00000000,0,394038,382
6414,bfe00b24,3e86a993,40d0161e,3f2bc6a8,00000000,0,00000000,0,402496,390
6415,3f2fa82f,3eca703b,400489a0,3f2b851f,3f764bd8,962,3f764000,962,392288,380
6416,bfe551d7,bf0e1d7e,3effbe77,3f4ccccd,00000000,0,00000000,0,391413,379
6417,bf9fd417,3dc1c433,40803bcd,3f0f9db2,00000000,0,00000000,0,393454,381
6418,403faf10,3fbaff97,403c8b44,3f5f3b64,3f800000,1000,3f800000,1000,391997,381
6419,bff84ea5,bdaf7660,40c496bc,3e3c6a7f,00000000,0,00000000,0,391413,379
6420,3f38d4fe,3f37b717,409d7e91,3e158106,3f3bb0de,733,3f3ba000,733,392871,380
6421,bdc58256,3f442268,c10857a8,3eb9db23,3f800000,1000,3f800000,1000,392288,380
6422,3f67de94,3c947ae1,be85a1cb,3e5e353f,3f800000,1000,3f800000,1000,417954,406
6423,c042ea21,bf03aee6,4084b780,3f26a7f0,00000000,0,00000000,0,397247,385
6424,c03ccd75,bf29d8ae,bf8df3b6,3f33f7cf,00000000,0,00000000,0,393455,383
6425,bf5967cb,3e12e48f,4018e704,3f2353f8,00000000,0,00000000,0,392872,381
6426,c03e73d6,bf37d70a,41155e9e,3f1eb852,00000000,0,00000000,0,394038,382
6427,bd31c433,bf0723a3,c0a23afb,3f581062,3f7ec871,995,3f7ee000,996,390829,379
6428,bf7ff823,3f5934d7,4056bb99,3e189375,00000000,0,00000000,0,391122,380
6429,c052defc,bef58937,c03dfbe7,3e46a7f0,00000000,0,00000000,0,392580,381
6430,3f7bbadc,3f8706f7,3f7e1b09,3ef126e9,3f800000,1000,3f800000,1000,394330,382
6431,c0605db7,bf209ba6,bf63fe5d,3f1020c5,00000000,0,00000000,0,394037,383
6432,3ff6b65b,3fae56d6,40d77732,3f70624e,3f800000,1000,3f800000,1000,394330,383
6433,3e8a42af,be9327bb,40211b71,3f7e353f,3c8d36b0,17,3c8b0000,17,392288,380
6434,3ee08d8f,beda6cf4,c09f7247,3f347ae1,3f800000,1000,3f800000,1000,391413,379
6435,3c983516,3f77d70a,c0a05048,3dfbe76d,3f800000,1000,3f800000,1000,392288,380
6436,bf46e829,3ea73333,403a3055,3df3b646,00000000,0,00000000,0,392872,382
6437,c0115cfb,bef60419,c05a2d0e,3ee3d70a,00000000,0,00000000,0,394913,383
6438,3fa75d79,3f81a57a,40c5b717,3f439581,3f800000,1000,3f800000,1000,657702,640
6439,c01477ee,bef264c3,4081b2ff,3ebe76c9,00000000,0,00000000,0,599953,580
6440,3f1a64c3,3f9e5604,40f1b8bb,3f60c49c,3f253bf0,645,3f252000,645,442746,427
6441,3f425d8d,3f7b0f28,410f793e,3f1f3b64,3eacef62,338,3eac6000,337,405121,391
6442,3e7c408e,3ec0cccd,c06ded29,3f66a7f0,3f800000,1000,3f800000,1000,399871,387
6443,400b9d0a,3f88837b,c1161d15,3f0ed917,3f800000,1000,3f800000,1000,396080,384
6444,3eef0d84,3f29a92a,c0be9d49,3f24dd2f,3f800000,1000,3f800000,1000,368955,357
6445,bf56f007,3f3692a3,bf2d4fdf,3f560419,3ee52104,448,3ee52000,448,426996,415
6446,bf0af4f1,bf35c77a,4106b5dd,3ec41893,00000000,0,00000000,0,393162,381
6447,bff61523,beb67a10,c07a233a,3f220c4a,00000000,0,00000000,0,379747,368
6448,bf0b9629,3efdd495,c0483fe6,3eca3d71,3f4bd795,796,3f4be000,796,379163,369
6449,3f994467,3dee2824,408ea3d7,3f71a9fc,3f792c0f,973,3f790000,973,377996,367
6450,3fa9f751,3fcfd289,c119fd8b,3ea2d0e5,3f800000,1000,3f800000,1000,384413,372
6451,3f8f9bbb,3faba858,40c40419,3f6f5c29,3f800000,1000,3f800000,1000,381788,370
6452,c04e771d,bee489a0,40ff0481,3f37ced9,00000000,0,00000000,0,372455,362
6453,bf627675,bf377247,410ca787,3ed1eb85,00000000,0,00000000,0,359330,350
6454,bdbc408e,bd53c361,c0ebf141,3f743958,3f800000,1000,3f800000,1000,361371,351
6455,c026dbb6,bef94af5,409b9a6b,3e1ba5e3,00000000,0,00000000,0,360497,350
6456,befc169c,3f9aeb85,40e6b50b,3c449ba6,00000000,0,00000000,0,359913,350
6457,c00eef0b,bea1fa44,c0976113,3d0b4396,00000000,0,00000000,0,360789,351
6458,bf16c8b4,3ea4985f,c0354fdf,3f24dd2f,3f16d3af,589,3f16e000,589,359622,350
6459,400dad97,3f933a93,40061cac,3c1374bc,3f800000,1000,3f800000,1000,359330,349
6460,be1d3ed5,3d4ccccd,4118fb16,3f32f1aa,00000000,0,00000000,0,360497,351
6461,bf98dd83,3ea1a1cb,3fa45a1d,3efb645a,00000000,0,00000000,0,359621,350
6462,3fc91926,3fc6816f,3f6b923a,3f69fbe7,3f800000,1000,3f800000,1000,387913,374
6463,bfbb6263,bf378106,40711687,3eef9db2,00000000,0,00000000,0,399871,388
6464,3eae7818,3fc0bd3c,bf297247,3f045a1d,3f800000,1000,3f800000,1000,414163,399
6465,bcb295ea,3f7ca4a9,3ed1d14e,3f6a3d71,3f6a3fb7,915,3f6a4000,915,404830,392
6466,3f6badc1,3f0432ca,c0c884b6,3f66a7f0,3f800000,1000,3f800000,1000,380913,369
6467,c0156723,3c449ba6,bf5f4880,3f4ac083,00000000,0,00000000,0,376247,365
6468,3fbc47c3,3fa938ef,4103126f,3f3ba5e3,3f800000,1000,3f800000,1000,377996,367
6469,3fcadea9,3ee34a23,40049375,3f153f7d,3f800000,1000,3f800000,1000,381497,371
6470,bf92af79,3e086f69,c0ebf8a1,3f4ccccd,3f796939,974,3f79a000,975,382955,373
6471,40308755,3fc07f63,4084bd3c,3f1be76d,3f800000,1000,3f800000,1000,385872,375
6472,3f547ae1,3ec0ea4b,407c49ba,3eaf1aa0,3f43437f,763,3f434000,763,376538,366
6473,c0103dee,be904b5e,c0d6f1aa,3e86a7f0,3e038dab,128,3e042000,129,379455,369
6474,bf2bc558,3f4158e2,410f161e,3e9cac08,00000000,0,00000000,0,385871,374
6475,c007dc9c,bcab6ae8,409db7e9,3f610625,00000000,0,00000000,0,384997,374
6476,be9ca6ca,3f66db8c,40499e84,3f1cac08,3e30ebda,173,3e30c000,173,385579,375
6477,bfa5fc3b,3ea54952,41126042,3f7df3b6,00000000,0,00000000,0,377413,366
6478,be40346e,3f2e5a1d,bf91eb85,3f76872b,3f5731f9,841,3f572000,840,380622,370
6479,bf80a138,bf0c809d,40d0f9db,3f12b021,00000000,0,00000000,0,389955,378
6480,bfd9c23b,bd8fcb92,c072e48f,3f4e978d,00000000,0,00000000,0,401621,390
6481,bf9fdd44,3e10be0e,c0acbee0,3f7126e9,3f16b10c,589,3f16c000,589,238789,227
6482,bfc1ab4b,bf1130be,c0b6d917,3e343958,3e9e83e8,310,3e9ee000,310,233331,221
6483,3f1d3459,3f82bf48,3fe6dc5d,3f004189,3f800000,1000,3f800000,1000,229540,218
6484,bf892ad8,bebc5d64,40690cb3,3f5f3b64,00000000,0,00000000,0,226914,215
6485,bf9218bd,bf382c3d,bfac4d01,3f52f1aa,00000000,0,00000000,0,226332,214
6486,3da324c8,3f341ff3,bf9bfb16,3ef0a3d7,3f800000,1000,3f800000,1000,356121,344
6487,3fab0165,3f608588,bfba36e3,3ebe76c9,3f800000,1000,3f800000,1000,353497,341
6488,3f0e19b9,3f33089a,3f9cfdf4,3e83126f,3f800000,1000,3f800000,1000,354664,343
6489,3fc2a066,3f13923a,410a3eab,3f1cac08,3f800000,1000,3f800000,1000,228664,216
6490,3f67b203,3fb9e704,c0de91d1,3e851eb8,3f800000,1000,3f800000,1000,229539,217
6491,4027b3fa,3f64cf42,bf55e354,3f1eb852,3f800000,1000,3f800000,1000,227206,216
6492,401d5d4f,3f99e282,c0032474,3f18d4fe,3f800000,1000,3f800000,1000,228665,217
6493,4015bda5,3f4c8241,3f8fec57,3f589375,3f800000,1000,3f800000,1000,233039,222
6494,bff74342,beaa2681,40e2b852,3f774bc7,00000000,0,00000000,0,254331,241
6495,3e1e98dd,bf0e91d1,c0d7bc02,3f1b645a,3f800000,1000,3f800000,1000,378872,366
6496,402aacda,3fca793e,c0bf42c4,3f6c0831,3f800000,1000,3f800000,1000,438954,426
6497,be083ba3,3f5b46dc,410a7176,3f7a1cac,00000000,0,00000000,0,440705,427
6498,3f2f45e1,be9ecbfb,3e9460aa,3ecf5c29,3f65fd25,898,3f65e000,898,426705,414
6499,bf8ffac2,be39652c,40ce1893,3e9d2f1b,00000000,0,00000000,0,438370,425
6500,3f930404,3f6fb22d,4088fc50,3e70a3d7,3f800000,1000,3f800000,1000,429037,415
6501,bd134acb,be664c30,be35c28f,3f445a1d,3de2a6f4,111,3de2a000,111,463163,449
6502,40026ba5,3fafaee6,c1012d77,3f2b020c,3f800000,1000,3f800000,1000,555911,539
6503,be552d23,3f6974bc,40703127,3f400000,3e0b6161,136,3e0b2000,136,401038,386
6504,bfb687d3,bdc95183,c0093dd9,3d75c28f,00000000,0,00000000,0,431079,418
6505,c0013405,be384b5e,3f1e76c9,3f09fbe7,00000000,0,00000000,0,420871,409
6506,3fd590c1,3f16a4a9,c0c90cb3,3f272b02,3f800000,1000,3f800000,1000,414455,403
6507,bf850332,3f1ef007,407a7525,3f7c28f6,00000000,0,00000000,0,413288,402
6508,befbb59e,bf1ec083,40aa9a02,3cb43958,00000000,0,00000000,0,411537,401
6509,3fa2aed1,3d9cd9e8,c0761965,3f74bc6a,3f800000,1000,3f800000,1000,371871,360
6510,3eaa42af,be99ad43,c0d7f7cf,3f64dd2f,3f800000,1000,3f800000,1000,405996,395
6511,404232a0,3fc95a1d,c08ba0f9,3ec49ba6,3f800000,1000,3f800000,1000,390621,381
6512,be6b0c89,3f5864c3,40f252bd,3d5d2f1b,00000000,0,00000000,0,359621,350
6513,bfe892cd,be0dd639,bf004189,3f1a9fbe,00000000,0,00000000,0,359621,350
6514,bf35c52e,3f706cf4,4103afb8,3a83126f,00000000,0,00000000,0,359038,349
6515,be327137,bf24978d,41022ca5,3f34fdf4,00000000,0,00000000,0,362247,353
6516,3f8383cf,3ec753f8,4104d14e,3da1cac1,3e610e50,220,3e5fa000,218,358164,348
6517,bfb05293,bf12809d,3f01d7dc,3f14fdf4,00000000,0,00000000,0,359622,350
6518,bf6feef6,3d62339c,4103617c,3c449ba6,00000000,0,00000000,0,367497,357
6519,3f111dbd,3ee63a2a,406cadac,3ee2d0e5,3f0a4e3a,540,3f0a4000,540,423205,411
6520,3ff9ffd6,3f8471de,c0923055,3ee872b0,3f800000,1000,3f800000,1000,402788,390
6521,bfa4a0e4,3eace076,c0e0b0f2,3f2872b0,3f800000,1000,3f800000,1000,412996,400
6522,402f1f8a,3fcccd9f,bea0aa65,3f49374c,3f800000,1000,3f800000,1000,399288,387
6523,3f0f3e03,3fb4de01,40d06dc6,3efef9db,3f6581d3,897,3f658000,896,380330,369
6524,3f4923a3,3fc8624e,c088de01,3e3126e9,3f800000,1000,3f800000,1000,380330,369
6525,bf821230,befc3fe6,c116d014,3f7f7cee,3f800000,1000,3f800000,1000,382372,371
6526,bf31f601,3e70ef35,c0a2c63f,3efbe76d,3f595711,849,3f596000,849,383829,373
6527,3f3bd7b2,3fbcbf48,411d52bd,3efc6a7f,3f149719,580,3f144000,579,387330,376
6528,bf9445cc,bd7be76d,40a8e704,3f0d9168,00000000,0,00000000,0,380038,369
6529,405c068e,3fcb2eb2,c0f63f14,3f58d4fe,3f800000,1000,3f800000,1000,379163,368
6530,3f888d8f,3f55eab3,403484b6,3f08f5c3,3f800000,1000,3f800000,1000,385871,375
6531,bee6fbd2,3f5b5e9e,40cefdf4,3efc6a7f,00000000,0,00000000,0,386163,375
6532,bf03a14d,3f860481,c0e1645a,3f1374bc,3f800000,1000,3f800000,1000,385579,375
6533,bd371759,3f6ee219,bfc6b1c4,3f181062,3f800000,1000,3f800000,1000,377121,366
6534,3f66b3bc,3d77dbf5,c11a8659,3ec00000,3f800000,1000,3f800000,1000,380913,370
6535,403c1c82,3fc642c4,c081837b,3f30624e,3f800000,1000,3f800000,1000,381496,370
6536,bf83b060,3f08faad,41133d08,3eddb22d,00000000,0,00000000,0,388204,376
6537,3ed84f4c,3f695cfb,c0f6cccd,3def9db2,3f800000,1000,3f800000,1000,391705,380
6538,3f9b48d4,3f9f1a37,c0d5a9fc,3deb851f,3f800000,1000,3f800000,1000,391413,379
6539,3faac1d3,3f935810,4021eecc,3da1cac1,3f800000,1000,3f800000,1000,393163,380
6540,3f9f7e3d,3e910e56,40178034,3eb1a9fc,3f800000,1000,3f800000,1000,391996,380
6541,4015c8c9,3f7404ea,be600d1b,3f71eb85,3f800000,1000,3f800000,1000,390538,378
6542,40243fe6,3f9f09d5,c0f2068e,3ed81062,3f800000,1000,3f800000,1000,391996,380
6543,bff6c765,3e9d6873,3e773190,3ee04189,00000000,0,00000000,0,401329,389
6544,3fc18d26,3fcb985f,c0abe426,3f6b851f,3f800000,1000,3f800000,1000,405705,394
6545,4032147b,3fc5703b,c10b3d08,3f195810,3f800000,1000,3f800000,1000,393163,381
6546,3fbe1ef7,3e80d845,4082e48f,3eb2b021,3f800000,1000,3f800000,1000,391997,380
6547,3feab94e,3fb7703b,c0aacccd,3f7eb852,3f800000,1000,3f800000,1000,393163,381
6548,3f36a7f0,3fbaf694,41125a86,3d50e560,3f1ee9ec,621,3f1ea000,620,393455,381
6549,3fbdedd0,3f1224dd,c0fc346e,3f29ba5e,3f800000,1000,3f800000,1000,391996,379
6550,3ff1945b,3eea7a10,c06a0f91,3ee45a1d,3f800000,1000,3f800000,1000,394330,382
6551,bfd009d5,be8f18fc,c0363d71,3f610625,00000000,0,00000000,0,394038,382
6552,3f5029f1,3ebb39c1,c0d0ac08,3bc49ba6,3f800000,1000,3f800000,1000,394913,382
6553,bda949a5,3f845810,41198bac,3f574bc7,00000000,0,00000000,0,395496,383
6554,bfbb9192,bee2b368,c115afb8,3c656042,3f7901b2,973,3f78e000,972,391996,380
6555,bf12c669,3f4d0553,40362eb2,3f34bc6a,3c49d218,12,3c482000,12,392288,380
6556,beec49ba,3f027efa,c0c5aee6,3f04dd2f,3f800000,1000,3f800000,1000,391413,380
6557,bef527e5,be521965,c0e5c84b,3e26e979,3f800000,1000,3f800000,1000,392288,380
6558,402d7cc4,3f755dcc,be2c56d6,3f3d2f1b,3f800000,1000,3f800000,1000,393747,382
6559,be73d07d,be840000,c088594b,3f610625,3f417ce6,756,3f41a000,756,391413,379
6560,c00cb631,bea6d5d0,400b367a,3f4fdf3b,00000000,0,00000000,0,395496,383
6561,bfc4e9a3,3f0ff6fd,bff39c0f,3f5020c5,3e3926d7,181,3e398000,181,392288,380
6562,be94cc25,3f0110cb,411762b7,3eee147b,00000000,0,00000000,0,390829,378
6563,4030ddd7,3f8b04ea,c0ba902e,3f0d9168,3f800000,1000,3f800000,1000,390830,379
6564,3fdcce1c,3f941206,c07ffe5d,3e676c8b,3f800000,1000,3f800000,1000,388496,376
6565,3f711490,3c65c91d,40d1a027,3ed89375,3df5ca22,120,3df52000,120,391121,379
6566,3ebc5ac4,3f8375f7,c0078ef3,3f4978d5,3f800000,1000,3f800000,1000,390830,379
6567,3f36e19c,3ed6ecc0,c0fadb8c,3e3645a2,3f800000,1000,3f800000,1000,402497,389
6568,bee27525,3f0f126f,3fd17247,3f5c6a7f,3dbf4a57,93,3dbf2000,93,401622,389
6569,3f78bac7,3f0232ca,41199eed,3e926e98,3d28a6c6,41,3d268000,41,413996,402
6570,bf183a54,bf3b0be1,c083573f,3f2147ae,3f0643cd,524,3f066000,525,401913,390
6571,c05bb00c,bf094880,3f93da51,3f1b22d1,00000000,0,00000000,0,428163,416
6572,400ec4c6,3f3d5f70,c07d82aa,3e978d50,3f800000,1000,3f800000,1000,420287,408
6573,3fb34a23,3fc737b5,c00d119d,3ea24dd3,3f800000,1000,3f800000,1000,419997,407
6574,3d1a0275,3f2385f0,3f80ff97,3ed374bc,3f00f001,504,3f00e000,503,442454,430
6575,bf99ecd5,beb26666,410030be,3f210625,00000000,0,00000000,0,517703,500
6576,3f58f473,3ee53261,c02e12d7,3ed81062,3f800000,1000,3f800000,1000,584495,566
6577,3f084f4c,3e01096c,c09e3055,3f558106,3f800000,1000,3f800000,1000,674910,656
6578,401964d8,3f8e5c29,3f5652bd,3e1eb852,3f800000,1000,3f800000,1000,466079,450
6579,bfbc7f78,3f06b1c4,c06a2196,3f4e978d,3efe2950,496,3efe6000,497,434288,421
6580,bf63c600,bdbdab9f,4022b6ae,3def9db2,00000000,0,00000000,0,427579,415
6581,404f3b64,3fb92618,40f05048,3f29fbe7,3f800000,1000,3f800000,1000,424371,413
6582,bfcef0ae,bec449ba,4080a71e,3c83126f,00000000,0,00000000,0,413579,402
6583,3fd174e6,3e9faace,c088538f,3d4ccccd,3f800000,1000,3f800000,1000,427288,415
6584,bfa87f24,bf04a234,411dbcd3,3ea0c49c,00000000,0,00000000,0,376829,365
6585,3f36ca04,3deaee63,be456d5d,3ee56042,3f800000,1000,3f800000,1000,417663,406
6586,3f923982,3fb86dc6,c00caf4f,3e86a7f0,3f800000,1000,3f800000,1000,350581,340
6587,bfc02f30,bf1b844d,bf1fc505,3d872b02,00000000,0,00000000,0,402788,392
6588,3ebe670e,bcac0831,bf0d42c4,3eb020c5,3f231d70,637,3f232000,637,346205,336
6589,be8176de,3ea9b3d0,c10f460b,3da7ef9e,3f800000,1000,3f800000,1000,360997,351
6590,bfd5fd8b,bec884b6,402bcd36,3f122d0e,00000000,0,00000000,0,357872,348
6591,3e5704ff,3f1e40b8,bfad7732,3e8dd2f2,3f800000,1000,3f800000,1000,359330,349
6592,3f2b7aa2,3fa81134,bf4bc6a8,3dc8b439,3f800000,1000,3f800000,1000,360496,351
6593,be886834,bc9bda51,3ff62eb2,3f0b020c,00000000,0,00000000,0,362247,352
6594,c017af64,be0c01a3,403b8866,3ebd70a4,00000000,0,00000000,0,359039,349
6595,3e9ab756,3f6875f7,411ebc02,3e2c0831,00000000,0,00000000,0,361080,351
6596,3fbf80dc,3f44b0f2,c099d7dc,3f041893,3f800000,1000,3f800000,1000,361080,351
6597,bfccc8de,3ee03127,c0e8786c,3ef126e9,3f780968,969,3f784000,970,384122,372
6598,bff5bc02,becbd567,4091ba5e,3f449ba6,00000000,0,00000000,0,400162,388
6599,bde57fb7,3fb1cd36,40aec8b4,3f3b645a,3e9bbd24,304,3e9b6000,303,417079,404
6600,3fd5b76b,3f4346dc,4087573f,3eb9db23,3f800000,1000,3f800000,1000,404246,392
6601,bf7d0918,3f4f7c1c,c01860aa,3f36c8b4,3f41542d,755,3f416000,755,392288,381
6602,3f8805e6,3f15d8ae,bfa1f8a1,3ebdf3b6,3f800000,1000,3f800000,1000,379455,368
6603,bf418bd6,3f46d289,407a45a2,3ec624dd,00000000,0,00000000,0,377996,366
6604,3ea2656b,3ea2e632,402d6873,3f147ae1,3e93f3e8,289,3e93e000,289,385580,375
6605,3fd1465f,3efad0e5,bf995183,3d50e560,3f800000,1000,3f800000,1000,381497,371
6606,c000bd12,3eafdf3b,40a73eab,3efc6a7f,00000000,0,00000000,0,384413,374
6607,3f4b295f,3f9d2546,40d3aee6,3ea7ef9e,3f7faa47,999,3f7f8000,998,379163,368
6608,bf7e5754,3ec3a29c,40932fec,3eaf9db2,00000000,0,00000000,0,378288,367
6609,bfcac1d3,3e817732,c01f9724,3f7a1cac,3b09e700,2,3b1c0000,2,388497,377
6610,be68a71e,3ba02752,c11a5c29,3e5b22d1,3f800000,1000,3f800000,1000,381788,371
6611,c04ddd6e,bf165532,402dad43,3f778d50,00000000,0,00000000,0,385288,374
6612,c015c1e8,bc91d14e,409b3405,3f3fbe77,00000000,0,00000000,0,377122,366
6613,bf3e8d11,3f0688ce,411ddcc6,3f71a9fc,00000000,0,00000000,0,381788,370
6614,c01a0d99,3d56a162,40d573eb,3f16c8b4,00000000,0,00000000,0,391997,380
6615,400f6d87,3fbc4745,c0ee902e,3e6e978d,3f800000,1000,3f800000,1000,391996,380
6616,3efa07b3,3fb52b6b,c0cb73eb,3f472b02,3f800000,1000,3f800000,1000,391705,380
6617,3ef94af5,be92ecc0,c0bd35a8,3f449ba6,3f800000,1000,3f800000,1000,391121,379
6618,3e910a13,3fae147b,c0a9404f,3ea6e979,3f800000,1000,3f800000,1000,395205,383
6619,3f5a233a,bdd07c85,4116353f,3ece5604,00000000,0,00000000,0,392288,380
6620,c04c302b,bf062b6b,410f69ad,3eb7ced9,00000000,0,00000000,0,392871,381
6621,bf87ddec,be8ee2eb,409624dd,3f78d4fe,00000000,0,00000000,0,391997,380
6622,402c60fe,3f81e5c9,4100fe5d,3f1d70a4,3f800000,1000,3f800000,1000,391996,380
6623,3fd63151,3f688e8a,c093ced9,3f526e98,3f800000,1000,3f800000,1000,390830,378
6624,3fa50679,3f760ebf,3c9930be,3eddb22d,3f800000,1000,3f800000,1000,278539,266
6625,bf7696e6,becc28f6,bea45a1d,3f34bc6a,00000000,0,00000000,0,231581,219
6626,3e90f51b,3eb13dd9,40be353f,3f72b021,00000000,0,00000000,0,225457,214
6627,bf3ef88c,3f4a6dc6,c0f260aa,3f6c8b44,3f800000,1000,3f800000,1000,222540,210
6628,3ced9168,bf1da29c,3fbd42c4,3f09374c,00000000,0,00000000,0,230539,218
6629,bef2ba9d,3f5ff141,3e3fb15b,3ef43958,3f159229,584,3f15a000,584,232456,220
6630,bf6e9100,3f2e6738,c0584817,3f10624e,3f54f5f9,832,3f54e000,832,229539,217
6631,be20d456,3fa19fbe,c0e9fe5d,3dced917,3f800000,1000,3f800000,1000,227498,215
6632,bf8811b2,bf34339c,c1087525,3f38d4fe,3f800000,1000,3f800000,1000,228956,217
6633,3fd0da3c,3fc9a440,4107d4fe,3d8b4396,3f800000,1000,3f800000,1000,226623,215
6634,3ce04c06,bf1135a8,c0936ae8,3e8ccccd,3f698dad,912,3f698000,912,229248,217
6635,3fa06057,3f2cd014,3eac56d6,3f5db22d,3f800000,1000,3f800000,1000,228081,216
6636,3ea55326,3f547382,40851d15,3e93f7cf,3eef0103,467,3eeee000,467,229539,218
6637,4028ddd7,3f963e42,c04b65fe,3f3eb852,3f800000,1000,3f800000,1000,226623,215
6638,3fb976de,3f00bc6a,c09cc49c,3f06e979,3f800000,1000,3f800000,1000,227498,216
6639,be13a3ec,beef10cb,40eedd2f,3f4f9db2,00000000,0,00000000,0,228956,217
6640,c016cc4f,be000347,3e76ae7d,3ea4dd2f,00000000,0,00000000,0,227206,215
6641,be8e392e,bf31a512,c0aeaa65,3f322d0e,3f6ee676,933,3f6ee000,933,229248,217
6642,bfc8d5a6,3f09f55a,c10647ae,3f57ced9,3f800000,1000,3f800000,1000,329871,318
6643,3dd3ae68,3f6f9724,c0bb0f28,3f2d9168,3f800000,1000,3f800000,1000,429038,415
6644,3fb24745,3f9807c8,405135a8,3e8ccccd,3f800000,1000,3f800000,1000,421746,410
6645,3f236f7e,3fae30be,c0d94880,3ef5c28f,3f800000,1000,3f800000,1000,420579,408
6646,c04371c9,bf18a57a,c0b65bc0,3f4a3d71,00000000,0,00000000,0,420579,409
6647,bedb4246,bd808312,408cc63f,3f4c8b44,00000000,0,00000000,0,420580,409
6648,3e33f530,be71374c,c0c32546,3ed58106,3f800000,1000,3f800000,1000,422621,411
6649,bf9595ff,be8f851f,bf5538ef,3f595810,00000000,0,00000000,0,421455,409
6650,3f998dce,3f1d7c1c,41181e4f,3f051eb8,3ef29d72,474,3ef1e000,472,430205,418
6651,bfb4a234,3ef45532,40830625,3f6b851f,00000000,0,00000000,0,422621,411
6652,3fd8d1b7,3f60cbfb,4084c083,3f27ae14,3f800000,1000,3f800000,1000,421746,410
6653,3efb4784,3fa89375,c107923a,3f4f1aa0,3f800000,1000,3f800000,1000,423496,411
6654,3feb0a91,3f01f488,400e8588,3eb5c28f,3f800000,1000,3f800000,1000,421746,409
6655,be87a0f9,be0f2b02,c0cc538f,3f251eb8,3f800000,1000,3f800000,1000,420580,409
6656,c03378ff,bf397660,bf641206,3f18d4fe,00000000,0,00000000,0,421746,410
6657,4049143c,3fc73333,40e84745,3e54fdf4,3f800000,1000,3f800000,1000,444496,432
6658,3f8b1316,3f3ee148,c0fe346e,3f1c6a7f,3f800000,1000,3f800000,1000,452079,439
6659,403a2142,3f88e0df,4003e0df,3e85a1cb,3f800000,1000,3f800000,1000,443037,430
6660,401d6db1,3f986dc6,4003ac71,3f7f3b64,3f800000,1000,3f800000,1000,440996,428
6661,3c07fcb9,bd9288ce,c01f5c29,3f2872b0,3f0b775c,545,3f0b8000,545,439830,426
6662,c03bab75,bef15cfb,bfa9eb85,3d23d70a,00000000,0,00000000,0,424663,413
6663,c06ecfea,bf364ea5,c07a6b51,3f4d0e56,00000000,0,00000000,0,440121,427
6664,c06045cc,bf2d3261,40e087fd,3eac8b44,00000000,0,00000000,0,570786,552
6665,3ece0f3d,3e3e9ad4,c0e9f2e5,3e839581,3f800000,1000,3f800000,1000,767951,749
6666,c01e1e4f,bf1445a2,41096c8b,3f045a1d,00000000,0,00000000,0,451204,436
6667,bfdbb646,bebf0a3d,c07173eb,3f5d70a4,00000000,0,00000000,0,409788,398
6668,bde0ded3,bf18f27c,40f2d5d0,3e09374c,00000000,0,00000000,0,404538,393
6669,bedc4da9,be97837b,c09eb296,3f418937,3f45ec1c,773,3f462000,774,401621,390
6670,3eb5cfab,3f90aee6,40c1dcc6,3ec28f5c,3ee49618,446,3ee40000,445,382371,372
6671,bfa0f7ba,3f3daace,406947ae,3ee56042,00000000,0,00000000,0,408037,397
6672,c00e464a,bef7559b,408393de,3f428f5c,00000000,0,00000000,0,394913,385
6673,3d0c3f3e,bf03d220,4003aace,3f6624dd,00000000,0,00000000,0,384414,374
6674,bda43fe6,bf2b3f7d,c06107c8,3e5c28f6,3f22615b,634,3f226000,634,346414,337
6675,bd456d5d,3f1d4880,c0a6d6a1,3b03126f,3f800000,1000,3f800000,1000,342705,333
6676,3e0dbdf9,3f15d495,c0bad289,3ed0624e,3f800000,1000,3f800000,1000,345621,337
6677,bf931b9b,bc9288ce,3f39eecc,3f5ef9db,00000000,0,00000000,0,345039,336
6678,c00e21ea,3e4463f1,40f83e42,3dd2f1aa,00000000,0,00000000,0,344455,336
6679,3f015f46,beb76e2f,c0ce5879,3f6147ae,3f800000,1000,3f800000,1000,346205,338
6680,bf831a4c,bd82f838,40a41206,3f220c4a,00000000,0,00000000,0,343580,335
6681,bf88e758,bddbb98c,40b0c227,3f191687,00000000,0,00000000,0,412704,401
6682,3fb6ba49,3f01c28f,bf02617c,3f239581,3f800000,1000,3f800000,1000,393746,381
6683,4011e15d,3fb2fec5,400ccccd,3e981062,3f800000,1000,3f800000,1000,371580,361
6684,3f72d624,3f9f9ad4,40d91d15,3f7126e9,3f800000,1000,3f800000,1000,384997,374
6685,bea9d1f6,3fa41965,c1102b6b,3f73f7cf,3f800000,1000,3f800000,1000,380913,369
6686,3f4963dc,3f0aa7f0,c09a00d2,3d178d50,3f800000,1000,3f800000,1000,383246,373
6687,3fbe002a,3fb3c28f,c08cf27c,3f6147ae,3f800000,1000,3f800000,1000,384122,373
6688,3f69c0ec,3fcc6388,c1108f5c,3e6a7efa,3f800000,1000,3f800000,1000,368372,357
6689,3e7a0f91,3f7c9a02,c109b780,3f381062,3f800000,1000,3f800000,1000,380913,370
6690,c00d87e8,3d5b089a,bfb7837b,3e978d50,00000000,0,00000000,0,396955,384
6691,bf890a13,be977cee,c0c6ed91,3f1fbe77,3f2a82e9,666,3f2a8000,666,391121,379
6692,40285faf,3f8968dc,bfa5288d,3f7d2f1b,3f800000,1000,3f800000,1000,368079,357
6693,bf98e369,3f51e69b,bfa3295f,3f40c49c,3eee5094,465,3eee4000,465,367205,357
6694,3f81ecd5,3f8520c5,c041ce07,3d7df3b6,3f800000,1000,3f800000,1000,373622,363
6695,be221965,bf1abfb1,c005c91d,3f76872b,3ed3ac0d,413,3ed3a000,413,371288,361
6696,4058da90,3fc8bb99,c113a440,3e6a7efa,3f800000,1000,3f800000,1000,374789,364
6697,401a7232,3f9bd289,c1078241,3f72f1aa,3f800000,1000,3f800000,1000,373913,363
6698,bf982f30,beeadaba,40cea162,3d03126f,00000000,0,00000000,0,380330,368
6699,3f819ae9,3e8d4e3c,c08970a4,3e53f7cf,3f800000,1000,3f800000,1000,395496,383
6700,3e7eff19,3e93e0df,407c3958,3ee3d70a,00000000,0,00000000,0,391996,380
6701,be27a637,bedd9168,4003fcb9,3d7df3b6,00000000,0,00000000,0,389955,378
6702,be86b50b,bb4154ca,c0cf39c1,3f6b020c,3f800000,1000,3f800000,1000,393163,381
6703,c02f4880,bf15d495,40d23e42,3f410625,00000000,0,00000000,0,392579,380
6704,3f3dfce3,bd0fd220,be08e8a7,3edfbe77,3f800000,1000,3f800000,1000,393163,381
6705,bfaf8184,3ef68db9,3faecf42,3f224dd3,00000000,0,00000000,0,392872,380
6706,c00f2b56,bc1b3d08,407cfaad,3e89374c,00000000,0,00000000,0,392871,381
6707,be8d4563,3fa54539,409f8866,3f439581,3e647b02,223,3e642000,223,394329,382
6708,bf5c5c14,3df36113,bf30b0f2,3f1db22d,00000000,0,00000000,0,396372,384
6709,c026c669,bdfe76c9,40cdfbe7,3ef2b021,00000000,0,00000000,0,393746,381
6710,c017ce85,3df89a02,c03cf41f,3f46a7f0,00000000,0,00000000,0,392288,380
6711,3f7182aa,bd11f8a1,40f56e2f,3ebd70a4,00000000,0,00000000,0,390830,379
6712,bffe718b,3e5947ae,c06703b0,3f5374bc,00000000,0,00000000,0,394037,383
6713,bd3923a3,bc212d77,c0b0f9db,3e9b22d1,3f800000,1000,3f800000,1000,391705,379
6714,bfcd306a,bdd8a090,bfe49518,3f800000,00000000,0,00000000,0,391413,380
6715,3df40a28,3f413333,40829375,3df5c28f,3e06cbc2,132,3e066000,131,391996,380
6716,be3c7f78,3e1af1aa,bfac6a7f,3f6e147b,3ecc9889,400,3ecca000,400,398413,386
6717,bcdf505d,3f3a3afb,c0923f14,3ec3126f,3f800000,1000,3f800000,1000,393163,381
6718,3f8becab,3fa1a8c1,4017afb8,3f06e979,3f800000,1000,3f800000,1000,391996,380
6719,bfc10b63,bce69ad4,bfec4674,3d1fbe77,00000000,0,00000000,0,391997,380
6720,401ef2fa,3fc2f8a1,bf42680a,3de353f8,3f800000,1000,3f800000,1000,393163,381
6721,3f9dd441,3cd2d773,c03706f7,3f67ef9e,3f800000,1000,3f800000,1000,390830,380
6722,bf630be1,bf100000,c0cc7c85,3f70a3d7,3f521f0a,821,3f524000,821,393163,381
6723,bfca602d,bf074467,40235f70,3f55c28f,00000000,0,00000000,0,394038,383
6724,3fe2d0e5,3f46f41f,c0d91340,3f578d50,3f800000,1000,3f800000,1000,396663,385
6725,bebc99af,bcbc6a7f,40e09ad4,3f7a9fbe,00000000,0,00000000,0,395496,384
6726,3f58a71e,3f1ca162,3fc37803,3f23126f,3f800000,1000,3f800000,1000,390830,378
6727,bf9f0457,3f55381d,40ba4dd3,3f3851ec,00000000,0,00000000,0,391413,379
6728,c003f141,bf0106f7,c1030625,3ed60419,3f014900,505,3f014000,505,391996,380
6729,bee4d014,be8362b7,3f68b439,3f4f9db2,00000000,0,00000000,0,391997,379
6730,3fa6b11c,3f764674,c1048e22,3ec10625,3f800000,1000,3f800000,1000,392288,380
6731,3faa23e2,3f481bda,c0c8b5dd,3eac0831,3f800000,1000,3f800000,1000,392288,380
6732,bf95da27,3f1dc91d,c0a01134,3f316873,3f758330,959,3f75a000,959,397246,386
6733,bf7a9153,bf220aa6,40cfb08a,3f61cac1,00000000,0,00000000,0,391413,379
6734,c030db38,bee26320,c0e2617c,3f441893,00000000,0,00000000,0,398996,388
6735,bfcf0111,bf14b368,c0a83d71,3f5c6a7f,3e79b136,244,3e7a0000,244,389371,378
6736,3e8d013b,bedd97f6,c05b1c43,3f4147ae,3f800000,1000,3f800000,1000,399579,387
6737,bf7e09ff,bdfa9fbe,4105c986,3e418937,00000000,0,00000000,0,352039,340
6738,3f805db7,3fb8acda,c10afb16,3e343958,3f800000,1000,3f800000,1000,399579,387
6739,40269b7c,3f6d2ca5,c0b6a993,3f48f5c3,3f800000,1000,3f800000,1000,400455,389
6740,bebfeda6,bf357c1c,40bd2bd4,3e6c8b44,00000000,0,00000000,0,391705,381
6741,bf278ab1,beb58106,4101c227,3f01cac1,00000000,0,00000000,0,399996,388
6742,c0188beb,bf3a4817,404102de,3d54fdf4,00000000,0,00000000,0,367497,356
6743,3d67967d,bde793de,41100903,3cb43958,00000000,0,00000000,0,410955,399
6744,4021bea1,3f9ffa44,c10a78d5,3ecac083,3f800000,1000,3f800000,1000,401621,391
6745,c0059f2c,bdc70a3d,3ff31f8a,3c54fdf4,00000000,0,00000000,0,393163,382
6746,3f85a1cb,3e138bac,403e8f5c,3f46e979,3f800000,1000,3f800000,1000,397829,386
6747,402b7271,3fa0ce70,40963611,3ee6e979,3f800000,1000,3f800000,1000,403371,392
6748,bebc6541,bf07f141,c078902e,3f35c28f,3f1b29a2,606,3f1b4000,606,403080,391
6749,3f131f8a,3effa787,40893261,3f3126e9,3f039391,514,3f036000,513,399288,387
6750,bcdb0dd8,3e9ec3ca,bf4c779a,3ee66666,3ef2ee5b,474,3ef2e000,474,334538,323
6751,c009cf57,bf01a858,c0b3f972,3f608312,3d31d4fe,43,3d358000,44,388788,379
6752,bee6ad2e,be1f381d,bfc985f0,3f24dd2f,3e11f14a,143,3e120000,143,404538,394
6753,3fd87f24,3f5f6a16,c056703b,3f2d0e56,3f800000,1000,3f800000,1000,382580,373
6754,bf8c801f,3e8774bc,bdc432ca,3dc49ba6,00000000,0,00000000,0,358746,349
6755,3f5dbca9,3f67f7cf,c0f04ea5,3f378d50,3f800000,1000,3f800000,1000,358747,350
6756,c032bfdb,be483e42,c05e8c15,3f25a1cb,00000000,0,00000000,0,358164,347
6757,3fc687d3,3f0de910,c1101759,3f31a9fc,3f800000,1000,3f800000,1000,357872,348
6758,3fbe1bb0,3f10e632,4016339c,3f5e353f,3f800000,1000,3f800000,1000,362829,354
6759,bdda5b96,3eadd2f2,4004b439,3e51eb85,00000000,0,00000000,0,359913,350
6760,3ef6db0e,3f748241,c0c6d5d0,3f2f5c29,3f800000,1000,3f800000,1000,367789,357
6761,bf8b5936,3ead6388,c0520275,3f404189,3ee4753d,446,3ee48000,446,360497,351
6762,bfaefb2b,3e6f06f7,40e2978d,3dd91687,00000000,0,00000000,0,360205,350
6763,4013dd98,3fb4d639,40a81ff3,3ee8f5c3,3f800000,1000,3f800000,1000,359913,350
6764,3f7abf34,bde5d639,40fea993,3f16872b,00000000,0,00000000,0,359038,349
6765,3dc302b4,3c813a93,c04496bc,3eaa7efa,3f3e8334,744,3f3ea000,745,363997,355
6766,c0009d49,bd2872b0,be9f559b,3f4a3d71,00000000,0,00000000,0,358455,348
6767,c0063cc9,3d8ab9f5,bed930be,3f66e979,00000000,0,00000000,0,364288,355
6768,3fcf3d5c,3fb60b0f,410bb646,3eb43958,3f800000,1000,3f800000,1000,360205,350
6769,3e0408d9,bea718fc,bf87b15b,3ef1a9fc,3ed9ed7c,426,3eda0000,426,359330,349
6770,bed95810,3e7401a3,3fa463f1,3efd70a4,00000000,0,00000000,0,359913,350
6771,3ef4f616,bc418937,c0f82196,3f639581,3f800000,1000,3f800000,1000,359330,350
6772,bf5e22e6,bdb19653,bf016f00,3eb020c5,00000000,0,00000000,0,358747,349
6773,3e3a1a0d,3e50a090,40a5e69b,3f358106,00000000,0,00000000,0,359914,350
6774,bf34ff43,3dcbb2ff,c08a8a72,3f4c8b44,3f1d7da4,615,3f1d8000,615,359039,349
6775,3f9126e9,3f950b78,c0b3d2f2,3f7851ec,3f800000,1000,3f800000,1000,359622,350
6776,401d4174,3fbb58e2,411e67a1,3eba5e35,3f800000,1000,3f800000,1000,359914,350
6777,bf087011,bf2d7a78,406d4fdf,3f22d0e5,00000000,0,00000000,0,364289,350
6778,bf31fc8f,3d49a027,40eaae7d,3f683127,00000000,0,00000000,0,360788,351
6779,3ffa16c6,3f6e075f,41029c78,3efc6a7f,3f800000,1000,3f800000,1000,369538,359
6780,3fd03d9b,3f816f00,3f748e8a,3f1cac08,3f800000,1000,3f800000,1000,361955,352
6781,c0358b2f,bf3b7803,40c54e3c,3f5ced91,00000000,0,00000000,0,361955,352
6782,bf832420,3e511687,40d0d014,3e94fdf4,00000000,0,00000000,0,359913,350
6783,403c7161,3fcbbb99,3f8bc361,3f67ae14,3f800000,1000,3f800000,1000,359913,350
6784,c03dca6d,bef2872b,c0fa6dc6,3f58d4fe,3cfadb08,31,3cfe6000,31,361080,351
6785,3f2f06f7,3f5825af,3ecb5dcc,3d9fbe77,3f800000,1000,3f800000,1000,359330,350
6786,400bebaf,3fbae632,c10ff55a,3f0f9db2,3f800000,1000,3f800000,1000,348246,337
6787,c010ede5,bf0a353f,bfb8f909,3dbe76c9,00000000,0,00000000,0,363996,353
6788,bfe79874,3e29bda5,3f9f62b7,3de978d5,00000000,0,00000000,0,360788,352
6789,3eb7d6b6,3fad6873,bf3e9e1b,3f608312,3f800000,1000,3f800000,1000,406579,396
6790,3f12f6e8,3f8ebc6a,40b63055,00000000,3f3ebf28,745,3f3ea000,745,396080,384
6791,bf87f045,becac3ca,410e9d49,3f6ed917,00000000,0,00000000,0,394038,383
6792,c03cd64d,bf05c01a,c10cfc50,3edc28f6,3e31f821,174,3e324000,174,382663,371
6793,beaecbfb,3ea3c01a,3e8b5dcc,3f516873,3e2e0674,170,3e2e0000,170,393746,370
6794,bd462a1b,3f8c7803,3f307c85,3eca3d71,3f661d9a,899,3f662000,899,724785,708
6795,be7e8683,3e8645a2,be34d6a1,3f204189,3e678f69,226,3e678000,226,537828,520
6796,3e64b33e,bc9d97f6,bf50b780,3f574bc7,3f0a8bd2,541,3f0a8000,541,415038,401
6797,bf85249e,3e3bfe5d,3ffd73eb,3e818937,00000000,0,00000000,0,387038,375
6798,bf2d92b8,3f92d917,c0aaf1aa,3e70a3d7,3f800000,1000,3f800000,1000,382080,370
6799,bf9abb45,3ef339c1,410bcac1,3ec7ae14,00000000,0,00000000,0,378579,368
6800,400632f4,3fb7eb85,c112d639,3c23d70a,3f800000,1000,3f800000,1000,382372,371
6801,bffff23d,be316f00,c0b2c8b4,3f6978d5,3defc269,117,3def8000,117,386746,375
6802,bfcc3372,bc61e4f7,40ed5dcc,3f47ae14,00000000,0,00000000,0,232456,220
6803,3df689ca,3f8f6320,bf46bb99,3f049ba6,3f800000,1000,3f800000,1000,213790,202
6804,402c32ca,3fc6f972,c0ea6738,3e916873,3f800000,1000,3f800000,1000,211456,200
6805,beca9931,3e61d7dc,c0924a8c,3f2d4fdf,3f694692,911,3f694000,911,207956,197
6806,bc9906cd,3ebf7319,c084985f,3e851eb8,3f800000,1000,3f800000,1000,217873,206
6807,be0a47ed,3f094d6a,c0470f28,3f39999a,3f800000,1000,3f800000,1000,224289,212
6808,40353a93,3fc15c92,3f903127,3f02d0e5,3f800000,1000,3f800000,1000,225748,214
6809,3dc523f6,3ec38034,40d4068e,3e604189,00000000,0,00000000,0,227498,215
6810,3ff394d9,3f68fec5,c0bffbe7,3f10624e,3f800000,1000,3f800000,1000,223414,211
6811,3f904428,3e35013b,3e902de0,3f30624e,3f800000,1000,3f800000,1000,226040,214
6812,bf11d53d,bef0538f,c0a19097,3ddb22d1,3f279896,655,3f27c000,655,223123,211
6813,3f3bf5d8,3ec5ce07,4088068e,3e810625,3f150e0d,582,3f150000,582,224873,212
6814,bf46c765,3f8335a8,410eed91,3f2d4fdf,00000000,0,00000000,0,223123,211
6815,3fd4b33e,3f4373eb,3f0d2f1b,3e83126f,3f800000,1000,3f800000,1000,221956,210
6816,bd001f75,3f9ce00d,3ec9ad43,3df5c28f,3f800000,1000,3f800000,1000,226748,216
6817,bff02364,be2cb296,4088e7d5,3ecd4fdf,00000000,0,00000000,0,234790,222
6818,bf9a45f6,bf0ed845,40868db9,3cf5c28f,00000000,0,00000000,0,233039,221
6819,3cb70260,3eb401a3,3f8fa0f9,3cd4fdf4,3e2a1142,166,3e2a0000,166,230122,218
6820,4002fb7f,3f9d923a,bfd5e354,3eab851f,3f800000,1000,3f800000,1000,230414,218
6821,bf42de01,3f5967a1,3ecfb7e9,3dfdf3b6,3eafa933,343,3eaf8000,343,226915,214
6822,bee3bf72,bd138ef3,3fc99ce0,3e8fdf3b,00000000,0,00000000,0,264539,252
6823,bf840d6f,3d4ab368,410973eb,3f276c8b,00000000,0,00000000,0,240623,229
6824,3ef71759,3f096042,c0dd26e9,3e960419,3f800000,1000,3f800000,1000,252581,225
6825,c01a3982,bed83958,40eedd2f,3f6b4396,00000000,0,00000000,0,245873,233
6826,bf9be814,3d1c01a3,3f2d0e56,3e374bc7,00000000,0,00000000,0,233623,221
6827,3ed898b3,bcd59b3d,c0f36042,3f2c0831,3f800000,1000,3f800000,1000,241789,229
6828,3fd9374c,3ecbc1be,40a14c98,3f47ef9e,3f800000,1000,3f800000,1000,231873,219
6829,4011e3fc,3f48680a,c11c0347,3ec3126f,3f800000,1000,3f800000,1000,572536,533
6830,40245198,3f75e282,40faf0d8,3f1645a2,3f800000,1000,3f800000,1000,770285,730
6831,3f400d1b,bd39999a,408f34d7,3d9fbe77,3e4a43ad,198,3e496000,197,740535,700
6832,bf261f9f,3eab46dc,40d017c2,3f400000,00000000,0,00000000,0,739660,699
6833,bf0042d9,3cea161e,c1153055,3d0b4396,3f800000,1000,3f800000,1000,727994,688
6834,bf963498,bee89d49,c0f232ca,3f778d50,3f646f7b,892,3f648000,893,742868,703
6835,3f8feda6,3ddac083,40987e28,3efdf3b6,3f450d18,770,3f44c000,769,675993,640
6836,3ee5a46a,3fabd0e5,3fe8793e,3f05e354,3f800000,1000,3f800000,1000,730535,705
6837,3f157a78,3f2cb780,bfdbfb16,3ec72b02,3f800000,1000,3f800000,1000,394621,373
6838,3f9d6f54,3e33c01a,c0cd62b7,3e9a9fbe,3f800000,1000,3f800000,1000,387913,366
6839,bf47a787,bee1ff2e,40fe2eb2,3ed78d50,00000000,0,00000000,0,384413,363
6840,c0273a15,bea78d50,410adaba,3f5b645a,00000000,0,00000000,0,395204,373
6841,be9290ac,3f29d495,3f9096bc,3e947ae1,3e99656c,300,3e996000,300,386747,365
6842,bf81a565,bf2805bc,40b63fe6,3e9ba5e3,00000000,0,00000000,0,387038,365
6843,bed630a9,bf19eab3,be7c01a3,3ef645a2,00000000,0,00000000,0,387038,366
6844,bfdb8da4,bf275c29,bdec56d6,3f06a7f0,00000000,0,00000000,0,386746,365
6845,bf7132b5,3e19eb85,3fdd35a8,3eea7efa,00000000,0,00000000,0,389663,368
6846,bfdf8c00,3ef4816f,c0ea0aa6,3dba5e35,3f66f33d,902,3f670000,902,386163,365
6847,3f6020c5,3f5fa0f9,3ed7e910,3d83126f,3f800000,1000,3f800000,1000,384996,363
6848,4005a416,3f6a680a,c0fafb7f,3e7be76d,3f800000,1000,3f800000,1000,393455,372
6849,3f12046c,bd07c84b,4119af4f,3f6e978d,00000000,0,00000000,0,392580,371
6850,3fd691a7,3ec96bba,c0ddf55a,3f6b4396,3f800000,1000,3f800000,1000,390247,369
6851,405a9e6f,3fcdb368,411bb780,3dcccccd,3f800000,1000,3f800000,1000,383829,363
6852,bfb297e1,3e02f1aa,c0a0de01,3c9ba5e3,3eb03fa5,344,3eb06000,344,395496,373
6853,3fa23055,3da9c77a,c0179db2,3f4bc6a8,3f800000,1000,3f800000,1000,392288,371
6854,bee53b8e,bedd7f63,40ad645a,3f74bc6a,00000000,0,00000000,0,392580,371
6855,bed71f36,3f872b6b,4056b6ae,3f620c4a,3e7a9f8d,245,3e79e000,244,390246,368
6856,3f52ec6c,3dd872b0,4108f694,3edf3b64,00000000,0,00000000,0,389663,367
6857,bf05e5f3,3e373b64,bec8b439,3dd0e560,3994c3e0,0,39bd6000,0,399871,379
6858,3e1db22d,3f2a233a,c09a5d64,3c656042,3f800000,1000,3f800000,1000,390830,369
6859,3df6e829,3f8a82aa,c004c63f,3f4c0831,3f800000,1000,3f800000,1000,392288,371
6860,bf41dd1a,3f245bc0,c0e8d0e5,3e851eb8,3f800000,1000,3f800000,1000,396371,375
6861,bfd27286,3ef79c0f,409d7dbf,3ea0c49c,00000000,0,00000000,0,389371,367
6862,c00ec669,bf058794,c0aaaa65,3ef126e9,00000000,0,00000000,0,387913,365
6863,bf5985f0,bd8fb7e9,4067cb92,3dcac083,00000000,0,00000000,0,398705,376
6864,400d8c7e,3f8a573f,409b0481,3eb3b646,3f800000,1000,3f800000,1000,385871,364
6865,3dcfbfc6,3d188659,4110a6b5,3f024dd3,00000000,0,00000000,0,412121,390
6866,bfc2233a,3e912bd4,408ebe0e,3f1c6a7f,00000000,0,00000000,0,385288,365
6867,bf6d273d,bed0f909,40750ff9,3f256042,00000000,0,00000000,0,384413,363
6868,3f83074a,3f8b45a2,410b2f83,3ec7ae14,3f4d9cf5,803,3f4d8000,803,387913,366
6869,bf8ac3ca,3e2de9e2,c107d220,3f52f1aa,3f800000,1000,3f800000,1000,385288,363
6870,3e834eba,bed4ef35,411b0ded,3e2e147b,00000000,0,00000000,0,383829,362
6871,bf8cacb0,bda432ca,3f20346e,3f4f9db2,00000000,0,00000000,0,386455,365
6872,402a3498,3fadb1c4,40e17660,3f4d4fdf,3f800000,1000,3f800000,1000,386163,364
6873,c0276d33,be10aa65,4108837b,3e8e5604,00000000,0,00000000,0,398705,377
6874,404bfb6a,3faabf48,40a45604,3f2ed917,3f800000,1000,3f800000,1000,384413,364
6875,3ec9f16b,3fa72bd4,40de985f,3d958106,3eed3ee3,463,3eecc000,462,384413,363
6876,bef295ea,bdd844d0,c0fc339c,3f13f7cf,3f800000,1000,3f800000,1000,385872,366
6877,bf2b9f56,bf072b02,bffb367a,3d9db22d,3d3b7741,46,3d3c2000,46,386455,365
6878,3fa7674d,3f821aa0,40f966cf,3e24dd2f,3f800000,1000,3f800000,1000,384997,363
6879,3e931b9b,3f95a512,403ce8a7,3f57ced9,3f7faacd,999,3f7fa000,999,385580,365
6880,c0235dcc,bf1d21ff,c10e20c5,3f5d2f1b,3edbab27,429,3edbe000,429,384413,363
6881,3dff2e49,3f89a162,c0f74539,3f753f7d,3f800000,1000,3f800000,1000,385288,364
6882,3eaf4730,3f2a6b51,c0a3dbf5,3f0ac083,3f800000,1000,3f800000,1000,412122,391
6883,bed05faf,3fa064c3,c0c2617c,3f7f3b64,3f800000,1000,3f800000,1000,384705,363
6884,3f351aca,3f9671de,40f147ae,3f60c49c,3f3a63e8,728,3f3a6000,728,838242,798
6885,bfc7c505,3d0d35a8,409e7e28,3ef9db23,00000000,0,00000000,0,677243,632
6886,c0004d01,3ba9930c,c0eb3405,3f639581,3ede52d1,434,3edee000,435,587995,552
6887,bd68e608,bf340b78,c0917176,3f408312,3f628807,885,3f62a000,885,603744,569
6888,403905d1,3f9bbd3c,c01f645a,3f610625,3f800000,1000,3f800000,1000,575744,542
6889,c0251a22,beb8a8c1,c0ece148,3e8d4fdf,3db8b589,90,3db90000,90,564953,532
6890,c005c38b,bef1f55a,c07b6c8b,3ee978d5,00000000,0,00000000,0,561453,529
6891,4001bb06,3fc60481,40be9a02,3d7df3b6,3f800000,1000,3f800000,1000,557954,525
6892,c00dce5b,3e5cc63f,40808f5c,3e6978d5,00000000,0,00000000,0,551245,519
6893,3fba0903,3e4b0be1,c0acc711,3cf5c28f,3f800000,1000,3f800000,1000,637286,603
6894,3fadb185,3fc3f213,c1170e56,3f40c49c,3f800000,1000,3f800000,1000,613078,578
6895,c0273db0,be9264c3,4095bf48,3eb1a9fc,00000000,0,00000000,0,644869,583
6896,3f1d6239,be91bf48,40b82681,3f55c28f,00000000,0,00000000,0,510703,480
6897,bf18c932,be42b6ae,40ace148,3b449ba6,00000000,0,00000000,0,436330,412
6898,4020b6d8,3f90096c,3f4e2824,3f6353f8,3f800000,1000,3f800000,1000,381497,360
6899,3f73736d,3d313405,3f0985f0,3ed1eb85,3f800000,1000,3f800000,1000,391413,370
6900,bfec87fd,3e96b9f5,411afc50,3f7a1cac,00000000,0,00000000,0,440121,373
6901,c02240b8,bec35f70,406e2eb2,3f758106,00000000,0,00000000,0,390829,369
6902,401366a5,3f86f909,bec793de,3f3ae148,3f800000,1000,3f800000,1000,392871,371
6903,3fe2d42c,3f2b0d84,c103b296,3f49ba5e,3f800000,1000,3f800000,1000,389955,362
6904,3f7c1fc9,3e697c1c,c1148241,3f3f3b64,3f800000,1000,3f800000,1000,386455,365
6905,3e48de2b,3e2b404f,40974af5,3db851ec,00000000,0,00000000,0,391705,370
6906,3f23a68b,3f873b64,c10b5326,3f22d0e5,3f800000,1000,3f800000,1000,388788,367
6907,404a4990,3fcee83e,c049d7dc,3e93f7cf,3f800000,1000,3f800000,1000,390538,369
6908,3ebe9b7c,3f2d7e91,c0d21965,3f3c28f6,3f800000,1000,3f800000,1000,402788,382
6909,c0451b71,bf2b7c1c,c068b0f2,3f59999a,00000000,0,00000000,0,384705,364
6910,bfe45048,3ef561e5,411ae979,3f408312,00000000,0,00000000,0,384122,363
6911,bf84e853,3f54be0e,409f212d,3f76872b,00000000,0,00000000,0,384122,363
6912,bfdfc5ac,beed4fdf,c03456d6,3ebef9db,00000000,0,00000000,0,388788,367
6913,3d9b3d08,3f1b1d15,c0cd013b,3f072b02,3f800000,1000,3f800000,1000,385580,364
6914,c0635cd1,bf2ed0e5,c00da36e,3ee978d5,00000000,0,00000000,0,385288,363
6915,bf29ccb8,bec00d1b,410a9100,3e991687,00000000,0,00000000,0,383829,363
6916,3ff07011,3fb7a512,c00c1893,3f1eb852,3f800000,1000,3f800000,1000,396663,375
6917,c01e5461,bf313b64,c11066cf,3f0f5c29,3eed58c8,464,3eed4000,463,383830,363
6918,3e6e5365,3fadb717,bfa6ecc0,3ea6e979,3f800000,1000,3f800000,1000,391413,370
6919,beb158b8,3f9ae7d5,40e47bb3,3ec9ba5e,00000000,0,00000000,0,388204,367
6920,3f06aa8f,be64b5dd,bfe9d14e,3f241893,3f800000,1000,3f800000,1000,388497,367
6921,bfe79097,3dbc5048,4014faad,3ddd2f1b,00000000,0,00000000,0,385288,363
6922,3f613943,3e9aa993,401554ca,3d71a9fc,3f800000,1000,3f800000,1000,388496,366
6923,c004c543,bf1ad4fe,40c0e076,3f2c49ba,00000000,0,00000000,0,389954,368
6924,40168145,3f6e13a9,411dd567,3f46a7f0,3f800000,1000,3f800000,1000,385580,364
6925,3db00bcc,3f84e7d5,c0d6233a,3e020c4a,3f800000,1000,3f800000,1000,409205,388
6926,bf087011,3e0e3bcd,c110e076,3f2d9168,3f800000,1000,3f800000,1000,391413,369
6927,4007f62b,3f4c068e,c0cb6388,3f12f1aa,3f800000,1000,3f800000,1000,389079,367
6928,4058faad,3fca1687,40ef0cb3,3f19db23,3f800000,1000,3f800000,1000,390829,369
6929,3ef64d7f,3fac624e,c08b02de,3e3e76c9,3f800000,1000,3f800000,1000,388496,363
6930,3f2240b8,3f5d1aa0,41199c0f,3eb43958,00000000,0,00000000,0,385288,364
6931,bfbaf1aa,bf1428f6,3f2f0069,3f1cac08,00000000,0,00000000,0,388205,366
6932,3f7b7bf2,3f67c28f,c1005c92,3ebef9db,3f800000,1000,3f800000,1000,391121,369
6933,bd632a06,3e0706f7,410ef1aa,3f45a1cb,00000000,0,00000000,0,405121,383
6934,c02c6983,bdab2fec,c0d4daba,3e676c8b,00000000,0,00000000,0,399872,379
6935,bd852935,3f8f0275,4067cb92,3f395810,3ed3b68f,414,3ed3a000,413,389954,368
6936,c026d528,bf3fa0f9,410c4a23,3f3645a2,00000000,0,00000000,0,386454,365
6937,be310236,3fac6a16,c10f86c2,3c656042,3f800000,1000,3f800000,1000,498454,468
6938,3d8956c1,bea4538f,c07cf909,3ead0e56,3f5a3b14,852,3f5a4000,853,448580,420
6939,beac3c9f,3f2a5048,bf8487fd,3f4f5c29,3f37ca50,718,3f37e000,718,403080,379
6940,40255d4f,3fa1f213,40b39a6b,3ea6e979,3f800000,1000,3f800000,1000,396954,374
6941,bf7996fb,3f34161e,bdd844d0,3f7df3b6,3e915408,284,3e916000,284,408037,385
6942,3fc059c9,3f8f95ea,bf4e0ded,3f3a5e35,3f800000,1000,3f800000,1000,390246,369
6943,3e967caf,3fb52618,c0bb22d1,3f32f1aa,3f800000,1000,3f800000,1000,385872,363
6944,bfc66f93,be91fbe7,41096ae8,3f0e5604,00000000,0,00000000,0,383830,362
6945,bf02f449,3f2025af,40816c8b,3e2d0e56,00000000,0,00000000,0,382371,361
6946,bf893c8a,bd30d845,40901f21,3f560419,00000000,0,00000000,0,382372,361
6947,bfc76018,bf003afb,405e8241,3ee6e979,00000000,0,00000000,0,379746,357
6948,be75cd0c,3ed13a93,40f224dd,3eac8b44,00000000,0,00000000,0,379746,358
6949,4001dc72,3fa0ce07,bf8ef9db,3f1be76d,3f800000,1000,3f800000,1000,380330,358
6950,bea2be8c,3fa9ff97,408cd289,3e083127,3e8e1a66,278,3e8dc000,277,400454,378
6951,3fe4e1c6,3f949c0f,c10813a9,3ea56042,3f800000,1000,3f800000,1000,381496,359
6952,4023c7f7,3f98a3d7,40a15326,3f010625,3f800000,1000,3f800000,1000,381204,359
6953,3fb12d77,3fae3b64,c11e381d,3e88b439,3f800000,1000,3f800000,1000,380330,359
6954,bf64ecea,beec04ea,c0548ce7,3ec28f5c,3e55afb3,209,3e55c000,209,378872,357
6955,bfa5bff0,be6315b5,bfbe1e4f,3d8f5c29,00000000,0,00000000,0,378872,357
6956,bf19c23b,bcaa7efa,c02245a2,3f7e76c9,3e8d0bb9,275,3e8d2000,276,380038,359
6957,3f4fd8ae,3fbcc3ca,40875b57,3eb020c5,3f800000,1000,3f800000,1000,383538,362
6958,3f6de69b,b989a027,c0552546,3de353f8,3f800000,1000,3f800000,1000,397538,375
6959,c001e204,3defdf3b,40666cf4,3f083127,00000000,0,00000000,0,384705,363
6960,3ef2da12,3e89fd8b,411e617c,3d4ccccd,00000000,0,00000000,0,383246,361
6961,bf5e9b7c,be146dc6,c089bcd3,3f770a3d,3ee9b996,456,3ee9e000,457,382080,361
6962,3fe4c8de,3f5d97f6,408cca58,3ea45a1d,3f800000,1000,3f800000,1000,377122,356
6963,bf96c0d7,3f009d49,4106404f,3d978d50,00000000,0,00000000,0,379746,358
6964,bf5e37df,bc9288ce,c1010b78,3f076c8b,3f800000,1000,3f800000,1000,382079,361
6965,3fb41fc9,3e398937,c11aa787,3f5c6a7f,3f800000,1000,3f800000,1000,385871,364
6966,3fe694ee,3f8876c9,c104020c,3f066666,3f800000,1000,3f800000,1000,381497,359
6967,3ebecfea,3ee55cfb,40767d56,3f0353f8,3e880b12,266,3e87c000,265,394913,373
6968,3f36eeb7,3fc34880,409b2ca5,3dc6a7f0,3f800000,1000,3f800000,1000,384704,362
6969,bea7c84b,3f58ed91,c0057dbf,3dcac083,3f800000,1000,3f800000,1000,419996,397
6970,bf47ea60,3f8142c4,40f127bb,3f39db23,00000000,0,00000000,0,408621,387
6971,3f147454,3f9d52bd,40367efa,3e604189,3f800000,1000,3f800000,1000,403663,381
6972,bf224dd3,3f836dc6,c1190e56,3d7df3b6,3f800000,1000,3f800000,1000,406579,384
6973,c02b760c,bde75254,41011412,3e77ced9,00000000,0,00000000,0,404538,382
6974,3fb5fc3b,3f590b0f,3f6c84b6,3f747ae1,3f800000,1000,3f800000,1000,422621,399
6975,bcdae3e7,be53020c,c0e85d64,3ed89375,3f800000,1000,3f800000,1000,426121,403
6976,bf043809,3f3605bc,40a7cd36,3edd2f1b,00000000,0,00000000,0,411538,388
6977,3fe1057d,3f833333,c0873dd9,3e9f3b64,3f800000,1000,3f800000,1000,406579,384
6978,3f99bb06,3fb8d289,41095532,3f1df3b6,3f800000,1000,3f800000,1000,403372,381
6979,bc574928,3fabfb7f,bf9fec57,3f651eb8,3f800000,1000,3f800000,1000,410955,388
6980,becfad6d,3d288ce7,c0da88ce,3f3d70a4,3f800000,1000,3f800000,1000,438079,413
6981,be8ff434,be88346e,c02e0903,3e6d9168,3ec8c08d,392,3ec8c000,392,419121,396
6982,c006e9cd,3d838ef3,c0b4a4a9,3e333333,3d6b3314,57,3d6d2000,58,390538,369
6983,40091783,3f56779a,c0af7cee,3f69374c,3f800000,1000,3f800000,1000,401913,380
6984,403c110a,3fc08106,c0ecb021,3ddb22d1,3f800000,1000,3f800000,1000,389663,368
6985,401e872b,3f54809d,c102837b,3f28f5c3,3f800000,1000,3f800000,1000,384705,363
6986,3fb57c70,3f69edfa,c065e354,3f17ced9,3f800000,1000,3f800000,1000,400746,379
6987,bebd4174,3f170a3d,c0e153f8,3f32b021,3f800000,1000,3f800000,1000,386746,365
6988,3fac2d8c,3fced4fe,410992a3,3f178d50,3f800000,1000,3f800000,1000,384996,364
6989,beef3a15,3e79cac1,c080fb7f,3f65e354,3f523d6e,821,3f524000,821,384121,362
6990,4051e93a,3fa9b646,c010985f,3f6b4396,3f800000,1000,3f800000,1000,389079,366
6991,404cf323,3fc50069,c109ed29,3deb851f,3f800000,1000,3f800000,1000,402496,380
6992,3f68c005,3fa9e076,40072ca5,3e4fdf3b,3f800000,1000,3f800000,1000,385580,364
6993,bfe46003,be946dc6,c0f7ed29,3bc49ba6,3f05e99f,523,3f060000,523,384413,363
6994,be3e4cd7,bc2161e5,c03a9931,3f16c8b4,3f02c302,511,3f02e000,511,383538,362
6995,3fb28199,3fb097f6,bfb11687,3f5c28f6,3f800000,1000,3f800000,1000,384705,363
6996,c00a08af,bf18f909,c10a923a,3f6a7efa,3f179639,592,3f17e000,593,384705,363
6997,3fe22531,3f60bac7,c05e594b,3f158106,3f800000,1000,3f800000,1000,383830,362
6998,c0059360,be2a9931,409a511a,3e810625,00000000,0,00000000,0,382663,361
6999,bfb80fbb,3e5d66cf,c0a96113,3f6872b0,3f0a0656,539,3f0a2000,540,384121,361
7000,3f7dba0a,3f1521ff,c0d18e22,3f2f5c29,3f800000,1000,3f800000,1000,397830,376
7001,bf7dd441,3f4d2ca5,c0fc6a7f,3e810625,3f800000,1000,3f800000,1000,383247,362
7002,404138ef,3fbbbb30,bf30346e,3eb53f7d,3f800000,1000,3f800000,1000,384121,363
7003,3fcca622,3fa24fdf,410e205c,3eae978d,3f800000,1000,3f800000,1000,384997,363
7004,3da339c1,becde69b,411ae076,3d0b4396,00000000,0,00000000,0,383830,362
7005,bf7f2a5a,3e704817,c0d88a72,3f51a9fc,3f800000,1000,3f800000,1000,383538,362
7006,bf8128e1,bea87fcc,3f90b439,3ee0c49c,00000000,0,00000000,0,385288,363
7007,3f786d72,bdd0be0e,403ed5d0,3f2624dd,3f4f49f0,810,3f4f2000,809,384705,363
7008,bfa95aaf,3f3d94af,c071eecc,3ecdd2f2,3f3edf0d,746,3f3ee000,746,399580,378
7009,401de93a,3fc7f766,c0c51c43,3f5c6a7f,3f800000,1000,3f800000,1000,391996,370
7010,3f4d97f6,3ea86595,c0e83afb,3eb5c28f,3f800000,1000,3f800000,1000,388496,367
7011,bf0d92b8,3f2d6113,4080b780,3ee7ef9e,00000000,0,00000000,0,390829,369
7012,bfb34c1b,be6d0b0f,c0662d0e,3f09ba5e,3caa4fc6,21,3cac4000,21,384705,364
7013,3fb07161,3ef063f1,c0a74e3c,3e2d0e56,3f800000,1000,3f800000,1000,388788,367
7014,bad1b717,3ca6b50b,411672b0,3d9fbe77,00000000,0,00000000,0,390246,370
7015,bde963dc,bf25205c,c0a96f00,3edcac08,3f758d16,959,3f758000,959,384413,364
7016,4024da3c,3fa69a02,411ee8a7,3f1ced91,3f800000,1000,3f800000,1000,389080,368
7017,3f756042,3f32b50b,405ab50b,3f747ae1,3f800000,1000,3f800000,1000,403663,370
7018,3fab7e91,3f5817c2,3efbc01a,3c656042,3f800000,1000,3f800000,1000,384704,363
7019,3f1d7f0f,3d65e354,408a24dd,3f424dd3,3e2d329f,169,3e2ce000,169,394038,373
7020,3ff66666,3f06bc6a,bebe0ded,3f66a7f0,3f800000,1000,3f800000,1000,389955,369
7021,bf47e133,3f112618,c037aace,3e158106,3f2bcac5,671,3f2bc000,671,385871,364
7022,3e827525,bf0d8adb,41195c29,3f39db23,00000000,0,00000000,0,391704,371
7023,bff3a882,bee14120,4094c49c,3ee9fbe7,00000000,0,00000000,0,390538,369
7024,40013112,3f06a71e,c0da2b6b,3f574bc7,3f800000,1000,3f800000,1000,390538,368
7025,3fac27a6,3f5e793e,3f9c3958,3f19999a,3f800000,1000,3f800000,1000,404247,382
7026,be830553,becaa64c,40d4075f,3f360419,00000000,0,00000000,0,247623,231
7027,c00b1023,bd59e83e,40ca37b5,3f0d4fdf,00000000,0,00000000,0,155165,147
7028,4010255b,3f85a162,40d1bcd3,3e78d4fe,3f800000,1000,3f800000,1000,149915,141
7029,3db37c9a,3f425bc0,c078cb29,3f09fbe7,3f800000,1000,3f800000,1000,148165,140
7030,401219b9,3f7b5183,c0d2d845,3f03126f,3f800000,1000,3f800000,1000,166832,156
7031,c01ae393,becb559b,bfc7fcb9,3ed78d50,00000000,0,00000000,0,215248,203
7032,beab7026,bed386c2,41110903,3de76c8b,00000000,0,00000000,0,215539,203
7033,3f9d9408,3f8ccd9f,41184952,3e10624e,3f694b3d,911,3f694000,911,216998,205
7034,c01965d4,3d292a30,4050624e,3c8b4396,00000000,0,00000000,0,215540,204
7035,400d696e,3fa8837b,c0ff7660,3e72b021,3f800000,1000,3f800000,1000,216414,204
7036,3ff8a32f,3f9514e4,c0b69100,3eaa7efa,3f800000,1000,3f800000,1000,214373,202
7037,bee6f933,3e91374c,c0a567a1,3f32f1aa,3f800000,1000,3f800000,1000,214957,202
7038,bf0c2268,3d3ba5e3,411d2d0e,3e91eb85,00000000,0,00000000,0,216998,205
7039,bf5028a2,3f79923a,40e42eb2,3f024dd3,00000000,0,00000000,0,216706,204
7040,3f87aa26,3eebbcd3,c07f9581,3ef8d4fe,3f800000,1000,3f800000,1000,215248,204
7041,c03339c1,bec264c3,bee2de01,3dd70a3d,00000000,0,00000000,0,244123,232
7042,bf1c7b89,3eb50e56,be99999a,3e666666,3ddf80dd,109,3ddf4000,109,218748,206
7043,3e5f6018,3eaf9db2,c0b7ff2e,3f733333,3f800000,1000,3f800000,1000,400746,384
7044,4001143c,3fbbf488,bf743fe6,3f52b021,3f800000,1000,3f800000,1000,402787,384
7045,bf63fa6e,be77d567,bd25119d,3c8b4396,00000000,0,00000000,0,251414,236
7046,404e0371,3fa35c92,c119c6a8,3ea76c8b,3f800000,1000,3f800000,1000,226914,214
7047,400dcac1,3f24c083,410e4ea5,3e83126f,3f800000,1000,3f800000,1000,225164,212
7048,40480981,3fb003b0,40c322d1,3d23d70a,3f800000,1000,3f800000,1000,220498,208
7049,3c405921,3f4a20c5,c106f694,3f51eb85,3f800000,1000,3f800000,1000,217873,206
7050,3f06b7aa,3f326595,3f4fcb92,3f51eb85,3f800000,1000,3f800000,1000,216706,204
7051,3f1e32a0,3f410d84,40f18adb,3f322d0e,3e5a15a1,213,3e59c000,213,217873,206
7052,4025335d,3f83c7e3,c0f5374c,3ec83127,3f800000,1000,3f800000,1000,215248,203
7053,bf23b795,3f9714e4,c06bc361,3d8b4396,3f800000,1000,3f800000,1000,215831,204
7054,3f4a4fca,3fc8bcd3,c0de8241,3c8b4396,3f800000,1000,3f800000,1000,220790,209
7055,3f9230fd,3ef8d1b7,40b50b0f,3e9e353f,3f7464f4,955,3f748000,955,220206,208
7056,3fab5bd5,3f83edfa,c0fa346e,3f1a1cac,3f800000,1000,3f800000,1000,215248,204
7057,bc90ff97,3f15096c,c0dd8937,3ed374bc,3f800000,1000,3f800000,1000,216123,204
7058,bf7e2d62,3f602268,c11ad289,3b449ba6,3f800000,1000,3f800000,1000,215831,204
7059,403a9596,3fb5ff2e,3f850481,3e5a1cac,3f800000,1000,3f800000,1000,215832,204
7060,bfc09df1,be8c6f69,4098e7d5,3e6353f8,00000000,0,00000000,0,214956,203
7061,be705faf,3f4dd3c3,40476e2f,3dac0831,3d9706ad,74,3d972000,74,216123,205
7062,3f860d45,bcd8793e,c0e1d97f,3e9f3b64,3f800000,1000,3f800000,1000,215248,203
7063,3f8458cd,3e6bb646,c02d460b,3e3e76c9,3f800000,1000,3f800000,1000,214665,202
7064,3fb95bff,3fb80b78,c09506f7,3e27ef9e,3f800000,1000,3f800000,1000,215540,204
7065,3fcd6239,3fb7a5e3,3f1bc6a8,3d5d2f1b,3f800000,1000,3f800000,1000,214664,203
7066,befc2e34,3e8d9ce0,bfd47ae1,3ed374bc,3eb9bb82,363,3eb9e000,363,216123,204
7067,c0071b9b,bf3b5254,c110ac71,3f3b22d1,3f2a4724,665,3f2a4000,665,214373,203
7068,bf9a0903,3ef5bda5,c046a993,3f6872b0,3effe656,500,3f000000,500,216706,205
7069,4002378b,3f81a090,c07cfc50,3e76c8b4,3f800000,1000,3f800000,1000,225748,214
7070,3eaf88b9,be83367a,40fb1b71,3df3b646,00000000,0,00000000,0,216707,204
7071,c020d25f,be71c77a,c0e4b9f5,3e0b4396,3d8297c1,64,3d82c000,64,218457,207
7072,3ef306a3,3f290cb3,4035c433,3f589375,3f4e046c,805,3f4de000,804,216998,205
7073,3f24dbe0,be23c6a8,c0b872b0,3f36c8b4,3f800000,1000,3f800000,1000,215540,204
7074,c0085cbc,3e7a5e35,c0fa7d56,3e26e979,3f199b2b,600,3f19c000,601,215248,204
7075,3fd77857,3f3e0ded,bf8350b1,3f53b646,3f800000,1000,3f800000,1000,215539,204
7076,be5de69b,bdda3d71,4104bfb1,3e9ba5e3,00000000,0,00000000,0,215831,204
7077,bed8e758,3f5204ea,3fb961e5,3f4147ae,3eb900dd,361,3eb8e000,361,219914,208
7078,3fc044d0,3fc4b50b,40ea4c30,3f0c49ba,3f800000,1000,3f800000,1000,219332,207
7079,3f3378ab,3fc9b296,c0c2bfb1,3f666666,3f800000,1000,3f800000,1000,218748,207
7080,bfe421c0,bd752546,c11d36e3,3ed1eb85,3f7042fc,939,3f708000,939,214956,203
7081,bf7af252,3f4bd639,3fac1bda,3f0b020c,3d70a9e5,59,3d700000,59,219040,207
7082,bde4302b,bf2b38ef,c11142c4,3f71eb85,3f800000,1000,3f800000,1000,217290,205
7083,bf28ec96,3f46e219,40d8c8b4,3ea9fbe7,00000000,0,00000000,0,215540,204
7084,3f233db0,3e3f4f0e,41080ff9,3ec9374c,00000000,0,00000000,0,220207,209
7085,bee56abe,3f1f0e56,4008624e,3e85a1cb,00000000,0,00000000,0,219623,208
7086,bfbded29,3f24e632,c0e91340,3ed70a3d,3f800000,1000,3f800000,1000,214956,203
7087,3edb6ed6,3f8fb574,c0561b09,3e3d70a4,3f800000,1000,3f800000,1000,215831,204
7088,3e529889,3f874880,4102e48f,3f2624dd,00000000,0,00000000,0,215540,205
7089,3fa96095,3f9740b8,41122752,3de978d5,3f800000,1000,3f800000,1000,215831,204
7090,bf7458cd,3ed78866,c06bf62b,3e85a1cb,3f1c82a1,611,3f1c8000,611,238873,226
7091,3f213fd1,3fb1eab3,4049bf48,3d408312,3f800000,1000,3f800000,1000,220498,208
7092,bf677d95,bedd66cf,4017f62b,3f71a9fc,00000000,0,00000000,0,231290,218
7093,3d9c970f,bea2a4a9,c09644d0,3f516873,3f800000,1000,3f800000,1000,217581,206
7094,404251c2,3fc94674,c0d26cf4,3f03d70a,3f800000,1000,3f800000,1000,233623,222
7095,3ec70b8d,3fa3b8bb,4101a71e,3eac0831,3e80cca5,252,3e80a000,251,241206,227
7096,3eca0ba2,be4c9eed,c0f9cb92,3f5ba5e3,3f800000,1000,3f800000,1000,219914,208
7097,bd81b867,bf2db8bb,c0fc56d6,3f28f5c3,3f800000,1000,3f800000,1000,230123,217
7098,4024c0ad,3f9d8866,3fee83e4,3eab851f,3f800000,1000,3f800000,1000,216998,205
7099,bf147842,3e8cc63f,c1080000,3f251eb8,3f800000,1000,3f800000,1000,242956,231
7100,bf072863,bf2522d1,4106d9e8,3f1c28f6,00000000,0,00000000,0,219623,207
7101,40172c52,3f944539,c1118ef3,3ed91687,3f800000,1000,3f800000,1000,229248,218
7102,40390ff9,3f9c1759,be54fdf4,3eda1cac,3f800000,1000,3f800000,1000,218164,206
7103,bf208d8f,3ea84d01,40195810,3d343958,00000000,0,00000000,0,228956,217
7104,bfd176de,bec16388,c057cb92,3f3d70a4,00000000,0,00000000,0,217289,205
7105,c0410f52,beca809d,4105ac71,3eb53f7d,00000000,0,00000000,0,278247,261
7106,3fd98bd6,3fc02474,bfda40b8,3f39999a,3f800000,1000,3f800000,1000,234206,222
7107,bf130942,be284817,40f781d8,3e9374bc,00000000,0,00000000,0,160415,151
7108,c03dc77a,bf3425af,411aef35,3e9fbe77,00000000,0,00000000,0,156040,148
7109,bfb67621,3c94fdf4,40faeb1c,3f7a9fbe,00000000,0,00000000,0,153416,145
7110,bdfa4e7b,3f61b717,c11ca57a,3e666666,3f800000,1000,3f800000,1000,153123,145
7111,40300831,3fb30cb3,4036680a,3efced91,3f800000,1000,3f800000,1000,152248,143
7112,3e8a2db6,3ceae7d5,c05664c3,3df9db23,3f800000,1000,3f800000,1000,151666,144
7113,3f95306a,3f1bdf3b,409cf4f1,3f4b020c,3f800000,1000,3f800000,1000,151082,143
7114,3f98053e,3efa4f76,c0ceca58,3e3b645a,3f800000,1000,3f800000,1000,152249,144
7115,be7d805e,3eeb58e2,4017cd36,3de147ae,00000000,0,00000000,0,149623,142
7116,c016de55,bd6cbfb1,411e902e,3f7f7cee,00000000,0,00000000,0,157207,149
7117,bf922c67,be0676c9,c00f573f,3f33f7cf,00000000,0,00000000,0,152248,144
7118,4010cd75,3fc09581,c0a4978d,3f4c8b44,3f800000,1000,3f800000,1000,150791,142
7119,bf5c74fb,3f48ae7d,bde2b6ae,3e5f3b64,3eac5fa7,337,3eac4000,336,152248,144
7120,3e2be37e,3fbaf694,c08a87fd,3f1ef9db,3f800000,1000,3f800000,1000,151957,144
7121,3f874c6e,3d4f0069,c114b5dd,3f1c6a7f,3f800000,1000,3f800000,1000,150499,143
7122,c02d7d6b,bf067d56,c0e8a71e,3ed70a3d,3c7a61c4,15,3c7ca000,15,125124,118
7123,bfeabe8c,3ea362b7,c04e05bc,3ded9168,00000000,0,00000000,0,125708,120
7124,bfffb15b,3e51de6a,3f8fced9,3f3cac08,00000000,0,00000000,0,126290,119
7125,3ecefb2b,3f1d7e91,40d65879,3dc6a7f0,00000000,0,00000000,0,124832,118
7126,3ff096bc,3f8dd845,c0898e22,3f1ba5e3,3f800000,1000,3f800000,1000,127457,120
7127,bf8883ba,bec1a858,407d1687,3b449ba6,00000000,0,00000000,0,127457,121
7128,c010fc50,3e16bb99,c00959b4,3f79999a,00000000,0,00000000,0,125707,119
7129,bf4d4bf1,bf3b6113,bd8e8a72,3e7ae148,00000000,0,00000000,0,124832,118
7130,c05775b8,bf2db4a2,3ffb126f,3f3851ec,00000000,0,00000000,0,125124,119
7131,bfa76be3,bc432ca5,404bbcd3,3f4d9168,00000000,0,00000000,0,125416,118
7132,c012e33f,be4cc986,c1153dd9,3ec72b02,3f171e6c,590,3f174000,591,125707,119
7133,40601ecd,3fc885f0,c03566cf,3f5851ec,3f800000,1000,3f800000,1000,125415,118
7134,3f3a9153,be86f007,c101460b,3e591687,3f800000,1000,3f800000,1000,124540,118
7135,c05eac86,bf1753f8,c0ed06f7,3ebb645a,00000000,0,00000000,0,124541,117
7136,bee9613d,3ec1a6b5,40ce2c3d,3f733333,00000000,0,00000000,0,125707,118
7137,3f16b65b,3f7af4f1,c0be0ded,3ea0c49c,3f800000,1000,3f800000,1000,125998,119
7138,3ec816f0,3ef31f8a,c1060f91,3eee147b,3f800000,1000,3f800000,1000,125124,119
7139,3f08c2a4,3eee7525,3f6851ec,3ecac083,3f800000,1000,3f800000,1000,125124,119
7140,40267770,3fcf7d56,c085afb8,3f32f1aa,3f800000,1000,3f800000,1000,126290,119
7141,bf36887b,3f348312,4014be0e,3edb22d1,00000000,0,00000000,0,130082,124
7142,be58c7e3,bef3edfa,40aa13a9,3f7c6a7f,00000000,0,00000000,0,128915,122
7143,40616a16,3fcd17c2,c0eeef35,3e3020c5,3f800000,1000,3f800000,1000,125707,119
7144,beb6ddad,3df95183,4112e148,3f758106,00000000,0,00000000,0,125415,119
7145,bfe249e4,bc6d288d,40e9c01a,3ef3b646,00000000,0,00000000,0,124832,118
7146,3fc4764b,3f16793e,c04d013b,3ef1a9fc,3f800000,1000,3f800000,1000,127166,120
7147,3fd4d014,3eac68dc,40785d64,3f5a9fbe,3f800000,1000,3f800000,1000,125416,119
7148,bfcb04ab,be893dd9,c0e2985f,3f6a3d71,3f17d2a6,593,3f180000,594,124832,118
7149,3f2c970f,bdca5e35,c0318e22,3f408312,3f800000,1000,3f800000,1000,124540,119
7150,bfcfa787,bee89ba6,41179ba6,3c9374bc,00000000,0,00000000,0,125707,119
7151,3e796d09,3f6488ce,c018e8a7,3f0a7efa,3f800000,1000,3f800000,1000,124832,118
7152,bfe27daa,3ec849ba,406e4f76,3f6b4396,00000000,0,00000000,0,143207,135
7153,bfe03f92,bf3e978d,c0ca147b,3f122d0e,3eacf80e,338,3ead4000,338,145540,136
7154,bf9014f9,bf29b4a2,c048240b,3f27ae14,3daf4275,86,3daf2000,86,135624,128
7155,4020725c,3f5a6666,c04779a7,3f1fbe77,3f800000,1000,3f800000,1000,136499,129
7156,3e0e464a,3f897cee,c027212d,3d958106,3f800000,1000,3f800000,1000,136499,130
7157,3eb02603,3cf95810,3ef7f62b,3e0f5c29,3ed7cb26,421,3ed7c000,421,135332,128
7158,403b414a,3f8d09d5,411c84b6,3e5d2f1b,3f800000,1000,3f800000,1000,135915,128
7159,3d8216c6,3fc836e3,40e30e56,3f33b646,3e9b4fd5,303,3e9b6000,303,136499,129
7160,400c476f,3f31cc64,c0f89fbe,3f08f5c3,3f800000,1000,3f800000,1000,134748,127
7161,401dccb8,3f77652c,bd484b5e,3ef53f7d,3f800000,1000,3f800000,1000,134748,128
7162,3fe788b9,3f196d5d,40d8a162,3df9db23,3f800000,1000,3f800000,1000,136207,130
7163,402c0735,3f979653,3f775254,3cdd2f1b,3f800000,1000,3f800000,1000,136207,129
7164,4014ce70,3f97b1c4,c112c28f,3f378d50,3f800000,1000,3f800000,1000,136207,129
7165,3f925508,3f685048,c0b72fec,3ef645a2,3f800000,1000,3f800000,1000,135040,128
7166,bf4c100e,3e83b646,c0b84a8c,3f76872b,3f7c6424,986,3f7c6000,986,138832,132
7167,be927e52,3f6f6f00,c10e3c9f,3f5a9fbe,3f800000,1000,3f800000,1000,137958,131
7168,3fd4538f,3f9ae560,3fad9168,3f604189,3f800000,1000,3f800000,1000,135332,128
7169,406ab8a6,3fc65a1d,c11010cb,3f61cac1,3f800000,1000,3f800000,1000,134166,127
7170,bf1a31a5,3f6857a8,40810e56,3f70a3d7,00000000,0,00000000,0,135915,129
7171,3ec26d48,3f06c63f,410087fd,3f795810,00000000,0,00000000,0,140291,133
7172,40279336,3fbe6595,4044e8a7,3ed374bc,3f800000,1000,3f800000,1000,136499,129
7173,3f8c62a2,3fb59375,bf8a6b51,3ea3d70a,3f800000,1000,3f800000,1000,135623,128
7174,bfc63e6c,be5cac08,410105bc,3f31a9fc,00000000,0,00000000,0,139707,132
7175,402dea36,3fb779a7,c115e7d5,3ee56042,3f800000,1000,3f800000,1000,134748,128
7176,3f93bcd3,3f3e5bc0,40103958,3f0ed917,3f800000,1000,3f800000,1000,135040,127
7177,3f8053e3,3f879581,c097381d,3f245a1d,3f800000,1000,3f800000,1000,140874,134
7178,4017d6b6,3f7ea64c,405a9ad4,3f3f3b64,3f800000,1000,3f800000,1000,136499,129
7179,3dfb54a0,3f1c5048,40c849ba,3ec51eb8,00000000,0,00000000,0,133582,126
7180,3f17fa1a,3fb784b6,bf305bc0,3e70a3d7,3f800000,1000,3f800000,1000,137666,130
7181,c0471173,bf1c710d,406da1cb,3f200000,00000000,0,00000000,0,134166,127
7182,bf022142,bece2824,c02547ae,3ea66666,3e86c0d8,263,3e86c000,263,135624,128
7183,beb61911,3f3245a2,c020e219,3f2ac083,3f7cf390,988,3f7ce000,988,135332,129
7184,be1b4246,3f726595,3fb491d1,3ea56042,3f13222e,575,3f130000,574,136208,129
7185,3e4abb45,3f87faad,bf1d5cfb,3f29ba5e,3f800000,1000,3f800000,1000,135915,129
7186,3f9d8cd2,3f9f075f,4012f007,3e90624e,3f800000,1000,3f800000,1000,135915,129
7187,3fd15b57,3f935dcc,bfca95ea,3ec9374c,3f800000,1000,3f800000,1000,136791,130
7188,4042a748,3fce41f2,bfd0d4fe,3e90e560,3f800000,1000,3f800000,1000,135332,128
7189,403e4010,3f9313a9,c1150f91,3f2f9db2,3f800000,1000,3f800000,1000,135916,128
7190,be9a3ec0,bf3ddbf5,3ff6f007,3f160419,00000000,0,00000000,0,149332,142
7191,403cc543,3fbc4396,c0b48f5c,3f4d9168,3f800000,1000,3f800000,1000,136791,129
7192,3c0d3ae7,be568db9,bf82d42c,3f0f1aa0,3e8acb86,271,3e8ae000,271,135624,128
7193,bffac5c1,bec0c155,c0d0594b,3e89374c,3e74ec22,239,3e758000,240,137957,131
7194,3f0aefb3,3fceb15b,c0cd3333,3f37ced9,3f800000,1000,3f800000,1000,135332,128
7195,bf00c88a,bef849ba,c0b3923a,3ec3126f,3f51107f,817,3f514000,817,149623,141
7196,bea346dc,3f45460b,40a8353f,3f6c49ba,00000000,0,00000000,0,181123,171
7197,bfb65bea,3e2398c8,00000000,3e9f3b64,00000000,0,00000000,0,181123,171
7198,bf2b2420,3ed73190,40f3212d,3f0ac083,00000000,0,00000000,0,179956,170
7199,c03d58b8,bf074952,3e49d495,3ca3d70a,00000000,0,00000000,0,178498,169
7200,bfc73b64,3f085d64,c118f7cf,3f6b4396,3f800000,1000,3f800000,1000,180540,171
7201,3fcb94d9,3f8087fd,c10b119d,3f39999a,3f800000,1000,3f800000,1000,187832,176
7202,be1fc3b5,bf3770a4,4111559b,3ea56042,00000000,0,00000000,0,181707,172
7203,bfb8a138,3ef8b780,40823afb,3e656042,00000000,0,00000000,0,181415,172
7204,400776b4,3f56f766,c0d8b9f5,3f0bc6a8,3f800000,1000,3f800000,1000,181707,172
7205,be9d29dc,3f541e4f,40c74f0e,3f220c4a,00000000,0,00000000,0,179957,170
7206,c0257050,bf107a10,404306f7,3e5c28f6,00000000,0,00000000,0,180540,171
7207,bec5fd8b,3d959b3d,c0c0d35b,3d958106,3f7bfda6,984,3f7c2000,985,181707,172
7208,bfbadff8,3e785f07,c11a3b64,3da7ef9e,3f800000,1000,3f800000,1000,178499,169
7209,3fbc710d,3fac4396,4096af4f,3e49ba5e,3f800000,1000,3f800000,1000,186374,176
7210,3f9e4990,3f119e84,3fc3d07d,3e3a5e35,3f800000,1000,3f800000,1000,182290,172
7211,bfa13554,bf0f38ef,bf73f7cf,3e16872b,00000000,0,00000000,0,179957,170
7212,bffce853,be08a71e,40ae63f1,3e93f7cf,00000000,0,00000000,0,180832,171
7213,3feffcb9,3fcf425b,c10c1a37,3ee24dd3,3f800000,1000,3f800000,1000,179665,169
7214,bf5f2e49,bf33b717,40517f63,3f158106,00000000,0,00000000,0,179956,170
7215,c0587358,bf0ecf42,c069ce07,3eb22d0e,00000000,0,00000000,0,182290,171
7216,4023adc1,3fbced91,404e36e3,3f5ae148,3f800000,1000,3f800000,1000,180249,170
7217,bf9a1ea3,3f0ba1cb,bfdbbcd3,3f4b4396,3e9833be,297,3e984000,297,179082,169
7218,bff3dd98,bf224817,40c98d50,3ef43958,00000000,0,00000000,0,178790,169
7219,40223d1d,3fbdc227,c06a2824,3ef8d4fe,3f800000,1000,3f800000,1000,180540,171
7220,3ee45f5b,3fb16042,3eda36e3,3d9ba5e3,3f800000,1000,3f800000,1000,179956,170
7221,3d95b574,3e4c84b6,3ef6fd22,3f7374bc,3e9b296f,303,3e9b2000,303,178498,169
7222,3f9ecb53,3ef29e1b,c0511d15,3e4dd2f2,3f800000,1000,3f800000,1000,198623,188
7223,bf04f0d8,3f83e0df,c0d2f41f,3f14bc6a,3f800000,1000,3f800000,1000,183456,173
7224,3df7e3d2,3eef1f8a,bfff86c2,3f53f7cf,3f800000,1000,3f800000,1000,193665,184
7225,3f01bef5,be8142c4,c063e426,3f2978d5,3f800000,1000,3f800000,1000,181999,172
7226,3fe2b607,3f9d0d84,c08103b0,3f52b021,3f800000,1000,3f800000,1000,191623,182
7227,be50fa59,3e07381d,bfcbb646,3d89374c,3ea8f27d,330,3ea90000,330,188206,178
7228,bfce0419,3e70b0f2,c11ad845,3ef4bc6a,3f800000,1000,3f800000,1000,185207,175
7229,bf9d95ff,3e9ab852,4105c63f,3f31a9fc,00000000,0,00000000,0,193665,183
7230,bf9187e8,3ebe594b,3fffef9e,3e48b439,00000000,0,00000000,0,181415,171
7231,40458a33,3fa0eb85,400692a3,3f800000,3f800000,1000,3f800000,1000,300706,286
7232,4021cf57,3fa7df3b,4102ef35,3dc8b439,3f800000,1000,3f800000,1000,221956,209
7233,3fb9320e,3fce096c,40af2fec,3e0624dd,3f800000,1000,3f800000,1000,194832,183
7234,bf572325,bf38daba,4117d6a1,3f0d4fdf,00000000,0,00000000,0,187540,178
7235,4003404f,3f3ec8b4,407e69ad,3e570a3d,3f800000,1000,3f800000,1000,185207,175
7236,4022708f,3fc716f0,4028c986,3f4ed917,3f800000,1000,3f800000,1000,183748,174
7237,bffa0c4a,be1c154d,40ee0ded,3f39999a,00000000,0,00000000,0,183749,173
7238,3fdad624,3f6e8b44,c10e3fe6,3f4bc6a8,3f800000,1000,3f800000,1000,182290,173
7239,3fa644fa,3fc25e9e,c11c511a,3f0fdf3b,3f800000,1000,3f800000,1000,181999,172
7240,c0441062,bf287525,c0361134,3f4a7efa,00000000,0,00000000,0,182873,173
7241,bf79d734,3f1a6f69,40c2b780,3e439581,00000000,0,00000000,0,173248,164
7242,bf095e9e,3f1c4f76,c0c496bc,3f370a3d,3f800000,1000,3f800000,1000,144957,138
7243,c04d4025,beed2bd4,4027bb30,3f76c8b4,00000000,0,00000000,0,143207,136
7244,40557785,3fcbbd3c,407ce219,3e2b020c,3f800000,1000,3f800000,1000,144081,136
7245,3e06d71f,3f031eb8,c01a8588,3d1fbe77,3f800000,1000,3f800000,1000,151665,143
7246,4021e4a4,3f9e1965,bfa37176,3d23d70a,3f800000,1000,3f800000,1000,145832,138
7247,3ff94856,3f87cd36,3fee0aa6,3dc8b439,3f800000,1000,3f800000,1000,144374,137
7248,bdf290ac,3ea762b7,c0e605bc,3f69fbe7,3f800000,1000,3f800000,1000,144082,136
7249,3f34da90,be69fbe7,c038fdf4,3c449ba6,3f800000,1000,3f800000,1000,144665,137
7250,bfbee8d1,be333333,40fb4120,3ed3f7cf,00000000,0,00000000,0,143499,136
7251,3f49c23b,bd7758e2,3e483127,3dd91687,3f800000,1000,3f800000,1000,143499,135
7252,c020b72c,bdcd14e4,40aaf694,3f6ccccd,00000000,0,00000000,0,144373,136
7253,bfa1f8a1,3f2b41f2,bfc20f91,3f2c8b44,3ea8cb39,330,3ea8a000,329,142916,136
7254,3f780b24,bd5f8a09,4119e7d5,3e9db22d,00000000,0,00000000,0,143207,136
7255,c05dd4e9,bf249100,3f89e83e,3ed0e560,00000000,0,00000000,0,143207,136
7256,3d859210,3f91c77a,40f16a16,3f3df3b6,00000000,0,00000000,0,149040,141
7257,3fb79336,3f83daba,40964674,3f72b021,3f800000,1000,3f800000,1000,144082,136
7258,bf60385c,3f4d8106,c057b646,3e6c8b44,3f6f3096,934,3f6f4000,935,143790,137
7259,bf39d734,3f7ed4fe,4024432d,3f68f5c3,3e3a4d5f,182,3e3a2000,182,143499,137
7260,bdd5cfab,bf3844d0,c0d8d845,3ea9fbe7,3f800000,1000,3f800000,1000,144082,138
7261,c017f9c6,bd7c01a3,40fec63f,3f589375,00000000,0,00000000,0,141749,134
7262,bf8a1230,3e0020c5,c0e4147b,3f0d4fdf,3f6e71b4,931,3f6e8000,932,137249,130
7263,3ff68534,3f391d15,bf6c7e28,3f6c8b44,3f800000,1000,3f800000,1000,137374,130
7264,3d4970f8,bef5ce07,406a339c,3e48b439,00000000,0,00000000,0,137374,131
7265,bf971759,3f2ece70,c0a628f6,3ec72b02,3f800000,1000,3f800000,1000,137082,130
7266,bf801840,bdefe5c9,c0d39724,3f0fdf3b,3f441a48,766,3f444000,767,137373,130
7267,bf942d8c,bf3c233a,c1020c4a,3e0a3d71,3f6aefb4,918,3f6b0000,918,137082,129
7268,3f9a71de,3f321e4f,bfbf5254,3e93f7cf,3f800000,1000,3f800000,1000,141748,135
7269,bee5197a,bef570a4,40b793de,3e45a1cb,00000000,0,00000000,0,137665,130
7270,c02f6f7e,becb5c29,c0dcf909,3f2e5604,00000000,0,00000000,0,136791,129
7271,bee29739,3e4d7732,3fd2f838,3d3c6a7f,00000000,0,00000000,0,136790,130
7272,3fbd6777,3f8972b0,c037da51,3f5851ec,3f800000,1000,3f800000,1000,137665,130
7273,3edb90eb,3f76f41f,c1073055,3f07ef9e,3f800000,1000,3f800000,1000,137666,130
7274,bfdbce85,bcaae7d5,4108816f,3f04dd2f,00000000,0,00000000,0,137082,130
7275,3fa1a954,3f9e04ea,3f8d2546,3f283127,3f800000,1000,3f800000,1000,136207,129
7276,401cdf26,3fae511a,40b85aee,3f760419,3f800000,1000,3f800000,1000,136498,129
7277,bfc8e219,bf2510cb,400b6944,3f46a7f0,00000000,0,00000000,0,137957,130
7278,bebc7a3a,3f2c1965,403c20c5,3f70e560,3bc38000,6,3bbda000,6,138249,130
7279,bd9f7510,3d4ccccd,c1124d6a,3f2b851f,3f800000,1000,3f800000,1000,136499,129
7280,3f5ceaf2,3eee36e3,c11e9931,3f051eb8,3f800000,1000,3f800000,1000,137666,130
7281,3fdcc986,3f80ced9,40cae7d5,3f1b645a,3f800000,1000,3f800000,1000,137082,130
7282,bdc8d3ae,3fb4b98c,bf94d6a1,3ed1eb85,3f800000,1000,3f800000,1000,136499,130
7283,be569c24,bf336388,bef5b574,3f326e98,3d92018a,71,3d920000,71,137374,131
7284,403ffc65,3fb404ea,c0a33f7d,3e20c49c,3f800000,1000,3f800000,1000,139124,132
7285,40022d62,3f838e8a,bfa52546,3d9374bc,3f800000,1000,3f800000,1000,152541,144
7286,3edd4e90,3e856d5d,3fb765fe,3e1ba5e3,3f12e126,574,3f12c000,573,148457,140
7287,3fb4912a,3f03d97f,c118c711,3f4c49ba,3f800000,1000,3f800000,1000,138249,131
7288,3f8919ce,3cb1758e,40f03958,3f70e560,3e32f5e0,175,3e326000,174,135624,128
7289,3e9fce31,3f7cacda,bedafb7f,3ed374bc,3f800000,1000,3f800000,1000,136207,129
7290,3fd26ca0,3fc9c28f,bfdb0f28,3f6147ae,3f800000,1000,3f800000,1000,137957,131
7291,3f8ea4a9,3e06f34d,3fe90ff9,3eb33333,3f800000,1000,3f800000,1000,136499,129
7292,c004523f,beb2b1c4,c08845a2,3f74fdf4,00000000,0,00000000,0,143499,136
7293,bff13554,3d41ff2e,3ffe7d56,3f018937,00000000,0,00000000,0,139415,132
7294,c0367d56,be31a36e,c08b6a16,3f36872b,00000000,0,00000000,0,138832,132
7295,c042e148,bee25aee,c0d4432d,3e9cac08,00000000,0,00000000,0,137665,130
7296,bd6c17ec,3f109e1b,3f058e22,3f5a1cac,3efb569f,491,3efb6000,491,136499,130
7297,3f15ec81,3ed8a090,3f1ea4a9,3e29fbe7,3f800000,1000,3f800000,1000,136790,130
7298,3e8c710d,be33851f,405faace,3e16872b,00000000,0,00000000,0,137374,131
7299,be91bef5,3fa1b22d,41022e49,3ee24dd3,00000000,0,00000000,0,138540,131
7300,bedf0c35,3e51d14e,c1039375,3ea3d70a,3f800000,1000,3f800000,1000,136499,129
7301,bdcc1a8b,3f5393de,3f0f837b,3c83126f,3f1d5c4c,615,3f1d6000,615,136207,128
7302,3f82ff6d,3ed288ce,bf7d14e4,3f3c6a7f,3f800000,1000,3f800000,1000,137082,130
7303,c0223498,bc82f838,40a1e69b,3f28f5c3,00000000,0,00000000,0,135624,128
7304,3ffff23d,3fb4a92a,bf26b50b,3e872b02,3f800000,1000,3f800000,1000,137082,130
7305,c0145c14,bdf6f694,40c54bc7,3f010625,00000000,0,00000000,0,137373,130
7306,bf781c2e,3d295183,41045a86,3e19999a,00000000,0,00000000,0,146415,138
7307,3e7583a5,3e80ded3,c0a4339c,3f2b851f,3f800000,1000,3f800000,1000,139707,132
7308,3f01e4f7,3f7cfec5,c0eae219,3f7fbe77,3f800000,1000,3f800000,1000,138249,131
7309,3d795d4f,3fc8c155,403288ce,3f210625,3f800000,1000,3f800000,1000,136499,130
7310,bf3c23b8,3d836113,400bd220,3e189375,00000000,0,00000000,0,137957,131
7311,3fa99653,3e8c3611,c0650cb3,3f1374bc,3f800000,1000,3f800000,1000,137374,130
7312,bf797f63,3e7514e4,c0d6db8c,3ee8f5c3,3f800000,1000,3f800000,1000,136207,129
7313,3f9dfce3,3fc884b6,3fef9724,3f5d70a4,3f800000,1000,3f800000,1000,138249,131
7314,becd6a16,3f2d6388,40ec7efa,3e849ba6,00000000,0,00000000,0,138249,130
7315,bfb262cc,be2dc91d,3ddf3b64,3f333333,00000000,0,00000000,0,166832,130
7316,bf14317b,3f2871de,40aea090,3ef851ec,00000000,0,00000000,0,142332,133
7317,bff84189,bdf5fd8b,408b119d,3f0147ae,00000000,0,00000000,0,137374,130
7318,3f777708,3fbfe5c9,40f335a8,3f195810,3f800000,1000,3f800000,1000,136790,130
7319,3ff0db8c,3f9f28f6,c0e1d07d,3e86a7f0,3f800000,1000,3f800000,1000,137082,129
7320,3eecc250,3e16d917,40ded9e8,3f160419,00000000,0,00000000,0,136790,130
7321,c050e50c,bf0eae7d,c04264c3,3f3a1cac,00000000,0,00000000,0,135332,127
7322,bf721ab5,3d0161e5,41114bc7,3ea56042,00000000,0,00000000,0,140873,134
7323,3f4b33db,3ea2a7f0,c10deecc,3f54fdf4,3f800000,1000,3f800000,1000,135915,129
7324,3faa6224,3f6a9ad4,410d233a,3f2e5604,3f800000,1000,3f800000,1000,136499,129
7325,be292f6f,bf3378d5,bf74b5dd,3f645a1d,3e4b6b6f,199,3e4b8000,199,137957,131
7326,bfb66ba5,bec1758e,c10d809d,3f2f9db2,3f77c9bc,968,3f780000,969,138249,131
7327,4029a46a,3fc7a6b5,c0eb7803,3f666666,3f800000,1000,3f800000,1000,140582,133
7328,beb97a25,3ed6f1aa,4083119d,3e676c8b,00000000,0,00000000,0,146123,138
7329,bfbc6c76,3f16a7f0,c0d39653,3e0624dd,3f800000,1000,3f800000,1000,146124,139
7330,3f3bb2ff,3f095f70,40fe4674,3f200000,3db4dd80,88,3db46000,88,147582,140
7331,3e816723,bdee7d56,4013b7e9,3f743958,3ce9812c,29,3ce6a000,28,146707,139
7332,bf86b7aa,bed444d0,c09dd639,3ebe76c9,3ed66beb,419,3ed6a000,419,146999,140
7333,bfdea5f8,bd9487fd,c09cea4b,3f0d9168,3db4b0e8,88,3db50000,88,146998,140
7334,4020f27c,3f6dd639,4089288d,3f5374bc,3f800000,1000,3f800000,1000,146415,139
7335,bfca68b2,3e7e8a72,c0ce710d,3f08f5c3,3f2af462,668,3f2b2000,668,145541,138
7336,bd7c6541,3f81809d,bfd8624e,3ee66666,3f800000,1000,3f800000,1000,146124,139
7337,c00ef5ed,bee7f7cf,c055cac1,3e22d0e5,00000000,0,00000000,0,146415,139
7338,bf5ccccd,bed1f213,3f9b53f8,3e27ef9e,00000000,0,00000000,0,152249,144
7339,c045fe87,bf2296bc,c0d14f0e,3f5374bc,00000000,0,00000000,0,149916,142
7340,bf727fa2,3dd9c0ec,3f81652c,3ebe76c9,00000000,0,00000000,0,149332,141
7341,3f1b035c,3f80b296,c0d1e354,3e48b439,3f800000,1000,3f800000,1000,149332,141
7342,bf8471b4,bee2d289,3f8652bd,3f69ba5e,00000000,0,00000000,0,149332,141
7343,3fde9100,3f7ad0e5,411f7d56,3ea8f5c3,3f800000,1000,3f800000,1000,149915,142
7344,be90b392,3ebeb6ae,4014154d,3eb74bc7,00000000,0,00000000,0,148457,141
7345,40218644,3fabe704,c084c56d,3d958106,3f800000,1000,3f800000,1000,149041,140
7346,403ca57a,3fae7803,40e21206,3e8e5604,3f800000,1000,3f800000,1000,150790,143
7347,c03d3459,be9db574,3f2aacda,3f333333,00000000,0,00000000,0,149915,142
7348,bf392ccf,bf08b924,bf99b717,3f7fbe77,00000000,0,00000000,0,149041,141
7349,3fc06cca,3f36353f,bfb6075f,3f733333,3f800000,1000,3f800000,1000,148457,141
7350,bdd527e5,3fa65b57,406310cb,3f64dd2f,3f16a39f,588,3f168000,588,147873,140
7351,3f90a32f,3f3926e9,3fd1a9fc,3f0e978d,3f800000,1000,3f800000,1000,147290,140
7352,bdd96a6a,bd8e425b,c0a06738,3ea24dd3,3f66a09a,901,3f66a000,901,147582,140
7353,3fa367a1,3f56b780,bfe902de,3e343958,3f800000,1000,3f800000,1000,149624,142
7354,3ecb851f,be1f7660,c036eb1c,3def9db2,3f800000,1000,3f800000,1000,150207,143
7355,bffe3f14,bed73190,3d03e426,3e353f7d,00000000,0,00000000,0,149332,142
7356,3ce1ef74,3e0d182b,bead9168,3f7a1cac,3ead5ab8,339,3ead6000,339,148166,141
7357,4003d513,3f7b07c8,c0db2bd4,3eb8d4fe,3f800000,1000,3f800000,1000,147874,140
7358,c044169c,bf0a793e,4116b6ae,3f133333,00000000,0,00000000,0,148748,141
7359,405354a0,3fade910,bf59a6b5,3e5e353f,3f800000,1000,3f800000,1000,149624,142
7360,3f2f0d84,be44a8c1,c0ec3886,3f143958,3f800000,1000,3f800000,1000,171498,164
7361,3d5e54b5,3f916e2f,c0b2680a,3f126e98,3f800000,1000,3f800000,1000,156624,148
7362,3fcd8e22,3f60b50b,c0a3ef9e,3f49fbe7,3f800000,1000,3f800000,1000,161582,144
7363,3d4c8de3,3ed2147b,411587fd,3de56042,00000000,0,00000000,0,151665,143
7364,3f313405,3f37089a,bf2d21ff,3e1eb852,3f800000,1000,3f800000,1000,151082,143
7365,bffc56d6,3e9ec56d,c003559b,3ecccccd,00000000,0,00000000,0,160123,151
7366,404b3776,3fa6b98c,408b0d84,3f13b646,3f800000,1000,3f800000,1000,151957,143
7367,c006cdf2,3d2e147b,4115d917,3e3d70a4,00000000,0,00000000,0,149624,142
7368,3ea6f3f5,3f191eb8,c0158937,3f4d9168,3f800000,1000,3f800000,1000,159540,151
7369,bd28eb46,beaea162,c0cfb08a,3f48f5c3,3f800000,1000,3f800000,1000,151082,143
7370,3e1ae925,3d6e6320,4094f9db,3f60c49c,00000000,0,00000000,0,151082,143
7371,4002ee63,3fa4645a,c102b021,3f72b021,3f800000,1000,3f800000,1000,160415,151
7372,bf4a0275,3f06ff97,405b8ef3,3f4ac083,00000000,0,00000000,0,149624,141
7373,bee47ed0,3f82930c,402f1f8a,3e5e353f,3e79fc7c,244,3e7a2000,244,149623,142
7374,c06803ef,bf33fb16,c10c9518,3f370a3d,00000000,0,00000000,0,161582,153
7375,3f0bff04,3fac9e84,40929eed,3f2f5c29,3f800000,1000,3f800000,1000,150206,142
7376,3e8678c0,3fba4817,40c7cd36,3ec83127,3f1620f5,586,3f160000,586,149332,142
7377,3f969835,3e23e0df,40fd6ae8,3f66e979,3eb76aaa,358,3eb76000,358,160124,153
7378,be631a4c,bde7ae14,c09ae632,3f245a1d,3f5838e3,845,3f584000,845,149915,143
7379,3fe229c7,3fc39ba6,3fc8db8c,3f424dd3,3f800000,1000,3f800000,1000,160124,152
7380,3e55b036,be672e49,4007e5c9,3ed0e560,00000000,0,00000000,0,152832,145
7381,3eb0dd83,bea0e8a7,c09252bd,3b449ba6,3f800000,1000,3f800000,1000,149040,142
7382,bf9da1cb,be007c85,bf373eab,3e90624e,00000000,0,00000000,0,172082,164
7383,bf924b34,3f24a234,c0d443fe,3f4fdf3b,3f800000,1000,3f800000,1000,153415,146
7384,3f186595,3ce7ef9e,c0989ad4,3f6a7efa,3f800000,1000,3f800000,1000,155165,147
7385,bfe37564,3e7fa787,c0c998c8,3d48b439,3efd7999,495,3efda000,495,150790,144
7386,bf171f36,3bc9eecc,40a60c4a,3edfbe77,00000000,0,00000000,0,142623,135
7387,bee9003f,3f31c505,410e7dbf,3f174bc7,00000000,0,00000000,0,140290,133
7388,bf3c5eb3,bf3dab9f,c11f5326,3f4b020c,3f800000,1000,3f800000,1000,148749,141
7389,3ebf6a94,3fa91759,4004e704,3f03126f,3f800000,1000,3f800000,1000,141457,134
7390,c02f34d7,bee676c9,40bb851f,3ec624dd,00000000,0,00000000,0,139998,132
7391,bfe831cf,3ec16bba,411b902e,3ec8b439,00000000,0,00000000,0,150206,143
7392,c066eb1c,bf2e1893,c09ade01,3ee76c8b,00000000,0,00000000,0,141165,133
7393,c057bcd3,bf2efdf4,bebff2e5,3eca3d71,00000000,0,00000000,0,139415,132
7394,3edb645a,be95e1b1,c075288d,3f74bc6a,3f800000,1000,3f800000,1000,148457,141
7395,4004f7ba,3f3cc49c,4086a090,3f3df3b6,3f800000,1000,3f800000,1000,142624,134
7396,4007d124,3f27a512,40ca6c22,3f800000,3f800000,1000,3f800000,1000,139415,132
7397,bfcffc11,3ee404ea,c0f65fd9,3f09374c,3f800000,1000,3f800000,1000,149041,141
7398,3ede939f,3fce44d0,c0ac4ea5,3ef2b021,3f800000,1000,3f800000,1000,139998,132
7399,bf51fb40,3f7cf0d8,407b126f,3eb9db23,00000000,0,00000000,0,140291,133
7400,3f17b4a2,3f42dd2f,40cf7319,3eaf1aa0,3eaf7c36,343,3eaf4000,342,191915,184
7401,3e24d7f1,3e30a71e,405c9518,3f2b020c,00000000,0,00000000,0,277956,267
7402,bf510386,3e30a090,c01b93de,3f343958,3e8cc8f9,275,3e8ce000,275,167415,157
7403,be22bbed,bf36a71e,bef1d14e,3ef4bc6a,3d963a9f,73,3d964000,73,255206,245
7404,bfbdb2d5,bf1efdf4,c1122ca5,3eb22d0e,3f755000,958,3f754000,958,161581,152
7405,3db549f9,3e5d4c98,bf389375,3f68b439,3f0cdda8,550,3f0ce000,550,146416,138
7406,3de39d5e,3fcd95ea,c1026595,3f1020c5,3f800000,1000,3f800000,1000,140582,133
7407,3f6e9f6b,3f20ab36,c039fd8b,3f45e354,3f800000,1000,3f800000,1000,139999,132
7408,bfe6bf87,bef1e83e,c0bb46dc,3f12f1aa,3e6afab5,229,3e6b2000,230,139707,132
7409,3e89d9d3,3dacd9e8,c11c65fe,3c8b4396,3f800000,1000,3f800000,1000,137957,131
7410,bf8a2878,bd9afb7f,be427525,3f67ef9e,00000000,0,00000000,0,138249,130
7411,3f5d7b20,3f874674,c0f495ea,3ea353f8,3f800000,1000,3f800000,1000,137665,131
7412,beb4af4f,3f82758e,40cc00d2,3f4e147b,00000000,0,00000000,0,143498,136
7413,c015859d,3e1f4bc7,405fe0df,3ccccccd,00000000,0,00000000,0,139999,133
7414,bfa55b03,bec6872b,c08b1687,3f2147ae,3e60b782,219,3e612000,220,137082,130
7415,c004a3d7,3df0aa65,c119f0d8,3f0a7efa,3f601d2e,875,3f606000,876,138248,131
7416,bde02c91,3f8c7e91,c0df566d,3ecd4fdf,3f800000,1000,3f800000,1000,137957,130
7417,bfc48de3,bd70cb29,c11bed29,3c656042,3f800000,1000,3f800000,1000,137082,130
7418,c0324452,bf30a305,c081eecc,3f195810,00000000,0,00000000,0,136499,129
7419,3f786d72,3fcf9e84,c062f007,3e09374c,3f800000,1000,3f800000,1000,137374,130
7420,3d6f9db2,3dbbb98c,c06b0553,3f7b645a,3f700fe1,938,3f702000,938,136499,129
7421,3fe14079,3fa64539,40a85604,3f33f7cf,3f800000,1000,3f800000,1000,137666,130
7422,3f7ef88c,bcd25461,3fa92d77,3f1b645a,3f800000,1000,3f800000,1000,137665,130
7423,bfd9ddc2,3e9c84b6,c0ff212d,3e343958,3f65944b,897,3f65a000,897,137666,130
7424,be3ba344,bea44b5e,c105e9e2,3dd4fdf4,3f800000,1000,3f800000,1000,135915,129
7425,bf76eac8,be97b15b,c11b2de0,3f266666,3f800000,1000,3f800000,1000,187249,179
7426,4007fc65,3f335c29,c1134a8c,3e99999a,3f800000,1000,3f800000,1000,154581,146
7427,400198f2,3faa9518,c0645048,3e916873,3f800000,1000,3f800000,1000,146124,139
7428,3f612ec7,3facaf4f,40516d5d,3f7ef9db,3f800000,1000,3f800000,1000,155749,148
7429,403a1ab5,3fb8eb85,c0fa5879,3f0ed917,3f800000,1000,3f800000,1000,147291,139
7430,bf121816,bee0f0d8,c081e69b,3f4353f8,3f0aa9b5,542,3f0aa000,542,144665,137
7431,c008f712,bd2e3bcd,c11b19ce,3e4dd2f2,3f370692,715,3f372000,715,156623,149
7432,bfcf54f3,bdacd35b,4095999a,3ef020c5,00000000,0,00000000,0,145832,138
7433,3f90cbd1,3f3688ce,c1078937,3ef43958,3f800000,1000,3f800000,1000,144373,137
7434,3fe5c726,3faeda51,c02fbe77,3eae147b,3f800000,1000,3f800000,1000,156623,148
7435,3f89a21f,3f65e9e2,c107eecc,3e75c28f,3f800000,1000,3f800000,1000,144665,137
7436,400dd7dc,3f69eecc,40a2f5c3,3ebdf3b6,3f800000,1000,3f800000,1000,144665,137
7437,c01ad81b,befd0481,40c828f6,3e7df3b6,00000000,0,00000000,0,150499,142
7438,3e5ddc1e,befd1687,41138adb,3f0f9db2,00000000,0,00000000,0,149915,142
7439,bfa7b00c,3ebed5d0,411c0ded,3ddb22d1,00000000,0,00000000,0,159540,152
7440,bf9e41b3,bb80346e,3f03e426,3f6d4fdf,00000000,0,00000000,0,148457,140
7441,bf50a3d7,3f70c3ca,bfab18fc,3f358106,3f453bde,770,3f454000,771,145248,137
7442,3fe898b3,3eef39c1,41126f00,3f200000,3f800000,1000,3f800000,1000,154582,147
7443,3fc4562e,3f86fa44,c0d307c8,3f15c28f,3f800000,1000,3f800000,1000,146415,138
7444,bf8935fc,3eca29c7,c0d547ae,3f049ba6,3f800000,1000,3f800000,1000,146123,138
7445,3ee1e796,3f289ba6,c109b439,3f1ced91,3f800000,1000,3f800000,1000,156915,149
7446,3f8687d3,3f17b7e9,4101511a,3f4d4fdf,3f0b8b77,545,3f0b2000,543,146124,138
7447,3fde4a38,3f33cfab,3eaea4a9,3efe76c9,3f800000,1000,3f800000,1000,161581,154
7448,4041667b,3fb5cfab,40d2f5c3,3f0e147b,3f800000,1000,3f800000,1000,164498,155
7449,c0216cb5,beca339c,bfd70a3d,3eb7ced9,00000000,0,00000000,0,156332,146
7450,4036b0c9,3fbfb4a2,c01e2196,3f472b02,3f800000,1000,3f800000,1000,146416,139
7451,3fe3c361,3ec7381d,c0c38adb,3c343958,3f800000,1000,3f800000,1000,144374,137
7452,3d5859c9,be7292a3,c0a3d14e,3efbe76d,3f800000,1000,3f800000,1000,145540,138
7453,bfe4bd12,bed4b439,40bc6dc6,3f6978d5,00000000,0,00000000,0,143498,136
7454,3fefbc7f,3f4fef9e,40ba068e,3f5c6a7f,3f800000,1000,3f800000,1000,143499,136
7455,bf62a455,3e83923a,4105013b,3f5851ec,00000000,0,00000000,0,144957,137
7456,3f2e9ccb,3fcded91,c10e65fe,3ea24dd3,3f800000,1000,3f800000,1000,144374,137
7457,bf3b328b,be3eab36,40164a8c,3b83126f,00000000,0,00000000,0,144082,137
7458,3f3fd60f,3ef30a3d,3fbc1206,3ec18937,3f800000,1000,3f800000,1000,143207,136
7459,bf1e6c4c,3e641f21,c08e0000,3ea5e354,3f3e02a0,742,3f3e2000,743,144082,136
7460,bfe71801,be106c22,3f8de9e2,3e6f9db2,00000000,0,00000000,0,145832,138
7461,bf356d5d,bf078fc5,40c5bcd3,3e51eb85,00000000,0,00000000,0,144082,137
7462,c00cb6d8,3d3da512,bfd5d2f2,3f30624e,00000000,0,00000000,0,143499,136
7463,3f6aceee,3f50b6ae,c113c505,3f181062,3f800000,1000,3f800000,1000,144374,137
7464,401a6a55,3f83758e,3fa7f2e5,3f158106,3f800000,1000,3f800000,1000,145541,138
7465,4032233a,3f9e69ad,411e7cee,3f000000,3f800000,1000,3f800000,1000,167415,158
7466,c0195e9e,3dfbd3c3,c10278d5,3e4ccccd,3ed72e75,420,3ed78000,421,181707,172
7467,c01dfeda,bf2bb646,c02cadac,3d6978d5,00000000,0,00000000,0,182290,173
7468,bd9ceaf2,be3a2d0e,40fcb021,3ea9fbe7,00000000,0,00000000,0,180831,171
7469,bf0ff823,3a3ac711,c0f76e2f,3f1851ec,3f800000,1000,3f800000,1000,191039,181
7470,bfeee58a,3e889ba6,bf9f9097,3f374bc7,00000000,0,00000000,0,182873,173
7471,3f174d16,be70d4fe,c11c5d64,3f526e98,3f800000,1000,3f800000,1000,181998,173
7472,bf1bc16a,3f9acb92,40654af5,3f59999a,3e7a2bce,244,3e79a000,244,182290,173
7473,3fa8db8c,3e35f6fd,406d7a78,3e86a7f0,3f800000,1000,3f800000,1000,181998,173
7474,bfe77d95,3e9de354,3ef844d0,3eb5c28f,00000000,0,00000000,0,179956,170
7475,bf4007dd,bf04c227,410d65fe,3ec20c4a,00000000,0,00000000,0,180540,170
7476,bf1cc4f0,be9339c1,c11cc49c,3c9ba5e3,3f800000,1000,3f800000,1000,182873,173
7477,3f2c5c14,bd8c91d1,c047923a,3dfdf3b6,3f800000,1000,3f800000,1000,182290,172
7478,bf12b170,3f163e42,40d2872b,3d3020c5,00000000,0,00000000,0,181415,172
7479,bfddc3df,bf29e69b,40b01893,3f12f1aa,00000000,0,00000000,0,181706,172
7480,bd98d25f,bf16b0f2,c11905bc,3c83126f,3f800000,1000,3f800000,1000,183456,174
7481,40168a1e,3fb8680a,40940ded,3f408312,3f800000,1000,3f800000,1000,180249,170
7482,bfaace46,3f2da6b5,bff4154d,3f68f5c3,3ecb8854,398,3ecba000,398,181999,173
7483,c00ee5de,be254952,bdac710d,3f2a3d71,00000000,0,00000000,0,182874,173
7484,3f307f24,3e5eb1c4,bfd758e2,3ed47ae1,3f800000,1000,3f800000,1000,181999,173
7485,3ed21ab5,beefdf3b,40e4acda,3f3c6a7f,00000000,0,00000000,0,182874,173
7486,c0321c58,be6d1b71,c0a7a512,3e810625,00000000,0,00000000,0,182582,172
7487,3e007896,bf056a16,40c7e1b1,3ec6a7f0,00000000,0,00000000,0,200790,190
7488,3ea5e0b5,3f820be1,c031b08a,3efb645a,3f800000,1000,3f800000,1000,189582,179
7489,c060068e,bf2961e5,c03af9db,3f7c6a7f,00000000,0,00000000,0,190164,180
7490,3f8f56eb,3e49f55a,c11169ad,3e000000,3f800000,1000,3f800000,1000,187248,177
7491,3f82f4f1,3d5318fc,3ffc84b6,3f0b020c,3f800000,1000,3f800000,1000,188124,178
7492,bf4bfdb5,3edfced9,40e11412,3d3851ec,00000000,0,00000000,0,188123,178
7493,bfcaed14,3e80bc6a,c0205f07,3f31eb85,00000000,0,00000000,0,187832,178
7494,3ef2f987,3f45ef9e,c032a7f0,3efef9db,3f800000,1000,3f800000,1000,188415,179
7495,3e09df11,3f000831,40f17f63,3e960419,00000000,0,00000000,0,188706,178
7496,bf88a7c6,3e0a57a8,c0abd495,3db22d0e,3f154132,583,3f156000,583,189290,180
7497,3ec392e2,3fb80ded,4110d7dc,3cc49ba6,3e3c06f5,184,3e3aa000,182,189289,179
7498,bf27a787,3d56ae7d,4081f55a,3f7b645a,00000000,0,00000000,0,187248,177
7499,3e9f2baa,be0af838,c02d02de,3f40c49c,3f7c6cfc,986,3f7c6000,986,186665,177
7500,3f64d7f1,3ef47ae1,c08b8c7e,3e3851ec,3f800000,1000,3f800000,1000,188123,178
7501,3f516723,3e2fe5c9,40bd7b4a,3f6d4fdf,3e8798c4,265,3e872000,264,186957,177
7502,402c49ba,3fcc126f,40a12fec,3e0624dd,3f800000,1000,3f800000,1000,185790,175
7503,bfbcdc87,3eda2eb2,3f43c9ef,3d449ba6,00000000,0,00000000,0,187248,177
7504,3f9a3ad2,3fb1020c,410acfab,3dfdf3b6,3f800000,1000,3f800000,1000,232748,222
7505,bfc5c875,bd913405,40d5bf48,3f781062,00000000,0,00000000,0,191331,181
7506,3f62ce46,3f5089a0,40eb94af,3d03126f,3f153bf1,583,3f14e000,582,187540,178
7507,3f63d9a9,3fbe9c0f,c0cc7382,3f439581,3f800000,1000,3f800000,1000,188123,178
7508,40105eb3,3f59844d,c0d52618,3e841893,3f800000,1000,3f800000,1000,186956,177
7509,3fc57f0f,3fa9ec57,bf191687,3f46e979,3f800000,1000,3f800000,1000,186665,177
7510,bf50c1fd,bea683e4,c026075f,3f19db23,3e0eab79,139,3e0ec000,139,186957,177
7511,bff46499,be3ade01,4101d14e,3e126e98,00000000,0,00000000,0,186664,176
7512,bf2cd749,3ed2809d,c0cc0aa6,3f1126e9,3f800000,1000,3f800000,1000,185790,175
7513,3f890cb3,3f05bc02,beb26e98,3ef5c28f,3f800000,1000,3f800000,1000,186665,176
7514,3f78b6d8,3eec0d1b,3eb295ea,3f49fbe7,3f800000,1000,3f800000,1000,185790,176
7515,befda512,3e9c84b6,c0a2e560,3f0978d5,3f800000,1000,3f800000,1000,186374,176
7516,bf50678c,3f531de7,c01aa64c,3f578d50,3f5fd368,874,3f5fe000,875,186082,176
7517,3e0a233a,bea54af5,404386c2,3f08b439,00000000,0,00000000,0,186373,177
7518,be714120,bf33c6a8,41102752,3f49fbe7,00000000,0,00000000,0,193957,182
7519,c04c58cd,bef20f91,c030902e,3f3374bc,00000000,0,00000000,0,190456,180
7520,bce21965,3f6ec083,408fb3d0,3cd4fdf4,3d232b9c,40,3d20a000,39,187540,178
7521,3fdc99af,3ef41f21,c119d014,3cb43958,3f800000,1000,3f800000,1000,195124,185
7522,3f45b6c3,3f959931,40e83a2a,3f378d50,3f575f88,841,3f574000,841,191331,182
7523,4028f51b,3fad37b5,40a684b6,3e1374bc,3f800000,1000,3f800000,1000,189290,179
7524,3fb881c3,3e8e1ff3,4034ff97,3f051eb8,3f800000,1000,3f800000,1000,186956,177
7525,be6e7d56,3c85bc02,c0a8cb29,3ec51eb8,3f67fd27,906,3f680000,906,187248,177
7526,c0208fda,bf0dcac1,410010cb,3f2ccccd,00000000,0,00000000,0,187248,177
7527,bf996bba,3f006320,c020fdf4,3edd2f1b,3ebc7136,368,3ebc8000,368,186374,177
7528,3f481062,3e8b2ca5,411f48e9,3ec28f5c,00000000,0,00000000,0,187831,178
7529,3f68f712,3f8938ef,c11b7803,3f381062,3f800000,1000,3f800000,1000,186956,177
7530,3f4176de,3da39581,c0586c22,3ef4bc6a,3f800000,1000,3f800000,1000,185498,176
7531,3f45aee6,3ea94fdf,3f83b2ff,3ec6a7f0,3f800000,1000,3f800000,1000,186374,176
7532,bfba2e5e,bde8240b,c08f62b7,3f449ba6,3e344cc1,176,3e34c000,177,187540,178
7533,3fc3c2b9,3f90b368,3f9e4f76,3eeb851f,3f800000,1000,3f800000,1000,187832,178
7534,bda070b9,3f98b3d0,c0b54bc7,3f50a3d7,3f800000,1000,3f800000,1000,186373,177
7535,40584d01,3fbc511a,bfe6bee0,3f0a3d71,3f800000,1000,3f800000,1000,187540,177
7536,3ff9de6a,3f9eb98c,bf0d42c4,3ec7ae14,3f800000,1000,3f800000,1000,186665,176
7537,c01b3483,3daf06f7,410e205c,3efc6a7f,00000000,0,00000000,0,188706,179
7538,be27429a,3f585461,c0effcb9,3f54fdf4,3f800000,1000,3f800000,1000,186373,176
7539,bfb8d8ed,3eb55cfb,402bc9ef,3f716873,00000000,0,00000000,0,218456,208
7540,3fa2617c,3f801134,bf6404ea,3f34bc6a,3f800000,1000,3f800000,1000,191915,181
7541,400e2292,3f716f00,40f1dbf5,3e9e353f,3f800000,1000,3f800000,1000,199206,190
7542,3fabaf10,3e9f4d6a,40a4e979,3f758106,3f800000,1000,3f800000,1000,188999,179
7543,3f8f635e,3fc35183,40a02268,3dcac083,3f800000,1000,3f800000,1000,200373,190
7544,bf8400fc,3ec93c36,c115ae14,3e676c8b,3f800000,1000,3f800000,1000,188998,179
7545,3f1dc9c5,3faddd98,4096a090,3e591687,3f800000,1000,3f800000,1000,200373,191
7546,be3dc9c5,be26353f,40e0710d,3f3b645a,00000000,0,00000000,0,192790,183
7547,bfaa73d6,be7f58e2,403f8bac,3f54fdf4,00000000,0,00000000,0,189290,179
7548,3f7f3776,3fa4aa65,bdfae148,3ef6c8b4,3f800000,1000,3f800000,1000,200373,190
7549,3f2d028a,3f8887fd,c04cb924,3f05e354,3f800000,1000,3f800000,1000,188999,179
7550,bee2a6f4,bee84817,bfb76944,3f747ae1,3e1bbb62,152,3e1bc000,152,329872,315
7551,3d47e282,beb38866,c0b3c28f,3f6a7efa,3f800000,1000,3f800000,1000,235081,221
7552,c02ebe8c,be95fd8b,3ffc9518,3f71a9fc,00000000,0,00000000,0,198332,187
7553,bf45460b,3f3eb296,bfea88ce,3cb43958,3f231b4c,637,3f232000,637,191915,181
7554,3f9315b5,3bc6a7f0,bfae00d2,3f353f7d,3f800000,1000,3f800000,1000,191914,182
7555,be9537a0,beb4d9e8,3e5a6b51,3f122d0e,00000000,0,00000000,0,198623,188
7556,401c8462,3f9887fd,bf101a37,3ebc6a7f,3f800000,1000,3f800000,1000,188707,179
7557,bf88beb6,be425461,40cf3b64,3e820c4a,00000000,0,00000000,0,184624,176
7558,3fbd9be5,3f651b71,c107089a,3f589375,3f800000,1000,3f800000,1000,151082,143
7559,3dcde7ea,3d889a02,c0cacbfb,3e126e98,3f800000,1000,3f800000,1000,149915,143
7560,c01b0846,be8fc9ef,c110f213,3ef6c8b4,3ef9ad04,488,3efa6000,489,150499,143
7561,3e89c23b,3dc6e2eb,4117df3b,3f5ef9db,00000000,0,00000000,0,151082,143
7562,404afb2b,3fc0bfb1,40448312,3f204189,3f800000,1000,3f800000,1000,152248,144
7563,4021797d,3fa1a1cb,bffb0be1,3e2b020c,3f800000,1000,3f800000,1000,149331,142
7564,bffe30a9,bd9d14e4,4115154d,3d3020c5,00000000,0,00000000,0,150207,142
7565,3f5941c8,3fb503b0,c0809100,3f6f5c29,3f800000,1000,3f800000,1000,152249,144
7566,401cf766,3fb9c433,40049eed,3e800000,3f800000,1000,3f800000,1000,151373,143
7567,bf444524,be253261,c08c7d56,3f122d0e,3ef7d0af,484,3ef80000,484,155166,147
7568,40373c60,3fc08866,409f1d15,3f4f1aa0,3f800000,1000,3f800000,1000,152248,145
7569,c002cb53,3ead4c98,40c6e2eb,3f0147ae,00000000,0,00000000,0,150206,142
7570,3d969c24,bf2cc155,408126e9,3e9db22d,00000000,0,00000000,0,151666,144
7571,4026c4c6,3f94b98c,c10fc1be,3eb74bc7,3f800000,1000,3f800000,1000,150498,142
7572,c00f381d,becc240b,c0a93d08,3d9374bc,00000000,0,00000000,0,151082,143
7573,bfbfb15b,bde2339c,bf61d7dc,3ea353f8,00000000,0,00000000,0,144665,138
7574,bd455864,3e88c63f,40a7f2e5,3dfbe76d,00000000,0,00000000,0,138249,131
7575,401a1f9f,3f913e42,41142824,3f133333,3f800000,1000,3f800000,1000,135999,129
7576,bc9d7343,3c65fd8b,c116d917,3f46a7f0,3f800000,1000,3f800000,1000,141749,135
7577,3ef4eb9a,3fb2ecc0,c089fb16,3e71a9fc,3f800000,1000,3f800000,1000,138540,131
7578,3ea98351,3d2db8bb,40c72618,3f0872b0,00000000,0,00000000,0,138249,131
7579,4023d7b2,3f8217c2,411f5b57,3f1c6a7f,3f800000,1000,3f800000,1000,136208,129
7580,beb522a7,3f68075f,3fc7f972,3f2a7efa,3ee37119,444,3ee34000,444,137957,131
7581,c018917d,bd9212d7,4019fbe7,3ee24dd3,00000000,0,00000000,0,137957,131
7582,3fc280f1,3f07126f,4088e632,3ec08312,3f800000,1000,3f800000,1000,137374,130
7583,3fdeb11c,3fb35810,bda5119d,3f48f5c3,3f800000,1000,3f800000,1000,137666,130
7584,3f936e2f,3ee00ebf,4085295f,3f249ba6,3f800000,1000,3f800000,1000,137665,130
7585,bed2d773,be6d8e22,3fddf3b6,3e8bc6a8,00000000,0,00000000,0,137082,130
7586,bea3c9ef,3e810481,40172b02,3f276c8b,00000000,0,00000000,0,137373,131
7587,bf135fc4,3e19a36e,c05d5183,3f256042,3f0de372,554,3f0e0000,555,137082,130
7588,beb588e3,3ebf22d1,4117a36e,3f2e5604,00000000,0,00000000,0,136791,129
7589,bf81e3a8,3f0ba6b5,3facd014,3f666666,00000000,0,00000000,0,136499,129
7590,bfb5a512,3ee61e4f,c0074880,3efd70a4,3e146ae1,145,3e148000,145,136790,129
7591,bec516db,3f40680a,40efd3c3,3f70e560,00000000,0,00000000,0,140290,132
7592,400a703b,3fc12a30,40d519ce,3f4b4396,3f800000,1000,3f800000,1000,136791,130
7593,3fb70308,3f037176,4024b439,3f449ba6,3f800000,1000,3f800000,1000,136791,129
7594,3e63ec03,3f507fcc,40c4511a,3f7b22d1,3d142e4e,36,3d10a000,35,136499,129
7595,3f6f1d3f,3f1ee48f,405231f9,3f0872b0,3f800000,1000,3f800000,1000,136207,129
7596,3f22d624,3e2037b5,40ff58e2,3dc8b439,00000000,0,00000000,0,137082,130
7597,bfebab22,be9d3405,41198e8a,3f72b021,00000000,0,00000000,0,137082,130
7598,3eddd1a2,3e53bcd3,bfdee632,3f2f1aa0,3f800000,1000,3f800000,1000,136791,129
7599,c0419f80,bf1b61e5,408d4bc7,3e072b02,00000000,0,00000000,0,137082,130
7600,3faf1173,3eea17c2,c0b5c433,3f239581,3f800000,1000,3f800000,1000,141457,134
7601,bf69667b,3f03367a,bc3295ea,3e958106,3d67d242,57,3d686000,57,135332,128
7602,bf5e075f,bd8e48e9,4095f3b6,3ecbc6a8,00000000,0,00000000,0,133874,127
7603,c008faad,be9b67a1,41024f76,3f558106,00000000,0,00000000,0,151082,143
7604,3f47674d,3f789375,c05f79a7,3d8b4396,3f800000,1000,3f800000,1000,148166,140
7605,3fb10625,3fc2a3d7,4101a512,3f48f5c3,3f800000,1000,3f800000,1000,138540,131
7606,be8b7aa2,bf02985f,407cf909,3f147ae1,00000000,0,00000000,0,137082,129
7607,c0026a01,3e88432d,c0127525,3ea4dd2f,00000000,0,00000000,0,137082,130
7608,3b5844d0,3d82bd3c,c03c3c9f,3e70a3d7,3f227911,635,3f228000,635,137082,129
7609,be30c88a,3ecc4d01,4107d495,3f570a3d,00000000,0,00000000,0,136791,130
7610,3d690ff9,3d895810,40c39db2,3f024dd3,00000000,0,00000000,0,136790,129
7611,bf718a87,be9fbb30,bd8a3d71,3eeb020c,00000000,0,00000000,0,138249,131
7612,c068b924,bf3f1f8a,bf7fbe77,3f5d70a4,00000000,0,00000000,0,136790,130
7613,bffa3c21,bec41a37,410791d1,3f639581,00000000,0,00000000,0,137374,131
7614,bf01b1d9,3c51eb85,c1144539,3f09ba5e,3f800000,1000,3f800000,1000,138249,130
7615,3f9413fd,3fcb5183,c1151206,3e4ed917,3f800000,1000,3f800000,1000,136207,129
7616,3fb972ef,3fb400d2,c0a95254,3f066666,3f800000,1000,3f800000,1000,137082,130
7617,bfc167cb,be40a090,c1070069,3f52f1aa,3f5d9d14,866,3f5dc000,866,137957,130
7618,3fc02fd7,3f65fb16,40d1cfab,3efb645a,3f800000,1000,3f800000,1000,137665,131
7619,3f95cb14,3f63bda5,41125cfb,3f12b021,3f40b122,753,3f406000,751,138541,131
7620,bff6e979,bedd6f00,4079374c,3f49ba5e,00000000,0,00000000,0,137665,130
7621,bf1540cc,3f536f00,40fe710d,3e991687,00000000,0,00000000,0,137957,131
7622,3fc3588e,3f217cee,401a1965,3f2147ae,3f800000,1000,3f800000,1000,137082,130
7623,c058346e,bf2350b1,c02114e4,3f74fdf4,00000000,0,00000000,0,136791,129
7624,c048110a,bf319653,c106652c,3f374bc7,3d25feac,41,3d24e000,40,149332,140
7625,bccb5350,be271759,c1128db9,3eeb020c,3f800000,1000,3f800000,1000,139707,133
7626,c036555c,bf20a162,41087732,3f378d50,00000000,0,00000000,0,137082,130
7627,bf4fcf81,3f8eae14,c1046bba,3f30624e,3f800000,1000,3f800000,1000,136207,129
7628,3eb82d38,3db5d639,bfa5ed29,3cbc6a7f,3f4d9d1f,803,3f4da000,803,139416,132
7629,c056d9be,bf3eeb1c,be1a1cac,3ef43958,00000000,0,00000000,0,137082,130
7630,bf9b37ca,bdafa440,bfd703b0,3f7b22d1,00000000,0,00000000,0,136498,130
7631,be5a6b51,bf1e51ec,c0133b64,3df1a9fc,3eadb0de,339,3eadc000,339,135624,128
7632,402d566d,3f9948e9,40ecc155,3d2c0831,3f800000,1000,3f800000,1000,136790,130
7633,3eeb7d41,3edd3c36,3f2e76c9,3e116873,3f65f9bd,898,3f660000,898,136498,129
7634,40099e30,3fc29653,c0354120,3e8d4fdf,3f800000,1000,3f800000,1000,136207,129
7635,40041451,3f69119d,406727bb,3f4fdf3b,3f800000,1000,3f800000,1000,136790,130
7636,bd827fa2,be8a76c9,c104d220,3f48f5c3,3f800000,1000,3f800000,1000,137082,130
7637,bfca1ff3,bec0af4f,41088d50,3e9b22d1,00000000,0,00000000,0,137666,131
7638,bfca9f17,3f221b09,40bb6d5d,3e45a1cb,00000000,0,00000000,0,136207,129
7639,bfd2c908,3f0aded3,bffc91d1,3f5ae148,3e008648,126,3e00c000,126,137082,130
7640,3e23e187,3f888937,c11fcac1,3ba3d70a,3f800000,1000,3f800000,1000,136499,129
7641,bfd14a4d,3f0fafb8,411d75f7,3e9eb852,00000000,0,00000000,0,137957,131
7642,3ded527e,3f81ab9f,411666cf,3e5c28f6,00000000,0,00000000,0,137374,130
7643,bf73fd0d,3f7bced9,40fbd14e,3d6978d5,00000000,0,00000000,0,137957,131
7644,3daf2f98,3f148f5c,bf1b8bac,3f49fbe7,3f577d02,842,3f576000,841,137665,130
7645,3f8376b4,3f85a090,c0e759b4,3f574bc7,3f800000,1000,3f800000,1000,143498,136
7646,bfbee19c,3ee9d639,4119cc64,3d872b02,00000000,0,00000000,0,162165,154
7647,c01448bf,bf1b9ce0,c0b5182b,3f6bc6a8,00000000,0,00000000,0,164957,157
7648,bf372ef1,3f542196,4101b021,3f1c28f6,00000000,0,00000000,0,167998,159
7649,bf47674d,3f337176,c0b3ba5e,3f14bc6a,3f800000,1000,3f800000,1000,171207,162
7650,3e78e9f7,3f3cea4b,bf23eab3,3ec9ba5e,3f800000,1000,3f800000,1000,167415,158
7651,3ed8adac,be327bb3,c0e05d64,3d072b02,3f800000,1000,3f800000,1000,166832,158
7652,bf3ab0c9,3f48de01,408ef909,3e23d70a,00000000,0,00000000,0,167123,158
7653,be915b57,bf1cb439,c0a3bda5,3f4fdf3b,3f615ad2,880,3f616000,880,167124,158
7654,3e167232,3fc269ad,3f0d35a8,3eb53f7d,3f800000,1000,3f800000,1000,166540,158
7655,bfd7876a,bdd64c30,4119fb7f,3f71a9fc,00000000,0,00000000,0,166540,158
7656,3ff859c9,3f538fc5,c0a54120,3f2624dd,3f800000,1000,3f800000,1000,166540,157
7657,bf3307f2,3e4d1b71,c11d0000,3f5a1cac,3f800000,1000,3f800000,1000,167999,159
7658,bf8f43e9,3f390ff9,bfce48e9,3f456042,3ef4d270,478,3ef4c000,478,168290,160
7659,3f132a06,3f567454,c0e34952,3f326e98,3f800000,1000,3f800000,1000,167415,158
7660,40002b95,3fc40aa6,c00966cf,3f076c8b,3f800000,1000,3f800000,1000,167415,159
7661,bf0414a5,3f89d14e,c095089a,3f004189,3f800000,1000,3f800000,1000,166540,158
7662,bf857881,3f164ea5,c014432d,3ec5a1cb,3ef71cd2,483,3ef70000,482,166540,158
7663,4056f49d,3fb697f6,c0f69eed,3f2978d5,3f800000,1000,3f800000,1000,165665,157
7664,c0523dc5,bede594b,401c75f7,3d1fbe77,00000000,0,00000000,0,167707,159
7665,c01ceb46,be144d01,4119ae14,3f395810,00000000,0,00000000,0,166832,158
7666,bf859c8d,3f250be1,4119e00d,3f610625,00000000,0,00000000,0,173249,164
7667,bd8bd662,3f1689a0,c00d374c,3efdf3b6,3f763cb4,962,3f764000,962,171207,162
7668,3ef404ea,3e48b780,c10c5a1d,3f0d0e56,3f800000,1000,3f800000,1000,170040,161
7669,3f37bc7f,bd94a234,c0e79653,3f1d2f1b,3f800000,1000,3f800000,1000,167415,159
7670,3f8669ad,3fa2786c,c1031b71,3f170a3d,3f800000,1000,3f800000,1000,165665,157
7671,bf1fa2f0,3f92816f,40e12ca5,3e9c28f6,00000000,0,00000000,0,167999,159
7672,3ff257a8,3fc07732,c0dd288d,3dd91687,3f800000,1000,3f800000,1000,167415,158
7673,bf39d5e5,bf2a7efa,c11c786c,3f326e98,3f800000,1000,3f800000,1000,167123,158
7674,bfecc2f8,bedf7319,bf9954ca,3f53b646,00000000,0,00000000,0,184332,176
7675,3fe77319,3efa075f,410ba6b5,3f7db22d,3f800000,1000,3f800000,1000,170332,162
7676,c03c8beb,beb87fcc,40908e8a,3f449ba6,00000000,0,00000000,0,181415,172
7677,bf9d7492,3f122f83,41151c43,3f656042,00000000,0,00000000,0,170623,161
7678,3c0216c6,bebd30be,3db53f7d,3ee45a1d,3d71a199,59,3d71a000,59,167707,158
7679,400d49f9,3f979f56,c0db7803,3d9374bc,3f800000,1000,3f800000,1000,180540,171
7680,3e60c9da,bee0e3bd,bf945048,3f2dd2f2,3f14f399,582,3f150000,582,169456,161
7681,c0287cd9,be3a1ff3,40c2f1aa,3f553f7d,00000000,0,00000000,0,180832,171
7682,3f92da12,3f9a1bda,405f4a23,3e991687,3f800000,1000,3f800000,1000,168582,160
7683,3ef1d92b,be87bcd3,c019460b,3e6c8b44,3f800000,1000,3f800000,1000,167415,159
7684,3eeca81a,3f828241,bfcd14e4,3e03126f,3f800000,1000,3f800000,1000,177915,169
7685,bf572ef1,bf1d2b02,c11402de,3d0b4396,3f800000,1000,3f800000,1000,166832,157
7686,bf06dc5d,3f408312,c0dad1b7,3f69fbe7,3f800000,1000,3f800000,1000,187832,173
7687,3e8ff972,3fc42618,c03fe426,3ed47ae1,3f800000,1000,3f800000,1000,174415,166
7688,be488f86,beaa1e4f,40ae0275,3f1ced91,00000000,0,00000000,0,167998,159
7689,40181f21,3fb6d220,c05f645a,3f7eb852,3f800000,1000,3f800000,1000,178498,170
7690,40437415,3fc63d08,bfc8e8a7,3d9fbe77,3f800000,1000,3f800000,1000,169165,161
7691,3f2d4952,3e43eab3,3fe1b08a,3ec28f5c,3f4af40e,793,3f4ac000,792,177331,169
7692,bf17c45d,bf323958,c0ebf3b6,3f71eb85,3f800000,1000,3f800000,1000,170624,161
7693,4017c3b5,3fba4c98,c08f7a78,3f7f7cee,3f800000,1000,3f800000,1000,167999,159
7694,bfdddd6e,bb5c5d64,c033ae14,3e158106,00000000,0,00000000,0,289039,276
7695,bf3d21ff,be322681,c0845f07,3f656042,3ef83623,485,3ef86000,485,188123,177
7696,bd9c5825,3f957c85,bf225461,3cf5c28f,3f800000,1000,3f800000,1000,148749,141
7697,3f916723,3f6a32ca,41012752,3ea5e354,3f66472c,900,3f662000,899,145832,138
7698,40125658,3f69c5d6,c11d4bc7,3ec28f5c,3f800000,1000,3f800000,1000,144665,137
7699,400232f4,3fb842c4,3e6b50b1,3f72f1aa,3f800000,1000,3f800000,1000,148165,141
7700,bd831ceb,bedf0d84,c047df3b,3eea7efa,3f188ede,596,3f18a000,596,144665,137
7701,3d672da1,3f958ce7,40b4a7f0,3f6f1aa0,3e637050,222,3e62c000,221,143207,135
7702,3fae7382,3fc5aa65,c031930c,3e820c4a,3f800000,1000,3f800000,1000,147290,140
7703,3e4f56eb,3fa06e2f,40dfb15b,3eda1cac,3e4845a6,196,3e470000,194,143499,136
7704,bf87c99b,bef3c01a,40c6346e,3ea353f8,00000000,0,00000000,0,144665,137
7705,3fdcdd2f,3f9cd5d0,40b0b6ae,3e92f1aa,3f800000,1000,3f800000,1000,147290,141
7706,bf3425af,bf2c161e,40fbeab3,3f6624dd,00000000,0,00000000,0,142332,135
7707,bf606f69,3f69923a,c0fe6b51,3f3374bc,3f800000,1000,3f800000,1000,143790,137
7708,bdceee0f,3f2f21ff,40aa4674,3e8bc6a8,00000000,0,00000000,0,143791,136
7709,3ff9a6b5,3fbe2824,c0fb7803,3f4b020c,3f800000,1000,3f800000,1000,143790,137
7710,c0184381,bd9e83e4,c0c5119d,3e9b22d1,00000000,0,00000000,0,142916,136
7711,4034769f,3fb2c155,41155b57,3e2f1aa0,3f800000,1000,3f800000,1000,141457,134
7712,3faec6bd,3f117a78,c116e00d,3e072b02,3f800000,1000,3f800000,1000,137374,130
7713,be47e282,bf340419,410001a3,3c03126f,00000000,0,00000000,0,138665,131
7714,3fc4d6a1,3f8b6ae8,40e28b44,3ec3126f,3f800000,1000,3f800000,1000,136207,129
7715,3f336502,3f826666,c002de01,3ebd70a4,3f800000,1000,3f800000,1000,136791,130
7716,bf1b295f,bdbce076,c057c01a,3ecdd2f2,3eba5764,364,3eba8000,364,138540,132
7717,c030e219,bec0e076,bfa1d495,3f722d0e,00000000,0,00000000,0,137957,131
7718,3f86d7c7,3f6af5c3,c11c0b0f,3f6f5c29,3f800000,1000,3f800000,1000,137957,130
7719,3ff32f45,3f8a1f21,3feed5d0,3f628f5c,3f800000,1000,3f800000,1000,138541,131
7720,403887fd,3f9e5f07,c006a7f0,3ec72b02,3f800000,1000,3f800000,1000,137374,130
7721,3fa71801,3f785e35,c05da512,3ed3f7cf,3f800000,1000,3f800000,1000,136207,129
7722,beffb3fa,3f13923a,c04d6a16,3ede353f,3f690460,910,3f690000,910,136499,129
7723,bf821ab5,befa809d,c0d70f28,3f0fdf3b,3f471692,778,3f472000,778,136207,130
7724,c0196580,bd07e282,bf1ced91,3f3df3b6,00000000,0,00000000,0,136499,129
7725,3f481451,3fa6c505,c0e8f34d,3f10624e,3f800000,1000,3f800000,1000,135915,129
7726,3ffa9dc7,3f18f9db,c0f73c36,3e010625,3f800000,1000,3f800000,1000,137373,131
7727,4019566d,3f8ae4f7,40a7bc02,3f73f7cf,3f800000,1000,3f800000,1000,136499,130
7728,bfc3c750,bf18ca58,40e77e91,3ed4fdf4,00000000,0,00000000,0,136207,128
7729,bf14cec4,3f98bb30,c1005c29,3e6c8b44,3f800000,1000,3f800000,1000,144957,137
7730,3ffc5198,3fa8a234,3fc542c4,3f378d50,3f800000,1000,3f800000,1000,143207,136
7731,3e858a33,3fbee910,40bc1f21,3ebef9db,3f2e369a,681,3f2e0000,680,140291,133
7732,beb2ec6c,beb54fdf,c084faad,3e5d2f1b,3f1d68a5,615,3f1d8000,615,137957,131
7733,bec28241,bf0ebac7,409e6666,3f1ef9db,00000000,0,00000000,0,137665,130
7734,3f3108c4,3fcd594b,c0fc05bc,3f5020c5,3f800000,1000,3f800000,1000,137082,130
7735,3eda8588,3d4b9f56,c1106f69,3efbe76d,3f800000,1000,3f800000,1000,137374,130
7736,3caf78ff,3f2ad289,40f20f91,3f29fbe7,00000000,0,00000000,0,138249,131
7737,3fc1dc72,3f9f1eb8,401e809d,3f7d2f1b,3f800000,1000,3f800000,1000,137665,130
7738,3f8b8477,3fcd978d,c0c2de01,3f7cac08,3f800000,1000,3f800000,1000,137082,130
7739,bfda641b,3ed48312,c0e6ae7d,3e800000,3f5cf0dc,863,3f5d0000,863,157498,149
7740,4016d2dd,3f5761e5,c0b28e8a,3f228f5c,3f800000,1000,3f800000,1000,154873,146
7741,bfc6fd22,bd4ccccd,bf7eb1c4,3f3fbe77,00000000,0,00000000,0,145248,137
7742,3d922531,3fb4d8ae,c11f49ba,3df9db23,3f800000,1000,3f800000,1000,144957,136
7743,bfa7ad6d,bf39851f,40a56bba,3f7851ec,00000000,0,00000000,0,145541,138
7744,3e843fe6,be77ae14,c00ded29,3f1c28f6,3f50e2a0,816,3f50e000,816,144957,138
7745,400e3dc5,3fb383e4,40a55dcc,3f228f5c,3f800000,1000,3f800000,1000,144374,137
7746,bf864e27,bf2e4ea5,bfddd97f,3f1374bc,00000000,0,00000000,0,144082,136
7747,c04cf473,bf2bd14e,4065119d,3e0624dd,00000000,0,00000000,0,144666,137
7748,c0264745,bf3d5254,40cb851f,3d9374bc,00000000,0,00000000,0,144666,137
7749,3f6defc8,3f721062,40ee44d0,3f05e354,3f4a93b2,791,3f4a6000,791,144666,137
7750,bfcb5697,beb0c7e3,40e77f63,3f66e979,00000000,0,00000000,0,143790,136
7751,bfacec42,3e21652c,40cee632,3dd4fdf4,00000000,0,00000000,0,144374,136
7752,3fb75643,3fc11134,c0845532,3f7f7cee,3f800000,1000,3f800000,1000,166832,159
7753,bf716f00,3f6487fd,3f3f0d84,3e22d0e5,3e6f0c7b,233,3e6f0000,233,147290,140
7754,3f880f13,3fcea090,c0741a37,3f4624dd,3f800000,1000,3f800000,1000,144082,137
7755,401e95ea,3fc948e9,c040e076,3d851eb8,3f800000,1000,3f800000,1000,143498,136
7756,3fcf7271,3f25f3b6,c0b0147b,3f218937,3f800000,1000,3f800000,1000,143207,136
7757,bfff7cee,bf360000,40cc9d49,3f0f1aa0,00000000,0,00000000,0,143207,136
7758,be0e6afd,3dc1f8a1,c0e20aa6,3f126e98,3f800000,1000,3f800000,1000,144374,137
7759,c057dc48,beff0553,4101851f,3f774bc7,00000000,0,00000000,0,144665,137
7760,c02e2142,be829100,411b41f2,3e5d2f1b,00000000,0,00000000,0,144665,137
7761,bf3a0903,3ea1999a,c0322b6b,3efced91,3efb8079,491,3efb8000,491,145248,138
7762,bee1e4f7,3f377732,40ce6cf4,3d810625,00000000,0,00000000,0,144374,137
7763,3fcc0d6f,3f929e84,4088fb7f,3e591687,3f800000,1000,3f800000,1000,145248,137
7764,3f3e7968,bdfc28f6,408fc91d,3f6ac083,3e8a5224,270,3e8a4000,270,145248,138
7765,bfa8403a,3ef4fc50,bf384b5e,3e8bc6a8,00000000,0,00000000,0,143499,135
7766,3e239d5e,3fb2bf48,4030f27c,3f400000,3f800000,1000,3f800000,1000,144665,136
7767,404edff8,3fcc7319,c119a3d7,3efced91,3f800000,1000,3f800000,1000,144082,136
7768,bf6956c1,3f573405,c104f55a,3f0a7efa,3f800000,1000,3f800000,1000,144082,136
7769,bffce65c,bf38bfb1,c107089a,3f59999a,3f22e07f,636,3f22e000,636,144374,136
7770,3f5ae686,3f020419,40a1a787,3cd4fdf4,3f2e9699,682,3f2e8000,682,144374,137
7771,bfced139,bf3c1b09,40bd2ca5,3e645a1d,00000000,0,00000000,0,142623,135
7772,bff8b978,bec5a512,40309eed,3f71a9fc,00000000,0,00000000,0,144082,136
7773,bf5b19a4,bf0c9e1b,407b9a6b,3df9db23,00000000,0,00000000,0,144666,137
7774,c018b48d,bedf573f,c0a14c98,3f07ae14,00000000,0,00000000,0,148748,137
7775,3f6b8bac,3f903c36,41050069,3f7b22d1,3f550589,832,3f54c000,831,145249,137
7776,bfd46dc6,3e6a2681,40843611,3f649ba6,00000000,0,00000000,0,145832,138
7777,3e9e939f,3f89d639,411be076,3ec28f5c,00000000,0,00000000,0,144666,137
7778,bf946152,beba9446,c0b4c8b4,3ee0c49c,3f004ea6,501,3f006000,501,146415,139
7779,bf2a9d1f,be7f9a6b,4116f694,3dcac083,00000000,0,00000000,0,145832,137
7780,bf4d6777,3f63930c,4115f34d,3e6b851f,00000000,0,00000000,0,180248,171
7781,bfe39192,beb43e42,c1119446,3e000000,3f4804fb,781,3f484000,782,181123,171
7782,c04d7a78,bf041d7e,409ef1aa,3d75c28f,00000000,0,00000000,0,181998,172
7783,3fd0adac,3ea5d97f,c0de6738,3e53f7cf,3f800000,1000,3f800000,1000,181999,172
7784,3ebffd61,3f9a2546,c0c554ca,3f56c8b4,3f800000,1000,3f800000,1000,181707,172
7785,40275254,3f8b15b5,40a10be1,3f049ba6,3f800000,1000,3f800000,1000,182290,172
7786,3fa1e59f,3f8a3c36,409812d7,3f272b02,3f800000,1000,3f800000,1000,180248,170
7787,bf769ad4,beb18794,c0d7afb8,3f36c8b4,3f52af37,823,3f52a000,823,180831,171
7788,3fc03e42,3f59c9ef,40a50553,3ea4dd2f,3f800000,1000,3f800000,1000,184331,174
7789,3f905e5f,3f9245a2,be8d844d,3f760419,3f800000,1000,3f800000,1000,182582,173
7790,3f824c83,3f812fec,c0ac9d49,3f77ced9,3f800000,1000,3f800000,1000,181123,171
7791,3f5e7ab7,3fca6c8b,40d5851f,3ee56042,3f800000,1000,3f800000,1000,181415,172
7792,3fcbcd36,3f0aaa65,3fa1c77a,3f54fdf4,3f800000,1000,3f800000,1000,181123,172
7793,3e416f00,3f0c40b8,bea28f5c,3f239581,3f6133c6,880,3f612000,879,182290,173
7794,be086595,3ed2978d,bfc63bcd,3eb645a2,3f235083,638,3f236000,638,192915,183
7795,3fcf064f,3f3c96bc,c119b3d0,3f2b851f,3f800000,1000,3f800000,1000,191332,181
7796,c03571f3,be31ce07,40935810,3e89ba5e,00000000,0,00000000,0,188706,179
7797,3f25edd0,3f234bc7,402a12d7,3e7ef9db,3f7bb725,983,3f7b8000,982,188123,178
7798,3fa875f7,3f998f5c,c0c86738,3f3126e9,3f800000,1000,3f800000,1000,186957,177
7799,3ecdfce3,3e46cf42,c0e23127,3ea6e979,3f800000,1000,3f800000,1000,188123,179
7800,3f95d053,3f44710d,c0de0c4a,3eb3b646,3f800000,1000,3f800000,1000,187539,177
7801,bfef2da1,be68ded3,befdcc64,3e21cac1,00000000,0,00000000,0,186373,176
7802,bd940789,be955183,4116e76d,3f12f1aa,00000000,0,00000000,0,187832,177
7803,bf8ee0f4,3e752bd4,3f7374bc,3f2e978d,00000000,0,00000000,0,187248,178
7804,bebda273,3f981b71,c0fc240b,3f68f5c3,3f800000,1000,3f800000,1000,187248,176
7805,bebda273,3f666dc6,c08f3d08,3f02d0e5,3f800000,1000,3f800000,1000,188415,178
7806,402aa5f8,3fb947ae,bfb3dd98,3ec83127,3f800000,1000,3f800000,1000,212331,201
7807,3f797397,3fa86595,c11d2824,3eac8b44,3f800000,1000,3f800000,1000,204457,193
7808,3f3f7510,3ea80b78,411868dc,3ec3126f,00000000,0,00000000,0,190164,180
7809,3f717acc,3f15f488,c0f9923a,3f69ba5e,3f800000,1000,3f800000,1000,187540,177
7810,4000d749,3f54d5d0,410e2474,3e147ae1,3f800000,1000,3f800000,1000,188415,179
7811,3ed2007e,3ec0adac,c0833a93,3eac0831,3f800000,1000,3f800000,1000,198915,189
7812,bf876f2a,bec68588,4001c433,3e51eb85,00000000,0,00000000,0,189873,180
7813,bdd249e4,3fbac8b4,c0f6c986,3f7851ec,3f800000,1000,3f800000,1000,187248,177
7814,3f80a3d7,3ed67525,41009446,3d178d50,3e85753f,261,3e84c000,259,189290,179
7815,4013b7e9,3f424745,bfc65c92,3db22d0e,3f800000,1000,3f800000,1000,188123,178
7816,3f861134,3f6a68dc,3f5fd8ae,3f6ed917,3f800000,1000,3f800000,1000,187540,177
7817,3e3165d4,3fa7ac08,c077e910,3e21cac1,3f800000,1000,3f800000,1000,186957,177
7818,3fc633f0,3eae45a2,c11600d2,3f208312,3f800000,1000,3f800000,1000,188414,179
7819,beb06f69,3fa3c77a,3f4df3b6,3f11a9fc,3f694f0d,911,3f694000,911,188415,178
7820,bfa7ca43,3e12bd3c,40f74c98,3e147ae1,00000000,0,00000000,0,186956,177
7821,3ff7d4bf,3f37b7e9,3fa7f972,3f3f3b64,3f800000,1000,3f800000,1000,186665,177
7822,40302de0,3f7acccd,bfefbe77,3ea3d70a,3f800000,1000,3f800000,1000,187832,178
7823,4024b5dd,3fc71965,404e4c30,3e1ba5e3,3f800000,1000,3f800000,1000,187831,178
7824,c01d172f,3d99e83e,c066147b,3f29ba5e,00000000,0,00000000,0,190456,180
7825,3fab07f2,3fca7247,40c36e2f,3dc28f5c,3f800000,1000,3f800000,1000,187248,178
7826,c050cccd,bf3d4e3c,c0a50be1,3e19999a,00000000,0,00000000,0,155456,146
7827,be92b021,3f2aacda,c0c7bf48,3eda9fbe,3f800000,1000,3f800000,1000,151957,144
7828,3fb7ef9e,3faf9db2,c0eeb021,3f7c28f6,3f800000,1000,3f800000,1000,150207,142
7829,3f8ba494,3f553f7d,c0e4cf42,3e158106,3f800000,1000,3f800000,1000,157790,150
7830,3fcb92e2,3f76075f,40bc5f07,3f010625,3f800000,1000,3f800000,1000,152541,144
7831,bf8a4bdc,bdc49518,40c7bda5,3df7ced9,00000000,0,00000000,0,149332,141
7832,bdd2e72e,3f8d5c92,3f3fbe77,3de978d5,3f56cb3e,839,3f56c000,839,148749,140
7833,3fb73c0c,3e7779a7,c10a205c,3e4ed917,3f800000,1000,3f800000,1000,151082,143
7834,be7fcb92,3f02161e,408b2e49,3f4dd2f2,00000000,0,00000000,0,157207,149
7835,404538ef,3faea027,c0e43f14,3f547ae1,3f800000,1000,3f800000,1000,152248,144
7836,3f82fec5,3ec44ea5,408915b5,3e78d4fe,3f72dd49,949,3f72a000,948,151957,144
7837,bf00b631,3f17e0df,c0420419,3e8bc6a8,3f602292,876,3f602000,875,151082,144
7838,c0151245,3e1b22d1,3fe5c28f,3f122d0e,00000000,0,00000000,0,150498,143
7839,4016b11c,3fc3de6a,411448e9,3f0d9168,3f800000,1000,3f800000,1000,149916,142
7840,3f8e2974,3f36b852,404252bd,3dc28f5c,3f800000,1000,3f800000,1000,150207,142
7841,be401f75,bea020c5,c0c49931,3e0e5604,3f800000,1000,3f800000,1000,142624,136
7842,bfb11f0c,bf0b02de,bf5566cf,3f218937,00000000,0,00000000,0,138541,132
7843,4046acda,3fc55bc0,3fd67a10,3d3851ec,3f800000,1000,3f800000,1000,138415,131
7844,c0164064,bea248e9,3f30b0f2,3db43958,00000000,0,00000000,0,137373,130
7845,c009f8a1,3e6eb852,3e5652bd,3ed3f7cf,00000000,0,00000000,0,137665,130
7846,3fa80a7c,3e6c3c9f,4101f34d,3f6fdf3b,3f10e8e9,566,3f108000,564,136207,129
7847,3e8e3e6c,3f35b4a2,3f95b22d,3ded9168,3f52314c,821,3f522000,821,139415,132
7848,3f6126e9,3faed4fe,c1085cfb,3d75c28f,3f800000,1000,3f800000,1000,137665,131
7849,40137708,3fa90ebf,4090240b,3ebc6a7f,3f800000,1000,3f800000,1000,137082,130
7850,bf27fcb9,3f2130be,c10e594b,3e808312,3f800000,1000,3f800000,1000,138249,131
7851,be97396d,bead4fdf,40ad4120,3f55c28f,00000000,0,00000000,0,141749,135
7852,c0000000,3eacaa65,407f7cee,3f73f7cf,00000000,0,00000000,0,137666,130
7853,becd0679,3fa68c15,be71c433,3e09374c,3f800000,1000,3f800000,1000,137374,130
7854,bf8bd07d,3e1bc6a8,c0cfbc02,3f3be76d,3f5a487c,853,3f5a6000,853,138541,132
7855,3fb89f41,3f96e8a7,40ad460b,3f791687,3f800000,1000,3f800000,1000,137374,130
7856,3fc8d5a6,3fb8ce70,40865d64,3de147ae,3f800000,1000,3f800000,1000,136790,130
7857,401aab36,3f7fbe77,40def1aa,3f456042,3f800000,1000,3f800000,1000,137374,131
7858,bf6497b7,3f70978d,407096bc,3f1ef9db,00000000,0,00000000,0,137082,130
7859,403e3151,3fb3a512,c0a80419,3d8b4396,3f800000,1000,3f800000,1000,135916,129
7860,be9b7bf2,bf3bcc64,c08ff213,3e1cac08,3f31728b,693,3f31a000,694,135332,128
7861,bf358f71,becc2c3d,4114bee0,3f716873,00000000,0,00000000,0,136207,129
7862,40146834,3f64a162,c0ab9097,3edd2f1b,3f800000,1000,3f800000,1000,136499,129
7863,bfea9a80,bdbcf41f,40e51de7,3c449ba6,00000000,0,00000000,0,136499,129
7864,3e98b828,3e08ebee,4074dd2f,3f1cac08,00000000,0,00000000,0,136499,129
7865,becc1fc9,3ee32474,c0c3dbf5,3f266666,3f800000,1000,3f800000,1000,136499,129
7866,c00fd806,bf1bd07d,410c6cf4,3f26e979,00000000,0,00000000,0,136207,129
7867,bf850721,3f2a91d1,c10cc91d,3f3a9fbe,3f800000,1000,3f800000,1000,135624,129
7868,405df5ae,3fb9d70a,40ce57a8,3d0f5c29,3f800000,1000,3f800000,1000,137082,130
7869,c005460b,bf0eb368,c048624e,3ec624dd,00000000,0,00000000,0,137665,130
7870,bf715f46,3ee0e704,c0adced9,3ea147ae,3f73fcce,953,3f740000,953,137082,129
7871,3f098f1d,3f739c0f,c0404189,3ec28f5c,3f800000,1000,3f800000,1000,136207,129
7872,3f289b52,beaa5fd9,4105161e,3edf3b64,00000000,0,00000000,0,137082,130
7873,3dccec42,3f03ae14,c11659b4,3ddf3b64,3f800000,1000,3f800000,1000,136208,129
7874,3fb170f8,3fc80d84,bf9fd220,3ee6e979,3f800000,1000,3f800000,1000,138249,131
7875,403feef6,3fab82aa,c0ee2196,3e93f7cf,3f800000,1000,3f800000,1000,166248,159
7876,3f12378b,3f1a9ba6,c001844d,3f170a3d,3f800000,1000,3f800000,1000,139707,132
7877,bf744524,bf2d39c1,405138ef,3edfbe77,00000000,0,00000000,0,138541,131
7878,4028beb6,3fafe7d5,408cb368,3ec49ba6,3f800000,1000,3f800000,1000,138832,132
7879,bf95edd0,bf247c85,40e67fcc,3f4ed917,00000000,0,00000000,0,136790,130
7880,3fa82364,3f6739c1,4114be0e,3f1f7cee,3f6df3ff,930,3f6dc000,929,136207,129
7881,3f8de743,3f8142c4,c108559b,3edeb852,3f800000,1000,3f800000,1000,137082,129
7882,be5a21ea,3f4e91d1,be84c2f8,3eec8b44,3f3b8ab4,733,3f3ba000,733,135916,129
7883,bf9c2f83,3c8c7e28,c057bcd3,3f743958,3e028e92,127,3e030000,128,138248,130
7884,3f6074a7,3f6f6944,c088a7f0,3f316873,3f800000,1000,3f800000,1000,137665,131
7885,c0118cd2,bf3ecccd,406ba787,3f5ced91,00000000,0,00000000,0,137083,130
7886,400735d2,3f7b3dd9,c074b924,3e5c28f6,3f800000,1000,3f800000,1000,137957,131
7887,c04910a1,bebbf972,40951f8a,3e8f5c29,00000000,0,00000000,0,136499,129
7888,bdc25aee,3f0df7cf,4104cb29,3f133333,00000000,0,00000000,0,137082,130
7889,bf8bde40,3f5de1b1,4064c49c,3f73f7cf,00000000,0,00000000,0,136790,129
7890,c04c74fb,bec02f83,c0d535a8,3dac0831,00000000,0,00000000,0,137082,130
7891,bf1ff823,3f574120,403a2824,3d1374bc,00000000,0,00000000,0,137373,131
7892,3f7c3761,3e0c9518,408dd07d,3dd70a3d,3f231b84,637,3f230000,637,136498,129
7893,bfadb185,3edba92a,c09a1ff3,3f7f3b64,3f31bca2,694,3f31c000,694,137665,130
7894,3f533db0,3f716113,c11ff766,3f760419,3f800000,1000,3f800000,1000,136499,129
7895,c01e32f4,bf2e1e4f,c0042de0,3e072b02,00000000,0,00000000,0,135916,129
7896,3dfb352b,3f74240b,c04df6fd,3f5d2f1b,3f800000,1000,3f800000,1000,136790,130
7897,be8a3593,3e0bcd36,403be5c9,3ed0e560,00000000,0,00000000,0,136498,129
7898,bf848e8a,3d091d15,c0acf838,3e960419,3f08da56,535,3f090000,535,137374,130
7899,3f8d5715,3f6c0ded,c06b0553,3f76c8b4,3f800000,1000,3f800000,1000,141457,135
7900,3ef9999a,3fba3d71,4118f06f,3f7f3b64,3eaf4cf1,342,3eaea000,341,135332,128
7901,400583f9,3f5e3d71,40750e56,3d8d4fdf,3f800000,1000,3f800000,1000,137082,130
7902,3f2af3a1,3da7d567,c00f6113,3f5eb852,3f800000,1000,3f800000,1000,136499,129
7903,40272b02,3f915c29,40ce51ec,3f73b646,3f800000,1000,3f800000,1000,137374,130
7904,3f70b780,3eb4ef35,be0f41f2,3e3c6a7f,3f800000,1000,3f800000,1000,136499,130
7905,3f983c4b,3f043bcd,40704189,3de147ae,3f800000,1000,3f800000,1000,137374,131
7906,3e1cc101,3fa98d50,c11a4c98,3f47ef9e,3f800000,1000,3f800000,1000,136791,130
7907,bed55476,3d213a93,c0ea8f5c,3f26e979,3f800000,1000,3f800000,1000,137665,131
7908,c01098b3,befeab36,409a985f,3f4d0e56,00000000,0,00000000,0,137665,130
7909,bf4f0308,be6669ad,c11edd98,3f22d0e5,3f800000,1000,3f800000,1000,136791,129
7910,4020cdc8,3fcf7382,4047e5c9,3e7ae148,3f800000,1000,3f800000,1000,136499,129
7911,3f6e6d9c,3f220419,411a2d0e,3e96872b,3dc31fc1,95,3dc20000,95,136499,130
7912,be61bb06,3e3d1eb8,410d240b,3e849ba6,00000000,0,00000000,0,137374,130
7913,beac447c,3e0a7efa,c0e1bf48,3cdd2f1b,3f800000,1000,3f800000,1000,135916,129
7914,3e9da7b1,be0b404f,c0c538ef,3d591687,3f800000,1000,3f800000,1000,137374,130
7915,3d82e87d,3e9d0481,407f559b,3f3fbe77,00000000,0,00000000,0,137374,130
7916,3f871c97,3fb84c98,bf3240b8,3ee9fbe7,3f800000,1000,3f800000,1000,136207,129
7917,bf6d4563,3e327bb3,c06fd567,3f68f5c3,3ef53d24,479,3ef56000,479,137665,131
7918,401a3c21,3f9e8e22,40df3333,3f5e76c9,3f800000,1000,3f800000,1000,136499,129
7919,beca6762,3f481bda,c0be95ea,3f16c8b4,3f800000,1000,3f800000,1000,136791,129
7920,3fa3851f,3f017b4a,404c9a02,3d9ba5e3,3f800000,1000,3f800000,1000,137374,130
7921,3fcba5e3,3f715dcc,c102cf42,3e9e353f,3f800000,1000,3f800000,1000,136499,129
7922,402b2f45,3faec986,40c96873,3f747ae1,3f800000,1000,3f800000,1000,138249,131
7923,becc8de3,bf0da36e,40f8d289,3f4624dd,00000000,0,00000000,0,141749,135
7924,402ef3a1,3f85e00d,c100d70a,3f6e978d,3f800000,1000,3f800000,1000,136207,128
7925,bfd740a3,bf0570a4,c0c9b4a2,3f066666,3ebb86f6,366,3ebbe000,367,137957,131
7926,40168145,3fa957a8,bfe15e9e,3dc49ba6,3f800000,1000,3f800000,1000,137665,131
7927,3ecbb98c,bdd6594b,40c778d5,3f1d2f1b,00000000,0,00000000,0,136207,129
7928,c0539724,bf075dcc,c0096d5d,3e8a3d71,00000000,0,00000000,0,138541,132
7929,3f8c1b33,3fc28794,be1a8588,3f683127,3f800000,1000,3f800000,1000,136498,130
7930,3f83a14d,3fae14e4,3f466666,3f29fbe7,3f800000,1000,3f800000,1000,137374,130
7931,3fa5c52e,3e2205bc,c0f42681,3e5c28f6,3f800000,1000,3f800000,1000,136791,129
7932,c0247a3a,bd1c779a,c0935254,3f5645a2,00000000,0,00000000,0,136790,129
7933,be67dfe3,3f842196,c10214e4,3d71a9fc,3f800000,1000,3f800000,1000,137957,131
7934,40681798,3fc466cf,3fb044d0,3dcac083,3f800000,1000,3f800000,1000,139416,132
7935,3e18bd66,3fa1b021,411091d1,3f47ef9e,00000000,0,00000000,0,137957,131
7936,bf6ed528,3f6be354,c0fb1c43,3f7ae148,3f800000,1000,3f800000,1000,138541,131
7937,bfab1b9b,bf0c57a8,407248e9,3edc28f6,00000000,0,00000000,0,136790,130
7938,3d586ec1,bcc27525,c0534880,3f0e5604,3f3d100b,739,3f3d2000,739,138248,131
7939,bebe646f,3ed561e5,4018bac7,3f50a3d7,00000000,0,00000000,0,137082,130
7940,3fbc75a3,3f10b9f5,404243fe,3d4ccccd,3f800000,1000,3f800000,1000,141749,133
7941,3fa03127,3d71f8a1,41137f63,3ebced91,3d9f110a,78,3d9ea000,77,138832,132
7942,4011b574,3f7bc6a8,c0b6154d,3e158106,3f800000,1000,3f800000,1000,136790,130
7943,401865e9,3fb440b8,c11485f0,3db645a2,3f800000,1000,3f800000,1000,137082,129
7944,c011efc8,bd87fcb9,4091573f,3f404189,00000000,0,00000000,0,138249,131
7945,3f85db77,3f547c85,c11c8c15,3eddb22d,3f800000,1000,3f800000,1000,136499,129
7946,401654b5,3fb47e28,40de3c9f,3eaf1aa0,3f800000,1000,3f800000,1000,137957,131
7947,bf5c28f6,3f6e809d,401d096c,3d3020c5,00000000,0,00000000,0,145832,139
7948,be6f544c,3fad4952,3ff4e704,3f74bc6a,3f5f6d97,873,3f5f4000,872,138832,131
7949,beb37f39,3ed7c505,c1080c4a,3efbe76d,3f800000,1000,3f800000,1000,136790,130
7950,3f6c5975,3f6ffe5d,3faa5e35,3f3374bc,3f800000,1000,3f800000,1000,137082,130
7951,3fc9057d,3fbfb2ff,c1199fbe,3cfdf3b6,3f800000,1000,3f800000,1000,137665,130
7952,bebb0dd8,bed753f8,40585d64,3c75c28f,00000000,0,00000000,0,137666,130
7953,4016d96a,3f8f1e4f,c0df0f28,3f024dd3,3f800000,1000,3f800000,1000,138249,131
7954,bf949e45,3e8b0be1,c113c3ca,3f6dd2f2,3f800000,1000,3f800000,1000,136499,129
7955,bf0e8a72,bb15182b,4089e00d,3dd2f1aa,00000000,0,00000000,0,135624,128
7956,4017c5ac,3fc7d773,410fe979,3f391687,3f800000,1000,3f800000,1000,137957,131
7957,c0059fd3,3dd54c98,bf9240b8,3e88b439,00000000,0,00000000,0,136207,129
7958,3f2266ba,be860c4a,407c3611,3f71a9fc,3e6b438d,230,3e6aa000,229,136790,130
7959,40103569,3f2eaf4f,c0b63afb,3f789375,3f800000,1000,3f800000,1000,136499,129
7960,402fe22e,3f9471de,c0f45879,3f5a1cac,3f800000,1000,3f800000,1000,136207,130
7961,bf027fa2,beaa1e4f,c09cee63,3f2c0831,3f370e0b,715,3f370000,715,137665,131
7962,c0147454,bda0e560,bf4d07c8,3ea353f8,00000000,0,00000000,0,136207,129
7963,4034a42b,3f8aded3,be974bc7,3d8b4396,3f800000,1000,3f800000,1000,135916,129
7964,40414025,3f944c98,c10d7247,3f25a1cb,3f800000,1000,3f800000,1000,138249,132
7965,3fef3b64,3f69ec57,4085afb8,3f747ae1,3f800000,1000,3f800000,1000,137082,130
7966,c00193b4,3d75c28f,40c87ae1,3f5eb852,00000000,0,00000000,0,137083,130
7967,3ee69d73,3f14dfa4,c0f2538f,00000000,3f800000,1000,3f800000,1000,136207,130
7968,3efcb685,be5b0f28,410d9a6b,3f1a5e35,00000000,0,00000000,0,137374,130
7969,bec732df,bed40347,c024902e,3f3cac08,3eb95898,362,3eb98000,362,136790,129
7970,401430d3,3f98bf48,40bd3eab,3ea9fbe7,3f800000,1000,3f800000,1000,136498,129
7971,bf7710cb,3f21a440,40ba8e8a,3eb95810,00000000,0,00000000,0,155165,148
7972,400153ce,3f7c7454,c0b42824,3edc28f6,3f800000,1000,3f800000,1000,138249,131
7973,3f82c3ca,3fa4be77,407973eb,3e6f9db2,3f800000,1000,3f800000,1000,137957,131
7974,bf08eb46,bec84b5e,c0d3bf48,3e439581,3f76774e,963,3f76a000,963,136790,129
7975,401d205c,3f4c4d01,40e8ea4b,3f722d0e,3f800000,1000,3f800000,1000,135916,128
7976,3d6d288d,3f4e9375,3de5fd8b,3efef9db,3f59e1ab,851,3f59e000,851,136499,129
7977,3f71c821,3f0b27bb,bf509d49,3ea3d70a,3f800000,1000,3f800000,1000,137374,130
7978,beeb94d9,bec23bcd,3fe42268,3df9db23,00000000,0,00000000,0,136499,129
7979,bf4f1562,bda6a162,40df58e2,3e8f5c29,00000000,0,00000000,0,137665,130
7980,bfd3d513,3e380d1b,bda12d77,3e8ed917,00000000,0,00000000,0,136207,129
7981,401b3722,3f688f5c,c0ecc3ca,3f781062,3f800000,1000,3f800000,1000,135915,129
7982,bf8f0846,3e214af5,41140be1,3e48b439,00000000,0,00000000,0,137082,129
7983,3ff694ee,3f763055,40d9db23,3df7ced9,3f800000,1000,3f800000,1000,137374,130
7984,be52c27a,3f4eb852,c004ef35,3e3126e9,3f800000,1000,3f800000,1000,137082,130
7985,3ef6e04c,3f9346dc,40456388,3f570a3d,3f800000,1000,3f800000,1000,137374,130
7986,bffba53c,bd44dd2f,4081930c,3e395810,00000000,0,00000000,0,137082,130
7987,bfdb5a86,3f0538ef,40eee632,3f595810,00000000,0,00000000,0,137957,131
7988,3f9e0ded,3f8f511a,40315b57,3f4f1aa0,3f800000,1000,3f800000,1000,135915,129
7989,3f1b7e91,3f79ae14,c0c4c155,3ee147ae,3f800000,1000,3f800000,1000,137374,130
7990,3f340e17,3f73b3d0,40fe6dc6,3e03126f,3ebed891,373,3ebea000,372,138249,131
7991,401e8b1a,3f6d9ce0,bf825aee,3f747ae1,3f800000,1000,3f800000,1000,139416,132
7992,c04b6c8b,bee5d495,407e1cac,3f451eb8,00000000,0,00000000,0,137374,130
7993,3fe59f2c,3fc3d3c3,c092fb7f,3ebe76c9,3f800000,1000,3f800000,1000,137082,130
7994,c00ff7cf,bf2c5048,405ae632,3f50a3d7,00000000,0,00000000,0,137374,130
7995,c021f362,bf147454,401cf909,3f15c28f,00000000,0,00000000,0,136207,128
7996,be9a8588,be0ae7d5,40f96944,3f41cac1,00000000,0,00000000,0,138249,131
7997,3ebc5586,3fcfe0df,407c0831,3f3ba5e3,3f800000,1000,3f800000,1000,135916,129
7998,3e140789,3f1f10cb,401ba440,3f4e978d,3ed1f8c0,410,3ed20000,410,138540,132
7999,bf80f27c,3f2585f0,408946dc,3f3e76c9,00000000,0,00000000,0,136790,130
8000,bfa0d25f,bca9ad43,408e240b,3d978d50,00000000,0,00000000,0,136207,129
8001,bec4dd2f,3f2d4d6a,c09ae219,3ea2d0e5,3f800000,1000,3f800000,1000,137082,130
8002,3f4883ba,3fc35e9e,3f38240b,3f2a3d71,3f800000,1000,3f800000,1000,138248,131
8003,3f463886,3f62c3ca,40581893,3eb645a2,3f800000,1000,3f800000,1000,137665,130
8004,3f0277c4,3e4e2824,3f1dbf48,3f266666,3f515be5,818,3f516000,818,135041,128
8005,c0076167,bec1e4f7,402d9168,3f170a3d,00000000,0,00000000,0,137957,131
8006,bf6460aa,bd46e979,3f97e5c9,3ec624dd,00000000,0,00000000,0,137374,130
8007,3f3f95d5,3efb6113,c0f30e56,3f7ef9db,3f800000,1000,3f800000,1000,138249,130
8008,3f07b5f2,3f8b17c2,c11fa4a9,3f056042,3f800000,1000,3f800000,1000,136208,129
8009,4022bb45,3fb458e2,c0881134,3f7a1cac,3f800000,1000,3f800000,1000,137082,130
8010,3f51244a,3f0bd07d,3f888659,3dba5e35,3f800000,1000,3f800000,1000,138832,132
8011,beccb535,bcb559b4,40e370a4,3e90624e,00000000,0,00000000,0,137374,130
8012,bfef9d0a,be51999a,411b0d84,3e0d4fdf,00000000,0,00000000,0,137373,130
8013,bf50ff97,3e74cccd,c0cd3c36,3f32b021,3f800000,1000,3f800000,1000,137957,130
8014,3feca383,3fbe4189,40c55810,3f19db23,3f800000,1000,3f800000,1000,139415,132
8015,3e892791,3f4bc77a,c0aa0d1b,3f1c6a7f,3f800000,1000,3f800000,1000,137374,130
8016,bf1a0664,3e2734d7,c0835810,3e418937,3f1fb3e5,624,3f1fe000,625,137374,130
8017,bf3e8a72,3f4c60aa,c0077660,3e54fdf4,3f44a5ad,768,3f44c000,769,137082,130
8018,bffee8d1,bf09013b,40a3c9ef,3f6353f8,00000000,0,00000000,0,136499,129
8019,4039a177,3fa44d01,40d92e49,3f553f7d,3f800000,1000,3f800000,1000,138249,130
8020,c048f909,bf35bb30,408721ff,3e8f5c29,00000000,0,00000000,0,138249,131
8021,3fe32d4d,3f103055,c0e99724,3f4872b0,3f800000,1000,3f800000,1000,135624,129
8022,3e4d9e84,3eb88e8a,40b645a2,3f041893,00000000,0,00000000,0,136499,130
8023,3eb1800a,be3ecf42,c0d4e3bd,3da1cac1,3f800000,1000,3f800000,1000,136207,129
8024,bf3ffac2,3df33333,3fdf27bb,3e90e560,00000000,0,00000000,0,136499,129
8025,bdd77d95,bea779a7,c10bdcc6,3d656042,3f800000,1000,3f800000,1000,136791,129
8026,401dfd8b,3f607c85,c0760419,3ea66666,3f800000,1000,3f800000,1000,141749,134
8027,be92f1aa,3e3b020c,40cd14e4,3f781062,00000000,0,00000000,0,137957,131
8028,bc267621,3e4bd07d,c0055e9e,3f2353f8,3f220963,633,3f222000,633,136791,129
8029,bfd39778,bf3da9fc,c1168e8a,3f7df3b6,3f7c86f0,986,3f7c8000,986,137666,130
8030,3d8f9097,3f5b5c29,40a9bcd3,3eca3d71,00000000,0,00000000,0,136207,129
8031,bf854802,3f349eed,3fba2d0e,3f4353f8,00000000,0,00000000,0,135624,128
8032,bf70cc79,be1a36e3,41000000,3f4b851f,00000000,0,00000000,0,135916,129
8033,bff8548b,3ddd21ff,bfdaa305,3eec8b44,00000000,0,00000000,0,135915,129
8034,3ec28a1e,be29a027,c0aa9e1b,3ddf3b64,3f800000,1000,3f800000,1000,137082,130
8035,c04a21ea,bf29295f,409220c5,00000000,00000000,0,00000000,0,135624,129
8036,bfcf3040,3e1e9ad4,bfee83e4,3f4d0e56,00000000,0,00000000,0,135915,129
8037,bfa42507,3f4a617c,bea24dd3,3d072b02,3e1a47eb,151,3e1a4000,151,136499,130
8038,bfaebd90,beb346dc,c0db46dc,3e5f3b64,3f17b80b,593,3f17c000,593,136499,129
8039,3ead03da,beaa0aa6,c01f7176,3e083127,3f6bc8a0,921,3f6be000,921,136207,129
8040,3ef1ee24,3fbf809d,c004bac7,3f19db23,3f800000,1000,3f800000,1000,136499,129
8041,3fd1613d,3f7123a3,3f9bc361,3f30a3d7,3f800000,1000,3f800000,1000,137666,130
8042,be427fa2,3f2bb646,c0e2240b,3f29ba5e,3f800000,1000,3f800000,1000,136207,129
8043,406a046c,3fc9e3bd,404da858,3f5f7cee,3f800000,1000,3f800000,1000,157206,149
8044,3eb0b0f2,beb9f3b6,bfca3055,3f1fbe77,3f50bb4d,815,3f50c000,815,138832,131
8045,c038533b,bf1ba36e,c0171f8a,3f65a1cb,00000000,0,00000000,0,142915,134
8046,bf45e743,3df81062,c0e2a305,3f47ae14,3f800000,1000,3f800000,1000,138540,132
8047,be636e2f,3e39e83e,3fd98937,3c54fdf4,00000000,0,00000000,0,137957,131
8048,bea555c5,3f2dc505,3f73dd98,3eed9168,3eb052ac,344,3eb04000,344,136207,129
8049,bfeaa6f4,bd440b78,c0d5b3d0,3d343958,3e9ea6c0,310,3e9f0000,311,137082,130
8050,be6147ae,bcb41f21,40bb54ca,3eba5e35,00000000,0,00000000,0,137082,130
8051,3fcb2aae,3ee4aa65,40298106,3efef9db,3f800000,1000,3f800000,1000,136499,129
8052,bff637df,3e8491d1,40beeb1c,3f591687,00000000,0,00000000,0,136790,130
8053,3f9c6e6e,3d3b645a,40803fe6,3f03126f,3f7acf62,980,3f7a8000,979,136791,130
8054,3e804428,3ef84189,c0ecb852,3eb43958,3f800000,1000,3f800000,1000,137082,130
8055,404a718b,3fab0553,410d0d1b,3ef4bc6a,3f800000,1000,3f800000,1000,137082,130
8056,bcf5ec81,3f928241,3e30f27c,3f0dd2f2,3f800000,1000,3f800000,1000,136498,129
8057,3f2b7176,3f85e979,407db22d,3e808312,3f800000,1000,3f800000,1000,137082,130
8058,3fe2a844,3f871c43,3dfd8adb,3f4978d5,3f800000,1000,3f800000,1000,138540,131
8059,3fd3c600,3fc4119d,c11b9097,3e8fdf3b,3f800000,1000,3f800000,1000,136207,129
8060,c00a0ded,bf02b852,40e1b2ff,3f1eb852,00000000,0,00000000,0,136207,130
8061,bf8ef49d,bec5930c,3ff381d8,3ef0a3d7,00000000,0,00000000,0,136790,130
8062,bf697247,3f69a9fc,3f92786c,3e85a1cb,3e52962b,206,3e522000,205,135916,129
8063,be25d8d8,be020f91,40c573eb,3ea9fbe7,00000000,0,00000000,0,136499,129
8064,bf908659,3d5aacda,41098adb,3e27ef9e,00000000,0,00000000,0,137374,130
8065,bffd4de8,3c44d014,41023261,3f5645a2,00000000,0,00000000,0,136499,129
8066,bf92aed1,be1016f0,beb71759,3e624dd3,00000000,0,00000000,0,141749,135
8067,3fe8fa59,3f89d773,411c6a16,3f3ced91,3f800000,1000,3f800000,1000,140874,134
8068,3f2a71de,3e90f5c3,c0bbd639,3e591687,3f800000,1000,3f800000,1000,137957,131
8069,bf2f290b,3f8b816f,405a8588,3f0b020c,3dc9b8a6,98,3dc94000,98,137082,130
8070,bf030015,3fa552bd,c0c4985f,3f6e5604,3f800000,1000,3f800000,1000,137666,130
8071,3f0024b3,be3a0903,c08a5e35,3f3b22d1,3f800000,1000,3f800000,1000,137082,130
8072,3f8eb9a1,3ea26e98,406ecd9f,3ec10625,3f800000,1000,3f800000,1000,135624,129
8073,3f98e369,3f9ac84b,c108367a,3e03126f,3f800000,1000,3f800000,1000,136790,130
8074,3fe178d5,3fa5c083,40b08db9,3e1cac08,3f800000,1000,3f800000,1000,136790,130
8075,bf435bd5,3e9aa305,bf148e8a,3efced91,3d834f82,64,3d832000,64,137957,131
8076,bf94aa11,bf290f28,40fc84b6,3f2f5c29,00000000,0,00000000,0,136790,130
8077,bf305e5f,bf1668dc,c0d46dc6,3e9ba5e3,3f669d96,901,3f66a000,901,137374,130
8078,3d73b646,3f753d08,409dcd36,3eb7ced9,3ddcbce8,108,3ddca000,108,137665,130
8079,be245a1d,3f3d94af,c11e6f69,3eec8b44,3f800000,1000,3f800000,1000,137082,130
8080,4004a71e,3f33cb92,c0dff141,3f476c8b,3f800000,1000,3f800000,1000,136790,130
8081,3e3e9100,3f2dbcd3,c077afb8,3e828f5c,3f800000,1000,3f800000,1000,136207,129
8082,3f627286,3eb3851f,40a746dc,3ecf5c29,3f15c663,585,3f15c000,585,137374,130
8083,3faa31a5,3f383bcd,bf53c361,3f2b020c,3f800000,1000,3f800000,1000,136207,129
8084,4028850a,3f9c2c3d,bf86e2eb,3f1a1cac,3f800000,1000,3f800000,1000,136790,129
8085,bff0a527,3e89a858,40b1559b,3f7cac08,00000000,0,00000000,0,135624,129
8086,4012de01,3fab58e2,40831aa0,3f008312,3f800000,1000,3f800000,1000,135332,128
8087,bf992642,bd96d5d0,bfc39c0f,3e90e560,00000000,0,00000000,0,136499,129
8088,3dd6f545,3f691eb8,41054a8c,3e624dd3,00000000,0,00000000,0,136207,129
8089,be98bd66,3f3961e5,4116ae7d,3ba3d70a,00000000,0,00000000,0,136499,129
8090,3f663886,3f9d6738,410e07c8,3f4147ae,3f460364,773,3f45e000,773,200082,192
8091,4016f0ae,3fae432d,be178d50,3f3a1cac,3f800000,1000,3f800000,1000,144957,137
8092,bfe8cfc0,bf160831,40fa4a8c,3ed374bc,00000000,0,00000000,0,137957,130
8093,3fc9335d,3fa5786c,40cf4c98,3f441893,3f800000,1000,3f800000,1000,137373,130
8094,40156bba,3f5e68dc,4111ff2e,3f63d70a,3f800000,1000,3f800000,1000,136207,129
8095,c03921ab,be6a57a8,40c358e2,3f52f1aa,00000000,0,00000000,0,136499,130
8096,bec255b0,3fa84467,3f388ce7,3f158106,3f71260a,942,3f712000,942,136790,129
8097,bf317ebb,3eb142c4,3f17381d,3de147ae,00000000,0,00000000,0,136207,129
8098,3f9e238e,3eeba787,c0ac6320,3f0e5604,3f800000,1000,3f800000,1000,137082,131
8099,bddbea0c,bf1fe83e,c0129e1b,3c23d70a,3ec2645e,380,3ec28000,380,136790,130
8100,3f7e3001,3db5a1cb,409eb6ae,3eb645a2,3f089039,533,3f088000,533,136207,130
8101,402996fb,3fb74189,c105374c,3ef43958,3f800000,1000,3f800000,1000,135624,129
8102,bf4bb1af,3e53645a,4119346e,3ec72b02,00000000,0,00000000,0,136207,129
8103,3f54e8fb,3e42161e,bfd70d84,3f2e978d,3f800000,1000,3f800000,1000,138249,131
8104,3e53165d,3f25ff2e,c05f5f70,3c343958,3f800000,1000,3f800000,1000,136207,129
8105,3f1a07b3,beadf6fd,401cf0d8,3f760419,3ee9ed37,457,3ee9a000,456,137666,130
8106,3e9a3444,3fac0ebf,c07868dc,3f3ced91,3f800000,1000,3f800000,1000,137957,131
8107,3f91800a,3faf5fd9,c1150c4a,3f7851ec,3f800000,1000,3f800000,1000,136207,129
8108,bfbbe187,3f260ded,4110c56d,3e3126e9,00000000,0,00000000,0,137957,131
8109,3fab85c6,3f9b3a2a,4115be0e,3f41cac1,3f800000,1000,3f800000,1000,135332,128
8110,bfe7d955,bf1b61e5,c0f91340,3f52f1aa,3f1908a4,598,3f192000,598,136790,129
8111,bd6e0f3d,3fcb346e,40085532,3db645a2,3f800000,1000,3f800000,1000,136791,129
8112,3ea47ed0,3f750d84,3f8ebee0,3e1cac08,3f800000,1000,3f800000,1000,136207,129
8113,3f8df45e,3edaca58,400cf41f,3e03126f,3f800000,1000,3f800000,1000,136790,129
8114,bf848beb,beb7df3b,c09c28f6,3ea76c8b,3ed3a14f,413,3ed3c000,414,142041,135
8115,3f9898b3,3d80ebee,c10ae9e2,3f48f5c3,3f800000,1000,3f800000,1000,137957,130
8116,3e16f545,3fce1206,409e346e,3f5f7cee,3f5ba458,858,3f5ba000,858,136499,129
8117,bf0c710d,be27a0f9,c0508ce7,3f4dd2f2,3ed3469a,413,3ed34000,413,137957,131
8118,bd155715,3f20680a,c08c9e1b,3e581062,3f800000,1000,3f800000,1000,136791,130
8119,bff9800a,bed62d0e,409213a9,3c03126f,00000000,0,00000000,0,137374,130
8120,3f7dbb5a,3e0f86c2,c096c155,3d872b02,3f800000,1000,3f800000,1000,137374,130
8121,3efc0ebf,3f67fd8b,410ee979,3f1b645a,00000000,0,00000000,0,134457,128
8122,3f8ac5c1,3e845bc0,40a43f14,3f48f5c3,3f511224,817,3f50e000,816,137666,131
8123,3fb5cb14,3e0ed289,bf3e9e1b,3f3f7cee,3f800000,1000,3f800000,1000,135916,129
8124,bfad3261,bec8a71e,c05a95ea,3efa5e35,3be95ff0,7,3bebe000,7,137665,130
8125,3fe45198,3eea29c7,bfd4a234,3ef3b646,3f800000,1000,3f800000,1000,136790,130
8126,beb86ec1,3f4e075f,c08fc01a,3f683127,3f800000,1000,3f800000,1000,136791,129
8127,c0093a3f,bed69100,40606738,3ebd70a4,00000000,0,00000000,0,136498,130
8128,bfca51c2,bf06c2f8,c0d1be77,3ee872b0,3ee8e8a7,455,3ee90000,455,136790,130
8129,3f600150,3f3c63f1,40c42196,3e428f5c,3f3c5025,736,3f3c2000,735,137374,130
8130,3f93ba34,3efe2824,c047b7e9,3e9374bc,3f800000,1000,3f800000,1000,138541,131
8131,c00ae43b,bf2e1cac,c0bae076,3cb43958,00000000,0,00000000,0,137665,130
8132,3f4e147b,3fc1ff2e,40dfa29c,3f0fdf3b,3f800000,1000,3f800000,1000,137957,130
8133,3f6d70a4,3f0d6a16,4079b08a,3d54fdf4,3f800000,1000,3f800000,1000,136207,129
8134,403406e2,3f94353f,c11aff97,3e6147ae,3f800000,1000,3f800000,1000,135332,128
8135,3f36dc5d,3cebb98c,407c5d64,3f3d2f1b,3ead5e79,339,3ead4000,338,135624,128
8136,bf9e48e9,3f458794,bdac710d,3f4353f8,3e401928,188,3e402000,188,136207,129
8137,bee1c2e3,3f5e8db9,3f57fcb9,3dbe76c9,3ee0f646,439,3ee0c000,439,136207,129
8138,3eb4acb0,bec703b0,bfdad42c,3eb43958,3f525918,822,3f526000,822,140874,134
8139,3f84341a,3e99c77a,c1008b44,3df9db23,3f800000,1000,3f800000,1000,139415,132
8140,3f5e464a,3f310a3d,c0afbe77,3ed6872b,3f800000,1000,3f800000,1000,137082,130
8141,4025bf9c,3f82c083,c0b88312,3ebf7cee,3f800000,1000,3f800000,1000,137373,129
8142,bf9febaf,3e832b02,c11cced9,3ed6872b,3f800000,1000,3f800000,1000,135332,128
8143,bf235bd5,becf7cee,40aed5d0,3ed16873,00000000,0,00000000,0,137082,129
8144,bf274539,beae872b,c0b45532,3f7d2f1b,3f4e7b81,807,3f4ea000,807,136207,129
8145,3ed97785,3fbb617c,400107c8,3ea9fbe7,3f800000,1000,3f800000,1000,137666,130
8146,403d2dcb,3fb21e4f,41115d64,3f6ccccd,3f800000,1000,3f800000,1000,137374,130
8147,3f7b87be,3fa8e2eb,c0bea7f0,3f2c0831,3f800000,1000,3f800000,1000,135916,128
8148,bead3ae7,3f6e594b,c10d793e,3f404189,3f800000,1000,3f800000,1000,137665,130
8149,c0393dd9,be53cd36,c09400d2,3ea4dd2f,00000000,0,00000000,0,136207,129
8150,40058cd2,3f5eb021,c037367a,3eb0a3d7,3f800000,1000,3f800000,1000,136207,129
8151,c060c543,bf15573f,bfbef007,3ccccccd,00000000,0,00000000,0,141165,133
8152,3ec10386,bee30be1,c11e1687,3efae148,3f800000,1000,3f800000,1000,138832,132
8153,4006c95c,3facdaba,bfcc8e8a,3eaf9db2,3f800000,1000,3f800000,1000,136207,129
8154,beb3abc9,bf1fb8bb,c10642c4,3edd2f1b,3f800000,1000,3f800000,1000,138249,131
8155,3ff559b4,3f137f63,405c84b6,3f0c49ba,3f800000,1000,3f800000,1000,136790,129
8156,3eba4e7b,befbd3c3,c09c0f91,3f4c0831,3f800000,1000,3f800000,1000,136791,130
8157,bf2c6bcf,3f182c3d,40c2d35b,3f143958,00000000,0,00000000,0,137665,130
8158,be2aae29,3f4cf41f,c088f694,3f4c0831,3f800000,1000,3f800000,1000,136790,130
8159,3fbbb83d,3f6cb0f2,3f1fec57,3ef851ec,3f800000,1000,3f800000,1000,136791,129
8160,3f541dd2,3d8f9724,c0850cb3,3ed3f7cf,3f800000,1000,3f800000,1000,135915,129
8161,401493c9,3f893261,c0465aee,3f3eb852,3f800000,1000,3f800000,1000,137666,130
8162,be23e187,3fa25461,c0ad8794,3f3c28f6,3f800000,1000,3f800000,1000,160707,153
8163,403bbbd8,3fa7ef9e,4050154d,3e5d2f1b,3f800000,1000,3f800000,1000,141166,134
8164,c01df45e,bf3ff7cf,40ed4a23,3f6bc6a8,00000000,0,00000000,0,139124,132
8165,3f350481,3fcda7f0,c008af4f,3f20c49c,3f800000,1000,3f800000,1000,135623,129
8166,3e136a40,beea786c,c045930c,3f68b439,3f5a8dc9,854,3f5aa000,854,136207,129
8167,beefe719,3f645604,407d652c,3ed47ae1,00000000,0,00000000,0,137374,130
8168,4001dd6e,3fb47e91,c0c49446,3e3126e9,3f800000,1000,3f800000,1000,137957,130
8169,3f84c4f0,bdb645a2,c1047a10,3e47ae14,3f800000,1000,3f800000,1000,137374,130
8170,be6a4010,bdc3a29c,c0a7ff2e,3e2f1aa0,3f5e21b7,868,3f5e4000,868,136790,129
8171,bfd88af0,bd83b646,c0e6425b,3eca3d71,3f024336,509,3f026000,509,137958,131
8172,4058816f,3fbd4745,411cc505,3e072b02,3f800000,1000,3f800000,1000,136790,130
8173,bf84dd2f,bd4b9f56,c05a3055,3ebef9db,3e1b9a5f,152,3e1be000,152,136207,129
8174,40379f02,3f97c9ef,be8cd9e8,3c23d70a,3f800000,1000,3f800000,1000,137082,129
8175,3fa42a45,3f88b7e9,c0448659,3f4b020c,3f800000,1000,3f800000,1000,135915,129
8176,3f174928,bdbfd220,3fe93a93,3e9ba5e3,3efb3919,491,3efb0000,490,143498,137
8177,3f8d4de8,3f84f55a,c0477319,3e1db22d,3f800000,1000,3f800000,1000,137957,130
8178,bf9bd513,be63367a,411d7319,3f039581,00000000,0,00000000,0,136790,130
8179,bcb75643,3d981d7e,401367a1,3f0872b0,00000000,0,00000000,0,136791,131
8180,4019f84d,3f87d35b,c0c18e22,3ea76c8b,3f800000,1000,3f800000,1000,137665,130
8181,3feecd4b,3f8f20c5,c091295f,3f051eb8,3f800000,1000,3f800000,1000,137665,130
8182,bf8a602d,be242c3d,c0a179a7,3e189375,3ece2a81,403,3ece6000,403,136498,129
8183,3f8c8f32,3f86d7dc,bf98f909,3e6978d5,3f800000,1000,3f800000,1000,135624,128
8184,bf01f0c3,be3ba29c,40e9ff2e,3f03126f,00000000,0,00000000,0,137082,130
8185,c056c1d3,befcd4fe,bf5c28f6,3f620c4a,00000000,0,00000000,0,137374,130
8186,bfedc140,bd4faace,c10fa3d7,3e810625,3f3b7fe2,732,3f3ba000,733,141457,135
8187,beb691a7,3f32b368,40ec2eb2,3e418937,00000000,0,00000000,0,137082,130
8188,3f7970f8,3f6ce632,be4cb296,3e408312,3f800000,1000,3f800000,1000,137082,130
8189,3f5d57bc,3e771de7,40efd220,3f50624e,3dbfb4ab,94,3dbe2000,93,135915,129
8190,3f0ebee0,3f6f9db2,be6bedfa,3e3e76c9,3f800000,1000,3f800000,1000,137082,130
8191,be2f6944,3f1ba440,be94fdf4,3f2e978d,3f1a23b8,602,3f1a2000,602,136207,129
8192,3e87fa1a,3fa8edfa,c041182b,3f204189,3f800000,1000,3f800000,1000,135624,128
8193,bf4555c5,3f8e59b4,c00243fe,3ee24dd3,3f800000,1000,3f800000,1000,137957,131
8194,bfa1e258,bf2c8241,c119381d,3d8f5c29,3f800000,1000,3f800000,1000,136208,129
8195,bf1d273d,3f88ea4b,40ab79a7,3d0b4396,00000000,0,00000000,0,136207,130
8196,3b77b9e0,bda3f141,402695ea,3e116873,00000000,0,00000000,0,135915,129
8197,3fd85879,3f82dc5d,40f2b368,3f0fdf3b,3f800000,1000,3f800000,1000,136499,130
8198,3e7588e3,3e4154ca,bf1d8adb,3f333333,3f2eb229,682,3f2ea000,682,136790,129
8199,3eeea9e7,bed487fd,40c1212d,3eed0e56,00000000,0,00000000,0,136498,129
8200,bd7822bc,3f588e8a,c05b8ef3,3f008312,3f800000,1000,3f800000,1000,136207,130
8201,3f1e8922,3f9d0aa6,40e75dcc,3f6f5c29,3f38a8dc,721,3f386000,720,136207,129
8202,bea3d46b,3f8a9ad4,410371de,3f404189,00000000,0,00000000,0,137082,130
8203,3d55e4a4,3f2d7dbf,c0cd93de,3f1c6a7f,3f800000,1000,3f800000,1000,137082,129
8204,becce465,3ba6b50b,c0e1837b,3cbc6a7f,3f800000,1000,3f800000,1000,135623,129
8205,3f509e99,3f93adac,bec51eb8,3de56042,3f800000,1000,3f800000,1000,136499,129
8206,3f1617c2,3ca02752,c071fd8b,3e656042,3f800000,1000,3f800000,1000,138249,130
8207,3fbfe671,3f013dd9,bf9c985f,3f03d70a,3f800000,1000,3f800000,1000,136207,129
8208,c0143516,3d4154ca,c0017247,3f61cac1,00000000,0,00000000,0,137082,129
8209,402f7cee,3fbdf213,c0cede01,3e86a7f0,3f800000,1000,3f800000,1000,135915,129
8210,bf6cf41f,3f48e3bd,40b0ae7d,3f63d70a,00000000,0,00000000,0,141165,134
8211,3fa08b97,3fbd5326,40b488ce,3d48b439,3f800000,1000,3f800000,1000,137665,131
8212,400e35e7,3fc8db8c,411aff97,3e9fbe77,3f800000,1000,3f800000,1000,138248,131
8213,c00c4524,bcd73eab,40b39168,3f1d2f1b,00000000,0,00000000,0,136790,130
8214,bf91389b,be115183,c0cb5254,3efa5e35,3f25334d,645,3f256000,646,136791,130
8215,3d9cd5fa,3faea4a9,c048710d,3f400000,3f800000,1000,3f800000,1000,136499,129
8216,4050b828,3fc9f488,c081f141,3f0872b0,3f800000,1000,3f800000,1000,136207,129
8217,bfd0624e,be3d38ef,3fcfc1be,3f64dd2f,00000000,0,00000000,0,137082,130
8218,3fd9afe2,3f5657a8,c044a71e,3ed70a3d,3f800000,1000,3f800000,1000,135915,129
8219,3fbd0e56,3f681e4f,40c09a02,3efd70a4,3f800000,1000,3f800000,1000,136790,130
8220,3fdaaae3,3f8f61e5,c0f350b1,3f1ced91,3f800000,1000,3f800000,1000,135916,129
8221,bfcda1cb,3ee2e48f,3fff8d50,3c83126f,00000000,0,00000000,0,137082,130
8222,4042b94e,3fadb7e9,410804ea,3f70e560,3f800000,1000,3f800000,1000,137082,130
8223,be92f987,3e3f837b,404089a0,3ea9fbe7,00000000,0,00000000,0,136790,130
8224,bfe9e59f,bf3cdfa4,40be1134,3ddf3b64,00000000,0,00000000,0,136791,130
8225,bfb5a1cb,3f1d5f70,c07cb924,3f11eb85,3f21ad1c,632,3f21c000,632,135915,128
8226,bf52e48f,3f388241,c0ee40b8,3e6c8b44,3f800000,1000,3f800000,1000,136499,129
8227,3fd52157,3fa6ca58,4093573f,3f2e5604,3f800000,1000,3f800000,1000,137665,130
8228,400acf42,3f27182b,c0b55dcc,3f7020c5,3f800000,1000,3f800000,1000,135916,129
8229,bf40a7c6,beb58e22,3fd52546,3d916873,00000000,0,00000000,0,137082,130
8230,3f22f05a,3f5e89a0,bfb6c8b4,3e6147ae,3f800000,1000,3f800000,1000,135624,129
8231,bf660aa6,3d1e00d2,40e0147b,3ecac083,00000000,0,00000000,0,136207,129
8232,c01e7382,be87295f,40fec083,3f69374c,00000000,0,00000000,0,136791,129
8233,c00d29dc,bd2d013b,c0f229c7,3e5f3b64,3e9a2d73,301,3e9a6000,302,137957,131
8234,c0189e99,bebd2a30,40da4745,3ed0624e,00000000,0,00000000,0,155749,149
8235,3fec8217,3ef921ff,bfcc816f,3e591687,3f800000,1000,3f800000,1000,140582,133
8236,bfb8255b,3f05f62b,4117fd8b,3f10624e,00000000,0,00000000,0,139124,132
8237,3e800d1b,3f87a29c,c02b0069,3e418937,3f800000,1000,3f800000,1000,136790,129
8238,3f2046c7,3fba29c7,411b0b0f,3f6d0e56,3efb8234,491,3efb2000,490,136207,129
8239,bf514270,bf0a04ea,4082e48f,3f72b021,00000000,0,00000000,0,135624,128
8240,bedfeb07,3f2c1d7e,40cf82aa,3df7ced9,00000000,0,00000000,0,136207,129
8241,3f50d456,3dee075f,c03e0c4a,3f726e98,3f800000,1000,3f800000,1000,137665,131
8242,3fe568c7,3f8c1b71,bf93da51,3ebc6a7f,3f800000,1000,3f800000,1000,135623,129
8243,3f1b9a17,3fa03b64,c0ccdfa4,3f4e5604,3f800000,1000,3f800000,1000,135915,129
8244,3eae464a,bef78bac,40b21062,3d0f5c29,00000000,0,00000000,0,137082,130
8245,be28cbd1,be1d70a4,c0b2809d,3eaf9db2,3f79d840,976,3f79e000,976,135915,129
8246,bde7381d,3f919e84,c0be20c5,3f7db22d,3f800000,1000,3f800000,1000,135915,128
8247,3e46b26c,bf0938ef,3ebae148,3f391687,3e8ec5b0,279,3e8ec000,279,136499,129
8248,3fc1b478,3f3f1d15,40a2511a,3f743958,3f800000,1000,3f800000,1000,137666,130
8249,bf1c154d,be0fbe77,c0ed6388,3e90e560,3f800000,1000,3f800000,1000,135624,129
8250,3d4154ca,3f772b02,40d3ed29,3e810625,00000000,0,00000000,0,137666,130
8251,404008d9,3fcd46dc,405ede01,3e9374bc,3f800000,1000,3f800000,1000,137082,129
8252,3e550870,bef14120,c0a9d2f2,3e24dd2f,3f800000,1000,3f800000,1000,137374,130
8253,bfa87896,bea87fcc,40eb9a6b,3f6d4fdf,00000000,0,00000000,0,137374,130
8254,c02ada12,be6c9eed,c1013afb,3f6ccccd,3e6d1e92,232,3e6d8000,232,137374,129
8255,3f6d512f,3fa459b4,bfe7b15b,3ea8f5c3,3f800000,1000,3f800000,1000,137082,130
8256,bea0c1fd,bf320ebf,4027ac71,3f628f5c,00000000,0,00000000,0,142332,133
8257,be08f862,bf078d50,3fd19653,3ed4fdf4,00000000,0,00000000,0,143499,137
8258,bfc1bbae,bee0b780,4111ae14,3c343958,00000000,0,00000000,0,137374,131
8259,c009003f,3d1ec56d,40d90b0f,3f191687,00000000,0,00000000,0,139416,132
8260,3f9f583a,3f7378d5,408c4dd3,3ecb4396,3f800000,1000,3f800000,1000,137374,130
8261,3f130165,3f655cfb,4052b9f5,3e09374c,3f7e5c80,994,3f7e4000,993,138540,132
8262,40241893,3fcc6944,408f7a78,3f12f1aa,3f800000,1000,3f800000,1000,137957,131
8263,401ae5de,3fc006f7,bd5e00d2,3eb1a9fc,3f800000,1000,3f800000,1000,138248,131
8264,bda49e45,3f96e076,c0396042,3d1ba5e3,3f800000,1000,3f800000,1000,137082,130
8265,beb25edd,3f1c985f,c0be28f6,3dc28f5c,3f800000,1000,3f800000,1000,136207,129
8266,bfb24a8c,bf35e910,c0d6ded3,3f0dd2f2,3f166cb2,588,3f16a000,588,136498,129
8267,bf38e4b8,be2dc91d,40f5205c,3ece5604,00000000,0,00000000,0,136499,129
8268,c00c917d,3e68cb29,40d45fd9,3da9fbe7,00000000,0,00000000,0,136207,129
8269,3ee6b26c,3f0397f6,c0e2b0f2,3f14fdf4,3f800000,1000,3f800000,1000,135916,128
8270,3f3ca42b,3f73f213,c08deb85,3f7ae148,3f800000,1000,3f800000,1000,136207,129
8271,c00a9c78,bf020903,40891759,3f1a9fbe,00000000,0,00000000,0,136791,130
8272,bd1aaa3b,3e8688ce,3feab6ae,3f29ba5e,00000000,0,00000000,0,136790,130
8273,4013b9e0,3fc147ae,410ae76d,3f5f7cee,3f800000,1000,3f800000,1000,137082,130
8274,3e10b631,bf10ded3,c00367a1,3f0147ae,3f1fb0d5,624,3f1fc000,624,136208,129
8275,c02bd4bf,bead6f00,40d1844d,3e79db23,00000000,0,00000000,0,135624,128
8276,3fe537a0,3fbb7176,c0037803,3f16872b,3f800000,1000,3f800000,1000,136499,129
8277,404d7cc4,3fca779a,40a29446,3e9c28f6,3f800000,1000,3f800000,1000,136207,129
8278,40401798,3fa88ce7,c1061ff3,3e0d4fdf,3f800000,1000,3f800000,1000,135332,128
8279,c03043d4,bf2689a0,c10748e9,3e8f5c29,3e458370,193,3e45c000,193,136207,129
8280,be430d30,3ef9bc02,411338ef,3e322d0e,00000000,0,00000000,0,135624,129
8281,bf6aebc4,bf2b3c36,401f851f,3f3851ec,00000000,0,00000000,0,142623,135
8282,40079192,3fc8b7e9,4103e76d,3f6c8b44,3f800000,1000,3f800000,1000,140291,132
8283,3c1a0275,3f50ce70,40b2154d,3ec8b439,00000000,0,00000000,0,137665,130
8284,3fc070b9,3eced0e5,41078866,3f0b4396,3f5e1fb7,868,3f5e4000,868,136791,130
8285,3faa5ce6,3fb49d49,c018b296,3f05a1cb,3f800000,1000,3f800000,1000,136498,129
8286,be8284e0,3f6f4a23,c111ec57,3f43d70a,3f800000,1000,3f800000,1000,137957,131
8287,bfaf75b8,3f236c8b,c0554fdf,3edb22d1,3f0d487f,552,3f0d2000,551,136207,129
8288,bfd5d8d8,be8b0553,c1152752,3f3ba5e3,3f6f99a2,936,3f6fa000,936,136498,129
8289,bf9ceb9a,be4009d5,c07db717,3f2624dd,3e3df4c2,186,3e3e6000,186,137082,129
8290,bfd6f2a6,bed2617c,4032b50b,3f3a5e35,00000000,0,00000000,0,135332,129
8291,bf9fbd27,3d5a9fbe,c116703b,3e6978d5,3f800000,1000,3f800000,1000,139123,131
8292,bf8e8b1a,3ec49d49,c0aeb6ae,3f59db23,3f606d21,877,3f60a000,877,137082,130
8293,3fae0d45,3f88d773,40cf9e84,3efae148,3f800000,1000,3f800000,1000,135916,130
8294,bee86ad3,3d9ced91,c0ee872b,3ec624dd,3f800000,1000,3f800000,1000,137082,129
8295,40218e22,3f579097,c06e29c7,3ee5e354,3f800000,1000,3f800000,1000,136207,129
8296,3f5c9c4e,3f92dd2f,c0ddcac1,3e926e98,3f800000,1000,3f800000,1000,136498,129
8297,3fd58106,3f235a86,410000d2,3f5a9fbe,3f800000,1000,3f800000,1000,136207,128
8298,3e986445,3f9d1687,3f949ba6,3f639581,3f800000,1000,3f800000,1000,136791,130
8299,404806e2,3fad240b,c111c49c,3f204189,3f800000,1000,3f800000,1000,137082,130
8300,4016d1e1,3f6db4a2,40c4a8c1,3e958106,3f800000,1000,3f800000,1000,137082,129
8301,3f4ca42b,3f20dc5d,c0a092a3,3f2624dd,3f800000,1000,3f800000,1000,135916,128
8302,4002b7aa,3f674f0e,3dd8793e,3e808312,3f800000,1000,3f800000,1000,135915,128
8303,3ed97a25,be1e0aa6,c0f1d639,3f1df3b6,3f800000,1000,3f800000,1000,136499,129
8304,3de74d16,bf2840b8,bfbe2b6b,3e92f1aa,3eed0785,463,3eed0000,463,136207,129
8305,bf49042e,3f3d5a86,c0990069,3ea872b0,3f800000,1000,3f800000,1000,167124,160
8306,bed8f473,bee8e3bd,40b16c8b,3dc08312,00000000,0,00000000,0,139415,131
8307,bfc46bcf,bee631f9,bf0d21ff,3f4ed917,00000000,0,00000000,0,136499,130
8308,3ed4b48d,bd9d4952,404c710d,3d75c28f,00000000,0,00000000,0,135915,129
8309,3d15aaf8,3fc557a8,c10640b8,3ef4bc6a,3f800000,1000,3f800000,1000,136790,130
8310,3ff8e758,3f0aadac,40e5559b,3e3645a2,3f800000,1000,3f800000,1000,137082,130
8311,bff20ee9,3e4e978d,bff67a10,3f0e147b,00000000,0,00000000,0,136498,129
8312,40371ee2,3fbaadac,c10050b1,3e5c28f6,3f800000,1000,3f800000,1000,137082,130
8313,3ed66cf4,3edbb2ff,bff4faad,3efb645a,3f800000,1000,3f800000,1000,137374,130
8314,3fd3313c,3fc9096c,411ed35b,3f7d70a4,3f800000,1000,3f800000,1000,136207,129
8315,4044c155,3fa058e2,c1107454,3e7ef9db,3f800000,1000,3f800000,1000,136791,129
8316,bf468b1a,3f4e8e8a,c11e84b6,3e6d9168,3f800000,1000,3f800000,1000,135916,128
8317,bff0e8a7,bf0c8f5c,3fad6a16,3c9ba5e3,00000000,0,00000000,0,136207,129
8318,3ea84dfd,3ea2594b,c093d8ae,3f722d0e,3f800000,1000,3f800000,1000,136207,129
8319,3df81840,bd7a9fbe,c043ae14,3e0e5604,3f3de226,742,3f3de000,742,136790,129
8320,bf27b4a2,3f987a10,bf5075f7,3f2c8b44,3f7a80b8,979,3f7a8000,979,137082,130
8321,4004cf6c,3fbb8659,3f0f0d84,3f0e5604,3f800000,1000,3f800000,1000,135915,129
8322,bed1b9b6,bece147b,c06a9e1b,3f0e147b,3f07d242,531,3f07e000,531,135624,129
8323,3d044d01,bf3162b7,3febf7cf,3f46a7f0,00000000,0,00000000,0,136498,129
8324,be47dd44,3f324dd3,3f94d014,3f451eb8,3ed57ff9,417,3ed54000,417,136790,130
8325,3f2b2570,3f81617c,c0b200d2,3eb5c28f,3f800000,1000,3f800000,1000,136499,129
8326,3f3b2e9d,3f9a2c3d,40669e1b,3f066666,3f800000,1000,3f800000,1000,135624,129
8327,bfde0179,bf0342c4,41116113,3f55c28f,00000000,0,00000000,0,138540,131
8328,c0073ffb,3e990e56,c11a7176,3edeb852,3f800000,1000,3f800000,1000,137374,131
8329,beef49cf,be51e83e,c11d851f,3f47ef9e,3f800000,1000,3f800000,1000,142623,135
8330,3c2efb2b,bec2cf42,40f7edfa,3e51eb85,00000000,0,00000000,0,137665,131
8331,3fbd6b66,3f568659,c017a29c,3ea56042,3f800000,1000,3f800000,1000,136791,129
8332,bfd26762,be7b5dcc,408c7382,3f2978d5,00000000,0,00000000,0,137082,130
8333,3f12c669,be016873,c01cea4b,3f1b645a,3f800000,1000,3f800000,1000,136207,129
8334,400bd8ae,3fc269ad,401f0a3d,3ebbe76d,3f800000,1000,3f800000,1000,136207,129
8335,bfa1a21f,beba40b8,bca7ef9e,3df3b646,00000000,0,00000000,0,136207,129
8336,3face9a3,3f815dcc,3e38ef35,3eca3d71,3f800000,1000,3f800000,1000,135915,128
8337,bfd8d10f,be03295f,3fd9c433,3f1a9fbe,00000000,0,00000000,0,136207,129
8338,3f9c447c,3eb4d4fe,411c5f70,3ee7ef9e,3e5821d0,211,3e572000,210,136791,130
8339,beedc5d6,3fa09168,c064db8c,3f333333,3f800000,1000,3f800000,1000,135915,128
8340,3facdf26,3fba2474,c0c257a8,3e26e979,3f800000,1000,3f800000,1000,136207,129
8341,3f621ea3,3f12786c,c10396bc,3f570a3d,3f800000,1000,3f800000,1000,135915,128
8342,3ffab94e,3fa23405,40a9851f,3eb645a2,3f800000,1000,3f800000,1000,135915,129
8343,400aa3ad,3fa250b1,c10a1f21,3d75c28f,3f800000,1000,3f800000,1000,136791,130
8344,c045b61c,bf003a2a,40fcc63f,3ef43958,00000000,0,00000000,0,137374,130
8345,bf4e11dc,3f096042,411d6e2f,3e87ae14,00000000,0,00000000,0,137082,129
8346,3dad234f,bd1020c5,be46dc5d,3ec5a1cb,3e50574c,203,3e506000,203,136498,130
8347,3e919a41,3f8100d2,40afde6a,3f2ed917,3ec066fa,376,3ec02000,375,136791,129
8348,bfb17d6b,3ebef34d,40d83d71,3e333333,00000000,0,00000000,0,136499,129
8349,bd875f70,bed420c5,40e6068e,3e21cac1,00000000,0,00000000,0,136791,129
8350,3e520afa,3e9be426,40c88e8a,3f36872b,00000000,0,00000000,0,137665,131
8351,3f612d77,3f2cc227,c1191f8a,3e5d2f1b,3f800000,1000,3f800000,1000,135916,129
8352,3e89a805,be890481,40288312,3efa5e35,00000000,0,00000000,0,135624,128
8353,c0090b63,bf214f0e,c10e6113,3ed9999a,3f17f690,594,3f182000,594,140874,133
8354,bd7f1950,3f630553,c00896bc,3d449ba6,3f800000,1000,3f800000,1000,140290,133
8355,3f7a1b5c,3f2491d1,40948f5c,3e9a9fbe,3f800000,1000,3f800000,1000,137374,130
8356,3fdfd417,3fba9097,40c10a3d,3ef7ced9,3f800000,1000,3f800000,1000,136790,129
8357,bfe6223e,bf1bdbf5,c0882eb2,3f353f7d,00000000,0,00000000,0,136790,129
8358,be140789,3ec0d9e8,40f541f2,3f1d2f1b,00000000,0,00000000,0,136791,130
8359,3f883a54,3fc86dc6,c0999e84,3c8b4396,3f800000,1000,3f800000,1000,137082,130
8360,be33bb84,bf35a92a,c0ed0a3d,3f0147ae,3f800000,1000,3f800000,1000,137957,131
8361,3c8509c0,3e5cac08,c0655183,3e27ef9e,3f657bc8,896,3f658000,896,143499,135
8362,bf4fbd27,3f154539,3f972b02,3d71a9fc,00000000,0,00000000,0,139707,133
8363,3fa97b74,3f6e1cac,410427bb,3f32f1aa,3f800000,1000,3f800000,1000,137666,130
8364,4015aee6,3f831d7e,41090e56,3e10624e,3f800000,1000,3f800000,1000,136790,130
8365,bf21d53d,bf347fcc,bfcf1759,3e47ae14,3c6fe50e,15,3c70a000,15,136791,130
8366,bfb3e037,3ebde4f7,c0b3bf48,3e449ba6,3f2e72a3,681,3f2e8000,682,137374,130
8367,be0e7579,3f0d67a1,bca71de7,3f200000,3f03845a,514,3f038000,514,135332,128
8368,3fa8bf5d,3fa730be,c0830e56,3ec624dd,3f800000,1000,3f800000,1000,137374,130
8369,403e91a7,3f9e9446,c0a47e28,3ebae148,3f800000,1000,3f800000,1000,137083,130
8370,bfa5c3df,3f37a5e3,40fdd97f,3f418937,00000000,0,00000000,0,136790,129
8371,3df7af64,3ed98fc5,c0f22f83,3f7ba5e3,3f800000,1000,3f800000,1000,135915,129
8372,3fe826ab,3f3e680a,3f8b4d6a,3f1b645a,3f800000,1000,3f800000,1000,136207,129
8373,c00970f8,be5cb296,40a09fbe,3ebc6a7f,00000000,0,00000000,0,137665,131
8374,3ebc5586,3f995b57,40db53f8,3e1fbe77,3eb77b35,358,3eb72000,358,136207,129
8375,c018c250,bf254952,40904817,3f0c8b44,00000000,0,00000000,0,136499,129
8376,bfc0bd66,3e5d182b,40c0f41f,3eb851ec,00000000,0,00000000,0,137082,130
8377,bfb3f488,bf059b3d,c0cb4c98,3f360419,3f081e04,532,3f082000,532,169749,163
8378,bfba2292,3e964a8c,c09a32ca,3f6872b0,3f03e810,515,3f040000,516,141165,134
8379,bfa2b40f,3eb322d1,c0d7ad43,3f041893,3f76cfe2,964,3f76c000,964,138832,131
8380,3f4b40f6,3f58de01,c0a57f63,3eed9168,3f800000,1000,3f800000,1000,136207,129
8381,bfd340f6,3eb4902e,bfd98fc5,3e1eb852,00000000,0,00000000,0,137958,131
8382,3f6c3a00,3f858312,c0ce5e35,3f6e978d,3f800000,1000,3f800000,1000,137082,130
8383,3efffd61,be5c1bda,409979a7,3f0d9168,00000000,0,00000000,0,137957,131
8384,bfbc0443,3f314e3c,40959097,3f516873,00000000,0,00000000,0,135624,128
8385,3f505bc0,3f0af694,4063b7e9,3e9c28f6,3f74e74c,957,3f74e000,957,137665,130
8386,3f4e171a,3d97381d,c08f460b,3f439581,3f800000,1000,3f800000,1000,136790,130
8387,c03bf972,bed74d6a,c0c1837b,3ec8b439,00000000,0,00000000,0,136791,129
8388,bfc5e3fc,be0e353f,c1111bda,3f343958,3f732a4a,950,3f736000,951,136207,129
8389,c036d1e1,bebd42c4,bf7cd35b,3f683127,00000000,0,00000000,0,135915,129
8390,bffa8c15,bdad7dbf,40b25604,3f420c4a,00000000,0,00000000,0,136499,129
8391,4011d591,3fb01f21,40124745,3e051eb8,3f800000,1000,3f800000,1000,137374,130
8392,3e4b87be,3f93acda,c0b69446,3f65a1cb,3f800000,1000,3f800000,1000,135915,129
8393,bf7acaff,bf15ad43,c0cf7b4a,3d591687,3f33da94,703,3f340000,703,136207,129
8394,bf552d23,3f1a2268,4085b3d0,3f449ba6,00000000,0,00000000,0,139415,132
8395,bfeeb9a1,beb05048,c0f5de6a,3f50a3d7,3f0d4f5a,552,3f0d6000,552,137665,130
8396,c05dd0a6,bf13652c,4119f141,3e4ed917,00000000,0,00000000,0,137957,130
8397,3e1d3ed5,be041893,c044ea4b,3c343958,3f46490b,775,3f464000,774,136207,129
8398,3dcf7660,bc9ce076,c0a0e2eb,3f178d50,3f800000,1000,3f800000,1000,136207,129
8399,bf03e037,bf2a9a02,c0a9da51,3f62d0e5,3f4e73a4,806,3f4e8000,807,136790,129
8400,3f91cd60,3f40e632,40b30069,3f672b02,3f800000,1000,3f800000,1000,137665,131
8401,c02c68dc,be5ef007,c11695ea,3f66a7f0,3eea1b1a,457,3eeac000,458,142041,135
8402,c027dd44,bedfa5e3,bf80c155,3f0ed917,00000000,0,00000000,0,138540,131
8403,bf006e1a,bdc2f1aa,401b8034,3ef53f7d,00000000,0,00000000,0,135332,128
8404,beae5de1,be4a8c15,40ceb5dd,3dced917,00000000,0,00000000,0,136499,129
8405,c01fd75e,3cca8c15,c0af295f,3d27ef9e,00000000,0,00000000,0,137374,131
8406,bfa3cfd5,3ed41062,40e86738,3f160419,00000000,0,00000000,0,136207,129
8407,bf96fe72,3f4436e3,be813a93,3f08b439,3e60147f,219,3e602000,219,138249,131
8408,c023be23,bf1df06f,3f5cac08,3e87ae14,00000000,0,00000000,0,137665,131
8409,bff28976,bf0c0b78,c070af4f,3f3c28f6,00000000,0,00000000,0,137374,130
8410,400adff8,3fbdbac7,40860831,3f5ef9db,3f800000,1000,3f800000,1000,139124,132
8411,c0142edc,be3f5c29,c0ab81d8,3e439581,00000000,0,00000000,0,137957,131
8412,bec872b0,bf139a6b,c1155048,3e418937,3f800000,1000,3f800000,1000,136499,129
8413,3f0f73c1,3ed809d5,4052daba,3f400000,3f1c35bc,610,3f1c2000,610,136499,129
8414,be474a77,3e2f65fe,bff66320,3e6978d5,3ee46b41,446,3ee48000,446,135332,128
8415,3fec6349,3f88a858,401295ea,3f66e979,3f800000,1000,3f800000,1000,137957,130
8416,bf3b7026,3d39096c,40a6ea4b,3d75c28f,00000000,0,00000000,0,137665,130
8417,bf9758e2,bc051eb8,bf422681,3dd2f1aa,00000000,0,00000000,0,137374,130
8418,bef7c45d,3f338ef3,40d35810,3f23126f,00000000,0,00000000,0,137374,130
8419,40531077,3fb35e9e,40976fd2,3f3a1cac,3f800000,1000,3f800000,1000,137374,130
8420,bfbb15b5,bd205bc0,c0f8f27c,3f66a7f0,3f4795b4,780,3f47c000,780,136790,130
8421,3f11c971,3e88068e,c0e4f34d,3f0c8b44,3f800000,1000,3f800000,1000,137373,129
8422,3f08f473,3d06b50b,40ead1b7,3f76c8b4,00000000,0,00000000,0,135915,129
8423,3fc08659,3f1b2f1b,c0ecff97,3f6d0e56,3f800000,1000,3f800000,1000,135916,128
8424,c041e54b,bee491d1,bf649518,3c23d70a,00000000,0,00000000,0,137374,130
8425,be8b4635,bef1e4f7,40d0624e,3eb5c28f,00000000,0,00000000,0,142040,134
8426,3f890d5a,3f69205c,c11b51ec,3dfdf3b6,3f800000,1000,3f800000,1000,137373,130
8427,bf6460aa,be11f213,bf28793e,3f600000,00000000,0,00000000,0,136499,129
8428,3fa3a494,3fca7c1c,c0a7df3b,3e322d0e,3f800000,1000,3f800000,1000,137957,131
8429,bf87e868,3e8b3b64,c110f838,3f272b02,3f800000,1000,3f800000,1000,137665,131
8430,3f0c0ebf,3efd652c,c082233a,3f4fdf3b,3f800000,1000,3f800000,1000,136208,128
8431,3f4aceee,3d325461,c08f0625,3ed47ae1,3f800000,1000,3f800000,1000,136207,129
8432,bfd34d6a,3e11ce07,c0e31f8a,3dd2f1aa,3f1c5162,611,3f1c8000,611,135916,129
8433,bde77708,3e124dd3,c11ccb92,3f610625,3f800000,1000,3f800000,1000,136207,129
8434,bfc430d3,3f10ee63,3e838866,3f4bc6a8,00000000,0,00000000,0,136790,129
8435,3f74fb55,3cf020c5,3fb0240b,3ec9374c,3f800000,1000,3f800000,1000,135915,129
8436,be40e6b0,3ebfb7e9,c102d9e8,3f3ced91,3f800000,1000,3f800000,1000,136499,130
8437,be816f00,3dc404ea,410e652c,3f56872b,00000000,0,00000000,0,135916,129
8438,3feab0c9,3fb7e48f,c05df6fd,3f3fbe77,3f800000,1000,3f800000,1000,137957,131
8439,c00ddf65,3ad844d0,bf2ab9f5,3f449ba6,00000000,0,00000000,0,137082,129
8440,bf9bd31c,3dca7efa,c07cce70,3f17ced9,3e8a8e1d,271,3e8a8000,271,136790,130
8441,3f32ef0b,3e607c85,41017e91,3ec5a1cb,00000000,0,00000000,0,137083,130
8442,3f649518,3da6d5d0,c0a13261,3ee66666,3f800000,1000,3f800000,1000,135915,129
8443,3ee1bb06,beaac8b4,c0c7b574,3e1a9fbe,3f800000,1000,3f800000,1000,137082,130
8444,3e45c140,3e93851f,40dc95ea,3d79db23,00000000,0,00000000,0,135915,128
8445,40098d26,3f34b780,c073ac71,3e21cac1,3f800000,1000,3f800000,1000,137082,130
8446,bfcc9cf5,3e8dab9f,c0977cee,3db22d0e,3ea941ca,331,3ea96000,331,136207,129
8447,3f6d7f0f,3fbb089a,40a52f1b,3eca3d71,3f800000,1000,3f800000,1000,137957,131
8448,3c76be38,3f637247,40fd3d08,3f7fbe77,00000000,0,00000000,0,136499,129
8449,bf6f4f0e,bdab15b5,410a0f91,3ef9db23,00000000,0,00000000,0,141749,134
8450,c01f28b7,bf1d19ce,c11eafb8,3e645a1d,3f15870e,584,3f158000,584,138540,132
8451,be170f7c,bf2e7454,40d0b1c4,3f641893,00000000,0,00000000,0,137082,129
8452,bd189df1,3fbaae7d,c03994af,3eced917,3f800000,1000,3f800000,1000,136499,129
8453,3e86bf87,bdcb020c,40bb18fc,3f1ced91,00000000,0,00000000,0,137957,130
8454,3f88c9da,3f4f2ca5,c0c64745,3f374bc7,3f800000,1000,3f800000,1000,137958,131
8455,3ff639d6,3f4ffd8b,403d26e9,3e981062,3f800000,1000,3f800000,1000,137666,130
8456,bf9f1bef,bdd2fec5,c0f49ad4,3f5df3b6,3f5c6fe0,861,3f5c8000,861,137082,130
8457,3fb53f7d,3ec0d014,40f1ae14,3eb6c8b4,3f604025,876,3f602000,875,137373,130
8458,bf938c54,3f0028f6,c04b4880,3d851eb8,3ef1e333,472,3ef1e000,472,137373,130
8459,be8f80dc,bf0110cb,411b624e,3f33b646,00000000,0,00000000,0,137082,130
8460,bf8bcddd,bd704817,3ea76c8b,3f076c8b,00000000,0,00000000,0,136791,130
8461,400b227d,3fac0000,c0b186c2,3ef4bc6a,3f800000,1000,3f800000,1000,137373,130
8462,c028d456,bee5a027,3fed9b3d,3dc6a7f0,00000000,0,00000000,0,138248,131
8463,bf3d7f0f,bf2506f7,3f7f62b7,3f774bc7,00000000,0,00000000,0,136498,129
8464,bfe78ca8,3e48d845,c0f5c01a,3f210625,3f3cbe5e,737,3f3ce000,738,136498,130
8465,bfc12ad8,bedba92a,408582aa,3f1645a2,00000000,0,00000000,0,135624,128
8466,bf183e42,3e5762b7,be12f1aa,3f24dd2f,3b0f1dc0,2,3b0cc000,2,136791,130
8467,bcd79d0a,3f911b09,bf982a99,3e2b020c,3f800000,1000,3f800000,1000,141457,133
8468,be998740,beb0e219,bf85ab9f,3e676c8b,3da528af,81,3da52000,81,138249,131
8469,be18793e,3f46ef35,c0506c22,3eb53f7d,3f800000,1000,3f800000,1000,136499,130
8470,bd1a415f,becf3333,3f6c84b6,3f26e979,00000000,0,00000000,0,137666,131
8471,3fb077ee,3f6ca993,3dc5d639,3e1374bc,3f800000,1000,3f800000,1000,135916,129
8472,3e882e88,3f472fec,c107fb16,3eb9db23,3f800000,1000,3f800000,1000,136207,129
8473,400aee63,3fccf8a1,c117a787,3f126e98,3f800000,1000,3f800000,1000,172082,165
8474,be18adac,be9973eb,c08b8c7e,3f14fdf4,3f49e27a,789,3f49e000,789,137666,130
8475,bf9c15f4,3ec16873,c1101ff3,3f7b22d1,3f800000,1000,3f800000,1000,136499,129
8476,bcb65a9b,3f229eed,41108106,3f4a7efa,00000000,0,00000000,0,136207,129
8477,bfa67ff6,bd7182aa,3e388659,3f3d70a4,00000000,0,00000000,0,137665,130
8478,3fb611dc,3fa737b5,c09bc433,3e0a3d71,3f800000,1000,3f800000,1000,137957,131
8479,3f1b7803,3e1624dd,3f89f8a1,3e29fbe7,3f43977f,764,3f43a000,764,136207,129
8480,40002d8c,3fb8126f,40e8353f,3f26e979,3f800000,1000,3f800000,1000,136790,130
8481,3f3a3444,3d98db8c,bfc66666,3f3f3b64,3f800000,1000,3f800000,1000,136499,130
8482,be8f5c29,be8643fe,c00a6666,3f32b021,3ead97f6,339,3eada000,339,135624,129
8483,3f9a1038,3f4a978d,be9b573f,3f722d0e,3f800000,1000,3f800000,1000,137666,130
8484,be891d15,3faca6b5,3ff779a7,3f6ccccd,3f5833e4,845,3f582000,844,136499,129
8485,bec29739,bed6809d,40d3da51,3d9ba5e3,00000000,0,00000000,0,135915,128
8486,3f447454,bd4fdf3b,c0a0adac,3e851eb8,3f800000,1000,3f800000,1000,138832,132
8487,403ae632,3f967c1c,3f84d014,3f1df3b6,3f800000,1000,3f800000,1000,137082,130
8488,bf4fc505,3ecc8ce7,40db844d,3e7be76d,00000000,0,00000000,0,137666,130
8489,be67daa5,bf388c15,40e3aace,3ddd2f1b,00000000,0,00000000,0,137082,129
8490,3fa9d92b,3f1b2ca5,40cfa787,3e158106,3f800000,1000,3f800000,1000,136499,129
8491,40509df1,3fac74bc,40f186c2,3eb74bc7,3f800000,1000,3f800000,1000,139415,132
8492,400a2142,3f7f5a86,c0cec083,3f189375,3f800000,1000,3f800000,1000,137666,131
8493,bfd009d5,bf0d5810,c07bced9,3eee147b,00000000,0,00000000,0,137374,129
8494,bf04894c,bea804ea,c0cd4120,3f6f1aa0,3f800000,1000,3f800000,1000,135915,129
8495,3ffd0721,3faa95ea,40206f69,3edcac08,3f800000,1000,3f800000,1000,135624,128
8496,3fe4e704,3fc0b021,40f00d1b,3e851eb8,3f800000,1000,3f800000,1000,142041,134
8497,3ea05e5f,3ecc2752,c0c5df3b,3f31a9fc,3f800000,1000,3f800000,1000,138249,131
8498,c0183eea,be509a02,3f02a993,3d1ba5e3,00000000,0,00000000,0,136207,129
8499,be2631f9,3fa7c56d,411b1759,3e79db23,00000000,0,00000000,0,136499,129
8500,c0421816,bf0bd8ae,40872d77,3e8dd2f2,00000000,0,00000000,0,136207,129
8501,3f8d3c36,3f4e2824,3f9f2474,3f733333,3f800000,1000,3f800000,1000,136791,129
8502,c004d899,be8f5f70,c118d7dc,3ecc49ba,3f3dd4a7,742,3f3e0000,742,137082,130
8503,3fcd0d06,3ef26e98,411b4880,3ed4fdf4,3f52c7d8,823,3f528000,822,135624,129
8504,bf640e17,bedc37b5,c112147b,3f7a1cac,3f800000,1000,3f800000,1000,135624,129
8505,4000a234,3f863b64,409ac711,3f760419,3f800000,1000,3f800000,1000,137957,130
8506,c05ae0f4,bf1a617c,4061205c,3ee1cac1,00000000,0,00000000,0,136499,129
8507,be53fd0d,bdbded29,3fa62196,3f3db22d,00000000,0,00000000,0,137082,130
8508,3e98d25f,bd057a78,40890069,3db22d0e,00000000,0,00000000,0,137665,131
8509,3f7e4e27,3fac9581,40771aa0,3ef1a9fc,3f800000,1000,3f800000,1000,138249,131
8510,403b1077,3f8c872b,bfbda858,3e72b021,3f800000,1000,3f800000,1000,136499,129
8511,3ef63886,3f870481,40dbd2f2,3f3a9fbe,3edc9f3e,431,3edc2000,430,135915,129
8512,bf843761,3dde8a72,c0f5e00d,3f4d4fdf,3f800000,1000,3f800000,1000,136207,129
8513,becd1633,3e94e560,40933405,3f0c49ba,00000000,0,00000000,0,138541,132
8514,3dae48e9,3f2e6320,bfff3eab,3f1db22d,3f800000,1000,3f800000,1000,135623,129
8515,40502e88,3fc4d4fe,410612d7,3dc28f5c,3f800000,1000,3f800000,1000,135916,129
8516,405a16c6,3fc9bb99,41080275,3f6f1aa0,3f800000,1000,3f800000,1000,137374,130
8517,c005566d,3e5fd220,40714467,3f6b020c,00000000,0,00000000,0,136499,129
8518,c02e7f4e,be2288ce,c104aee6,3f57ced9,3e6f55de,234,3e6f0000,233,136208,129
8519,3e3ba882,3f606dc6,41116e2f,3f476c8b,00000000,0,00000000,0,136208,129
8520,be3f4dbe,beea5fd9,40fe346e,3f49fbe7,00000000,0,00000000,0,146415,140
8521,3fd6bb99,3f603c9f,3f8be76d,3f65a1cb,3f800000,1000,3f800000,1000,136499,129
8522,bfe21ff3,3db0d845,bfdeb852,3f6c49ba,00000000,0,00000000,0,136790,129
8523,3fc15ca7,3f881f21,c0d8c083,3d408312,3f800000,1000,3f800000,1000,134166,128
8524,c042f790,bedc8312,40aabac7,3dae147b,00000000,0,00000000,0,135040,128
8525,bfe4302b,3ea04b5e,bf84816f,3f178d50,00000000,0,00000000,0,136207,129
8526,3f09a805,3f6f8a09,3f90b0f2,3f726e98,3f800000,1000,3f800000,1000,137665,130
8527,3f39e83e,3eae1b09,c0db6c8b,3f10624e,3f800000,1000,3f800000,1000,135624,128
8528,bf511490,3d31d14e,bfd2b6ae,3ecbc6a8,00000000,0,00000000,0,137374,131
8529,3f398202,bd6a233a,c09f19ce,3dd91687,3f800000,1000,3f800000,1000,136208,129
8530,bfc4b146,3f1fde6a,409df488,3e1db22d,00000000,0,00000000,0,135332,128
8531,bd8b2e9d,3f654fdf,4063fb16,3ee4dd2f,3e48654e,196,3e47e000,195,136499,129
8532,c0500d6f,bf28b021,c0a58ef3,3f19db23,00000000,0,00000000,0,135332,128
8533,4038c693,3f8bde6a,c065119d,3e624dd3,3f800000,1000,3f800000,1000,136499,129
8534,c03c7358,bf0d089a,3f075254,3f7f7cee,00000000,0,00000000,0,136499,129
8535,3fa8a86d,3e0d9e84,c119793e,3f374bc7,3f800000,1000,3f800000,1000,137374,130
8536,c0421f9f,be96d773,404e9c78,3f558106,00000000,0,00000000,0,136499,129
8537,bf38216c,3f20c2f8,3fc1ff2e,3f570a3d,3d167c2a,37,3d15a000,37,137082,130
8538,bdb7d417,3e8bb4a2,40d77803,3f153f7d,00000000,0,00000000,0,136791,130
8539,402984f5,3f840a3d,40585bc0,3f600000,3f800000,1000,3f800000,1000,136790,130
8540,bfb51633,3dc4816f,c0b271de,3ed89375,3ee3dbe4,445,3ee42000,446,136791,130
8541,3f50902e,3f9c8588,c0852a30,3f73f7cf,3f800000,1000,3f800000,1000,135624,128
8542,3e680496,be89bda5,c09228f6,3e841893,3f800000,1000,3f800000,1000,138249,131
8543,be32d4d4,3f7dde6a,40992618,3e5c28f6,00000000,0,00000000,0,136499,130
8544,be1faebc,be0954ca,c0fab439,3db22d0e,3f800000,1000,3f800000,1000,170624,164
8545,bfac8755,3ea5652c,403e511a,3e374bc7,00000000,0,00000000,0,140290,132
8546,be891d15,3f89b296,40847fcc,3f69fbe7,3e4d2ff2,200,3e4d4000,200,138249,131
8547,c01b78ab,bef6daba,40f0eb1c,3ecdd2f2,00000000,0,00000000,0,137082,130
8548,c04c6152,bf3b78d5,c0dab9f5,3ec28f5c,00000000,0,00000000,0,135624,128
8549,bfd4f766,3ed597f6,3ef62b6b,3de978d5,00000000,0,00000000,0,135915,129
8550,bf15475a,3f32a8c1,c0c01134,3f72b021,3f800000,1000,3f800000,1000,137082,130
8551,3ef7689d,3fbc56d6,4115c28f,3f08f5c3,3eaeaaae,341,3eae6000,341,137374,130
8552,c002e0a0,3e65cc64,bf3ce076,3f27ef9e,00000000,0,00000000,0,141749,135
8553,bf7b9778,3e33404f,c11331f9,3f210625,3f800000,1000,3f800000,1000,134749,128
8554,bfa474fb,3e9dbda5,40809375,3f11a9fc,00000000,0,00000000,0,133291,126
8555,3fba5700,3fb5de01,c06d8c7e,3e591687,3f800000,1000,3f800000,1000,136207,129
8556,3d2dc098,bdb94af5,41055183,3db43958,00000000,0,00000000,0,136499,129
8557,3f4425af,3d10be0e,c103f06f,3ee978d5,3f800000,1000,3f800000,1000,136207,129
8558,3ffc3e96,3f862196,40aab296,3a83126f,3f800000,1000,3f800000,1000,137082,130
8559,bfa78ab1,3ee1d14e,408a3bcd,3f60c49c,00000000,0,00000000,0,135332,129
8560,403995ff,3f9bced9,41087fcc,3f2e978d,3f800000,1000,3f800000,1000,134166,128
8561,bf12c3ca,3ef028f6,c0aecd9f,3f5fbe77,3f800000,1000,3f800000,1000,131541,125
8562,404a5a9b,3fcf6a16,40d5fa44,3f6d9168,3f800000,1000,3f800000,1000,135624,128
8563,beb8769f,3e94a57a,3f4b573f,3f195810,3c94194e,18,3c92c000,18,134749,128
8564,3e8d3309,3f98db8c,3fda7efa,3e9374bc,3f800000,1000,3f800000,1000,135624,129
8565,3f4906cd,3e9e703b,40aec711,3e16872b,3eb3aba4,351,3eb38000,351,134457,127
8566,402648e9,3faf62b7,40d302de,3f6e978d,3f800000,1000,3f800000,1000,135623,128
8567,3e68b6d8,3fc54396,411df41f,3f0e978d,00000000,0,00000000,0,136499,129
8568,bfabf5d8,bf198e22,40443611,3eab851f,00000000,0,00000000,0,139999,133
8569,3fb20f91,3e6b7e91,3fef7319,3f60c49c,3f800000,1000,3f800000,1000,139124,131
8570,bede963e,3fa07319,c0d2809d,3f71a9fc,3f800000,1000,3f800000,1000,136790,129
8571,bf0cf56f,bf080c4a,41073bcd,3f160419,00000000,0,00000000,0,137373,130
8572,bcd33094,3f060419,3f9ea4a9,3f3f3b64,3ea8e475,330,3ea8c000,330,136207,129
8573,3fb9e83e,3f0b1687,bf337b4a,3f0a3d71,3f800000,1000,3f800000,1000,141457,134
8574,bfc3e22e,becfcb92,40d70481,3d810625,00000000,0,00000000,0,138249,130
8575,40024f22,3fca2b02,401fa0f9,3f424dd3,3f800000,1000,3f800000,1000,137082,129
8576,400adf50,3fbfed91,c083fa44,3f68f5c3,3f800000,1000,3f800000,1000,136499,130
8577,c01a6f3f,bb8c154d,c0a3bb30,3e9e353f,00000000,0,00000000,0,135624,128
8578,3dd42c3d,bdb18fc5,c0ceaf4f,3e158106,3f800000,1000,3f800000,1000,136498,129
8579,bf93a0a5,bdeef9db,c0fcbc6a,3d8d4fdf,3f5f32e0,872,3f5f6000,873,135623,128
8580,3ebe22e6,3f7c3055,40480000,3f3c6a7f,3f668527,900,3f668000,900,136207,129
8581,3ebc62a2,3f9c68dc,40ab6d5d,3f251eb8,3f32c3b9,698,3f32a000,698,135332,129
8582,3f851a22,3e214e3c,c02e45a2,3f14fdf4,3f800000,1000,3f800000,1000,137082,131
8583,be8e7ab7,bdd00000,41184396,3ecc49ba,00000000,0,00000000,0,137957,131
8584,bf9ffc11,3f4b5b57,411e30be,3ef95810,00000000,0,00000000,0,136790,129
8585,bf8f251c,bf1fc433,c0fbcc64,3f3c28f6,3f736179,951,3f736000,951,135916,129
8586,3dc4a622,3e059e84,c02bc1be,3ecdd2f2,3f49188b,786,3f492000,786,137082,130
8587,bfa93554,3ec264c3,40c8bee0,3f2d0e56,00000000,0,00000000,0,136207,129
8588,3fa09375,3fcb26e9,4100ebee,3f322d0e,3f800000,1000,3f800000,1000,137082,130
8589,bfe2aae3,be8c3958,41074467,3ed4fdf4,00000000,0,00000000,0,140582,133
8590,3f9b02b4,3db4bc6a,c072d0e5,3eb020c5,3f800000,1000,3f800000,1000,135915,128
8591,bf56e04c,3f400ebf,4111f3b6,3f3e76c9,00000000,0,00000000,0,136790,129
8592,bf51ea36,3f80068e,40e36113,3e8bc6a8,00000000,0,00000000,0,141749,135
8593,bf1c23b8,bf34b6ae,c0262eb2,3f672b02,3e8ba302,273,3e8ba000,273,138832,131
8594,3faac083,3fc9d6a1,4107ae14,3f69fbe7,3f800000,1000,3f800000,1000,136791,129
8595,bfb8d10f,bd1a1cac,40b0617c,3e116873,00000000,0,00000000,0,136207,129
8596,c021143c,be99e83e,c021182b,3edc28f6,00000000,0,00000000,0,135040,128
8597,bfe74491,bf10d773,4018d014,3db020c5,00000000,0,00000000,0,137082,130
8598,3f15158c,3f502752,40823f14,3d872b02,3f486705,783,3f486000,783,136499,130
8599,3fc1c62a,3fbe71de,409db8bb,3d9374bc,3f800000,1000,3f800000,1000,136498,129
8600,c005797d,bf30538f,bf0ba5e3,3f004189,00000000,0,00000000,0,136207,129
8601,be473ffb,bee84189,40e6ded3,3f3e353f,00000000,0,00000000,0,135332,128
8602,3f8d8f71,3fb2d495,c10481d8,3f32b021,3f800000,1000,3f800000,1000,136790,129
8603,3f43ffac,3e72d42c,c0990ff9,3f32b021,3f800000,1000,3f800000,1000,135915,129
8604,400daf3a,3f51aee6,3f8bb98c,3e189375,3f800000,1000,3f800000,1000,137082,130
8605,bfc158b8,3e93b7e9,410436e3,3f54fdf4,00000000,0,00000000,0,135915,128
8606,bf67d417,3f55652c,40f9c28f,3f28f5c3,00000000,0,00000000,0,136499,129
8607,bfa87d2c,bec084b6,400f9724,3efbe76d,00000000,0,00000000,0,137666,131
8608,bed9e59f,3f59930c,c0040b78,3d48b439,3f72ca14,948,3f72e000,949,137374,130
8609,4051f948,3fc10ff9,c1131a37,3f5851ec,3f800000,1000,3f800000,1000,137082,130
8610,401b78ab,3f4d8ef3,c0b506f7,3efa5e35,3f800000,1000,3f800000,1000,136207,129
8611,bf91782d,3f29212d,c03c4d01,3f6bc6a8,3f2b0579,668,3f2b0000,668,135915,128
8612,3e0710cb,3fc60ded,c0a83127,3f360419,3f800000,1000,3f800000,1000,136499,129
8613,becf73c1,3f9e49ba,40e012d7,3ef95810,00000000,0,00000000,0,136791,129
8614,bedaf640,3f3dcac1,4018e3bd,3f59999a,3e037cba,128,3e032000,128,135624,129
8615,3f5e939f,3cb6fd22,40cc7c85,3dfbe76d,3d04df5c,32,3d038000,32,136207,129
8616,be87ecff,beaa9c78,c0b62824,3f2ed917,3f7aedde,980,3f7b0000,980,173832,166
8617,3f276c8b,3f2d8d50,40ccc155,3f3db22d,3ece2e1c,403,3ecdc000,402,142915,135
8618,bdb42edc,3f49a5e3,3f5f5c29,3f18d4fe,3f166b8f,588,3f166000,587,138249,131
8619,3e246499,3f376fd2,4063ac71,3e85a1cb,3e84cb7b,259,3e84a000,259,137957,130
8620,3fe8efdd,3fcc6b51,c037d70a,3f5b645a,3f800000,1000,3f800000,1000,136791,129
8621,3fa43b4f,3eba7525,c0f7f3b6,3d8d4fdf,3f800000,1000,3f800000,1000,135624,128
8622,becf66a5,3f13f3b6,c0ad1f8a,3f570a3d,3f800000,1000,3f800000,1000,136790,130
8623,3fc24a8c,3f03cb92,408c3055,3edfbe77,3f800000,1000,3f800000,1000,137082,130
8624,3f5dc9c5,3decbfb1,41091206,3f4fdf3b,00000000,0,00000000,0,136790,130
8625,3e57342f,3f8783e4,c087381d,3f5cac08,3f800000,1000,3f800000,1000,136499,130
8626,bfbac519,bee55e9e,c0def0d8,3e92f1aa,3f12bb67,573,3f12e000,574,135332,129
8627,beb2378b,3e391687,bff45d64,3e8fdf3b,3ec2c040,380,3ec2c000,380,250539,240
8628,3f8dc098,3fc67dbf,c0dcd35b,3f79db23,3f800000,1000,3f800000,1000,170040,160
8629,bfe7f434,bf1ee076,409eed91,3f22d0e5,00000000,0,00000000,0,146416,138
8630,be25f84d,3e2a3d71,41062268,3ed16873,00000000,0,00000000,0,140290,133
8631,3f277d95,3fcce4f7,c00b0d84,3c656042,3f800000,1000,3f800000,1000,138832,131
8632,bc8c9321,3e25c28f,3fbbb2ff,3de56042,00000000,0,00000000,0,137082,130
8633,3fdc0c20,3f68c986,c0d1d97f,3eaf1aa0,3f800000,1000,3f800000,1000,137957,131
8634,c00a01cd,bf11e76d,bf89eb85,3f483127,00000000,0,00000000,0,137957,131
8635,401923f6,3fb71134,4081a0f9,3e8b4396,3f800000,1000,3f800000,1000,138540,131
8636,bfb139eb,3ed68241,c087a512,3f38d4fe,3f0a3c04,540,3f0a4000,540,137374,131
8637,402694ee,3fb7f4f1,c10aa162,3f4e5604,3f800000,1000,3f800000,1000,137665,130
8638,bf2e7c07,3f93b7e9,410b2bd4,3e1a9fbe,00000000,0,00000000,0,137082,129
8639,3f5ea9e7,3fbfb1c4,40c910cb,3f0c49ba,3f800000,1000,3f800000,1000,142624,136
8640,3f633db0,3f820000,40ed7732,3f06e979,3f4e12eb,805,3f4de000,804,139707,132
8641,bdaa9931,be065c92,c021c5d6,3f55c28f,3f044f5e,517,3f046000,517,138249,131
8642,3ee3f141,3e9727bb,c0aa32ca,3f60c49c,3f800000,1000,3f800000,1000,137082,130
8643,3f4debd9,be4271de,c029566d,3c8b4396,3f800000,1000,3f800000,1000,137665,130
8644,3f9cb685,3ec7f488,408c51ec,3c75c28f,3f800000,1000,3f800000,1000,136790,130
8645,403ffe5d,3fb84fdf,bf0fe5c9,3e73b646,3f800000,1000,3f800000,1000,136791,130
8646,bd7d8adb,3db3f7cf,409851ec,3ec10625,00000000,0,00000000,0,135915,129
8647,be3035bd,3f8b9097,40f4be0e,3f1a1cac,00000000,0,00000000,0,136207,129
8648,bfc71fde,be4559b4,c07491d1,3cc49ba6,00000000,0,00000000,0,136207,128
8649,be9721d5,3fb2eb1c,4117f2e5,3ea147ae,00000000,0,00000000,0,136791,130
8650,bec9fe87,3fa2c1be,40349a02,3f358106,3f07b370,530,3f07a000,530,136791,130
8651,3fcbd3c3,3eea8241,c0146c22,3ed26e98,3f800000,1000,3f800000,1000,136790,129
8652,bf54ea4b,bf0ee148,c101844d,3ed89375,3f800000,1000,3f800000,1000,136790,129
8653,3fe8956c,3f0d9f56,40ca9e1b,3ec9ba5e,3f800000,1000,3f800000,1000,137666,131
8654,bfc55087,3e6315b5,c082cd9f,3f3be76d,3e8417d4,258,3e83e000,258,137374,130
8655,3fac4524,3fa5374c,c0f4f007,3f35c28f,3f800000,1000,3f800000,1000,136499,129
8656,3fb02be9,3fc3b8bb,3ffe5604,3d9fbe77,3f800000,1000,3f800000,1000,135915,128
8657,3f875f70,3f3460aa,c0a94c98,3ed6872b,3f800000,1000,3f800000,1000,136791,129
8658,4052cd9f,3fb2db23,4107b50b,3f7c28f6,3f800000,1000,3f800000,1000,136498,130
8659,401aa4fd,3fb4e9e2,4029d7dc,3d9db22d,3f800000,1000,3f800000,1000,135624,128
8660,3f7a82e8,3fb79a6b,c11a9c78,3f46e979,3f800000,1000,3f800000,1000,137666,131
8661,3e1bda51,3f985461,c0eb999a,3f4624dd,3f800000,1000,3f800000,1000,138249,131
8662,bfff1562,bed92d77,4118acda,3d810625,00000000,0,00000000,0,137082,130
8663,3f700bcc,3f7e8b44,3fd38866,3f65a1cb,3f800000,1000,3f800000,1000,143499,136
8664,bfc11340,3e99d495,4065d7dc,3f4f1aa0,00000000,0,00000000,0,138248,131
8665,402dc5d6,3fc8d97f,c10f844d,3f76c8b4,3f800000,1000,3f800000,1000,136499,129
8666,4027b9e0,3fbc1062,410966cf,3ebd70a4,3f800000,1000,3f800000,1000,136207,128
8667,be44d014,3f89844d,411e9931,3f0353f8,00000000,0,00000000,0,137374,130
8668,400ef599,3fa23333,40e0ecc0,3e322d0e,3f800000,1000,3f800000,1000,137373,130
8669,bfe7f6d3,3e5f34d7,c104c6a8,3f522d0e,3f62ca2e,886,3f62c000,886,137665,130
8670,3f4bdba1,3f33a5e3,c11c1c43,3f48b439,3f800000,1000,3f800000,1000,136499,129
8671,c068a42b,bf3e6c22,c108e354,3ee147ae,00000000,0,00000000,0,136791,130
8672,3d6dbb5a,3eb09ba6,c0d3374c,3f3e353f,3f800000,1000,3f800000,1000,136207,130
8673,bfcedfa4,beb25e35,40ab7b4a,3e3e76c9,00000000,0,00000000,0,136499,130
8674,bf518d26,bec06595,c02e7a10,3ef95810,3e19bd44,150,3e1a0000,150,136207,129
8675,3eede00d,3e76c227,c038bfb1,3f10624e,3f800000,1000,3f800000,1000,135916,129
8676,c02e2cba,bf1b85f0,40954396,3eb851ec,00000000,0,00000000,0,136790,129
8677,bfb788b9,3ebd0e56,40bb3190,3e839581,00000000,0,00000000,0,135624,128
8678,bc06ad2e,3f48d9e8,c0b33d08,3ed1eb85,3f800000,1000,3f800000,1000,136790,130
8679,bf24ff43,be21ce07,c11e0d84,3e52f1aa,3f800000,1000,3f800000,1000,142332,133
8680,bdb94318,bf008e8a,c092f5c3,3e1a9fbe,3f510776,817,3f512000,817,138832,131
8681,405c486b,3fb6902e,402f4396,3e010625,3f800000,1000,3f800000,1000,135623,129
8682,3f033483,3f01ed29,40bc3958,3f69ba5e,3e33cd78,176,3e334000,175,136207,129
8683,bfab28b7,3bb9f55a,4066872b,3f72f1aa,00000000,0,00000000,0,136498,130
8684,bfacffeb,befc60aa,410c0f91,3eb020c5,00000000,0,00000000,0,137374,129
8685,40335159,3f9a5183,c11dda51,3ebc6a7f,3f800000,1000,3f800000,1000,136790,130
8686,402e6e44,3fb43f7d,c08ccd9f,3f645a1d,3f800000,1000,3f800000,1000,137373,129
8687,bfeee243,bd4bd3c3,3f2f0069,3ea0c49c,00000000,0,00000000,0,140291,133
8688,40108a48,3fa3e0df,3fed8adb,3dbe76c9,3f800000,1000,3f800000,1000,137374,130
8689,3fc38e4c,3efebd3c,3f705bc0,3f5ced91,3f800000,1000,3f800000,1000,137665,130
8690,4003089a,3fbe6042,c01d3f7d,3e3851ec,3f800000,1000,3f800000,1000,136499,129
8691,bfa1797d,bf302b6b,409fd220,3f3c28f6,00000000,0,00000000,0,136790,130
8692,400817ec,3f9d3333,c1105fd9,3f4872b0,3f800000,1000,3f800000,1000,137373,130
8693,bea95960,3f8c288d,41096320,3f5be76d,00000000,0,00000000,0,136207,129
8694,3df5d788,3fbf923a,c0c61f21,3e8ccccd,3f800000,1000,3f800000,1000,138249,131
8695,3fdfa249,3fadb8bb,40fa2de0,3e6d9168,3f800000,1000,3f800000,1000,137374,129
8696,bfb628cc,3ec491d1,4117bb99,3f408312,00000000,0,00000000,0,136207,128
8697,400b4eba,3fbdd14e,c0fbef9e,3d1374bc,3f800000,1000,3f800000,1000,137665,130
8698,c007b83d,bf2f53f8,bffe52bd,3ecc49ba,00000000,0,00000000,0,137374,130
8699,bbd10f52,bf0fc505,c044e3bd,3f5ced91,3f28281c,657,3f282000,657,136207,130
8700,bf9c25af,3eb7a29c,c054c155,3e5e353f,3eb4b1f5,353,3eb4c000,353,137082,130
8701,be8ebc41,bc7aacda,40587c85,3ef2b021,00000000,0,00000000,0,135332,128
8702,c03caea7,bf02872b,40fbb98c,3e3b645a,00000000,0,00000000,0,137374,130
8703,40635a86,3fc1d1b7,c11300d2,3e9a1cac,3f800000,1000,3f800000,1000,135916,129
8704,bfe53501,bf0153f8,c11a3190,3dc6a7f0,3f5e7948,869,3f5ec000,870,135623,129
8705,3fe126e9,3f1d67a1,3f991687,3f72f1aa,3f800000,1000,3f800000,1000,240331,230
8706,be074539,3cc56d5d,409ad014,3f224dd3,00000000,0,00000000,0,161290,153
8707,3f6bc947,be1c9518,c10b4dd3,3ec41893,3f800000,1000,3f800000,1000,143498,136
8708,3f9f1bef,3efe8db9,40d0e2eb,3f560419,3f7df53d,992,3f7de000,992,140582,133
8709,3f7b9a17,3fb8eb1c,4116c77a,3f05a1cb,3f742cb7,954,3f740000,953,139416,132
8710,3f403eea,3ece9e1b,c0fb35a8,3eddb22d,3f800000,1000,3f800000,1000,149332,141
8711,bf3d79d1,3eae88ce,3fbd2f1b,3f54bc6a,00000000,0,00000000,0,138249,131
8712,c001c487,bef1999a,3f887c85,3e666666,00000000,0,00000000,0,137665,130
8713,bef0c88a,3f057b4a,c0598fc5,3eec8b44,3f698777,912,3f698000,912,137374,131
8714,be18e219,beac538f,c0e75a86,3f066666,3f800000,1000,3f800000,1000,138540,131
8715,bfedc28f,be74a8c1,c1123a2a,3ea1cac1,3f44957f,768,3f44c000,769,137665,130
8716,3fbebe38,3f94ce70,c0a41a37,3dba5e35,3f800000,1000,3f800000,1000,138249,131
8717,3d062f5a,3f7dd07d,3fb6a4a9,3eb33333,3f3ba9f8,733,3f3ba000,733,137958,131
8718,bfa0ba1f,beccf0d8,406a4dd3,3f0f1aa0,00000000,0,00000000,0,137665,130
8719,bfac855e,3eb7367a,c105b3d0,3e1374bc,3f800000,1000,3f800000,1000,137665,131
8720,3f714cec,3cd70a3d,c102c361,3e839581,3f800000,1000,3f800000,1000,137082,130
8721,3f8e1134,3e861cac,409e1206,3ef5c28f,3f5b82ff,857,3f5b8000,857,137665,130
8722,bec2f05a,3f6c6595,4105a440,3e439581,00000000,0,00000000,0,136791,130
8723,403f4e12,3fa28ef3,4113c2f8,3f322d0e,3f800000,1000,3f800000,1000,137373,130
8724,bfc00dc3,3f003afb,c04cd4fe,3eee147b,3eafb699,343,3eb00000,344,137082,130
8725,3ce703b0,3d9538ef,3fb570a4,3ddb22d1,00000000,0,00000000,0,137374,130
8726,bdb2e9cd,3fa99581,c10cef35,3f2bc6a8,3f800000,1000,3f800000,1000,136790,129
8727,bfaacc4f,bf1232ca,bfb6ab36,3f4624dd,00000000,0,00000000,0,137082,130
8728,3fbbfbbd,3f915c92,bf733333,3f14bc6a,3f800000,1000,3f800000,1000,137082,130
8729,bf036f7e,3e8d5b57,3fe55326,3db22d0e,00000000,0,00000000,0,136498,129
8730,be26a012,3fa9d6a1,3f409d49,3d3020c5,3f800000,1000,3f800000,1000,135915,129
8731,bfae262d,bf117dbf,40aebe0e,3e1374bc,00000000,0,00000000,0,137957,131
8732,c0189d9d,be97aace,3f884817,3f0f9db2,00000000,0,00000000,0,137957,130
8733,bf4d2f1b,bf17b2ff,4084b1c4,3f3e76c9,00000000,0,00000000,0,141457,134
8734,3f3708ee,3d255326,c106c77a,3f55c28f,3f800000,1000,3f800000,1000,141166,133
8735,bf45cfab,3eebb15b,3f9be76d,3f624dd3,00000000,0,00000000,0,136790,130
8736,3ef48d3b,3fbfa57a,40ec4189,3f1c6a7f,3f38799c,721,3f384000,720,136790,130
8737,bfef2cf9,3e54e3bd,c0914120,3ce56042,3dbdd22a,93,3dbea000,93,135041,128
8738,3e818e75,3f0d9581,40b048e9,3de56042,00000000,0,00000000,0,137665,130
8739,3fac13fd,3fab59b4,3e8aa64c,3f0978d5,3f800000,1000,3f800000,1000,135915,128
8740,bf95dcc6,3f331340,c103e9e2,3f45a1cb,3f800000,1000,3f800000,1000,136499,130
8741,40021b5c,3f7616f0,41199581,3f2147ae,3f800000,1000,3f800000,1000,135915,128
8742,be117d6b,3fc4240b,4100573f,3f3126e9,00000000,0,00000000,0,136499,129
8743,bf89b7bf,bf1b6944,411624dd,3f1ba5e3,00000000,0,00000000,0,136791,130
8744,3fa00fbb,3efa425b,c04c3958,3f62d0e5,3f800000,1000,3f800000,1000,136499,129
8745,bf923e18,3f50f766,c0f3566d,3f7db22d,3f800000,1000,3f800000,1000,136498,129
8746,bf54dd2f,3dd94af5,c1060c4a,3dced917,3f800000,1000,3f800000,1000,135915,128
8747,bebf1173,3d7374bc,c0b2b368,3f37ced9,3f76c1e0,964,3f76e000,964,137374,130
8748,3fa965d4,3fcd182b,40d3eb85,3f7eb852,3f800000,1000,3f800000,1000,135332,128
8749,3ec5fd8b,3f52b924,c0b89a02,3f0e978d,3f800000,1000,3f800000,1000,135915,128
8750,bf5ae148,bee15b57,c08f4bc7,3f19db23,3eead2de,459,3eeae000,459,137374,130
8751,bfa6d5d0,bf1d3d08,40ef3405,3f73f7cf,00000000,0,00000000,0,136499,129
8752,40169004,3f3b8866,40cc872b,3f789375,3f800000,1000,3f800000,1000,137082,130
8753,bf90d6f5,bec0f5c3,c0d1d97f,3ea3d70a,3f2aa7e0,667,3f2ac000,667,136207,129
8754,3f92a066,3f80c986,40682de0,3f4fdf3b,3f800000,1000,3f800000,1000,137374,129
8755,bea91299,3f327525,409d50b1,3f48b439,00000000,0,00000000,0,136207,129
8756,402e963e,3f8831f9,4085645a,3e1cac08,3f800000,1000,3f800000,1000,135624,128
8757,3f1cb296,3fbd1d15,c0b5e4f7,3f610625,3f800000,1000,3f800000,1000,140873,130
8758,402159b4,3fb9779a,c0387e28,3f3c28f6,3f800000,1000,3f800000,1000,139707,132
8759,402546b2,3fca7660,40e01134,3d0b4396,3f800000,1000,3f800000,1000,135915,129
8760,3f812989,3f456c8b,c081bda5,3d9db22d,3f800000,1000,3f800000,1000,137374,130
8761,c0043761,3e8fb7e9,40d8240b,3f48f5c3,00000000,0,00000000,0,136499,129
8762,bfadb76b,bf31f141,c0bca3d7,3f1eb852,3eedd591,465,3eede000,465,136207,128
8763,402e9dc7,3fb1d773,40a20aa6,3e395810,3f800000,1000,3f800000,1000,136498,130
8764,be78ab0d,3f8e91d1,3ffd0481,3e978d50,3f13272d,575,3f134000,575,136499,129
8765,bf0410b6,bf19fa44,c0d2233a,3f1ba5e3,3f800000,1000,3f800000,1000,137082,130
8766,c005018e,bc15182b,400de9e2,3f7be76d,00000000,0,00000000,0,137082,130
8767,c00889a0,3cd07c85,c11abe77,3f3374bc,3f49844f,787,3f49c000,788,137082,130
8768,3f195d4f,bd4ab368,4101d1b7,3f2f1aa0,00000000,0,00000000,0,137957,131
8769,400563dc,3f105532,40818937,3ef33333,3f800000,1000,3f800000,1000,137666,130
8770,c00eed14,3b7df3b6,40ed82aa,3f5be76d,00000000,0,00000000,0,137374,130
8771,3fc56a16,3f0000d2,4102ae14,3e6a7efa,3f800000,1000,3f800000,1000,135332,128
8772,bf1a2489,be98f766,40083c9f,3f23d70a,00000000,0,00000000,0,136499,129
8773,c033a1a1,be7089a0,4084985f,3f0f1aa0,00000000,0,00000000,0,138249,131
8774,bfacf4c7,beff9c0f,4036e48f,3f5020c5,00000000,0,00000000,0,136498,129
8775,3f9b37ca,3f5cd6a1,40a81965,3e947ae1,3f800000,1000,3f800000,1000,136791,130
8776,3dd64303,3f4b645a,c104adac,3f0872b0,3f800000,1000,3f800000,1000,146999,139
8777,c031e258,be318937,c1090481,3f800000,3e8b1fef,272,3e8b4000,272,144373,136
8778,be9bb83d,3f31d639,c116d639,3edf3b64,3f800000,1000,3f800000,1000,136207,129
8779,401920b0,3faf3190,40739f56,3f189375,3f800000,1000,3f800000,1000,135915,129
8780,bf1f34d7,3e867525,40b92bd4,3f066666,00000000,0,00000000,0,136499,130
8781,be706f69,bf101b09,c03657a8,3f3a5e35,3ef9fa57,488,3efa2000,489,156915,149
8782,3fa0294a,3faf26e9,c02381d8,3e86a7f0,3f800000,1000,3f800000,1000,137957,131
8783,3fb99a41,3f8403b0,40a04b5e,3f5f3b64,3f800000,1000,3f800000,1000,138541,131
8784,c0573fa7,bf0fa5e3,c0ac2824,3f224dd3,00000000,0,00000000,0,141749,134
8785,400d83f9,3f69cac1,c044e704,3f68f5c3,3f800000,1000,3f800000,1000,137957,131
8786,3f131a4c,3f3a32ca,c107ef9e,3f7a5e35,3f800000,1000,3f800000,1000,137373,129
8787,bf261d00,3e9b573f,c0f2c56d,3ee1cac1,3f800000,1000,3f800000,1000,137665,131
8788,3f3c3372,3d38e219,3e9089a0,3f70624e,3f800000,1000,3f800000,1000,136791,130
8789,3f4dd053,3fc4cb92,3fa6cf42,3e19999a,3f800000,1000,3f800000,1000,137957,130
8790,c00795d5,beb84817,40e063f1,3dbe76c9,00000000,0,00000000,0,138541,131
8791,c01b3eab,be47837b,411efd8b,3f445a1d,00000000,0,00000000,0,136207,129
8792,bfd6c80c,3da46738,4113dfa4,3e85a1cb,00000000,0,00000000,0,137373,130
8793,3f33cc8e,3f981ff3,c0207fcc,3e353f7d,3f800000,1000,3f800000,1000,137957,130
8794,bf115b57,bf33404f,c1060347,3f6c49ba,3f800000,1000,3f800000,1000,136790,129
8795,3eb2f449,3f768ce7,c114f1aa,3ed4fdf4,3f800000,1000,3f800000,1000,136791,129
8796,bf73c9ef,bf28978d,3f98a71e,3f039581,00000000,0,00000000,0,136499,129
8797,3ec58a33,3f806595,c0b24dd3,3f29fbe7,3f800000,1000,3f800000,1000,137666,130
8798,c0124452,bee43611,c0991759,3f604189,00000000,0,00000000,0,135040,128
8799,bf92c669,bf2d096c,c0a0ca58,3f62d0e5,3ee12127,440,3ee14000,440,137082,130
8800,be492253,3e85f55a,c0f13190,3dc6a7f0,3f800000,1000,3f800000,1000,136790,130
8801,3fda6df0,3fc96320,bf64ea4b,3f50a3d7,3f800000,1000,3f800000,1000,137666,131
8802,c023e61d,be836113,c0d68db9,3d408312,00000000,0,00000000,0,136207,128
8803,3f2f7e3d,3d294467,c0947efa,3f672b02,3f800000,1000,3f800000,1000,135040,128
8804,3d77a4e8,3fc728f6,c0bfaace,3f451eb8,3f800000,1000,3f800000,1000,136499,130
8805,3fa130be,3fa35b57,3fd4a234,3e92f1aa,3f800000,1000,3f800000,1000,136207,129
8806,4009d2f2,3fc1bee0,40d55cfb,3e8f5c29,3f800000,1000,3f800000,1000,138540,131
8807,bfd55864,bf2fb4a2,c04fd8ae,3c23d70a,00000000,0,00000000,0,137666,130
8808,bf40f7ba,3f84978d,40b56fd2,3f72f1aa,00000000,0,00000000,0,137082,130
8809,c01a4357,bec2fd22,4119e148,3f46e979,00000000,0,00000000,0,136207,129
8810,bf83fbbd,3eb5930c,c0f5205c,3f589375,3f800000,1000,3f800000,1000,135916,129
8811,bfd5e15d,bf39d7dc,bf171de7,3ec9374c,00000000,0,00000000,0,136790,130
8812,3f805921,3fbb3405,c0bb5c29,3f21cac1,3f800000,1000,3f800000,1000,136499,130
8813,3f84317b,3df73190,c0d41b09,3da1cac1,3f800000,1000,3f800000,1000,135624,129
8814,bf61dd1a,3ef9c28f,c0bf5254,3f4ac083,3f800000,1000,3f800000,1000,135916,128
8815,bfa6fc7a,beae8f5c,c02ad289,3f4bc6a8,00000000,0,00000000,0,137082,130
8816,3e669ad4,3fc6af4f,c10ff34d,3e88b439,3f800000,1000,3f800000,1000,137083,130
8817,40269058,3fc1f6fd,c0537803,3e981062,3f800000,1000,3f800000,1000,135916,128
8818,4035244a,3fa91aa0,3def0069,3f5d2f1b,3f800000,1000,3f800000,1000,136499,129
8819,3fc2dcb1,3ed923a3,40d5edfa,3efb645a,3f800000,1000,3f800000,1000,136207,129
8820,c00f20da,bf2d97f6,3fc08312,3f07ef9e,00000000,0,00000000,0,136207,128
8821,bc5844d0,3f9da64c,40b217c2,3f051eb8,3e303b65,172,3e2f6000,171,135916,129
8822,400d883c,3f29645a,c06ca234,3e6c8b44,3f800000,1000,3f800000,1000,135915,129
8823,bfc81adf,3f1aacda,c09e9518,3ef7ced9,3f38f8c5,723,3f390000,723,137082,130
8824,bfacd4aa,beb166cf,c0d244d0,3f69fbe7,3f1e798a,619,3f1e8000,619,136207,129
8825,bf082e88,3ee5cac1,3f3c5048,3f4ac083,3dd683a0,105,3dd64000,105,136790,130
8826,bf2eea21,3dd594af,c07e3d71,3f01cac1,3f09b8fa,538,3f09c000,538,136790,129
8827,400b8184,3f5ced91,c101e076,3f2c0831,3f800000,1000,3f800000,1000,135916,128
8828,3e9bf488,3f72ac08,3efc91d1,3e26e979,3f800000,1000,3f800000,1000,137082,130
8829,3f77d417,3ec45a1d,c11aee63,3f26a7f0,3f800000,1000,3f800000,1000,140874,133
8830,3fa9628d,3f8f39c1,3f149ba6,3ec08312,3f800000,1000,3f800000,1000,140582,133
8831,c007e521,3d37a787,4034d35b,3f122d0e,00000000,0,00000000,0,137374,131
8832,beeee0f4,3f476873,4082b296,3efb645a,00000000,0,00000000,0,135041,128
8833,3d99c38b,3f0d9db2,3e8d013b,3ef43958,3f1d14f0,614,3f1d2000,614,137373,130
8834,3f1b26c0,3f707d56,c10bc91d,3f7ef9db,3f800000,1000,3f800000,1000,136207,129
8835,bfde4ecf,3eba76c9,40bf0553,3ec28f5c,00000000,0,00000000,0,135916,129
8836,40109763,3f8a92a3,c0acd1b7,3e810625,3f800000,1000,3f800000,1000,135332,129
8837,bfd89a02,bf15d495,3fcbac71,3e3126e9,00000000,0,00000000,0,138248,131
8838,3e4ece9a,3eeb34d7,3e972474,3f75c28f,3f3d25fb,739,3f3d2000,739,136207,129
8839,3f401b86,3f7c48e9,c107374c,3f29ba5e,3f800000,1000,3f800000,1000,136207,129
8840,3c3ac711,bee0a57a,40f89100,3f45a1cb,00000000,0,00000000,0,137665,130
8841,bf0bcbe6,3dad6388,40355810,3f7db22d,00000000,0,00000000,0,135915,128
8842,bff1c044,3ea3e76d,beb7e910,3f0147ae,00000000,0,00000000,0,135624,128
8843,400806e2,3fa6ab36,40ab1de7,3f6ed917,3f800000,1000,3f800000,1000,135915,129
8844,bec53650,bde4c2f8,c0d0ae7d,3f4978d5,3f800000,1000,3f800000,1000,136207,129
8845,bdf8b589,3fb4a6b5,c1080b0f,3f789375,3f800000,1000,3f800000,1000,136499,129
8846,3fa0beb6,3fcec155,40c30553,3f2bc6a8,3f800000,1000,3f800000,1000,136499,129
8847,c025628d,bf3bdcc6,40d61062,3dc49ba6,00000000,0,00000000,0,136207,129
8848,bf3efc7a,3f2bc01a,bf4e2eb2,3f26e979,3eec0335,461,3eec0000,461,136207,129
8849,beb95d4f,3f97ff2e,410a779a,3f456042,00000000,0,00000000,0,136498,129
8850,c01079e6,bf2979a7,40d87e28,3f4978d5,00000000,0,00000000,0,137374,130
8851,3ffd4b49,3fcbf7cf,c102566d,3e0c49ba,3f800000,1000,3f800000,1000,135915,128
8852,bf8678c0,3f45a027,4119d4fe,3f241893,00000000,0,00000000,0,136790,130
8853,3fabfd0d,3fc4f488,3f8fdbf5,3eb126e9,3f800000,1000,3f800000,1000,163624,156
8854,bfeacf96,bcc20c4a,3ed487fd,3ec9ba5e,00000000,0,00000000,0,142332,134
8855,3f0a4bdc,3f26e979,c0c86320,3ea353f8,3f800000,1000,3f800000,1000,138833,131
8856,bf2f1801,3e5b6113,403fc9ef,3f2c8b44,00000000,0,00000000,0,137374,131
8857,3fc43372,3e85b3d0,40dec3ca,3e978d50,3f800000,1000,3f800000,1000,136498,129
8858,3d6ab368,3f46ce70,c11f7bb3,3f30a3d7,3f800000,1000,3f800000,1000,136498,130
8859,3dddd6e0,3fc74dd3,41103d08,3ec83127,00000000,0,00000000,0,135040,128
8860,3fbe8d11,3f5194af,c112d14e,3f374bc7,3f800000,1000,3f800000,1000,136499,129
8861,3f6eb5b3,3f75b7e9,c09c1f21,3f49374c,3f800000,1000,3f800000,1000,136499,130
8862,bf9ad96a,3da60aa6,bf5837b5,3f3b22d1,00000000,0,00000000,0,135624,129
8863,4001a6b5,3faf2f1b,c077d07d,3e8a3d71,3f800000,1000,3f800000,1000,136207,129
8864,c02b3722,be18d845,c0220aa6,3f256042,00000000,0,00000000,0,136791,130
8865,3ebf01b8,be982de0,be96fd22,3f7d2f1b,3f282e87,657,3f282000,657,135624,129
8866,3f807c85,3e55c28f,40816ae8,3f60c49c,3f5f6566,873,3f5f6000,873,137082,130
8867,c022a8eb,bf123a2a,40b94f0e,3ef851ec,00000000,0,00000000,0,137665,131
8868,be8a161e,3e22b368,3e847454,3f4c49ba,3d7b6c7b,61,3d7b2000,61,135624,129
8869,bf45a07b,be20c49c,c06dd97f,3ede353f,3eb1565c,346,3eb18000,347,136791,130
8870,3ff8a9bd,3fa6793e,c0c8075f,3f5ba5e3,3f800000,1000,3f800000,1000,135624,128
8871,3eeb4635,3ec032ca,c101b9f5,3f800000,3f800000,1000,3f800000,1000,136499,129
8872,3e182fd7,bf18f0d8,3fd3da51,3f48b439,00000000,0,00000000,0,136499,129
8873,40135dcc,3f7b2e49,c0f34af5,3f6dd2f2,3f800000,1000,3f800000,1000,135915,128
8874,bf9c6fbd,bed582aa,40c0ecc0,3f7851ec,00000000,0,00000000,0,137083,130
8875,3fd44913,3f3ab924,3fff6fd2,3ed60419,3f800000,1000,3f800000,1000,134748,128
8876,3f2b48d4,be1068dc,c0a88ce7,3f333333,3f800000,1000,3f800000,1000,136207,129
8877,bed0fcf8,bea8bc6a,3e068db9,3f7fbe77,00000000,0,00000000,0,140874,134
8878,c00be7c0,3e16703b,406b15b5,3f06e979,00000000,0,00000000,0,139124,132
8879,3f80dcdb,3fbcca58,408ff213,3e92f1aa,3f800000,1000,3f800000,1000,136790,130
8880,bf92070c,be314467,c0ca1a37,3eda9fbe,3f210d17,629,3f214000,630,137082,129
8881,3ed0307f,be37e910,c0bc72b0,3f1e353f,3f800000,1000,3f800000,1000,136498,129
8882,4003d46b,3f43182b,bed44674,3f6c0831,3f800000,1000,3f800000,1000,136207,130
8883,be5c0ebf,bf3c6666,4104ba5e,3d79db23,00000000,0,00000000,0,136207,129
8884,3fea137f,3fcb703b,3f7a0903,3eb7ced9,3f800000,1000,3f800000,1000,136790,129
8885,3f2b7e91,3f907bb3,c10d5e35,3f1b645a,3f800000,1000,3f800000,1000,137082,130
8886,bfd027fa,bce1ff2e,3e468db9,3f53f7cf,00000000,0,00000000,0,136790,129
8887,405ebd3c,3fc910cb,4090a7f0,3ecf5c29,3f800000,1000,3f800000,1000,136790,129
8888,bfe98937,3e356388,c0746c22,3f716873,3d4857b8,49,3d490000,49,136790,130
8889,bfd1c6d2,3ec45a1d,c0212546,3f3d70a4,3d955d5c,73,3d95c000,73,136207,129
8890,bf6a8c15,3e340b78,c0693405,3e87ae14,3ece17f5,403,3ece4000,403,140290,133
8891,3f8189df,3f80b368,40c6b6ae,3f472b02,3f800000,1000,3f800000,1000,137958,131
8892,be3ae148,3f43d3c3,c11c7efa,3f61cac1,3f800000,1000,3f800000,1000,137083,130
8893,404ffa1a,3faafcb9,c0238866,3eda9fbe,3f800000,1000,3f800000,1000,137957,131
8894,40221c58,3f9a20c5,40cbbf48,3f4e147b,3f800000,1000,3f800000,1000,137082,129
8895,bf6db8bb,3dcf7cee,c0378bac,3ded9168,3e32e569,175,3e32e000,175,136207,128
8896,3ff35f1c,3ee2a4a9,3fd7d567,3f76872b,3f800000,1000,3f800000,1000,137374,131
8897,400c87fd,3f9c5aee,40fbe5c9,3f476c8b,3f800000,1000,3f800000,1000,137957,131
8898,bd015a08,3f948d50,c0b4a234,3f5e76c9,3f800000,1000,3f800000,1000,135332,129
8899,c0162196,3c408312,c0cf1687,3f28f5c3,3db55723,89,3db6a000,89,136790,130
8900,3fc20ba2,3f3a9446,bfe81062,3efe76c9,3f800000,1000,3f800000,1000,137665,130
8901,becb48d4,3f951759,be75c28f,3f4f1aa0,3f7e6ec2,994,3f7e8000,994,139416,133
8902,3f4b0f28,3fcdfcb9,40fbf55a,3d9fbe77,3f800000,1000,3f800000,1000,137666,130
8903,3f24c1a9,3fb5068e,c0ac624e,3e1cac08,3f800000,1000,3f800000,1000,137957,130
8904,3f48198f,3facbf48,3fe9374c,3ec51eb8,3f800000,1000,3f800000,1000,137374,130
8905,c00c0054,be9dd495,c0b98034,3e849ba6,00000000,0,00000000,0,135915,129
8906,bfe83127,bf1f652c,410cdbf5,3f4b851f,00000000,0,00000000,0,136791,130
8907,3ba71de7,3e88432d,c0d0bee0,3f6978d5,3f800000,1000,3f800000,1000,135915,129
8908,3fb1081c,3f4f930c,c1179e1b,3f3374bc,3f800000,1000,3f800000,1000,135624,128
8909,bead306a,3f0f7660,40fc154d,3f672b02,00000000,0,00000000,0,136790,129
8910,3fb60aa6,3f699db2,40f34396,3e666666,3f800000,1000,3f800000,1000,136498,129
8911,3f6eb852,3f265c92,4075e83e,3f004189,3f800000,1000,3f800000,1000,136499,129
8912,3e28826b,bea54af5,4062d5d0,3f4147ae,00000000,0,00000000,0,136207,129
8913,c0615571,bf15e5c9,410f6113,3f01cac1,00000000,0,00000000,0,135624,128
8914,c00cd25f,be6ca8c1,c0fbd70a,3f52f1aa,3ed670e1,419,3ed68000,419,136207,129
8915,400f8812,3f8c2d0e,40b19a6b,3f591687,3f800000,1000,3f800000,1000,135916,129
8916,bd993b3a,3f926e2f,c02837b5,3ecac083,3f800000,1000,3f800000,1000,135624,128
8917,3f856cb5,3f6a0903,411b57a8,3f666666,3f0a4f43,540,3f09e000,539,135040,128
8918,3e23bcd3,3f3ad42c,3e6b367a,3ecb4396,3f620f2c,883,3f622000,883,137082,130
8919,bf887bdd,3e2a8c15,bf98e8a7,3e828f5c,00000000,0,00000000,0,136207,129
8920,3d3b59de,3d881d7e,c0e38937,3f004189,3f800000,1000,3f800000,1000,135916,129
8921,3f72c908,3f23eb85,410314e4,3ced9168,3eb6fe10,357,3eb64000,356,135916,128
8922,c02583f9,beed7f63,c0c0f41f,3f0ccccd,00000000,0,00000000,0,135915,129
8923,c04e13d3,bee9c0ec,4075fbe7,3e8c49ba,00000000,0,00000000,0,137082,130
8924,3ea45cbc,3e646738,408696bc,3ebdf3b6,00000000,0,00000000,0,137082,130
8925,be43cf2d,3d48240b,40bc8588,3e3020c5,00000000,0,00000000,0,138540,133
8926,bf9a6613,bded0e56,c0f8d4fe,3f581062,3f66a550,901,3f66e000,902,137665,130
8927,bdc74539,3ddc0ebf,4101652c,3f5cac08,00000000,0,00000000,0,138249,131
8928,bf19ccb8,3f672d77,40b9ef9e,3eec0831,00000000,0,00000000,0,137665,130
8929,3f82934b,3df0902e,40c2d0e5,3ebf7cee,3ec96ff4,393,3ec94000,393,140582,134
8930,bfbdc28f,3e8ed42c,c0880419,3e91eb85,3ea59582,323,3ea5c000,324,137082,130
8931,bfe21c04,3e0ef34d,c0a0c2f8,3f3a5e35,3e753b4a,239,3e756000,240,136207,129
8932,c02a3dc5,be59c77a,bf2ba5e3,3f2e147b,00000000,0,00000000,0,137957,131
8933,bfa5306a,bec85048,40c1573f,3f039581,00000000,0,00000000,0,136790,130
8934,bfd95810,bf35eb85,bff3d07d,3e7df3b6,00000000,0,00000000,0,136790,129
8935,3f4ab368,3f796f00,40ec1f21,3e839581,3f1faf74,624,3f1f8000,623,135916,129
8936,bf0dae3e,3f96978d,40308659,3f189375,3ebb0292,365,3ebb2000,365,135915,129
8937,3f1110a1,3f4a710d,4119068e,3f63d70a,00000000,0,00000000,0,136498,129
8938,3fc9ffd6,3f807ae1,c0799168,3f6ac083,3f800000,1000,3f800000,1000,136499,129
8939,3f2ab756,3ec2b50b,40b2b5dd,3e71a9fc,3e7d78b1,248,3e7d0000,247,136499,129
8940,bf350721,be038ef3,c1033eab,3e85a1cb,3f800000,1000,3f800000,1000,136790,129
8941,bf2284e0,3ec0aa65,410c1e4f,3f04dd2f,00000000,0,00000000,0,136207,129
8942,bfd6b1c4,bf310e56,c0d62c3d,3f218937,3ee5f9e1,449,3ee5e000,449,136207,129
8943,3f31d92b,3f49c84b,40df0ff9,3e808312,3ece490c,403,3ece2000,403,137957,130
8944,3f4ffc11,3f60f27c,4050ea4b,3e8c49ba,3f800000,1000,3f800000,1000,136207,129
8945,bf9311c7,bd95e9e2,c0af73eb,3f39db23,3f0149c8,505,3f016000,505,135915,129
8946,c005b963,3d0adaba,3fd9758e,3f2b020c,00000000,0,00000000,0,135623,129
8947,3f6c169c,3e97fe5d,c0daf1aa,3f0ed917,3f800000,1000,3f800000,1000,137082,130
8948,4011fe87,3fb09fbe,40bfef9e,3f57ced9,3f800000,1000,3f800000,1000,136499,129
8949,c003f91e,bf005461,c0af35a8,3e4ed917,00000000,0,00000000,0,152832,145
8950,3f954563,3ca0ded3,3faef34d,3eb22d0e,3f800000,1000,3f800000,1000,138249,130
8951,3fcb7d41,3edf7660,40885048,3f1f3b64,3f800000,1000,3f800000,1000,136790,129
8952,bf9d90c1,3f2c0275,400c72b0,3ebced91,00000000,0,00000000,0,137374,130
8953,3f78adac,3f4a24dd,3ecf837b,3f558106,3f800000,1000,3f800000,1000,137082,130
8954,3f0085b2,3e21d14e,c0a7ce07,3ead0e56,3f800000,1000,3f800000,1000,137082,130
8955,bfd963dc,3da47454,c108b368,3ea56042,3f5032bb,813,3f508000,814,137082,130
8956,3f3f6944,3f918937,c0ade910,3e8ccccd,3f800000,1000,3f800000,1000,136208,129
8957,3fb24c83,3f04ded3,bfe2c083,3ec28f5c,3f800000,1000,3f800000,1000,137082,130
8958,3e9e15ca,3f738794,c01b7b4a,3f36872b,3f800000,1000,3f800000,1000,136791,130
8959,3ea14f8b,3f445aee,c10c1ff3,3c9ba5e3,3f800000,1000,3f800000,1000,135624,128
8960,bfad01e2,bef8ebee,408a95ea,3f0ac083,00000000,0,00000000,0,136207,129
8961,bd9df117,3f660ebf,c11c068e,3f52f1aa,3f800000,1000,3f800000,1000,135624,128
8962,400d8fc5,3fafa3d7,40b0db8c,3f6c0831,3f800000,1000,3f800000,1000,135916,129
8963,bfa83e42,3e8f81d8,c0b7cc64,3e0624dd,3f297a76,662,3f298000,662,136499,129
8964,bd7bfc65,bf38b9f5,40aef27c,3d656042,00000000,0,00000000,0,136790,130
8965,bd69ccb8,3f7857a8,bfd7ae14,3e93f7cf,3f800000,1000,3f800000,1000,136499,129
8966,404c5825,3fb4dd2f,c0b27c85,3f5a1cac,3f800000,1000,3f800000,1000,136791,130
8967,3e395d4f,3f0b9168,40e0a993,3f533333,00000000,0,00000000,0,136499,129
8968,c01a8438,be8570a4,402ccb29,3f5126e9,00000000,0,00000000,0,135915,129
8969,bf9ea93f,bf25b4a2,410f4f0e,3e7ef9db,00000000,0,00000000,0,136207,129
8970,402561e5,3f723e42,c07c7e28,3f641893,3f800000,1000,3f800000,1000,137374,130
8971,403aeb1c,3fb41a37,401c4674,3e5c28f6,3f800000,1000,3f800000,1000,136499,129
8972,be818bd6,3fae16f0,40b80c4a,3dba5e35,3dbb2945,91,3dbb6000,91,138249,131
8973,c0082507,bd12d773,3f09e83e,3f77ced9,00000000,0,00000000,0,142624,135
8974,3f929f17,3e2820c5,c0723bcd,3ebd70a4,3f800000,1000,3f800000,1000,139707,132
8975,bedc0981,3f9191d1,c077837b,3e947ae1,3f800000,1000,3f800000,1000,137665,130
8976,bfe2363b,bf076113,c0601a37,3ec5a1cb,00000000,0,00000000,0,137666,130
8977,bf683cf3,3f8648e9,3fa0be0e,3ea56042,3ea23af4,317,3ea20000,316,135915,129
8978,be9143bf,3ed51eb8,c10fd97f,3f456042,3f800000,1000,3f800000,1000,136499,129
8979,bf63165d,bed74bc7,c1081340,3ecac083,3f800000,1000,3f800000,1000,137082,129
8980,bfa300bd,bf134952,404e00d2,3ce56042,00000000,0,00000000,0,136498,129
8981,bfb95a08,3e9ad773,bebb8bac,3f5fbe77,00000000,0,00000000,0,136207,129
8982,bf7710cb,3e97ef9e,408e624e,3f6d4fdf,00000000,0,00000000,0,137082,130
8983,404ecf42,3fc7dc5d,40487fcc,3c9374bc,3f800000,1000,3f800000,1000,137666,131
8984,bf1fec57,3e8d07c8,bfb50b0f,3ea7ef9e,3e78c719,243,3e78c000,243,138249,131
8985,3fe9ac9b,3f27e5c9,c11fc28f,3ee147ae,3f800000,1000,3f800000,1000,138832,131
8986,3fd474fb,3f668e8a,40db2d77,3f10e560,3f800000,1000,3f800000,1000,138540,131
8987,3f9474fb,3f13837b,bfb4b296,3f3f7cee,3f800000,1000,3f800000,1000,137957,131
8988,bfbc7c31,3f226a7f,4107f06f,3f6c8b44,00000000,0,00000000,0,138540,132
8989,bdde8922,3facce70,c0c354ca,3f25e354,3f800000,1000,3f800000,1000,138249,131
8990,3f50663c,be4b6113,c00aacda,3f2872b0,3f800000,1000,3f800000,1000,138832,131
8991,bf055715,3f98e632,c0b78a09,3f391687,3f800000,1000,3f800000,1000,137666,130
8992,c01fc750,bf0f6d5d,40ca3611,3e666666,00000000,0,00000000,0,138832,131
8993,4019f655,3f92d917,c0702268,3ed47ae1,3f800000,1000,3f800000,1000,138248,131
8994,3f467b5f,3f5ba512,c102d7dc,3dc08312,3f800000,1000,3f800000,1000,138540,131
8995,400c61fa,3f33e1b1,40ca76c9,3d978d50,3f800000,1000,3f800000,1000,142041,133
8996,bf40a138,3f8a353f,40731aa0,3ef53f7d,00000000,0,00000000,0,137374,130
8997,402bed52,3fbd1d7e,be706f69,3eb3b646,3f800000,1000,3f800000,1000,161582,153
8998,3fdaa1b6,3f802a30,c0133eab,3f656042,3f800000,1000,3f800000,1000,139707,133
8999,bfe7227d,bf0f42c4,40d3f55a,3f7d2f1b,00000000,0,00000000,0,136790,130
9000,3c87fcb9,bd800d1b,40df205c,3ee56042,00000000,0,00000000,0,137082,130
9001,bf3aaf79,bdea511a,c0c9cc64,3f5d70a4,3f6082d1,877,3f608000,877,136499,129
9002,bf93af10,3f0161e5,c109db23,3f645a1d,3f800000,1000,3f800000,1000,136499,129
9003,40165b42,3fb83c9f,bf7e69ad,3e94fdf4,3f800000,1000,3f800000,1000,136790,130
9004,be12a305,bdd432ca,c0baa3d7,3f056042,3f800000,1000,3f800000,1000,137957,130
9005,bf8d0093,3edeee63,c102cbfb,3dac0831,3f800000,1000,3f800000,1000,136499,129
9006,bec58256,3f8f28f6,40cab439,3f6d9168,00000000,0,00000000,0,137082,130
9007,3f3dfa44,3f4fc01a,41028d50,3e0624dd,3e84dc2f,259,3e84e000,260,135915,130
9008,3fc97636,3f5c9100,c010dd2f,3f5f3b64,3f800000,1000,3f800000,1000,135333,128
9009,3f34c597,3e9820c5,c082f4f1,3f5374bc,3f800000,1000,3f800000,1000,138540,131
9010,3f40bf5d,be22617c,bf779a6b,3e9d2f1b,3f800000,1000,3f800000,1000,135332,128
9011,3e574928,bf05cd36,c11e5d64,3f4e147b,3f800000,1000,3f800000,1000,136791,129
9012,bfd921ab,bef01d7e,40acb50b,3d343958,00000000,0,00000000,0,137082,130
9013,bfd1c23b,bf0326e9,c0cb8a09,3f02d0e5,3ecb1425,397,3ecb2000,397,136498,130
9014,bfb54aa1,bf3beb85,c0bdcfab,3f1df3b6,3ee1e756,441,3ee20000,441,138540,132
9015,bf0ef0ae,3eb1d2f2,c014e3bd,3e49ba5e,3efbd431,492,3efbe000,492,136499,130
9016,bf349ba6,beee9100,3e9923a3,3c8b4396,00000000,0,00000000,0,136499,130
9017,bf8191bc,bb422681,bfd53261,3e0b4396,00000000,0,00000000,0,135332,128
9018,bf85de16,3f5275f7,bfceb852,3f49fbe7,3f1b48e8,607,3f1b6000,607,136207,128
9019,3f54d6a1,3faee76d,40b3b3d0,3ebdf3b6,3f800000,1000,3f800000,1000,136498,130
9020,bfa7a58f,3f17d07d,4017212d,3f49ba5e,00000000,0,00000000,0,136790,129
9021,400b923a,3f8a2681,c07aecc0,3eab020c,3f800000,1000,3f800000,1000,139999,133
9022,3fc5119d,3f9958e2,41070347,3f0b4396,3f800000,1000,3f800000,1000,138249,131
9023,3f13f67f,3f0127bb,c0c07ae1,3ef851ec,3f800000,1000,3f800000,1000,136498,129
9024,3f483516,3fa2bcd3,c092425b,3f2c49ba,3f800000,1000,3f800000,1000,135915,128
9025,3d20125a,3efa233a,40acc49c,3edf3b64,00000000,0,00000000,0,136207,128
9026,bf5e5365,3d16fd22,403161e5,3f7a9fbe,00000000,0,00000000,0,136790,130
9027,c050a1e0,bf0016f0,c106f972,3f800000,3c0b9fe8,9,3c184000,9,138540,131
9028,3e98201d,bd658794,40a89ad4,3f041893,00000000,0,00000000,0,137374,130
9029,bfb113e8,bea9db23,408d3f7d,3f2d9168,00000000,0,00000000,0,137957,130
9030,bf8216c6,3f134f0e,c0042de0,3f5d70a4,3ef9d810,488,3ef9a000,488,136498,129
9031,3ff5db77,3fc322d1,404138ef,3f61cac1,3f800000,1000,3f800000,1000,135916,129
9032,3f30110a,3e80f27c,bf44f766,3f641893,3f800000,1000,3f800000,1000,135624,128
9033,c01b3d5c,be6902de,c117e8a7,3eced917,3f0e7afa,557,3f0e8000,557,135332,128
9034,bf69667b,3f7b4e3c,c11c6c8b,3ef33333,3f800000,1000,3f800000,1000,137373,130
9035,4008b535,3f3efc50,409a2eb2,3f2b020c,3f800000,1000,3f800000,1000,138249,131
9036,c021797d,be095b57,40ffb2ff,3cac0831,00000000,0,00000000,0,136499,129
9037,3fc0dae4,3ec9a1cb,40039c0f,3f1be76d,3f800000,1000,3f800000,1000,135916,129
9038,bf6c2a45,3c0db8bb,40904dd3,3f0c8b44,00000000,0,00000000,0,135624,129
9039,bdcddd6e,3fb77525,c0774a23,3f6872b0,3f800000,1000,3f800000,1000,135041,128
9040,3ee83904,3f74f694,3fbbf488,3f404189,3f800000,1000,3f800000,1000,135332,128
9041,bf550b0f,be865c92,410f3127,3e90624e,00000000,0,00000000,0,135915,128
9042,bf9d9360,bea5bda5,c0165aee,3f553f7d,00000000,0,00000000,0,136790,129
9043,bf057bc8,3e84b924,bfbd9168,3e676c8b,3e90447c,282,3e906000,282,136499,129
9044,4008b8d0,3f914fdf,c0b5f62b,3f19db23,3f800000,1000,3f800000,1000,135041,127
9045,3f42e33f,3ef30069,40a4a8c1,3dbc6a7f,3f051214,520,3f050000,520,148165,141
9046,c01c19e3,bf1e339c,c060e8a7,3d3851ec,00000000,0,00000000,0,136499,130
9047,3f8e0bf6,3f4a9ad4,c11de5c9,3d54fdf4,3f800000,1000,3f800000,1000,134749,127
9048,bcfe9b7c,3fc5e560,40e7c433,3f56872b,3e34413b,176,3e33a000,175,137666,131
9049,bf0f1e8e,3f819d49,c0851d15,3f174bc7,3f800000,1000,3f800000,1000,137082,130
9050,3f2f23cd,3f831062,c020154d,3f0fdf3b,3f800000,1000,3f800000,1000,137373,130
9051,3effb3fa,3ef47ae1,c055b717,3c83126f,3f800000,1000,3f800000,1000,137665,131
9052,bf9d288d,3ee5e9e2,405706f7,3f5126e9,00000000,0,00000000,0,136207,128
9053,3e1a1cac,3f517803,c0d3c433,3f27ef9e,3f800000,1000,3f800000,1000,136498,129
9054,3caff6d3,3f098fc5,bf1b0f28,3f7f7cee,3f3d888f,740,3f3d8000,740,135623,128
9055,bef94856,3ee767a1,bff6e632,3d6d9168,3f094ccf,536,3f094000,536,137082,130
9056,400e18bd,3f7b6a16,c106e354,3e126e98,3f800000,1000,3f800000,1000,135623,129
9057,3c980b24,3f981bda,bf7c5d64,3e322d0e,3f800000,1000,3f800000,1000,135623,128
9058,bf95e204,3e12617c,3f8bc6a8,3e041893,00000000,0,00000000,0,136790,130
9059,c045d92b,bf1e57a8,410ac227,3eb2b021,00000000,0,00000000,0,135916,128
9060,3f3ac083,3d6af4f1,401fac71,3f239581,3f2281de,635,3f228000,635,135915,129
9061,401b1023,3fa2b717,3f5d70a4,3c03126f,3f800000,1000,3f800000,1000,135332,128
9062,bd675793,3da8f5c3,c080ded3,3f1fbe77,3f5a7244,853,3f5a8000,854,135332,129
9063,404ffac2,3fa5ba5e,bfc59e84,3f23126f,3f800000,1000,3f800000,1000,135915,129
9064,3f543fe6,3f9a76c9,40482de0,3e27ef9e,3f800000,1000,3f800000,1000,135915,129
9065,3f8a1ff3,3fac37b5,408e72b0,3f09374c,3f800000,1000,3f800000,1000,136790,130
9066,3f73daf9,3fa67803,c096b1c4,3f13b646,3f800000,1000,3f800000,1000,136207,129
9067,c001eb85,be51de6a,3e81e4f7,3f49ba5e,00000000,0,00000000,0,136207,129
9068,3faa66ba,3f346cf4,c0b29518,3f6c49ba,3f800000,1000,3f800000,1000,136499,129
9069,3fb17f63,3f40710d,41100069,3e0d4fdf,3f649e8c,893,3f648000,893,178207,171
9070,3f28b19a,3fc41687,40c554ca,3ef5c28f,3f800000,1000,3f800000,1000,139124,131
9071,3e66d480,be443fe6,c046ca58,3ebdf3b6,3f68c439,909,3f68c000,909,136791,130
9072,3de963dc,3ef5f8a1,c10a6e2f,3d3020c5,3f800000,1000,3f800000,1000,137082,129
9073,3fad6627,3fc8f1aa,3fd8d1b7,3f19999a,3f800000,1000,3f800000,1000,136790,130
9074,40187208,3f8b57a8,c0a00c4a,3e90e560,3f800000,1000,3f800000,1000,135915,128
9075,3ed6cdf2,bd45bc02,c03837b5,3e7ae148,3f800000,1000,3f800000,1000,136791,130
9076,3ebee243,3fb73611,c03547ae,3ed0e560,3f800000,1000,3f800000,1000,137957,131
9077,c02b5a32,bf021206,c02a5fd9,3f189375,00000000,0,00000000,0,135624,128
9078,3f48c693,3f398e22,3fdae7d5,3d9db22d,3f800000,1000,3f800000,1000,135624,129
9079,bdb33333,be99cac1,40305a1d,3eac0831,00000000,0,00000000,0,135623,128
9080,bf758b82,bdb8c155,4107d014,3f11eb85,00000000,0,00000000,0,140582,133
9081,402b290b,3f9373eb,4114353f,3ef1a9fc,3f800000,1000,3f800000,1000,137957,131
9082,3f678573,3efef1aa,40dd0d84,3f526e98,3ef71966,483,3ef6e000,482,136207,129
9083,be09ca19,3f409ad4,c0fcd1b7,3e010625,3f800000,1000,3f800000,1000,137665,130
9084,3de00d1b,be69f55a,c03ecf42,3f5ced91,3f490109,785,3f490000,785,136791,130
9085,3f489375,3fbd57a8,c0b2ecc0,3eb43958,3f800000,1000,3f800000,1000,136207,129
9086,3fb2aae3,3e54d014,c1074539,3f00c49c,3f800000,1000,3f800000,1000,136207,129
9087,bf59d734,3dae2824,4056a7f0,3f1374bc,00000000,0,00000000,0,135040,128
9088,4049de16,3fcd4a23,4073edfa,3f4c8b44,3f800000,1000,3f800000,1000,136791,130
9089,3fcf7af6,3f213333,40f24189,3f2dd2f2,3f800000,1000,3f800000,1000,136499,128
9090,3f7dd830,3e2c2268,41180481,3dd0e560,00000000,0,00000000,0,135624,129
9091,40053f7d,3f3fed29,405c8312,3ea76c8b,3f800000,1000,3f800000,1000,136498,129
9092,3fd58f71,3f7d2ca5,3f807c85,3f70624e,3f800000,1000,3f800000,1000,136790,129
9093,bfcd86ec,3e8ba92a,c011cc64,3e374bc7,00000000,0,00000000,0,143791,136
9094,bfc8fb01,be4b5a86,40e7aee6,3f4ccccd,00000000,0,00000000,0,137665,130
9095,3fad03da,3e9d3405,3f1a0f91,3ec624dd,3f800000,1000,3f800000,1000,137082,130
9096,3fe36c37,3f9bc227,407f58e2,3d4ccccd,3f800000,1000,3f800000,1000,135915,129
9097,c030d552,bf16233a,4010bc6a,3f0c49ba,00000000,0,00000000,0,136207,129
9098,bff72c52,3ea46dc6,4114daba,3f40c49c,00000000,0,00000000,0,136790,129
9099,3f072da1,3fa5f766,4116f694,3dbe76c9,3e3ccab8,184,3e3ba000,183,136207,129
9100,c01c6ec1,beeb1c43,c0987d56,3ea147ae,00000000,0,00000000,0,142040,133
9101,c0050625,3e378a09,3fa14467,3f26a7f0,00000000,0,00000000,0,138248,131
9102,4006db62,3f9bcc64,3fa83afb,3f778d50,3f800000,1000,3f800000,1000,137666,130
9103,c02c9cf5,bd870a3d,c0ea2d0e,3ed4fdf4,3cf837c6,30,3cf84000,30,137666,130
9104,c007c0c2,3cba92a3,c06358e2,3f07ef9e,00000000,0,00000000,0,137082,129
9105,bf3ce5b4,3f6f4d6a,c0917cee,3f53f7cf,3f800000,1000,3f800000,1000,136207,129
9106,3fd12e1f,3f20fdf4,bf49d495,3ee7ef9e,3f800000,1000,3f800000,1000,136790,129
9107,400d0abb,3faa6c22,c0919724,3f0b020c,3f800000,1000,3f800000,1000,136207,129
9108,c0040735,bd9fdf3b,c11adb8c,3f0e978d,3f495015,786,3f498000,787,137665,130
9109,bf759360,be312d77,bf9706f7,3f800000,00000000,0,00000000,0,135915,129
9110,4013bc2c,3f88624e,40a56042,3f13f7cf,3f800000,1000,3f800000,1000,136791,130
9111,bf5c6152,3f805c92,404d9e84,3e395810,00000000,0,00000000,0,136790,129
9112,c0250386,bd0bd3c3,c0dc8ce7,3e6f9db2,00000000,0,00000000,0,136790,129
9113,3ef12c28,3e754952,411145a2,3d89374c,00000000,0,00000000,0,136207,129
9114,3f7374bc,3f0b6bba,411547ae,3eb95810,3dd3754a,103,3dd2c000,103,135916,129
9115,c0006349,3dadcc64,40dc7ae1,3f0624dd,00000000,0,00000000,0,137082,130
9116,3e73abc9,3ebe5604,3fafaace,3f600000,3f011fc5,504,3f012000,504,138541,131
9117,be6c9082,bf358034,40f8617c,3ca3d70a,00000000,0,00000000,0,142915,136
9118,bf35197a,3ed80ebf,3ea32ca5,3e9cac08,3c9e35d2,19,3c9c8000,19,136499,129
9119,bf50092d,3f8bd289,403aca58,3f0d0e56,3e01987a,127,3e01e000,127,136791,129
9120,3f8f598a,3fbe1206,c0861cac,3f28b439,3f800000,1000,3f800000,1000,136499,129
9121,3edbc2b9,3f8188ce,c00cea4b,3e72b021,3f800000,1000,3f800000,1000,136499,130
9122,4050bb6f,3fac5879,3fc6a7f0,3f558106,3f800000,1000,3f800000,1000,136499,130
9123,c0560b4e,bf2d7f63,3bc154ca,3f7ef9db,00000000,0,00000000,0,135624,129
9124,3f5cc63f,be08ce70,bf95bf48,3f3eb852,3f800000,1000,3f800000,1000,135624,128
9125,3f66d5d0,bdd92a30,c0e7eab3,3f6e147b,3f800000,1000,3f800000,1000,137082,129
9126,bf0703b0,bec6339c,3fdf5c29,3f608312,00000000,0,00000000,0,136791,130
9127,be8b1705,3e3c0831,40c93333,3e87ae14,00000000,0,00000000,0,134749,128
9128,3f75e9e2,3f706cf4,3d5844d0,3e408312,3f800000,1000,3f800000,1000,137082,130
9129,3f94bd12,3f9006f7,c0b2cbfb,3ddd2f1b,3f800000,1000,3f800000,1000,135915,128
9130,bf205921,bf27ef9e,40ba0f91,3e353f7d,00000000,0,00000000,0,135623,128
9131,3fe71b48,3f77f8a1,c0e85e35,3ed0e560,3f800000,1000,3f800000,1000,137373,130
9132,bf80ed3e,3f206738,40d997f6,3f68f5c3,00000000,0,00000000,0,136790,129
9133,bfe65bea,bed292a3,40ee1134,3f3e76c9,00000000,0,00000000,0,137082,130
9134,3f3eea21,3fb1779a,c07240b8,3efc6a7f,3f800000,1000,3f800000,1000,136791,129
9135,3ff520b0,3f7dc505,c10d51ec,3f4b851f,3f800000,1000,3f800000,1000,135624,128
9136,bf4c0c20,3ebf5254,c054d014,3f1d2f1b,3f1e2279,618,3f1e4000,618,137082,130
9137,be01dd1a,bdcee632,3f3487fd,3e818937,00000000,0,00000000,0,135333,129
9138,c00fa344,bece0aa6,bfc98fc5,3f28b439,00000000,0,00000000,0,137665,130
9139,3f206cca,3d4c49ba,4042e7d5,3ea56042,3eba3366,364,3eba0000,363,136498,129
9140,be106cca,3f4b19ce,c11dc8b4,3f420c4a,3f800000,1000,3f800000,1000,137665,130
9141,3fbfd178,3e5d70a4,406746dc,3f66a7f0,3f800000,1000,3f800000,1000,157790,150
9142,bf0b089a,3ef7bcd3,40124745,3e3126e9,00000000,0,00000000,0,138249,131
9143,40050c5f,3fc960aa,c0c7eb85,3f389375,3f800000,1000,3f800000,1000,137958,131
9144,3f10e94f,3e041206,c08d14e4,3f1cac08,3f800000,1000,3f800000,1000,137373,131
9145,bda38327,3eaf1aa0,c05973eb,3f2a3d71,3f77498d,966,3f776000,966,136790,129
9146,bfed16db,3cbd21ff,c0e330be,3f000000,3ee29bc8,443,3ee2e000,443,135916,128
9147,4005244a,3fa8b296,40a4f34d,3f26e979,3f800000,1000,3f800000,1000,136499,129
9148,c0612d23,bf1f652c,3ff9652c,3f71a9fc,00000000,0,00000000,0,135915,129
9149,3e3c3611,bc90cb29,4002ecc0,3f239581,00000000,0,00000000,0,137373,129
9150,4029768a,3f903f14,c088e560,3e8b4396,3f800000,1000,3f800000,1000,137665,131
9151,bf8c2d8c,3e5a92a3,4102daba,3ded9168,00000000,0,00000000,0,136791,130
9152,3fa0769f,3fa42474,400358e2,3f3e76c9,3f800000,1000,3f800000,1000,137374,130
9153,be88e608,be903c9f,c0a7cb92,3f41cac1,3f67e64f,906,3f67e000,906,137082,129
9154,bf3b4246,3e69f55a,bd1a6b51,3efef9db,00000000,0,00000000,0,135332,128
9155,bf9997a2,3df1bda5,bfa29c78,3f0ed917,00000000,0,00000000,0,140290,133
9156,bf109aaa,3f6040b8,3fc0240b,3f449ba6,3eaa4568,333,3eaa2000,332,138832,131
9157,3ff85d10,3f970625,40acb0f2,3e72b021,3f800000,1000,3f800000,1000,138248,131
9158,3f1b9f56,be511340,3ea9eecc,3ef645a2,3f4c72e2,799,3f4c6000,798,136790,129
9159,3f9f40a3,3d1fe5c9,404b8866,3f48f5c3,3f800000,1000,3f800000,1000,137082,130
9160,be3544bb,3f8c6a16,40b9d07d,3eb7ced9,00000000,0,00000000,0,136498,129
9161,3f1ff434,3fad8b44,400deb85,3f0147ae,3f800000,1000,3f800000,1000,136498,129
9162,bfb2db62,becb2618,4007e76d,3f4978d5,00000000,0,00000000,0,135623,128
9163,3f791d15,3fc2bb99,be978034,3f0e147b,3f800000,1000,3f800000,1000,137374,130
9164,bf557e67,3f8b7cee,c111acda,3ed4fdf4,3f800000,1000,3f800000,1000,136499,129
9165,c0133387,3ccf27bb,3fc7c1be,3e1fbe77,00000000,0,00000000,0,143499,132
9166,c00c7ed0,be82c3ca,c0915183,3e9c28f6,00000000,0,00000000,0,137958,130
9167,bfd313be,be5b3d08,4112e8a7,3ca3d70a,00000000,0,00000000,0,137957,131
9168,c01fc2b9,be3d5cfb,c11bc01a,3e9fbe77,3f0e25a7,555,3f0e4000,556,136207,128
9169,bfaaebc4,3f297247,bf9e872b,3e27ef9e,3e3fe089,187,3e404000,188,136790,130
9170,bea29739,bf346cf4,411f075f,3d99999a,00000000,0,00000000,0,136499,130
9171,402429f1,3fa11c43,c0a452bd,3ce56042,3f800000,1000,3f800000,1000,135332,128
9172,3db21816,3f9eab9f,bfccd6a1,3f389375,3f800000,1000,3f800000,1000,136499,128
9173,3d88e369,3fc0bc6a,3ea50481,3d1ba5e3,3f800000,1000,3f800000,1000,136790,130
9174,3f954174,3fb7a57a,4107d4fe,3eb22d0e,3f800000,1000,3f800000,1000,135915,129
9175,3ed12989,3f1781d8,c0581206,3f595810,3f800000,1000,3f800000,1000,135624,128
9176,3fffb69a,3f7d5f70,bed0a3d7,3f7645a2,3f800000,1000,3f800000,1000,135332,128
9177,3e450481,3fa452bd,40f73dd9,3f0d4fdf,3db84942,90,3db7a000,90,135916,128
9178,3fc4ba73,3e6f79a7,3eac49ba,3ced9168,3f800000,1000,3f800000,1000,136499,129
9179,3e5ae925,3dd34d6a,3fed0481,3f36c8b4,3e03f551,129,3e03c000,129,135915,129
9180,3fe4fb55,3f8dbf48,c10a3055,3e23d70a,3f800000,1000,3f800000,1000,136790,129
9181,c0121a61,be1b645a,3ee44d01,3f4e147b,00000000,0,00000000,0,136499,130
9182,3fc08073,3e67f62b,408091d1,3cdd2f1b,3f800000,1000,3f800000,1000,136791,129
9183,3fb07011,3fb9089a,c0f90481,3f49374c,3f800000,1000,3f800000,1000,137374,130
9184,c0342603,bf27d14e,c03e0419,3e5c28f6,00000000,0,00000000,0,136791,129
9185,402db520,3fa0da51,c116816f,3e926e98,3f800000,1000,3f800000,1000,136790,130
9186,3fed768a,3efab852,400205bc,3f26a7f0,3f800000,1000,3f800000,1000,135041,128
9187,3f02c669,3f9d6e2f,406f4bc7,3ee9fbe7,3f800000,1000,3f800000,1000,137082,130
9188,4021758e,3f9b19ce,c072353f,3dc8b439,3f800000,1000,3f800000,1000,136499,129
9189,3f64acb0,3eb7ec57,bf948b44,3ea353f8,3f800000,1000,3f800000,1000,143790,136
9190,bf20cf18,3eba339c,c0dfb3d0,3dc6a7f0,3f800000,1000,3f800000,1000,137082,130
9191,3ff413fd,3fc7ec57,c0cf119d,3d9fbe77,3f800000,1000,3f800000,1000,136207,128
9192,bf032a06,bdc0a3d7,c11ad3c3,3f76c8b4,3f800000,1000,3f800000,1000,136207,129
9193,bf9885b2,bb7f9724,c0f2fdf4,3ccccccd,3f4b2571,794,3f4b4000,794,136498,129
9194,3f4939eb,3db9b3d0,c1037525,3f418937,3f800000,1000,3f800000,1000,136207,129
9195,3fb68d11,3f7b374c,40a947ae,3eb6c8b4,3f800000,1000,3f800000,1000,137082,129
9196,bf169ad4,3ebbb4a2,4114d6a1,3f6d0e56,00000000,0,00000000,0,136498,129
9197,be3c89f4,3e22d42c,3fb20903,3ef8d4fe,00000000,0,00000000,0,136790,130
9198,4014e50c,3fa087fd,c0b0dfa4,3f2624dd,3f800000,1000,3f800000,1000,136499,129
9199,3f98cbd1,3ea15e9e,c0b37732,3f589375,3f800000,1000,3f800000,1000,135332,128
9200,3fdbd46b,3fb081d8,c037d07d,3f256042,3f800000,1000,3f800000,1000,135623,128
9201,bf77cd8a,3f2c4674,c1110a3d,3f595810,3f800000,1000,3f800000,1000,136790,129
9202,3f93482c,3f74b780,c0e8d0e5,3f239581,3f800000,1000,3f800000,1000,136791,130
9203,bdbc2118,3f1c0000,40bbbf48,3ef6c8b4,00000000,0,00000000,0,136499,129
9204,be82a6f4,3f326cf4,40136fd2,3f0978d5,3e2287e2,159,3e226000,159,136790,131
9205,bfe05faf,bc1ad42c,40d6d845,3f2147ae,00000000,0,00000000,0,137374,130
9206,c0216723,bf2f8bac,bf4b4396,3eb22d0e,00000000,0,00000000,0,141166,133
9207,c02c16f0,bec56bba,410a8866,3f6fdf3b,00000000,0,00000000,0,137957,130
9208,bf2415f4,3f657f63,becc0831,3f5374bc,3f29222a,661,3f292000,661,137373,130
9209,3f621577,3f03a6b5,4070e3bd,3f472b02,3f800000,1000,3f800000,1000,137082,130
9210,3f86ff19,3dd1c433,be67a0f9,3e88b439,3f800000,1000,3f800000,1000,136207,130
9211,4036f694,3fc34c98,c02926e9,3f45a1cb,3f800000,1000,3f800000,1000,135623,129
9212,bfce1e4f,3ea10481,3f0fe5c9,3e70a3d7,00000000,0,00000000,0,136207,129
9213,bf25df65,be4b9c0f,c106f141,3e839581,3f800000,1000,3f800000,1000,186081,179
9214,3f2da900,bcc04ea5,411cbf48,3d656042,00000000,0,00000000,0,134748,128
9215,4019d14e,3fcc1c43,c1021687,3f6e5604,3f800000,1000,3f800000,1000,135040,128
9216,3fc5b574,3f8a0347,408cc711,3ea9fbe7,3f800000,1000,3f800000,1000,136499,129
9217,3f9414a5,3f558fc5,c086d845,3de76c8b,3f800000,1000,3f800000,1000,135624,129
9218,3f239192,3f6c3fe6,40d7645a,3e6978d5,3efc1cc1,492,3efc0000,492,134457,128
9219,3f884966,3f2f3b64,3f53f141,3f65a1cb,3f800000,1000,3f800000,1000,133583,127
9220,3d7ba882,3e9eab36,bf29e1b1,3f53f7cf,3f14be62,581,3f14c000,581,137374,130
9221,3f718937,3f4927bb,3fd7b15b,3f6a3d71,3f800000,1000,3f800000,1000,135915,128
9222,3f80dcdb,3fbb36e3,3f1f212d,3eb43958,3f800000,1000,3f800000,1000,137957,131
9223,3f47ea60,3fbef0d8,bed53f7d,3e8ed917,3f800000,1000,3f800000,1000,136207,130
9224,3fb2ccf7,3f07dd98,41017bb3,3ecdd2f2,3f65a908,897,3f654000,896,133291,126
9225,403a209b,3fcf6cf4,4093de6a,3f753f7d,3f800000,1000,3f800000,1000,136207,129
9226,beae2eb2,becd4120,c0fcf34d,3ecd4fdf,3f800000,1000,3f800000,1000,135624,129
9227,bfa04966,be7fe5c9,bf76ae7d,3e839581,00000000,0,00000000,0,136208,129
9228,3f960568,3eef62b7,40734f0e,3e178d50,3f800000,1000,3f800000,1000,135915,129
9229,be40053e,3f45013b,40cbd639,3ea8f5c3,00000000,0,00000000,0,135915,129
9230,3ee4d7f1,3f96da51,bef66cf4,3f451eb8,3f800000,1000,3f800000,1000,136207,129
9231,bfd7064f,bf2e6e98,4110bf48,3f48b439,00000000,0,00000000,0,135916,128
9232,3ff16fa8,3f84f27c,40caacda,3f46e979,3f800000,1000,3f800000,1000,136790,130
9233,3e155c53,bec09ba6,c0dc24dd,3eb5c28f,3f800000,1000,3f800000,1000,135623,128
9234,be4a32f4,3f99288d,bfab2618,3e126e98,3f800000,1000,3f800000,1000,137082,129
9235,be827d03,3f4fec57,c10fd773,3f6353f8,3f800000,1000,3f800000,1000,137957,131
9236,3e8cb7d4,3f8e0347,bfe4ac08,3f6ac083,3f800000,1000,3f800000,1000,142624,136
9237,403aa2b1,3fb31ff3,c04c2a99,3d072b02,3f800000,1000,3f800000,1000,139415,132
9238,3f3454de,3f98e8a7,c0970e56,3ed6872b,3f800000,1000,3f800000,1000,137666,131
9239,be6bd902,3e49a6b5,c01e8db9,3efef9db,3f13eaff,578,3f13e000,578,138249,131
9240,3fafd567,3f129100,c11e45a2,3eed0e56,3f800000,1000,3f800000,1000,136499,129
9241,3fb00d1b,3e6e7a10,3f1c2268,3e7ef9db,3f800000,1000,3f800000,1000,136791,129
9242,3fcff584,3f5ce7d5,bf2703b0,3f44dd2f,3f800000,1000,3f800000,1000,135624,128
9243,400e4745,3fa6de6a,c0869fbe,3ced9168,3f800000,1000,3f800000,1000,136207,129
9244,4026e632,3f8f2d77,c0506738,3f610625,3f800000,1000,3f800000,1000,136499,129
9245,3f2beb5b,3f51de6a,4116d917,3e5a1cac,00000000,0,00000000,0,137082,129
9246,3fe9b520,3f27e426,4107c2f8,3f1ae148,3f800000,1000,3f800000,1000,135915,129
9247,c022c6bd,bdbccccd,41161aa0,3ee3d70a,00000000,0,00000000,0,136207,129
9248,3f12f838,3c7f62b7,408212d7,3e83126f,3d9827d6,74,3d974000,74,136790,130
9249,bfd3352b,3ee7126f,40c7559b,3e147ae1,00000000,0,00000000,0,135332,128
9250,3f898890,3f160f91,40be2681,3cc49ba6,3f608f39,877,3f604000,876,138540,131
9251,be1ef1fe,3f98930c,410b36e3,3f0ed917,00000000,0,00000000,0,135040,128
9252,3f7cba73,3dea92a3,bff80000,3e91eb85,3f800000,1000,3f800000,1000,135332,128
9253,3fca45f6,3f881759,40225e35,3f1ef9db,3f800000,1000,3f800000,1000,135624,128
9254,bf96887b,3f2a2a99,bfb3d3c3,3de147ae,3e9694b1,294,3e96a000,294,135332,128
9255,3f93e964,3fb1346e,4065eb85,3e0e5604,3f800000,1000,3f800000,1000,135332,128
9256,403ec27a,3f97edfa,4102fc50,3ea0c49c,3f800000,1000,3f800000,1000,135916,129
9257,3f31e3a8,3f95d9e8,c064b0f2,3eb33333,3f800000,1000,3f800000,1000,135915,129
9258,3eb85f07,bf012d77,c058e704,3f045a1d,3f800000,1000,3f800000,1000,135916,129
9259,bda1ff2e,3f1ab368,c08326e9,3d9fbe77,3f800000,1000,3f800000,1000,136499,129
9260,3fe2a993,3f433261,c113e632,3f4b851f,3f800000,1000,3f800000,1000,136790,129
9261,3fa615ca,3f28e2eb,c0b781d8,3d408312,3f800000,1000,3f800000,1000,143790,136
9262,c02ca676,beac1062,c09a00d2,3f0872b0,00000000,0,00000000,0,137374,130
9263,3f39c0ec,3f5c2196,c093566d,3f77ced9,3f800000,1000,3f800000,1000,137957,131
9264,bf428a1e,bef70d84,40de8c15,3f76c8b4,00000000,0,00000000,0,136207,129
9265,c00cb33e,be1d0b0f,3f9b39c1,3f174bc7,00000000,0,00000000,0,136790,130
9266,3ee956c1,3f97a993,c0838794,3e926e98,3f800000,1000,3f800000,1000,136499,130
9267,c01c9d9d,bd238866,c0b2b0f2,3f6d4fdf,00000000,0,00000000,0,136499,130
9268,bf7fce31,beec5879,401f8034,3f11eb85,00000000,0,00000000,0,135624,129
9269,bfd180b2,beb1f8a1,bf4930be,3f58d4fe,00000000,0,00000000,0,137374,131
9270,3f8cc250,3e27212d,3fa67d56,3eda1cac,3f800000,1000,3f800000,1000,137082,130
9271,bde9ec2d,bf38d773,c111db23,3f2a7efa,3f800000,1000,3f800000,1000,137082,130
9272,3ff126e9,3f2cc3ca,4115930c,3d0f5c29,3f800000,1000,3f800000,1000,136791,129
9273,3f86ae7d,3e4a71de,bed8a090,3f228f5c,3f800000,1000,3f800000,1000,136499,129
9274,3f63a7db,3fb86c8b,3fe3404f,3ea7ef9e,3f800000,1000,3f800000,1000,137082,130
9275,c01aa79c,be696bba,c01db717,3f6e147b,00000000,0,00000000,0,136791,130
9276,3f65d639,3f47afb8,c112594b,3f4d0e56,3f800000,1000,3f800000,1000,136790,129
9277,3f87822c,3fc98106,c0321b09,3f26a7f0,3f800000,1000,3f800000,1000,136499,129
9278,bfd16bba,bdc6f007,40cb0be1,3e991687,00000000,0,00000000,0,136207,129
9279,3f9d1a22,3e7fb7e9,c0f2872b,3da5e354,3f800000,1000,3f800000,1000,136499,129
9280,bf3244a6,bf3ebee0,c0b78fc5,3f208312,3f445da7,767,3f446000,767,135624,128
9281,3f88331e,bd8a92a3,404f0d84,3f4fdf3b,3f66f2c5,902,3f670000,902,136207,130
9282,3ef898b3,3f25be77,c0d902de,3f3cac08,3f800000,1000,3f800000,1000,137082,130
9283,3e0f8b59,3f476944,40f77c1c,3ecfdf3b,00000000,0,00000000,0,135915,128
9284,bf88f473,3d7da512,410c1c43,3f0fdf3b,00000000,0,00000000,0,137374,130
9285,bfdc1d2a,be0da858,411ffb7f,3d0f5c29,00000000,0,00000000,0,176749,169
9286,4005013b,3f1fb717,4016cd9f,3f1e353f,3f800000,1000,3f800000,1000,139707,131
9287,bfa3d85a,3f0db717,40f9c505,3f0d9168,00000000,0,00000000,0,135916,129
9288,c0019a95,3e941f21,bea56042,3f5cac08,00000000,0,00000000,0,137082,130
9289,bf593dd9,3f589ba6,c0e3be77,3efb645a,3f800000,1000,3f800000,1000,137082,129
9290,3ed898b3,3f8a3eab,402856d6,3d1fbe77,3f800000,1000,3f800000,1000,135916,129
9291,3f075254,3fc086c2,c112816f,3f24dd2f,3f800000,1000,3f800000,1000,136790,130
9292,bf932aae,3f520831,c100d845,3f133333,3f800000,1000,3f800000,1000,135916,129
9293,beb77319,3f3deb85,bf66a162,3f1db22d,3f3b77fa,732,3f3b6000,732,135915,129
9294,3fcee6da,3fbca64c,40f7b717,3f4dd2f2,3f800000,1000,3f800000,1000,137374,131
9295,c06da2c6,bf325048,c089fb16,3f69374c,00000000,0,00000000,0,137082,129
9296,bf8adcb1,be603127,410101a3,3f3fbe77,00000000,0,00000000,0,136498,129
9297,40320f91,3f843d08,c05e7525,3f581062,3f800000,1000,3f800000,1000,137083,130
9298,3f25768a,be1d566d,c0eeb5dd,3ef645a2,3f800000,1000,3f800000,1000,136207,129
9299,3e553cde,3f326595,3ff07fcc,3e3b645a,3f19159f,598,3f190000,598,137082,130
9300,3fa2b2c0,3e9b020c,4015a9fc,3e53f7cf,3f800000,1000,3f800000,1000,137373,130
9301,bf853d86,3eb0ebee,4021ed29,3d408312,00000000,0,00000000,0,137374,130
9302,bdd97f63,3f8664c3,4062075f,3e6f9db2,3e995e7c,300,3e994000,299,136791,130
9303,3ed5df65,3f27dcc6,40b25d64,3f743958,3e7b296a,245,3e7aa000,245,134749,128
9304,bfc97785,bf03b98c,402978d5,3f1020c5,00000000,0,00000000,0,135624,129
9305,bf3414a5,3e2ac083,c05c2f83,3e6353f8,3eeb6e71,460,3eeb6000,460,136207,129
9306,3da0902e,3f42f909,411c652c,3e8624dd,00000000,0,00000000,0,139707,133
9307,befa7b0b,beb7b98c,40d6a3d7,3e970a3d,00000000,0,00000000,0,135915,129
9308,3ff04c06,3f8e18fc,c08fc433,3dbc6a7f,3f800000,1000,3f800000,1000,140874,135
9309,3ddeb314,3f2b119d,40626320,3f6dd2f2,3e60377e,219,3e604000,219,139415,132
9310,bf2a454e,3e309a02,c0d3a9fc,3e78d4fe,3f800000,1000,3f800000,1000,137082,130
9311,c0067dfe,bee1d14e,404f3333,3eb4bc6a,00000000,0,00000000,0,140874,132
9312,bf53111f,bef60419,c0a31412,3f1b22d1,3f15eedd,586,3f160000,586,138249,131
9313,3fb34c1b,3fc583e4,4101de6a,3f239581,3f800000,1000,3f800000,1000,137082,129
9314,3e553cde,3dc9b3d0,c053837b,3e22d0e5,3f7d7958,990,3f7d8000,990,136791,129
9315,c0170846,be1cb5dd,c0e3ae14,3f3df3b6,3e47a396,195,3e480000,195,137665,131
9316,bf795571,beb0c986,40f90a3d,3ebc6a7f,00000000,0,00000000,0,137082,130
9317,3fe9d734,3ecde4f7,c0ea6c22,3f65e354,3f800000,1000,3f800000,1000,137082,130
9318,3efc7f78,3fa4c3ca,3ff4f41f,3eb7ced9,3f800000,1000,3f800000,1000,136207,130
9319,3eea137f,3efa3d71,c0b0ed91,3f272b02,3f800000,1000,3f800000,1000,137082,130
9320,bf624c83,3f4dab9f,c105d35b,3f2f1aa0,3f800000,1000,3f800000,1000,136499,129
9321,3fd62b6b,3ef13c36,c09652bd,3e92f1aa,3f800000,1000,3f800000,1000,137957,130
9322,3f8a0e41,3f564ea5,bfdb089a,3f0624dd,3f800000,1000,3f800000,1000,136207,129
9323,bd3ce853,3ef3c361,c0d31f8a,3c75c28f,3f800000,1000,3f800000,1000,135624,128
9324,3f912e1f,3d9f1aa0,41127c1c,3f760419,3c4da120,13,3c358000,11,136499,129
9325,bffc6a7f,bec2ae7d,4081d07d,3f220c4a,00000000,0,00000000,0,137957,131
9326,bef313be,bebdc77a,3fe29931,3f53f7cf,00000000,0,00000000,0,137374,131
9327,bed35547,3f82c505,c0fa76c9,3f7c28f6,3f800000,1000,3f800000,1000,137958,131
9328,bfd44fa0,3e3600d2,4084bee0,3ec83127,00000000,0,00000000,0,137957,131
9329,bf3ab218,3f21f488,c0a19db2,3e25e354,3f800000,1000,3f800000,1000,139707,132
9330,3fe887a9,3f5b4539,c04ffe5d,3ed9999a,3f800000,1000,3f800000,1000,138249,132
9331,be963dc5,3f8ec84b,c0fcb1c4,3f3851ec,3f800000,1000,3f800000,1000,138832,131
9332,3f00dae4,3ecb81d8,c0bc4ea5,3e99999a,3f800000,1000,3f800000,1000,141457,134
9333,3f1ae925,be238866,411f1965,3f7eb852,00000000,0,00000000,0,139123,132
9334,400778ab,3fc7a162,c1004dd3,3f59db23,3f800000,1000,3f800000,1000,136790,129
9335,3f962cba,3fa26738,4075d7dc,3de76c8b,3f800000,1000,3f800000,1000,136207,129
9336,be8d81ae,3dd2339c,4103e426,3d851eb8,00000000,0,00000000,0,135623,128
9337,bf355ef2,bd119ce0,40ee7d56,3f2e147b,00000000,0,00000000,0,135916,129
9338,3f22641b,3d7381d8,c1084f0e,3e010625,3f800000,1000,3f800000,1000,136790,130
9339,3966afcd,3fb08106,406bcb92,3f733333,3f3172a6,693,3f316000,693,136207,128
9340,40454706,3fce47ae,40e2353f,3da9fbe7,3f800000,1000,3f800000,1000,136499,130
9341,3f4adff8,3fb1cfab,c040816f,3cc49ba6,3f800000,1000,3f800000,1000,136207,129
9342,400acbfb,3fc5b021,bec5460b,3d810625,3f800000,1000,3f800000,1000,135916,129
9343,bfdf93de,bf2ccb29,bfab404f,3ec9374c,00000000,0,00000000,0,135915,128
9344,3fb5b813,3fbbb1c4,411a3a2a,3ee76c8b,3f800000,1000,3f800000,1000,135624,129
9345,bfae7ab7,3e954af5,c04ecf42,3f2d0e56,3e800fd5,250,3e7fe000,250,136790,130
9346,3faee43b,3ddb573f,c0ca809d,3f591687,3f800000,1000,3f800000,1000,135623,128
9347,4033c8f3,3f8d999a,c0c9c5d6,3f07ae14,3f800000,1000,3f800000,1000,136207,129
9348,bfa5bdf9,3f454396,4015a36e,3ed3f7cf,00000000,0,00000000,0,137082,130
9349,3ed48d3b,3fb5e632,c0c8068e,3ed91687,3f800000,1000,3f800000,1000,135624,128
9350,bf152935,3efc0831,bff1b717,3f760419,3f1b92b0,608,3f1ba000,608,135332,128
9351,bffa5d8d,3ebddcc6,c10be426,3e439581,3f77f80c,969,3f780000,969,138249,131
9352,3d0a47ed,3f89edfa,c0dbab9f,3f0fdf3b,3f800000,1000,3f800000,1000,135915,129
9353,3e1906cd,be04e076,bed73eab,3f49ba5e,3ebccc03,369,3ebcc000,369,137082,130
9354,be794318,3a5b8bac,c1047382,3f06a7f0,3f800000,1000,3f800000,1000,136207,130
9355,3fbe33f0,3eb9f6fd,407d1687,3f472b02,3f800000,1000,3f800000,1000,135041,128
9356,bf9d4c98,3ef4ded3,bfa0d845,3f66a7f0,3e1bedca,152,3e1c2000,152,158957,152
9357,bd2bf338,3f36a71e,404a3886,3d9ba5e3,3da3d877,80,3da30000,80,138541,131
9358,bd0f861a,3fa26d5d,c0e98d50,3f59db23,3f800000,1000,3f800000,1000,138249,131
9359,bf96ce9a,3ee3fb16,c0ef70a4,3da9fbe7,3f800000,1000,3f800000,1000,135915,129
9360,4029e796,3fb725af,bf914af5,3f2c0831,3f800000,1000,3f800000,1000,135332,128
9361,3fdf3cb4,3f473d08,c0f3b98c,3f55c28f,3f800000,1000,3f800000,1000,135915,129
9362,3fcdf117,3f550cb3,c10c374c,3f083127,3f800000,1000,3f800000,1000,136207,129
9363,4041fa44,3fcf0b0f,c111ded3,3f3d70a4,3f800000,1000,3f800000,1000,135332,128
9364,bfe0826b,bf0ac49c,c0ba0c4a,3f4c49ba,3e89e5a2,269,3e89e000,269,137374,130
9365,4025028a,3fb646dc,c090c227,3e91eb85,3f800000,1000,3f800000,1000,136208,129
9366,c005512f,bf096113,4004d014,3f7fbe77,00000000,0,00000000,0,135915,129
9367,3fa95810,3e98985f,c0d4b1c4,3e8e5604,3f800000,1000,3f800000,1000,136498,129
9368,be8cb535,3f5fef9e,3f1faace,3ea5e354,3f170a2d,590,3f170000,590,135915,129
9369,c04ab94e,bf04b780,41026ae8,3e970a3d,00000000,0,00000000,0,136207,129
9370,bdf40a28,3f2283e4,c09f126f,3f370a3d,3f800000,1000,3f800000,1000,137373,130
9371,bfbabf34,3f230d84,405b27bb,3eab851f,00000000,0,00000000,0,136207,129
9372,bfd27fa2,bf168b44,3ff35a86,3e7ae148,00000000,0,00000000,0,136498,129
9373,bf99b867,3d0353f8,40c5edfa,3f09374c,00000000,0,00000000,0,135916,129
9374,c045e9e2,bf15c6a8,40bc1062,3ba3d70a,00000000,0,00000000,0,136499,129
9375,3fe3f099,3f95c986,c10385f0,3eab020c,3f800000,1000,3f800000,1000,137082,129
9376,beaaff6d,3f804fdf,c0e14bc7,3ea76c8b,3f800000,1000,3f800000,1000,136207,129
9377,be7a6373,3f2f97f6,beaa3055,3e570a3d,3f188c76,596,3f18a000,596,135915,128
9378,c005debe,beab74bc,c0f6ea4b,3f3ced91,3edfa93d,437,3edfc000,437,137374,130
9379,3eb8df7a,3eaea305,40a3dd98,3f553f7d,00000000,0,00000000,0,135915,129
9380,bef7e671,3f1a7d56,c0b973eb,3f4a7efa,3f800000,1000,3f800000,1000,147290,140
9381,3f50dae4,3fba5a1d,3fe9e1b1,3f795810,3f800000,1000,3f800000,1000,138832,132
9382,be06d71f,3f209eed,3f7566cf,3f2b020c,3ed3811e,413,3ed38000,413,138540,131
9383,bfa97c1c,bef921ff,3ed2e48f,3e9a1cac,00000000,0,00000000,0,137957,131
9384,bfd0956c,bf0a339c,4082a71e,3f65a1cb,00000000,0,00000000,0,138248,131
9385,3f9f505d,3f8e161e,c0f1c28f,3e8f5c29,3f800000,1000,3f800000,1000,135915,129
9386,bff1b1d9,3b8ef34d,40b4b368,3e6147ae,00000000,0,00000000,0,136791,130
9387,3f1a0664,3fb79724,3f9a1ff3,3f7e353f,3f800000,1000,3f800000,1000,136499,129
9388,3f1743e9,3fc32d0e,40fd22d1,3f5df3b6,3f52c2cd,823,3f528000,822,137082,131
9389,3f170cdd,3df3c9ef,becfec57,3e9c28f6,3f7f6ec1,998,3f7f6000,998,136498,129
9390,c0476c37,bee828f6,40d98106,3f3ced91,00000000,0,00000000,0,137665,130
9391,3f42e9cd,3fc0ad43,c0ce4ea5,3eae147b,3f800000,1000,3f800000,1000,136499,129
9392,c0008b44,bf0d7cee,40d67bb3,3f7df3b6,00000000,0,00000000,0,135040,128
9393,40136f7e,3fae2eb2,c11dc6a8,3f449ba6,3f800000,1000,3f800000,1000,136207,129
9394,3f8537a0,3f70f41f,bfa43611,3eff7cee,3f800000,1000,3f800000,1000,136790,130
9395,bfdd6388,3e6b0be1,4015ce07,3f2f9db2,00000000,0,00000000,0,137374,130
9396,bf13bcd3,bf345e35,c09aa8c1,3f4a7efa,3f2e35c6,681,3f2e4000,681,135916,129
9397,3eb5f1bf,3fa9a92a,40f76ae8,3e8e5604,3e9f37a5,311,3e9f0000,311,137374,130
9398,bec9d495,bf0aac08,c0aaee63,3d851eb8,3f4a77a3,791,3f4a8000,791,137082,130
9399,c05c678c,bf335a86,c06902de,3eaf1aa0,00000000,0,00000000,0,135916,129
9400,bee41b33,3c8e703b,c0b70f28,3eb7ced9,3f60e52a,878,3f60e000,878,135915,129
9401,bfa7ad6d,3f37ed29,40ac51ec,3f3cac08,00000000,0,00000000,0,136498,129
9402,403d0efe,3fb4e48f,c011fa44,3f39999a,3f800000,1000,3f800000,1000,135915,128
9403,bfe51b71,3e005bc0,c11f3405,3f651eb8,3f800000,1000,3f800000,1000,135332,128
9404,3ea71b48,3f91c91d,40e67d56,3e9374bc,3e4e7bff,202,3e4da000,201,141165,133
9405,c0254467,bd49d495,c0b651ec,3ee1cac1,00000000,0,00000000,0,138541,131
9406,bc96bb99,3f7d22d1,40f3295f,3f0dd2f2,00000000,0,00000000,0,137373,130
9407,3e219653,bef3020c,c0bfde6a,3f30a3d7,3f800000,1000,3f800000,1000,135915,129
9408,403671de,3f9cf007,c0c204ea,3f21cac1,3f800000,1000,3f800000,1000,137665,131
9409,3eaddacf,3ddf6fd2,4062d42c,3e189375,00000000,0,00000000,0,136207,129
9410,bfab00bd,3bdb8bac,3f2ab368,3ec51eb8,00000000,0,00000000,0,136207,130
9411,3f278034,3e48068e,c052f694,3dbc6a7f,3f800000,1000,3f800000,1000,136790,129
9412,401e7137,3f65fcb9,c0b58794,3e54fdf4,3f800000,1000,3f800000,1000,136207,129
9413,402ec12b,3fc69ad4,c1111ff3,3f0624dd,3f800000,1000,3f800000,1000,135332,129
9414,bf02f987,bf1a3a2a,c10b37b5,3f15c28f,3f800000,1000,3f800000,1000,136498,129
9415,c00ae72e,bf180d1b,bf9dc28f,3f608312,00000000,0,00000000,0,136790,130
9416,4036641b,3fadd70a,402dbf48,3ea76c8b,3f800000,1000,3f800000,1000,142624,134
9417,c03c23b8,bf1a2f83,bf856a16,3d54fdf4,00000000,0,00000000,0,139707,132
9418,c0433e57,beda0ded,41033055,3f6c8b44,00000000,0,00000000,0,136499,129
9419,c046a20a,bf06bfb1,c110e0df,3ef74bc7,3e15dfee,146,3e166000,147,139416,132
9420,3e64d2b3,3e8ea64c,c0df6113,3e408312,3f800000,1000,3f800000,1000,137082,130
9421,be895183,3fa95461,3ffb4396,3f6ac083,3f509a95,815,3f50a000,815,137374,130
9422,40260221,3fbbe426,410a5b57,3f3c28f6,3f800000,1000,3f800000,1000,137374,130
9423,3f8c2c3d,3f8975f7,403c902e,3f01cac1,3f800000,1000,3f800000,1000,135915,128
9424,c0412e73,bebb4f0e,4009ab9f,3ebd70a4,00000000,0,00000000,0,135040,128
9425,3df65fd9,be9b3190,40838937,3ec83127,00000000,0,00000000,0,135041,128
9426,c00fb741,3ddf41f2,c0e828f6,3df5c28f,3ea05fdd,313,3ea06000,313,136207,129
9427,bdc8beb6,bead2f1b,3fb79097,3ec3126f,00000000,0,00000000,0,136499,129
9428,c007ebaf,bf165e35,41000d84,3ebd70a4,00000000,0,00000000,0,167123,160
9429,3f9e7579,3f16f766,408f4af5,3e428f5c,3f800000,1000,3f800000,1000,136499,130
9430,c01d2c7c,bf0d38ef,c0b5b717,3e1eb852,00000000,0,00000000,0,136790,130
9431,c0160664,bdd6c8b4,411b0b78,3f2d4fdf,00000000,0,00000000,0,135915,129
9432,3f2760bf,3f31fcb9,bfdbdd98,3f122d0e,3f800000,1000,3f800000,1000,137665,131
9433,3f0dae3e,3f986e98,411a1a37,3f6978d5,3e2cdbd0,169,3e2b2000,167,136499,129
9434,3b1aaa3b,3fa8fa44,c0dcaa65,3f11eb85,3f800000,1000,3f800000,1000,136207,129
9435,bfc06f69,3e9fd220,407bf7cf,3e591687,00000000,0,00000000,0,136499,130
9436,402ecca3,3fc5c9ef,c0c29931,3f0ac083,3f800000,1000,3f800000,1000,135624,128
9437,bec307f2,bea28f5c,3f488659,3f37ced9,00000000,0,00000000,0,136790,129
9438,3f9c3bf7,3fcc44d0,3e5374bc,3eab851f,3f800000,1000,3f800000,1000,137374,130
9439,3f146c76,3f4346dc,bfca40b8,3f54fdf4,3f800000,1000,3f800000,1000,137665,131
9440,3f820afa,3ed6a64c,40e1f55a,3ba3d70a,3ee524b1,448,3ee48000,446,135915,129
9441,bdf9335d,3f53b22d,40896113,3f6c49ba,3cbbf8a0,23,3cbac000,23,136790,129
9442,3fa350b1,3dfd4952,40de95ea,3f770a3d,3f226a39,634,3f226000,634,135623,128
9443,bed1bef5,3f89089a,410d1cac,3f64dd2f,00000000,0,00000000,0,136791,130
9444,3fc43c9f,3fa534d7,c095ae14,3f420c4a,3f800000,1000,3f800000,1000,137082,130
9445,3fb63bcd,3e7b851f,4087c433,3f2c49ba,3f800000,1000,3f800000,1000,136791,130
9446,bec5d0fa,bf2d1aa0,4091e426,3f381062,00000000,0,00000000,0,135916,129
9447,40260bf6,3fcd64c3,c0c04c30,3e93f7cf,3f800000,1000,3f800000,1000,135915,128
9448,be37e3d2,3ebd566d,410f0553,3c75c28f,00000000,0,00000000,0,136498,129
9449,4004b296,3fbde632,40bb23a3,3f45e354,3f800000,1000,3f800000,1000,135040,127
9450,bffc25af,3d9d97f6,40062d0e,3f4f9db2,00000000,0,00000000,0,137374,130
9451,c036fdca,bf10f694,402df213,3d9374bc,00000000,0,00000000,0,136499,129
9452,403384cb,3f87837b,c084c2f8,3eac8b44,3f800000,1000,3f800000,1000,146707,140
9453,3eb53cde,3ef98adb,bf90902e,3f639581,3f800000,1000,3f800000,1000,139707,132
9454,beb6d331,3df6bb99,4090779a,3f34fdf4,00000000,0,00000000,0,137957,130
9455,bf14e65c,3f45fe5d,403c985f,3ef4bc6a,00000000,0,00000000,0,137082,130
9456,3f88995b,3eadeecc,410dd567,3f16c8b4,3e349450,176,3e338000,175,136207,128
9457,bfcfc06e,3eb8d1b7,c08c76c9,3e6c8b44,3eb16ffd,347,3eb1c000,347,136790,130
9458,c0474a23,beba52bd,40a6779a,3ea9fbe7,00000000,0,00000000,0,136498,129
9459,be952fc2,3ea1a858,4108a162,3e89374c,00000000,0,00000000,0,136207,129
9460,bfa1003f,bf3016f0,c0b0c56d,3e7be76d,3ed1ef31,410,3ed20000,410,136207,129
9461,3f18c2a4,3e482de0,40a4ee63,3ec28f5c,3da7ce6a,82,3da76000,82,136499,129
9462,c0639f02,bf1e9375,40ea71de,3f651eb8,00000000,0,00000000,0,136207,129
9463,3e51f601,3f999100,3f81ba5e,3e343958,3f800000,1000,3f800000,1000,135624,129
9464,3eb1a21f,3f8fde6a,3fda2681,3eb851ec,3f800000,1000,3f800000,1000,136499,129
9465,3fe721d5,3f392546,c04dc433,3f5e76c9,3f800000,1000,3f800000,1000,137082,129
9466,405c6152,3fcb7b4a,4079b8bb,3f72b021,3f800000,1000,3f800000,1000,136207,129
9467,401e8db9,3fbbab9f,c0abf8a1,3f7851ec,3f800000,1000,3f800000,1000,136207,130
9468,bf4ccf6c,3e089d49,4113f8a1,3dc6a7f0,00000000,0,00000000,0,137082,129
9469,3fa701b8,3ead7dbf,c0016f00,3f39999a,3f800000,1000,3f800000,1000,135624,129
9470,4004471b,3fa86e2f,c0c95254,3e5b22d1,3f800000,1000,3f800000,1000,135624,129
9471,400de98e,3fcf9db2,3fede354,3d0b4396,3f800000,1000,3f800000,1000,136790,129
9472,bf6a176e,bf31da51,3fb3bcd3,3f595810,00000000,0,00000000,0,136790,129
9473,3fc703b0,3e63cd36,c00c3958,3edfbe77,3f800000,1000,3f800000,1000,136499,130
9474,403d87e8,3f978794,4107353f,3ed2f1aa,3f800000,1000,3f800000,1000,135915,130
9475,3e0f3cb4,3f7e4d01,3e30a3d7,3f6b020c,3f800000,1000,3f800000,1000,136207,129
9476,3fc0bc17,3f933bcd,41022bd4,3f44dd2f,3f800000,1000,3f800000,1000,143499,136
9477,3e94d940,3f644674,c086cccd,3ecbc6a8,3f800000,1000,3f800000,1000,138249,131
9478,3fbcad58,3ef8d845,c0756a16,3f6f5c29,3f800000,1000,3f800000,1000,136207,129
9479,3f7410b6,3f2c3a2a,c0c80b78,3eddb22d,3f800000,1000,3f800000,1000,135624,128
9480,c0066aa9,bf0a0903,c102c5d6,3f19db23,3f004c49,501,3f006000,501,135041,128
9481,3eef0308,3e089d49,c0b24817,3eb22d0e,3f800000,1000,3f800000,1000,137082,130
9482,bfc46b27,3ebe76c9,c090d5d0,3edfbe77,3ee451fd,446,3ee4a000,447,135332,128
9483,c030ded3,beeb645a,40c200d2,3f158106,00000000,0,00000000,0,136499,129
9484,3ffb9043,3f5c2824,bfe81a37,3e8624dd,3f800000,1000,3f800000,1000,137082,130
9485,3ff90f52,3f842de0,bf8a3055,3e4bc6a8,3f800000,1000,3f800000,1000,136499,129
9486,3f446f15,3eab126f,bf8154ca,3f04dd2f,3f800000,1000,3f800000,1000,135624,129
9487,bfa62a1b,be903958,c119d42c,3f200000,3f800000,1000,3f800000,1000,137666,131
9488,3da05bc0,bdb3a29c,3faa9931,3f2b020c,00000000,0,00000000,0,137957,131
9489,3ef020c5,3f4d6e2f,c09c49ba,3f74fdf4,3f800000,1000,3f800000,1000,137957,131
9490,bee18937,3f41afb8,c09e1a37,3e9e353f,3f800000,1000,3f800000,1000,137374,130
9491,3f7ac322,3e5f4bc7,40171aa0,3e2e147b,3f800000,1000,3f800000,1000,137665,131
9492,bf27d178,3f5f2618,c06896bc,3f028f5c,3f800000,1000,3f800000,1000,136791,130
9493,3fdc4524,3f870ff9,c0e1b98c,3e52f1aa,3f800000,1000,3f800000,1000,135915,129
9494,c0170f28,bf2a4d01,406ba29c,3f449ba6,00000000,0,00000000,0,135916,129
9495,ba712c28,3e1b7b4a,c0004189,3e591687,3f09c1d3,538,3f09c000,538,135915,129
9496,bcf61672,beb240b8,c0cc3f14,3f3f3b64,3f800000,1000,3f800000,1000,135041,128
9497,3ff7d0d0,3fb96ae8,c0cd9097,3f656042,3f800000,1000,3f800000,1000,136790,130
9498,bef60419,3f92de01,bfe05532,3f26e979,3f800000,1000,3f800000,1000,136791,129
9499,bfd37aa2,bf31d567,c03b367a,3ebd70a4,00000000,0,00000000,0,135332,128
9500,401dff82,3f93fdf4,c0a0e8a7,3d3851ec,3f800000,1000,3f800000,1000,163624,156
9501,3fd29a80,3ec813a9,40aa6595,3f2dd2f2,3f800000,1000,3f800000,1000,141165,133
9502,be1f9f02,3e6a2681,c0b43c9f,3d656042,3f800000,1000,3f800000,1000,136790,129
9503,3f5daf8e,3facd42c,c10035a8,3e93f7cf,3f800000,1000,3f800000,1000,136207,128
9504,400c8659,3f598adb,3f1ebee0,3f716873,3f800000,1000,3f800000,1000,136207,129
9505,3f73b646,3efd7dbf,40acf27c,3f7b22d1,3f541614,828,3f53e000,828,135915,129
9506,c0152e73,be48b780,c0d6d773,3f672b02,3e1cfbba,153,3e1e0000,154,136207,129
9507,bff36b90,3ebb0553,3ffcbfb1,3ebc6a7f,00000000,0,00000000,0,135041,128
9508,3e7e2d62,3de67382,c0ae7ae1,3f73b646,3f800000,1000,3f800000,1000,136499,129
9509,bf96f007,be184ea5,405542c4,3d6d9168,00000000,0,00000000,0,137082,129
9510,bfa67770,3f05cac1,c077e76d,3dc6a7f0,3f0c0a53,547,3f0c0000,547,136499,129
9511,bb90d5a6,3ef32fec,41174674,3d75c28f,00000000,0,00000000,0,136499,129
9512,bfae8db9,bf1444d0,c09ef34d,3ef7ced9,3e8fb0d4,281,3e902000,281,136499,130
9513,bf2b90eb,bda08312,411c23a3,3e54fdf4,00000000,0,00000000,0,137957,131
9514,bdb81301,bf0c83e4,c0621e4f,3eb74bc7,3f2595dd,647,3f25a000,647,136499,129
9515,3d43b4f6,bb8e2196,c08201a3,3da1cac1,3f5240b7,821,3f524000,821,135624,128
9516,bf3f3a15,bf1da440,c0671c43,3f50e560,3ec19760,378,3ec1a000,378,135915,128
9517,bc82e87d,3fbf7e28,c1148b44,3f53b646,3f800000,1000,3f800000,1000,135916,129
9518,bf025aee,be3ed289,c0e2ab36,3f4c49ba,3f800000,1000,3f800000,1000,135915,129
9519,bfd5f1bf,bf0915b5,bfd37176,3f578d50,00000000,0,00000000,0,135624,128
9520,4043a9d2,3fb122d1,410a0b78,3f208312,3f800000,1000,3f800000,1000,135915,129
9521,3fe230fd,3f4786c2,4115b852,3e70a3d7,3f800000,1000,3f800000,1000,136791,130
9522,be2ed677,3db2e48f,bec46738,3f7ced91,3e397072,181,3e396000,181,142623,134
9523,bf33c750,be6b367a,410b161e,3f07ae14,00000000,0,00000000,0,137957,131
9524,3f900c74,3f9c02de,c0917a78,3de147ae,3f800000,1000,3f800000,1000,146123,138
9525,3e995fee,bf094120,c062b50b,3f62d0e5,3f800000,1000,3f800000,1000,139415,132
9526,bf819503,bed1ff2e,bf97cb92,3ecd4fdf,00000000,0,00000000,0,137666,131
9527,bdc7b891,3f1db08a,c021fa44,3d71a9fc,3f7cb13e,987,3f7cc000,987,135915,128
9528,c02ea25e,bf1f6d5d,4045fa44,3f03126f,00000000,0,00000000,0,136207,129
9529,3ede08af,3f50faad,c08335a8,3e8f5c29,3f800000,1000,3f800000,1000,136790,129
9530,3f5c4c59,3f9d1aa0,c0d1e83e,3e73b646,3f800000,1000,3f800000,1000,135624,129
9531,3f15b424,3fad999a,3f52eb1c,3e72b021,3f800000,1000,3f800000,1000,136499,129
9532,bfa9c8c9,bf333f7d,40ee793e,3dc49ba6,00000000,0,00000000,0,137082,130
9533,3eaf544c,3f7321ff,c109240b,3f70624e,3f800000,1000,3f800000,1000,135915,128
9534,be522fad,3f5afdf4,40d8c3ca,3ef9db23,00000000,0,00000000,0,135623,128
9535,4059c0ec,3fc8ed29,40b45f07,3f5ef9db,3f800000,1000,3f800000,1000,136207,129
9536,3ec6f156,3f9453f8,bf4d21ff,3f3020c5,3f800000,1000,3f800000,1000,135624,128
9537,3fa060fe,3fab13a9,403e5e35,3e624dd3,3f800000,1000,3f800000,1000,136790,129
9538,c00bc01a,bef2339c,41199375,3f40c49c,00000000,0,00000000,0,135916,129
9539,3ee5aee6,bed30069,c0e23bcd,3d8b4396,3f800000,1000,3f800000,1000,135623,128
9540,bf9c6690,bd9eecc0,3fe0e219,3f472b02,00000000,0,00000000,0,135623,128
9541,bc7bfc65,3eb0d014,3f65f06f,3e808312,3e3f03bf,187,3e3f0000,187,136499,129
9542,3ee08073,be933190,40a92ca5,3ee7ef9e,00000000,0,00000000,0,135915,129
9543,bf8ddb77,3e44c63f,c0b9cd36,3f2f5c29,3f40a095,752,3f40a000,752,135624,128
9544,bf256abe,3f572a30,c0de809d,3ee45a1d,3f800000,1000,3f800000,1000,135332,128
9545,3fec3761,3f0a37b5,bfb741f2,3f6147ae,3f800000,1000,3f800000,1000,136207,128
9546,be9fddec,3f6c6666,401801a3,3e041893,3e8f8ac8,280,3e8f6000,280,135040,128
9547,3fca934b,3faac986,40e99c0f,3e126e98,3f800000,1000,3f800000,1000,135040,128
9548,bed0ff97,3f2f59b4,c0f85c92,3f726e98,3f800000,1000,3f800000,1000,142332,135
9549,3fe29931,3f0c31f9,40371de7,3ebc6a7f,3f800000,1000,3f800000,1000,137957,130
9550,3f872086,3f81c6a8,3fdc6dc6,3ed0e560,3f800000,1000,3f800000,1000,136208,129
9551,bffffd61,bf2ca3d7,406a92a3,3f618937,00000000,0,00000000,0,135332,128
9552,bef8255b,3f185604,be36e2eb,3e7ced91,3ebd7a5f,370,3ebd8000,370,136499,129
9553,bff777af,3dedfa44,c0b8a7f0,3eb5c28f,3e6daba5,232,3e6da000,232,136499,128
9554,401a0903,3f9e6738,c0f25a1d,3f6c49ba,3f800000,1000,3f800000,1000,136499,128
9555,c010a287,bf313d08,c03b2fec,3f6e978d,00000000,0,00000000,0,137374,130
9556,c00b7469,be13295f,c0cf559b,3f666666,3e3f3f96,187,3e3f8000,187,136498,129
9557,bf4d7c70,3f8abda5,bf900d1b,3ecac083,3f561b3e,836,3f562000,836,136207,129
9558,c019b036,3cd97f63,c0cdd639,3d23d70a,3ba50e6f,5,3ba78000,5,137957,130
9559,bec432ca,bf091de7,3fd74bc7,3db645a2,00000000,0,00000000,0,136499,129
9560,3f7991bc,3f750553,4093e9e2,3d656042,3f800000,1000,3f800000,1000,135624,129
9561,3e26eeb7,3f64a71e,c0b88f5c,3e9eb852,3f800000,1000,3f800000,1000,135332,128
9562,3fa7876a,3f524c30,40423055,3f249ba6,3f800000,1000,3f800000,1000,137082,130
9563,3f78a47f,3f543f14,3f54d014,3c54fdf4,3f800000,1000,3f800000,1000,135040,127
9564,3f2826ab,3fa98fc5,41078937,3f147ae1,3f196e7a,599,3f194000,599,136498,129
9565,3e1e108c,3ef935a8,c0be2c3d,3ef6c8b4,3f800000,1000,3f800000,1000,135915,128
9566,bee0c73b,3f66a71e,c103a71e,3f7e76c9,3f800000,1000,3f800000,1000,134749,128
9567,3fdba14d,3fbb0ff9,c11868dc,3f07ef9e,3f800000,1000,3f800000,1000,135624,128
9568,4018d456,3f41b22d,c105ec57,3f395810,3f800000,1000,3f800000,1000,135915,128
9569,bfdf9c63,3ea86595,40cd3b64,3f53f7cf,00000000,0,00000000,0,135916,129
9570,c01be282,bf16cd9f,40b0b852,3f41cac1,00000000,0,00000000,0,138832,132
9571,402abaf1,3faf8adb,40ffec57,3eec0831,3f800000,1000,3f800000,1000,139123,131
9572,bfad9408,3e5c6dc6,3f357a78,3f13b646,00000000,0,00000000,0,152832,146
9573,bed84cad,3f85a234,c105425b,3f747ae1,3f800000,1000,3f800000,1000,140291,132
9574,3dde5f31,3e9f7319,bf6d7dbf,3f5df3b6,3f31f38c,695,3f320000,695,135915,128
9575,3f84c4f0,3fc1a858,409982aa,3ee0c49c,3f800000,1000,3f800000,1000,137082,130
9576,c00cbf5d,be764f76,3eb79a6b,3f01cac1,00000000,0,00000000,0,136790,129
9577,be50385c,befdeecc,400ae632,3cf5c28f,00000000,0,00000000,0,137374,130
9578,40429b28,3fab7319,3faab9f5,3e9cac08,3f800000,1000,3f800000,1000,137957,131
9579,3f4c99af,3fb99724,411b1134,3f56872b,3f3405b7,703,3f33c000,702,135041,127
9580,3ed2bd3c,bed669ad,40f08c15,3f3ef9db,00000000,0,00000000,0,137374,130
9581,402b3776,3fc5460b,bfbaacda,3f1020c5,3f800000,1000,3f800000,1000,135915,129
9582,bf4d4d40,bf2b46dc,c092bc6a,3f55c28f,3f07251c,528,3f074000,528,135624,128
9583,3f14b5dd,3f4a8b44,41096113,3e828f5c,00000000,0,00000000,0,135916,129
9584,bf97dfe3,3f46e48f,41167525,3f6e147b,00000000,0,00000000,0,135915,129
9585,3e1a511a,3f8192a3,40b41062,3f7c28f6,3e59b618,213,3e596000,212,135915,128
9586,3fac61fa,3f41f141,40abe354,3f2b851f,3f800000,1000,3f800000,1000,134749,127
9587,be9898b3,bf33b08a,c03ce8a7,3d656042,3ed0d670,408,3ed0e000,408,136207,129
9588,3ffa43fe,3f78680a,40ddc1be,3f53b646,3f800000,1000,3f800000,1000,136790,129
9589,bfd60221,bdc923a3,c0b903b0,3ef43958,3e8b7cbc,272,3e8ba000,273,135332,128
9590,bf96e4e2,3f5b7e91,c0eef1aa,3f4a3d71,3f800000,1000,3f800000,1000,135624,129
9591,bfd7f972,3f0fc6a8,c0e3b7e9,3edeb852,3f800000,1000,3f800000,1000,136207,129
9592,3f6913e8,3e98cb29,40e8d4fe,3c9ba5e3,3e28588b,164,3e27a000,164,135916,128
9593,c0378f9b,bf3d1eb8,c0963d71,3d0b4396,00000000,0,00000000,0,136207,129
9594,3ffe7a10,3f8c7a10,411bf06f,3ed78d50,3f800000,1000,3f800000,1000,136207,129
9595,bf807400,3f1119ce,c0fe3c9f,3f05a1cb,3f800000,1000,3f800000,1000,136498,130
9596,c0047c85,bf173333,be43fe5d,3f1645a2,00000000,0,00000000,0,144665,138
9597,3f638b05,3de7e910,c0eb381d,3e92f1aa,3f800000,1000,3f800000,1000,136790,130
9598,3e244524,3ee3e76d,409934d7,3f51a9fc,00000000,0,00000000,0,137665,130
9599,bf815bff,3e0f2b02,410bff2e,3ece5604,00000000,0,00000000,0,136499,129
9600,bfe1c62a,3edda6b5,40df8937,3f54fdf4,00000000,0,00000000,0,136207,129
9601,bfb10e02,bf07089a,c03dd14e,3f34fdf4,00000000,0,00000000,0,137374,130
9602,3fcfe47a,3f1fa9fc,bfd23055,3f59db23,3f800000,1000,3f800000,1000,136207,129
9603,3ee3a7db,3fb786c2,40f1aee6,3ebced91,3f10ddc5,566,3f10c000,565,136207,128
9604,3f78294a,3eb8d9e8,bfb2e7d5,3ee147ae,3f800000,1000,3f800000,1000,136499,130
9605,3f2d29dc,3ef8240b,c09d1687,3f06e979,3f800000,1000,3f800000,1000,135332,128
9606,bf3de2ac,3e20a71e,c0e2e2eb,3f158106,3f800000,1000,3f800000,1000,135332,128
9607,3ff458cd,3f8e2474,410ee9e2,3d99999a,3f800000,1000,3f800000,1000,136207,129
9608,401f4688,3fc25a86,40c14880,3d89374c,3f800000,1000,3f800000,1000,135915,128
9609,3e2a8976,3fa939c1,c10f566d,3f35c28f,3f800000,1000,3f800000,1000,136207,129
9610,bed3b3a7,bf021206,3fbd3c36,3f533333,00000000,0,00000000,0,136207,129
9611,3f997e13,3f4f8034,405f3333,3f7c6a7f,3f800000,1000,3f800000,1000,135040,129
9612,bf0a03c5,3ec8b924,40802752,3f6c8b44,00000000,0,00000000,0,136499,129
9613,40053e2d,3f239a6b,c1038a09,3f20c49c,3f800000,1000,3f800000,1000,136499,129
9614,bf94447c,bef17c1c,3e831f8a,3dac0831,00000000,0,00000000,0,135623,128
9615,3fe14e3c,3f2ac56d,3f473190,3dc8b439,3f800000,1000,3f800000,1000,136499,129
9616,bfdcbfb1,3e148b44,40ce4745,3f31a9fc,00000000,0,00000000,0,137082,130
9617,be4a86d7,3f59c77a,bf0e353f,3cf5c28f,3f4a2bc0,790,3f4a2000,790,136207,129
9618,c00e89ca,bdf25461,c024f909,3eced917,00000000,0,00000000,0,136207,129
9619,3f44317b,3d9d42c4,40647fcc,3ddd2f1b,3ee83788,454,3ee82000,453,136790,129
9620,bdfd4bf1,bf0dbcd3,c0fe985f,3eb9db23,3f800000,1000,3f800000,1000,139416,133
9621,3f0e685e,3fc1bac7,c10e851f,3f770a3d,3f800000,1000,3f800000,1000,137082,130
9622,3dae5365,be59e83e,3ffc7ae1,3f27ef9e,00000000,0,00000000,0,136499,128
9623,bf021c04,3f69a36e,bfa10ff9,3f7db22d,3f69b120,913,3f69a000,913,135040,129
9624,bfbd6430,3effc1be,40b16ae8,3e3a5e35,00000000,0,00000000,0,136790,129
9625,bfff65fe,3e978034,4119816f,3eb851ec,00000000,0,00000000,0,137957,131
9626,3f25974e,3f8e8a09,3fdb18fc,3e03126f,3f800000,1000,3f800000,1000,136499,130
9627,3fd25c3e,3f5696bc,40812474,3e51eb85,3f800000,1000,3f800000,1000,142624,135
9628,be15e4a4,3ec2dfa4,404fc01a,3f16c8b4,00000000,0,00000000,0,139124,132
9629,3fdbb795,3f3dda51,409f27bb,3ea9fbe7,3f800000,1000,3f800000,1000,136207,130
9630,bf43c0c2,bedd5b57,3f9fc1be,3f543958,00000000,0,00000000,0,136499,130
9631,bfcc0831,bf34db8c,402d8c7e,00000000,00000000,0,00000000,0,136499,129
9632,3f102752,3f583afb,410eb717,3ed2f1aa,00000000,0,00000000,0,136499,130
9633,4002ec6c,3f8cbe77,c1144d6a,3f06e979,3f800000,1000,3f800000,1000,135040,128
9634,3e13dd98,be5f27bb,c070a234,3f170a3d,3f71895a,944,3f71a000,944,137082,130
9635,3f5e685e,3de1bda5,3f915810,3f1db22d,3f800000,1000,3f800000,1000,137082,130
9636,bf026959,bd91f213,c10332ca,3d9db22d,3f800000,1000,3f800000,1000,136207,129
9637,bf6c62a2,be629931,410ecd9f,3e3d70a4,00000000,0,00000000,0,135915,129
9638,bf46bf87,bf1adc5d,c04c4d01,3ef0a3d7,3e81bfbe,253,3e81c000,253,136207,129
9639,3f8d158c,3f2c63f1,405b8034,3ddb22d1,3f800000,1000,3f800000,1000,135624,129
9640,bcb2bfdb,be5f4f0e,c0c82681,3f072b02,3f800000,1000,3f800000,1000,136207,129
9641,401c6f15,3f80432d,3f89cac1,3ee353f8,3f800000,1000,3f800000,1000,135332,128
9642,4011844d,3fc8339c,40b0d845,3ef53f7d,3f800000,1000,3f800000,1000,134749,127
9643,bfd13943,be3aa64c,40ec8db9,3ed1eb85,00000000,0,00000000,0,136499,129
9644,c00f89b5,3e36f694,405ee632,3f122d0e,00000000,0,00000000,0,165666,158
9645,bf0540cc,3fa174bc,40b84745,3f6c0831,00000000,0,00000000,0,139123,132
9646,c010f5c3,bf1f6d5d,3f566666,3cb43958,00000000,0,00000000,0,136791,130
9647,3f9111f1,3f245461,401f5f70,3f0b020c,3f800000,1000,3f800000,1000,136499,129
9648,bf5e742a,bf24bfb1,3cadab9f,3f0f5c29,00000000,0,00000000,0,137374,130
9649,3dc8de2b,bf1c4a8c,401a680a,3f6c49ba,00000000,0,00000000,0,136207,129
9650,3f03dc48,bdb7bb30,c10b4189,3ee24dd3,3f800000,1000,3f800000,1000,135624,128
9651,3ed8572a,be86d0e5,40c5ce07,3f07ae14,00000000,0,00000000,0,136790,129
9652,c05f7a4e,bf1883e4,3fbd66cf,3f56c8b4,00000000,0,00000000,0,135915,128
9653,c015714c,be24b5dd,c0ea24dd,3f7a9fbe,3e88ede3,267,3e88e000,267,136499,130
9654,bf96fa83,bf3aae7d,c02c01a3,3f010625,00000000,0,00000000,0,137958,131
9655,bfca708f,bede6666,3fc09d49,3f020c4a,00000000,0,00000000,0,136498,129
9656,bf879485,bdbae7d5,c0158adb,3f10a3d7,00000000,0,00000000,0,136498,129
9657,40181f75,3fca24dd,4075205c,3f133333,3f800000,1000,3f800000,1000,136207,128
9658,bfe6db0e,becebd3c,3fd2fb7f,3f70a3d7,00000000,0,00000000,0,135915,129
9659,3f31f751,be4a0c4a,c1044dd3,3f63126f,3f800000,1000,3f800000,1000,136790,129
9660,be85729b,3f9ddd98,411ba858,3f08f5c3,00000000,0,00000000,0,136207,129
9661,400ee6da,3f855e9e,40a1a29c,3e5b22d1,3f800000,1000,3f800000,1000,137374,130
9662,3ff6002a,3f393261,c05aeb1c,3f266666,3f800000,1000,3f800000,1000,135624,128
9663,bf26b8fa,3ed2fec5,3cdfa440,3d99999a,3d8af2d7,68,3d8ac000,68,135915,129
9664,bf31f213,3e8c2f83,c02a3bcd,3ef851ec,3ee46e08,446,3ee46000,446,136499,129
9665,3e5dcc64,3e1b50b1,410d1340,3f74fdf4,00000000,0,00000000,0,135624,128
9666,3feca622,3edb9581,40e9be77,3f07ae14,3f800000,1000,3f800000,1000,136499,129
9667,bf15460b,3e358adb,bfdb50b1,3f24dd2f,3e858a4c,261,3e85a000,261,136207,129
9668,bf433483,3f3acb29,40f009d5,3e4bc6a8,00000000,0,00000000,0,141749,134
9669,c0101355,be694120,3fe381d8,3e9374bc,00000000,0,00000000,0,137957,131
9670,3f82daba,3eb23886,c1063b64,3f456042,3f800000,1000,3f800000,1000,135915,129
9671,c006caac,bf1e0f91,c0815f70,3d449ba6,00000000,0,00000000,0,136207,129
9672,bf8e78c0,bddfd220,c0024a8c,3f68b439,00000000,0,00000000,0,137373,130
9673,400d9fd3,3f4f4bc7,bf7e7d56,3e90624e,3f800000,1000,3f800000,1000,134749,128
9674,c030bfb1,bf35c0ec,3fce7a10,3f160419,00000000,0,00000000,0,135332,128
9675,403e65bf,3f974120,c0ec3bcd,3f6f5c29,3f800000,1000,3f800000,1000,136207,129
9676,3f415b57,3f519ce0,c046a4a9,3ecbc6a8,3f800000,1000,3f800000,1000,135916,128
9677,bfebe22e,beb9f3b6,41115b57,3ed81062,00000000,0,00000000,0,136498,129
9678,3f4d4563,3faa8d50,405af007,3e083127,3f800000,1000,3f800000,1000,136790,130
9679,c001753a,be2dd97f,c117240b,3f38d4fe,3f47f90d,781,3f480000,781,137082,130
9680,402ddb77,3fc1353f,bf4ca57a,3f30a3d7,3f800000,1000,3f800000,1000,135332,128
9681,3f22378b,3f99fec5,bed1d14e,3f4e978d,3f800000,1000,3f800000,1000,137082,129
9682,bec4c2f8,be6ca234,408966cf,3f13f7cf,00000000,0,00000000,0,137082,130
9683,3fc478ea,3f6bf141,40a83e42,3e1374bc,3f800000,1000,3f800000,1000,136499,129
9684,3f4970f8,3eb18106,40c5d567,3f39999a,3ea119a0,315,3ea0e000,314,135916,129
9685,3f264841,3f1b82aa,c0dfa36e,3f3c6a7f,3f800000,1000,3f800000,1000,136499,130
9686,c05b27bb,bf1cb021,40492f1b,3e4bc6a8,00000000,0,00000000,0,135332,128
9687,bfb3ed52,3f04902e,405b06f7,3df5c28f,00000000,0,00000000,0,137374,130
9688,4052e829,3fbeef9e,410f5810,3f72f1aa,3f800000,1000,3f800000,1000,136207,129
9689,bfe25edd,3edb1f8a,4107d70a,3ddd2f1b,00000000,0,00000000,0,135623,129
9690,3e4a8199,3eb5096c,c0f7404f,3f4a7efa,3f800000,1000,3f800000,1000,135916,129
9691,bf2a4fca,3dd50481,4095ced9,3ec72b02,00000000,0,00000000,0,137373,130
9692,4042acda,3fc4acda,c10209d5,3f041893,3f800000,1000,3f800000,1000,139998,133
9693,c00577d9,bee5930c,3fbe2824,3f6978d5,00000000,0,00000000,0,138832,133
9694,bff99c39,bf31020c,3f4a4a8c,3e16872b,00000000,0,00000000,0,137665,130
9695,3fa74539,3ede4745,c0fc7ae1,3f42d0e5,3f800000,1000,3f800000,1000,136499,129
9696,bf022d0e,bf1f66cf,c0832bd4,3f54fdf4,3f1637bd,587,3f164000,587,135624,128
9697,3bd1b717,3f91872b,40e5fb16,3e90e560,00000000,0,00000000,0,136207,128
9698,3ef26e98,3fc728f6,bea09d49,3e676c8b,3f800000,1000,3f800000,1000,137374,130
9699,bf3a5b96,bead4952,bf1e3bcd,3f656042,00000000,0,00000000,0,136790,130
9700,c002a748,bd2ccccd,c0565e35,3f041893,00000000,0,00000000,0,136207,129
9701,3db5158c,3fc9ce70,401016f0,3e46a7f0,3f800000,1000,3f800000,1000,137373,130
9702,4019c5d6,3f497e91,c0e82de0,3f3b645a,3f800000,1000,3f800000,1000,135623,128
9703,404b15b5,3f9e1de7,c0ba31f9,3f26a7f0,3f800000,1000,3f800000,1000,136207,129
9704,3f0d1394,3e45b574,c0da0831,3f1c28f6,3f800000,1000,3f800000,1000,135624,128
9705,bfa01adf,3edfac71,3f397247,3f03126f,00000000,0,00000000,0,135624,128
9706,3f4ddd6e,3f83b439,c0081206,3f3374bc,3f800000,1000,3f800000,1000,136207,130
9707,bf2ee393,3f0dcfab,c0086c22,3a83126f,3f0f8e2a,561,3f0f8000,561,136498,129
9708,bff6b3bc,bf0f58e2,c048d9e8,3efdf3b6,00000000,0,00000000,0,135332,128
9709,3f988d8f,3fbf404f,c08715b5,3eb126e9,3f800000,1000,3f800000,1000,135332,129
9710,3fe39e06,3f3946dc,c0ece632,3f29ba5e,3f800000,1000,3f800000,1000,135624,128
9711,bf54d2b3,be592d77,c0eba787,3f449ba6,3f800000,1000,3f800000,1000,135623,129
9712,bf841bda,3e4f2e49,c0de32ca,3f391687,3f800000,1000,3f800000,1000,136207,129
9713,3f4abf34,3fb753f8,c012b368,3de56042,3f800000,1000,3f800000,1000,136499,130
9714,3dd657fb,3f31126f,411f7a10,3e03126f,00000000,0,00000000,0,135333,128
9715,3ba7c5ac,bf26816f,c11a930c,3f466666,3f800000,1000,3f800000,1000,134166,127
9716,bf706a2b,beee9100,40fdd7dc,3f789375,00000000,0,00000000,0,163332,156
9717,3fa58106,3de87fcc,411d86c2,3e5b22d1,3d5638c7,52,3d540000,52,140291,133
9718,bfea7286,3e5fbe77,40b74af5,3f1b645a,00000000,0,00000000,0,136790,130
9719,bf4f583a,3f133b64,40d7c9ef,3f760419,00000000,0,00000000,0,136207,129
9720,3fd03276,3fa4ded3,404570a4,3eb4bc6a,3f800000,1000,3f800000,1000,137082,130
9721,3e1b1d93,3fb55048,409c5c92,3dd91687,3f1f732b,623,3f1f6000,623,138248,131
9722,3d8bf5d8,be054c98,3fdc7ae1,3e72b021,00000000,0,00000000,0,137374,130
9723,3f59ed7c,be28d1b7,4050d4fe,3f09374c,3f17c9dd,593,3f17a000,592,136208,129
9724,bf03eea2,3f39fbe7,40c15326,3e77ced9,00000000,0,00000000,0,135624,128
9725,bee91299,bec05532,40385f07,3f4872b0,00000000,0,00000000,0,135623,128
9726,3eec73ac,3e1c9518,3e1205bc,3e3e76c9,3f403c3d,751,3f404000,751,135623,128
9727,bcfb00bd,3f596388,c0fe9100,3f7374bc,3f800000,1000,3f800000,1000,134457,127
9728,40242c3d,3fa8f4f1,bf68793e,3dba5e35,3f800000,1000,3f800000,1000,137082,129
9729,c024f0d8,bf3ccf42,3fde147b,3e333333,00000000,0,00000000,0,136791,130
9730,c022833c,beb48b44,c115096c,3f5a9fbe,3f032ee2,512,3f034000,513,136790,129
9731,bd9ce076,3fa2f972,4108b368,3f133333,00000000,0,00000000,0,137082,129
9732,c04e3d1d,bf0257a8,40ce4dd3,3eff7cee,00000000,0,00000000,0,135915,129
9733,3fd6d677,3fad5879,408bcc64,3f3d70a4,3f800000,1000,3f800000,1000,135332,128
9734,3f4b7564,3f5bb646,c08ba6b5,3e5f3b64,3f800000,1000,3f800000,1000,140582,133
9735,3f692791,3f0798c8,411841f2,3d408312,00000000,0,00000000,0,137373,130
9736,40206dc6,3fac4952,4107bfb1,3ed374bc,3f800000,1000,3f800000,1000,136790,129
9737,bf405bc0,be6741f2,40081bda,3ed78d50,00000000,0,00000000,0,136791,129
9738,bf495810,3f74ce70,c10643fe,3f7fbe77,3f800000,1000,3f800000,1000,136499,130
9739,3ffcb1ee,3f360d1b,bff2e48f,3d591687,3f800000,1000,3f800000,1000,137373,130
9740,bfbafad7,3e6a3a2a,c0b59e84,3e46a7f0,3f0956de,536,3f096000,537,137957,131
9741,3ebb9e06,3f2fe4f7,4066ecc0,3f50624e,3f0bf2dd,547,3f0be000,546,137665,130
9742,bff3f1e9,3bc36113,41135c29,3e72b021,00000000,0,00000000,0,135916,129
9743,3f00c73b,be2f86c2,c1103afb,3f50624e,3f800000,1000,3f800000,1000,135916,129
9744,3f3a4010,3f5794af,3fbf8034,3d71a9fc,3f800000,1000,3f800000,1000,136790,129
9745,be19b90f,be986c22,c0eae076,3e020c4a,3f800000,1000,3f800000,1000,137665,130
9746,bec0639d,bf345d64,c10f7319,3f6353f8,3f800000,1000,3f800000,1000,136499,129
9747,bf8b8716,3dd88ce7,c0676944,3e79db23,3e7b4450,245,3e7b6000,245,137666,129
9748,be877708,3f828c7e,41082f1b,3d408312,00000000,0,00000000,0,137374,130
9749,402439ac,3fca07c8,4027f7cf,3ec8b439,3f800000,1000,3f800000,1000,137665,130
9750,c023ca43,beeec8b4,c09da0f9,3eb4bc6a,00000000,0,00000000,0,136207,129
9751,be4bbc2c,3fae0d84,c0c90cb3,3f0ac083,3f800000,1000,3f800000,1000,139707,132
9752,bf6e0221,bde47ae1,4111d0e5,3e374bc7,00000000,0,00000000,0,138249,131
9753,3cd5a5b9,bec2f1aa,410e9eed,3f7fbe77,00000000,0,00000000,0,136790,130
9754,bf3fe08b,bf1ef5c3,bfef41f2,3f55c28f,3d85857c,65,3d85a000,65,135332,128
9755,c0450386,bf2b3190,c03efd22,3f451eb8,00000000,0,00000000,0,136499,129
9756,3fd95422,3f2e5048,c0bf8034,3f4e147b,3f800000,1000,3f800000,1000,135332,128
9757,bf7cc250,bd8ed917,c0f27bb3,3ed9999a,3f6ecbda,933,3f6ee000,933,135623,128
9758,4024cec4,3f6518fc,bf45cfab,3c449ba6,3f800000,1000,3f800000,1000,135915,129
9759,40000f67,3f568db9,40052d77,3c83126f,3f800000,1000,3f800000,1000,137374,130
9760,bfc4db38,bebb923a,c0807ae1,3d3851ec,00000000,0,00000000,0,137082,129
9761,4034bf0a,3fa3a993,c0c73a93,3f0a3d71,3f800000,1000,3f800000,1000,135916,129
9762,3fd1fc8f,3f51f06f,c0c4a7f0,3f3a9fbe,3f800000,1000,3f800000,1000,136790,130
9763,3f5c34c2,3f3af27c,3f3af4f1,3f0147ae,3f800000,1000,3f800000,1000,136207,129
9764,3f549f95,3f91edfa,bfaa0f91,3dc6a7f0,3f800000,1000,3f800000,1000,141165,134
9765,c000476f,3dabd3c3,c10af5c3,3d343958,3f293946,661,3f298000,662,138248,130
9766,3f9d3d86,3f1334d7,c11b4dd3,3dc28f5c,3f800000,1000,3f800000,1000,137082,130
9767,400d52d2,3fb2a787,411a0cb3,3f408312,3f800000,1000,3f800000,1000,135915,128
9768,bfb3b44e,bf1c624e,40f05e35,3f753f7d,00000000,0,00000000,0,136207,129
9769,bf6b1077,3f636ae8,bf647ae1,3f2d9168,3f16bf34,589,3f16a000,588,135915,129
9770,3fa5ed29,3ebebd3c,c110c49c,3d0b4396,3f800000,1000,3f800000,1000,136499,129
9771,bf76c0d7,bea3f141,c0c9bcd3,3f2ccccd,3f3d8687,740,3f3da000,741,136499,129
9772,3c1e98dd,3ee3f488,c06114e4,3e4fdf3b,3f800000,1000,3f800000,1000,135915,129
9773,bf83cf2d,3f11c28f,40d30a3d,3f29374c,00000000,0,00000000,0,136498,129
9774,bf8d0a67,bf2cb9f5,410afb7f,3eae978d,00000000,0,00000000,0,136207,129
9775,3fae833c,3fb88c7e,40fb46dc,3ebef9db,3f800000,1000,3f800000,1000,136790,130
9776,c018c543,bf2a0c4a,4102c8b4,3ef645a2,00000000,0,00000000,0,135916,129
9777,3f99f40a,3f386c22,40b85048,3e0e5604,3f800000,1000,3f800000,1000,134748,127
9778,403f7d95,3fbfbe77,c08bd14e,3e3020c5,3f800000,1000,3f800000,1000,136498,129
9779,3fd288ce,3fa43a2a,40f07c85,3f1d70a4,3f800000,1000,3f800000,1000,136207,129
9780,c03b0a91,be79de6a,411b32ca,3f2a7efa,00000000,0,00000000,0,136499,129
9781,3ebd82fd,3fae844d,c0aee560,3e7ced91,3f800000,1000,3f800000,1000,137957,131
9782,bf13bf72,be8e7382,40d37a78,3e9b22d1,00000000,0,00000000,0,137082,131
9783,be978034,bea50625,40d2faad,3f7f7cee,00000000,0,00000000,0,136790,129
9784,3f2816f0,3eea45a2,c0788e8a,3f53f7cf,3f800000,1000,3f800000,1000,135623,129
9785,c03e5700,bf05a858,c0621b09,3d9374bc,00000000,0,00000000,0,135623,129
9786,bf835009,3e3a29c7,4086e8a7,3e0d4fdf,00000000,0,00000000,0,136498,130
9787,401ca3d7,3fb7ba5e,c090a234,3f69fbe7,3f800000,1000,3f800000,1000,137082,130
9788,be2e2435,3f7801a3,40d7b2ff,3f69fbe7,00000000,0,00000000,0,184332,177
9789,405347d8,3fb959b4,bfa49518,3e49ba5e,3f800000,1000,3f800000,1000,141165,134
9790,bfc71c97,bf20bee0,4089ced9,3efb645a,00000000,0,00000000,0,134749,128
9791,bec811b2,be9229c7,bf7353f8,3f5a5e35,3da5e892,81,3da5e000,81,137665,130
9792,be406e1a,be8c9d49,c08b212d,3dc08312,3f37d1bb,718,3f37e000,718,136499,130
9793,3f364303,bd483127,bf4d0e56,3eda1cac,3f800000,1000,3f800000,1000,137082,129
9794,403cbac7,3fbef2e5,40cfcd36,3cd4fdf4,3f800000,1000,3f800000,1000,138249,131
9795,3fadfaec,3f3e2b6b,c1119b3d,3f3f7cee,3f800000,1000,3f800000,1000,136499,129
9796,3e23bcd3,be8d119d,411afd8b,3e26e979,00000000,0,00000000,0,135916,129
9797,bd90b631,3f8f4467,40c8d773,3ea66666,00000000,0,00000000,0,136790,129
9798,c01642af,3e198c7e,403eb021,3f7d70a4,00000000,0,00000000,0,135916,129
9799,bfa0fda0,3f12af4f,400bced9,3f65a1cb,00000000,0,00000000,0,136207,129
9800,c01d4025,beac7ae1,c11d2fec,3cc49ba6,3f0feeb1,562,3f0fe000,562,136790,130
9801,3fe009d5,3fa5c8b4,c0e0a8c1,3f11eb85,3f800000,1000,3f800000,1000,137082,129
9802,3f49e450,3f03096c,411753f8,3eba5e35,00000000,0,00000000,0,135624,129
9803,3f96fbd2,3e2e3f14,410c5532,3f0c0831,3e3ae927,183,3e39e000,182,135915,129
9804,be98ca82,bf0a624e,be9930be,3f7eb852,3cc5cdd0,24,3cc66000,24,136791,129
9805,3e3ebaf1,be82b1c4,c0d5096c,3f208312,3f800000,1000,3f800000,1000,135623,128
9806,3fb42d8c,3f88fb7f,40ce7bb3,3f19db23,3f800000,1000,3f800000,1000,136207,129
9807,3f9e939f,3fbff7cf,40af86c2,3f143958,3f800000,1000,3f800000,1000,137665,131
9808,4024a71e,3f940b78,400a5c92,3be56042,3f800000,1000,3f800000,1000,135332,129
9809,3debaf10,bf235dcc,40ef79a7,3edf3b64,00000000,0,00000000,0,136207,129
9810,3eece1c6,3fc544d0,3f87212d,3f46e979,3f800000,1000,3f800000,1000,137082,130
9811,be60f3cb,3f577660,41186a16,3db851ec,00000000,0,00000000,0,135915,129
9812,bf01f751,be51096c,c0d715b5,3f09374c,3f800000,1000,3f800000,1000,142332,135
9813,3fca86d7,3ec318fc,c0ba44d0,3f420c4a,3f800000,1000,3f800000,1000,138540,130
9814,3fe0e219,3f6ddb23,3f96809d,3ea4dd2f,3f800000,1000,3f800000,1000,135916,129
9815,bfdbdee8,bf0a4ea5,c0dec986,3eeb851f,3eebad7c,460,3eebc000,460,136207,129
9816,3df8feef,3f9b02de,bfb55326,3ea2d0e5,3f800000,1000,3f800000,1000,136207,129
9817,40102be9,3f7318fc,c0b72474,3e70a3d7,3f800000,1000,3f800000,1000,135915,128
9818,3ef03afb,3f9a0d1b,402c7e28,3f343958,3f800000,1000,3f800000,1000,136207,129
9819,c0273b64,bf3570a4,c0cc57a8,3ed1eb85,00000000,0,00000000,0,135915,128
9820,4026b218,3f836042,c04ab368,3f28f5c3,3f800000,1000,3f800000,1000,135623,128
9821,3ec97e13,3eae2196,c11a3eab,3ea1cac1,3f800000,1000,3f800000,1000,135332,129
9822,3f17f62b,3eb22196,bcef34d7,3f5e353f,3f800000,1000,3f800000,1000,135915,129
9823,bedebd90,3fabe76d,c1161de7,3e581062,3f800000,1000,3f800000,1000,135916,128
9824,3e0e50c6,bdfbc01a,c0ed559b,3e841893,3f800000,1000,3f800000,1000,136207,128
9825,bff7227d,be150e56,c0c30ff9,3f3db22d,3e676103,226,3e676000,226,135915,128
9826,bfa52b2c,3f16872b,4009ff2e,3e9a9fbe,00000000,0,00000000,0,135915,129
9827,c03fc654,bf299581,c0bfaee6,3f01cac1,00000000,0,00000000,0,135624,128
9828,bed56ead,bf11d3c3,c0849931,3e87ae14,3f157cd5,584,3f15a000,584,137665,130
9829,bf3ccccd,3f4165fe,410b119d,3f70e560,00000000,0,00000000,0,136207,129
9830,bfa87fcc,bef09518,bfdb98c8,3ec51eb8,00000000,0,00000000,0,137082,130
9831,c020408e,bec3edfa,4116f41f,3f1d70a4,00000000,0,00000000,0,135915,129
9832,3f13cc8e,3ee65fd9,3e06a7f0,3f224dd3,3f800000,1000,3f800000,1000,135915,129
9833,bf88d64d,3f40b296,beb9c0ec,3f441893,3e9c1388,305,3e9c2000,305,136207,129
9834,bf5dff82,3ebb7176,bf7dfa44,3e9ba5e3,3dffc00d,125,3e000000,125,136790,129
9835,3e965a9b,3e8ce076,406d0625,3f5fbe77,3d8fb19e,70,3d8f6000,70,135332,128
9836,403da8ac,3fcb92a3,3eae5604,3f65e354,3f800000,1000,3f800000,1000,140873,134
9837,be97b741,bf3de1b1,c0f17247,3f6dd2f2,3f800000,1000,3f800000,1000,138249,130
9838,bea53112,3f3400d2,c00428f6,3f004189,3f69ce46,913,3f69c000,913,135915,129
9839,403f9e5a,3fbefa44,c1072eb2,3f10624e,3f800000,1000,3f800000,1000,141749,134
9840,c00a7525,be275254,c0eefb7f,3f28b439,3eb26b75,348,3eb28000,349,137957,131
9841,3e474539,3eaae979,4091fbe7,3f2f9db2,00000000,0,00000000,0,136207,128
9842,3f4288ce,3f28b924,40c8f9db,3c8b4396,3ef1ca6b,472,3ef16000,471,136498,130
9843,3ecfbd27,3fc77319,3f8f7660,3efced91,3f800000,1000,3f800000,1000,136790,130
9844,3f846c76,3f4660aa,c08c7454,3ebc6a7f,3f800000,1000,3f800000,1000,136791,130
9845,bff44a62,bea5b22d,4097cfab,3e90624e,00000000,0,00000000,0,137082,130
9846,3fefb891,3f6d4539,410c8bac,3f27ef9e,3f800000,1000,3f800000,1000,136790,130
9847,bf88d79d,bd3fbe77,411e2196,3d7df3b6,00000000,0,00000000,0,136498,129
9848,bfa704ff,3efe8a72,c10fed91,3d50e560,3f800000,1000,3f800000,1000,136207,129
9849,be5e2585,3facee63,c0e5c505,3f09374c,3f800000,1000,3f800000,1000,137665,131
9850,3fbdf99c,3faf5326,40e3e76d,3db020c5,3f800000,1000,3f800000,1000,137374,130
9851,3ee2363b,3efbd70a,40cc0aa6,3da7ef9e,00000000,0,00000000,0,136790,129
9852,be17c1be,3eb67525,3f27c84b,3ebef9db,3e3e6aca,186,3e3e8000,186,135041,128
9853,3f894a4d,3cd930be,3fb0b780,3f056042,3f800000,1000,3f800000,1000,136207,129
9854,40308e37,3fcbf972,40e21134,3be56042,3f800000,1000,3f800000,1000,135624,128
9855,3fa024b3,3e1e17c2,bf771759,3f1b22d1,3f800000,1000,3f800000,1000,137082,130
9856,3f7dc1e8,3f4fe76d,c11914e4,3f7020c5,3f800000,1000,3f800000,1000,135916,129
9857,3fd55864,3f2e240b,bf4c1bda,3e1ba5e3,3f800000,1000,3f800000,1000,135915,129
9858,bff6e2eb,bf0640b8,4063cb92,3de353f8,00000000,0,00000000,0,136791,130
9859,bfa8a915,bf3581d8,40a09e1b,3e666666,00000000,0,00000000,0,136207,129
9860,3f261523,be755cfb,408c1d7e,3e828f5c,3dce50c0,101,3dcde000,101,166249,158
9861,bf37357e,bdc2e48f,c06aeb1c,3ef9db23,3ebe4c95,372,3ebe4000,372,139707,132
9862,40048de3,3fa6cac1,c105d845,3f072b02,3f800000,1000,3f800000,1000,137665,131
9863,c002a359,3e1aa305,41035a86,3d1fbe77,00000000,0,00000000,0,135624,128
9864,c009c098,3e283afb,c1021bda,3e3e76c9,3f12f130,574,3f132000,575,137665,130
9865,3fb41355,3fbaedfa,3ec96bba,3f0d9168,3f800000,1000,3f800000,1000,136207,129
9866,3f92be8c,3f8d2fec,bfb6a7f0,3e89374c,3f800000,1000,3f800000,1000,135623,128
9867,bee08851,3ea8f27c,41008c15,3dc6a7f0,00000000,0,00000000,0,137374,130
9868,4054692f,3fcb9e84,c10fb2ff,3b449ba6,3f800000,1000,3f800000,1000,137083,130
9869,3efc8217,bd343958,40e3c1be,3e9c28f6,00000000,0,00000000,0,136499,128
9870,bfbcd0bb,3f1cd5d0,bfb84ea5,3e92f1aa,3df93ba5,122,3df8e000,122,137374,130
9871,bf94eb9a,3f3b70a4,40386c22,3eec0831,00000000,0,00000000,0,136498,130
9872,bd723cc9,3f595f70,bf4ef9db,3e5d2f1b,3f6bf88b,922,3f6c0000,922,135624,128
9873,3f37d955,3f82793e,40ef19ce,3e343958,3f0b2d31,544,3f0b0000,543,135916,128
9874,3fa826ab,3e1be426,404bf488,3d8d4fdf,3f800000,1000,3f800000,1000,135332,128
9875,4040a81a,3fbac84b,4101809d,3f6353f8,3f800000,1000,3f800000,1000,138832,132
9876,bf5daa50,be3786c2,bfc2e7d5,3e818937,00000000,0,00000000,0,134749,128
9877,3f132379,3e25a512,3e8075f7,3d178d50,3f5f0e51,871,3f5f0000,871,136207,129
9878,c02c5eb3,be8b1412,409b844d,3f0ccccd,00000000,0,00000000,0,135332,129
9879,3f6d4aa1,3ead8794,40997732,3f7020c5,3f42b5a9,761,3f428000,760,136499,129
9880,3fc1b9b6,3fac88ce,c03dd639,3f4f1aa0,3f800000,1000,3f800000,1000,137082,129
9881,3e96848c,3ee1652c,c0d2ee63,3f61cac1,3f800000,1000,3f800000,1000,136207,129
9882,bf283e42,beebc361,c0a688ce,3f578d50,3f365cf8,712,3f366000,712,135916,128
9883,becf66a5,3f305532,40539a6b,3f410625,00000000,0,00000000,0,136207,129
9884,3f1d234f,3f561e4f,c0adb7e9,3e1374bc,3f800000,1000,3f800000,1000,142332,135
9885,3f838716,3fbe3611,4118b717,3ed16873,3f800000,1000,3f800000,1000,136791,130
9886,4017a787,3f3f5810,3f81d14e,3e1fbe77,3f800000,1000,3f800000,1000,136207,129
9887,3eb6bb99,3e157732,40d198c8,3f49fbe7,00000000,0,00000000,0,137666,130
9888,be4e0c9e,3f60fb7f,4111b780,3f0872b0,00000000,0,00000000,0,136790,130
9889,be99b670,bdfa0275,c1102de0,3ea872b0,3f800000,1000,3f800000,1000,135916,128
9890,bfd2415f,bf2d7e91,c0d28b44,3ec7ae14,3ed81065,422,3ed82000,422,135916,129
9891,3ffd4563,3f809a02,4100cd36,3eb0a3d7,3f800000,1000,3f800000,1000,135624,129
9892,3f4963dc,3e912f1b,c03dcac1,3eed0e56,3f800000,1000,3f800000,1000,136499,130
9893,bf3a71de,bee860aa,c00d4120,3f722d0e,3e174604,148,3e174000,148,135624,129
9894,3fab5697,3f3b7319,4114aee6,3d343958,3f40390a,751,3f406000,751,136499,129
9895,404d4413,3fad6e98,3f423a2a,3f2f1aa0,3f800000,1000,3f800000,1000,136790,130
9896,bfe879e6,bf097176,4110a4a9,3eed0e56,00000000,0,00000000,0,136790,130
9897,3f5ad03e,3f3c1f21,c10db780,3f19999a,3f800000,1000,3f800000,1000,135915,129
9898,c04169c2,bf29182b,40ae7e28,3f743958,00000000,0,00000000,0,137082,130
9899,40116b66,3f3c786c,c051dcc6,3ed81062,3f800000,1000,3f800000,1000,137083,130
9900,4006ab36,3fab49ba,402b9581,3cb43958,3f800000,1000,3f800000,1000,136499,129
9901,bfb800a8,3f24068e,c10a5f70,3eb53f7d,3f800000,1000,3f800000,1000,137373,129
9902,bf1b851f,3f60e48f,bfd4f0d8,3e51eb85,3f53ab93,827,3f53a000,827,135332,128
9903,bf44de7f,3f35b646,40e4985f,3ece5604,00000000,0,00000000,0,136498,129
9904,bfb20664,3dcf06f7,3ec11340,3f333333,00000000,0,00000000,0,136790,129
9905,3f88cdc8,3f969581,c01e594b,3f1374bc,3f800000,1000,3f800000,1000,135624,128
9906,be0299d9,3fa91b71,40aa7e28,3ef9db23,3e70af19,235,3e706000,235,137082,130
9907,bf3ab4b7,3f72432d,bc70d845,3f5b22d1,3f1864ea,595,3f186000,595,135332,128
9908,4020f27c,3f86d5d0,406a2d0e,3f66e979,3f800000,1000,3f800000,1000,141166,134
9909,3f50a7c6,3ee1c28f,4114da51,3ec39581,00000000,0,00000000,0,136207,128
9910,3f304817,be588ce7,c11c0a3d,3efa5e35,3f800000,1000,3f800000,1000,136499,130
9911,bd26223e,be0b0f28,3ccccccd,3f195810,3d61c581,55,3d61c000,55,137082,130
9912,bfa33483,be49b3d0,40b7c84b,3e6a7efa,00000000,0,00000000,0,135915,128
9913,bea04428,3f0ca234,c100ff97,3ea45a1d,3f800000,1000,3f800000,1000,135915,128
9914,bf6ccb7d,bf2d8c7e,c0c4bb99,3f066666,3f377534,717,3f37a000,717,136499,129
9915,bffc3e96,3e913405,4098f909,3e7ced91,00000000,0,00000000,0,135624,128
9916,bfa22f06,beadd495,40b8f0d8,3f2f1aa0,00000000,0,00000000,0,136207,129
9917,beb78d50,3f728588,c0b6adac,3f13f7cf,3f800000,1000,3f800000,1000,137665,130
9918,3f798f1d,3ecb53f8,402a7efa,3f0f5c29,3f800000,1000,3f800000,1000,135916,129
9919,3e2fa2f0,3f10a234,c092d014,3e8bc6a8,3f800000,1000,3f800000,1000,137374,130
9920,3fe6e6da,3f3bf3b6,c0f79f56,3d83126f,3f800000,1000,3f800000,1000,136499,129
9921,bf3e108c,be92cbfb,c08037b5,3e3645a2,3ec68e42,388,3ec6c000,388,135623,129
9922,3f8eee0f,3fbf5c29,c0b15cfb,3f6ed917,3f800000,1000,3f800000,1000,135332,128
9923,bfa98890,3d82d773,405e9c78,3ee6e979,00000000,0,00000000,0,136791,129
9924,3f9d0918,3ebd5810,c11d01a3,3f7ae148,3f800000,1000,3f800000,1000,135915,129
9925,bf970b8d,3f4a7382,c0ef4f0e,3e94fdf4,3f800000,1000,3f800000,1000,136207,128
9926,3fcf9db2,3e8b7b4a,3fa2233a,3d1ba5e3,3f800000,1000,3f800000,1000,136498,129
9927,c0173db0,3dcf8a09,3e2ae7d5,3e99999a,00000000,0,00000000,0,136791,129
9928,40343569,3fa7f141,c1071f21,3dd2f1aa,3f800000,1000,3f800000,1000,136791,130
9929,3f46b7aa,3f6883e4,40f8f5c3,3f50624e,3f070d65,528,3f06e000,527,136499,129
9930,bf3e2435,3f901ff3,40f90d84,3f4624dd,00000000,0,00000000,0,136499,129
9931,3dd22a6f,bef58adb,bf322d0e,3e947ae1,3e9d8904,308,3e9d8000,308,137082,130
9932,3f27c6fc,3e89b22d,4021a512,3d3851ec,3f29f61e,664,3f29e000,664,139415,132
9933,3ef0995b,be90d9e8,41058034,3f2c49ba,00000000,0,00000000,0,137082,130
9934,be946888,bf3a680a,4061ab9f,3f004189,00000000,0,00000000,0,137666,130
9935,3da176de,3f2c1134,40d2c2f8,3f676c8b,00000000,0,00000000,0,136207,129
9936,bf34299e,3f30dd2f,c0801e4f,3f028f5c,3f800000,1000,3f800000,1000,137374,130
9937,3f05f6fd,3f102de0,c1161aa0,3e3020c5,3f800000,1000,3f800000,1000,135916,129
9938,3fa07dd4,3f26617c,c0928588,3f543958,3f800000,1000,3f800000,1000,135916,129
9939,3d9c2e34,3eb59ce0,40cabb99,3da1cac1,00000000,0,00000000,0,135332,128
9940,c01e6666,bf24511a,40f09ad4,3cbc6a7f,00000000,0,00000000,0,135040,128
9941,400d4c44,3fc78d50,c09d381d,3f69fbe7,3f800000,1000,3f800000,1000,135915,130
9942,4003e282,3fa072b0,c0a16bba,3ef5c28f,3f800000,1000,3f800000,1000,137082,129
9943,bf801b86,bd43d70a,c00b851f,3f4c8b44,00000000,0,00000000,0,135040,128
9944,40290721,3f918034,c1060aa6,3ef33333,3f800000,1000,3f800000,1000,136791,129
9945,3f6ec80c,3fa6e076,411b851f,3f43126f,3f3b860c,733,3f3b6000,732,141749,133
9946,bfc90cb3,be65cc64,c0f25c92,3f3126e9,3f2ac94c,667,3f2b0000,668,137666,131
9947,bf89335d,bee8e560,c0a287fd,3ba3d70a,3ecc2f41,399,3ecc2000,399,135623,128
9948,bf792642,3f81e979,c115b852,3f33b646,3f800000,1000,3f800000,1000,136791,130
9949,3dc78e9f,bf1c5bc0,c0d39168,3ec5a1cb,3f800000,1000,3f800000,1000,135332,129
9950,bf03a29c,3efab9f5,c0594e3c,3da9fbe7,3f52b6d0,823,3f52c000,823,135624,129
9951,bce6d9be,3f06a4a9,c0d6c3ca,3e449ba6,3f800000,1000,3f800000,1000,136790,129
9952,3ed930be,3f847fcc,410f7dbf,3f31a9fc,00000000,0,00000000,0,135916,129
9953,befa7daa,bdf9d495,bf39a6b5,3f3fbe77,00000000,0,00000000,0,136499,129
9954,be6f1562,3dd28f5c,40b483e4,3d6147ae,00000000,0,00000000,0,137666,130
9955,bee35bd5,bf304189,c0925bc0,3e656042,3f24c555,644,3f24e000,644,136499,129
9956,bec6e6da,beb0e3bd,40b3c1be,3e09374c,00000000,0,00000000,0,165082,158
9957,c0399d34,bea9b717,c0e44d01,3f624dd3,00000000,0,00000000,0,138832,131
9958,3f104ea5,3e0b7803,c01bd07d,3e0b4396,3f800000,1000,3f800000,1000,137082,129
9959,bf14eb9a,3e82703b,4050fdf4,3cac0831,00000000,0,00000000,0,136499,129
9960,c007b4a2,bf1fce07,4107c0ec,3f639581,00000000,0,00000000,0,137666,130
9961,c056848c,bf33e426,c1061e4f,3e78d4fe,00000000,0,00000000,0,136499,129
9962,3fcea359,3f0158e2,41047cee,3eda1cac,3f800000,1000,3f800000,1000,136499,129
9963,3d12ccf7,bf0a71de,40aa5bc0,3e1374bc,00000000,0,00000000,0,137082,129
9964,3e9dfe33,3ea77319,3fbfc1be,3ecdd2f2,3ef8da5e,486,3ef8e000,486,136791,130
9965,4000b1ee,3f2beb85,40d64ea5,3f1eb852,3f800000,1000,3f800000,1000,135915,128
9966,3f352e73,3f0e6320,4084680a,3f28b439,3f430270,762,3f42e000,761,136791,129
9967,3f282fd7,be08cb29,405d5e9e,3f370a3d,3ea55c92,323,3ea50000,322,137374,130
9968,bf47c84b,3f668312,c09c1ff3,3d408312,3f800000,1000,3f800000,1000,136791,129
9969,4017bd7b,3fb902de,410100d2,3f224dd3,3f800000,1000,3f800000,1000,136207,128
9970,bf17ff58,bf0f999a,3fcd14e4,3cdd2f1b,00000000,0,00000000,0,136207,129
9971,3f8147ae,3db00000,40068a72,3e126e98,3f800000,1000,3f800000,1000,137082,130
9972,3f1840e1,3fa5ed91,c02fa29c,3ea872b0,3f800000,1000,3f800000,1000,136499,129
9973,3e6b40f6,be82bb99,40c69446,3ebdf3b6,00000000,0,00000000,0,136499,129
9974,bfa06a2b,bf0c0347,c0b2dd2f,3f208312,3eeca42d,462,3eece000,463,137082,130
9975,c01026ab,bc8c63f1,3edc28f6,3d4ccccd,00000000,0,00000000,0,135624,129
9976,405a40b8,3fba3f7d,406f9724,3f4e147b,3f800000,1000,3f800000,1000,134748,128
9977,bec57fb7,3e1c6a7f,c03123a3,3f5f3b64,3f0ccd64,550,3f0ce000,550,142041,135
9978,bfaea551,be9d460b,c0d875f7,3e8e5604,3f154b6a,583,3f158000,584,137374,129
9979,3fd64ecf,3fb0fbe7,410afa44,3f5a1cac,3f800000,1000,3f800000,1000,139415,133
9980,bf5cc8de,bed3f62b,c110eecc,3e93f7cf,3f800000,1000,3f800000,1000,139124,131
9981,c0016239,3e295e9e,c091ec57,3f4fdf3b,3d7609de,60,3d762000,60,136791,129
9982,beac6152,3f9e6cf4,406b8bac,3f791687,3ecd0396,400,3eccc000,400,136499,129
9983,bf40c49c,bf394f0e,c03f50b1,3d71a9fc,3e3ff930,187,3e406000,188,136207,129
9984,3f810a13,3e052bd4,c0c91687,3f2e147b,3f800000,1000,3f800000,1000,136499,129
9985,3d604c06,3e493a93,40095b57,3ea7ef9e,00000000,0,00000000,0,137374,130
9986,bee6bce8,3f991eb8,bf92ca58,3f6f1aa0,3f800000,1000,3f800000,1000,136207,129
9987,3e9e44fa,3fba97f6,411b0275,3e7ef9db,3c73dc2c,15,3c6c8000,14,135624,128
9988,3f89d68c,3c7b15b5,40a3652c,3ecc49ba,3f0df484,555,3f0e0000,555,136790,129
9989,c01f9485,be892d77,bfde2b6b,3ea3d70a,00000000,0,00000000,0,136207,129
9990,bf5198f2,3e8a9100,bf7786c2,3f158106,3db17356,87,3db18000,87,135916,129
9991,3f0c0054,3f907d56,c0f648e9,3f3df3b6,3f800000,1000,3f800000,1000,135915,129
9992,3c90d5a6,3fc05604,405eeb1c,3f56c8b4,3f5a2f92,852,3f5a4000,853,135915,129
9993,bf75729b,3ed1f06f,bfb98937,3f4bc6a8,3e801427,250,3e800000,250,135624,128
9994,3fd88312,3f9c0f28,c09d6873,3f347ae1,3f800000,1000,3f800000,1000,135624,128
9995,3fe2fec5,3f7440b8,3f12e48f,3f4ed917,3f800000,1000,3f800000,1000,136498,129
9996,400c00fc,3f72e560,c0f9205c,3f4d9168,3f800000,1000,3f800000,1000,135040,128
9997,bf90110a,be88c63f,c09f82aa,3e3126e9,3ebe5abe,372,3ebe6000,372,136790,129
9998,3e08f862,3e02c083,c08ce076,3f6ccccd,3f800000,1000,3f800000,1000,135915,129
9999,3e780dc3,be5f0d84,c0ad089a,3eb33333,3f800000,1000,3f800000,1000,135624,129
