sequence,cycle_started_us,command_sent_us,response_completed_us,full_loop_us,pre_send_us,transport_us,setpoint_milli_c,observed_milli_c,measured_milli_c,command_actuator_permille,status_actuator_permille,error_milli_c
1,5383,5399,114568,109185,16,109169,45000,20000,20140,500,500,24860
2,115096,115111,122010,6914,15,6899,45000,20140,20279,500,500,24721
3,215534,215550,222065,6531,16,6515,45000,20279,20418,500,500,24582
4,315580,315596,322061,6481,16,6465,45000,20418,20557,500,500,24443
5,415627,415643,422058,6431,16,6415,45000,20557,20694,500,500,24306
6,515674,515690,522053,6379,16,6363,45000,20694,20832,500,500,24168
7,615722,615738,622065,6343,16,6327,45000,20832,20968,500,500,24032
8,715771,715787,722060,6289,16,6273,45000,20968,21104,500,500,23896
9,815818,815834,822063,6245,16,6229,45000,21104,21240,500,500,23760
10,915866,915882,922061,6195,16,6179,45000,21240,21375,500,500,23625
11,1015913,1015929,1022070,6157,16,6141,45000,21375,21510,500,500,23490
12,1115961,1115977,1122059,6098,16,6082,45000,21510,21644,500,500,23356
13,1216009,1216025,1222064,6055,16,6039,45000,21644,21777,500,500,23223
14,1316056,1316072,1322063,6007,16,5991,45000,21777,21910,500,500,23090
15,1416104,1416120,1422060,5956,16,5940,45000,21910,22042,500,500,22958
16,1516151,1516167,1522065,5914,16,5898,45000,22042,22174,500,500,22826
17,1616199,1616215,1622061,5862,16,5846,45000,22174,22305,500,500,22695
18,1716246,1716262,1722071,5825,16,5809,45000,22305,22436,500,500,22564
19,1816295,1816311,1822058,5763,16,5747,45000,22436,22566,500,500,22434
20,1916343,1916359,1922052,5709,16,5693,45000,22566,22696,500,500,22304
21,2016390,2016407,2022064,5674,17,5657,45000,22696,22825,500,500,22175
22,2116438,2116454,2122069,5631,16,5615,45000,22825,22954,500,500,22046
23,2216486,2216502,2222056,5570,16,5554,45000,22954,23082,500,500,21918
24,2316533,2316549,2322074,5541,16,5525,45000,23082,23210,500,500,21790
25,2416582,2416598,2422063,5481,16,5465,45000,23210,23337,500,500,21663
26,2516628,2516644,2522067,5439,16,5423,45000,23337,23464,500,500,21536
27,2616678,2616694,2622055,5377,16,5361,45000,23464,23590,500,500,21410
28,2716724,2716740,2722070,5346,16,5330,45000,23590,23715,500,500,21285
29,2816773,2816789,2822071,5298,16,5282,45000,23715,23841,500,500,21159
30,2916820,2916837,2922058,5238,17,5221,45000,23841,23965,500,500,21035
31,3016867,3016883,3022065,5198,16,5182,45000,23965,24089,500,500,20911
32,3116915,3116932,3122107,5192,17,5175,45000,24089,24213,500,500,20787
33,3216964,3216980,3222101,5137,16,5121,45000,24213,24336,500,500,20664
34,3317011,3317028,3322104,5093,17,5076,45000,24336,24459,500,500,20541
35,3417059,3417074,3422062,5003,15,4988,45000,24459,24581,500,500,20419
36,3517106,3517122,3522056,4950,16,4934,45000,24581,24703,500,500,20297
37,3617154,3617170,3622047,4893,16,4877,45000,24703,24824,500,500,20176
38,3717201,3717217,3722066,4865,16,4849,45000,24824,24945,500,500,20055
39,3817250,3817266,3822068,4818,16,4802,45000,24945,25065,500,500,19935
40,3917297,3917313,3922056,4759,16,4743,45000,25065,25185,500,500,19815
41,4017345,4017361,4022059,4714,16,4698,45000,25185,25304,500,500,19696
42,4117392,4117408,4122062,4670,16,4654,45000,25304,25423,500,500,19577
43,4217439,4217455,4222068,4629,16,4613,45000,25423,25541,500,500,19459
44,4317488,4317504,4322056,4568,16,4552,45000,25541,25659,500,500,19341
45,4417551,4417567,4422074,4523,16,4507,45000,25659,25776,500,500,19224
46,4517597,4517613,4522060,4463,16,4447,45000,25776,25893,500,500,19107
47,4617643,4617659,4622053,4410,16,4394,45000,25893,26009,500,500,18991
48,4717689,4717706,4722063,4374,17,4357,45000,26009,26125,500,500,18875
49,4817737,4817753,4822069,4332,16,4316,45000,26125,26241,500,500,18759
50,4917784,4917800,4922056,4272,16,4256,45000,26241,26356,500,500,18644
51,5017830,5017846,5022052,4222,16,4206,45000,26356,26470,500,500,18530
52,5117876,5117892,5122063,4187,16,4171,45000,26470,26585,500,500,18415
53,5217922,5217938,5222068,4146,16,4130,45000,26585,26698,500,500,18302
54,5317969,5317985,5322054,4085,16,4069,45000,26698,26811,500,500,18189
55,5418015,5418031,5422061,4046,16,4030,45000,26811,26924,500,500,18076
56,5518062,5518078,5522059,3997,16,3981,45000,26924,27037,500,500,17963
57,5618109,5618125,5622057,3948,16,3932,45000,27037,27148,500,500,17852
58,5718155,5718171,5722063,3908,16,3892,45000,27148,27260,500,500,17740
59,5818201,5818217,5822068,3867,16,3851,45000,27260,27371,500,500,17629
60,5918247,5918263,5922061,3814,16,3798,45000,27371,27481,500,500,17519
61,6018294,6018310,6022071,3777,16,3761,45000,27481,27591,500,500,17409
62,6118341,6118357,6122057,3716,16,3700,45000,27591,27701,500,500,17299
63,6218387,6218403,6222076,3689,16,3673,45000,27701,27810,500,500,17190
64,6318434,6318451,6322078,3644,17,3627,45000,27810,27919,500,500,17081
65,6418481,6418497,6422065,3584,16,3568,45000,27919,28027,500,500,16973
66,6518528,6518544,6522070,3542,16,3526,45000,28027,28135,500,500,16865
67,6618574,6618591,6622058,3484,17,3467,45000,28135,28243,500,500,16757
68,6718621,6718637,6722052,3431,16,3415,45000,28243,28350,500,500,16650
69,6818667,6818683,6822064,3397,16,3381,45000,28350,28456,500,500,16544
70,6918714,6918730,6922068,3354,16,3338,45000,28456,28562,500,500,16438
71,7018761,7018777,7022055,3294,16,3278,45000,28562,28668,500,500,16332
72,7118808,7118824,7122060,3252,16,3236,45000,28668,28773,500,500,16227
73,7218854,7218871,7222057,3203,17,3186,45000,28773,28878,500,500,16122
74,7318900,7318916,7322056,3156,16,3140,45000,28878,28983,500,500,16017
75,7418947,7418963,7422062,3115,16,3099,45000,28983,29087,500,500,15913
76,7518994,7519010,7522063,3069,16,3053,45000,29087,29191,500,500,15809
77,7619040,7619057,7622055,3015,17,2998,45000,29191,29294,500,500,15706
78,7719086,7719103,7722050,2964,17,2947,45000,29294,29397,500,500,15603
79,7819133,7819149,7822062,2929,16,2913,45000,29397,29499,500,500,15501
80,7919180,7919196,7922068,2888,16,2872,45000,29499,29601,500,500,15399
81,8019227,8019243,8022058,2831,16,2815,45000,29601,29703,500,500,15297
82,8119273,8119289,8122208,2935,16,2919,45000,29703,29804,500,500,15196
83,8219319,8219335,8222298,2979,16,2963,45000,29804,29905,500,500,15095
84,8319364,8319380,8322363,2999,16,2983,45000,29905,30005,500,500,14995
85,8419409,8419425,8422431,3022,16,3006,45000,30005,30105,500,500,14895
86,8519455,8519471,8522486,3031,16,3015,45000,30105,30205,500,500,14795
87,8619503,8619519,8622569,3066,16,3050,45000,30205,30304,500,500,14696
88,8719549,8719565,8722638,3089,16,3073,45000,30304,30403,500,500,14597
89,8819595,8819611,8822703,3108,16,3092,45000,30403,30501,500,500,14499
90,8919641,8919657,8922791,3150,16,3134,45000,30501,30599,500,500,14401
91,9019687,9019703,9022840,3153,16,3137,45000,30599,30697,500,500,14303
92,9119753,9119769,9122900,3147,16,3131,45000,30697,30794,500,500,14206
93,9219800,9219816,9222966,3166,16,3150,45000,30794,30891,500,500,14109
94,9319866,9319882,9322999,3133,16,3117,45000,30891,30987,500,500,14013
95,9419911,9419928,9423006,3095,17,3078,45000,30987,31083,500,500,13917
96,9519957,9519973,9523003,3046,16,3030,45000,31083,31179,500,500,13821
97,9620003,9620019,9622999,2996,16,2980,45000,31179,31274,500,500,13726
98,9720048,9720064,9722995,2947,16,2931,45000,31274,31369,500,500,13631
99,9820094,9820110,9822998,2904,16,2888,45000,31369,31463,500,500,13537
100,9920140,9920156,9924906,4766,16,4750,45000,31463,31558,500,500,13442
101,10020190,10020206,10022962,2772,16,2756,45000,31558,31651,500,500,13349
102,10120235,10120251,10122046,1811,16,1795,45000,31651,31745,500,500,13255
103,10220281,10220297,10232067,11786,16,11770,45000,31745,31838,500,500,13162
104,10320339,10320355,10332069,11730,16,11714,45000,31838,31930,500,500,13070
105,10420385,10420401,10432074,11689,16,11673,45000,31930,32023,500,500,12977
106,10520430,10520447,10532081,11651,17,11634,45000,32023,32115,500,500,12885
107,10620477,10620493,10632076,11599,16,11583,45000,32115,32206,500,500,12794
108,10720523,10720539,10732076,11553,16,11537,45000,32206,32297,500,500,12703
109,10820570,10820586,10832072,11502,16,11486,45000,32297,32388,500,500,12612
110,10920617,10920633,10932054,11437,16,11421,45000,32388,32479,500,500,12521
111,11020664,11020680,11032081,11417,16,11401,45000,32479,32569,500,500,12431
112,11120725,11120741,11132068,11343,16,11327,45000,32569,32658,500,500,12342
113,11220791,11220806,11232054,11263,15,11248,45000,32658,32748,500,500,12252
114,11320838,11320854,11332065,11227,16,11211,45000,32748,32837,500,500,12163
115,11420885,11420901,11432066,11181,16,11165,45000,32837,32925,500,500,12075
116,11520931,11520947,11532056,11125,16,11109,45000,32925,33014,500,500,11986
117,11620979,11620995,11632046,11067,16,11051,45000,33014,33102,500,500,11898
118,11721025,11721041,11732063,11038,16,11022,45000,33102,33189,500,500,11811
119,11821072,11821088,11832058,10986,16,10970,45000,33189,33277,500,500,11723
120,11921118,11921134,11932062,10944,16,10928,45000,33277,33363,500,500,11637
121,12021165,12021181,12032070,10905,16,10889,45000,33363,33450,500,500,11550
122,12121212,12121228,12132075,10863,16,10847,45000,33450,33536,500,500,11464
123,12221260,12221276,12232065,10805,16,10789,45000,33536,33622,500,500,11378
124,12321308,12321323,12332067,10759,15,10744,45000,33622,33708,500,500,11292
125,12421355,12421371,12432056,10701,16,10685,45000,33708,33793,500,500,11207
126,12521404,12521420,12532063,10659,16,10643,45000,33793,33878,500,500,11122
127,12621452,12621468,12632067,10615,16,10599,45000,33878,33962,500,500,11038
128,12721499,12721515,12732071,10572,16,10556,45000,33962,34046,500,500,10954
129,12821547,12821563,12832058,10511,16,10495,45000,34046,34130,500,500,10870
130,12921595,12921611,12932052,10457,16,10441,45000,34130,34213,500,500,10787
131,13021643,13021659,13032072,10429,16,10413,45000,34213,34297,500,500,10703
132,13121692,13121708,13132059,10367,16,10351,45000,34297,34379,500,500,10621
133,13221740,13221756,13232063,10323,16,10307,45000,34379,34462,500,500,10538
134,13321788,13321804,13332058,10270,16,10254,45000,34462,34544,500,500,10456
135,13421837,13421853,13432059,10222,16,10206,45000,34544,34626,500,500,10374
136,13521886,13521902,13532066,10180,16,10164,45000,34626,34707,500,500,10293
137,13621933,13621949,13632052,10119,16,10103,45000,34707,34789,500,500,10211
138,13721982,13721999,13732063,10081,17,10064,45000,34789,34869,500,500,10131
139,13822030,13822046,13832059,10029,16,10013,45000,34869,34950,500,500,10050
140,13922078,13922094,13932066,9988,16,9972,45000,34950,35030,500,500,9970
141,14022127,14022143,14032060,9933,16,9917,45000,35030,35110,500,500,9890
142,14122174,14122191,14132062,9888,17,9871,45000,35110,35190,500,500,9810
143,14222223,14222240,14232057,9834,17,9817,45000,35190,35269,500,500,9731
144,14322271,14322287,14332053,9782,16,9766,45000,35269,35348,500,500,9652
145,14422338,14422355,14432073,9735,17,9718,45000,35348,35426,500,500,9574
146,14522386,14522402,14532062,9676,16,9660,45000,35426,35505,500,500,9495
147,14622433,14622449,14632066,9633,16,9617,45000,35505,35583,500,500,9417
148,14722483,14722499,14732060,9577,16,9561,45000,35583,35660,500,500,9340
149,14822531,14822547,14832072,9541,16,9525,45000,35660,35738,500,500,9262
150,14922579,14922595,14932059,9480,16,9464,45000,35738,35815,500,500,9185
151,15022626,15022642,15032052,9426,16,9410,45000,35815,35891,500,500,9109
152,15122674,15122690,15132086,9412,16,9396,45000,35891,35968,500,500,9032
153,15222742,15222758,15232089,9347,16,9331,45000,35968,36044,500,500,8956
154,15322790,15322806,15332076,9286,16,9270,45000,36044,36120,500,500,8880
155,15422838,15422854,15432062,9224,16,9208,45000,36120,36195,500,500,8805
156,15522885,15522901,15532057,9172,16,9156,45000,36195,36271,500,500,8729
157,15622933,15622949,15632063,9130,16,9114,45000,36271,36345,500,500,8655
158,15722981,15722997,15732064,9083,16,9067,45000,36345,36420,500,500,8580
159,15823028,15823045,15832059,9031,17,9014,45000,36420,36494,500,500,8506
160,15923077,15923093,15932067,8990,16,8974,45000,36494,36568,500,500,8432
161,16023125,16023140,16032055,8930,15,8915,45000,36568,36642,500,500,8358
162,16123172,16123188,16132071,8899,16,8883,45000,36642,36716,500,500,8284
163,16223221,16223237,16232058,8837,16,8821,45000,36716,36789,500,500,8211
164,16323268,16323284,16332052,8784,16,8768,45000,36789,36862,500,500,8138
165,16423316,16423332,16432071,8755,16,8739,45000,36862,36934,500,500,8066
166,16523365,16523381,16532061,8696,16,8680,45000,36934,37006,500,500,7994
167,16623412,16623428,16632055,8643,16,8627,45000,37006,37078,500,500,7922
168,16723460,16723476,16732065,8605,16,8589,45000,37078,37150,500,500,7850
169,16823508,16823524,16832061,8553,16,8537,45000,37150,37221,500,500,7779
170,16923556,16923572,16932057,8501,16,8485,45000,37221,37293,500,500,7707
171,17023605,17023621,17032054,8449,16,8433,45000,37293,37363,500,500,7637
172,17123652,17123669,17132059,8407,17,8390,45000,37363,37434,500,500,7566
173,17223701,17223717,17232061,8360,16,8344,45000,37434,37504,500,500,7496
174,17323748,17323764,17332054,8306,16,8290,45000,37504,37574,500,500,7426
175,17423797,17423812,17432053,8256,15,8241,45000,37574,37644,500,500,7356
176,17523844,17523860,17532072,8228,16,8212,45000,37644,37713,500,500,7287
177,17623893,17623909,17632061,8168,16,8152,45000,37713,37782,500,500,7218
178,17723940,17723956,17732062,8122,16,8106,45000,37782,37851,500,500,7149
179,17823988,17824004,17832068,8080,16,8064,45000,37851,37920,500,500,7080
180,17924036,17924051,17932090,8054,15,8039,45000,37920,37988,500,500,7012
181,18024084,18024100,18032080,7996,16,7980,45000,37988,38056,500,500,6944
182,18124131,18124147,18132070,7939,16,7923,45000,38056,38124,500,500,6876
183,18224178,18224194,18232058,7880,16,7864,45000,38124,38192,500,500,6808
184,18324226,18324242,18332065,7839,16,7823,45000,38192,38259,500,500,6741
185,18424273,18424289,18432059,7786,16,7770,45000,38259,38326,500,500,6674
186,18524321,18524337,18532073,7752,16,7736,45000,38326,38392,500,500,6608
187,18624369,18624385,18632061,7692,16,7676,45000,38392,38459,500,500,6541
188,18724416,18724432,18732053,7637,16,7621,45000,38459,38525,500,500,6475
189,18824463,18824479,18832071,7608,16,7592,45000,38525,38591,500,500,6409
190,18924512,18924528,18932060,7548,16,7532,45000,38591,38657,500,500,6343
191,19024560,19024576,19032054,7494,16,7478,45000,38657,38722,500,500,6278
192,19124607,19124623,19132064,7457,16,7441,45000,38722,38787,500,500,6213
193,19224655,19224672,19232066,7411,17,7394,45000,38787,38852,500,500,6148
194,19324703,19324719,19332066,7363,16,7347,45000,38852,38917,500,500,6083
195,19424750,19424766,19432057,7307,16,7291,45000,38917,38981,500,500,6019
196,19524797,19524813,19532058,7261,16,7245,45000,38981,39045,500,500,5955
197,19624845,19624861,19632060,7215,16,7199,45000,39045,39109,500,500,5891
198,19724892,19724908,19732054,7162,16,7146,45000,39109,39172,500,500,5828
199,19824940,19824956,19832051,7111,16,7095,45000,39172,39236,500,500,5764
200,19924988,19925004,19934901,9913,16,9897,45000,39236,39299,500,500,5701
201,20025038,20025054,20032010,6972,16,6956,45000,39299,39361,500,500,5639
202,20125086,20125102,20132057,6971,16,6955,45000,39361,39424,500,500,5576
203,20225135,20225151,20232060,6925,16,6909,45000,39424,39486,500,500,5514
204,20325182,20325198,20332063,6881,16,6865,45000,39486,39548,500,500,5452
205,20425230,20425246,20432066,6836,16,6820,45000,39548,39610,500,500,5390
206,20525278,20525294,20532054,6776,16,6760,45000,39610,39672,500,500,5328
207,20625326,20625342,20632098,6772,16,6756,45000,39672,39733,500,500,5267
208,20725378,20725394,20732085,6707,16,6691,45000,39733,39794,500,500,5206
209,20825425,20825441,20832078,6653,16,6637,45000,39794,39855,500,500,5145
210,20925472,20925488,20932068,6596,16,6580,45000,39855,39916,500,500,5084
211,21025519,21025536,21032056,6537,17,6520,45000,39916,39976,500,500,5024
212,21125566,21125582,21132055,6489,16,6473,45000,39976,40036,500,500,4964
213,21225614,21225630,21232071,6457,16,6441,45000,40036,40096,500,500,4904
214,21325662,21325678,21332060,6398,16,6382,45000,40096,40155,500,500,4845
215,21425709,21425725,21432054,6345,16,6329,45000,40155,40215,500,500,4785
216,21525757,21525773,21532062,6305,16,6289,45000,40215,40274,500,500,4726
217,21625806,21625821,21632067,6261,15,6246,45000,40274,40333,500,500,4667
218,21725853,21725869,21732070,6217,16,6201,45000,40333,40392,500,500,4608
219,21825902,21825918,21832059,6157,16,6141,45000,40392,40450,500,500,4550
220,21925948,21925964,21932064,6116,16,6100,45000,40450,40508,500,500,4492
221,22025997,22026013,22032059,6062,16,6046,45000,40508,40566,500,500,4434
222,22126043,22126060,22132058,6015,17,5998,45000,40566,40624,500,500,4376
223,22226091,22226107,22232047,5956,16,5940,45000,40624,40681,500,500,4319
224,22326139,22326155,22332066,5927,16,5911,45000,40681,40739,500,500,4261
225,22426188,22426204,22432060,5872,16,5856,45000,40739,40796,500,500,4204
226,22526235,22526251,22532052,5817,16,5801,45000,40796,40853,500,500,4147
227,22626282,22626298,22632059,5777,16,5761,45000,40853,40909,500,500,4091
228,22726348,22726364,22732068,5720,16,5704,45000,40909,40965,500,500,4035
229,22826396,22826412,22832056,5660,16,5644,45000,40965,41022,500,500,3978
230,22926442,22926458,22932051,5609,16,5593,45000,41022,41078,500,500,3922
231,23026490,23026507,23032063,5573,17,5556,45000,41078,41133,500,500,3867
232,23126539,23126555,23132069,5530,16,5514,45000,41133,41189,500,500,3811
233,23226586,23226602,23232057,5471,16,5455,45000,41189,41244,500,500,3756
234,23326634,23326650,23332062,5428,16,5412,45000,41244,41299,500,500,3701
235,23426683,23426699,23432087,5404,16,5388,45000,41299,41354,500,500,3646
236,23526730,23526746,23532084,5354,16,5338,45000,41354,41408,500,500,3592
237,23626778,23626793,23632070,5292,15,5277,45000,41408,41463,500,500,3537
238,23726824,23726840,23732059,5235,16,5219,45000,41463,41517,500,500,3483
239,23826872,23826888,23832064,5192,16,5176,45000,41517,41571,500,500,3429
240,23926920,23926936,23932059,5139,16,5123,45000,41571,41625,500,500,3375
241,24026967,24026983,24032062,5095,16,5079,45000,41625,41678,500,500,3322
242,24127014,24127030,24132067,5053,16,5037,45000,41678,41731,500,500,3269
243,24227061,24227077,24232054,4993,16,4977,45000,41731,41784,500,500,3216
244,24327108,24327124,24332064,4956,16,4940,45000,41784,41837,500,500,3163
245,24427156,24427172,24432068,4912,16,4896,45000,41837,41890,500,500,3110
246,24527203,24527219,24532057,4854,16,4838,45000,41890,41942,500,500,3058
247,24627251,24627267,24632056,4805,16,4789,45000,41942,41995,500,500,3005
248,24727298,24727314,24732067,4769,16,4753,45000,41995,42047,500,500,2953
249,24827347,24827363,24832073,4726,16,4710,45000,42047,42098,500,500,2902
250,24927395,24927411,24932060,4665,16,4649,45000,42098,42150,500,500,2850
251,25027442,25027458,25032055,4613,16,4597,45000,42150,42201,500,500,2799
252,25127489,25127505,25132084,4595,16,4579,45000,42201,42253,500,500,2747
253,25227557,25227573,25232099,4542,16,4526,45000,42253,42304,500,500,2696
254,25327603,25327619,25332091,4488,16,4472,45000,42304,42354,500,500,2646
255,25427649,25427665,25432074,4425,16,4409,45000,42354,42405,500,500,2595
256,25527696,25527712,25532059,4363,16,4347,45000,42405,42455,500,500,2545
257,25627743,25627759,25632044,4301,16,4285,45000,42455,42506,500,500,2494
258,25727790,25727806,25732061,4271,16,4255,45000,42506,42555,500,500,2445
259,25827836,25827852,25832068,4232,16,4216,45000,42555,42605,500,500,2395
260,25927881,25927898,25932057,4176,17,4159,45000,42605,42655,500,500,2345
261,26027927,26027943,26032045,4118,16,4102,45000,42655,42704,500,500,2296
262,26127973,26127989,26132094,4121,16,4105,45000,42704,42753,500,500,2247
263,26228021,26228037,26232096,4075,16,4059,45000,42753,42802,500,500,2198
264,26328067,26328084,26332080,4013,17,3996,45000,42802,42851,500,500,2149
265,26428114,26428130,26432061,3947,16,3931,45000,42851,42900,500,500,2100
266,26528161,26528177,26532066,3905,16,3889,45000,42900,42948,500,500,2052
267,26628207,26628223,26632055,3848,16,3832,45000,42948,42996,500,500,2004
268,26728253,26728269,26732067,3814,16,3798,45000,42996,43044,500,500,1956
269,26828300,26828316,26832061,3761,16,3745,45000,43044,43092,500,500,1908
270,26928346,26928363,26932053,3707,17,3690,45000,43092,43140,500,500,1860
271,27028393,27028409,27032058,3665,16,3649,45000,43140,43187,500,500,1813
272,27128439,27128455,27132061,3622,16,3606,45000,43187,43235,500,500,1765
273,27228486,27228502,27232068,3582,16,3566,45000,43235,43282,500,500,1718
274,27328532,27328548,27332054,3522,16,3506,45000,43282,43328,500,500,1672
275,27428578,27428594,27432064,3486,16,3470,45000,43328,43375,500,500,1625
276,27528625,27528641,27532068,3443,16,3427,45000,43375,43422,500,500,1578
277,27628671,27628688,27632055,3384,17,3367,45000,43422,43468,500,500,1532
278,27728718,27728734,27732061,3343,16,3327,45000,43468,43514,500,500,1486
279,27828764,27828780,27832067,3303,16,3287,45000,43514,43560,500,500,1440
280,27928811,27928827,27932062,3251,16,3235,45000,43560,43606,500,500,1394
281,28028857,28028873,28032059,3202,16,3186,45000,43606,43651,500,500,1349
282,28128903,28128919,28132068,3165,16,3149,45000,43651,43697,500,500,1303
283,28228949,28228965,28232057,3108,16,3092,45000,43697,43742,500,500,1258
284,28328995,28329011,28332080,3085,16,3069,45000,43742,43787,500,500,1213
285,28429063,28429079,28432066,3003,16,2987,45000,43787,43832,500,500,1168
286,28529110,28529126,28532059,2949,16,2933,45000,43832,43877,500,500,1123
287,28629156,28629172,28632057,2901,16,2885,45000,43877,43921,500,500,1079
288,28729203,28729219,28732062,2859,16,2843,45000,43921,43965,500,500,1035
289,28829249,28829265,28832073,2824,16,2808,45000,43965,44010,500,500,990
290,28929296,28929312,28932224,2928,16,2912,45000,44010,44053,500,500,947
291,29029341,29029357,29032306,2965,16,2949,45000,44053,44097,500,500,903
292,29129387,29129403,29132379,2992,16,2976,45000,44097,44141,500,500,859
293,29229432,29229448,29232446,3014,16,2998,45000,44141,44184,500,500,816
294,29329478,29329493,29332513,3035,15,3020,45000,44184,44228,500,500,772
295,29429523,29429539,29432568,3045,16,3029,45000,44228,44271,500,500,729
296,29529571,29529587,29532634,3063,16,3047,45000,44271,44314,500,500,686
297,29629637,29629653,29632719,3082,16,3066,45000,44314,44356,500,500,644
298,29729693,29729709,29732778,3085,16,3069,45000,44356,44399,500,500,601
299,29829758,29829774,29832851,3093,16,3077,45000,44399,44441,500,500,559
300,29929805,29929821,29934904,5099,16,5083,45000,44441,44484,500,500,516
301,30029855,30029871,30032960,3105,16,3089,45000,44484,44526,500,500,474
302,30129899,30129915,30133000,3101,16,3085,45000,44526,44568,500,500,432
303,30229945,30229961,30233002,3057,16,3041,45000,44568,44609,500,500,391
304,30329991,30330007,30332997,3006,16,2990,45000,44609,44651,500,500,349
305,30430036,30430052,30432993,2957,16,2941,45000,44651,44692,500,500,308
306,30530082,30530098,30533005,2923,16,2907,45000,44692,44733,500,500,267
307,30630128,30630145,30632998,2870,17,2853,45000,44733,44774,500,500,226
308,30730174,30730190,30733002,2828,16,2812,45000,44774,44815,500,500,185
309,30830219,30830235,30832036,1817,16,1801,45000,44815,44856,500,500,144
310,30930265,30930281,30942033,11768,16,11752,45000,44856,44897,500,500,103
311,31030324,31030340,31042101,11777,16,11761,45000,44897,44937,500,500,63
312,31130369,31130386,31142079,11710,17,11693,45000,44937,44977,500,500,23
313,31230416,31230432,31242067,11651,16,11635,45000,44977,45017,500,500,-17
314,31330462,31330478,31342069,11607,16,11591,45000,45017,45057,500,500,-57
315,31430509,31430525,31442081,11572,16,11556,45000,45057,45097,500,500,-97
316,31530555,31530571,31542091,11536,16,11520,45000,45097,45137,500,500,-137
317,31630602,31630618,31642083,11481,16,11465,45000,45137,45176,500,500,-176
318,31730648,31730664,31742075,11427,16,11411,45000,45176,45216,500,500,-216
319,31830694,31830710,31842051,11357,16,11341,45000,45216,45255,500,500,-255
320,31930742,31930759,31942061,11319,17,11302,45000,45255,45294,500,500,-294
321,32030789,32030805,32042056,11267,16,11251,45000,45294,45332,500,500,-332
322,32130836,32130852,32142061,11225,16,11209,45000,45332,45371,500,500,-371
323,32230883,32230899,32242063,11180,16,11164,45000,45371,45410,500,500,-410
324,32330929,32330945,32342056,11127,16,11111,45000,45410,45448,500,500,-448
325,32430976,32430992,32442062,11086,16,11070,45000,45448,45486,500,500,-486
326,32531023,32531039,32542058,11035,16,11019,45000,45486,45524,500,500,-524
327,32631069,32631085,32642060,10991,16,10975,45000,45524,45562,500,500,-562
328,32731116,32731132,32742057,10941,16,10925,45000,45562,45600,500,500,-600
329,32831162,32831178,32842062,10900,16,10884,45000,45600,45638,500,500,-638
330,32931209,32931225,32942060,10851,16,10835,45000,45638,45675,500,500,-675
331,33031257,33031273,33042058,10801,16,10785,45000,45675,45712,500,500,-712
332,33131304,33131320,33142064,10760,16,10744,45000,45712,45749,500,500,-749
333,33231352,33231368,33242058,10706,16,10690,45000,45749,45786,500,500,-786
334,33331400,33331416,33342059,10659,16,10643,45000,45786,45823,500,500,-823
335,33431449,33431465,33442057,10608,16,10592,45000,45823,45860,500,500,-860
336,33531497,33531513,33542064,10567,16,10551,45000,45860,45897,500,500,-897
337,33631544,33631560,33642087,10543,16,10527,45000,45897,45933,500,500,-933
338,33731593,33731608,33742092,10499,15,10484,45000,45933,45969,500,500,-969
339,33831640,33831656,33842078,10438,16,10422,45000,45969,46005,500,500,-1005
340,33931688,33931704,33942062,10374,16,10358,45000,46005,46041,500,500,-1041
341,34031736,34031752,34042066,10330,16,10314,45000,46041,46077,500,500,-1077
342,34131802,34131818,34142056,10254,16,10238,45000,46077,46113,500,500,-1113
343,34231850,34231866,34242073,10223,16,10207,45000,46113,46148,500,500,-1148
344,34331898,34331914,34342062,10164,16,10148,45000,46148,46184,500,500,-1184
345,34431946,34431962,34442066,10120,16,10104,45000,46184,46219,500,500,-1219
346,34531994,34532010,34542055,10061,16,10045,45000,46219,46254,500,500,-1254
347,34632042,34632058,34642063,10021,16,10005,45000,46254,46289,500,500,-1289
348,34732089,34732106,34742060,9971,17,9954,45000,46289,46324,500,500,-1324
349,34832137,34832153,34842066,9929,16,9913,45000,46324,46359,500,500,-1359
350,34932186,34932202,34942055,9869,16,9853,45000,46359,46393,500,500,-1393
351,35032234,35032250,35042072,9838,16,9822,45000,46393,46428,500,500,-1428
352,35132283,35132299,35142059,9776,16,9760,45000,46428,46462,500,500,-1462
353,35232348,35232364,35242052,9704,16,9688,45000,46462,46496,500,500,-1496
354,35332394,35332410,35342062,9668,16,9652,45000,46496,46530,500,500,-1530
355,35432441,35432458,35442058,9617,17,9600,45000,46530,46564,500,500,-1564
356,35532489,35532505,35542054,9565,16,9549,45000,46564,46598,500,500,-1598
357,35632536,35632552,35642060,9524,16,9508,45000,46598,46631,500,500,-1631
358,35732584,35732600,35742070,9486,16,9470,45000,46631,46665,500,500,-1665
359,35832631,35832647,35842057,9426,16,9410,45000,46665,46698,500,500,-1698
360,35932678,35932694,35942062,9384,16,9368,45000,46698,46731,500,500,-1731
361,36032727,36032743,36042064,9337,16,9321,45000,46731,46765,500,500,-1765
362,36132775,36132791,36142068,9293,16,9277,45000,46765,46797,500,500,-1797
363,36232823,36232839,36242055,9232,16,9216,45000,46797,46830,500,500,-1830
364,36332870,36332886,36342058,9188,16,9172,45000,46830,46863,500,500,-1863
365,36432918,36432934,36442086,9168,16,9152,45000,46863,46895,500,500,-1895
366,36532966,36532982,36542090,9124,16,9108,45000,46895,46928,500,500,-1928
367,36633013,36633030,36642062,9049,17,9032,45000,46928,46960,500,500,-1960
368,36733060,36733077,36742069,9009,17,8992,45000,46960,46992,500,500,-1992
369,36833108,36833125,36842056,8948,17,8931,45000,46992,47024,500,500,-2024
370,36933156,36933172,36942061,8905,16,8889,45000,47024,47056,500,500,-2056
371,37033204,37033221,37042068,8864,17,8847,45000,47056,47088,500,500,-2088
372,37133252,37133268,37142057,8805,16,8789,45000,47088,47120,500,500,-2120
373,37233300,37233316,37242047,8747,16,8731,45000,47120,47151,500,500,-2151
374,37333347,37333363,37342067,8720,16,8704,45000,47151,47183,500,500,-2183
375,37433396,37433412,37442061,8665,16,8649,45000,47183,47214,500,500,-2214
376,37533443,37533459,37542070,8627,16,8611,45000,47214,47245,500,500,-2245
377,37633491,37633507,37642058,8567,16,8551,45000,47245,47276,500,500,-2276
378,37733539,37733555,37742062,8523,16,8507,45000,47276,47307,500,500,-2307
379,37833588,37833604,37842063,8475,16,8459,45000,47307,47338,500,500,-2338
380,37933635,37933651,37942052,8417,16,8401,45000,47338,47368,500,500,-2368
381,38033683,38033699,38042052,8369,16,8353,45000,47368,47399,500,500,-2399
382,38133730,38133746,38142071,8341,16,8325,45000,47399,47429,500,500,-2429
383,38233779,38233795,38242059,8280,16,8264,45000,47429,47460,500,500,-2460
384,38333826,38333842,38342051,8225,16,8209,45000,47460,47490,500,500,-2490
385,38433873,38433889,38442073,8200,16,8184,45000,47490,47520,500,500,-2520
386,38533922,38533938,38542060,8138,16,8122,45000,47520,47550,500,500,-2550
387,38633970,38633985,38642062,8092,15,8077,45000,47550,47580,500,500,-2580
388,38734018,38734034,38742059,8041,16,8025,45000,47580,47609,500,500,-2609
389,38834065,38834081,38842068,8003,16,7987,45000,47609,47639,500,500,-2639
390,38934113,38934129,38942057,7944,16,7928,45000,47639,47668,500,500,-2668
391,39034160,39034177,39042053,7893,17,7876,45000,47668,47698,500,500,-2698
392,39134209,39134225,39142100,7891,16,7875,45000,47698,47727,500,500,-2727
393,39234258,39234274,39242087,7829,16,7813,45000,47727,47756,500,500,-2756
394,39334306,39334322,39342077,7771,16,7755,45000,47756,47785,500,500,-2785
395,39434354,39434370,39442061,7707,16,7691,45000,47785,47814,500,500,-2814
396,39534401,39534417,39542066,7665,16,7649,45000,47814,47842,500,500,-2842
397,39634449,39634465,39642057,7608,16,7592,45000,47842,47871,500,500,-2871
398,39734496,39734513,39742073,7577,17,7560,45000,47871,47900,500,500,-2900
399,39834544,39834560,39842060,7516,16,7500,45000,47900,47928,500,500,-2928
400,39934591,39934608,39944896,10305,17,10288,45000,47928,47956,500,500,-2956
401,40034642,40034658,40042009,7367,16,7351,45000,47956,47984,500,500,-2984
402,40134691,40134707,40142083,7392,16,7376,45000,47984,48012,500,500,-3012
403,40234740,40234756,40242058,7318,16,7302,45000,48012,48040,500,500,-3040
404,40334788,40334804,40342051,7263,16,7247,45000,48040,48068,500,500,-3068
405,40434835,40434851,40442071,7236,16,7220,45000,48068,48096,500,500,-3096
406,40534884,40534900,40542065,7181,16,7165,45000,48096,48124,500,500,-3124
407,40634931,40634947,40642058,7127,16,7111,45000,48124,48151,500,500,-3151
408,40734978,40734995,40742058,7080,17,7063,45000,48151,48179,500,500,-3179
409,40835026,40835042,40842048,7022,16,7006,45000,48179,48206,500,500,-3206
410,40935073,40935090,40942059,6986,17,6969,45000,48206,48233,500,500,-3233
411,41035122,41035138,41042057,6935,16,6919,45000,48233,48260,500,500,-3260
412,41135169,41135185,41142047,6878,16,6862,45000,48260,48287,500,500,-3287
413,41235217,41235233,41242063,6846,16,6830,45000,48287,48314,500,500,-3314
414,41335265,41335281,41342065,6800,16,6784,45000,48314,48341,500,500,-3341
415,41435312,41435328,41442052,6740,16,6724,45000,48341,48367,500,500,-3367
416,41535359,41535376,41542067,6708,17,6691,45000,48367,48394,500,500,-3394
417,41635408,41635424,41642069,6661,16,6645,45000,48394,48420,500,500,-3420
418,41735455,41735471,41742054,6599,16,6583,45000,48420,48447,500,500,-3447
419,41835502,41835518,41842073,6571,16,6555,45000,48447,48473,500,500,-3473
420,41935550,41935566,41942098,6548,16,6532,45000,48473,48499,500,500,-3499
421,42035597,42035613,42042088,6491,16,6475,45000,48499,48525,500,500,-3525
422,42135645,42135661,42142062,6417,16,6401,45000,48525,48551,500,500,-3551
423,42235693,42235708,42242055,6362,15,6347,45000,48551,48577,500,500,-3577
424,42335740,42335756,42342055,6315,16,6299,45000,48577,48602,500,500,-3602
425,42435788,42435804,42442056,6268,16,6252,45000,48602,48628,500,500,-3628
426,42535836,42535852,42542060,6224,16,6208,45000,48628,48653,500,500,-3653
427,42635883,42635899,42642055,6172,16,6156,45000,48653,48679,500,500,-3679
428,42735931,42735947,42742051,6120,16,6104,45000,48679,48704,500,500,-3704
429,42835978,42835994,42842073,6095,16,6079,45000,48704,48729,500,500,-3729
430,42936027,42936043,42942060,6033,16,6017,45000,48729,48754,500,500,-3754
431,43036073,43036089,43042054,5981,16,5965,45000,48754,48779,500,500,-3779
432,43136121,43136137,43142072,5951,16,5935,45000,48779,48804,500,500,-3804
433,43236168,43236184,43242061,5893,16,5877,45000,48804,48829,500,500,-3829
434,43336216,43336232,43342058,5842,16,5826,45000,48829,48854,500,500,-3854
435,43436263,43436280,43442047,5784,17,5767,45000,48854,48878,500,500,-3878
436,43536311,43536327,43542072,5761,16,5745,45000,48878,48903,500,500,-3903
437,43636359,43636376,43642076,5717,17,5700,45000,48903,48927,500,500,-3927
438,43736407,43736423,43742062,5655,16,5639,45000,48927,48951,500,500,-3951
439,43836454,43836470,43842057,5603,16,5587,45000,48951,48976,500,500,-3976
440,43936502,43936518,43942067,5565,16,5549,45000,48976,49000,500,500,-4000
441,44036550,44036566,44042074,5524,16,5508,45000,49000,49024,500,500,-4024
442,44136598,44136614,44142066,5468,16,5452,45000,49024,49048,500,500,-4048
443,44236645,44236661,44242074,5429,16,5413,45000,49048,49071,500,500,-4071
444,44336694,44336710,44342063,5369,16,5353,45000,49071,49095,500,500,-4095
445,44436741,44436757,44442067,5326,16,5310,45000,49095,49119,500,500,-4119
446,44536789,44536806,44542056,5267,17,5250,45000,49119,49142,500,500,-4142
447,44636837,44636853,44642087,5250,16,5234,45000,49142,49166,500,500,-4166
448,44736904,44736920,44742058,5154,16,5138,45000,49166,49189,500,500,-4189
449,44836951,44836967,44842071,5120,16,5104,45000,49189,49212,500,500,-4212
450,44936999,44937015,44942062,5063,16,5047,45000,49212,49235,500,500,-4235
451,45037046,45037062,45042053,5007,16,4991,45000,49235,49258,500,500,-4258
452,45137094,45137110,45142052,4958,16,4942,45000,49258,49281,500,500,-4281
453,45237142,45237157,45242071,4929,15,4914,45000,49281,49304,500,500,-4304
454,45337191,45337207,45342059,4868,16,4852,45000,49304,49327,500,500,-4327
455,45437239,45437255,45442051,4812,16,4796,45000,49327,49350,500,500,-4350
456,45537286,45537302,45542061,4775,16,4759,45000,49350,49372,500,500,-4372
457,45637334,45637350,45642057,4723,16,4707,45000,49372,49395,500,500,-4395
458,45737382,45737398,45742057,4675,16,4659,45000,49395,49417,500,500,-4417
459,45837430,45837446,45842062,4632,16,4616,45000,49417,49440,500,500,-4440
460,45937478,45937494,45942061,4583,16,4567,45000,49440,49462,500,500,-4462
461,46037541,46037558,46042056,4515,17,4498,45000,49462,49484,500,500,-4484
462,46137562,46137578,46142056,4494,16,4478,45000,49484,49506,500,500,-4506
463,46237609,46237625,46242045,4436,16,4420,45000,49506,49528,500,500,-4528
464,46337655,46337671,46342061,4406,16,4390,45000,49528,49550,500,500,-4550
465,46437702,46437718,46442057,4355,16,4339,45000,49550,49572,500,500,-4572
466,46537748,46537765,46542063,4315,17,4298,45000,49572,49593,500,500,-4593
467,46637795,46637811,46642084,4289,16,4273,45000,49593,49615,500,500,-4615
468,46737842,46737857,46742079,4237,15,4222,45000,49615,49637,500,500,-4637
469,46837888,46837904,46842075,4187,16,4171,45000,49637,49658,500,500,-4658
470,46937934,46937950,46942066,4132,16,4116,45000,49658,49679,500,500,-4679
471,47037980,47037996,47042055,4075,16,4059,45000,49679,49701,500,500,-4701
472,47138027,47138043,47142051,4024,16,4008,45000,49701,49722,500,500,-4722
473,47238074,47238090,47242064,3990,16,3974,45000,49722,49743,500,500,-4743
474,47338120,47338137,47342061,3941,17,3924,45000,49743,49764,500,500,-4764
475,47438167,47438183,47442070,3903,16,3887,45000,49764,49785,500,500,-4785
476,47538213,47538229,47542057,3844,16,3828,45000,49785,49806,500,500,-4806
477,47638259,47638275,47642054,3795,16,3779,45000,49806,49827,500,500,-4827
478,47738306,47738321,47742057,3751,15,3736,45000,49827,49847,500,500,-4847
479,47838352,47838368,47842053,3701,16,3685,45000,49847,49868,500,500,-4868
480,47938398,47938414,47942071,3673,16,3657,45000,49868,49888,500,500,-4888
481,48038445,48038461,48042061,3616,16,3600,45000,49888,49909,500,500,-4909
482,48138491,48138507,48142055,3564,16,3548,45000,49909,49929,500,500,-4929
483,48238537,48238553,48242052,3515,16,3499,45000,49929,49950,500,500,-4950
484,48338584,48338599,48342064,3480,15,3465,45000,49950,49970,500,500,-4970
485,48438630,48438646,48442067,3437,16,3421,45000,49970,49990,500,500,-4990
486,48538676,48538692,48542055,3379,16,3363,45000,49990,50010,500,500,-5010
487,48638724,48638739,48642045,3321,15,3306,45000,50010,50030,500,500,-5030
488,48738771,48738787,48742065,3294,16,3278,45000,50030,50050,500,500,-5050
489,48838817,48838833,48842063,3246,16,3230,45000,50050,50070,500,500,-5070
490,48938863,48938879,48942052,3189,16,3173,45000,50070,50089,500,500,-5089
491,49038909,49038925,49042072,3163,16,3147,45000,50089,50109,500,500,-5109
492,49138956,49138972,49142060,3104,16,3088,45000,50109,50128,500,500,-5128
493,49239003,49239019,49242054,3051,16,3035,45000,50128,50148,500,500,-5148
494,49339050,49339066,49342062,3012,16,2996,45000,50148,50167,500,500,-5167
495,49439096,49439112,49442082,2986,16,2970,45000,50167,50187,500,500,-5187
496,49539143,49539159,49542078,2935,16,2919,45000,50187,50206,500,500,-5206
497,49639189,49639205,49642070,2881,16,2865,45000,50206,50225,500,500,-5225
498,49739236,49739253,49742059,2823,17,2806,45000,50225,50244,500,500,-5244
499,49839283,49839299,49842209,2926,16,2910,45000,50244,50263,500,500,-5263
500,49939328,49939344,49944902,5574,16,5558,45000,50263,50282,500,500,-5282
501,50039378,50039394,50042967,3589,16,3573,45000,50282,50301,500,500,-5301
502,50139422,50139438,50143001,3579,16,3563,45000,50301,50320,500,500,-5320
503,50239469,50239485,50242994,3525,16,3509,45000,50320,50339,500,500,-5339
504,50339515,50339531,50343006,3491,16,3475,45000,50339,50357,500,500,-5357
505,50439561,50439577,50442999,3438,16,3422,45000,50357,50376,500,500,-5376
506,50539606,50539622,50542998,3392,16,3376,45000,50376,50394,500,500,-5394
507,50639652,50639668,50642993,3341,16,3325,45000,50394,50413,500,500,-5413
508,50739698,50739714,50743001,3303,16,3287,45000,50413,50431,500,500,-5431
509,50839743,50839759,50842994,3251,16,3235,45000,50431,50449,500,500,-5449
510,50939788,50939805,50942994,3206,17,3189,45000,50449,50468,500,500,-5468
511,51039833,51039849,51042999,3166,16,3150,45000,50468,50486,500,500,-5486
512,51139900,51139916,51142995,3095,16,3079,45000,50486,50504,500,500,-5504
513,51239946,51239962,51242995,3049,16,3033,45000,50504,50522,500,500,-5522
514,51339991,51340007,51342992,3001,16,2985,45000,50522,50540,500,500,-5540
515,51440036,51440053,51443002,2966,17,2949,45000,50540,50558,500,500,-5558
516,51540082,51540098,51542995,2913,16,2897,45000,50558,50575,500,500,-5575
517,51640127,51640144,51642999,2872,17,2855,45000,50575,50593,500,500,-5593
518,51740173,51740189,51743004,2831,16,2815,45000,50593,50611,500,500,-5611
519,51840218,51840234,51842030,1812,16,1796,45000,50611,50628,500,500,-5628
520,51940263,51940280,51952075,11812,17,11795,45000,50628,50646,500,500,-5646
521,52040323,52040339,52052077,11754,16,11738,45000,50646,50663,500,500,-5663
522,52140368,52140384,52152100,11732,16,11716,45000,50663,50680,500,500,-5680
523,52240414,52240430,52252097,11683,16,11667,45000,50680,50698,500,500,-5698
524,52340460,52340476,52352091,11631,16,11615,45000,50698,50715,500,500,-5715
525,52440507,52440523,52452082,11575,16,11559,45000,50715,50732,500,500,-5732
526,52540553,52540569,52552073,11520,16,11504,45000,50732,50749,500,500,-5749
527,52640600,52640616,52652080,11480,16,11464,45000,50749,50766,500,500,-5766
528,52740647,52740663,52752064,11417,16,11401,45000,50766,50783,500,500,-5783
529,52840693,52840709,52852088,11395,16,11379,45000,50783,50800,500,500,-5800
530,52940739,52940755,52952056,11317,16,11301,45000,50800,50817,500,500,-5817
531,53040785,53040801,53052050,11265,16,11249,45000,50817,50833,500,500,-5833
532,53140832,53140848,53152062,11230,16,11214,45000,50833,50850,500,500,-5850
533,53240880,53240896,53252059,11179,16,11163,45000,50850,50867,500,500,-5867
534,53340926,53340942,53352067,11141,16,11125,45000,50867,50883,500,500,-5883
535,53440973,53440989,53452054,11081,16,11065,45000,50883,50900,500,500,-5900
536,53541019,53541035,53552062,11043,16,11027,45000,50900,50916,500,500,-5916
537,53641066,53641082,53652066,11000,16,10984,45000,50916,50932,500,500,-5932
538,53741112,53741129,53752052,10940,17,10923,45000,50932,50949,500,500,-5949
539,53841160,53841176,53852053,10893,16,10877,45000,50949,50965,500,500,-5965
540,53941206,53941222,53952059,10853,16,10837,45000,50965,50981,500,500,-5981
541,54041254,54041270,54052051,10797,16,10781,45000,50981,50997,500,500,-5997
542,54141302,54141318,54152059,10757,16,10741,45000,50997,51013,500,500,-6013
543,54241350,54241366,54252066,10716,16,10700,45000,51013,51029,500,500,-6029
544,54341398,54341414,54352054,10656,16,10640,45000,51029,51045,500,500,-6045
545,54441446,54441462,54452048,10602,16,10586,45000,51045,51061,500,500,-6061
546,54541494,54541510,54552062,10568,16,10552,45000,51061,51077,500,500,-6077
547,54641541,54641557,54652066,10525,16,10509,45000,51077,51092,500,500,-6092
548,54741589,54741605,54752051,10462,16,10446,45000,51092,51108,500,500,-6108
549,54841637,54841654,54852079,10442,17,10425,45000,51108,51123,500,500,-6123
550,54941703,54941719,54952086,10383,16,10367,45000,51123,51139,500,500,-6139
551,55041751,55041768,55052078,10327,17,10310,45000,51139,51154,500,500,-6154
552,55141799,55141815,55152063,10264,16,10248,45000,51154,51170,500,500,-6170
553,55241847,55241863,55252056,10209,16,10193,45000,51170,51185,500,500,-6185
554,55341895,55341911,55352064,10169,16,10153,45000,51185,51200,500,500,-6200
555,55441943,55441959,55452058,10115,16,10099,45000,51200,51216,500,500,-6216
556,55541991,55542008,55552058,10067,17,10050,45000,51216,51231,500,500,-6231
557,55642040,55642056,55652062,10022,16,10006,45000,51231,51246,500,500,-6246
558,55742087,55742103,55752052,9965,16,9949,45000,51246,51261,500,500,-6261
559,55842135,55842151,55852062,9927,16,9911,45000,51261,51276,500,500,-6276
560,55942184,55942200,55952066,9882,16,9866,45000,51276,51291,500,500,-6291
561,56042231,56042247,56052052,9821,16,9805,45000,51291,51305,500,500,-6305
562,56142279,56142296,56152061,9782,17,9765,45000,51305,51320,500,500,-6320
563,56242344,56242360,56252070,9726,16,9710,45000,51320,51335,500,500,-6335
564,56342381,56342398,56352060,9679,17,9662,45000,51335,51350,500,500,-6350
565,56442428,56442444,56452069,9641,16,9625,45000,51350,51364,500,500,-6364
566,56542476,56542492,56552057,9581,16,9565,45000,51364,51379,500,500,-6379
567,56642523,56642539,56652043,9520,16,9504,45000,51379,51393,500,500,-6393
568,56742571,56742588,56752057,9486,17,9469,45000,51393,51408,500,500,-6408
569,56842639,56842655,56852054,9415,16,9399,45000,51408,51422,500,500,-6422
570,56942687,56942703,56952044,9357,16,9341,45000,51422,51436,500,500,-6436
571,57042734,57042750,57052060,9326,16,9310,45000,51436,51451,500,500,-6451
572,57142782,57142799,57152055,9273,17,9256,45000,51451,51465,500,500,-6465
573,57242830,57242846,57252044,9214,16,9198,45000,51465,51479,500,500,-6479
574,57342877,57342893,57352061,9184,16,9168,45000,51479,51493,500,500,-6493
575,57442925,57442941,57452054,9129,16,9113,45000,51493,51507,500,500,-6507
576,57542972,57542989,57552051,9079,17,9062,45000,51507,51521,500,500,-6521
577,57643020,57643036,57652101,9081,16,9065,45000,51521,51535,500,500,-6535
578,57743070,57743086,57752088,9018,16,9002,45000,51535,51549,500,500,-6549
579,57843117,57843133,57852086,8969,16,8953,45000,51549,51563,500,500,-6563
580,57943165,57943181,57952057,8892,16,8876,45000,51563,51576,500,500,-6576
581,58043212,58043229,58052057,8845,17,8828,45000,51576,51590,500,500,-6590
582,58143260,58143277,58152061,8801,17,8784,45000,51590,51604,500,500,-6604
583,58243308,58243324,58252061,8753,16,8737,45000,51604,51617,500,500,-6617
584,58343355,58343371,58352067,8712,16,8696,45000,51617,51631,500,500,-6631
585,58443403,58443419,58452053,8650,16,8634,45000,51631,51644,500,500,-6644
586,58543450,58543466,58552058,8608,16,8592,45000,51644,51658,500,500,-6658
587,58643498,58643515,58652061,8563,17,8546,45000,51658,51671,500,500,-6671
588,58743546,58743563,58752063,8517,17,8500,45000,51671,51684,500,500,-6684
589,58843594,58843610,58852053,8459,16,8443,45000,51684,51698,500,500,-6698
590,58943640,58943656,58952070,8430,16,8414,45000,51698,51711,500,500,-6711
591,59043690,59043706,59052058,8368,16,8352,45000,51711,51724,500,500,-6724
592,59143737,59143753,59152049,8312,16,8296,45000,51724,51737,500,500,-6737
593,59243785,59243801,59252062,8277,16,8261,45000,51737,51750,500,500,-6750
594,59343833,59343849,59352073,8240,16,8224,45000,51750,51763,500,500,-6763
595,59443880,59443897,59452062,8182,17,8165,45000,51763,51776,500,500,-6776
596,59543928,59543944,59552070,8142,16,8126,45000,51776,51789,500,500,-6789
597,59643976,59643992,59652059,8083,16,8067,45000,51789,51802,500,500,-6802
598,59744024,59744040,59752050,8026,16,8010,45000,51802,51815,500,500,-6815
599,59844071,59844088,59852071,8000,17,7983,45000,51815,51827,500,500,-6827
600,59944120,59944136,59954932,10812,16,10796,45000,51827,51840,500,500,-6840
601,60044169,60044186,60052013,7844,17,7827,65000,51840,51853,500,500,13147
602,60144217,60144233,60152057,7840,16,7824,65000,51853,51865,500,500,13135
603,60244267,60244283,60252061,7794,16,7778,65000,51865,51878,500,500,13122
604,60344314,60344330,60352071,7757,16,7741,65000,51878,51890,500,500,13110
605,60444361,60444378,60452058,7697,17,7680,65000,51890,51903,500,500,13097
606,60544409,60544425,60552051,7642,16,7626,65000,51903,51915,500,500,13085
607,60644456,60644472,60652060,7604,16,7588,65000,51915,51928,500,500,13072
608,60744503,60744519,60752056,7553,16,7537,65000,51928,51940,500,500,13060
609,60844550,60844566,60852062,7512,16,7496,65000,51940,51952,500,500,13048
610,60944598,60944614,60952057,7459,16,7443,65000,51952,51964,500,500,13036
611,61044644,61044660,61052059,7415,16,7399,65000,51964,51976,500,500,13024
612,61144692,61144708,61152065,7373,16,7357,65000,51976,51989,500,500,13011
613,61244739,61244755,61252051,7312,16,7296,65000,51989,52001,500,500,12999
614,61344787,61344803,61352063,7276,16,7260,65000,52001,52013,500,500,12987
615,61444835,61444851,61452056,7221,16,7205,65000,52013,52024,500,500,12976
616,61544883,61544899,61552055,7172,16,7156,65000,52024,52036,500,500,12964
617,61644930,61644946,61652047,7117,16,7101,65000,52036,52048,500,500,12952
618,61744977,61744993,61752060,7083,16,7067,65000,52048,52060,500,500,12940
619,61845025,61845042,61852055,7030,17,7013,65000,52060,52072,500,500,12928
620,61945073,61945089,61952052,6979,16,6963,65000,52072,52084,500,500,12916
621,62045120,62045136,62052071,6951,16,6935,65000,52084,52095,500,500,12905
622,62145168,62145184,62152059,6891,16,6875,65000,52095,52107,500,500,12893
623,62245215,62245231,62252063,6848,16,6832,65000,52107,52118,500,500,12882
624,62345263,62345279,62352066,6803,16,6787,65000,52118,52130,500,500,12870
625,62445310,62445327,62452083,6773,17,6756,65000,52130,52141,500,500,12859
626,62545379,62545396,62552085,6706,17,6689,65000,52141,52153,500,500,12847
627,62645426,62645443,62652060,6634,17,6617,65000,52153,52164,500,500,12836
628,62745473,62745489,62752067,6594,16,6578,65000,52164,52176,500,500,12824
629,62845521,62845538,62852057,6536,17,6519,65000,52176,52187,500,500,12813
630,62945568,62945584,62952061,6493,16,6477,65000,52187,52198,500,500,12802
631,63045615,63045631,63052061,6446,16,6430,65000,52198,52209,500,500,12791
632,63145662,63145678,63152069,6407,16,6391,65000,52209,52220,500,500,12780
633,63245710,63245726,63252056,6346,16,6330,65000,52220,52232,500,500,12768
634,63345758,63345774,63352050,6292,16,6276,65000,52232,52243,500,500,12757
635,63445804,63445821,63452060,6256,17,6239,65000,52243,52254,500,500,12746
636,63545853,63545869,63552064,6211,16,6195,65000,52254,52265,500,500,12735
637,63645899,63645916,63652050,6151,17,6134,65000,52265,52276,500,500,12724
638,63745947,63745964,63752060,6113,17,6096,65000,52276,52287,500,500,12713
639,63845994,63846010,63852055,6061,16,6045,65000,52287,52297,500,500,12703
640,63946042,63946058,63952063,6021,16,6005,65000,52297,52308,500,500,12692
641,64046090,64046106,64052058,5968,16,5952,65000,52308,52319,500,500,12681
642,64146137,64146154,64152059,5922,17,5905,65000,52319,52330,500,500,12670
643,64246185,64246201,64252065,5880,16,5864,65000,52330,52340,500,500,12660
644,64346232,64346248,64352052,5820,16,5804,65000,52340,52351,500,500,12649
645,64446279,64446295,64452062,5783,16,5767,65000,52351,52362,500,500,12638
646,64546326,64546343,64552056,5730,17,5713,65000,52362,52372,500,500,12628
647,64646374,64646390,64652051,5677,16,5661,65000,52372,52383,500,500,12617
648,64746421,64746437,64752044,5623,16,5607,65000,52383,52393,500,500,12607
649,64846468,64846484,64852062,5594,16,5578,65000,52393,52404,500,500,12596
650,64946516,64946532,64952066,5550,16,5534,65000,52404,52414,500,500,12586
651,65046563,65046579,65052052,5489,16,5473,65000,52414,52424,500,500,12576
652,65146610,65146626,65152086,5476,16,5460,65000,52424,52435,500,500,12565
653,65246678,65246694,65252085,5407,16,5391,65000,52435,52445,500,500,12555
654,65346725,65346740,65352073,5348,15,5333,65000,52445,52455,500,500,12545
655,65446772,65446788,65452065,5293,16,5277,65000,52455,52465,500,500,12535
656,65546819,65546835,65552054,5235,16,5219,65000,52465,52475,500,500,12525
657,65646866,65646882,65652062,5196,16,5180,65000,52475,52485,500,500,12515
658,65746914,65746930,65752064,5150,16,5134,65000,52485,52496,500,500,12504
659,65846962,65846978,65852069,5107,16,5091,65000,52496,52506,500,500,12494
660,65947009,65947025,65952055,5046,16,5030,65000,52506,52516,500,500,12484
661,66047057,66047073,66052051,4994,16,4978,65000,52516,52525,500,500,12475
662,66147104,66147120,66152066,4962,16,4946,65000,52525,52535,500,500,12465
663,66247152,66247168,66252064,4912,16,4896,65000,52535,52545,500,500,12455
664,66347199,66347215,66352055,4856,16,4840,65000,52545,52555,500,500,12445
665,66447246,66447262,66452041,4795,16,4779,65000,52555,52565,500,500,12435
666,66547294,66547310,66552061,4767,16,4751,65000,52565,52575,500,500,12425
667,66647342,66647358,66652066,4724,16,4708,65000,52575,52584,500,500,12416
668,66747389,66747406,66752051,4662,17,4645,65000,52584,52594,500,500,12406
669,66847437,66847454,66852061,4624,17,4607,65000,52594,52604,500,500,12396
670,66947485,66947502,66952056,4571,17,4554,65000,52604,52613,500,500,12387
671,67047548,67047564,67052052,4504,16,4488,65000,52613,52623,500,500,12377
672,67147592,67147608,67152068,4476,16,4460,65000,52623,52632,500,500,12368
673,67247639,67247655,67252061,4422,16,4406,65000,52632,52642,500,500,12358
674,67347685,67347701,67352054,4369,16,4353,65000,52642,52651,500,500,12349
675,67447732,67447748,67452050,4318,16,4302,65000,52651,52661,500,500,12339
676,67547777,67547793,67552061,4284,16,4268,65000,52661,52670,500,500,12330
677,67647824,67647840,67652058,4234,16,4218,65000,52670,52679,500,500,12321
678,67747869,67747885,67752062,4193,16,4177,65000,52679,52688,500,500,12312
679,67847916,67847932,67852068,4152,16,4136,65000,52688,52698,500,500,12302
680,67947962,67947978,67952093,4131,16,4115,65000,52698,52707,500,500,12293
681,68048010,68048026,68052082,4072,16,4056,65000,52707,52716,500,500,12284
682,68148055,68148071,68152070,4015,16,3999,65000,52716,52725,500,500,12275
683,68248103,68248119,68252058,3955,16,3939,65000,52725,52734,500,500,12266
684,68348149,68348165,68352053,3904,16,3888,65000,52734,52743,500,500,12257
685,68448195,68448212,68452051,3856,17,3839,65000,52743,52752,500,500,12248
686,68548242,68548258,68552059,3817,16,3801,65000,52752,52761,500,500,12239
687,68648289,68648305,68652054,3765,16,3749,65000,52761,52770,500,500,12230
688,68748335,68748351,68752051,3716,16,3700,65000,52770,52779,500,500,12221
689,68848381,68848397,68852074,3693,16,3677,65000,52779,52788,500,500,12212
690,68948427,68948443,68952063,3636,16,3620,65000,52788,52797,500,500,12203
691,69048473,69048490,69052067,3594,17,3577,65000,52797,52806,500,500,12194
692,69148520,69148536,69152057,3537,16,3521,65000,52806,52815,500,500,12185
693,69248566,69248582,69252052,3486,16,3470,65000,52815,52823,500,500,12177
694,69348612,69348629,69352056,3444,17,3427,65000,52823,52832,500,500,12168
695,69448659,69448675,69452053,3394,16,3378,65000,52832,52841,500,500,12159
696,69548705,69548721,69552051,3346,16,3330,65000,52841,52849,500,500,12151
697,69648751,69648767,69652070,3319,16,3303,65000,52849,52858,500,500,12142
698,69748798,69748814,69752057,3259,16,3243,65000,52858,52867,500,500,12133
699,69848844,69848860,69852050,3206,16,3190,65000,52867,52875,500,500,12125
700,69948890,69948906,69954902,6012,16,5996,65000,52875,52884,500,500,12116
701,70048939,70048955,70052008,3069,16,3053,65000,52884,52892,500,500,12108
702,70148985,70149001,70152055,3070,16,3054,65000,52892,52900,500,500,12100
703,70249033,70249049,70252064,3031,16,3015,65000,52900,52909,500,500,12091
704,70349079,70349095,70352057,2978,16,2962,65000,52909,52917,500,500,12083
705,70449125,70449141,70452066,2941,16,2925,65000,52917,52926,500,500,12074
706,70549171,70549187,70552053,2882,16,2866,65000,52926,52934,500,500,12066
707,70649217,70649233,70652089,2872,16,2856,65000,52934,52942,500,500,12058
708,70749284,70749300,70752277,2993,16,2977,65000,52942,52950,500,500,12050
709,70849329,70849345,70852358,3029,16,3013,65000,52950,52959,500,500,12041
710,70949374,70949390,70952393,3019,16,3003,65000,52959,52967,500,500,12033
711,71049421,71049437,71052480,3059,16,3043,65000,52967,52975,500,500,12025
712,71149467,71149482,71152545,3078,15,3063,65000,52975,52983,500,500,12017
713,71249513,71249529,71252622,3109,16,3093,65000,52983,52991,500,500,12009
714,71349558,71349574,71352668,3110,16,3094,65000,52991,52999,500,500,12001
715,71449623,71449639,71452759,3136,16,3120,65000,52999,53007,500,500,11993
716,71549669,71549685,71552816,3147,16,3131,65000,53007,53015,500,500,11985
717,71649716,71649732,71652882,3166,16,3150,65000,53015,53023,500,500,11977
718,71749782,71749798,71752967,3185,16,3169,65000,53023,53031,500,500,11969
719,71849828,71849844,71852992,3164,16,3148,65000,53031,53039,500,500,11961
720,71949892,71949908,71953006,3114,16,3098,65000,53039,53047,500,500,11953
721,72049937,72049953,72053000,3063,16,3047,65000,53047,53054,500,500,11946
722,72149983,72149999,72153001,3018,16,3002,65000,53054,53062,500,500,11938
723,72250028,72250044,72252996,2968,16,2952,65000,53062,53070,500,500,11930
724,72350073,72350089,72352998,2925,16,2909,65000,53070,53078,500,500,11922
725,72450119,72450135,72453001,2882,16,2866,65000,53078,53085,500,500,11915
726,72550164,72550180,72553003,2839,16,2823,65000,53085,53093,500,500,11907
727,72650210,72650225,72652013,1803,15,1788,65000,53093,53101,500,500,11899
728,72750255,72750271,72762075,11820,16,11804,65000,53101,53108,500,500,11892
729,72850316,72850333,72862078,11762,17,11745,65000,53108,53116,500,500,11884
730,72950348,72950364,72962060,11712,16,11696,65000,53116,53123,500,500,11877
731,73050395,73050411,73062076,11681,16,11665,65000,53123,53131,500,500,11869
732,73150441,73150457,73162071,11630,16,11614,65000,53131,53138,500,500,11862
733,73250487,73250503,73262080,11593,16,11577,65000,53138,53146,500,500,11854
734,73350532,73350548,73362087,11555,16,11539,65000,53146,53153,500,500,11847
735,73450579,73450595,73462104,11525,16,11509,65000,53153,53161,500,500,11839
736,73550626,73550642,73562107,11481,16,11465,65000,53161,53168,500,500,11832
737,73650672,73650688,73662072,11400,16,11384,65000,53168,53175,500,500,11825
738,73750718,73750734,73762056,11338,16,11322,65000,53175,53183,500,500,11817
739,73850764,73850780,73862053,11289,16,11273,65000,53183,53190,500,500,11810
740,73950812,73950828,73962059,11247,16,11231,65000,53190,53197,500,500,11803
741,74050859,74050875,74062066,11207,16,11191,65000,53197,53204,500,500,11796
742,74150906,74150922,74162054,11148,16,11132,65000,53204,53211,500,500,11789
743,74250953,74250969,74262061,11108,16,11092,65000,53211,53219,500,500,11781
744,74350999,74351015,74362064,11065,16,11049,65000,53219,53226,500,500,11774
745,74451045,74451062,74462066,11021,17,11004,65000,53226,53233,500,500,11767
746,74551092,74551108,74562055,10963,16,10947,65000,53233,53240,500,500,11760
747,74651139,74651155,74662059,10920,16,10904,65000,53240,53247,500,500,11753
748,74751185,74751202,74762061,10876,17,10859,65000,53247,53254,500,500,11746
749,74851233,74851249,74862054,10821,16,10805,65000,53254,53261,500,500,11739
750,74951281,74951297,74962049,10768,16,10752,65000,53261,53268,500,500,11732
751,75051329,75051345,75062070,10741,16,10725,65000,53268,53275,500,500,11725
752,75151377,75151393,75162064,10687,16,10671,65000,53275,53282,500,500,11718
753,75251425,75251441,75262068,10643,16,10627,65000,53282,53289,500,500,11711
754,75351473,75351489,75362059,10586,16,10570,65000,53289,53295,500,500,11705
755,75451521,75451537,75462053,10532,16,10516,65000,53295,53302,500,500,11698
756,75551569,75551585,75562083,10514,16,10498,65000,53302,53309,500,500,11691
757,75651634,75651650,75662069,10435,16,10419,65000,53309,53316,500,500,11684
758,75751682,75751698,75762072,10390,16,10374,65000,53316,53323,500,500,11677
759,75851729,75851745,75862060,10331,16,10315,65000,53323,53329,500,500,11671
760,75951778,75951794,75962053,10275,16,10259,65000,53329,53336,500,500,11664
761,76051825,76051841,76062050,10225,16,10209,65000,53336,53343,500,500,11657
762,76151873,76151889,76162086,10213,16,10197,65000,53343,53349,500,500,11651
763,76251942,76251958,76262057,10115,16,10099,65000,53349,53356,500,500,11644
764,76351990,76352006,76362059,10069,16,10053,65000,53356,53362,500,500,11638
765,76452037,76452054,76462058,10021,17,10004,65000,53362,53369,500,500,11631
766,76552085,76552101,76562063,9978,16,9962,65000,53369,53376,500,500,11624
767,76652133,76652149,76662051,9918,16,9902,65000,53376,53382,500,500,11618
768,76752181,76752197,76762071,9890,16,9874,65000,53382,53388,500,500,11612
769,76852229,76852245,76862059,9830,16,9814,65000,53388,53395,500,500,11605
770,76952277,76952293,76962064,9787,16,9771,65000,53395,53401,500,500,11599
771,77052343,77052361,77062059,9716,18,9698,65000,53401,53408,500,500,11592
772,77152384,77152400,77162056,9672,16,9656,65000,53408,53414,500,500,11586
773,77252431,77252447,77262056,9625,16,9609,65000,53414,53420,500,500,11580
774,77352479,77352495,77362061,9582,16,9566,65000,53420,53427,500,500,11573
775,77452527,77452543,77462063,9536,16,9520,65000,53427,53433,500,500,11567
776,77552574,77552590,77562066,9492,16,9476,65000,53433,53439,500,500,11561
777,77652622,77652638,77662055,9433,16,9417,65000,53439,53446,500,500,11554
778,77752668,77752685,77762059,9391,17,9374,65000,53446,53452,500,500,11548
779,77852718,77852734,77862069,9351,16,9335,65000,53452,53458,500,500,11542
780,77952765,77952781,77962055,9290,16,9274,65000,53458,53464,500,500,11536
781,78052812,78052828,78062049,9237,16,9221,65000,53464,53470,500,500,11530
782,78152860,78152876,78162083,9223,16,9207,65000,53470,53476,500,500,11524
783,78252927,78252943,78262077,9150,16,9134,65000,53476,53483,500,500,11517
784,78352973,78352989,78362084,9111,16,9095,65000,53483,53489,500,500,11511
785,78453022,78453038,78462062,9040,16,9024,65000,53489,53495,500,500,11505
786,78553069,78553085,78562054,8985,16,8969,65000,53495,53501,500,500,11499
787,78653117,78653133,78662050,8933,16,8917,65000,53501,53507,500,500,11493
788,78753164,78753180,78762066,8902,16,8886,65000,53507,53513,500,500,11487
789,78853213,78853229,78862071,8858,16,8842,65000,53513,53519,500,500,11481
790,78953260,78953276,78962058,8798,16,8782,65000,53519,53524,500,500,11476
791,79053307,79053324,79062050,8743,17,8726,65000,53524,53530,500,500,11470
792,79153355,79153371,79162060,8705,16,8689,65000,53530,53536,500,500,11464
793,79253403,79253419,79262066,8663,16,8647,65000,53536,53542,500,500,11458
794,79353451,79353467,79362054,8603,16,8587,65000,53542,53548,500,500,11452
795,79453498,79453514,79462058,8560,16,8544,65000,53548,53554,500,500,11446
796,79553546,79553562,79562060,8514,16,8498,65000,53554,53560,500,500,11440
797,79653595,79653611,79662054,8459,16,8443,65000,53560,53565,500,500,11435
798,79753641,79753657,79762060,8419,16,8403,65000,53565,53571,500,500,11429
799,79853689,79853705,79862063,8374,16,8358,65000,53571,53577,500,500,11423
800,79953737,79953753,79964898,11161,16,11145,65000,53577,53582,500,500,11418
801,80053787,80053803,80062005,8218,16,8202,65000,53582,53588,500,500,11412
802,80153836,80153852,80162079,8243,16,8227,65000,53588,53594,500,500,11406
803,80253884,80253900,80262066,8182,16,8166,65000,53594,53599,500,500,11401
804,80353931,80353948,80362054,8123,17,8106,65000,53599,53605,500,500,11395
805,80453979,80453995,80462062,8083,16,8067,65000,53605,53611,500,500,11389
806,80554027,80554042,80562059,8032,15,8017,65000,53611,53616,500,500,11384
807,80654074,80654091,80662057,7983,17,7966,65000,53616,53622,500,500,11378
808,80754122,80754138,80762062,7940,16,7924,65000,53622,53627,500,500,11373
809,80854171,80854186,80862068,7897,15,7882,65000,53627,53633,500,500,11367
810,80954218,80954234,80962089,7871,16,7855,65000,53633,53638,500,500,11362
811,81054266,81054281,81062076,7810,15,7795,65000,53638,53644,500,500,11356
812,81154313,81154329,81162062,7749,16,7733,65000,53644,53649,500,500,11351
813,81254360,81254376,81262066,7706,16,7690,65000,53649,53654,500,500,11346
814,81354407,81354423,81362057,7650,16,7634,65000,53654,53660,500,500,11340
815,81454454,81454470,81462069,7615,16,7599,65000,53660,53665,500,500,11335
816,81554502,81554518,81562063,7561,16,7545,65000,53665,53671,500,500,11329
817,81654549,81654565,81662057,7508,16,7492,65000,53671,53676,500,500,11324
818,81754596,81754613,81762066,7470,17,7453,65000,53676,53681,500,500,11319
819,81854644,81854660,81862061,7417,16,7401,65000,53681,53686,500,500,11314
820,81954691,81954707,81962060,7369,16,7353,65000,53686,53692,500,500,11308
821,82054738,82054754,82062056,7318,16,7302,65000,53692,53697,500,500,11303
822,82154784,82154801,82162052,7268,17,7251,65000,53697,53702,500,500,11298
823,82254831,82254847,82262068,7237,16,7221,65000,53702,53707,500,500,11293
824,82354880,82354896,82362060,7180,16,7164,65000,53707,53712,500,500,11288
825,82454927,82454942,82462063,7136,15,7121,65000,53712,53718,500,500,11282
826,82554974,82554990,82562058,7084,16,7068,65000,53718,53723,500,500,11277
827,82655021,82655037,82662057,7036,16,7020,65000,53723,53728,500,500,11272
828,82755069,82755085,82762055,6986,16,6970,65000,53728,53733,500,500,11267
829,82855116,82855132,82862046,6930,16,6914,65000,53733,53738,500,500,11262
830,82955164,82955180,82962063,6899,16,6883,65000,53738,53743,500,500,11257
831,83055211,83055227,83062066,6855,16,6839,65000,53743,53748,500,500,11252
832,83155258,83155275,83162053,6795,17,6778,65000,53748,53753,500,500,11247
833,83255306,83255322,83262069,6763,16,6747,65000,53753,53758,500,500,11242
834,83355354,83355370,83362059,6705,16,6689,65000,53758,53763,500,500,11237
835,83455402,83455418,83462054,6652,16,6636,65000,53763,53768,500,500,11232
836,83555449,83555465,83562050,6601,16,6585,65000,53768,53773,500,500,11227
837,83655497,83655513,83662087,6590,16,6574,65000,53773,53778,500,500,11222
838,83755565,83755581,83762088,6523,16,6507,65000,53778,53783,500,500,11217
839,83855612,83855628,83862076,6464,16,6448,65000,53783,53788,500,500,11212
840,83955659,83955675,83962067,6408,16,6392,65000,53788,53792,500,500,11208
841,84055707,84055723,84062057,6350,16,6334,65000,53792,53797,500,500,11203
842,84155754,84155771,84162045,6291,17,6274,65000,53797,53802,500,500,11198
843,84255802,84255818,84262064,6262,16,6246,65000,53802,53807,500,500,11193
844,84355851,84355867,84362058,6207,16,6191,65000,53807,53812,500,500,11188
845,84455899,84455915,84462052,6153,16,6137,65000,53812,53816,500,500,11184
846,84555947,84555963,84562051,6104,16,6088,65000,53816,53821,500,500,11179
847,84655994,84656011,84662062,6068,17,6051,65000,53821,53826,500,500,11174
848,84756043,84756059,84762059,6016,16,6000,65000,53826,53831,500,500,11169
849,84856089,84856105,84862065,5976,16,5960,65000,53831,53835,500,500,11165
850,84956137,84956153,84962055,5918,16,5902,65000,53835,53840,500,500,11160
851,85056184,85056201,85062071,5887,17,5870,65000,53840,53810,500,500,11190
852,85156233,85156249,85162058,5825,16,5809,65000,53810,53779,500,500,11221
853,85256280,85256297,85262062,5782,17,5765,65000,53779,53749,500,500,11251
854,85356347,85356363,85362058,5711,16,5695,65000,53749,53719,500,500,11281
855,85456394,85456410,85462067,5673,16,5657,65000,53719,53689,500,500,11311
856,85556441,85556457,85562054,5613,16,5597,65000,53689,53660,500,500,11340
857,85656489,85656505,85662060,5571,16,5555,65000,53660,53630,500,500,11370
858,85756537,85756553,85762067,5530,16,5514,65000,53630,53600,500,500,11400
859,85856584,85856600,85862053,5469,16,5453,65000,53600,53571,500,500,11429
860,85956631,85956647,85962052,5421,16,5405,65000,53571,53542,500,500,11458
861,86056678,86056694,86062070,5392,16,5376,65000,53542,53513,500,500,11487
862,86156726,86156742,86162058,5332,16,5316,65000,53513,53483,500,500,11517
863,86256773,86256790,86262050,5277,17,5260,65000,53483,53455,500,500,11545
864,86356820,86356837,86362069,5249,17,5232,65000,53455,53426,500,500,11574
865,86456869,86456885,86462094,5225,16,5209,65000,53426,53397,500,500,11603
866,86556917,86556933,86562083,5166,16,5150,65000,53397,53368,500,500,11632
867,86656964,86656980,86662060,5096,16,5080,65000,53368,53340,500,500,11660
868,86757011,86757027,86762057,5046,16,5030,65000,53340,53312,500,500,11688
869,86857059,86857075,86862060,5001,16,4985,65000,53312,53283,500,500,11717
870,86957107,86957123,86962057,4950,16,4934,65000,53283,53255,500,500,11745
871,87057154,87057170,87062057,4903,16,4887,65000,53255,53227,500,500,11773
872,87157201,87157217,87162055,4854,16,4838,65000,53227,53199,500,500,11801
873,87257248,87257264,87262051,4803,16,4787,65000,53199,53171,500,500,11829
874,87357295,87357312,87362071,4776,17,4759,65000,53171,53144,500,500,11856
875,87457343,87457359,87462059,4716,16,4700,65000,53144,53116,500,500,11884
876,87557389,87557405,87562064,4675,16,4659,65000,53116,53089,500,500,11911
877,87657437,87657453,87662061,4624,16,4608,65000,53089,53061,500,500,11939
878,87757484,87757500,87762073,4589,16,4573,65000,53061,53034,500,500,11966
879,87857548,87857564,87862062,4514,16,4498,65000,53034,53007,500,500,11993
880,87957578,87957594,87962067,4489,16,4473,65000,53007,52980,500,500,12020
881,88057624,88057640,88062056,4432,16,4416,65000,52980,52953,500,500,12047
882,88157670,88157686,88162069,4399,16,4383,65000,52953,52926,500,500,12074
883,88257716,88257732,88262059,4343,16,4327,65000,52926,52900,500,500,12100
884,88357763,88357779,88362061,4298,16,4282,65000,52900,52873,500,500,12127
885,88457809,88457825,88462058,4249,16,4233,65000,52873,52846,500,500,12154
886,88557855,88557871,88562066,4211,16,4195,65000,52846,52820,500,500,12180
887,88657901,88657918,88662055,4154,17,4137,65000,52820,52794,500,500,12206
888,88757947,88757963,88762069,4122,16,4106,65000,52794,52768,500,500,12232
889,88857994,88858010,88862059,4065,16,4049,65000,52768,52742,500,500,12258
890,88958040,88958056,88962064,4024,16,4008,65000,52742,52716,500,500,12284
891,89058086,89058103,89062054,3968,17,3951,65000,52716,52690,500,500,12310
892,89158132,89158149,89162099,3967,17,3950,65000,52690,52664,500,500,12336
893,89258181,89258197,89262086,3905,16,3889,65000,52664,52638,500,500,12362
894,89358227,89358243,89362078,3851,16,3835,65000,52638,52613,500,500,12387
895,89458273,89458289,89462067,3794,16,3778,65000,52613,52587,500,500,12413
896,89558319,89558336,89562054,3735,17,3718,65000,52587,52562,500,500,12438
897,89658366,89658382,89662050,3684,16,3668,65000,52562,52537,500,500,12463
898,89758412,89758428,89762072,3660,16,3644,65000,52537,52512,500,500,12488
899,89858458,89858475,89862057,3599,17,3582,65000,52512,52487,500,500,12513
900,89958505,89958521,89964894,6389,16,6373,65000,52487,52462,500,500,12538
901,90058554,90058570,90062009,3455,16,3439,65000,52462,52437,500,500,12563
902,90158601,90158617,90162060,3459,16,3443,65000,52437,52412,500,500,12588
903,90258647,90258663,90262055,3408,16,3392,65000,52412,52387,500,500,12613
904,90358694,90358710,90362053,3359,16,3343,65000,52387,52363,500,500,12637
905,90458741,90458757,90462071,3330,16,3314,65000,52363,52338,500,500,12662
906,90558787,90558803,90562059,3272,16,3256,65000,52338,52314,500,500,12686
907,90658834,90658850,90662064,3230,16,3214,65000,52314,52290,500,500,12710
908,90758880,90758896,90762060,3180,16,3164,65000,52290,52266,500,500,12734
909,90858926,90858942,90862077,3151,16,3135,65000,52266,52241,500,500,12759
910,90958993,90959009,90962063,3070,16,3054,65000,52241,52218,500,500,12782
911,91059039,91059055,91062056,3017,16,3001,65000,52218,52194,500,500,12806
912,91159085,91159101,91162063,2978,16,2962,65000,52194,52170,500,500,12830
913,91259131,91259148,91262052,2921,17,2904,65000,52170,52146,500,500,12854
914,91359177,91359193,91362072,2895,16,2879,65000,52146,52123,500,500,12877
915,91459223,91459239,91462074,2851,16,2835,65000,52123,52099,500,500,12901
916,91559269,91559285,91562226,2957,16,2941,65000,52099,52076,500,500,12924
917,91659315,91659330,91662308,2993,15,2978,65000,52076,52052,500,500,12948
918,91759360,91759376,91762373,3013,16,2997,65000,52052,52029,500,500,12971
919,91859406,91859422,91862458,3052,16,3036,65000,52029,52006,500,500,12994
920,91959452,91959467,91962493,3041,15,3026,65000,52006,51983,500,500,13017
921,92059515,92059531,92062575,3060,16,3044,65000,51983,51960,500,500,13040
922,92159560,92159576,92162653,3093,16,3077,65000,51960,51937,500,500,13063
923,92259605,92259621,92262698,3093,16,3077,65000,51937,51915,500,500,13085
924,92359672,92359688,92362790,3118,16,3102,65000,51915,51892,500,500,13108
925,92459717,92459733,92462848,3131,16,3115,65000,51892,51869,500,500,13131
926,92559764,92559780,92562915,3151,16,3135,65000,51869,51847,500,500,13153
927,92659830,92659846,92662999,3169,16,3153,65000,51847,51824,500,500,13176
928,92759876,92759892,92762994,3118,16,3102,65000,51824,51802,500,500,13198
929,92859921,92859937,92863000,3079,16,3063,65000,51802,51780,500,500,13220
930,92959966,92959982,92962995,3029,16,3013,65000,51780,51758,500,500,13242
931,93060011,93060027,93062994,2983,16,2967,65000,51758,51736,500,500,13264
932,93160057,93160073,93163002,2945,16,2929,65000,51736,51714,500,500,13286
933,93260103,93260119,93263002,2899,16,2883,65000,51714,51692,500,500,13308
934,93360148,93360164,93362996,2848,16,2832,65000,51692,51670,500,500,13330
935,93460193,93460209,93461995,1802,16,1786,65000,51670,51649,500,500,13351
936,93560238,93560254,93562110,1872,16,1856,65000,51649,51627,500,500,13373
937,93660284,93660314,93672043,11759,30,11729,65000,51627,51605,500,500,13395
938,93760336,93760352,93772064,11728,16,11712,65000,51605,51584,500,500,13416
939,93860383,93860399,93872080,11697,16,11681,65000,51584,51563,500,500,13437
940,93960430,93960446,93972099,11669,16,11653,65000,51563,51541,500,500,13459
941,94060476,94060492,94072093,11617,16,11601,65000,51541,51520,500,500,13480
942,94160521,94160537,94172086,11565,16,11549,65000,51520,51499,500,500,13501
943,94260568,94260584,94272076,11508,16,11492,65000,51499,51478,500,500,13522
944,94360615,94360631,94372061,11446,16,11430,65000,51478,51457,500,500,13543
945,94460662,94460678,94472081,11419,16,11403,65000,51457,51436,500,500,13564
946,94560710,94560726,94572088,11378,16,11362,65000,51436,51416,500,500,13584
947,94660757,94660773,94672061,11304,16,11288,65000,51416,51395,500,500,13605
948,94760804,94760820,94772053,11249,16,11233,65000,51395,51374,500,500,13626
949,94860851,94860867,94872047,11196,16,11180,65000,51374,51354,500,500,13646
950,94960898,94960914,94972061,11163,16,11147,65000,51354,51334,500,500,13666
951,95060944,95060961,95072056,11112,17,11095,65000,51334,51348,500,500,13652
952,95160991,95161007,95172061,11070,16,11054,65000,51348,51363,500,500,13637
953,95261038,95261054,95272060,11022,16,11006,65000,51363,51377,500,500,13623
954,95361085,95361102,95372059,10974,17,10957,65000,51377,51392,500,500,13608
955,95461132,95461148,95472064,10932,16,10916,65000,51392,51406,500,500,13594
956,95561179,95561195,95572059,10880,16,10864,65000,51406,51421,500,500,13579
957,95661227,95661243,95672063,10836,16,10820,65000,51421,51435,500,500,13565
958,95761276,95761292,95772055,10779,16,10763,65000,51435,51449,500,500,13551
959,95861323,95861339,95872051,10728,16,10712,65000,51449,51463,500,500,13537
960,95961371,95961387,95972072,10701,16,10685,65000,51463,51478,500,500,13522
961,96061419,96061435,96072061,10642,16,10626,65000,51478,51492,500,500,13508
962,96161466,96161482,96172064,10598,16,10582,65000,51492,51506,500,500,13494
963,96261515,96261531,96272058,10543,16,10527,65000,51506,51520,500,500,13480
964,96361562,96361578,96372059,10497,16,10481,65000,51520,51534,500,500,13466
965,96461610,96461626,96472055,10445,16,10429,65000,51534,51547,500,500,13453
966,96561658,96561674,96572064,10406,16,10390,65000,51547,51561,500,500,13439
967,96661723,96661740,96672083,10360,17,10343,65000,51561,51575,500,500,13425
968,96761772,96761788,96772080,10308,16,10292,65000,51575,51589,500,500,13411
969,96861819,96861835,96872083,10264,16,10248,65000,51589,51602,500,500,13398
970,96961868,96961884,96972062,10194,16,10178,65000,51602,51616,500,500,13384
971,97061915,97061931,97072053,10138,16,10122,65000,51616,51630,500,500,13370
972,97161962,97161979,97172049,10087,17,10070,65000,51630,51643,500,500,13357
973,97262011,97262027,97272073,10062,16,10046,65000,51643,51656,500,500,13344
974,97362059,97362075,97372062,10003,16,9987,65000,51656,51670,500,500,13330
975,97462106,97462122,97472066,9960,16,9944,65000,51670,51683,500,500,13317
976,97562155,97562171,97572054,9899,16,9883,65000,51683,51696,500,500,13304
977,97662202,97662218,97672064,9862,16,9846,65000,51696,51710,500,500,13290
978,97762250,97762266,97772069,9819,16,9803,65000,51710,51723,500,500,13277
979,97862299,97862315,97872055,9756,16,9740,65000,51723,51736,500,500,13264
980,97962358,97962374,97972061,9703,16,9687,65000,51736,51749,500,500,13251
981,98062405,98062422,98072060,9655,17,9638,65000,51749,51762,500,500,13238
982,98162452,98162468,98172066,9614,16,9598,65000,51762,51775,500,500,13225
983,98262500,98262516,98272052,9552,16,9536,65000,51775,51788,500,500,13212
984,98362548,98362564,98372064,9516,16,9500,65000,51788,51801,500,500,13199
985,98462596,98462612,98472068,9472,16,9456,65000,51801,51813,500,500,13187
986,98562643,98562660,98572054,9411,17,9394,65000,51813,51826,500,500,13174
987,98662691,98662707,98672070,9379,16,9363,65000,51826,51839,500,500,13161
988,98762740,98762756,98772062,9322,16,9306,65000,51839,51852,500,500,13148
989,98862787,98862804,98872055,9268,17,9251,65000,51852,51864,500,500,13136
990,98962835,98962851,98972046,9211,16,9195,65000,51864,51877,500,500,13123
991,99062883,99062899,99072065,9182,16,9166,65000,51877,51889,500,500,13111
992,99162932,99162948,99172068,9136,16,9120,65000,51889,51902,500,500,13098
993,99262979,99262996,99272054,9075,17,9058,65000,51902,51914,500,500,13086
994,99363026,99363042,99372072,9046,16,9030,65000,51914,51926,500,500,13074
995,99463075,99463091,99472090,9015,16,8999,65000,51926,51939,500,500,13061
996,99563121,99563137,99572078,8957,16,8941,65000,51939,51951,500,500,13049
997,99663169,99663185,99672070,8901,16,8885,65000,51951,51963,500,500,13037
998,99763217,99763233,99772059,8842,16,8826,65000,51963,51975,500,500,13025
999,99863264,99863281,99872053,8789,17,8772,65000,51975,51987,500,500,13013
1000,99963311,99963327,99974966,11655,16,11639,65000,51987,51999,500,500,13001
1001,100063361,100063377,100072013,8652,16,8636,65000,51999,52011,500,500,12989
1002,100163409,100163425,100172056,8647,16,8631,65000,52011,52023,500,500,12977
1003,100263460,100263476,100272050,8590,16,8574,65000,52023,52035,500,500,12965
1004,100363507,100363523,100372067,8560,16,8544,65000,52035,52047,500,500,12953
1005,100463556,100463571,100472069,8513,15,8498,65000,52047,52059,500,500,12941
1006,100563603,100563619,100572058,8455,16,8439,65000,52059,52071,500,500,12929
1007,100663651,100663667,100672063,8412,16,8396,65000,52071,52082,500,500,12918
1008,100763699,100763714,100772058,8359,15,8344,65000,52082,52094,500,500,12906
1009,100863746,100863762,100872062,8316,16,8300,65000,52094,52106,500,500,12894
1010,100963793,100963809,100972067,8274,16,8258,65000,52106,52117,500,500,12883
1011,101063841,101063857,101072052,8211,16,8195,65000,52117,52129,500,500,12871
1012,101163888,101163904,101172059,8171,16,8155,65000,52129,52140,500,500,12860
1013,101263936,101263952,101272055,8119,16,8103,65000,52140,52152,500,500,12848
1014,101363983,101363999,101372050,8067,16,8051,65000,52152,52163,500,500,12837
1015,101464031,101464047,101472063,8032,16,8016,65000,52163,52174,500,500,12826
1016,101564099,101564115,101572066,7967,16,7951,65000,52174,52186,500,500,12814
1017,101664147,101664163,101672055,7908,16,7892,65000,52186,52197,500,500,12803
1018,101764196,101764212,101772045,7849,16,7833,65000,52197,52208,500,500,12792
1019,101864243,101864259,101872060,7817,16,7801,65000,52208,52219,500,500,12781
1020,101964311,101964327,101972054,7743,16,7727,65000,52219,52231,500,500,12769
1021,102064358,102064375,102072049,7691,17,7674,65000,52231,52242,500,500,12758
1022,102164406,102164422,102172088,7682,16,7666,65000,52242,52253,500,500,12747
1023,102264476,102264492,102272092,7616,16,7600,65000,52253,52264,500,500,12736
1024,102364525,102364541,102372078,7553,16,7537,65000,52264,52275,500,500,12725
1025,102464572,102464588,102472067,7495,16,7479,65000,52275,52285,500,500,12715
1026,102564620,102564636,102572055,7435,16,7419,65000,52285,52296,500,500,12704
1027,102664667,102664683,102672049,7382,16,7366,65000,52296,52307,500,500,12693
1028,102764715,102764731,102772061,7346,16,7330,65000,52307,52318,500,500,12682
1029,102864763,102864779,102872067,7304,16,7288,65000,52318,52329,500,500,12671
1030,102964810,102964827,102972053,7243,17,7226,65000,52329,52339,500,500,12661
1031,103064858,103064874,103072060,7202,16,7186,65000,52339,52350,500,500,12650
1032,103164906,103164922,103172068,7162,16,7146,65000,52350,52361,500,500,12639
1033,103264954,103264970,103272055,7101,16,7085,65000,52361,52371,500,500,12629
1034,103365002,103365018,103372053,7051,16,7035,65000,52371,52382,500,500,12618
1035,103465049,103465064,103472075,7026,15,7011,65000,52382,52392,500,500,12608
1036,103565097,103565113,103572064,6967,16,6951,65000,52392,52403,500,500,12597
1037,103665144,103665160,103672071,6927,16,6911,65000,52403,52413,500,500,12587
1038,103765191,103765207,103772058,6867,16,6851,65000,52413,52423,500,500,12577
1039,103865238,103865254,103872044,6806,16,6790,65000,52423,52434,500,500,12566
1040,103965286,103965302,103972061,6775,16,6759,65000,52434,52444,500,500,12556
1041,104065334,104065350,104072063,6729,16,6713,65000,52444,52454,500,500,12546
1042,104165380,104165397,104172051,6671,17,6654,65000,52454,52464,500,500,12536
1043,104265428,104265444,104272063,6635,16,6619,65000,52464,52474,500,500,12526
1044,104365476,104365492,104372065,6589,16,6573,65000,52474,52485,500,500,12515
1045,104465523,104465539,104472053,6530,16,6514,65000,52485,52495,500,500,12505
1046,104565570,104565586,104572062,6492,16,6476,65000,52495,52505,500,500,12495
1047,104665619,104665635,104672056,6437,16,6421,65000,52505,52515,500,500,12485
1048,104765666,104765682,104772053,6387,16,6371,65000,52515,52525,500,500,12475
1049,104865713,104865729,104872066,6353,16,6337,65000,52525,52534,500,500,12466
1050,104965762,104965778,104972088,6326,16,6310,65000,52534,52544,500,500,12456
1051,105065809,105065825,105072092,6283,16,6267,65000,52544,52554,500,500,12446
1052,105165856,105165872,105172063,6207,16,6191,65000,52554,52564,500,500,12436
1053,105265903,105265919,105272055,6152,16,6136,65000,52564,52574,500,500,12426
1054,105365950,105365967,105372053,6103,17,6086,65000,52574,52583,500,500,12417
1055,105465998,105466014,105472042,6044,16,6028,65000,52583,52593,500,500,12407
1056,105566045,105566062,105572059,6014,17,5997,65000,52593,52603,500,500,12397
1057,105666094,105666110,105672064,5970,16,5954,65000,52603,52612,500,500,12388
1058,105766141,105766157,105772051,5910,16,5894,65000,52612,52622,500,500,12378
1059,105866188,105866204,105872070,5882,16,5866,65000,52622,52631,500,500,12369
1060,105966236,105966252,105972058,5822,16,5806,65000,52631,52641,500,500,12359
1061,106066283,106066299,106072064,5781,16,5765,65000,52641,52650,500,500,12350
1062,106166330,106166347,106172059,5729,17,5712,65000,52650,52660,500,500,12340
1063,106266377,106266393,106272068,5691,16,5675,65000,52660,52669,500,500,12331
1064,106366425,106366441,106372055,5630,16,5614,65000,52669,52678,500,500,12322
1065,106466473,106466489,106472049,5576,16,5560,65000,52678,52688,500,500,12312
1066,106566520,106566537,106572077,5557,17,5540,65000,52688,52697,500,500,12303
1067,106666586,106666602,106672066,5480,16,5464,65000,52697,52706,500,500,12294
1068,106766633,106766650,106772058,5425,17,5408,65000,52706,52715,500,500,12285
1069,106866680,106866697,106872054,5374,17,5357,65000,52715,52724,500,500,12276
1070,106966728,106966743,106972053,5325,15,5310,65000,52724,52733,500,500,12267
1071,107066775,107066792,107072083,5308,17,5291,65000,52733,52743,500,500,12257
1072,107166842,107166858,107172069,5227,16,5211,65000,52743,52752,500,500,12248
1073,107266889,107266904,107272072,5183,15,5168,65000,52752,52761,500,500,12239
1074,107366936,107366953,107372061,5125,17,5108,65000,52761,52770,500,500,12230
1075,107466984,107467000,107472054,5070,16,5054,65000,52770,52778,500,500,12222
1076,107567030,107567046,107572048,5018,16,5002,65000,52778,52787,500,500,12213
1077,107667077,107667093,107672076,4999,16,4983,65000,52787,52796,500,500,12204
1078,107767143,107767159,107772062,4919,16,4903,65000,52796,52805,500,500,12195
1079,107867189,107867205,107872056,4867,16,4851,65000,52805,52814,500,500,12186
1080,107967236,107967252,107972068,4832,16,4816,65000,52814,52823,500,500,12177
1081,108067303,108067319,108072057,4754,16,4738,65000,52823,52831,500,500,12169
1082,108167351,108167367,108172050,4699,16,4683,65000,52831,52840,500,500,12160
1083,108267399,108267415,108272070,4671,16,4655,65000,52840,52849,500,500,12151
1084,108367447,108367463,108372058,4611,16,4595,65000,52849,52857,500,500,12143
1085,108467493,108467509,108472050,4557,16,4541,65000,52857,52866,500,500,12134
1086,108567553,108567569,108572059,4506,16,4490,65000,52866,52874,500,500,12126
1087,108667600,108667616,108672066,4466,16,4450,65000,52874,52883,500,500,12117
1088,108767647,108767663,108772055,4408,16,4392,65000,52883,52891,500,500,12109
1089,108867693,108867709,108872049,4356,16,4340,65000,52891,52900,500,500,12100
1090,108967740,108967756,108972062,4322,16,4306,65000,52900,52908,500,500,12092
1091,109067787,109067803,109072066,4279,16,4263,65000,52908,52916,500,500,12084
1092,109167833,109167850,109172053,4220,17,4203,65000,52916,52925,500,500,12075
1093,109267879,109267895,109272044,4165,16,4149,65000,52925,52933,500,500,12067
1094,109367925,109367942,109372062,4137,17,4120,65000,52933,52941,500,500,12059
1095,109467972,109467988,109472055,4083,16,4067,65000,52941,52950,500,500,12050
1096,109568019,109568035,109572050,4031,16,4015,65000,52950,52958,500,500,12042
1097,109668066,109668082,109672091,4025,16,4009,65000,52958,52966,500,500,12034
1098,109768132,109768148,109772077,3945,16,3929,65000,52966,52974,500,500,12026
1099,109868179,109868195,109872073,3894,16,3878,65000,52974,52982,500,500,12018
1100,109968225,109968241,109974942,6717,16,6701,65000,52982,52990,500,500,12010
1101,110068275,110068292,110072005,3730,17,3713,65000,52990,52998,500,500,12002
1102,110168321,110168337,110172052,3731,16,3715,65000,52998,53006,500,500,11994
1103,110268369,110268386,110272061,3692,17,3675,65000,53006,53014,500,500,11986
1104,110368416,110368432,110372071,3655,16,3639,65000,53014,53022,500,500,11978
1105,110468462,110468478,110472056,3594,16,3578,65000,53022,53030,500,500,11970
1106,110568508,110568524,110572051,3543,16,3527,65000,53030,53038,500,500,11962
1107,110668554,110668570,110672068,3514,16,3498,65000,53038,53046,500,500,11954
1108,110768601,110768618,110772060,3459,17,3442,65000,53046,53054,500,500,11946
1109,110868647,110868663,110872061,3414,16,3398,65000,53054,53061,500,500,11939
1110,110968694,110968710,110972057,3363,16,3347,65000,53061,53069,500,500,11931
1111,111068739,111068756,111072061,3322,17,3305,65000,53069,53077,500,500,11923
1112,111168786,111168802,111172065,3279,16,3263,65000,53077,53085,500,500,11915
1113,111268832,111268848,111272052,3220,16,3204,65000,53085,53092,500,500,11908
1114,111368879,111368895,111372071,3192,16,3176,65000,53092,53100,500,500,11900
1115,111468925,111468941,111472058,3133,16,3117,65000,53100,53108,500,500,11892
1116,111568971,111568987,111572063,3092,16,3076,65000,53108,53115,500,500,11885
1117,111669017,111669033,111672058,3041,16,3025,65000,53115,53123,500,500,11877
1118,111769063,111769080,111772067,3004,17,2987,65000,53123,53130,500,500,11870
1119,111869109,111869125,111872054,2945,16,2929,65000,53130,53138,500,500,11862
1120,111969155,111969171,111972061,2906,16,2890,65000,53138,53145,500,500,11855
1121,112069202,112069218,112072059,2857,16,2841,65000,53145,53152,500,500,11848
1122,112169248,112169264,112172060,2812,16,2796,65000,53152,53160,500,500,11840
1123,112269294,112269310,112272209,2915,16,2899,65000,53160,53167,500,500,11833
1124,112369340,112369356,112372309,2969,16,2953,65000,53167,53175,500,500,11825
1125,112469385,112469401,112472376,2991,16,2975,65000,53175,53182,500,500,11818
1126,112569431,112569447,112572444,3013,16,2997,65000,53182,53189,500,500,11811
1127,112669476,112669492,112672485,3009,16,2993,65000,53189,53196,500,500,11804
1128,112769522,112769538,112772570,3048,16,3032,65000,53196,53204,500,500,11796
1129,112869568,112869584,112872633,3065,16,3049,65000,53204,53211,500,500,11789
1130,112969613,112969629,112972710,3097,16,3081,65000,53211,53218,500,500,11782
1131,113069659,113069675,113072770,3111,16,3095,65000,53218,53225,500,500,11775
1132,113169708,113169724,113172850,3142,16,3126,65000,53225,53232,500,500,11768
1133,113269754,113269770,113272898,3144,16,3128,65000,53232,53239,500,500,11761
1134,113369819,113369835,113372972,3153,16,3137,65000,53239,53246,500,500,11754
1135,113469866,113469882,113473000,3134,16,3118,65000,53246,53253,500,500,11747
1136,113569912,113569928,113572996,3084,16,3068,65000,53253,53260,500,500,11740
1137,113669957,113669973,113672994,3037,16,3021,65000,53260,53267,500,500,11733
1138,113770019,113770035,113773003,2984,16,2968,65000,53267,53274,500,500,11726
1139,113870065,113870081,113872995,2930,16,2914,65000,53274,53281,500,500,11719
1140,113970111,113970127,113973001,2890,16,2874,65000,53281,53288,500,500,11712
1141,114070156,114070173,114073002,2846,17,2829,65000,53288,53295,500,500,11705
1142,114170201,114170218,114172011,1810,17,1793,65000,53295,53302,500,500,11698
1143,114270247,114270264,114272118,1871,17,1854,65000,53302,53308,500,500,11692
1144,114370293,114370325,114382037,11744,32,11712,65000,53308,53315,500,500,11685
1145,114470359,114470375,114482073,11714,16,11698,65000,53315,53322,500,500,11678
1146,114570405,114570421,114582070,11665,16,11649,65000,53322,53329,500,500,11671
1147,114670451,114670467,114682068,11617,16,11601,65000,53329,53335,500,500,11665
1148,114770497,114770513,114782062,11565,16,11549,65000,53335,53342,500,500,11658
1149,114870543,114870559,114882077,11534,16,11518,65000,53342,53349,500,500,11651
1150,114970589,114970605,114982074,11485,16,11469,65000,53349,53355,500,500,11645
1151,115070635,115070651,115082045,11410,16,11394,65000,53355,53362,500,500,11638
1152,115170681,115170697,115182121,11440,16,11424,65000,53362,53368,500,500,11632
1153,115270727,115270744,115282090,11363,17,11346,65000,53368,53375,500,500,11625
1154,115370791,115370807,115382077,11286,16,11270,65000,53375,53381,500,500,11619
1155,115470838,115470854,115482059,11221,16,11205,65000,53381,53388,500,500,11612
1156,115570885,115570901,115582054,11169,16,11153,65000,53388,53394,500,500,11606
1157,115670932,115670948,115682051,11119,16,11103,65000,53394,53401,500,500,11599
1158,115770978,115770994,115782072,11094,16,11078,65000,53401,53407,500,500,11593
1159,115871024,115871040,115882058,11034,16,11018,65000,53407,53413,500,500,11587
1160,115971070,115971086,115982052,10982,16,10966,65000,53413,53420,500,500,11580
1161,116071116,116071133,116082058,10942,17,10925,65000,53420,53426,500,500,11574
1162,116171163,116171179,116182064,10901,16,10885,65000,53426,53432,500,500,11568
1163,116271210,116271226,116282068,10858,16,10842,65000,53432,53439,500,500,11561
1164,116371257,116371273,116382057,10800,16,10784,65000,53439,53445,500,500,11555
1165,116471304,116471321,116482049,10745,17,10728,65000,53445,53451,500,500,11549
1166,116571352,116571368,116582060,10708,16,10692,65000,53451,53457,500,500,11543
1167,116671401,116671417,116682056,10655,16,10639,65000,53457,53464,500,500,11536
1168,116771448,116771464,116782063,10615,16,10599,65000,53464,53470,500,500,11530
1169,116871496,116871512,116882057,10561,16,10545,65000,53470,53476,500,500,11524
1170,116971543,116971559,116982054,10511,16,10495,65000,53476,53482,500,500,11518
1171,117071591,117071607,117082052,10461,16,10445,65000,53482,53488,500,500,11512
1172,117171639,117171656,117182062,10423,17,10406,65000,53488,53494,500,500,11506
1173,117271688,117271704,117282067,10379,16,10363,65000,53494,53500,500,500,11500
1174,117371735,117371751,117382053,10318,16,10302,65000,53500,53506,500,500,11494
1175,117471783,117471799,117482052,10269,16,10253,65000,53506,53512,500,500,11488
1176,117571830,117571846,117582070,10240,16,10224,65000,53512,53518,500,500,11482
1177,117671878,117671894,117682059,10181,16,10165,65000,53518,53524,500,500,11476
1178,117771926,117771942,117782064,10138,16,10122,65000,53524,53530,500,500,11470
1179,117871974,117871990,117882069,10095,16,10079,65000,53530,53536,500,500,11464
1180,117972022,117972038,117982094,10072,16,10056,65000,53536,53542,500,500,11458
1181,118072070,118072086,118082083,10013,16,9997,65000,53542,53547,500,500,11453
1182,118172118,118172134,118182059,9941,16,9925,65000,53547,53553,500,500,11447
1183,118272166,118272182,118282056,9890,16,9874,65000,53553,53559,500,500,11441
1184,118372213,118372229,118382064,9851,16,9835,65000,53559,53565,500,500,11435
1185,118472261,118472277,118482058,9797,16,9781,65000,53565,53570,500,500,11430
1186,118572309,118572345,118582068,9759,36,9723,65000,53570,53576,500,500,11424
1187,118672370,118672387,118682057,9687,17,9670,65000,53576,53582,500,500,11418
1188,118772417,118772434,118782050,9633,17,9616,65000,53582,53588,500,500,11412
1189,118872464,118872480,118882066,9602,16,9586,65000,53588,53593,500,500,11407
1190,118972512,118972529,118982068,9556,17,9539,65000,53593,53599,500,500,11401
1191,119072559,119072575,119082053,9494,16,9478,65000,53599,53604,500,500,11396
1192,119172607,119172623,119182071,9464,16,9448,65000,53604,53610,500,500,11390
1193,119272655,119272671,119282066,9411,16,9395,65000,53610,53616,500,500,11384
1194,119372702,119372718,119382069,9367,16,9351,65000,53616,53621,500,500,11379
1195,119472751,119472767,119482061,9310,16,9294,65000,53621,53627,500,500,11373
1196,119572798,119572814,119582066,9268,16,9252,65000,53627,53632,500,500,11368
1197,119672846,119672862,119682061,9215,16,9199,65000,53632,53638,500,500,11362
1198,119772893,119772909,119782056,9163,16,9147,65000,53638,53643,500,500,11357
1199,119872941,119872957,119882052,9111,16,9095,65000,53643,53648,500,500,11352
1200,119972988,119973005,119985890,12902,17,12885,65000,53648,53654,500,500,11346
1201,120073038,120073054,120082009,8971,16,8955,50000,53654,53659,500,500,-3659
1202,120173086,120173102,120182056,8970,16,8954,50000,53659,53665,500,500,-3665
1203,120273136,120273152,120282051,8915,16,8899,50000,53665,53670,500,500,-3670
1204,120373184,120373200,120382061,8877,16,8861,50000,53670,53675,500,500,-3675
1205,120473232,120473248,120482067,8835,16,8819,50000,53675,53681,500,500,-3681
1206,120573280,120573296,120582052,8772,16,8756,50000,53681,53686,500,500,-3686
1207,120673327,120673344,120682091,8764,17,8747,50000,53686,53691,500,500,-3691
1208,120773396,120773412,120782096,8700,16,8684,50000,53691,53696,500,500,-3696
1209,120873443,120873459,120882081,8638,16,8622,50000,53696,53702,500,500,-3702
1210,120973491,120973507,120982068,8577,16,8561,50000,53702,53707,500,500,-3707
1211,121073538,121073554,121082056,8518,16,8502,50000,53707,53712,500,500,-3712
1212,121173586,121173602,121182051,8465,16,8449,50000,53712,53717,500,500,-3717
1213,121273633,121273649,121282063,8430,16,8414,50000,53717,53722,500,500,-3722
1214,121373682,121373698,121382057,8375,16,8359,50000,53722,53727,500,500,-3727
1215,121473729,121473745,121482052,8323,16,8307,50000,53727,53732,500,500,-3732
1216,121573777,121573793,121582070,8293,16,8277,50000,53732,53738,500,500,-3738
1217,121673826,121673842,121682063,8237,16,8221,50000,53738,53743,500,500,-3743
1218,121773873,121773889,121782054,8181,16,8165,50000,53743,53748,500,500,-3748
1219,121873920,121873936,121882051,8131,16,8115,50000,53748,53753,500,500,-3753
1220,121973968,121973984,121982063,8095,16,8079,50000,53753,53758,500,500,-3758
1221,122074017,122074033,122082069,8052,16,8036,50000,53758,53763,500,500,-3763
1222,122174065,122174081,122182055,7990,16,7974,50000,53763,53768,500,500,-3768
1223,122274112,122274127,122282060,7948,15,7933,50000,53768,53772,500,500,-3772
1224,122374161,122374176,122382067,7906,15,7891,50000,53772,53777,500,500,-3777
1225,122474208,122474225,122482074,7866,17,7849,50000,53777,53782,500,500,-3782
1226,122574257,122574273,122582061,7804,16,7788,50000,53782,53787,500,500,-3787
1227,122674304,122674320,122682055,7751,16,7735,50000,53787,53792,500,500,-3792
1228,122774351,122774367,122782051,7700,16,7684,50000,53792,53797,500,500,-3797
1229,122874399,122874414,122882078,7679,15,7664,50000,53797,53802,500,500,-3802
1230,122974464,122974480,122982067,7603,16,7587,50000,53802,53806,500,500,-3806
1231,123074511,123074527,123082068,7557,16,7541,50000,53806,53811,500,500,-3811
1232,123174559,123174575,123182059,7500,16,7484,50000,53811,53816,500,500,-3816
1233,123274606,123274622,123282065,7459,16,7443,50000,53816,53821,500,500,-3821
1234,123374654,123374670,123382070,7416,16,7400,50000,53821,53825,500,500,-3825
1235,123474701,123474717,123482056,7355,16,7339,50000,53825,53830,500,500,-3830
1236,123574749,123574765,123582044,7295,16,7279,50000,53830,53835,500,500,-3835
1237,123674797,123674813,123682065,7268,16,7252,50000,53835,53839,500,500,-3839
1238,123774845,123774861,123782068,7223,16,7207,50000,53839,53844,500,500,-3844
1239,123874893,123874909,123882054,7161,16,7145,50000,53844,53849,500,500,-3849
1240,123974941,123974957,123982058,7117,16,7101,50000,53849,53853,500,500,-3853
1241,124074988,124075004,124082063,7075,16,7059,50000,53853,53858,500,500,-3858
1242,124175036,124175052,124182065,7029,16,7013,50000,53858,53862,500,500,-3862
1243,124275084,124275100,124282055,6971,16,6955,50000,53862,53867,500,500,-3867
1244,124375131,124375148,124382062,6931,17,6914,50000,53867,53872,500,500,-3872
1245,124475179,124475195,124482058,6879,16,6863,50000,53872,53876,500,500,-3876
1246,124575227,124575243,124582051,6824,16,6808,50000,53876,53881,500,500,-3881
1247,124675274,124675290,124682059,6785,16,6769,50000,53881,53885,500,500,-3885
1248,124775322,124775338,124782063,6741,16,6725,50000,53885,53889,500,500,-3889
1249,124875368,124875385,124882064,6696,17,6679,50000,53889,53894,500,500,-3894
1250,124975416,124975432,124982054,6638,16,6622,50000,53894,53898,500,500,-3898
1251,125075463,125075479,125082072,6609,16,6593,50000,53898,53903,500,500,-3903
1252,125175533,125175549,125182059,6526,16,6510,50000,53903,53907,500,500,-3907
1253,125275580,125275596,125282054,6474,16,6458,50000,53907,53912,500,500,-3912
1254,125375627,125375643,125382050,6423,16,6407,50000,53912,53916,500,500,-3916
1255,125475675,125475691,125482081,6406,16,6390,50000,53916,53920,500,500,-3920
1256,125575741,125575757,125582085,6344,16,6328,50000,53920,53925,500,500,-3925
1257,125675788,125675804,125682061,6273,16,6257,50000,53925,53929,500,500,-3929
1258,125775836,125775852,125782057,6221,16,6205,50000,53929,53933,500,500,-3933
1259,125875884,125875900,125882052,6168,16,6152,50000,53933,53937,500,500,-3937
1260,125975931,125975947,125982061,6130,16,6114,50000,53937,53942,500,500,-3942
1261,126075979,126075994,126082065,6086,15,6071,50000,53942,53946,500,500,-3946
1262,126176026,126176042,126182068,6042,16,6026,50000,53946,53950,500,500,-3950
1263,126276075,126276091,126282057,5982,16,5966,50000,53950,53954,500,500,-3954
1264,126376121,126376137,126382050,5929,16,5913,50000,53954,53958,500,500,-3958
1265,126476169,126476185,126482063,5894,16,5878,50000,53958,53963,500,500,-3963
1266,126576218,126576234,126582065,5847,16,5831,50000,53963,53967,500,500,-3967
1267,126676265,126676281,126682050,5785,16,5769,50000,53967,53971,500,500,-3971
1268,126776312,126776328,126782062,5750,16,5734,50000,53971,53975,500,500,-3975
1269,126876360,126876376,126882056,5696,16,5680,50000,53975,53979,500,500,-3979
1270,126976408,126976424,126982054,5646,16,5630,50000,53979,53983,500,500,-3983
1271,127076456,127076472,127082069,5613,16,5597,50000,53983,53987,500,500,-3987
1272,127176504,127176520,127182061,5557,16,5541,50000,53987,53991,500,500,-3991
1273,127276552,127276568,127282052,5500,16,5484,50000,53991,53995,500,500,-3995
1274,127376600,127376616,127382054,5454,16,5438,50000,53995,53999,500,500,-3999
1275,127476647,127476664,127482070,5423,17,5406,50000,53999,54003,500,500,-4003
1276,127576696,127576712,127582061,5365,16,5349,50000,54003,54007,500,500,-4007
1277,127676743,127676759,127682066,5323,16,5307,50000,54007,54011,500,500,-4011
1278,127776792,127776808,127782060,5268,16,5252,50000,54011,54015,500,500,-4015
1279,127876839,127876855,127882059,5220,16,5204,50000,54015,54019,500,500,-4019
1280,127976886,127976902,127982054,5168,16,5152,50000,54019,54023,500,500,-4023
1281,128076933,128076949,128082050,5117,16,5101,50000,54023,54027,500,500,-4027
1282,128176981,128176997,128182087,5106,16,5090,50000,54027,54031,500,500,-4031
1283,128277050,128277066,128282088,5038,16,5022,50000,54031,54035,500,500,-4035
1284,128377098,128377114,128382074,4976,16,4960,50000,54035,54039,500,500,-4039
1285,128477145,128477161,128482060,4915,16,4899,50000,54039,54043,500,500,-4043
1286,128577192,128577208,128582055,4863,16,4847,50000,54043,54046,500,500,-4046
1287,128677240,128677256,128682051,4811,16,4795,50000,54046,54050,500,500,-4050
1288,128777287,128777303,128782065,4778,16,4762,50000,54050,54054,500,500,-4054
1289,128877336,128877352,128882059,4723,16,4707,50000,54054,54058,500,500,-4058
1290,128977383,128977399,128982057,4674,16,4658,50000,54058,54062,500,500,-4062
1291,129077430,129077446,129082048,4618,16,4602,50000,54062,54065,500,500,-4065
1292,129177477,129177493,129182065,4588,16,4572,50000,54065,54069,500,500,-4069
1293,129277542,129277559,129282059,4517,17,4500,50000,54069,54073,500,500,-4073
1294,129377562,129377579,129382066,4504,17,4487,50000,54073,54076,500,500,-4076
1295,129477609,129477625,129482054,4445,16,4429,50000,54076,54080,500,500,-4080
1296,129577655,129577672,129582071,4416,17,4399,50000,54080,54084,500,500,-4084
1297,129677702,129677718,129682058,4356,16,4340,50000,54084,54088,500,500,-4088
1298,129777748,129777764,129782062,4314,16,4298,50000,54088,54091,500,500,-4091
1299,129877794,129877810,129882059,4265,16,4249,50000,54091,54095,500,500,-4095
1300,129977840,129977856,129984939,7099,16,7083,50000,54095,54098,500,500,-4098
1301,130077889,130077905,130082004,4115,16,4099,50000,54098,54102,500,500,-4102
1302,130177936,130177952,130182076,4140,16,4124,50000,54102,54106,500,500,-4106
1303,130277981,130277997,130282056,4075,16,4059,50000,54106,54109,500,500,-4109
1304,130378027,130378043,130382056,4029,16,4013,50000,54109,54113,500,500,-4113
1305,130478074,130478090,130482062,3988,16,3972,50000,54113,54116,500,500,-4116
1306,130578120,130578136,130582064,3944,16,3928,50000,54116,54120,500,500,-4120
1307,130678166,130678182,130682056,3890,16,3874,50000,54120,54123,500,500,-4123
1308,130778213,130778229,130782052,3839,16,3823,50000,54123,54127,500,500,-4127
1309,130878260,130878276,130882070,3810,16,3794,50000,54127,54130,500,500,-4130
1310,130978306,130978322,130982090,3784,16,3768,50000,54130,54134,500,500,-4134
1311,131078352,131078368,131082085,3733,16,3717,50000,54134,54137,500,500,-4137
1312,131178398,131178414,131182069,3671,16,3655,50000,54137,54141,500,500,-4141
1313,131278444,131278460,131282057,3613,16,3597,50000,54141,54144,500,500,-4144
1314,131378490,131378506,131382051,3561,16,3545,50000,54144,54148,500,500,-4148
1315,131478537,131478553,131482059,3522,16,3506,50000,54148,54151,500,500,-4151
1316,131578583,131578600,131582067,3484,17,3467,50000,54151,54154,500,500,-4154
1317,131678629,131678646,131682056,3427,17,3410,50000,54154,54158,500,500,-4158
1318,131778676,131778692,131782050,3374,16,3358,50000,54158,54161,500,500,-4161
1319,131878723,131878739,131882067,3344,16,3328,50000,54161,54165,500,500,-4165
1320,131978769,131978786,131982062,3293,17,3276,50000,54165,54168,500,500,-4168
1321,132078815,132078831,132082058,3243,16,3227,50000,54168,54171,500,500,-4171
1322,132178862,132178878,132182064,3202,16,3186,50000,54171,54175,500,500,-4175
1323,132278908,132278924,132282058,3150,16,3134,50000,54175,54178,500,500,-4178
1324,132378954,132378970,132382067,3113,16,3097,50000,54178,54181,500,500,-4181
1325,132479001,132479017,132482056,3055,16,3039,50000,54181,54184,500,500,-4184
1326,132579047,132579063,132582049,3002,16,2986,50000,54184,54188,500,500,-4188
1327,132679093,132679109,132682058,2965,16,2949,50000,54188,54191,500,500,-4191
1328,132779140,132779156,132782055,2915,16,2899,50000,54191,54194,500,500,-4194
1329,132879186,132879202,132882060,2874,16,2858,50000,54194,54197,500,500,-4197
1330,132979233,132979249,132982063,2830,16,2814,50000,54197,54201,500,500,-4201
1331,133079279,133079295,133082213,2934,16,2918,50000,54201,54204,500,500,-4204
1332,133179324,133179340,133182297,2973,16,2957,50000,54204,54207,500,500,-4207
1333,133279369,133279385,133282365,2996,16,2980,50000,54207,54210,500,500,-4210
1334,133379414,133379430,133382432,3018,16,3002,50000,54210,54213,500,500,-4213
1335,133479460,133479476,133482501,3041,16,3025,50000,54213,54216,500,500,-4216
1336,133579505,133579521,133582549,3044,16,3028,50000,54216,54220,500,500,-4220
1337,133679570,133679586,133682659,3089,16,3073,50000,54220,54223,500,500,-4223
1338,133779632,133779648,133782707,3075,16,3059,50000,54223,54226,500,500,-4226
1339,133879711,133879727,133882798,3087,16,3071,50000,54226,54229,500,500,-4229
1340,133979757,133979773,133982830,3073,16,3057,50000,54229,54232,500,500,-4232
1341,134079802,134079818,134082915,3113,16,3097,50000,54232,54235,500,500,-4235
1342,134179848,134179864,134182977,3129,16,3113,50000,54235,54238,500,500,-4238
1343,134279894,134279910,134283002,3108,16,3092,50000,54238,54241,500,500,-4241
1344,134379957,134379973,134382996,3039,16,3023,50000,54241,54244,500,500,-4244
1345,134480003,134480019,134482998,2995,16,2979,50000,54244,54247,500,500,-4247
1346,134580048,134580064,134583002,2954,16,2938,50000,54247,54250,500,500,-4250
1347,134680094,134680110,134682997,2903,16,2887,50000,54250,54253,500,500,-4253
1348,134780139,134780155,134782998,2859,16,2843,50000,54253,54256,500,500,-4256
1349,134880185,134880201,134881982,1797,16,1781,50000,54256,54259,500,500,-4259
1350,134980231,134980247,134982101,1870,16,1854,50000,54259,54262,500,500,-4262
1351,135080277,135080293,135092070,11793,16,11777,50000,54262,54265,500,500,-4265
1352,135180335,135180351,135192067,11732,16,11716,50000,54265,54268,500,500,-4268
1353,135280381,135280397,135292075,11694,16,11678,50000,54268,54271,500,500,-4271
1354,135380427,135380443,135392068,11641,16,11625,50000,54271,54274,500,500,-4274
1355,135480473,135480489,135492075,11602,16,11586,50000,54274,54277,500,500,-4277
1356,135580520,135580536,135592081,11561,16,11545,50000,54277,54280,500,500,-4280
1357,135680567,135680583,135692069,11502,16,11486,50000,54280,54283,500,500,-4283
1358,135780613,135780629,135792069,11456,16,11440,50000,54283,54285,500,500,-4285
1359,135880659,135880676,135892070,11411,17,11394,50000,54285,54288,500,500,-4288
1360,135980706,135980722,135992059,11353,16,11337,50000,54288,54291,500,500,-4291
1361,136080755,136080771,136092061,11306,16,11290,50000,54291,54294,500,500,-4294
1362,136180801,136180818,136192069,11268,17,11251,50000,54294,54297,500,500,-4297
1363,136280848,136280864,136292055,11207,16,11191,50000,54297,54300,500,500,-4300
1364,136380894,136380910,136392071,11177,16,11161,50000,54300,54302,500,500,-4302
1365,136480941,136480957,136492085,11144,16,11128,50000,54302,54305,500,500,-4305
1366,136580988,136581004,136592093,11105,16,11089,50000,54305,54308,500,500,-4308
1367,136681035,136681051,136692065,11030,16,11014,50000,54308,54311,500,500,-4311
1368,136781081,136781097,136792056,10975,16,10959,50000,54311,54313,500,500,-4313
1369,136881127,136881143,136892062,10935,16,10919,50000,54313,54316,500,500,-4316
1370,136981174,136981190,136992057,10883,16,10867,50000,54316,54319,500,500,-4319
1371,137081223,137081239,137092067,10844,16,10828,50000,54319,54322,500,500,-4322
1372,137181271,137181287,137192057,10786,16,10770,50000,54322,54324,500,500,-4324
1373,137281319,137281334,137292050,10731,15,10716,50000,54324,54327,500,500,-4327
1374,137381366,137381382,137392070,10704,16,10688,50000,54327,54330,500,500,-4330
1375,137481414,137481430,137492058,10644,16,10628,50000,54330,54332,500,500,-4332
1376,137581461,137581477,137592065,10604,16,10588,50000,54332,54335,500,500,-4335
1377,137681509,137681525,137692059,10550,16,10534,50000,54335,54338,500,500,-4338
1378,137781556,137781572,137792059,10503,16,10487,50000,54338,54340,500,500,-4340
1379,137881604,137881620,137892051,10447,16,10431,50000,54340,54343,500,500,-4343
1380,137981652,137981669,137992052,10400,17,10383,50000,54343,54346,500,500,-4346
1381,138081701,138081717,138092078,10377,16,10361,50000,54346,54348,500,500,-4348
1382,138181748,138181764,138192063,10315,16,10299,50000,54348,54351,500,500,-4351
1383,138281795,138281812,138292060,10265,17,10248,50000,54351,54354,500,500,-4354
1384,138381843,138381859,138392068,10225,16,10209,50000,54354,54356,500,500,-4356
1385,138481891,138481907,138492057,10166,16,10150,50000,54356,54359,500,500,-4359
1386,138581939,138581955,138592075,10136,16,10120,50000,54359,54361,500,500,-4361
1387,138681986,138682002,138692068,10082,16,10066,50000,54361,54364,500,500,-4364
1388,138782034,138782050,138792072,10038,16,10022,50000,54364,54366,500,500,-4366
1389,138882082,138882098,138892060,9978,16,9962,50000,54366,54369,500,500,-4369
1390,138982130,138982146,138992053,9923,16,9907,50000,54369,54371,500,500,-4371
1391,139082176,139082192,139092049,9873,16,9857,50000,54371,54374,500,500,-4374
1392,139182224,139182240,139192087,9863,16,9847,50000,54374,54376,500,500,-4376
1393,139282292,139282308,139292054,9762,16,9746,50000,54376,54379,500,500,-4379
1394,139382354,139382370,139392058,9704,16,9688,50000,54379,54381,500,500,-4381
1395,139482401,139482417,139492057,9656,16,9640,50000,54381,54384,500,500,-4384
1396,139582448,139582464,139592053,9605,16,9589,50000,54384,54386,500,500,-4386
1397,139682495,139682511,139692050,9555,16,9539,50000,54386,54389,500,500,-4389
1398,139782542,139782558,139792071,9529,16,9513,50000,54389,54391,500,500,-4391
1399,139882590,139882606,139892060,9470,16,9454,50000,54391,54394,500,500,-4394
1400,139982637,139982653,139995886,13249,16,13233,50000,54394,54396,500,500,-4396
1401,140082687,140082703,140092008,9321,16,9305,50000,54396,54399,500,500,-4399
1402,140182735,140182751,140192059,9324,16,9308,50000,54399,54401,500,500,-4401
1403,140282782,140282798,140292057,9275,16,9259,50000,54401,54403,500,500,-4403
1404,140382829,140382845,140392061,9232,16,9216,50000,54403,54406,500,500,-4406
1405,140482877,140482893,140492058,9181,16,9165,50000,54406,54408,500,500,-4408
1406,140582925,140582940,140592058,9133,15,9118,50000,54408,54410,500,500,-4410
1407,140682972,140682989,140692062,9090,17,9073,50000,54410,54413,500,500,-4413
1408,140783020,140783036,140792058,9038,16,9022,50000,54413,54415,500,500,-4415
1409,140883068,140883084,140892068,9000,16,8984,50000,54415,54418,500,500,-4418
1410,140983116,140983132,140992056,8940,16,8924,50000,54418,54420,500,500,-4420
1411,141083163,141083179,141092054,8891,16,8875,50000,54420,54422,500,500,-4422
1412,141183211,141183227,141192093,8882,16,8866,50000,54422,54424,500,500,-4424
1413,141283279,141283295,141292078,8799,16,8783,50000,54424,54427,500,500,-4427
1414,141383326,141383342,141392072,8746,16,8730,50000,54427,54429,500,500,-4429
1415,141483373,141483389,141492066,8693,16,8677,50000,54429,54431,500,500,-4431
1416,141583421,141583437,141592055,8634,16,8618,50000,54431,54434,500,500,-4434
1417,141683468,141683484,141692046,8578,16,8562,50000,54434,54436,500,500,-4436
1418,141783515,141783531,141792067,8552,16,8536,50000,54436,54438,500,500,-4438
1419,141883563,141883580,141892070,8507,17,8490,50000,54438,54440,500,500,-4440
1420,141983611,141983627,141992056,8445,16,8429,50000,54440,54443,500,500,-4443
1421,142083658,142083674,142092064,8406,16,8390,50000,54443,54445,500,500,-4445
1422,142183724,142183740,142192058,8334,16,8318,50000,54445,54447,500,500,-4447
1423,142283771,142283787,142292067,8296,16,8280,50000,54447,54449,500,500,-4449
1424,142383819,142383835,142392056,8237,16,8221,50000,54449,54452,500,500,-4452
1425,142483866,142483882,142492061,8195,16,8179,50000,54452,54454,500,500,-4454
1426,142583913,142583929,142592067,8154,16,8138,50000,54454,54456,500,500,-4456
1427,142683960,142683976,142692055,8095,16,8079,50000,54456,54458,500,500,-4458
1428,142784008,142784024,142792050,8042,16,8026,50000,54458,54460,500,500,-4460
1429,142884055,142884071,142892063,8008,16,7992,50000,54460,54462,500,500,-4462
1430,142984103,142984119,142992065,7962,16,7946,50000,54462,54465,500,500,-4465
1431,143084149,143084165,143092053,7904,16,7888,50000,54465,54467,500,500,-4467
1432,143184197,143184213,143192044,7847,16,7831,50000,54467,54469,500,500,-4469
1433,143284244,143284260,143292062,7818,16,7802,50000,54469,54471,500,500,-4471
1434,143384292,143384308,143392065,7773,16,7757,50000,54471,54473,500,500,-4473
1435,143484339,143484355,143492052,7713,16,7697,50000,54473,54475,500,500,-4475
1436,143584387,143584403,143592061,7674,16,7658,50000,54475,54477,500,500,-4477
1437,143684435,143684451,143692056,7621,16,7605,50000,54477,54479,500,500,-4479
1438,143784482,143784498,143792063,7581,16,7565,50000,54479,54481,500,500,-4481
1439,143884531,143884547,143892070,7539,16,7523,50000,54481,54484,500,500,-4484
1440,143984578,143984594,143992090,7512,16,7496,50000,54484,54486,500,500,-4486
1441,144084626,144084642,144092082,7456,16,7440,50000,54486,54488,500,500,-4488
1442,144184673,144184689,144192071,7398,16,7382,50000,54488,54490,500,500,-4490
1443,144284721,144284737,144292058,7337,16,7321,50000,54490,54492,500,500,-4492
1444,144384768,144384785,144392052,7284,17,7267,50000,54492,54494,500,500,-4494
1445,144484816,144484832,144492058,7242,16,7226,50000,54494,54496,500,500,-4496
1446,144584864,144584881,144592063,7199,17,7182,50000,54496,54498,500,500,-4498
1447,144684912,144684928,144692067,7155,16,7139,50000,54498,54500,500,500,-4500
1448,144784960,144784976,144792056,7096,16,7080,50000,54500,54502,500,500,-4502
1449,144885007,144885023,144892062,7055,16,7039,50000,54502,54504,500,500,-4504
1450,144985056,144985072,144992069,7013,16,6997,50000,54504,54506,500,500,-4506
1451,145085103,145085119,145092057,6954,16,6938,50000,54506,54508,500,500,-4508
1452,145185150,145185166,145192054,6904,16,6888,50000,54508,54510,500,500,-4510
1453,145285198,145285214,145292069,6871,16,6855,50000,54510,54512,500,500,-4512
1454,145385247,145385263,145392057,6810,16,6794,50000,54512,54514,500,500,-4514
1455,145485295,145485311,145492050,6755,16,6739,50000,54514,54516,500,500,-4516
1456,145585343,145585359,145592056,6713,16,6697,50000,54516,54518,500,500,-4518
1457,145685390,145685407,145692059,6669,17,6652,50000,54518,54519,500,500,-4519
1458,145785437,145785453,145792066,6629,16,6613,50000,54519,54521,500,500,-4521
1459,145885485,145885501,145892053,6568,16,6552,50000,54521,54523,500,500,-4523
1460,145985532,145985548,145992062,6530,16,6514,50000,54523,54525,500,500,-4525
1461,146085581,146085597,146092067,6486,16,6470,50000,54525,54527,500,500,-4527
1462,146185628,146185644,146192054,6426,16,6410,50000,54527,54529,500,500,-4529
1463,146285676,146285692,146292058,6382,16,6366,50000,54529,54531,500,500,-4531
1464,146385724,146385740,146392067,6343,16,6327,50000,54531,54533,500,500,-4533
1465,146485772,146485788,146492055,6283,16,6267,50000,54533,54535,500,500,-4535
1466,146585820,146585836,146592061,6241,16,6225,50000,54535,54536,500,500,-4536
1467,146685868,146685884,146692088,6220,16,6204,50000,54536,54538,500,500,-4538
1468,146785916,146785932,146792084,6168,16,6152,50000,54538,54540,500,500,-4540
1469,146885964,146885980,146892085,6121,16,6105,50000,54540,54542,500,500,-4542
1470,146986011,146986028,146992061,6050,17,6033,50000,54542,54544,500,500,-4544
1471,147086059,147086075,147092053,5994,16,5978,50000,54544,54546,500,500,-4546
1472,147186107,147186123,147192062,5955,16,5939,50000,54546,54547,500,500,-4547
1473,147286155,147286171,147292059,5904,16,5888,50000,54547,54549,500,500,-4549
1474,147386202,147386218,147392057,5855,16,5839,50000,54549,54551,500,500,-4551
1475,147486250,147486266,147492065,5815,16,5799,50000,54551,54553,500,500,-4553
1476,147586298,147586314,147592059,5761,16,5745,50000,54553,54555,500,500,-4555
1477,147686345,147686361,147692064,5719,16,5703,50000,54555,54556,500,500,-4556
1478,147786394,147786410,147792068,5674,16,5658,50000,54556,54558,500,500,-4558
1479,147886442,147886458,147892055,5613,16,5597,50000,54558,54560,500,500,-4560
1480,147986490,147986506,147992049,5559,16,5543,50000,54560,54562,500,500,-4562
1481,148086537,148086553,148092063,5526,16,5510,50000,54562,54564,500,500,-4564
1482,148186586,148186602,148192067,5481,16,5465,50000,54564,54565,500,500,-4565
1483,148286633,148286649,148292053,5420,16,5404,50000,54565,54567,500,500,-4567
1484,148386681,148386697,148392058,5377,16,5361,50000,54567,54569,500,500,-4569
1485,148486729,148486745,148492054,5325,16,5309,50000,54569,54570,500,500,-4570
1486,148586776,148586792,148592055,5279,16,5263,50000,54570,54572,500,500,-4572
1487,148686825,148686841,148692044,5219,16,5203,50000,54572,54574,500,500,-4574
1488,148786871,148786888,148792062,5191,17,5174,50000,54574,54576,500,500,-4576
1489,148886920,148886936,148892056,5136,16,5120,50000,54576,54577,500,500,-4577
1490,148986967,148986983,148992049,5082,16,5066,50000,54577,54579,500,500,-4579
1491,149087014,149087030,149092061,5047,16,5031,50000,54579,54581,500,500,-4581
1492,149187063,149187080,149192066,5003,17,4986,50000,54581,54582,500,500,-4582
1493,149287111,149287127,149292054,4943,16,4927,50000,54582,54584,500,500,-4584
1494,149387158,149387175,149392055,4897,17,4880,50000,54584,54586,500,500,-4586
1495,149487206,149487222,149492088,4882,16,4866,50000,54586,54587,500,500,-4587
1496,149587254,149587270,149592090,4836,16,4820,50000,54587,54589,500,500,-4589
1497,149687303,149687319,149692064,4761,16,4745,50000,54589,54591,500,500,-4591
1498,149787350,149787366,149792067,4717,16,4701,50000,54591,54592,500,500,-4592
1499,149887397,149887413,149892056,4659,16,4643,50000,54592,54594,500,500,-4594
1500,149987444,149987460,149994936,7492,16,7476,50000,54594,54596,500,500,-4596
1501,150087494,150087510,150092011,4517,16,4501,50000,54596,54597,500,500,-4597
1502,150187553,150187569,150192056,4503,16,4487,50000,54597,54599,500,500,-4599
1503,150287601,150287617,150292053,4452,16,4436,50000,54599,54600,500,500,-4600
1504,150387647,150387663,150392073,4426,16,4410,50000,54600,54602,500,500,-4602
1505,150487694,150487710,150492059,4365,16,4349,50000,54602,54604,500,500,-4604
1506,150587739,150587755,150592054,4315,16,4299,50000,54604,54605,500,500,-4605
1507,150687786,150687802,150692045,4259,16,4243,50000,54605,54607,500,500,-4607
1508,150787832,150787848,150792065,4233,16,4217,50000,54607,54608,500,500,-4608
1509,150887878,150887894,150892061,4183,16,4167,50000,54608,54610,500,500,-4610
1510,150987924,150987940,150992068,4144,16,4128,50000,54610,54611,500,500,-4611
1511,151087971,151087987,151092055,4084,16,4068,50000,54611,54613,500,500,-4613
1512,151188017,151188033,151192060,4043,16,4027,50000,54613,54615,500,500,-4615
1513,151288063,151288079,151292066,4003,16,3987,50000,54615,54616,500,500,-4616
1514,151388110,151388126,151392055,3945,16,3929,50000,54616,54618,500,500,-4618
1515,151488156,151488172,151492043,3887,16,3871,50000,54618,54619,500,500,-4619
1516,151588202,151588218,151592059,3857,16,3841,50000,54619,54621,500,500,-4621
1517,151688248,151688264,151692053,3805,16,3789,50000,54621,54622,500,500,-4622
1518,151788294,151788310,151792044,3750,16,3734,50000,54622,54624,500,500,-4624
1519,151888340,151888356,151892063,3723,16,3707,50000,54624,54625,500,500,-4625
1520,151988387,151988403,151992066,3679,16,3663,50000,54625,54627,500,500,-4627
1521,152088433,152088449,152092053,3620,16,3604,50000,54627,54628,500,500,-4628
1522,152188479,152188495,152192100,3621,16,3605,50000,54628,54630,500,500,-4630
1523,152288527,152288543,152292087,3560,16,3544,50000,54630,54631,500,500,-4631
1524,152388574,152388590,152392075,3501,16,3485,50000,54631,54633,500,500,-4633
1525,152488620,152488636,152492061,3441,16,3425,50000,54633,54634,500,500,-4634
1526,152588667,152588683,152592048,3381,16,3365,50000,54634,54636,500,500,-4636
1527,152688714,152688730,152692052,3338,16,3322,50000,54636,54637,500,500,-4637
1528,152788761,152788777,152792068,3307,16,3291,50000,54637,54638,500,500,-4638
1529,152888807,152888823,152892058,3251,16,3235,50000,54638,54640,500,500,-4640
1530,152988853,152988869,152992063,3210,16,3194,50000,54640,54641,500,500,-4641
1531,153088900,153088916,153092058,3158,16,3142,50000,54641,54643,500,500,-4643
1532,153188947,153188962,153192058,3111,15,3096,50000,54643,54644,500,500,-4644
1533,153288993,153289009,153292065,3072,16,3056,50000,54644,54646,500,500,-4646
1534,153389040,153389056,153392052,3012,16,2996,50000,54646,54647,500,500,-4647
1535,153489086,153489102,153492070,2984,16,2968,50000,54647,54648,500,500,-4648
1536,153589154,153589170,153592058,2904,16,2888,50000,54648,54650,500,500,-4650
1537,153689200,153689216,153692063,2863,16,2847,50000,54650,54651,500,500,-4651
1538,153789246,153789262,153792065,2819,16,2803,50000,54651,54653,500,500,-4653
1539,153889293,153889309,153892220,2927,16,2911,50000,54653,54654,500,500,-4654
1540,153989339,153989355,153992302,2963,16,2947,50000,54654,54655,500,500,-4655
1541,154089385,154089401,154092367,2982,16,2966,50000,54655,54657,500,500,-4657
1542,154189431,154189447,154192430,2999,16,2983,50000,54657,54658,500,500,-4658
1543,154289477,154289493,154292499,3022,16,3006,50000,54658,54660,500,500,-4660
1544,154389522,154389538,154392579,3057,16,3041,50000,54660,54661,500,500,-4661
1545,154489568,154489584,154492624,3056,16,3040,50000,54661,54662,500,500,-4662
1546,154589632,154589648,154592708,3076,16,3060,50000,54662,54664,500,500,-4664
1547,154689679,154689695,154692767,3088,16,3072,50000,54664,54665,500,500,-4665
1548,154789742,154789758,154792831,3089,16,3073,50000,54665,54666,500,500,-4666
1549,154889806,154889822,154892932,3126,16,3110,50000,54666,54668,500,500,-4668
1550,154989868,154989884,154992966,3098,16,3082,50000,54668,54669,500,500,-4669
1551,155089914,155089930,155092993,3079,16,3063,50000,54669,54670,500,500,-4670
1552,155189960,155189976,155193000,3040,16,3024,50000,54670,54672,500,500,-4672
1553,155290006,155290022,155292998,2992,16,2976,50000,54672,54673,500,500,-4673
1554,155390052,155390068,155392994,2942,16,2926,50000,54673,54674,500,500,-4674
1555,155490097,155490113,155493003,2906,16,2890,50000,54674,54676,500,500,-4676
1556,155590144,155590160,155592997,2853,16,2837,50000,54676,54677,500,500,-4677
1557,155690189,155690206,155691996,1807,17,1790,50000,54677,54678,500,500,-4678
1558,155790235,155790252,155792102,1867,17,1850,50000,54678,54679,500,500,-4679
1559,155890281,155890297,155902066,11785,16,11769,50000,54679,54681,500,500,-4681
1560,155990338,155990354,156002067,11729,16,11713,50000,54681,54682,500,500,-4682
1561,156090384,156090400,156102069,11685,16,11669,50000,54682,54683,500,500,-4683
1562,156190430,156190446,156202076,11646,16,11630,50000,54683,54685,500,500,-4685
1563,156290477,156290493,156302083,11606,16,11590,50000,54685,54686,500,500,-4686
1564,156390524,156390540,156402071,11547,16,11531,50000,54686,54687,500,500,-4687
1565,156490571,156490587,156502069,11498,16,11482,50000,54687,54688,500,500,-4688
1566,156590618,156590633,156602061,11443,15,11428,50000,54688,54690,500,500,-4690
1567,156690664,156690680,156702075,11411,16,11395,50000,54690,54691,500,500,-4691
1568,156790710,156790726,156802051,11341,16,11325,50000,54691,54692,500,500,-4692
1569,156890774,156890790,156902068,11294,16,11278,50000,54692,54693,500,500,-4693
1570,156990820,156990836,157002085,11265,16,11249,50000,54693,54694,500,500,-4694
1571,157090867,157090884,157102076,11209,17,11192,50000,54694,54696,500,500,-4696
1572,157190914,157190930,157202069,11155,16,11139,50000,54696,54697,500,500,-4697
1573,157290961,157290977,157302058,11097,16,11081,50000,54697,54698,500,500,-4698
1574,157391007,157391023,157402052,11045,16,11029,50000,54698,54699,500,500,-4699
1575,157491054,157491070,157502070,11016,16,11000,50000,54699,54701,500,500,-4701
1576,157591100,157591116,157602064,10964,16,10948,50000,54701,54702,500,500,-4702
1577,157691146,157691163,157702068,10922,17,10905,50000,54702,54703,500,500,-4703
1578,157791193,157791209,157802057,10864,16,10848,50000,54703,54704,500,500,-4704
1579,157891241,157891257,157902045,10804,16,10788,50000,54704,54705,500,500,-4705
1580,157991289,157991305,158002062,10773,16,10757,50000,54705,54706,500,500,-4706
1581,158091336,158091352,158102065,10729,16,10713,50000,54706,54708,500,500,-4708
1582,158191383,158191399,158202052,10669,16,10653,50000,54708,54709,500,500,-4709
1583,158291431,158291448,158302061,10630,17,10613,50000,54709,54710,500,500,-4710
1584,158391480,158391496,158402057,10577,16,10561,50000,54710,54711,500,500,-4711
1585,158491527,158491543,158502051,10524,16,10508,50000,54711,54712,500,500,-4712
1586,158591574,158591590,158602069,10495,16,10479,50000,54712,54713,500,500,-4713
1587,158691623,158691639,158702062,10439,16,10423,50000,54713,54715,500,500,-4715
1588,158791670,158791686,158802053,10383,16,10367,50000,54715,54716,500,500,-4716
1589,158891718,158891734,158902052,10334,16,10318,50000,54716,54717,500,500,-4717
1590,158991765,158991781,159002069,10304,16,10288,50000,54717,54718,500,500,-4718
1591,159091812,159091828,159102059,10247,16,10231,50000,54718,54719,500,500,-4719
1592,159191860,159191876,159202063,10203,16,10187,50000,54719,54720,500,500,-4720
1593,159291909,159291925,159302059,10150,16,10134,50000,54720,54721,500,500,-4721
1594,159391956,159391972,159402068,10112,16,10096,50000,54721,54723,500,500,-4723
1595,159492003,159492019,159502057,10054,16,10038,50000,54723,54724,500,500,-4724
1596,159592050,159592066,159602051,10001,16,9985,50000,54724,54725,500,500,-4725
1597,159692098,159692114,159702092,9994,16,9978,50000,54725,54726,500,500,-4726
1598,159792167,159792183,159802080,9913,16,9897,50000,54726,54727,500,500,-4727
1599,159892215,159892231,159902072,9857,16,9841,50000,54727,54728,500,500,-4728
1600,159992262,159992279,160005889,13627,17,13610,50000,54728,54729,500,500,-4729
1601,160092312,160092328,160102009,9697,16,9681,50000,54729,54730,500,500,-4730
1602,160192359,160192375,160202053,9694,16,9678,50000,54730,54731,500,500,-4731
1603,160292408,160292425,160302062,9654,17,9637,50000,54731,54732,500,500,-4732
1604,160392455,160392470,160402068,9613,15,9598,50000,54732,54733,500,500,-4733
1605,160492503,160492519,160502061,9558,16,9542,50000,54733,54734,500,500,-4734
1606,160592550,160592566,160602044,9494,16,9478,50000,54734,54736,500,500,-4736
1607,160692597,160692613,160702063,9466,16,9450,50000,54736,54737,500,500,-4737
1608,160792646,160792662,160802060,9414,16,9398,50000,54737,54738,500,500,-4738
1609,160892692,160892708,160902066,9374,16,9358,50000,54738,54739,500,500,-4739
1610,160992740,160992756,161002055,9315,16,9299,50000,54739,54740,500,500,-4740
1611,161092787,161092803,161102062,9275,16,9259,50000,54740,54741,500,500,-4741
1612,161192835,161192851,161202066,9231,16,9215,50000,54741,54742,500,500,-4742
1613,161292882,161292899,161302051,9169,17,9152,50000,54742,54743,500,500,-4743
1614,161392928,161392945,161402063,9135,17,9118,50000,54743,54744,500,500,-4744
1615,161492977,161492993,161502056,9079,16,9063,50000,54744,54745,500,500,-4745
1616,161593025,161593041,161602061,9036,16,9020,50000,54745,54746,500,500,-4746
1617,161693072,161693088,161702058,8986,16,8970,50000,54746,54747,500,500,-4747
1618,161793119,161793135,161802068,8949,16,8933,50000,54747,54748,500,500,-4748
1619,161893167,161893183,161902057,8890,16,8874,50000,54748,54749,500,500,-4749
1620,161993214,161993230,162002052,8838,16,8822,50000,54749,54750,500,500,-4750
1621,162093262,162093278,162102072,8810,16,8794,50000,54750,54751,500,500,-4751
1622,162193310,162193326,162202059,8749,16,8733,50000,54751,54752,500,500,-4752
1623,162293357,162293373,162302055,8698,16,8682,50000,54752,54753,500,500,-4753
1624,162393404,162393420,162402076,8672,16,8656,50000,54753,54754,500,500,-4754
1625,162493452,162493468,162502083,8631,16,8615,50000,54754,54755,500,500,-4755
1626,162593499,162593516,162602078,8579,17,8562,50000,54755,54756,500,500,-4756
1627,162693547,162693563,162702063,8516,16,8500,50000,54756,54757,500,500,-4757
1628,162793594,162793610,162802055,8461,16,8445,50000,54757,54758,500,500,-4758
1629,162893642,162893658,162902063,8421,16,8405,50000,54758,54759,500,500,-4759
1630,162993690,162993706,163002059,8369,16,8353,50000,54759,54760,500,500,-4760
1631,163093737,163093753,163102055,8318,16,8302,50000,54760,54761,500,500,-4761
1632,163193784,163193800,163202055,8271,16,8255,50000,54761,54762,500,500,-4762
1633,163293832,163293848,163302049,8217,16,8201,50000,54762,54763,500,500,-4763
1634,163393879,163393895,163402067,8188,16,8172,50000,54763,54764,500,500,-4764
1635,163493928,163493944,163502070,8142,16,8126,50000,54764,54765,500,500,-4765
1636,163593976,163593991,163602056,8080,15,8065,50000,54765,54765,500,500,-4765
1637,163694023,163694039,163702051,8028,16,8012,50000,54765,54766,500,500,-4766
1638,163794071,163794087,163802060,7989,16,7973,50000,54766,54767,500,500,-4767
1639,163894118,163894135,163902066,7948,17,7931,50000,54767,54768,500,500,-4768
1640,163994166,163994182,164002055,7889,16,7873,50000,54768,54769,500,500,-4769
1641,164094212,164094228,164102061,7849,16,7833,50000,54769,54770,500,500,-4770
1642,164194261,164194277,164202057,7796,16,7780,50000,54770,54771,500,500,-4771
1643,164294308,164294324,164302052,7744,16,7728,50000,54771,54772,500,500,-4772
1644,164394356,164394372,164402053,7697,16,7681,50000,54772,54773,500,500,-4773
1645,164494403,164494419,164502068,7665,16,7649,50000,54773,54774,500,500,-4774
1646,164594451,164594467,164602056,7605,16,7589,50000,54774,54775,500,500,-4775
1647,164694499,164694515,164702052,7553,16,7537,50000,54775,54776,500,500,-4776
1648,164794546,164794562,164802070,7524,16,7508,50000,54776,54777,500,500,-4777
1649,164894595,164894611,164902062,7467,16,7451,50000,54777,54777,500,500,-4777
1650,164994642,164994658,165002056,7414,16,7398,50000,54777,54778,500,500,-4778
1651,165094689,165094705,165102045,7356,16,7340,50000,54778,54779,500,500,-4779
1652,165194737,165194753,165202090,7353,16,7337,50000,54779,54780,500,500,-4780
1653,165294786,165294802,165302094,7308,16,7292,50000,54780,54781,500,500,-4781
1654,165394833,165394849,165402081,7248,16,7232,50000,54781,54782,500,500,-4782
1655,165494881,165494897,165502068,7187,16,7171,50000,54782,54783,500,500,-4783
1656,165594928,165594944,165602055,7127,16,7111,50000,54783,54784,500,500,-4784
1657,165694976,165694992,165702053,7077,16,7061,50000,54784,54784,500,500,-4784
1658,165795023,165795039,165802072,7049,16,7033,50000,54784,54785,500,500,-4785
1659,165895072,165895088,165902059,6987,16,6971,50000,54785,54786,500,500,-4786
1660,165995119,165995135,166002055,6936,16,6920,50000,54786,54787,500,500,-4787
1661,166095167,166095183,166102057,6890,16,6874,50000,54787,54788,500,500,-4788
1662,166195214,166195230,166202061,6847,16,6831,50000,54788,54789,500,500,-4789
1663,166295262,166295278,166302054,6792,16,6776,50000,54789,54790,500,500,-4790
1664,166395310,166395327,166402051,6741,17,6724,50000,54790,54790,500,500,-4790
1665,166495357,166495373,166502077,6720,16,6704,50000,54790,54791,500,500,-4791
1666,166595422,166595438,166602063,6641,16,6625,50000,54791,54792,500,500,-4792
1667,166695469,166695485,166702057,6588,16,6572,50000,54792,54793,500,500,-4793
1668,166795517,166795533,166802057,6540,16,6524,50000,54793,54794,500,500,-4794
1669,166895565,166895581,166902047,6482,16,6466,50000,54794,54795,500,500,-4795
1670,166995612,166995628,167002060,6448,16,6432,50000,54795,54795,500,500,-4795
1671,167095661,167095677,167102065,6404,16,6388,50000,54795,54796,500,500,-4796
1672,167195708,167195724,167202051,6343,16,6327,50000,54796,54797,500,500,-4797
1673,167295756,167295772,167302069,6313,16,6297,50000,54797,54798,500,500,-4798
1674,167395805,167395821,167402058,6253,16,6237,50000,54798,54799,500,500,-4799
1675,167495853,167495869,167502062,6209,16,6193,50000,54799,54799,500,500,-4799
1676,167595901,167595917,167602058,6157,16,6141,50000,54799,54800,500,500,-4800
1677,167695948,167695964,167702058,6110,16,6094,50000,54800,54801,500,500,-4801
1678,167795996,167796012,167802060,6064,16,6048,50000,54801,54802,500,500,-4802
1679,167896044,167896060,167902068,6024,16,6008,50000,54802,54803,500,500,-4803
1680,167996090,167996107,168002097,6007,17,5990,50000,54803,54803,500,500,-4803
1681,168096156,168096172,168102086,5930,16,5914,50000,54803,54804,500,500,-4804
1682,168196203,168196219,168202062,5859,16,5843,50000,54804,54805,500,500,-4805
1683,168296251,168296267,168302066,5815,16,5799,50000,54805,54806,500,500,-4806
1684,168396299,168396314,168402054,5755,15,5740,50000,54806,54807,500,500,-4807
1685,168496345,168496361,168502051,5706,16,5690,50000,54807,54807,500,500,-4807
1686,168596393,168596409,168602060,5667,16,5651,50000,54807,54808,500,500,-4808
1687,168696441,168696457,168702056,5615,16,5599,50000,54808,54809,500,500,-4809
1688,168796489,168796504,168802061,5572,15,5557,50000,54809,54810,500,500,-4810
1689,168896536,168896552,168902064,5528,16,5512,50000,54810,54810,500,500,-4810
1690,168996584,168996599,169002068,5484,15,5469,50000,54810,54811,500,500,-4811
1691,169096632,169096649,169102056,5424,17,5407,50000,54811,54812,500,500,-4812
1692,169196679,169196696,169202058,5379,17,5362,50000,54812,54813,500,500,-4813
1693,169296728,169296744,169302066,5338,16,5322,50000,54813,54813,500,500,-4813
1694,169396775,169396791,169402055,5280,16,5264,50000,54813,54814,500,500,-4814
1695,169496821,169496838,169502050,5229,17,5212,50000,54814,54815,500,500,-4815
1696,169596869,169596885,169602079,5210,16,5194,50000,54815,54816,500,500,-4816
1697,169696935,169696951,169702066,5131,16,5115,50000,54816,54816,500,500,-4816
1698,169796982,169796998,169802059,5077,16,5061,50000,54816,54817,500,500,-4817
1699,169897030,169897046,169902069,5039,16,5023,50000,54817,54818,500,500,-4818
1700,169997079,169997094,170004934,7855,15,7840,50000,54818,54819,500,500,-4819
1701,170097129,170097145,170102023,4894,16,4878,50000,54819,54819,500,500,-4819
1702,170197175,170197191,170202065,4890,16,4874,50000,54819,54820,500,500,-4820
1703,170297227,170297243,170302061,4834,16,4818,50000,54820,54821,500,500,-4821
1704,170397274,170397290,170402068,4794,16,4778,50000,54821,54821,500,500,-4821
1705,170497322,170497338,170502059,4737,16,4721,50000,54821,54822,500,500,-4822
1706,170597369,170597385,170602059,4690,16,4674,50000,54822,54823,500,500,-4823
1707,170697418,170697434,170702075,4657,16,4641,50000,54823,54824,500,500,-4824
1708,170797465,170797481,170802053,4588,16,4572,50000,54824,54824,500,500,-4824
1709,170897513,170897546,170902049,4536,33,4503,50000,54824,54825,500,500,-4825
1710,170997561,170997577,171002059,4498,16,4482,50000,54825,54826,500,500,-4826
1711,171097608,171097624,171102054,4446,16,4430,50000,54826,54826,500,500,-4826
1712,171197654,171197670,171202063,4409,16,4393,50000,54826,54827,500,500,-4827
1713,171297701,171297717,171302065,4364,16,4348,50000,54827,54828,500,500,-4828
1714,171397748,171397764,171402070,4322,16,4306,50000,54828,54828,500,500,-4828
1715,171497794,171497810,171502056,4262,16,4246,50000,54828,54829,500,500,-4829
1716,171597840,171597856,171602057,4217,16,4201,50000,54829,54830,500,500,-4830
1717,171697887,171697903,171702061,4174,16,4158,50000,54830,54830,500,500,-4830
1718,171797933,171797950,171802066,4133,17,4116,50000,54830,54831,500,500,-4831
1719,171897980,171897996,171902053,4073,16,4057,50000,54831,54832,500,500,-4832
1720,171998027,171998043,172002070,4043,16,4027,50000,54832,54833,500,500,-4833
1721,172098073,172098090,172102060,3987,17,3970,50000,54833,54833,500,500,-4833
1722,172198119,172198136,172202047,3928,17,3911,50000,54833,54834,500,500,-4834
1723,172298166,172298183,172302060,3894,17,3877,50000,54834,54835,500,500,-4835
1724,172398214,172398230,172402067,3853,16,3837,50000,54835,54835,500,500,-4835
1725,172498260,172498276,172502055,3795,16,3779,50000,54835,54836,500,500,-4836
1726,172598306,172598323,172602062,3756,17,3739,50000,54836,54837,500,500,-4837
1727,172698353,172698369,172702084,3731,16,3715,50000,54837,54837,500,500,-4837
1728,172798400,172798416,172802087,3687,16,3671,50000,54837,54838,500,500,-4838
1729,172898446,172898462,172902073,3627,16,3611,50000,54838,54838,500,500,-4838
1730,172998492,172998508,173002067,3575,16,3559,50000,54838,54839,500,500,-4839
1731,173098539,173098555,173102054,3515,16,3499,50000,54839,54840,500,500,-4840
1732,173198586,173198602,173202051,3465,16,3449,50000,54840,54840,500,500,-4840
1733,173298633,173298649,173302066,3433,16,3417,50000,54840,54841,500,500,-4841
1734,173398679,173398695,173402061,3382,16,3366,50000,54841,54842,500,500,-4842
1735,173498725,173498741,173502069,3344,16,3328,50000,54842,54842,500,500,-4842
1736,173598772,173598788,173602054,3282,16,3266,50000,54842,54843,500,500,-4843
1737,173698818,173698834,173702058,3240,16,3224,50000,54843,54844,500,500,-4844
1738,173798864,173798880,173802064,3200,16,3184,50000,54844,54844,500,500,-4844
1739,173898910,173898926,173902053,3143,16,3127,50000,54844,54845,500,500,-4845
1740,173998957,173998973,174002068,3111,16,3095,50000,54845,54845,500,500,-4845
1741,174099004,174099020,174102061,3057,16,3041,50000,54845,54846,500,500,-4846
1742,174199050,174199066,174202053,3003,16,2987,50000,54846,54847,500,500,-4847
1743,174299097,174299113,174302050,2953,16,2937,50000,54847,54847,500,500,-4847
1744,174399143,174399159,174402063,2920,16,2904,50000,54847,54848,500,500,-4848
1745,174499189,174499205,174502066,2877,16,2861,50000,54848,54848,500,500,-4848
1746,174599235,174599251,174602055,2820,16,2804,50000,54848,54849,500,500,-4849
1747,174699282,174699298,174702213,2931,16,2915,50000,54849,54850,500,500,-4850
1748,174799327,174799343,174802296,2969,16,2953,50000,54850,54850,500,500,-4850
1749,174899372,174899389,174902362,2990,17,2973,50000,54850,54851,500,500,-4851
1750,174999418,174999434,175002428,3010,16,2994,50000,54851,54851,500,500,-4851
1751,175099464,175099480,175102503,3039,16,3023,50000,54851,54852,500,500,-4852
1752,175199510,175199526,175202551,3041,16,3025,50000,54852,54853,500,500,-4853
1753,175299575,175299591,175302635,3060,16,3044,50000,54853,54853,500,500,-4853
1754,175399621,175399637,175402717,3096,16,3080,50000,54853,54854,500,500,-4854
1755,175499667,175499683,175502799,3132,16,3116,50000,54854,54854,500,500,-4854
1756,175599712,175599728,175602841,3129,16,3113,50000,54854,54855,500,500,-4855
1757,175699760,175699776,175702903,3143,16,3127,50000,54855,54856,500,500,-4856
1758,175799806,175799822,175802964,3158,16,3142,50000,54856,54856,500,500,-4856
1759,175899870,175899886,175902997,3127,16,3111,50000,54856,54857,500,500,-4857
1760,175999915,175999931,176003001,3086,16,3070,50000,54857,54857,500,500,-4857
1761,176099961,176099977,176103002,3041,16,3025,50000,54857,54858,500,500,-4858
1762,176200006,176200022,176202995,2989,16,2973,50000,54858,54858,500,500,-4858
1763,176300052,176300068,176302997,2945,16,2929,50000,54858,54859,500,500,-4859
1764,176400098,176400114,176403007,2909,16,2893,50000,54859,54860,500,500,-4860
1765,176500144,176500160,176503000,2856,16,2840,50000,54860,54860,500,500,-4860
1766,176600189,176600205,176601998,1809,16,1793,50000,54860,54861,500,500,-4861
1767,176700234,176700251,176702106,1872,17,1855,50000,54861,54861,500,500,-4861
1768,176800280,176800296,176812042,11762,16,11746,50000,54861,54862,500,500,-4862
1769,176900338,176900354,176912065,11727,16,11711,50000,54862,54862,500,500,-4862
1770,177000385,177000401,177012069,11684,16,11668,50000,54862,54863,500,500,-4863
1771,177100431,177100447,177112074,11643,16,11627,50000,54863,54863,500,500,-4863
1772,177200477,177200493,177212076,11599,16,11583,50000,54863,54864,500,500,-4864
1773,177300524,177300540,177312075,11551,16,11535,50000,54864,54865,500,500,-4865
1774,177400570,177400586,177412065,11495,16,11479,50000,54865,54865,500,500,-4865
1775,177500617,177500633,177512062,11445,16,11429,50000,54865,54866,500,500,-4866
1776,177600664,177600680,177612085,11421,16,11405,50000,54866,54866,500,500,-4866
1777,177700710,177700726,177712057,11347,16,11331,50000,54866,54867,500,500,-4867
1778,177800775,177800791,177812043,11268,16,11252,50000,54867,54867,500,500,-4867
1779,177900821,177900837,177912062,11241,16,11225,50000,54867,54868,500,500,-4868
1780,178000868,178000884,178012056,11188,16,11172,50000,54868,54868,500,500,-4868
1781,178100914,178100930,178112061,11147,16,11131,50000,54868,54869,500,500,-4869
1782,178200960,178200976,178212088,11128,16,11112,50000,54869,54869,500,500,-4869
1783,178301007,178301023,178312091,11084,16,11068,50000,54869,54870,500,500,-4870
1784,178401054,178401070,178412076,11022,16,11006,50000,54870,54870,500,500,-4870
1785,178501100,178501116,178512066,10966,16,10950,50000,54870,54871,500,500,-4871
1786,178601147,178601163,178612056,10909,16,10893,50000,54871,54871,500,500,-4871
1787,178701194,178701211,178712051,10857,17,10840,50000,54871,54872,500,500,-4872
1788,178801243,178801259,178812064,10821,16,10805,50000,54872,54872,500,500,-4872
1789,178901290,178901307,178912057,10767,17,10750,50000,54872,54873,500,500,-4873
1790,179001338,179001354,179012054,10716,16,10700,50000,54873,54873,500,500,-4873
1791,179101385,179101401,179112053,10668,16,10652,50000,54873,54874,500,500,-4874
1792,179201433,179201449,179212063,10630,16,10614,50000,54874,54875,500,500,-4875
1793,179301481,179301497,179312058,10577,16,10561,50000,54875,54875,500,500,-4875
1794,179401529,179401545,179412066,10537,16,10521,50000,54875,54876,500,500,-4876
1795,179501576,179501592,179512055,10479,16,10463,50000,54876,54876,500,500,-4876
1796,179601624,179601640,179612072,10448,16,10432,50000,54876,54877,500,500,-4877
1797,179701672,179701688,179712058,10386,16,10370,50000,54877,54877,500,500,-4877
1798,179801720,179801736,179812049,10329,16,10313,50000,54877,54877,500,500,-4877
1799,179901768,179901784,179912058,10290,16,10274,50000,54877,54878,500,500,-4878
1800,180001816,180001832,180014941,13125,16,13109,50000,54878,54878,500,500,-4878
