sequence,cycle_started_us,command_sent_us,response_completed_us,full_loop_us,pre_send_us,transport_us,setpoint_milli_c,observed_milli_c,measured_milli_c,command_actuator_permille,status_actuator_permille,error_milli_c
1,5381,5747,105090,99709,366,99343,45000,20000,20266,951,951,24734
2,105972,105988,112110,6138,16,6122,45000,20266,20543,992,992,24457
3,206388,206405,212138,5750,17,5733,45000,20543,20817,986,986,24183
4,306436,306452,312132,5696,16,5680,45000,20817,21088,979,979,23912
5,406481,406498,412128,5647,17,5630,45000,21088,21356,972,972,23644
6,506527,506544,512127,5600,17,5583,45000,21356,21620,965,965,23380
7,606573,606590,612136,5563,17,5546,45000,21620,21882,958,958,23118
8,706619,706636,712133,5514,17,5497,45000,21882,22141,951,951,22859
9,806665,806681,812129,5464,16,5448,45000,22141,22397,944,944,22603
10,906710,906727,912139,5429,17,5412,45000,22397,22649,937,937,22351
11,1006756,1006773,1012133,5377,17,5360,45000,22649,22899,931,931,22101
12,1106802,1106819,1112133,5331,17,5314,45000,22899,23147,924,924,21853
13,1206848,1206865,1212127,5279,17,5262,45000,23147,23391,917,917,21609
14,1306894,1306911,1312136,5242,17,5225,45000,23391,23632,911,911,21368
15,1406940,1406957,1412132,5192,17,5175,45000,23632,23871,905,905,21129
16,1506987,1507004,1512129,5142,17,5125,45000,23871,24107,898,898,20893
17,1607033,1607050,1612141,5108,17,5091,45000,24107,24340,892,892,20660
18,1707079,1707096,1712134,5055,17,5038,45000,24340,24571,886,886,20429
19,1807124,1807141,1812132,5008,17,4991,45000,24571,24799,879,879,20201
20,1907170,1907187,1912127,4957,17,4940,45000,24799,25024,873,873,19976
21,2007216,2007233,2012136,4920,17,4903,45000,25024,25247,867,867,19753
22,2107263,2107279,2112130,4867,16,4851,45000,25247,25467,861,861,19533
23,2207308,2207325,2212130,4822,17,4805,45000,25467,25685,856,856,19315
24,2307355,2307372,2312140,4785,17,4768,45000,25685,25900,850,850,19100
25,2407400,2407417,2412136,4736,17,4719,45000,25900,26113,844,844,18887
26,2507446,2507463,2512130,4684,17,4667,45000,26113,26323,838,838,18677
27,2607492,2607509,2612127,4635,17,4618,45000,26323,26531,833,833,18469
28,2707538,2707555,2712136,4598,17,4581,45000,26531,26736,827,827,18264
29,2807585,2807602,2812133,4548,17,4531,45000,26736,26940,822,822,18060
30,2907630,2907647,2912128,4498,17,4481,45000,26940,27140,816,816,17860
31,3007676,3007693,3012130,4454,17,4437,45000,27140,27339,811,811,17661
32,3107722,3107738,3112163,4441,16,4425,45000,27339,27535,806,806,17465
33,3207768,3207785,3212158,4390,17,4373,45000,27535,27729,801,801,17271
34,3307814,3307831,3312158,4344,17,4327,45000,27729,27921,795,795,17079
35,3407860,3407877,3412132,4272,17,4255,45000,27921,28110,790,790,16890
36,3507906,3507923,3512131,4225,17,4208,45000,28110,28298,785,785,16702
37,3607952,3607969,3612127,4175,17,4158,45000,28298,28483,780,780,16517
38,3707998,3708014,3712136,4138,16,4122,45000,28483,28666,775,775,16334
39,3808044,3808061,3812131,4087,17,4070,45000,28666,28847,770,770,16153
40,3908090,3908107,3912131,4041,17,4024,45000,28847,29026,766,766,15974
41,4008137,4008153,4012136,3999,16,3983,45000,29026,29203,761,761,15797
42,4108182,4108199,4112133,3951,17,3934,45000,29203,29378,756,756,15622
43,4208228,4208245,4212129,3901,17,3884,45000,29378,29551,752,752,15449
44,4308274,4308290,4312127,3853,16,3837,45000,29551,29722,747,747,15278
45,4408320,4408336,4412136,3816,16,3800,45000,29722,29891,742,742,15109
46,4508367,4508383,4512137,3770,16,3754,45000,29891,30058,738,738,14942
47,4608412,4608429,4612129,3717,17,3700,45000,30058,30223,733,733,14777
48,4708458,4708475,4712134,3676,17,3659,45000,30223,30386,729,729,14614
49,4808504,4808521,4812143,3639,17,3622,45000,30386,30548,725,725,14452
50,4908549,4908566,4912132,3583,17,3566,45000,30548,30707,720,720,14293
51,5008595,5008612,5012130,3535,17,3518,45000,30707,30865,716,716,14135
52,5108641,5108658,5112137,3496,17,3479,45000,30865,31021,712,712,13979
53,5208687,5208704,5212132,3445,17,3428,45000,31021,31175,708,708,13825
54,5308732,5308765,5312129,3397,33,3364,45000,31175,31327,704,704,13673
55,5408780,5408796,5412138,3358,16,3342,45000,31327,31478,700,700,13522
56,5508825,5508841,5512133,3308,16,3292,45000,31478,31627,696,696,13373
57,5608871,5608888,5612131,3260,17,3243,45000,31627,31774,692,692,13226
58,5708917,5708934,5712126,3209,17,3192,45000,31774,31920,688,688,13080
59,5808963,5808979,5812141,3178,16,3162,45000,31920,32063,684,684,12937
60,5909008,5909025,5912135,3127,17,3110,45000,32063,32206,680,680,12794
61,6009053,6009070,6012134,3081,17,3064,45000,32206,32346,676,676,12654
62,6109099,6109116,6112131,3032,17,3015,45000,32346,32485,673,673,12515
63,6209144,6209161,6212154,3010,17,2993,45000,32485,32622,669,669,12378
64,6309209,6309226,6312122,2913,17,2896,45000,32622,32758,665,665,12242
65,6409255,6409272,6412139,2884,17,2867,45000,32758,32893,662,662,12107
66,6509301,6509318,6512138,2837,17,2820,45000,32893,33025,658,658,11975
67,6609346,6609363,6611154,1808,17,1791,45000,33025,33156,655,655,11844
68,6709392,6709409,6711261,1869,17,1852,45000,33156,33286,651,651,11714
69,6809438,6809455,6821425,11987,17,11970,45000,33286,33414,648,648,11586
70,6909484,6909501,6921114,11630,17,11613,45000,33414,33541,644,644,11459
71,7009530,7009547,7021178,11648,17,11631,45000,33541,33666,641,641,11334
72,7109575,7109592,7121208,11633,17,11616,45000,33666,33790,638,638,11210
73,7209641,7209658,7221259,11618,17,11601,45000,33790,33913,634,634,11087
74,7309707,7309724,7321343,11636,17,11619,45000,33913,34034,631,631,10966
75,7409752,7409769,7421372,11620,17,11603,45000,34034,34153,628,628,10847
76,7509819,7509836,7521461,11642,17,11625,45000,34153,34272,625,625,10728
77,7609865,7609882,7621495,11630,17,11613,45000,34272,34389,621,621,10611
78,7709914,7709931,7721546,11632,17,11615,45000,34389,34504,618,618,10496
79,7809992,7810008,7821607,11615,16,11599,45000,34504,34618,615,615,10382
80,7910037,7910054,7921658,11621,17,11604,45000,34618,34731,612,612,10269
81,8010102,8010118,8021711,11609,16,11593,45000,34731,34843,609,609,10157
82,8110167,8110184,8121791,11624,17,11607,45000,34843,34953,606,606,10047
83,8210213,8210230,8221835,11622,17,11605,45000,34953,35062,603,603,9938
84,8310270,8310286,8321899,11629,16,11613,45000,35062,35170,600,600,9830
85,8410317,8410333,8421945,11628,16,11612,45000,35170,35276,597,597,9724
86,8510380,8510397,8522021,11641,17,11624,45000,35276,35382,595,595,9618
87,8610426,8610442,8622057,11631,16,11615,45000,35382,35486,592,592,9514
88,8710475,8710492,8722095,11620,17,11603,45000,35486,35589,589,589,9411
89,8810538,8810555,8822129,11591,17,11574,45000,35589,35691,586,586,9309
90,8910601,8910617,8922138,11537,16,11521,45000,35691,35792,584,584,9208
91,9010646,9010663,9022154,11508,17,11491,45000,35792,35891,581,581,9109
92,9110708,9110725,9122149,11441,17,11424,45000,35891,35989,578,578,9011
93,9210753,9210770,9222131,11378,17,11361,45000,35989,36087,576,576,8913
94,9310798,9310815,9322131,11333,17,11316,45000,36087,36183,573,573,8817
95,9410844,9410861,9422139,11295,17,11278,45000,36183,36278,571,571,8722
96,9510891,9510907,9522133,11242,16,11226,45000,36278,36372,568,568,8628
97,9610937,9610954,9622131,11194,17,11177,45000,36372,36465,565,565,8535
98,9710985,9711002,9722130,11145,17,11128,45000,36465,36556,563,563,8444
99,9811032,9811048,9822126,11094,16,11078,45000,36556,36647,561,561,8353
100,9911079,9911096,9923950,12871,17,12854,45000,36647,36737,558,558,8263
101,10011129,10011146,10022095,10966,17,10949,45000,36737,36826,556,556,8174
102,10111176,10111193,10122132,10956,17,10939,45000,36826,36913,553,553,8087
103,10211225,10211242,10222135,10910,17,10893,45000,36913,37000,551,551,8000
104,10311273,10311289,10322132,10859,16,10843,45000,37000,37085,549,549,7915
105,10411319,10411336,10422128,10809,17,10792,45000,37085,37170,547,547,7830
106,10511367,10511384,10522127,10760,17,10743,45000,37170,37254,544,544,7746
107,10611414,10611431,10622135,10721,17,10704,45000,37254,37337,542,542,7663
108,10711461,10711478,10722131,10670,17,10653,45000,37337,37419,540,540,7581
109,10811508,10811525,10822127,10619,17,10602,45000,37419,37499,538,538,7501
110,10911555,10911572,10922134,10579,17,10562,45000,37499,37580,536,536,7420
111,11011603,11011620,11022131,10528,17,10511,45000,37580,37658,533,533,7342
112,11111650,11111667,11122130,10480,17,10463,45000,37658,37737,531,531,7263
113,11211697,11211714,11222130,10433,17,10416,45000,37737,37814,529,529,7186
114,11311762,11311779,11322137,10375,17,10358,45000,37814,37890,527,527,7110
115,11411810,11411826,11422132,10322,16,10306,45000,37890,37965,525,525,7035
116,11511857,11511873,11522128,10271,16,10255,45000,37965,38040,523,523,6960
117,11611903,11611920,11622136,10233,17,10216,45000,38040,38114,521,521,6886
118,11711950,11711967,11722132,10182,17,10165,45000,38114,38187,519,519,6813
119,11811996,11812013,11822131,10135,17,10118,45000,38187,38259,517,517,6741
120,11912044,11912061,11922127,10083,17,10066,45000,38259,38330,515,515,6670
121,12012091,12012108,12022142,10051,17,10034,45000,38330,38400,513,513,6600
122,12112140,12112156,12122137,9997,16,9981,45000,38400,38470,512,512,6530
123,12212187,12212204,12222137,9950,17,9933,45000,38470,38539,510,510,6461
124,12312234,12312251,12322131,9897,17,9880,45000,38539,38607,508,508,6393
125,12412296,12412312,12422131,9835,16,9819,45000,38607,38674,506,506,6326
126,12512341,12512358,12522140,9799,17,9782,45000,38674,38741,504,504,6259
127,12612388,12612405,12622134,9746,17,9729,45000,38741,38806,502,502,6194
128,12712434,12712451,12722134,9700,17,9683,45000,38806,38871,501,501,6129
129,12812480,12812496,12822129,9649,16,9633,45000,38871,38935,499,499,6065
130,12912526,12912542,12922128,9602,16,9586,45000,38935,38999,497,497,6001
131,13012572,13012588,13022136,9564,16,9548,45000,38999,39061,495,495,5939
132,13112618,13112634,13122130,9512,16,9496,45000,39061,39124,494,494,5876
133,13212663,13212680,13222131,9468,17,9451,45000,39124,39185,492,492,5815
134,13312709,13312725,13322134,9425,16,9409,45000,39185,39246,491,491,5754
135,13412754,13412771,13422136,9382,17,9365,45000,39246,39305,489,489,5695
136,13512801,13512818,13522129,9328,17,9311,45000,39305,39365,488,488,5635
137,13612846,13612863,13622131,9285,17,9268,45000,39365,39424,486,486,5576
138,13712893,13712909,13722138,9245,16,9229,45000,39424,39481,484,484,5519
139,13812939,13812956,13822132,9193,17,9176,45000,39481,39539,483,483,5461
140,13912985,13913002,13922126,9141,17,9124,45000,39539,39595,481,481,5405
141,14013031,14013048,14022137,9106,17,9089,45000,39595,39651,480,480,5349
142,14113078,14113095,14122133,9055,17,9038,45000,39651,39706,478,478,5294
143,14213124,14213141,14222131,9007,17,8990,45000,39706,39761,477,477,5239
144,14313170,14313187,14322129,8959,17,8942,45000,39761,39815,475,475,5185
145,14413215,14413232,14422136,8921,17,8904,45000,39815,39869,474,474,5131
146,14513262,14513279,14522131,8869,17,8852,45000,39869,39921,472,472,5079
147,14613307,14613324,14622133,8826,17,8809,45000,39921,39973,471,471,5027
148,14713353,14713370,14722136,8783,17,8766,45000,39973,40025,470,470,4975
149,14813399,14813416,14822133,8734,17,8717,45000,40025,40076,468,468,4924
150,14913445,14913462,14922130,8685,17,8668,45000,40076,40127,467,467,4873
151,15013491,15013508,15022125,8634,17,8617,45000,40127,40176,465,465,4824
152,15113537,15113553,15122149,8612,16,8596,45000,40176,40225,464,464,4775
153,15213602,15213619,15222142,8540,17,8523,45000,40225,40274,463,463,4726
154,15313648,15313664,15322141,8493,16,8477,45000,40274,40322,462,462,4678
155,15413693,15413710,15422131,8438,17,8421,45000,40322,40370,460,460,4630
156,15513739,15513755,15522132,8393,16,8377,45000,40370,40417,459,459,4583
157,15613785,15613802,15622126,8341,17,8324,45000,40417,40464,458,458,4536
158,15713831,15713847,15722134,8303,16,8287,45000,40464,40510,457,457,4490
159,15813877,15813894,15822131,8254,17,8237,45000,40510,40555,455,455,4445
160,15913923,15913939,15922127,8204,16,8188,45000,40555,40600,454,454,4400
161,16013969,16013986,16022127,8158,17,8141,45000,40600,40644,453,453,4356
162,16114015,16114032,16122134,8119,17,8102,45000,40644,40688,452,452,4312
163,16214061,16214078,16222130,8069,17,8052,45000,40688,40732,451,451,4268
164,16314107,16314124,16322127,8020,17,8003,45000,40732,40775,449,449,4225
165,16414153,16414170,16422135,7982,17,7965,45000,40775,40817,448,448,4183
166,16514200,16514216,16522132,7932,16,7916,45000,40817,40859,447,447,4141
167,16614246,16614263,16622129,7883,17,7866,45000,40859,40900,446,446,4100
168,16714291,16714308,16722128,7837,17,7820,45000,40900,40941,445,445,4059
169,16814337,16814354,16822136,7799,17,7782,45000,40941,40982,444,444,4018
170,16914384,16914401,16922131,7747,17,7730,45000,40982,41022,443,443,3978
171,17014430,17014447,17022128,7698,17,7681,45000,41022,41062,442,442,3938
172,17114476,17114493,17122135,7659,17,7642,45000,41062,41101,441,441,3899
173,17214523,17214540,17222132,7609,17,7592,45000,41101,41140,440,440,3860
174,17314569,17314585,17322129,7560,16,7544,45000,41140,41178,439,439,3822
175,17414615,17414632,17422128,7513,17,7496,45000,41178,41216,438,438,3784
176,17514660,17514676,17522134,7474,16,7458,45000,41216,41254,437,437,3746
177,17614706,17614723,17622130,7424,17,7407,45000,41254,41291,436,436,3709
178,17714751,17714768,17722129,7378,17,7361,45000,41291,41327,435,435,3673
179,17814798,17814815,17822143,7345,17,7328,45000,41327,41363,434,434,3637
180,17914845,17914862,17922148,7303,17,7286,45000,41363,41399,433,433,3601
181,18014889,18014906,18022147,7258,17,7241,45000,41399,41435,432,432,3565
182,18114935,18114952,18122112,7177,17,7160,45000,41435,41470,431,431,3530
183,18214982,18214998,18222132,7150,16,7134,45000,41470,41504,430,430,3496
184,18315028,18315045,18322127,7099,17,7082,45000,41504,41538,429,429,3462
185,18415073,18415090,18422139,7066,17,7049,45000,41538,41572,428,428,3428
186,18515120,18515137,18522133,7013,17,6996,45000,41572,41605,427,427,3395
187,18615165,18615182,18622134,6969,17,6952,45000,41605,41638,426,426,3362
188,18715211,18715228,18722129,6918,17,6901,45000,41638,41670,425,425,3330
189,18815257,18815274,18822134,6877,17,6860,45000,41670,41703,425,425,3297
190,18915303,18915320,18922138,6835,17,6818,45000,41703,41735,424,424,3265
191,19015349,19015366,19022126,6777,17,6760,45000,41735,41766,423,423,3234
192,19115396,19115412,19122129,6733,16,6717,45000,41766,41797,422,422,3203
193,19215441,19215458,19222135,6694,17,6677,45000,41797,41828,421,421,3172
194,19315486,19315503,19322133,6647,17,6630,45000,41828,41858,420,420,3142
195,19415532,19415549,19422126,6594,17,6577,45000,41858,41888,420,420,3112
196,19515578,19515595,19522134,6556,17,6539,45000,41888,41918,419,419,3082
197,19615624,19615641,19622129,6505,17,6488,45000,41918,41948,418,418,3052
198,19715669,19715686,19722130,6461,17,6444,45000,41948,41977,417,417,3023
199,19815714,19815731,19822126,6412,17,6395,45000,41977,42005,416,416,2995
200,19915760,19915777,19923945,8185,17,8168,45000,42005,42034,416,416,2966
201,20015811,20015828,20022094,6283,17,6266,45000,42034,42062,415,415,2938
202,20115856,20115873,20122132,6276,17,6259,45000,42062,42089,414,414,2911
203,20215904,20215920,20222136,6232,16,6216,45000,42089,42117,413,413,2883
204,20315949,20315966,20322133,6184,17,6167,45000,42117,42143,412,412,2857
205,20415995,20416012,20422129,6134,17,6117,45000,42143,42170,412,412,2830
206,20516041,20516058,20522132,6091,17,6074,45000,42170,42197,411,411,2803
207,20616087,20616104,20622152,6065,17,6048,45000,42197,42223,410,410,2777
208,20716133,20716150,20722155,6022,17,6005,45000,42223,42249,410,410,2751
209,20816178,20816195,20822123,5945,17,5928,45000,42249,42274,409,409,2726
210,20916224,20916241,20922134,5910,17,5893,45000,42274,42300,409,409,2700
211,21016270,21016287,21022129,5859,17,5842,45000,42300,42325,408,408,2675
212,21116316,21116332,21122128,5812,16,5796,45000,42325,42349,407,407,2651
213,21216362,21216378,21222135,5773,16,5757,45000,42349,42374,407,407,2626
214,21316408,21316425,21322130,5722,17,5705,45000,42374,42398,406,406,2602
215,21416453,21416470,21422128,5675,17,5658,45000,42398,42422,405,405,2578
216,21516499,21516516,21522139,5640,17,5623,45000,42422,42445,404,404,2555
217,21616546,21616563,21622134,5588,17,5571,45000,42445,42469,404,404,2531
218,21716591,21716608,21722135,5544,17,5527,45000,42469,42492,403,403,2508
219,21816637,21816654,21822129,5492,17,5475,45000,42492,42514,403,403,2486
220,21916683,21916700,21922128,5445,17,5428,45000,42514,42537,402,402,2463
221,22016729,22016745,22022136,5407,16,5391,45000,42537,42559,401,401,2441
222,22116776,22116792,22122132,5356,16,5340,45000,42559,42581,401,401,2419
223,22216821,22216838,22222126,5305,17,5288,45000,42581,42603,400,400,2397
224,22316867,22316884,22322134,5267,17,5250,45000,42603,42624,400,400,2376
225,22416914,22416931,22422132,5218,17,5201,45000,42624,42646,399,399,2354
226,22516959,22516976,22522126,5167,17,5150,45000,42646,42666,398,398,2334
227,22617005,22617022,22622138,5133,17,5116,45000,42666,42687,398,398,2313
228,22717072,22717089,22722131,5059,17,5042,45000,42687,42708,397,397,2292
229,22817118,22817135,22822132,5014,17,4997,45000,42708,42728,397,397,2272
230,22917164,22917181,22922127,4963,17,4946,45000,42728,42748,396,396,2252
231,23017210,23017226,23022135,4925,16,4909,45000,42748,42768,396,396,2232
232,23117257,23117274,23122131,4874,17,4857,45000,42768,42787,395,395,2213
233,23217302,23217319,23222127,4825,17,4808,45000,42787,42807,395,395,2193
234,23317348,23317365,23322146,4798,17,4781,45000,42807,42826,394,394,2174
235,23417412,23417429,23422154,4742,17,4725,45000,42826,42845,394,394,2155
236,23517459,23517475,23522150,4691,16,4675,45000,42845,42864,393,393,2136
237,23617505,23617521,23622134,4629,16,4613,45000,42864,42882,393,393,2118
238,23717550,23717567,23722133,4583,17,4566,45000,42882,42900,392,392,2100
239,23817597,23817614,23822128,4531,17,4514,45000,42900,42919,392,392,2081
240,23917642,23917659,23922138,4496,17,4479,45000,42919,42936,391,391,2064
241,24017689,24017706,24022131,4442,17,4425,45000,42936,42954,391,391,2046
242,24117734,24117751,24122129,4395,17,4378,45000,42954,42971,390,390,2029
243,24217781,24217797,24222132,4351,16,4335,45000,42971,42989,390,390,2011
244,24317826,24317843,24322135,4309,17,4292,45000,42989,43006,389,389,1994
245,24417872,24417889,24422133,4261,17,4244,45000,43006,43023,389,389,1977
246,24517918,24517935,24522128,4210,17,4193,45000,43023,43039,388,388,1961
247,24617964,24617980,24622140,4176,16,4160,45000,43039,43056,388,388,1944
248,24718010,24718027,24722135,4125,17,4108,45000,43056,43072,388,388,1928
249,24818055,24818072,24822135,4080,17,4063,45000,43072,43088,387,387,1912
250,24918101,24918117,24922131,4030,16,4014,45000,43088,43104,387,387,1896
251,25018147,25018163,25022128,3981,16,3965,45000,43104,43120,386,386,1880
252,25118192,25118209,25122159,3967,17,3950,45000,43120,43135,386,386,1865
253,25218258,25218275,25222154,3896,17,3879,45000,43135,43151,386,386,1849
254,25318304,25318321,25322157,3853,17,3836,45000,43151,43166,385,385,1834
255,25418350,25418367,25422132,3782,17,3765,45000,43166,43181,385,385,1819
256,25518396,25518413,25522132,3736,17,3719,45000,43181,43196,384,384,1804
257,25618442,25618459,25622128,3686,17,3669,45000,43196,43211,384,384,1789
258,25718487,25718504,25722143,3656,17,3639,45000,43211,43225,383,383,1775
259,25818534,25818551,25822136,3602,17,3585,45000,43225,43240,383,383,1760
260,25918580,25918596,25922133,3553,16,3537,45000,43240,43254,383,383,1746
261,26018625,26018642,26022126,3501,17,3484,45000,43254,43268,382,382,1732
262,26118671,26118688,26122155,3484,17,3467,45000,43268,43282,382,382,1718
263,26218739,26218773,26222151,3412,34,3378,45000,43282,43295,382,382,1705
264,26318785,26318802,26322148,3363,17,3346,45000,43295,43309,381,381,1691
265,26418830,26418847,26422133,3303,17,3286,45000,43309,43322,381,381,1678
266,26518876,26518893,26522132,3256,17,3239,45000,43322,43336,381,381,1664
267,26618922,26618938,26622128,3206,16,3190,45000,43336,43349,380,380,1651
268,26718967,26718984,26722138,3171,17,3154,45000,43349,43362,380,380,1638
269,26819014,26819031,26822133,3119,17,3102,45000,43362,43375,379,379,1625
270,26919059,26919076,26922129,3070,17,3053,45000,43375,43387,379,379,1613
271,27019104,27019121,27022138,3034,17,3017,45000,43387,43400,379,379,1600
272,27119150,27119166,27122134,2984,16,2968,45000,43400,43412,378,378,1588
273,27219195,27219212,27222131,2936,17,2919,45000,43412,43424,378,378,1576
274,27319240,27319257,27322132,2892,17,2875,45000,43424,43436,378,378,1564
275,27419286,27419303,27422138,2852,17,2835,45000,43436,43448,378,378,1552
276,27519331,27519347,27521139,1808,16,1792,45000,43448,43460,377,377,1540
277,27619377,27619393,27621247,1870,16,1854,45000,43460,43472,377,377,1528
278,27719422,27719439,27731415,11993,17,11976,45000,43472,43484,377,377,1516
279,27819468,27819485,27831519,12051,17,12034,45000,43484,43495,376,376,1505
280,27919513,27919530,27931583,12070,17,12053,45000,43495,43506,376,376,1494
281,28019559,28019576,28031150,11591,17,11574,45000,43506,43517,376,376,1483
282,28119605,28119622,28131254,11649,17,11632,45000,43517,43528,375,375,1472
283,28219650,28219667,28231277,11627,17,11610,45000,43528,43539,375,375,1461
284,28319713,28319730,28331361,11648,17,11631,45000,43539,43550,375,375,1450
285,28419760,28419776,28431389,11629,16,11613,45000,43550,43561,374,374,1439
286,28519805,28519822,28531437,11632,17,11615,45000,43561,43571,374,374,1429
287,28619871,28619887,28631494,11623,16,11607,45000,43571,43582,374,374,1418
288,28719918,28719935,28731546,11628,17,11611,45000,43582,43592,374,374,1408
289,28819994,28820011,28831632,11638,17,11621,45000,43592,43602,373,373,1398
290,28920040,28920056,28931658,11618,16,11602,45000,43602,43612,373,373,1388
291,29020104,29020121,29031713,11609,17,11592,45000,43612,43622,373,373,1378
292,29120151,29120168,29131772,11621,17,11604,45000,43622,43632,373,373,1368
293,29220198,29220214,29231818,11620,16,11604,45000,43632,43642,372,372,1358
294,29320261,29320278,29331870,11609,17,11592,45000,43642,43651,372,372,1349
295,29420336,29420352,29431986,11650,16,11634,45000,43651,43661,372,372,1339
296,29520381,29520397,29532012,11631,16,11615,45000,43661,43670,371,371,1330
297,29620446,29620463,29632069,11623,17,11606,45000,43670,43679,371,371,1321
298,29720494,29720511,29732112,11618,17,11601,45000,43679,43688,371,371,1312
299,29820559,29820576,29832150,11591,17,11574,45000,43688,43698,371,371,1302
300,29920621,29920638,29933940,13319,17,13302,45000,43698,43706,370,370,1294
301,30020671,30020687,30032129,11458,16,11442,45000,43706,43715,370,370,1285
302,30120716,30120733,30132154,11438,17,11421,45000,43715,43724,370,370,1276
303,30220779,30220796,30232113,11334,17,11317,45000,43724,43733,370,370,1267
304,30320847,30320864,30332133,11286,17,11269,45000,43733,43741,370,370,1259
305,30420895,30420912,30432128,11233,17,11216,45000,43741,43750,370,370,1250
306,30520942,30520959,30532138,11196,17,11179,45000,43750,43758,369,369,1242
307,30620989,30621005,30632131,11142,16,11126,45000,43758,43766,369,369,1234
308,30721036,30721053,30732128,11092,17,11075,45000,43766,43775,369,369,1225
309,30821083,30821100,30832144,11061,17,11044,45000,43775,43783,368,368,1217
310,30921146,30921163,30932147,11001,17,10984,45000,43783,43791,368,368,1209
311,31021193,31021210,31032145,10952,17,10935,45000,43791,43798,368,368,1202
312,31121240,31121256,31132132,10892,16,10876,45000,43798,43806,368,368,1194
313,31221287,31221303,31232133,10846,16,10830,45000,43806,43814,368,368,1186
314,31321334,31321351,31332128,10794,17,10777,45000,43814,43822,367,367,1178
315,31421381,31421398,31432140,10759,17,10742,45000,43822,43829,367,367,1171
316,31521427,31521444,31532134,10707,17,10690,45000,43829,43837,367,367,1163
317,31621475,31621492,31632134,10659,17,10642,45000,43837,43844,367,367,1156
318,31721523,31721539,31732129,10606,16,10590,45000,43844,43851,367,367,1149
319,31821569,31821586,31832126,10557,17,10540,45000,43851,43859,367,367,1141
320,31921616,31921633,31932134,10518,17,10501,45000,43859,43866,366,366,1134
321,32021663,32021680,32032129,10466,17,10449,45000,43866,43873,366,366,1127
322,32121709,32121726,32132126,10417,17,10400,45000,43873,43880,366,366,1120
323,32221757,32221774,32232136,10379,17,10362,45000,43880,43887,366,366,1113
324,32321804,32321821,32332132,10328,17,10311,45000,43887,43894,366,366,1106
325,32421851,32421867,32432127,10276,16,10260,45000,43894,43900,365,365,1100
326,32521898,32521915,32532137,10239,17,10222,45000,43900,43907,365,365,1093
327,32621945,32621962,32632132,10187,17,10170,45000,43907,43913,365,365,1087
328,32721992,32722008,32732129,10137,16,10121,45000,43913,43920,365,365,1080
329,32822039,32822056,32832129,10090,17,10073,45000,43920,43926,365,365,1074
330,32922087,32922103,32932136,10049,16,10033,45000,43926,43933,365,365,1067
331,33022133,33022150,33032131,9998,17,9981,45000,43933,43939,364,364,1061
332,33122180,33122197,33132128,9948,17,9931,45000,43939,43945,364,364,1055
333,33222228,33222245,33232136,9908,17,9891,45000,43945,43951,364,364,1049
334,33322289,33322305,33332131,9842,16,9826,45000,43951,43958,364,364,1042
335,33422335,33422351,33432128,9793,16,9777,45000,43958,43963,363,363,1037
336,33522380,33522397,33532127,9747,17,9730,45000,43963,43969,364,364,1031
337,33622426,33622443,33632152,9726,17,9709,45000,43969,43975,363,363,1025
338,33722493,33722510,33732148,9655,17,9638,45000,43975,43981,363,363,1019
339,33822539,33822556,33832145,9606,17,9589,45000,43981,43987,363,363,1013
340,33922585,33922602,33932134,9549,17,9532,45000,43987,43992,363,363,1008
341,34022631,34022647,34032131,9500,16,9484,45000,43992,43998,363,363,1002
342,34122694,34122711,34132127,9433,17,9416,45000,43998,44004,363,363,996
343,34222740,34222757,34232138,9398,17,9381,45000,44004,44009,362,362,991
344,34322786,34322803,34332132,9346,17,9329,45000,44009,44014,362,362,986
345,34422832,34422849,34432132,9300,17,9283,45000,44014,44020,362,362,980
346,34522877,34522894,34532127,9250,17,9233,45000,44020,44025,362,362,975
347,34622923,34622940,34632136,9213,17,9196,45000,44025,44030,362,362,970
348,34722970,34722986,34732131,9161,16,9145,45000,44030,44035,362,362,965
349,34823014,34823031,34832131,9117,17,9100,45000,44035,44041,362,362,959
350,34923061,34923078,34932125,9064,17,9047,45000,44041,44046,361,361,954
351,35023106,35023123,35032135,9029,17,9012,45000,44046,44050,361,361,950
352,35123153,35123169,35132131,8978,16,8962,45000,44050,44055,361,361,945
353,35223198,35223214,35232127,8929,16,8913,45000,44055,44060,361,361,940
354,35323243,35323260,35332135,8892,17,8875,45000,44060,44065,361,361,935
355,35423290,35423307,35432130,8840,17,8823,45000,44065,44070,361,361,930
356,35523336,35523352,35532128,8792,16,8776,45000,44070,44075,361,361,925
357,35623383,35623399,35632136,8753,16,8737,45000,44075,44079,361,361,921
358,35723430,35723446,35732131,8701,16,8685,45000,44079,44084,361,361,916
359,35823475,35823492,35832128,8653,17,8636,45000,44084,44089,360,360,911
360,35923522,35923538,35932126,8604,16,8588,45000,44089,44093,360,360,907
361,36023568,36023584,36032134,8566,16,8550,45000,44093,44098,360,360,902
362,36123615,36123631,36132131,8516,16,8500,45000,44098,44102,360,360,898
363,36223661,36223678,36232127,8466,17,8449,45000,44102,44106,360,360,894
364,36323706,36323723,36332145,8439,17,8422,45000,44106,44111,360,360,889
365,36423770,36423787,36432150,8380,17,8363,45000,44111,44115,359,359,885
366,36523816,36523833,36532148,8332,17,8315,45000,44115,44119,359,359,881
367,36623862,36623878,36632136,8274,16,8258,45000,44119,44123,359,359,877
368,36723908,36723924,36732131,8223,16,8207,45000,44123,44127,359,359,873
369,36823954,36823971,36832128,8174,17,8157,45000,44127,44131,359,359,869
370,36924000,36924017,36932133,8133,17,8116,45000,44131,44135,359,359,865
371,37024047,37024063,37032130,8083,16,8067,45000,44135,44139,359,359,861
372,37124091,37124108,37132129,8038,17,8021,45000,44139,44143,359,359,857
373,37224138,37224155,37232125,7987,17,7970,45000,44143,44147,359,359,853
374,37324184,37324201,37332137,7953,17,7936,45000,44147,44151,359,359,849
375,37424230,37424247,37432132,7902,17,7885,45000,44151,44155,359,359,845
376,37524276,37524293,37532130,7854,17,7837,45000,44155,44158,358,358,842
377,37624322,37624339,37632131,7809,17,7792,45000,44158,44162,358,358,838
378,37724369,37724385,37732135,7766,16,7750,45000,44162,44166,358,358,834
379,37824414,37824431,37832131,7717,17,7700,45000,44166,44169,358,358,831
380,37924460,37924477,37932131,7671,17,7654,45000,44169,44173,358,358,827
381,38024506,38024522,38032127,7621,16,7605,45000,44173,44176,358,358,824
382,38124552,38124569,38132133,7581,17,7564,45000,44176,44180,358,358,820
383,38224598,38224615,38232128,7530,17,7513,45000,44180,44183,358,358,817
384,38324644,38324661,38332125,7481,17,7464,45000,44183,44187,358,358,813
385,38424691,38424708,38432135,7444,17,7427,45000,44187,44190,357,357,810
386,38524738,38524755,38532129,7391,17,7374,45000,44190,44193,357,357,807
387,38624783,38624800,38632129,7346,17,7329,45000,44193,44196,357,357,804
388,38724829,38724846,38732135,7306,17,7289,45000,44196,44200,357,357,800
389,38824877,38824893,38832133,7256,16,7240,45000,44200,44203,357,357,797
390,38924923,38924939,38932128,7205,16,7189,45000,44203,44206,357,357,794
391,39024969,39024986,39032129,7160,17,7143,45000,44206,44209,357,357,791
392,39125016,39125032,39132152,7136,16,7120,45000,44209,44212,357,357,788
393,39225062,39225079,39232148,7086,17,7069,45000,44212,44215,357,357,785
394,39325108,39325125,39332147,7039,17,7022,45000,44215,44218,357,357,782
395,39425154,39425170,39432133,6979,16,6963,45000,44218,44221,357,357,779
396,39525199,39525216,39532126,6927,17,6910,45000,44221,44224,357,357,776
397,39625245,39625262,39632126,6881,17,6864,45000,44224,44228,357,357,772
398,39725310,39725326,39732137,6827,16,6811,45000,44228,44230,356,356,770
399,39825356,39825373,39832132,6776,17,6759,45000,44230,44233,357,357,767
400,39925403,39925419,39933938,8535,16,8519,45000,44233,44236,356,356,764
401,40025453,40025470,40032098,6645,17,6628,45000,44236,44239,356,356,761
402,40125499,40125516,40132134,6635,17,6618,45000,44239,44242,356,356,758
403,40225548,40225565,40232130,6582,17,6565,45000,44242,44244,356,356,756
404,40325594,40325610,40332127,6533,16,6517,45000,44244,44247,356,356,753
405,40425639,40425656,40432137,6498,17,6481,45000,44247,44250,356,356,750
406,40525686,40525703,40532135,6449,17,6432,45000,44250,44252,356,356,748
407,40625732,40625749,40632132,6400,17,6383,45000,44252,44255,356,356,745
408,40725778,40725795,40732131,6353,17,6336,45000,44255,44258,356,356,742
409,40825824,40825841,40832127,6303,17,6286,45000,44258,44260,356,356,740
410,40925871,40925888,40932137,6266,17,6249,45000,44260,44263,356,356,737
411,41025918,41025935,41032127,6209,17,6192,45000,44263,44265,355,355,735
412,41125963,41125980,41132126,6163,17,6146,45000,44265,44268,355,355,732
413,41226009,41226026,41232134,6125,17,6108,45000,44268,44270,355,355,730
414,41326056,41326073,41332129,6073,17,6056,45000,44270,44272,355,355,728
415,41426102,41426119,41432129,6027,17,6010,45000,44272,44275,355,355,725
416,41526148,41526165,41532136,5988,17,5971,45000,44275,44277,355,355,723
417,41626195,41626212,41632131,5936,17,5919,45000,44277,44279,355,355,721
418,41726241,41726258,41732128,5887,17,5870,45000,44279,44281,355,355,719
419,41826288,41826304,41832146,5858,16,5842,45000,44281,44284,355,355,716
420,41926351,41926368,41932153,5802,17,5785,45000,44284,44286,355,355,714
421,42026397,42026413,42032155,5758,16,5742,45000,44286,44288,355,355,712
422,42126443,42126460,42132115,5672,17,5655,45000,44288,44291,355,355,709
423,42226492,42226509,42232131,5639,17,5622,45000,44291,44293,355,355,707
424,42326538,42326555,42332128,5590,17,5573,45000,44293,44295,355,355,705
425,42426584,42426601,42432135,5551,17,5534,45000,44295,44297,355,355,703
426,42526631,42526647,42532130,5499,16,5483,45000,44297,44299,355,355,701
427,42626676,42626693,42632130,5454,17,5437,45000,44299,44302,355,355,698
428,42726723,42726740,42732129,5406,17,5389,45000,44302,44304,354,354,696
429,42826769,42826786,42832132,5363,17,5346,45000,44304,44305,354,354,695
430,42926815,42926832,42932128,5313,17,5296,45000,44305,44308,355,355,692
431,43026860,43026877,43032129,5269,17,5252,45000,44308,44310,354,354,690
432,43126906,43126923,43132133,5227,17,5210,45000,44310,44311,354,354,689
433,43226953,43226969,43232137,5184,16,5168,45000,44311,44313,354,354,687
434,43326999,43327015,43332130,5131,16,5115,45000,44313,44315,354,354,685
435,43427045,43427062,43432126,5081,17,5064,45000,44315,44317,354,354,683
436,43527091,43527108,43532141,5050,17,5033,45000,44317,44319,354,354,681
437,43627138,43627155,43632135,4997,17,4980,45000,44319,44321,354,354,679
438,43727183,43727200,43732132,4949,17,4932,45000,44321,44323,354,354,677
439,43827229,43827246,43832130,4901,17,4884,45000,44323,44324,354,354,676
440,43927276,43927293,43932130,4854,17,4837,45000,44324,44326,354,354,674
441,44027322,44027339,44032149,4827,17,4810,45000,44326,44328,354,354,672
442,44127385,44127402,44132137,4752,17,4735,45000,44328,44330,354,354,670
443,44227430,44227447,44232135,4705,17,4688,45000,44330,44332,354,354,668
444,44327476,44327493,44332131,4655,17,4638,45000,44332,44333,354,354,667
445,44427521,44427538,44432131,4610,17,4593,45000,44333,44335,354,354,665
446,44527567,44527583,44532126,4559,16,4543,45000,44335,44337,354,354,663
447,44627613,44627629,44632137,4524,16,4508,45000,44337,44339,354,354,661
448,44727659,44727676,44732131,4472,17,4455,45000,44339,44340,353,353,660
449,44827705,44827722,44832133,4428,17,4411,45000,44340,44342,354,354,658
450,44927752,44927768,44932130,4378,16,4362,45000,44342,44343,353,353,657
451,45027797,45027814,45032130,4333,17,4316,45000,44343,44345,353,353,655
452,45127843,45127860,45132123,4280,17,4263,45000,44345,44346,353,353,654
453,45227889,45227906,45232135,4246,17,4229,45000,44346,44348,353,353,652
454,45327935,45327952,45332131,4196,17,4179,45000,44348,44349,353,353,651
455,45427981,45427998,45432127,4146,17,4129,45000,44349,44351,353,353,649
456,45528026,45528043,45532134,4108,17,4091,45000,44351,44352,353,353,648
457,45628072,45628089,45632131,4059,17,4042,45000,44352,44354,353,353,646
458,45728118,45728134,45732129,4011,16,3995,45000,44354,44355,353,353,645
459,45828163,45828180,45832129,3966,17,3949,45000,44355,44356,353,353,644
460,45928209,45928226,45932136,3927,17,3910,45000,44356,44358,353,353,642
461,46028255,46028272,46032130,3875,17,3858,45000,44358,44359,353,353,641
462,46128301,46128318,46132131,3830,17,3813,45000,44359,44361,353,353,639
463,46228348,46228365,46232138,3790,17,3773,45000,44361,44362,353,353,638
464,46328393,46328410,46332137,3744,17,3727,45000,44362,44363,353,353,637
465,46428439,46428456,46432125,3686,17,3669,45000,44363,44365,353,353,635
466,46528484,46528500,46532136,3652,16,3636,45000,44365,44366,353,353,634
467,46628530,46628546,46632156,3626,16,3610,45000,44366,44368,353,353,632
468,46728576,46728592,46732148,3572,16,3556,45000,44368,44369,353,353,631
469,46828621,46828637,46832144,3523,16,3507,45000,44369,44370,353,353,630
470,46928667,46928683,46932132,3465,16,3449,45000,44370,44372,353,353,628
471,47028713,47028730,47032134,3421,17,3404,45000,44372,44373,353,353,627
472,47128774,47128790,47132129,3355,16,3339,45000,44373,44374,353,353,626
473,47228817,47228834,47232136,3319,17,3302,45000,44374,44376,353,353,624
474,47328863,47328880,47332133,3270,17,3253,45000,44376,44377,352,352,623
475,47428908,47428924,47432130,3222,16,3206,45000,44377,44378,352,352,622
476,47528953,47528970,47532129,3176,17,3159,45000,44378,44379,352,352,621
477,47628999,47629015,47632134,3135,16,3119,45000,44379,44380,352,352,620
478,47729044,47729061,47732131,3087,17,3070,45000,44380,44381,352,352,619
479,47829089,47829106,47832125,3036,17,3019,45000,44381,44382,352,352,618
480,47929135,47929151,47932139,3004,16,2988,45000,44382,44383,352,352,617
481,48029181,48029197,48032133,2952,16,2936,45000,44383,44384,352,352,616
482,48129226,48129243,48132134,2908,17,2891,45000,44384,44385,352,352,615
483,48229272,48229288,48232128,2856,16,2840,45000,44385,44386,352,352,614
484,48329317,48329334,48332138,2821,17,2804,45000,44386,44387,352,352,613
485,48429363,48429380,48431166,1803,17,1786,45000,44387,44388,352,352,612
486,48529408,48529425,48541347,11939,17,11922,45000,44388,44389,352,352,611
487,48629454,48629471,48641455,12001,17,11984,45000,44389,44390,352,352,610
488,48729500,48729517,48741520,12020,17,12003,45000,44390,44391,352,352,609
489,48829545,48829562,48841136,11591,17,11574,45000,44391,44392,352,352,608
490,48929591,48929608,48941231,11640,17,11623,45000,44392,44393,352,352,607
491,49029635,49029652,49041264,11629,17,11612,45000,44393,44394,352,352,606
492,49129684,49129700,49141308,11624,16,11608,45000,44394,44395,352,352,605
493,49229748,49229765,49241360,11612,17,11595,45000,44395,44396,352,352,604
494,49329798,49329815,49341452,11654,17,11637,45000,44396,44397,352,352,603
495,49429844,49429861,49441490,11646,17,11629,45000,44397,44398,352,352,602
496,49529892,49529909,49541537,11645,17,11628,45000,44398,44399,352,352,601
497,49629958,49629990,49641589,11631,32,11599,45000,44399,44400,352,352,600
498,49730024,49730040,49741639,11615,16,11599,45000,44400,44401,352,352,599
499,49830089,49830106,49841697,11608,17,11591,45000,44401,44402,352,352,598
500,49930136,49930153,49943937,13801,17,13784,45000,44402,44403,352,352,597
501,50030185,50030202,50041775,11590,17,11573,45000,44403,44404,352,352,596
502,50130230,50130247,50141867,11637,17,11620,45000,44404,44405,352,352,595
503,50230290,50230307,50241914,11624,17,11607,45000,44405,44406,352,352,594
504,50330337,50330354,50341969,11632,17,11615,45000,44406,44407,352,352,593
505,50430398,50430415,50442024,11626,17,11609,45000,44407,44408,352,352,592
506,50530445,50530461,50542074,11629,16,11613,45000,44408,44408,352,352,592
507,50630490,50630507,50642112,11622,17,11605,45000,44408,44409,352,352,591
508,50730536,50730553,50742150,11614,17,11597,45000,44409,44410,352,352,590
509,50830582,50830599,50842145,11563,17,11546,45000,44410,44411,352,352,589
510,50930627,50930644,50942147,11520,17,11503,45000,44411,44412,352,352,588
511,51030672,51030688,51042152,11480,16,11464,45000,44412,44413,352,352,587
512,51130717,51130734,51142150,11433,17,11416,45000,44413,44414,352,352,586
513,51230762,51230779,51242127,11365,17,11348,45000,44414,44415,352,352,585
514,51330807,51330824,51342127,11320,17,11303,45000,44415,44416,351,351,584
515,51430853,51430869,51442132,11279,16,11263,45000,44416,44416,351,351,584
516,51530900,51530917,51542135,11235,17,11218,45000,44416,44417,352,352,583
517,51630947,51630964,51642126,11179,17,11162,45000,44417,44418,351,351,582
518,51730994,51731010,51742135,11141,16,11125,45000,44418,44418,351,351,582
519,51831041,51831058,51842133,11092,17,11075,45000,44418,44419,351,351,581
520,51931088,51931104,51942127,11039,16,11023,45000,44419,44419,351,351,581
521,52031135,52031151,52042126,10991,16,10975,45000,44419,44420,351,351,580
522,52131181,52131198,52142151,10970,17,10953,45000,44420,44421,351,351,579
523,52231247,52231264,52242146,10899,17,10882,45000,44421,44421,351,351,579
524,52331294,52331311,52342145,10851,17,10834,45000,44421,44422,351,351,578
525,52431341,52431358,52442132,10791,17,10774,45000,44422,44422,351,351,578
526,52531388,52531405,52542131,10743,17,10726,45000,44422,44423,351,351,577
527,52631435,52631452,52642125,10690,17,10673,45000,44423,44424,351,351,576
528,52731482,52731499,52742135,10653,17,10636,45000,44424,44424,351,351,576
529,52831528,52831545,52842131,10603,17,10586,45000,44424,44425,351,351,575
530,52931575,52931592,52942131,10556,17,10539,45000,44425,44425,351,351,575
531,53031623,53031639,53042137,10514,16,10498,45000,44425,44426,351,351,574
532,53131670,53131687,53142134,10464,17,10447,45000,44426,44427,351,351,573
533,53231718,53231735,53242134,10416,17,10399,45000,44427,44427,351,351,573
534,53331765,53331782,53342129,10364,17,10347,45000,44427,44428,351,351,572
535,53431812,53431829,53442125,10313,17,10296,45000,44428,44428,351,351,572
536,53531858,53531875,53542134,10276,17,10259,45000,44428,44429,351,351,571
537,53631905,53631922,53642130,10225,17,10208,45000,44429,44429,351,351,571
538,53731952,53731969,53742128,10176,17,10159,45000,44429,44430,351,351,570
539,53831998,53832015,53842134,10136,17,10119,45000,44430,44431,351,351,569
540,53932046,53932063,53942131,10085,17,10068,45000,44431,44431,351,351,569
541,54032092,54032109,54042123,10031,17,10014,45000,44431,44432,351,351,568
542,54132140,54132156,54142133,9993,16,9977,45000,44432,44432,351,351,568
543,54232186,54232203,54242129,9943,17,9926,45000,44432,44433,351,351,567
544,54332233,54332250,54342129,9896,17,9879,45000,44433,44433,351,351,567
545,54432293,54432310,54442126,9833,17,9816,45000,44433,44434,351,351,566
546,54532339,54532356,54542135,9796,17,9779,45000,44434,44434,351,351,566
547,54632385,54632402,54642132,9747,17,9730,45000,44434,44435,351,351,565
548,54732430,54732447,54742128,9698,17,9681,45000,44435,44435,351,351,565
549,54832476,54832493,54842146,9670,17,9653,45000,44435,44436,351,351,564
550,54932539,54932556,54942150,9611,17,9594,45000,44436,44437,351,351,563
551,55032585,55032602,55042150,9565,17,9548,45000,44437,44437,351,351,563
552,55132630,55132647,55142136,9506,17,9489,45000,44437,44438,351,351,562
553,55232675,55232692,55242128,9453,17,9436,45000,44438,44438,351,351,562
554,55332720,55332737,55342131,9411,17,9394,45000,44438,44439,351,351,561
555,55432766,55432783,55442138,9372,17,9355,45000,44439,44439,351,351,561
556,55532811,55532828,55542131,9320,17,9303,45000,44439,44440,351,351,560
557,55632857,55632874,55642129,9272,17,9255,45000,44440,44440,351,351,560
558,55732903,55732920,55742125,9222,17,9205,45000,44440,44441,351,351,559
559,55832949,55832966,55842135,9186,17,9169,45000,44441,44441,351,351,559
560,55932996,55933012,55942130,9134,16,9118,45000,44441,44442,351,351,558
561,56033040,56033057,56042128,9088,17,9071,45000,44442,44442,351,351,558
562,56133086,56133102,56142138,9052,16,9036,45000,44442,44443,351,351,557
563,56233133,56233150,56242134,9001,17,8984,45000,44443,44443,351,351,557
564,56333179,56333195,56342136,8957,16,8941,45000,44443,44444,351,351,556
565,56433224,56433241,56442132,8908,17,8891,45000,44444,44444,351,351,556
566,56533269,56533286,56542130,8861,17,8844,45000,44444,44445,351,351,555
567,56633315,56633332,56642132,8817,17,8800,45000,44445,44445,351,351,555
568,56733361,56733378,56742129,8768,17,8751,45000,44445,44446,351,351,554
569,56833407,56833424,56842130,8723,17,8706,45000,44446,44446,351,351,554
570,56933452,56933468,56942133,8681,16,8665,45000,44446,44447,351,351,553
571,57033498,57033514,57042129,8631,16,8615,45000,44447,44447,351,351,553
572,57133543,57133560,57142128,8585,17,8568,45000,44447,44448,351,351,552
573,57233589,57233605,57242135,8546,16,8530,45000,44448,44448,351,351,552
574,57333635,57333651,57342132,8497,16,8481,45000,44448,44449,351,351,551
575,57433680,57433697,57442128,8448,17,8431,45000,44449,44449,350,350,551
576,57533725,57533742,57542128,8403,17,8386,45000,44449,44449,351,351,551
577,57633771,57633788,57642153,8382,17,8365,45000,44449,44450,351,351,550
578,57733839,57733856,57742149,8310,17,8293,45000,44450,44450,350,350,550
579,57833884,57833901,57842146,8262,17,8245,45000,44450,44451,351,351,549
580,57933931,57933948,57942133,8202,17,8185,45000,44451,44451,350,350,549
581,58033976,58033993,58042132,8156,17,8139,45000,44451,44451,351,351,549
582,58134022,58134038,58142124,8102,16,8086,45000,44451,44452,351,351,548
583,58234068,58234085,58242137,8069,17,8052,45000,44452,44452,350,350,548
584,58334115,58334131,58342132,8017,16,8001,45000,44452,44452,350,350,548
585,58434159,58434176,58442129,7970,17,7953,45000,44452,44452,350,350,548
586,58534206,58534223,58542136,7930,17,7913,45000,44452,44453,350,350,547
587,58634252,58634269,58642133,7881,17,7864,45000,44453,44453,350,350,547
588,58734298,58734315,58742129,7831,17,7814,45000,44453,44453,350,350,547
589,58834344,58834360,58842127,7783,16,7767,45000,44453,44453,350,350,547
590,58934390,58934407,58942136,7746,17,7729,45000,44453,44453,350,350,547
591,59034436,59034453,59042130,7694,17,7677,45000,44453,44453,350,350,547
592,59134481,59134498,59142132,7651,17,7634,45000,44453,44454,350,350,546
593,59234527,59234544,59242139,7612,17,7595,45000,44454,44454,350,350,546
594,59334572,59334589,59342140,7568,17,7551,45000,44454,44454,350,350,546
595,59434618,59434635,59442135,7517,17,7500,45000,44454,44454,350,350,546
596,59534664,59534680,59542133,7469,16,7453,45000,44454,44454,350,350,546
597,59634710,59634727,59642130,7420,17,7403,45000,44454,44455,350,350,545
598,59734756,59734773,59742127,7371,17,7354,45000,44455,44455,350,350,545
599,59834802,59834819,59842140,7338,17,7321,45000,44455,44455,350,350,545
600,59934848,59934865,59943950,9102,17,9085,45000,44455,44455,350,350,545
601,60034898,60034915,60042099,7201,17,7184,65000,44455,44637,1000,1000,20363
602,60134944,60134960,60142134,7190,16,7174,65000,44637,44819,1000,1000,20181
603,60234992,60235009,60242128,7136,17,7119,65000,44819,44999,1000,1000,20001
604,60335037,60335054,60342146,7109,17,7092,65000,44999,45179,1000,1000,19821
605,60435101,60435118,60442111,7010,17,6993,65000,45179,45359,1000,1000,19641
606,60535149,60535166,60542128,6979,17,6962,65000,45359,45537,1000,1000,19463
607,60635195,60635212,60642136,6941,17,6924,65000,45537,45715,1000,1000,19285
608,60735242,60735259,60742131,6889,17,6872,65000,45715,45892,1000,1000,19108
609,60835287,60835303,60842129,6842,16,6826,65000,45892,46069,1000,1000,18931
610,60935333,60935350,60942132,6799,17,6782,65000,46069,46244,1000,1000,18756
611,61035380,61035396,61042131,6751,16,6735,65000,46244,46419,1000,1000,18581
612,61135425,61135442,61142131,6706,17,6689,65000,46419,46594,1000,1000,18406
613,61235471,61235487,61242124,6653,16,6637,65000,46594,46767,1000,1000,18233
614,61335517,61335533,61342134,6617,16,6601,65000,46767,46940,1000,1000,18060
615,61435563,61435580,61442131,6568,17,6551,65000,46940,47113,1000,1000,17887
616,61535609,61535625,61542128,6519,16,6503,65000,47113,47284,1000,1000,17716
617,61635655,61635671,61642137,6482,16,6466,65000,47284,47455,1000,1000,17545
618,61735701,61735718,61742130,6429,17,6412,65000,47455,47625,1000,1000,17375
619,61835747,61835764,61842130,6383,17,6366,65000,47625,47795,1000,1000,17205
620,61935792,61935809,61942128,6336,17,6319,65000,47795,47964,1000,1000,17036
621,62035839,62035856,62042135,6296,17,6279,65000,47964,48132,1000,1000,16868
622,62135885,62135901,62142131,6246,16,6230,65000,48132,48299,1000,1000,16701
623,62235931,62235947,62242127,6196,16,6180,65000,48299,48466,1000,1000,16534
624,62335977,62335994,62342145,6168,17,6151,65000,48466,48632,1000,1000,16368
625,62436041,62436058,62442148,6107,17,6090,65000,48632,48798,1000,1000,16202
626,62536087,62536104,62542144,6057,17,6040,65000,48798,48962,1000,1000,16038
627,62636133,62636149,62642134,6001,16,5985,65000,48962,49127,1000,1000,15873
628,62736178,62736195,62742131,5953,17,5936,65000,49127,49290,1000,1000,15710
629,62836224,62836241,62842127,5903,17,5886,65000,49290,49453,1000,1000,15547
630,62936270,62936286,62942138,5868,16,5852,65000,49453,49615,1000,1000,15385
631,63036316,63036333,63042134,5818,17,5801,65000,49615,49776,997,997,15224
632,63136362,63136378,63142131,5769,16,5753,65000,49776,49935,993,993,15065
633,63236407,63236424,63242128,5721,17,5704,65000,49935,50092,989,989,14908
634,63336454,63336470,63342131,5677,16,5661,65000,50092,50247,984,984,14753
635,63436501,63436517,63442135,5634,16,5618,65000,50247,50400,980,980,14600
636,63536546,63536562,63542133,5587,16,5571,65000,50400,50552,976,976,14448
637,63636592,63636608,63642124,5532,16,5516,65000,50552,50702,972,972,14298
638,63736637,63736654,63742133,5496,17,5479,65000,50702,50850,968,968,14150
639,63836683,63836700,63842129,5446,17,5429,65000,50850,50997,964,964,14003
640,63936728,63936745,63942126,5398,17,5381,65000,50997,51142,960,960,13858
641,64036774,64036791,64042136,5362,17,5345,65000,51142,51285,956,956,13715
642,64136821,64136837,64142134,5313,16,5297,65000,51285,51426,953,953,13574
643,64236867,64236884,64242130,5263,17,5246,65000,51426,51566,949,949,13434
644,64336912,64336929,64342126,5214,17,5197,65000,51566,51705,945,945,13295
645,64436958,64436975,64442135,5177,17,5160,65000,51705,51841,941,941,13159
646,64537004,64537021,64542133,5129,17,5112,65000,51841,51977,938,938,13023
647,64637049,64637066,64642127,5078,17,5061,65000,51977,52110,934,934,12890
648,64737095,64737112,64742136,5041,17,5024,65000,52110,52243,931,931,12757
649,64837142,64837159,64842131,4989,17,4972,65000,52243,52373,927,927,12627
650,64937188,64937205,64942129,4941,17,4924,65000,52373,52502,924,924,12498
651,65037234,65037251,65042126,4892,17,4875,65000,52502,52630,920,920,12370
652,65137279,65137296,65142149,4870,17,4853,65000,52630,52756,917,917,12244
653,65237345,65237362,65242143,4798,17,4781,65000,52756,52881,914,914,12119
654,65337391,65337408,65342141,4750,17,4733,65000,52881,53004,910,910,11996
655,65437437,65437454,65442134,4697,17,4680,65000,53004,53126,907,907,11874
656,65537483,65537500,65542130,4647,17,4630,65000,53126,53247,904,904,11753
657,65637527,65637544,65642126,4599,17,4582,65000,53247,53366,900,900,11634
658,65737573,65737590,65742138,4565,17,4548,65000,53366,53484,897,897,11516
659,65837619,65837636,65842132,4513,17,4496,65000,53484,53600,894,894,11400
660,65937664,65937681,65942128,4464,17,4447,65000,53600,53715,891,891,11285
661,66037710,66037727,66042128,4418,17,4401,65000,53715,53829,888,888,11171
662,66137756,66137772,66142136,4380,16,4364,65000,53829,53941,885,885,11059
663,66237803,66237819,66242132,4329,16,4313,65000,53941,54053,882,882,10947
664,66337848,66337865,66342128,4280,17,4263,65000,54053,54162,879,879,10838
665,66437894,66437911,66442128,4234,17,4217,65000,54162,54271,876,876,10729
666,66537940,66537957,66542130,4190,17,4173,65000,54271,54378,873,873,10622
667,66637986,66638003,66642128,4142,17,4125,65000,54378,54485,870,870,10515
668,66738032,66738049,66742127,4095,17,4078,65000,54485,54589,867,867,10411
669,66838077,66838094,66842132,4055,17,4038,65000,54589,54693,865,865,10307
670,66938123,66938140,66942131,4008,17,3991,65000,54693,54796,862,862,10204
671,67038168,67038185,67042127,3959,17,3942,65000,54796,54897,859,859,10103
672,67138214,67138231,67142135,3921,17,3904,65000,54897,54998,857,857,10002
673,67238260,67238277,67242131,3871,17,3854,65000,54998,55097,854,854,9903
674,67338306,67338322,67342127,3821,16,3805,65000,55097,55195,851,851,9805
675,67438351,67438368,67442128,3777,17,3760,65000,55195,55291,849,849,9709
676,67538397,67538414,67542137,3740,17,3723,65000,55291,55387,846,846,9613
677,67638444,67638461,67642131,3687,17,3670,65000,55387,55482,844,844,9518
678,67738490,67738507,67742137,3647,17,3630,65000,55482,55576,841,841,9424
679,67838536,67838553,67842147,3611,17,3594,65000,55576,55668,838,838,9332
680,67938581,67938598,67942153,3572,17,3555,65000,55668,55759,836,836,9241
681,68038628,68038645,68042147,3519,17,3502,65000,55759,55850,834,834,9150
682,68138674,68138690,68142136,3462,16,3446,65000,55850,55939,831,831,9061
683,68238720,68238737,68242129,3409,17,3392,65000,55939,56027,829,829,8973
684,68338779,68338796,68342131,3352,17,3335,65000,56027,56115,827,827,8885
685,68438824,68438841,68442136,3312,17,3295,65000,56115,56201,824,824,8799
686,68538870,68538887,68542133,3263,17,3246,65000,56201,56286,822,822,8714
687,68638915,68638932,68642132,3217,17,3200,65000,56286,56371,820,820,8629
688,68738960,68738977,68742128,3168,17,3151,65000,56371,56454,817,817,8546
689,68839006,68839023,68842141,3135,17,3118,65000,56454,56537,815,815,8463
690,68939052,68939069,68942134,3082,17,3065,65000,56537,56618,813,813,8382
691,69039097,69039113,69042132,3035,16,3019,65000,56618,56699,811,811,8301
692,69139143,69139159,69142130,2987,16,2971,65000,56699,56778,809,809,8222
693,69239188,69239205,69242138,2950,17,2933,65000,56778,56857,807,807,8143
694,69339233,69339250,69342134,2901,17,2884,65000,56857,56935,804,804,8065
695,69439278,69439295,69442129,2851,17,2834,65000,56935,57012,802,802,7988
696,69539323,69539340,69541124,1801,17,1784,65000,57012,57088,800,800,7912
697,69639369,69639385,69641238,1869,16,1853,65000,57088,57163,798,798,7837
698,69739414,69739431,69751397,11983,17,11966,65000,57163,57237,796,796,7763
699,69839460,69839477,69851499,12039,17,12022,65000,57237,57310,794,794,7690
700,69939506,69939522,69953946,14440,16,14424,65000,57310,57383,792,792,7617
701,70039555,70039572,70051140,11585,17,11568,65000,57383,57455,790,790,7545
702,70139601,70139617,70151242,11641,16,11625,65000,57455,57525,788,788,7475
703,70239646,70239663,70251274,11628,17,11611,65000,57525,57596,787,787,7404
704,70339695,70339712,70351324,11629,17,11612,65000,57596,57665,785,785,7335
705,70439761,70439777,70451374,11613,16,11597,65000,57665,57734,783,783,7266
706,70539826,70539843,70551470,11644,17,11627,65000,57734,57801,781,781,7199
707,70639872,70639888,70651535,11663,16,11647,65000,57801,57868,779,779,7132
708,70739917,70739934,70751573,11656,17,11639,65000,57868,57935,778,778,7065
709,70839979,70839998,70851612,11633,19,11614,65000,57935,58000,776,776,7000
710,70940028,70940045,70951647,11619,17,11602,65000,58000,58065,774,774,6935
711,71040089,71040106,71051700,11611,17,11594,65000,58065,58129,772,772,6871
712,71140137,71140154,71151750,11613,17,11596,65000,58129,58192,771,771,6808
713,71240202,71240219,71251834,11632,17,11615,65000,58192,58255,769,769,6745
714,71340247,71340264,71351863,11616,17,11599,65000,58255,58316,767,767,6684
715,71440315,71440331,71451953,11638,16,11622,65000,58316,58378,766,766,6622
716,71540360,71540377,71551989,11629,17,11612,65000,58378,58438,764,764,6562
717,71640408,71640424,71652038,11630,16,11614,65000,58438,58498,762,762,6502
718,71740472,71740489,71752091,11619,17,11602,65000,58498,58557,761,761,6443
719,71840521,71840537,71852125,11604,16,11588,65000,58557,58615,759,759,6385
720,71940566,71940583,71952154,11588,17,11571,65000,58615,58673,758,758,6327
721,72040612,72040628,72052117,11505,16,11489,65000,58673,58730,756,756,6270
722,72140659,72140675,72152151,11492,16,11476,65000,58730,58786,755,755,6214
723,72240704,72240721,72252150,11446,17,11429,65000,58786,58842,753,753,6158
724,72340749,72340766,72352129,11380,17,11363,65000,58842,58897,752,752,6103
725,72440794,72440811,72452131,11337,17,11320,65000,58897,58952,750,750,6048
726,72540839,72540856,72552128,11289,17,11272,65000,58952,59006,749,749,5994
727,72640884,72640901,72652125,11241,17,11224,65000,59006,59059,747,747,5941
728,72740931,72740948,72752133,11202,17,11185,65000,59059,59111,746,746,5889
729,72840978,72840995,72852129,11151,17,11134,65000,59111,59164,745,745,5836
730,72941025,72941042,72952126,11101,17,11084,65000,59164,59215,743,743,5785
731,73041072,73041089,73052132,11060,17,11043,65000,59215,59266,742,742,5734
732,73141119,73141136,73152129,11010,17,10993,65000,59266,59316,740,740,5684
733,73241166,73241183,73252125,10959,17,10942,65000,59316,59366,739,739,5634
734,73341212,73341229,73352144,10932,17,10915,65000,59366,59415,738,738,5585
735,73441277,73441293,73452153,10876,16,10860,65000,59415,59463,736,736,5537
736,73541324,73541341,73552151,10827,17,10810,65000,59463,59511,735,735,5489
737,73641371,73641388,73652137,10766,17,10749,65000,59511,59559,734,734,5441
738,73741418,73741434,73752130,10712,16,10696,65000,59559,59605,732,732,5395
739,73841465,73841482,73852128,10663,17,10646,65000,59605,59652,731,731,5348
740,73941531,73941548,73952136,10605,17,10588,65000,59652,59697,730,730,5303
741,74041578,74041594,74052132,10554,16,10538,65000,59697,59743,729,729,5257
742,74141625,74141641,74152129,10504,16,10488,65000,59743,59788,728,728,5212
743,74241671,74241688,74252126,10455,17,10438,65000,59788,59832,726,726,5168
744,74341718,74341735,74352135,10417,17,10400,65000,59832,59875,725,725,5125
745,74441765,74441782,74452131,10366,17,10349,65000,59875,59919,724,724,5081
746,74541812,74541829,74552127,10315,17,10298,65000,59919,59961,723,723,5039
747,74641859,74641875,74652135,10276,16,10260,65000,59961,60004,722,722,4996
748,74741906,74741923,74752132,10226,17,10209,65000,60004,60046,721,721,4954
749,74841953,74841970,74852129,10176,17,10159,65000,60046,60087,720,720,4913
750,74942000,74942016,74952127,10127,16,10111,65000,60087,60128,719,719,4872
751,75042046,75042063,75052140,10094,17,10077,65000,60128,60168,717,717,4832
752,75142093,75142110,75152135,10042,17,10025,65000,60168,60208,716,716,4792
753,75242140,75242157,75252133,9993,17,9976,65000,60208,60247,715,715,4753
754,75342187,75342203,75352136,9949,16,9933,65000,60247,60286,714,714,4714
755,75442234,75442251,75452130,9896,17,9879,65000,60286,60325,713,713,4675
756,75542294,75542310,75552149,9855,16,9839,65000,60325,60363,712,712,4637
757,75642367,75642384,75652116,9749,17,9732,65000,60363,60400,711,711,4600
758,75742412,75742429,75752135,9723,17,9706,65000,60400,60438,710,710,4562
759,75842458,75842475,75852135,9677,17,9660,65000,60438,60474,709,709,4526
760,75942504,75942520,75952132,9628,16,9612,65000,60474,60511,708,708,4489
761,76042549,76042565,76052124,9575,16,9559,65000,60511,60547,707,707,4453
762,76142594,76142611,76152139,9545,17,9528,65000,60547,60582,706,706,4418
763,76242658,76242674,76252127,9469,16,9453,65000,60582,60617,705,705,4383
764,76342703,76342720,76352137,9434,17,9417,65000,60617,60652,704,704,4348
765,76442750,76442767,76452131,9381,17,9364,65000,60652,60686,703,703,4314
766,76542795,76542811,76552131,9336,16,9320,65000,60686,60720,703,703,4280
767,76642841,76642857,76652126,9285,16,9269,65000,60720,60754,702,702,4246
768,76742886,76742903,76752135,9249,17,9232,65000,60754,60787,701,701,4213
769,76842933,76842950,76852129,9196,17,9179,65000,60787,60820,700,700,4180
770,76942978,76942995,76952130,9152,17,9135,65000,60820,60852,699,699,4148
771,77043025,77043042,77052133,9108,17,9091,65000,60852,60885,698,698,4115
772,77143071,77143088,77152130,9059,17,9042,65000,60885,60916,697,697,4084
773,77243117,77243134,77252129,9012,17,8995,65000,60916,60948,697,697,4052
774,77343164,77343181,77352126,8962,17,8945,65000,60948,60979,696,696,4021
775,77443209,77443226,77452137,8928,17,8911,65000,60979,61009,695,695,3991
776,77543256,77543272,77552133,8877,16,8861,65000,61009,61040,694,694,3960
777,77643302,77643318,77652127,8825,16,8809,65000,61040,61070,693,693,3930
778,77743347,77743364,77752136,8789,17,8772,65000,61070,61099,692,692,3901
779,77843394,77843410,77852130,8736,16,8720,65000,61099,61128,692,692,3872
780,77943439,77943456,77952134,8695,17,8678,65000,61128,61157,691,691,3843
781,78043486,78043502,78052128,8642,16,8626,65000,61157,61186,690,690,3814
782,78143531,78143548,78152147,8616,17,8599,65000,61186,61214,689,689,3786
783,78243595,78243612,78252143,8548,17,8531,65000,61214,61242,689,689,3758
784,78343641,78343657,78352144,8503,16,8487,65000,61242,61270,688,688,3730
785,78443687,78443704,78452130,8443,17,8426,65000,61270,61297,687,687,3703
786,78543732,78543749,78552128,8396,17,8379,65000,61297,61324,686,686,3676
787,78643779,78643795,78652129,8350,16,8334,65000,61324,61351,686,686,3649
788,78743824,78743841,78752139,8315,17,8298,65000,61351,61377,685,685,3623
789,78843871,78843888,78852134,8263,17,8246,65000,61377,61403,684,684,3597
790,78943916,78943933,78952130,8214,17,8197,65000,61403,61429,683,683,3571
791,79043962,79043979,79052131,8169,17,8152,65000,61429,61454,683,683,3546
792,79144008,79144025,79152134,8126,17,8109,65000,61454,61480,682,682,3520
793,79244053,79244070,79252129,8076,17,8059,65000,61480,61504,681,681,3496
794,79344099,79344116,79352129,8030,17,8013,65000,61504,61529,681,681,3471
795,79444145,79444162,79452134,7989,17,7972,65000,61529,61553,680,680,3447
796,79544192,79544209,79552131,7939,17,7922,65000,61553,61577,680,680,3423
797,79644238,79644255,79652131,7893,17,7876,65000,61577,61601,679,679,3399
798,79744285,79744302,79752127,7842,17,7825,65000,61601,61625,678,678,3375
799,79844331,79844347,79852135,7804,16,7788,65000,61625,61648,677,677,3352
800,79944377,79944393,79953941,9564,16,9548,65000,61648,61671,677,677,3329
801,80044426,80044443,80052092,7666,17,7649,65000,61671,61693,676,676,3307
802,80144473,80144489,80152152,7679,16,7663,65000,61693,61716,676,676,3284
803,80244519,80244536,80252132,7613,17,7596,65000,61716,61738,675,675,3262
804,80344565,80344582,80352129,7564,17,7547,65000,61738,61760,675,675,3240
805,80444611,80444629,80452132,7521,18,7503,65000,61760,61782,674,674,3218
806,80544658,80544674,80552136,7478,16,7462,65000,61782,61803,673,673,3197
807,80644703,80644720,80652131,7428,17,7411,65000,61803,61824,673,673,3176
808,80744749,80744766,80752129,7380,17,7363,65000,61824,61845,672,672,3155
809,80844795,80844812,80852144,7349,17,7332,65000,61845,61866,672,672,3134
810,80944842,80944858,80952151,7309,16,7293,65000,61866,61886,671,671,3114
811,81044887,81044903,81052149,7262,16,7246,65000,61886,61907,671,671,3093
812,81144932,81144949,81152134,7202,17,7185,65000,61907,61927,670,670,3073
813,81244979,81244996,81252130,7151,17,7134,65000,61927,61946,670,670,3054
814,81345024,81345041,81352127,7103,17,7086,65000,61946,61966,669,669,3034
815,81445070,81445087,81452137,7067,17,7050,65000,61966,61985,668,668,3015
816,81545117,81545133,81552132,7015,16,6999,65000,61985,62004,668,668,2996
817,81645162,81645179,81652134,6972,17,6955,65000,62004,62023,668,668,2977
818,81745208,81745224,81752129,6921,16,6905,65000,62023,62042,667,667,2958
819,81845254,81845271,81852142,6888,17,6871,65000,62042,62060,666,666,2940
820,81945301,81945318,81952130,6829,17,6812,65000,62060,62079,666,666,2921
821,82045347,82045364,82052131,6784,17,6767,65000,62079,62096,665,665,2904
822,82145394,82145410,82152130,6736,16,6720,65000,62096,62114,665,665,2886
823,82245440,82245457,82252133,6693,17,6676,65000,62114,62132,665,665,2868
824,82345486,82345502,82352130,6644,16,6628,65000,62132,62149,664,664,2851
825,82445532,82445548,82452127,6595,16,6579,65000,62149,62167,664,664,2833
826,82545578,82545595,82552138,6560,17,6543,65000,62167,62184,663,663,2816
827,82645625,82645642,82652132,6507,17,6490,65000,62184,62201,663,663,2799
828,82745671,82745687,82752131,6460,16,6444,65000,62201,62217,662,662,2783
829,82845717,82845734,82852127,6410,17,6393,65000,62217,62234,662,662,2766
830,82945763,82945780,82952136,6373,17,6356,65000,62234,62250,661,661,2750
831,83045809,83045826,83052130,6321,17,6304,65000,62250,62266,661,661,2734
832,83145855,83145872,83152128,6273,17,6256,65000,62266,62282,661,661,2718
833,83245902,83245919,83252134,6232,17,6215,65000,62282,62298,660,660,2702
834,83345949,83345966,83352131,6182,17,6165,65000,62298,62313,660,660,2687
835,83445995,83446011,83452130,6135,16,6119,65000,62313,62328,659,659,2672
836,83546041,83546058,83552126,6085,17,6068,65000,62328,62344,659,659,2656
837,83646087,83646104,83652151,6064,17,6047,65000,62344,62358,658,658,2642
838,83746154,83746170,83752149,5995,16,5979,65000,62358,62373,658,658,2627
839,83846199,83846216,83852144,5945,17,5928,65000,62373,62388,658,658,2612
840,83946246,83946263,83952133,5887,17,5870,65000,62388,62402,657,657,2598
841,84046291,84046308,84052134,5843,17,5826,65000,62402,62417,657,657,2583
842,84146338,84146354,84152128,5790,16,5774,65000,62417,62431,656,656,2569
843,84246383,84246400,84252136,5753,17,5736,65000,62431,62445,656,656,2555
844,84346430,84346446,84352130,5700,16,5684,65000,62445,62459,656,656,2541
845,84446476,84446492,84452131,5655,16,5639,65000,62459,62472,655,655,2528
846,84546521,84546538,84552135,5614,17,5597,65000,62472,62486,655,655,2514
847,84646567,84646584,84652133,5566,17,5549,65000,62486,62499,655,655,2501
848,84746613,84746630,84752135,5522,17,5505,65000,62499,62512,654,654,2488
849,84846659,84846676,84852131,5472,17,5455,65000,62512,62525,654,654,2475
850,84946705,84946722,84952128,5423,17,5406,65000,62525,62538,654,654,2462
851,85046751,85046768,85052133,5382,17,5365,65000,62538,62516,653,653,2484
852,85146797,85146814,85152132,5335,17,5318,65000,62516,62496,660,660,2504
853,85246843,85246860,85252128,5285,17,5268,65000,62496,62476,661,661,2524
854,85346890,85346906,85352136,5246,16,5230,65000,62476,62456,662,662,2544
855,85446937,85446953,85452131,5194,16,5178,65000,62456,62437,662,662,2563
856,85546982,85546999,85552131,5149,17,5132,65000,62437,62418,663,663,2582
857,85647028,85647045,85652135,5107,17,5090,65000,62418,62399,663,663,2601
858,85747074,85747091,85752134,5060,17,5043,65000,62399,62380,664,664,2620
859,85847120,85847137,85852131,5011,17,4994,65000,62380,62361,664,664,2639
860,85947166,85947183,85952128,4962,17,4945,65000,62361,62343,665,665,2657
861,86047212,86047229,86052136,4924,17,4907,65000,62343,62325,665,665,2675
862,86147259,86147275,86152131,4872,16,4856,65000,62325,62307,666,666,2693
863,86247305,86247322,86252127,4822,17,4805,65000,62307,62289,666,666,2711
864,86347352,86347368,86352145,4793,16,4777,65000,62289,62272,667,667,2728
865,86447416,86447433,86452152,4736,17,4719,65000,62272,62255,667,667,2745
866,86547462,86547479,86552152,4690,17,4673,65000,62255,62238,667,667,2762
867,86647508,86647525,86652136,4628,17,4611,65000,62238,62221,668,668,2779
868,86747553,86747570,86752131,4578,17,4561,65000,62221,62204,668,668,2796
869,86847600,86847616,86852127,4527,16,4511,65000,62204,62187,669,669,2813
870,86947645,86947662,86952135,4490,17,4473,65000,62187,62171,669,669,2829
871,87047691,87047708,87052131,4440,17,4423,65000,62171,62155,670,670,2845
872,87147737,87147754,87152132,4395,17,4378,65000,62155,62139,670,670,2861
873,87247783,87247800,87252127,4344,17,4327,65000,62139,62123,671,671,2877
874,87347829,87347846,87352134,4305,17,4288,65000,62123,62107,671,671,2893
875,87447876,87447893,87452132,4256,17,4239,65000,62107,62092,671,671,2908
876,87547922,87547939,87552128,4206,17,4189,65000,62092,62077,672,672,2923
877,87647968,87647984,87652138,4170,16,4154,65000,62077,62062,672,672,2938
878,87748014,87748031,87752135,4121,17,4104,65000,62062,62047,673,673,2953
879,87848059,87848076,87852134,4075,17,4058,65000,62047,62032,673,673,2968
880,87948106,87948122,87952131,4025,16,4009,65000,62032,62017,673,673,2983
881,88048152,88048168,88052129,3977,16,3961,65000,62017,62003,674,674,2997
882,88148198,88148214,88152133,3935,16,3919,65000,62003,61989,674,674,3011
883,88248244,88248261,88252129,3885,17,3868,65000,61989,61974,674,674,3026
884,88348290,88348306,88352129,3839,16,3823,65000,61974,61961,675,675,3039
885,88448336,88448353,88452136,3800,17,3783,65000,61961,61947,675,675,3053
886,88548382,88548399,88552130,3748,17,3731,65000,61947,61933,676,676,3067
887,88648428,88648445,88652125,3697,17,3680,65000,61933,61920,676,676,3080
888,88748474,88748491,88752138,3664,17,3647,65000,61920,61906,676,676,3094
889,88848520,88848537,88852136,3616,17,3599,65000,61906,61893,677,677,3107
890,88948566,88948582,88952129,3563,16,3547,65000,61893,61880,677,677,3120
891,89048612,89048628,89052131,3519,16,3503,65000,61880,61867,677,677,3133
892,89148658,89148675,89152156,3498,17,3481,65000,61867,61855,678,678,3145
893,89248705,89248722,89252150,3445,17,3428,65000,61855,61842,678,678,3158
894,89348766,89348784,89352148,3382,18,3364,65000,61842,61830,678,678,3170
895,89448786,89448803,89452134,3348,17,3331,65000,61830,61817,679,679,3183
896,89548832,89548849,89552129,3297,17,3280,65000,61817,61805,679,679,3195
897,89648878,89648894,89652127,3249,16,3233,65000,61805,61793,679,679,3207
898,89748923,89748940,89752131,3208,17,3191,65000,61793,61781,680,680,3219
899,89848969,89848985,89852135,3166,16,3150,65000,61781,61770,680,680,3230
900,89949014,89949031,89953940,4926,17,4909,65000,61770,61758,680,680,3242
901,90049064,90049081,90052099,3035,17,3018,65000,61758,61747,681,681,3253
902,90149108,90149125,90152134,3026,17,3009,65000,61747,61735,681,681,3265
903,90249156,90249173,90252132,2976,17,2959,65000,61735,61724,681,681,3276
904,90349201,90349218,90352128,2927,17,2910,65000,61724,61713,682,682,3287
905,90449246,90449263,90452139,2893,17,2876,65000,61713,61702,682,682,3298
906,90549292,90549308,90552133,2841,16,2825,65000,61702,61691,682,682,3309
907,90649337,90649353,90651137,1800,16,1784,65000,61691,61681,682,682,3319
908,90749382,90749399,90751255,1873,17,1856,65000,61681,61670,683,683,3330
909,90849427,90849444,90861421,11994,17,11977,65000,61670,61660,683,683,3340
910,90949473,90949490,90961522,12049,17,12032,65000,61660,61649,683,683,3351
911,91049519,91049535,91061116,11597,16,11581,65000,61649,61639,684,684,3361
912,91149564,91149581,91161204,11640,17,11623,65000,61639,61629,684,684,3371
913,91249610,91249627,91261233,11623,17,11606,65000,61629,61619,684,684,3381
914,91349675,91349692,91361319,11644,17,11627,65000,61619,61609,684,684,3391
915,91449720,91449738,91461349,11629,18,11611,65000,61609,61599,685,685,3401
916,91549785,91549803,91561428,11643,18,11625,65000,61599,61590,685,685,3410
917,91649831,91649848,91661459,11628,17,11611,65000,61590,61580,685,685,3420
918,91749896,91749913,91761515,11619,17,11602,65000,61580,61571,685,685,3429
919,91849944,91849961,91861602,11658,17,11641,65000,61571,61562,686,686,3438
920,91950001,91950018,91961620,11619,17,11602,65000,61562,61552,686,686,3448
921,92050062,92050079,92061672,11610,17,11593,65000,61552,61543,686,686,3457
922,92150110,92150127,92161731,11621,17,11604,65000,61543,61534,686,686,3466
923,92250157,92250174,92261776,11619,17,11602,65000,61534,61525,687,687,3475
924,92350221,92350238,92361828,11607,17,11590,65000,61525,61517,687,687,3483
925,92450269,92450286,92461900,11631,17,11614,65000,61517,61508,687,687,3492
926,92550314,92550331,92561946,11632,17,11615,65000,61508,61499,687,687,3501
927,92650379,92650396,92662000,11621,17,11604,65000,61499,61491,688,688,3509
928,92750428,92750445,92762051,11623,17,11606,65000,61491,61483,688,688,3517
929,92850493,92850510,92862110,11617,17,11600,65000,61483,61474,688,688,3526
930,92950540,92950557,92962146,11606,17,11589,65000,61474,61466,688,688,3534
931,93050601,93050618,93062109,11508,17,11491,65000,61466,61458,688,688,3542
932,93150648,93150665,93162151,11503,17,11486,65000,61458,61450,689,689,3550
933,93250711,93250727,93262150,11439,16,11423,65000,61450,61442,689,689,3558
934,93350755,93350772,93362151,11396,17,11379,65000,61442,61434,689,689,3566
935,93450800,93450817,93462126,11326,17,11309,65000,61434,61426,689,689,3574
936,93550845,93550862,93562134,11289,17,11272,65000,61426,61419,690,690,3581
937,93650891,93650908,93662129,11238,17,11221,65000,61419,61411,690,690,3589
938,93750938,93750955,93762132,11194,17,11177,65000,61411,61404,690,690,3596
939,93850984,93851001,93862143,11159,17,11142,65000,61404,61397,690,690,3603
940,93951032,93951048,93962149,11117,16,11101,65000,61397,61389,690,690,3611
941,94051079,94051095,94062143,11064,16,11048,65000,61389,61382,691,691,3618
942,94151125,94151142,94162132,11007,17,10990,65000,61382,61375,691,691,3625
943,94251172,94251189,94262133,10961,17,10944,65000,61375,61368,691,691,3632
944,94351219,94351236,94362127,10908,17,10891,65000,61368,61361,691,691,3639
945,94451266,94451282,94462138,10872,16,10856,65000,61361,61354,691,691,3646
946,94551314,94551330,94562133,10819,16,10803,65000,61354,61347,691,691,3653
947,94651360,94651377,94662130,10770,17,10753,65000,61347,61341,692,692,3659
948,94751407,94751424,94762131,10724,17,10707,65000,61341,61334,692,692,3666
949,94851455,94851472,94862126,10671,17,10654,65000,61334,61327,692,692,3673
950,94951502,94951519,94962133,10631,17,10614,65000,61327,61321,692,692,3679
951,95051549,95051566,95062129,10580,17,10563,65000,61321,61349,692,692,3651
952,95151596,95151613,95162125,10529,17,10512,65000,61349,61376,685,685,3624
953,95251643,95251660,95262135,10492,17,10475,65000,61376,61402,684,684,3598
954,95351691,95351708,95362129,10438,17,10421,65000,61402,61428,684,684,3572
955,95451738,95451755,95462131,10393,17,10376,65000,61428,61453,683,683,3547
956,95551785,95551802,95562131,10346,17,10329,65000,61453,61478,682,682,3522
957,95651832,95651848,95662134,10302,16,10286,65000,61478,61503,682,682,3497
958,95751878,95751895,95762128,10250,17,10233,65000,61503,61528,681,681,3472
959,95851925,95851942,95862126,10201,17,10184,65000,61528,61552,680,680,3448
960,95951972,95951989,95962136,10164,17,10147,65000,61552,61576,680,680,3424
961,96052019,96052036,96062130,10111,17,10094,65000,61576,61600,679,679,3400
962,96152065,96152082,96162129,10064,17,10047,65000,61600,61624,678,678,3376
963,96252113,96252130,96262136,10023,17,10006,65000,61624,61647,678,678,3353
964,96352160,96352177,96362131,9971,17,9954,65000,61647,61670,677,677,3330
965,96452207,96452224,96462129,9922,17,9905,65000,61670,61693,676,676,3307
966,96552271,96552290,96562128,9857,19,9838,65000,61693,61715,676,676,3285
967,96652332,96652348,96662151,9819,16,9803,65000,61715,61737,675,675,3263
968,96752387,96752403,96762146,9759,16,9743,65000,61737,61759,675,675,3241
969,96852432,96852449,96862144,9712,17,9695,65000,61759,61781,674,674,3219
970,96952478,96952494,96962132,9654,16,9638,65000,61781,61802,673,673,3198
971,97052524,97052540,97062129,9605,16,9589,65000,61802,61824,673,673,3176
972,97152570,97152586,97162128,9558,16,9542,65000,61824,61844,672,672,3156
973,97252616,97252632,97262136,9520,16,9504,65000,61844,61865,672,672,3135
974,97352662,97352679,97362131,9469,17,9452,65000,61865,61886,671,671,3114
975,97452708,97452725,97462128,9420,17,9403,65000,61886,61906,671,671,3094
976,97552753,97552770,97562126,9373,17,9356,65000,61906,61926,670,670,3074
977,97652799,97652816,97662135,9336,17,9319,65000,61926,61946,670,670,3054
978,97752846,97752862,97762130,9284,16,9268,65000,61946,61965,669,669,3035
979,97852892,97852908,97862134,9242,16,9226,65000,61965,61985,669,669,3015
980,97952938,97952955,97962124,9186,17,9169,65000,61985,62004,668,668,2996
981,98052983,98052999,98062134,9151,16,9135,65000,62004,62023,668,668,2977
982,98153029,98153046,98162129,9100,17,9083,65000,62023,62042,667,667,2958
983,98253075,98253092,98262127,9052,17,9035,65000,62042,62060,666,666,2940
984,98353122,98353138,98362136,9014,16,8998,65000,62060,62078,666,666,2922
985,98453167,98453184,98462131,8964,17,8947,65000,62078,62096,666,666,2904
986,98553212,98553229,98562128,8916,17,8899,65000,62096,62114,665,665,2886
987,98653259,98653275,98662136,8877,16,8861,65000,62114,62132,665,665,2868
988,98753305,98753321,98762132,8827,16,8811,65000,62132,62149,664,664,2851
989,98853351,98853367,98862132,8781,16,8765,65000,62149,62167,664,664,2833
990,98953396,98953413,98962126,8730,17,8713,65000,62167,62184,663,663,2816
991,99053441,99053458,99062131,8690,17,8673,65000,62184,62200,663,663,2800
992,99153488,99153504,99162136,8648,16,8632,65000,62200,62217,662,662,2783
993,99253533,99253550,99262128,8595,17,8578,65000,62217,62234,662,662,2766
994,99353578,99353595,99362145,8567,17,8550,65000,62234,62250,661,661,2750
995,99453642,99453659,99462152,8510,17,8493,65000,62250,62266,661,661,2734
996,99553687,99553704,99562150,8463,17,8446,65000,62266,62282,661,661,2718
997,99653733,99653750,99662135,8402,17,8385,65000,62282,62297,660,660,2703
998,99753779,99753796,99762132,8353,17,8336,65000,62297,62313,660,660,2687
999,99853824,99853841,99862130,8306,17,8289,65000,62313,62328,659,659,2672
1000,99953869,99953886,99963979,10110,17,10093,65000,62328,62344,659,659,2656
1001,100053919,100053935,100062097,8178,16,8162,65000,62344,62358,658,658,2642
1002,100153965,100153981,100162132,8167,16,8151,65000,62358,62373,658,658,2627
1003,100254012,100254029,100262127,8115,17,8098,65000,62373,62388,658,658,2612
1004,100354058,100354075,100362139,8081,17,8064,65000,62388,62402,657,657,2598
1005,100454104,100454121,100462132,8028,17,8011,65000,62402,62417,657,657,2583
1006,100554149,100554166,100562130,7981,17,7964,65000,62417,62431,656,656,2569
1007,100654196,100654212,100662129,7933,16,7917,65000,62431,62445,656,656,2555
1008,100754241,100754258,100762132,7891,17,7874,65000,62445,62459,656,656,2541
1009,100854287,100854304,100862131,7844,17,7827,65000,62459,62472,655,655,2528
1010,100954332,100954349,100962129,7797,17,7780,65000,62472,62486,655,655,2514
1011,101054378,101054395,101062128,7750,17,7733,65000,62486,62499,655,655,2501
1012,101154424,101154441,101162132,7708,17,7691,65000,62499,62512,654,654,2488
1013,101254469,101254485,101262130,7661,16,7645,65000,62512,62525,654,654,2475
1014,101354514,101354531,101362125,7611,17,7594,65000,62525,62538,654,654,2462
1015,101454560,101454577,101462136,7576,17,7559,65000,62538,62551,653,653,2449
1016,101554611,101554628,101562131,7520,17,7503,65000,62551,62564,653,653,2436
1017,101654657,101654673,101662130,7473,16,7457,65000,62564,62576,653,653,2424
1018,101754719,101754736,101762133,7414,17,7397,65000,62576,62589,652,652,2411
1019,101854765,101854782,101862131,7366,17,7349,65000,62589,62601,652,652,2399
1020,101954827,101954844,101962126,7299,17,7282,65000,62601,62613,652,652,2387
1021,102054873,102054890,102062130,7257,17,7240,65000,62613,62625,651,651,2375
1022,102154919,102154935,102162153,7234,16,7218,65000,62625,62636,651,651,2364
1023,102254965,102254982,102262147,7182,17,7165,65000,62636,62648,651,651,2352
1024,102355011,102355028,102362145,7134,17,7117,65000,62648,62660,650,650,2340
1025,102455056,102455073,102462131,7075,17,7058,65000,62660,62671,650,650,2329
1026,102555101,102555118,102562131,7030,17,7013,65000,62671,62682,650,650,2318
1027,102655147,102655164,102662126,6979,17,6962,65000,62682,62694,650,650,2306
1028,102755193,102755209,102762132,6939,16,6923,65000,62694,62705,649,649,2295
1029,102855239,102855256,102862130,6891,17,6874,65000,62705,62715,649,649,2285
1030,102955285,102955301,102962126,6841,16,6825,65000,62715,62726,649,649,2274
1031,103055330,103055347,103062137,6807,17,6790,65000,62726,62737,648,648,2263
1032,103155376,103155393,103162130,6754,17,6737,65000,62737,62747,648,648,2253
1033,103255422,103255438,103262131,6709,16,6693,65000,62747,62758,648,648,2242
1034,103355467,103355484,103362126,6659,17,6642,65000,62758,62768,647,647,2232
1035,103455513,103455529,103462137,6624,16,6608,65000,62768,62778,647,647,2222
1036,103555559,103555576,103562133,6574,17,6557,65000,62778,62788,647,647,2212
1037,103655605,103655622,103662129,6524,17,6507,65000,62788,62798,647,647,2202
1038,103755651,103755668,103762130,6479,17,6462,65000,62798,62808,646,646,2192
1039,103855698,103855714,103862127,6429,16,6413,65000,62808,62817,646,646,2183
1040,103955743,103955760,103962134,6391,17,6374,65000,62817,62827,646,646,2173
1041,104055790,104055806,104062128,6338,16,6322,65000,62827,62837,646,646,2163
1042,104155835,104155851,104162128,6293,16,6277,65000,62837,62846,645,645,2154
1043,104255880,104255897,104262132,6252,17,6235,65000,62846,62855,645,645,2145
1044,104355926,104355943,104362127,6201,17,6184,65000,62855,62864,645,645,2136
1045,104455972,104455989,104462127,6155,17,6138,65000,62864,62873,645,645,2127
1046,104556017,104556034,104562135,6118,17,6101,65000,62873,62882,644,644,2118
1047,104656064,104656080,104662130,6066,16,6050,65000,62882,62891,644,644,2109
1048,104756109,104756126,104762127,6018,17,6001,65000,62891,62900,644,644,2100
1049,104856156,104856173,104862146,5990,17,5973,65000,62900,62908,644,644,2092
1050,104956219,104956236,104962153,5934,17,5917,65000,62908,62917,644,644,2083
1051,105056265,105056282,105062151,5886,17,5869,65000,62917,62925,643,643,2075
1052,105156311,105156328,105162130,5819,17,5802,65000,62925,62934,643,643,2066
1053,105256356,105256373,105262131,5775,17,5758,65000,62934,62942,643,643,2058
1054,105356403,105356420,105362128,5725,17,5708,65000,62942,62950,643,643,2050
1055,105456448,105456465,105462136,5688,17,5671,65000,62950,62958,642,642,2042
1056,105556495,105556511,105562133,5638,16,5622,65000,62958,62966,642,642,2034
1057,105656540,105656557,105662128,5588,17,5571,65000,62966,62974,642,642,2026
1058,105756586,105756603,105762126,5540,17,5523,65000,62974,62982,642,642,2018
1059,105856632,105856648,105862135,5503,16,5487,65000,62982,62990,641,641,2010
1060,105956678,105956695,105962130,5452,17,5435,65000,62990,62997,641,641,2003
1061,106056724,106056741,106062129,5405,17,5388,65000,62997,63005,641,641,1995
1062,106156769,106156786,106162132,5363,17,5346,65000,63005,63012,641,641,1988
1063,106256816,106256833,106262129,5313,17,5296,65000,63012,63020,641,641,1980
1064,106356861,106356878,106362133,5272,17,5255,65000,63020,63027,640,640,1973
1065,106456907,106456924,106462127,5220,17,5203,65000,63027,63034,640,640,1966
1066,106556953,106556970,106562140,5187,17,5170,65000,63034,63041,640,640,1959
1067,106657000,106657017,106662134,5134,17,5117,65000,63041,63048,640,640,1952
1068,106757046,106757063,106762134,5088,17,5071,65000,63048,63055,640,640,1945
1069,106857093,106857110,106862130,5037,17,5020,65000,63055,63062,640,640,1938
1070,106957138,106957155,106962127,4989,17,4972,65000,63062,63068,639,639,1932
1071,107057184,107057201,107062147,4963,17,4946,65000,63068,63075,639,639,1925
1072,107157249,107157266,107162136,4887,17,4870,65000,63075,63082,639,639,1918
1073,107257294,107257311,107262136,4842,17,4825,65000,63082,63088,639,639,1912
1074,107357340,107357357,107362132,4792,17,4775,65000,63088,63095,639,639,1905
1075,107457386,107457403,107462131,4745,17,4728,65000,63095,63101,638,638,1899
1076,107557432,107557449,107562127,4695,17,4678,65000,63101,63107,638,638,1893
1077,107657478,107657494,107662142,4664,16,4648,65000,63107,63114,638,638,1886
1078,107757525,107757542,107762107,4582,17,4565,65000,63114,63120,638,638,1880
1079,107857572,107857589,107862135,4563,17,4546,65000,63120,63126,638,638,1874
1080,107957618,107957635,107962130,4512,17,4495,65000,63126,63132,638,638,1868
1081,108057663,108057679,108062130,4467,16,4451,65000,63132,63138,638,638,1862
1082,108157709,108157726,108162128,4419,17,4402,65000,63138,63144,637,637,1856
1083,108257756,108257772,108262135,4379,16,4363,65000,63144,63150,637,637,1850
1084,108357802,108357818,108362129,4327,16,4311,65000,63150,63156,637,637,1844
1085,108457847,108457864,108462128,4281,17,4264,65000,63156,63161,637,637,1839
1086,108557892,108557909,108562134,4242,17,4225,65000,63161,63167,637,637,1833
1087,108657939,108657956,108662131,4192,17,4175,65000,63167,63173,637,637,1827
1088,108757985,108758001,108762131,4146,16,4130,65000,63173,63178,636,636,1822
1089,108858031,108858047,108862125,4094,16,4078,65000,63178,63183,636,636,1817
1090,108958076,108958093,108962135,4059,17,4042,65000,63183,63189,636,636,1811
1091,109058123,109058140,109062130,4007,17,3990,65000,63189,63194,636,636,1806
1092,109158169,109158186,109162129,3960,17,3943,65000,63194,63199,636,636,1801
1093,109258215,109258232,109262133,3918,17,3901,65000,63199,63205,636,636,1795
1094,109358261,109358278,109362133,3872,17,3855,65000,63205,63210,635,635,1790
1095,109458307,109458324,109462127,3820,17,3803,65000,63210,63215,635,635,1785
1096,109558353,109558369,109562129,3776,16,3760,65000,63215,63220,635,635,1780
1097,109658399,109658416,109662152,3753,17,3736,65000,63220,63225,635,635,1775
1098,109758445,109758462,109762142,3697,17,3680,65000,63225,63229,635,635,1771
1099,109858490,109858506,109862148,3658,16,3642,65000,63229,63234,635,635,1766
1100,109958536,109958553,109963988,5452,17,5435,65000,63234,63239,635,635,1761
1101,110058586,110058603,110062096,3510,17,3493,65000,63239,63244,635,635,1756
1102,110158631,110158647,110162131,3500,16,3484,65000,63244,63249,635,635,1751
1103,110258680,110258696,110262138,3458,16,3442,65000,63249,63253,634,634,1747
1104,110358726,110358742,110362135,3409,16,3393,65000,63253,63258,634,634,1742
1105,110458785,110458802,110462131,3346,17,3329,65000,63258,63262,634,634,1738
1106,110558830,110558847,110562129,3299,17,3282,65000,63262,63267,634,634,1733
1107,110658876,110658893,110662138,3262,17,3245,65000,63267,63271,634,634,1729
1108,110758921,110758938,110762132,3211,17,3194,65000,63271,63276,634,634,1724
1109,110858966,110858983,110862130,3164,17,3147,65000,63276,63280,634,634,1720
1110,110959012,110959029,110962134,3122,17,3105,65000,63280,63285,634,634,1715
1111,111059057,111059074,111062130,3073,17,3056,65000,63285,63289,633,633,1711
1112,111159102,111159119,111162131,3029,17,3012,65000,63289,63293,633,633,1707
1113,111259148,111259165,111262129,2981,17,2964,65000,63293,63297,633,633,1703
1114,111359193,111359210,111362136,2943,17,2926,65000,63297,63301,633,633,1699
1115,111459239,111459256,111462138,2899,17,2882,65000,63301,63305,633,633,1695
1116,111559284,111559301,111562131,2847,17,2830,65000,63305,63309,633,633,1691
1117,111659329,111659345,111661132,1803,16,1787,65000,63309,63313,633,633,1687
1118,111759374,111759391,111761241,1867,17,1850,65000,63313,63317,633,633,1683
1119,111859419,111859436,111871400,11981,17,11964,65000,63317,63321,633,633,1679
1120,111959465,111959481,111971502,12037,16,12021,65000,63321,63325,632,632,1675
1121,112059510,112059527,112071569,12059,17,12042,65000,63325,63328,632,632,1672
1122,112159556,112159573,112171149,11593,17,11576,65000,63328,63332,632,632,1668
1123,112259602,112259619,112271246,11644,17,11627,65000,63332,63335,632,632,1665
1124,112359648,112359664,112371285,11637,16,11621,65000,63335,63339,632,632,1661
1125,112459694,112459710,112471335,11641,16,11625,65000,63339,63343,632,632,1657
1126,112559759,112559776,112571390,11631,17,11614,65000,63343,63346,632,632,1654
1127,112659807,112659824,112671438,11631,17,11614,65000,63346,63350,632,632,1650
1128,112759873,112759889,112771497,11624,16,11608,65000,63350,63353,632,632,1647
1129,112859920,112859937,112871548,11628,17,11611,65000,63353,63357,632,632,1643
1130,112959996,112960013,112971627,11631,17,11614,65000,63357,63360,631,631,1640
1131,113060042,113060059,113071662,11620,17,11603,65000,63360,63363,631,631,1637
1132,113160106,113160123,113171717,11611,17,11594,65000,63363,63367,631,631,1633
1133,113260153,113260170,113271767,11614,17,11597,65000,63367,63370,631,631,1630
1134,113360218,113360235,113371848,11630,17,11613,65000,63370,63373,631,631,1627
1135,113460263,113460279,113471896,11633,16,11617,65000,63373,63376,631,631,1624
1136,113560310,113560327,113571942,11632,17,11615,65000,63376,63379,631,631,1621
1137,113660373,113660390,113671993,11620,17,11603,65000,63379,63383,631,631,1617
1138,113760420,113760437,113772049,11629,17,11612,65000,63383,63386,631,631,1614
1139,113860466,113860483,113872094,11628,17,11611,65000,63386,63389,631,631,1611
1140,113960531,113960548,113972126,11595,17,11578,65000,63389,63392,631,631,1608
1141,114060576,114060593,114072150,11574,17,11557,65000,63392,63395,631,631,1605
1142,114160621,114160638,114172113,11492,17,11475,65000,63395,63398,631,631,1602
1143,114260669,114260685,114272149,11480,16,11464,65000,63398,63401,630,630,1599
1144,114360714,114360731,114372141,11427,17,11410,65000,63401,63404,630,630,1596
1145,114460759,114460775,114472150,11391,16,11375,65000,63404,63407,630,630,1593
1146,114560804,114560821,114572128,11324,17,11307,65000,63407,63409,630,630,1591
1147,114660849,114660866,114672130,11281,17,11264,65000,63409,63412,630,630,1588
1148,114760896,114760913,114772133,11237,17,11220,65000,63412,63415,630,630,1585
1149,114860943,114860960,114872130,11187,17,11170,65000,63415,63418,630,630,1582
1150,114960990,114961007,114972130,11140,17,11123,65000,63418,63420,630,630,1580
1151,115061037,115061054,115072128,11091,17,11074,65000,63420,63423,630,630,1577
1152,115161084,115161101,115172152,11068,17,11051,65000,63423,63426,630,630,1574
1153,115261151,115261168,115272147,10996,17,10979,65000,63426,63429,630,630,1571
1154,115361198,115361214,115372144,10946,16,10930,65000,63429,63431,630,630,1569
1155,115461244,115461261,115472131,10887,17,10870,65000,63431,63434,630,630,1566
1156,115561292,115561308,115572129,10837,16,10821,65000,63434,63436,629,629,1564
1157,115661338,115661355,115672128,10790,17,10773,65000,63436,63439,629,629,1561
1158,115761385,115761402,115772135,10750,17,10733,65000,63439,63441,629,629,1559
1159,115861432,115861449,115872130,10698,17,10681,65000,63441,63443,629,629,1557
1160,115961479,115961496,115972127,10648,17,10631,65000,63443,63446,629,629,1554
1161,116061527,116061544,116072138,10611,17,10594,65000,63446,63448,629,629,1552
1162,116161574,116161591,116172135,10561,17,10544,65000,63448,63450,629,629,1550
1163,116261621,116261638,116272132,10511,17,10494,65000,63450,63453,629,629,1547
1164,116361668,116361685,116372130,10462,17,10445,65000,63453,63455,629,629,1545
1165,116461715,116461732,116472127,10412,17,10395,65000,63455,63457,629,629,1543
1166,116561762,116561778,116572135,10373,16,10357,65000,63457,63460,629,629,1540
1167,116661809,116661826,116672130,10321,17,10304,65000,63460,63462,629,629,1538
1168,116761855,116761872,116772130,10275,17,10258,65000,63462,63464,629,629,1536
1169,116861902,116861919,116872130,10228,17,10211,65000,63464,63466,629,629,1534
1170,116961949,116961966,116972132,10183,17,10166,65000,63466,63469,629,629,1531
1171,117061996,117062013,117072127,10131,17,10114,65000,63469,63471,628,628,1529
1172,117162043,117162060,117172137,10094,17,10077,65000,63471,63473,628,628,1527
1173,117262090,117262107,117272131,10041,17,10024,65000,63473,63475,628,628,1525
1174,117362137,117362154,117372132,9995,17,9978,65000,63475,63476,628,628,1524
1175,117462184,117462201,117472127,9943,17,9926,65000,63476,63478,628,628,1522
1176,117562231,117562248,117572137,9906,17,9889,65000,63478,63480,628,628,1520
1177,117662293,117662309,117672132,9839,16,9823,65000,63480,63482,628,628,1518
1178,117762338,117762355,117772127,9789,17,9772,65000,63482,63484,628,628,1516
1179,117862383,117862400,117872146,9763,17,9746,65000,63484,63486,628,628,1514
1180,117962447,117962464,117972155,9708,17,9691,65000,63486,63488,628,628,1512
1181,118062492,118062509,118072150,9658,17,9641,65000,63488,63490,628,628,1510
1182,118162537,118162554,118172138,9601,17,9584,65000,63490,63492,628,628,1508
1183,118262583,118262600,118272131,9548,17,9531,65000,63492,63494,628,628,1506
1184,118362628,118362645,118372127,9499,17,9482,65000,63494,63495,628,628,1505
1185,118462674,118462691,118472136,9462,17,9445,65000,63495,63497,628,628,1503
1186,118562721,118562738,118572134,9413,17,9396,65000,63497,63499,628,628,1501
1187,118662766,118662783,118672126,9360,17,9343,65000,63499,63501,628,628,1499
1188,118762811,118762828,118772129,9318,17,9301,65000,63501,63503,628,628,1497
1189,118862857,118862874,118872138,9281,17,9264,65000,63503,63505,628,628,1495
1190,118962902,118962919,118972130,9228,17,9211,65000,63505,63507,628,628,1493
1191,119062948,119062965,119072126,9178,17,9161,65000,63507,63508,628,628,1492
1192,119162995,119163011,119172139,9144,16,9128,65000,63508,63510,628,628,1490
1193,119263040,119263057,119272134,9094,17,9077,65000,63510,63512,627,627,1488
1194,119363085,119363102,119372138,9053,17,9036,65000,63512,63513,627,627,1487
1195,119463150,119463167,119472130,8980,17,8963,65000,63513,63515,627,627,1485
1196,119563196,119563213,119572131,8935,17,8918,65000,63515,63516,627,627,1484
1197,119663242,119663259,119672129,8887,17,8870,65000,63516,63518,627,627,1482
1198,119763287,119763304,119772131,8844,17,8827,65000,63518,63519,627,627,1481
1199,119863333,119863350,119872125,8792,17,8775,65000,63519,63521,627,627,1479
1200,119963379,119963396,119973979,10600,17,10583,65000,63521,63522,627,627,1478
1201,120063428,120063445,120072094,8666,17,8649,50000,63522,63428,285,285,-13428
1202,120163473,120163490,120172130,8657,17,8640,50000,63428,63329,269,269,-13329
1203,120263521,120263538,120272138,8617,17,8600,50000,63329,63231,269,269,-13231
1204,120363567,120363584,120372130,8563,17,8546,50000,63231,63134,270,270,-13134
1205,120463613,120463629,120472132,8519,16,8503,50000,63134,63037,271,271,-13037
1206,120563659,120563676,120572127,8468,17,8451,50000,63037,62941,272,272,-12941
1207,120663704,120663721,120672155,8451,17,8434,50000,62941,62846,273,273,-12846
1208,120763771,120763788,120772149,8378,17,8361,50000,62846,62751,273,273,-12751
1209,120863817,120863834,120872147,8330,17,8313,50000,62751,62657,274,274,-12657
1210,120963862,120963879,120972135,8273,17,8256,50000,62657,62563,275,275,-12563
1211,121063908,121063925,121072130,8222,17,8205,50000,62563,62470,276,276,-12470
1212,121163954,121163970,121172128,8174,16,8158,50000,62470,62378,277,277,-12378
1213,121264000,121264016,121272134,8134,16,8118,50000,62378,62286,278,278,-12286
1214,121364046,121364063,121372129,8083,17,8066,50000,62286,62195,279,279,-12195
1215,121464092,121464108,121472129,8037,16,8021,50000,62195,62105,280,280,-12105
1216,121564138,121564155,121572134,7996,17,7979,50000,62105,62015,281,281,-12015
1217,121664184,121664201,121672131,7947,17,7930,50000,62015,61926,282,282,-11926
1218,121764230,121764246,121772128,7898,16,7882,50000,61926,61837,282,282,-11837
1219,121864276,121864292,121872128,7852,16,7836,50000,61837,61749,283,283,-11749
1220,121964321,121964338,121972134,7813,17,7796,50000,61749,61662,284,284,-11662
1221,122064368,122064384,122072130,7762,16,7746,50000,61662,61575,285,285,-11575
1222,122164413,122164429,122172130,7717,16,7701,50000,61575,61489,286,286,-11489
1223,122264459,122264475,122272137,7678,16,7662,50000,61489,61403,287,287,-11403
1224,122364505,122364522,122372138,7633,17,7616,50000,61403,61318,288,288,-11318
1225,122464550,122464567,122472133,7583,17,7566,50000,61318,61233,288,288,-11233
1226,122564596,122564613,122572133,7537,17,7520,50000,61233,61149,289,289,-11149
1227,122664642,122664659,122672129,7487,17,7470,50000,61149,61066,290,290,-11066
1228,122764688,122764705,122772128,7440,17,7423,50000,61066,60983,291,291,-10983
1229,122864735,122864752,122872139,7404,17,7387,50000,60983,60901,292,292,-10901
1230,122964781,122964798,122972134,7353,17,7336,50000,60901,60819,292,292,-10819
1231,123064827,123064844,123072132,7305,17,7288,50000,60819,60738,293,293,-10738
1232,123164872,123164889,123172132,7260,17,7243,50000,60738,60657,294,294,-10657
1233,123264918,123264934,123272128,7210,16,7194,50000,60657,60577,295,295,-10577
1234,123364962,123364979,123372145,7183,17,7166,50000,60577,60498,296,296,-10498
1235,123465026,123465043,123472111,7085,17,7068,50000,60498,60419,296,296,-10419
1236,123565073,123565089,123572128,7055,16,7039,50000,60419,60340,297,297,-10340
1237,123665118,123665135,123672135,7017,17,7000,50000,60340,60262,298,298,-10262
1238,123765164,123765181,123772129,6965,17,6948,50000,60262,60185,299,299,-10185
1239,123865210,123865227,123872129,6919,17,6902,50000,60185,60108,299,299,-10108
1240,123965256,123965273,123972139,6883,17,6866,50000,60108,60032,300,300,-10032
1241,124065303,124065319,124072133,6830,16,6814,50000,60032,59956,301,301,-9956
1242,124165348,124165365,124172129,6781,17,6764,50000,59956,59881,302,302,-9881
1243,124265394,124265411,124272126,6732,17,6715,50000,59881,59806,302,302,-9806
1244,124365440,124365457,124372136,6696,17,6679,50000,59806,59731,303,303,-9731
1245,124465486,124465503,124472131,6645,17,6628,50000,59731,59657,304,304,-9657
1246,124565532,124565548,124572126,6594,16,6578,50000,59657,59584,305,305,-9584
1247,124665578,124665594,124672135,6557,16,6541,50000,59584,59511,305,305,-9511
1248,124765624,124765641,124772130,6506,17,6489,50000,59511,59439,306,306,-9439
1249,124865670,124865687,124872129,6459,17,6442,50000,59439,59367,307,307,-9367
1250,124965716,124965733,124972127,6411,17,6394,50000,59367,59296,307,307,-9296
1251,125065761,125065778,125072135,6374,17,6357,50000,59296,59225,308,308,-9225
1252,125165829,125165846,125172131,6302,17,6285,50000,59225,59154,309,309,-9154
1253,125265875,125265891,125272126,6251,16,6235,50000,59154,59084,310,310,-9084
1254,125365921,125365937,125372144,6223,16,6207,50000,59084,59015,310,310,-9015
1255,125465984,125466001,125472147,6163,17,6146,50000,59015,58946,311,311,-8946
1256,125566030,125566047,125572142,6112,17,6095,50000,58946,58877,312,312,-8877
1257,125666076,125666093,125672135,6059,17,6042,50000,58877,58809,312,312,-8809
1258,125766122,125766139,125772130,6008,17,5991,50000,58809,58742,313,313,-8742
1259,125866167,125866184,125872131,5964,17,5947,50000,58742,58674,313,313,-8674
1260,125966214,125966230,125972135,5921,16,5905,50000,58674,58608,314,314,-8608
1261,126066260,126066277,126072134,5874,17,5857,50000,58608,58541,315,315,-8541
1262,126166305,126166322,126172130,5825,17,5808,50000,58541,58476,316,316,-8476
1263,126266351,126266368,126272132,5781,17,5764,50000,58476,58410,316,316,-8410
1264,126366397,126366414,126372125,5728,17,5711,50000,58410,58345,317,317,-8345
1265,126466443,126466460,126472135,5692,17,5675,50000,58345,58281,317,317,-8281
1266,126566489,126566506,126572130,5641,17,5624,50000,58281,58217,318,318,-8217
1267,126666536,126666553,126672126,5590,17,5573,50000,58217,58153,319,319,-8153
1268,126766582,126766598,126772135,5553,16,5537,50000,58153,58090,319,319,-8090
1269,126866629,126866646,126872130,5501,17,5484,50000,58090,58027,320,320,-8027
1270,126966674,126966691,126972127,5453,17,5436,50000,58027,57965,321,321,-7965
1271,127066720,127066737,127072135,5415,17,5398,50000,57965,57903,321,321,-7903
1272,127166767,127166783,127172130,5363,16,5347,50000,57903,57841,322,322,-7841
1273,127266812,127266829,127272130,5318,17,5301,50000,57841,57780,322,322,-7780
1274,127366858,127366875,127372124,5266,17,5249,50000,57780,57720,323,323,-7720
1275,127466903,127466920,127472134,5231,17,5214,50000,57720,57659,323,323,-7659
1276,127566950,127566966,127572130,5180,16,5164,50000,57659,57599,324,324,-7599
1277,127666995,127667012,127672125,5130,17,5113,50000,57599,57540,325,325,-7540
1278,127767041,127767058,127772136,5095,17,5078,50000,57540,57481,325,325,-7481
1279,127867088,127867104,127872131,5043,16,5027,50000,57481,57422,326,326,-7422
1280,127967133,127967149,127972131,4998,16,4982,50000,57422,57364,327,327,-7364
1281,128067179,128067195,128072125,4946,16,4930,50000,57364,57306,327,327,-7306
1282,128167225,128167241,128172151,4926,16,4910,50000,57306,57249,328,328,-7249
1283,128267292,128267309,128272144,4852,17,4835,50000,57249,57191,328,328,-7191
1284,128367338,128367355,128372141,4803,17,4786,50000,57191,57135,329,329,-7135
1285,128467384,128467401,128472133,4749,17,4732,50000,57135,57078,329,329,-7078
1286,128567431,128567448,128572130,4699,17,4682,50000,57078,57022,330,330,-7022
1287,128667477,128667494,128672127,4650,17,4633,50000,57022,56967,330,330,-6967
1288,128767523,128767540,128772137,4614,17,4597,50000,56967,56912,331,331,-6912
1289,128867569,128867586,128872132,4563,17,4546,50000,56912,56857,331,331,-6857
1290,128967615,128967632,128972130,4515,17,4498,50000,56857,56802,332,332,-6802
1291,129067661,129067678,129072128,4467,17,4450,50000,56802,56748,333,333,-6748
1292,129167707,129167724,129172137,4430,17,4413,50000,56748,56694,333,333,-6694
1293,129267754,129267770,129272131,4377,16,4361,50000,56694,56641,334,334,-6641
1294,129367799,129367816,129372130,4331,17,4314,50000,56641,56588,334,334,-6588
1295,129467845,129467862,129472125,4280,17,4263,50000,56588,56536,335,335,-6536
1296,129567892,129567908,129572134,4242,16,4226,50000,56536,56483,335,335,-6483
1297,129667938,129667954,129672130,4192,16,4176,50000,56483,56431,336,336,-6431
1298,129767983,129768000,129772128,4145,17,4128,50000,56431,56380,336,336,-6380
1299,129868029,129868046,129872135,4106,17,4089,50000,56380,56328,336,336,-6328
1300,129968076,129968092,129973981,5905,16,5889,50000,56328,56277,337,337,-6277
1301,130068125,130068142,130072093,3968,17,3951,50000,56277,56227,338,338,-6227
1302,130168170,130168187,130172134,3964,17,3947,50000,56227,56177,338,338,-6177
1303,130268217,130268233,130272132,3915,16,3899,50000,56177,56127,339,339,-6127
1304,130368263,130368279,130372130,3867,16,3851,50000,56127,56077,339,339,-6077
1305,130468308,130468325,130472125,3817,17,3800,50000,56077,56028,340,340,-6028
1306,130568354,130568370,130572136,3782,16,3766,50000,56028,55979,340,340,-5979
1307,130668400,130668417,130672131,3731,17,3714,50000,55979,55931,341,341,-5931
1308,130768445,130768462,130772126,3681,17,3664,50000,55931,55883,341,341,-5883
1309,130868492,130868509,130872149,3657,17,3640,50000,55883,55834,341,341,-5834
1310,130968539,130968555,130972154,3615,16,3599,50000,55834,55787,342,342,-5787
1311,131068585,131068602,131072148,3563,17,3546,50000,55787,55739,342,342,-5739
1312,131168631,131168647,131172136,3505,16,3489,50000,55739,55693,343,343,-5693
1313,131268676,131268693,131272131,3455,17,3438,50000,55693,55646,343,343,-5646
1314,131368722,131368739,131372130,3408,17,3391,50000,55646,55600,344,344,-5600
1315,131468781,131468798,131472135,3354,17,3337,50000,55600,55554,344,344,-5554
1316,131568826,131568843,131572130,3304,17,3287,50000,55554,55508,345,345,-5508
1317,131668872,131668889,131672133,3261,17,3244,50000,55508,55462,345,345,-5462
1318,131768917,131768933,131772127,3210,16,3194,50000,55462,55417,346,346,-5417
1319,131868961,131868978,131872139,3178,17,3161,50000,55417,55373,346,346,-5373
1320,131969007,131969024,131972134,3127,17,3110,50000,55373,55328,346,346,-5328
1321,132069053,132069070,132072131,3078,17,3061,50000,55328,55284,347,347,-5284
1322,132169099,132169116,132172132,3033,17,3016,50000,55284,55240,347,347,-5240
1323,132269145,132269162,132272139,2994,17,2977,50000,55240,55196,348,348,-5196
1324,132369190,132369207,132372132,2942,17,2925,50000,55196,55153,348,348,-5153
1325,132469236,132469253,132472132,2896,17,2879,50000,55153,55110,349,349,-5110
1326,132569282,132569298,132572126,2844,16,2828,50000,55110,55067,349,349,-5067
1327,132669327,132669344,132671134,1807,17,1790,50000,55067,55025,349,349,-5025
1328,132769373,132769390,132771243,1870,17,1853,50000,55025,54983,350,350,-4983
1329,132869418,132869435,132881400,11982,17,11965,50000,54983,54941,350,350,-4941
1330,132969464,132969481,132981510,12046,17,12029,50000,54941,54899,351,351,-4899
1331,133069509,133069526,133081575,12066,17,12049,50000,54899,54858,351,351,-4858
1332,133169555,133169572,133181144,11589,17,11572,50000,54858,54817,351,351,-4817
1333,133269601,133269617,133281248,11647,16,11631,50000,54817,54776,352,352,-4776
1334,133369646,133369663,133381275,11629,17,11612,50000,54776,54736,352,352,-4736
1335,133469711,133469728,133481327,11616,17,11599,50000,54736,54696,353,353,-4696
1336,133569777,133569794,133581389,11612,17,11595,50000,54696,54656,353,353,-4656
1337,133669823,133669840,133681489,11666,17,11649,50000,54656,54616,353,353,-4616
1338,133769869,133769886,133781512,11643,17,11626,50000,54616,54577,354,354,-4577
1339,133869934,133869950,133881592,11658,16,11642,50000,54577,54537,354,354,-4537
1340,133969991,133970008,133981614,11623,17,11606,50000,54537,54499,355,355,-4499
1341,134070052,134070069,134081665,11613,17,11596,50000,54499,54460,355,355,-4460
1342,134170100,134170117,134181714,11614,17,11597,50000,54460,54422,355,355,-4422
1343,134270165,134270182,134281794,11629,17,11612,50000,54422,54384,356,356,-4384
1344,134370210,134370227,134381828,11618,17,11601,50000,54384,54346,356,356,-4346
1345,134470275,134470291,134481897,11622,16,11606,50000,54346,54308,356,356,-4308
1346,134570321,134570338,134581952,11631,17,11614,50000,54308,54271,357,357,-4271
1347,134670369,134670386,134682001,11632,17,11615,50000,54271,54234,357,357,-4234
1348,134770434,134770451,134782052,11618,17,11601,50000,54234,54197,358,358,-4197
1349,134870499,134870516,134882111,11612,17,11595,50000,54197,54160,358,358,-4160
1350,134970545,134970562,134982154,11609,17,11592,50000,54160,54124,358,358,-4124
1351,135070610,135070627,135082115,11505,17,11488,50000,54124,54088,359,359,-4088
1352,135170658,135170675,135182151,11493,17,11476,50000,54088,54052,359,359,-4052
1353,135270704,135270720,135282152,11448,16,11432,50000,54052,54016,359,359,-4016
1354,135370749,135370766,135382128,11379,17,11362,50000,54016,53981,360,360,-3981
1355,135470794,135470811,135482132,11338,17,11321,50000,53981,53946,360,360,-3946
1356,135570840,135570857,135582128,11288,17,11271,50000,53946,53911,360,360,-3911
1357,135670885,135670902,135682127,11242,17,11225,50000,53911,53877,361,361,-3877
1358,135770933,135770950,135782131,11198,17,11181,50000,53877,53842,361,361,-3842
1359,135870980,135870996,135882128,11148,16,11132,50000,53842,53808,361,361,-3808
1360,135971026,135971043,135982128,11102,17,11085,50000,53808,53774,362,362,-3774
1361,136071073,136071090,136082136,11063,17,11046,50000,53774,53740,362,362,-3740
1362,136171120,136171137,136182130,11010,17,10993,50000,53740,53707,362,362,-3707
1363,136271167,136271184,136282127,10960,17,10943,50000,53707,53673,363,363,-3673
1364,136371214,136371231,136382146,10932,17,10915,50000,53673,53640,363,363,-3640
1365,136471279,136471295,136482154,10875,16,10859,50000,53640,53607,363,363,-3607
1366,136571326,136571343,136582150,10824,17,10807,50000,53607,53575,364,364,-3575
1367,136671373,136671389,136682136,10763,16,10747,50000,53575,53543,364,364,-3543
1368,136771420,136771436,136782130,10710,16,10694,50000,53543,53510,364,364,-3510
1369,136871467,136871484,136882130,10663,17,10646,50000,53510,53478,365,365,-3478
1370,136971513,136971530,136982136,10623,17,10606,50000,53478,53447,365,365,-3447
1371,137071560,137071577,137082129,10569,17,10552,50000,53447,53415,365,365,-3415
1372,137171608,137171624,137182130,10522,16,10506,50000,53415,53384,366,366,-3384
1373,137271655,137271672,137282125,10470,17,10453,50000,53384,53353,366,366,-3353
1374,137371702,137371719,137382138,10436,17,10419,50000,53353,53322,366,366,-3322
1375,137471749,137471765,137482131,10382,16,10366,50000,53322,53291,366,366,-3291
1376,137571796,137571813,137582129,10333,17,10316,50000,53291,53261,367,367,-3261
1377,137671843,137671860,137682137,10294,17,10277,50000,53261,53230,367,367,-3230
1378,137771890,137771907,137782132,10242,17,10225,50000,53230,53200,367,367,-3200
1379,137871937,137871954,137882130,10193,17,10176,50000,53200,53171,368,368,-3171
1380,137971984,137972001,137982131,10147,17,10130,50000,53171,53141,368,368,-3141
1381,138072032,138072048,138082139,10107,16,10091,50000,53141,53111,368,368,-3111
1382,138172079,138172096,138182135,10056,17,10039,50000,53111,53082,369,369,-3082
1383,138272126,138272143,138282135,10009,17,9992,50000,53082,53053,369,369,-3053
1384,138372173,138372189,138382132,9959,16,9943,50000,53053,53024,369,369,-3024
1385,138472220,138472237,138482129,9909,17,9892,50000,53024,52996,369,369,-2996
1386,138572283,138572300,138582150,9867,17,9850,50000,52996,52967,369,369,-2967
1387,138672358,138672375,138682119,9761,17,9744,50000,52967,52939,370,370,-2939
1388,138772404,138772421,138782139,9735,17,9718,50000,52939,52910,370,370,-2910
1389,138872450,138872467,138882133,9683,17,9666,50000,52910,52883,371,371,-2883
1390,138972496,138972513,138982130,9634,17,9617,50000,52883,52855,371,371,-2855
1391,139072542,139072559,139082126,9584,17,9567,50000,52855,52828,371,371,-2828
1392,139172588,139172604,139182141,9553,16,9537,50000,52828,52800,371,371,-2800
1393,139272634,139272651,139282110,9476,17,9459,50000,52800,52773,372,372,-2773
1394,139372680,139372697,139382134,9454,17,9437,50000,52773,52746,372,372,-2746
1395,139472727,139472743,139482133,9406,16,9390,50000,52746,52719,372,372,-2719
1396,139572771,139572788,139582129,9358,17,9341,50000,52719,52693,372,372,-2693
1397,139672818,139672834,139682131,9313,16,9297,50000,52693,52666,372,372,-2666
1398,139772863,139772880,139782138,9275,17,9258,50000,52666,52640,373,373,-2640
1399,139872910,139872926,139882131,9221,16,9205,50000,52640,52614,373,373,-2614
1400,139972955,139972972,139983979,11024,17,11007,50000,52614,52588,373,373,-2588
1401,140073005,140073021,140082098,9093,16,9077,50000,52588,52562,374,374,-2562
1402,140173051,140173068,140182136,9085,17,9068,50000,52562,52536,374,374,-2536
1403,140273098,140273115,140282127,9029,17,9012,50000,52536,52511,374,374,-2511
1404,140373144,140373161,140382129,8985,17,8968,50000,52511,52486,374,374,-2486
1405,140473191,140473208,140482134,8943,17,8926,50000,52486,52461,375,375,-2461
1406,140573237,140573253,140582133,8896,16,8880,50000,52461,52436,375,375,-2436
1407,140673282,140673299,140682128,8846,17,8829,50000,52436,52411,375,375,-2411
1408,140773328,140773345,140782137,8809,17,8792,50000,52411,52387,375,375,-2387
1409,140873374,140873391,140882132,8758,17,8741,50000,52387,52362,375,375,-2362
1410,140973420,140973436,140982131,8711,16,8695,50000,52362,52338,376,376,-2338
1411,141073466,141073482,141082125,8659,16,8643,50000,52338,52314,376,376,-2314
1412,141173512,141173529,141182150,8638,17,8621,50000,52314,52290,376,376,-2290
1413,141273578,141273595,141282145,8567,17,8550,50000,52290,52266,377,377,-2266
1414,141373623,141373640,141382144,8521,17,8504,50000,52266,52243,377,377,-2243
1415,141473670,141473686,141482132,8462,16,8446,50000,52243,52219,377,377,-2219
1416,141573716,141573733,141582129,8413,17,8396,50000,52219,52196,377,377,-2196
1417,141673761,141673778,141682126,8365,17,8348,50000,52196,52173,377,377,-2173
1418,141773807,141773824,141782139,8332,17,8315,50000,52173,52150,378,378,-2150
1419,141873853,141873870,141882134,8281,17,8264,50000,52150,52127,378,378,-2127
1420,141973899,141973916,141982131,8232,17,8215,50000,52127,52104,378,378,-2104
1421,142073945,142073962,142082127,8182,17,8165,50000,52104,52082,378,378,-2082
1422,142174008,142174025,142182135,8127,17,8110,50000,52082,52059,378,378,-2059
1423,142274054,142274071,142282128,8074,17,8057,50000,52059,52037,379,379,-2037
1424,142374100,142374117,142382127,8027,17,8010,50000,52037,52015,379,379,-2015
1425,142474146,142474163,142482135,7989,17,7972,50000,52015,51993,379,379,-1993
1426,142574192,142574209,142582131,7939,17,7922,50000,51993,51971,379,379,-1971
1427,142674239,142674256,142682131,7892,17,7875,50000,51971,51950,380,380,-1950
1428,142774284,142774301,142782129,7845,17,7828,50000,51950,51929,380,380,-1929
1429,142874329,142874346,142882135,7806,17,7789,50000,51929,51907,380,380,-1907
1430,142974375,142974392,142982130,7755,17,7738,50000,51907,51886,380,380,-1886
1431,143074421,143074437,143082128,7707,16,7691,50000,51886,51865,380,380,-1865
1432,143174467,143174484,143182134,7667,17,7650,50000,51865,51844,381,381,-1844
1433,143274512,143274529,143282131,7619,17,7602,50000,51844,51823,381,381,-1823
1434,143374558,143374575,143382129,7571,17,7554,50000,51823,51803,381,381,-1803
1435,143474604,143474621,143482126,7522,17,7505,50000,51803,51782,381,381,-1782
1436,143574651,143574668,143582136,7485,17,7468,50000,51782,51762,382,382,-1762
1437,143674697,143674713,143682131,7434,16,7418,50000,51762,51742,382,382,-1742
1438,143774742,143774759,143782129,7387,17,7370,50000,51742,51722,382,382,-1722
1439,143874789,143874805,143882143,7354,16,7338,50000,51722,51702,382,382,-1702
1440,143974835,143974851,143982149,7314,16,7298,50000,51702,51682,382,382,-1682
1441,144074880,144074897,144082146,7266,17,7249,50000,51682,51662,382,382,-1662
1442,144174926,144174943,144182135,7209,17,7192,50000,51662,51643,383,383,-1643
1443,144274972,144274988,144282131,7159,16,7143,50000,51643,51624,383,383,-1624
1444,144375017,144375033,144382127,7110,16,7094,50000,51624,51604,383,383,-1604
1445,144475063,144475079,144482137,7074,16,7058,50000,51604,51585,383,383,-1585
1446,144575108,144575125,144582133,7025,17,7008,50000,51585,51566,383,383,-1566
1447,144675154,144675170,144682130,6976,16,6960,50000,51566,51547,384,384,-1547
1448,144775199,144775216,144782130,6931,17,6914,50000,51547,51529,384,384,-1529
1449,144875245,144875262,144882138,6893,17,6876,50000,51529,51510,384,384,-1510
1450,144975292,144975309,144982132,6840,17,6823,50000,51510,51492,384,384,-1492
1451,145075338,145075355,145082129,6791,17,6774,50000,51492,51473,384,384,-1473
1452,145175384,145175401,145182130,6746,17,6729,50000,51473,51455,385,385,-1455
1453,145275430,145275447,145282132,6702,17,6685,50000,51455,51437,385,385,-1437
1454,145375476,145375493,145382129,6653,17,6636,50000,51437,51419,385,385,-1419
1455,145475522,145475539,145482129,6607,17,6590,50000,51419,51401,385,385,-1401
1456,145575568,145575585,145582136,6568,17,6551,50000,51401,51383,385,385,-1383
1457,145675615,145675632,145682133,6518,17,6501,50000,51383,51366,385,385,-1366
1458,145775661,145775678,145782129,6468,17,6451,50000,51366,51348,385,385,-1348
1459,145875707,145875723,145882125,6418,16,6402,50000,51348,51331,386,386,-1331
1460,145975752,145975769,145982134,6382,17,6365,50000,51331,51314,386,386,-1314
1461,146075799,146075816,146082131,6332,17,6315,50000,51314,51296,386,386,-1296
1462,146175845,146175862,146182124,6279,17,6262,50000,51296,51279,386,386,-1279
1463,146275891,146275908,146282136,6245,17,6228,50000,51279,51262,386,386,-1262
1464,146375938,146375955,146382130,6192,17,6175,50000,51262,51245,387,387,-1245
1465,146475983,146476000,146482130,6147,17,6130,50000,51245,51229,387,387,-1229
1466,146576029,146576046,146582126,6097,17,6080,50000,51229,51212,387,387,-1212
1467,146676075,146676092,146682150,6075,17,6058,50000,51212,51196,387,387,-1196
1468,146776141,146776158,146782146,6005,17,5988,50000,51196,51179,387,387,-1179
1469,146876187,146876204,146882144,5957,17,5940,50000,51179,51163,387,387,-1163
1470,146976233,146976250,146982134,5901,17,5884,50000,51163,51147,387,387,-1147
1471,147076279,147076296,147082131,5852,17,5835,50000,51147,51131,388,388,-1131
1472,147176324,147176341,147182129,5805,17,5788,50000,51131,51115,388,388,-1115
1473,147276370,147276387,147282137,5767,17,5750,50000,51115,51099,388,388,-1099
1474,147376416,147376433,147382132,5716,17,5699,50000,51099,51083,388,388,-1083
1475,147476462,147476478,147482126,5664,16,5648,50000,51083,51068,388,388,-1068
1476,147576508,147576525,147582138,5630,17,5613,50000,51068,51052,388,388,-1052
1477,147676554,147676571,147682133,5579,17,5562,50000,51052,51037,389,389,-1037
1478,147776600,147776617,147782134,5534,17,5517,50000,51037,51022,389,389,-1022
1479,147876664,147876681,147882130,5466,17,5449,50000,51022,51006,389,389,-1006
1480,147976710,147976726,147982128,5418,16,5402,50000,51006,50991,389,389,-991
1481,148076756,148076773,148082135,5379,17,5362,50000,50991,50976,389,389,-976
1482,148176803,148176820,148182130,5327,17,5310,50000,50976,50961,389,389,-961
1483,148276849,148276865,148282128,5279,16,5263,50000,50961,50946,389,389,-946
1484,148376894,148376911,148382134,5240,17,5223,50000,50946,50932,390,390,-932
1485,148476941,148476958,148482130,5189,17,5172,50000,50932,50917,390,390,-917
1486,148576986,148577002,148582127,5141,16,5125,50000,50917,50903,390,390,-903
1487,148677032,148677048,148682137,5105,16,5089,50000,50903,50888,390,390,-888
1488,148777078,148777095,148782130,5052,17,5035,50000,50888,50874,390,390,-874
1489,148877123,148877140,148882132,5009,17,4992,50000,50874,50860,390,390,-860
1490,148977170,148977187,148982125,4955,17,4938,50000,50860,50845,390,390,-845
1491,149077216,149077232,149082136,4920,16,4904,50000,50845,50832,391,391,-832
1492,149177262,149177279,149182129,4867,17,4850,50000,50832,50818,391,391,-818
1493,149277307,149277324,149282130,4823,17,4806,50000,50818,50804,391,391,-804
1494,149377353,149377370,149382145,4792,17,4775,50000,50804,50790,391,391,-790
1495,149477399,149477416,149482154,4755,17,4738,50000,50790,50776,391,391,-776
1496,149577446,149577463,149582148,4702,17,4685,50000,50776,50763,391,391,-763
1497,149677491,149677508,149682134,4643,17,4626,50000,50763,50749,391,391,-749
1498,149777538,149777555,149782128,4590,17,4573,50000,50749,50736,392,392,-736
1499,149877583,149877600,149882129,4546,17,4529,50000,50736,50723,392,392,-723
1500,149977629,149977646,149983983,6354,17,6337,50000,50723,50710,392,392,-710
1501,150077679,150077696,150082093,4414,17,4397,50000,50710,50697,392,392,-697
1502,150177725,150177742,150182133,4408,17,4391,50000,50697,50684,392,392,-684
1503,150277772,150277789,150282126,4354,17,4337,50000,50684,50671,392,392,-671
1504,150377817,150377834,150382137,4320,17,4303,50000,50671,50658,392,392,-658
1505,150477864,150477881,150482132,4268,17,4251,50000,50658,50645,392,392,-645
1506,150577910,150577926,150582126,4216,16,4200,50000,50645,50632,393,393,-632
1507,150677956,150677973,150682138,4182,17,4165,50000,50632,50620,393,393,-620
1508,150778003,150778019,150782135,4132,16,4116,50000,50620,50607,393,393,-607
1509,150878049,150878065,150882135,4086,16,4070,50000,50607,50595,393,393,-595
1510,150978094,150978111,150982133,4039,17,4022,50000,50595,50583,393,393,-583
1511,151078140,151078157,151082130,3990,17,3973,50000,50583,50570,393,393,-570
1512,151178186,151178202,151182135,3949,16,3933,50000,50570,50558,393,393,-558
1513,151278232,151278249,151282130,3898,17,3881,50000,50558,50546,393,393,-546
1514,151378277,151378294,151382130,3853,17,3836,50000,50546,50534,393,393,-534
1515,151478324,151478341,151482135,3811,17,3794,50000,50534,50522,394,394,-522
1516,151578370,151578386,151582133,3763,16,3747,50000,50522,50510,394,394,-510
1517,151678416,151678433,151682127,3711,17,3694,50000,50510,50498,394,394,-498
1518,151778461,151778478,151782138,3677,17,3660,50000,50498,50487,394,394,-487
1519,151878507,151878524,151882141,3634,17,3617,50000,50487,50475,394,394,-475
1520,151978553,151978570,151982132,3579,17,3562,50000,50475,50464,394,394,-464
1521,152078598,152078615,152082128,3530,17,3513,50000,50464,50452,394,394,-452
1522,152178644,152178661,152182153,3509,17,3492,50000,50452,50441,395,395,-441
1523,152278710,152278727,152282155,3445,17,3428,50000,50441,50430,395,395,-430
1524,152378772,152378789,152382149,3377,17,3360,50000,50430,50419,395,395,-419
1525,152478803,152478820,152482135,3332,17,3315,50000,50419,50407,395,395,-407
1526,152578848,152578865,152582129,3281,17,3264,50000,50407,50396,395,395,-396
1527,152678893,152678910,152682132,3239,17,3222,50000,50396,50385,395,395,-385
1528,152778939,152778956,152782138,3199,17,3182,50000,50385,50375,395,395,-375
1529,152878985,152879001,152882132,3147,16,3131,50000,50375,50364,395,395,-364
1530,152979030,152979047,152982133,3103,17,3086,50000,50364,50353,395,395,-353
1531,153079076,153079093,153082131,3055,17,3038,50000,50353,50342,395,395,-342
1532,153179121,153179138,153182136,3015,17,2998,50000,50342,50331,396,396,-331
1533,153279167,153279184,153282131,2964,17,2947,50000,50331,50321,396,396,-321
1534,153379212,153379229,153382132,2920,17,2903,50000,50321,50311,396,396,-311
1535,153479258,153479275,153482135,2877,17,2860,50000,50311,50300,396,396,-300
1536,153579322,153579339,153582137,2815,17,2798,50000,50300,50290,396,396,-290
1537,153679368,153679385,153681171,1803,17,1786,50000,50290,50280,396,396,-280
1538,153779413,153779430,153791360,11947,17,11930,50000,50280,50269,396,396,-269
1539,153879459,153879476,153891464,12005,17,11988,50000,50269,50259,396,396,-259
1540,153979505,153979522,153991528,12023,17,12006,50000,50259,50249,396,396,-249
1541,154079550,154079567,154091146,11596,17,11579,50000,50249,50239,396,396,-239
1542,154179596,154179613,154191240,11644,17,11627,50000,50239,50229,397,397,-229
1543,154279642,154279658,154291304,11662,16,11646,50000,50229,50219,397,397,-219
1544,154379688,154379704,154391323,11635,16,11619,50000,50219,50210,397,397,-210
1545,154479750,154479767,154491377,11627,17,11610,50000,50210,50200,397,397,-200
1546,154579798,154579815,154591427,11629,17,11612,50000,50200,50190,397,397,-190
1547,154679864,154679881,154691506,11642,17,11625,50000,50190,50181,397,397,-181
1548,154779910,154779927,154791537,11627,17,11610,50000,50181,50171,397,397,-171
1549,154879988,154880005,154891633,11645,17,11628,50000,50171,50162,397,397,-162
1550,154980032,154980049,154991652,11620,17,11603,50000,50162,50152,397,397,-152
1551,155080093,155080110,155091703,11610,17,11593,50000,50152,50143,397,397,-143
1552,155180140,155180157,155191761,11621,17,11604,50000,50143,50133,397,397,-133
1553,155280188,155280204,155291808,11620,16,11604,50000,50133,50124,398,398,-124
1554,155380252,155380269,155391861,11609,17,11592,50000,50124,50115,398,398,-115
1555,155480301,155480318,155491931,11630,17,11613,50000,50115,50106,398,398,-106
1556,155580346,155580363,155591979,11633,17,11616,50000,50106,50097,398,398,-97
1557,155680411,155680428,155692029,11618,17,11601,50000,50097,50088,398,398,-88
1558,155780476,155780492,155792109,11633,16,11617,50000,50088,50079,398,398,-79
1559,155880521,155880538,155892132,11611,17,11594,50000,50079,50070,398,398,-70
1560,155980584,155980601,155992150,11566,17,11549,50000,50070,50062,398,398,-62
1561,156080630,156080647,156092146,11516,17,11499,50000,50062,50053,398,398,-53
1562,156180675,156180692,156192154,11479,17,11462,50000,50053,50044,398,398,-44
1563,156280720,156280737,156292146,11426,17,11409,50000,50044,50035,398,398,-35
1564,156380765,156380782,156392129,11364,17,11347,50000,50035,50027,399,399,-27
1565,156480811,156480828,156492128,11317,17,11300,50000,50027,50018,399,399,-18
1566,156580856,156580873,156592135,11279,17,11262,50000,50018,50010,399,399,-10
1567,156680902,156680919,156692129,11227,17,11210,50000,50010,50002,399,399,-2
1568,156780949,156780966,156792129,11180,17,11163,50000,50002,49994,399,399,6
1569,156880995,156881012,156892142,11147,17,11130,50000,49994,49985,399,399,15
1570,156981042,156981059,156992150,11108,17,11091,50000,49985,49977,399,399,23
1571,157081089,157081106,157092146,11057,17,11040,50000,49977,49969,399,399,31
1572,157181136,157181153,157192134,10998,17,10981,50000,49969,49961,400,400,39
1573,157281182,157281199,157292130,10948,17,10931,50000,49961,49953,400,400,47
1574,157381230,157381247,157392131,10901,17,10884,50000,49953,49945,400,400,55
1575,157481277,157481294,157492141,10864,17,10847,50000,49945,49938,400,400,62
1576,157581324,157581341,157592134,10810,17,10793,50000,49938,49930,400,400,70
1577,157681372,157681388,157692134,10762,16,10746,50000,49930,49922,401,401,78
1578,157781418,157781435,157792130,10712,17,10695,50000,49922,49915,401,401,85
1579,157881465,157881481,157892130,10665,16,10649,50000,49915,49908,401,401,92
1580,157981511,157981528,157992131,10620,17,10603,50000,49908,49900,401,401,100
1581,158081559,158081576,158092134,10575,17,10558,50000,49900,49893,402,402,107
1582,158181606,158181623,158192126,10520,17,10503,50000,49893,49886,402,402,114
1583,158281653,158281670,158292134,10481,17,10464,50000,49886,49879,402,402,121
1584,158381701,158381717,158392129,10428,16,10412,50000,49879,49872,402,402,128
1585,158481747,158481764,158492128,10381,17,10364,50000,49872,49865,402,402,135
1586,158581793,158581810,158592135,10342,17,10325,50000,49865,49858,402,402,142
1587,158681840,158681857,158692131,10291,17,10274,50000,49858,49852,403,403,148
1588,158781886,158781903,158792130,10244,17,10227,50000,49852,49845,403,403,155
1589,158881934,158881951,158892129,10195,17,10178,50000,49845,49839,403,403,161
1590,158981981,158981998,158992136,10155,17,10138,50000,49839,49832,403,403,168
1591,159082028,159082044,159092130,10102,16,10086,50000,49832,49826,403,403,174
1592,159182075,159182092,159192127,10052,17,10035,50000,49826,49819,403,403,181
1593,159282123,159282140,159292136,10013,17,9996,50000,49819,49813,404,404,187
1594,159382170,159382187,159392133,9963,17,9946,50000,49813,49807,404,404,193
1595,159482218,159482234,159492130,9912,16,9896,50000,49807,49801,404,404,199
1596,159582282,159582299,159592126,9844,17,9827,50000,49801,49795,404,404,205
1597,159682330,159682346,159692151,9821,16,9805,50000,49795,49789,404,404,211
1598,159782398,159782415,159792145,9747,17,9730,50000,49789,49783,404,404,217
1599,159882443,159882460,159892147,9704,17,9687,50000,49783,49777,405,405,223
1600,159982489,159982506,159994003,11514,17,11497,50000,49777,49771,405,405,229
1601,160082539,160082556,160092092,9553,17,9536,50000,49771,49766,405,405,234
1602,160182585,160182601,160192131,9546,16,9530,50000,49766,49760,405,405,240
1603,160282633,160282649,160292138,9505,16,9489,50000,49760,49754,405,405,246
1604,160382679,160382695,160392132,9453,16,9437,50000,49754,49749,405,405,251
1605,160482724,160482741,160492131,9407,17,9390,50000,49749,49743,405,405,257
1606,160582771,160582788,160592131,9360,17,9343,50000,49743,49738,406,406,262
1607,160682817,160682834,160692133,9316,17,9299,50000,49738,49732,406,406,268
1608,160782864,160782881,160792131,9267,17,9250,50000,49732,49727,406,406,273
1609,160882909,160882926,160892130,9221,17,9204,50000,49727,49722,406,406,278
1610,160982956,160982973,160992127,9171,17,9154,50000,49722,49717,406,406,283
1611,161083001,161083018,161092135,9134,17,9117,50000,49717,49712,406,406,288
1612,161183048,161183065,161192130,9082,17,9065,50000,49712,49706,406,406,294
1613,161283093,161283110,161292129,9036,17,9019,50000,49706,49702,407,407,298
1614,161383139,161383155,161392135,8996,16,8980,50000,49702,49697,407,407,303
1615,161483186,161483203,161492130,8944,17,8927,50000,49697,49692,407,407,308
1616,161583231,161583248,161592127,8896,17,8879,50000,49692,49687,407,407,313
1617,161683277,161683294,161692137,8860,17,8843,50000,49687,49682,407,407,318
1618,161783324,161783341,161792131,8807,17,8790,50000,49682,49677,407,407,323
1619,161883369,161883386,161892133,8764,17,8747,50000,49677,49673,407,407,327
1620,161983416,161983433,161992128,8712,17,8695,50000,49673,49668,407,407,332
1621,162083461,162083478,162092137,8676,17,8659,50000,49668,49664,408,408,336
1622,162183508,162183525,162192130,8622,17,8605,50000,49664,49659,408,408,341
1623,162283553,162283570,162292131,8578,17,8561,50000,49659,49655,408,408,345
1624,162383600,162383616,162392142,8542,16,8526,50000,49655,49650,408,408,350
1625,162483646,162483663,162492151,8505,17,8488,50000,49650,49646,408,408,354
1626,162583693,162583710,162592149,8456,17,8439,50000,49646,49642,408,408,358
1627,162683738,162683755,162692136,8398,17,8381,50000,49642,49637,408,408,363
1628,162783784,162783800,162792130,8346,16,8330,50000,49637,49633,409,409,367
1629,162883828,162883845,162892129,8301,17,8284,50000,49633,49629,409,409,371
1630,162983874,162983891,162992137,8263,17,8246,50000,49629,49625,409,409,375
1631,163083921,163083938,163092132,8211,17,8194,50000,49625,49621,409,409,379
1632,163183966,163183983,163192131,8165,17,8148,50000,49621,49617,409,409,383
1633,163284012,163284029,163292126,8114,17,8097,50000,49617,49613,409,409,387
1634,163384057,163384074,163392138,8081,17,8064,50000,49613,49609,409,409,391
1635,163484104,163484120,163492133,8029,16,8013,50000,49609,49606,409,409,394
1636,163584149,163584166,163592132,7983,17,7966,50000,49606,49602,409,409,398
1637,163684195,163684211,163692129,7934,16,7918,50000,49602,49598,409,409,402
1638,163784241,163784257,163792134,7893,16,7877,50000,49598,49594,410,410,406
1639,163884287,163884304,163892130,7843,17,7826,50000,49594,49591,410,410,409
1640,163984333,163984349,163992131,7798,16,7782,50000,49591,49587,410,410,413
1641,164084378,164084395,164092126,7748,17,7731,50000,49587,49584,410,410,416
1642,164184424,164184440,164192133,7709,16,7693,50000,49584,49580,410,410,420
1643,164284471,164284487,164292130,7659,16,7643,50000,49580,49576,410,410,424
1644,164384516,164384533,164392126,7610,17,7593,50000,49576,49573,410,410,427
1645,164484561,164484578,164492136,7575,17,7558,50000,49573,49569,410,410,431
1646,164584609,164584625,164592131,7522,16,7506,50000,49569,49566,410,410,434
1647,164684654,164684671,164692129,7475,17,7458,50000,49566,49563,410,410,437
1648,164784700,164784717,164792136,7436,17,7419,50000,49563,49559,410,410,441
1649,164884746,164884763,164892129,7383,17,7366,50000,49559,49556,411,411,444
1650,164984792,164984809,164992131,7339,17,7322,50000,49556,49553,411,411,447
1651,165084838,165084855,165092124,7286,17,7269,50000,49553,49550,411,411,450
1652,165184885,165184902,165192153,7268,17,7251,50000,49550,49547,411,411,453
1653,165284951,165284968,165292148,7197,17,7180,50000,49547,49543,411,411,457
1654,165384997,165385014,165392146,7149,17,7132,50000,49543,49540,411,411,460
1655,165485043,165485060,165492135,7092,17,7075,50000,49540,49537,411,411,463
1656,165585088,165585105,165592128,7040,17,7023,50000,49537,49534,411,411,466
1657,165685133,165685150,165692131,6998,17,6981,50000,49534,49531,411,411,469
1658,165785179,165785196,165792135,6956,17,6939,50000,49531,49528,411,411,472
1659,165885225,165885241,165892134,6909,16,6893,50000,49528,49525,411,411,475
1660,165985271,165985288,165992129,6858,17,6841,50000,49525,49522,411,411,478
1661,166085316,166085333,166092136,6820,17,6803,50000,49522,49519,412,412,481
1662,166185363,166185380,166192132,6769,17,6752,50000,49519,49517,412,412,483
1663,166285408,166285425,166292129,6721,17,6704,50000,49517,49514,412,412,486
1664,166385454,166385471,166392129,6675,17,6658,50000,49514,49511,412,412,489
1665,166485500,166485517,166492139,6639,17,6622,50000,49511,49508,412,412,492
1666,166585547,166585564,166592133,6586,17,6569,50000,49508,49506,412,412,494
1667,166685592,166685609,166692134,6542,17,6525,50000,49506,49503,412,412,497
1668,166785637,166785654,166792132,6495,17,6478,50000,49503,49500,412,412,500
1669,166885683,166885700,166892128,6445,17,6428,50000,49500,49498,412,412,502
1670,166985730,166985746,166992135,6405,16,6389,50000,49498,49495,412,412,505
1671,167085776,167085793,167092129,6353,17,6336,50000,49495,49493,412,412,507
1672,167185820,167185837,167192128,6308,17,6291,50000,49493,49490,412,412,510
1673,167285866,167285883,167292132,6266,17,6249,50000,49490,49487,412,412,513
1674,167385912,167385929,167392134,6222,17,6205,50000,49487,49485,413,413,515
1675,167485958,167485975,167492123,6165,17,6148,50000,49485,49483,413,413,517
1676,167586004,167586020,167592134,6130,16,6114,50000,49483,49480,413,413,520
1677,167686050,167686067,167692129,6079,17,6062,50000,49480,49478,413,413,522
1678,167786096,167786113,167792128,6032,17,6015,50000,49478,49476,413,413,524
1679,167886142,167886159,167892146,6004,17,5987,50000,49476,49474,413,413,526
1680,167986207,167986224,167992153,5946,17,5929,50000,49474,49471,413,413,529
1681,168086253,168086270,168092152,5899,17,5882,50000,49471,49469,413,413,531
1682,168186299,168186315,168192135,5836,16,5820,50000,49469,49467,413,413,533
1683,168286345,168286361,168292132,5787,16,5771,50000,49467,49465,413,413,535
1684,168386390,168386407,168392126,5736,17,5719,50000,49465,49462,413,413,538
1685,168486436,168486453,168492137,5701,17,5684,50000,49462,49460,413,413,540
1686,168586483,168586499,168592131,5648,16,5632,50000,49460,49458,413,413,542
1687,168686529,168686546,168692133,5604,17,5587,50000,49458,49456,413,413,544
1688,168786575,168786592,168792129,5554,17,5537,50000,49456,49454,413,413,546
1689,168886621,168886638,168892137,5516,17,5499,50000,49454,49452,413,413,548
1690,168986668,168986685,168992131,5463,17,5446,50000,49452,49449,413,413,551
1691,169086713,169086730,169092129,5416,17,5399,50000,49449,49447,414,414,553
1692,169186760,169186777,169192137,5377,17,5360,50000,49447,49446,414,414,554
1693,169286806,169286823,169292131,5325,17,5308,50000,49446,49443,413,413,557
1694,169386852,169386869,169392130,5278,17,5261,50000,49443,49442,414,414,558
1695,169486898,169486915,169492128,5230,17,5213,50000,49442,49440,414,414,560
1696,169586944,169586961,169592140,5196,17,5179,50000,49440,49438,414,414,562
1697,169686991,169687008,169692134,5143,17,5126,50000,49438,49436,414,414,564
1698,169787036,169787053,169792135,5099,17,5082,50000,49436,49434,414,414,566
1699,169887082,169887099,169892130,5048,17,5031,50000,49434,49432,414,414,568
1700,169987127,169987144,169993978,6851,17,6834,50000,49432,49431,414,414,569
1701,170087178,170087195,170092114,4936,17,4919,50000,49431,49429,414,414,571
1702,170187223,170187240,170192141,4918,17,4901,50000,49429,49427,414,414,573
1703,170287289,170287306,170292136,4847,17,4830,50000,49427,49425,414,414,575
1704,170387334,170387351,170392131,4797,17,4780,50000,49425,49423,414,414,577
1705,170487380,170487397,170492131,4751,17,4734,50000,49423,49422,414,414,578
1706,170587426,170587443,170592126,4700,17,4683,50000,49422,49420,414,414,580
1707,170687472,170687489,170692140,4668,17,4651,50000,49420,49418,414,414,582
1708,170787520,170787537,170792106,4586,17,4569,50000,49418,49416,414,414,584
1709,170887566,170887583,170892136,4570,17,4553,50000,49416,49415,414,414,585
1710,170987613,170987630,170992131,4518,17,4501,50000,49415,49413,414,414,587
1711,171087659,171087676,171092130,4471,17,4454,50000,49413,49411,415,415,589
1712,171187705,171187722,171192128,4423,17,4406,50000,49411,49410,415,415,590
1713,171287751,171287768,171292135,4384,17,4367,50000,49410,49409,415,415,591
1714,171387798,171387815,171392129,4331,17,4314,50000,49409,49407,415,415,593
1715,171487843,171487860,171492127,4284,17,4267,50000,49407,49406,415,415,594
1716,171587889,171587906,171592136,4247,17,4230,50000,49406,49404,415,415,596
1717,171687936,171687952,171692131,4195,16,4179,50000,49404,49403,415,415,597
1718,171787982,171787998,171792131,4149,16,4133,50000,49403,49401,415,415,599
1719,171888027,171888044,171892125,4098,17,4081,50000,49401,49400,415,415,600
1720,171988074,171988090,171992135,4061,16,4045,50000,49400,49399,415,415,601
1721,172088120,172088137,172092130,4010,17,3993,50000,49399,49397,415,415,603
1722,172188165,172188182,172192130,3965,17,3948,50000,49397,49396,415,415,604
1723,172288212,172288229,172292133,3921,17,3904,50000,49396,49395,415,415,605
1724,172388259,172388276,172392135,3876,17,3859,50000,49395,49393,415,415,607
1725,172488304,172488321,172492128,3824,17,3807,50000,49393,49392,415,415,608
1726,172588351,172588368,172592132,3781,17,3764,50000,49392,49390,415,415,610
1727,172688397,172688414,172692151,3754,17,3737,50000,49390,49389,415,415,611
1728,172788444,172788460,172792145,3701,16,3685,50000,49389,49388,415,415,612
1729,172888489,172888506,172892147,3658,17,3641,50000,49388,49386,415,415,614
1730,172988535,172988552,172992136,3601,17,3584,50000,49386,49385,415,415,615
1731,173088581,173088598,173092130,3549,17,3532,50000,49385,49384,415,415,616
1732,173188627,173188643,173192131,3504,16,3488,50000,49384,49382,415,415,618
1733,173288672,173288689,173292137,3465,17,3448,50000,49382,49381,415,415,619
1734,173388719,173388736,173392134,3415,17,3398,50000,49381,49380,415,415,620
1735,173488778,173488795,173492130,3352,17,3335,50000,49380,49378,415,415,622
1736,173588824,173588840,173592132,3308,16,3292,50000,49378,49377,416,416,623
1737,173688869,173688886,173692137,3268,17,3251,50000,49377,49376,415,415,624
1738,173788915,173788932,173792134,3219,17,3202,50000,49376,49375,415,415,625
1739,173888960,173888977,173892130,3170,17,3153,50000,49375,49373,415,415,627
1740,173989006,173989023,173992136,3130,17,3113,50000,49373,49372,416,416,628
1741,174089052,174089069,174092132,3080,17,3063,50000,49372,49371,416,416,629
1742,174189098,174189115,174192130,3032,17,3015,50000,49371,49370,416,416,630
1743,174289144,174289160,174292127,2983,16,2967,50000,49370,49369,416,416,631
1744,174389188,174389205,174392137,2949,17,2932,50000,49369,49368,416,416,632
1745,174489235,174489252,174492133,2898,17,2881,50000,49368,49367,416,416,633
1746,174589280,174589297,174592130,2850,17,2833,50000,49367,49366,416,416,634
1747,174689326,174689342,174691130,1804,16,1788,50000,49366,49365,416,416,635
1748,174789372,174789388,174791239,1867,16,1851,50000,49365,49364,416,416,636
1749,174889417,174889434,174901398,11981,17,11964,50000,49364,49363,416,416,637
1750,174989462,174989479,175001501,12039,17,12022,50000,49363,49362,416,416,638
1751,175089508,175089525,175101567,12059,17,12042,50000,49362,49361,416,416,639
1752,175189554,175189570,175201146,11592,16,11576,50000,49361,49361,416,416,639
1753,175289600,175289616,175301240,11640,16,11624,50000,49361,49360,416,416,640
1754,175389644,175389661,175401282,11638,17,11621,50000,49360,49359,416,416,641
1755,175489690,175489707,175501331,11641,17,11624,50000,49359,49358,416,416,642
1756,175589756,175589773,175601387,11631,17,11614,50000,49358,49357,416,416,643
1757,175689804,175689821,175701432,11628,17,11611,50000,49357,49356,416,416,644
1758,175789869,175789886,175801510,11641,17,11624,50000,49356,49355,416,416,645
1759,175889914,175889931,175901545,11631,17,11614,50000,49355,49354,416,416,646
1760,175989991,175990008,176001606,11615,17,11598,50000,49354,49353,416,416,647
1761,176090036,176090053,176101654,11618,17,11601,50000,49353,49352,416,416,648
1762,176190101,176190119,176201714,11613,18,11595,50000,49352,49351,416,416,649
1763,176290148,176290165,176301764,11616,17,11599,50000,49351,49350,416,416,650
1764,176390213,176390229,176401845,11632,16,11616,50000,49350,49349,416,416,651
1765,176490258,176490275,176501879,11621,17,11604,50000,49349,49348,416,416,652
1766,176590305,176590322,176601936,11631,17,11614,50000,49348,49347,416,416,653
1767,176690368,176690385,176701987,11619,17,11602,50000,49347,49347,416,416,653
1768,176790432,176790449,176802072,11640,17,11623,50000,49347,49346,416,416,654
1769,176890478,176890495,176902105,11627,17,11610,50000,49346,49345,416,416,655
1770,176990543,176990560,177002142,11599,17,11582,50000,49345,49344,416,416,656
1771,177090607,177090623,177102112,11505,16,11489,50000,49344,49343,416,416,657
1772,177190652,177190669,177202151,11499,17,11482,50000,49343,49342,416,416,658
1773,177290714,177290731,177302146,11432,17,11415,50000,49342,49341,416,416,659
1774,177390759,177390776,177402144,11385,17,11368,50000,49341,49340,416,416,660
1775,177490804,177490821,177502132,11328,17,11311,50000,49340,49339,416,416,661
1776,177590850,177590867,177602136,11286,17,11269,50000,49339,49338,416,416,662
1777,177690898,177690914,177702126,11228,16,11212,50000,49338,49338,416,416,662
1778,177790944,177790961,177802136,11192,17,11175,50000,49338,49337,416,416,663
1779,177890992,177891009,177902132,11140,17,11123,50000,49337,49336,417,417,664
1780,177991039,177991055,178002132,11093,16,11077,50000,49336,49336,417,417,664
1781,178091086,178091102,178102123,11037,16,11021,50000,49336,49335,416,416,665
1782,178191133,178191150,178202152,11019,17,11002,50000,49335,49334,417,417,666
1783,178291201,178291218,178302149,10948,17,10931,50000,49334,49334,417,417,666
1784,178391248,178391264,178402145,10897,16,10881,50000,49334,49333,417,417,667
1785,178491296,178491313,178502135,10839,17,10822,50000,49333,49332,417,417,668
1786,178591343,178591360,178602129,10786,17,10769,50000,49332,49332,417,417,668
1787,178691391,178691408,178702129,10738,17,10721,50000,49332,49331,417,417,669
1788,178791438,178791454,178802133,10695,16,10679,50000,49331,49331,417,417,669
1789,178891485,178891502,178902131,10646,17,10629,50000,49331,49330,417,417,670
1790,178991531,178991548,179002125,10594,17,10577,50000,49330,49330,417,417,670
1791,179091579,179091595,179102136,10557,16,10541,50000,49330,49329,417,417,671
1792,179191625,179191642,179202134,10509,17,10492,50000,49329,49328,417,417,672
1793,179291672,179291689,179302135,10463,17,10446,50000,49328,49328,417,417,672
1794,179391719,179391736,179402130,10411,17,10394,50000,49328,49327,417,417,673
1795,179491766,179491783,179502128,10362,17,10345,50000,49327,49327,417,417,673
1796,179591813,179591830,179602132,10319,17,10302,50000,49327,49326,417,417,674
1797,179691860,179691877,179702129,10269,17,10252,50000,49326,49326,417,417,674
1798,179791907,179791924,179802127,10220,17,10203,50000,49326,49325,417,417,675
1799,179891955,179891972,179902133,10178,17,10161,50000,49325,49325,417,417,675
1800,179992003,179992019,180004931,12928,16,12912,50000,49325,49324,417,417,676
