sequence,cycle_started_us,command_sent_us,response_completed_us,full_loop_us,pre_send_us,transport_us,setpoint_milli_c,observed_milli_c,measured_milli_c,command_actuator_permille,status_actuator_permille,error_milli_c
1,1584,19562,148042,146458,17978,128480,45000,20000,20266,951,951,24734
2,148624,148884,162423,13799,260,13539,45000,20266,20543,992,992,24457
3,248686,248902,252454,3768,216,3552,45000,20543,20817,986,986,24183
4,348741,348948,352447,3706,207,3499,45000,20817,21088,979,979,23912
5,448794,449002,452445,3651,208,3443,45000,21088,21356,972,972,23644
6,548847,549051,552434,3587,204,3383,45000,21356,21620,965,965,23380
7,648900,649104,652453,3553,204,3349,45000,21620,21882,958,958,23118
8,748953,749156,752453,3500,203,3297,45000,21882,22141,951,951,22859
9,849006,849211,852437,3431,205,3226,45000,22141,22397,944,944,22603
10,949058,949261,952445,3387,203,3184,45000,22397,22649,937,937,22351
11,1049112,1049316,1052451,3339,204,3135,45000,22649,22899,931,931,22101
12,1149164,1149366,1152439,3275,202,3073,45000,22899,23147,924,924,21853
13,1249216,1249419,1252435,3219,203,3016,45000,23147,23391,917,917,21609
14,1349269,1349471,1352450,3181,202,2979,45000,23391,23632,911,911,21368
15,1449321,1449523,1452452,3131,202,2929,45000,23632,23871,905,905,21129
16,1549374,1549577,1552595,3221,203,3018,45000,23871,24107,898,898,20893
17,1649426,1649630,1652684,3258,204,3054,45000,24107,24340,892,892,20660
18,1749478,1749681,1752730,3252,203,3049,45000,24340,24571,886,886,20429
19,1849551,1849752,1852796,3245,201,3044,45000,24571,24799,879,879,20201
20,1949623,1949824,1952863,3240,201,3039,45000,24799,25024,873,873,19976
21,2049698,2049900,2052939,3241,202,3039,45000,25024,25247,867,867,19753
22,2149786,2150014,2153006,3220,228,2992,45000,25247,25467,861,861,19533
23,2249860,2250086,2253074,3214,226,2988,45000,25467,25685,856,856,19315
24,2349932,2350151,2353164,3232,219,3013,45000,25685,25900,850,850,19100
25,2450003,2450205,2453227,3224,202,3022,45000,25900,26113,844,844,18887
26,2550074,2550276,2553294,3220,202,3018,45000,26113,26323,838,838,18677
27,2650163,2650364,2653355,3192,201,2991,45000,26323,26531,833,833,18469
28,2750234,2750435,2753398,3164,201,2963,45000,26531,26736,827,827,18264
29,2850286,2850488,2853393,3107,202,2905,45000,26736,26940,822,822,18060
30,2950338,2950539,2952377,2039,201,1838,45000,26940,27140,816,816,17860
31,3050390,3050591,3052488,2098,201,1897,45000,27140,27339,811,811,17661
32,3150441,3150642,3162495,12054,201,11853,45000,27339,27535,806,806,17465
33,3250494,3250698,3262487,11993,204,11789,45000,27535,27729,801,801,17271
34,3350547,3350748,3362494,11947,201,11746,45000,27729,27921,795,795,17079
35,3450600,3450801,3462465,11865,201,11664,45000,27921,28110,790,790,16890
36,3550652,3550854,3562455,11803,202,11601,45000,28110,28298,785,785,16702
37,3650705,3650907,3662465,11760,202,11558,45000,28298,28483,780,780,16517
38,3750779,3750981,3762452,11673,202,11471,45000,28483,28666,775,775,16334
39,3850831,3851032,3862476,11645,201,11444,45000,28666,28847,770,770,16153
40,3950884,3951084,3962443,11559,200,11359,45000,28847,29026,766,766,15974
41,4050955,4051167,4062445,11490,212,11278,45000,29026,29203,761,761,15797
42,4151010,4151213,4162455,11445,203,11242,45000,29203,29378,756,756,15622
43,4251064,4251265,4262441,11377,201,11176,45000,29378,29551,752,752,15449
44,4351119,4351320,4362433,11314,201,11113,45000,29551,29722,747,747,15278
45,4451173,4451374,4462447,11274,201,11073,45000,29722,29891,742,742,15109
46,4551227,4551428,4562450,11223,201,11022,45000,29891,30058,738,738,14942
47,4651281,4651483,4662437,11156,202,10954,45000,30058,30223,733,733,14777
48,4751336,4751538,4762455,11119,202,10917,45000,30223,30386,729,729,14614
49,4851391,4851592,4862446,11055,201,10854,45000,30386,30548,725,725,14452
50,4951445,4951646,4962440,10995,201,10794,45000,30548,30707,720,720,14293
51,5051499,5051701,5062435,10936,202,10734,45000,30707,30865,716,716,14135
52,5151554,5151755,5162450,10896,201,10695,45000,30865,31021,712,712,13979
53,5251609,5251812,5262453,10844,203,10641,45000,31021,31175,708,708,13825
54,5351662,5351865,5362439,10777,203,10574,45000,31175,31327,704,704,13673
55,5451717,5451918,5462445,10728,201,10527,45000,31327,31478,700,700,13522
56,5551771,5551973,5562455,10684,202,10482,45000,31478,31627,696,696,13373
57,5651826,5652027,5662440,10614,201,10413,45000,31627,31774,692,692,13226
58,5751880,5752082,5762435,10555,202,10353,45000,31774,31920,688,688,13080
59,5851935,5852137,5862453,10518,202,10316,45000,31920,32063,684,684,12937
60,5951989,5952191,5962455,10466,202,10264,45000,32063,32206,680,680,12794
61,6052043,6052245,6062442,10399,202,10197,45000,32206,32346,676,676,12654
62,6152097,6152300,6162450,10353,203,10150,45000,32346,32485,673,673,12515
63,6252152,6252353,6262458,10306,201,10105,45000,32485,32622,669,669,12378
64,6352207,6352409,6362461,10254,202,10052,45000,32622,32758,665,665,12242
65,6452261,6452464,6462450,10189,203,9986,45000,32758,32893,662,662,12107
66,6552315,6552518,6562441,10126,203,9923,45000,32893,33025,658,658,11975
67,6652369,6652570,6662438,10069,201,9868,45000,33025,33156,655,655,11844
68,6752424,6752625,6762447,10023,201,9822,45000,33156,33286,651,651,11714
69,6852478,6852679,6862448,9970,201,9769,45000,33286,33414,648,648,11586
70,6952533,6952764,6962440,9907,231,9676,45000,33414,33541,644,644,11459
71,7052586,7052819,7062449,9863,233,9630,45000,33541,33666,641,641,11334
72,7152641,7152871,7162446,9805,230,9575,45000,33666,33790,638,638,11210
73,7252695,7252921,7262444,9749,226,9523,45000,33790,33913,634,634,11087
74,7352762,7352963,7362450,9688,201,9487,45000,33913,34034,631,631,10966
75,7452815,7453017,7462436,9621,202,9419,45000,34034,34153,628,628,10847
76,7552868,7553070,7562450,9582,202,9380,45000,34153,34272,625,625,10728
77,7652921,7653123,7662453,9532,202,9330,45000,34272,34389,621,621,10611
78,7752974,7753176,7762440,9466,202,9264,45000,34389,34504,618,618,10496
79,7853027,7853228,7862433,9406,201,9205,45000,34504,34618,615,615,10382
80,7953080,7953282,7962445,9365,202,9163,45000,34618,34731,612,612,10269
81,8053133,8053336,8062449,9316,203,9113,45000,34731,34843,609,609,10157
82,8153187,8153389,8162435,9248,202,9046,45000,34843,34953,606,606,10047
83,8253240,8253442,8262446,9206,202,9004,45000,34953,35062,603,603,9938
84,8353314,8353516,8362446,9132,202,8930,45000,35062,35170,600,600,9830
85,8453367,8453569,8462447,9080,202,8878,45000,35170,35276,597,597,9724
86,8553421,8553623,8562449,9028,202,8826,45000,35276,35382,595,595,9618
87,8653473,8653675,8662455,8982,202,8780,45000,35382,35486,592,592,9514
88,8753526,8753728,8762445,8919,202,8717,45000,35486,35589,589,589,9411
89,8853579,8853781,8862436,8857,202,8655,45000,35589,35691,586,586,9309
90,8953631,8953833,8962458,8827,202,8625,45000,35691,35792,584,584,9208
91,9053685,9053886,9062451,8766,201,8565,45000,35792,35891,581,581,9109
92,9153738,9153939,9162441,8703,201,8502,45000,35891,35989,578,578,9011
93,9253791,9253993,9262440,8649,202,8447,45000,35989,36087,576,576,8913
94,9353843,9354044,9362448,8605,201,8404,45000,36087,36183,573,573,8817
95,9453917,9454117,9462450,8533,200,8333,45000,36183,36278,571,571,8722
96,9553970,9554172,9562450,8480,202,8278,45000,36278,36372,568,568,8628
97,9654023,9654224,9662455,8432,201,8231,45000,36372,36465,565,565,8535
98,9754075,9754278,9762440,8365,203,8162,45000,36465,36556,563,563,8444
99,9854128,9854330,9862449,8321,202,8119,45000,36556,36647,561,561,8353
100,9954182,9954383,9965188,11006,201,10805,45000,36647,36737,558,558,8263
101,10054240,10054443,10062390,8150,203,7947,45000,36737,36826,556,556,8174
102,10154293,10154495,10162438,8145,202,7943,45000,36826,36913,553,553,8087
103,10254370,10254570,10262452,8082,200,7882,45000,36913,37000,551,551,8000
104,10354425,10354626,10362444,8019,201,7818,45000,37000,37085,549,549,7915
105,10454478,10454680,10462440,7962,202,7760,45000,37085,37170,547,547,7830
106,10554531,10554733,10562434,7903,202,7701,45000,37170,37254,544,544,7746
107,10654584,10654786,10662456,7872,202,7670,45000,37254,37337,542,542,7663
108,10754638,10754839,10762445,7807,201,7606,45000,37337,37419,540,540,7581
109,10854690,10854892,10862431,7741,202,7539,45000,37419,37499,538,538,7501
110,10954743,10954945,10962444,7701,202,7499,45000,37499,37580,536,536,7420
111,11054796,11054997,11062451,7655,201,7454,45000,37580,37658,533,533,7342
112,11154849,11155052,11162439,7590,203,7387,45000,37658,37737,531,531,7263
113,11254902,11255104,11262438,7536,202,7334,45000,37737,37814,529,529,7186
114,11354955,11355157,11362455,7500,202,7298,45000,37814,37890,527,527,7110
115,11455009,11455210,11462445,7436,201,7235,45000,37890,37965,525,525,7035
116,11555061,11555263,11562452,7391,202,7189,45000,37965,38040,523,523,6960
117,11655114,11655316,11662441,7327,202,7125,45000,38040,38114,521,521,6886
118,11755167,11755370,11762446,7279,203,7076,45000,38114,38187,519,519,6813
119,11855220,11855422,11862452,7232,202,7030,45000,38187,38259,517,517,6741
120,11955273,11955476,11962436,7163,203,6960,45000,38259,38330,515,515,6670
121,12055327,12055538,12062454,7127,211,6916,45000,38330,38400,513,513,6600
122,12155380,12155581,12162451,7071,201,6870,45000,38400,38470,512,512,6530
123,12255434,12255635,12262449,7015,201,6814,45000,38470,38539,510,510,6461
124,12355487,12355688,12362452,6965,201,6764,45000,38539,38607,508,508,6393
125,12455540,12455742,12462438,6898,202,6696,45000,38607,38674,506,506,6326
126,12555593,12555794,12562446,6853,201,6652,45000,38674,38741,504,504,6259
127,12655646,12655849,12662448,6802,203,6599,45000,38741,38806,502,502,6194
128,12755700,12755901,12762442,6742,201,6541,45000,38806,38871,501,501,6129
129,12855753,12855956,12862450,6697,203,6494,45000,38871,38935,499,499,6065
130,12955807,12956008,12962439,6632,201,6431,45000,38935,38999,497,497,6001
131,13055859,13056061,13062455,6596,202,6394,45000,38999,39061,495,495,5939
132,13155914,13156115,13162443,6529,201,6328,45000,39061,39124,494,494,5876
133,13255967,13256169,13262433,6466,202,6264,45000,39124,39185,492,492,5815
134,13356020,13356221,13362444,6424,201,6223,45000,39185,39246,491,491,5754
135,13456074,13456275,13462452,6378,201,6177,45000,39246,39305,489,489,5695
136,13556126,13556329,13562441,6315,203,6112,45000,39305,39365,488,488,5635
137,13656178,13662026,13672386,16208,5848,10360,45000,39365,39424,486,486,5576
138,13756232,13756434,13762415,6183,202,5981,45000,39424,39481,484,484,5519
139,13856286,13856488,13862443,6157,202,5955,45000,39481,39539,483,483,5461
140,13956358,13956559,13962440,6082,201,5881,45000,39539,39595,481,481,5405
141,14056411,14056613,14062442,6031,202,5829,45000,39595,39651,480,480,5349
142,14156464,14156666,14162446,5982,202,5780,45000,39651,39706,478,478,5294
143,14256517,14256719,14262439,5922,202,5720,45000,39706,39761,477,477,5239
144,14356570,14356771,14362436,5866,201,5665,45000,39761,39815,475,475,5185
145,14456622,14456824,14462449,5827,202,5625,45000,39815,39869,474,474,5131
146,14556677,14556878,14562452,5775,201,5574,45000,39869,39921,472,472,5079
147,14656730,14656932,14662439,5709,202,5507,45000,39921,39973,471,471,5027
148,14756783,14756986,14762442,5659,203,5456,45000,39973,40025,470,470,4975
149,14856837,14857039,14862451,5614,202,5412,45000,40025,40076,468,468,4924
150,14956890,14957092,14962441,5551,202,5349,45000,40076,40127,467,467,4873
151,15056943,15057146,15062446,5503,203,5300,45000,40127,40176,465,465,4824
152,15157017,15157218,15162467,5450,201,5249,45000,40176,40225,464,464,4775
153,15257069,15257270,15262466,5397,201,5196,45000,40225,40274,463,463,4726
154,15357122,15357323,15362467,5345,201,5144,45000,40274,40322,462,462,4678
155,15457176,15457376,15462448,5272,200,5072,45000,40322,40370,460,460,4630
156,15557228,15557430,15562449,5221,202,5019,45000,40370,40417,459,459,4583
157,15657283,15657485,15662439,5156,202,4954,45000,40417,40464,458,458,4536
158,15757336,15757537,15762449,5113,201,4912,45000,40464,40510,457,457,4490
159,15857390,15857592,15862448,5058,202,4856,45000,40510,40555,455,455,4445
160,15957443,15957645,15962449,5006,202,4804,45000,40555,40600,454,454,4400
161,16057497,16057699,16062439,4942,202,4740,45000,40600,40644,453,453,4356
162,16157550,16157751,16162458,4908,201,4707,45000,40644,40688,452,452,4312
163,16257605,16257805,16262444,4839,200,4639,45000,40688,40732,451,451,4268
164,16357657,16357859,16362435,4778,202,4576,45000,40732,40775,449,449,4225
165,16457710,16457911,16462445,4735,201,4534,45000,40775,40817,448,448,4183
166,16557764,16557966,16562452,4688,202,4486,45000,40817,40859,447,447,4141
167,16657818,16658020,16662441,4623,202,4421,45000,40859,40900,446,446,4100
168,16757870,16758072,16762440,4570,202,4368,45000,40900,40941,445,445,4059
169,16857924,16858126,16862457,4533,202,4331,45000,40941,40982,444,444,4018
170,16957978,16958179,16962446,4468,201,4267,45000,40982,41022,443,443,3978
171,17058031,17058233,17062450,4419,202,4217,45000,41022,41062,442,442,3938
172,17158086,17158288,17162447,4361,202,4159,45000,41062,41101,441,441,3899
173,17258139,17258340,17262441,4302,201,4101,45000,41101,41140,440,440,3860
174,17358191,17358392,17362440,4249,201,4048,45000,41140,41178,439,439,3822
175,17458245,17458447,17462437,4192,202,3990,45000,41178,41216,438,438,3784
176,17558298,17558499,17562456,4158,201,3957,45000,41216,41254,437,437,3746
177,17658352,17658585,17662446,4094,233,3861,45000,41254,41291,436,436,3709
178,17758405,17758640,17762449,4044,235,3809,45000,41291,41327,435,435,3673
179,17858458,17858687,17862452,3994,229,3765,45000,41327,41363,434,434,3637
180,17958529,17958732,17962467,3938,203,3735,45000,41363,41399,433,433,3601
181,18058564,18058765,18062468,3904,201,3703,45000,41399,41435,432,432,3565
182,18158617,18158819,18162453,3836,202,3634,45000,41435,41470,431,431,3530
183,18258670,18258871,18262441,3771,201,3570,45000,41470,41504,430,430,3496
184,18358722,18358923,18362449,3727,201,3526,45000,41504,41538,429,429,3462
185,18458775,18458976,18462446,3671,201,3470,45000,41538,41572,428,428,3428
186,18558827,18559028,18562443,3616,201,3415,45000,41572,41605,427,427,3395
187,18658881,18659082,18662445,3564,201,3363,45000,41605,41638,426,426,3362
188,18758933,18759136,18762448,3515,203,3312,45000,41638,41670,425,425,3330
189,18858987,18859188,18862446,3459,201,3258,45000,41670,41703,425,425,3297
190,18959039,18959241,18962452,3413,202,3211,45000,41703,41735,424,424,3265
191,19059092,19059294,19062441,3349,202,3147,45000,41735,41766,423,423,3234
192,19159144,19159345,19162434,3290,201,3089,45000,41766,41797,422,422,3203
193,19259197,19259398,19262454,3257,201,3056,45000,41797,41828,421,421,3172
194,19359250,19359451,19362444,3194,201,2993,45000,41828,41858,420,420,3142
195,19459302,19459503,19462432,3130,201,2929,45000,41858,41888,420,420,3112
196,19559355,19559557,19562443,3088,202,2886,45000,41888,41918,419,419,3082
197,19659408,19659610,19662610,3202,202,3000,45000,41918,41948,418,418,3052
198,19759460,19759662,19762688,3228,202,3026,45000,41948,41977,417,417,3023
199,19859511,19859713,19862738,3227,202,3025,45000,41977,42005,416,416,2995
200,19959565,19959765,19965190,5625,200,5425,45000,42005,42034,416,416,2966
201,20059624,20059828,20063355,3731,204,3527,45000,42034,42062,415,415,2938
202,20159674,20159876,20163390,3716,202,3514,45000,42062,42089,414,414,2911
203,20259747,20259968,20263394,3647,221,3426,45000,42089,42117,413,413,2883
204,20359798,20360027,20363391,3593,229,3364,45000,42117,42143,412,412,2857
205,20459850,20460078,20463393,3543,228,3315,45000,42143,42170,412,412,2830
206,20559902,20560124,20563383,3481,222,3259,45000,42170,42197,411,411,2803
207,20659968,20660170,20663414,3446,202,3244,45000,42197,42223,410,410,2777
208,20760026,20760228,20763408,3382,202,3180,45000,42223,42249,410,410,2751
209,20860079,20860280,20863409,3330,201,3129,45000,42249,42274,409,409,2726
210,20960130,20960332,20963390,3260,202,3058,45000,42274,42300,409,409,2700
211,21060182,21060383,21063394,3212,201,3011,45000,42300,42325,408,408,2675
212,21160234,21160435,21163385,3151,201,2950,45000,42325,42349,407,407,2651
213,21260285,21260488,21263397,3112,203,2909,45000,42349,42374,407,407,2626
214,21360338,21360539,21362388,2050,201,1849,45000,42374,42398,406,406,2602
215,21460389,21460592,21462499,2110,203,1907,45000,42398,42422,405,405,2578
216,21560441,21560642,21572429,11988,201,11787,45000,42422,42445,404,404,2555
217,21660493,21660696,21672459,11966,203,11763,45000,42445,42469,404,404,2531
218,21760546,21760747,21772460,11914,201,11713,45000,42469,42492,403,403,2508
219,21860598,21860800,21872454,11856,202,11654,45000,42492,42514,403,403,2486
220,21960652,21960853,21972466,11814,201,11613,45000,42514,42537,402,402,2463
221,22060705,22060906,22072465,11760,201,11559,45000,42537,42559,401,401,2441
222,22160758,22160959,22172441,11683,201,11482,45000,42559,42581,401,401,2419
223,22260810,22261012,22272451,11641,202,11439,45000,42581,42603,400,400,2397
224,22360862,22361065,22372448,11586,203,11383,45000,42603,42624,400,400,2376
225,22460919,22461121,22472452,11533,202,11331,45000,42624,42646,399,399,2354
226,22560973,22561173,22572439,11466,200,11266,45000,42646,42666,398,398,2334
227,22661027,22661229,22672444,11417,202,11215,45000,42666,42687,398,398,2313
228,22761082,22761282,22772451,11369,200,11169,45000,42687,42708,397,397,2292
229,22861136,22861337,22872440,11304,201,11103,45000,42708,42728,397,397,2272
230,22961189,22961390,22972449,11260,201,11059,45000,42728,42748,396,396,2252
231,23061243,23061444,23072449,11206,201,11005,45000,42748,42768,396,396,2232
232,23161297,23161498,23172453,11156,201,10955,45000,42768,42787,395,395,2213
233,23261352,23261553,23272443,11091,201,10890,45000,42787,42807,395,395,2193
234,23361405,23361607,23372465,11060,202,10858,45000,42807,42826,394,394,2174
235,23461460,23461663,23472471,11011,203,10808,45000,42826,42845,394,394,2155
236,23561515,23561717,23572465,10950,202,10748,45000,42845,42864,393,393,2136
237,23661569,23661771,23672448,10879,202,10677,45000,42864,42882,393,393,2118
238,23761623,23761824,23772441,10818,201,10617,45000,42882,42900,392,392,2100
239,23861677,23861879,23872448,10771,202,10569,45000,42900,42919,392,392,2081
240,23961731,23961932,23972447,10716,201,10515,45000,42919,42936,391,391,2064
241,24061786,24061988,24072442,10656,202,10454,45000,42936,42954,391,391,2046
242,24161839,24162040,24172437,10598,201,10397,45000,42954,42971,390,390,2029
243,24261894,24262096,24272439,10545,202,10343,45000,42971,42989,390,390,2011
244,24361949,24362149,24372455,10506,200,10306,45000,42989,43006,389,389,1994
245,24462004,24462206,24472445,10441,202,10239,45000,43006,43023,389,389,1977
246,24562058,24562260,24572449,10391,202,10189,45000,43023,43039,388,388,1961
247,24662112,24662314,24672449,10337,202,10135,45000,43039,43056,388,388,1944
248,24762165,24762367,24772452,10287,202,10085,45000,43056,43072,388,388,1928
249,24862220,24862421,24872456,10236,201,10035,45000,43072,43088,387,387,1912
250,24962274,24962475,24972443,10169,201,9968,45000,43088,43104,387,387,1896
251,25062329,25062529,25072438,10109,200,9909,45000,43104,43120,386,386,1880
252,25162383,25162585,25172476,10093,202,9891,45000,43120,43135,386,386,1865
253,25262458,25262658,25272479,10021,200,9821,45000,43135,43151,386,386,1849
254,25362512,25362713,25372473,9961,201,9760,45000,43151,43166,385,385,1834
255,25462566,25462800,25472458,9892,234,9658,45000,43166,43181,385,385,1819
256,25562620,25562858,25572446,9826,238,9588,45000,43181,43196,384,384,1804
257,25662674,25662931,25672439,9765,257,9508,45000,43196,43211,384,384,1789
258,25762744,25762944,25772428,9684,200,9484,45000,43211,43225,383,383,1775
259,25862797,25862998,25872445,9648,201,9447,45000,43225,43240,383,383,1760
260,25962850,25963050,25972448,9598,200,9398,45000,43240,43254,383,383,1746
261,26062903,26063103,26072435,9532,200,9332,45000,43254,43268,382,382,1732
262,26162956,26163157,26172483,9527,201,9326,45000,43268,43282,382,382,1718
263,26263031,26263232,26272474,9443,201,9242,45000,43282,43295,382,382,1705
264,26363084,26363285,26372472,9388,201,9187,45000,43295,43309,381,381,1691
265,26463136,26463337,26472445,9309,201,9108,45000,43309,43322,381,381,1678
266,26563190,26563392,26572448,9258,202,9056,45000,43322,43336,381,381,1664
267,26663243,26663444,26672439,9196,201,8995,45000,43336,43349,380,380,1651
268,26763294,26763496,26772455,9161,202,8959,45000,43349,43362,380,380,1638
269,26863348,26863550,26872444,9096,202,8894,45000,43362,43375,379,379,1625
270,26963400,26963602,26972439,9039,202,8837,45000,43375,43387,379,379,1613
271,27063453,27063654,27072452,8999,201,8798,45000,43387,43400,379,379,1600
272,27163506,27163707,27172448,8942,201,8741,45000,43400,43412,378,378,1588
273,27263559,27263760,27272439,8880,201,8679,45000,43412,43424,378,378,1576
274,27363611,27368815,27372438,8827,5204,3623,45000,43424,43436,378,378,1564
275,27463663,27463866,27472454,8791,203,8588,45000,43436,43448,378,378,1552
276,27563716,27563916,27572442,8726,200,8526,45000,43448,43460,377,377,1540
277,27663769,27663969,27672435,8666,200,8466,45000,43460,43472,377,377,1528
278,27763822,27764022,27772448,8626,200,8426,45000,43472,43484,377,377,1516
279,27863875,27864076,27872457,8582,201,8381,45000,43484,43495,376,376,1505
280,27963927,27964129,27972449,8522,202,8320,45000,43495,43506,376,376,1494
281,28063981,28064193,28072454,8473,212,8261,45000,43506,43517,376,376,1483
282,28164033,28164235,28172444,8411,202,8209,45000,43517,43528,375,375,1472
283,28264085,28264286,28272447,8362,201,8161,45000,43528,43539,375,375,1461
284,28364138,28364339,28372453,8315,201,8114,45000,43539,43550,375,375,1450
285,28464190,28464391,28472447,8257,201,8056,45000,43550,43561,374,374,1439
286,28564243,28564443,28572456,8213,200,8013,45000,43561,43571,374,374,1429
287,28664297,28664497,28672445,8148,200,7948,45000,43571,43582,374,374,1418
288,28764349,28764552,28772449,8100,203,7897,45000,43582,43592,374,374,1408
289,28864403,28864605,28872456,8053,202,7851,45000,43592,43602,373,373,1398
290,28964455,28964656,28972446,7991,201,7790,45000,43602,43612,373,373,1388
291,29064508,29064709,29072435,7927,201,7726,45000,43612,43622,373,373,1378
292,29164561,29164763,29172447,7886,202,7684,45000,43622,43632,373,373,1368
293,29264615,29264816,29272446,7831,201,7630,45000,43632,43642,372,372,1358
294,29364667,29364869,29372450,7783,202,7581,45000,43642,43651,372,372,1349
295,29464721,29464923,29472447,7726,202,7524,45000,43651,43661,372,372,1339
296,29564773,29564975,29572446,7673,202,7471,45000,43661,43670,371,371,1330
297,29664826,29665028,29672451,7625,202,7423,45000,43670,43679,371,371,1321
298,29764879,29765082,29772436,7557,203,7354,45000,43679,43688,371,371,1312
299,29864931,29865133,29872448,7517,202,7315,45000,43688,43698,371,371,1302
300,29964986,29965187,29975181,10195,201,9994,45000,43698,43706,370,370,1294
301,30065043,30065245,30072391,7348,202,7146,45000,43706,43715,370,370,1285
302,30165096,30165299,30172448,7352,203,7149,45000,43715,43724,370,370,1276
303,30265149,30265351,30272456,7307,202,7105,45000,43724,43733,370,370,1267
304,30365202,30365404,30372444,7242,202,7040,45000,43733,43741,370,370,1259
305,30465255,30465457,30472435,7180,202,6978,45000,43741,43750,370,370,1250
306,30565308,30565511,30572453,7145,203,6942,45000,43750,43758,369,369,1242
307,30665361,30665564,30672457,7096,203,6893,45000,43758,43766,369,369,1234
308,30765416,30765619,30772443,7027,203,6824,45000,43766,43775,369,369,1225
309,30865469,30865671,30872456,6987,202,6785,45000,43775,43783,368,368,1217
310,30965523,30965725,30972469,6946,202,6744,45000,43783,43791,368,368,1209
311,31065577,31065779,31072473,6896,202,6694,45000,43791,43798,368,368,1202
312,31165631,31165833,31172456,6825,202,6623,45000,43798,43806,368,368,1194
313,31265682,31265885,31272455,6773,203,6570,45000,43806,43814,368,368,1186
314,31365736,31365938,31372446,6710,202,6508,45000,43814,43822,367,367,1178
315,31465788,31465991,31472439,6651,203,6448,45000,43822,43829,367,367,1171
316,31565842,31566044,31572450,6608,202,6406,45000,43829,43837,367,367,1163
317,31665895,31666097,31672449,6554,202,6352,45000,43837,43844,367,367,1156
318,31765948,31766150,31772454,6506,202,6304,45000,43844,43851,367,367,1149
319,31866002,31866205,31872444,6442,203,6239,45000,43851,43859,367,367,1141
320,31966055,31966256,31972458,6403,201,6202,45000,43859,43866,366,366,1134
321,32066109,32066311,32072446,6337,202,6135,45000,43866,43873,366,366,1127
322,32166164,32166365,32172435,6271,201,6070,45000,43873,43880,366,366,1120
323,32266217,32266419,32272446,6229,202,6027,45000,43880,43887,366,366,1113
324,32366271,32366472,32372451,6180,201,5979,45000,43887,43894,366,366,1106
325,32466324,32466527,32472437,6113,203,5910,45000,43894,43900,365,365,1100
326,32566377,32566579,32572443,6066,202,5864,45000,43900,43907,365,365,1093
327,32666430,32666632,32672446,6016,202,5814,45000,43907,43913,365,365,1087
328,32766482,32766684,32772449,5967,202,5765,45000,43913,43920,365,365,1080
329,32866536,32866738,32872439,5903,202,5701,45000,43920,43926,365,365,1074
330,32966589,32966792,32972456,5867,203,5664,45000,43926,43933,365,365,1067
331,33066643,33066844,33072444,5801,201,5600,45000,43933,43939,364,364,1061
332,33166695,33166898,33172438,5743,203,5540,45000,43939,43945,364,364,1055
333,33266749,33266952,33272453,5704,203,5501,45000,43945,43951,364,364,1049
334,33366802,33367003,33372444,5642,201,5441,45000,43951,43958,364,364,1042
335,33466855,33467056,33472438,5583,201,5382,45000,43958,43963,363,363,1037
336,33566908,33567110,33572447,5539,202,5337,45000,43963,43969,364,364,1031
337,33666961,33667163,33672467,5506,202,5304,45000,43969,43975,363,363,1025
338,33767015,33767218,33772466,5451,203,5248,45000,43975,43981,363,363,1019
339,33867068,33867270,33872455,5387,202,5185,45000,43981,43987,363,363,1013
340,33967121,33967322,33972442,5321,201,5120,45000,43987,43992,363,363,1008
341,34067173,34067376,34072449,5276,203,5073,45000,43992,43998,363,363,1002
342,34167227,34167429,34172437,5210,202,5008,45000,43998,44004,363,363,996
343,34267280,34267482,34272451,5171,202,4969,45000,44004,44009,362,362,991
344,34367333,34367536,34372447,5114,203,4911,45000,44009,44014,362,362,986
345,34467386,34467587,34472437,5051,201,4850,45000,44014,44020,362,362,980
346,34567439,34567641,34572436,4997,202,4795,45000,44020,44025,362,362,975
347,34667493,34667695,34672453,4960,202,4758,45000,44025,44030,362,362,970
348,34767546,34767749,34772444,4898,203,4695,45000,44030,44035,362,362,965
349,34867599,34867802,34872450,4851,203,4648,45000,44035,44041,362,362,959
350,34967672,34967874,34972440,4768,202,4566,45000,44041,44046,361,361,954
351,35067725,35067927,35072453,4728,202,4526,45000,44046,44050,361,361,950
352,35167778,35167980,35172443,4665,202,4463,45000,44050,44055,361,361,945
353,35267830,35268033,35272429,4599,203,4396,45000,44055,44060,361,361,940
354,35367883,35368086,35372448,4565,203,4362,45000,44060,44065,361,361,935
355,35467936,35468138,35472451,4515,202,4313,45000,44065,44070,361,361,930
356,35567989,35568192,35572436,4447,203,4244,45000,44070,44075,361,361,925
357,35668042,35668245,35672441,4399,203,4196,45000,44075,44079,361,361,921
358,35768096,35768297,35772446,4350,201,4149,45000,44079,44084,361,361,916
359,35868149,35868352,35872449,4300,203,4097,45000,44084,44089,360,360,911
360,35968202,35968404,35972438,4236,202,4034,45000,44089,44093,360,360,907
361,36068256,36068458,36072456,4200,202,3998,45000,44093,44098,360,360,902
362,36168309,36168538,36172443,4134,229,3905,45000,44098,44102,360,360,898
363,36268362,36268595,36272438,4076,233,3843,45000,44102,44106,360,360,894
364,36368416,36368648,36372461,4045,232,3813,45000,44106,44111,360,360,889
365,36468469,36468694,36472466,3997,225,3772,45000,44111,44115,359,359,885
366,36568538,36568741,36572462,3924,203,3721,45000,44115,44119,359,359,881
367,36668591,36668793,36672454,3863,202,3661,45000,44119,44123,359,359,877
368,36768644,36768847,36772443,3799,203,3596,45000,44123,44127,359,359,873
369,36868696,36868898,36872435,3739,202,3537,45000,44127,44131,359,359,869
370,36968749,36968953,36972444,3695,204,3491,45000,44131,44135,359,359,865
371,37068802,37069004,37072453,3651,202,3449,45000,44135,44139,359,359,861
372,37168855,37169057,37172439,3584,202,3382,45000,44139,44143,359,359,857
373,37268908,37269110,37272435,3527,202,3325,45000,44143,44147,359,359,853
374,37368961,37369163,37372453,3492,202,3290,45000,44147,44151,359,359,849
375,37469014,37469216,37472445,3431,202,3229,45000,44151,44155,359,359,845
376,37569066,37569270,37572442,3376,204,3172,45000,44155,44158,358,358,842
377,37669120,37669321,37672447,3327,201,3126,45000,44158,44162,358,358,838
378,37769173,37769374,37772448,3275,201,3074,45000,44162,44166,358,358,834
379,37869227,37869429,37872439,3212,202,3010,45000,44166,44169,358,358,831
380,37969279,37969482,37972438,3159,203,2956,45000,44169,44173,358,358,827
381,38069332,38069533,38072426,3094,201,2893,45000,44173,44176,358,358,824
382,38169384,38169586,38172573,3189,202,2987,45000,44176,44180,358,358,820
383,38269436,38269638,38272651,3215,202,3013,45000,44180,44183,358,358,817
384,38369488,38369689,38372701,3213,201,3012,45000,44183,44187,358,358,813
385,38469541,38469743,38472776,3235,202,3033,45000,44187,44190,357,357,810
386,38569633,38569834,38572842,3209,201,3008,45000,44190,44193,357,357,807
387,38669704,38669906,38672907,3203,202,3001,45000,44193,44196,357,357,804
388,38769775,38770002,38772981,3206,227,2979,45000,44196,44200,357,357,800
389,38869865,38870089,38873047,3182,224,2958,45000,44200,44203,357,357,797
390,38969938,38970156,38973113,3175,218,2957,45000,44203,44206,357,357,794
391,39070010,39070210,39073192,3182,200,2982,45000,44206,44209,357,357,791
392,39170099,39170301,39173300,3201,202,2999,45000,44209,44212,357,357,788
393,39270152,39270354,39273352,3200,202,2998,45000,44212,44215,357,357,785
394,39370225,39370426,39373403,3178,201,2977,45000,44215,44218,357,357,782
395,39470297,39470499,39473392,3095,202,2893,45000,44218,44221,357,357,779
396,39570349,39570551,39572392,2043,202,1841,45000,44221,44224,357,357,776
397,39670401,39670602,39672502,2101,201,1900,45000,44224,44228,357,357,772
398,39770453,39770655,39782431,11978,202,11776,45000,44228,44230,356,356,770
399,39870506,39870710,39882452,11946,204,11742,45000,44230,44233,357,357,767
400,39970560,39970762,39985179,14619,202,14417,45000,44233,44236,356,356,764
401,40070617,40070819,40082424,11807,202,11605,45000,44236,44239,356,356,761
402,40170669,40170871,40182463,11794,202,11592,45000,44239,44242,356,356,758
403,40270745,40270947,40282460,11715,202,11513,45000,44242,44244,356,356,756
404,40370797,40370999,40382455,11658,202,11456,45000,44244,44247,356,356,753
405,40470849,40471051,40482477,11628,202,11426,45000,44247,44250,356,356,750
406,40570903,40571104,40582451,11548,201,11347,45000,44250,44252,356,356,748
407,40670956,40671159,40682454,11498,203,11295,45000,44252,44255,356,356,745
408,40771010,40771212,40782444,11434,202,11232,45000,44255,44258,356,356,742
409,40871064,40871267,40882432,11368,203,11165,45000,44258,44260,356,356,740
410,40971119,40976207,40982444,11325,5088,6237,45000,44260,44263,356,356,737
411,41071173,41071375,41082443,11270,202,11068,45000,44263,44265,355,355,735
412,41171227,41171429,41182444,11217,202,11015,45000,44265,44268,355,355,732
413,41271282,41271483,41282446,11164,201,10963,45000,44268,44270,355,355,730
414,41371336,41371538,41382451,11115,202,10913,45000,44270,44272,355,355,728
415,41471390,41471591,41482439,11049,201,10848,45000,44272,44275,355,355,725
416,41571444,41571646,41582456,11012,202,10810,45000,44275,44277,355,355,723
417,41671499,41671701,41682445,10946,202,10744,45000,44277,44279,355,355,721
418,41771553,41771755,41782447,10894,202,10692,45000,44279,44281,355,355,719
419,41871608,41871810,41882455,10847,202,10645,45000,44281,44284,355,355,716
420,41971662,41971865,41982481,10819,203,10616,45000,44284,44286,355,355,714
421,42071717,42071919,42082471,10754,202,10552,45000,44286,44288,355,355,712
422,42171771,42171972,42182457,10686,201,10485,45000,44288,44291,355,355,709
423,42271825,42272025,42282442,10617,200,10417,45000,44291,44293,355,355,707
424,42371879,42372081,42382449,10570,202,10368,45000,44293,44295,355,355,705
425,42471933,42472134,42482446,10513,201,10312,45000,44295,44297,355,355,703
426,42571987,42572189,42582442,10455,202,10253,45000,44297,44299,355,355,701
427,42672042,42672244,42682442,10400,202,10198,45000,44299,44302,355,355,698
428,42772097,42772298,42782434,10337,201,10136,45000,44302,44304,354,354,696
429,42872151,42872352,42882448,10297,201,10096,45000,44304,44305,354,354,695
430,42972204,42972406,42982451,10247,202,10045,45000,44305,44308,355,355,692
431,43072259,43072461,43082437,10178,202,9976,45000,44308,44310,354,354,690
432,43172313,43172514,43182448,10135,201,9934,45000,44310,44311,354,354,689
433,43272367,43272569,43282454,10087,202,9885,45000,44311,44313,354,354,687
434,43372421,43372623,43382441,10020,202,9818,45000,44313,44315,354,354,685
435,43472476,43472679,43482435,9959,203,9756,45000,44315,44317,354,354,683
436,43572532,43572733,43582464,9932,201,9731,45000,44317,44319,354,354,681
437,43672586,43672821,43682453,9867,235,9632,45000,44319,44321,354,354,679
438,43772640,43772874,43782444,9804,234,9570,45000,44321,44323,354,354,677
439,43872694,43872918,43882441,9747,224,9523,45000,44323,44324,354,354,676
440,43972761,43972962,43982438,9677,201,9476,45000,44324,44326,354,354,674
441,44072814,44073016,44082441,9627,202,9425,45000,44326,44328,354,354,672
442,44172867,44173069,44182450,9583,202,9381,45000,44328,44330,354,354,670
443,44272920,44273121,44282446,9526,201,9325,45000,44330,44332,354,354,668
444,44372972,44373175,44382440,9468,203,9265,45000,44332,44333,354,354,667
445,44473025,44473227,44482450,9425,202,9223,45000,44333,44335,354,354,665
446,44573078,44573280,44582439,9361,202,9159,45000,44335,44337,354,354,663
447,44673131,44673332,44682461,9330,201,9129,45000,44337,44339,354,354,661
448,44773183,44773386,44782449,9266,203,9063,45000,44339,44340,353,353,660
449,44873236,44873437,44882439,9203,201,9002,45000,44340,44342,354,354,658
450,44973289,44973490,44982443,9154,201,8953,45000,44342,44343,353,353,657
451,45073341,45073542,45082449,9108,201,8907,45000,44343,44345,353,353,655
452,45173393,45173594,45182436,9043,201,8842,45000,44345,44346,353,353,654
453,45273446,45273647,45282456,9010,201,8809,45000,44346,44348,353,353,652
454,45373498,45373700,45382445,8947,202,8745,45000,44348,44349,353,353,651
455,45473551,45473753,45482436,8885,202,8683,45000,44349,44351,353,353,649
456,45573604,45573805,45582445,8841,201,8640,45000,44351,44352,353,353,648
457,45673657,45673859,45682450,8793,202,8591,45000,44352,44354,353,353,646
458,45773709,45773911,45782438,8729,202,8527,45000,44354,44355,353,353,645
459,45873762,45873963,45882447,8685,201,8484,45000,44355,44356,353,353,644
460,45973815,45974017,45982447,8632,202,8430,45000,44356,44358,353,353,642
461,46073867,46074069,46082444,8577,202,8375,45000,44358,44359,353,353,641
462,46173920,46174123,46182446,8526,203,8323,45000,44359,44361,353,353,639
463,46273973,46274175,46282446,8473,202,8271,45000,44361,44362,353,353,638
464,46374026,46374228,46382455,8429,202,8227,45000,44362,44363,353,353,637
465,46474079,46474281,46482445,8366,202,8164,45000,44363,44365,353,353,635
466,46574131,46574332,46582435,8304,201,8103,45000,44365,44366,353,353,634
467,46674183,46674385,46682469,8286,202,8084,45000,44366,44368,353,353,632
468,46774257,46774459,46782466,8209,202,8007,45000,44368,44369,353,353,631
469,46874310,46874513,46882456,8146,203,7943,45000,44369,44370,353,353,630
470,46974362,46974564,46982445,8083,202,7881,45000,44370,44372,353,353,628
471,47074415,47074617,47082448,8033,202,7831,45000,44372,44373,353,353,627
472,47174468,47174670,47182439,7971,202,7769,45000,44373,44374,353,353,626
473,47274520,47274721,47282456,7936,201,7735,45000,44374,44376,353,353,624
474,47374574,47374773,47382447,7873,199,7674,45000,44376,44377,352,352,623
475,47474627,47474828,47482441,7814,201,7613,45000,44377,44378,352,352,622
476,47574679,47574881,47582446,7767,202,7565,45000,44378,44379,352,352,621
477,47674732,47674933,47682446,7714,201,7513,45000,44379,44380,352,352,620
478,47774784,47774986,47782438,7654,202,7452,45000,44380,44381,352,352,619
479,47874837,47875039,47882436,7599,202,7397,45000,44381,44382,352,352,618
480,47974889,47975090,47982452,7563,201,7362,45000,44382,44383,352,352,617
481,48074943,48075144,48082445,7502,201,7301,45000,44383,44384,352,352,616
482,48174995,48175197,48182449,7454,202,7252,45000,44384,44385,352,352,615
483,48275048,48275249,48282439,7391,201,7190,45000,44385,44386,352,352,614
484,48375100,48375302,48382455,7355,202,7153,45000,44386,44387,352,352,613
485,48475154,48475356,48482445,7291,202,7089,45000,44387,44388,352,352,612
486,48575206,48575408,48582446,7240,202,7038,45000,44388,44389,352,352,611
487,48675260,48675461,48682444,7184,201,6983,45000,44389,44390,352,352,610
488,48775312,48775514,48782442,7130,202,6928,45000,44390,44391,352,352,609
489,48875365,48875566,48882442,7077,201,6876,45000,44391,44392,352,352,608
490,48975417,48975617,48982434,7017,200,6817,45000,44392,44393,352,352,607
491,49075469,49075672,49082445,6976,203,6773,45000,44393,44394,352,352,606
492,49175523,49175724,49182443,6920,201,6719,45000,44394,44395,352,352,605
493,49275579,49275780,49282448,6869,201,6668,45000,44395,44396,352,352,604
494,49375631,49375833,49382451,6820,202,6618,45000,44396,44397,352,352,603
495,49475685,49475887,49482473,6788,202,6586,45000,44397,44398,352,352,602
496,49575739,49575942,49582464,6725,203,6522,45000,44398,44399,352,352,601
497,49675791,49675993,49682447,6656,202,6454,45000,44399,44400,352,352,600
498,49775844,49776046,49782449,6605,202,6403,45000,44400,44401,352,352,599
499,49875898,49876099,49882440,6542,201,6341,45000,44401,44402,352,352,598
500,49975950,49976152,49985181,9231,202,9029,45000,44402,44403,352,352,597
501,50076015,50076217,50082424,6409,202,6207,45000,44403,44404,352,352,596
502,50176067,50176268,50182442,6375,201,6174,45000,44404,44405,352,352,595
503,50276121,50276321,50282446,6325,200,6125,45000,44405,44406,352,352,594
504,50376174,50376375,50382448,6274,201,6073,45000,44406,44407,352,352,593
505,50476227,50476429,50482457,6230,202,6028,45000,44407,44408,352,352,592
506,50576280,50576482,50582445,6165,202,5963,45000,44408,44408,352,352,592
507,50676332,50676536,50682448,6116,204,5912,45000,44408,44409,352,352,591
508,50776386,50776587,50782445,6059,201,5858,45000,44409,44410,352,352,590
509,50876439,50876641,50882454,6015,202,5813,45000,44410,44411,352,352,589
510,50976493,50976694,50982442,5949,201,5748,45000,44411,44412,352,352,588
511,51076545,51076746,51082441,5896,201,5695,45000,44412,44413,352,352,587
512,51176598,51176800,51182442,5844,202,5642,45000,44413,44414,352,352,586
513,51276651,51276876,51282450,5799,225,5574,45000,44414,44415,352,352,585
514,51376704,51376906,51382439,5735,202,5533,45000,44415,44416,351,351,584
515,51476757,51476958,51482446,5689,201,5488,45000,44416,44416,351,351,584
516,51576811,51577012,51582442,5631,201,5430,45000,44416,44417,352,352,583
517,51676863,51677065,51682436,5573,202,5371,45000,44417,44418,351,351,582
518,51776916,51777117,51782455,5539,201,5338,45000,44418,44418,351,351,582
519,51876970,51877172,51882445,5475,202,5273,45000,44418,44419,351,351,581
520,51977023,51977224,51982436,5413,201,5212,45000,44419,44419,351,351,581
521,52077076,52077279,52082433,5357,203,5154,45000,44419,44420,351,351,580
522,52177129,52177330,52182480,5351,201,5150,45000,44420,44421,351,351,579
523,52277205,52277406,52282468,5263,201,5062,45000,44421,44421,351,351,579
524,52377258,52377461,52382460,5202,203,4999,45000,44421,44422,351,351,578
525,52477311,52477511,52482444,5133,200,4933,45000,44422,44422,351,351,578
526,52577364,52577567,52582441,5077,203,4874,45000,44422,44423,351,351,577
527,52677417,52677618,52682445,5028,201,4827,45000,44423,44424,351,351,576
528,52777470,52777671,52782449,4979,201,4778,45000,44424,44424,351,351,576
529,52877524,52877726,52882440,4916,202,4714,45000,44424,44425,351,351,575
530,52977577,52977778,52982437,4860,201,4659,45000,44425,44425,351,351,575
531,53077629,53077832,53082446,4817,203,4614,45000,44425,44426,351,351,574
532,53177683,53177884,53182453,4770,201,4569,45000,44426,44427,351,351,573
533,53277735,53277936,53282443,4708,201,4507,45000,44427,44427,351,351,573
534,53377789,53377991,53382449,4660,202,4458,45000,44427,44428,351,351,572
535,53477841,53478044,53482439,4598,203,4395,45000,44428,44428,351,351,572
536,53577894,53578096,53582453,4559,202,4357,45000,44428,44429,351,351,571
537,53677948,53678151,53682442,4494,203,4291,45000,44429,44429,351,351,571
538,53778001,53778203,53782447,4446,202,4244,45000,44429,44430,351,351,570
539,53878054,53878256,53882446,4392,202,4190,45000,44430,44431,351,351,569
540,53978106,53978308,53982439,4333,202,4131,45000,44431,44431,351,351,569
541,54078159,54078361,54082437,4278,202,4076,45000,44431,44432,351,351,568
542,54178213,54178413,54182425,4212,200,4012,45000,44432,44432,351,351,568
543,54278265,54278467,54282446,4181,202,3979,45000,44432,44433,351,351,567
544,54378319,54378545,54382449,4130,226,3904,45000,44433,44433,351,351,567
545,54478371,54478601,54482435,4064,230,3834,45000,44433,44434,351,351,566
546,54578424,54578654,54582445,4021,230,3791,45000,44434,44434,351,351,566
547,54678478,54683673,54692395,13917,5195,8722,45000,44434,44435,351,351,565
548,54778542,54778745,54782387,3845,203,3642,45000,44435,44435,351,351,565
549,54878595,54878796,54882473,3878,201,3677,45000,44435,44436,351,351,564
550,54978648,54978849,54982468,3820,201,3619,45000,44436,44437,351,351,563
551,55078701,55078902,55082465,3764,201,3563,45000,44437,44437,351,351,563
552,55178753,55178955,55182453,3700,202,3498,45000,44437,44438,351,351,562
553,55278805,55279007,55282441,3636,202,3434,45000,44438,44438,351,351,562
554,55378858,55379061,55382447,3589,203,3386,45000,44438,44439,351,351,561
555,55478910,55479111,55482445,3535,201,3334,45000,44439,44439,351,351,561
556,55578963,55579165,55582452,3489,202,3287,45000,44439,44440,351,351,560
557,55679015,55679217,55682442,3427,202,3225,45000,44440,44440,351,351,560
558,55779068,55779270,55782433,3365,202,3163,45000,44440,44441,351,351,559
559,55879121,55879322,55882454,3333,201,3132,45000,44441,44441,351,351,559
560,55979173,55979376,55982442,3269,203,3066,45000,44441,44442,351,351,558
561,56079225,56079427,56082436,3211,202,3009,45000,44442,44442,351,351,558
562,56179278,56179480,56182446,3168,202,2966,45000,44442,44443,351,351,557
563,56279330,56279532,56282454,3124,202,2922,45000,44443,44443,351,351,557
564,56379383,56379584,56382603,3220,201,3019,45000,44443,44444,351,351,556
565,56479434,56479635,56482681,3247,201,3046,45000,44444,44444,351,351,556
566,56579486,56579690,56582730,3244,204,3040,45000,44444,44445,351,351,555
567,56679541,56679743,56682802,3261,202,3059,45000,44445,44445,351,351,555
568,56779630,56779833,56782868,3238,203,3035,45000,44445,44446,351,351,554
569,56879704,56879906,56882935,3231,202,3029,45000,44446,44446,351,351,554
570,56979774,56980001,56983010,3236,227,3009,45000,44446,44447,351,351,553
571,57079865,57080090,57083075,3210,225,2985,45000,44447,44447,351,351,553
572,57179963,57180167,57183153,3190,204,2986,45000,44447,44448,351,351,552
573,57280034,57280235,57283225,3191,201,2990,45000,44448,44448,351,351,552
574,57380122,57380325,57383292,3170,203,2967,45000,44448,44449,351,351,551
575,57480194,57480396,57483357,3163,202,2961,45000,44449,44449,350,350,551
576,57580266,57580468,57583391,3125,202,2923,45000,44449,44449,351,351,551
577,57680317,57680520,57683418,3101,203,2898,45000,44449,44450,351,351,550
578,57780388,57780590,57782467,2079,202,1877,45000,44450,44450,350,350,550
579,57880440,57880642,57892663,12223,202,12021,45000,44450,44451,351,351,549
580,57980491,57980692,57992755,12264,201,12063,45000,44451,44451,350,350,549
581,58080542,58080745,58092392,11850,203,11647,45000,44451,44451,351,351,549
582,58180594,58180795,58192470,11876,201,11675,45000,44451,44452,351,351,548
583,58280646,58280847,58292511,11865,201,11664,45000,44452,44452,350,350,548
584,58380718,58380921,58392460,11742,203,11539,45000,44452,44452,350,350,548
585,58480794,58480996,58492470,11676,202,11474,45000,44452,44452,350,350,548
586,58580847,58581050,58592479,11632,203,11429,45000,44452,44453,350,350,547
587,58680901,58681103,58692445,11544,202,11342,45000,44453,44453,350,350,547
588,58780955,58781156,58792440,11485,201,11284,45000,44453,44453,350,350,547
589,58881009,58881212,58892431,11422,203,11219,45000,44453,44453,350,350,547
590,58981063,58981265,58992449,11386,202,11184,45000,44453,44453,350,350,547
591,59081117,59081322,59092452,11335,205,11130,45000,44453,44453,350,350,547
592,59181172,59181374,59192438,11266,202,11064,45000,44453,44454,350,350,546
593,59281226,59281427,59292446,11220,201,11019,45000,44454,44454,350,350,546
594,59381280,59381482,59392450,11170,202,10968,45000,44454,44454,350,350,546
595,59481334,59481536,59492446,11112,202,10910,45000,44454,44454,350,350,546
596,59581389,59581592,59592454,11065,203,10862,45000,44454,44454,350,350,546
597,59681443,59681645,59692442,10999,202,10797,45000,44454,44455,350,350,545
598,59781497,59781698,59792438,10941,201,10740,45000,44455,44455,350,350,545
599,59881551,59881754,59892463,10912,203,10709,45000,44455,44455,350,350,545
600,59981606,59981808,59995216,13610,202,13408,45000,44455,44455,350,350,545
601,60081664,60081879,60092423,10759,215,10544,65000,44455,44637,1000,1000,20363
602,60181717,60181919,60192439,10722,202,10520,65000,44637,44819,1000,1000,20181
603,60281771,60281974,60292437,10666,203,10463,65000,44819,44999,1000,1000,20001
604,60381825,60382027,60392463,10638,202,10436,65000,44999,45179,1000,1000,19821
605,60481897,60482099,60492446,10549,202,10347,65000,45179,45359,1000,1000,19641
606,60581950,60582152,60592445,10495,202,10293,65000,45359,45537,1000,1000,19463
607,60682005,60682206,60692446,10441,201,10240,65000,45537,45715,1000,1000,19285
608,60782059,60782260,60792441,10382,201,10181,65000,45715,45892,1000,1000,19108
609,60882114,60882315,60892430,10316,201,10115,65000,45892,46069,1000,1000,18931
610,60982167,60982369,60992445,10278,202,10076,65000,46069,46244,1000,1000,18756
611,61082221,61082422,61092451,10230,201,10029,65000,46244,46419,1000,1000,18581
612,61182276,61182478,61192438,10162,202,9960,65000,46419,46594,1000,1000,18406
613,61282330,61282531,61292445,10115,201,9914,65000,46594,46767,1000,1000,18233
614,61382384,61382585,61392448,10064,201,9863,65000,46767,46940,1000,1000,18060
615,61482438,61482639,61492440,10002,201,9801,65000,46940,47113,1000,1000,17887
616,61582492,61582691,61592437,9945,199,9746,65000,47113,47284,1000,1000,17716
617,61682547,61682782,61692452,9905,235,9670,65000,47284,47455,1000,1000,17545
618,61782601,61782835,61792443,9842,234,9608,65000,47455,47625,1000,1000,17375
619,61882655,61882881,61892439,9784,226,9558,65000,47625,47795,1000,1000,17205
620,61982727,61982932,61992448,9721,205,9516,65000,47795,47964,1000,1000,17036
621,62082771,62082973,62092448,9677,202,9475,65000,47964,48132,1000,1000,16868
622,62182824,62183024,62192440,9616,200,9416,65000,48132,48299,1000,1000,16701
623,62282877,62283080,62292447,9570,203,9367,65000,48299,48466,1000,1000,16534
624,62382929,62383131,62392451,9522,202,9320,65000,48466,48632,1000,1000,16368
625,62482982,62483185,62492472,9490,203,9287,65000,48632,48798,1000,1000,16202
626,62583036,62583239,62592462,9426,203,9223,65000,48798,48962,1000,1000,16038
627,62683088,62683290,62692447,9359,202,9157,65000,48962,49127,1000,1000,15873
628,62783141,62783343,62792441,9300,202,9098,65000,49127,49290,1000,1000,15710
629,62883193,62883394,62892432,9239,201,9038,65000,49290,49453,1000,1000,15547
630,62983246,62983447,62992449,9203,201,9002,65000,49453,49615,1000,1000,15385
631,63083299,63083501,63092451,9152,202,8950,65000,49615,49776,997,997,15224
632,63183352,63183554,63192452,9100,202,8898,65000,49776,49935,993,993,15065
633,63283405,63283605,63292443,9038,200,8838,65000,49935,50092,989,989,14908
634,63383457,63383658,63392445,8988,201,8787,65000,50092,50247,984,984,14753
635,63483510,63483712,63492445,8935,202,8733,65000,50247,50400,980,980,14600
636,63583563,63583763,63592438,8875,200,8675,65000,50400,50552,976,976,14448
637,63683615,63683818,63692444,8829,203,8626,65000,50552,50702,972,972,14298
638,63783668,63783869,63792446,8778,201,8577,65000,50702,50850,968,968,14150
639,63883720,63883922,63892451,8731,202,8529,65000,50850,50997,964,964,14003
640,63983774,63983975,63992441,8667,201,8466,65000,50997,51142,960,960,13858
641,64083826,64084028,64092435,8609,202,8407,65000,51142,51285,956,956,13715
642,64183880,64184081,64192446,8566,201,8365,65000,51285,51426,953,953,13574
643,64283933,64284135,64292449,8516,202,8314,65000,51426,51566,949,949,13434
644,64383986,64384187,64392436,8450,201,8249,65000,51566,51705,945,945,13295
645,64484038,64484240,64492456,8418,202,8216,65000,51705,51841,941,941,13159
646,64584091,64584293,64592445,8354,202,8152,65000,51841,51977,938,938,13023
647,64684144,64684346,64692436,8292,202,8090,65000,51977,52110,934,934,12890
648,64784197,64784398,64792455,8258,201,8057,65000,52110,52243,931,931,12757
649,64884250,64884452,64892445,8195,202,7993,65000,52243,52373,927,927,12627
650,64984302,64984504,64992437,8135,202,7933,65000,52373,52502,924,924,12498
651,65084355,65084557,65092434,8079,202,7877,65000,52502,52630,920,920,12370
652,65184408,65184609,65192477,8069,201,7868,65000,52630,52756,917,917,12244
653,65284484,65284687,65292466,7982,203,7779,65000,52756,52881,914,914,12119
654,65384537,65384739,65392461,7924,202,7722,65000,52881,53004,910,910,11996
655,65484589,65484790,65492452,7863,201,7662,65000,53004,53126,907,907,11874
656,65584642,65584844,65592441,7799,202,7597,65000,53126,53247,904,904,11753
657,65684695,65684896,65692433,7738,201,7537,65000,53247,53366,900,900,11634
658,65784746,65784947,65792449,7703,201,7502,65000,53366,53484,897,897,11516
659,65884800,65885001,65892452,7652,201,7451,65000,53484,53600,894,894,11400
660,65984853,65985054,65992440,7587,201,7386,65000,53600,53715,891,891,11285
661,66084905,66085107,66092429,7524,202,7322,65000,53715,53829,888,888,11171
662,66184958,66185159,66192448,7490,201,7289,65000,53829,53941,885,885,11059
663,66285011,66285213,66292448,7437,202,7235,65000,53941,54053,882,882,10947
664,66385066,66385269,66392449,7383,203,7180,65000,54053,54162,879,879,10838
665,66485118,66485320,66492437,7319,202,7117,65000,54162,54271,876,876,10729
666,66585171,66585373,66592456,7285,202,7083,65000,54271,54378,873,873,10622
667,66685224,66685425,66692444,7220,201,7019,65000,54378,54485,870,870,10515
668,66785276,66785478,66792433,7157,202,6955,65000,54485,54589,867,867,10411
669,66885329,66885530,66892446,7117,201,6916,65000,54589,54693,865,865,10307
670,66985382,66985583,66992445,7063,201,6862,65000,54693,54796,862,862,10204
671,67085435,67085638,67092446,7011,203,6808,65000,54796,54897,859,859,10103
672,67185489,67185689,67192446,6957,200,6757,65000,54897,54998,857,857,10002
673,67285542,67285744,67292454,6912,202,6710,65000,54998,55097,854,854,9903
674,67385595,67385797,67392443,6848,202,6646,65000,55097,55195,851,851,9805
675,67485647,67485848,67492434,6787,201,6586,65000,55195,55291,849,849,9709
676,67585700,67585901,67592455,6755,201,6554,65000,55291,55387,846,846,9613
677,67685753,67685954,67692445,6692,201,6491,65000,55387,55482,844,844,9518
678,67785805,67786006,67792447,6642,201,6441,65000,55482,55576,841,841,9424
679,67885859,67886060,67892452,6593,201,6392,65000,55576,55668,838,838,9332
680,67985911,67986114,67992472,6561,203,6358,65000,55668,55759,836,836,9241
681,68085965,68086167,68092468,6503,202,6301,65000,55759,55850,834,834,9150
682,68186018,68186220,68192448,6430,202,6228,65000,55850,55939,831,831,9061
683,68286071,68291188,68302393,16322,5117,11205,65000,55939,56027,829,829,8973
684,68386123,68386326,68392834,6711,203,6508,65000,56027,56115,827,827,8885
685,68486175,68486378,68492930,6755,203,6552,65000,56115,56201,824,824,8799
686,68586229,68586431,68592977,6748,202,6546,65000,56201,56286,822,822,8714
687,68686283,68686485,68693042,6759,202,6557,65000,56286,56371,820,820,8629
688,68786354,68786556,68793107,6753,202,6551,65000,56371,56454,817,817,8546
689,68886452,68886653,68893199,6747,201,6546,65000,56454,56537,815,815,8463
690,68986524,68986724,68993263,6739,200,6539,65000,56537,56618,813,813,8382
691,69086597,69086798,69093328,6731,201,6530,65000,56618,56699,811,811,8301
692,69186669,69186872,69193392,6723,203,6520,65000,56699,56778,809,809,8222
693,69286742,69286944,69292437,5695,202,5493,65000,56778,56857,807,807,8143
694,69386794,69386995,69392514,5720,201,5519,65000,56857,56935,804,804,8065
695,69486847,69487049,69492438,5591,202,5389,65000,56935,57012,802,802,7988
696,69586923,69587122,69592444,5521,199,5322,65000,57012,57088,800,800,7912
697,69686976,69687177,69692446,5470,201,5269,65000,57088,57163,798,798,7837
698,69787029,69787230,69792437,5408,201,5207,65000,57163,57237,796,796,7763
699,69887082,69887283,69892433,5351,201,5150,65000,57237,57310,794,794,7690
700,69987134,69987334,69995205,8071,200,7871,65000,57310,57383,792,792,7617
701,70087193,70087395,70092392,5199,202,4997,65000,57383,57455,790,790,7545
702,70187244,70187445,70192441,5197,201,4996,65000,57455,57525,788,788,7475
703,70287302,70287503,70292439,5137,201,4936,65000,57525,57596,787,787,7404
704,70387355,70387556,70392447,5092,201,4891,65000,57596,57665,785,785,7335
705,70487408,70487610,70492450,5042,202,4840,65000,57665,57734,783,783,7266
706,70587461,70587662,70592437,4976,201,4775,65000,57734,57801,781,781,7199
707,70687514,70687716,70692473,4959,202,4757,65000,57801,57868,779,779,7132
708,70787588,70787790,70792477,4889,202,4687,65000,57868,57935,778,778,7065
709,70887641,70887843,70892460,4819,202,4617,65000,57935,58000,776,776,7000
710,70987694,70987896,70992444,4750,202,4548,65000,58000,58065,774,774,6935
711,71087746,71087947,71092449,4703,201,4502,65000,58065,58129,772,772,6871
712,71187799,71188000,71192438,4639,201,4438,65000,58129,58192,771,771,6808
713,71287852,71288053,71292449,4597,201,4396,65000,58192,58255,769,769,6745
714,71387905,71388107,71392447,4542,202,4340,65000,58255,58316,767,767,6684
715,71487959,71488161,71492449,4490,202,4288,65000,58316,58378,766,766,6622
716,71588012,71588213,71592446,4434,201,4233,65000,58378,58438,764,764,6562
717,71688065,71688266,71692444,4379,201,4178,65000,58438,58498,762,762,6502
718,71788117,71788319,71792443,4326,202,4124,65000,58498,58557,761,761,6443
719,71888170,71888371,71892436,4266,201,4065,65000,58557,58615,759,759,6385
720,71988223,71988423,71992462,4239,200,4039,65000,58615,58673,758,758,6327
721,72088300,72088501,72092449,4149,201,3948,65000,58673,58730,756,756,6270
722,72188353,72188584,72192446,4093,231,3862,65000,58730,58786,755,755,6214
723,72288406,72288640,72292451,4045,234,3811,65000,58786,58842,753,753,6158
724,72388459,72388686,72392437,3978,227,3751,65000,58842,58897,752,752,6103
725,72488529,72488732,72492453,3924,203,3721,65000,58897,58952,750,750,6048
726,72588565,72588766,72592443,3878,201,3677,65000,58952,59006,749,749,5994
727,72688617,72688818,72692447,3830,201,3629,65000,59006,59059,747,747,5941
728,72788670,72788872,72792447,3777,202,3575,65000,59059,59111,746,746,5889
729,72888722,72888924,72892438,3716,202,3514,65000,59111,59164,745,745,5836
730,72988775,72988976,72992433,3658,201,3457,65000,59164,59215,743,743,5785
731,73088827,73089027,73092449,3622,200,3422,65000,59215,59266,742,742,5734
732,73188879,73189081,73192451,3572,202,3370,65000,59266,59316,740,740,5684
733,73288931,73289133,73292437,3506,202,3304,65000,59316,59366,739,739,5634
734,73388983,73389185,73392455,3472,202,3270,65000,59366,59415,738,738,5585
735,73489036,73489236,73492481,3445,200,3245,65000,59415,59463,736,736,5537
736,73589089,73589292,73592471,3382,203,3179,65000,59463,59511,735,735,5489
737,73689142,73689343,73692449,3307,201,3106,65000,59511,59559,734,734,5441
738,73789194,73789395,73792440,3246,201,3045,65000,59559,59605,732,732,5395
739,73889247,73889448,73892436,3189,201,2988,65000,59605,59652,731,731,5348
740,73989299,73989500,73992441,3142,201,2941,65000,59652,59697,730,730,5303
741,74089352,74089554,74092450,3098,202,2896,65000,59697,59743,729,729,5257
742,74189404,74189607,74192598,3194,203,2991,65000,59743,59788,728,728,5212
743,74289456,74289658,74292675,3219,202,3017,65000,59788,59832,726,726,5168
744,74389508,74389709,74392754,3246,201,3045,65000,59832,59875,725,725,5125
745,74489574,74489776,74492801,3227,202,3025,65000,59875,59919,724,724,5081
746,74589647,74589849,74592866,3219,202,3017,65000,59919,59961,723,723,5039
747,74689717,74689919,74692942,3225,202,3023,65000,59961,60004,722,722,4996
748,74789807,74790032,74793009,3202,225,2977,65000,60004,60046,721,721,4954
749,74889878,74890101,74893075,3197,223,2974,65000,60046,60087,720,720,4913
750,74989967,74990169,74993154,3187,202,2985,65000,60087,60128,719,719,4872
751,75090024,75090226,75093233,3209,202,3007,65000,60128,60168,717,717,4832
752,75190096,75190297,75193291,3195,201,2994,65000,60168,60208,716,716,4792
753,75290166,75290366,75293357,3191,200,2991,65000,60208,60247,715,715,4753
754,75390218,75390418,75393394,3176,200,2976,65000,60247,60286,714,714,4714
755,75490269,75490470,75493393,3124,201,2923,65000,60286,60325,713,713,4675
756,75590322,75590524,75593413,3091,202,2889,65000,60325,60363,712,712,4637
757,75690374,75690575,75692435,2061,201,1860,65000,60363,60400,711,711,4600
758,75790425,75790627,75802376,11951,202,11749,65000,60400,60438,710,710,4562
759,75890502,75890702,75902441,11939,200,11739,65000,60438,60474,709,709,4526
760,75990559,75990761,76002454,11895,202,11693,65000,60474,60511,708,708,4489
761,76090612,76090812,76102463,11851,200,11651,65000,60511,60547,707,707,4453
762,76190664,76190866,76202480,11816,202,11614,65000,60547,60582,706,706,4418
763,76290717,76290919,76302461,11744,202,11542,65000,60582,60617,705,705,4383
764,76390769,76390971,76402440,11671,202,11469,65000,60617,60652,704,704,4348
765,76490821,76491023,76502467,11646,202,11444,65000,60652,60686,703,703,4314
766,76590889,76591091,76602442,11553,202,11351,65000,60686,60720,703,703,4280
767,76690943,76691146,76702433,11490,203,11287,65000,60720,60754,702,702,4246
768,76790998,76791198,76802455,11457,200,11257,65000,60754,60787,701,701,4213
769,76891050,76891251,76902444,11394,201,11193,65000,60787,60820,700,700,4180
770,76991105,76991306,77002436,11331,201,11130,65000,60820,60852,699,699,4148
771,77091159,77091362,77102454,11295,203,11092,65000,60852,60885,698,698,4115
772,77191214,77191415,77202445,11231,201,11030,65000,60885,60916,697,697,4084
773,77291267,77291469,77302437,11170,202,10968,65000,60916,60948,697,697,4052
774,77391321,77391522,77402434,11113,201,10912,65000,60948,60979,696,696,4021
775,77491376,77491577,77502448,11072,201,10871,65000,60979,61009,695,695,3991
776,77591430,77591632,77602452,11022,202,10820,65000,61009,61040,694,694,3960
777,77691485,77691686,77702437,10952,201,10751,65000,61040,61070,693,693,3930
778,77791540,77791741,77802445,10905,201,10704,65000,61070,61099,692,692,3901
779,77891594,77891796,77902448,10854,202,10652,65000,61099,61128,692,692,3872
780,77991648,77991850,78002451,10803,202,10601,65000,61128,61157,691,691,3843
781,78091702,78091902,78102439,10737,200,10537,65000,61157,61186,690,690,3814
782,78191755,78191956,78202468,10713,201,10512,65000,61186,61214,689,689,3786
783,78291829,78292029,78302471,10642,200,10442,65000,61214,61242,689,689,3758
784,78391882,78392085,78402459,10577,203,10374,65000,61242,61270,688,688,3730
785,78491936,78492137,78502445,10509,201,10308,65000,61270,61297,687,687,3703
786,78591990,78592191,78602451,10461,201,10260,65000,61297,61324,686,686,3676
787,78692044,78692246,78702440,10396,202,10194,65000,61324,61351,686,686,3649
788,78792098,78792299,78802457,10359,201,10158,65000,61351,61377,685,685,3623
789,78892151,78892352,78902446,10295,201,10094,65000,61377,61403,684,684,3597
790,78992205,78992406,79002443,10238,201,10037,65000,61403,61429,683,683,3571
791,79092259,79092461,79102447,10188,202,9986,65000,61429,61454,683,683,3546
792,79192313,79192515,79202445,10132,202,9930,65000,61454,61480,682,682,3520
793,79292367,79292567,79302451,10084,200,9884,65000,61480,61504,681,681,3496
794,79392421,79392622,79402441,10020,201,9819,65000,61504,61529,681,681,3471
795,79492475,79492676,79502441,9966,201,9765,65000,61529,61553,680,680,3447
796,79592528,79592760,79602445,9917,232,9685,65000,61553,61577,680,680,3423
797,79692582,79692816,79702448,9866,234,9632,65000,61577,61601,679,679,3399
798,79792636,79792869,79802440,9804,233,9571,65000,61601,61625,678,678,3375
799,79892690,79892916,79902447,9757,226,9531,65000,61625,61648,677,677,3352
800,79992759,79992961,80006138,13379,202,13177,65000,61648,61671,677,677,3329
801,80092818,80093020,80102390,9572,202,9370,65000,61671,61693,676,676,3307
802,80192869,80193070,80202441,9572,201,9371,65000,61693,61716,676,676,3284
803,80292925,80293126,80302443,9518,201,9317,65000,61716,61738,675,675,3262
804,80392979,80393180,80402451,9472,201,9271,65000,61738,61760,675,675,3240
805,80493032,80493233,80502439,9407,201,9206,65000,61760,61782,674,674,3218
806,80593084,80593286,80602451,9367,202,9165,65000,61782,61803,673,673,3197
807,80693138,80693338,80702453,9315,200,9115,65000,61803,61824,673,673,3176
808,80793190,80793392,80802438,9248,202,9046,65000,61824,61845,672,672,3155
809,80893241,80893443,80902456,9215,202,9013,65000,61845,61866,672,672,3134
810,80993295,80993497,81002471,9176,202,8974,65000,61866,61886,671,671,3114
811,81093347,81093549,81102462,9115,202,8913,65000,61886,61907,671,671,3093
812,81193400,81193601,81202454,9054,201,8853,65000,61907,61927,670,670,3073
813,81293452,81293653,81302442,8990,201,8789,65000,61927,61946,670,670,3054
814,81393505,81393706,81402446,8941,201,8740,65000,61946,61966,669,669,3034
815,81493557,81493759,81502445,8888,202,8686,65000,61966,61985,668,668,3015
816,81593609,81593810,81602457,8848,201,8647,65000,61985,62004,668,668,2996
817,81693662,81693864,81702446,8784,202,8582,65000,62004,62023,668,668,2977
818,81793714,81793917,81802450,8736,203,8533,65000,62023,62042,667,667,2958
819,81893767,81898885,81902449,8682,5118,3564,65000,62042,62060,666,666,2940
820,81993819,81994021,82002461,8642,202,8440,65000,62060,62079,666,666,2921
821,82093872,82094074,82102448,8576,202,8374,65000,62079,62096,665,665,2904
822,82193925,82194126,82202447,8522,201,8321,65000,62096,62114,665,665,2886
823,82293978,82294180,82302447,8469,202,8267,65000,62114,62132,665,665,2868
824,82394030,82394231,82402449,8419,201,8218,65000,62132,62149,664,664,2851
825,82494083,82494284,82502440,8357,201,8156,65000,62149,62167,664,664,2833
826,82594136,82594337,82602426,8290,201,8089,65000,62167,62184,663,663,2816
827,82694188,82694390,82702446,8258,202,8056,65000,62184,62201,663,663,2799
828,82794242,82794443,82802442,8200,201,7999,65000,62201,62217,662,662,2783
829,82894295,82894496,82902435,8140,201,7939,65000,62217,62234,662,662,2766
830,82994347,82994548,83002455,8108,201,7907,65000,62234,62250,661,661,2750
831,83094399,83094601,83102444,8045,202,7843,65000,62250,62266,661,661,2734
832,83194451,83194653,83202449,7998,202,7796,65000,62266,62282,661,661,2718
833,83294504,83294705,83302446,7942,201,7741,65000,62282,62298,660,660,2702
834,83394558,83394759,83402453,7895,201,7694,65000,62298,62313,660,660,2687
835,83494609,83494811,83502441,7832,202,7630,65000,62313,62328,659,659,2672
836,83594661,83594862,83602434,7773,201,7572,65000,62328,62344,659,659,2656
837,83694714,83694915,83702472,7758,201,7557,65000,62344,62358,658,658,2642
838,83794789,83794991,83802474,7685,202,7483,65000,62358,62373,658,658,2627
839,83894841,83895043,83902459,7618,202,7416,65000,62373,62388,658,658,2612
840,83994893,83995096,84002451,7558,203,7355,65000,62388,62402,657,657,2598
841,84094945,84095146,84102440,7495,201,7294,65000,62402,62417,657,657,2583
842,84194998,84195200,84202445,7447,202,7245,65000,62417,62431,656,656,2569
843,84295051,84295252,84302448,7397,201,7196,65000,62431,62445,656,656,2555
844,84395104,84395305,84402439,7335,201,7134,65000,62445,62459,656,656,2541
845,84495156,84495357,84502437,7281,201,7080,65000,62459,62472,655,655,2528
846,84595208,84595409,84602434,7226,201,7025,65000,62472,62486,655,655,2514
847,84695261,84695462,84702448,7187,201,6986,65000,62486,62499,655,655,2501
848,84795315,84795517,84802454,7139,202,6937,65000,62499,62512,654,654,2488
849,84895368,84895568,84902441,7073,200,6873,65000,62512,62525,654,654,2475
850,84995421,84995622,85002448,7027,201,6826,65000,62525,62538,654,654,2462
851,85095474,85095675,85102448,6974,201,6773,65000,62538,62516,653,653,2484
852,85195527,85195728,85202442,6915,201,6714,65000,62516,62496,660,660,2504
853,85295580,85295781,85302448,6868,201,6667,65000,62496,62476,661,661,2524
854,85395633,85395835,85402445,6812,202,6610,65000,62476,62456,662,662,2544
855,85495685,85495886,85502443,6758,201,6557,65000,62456,62437,662,662,2563
856,85595738,85595940,85602445,6707,202,6505,65000,62437,62418,663,663,2582
857,85695790,85695992,85702440,6650,202,6448,65000,62418,62399,663,663,2601
858,85795844,85796044,85802453,6609,200,6409,65000,62399,62380,664,664,2620
859,85895897,85896099,85902443,6546,202,6344,65000,62380,62361,664,664,2639
860,85995949,85996151,86002433,6484,202,6282,65000,62361,62343,665,665,2657
861,86096002,86096202,86102446,6444,200,6244,65000,62343,62325,665,665,2675
862,86196077,86196278,86202445,6368,201,6167,65000,62325,62307,666,666,2693
863,86296129,86296330,86302437,6308,201,6107,65000,62307,62289,666,666,2711
864,86396182,86396383,86402461,6279,201,6078,65000,62289,62272,667,667,2728
865,86496236,86496437,86502469,6233,201,6032,65000,62272,62255,667,667,2745
866,86596289,86596491,86602468,6179,202,5977,65000,62255,62238,667,667,2762
867,86696342,86696543,86702450,6108,201,5907,65000,62238,62221,668,668,2779
868,86796395,86796597,86802450,6055,202,5853,65000,62221,62204,668,668,2796
869,86896447,86896647,86902439,5992,200,5792,65000,62204,62187,669,669,2813
870,86996499,86996702,87002442,5943,203,5740,65000,62187,62171,669,669,2829
871,87096553,87096755,87102446,5893,202,5691,65000,62171,62155,670,670,2845
872,87196606,87196807,87202448,5842,201,5641,65000,62155,62139,670,670,2861
873,87296659,87296860,87302438,5779,201,5578,65000,62139,62123,671,671,2877
874,87396711,87396913,87402447,5736,202,5534,65000,62123,62107,671,671,2893
875,87496765,87496967,87502445,5680,202,5478,65000,62107,62092,671,671,2908
876,87596817,87597018,87602447,5630,201,5429,65000,62092,62077,672,672,2923
877,87696870,87697073,87702447,5577,203,5374,65000,62077,62062,672,672,2938
878,87796923,87797124,87802450,5527,201,5326,65000,62062,62047,673,673,2953
879,87896976,87897177,87902453,5477,201,5276,65000,62047,62032,673,673,2968
880,87997028,87997229,88002440,5412,201,5211,65000,62032,62017,673,673,2983
881,88097081,88097281,88102450,5369,200,5169,65000,62017,62003,674,674,2997
882,88197134,88197336,88202445,5311,202,5109,65000,62003,61989,674,674,3011
883,88297187,88297389,88302442,5255,202,5053,65000,61989,61974,674,674,3026
884,88397240,88397440,88402438,5198,200,4998,65000,61974,61961,675,675,3039
885,88497292,88497493,88502441,5149,201,4948,65000,61961,61947,675,675,3053
886,88597345,88597546,88602449,5104,201,4903,65000,61947,61933,676,676,3067
887,88697397,88697598,88702439,5042,201,4841,65000,61933,61920,676,676,3080
888,88797450,88797652,88802436,4986,202,4784,65000,61920,61906,676,676,3094
889,88897502,88897703,88902445,4943,201,4742,65000,61906,61893,677,677,3107
890,88997556,88997758,89002449,4893,202,4691,65000,61893,61880,677,677,3120
891,89097610,89097811,89102436,4826,201,4625,65000,61880,61867,677,677,3133
892,89197663,89197866,89202483,4820,203,4617,65000,61867,61855,678,678,3145
893,89297739,89297940,89302472,4733,201,4532,65000,61855,61842,678,678,3158
894,89397791,89397992,89402461,4670,201,4469,65000,61842,61830,678,678,3170
895,89497844,89498047,89502444,4600,203,4397,65000,61830,61817,679,679,3183
896,89597897,89598098,89602449,4552,201,4351,65000,61817,61805,679,679,3195
897,89697950,89698151,89702437,4487,201,4286,65000,61805,61793,679,679,3207
898,89798002,89798205,89802447,4445,203,4242,65000,61793,61781,680,680,3219
899,89898056,89898256,89902450,4394,200,4194,65000,61781,61770,680,680,3230
900,89998109,89998310,90005178,7069,201,6868,65000,61770,61758,680,680,3242
901,90098166,90098369,90102390,4224,203,4021,65000,61758,61747,681,681,3253
902,90198218,90198419,90202443,4225,201,4024,65000,61747,61735,681,681,3265
903,90298274,90298475,90302443,4169,201,3968,65000,61735,61724,681,681,3276
904,90398327,90398558,90402431,4104,231,3873,65000,61724,61713,682,682,3287
905,90498380,90498611,90502446,4066,231,3835,65000,61713,61702,682,682,3298
906,90598433,90598660,90602445,4012,227,3785,65000,61702,61691,682,682,3309
907,90698486,90698707,90702449,3963,221,3742,65000,61691,61681,682,682,3319
908,90798540,90798741,90802448,3908,201,3707,65000,61681,61670,683,683,3330
909,90898592,90898794,90902461,3869,202,3667,65000,61670,61660,683,683,3340
910,90998644,90998846,91002449,3805,202,3603,65000,61660,61649,683,683,3351
911,91098697,91098898,91102443,3746,201,3545,65000,61649,61639,684,684,3361
912,91198749,91198950,91202440,3691,201,3490,65000,61639,61629,684,684,3371
913,91298801,91299002,91302434,3633,201,3432,65000,61629,61619,684,684,3381
914,91398854,91399055,91402455,3601,201,3400,65000,61619,61609,684,684,3391
915,91498906,91499108,91502460,3554,202,3352,65000,61609,61599,685,685,3401
916,91598958,91599160,91602606,3648,202,3446,65000,61599,61590,685,685,3410
917,91699010,91699210,91702690,3680,200,3480,65000,61590,61580,685,685,3420
918,91799061,91799262,91802737,3676,201,3475,65000,61580,61571,685,685,3429
919,91899133,91899335,91902823,3690,202,3488,65000,61571,61562,686,686,3438
920,91999204,91999406,92002874,3670,202,3468,65000,61562,61552,686,686,3448
921,92099255,92099456,92102939,3684,201,3483,65000,61552,61543,686,686,3457
922,92199308,92199509,92203013,3705,201,3504,65000,61543,61534,686,686,3466
923,92299398,92299599,92303075,3677,201,3476,65000,61534,61525,687,687,3475
924,92399480,92399681,92403153,3673,201,3472,65000,61525,61517,687,687,3483
925,92499567,92499768,92503223,3656,201,3455,65000,61517,61508,687,687,3492
926,92599656,92599857,92603288,3632,201,3431,65000,61508,61499,687,687,3501
927,92699726,92699928,92703345,3619,202,3417,65000,61499,61491,688,688,3509
928,92799795,92800021,92803386,3591,226,3365,65000,61491,61483,688,688,3517
929,92899847,92900075,92903395,3548,228,3320,65000,61483,61474,688,688,3526
930,92999898,93000119,93003392,3494,221,3273,65000,61474,61466,688,688,3534
931,93099964,93100166,93103388,3424,202,3222,65000,61466,61458,688,688,3542
932,93200001,93200202,93203393,3392,201,3191,65000,61458,61450,689,689,3550
933,93300053,93300254,93303393,3340,201,3139,65000,61450,61442,689,689,3558
934,93400104,93400306,93403393,3289,202,3087,65000,61442,61434,689,689,3566
935,93500157,93500358,93503386,3229,201,3028,65000,61434,61426,689,689,3574
936,93600208,93600409,93603399,3191,201,2990,65000,61426,61419,690,690,3581
937,93700260,93700462,93703390,3130,202,2928,65000,61419,61411,690,690,3589
938,93800311,93800513,93803393,3082,202,2880,65000,61411,61404,690,690,3596
939,93900362,93900564,93902422,2060,202,1858,65000,61404,61397,690,690,3603
940,94000414,94000616,94012420,12006,202,11804,65000,61397,61389,690,690,3611
941,94100467,94100668,94112465,11998,201,11797,65000,61389,61382,691,691,3618
942,94200522,94200724,94212464,11942,202,11740,65000,61382,61375,691,691,3625
943,94300575,94300776,94312457,11882,201,11681,65000,61375,61368,691,691,3632
944,94400627,94400829,94412465,11838,202,11636,65000,61368,61361,691,691,3639
945,94500680,94500881,94512465,11785,201,11584,65000,61361,61354,691,691,3646
946,94600731,94600934,94612464,11733,203,11530,65000,61354,61347,691,691,3653
947,94700784,94700986,94712445,11661,202,11459,65000,61347,61341,692,692,3659
948,94800837,94801039,94812468,11631,202,11429,65000,61341,61334,692,692,3666
949,94900890,94901092,94912439,11549,202,11347,65000,61334,61327,692,692,3673
950,95000944,95001145,95012444,11500,201,11299,65000,61327,61321,692,692,3679
951,95100997,95101200,95112441,11444,203,11241,65000,61321,61349,692,692,3651
952,95201053,95201253,95212443,11390,200,11190,65000,61349,61376,685,685,3624
953,95301107,95301308,95312447,11340,201,11139,65000,61376,61402,684,684,3598
954,95401161,95401364,95412450,11289,203,11086,65000,61402,61428,684,684,3572
955,95501215,95501417,95512440,11225,202,11023,65000,61428,61453,683,683,3547
956,95601270,95606380,95612455,11185,5110,6075,65000,61453,61478,682,682,3522
957,95701324,95701526,95712445,11121,202,10919,65000,61478,61503,682,682,3497
958,95801378,95801580,95812452,11074,202,10872,65000,61503,61528,681,681,3472
959,95901432,95901634,95912439,11007,202,10805,65000,61528,61552,680,680,3448
960,96001487,96001689,96012450,10963,202,10761,65000,61552,61576,680,680,3424
961,96101541,96101742,96112452,10911,201,10710,65000,61576,61600,679,679,3400
962,96201595,96201797,96212438,10843,202,10641,65000,61600,61624,678,678,3376
963,96301650,96301851,96312444,10794,201,10593,65000,61624,61647,678,678,3353
964,96401705,96401906,96412451,10746,201,10545,65000,61647,61670,677,677,3330
965,96501759,96501961,96512440,10681,202,10479,65000,61670,61693,676,676,3307
966,96601814,96602015,96612447,10633,201,10432,65000,61693,61715,676,676,3285
967,96701868,96702071,96712466,10598,203,10395,65000,61715,61737,675,675,3263
968,96801922,96802124,96812464,10542,202,10340,65000,61737,61759,675,675,3241
969,96901976,96902178,96912470,10494,202,10292,65000,61759,61781,674,674,3219
970,97002030,97002232,97012447,10417,202,10215,65000,61781,61802,673,673,3198
971,97102084,97102286,97112450,10366,202,10164,65000,61802,61824,673,673,3176
972,97202138,97202339,97212439,10301,201,10100,65000,61824,61844,672,672,3156
973,97302193,97302395,97312458,10265,202,10063,65000,61844,61865,672,672,3135
974,97402246,97402447,97412446,10200,201,9999,65000,61865,61886,671,671,3114
975,97502301,97502503,97512451,10150,202,9948,65000,61886,61906,671,671,3094
976,97602356,97602557,97612441,10085,201,9884,65000,61906,61926,670,670,3074
977,97702409,97702611,97712458,10049,202,9847,65000,61926,61946,670,670,3054
978,97802463,97802665,97812447,9984,202,9782,65000,61946,61965,669,669,3035
979,97902517,97902742,97912438,9921,225,9696,65000,61965,61985,669,669,3015
980,98002571,98002805,98012434,9863,234,9629,65000,61985,62004,668,668,2996
981,98102625,98102857,98112441,9816,232,9584,65000,62004,62023,668,668,2977
982,98202679,98202905,98212441,9762,226,9536,65000,62023,62042,667,667,2958
983,98302747,98302948,98312433,9686,201,9485,65000,62042,62060,666,666,2940
984,98402801,98403003,98412455,9654,202,9452,65000,62060,62078,666,666,2922
985,98502854,98503056,98512445,9591,202,9389,65000,62078,62096,666,666,2904
986,98602907,98603109,98612437,9530,202,9328,65000,62096,62114,665,665,2886
987,98702960,98703161,98712433,9473,201,9272,65000,62114,62132,665,665,2868
988,98803012,98803215,98812444,9432,203,9229,65000,62132,62149,664,664,2851
989,98903066,98903267,98912447,9381,201,9180,65000,62149,62167,664,664,2833
990,99003118,99003320,99012438,9320,202,9118,65000,62167,62184,663,663,2816
991,99103171,99103373,99112456,9285,202,9083,65000,62184,62200,663,663,2800
992,99203224,99203425,99212445,9221,201,9020,65000,62200,62217,662,662,2783
993,99303277,99303479,99312438,9161,202,8959,65000,62217,62234,662,662,2766
994,99403330,99403531,99412448,9118,201,8917,65000,62234,62250,661,661,2750
995,99503383,99503584,99512469,9086,201,8885,65000,62250,62266,661,661,2734
996,99603436,99603638,99612474,9038,202,8836,65000,62266,62282,661,661,2718
997,99703488,99703690,99712450,8962,202,8760,65000,62282,62297,660,660,2703
998,99803540,99803742,99812440,8900,202,8698,65000,62297,62313,660,660,2687
999,99903592,99903794,99912442,8850,202,8648,65000,62313,62328,659,659,2672
1000,100003645,100003847,100015221,11576,202,11374,65000,62328,62344,659,659,2656
1001,100103703,100103906,100112397,8694,203,8491,65000,62344,62358,658,658,2642
1002,100203755,100203957,100212443,8688,202,8486,65000,62358,62373,658,658,2627
1003,100303831,100304032,100312440,8609,201,8408,65000,62373,62388,658,658,2612
1004,100403884,100404084,100412455,8571,200,8371,65000,62388,62402,657,657,2598
1005,100503958,100504160,100512456,8498,202,8296,65000,62402,62417,657,657,2583
1006,100604011,100604212,100612443,8432,201,8231,65000,62417,62431,656,656,2569
1007,100704064,100704267,100712437,8373,203,8170,65000,62431,62445,656,656,2555
1008,100804117,100804318,100812448,8331,201,8130,65000,62445,62459,656,656,2541
1009,100904169,100904370,100912452,8283,201,8082,65000,62459,62472,655,655,2528
1010,101004222,101004423,101012439,8217,201,8016,65000,62472,62486,655,655,2514
1011,101104274,101104476,101112435,8161,202,7959,65000,62486,62499,655,655,2501
1012,101204327,101204529,101212446,8119,202,7917,65000,62499,62512,654,654,2488
1013,101304380,101304582,101312450,8070,202,7868,65000,62512,62525,654,654,2475
1014,101404433,101404634,101412436,8003,201,7802,65000,62525,62538,654,654,2462
1015,101504486,101504687,101512446,7960,201,7759,65000,62538,62551,653,653,2449
1016,101604540,101604741,101612445,7905,201,7704,65000,62551,62564,653,653,2436
1017,101704593,101704794,101712446,7853,201,7652,65000,62564,62576,653,653,2424
1018,101804645,101804847,101812446,7801,202,7599,65000,62576,62589,652,652,2411
1019,101904698,101904900,101912452,7754,202,7552,65000,62589,62601,652,652,2399
1020,102004751,102004953,102012442,7691,202,7489,65000,62601,62613,652,652,2387
1021,102104804,102105006,102112449,7645,202,7443,65000,62613,62625,651,651,2375
1022,102204857,102205059,102212476,7619,202,7417,65000,62625,62636,651,651,2364
1023,102304911,102305113,102312479,7568,202,7366,65000,62636,62648,651,651,2352
1024,102404964,102405167,102412462,7498,203,7295,65000,62648,62660,650,650,2340
1025,102505017,102505243,102512445,7428,226,7202,65000,62660,62671,650,650,2329
1026,102605069,102605270,102612450,7381,201,7180,65000,62671,62682,650,650,2318
1027,102705122,102705323,102712439,7317,201,7116,65000,62682,62694,650,650,2306
1028,102805174,102805375,102812454,7280,201,7079,65000,62694,62705,649,649,2295
1029,102905228,102905429,102912444,7216,201,7015,65000,62705,62715,649,649,2285
1030,103005279,103005480,103012439,7160,201,6959,65000,62715,62726,649,649,2274
1031,103105332,103105534,103112433,7101,202,6899,65000,62726,62737,648,648,2263
1032,103205385,103205588,103212444,7059,203,6856,65000,62737,62747,648,648,2253
1033,103305438,103305640,103312442,7004,202,6802,65000,62747,62758,648,648,2242
1034,103405491,103405691,103412449,6958,200,6758,65000,62758,62768,647,647,2232
1035,103505544,103505746,103512452,6908,202,6706,65000,62768,62778,647,647,2222
1036,103605597,103605798,103612446,6849,201,6648,65000,62778,62788,647,647,2212
1037,103705649,103705849,103712454,6805,200,6605,65000,62788,62798,647,647,2202
1038,103805703,103805905,103812442,6739,202,6537,65000,62798,62808,646,646,2192
1039,103905755,103905956,103912435,6680,201,6479,65000,62808,62817,646,646,2183
1040,104005808,104006010,104012444,6636,202,6434,65000,62817,62827,646,646,2173
1041,104105862,104106062,104112448,6586,200,6386,65000,62827,62837,646,646,2163
1042,104205914,104206115,104212436,6522,201,6321,65000,62837,62846,645,645,2154
1043,104305967,104306169,104312454,6487,202,6285,65000,62846,62855,645,645,2145
1044,104406021,104406222,104412443,6422,201,6221,65000,62855,62864,645,645,2136
1045,104506073,104506275,104512447,6374,202,6172,65000,62864,62873,645,645,2127
1046,104606126,104606327,104612447,6321,201,6120,65000,62873,62882,644,644,2118
1047,104706179,104706380,104712439,6260,201,6059,65000,62882,62891,644,644,2109
1048,104806231,104806433,104812447,6216,202,6014,65000,62891,62900,644,644,2100
1049,104906285,104906486,104912452,6167,201,5966,65000,62900,62908,644,644,2092
1050,105006338,105006540,105012474,6136,202,5934,65000,62908,62917,644,644,2083
1051,105106392,105106594,105112477,6085,202,5883,65000,62917,62925,643,643,2075
1052,105206445,105206646,105212447,6002,201,5801,65000,62925,62934,643,643,2066
1053,105306497,105306699,105312449,5952,202,5750,65000,62934,62942,643,643,2058
1054,105406550,105406751,105412439,5889,201,5688,65000,62942,62950,643,643,2050
1055,105506602,105506803,105512453,5851,201,5650,65000,62950,62958,642,642,2042
1056,105606656,105606857,105612444,5788,201,5587,65000,62958,62966,642,642,2034
1057,105706708,105706909,105712437,5729,201,5528,65000,62966,62974,642,642,2026
1058,105806761,105806962,105812435,5674,201,5473,65000,62974,62982,642,642,2018
1059,105906813,105907014,105912455,5642,201,5441,65000,62982,62990,641,641,2010
1060,106006866,106007067,106012444,5578,201,5377,65000,62990,62997,641,641,2003
1061,106106918,106107119,106112436,5518,201,5317,65000,62997,63005,641,641,1995
1062,106206973,106207173,106212445,5472,200,5272,65000,63005,63012,641,641,1988
1063,106307026,106307226,106312451,5425,200,5225,65000,63012,63020,641,641,1980
1064,106407079,106407280,106412439,5360,201,5159,65000,63020,63027,640,640,1973
1065,106507130,106507331,106512437,5307,201,5106,65000,63027,63034,640,640,1966
1066,106607183,106607384,106612457,5274,201,5073,65000,63034,63041,640,640,1959
1067,106707237,106707440,106712450,5213,203,5010,65000,63041,63048,640,640,1952
1068,106807290,106807492,106812455,5165,202,4963,65000,63048,63055,640,640,1945
1069,106907343,106907545,106912445,5102,202,4900,65000,63055,63062,640,640,1938
1070,107007396,107007597,107012438,5042,201,4841,65000,63062,63068,639,639,1932
1071,107107449,107107651,107112459,5010,202,4808,65000,63068,63075,639,639,1925
1072,107207503,107207704,107212462,4959,201,4758,65000,63075,63082,639,639,1918
1073,107307555,107307756,107312447,4892,201,4691,65000,63082,63088,639,639,1912
1074,107407608,107407809,107412454,4846,201,4645,65000,63088,63095,639,639,1905
1075,107507662,107507864,107512444,4782,202,4580,65000,63095,63101,638,638,1899
1076,107607714,107607917,107612429,4715,203,4512,65000,63101,63107,638,638,1893
1077,107707766,107707969,107712463,4697,203,4494,65000,63107,63114,638,638,1886
1078,107807840,107808041,107812438,4598,201,4397,65000,63114,63120,638,638,1880
1079,107907892,107908094,107912443,4551,202,4349,65000,63120,63126,638,638,1874
1080,108007945,108008146,108012445,4500,201,4299,65000,63126,63132,638,638,1868
1081,108107997,108108200,108112451,4454,203,4251,65000,63132,63138,638,638,1862
1082,108208051,108208254,108212441,4390,203,4187,65000,63138,63144,637,637,1856
1083,108308104,108308305,108312447,4343,201,4142,65000,63144,63150,637,637,1850
1084,108408157,108408358,108412451,4294,201,4093,65000,63150,63156,637,637,1844
1085,108508209,108508411,108512436,4227,202,4025,65000,63156,63161,637,637,1839
1086,108608261,108608463,108612441,4180,202,3978,65000,63161,63167,637,637,1833
1087,108708314,108708541,108712450,4136,227,3909,65000,63167,63173,637,637,1827
1088,108808367,108808596,108812439,4072,229,3843,65000,63173,63178,636,636,1822
1089,108908418,108908651,108912448,4030,233,3797,65000,63178,63183,636,636,1817
1090,109008472,109008696,109012448,3976,224,3752,65000,63183,63189,636,636,1811
1091,109108538,109113692,109122392,13854,5154,8700,65000,63189,63194,636,636,1806
1092,109208590,109208792,109212388,3798,202,3596,65000,63194,63199,636,636,1801
1093,109308644,109308845,109312442,3798,201,3597,65000,63199,63205,636,636,1795
1094,109408699,109408900,109412450,3751,201,3550,65000,63205,63210,635,635,1790
1095,109508751,109508953,109512440,3689,202,3487,65000,63210,63215,635,635,1785
1096,109608804,109609005,109612447,3643,201,3442,65000,63215,63220,635,635,1780
1097,109708856,109709058,109712463,3607,202,3405,65000,63220,63225,635,635,1775
1098,109808909,109809111,109812467,3558,202,3356,65000,63225,63229,635,635,1771
1099,109908962,109909164,109912458,3496,202,3294,65000,63229,63234,635,635,1766
1100,110009014,110009216,110016181,7167,202,6965,65000,63234,63239,635,635,1761
1101,110109071,110109272,110112389,3318,201,3117,65000,63239,63244,635,635,1756
1102,110209122,110209325,110212435,3313,203,3110,65000,63244,63249,635,635,1751
1103,110309197,110309398,110312455,3258,201,3057,65000,63249,63253,634,634,1747
1104,110409249,110409450,110412442,3193,201,2992,65000,63253,63258,634,634,1742
1105,110509301,110509503,110512437,3136,202,2934,65000,63258,63262,634,634,1738
1106,110609354,110609555,110612435,3081,201,2880,65000,63262,63267,634,634,1733
1107,110709407,110709607,110712585,3178,200,2978,65000,63267,63271,634,634,1729
1108,110809460,110809661,110812648,3188,201,2987,65000,63271,63276,634,634,1724
1109,110909515,110909716,110912712,3197,201,2996,65000,63276,63280,634,634,1720
1110,111009570,111009771,111012788,3218,201,3017,65000,63280,63285,634,634,1715
1111,111109659,111109860,111112854,3195,201,2994,65000,63285,63289,633,633,1711
1112,111209731,111209932,111212920,3189,201,2988,65000,63289,63293,633,633,1707
1113,111309802,111310028,111312985,3183,226,2957,65000,63293,63297,633,633,1703
1114,111409873,111410096,111413061,3188,223,2965,65000,63297,63301,633,633,1699
1115,111509971,111510170,111513127,3156,199,2957,65000,63301,63305,633,633,1695
1116,111610027,111610229,111613203,3176,202,2974,65000,63305,63309,633,633,1691
1117,111710097,111710298,111713293,3196,201,2995,65000,63309,63313,633,633,1687
1118,111810168,111810370,111813344,3176,202,2974,65000,63313,63317,633,633,1683
1119,111910239,111910441,111913390,3151,202,2949,65000,63317,63321,633,633,1679
1120,112010291,112010493,112013388,3097,202,2895,65000,63321,63325,632,632,1675
1121,112110343,112110544,112112381,2038,201,1837,65000,63325,63328,632,632,1672
1122,112210394,112210595,112212488,2094,201,1893,65000,63328,63332,632,632,1668
1123,112310445,112310646,112322442,11997,201,11796,65000,63332,63335,632,632,1665
1124,112410497,112410698,112422460,11963,201,11762,65000,63335,63339,632,632,1661
1125,112510550,112510751,112522482,11932,201,11731,65000,63339,63343,632,632,1657
1126,112610603,112610804,112622486,11883,201,11682,65000,63343,63346,632,632,1654
1127,112710655,112710857,112722466,11811,202,11609,65000,63346,63350,632,632,1650
1128,112810711,112810913,112822457,11746,202,11544,65000,63350,63353,632,632,1647
1129,112910763,112910965,112922446,11683,202,11481,65000,63353,63357,632,632,1643
1130,113010816,113011017,113022463,11647,201,11446,65000,63357,63360,631,631,1640
1131,113110867,113111070,113122445,11578,203,11375,65000,63360,63363,631,631,1637
1132,113210925,113211126,113222452,11527,201,11326,65000,63363,63367,631,631,1633
1133,113310979,113311179,113322438,11459,200,11259,65000,63367,63370,631,631,1630
1134,113411033,113411235,113422446,11413,202,11211,65000,63370,63373,631,631,1627
1135,113511087,113511288,113522446,11359,201,11158,65000,63373,63376,631,631,1624
1136,113611141,113611342,113622440,11299,201,11098,65000,63376,63379,631,631,1621
1137,113711195,113711396,113722447,11252,201,11051,65000,63379,63383,631,631,1617
1138,113811249,113811451,113822444,11195,202,10993,65000,63383,63386,631,631,1614
1139,113911302,113911504,113922441,11139,202,10937,65000,63386,63389,631,631,1611
1140,114011356,114011558,114022447,11091,202,10889,65000,63389,63392,631,631,1608
1141,114111410,114111613,114122440,11030,203,10827,65000,63392,63395,631,631,1605
1142,114211465,114211666,114222443,10978,201,10777,65000,63395,63398,631,631,1602
1143,114311519,114311720,114322443,10924,201,10723,65000,63398,63401,630,630,1599
1144,114411573,114411776,114422445,10872,203,10669,65000,63401,63404,630,630,1596
1145,114511627,114511828,114522447,10820,201,10619,65000,63404,63407,630,630,1593
1146,114611682,114611884,114622440,10758,202,10556,65000,63407,63409,630,630,1591
1147,114711737,114711939,114722449,10712,202,10510,65000,63409,63412,630,630,1588
1148,114811790,114811991,114822447,10657,201,10456,65000,63412,63415,630,630,1585
1149,114911843,114912044,114922453,10610,201,10409,65000,63415,63418,630,630,1582
1150,115011898,115012100,115022442,10544,202,10342,65000,63418,63420,630,630,1580
1151,115111952,115112154,115122435,10483,202,10281,65000,63420,63423,630,630,1577
1152,115212006,115212209,115222480,10474,203,10271,65000,63423,63426,630,630,1574
1153,115312083,115312284,115322468,10385,201,10184,65000,63426,63429,630,630,1571
1154,115412136,115412340,115422460,10324,204,10120,65000,63429,63431,630,630,1569
1155,115512191,115512392,115522444,10253,201,10052,65000,63431,63434,630,630,1566
1156,115612246,115612446,115622449,10203,200,10003,65000,63434,63436,629,629,1564
1157,115712299,115712501,115722439,10140,202,9938,65000,63436,63439,629,629,1561
1158,115812352,115812554,115822448,10096,202,9894,65000,63439,63441,629,629,1559
1159,115912406,115912608,115922451,10045,202,9843,65000,63441,63443,629,629,1557
1160,116012461,116012663,116022439,9978,202,9776,65000,63443,63446,629,629,1554
1161,116112515,116112747,116122454,9939,232,9707,65000,63446,63448,629,629,1552
1162,116212569,116212801,116222450,9881,232,9649,65000,63448,63450,629,629,1550
1163,116312623,116312861,116322443,9820,238,9582,65000,63450,63453,629,629,1547
1164,116412677,116412904,116422440,9763,227,9536,65000,63453,63455,629,629,1545
1165,116512745,116512947,116522437,9692,202,9490,65000,63455,63457,629,629,1543
1166,116612798,116612999,116622446,9648,201,9447,65000,63457,63460,629,629,1540
1167,116712851,116713053,116722445,9594,202,9392,65000,63460,63462,629,629,1538
1168,116812903,116813104,116822448,9545,201,9344,65000,63462,63464,629,629,1536
1169,116912957,116913159,116922445,9488,202,9286,65000,63464,63466,629,629,1534
1170,117013009,117013211,117022451,9442,202,9240,65000,63466,63469,629,629,1531
1171,117113063,117113264,117122441,9378,201,9177,65000,63469,63471,628,628,1529
1172,117213115,117213317,117222453,9338,202,9136,65000,63471,63473,628,628,1527
1173,117313168,117313369,117322444,9276,201,9075,65000,63473,63475,628,628,1525
1174,117413220,117413421,117422438,9218,201,9017,65000,63475,63476,628,628,1524
1175,117513272,117513474,117522433,9161,202,8959,65000,63476,63478,628,628,1522
1176,117613327,117613528,117622454,9127,201,8926,65000,63478,63480,628,628,1520
1177,117713379,117713582,117722444,9065,203,8862,65000,63480,63482,628,628,1518
1178,117813431,117813633,117822448,9017,202,8815,65000,63482,63484,628,628,1516
1179,117913485,117913686,117922454,8969,201,8768,65000,63484,63486,628,628,1514
1180,118013537,118013740,118022480,8943,203,8740,65000,63486,63488,628,628,1512
1181,118113608,118113809,118122471,8863,201,8662,65000,63488,63490,628,628,1510
1182,118213660,118213861,118222455,8795,201,8594,65000,63490,63492,628,628,1508
1183,118313713,118313915,118322440,8727,202,8525,65000,63492,63494,628,628,1506
1184,118413765,118413967,118422450,8685,202,8483,65000,63494,63495,628,628,1505
1185,118513818,118514020,118522446,8628,202,8426,65000,63495,63497,628,628,1503
1186,118613871,118614073,118622453,8582,202,8380,65000,63497,63499,628,628,1501
1187,118713925,118714127,118722443,8518,202,8316,65000,63499,63501,628,628,1499
1188,118813977,118814179,118822446,8469,202,8267,65000,63501,63503,628,628,1497
1189,118914030,118914231,118922449,8419,201,8218,65000,63503,63505,628,628,1495
1190,119014082,119014284,119022452,8370,202,8168,65000,63505,63507,628,628,1493
1191,119114135,119114336,119122442,8307,201,8106,65000,63507,63508,628,628,1492
1192,119214188,119214390,119222444,8256,202,8054,65000,63508,63510,628,628,1490
1193,119314241,119314442,119322455,8214,201,8013,65000,63510,63512,627,627,1488
1194,119414294,119414495,119422446,8152,201,7951,65000,63512,63513,627,627,1487
1195,119514347,119514549,119522453,8106,202,7904,65000,63513,63515,627,627,1485
1196,119614400,119614602,119622442,8042,202,7840,65000,63515,63516,627,627,1484
1197,119714452,119714654,119722433,7981,202,7779,65000,63516,63518,627,627,1482
1198,119814504,119814706,119822439,7935,202,7733,65000,63518,63519,627,627,1481
1199,119914557,119914758,119922441,7884,201,7683,65000,63519,63521,627,627,1479
1200,120014610,120014812,120025217,10607,202,10405,65000,63521,63522,627,627,1478
1201,120114668,120114871,120122392,7724,203,7521,50000,63522,63428,285,285,-13428
1202,120214720,120214922,120222439,7719,202,7517,50000,63428,63329,269,269,-13329
1203,120314796,120314996,120322445,7649,200,7449,50000,63329,63231,269,269,-13231
1204,120414848,120415050,120422453,7605,202,7403,50000,63231,63134,270,270,-13134
1205,120514902,120515103,120522441,7539,201,7338,50000,63134,63037,271,271,-13037
1206,120614954,120615155,120622434,7480,201,7279,50000,63037,62941,272,272,-12941
1207,120715007,120715208,120722484,7477,201,7276,50000,62941,62846,273,273,-12846
1208,120815084,120815286,120822474,7390,202,7188,50000,62846,62751,273,273,-12751
1209,120915136,120915338,120922463,7327,202,7125,50000,62751,62657,274,274,-12657
1210,121015188,121015390,121022451,7263,202,7061,50000,62657,62563,275,275,-12563
1211,121115241,121115441,121122439,7198,200,6998,50000,62563,62470,276,276,-12470
1212,121215293,121215495,121222445,7152,202,6950,50000,62470,62378,277,277,-12378
1213,121315346,121315547,121322447,7101,201,6900,50000,62378,62286,278,278,-12286
1214,121415398,121415599,121422453,7055,201,6854,50000,62286,62195,279,279,-12195
1215,121515451,121515652,121522442,6991,201,6790,50000,62195,62105,280,280,-12105
1216,121615503,121615704,121622446,6943,201,6742,50000,62105,62015,281,281,-12015
1217,121715555,121715757,121722451,6896,202,6694,50000,62015,61926,282,282,-11926
1218,121815608,121815810,121822438,6830,202,6628,50000,61926,61837,282,282,-11837
1219,121915660,121915861,121922434,6774,201,6573,50000,61837,61749,283,283,-11749
1220,122015713,122015915,122022454,6741,202,6539,50000,61749,61662,284,284,-11662
1221,122115767,122115968,122122443,6676,201,6475,50000,61662,61575,285,285,-11575
1222,122215819,122216020,122222448,6629,201,6428,50000,61575,61489,286,286,-11489
1223,122315873,122316075,122322449,6576,202,6374,50000,61489,61403,287,287,-11403
1224,122415926,122416127,122422462,6536,201,6335,50000,61403,61318,288,288,-11318
1225,122515980,122521101,122532429,16449,5121,11328,50000,61318,61233,288,288,-11233
1226,122616032,122616235,122622760,6728,203,6525,50000,61233,61149,289,289,-11149
1227,122716084,122716286,122722844,6760,202,6558,50000,61149,61066,290,290,-11066
1228,122816136,122816338,122822890,6754,202,6552,50000,61066,60983,291,291,-10983
1229,122916208,122916409,122922967,6759,201,6558,50000,60983,60901,292,292,-10901
1230,123016280,123016480,123023033,6753,200,6553,50000,60901,60819,292,292,-10819
1231,123116352,123116552,123123099,6747,200,6547,50000,60819,60738,293,293,-10738
1232,123216426,123216627,123223178,6752,201,6551,50000,60738,60657,294,294,-10657
1233,123316481,123316682,123323235,6754,201,6553,50000,60657,60577,295,295,-10577
1234,123416534,123416735,123423345,6811,201,6610,50000,60577,60498,296,296,-10498
1235,123516591,123516792,123523377,6786,201,6585,50000,60498,60419,296,296,-10419
1236,123616644,123616845,123623388,6744,201,6543,50000,60419,60340,297,297,-10340
1237,123716697,123716898,123722419,5722,201,5521,50000,60340,60262,298,298,-10262
1238,123816749,123816949,123822526,5777,200,5577,50000,60262,60185,299,299,-10185
1239,123916800,123917001,123922418,5618,201,5417,50000,60185,60108,299,299,-10108
1240,124016854,124017055,124022449,5595,201,5394,50000,60108,60032,300,300,-10032
1241,124116927,124117138,124122453,5526,211,5315,50000,60032,59956,301,301,-9956
1242,124216979,124217181,124222459,5480,202,5278,50000,59956,59881,302,302,-9881
1243,124317032,124317233,124322441,5409,201,5208,50000,59881,59806,302,302,-9806
1244,124417084,124417285,124422455,5371,201,5170,50000,59806,59731,303,303,-9731
1245,124517138,124517338,124522444,5306,200,5106,50000,59731,59657,304,304,-9657
1246,124617190,124617392,124622439,5249,202,5047,50000,59657,59584,305,305,-9584
1247,124717243,124717444,124722453,5210,201,5009,50000,59584,59511,305,305,-9511
1248,124817297,124817498,124822445,5148,201,4947,50000,59511,59439,306,306,-9439
1249,124917349,124917552,124922449,5100,203,4897,50000,59439,59367,307,307,-9367
1250,125017404,125017605,125022439,5035,201,4834,50000,59367,59296,307,307,-9296
1251,125117457,125117659,125122446,4989,202,4787,50000,59296,59225,308,308,-9225
1252,125217510,125217711,125222450,4940,201,4739,50000,59225,59154,309,309,-9154
1253,125317562,125317763,125322437,4875,201,4674,50000,59154,59084,310,310,-9084
1254,125417614,125417816,125422454,4840,202,4638,50000,59084,59015,310,310,-9015
1255,125517669,125517870,125522471,4802,201,4601,50000,59015,58946,311,311,-8946
1256,125617722,125617924,125622460,4738,202,4536,50000,58946,58877,312,312,-8877
1257,125717775,125717977,125722454,4679,202,4477,50000,58877,58809,312,312,-8809
1258,125817828,125818029,125822443,4615,201,4414,50000,58809,58742,313,313,-8742
1259,125917882,125918083,125922447,4565,201,4364,50000,58742,58674,313,313,-8674
1260,126017935,126018137,126022448,4513,202,4311,50000,58674,58608,314,314,-8608
1261,126117987,126118189,126122448,4461,202,4259,50000,58608,58541,315,315,-8541
1262,126218040,126218242,126222446,4406,202,4204,50000,58541,58476,316,316,-8476
1263,126318094,126318295,126322438,4344,201,4143,50000,58476,58410,316,316,-8410
1264,126418145,126418345,126422435,4290,200,4090,50000,58410,58345,317,317,-8345
1265,126518198,126518400,126522454,4256,202,4054,50000,58345,58281,317,317,-8281
1266,126618252,126618452,126622443,4191,200,3991,50000,58281,58217,318,318,-8217
1267,126718305,126718532,126722434,4129,227,3902,50000,58217,58153,319,319,-8153
1268,126818356,126818589,126822446,4090,233,3857,50000,58153,58090,319,319,-8090
1269,126918409,126918644,126922443,4034,235,3799,50000,58090,58027,320,320,-8027
1270,127018462,127018688,127022434,3972,226,3746,50000,58027,57965,321,321,-7965
1271,127118532,127118734,127122433,3901,202,3699,50000,57965,57903,321,321,-7903
1272,127218568,127218769,127222447,3879,201,3678,50000,57903,57841,322,322,-7841
1273,127318620,127318821,127322449,3829,201,3628,50000,57841,57780,322,322,-7780
1274,127418673,127418874,127422435,3762,201,3561,50000,57780,57720,323,323,-7720
1275,127518726,127518928,127522454,3728,202,3526,50000,57720,57659,323,323,-7659
1276,127618779,127618981,127622444,3665,202,3463,50000,57659,57599,324,324,-7599
1277,127718831,127719034,127722436,3605,203,3402,50000,57599,57540,325,325,-7540
1278,127818883,127819085,127822453,3570,202,3368,50000,57540,57481,325,325,-7481
1279,127918936,127919137,127922445,3509,201,3308,50000,57481,57422,326,326,-7422
1280,128018989,128019190,128022439,3450,201,3249,50000,57422,57364,327,327,-7364
1281,128119041,128119243,128122434,3393,202,3191,50000,57364,57306,327,327,-7306
1282,128219094,128219295,128222476,3382,201,3181,50000,57306,57249,328,328,-7249
1283,128319170,128319371,128322464,3294,201,3093,50000,57249,57191,328,328,-7191
1284,128419222,128419425,128422468,3246,203,3043,50000,57191,57135,329,329,-7135
1285,128519276,128519478,128522448,3172,202,2970,50000,57135,57078,329,329,-7078
1286,128619328,128619529,128622439,3111,201,2910,50000,57078,57022,330,330,-7022
1287,128719381,128719582,128722583,3202,201,3001,50000,57022,56967,330,330,-6967
1288,128819432,128819635,128822672,3240,203,3037,50000,56967,56912,331,331,-6912
1289,128919484,128919685,128922719,3235,201,3034,50000,56912,56857,331,331,-6857
1290,129019555,129019756,129022785,3230,201,3029,50000,56857,56802,332,332,-6802
1291,129119606,129119808,129122851,3245,202,3043,50000,56802,56748,333,333,-6748
1292,129219659,129219861,129222926,3267,202,3065,50000,56748,56694,333,333,-6694
1293,129319749,129319970,129322993,3244,221,3023,50000,56694,56641,334,334,-6641
1294,129419821,129420045,129423058,3237,224,3013,50000,56641,56588,334,334,-6588
1295,129519902,129520124,129523124,3222,222,3000,50000,56588,56536,335,335,-6536
1296,129619993,129620194,129623210,3217,201,3016,50000,56536,56483,335,335,-6483
1297,129720080,129720283,129723275,3195,203,2992,50000,56483,56431,336,336,-6431
1298,129820152,129820354,129823341,3189,202,2987,50000,56431,56380,336,336,-6380
1299,129920222,129920425,129923392,3170,203,2967,50000,56380,56328,336,336,-6328
1300,130020275,130020475,130025223,4948,200,4748,50000,56328,56277,337,337,-6277
1301,130120332,130120533,130123356,3024,201,2823,50000,56277,56227,338,338,-6227
1302,130220383,130220584,130222427,2044,201,1843,50000,56227,56177,338,338,-6177
1303,130320435,130320636,130332452,12017,201,11816,50000,56177,56127,339,339,-6127
1304,130420487,130420688,130432449,11962,201,11761,50000,56127,56077,339,339,-6077
1305,130520539,130520740,130532453,11914,201,11713,50000,56077,56028,340,340,-6028
1306,130620591,130620792,130632461,11870,201,11669,50000,56028,55979,340,340,-5979
1307,130720643,130720844,130732462,11819,201,11618,50000,55979,55931,341,341,-5931
1308,130820695,130820897,130832464,11769,202,11567,50000,55931,55883,341,341,-5883
1309,130920748,130920950,130932471,11723,202,11521,50000,55883,55834,341,341,-5834
1310,131020801,131021004,131032484,11683,203,11480,50000,55834,55787,342,342,-5787
1311,131120853,131121055,131132489,11636,202,11434,50000,55787,55739,342,342,-5739
1312,131220908,131221110,131232455,11547,202,11345,50000,55739,55693,343,343,-5693
1313,131320962,131321163,131332441,11479,201,11278,50000,55693,55646,343,343,-5646
1314,131421015,131421216,131432437,11422,201,11221,50000,55646,55600,344,344,-5600
1315,131521069,131521271,131532439,11370,202,11168,50000,55600,55554,344,344,-5554
1316,131621123,131621324,131632445,11322,201,11121,50000,55554,55508,345,345,-5508
1317,131721176,131721378,131732450,11274,202,11072,50000,55508,55462,345,345,-5462
1318,131821230,131821431,131832439,11209,201,11008,50000,55462,55417,346,346,-5417
1319,131921284,131921486,131932454,11170,202,10968,50000,55417,55373,346,346,-5373
1320,132021338,132021539,132032457,11119,201,10918,50000,55373,55328,346,346,-5328
1321,132121392,132121593,132132444,11052,201,10851,50000,55328,55284,347,347,-5284
1322,132221446,132221647,132232447,11001,201,10800,50000,55284,55240,347,347,-5240
1323,132321500,132321701,132332445,10945,201,10744,50000,55240,55196,348,348,-5196
1324,132421554,132421755,132432445,10891,201,10690,50000,55196,55153,348,348,-5153
1325,132521608,132521809,132532449,10841,201,10640,50000,55153,55110,349,349,-5110
1326,132621662,132621863,132632436,10774,201,10573,50000,55110,55067,349,349,-5067
1327,132721717,132721919,132732444,10727,202,10525,50000,55067,55025,349,349,-5025
1328,132821771,132821972,132832443,10672,201,10471,50000,55025,54983,350,350,-4983
1329,132921826,132922027,132932444,10618,201,10417,50000,54983,54941,350,350,-4941
1330,133021879,133022081,133032449,10570,202,10368,50000,54941,54899,351,351,-4899
1331,133121934,133122135,133132438,10504,201,10303,50000,54899,54858,351,351,-4858
1332,133221988,133222189,133232438,10450,201,10249,50000,54858,54817,351,351,-4817
1333,133322042,133322243,133332430,10388,201,10187,50000,54817,54776,352,352,-4776
1334,133422095,133422296,133432446,10351,201,10150,50000,54776,54736,352,352,-4736
1335,133522149,133522350,133532448,10299,201,10098,50000,54736,54696,353,353,-4696
1336,133622202,133622403,133632437,10235,201,10034,50000,54696,54656,353,353,-4656
1337,133722256,133722456,133732482,10226,200,10026,50000,54656,54616,353,353,-4616
1338,133822334,133822535,133832470,10136,201,9935,50000,54616,54577,354,354,-4577
1339,133922387,133922589,133932465,10078,202,9876,50000,54577,54537,354,354,-4537
1340,134022441,134022642,134032451,10010,201,9809,50000,54537,54499,355,355,-4499
1341,134122496,134122697,134132437,9941,201,9740,50000,54499,54460,355,355,-4460
1342,134222550,134222786,134232437,9887,236,9651,50000,54460,54422,355,355,-4422
1343,134322604,134322842,134332456,9852,238,9614,50000,54422,54384,356,356,-4384
1344,134422658,134422896,134432445,9787,238,9549,50000,54384,54346,356,356,-4346
1345,134522711,134522934,134532437,9726,223,9503,50000,54346,54308,356,356,-4308
1346,134622785,134622986,134632435,9650,201,9449,50000,54308,54271,357,357,-4271
1347,134722821,134723022,134732447,9626,201,9425,50000,54271,54234,357,357,-4234
1348,134822874,134823075,134832449,9575,201,9374,50000,54234,54197,358,358,-4197
1349,134922926,134923126,134932436,9510,200,9310,50000,54197,54160,358,358,-4160
1350,135022979,135023181,135032454,9475,202,9273,50000,54160,54124,358,358,-4124
1351,135123033,135123234,135132451,9418,201,9217,50000,54124,54088,359,359,-4088
1352,135223085,135223287,135232453,9368,202,9166,50000,54088,54052,359,359,-4052
1353,135323138,135323338,135332442,9304,200,9104,50000,54052,54016,359,359,-4016
1354,135423190,135423392,135432446,9256,202,9054,50000,54016,53981,360,360,-3981
1355,135523243,135523444,135532447,9204,201,9003,50000,53981,53946,360,360,-3946
1356,135623296,135623497,135632448,9152,201,8951,50000,53946,53911,360,360,-3911
1357,135723348,135723549,135732438,9090,201,8889,50000,53911,53877,361,361,-3877
1358,135823401,135823601,135832443,9042,200,8842,50000,53877,53842,361,361,-3842
1359,135923454,135928546,135932444,8990,5092,3898,50000,53842,53808,361,361,-3808
1360,136023506,136023708,136032430,8924,202,8722,50000,53808,53774,362,362,-3774
1361,136123558,136123759,136132450,8892,201,8691,50000,53774,53740,362,362,-3740
1362,136223611,136223812,136232450,8839,201,8638,50000,53740,53707,362,362,-3707
1363,136323664,136323865,136332439,8775,201,8574,50000,53707,53673,363,363,-3673
1364,136423716,136423917,136432448,8732,201,8531,50000,53673,53640,363,363,-3640
1365,136523770,136523972,136532470,8700,202,8498,50000,53640,53607,363,363,-3607
1366,136623824,136624025,136632471,8647,201,8446,50000,53607,53575,364,364,-3575
1367,136723877,136724079,136732456,8579,202,8377,50000,53575,53543,364,364,-3543
1368,136823930,136824132,136832442,8512,202,8310,50000,53543,53510,364,364,-3510
1369,136923982,136924184,136932449,8467,202,8265,50000,53510,53478,365,365,-3478
1370,137024036,137024238,137032442,8406,202,8204,50000,53478,53447,365,365,-3447
1371,137124088,137124289,137132457,8369,201,8168,50000,53447,53415,365,365,-3415
1372,137224142,137224343,137232446,8304,201,8103,50000,53415,53384,366,366,-3384
1373,137324193,137324394,137332431,8238,201,8037,50000,53384,53353,366,366,-3353
1374,137424246,137424447,137432450,8204,201,8003,50000,53353,53322,366,366,-3322
1375,137524300,137524502,137532452,8152,202,7950,50000,53322,53291,366,366,-3291
1376,137624353,137624556,137632439,8086,203,7883,50000,53291,53261,367,367,-3261
1377,137724405,137724607,137732454,8049,202,7847,50000,53261,53230,367,367,-3230
1378,137824458,137824659,137832444,7986,201,7785,50000,53230,53200,367,367,-3200
1379,137924511,137924713,137932438,7927,202,7725,50000,53200,53171,368,368,-3171
1380,138024564,138024765,138032436,7872,201,7671,50000,53171,53141,368,368,-3141
1381,138124616,138124816,138132464,7848,200,7648,50000,53141,53111,368,368,-3111
1382,138224687,138224889,138232452,7765,202,7563,50000,53111,53082,369,369,-3082
1383,138324739,138324941,138332444,7705,202,7503,50000,53082,53053,369,369,-3053
1384,138424792,138424994,138432452,7660,202,7458,50000,53053,53024,369,369,-3024
1385,138524845,138525046,138532443,7598,201,7397,50000,53024,52996,369,369,-2996
1386,138624898,138625099,138632449,7551,201,7350,50000,52996,52967,369,369,-2967
1387,138724951,138725153,138732452,7501,202,7299,50000,52967,52939,370,370,-2939
1388,138825004,138825206,138832459,7455,202,7253,50000,52939,52910,370,370,-2910
1389,138925058,138925259,138932449,7391,201,7190,50000,52910,52883,371,371,-2883
1390,139025112,139025313,139032447,7335,201,7134,50000,52883,52855,371,371,-2855
1391,139125163,139125365,139132438,7275,202,7073,50000,52855,52828,371,371,-2828
1392,139225216,139225417,139232471,7255,201,7054,50000,52828,52800,371,371,-2800
1393,139325290,139325490,139332444,7154,200,6954,50000,52800,52773,372,372,-2773
1394,139425342,139425544,139432441,7099,202,6897,50000,52773,52746,372,372,-2746
1395,139525394,139525596,139532444,7050,202,6848,50000,52746,52719,372,372,-2719
1396,139625450,139625651,139632439,6989,201,6788,50000,52719,52693,372,372,-2693
1397,139725501,139725702,139732431,6930,201,6729,50000,52693,52666,372,372,-2666
1398,139825554,139825756,139832451,6897,202,6695,50000,52666,52640,373,373,-2640
1399,139925607,139925810,139932452,6845,203,6642,50000,52640,52614,373,373,-2614
1400,140025660,140025862,140035217,9557,202,9355,50000,52614,52588,373,373,-2588
1401,140125719,140125921,140132392,6673,202,6471,50000,52588,52562,374,374,-2562
1402,140225772,140225974,140232446,6674,202,6472,50000,52562,52536,374,374,-2536
1403,140325828,140326030,140332442,6614,202,6412,50000,52536,52511,374,374,-2511
1404,140425881,140426083,140432434,6553,202,6351,50000,52511,52486,374,374,-2486
1405,140525933,140526134,140532456,6523,201,6322,50000,52486,52461,375,375,-2461
1406,140625988,140626189,140632445,6457,201,6256,50000,52461,52436,375,375,-2436
1407,140726040,140726241,140732435,6395,201,6194,50000,52436,52411,375,375,-2411
1408,140826092,140826295,140832443,6351,203,6148,50000,52411,52387,375,375,-2387
1409,140926146,140926348,140932452,6306,202,6104,50000,52387,52362,375,375,-2362
1410,141026199,141026400,141032441,6242,201,6041,50000,52362,52338,376,376,-2338
1411,141126253,141126454,141132427,6174,201,5973,50000,52338,52314,376,376,-2314
1412,141226305,141226506,141232466,6161,201,5960,50000,52314,52290,376,376,-2290
1413,141326380,141326581,141332471,6091,201,5890,50000,52290,52266,377,377,-2266
1414,141426432,141426633,141432460,6028,201,5827,50000,52266,52243,377,377,-2243
1415,141526486,141526687,141532452,5966,201,5765,50000,52243,52219,377,377,-2219
1416,141626538,141626741,141632442,5904,203,5701,50000,52219,52196,377,377,-2196
1417,141726592,141726793,141732445,5853,201,5652,50000,52196,52173,377,377,-2173
1418,141826645,141826846,141832448,5803,201,5602,50000,52173,52150,378,378,-2150
1419,141926697,141926898,141932443,5746,201,5545,50000,52150,52127,378,378,-2127
1420,142026751,142026952,142032452,5701,201,5500,50000,52127,52104,378,378,-2104
1421,142126804,142127006,142132441,5637,202,5435,50000,52104,52082,378,378,-2082
1422,142226857,142227058,142232443,5586,201,5385,50000,52082,52059,378,378,-2059
1423,142326911,142327114,142332450,5539,203,5336,50000,52059,52037,379,379,-2037
1424,142426963,142427165,142432439,5476,202,5274,50000,52037,52015,379,379,-2015
1425,142527016,142527218,142532434,5418,202,5216,50000,52015,51993,379,379,-1993
1426,142627069,142627270,142632445,5376,201,5175,50000,51993,51971,379,379,-1971
1427,142727122,142727324,142732450,5328,202,5126,50000,51971,51950,380,380,-1950
1428,142827175,142827377,142832438,5263,202,5061,50000,51950,51929,380,380,-1929
1429,142927228,142927430,142932457,5229,202,5027,50000,51929,51907,380,380,-1907
1430,143027282,143027483,143032445,5163,201,4962,50000,51907,51886,380,380,-1886
1431,143127334,143127536,143132436,5102,202,4900,50000,51886,51865,380,380,-1865
1432,143227387,143227589,143232446,5059,202,4857,50000,51865,51844,381,381,-1844
1433,143327441,143327643,143332450,5009,202,4807,50000,51844,51823,381,381,-1823
1434,143427494,143427695,143432440,4946,201,4745,50000,51823,51803,381,381,-1803
1435,143527547,143527748,143532436,4889,201,4688,50000,51803,51782,381,381,-1782
1436,143627600,143627801,143632455,4855,201,4654,50000,51782,51762,382,382,-1762
1437,143727654,143727855,143732444,4790,201,4589,50000,51762,51742,382,382,-1742
1438,143827706,143827907,143832436,4730,201,4529,50000,51742,51722,382,382,-1722
1439,143927760,143927961,143932462,4702,201,4501,50000,51722,51702,382,382,-1702
1440,144027812,144028014,144032467,4655,202,4453,50000,51702,51682,382,382,-1682
1441,144127865,144128068,144132469,4604,203,4401,50000,51682,51662,382,382,-1662
1442,144227919,144228119,144232450,4531,200,4331,50000,51662,51643,383,383,-1643
1443,144327971,144328172,144332449,4478,201,4277,50000,51643,51624,383,383,-1624
1444,144428023,144428224,144432440,4417,201,4216,50000,51624,51604,383,383,-1604
1445,144528076,144528278,144532442,4366,202,4164,50000,51604,51585,383,383,-1585
1446,144628129,144628330,144632445,4316,201,4115,50000,51585,51566,383,383,-1566
1447,144728181,144728383,144732438,4257,202,4055,50000,51566,51547,384,384,-1547
1448,144828233,144828435,144832448,4215,202,4013,50000,51547,51529,384,384,-1529
1449,144928287,144928489,144932447,4160,202,3958,50000,51529,51510,384,384,-1510
1450,145028338,145028570,145032455,4117,232,3885,50000,51510,51492,384,384,-1492
1451,145128392,145128626,145132444,4052,234,3818,50000,51492,51473,384,384,-1473
1452,145228445,145228672,145232434,3989,227,3762,50000,51473,51455,385,385,-1455
1453,145328498,145328719,145332439,3941,221,3720,50000,51455,51437,385,385,-1437
1454,145428549,145428749,145432443,3894,200,3694,50000,51437,51419,385,385,-1419
1455,145528601,145528804,145532444,3843,203,3640,50000,51419,51401,385,385,-1401
1456,145628654,145628855,145632446,3792,201,3591,50000,51401,51383,385,385,-1383
1457,145728706,145728907,145732451,3745,201,3544,50000,51383,51366,385,385,-1366
1458,145828759,145828961,145832441,3682,202,3480,50000,51366,51348,385,385,-1348
1459,145928811,145929014,145932434,3623,203,3420,50000,51348,51331,386,386,-1331
1460,146028866,146029067,146032444,3578,201,3377,50000,51331,51314,386,386,-1314
1461,146128918,146129121,146132452,3534,203,3331,50000,51314,51296,386,386,-1296
1462,146228970,146229172,146232439,3469,202,3267,50000,51296,51279,386,386,-1279
1463,146329023,146329224,146332442,3419,201,3218,50000,51279,51262,386,386,-1262
1464,146429076,146429278,146432451,3375,202,3173,50000,51262,51245,387,387,-1245
1465,146529129,146529331,146532439,3310,202,3108,50000,51245,51229,387,387,-1229
1466,146629182,146629383,146632436,3254,201,3053,50000,51229,51212,387,387,-1212
1467,146729233,146729435,146732471,3238,202,3036,50000,51212,51196,387,387,-1196
1468,146829307,146829509,146832468,3161,202,2959,50000,51196,51179,387,387,-1179
1469,146929360,146929561,146932475,3115,201,2914,50000,51179,51163,387,387,-1163
1470,147029412,147029614,147032638,3226,202,3024,50000,51163,51147,387,387,-1147
1471,147129464,147129665,147132723,3259,201,3058,50000,51147,51131,388,388,-1131
1472,147229516,147229717,147232769,3253,201,3052,50000,51131,51115,388,388,-1115
1473,147329570,147329772,147332845,3275,202,3073,50000,51115,51099,388,388,-1099
1474,147429660,147429861,147432911,3251,201,3050,50000,51099,51083,388,388,-1083
1475,147529731,147529933,147532979,3248,202,3046,50000,51083,51068,388,388,-1068
1476,147629799,147630026,147633054,3255,227,3028,50000,51068,51052,388,388,-1052
1477,147729871,147730093,147733121,3250,222,3028,50000,51052,51037,389,389,-1037
1478,147829944,147830161,147833200,3256,217,3039,50000,51037,51022,389,389,-1022
1479,147930015,147930218,147933265,3250,203,3047,50000,51022,51006,389,389,-1006
1480,148030085,148030287,148033332,3247,202,3045,50000,51006,50991,389,389,-991
1481,148130158,148130359,148133391,3233,201,3032,50000,50991,50976,389,389,-976
1482,148230227,148230430,148233391,3164,203,2961,50000,50976,50961,389,389,-961
1483,148330279,148330480,148333393,3114,201,2913,50000,50961,50946,389,389,-946
1484,148430331,148430532,148432383,2052,201,1851,50000,50946,50932,390,390,-932
1485,148530382,148530584,148532498,2116,202,1914,50000,50932,50917,390,390,-917
1486,148630434,148630636,148642421,11987,202,11785,50000,50917,50903,390,390,-903
1487,148730489,148730691,148742449,11960,202,11758,50000,50903,50888,390,390,-888
1488,148830542,148830742,148842457,11915,200,11715,50000,50888,50874,390,390,-874
1489,148930594,148930795,148942464,11870,201,11669,50000,50874,50860,390,390,-860
1490,149030646,149030847,149042454,11808,201,11607,50000,50860,50845,390,390,-845
1491,149130698,149130899,149142463,11765,201,11564,50000,50845,50832,391,391,-832
1492,149230750,149230952,149242469,11719,202,11517,50000,50832,50818,391,391,-818
1493,149330803,149331004,149342456,11653,201,11452,50000,50818,50804,391,391,-804
1494,149430855,149435966,149442456,11601,5111,6490,50000,50804,50790,391,391,-790
1495,149530910,149531113,149542502,11592,203,11389,50000,50790,50776,391,391,-776
1496,149630984,149631186,149642468,11484,202,11282,50000,50776,50763,391,391,-763
1497,149731038,149731240,149742448,11410,202,11208,50000,50763,50749,391,391,-749
1498,149831093,149831295,149842439,11346,202,11144,50000,50749,50736,392,392,-736
1499,149931147,149931348,149942449,11302,201,11101,50000,50736,50723,392,392,-723
1500,150031201,150031403,150045223,14022,202,13820,50000,50723,50710,392,392,-710
1501,150131260,150131462,150142395,11135,202,10933,50000,50710,50697,392,392,-697
1502,150231313,150231514,150242440,11127,201,10926,50000,50697,50684,392,392,-684
1503,150331390,150331590,150342439,11049,200,10849,50000,50684,50671,392,392,-671
1504,150431444,150431645,150442446,11002,201,10801,50000,50671,50658,392,392,-658
1505,150531497,150531699,150542445,10948,202,10746,50000,50658,50645,392,392,-645
1506,150631551,150631752,150642447,10896,201,10695,50000,50645,50632,393,393,-632
1507,150731606,150731806,150742446,10840,200,10640,50000,50632,50620,393,393,-620
1508,150831660,150831861,150842449,10789,201,10588,50000,50620,50607,393,393,-607
1509,150931714,150931915,150942447,10733,201,10532,50000,50607,50595,393,393,-595
1510,151031768,151031969,151042439,10671,201,10470,50000,50595,50583,393,393,-583
1511,151131822,151132023,151142448,10626,201,10425,50000,50583,50570,393,393,-570
1512,151231877,151232079,151242445,10568,202,10366,50000,50570,50558,393,393,-558
1513,151331931,151332132,151342453,10522,201,10321,50000,50558,50546,393,393,-546
1514,151431986,151432187,151442442,10456,201,10255,50000,50546,50534,394,394,-534
1515,151532040,151532242,151542442,10402,202,10200,50000,50534,50522,394,394,-522
1516,151632094,151632296,151642442,10348,202,10146,50000,50522,50510,394,394,-510
1517,151732149,151732352,151742436,10287,203,10084,50000,50510,50499,394,394,-499
1518,151832204,151832404,151842441,10237,200,10037,50000,50499,50487,394,394,-487
1519,151932257,151932458,151942450,10193,201,9992,50000,50487,50475,394,394,-475
1520,152032312,152032512,152042441,10129,200,9929,50000,50475,50464,394,394,-464
1521,152132366,152132567,152142429,10063,201,9862,50000,50464,50452,394,394,-452
1522,152232420,152232623,152242475,10055,203,9852,50000,50452,50441,395,395,-441
1523,152332498,152332699,152342479,9981,201,9780,50000,50441,50430,395,395,-430
1524,152432552,152432781,152442462,9910,229,9681,50000,50430,50419,395,395,-419
1525,152532606,152532839,152542445,9839,233,9606,50000,50419,50408,395,395,-408
1526,152632661,152632887,152642437,9776,226,9550,50000,50408,50397,395,395,-397
1527,152732734,152732935,152742446,9712,201,9511,50000,50397,50386,395,395,-386
1528,152832773,152832976,152842447,9674,203,9471,50000,50386,50375,395,395,-375
1529,152932827,152933029,152942450,9623,202,9421,50000,50375,50364,395,395,-364
1530,153032880,153033082,153042439,9559,202,9357,50000,50364,50353,395,395,-353
1531,153132932,153133133,153142443,9511,201,9310,50000,50353,50342,395,395,-342
1532,153232986,153233187,153242446,9460,201,9259,50000,50342,50332,396,396,-332
1533,153333037,153333260,153342439,9402,223,9179,50000,50332,50321,396,396,-321
1534,153433090,153433292,153442446,9356,202,9154,50000,50321,50311,396,396,-311
1535,153533144,153533344,153542448,9304,200,9104,50000,50311,50301,396,396,-301
1536,153633196,153633399,153642440,9244,203,9041,50000,50301,50290,396,396,-290
1537,153733249,153733451,153742436,9187,202,8985,50000,50290,50280,396,396,-280
1538,153833302,153833503,153842449,9147,201,8946,50000,50280,50270,396,396,-270
1539,153933355,153933556,153942456,9101,201,8900,50000,50270,50259,396,396,-259
1540,154033407,154033608,154042448,9041,201,8840,50000,50259,50249,396,396,-249
1541,154133461,154133661,154142452,8991,200,8791,50000,50249,50239,396,396,-239
1542,154233513,154233716,154242442,8929,203,8726,50000,50239,50229,397,397,-229
1543,154333566,154333767,154342449,8883,201,8682,50000,50229,50220,397,397,-220
1544,154433619,154433821,154442456,8837,202,8635,50000,50220,50210,397,397,-210
1545,154533671,154533873,154542457,8786,202,8584,50000,50210,50200,397,397,-200
1546,154633724,154633925,154642448,8724,201,8523,50000,50200,50191,397,397,-191
1547,154733776,154733977,154742450,8674,201,8473,50000,50191,50181,397,397,-181
1548,154833829,154834030,154842439,8610,201,8409,50000,50181,50171,397,397,-171
1549,154933882,154934083,154942456,8574,201,8373,50000,50171,50162,397,397,-162
1550,155033936,155034138,155042444,8508,202,8306,50000,50162,50152,397,397,-152
1551,155133988,155134190,155142444,8456,202,8254,50000,50152,50143,397,397,-143
1552,155234042,155234243,155242447,8405,201,8204,50000,50143,50134,397,397,-134
1553,155334094,155334296,155342441,8347,202,8145,50000,50134,50124,397,397,-124
1554,155434147,155434348,155442447,8300,201,8099,50000,50124,50115,398,398,-115
1555,155534200,155534401,155542447,8247,201,8046,50000,50115,50106,398,398,-106
1556,155634253,155634455,155642452,8199,202,7997,50000,50106,50097,398,398,-97
1557,155734306,155734507,155742443,8137,201,7936,50000,50097,50088,398,398,-88
1558,155834359,155834560,155842435,8076,201,7875,50000,50088,50079,398,398,-79
1559,155934411,155934613,155942447,8036,202,7834,50000,50079,50070,398,398,-70
1560,156034465,156034667,156042451,7986,202,7784,50000,50070,50062,398,398,-62
1561,156134517,156134718,156142438,7921,201,7720,50000,50062,50053,398,398,-53
1562,156234570,156234772,156242439,7869,202,7667,50000,50053,50044,398,398,-44
1563,156334622,156334823,156342444,7822,201,7621,50000,50044,50035,398,398,-35
1564,156434675,156434876,156442438,7763,201,7562,50000,50035,50027,399,399,-27
1565,156534727,156534929,156542434,7707,202,7505,50000,50027,50018,399,399,-18
1566,156634780,156634982,156642450,7670,202,7468,50000,50018,50010,399,399,-10
1567,156734833,156735033,156742453,7620,200,7420,50000,50010,50002,399,399,-2
1568,156834885,156835087,156842440,7555,202,7353,50000,50002,49993,399,399,7
1569,156934939,156935140,156942452,7513,201,7312,50000,49993,49985,399,399,15
1570,157034992,157035193,157042463,7471,201,7270,50000,49985,49977,399,399,23
1571,157135044,157135247,157142460,7416,203,7213,50000,49977,49969,399,399,31
1572,157235096,157235297,157242447,7351,201,7150,50000,49969,49961,400,400,39
1573,157335149,157335351,157342440,7291,202,7089,50000,49961,49953,400,400,47
1574,157435203,157435404,157442437,7234,201,7033,50000,49953,49945,400,400,55
1575,157535256,157535457,157542457,7201,201,7000,50000,49945,49937,400,400,63
1576,157635310,157635510,157642448,7138,200,6938,50000,49937,49930,401,401,70
1577,157735363,157735565,157742442,7079,202,6877,50000,49930,49923,401,401,77
1578,157835417,157835618,157842446,7029,201,6828,50000,49923,49915,401,401,85
1579,157935470,157935671,157942437,6967,201,6766,50000,49915,49908,401,401,92
1580,158035522,158035724,158042455,6933,202,6731,50000,49908,49900,401,401,100
1581,158135576,158135776,158142443,6867,200,6667,50000,49900,49893,402,402,107
1582,158235628,158235829,158242434,6806,201,6605,50000,49893,49886,402,402,114
1583,158335681,158335883,158342447,6766,202,6564,50000,49886,49879,402,402,121
1584,158435735,158435937,158442453,6718,202,6516,50000,49879,49872,402,402,128
1585,158535788,158535990,158542437,6649,202,6447,50000,49872,49866,402,402,134
1586,158635840,158636041,158642445,6605,201,6404,50000,49866,49859,402,402,141
1587,158735893,158736095,158742453,6560,202,6358,50000,49859,49852,403,403,148
1588,158835946,158836148,158842440,6494,202,6292,50000,49852,49845,403,403,155
1589,158935999,158936201,158942435,6436,202,6234,50000,49845,49839,403,403,161
1590,159036052,159036252,159042450,6398,200,6198,50000,49839,49832,403,403,168
1591,159136105,159136307,159142452,6347,202,6145,50000,49832,49826,403,403,174
1592,159236157,159236359,159242440,6283,202,6081,50000,49826,49819,403,403,181
1593,159336209,159336411,159342456,6247,202,6045,50000,49819,49813,404,404,187
1594,159436263,159436463,159442445,6182,200,5982,50000,49813,49807,404,404,193
1595,159536316,159536517,159542440,6124,201,5923,50000,49807,49801,404,404,199
1596,159636369,159636570,159642446,6077,201,5876,50000,49801,49795,404,404,205
1597,159736422,159736621,159742468,6046,199,5847,50000,49795,49789,404,404,211
1598,159836475,159836676,159842469,5994,201,5793,50000,49789,49783,404,404,217
1599,159936527,159936729,159942460,5933,202,5731,50000,49783,49777,405,405,223
1600,160036580,160036783,160045223,8643,203,8440,50000,49777,49771,405,405,229
1601,160136638,160136840,160142391,5753,202,5551,50000,49771,49766,405,405,234
1602,160236689,160236891,160242436,5747,202,5545,50000,49766,49760,405,405,240
1603,160336766,160336965,160342447,5681,199,5482,50000,49760,49754,405,405,246
1604,160436819,160437020,160442454,5635,201,5434,50000,49754,49749,405,405,251
1605,160536872,160537073,160542442,5570,201,5369,50000,49749,49743,405,405,257
1606,160636925,160637126,160642435,5510,201,5309,50000,49743,49738,406,406,262
1607,160736979,160737180,160742448,5469,201,5268,50000,49738,49733,406,406,267
1608,160837032,160837232,160842446,5414,200,5214,50000,49733,49727,406,406,273
1609,160937084,160937285,160942438,5354,201,5153,50000,49727,49722,406,406,278
1610,161037137,161037339,161042446,5309,202,5107,50000,49722,49717,406,406,283
1611,161137191,161137393,161142447,5256,202,5054,50000,49717,49712,406,406,288
1612,161237244,161237445,161242439,5195,201,4994,50000,49712,49707,406,406,293
1613,161337297,161337498,161342438,5141,201,4940,50000,49707,49702,407,407,298
1614,161437350,161437551,161442457,5107,201,4906,50000,49702,49697,407,407,303
1615,161537403,161537605,161542447,5044,202,4842,50000,49697,49692,407,407,308
1616,161637456,161637658,161642436,4980,202,4778,50000,49692,49687,407,407,313
1617,161737509,161737710,161742448,4939,201,4738,50000,49687,49682,407,407,318
1618,161837563,161837764,161842448,4885,201,4684,50000,49682,49678,407,407,322
1619,161937616,161937817,161942451,4835,201,4634,50000,49678,49673,407,407,327
1620,162037669,162037871,162042441,4772,202,4570,50000,49673,49668,408,408,332
1621,162137721,162137924,162142446,4725,203,4522,50000,49668,49664,408,408,336
1622,162237775,162237977,162242446,4671,202,4469,50000,49664,49660,408,408,340
1623,162337827,162338028,162342449,4622,201,4421,50000,49660,49655,408,408,345
1624,162437880,162438082,162442452,4572,202,4370,50000,49655,49651,408,408,349
1625,162537933,162538134,162542478,4545,201,4344,50000,49651,49647,408,408,353
1626,162637987,162638189,162642467,4480,202,4278,50000,49647,49642,408,408,358
1627,162738039,162738242,162742454,4415,203,4212,50000,49642,49638,409,409,362
1628,162838092,162843279,162852395,14303,5187,9116,50000,49638,49634,409,409,366
1629,162938144,162938348,162942387,4243,204,4039,50000,49634,49630,409,409,370
1630,163038199,163038400,163042444,4245,201,4044,50000,49630,49626,409,409,374
1631,163138255,163138457,163142447,4192,202,3990,50000,49626,49622,409,409,378
1632,163238308,163238533,163242451,4143,225,3918,50000,49622,49618,409,409,382
1633,163338360,163338591,163342440,4080,231,3849,50000,49618,49614,409,409,386
1634,163438413,163438646,163442460,4047,233,3814,50000,49614,49610,409,409,390
1635,163538467,163538691,163542448,3981,224,3757,50000,49610,49606,409,409,394
1636,163638535,163638737,163642450,3915,202,3713,50000,49606,49602,409,409,398
1637,163738586,163738788,163742440,3854,202,3652,50000,49602,49599,409,409,401
1638,163838640,163838841,163842455,3815,201,3614,50000,49599,49595,409,409,405
1639,163938693,163938894,163942445,3752,201,3551,50000,49595,49591,410,410,409
1640,164038744,164038946,164042438,3694,202,3492,50000,49591,49587,410,410,413
1641,164138797,164138998,164142436,3639,201,3438,50000,49587,49584,410,410,416
1642,164238850,164239053,164242454,3604,203,3401,50000,49584,49580,410,410,420
1643,164338903,164339104,164342443,3540,201,3339,50000,49580,49577,410,410,423
1644,164438955,164439157,164442434,3479,202,3277,50000,49577,49573,410,410,427
1645,164539008,164539209,164542445,3437,201,3236,50000,49573,49570,410,410,430
1646,164639060,164639262,164642443,3383,202,3181,50000,49570,49566,410,410,434
1647,164739113,164739315,164742435,3322,202,3120,50000,49566,49563,411,411,437
1648,164839166,164839368,164842441,3275,202,3073,50000,49563,49560,411,411,440
1649,164939218,164939421,164942449,3231,203,3028,50000,49560,49557,411,411,443
1650,165039271,165039472,165042439,3168,201,2967,50000,49557,49554,411,411,446
1651,165139323,165139524,165142446,3123,201,2922,50000,49554,49551,411,411,449
1652,165239376,165239578,165242480,3104,202,2902,50000,49551,49547,411,411,453
1653,165339429,165339631,165342662,3233,202,3031,50000,49547,49544,411,411,456
1654,165439481,165439683,165442746,3265,202,3063,50000,49544,49541,411,411,459
1655,165539533,165539735,165542783,3250,202,3048,50000,49541,49538,411,411,462
1656,165639586,165639787,165642849,3263,201,3062,50000,49538,49535,411,411,465
1657,165739639,165739840,165742915,3276,201,3075,50000,49535,49532,411,411,468
1658,165839711,165839912,165842992,3281,201,3080,50000,49532,49529,411,411,471
1659,165939800,165940028,165943059,3259,228,3031,50000,49529,49526,411,411,474
1660,166039875,166040097,166043126,3251,222,3029,50000,49526,49523,411,411,477
1661,166139975,166140177,166143213,3238,202,3036,50000,49523,49520,412,412,480
1662,166240062,166240264,166243278,3216,202,3014,50000,49520,49517,412,412,483
1663,166340134,166340336,166343344,3210,202,3008,50000,49517,49515,412,412,485
1664,166440206,166440408,166443387,3181,202,2979,50000,49515,49512,412,412,488
1665,166540258,166540459,166543398,3140,201,2939,50000,49512,49509,412,412,491
1666,166640309,166640511,166643398,3089,202,2887,50000,49509,49507,412,412,493
1667,166740360,166740562,166742411,2051,202,1849,50000,49507,49504,412,412,496
1668,166840412,166840614,166852460,12048,202,11846,50000,49504,49501,412,412,499
1669,166940464,166940666,166952466,12002,202,11800,50000,49501,49499,412,412,501
1670,167040517,167040719,167052460,11943,202,11741,50000,49499,49496,412,412,504
1671,167140569,167140770,167152455,11886,201,11685,50000,49496,49493,412,412,507
1672,167240622,167240824,167252451,11829,202,11627,50000,49493,49491,412,412,509
1673,167340675,167340877,167352461,11786,202,11584,50000,49491,49488,412,412,512
1674,167440727,167440930,167452466,11739,203,11536,50000,49488,49486,413,413,514
1675,167540779,167540982,167552438,11659,203,11456,50000,49486,49484,413,413,516
1676,167640831,167641033,167652478,11647,202,11445,50000,49484,49481,413,413,519
1677,167740904,167741107,167752445,11541,203,11338,50000,49481,49479,413,413,521
1678,167840959,167841161,167852433,11474,202,11272,50000,49479,49477,413,413,523
1679,167941013,167941215,167952453,11440,202,11238,50000,49477,49475,413,413,525
1680,168041067,168041269,168052479,11412,202,11210,50000,49475,49472,413,413,528
1681,168141121,168141322,168152470,11349,201,11148,50000,49472,49470,413,413,530
1682,168241174,168241377,168252455,11281,203,11078,50000,49470,49468,413,413,532
1683,168341229,168341430,168352441,11212,201,11011,50000,49468,49466,413,413,534
1684,168441282,168441485,168452435,11153,203,10950,50000,49466,49463,413,413,537
1685,168541336,168541539,168552432,11096,203,10893,50000,49463,49461,413,413,539
1686,168641390,168641593,168652443,11053,203,10850,50000,49461,49459,413,413,541
1687,168741445,168741647,168752441,10996,202,10794,50000,49459,49457,413,413,543
1688,168841500,168841703,168852446,10946,203,10743,50000,49457,49455,413,413,545
1689,168941553,168941755,168952447,10894,202,10692,50000,49455,49452,413,413,548
1690,169041607,169041809,169052450,10843,202,10641,50000,49452,49450,414,414,550
1691,169141661,169141863,169152440,10779,202,10577,50000,49450,49449,414,414,551
1692,169241716,169241917,169252444,10728,201,10527,50000,49449,49446,413,413,554
1693,169341769,169341971,169352451,10682,202,10480,50000,49446,49445,414,414,555
1694,169441823,169442024,169452441,10618,201,10417,50000,49445,49443,414,414,557
1695,169541878,169542080,169552443,10565,202,10363,50000,49443,49441,414,414,559
1696,169641932,169642134,169652452,10520,202,10318,50000,49441,49439,414,414,561
1697,169741986,169742188,169752458,10472,202,10270,50000,49439,49437,414,414,563
1698,169842040,169842242,169852447,10407,202,10205,50000,49437,49435,414,414,565
1699,169942094,169942296,169952441,10347,202,10145,50000,49435,49434,414,414,566
1700,170042148,170042351,170055218,13070,203,12867,50000,49434,49432,414,414,568
1701,170142208,170142410,170152405,10197,202,9995,50000,49432,49430,414,414,570
1702,170242260,170242462,170252452,10192,202,9990,50000,49430,49428,414,414,572
1703,170342336,170342537,170352445,10109,201,9908,50000,49428,49426,414,414,574
1704,170442391,170442593,170452439,10048,202,9846,50000,49426,49425,414,414,575
1705,170542445,170542645,170552435,9990,200,9790,50000,49425,49423,414,414,577
1706,170642499,170642701,170652432,9933,202,9731,50000,49423,49421,414,414,579
1707,170742553,170742791,170752468,9915,238,9677,50000,49421,49419,414,414,581
1708,170842628,170842861,170852440,9812,233,9579,50000,49419,49417,414,414,583
1709,170942682,170942909,170952454,9772,227,9545,50000,49417,49416,414,414,584
1710,171042735,171042959,171052443,9708,224,9484,50000,49416,49414,414,414,586
1711,171142797,171142999,171152437,9640,202,9438,50000,49414,49412,414,414,588
1712,171242849,171243051,171252433,9584,202,9382,50000,49412,49411,415,415,589
1713,171342902,171343102,171352452,9550,200,9350,50000,49411,49409,414,414,591
1714,171442955,171443155,171452443,9488,200,9288,50000,49409,49408,415,415,592
1715,171543007,171543209,171552446,9439,202,9237,50000,49408,49406,415,415,594
1716,171643060,171643262,171652444,9384,202,9182,50000,49406,49405,415,415,595
1717,171743112,171743313,171752453,9341,201,9140,50000,49405,49403,415,415,597
1718,171843164,171843365,171852443,9279,201,9078,50000,49403,49402,415,415,598
1719,171943217,171943419,171952443,9226,202,9024,50000,49402,49401,415,415,599
1720,172043270,172043472,172052448,9178,202,8976,50000,49401,49399,415,415,601
1721,172143323,172143523,172152450,9127,200,8927,50000,49399,49398,415,415,602
1722,172243375,172243576,172252439,9064,201,8863,50000,49398,49396,415,415,604
1723,172343429,172343630,172352441,9012,201,8811,50000,49396,49395,415,415,605
1724,172443483,172443685,172452450,8967,202,8765,50000,49395,49394,415,415,606
1725,172543538,172543738,172552439,8901,200,8701,50000,49394,49392,415,415,608
1726,172643592,172643794,172652445,8853,202,8651,50000,49392,49391,415,415,609
1727,172743647,172743848,172752465,8818,201,8617,50000,49391,49389,415,415,611
1728,172843701,172843902,172852460,8759,201,8558,50000,49389,49388,415,415,612
1729,172943756,172943956,172952457,8701,200,8501,50000,49388,49387,415,415,613
1730,173043810,173044012,173052450,8640,202,8438,50000,49387,49385,415,415,615
1731,173143863,173144066,173152438,8575,203,8372,50000,49385,49384,415,415,616
1732,173243918,173244120,173252433,8515,202,8313,50000,49384,49383,415,415,617
1733,173343971,173344173,173352453,8482,202,8280,50000,49383,49381,415,415,619
1734,173444025,173444227,173452454,8429,202,8227,50000,49381,49380,415,415,620
1735,173544080,173544282,173552441,8361,202,8159,50000,49380,49379,415,415,621
1736,173644135,173644336,173652448,8313,201,8112,50000,49379,49377,415,415,623
1737,173744189,173744390,173752440,8251,201,8050,50000,49377,49376,416,416,624
1738,173844243,173844444,173852438,8195,201,7994,50000,49376,49375,416,416,625
1739,173944298,173944500,173952434,8136,202,7934,50000,49375,49374,416,416,626
1740,174044353,174044555,174052443,8090,202,7888,50000,49374,49373,416,416,627
1741,174144407,174144609,174152451,8044,202,7842,50000,49373,49372,416,416,628
1742,174244461,174244663,174252437,7976,202,7774,50000,49372,49371,416,416,629
1743,174344515,174344717,174352435,7920,202,7718,50000,49371,49370,416,416,630
1744,174444570,174444771,174452453,7883,201,7682,50000,49370,49369,416,416,631
1745,174544648,174544850,174552444,7796,202,7594,50000,49369,49368,416,416,632
1746,174644702,174644905,174652433,7731,203,7528,50000,49368,49367,416,416,633
1747,174744756,174744958,174752444,7688,202,7486,50000,49367,49366,416,416,634
1748,174844812,174845013,174852451,7639,201,7438,50000,49366,49365,416,416,635
1749,174944865,174945067,174952438,7573,202,7371,50000,49365,49364,416,416,636
1750,175044920,175045121,175052432,7512,201,7311,50000,49364,49363,416,416,637
1751,175144974,175145177,175152448,7474,203,7271,50000,49363,49362,416,416,638
1752,175245029,175245229,175252450,7421,200,7221,50000,49362,49361,416,416,639
1753,175345083,175345284,175352438,7355,201,7154,50000,49361,49360,416,416,640
1754,175445137,175445339,175452456,7319,202,7117,50000,49360,49360,416,416,640
1755,175545192,175545395,175552467,7275,203,7072,50000,49360,49359,416,416,641
1756,175645246,175645448,175652460,7214,202,7012,50000,49359,49358,416,416,642
1757,175745300,175745503,175752445,7145,203,6942,50000,49358,49357,416,416,643
1758,175845355,175845557,175852438,7083,202,6881,50000,49357,49356,416,416,644
1759,175945408,175945610,175952440,7032,202,6830,50000,49356,49355,416,416,645
1760,176045463,176045664,176052450,6987,201,6786,50000,49355,49354,416,416,646
1761,176145518,176145720,176152445,6927,202,6725,50000,49354,49353,416,416,647
1762,176245572,176250687,176262426,16854,5115,11739,50000,49353,49352,416,416,648
1763,176345626,176345829,176352428,6802,203,6599,50000,49352,49351,416,416,649
1764,176445680,176445882,176452451,6771,202,6569,50000,49351,49350,416,416,650
1765,176545734,176545935,176552443,6709,201,6508,50000,49350,49349,416,416,651
1766,176645789,176645991,176652439,6650,202,6448,50000,49349,49348,416,416,652
1767,176745843,176746044,176752446,6603,201,6402,50000,49348,49347,416,416,653
1768,176845898,176846100,176852447,6549,202,6347,50000,49347,49346,416,416,654
1769,176945952,176946154,176952450,6498,202,6296,50000,49346,49346,416,416,654
1770,177046007,177046209,177052439,6432,202,6230,50000,49346,49345,416,416,655
1771,177146061,177146263,177152443,6382,202,6180,50000,49345,49344,416,416,656
1772,177246116,177246318,177252451,6335,202,6133,50000,49344,49343,416,416,657
1773,177346170,177346371,177352598,6428,201,6227,50000,49343,49342,416,416,658
1774,177446223,177446425,177452681,6458,202,6256,50000,49342,49341,416,416,659
1775,177546277,177546478,177552757,6480,201,6279,50000,49341,49340,416,416,660
1776,177646347,177646548,177652804,6457,201,6256,50000,49340,49339,416,416,661
1777,177746423,177746624,177752869,6446,201,6245,50000,49339,49338,416,416,662
1778,177846494,177846697,177852943,6449,203,6246,50000,49338,49338,416,416,662
1779,177946585,177946787,177953008,6423,202,6221,50000,49338,49337,416,416,663
1780,178046662,178046862,178053074,6412,200,6212,50000,49337,49336,417,417,664
1781,178146739,178146941,178153152,6413,202,6211,50000,49336,49336,417,417,664
1782,178246829,178247031,178253243,6414,202,6212,50000,49336,49335,416,416,665
1783,178346886,178347087,178353303,6417,201,6216,50000,49335,49334,417,417,666
1784,178446960,178447161,178453370,6410,201,6209,50000,49334,49333,417,417,667
1785,178547015,178547217,178553397,6382,202,6180,50000,49333,49333,417,417,667
1786,178647069,178647272,178653393,6324,203,6121,50000,49333,49332,417,417,668
1787,178747122,178747324,178752393,5271,202,5069,50000,49332,49332,417,417,668
1788,178847176,178847378,178852507,5331,202,5129,50000,49332,49331,417,417,669
1789,178947230,178947431,178952424,5194,201,4993,50000,49331,49331,417,417,669
1790,179047285,179047487,179052446,5161,202,4959,50000,49331,49330,417,417,670
1791,179147341,179147543,179152454,5113,202,4911,50000,49330,49330,417,417,670
1792,179247394,179247597,179252466,5072,203,4869,50000,49330,49329,417,417,671
1793,179347450,179347650,179352454,5004,200,4804,50000,49329,49328,417,417,672
1794,179447503,179447706,179452439,4936,203,4733,50000,49328,49328,417,417,672
1795,179547557,179547760,179552431,4874,203,4671,50000,49328,49327,417,417,673
1796,179647611,179647813,179652445,4834,202,4632,50000,49327,49327,417,417,673
1797,179747666,179747868,179752449,4783,202,4581,50000,49327,49326,417,417,674
1798,179847721,179847922,179852438,4717,201,4516,50000,49326,49326,417,417,674
1799,179947776,179947979,179952438,4662,203,4459,50000,49326,49325,417,417,675
1800,180047829,180048031,180055220,7391,202,7189,50000,49325,49325,417,417,675
