sequence,cycle_started_us,command_sent_us,response_completed_us,full_loop_us,pre_send_us,transport_us,setpoint_milli_c,observed_milli_c,measured_milli_c,command_actuator_permille,status_actuator_permille,error_milli_c
1,1582,19611,123783,122201,18029,104172,45000,20000,20266,951,951,24734
2,124367,124620,129392,5025,253,4772,45000,20266,20543,992,992,24457
3,224431,224642,229504,5073,211,4862,45000,20543,20817,986,986,24183
4,324500,324704,329549,5049,204,4845,45000,20817,21088,979,979,23912
5,424572,424778,429615,5043,206,4837,45000,21088,21356,972,972,23644
6,524625,524827,529680,5055,202,4853,45000,21356,21620,965,965,23380
7,624697,624898,629755,5058,201,4857,45000,21620,21882,958,958,23118
8,724770,724970,729832,5062,200,4862,45000,21882,22141,951,951,22859
9,824841,825044,829896,5055,203,4852,45000,22141,22397,944,944,22603
10,924928,925129,929973,5045,201,4844,45000,22397,22649,937,937,22351
11,1025000,1025201,1030019,5019,201,4818,45000,22649,22899,931,931,22101
12,1125052,1125252,1130019,4967,200,4767,45000,22899,23147,924,924,21853
13,1225104,1225305,1230017,4913,201,4712,45000,23147,23391,917,917,21609
14,1325156,1325357,1330021,4865,201,4664,45000,23391,23632,911,911,21368
15,1425208,1425408,1430022,4814,200,4614,45000,23632,23871,905,905,21129
16,1525260,1525461,1530015,4755,201,4554,45000,23871,24107,898,898,20893
17,1625312,1625516,1630025,4713,204,4509,45000,24107,24340,892,892,20660
18,1725365,1725564,1730016,4651,199,4452,45000,24340,24571,886,886,20429
19,1825417,1825617,1830017,4600,200,4400,45000,24571,24799,879,879,20201
20,1925468,1925668,1930015,4547,200,4347,45000,24799,25024,873,873,19976
21,2025520,2025720,2030022,4502,200,4302,45000,25024,25247,867,867,19753
22,2125572,2125773,2130022,4450,201,4249,45000,25247,25467,861,861,19533
23,2225624,2225824,2230014,4390,200,4190,45000,25467,25685,856,856,19315
24,2325675,2325875,2330027,4352,200,4152,45000,25685,25900,850,850,19100
25,2425727,2425927,2430016,4289,200,4089,45000,25900,26113,844,844,18887
26,2525779,2525980,2530017,4238,201,4037,45000,26113,26323,838,838,18677
27,2625831,2626033,2630012,4181,202,3979,45000,26323,26531,833,833,18469
28,2725883,2726083,2730024,4141,200,3941,45000,26531,26736,827,827,18264
29,2825935,2826136,2830021,4086,201,3885,45000,26736,26940,822,822,18060
30,2925987,2926187,2930018,4031,200,3831,45000,26940,27140,816,816,17860
31,3026038,3026238,3030019,3981,200,3781,45000,27140,27339,811,811,17661
32,3126089,3126289,3130049,3960,200,3760,45000,27339,27535,806,806,17465
33,3226141,3226344,3230051,3910,203,3707,45000,27535,27729,801,801,17271
34,3326193,3326394,3330048,3855,201,3654,45000,27729,27921,795,795,17079
35,3426245,3426444,3430017,3772,199,3573,45000,27921,28110,790,790,16890
36,3526297,3526497,3530022,3725,200,3525,45000,28110,28298,785,785,16702
37,3626349,3626549,3630014,3665,200,3465,45000,28298,28483,780,780,16517
38,3726401,3726603,3730027,3626,202,3424,45000,28483,28666,775,775,16334
39,3826452,3826654,3830017,3565,202,3363,45000,28666,28847,770,770,16153
40,3926505,3926706,3930020,3515,201,3314,45000,28847,29026,766,766,15974
41,4026556,4026768,4030024,3468,212,3256,45000,29026,29203,761,761,15797
42,4126609,4126810,4130024,3415,201,3214,45000,29203,29378,756,756,15622
43,4226660,4226861,4230020,3360,201,3159,45000,29378,29551,752,752,15449
44,4326712,4326913,4330015,3303,201,3102,45000,29551,29722,747,747,15278
45,4426763,4426963,4430027,3264,200,3064,45000,29722,29891,742,742,15109
46,4526815,4527016,4530017,3202,201,3001,45000,29891,30058,738,738,14942
47,4626867,4627067,4630021,3154,200,2954,45000,30058,30223,733,733,14777
48,4726919,4727120,4730025,3106,201,2905,45000,30223,30386,729,729,14614
49,4826971,4827172,4829026,2055,201,1854,45000,30386,30548,725,725,14452
50,4927024,4927223,4929135,2111,199,1912,45000,30548,30707,720,720,14293
51,5027075,5027276,5039293,12218,201,12017,45000,30707,30865,716,716,14135
52,5127126,5127327,5138990,11864,201,11663,45000,30865,31021,712,712,13979
53,5227178,5227379,5239059,11881,201,11680,45000,31021,31175,708,708,13825
54,5327229,5327429,5339086,11857,200,11657,45000,31175,31327,704,704,13673
55,5427300,5427501,5439175,11875,201,11674,45000,31327,31478,700,700,13522
56,5527351,5527552,5539210,11859,201,11658,45000,31478,31627,696,696,13373
57,5627424,5627624,5639308,11884,200,11684,45000,31627,31774,692,692,13226
58,5727476,5727676,5739336,11860,200,11660,45000,31774,31920,688,688,13080
59,5827548,5827747,5839444,11896,199,11697,45000,31920,32063,684,684,12937
60,5927601,5927829,5939477,11876,228,11648,45000,32063,32206,680,680,12794
61,6027674,6027903,6039575,11901,229,11672,45000,32206,32346,676,676,12654
62,6127726,6127949,6139600,11874,223,11651,45000,32346,32485,673,673,12515
63,6227809,6228009,6239696,11887,200,11687,45000,32485,32622,669,669,12378
64,6327861,6328061,6339718,11857,200,11657,45000,32622,32758,665,665,12242
65,6427932,6428135,6439814,11882,203,11679,45000,32758,32893,662,662,12107
66,6527984,6528186,6539847,11863,202,11661,45000,32893,33025,658,658,11975
67,6628059,6628260,6639913,11854,201,11653,45000,33025,33156,655,655,11844
68,6728114,6728315,6739972,11858,201,11657,45000,33156,33286,651,651,11714
69,6828188,6828388,6840022,11834,200,11634,45000,33286,33414,648,648,11586
70,6928259,6928459,6940035,11776,200,11576,45000,33414,33541,644,644,11459
71,7028310,7028511,7040036,11726,201,11525,45000,33541,33666,641,641,11334
72,7128362,7128563,7140040,11678,201,11477,45000,33666,33790,638,638,11210
73,7228414,7228615,7240040,11626,201,11425,45000,33790,33913,634,634,11087
74,7328465,7328666,7340016,11551,201,11350,45000,33913,34034,631,631,10966
75,7428516,7428718,7440015,11499,202,11297,45000,34034,34153,628,628,10847
76,7528568,7528768,7540023,11455,200,11255,45000,34153,34272,625,625,10728
77,7628619,7628819,7640022,11403,200,11203,45000,34272,34389,621,621,10611
78,7728671,7728872,7740015,11344,201,11143,45000,34389,34504,618,618,10496
79,7828724,7828924,7840024,11300,200,11100,45000,34504,34618,615,615,10382
80,7928778,7928980,7940024,11246,202,11044,45000,34618,34731,612,612,10269
81,8028831,8029032,8040020,11189,201,10988,45000,34731,34843,609,609,10157
82,8128885,8129085,8140015,11130,200,10930,45000,34843,34953,606,606,10047
83,8228938,8229139,8240023,11085,201,10884,45000,34953,35062,603,603,9938
84,8329015,8329216,8340021,11006,201,10805,45000,35062,35170,600,600,9830
85,8429069,8429269,8440014,10945,200,10745,45000,35170,35276,597,597,9724
86,8529121,8529321,8540026,10905,200,10705,45000,35276,35382,595,595,9618
87,8629175,8629376,8640016,10841,201,10640,45000,35382,35486,592,592,9514
88,8729228,8729429,8740019,10791,201,10590,45000,35486,35589,589,589,9411
89,8829281,8829481,8840017,10736,200,10536,45000,35589,35691,586,586,9309
90,8929334,8929535,8940026,10692,201,10491,45000,35691,35792,584,584,9208
91,9029387,9029588,9040024,10637,201,10436,45000,35792,35891,581,581,9109
92,9129440,9129641,9140019,10579,201,10378,45000,35891,35989,578,578,9011
93,9229493,9229694,9240015,10522,201,10321,45000,35989,36087,576,576,8913
94,9329546,9329748,9340015,10469,202,10267,45000,36087,36183,573,573,8817
95,9429619,9429819,9440027,10408,200,10208,45000,36183,36278,571,571,8722
96,9529673,9529874,9540024,10351,201,10150,45000,36278,36372,568,568,8628
97,9629725,9629927,9640019,10294,202,10092,45000,36372,36465,565,565,8535
98,9729779,9729979,9740018,10239,200,10039,45000,36465,36556,563,563,8444
99,9829832,9830032,9840014,10182,200,9982,45000,36556,36647,561,561,8353
100,9929885,9930085,9941849,11964,200,11764,45000,36647,36737,558,558,8263
101,10029944,10030146,10039982,10038,202,9836,45000,36737,36826,556,556,8174
102,10129997,10130229,10140018,10021,232,9789,45000,36826,36913,553,553,8087
103,10230071,10230306,10240022,9951,235,9716,45000,36913,37000,551,551,8000
104,10330126,10330349,10340019,9893,223,9670,45000,37000,37085,549,549,7915
105,10430192,10430392,10440016,9824,200,9624,45000,37085,37170,547,547,7830
106,10530244,10530445,10540016,9772,201,9571,45000,37170,37254,544,544,7746
107,10630296,10630496,10640021,9725,200,9525,45000,37254,37337,542,542,7663
108,10730348,10730549,10740018,9670,201,9469,45000,37337,37419,540,540,7581
109,10830400,10830600,10840016,9616,200,9416,45000,37419,37499,538,538,7501
110,10930452,10930653,10940022,9570,201,9369,45000,37499,37580,536,536,7420
111,11030504,11030705,11040023,9519,201,9318,45000,37580,37658,533,533,7342
112,11130556,11130756,11140019,9463,200,9263,45000,37658,37737,531,531,7263
113,11230608,11230807,11240016,9408,199,9209,45000,37737,37814,529,529,7186
114,11330659,11330859,11340023,9364,200,9164,45000,37814,37890,527,527,7110
115,11430712,11430912,11440020,9308,200,9108,45000,37890,37965,525,525,7035
116,11530763,11530963,11540015,9252,200,9052,45000,37965,38040,523,523,6960
117,11630814,11631015,11640025,9211,201,9010,45000,38040,38114,521,521,6886
118,11730866,11731068,11740022,9156,202,8954,45000,38114,38187,519,519,6813
119,11830919,11831119,11840017,9098,200,8898,45000,38187,38259,517,517,6741
120,11930971,11931172,11940017,9046,201,8845,45000,38259,38330,515,515,6670
121,12031023,12031235,12040028,9005,212,8793,45000,38330,38400,513,513,6600
122,12131076,12131277,12140026,8950,201,8749,45000,38400,38470,512,512,6530
123,12231127,12231328,12240020,8893,201,8692,45000,38470,38539,510,510,6461
124,12331179,12331380,12340022,8843,201,8642,45000,38539,38607,508,508,6393
125,12431232,12431432,12440016,8784,200,8584,45000,38607,38674,506,506,6326
126,12531283,12531484,12540027,8744,201,8543,45000,38674,38741,504,504,6259
127,12631336,12631536,12640026,8690,200,8490,45000,38741,38806,502,502,6194
128,12731388,12731588,12740020,8632,200,8432,45000,38806,38871,501,501,6129
129,12831439,12831643,12840021,8582,204,8378,45000,38871,38935,499,499,6065
130,12931491,12931692,12940012,8521,201,8320,45000,38935,38999,497,497,6001
131,13031542,13031743,13040022,8480,201,8279,45000,38999,39061,495,495,5939
132,13131595,13131797,13140014,8419,202,8217,45000,39061,39124,494,494,5876
133,13231647,13231847,13240017,8370,200,8170,45000,39124,39185,492,492,5815
134,13331699,13331900,13340024,8325,201,8124,45000,39185,39246,491,491,5754
135,13431752,13431953,13440023,8271,201,8070,45000,39246,39305,489,489,5695
136,13531803,13532004,13540017,8214,201,8013,45000,39305,39365,488,488,5635
137,13631855,13637732,13649401,17546,5877,11669,45000,39365,39424,486,486,5576
138,13731907,13732109,13739428,7521,202,7319,45000,39424,39481,484,484,5519
139,13831961,13832162,13839530,7569,201,7368,45000,39481,39539,483,483,5461
140,13932015,13932215,13939577,7562,200,7362,45000,39539,39595,481,481,5405
141,14032070,14032270,14039651,7581,200,7381,45000,39595,39651,480,480,5349
142,14132140,14132342,14139716,7576,202,7374,45000,39651,39706,478,478,5294
143,14232225,14232425,14239796,7571,200,7371,45000,39706,39761,477,477,5239
144,14332312,14332512,14339857,7545,200,7345,45000,39761,39815,475,475,5185
145,14432398,14432599,14439924,7526,201,7325,45000,39815,39869,474,474,5131
146,14532489,14532689,14539990,7501,200,7301,45000,39869,39921,472,472,5079
147,14632562,14632762,14640021,7459,200,7259,45000,39921,39973,471,471,5027
148,14732614,14732814,14740023,7409,200,7209,45000,39973,40025,470,470,4975
149,14832667,14832869,14840020,7353,202,7151,45000,40025,40076,468,468,4924
150,14932718,14932919,14940017,7299,201,7098,45000,40076,40127,467,467,4873
151,15032771,15032972,15040016,7245,201,7044,45000,40127,40176,465,465,4824
152,15132842,15133042,15140040,7198,200,6998,45000,40176,40225,464,464,4775
153,15232894,15233096,15240031,7137,202,6935,45000,40225,40274,463,463,4726
154,15332946,15333146,15340028,7082,200,6882,45000,40274,40322,462,462,4678
155,15432998,15433198,15440019,7021,200,6821,45000,40322,40370,460,460,4630
156,15533049,15533249,15540015,6966,200,6766,45000,40370,40417,459,459,4583
157,15633102,15633302,15640013,6911,200,6711,45000,40417,40464,458,458,4536
158,15733154,15733354,15740023,6869,200,6669,45000,40464,40510,457,457,4490
159,15833207,15833438,15840021,6814,231,6583,45000,40510,40555,455,455,4445
160,15933259,15933492,15940018,6759,233,6526,45000,40555,40600,454,454,4400
161,16033312,16033537,16040014,6702,225,6477,45000,40600,40644,453,453,4356
162,16133381,16133582,16140020,6639,201,6438,45000,40644,40688,452,452,4312
163,16233417,16233617,16240020,6603,200,6403,45000,40688,40732,451,451,4268
164,16333468,16333669,16340018,6550,201,6349,45000,40732,40775,449,449,4225
165,16433521,16433722,16440021,6500,201,6299,45000,40775,40817,448,448,4183
166,16533572,16533772,16540022,6450,200,6250,45000,40817,40859,447,447,4141
167,16633623,16633824,16640015,6392,201,6191,45000,40859,40900,446,446,4100
168,16733675,16733874,16740014,6339,199,6140,45000,40900,40941,445,445,4059
169,16833727,16833927,16839011,5284,200,5084,45000,40941,40982,444,444,4018
170,16933779,16933979,16939108,5329,200,5129,45000,40982,41022,443,443,3978
171,17033830,17034031,17039150,5320,201,5119,45000,41022,41062,442,442,3938
172,17133885,17134085,17139215,5330,200,5130,45000,41062,41101,441,441,3899
173,17233941,17234140,17239275,5334,199,5135,45000,41101,41140,440,440,3860
174,17334011,17334212,17339335,5324,201,5123,45000,41140,41178,439,439,3822
175,17434081,17434282,17439393,5312,201,5111,45000,41178,41216,438,438,3784
176,17534151,17534352,17539461,5310,201,5109,45000,41216,41254,437,437,3746
177,17634224,17634425,17639521,5297,201,5096,45000,41254,41291,436,436,3709
178,17734294,17734493,17739581,5287,199,5088,45000,41291,41327,435,435,3673
179,17834365,17834567,17839656,5291,202,5089,45000,41327,41363,434,434,3637
180,17934455,17934655,17939722,5267,200,5067,45000,41363,41399,433,433,3601
181,18034540,18034741,18039796,5256,201,5055,45000,41399,41435,432,432,3565
182,18134622,18134822,18139843,5221,200,5021,45000,41435,41470,431,431,3530
183,18234674,18234875,18239904,5230,201,5029,45000,41470,41504,430,430,3496
184,18334760,18334961,18339964,5204,201,5003,45000,41504,41538,429,429,3462
185,18434832,18435033,18440029,5197,201,4996,45000,41538,41572,428,428,3428
186,18534904,18535105,18540043,5139,201,4938,45000,41572,41605,427,427,3395
187,18634956,18635156,18640039,5083,200,4883,45000,41605,41638,426,426,3362
188,18735008,18735209,18740015,5007,201,4806,45000,41638,41670,425,425,3330
189,18835061,18835261,18840025,4964,200,4764,45000,41670,41703,425,425,3297
190,18935113,18935315,18940021,4908,202,4706,45000,41703,41735,424,424,3265
191,19035164,19035364,19040018,4854,200,4654,45000,41735,41766,423,423,3234
192,19135216,19135417,19140014,4798,201,4597,45000,41766,41797,422,422,3203
193,19235268,19235468,19240024,4756,200,4556,45000,41797,41828,421,421,3172
194,19335320,19335520,19340016,4696,200,4496,45000,41828,41858,420,420,3142
195,19435371,19435572,19440014,4643,201,4442,45000,41858,41888,420,420,3112
196,19535423,19535624,19540023,4600,201,4399,45000,41888,41918,419,419,3082
197,19635476,19635676,19640021,4545,200,4345,45000,41918,41948,418,418,3052
198,19735527,19735728,19740016,4489,201,4288,45000,41948,41977,417,417,3023
199,19835579,19835779,19840012,4433,200,4233,45000,41977,42005,416,416,2995
200,19935631,19935832,19941818,6187,201,5986,45000,42005,42034,416,416,2966
201,20035688,20035889,20039981,4293,201,4092,45000,42034,42062,415,415,2938
202,20135739,20135941,20140017,4278,202,4076,45000,42062,42089,414,414,2911
203,20235811,20236012,20240024,4213,201,4012,45000,42089,42117,413,413,2883
204,20335863,20336064,20340015,4152,201,3951,45000,42117,42143,412,412,2857
205,20435915,20436116,20440018,4103,201,3902,45000,42143,42170,412,412,2830
206,20535967,20536168,20540009,4042,201,3841,45000,42170,42197,411,411,2803
207,20636019,20636220,20640041,4022,201,3821,45000,42197,42223,410,410,2777
208,20736092,20736292,20740034,3942,200,3742,45000,42223,42249,410,410,2751
209,20836145,20836346,20840038,3893,201,3692,45000,42249,42274,409,409,2726
210,20936196,20936398,20940000,3804,202,3602,45000,42274,42300,409,409,2700
211,21036248,21036448,21040021,3773,200,3573,45000,42300,42325,408,408,2675
212,21136300,21136500,21140014,3714,200,3514,45000,42325,42349,407,407,2651
213,21236352,21236553,21240026,3674,201,3473,45000,42349,42374,407,407,2626
214,21336404,21336605,21340015,3611,201,3410,45000,42374,42398,406,406,2602
215,21436456,21436655,21440020,3564,199,3365,45000,42398,42422,405,405,2578
216,21536508,21536708,21540026,3518,200,3318,45000,42422,42445,404,404,2555
217,21636559,21636759,21640028,3469,200,3269,45000,42445,42469,404,404,2531
218,21736612,21736812,21740021,3409,200,3209,45000,42469,42492,403,403,2508
219,21836663,21836864,21840018,3355,201,3154,45000,42492,42514,403,403,2486
220,21936715,21936915,21940018,3303,200,3103,45000,42514,42537,402,402,2463
221,22036767,22036969,22040022,3255,202,3053,45000,42537,42559,401,401,2441
222,22136819,22137019,22140020,3201,200,3001,45000,42559,42581,401,401,2419
223,22236870,22237070,22240021,3151,200,2951,45000,42581,42603,400,400,2397
224,22336923,22337123,22340022,3099,200,2899,45000,42603,42624,400,400,2376
225,22436974,22437174,22439026,2052,200,1852,45000,42624,42646,399,399,2354
226,22537026,22537227,22539136,2110,201,1909,45000,42646,42666,398,398,2334
227,22637077,22637277,22649301,12224,200,12024,45000,42666,42687,398,398,2313
228,22737129,22737330,22748993,11864,201,11663,45000,42687,42708,397,397,2292
229,22837180,22837381,22849061,11881,201,11680,45000,42708,42728,397,397,2272
230,22937233,22937433,22949089,11856,200,11656,45000,42728,42748,396,396,2252
231,23037304,23037504,23049178,11874,200,11674,45000,42748,42768,396,396,2232
232,23137355,23137555,23149213,11858,200,11658,45000,42768,42787,395,395,2213
233,23237427,23237628,23249309,11882,201,11681,45000,42787,42807,395,395,2193
234,23337479,23337680,23349351,11872,201,11671,45000,42807,42826,394,394,2174
235,23437536,23437737,23449442,11906,201,11705,45000,42826,42845,394,394,2155
236,23537587,23537809,23549478,11891,222,11669,45000,42845,42864,393,393,2136
237,23637662,23637890,23649544,11882,228,11654,45000,42864,42882,393,393,2118
238,23737716,23737939,23749590,11874,223,11651,45000,42882,42900,392,392,2100
239,23837801,23838000,23849646,11845,199,11646,45000,42900,42919,392,392,2081
240,23937874,23938075,23949753,11879,201,11678,45000,42919,42936,391,391,2064
241,24037925,24038126,24049791,11866,201,11665,45000,42936,42954,391,391,2046
242,24137994,24138195,24149855,11861,201,11660,45000,42954,42971,390,390,2029
243,24238045,24238246,24249904,11859,201,11658,45000,42971,42989,390,390,2011
244,24338116,24338316,24350000,11884,200,11684,45000,42989,43006,389,389,1994
245,24438168,24438368,24450016,11848,200,11648,45000,43006,43023,389,389,1977
246,24538220,24538421,24550034,11814,201,11613,45000,43023,43039,388,388,1961
247,24638271,24638472,24650024,11753,201,11552,45000,43039,43056,388,388,1944
248,24738323,24738523,24750043,11720,200,11520,45000,43056,43072,388,388,1928
249,24838392,24838593,24850023,11631,201,11430,45000,43072,43088,387,387,1912
250,24938444,24938644,24950018,11574,200,11374,45000,43088,43104,387,387,1896
251,25038516,25038717,25050020,11504,201,11303,45000,43104,43120,386,386,1880
252,25138568,25138768,25150048,11480,200,11280,45000,43120,43135,386,386,1865
253,25238639,25238838,25250047,11408,199,11209,45000,43135,43151,386,386,1849
254,25338691,25338891,25350040,11349,200,11149,45000,43151,43166,385,385,1834
255,25438744,25438943,25450021,11277,199,11078,45000,43166,43181,385,385,1819
256,25538797,25538998,25550022,11225,201,11024,45000,43181,43196,384,384,1804
257,25638849,25639080,25650018,11169,231,10938,45000,43196,43211,384,384,1789
258,25738903,25739104,25750020,11117,201,10916,45000,43211,43225,383,383,1775
259,25838956,25839158,25850020,11064,202,10862,45000,43225,43240,383,383,1760
260,25939009,25939210,25950019,11010,201,10809,45000,43240,43254,383,383,1746
261,26039062,26039262,26050015,10953,200,10753,45000,43254,43268,382,382,1732
262,26139115,26139317,26150040,10925,202,10723,45000,43268,43282,382,382,1718
263,26239188,26239389,26250040,10852,201,10651,45000,43282,43295,382,382,1705
264,26339241,26339442,26350033,10792,201,10591,45000,43295,43309,381,381,1691
265,26439294,26439497,26450022,10728,203,10525,45000,43309,43322,381,381,1678
266,26539354,26539573,26550016,10662,219,10443,45000,43322,43336,381,381,1664
267,26639407,26639627,26650019,10612,220,10392,45000,43336,43349,380,380,1651
268,26739460,26739680,26750021,10561,220,10341,45000,43349,43362,380,380,1638
269,26839514,26839736,26850019,10505,222,10283,45000,43362,43375,379,379,1625
270,26939567,26939786,26950015,10448,219,10229,45000,43375,43387,379,379,1613
271,27039621,27039841,27050022,10401,220,10181,45000,43387,43400,379,379,1600
272,27139675,27139895,27150021,10346,220,10126,45000,43400,43412,378,378,1588
273,27239728,27239947,27250017,10289,219,10070,45000,43412,43424,378,378,1576
274,27339782,27345051,27350016,10234,5269,4965,45000,43424,43436,378,378,1564
275,27439835,27440057,27450022,10187,222,9965,45000,43436,43448,378,378,1552
276,27539889,27540110,27550022,10133,221,9912,45000,43448,43460,377,377,1540
277,27639942,27640198,27650014,10072,256,9816,45000,43460,43472,377,377,1528
278,27739995,27740250,27750025,10030,255,9775,45000,43472,43484,377,377,1516
279,27840049,27840302,27850027,9978,253,9725,45000,43484,43495,376,376,1505
280,27940102,27940350,27950023,9921,248,9673,45000,43495,43506,376,376,1494
281,28040173,28040406,28050020,9847,233,9614,45000,43506,43517,376,376,1483
282,28140224,28140444,28150020,9796,220,9576,45000,43517,43528,375,375,1472
283,28240276,28240497,28250016,9740,221,9519,45000,43528,43539,375,375,1461
284,28340327,28340548,28350031,9704,221,9483,45000,43539,43550,375,375,1450
285,28440380,28440601,28450021,9641,221,9420,45000,43550,43561,374,374,1439
286,28540431,28540651,28550020,9589,220,9369,45000,43561,43571,374,374,1429
287,28640484,28640704,28650020,9536,220,9316,45000,43571,43582,374,374,1418
288,28740536,28740755,28750016,9480,219,9261,45000,43582,43592,374,374,1408
289,28840588,28840807,28850032,9444,219,9225,45000,43592,43602,373,373,1398
290,28940641,28940861,28950020,9379,220,9159,45000,43602,43612,373,373,1388
291,29040692,29040911,29050014,9322,219,9103,45000,43612,43622,373,373,1378
292,29140743,29140965,29150025,9282,222,9060,45000,43622,43632,373,373,1368
293,29240795,29241016,29250016,9221,221,9000,45000,43632,43642,372,372,1358
294,29340847,29341068,29350014,9167,221,8946,45000,43642,43651,372,372,1349
295,29440899,29441119,29450025,9126,220,8906,45000,43651,43661,372,372,1339
296,29540951,29541172,29550022,9071,221,8850,45000,43661,43670,371,371,1330
297,29641003,29641224,29650019,9016,221,8795,45000,43670,43679,371,371,1321
298,29741056,29741275,29750015,8959,219,8740,45000,43679,43688,371,371,1312
299,29841107,29841327,29850021,8914,220,8694,45000,43688,43698,371,371,1302
300,29941160,29941380,29951816,10656,220,10436,45000,43698,43706,370,370,1294
301,30041212,30041413,30049978,8766,201,8565,45000,43706,43715,370,370,1285
302,30141264,30141464,30150025,8761,200,8561,45000,43715,43724,370,370,1276
303,30241317,30241516,30250014,8697,199,8498,45000,43724,43733,370,370,1267
304,30341368,30341568,30350018,8650,200,8450,45000,43733,43741,370,370,1259
305,30441421,30441621,30450016,8595,200,8395,45000,43741,43750,370,370,1250
306,30541473,30541674,30550025,8552,201,8351,45000,43750,43758,369,369,1242
307,30641526,30641726,30650020,8494,200,8294,45000,43758,43766,369,369,1234
308,30741577,30741777,30750015,8438,200,8238,45000,43766,43775,369,369,1225
309,30841629,30841827,30850032,8403,198,8205,45000,43775,43783,368,368,1217
310,30941698,30941899,30950035,8337,201,8136,45000,43783,43791,368,368,1209
311,31041749,31041950,31050030,8281,201,8080,45000,43791,43798,368,368,1202
312,31141801,31142001,31150022,8221,200,8021,45000,43798,43806,368,368,1194
313,31241854,31242054,31250018,8164,200,7964,45000,43806,43814,368,368,1186
314,31341905,31342106,31350017,8112,201,7911,45000,43814,43822,367,367,1178
315,31441958,31442158,31450023,8065,200,7865,45000,43822,43829,367,367,1171
316,31542010,31542210,31550024,8014,200,7814,45000,43829,43837,367,367,1163
317,31642061,31642262,31650021,7960,201,7759,45000,43837,43844,367,367,1156
318,31742113,31742315,31750016,7903,202,7701,45000,43844,43851,367,367,1149
319,31842164,31842365,31850017,7853,201,7652,45000,43851,43859,367,367,1141
320,31942216,31942418,31950021,7805,202,7603,45000,43859,43866,366,366,1134
321,32042268,32042468,32050017,7749,200,7549,45000,43866,43873,366,366,1127
322,32142338,32142539,32150016,7678,201,7477,45000,43873,43880,366,366,1120
323,32242390,32242591,32250021,7631,201,7430,45000,43880,43887,366,366,1113
324,32342442,32342643,32350021,7579,201,7378,45000,43887,43894,366,366,1106
325,32442494,32442694,32450014,7520,200,7320,45000,43894,43900,365,365,1100
326,32542546,32542746,32550023,7477,200,7277,45000,43900,43907,365,365,1093
327,32642598,32642799,32650021,7423,201,7222,45000,43907,43913,365,365,1087
328,32742650,32742850,32750018,7368,200,7168,45000,43913,43920,365,365,1080
329,32842702,32842902,32850013,7311,200,7111,45000,43920,43926,365,365,1074
330,32942754,32942955,32950024,7270,201,7069,45000,43926,43933,365,365,1067
331,33042806,33043006,33050014,7208,200,7008,45000,43933,43939,364,364,1061
332,33142857,33143058,33150015,7158,201,6957,45000,43939,43945,364,364,1055
333,33242909,33243111,33250024,7115,202,6913,45000,43945,43951,364,364,1049
334,33342962,33343162,33350021,7059,200,6859,45000,43951,43958,364,364,1042
335,33443013,33443214,33450016,7003,201,6802,45000,43958,43963,363,363,1037
336,33543066,33543266,33550016,6950,200,6750,45000,43963,43969,364,364,1031
337,33643117,33643318,33650040,6923,201,6722,45000,43969,43975,363,363,1025
338,33743171,33743397,33750031,6860,226,6634,45000,43975,43981,363,363,1019
339,33843222,33843451,33850028,6806,229,6577,45000,43981,43987,363,363,1013
340,33943274,33943504,33950018,6744,230,6514,45000,43987,43992,363,363,1008
341,34043326,34043549,34050014,6688,223,6465,45000,43992,43998,363,363,1002
342,34143391,34143589,34150013,6622,198,6424,45000,43998,44004,363,363,996
343,34243443,34243642,34250023,6580,199,6381,45000,44004,44009,362,362,991
344,34343494,34343694,34350020,6526,200,6326,45000,44009,44014,362,362,986
345,34443545,34443745,34450016,6471,200,6271,45000,44014,44020,362,362,980
346,34543597,34543797,34550015,6418,200,6218,45000,44020,44025,362,362,975
347,34643648,34643848,34650022,6374,200,6174,45000,44025,44030,362,362,970
348,34743699,34743901,34750020,6321,202,6119,45000,44030,44035,362,362,965
349,34843751,34843951,34850018,6267,200,6067,45000,44035,44041,362,362,959
350,34943821,34944022,34950016,6195,201,5994,45000,44041,44046,361,361,954
351,35043872,35044072,35050017,6145,200,5945,45000,44046,44050,361,361,950
352,35143923,35144125,35150019,6096,202,5894,45000,44050,44055,361,361,945
353,35243975,35244174,35250012,6037,199,5838,45000,44055,44060,361,361,940
354,35344025,35344226,35350022,5997,201,5796,45000,44060,44065,361,361,935
355,35444077,35444277,35450019,5942,200,5742,45000,44065,44070,361,361,930
356,35544129,35544329,35550018,5889,200,5689,45000,44070,44075,361,361,925
357,35644180,35644381,35650019,5839,201,5638,45000,44075,44079,361,361,921
358,35744231,35744431,35750023,5792,200,5592,45000,44079,44084,361,361,916
359,35844283,35844484,35850014,5731,201,5530,45000,44084,44089,360,360,911
360,35944334,35944534,35950014,5680,200,5480,45000,44089,44093,360,360,907
361,36044385,36044585,36050023,5638,200,5438,45000,44093,44098,360,360,902
362,36144437,36144637,36150019,5582,200,5382,45000,44098,44102,360,360,898
363,36244488,36244688,36250014,5526,200,5326,45000,44102,44106,360,360,894
364,36344540,36344741,36350032,5492,201,5291,45000,44106,44111,360,360,889
365,36444608,36444809,36450037,5429,201,5228,45000,44111,44115,359,359,885
366,36544660,36544860,36550033,5373,200,5173,45000,44115,44119,359,359,881
367,36644713,36644913,36650021,5308,200,5108,45000,44119,44123,359,359,877
368,36744764,36744964,36750020,5256,200,5056,45000,44123,44127,359,359,873
369,36844815,36845015,36850013,5198,200,4998,45000,44127,44131,359,359,869
370,36944867,36945066,36950022,5155,199,4956,45000,44131,44135,359,359,865
371,37044918,37045119,37050020,5102,201,4901,45000,44135,44139,359,359,861
372,37144970,37145171,37150015,5045,201,4844,45000,44139,44143,359,359,857
373,37245021,37245221,37250017,4996,200,4796,45000,44143,44147,359,359,853
374,37345073,37345274,37350021,4948,201,4747,45000,44147,44151,359,359,849
375,37445124,37445325,37450023,4899,201,4698,45000,44151,44155,359,359,845
376,37545176,37545375,37550020,4844,199,4645,45000,44155,44158,358,358,842
377,37645227,37645427,37650015,4788,200,4588,45000,44158,44162,358,358,838
378,37745279,37745479,37750019,4740,200,4540,45000,44162,44166,358,358,834
379,37845350,37845551,37850021,4671,201,4470,45000,44166,44169,358,358,831
380,37945402,37945602,37950015,4613,200,4413,45000,44169,44173,358,358,827
381,38045453,38045652,38050012,4559,199,4360,45000,44173,44176,358,358,824
382,38145505,38145704,38150020,4515,199,4316,45000,44176,44180,358,358,820
383,38245556,38245756,38250015,4459,200,4259,45000,44180,44183,358,358,817
384,38345607,38345807,38350015,4408,200,4208,45000,44183,44187,358,358,813
385,38445659,38445859,38450022,4363,200,4163,45000,44187,44190,357,357,810
386,38545711,38545911,38550020,4309,200,4109,45000,44190,44193,357,357,807
387,38645762,38645962,38650015,4253,200,4053,45000,44193,44196,357,357,804
388,38745813,38746014,38750022,4209,201,4008,45000,44196,44200,357,357,800
389,38845865,38846065,38850022,4157,200,3957,45000,44200,44203,357,357,797
390,38945916,38946117,38950017,4101,201,3900,45000,44203,44206,357,357,794
391,39045969,39046169,39050018,4049,200,3849,45000,44206,44209,357,357,791
392,39146020,39146220,39150043,4023,200,3823,45000,44209,44212,357,357,788
393,39246072,39246272,39250033,3961,200,3761,45000,44212,44215,357,357,785
394,39346123,39346324,39350042,3919,201,3718,45000,44215,44218,357,357,782
395,39446175,39446375,39449999,3824,200,3624,45000,44218,44221,357,357,779
396,39546227,39546427,39550020,3793,200,3593,45000,44221,44224,357,357,776
397,39646278,39646479,39650011,3733,201,3532,45000,44224,44228,357,357,772
398,39746329,39746530,39750024,3695,201,3494,45000,44228,44230,356,356,770
399,39846381,39846582,39850022,3641,201,3440,45000,44230,44233,357,357,767
400,39946433,39946634,39951811,5378,201,5177,45000,44233,44236,356,356,764
401,40046491,40046691,40049984,3493,200,3293,45000,44236,44239,356,356,761
402,40146541,40146741,40150024,3483,200,3283,45000,44239,44242,356,356,758
403,40246595,40246796,40250020,3425,201,3224,45000,44242,44244,356,356,756
404,40346647,40346847,40350018,3371,200,3171,45000,44244,44247,356,356,753
405,40446698,40446899,40450027,3329,201,3128,45000,44247,44250,356,356,750
406,40546750,40546950,40550026,3276,200,3076,45000,44250,44252,356,356,748
407,40646801,40647001,40650020,3219,200,3019,45000,44252,44255,356,356,745
408,40746852,40747052,40750022,3170,200,2970,45000,44255,44258,356,356,742
409,40846904,40847104,40850019,3115,200,2915,45000,44258,44260,356,356,740
410,40946955,40952118,40960004,13049,5163,7886,45000,44260,44263,356,356,737
411,41047006,41047206,41049983,2977,200,2777,45000,44263,44265,355,355,735
412,41147057,41147258,41160001,12944,201,12743,45000,44265,44268,355,355,732
413,41247108,41247308,41260019,12911,200,12711,45000,44268,44270,355,355,730
414,41347176,41347376,41359014,11838,200,11638,45000,44270,44272,355,355,728
415,41447228,41447428,41459096,11868,200,11668,45000,44272,44275,355,355,725
416,41547279,41547478,41559133,11854,199,11655,45000,44275,44277,355,355,723
417,41647351,41647552,41659200,11849,201,11648,45000,44277,44279,355,355,721
418,41747405,41747605,41759264,11859,200,11659,45000,44279,44281,355,355,719
419,41847460,41847661,41859335,11875,201,11674,45000,44281,44284,355,355,716
420,41947512,41947713,41959397,11885,201,11684,45000,44284,44286,355,355,714
421,42047567,42047768,42059453,11886,201,11685,45000,44286,44288,355,355,712
422,42147640,42147866,42159517,11877,226,11651,45000,44288,44291,355,355,709
423,42247695,42247916,42259567,11872,221,11651,45000,44291,44293,355,355,707
424,42347766,42347983,42359631,11865,217,11648,45000,44293,44295,355,355,705
425,42447823,42448024,42459680,11857,201,11656,45000,44295,44297,355,355,703
426,42547894,42548094,42559744,11850,200,11650,45000,44297,44299,355,355,701
427,42647948,42648148,42659809,11861,200,11661,45000,44299,44302,355,355,698
428,42748003,42748204,42759859,11856,201,11655,45000,44302,44304,354,354,696
429,42848076,42848277,42859952,11876,201,11675,45000,44304,44305,354,354,695
430,42948128,42948328,42959982,11854,200,11654,45000,44305,44308,355,355,692
431,43048200,43048400,43060019,11819,200,11619,45000,44308,44310,354,354,690
432,43148269,43148469,43160037,11768,200,11568,45000,44310,44311,354,354,689
433,43248319,43248519,43260037,11718,200,11518,45000,44311,44313,354,354,687
434,43348370,43348570,43360035,11665,200,11465,45000,44313,44315,354,354,685
435,43448422,43448623,43459995,11573,201,11372,45000,44315,44317,354,354,683
436,43548475,43548675,43560025,11550,200,11350,45000,44317,44319,354,354,681
437,43648526,43648727,43660027,11501,201,11300,45000,44319,44321,354,354,679
438,43748577,43748777,43760020,11443,200,11243,45000,44321,44323,354,354,677
439,43848629,43848828,43860021,11392,199,11193,45000,44323,44324,354,354,676
440,43948681,43948881,43960018,11337,200,11137,45000,44324,44326,354,354,674
441,44048733,44048933,44060037,11304,200,11104,45000,44326,44328,354,354,672
442,44148804,44149003,44160024,11220,199,11021,45000,44328,44330,354,354,670
443,44248856,44249057,44260019,11163,201,10962,45000,44330,44332,354,354,668
444,44348909,44349109,44360019,11110,200,10910,45000,44332,44333,354,354,667
445,44448962,44449162,44460018,11056,200,10856,45000,44333,44335,354,354,665
446,44549015,44549216,44560014,10999,201,10798,45000,44335,44337,354,354,663
447,44649068,44649269,44660028,10960,201,10759,45000,44337,44339,354,354,661
448,44749121,44749322,44760015,10894,201,10693,45000,44339,44340,353,353,660
449,44849174,44849374,44860020,10846,200,10646,45000,44340,44342,354,354,658
450,44949228,44949428,44960021,10793,200,10593,45000,44342,44343,353,353,657
451,45049281,45049481,45060016,10735,200,10535,45000,44343,44345,353,353,655
452,45149334,45149534,45160013,10679,200,10479,45000,44345,44346,353,353,654
453,45249387,45249588,45260023,10636,201,10435,45000,44346,44348,353,353,652
454,45349441,45349642,45360016,10575,201,10374,45000,44348,44349,353,353,651
455,45449494,45449694,45460019,10525,200,10325,45000,44349,44351,353,353,649
456,45549548,45549748,45560020,10472,200,10272,45000,44351,44352,353,353,648
457,45649600,45649800,45660021,10421,200,10221,45000,44352,44354,353,353,646
458,45749654,45749855,45760012,10358,201,10157,45000,44354,44355,353,353,645
459,45849708,45849908,45860017,10309,200,10109,45000,44355,44356,353,353,644
460,45949761,45949962,45960021,10260,201,10059,45000,44356,44358,353,353,642
461,46049814,46050015,46060015,10201,201,10000,45000,44358,44359,353,353,641
462,46149866,46150066,46160018,10152,200,9952,45000,44359,44361,353,353,639
463,46249920,46250120,46260020,10100,200,9900,45000,44361,44362,353,353,638
464,46349972,46350206,46360022,10050,234,9816,45000,44362,44363,353,353,637
465,46450025,46450262,46460014,9989,237,9752,45000,44363,44365,353,353,635
466,46550078,46550304,46560014,9936,226,9710,45000,44365,44366,353,353,634
467,46650150,46650352,46660037,9887,202,9685,45000,44366,44368,353,353,632
468,46750215,46750415,46760033,9818,200,9618,45000,44368,44369,353,353,631
469,46850267,46850468,46860027,9760,201,9559,45000,44369,44370,353,353,630
470,46950318,46950519,46960020,9702,201,9501,45000,44370,44372,353,353,628
471,47050369,47050570,47060016,9647,201,9446,45000,44372,44373,353,353,627
472,47150420,47150621,47160015,9595,201,9394,45000,44373,44374,353,353,626
473,47250472,47250672,47260026,9554,200,9354,45000,44374,44376,353,353,624
474,47350524,47350725,47360023,9499,201,9298,45000,44376,44377,352,352,623
475,47450575,47450777,47460016,9441,202,9239,45000,44377,44378,352,352,622
476,47550628,47550829,47560015,9387,201,9186,45000,44378,44379,352,352,621
477,47650679,47650879,47660021,9342,200,9142,45000,44379,44380,352,352,620
478,47750730,47750932,47760020,9290,202,9088,45000,44380,44381,352,352,619
479,47850782,47850982,47860013,9231,200,9031,45000,44381,44382,352,352,618
480,47950833,47951033,47960023,9190,200,8990,45000,44382,44383,352,352,617
481,48050885,48051085,48060019,9134,200,8934,45000,44383,44384,352,352,616
482,48150937,48151136,48160016,9079,199,8880,45000,44384,44385,352,352,615
483,48250989,48251190,48260011,9022,201,8821,45000,44385,44386,352,352,614
484,48351040,48351242,48360021,8981,202,8779,45000,44386,44387,352,352,613
485,48451093,48451293,48460020,8927,200,8727,45000,44387,44388,352,352,612
486,48551144,48551344,48560016,8872,200,8672,45000,44388,44389,352,352,611
487,48651195,48651395,48660020,8825,200,8625,45000,44389,44390,352,352,610
488,48751248,48751448,48760020,8772,200,8572,45000,44390,44391,352,352,609
489,48851299,48851499,48860016,8717,200,8517,45000,44391,44392,352,352,608
490,48951350,48951550,48960012,8662,200,8462,45000,44392,44393,352,352,607
491,49051401,49051601,49060023,8622,200,8422,45000,44393,44394,352,352,606
492,49151453,49151653,49160022,8569,200,8369,45000,44394,44395,352,352,605
493,49251505,49251705,49260015,8510,200,8310,45000,44395,44396,352,352,604
494,49351556,49351757,49360030,8474,201,8273,45000,44396,44397,352,352,603
495,49451608,49451810,49460038,8430,202,8228,45000,44397,44398,352,352,602
496,49551661,49551862,49560032,8371,201,8170,45000,44398,44399,352,352,601
497,49651713,49651914,49660023,8310,201,8109,45000,44399,44400,352,352,600
498,49751765,49751965,49760018,8253,200,8053,45000,44400,44401,352,352,599
499,49851817,49852016,49860017,8200,199,8001,45000,44401,44402,352,352,598
500,49951868,49952068,49961810,9942,200,9742,45000,44402,44403,352,352,597
501,50051926,50052128,50059984,8058,202,7856,45000,44403,44404,352,352,596
502,50151977,50152178,50160021,8044,201,7843,45000,44404,44405,352,352,595
503,50252051,50252250,50260018,7967,199,7768,45000,44405,44406,352,352,594
504,50352103,50352303,50360025,7922,200,7722,45000,44406,44407,352,352,593
505,50452156,50452356,50460022,7866,200,7666,45000,44407,44408,352,352,592
506,50552207,50552408,50560017,7810,201,7609,45000,44408,44408,352,352,592
507,50652259,50652462,50660015,7756,203,7553,45000,44408,44409,352,352,591
508,50752311,50752512,50760021,7710,201,7509,45000,44409,44410,352,352,590
509,50852363,50852565,50860022,7659,202,7457,45000,44410,44411,352,352,589
510,50952415,50952615,50960014,7599,200,7399,45000,44411,44412,352,352,588
511,51052467,51052668,51060025,7558,201,7357,45000,44412,44413,352,352,587
512,51152520,51152719,51160017,7497,199,7298,45000,44413,44414,352,352,586
513,51252572,51252795,51260017,7445,223,7222,45000,44414,44415,352,352,585
514,51352624,51352824,51360013,7389,200,7189,45000,44415,44416,351,351,584
515,51452676,51452875,51460021,7345,199,7146,45000,44416,44416,351,351,584
516,51552728,51552929,51560021,7293,201,7092,45000,44416,44417,352,352,583
517,51652780,51652980,51660013,7233,200,7033,45000,44417,44418,351,351,582
518,51752831,51753032,51760023,7192,201,6991,45000,44418,44418,351,351,582
519,51852884,51853086,51860022,7138,202,6936,45000,44418,44419,351,351,581
520,51952935,51953135,51960015,7080,200,6880,45000,44419,44419,351,351,581
521,52052987,52053189,52060012,7025,202,6823,45000,44419,44420,351,351,580
522,52153039,52153240,52160039,7000,201,6799,45000,44420,44421,351,351,579
523,52253112,52253311,52260030,6918,199,6719,45000,44421,44421,351,351,579
524,52353164,52353393,52360030,6866,229,6637,45000,44421,44422,351,351,578
525,52453215,52453445,52460016,6801,230,6571,45000,44422,44422,351,351,578
526,52553266,52553500,52560017,6751,234,6517,45000,44422,44423,351,351,577
527,52653318,52653541,52660014,6696,223,6473,45000,44423,44424,351,351,576
528,52753386,52753585,52760022,6636,199,6437,45000,44424,44424,351,351,576
529,52853423,52853624,52860019,6596,201,6395,45000,44424,44425,351,351,575
530,52953474,52953674,52960016,6542,200,6342,45000,44425,44425,351,351,575
531,53053525,53053727,53060024,6499,202,6297,45000,44425,44426,351,351,574
532,53153577,53153778,53160022,6445,201,6244,45000,44426,44427,351,351,573
533,53253629,53253830,53260016,6387,201,6186,45000,44427,44427,351,351,573
534,53353680,53353882,53360017,6337,202,6135,45000,44427,44428,351,351,572
535,53453732,53453932,53460011,6279,200,6079,45000,44428,44428,351,351,572
536,53553783,53553984,53560022,6239,201,6038,45000,44428,44429,351,351,571
537,53653834,53654034,53660022,6188,200,5988,45000,44429,44429,351,351,571
538,53753885,53754087,53760016,6131,202,5929,45000,44429,44430,351,351,570
539,53853937,53854137,53860021,6084,200,5884,45000,44430,44431,351,351,569
540,53953988,53954187,53960018,6030,199,5831,45000,44431,44431,351,351,569
541,54054039,54054240,54060017,5978,201,5777,45000,44431,44432,351,351,568
542,54154091,54154292,54160017,5926,201,5725,45000,44432,44432,351,351,568
543,54254142,54254343,54260020,5878,201,5677,45000,44432,44433,351,351,567
544,54354193,54354393,54360014,5821,200,5621,45000,44433,44433,351,351,567
545,54454244,54454446,54460014,5770,202,5568,45000,44433,44434,351,351,566
546,54554296,54554496,54560022,5726,200,5526,45000,44434,44434,351,351,566
547,54654347,54659507,54670000,15653,5160,10493,45000,44434,44435,351,351,565
548,54754398,54754599,54759870,5472,201,5271,45000,44435,44435,351,351,565
549,54854449,54854650,54859986,5537,201,5336,45000,44435,44436,351,351,564
550,54954524,54954725,54960035,5511,201,5310,45000,44436,44437,351,351,563
551,55054576,55054775,55060063,5487,199,5288,45000,44437,44437,351,351,563
552,55154628,55154829,55160021,5393,201,5192,45000,44437,44438,351,351,562
553,55254679,55254879,55260018,5339,200,5139,45000,44438,44438,351,351,562
554,55354730,55354932,55360014,5284,202,5082,45000,44438,44439,351,351,561
555,55454782,55454982,55460023,5241,200,5041,45000,44439,44439,351,351,561
556,55554834,55555035,55560021,5187,201,4986,45000,44439,44440,351,351,560
557,55654886,55655086,55660018,5132,200,4932,45000,44440,44440,351,351,560
558,55754938,55755139,55760011,5073,201,4872,45000,44440,44441,351,351,559
559,55854990,55855190,55860021,5031,200,4831,45000,44441,44441,351,351,559
560,55955042,55955243,55960017,4975,201,4774,45000,44441,44442,351,351,558
561,56055093,56055293,56060017,4924,200,4724,45000,44442,44442,351,351,558
562,56155145,56155346,56160023,4878,201,4677,45000,44442,44443,351,351,557
563,56255196,56255397,56260024,4828,201,4627,45000,44443,44443,351,351,557
564,56355247,56355449,56360022,4775,202,4573,45000,44443,44444,351,351,556
565,56455298,56455499,56460017,4719,201,4518,45000,44444,44444,351,351,556
566,56555349,56555552,56560018,4669,203,4466,45000,44444,44445,351,351,555
567,56655401,56655599,56660021,4620,198,4422,45000,44445,44445,351,351,555
568,56755453,56755653,56760018,4565,200,4365,45000,44445,44446,351,351,554
569,56855505,56855705,56860017,4512,200,4312,45000,44446,44446,351,351,554
570,56955556,56955757,56960022,4466,201,4265,45000,44446,44447,351,351,553
571,57055607,57055806,57060021,4414,199,4215,45000,44447,44447,351,351,553
572,57155658,57155859,57160014,4356,201,4155,45000,44447,44448,351,351,552
573,57255709,57255910,57260019,4310,201,4109,45000,44448,44448,351,351,552
574,57355761,57355961,57360021,4260,200,4060,45000,44448,44449,351,351,551
575,57455813,57456012,57460014,4201,199,4002,45000,44449,44449,350,350,551
576,57555864,57556065,57560015,4151,201,3950,45000,44449,44449,351,351,551
577,57655915,57656115,57660041,4126,200,3926,45000,44449,44450,351,351,550
578,57755967,57756168,57760040,4073,201,3872,45000,44450,44450,350,350,550
579,57856019,57856220,57860037,4018,201,3817,45000,44450,44451,351,351,549
580,57956071,57956271,57960016,3945,200,3745,45000,44451,44451,350,350,549
581,58056123,58056325,58060025,3902,202,3700,45000,44451,44451,351,351,549
582,58156175,58156377,58160012,3837,202,3635,45000,44451,44452,351,351,548
583,58256227,58256426,58260025,3798,199,3599,45000,44452,44452,350,350,548
584,58356277,58356479,58360024,3747,202,3545,45000,44452,44452,350,350,548
585,58456329,58456529,58460019,3690,200,3490,45000,44452,44452,350,350,548
586,58556380,58556581,58560027,3647,201,3446,45000,44452,44453,350,350,547
587,58656432,58656633,58660018,3586,201,3385,45000,44453,44453,350,350,547
588,58756483,58756685,58760020,3537,202,3335,45000,44453,44453,350,350,547
589,58856535,58856737,58860012,3477,202,3275,45000,44453,44453,350,350,547
590,58956586,58956787,58960023,3437,201,3236,45000,44453,44453,350,350,547
591,59056638,59056839,59060020,3382,201,3181,45000,44453,44453,350,350,547
592,59156689,59156891,59160015,3326,202,3124,45000,44453,44454,350,350,546
593,59256740,59256942,59260028,3288,202,3086,45000,44454,44454,350,350,546
594,59356792,59356993,59360025,3233,201,3032,45000,44454,44454,350,350,546
595,59456843,59457045,59460028,3185,202,2983,45000,44454,44454,350,350,546
596,59556914,59557116,59560017,3103,202,2901,45000,44454,44454,350,350,546
597,59656966,59657167,59659005,2039,201,1838,45000,44454,44455,350,350,545
598,59757017,59757218,59759111,2094,201,1893,45000,44455,44455,350,350,545
599,59857070,59857270,59869281,12211,200,12011,45000,44455,44455,350,350,545
600,59957120,59957322,59971848,14728,202,14526,45000,44455,44455,350,350,545
601,60057177,60057390,60069026,11849,213,11636,65000,44455,44637,1000,1000,20363
602,60157228,60157430,60169104,11876,202,11674,65000,44637,44819,1000,1000,20181
603,60257279,60257480,60269153,11874,201,11673,65000,44819,44999,1000,1000,20001
604,60357332,60357532,60369207,11875,200,11675,65000,44999,45179,1000,1000,19821
605,60457404,60457604,60469258,11854,200,11654,65000,45179,45359,1000,1000,19641
606,60557476,60557677,60569355,11879,201,11678,65000,45359,45537,1000,1000,19463
607,60657529,60657730,60669398,11869,201,11668,65000,45537,45715,1000,1000,19285
608,60757599,60757824,60769463,11864,225,11639,65000,45715,45892,1000,1000,19108
609,60857652,60857878,60869520,11868,226,11642,65000,45892,46069,1000,1000,18931
610,60957724,60957945,60969591,11867,221,11646,65000,46069,46244,1000,1000,18756
611,61057791,61057992,61069642,11851,201,11650,65000,46244,46419,1000,1000,18581
612,61157848,61158049,61169694,11846,201,11645,65000,46419,46594,1000,1000,18406
613,61257920,61258120,61269772,11852,200,11652,65000,46594,46767,1000,1000,18233
614,61357973,61358173,61369834,11861,200,11661,65000,46767,46940,1000,1000,18060
615,61458027,61458229,61469888,11861,202,11659,65000,46940,47113,1000,1000,17887
616,61558081,61558282,61569939,11858,201,11657,65000,47113,47284,1000,1000,17716
617,61658133,61658333,61669989,11856,200,11656,65000,47284,47455,1000,1000,17545
618,61758207,61758407,61770022,11815,200,11615,65000,47455,47625,1000,1000,17375
619,61858258,61858458,61870018,11760,200,11560,65000,47625,47795,1000,1000,17205
620,61958310,61958510,61970031,11721,200,11521,65000,47795,47964,1000,1000,17036
621,62058361,62058561,62070038,11677,200,11477,65000,47964,48132,1000,1000,16868
622,62158413,62158613,62170035,11622,200,11422,65000,48132,48299,1000,1000,16701
623,62258464,62258664,62270014,11550,200,11350,65000,48299,48466,1000,1000,16534
624,62358515,62358715,62370032,11517,200,11317,65000,48466,48632,1000,1000,16368
625,62458566,62458767,62470035,11469,201,11268,65000,48632,48798,1000,1000,16202
626,62558618,62558819,62570030,11412,201,11211,65000,48798,48962,1000,1000,16038
627,62658670,62658871,62670020,11350,201,11149,65000,48962,49127,1000,1000,15873
628,62758723,62758925,62770018,11295,202,11093,65000,49127,49290,1000,1000,15710
629,62858777,62858977,62870016,11239,200,11039,65000,49290,49453,1000,1000,15547
630,62958830,62959030,62970027,11197,200,10997,65000,49453,49615,1000,1000,15385
631,63058883,63059083,63070022,11139,200,10939,65000,49615,49776,997,997,15224
632,63158936,63159136,63170023,11087,200,10887,65000,49776,49935,993,993,15065
633,63258989,63259189,63270018,11029,200,10829,65000,49935,50092,989,989,14908
634,63359041,63359242,63370015,10974,201,10773,65000,50092,50247,984,984,14753
635,63459095,63459294,63470016,10921,199,10722,65000,50247,50400,980,980,14600
636,63559148,63559348,63570017,10869,200,10669,65000,50400,50552,976,976,14448
637,63659201,63659402,63670013,10812,201,10611,65000,50552,50702,972,972,14298
638,63759255,63759454,63770023,10768,199,10569,65000,50702,50850,968,968,14150
639,63859308,63859507,63870021,10713,199,10514,65000,50850,50997,964,964,14003
640,63959361,63959563,63970015,10654,202,10452,65000,50997,51142,960,960,13858
641,64059415,64059615,64070020,10605,200,10405,65000,51142,51285,956,956,13715
642,64159468,64159669,64170019,10551,201,10350,65000,51285,51426,953,953,13574
643,64259521,64259721,64270013,10492,200,10292,65000,51426,51566,949,949,13434
644,64359574,64359774,64370014,10440,200,10240,65000,51566,51705,945,945,13295
645,64459627,64459828,64470021,10394,201,10193,65000,51705,51841,941,941,13159
646,64559680,64559881,64570016,10336,201,10135,65000,51841,51977,938,938,13023
647,64659733,64659933,64670016,10283,200,10083,65000,51977,52110,934,934,12890
648,64759786,64759985,64770020,10234,199,10035,65000,52110,52243,931,931,12757
649,64859838,64860038,64870021,10183,200,9983,65000,52243,52373,927,927,12627
650,64959891,64960091,64970015,10124,200,9924,65000,52373,52502,924,924,12498
651,65059944,65060175,65070012,10068,231,9837,65000,52502,52630,920,920,12370
652,65159997,65160228,65170038,10041,231,9810,65000,52630,52756,917,917,12244
653,65260069,65260307,65270029,9960,238,9722,65000,52756,52881,914,914,12119
654,65360122,65360348,65370030,9908,226,9682,65000,52881,53004,910,910,11996
655,65460189,65460389,65470018,9829,200,9629,65000,53004,53126,907,907,11874
656,65560240,65560441,65570020,9780,201,9579,65000,53126,53247,904,904,11753
657,65660292,65660493,65670015,9723,201,9522,65000,53247,53366,900,900,11634
658,65760343,65760543,65770026,9683,200,9483,65000,53366,53484,897,897,11516
659,65860396,65860598,65870021,9625,202,9423,65000,53484,53600,894,894,11400
660,65960448,65960648,65970017,9569,200,9369,65000,53600,53715,891,891,11285
661,66060499,66060699,66070015,9516,200,9316,65000,53715,53829,888,888,11171
662,66160551,66160751,66170023,9472,200,9272,65000,53829,53941,885,885,11059
663,66260604,66260804,66270020,9416,200,9216,65000,53941,54053,882,882,10947
664,66360655,66360856,66370014,9359,201,9158,65000,54053,54162,879,879,10838
665,66460706,66460908,66470017,9311,202,9109,65000,54162,54271,876,876,10729
666,66560758,66560959,66570016,9258,201,9057,65000,54271,54378,873,873,10622
667,66660810,66661011,66670017,9207,201,9006,65000,54378,54485,870,870,10515
668,66760861,66761062,66770014,9153,201,8952,65000,54485,54589,867,867,10411
669,66860913,66861113,66870021,9108,200,8908,65000,54589,54693,865,865,10307
670,66960966,66961167,66970021,9055,201,8854,65000,54693,54796,862,862,10204
671,67061018,67061219,67070014,8996,201,8795,65000,54796,54897,859,859,10103
672,67161070,67161269,67170023,8953,199,8754,65000,54897,54998,857,857,10002
673,67261121,67261322,67270019,8898,201,8697,65000,54998,55097,854,854,9903
674,67361172,67361371,67370016,8844,199,8645,65000,55097,55195,851,851,9805
675,67461224,67461425,67470010,8786,201,8585,65000,55195,55291,849,849,9709
676,67561276,67561475,67570022,8746,199,8547,65000,55291,55387,846,846,9613
677,67661328,67661529,67670019,8691,201,8490,65000,55387,55482,844,844,9518
678,67761379,67761579,67770016,8637,200,8437,65000,55482,55576,841,841,9424
679,67861431,67861632,67870033,8602,201,8401,65000,55576,55668,838,838,9332
680,67961501,67961701,67970037,8536,200,8336,65000,55668,55759,836,836,9241
681,68061553,68061754,68070034,8481,201,8280,65000,55759,55850,834,834,9150
682,68161606,68161805,68170022,8416,199,8217,65000,55850,55939,831,831,9061
683,68261657,68266760,68270018,8361,5103,3258,65000,55939,56027,829,829,8973
684,68361709,68361910,68370015,8306,201,8105,65000,56027,56115,827,827,8885
685,68461761,68461962,68470022,8261,201,8060,65000,56115,56201,824,824,8799
686,68561813,68562014,68570021,8208,201,8007,65000,56201,56286,822,822,8714
687,68661865,68662066,68670015,8150,201,7949,65000,56286,56371,820,820,8629
688,68761917,68762117,68770014,8097,200,7897,65000,56371,56454,817,817,8546
689,68861968,68862168,68870025,8057,200,7857,65000,56454,56537,815,815,8463
690,68962020,68962222,68970022,8002,202,7800,65000,56537,56618,813,813,8382
691,69062072,69062272,69070018,7946,200,7746,65000,56618,56699,811,811,8301
692,69162124,69162323,69170018,7894,199,7695,65000,56699,56778,809,809,8222
693,69262176,69262378,69270021,7845,202,7643,65000,56778,56857,807,807,8143
694,69362227,69362428,69370021,7794,201,7593,65000,56857,56935,804,804,8065
695,69462280,69462480,69470016,7736,200,7536,65000,56935,57012,802,802,7988
696,69562332,69562532,69570012,7680,200,7480,65000,57012,57088,800,800,7912
697,69662384,69662583,69670021,7637,199,7438,65000,57088,57163,798,798,7837
698,69762436,69762637,69770013,7577,201,7376,65000,57163,57237,796,796,7763
699,69862488,69862689,69870015,7527,201,7326,65000,57237,57310,794,794,7690
700,69962539,69962740,69971819,9280,201,9079,65000,57310,57383,792,792,7617
701,70062617,70062820,70069983,7366,203,7163,65000,57383,57455,790,790,7545
702,70162649,70162850,70170018,7369,201,7168,65000,57455,57525,788,788,7475
703,70262722,70262922,70270022,7300,200,7100,65000,57525,57596,787,787,7404
704,70362774,70362974,70370021,7247,200,7047,65000,57596,57665,785,785,7335
705,70462826,70463026,70470016,7190,200,6990,65000,57665,57734,783,783,7266
706,70562877,70563078,70570018,7141,201,6940,65000,57734,57801,781,781,7199
707,70662931,70663131,70670046,7115,200,6915,65000,57801,57868,779,779,7132
708,70762984,70763184,70770035,7051,200,6851,65000,57868,57935,778,778,7065
709,70863035,70863235,70870033,6998,200,6798,65000,57935,58000,776,776,7000
710,70963088,70963288,70970020,6932,200,6732,65000,58000,58065,774,774,6935
711,71063139,71063340,71070017,6878,201,6677,65000,58065,58129,772,772,6871
712,71163191,71163421,71170012,6821,230,6591,65000,58129,58192,771,771,6808
713,71263243,71263475,71270024,6781,232,6549,65000,58192,58255,769,769,6745
714,71363296,71363522,71370020,6724,226,6498,65000,58255,58316,767,767,6684
715,71463348,71463569,71470016,6668,221,6447,65000,58316,58378,766,766,6622
716,71563400,71563599,71570024,6624,199,6425,65000,58378,58438,764,764,6562
717,71663452,71663653,71670022,6570,201,6369,65000,58438,58498,762,762,6502
718,71763503,71763703,71770016,6513,200,6313,65000,58498,58557,761,761,6443
719,71863554,71863754,71870017,6463,200,6263,65000,58557,58615,759,759,6385
720,71963606,71963806,71970029,6423,200,6223,65000,58615,58673,758,758,6327
721,72063659,72063861,72070026,6367,202,6165,65000,58673,58730,756,756,6270
722,72163710,72163911,72170021,6311,201,6110,65000,58730,58786,755,755,6214
723,72263762,72263963,72270017,6255,201,6054,65000,58786,58842,753,753,6158
724,72363814,72364015,72370014,6200,201,5999,65000,58842,58897,752,752,6103
725,72463866,72464065,72470026,6160,199,5961,65000,58897,58952,750,750,6048
726,72563918,72564118,72570015,6097,200,5897,65000,58952,59006,749,749,5994
727,72663969,72664170,72670018,6049,201,5848,65000,59006,59059,747,747,5941
728,72764021,72764221,72770020,5999,200,5799,65000,59059,59111,746,746,5889
729,72864074,72864276,72870019,5945,202,5743,65000,59111,59164,745,745,5836
730,72964125,72964326,72970013,5888,201,5687,65000,59164,59215,743,743,5785
731,73064177,73064377,73070023,5846,200,5646,65000,59215,59266,742,742,5734
732,73164229,73164430,73170019,5790,201,5589,65000,59266,59316,740,740,5684
733,73264280,73264481,73270018,5738,201,5537,65000,59316,59366,739,739,5634
734,73364332,73364533,73370035,5703,201,5502,65000,59366,59415,738,738,5585
735,73464400,73464601,73470042,5642,201,5441,65000,59415,59463,736,736,5537
736,73564451,73564652,73570036,5585,201,5384,65000,59463,59511,735,735,5489
737,73664504,73664705,73670023,5519,201,5318,65000,59511,59559,734,734,5441
738,73764555,73764756,73770018,5463,201,5262,65000,59559,59605,732,732,5395
739,73864606,73864807,73870015,5409,201,5208,65000,59605,59652,731,731,5348
740,73964658,73964858,73970023,5365,200,5165,65000,59652,59697,730,730,5303
741,74064710,74064910,74070022,5312,200,5112,65000,59697,59743,729,729,5257
742,74164760,74164961,74170017,5257,201,5056,65000,59743,59788,728,728,5212
743,74264813,74265014,74270017,5204,201,5003,65000,59788,59832,726,726,5168
744,74364863,74365063,74370025,5162,200,4962,65000,59832,59875,725,725,5125
745,74464915,74465115,74470016,5101,200,4901,65000,59875,59919,724,724,5081
746,74564967,74565168,74570017,5050,201,4849,65000,59919,59961,723,723,5039
747,74665018,74665219,74670019,5001,201,4800,65000,59961,60004,722,722,4996
748,74765070,74765270,74770021,4951,200,4751,65000,60004,60046,721,721,4954
749,74865121,74865322,74870016,4895,201,4694,65000,60046,60087,720,720,4913
750,74965173,74965374,74970018,4845,201,4644,65000,60087,60128,719,719,4872
751,75065225,75065426,75070027,4802,201,4601,65000,60128,60168,717,717,4832
752,75165276,75165477,75170025,4749,201,4548,65000,60168,60208,716,716,4792
753,75265328,75265528,75270025,4697,200,4497,65000,60208,60247,715,715,4753
754,75365380,75365580,75368999,3619,200,3419,65000,60247,60286,714,714,4714
755,75465431,75465631,75469093,3662,200,3462,65000,60286,60325,713,713,4675
756,75565483,75565684,75569171,3688,201,3487,65000,60325,60363,712,712,4637
757,75665534,75665734,75669206,3672,200,3472,65000,60363,60400,711,711,4600
758,75765586,75765786,75769264,3678,200,3478,65000,60400,60438,710,710,4562
759,75865642,75865844,75869325,3683,202,3481,65000,60438,60474,709,709,4526
760,75965715,75965917,75969380,3665,202,3463,65000,60474,60511,708,708,4489
761,76065768,76065968,76069438,3670,200,3470,65000,60511,60547,707,707,4453
762,76165837,76166038,76169510,3673,201,3472,65000,60547,60582,706,706,4418
763,76265924,76266124,76269561,3637,200,3437,65000,60582,60617,705,705,4383
764,76365976,76366175,76369628,3652,199,3453,65000,60617,60652,704,704,4348
765,76466029,76466229,76469687,3658,200,3458,65000,60652,60686,703,703,4314
766,76566098,76566298,76569743,3645,200,3445,65000,60686,60720,703,703,4280
767,76666198,76666398,76669819,3621,200,3421,65000,60720,60754,702,702,4246
768,76766283,76766483,76769885,3602,200,3402,65000,60754,60787,701,701,4213
769,76866370,76866572,76869947,3577,202,3375,65000,60787,60820,700,700,4180
770,76966443,76966644,76969999,3556,201,3355,65000,60820,60852,699,699,4148
771,77066494,77066693,77070046,3552,199,3353,65000,60852,60885,698,698,4115
772,77166565,77166766,77170007,3442,201,3241,65000,60885,60916,697,697,4084
773,77266617,77266817,77270041,3424,200,3224,65000,60916,60948,697,697,4052
774,77366668,77366868,77369995,3327,200,3127,65000,60948,60979,696,696,4021
775,77466722,77466923,77470025,3303,201,3102,65000,60979,61009,695,695,3991
776,77566774,77566976,77570017,3243,202,3041,65000,61009,61040,694,694,3960
777,77666825,77667026,77670019,3194,201,2993,65000,61040,61070,693,693,3930
778,77766896,77767095,77770023,3127,199,2928,65000,61070,61099,692,692,3901
779,77866947,77867147,77870028,3081,200,2881,65000,61099,61128,692,692,3872
780,77966999,77967199,77969047,2048,200,1848,65000,61128,61157,691,691,3843
781,78067050,78067251,78079227,12177,201,11976,65000,61157,61186,690,690,3814
782,78167101,78167302,78179352,12251,201,12050,65000,61186,61214,689,689,3786
783,78267153,78267354,78278998,11845,201,11644,65000,61214,61242,689,689,3758
784,78367204,78367404,78379091,11887,200,11687,65000,61242,61270,688,688,3730
785,78467256,78467457,78479115,11859,201,11658,65000,61270,61297,687,687,3703
786,78567326,78567526,78579180,11854,200,11654,65000,61297,61324,686,686,3676
787,78667379,78667579,78679236,11857,200,11657,65000,61324,61351,686,686,3649
788,78767452,78767653,78779344,11892,201,11691,65000,61351,61377,685,685,3623
789,78867503,78867704,78879368,11865,201,11664,65000,61377,61403,684,684,3597
790,78967575,78967795,78979434,11859,220,11639,65000,61403,61429,683,683,3571
791,79067628,79067854,79079497,11869,226,11643,65000,61429,61454,683,683,3546
792,79167683,79167909,79179557,11874,226,11648,65000,61454,61480,682,682,3520
793,79267755,79267972,79279618,11863,217,11646,65000,61480,61504,681,681,3496
794,79367814,79368013,79379661,11847,199,11648,65000,61504,61529,681,681,3471
795,79467884,79468085,79479748,11864,201,11663,65000,61529,61553,680,680,3447
796,79567934,79568135,79579796,11862,201,11661,65000,61553,61577,680,680,3423
797,79668006,79668206,79679859,11853,200,11653,65000,61577,61601,679,679,3399
798,79768060,79768261,79779914,11854,201,11653,65000,61601,61625,678,678,3375
799,79868134,79868334,79879980,11846,200,11646,65000,61625,61648,677,677,3352
800,79968188,79968388,79981811,13623,200,13423,65000,61648,61671,677,677,3329
801,80068245,80068446,80079997,11752,201,11551,65000,61671,61693,676,676,3307
802,80168295,80168495,80180040,11745,200,11545,65000,61693,61716,676,676,3284
803,80268349,80268549,80280039,11690,200,11490,65000,61716,61738,675,675,3262
804,80368401,80368602,80380019,11618,201,11417,65000,61738,61760,675,675,3240
805,80468451,80468651,80480013,11562,200,11362,65000,61760,61782,674,674,3218
806,80568520,80568720,80580017,11497,200,11297,65000,61782,61803,673,673,3197
807,80668571,80668772,80680019,11448,201,11247,65000,61803,61824,673,673,3176
808,80768622,80768823,80780014,11392,201,11191,65000,61824,61845,672,672,3155
809,80868673,80868874,80880032,11359,201,11158,65000,61845,61866,672,672,3134
810,80968743,80968944,80980037,11294,201,11093,65000,61866,61886,671,671,3114
811,81068797,81068998,81080034,11237,201,11036,65000,61886,61907,671,671,3093
812,81168850,81169049,81180018,11168,199,10969,65000,61907,61927,670,670,3073
813,81268902,81269102,81280017,11115,200,10915,65000,61927,61946,670,670,3054
814,81368955,81369156,81380014,11059,201,10858,65000,61946,61966,669,669,3034
815,81469008,81469208,81480023,11015,200,10815,65000,61966,61985,668,668,3015
816,81569061,81569261,81580022,10961,200,10761,65000,61985,62004,668,668,2996
817,81669114,81669315,81680017,10903,201,10702,65000,62004,62023,668,668,2977
818,81769168,81769367,81780018,10850,199,10651,65000,62023,62042,667,667,2958
819,81869221,81874347,81880022,10801,5126,5675,65000,62042,62060,666,666,2940
820,81969274,81969475,81980018,10744,201,10543,65000,62060,62079,666,666,2921
821,82069327,82069528,82080016,10689,201,10488,65000,62079,62096,665,665,2904
822,82169381,82169580,82180013,10632,199,10433,65000,62096,62114,665,665,2886
823,82269433,82269633,82280023,10590,200,10390,65000,62114,62132,665,665,2868
824,82369486,82369687,82380019,10533,201,10332,65000,62132,62149,664,664,2851
825,82469540,82469740,82480018,10478,200,10278,65000,62149,62167,664,664,2833
826,82569593,82569793,82580023,10430,200,10230,65000,62167,62184,663,663,2816
827,82669646,82669846,82680019,10373,200,10173,65000,62184,62201,663,663,2799
828,82769700,82769899,82780016,10316,199,10117,65000,62201,62217,662,662,2783
829,82869753,82869954,82880012,10259,201,10058,65000,62217,62234,662,662,2766
830,82969805,82970005,82980024,10219,200,10019,65000,62234,62250,661,661,2750
831,83069858,83070059,83080014,10156,201,9955,65000,62250,62266,661,661,2734
832,83169911,83170111,83180017,10106,200,9906,65000,62266,62282,661,661,2718
833,83269964,83270199,83280022,10058,235,9823,65000,62282,62298,660,660,2702
834,83370037,83370273,83380018,9981,236,9745,65000,62298,62313,660,660,2687
835,83470089,83470317,83480017,9928,228,9700,65000,62313,62328,659,659,2672
836,83570161,83570360,83580014,9853,199,9654,65000,62328,62344,659,659,2656
837,83670201,83670400,83680038,9837,199,9638,65000,62344,62358,658,658,2642
838,83770273,83770472,83780037,9764,199,9565,65000,62358,62373,658,658,2627
839,83870325,83870527,83880031,9706,202,9504,65000,62373,62388,658,658,2612
840,83970377,83970577,83980020,9643,200,9443,65000,62388,62402,657,657,2598
841,84070427,84070628,84080018,9591,201,9390,65000,62402,62417,657,657,2583
842,84170479,84170679,84180015,9536,200,9336,65000,62417,62431,656,656,2569
843,84270530,84270730,84280023,9493,200,9293,65000,62431,62445,656,656,2555
844,84370582,84370782,84380020,9438,200,9238,65000,62445,62459,656,656,2541
845,84470633,84470834,84480015,9382,201,9181,65000,62459,62472,655,655,2528
846,84570685,84570885,84580024,9339,200,9139,65000,62472,62486,655,655,2514
847,84670738,84670938,84680025,9287,200,9087,65000,62486,62499,655,655,2501
848,84770789,84770990,84780021,9232,201,9031,65000,62499,62512,654,654,2488
849,84870841,84871041,84880017,9176,200,8976,65000,62512,62525,654,654,2475
850,84970892,84971092,84980014,9122,200,8922,65000,62525,62538,654,654,2462
851,85070943,85071142,85080025,9082,199,8883,65000,62538,62516,653,653,2484
852,85170995,85171195,85180015,9020,200,8820,65000,62516,62496,660,660,2504
853,85271046,85271246,85280018,8972,200,8772,65000,62496,62476,661,661,2524
854,85371097,85371297,85380018,8921,200,8721,65000,62476,62456,662,662,2544
855,85471149,85471349,85480018,8869,200,8669,65000,62456,62437,662,662,2563
856,85571201,85571402,85580013,8812,201,8611,65000,62437,62418,663,663,2582
857,85671252,85671451,85680019,8767,199,8568,65000,62418,62399,663,663,2601
858,85771304,85771504,85780018,8714,200,8514,65000,62399,62380,664,664,2620
859,85871356,85871556,85880018,8662,200,8462,65000,62380,62361,664,664,2639
860,85971407,85971607,85980014,8607,200,8407,65000,62361,62343,665,665,2657
861,86071459,86071659,86080022,8563,200,8363,65000,62343,62325,665,665,2675
862,86171534,86171735,86180019,8485,201,8284,65000,62325,62307,666,666,2693
863,86271586,86271787,86280014,8428,201,8227,65000,62307,62289,666,666,2711
864,86371637,86371837,86380033,8396,200,8196,65000,62289,62272,667,667,2728
865,86471707,86471907,86480039,8332,200,8132,65000,62272,62255,667,667,2745
866,86571759,86571961,86580035,8276,202,8074,65000,62255,62238,667,667,2762
867,86671811,86672012,86680021,8210,201,8009,65000,62238,62221,668,668,2779
868,86771862,86772063,86780016,8154,201,7953,65000,62221,62204,668,668,2796
869,86871914,86872115,86880015,8101,201,7900,65000,62204,62187,669,669,2813
870,86971966,86972166,86980023,8057,200,7857,65000,62187,62171,669,669,2829
871,87072018,87072218,87080018,8000,200,7800,65000,62171,62155,670,670,2845
872,87172069,87172269,87180018,7949,200,7749,65000,62155,62139,670,670,2861
873,87272121,87272321,87280008,7887,200,7687,65000,62139,62123,671,671,2877
874,87372173,87372372,87380022,7849,199,7650,65000,62123,62107,671,671,2893
875,87472224,87472425,87480018,7794,201,7593,65000,62107,62092,671,671,2908
876,87572275,87572476,87580015,7740,201,7539,65000,62092,62077,672,672,2923
877,87672327,87672528,87680023,7696,201,7495,65000,62077,62062,672,672,2938
878,87772379,87772580,87780023,7644,201,7443,65000,62062,62047,673,673,2953
879,87872431,87872632,87880021,7590,201,7389,65000,62047,62032,673,673,2968
880,87972483,87972684,87980016,7533,201,7332,65000,62032,62017,673,673,2983
881,88072534,88072734,88080015,7481,200,7281,65000,62017,62003,674,674,2997
882,88172586,88172787,88180021,7435,201,7234,65000,62003,61989,674,674,3011
883,88272638,88272839,88280018,7380,201,7179,65000,61989,61974,674,674,3026
884,88372689,88372888,88380018,7329,199,7130,65000,61974,61961,675,675,3039
885,88472741,88472941,88480018,7277,200,7077,65000,61961,61947,675,675,3053
886,88572792,88572992,88580018,7226,200,7026,65000,61947,61933,676,676,3067
887,88672843,88673043,88680017,7174,200,6974,65000,61933,61920,676,676,3080
888,88772895,88773096,88780023,7128,201,6927,65000,61920,61906,676,676,3094
889,88872947,88873146,88880018,7071,199,6872,65000,61906,61893,677,677,3107
890,88972999,88973199,88980015,7016,200,6816,65000,61893,61880,677,677,3120
891,89073068,89073269,89080015,6947,201,6746,65000,61880,61867,677,677,3133
892,89173120,89173320,89180041,6921,200,6721,65000,61867,61855,678,678,3145
893,89273192,89273422,89280038,6846,230,6616,65000,61855,61842,678,678,3158
894,89373244,89373476,89380032,6788,232,6556,65000,61842,61830,678,678,3170
895,89473297,89473523,89480018,6721,226,6495,65000,61830,61817,679,679,3183
896,89573348,89573569,89580017,6669,221,6448,65000,61817,61805,679,679,3195
897,89673400,89673600,89680013,6613,200,6413,65000,61805,61793,679,679,3207
898,89773451,89773651,89780023,6572,200,6372,65000,61793,61781,680,680,3219
899,89873503,89873703,89880015,6512,200,6312,65000,61781,61770,680,680,3230
900,89973553,89973755,89981807,8254,202,8052,65000,61770,61758,680,680,3242
901,90073611,90073811,90079984,6373,200,6173,65000,61758,61747,681,681,3253
902,90173661,90173863,90180023,6362,202,6160,65000,61747,61735,681,681,3265
903,90273717,90273917,90280013,6296,200,6096,65000,61735,61724,681,681,3276
904,90373768,90373968,90380016,6248,200,6048,65000,61724,61713,682,682,3287
905,90473821,90474022,90480020,6199,201,5998,65000,61713,61702,682,682,3298
906,90573872,90574072,90580019,6147,200,5947,65000,61702,61691,682,682,3309
907,90673924,90674124,90680017,6093,200,5893,65000,61691,61681,682,682,3319
908,90773974,90774173,90780027,6053,199,5854,65000,61681,61670,683,683,3330
909,90874027,90874226,90880027,6000,199,5801,65000,61670,61660,683,683,3340
910,90974078,90974278,90980022,5944,200,5744,65000,61660,61649,683,683,3351
911,91074130,91074329,91080020,5890,199,5691,65000,61649,61639,684,684,3361
912,91174181,91174381,91180015,5834,200,5634,65000,61639,61629,684,684,3371
913,91274232,91274432,91280013,5781,200,5581,65000,61629,61619,684,684,3381
914,91374284,91374483,91380029,5745,199,5546,65000,61619,61609,684,684,3391
915,91474352,91474552,91480025,5673,200,5473,65000,61609,61599,685,685,3401
916,91574404,91574606,91580021,5617,202,5415,65000,61599,61590,685,685,3410
917,91674456,91674657,91680019,5563,201,5362,65000,61590,61580,685,685,3420
918,91774507,91774708,91780015,5508,201,5307,65000,61580,61571,685,685,3429
919,91874559,91874759,91880035,5476,200,5276,65000,61571,61562,686,686,3438
920,91974628,91974827,91979996,5368,199,5169,65000,61562,61552,686,686,3448
921,92074680,92074882,92080015,5335,202,5133,65000,61552,61543,686,686,3457
922,92174733,92174933,92180022,5289,200,5089,65000,61543,61534,686,686,3466
923,92274784,92274984,92280019,5235,200,5035,65000,61534,61525,687,687,3475
924,92374835,92375035,92380015,5180,200,4980,65000,61525,61517,687,687,3483
925,92474886,92475088,92480023,5137,202,4935,65000,61517,61508,687,687,3492
926,92574938,92575137,92580020,5082,199,4883,65000,61508,61499,687,687,3501
927,92674989,92675190,92680018,5029,201,4828,65000,61499,61491,688,688,3509
928,92775041,92775241,92780009,4968,200,4768,65000,61491,61483,688,688,3517
929,92875092,92875290,92880021,4929,198,4731,65000,61483,61474,688,688,3526
930,92975144,92975345,92980020,4876,201,4675,65000,61474,61466,688,688,3534
931,93075195,93075395,93080015,4820,200,4620,65000,61466,61458,688,688,3542
932,93175246,93175446,93180025,4779,200,4579,65000,61458,61450,689,689,3550
933,93275299,93275500,93280015,4716,201,4515,65000,61450,61442,689,689,3558
934,93375350,93375550,93380017,4667,200,4467,65000,61442,61434,689,689,3566
935,93475403,93475604,93480016,4613,201,4412,65000,61434,61426,689,689,3574
936,93575454,93575655,93580022,4568,201,4367,65000,61426,61419,690,690,3581
937,93675506,93675706,93680020,4514,200,4314,65000,61419,61411,690,690,3589
938,93775557,93775757,93780015,4458,200,4258,65000,61411,61404,690,690,3596
939,93875609,93875809,93880030,4421,200,4221,65000,61404,61397,690,690,3603
940,93975660,93975860,93980033,4373,200,4173,65000,61397,61389,690,690,3611
941,94075712,94075912,94080031,4319,200,4119,65000,61389,61382,691,691,3618
942,94175764,94175963,94180019,4255,199,4056,65000,61382,61375,691,691,3625
943,94275815,94276017,94280019,4204,202,4002,65000,61375,61368,691,691,3632
944,94375867,94376067,94380015,4148,200,3948,65000,61368,61361,691,691,3639
945,94475919,94476119,94480027,4108,200,3908,65000,61361,61354,691,691,3646
946,94575971,94576171,94580024,4053,200,3853,65000,61354,61347,691,691,3653
947,94676023,94676224,94680024,4001,201,3800,65000,61347,61341,692,692,3659
948,94776093,94776293,94780013,3920,200,3720,65000,61341,61334,692,692,3666
949,94876145,94876345,94880021,3876,200,3676,65000,61334,61327,692,692,3673
950,94976198,94976398,94980022,3824,200,3624,65000,61327,61321,692,692,3679
951,95076249,95076450,95080018,3769,201,3568,65000,61321,61349,692,692,3651
952,95176300,95176501,95180018,3718,201,3517,65000,61349,61376,685,685,3624
953,95276352,95276553,95280026,3674,201,3473,65000,61376,61402,684,684,3598
954,95376404,95376605,95380024,3620,201,3419,65000,61402,61428,684,684,3572
955,95476455,95476657,95480018,3563,202,3361,65000,61428,61453,683,683,3547
956,95576507,95581663,95590004,13497,5156,8341,65000,61453,61478,682,682,3522
957,95676559,95676759,95679981,3422,200,3222,65000,61478,61503,682,682,3497
958,95776610,95776810,95780020,3410,200,3210,65000,61503,61528,681,681,3472
959,95876683,95876884,95880018,3335,201,3134,65000,61528,61552,680,680,3448
960,95976735,95976936,95980024,3289,201,3088,65000,61552,61576,680,680,3424
961,96076786,96076987,96080023,3237,201,3036,65000,61576,61600,679,679,3400
962,96176838,96177038,96180015,3177,200,2977,65000,61600,61624,678,678,3376
963,96276889,96277090,96280025,3136,201,2935,65000,61624,61647,678,678,3353
964,96376942,96377143,96380022,3080,201,2879,65000,61647,61670,677,677,3330
965,96476993,96477194,96479040,2047,201,1846,65000,61670,61693,676,676,3307
966,96577044,96577245,96589222,12178,201,11977,65000,61693,61715,676,676,3285
967,96677096,96677297,96689348,12252,201,12051,65000,61715,61737,675,675,3263
968,96777148,96777348,96789396,12248,200,12048,65000,61737,61759,675,675,3241
969,96877200,96877401,96889036,11836,201,11635,65000,61759,61781,674,674,3219
970,96977252,96977453,96989130,11878,201,11677,65000,61781,61802,673,673,3198
971,97077304,97077506,97089161,11857,202,11655,65000,61802,61824,673,673,3176
972,97177377,97177578,97189226,11849,201,11648,65000,61824,61844,672,672,3156
973,97277431,97277632,97289320,11889,201,11688,65000,61844,61865,672,672,3135
974,97377483,97377683,97389343,11860,200,11660,65000,61865,61886,671,671,3114
975,97477552,97477753,97489437,11885,201,11684,65000,61886,61906,671,671,3094
976,97577605,97577831,97589479,11874,226,11648,65000,61906,61926,670,670,3074
977,97677660,97677888,97689540,11880,228,11652,65000,61926,61946,670,670,3054
978,97777734,97777954,97789605,11871,220,11651,65000,61946,61965,669,669,3035
979,97877802,97878001,97889652,11850,199,11651,65000,61965,61985,669,669,3015
980,97977871,97978071,97989716,11845,200,11645,65000,61985,62004,668,668,2996
981,98077941,98078142,98089802,11861,201,11660,65000,62004,62023,668,668,2977
982,98177994,98178195,98189844,11850,201,11649,65000,62023,62042,667,667,2958
983,98278063,98278264,98289933,11870,201,11669,65000,62042,62060,666,666,2940
984,98378115,98378315,98389980,11865,200,11665,65000,62060,62078,666,666,2922
985,98478170,98478370,98490017,11847,200,11647,65000,62078,62096,666,666,2904
986,98578221,98578421,98590031,11810,200,11610,65000,62096,62114,665,665,2886
987,98678272,98678472,98690021,11749,200,11549,65000,62114,62132,665,665,2868
988,98778324,98778524,98790036,11712,200,11512,65000,62132,62149,664,664,2851
989,98878391,98878591,98890034,11643,200,11443,65000,62149,62167,664,664,2833
990,98978443,98978643,98990018,11575,200,11375,65000,62167,62184,663,663,2816
991,99078499,99078699,99090021,11522,200,11322,65000,62184,62200,663,663,2800
992,99178550,99178750,99190020,11470,200,11270,65000,62200,62217,662,662,2783
993,99278602,99278803,99290015,11413,201,11212,65000,62217,62234,662,662,2766
994,99378653,99378852,99390036,11383,199,11184,65000,62234,62250,661,661,2750
995,99478725,99478927,99490038,11313,202,11111,65000,62250,62266,661,661,2734
996,99578778,99578979,99590036,11258,201,11057,65000,62266,62282,661,661,2718
997,99678832,99679033,99690023,11191,201,10990,65000,62282,62297,660,660,2703
998,99778885,99779085,99790021,11136,200,10936,65000,62297,62313,660,660,2687
999,99878938,99879139,99890017,11079,201,10878,65000,62313,62328,659,659,2672
1000,99978991,99979193,99992812,13821,202,13619,65000,62328,62344,659,659,2656
1001,100079067,100079268,100089984,10917,201,10716,65000,62344,62358,658,658,2642
1002,100179120,100179319,100190020,10900,199,10701,65000,62358,62373,658,658,2627
1003,100279195,100279395,100290017,10822,200,10622,65000,62373,62388,658,658,2612
1004,100379248,100379450,100390025,10777,202,10575,65000,62388,62402,657,657,2598
1005,100479323,100479523,100490021,10698,200,10498,65000,62402,62417,657,657,2583
1006,100579377,100579577,100590017,10640,200,10440,65000,62417,62431,656,656,2569
1007,100679430,100679630,100690016,10586,200,10386,65000,62431,62445,656,656,2555
1008,100779484,100779684,100790025,10541,200,10341,65000,62445,62459,656,656,2541
1009,100879537,100879739,100890021,10484,202,10282,65000,62459,62472,655,655,2528
1010,100979590,100979791,100990017,10427,201,10226,65000,62472,62486,655,655,2514
1011,101079644,101079843,101090014,10370,199,10171,65000,62486,62499,655,655,2501
1012,101179698,101179899,101190022,10324,201,10123,65000,62499,62512,654,654,2488
1013,101279751,101279952,101290018,10267,201,10066,65000,62512,62525,654,654,2475
1014,101379804,101380005,101390012,10208,201,10007,65000,62525,62538,654,654,2462
1015,101479857,101480058,101490022,10165,201,9964,65000,62538,62551,653,653,2449
1016,101579910,101580110,101590022,10112,200,9912,65000,62551,62564,653,653,2436
1017,101679964,101680199,101690014,10050,235,9815,65000,62564,62576,653,653,2424
1018,101780017,101780253,101790022,10005,236,9769,65000,62576,62589,652,652,2411
1019,101880071,101880301,101890019,9948,230,9718,65000,62589,62601,652,652,2399
1020,101980124,101980346,101990018,9894,222,9672,65000,62601,62613,652,652,2387
1021,102080189,102080388,102090010,9821,199,9622,65000,62613,62625,651,651,2375
1022,102180240,102180442,102190043,9803,202,9601,65000,62625,62636,651,651,2364
1023,102280314,102280513,102290033,9719,199,9520,65000,62636,62648,651,651,2352
1024,102380365,102380566,102390030,9665,201,9464,65000,62648,62660,650,650,2340
1025,102480418,102480642,102490022,9604,224,9380,65000,62660,62671,650,650,2329
1026,102580468,102580669,102590017,9549,201,9348,65000,62671,62682,650,650,2318
1027,102680520,102680720,102690016,9496,200,9296,65000,62682,62694,650,650,2306
1028,102780572,102780772,102790020,9448,200,9248,65000,62694,62705,649,649,2295
1029,102880624,102880824,102890021,9397,200,9197,65000,62705,62715,649,649,2285
1030,102980675,102980876,102990013,9338,201,9137,65000,62715,62726,649,649,2274
1031,103080727,103080926,103090024,9297,199,9098,65000,62726,62737,648,648,2263
1032,103180779,103180979,103190016,9237,200,9037,65000,62737,62747,648,648,2253
1033,103280831,103281030,103290018,9187,199,8988,65000,62747,62758,648,648,2242
1034,103380883,103381084,103390011,9128,201,8927,65000,62758,62768,647,647,2232
1035,103480934,103481136,103490027,9093,202,8891,65000,62768,62778,647,647,2222
1036,103580987,103581187,103590023,9036,200,8836,65000,62778,62788,647,647,2212
1037,103681038,103681240,103690018,8980,202,8778,65000,62788,62798,647,647,2202
1038,103781090,103781290,103790016,8926,200,8726,65000,62798,62808,646,646,2192
1039,103881142,103881342,103890014,8872,200,8672,65000,62808,62817,646,646,2183
1040,103981194,103981394,103990019,8825,200,8625,65000,62817,62827,646,646,2173
1041,104081245,104081446,104090020,8775,201,8574,65000,62827,62837,646,646,2163
1042,104181296,104181497,104190013,8717,201,8516,65000,62837,62846,645,645,2154
1043,104281348,104281548,104290022,8674,200,8474,65000,62846,62855,645,645,2145
1044,104381401,104381600,104390012,8611,199,8412,65000,62855,62864,645,645,2136
1045,104481453,104481654,104490017,8564,201,8363,65000,62864,62873,645,645,2127
1046,104581505,104581705,104590019,8514,200,8314,65000,62873,62882,644,644,2118
1047,104681556,104681758,104690018,8462,202,8260,65000,62882,62891,644,644,2109
1048,104781608,104781808,104790017,8409,200,8209,65000,62891,62900,644,644,2100
1049,104881660,104881860,104890035,8375,200,8175,65000,62900,62908,644,644,2092
1050,104981729,104981929,104990041,8312,200,8112,65000,62908,62917,644,644,2083
1051,105081781,105081981,105090037,8256,200,8056,65000,62917,62925,643,643,2075
1052,105181832,105182033,105190022,8190,201,7989,65000,62925,62934,643,643,2066
1053,105281884,105282085,105290020,8136,201,7935,65000,62934,62942,643,643,2058
1054,105381935,105382136,105390016,8081,201,7880,65000,62942,62950,643,643,2050
1055,105481987,105482188,105490023,8036,201,7835,65000,62950,62958,642,642,2042
1056,105582039,105582239,105590020,7981,200,7781,65000,62958,62966,642,642,2034
1057,105682091,105682292,105690019,7928,201,7727,65000,62966,62974,642,642,2026
1058,105782143,105782343,105790010,7867,200,7667,65000,62974,62982,642,642,2018
1059,105882195,105882395,105890021,7826,200,7626,65000,62982,62990,641,641,2010
1060,105982247,105982447,105990018,7771,200,7571,65000,62990,62997,641,641,2003
1061,106082298,106082498,106090014,7716,200,7516,65000,62997,63005,641,641,1995
1062,106182369,106182569,106190024,7655,200,7455,65000,63005,63012,641,641,1988
1063,106282421,106282621,106290022,7601,200,7401,65000,63012,63020,641,641,1980
1064,106382472,106382671,106390017,7545,199,7346,65000,63020,63027,640,640,1973
1065,106482524,106482724,106490013,7489,200,7289,65000,63027,63034,640,640,1966
1066,106582576,106582776,106590029,7453,200,7253,65000,63034,63041,640,640,1959
1067,106682629,106682828,106690020,7391,199,7192,65000,63041,63048,640,640,1952
1068,106782680,106782881,106790023,7343,201,7142,65000,63048,63055,640,640,1945
1069,106882733,106882934,106890016,7283,201,7082,65000,63055,63062,640,640,1938
1070,106982785,106982984,106990015,7230,199,7031,65000,63062,63068,639,639,1932
1071,107082836,107083037,107090036,7200,201,6999,65000,63068,63075,639,639,1925
1072,107182908,107183108,107190023,7115,200,6915,65000,63075,63082,639,639,1918
1073,107282959,107283159,107290023,7064,200,6864,65000,63082,63088,639,639,1912
1074,107383011,107383213,107390019,7008,202,6806,65000,63088,63095,639,639,1905
1075,107483063,107483264,107490017,6954,201,6753,65000,63095,63101,638,638,1899
1076,107583115,107583316,107590014,6899,201,6698,65000,63101,63107,638,638,1893
1077,107683167,107683394,107690026,6859,227,6632,65000,63107,63114,638,638,1886
1078,107783219,107783447,107790014,6795,228,6567,65000,63114,63120,638,638,1880
1079,107883271,107883500,107890024,6753,229,6524,65000,63120,63126,638,638,1874
1080,107983325,107983547,107990022,6697,222,6475,65000,63126,63132,638,638,1868
1081,108083390,108083590,108090016,6626,200,6426,65000,63132,63138,638,638,1862
1082,108183442,108183642,108190015,6573,200,6373,65000,63138,63144,637,637,1856
1083,108283493,108283694,108290019,6526,201,6325,65000,63144,63150,637,637,1850
1084,108383545,108383746,108390021,6476,201,6275,65000,63150,63156,637,637,1844
1085,108483596,108483796,108490013,6417,200,6217,65000,63156,63161,637,637,1839
1086,108583648,108583849,108590022,6374,201,6173,65000,63161,63167,637,637,1833
1087,108683700,108683900,108690021,6321,200,6121,65000,63167,63173,637,637,1827
1088,108783751,108783951,108790015,6264,200,6064,65000,63173,63178,636,636,1822
1089,108883803,108884004,108890015,6212,201,6011,65000,63178,63183,636,636,1817
1090,108983854,108984054,108990024,6170,200,5970,65000,63183,63189,636,636,1811
1091,109083906,109089048,109100000,16094,5142,10952,65000,63189,63194,636,636,1806
1092,109183958,109184160,109189400,5442,202,5240,65000,63194,63199,636,636,1801
1093,109284009,109284209,109289505,5496,200,5296,65000,63199,63205,636,636,1795
1094,109384060,109384261,109389548,5488,201,5287,65000,63205,63210,635,635,1790
1095,109484116,109484316,109489605,5489,200,5289,65000,63210,63215,635,635,1785
1096,109584188,109584389,109589664,5476,201,5275,65000,63215,63220,635,635,1780
1097,109684256,109684457,109689746,5490,201,5289,65000,63220,63225,635,635,1775
1098,109784328,109784530,109789821,5493,202,5291,65000,63225,63229,635,635,1771
1099,109884400,109884601,109889878,5478,201,5277,65000,63229,63234,635,635,1766
1100,109984469,109984669,109991856,7387,200,7187,65000,63234,63239,635,635,1761
1101,110084527,110084727,110089919,5392,200,5192,65000,63239,63244,635,635,1756
1102,110184578,110184778,110190013,5435,200,5235,65000,63244,63249,635,635,1751
1103,110284628,110284828,110290044,5416,200,5216,65000,63249,63253,634,634,1747
1104,110384701,110384900,110390031,5330,199,5131,65000,63253,63258,634,634,1742
1105,110484751,110484951,110490039,5288,200,5088,65000,63258,63262,634,634,1738
1106,110584803,110585003,110589997,5194,200,4994,65000,63262,63267,634,634,1733
1107,110684856,110685057,110690024,5168,201,4967,65000,63267,63271,634,634,1729
1108,110784928,110785129,110790015,5087,201,4886,65000,63271,63276,634,634,1724
1109,110884979,110885181,110890013,5034,202,4832,65000,63276,63280,634,634,1720
1110,110985031,110985231,110990021,4990,200,4790,65000,63280,63285,634,634,1715
1111,111085083,111085284,111090022,4939,201,4738,65000,63285,63289,633,633,1711
1112,111185134,111185335,111190013,4879,201,4678,65000,63289,63293,633,633,1707
1113,111285185,111285385,111290013,4828,200,4628,65000,63293,63297,633,633,1703
1114,111385237,111385437,111390022,4785,200,4585,65000,63297,63301,633,633,1699
1115,111485289,111485488,111490022,4733,199,4534,65000,63301,63305,633,633,1695
1116,111585341,111585541,111590016,4675,200,4475,65000,63305,63309,633,633,1691
1117,111685393,111685593,111690024,4631,200,4431,65000,63309,63313,633,633,1687
1118,111785444,111785644,111790021,4577,200,4377,65000,63313,63317,633,633,1683
1119,111885496,111885697,111890015,4519,201,4318,65000,63317,63321,633,633,1679
1120,111985548,111985749,111990014,4466,201,4265,65000,63321,63325,632,632,1675
1121,112085600,112085801,112090019,4419,201,4218,65000,63325,63328,632,632,1672
1122,112185652,112185852,112190019,4367,200,4167,65000,63328,63332,632,632,1668
1123,112285703,112285905,112290018,4315,202,4113,65000,63332,63335,632,632,1665
1124,112385755,112385954,112390030,4275,199,4076,65000,63335,63339,632,632,1661
1125,112485807,112486007,112490038,4231,200,4031,65000,63339,63343,632,632,1657
1126,112585859,112586059,112590031,4172,200,3972,65000,63343,63346,632,632,1654
1127,112685911,112686112,112690022,4111,201,3910,65000,63346,63350,632,632,1650
1128,112785964,112786164,112790016,4052,200,3852,65000,63350,63353,632,632,1647
1129,112886016,112886216,112890019,4003,200,3803,65000,63353,63357,632,632,1643
1130,112986067,112986269,112990018,3951,202,3749,65000,63357,63360,631,631,1640
1131,113086119,113086319,113090029,3910,200,3710,65000,63360,63363,631,631,1637
1132,113186170,113186371,113190018,3848,201,3647,65000,63363,63367,631,631,1633
1133,113286222,113286421,113290019,3797,199,3598,65000,63367,63370,631,631,1630
1134,113386275,113386475,113390026,3751,200,3551,65000,63370,63373,631,631,1627
1135,113486326,113486526,113490022,3696,200,3496,65000,63373,63376,631,631,1624
1136,113586377,113586578,113590018,3641,201,3440,65000,63376,63379,631,631,1621
1137,113686429,113686630,113690021,3592,201,3391,65000,63379,63383,631,631,1617
1138,113786481,113786681,113790021,3540,200,3340,65000,63383,63386,631,631,1614
1139,113886533,113886733,113890021,3488,200,3288,65000,63386,63389,631,631,1611
1140,113986584,113986786,113990018,3434,202,3232,65000,63389,63392,631,631,1608
1141,114086636,114086836,114090021,3385,200,3185,65000,63392,63395,631,631,1605
1142,114186688,114186888,114190022,3334,200,3134,65000,63395,63398,631,631,1602
1143,114286740,114286940,114290018,3278,200,3078,65000,63398,63401,630,630,1599
1144,114386792,114386992,114390017,3225,200,3025,65000,63401,63404,630,630,1596
1145,114486842,114487042,114490022,3180,200,2980,65000,63404,63407,630,630,1593
1146,114586895,114587097,114590023,3128,202,2926,65000,63407,63409,630,630,1591
1147,114686946,114687147,114688996,2050,201,1849,65000,63409,63412,630,630,1588
1148,114786998,114787198,114789111,2113,200,1913,65000,63412,63415,630,630,1585
1149,114887049,114887251,114899274,12225,202,12023,65000,63415,63418,630,630,1582
1150,114987100,114987301,114999374,12274,201,12073,65000,63418,63420,630,630,1580
1151,115087151,115087352,115098981,11830,201,11629,65000,63420,63423,630,630,1577
1152,115187203,115187404,115199095,11892,201,11691,65000,63423,63426,630,630,1574
1153,115287255,115287456,115299130,11875,201,11674,65000,63426,63429,630,630,1571
1154,115387328,115387530,115399193,11865,202,11663,65000,63429,63431,630,630,1569
1155,115487382,115487582,115499245,11863,200,11663,65000,63431,63434,630,630,1566
1156,115587456,115587656,115599342,11886,200,11686,65000,63434,63436,629,629,1564
1157,115687508,115687708,115699367,11859,200,11659,65000,63436,63439,629,629,1561
1158,115787578,115787798,115799471,11893,220,11673,65000,63439,63441,629,629,1559
1159,115887629,115887856,115899503,11874,227,11647,65000,63441,63443,629,629,1557
1160,115987703,115987925,115999567,11864,222,11642,65000,63443,63446,629,629,1554
1161,116087758,116087974,116099627,11869,216,11653,65000,63446,63448,629,629,1552
1162,116187830,116188032,116199684,11854,202,11652,65000,63448,63450,629,629,1550
1163,116287903,116288104,116299749,11846,201,11645,65000,63450,63453,629,629,1547
1164,116387957,116388157,116399818,11861,200,11661,65000,63453,63455,629,629,1545
1165,116488029,116488230,116499882,11853,201,11652,65000,63455,63457,629,629,1543
1166,116588085,116588285,116599945,11860,200,11660,65000,63457,63460,629,629,1540
1167,116688139,116688340,116699991,11852,201,11651,65000,63460,63462,629,629,1538
1168,116788209,116788409,116800019,11810,200,11610,65000,63462,63464,629,629,1536
1169,116888261,116888461,116900020,11759,200,11559,65000,63464,63466,629,629,1534
1170,116988313,116988513,117000038,11725,200,11525,65000,63466,63469,629,629,1531
1171,117088380,117088581,117100030,11650,201,11449,65000,63469,63471,628,628,1529
1172,117188432,117188633,117200020,11588,201,11387,65000,63471,63473,628,628,1527
1173,117288484,117288686,117300018,11534,202,11332,65000,63473,63475,628,628,1525
1174,117388536,117388736,117400017,11481,200,11281,65000,63475,63476,628,628,1524
1175,117488587,117488788,117500014,11427,201,11226,65000,63476,63478,628,628,1522
1176,117588656,117588856,117600021,11365,200,11165,65000,63478,63480,628,628,1520
1177,117688707,117688907,117700019,11312,200,11112,65000,63480,63482,628,628,1518
1178,117788760,117788960,117800015,11255,200,11055,65000,63482,63484,628,628,1516
1179,117888813,117889013,117900032,11219,200,11019,65000,63484,63486,628,628,1514
1180,117988882,117989083,118000040,11158,201,10957,65000,63486,63488,628,628,1512
1181,118088936,118089136,118100035,11099,200,10899,65000,63488,63490,628,628,1510
1182,118188989,118189191,118200023,11034,202,10832,65000,63490,63492,628,628,1508
1183,118289042,118289242,118300016,10974,200,10774,65000,63492,63494,628,628,1506
1184,118389095,118389296,118400016,10921,201,10720,65000,63494,63495,628,628,1505
1185,118489147,118489348,118500023,10876,201,10675,65000,63495,63497,628,628,1503
1186,118589201,118589402,118600021,10820,201,10619,65000,63497,63499,628,628,1501
1187,118689254,118689454,118700018,10764,200,10564,65000,63499,63501,628,628,1499
1188,118789308,118789509,118800012,10704,201,10503,65000,63501,63503,628,628,1497
1189,118889361,118889561,118900022,10661,200,10461,65000,63503,63505,628,628,1495
1190,118989414,118989615,119000020,10606,201,10405,65000,63505,63507,628,628,1493
1191,119089468,119089668,119100014,10546,200,10346,65000,63507,63508,628,628,1492
1192,119189520,119189721,119200024,10504,201,10303,65000,63508,63510,628,628,1490
1193,119289574,119289773,119300024,10450,199,10251,65000,63510,63512,627,627,1488
1194,119389628,119389828,119400022,10394,200,10194,65000,63512,63513,627,627,1487
1195,119489681,119489882,119500018,10337,201,10136,65000,63513,63515,627,627,1485
1196,119589734,119589934,119600014,10280,200,10080,65000,63515,63516,627,627,1484
1197,119689788,119689988,119700024,10236,200,10036,65000,63516,63518,627,627,1482
1198,119789840,119790041,119800016,10176,201,9975,65000,63518,63519,627,627,1481
1199,119889893,119890094,119900013,10120,201,9919,65000,63519,63521,627,627,1479
1200,119989945,119990176,120001880,11935,231,11704,65000,63521,63522,627,627,1478
1201,120090004,120090205,120099982,9978,201,9777,50000,63522,63428,285,285,-13428
1202,120190056,120190284,120200017,9961,228,9733,50000,63428,63329,269,269,-13329
1203,120290129,120290352,120300023,9894,223,9671,50000,63329,63231,269,269,-13231
1204,120390193,120390394,120400017,9824,201,9623,50000,63231,63134,270,270,-13134
1205,120490246,120490446,120500019,9773,200,9573,50000,63134,63037,271,271,-13037
1206,120590297,120590498,120600012,9715,201,9514,50000,63037,62941,272,272,-12941
1207,120690349,120690550,120700042,9693,201,9492,50000,62941,62846,273,273,-12846
1208,120790422,120790622,120800040,9618,200,9418,50000,62846,62751,273,273,-12751
1209,120890473,120890674,120900031,9558,201,9357,50000,62751,62657,274,274,-12657
1210,120990525,120990725,121000021,9496,200,9296,50000,62657,62563,275,275,-12563
1211,121090577,121090777,121100015,9438,200,9238,50000,62563,62470,276,276,-12470
1212,121190629,121190829,121200014,9385,200,9185,50000,62470,62378,277,277,-12378
1213,121290680,121290880,121300022,9342,200,9142,50000,62378,62286,278,278,-12286
1214,121390732,121390932,121400020,9288,200,9088,50000,62286,62195,279,279,-12195
1215,121490784,121490985,121500014,9230,201,9029,50000,62195,62105,280,280,-12105
1216,121590835,121591036,121600023,9188,201,8987,50000,62105,62015,281,281,-12015
1217,121690887,121691087,121700022,9135,200,8935,50000,62015,61926,282,282,-11926
1218,121790939,121791139,121800017,9078,200,8878,50000,61926,61837,282,282,-11837
1219,121890990,121891190,121900015,9025,200,8825,50000,61837,61749,283,283,-11749
1220,121991041,121991241,122000019,8978,200,8778,50000,61749,61662,284,284,-11662
1221,122091093,122091294,122100020,8927,201,8726,50000,61662,61575,285,285,-11575
1222,122191144,122191345,122200014,8870,201,8669,50000,61575,61489,286,286,-11489
1223,122291195,122291395,122300025,8830,200,8630,50000,61489,61403,287,287,-11403
1224,122391247,122391447,122400025,8778,200,8578,50000,61403,61318,288,288,-11318
1225,122491299,122496407,122500021,8722,5108,3614,50000,61318,61233,288,288,-11233
1226,122591351,122591551,122600023,8672,200,8472,50000,61233,61149,289,289,-11149
1227,122691403,122691604,122700015,8612,201,8411,50000,61149,61066,290,290,-11066
1228,122791454,122791655,122800015,8561,201,8360,50000,61066,60983,291,291,-10983
1229,122891505,122891705,122900028,8523,200,8323,50000,60983,60901,292,292,-10901
1230,122991558,122991758,123000021,8463,200,8263,50000,60901,60819,292,292,-10819
1231,123091609,123091810,123100018,8409,201,8208,50000,60819,60738,293,293,-10738
1232,123191660,123191860,123200016,8356,200,8156,50000,60738,60657,294,294,-10657
1233,123291730,123291930,123300015,8285,200,8085,50000,60657,60577,295,295,-10577
1234,123391781,123391981,123400032,8251,200,8051,50000,60577,60498,296,296,-10498
1235,123491850,123492050,123500014,8164,200,7964,50000,60498,60419,296,296,-10419
1236,123591902,123592102,123600015,8113,200,7913,50000,60419,60340,297,297,-10340
1237,123691954,123692154,123700014,8060,200,7860,50000,60340,60262,298,298,-10262
1238,123792006,123792206,123800021,8015,200,7815,50000,60262,60185,299,299,-10185
1239,123892057,123892257,123900011,7954,200,7754,50000,60185,60108,299,299,-10108
1240,123992109,123992310,124000025,7916,201,7715,50000,60108,60032,300,300,-10032
1241,124092162,124092373,124100017,7855,211,7644,50000,60032,59956,301,301,-9956
1242,124192213,124192415,124200017,7804,202,7602,50000,59956,59881,302,302,-9881
1243,124292265,124292464,124300013,7748,199,7549,50000,59881,59806,302,302,-9806
1244,124392317,124392518,124400022,7705,201,7504,50000,59806,59731,303,303,-9731
1245,124492370,124492570,124500017,7647,200,7447,50000,59731,59657,304,304,-9657
1246,124592421,124592622,124600018,7597,201,7396,50000,59657,59584,305,305,-9584
1247,124692473,124692673,124700021,7548,200,7348,50000,59584,59511,305,305,-9511
1248,124792524,124792725,124800019,7495,201,7294,50000,59511,59439,306,306,-9439
1249,124892575,124892775,124900018,7443,200,7243,50000,59439,59367,307,307,-9367
1250,124992627,124992828,125000011,7384,201,7183,50000,59367,59296,307,307,-9296
1251,125092679,125092879,125100022,7343,200,7143,50000,59296,59225,308,308,-9225
1252,125192732,125192932,125200021,7289,200,7089,50000,59225,59154,309,309,-9154
1253,125292784,125292983,125300014,7230,199,7031,50000,59154,59084,310,310,-9084
1254,125392835,125393036,125400031,7196,201,6995,50000,59084,59015,310,310,-9015
1255,125492904,125493104,125500036,7132,200,6932,50000,59015,58946,311,311,-8946
1256,125592955,125593157,125600031,7076,202,6874,50000,58946,58877,312,312,-8877
1257,125693008,125693208,125700021,7013,200,6813,50000,58877,58809,312,312,-8809
1258,125793059,125793259,125800017,6958,200,6758,50000,58809,58742,313,313,-8742
1259,125893111,125893311,125900017,6906,200,6706,50000,58742,58674,313,313,-8674
1260,125993162,125993391,126000025,6863,229,6634,50000,58674,58608,314,314,-8608
1261,126093215,126093445,126100017,6802,230,6572,50000,58608,58541,315,315,-8541
1262,126193266,126193499,126200019,6753,233,6520,50000,58541,58476,316,316,-8476
1263,126293319,126293543,126300016,6697,224,6473,50000,58476,58410,316,316,-8410
1264,126393386,126393586,126400012,6626,200,6426,50000,58410,58345,317,317,-8345
1265,126493421,126493622,126500021,6600,201,6399,50000,58345,58281,317,317,-8281
1266,126593473,126593674,126600018,6545,201,6344,50000,58281,58217,318,318,-8217
1267,126693525,126693725,126700012,6487,200,6287,50000,58217,58153,319,319,-8153
1268,126793576,126793777,126800021,6445,201,6244,50000,58153,58090,319,319,-8090
1269,126893628,126893827,126900018,6390,199,6191,50000,58090,58027,320,320,-8027
1270,126993680,126993881,127000015,6335,201,6134,50000,58027,57965,321,321,-7965
1271,127093731,127093932,127100021,6290,201,6089,50000,57965,57903,321,321,-7903
1272,127193784,127193984,127200022,6238,200,6038,50000,57903,57841,322,322,-7841
1273,127293835,127294036,127300019,6184,201,5983,50000,57841,57780,322,322,-7780
1274,127393887,127394088,127400014,6127,201,5926,50000,57780,57720,323,323,-7720
1275,127493938,127494140,127500023,6085,202,5883,50000,57720,57659,323,323,-7659
1276,127593989,127594190,127600021,6032,201,5831,50000,57659,57599,324,324,-7599
1277,127694041,127694241,127700017,5976,200,5776,50000,57599,57540,325,325,-7540
1278,127794093,127794293,127800024,5931,200,5731,50000,57540,57481,325,325,-7481
1279,127894145,127894346,127900024,5879,201,5678,50000,57481,57422,326,326,-7422
1280,127994196,127994397,128000019,5823,201,5622,50000,57422,57364,327,327,-7364
1281,128094248,128094449,128100014,5766,201,5565,50000,57364,57306,327,327,-7306
1282,128194299,128194500,128200038,5739,201,5538,50000,57306,57249,328,328,-7249
1283,128294370,128294571,128300037,5667,201,5466,50000,57249,57191,328,328,-7191
1284,128394422,128394622,128400031,5609,200,5409,50000,57191,57135,329,329,-7135
1285,128494473,128494674,128500021,5548,201,5347,50000,57135,57078,329,329,-7078
1286,128594525,128594725,128600017,5492,200,5292,50000,57078,57022,330,330,-7022
1287,128694576,128694776,128700012,5436,200,5236,50000,57022,56967,330,330,-6967
1288,128794627,128794828,128800025,5398,201,5197,50000,56967,56912,331,331,-6912
1289,128894679,128894880,128900018,5339,201,5138,50000,56912,56857,331,331,-6857
1290,128994732,128994933,129000021,5289,201,5088,50000,56857,56802,332,332,-6802
1291,129094784,129094984,129100012,5228,200,5028,50000,56802,56748,333,333,-6748
1292,129194836,129195038,129200024,5188,202,4986,50000,56748,56694,333,333,-6694
1293,129294887,129295087,129300023,5136,200,4936,50000,56694,56641,334,334,-6641
1294,129394939,129395140,129400018,5079,201,4878,50000,56641,56588,334,334,-6588
1295,129494991,129495192,129500018,5027,201,4826,50000,56588,56536,335,335,-6536
1296,129595043,129595244,129600023,4980,201,4779,50000,56536,56483,335,335,-6483
1297,129695094,129695295,129700015,4921,201,4720,50000,56483,56431,336,336,-6431
1298,129795146,129795347,129800016,4870,201,4669,50000,56431,56380,336,336,-6380
1299,129895198,129895399,129900022,4824,201,4623,50000,56380,56328,336,336,-6328
1300,129995250,129995451,130001853,6603,201,6402,50000,56328,56277,337,337,-6277
1301,130095308,130095510,130099978,4670,202,4468,50000,56277,56227,338,338,-6227
1302,130195358,130195559,130200022,4664,201,4463,50000,56227,56177,338,338,-6177
1303,130295413,130295614,130300022,4609,201,4408,50000,56177,56127,339,339,-6127
1304,130395465,130395664,130400016,4551,199,4352,50000,56127,56077,339,339,-6077
1305,130495516,130495717,130500016,4500,201,4299,50000,56077,56028,340,340,-6028
1306,130595568,130595769,130600024,4456,201,4255,50000,56028,55979,340,340,-5979
1307,130695620,130695821,130700017,4397,201,4196,50000,55979,55931,341,341,-5931
1308,130795672,130795872,130800015,4343,200,4143,50000,55931,55883,341,341,-5883
1309,130895723,130895924,130900033,4310,201,4109,50000,55883,55834,341,341,-5834
1310,130995792,130995992,131000041,4249,200,4049,50000,55834,55787,342,342,-5787
1311,131095843,131096045,131099018,3175,202,2973,50000,55787,55739,342,342,-5739
1312,131195894,131196096,131199104,3210,202,3008,50000,55739,55693,343,343,-5693
1313,131295946,131296148,131299145,3199,202,2997,50000,55693,55646,343,343,-5646
1314,131396002,131396204,131399203,3201,202,2999,50000,55646,55600,344,344,-5600
1315,131496072,131496272,131499267,3195,200,2995,50000,55600,55554,344,344,-5554
1316,131596123,131596324,131599331,3208,201,3007,50000,55554,55508,345,345,-5508
1317,131696194,131696395,131699393,3199,201,2998,50000,55508,55462,345,345,-5462
1318,131796266,131796466,131799453,3187,200,2987,50000,55462,55417,346,346,-5417
1319,131896337,131896538,131899524,3187,201,2986,50000,55417,55373,346,346,-5373
1320,131996425,131996627,131999587,3162,202,2960,50000,55373,55328,346,346,-5328
1321,132096496,132096697,132099648,3152,201,2951,50000,55328,55284,347,347,-5284
1322,132196551,132196752,132199710,3159,201,2958,50000,55284,55240,347,347,-5240
1323,132296647,132296847,132299792,3145,200,2945,50000,55240,55196,348,348,-5196
1324,132396736,132396937,132399850,3114,201,2913,50000,55196,55153,348,348,-5153
1325,132496807,132497007,132499913,3106,200,2906,50000,55153,55110,349,349,-5110
1326,132596893,132597094,132599977,3084,201,2883,50000,55110,55067,349,349,-5067
1327,132696967,132697168,132700031,3064,201,2863,50000,55067,55025,349,349,-5025
1328,132797018,132797220,132799065,2047,202,1845,50000,55025,54983,350,350,-4983
1329,132897071,132897271,132909245,12174,200,11974,50000,54983,54941,350,350,-4941
1330,132997123,132997323,133008987,11864,200,11664,50000,54941,54899,351,351,-4899
1331,133097174,133097373,133109036,11862,199,11663,50000,54899,54858,351,351,-4858
1332,133197226,133197427,133209082,11856,201,11655,50000,54858,54817,351,351,-4817
1333,133297296,133297496,133309176,11880,200,11680,50000,54817,54776,352,352,-4776
1334,133397348,133397548,133409206,11858,200,11658,50000,54776,54736,352,352,-4736
1335,133497420,133497621,133509302,11882,201,11681,50000,54736,54696,353,353,-4696
1336,133597471,133597672,133609335,11864,201,11663,50000,54696,54656,353,353,-4656
1337,133697547,133697748,133709458,11911,201,11710,50000,54656,54616,353,353,-4616
1338,133797599,133797825,133809488,11889,226,11663,50000,54616,54577,354,354,-4577
1339,133897672,133897901,133909580,11908,229,11679,50000,54577,54537,354,354,-4537
1340,133997724,133997946,134009602,11878,222,11656,50000,54537,54499,355,355,-4499
1341,134097805,134098004,134109652,11847,199,11648,50000,54499,54460,355,355,-4460
1342,134197876,134198077,134209718,11842,201,11641,50000,54460,54422,355,355,-4422
1343,134297945,134298145,134309806,11861,200,11661,50000,54422,54384,356,356,-4384
1344,134397997,134398197,134409849,11852,200,11652,50000,54384,54346,356,356,-4346
1345,134498067,134498267,134509937,11870,200,11670,50000,54346,54308,356,356,-4308
1346,134598120,134598320,134609985,11865,200,11665,50000,54308,54271,357,357,-4271
1347,134698191,134698391,134710018,11827,200,11627,50000,54271,54234,357,357,-4234
1348,134798243,134798444,134810019,11776,201,11575,50000,54234,54197,358,358,-4197
1349,134898295,134898495,134910035,11740,200,11540,50000,54197,54160,358,358,-4160
1350,134998346,134998548,135010042,11696,202,11494,50000,54160,54124,358,358,-4124
1351,135098397,135098597,135110024,11627,200,11427,50000,54124,54088,359,359,-4088
1352,135198450,135198650,135210022,11572,200,11372,50000,54088,54052,359,359,-4052
1353,135298536,135298737,135310016,11480,201,11279,50000,54052,54016,359,359,-4016
1354,135398587,135398788,135410018,11431,201,11230,50000,54016,53981,360,360,-3981
1355,135498639,135498840,135510018,11379,201,11178,50000,53981,53946,360,360,-3946
1356,135598691,135598891,135610016,11325,200,11125,50000,53946,53911,360,360,-3911
1357,135698744,135698945,135710013,11269,201,11068,50000,53911,53877,361,361,-3877
1358,135798797,135798998,135810017,11220,201,11019,50000,53877,53842,361,361,-3842
1359,135898850,135903977,135910019,11169,5127,6042,50000,53842,53808,361,361,-3808
1360,135998903,135999105,136010011,11108,202,10906,50000,53808,53774,362,362,-3774
1361,136098956,136099158,136110024,11068,202,10866,50000,53774,53740,362,362,-3740
1362,136199010,136199211,136210016,11006,201,10805,50000,53740,53707,362,362,-3707
1363,136299062,136299264,136310021,10959,202,10757,50000,53707,53673,363,363,-3673
1364,136399116,136399317,136410030,10914,201,10713,50000,53673,53640,363,363,-3640
1365,136499170,136499370,136510044,10874,200,10674,50000,53640,53607,363,363,-3607
1366,136599223,136599423,136610041,10818,200,10618,50000,53607,53575,364,364,-3575
1367,136699276,136699476,136710023,10747,200,10547,50000,53575,53543,364,364,-3543
1368,136799329,136799530,136810019,10690,201,10489,50000,53543,53510,364,364,-3510
1369,136899381,136899583,136910015,10634,202,10432,50000,53510,53478,365,365,-3478
1370,136999435,136999635,137010024,10589,200,10389,50000,53478,53447,365,365,-3447
1371,137099488,137099689,137110022,10534,201,10333,50000,53447,53415,365,365,-3415
1372,137199541,137199742,137210018,10477,201,10276,50000,53415,53384,366,366,-3384
1373,137299595,137299795,137310016,10421,200,10221,50000,53384,53353,366,366,-3353
1374,137399649,137399849,137410022,10373,200,10173,50000,53353,53322,366,366,-3322
1375,137499702,137499903,137510021,10319,201,10118,50000,53322,53291,366,366,-3291
1376,137599756,137599957,137610016,10260,201,10059,50000,53291,53261,367,367,-3261
1377,137699809,137700009,137710021,10212,200,10012,50000,53261,53230,367,367,-3230
1378,137799862,137800063,137810023,10161,201,9960,50000,53230,53200,367,367,-3200
1379,137899915,137900115,137910016,10101,200,9901,50000,53200,53171,368,368,-3171
1380,137999968,138000202,138010015,10047,234,9813,50000,53171,53141,368,368,-3141
1381,138100022,138100258,138110026,10004,236,9768,50000,53141,53111,368,368,-3111
1382,138200076,138200306,138210027,9951,230,9721,50000,53111,53082,369,369,-3082
1383,138300129,138300351,138310020,9891,222,9669,50000,53082,53053,369,369,-3053
1384,138400194,138400393,138410021,9827,199,9628,50000,53053,53024,369,369,-3024
1385,138500245,138500445,138510016,9771,200,9571,50000,53024,52996,369,369,-2996
1386,138600297,138600497,138610038,9741,200,9541,50000,52996,52967,369,369,-2967
1387,138700368,138700569,138710025,9657,201,9456,50000,52967,52939,370,370,-2939
1388,138800420,138800621,138810021,9601,201,9400,50000,52939,52910,370,370,-2910
1389,138900472,138900674,138910022,9550,202,9348,50000,52910,52883,371,371,-2883
1390,139000525,139000725,139010013,9488,200,9288,50000,52883,52855,371,371,-2855
1391,139100576,139100778,139110014,9438,202,9236,50000,52855,52828,371,371,-2828
1392,139200628,139200830,139210029,9401,202,9199,50000,52828,52800,371,371,-2800
1393,139300681,139300882,139310015,9334,201,9133,50000,52800,52773,372,372,-2773
1394,139400732,139400932,139410023,9291,200,9091,50000,52773,52746,372,372,-2746
1395,139500785,139500985,139510023,9238,200,9038,50000,52746,52719,372,372,-2719
1396,139600837,139601038,139610016,9179,201,8978,50000,52719,52693,372,372,-2693
1397,139700889,139701089,139710018,9129,200,8929,50000,52693,52666,372,372,-2666
1398,139800942,139801142,139810022,9080,200,8880,50000,52666,52640,373,373,-2640
1399,139900993,139901194,139910020,9027,201,8826,50000,52640,52614,373,373,-2614
1400,140001046,140001246,140011845,10799,200,10599,50000,52614,52588,373,373,-2588
1401,140101104,140101306,140109985,8881,202,8679,50000,52588,52562,374,374,-2562
1402,140201156,140201356,140210024,8868,200,8668,50000,52562,52536,374,374,-2536
1403,140301211,140301412,140310020,8809,201,8608,50000,52536,52511,374,374,-2511
1404,140401263,140401464,140410014,8751,201,8550,50000,52511,52486,374,374,-2486
1405,140501314,140501515,140510026,8712,201,8511,50000,52486,52461,375,375,-2461
1406,140601367,140601568,140610015,8648,201,8447,50000,52461,52436,375,375,-2436
1407,140701420,140701620,140710015,8595,200,8395,50000,52436,52411,375,375,-2411
1408,140801472,140801672,140810025,8553,200,8353,50000,52411,52387,375,375,-2387
1409,140901525,140901725,140910021,8496,200,8296,50000,52387,52362,375,375,-2362
1410,141001576,141001777,141010017,8441,201,8240,50000,52362,52338,376,376,-2338
1411,141101628,141101830,141110013,8385,202,8183,50000,52338,52314,376,376,-2314
1412,141201680,141201882,141210038,8358,202,8156,50000,52314,52290,376,376,-2290
1413,141301751,141301952,141310029,8278,201,8077,50000,52290,52266,377,377,-2266
1414,141401803,141402005,141410030,8227,202,8025,50000,52266,52243,377,377,-2243
1415,141501854,141502056,141510018,8164,202,7962,50000,52243,52219,377,377,-2219
1416,141601906,141602108,141610018,8112,202,7910,50000,52219,52196,377,377,-2196
1417,141701958,141702159,141710014,8056,201,7855,50000,52196,52173,377,377,-2173
1418,141802010,141802210,141810026,8016,200,7816,50000,52173,52150,378,378,-2150
1419,141902063,141902264,141910024,7961,201,7760,50000,52150,52127,378,378,-2127
1420,142002114,142002314,142010018,7904,200,7704,50000,52127,52104,378,378,-2104
1421,142102165,142102366,142110017,7852,201,7651,50000,52104,52082,378,378,-2082
1422,142202218,142202417,142210023,7805,199,7606,50000,52082,52059,378,378,-2059
1423,142302270,142302471,142310021,7751,201,7550,50000,52059,52037,379,379,-2037
1424,142402323,142402523,142410017,7694,200,7494,50000,52037,52015,379,379,-2015
1425,142502374,142502575,142510022,7648,201,7447,50000,52015,51993,379,379,-1993
1426,142602427,142602627,142610019,7592,200,7392,50000,51993,51971,379,379,-1971
1427,142702478,142702679,142710018,7540,201,7339,50000,51971,51950,380,380,-1950
1428,142802531,142802730,142810010,7479,199,7280,50000,51950,51929,380,380,-1929
1429,142902582,142902784,142910024,7442,202,7240,50000,51929,51907,380,380,-1907
1430,143002635,143002836,143010016,7381,201,7180,50000,51907,51886,380,380,-1886
1431,143102686,143102889,143110017,7331,203,7128,50000,51886,51865,380,380,-1865
1432,143202738,143202938,143210025,7287,200,7087,50000,51865,51844,381,381,-1844
1433,143302790,143302990,143310015,7225,200,7025,50000,51844,51823,381,381,-1823
1434,143402842,143403042,143410019,7177,200,6977,50000,51823,51803,381,381,-1803
1435,143502894,143503094,143510011,7117,200,6917,50000,51803,51782,381,381,-1782
1436,143602946,143603147,143610022,7076,201,6875,50000,51782,51762,382,382,-1762
1437,143702998,143703198,143710019,7021,200,6821,50000,51762,51742,382,382,-1742
1438,143803050,143803250,143810016,6966,200,6766,50000,51742,51722,382,382,-1722
1439,143903102,143903303,143910033,6931,201,6730,50000,51722,51702,382,382,-1702
1440,144003172,144003399,144010036,6864,227,6637,50000,51702,51682,382,382,-1682
1441,144103224,144103453,144110031,6807,229,6578,50000,51682,51662,382,382,-1662
1442,144203276,144203505,144210023,6747,229,6518,50000,51662,51643,383,383,-1643
1443,144303328,144303553,144310016,6688,225,6463,50000,51643,51624,383,383,-1624
1444,144403393,144403593,144410015,6622,200,6422,50000,51624,51604,383,383,-1604
1445,144503444,144503645,144510023,6579,201,6378,50000,51604,51585,383,383,-1585
1446,144603496,144603697,144610023,6527,201,6326,50000,51585,51566,383,383,-1566
1447,144703547,144703749,144710018,6471,202,6269,50000,51566,51547,384,384,-1547
1448,144803599,144803799,144810018,6419,200,6219,50000,51547,51529,384,384,-1529
1449,144903651,144903851,144910021,6370,200,6170,50000,51529,51510,384,384,-1510
1450,145003702,145003902,145010023,6321,200,6121,50000,51510,51492,384,384,-1492
1451,145103754,145103955,145110018,6264,201,6063,50000,51492,51473,384,384,-1473
1452,145203806,145204005,145210015,6209,199,6010,50000,51473,51455,385,385,-1455
1453,145303857,145304057,145310023,6166,200,5966,50000,51455,51437,385,385,-1437
1454,145403908,145404108,145410020,6112,200,5912,50000,51437,51419,385,385,-1419
1455,145503961,145504161,145510014,6053,200,5853,50000,51419,51401,385,385,-1401
1456,145604012,145604213,145610025,6013,201,5812,50000,51401,51383,385,385,-1383
1457,145704064,145704264,145710016,5952,200,5752,50000,51383,51366,385,385,-1366
1458,145804116,145804317,145810018,5902,201,5701,50000,51366,51348,385,385,-1348
1459,145904168,145904369,145910014,5846,201,5645,50000,51348,51331,386,386,-1331
1460,146004237,146004438,146010023,5786,201,5585,50000,51331,51314,386,386,-1314
1461,146104289,146104489,146110015,5726,200,5526,50000,51314,51296,386,386,-1296
1462,146204340,146204541,146210018,5678,201,5477,50000,51296,51279,386,386,-1279
1463,146304392,146304593,146310021,5629,201,5428,50000,51279,51262,386,386,-1262
1464,146404444,146404645,146410019,5575,201,5374,50000,51262,51245,387,387,-1245
1465,146504496,146504696,146510016,5520,200,5320,50000,51245,51229,387,387,-1229
1466,146604548,146604749,146610014,5466,201,5265,50000,51229,51212,387,387,-1212
1467,146704600,146704800,146710039,5439,200,5239,50000,51212,51196,387,387,-1196
1468,146804671,146804871,146810037,5366,200,5166,50000,51196,51179,387,387,-1179
1469,146904722,146904923,146910029,5307,201,5106,50000,51179,51163,387,387,-1163
1470,147004774,147004974,147010019,5245,200,5045,50000,51163,51147,387,387,-1147
1471,147104825,147105026,147110017,5192,201,4991,50000,51147,51131,388,388,-1131
1472,147204877,147205077,147210014,5137,200,4937,50000,51131,51115,388,388,-1115
1473,147304928,147305129,147310024,5096,201,4895,50000,51115,51099,388,388,-1099
1474,147404981,147405181,147410015,5034,200,4834,50000,51099,51083,388,388,-1083
1475,147505033,147505235,147510016,4983,202,4781,50000,51083,51068,388,388,-1068
1476,147605084,147605285,147610023,4939,201,4738,50000,51068,51052,388,388,-1052
1477,147705135,147705335,147710025,4890,200,4690,50000,51052,51037,389,389,-1037
1478,147805187,147805389,147810019,4832,202,4630,50000,51037,51022,389,389,-1022
1479,147905238,147905439,147910018,4780,201,4579,50000,51022,51006,389,389,-1006
1480,148005289,148005491,148010017,4728,202,4526,50000,51006,50991,389,389,-991
1481,148105341,148105542,148110020,4679,201,4478,50000,50991,50976,389,389,-976
1482,148205393,148205594,148210021,4628,201,4427,50000,50976,50961,389,389,-961
1483,148305445,148305645,148310015,4570,200,4370,50000,50961,50946,389,389,-946
1484,148405497,148405699,148410021,4524,202,4322,50000,50946,50932,390,390,-932
1485,148505550,148505749,148510018,4468,199,4269,50000,50932,50917,390,390,-917
1486,148605601,148605801,148610017,4416,200,4216,50000,50917,50903,390,390,-903
1487,148705652,148705853,148710020,4368,201,4167,50000,50903,50888,390,390,-888
1488,148805704,148805904,148810021,4317,200,4117,50000,50888,50874,390,390,-874
1489,148905755,148905956,148910015,4260,201,4059,50000,50874,50860,390,390,-860
1490,149005807,149006008,149010017,4210,201,4009,50000,50860,50845,390,390,-845
1491,149105858,149106059,149110021,4163,201,3962,50000,50845,50832,391,391,-832
1492,149205910,149206110,149210019,4109,200,3909,50000,50832,50818,391,391,-818
1493,149305961,149306163,149310014,4053,202,3851,50000,50818,50804,391,391,-804
1494,149406013,149411204,149420017,14004,5191,8813,50000,50804,50790,391,391,-790
1495,149506065,149506267,149509999,3934,202,3732,50000,50790,50776,391,391,-776
1496,149606117,149606317,149610042,3925,200,3725,50000,50776,50763,391,391,-763
1497,149706171,149706371,149709998,3827,200,3627,50000,50763,50749,391,391,-749
1498,149806224,149806425,149810022,3798,201,3597,50000,50749,50736,392,392,-736
1499,149906276,149906476,149910021,3745,200,3545,50000,50736,50723,392,392,-723
1500,150006327,150006529,150012819,6492,202,6290,50000,50723,50710,392,392,-710
1501,150106404,150106605,150109983,3579,201,3378,50000,50710,50697,392,392,-697
1502,150206455,150206655,150210020,3565,200,3365,50000,50697,50684,392,392,-684
1503,150306528,150306727,150310018,3490,199,3291,50000,50684,50671,392,392,-671
1504,150406579,150406778,150410026,3447,199,3248,50000,50671,50658,392,392,-658
1505,150506631,150506832,150510017,3386,201,3185,50000,50658,50645,392,392,-645
1506,150606683,150606884,150610017,3334,201,3133,50000,50645,50632,393,393,-632
1507,150706735,150706934,150710027,3292,199,3093,50000,50632,50620,393,393,-620
1508,150806786,150806986,150810027,3241,200,3041,50000,50620,50607,393,393,-607
1509,150906838,150907038,150910021,3183,200,2983,50000,50607,50595,393,393,-595
1510,151006890,151007091,151010022,3132,201,2931,50000,50595,50583,393,393,-583
1511,151106941,151107143,151110024,3083,202,2881,50000,50583,50570,393,393,-570
1512,151206993,151207195,151209044,2051,202,1849,50000,50570,50558,393,393,-558
1513,151307045,151307246,151319230,12185,201,11984,50000,50558,50546,393,393,-546
1514,151407096,151407296,151419331,12235,200,12035,50000,50546,50534,394,394,-534
1515,151507148,151507350,151519401,12253,202,12051,50000,50534,50522,394,394,-522
1516,151607200,151607401,151619026,11826,201,11625,50000,50522,50510,394,394,-510
1517,151707253,151707454,151719127,11874,201,11673,50000,50510,50499,394,394,-499
1518,151807304,151807504,151819165,11861,200,11661,50000,50499,50487,394,394,-487
1519,151907377,151907578,151919230,11853,201,11652,50000,50487,50475,394,394,-475
1520,152007432,152007633,152019296,11864,201,11663,50000,50475,50464,394,394,-464
1521,152107486,152107686,152119345,11859,200,11659,50000,50464,50452,394,394,-452
1522,152207559,152207759,152219468,11909,200,11709,50000,50452,50441,395,395,-441
1523,152307611,152307839,152319502,11891,228,11663,50000,50441,50430,395,395,-430
1524,152407685,152407910,152419595,11910,225,11685,50000,50430,50419,395,395,-419
1525,152507737,152507956,152519610,11873,219,11654,50000,50419,50408,395,395,-408
1526,152607801,152608001,152619653,11852,200,11652,50000,50408,50397,395,395,-397
1527,152707871,152708072,152719718,11847,201,11646,50000,50397,50386,395,395,-386
1528,152807939,152808139,152819806,11867,200,11667,50000,50386,50375,395,395,-375
1529,152907990,152908191,152919845,11855,201,11654,50000,50375,50364,395,395,-364
1530,153008059,153008260,153019933,11874,201,11673,50000,50364,50353,395,395,-353
1531,153108110,153108310,153119977,11867,200,11667,50000,50353,50342,395,395,-342
1532,153208166,153208367,153220024,11858,201,11657,50000,50342,50332,396,396,-332
1533,153308237,153308460,153320032,11795,223,11572,50000,50332,50321,396,396,-321
1534,153408289,153408489,153420031,11742,200,11542,50000,50321,50311,396,396,-311
1535,153508340,153508542,153520040,11700,202,11498,50000,50311,50301,396,396,-301
1536,153608393,153608593,153620036,11643,200,11443,50000,50301,50290,396,396,-290
1537,153708444,153708645,153720019,11575,201,11374,50000,50290,50280,396,396,-280
1538,153808517,153808718,153820023,11506,201,11305,50000,50280,50270,396,396,-270
1539,153908569,153908771,153920026,11457,202,11255,50000,50270,50259,396,396,-259
1540,154008620,154008821,154020021,11401,201,11200,50000,50259,50249,396,396,-249
1541,154108672,154108874,154120021,11349,202,11147,50000,50249,50239,396,396,-239
1542,154208725,154208926,154220017,11292,201,11091,50000,50239,50229,397,397,-229
1543,154308777,154308978,154320017,11240,201,11039,50000,50229,50220,397,397,-220
1544,154408831,154409032,154420026,11195,201,10994,50000,50220,50210,397,397,-210
1545,154508884,154509084,154520025,11141,200,10941,50000,50210,50200,397,397,-200
1546,154608937,154609139,154620020,11083,202,10881,50000,50200,50191,397,397,-191
1547,154708991,154709192,154720016,11025,201,10824,50000,50191,50181,397,397,-181
1548,154809045,154809246,154820017,10972,201,10771,50000,50181,50171,397,397,-171
1549,154909097,154909298,154920032,10935,201,10734,50000,50171,50162,397,397,-162
1550,155009150,155009352,155020018,10868,202,10666,50000,50162,50152,397,397,-152
1551,155109204,155109404,155120012,10808,200,10608,50000,50152,50143,397,397,-143
1552,155209258,155209459,155220023,10765,201,10564,50000,50143,50134,397,397,-134
1553,155309311,155309512,155320020,10709,201,10508,50000,50134,50124,397,397,-124
1554,155409364,155409566,155420017,10653,202,10451,50000,50124,50115,398,398,-115
1555,155509418,155509618,155520023,10605,200,10405,50000,50115,50106,398,398,-106
1556,155609471,155609671,155620023,10552,200,10352,50000,50106,50097,398,398,-97
1557,155709524,155709724,155720017,10493,200,10293,50000,50097,50088,398,398,-88
1558,155809578,155809778,155820013,10435,200,10235,50000,50088,50079,398,398,-79
1559,155909631,155909832,155920025,10394,201,10193,50000,50079,50070,398,398,-70
1560,156009685,156009886,156020017,10332,201,10131,50000,50070,50062,398,398,-62
1561,156109737,156109937,156120017,10280,200,10080,50000,50062,50053,398,398,-53
1562,156209791,156209993,156220021,10230,202,10028,50000,50053,50044,398,398,-44
1563,156309844,156310044,156320022,10178,200,9978,50000,50044,50035,398,398,-35
1564,156409897,156410099,156420016,10119,202,9917,50000,50035,50027,399,399,-27
1565,156509950,156510179,156520014,10064,229,9835,50000,50027,50018,399,399,-18
1566,156610003,156610235,156620025,10022,232,9790,50000,50018,50010,399,399,-10
1567,156710055,156710288,156720015,9960,233,9727,50000,50010,50002,399,399,-2
1568,156810109,156810334,156820016,9907,225,9682,50000,50002,49993,399,399,7
1569,156910177,156910378,156920033,9856,201,9655,50000,49993,49985,399,399,15
1570,157010238,157010438,157020036,9798,200,9598,50000,49985,49977,399,399,23
1571,157110290,157110492,157120034,9744,202,9542,50000,49977,49969,399,399,31
1572,157210342,157210542,157220021,9679,200,9479,50000,49969,49961,400,400,39
1573,157310394,157310595,157320019,9625,201,9424,50000,49961,49953,400,400,47
1574,157410465,157410666,157420015,9550,201,9349,50000,49953,49945,400,400,55
1575,157510516,157510717,157520025,9509,201,9308,50000,49945,49937,400,400,63
1576,157610569,157610771,157620024,9455,202,9253,50000,49937,49930,401,401,70
1577,157710620,157710821,157720021,9401,201,9200,50000,49930,49923,401,401,77
1578,157810673,157810873,157820018,9345,200,9145,50000,49923,49915,401,401,85
1579,157910725,157910926,157920014,9289,201,9088,50000,49915,49908,401,401,92
1580,158010776,158010977,158020020,9244,201,9043,50000,49908,49900,401,401,100
1581,158110830,158111030,158120020,9190,200,8990,50000,49900,49893,402,402,107
1582,158210881,158211083,158220018,9137,202,8935,50000,49893,49886,402,402,114
1583,158310933,158311134,158320022,9089,201,8888,50000,49886,49879,402,402,121
1584,158410986,158411187,158420022,9036,201,8835,50000,49879,49872,402,402,128
1585,158511037,158511238,158520014,8977,201,8776,50000,49872,49866,402,402,134
1586,158611089,158611289,158620024,8935,200,8735,50000,49866,49859,402,402,141
1587,158711142,158711343,158720023,8881,201,8680,50000,49859,49852,403,403,148
1588,158811193,158811394,158820018,8825,201,8624,50000,49852,49845,403,403,155
1589,158911246,158911446,158920014,8768,200,8568,50000,49845,49839,403,403,161
1590,159011297,159011499,159020022,8725,202,8523,50000,49839,49832,403,403,168
1591,159111350,159111551,159120022,8672,201,8471,50000,49832,49826,403,403,174
1592,159211402,159211602,159220019,8617,200,8417,50000,49826,49819,403,403,181
1593,159311454,159311654,159320018,8564,200,8364,50000,49819,49813,404,404,187
1594,159411505,159411706,159420021,8516,201,8315,50000,49813,49807,404,404,193
1595,159511557,159511759,159520019,8462,202,8260,50000,49807,49801,404,404,199
1596,159611609,159611811,159620013,8404,202,8202,50000,49801,49795,404,404,205
1597,159711661,159711862,159720039,8378,201,8177,50000,49795,49789,404,404,211
1598,159811734,159811934,159820034,8300,200,8100,50000,49789,49783,404,404,217
1599,159911785,159911986,159920030,8245,201,8044,50000,49783,49777,405,405,223
1600,160011838,160012038,160021854,10016,200,9816,50000,49777,49771,405,405,229
1601,160111894,160112096,160119979,8085,202,7883,50000,49771,49766,405,405,234
1602,160211946,160212145,160220019,8073,199,7874,50000,49766,49760,405,405,240
1603,160312001,160312202,160320022,8021,201,7820,50000,49760,49754,405,405,246
1604,160412054,160412256,160420023,7969,202,7767,50000,49754,49749,405,405,251
1605,160512105,160512307,160520015,7910,202,7708,50000,49749,49743,405,405,257
1606,160612157,160612358,160620014,7857,201,7656,50000,49743,49738,406,406,262
1607,160712209,160712409,160720022,7813,200,7613,50000,49738,49733,406,406,267
1608,160812261,160812462,160820021,7760,201,7559,50000,49733,49727,406,406,273
1609,160912311,160912513,160920017,7706,202,7504,50000,49727,49722,406,406,278
1610,161012364,161012566,161020014,7650,202,7448,50000,49722,49717,406,406,283
1611,161112416,161112616,161120021,7605,200,7405,50000,49717,49712,406,406,288
1612,161212468,161212669,161220013,7545,201,7344,50000,49712,49707,406,406,293
1613,161312520,161312721,161320015,7495,201,7294,50000,49707,49702,407,407,298
1614,161412572,161412773,161420020,7448,201,7247,50000,49702,49697,407,407,303
1615,161512624,161512825,161520021,7397,201,7196,50000,49697,49692,407,407,308
1616,161612676,161612878,161620018,7342,202,7140,50000,49692,49687,407,407,313
1617,161712729,161712929,161720025,7296,200,7096,50000,49687,49682,407,407,318
1618,161812781,161812982,161820018,7237,201,7036,50000,49682,49678,407,407,322
1619,161912832,161913033,161920020,7188,201,6987,50000,49678,49673,407,407,327
1620,162012885,162013086,162020014,7129,201,6928,50000,49673,49668,408,408,332
1621,162112937,162113138,162120022,7085,201,6884,50000,49668,49664,408,408,336
1622,162212990,162213190,162220020,7030,200,6830,50000,49664,49660,408,408,340
1623,162313041,162313242,162320015,6974,201,6773,50000,49660,49655,408,408,345
1624,162413093,162413293,162420033,6940,200,6740,50000,49655,49651,408,408,349
1625,162513162,162513387,162520038,6876,225,6651,50000,49651,49647,408,408,353
1626,162613214,162613444,162620035,6821,230,6591,50000,49647,49642,408,408,358
1627,162713266,162713499,162720023,6757,233,6524,50000,49642,49638,409,409,362
1628,162813317,162818499,162830022,16705,5182,11523,50000,49638,49634,409,409,366
1629,162913387,162913587,162920033,6646,200,6446,50000,49634,49630,409,409,370
1630,163013421,163013622,163020022,6601,201,6400,50000,49630,49626,409,409,374
1631,163113474,163113675,163120019,6545,201,6344,50000,49626,49622,409,409,378
1632,163213526,163213726,163220019,6493,200,6293,50000,49622,49618,409,409,382
1633,163313577,163313778,163320015,6438,201,6237,50000,49618,49614,409,409,386
1634,163413629,163413829,163420026,6397,200,6197,50000,49614,49610,409,409,390
1635,163513681,163513881,163518995,5314,200,5114,50000,49610,49606,409,409,394
1636,163613732,163613933,163619091,5359,201,5158,50000,49606,49602,409,409,398
1637,163713783,163713983,163719134,5351,200,5151,50000,49602,49599,409,409,401
1638,163813838,163814038,163819200,5362,200,5162,50000,49599,49595,409,409,405
1639,163913894,163914093,163919261,5367,199,5168,50000,49595,49591,410,410,409
1640,164013963,164014163,164019319,5356,200,5156,50000,49591,49587,410,410,413
1641,164114034,164114234,164119376,5342,200,5142,50000,49587,49584,410,410,416
1642,164214103,164214303,164219442,5339,200,5139,50000,49584,49580,410,410,420
1643,164314156,164314356,164319500,5344,200,5144,50000,49580,49577,410,410,423
1644,164414226,164414427,164419558,5332,201,5131,50000,49577,49573,410,410,427
1645,164514297,164514498,164519624,5327,201,5126,50000,49573,49570,410,410,430
1646,164614371,164614572,164619685,5314,201,5113,50000,49570,49566,410,410,434
1647,164714441,164714641,164719744,5303,200,5103,50000,49566,49563,411,411,437
1648,164814541,164814742,164819820,5279,201,5078,50000,49563,49560,411,411,440
1649,164914629,164914829,164919877,5248,200,5048,50000,49560,49557,411,411,443
1650,165014699,165014899,165019937,5238,200,5038,50000,49557,49554,411,411,446
1651,165114772,165114971,165119987,5215,199,5016,50000,49554,49551,411,411,449
1652,165214823,165215024,165220058,5235,201,5034,50000,49551,49547,411,411,453
1653,165314893,165315095,165320041,5148,202,4946,50000,49547,49544,411,411,456
1654,165414945,165415145,165420053,5108,200,4908,50000,49544,49541,411,411,459
1655,165514997,165515197,165520000,5003,200,4803,50000,49541,49538,411,411,462
1656,165615072,165615272,165620019,4947,200,4747,50000,49538,49535,411,411,465
1657,165715124,165715324,165720012,4888,200,4688,50000,49535,49532,411,411,468
1658,165815176,165815377,165820022,4846,201,4645,50000,49532,49529,411,411,471
1659,165915227,165915428,165920020,4793,201,4592,50000,49529,49526,411,411,474
1660,166015279,166015479,166020017,4738,200,4538,50000,49526,49523,411,411,477
1661,166115331,166115531,166120021,4690,200,4490,50000,49523,49520,412,412,480
1662,166215382,166215583,166220022,4640,201,4439,50000,49520,49517,412,412,483
1663,166315433,166315634,166320017,4584,201,4383,50000,49517,49515,412,412,485
1664,166415485,166415687,166420014,4529,202,4327,50000,49515,49512,412,412,488
1665,166515538,166515739,166520027,4489,201,4288,50000,49512,49509,412,412,491
1666,166615589,166615790,166620023,4434,201,4233,50000,49509,49507,412,412,493
1667,166715641,166715842,166720018,4377,201,4176,50000,49507,49504,412,412,496
1668,166815693,166815893,166820017,4324,200,4124,50000,49504,49501,412,412,499
1669,166915744,166915945,166920016,4272,201,4071,50000,49501,49499,412,412,501
1670,167015796,167015996,167020020,4224,200,4024,50000,49499,49496,412,412,504
1671,167115848,167116048,167120017,4169,200,3969,50000,49496,49493,412,412,507
1672,167215900,167216102,167220015,4115,202,3913,50000,49493,49491,412,412,509
1673,167315951,167316152,167320021,4070,201,3869,50000,49491,49488,412,412,512
1674,167416004,167416206,167420022,4018,202,3816,50000,49488,49486,413,413,514
1675,167516055,167516257,167520011,3956,202,3754,50000,49486,49484,413,413,516
1676,167616107,167616309,167620027,3920,202,3718,50000,49484,49481,413,413,519
1677,167716175,167716376,167720015,3840,201,3639,50000,49481,49479,413,413,521
1678,167816227,167816427,167820018,3791,200,3591,50000,49479,49477,413,413,523
1679,167916280,167916481,167920034,3754,201,3553,50000,49477,49475,413,413,525
1680,168016332,168016532,168020041,3709,200,3509,50000,49475,49472,413,413,528
1681,168116383,168116584,168120040,3657,201,3456,50000,49472,49470,413,413,530
1682,168216434,168216634,168220024,3590,200,3390,50000,49470,49468,413,413,532
1683,168316485,168316686,168320019,3534,201,3333,50000,49468,49466,413,413,534
1684,168416537,168416738,168420019,3482,201,3281,50000,49466,49463,413,413,537
1685,168516589,168516790,168520023,3434,201,3233,50000,49463,49461,413,413,539
1686,168616641,168616841,168620024,3383,200,3183,50000,49461,49459,413,413,541
1687,168716692,168716894,168720020,3328,202,3126,50000,49459,49457,413,413,543
1688,168816745,168816946,168820015,3270,201,3069,50000,49457,49455,413,413,545
1689,168916797,168916996,168920026,3229,199,3030,50000,49455,49452,413,413,548
1690,169016849,169017050,169020022,3173,201,2972,50000,49452,49450,414,414,550
1691,169116901,169117102,169120018,3117,201,2916,50000,49450,49449,414,414,551
1692,169216952,169217153,169219002,2050,201,1849,50000,49449,49446,413,413,554
1693,169317003,169317204,169319116,2113,201,1912,50000,49446,49445,414,414,555
1694,169417054,169417254,169429277,12223,200,12023,50000,49445,49443,414,414,557
1695,169517106,169517306,169529378,12272,200,12072,50000,49443,49441,414,414,559
1696,169617157,169617358,169628993,11836,201,11635,50000,49441,49439,414,414,561
1697,169717209,169717409,169729086,11877,200,11677,50000,49439,49437,414,414,563
1698,169817261,169817461,169829121,11860,200,11660,50000,49437,49435,414,414,565
1699,169917335,169917535,169929187,11852,200,11652,50000,49435,49434,414,414,566
1700,170017388,170017589,170031851,14463,201,14262,50000,49434,49432,414,414,568
1701,170117446,170117648,170129295,11849,202,11647,50000,49432,49430,414,414,570
1702,170217496,170217697,170229385,11889,201,11688,50000,49430,49428,414,414,572
1703,170317547,170317748,170329419,11872,201,11671,50000,49428,49426,414,414,574
1704,170417621,170417849,170429515,11894,228,11666,50000,49426,49425,414,414,575
1705,170517673,170517900,170529549,11876,227,11649,50000,49425,49423,414,414,577
1706,170617746,170617964,170629608,11862,218,11644,50000,49423,49421,414,414,579
1707,170717823,170718022,170729677,11854,199,11655,50000,49421,49419,414,414,581
1708,170817876,170818076,170829724,11848,200,11648,50000,49419,49417,414,414,583
1709,170917950,170918150,170929829,11879,200,11679,50000,49417,49416,414,414,584
1710,171018001,171018203,171029864,11863,202,11661,50000,49416,49414,414,414,586
1711,171118075,171118276,171129928,11853,201,11652,50000,49414,49412,414,414,588
1712,171218130,171218331,171229980,11850,201,11649,50000,49412,49411,415,415,589
1713,171318202,171318402,171330024,11822,200,11622,50000,49411,49409,414,414,591
1714,171418272,171418474,171430034,11762,202,11560,50000,49409,49408,415,415,592
1715,171518324,171518525,171530034,11710,201,11509,50000,49408,49406,415,415,594
1716,171618376,171618577,171630039,11663,201,11462,50000,49406,49405,415,415,595
1717,171718427,171718628,171730033,11606,201,11405,50000,49405,49403,415,415,597
1718,171818479,171818679,171830019,11540,200,11340,50000,49403,49402,415,415,598
1719,171918531,171918731,171930017,11486,200,11286,50000,49402,49401,415,415,599
1720,172018583,172018783,172030024,11441,200,11241,50000,49401,49399,415,415,601
1721,172118635,172118835,172130021,11386,200,11186,50000,49399,49398,415,415,602
1722,172218686,172218886,172230015,11329,200,11129,50000,49398,49396,415,415,604
1723,172318739,172318941,172330022,11283,202,11081,50000,49396,49395,415,415,605
1724,172418793,172418994,172430021,11228,201,11027,50000,49395,49394,415,415,606
1725,172518845,172519046,172530014,11169,201,10968,50000,49394,49392,415,415,608
1726,172618898,172619099,172630014,11116,201,10915,50000,49392,49391,415,415,609
1727,172718952,172719152,172730038,11086,200,10886,50000,49391,49389,415,415,611
1728,172819005,172819206,172830037,11032,201,10831,50000,49389,49388,415,415,612
1729,172919057,172919257,172930030,10973,200,10773,50000,49388,49387,415,415,613
1730,173019111,173019312,173030020,10909,201,10708,50000,49387,49385,415,415,615
1731,173119164,173119364,173130018,10854,200,10654,50000,49385,49384,415,415,616
1732,173219218,173219418,173230015,10797,200,10597,50000,49384,49383,415,415,617
1733,173319270,173319471,173330024,10754,201,10553,50000,49383,49381,415,415,619
1734,173419324,173419525,173430023,10699,201,10498,50000,49381,49380,415,415,620
1735,173519376,173519577,173530017,10641,201,10440,50000,49380,49379,415,415,621
1736,173619429,173619630,173630017,10588,201,10387,50000,49379,49377,415,415,623
1737,173719482,173719683,173730023,10541,201,10340,50000,49377,49376,416,416,624
1738,173819536,173819737,173830020,10484,201,10283,50000,49376,49375,416,416,625
1739,173919589,173919790,173930014,10425,201,10224,50000,49375,49374,416,416,626
1740,174019643,174019843,174030023,10380,200,10180,50000,49374,49373,416,416,627
1741,174119696,174119897,174130021,10325,201,10124,50000,49373,49372,416,416,628
1742,174219749,174219949,174230016,10267,200,10067,50000,49372,49371,416,416,629
1743,174319803,174320003,174330014,10211,200,10011,50000,49371,49370,416,416,630
1744,174419857,174420056,174430024,10167,199,9968,50000,49370,49369,416,416,631
1745,174519932,174520133,174530015,10083,201,9882,50000,49369,49368,416,416,632
1746,174619986,174620221,174630017,10031,235,9796,50000,49368,49367,416,416,633
1747,174720039,174720277,174730021,9982,238,9744,50000,49367,49366,416,416,634
1748,174820093,174820321,174830021,9928,228,9700,50000,49366,49365,416,416,635
1749,174920165,174920365,174930018,9853,200,9653,50000,49365,49364,416,416,636
1750,175020208,175020409,175030013,9805,201,9604,50000,49364,49363,416,416,637
1751,175120260,175120460,175130023,9763,200,9563,50000,49363,49362,416,416,638
1752,175220311,175220512,175230014,9703,201,9502,50000,49362,49361,416,416,639
1753,175320363,175320564,175330016,9653,201,9452,50000,49361,49360,416,416,640
1754,175420415,175420616,175430031,9616,201,9415,50000,49360,49360,416,416,640
1755,175520468,175520670,175530037,9569,202,9367,50000,49360,49359,416,416,641
1756,175620520,175620722,175630033,9513,202,9311,50000,49359,49358,416,416,642
1757,175720572,175720773,175730023,9451,201,9250,50000,49358,49357,416,416,643
1758,175820624,175820825,175830018,9394,201,9193,50000,49357,49356,416,416,644
1759,175920676,175920875,175930016,9340,199,9141,50000,49356,49355,416,416,645
1760,176020728,176020930,176030025,9297,202,9095,50000,49355,49354,416,416,646
1761,176120780,176120981,176130026,9246,201,9045,50000,49354,49353,416,416,647
1762,176220832,176225938,176230019,9187,5106,4081,50000,49353,49352,416,416,648
1763,176320883,176321086,176330015,9132,203,8929,50000,49352,49351,416,416,649
1764,176420935,176421136,176430027,9092,201,8891,50000,49351,49350,416,416,650
1765,176520987,176521188,176530015,9028,201,8827,50000,49350,49349,416,416,651
1766,176621039,176621241,176630019,8980,202,8778,50000,49349,49348,416,416,652
1767,176721091,176721292,176730014,8923,201,8722,50000,49348,49347,416,416,653
1768,176821143,176821344,176830024,8881,201,8680,50000,49347,49346,416,416,654
1769,176921195,176921395,176930019,8824,200,8624,50000,49346,49346,416,416,654
1770,177021246,177021447,177030014,8768,201,8567,50000,49346,49345,416,416,655
1771,177121298,177121501,177130025,8727,203,8524,50000,49345,49344,416,416,656
1772,177221351,177221552,177230015,8664,201,8463,50000,49344,49343,416,416,657
1773,177321403,177321603,177330020,8617,200,8417,50000,49343,49342,416,416,658
1774,177421456,177421656,177430010,8554,200,8354,50000,49342,49341,416,416,659
1775,177521508,177521708,177530024,8516,200,8316,50000,49341,49340,416,416,660
1776,177621560,177621761,177630016,8456,201,8255,50000,49340,49339,416,416,661
1777,177721612,177721814,177730017,8405,202,8203,50000,49339,49338,416,416,662
1778,177821665,177821865,177830017,8352,200,8152,50000,49338,49338,416,416,662
1779,177921717,177921918,177930020,8303,201,8102,50000,49338,49337,416,416,663
1780,178021767,178021969,178030016,8249,202,8047,50000,49337,49336,417,417,664
1781,178121820,178122021,178130013,8193,201,7992,50000,49336,49336,417,417,664
1782,178221872,178222072,178230040,8168,200,7968,50000,49336,49335,416,416,665
1783,178321943,178322144,178330036,8093,201,7892,50000,49335,49334,417,417,666
1784,178421995,178422196,178430035,8040,201,7839,50000,49334,49333,417,417,667
1785,178522047,178522248,178530018,7971,201,7770,50000,49333,49333,417,417,667
1786,178622098,178622299,178630019,7921,201,7720,50000,49333,49332,417,417,668
1787,178722151,178722352,178730016,7865,201,7664,50000,49332,49332,417,417,668
1788,178822204,178822407,178830022,7818,203,7615,50000,49332,49331,417,417,669
1789,178922256,178922457,178930020,7764,201,7563,50000,49331,49331,417,417,669
1790,179022307,179022509,179030020,7713,202,7511,50000,49331,49330,417,417,670
1791,179122359,179122559,179130023,7664,200,7464,50000,49330,49330,417,417,670
1792,179222412,179222615,179230019,7607,203,7404,50000,49330,49329,417,417,671
1793,179322463,179322664,179330022,7559,201,7358,50000,49329,49328,417,417,672
1794,179422516,179422715,179430013,7497,199,7298,50000,49328,49328,417,417,672
1795,179522567,179522770,179530017,7450,203,7247,50000,49328,49327,417,417,673
1796,179622620,179622821,179630019,7399,201,7198,50000,49327,49327,417,417,673
1797,179722671,179722872,179730021,7350,201,7149,50000,49327,49326,417,417,674
1798,179822724,179822925,179830012,7288,201,7087,50000,49326,49326,417,417,674
1799,179922776,179922978,179930023,7247,202,7045,50000,49326,49325,417,417,675
1800,180022829,180023029,180031850,9021,200,8821,50000,49325,49325,417,417,675
