sequence,cycle_started_us,command_sent_us,response_completed_us,full_loop_us,pre_send_us,transport_us,setpoint_milli_c,observed_milli_c,measured_milli_c,command_actuator_permille,status_actuator_permille,error_milli_c
1,5394,5411,109743,104349,17,104332,45000,20000,20140,500,500,24860
2,110276,110292,122276,12000,16,11984,45000,20140,20279,500,500,24721
3,210689,210705,222282,11593,16,11577,45000,20279,20418,500,500,24582
4,310735,310751,322364,11629,16,11613,45000,20418,20557,500,500,24443
5,410780,410796,422401,11621,16,11605,45000,20557,20694,500,500,24306
6,510827,510843,522456,11629,16,11613,45000,20694,20832,500,500,24168
7,610891,610907,622534,11643,16,11627,45000,20832,20968,500,500,24032
8,710936,710952,722568,11632,16,11616,45000,20968,21104,500,500,23896
9,811002,811018,822624,11622,16,11606,45000,21104,21240,500,500,23760
10,911050,911066,922669,11619,16,11603,45000,21240,21375,500,500,23625
11,1011116,1011131,1022683,11567,15,11552,45000,21375,21510,500,500,23490
12,1111163,1111179,1122680,11517,16,11501,45000,21510,21644,500,500,23356
13,1211210,1211226,1222681,11471,16,11455,45000,21644,21777,500,500,23223
14,1311257,1311273,1322688,11431,16,11415,45000,21777,21910,500,500,23090
15,1411305,1411320,1421710,10405,15,10390,45000,21910,22042,500,500,22958
16,1511351,1511367,1521817,10466,16,10450,45000,22042,22174,500,500,22826
17,1611398,1611414,1621746,10348,16,10332,45000,22174,22305,500,500,22695
18,1711446,1711462,1721740,10294,16,10278,45000,22305,22436,500,500,22564
19,1811494,1811510,1821725,10231,16,10215,45000,22436,22566,500,500,22434
20,1911542,1911558,1921721,10179,16,10163,45000,22566,22696,500,500,22304
21,2011590,2011606,2021742,10152,16,10136,45000,22696,22825,500,500,22175
22,2111638,2111654,2121730,10092,16,10076,45000,22825,22954,500,500,22046
23,2211686,2211702,2221723,10037,16,10021,45000,22954,23082,500,500,21918
24,2311734,2311750,2321731,9997,16,9981,45000,23082,23210,500,500,21790
25,2411782,2411798,2421737,9955,16,9939,45000,23210,23337,500,500,21663
26,2511829,2511845,2521726,9897,16,9881,45000,23337,23464,500,500,21536
27,2611878,2611894,2621718,9840,16,9824,45000,23464,23590,500,500,21410
28,2711926,2711942,2721737,9811,16,9795,45000,23590,23715,500,500,21285
29,2811974,2811990,2821739,9765,16,9749,45000,23715,23841,500,500,21159
30,2912036,2912053,2921726,9690,17,9673,45000,23841,23965,500,500,21035
31,3012083,3012100,3021732,9649,17,9632,45000,23965,24089,500,500,20911
32,3112131,3112147,3121775,9644,16,9628,45000,24089,24213,500,500,20787
33,3212178,3212195,3221771,9593,17,9576,45000,24213,24336,500,500,20664
34,3312224,3312240,3321761,9537,16,9521,45000,24336,24459,500,500,20541
35,3412271,3412287,3421731,9460,16,9444,45000,24459,24581,500,500,20419
36,3512317,3512333,3521735,9418,16,9402,45000,24581,24703,500,500,20297
37,3612364,3612380,3621723,9359,16,9343,45000,24703,24824,500,500,20176
38,3712411,3712427,3721732,9321,16,9305,45000,24824,24945,500,500,20055
39,3812459,3812475,3821736,9277,16,9261,45000,24945,25065,500,500,19935
40,3912506,3912522,3921723,9217,16,9201,45000,25065,25185,500,500,19815
41,4012554,4012570,4021726,9172,16,9156,45000,25185,25304,500,500,19696
42,4112602,4112618,4121729,9127,16,9111,45000,25304,25423,500,500,19577
43,4212649,4212665,4221724,9075,16,9059,45000,25423,25541,500,500,19459
44,4312696,4312713,4321722,9026,17,9009,45000,25541,25659,500,500,19341
45,4412744,4412760,4421742,8998,16,8982,45000,25659,25776,500,500,19224
46,4512792,4512808,4521728,8936,16,8920,45000,25776,25893,500,500,19107
47,4612839,4612855,4621720,8881,16,8865,45000,25893,26009,500,500,18991
48,4712887,4712904,4721727,8840,17,8823,45000,26009,26125,500,500,18875
49,4812936,4812952,4821736,8800,16,8784,45000,26125,26241,500,500,18759
50,4912984,4913000,4921725,8741,16,8725,45000,26241,26356,500,500,18644
51,5013032,5013048,5021732,8700,16,8684,45000,26356,26470,500,500,18530
52,5113080,5113095,5121729,8649,15,8634,45000,26470,26585,500,500,18415
53,5213127,5213143,5221724,8597,16,8581,45000,26585,26698,500,500,18302
54,5313174,5313190,5321722,8548,16,8532,45000,26698,26811,500,500,18189
55,5413222,5413238,5421729,8507,16,8491,45000,26811,26924,500,500,18076
56,5513270,5513286,5521731,8461,16,8445,45000,26924,27037,500,500,17963
57,5613319,5613335,5621734,8415,16,8399,45000,27037,27148,500,500,17852
58,5713367,5713383,5721723,8356,16,8340,45000,27148,27260,500,500,17740
59,5813414,5813430,5821739,8325,16,8309,45000,27260,27371,500,500,17629
60,5913464,5913480,5921741,8277,16,8261,45000,27371,27481,500,500,17519
61,6013511,6013527,6021727,8216,16,8200,45000,27481,27591,500,500,17409
62,6113558,6113575,6121733,8175,17,8158,45000,27591,27701,500,500,17299
63,6213607,6213623,6221741,8134,16,8118,45000,27701,27810,500,500,17190
64,6313654,6313670,6321735,8081,16,8065,45000,27810,27919,500,500,17081
65,6413703,6413719,6421731,8028,16,8012,45000,27919,28027,500,500,16973
66,6513750,6513766,6521740,7990,16,7974,45000,28027,28135,500,500,16865
67,6613799,6613815,6621727,7928,16,7912,45000,28135,28243,500,500,16757
68,6713846,6713862,6721722,7876,16,7860,45000,28243,28350,500,500,16650
69,6813894,6813910,6821741,7847,16,7831,45000,28350,28456,500,500,16544
70,6913943,6913958,6921728,7785,15,7770,45000,28456,28562,500,500,16438
71,7013990,7014006,7021721,7731,16,7715,45000,28562,28668,500,500,16332
72,7114038,7114054,7121730,7692,16,7676,45000,28668,28773,500,500,16227
73,7214086,7214102,7221737,7651,16,7635,45000,28773,28878,500,500,16122
74,7314134,7314150,7321726,7592,16,7576,45000,28878,28983,500,500,16017
75,7414183,7414198,7421715,7532,15,7517,45000,28983,29087,500,500,15913
76,7514230,7514246,7521733,7503,16,7487,45000,29087,29191,500,500,15809
77,7614278,7614294,7621737,7459,16,7443,45000,29191,29294,500,500,15706
78,7714326,7714342,7721723,7397,16,7381,45000,29294,29397,500,500,15603
79,7814374,7814390,7821726,7352,16,7336,45000,29397,29499,500,500,15501
80,7914422,7914438,7921735,7313,16,7297,45000,29499,29601,500,500,15399
81,8014469,8014486,8021724,7255,17,7238,45000,29601,29703,500,500,15297
82,8114517,8114533,8121732,7215,16,7199,45000,29703,29804,500,500,15196
83,8214565,8214581,8221730,7165,16,7149,45000,29804,29905,500,500,15095
84,8314612,8314628,8321735,7123,16,7107,45000,29905,30005,500,500,14995
85,8414659,8414676,8421728,7069,17,7052,45000,30005,30105,500,500,14895
86,8514707,8514723,8521739,7032,16,7016,45000,30105,30205,500,500,14795
87,8614755,8614771,8621729,6974,16,6958,45000,30205,30304,500,500,14696
88,8714803,8714819,8721724,6921,16,6905,45000,30304,30403,500,500,14597
89,8814850,8814866,8821731,6881,16,6865,45000,30403,30501,500,500,14499
90,8914899,8914915,8921736,6837,16,6821,45000,30501,30599,500,500,14401
91,9014946,9014963,9021733,6787,17,6770,45000,30599,30697,500,500,14303
92,9114994,9115010,9121740,6746,16,6730,45000,30697,30794,500,500,14206
93,9215041,9215057,9221727,6686,16,6670,45000,30794,30891,500,500,14109
94,9315088,9315104,9321722,6634,16,6618,45000,30891,30987,500,500,14013
95,9415136,9415152,9421737,6601,16,6585,45000,30987,31083,500,500,13917
96,9515184,9515200,9521732,6548,16,6532,45000,31083,31179,500,500,13821
97,9615232,9615249,9621738,6506,17,6489,45000,31179,31274,500,500,13726
98,9715281,9715297,9721731,6450,16,6434,45000,31274,31369,500,500,13631
99,9815329,9815345,9821718,6389,16,6373,45000,31369,31463,500,500,13537
100,9915376,9915392,9924574,9198,16,9182,45000,31463,31558,500,500,13442
101,10015427,10015443,10021678,6251,16,6235,45000,31558,31651,500,500,13349
102,10115473,10115490,10121724,6251,17,6234,45000,31651,31745,500,500,13255
103,10215524,10215540,10221728,6204,16,6188,45000,31745,31838,500,500,13162
104,10315572,10315588,10321728,6156,16,6140,45000,31838,31930,500,500,13070
105,10415620,10415636,10421726,6106,16,6090,45000,31930,32023,500,500,12977
106,10515667,10515683,10521732,6065,16,6049,45000,32023,32115,500,500,12885
107,10615715,10615731,10621734,6019,16,6003,45000,32115,32206,500,500,12794
108,10715763,10715779,10721738,5975,16,5959,45000,32206,32297,500,500,12703
109,10815811,10815828,10821726,5915,17,5898,45000,32297,32388,500,500,12612
110,10915859,10915875,10921727,5868,16,5852,45000,32388,32479,500,500,12521
111,11015907,11015923,11021730,5823,16,5807,45000,32479,32569,500,500,12431
112,11115954,11115970,11121734,5780,16,5764,45000,32569,32658,500,500,12342
113,11216001,11216018,11221724,5723,17,5706,45000,32658,32748,500,500,12252
114,11316050,11316066,11321741,5691,16,5675,45000,32748,32837,500,500,12163
115,11416097,11416114,11421728,5631,17,5614,45000,32837,32925,500,500,12075
116,11516144,11516161,11521723,5579,17,5562,45000,32925,33014,500,500,11986
117,11616192,11616208,11621728,5536,16,5520,45000,33014,33102,500,500,11898
118,11716240,11716256,11721730,5490,16,5474,45000,33102,33189,500,500,11811
119,11816287,11816303,11821725,5438,16,5422,45000,33189,33277,500,500,11723
120,11916335,11916352,11921717,5382,17,5365,45000,33277,33363,500,500,11637
121,12016383,12016399,12021740,5357,16,5341,45000,33363,33450,500,500,11550
122,12116432,12116448,12121743,5311,16,5295,45000,33450,33536,500,500,11464
123,12216479,12216495,12221729,5250,16,5234,45000,33536,33622,500,500,11378
124,12316526,12316542,12321727,5201,16,5185,45000,33622,33708,500,500,11292
125,12416574,12416590,12421732,5158,16,5142,45000,33708,33793,500,500,11207
126,12516622,12516638,12521729,5107,16,5091,45000,33793,33878,500,500,11122
127,12616669,12616685,12621731,5062,16,5046,45000,33878,33962,500,500,11038
128,12716718,12716733,12721738,5020,15,5005,45000,33962,34046,500,500,10954
129,12816765,12816801,12821724,4959,36,4923,45000,34046,34130,500,500,10870
130,12916814,12916830,12921724,4910,16,4894,45000,34130,34213,500,500,10787
131,13016860,13016876,13021736,4876,16,4860,45000,34213,34297,500,500,10703
132,13116906,13116922,13121726,4820,16,4804,45000,34297,34379,500,500,10621
133,13216952,13216968,13221717,4765,16,4749,45000,34379,34462,500,500,10538
134,13316999,13317015,13321728,4729,16,4713,45000,34462,34544,500,500,10456
135,13417045,13417061,13421725,4680,16,4664,45000,34544,34626,500,500,10374
136,13517091,13517108,13521724,4633,17,4616,45000,34626,34707,500,500,10293
137,13617138,13617154,13621720,4582,16,4566,45000,34707,34789,500,500,10211
138,13717184,13717200,13721743,4559,16,4543,45000,34789,34869,500,500,10131
139,13817231,13817247,13821728,4497,16,4481,45000,34869,34950,500,500,10050
140,13917277,13917293,13921721,4444,16,4428,45000,34950,35030,500,500,9970
141,14017323,14017339,14021714,4391,16,4375,45000,35030,35110,500,500,9890
142,14117371,14117387,14121731,4360,16,4344,45000,35110,35190,500,500,9810
143,14217418,14217434,14221735,4317,16,4301,45000,35190,35269,500,500,9731
144,14317464,14317480,14321722,4258,16,4242,45000,35269,35348,500,500,9652
145,14417510,14417526,14421740,4230,16,4214,45000,35348,35426,500,500,9574
146,14517557,14517573,14521728,4171,16,4155,45000,35426,35505,500,500,9495
147,14617603,14617619,14621735,4132,16,4116,45000,35505,35583,500,500,9417
148,14717651,14717667,14721728,4077,16,4061,45000,35583,35660,500,500,9340
149,14817698,14817714,14821732,4034,16,4018,45000,35660,35738,500,500,9262
150,14917744,14917760,14921735,3991,16,3975,45000,35738,35815,500,500,9185
151,15017791,15017808,15021721,3930,17,3913,45000,35815,35891,500,500,9109
152,15117838,15117854,15121762,3924,16,3908,45000,35891,35968,500,500,9032
153,15217906,15217922,15221748,3842,16,3826,45000,35968,36044,500,500,8956
154,15317952,15317968,15321742,3790,16,3774,45000,36044,36120,500,500,8880
155,15417999,15418015,15421728,3729,16,3713,45000,36120,36195,500,500,8805
156,15518046,15518062,15521732,3686,16,3670,45000,36195,36271,500,500,8729
157,15618093,15618109,15621723,3630,16,3614,45000,36271,36345,500,500,8655
158,15718139,15718155,15721741,3602,16,3586,45000,36345,36420,500,500,8580
159,15818187,15818203,15821730,3543,16,3527,45000,36420,36494,500,500,8506
160,15918233,15918249,15921735,3502,16,3486,45000,36494,36568,500,500,8432
161,16018280,16018296,16021722,3442,16,3426,45000,36568,36642,500,500,8358
162,16118326,16118341,16121732,3406,15,3391,45000,36642,36716,500,500,8284
163,16218372,16218388,16221735,3363,16,3347,45000,36716,36789,500,500,8211
164,16318419,16318435,16321721,3302,16,3286,45000,36789,36862,500,500,8138
165,16418465,16418481,16421717,3252,16,3236,45000,36862,36934,500,500,8066
166,16518512,16518528,16521728,3216,16,3200,45000,36934,37006,500,500,7994
167,16618559,16618574,16621733,3174,15,3159,45000,37006,37078,500,500,7922
168,16718605,16718621,16721721,3116,16,3100,45000,37078,37150,500,500,7850
169,16818652,16818668,16821740,3088,16,3072,45000,37150,37221,500,500,7779
170,16918699,16918715,16921727,3028,16,3012,45000,37221,37293,500,500,7707
171,17018746,17018762,17021725,2979,16,2963,45000,37293,37363,500,500,7637
172,17118793,17118809,17121739,2946,16,2930,45000,37363,37434,500,500,7566
173,17218840,17218856,17221729,2889,16,2873,45000,37434,37504,500,500,7496
174,17318886,17318903,17321724,2838,17,2821,45000,37504,37574,500,500,7426
175,17418933,17418949,17421874,2941,16,2925,45000,37574,37644,500,500,7356
176,17518979,17518995,17521962,2983,16,2967,45000,37644,37713,500,500,7287
177,17619025,17619041,17622027,3002,16,2986,45000,37713,37782,500,500,7218
178,17719070,17719086,17722094,3024,16,3008,45000,37782,37851,500,500,7149
179,17819116,17819132,17822176,3060,16,3044,45000,37851,37920,500,500,7080
180,17919161,17919177,17922232,3071,16,3055,45000,37920,37988,500,500,7012
181,18019209,18019225,18022315,3106,16,3090,45000,37988,38056,500,500,6944
182,18119255,18119271,18122357,3102,16,3086,45000,38056,38124,500,500,6876
183,18219301,18219317,18222433,3132,16,3116,45000,38124,38192,500,500,6808
184,18319364,18319380,18322497,3133,16,3117,45000,38192,38259,500,500,6741
185,18419429,18419445,18422571,3142,16,3126,45000,38259,38326,500,500,6674
186,18519477,18519493,18522637,3160,16,3144,45000,38326,38392,500,500,6608
187,18619543,18619559,18622669,3126,16,3110,45000,38392,38459,500,500,6541
188,18719589,18719606,18722663,3074,17,3057,45000,38459,38525,500,500,6475
189,18819635,18819651,18822671,3036,16,3020,45000,38525,38591,500,500,6409
190,18919680,18919696,18922663,2983,16,2967,45000,38591,38657,500,500,6343
191,19019726,19019742,19022665,2939,16,2923,45000,38657,38722,500,500,6278
192,19119771,19119787,19122661,2890,16,2874,45000,38722,38787,500,500,6213
193,19219816,19219832,19222672,2856,16,2840,45000,38787,38852,500,500,6148
194,19319862,19319878,19321663,1801,16,1785,45000,38852,38917,500,500,6083
195,19419907,19419923,19421772,1865,16,1849,45000,38917,38981,500,500,6019
196,19519952,19519969,19531711,11759,17,11742,45000,38981,39045,500,500,5955
197,19619999,19620015,19631740,11741,16,11725,45000,39045,39109,500,500,5891
198,19720045,19720061,19731741,11696,16,11680,45000,39109,39172,500,500,5828
199,19820091,19820107,19831737,11646,16,11630,45000,39172,39236,500,500,5764
200,19920138,19920154,19934574,14436,16,14420,45000,39236,39299,500,500,5701
201,20020188,20020220,20031702,11514,32,11482,45000,39299,39361,500,500,5639
202,20120240,20120256,20131742,11502,16,11486,45000,39361,39424,500,500,5576
203,20220307,20220323,20231731,11424,16,11408,45000,39424,39486,500,500,5514
204,20320353,20320368,20331749,11396,15,11381,45000,39486,39548,500,500,5452
205,20420399,20420415,20431734,11335,16,11319,45000,39548,39610,500,500,5390
206,20520461,20520477,20531722,11261,16,11245,45000,39610,39672,500,500,5328
207,20620508,20620524,20631756,11248,16,11232,45000,39672,39733,500,500,5267
208,20720575,20720591,20731753,11178,16,11162,45000,39733,39794,500,500,5206
209,20820622,20820638,20831756,11134,16,11118,45000,39794,39855,500,500,5145
210,20920669,20920685,20931731,11062,16,11046,45000,39855,39916,500,500,5084
211,21020715,21020731,21031723,11008,16,10992,45000,39916,39976,500,500,5024
212,21120761,21120778,21131722,10961,17,10944,45000,39976,40036,500,500,4964
213,21220808,21220824,21231742,10934,16,10918,45000,40036,40096,500,500,4904
214,21320854,21320871,21331728,10874,17,10857,45000,40096,40155,500,500,4845
215,21420900,21420916,21431721,10821,16,10805,45000,40155,40215,500,500,4785
216,21520947,21520963,21531723,10776,16,10760,45000,40215,40274,500,500,4726
217,21620993,21621009,21631733,10740,16,10724,45000,40274,40333,500,500,4667
218,21721038,21721055,21731738,10700,17,10683,45000,40333,40392,500,500,4608
219,21821085,21821101,21831725,10640,16,10624,45000,40392,40450,500,500,4550
220,21921133,21921149,21931729,10596,16,10580,45000,40450,40508,500,500,4492
221,22021180,22021196,22031727,10547,16,10531,45000,40508,40566,500,500,4434
222,22121228,22121244,22131736,10508,16,10492,45000,40566,40624,500,500,4376
223,22221276,22221292,22231723,10447,16,10431,45000,40624,40681,500,500,4319
224,22321323,22321339,22331733,10410,16,10394,45000,40681,40739,500,500,4261
225,22421371,22421387,22431736,10365,16,10349,45000,40739,40796,500,500,4204
226,22521419,22521436,22531723,10304,17,10287,45000,40796,40853,500,500,4147
227,22621468,22621484,22631726,10258,16,10242,45000,40853,40909,500,500,4091
228,22721516,22721532,22731730,10214,16,10198,45000,40909,40965,500,500,4035
229,22821563,22821579,22831735,10172,16,10156,45000,40965,41022,500,500,3978
230,22921611,22921627,22931724,10113,16,10097,45000,41022,41078,500,500,3922
231,23021659,23021675,23031732,10073,16,10057,45000,41078,41133,500,500,3867
232,23121707,23121723,23131726,10019,16,10003,45000,41133,41189,500,500,3811
233,23221755,23221771,23231732,9977,16,9961,45000,41189,41244,500,500,3756
234,23321803,23321819,23331739,9936,16,9920,45000,41244,41299,500,500,3701
235,23421850,23421867,23431758,9908,17,9891,45000,41299,41354,500,500,3646
236,23521898,23521914,23531753,9855,16,9839,45000,41354,41408,500,500,3592
237,23621946,23621962,23631734,9788,16,9772,45000,41408,41463,500,500,3537
238,23722010,23722030,23731735,9725,20,9705,45000,41463,41517,500,500,3483
239,23822047,23822063,23831723,9676,16,9660,45000,41517,41571,500,500,3429
240,23922093,23922109,23931730,9637,16,9621,45000,41571,41625,500,500,3375
241,24022140,24022156,24031737,9597,16,9581,45000,41625,41678,500,500,3322
242,24122186,24122203,24131724,9538,17,9521,45000,41678,41731,500,500,3269
243,24222233,24222249,24231720,9487,16,9471,45000,41731,41784,500,500,3216
244,24322280,24322296,24331741,9461,16,9445,45000,41784,41837,500,500,3163
245,24422328,24422344,24431728,9400,16,9384,45000,41837,41890,500,500,3110
246,24522375,24522391,24531723,9348,16,9332,45000,41890,41942,500,500,3058
247,24622423,24622439,24631741,9318,16,9302,45000,41942,41995,500,500,3005
248,24722471,24722487,24731736,9265,16,9249,45000,41995,42047,500,500,2953
249,24822518,24822534,24831731,9213,16,9197,45000,42047,42098,500,500,2902
250,24922565,24922581,24931736,9171,16,9155,45000,42098,42150,500,500,2850
251,25022614,25022630,25031725,9111,16,9095,45000,42150,42201,500,500,2799
252,25122661,25122677,25131753,9092,16,9076,45000,42201,42253,500,500,2747
253,25222727,25222743,25231763,9036,16,9020,45000,42253,42304,500,500,2696
254,25322774,25322790,25331757,8983,16,8967,45000,42304,42354,500,500,2646
255,25422821,25422838,25431747,8926,17,8909,45000,42354,42405,500,500,2595
256,25522868,25522885,25531724,8856,17,8839,45000,42405,42455,500,500,2545
257,25622915,25622932,25631720,8805,17,8788,45000,42455,42506,500,500,2494
258,25722963,25722979,25731728,8765,16,8749,45000,42506,42555,500,500,2445
259,25823011,25823027,25831729,8718,16,8702,45000,42555,42605,500,500,2395
260,25923058,25923074,25931725,8667,16,8651,45000,42605,42655,500,500,2345
261,26023105,26023121,26031732,8627,16,8611,45000,42655,42704,500,500,2296
262,26123153,26123169,26131760,8607,16,8591,45000,42704,42753,500,500,2247
263,26223202,26223218,26231757,8555,16,8539,45000,42753,42802,500,500,2198
264,26323249,26323265,26331757,8508,16,8492,45000,42802,42851,500,500,2149
265,26423297,26423313,26431731,8434,16,8418,45000,42851,42900,500,500,2100
266,26523344,26523360,26531724,8380,16,8364,45000,42900,42948,500,500,2052
267,26623392,26623408,26631720,8328,16,8312,45000,42948,42996,500,500,2004
268,26723439,26723456,26731731,8292,17,8275,45000,42996,43044,500,500,1956
269,26823488,26823504,26831736,8248,16,8232,45000,43044,43092,500,500,1908
270,26923535,26923552,26931722,8187,17,8170,45000,43092,43140,500,500,1860
271,27023583,27023599,27031729,8146,16,8130,45000,43140,43187,500,500,1813
272,27123632,27123649,27131737,8105,17,8088,45000,43187,43235,500,500,1765
273,27223679,27223695,27231725,8046,16,8030,45000,43235,43282,500,500,1718
274,27323726,27323743,27331719,7993,17,7976,45000,43282,43328,500,500,1672
275,27423774,27423790,27431732,7958,16,7942,45000,43328,43375,500,500,1625
276,27523822,27523838,27531737,7915,16,7899,45000,43375,43422,500,500,1578
277,27623869,27623885,27631724,7855,16,7839,45000,43422,43468,500,500,1532
278,27723917,27723934,27731742,7825,17,7808,45000,43468,43514,500,500,1486
279,27823965,27823981,27831737,7772,16,7756,45000,43514,43560,500,500,1440
280,27924012,27924029,27931730,7718,17,7701,45000,43560,43606,500,500,1394
281,28024060,28024077,28031728,7668,17,7651,45000,43606,43651,500,500,1349
282,28124108,28124124,28131736,7628,16,7612,45000,43651,43697,500,500,1303
283,28224156,28224172,28231723,7567,16,7551,45000,43697,43742,500,500,1258
284,28324202,28324219,28331740,7538,17,7521,45000,43742,43787,500,500,1213
285,28424273,28424288,28431743,7470,15,7455,45000,43787,43832,500,500,1168
286,28524320,28524336,28531731,7411,16,7395,45000,43832,43877,500,500,1123
287,28624367,28624383,28631736,7369,16,7353,45000,43877,43921,500,500,1079
288,28724415,28724431,28731728,7313,16,7297,45000,43921,43965,500,500,1035
289,28824462,28824478,28831743,7281,16,7265,45000,43965,44010,500,500,990
290,28924510,28924526,28931736,7226,16,7210,45000,44010,44053,500,500,947
291,29024557,29024573,29031720,7163,16,7147,45000,44053,44097,500,500,903
292,29124604,29124620,29131732,7128,16,7112,45000,44097,44141,500,500,859
293,29224653,29224669,29231738,7085,16,7069,45000,44141,44184,500,500,816
294,29324700,29324716,29331725,7025,16,7009,45000,44184,44228,500,500,772
295,29424747,29424763,29431727,6980,16,6964,45000,44228,44271,500,500,729
296,29524795,29524811,29531730,6935,16,6919,45000,44271,44314,500,500,686
297,29624842,29624858,29631737,6895,16,6879,45000,44314,44356,500,500,644
298,29724891,29724907,29731723,6832,16,6816,45000,44356,44399,500,500,601
299,29824938,29824954,29831730,6792,16,6776,45000,44399,44441,500,500,559
300,29924986,29925002,29934571,9585,16,9569,45000,44441,44484,500,500,516
301,30025037,30025053,30031676,6639,16,6623,45000,44484,44526,500,500,474
302,30125085,30125101,30131728,6643,16,6627,45000,44526,44568,500,500,432
303,30225133,30225149,30231729,6596,16,6580,45000,44568,44609,500,500,391
304,30325181,30325197,30331724,6543,16,6527,45000,44609,44651,500,500,349
305,30425228,30425245,30431730,6502,17,6485,45000,44651,44692,500,500,308
306,30525276,30525292,30531733,6457,16,6441,45000,44692,44733,500,500,267
307,30625323,30625340,30631734,6411,17,6394,45000,44733,44774,500,500,226
308,30725371,30725387,30731726,6355,16,6339,45000,44774,44815,500,500,185
309,30825418,30825434,30831745,6327,16,6311,45000,44815,44856,500,500,144
310,30925466,30925482,30931750,6284,16,6268,45000,44856,44897,500,500,103
311,31025513,31025529,31031745,6232,16,6216,45000,44897,44937,500,500,63
312,31125561,31125577,31131739,6178,16,6162,45000,44937,44977,500,500,23
313,31225609,31225625,31231727,6118,16,6102,45000,44977,45017,500,500,-17
314,31325657,31325673,31331734,6077,16,6061,45000,45017,45057,500,500,-57
315,31425705,31425721,31431731,6026,16,6010,45000,45057,45097,500,500,-97
316,31525752,31525768,31531744,5992,16,5976,45000,45097,45137,500,500,-137
317,31625801,31625818,31631730,5929,17,5912,45000,45137,45176,500,500,-176
318,31725849,31725865,31731724,5875,16,5859,45000,45176,45216,500,500,-216
319,31825896,31825913,31831715,5819,17,5802,45000,45216,45255,500,500,-255
320,31925944,31925960,31931732,5788,16,5772,45000,45255,45294,500,500,-294
321,32025991,32026008,32031734,5743,17,5726,45000,45294,45332,500,500,-332
322,32126039,32126055,32131720,5681,16,5665,45000,45332,45371,500,500,-371
323,32226087,32226103,32231740,5653,16,5637,45000,45371,45410,500,500,-410
324,32326137,32326153,32331729,5592,16,5576,45000,45410,45448,500,500,-448
325,32426184,32426200,32431732,5548,16,5532,45000,45448,45486,500,500,-486
326,32526231,32526247,32531727,5496,16,5480,45000,45486,45524,500,500,-524
327,32626279,32626295,32631726,5447,16,5431,45000,45524,45562,500,500,-562
328,32726326,32726342,32731725,5399,16,5383,45000,45562,45600,500,500,-600
329,32826374,32826390,32831732,5358,16,5342,45000,45600,45638,500,500,-638
330,32926422,32926439,32931730,5308,17,5291,45000,45638,45675,500,500,-675
331,33026470,33026486,33031725,5255,16,5239,45000,45675,45712,500,500,-712
332,33126517,33126533,33131732,5215,16,5199,45000,45712,45749,500,500,-749
333,33226564,33226580,33231727,5163,16,5147,45000,45749,45786,500,500,-786
334,33326612,33326628,33331728,5116,16,5100,45000,45786,45823,500,500,-823
335,33426659,33426676,33431726,5067,17,5050,45000,45823,45860,500,500,-860
336,33526707,33526723,33531711,5004,16,4988,45000,45860,45897,500,500,-897
337,33626754,33626770,33631755,5001,16,4985,45000,45897,45933,500,500,-933
338,33726806,33726822,33731758,4952,16,4936,45000,45933,45969,500,500,-969
339,33826853,33826869,33831744,4891,16,4875,45000,45969,46005,500,500,-1005
340,33926900,33926916,33931728,4828,16,4812,45000,46005,46041,500,500,-1041
341,34026946,34026962,34031723,4777,16,4761,45000,46041,46077,500,500,-1077
342,34126993,34127009,34131720,4727,16,4711,45000,46077,46113,500,500,-1113
343,34227039,34227055,34231736,4697,16,4681,45000,46113,46148,500,500,-1148
344,34327087,34327103,34331730,4643,16,4627,45000,46148,46184,500,500,-1184
345,34427133,34427149,34431737,4604,16,4588,45000,46184,46219,500,500,-1219
346,34527180,34527196,34531722,4542,16,4526,45000,46219,46254,500,500,-1254
347,34627226,34627242,34631732,4506,16,4490,45000,46254,46289,500,500,-1289
348,34727273,34727289,34731737,4464,16,4448,45000,46289,46324,500,500,-1324
349,34827319,34827335,34831724,4405,16,4389,45000,46324,46359,500,500,-1359
350,34927366,34927382,34931718,4352,16,4336,45000,46359,46393,500,500,-1393
351,35027412,35027428,35031729,4317,16,4301,45000,46393,46428,500,500,-1428
352,35127459,35127475,35131725,4266,16,4250,45000,46428,46462,500,500,-1462
353,35227506,35227522,35231711,4205,16,4189,45000,46462,46496,500,500,-1496
354,35327553,35327569,35331732,4179,16,4163,45000,46496,46530,500,500,-1530
355,35427599,35427615,35431736,4137,16,4121,45000,46530,46564,500,500,-1564
356,35527645,35527662,35531724,4079,17,4062,45000,46564,46598,500,500,-1598
357,35627692,35627708,35631715,4023,16,4007,45000,46598,46631,500,500,-1631
358,35727739,35727755,35731731,3992,16,3976,45000,46631,46665,500,500,-1665
359,35827785,35827801,35831726,3941,16,3925,45000,46665,46698,500,500,-1698
360,35927832,35927848,35931716,3884,16,3868,45000,46698,46731,500,500,-1731
361,36027879,36027895,36031733,3854,16,3838,45000,46731,46765,500,500,-1765
362,36127925,36127941,36131727,3802,16,3786,45000,46765,46797,500,500,-1797
363,36227972,36227988,36231732,3760,16,3744,45000,46797,46830,500,500,-1830
364,36328018,36328035,36331739,3721,17,3704,45000,46830,46863,500,500,-1863
365,36428065,36428081,36431761,3696,16,3680,45000,46863,46895,500,500,-1895
366,36528112,36528128,36531752,3640,16,3624,45000,46895,46928,500,500,-1928
367,36628157,36628173,36631732,3575,16,3559,45000,46928,46960,500,500,-1960
368,36728204,36728220,36731725,3521,16,3505,45000,46960,46992,500,500,-1992
369,36828250,36828266,36831735,3485,16,3469,45000,46992,47024,500,500,-2024
370,36928297,36928313,36931729,3432,16,3416,45000,47024,47056,500,500,-2056
371,37028343,37028359,37031728,3385,16,3369,45000,47056,47088,500,500,-2088
372,37128389,37128405,37131725,3336,16,3320,45000,47088,47120,500,500,-2120
373,37228435,37228451,37231730,3295,16,3279,45000,47120,47151,500,500,-2151
374,37328482,37328499,37331736,3254,17,3237,45000,47151,47183,500,500,-2183
375,37428529,37428545,37431739,3210,16,3194,45000,47183,47214,500,500,-2214
376,37528575,37528591,37531728,3153,16,3137,45000,47214,47245,500,500,-2245
377,37628621,37628637,37631731,3110,16,3094,45000,47245,47276,500,500,-2276
378,37728667,37728684,37731729,3062,17,3045,45000,47276,47307,500,500,-2307
379,37828713,37828729,37831738,3025,16,3009,45000,47307,47338,500,500,-2338
380,37928761,37928777,37931725,2964,16,2948,45000,47338,47368,500,500,-2368
381,38028807,38028823,38031718,2911,16,2895,45000,47368,47399,500,500,-2399
382,38128853,38128869,38131729,2876,16,2860,45000,47399,47429,500,500,-2429
383,38228899,38228915,38231727,2828,16,2812,45000,47429,47460,500,500,-2460
384,38328945,38328962,38331876,2931,17,2914,45000,47460,47490,500,500,-2490
385,38428992,38429008,38431962,2970,16,2954,45000,47490,47520,500,500,-2520
386,38529037,38529053,38532027,2990,16,2974,45000,47520,47550,500,500,-2550
387,38629083,38629099,38632094,3011,16,2995,45000,47550,47580,500,500,-2580
388,38729128,38729144,38732169,3041,16,3025,45000,47580,47609,500,500,-2609
389,38829174,38829190,38832216,3042,16,3026,45000,47609,47639,500,500,-2639
390,38929239,38929255,38932302,3063,16,3047,45000,47639,47668,500,500,-2668
391,39029284,39029300,39032350,3066,16,3050,45000,47668,47698,500,500,-2698
392,39129349,39129365,39132475,3126,16,3110,45000,47698,47727,500,500,-2727
393,39229413,39229429,39232520,3107,16,3091,45000,47727,47756,500,500,-2756
394,39329478,39329494,39332600,3122,16,3106,45000,47756,47785,500,500,-2785
395,39429523,39429539,39432633,3110,16,3094,45000,47785,47814,500,500,-2814
396,39529569,39529585,39532664,3095,16,3079,45000,47814,47842,500,500,-2842
397,39629614,39629630,39632660,3046,16,3030,45000,47842,47871,500,500,-2871
398,39729660,39729676,39732672,3012,16,2996,45000,47871,47900,500,500,-2900
399,39829705,39829721,39832666,2961,16,2945,45000,47900,47928,500,500,-2928
400,39929750,39929766,39934567,4817,16,4801,45000,47928,47956,500,500,-2956
401,40029800,40029816,40032633,2833,16,2817,45000,47956,47984,500,500,-2984
402,40129844,40129861,40132670,2826,17,2809,45000,47984,48012,500,500,-3012
403,40229891,40229907,40231693,1802,16,1786,45000,48012,48040,500,500,-3040
404,40329938,40329954,40341740,11802,16,11786,45000,48040,48068,500,500,-3068
405,40429984,40430000,40441762,11778,16,11762,45000,48068,48096,500,500,-3096
406,40530047,40530063,40541746,11699,16,11683,45000,48096,48124,500,500,-3124
407,40630093,40630110,40641743,11650,17,11633,45000,48124,48151,500,500,-3151
408,40730140,40730156,40741747,11607,16,11591,45000,48151,48179,500,500,-3179
409,40830186,40830218,40841739,11553,32,11521,45000,48179,48206,500,500,-3206
410,40930240,40930256,40941754,11514,16,11498,45000,48206,48233,500,500,-3233
411,41030287,41030303,41041741,11454,16,11438,45000,48233,48260,500,500,-3260
412,41130332,41130348,41141739,11407,16,11391,45000,48260,48287,500,500,-3287
413,41230379,41230395,41241728,11349,16,11333,45000,48287,48314,500,500,-3314
414,41330425,41330441,41341723,11298,16,11282,45000,48314,48341,500,500,-3341
415,41430471,41430487,41441726,11255,16,11239,45000,48341,48367,500,500,-3367
416,41530518,41530534,41541730,11212,16,11196,45000,48367,48394,500,500,-3394
417,41630564,41630580,41641733,11169,16,11153,45000,48394,48420,500,500,-3420
418,41730610,41730627,41741727,11117,17,11100,45000,48420,48447,500,500,-3447
419,41830657,41830673,41841725,11068,16,11052,45000,48447,48473,500,500,-3473
420,41930702,41930719,41941757,11055,17,11038,45000,48473,48499,500,500,-3499
421,42030767,42030783,42041762,10995,16,10979,45000,48499,48525,500,500,-3525
422,42130813,42130828,42141733,10920,15,10905,45000,48525,48551,500,500,-3551
423,42230860,42230876,42241733,10873,16,10857,45000,48551,48577,500,500,-3577
424,42330905,42330922,42341723,10818,17,10801,45000,48577,48602,500,500,-3602
425,42430950,42430966,42441734,10784,16,10768,45000,48602,48628,500,500,-3628
426,42530997,42531013,42541728,10731,16,10715,45000,48628,48653,500,500,-3653
427,42631043,42631059,42641724,10681,16,10665,45000,48653,48679,500,500,-3679
428,42731090,42731106,42741729,10639,16,10623,45000,48679,48704,500,500,-3704
429,42831138,42831154,42841730,10592,16,10576,45000,48704,48729,500,500,-3729
430,42931185,42931201,42941722,10537,16,10521,45000,48729,48754,500,500,-3754
431,43031233,43031249,43041719,10486,16,10470,45000,48754,48779,500,500,-3779
432,43131281,43131297,43141737,10456,16,10440,45000,48779,48804,500,500,-3804
433,43231329,43231345,43241731,10402,16,10386,45000,48804,48829,500,500,-3829
434,43331376,43331393,43341732,10356,17,10339,45000,48829,48854,500,500,-3854
435,43431425,43431441,43441723,10298,16,10282,45000,48854,48878,500,500,-3878
436,43531472,43531488,43541744,10272,16,10256,45000,48878,48903,500,500,-3903
437,43631520,43631537,43641736,10216,17,10199,45000,48903,48927,500,500,-3927
438,43731568,43731584,43741739,10171,16,10155,45000,48927,48951,500,500,-3951
439,43831616,43831632,43841727,10111,16,10095,45000,48951,48976,500,500,-3976
440,43931663,43931679,43941720,10057,16,10041,45000,48976,49000,500,500,-4000
441,44031711,44031727,44041741,10030,16,10014,45000,49000,49024,500,500,-4024
442,44131759,44131775,44141743,9984,16,9968,45000,49024,49048,500,500,-4048
443,44231807,44231823,44241730,9923,16,9907,45000,49048,49071,500,500,-4071
444,44331854,44331870,44341725,9871,16,9855,45000,49071,49095,500,500,-4095
445,44431901,44431918,44441723,9822,17,9805,45000,49095,49119,500,500,-4119
446,44531949,44531965,44541730,9781,16,9765,45000,49119,49142,500,500,-4142
447,44632014,44632030,44641743,9729,16,9713,45000,49142,49166,500,500,-4166
448,44732054,44732070,44741721,9667,16,9651,45000,49166,49189,500,500,-4189
449,44832100,44832116,44841717,9617,16,9601,45000,49189,49212,500,500,-4212
450,44932148,44932164,44941728,9580,16,9564,45000,49212,49235,500,500,-4235
451,45032194,45032211,45041732,9538,17,9521,45000,49235,49258,500,500,-4258
452,45132241,45132257,45141718,9477,16,9461,45000,49258,49281,500,500,-4281
453,45232287,45232303,45241732,9445,16,9429,45000,49281,49304,500,500,-4304
454,45332334,45332350,45341734,9400,16,9384,45000,49304,49327,500,500,-4327
455,45432382,45432399,45441722,9340,17,9323,45000,49327,49350,500,500,-4350
456,45532430,45532446,45541712,9282,16,9266,45000,49350,49372,500,500,-4372
457,45632478,45632495,45641730,9252,17,9235,45000,49372,49395,500,500,-4395
458,45732526,45732542,45741723,9197,16,9181,45000,49395,49417,500,500,-4417
459,45832574,45832590,45841730,9156,16,9140,45000,49417,49440,500,500,-4440
460,45932622,45932639,45941726,9104,17,9087,45000,49440,49462,500,500,-4462
461,46032669,46032686,46041726,9057,17,9040,45000,49462,49484,500,500,-4484
462,46132717,46132733,46141715,8998,16,8982,45000,49484,49506,500,500,-4506
463,46232765,46232781,46241729,8964,16,8948,45000,49506,49528,500,500,-4528
464,46332813,46332830,46341735,8922,17,8905,45000,49528,49550,500,500,-4550
465,46432860,46432877,46441722,8862,17,8845,45000,49550,49572,500,500,-4572
466,46532908,46532925,46541718,8810,17,8793,45000,49572,49593,500,500,-4593
467,46632956,46632972,46641759,8803,16,8787,45000,49593,49615,500,500,-4615
468,46733025,46733041,46741747,8722,16,8706,45000,49615,49637,500,500,-4637
469,46833073,46833089,46841740,8667,16,8651,45000,49637,49658,500,500,-4658
470,46933120,46933136,46941734,8614,16,8598,45000,49658,49679,500,500,-4679
471,47033168,47033183,47041723,8555,15,8540,45000,49679,49701,500,500,-4701
472,47133215,47133231,47141718,8503,16,8487,45000,49701,49722,500,500,-4722
473,47233263,47233279,47241742,8479,16,8463,45000,49722,49743,500,500,-4743
474,47333311,47333328,47341731,8420,17,8403,45000,49743,49764,500,500,-4764
475,47433358,47433374,47441723,8365,16,8349,45000,49764,49785,500,500,-4785
476,47533406,47533422,47541732,8326,16,8310,45000,49785,49806,500,500,-4806
477,47633454,47633470,47641726,8272,16,8256,45000,49806,49827,500,500,-4827
478,47733501,47733518,47741736,8235,17,8218,45000,49827,49847,500,500,-4847
479,47833549,47833565,47841723,8174,16,8158,45000,49847,49868,500,500,-4868
480,47933596,47933613,47941726,8130,17,8113,45000,49868,49888,500,500,-4888
481,48033644,48033660,48041728,8084,16,8068,45000,49888,49909,500,500,-4909
482,48133691,48133707,48141723,8032,16,8016,45000,49909,49929,500,500,-4929
483,48233737,48233753,48241717,7980,16,7964,45000,49929,49950,500,500,-4950
484,48333784,48333800,48341732,7948,16,7932,45000,49950,49970,500,500,-4970
485,48433833,48433849,48441735,7902,16,7886,45000,49970,49990,500,500,-4990
486,48533880,48533897,48541722,7842,17,7825,45000,49990,50010,500,500,-5010
487,48633928,48633944,48641725,7797,16,7781,45000,50010,50030,500,500,-5030
488,48733976,48733992,48741730,7754,16,7738,45000,50030,50050,500,500,-5050
489,48834023,48834039,48841732,7709,16,7693,45000,50050,50070,500,500,-5070
490,48934071,48934087,48941722,7651,16,7635,45000,50070,50089,500,500,-5089
491,49034118,49034134,49041734,7616,16,7600,45000,50089,50109,500,500,-5109
492,49134166,49134183,49141736,7570,17,7553,45000,50109,50128,500,500,-5128
493,49234214,49234230,49241722,7508,16,7492,45000,50128,50148,500,500,-5148
494,49334262,49334278,49341744,7482,16,7466,45000,50148,50167,500,500,-5167
495,49434311,49434327,49441749,7438,16,7422,45000,50167,50187,500,500,-5187
496,49534358,49534374,49541755,7397,16,7381,45000,50187,50206,500,500,-5206
497,49634406,49634422,49641734,7328,16,7312,45000,50206,50225,500,500,-5225
498,49734454,49734470,49741724,7270,16,7254,45000,50225,50244,500,500,-5244
499,49834501,49834517,49841721,7220,16,7204,45000,50244,50263,500,500,-5263
500,49934549,49934565,49944568,10019,16,10003,45000,50263,50282,500,500,-5282
501,50034600,50034616,50041707,7107,16,7091,45000,50282,50301,500,500,-5301
502,50134648,50134664,50141724,7076,16,7060,45000,50301,50320,500,500,-5320
503,50234695,50234711,50241720,7025,16,7009,45000,50320,50339,500,500,-5339
504,50334743,50334759,50341722,6979,16,6963,45000,50339,50357,500,500,-5357
505,50434790,50434806,50441730,6940,16,6924,45000,50357,50376,500,500,-5376
506,50534857,50534873,50541734,6877,16,6861,45000,50376,50394,500,500,-5394
507,50634904,50634920,50641721,6817,16,6801,45000,50394,50413,500,500,-5413
508,50734953,50734969,50741726,6773,16,6757,45000,50413,50431,500,500,-5431
509,50835000,50835016,50841724,6724,16,6708,45000,50431,50449,500,500,-5449
510,50935047,50935063,50941732,6685,16,6669,45000,50449,50468,500,500,-5468
511,51035095,51035112,51041728,6633,17,6616,45000,50468,50486,500,500,-5486
512,51135143,51135160,51141727,6584,17,6567,45000,50486,50504,500,500,-5504
513,51235191,51235207,51241732,6541,16,6525,45000,50504,50522,500,500,-5522
514,51335239,51335255,51341720,6481,16,6465,45000,50522,50540,500,500,-5540
515,51435286,51435302,51441740,6454,16,6438,45000,50540,50558,500,500,-5558
516,51535335,51535351,51541726,6391,16,6375,45000,50558,50575,500,500,-5575
517,51635382,51635398,51641720,6338,16,6322,45000,50575,50593,500,500,-5593
518,51735429,51735445,51741727,6298,16,6282,45000,50593,50611,500,500,-5611
519,51835477,51835493,51841734,6257,16,6241,45000,50611,50628,500,500,-5628
520,51935525,51935541,51941724,6199,16,6183,45000,50628,50646,500,500,-5646
521,52035572,52035588,52041717,6145,16,6129,45000,50646,50663,500,500,-5663
522,52135619,52135636,52141756,6137,17,6120,45000,50663,50680,500,500,-5680
523,52235688,52235704,52241750,6062,16,6046,45000,50680,50698,500,500,-5698
524,52335735,52335752,52341743,6008,17,5991,45000,50698,50715,500,500,-5715
525,52435783,52435799,52441735,5952,16,5936,45000,50715,50732,500,500,-5732
526,52535831,52535847,52541723,5892,16,5876,45000,50732,50749,500,500,-5749
527,52635878,52635895,52641714,5836,17,5819,45000,50749,50766,500,500,-5766
528,52735926,52735942,52741732,5806,16,5790,45000,50766,50783,500,500,-5783
529,52835974,52835990,52841727,5753,16,5737,45000,50783,50800,500,500,-5800
530,52936021,52936037,52941722,5701,16,5685,45000,50800,50817,500,500,-5817
531,53036069,53036085,53041740,5671,16,5655,45000,50817,50833,500,500,-5833
532,53136118,53136134,53141732,5614,16,5598,45000,50833,50850,500,500,-5850
533,53236165,53236181,53241727,5562,16,5546,45000,50850,50867,500,500,-5867
534,53336213,53336229,53341722,5509,16,5493,45000,50867,50883,500,500,-5883
535,53436261,53436277,53441717,5456,16,5440,45000,50883,50900,500,500,-5900
536,53536308,53536325,53541731,5423,17,5406,45000,50900,50916,500,500,-5916
537,53636357,53636373,53641736,5379,16,5363,45000,50916,50932,500,500,-5932
538,53736404,53736420,53741722,5318,16,5302,45000,50932,50949,500,500,-5949
539,53836452,53836468,53841727,5275,16,5259,45000,50949,50965,500,500,-5965
540,53936500,53936516,53941723,5223,16,5207,45000,50965,50981,500,500,-5981
541,54036547,54036564,54041716,5169,17,5152,45000,50981,50997,500,500,-5997
542,54136595,54136611,54141726,5131,16,5115,45000,50997,51013,500,500,-6013
543,54236643,54236659,54241727,5084,16,5068,45000,51013,51029,500,500,-6029
544,54336690,54336706,54341724,5034,16,5018,45000,51029,51045,500,500,-6045
545,54436737,54436753,54441729,4992,16,4976,45000,51045,51061,500,500,-6061
546,54536801,54536818,54541728,4927,17,4910,45000,51061,51077,500,500,-6077
547,54636848,54636864,54641736,4888,16,4872,45000,51077,51092,500,500,-6092
548,54736895,54736911,54741725,4830,16,4814,45000,51092,51108,500,500,-6108
549,54836940,54836957,54841736,4796,17,4779,45000,51108,51123,500,500,-6123
550,54936987,54937003,54941755,4768,16,4752,45000,51123,51139,500,500,-6139
551,55037034,55037050,55041757,4723,16,4707,45000,51139,51154,500,500,-6154
552,55137080,55137096,55141734,4654,16,4638,45000,51154,51170,500,500,-6170
553,55237126,55237142,55241735,4609,16,4593,45000,51170,51185,500,500,-6185
554,55337172,55337188,55341722,4550,16,4534,45000,51185,51200,500,500,-6200
555,55437219,55437235,55441726,4507,16,4491,45000,51200,51216,500,500,-6216
556,55537265,55537281,55541724,4459,16,4443,45000,51216,51231,500,500,-6231
557,55637312,55637328,55641721,4409,16,4393,45000,51231,51246,500,500,-6246
558,55737359,55737375,55741721,4362,16,4346,45000,51246,51261,500,500,-6261
559,55837405,55837421,55841741,4336,16,4320,45000,51261,51276,500,500,-6276
560,55937452,55937468,55941726,4274,16,4258,45000,51276,51291,500,500,-6291
561,56037498,56037514,56041725,4227,16,4211,45000,51291,51305,500,500,-6305
562,56137545,56137561,56141727,4182,16,4166,45000,51305,51320,500,500,-6320
563,56237591,56237607,56241733,4142,16,4126,45000,51320,51335,500,500,-6335
564,56337638,56337654,56341729,4091,16,4075,45000,51335,51350,500,500,-6350
565,56437684,56437700,56441736,4052,16,4036,45000,51350,51364,500,500,-6364
566,56537730,56537747,56541724,3994,17,3977,45000,51364,51379,500,500,-6379
567,56637777,56637793,56641737,3960,16,3944,45000,51379,51393,500,500,-6393
568,56737823,56737839,56741728,3905,16,3889,45000,51393,51408,500,500,-6408
569,56837869,56837886,56841716,3847,17,3830,45000,51408,51422,500,500,-6422
570,56937915,56937932,56941728,3813,17,3796,45000,51422,51436,500,500,-6436
571,57037962,57037978,57041733,3771,16,3755,45000,51436,51451,500,500,-6451
572,57138008,57138024,57141721,3713,16,3697,45000,51451,51465,500,500,-6465
573,57238055,57238071,57241717,3662,16,3646,45000,51465,51479,500,500,-6479
574,57338102,57338118,57341728,3626,16,3610,45000,51479,51493,500,500,-6493
575,57438148,57438164,57441733,3585,16,3569,45000,51493,51507,500,500,-6507
576,57538194,57538210,57541720,3526,16,3510,45000,51507,51521,500,500,-6521
577,57638241,57638257,57641760,3519,16,3503,45000,51521,51535,500,500,-6535
578,57738308,57738324,57741762,3454,16,3438,45000,51535,51549,500,500,-6549
579,57838354,57838370,57841746,3392,16,3376,45000,51549,51563,500,500,-6563
580,57938400,57938416,57941727,3327,16,3311,45000,51563,51576,500,500,-6576
581,58038446,58038462,58041734,3288,16,3272,45000,51576,51590,500,500,-6590
582,58138493,58138509,58141722,3229,16,3213,45000,51590,51604,500,500,-6604
583,58238538,58238555,58241732,3194,17,3177,45000,51604,51617,500,500,-6617
584,58338584,58338600,58341736,3152,16,3136,45000,51617,51631,500,500,-6631
585,58438630,58438646,58441722,3092,16,3076,45000,51631,51644,500,500,-6644
586,58538677,58538693,58541728,3051,16,3035,45000,51644,51658,500,500,-6658
587,58638723,58638739,58641725,3002,16,2986,45000,51658,51671,500,500,-6671
588,58738769,58738785,58741721,2952,16,2936,45000,51671,51684,500,500,-6684
589,58838815,58838831,58841730,2915,16,2899,45000,51684,51698,500,500,-6698
590,58938862,58938878,58941727,2865,16,2849,45000,51698,51711,500,500,-6711
591,59038908,59038924,59041737,2829,16,2813,45000,51711,51724,500,500,-6724
592,59138955,59138971,59141906,2951,16,2935,45000,51724,51737,500,500,-6737
593,59239000,59239016,59241995,2995,16,2979,45000,51737,51750,500,500,-6750
594,59339046,59339063,59342061,3015,17,2998,45000,51750,51763,500,500,-6763
595,59439091,59439108,59442128,3037,17,3020,45000,51763,51776,500,500,-6776
596,59539137,59539153,59542177,3040,16,3024,45000,51776,51789,500,500,-6789
597,59639203,59639219,59642261,3058,16,3042,45000,51789,51802,500,500,-6802
598,59739248,59739264,59742326,3078,16,3062,45000,51802,51815,500,500,-6815
599,59839293,59839309,59842405,3112,16,3096,45000,51815,51827,500,500,-6827
600,59939355,59939371,59944579,5224,16,5208,45000,51827,51840,500,500,-6840
601,60039403,60039420,60042632,3229,17,3212,65000,51840,51853,500,500,13147
602,60139448,60139464,60142667,3219,16,3203,65000,51853,51865,500,500,13135
603,60239495,60239511,60242662,3167,16,3151,65000,51865,51878,500,500,13122
604,60339540,60339556,60342682,3142,16,3126,65000,51878,51890,500,500,13110
605,60439602,60439618,60442645,3043,16,3027,65000,51890,51903,500,500,13097
606,60539649,60539665,60542660,3011,16,2995,65000,51903,51915,500,500,13085
607,60639695,60639711,60642670,2975,16,2959,65000,51915,51928,500,500,13072
608,60739742,60739758,60742663,2921,16,2905,65000,51928,51940,500,500,13060
609,60839787,60839803,60842666,2879,16,2863,65000,51940,51952,500,500,13048
610,60939833,60939849,60942671,2838,16,2822,65000,51952,51964,500,500,13036
611,61039878,61039894,61041684,1806,16,1790,65000,51964,51976,500,500,13024
612,61139925,61139941,61141792,1867,16,1851,65000,51976,51989,500,500,13011
613,61239970,61239986,61251705,11735,16,11719,65000,51989,52001,500,500,12999
614,61340017,61340033,61351740,11723,16,11707,65000,52001,52013,500,500,12987
615,61440063,61440079,61451742,11679,16,11663,65000,52013,52024,500,500,12976
616,61540109,61540125,61551735,11626,16,11610,65000,52024,52036,500,500,12964
617,61640155,61640171,61651755,11600,16,11584,65000,52036,52048,500,500,12952
618,61740216,61740232,61751748,11532,16,11516,65000,52048,52060,500,500,12940
619,61840259,61840275,61851750,11491,16,11475,65000,52060,52072,500,500,12928
620,61940305,61940321,61951735,11430,16,11414,65000,52072,52084,500,500,12916
621,62040351,62040367,62051748,11397,16,11381,65000,52084,52095,500,500,12905
622,62140397,62140413,62151736,11339,16,11323,65000,52095,52107,500,500,12893
623,62240459,62240475,62251721,11262,16,11246,65000,52107,52118,500,500,12882
624,62340505,62340521,62351736,11231,16,11215,65000,52118,52130,500,500,12870
625,62440552,62440567,62451753,11201,15,11186,65000,52130,52141,500,500,12859
626,62540599,62540615,62551744,11145,16,11129,65000,52141,52153,500,500,12847
627,62640645,62640662,62651739,11094,17,11077,65000,52153,52164,500,500,12836
628,62740691,62740707,62751725,11034,16,11018,65000,52164,52176,500,500,12824
629,62840737,62840753,62851719,10982,16,10966,65000,52176,52187,500,500,12813
630,62940783,62940800,62951730,10947,17,10930,65000,52187,52198,500,500,12802
631,63040830,63040846,63051728,10898,16,10882,65000,52198,52209,500,500,12791
632,63140876,63140892,63151725,10849,16,10833,65000,52209,52220,500,500,12780
633,63240921,63240937,63251732,10811,16,10795,65000,52220,52232,500,500,12768
634,63340967,63340984,63351722,10755,17,10738,65000,52232,52243,500,500,12757
635,63441013,63441029,63451738,10725,16,10709,65000,52243,52254,500,500,12746
636,63541060,63541076,63551725,10665,16,10649,65000,52254,52265,500,500,12735
637,63641108,63641124,63651717,10609,16,10593,65000,52265,52276,500,500,12724
638,63741155,63741171,63751739,10584,16,10568,65000,52276,52287,500,500,12713
639,63841203,63841219,63851727,10524,16,10508,65000,52287,52297,500,500,12703
640,63941251,63941267,63951731,10480,16,10464,65000,52297,52308,500,500,12692
641,64041299,64041315,64051724,10425,16,10409,65000,52308,52319,500,500,12681
642,64141346,64141362,64151727,10381,16,10365,65000,52319,52330,500,500,12670
643,64241394,64241410,64251723,10329,16,10313,65000,52330,52340,500,500,12660
644,64341441,64341458,64351714,10273,17,10256,65000,52340,52351,500,500,12649
645,64441489,64441505,64451733,10244,16,10228,65000,52351,52362,500,500,12638
646,64541537,64541553,64551734,10197,16,10181,65000,52362,52372,500,500,12628
647,64641585,64641601,64651722,10137,16,10121,65000,52372,52383,500,500,12617
648,64741633,64741649,64751737,10104,16,10088,65000,52383,52393,500,500,12607
649,64841681,64841697,64851727,10046,16,10030,65000,52393,52404,500,500,12596
650,64941729,64941745,64951724,9995,16,9979,65000,52404,52414,500,500,12586
651,65041777,65041792,65051729,9952,15,9937,65000,52414,52424,500,500,12576
652,65141825,65141841,65151754,9929,16,9913,65000,52424,52435,500,500,12565
653,65241873,65241889,65251749,9876,16,9860,65000,52435,52445,500,500,12555
654,65341920,65341936,65351741,9821,16,9805,65000,52445,52455,500,500,12545
655,65441968,65441985,65451735,9767,17,9750,65000,52455,52465,500,500,12535
656,65542031,65542047,65551724,9693,16,9677,65000,52465,52475,500,500,12525
657,65642078,65642094,65651719,9641,16,9625,65000,52475,52485,500,500,12515
658,65742124,65742140,65751731,9607,16,9591,65000,52485,52496,500,500,12504
659,65842171,65842187,65851726,9555,16,9539,65000,52496,52506,500,500,12494
660,65942217,65942233,65951720,9503,16,9487,65000,52506,52516,500,500,12484
661,66042263,66042279,66051720,9457,16,9441,65000,52516,52525,500,500,12475
662,66142309,66142325,66151731,9422,16,9406,65000,52525,52535,500,500,12465
663,66242356,66242372,66251727,9371,16,9355,65000,52535,52545,500,500,12455
664,66342404,66342420,66351734,9330,16,9314,65000,52545,52555,500,500,12445
665,66442453,66442469,66451724,9271,16,9255,65000,52555,52565,500,500,12435
666,66542499,66542515,66551739,9240,16,9224,65000,52565,52575,500,500,12425
667,66642548,66642564,66651725,9177,16,9161,65000,52575,52584,500,500,12416
668,66742595,66742611,66751717,9122,16,9106,65000,52584,52594,500,500,12406
669,66842642,66842658,66851731,9089,16,9073,65000,52594,52604,500,500,12396
670,66942690,66942706,66951733,9043,16,9027,65000,52604,52613,500,500,12387
671,67042737,67042753,67051721,8984,16,8968,65000,52613,52623,500,500,12377
672,67142784,67142800,67151737,8953,16,8937,65000,52623,52632,500,500,12368
673,67242833,67242849,67251728,8895,16,8879,65000,52632,52642,500,500,12358
674,67342879,67342896,67351722,8843,17,8826,65000,52642,52651,500,500,12349
675,67442927,67442943,67451731,8804,16,8788,65000,52651,52661,500,500,12339
676,67542975,67542990,67551728,8753,15,8738,65000,52661,52670,500,500,12330
677,67643022,67643038,67651725,8703,16,8687,65000,52670,52679,500,500,12321
678,67743069,67743085,67751732,8663,16,8647,65000,52679,52688,500,500,12312
679,67843118,67843134,67851737,8619,16,8603,65000,52688,52698,500,500,12302
680,67943164,67943180,67951763,8599,16,8583,65000,52698,52707,500,500,12293
681,68043230,68043246,68051748,8518,16,8502,65000,52707,52716,500,500,12284
682,68143277,68143293,68151732,8455,16,8439,65000,52716,52725,500,500,12275
683,68243325,68243341,68251734,8409,16,8393,65000,52725,52734,500,500,12266
684,68343373,68343389,68351724,8351,16,8335,65000,52734,52743,500,500,12257
685,68443420,68443436,68451727,8307,16,8291,65000,52743,52752,500,500,12248
686,68543467,68543483,68551729,8262,16,8246,65000,52752,52761,500,500,12239
687,68643514,68643530,68651722,8208,16,8192,65000,52761,52770,500,500,12230
688,68743561,68743577,68751720,8159,16,8143,65000,52770,52779,500,500,12221
689,68843608,68843624,68851734,8126,16,8110,65000,52779,52788,500,500,12212
690,68943657,68943673,68951739,8082,16,8066,65000,52788,52797,500,500,12203
691,69043704,69043720,69051727,8023,16,8007,65000,52797,52806,500,500,12194
692,69143751,69143767,69151732,7981,16,7965,65000,52806,52815,500,500,12185
693,69243800,69243816,69251727,7927,16,7911,65000,52815,52823,500,500,12177
694,69343847,69343863,69351727,7880,16,7864,65000,52823,52832,500,500,12168
695,69443894,69443911,69451732,7838,17,7821,65000,52832,52841,500,500,12159
696,69543942,69543958,69551720,7778,16,7762,65000,52841,52849,500,500,12151
697,69643989,69644005,69651738,7749,16,7733,65000,52849,52858,500,500,12142
698,69744038,69744054,69751724,7686,16,7670,65000,52858,52867,500,500,12133
699,69844085,69844101,69851717,7632,16,7616,65000,52867,52875,500,500,12125
700,69944133,69944149,69954569,10436,16,10420,65000,52875,52884,500,500,12116
701,70044182,70044199,70051679,7497,17,7480,65000,52884,52892,500,500,12108
702,70144230,70144246,70151723,7493,16,7477,65000,52892,52900,500,500,12100
703,70244280,70244296,70251726,7446,16,7430,65000,52900,52909,500,500,12091
704,70344328,70344344,70351729,7401,16,7385,65000,52909,52917,500,500,12083
705,70444375,70444391,70451734,7359,16,7343,65000,52917,52926,500,500,12074
706,70544422,70544439,70551719,7297,17,7280,65000,52926,52934,500,500,12066
707,70644470,70644486,70651758,7288,16,7272,65000,52934,52942,500,500,12058
708,70744539,70744555,70751761,7222,16,7206,65000,52942,52950,500,500,12050
709,70844587,70844603,70851746,7159,16,7143,65000,52950,52959,500,500,12041
710,70944635,70944651,70951728,7093,16,7077,65000,52959,52967,500,500,12033
711,71044682,71044698,71051733,7051,16,7035,65000,52967,52975,500,500,12025
712,71144730,71144746,71151722,6992,16,6976,65000,52975,52983,500,500,12017
713,71244777,71244793,71251731,6954,16,6938,65000,52983,52991,500,500,12009
714,71344826,71344842,71351735,6909,16,6893,65000,52991,52999,500,500,12001
715,71444874,71444890,71451722,6848,16,6832,65000,52999,53007,500,500,11993
716,71544921,71544937,71551725,6804,16,6788,65000,53007,53015,500,500,11985
717,71644970,71644986,71651735,6765,16,6749,65000,53015,53023,500,500,11977
718,71745017,71745033,71751723,6706,16,6690,65000,53023,53031,500,500,11969
719,71845065,71845081,71851720,6655,16,6639,65000,53031,53039,500,500,11961
720,71945113,71945129,71951737,6624,16,6608,65000,53039,53047,500,500,11953
721,72045161,72045177,72051731,6570,16,6554,65000,53047,53054,500,500,11946
722,72145208,72145224,72151735,6527,16,6511,65000,53054,53062,500,500,11938
723,72245256,72245272,72251725,6469,16,6453,65000,53062,53070,500,500,11930
724,72345303,72345319,72351719,6416,16,6400,65000,53070,53078,500,500,11922
725,72445350,72445366,72451728,6378,16,6362,65000,53078,53085,500,500,11915
726,72545398,72545414,72551732,6334,16,6318,65000,53085,53093,500,500,11907
727,72645445,72645461,72651719,6274,16,6258,65000,53093,53101,500,500,11899
728,72745493,72745509,72751729,6236,16,6220,65000,53101,53108,500,500,11892
729,72845540,72845556,72851719,6179,16,6163,65000,53108,53116,500,500,11884
730,72945588,72945604,72951720,6132,16,6116,65000,53116,53123,500,500,11877
731,73045636,73045652,73051737,6101,16,6085,65000,53123,53131,500,500,11869
732,73145683,73145699,73151725,6042,16,6026,65000,53131,53138,500,500,11862
733,73245730,73245747,73251716,5986,17,5969,65000,53138,53146,500,500,11854
734,73345778,73345794,73351736,5958,16,5942,65000,53146,53153,500,500,11847
735,73445826,73445842,73451757,5931,16,5915,65000,53153,53161,500,500,11839
736,73545873,73545889,73551762,5889,16,5873,65000,53161,53168,500,500,11832
737,73645922,73645937,73651732,5810,15,5795,65000,53168,53175,500,500,11825
738,73745968,73745984,73751735,5767,16,5751,65000,53175,53183,500,500,11817
739,73846017,73846033,73851722,5705,16,5689,65000,53183,53190,500,500,11810
740,73946064,73946080,73951728,5664,16,5648,65000,53190,53197,500,500,11803
741,74046112,74046128,74051736,5624,16,5608,65000,53197,53204,500,500,11796
742,74146160,74146176,74151724,5564,16,5548,65000,53204,53211,500,500,11789
743,74246207,74246223,74251719,5512,16,5496,65000,53211,53219,500,500,11781
744,74346255,74346271,74351738,5483,16,5467,65000,53219,53226,500,500,11774
745,74446303,74446319,74451727,5424,16,5408,65000,53226,53233,500,500,11767
746,74546350,74546366,74551731,5381,16,5365,65000,53233,53240,500,500,11760
747,74646398,74646414,74651725,5327,16,5311,65000,53240,53247,500,500,11753
748,74746445,74746461,74751729,5284,16,5268,65000,53247,53254,500,500,11746
749,74846493,74846509,74851732,5239,16,5223,65000,53254,53261,500,500,11739
750,74946541,74946557,74951719,5178,16,5162,65000,53261,53268,500,500,11732
751,75046589,75046605,75051746,5157,16,5141,65000,53268,53275,500,500,11725
752,75146654,75146670,75151734,5080,16,5064,65000,53275,53282,500,500,11718
753,75246701,75246718,75251740,5039,17,5022,65000,53282,53289,500,500,11711
754,75346750,75346766,75351729,4979,16,4963,65000,53289,53295,500,500,11705
755,75446810,75446826,75451732,4922,16,4906,65000,53295,53302,500,500,11698
756,75546856,75546872,75551740,4884,16,4868,65000,53302,53309,500,500,11691
757,75646902,75646918,75651744,4842,16,4826,65000,53309,53316,500,500,11684
758,75746949,75746965,75751731,4782,16,4766,65000,53316,53323,500,500,11677
759,75846995,75847012,75851725,4730,17,4713,65000,53323,53329,500,500,11671
760,75947041,75947057,75951734,4693,16,4677,65000,53329,53336,500,500,11664
761,76047087,76047104,76051724,4637,17,4620,65000,53336,53343,500,500,11657
762,76147134,76147150,76151753,4619,16,4603,65000,53343,53349,500,500,11651
763,76247198,76247214,76251725,4527,16,4511,65000,53349,53356,500,500,11644
764,76347243,76347259,76351738,4495,16,4479,65000,53356,53362,500,500,11638
765,76447290,76447306,76451727,4437,16,4421,65000,53362,53369,500,500,11631
766,76547336,76547352,76551720,4384,16,4368,65000,53369,53376,500,500,11624
767,76647383,76647399,76651717,4334,16,4318,65000,53376,53382,500,500,11618
768,76747429,76747445,76751739,4310,16,4294,65000,53382,53388,500,500,11612
769,76847475,76847491,76851726,4251,16,4235,65000,53388,53395,500,500,11605
770,76947521,76947537,76951721,4200,16,4184,65000,53395,53401,500,500,11599
771,77047568,77047583,77051712,4144,15,4129,65000,53401,53408,500,500,11592
772,77147614,77147630,77151729,4115,16,4099,65000,53408,53414,500,500,11586
773,77247661,77247677,77251733,4072,16,4056,65000,53414,53420,500,500,11580
774,77347706,77347723,77351719,4013,17,3996,65000,53420,53427,500,500,11573
775,77447753,77447769,77451739,3986,16,3970,65000,53427,53433,500,500,11567
776,77547799,77547815,77551726,3927,16,3911,65000,53433,53439,500,500,11561
777,77647845,77647862,77651720,3875,17,3858,65000,53439,53446,500,500,11554
778,77747891,77747908,77751718,3827,17,3810,65000,53446,53452,500,500,11548
779,77847938,77847954,77851728,3790,16,3774,65000,53452,53458,500,500,11542
780,77947985,77948001,77951733,3748,16,3732,65000,53458,53464,500,500,11536
781,78048031,78048047,78051720,3689,16,3673,65000,53464,53470,500,500,11530
782,78148077,78148093,78151752,3675,16,3659,65000,53470,53476,500,500,11524
783,78248142,78248158,78251754,3612,16,3596,65000,53476,53483,500,500,11517
784,78348188,78348204,78351741,3553,16,3537,65000,53483,53489,500,500,11511
785,78448235,78448251,78451734,3499,16,3483,65000,53489,53495,500,500,11505
786,78548281,78548297,78551723,3442,16,3426,65000,53495,53501,500,500,11499
787,78648327,78648343,78651721,3394,16,3378,65000,53501,53507,500,500,11493
788,78748374,78748390,78751741,3367,16,3351,65000,53507,53513,500,500,11487
789,78848421,78848437,78851730,3309,16,3293,65000,53513,53519,500,500,11481
790,78948466,78948482,78951735,3269,16,3253,65000,53519,53524,500,500,11476
791,79048512,79048529,79051722,3210,17,3193,65000,53524,53530,500,500,11470
792,79148559,79148575,79151727,3168,16,3152,65000,53530,53536,500,500,11464
793,79248605,79248621,79251734,3129,16,3113,65000,53536,53542,500,500,11458
794,79348651,79348667,79351724,3073,16,3057,65000,53542,53548,500,500,11452
795,79448698,79448714,79451714,3016,16,3000,65000,53548,53554,500,500,11446
796,79548743,79548759,79551729,2986,16,2970,65000,53554,53560,500,500,11440
797,79648809,79648825,79651722,2913,16,2897,65000,53560,53565,500,500,11435
798,79748855,79748871,79751718,2863,16,2847,65000,53565,53571,500,500,11429
799,79848901,79848917,79851733,2832,16,2816,65000,53571,53577,500,500,11423
800,79948947,79948963,79954568,5621,16,5605,65000,53577,53582,500,500,11418
801,80048996,80049013,80052626,3630,17,3613,65000,53582,53588,500,500,11412
802,80149042,80149058,80152689,3647,16,3631,65000,53588,53594,500,500,11406
803,80249087,80249103,80252666,3579,16,3563,65000,53594,53599,500,500,11401
804,80349132,80349148,80352665,3533,16,3517,65000,53599,53605,500,500,11395
805,80449177,80449193,80452661,3484,16,3468,65000,53605,53611,500,500,11389
806,80549223,80549239,80552669,3446,16,3430,65000,53611,53616,500,500,11384
807,80649268,80649284,80652664,3396,16,3380,65000,53616,53622,500,500,11378
808,80749314,80749330,80752662,3348,16,3332,65000,53622,53627,500,500,11373
809,80849360,80849376,80852678,3318,16,3302,65000,53627,53633,500,500,11367
810,80949421,80949437,80952684,3263,16,3247,65000,53633,53638,500,500,11362
811,81049466,81049482,81052680,3214,16,3198,65000,53638,53644,500,500,11356
812,81149511,81149528,81152666,3155,17,3138,65000,53644,53649,500,500,11351
813,81249557,81249574,81252665,3108,17,3091,65000,53649,53654,500,500,11346
814,81349603,81349619,81352661,3058,16,3042,65000,53654,53660,500,500,11340
815,81449649,81449665,81452671,3022,16,3006,65000,53660,53665,500,500,11335
816,81549695,81549711,81552666,2971,16,2955,65000,53665,53671,500,500,11329
817,81649740,81649757,81652667,2927,17,2910,65000,53671,53676,500,500,11324
818,81749786,81749802,81752666,2880,16,2864,65000,53676,53681,500,500,11319
819,81849832,81849848,81852674,2842,16,2826,65000,53681,53686,500,500,11314
820,81949877,81949893,81951683,1806,16,1790,65000,53686,53692,500,500,11308
821,82049923,82049939,82051791,1868,16,1852,65000,53692,53697,500,500,11303
822,82149968,82149984,82161707,11739,16,11723,65000,53697,53702,500,500,11298
823,82250035,82250051,82261735,11700,16,11684,65000,53702,53707,500,500,11293
824,82350081,82350097,82361742,11661,16,11645,65000,53707,53712,500,500,11288
825,82450127,82450144,82461744,11617,17,11600,65000,53712,53718,500,500,11282
826,82550174,82550190,82561746,11572,16,11556,65000,53718,53723,500,500,11277
827,82650231,82650247,82661754,11523,16,11507,65000,53723,53728,500,500,11272
828,82750277,82750293,82761745,11468,16,11452,65000,53728,53733,500,500,11267
829,82850323,82850339,82861727,11404,16,11388,65000,53733,53738,500,500,11262
830,82950369,82950385,82961729,11360,16,11344,65000,53738,53743,500,500,11257
831,83050415,83050431,83061726,11311,16,11295,65000,53743,53748,500,500,11252
832,83150461,83150477,83161715,11254,16,11238,65000,53748,53753,500,500,11247
833,83250507,83250524,83261729,11222,17,11205,65000,53753,53758,500,500,11242
834,83350554,83350570,83361735,11181,16,11165,65000,53758,53763,500,500,11237
835,83450600,83450616,83461723,11123,16,11107,65000,53763,53768,500,500,11232
836,83550646,83550663,83561731,11085,17,11068,65000,53768,53773,500,500,11227
837,83650693,83650709,83661755,11062,16,11046,65000,53773,53778,500,500,11222
838,83750739,83750755,83761749,11010,16,10994,65000,53778,53783,500,500,11217
839,83850785,83850801,83861744,10959,16,10943,65000,53783,53788,500,500,11212
840,83950831,83950847,83961735,10904,16,10888,65000,53788,53792,500,500,11208
841,84050877,84050894,84061725,10848,17,10831,65000,53792,53797,500,500,11203
842,84150924,84150940,84161729,10805,16,10789,65000,53797,53802,500,500,11198
843,84250970,84250987,84261728,10758,17,10741,65000,53802,53807,500,500,11193
844,84351017,84351033,84361725,10708,16,10692,65000,53807,53812,500,500,11188
845,84451062,84451078,84461732,10670,16,10654,65000,53812,53816,500,500,11184
846,84551110,84551126,84561727,10617,16,10601,65000,53816,53821,500,500,11179
847,84651158,84651174,84661730,10572,16,10556,65000,53821,53826,500,500,11174
848,84751205,84751222,84761727,10522,17,10505,65000,53826,53831,500,500,11169
849,84851253,84851269,84861731,10478,16,10462,65000,53831,53835,500,500,11165
850,84951301,84951317,84961724,10423,16,10407,65000,53835,53840,500,500,11160
851,85051348,85051365,85061740,10392,17,10375,65000,53840,53810,500,500,11190
852,85151397,85151413,85161728,10331,16,10315,65000,53810,53779,500,500,11221
853,85251443,85251460,85261733,10290,17,10273,65000,53779,53749,500,500,11251
854,85351508,85351525,85361727,10219,17,10202,65000,53749,53719,500,500,11281
855,85451557,85451573,85461726,10169,16,10153,65000,53719,53689,500,500,11311
856,85551604,85551620,85561731,10127,16,10111,65000,53689,53660,500,500,11340
857,85651652,85651668,85661725,10073,16,10057,65000,53660,53630,500,500,11370
858,85751699,85751715,85761726,10027,16,10011,65000,53630,53600,500,500,11400
859,85851747,85851763,85861723,9976,16,9960,65000,53600,53571,500,500,11429
860,85951794,85951810,85961719,9925,16,9909,65000,53571,53542,500,500,11458
861,86051842,86051858,86061739,9897,16,9881,65000,53542,53513,500,500,11487
862,86151890,86151906,86161729,9839,16,9823,65000,53513,53483,500,500,11517
863,86251938,86251954,86261730,9792,16,9776,65000,53483,53455,500,500,11545
864,86351986,86352021,86361737,9751,35,9716,65000,53455,53426,500,500,11574
865,86452046,86452062,86461757,9711,16,9695,65000,53426,53397,500,500,11603
866,86552103,86552119,86561759,9656,16,9640,65000,53397,53368,500,500,11632
867,86652150,86652166,86661731,9581,16,9565,65000,53368,53340,500,500,11660
868,86752196,86752212,86761735,9539,16,9523,65000,53340,53312,500,500,11688
869,86852243,86852259,86861724,9481,16,9465,65000,53312,53283,500,500,11717
870,86952289,86952305,86961726,9437,16,9421,65000,53283,53255,500,500,11745
871,87052336,87052352,87061728,9392,16,9376,65000,53255,53227,500,500,11773
872,87152383,87152399,87161721,9338,16,9322,65000,53227,53199,500,500,11801
873,87252431,87252447,87261730,9299,16,9283,65000,53199,53171,500,500,11829
874,87352479,87352495,87361731,9252,16,9236,65000,53171,53144,500,500,11856
875,87452526,87452542,87461725,9199,16,9183,65000,53144,53116,500,500,11884
876,87552573,87552589,87561731,9158,16,9142,65000,53116,53089,500,500,11911
877,87652621,87652637,87661728,9107,16,9091,65000,53089,53061,500,500,11939
878,87752669,87752685,87761733,9064,16,9048,65000,53061,53034,500,500,11966
879,87852716,87852732,87861729,9013,16,8997,65000,53034,53007,500,500,11993
880,87952764,87952779,87961737,8973,15,8958,65000,53007,52980,500,500,12020
881,88052811,88052827,88061724,8913,16,8897,65000,52980,52953,500,500,12047
882,88152859,88152875,88161728,8869,16,8853,65000,52953,52926,500,500,12074
883,88252907,88252923,88261734,8827,16,8811,65000,52926,52900,500,500,12100
884,88352954,88352970,88361721,8767,16,8751,65000,52900,52873,500,500,12127
885,88453001,88453017,88461717,8716,16,8700,65000,52873,52846,500,500,12154
886,88553048,88553064,88561728,8680,16,8664,65000,52846,52820,500,500,12180
887,88653096,88653112,88661722,8626,16,8610,65000,52820,52794,500,500,12206
888,88753143,88753159,88761729,8586,16,8570,65000,52794,52768,500,500,12232
889,88853191,88853207,88861735,8544,16,8528,65000,52768,52742,500,500,12258
890,88953238,88953254,88961722,8484,16,8468,65000,52742,52716,500,500,12284
891,89053285,89053301,89061718,8433,16,8417,65000,52716,52690,500,500,12310
892,89153334,89153350,89161759,8425,16,8409,65000,52690,52664,500,500,12336
893,89253402,89253418,89261764,8362,16,8346,65000,52664,52638,500,500,12362
894,89353450,89353466,89361748,8298,16,8282,65000,52638,52613,500,500,12387
895,89453497,89453513,89461735,8238,16,8222,65000,52613,52587,500,500,12413
896,89553544,89553560,89561722,8178,16,8162,65000,52587,52562,500,500,12438
897,89653591,89653607,89661729,8138,16,8122,65000,52562,52537,500,500,12463
898,89753640,89753656,89761726,8086,16,8070,65000,52537,52512,500,500,12488
899,89853688,89853704,89861725,8037,16,8021,65000,52512,52487,500,500,12513
900,89953735,89953751,89964561,10826,16,10810,65000,52487,52462,500,500,12538
901,90053785,90053801,90061674,7889,16,7873,65000,52462,52437,500,500,12563
902,90153833,90153849,90161748,7915,16,7899,65000,52437,52412,500,500,12588
903,90253882,90253898,90261732,7850,16,7834,65000,52412,52387,500,500,12613
904,90353930,90353946,90361720,7790,16,7774,65000,52387,52363,500,500,12637
905,90453977,90453993,90461739,7762,16,7746,65000,52363,52338,500,500,12662
906,90554025,90554041,90561728,7703,16,7687,65000,52338,52314,500,500,12686
907,90654073,90654089,90661718,7645,16,7629,65000,52314,52290,500,500,12710
908,90754120,90754136,90761729,7609,16,7593,65000,52290,52266,500,500,12734
909,90854168,90854184,90861743,7575,16,7559,65000,52266,52241,500,500,12759
910,90954217,90954233,90961730,7513,16,7497,65000,52241,52218,500,500,12782
911,91054264,91054280,91061724,7460,16,7444,65000,52218,52194,500,500,12806
912,91154312,91154328,91161722,7410,16,7394,65000,52194,52170,500,500,12830
913,91254359,91254375,91261719,7360,16,7344,65000,52170,52146,500,500,12854
914,91354407,91354423,91361746,7339,16,7323,65000,52146,52123,500,500,12877
915,91454472,91454488,91461734,7262,16,7246,65000,52123,52099,500,500,12901
916,91554519,91554535,91561727,7208,16,7192,65000,52099,52076,500,500,12924
917,91654566,91654582,91661724,7158,16,7142,65000,52076,52052,500,500,12948
918,91754613,91754629,91761716,7103,16,7087,65000,52052,52029,500,500,12971
919,91854660,91854676,91861738,7078,16,7062,65000,52029,52006,500,500,12994
920,91954708,91954723,91961732,7024,15,7009,65000,52006,51983,500,500,13017
921,92054755,92054771,92061721,6966,16,6950,65000,51983,51960,500,500,13040
922,92154803,92154819,92161740,6937,16,6921,65000,51960,51937,500,500,13063
923,92254852,92254868,92261728,6876,16,6860,65000,51937,51915,500,500,13085
924,92354898,92354915,92361717,6819,17,6802,65000,51915,51892,500,500,13108
925,92454946,92454962,92461726,6780,16,6764,65000,51892,51869,500,500,13131
926,92554994,92555010,92561724,6730,16,6714,65000,51869,51847,500,500,13153
927,92655042,92655058,92661723,6681,16,6665,65000,51847,51824,500,500,13176
928,92755089,92755105,92761730,6641,16,6625,65000,51824,51802,500,500,13198
929,92855137,92855153,92861727,6590,16,6574,65000,51802,51780,500,500,13220
930,92955184,92955200,92961723,6539,16,6523,65000,51780,51758,500,500,13242
931,93055232,93055248,93061719,6487,16,6471,65000,51758,51736,500,500,13264
932,93155279,93155295,93161726,6447,16,6431,65000,51736,51714,500,500,13286
933,93255328,93255344,93261735,6407,16,6391,65000,51714,51692,500,500,13308
934,93355375,93355391,93361722,6347,16,6331,65000,51692,51670,500,500,13330
935,93455423,93455439,93461718,6295,16,6279,65000,51670,51649,500,500,13351
936,93555471,93555487,93561739,6268,16,6252,65000,51649,51627,500,500,13373
937,93655519,93655534,93661727,6208,15,6193,65000,51627,51605,500,500,13395
938,93755566,93755582,93761732,6166,16,6150,65000,51605,51584,500,500,13416
939,93855614,93855630,93861735,6121,16,6105,65000,51584,51563,500,500,13437
940,93955661,93955677,93961755,6094,16,6078,65000,51563,51541,500,500,13459
941,94055710,94055726,94061743,6033,16,6017,65000,51541,51520,500,500,13480
942,94155756,94155772,94161729,5973,16,5957,65000,51520,51499,500,500,13501
943,94255804,94255820,94261724,5920,16,5904,65000,51499,51478,500,500,13522
944,94355851,94355867,94361721,5870,16,5854,65000,51478,51457,500,500,13543
945,94455898,94455914,94461731,5833,16,5817,65000,51457,51436,500,500,13564
946,94555946,94555962,94561739,5793,16,5777,65000,51436,51416,500,500,13584
947,94655993,94656009,94661727,5734,16,5718,65000,51416,51395,500,500,13605
948,94756041,94756057,94761724,5683,16,5667,65000,51395,51374,500,500,13626
949,94856088,94856104,94861714,5626,16,5610,65000,51374,51354,500,500,13646
950,94956135,94956151,94961729,5594,16,5578,65000,51354,51334,500,500,13666
951,95056183,95056199,95061733,5550,16,5534,65000,51334,51348,500,500,13652
952,95156230,95156246,95161719,5489,16,5473,65000,51348,51363,500,500,13637
953,95256277,95256293,95261734,5457,16,5441,65000,51363,51377,500,500,13623
954,95356326,95356342,95361732,5406,16,5390,65000,51377,51392,500,500,13608
955,95456372,95456388,95461723,5351,16,5335,65000,51392,51406,500,500,13594
956,95556420,95556437,95561711,5291,17,5274,65000,51406,51421,500,500,13579
957,95656468,95656484,95661728,5260,16,5244,65000,51421,51435,500,500,13565
958,95756516,95756532,95761724,5208,16,5192,65000,51435,51449,500,500,13551
959,95856562,95856579,95861717,5155,17,5138,65000,51449,51463,500,500,13537
960,95956610,95956626,95961738,5128,16,5112,65000,51463,51478,500,500,13522
961,96056658,96056674,96061728,5070,16,5054,65000,51478,51492,500,500,13508
962,96156705,96156721,96161729,5024,16,5008,65000,51492,51506,500,500,13494
963,96256753,96256769,96261725,4972,16,4956,65000,51506,51520,500,500,13480
964,96356813,96356829,96361728,4915,16,4899,65000,51520,51534,500,500,13466
965,96456859,96456875,96461734,4875,16,4859,65000,51534,51547,500,500,13453
966,96556905,96556922,96561721,4816,17,4799,65000,51547,51561,500,500,13439
967,96656953,96656968,96661754,4801,15,4786,65000,51561,51575,500,500,13425
968,96756999,96757015,96761748,4749,16,4733,65000,51575,51589,500,500,13411
969,96857045,96857061,96861750,4705,16,4689,65000,51589,51602,500,500,13398
970,96957091,96957107,96961731,4640,16,4624,65000,51602,51616,500,500,13384
971,97057137,97057154,97061734,4597,17,4580,65000,51616,51630,500,500,13370
972,97157184,97157200,97161722,4538,16,4522,65000,51630,51643,500,500,13357
973,97257230,97257246,97261731,4501,16,4485,65000,51643,51656,500,500,13344
974,97357276,97357292,97361726,4450,16,4434,65000,51656,51670,500,500,13330
975,97457322,97457338,97461722,4400,16,4384,65000,51670,51683,500,500,13317
976,97557368,97557384,97561718,4350,16,4334,65000,51683,51696,500,500,13304
977,97657414,97657430,97661739,4325,16,4309,65000,51696,51710,500,500,13290
978,97757460,97757476,97761729,4269,16,4253,65000,51710,51723,500,500,13277
979,97857506,97857522,97861717,4211,16,4195,65000,51723,51736,500,500,13264
980,97957552,97957568,97961720,4168,16,4152,65000,51736,51749,500,500,13251
981,98057598,98057614,98061735,4137,16,4121,65000,51749,51762,500,500,13238
982,98157644,98157661,98161723,4079,17,4062,65000,51762,51775,500,500,13225
983,98257691,98257707,98261717,4026,16,4010,65000,51775,51788,500,500,13212
984,98357737,98357753,98361732,3995,16,3979,65000,51788,51801,500,500,13199
985,98457783,98457799,98461733,3950,16,3934,65000,51801,51813,500,500,13187
986,98557829,98557845,98561723,3894,16,3878,65000,51813,51826,500,500,13174
987,98657874,98657890,98661719,3845,16,3829,65000,51826,51839,500,500,13161
988,98757920,98757936,98761728,3808,16,3792,65000,51839,51852,500,500,13148
989,98857967,98857983,98861733,3766,16,3750,65000,51852,51864,500,500,13136
990,98958013,98958029,98961720,3707,16,3691,65000,51864,51877,500,500,13123
991,99058059,99058075,99061730,3671,16,3655,65000,51877,51889,500,500,13111
992,99158106,99158122,99161726,3620,16,3604,65000,51889,51902,500,500,13098
993,99258151,99258167,99261719,3568,16,3552,65000,51902,51914,500,500,13086
994,99358197,99358213,99361738,3541,16,3525,65000,51914,51926,500,500,13074
995,99458244,99458259,99461752,3508,15,3493,65000,51926,51939,500,500,13061
996,99558289,99558305,99561758,3469,16,3453,65000,51939,51951,500,500,13049
997,99658335,99658351,99661731,3396,16,3380,65000,51951,51963,500,500,13037
998,99758381,99758398,99761724,3343,17,3326,65000,51963,51975,500,500,13025
999,99858428,99858444,99861730,3302,16,3286,65000,51975,51987,500,500,13013
1000,99958474,99958490,99964606,6132,16,6116,65000,51987,51999,500,500,13001
1001,100058524,100058540,100061679,3155,16,3139,65000,51999,52011,500,500,12989
1002,100158569,100158585,100161725,3156,16,3140,65000,52011,52023,500,500,12977
1003,100258618,100258634,100261714,3096,16,3080,65000,52023,52035,500,500,12965
1004,100358665,100358681,100361734,3069,16,3053,65000,52035,52047,500,500,12953
1005,100458712,100458728,100461728,3016,16,3000,65000,52047,52059,500,500,12941
1006,100558758,100558774,100561726,2968,16,2952,65000,52059,52071,500,500,12929
1007,100658805,100658821,100661729,2924,16,2908,65000,52071,52082,500,500,12918
1008,100758851,100758867,100761728,2877,16,2861,65000,52082,52094,500,500,12906
1009,100858897,100858913,100861739,2842,16,2826,65000,52094,52106,500,500,12894
1010,100958944,100958960,100961908,2964,16,2948,65000,52106,52117,500,500,12883
1011,101058989,101059005,101061990,3001,16,2985,65000,52117,52129,500,500,12871
1012,101159034,101159050,101162063,3029,16,3013,65000,52129,52140,500,500,12860
1013,101259079,101259095,101262130,3051,16,3035,65000,52140,52152,500,500,12848
1014,101359125,101359141,101362192,3067,16,3051,65000,52152,52163,500,500,12837
1015,101459171,101459187,101462271,3100,16,3084,65000,52163,52174,500,500,12826
1016,101559233,101559249,101562317,3084,16,3068,65000,52174,52186,500,500,12814
1017,101659279,101659295,101662402,3123,16,3107,65000,52186,52197,500,500,12803
1018,101759326,101759343,101762469,3143,17,3126,65000,52197,52208,500,500,12792
1019,101859372,101859388,101862534,3162,16,3146,65000,52208,52219,500,500,12781
1020,101959420,101959436,101962601,3181,16,3165,65000,52219,52231,500,500,12769
1021,102059465,102059481,102062662,3197,16,3181,65000,52231,52242,500,500,12758
1022,102159510,102159526,102162690,3180,16,3164,65000,52242,52253,500,500,12747
1023,102259555,102259571,102262683,3128,16,3112,65000,52253,52264,500,500,12736
1024,102359602,102359617,102362678,3076,15,3061,65000,52264,52275,500,500,12725
1025,102459647,102459663,102462666,3019,16,3003,65000,52275,52285,500,500,12715
1026,102559692,102559708,102562668,2976,16,2960,65000,52285,52296,500,500,12704
1027,102659737,102659753,102662661,2924,16,2908,65000,52296,52307,500,500,12693
1028,102759783,102759799,102762670,2887,16,2871,65000,52307,52318,500,500,12682
1029,102859829,102859844,102862664,2835,15,2820,65000,52318,52329,500,500,12671
1030,102959874,102959890,102961673,1799,16,1783,65000,52329,52339,500,500,12661
1031,103059919,103059935,103061786,1867,16,1851,65000,52339,52350,500,500,12650
1032,103159965,103159981,103171712,11747,16,11731,65000,52350,52361,500,500,12639
1033,103260033,103260049,103271732,11699,16,11683,65000,52361,52371,500,500,12629
1034,103360080,103360096,103371737,11657,16,11641,65000,52371,52382,500,500,12618
1035,103460126,103460142,103471759,11633,16,11617,65000,52382,52392,500,500,12608
1036,103560172,103560188,103571752,11580,16,11564,65000,52392,52403,500,500,12597
1037,103660230,103660246,103671741,11511,16,11495,65000,52403,52413,500,500,12587
1038,103760276,103760293,103771723,11447,17,11430,65000,52413,52423,500,500,12577
1039,103860323,103860339,103871747,11424,16,11408,65000,52423,52434,500,500,12566
1040,103960369,103960385,103971726,11357,16,11341,65000,52434,52444,500,500,12556
1041,104060416,104060432,104071725,11309,16,11293,65000,52444,52454,500,500,12546
1042,104160463,104160479,104171729,11266,16,11250,65000,52454,52464,500,500,12536
1043,104260509,104260525,104271725,11216,16,11200,65000,52464,52474,500,500,12526
1044,104360554,104360570,104371721,11167,16,11151,65000,52474,52485,500,500,12515
1045,104460601,104460617,104471730,11129,16,11113,65000,52485,52495,500,500,12505
1046,104560647,104560664,104571732,11085,17,11068,65000,52495,52505,500,500,12495
1047,104660693,104660709,104671732,11039,16,11023,65000,52505,52515,500,500,12485
1048,104760740,104760756,104771726,10986,16,10970,65000,52515,52525,500,500,12475
1049,104860786,104860802,104871748,10962,16,10946,65000,52525,52534,500,500,12466
1050,104960832,104960849,104971755,10923,17,10906,65000,52534,52544,500,500,12456
1051,105060879,105060894,105071755,10876,15,10861,65000,52544,52554,500,500,12446
1052,105160925,105160940,105171742,10817,15,10802,65000,52554,52564,500,500,12436
1053,105260970,105260986,105271727,10757,16,10741,65000,52564,52574,500,500,12426
1054,105361016,105361032,105371721,10705,16,10689,65000,52574,52583,500,500,12417
1055,105461062,105461078,105471726,10664,16,10648,65000,52583,52593,500,500,12407
1056,105561111,105561127,105571734,10623,16,10607,65000,52593,52603,500,500,12397
1057,105661159,105661175,105671722,10563,16,10547,65000,52603,52612,500,500,12388
1058,105761207,105761223,105771727,10520,16,10504,65000,52612,52622,500,500,12378
1059,105861254,105861270,105871732,10478,16,10462,65000,52622,52631,500,500,12369
1060,105961302,105961318,105971733,10431,16,10415,65000,52631,52641,500,500,12359
1061,106061349,106061365,106071723,10374,16,10358,65000,52641,52650,500,500,12350
1062,106161397,106161413,106171729,10332,16,10316,65000,52650,52660,500,500,12340
1063,106261445,106261461,106271735,10290,16,10274,65000,52660,52669,500,500,12331
1064,106361493,106361509,106371723,10230,16,10214,65000,52669,52678,500,500,12322
1065,106461541,106461557,106471730,10189,16,10173,65000,52678,52688,500,500,12312
1066,106561588,106561604,106571737,10149,16,10133,65000,52688,52697,500,500,12303
1067,106661635,106661651,106671740,10105,16,10089,65000,52697,52706,500,500,12294
1068,106761683,106761699,106771730,10047,16,10031,65000,52706,52715,500,500,12285
1069,106861730,106861746,106871734,10004,16,9988,65000,52715,52724,500,500,12276
1070,106961778,106961794,106971722,9944,16,9928,65000,52724,52733,500,500,12267
1071,107061825,107061841,107071742,9917,16,9901,65000,52733,52743,500,500,12257
1072,107161873,107161889,107171735,9862,16,9846,65000,52743,52752,500,500,12248
1073,107261920,107261936,107271728,9808,16,9792,65000,52752,52761,500,500,12239
1074,107361968,107361984,107371728,9760,16,9744,65000,52761,52770,500,500,12230
1075,107462028,107462044,107471736,9708,16,9692,65000,52770,52778,500,500,12222
1076,107562076,107562092,107571720,9644,16,9628,65000,52778,52787,500,500,12213
1077,107662122,107662138,107671748,9626,16,9610,65000,52787,52796,500,500,12204
1078,107762185,107762201,107771721,9536,16,9520,65000,52796,52805,500,500,12195
1079,107862231,107862247,107871726,9495,16,9479,65000,52805,52814,500,500,12186
1080,107962278,107962294,107971735,9457,16,9441,65000,52814,52823,500,500,12177
1081,108062327,108062343,108071723,9396,16,9380,65000,52823,52831,500,500,12169
1082,108162375,108162391,108171720,9345,16,9329,65000,52831,52840,500,500,12160
1083,108262422,108262438,108271740,9318,16,9302,65000,52840,52849,500,500,12151
1084,108362471,108362487,108371727,9256,16,9240,65000,52849,52857,500,500,12143
1085,108462518,108462534,108471733,9215,16,9199,65000,52857,52866,500,500,12134
1086,108562566,108562582,108571727,9161,16,9145,65000,52866,52874,500,500,12126
1087,108662613,108662629,108671727,9114,16,9098,65000,52874,52883,500,500,12117
1088,108762661,108762677,108771734,9073,16,9057,65000,52883,52891,500,500,12109
1089,108862709,108862725,108871721,9012,16,8996,65000,52891,52900,500,500,12100
1090,108962756,108962772,108971730,8974,16,8958,65000,52900,52908,500,500,12092
1091,109062805,109062821,109071735,8930,16,8914,65000,52908,52916,500,500,12084
1092,109162852,109162868,109171724,8872,16,8856,65000,52916,52925,500,500,12075
1093,109262899,109262915,109271714,8815,16,8799,65000,52925,52933,500,500,12067
1094,109362946,109362962,109371731,8785,16,8769,65000,52933,52941,500,500,12059
1095,109462994,109463010,109471724,8730,16,8714,65000,52941,52950,500,500,12050
1096,109563041,109563057,109571718,8677,16,8661,65000,52950,52958,500,500,12042
1097,109663089,109663105,109671759,8670,16,8654,65000,52958,52966,500,500,12034
1098,109763157,109763173,109771744,8587,16,8571,65000,52966,52974,500,500,12026
1099,109863204,109863220,109871741,8537,16,8521,65000,52974,52982,500,500,12018
1100,109963251,109963267,109974609,11358,16,11342,65000,52982,52990,500,500,12010
1101,110063300,110063316,110071676,8376,16,8360,65000,52990,52998,500,500,12002
1102,110163349,110163365,110171722,8373,16,8357,65000,52998,53006,500,500,11994
1103,110263399,110263415,110271731,8332,16,8316,65000,53006,53014,500,500,11986
1104,110363446,110363462,110371726,8280,16,8264,65000,53014,53022,500,500,11978
1105,110463493,110463509,110471723,8230,16,8214,65000,53022,53030,500,500,11970
1106,110563541,110563557,110571733,8192,16,8176,65000,53030,53038,500,500,11962
1107,110663589,110663605,110671726,8137,16,8121,65000,53038,53046,500,500,11954
1108,110763636,110763652,110771727,8091,16,8075,65000,53046,53054,500,500,11946
1109,110863683,110863699,110871730,8047,16,8031,65000,53054,53061,500,500,11939
1110,110963731,110963747,110971725,7994,16,7978,65000,53061,53069,500,500,11931
1111,111063778,111063794,111071728,7950,16,7934,65000,53069,53077,500,500,11923
1112,111163827,111163843,111171732,7905,16,7889,65000,53077,53085,500,500,11915
1113,111263875,111263891,111271718,7843,16,7827,65000,53085,53092,500,500,11908
1114,111363921,111363938,111371738,7817,17,7800,65000,53092,53100,500,500,11900
1115,111463970,111463986,111471728,7758,16,7742,65000,53100,53108,500,500,11892
1116,111564017,111564033,111571720,7703,16,7687,65000,53108,53115,500,500,11885
1117,111664065,111664081,111671727,7662,16,7646,65000,53115,53123,500,500,11877
1118,111764112,111764128,111771726,7614,16,7598,65000,53123,53130,500,500,11870
1119,111864159,111864175,111871722,7563,16,7547,65000,53130,53138,500,500,11862
1120,111964207,111964223,111971719,7512,16,7496,65000,53138,53145,500,500,11855
1121,112064254,112064270,112071740,7486,16,7470,65000,53145,53152,500,500,11848
1122,112164302,112164318,112171727,7425,16,7409,65000,53152,53160,500,500,11840
1123,112264350,112264366,112271721,7371,16,7355,65000,53160,53167,500,500,11833
1124,112364397,112364413,112371739,7342,16,7326,65000,53167,53175,500,500,11825
1125,112464445,112464461,112471756,7311,16,7295,65000,53175,53182,500,500,11818
1126,112564493,112564509,112571744,7251,16,7235,65000,53182,53189,500,500,11811
1127,112664540,112664556,112671736,7196,16,7180,65000,53189,53196,500,500,11804
1128,112764587,112764604,112771725,7138,17,7121,65000,53196,53204,500,500,11796
1129,112864635,112864651,112871731,7096,16,7080,65000,53204,53211,500,500,11789
1130,112964683,112964699,112971727,7044,16,7028,65000,53211,53218,500,500,11782
1131,113064730,113064746,113071730,7000,16,6984,65000,53218,53225,500,500,11775
1132,113164778,113164794,113171725,6947,16,6931,65000,53225,53232,500,500,11768
1133,113264825,113264841,113271722,6897,16,6881,65000,53232,53239,500,500,11761
1134,113364872,113364888,113371717,6845,16,6829,65000,53239,53246,500,500,11754
1135,113464920,113464936,113471729,6809,16,6793,65000,53246,53253,500,500,11747
1136,113564968,113564984,113571725,6757,16,6741,65000,53253,53260,500,500,11740
1137,113665015,113665031,113671730,6715,16,6699,65000,53260,53267,500,500,11733
1138,113765080,113765097,113771725,6645,17,6628,65000,53267,53274,500,500,11726
1139,113865128,113865144,113871734,6606,16,6590,65000,53274,53281,500,500,11719
1140,113965176,113965192,113971724,6548,16,6532,65000,53281,53288,500,500,11712
1141,114065223,114065239,114071726,6503,16,6487,65000,53288,53295,500,500,11705
1142,114165270,114165286,114171729,6459,16,6443,65000,53295,53302,500,500,11698
1143,114265317,114265333,114271731,6414,16,6398,65000,53302,53308,500,500,11692
1144,114365365,114365381,114371723,6358,16,6342,65000,53308,53315,500,500,11685
1145,114465412,114465428,114471740,6328,16,6312,65000,53315,53322,500,500,11678
1146,114565460,114565476,114571726,6266,16,6250,65000,53322,53329,500,500,11671
1147,114665508,114665524,114671723,6215,16,6199,65000,53329,53335,500,500,11665
1148,114765556,114765572,114771712,6156,16,6140,65000,53335,53342,500,500,11658
1149,114865603,114865619,114871729,6126,16,6110,65000,53342,53349,500,500,11651
1150,114965651,114965667,114971732,6081,16,6065,65000,53349,53355,500,500,11645
1151,115065699,115065715,115071720,6021,16,6005,65000,53355,53362,500,500,11638
1152,115165746,115165762,115171762,6016,16,6000,65000,53362,53368,500,500,11632
1153,115265815,115265831,115271749,5934,16,5918,65000,53368,53375,500,500,11625
1154,115365861,115365877,115371742,5881,16,5865,65000,53375,53381,500,500,11619
1155,115465909,115465925,115471727,5818,16,5802,65000,53381,53388,500,500,11612
1156,115565956,115565972,115571721,5765,16,5749,65000,53388,53394,500,500,11606
1157,115666004,115666020,115671731,5727,16,5711,65000,53394,53401,500,500,11599
1158,115766051,115766067,115771728,5677,16,5661,65000,53401,53407,500,500,11593
1159,115866099,115866115,115871722,5623,16,5607,65000,53407,53413,500,500,11587
1160,115966146,115966162,115971732,5586,16,5570,65000,53413,53420,500,500,11580
1161,116066194,116066210,116071727,5533,16,5517,65000,53420,53426,500,500,11574
1162,116166241,116166257,116171732,5491,16,5475,65000,53426,53432,500,500,11568
1163,116266289,116266305,116271735,5446,16,5430,65000,53432,53439,500,500,11561
1164,116366337,116366353,116371722,5385,16,5369,65000,53439,53445,500,500,11555
1165,116466384,116466400,116471718,5334,16,5318,65000,53445,53451,500,500,11549
1166,116566431,116566448,116571730,5299,17,5282,65000,53451,53457,500,500,11543
1167,116666480,116666496,116671735,5255,16,5239,65000,53457,53464,500,500,11536
1168,116766527,116766543,116771722,5195,16,5179,65000,53464,53470,500,500,11530
1169,116866575,116866591,116871736,5161,16,5145,65000,53470,53476,500,500,11524
1170,116966623,116966640,116971725,5102,17,5085,65000,53476,53482,500,500,11518
1171,117066670,117066686,117071720,5050,16,5034,65000,53482,53488,500,500,11512
1172,117166718,117166734,117171736,5018,16,5002,65000,53488,53494,500,500,11506
1173,117266767,117266800,117271730,4963,33,4930,65000,53494,53500,500,500,11500
1174,117366813,117366829,117371733,4920,16,4904,65000,53500,53506,500,500,11494
1175,117466860,117466876,117471722,4862,16,4846,65000,53506,53512,500,500,11488
1176,117566906,117566922,117571731,4825,16,4809,65000,53512,53518,500,500,11482
1177,117666952,117666969,117671726,4774,17,4757,65000,53518,53524,500,500,11476
1178,117766998,117767014,117771718,4720,16,4704,65000,53524,53530,500,500,11470
1179,117867044,117867060,117871737,4693,16,4677,65000,53530,53536,500,500,11464
1180,117967091,117967107,117971751,4660,16,4644,65000,53536,53542,500,500,11458
1181,118067137,118067153,118071758,4621,16,4605,65000,53542,53547,500,500,11453
1182,118167184,118167200,118171734,4550,16,4534,65000,53547,53553,500,500,11447
1183,118267229,118267246,118271734,4505,17,4488,65000,53553,53559,500,500,11441
1184,118367277,118367293,118371724,4447,16,4431,65000,53559,53565,500,500,11435
1185,118467322,118467339,118471725,4403,17,4386,65000,53565,53570,500,500,11430
1186,118567368,118567384,118571724,4356,16,4340,65000,53570,53576,500,500,11424
1187,118667414,118667430,118671725,4311,16,4295,65000,53576,53582,500,500,11418
1188,118767460,118767476,118771729,4269,16,4253,65000,53582,53588,500,500,11412
1189,118867506,118867522,118871728,4222,16,4206,65000,53588,53593,500,500,11407
1190,118967552,118967568,118971723,4171,16,4155,65000,53593,53599,500,500,11401
1191,119067598,119067614,119071730,4132,16,4116,65000,53599,53604,500,500,11396
1192,119167644,119167660,119171728,4084,16,4068,65000,53604,53610,500,500,11390
1193,119267690,119267706,119271745,4055,16,4039,65000,53610,53616,500,500,11384
1194,119367737,119367753,119371730,3993,16,3977,65000,53616,53621,500,500,11379
1195,119467783,119467799,119471723,3940,16,3924,65000,53621,53627,500,500,11373
1196,119567830,119567846,119571720,3890,16,3874,65000,53627,53632,500,500,11368
1197,119667876,119667892,119671734,3858,16,3842,65000,53632,53638,500,500,11362
1198,119767922,119767938,119771727,3805,16,3789,65000,53638,53643,500,500,11357
1199,119867968,119867984,119871731,3763,16,3747,65000,53643,53648,500,500,11352
1200,119968014,119968030,119974602,6588,16,6572,65000,53648,53654,500,500,11346
1201,120068064,120068080,120071675,3611,16,3595,50000,53654,53659,500,500,-3659
1202,120168111,120168127,120171723,3612,16,3596,50000,53659,53665,500,500,-3665
1203,120268158,120268174,120271733,3575,16,3559,50000,53665,53670,500,500,-3670
1204,120368205,120368221,120371726,3521,16,3505,50000,53670,53675,500,500,-3675
1205,120468251,120468267,120471732,3481,16,3465,50000,53675,53681,500,500,-3681
1206,120568297,120568313,120571719,3422,16,3406,50000,53681,53686,500,500,-3686
1207,120668342,120668359,120671758,3416,17,3399,50000,53686,53691,500,500,-3691
1208,120768411,120768427,120771763,3352,16,3336,50000,53691,53696,500,500,-3696
1209,120868457,120868473,120871748,3291,16,3275,50000,53696,53702,500,500,-3702
1210,120968503,120968519,120971736,3233,16,3217,50000,53702,53707,500,500,-3707
1211,121068549,121068565,121071725,3176,16,3160,50000,53707,53712,500,500,-3712
1212,121168595,121168611,121171718,3123,16,3107,50000,53712,53717,500,500,-3717
1213,121268641,121268657,121271730,3089,16,3073,50000,53717,53722,500,500,-3722
1214,121368687,121368703,121371735,3048,16,3032,50000,53722,53727,500,500,-3727
1215,121468733,121468749,121471721,2988,16,2972,50000,53727,53732,500,500,-3732
1216,121568779,121568796,121571737,2958,17,2941,50000,53732,53738,500,500,-3738
1217,121668826,121668842,121671731,2905,16,2889,50000,53738,53743,500,500,-3743
1218,121768872,121768888,121771731,2859,16,2843,50000,53743,53748,500,500,-3748
1219,121868918,121868934,121871900,2982,16,2966,50000,53748,53753,500,500,-3753
1220,121968963,121968980,121971994,3031,17,3014,50000,53753,53758,500,500,-3758
1221,122069010,122069026,122072058,3048,16,3032,50000,53758,53763,500,500,-3763
1222,122169055,122169071,122172123,3068,16,3052,50000,53763,53768,500,500,-3768
1223,122269100,122269116,122272199,3099,16,3083,50000,53768,53772,500,500,-3772
1224,122369146,122369162,122372249,3103,16,3087,50000,53772,53777,500,500,-3777
1225,122469212,122469228,122472333,3121,16,3105,50000,53777,53782,500,500,-3782
1226,122569257,122569273,122572382,3125,16,3109,50000,53782,53787,500,500,-3787
1227,122669334,122669351,122672463,3129,17,3112,50000,53787,53792,500,500,-3792
1228,122769399,122769415,122772527,3128,16,3112,50000,53792,53797,500,500,-3797
1229,122869464,122869481,122872605,3141,17,3124,50000,53797,53802,500,500,-3802
1230,122969511,122969527,122972668,3157,16,3141,50000,53802,53806,500,500,-3806
1231,123069574,123069590,123072669,3095,16,3079,50000,53806,53811,500,500,-3811
1232,123169619,123169635,123172664,3045,16,3029,50000,53811,53816,500,500,-3816
1233,123269665,123269681,123272662,2997,16,2981,50000,53816,53821,500,500,-3821
1234,123369710,123369726,123372682,2972,16,2956,50000,53821,53825,500,500,-3825
1235,123469771,123469787,123472650,2879,16,2863,50000,53825,53830,500,500,-3830
1236,123569817,123569833,123572660,2843,16,2827,50000,53830,53835,500,500,-3835
1237,123669863,123669879,123671671,1808,16,1792,50000,53835,53839,500,500,-3839
1238,123769909,123769925,123771781,1872,16,1856,50000,53839,53844,500,500,-3844
1239,123869955,123869971,123881707,11752,16,11736,50000,53844,53849,500,500,-3849
1240,123970024,123970040,123981736,11712,16,11696,50000,53849,53853,500,500,-3853
1241,124070070,124070086,124081743,11673,16,11657,50000,53853,53858,500,500,-3858
1242,124170117,124170133,124181738,11621,16,11605,50000,53858,53862,500,500,-3862
1243,124270163,124270179,124281747,11584,16,11568,50000,53862,53867,500,500,-3867
1244,124370221,124370237,124381748,11527,16,11511,50000,53867,53872,500,500,-3872
1245,124470267,124470284,124481725,11458,17,11441,50000,53872,53876,500,500,-3876
1246,124570314,124570330,124581737,11423,16,11407,50000,53876,53881,500,500,-3881
1247,124670360,124670376,124681729,11369,16,11353,50000,53881,53885,500,500,-3885
1248,124770426,124770442,124781736,11310,16,11294,50000,53885,53889,500,500,-3889
1249,124870472,124870489,124881724,11252,17,11235,50000,53889,53894,500,500,-3894
1250,124970519,124970535,124981719,11200,16,11184,50000,53894,53898,500,500,-3898
1251,125070564,125070580,125081732,11168,16,11152,50000,53898,53903,500,500,-3903
1252,125170630,125170646,125181725,11095,16,11079,50000,53903,53907,500,500,-3907
1253,125270675,125270691,125281720,11045,16,11029,50000,53907,53912,500,500,-3912
1254,125370721,125370738,125381733,11012,17,10995,50000,53912,53916,500,500,-3916
1255,125470768,125470784,125481747,10979,16,10963,50000,53916,53920,500,500,-3920
1256,125570814,125570830,125581753,10939,16,10923,50000,53920,53925,500,500,-3925
1257,125670861,125670877,125681736,10875,16,10859,50000,53925,53929,500,500,-3929
1258,125770907,125770923,125781735,10828,16,10812,50000,53929,53933,500,500,-3933
1259,125870954,125870970,125881725,10771,16,10755,50000,53933,53937,500,500,-3937
1260,125971000,125971016,125981730,10730,16,10714,50000,53937,53942,500,500,-3942
1261,126071046,126071062,126081732,10686,16,10670,50000,53942,53946,500,500,-3946
1262,126171091,126171108,126181728,10637,17,10620,50000,53946,53950,500,500,-3950
1263,126271140,126271156,126281720,10580,16,10564,50000,53950,53954,500,500,-3954
1264,126371188,126371203,126381720,10532,15,10517,50000,53954,53958,500,500,-3958
1265,126471236,126471252,126481739,10503,16,10487,50000,53958,53963,500,500,-3963
1266,126571284,126571300,126581725,10441,16,10425,50000,53963,53967,500,500,-3967
1267,126671332,126671348,126681718,10386,16,10370,50000,53967,53971,500,500,-3971
1268,126771379,126771395,126781732,10353,16,10337,50000,53971,53975,500,500,-3975
1269,126871427,126871443,126881726,10299,16,10283,50000,53975,53979,500,500,-3979
1270,126971475,126971491,126981721,10246,16,10230,50000,53979,53983,500,500,-3983
1271,127071522,127071539,127081728,10206,17,10189,50000,53983,53987,500,500,-3987
1272,127171569,127171585,127181735,10166,16,10150,50000,53987,53991,500,500,-3991
1273,127271617,127271634,127281723,10106,17,10089,50000,53991,53995,500,500,-3995
1274,127371665,127371681,127381718,10053,16,10037,50000,53995,53999,500,500,-3999
1275,127471713,127471730,127481740,10027,17,10010,50000,53999,54003,500,500,-4003
1276,127571762,127571778,127581728,9966,16,9950,50000,54003,54007,500,500,-4007
1277,127671810,127671826,127681731,9921,16,9905,50000,54007,54011,500,500,-4011
1278,127771858,127771874,127781726,9868,16,9852,50000,54011,54015,500,500,-4015
1279,127871905,127871921,127881726,9821,16,9805,50000,54015,54019,500,500,-4019
1280,127971953,127971969,127981733,9780,16,9764,50000,54019,54023,500,500,-4023
1281,128072019,128072036,128081720,9701,17,9684,50000,54023,54027,500,500,-4027
1282,128172062,128172078,128181756,9694,16,9678,50000,54027,54031,500,500,-4031
1283,128272131,128272147,128281753,9622,16,9606,50000,54031,54035,500,500,-4035
1284,128372178,128372194,128381743,9565,16,9549,50000,54035,54039,500,500,-4039
1285,128472224,128472241,128481734,9510,17,9493,50000,54039,54043,500,500,-4043
1286,128572271,128572287,128581723,9452,16,9436,50000,54043,54046,500,500,-4046
1287,128672317,128672333,128681720,9403,16,9387,50000,54046,54050,500,500,-4050
1288,128772364,128772380,128781741,9377,16,9361,50000,54050,54054,500,500,-4054
1289,128872412,128872428,128881728,9316,16,9300,50000,54054,54058,500,500,-4058
1290,128972459,128972475,128981734,9275,16,9259,50000,54058,54062,500,500,-4062
1291,129072507,129072524,129081723,9216,17,9199,50000,54062,54065,500,500,-4065
1292,129172554,129172571,129181741,9187,17,9170,50000,54065,54069,500,500,-4069
1293,129272603,129272619,129281729,9126,16,9110,50000,54069,54073,500,500,-4073
1294,129372650,129372666,129381722,9072,16,9056,50000,54073,54076,500,500,-4076
1295,129472698,129472714,129481727,9029,16,9013,50000,54076,54080,500,500,-4080
1296,129572746,129572762,129581730,8984,16,8968,50000,54080,54084,500,500,-4084
1297,129672793,129672809,129681734,8941,16,8925,50000,54084,54088,500,500,-4088
1298,129772841,129772857,129781724,8883,16,8867,50000,54088,54091,500,500,-4091
1299,129872888,129872904,129881739,8851,16,8835,50000,54091,54095,500,500,-4095
1300,129972937,129972953,129984639,11702,16,11686,50000,54095,54098,500,500,-4098
1301,130072987,130073003,130081673,8686,16,8670,50000,54098,54102,500,500,-4102
1302,130173035,130173051,130181746,8711,16,8695,50000,54102,54106,500,500,-4106
1303,130273083,130273099,130281725,8642,16,8626,50000,54106,54109,500,500,-4109
1304,130373131,130373147,130381722,8591,16,8575,50000,54109,54113,500,500,-4113
1305,130473179,130473195,130481719,8540,16,8524,50000,54113,54116,500,500,-4116
1306,130573225,130573241,130581739,8514,16,8498,50000,54116,54120,500,500,-4120
1307,130673274,130673290,130681727,8453,16,8437,50000,54120,54123,500,500,-4123
1308,130773322,130773338,130781720,8398,16,8382,50000,54123,54127,500,500,-4127
1309,130873371,130873387,130881748,8377,16,8361,50000,54127,54130,500,500,-4130
1310,130973419,130973434,130981752,8333,15,8318,50000,54130,54134,500,500,-4134
1311,131073466,131073482,131081747,8281,16,8265,50000,54134,54137,500,500,-4137
1312,131173514,131173530,131181738,8224,16,8208,50000,54137,54141,500,500,-4141
1313,131273561,131273578,131281726,8165,17,8148,50000,54141,54144,500,500,-4144
1314,131373609,131373626,131381721,8112,17,8095,50000,54144,54148,500,500,-4148
1315,131473657,131473673,131481723,8066,16,8050,50000,54148,54151,500,500,-4151
1316,131573705,131573721,131581728,8023,16,8007,50000,54151,54154,500,500,-4154
1317,131673753,131673769,131681732,7979,16,7963,50000,54154,54158,500,500,-4158
1318,131773800,131773816,131781722,7922,16,7906,50000,54158,54161,500,500,-4161
1319,131873848,131873864,131881743,7895,16,7879,50000,54161,54165,500,500,-4165
1320,131973897,131973913,131981730,7833,16,7817,50000,54165,54168,500,500,-4168
1321,132073944,132073960,132081724,7780,16,7764,50000,54168,54171,500,500,-4171
1322,132173992,132174008,132181732,7740,16,7724,50000,54171,54175,500,500,-4175
1323,132274040,132274056,132281728,7688,16,7672,50000,54175,54178,500,500,-4178
1324,132374088,132374104,132381737,7649,16,7633,50000,54178,54181,500,500,-4181
1325,132474136,132474152,132481725,7589,16,7573,50000,54181,54184,500,500,-4184
1326,132574183,132574199,132581730,7547,16,7531,50000,54184,54188,500,500,-4188
1327,132674231,132674247,132681727,7496,16,7480,50000,54188,54191,500,500,-4191
1328,132774278,132774294,132781733,7455,16,7439,50000,54191,54194,500,500,-4194
1329,132874327,132874343,132881723,7396,16,7380,50000,54194,54197,500,500,-4197
1330,132974374,132974390,132981738,7364,16,7348,50000,54197,54201,500,500,-4201
1331,133074423,133074439,133081728,7305,16,7289,50000,54201,54204,500,500,-4204
1332,133174470,133174486,133181734,7264,16,7248,50000,54204,54207,500,500,-4207
1333,133274518,133274534,133281728,7210,16,7194,50000,54207,54210,500,500,-4210
1334,133374565,133374581,133381724,7159,16,7143,50000,54210,54213,500,500,-4213
1335,133474613,133474629,133481721,7108,16,7092,50000,54213,54216,500,500,-4216
1336,133574660,133574676,133581720,7060,16,7044,50000,54216,54220,500,500,-4220
1337,133674709,133674725,133681765,7056,16,7040,50000,54220,54223,500,500,-4223
1338,133774759,133774775,133781753,6994,16,6978,50000,54223,54226,500,500,-4226
1339,133874806,133874822,133881745,6939,16,6923,50000,54226,54229,500,500,-4229
1340,133974853,133974869,133981729,6876,16,6860,50000,54229,54232,500,500,-4232
1341,134074901,134074917,134081736,6835,16,6819,50000,54232,54235,500,500,-4235
1342,134174948,134174964,134181723,6775,16,6759,50000,54235,54238,500,500,-4238
1343,134274996,134275012,134281732,6736,16,6720,50000,54238,54241,500,500,-4241
1344,134375045,134375061,134381736,6691,16,6675,50000,54241,54244,500,500,-4244
1345,134475092,134475108,134481723,6631,16,6615,50000,54244,54247,500,500,-4247
1346,134575139,134575155,134581721,6582,16,6566,50000,54247,54250,500,500,-4250
1347,134675187,134675203,134681726,6539,16,6523,50000,54250,54253,500,500,-4253
1348,134775235,134775251,134781724,6489,16,6473,50000,54253,54256,500,500,-4256
1349,134875283,134875299,134881730,6447,16,6431,50000,54256,54259,500,500,-4259
1350,134975330,134975346,134981735,6405,16,6389,50000,54259,54262,500,500,-4262
1351,135075378,135075394,135081730,6352,16,6336,50000,54262,54265,500,500,-4265
1352,135175425,135175441,135181736,6311,16,6295,50000,54265,54268,500,500,-4268
1353,135275474,135275490,135281725,6251,16,6235,50000,54268,54271,500,500,-4271
1354,135375521,135375537,135381731,6210,16,6194,50000,54271,54274,500,500,-4274
1355,135475570,135475586,135481727,6157,16,6141,50000,54274,54277,500,500,-4277
1356,135575617,135575633,135581733,6116,16,6100,50000,54277,54280,500,500,-4280
1357,135675666,135675682,135681722,6056,16,6040,50000,54280,54283,500,500,-4283
1358,135775713,135775730,135781739,6026,17,6009,50000,54283,54285,500,500,-4285
1359,135875762,135875778,135881725,5963,16,5947,50000,54285,54288,500,500,-4288
1360,135975809,135975825,135981721,5912,16,5896,50000,54288,54291,500,500,-4291
1361,136075857,136075873,136081741,5884,16,5868,50000,54291,54294,500,500,-4294
1362,136175905,136175921,136181728,5823,16,5807,50000,54294,54297,500,500,-4297
1363,136275952,136275969,136281721,5769,17,5752,50000,54297,54300,500,500,-4300
1364,136376000,136376017,136381726,5726,17,5709,50000,54300,54302,500,500,-4302
1365,136476048,136476064,136481758,5710,16,5694,50000,54302,54305,500,500,-4305
1366,136576115,136576132,136581761,5646,17,5629,50000,54305,54308,500,500,-4308
1367,136676163,136676178,136681734,5571,15,5556,50000,54308,54311,500,500,-4311
1368,136776210,136776226,136781732,5522,16,5506,50000,54311,54313,500,500,-4313
1369,136876258,136876274,136881722,5464,16,5448,50000,54313,54316,500,500,-4316
1370,136976306,136976322,136981737,5431,16,5415,50000,54316,54319,500,500,-4319
1371,137076354,137076370,137081730,5376,16,5360,50000,54319,54322,500,500,-4322
1372,137176400,137176417,137181721,5321,17,5304,50000,54322,54324,500,500,-4324
1373,137276449,137276465,137281720,5271,16,5255,50000,54324,54327,500,500,-4327
1374,137376496,137376512,137381738,5242,16,5226,50000,54327,54330,500,500,-4330
1375,137476545,137476561,137481726,5181,16,5165,50000,54330,54332,500,500,-4332
1376,137576591,137576607,137581721,5130,16,5114,50000,54332,54335,500,500,-4335
1377,137676638,137676654,137681736,5098,16,5082,50000,54335,54338,500,500,-4338
1378,137776686,137776702,137781730,5044,16,5028,50000,54338,54340,500,500,-4340
1379,137876734,137876750,137881732,4998,16,4982,50000,54340,54343,500,500,-4343
1380,137976798,137976814,137981722,4924,16,4908,50000,54343,54346,500,500,-4346
1381,138076828,138076844,138081738,4910,16,4894,50000,54346,54348,500,500,-4348
1382,138176875,138176891,138181732,4857,16,4841,50000,54348,54351,500,500,-4351
1383,138276922,138276938,138281727,4805,16,4789,50000,54351,54354,500,500,-4354
1384,138376968,138376984,138381736,4768,16,4752,50000,54354,54356,500,500,-4356
1385,138477014,138477030,138481724,4710,16,4694,50000,54356,54359,500,500,-4359
1386,138577060,138577076,138581751,4691,16,4675,50000,54359,54361,500,500,-4361
1387,138677123,138677140,138681737,4614,17,4597,50000,54361,54364,500,500,-4364
1388,138777169,138777185,138781729,4560,16,4544,50000,54364,54366,500,500,-4366
1389,138877215,138877231,138881736,4521,16,4505,50000,54366,54369,500,500,-4369
1390,138977261,138977277,138981725,4464,16,4448,50000,54369,54371,500,500,-4371
1391,139077307,139077323,139081728,4421,16,4405,50000,54371,54374,500,500,-4374
1392,139177353,139177369,139181745,4392,16,4376,50000,54374,54376,500,500,-4376
1393,139277399,139277415,139281732,4333,16,4317,50000,54376,54379,500,500,-4379
1394,139377446,139377462,139381725,4279,16,4263,50000,54379,54381,500,500,-4381
1395,139477492,139477508,139481735,4243,16,4227,50000,54381,54384,500,500,-4384
1396,139577538,139577554,139581725,4187,16,4171,50000,54384,54386,500,500,-4386
1397,139677585,139677601,139681727,4142,16,4126,50000,54386,54389,500,500,-4389
1398,139777631,139777647,139781726,4095,16,4079,50000,54389,54391,500,500,-4391
1399,139877677,139877693,139881725,4048,16,4032,50000,54391,54394,500,500,-4394
1400,139977724,139977740,139984599,6875,16,6859,50000,54394,54396,500,500,-4396
1401,140077774,140077790,140081675,3901,16,3885,50000,54396,54399,500,500,-4399
1402,140177819,140177835,140181744,3925,16,3909,50000,54399,54401,500,500,-4401
1403,140277865,140277881,140281724,3859,16,3843,50000,54401,54403,500,500,-4403
1404,140377911,140377927,140381732,3821,16,3805,50000,54403,54406,500,500,-4406
1405,140477958,140477974,140481728,3770,16,3754,50000,54406,54408,500,500,-4408
1406,140578004,140578020,140581724,3720,16,3704,50000,54408,54410,500,500,-4410
1407,140678051,140678067,140681731,3680,16,3664,50000,54410,54413,500,500,-4413
1408,140778097,140778113,140781726,3629,16,3613,50000,54413,54415,500,500,-4415
1409,140878143,140878159,140881727,3584,16,3568,50000,54415,54418,500,500,-4418
1410,140978189,140978205,140981735,3546,16,3530,50000,54418,54420,500,500,-4420
1411,141078235,141078252,141081721,3486,17,3469,50000,54420,54422,500,500,-4422
1412,141178282,141178298,141181752,3470,16,3454,50000,54422,54424,500,500,-4424
1413,141278346,141278362,141281746,3400,16,3384,50000,54424,54427,500,500,-4427
1414,141378392,141378408,141381740,3348,16,3332,50000,54427,54429,500,500,-4429
1415,141478439,141478455,141481736,3297,16,3281,50000,54429,54431,500,500,-4431
1416,141578485,141578501,141581724,3239,16,3223,50000,54431,54434,500,500,-4434
1417,141678531,141678547,141681719,3188,16,3172,50000,54434,54436,500,500,-4436
1418,141778577,141778593,141781735,3158,16,3142,50000,54436,54438,500,500,-4438
1419,141878623,141878639,141881729,3106,16,3090,50000,54438,54440,500,500,-4440
1420,141978670,141978686,141981720,3050,16,3034,50000,54440,54443,500,500,-4443
1421,142078715,142078731,142081723,3008,16,2992,50000,54443,54445,500,500,-4445
1422,142178762,142178778,142181732,2970,16,2954,50000,54445,54447,500,500,-4447
1423,142278808,142278824,142281724,2916,16,2900,50000,54447,54449,500,500,-4449
1424,142378854,142378870,142381731,2877,16,2861,50000,54449,54452,500,500,-4452
1425,142478900,142478917,142481729,2829,17,2812,50000,54452,54454,500,500,-4454
1426,142578946,142578963,142581882,2936,17,2919,50000,54454,54456,500,500,-4456
1427,142678992,142679008,142681964,2972,16,2956,50000,54456,54458,500,500,-4458
1428,142779038,142779054,142782031,2993,16,2977,50000,54458,54460,500,500,-4460
1429,142879083,142879100,142882106,3023,17,3006,50000,54460,54462,500,500,-4462
1430,142979129,142979145,142982153,3024,16,3008,50000,54462,54465,500,500,-4465
1431,143079194,143079210,143082237,3043,16,3027,50000,54465,54467,500,500,-4467
1432,143179239,143179255,143182292,3053,16,3037,50000,54467,54469,500,500,-4469
1433,143279286,143279302,143282359,3073,16,3057,50000,54469,54471,500,500,-4471
1434,143379353,143379369,143382455,3102,16,3086,50000,54471,54473,500,500,-4473
1435,143479398,143479414,143482502,3104,16,3088,50000,54473,54475,500,500,-4475
1436,143579463,143579478,143582572,3109,15,3094,50000,54475,54477,500,500,-4477
1437,143679529,143679545,143682644,3115,16,3099,50000,54477,54479,500,500,-4479
1438,143779576,143779592,143782664,3088,16,3072,50000,54479,54481,500,500,-4481
1439,143879622,143879638,143882676,3054,16,3038,50000,54481,54484,500,500,-4484
1440,143979668,143979684,143982683,3015,16,2999,50000,54484,54486,500,500,-4486
1441,144079713,144079729,144082677,2964,16,2948,50000,54486,54488,500,500,-4488
1442,144179758,144179774,144182668,2910,16,2894,50000,54488,54490,500,500,-4490
1443,144279804,144279820,144282668,2864,16,2848,50000,54490,54492,500,500,-4492
1444,144379849,144379866,144382671,2822,17,2805,50000,54492,54494,500,500,-4494
1445,144479895,144479911,144481697,1802,16,1786,50000,54494,54496,500,500,-4496
1446,144579941,144579957,144591750,11809,16,11793,50000,54496,54498,500,500,-4498
1447,144679987,144680003,144691751,11764,16,11748,50000,54498,54500,500,500,-4500
1448,144780033,144780049,144791737,11704,16,11688,50000,54500,54502,500,500,-4502
1449,144880079,144880095,144891747,11668,16,11652,50000,54502,54504,500,500,-4504
1450,144980126,144980142,144991755,11629,16,11613,50000,54504,54506,500,500,-4506
1451,145080171,145080188,145091742,11571,17,11554,50000,54506,54508,500,500,-4508
1452,145180230,145180246,145191737,11507,16,11491,50000,54508,54510,500,500,-4510
1453,145280276,145280292,145291741,11465,16,11449,50000,54510,54512,500,500,-4512
1454,145380321,145380337,145391737,11416,16,11400,50000,54512,54514,500,500,-4514
1455,145480367,145480384,145491720,11353,17,11336,50000,54514,54516,500,500,-4516
1456,145580432,145580449,145591727,11295,17,11278,50000,54516,54518,500,500,-4518
1457,145680479,145680495,145691728,11249,16,11233,50000,54518,54519,500,500,-4519
1458,145780524,145780540,145791733,11209,16,11193,50000,54519,54521,500,500,-4521
1459,145880571,145880587,145891723,11152,16,11136,50000,54521,54523,500,500,-4523
1460,145980616,145980632,145991740,11124,16,11108,50000,54523,54525,500,500,-4525
1461,146080663,146080679,146091727,11064,16,11048,50000,54525,54527,500,500,-4527
1462,146180709,146180725,146191732,11023,16,11007,50000,54527,54529,500,500,-4529
1463,146280755,146280771,146291727,10972,16,10956,50000,54529,54531,500,500,-4531
1464,146380801,146380817,146391737,10936,16,10920,50000,54531,54533,500,500,-4533
1465,146480847,146480863,146491725,10878,16,10862,50000,54533,54535,500,500,-4535
1466,146580893,146580909,146591720,10827,16,10811,50000,54535,54536,500,500,-4536
1467,146680939,146680954,146691763,10824,15,10809,50000,54536,54538,500,500,-4538
1468,146780988,146781003,146791751,10763,15,10748,50000,54538,54540,500,500,-4540
1469,146881034,146881050,146891743,10709,16,10693,50000,54540,54542,500,500,-4542
1470,146981081,146981097,146991728,10647,16,10631,50000,54542,54544,500,500,-4544
1471,147081128,147081144,147091722,10594,16,10578,50000,54544,54546,500,500,-4546
1472,147181176,147181192,147191713,10537,16,10521,50000,54546,54547,500,500,-4547
1473,147281223,147281239,147291732,10509,16,10493,50000,54547,54549,500,500,-4549
1474,147381270,147381287,147391734,10464,17,10447,50000,54549,54551,500,500,-4551
1475,147481318,147481335,147491721,10403,17,10386,50000,54551,54553,500,500,-4553
1476,147581366,147581382,147591736,10370,16,10354,50000,54553,54555,500,500,-4555
1477,147681414,147681430,147691732,10318,16,10302,50000,54555,54556,500,500,-4556
1478,147781461,147781477,147791736,10275,16,10259,50000,54556,54558,500,500,-4558
1479,147881510,147881526,147891725,10215,16,10199,50000,54558,54560,500,500,-4560
1480,147981557,147981574,147991714,10157,17,10140,50000,54560,54562,500,500,-4562
1481,148081605,148081621,148091732,10127,16,10111,50000,54562,54564,500,500,-4564
1482,148181652,148181669,148191735,10083,17,10066,50000,54564,54565,500,500,-4565
1483,148281700,148281716,148291721,10021,16,10005,50000,54565,54567,500,500,-4567
1484,148381748,148381764,148391738,9990,16,9974,50000,54567,54569,500,500,-4569
1485,148481795,148481811,148491727,9932,16,9916,50000,54569,54570,500,500,-4570
1486,148581843,148581859,148591720,9877,16,9861,50000,54570,54572,500,500,-4572
1487,148681891,148681907,148691727,9836,16,9820,50000,54572,54574,500,500,-4574
1488,148781939,148781955,148791736,9797,16,9781,50000,54574,54576,500,500,-4576
1489,148881986,148882023,148891723,9737,37,9700,50000,54576,54577,500,500,-4577
1490,148982033,148982050,148991718,9685,17,9668,50000,54577,54579,500,500,-4579
1491,149082080,149082096,149091730,9650,16,9634,50000,54579,54581,500,500,-4581
1492,149182128,149182144,149191735,9607,16,9591,50000,54581,54582,500,500,-4582
1493,149282175,149282191,149291721,9546,16,9530,50000,54582,54584,500,500,-4584
1494,149382221,149382237,149391747,9526,16,9510,50000,54584,54586,500,500,-4586
1495,149482269,149482285,149491753,9484,16,9468,50000,54586,54587,500,500,-4587
1496,149582315,149582331,149591749,9434,16,9418,50000,54587,54589,500,500,-4589
1497,149682362,149682378,149691738,9376,16,9360,50000,54589,54591,500,500,-4591
1498,149782409,149782425,149791726,9317,16,9301,50000,54591,54592,500,500,-4592
1499,149882456,149882472,149891719,9263,16,9247,50000,54592,54594,500,500,-4594
1500,149982504,149982520,149995560,13056,16,13040,50000,54594,54596,500,500,-4596
1501,150082553,150082569,150091679,9126,16,9110,50000,54596,54597,500,500,-4597
1502,150182601,150182617,150191723,9122,16,9106,50000,54597,54599,500,500,-4599
1503,150282652,150282667,150291719,9067,15,9052,50000,54599,54600,500,500,-4600
1504,150382698,150382715,150391739,9041,17,9024,50000,54600,54602,500,500,-4602
1505,150482747,150482763,150491728,8981,16,8965,50000,54602,54604,500,500,-4604
1506,150582795,150582811,150591733,8938,16,8922,50000,54604,54605,500,500,-4605
1507,150682842,150682858,150691727,8885,16,8869,50000,54605,54607,500,500,-4607
1508,150782889,150782905,150791734,8845,16,8829,50000,54607,54608,500,500,-4608
1509,150882938,150882954,150891728,8790,16,8774,50000,54608,54610,500,500,-4610
1510,150982985,150983001,150991724,8739,16,8723,50000,54610,54611,500,500,-4611
1511,151083032,151083048,151091720,8688,16,8672,50000,54611,54613,500,500,-4613
1512,151183080,151183096,151191714,8634,16,8618,50000,54613,54615,500,500,-4615
1513,151283127,151283143,151291725,8598,16,8582,50000,54615,54616,500,500,-4616
1514,151383175,151383191,151391720,8545,16,8529,50000,54616,54618,500,500,-4618
1515,151483222,151483238,151491727,8505,16,8489,50000,54618,54619,500,500,-4619
1516,151583270,151583286,151591733,8463,16,8447,50000,54619,54621,500,500,-4621
1517,151683317,151683333,151691721,8404,16,8388,50000,54621,54622,500,500,-4622
1518,151783364,151783380,151791725,8361,16,8345,50000,54622,54624,500,500,-4624
1519,151883412,151883428,151891728,8316,16,8300,50000,54624,54625,500,500,-4625
1520,151983460,151983476,151991735,8275,16,8259,50000,54625,54627,500,500,-4627
1521,152083508,152083524,152091724,8216,16,8200,50000,54627,54628,500,500,-4628
1522,152183555,152183571,152191758,8203,16,8187,50000,54628,54630,500,500,-4630
1523,152283622,152283638,152291755,8133,16,8117,50000,54630,54631,500,500,-4631
1524,152383669,152383685,152391757,8088,16,8072,50000,54631,54633,500,500,-4633
1525,152483717,152483733,152491729,8012,16,7996,50000,54633,54634,500,500,-4634
1526,152583765,152583781,152591724,7959,16,7943,50000,54634,54636,500,500,-4636
1527,152683812,152683829,152691720,7908,17,7891,50000,54636,54637,500,500,-4637
1528,152783859,152783876,152791731,7872,17,7855,50000,54637,54638,500,500,-4638
1529,152883908,152883924,152891736,7828,16,7812,50000,54638,54640,500,500,-4640
1530,152983955,152983971,152991722,7767,16,7751,50000,54640,54641,500,500,-4641
1531,153084002,153084019,153091712,7710,17,7693,50000,54641,54643,500,500,-4643
1532,153184049,153184066,153191730,7681,17,7664,50000,54643,54644,500,500,-4644
1533,153284098,153284114,153291734,7636,16,7620,50000,54644,54646,500,500,-4646
1534,153384145,153384161,153391721,7576,16,7560,50000,54646,54647,500,500,-4647
1535,153484193,153484209,153491740,7547,16,7531,50000,54647,54648,500,500,-4648
1536,153584263,153584279,153591729,7466,16,7450,50000,54648,54650,500,500,-4650
1537,153684310,153684326,153691730,7420,16,7404,50000,54650,54651,500,500,-4651
1538,153784358,153784374,153791728,7370,16,7354,50000,54651,54653,500,500,-4653
1539,153884405,153884421,153891746,7341,16,7325,50000,54653,54654,500,500,-4654
1540,153984454,153984470,153991735,7281,16,7265,50000,54654,54655,500,500,-4655
1541,154084500,154084516,154091737,7237,16,7221,50000,54655,54657,500,500,-4657
1542,154184548,154184564,154191724,7176,16,7160,50000,54657,54658,500,500,-4658
1543,154284595,154284611,154291721,7126,16,7110,50000,54658,54660,500,500,-4660
1544,154384643,154384659,154391747,7104,16,7088,50000,54660,54661,500,500,-4661
1545,154484691,154484707,154491735,7044,16,7028,50000,54661,54662,500,500,-4662
1546,154584738,154584754,154591728,6990,16,6974,50000,54662,54664,500,500,-4664
1547,154684786,154684802,154691724,6938,16,6922,50000,54664,54665,500,500,-4665
1548,154784833,154784849,154791722,6889,16,6873,50000,54665,54666,500,500,-4666
1549,154884880,154884896,154891748,6868,16,6852,50000,54666,54668,500,500,-4668
1550,154984928,154984944,154991725,6797,16,6781,50000,54668,54669,500,500,-4669
1551,155084976,155084992,155091718,6742,16,6726,50000,54669,54670,500,500,-4670
1552,155185024,155185040,155191731,6707,16,6691,50000,54670,54672,500,500,-4672
1553,155285072,155285088,155291736,6664,16,6648,50000,54672,54673,500,500,-4673
1554,155385120,155385136,155391723,6603,16,6587,50000,54673,54674,500,500,-4674
1555,155485167,155485183,155491739,6572,16,6556,50000,54674,54676,500,500,-4676
1556,155585215,155585231,155591728,6513,16,6497,50000,54676,54677,500,500,-4677
1557,155685263,155685279,155691722,6459,16,6443,50000,54677,54678,500,500,-4678
1558,155785310,155785326,155791732,6422,16,6406,50000,54678,54679,500,500,-4679
1559,155885359,155885375,155891728,6369,16,6353,50000,54679,54681,500,500,-4681
1560,155985407,155985423,155991737,6330,16,6314,50000,54681,54682,500,500,-4682
1561,156085455,156085471,156091723,6268,16,6252,50000,54682,54683,500,500,-4683
1562,156185502,156185519,156191728,6226,17,6209,50000,54683,54685,500,500,-4685
1563,156285550,156285566,156291735,6185,16,6169,50000,54685,54686,500,500,-4686
1564,156385597,156385614,156391724,6127,17,6110,50000,54686,54687,500,500,-4687
1565,156485645,156485660,156491731,6086,15,6071,50000,54687,54688,500,500,-4688
1566,156585693,156585709,156591728,6035,16,6019,50000,54688,54690,500,500,-4690
1567,156685740,156685756,156691736,5996,16,5980,50000,54690,54691,500,500,-4691
1568,156785788,156785804,156791723,5935,16,5919,50000,54691,54692,500,500,-4692
1569,156885835,156885851,156891738,5903,16,5887,50000,54692,54693,500,500,-4693
1570,156985885,156985901,156991755,5870,16,5854,50000,54693,54694,500,500,-4694
1571,157085932,157085948,157091742,5810,16,5794,50000,54694,54696,500,500,-4696
1572,157185980,157185995,157191736,5756,15,5741,50000,54696,54697,500,500,-4697
1573,157286026,157286042,157291726,5700,16,5684,50000,54697,54698,500,500,-4698
1574,157386074,157386090,157391732,5658,16,5642,50000,54698,54699,500,500,-4699
1575,157486122,157486138,157491728,5606,16,5590,50000,54699,54701,500,500,-4701
1576,157586169,157586185,157591731,5562,16,5546,50000,54701,54702,500,500,-4702
1577,157686218,157686234,157691737,5519,16,5503,50000,54702,54703,500,500,-4703
1578,157786264,157786280,157791722,5458,16,5442,50000,54703,54704,500,500,-4704
1579,157886311,157886327,157891719,5408,16,5392,50000,54704,54705,500,500,-4705
1580,157986360,157986376,157991737,5377,16,5361,50000,54705,54706,500,500,-4706
1581,158086408,158086424,158091725,5317,16,5301,50000,54706,54708,500,500,-4708
1582,158186455,158186471,158191710,5255,16,5239,50000,54708,54709,500,500,-4709
1583,158286503,158286519,158291730,5227,16,5211,50000,54709,54710,500,500,-4710
1584,158386552,158386568,158391734,5182,16,5166,50000,54710,54711,500,500,-4711
1585,158486599,158486615,158491722,5123,16,5107,50000,54711,54712,500,500,-4712
1586,158586646,158586662,158591726,5080,16,5064,50000,54712,54713,500,500,-4713
1587,158686694,158686710,158691730,5036,16,5020,50000,54713,54715,500,500,-4715
1588,158786741,158786757,158791723,4982,16,4966,50000,54715,54716,500,500,-4716
1589,158886802,158886818,158891719,4917,16,4901,50000,54716,54717,500,500,-4717
1590,158986848,158986864,158991730,4882,16,4866,50000,54717,54718,500,500,-4718
1591,159086895,159086911,159091724,4829,16,4813,50000,54718,54719,500,500,-4719
1592,159186941,159186957,159191733,4792,16,4776,50000,54719,54720,500,500,-4720
1593,159287004,159287020,159291727,4723,16,4707,50000,54720,54721,500,500,-4721
1594,159387051,159387067,159391727,4676,16,4660,50000,54721,54723,500,500,-4723
1595,159487097,159487113,159491732,4635,16,4619,50000,54723,54724,500,500,-4724
1596,159587144,159587160,159591719,4575,16,4559,50000,54724,54725,500,500,-4725
1597,159687191,159687207,159691761,4570,16,4554,50000,54725,54726,500,500,-4726
1598,159787257,159787273,159791748,4491,16,4475,50000,54726,54727,500,500,-4727
1599,159887304,159887320,159891752,4448,16,4432,50000,54727,54728,500,500,-4728
1600,159987351,159987367,159994610,7259,16,7243,50000,54728,54729,500,500,-4729
1601,160087400,160087416,160091677,4277,16,4261,50000,54729,54730,500,500,-4730
1602,160187446,160187462,160191722,4276,16,4260,50000,54730,54731,500,500,-4731
1603,160287494,160287510,160291730,4236,16,4220,50000,54731,54732,500,500,-4732
1604,160387541,160387557,160391726,4185,16,4169,50000,54732,54733,500,500,-4733
1605,160487586,160487603,160491723,4137,17,4120,50000,54733,54734,500,500,-4734
1606,160587633,160587649,160591732,4099,16,4083,50000,54734,54736,500,500,-4736
1607,160687680,160687696,160691729,4049,16,4033,50000,54736,54737,500,500,-4737
1608,160787725,160787742,160791725,4000,17,3983,50000,54737,54738,500,500,-4738
1609,160887771,160887787,160891724,3953,16,3937,50000,54738,54739,500,500,-4739
1610,160987817,160987834,160991732,3915,17,3898,50000,54739,54740,500,500,-4740
1611,161087864,161087880,161091727,3863,16,3847,50000,54740,54741,500,500,-4741
1612,161187910,161187926,161191723,3813,16,3797,50000,54741,54742,500,500,-4742
1613,161287956,161287972,161291719,3763,16,3747,50000,54742,54743,500,500,-4743
1614,161388003,161388018,161391731,3728,15,3713,50000,54743,54744,500,500,-4744
1615,161488049,161488065,161491726,3677,16,3661,50000,54744,54745,500,500,-4745
1616,161588095,161588111,161591718,3623,16,3607,50000,54745,54746,500,500,-4746
1617,161688141,161688157,161691729,3588,16,3572,50000,54746,54747,500,500,-4747
1618,161788188,161788204,161791735,3547,16,3531,50000,54747,54748,500,500,-4748
1619,161888233,161888249,161891723,3490,16,3474,50000,54748,54749,500,500,-4749
1620,161988280,161988296,161991732,3452,16,3436,50000,54749,54750,500,500,-4750
1621,162088326,162088342,162091728,3402,16,3386,50000,54750,54751,500,500,-4751
1622,162188373,162188389,162191734,3361,16,3345,50000,54751,54752,500,500,-4752
1623,162288419,162288435,162291724,3305,16,3289,50000,54752,54753,500,500,-4753
1624,162388464,162388480,162391746,3282,16,3266,50000,54753,54754,500,500,-4754
1625,162488511,162488527,162491752,3241,16,3225,50000,54754,54755,500,500,-4755
1626,162588557,162588573,162591748,3191,16,3175,50000,54755,54756,500,500,-4756
1627,162688604,162688620,162691738,3134,16,3118,50000,54756,54757,500,500,-4757
1628,162788651,162788668,162791728,3077,17,3060,50000,54757,54758,500,500,-4758
1629,162888697,162888714,162891732,3035,17,3018,50000,54758,54759,500,500,-4759
1630,162988744,162988761,162991727,2983,17,2966,50000,54759,54760,500,500,-4760
1631,163088790,163088806,163091729,2939,16,2923,50000,54760,54761,500,500,-4761
1632,163188837,163188852,163191734,2897,15,2882,50000,54761,54762,500,500,-4762
1633,163288882,163288898,163291721,2839,16,2823,50000,54762,54763,500,500,-4763
1634,163388929,163388945,163391879,2950,16,2934,50000,54763,54764,500,500,-4764
1635,163488974,163488991,163491959,2985,17,2968,50000,54764,54765,500,500,-4765
1636,163589020,163589036,163592025,3005,16,2989,50000,54765,54765,500,500,-4765
1637,163689065,163689081,163692090,3025,16,3009,50000,54765,54766,500,500,-4766
1638,163789110,163789126,163792160,3050,16,3034,50000,54766,54767,500,500,-4767
1639,163889156,163889172,163892227,3071,16,3055,50000,54767,54768,500,500,-4768
1640,163989201,163989217,163992294,3093,16,3077,50000,54768,54769,500,500,-4769
1641,164089246,164089263,164092341,3095,17,3078,50000,54769,54770,500,500,-4770
1642,164189314,164189330,164192434,3120,16,3104,50000,54770,54771,500,500,-4771
1643,164289359,164289376,164292494,3135,17,3118,50000,54771,54772,500,500,-4772
1644,164389406,164389422,164392575,3169,16,3153,50000,54772,54773,500,500,-4773
1645,164489451,164489467,164492624,3173,16,3157,50000,54773,54774,500,500,-4774
1646,164589516,164589532,164592666,3150,16,3134,50000,54774,54775,500,500,-4775
1647,164689580,164689596,164692661,3081,16,3065,50000,54775,54776,500,500,-4776
1648,164789625,164789642,164792672,3047,17,3030,50000,54776,54777,500,500,-4777
1649,164889671,164889687,164892665,2994,16,2978,50000,54777,54777,500,500,-4777
1650,164989717,164989733,164992662,2945,16,2929,50000,54777,54778,500,500,-4778
1651,165089762,165089778,165092664,2902,16,2886,50000,54778,54779,500,500,-4779
1652,165189808,165189824,165192690,2882,16,2866,50000,54779,54780,500,500,-4780
1653,165289854,165289870,165291695,1841,16,1825,50000,54780,54781,500,500,-4781
1654,165389900,165389915,165391800,1900,15,1885,50000,54781,54782,500,500,-4782
1655,165489946,165489962,165501655,11709,16,11693,50000,54782,54783,500,500,-4783
1656,165589992,165590008,165601753,11761,16,11745,50000,54783,54784,500,500,-4784
1657,165690038,165690054,165701737,11699,16,11683,50000,54784,54784,500,500,-4784
1658,165790084,165790101,165801748,11664,17,11647,50000,54784,54785,500,500,-4785
1659,165890130,165890146,165901741,11611,16,11595,50000,54785,54786,500,500,-4786
1660,165990177,165990206,166001740,11563,29,11534,50000,54786,54787,500,500,-4787
1661,166090232,166090248,166101742,11510,16,11494,50000,54787,54788,500,500,-4788
1662,166190278,166190294,166201743,11465,16,11449,50000,54788,54789,500,500,-4789
1663,166290323,166290340,166301751,11428,17,11411,50000,54789,54790,500,500,-4790
1664,166390370,166390386,166401721,11351,16,11335,50000,54790,54790,500,500,-4790
1665,166490433,166490449,166501744,11311,16,11295,50000,54790,54791,500,500,-4791
1666,166590480,166590496,166601733,11253,16,11237,50000,54791,54792,500,500,-4792
1667,166690526,166690542,166701735,11209,16,11193,50000,54792,54793,500,500,-4793
1668,166790572,166790588,166801724,11152,16,11136,50000,54793,54794,500,500,-4794
1669,166890617,166890633,166901718,11101,16,11085,50000,54794,54795,500,500,-4795
1670,166990664,166990680,167001727,11063,16,11047,50000,54795,54795,500,500,-4795
1671,167090710,167090726,167101723,11013,16,10997,50000,54795,54796,500,500,-4796
1672,167190756,167190772,167201728,10972,16,10956,50000,54796,54797,500,500,-4797
1673,167290802,167290818,167301726,10924,16,10908,50000,54797,54798,500,500,-4798
1674,167390848,167390865,167401733,10885,17,10868,50000,54798,54799,500,500,-4799
1675,167490895,167490911,167501724,10829,16,10813,50000,54799,54799,500,500,-4799
1676,167590941,167590957,167601741,10800,16,10784,50000,54799,54800,500,500,-4800
1677,167690987,167691003,167701727,10740,16,10724,50000,54800,54801,500,500,-4801
1678,167791033,167791049,167801720,10687,16,10671,50000,54801,54802,500,500,-4802
1679,167891079,167891095,167901734,10655,16,10639,50000,54802,54803,500,500,-4803
1680,167991127,167991142,168001757,10630,15,10615,50000,54803,54803,500,500,-4803
1681,168091174,168091190,168101762,10588,16,10572,50000,54803,54804,500,500,-4804
1682,168191221,168191237,168201732,10511,16,10495,50000,54804,54805,500,500,-4805
1683,168291269,168291285,168301725,10456,16,10440,50000,54805,54806,500,500,-4806
1684,168391316,168391333,168401731,10415,17,10398,50000,54806,54807,500,500,-4807
1685,168491365,168491381,168501726,10361,16,10345,50000,54807,54807,500,500,-4807
1686,168591412,168591428,168601727,10315,16,10299,50000,54807,54808,500,500,-4808
1687,168691460,168691476,168701733,10273,16,10257,50000,54808,54809,500,500,-4809
1688,168791507,168791524,168801720,10213,17,10196,50000,54809,54810,500,500,-4810
1689,168891555,168891571,168901732,10177,16,10161,50000,54810,54810,500,500,-4810
1690,168991603,168991619,169001735,10132,16,10116,50000,54810,54811,500,500,-4811
1691,169091650,169091666,169101721,10071,16,10055,50000,54811,54812,500,500,-4812
1692,169191698,169191715,169201729,10031,17,10014,50000,54812,54813,500,500,-4813
1693,169291746,169291762,169301735,9989,16,9973,50000,54813,54813,500,500,-4813
1694,169391793,169391810,169401724,9931,17,9914,50000,54813,54814,500,500,-4814
1695,169491842,169491858,169501715,9873,16,9857,50000,54814,54815,500,500,-4815
1696,169591889,169591905,169601739,9850,16,9834,50000,54815,54816,500,500,-4816
1697,169691937,169691953,169701742,9805,16,9789,50000,54816,54816,500,500,-4816
1698,169791985,169792020,169801729,9744,35,9709,50000,54816,54817,500,500,-4817
1699,169892038,169892054,169901725,9687,16,9671,50000,54817,54818,500,500,-4818
1700,169992085,169992102,170005555,13470,17,13453,50000,54818,54819,500,500,-4819
1701,170092134,170092150,170101691,9557,16,9541,50000,54819,54819,500,500,-4819
1702,170192180,170192196,170201735,9555,16,9539,50000,54819,54820,500,500,-4820
1703,170292229,170292245,170301740,9511,16,9495,50000,54820,54821,500,500,-4821
1704,170392275,170392292,170401728,9453,17,9436,50000,54821,54821,500,500,-4821
1705,170492321,170492337,170501735,9414,16,9398,50000,54821,54822,500,500,-4822
1706,170592369,170592385,170601723,9354,16,9338,50000,54822,54823,500,500,-4823
1707,170692416,170692432,170701745,9329,16,9313,50000,54823,54824,500,500,-4824
1708,170792464,170792480,170801725,9261,16,9245,50000,54824,54824,500,500,-4824
1709,170892510,170892526,170901721,9211,16,9195,50000,54824,54825,500,500,-4825
1710,170992557,170992573,171001729,9172,16,9156,50000,54825,54826,500,500,-4826
1711,171092605,171092621,171101733,9128,16,9112,50000,54826,54826,500,500,-4826
1712,171192652,171192668,171201721,9069,16,9053,50000,54826,54827,500,500,-4827
1713,171292699,171292715,171301732,9033,16,9017,50000,54827,54828,500,500,-4828
1714,171392747,171392763,171401736,8989,16,8973,50000,54828,54828,500,500,-4828
1715,171492794,171492810,171501723,8929,16,8913,50000,54828,54829,500,500,-4829
1716,171592842,171592858,171601737,8895,16,8879,50000,54829,54830,500,500,-4830
1717,171692890,171692906,171701732,8842,16,8826,50000,54830,54830,500,500,-4830
1718,171792937,171792953,171801723,8786,16,8770,50000,54830,54831,500,500,-4831
1719,171892984,171893000,171901718,8734,16,8718,50000,54831,54832,500,500,-4832
1720,171993032,171993048,172001739,8707,16,8691,50000,54832,54833,500,500,-4833
1721,172093080,172093096,172101728,8648,16,8632,50000,54833,54833,500,500,-4833
1722,172193127,172193143,172201721,8594,16,8578,50000,54833,54834,500,500,-4834
1723,172293174,172293190,172301728,8554,16,8538,50000,54834,54835,500,500,-4835
1724,172393222,172393238,172401729,8507,16,8491,50000,54835,54835,500,500,-4835
1725,172493269,172493285,172501731,8462,16,8446,50000,54835,54836,500,500,-4836
1726,172593316,172593333,172601720,8404,17,8387,50000,54836,54837,500,500,-4837
1727,172693363,172693379,172701759,8396,16,8380,50000,54837,54837,500,500,-4837
1728,172793432,172793448,172801746,8314,16,8298,50000,54837,54838,500,500,-4838
1729,172893479,172893495,172901753,8274,16,8258,50000,54838,54838,500,500,-4838
1730,172993527,172993543,173001728,8201,16,8185,50000,54838,54839,500,500,-4839
1731,173093575,173093591,173101723,8148,16,8132,50000,54839,54840,500,500,-4840
1732,173193622,173193638,173201732,8110,16,8094,50000,54840,54840,500,500,-4840
1733,173293671,173293687,173301735,8064,16,8048,50000,54840,54841,500,500,-4841
1734,173393718,173393734,173401726,8008,16,7992,50000,54841,54842,500,500,-4842
1735,173493765,173493782,173501726,7961,17,7944,50000,54842,54842,500,500,-4842
1736,173593814,173593830,173601734,7920,16,7904,50000,54842,54843,500,500,-4843
1737,173693861,173693877,173701728,7867,16,7851,50000,54843,54844,500,500,-4844
1738,173793908,173793924,173801735,7827,16,7811,50000,54844,54844,500,500,-4844
1739,173893956,173893972,173901723,7767,16,7751,50000,54844,54845,500,500,-4845
1740,173994003,173994019,174001730,7727,16,7711,50000,54845,54845,500,500,-4845
1741,174094052,174094068,174101736,7684,16,7668,50000,54845,54846,500,500,-4846
1742,174194100,174194115,174201724,7624,15,7609,50000,54846,54847,500,500,-4847
1743,174294146,174294163,174301732,7586,17,7569,50000,54847,54847,500,500,-4847
1744,174394194,174394210,174401729,7535,16,7519,50000,54847,54848,500,500,-4848
1745,174494243,174494259,174501733,7490,16,7474,50000,54848,54848,500,500,-4848
1746,174594290,174594306,174601723,7433,16,7417,50000,54848,54849,500,500,-4849
1747,174694338,174694354,174701728,7390,16,7374,50000,54849,54850,500,500,-4850
1748,174794386,174794402,174801729,7343,16,7327,50000,54850,54850,500,500,-4850
1749,174894433,174894449,174901722,7289,16,7273,50000,54850,54851,500,500,-4851
1750,174994481,174994497,175001720,7239,16,7223,50000,54851,54851,500,500,-4851
1751,175094528,175094544,175101741,7213,16,7197,50000,54851,54852,500,500,-4852
1752,175194577,175194593,175201730,7153,16,7137,50000,54852,54853,500,500,-4853
1753,175294623,175294639,175301732,7109,16,7093,50000,54853,54853,500,500,-4853
1754,175394672,175394688,175401736,7064,16,7048,50000,54853,54854,500,500,-4854
1755,175494720,175494736,175501754,7034,16,7018,50000,54854,54854,500,500,-4854
1756,175594767,175594783,175601748,6981,16,6965,50000,54854,54855,500,500,-4855
1757,175694815,175694831,175701732,6917,16,6901,50000,54855,54856,500,500,-4856
1758,175794862,175794878,175801734,6872,16,6856,50000,54856,54856,500,500,-4856
1759,175894910,175894926,175901723,6813,16,6797,50000,54856,54857,500,500,-4857
1760,175994957,175994973,176001730,6773,16,6757,50000,54857,54857,500,500,-4857
1761,176095005,176095021,176101738,6733,16,6717,50000,54857,54858,500,500,-4858
1762,176195053,176195069,176201725,6672,16,6656,50000,54858,54858,500,500,-4858
1763,176295100,176295116,176301733,6633,16,6617,50000,54858,54859,500,500,-4859
1764,176395149,176395165,176401728,6579,16,6563,50000,54859,54860,500,500,-4860
1765,176495196,176495212,176501728,6532,16,6516,50000,54860,54860,500,500,-4860
1766,176595244,176595260,176601723,6479,16,6463,50000,54860,54861,500,500,-4861
1767,176695291,176695308,176701721,6430,17,6413,50000,54861,54861,500,500,-4861
1768,176795339,176795356,176801736,6397,17,6380,50000,54861,54862,500,500,-4862
1769,176895387,176895404,176901727,6340,17,6323,50000,54862,54862,500,500,-4862
1770,176995434,176995450,177001720,6286,16,6270,50000,54862,54863,500,500,-4863
1771,177095482,177095498,177101722,6240,16,6224,50000,54863,54863,500,500,-4863
1772,177195530,177195546,177201728,6198,16,6182,50000,54863,54864,500,500,-4864
1773,177295577,177295593,177301723,6146,16,6130,50000,54864,54865,500,500,-4865
1774,177395625,177395641,177401719,6094,16,6078,50000,54865,54865,500,500,-4865
1775,177495672,177495688,177501727,6055,16,6039,50000,54865,54866,500,500,-4866
1776,177595720,177595736,177601728,6008,16,5992,50000,54866,54866,500,500,-4866
1777,177695767,177695784,177701735,5968,17,5951,50000,54866,54867,500,500,-4867
1778,177795816,177795832,177801727,5911,16,5895,50000,54867,54867,500,500,-4867
1779,177895864,177895880,177901727,5863,16,5847,50000,54867,54868,500,500,-4868
1780,177995911,177995928,178001734,5823,17,5806,50000,54868,54868,500,500,-4868
1781,178095960,178095976,178101722,5762,16,5746,50000,54868,54869,500,500,-4869
1782,178196007,178196023,178201756,5749,16,5733,50000,54869,54869,500,500,-4869
1783,178296075,178296091,178301750,5675,16,5659,50000,54869,54870,500,500,-4870
1784,178396122,178396138,178401742,5620,16,5604,50000,54870,54870,500,500,-4870
1785,178496170,178496186,178501736,5566,16,5550,50000,54870,54871,500,500,-4871
1786,178596218,178596234,178601724,5506,16,5490,50000,54871,54871,500,500,-4871
1787,178696266,178696282,178701719,5453,16,5437,50000,54871,54872,500,500,-4872
1788,178796313,178796329,178801731,5418,16,5402,50000,54872,54872,500,500,-4872
1789,178896361,178896377,178901725,5364,16,5348,50000,54872,54873,500,500,-4873
1790,178996409,178996425,179001718,5309,16,5293,50000,54873,54873,500,500,-4873
1791,179096456,179096472,179101728,5272,16,5256,50000,54873,54874,500,500,-4874
1792,179196504,179196520,179201739,5235,16,5219,50000,54874,54875,500,500,-4875
1793,179296552,179296568,179301727,5175,16,5159,50000,54875,54875,500,500,-4875
1794,179396599,179396615,179401734,5135,16,5119,50000,54875,54876,500,500,-4876
1795,179496646,179496662,179501722,5076,16,5060,50000,54876,54876,500,500,-4876
1796,179596694,179596710,179601731,5037,16,5021,50000,54876,54877,500,500,-4877
1797,179696742,179696758,179701736,4994,16,4978,50000,54877,54877,500,500,-4877
1798,179796803,179796818,179801722,4919,15,4904,50000,54877,54877,500,500,-4877
1799,179896849,179896865,179901725,4876,16,4860,50000,54877,54878,500,500,-4878
1800,179996896,179996911,180004608,7712,15,7697,50000,54878,54878,500,500,-4878
