sequence,cycle_started_us,command_sent_us,response_completed_us,full_loop_us,pre_send_us,transport_us,setpoint_milli_c,observed_milli_c,measured_milli_c,command_actuator_permille,status_actuator_permille,error_milli_c
1,5386,5402,108303,102917,16,102901,45000,20000,20140,500,500,24860
2,108847,108862,122283,13436,15,13421,45000,20140,20279,500,500,24721
3,209262,209279,212340,3078,17,3061,45000,20279,20418,500,500,24582
4,309308,309324,312372,3064,16,3048,45000,20418,20557,500,500,24443
5,409357,409372,412367,3010,15,2995,45000,20557,20694,500,500,24306
6,509401,509418,512365,2964,17,2947,45000,20694,20832,500,500,24168
7,609447,609463,612376,2929,16,2913,45000,20832,20968,500,500,24032
8,709492,709508,712371,2879,16,2863,45000,20968,21104,500,500,23896
9,809536,809552,812374,2838,16,2822,45000,21104,21240,500,500,23760
10,909582,909598,911389,1807,16,1791,45000,21240,21375,500,500,23625
11,1009627,1009643,1011497,1870,16,1854,45000,21375,21510,500,500,23490
12,1109672,1109689,1121656,11984,17,11967,45000,21510,21644,500,500,23356
13,1209718,1209734,1221759,12041,16,12025,45000,21644,21777,500,500,23223
14,1309764,1309780,1321357,11593,16,11577,45000,21777,21910,500,500,23090
15,1409810,1409826,1421453,11643,16,11627,45000,21910,22042,500,500,22958
16,1509855,1509872,1521478,11623,17,11606,45000,22042,22174,500,500,22826
17,1609921,1609937,1621562,11641,16,11625,45000,22174,22305,500,500,22695
18,1709966,1709982,1721595,11629,16,11613,45000,22305,22436,500,500,22564
19,1810032,1810048,1821646,11614,16,11598,45000,22436,22566,500,500,22434
20,1910098,1910114,1921729,11631,16,11615,45000,22566,22696,500,500,22304
21,2010143,2010159,2021772,11629,16,11613,45000,22696,22825,500,500,22175
22,2110190,2110206,2121820,11630,16,11614,45000,22825,22954,500,500,22046
23,2210254,2210270,2221881,11627,16,11611,45000,22954,23082,500,500,21918
24,2310300,2310331,2321937,11637,31,11606,45000,23082,23210,500,500,21790
25,2410350,2410366,2421975,11625,16,11609,45000,23210,23337,500,500,21663
26,2510411,2510428,2522031,11620,17,11603,45000,23337,23464,500,500,21536
27,2610457,2610473,2622073,11616,16,11600,45000,23464,23590,500,500,21410
28,2710520,2710536,2722164,11644,16,11628,45000,23590,23715,500,500,21285
29,2810565,2810581,2822195,11630,16,11614,45000,23715,23841,500,500,21159
30,2910630,2910646,2922252,11622,16,11606,45000,23841,23965,500,500,21035
31,3010677,3010693,3022302,11625,16,11609,45000,23965,24089,500,500,20911
32,3110742,3110758,3122411,11669,16,11653,45000,24089,24213,500,500,20787
33,3210787,3210803,3222410,11623,16,11607,45000,24213,24336,500,500,20664
34,3310833,3310849,3322398,11565,16,11549,45000,24336,24459,500,500,20541
35,3410878,3410894,3422385,11507,16,11491,45000,24459,24581,500,500,20419
36,3510923,3510939,3522386,11463,16,11447,45000,24581,24703,500,500,20297
37,3610968,3610984,3622379,11411,16,11395,45000,24703,24824,500,500,20176
38,3711012,3711028,3722376,11364,16,11348,45000,24824,24945,500,500,20055
39,3811057,3811073,3822367,11310,16,11294,45000,24945,25065,500,500,19935
40,3911101,3911117,3922372,11271,16,11255,45000,25065,25185,500,500,19815
41,4011147,4011163,4022373,11226,16,11210,45000,25185,25304,500,500,19696
42,4111192,4111208,4122373,11181,16,11165,45000,25304,25423,500,500,19577
43,4211239,4211255,4222368,11129,16,11113,45000,25423,25541,500,500,19459
44,4311285,4311301,4322365,11080,16,11064,45000,25541,25659,500,500,19341
45,4411332,4411348,4422374,11042,16,11026,45000,25659,25776,500,500,19224
46,4511378,4511395,4522368,10990,17,10973,45000,25776,25893,500,500,19107
47,4611424,4611440,4622366,10942,16,10926,45000,25893,26009,500,500,18991
48,4711471,4711487,4722377,10906,16,10890,45000,26009,26125,500,500,18875
49,4811517,4811534,4822369,10852,17,10835,45000,26125,26241,500,500,18759
50,4911564,4911580,4922369,10805,16,10789,45000,26241,26356,500,500,18644
51,5011611,5011627,5022365,10754,16,10738,45000,26356,26470,500,500,18530
52,5111658,5111674,5122376,10718,16,10702,45000,26470,26585,500,500,18415
53,5211705,5211721,5222368,10663,16,10647,45000,26585,26698,500,500,18302
54,5311752,5311768,5322367,10615,16,10599,45000,26698,26811,500,500,18189
55,5411799,5411815,5422376,10577,16,10561,45000,26811,26924,500,500,18076
56,5511846,5511862,5522369,10523,16,10507,45000,26924,27037,500,500,17963
57,5611893,5611909,5622372,10479,16,10463,45000,27037,27148,500,500,17852
58,5711939,5711955,5722364,10425,16,10409,45000,27148,27260,500,500,17740
59,5811986,5812002,5822378,10392,16,10376,45000,27260,27371,500,500,17629
60,5912033,5912049,5922370,10337,16,10321,45000,27371,27481,500,500,17519
61,6012080,6012096,6022371,10291,16,10275,45000,27481,27591,500,500,17409
62,6112127,6112143,6122366,10239,16,10223,45000,27591,27701,500,500,17299
63,6212173,6212189,6222389,10216,16,10200,45000,27701,27810,500,500,17190
64,6312238,6312254,6322376,10138,16,10122,45000,27810,27919,500,500,17081
65,6412285,6412301,6422373,10088,16,10072,45000,27919,28027,500,500,16973
66,6512332,6512348,6522372,10040,16,10024,45000,28027,28135,500,500,16865
67,6612378,6612395,6622371,9993,17,9976,45000,28135,28243,500,500,16757
68,6712426,6712442,6722364,9938,16,9922,45000,28243,28350,500,500,16650
69,6812472,6812505,6822375,9903,33,9870,45000,28350,28456,500,500,16544
70,6912534,6912550,6922370,9836,16,9820,45000,28456,28562,500,500,16438
71,7012579,7012595,7022372,9793,16,9777,45000,28562,28668,500,500,16332
72,7112626,7112643,7122373,9747,17,9730,45000,28668,28773,500,500,16227
73,7212672,7212688,7222374,9702,16,9686,45000,28773,28878,500,500,16122
74,7312718,7312734,7322368,9650,16,9634,45000,28878,28983,500,500,16017
75,7412763,7412779,7422366,9603,16,9587,45000,28983,29087,500,500,15913
76,7512809,7512825,7522377,9568,16,9552,45000,29087,29191,500,500,15809
77,7612856,7612872,7622363,9507,16,9491,45000,29191,29294,500,500,15706
78,7712901,7712917,7722368,9467,16,9451,45000,29294,29397,500,500,15603
79,7812947,7812963,7822374,9427,16,9411,45000,29397,29499,500,500,15501
80,7912992,7913008,7922372,9380,16,9364,45000,29499,29601,500,500,15399
81,8013038,8013054,8022369,9331,16,9315,45000,29601,29703,500,500,15297
82,8113084,8113100,8122369,9285,16,9269,45000,29703,29804,500,500,15196
83,8213130,8213145,8222373,9243,15,9228,45000,29804,29905,500,500,15095
84,8313176,8313192,8322369,9193,16,9177,45000,29905,30005,500,500,14995
85,8413220,8413236,8422368,9148,16,9132,45000,30005,30105,500,500,14895
86,8513267,8513283,8522374,9107,16,9091,45000,30105,30205,500,500,14795
87,8613313,8613329,8622369,9056,16,9040,45000,30205,30304,500,500,14696
88,8713359,8713375,8722369,9010,16,8994,45000,30304,30403,500,500,14597
89,8813405,8813421,8822368,8963,16,8947,45000,30403,30501,500,500,14499
90,8913451,8913467,8922378,8927,16,8911,45000,30501,30599,500,500,14401
91,9013497,9013513,9022372,8875,16,8859,45000,30599,30697,500,500,14303
92,9113543,9113559,9122376,8833,16,8817,45000,30697,30794,500,500,14206
93,9213589,9213605,9222369,8780,16,8764,45000,30794,30891,500,500,14109
94,9313635,9313651,9322366,8731,16,8715,45000,30891,30987,500,500,14013
95,9413679,9413695,9422376,8697,16,8681,45000,30987,31083,500,500,13917
96,9513726,9513742,9522378,8652,16,8636,45000,31083,31179,500,500,13821
97,9613772,9613788,9622372,8600,16,8584,45000,31179,31274,500,500,13726
98,9713817,9713833,9722369,8552,16,8536,45000,31274,31369,500,500,13631
99,9813863,9813879,9822368,8505,16,8489,45000,31369,31463,500,500,13537
100,9913909,9913925,9924279,10370,16,10354,45000,31463,31558,500,500,13442
101,10013958,10013974,10022333,8375,16,8359,45000,31558,31651,500,500,13349
102,10114004,10114020,10122370,8366,16,8350,45000,31651,31745,500,500,13255
103,10214052,10214068,10222374,8322,16,8306,45000,31745,31838,500,500,13162
104,10314098,10314114,10322373,8275,16,8259,45000,31838,31930,500,500,13070
105,10414144,10414160,10422367,8223,16,8207,45000,31930,32023,500,500,12977
106,10514190,10514206,10522368,8178,16,8162,45000,32023,32115,500,500,12885
107,10614236,10614252,10622372,8136,16,8120,45000,32115,32206,500,500,12794
108,10714281,10714297,10722371,8090,16,8074,45000,32206,32297,500,500,12703
109,10814327,10814343,10822367,8040,16,8024,45000,32297,32388,500,500,12612
110,10914372,10914388,10922372,8000,16,7984,45000,32388,32479,500,500,12521
111,11014418,11014434,11022377,7959,16,7943,45000,32479,32569,500,500,12431
112,11114464,11114480,11122369,7905,16,7889,45000,32569,32658,500,500,12342
113,11214509,11214525,11222371,7862,16,7846,45000,32658,32748,500,500,12252
114,11314573,11314590,11322374,7801,17,7784,45000,32748,32837,500,500,12163
115,11414619,11414635,11422370,7751,16,7735,45000,32837,32925,500,500,12075
116,11514664,11514680,11522371,7707,16,7691,45000,32925,33014,500,500,11986
117,11614711,11614726,11622375,7664,15,7649,45000,33014,33102,500,500,11898
118,11714757,11714773,11722369,7612,16,7596,45000,33102,33189,500,500,11811
119,11814802,11814818,11822368,7566,16,7550,45000,33189,33277,500,500,11723
120,11914848,11914864,11922369,7521,16,7505,45000,33277,33363,500,500,11637
121,12014894,12014910,12022376,7482,16,7466,45000,33363,33450,500,500,11550
122,12114940,12114956,12122374,7434,16,7418,45000,33450,33536,500,500,11464
123,12214986,12215002,12222375,7389,16,7373,45000,33536,33622,500,500,11378
124,12315031,12315047,12322371,7340,16,7324,45000,33622,33708,500,500,11292
125,12415077,12415093,12422368,7291,16,7275,45000,33708,33793,500,500,11207
126,12515123,12515139,12522378,7255,16,7239,45000,33793,33878,500,500,11122
127,12615169,12615185,12622374,7205,16,7189,45000,33878,33962,500,500,11038
128,12715215,12715231,12722371,7156,16,7140,45000,33962,34046,500,500,10954
129,12815261,12815277,12822370,7109,16,7093,45000,34046,34130,500,500,10870
130,12915306,12915322,12922367,7061,16,7045,45000,34130,34213,500,500,10787
131,13015352,13015368,13022372,7020,16,7004,45000,34213,34297,500,500,10703
132,13115398,13115414,13122368,6970,16,6954,45000,34297,34379,500,500,10621
133,13215444,13215460,13222369,6925,16,6909,45000,34379,34462,500,500,10538
134,13315489,13315505,13322377,6888,16,6872,45000,34462,34544,500,500,10456
135,13415535,13415551,13422370,6835,16,6819,45000,34544,34626,500,500,10374
136,13515581,13515596,13522368,6787,15,6772,45000,34626,34707,500,500,10293
137,13615626,13615642,13622368,6742,16,6726,45000,34707,34789,500,500,10211
138,13715672,13715688,13722373,6701,16,6685,45000,34789,34869,500,500,10131
139,13815719,13815734,13822370,6651,15,6636,45000,34869,34950,500,500,10050
140,13915764,13915780,13922366,6602,16,6586,45000,34950,35030,500,500,9970
141,14015810,14015826,14022376,6566,16,6550,45000,35030,35110,500,500,9890
142,14115856,14115872,14122369,6513,16,6497,45000,35110,35190,500,500,9810
143,14215901,14215917,14222371,6470,16,6454,45000,35190,35269,500,500,9731
144,14315947,14315963,14322370,6423,16,6407,45000,35269,35348,500,500,9652
145,14415994,14416010,14422374,6380,16,6364,45000,35348,35426,500,500,9574
146,14516040,14516056,14522369,6329,16,6313,45000,35426,35505,500,500,9495
147,14616087,14616103,14622367,6280,16,6264,45000,35505,35583,500,500,9417
148,14716132,14716149,14722374,6242,17,6225,45000,35583,35660,500,500,9340
149,14816179,14816195,14822368,6189,16,6173,45000,35660,35738,500,500,9262
150,14916225,14916241,14922369,6144,16,6128,45000,35738,35815,500,500,9185
151,15016270,15016286,15022365,6095,16,6079,45000,35815,35891,500,500,9109
152,15116316,15116332,15122391,6075,16,6059,45000,35891,35968,500,500,9032
153,15216381,15216397,15222383,6002,16,5986,45000,35968,36044,500,500,8956
154,15316427,15316443,15322382,5955,16,5939,45000,36044,36120,500,500,8880
155,15416472,15416488,15422372,5900,16,5884,45000,36120,36195,500,500,8805
156,15516518,15516534,15522370,5852,16,5836,45000,36195,36271,500,500,8729
157,15616563,15616579,15622366,5803,16,5787,45000,36271,36345,500,500,8655
158,15716610,15716626,15722375,5765,16,5749,45000,36345,36420,500,500,8580
159,15816656,15816672,15822370,5714,16,5698,45000,36420,36494,500,500,8506
160,15916702,15916718,15922368,5666,16,5650,45000,36494,36568,500,500,8432
161,16016748,16016763,16022368,5620,15,5605,45000,36568,36642,500,500,8358
162,16116794,16116810,16122370,5576,16,5560,45000,36642,36716,500,500,8284
163,16216840,16216856,16222366,5526,16,5510,45000,36716,36789,500,500,8211
164,16316885,16316901,16322366,5481,16,5465,45000,36789,36862,500,500,8138
165,16416932,16416948,16422375,5443,16,5427,45000,36862,36934,500,500,8066
166,16516978,16516994,16522369,5391,16,5375,45000,36934,37006,500,500,7994
167,16617024,16617040,16622370,5346,16,5330,45000,37006,37078,500,500,7922
168,16717070,16717086,16722365,5295,16,5279,45000,37078,37150,500,500,7850
169,16817115,16817131,16822374,5259,16,5243,45000,37150,37221,500,500,7779
170,16917162,16917178,16922369,5207,16,5191,45000,37221,37293,500,500,7707
171,17017208,17017224,17022366,5158,16,5142,45000,37293,37363,500,500,7637
172,17117254,17117270,17122376,5122,16,5106,45000,37363,37434,500,500,7566
173,17217301,17217317,17222369,5068,16,5052,45000,37434,37504,500,500,7496
174,17317347,17317363,17322372,5025,16,5009,45000,37504,37574,500,500,7426
175,17417393,17417409,17422368,4975,16,4959,45000,37574,37644,500,500,7356
176,17517439,17517455,17522375,4936,16,4920,45000,37644,37713,500,500,7287
177,17617485,17617501,17622370,4885,16,4869,45000,37713,37782,500,500,7218
178,17717531,17717546,17722368,4837,15,4822,45000,37782,37851,500,500,7149
179,17817577,17817593,17822383,4806,16,4790,45000,37851,37920,500,500,7080
180,17917624,17917640,17922389,4765,16,4749,45000,37920,37988,500,500,7012
181,18017671,18017686,18022383,4712,15,4697,45000,37988,38056,500,500,6944
182,18117717,18117733,18122374,4657,16,4641,45000,38056,38124,500,500,6876
183,18217762,18217778,18222369,4607,16,4591,45000,38124,38192,500,500,6808
184,18317808,18317824,18322369,4561,16,4545,45000,38192,38259,500,500,6741
185,18417854,18417870,18422373,4519,16,4503,45000,38259,38326,500,500,6674
186,18517901,18517917,18522377,4476,16,4460,45000,38326,38392,500,500,6608
187,18617946,18617962,18622369,4423,16,4407,45000,38392,38459,500,500,6541
188,18717992,18718008,18722368,4376,16,4360,45000,38459,38525,500,500,6475
189,18818038,18818054,18822377,4339,16,4323,45000,38525,38591,500,500,6409
190,18918085,18918101,18922369,4284,16,4268,45000,38591,38657,500,500,6343
191,19018130,19018146,19022370,4240,16,4224,45000,38657,38722,500,500,6278
192,19118176,19118192,19122362,4186,16,4170,45000,38722,38787,500,500,6213
193,19218222,19218238,19222376,4154,16,4138,45000,38787,38852,500,500,6148
194,19318268,19318284,19322370,4102,16,4086,45000,38852,38917,500,500,6083
195,19418313,19418329,19422370,4057,16,4041,45000,38917,38981,500,500,6019
196,19518359,19518375,19522376,4017,16,4001,45000,38981,39045,500,500,5955
197,19618419,19618434,19622368,3949,15,3934,45000,39045,39109,500,500,5891
198,19718464,19718480,19722368,3904,16,3888,45000,39109,39172,500,500,5828
199,19818510,19818526,19822364,3854,16,3838,45000,39172,39236,500,500,5764
200,19918555,19918571,19924281,5726,16,5710,45000,39236,39299,500,500,5701
201,20018605,20018621,20022335,3730,16,3714,45000,39299,39361,500,500,5639
202,20118649,20118665,20122373,3724,16,3708,45000,39361,39424,500,500,5576
203,20218697,20218712,20222366,3669,15,3654,45000,39424,39486,500,500,5514
204,20318742,20318758,20322380,3638,16,3622,45000,39486,39548,500,500,5452
205,20418787,20418803,20422372,3585,16,3569,45000,39548,39610,500,500,5390
206,20518832,20518848,20522369,3537,16,3521,45000,39610,39672,500,500,5328
207,20618878,20618894,20622393,3515,16,3499,45000,39672,39733,500,500,5267
208,20718941,20718957,20722387,3446,16,3430,45000,39733,39794,500,500,5206
209,20818986,20819001,20822382,3396,15,3381,45000,39794,39855,500,500,5145
210,20919032,20919048,20922372,3340,16,3324,45000,39855,39916,500,500,5084
211,21019078,21019094,21022369,3291,16,3275,45000,39916,39976,500,500,5024
212,21119123,21119139,21122371,3248,16,3232,45000,39976,40036,500,500,4964
213,21219169,21219184,21222375,3206,15,3191,45000,40036,40096,500,500,4904
214,21319214,21319230,21322370,3156,16,3140,45000,40096,40155,500,500,4845
215,21419259,21419275,21422370,3111,16,3095,45000,40155,40215,500,500,4785
216,21519305,21519321,21522376,3071,16,3055,45000,40215,40274,500,500,4726
217,21619351,21619367,21622376,3025,16,3009,45000,40274,40333,500,500,4667
218,21719396,21719412,21722371,2975,16,2959,45000,40333,40392,500,500,4608
219,21819441,21819457,21822373,2932,16,2916,45000,40392,40450,500,500,4550
220,21919487,21919503,21922366,2879,16,2863,45000,40450,40508,500,500,4492
221,22019532,22019548,22022378,2846,16,2830,45000,40508,40566,500,500,4434
222,22119577,22119593,22121380,1803,16,1787,45000,40566,40624,500,500,4376
223,22219622,22219639,22221488,1866,17,1849,45000,40624,40681,500,500,4319
224,22319668,22319684,22331652,11984,16,11968,45000,40681,40739,500,500,4261
225,22419714,22419730,22431756,12042,16,12026,45000,40739,40796,500,500,4204
226,22519760,22519776,22531351,11591,16,11575,45000,40796,40853,500,500,4147
227,22619805,22619821,22631453,11648,16,11632,45000,40853,40909,500,500,4091
228,22719851,22719867,22731479,11628,16,11612,45000,40909,40965,500,500,4035
229,22819897,22819913,22831520,11623,16,11607,45000,40965,41022,500,500,3978
230,22919961,22919977,22931582,11621,16,11605,45000,41022,41078,500,500,3922
231,23020006,23020022,23031633,11627,16,11611,45000,41078,41133,500,500,3867
232,23120071,23120087,23131689,11618,16,11602,45000,41133,41189,500,500,3811
233,23220119,23220135,23231742,11623,16,11607,45000,41189,41244,500,500,3756
234,23320184,23320200,23331845,11661,16,11645,45000,41244,41299,500,500,3701
235,23420231,23420247,23431881,11650,16,11634,45000,41299,41354,500,500,3646
236,23520278,23520294,23531927,11649,16,11633,45000,41354,41408,500,500,3592
237,23620350,23620366,23631969,11619,16,11603,45000,41408,41463,500,500,3537
238,23720413,23720429,23732023,11610,16,11594,45000,41463,41517,500,500,3483
239,23820461,23820477,23832075,11614,16,11598,45000,41517,41571,500,500,3429
240,23920536,23920552,23932174,11638,16,11622,45000,41571,41625,500,500,3375
241,24020581,24020598,24032208,11627,17,11610,45000,41625,41678,500,500,3322
242,24120630,24120646,24132257,11627,16,11611,45000,41678,41731,500,500,3269
243,24220695,24220711,24232316,11621,16,11605,45000,41731,41784,500,500,3216
244,24320741,24320757,24332372,11631,16,11615,45000,41784,41837,500,500,3163
245,24420788,24420805,24432384,11596,17,11579,45000,41837,41890,500,500,3110
246,24520834,24520850,24532370,11536,16,11520,45000,41890,41942,500,500,3058
247,24620879,24620895,24632391,11512,16,11496,45000,41942,41995,500,500,3005
248,24720942,24720958,24732393,11451,16,11435,45000,41995,42047,500,500,2953
249,24820987,24821003,24832376,11389,16,11373,45000,42047,42098,500,500,2902
250,24921032,24921049,24932371,11339,17,11322,45000,42098,42150,500,500,2850
251,25021092,25021109,25032371,11279,17,11262,45000,42150,42201,500,500,2799
252,25121138,25121154,25132398,11260,16,11244,45000,42201,42253,500,500,2747
253,25221203,25221219,25232393,11190,16,11174,45000,42253,42304,500,500,2696
254,25321250,25321266,25332393,11143,16,11127,45000,42304,42354,500,500,2646
255,25421298,25421314,25432369,11071,16,11055,45000,42354,42405,500,500,2595
256,25521344,25521360,25532371,11027,16,11011,45000,42405,42455,500,500,2545
257,25621392,25621408,25632363,10971,16,10955,45000,42455,42506,500,500,2494
258,25721439,25721455,25732376,10937,16,10921,45000,42506,42555,500,500,2445
259,25821485,25821501,25832368,10883,16,10867,45000,42555,42605,500,500,2395
260,25921532,25921548,25932370,10838,16,10822,45000,42605,42655,500,500,2345
261,26021578,26021594,26032365,10787,16,10771,45000,42655,42704,500,500,2296
262,26121625,26121642,26132391,10766,17,10749,45000,42704,42753,500,500,2247
263,26221691,26221707,26232385,10694,16,10678,45000,42753,42802,500,500,2198
264,26321738,26321754,26332385,10647,16,10631,45000,42802,42851,500,500,2149
265,26421785,26421801,26432371,10586,16,10570,45000,42851,42900,500,500,2100
266,26521832,26521848,26532368,10536,16,10520,45000,42900,42948,500,500,2052
267,26621879,26621896,26632368,10489,17,10472,45000,42948,42996,500,500,2004
268,26721927,26721943,26732369,10442,16,10426,45000,42996,43044,500,500,1956
269,26821973,26821989,26832372,10399,16,10383,45000,43044,43092,500,500,1908
270,26922020,26922036,26932362,10342,16,10326,45000,43092,43140,500,500,1860
271,27022068,27022084,27032376,10308,16,10292,45000,43140,43187,500,500,1813
272,27122114,27122130,27132369,10255,16,10239,45000,43187,43235,500,500,1765
273,27222161,27222177,27232370,10209,16,10193,45000,43235,43282,500,500,1718
274,27322207,27322223,27332364,10157,16,10141,45000,43282,43328,500,500,1672
275,27422255,27422271,27432375,10120,16,10104,45000,43328,43375,500,500,1625
276,27522301,27522317,27532369,10068,16,10052,45000,43375,43422,500,500,1578
277,27622348,27622364,27632370,10022,16,10006,45000,43422,43468,500,500,1532
278,27722395,27722411,27732377,9982,16,9966,45000,43468,43514,500,500,1486
279,27822441,27822458,27832374,9933,17,9916,45000,43514,43560,500,500,1440
280,27922489,27922525,27932376,9887,36,9851,45000,43560,43606,500,500,1394
281,28022548,28022565,28032370,9822,17,9805,45000,43606,43651,500,500,1349
282,28122594,28122610,28132374,9780,16,9764,45000,43651,43697,500,500,1303
283,28222641,28222657,28232365,9724,16,9708,45000,43697,43742,500,500,1258
284,28322686,28322702,28332381,9695,16,9679,45000,43742,43787,500,500,1213
285,28422736,28422752,28432374,9638,16,9622,45000,43787,43832,500,500,1168
286,28522781,28522797,28532374,9593,16,9577,45000,43832,43877,500,500,1123
287,28622827,28622843,28632370,9543,16,9527,45000,43877,43921,500,500,1079
288,28722871,28722887,28732367,9496,16,9480,45000,43921,43965,500,500,1035
289,28822916,28822932,28832387,9471,16,9455,45000,43965,44010,500,500,990
290,28922979,28922995,28932349,9370,16,9354,45000,44010,44053,500,500,947
291,29023027,29023043,29032366,9339,16,9323,45000,44053,44097,500,500,903
292,29123073,29123089,29132375,9302,16,9286,45000,44097,44141,500,500,859
293,29223119,29223135,29232369,9250,16,9234,45000,44141,44184,500,500,816
294,29323164,29323180,29332367,9203,16,9187,45000,44184,44228,500,500,772
295,29423209,29423226,29432373,9164,17,9147,45000,44228,44271,500,500,729
296,29523256,29523272,29532369,9113,16,9097,45000,44271,44314,500,500,686
297,29623301,29623317,29632367,9066,16,9050,45000,44314,44356,500,500,644
298,29723347,29723363,29732366,9019,16,9003,45000,44356,44399,500,500,601
299,29823392,29823409,29832375,8983,17,8966,45000,44399,44441,500,500,559
300,29923439,29923455,29934275,10836,16,10820,45000,44441,44484,500,500,516
301,30023505,30023521,30032331,8826,16,8810,45000,44484,44526,500,500,474
302,30123551,30123567,30132394,8843,16,8827,45000,44526,44568,500,500,432
303,30223597,30223613,30232370,8773,16,8757,45000,44568,44609,500,500,391
304,30323643,30323659,30332369,8726,16,8710,45000,44609,44651,500,500,349
305,30423688,30423704,30432370,8682,16,8666,45000,44651,44692,500,500,308
306,30523735,30523751,30532375,8640,16,8624,45000,44692,44733,500,500,267
307,30623780,30623796,30632371,8591,16,8575,45000,44733,44774,500,500,226
308,30723825,30723841,30732367,8542,16,8526,45000,44774,44815,500,500,185
309,30823871,30823887,30832385,8514,16,8498,45000,44815,44856,500,500,144
310,30923933,30923949,30932381,8448,16,8432,45000,44856,44897,500,500,103
311,31023979,31023995,31032387,8408,16,8392,45000,44897,44937,500,500,63
312,31124025,31124041,31132353,8328,16,8312,45000,44937,44977,500,500,23
313,31224071,31224088,31232369,8298,17,8281,45000,44977,45017,500,500,-17
314,31324118,31324134,31332369,8251,16,8235,45000,45017,45057,500,500,-57
315,31424164,31424180,31432378,8214,16,8198,45000,45057,45097,500,500,-97
316,31524210,31524227,31532371,8161,17,8144,45000,45097,45137,500,500,-137
317,31624255,31624271,31632376,8121,16,8105,45000,45137,45176,500,500,-176
318,31724301,31724317,31732364,8063,16,8047,45000,45176,45216,500,500,-216
319,31824347,31824363,31832367,8020,16,8004,45000,45216,45255,500,500,-255
320,31924393,31924409,31932372,7979,16,7963,45000,45255,45294,500,500,-294
321,32024439,32024455,32032370,7931,16,7915,45000,45294,45332,500,500,-332
322,32124485,32124502,32132364,7879,17,7862,45000,45332,45371,500,500,-371
323,32224531,32224547,32232374,7843,16,7827,45000,45371,45410,500,500,-410
324,32324578,32324594,32332368,7790,16,7774,45000,45410,45448,500,500,-448
325,32424624,32424640,32432372,7748,16,7732,45000,45448,45486,500,500,-486
326,32524670,32524686,32532366,7696,16,7680,45000,45486,45524,500,500,-524
327,32624715,32624732,32632374,7659,17,7642,45000,45524,45562,500,500,-562
328,32724762,32724778,32732367,7605,16,7589,45000,45562,45600,500,500,-600
329,32824808,32824824,32832370,7562,16,7546,45000,45600,45638,500,500,-638
330,32924853,32924869,32932373,7520,16,7504,45000,45638,45675,500,500,-675
331,33024899,33024915,33032368,7469,16,7453,45000,45675,45712,500,500,-712
332,33124945,33124961,33132366,7421,16,7405,45000,45712,45749,500,500,-749
333,33224991,33225007,33232377,7386,16,7370,45000,45749,45786,500,500,-786
334,33325037,33325053,33332370,7333,16,7317,45000,45786,45823,500,500,-823
335,33425083,33425099,33432368,7285,16,7269,45000,45823,45860,500,500,-860
336,33525128,33525144,33532365,7237,16,7221,45000,45860,45897,500,500,-897
337,33625174,33625190,33632392,7218,16,7202,45000,45897,45933,500,500,-933
338,33725239,33725255,33732386,7147,16,7131,45000,45933,45969,500,500,-969
339,33825285,33825301,33832382,7097,16,7081,45000,45969,46005,500,500,-1005
340,33925331,33925347,33932374,7043,16,7027,45000,46005,46041,500,500,-1041
341,34025376,34025392,34032369,6993,16,6977,45000,46041,46077,500,500,-1077
342,34125439,34125455,34132365,6926,16,6910,45000,46077,46113,500,500,-1113
343,34225485,34225501,34232377,6892,16,6876,45000,46113,46148,500,500,-1148
344,34325531,34325547,34332370,6839,16,6823,45000,46148,46184,500,500,-1184
345,34425577,34425593,34432368,6791,16,6775,45000,46184,46219,500,500,-1219
346,34525623,34525639,34532368,6745,16,6729,45000,46219,46254,500,500,-1254
347,34625669,34625685,34632372,6703,16,6687,45000,46254,46289,500,500,-1289
348,34725715,34725731,34732368,6653,16,6637,45000,46289,46324,500,500,-1324
349,34825761,34825777,34832368,6607,16,6591,45000,46324,46359,500,500,-1359
350,34925807,34925823,34932368,6561,16,6545,45000,46359,46393,500,500,-1393
351,35025853,35025869,35032372,6519,16,6503,45000,46393,46428,500,500,-1428
352,35125899,35125915,35132367,6468,16,6452,45000,46428,46462,500,500,-1462
353,35225945,35225961,35232366,6421,16,6405,45000,46462,46496,500,500,-1496
354,35325990,35326006,35332374,6384,16,6368,45000,46496,46530,500,500,-1530
355,35426037,35426053,35432366,6329,16,6313,45000,46530,46564,500,500,-1564
356,35526082,35526099,35532370,6288,17,6271,45000,46564,46598,500,500,-1598
357,35626129,35626144,35632370,6241,15,6226,45000,46598,46631,500,500,-1631
358,35726174,35726190,35732372,6198,16,6182,45000,46631,46665,500,500,-1665
359,35826219,35826235,35832367,6148,16,6132,45000,46665,46698,500,500,-1698
360,35926265,35926281,35932365,6100,16,6084,45000,46698,46731,500,500,-1731
361,36026311,36026327,36032376,6065,16,6049,45000,46731,46765,500,500,-1765
362,36126357,36126373,36132367,6010,16,5994,45000,46765,46797,500,500,-1797
363,36226403,36226419,36232371,5968,16,5952,45000,46797,46830,500,500,-1830
364,36326449,36326465,36332381,5932,16,5916,45000,46830,46863,500,500,-1863
365,36426495,36426511,36432391,5896,16,5880,45000,46863,46895,500,500,-1895
366,36526542,36526557,36532386,5844,15,5829,45000,46895,46928,500,500,-1928
367,36626587,36626603,36632371,5784,16,5768,45000,46928,46960,500,500,-1960
368,36726632,36726648,36732375,5743,16,5727,45000,46960,46992,500,500,-1992
369,36826678,36826694,36832364,5686,16,5670,45000,46992,47024,500,500,-2024
370,36926724,36926740,36932376,5652,16,5636,45000,47024,47056,500,500,-2056
371,37026771,37026787,37032368,5597,16,5581,45000,47056,47088,500,500,-2088
372,37126816,37126832,37132371,5555,16,5539,45000,47088,47120,500,500,-2120
373,37226862,37226878,37232366,5504,16,5488,45000,47120,47151,500,500,-2151
374,37326908,37326924,37332379,5471,16,5455,45000,47151,47183,500,500,-2183
375,37426955,37426971,37432373,5418,16,5402,45000,47183,47214,500,500,-2214
376,37527000,37527016,37532371,5371,16,5355,45000,47214,47245,500,500,-2245
377,37627046,37627062,37632367,5321,16,5305,45000,47245,47276,500,500,-2276
378,37727092,37727108,37732376,5284,16,5268,45000,47276,47307,500,500,-2307
379,37827140,37827156,37832369,5229,16,5213,45000,47307,47338,500,500,-2338
380,37927185,37927201,37932368,5183,16,5167,45000,47338,47368,500,500,-2368
381,38027231,38027247,38032367,5136,16,5120,45000,47368,47399,500,500,-2399
382,38127277,38127293,38132371,5094,16,5078,45000,47399,47429,500,500,-2429
383,38227323,38227339,38232365,5042,16,5026,45000,47429,47460,500,500,-2460
384,38327368,38327384,38332366,4998,16,4982,45000,47460,47490,500,500,-2490
385,38427414,38427430,38432373,4959,16,4943,45000,47490,47520,500,500,-2520
386,38527460,38527476,38532368,4908,16,4892,45000,47520,47550,500,500,-2550
387,38627505,38627521,38632366,4861,16,4845,45000,47550,47580,500,500,-2580
388,38727551,38727567,38732373,4822,16,4806,45000,47580,47609,500,500,-2609
389,38827598,38827614,38832367,4769,16,4753,45000,47609,47639,500,500,-2639
390,38927644,38927660,38932369,4725,16,4709,45000,47639,47668,500,500,-2668
391,39027691,39027706,39032367,4676,15,4661,45000,47668,47698,500,500,-2698
392,39127736,39127752,39132394,4658,16,4642,45000,47698,47727,500,500,-2727
393,39227801,39227817,39232388,4587,16,4571,45000,47727,47756,500,500,-2756
394,39327848,39327864,39332385,4537,16,4521,45000,47756,47785,500,500,-2785
395,39427893,39427909,39432372,4479,16,4463,45000,47785,47814,500,500,-2814
396,39527939,39527954,39532369,4430,15,4415,45000,47814,47842,500,500,-2842
397,39627985,39628001,39632367,4382,16,4366,45000,47842,47871,500,500,-2871
398,39728046,39728062,39732371,4325,16,4309,45000,47871,47900,500,500,-2900
399,39828093,39828109,39832372,4279,16,4263,45000,47900,47928,500,500,-2928
400,39928137,39928154,39934273,6136,17,6119,45000,47928,47956,500,500,-2956
401,40028188,40028204,40032336,4148,16,4132,45000,47956,47984,500,500,-2984
402,40128233,40128249,40132373,4140,16,4124,45000,47984,48012,500,500,-3012
403,40228281,40228297,40232368,4087,16,4071,45000,48012,48040,500,500,-3040
404,40328327,40328343,40332365,4038,16,4022,45000,48040,48068,500,500,-3068
405,40428373,40428404,40432378,4005,31,3974,45000,48068,48096,500,500,-3096
406,40528420,40528436,40532373,3953,16,3937,45000,48096,48124,500,500,-3124
407,40628465,40628481,40632373,3908,16,3892,45000,48124,48151,500,500,-3151
408,40728511,40728527,40732369,3858,16,3842,45000,48151,48179,500,500,-3179
409,40828557,40828573,40832366,3809,16,3793,45000,48179,48206,500,500,-3206
410,40928603,40928619,40932375,3772,16,3756,45000,48206,48233,500,500,-3233
411,41028649,41028666,41032368,3719,17,3702,45000,48233,48260,500,500,-3260
412,41128694,41128710,41132364,3670,16,3654,45000,48260,48287,500,500,-3287
413,41228740,41228755,41232380,3640,15,3625,45000,48287,48314,500,500,-3314
414,41328801,41328817,41332348,3547,16,3531,45000,48314,48341,500,500,-3341
415,41428847,41428863,41432370,3523,16,3507,45000,48341,48367,500,500,-3367
416,41528893,41528909,41532378,3485,16,3469,45000,48367,48394,500,500,-3394
417,41628938,41628954,41632372,3434,16,3418,45000,48394,48420,500,500,-3420
418,41728984,41729000,41732369,3385,16,3369,45000,48420,48447,500,500,-3447
419,41829030,41829046,41832387,3357,16,3341,45000,48447,48473,500,500,-3473
420,41929092,41929107,41932394,3302,15,3287,45000,48473,48499,500,500,-3499
421,42029137,42029153,42032388,3251,16,3235,45000,48499,48525,500,500,-3525
422,42129183,42129199,42132374,3191,16,3175,45000,48525,48551,500,500,-3551
423,42229228,42229244,42232368,3140,16,3124,45000,48551,48577,500,500,-3577
424,42329274,42329290,42332371,3097,16,3081,45000,48577,48602,500,500,-3602
425,42429320,42429336,42432373,3053,16,3037,45000,48602,48628,500,500,-3628
426,42529365,42529381,42532374,3009,16,2993,45000,48628,48653,500,500,-3653
427,42629411,42629427,42632368,2957,16,2941,45000,48653,48679,500,500,-3679
428,42729456,42729471,42732369,2913,15,2898,45000,48679,48704,500,500,-3704
429,42829501,42829517,42832374,2873,16,2857,45000,48704,48729,500,500,-3729
430,42929546,42929562,42932378,2832,16,2816,45000,48729,48754,500,500,-3754
431,43029591,43029607,43031394,1803,16,1787,45000,48754,48779,500,500,-3779
432,43129637,43129653,43131508,1871,16,1855,45000,48779,48804,500,500,-3804
433,43229683,43229699,43241672,11989,16,11973,45000,48804,48829,500,500,-3829
434,43329729,43329745,43341355,11626,16,11610,45000,48829,48854,500,500,-3854
435,43429774,43429790,43441418,11644,16,11628,45000,48854,48878,500,500,-3878
436,43529819,43529835,43541452,11633,16,11617,45000,48878,48903,500,500,-3903
437,43629885,43629901,43641510,11625,16,11609,45000,48903,48927,500,500,-3927
438,43729933,43729949,43741560,11627,16,11611,45000,48927,48951,500,500,-3951
439,43829998,43830014,43841616,11618,16,11602,45000,48951,48976,500,500,-3976
440,43930046,43930062,43941666,11620,16,11604,45000,48976,49000,500,500,-4000
441,44030112,44030128,44041762,11650,16,11634,45000,49000,49024,500,500,-4024
442,44130157,44130173,44141790,11633,16,11617,45000,49024,49048,500,500,-4048
443,44230223,44230239,44241851,11628,16,11612,45000,49048,49071,500,500,-4071
444,44330269,44330285,44341900,11631,16,11615,45000,49071,49095,500,500,-4095
445,44430342,44430358,44441953,11611,16,11595,45000,49095,49119,500,500,-4119
446,44530389,44530405,44542003,11614,16,11598,45000,49119,49142,500,500,-4142
447,44630454,44630470,44642088,11634,16,11618,45000,49142,49166,500,500,-4166
448,44730499,44730516,44742116,11617,17,11600,45000,49166,49189,500,500,-4189
449,44830563,44830579,44842189,11626,16,11610,45000,49189,49212,500,500,-4212
450,44930610,44930626,44942237,11627,16,11611,45000,49212,49235,500,500,-4235
451,45030674,45030691,45042297,11623,17,11606,45000,49235,49258,500,500,-4258
452,45130721,45130737,45142343,11622,16,11606,45000,49258,49281,500,500,-4281
453,45230787,45230803,45242387,11600,16,11584,45000,49281,49304,500,500,-4304
454,45330851,45330867,45342351,11500,16,11484,45000,49304,49327,500,500,-4327
455,45430898,45430914,45442387,11489,16,11473,45000,49327,49350,500,500,-4350
456,45530943,45530959,45542389,11446,16,11430,45000,49350,49372,500,500,-4372
457,45630989,45631005,45642374,11385,16,11369,45000,49372,49395,500,500,-4395
458,45731034,45731050,45742369,11335,16,11319,45000,49395,49417,500,500,-4417
459,45831079,45831095,45842366,11287,16,11271,45000,49417,49440,500,500,-4440
460,45931125,45931141,45942374,11249,16,11233,45000,49440,49462,500,500,-4462
461,46031170,46031186,46042371,11201,16,11185,45000,49462,49484,500,500,-4484
462,46131219,46131235,46142364,11145,16,11129,45000,49484,49506,500,500,-4506
463,46231265,46231281,46242374,11109,16,11093,45000,49506,49528,500,500,-4528
464,46331313,46331329,46342370,11057,16,11041,45000,49528,49550,500,500,-4550
465,46431359,46431376,46442368,11009,17,10992,45000,49550,49572,500,500,-4572
466,46531406,46531422,46542367,10961,16,10945,45000,49572,49593,500,500,-4593
467,46631453,46631469,46642389,10936,16,10920,45000,49593,49615,500,500,-4615
468,46731518,46731534,46742381,10863,16,10847,45000,49615,49637,500,500,-4637
469,46831565,46831581,46842382,10817,16,10801,45000,49637,49658,500,500,-4658
470,46931612,46931628,46942367,10755,16,10739,45000,49658,49679,500,500,-4679
471,47031658,47031674,47042372,10714,16,10698,45000,49679,49701,500,500,-4701
472,47131704,47131721,47142365,10661,17,10644,45000,49701,49722,500,500,-4722
473,47231751,47231767,47242377,10626,16,10610,45000,49722,49743,500,500,-4743
474,47331798,47331814,47342370,10572,16,10556,45000,49743,49764,500,500,-4764
475,47431845,47431861,47442369,10524,16,10508,45000,49764,49785,500,500,-4785
476,47531892,47531908,47542370,10478,16,10462,45000,49785,49806,500,500,-4806
477,47631938,47631955,47642372,10434,17,10417,45000,49806,49827,500,500,-4827
478,47731985,47732001,47742364,10379,16,10363,45000,49827,49847,500,500,-4847
479,47832032,47832048,47842367,10335,16,10319,45000,49847,49868,500,500,-4868
480,47932080,47932096,47942374,10294,16,10278,45000,49868,49888,500,500,-4888
481,48032126,48032142,48042367,10241,16,10225,45000,49888,49909,500,500,-4909
482,48132173,48132189,48142371,10198,16,10182,45000,49909,49929,500,500,-4929
483,48232220,48232236,48242364,10144,16,10128,45000,49929,49950,500,500,-4950
484,48332266,48332282,48342373,10107,16,10091,45000,49950,49970,500,500,-4970
485,48432314,48432330,48442368,10054,16,10038,45000,49970,49990,500,500,-4990
486,48532360,48532376,48542367,10007,16,9991,45000,49990,50010,500,500,-5010
487,48632406,48632423,48642376,9970,17,9953,45000,50010,50030,500,500,-5030
488,48732454,48732470,48742371,9917,16,9901,45000,50030,50050,500,500,-5050
489,48832518,48832534,48842367,9849,16,9833,45000,50050,50070,500,500,-5070
490,48932556,48932573,48942368,9812,17,9795,45000,50070,50089,500,500,-5089
491,49032603,49032619,49042370,9767,16,9751,45000,50089,50109,500,500,-5109
492,49132648,49132664,49142370,9722,16,9706,45000,50109,50128,500,500,-5128
493,49232694,49232710,49242366,9672,16,9656,45000,50128,50148,500,500,-5148
494,49332740,49332755,49342384,9644,15,9629,45000,50148,50167,500,500,-5167
495,49432803,49432819,49442386,9583,16,9567,45000,50167,50187,500,500,-5187
496,49532849,49532865,49542388,9539,16,9523,45000,50187,50206,500,500,-5206
497,49632895,49632911,49642352,9457,16,9441,45000,50206,50225,500,500,-5225
498,49732943,49732959,49742368,9425,16,9409,45000,50225,50244,500,500,-5244
499,49832989,49833005,49842367,9378,16,9362,45000,50244,50263,500,500,-5263
500,49933035,49933051,49944274,11239,16,11223,45000,50263,50282,500,500,-5282
501,50033085,50033101,50042335,9250,16,9234,45000,50282,50301,500,500,-5301
502,50133130,50133146,50142373,9243,16,9227,45000,50301,50320,500,500,-5320
503,50233178,50233194,50242365,9187,16,9171,45000,50320,50339,500,500,-5339
504,50333223,50333239,50342379,9156,16,9140,45000,50339,50357,500,500,-5357
505,50433270,50433286,50442367,9097,16,9081,45000,50357,50376,500,500,-5376
506,50533316,50533332,50542372,9056,16,9040,45000,50376,50394,500,500,-5394
507,50633361,50633377,50642366,9005,16,8989,45000,50394,50413,500,500,-5413
508,50733407,50733423,50742375,8968,16,8952,45000,50413,50431,500,500,-5431
509,50833452,50833469,50842369,8917,17,8900,45000,50431,50449,500,500,-5449
510,50933498,50933514,50942368,8870,16,8854,45000,50449,50468,500,500,-5468
511,51033544,51033560,51042375,8831,16,8815,45000,50468,50486,500,500,-5486
512,51133610,51133626,51142369,8759,16,8743,45000,50486,50504,500,500,-5504
513,51233655,51233672,51242373,8718,17,8701,45000,50504,50522,500,500,-5522
514,51333702,51333718,51342361,8659,16,8643,45000,50522,50540,500,500,-5540
515,51433747,51433763,51442374,8627,16,8611,45000,50540,50558,500,500,-5558
516,51533793,51533809,51542368,8575,16,8559,45000,50558,50575,500,500,-5575
517,51633838,51633854,51642368,8530,16,8514,45000,50575,50593,500,500,-5593
518,51733884,51733900,51742372,8488,16,8472,45000,50593,50611,500,500,-5611
519,51833929,51833945,51842368,8439,16,8423,45000,50611,50628,500,500,-5628
520,51933975,51933991,51942367,8392,16,8376,45000,50628,50646,500,500,-5646
521,52034021,52034037,52042366,8345,16,8329,45000,50646,50663,500,500,-5663
522,52134067,52134083,52142388,8321,16,8305,45000,50663,50680,500,500,-5680
523,52234132,52234148,52242390,8258,16,8242,45000,50680,50698,500,500,-5698
524,52334178,52334193,52342381,8203,15,8188,45000,50698,50715,500,500,-5715
525,52434223,52434240,52442373,8150,17,8133,45000,50715,50732,500,500,-5732
526,52534269,52534285,52542363,8094,16,8078,45000,50732,50749,500,500,-5749
527,52634316,52634332,52642368,8052,16,8036,45000,50749,50766,500,500,-5766
528,52734363,52734378,52742374,8011,15,7996,45000,50766,50783,500,500,-5783
529,52834409,52834425,52842370,7961,16,7945,45000,50783,50800,500,500,-5800
530,52934454,52934470,52942372,7918,16,7902,45000,50800,50817,500,500,-5817
531,53034499,53034515,53042375,7876,16,7860,45000,50817,50833,500,500,-5833
532,53134545,53134561,53142377,7832,16,7816,45000,50833,50850,500,500,-5850
533,53234591,53234607,53242371,7780,16,7764,45000,50850,50867,500,500,-5867
534,53334638,53334654,53342371,7733,16,7717,45000,50867,50883,500,500,-5883
535,53434684,53434700,53442367,7683,16,7667,45000,50883,50900,500,500,-5900
536,53534730,53534746,53542376,7646,16,7630,45000,50900,50916,500,500,-5916
537,53634776,53634792,53642365,7589,16,7573,45000,50916,50932,500,500,-5932
538,53734822,53734838,53742370,7548,16,7532,45000,50932,50949,500,500,-5949
539,53834868,53834883,53842367,7499,15,7484,45000,50949,50965,500,500,-5965
540,53934913,53934929,53942371,7458,16,7442,45000,50965,50981,500,500,-5981
541,54034960,54034976,54042363,7403,16,7387,45000,50981,50997,500,500,-5997
542,54135005,54135022,54142376,7371,17,7354,45000,50997,51013,500,500,-6013
543,54235052,54235068,54242369,7317,16,7301,45000,51013,51029,500,500,-6029
544,54335098,54335114,54342369,7271,16,7255,45000,51029,51045,500,500,-6045
545,54435144,54435160,54442362,7218,16,7202,45000,51045,51061,500,500,-6061
546,54535190,54535206,54542374,7184,16,7168,45000,51061,51077,500,500,-6077
547,54635237,54635253,54642369,7132,16,7116,45000,51077,51092,500,500,-6092
548,54735282,54735298,54742369,7087,16,7071,45000,51092,51108,500,500,-6108
549,54835328,54835344,54842385,7057,16,7041,45000,51108,51123,500,500,-6123
550,54935391,54935407,54942391,7000,16,6984,45000,51123,51139,500,500,-6139
551,55035436,55035452,55042385,6949,16,6933,45000,51139,51154,500,500,-6154
552,55135482,55135498,55142374,6892,16,6876,45000,51154,51170,500,500,-6170
553,55235527,55235543,55242368,6841,16,6825,45000,51170,51185,500,500,-6185
554,55335573,55335589,55342367,6794,16,6778,45000,51185,51200,500,500,-6200
555,55435619,55435635,55442373,6754,16,6738,45000,51200,51216,500,500,-6216
556,55535665,55535681,55542368,6703,16,6687,45000,51216,51231,500,500,-6231
557,55635710,55635727,55642367,6657,17,6640,45000,51231,51246,500,500,-6246
558,55735756,55735772,55742365,6609,16,6593,45000,51246,51261,500,500,-6261
559,55835802,55835818,55842373,6571,16,6555,45000,51261,51276,500,500,-6276
560,55935848,55935864,55942368,6520,16,6504,45000,51276,51291,500,500,-6291
561,56035893,56035910,56042366,6473,17,6456,45000,51291,51305,500,500,-6305
562,56135940,56135955,56142378,6438,15,6423,45000,51305,51320,500,500,-6320
563,56235985,56236001,56242370,6385,16,6369,45000,51320,51335,500,500,-6335
564,56336030,56336046,56342374,6344,16,6328,45000,51335,51350,500,500,-6350
565,56436077,56436093,56442368,6291,16,6275,45000,51350,51364,500,500,-6364
566,56536123,56536139,56542366,6243,16,6227,45000,51364,51379,500,500,-6379
567,56636168,56636184,56642376,6208,16,6192,45000,51379,51393,500,500,-6393
568,56736215,56736231,56742364,6149,16,6133,45000,51393,51408,500,500,-6408
569,56836261,56836277,56842371,6110,16,6094,45000,51408,51422,500,500,-6422
570,56936308,56936324,56942368,6060,16,6044,45000,51422,51436,500,500,-6436
571,57036353,57036369,57042372,6019,16,6003,45000,51436,51451,500,500,-6451
572,57136399,57136415,57142365,5966,16,5950,45000,51451,51465,500,500,-6465
573,57236445,57236461,57242375,5930,16,5914,45000,51465,51479,500,500,-6479
574,57336491,57336507,57342370,5879,16,5863,45000,51479,51493,500,500,-6493
575,57436537,57436553,57442367,5830,16,5814,45000,51493,51507,500,500,-6507
576,57536582,57536598,57542363,5781,16,5765,45000,51507,51521,500,500,-6521
577,57636628,57636644,57642394,5766,16,5750,45000,51521,51535,500,500,-6535
578,57736693,57736709,57742389,5696,16,5680,45000,51535,51549,500,500,-6549
579,57836739,57836755,57842388,5649,16,5633,45000,51549,51563,500,500,-6563
580,57936785,57936801,57942371,5586,16,5570,45000,51563,51576,500,500,-6576
581,58036830,58036846,58042370,5540,16,5524,45000,51576,51590,500,500,-6590
582,58136876,58136892,58142364,5488,16,5472,45000,51590,51604,500,500,-6604
583,58236922,58236938,58242375,5453,16,5437,45000,51604,51617,500,500,-6617
584,58336969,58336985,58342368,5399,16,5383,45000,51617,51631,500,500,-6631
585,58437015,58437031,58442367,5352,16,5336,45000,51631,51644,500,500,-6644
586,58537061,58537077,58542372,5311,16,5295,45000,51644,51658,500,500,-6658
587,58637108,58637124,58642374,5266,16,5250,45000,51658,51671,500,500,-6671
588,58737154,58737170,58742365,5211,16,5195,45000,51671,51684,500,500,-6684
589,58837200,58837216,58842370,5170,16,5154,45000,51684,51698,500,500,-6698
590,58937246,58937262,58942371,5125,16,5109,45000,51698,51711,500,500,-6711
591,59037292,59037308,59042369,5077,16,5061,45000,51711,51724,500,500,-6724
592,59137338,59137354,59142366,5028,16,5012,45000,51724,51737,500,500,-6737
593,59237383,59237399,59242378,4995,16,4979,45000,51737,51750,500,500,-6750
594,59337430,59337446,59342374,4944,16,4928,45000,51750,51763,500,500,-6763
595,59437475,59437491,59442376,4901,16,4885,45000,51763,51776,500,500,-6776
596,59537521,59537537,59542371,4850,16,4834,45000,51776,51789,500,500,-6789
597,59637567,59637582,59642370,4803,15,4788,45000,51789,51802,500,500,-6802
598,59737612,59737628,59742367,4755,16,4739,45000,51802,51815,500,500,-6815
599,59837658,59837674,59842380,4722,16,4706,45000,51815,51827,500,500,-6827
600,59937704,59937720,59944284,6580,16,6564,45000,51827,51840,500,500,-6840
601,60037755,60037771,60042337,4582,16,4566,65000,51840,51853,500,500,13147
602,60137801,60137817,60142372,4571,16,4555,65000,51853,51865,500,500,13135
603,60237850,60237866,60242367,4517,16,4501,65000,51865,51878,500,500,13122
604,60337895,60337911,60342385,4490,16,4474,65000,51878,51890,500,500,13110
605,60437958,60437973,60442351,4393,15,4378,65000,51890,51903,500,500,13097
606,60538004,60538020,60542365,4361,16,4345,65000,51903,51915,500,500,13085
607,60638050,60638066,60642375,4325,16,4309,65000,51915,51928,500,500,13072
608,60738096,60738112,60742367,4271,16,4255,65000,51928,51940,500,500,13060
609,60838142,60838157,60842369,4227,15,4212,65000,51940,51952,500,500,13048
610,60938188,60938204,60942371,4183,16,4167,65000,51952,51964,500,500,13036
611,61038233,61038249,61042368,4135,16,4119,65000,51964,51976,500,500,13024
612,61138280,61138296,61142367,4087,16,4071,65000,51976,51989,500,500,13011
613,61238326,61238342,61242365,4039,16,4023,65000,51989,52001,500,500,12999
614,61338372,61338388,61342373,4001,16,3985,65000,52001,52013,500,500,12987
615,61438419,61438435,61442367,3948,16,3932,65000,52013,52024,500,500,12976
616,61538464,61538480,61542364,3900,16,3884,65000,52024,52036,500,500,12964
617,61638509,61638525,61642377,3868,16,3852,65000,52036,52048,500,500,12952
618,61738555,61738571,61742370,3815,16,3799,65000,52048,52060,500,500,12940
619,61838601,61838617,61842372,3771,16,3755,65000,52060,52072,500,500,12928
620,61938646,61938662,61942367,3721,16,3705,65000,52072,52084,500,500,12916
621,62038691,62038707,62042370,3679,16,3663,65000,52084,52095,500,500,12905
622,62138737,62138753,62142379,3642,16,3626,65000,52095,52107,500,500,12893
623,62238782,62238799,62242348,3566,17,3549,65000,52107,52118,500,500,12882
624,62338828,62338844,62342384,3556,16,3540,65000,52118,52130,500,500,12870
625,62438890,62438906,62442390,3500,16,3484,65000,52130,52141,500,500,12859
626,62538936,62538952,62542384,3448,16,3432,65000,52141,52153,500,500,12847
627,62638981,62638997,62642374,3393,16,3377,65000,52153,52164,500,500,12836
628,62739026,62739042,62742371,3345,16,3329,65000,52164,52176,500,500,12824
629,62839072,62839088,62842368,3296,16,3280,65000,52176,52187,500,500,12813
630,62939116,62939132,62942380,3264,16,3248,65000,52187,52198,500,500,12802
631,63039162,63039177,63042373,3211,15,3196,65000,52198,52209,500,500,12791
632,63139206,63139222,63142374,3168,16,3152,65000,52209,52220,500,500,12780
633,63239252,63239268,63242370,3118,16,3102,65000,52220,52232,500,500,12768
634,63339297,63339313,63342368,3071,16,3055,65000,52232,52243,500,500,12757
635,63439343,63439359,63442372,3029,16,3013,65000,52243,52254,500,500,12746
636,63539389,63539405,63542368,2979,16,2963,65000,52254,52265,500,500,12735
637,63639433,63639449,63642366,2933,16,2917,65000,52265,52276,500,500,12724
638,63739479,63739495,63742378,2899,16,2883,65000,52276,52287,500,500,12713
639,63839524,63839541,63842373,2849,17,2832,65000,52287,52297,500,500,12703
640,63939570,63939586,63941369,1799,16,1783,65000,52297,52308,500,500,12692
641,64039616,64039632,64041483,1867,16,1851,65000,52308,52319,500,500,12681
642,64139662,64139678,64151647,11985,16,11969,65000,52319,52330,500,500,12670
643,64239707,64239723,64251749,12042,16,12026,65000,52330,52340,500,500,12660
644,64339753,64339769,64351813,12060,16,12044,65000,52340,52351,500,500,12649
645,64439798,64439815,64451391,11593,17,11576,65000,52351,52362,500,500,12638
646,64539844,64539860,64551484,11640,16,11624,65000,52362,52372,500,500,12628
647,64639889,64639905,64651512,11623,16,11607,65000,52372,52383,500,500,12617
648,64739953,64739969,64751589,11636,16,11620,65000,52383,52393,500,500,12607
649,64839999,64840015,64851622,11623,16,11607,65000,52393,52404,500,500,12596
650,64940064,64940080,64951680,11616,16,11600,65000,52404,52414,500,500,12586
651,65040111,65040127,65051730,11619,16,11603,65000,52414,52424,500,500,12576
652,65140177,65140193,65151835,11658,16,11642,65000,52424,52435,500,500,12565
653,65240223,65240239,65251868,11645,16,11629,65000,52435,52445,500,500,12555
654,65340272,65340289,65351916,11644,17,11627,65000,52445,52455,500,500,12545
655,65440341,65440357,65451958,11617,16,11601,65000,52455,52465,500,500,12535
656,65540404,65540420,65552015,11611,16,11595,65000,52465,52475,500,500,12525
657,65640451,65640467,65652065,11614,16,11598,65000,52475,52485,500,500,12515
658,65740516,65740532,65752160,11644,16,11628,65000,52485,52496,500,500,12504
659,65840562,65840578,65852192,11630,16,11614,65000,52496,52506,500,500,12494
660,65940626,65940642,65952250,11624,16,11608,65000,52506,52516,500,500,12484
661,66040673,66040689,66052298,11625,16,11609,65000,52516,52525,500,500,12475
662,66140738,66140753,66152354,11616,15,11601,65000,52525,52535,500,500,12465
663,66240785,66240801,66252388,11603,16,11587,65000,52535,52545,500,500,12455
664,66340831,66340847,66352352,11521,16,11505,65000,52545,52555,500,500,12445
665,66440877,66440893,66452383,11506,16,11490,65000,52555,52565,500,500,12435
666,66540923,66540939,66552390,11467,16,11451,65000,52565,52575,500,500,12425
667,66640968,66640984,66652367,11399,16,11383,65000,52575,52584,500,500,12416
668,66741014,66741030,66752368,11354,16,11338,65000,52584,52594,500,500,12406
669,66841075,66841091,66852374,11299,16,11283,65000,52594,52604,500,500,12396
670,66941120,66941136,66952370,11250,16,11234,65000,52604,52613,500,500,12387
671,67041165,67041181,67052367,11202,16,11186,65000,52613,52623,500,500,12377
672,67141211,67141227,67152377,11166,16,11150,65000,52623,52632,500,500,12368
673,67241258,67241273,67252371,11113,15,11098,65000,52632,52642,500,500,12358
674,67341304,67341320,67352367,11063,16,11047,65000,52642,52651,500,500,12349
675,67441351,67441367,67452364,11013,16,10997,65000,52651,52661,500,500,12339
676,67541397,67541413,67552375,10978,16,10962,65000,52661,52670,500,500,12330
677,67641444,67641460,67652368,10924,16,10908,65000,52670,52679,500,500,12321
678,67741491,67741507,67752368,10877,16,10861,65000,52679,52688,500,500,12312
679,67841538,67841554,67852386,10848,16,10832,65000,52688,52698,500,500,12302
680,67941601,67941617,67952386,10785,16,10769,65000,52698,52707,500,500,12293
681,68041648,68041664,68052386,10738,16,10722,65000,52707,52716,500,500,12284
682,68141695,68141711,68152372,10677,16,10661,65000,52716,52725,500,500,12275
683,68241742,68241759,68252371,10629,17,10612,65000,52725,52734,500,500,12266
684,68341789,68341805,68352367,10578,16,10562,65000,52734,52743,500,500,12257
685,68441836,68441852,68452376,10540,16,10524,65000,52743,52752,500,500,12248
686,68541882,68541898,68552369,10487,16,10471,65000,52752,52761,500,500,12239
687,68641929,68641945,68652369,10440,16,10424,65000,52761,52770,500,500,12230
688,68741976,68741992,68752368,10392,16,10376,65000,52770,52779,500,500,12221
689,68842023,68842040,68852376,10353,17,10336,65000,52779,52788,500,500,12212
690,68942070,68942086,68952370,10300,16,10284,65000,52788,52797,500,500,12203
691,69042117,69042133,69052369,10252,16,10236,65000,52797,52806,500,500,12194
692,69142164,69142180,69152370,10206,16,10190,65000,52806,52815,500,500,12185
693,69242210,69242226,69252375,10165,16,10149,65000,52815,52823,500,500,12177
694,69342257,69342274,69352369,10112,17,10095,65000,52823,52832,500,500,12168
695,69442304,69442321,69452369,10065,17,10048,65000,52832,52841,500,500,12159
696,69542351,69542367,69552364,10013,16,9997,65000,52841,52849,500,500,12151
697,69642398,69642414,69652373,9975,16,9959,65000,52849,52858,500,500,12142
698,69742445,69742461,69752368,9923,16,9907,65000,52858,52867,500,500,12133
699,69842492,69842527,69852365,9873,35,9838,65000,52867,52875,500,500,12125
700,69942539,69942555,69954316,11777,16,11761,65000,52875,52884,500,500,12116
701,70042589,70042605,70052334,9745,16,9729,65000,52884,52892,500,500,12108
702,70142635,70142651,70152369,9734,16,9718,65000,52892,52900,500,500,12100
703,70242683,70242699,70252374,9691,16,9675,65000,52900,52909,500,500,12091
704,70342729,70342745,70352369,9640,16,9624,65000,52909,52917,500,500,12083
705,70442775,70442791,70452367,9592,16,9576,65000,52917,52926,500,500,12074
706,70542821,70542837,70552370,9549,16,9533,65000,52926,52934,500,500,12066
707,70642867,70642883,70652393,9526,16,9510,65000,52934,52942,500,500,12058
708,70742913,70742929,70752387,9474,16,9458,65000,52942,52950,500,500,12050
709,70842958,70842974,70852386,9428,16,9412,65000,52950,52959,500,500,12041
710,70943003,70943019,70952373,9370,16,9354,65000,52959,52967,500,500,12033
711,71043049,71043065,71052371,9322,16,9306,65000,52967,52975,500,500,12025
712,71143095,71143111,71152366,9271,16,9255,65000,52975,52983,500,500,12017
713,71243141,71243157,71252375,9234,16,9218,65000,52983,52991,500,500,12009
714,71343187,71343203,71352371,9184,16,9168,65000,52991,52999,500,500,12001
715,71443233,71443248,71452369,9136,15,9121,65000,52999,53007,500,500,11993
716,71543278,71543294,71552375,9097,16,9081,65000,53007,53015,500,500,11985
717,71643325,71643341,71652369,9044,16,9028,65000,53015,53023,500,500,11977
718,71743371,71743387,71752368,8997,16,8981,65000,53023,53031,500,500,11969
719,71843417,71843433,71852365,8948,16,8932,65000,53031,53039,500,500,11961
720,71943463,71943478,71952378,8915,15,8900,65000,53039,53047,500,500,11953
721,72043509,72043525,72052372,8863,16,8847,65000,53047,53054,500,500,11946
722,72143554,72143570,72152371,8817,16,8801,65000,53054,53062,500,500,11938
723,72243600,72243615,72252371,8771,15,8756,65000,53062,53070,500,500,11930
724,72343646,72343661,72352366,8720,15,8705,65000,53070,53078,500,500,11922
725,72443691,72443707,72452373,8682,16,8666,65000,53078,53085,500,500,11915
726,72543737,72543753,72552367,8630,16,8614,65000,53085,53093,500,500,11907
727,72643783,72643799,72652365,8582,16,8566,65000,53093,53101,500,500,11899
728,72743829,72743845,72752375,8546,16,8530,65000,53101,53108,500,500,11892
729,72843875,72843891,72852366,8491,16,8475,65000,53108,53116,500,500,11884
730,72943921,72943937,72952365,8444,16,8428,65000,53116,53123,500,500,11877
731,73043967,73043983,73052375,8408,16,8392,65000,53123,53131,500,500,11869
732,73144014,73144030,73152369,8355,16,8339,65000,53131,53138,500,500,11862
733,73244059,73244075,73252368,8309,16,8293,65000,53138,53146,500,500,11854
734,73344105,73344121,73352386,8281,16,8265,65000,53146,53153,500,500,11847
735,73444167,73444183,73452392,8225,16,8209,65000,53153,53161,500,500,11839
736,73544212,73544228,73552388,8176,16,8160,65000,53161,53168,500,500,11832
737,73644257,73644273,73652375,8118,16,8102,65000,53168,53175,500,500,11825
738,73744303,73744320,73752369,8066,17,8049,65000,53175,53183,500,500,11817
739,73844349,73844365,73852369,8020,16,8004,65000,53183,53190,500,500,11810
740,73944414,73944430,73952375,7961,16,7945,65000,53190,53197,500,500,11803
741,74044460,74044476,74052371,7911,16,7895,65000,53197,53204,500,500,11796
742,74144506,74144522,74152368,7862,16,7846,65000,53204,53211,500,500,11789
743,74244552,74244568,74252366,7814,16,7798,65000,53211,53219,500,500,11781
744,74344597,74344613,74352378,7781,16,7765,65000,53219,53226,500,500,11774
745,74444643,74444659,74452371,7728,16,7712,65000,53226,53233,500,500,11767
746,74544689,74544705,74552369,7680,16,7664,65000,53233,53240,500,500,11760
747,74644735,74644752,74652379,7644,17,7627,65000,53240,53247,500,500,11753
748,74744782,74744798,74752371,7589,16,7573,65000,53247,53254,500,500,11746
749,74844827,74844843,74852369,7542,16,7526,65000,53254,53261,500,500,11739
750,74944873,74944889,74952366,7493,16,7477,65000,53261,53268,500,500,11732
751,75044919,75044935,75052379,7460,16,7444,65000,53268,53275,500,500,11725
752,75144965,75144981,75152373,7408,16,7392,65000,53275,53282,500,500,11718
753,75245011,75245027,75252374,7363,16,7347,65000,53282,53289,500,500,11711
754,75345057,75345073,75352372,7315,16,7299,65000,53289,53295,500,500,11705
755,75445103,75445119,75452368,7265,16,7249,65000,53295,53302,500,500,11698
756,75545149,75545165,75552389,7240,16,7224,65000,53302,53309,500,500,11691
757,75645213,75645229,75652356,7143,16,7127,65000,53309,53316,500,500,11684
758,75745257,75745273,75752374,7117,16,7101,65000,53316,53323,500,500,11677
759,75845303,75845319,75852372,7069,16,7053,65000,53323,53329,500,500,11671
760,75945349,75945365,75952367,7018,16,7002,65000,53329,53336,500,500,11664
761,76045394,76045410,76052365,6971,16,6955,65000,53336,53343,500,500,11657
762,76145440,76145456,76152379,6939,16,6923,65000,53343,53349,500,500,11651
763,76245486,76245502,76252348,6862,16,6846,65000,53349,53356,500,500,11644
764,76345532,76345548,76352374,6842,16,6826,65000,53356,53362,500,500,11638
765,76445578,76445595,76452367,6789,17,6772,65000,53362,53369,500,500,11631
766,76545624,76545640,76552369,6745,16,6729,65000,53369,53376,500,500,11624
767,76645670,76645686,76652368,6698,16,6682,65000,53376,53382,500,500,11618
768,76745716,76745732,76752371,6655,16,6639,65000,53382,53388,500,500,11612
769,76845762,76845778,76852372,6610,16,6594,65000,53388,53395,500,500,11605
770,76945808,76945824,76952367,6559,16,6543,65000,53395,53401,500,500,11599
771,77045854,77045870,77052376,6522,16,6506,65000,53401,53408,500,500,11592
772,77145901,77145917,77152369,6468,16,6452,65000,53408,53414,500,500,11586
773,77245947,77245963,77252369,6422,16,6406,65000,53414,53420,500,500,11580
774,77345992,77346008,77352366,6374,16,6358,65000,53420,53427,500,500,11573
775,77446038,77446054,77452375,6337,16,6321,65000,53427,53433,500,500,11567
776,77546085,77546101,77552368,6283,16,6267,65000,53433,53439,500,500,11561
777,77646131,77646147,77652366,6235,16,6219,65000,53439,53446,500,500,11554
778,77746177,77746193,77752376,6199,16,6183,65000,53446,53452,500,500,11548
779,77846223,77846239,77852371,6148,16,6132,65000,53452,53458,500,500,11542
780,77946269,77946285,77952368,6099,16,6083,65000,53458,53464,500,500,11536
781,78046315,78046331,78052368,6053,16,6037,65000,53464,53470,500,500,11530
782,78146361,78146377,78152386,6025,16,6009,65000,53470,53476,500,500,11524
783,78246424,78246440,78252381,5957,16,5941,65000,53476,53483,500,500,11517
784,78346470,78346486,78352382,5912,16,5896,65000,53483,53489,500,500,11511
785,78446516,78446532,78452373,5857,16,5841,65000,53489,53495,500,500,11505
786,78546562,78546578,78552370,5808,16,5792,65000,53495,53501,500,500,11499
787,78646608,78646624,78652368,5760,16,5744,65000,53501,53507,500,500,11493
788,78746654,78746670,78752375,5721,16,5705,65000,53507,53513,500,500,11487
789,78846701,78846717,78852370,5669,16,5653,65000,53513,53519,500,500,11481
790,78946746,78946762,78952372,5626,16,5610,65000,53519,53524,500,500,11476
791,79046792,79046808,79052367,5575,16,5559,65000,53524,53530,500,500,11470
792,79146838,79146854,79152376,5538,16,5522,65000,53530,53536,500,500,11464
793,79246884,79246900,79252370,5486,16,5470,65000,53536,53542,500,500,11458
794,79346930,79346946,79352369,5439,16,5423,65000,53542,53548,500,500,11452
795,79446976,79446992,79452373,5397,16,5381,65000,53548,53554,500,500,11446
796,79547022,79547038,79552367,5345,16,5329,65000,53554,53560,500,500,11440
797,79647067,79647083,79652370,5303,16,5287,65000,53560,53565,500,500,11435
798,79747114,79747130,79752363,5249,16,5233,65000,53565,53571,500,500,11429
799,79847160,79847175,79852372,5212,15,5197,65000,53571,53577,500,500,11423
800,79947207,79947223,79954274,7067,16,7051,65000,53577,53582,500,500,11418
801,80047257,80047273,80052331,5074,16,5058,65000,53582,53588,500,500,11412
802,80147302,80147318,80152393,5091,16,5075,65000,53588,53594,500,500,11406
803,80247349,80247365,80252370,5021,16,5005,65000,53594,53599,500,500,11401
804,80347394,80347410,80352369,4975,16,4959,65000,53599,53605,500,500,11395
805,80447440,80447456,80452364,4924,16,4908,65000,53605,53611,500,500,11389
806,80547486,80547502,80552374,4888,16,4872,65000,53611,53616,500,500,11384
807,80647533,80647549,80652369,4836,16,4820,65000,53616,53622,500,500,11378
808,80747578,80747594,80752367,4789,16,4773,65000,53622,53627,500,500,11373
809,80847624,80847640,80852384,4760,16,4744,65000,53627,53633,500,500,11367
810,80947686,80947702,80952388,4702,16,4686,65000,53633,53638,500,500,11362
811,81047732,81047748,81052384,4652,16,4636,65000,53638,53644,500,500,11356
812,81147777,81147793,81152373,4596,16,4580,65000,53644,53649,500,500,11351
813,81247823,81247838,81252370,4547,15,4532,65000,53649,53654,500,500,11346
814,81347869,81347885,81352369,4500,16,4484,65000,53654,53660,500,500,11340
815,81447914,81447930,81452375,4461,16,4445,65000,53660,53665,500,500,11335
816,81547961,81547977,81552377,4416,16,4400,65000,53665,53671,500,500,11329
817,81648007,81648023,81652369,4362,16,4346,65000,53671,53676,500,500,11324
818,81748053,81748069,81752368,4315,16,4299,65000,53676,53681,500,500,11319
819,81848098,81848114,81852376,4278,16,4262,65000,53681,53686,500,500,11314
820,81948145,81948161,81952371,4226,16,4210,65000,53686,53692,500,500,11308
821,82048190,82048206,82052371,4181,16,4165,65000,53692,53697,500,500,11303
822,82148236,82148252,82152366,4130,16,4114,65000,53697,53702,500,500,11298
823,82248282,82248298,82252373,4091,16,4075,65000,53702,53707,500,500,11293
824,82348328,82348344,82352367,4039,16,4023,65000,53707,53712,500,500,11288
825,82448373,82448389,82452370,3997,16,3981,65000,53712,53718,500,500,11282
826,82548419,82548435,82552368,3949,16,3933,65000,53718,53723,500,500,11277
827,82648464,82648480,82652370,3906,16,3890,65000,53723,53728,500,500,11272
828,82748510,82748526,82752368,3858,16,3842,65000,53728,53733,500,500,11267
829,82848555,82848571,82852367,3812,16,3796,65000,53733,53738,500,500,11262
830,82948600,82948616,82952372,3772,16,3756,65000,53738,53743,500,500,11257
831,83048646,83048662,83052376,3730,16,3714,65000,53743,53748,500,500,11252
832,83148692,83148708,83152363,3671,16,3655,65000,53748,53753,500,500,11247
833,83248737,83248753,83252378,3641,16,3625,65000,53753,53758,500,500,11242
834,83348782,83348798,83352367,3585,16,3569,65000,53758,53763,500,500,11237
835,83448827,83448843,83452373,3546,16,3530,65000,53763,53768,500,500,11232
836,83548873,83548889,83552366,3493,16,3477,65000,53768,53773,500,500,11227
837,83648918,83648934,83652393,3475,16,3459,65000,53773,53778,500,500,11222
838,83748982,83748999,83752387,3405,17,3388,65000,53778,53783,500,500,11217
839,83849027,83849043,83852382,3355,16,3339,65000,53783,53788,500,500,11212
840,83949073,83949089,83952372,3299,16,3283,65000,53788,53792,500,500,11208
841,84049118,84049134,84052369,3251,16,3235,65000,53792,53797,500,500,11203
842,84149164,84149180,84152366,3202,16,3186,65000,53797,53802,500,500,11198
843,84249209,84249225,84252375,3166,16,3150,65000,53802,53807,500,500,11193
844,84349255,84349271,84352369,3114,16,3098,65000,53807,53812,500,500,11188
845,84449301,84449317,84452369,3068,16,3052,65000,53812,53816,500,500,11184
846,84549346,84549362,84552375,3029,16,3013,65000,53816,53821,500,500,11179
847,84649392,84649408,84652376,2984,16,2968,65000,53821,53826,500,500,11174
848,84749437,84749453,84752373,2936,16,2920,65000,53826,53831,500,500,11169
849,84849483,84849499,84852376,2893,16,2877,65000,53831,53835,500,500,11165
850,84949529,84949545,84952368,2839,16,2823,65000,53835,53840,500,500,11160
851,85049574,85049590,85051381,1807,16,1791,65000,53840,53810,500,500,11190
852,85149619,85149635,85151489,1870,16,1854,65000,53810,53779,500,500,11221
853,85249664,85249680,85261648,11984,16,11968,65000,53779,53749,500,500,11251
854,85349710,85349726,85361754,12044,16,12028,65000,53749,53719,500,500,11281
855,85449755,85449771,85461820,12065,16,12049,65000,53719,53689,500,500,11311
856,85549801,85549817,85561388,11587,16,11571,65000,53689,53660,500,500,11340
857,85649846,85649862,85661491,11645,16,11629,65000,53660,53630,500,500,11370
858,85749891,85749907,85761518,11627,16,11611,65000,53630,53600,500,500,11400
859,85849955,85849971,85861569,11614,16,11598,65000,53600,53571,500,500,11429
860,85950021,85950037,85961652,11631,16,11615,65000,53571,53542,500,500,11458
861,86050067,86050083,86061692,11625,16,11609,65000,53542,53513,500,500,11487
862,86150115,86150131,86161741,11626,16,11610,65000,53513,53483,500,500,11517
863,86250180,86250196,86261825,11645,16,11629,65000,53483,53455,500,500,11545
864,86350226,86350243,86361869,11643,17,11626,65000,53455,53426,500,500,11574
865,86450272,86450288,86461926,11654,16,11638,65000,53426,53397,500,500,11603
866,86550332,86550347,86561969,11637,15,11622,65000,53397,53368,500,500,11632
867,86650395,86650411,86662016,11621,16,11605,65000,53368,53340,500,500,11660
868,86750459,86750475,86762069,11610,16,11594,65000,53340,53312,500,500,11688
869,86850507,86850523,86862131,11624,16,11608,65000,53312,53283,500,500,11717
870,86950554,86950570,86962184,11630,16,11614,65000,53283,53255,500,500,11745
871,87050604,87050619,87062232,11628,15,11613,65000,53255,53227,500,500,11773
872,87150668,87150684,87162289,11621,16,11605,65000,53227,53199,500,500,11801
873,87250716,87250732,87262330,11614,16,11598,65000,53199,53171,500,500,11829
874,87350779,87350795,87362371,11592,16,11576,65000,53171,53144,500,500,11856
875,87450841,87450857,87462371,11530,16,11514,65000,53144,53116,500,500,11884
876,87550886,87550902,87562386,11500,16,11484,65000,53116,53089,500,500,11911
877,87650932,87650948,87662392,11460,16,11444,65000,53089,53061,500,500,11939
878,87750977,87750992,87762376,11399,15,11384,65000,53061,53034,500,500,11966
879,87851022,87851038,87862374,11352,16,11336,65000,53034,53007,500,500,11993
880,87951085,87951101,87962370,11285,16,11269,65000,53007,52980,500,500,12020
881,88051131,88051147,88062367,11236,16,11220,65000,52980,52953,500,500,12047
882,88151176,88151192,88162376,11200,16,11184,65000,52953,52926,500,500,12074
883,88251223,88251239,88262367,11144,16,11128,65000,52926,52900,500,500,12100
884,88351269,88351285,88362369,11100,16,11084,65000,52900,52873,500,500,12127
885,88451316,88451332,88462374,11058,16,11042,65000,52873,52846,500,500,12154
886,88551363,88551379,88562366,11003,16,10987,65000,52846,52820,500,500,12180
887,88651410,88651426,88662371,10961,16,10945,65000,52820,52794,500,500,12206
888,88751457,88751473,88762368,10911,16,10895,65000,52794,52768,500,500,12232
889,88851504,88851520,88862372,10868,16,10852,65000,52768,52742,500,500,12258
890,88951551,88951567,88962366,10815,16,10799,65000,52742,52716,500,500,12284
891,89051597,89051613,89062365,10768,16,10752,65000,52716,52690,500,500,12310
892,89151645,89151661,89162392,10747,16,10731,65000,52690,52664,500,500,12336
893,89251711,89251727,89262387,10676,16,10660,65000,52664,52638,500,500,12362
894,89351758,89351774,89362384,10626,16,10610,65000,52638,52613,500,500,12387
895,89451805,89451821,89462373,10568,16,10552,65000,52613,52587,500,500,12413
896,89551852,89551868,89562365,10513,16,10497,65000,52587,52562,500,500,12438
897,89651899,89651915,89662366,10467,16,10451,65000,52562,52537,500,500,12463
898,89751946,89751962,89762375,10429,16,10413,65000,52537,52512,500,500,12488
899,89851993,89852009,89862368,10375,16,10359,65000,52512,52487,500,500,12513
900,89952039,89952055,89965219,13180,16,13164,65000,52487,52462,500,500,12538
901,90052089,90052106,90062338,10249,17,10232,65000,52462,52437,500,500,12563
902,90152135,90152151,90162372,10237,16,10221,65000,52437,52412,500,500,12588
903,90252184,90252200,90262367,10183,16,10167,65000,52412,52387,500,500,12613
904,90352230,90352246,90362367,10137,16,10121,65000,52387,52363,500,500,12637
905,90452277,90452293,90462373,10096,16,10080,65000,52363,52338,500,500,12662
906,90552324,90552340,90562367,10043,16,10027,65000,52338,52314,500,500,12686
907,90652371,90652387,90662368,9997,16,9981,65000,52314,52290,500,500,12710
908,90752418,90752434,90762375,9957,16,9941,65000,52290,52266,500,500,12734
909,90852465,90852481,90862377,9912,16,9896,65000,52266,52241,500,500,12759
910,90952529,90952545,90962375,9846,16,9830,65000,52241,52218,500,500,12782
911,91052576,91052592,91062371,9795,16,9779,65000,52218,52194,500,500,12806
912,91152622,91152638,91162368,9746,16,9730,65000,52194,52170,500,500,12830
913,91252668,91252684,91262367,9699,16,9683,65000,52170,52146,500,500,12854
914,91352714,91352730,91362380,9666,16,9650,65000,52146,52123,500,500,12877
915,91452760,91452776,91462374,9614,16,9598,65000,52123,52099,500,500,12901
916,91552804,91552821,91562373,9569,17,9552,65000,52099,52076,500,500,12924
917,91652850,91652866,91662368,9518,16,9502,65000,52076,52052,500,500,12948
918,91752895,91752911,91762369,9474,16,9458,65000,52052,52029,500,500,12971
919,91852941,91852957,91862386,9445,16,9429,65000,52029,52006,500,500,12994
920,91953004,91953020,91962348,9344,16,9328,65000,52006,51983,500,500,13017
921,92053051,92053067,92062369,9318,16,9302,65000,51983,51960,500,500,13040
922,92153097,92153113,92162371,9274,16,9258,65000,51960,51937,500,500,13063
923,92253142,92253158,92262369,9227,16,9211,65000,51937,51915,500,500,13085
924,92353188,92353204,92362368,9180,16,9164,65000,51915,51892,500,500,13108
925,92453234,92453250,92462372,9138,16,9122,65000,51892,51869,500,500,13131
926,92553279,92553295,92562369,9090,16,9074,65000,51869,51847,500,500,13153
927,92653324,92653340,92662367,9043,16,9027,65000,51847,51824,500,500,13176
928,92753369,92753385,92762369,9000,16,8984,65000,51824,51802,500,500,13198
929,92853416,92853432,92862371,8955,16,8939,65000,51802,51780,500,500,13220
930,92953462,92953478,92962373,8911,16,8895,65000,51780,51758,500,500,13242
931,93053508,93053524,93062367,8859,16,8843,65000,51758,51736,500,500,13264
932,93153553,93153569,93162373,8820,16,8804,65000,51736,51714,500,500,13286
933,93253599,93253615,93262369,8770,16,8754,65000,51714,51692,500,500,13308
934,93353645,93353661,93362369,8724,16,8708,65000,51692,51670,500,500,13330
935,93453690,93453706,93462365,8675,16,8659,65000,51670,51649,500,500,13351
936,93553736,93553752,93562373,8637,16,8621,65000,51649,51627,500,500,13373
937,93653782,93653798,93662369,8587,16,8571,65000,51627,51605,500,500,13395
938,93753827,93753843,93762369,8542,16,8526,65000,51605,51584,500,500,13416
939,93853873,93853889,93862383,8510,16,8494,65000,51584,51563,500,500,13437
940,93953920,93953935,93962388,8468,15,8453,65000,51563,51541,500,500,13459
941,94053965,94053981,94062382,8417,16,8401,65000,51541,51520,500,500,13480
942,94154010,94154026,94162373,8363,16,8347,65000,51520,51499,500,500,13501
943,94254055,94254071,94262369,8314,16,8298,65000,51499,51478,500,500,13522
944,94354102,94354118,94362368,8266,16,8250,65000,51478,51457,500,500,13543
945,94454148,94454164,94462377,8229,16,8213,65000,51457,51436,500,500,13564
946,94554195,94554210,94562372,8177,15,8162,65000,51436,51416,500,500,13584
947,94654241,94654256,94662374,8133,15,8118,65000,51416,51395,500,500,13605
948,94754286,94754303,94762369,8083,17,8066,65000,51395,51374,500,500,13626
949,94854332,94854348,94862365,8033,16,8017,65000,51374,51354,500,500,13646
950,94954377,94954393,94962372,7995,16,7979,65000,51354,51334,500,500,13666
951,95054424,95054440,95062367,7943,16,7927,65000,51334,51348,500,500,13652
952,95154469,95154485,95162365,7896,16,7880,65000,51348,51363,500,500,13637
953,95254515,95254531,95262373,7858,16,7842,65000,51363,51377,500,500,13623
954,95354561,95354577,95362369,7808,16,7792,65000,51377,51392,500,500,13608
955,95454606,95454622,95462365,7759,16,7743,65000,51392,51406,500,500,13594
956,95554652,95554668,95562377,7725,16,7709,65000,51406,51421,500,500,13579
957,95654698,95654714,95662371,7673,16,7657,65000,51421,51435,500,500,13565
958,95754744,95754760,95762367,7623,16,7607,65000,51435,51449,500,500,13551
959,95854789,95854805,95862367,7578,16,7562,65000,51449,51463,500,500,13537
960,95954835,95954852,95962376,7541,17,7524,65000,51463,51478,500,500,13522
961,96054882,96054898,96062371,7489,16,7473,65000,51478,51492,500,500,13508
962,96154927,96154943,96162366,7439,16,7423,65000,51492,51506,500,500,13494
963,96254973,96254989,96262371,7398,16,7382,65000,51506,51520,500,500,13480
964,96355020,96355036,96362368,7348,16,7332,65000,51520,51534,500,500,13466
965,96455066,96455082,96462370,7304,16,7288,65000,51534,51547,500,500,13453
966,96555112,96555128,96562366,7254,16,7238,65000,51547,51561,500,500,13439
967,96655159,96655175,96662390,7231,16,7215,65000,51561,51575,500,500,13425
968,96755205,96755221,96762383,7178,16,7162,65000,51575,51589,500,500,13411
969,96855251,96855267,96862382,7131,16,7115,65000,51589,51602,500,500,13398
970,96955297,96955313,96962371,7074,16,7058,65000,51602,51616,500,500,13384
971,97055343,97055359,97062370,7027,16,7011,65000,51616,51630,500,500,13370
972,97155388,97155404,97162368,6980,16,6964,65000,51630,51643,500,500,13357
973,97255435,97255451,97262374,6939,16,6923,65000,51643,51656,500,500,13344
974,97355481,97355497,97362371,6890,16,6874,65000,51656,51670,500,500,13330
975,97455527,97455543,97462368,6841,16,6825,65000,51670,51683,500,500,13317
976,97555572,97555588,97562367,6795,16,6779,65000,51683,51696,500,500,13304
977,97655619,97655635,97662378,6759,16,6743,65000,51696,51710,500,500,13290
978,97755665,97755681,97762371,6706,16,6690,65000,51710,51723,500,500,13277
979,97855710,97855726,97862370,6660,16,6644,65000,51723,51736,500,500,13264
980,97955756,97955772,97962370,6614,16,6598,65000,51736,51749,500,500,13251
981,98055803,98055819,98062370,6567,16,6551,65000,51749,51762,500,500,13238
982,98155849,98155865,98162366,6517,16,6501,65000,51762,51775,500,500,13225
983,98255894,98255910,98262365,6471,16,6455,65000,51775,51788,500,500,13212
984,98355940,98355957,98362373,6433,17,6416,65000,51788,51801,500,500,13199
985,98455987,98456003,98462368,6381,16,6365,65000,51801,51813,500,500,13187
986,98556033,98556049,98562369,6336,16,6320,65000,51813,51826,500,500,13174
987,98656079,98656095,98662377,6298,16,6282,65000,51826,51839,500,500,13161
988,98756125,98756141,98762370,6245,16,6229,65000,51839,51852,500,500,13148
989,98856170,98856186,98862367,6197,16,6181,65000,51852,51864,500,500,13136
990,98956216,98956232,98962368,6152,16,6136,65000,51864,51877,500,500,13123
991,99056263,99056279,99062371,6108,16,6092,65000,51877,51889,500,500,13111
992,99156309,99156325,99162375,6066,16,6050,65000,51889,51902,500,500,13098
993,99256355,99256371,99262366,6011,16,5995,65000,51902,51914,500,500,13086
994,99356401,99356417,99362383,5982,16,5966,65000,51914,51926,500,500,13074
995,99456463,99456479,99462391,5928,16,5912,65000,51926,51939,500,500,13061
996,99556509,99556524,99562386,5877,15,5862,65000,51939,51951,500,500,13049
997,99656554,99656570,99662372,5818,16,5802,65000,51951,51963,500,500,13037
998,99756600,99756616,99762372,5772,16,5756,65000,51963,51975,500,500,13025
999,99856646,99856662,99862366,5720,16,5704,65000,51975,51987,500,500,13013
1000,99956692,99956707,99964313,7621,15,7606,65000,51987,51999,500,500,13001
1001,100056742,100056758,100062332,5590,16,5574,65000,51999,52011,500,500,12989
1002,100156788,100156804,100162372,5584,16,5568,65000,52011,52023,500,500,12977
1003,100256835,100256851,100262364,5529,16,5513,65000,52023,52035,500,500,12965
1004,100356880,100356896,100362375,5495,16,5479,65000,52035,52047,500,500,12953
1005,100456927,100456943,100462371,5444,16,5428,65000,52047,52059,500,500,12941
1006,100556972,100556988,100562370,5398,16,5382,65000,52059,52071,500,500,12929
1007,100657018,100657034,100662371,5353,16,5337,65000,52071,52082,500,500,12918
1008,100757064,100757080,100762374,5310,16,5294,65000,52082,52094,500,500,12906
1009,100857110,100857126,100862372,5262,16,5246,65000,52094,52106,500,500,12894
1010,100957156,100957171,100962370,5214,15,5199,65000,52106,52117,500,500,12883
1011,101057202,101057218,101062365,5163,16,5147,65000,52117,52129,500,500,12871
1012,101157248,101157264,101162374,5126,16,5110,65000,52129,52140,500,500,12860
1013,101257295,101257311,101262367,5072,16,5056,65000,52140,52152,500,500,12848
1014,101357340,101357356,101362367,5027,16,5011,65000,52152,52163,500,500,12837
1015,101457386,101457402,101462373,4987,16,4971,65000,52163,52174,500,500,12826
1016,101557452,101557469,101562367,4915,17,4898,65000,52174,52186,500,500,12814
1017,101657498,101657514,101662364,4866,16,4850,65000,52186,52197,500,500,12803
1018,101757545,101757561,101762375,4830,16,4814,65000,52197,52208,500,500,12792
1019,101857592,101857608,101862369,4777,16,4761,65000,52208,52219,500,500,12781
1020,101957652,101957668,101962368,4716,16,4700,65000,52219,52231,500,500,12769
1021,102057698,102057714,102062365,4667,16,4651,65000,52231,52242,500,500,12758
1022,102157744,102157760,102162390,4646,16,4630,65000,52242,52253,500,500,12747
1023,102257809,102257825,102262386,4577,16,4561,65000,52253,52264,500,500,12736
1024,102357854,102357870,102362381,4527,16,4511,65000,52264,52275,500,500,12725
1025,102457901,102457917,102462371,4470,16,4454,65000,52275,52285,500,500,12715
1026,102557946,102557962,102562365,4419,16,4403,65000,52285,52296,500,500,12704
1027,102657991,102658007,102662366,4375,16,4359,65000,52296,52307,500,500,12693
1028,102758037,102758053,102762369,4332,16,4316,65000,52307,52318,500,500,12682
1029,102858084,102858100,102862373,4289,16,4273,65000,52318,52329,500,500,12671
1030,102958129,102958145,102962365,4236,16,4220,65000,52329,52339,500,500,12661
1031,103058175,103058191,103062374,4199,16,4183,65000,52339,52350,500,500,12650
1032,103158221,103158238,103162370,4149,17,4132,65000,52350,52361,500,500,12639
1033,103258267,103258283,103262369,4102,16,4086,65000,52361,52371,500,500,12629
1034,103358313,103358329,103362368,4055,16,4039,65000,52371,52382,500,500,12618
1035,103458359,103458375,103462377,4018,16,4002,65000,52382,52392,500,500,12608
1036,103558419,103558435,103562370,3951,16,3935,65000,52392,52403,500,500,12597
1037,103658464,103658480,103662374,3910,16,3894,65000,52403,52413,500,500,12587
1038,103758509,103758525,103762365,3856,16,3840,65000,52413,52423,500,500,12577
1039,103858555,103858571,103862364,3809,16,3793,65000,52423,52434,500,500,12566
1040,103958600,103958616,103962373,3773,16,3757,65000,52434,52444,500,500,12556
1041,104058646,104058662,104062370,3724,16,3708,65000,52444,52454,500,500,12546
1042,104158691,104158707,104162364,3673,16,3657,65000,52454,52464,500,500,12536
1043,104258736,104258752,104262380,3644,16,3628,65000,52464,52474,500,500,12526
1044,104358797,104358813,104362348,3551,16,3535,65000,52474,52485,500,500,12515
1045,104458842,104458858,104462366,3524,16,3508,65000,52485,52495,500,500,12505
1046,104558887,104558903,104562376,3489,16,3473,65000,52495,52505,500,500,12495
1047,104658933,104658949,104662370,3437,16,3421,65000,52505,52515,500,500,12485
1048,104758978,104758994,104762370,3392,16,3376,65000,52515,52525,500,500,12475
1049,104859024,104859041,104862388,3364,17,3347,65000,52525,52534,500,500,12466
1050,104959086,104959101,104962392,3306,15,3291,65000,52534,52544,500,500,12456
1051,105059131,105059147,105062391,3260,16,3244,65000,52544,52554,500,500,12446
1052,105159176,105159192,105162367,3191,16,3175,65000,52554,52564,500,500,12436
1053,105259221,105259238,105262372,3151,17,3134,65000,52564,52574,500,500,12426
1054,105359267,105359283,105362365,3098,16,3082,65000,52574,52583,500,500,12417
1055,105459312,105459328,105462374,3062,16,3046,65000,52583,52593,500,500,12407
1056,105559358,105559374,105562368,3010,16,2994,65000,52593,52603,500,500,12397
1057,105659403,105659419,105662370,2967,16,2951,65000,52603,52612,500,500,12388
1058,105759448,105759465,105762365,2917,17,2900,65000,52612,52622,500,500,12378
1059,105859494,105859510,105862377,2883,16,2867,65000,52622,52631,500,500,12369
1060,105959539,105959555,105962372,2833,16,2817,65000,52631,52641,500,500,12359
1061,106059585,106059601,106061385,1800,16,1784,65000,52641,52650,500,500,12350
1062,106159630,106159646,106161499,1869,16,1853,65000,52650,52660,500,500,12340
1063,106259675,106259692,106271662,11987,17,11970,65000,52660,52669,500,500,12331
1064,106359722,106359738,106371766,12044,16,12028,65000,52669,52678,500,500,12322
1065,106459767,106459783,106471353,11586,16,11570,65000,52678,52688,500,500,12312
1066,106559813,106559829,106571462,11649,16,11633,65000,52688,52697,500,500,12303
1067,106659858,106659875,106671488,11630,17,11613,65000,52697,52706,500,500,12294
1068,106759923,106759939,106771541,11618,16,11602,65000,52706,52715,500,500,12285
1069,106859973,106859989,106871593,11620,16,11604,65000,52715,52724,500,500,12276
1070,106960037,106960053,106971651,11614,16,11598,65000,52724,52733,500,500,12267
1071,107060085,107060101,107071738,11653,16,11637,65000,52733,52743,500,500,12257
1072,107160131,107160147,107171764,11633,16,11617,65000,52743,52752,500,500,12248
1073,107260195,107260211,107271822,11627,16,11611,65000,52752,52761,500,500,12239
1074,107360242,107360258,107371871,11629,16,11613,65000,52761,52770,500,500,12230
1075,107460321,107460338,107471931,11610,17,11593,65000,52770,52778,500,500,12222
1076,107560353,107560369,107571969,11616,16,11600,65000,52778,52787,500,500,12213
1077,107660414,107660429,107672054,11640,15,11625,65000,52787,52796,500,500,12204
1078,107760459,107760475,107772076,11617,16,11601,65000,52796,52805,500,500,12195
1079,107860530,107860546,107872175,11645,16,11629,65000,52805,52814,500,500,12186
1080,107960575,107960591,107972196,11621,16,11605,65000,52814,52823,500,500,12177
1081,108060621,108060638,108072249,11628,17,11611,65000,52823,52831,500,500,12169
1082,108160668,108160684,108172292,11624,16,11608,65000,52831,52840,500,500,12160
1083,108260731,108260747,108272347,11616,16,11600,65000,52840,52849,500,500,12151
1084,108360778,108360794,108372383,11605,16,11589,65000,52849,52857,500,500,12143
1085,108460824,108460840,108472349,11525,16,11509,65000,52857,52866,500,500,12134
1086,108560869,108560885,108572389,11520,16,11504,65000,52866,52874,500,500,12126
1087,108660932,108660948,108672389,11457,16,11441,65000,52874,52883,500,500,12117
1088,108760977,108760993,108772367,11390,16,11374,65000,52883,52891,500,500,12109
1089,108861022,108861039,108872362,11340,17,11323,65000,52891,52900,500,500,12100
1090,108961082,108961098,108972376,11294,16,11278,65000,52900,52908,500,500,12092
1091,109061127,109061143,109072369,11242,16,11226,65000,52908,52916,500,500,12084
1092,109161172,109161188,109172369,11197,16,11181,65000,52916,52925,500,500,12075
1093,109261219,109261235,109272374,11155,16,11139,65000,52925,52933,500,500,12067
1094,109361266,109361282,109372368,11102,16,11086,65000,52933,52941,500,500,12059
1095,109461313,109461330,109472370,11057,17,11040,65000,52941,52950,500,500,12050
1096,109561361,109561377,109572363,11002,16,10986,65000,52950,52958,500,500,12042
1097,109661407,109661423,109672384,10977,16,10961,65000,52958,52966,500,500,12034
1098,109761472,109761488,109772380,10908,16,10892,65000,52966,52974,500,500,12026
1099,109861518,109861534,109872382,10864,16,10848,65000,52974,52982,500,500,12018
1100,109961565,109961581,109974317,12752,16,12736,65000,52982,52990,500,500,12010
1101,110061616,110061632,110072333,10717,16,10701,65000,52990,52998,500,500,12002
1102,110161663,110161679,110172370,10707,16,10691,65000,52998,53006,500,500,11994
1103,110261711,110261727,110272376,10665,16,10649,65000,53006,53014,500,500,11986
1104,110361757,110361773,110372372,10615,16,10599,65000,53014,53022,500,500,11978
1105,110461805,110461821,110472369,10564,16,10548,65000,53022,53030,500,500,11970
1106,110561851,110561867,110572370,10519,16,10503,65000,53030,53038,500,500,11962
1107,110661898,110661914,110672374,10476,16,10460,65000,53038,53046,500,500,11954
1108,110761945,110761961,110772368,10423,16,10407,65000,53046,53054,500,500,11946
1109,110861992,110862008,110872371,10379,16,10363,65000,53054,53061,500,500,11939
1110,110962038,110962054,110972368,10330,16,10314,65000,53061,53069,500,500,11931
1111,111062085,111062101,111072371,10286,16,10270,65000,53069,53077,500,500,11923
1112,111162132,111162148,111172370,10238,16,10222,65000,53077,53085,500,500,11915
1113,111262179,111262196,111272366,10187,17,10170,65000,53085,53092,500,500,11908
1114,111362226,111362242,111372373,10147,16,10131,65000,53092,53100,500,500,11900
1115,111462273,111462289,111472368,10095,16,10079,65000,53100,53108,500,500,11892
1116,111562319,111562335,111572367,10048,16,10032,65000,53108,53115,500,500,11885
1117,111662366,111662382,111672373,10007,16,9991,65000,53115,53123,500,500,11877
1118,111762413,111762429,111772368,9955,16,9939,65000,53123,53130,500,500,11870
1119,111862460,111862476,111872368,9908,16,9892,65000,53130,53138,500,500,11862
1120,111962522,111962538,111972369,9847,16,9831,65000,53138,53145,500,500,11855
1121,112062571,112062587,112072374,9803,16,9787,65000,53145,53152,500,500,11848
1122,112162616,112162632,112172370,9754,16,9738,65000,53152,53160,500,500,11840
1123,112262662,112262678,112272368,9706,16,9690,65000,53160,53167,500,500,11833
1124,112362707,112362723,112372385,9678,16,9662,65000,53167,53175,500,500,11825
1125,112462770,112462786,112472388,9618,16,9602,65000,53175,53182,500,500,11818
1126,112562816,112562832,112572384,9568,16,9552,65000,53182,53189,500,500,11811
1127,112662861,112662877,112672373,9512,16,9496,65000,53189,53196,500,500,11804
1128,112762907,112762923,112772370,9463,16,9447,65000,53196,53204,500,500,11796
1129,112862953,112862969,112872369,9416,16,9400,65000,53204,53211,500,500,11789
1130,112962999,112963015,112972374,9375,16,9359,65000,53211,53218,500,500,11782
1131,113063045,113063061,113072370,9325,16,9309,65000,53218,53225,500,500,11775
1132,113163090,113163106,113172370,9280,16,9264,65000,53225,53232,500,500,11768
1133,113263136,113263152,113272366,9230,16,9214,65000,53232,53239,500,500,11761
1134,113363181,113363197,113372379,9198,16,9182,65000,53239,53246,500,500,11754
1135,113463227,113463243,113472373,9146,16,9130,65000,53246,53253,500,500,11747
1136,113563273,113563289,113572371,9098,16,9082,65000,53253,53260,500,500,11740
1137,113663318,113663334,113672367,9049,16,9033,65000,53260,53267,500,500,11733
1138,113763380,113763396,113772374,8994,16,8978,65000,53267,53274,500,500,11726
1139,113863426,113863442,113872367,8941,16,8925,65000,53274,53281,500,500,11719
1140,113963472,113963488,113972369,8897,16,8881,65000,53281,53288,500,500,11712
1141,114063518,114063534,114072374,8856,16,8840,65000,53288,53295,500,500,11705
1142,114163564,114163579,114172370,8806,15,8791,65000,53295,53302,500,500,11698
1143,114263609,114263625,114272368,8759,16,8743,65000,53302,53308,500,500,11692
1144,114363655,114363671,114372369,8714,16,8698,65000,53308,53315,500,500,11685
1145,114463701,114463717,114472372,8671,16,8655,65000,53315,53322,500,500,11678
1146,114563746,114563762,114572367,8621,16,8605,65000,53322,53329,500,500,11671
1147,114663792,114663808,114672369,8577,16,8561,65000,53329,53335,500,500,11665
1148,114763838,114763854,114772376,8538,16,8522,65000,53335,53342,500,500,11658
1149,114863884,114863899,114872370,8486,15,8471,65000,53342,53349,500,500,11651
1150,114963929,114963945,114972369,8440,16,8424,65000,53349,53355,500,500,11645
1151,115063974,115063990,115072365,8391,16,8375,65000,53355,53362,500,500,11638
1152,115164020,115164036,115172390,8370,16,8354,65000,53362,53368,500,500,11632
1153,115264084,115264100,115272383,8299,16,8283,65000,53368,53375,500,500,11625
1154,115364130,115364146,115372383,8253,16,8237,65000,53375,53381,500,500,11619
1155,115464175,115464191,115472371,8196,16,8180,65000,53381,53388,500,500,11612
1156,115564221,115564237,115572368,8147,16,8131,65000,53388,53394,500,500,11606
1157,115664267,115664283,115672368,8101,16,8085,65000,53394,53401,500,500,11599
1158,115764312,115764328,115772372,8060,16,8044,65000,53401,53407,500,500,11593
1159,115864359,115864375,115872367,8008,16,7992,65000,53407,53413,500,500,11587
1160,115964403,115964420,115972368,7965,17,7948,65000,53413,53420,500,500,11580
1161,116064449,116064465,116072377,7928,16,7912,65000,53420,53426,500,500,11574
1162,116164495,116164512,116172371,7876,17,7859,65000,53426,53432,500,500,11568
1163,116264540,116264557,116272371,7831,17,7814,65000,53432,53439,500,500,11561
1164,116364586,116364602,116372369,7783,16,7767,65000,53439,53445,500,500,11555
1165,116464632,116464649,116472365,7733,17,7716,65000,53445,53451,500,500,11549
1166,116564678,116564694,116572373,7695,16,7679,65000,53451,53457,500,500,11543
1167,116664724,116664740,116672367,7643,16,7627,65000,53457,53464,500,500,11536
1168,116764769,116764785,116772369,7600,16,7584,65000,53464,53470,500,500,11530
1169,116864815,116864831,116872373,7558,16,7542,65000,53470,53476,500,500,11524
1170,116964862,116964878,116972366,7504,16,7488,65000,53476,53482,500,500,11518
1171,117064907,117064923,117072368,7461,16,7445,65000,53482,53488,500,500,11512
1172,117164953,117164970,117172371,7418,17,7401,65000,53488,53494,500,500,11506
1173,117264999,117265015,117272367,7368,16,7352,65000,53494,53500,500,500,11500
1174,117365045,117365061,117372367,7322,16,7306,65000,53500,53506,500,500,11494
1175,117465090,117465106,117472366,7276,16,7260,65000,53506,53512,500,500,11488
1176,117565136,117565152,117572375,7239,16,7223,65000,53512,53518,500,500,11482
1177,117665183,117665199,117672369,7186,16,7170,65000,53518,53524,500,500,11476
1178,117765229,117765245,117772370,7141,16,7125,65000,53524,53530,500,500,11470
1179,117865274,117865290,117872385,7111,16,7095,65000,53530,53536,500,500,11464
1180,117965321,117965337,117972391,7070,16,7054,65000,53536,53542,500,500,11458
1181,118065367,118065383,118072392,7025,16,7009,65000,53542,53547,500,500,11453
1182,118165413,118165429,118172354,6941,16,6925,65000,53547,53553,500,500,11447
1183,118265460,118265476,118272369,6909,16,6893,65000,53553,53559,500,500,11441
1184,118365506,118365522,118372370,6864,16,6848,65000,53559,53565,500,500,11435
1185,118465552,118465568,118472372,6820,16,6804,65000,53565,53570,500,500,11430
1186,118565597,118565614,118572373,6776,17,6759,65000,53570,53576,500,500,11424
1187,118665643,118665659,118672368,6725,16,6709,65000,53576,53582,500,500,11418
1188,118765689,118765705,118772371,6682,16,6666,65000,53582,53588,500,500,11412
1189,118865735,118865751,118872367,6632,16,6616,65000,53588,53593,500,500,11407
1190,118965781,118965797,118972376,6595,16,6579,65000,53593,53599,500,500,11401
1191,119065827,119065843,119072346,6519,16,6503,65000,53599,53604,500,500,11396
1192,119165873,119165889,119172377,6504,16,6488,65000,53604,53610,500,500,11390
1193,119265920,119265936,119272374,6454,16,6438,65000,53610,53616,500,500,11384
1194,119365965,119365981,119372376,6411,16,6395,65000,53616,53621,500,500,11379
1195,119466031,119466046,119472366,6335,15,6320,65000,53621,53627,500,500,11373
1196,119566076,119566092,119572370,6294,16,6278,65000,53627,53632,500,500,11368
1197,119666122,119666138,119672372,6250,16,6234,65000,53632,53638,500,500,11362
1198,119766168,119766184,119772372,6204,16,6188,65000,53638,53643,500,500,11357
1199,119866214,119866230,119872365,6151,16,6135,65000,53643,53648,500,500,11352
1200,119966260,119966276,119974311,8051,16,8035,65000,53648,53654,500,500,11346
1201,120066310,120066326,120072333,6023,16,6007,50000,53654,53659,500,500,-3659
1202,120166356,120166372,120172369,6013,16,5997,50000,53659,53665,500,500,-3665
1203,120266405,120266421,120272376,5971,16,5955,50000,53665,53670,500,500,-3670
1204,120366451,120366467,120372372,5921,16,5905,50000,53670,53675,500,500,-3675
1205,120466497,120466513,120472370,5873,16,5857,50000,53675,53681,500,500,-3681
1206,120566543,120566559,120572367,5824,16,5808,50000,53681,53686,500,500,-3686
1207,120666589,120666605,120672395,5806,16,5790,50000,53686,53691,500,500,-3691
1208,120766655,120766671,120772390,5735,16,5719,50000,53691,53696,500,500,-3696
1209,120866700,120866716,120872386,5686,16,5670,50000,53696,53702,500,500,-3702
1210,120966746,120966762,120972373,5627,16,5611,50000,53702,53707,500,500,-3707
1211,121066792,121066808,121072368,5576,16,5560,50000,53707,53712,500,500,-3712
1212,121166838,121166854,121172367,5529,16,5513,50000,53712,53717,500,500,-3717
1213,121266884,121266900,121272374,5490,16,5474,50000,53717,53722,500,500,-3722
1214,121366930,121366947,121372370,5440,17,5423,50000,53722,53727,500,500,-3727
1215,121466975,121466991,121472365,5390,16,5374,50000,53727,53732,500,500,-3732
1216,121567022,121567038,121572376,5354,16,5338,50000,53732,53738,500,500,-3738
1217,121667069,121667085,121672367,5298,16,5282,50000,53738,53743,500,500,-3743
1218,121767114,121767131,121772371,5257,17,5240,50000,53743,53748,500,500,-3748
1219,121867161,121867177,121872364,5203,16,5187,50000,53748,53753,500,500,-3753
1220,121967207,121967223,121972374,5167,16,5151,50000,53753,53758,500,500,-3758
1221,122067254,122067270,122072370,5116,16,5100,50000,53758,53763,500,500,-3763
1222,122167300,122167316,122172365,5065,16,5049,50000,53763,53768,500,500,-3768
1223,122267346,122267362,122272378,5032,16,5016,50000,53768,53772,500,500,-3772
1224,122367392,122367408,122372372,4980,16,4964,50000,53772,53777,500,500,-3777
1225,122467438,122467454,122472372,4934,16,4918,50000,53777,53782,500,500,-3782
1226,122567485,122567501,122572373,4888,16,4872,50000,53782,53787,500,500,-3787
1227,122667531,122667547,122672368,4837,16,4821,50000,53787,53792,500,500,-3792
1228,122767576,122767592,122772367,4791,16,4775,50000,53792,53797,500,500,-3797
1229,122867622,122867638,122872381,4759,16,4743,50000,53797,53802,500,500,-3802
1230,122967669,122967685,122972374,4705,16,4689,50000,53802,53806,500,500,-3806
1231,123067715,123067731,123072372,4657,16,4641,50000,53806,53811,500,500,-3811
1232,123167762,123167778,123172371,4609,16,4593,50000,53811,53816,500,500,-3816
1233,123267808,123267824,123272370,4562,16,4546,50000,53816,53821,500,500,-3821
1234,123367854,123367870,123372384,4530,16,4514,50000,53821,53825,500,500,-3825
1235,123467901,123467917,123472350,4449,16,4433,50000,53825,53830,500,500,-3830
1236,123567948,123567964,123572365,4417,16,4401,50000,53830,53835,500,500,-3835
1237,123667994,123668010,123672374,4380,16,4364,50000,53835,53839,500,500,-3839
1238,123768042,123768058,123772366,4324,16,4308,50000,53839,53844,500,500,-3844
1239,123868087,123868103,123872370,4283,16,4267,50000,53844,53849,500,500,-3849
1240,123968134,123968150,123972375,4241,16,4225,50000,53849,53853,500,500,-3853
1241,124068179,124068196,124072371,4192,17,4175,50000,53853,53858,500,500,-3858
1242,124168226,124168242,124172369,4143,16,4127,50000,53858,53862,500,500,-3862
1243,124268272,124268288,124272364,4092,16,4076,50000,53862,53867,500,500,-3867
1244,124368317,124368333,124372375,4058,16,4042,50000,53867,53872,500,500,-3872
1245,124468363,124468379,124472369,4006,16,3990,50000,53872,53876,500,500,-3876
1246,124568421,124568437,124572365,3944,16,3928,50000,53876,53881,500,500,-3881
1247,124668467,124668483,124672374,3907,16,3891,50000,53881,53885,500,500,-3885
1248,124768513,124768529,124772370,3857,16,3841,50000,53885,53889,500,500,-3889
1249,124868558,124868574,124872369,3811,16,3795,50000,53889,53894,500,500,-3894
1250,124968604,124968620,124972368,3764,16,3748,50000,53894,53898,500,500,-3898
1251,125068650,125068666,125072376,3726,16,3710,50000,53898,53903,500,500,-3903
1252,125168715,125168731,125172369,3654,16,3638,50000,53903,53907,500,500,-3907
1253,125268760,125268776,125272374,3614,16,3598,50000,53907,53912,500,500,-3912
1254,125368805,125368821,125372379,3574,16,3558,50000,53912,53916,500,500,-3916
1255,125468851,125468867,125472392,3541,16,3525,50000,53916,53920,500,500,-3920
1256,125568897,125568913,125572385,3488,16,3472,50000,53920,53925,500,500,-3925
1257,125668943,125668960,125672374,3431,17,3414,50000,53925,53929,500,500,-3929
1258,125768989,125769005,125772367,3378,16,3362,50000,53929,53933,500,500,-3933
1259,125869034,125869051,125872370,3336,17,3319,50000,53933,53937,500,500,-3937
1260,125969081,125969097,125972378,3297,16,3281,50000,53937,53942,500,500,-3942
1261,126069126,126069142,126072374,3248,16,3232,50000,53942,53946,500,500,-3946
1262,126169171,126169187,126172371,3200,16,3184,50000,53946,53950,500,500,-3950
1263,126269217,126269233,126272371,3154,16,3138,50000,53950,53954,500,500,-3954
1264,126369263,126369279,126372367,3104,16,3088,50000,53954,53958,500,500,-3958
1265,126469309,126469325,126472371,3062,16,3046,50000,53958,53963,500,500,-3963
1266,126569354,126569370,126572366,3012,16,2996,50000,53963,53967,500,500,-3967
1267,126669399,126669415,126672365,2966,16,2950,50000,53967,53971,500,500,-3971
1268,126769445,126769461,126772376,2931,16,2915,50000,53971,53975,500,500,-3975
1269,126869491,126869507,126872370,2879,16,2863,50000,53975,53979,500,500,-3979
1270,126969536,126969552,126972374,2838,16,2822,50000,53979,53983,500,500,-3983
1271,127069581,127069598,127071386,1805,17,1788,50000,53983,53987,500,500,-3987
1272,127169627,127169643,127171495,1868,16,1852,50000,53987,53991,500,500,-3991
1273,127269673,127269689,127281656,11983,16,11967,50000,53991,53995,500,500,-3995
1274,127369718,127369734,127381760,12042,16,12026,50000,53995,53999,500,500,-3999
1275,127469764,127469780,127481359,11595,16,11579,50000,53999,54003,500,500,-4003
1276,127569809,127569825,127581452,11643,16,11627,50000,54003,54007,500,500,-4007
1277,127669855,127669871,127681478,11623,16,11607,50000,54007,54011,500,500,-4011
1278,127769920,127769936,127781540,11620,16,11604,50000,54011,54015,500,500,-4015
1279,127869966,127869982,127881591,11625,16,11609,50000,54015,54019,500,500,-4019
1280,127970032,127970048,127981649,11617,16,11601,50000,54019,54023,500,500,-4023
1281,128070079,128070095,128081699,11620,16,11604,50000,54023,54027,500,500,-4027
1282,128170145,128170161,128181806,11661,16,11645,50000,54027,54031,500,500,-4031
1283,128270192,128270208,128281836,11644,16,11628,50000,54031,54035,500,500,-4035
1284,128370258,128370274,128381898,11640,16,11624,50000,54035,54039,500,500,-4039
1285,128470316,128470335,128481939,11623,19,11604,50000,54039,54043,500,500,-4043
1286,128570367,128570383,128581983,11616,16,11600,50000,54043,54046,500,500,-4046
1287,128670433,128670449,128682043,11610,16,11594,50000,54046,54050,500,500,-4050
1288,128770480,128770495,128782101,11621,15,11606,50000,54050,54054,500,500,-4054
1289,128870527,128870543,128882157,11630,16,11614,50000,54054,54058,500,500,-4058
1290,128970592,128970608,128982205,11613,16,11597,50000,54058,54062,500,500,-4062
1291,129070657,129070673,129082291,11634,16,11618,50000,54062,54065,500,500,-4065
1292,129170702,129170719,129182334,11632,17,11615,50000,54065,54069,500,500,-4069
1293,129270748,129270764,129282373,11625,16,11609,50000,54069,54073,500,500,-4073
1294,129370810,129370826,129382383,11573,16,11557,50000,54073,54076,500,500,-4076
1295,129470856,129470872,129482366,11510,16,11494,50000,54076,54080,500,500,-4080
1296,129570901,129570917,129582389,11488,16,11472,50000,54080,54084,500,500,-4084
1297,129670963,129670980,129682381,11418,17,11401,50000,54084,54088,500,500,-4088
1298,129771009,129771024,129782368,11359,15,11344,50000,54088,54091,500,500,-4091
1299,129871056,129871072,129882374,11318,16,11302,50000,54091,54095,500,500,-4095
1300,129971102,129971118,129984312,13210,16,13194,50000,54095,54098,500,500,-4098
1301,130071151,130071167,130082331,11180,16,11164,50000,54098,54102,500,500,-4102
1302,130171196,130171212,130182390,11194,16,11178,50000,54102,54106,500,500,-4106
1303,130271243,130271259,130282369,11126,16,11110,50000,54106,54109,500,500,-4109
1304,130371289,130371306,130382368,11079,17,11062,50000,54109,54113,500,500,-4113
1305,130471337,130471353,130482366,11029,16,11013,50000,54113,54116,500,500,-4116
1306,130571384,130571400,130582372,10988,16,10972,50000,54116,54120,500,500,-4120
1307,130671431,130671447,130682367,10936,16,10920,50000,54120,54123,500,500,-4123
1308,130771478,130771494,130782365,10887,16,10871,50000,54123,54127,500,500,-4127
1309,130871540,130871556,130882384,10844,16,10828,50000,54127,54130,500,500,-4130
1310,130971587,130971603,130982391,10804,16,10788,50000,54130,54134,500,500,-4134
1311,131071634,131071650,131082383,10749,16,10733,50000,54134,54137,500,500,-4137
1312,131171681,131171698,131182373,10692,17,10675,50000,54137,54141,500,500,-4141
1313,131271728,131271744,131282369,10641,16,10625,50000,54141,54144,500,500,-4144
1314,131371774,131371790,131382366,10592,16,10576,50000,54144,54148,500,500,-4148
1315,131471822,131471838,131482375,10553,16,10537,50000,54148,54151,500,500,-4151
1316,131571869,131571885,131582370,10501,16,10485,50000,54151,54154,500,500,-4154
1317,131671915,131671932,131682369,10454,17,10437,50000,54154,54158,500,500,-4158
1318,131771962,131771978,131782368,10406,16,10390,50000,54158,54161,500,500,-4161
1319,131872009,131872025,131882376,10367,16,10351,50000,54161,54165,500,500,-4165
1320,131972057,131972073,131982369,10312,16,10296,50000,54165,54168,500,500,-4168
1321,132072103,132072119,132082370,10267,16,10251,50000,54168,54171,500,500,-4171
1322,132172151,132172167,132182369,10218,16,10202,50000,54171,54175,500,500,-4175
1323,132272197,132272213,132282377,10180,16,10164,50000,54175,54178,500,500,-4178
1324,132372244,132372259,132382370,10126,15,10111,50000,54178,54181,500,500,-4181
1325,132472291,132472307,132482368,10077,16,10061,50000,54181,54184,500,500,-4184
1326,132572337,132572353,132582365,10028,16,10012,50000,54184,54188,500,500,-4188
1327,132672385,132672401,132682370,9985,16,9969,50000,54188,54191,500,500,-4191
1328,132772432,132772448,132782365,9933,16,9917,50000,54191,54194,500,500,-4194
1329,132872480,132872516,132882366,9886,36,9850,50000,54194,54197,500,500,-4197
1330,132972539,132972555,132982373,9834,16,9818,50000,54197,54201,500,500,-4201
1331,133072585,133072601,133082368,9783,16,9767,50000,54201,54204,500,500,-4204
1332,133172631,133172647,133182370,9739,16,9723,50000,54204,54207,500,500,-4207
1333,133272677,133272693,133282374,9697,16,9681,50000,54207,54210,500,500,-4210
1334,133372722,133372738,133382369,9647,16,9631,50000,54210,54213,500,500,-4213
1335,133472768,133472784,133482367,9599,16,9583,50000,54213,54216,500,500,-4216
1336,133572814,133572830,133582365,9551,16,9535,50000,54216,54220,500,500,-4220
1337,133672860,133672876,133682390,9530,16,9514,50000,54220,54223,500,500,-4223
1338,133772927,133772943,133782386,9459,16,9443,50000,54223,54226,500,500,-4226
1339,133872973,133872989,133882383,9410,16,9394,50000,54226,54229,500,500,-4229
1340,133973019,133973035,133982373,9354,16,9338,50000,54229,54232,500,500,-4232
1341,134073065,134073081,134082367,9302,16,9286,50000,54232,54235,500,500,-4235
1342,134173110,134173126,134182365,9255,16,9239,50000,54235,54238,500,500,-4238
1343,134273156,134273172,134282377,9221,16,9205,50000,54238,54241,500,500,-4241
1344,134373202,134373218,134382370,9168,16,9152,50000,54241,54244,500,500,-4244
1345,134473248,134473264,134482369,9121,16,9105,50000,54244,54247,500,500,-4247
1346,134573294,134573310,134582373,9079,16,9063,50000,54247,54250,500,500,-4250
1347,134673340,134673356,134682369,9029,16,9013,50000,54250,54253,500,500,-4253
1348,134773385,134773401,134782370,8985,16,8969,50000,54253,54256,500,500,-4256
1349,134873431,134873447,134882367,8936,16,8920,50000,54256,54259,500,500,-4259
1350,134973476,134973492,134982377,8901,16,8885,50000,54259,54262,500,500,-4262
1351,135073522,135073538,135082372,8850,16,8834,50000,54262,54265,500,500,-4265
1352,135173568,135173584,135182373,8805,16,8789,50000,54265,54268,500,500,-4268
1353,135273613,135273629,135282369,8756,16,8740,50000,54268,54271,500,500,-4271
1354,135373658,135373674,135382367,8709,16,8693,50000,54271,54274,500,500,-4274
1355,135473704,135473720,135482370,8666,16,8650,50000,54274,54277,500,500,-4277
1356,135573751,135573767,135582365,8614,16,8598,50000,54277,54280,500,500,-4280
1357,135673796,135673812,135682366,8570,16,8554,50000,54280,54283,500,500,-4283
1358,135773842,135773858,135782371,8529,16,8513,50000,54283,54285,500,500,-4285
1359,135873888,135873904,135882366,8478,16,8462,50000,54285,54288,500,500,-4288
1360,135973934,135973950,135982364,8430,16,8414,50000,54288,54291,500,500,-4291
1361,136073979,136073995,136082372,8393,16,8377,50000,54291,54294,500,500,-4294
1362,136174025,136174041,136182368,8343,16,8327,50000,54294,54297,500,500,-4297
1363,136274071,136274087,136282366,8295,16,8279,50000,54297,54300,500,500,-4300
1364,136374116,136374132,136382386,8270,16,8254,50000,54300,54302,500,500,-4302
1365,136474179,136474195,136482392,8213,16,8197,50000,54302,54305,500,500,-4305
1366,136574225,136574241,136582392,8167,16,8151,50000,54305,54308,500,500,-4308
1367,136674271,136674287,136682374,8103,16,8087,50000,54308,54311,500,500,-4311
1368,136774316,136774332,136782370,8054,16,8038,50000,54311,54313,500,500,-4313
1369,136874362,136874378,136882366,8004,16,7988,50000,54313,54316,500,500,-4316
1370,136974407,136974423,136982374,7967,16,7951,50000,54316,54319,500,500,-4319
1371,137074455,137074471,137082368,7913,16,7897,50000,54319,54322,500,500,-4322
1372,137174500,137174516,137182371,7871,16,7855,50000,54322,54324,500,500,-4324
1373,137274545,137274561,137282365,7820,16,7804,50000,54324,54327,500,500,-4327
1374,137374591,137374608,137382372,7781,17,7764,50000,54327,54330,500,500,-4330
1375,137474638,137474653,137482369,7731,15,7716,50000,54330,54332,500,500,-4332
1376,137574683,137574699,137582366,7683,16,7667,50000,54332,54335,500,500,-4335
1377,137674728,137674744,137682376,7648,16,7632,50000,54335,54338,500,500,-4338
1378,137774775,137774791,137782369,7594,16,7578,50000,54338,54340,500,500,-4340
1379,137874821,137874837,137882370,7549,16,7533,50000,54340,54343,500,500,-4343
1380,137974866,137974882,137982368,7502,16,7486,50000,54343,54346,500,500,-4346
1381,138074911,138074927,138082378,7467,16,7451,50000,54346,54348,500,500,-4348
1382,138174957,138174973,138182372,7415,16,7399,50000,54348,54351,500,500,-4351
1383,138275003,138275019,138282370,7367,16,7351,50000,54351,54354,500,500,-4354
1384,138375049,138375065,138382369,7320,16,7304,50000,54354,54356,500,500,-4356
1385,138475094,138475110,138482368,7274,16,7258,50000,54356,54359,500,500,-4359
1386,138575140,138575157,138582388,7248,17,7231,50000,54359,54361,500,500,-4361
1387,138675203,138675219,138682356,7153,16,7137,50000,54361,54364,500,500,-4364
1388,138775248,138775264,138782373,7125,16,7109,50000,54364,54366,500,500,-4366
1389,138875293,138875309,138882371,7078,16,7062,50000,54366,54369,500,500,-4369
1390,138975338,138975354,138982369,7031,16,7015,50000,54369,54371,500,500,-4371
1391,139075383,139075399,139082367,6984,16,6968,50000,54371,54374,500,500,-4374
1392,139175428,139175444,139182376,6948,16,6932,50000,54374,54376,500,500,-4376
1393,139275474,139275490,139282364,6890,16,6874,50000,54376,54379,500,500,-4379
1394,139375520,139375536,139382378,6858,16,6842,50000,54379,54381,500,500,-4381
1395,139475566,139475582,139482365,6799,16,6783,50000,54381,54384,500,500,-4384
1396,139575611,139575627,139582372,6761,16,6745,50000,54384,54386,500,500,-4386
1397,139675657,139675673,139682365,6708,16,6692,50000,54386,54389,500,500,-4389
1398,139775702,139775718,139782372,6670,16,6654,50000,54389,54391,500,500,-4391
1399,139875748,139875764,139882369,6621,16,6605,50000,54391,54394,500,500,-4394
1400,139975794,139975810,139984307,8513,16,8497,50000,54394,54396,500,500,-4396
1401,140075844,140075861,140082335,6491,17,6474,50000,54396,54399,500,500,-4399
1402,140175889,140175906,140182393,6504,17,6487,50000,54399,54401,500,500,-4401
1403,140275936,140275953,140282367,6431,17,6414,50000,54401,54403,500,500,-4403
1404,140375982,140375998,140382368,6386,16,6370,50000,54403,54406,500,500,-4406
1405,140476028,140476044,140482370,6342,16,6326,50000,54406,54408,500,500,-4408
1406,140576074,140576090,140582373,6299,16,6283,50000,54408,54410,500,500,-4410
1407,140676120,140676136,140682365,6245,16,6229,50000,54410,54413,500,500,-4413
1408,140776166,140776182,140782375,6209,16,6193,50000,54413,54415,500,500,-4415
1409,140876213,140876229,140882368,6155,16,6139,50000,54415,54418,500,500,-4418
1410,140976258,140976274,140982372,6114,16,6098,50000,54418,54420,500,500,-4420
1411,141076306,141076322,141082366,6060,16,6044,50000,54420,54422,500,500,-4422
1412,141176350,141176366,141182388,6038,16,6022,50000,54422,54424,500,500,-4424
1413,141276413,141276429,141282381,5968,16,5952,50000,54424,54427,500,500,-4427
1414,141376459,141376475,141382381,5922,16,5906,50000,54427,54429,500,500,-4429
1415,141476505,141476521,141482371,5866,16,5850,50000,54429,54431,500,500,-4431
1416,141576551,141576567,141582369,5818,16,5802,50000,54431,54434,500,500,-4434
1417,141676597,141676612,141682368,5771,15,5756,50000,54434,54436,500,500,-4436
1418,141776643,141776659,141782376,5733,16,5717,50000,54436,54438,500,500,-4438
1419,141876689,141876705,141882369,5680,16,5664,50000,54438,54440,500,500,-4440
1420,141976735,141976751,141982373,5638,16,5622,50000,54440,54443,500,500,-4443
1421,142076781,142076797,142082366,5585,16,5569,50000,54443,54445,500,500,-4445
1422,142176827,142176843,142182371,5544,16,5528,50000,54445,54447,500,500,-4447
1423,142276873,142276890,142282368,5495,17,5478,50000,54447,54449,500,500,-4449
1424,142376919,142376935,142382365,5446,16,5430,50000,54449,54452,500,500,-4452
1425,142476965,142476981,142482375,5410,16,5394,50000,54452,54454,500,500,-4454
1426,142577010,142577026,142582368,5358,16,5342,50000,54454,54456,500,500,-4456
1427,142677056,142677072,142682371,5315,16,5299,50000,54456,54458,500,500,-4458
1428,142777102,142777118,142782363,5261,16,5245,50000,54458,54460,500,500,-4460
1429,142877147,142877163,142882375,5228,16,5212,50000,54460,54462,500,500,-4462
1430,142977194,142977210,142982365,5171,16,5155,50000,54462,54465,500,500,-4465
1431,143077240,143077256,143082368,5128,16,5112,50000,54465,54467,500,500,-4467
1432,143177286,143177302,143182374,5088,16,5072,50000,54467,54469,500,500,-4469
1433,143277332,143277348,143282372,5040,16,5024,50000,54469,54471,500,500,-4471
1434,143377378,143377394,143382368,4990,16,4974,50000,54471,54473,500,500,-4473
1435,143477424,143477440,143482366,4942,16,4926,50000,54473,54475,500,500,-4475
1436,143577470,143577486,143582375,4905,16,4889,50000,54475,54477,500,500,-4477
1437,143677515,143677531,143682369,4854,16,4838,50000,54477,54479,500,500,-4479
1438,143777561,143777577,143782365,4804,16,4788,50000,54479,54481,500,500,-4481
1439,143877607,143877623,143882384,4777,16,4761,50000,54481,54484,500,500,-4484
1440,143977669,143977685,143982384,4715,16,4699,50000,54484,54486,500,500,-4486
1441,144077715,144077731,144082385,4670,16,4654,50000,54486,54488,500,500,-4488
1442,144177761,144177777,144182374,4613,16,4597,50000,54488,54490,500,500,-4490
1443,144277806,144277822,144282373,4567,16,4551,50000,54490,54492,500,500,-4492
1444,144377852,144377869,144382364,4512,17,4495,50000,54492,54494,500,500,-4494
1445,144477898,144477914,144482377,4479,16,4463,50000,54494,54496,500,500,-4496
1446,144577944,144577960,144582370,4426,16,4410,50000,54496,54498,500,500,-4498
1447,144677990,144678006,144682371,4381,16,4365,50000,54498,54500,500,500,-4500
1448,144778035,144778051,144782365,4330,16,4314,50000,54500,54502,500,500,-4502
1449,144878082,144878098,144882377,4295,16,4279,50000,54502,54504,500,500,-4504
1450,144978128,144978144,144982372,4244,16,4228,50000,54504,54506,500,500,-4506
1451,145078174,145078190,145082371,4197,16,4181,50000,54506,54508,500,500,-4508
1452,145178220,145178236,145182369,4149,16,4133,50000,54508,54510,500,500,-4510
1453,145278266,145278282,145282374,4108,16,4092,50000,54510,54512,500,500,-4512
1454,145378312,145378328,145382367,4055,16,4039,50000,54512,54514,500,500,-4514
1455,145478357,145478373,145482367,4010,16,3994,50000,54514,54516,500,500,-4516
1456,145578417,145578433,145582373,3956,16,3940,50000,54516,54518,500,500,-4518
1457,145678463,145678478,145682370,3907,15,3892,50000,54518,54519,500,500,-4519
1458,145778508,145778524,145782366,3858,16,3842,50000,54519,54521,500,500,-4521
1459,145878554,145878570,145882365,3811,16,3795,50000,54521,54523,500,500,-4523
1460,145978599,145978615,145982375,3776,16,3760,50000,54523,54525,500,500,-4525
1461,146078644,146078660,146082370,3726,16,3710,50000,54525,54527,500,500,-4527
1462,146178690,146178706,146182367,3677,16,3661,50000,54527,54529,500,500,-4529
1463,146278735,146278751,146282380,3645,16,3629,50000,54529,54531,500,500,-4531
1464,146378781,146378797,146382349,3568,16,3552,50000,54531,54533,500,500,-4533
1465,146478827,146478843,146482371,3544,16,3528,50000,54533,54535,500,500,-4535
1466,146578873,146578889,146582366,3493,16,3477,50000,54535,54536,500,500,-4536
1467,146678919,146678935,146682395,3476,16,3460,50000,54536,54538,500,500,-4538
1468,146778984,146779000,146782388,3404,16,3388,50000,54538,54540,500,500,-4540
1469,146879029,146879045,146882384,3355,16,3339,50000,54540,54542,500,500,-4542
1470,146979075,146979091,146982371,3296,16,3280,50000,54542,54544,500,500,-4544
1471,147079120,147079135,147082369,3249,15,3234,50000,54544,54546,500,500,-4546
1472,147179165,147179181,147182368,3203,16,3187,50000,54546,54547,500,500,-4547
1473,147279210,147279226,147282374,3164,16,3148,50000,54547,54549,500,500,-4549
1474,147379255,147379271,147382369,3114,16,3098,50000,54549,54551,500,500,-4551
1475,147479300,147479316,147482368,3068,16,3052,50000,54551,54553,500,500,-4553
1476,147579346,147579362,147582378,3032,16,3016,50000,54553,54555,500,500,-4555
1477,147679392,147679408,147682373,2981,16,2965,50000,54555,54556,500,500,-4556
1478,147779438,147779454,147782371,2933,16,2917,50000,54556,54558,500,500,-4558
1479,147879498,147879514,147882369,2871,16,2855,50000,54558,54560,500,500,-4560
1480,147979543,147979559,147982369,2826,16,2810,50000,54560,54562,500,500,-4562
1481,148079589,148079605,148081396,1807,16,1791,50000,54562,54564,500,500,-4564
1482,148179634,148179650,148181504,1870,16,1854,50000,54564,54565,500,500,-4565
1483,148279680,148279696,148291664,11984,16,11968,50000,54565,54567,500,500,-4567
1484,148379726,148379742,148391356,11630,16,11614,50000,54567,54569,500,500,-4569
1485,148479771,148479787,148491414,11643,16,11627,50000,54569,54570,500,500,-4570
1486,148579817,148579833,148591439,11622,16,11606,50000,54570,54572,500,500,-4572
1487,148679880,148679896,148691516,11636,16,11620,50000,54572,54574,500,500,-4574
1488,148779925,148779941,148791549,11624,16,11608,50000,54574,54576,500,500,-4576
1489,148879991,148880007,148891608,11617,16,11601,50000,54576,54577,500,500,-4577
1490,148980039,148980055,148991657,11618,16,11602,50000,54577,54579,500,500,-4579
1491,149080104,149080120,149091742,11638,16,11622,50000,54579,54581,500,500,-4581
1492,149180150,149180166,149191776,11626,16,11610,50000,54581,54582,500,500,-4582
1493,149280215,149280231,149291835,11620,16,11604,50000,54582,54584,500,500,-4584
1494,149380262,149380278,149391920,11658,16,11642,50000,54584,54586,500,500,-4586
1495,149480321,149480338,149491959,11638,17,11621,50000,54586,54587,500,500,-4587
1496,149580354,149580371,149591997,11643,17,11626,50000,54587,54589,500,500,-4589
1497,149680417,149680433,149692037,11620,16,11604,50000,54589,54591,500,500,-4591
1498,149780481,149780497,149792098,11617,16,11601,50000,54591,54592,500,500,-4592
1499,149880527,149880543,149892154,11627,16,11611,50000,54592,54594,500,500,-4594
1500,149980589,149980605,149994310,13721,16,13705,50000,54594,54596,500,500,-4596
1501,150080637,150080653,150092238,11601,16,11585,50000,54596,54597,500,500,-4597
1502,150180682,150180698,150192336,11654,16,11638,50000,54597,54599,500,500,-4599
1503,150280727,150280743,150292351,11624,16,11608,50000,54599,54600,500,500,-4600
1504,150380773,150380789,150392386,11613,16,11597,50000,54600,54602,500,500,-4602
1505,150480834,150480850,150492353,11519,16,11503,50000,54602,54604,500,500,-4604
1506,150580881,150580897,150592386,11505,16,11489,50000,54604,54605,500,500,-4605
1507,150680926,150680943,150692393,11467,17,11450,50000,54605,54607,500,500,-4607
1508,150780972,150780988,150792375,11403,16,11387,50000,54607,54608,500,500,-4608
1509,150881017,150881033,150892374,11357,16,11341,50000,54608,54610,500,500,-4610
1510,150981078,150981094,150992369,11291,16,11275,50000,54610,54611,500,500,-4611
1511,151081124,151081140,151092371,11247,16,11231,50000,54611,54613,500,500,-4613
1512,151181170,151181186,151192372,11202,16,11186,50000,54613,54615,500,500,-4615
1513,151281218,151281234,151292370,11152,16,11136,50000,54615,54616,500,500,-4616
1514,151381265,151381281,151392368,11103,16,11087,50000,54616,54618,500,500,-4618
1515,151481311,151481327,151492372,11061,16,11045,50000,54618,54619,500,500,-4619
1516,151581359,151581374,151592367,11008,15,10993,50000,54619,54621,500,500,-4621
1517,151681406,151681422,151692368,10962,16,10946,50000,54621,54622,500,500,-4622
1518,151781453,151781469,151792374,10921,16,10905,50000,54622,54624,500,500,-4624
1519,151881500,151881516,151892369,10869,16,10853,50000,54624,54625,500,500,-4625
1520,151981547,151981563,151992367,10820,16,10804,50000,54625,54627,500,500,-4627
1521,152081594,152081611,152092368,10774,17,10757,50000,54627,54628,500,500,-4628
1522,152181642,152181658,152192392,10750,16,10734,50000,54628,54630,500,500,-4630
1523,152281689,152281705,152292388,10699,16,10683,50000,54630,54631,500,500,-4631
1524,152381736,152381753,152392384,10648,17,10631,50000,54631,54633,500,500,-4633
1525,152481783,152481799,152492372,10589,16,10573,50000,54633,54634,500,500,-4634
1526,152581830,152581846,152592367,10537,16,10521,50000,54634,54636,500,500,-4636
1527,152681877,152681893,152692367,10490,16,10474,50000,54636,54637,500,500,-4637
1528,152781924,152781940,152792374,10450,16,10434,50000,54637,54638,500,500,-4638
1529,152881971,152881987,152892369,10398,16,10382,50000,54638,54640,500,500,-4640
1530,152982018,152982034,152992364,10346,16,10330,50000,54640,54641,500,500,-4641
1531,153082064,153082080,153092375,10311,16,10295,50000,54641,54643,500,500,-4643
1532,153182111,153182127,153192368,10257,16,10241,50000,54643,54644,500,500,-4644
1533,153282158,153282174,153292367,10209,16,10193,50000,54644,54646,500,500,-4646
1534,153382205,153382221,153392370,10165,16,10149,50000,54646,54647,500,500,-4647
1535,153482252,153482268,153492372,10120,16,10104,50000,54647,54648,500,500,-4648
1536,153582300,153582316,153592369,10069,16,10053,50000,54648,54650,500,500,-4650
1537,153682347,153682363,153692368,10021,16,10005,50000,54650,54651,500,500,-4651
1538,153782394,153782409,153792377,9983,15,9968,50000,54651,54653,500,500,-4653
1539,153882441,153882457,153892379,9938,16,9922,50000,54653,54654,500,500,-4654
1540,153982488,153982522,153992372,9884,34,9850,50000,54654,54655,500,500,-4655
1541,154082547,154082563,154092370,9823,16,9807,50000,54655,54657,500,500,-4657
1542,154182592,154182608,154192372,9780,16,9764,50000,54657,54658,500,500,-4658
1543,154282638,154282654,154292366,9728,16,9712,50000,54658,54660,500,500,-4660
1544,154382683,154382699,154392381,9698,16,9682,50000,54660,54661,500,500,-4661
1545,154482730,154482746,154492375,9645,16,9629,50000,54661,54662,500,500,-4662
1546,154582775,154582791,154592373,9598,16,9582,50000,54662,54664,500,500,-4664
1547,154682821,154682838,154692370,9549,17,9532,50000,54664,54665,500,500,-4665
1548,154782866,154782882,154792367,9501,16,9485,50000,54665,54666,500,500,-4666
1549,154882911,154882927,154892386,9475,16,9459,50000,54666,54668,500,500,-4668
1550,154982974,154982990,154992350,9376,16,9360,50000,54668,54669,500,500,-4669
1551,155083021,155083037,155092366,9345,16,9329,50000,54669,54670,500,500,-4670
1552,155183067,155183083,155192376,9309,16,9293,50000,54670,54672,500,500,-4672
1553,155283113,155283129,155292370,9257,16,9241,50000,54672,54673,500,500,-4673
1554,155383158,155383174,155392369,9211,16,9195,50000,54673,54674,500,500,-4674
1555,155483204,155483220,155492374,9170,16,9154,50000,54674,54676,500,500,-4676
1556,155583250,155583266,155592368,9118,16,9102,50000,54676,54677,500,500,-4677
1557,155683295,155683311,155692371,9076,16,9060,50000,54677,54678,500,500,-4678
1558,155783341,155783357,155792363,9022,16,9006,50000,54678,54679,500,500,-4679
1559,155883387,155883403,155892377,8990,16,8974,50000,54679,54681,500,500,-4681
1560,155983433,155983450,155992369,8936,17,8919,50000,54681,54682,500,500,-4682
1561,156083478,156083494,156092367,8889,16,8873,50000,54682,54683,500,500,-4683
1562,156183524,156183540,156192375,8851,16,8835,50000,54683,54685,500,500,-4685
1563,156283570,156283586,156292369,8799,16,8783,50000,54685,54686,500,500,-4686
1564,156383616,156383632,156392368,8752,16,8736,50000,54686,54687,500,500,-4687
1565,156483661,156483677,156492366,8705,16,8689,50000,54687,54688,500,500,-4688
1566,156583707,156583723,156592375,8668,16,8652,50000,54688,54690,500,500,-4690
1567,156683753,156683769,156692369,8616,16,8600,50000,54690,54691,500,500,-4691
1568,156783799,156783815,156792369,8570,16,8554,50000,54691,54692,500,500,-4692
1569,156883844,156883860,156892382,8538,16,8522,50000,54692,54693,500,500,-4693
1570,156983890,156983906,156992388,8498,16,8482,50000,54693,54694,500,500,-4694
1571,157083935,157083951,157092383,8448,16,8432,50000,54694,54696,500,500,-4696
1572,157183981,157183996,157192374,8393,15,8378,50000,54696,54697,500,500,-4697
1573,157284026,157284042,157292369,8343,16,8327,50000,54697,54698,500,500,-4698
1574,157384072,157384088,157392365,8293,16,8277,50000,54698,54699,500,500,-4699
1575,157484117,157484133,157492379,8262,16,8246,50000,54699,54701,500,500,-4701
1576,157584164,157584180,157592373,8209,16,8193,50000,54701,54702,500,500,-4702
1577,157684209,157684226,157692371,8162,17,8145,50000,54702,54703,500,500,-4703
1578,157784255,157784271,157792367,8112,16,8096,50000,54703,54704,500,500,-4704
1579,157884300,157884316,157892364,8064,16,8048,50000,54704,54705,500,500,-4705
1580,157984346,157984362,157992374,8028,16,8012,50000,54705,54706,500,500,-4706
1581,158084393,158084409,158092368,7975,16,7959,50000,54706,54708,500,500,-4708
1582,158184438,158184454,158192367,7929,16,7913,50000,54708,54709,500,500,-4709
1583,158284484,158284500,158292374,7890,16,7874,50000,54709,54710,500,500,-4710
1584,158384530,158384546,158392367,7837,16,7821,50000,54710,54711,500,500,-4711
1585,158484575,158484591,158492366,7791,16,7775,50000,54711,54712,500,500,-4712
1586,158584621,158584637,158592374,7753,16,7737,50000,54712,54713,500,500,-4713
1587,158684668,158684684,158692368,7700,16,7684,50000,54713,54715,500,500,-4715
1588,158784713,158784729,158792370,7657,16,7641,50000,54715,54716,500,500,-4716
1589,158884759,158884775,158892364,7605,16,7589,50000,54716,54717,500,500,-4717
1590,158984804,158984820,158992375,7571,16,7555,50000,54717,54718,500,500,-4718
1591,159084850,159084866,159092368,7518,16,7502,50000,54718,54719,500,500,-4719
1592,159184895,159184911,159192364,7469,16,7453,50000,54719,54720,500,500,-4720
1593,159284941,159284958,159292375,7434,17,7417,50000,54720,54721,500,500,-4721
1594,159384988,159385004,159392371,7383,16,7367,50000,54721,54723,500,500,-4723
1595,159485033,159485049,159492369,7336,16,7320,50000,54723,54724,500,500,-4724
1596,159585079,159585095,159592365,7286,16,7270,50000,54724,54725,500,500,-4725
1597,159685125,159685141,159692389,7264,16,7248,50000,54725,54726,500,500,-4726
1598,159785190,159785206,159792383,7193,16,7177,50000,54726,54727,500,500,-4727
1599,159885236,159885252,159892380,7144,16,7128,50000,54727,54728,500,500,-4728
1600,159985281,159985297,159994315,9034,16,9018,50000,54728,54729,500,500,-4729
1601,160085331,160085347,160092332,7001,16,6985,50000,54729,54730,500,500,-4730
1602,160185376,160185392,160192370,6994,16,6978,50000,54730,54731,500,500,-4731
1603,160285423,160285439,160292374,6951,16,6935,50000,54731,54732,500,500,-4732
1604,160385469,160385484,160392374,6905,15,6890,50000,54732,54733,500,500,-4733
1605,160485514,160485530,160492368,6854,16,6838,50000,54733,54734,500,500,-4734
1606,160585560,160585576,160592364,6804,16,6788,50000,54734,54736,500,500,-4736
1607,160685606,160685622,160692375,6769,16,6753,50000,54736,54737,500,500,-4737
1608,160785652,160785668,160792370,6718,16,6702,50000,54737,54738,500,500,-4738
1609,160885698,160885714,160892370,6672,16,6656,50000,54738,54739,500,500,-4739
1610,160985744,160985760,160992364,6620,16,6604,50000,54739,54740,500,500,-4740
1611,161085790,161085806,161092374,6584,16,6568,50000,54740,54741,500,500,-4741
1612,161185837,161185853,161192366,6529,16,6513,50000,54741,54742,500,500,-4742
1613,161285882,161285898,161292364,6482,16,6466,50000,54742,54743,500,500,-4743
1614,161385928,161385945,161392371,6443,17,6426,50000,54743,54744,500,500,-4744
1615,161485975,161485991,161492372,6397,16,6381,50000,54744,54745,500,500,-4745
1616,161586021,161586037,161592367,6346,16,6330,50000,54745,54746,500,500,-4746
1617,161686066,161686082,161692374,6308,16,6292,50000,54746,54747,500,500,-4747
1618,161786112,161786128,161792368,6256,16,6240,50000,54747,54748,500,500,-4748
1619,161886158,161886174,161892371,6213,16,6197,50000,54748,54749,500,500,-4749
1620,161986204,161986220,161992364,6160,16,6144,50000,54749,54750,500,500,-4750
1621,162086249,162086265,162092374,6125,16,6109,50000,54750,54751,500,500,-4751
1622,162186296,162186312,162192368,6072,16,6056,50000,54751,54752,500,500,-4752
1623,162286341,162286357,162292368,6027,16,6011,50000,54752,54753,500,500,-4753
1624,162386387,162386403,162392387,6000,16,5984,50000,54753,54754,500,500,-4754
1625,162486450,162486466,162492391,5941,16,5925,50000,54754,54755,500,500,-4755
1626,162586496,162586512,162592386,5890,16,5874,50000,54755,54756,500,500,-4756
1627,162686542,162686558,162692375,5833,16,5817,50000,54756,54757,500,500,-4757
1628,162786588,162786604,162792371,5783,16,5767,50000,54757,54758,500,500,-4758
1629,162886634,162886650,162892367,5733,16,5717,50000,54758,54759,500,500,-4759
1630,162986680,162986696,162992375,5695,16,5679,50000,54759,54760,500,500,-4760
1631,163086727,163086743,163092370,5643,16,5627,50000,54760,54761,500,500,-4761
1632,163186773,163186789,163192373,5600,16,5584,50000,54761,54762,500,500,-4762
1633,163286819,163286835,163292367,5548,16,5532,50000,54762,54763,500,500,-4763
1634,163386865,163386881,163392377,5512,16,5496,50000,54763,54764,500,500,-4764
1635,163486912,163486928,163492371,5459,16,5443,50000,54764,54765,500,500,-4765
1636,163586957,163586973,163592371,5414,16,5398,50000,54765,54765,500,500,-4765
1637,163687003,163687019,163692366,5363,16,5347,50000,54765,54766,500,500,-4766
1638,163787050,163787066,163792375,5325,16,5309,50000,54766,54767,500,500,-4767
1639,163887096,163887111,163892369,5273,15,5258,50000,54767,54768,500,500,-4768
1640,163987141,163987156,163992369,5228,15,5213,50000,54768,54769,500,500,-4769
1641,164087187,164087203,164092367,5180,16,5164,50000,54769,54770,500,500,-4770
1642,164187233,164187249,164192369,5136,16,5120,50000,54770,54771,500,500,-4771
1643,164287280,164287295,164292372,5092,15,5077,50000,54771,54772,500,500,-4772
1644,164387326,164387342,164392367,5041,16,5025,50000,54772,54773,500,500,-4773
1645,164487372,164487388,164492374,5002,16,4986,50000,54773,54774,500,500,-4774
1646,164587418,164587434,164592367,4949,16,4933,50000,54774,54775,500,500,-4775
1647,164687464,164687480,164692367,4903,16,4887,50000,54775,54776,500,500,-4776
1648,164787510,164787526,164792373,4863,16,4847,50000,54776,54777,500,500,-4777
1649,164887557,164887573,164892369,4812,16,4796,50000,54777,54777,500,500,-4777
1650,164987603,164987619,164992369,4766,16,4750,50000,54777,54778,500,500,-4778
1651,165087650,165087665,165092366,4716,15,4701,50000,54778,54779,500,500,-4779
1652,165187696,165187712,165192394,4698,16,4682,50000,54779,54780,500,500,-4780
1653,165287762,165287778,165292386,4624,16,4608,50000,54780,54781,500,500,-4781
1654,165387808,165387824,165392381,4573,16,4557,50000,54781,54782,500,500,-4782
1655,165487854,165487870,165492373,4519,16,4503,50000,54782,54783,500,500,-4783
1656,165587900,165587916,165592367,4467,16,4451,50000,54783,54784,500,500,-4784
1657,165687946,165687962,165692366,4420,16,4404,50000,54784,54784,500,500,-4784
1658,165787992,165788008,165792375,4383,16,4367,50000,54784,54785,500,500,-4785
1659,165888038,165888054,165892369,4331,16,4315,50000,54785,54786,500,500,-4786
1660,165988083,165988099,165992369,4286,16,4270,50000,54786,54787,500,500,-4787
1661,166088130,166088146,166092372,4242,16,4226,50000,54787,54788,500,500,-4788
1662,166188176,166188192,166192368,4192,16,4176,50000,54788,54789,500,500,-4789
1663,166288221,166288237,166292368,4147,16,4131,50000,54789,54790,500,500,-4790
1664,166388267,166388283,166392364,4097,16,4081,50000,54790,54790,500,500,-4790
1665,166488313,166488329,166492375,4062,16,4046,50000,54790,54791,500,500,-4791
1666,166588360,166588376,166592370,4010,16,3994,50000,54791,54792,500,500,-4792
1667,166688419,166688435,166692372,3953,16,3937,50000,54792,54793,500,500,-4793
1668,166788463,166788479,166792367,3904,16,3888,50000,54793,54794,500,500,-4794
1669,166888509,166888525,166892366,3857,16,3841,50000,54794,54795,500,500,-4795
1670,166988555,166988571,166992370,3815,16,3799,50000,54795,54795,500,500,-4795
1671,167088600,167088616,167092373,3773,16,3757,50000,54795,54796,500,500,-4796
1672,167188645,167188661,167192367,3722,16,3706,50000,54796,54797,500,500,-4797
1673,167288690,167288706,167292369,3679,16,3663,50000,54797,54798,500,500,-4798
1674,167388736,167388752,167392376,3640,16,3624,50000,54798,54799,500,500,-4799
1675,167488781,167488797,167492364,3583,16,3567,50000,54799,54799,500,500,-4799
1676,167588826,167588842,167592374,3548,16,3532,50000,54799,54800,500,500,-4800
1677,167688872,167688888,167692368,3496,16,3480,50000,54800,54801,500,500,-4801
1678,167788917,167788933,167792368,3451,16,3435,50000,54801,54802,500,500,-4802
1679,167888963,167888979,167892386,3423,16,3407,50000,54802,54803,500,500,-4803
1680,167989026,167989042,167992394,3368,16,3352,50000,54803,54803,500,500,-4803
1681,168089071,168089087,168092392,3321,16,3305,50000,54803,54804,500,500,-4804
1682,168189117,168189133,168192375,3258,16,3242,50000,54804,54805,500,500,-4805
1683,168289163,168289179,168292373,3210,16,3194,50000,54805,54806,500,500,-4806
1684,168389209,168389225,168392367,3158,16,3142,50000,54806,54807,500,500,-4807
1685,168489255,168489271,168492378,3123,16,3107,50000,54807,54807,500,500,-4807
1686,168589300,168589316,168592371,3071,16,3055,50000,54807,54808,500,500,-4808
1687,168689347,168689363,168692369,3022,16,3006,50000,54808,54809,500,500,-4809
1688,168789392,168789408,168792366,2974,16,2958,50000,54809,54810,500,500,-4810
1689,168889437,168889453,168892376,2939,16,2923,50000,54810,54810,500,500,-4810
1690,168989484,168989499,168992373,2889,15,2874,50000,54810,54811,500,500,-4811
1691,169089529,169089545,169092370,2841,16,2825,50000,54811,54812,500,500,-4812
1692,169189575,169189591,169191375,1800,16,1784,50000,54812,54813,500,500,-4813
1693,169289621,169289638,169291483,1862,17,1845,50000,54813,54813,500,500,-4813
1694,169389668,169389684,169401644,11976,16,11960,50000,54813,54814,500,500,-4814
1695,169489714,169489730,169501748,12034,16,12018,50000,54814,54815,500,500,-4815
1696,169589760,169589776,169601361,11601,16,11585,50000,54815,54816,500,500,-4816
1697,169689805,169689821,169701455,11650,16,11634,50000,54816,54816,500,500,-4816
1698,169789851,169789867,169801481,11630,16,11614,50000,54816,54817,500,500,-4817
1699,169889916,169889933,169901537,11621,17,11604,50000,54817,54818,500,500,-4818
1700,169989964,169989980,170004312,14348,16,14332,50000,54818,54819,500,500,-4819
1701,170090014,170090030,170101623,11609,16,11593,50000,54819,54819,500,500,-4819
1702,170190059,170190075,170201707,11648,16,11632,50000,54819,54820,500,500,-4820
1703,170290105,170290121,170301766,11661,16,11645,50000,54820,54821,500,500,-4821
1704,170390150,170390166,170401786,11636,16,11620,50000,54821,54821,500,500,-4821
1705,170490212,170490228,170501835,11623,16,11607,50000,54821,54822,500,500,-4822
1706,170590277,170590293,170601914,11637,16,11621,50000,54822,54823,500,500,-4823
1707,170690333,170690349,170701958,11625,16,11609,50000,54823,54824,500,500,-4824
1708,170790395,170790412,170802005,11610,17,11593,50000,54824,54824,500,500,-4824
1709,170890459,170890475,170902093,11634,16,11618,50000,54824,54825,500,500,-4825
1710,170990516,170990532,171002143,11627,16,11611,50000,54825,54826,500,500,-4826
1711,171090563,171090579,171102190,11627,16,11611,50000,54826,54826,500,500,-4826
1712,171190627,171190643,171202246,11619,16,11603,50000,54826,54827,500,500,-4827
1713,171290675,171290691,171302304,11629,16,11613,50000,54827,54828,500,500,-4828
1714,171390721,171390737,171402343,11622,16,11606,50000,54828,54828,500,500,-4828
1715,171490783,171490798,171502383,11600,15,11585,50000,54828,54829,500,500,-4829
1716,171590846,171590862,171602370,11524,16,11508,50000,54829,54830,500,500,-4830
1717,171690891,171690907,171702390,11499,16,11483,50000,54830,54830,500,500,-4830
1718,171790952,171790969,171802392,11440,17,11423,50000,54830,54831,500,500,-4831
1719,171890998,171891014,171902380,11382,16,11366,50000,54831,54832,500,500,-4832
1720,171991044,171991060,172002376,11332,16,11316,50000,54832,54833,500,500,-4833
1721,172091089,172091105,172102370,11281,16,11265,50000,54833,54833,500,500,-4833
1722,172191135,172191151,172202367,11232,16,11216,50000,54833,54834,500,500,-4834
1723,172291181,172291197,172302376,11195,16,11179,50000,54834,54835,500,500,-4835
1724,172391228,172391244,172402368,11140,16,11124,50000,54835,54835,500,500,-4835
1725,172491274,172491290,172502369,11095,16,11079,50000,54835,54836,500,500,-4836
1726,172591321,172591337,172602369,11048,16,11032,50000,54836,54837,500,500,-4837
1727,172691369,172691385,172702385,11016,16,11000,50000,54837,54837,500,500,-4837
1728,172791431,172791447,172802387,10956,16,10940,50000,54837,54838,500,500,-4838
1729,172891478,172891494,172902378,10900,16,10884,50000,54838,54838,500,500,-4838
1730,172991525,172991541,173002372,10847,16,10831,50000,54838,54839,500,500,-4839
1731,173091572,173091588,173102369,10797,16,10781,50000,54839,54840,500,500,-4840
1732,173191619,173191635,173202366,10747,16,10731,50000,54840,54840,500,500,-4840
1733,173291666,173291682,173302374,10708,16,10692,50000,54840,54841,500,500,-4841
1734,173391714,173391729,173402370,10656,15,10641,50000,54841,54842,500,500,-4842
1735,173491760,173491776,173502368,10608,16,10592,50000,54842,54842,500,500,-4842
1736,173591808,173591824,173602369,10561,16,10545,50000,54842,54843,500,500,-4843
1737,173691855,173691871,173702372,10517,16,10501,50000,54843,54844,500,500,-4844
1738,173791902,173791918,173802370,10468,16,10452,50000,54844,54844,500,500,-4844
1739,173891949,173891965,173902367,10418,16,10402,50000,54844,54845,500,500,-4845
1740,173991997,173992013,174002374,10377,16,10361,50000,54845,54845,500,500,-4845
1741,174092044,174092060,174102369,10325,16,10309,50000,54845,54846,500,500,-4846
1742,174192090,174192107,174202366,10276,17,10259,50000,54846,54847,500,500,-4847
1743,174292138,174292154,174302367,10229,16,10213,50000,54847,54847,500,500,-4847
1744,174392185,174392201,174402375,10190,16,10174,50000,54847,54848,500,500,-4848
1745,174492232,174492248,174502370,10138,16,10122,50000,54848,54848,500,500,-4848
1746,174592279,174592295,174602366,10087,16,10071,50000,54848,54849,500,500,-4849
1747,174692326,174692342,174702376,10050,16,10034,50000,54849,54850,500,500,-4850
1748,174792373,174792388,174802369,9996,15,9981,50000,54850,54850,500,500,-4850
1749,174892419,174892435,174902369,9950,16,9934,50000,54850,54851,500,500,-4851
1750,174992467,174992483,175002365,9898,16,9882,50000,54851,54851,500,500,-4851
1751,175092528,175092544,175102375,9847,16,9831,50000,54851,54852,500,500,-4852
1752,175192576,175192593,175202368,9792,17,9775,50000,54852,54853,500,500,-4853
1753,175292621,175292637,175302369,9748,16,9732,50000,54853,54853,500,500,-4853
1754,175392667,175392683,175402381,9714,16,9698,50000,54853,54854,500,500,-4854
1755,175492713,175492729,175502389,9676,16,9660,50000,54854,54854,500,500,-4854
1756,175592758,175592774,175602382,9624,16,9608,50000,54854,54855,500,500,-4855
1757,175692803,175692820,175702374,9571,17,9554,50000,54855,54856,500,500,-4856
1758,175792849,175792865,175802370,9521,16,9505,50000,54856,54856,500,500,-4856
1759,175892895,175892911,175902366,9471,16,9455,50000,54856,54857,500,500,-4857
1760,175992941,175992957,176002377,9436,16,9420,50000,54857,54857,500,500,-4857
1761,176092987,176093003,176102371,9384,16,9368,50000,54857,54858,500,500,-4858
1762,176193033,176193049,176202370,9337,16,9321,50000,54858,54858,500,500,-4858
1763,176293079,176293095,176302371,9292,16,9276,50000,54858,54859,500,500,-4859
1764,176393124,176393140,176402371,9247,16,9231,50000,54859,54860,500,500,-4860
1765,176493171,176493187,176502368,9197,16,9181,50000,54860,54860,500,500,-4860
1766,176593217,176593232,176602370,9153,15,9138,50000,54860,54861,500,500,-4861
1767,176693262,176693278,176702366,9104,16,9088,50000,54861,54861,500,500,-4861
1768,176793308,176793324,176802375,9067,16,9051,50000,54861,54862,500,500,-4862
1769,176893355,176893371,176902368,9013,16,8997,50000,54862,54862,500,500,-4862
1770,176993400,176993416,177002368,8968,16,8952,50000,54862,54863,500,500,-4863
1771,177093445,177093462,177102375,8930,17,8913,50000,54863,54863,500,500,-4863
1772,177193492,177193508,177202369,8877,16,8861,50000,54863,54864,500,500,-4864
1773,177293538,177293554,177302367,8829,16,8813,50000,54864,54865,500,500,-4865
1774,177393583,177393599,177402365,8782,16,8766,50000,54865,54865,500,500,-4865
1775,177493628,177493644,177502374,8746,16,8730,50000,54865,54866,500,500,-4866
1776,177593675,177593691,177602367,8692,16,8676,50000,54866,54866,500,500,-4866
1777,177693720,177693737,177702368,8648,17,8631,50000,54866,54867,500,500,-4867
1778,177793766,177793782,177802375,8609,16,8593,50000,54867,54867,500,500,-4867
1779,177893812,177893828,177902371,8559,16,8543,50000,54867,54868,500,500,-4868
1780,177993858,177993874,178002369,8511,16,8495,50000,54868,54868,500,500,-4868
1781,178093904,178093920,178102365,8461,16,8445,50000,54868,54869,500,500,-4869
1782,178193948,178193965,178202392,8444,17,8427,50000,54869,54869,500,500,-4869
1783,178294015,178294031,178302387,8372,16,8356,50000,54869,54870,500,500,-4870
1784,178394060,178394076,178402384,8324,16,8308,50000,54870,54870,500,500,-4870
1785,178494105,178494121,178502373,8268,16,8252,50000,54870,54871,500,500,-4871
1786,178594151,178594167,178602370,8219,16,8203,50000,54871,54871,500,500,-4871
1787,178694196,178694212,178702366,8170,16,8154,50000,54871,54872,500,500,-4872
1788,178794242,178794258,178802375,8133,16,8117,50000,54872,54872,500,500,-4872
1789,178894289,178894305,178902369,8080,16,8064,50000,54872,54873,500,500,-4873
1790,178994333,178994350,179002368,8035,17,8018,50000,54873,54873,500,500,-4873
1791,179094379,179094395,179102375,7996,16,7980,50000,54873,54874,500,500,-4874
1792,179194426,179194442,179202371,7945,16,7929,50000,54874,54875,500,500,-4875
1793,179294471,179294487,179302370,7899,16,7883,50000,54875,54875,500,500,-4875
1794,179394517,179394533,179402372,7855,16,7839,50000,54875,54876,500,500,-4876
1795,179494563,179494579,179502363,7800,16,7784,50000,54876,54876,500,500,-4876
1796,179594609,179594625,179602374,7765,16,7749,50000,54876,54877,500,500,-4877
1797,179694655,179694671,179702369,7714,16,7698,50000,54877,54877,500,500,-4877
1798,179794701,179794716,179802366,7665,15,7650,50000,54877,54877,500,500,-4877
1799,179894746,179894762,179902375,7629,16,7613,50000,54877,54878,500,500,-4878
1800,179994792,179994808,180004311,9519,16,9503,50000,54878,54878,500,500,-4878
