sequence,cycle_started_us,command_sent_us,response_completed_us,full_loop_us,pre_send_us,transport_us,setpoint_milli_c,observed_milli_c,measured_milli_c,command_actuator_permille,status_actuator_permille,error_milli_c
1,1585,19594,125519,123934,18009,105925,45000,20000,20266,951,951,24734
2,126085,126313,139407,13322,228,13094,45000,20266,20543,992,992,24457
3,226146,226359,229783,3637,213,3424,45000,20543,20817,986,986,24183
4,326199,326405,329886,3687,206,3481,45000,20817,21088,979,979,23912
5,426269,426475,429926,3657,206,3451,45000,21088,21356,972,972,23644
6,526341,526543,530019,3678,202,3476,45000,21356,21620,965,965,23380
7,626408,626611,630035,3627,203,3424,45000,21620,21882,958,958,23118
8,726461,726662,730031,3570,201,3369,45000,21882,22141,951,951,22859
9,826513,826718,830027,3514,205,3309,45000,22141,22397,944,944,22603
10,926566,926767,930038,3472,201,3271,45000,22397,22649,937,937,22351
11,1026619,1026820,1030027,3408,201,3207,45000,22649,22899,931,931,22101
12,1126671,1126873,1130028,3357,202,3155,45000,22899,23147,924,924,21853
13,1226722,1226924,1230024,3302,202,3100,45000,23147,23391,917,917,21609
14,1326775,1326976,1330030,3255,201,3054,45000,23391,23632,911,911,21368
15,1426827,1427027,1430032,3205,200,3005,45000,23632,23871,905,905,21129
16,1526878,1527079,1530029,3151,201,2950,45000,23871,24107,898,898,20893
17,1626930,1627134,1630033,3103,204,2899,45000,24107,24340,892,892,20660
18,1726982,1727183,1729042,2060,201,1859,45000,24340,24571,886,886,20429
19,1827034,1827236,1829153,2119,202,1917,45000,24571,24799,879,879,20201
20,1927087,1927289,1939311,12224,202,12022,45000,24799,25024,873,873,19976
21,2027139,2027340,2039009,11870,201,11669,45000,25024,25247,867,867,19753
22,2127190,2127392,2139060,11870,202,11668,45000,25247,25467,861,861,19533
23,2227243,2227444,2239103,11860,201,11659,45000,25467,25685,856,856,19315
24,2327314,2327516,2339193,11879,202,11677,45000,25685,25900,850,850,19100
25,2427366,2427567,2439234,11868,201,11667,45000,25900,26113,844,844,18887
26,2527440,2527641,2539331,11891,201,11690,45000,26113,26323,838,838,18677
27,2627492,2627693,2639356,11864,201,11663,45000,26323,26531,833,833,18469
28,2727564,2727785,2739464,11900,221,11679,45000,26531,26736,827,827,18264
29,2827617,2827843,2839493,11876,226,11650,45000,26736,26940,822,822,18060
30,2927689,2927912,2939558,11869,223,11646,45000,26940,27140,816,816,17860
31,3027744,3027961,3039610,11866,217,11649,45000,27140,27339,811,811,17661
32,3127817,3128019,3139721,11904,202,11702,45000,27339,27535,806,806,17465
33,3227869,3228073,3239752,11883,204,11679,45000,27535,27729,801,801,17271
34,3327943,3328143,3339834,11891,200,11691,45000,27729,27921,795,795,17079
35,3427997,3428198,3439862,11865,201,11664,45000,27921,28110,790,790,16890
36,3528049,3528249,3539911,11862,200,11662,45000,28110,28298,785,785,16702
37,3628123,3628324,3639976,11853,201,11652,45000,28298,28483,780,780,16517
38,3728177,3728377,3740026,11849,200,11649,45000,28483,28666,775,775,16334
39,3828228,3828428,3840046,11818,200,11618,45000,28666,28847,770,770,16153
40,3928281,3928481,3940006,11725,200,11525,45000,28847,29026,766,766,15974
41,4028333,4028545,4040047,11714,212,11502,45000,29026,29203,761,761,15797
42,4128401,4128602,4140046,11645,201,11444,45000,29203,29378,756,756,15622
43,4228454,4228653,4240025,11571,199,11372,45000,29378,29551,752,752,15449
44,4328527,4328728,4340025,11498,201,11297,45000,29551,29722,747,747,15278
45,4428579,4428778,4440034,11455,199,11256,45000,29722,29891,742,742,15109
46,4528631,4528831,4540025,11394,200,11194,45000,29891,30058,738,738,14942
47,4628683,4628883,4640024,11341,200,11141,45000,30058,30223,733,733,14777
48,4728737,4728936,4740034,11297,199,11098,45000,30223,30386,729,729,14614
49,4828791,4828992,4840027,11236,201,11035,45000,30386,30548,725,725,14452
50,4928845,4929046,4940031,11186,201,10985,45000,30548,30707,720,720,14293
51,5028899,5029100,5040021,11122,201,10921,45000,30707,30865,716,716,14135
52,5128953,5129154,5140033,11080,201,10879,45000,30865,31021,712,712,13979
53,5229007,5229207,5240025,11018,200,10818,45000,31021,31175,708,708,13825
54,5329061,5329260,5340024,10963,199,10764,45000,31175,31327,704,704,13673
55,5429115,5429316,5440032,10917,201,10716,45000,31327,31478,700,700,13522
56,5529169,5529370,5540031,10862,201,10661,45000,31478,31627,696,696,13373
57,5629223,5629423,5640025,10802,200,10602,45000,31627,31774,692,692,13226
58,5729276,5729477,5740023,10747,201,10546,45000,31774,31920,688,688,13080
59,5829329,5829530,5840034,10705,201,10504,45000,31920,32063,684,684,12937
60,5929383,5929584,5940033,10650,201,10449,45000,32063,32206,680,680,12794
61,6029437,6029638,6040027,10590,201,10389,45000,32206,32346,676,676,12654
62,6129491,6129692,6140025,10534,201,10333,45000,32346,32485,673,673,12515
63,6229545,6229747,6240045,10500,202,10298,45000,32485,32622,669,669,12378
64,6329616,6329816,6340033,10417,200,10217,45000,32622,32758,665,665,12242
65,6429670,6429872,6440029,10359,202,10157,45000,32758,32893,662,662,12107
66,6529724,6529925,6540030,10306,201,10105,45000,32893,33025,658,658,11975
67,6629777,6629978,6640025,10248,201,10047,45000,33025,33156,655,655,11844
68,6729831,6730031,6740024,10193,200,9993,45000,33156,33286,651,651,11714
69,6829884,6830084,6840031,10147,200,9947,45000,33286,33414,648,648,11586
70,6929938,6930139,6940027,10089,201,9888,45000,33414,33541,644,644,11459
71,7029992,7030226,7040024,10032,234,9798,45000,33541,33666,641,641,11334
72,7130046,7130282,7140030,9984,236,9748,45000,33666,33790,638,638,11210
73,7230100,7230326,7240031,9931,226,9705,45000,33790,33913,634,634,11087
74,7330173,7330374,7340025,9852,201,9651,45000,33913,34034,631,631,10966
75,7430215,7430414,7440023,9808,199,9609,45000,34034,34153,628,628,10847
76,7530267,7530467,7540030,9763,200,9563,45000,34153,34272,625,625,10728
77,7630320,7630520,7640030,9710,200,9510,45000,34272,34389,621,621,10611
78,7730373,7730575,7740021,9648,202,9446,45000,34389,34504,618,618,10496
79,7830426,7830624,7840034,9608,198,9410,45000,34504,34618,615,615,10382
80,7930479,7930680,7940025,9546,201,9345,45000,34618,34731,612,612,10269
81,8030531,8030731,8040029,9498,200,9298,45000,34731,34843,609,609,10157
82,8130584,8130785,8140020,9436,201,9235,45000,34843,34953,606,606,10047
83,8230636,8230837,8240033,9397,201,9196,45000,34953,35062,603,603,9938
84,8330712,8330913,8340023,9311,201,9110,45000,35062,35170,600,600,9830
85,8430765,8430966,8440025,9260,201,9059,45000,35170,35276,597,597,9724
86,8530816,8531017,8540030,9214,201,9013,45000,35276,35382,595,595,9618
87,8630869,8631070,8640031,9162,201,8961,45000,35382,35486,592,592,9514
88,8730922,8731123,8740027,9105,201,8904,45000,35486,35589,589,589,9411
89,8830975,8831175,8840022,9047,200,8847,45000,35589,35691,586,586,9309
90,8931027,8931227,8940038,9011,200,8811,45000,35691,35792,584,584,9208
91,9031081,9031282,9040030,8949,201,8748,45000,35792,35891,581,581,9109
92,9131133,9131333,9140030,8897,200,8697,45000,35891,35989,578,578,9011
93,9231186,9231387,9240024,8838,201,8637,45000,35989,36087,576,576,8913
94,9331238,9331439,9340022,8784,201,8583,45000,36087,36183,573,573,8817
95,9431310,9431509,9440034,8724,199,8525,45000,36183,36278,571,571,8722
96,9531362,9531564,9540034,8672,202,8470,45000,36278,36372,568,568,8628
97,9631415,9631615,9640029,8614,200,8414,45000,36372,36465,565,565,8535
98,9731467,9731667,9740025,8558,200,8358,45000,36465,36556,563,563,8444
99,9831519,9831720,9840026,8507,201,8306,45000,36556,36647,561,561,8353
100,9931572,9931772,9941827,10255,200,10055,45000,36647,36737,558,558,8263
101,10031630,10031831,10039990,8360,201,8159,45000,36737,36826,556,556,8174
102,10131682,10131883,10140026,8344,201,8143,45000,36826,36913,553,553,8087
103,10231756,10231956,10240027,8271,200,8071,45000,36913,37000,551,551,8000
104,10331809,10332010,10340029,8220,201,8019,45000,37000,37085,549,549,7915
105,10431861,10432062,10440022,8161,201,7960,45000,37085,37170,547,547,7830
106,10531912,10532113,10540024,8112,201,7911,45000,37170,37254,544,544,7746
107,10631964,10632164,10640030,8066,200,7866,45000,37254,37337,542,542,7663
108,10732017,10732217,10740027,8010,200,7810,45000,37337,37419,540,540,7581
109,10832069,10832269,10840024,7955,200,7755,45000,37419,37499,538,538,7501
110,10932121,10932322,10940030,7909,201,7708,45000,37499,37580,536,536,7420
111,11032174,11032374,11040031,7857,200,7657,45000,37580,37658,533,533,7342
112,11132226,11132427,11140025,7799,201,7598,45000,37658,37737,531,531,7263
113,11232278,11232480,11240026,7748,202,7546,45000,37737,37814,529,529,7186
114,11332330,11332530,11340028,7698,200,7498,45000,37814,37890,527,527,7110
115,11432383,11432585,11440029,7646,202,7444,45000,37890,37965,525,525,7035
116,11532435,11532636,11540024,7589,201,7388,45000,37965,38040,523,523,6960
117,11632488,11632689,11640033,7545,201,7344,45000,38040,38114,521,521,6886
118,11732541,11732740,11740029,7488,199,7289,45000,38114,38187,519,519,6813
119,11832592,11832793,11840027,7435,201,7234,45000,38187,38259,517,517,6741
120,11932644,11932845,11940021,7377,201,7176,45000,38259,38330,515,515,6670
121,12032696,12032909,12040038,7342,213,7129,45000,38330,38400,513,513,6600
122,12132766,12132967,12140027,7261,201,7060,45000,38400,38470,512,512,6530
123,12232818,12233019,12240032,7214,201,7013,45000,38470,38539,510,510,6461
124,12332870,12333070,12340022,7152,200,6952,45000,38539,38607,508,508,6393
125,12432922,12433122,12440023,7101,200,6901,45000,38607,38674,506,506,6326
126,12532976,12533176,12540037,7061,200,6861,45000,38674,38741,504,504,6259
127,12633029,12633230,12640028,6999,201,6798,45000,38741,38806,502,502,6194
128,12733080,12733281,12740029,6949,201,6748,45000,38806,38871,501,501,6129
129,12833133,12833335,12840023,6890,202,6688,45000,38871,38935,499,499,6065
130,12933184,12933386,12940023,6839,202,6637,45000,38935,38999,497,497,6001
131,13033237,13033437,13040028,6791,200,6591,45000,38999,39061,495,495,5939
132,13133290,13133489,13140026,6736,199,6537,45000,39061,39124,494,494,5876
133,13233342,13233542,13240020,6678,200,6478,45000,39124,39185,492,492,5815
134,13333394,13333595,13340030,6636,201,6435,45000,39185,39246,491,491,5754
135,13433447,13433648,13440030,6583,201,6382,45000,39246,39305,489,489,5695
136,13533499,13533700,13540025,6526,201,6325,45000,39305,39365,488,488,5635
137,13633551,13639455,13650008,16457,5904,10553,45000,39365,39424,486,486,5576
138,13733603,13733805,13739847,6244,202,6042,45000,39424,39481,484,484,5519
139,13833656,13833857,13839948,6292,201,6091,45000,39481,39539,483,483,5461
140,13933709,13933909,13939989,6280,200,6080,45000,39539,39595,481,481,5405
141,14033780,14033981,14040033,6253,201,6052,45000,39595,39651,480,480,5349
142,14133853,14134052,14140023,6170,199,5971,45000,39651,39706,478,478,5294
143,14233906,14234107,14240027,6121,201,5920,45000,39706,39761,477,477,5239
144,14333958,14334159,14340020,6062,201,5861,45000,39761,39815,475,475,5185
145,14434010,14434235,14440032,6022,225,5797,45000,39815,39869,474,474,5131
146,14534063,14534293,14540024,5961,230,5731,45000,39869,39921,472,472,5079
147,14634115,14634347,14640024,5909,232,5677,45000,39921,39973,471,471,5027
148,14734168,14734391,14740033,5865,223,5642,45000,39973,40025,470,470,4975
149,14834237,14834437,14840028,5791,200,5591,45000,40025,40076,468,468,4924
150,14934289,14934489,14940026,5737,200,5537,45000,40076,40127,467,467,4873
151,15034341,15034541,15040023,5682,200,5482,45000,40127,40176,465,465,4824
152,15134411,15134612,15140042,5631,201,5430,45000,40176,40225,464,464,4775
153,15234463,15234664,15240043,5580,201,5379,45000,40225,40274,463,463,4726
154,15334515,15334715,15340037,5522,200,5322,45000,40274,40322,462,462,4678
155,15434567,15434768,15440028,5461,201,5260,45000,40322,40370,460,460,4630
156,15534618,15534818,15540024,5406,200,5206,45000,40370,40417,459,459,4583
157,15634671,15634871,15640023,5352,200,5152,45000,40417,40464,458,458,4536
158,15734723,15734923,15740030,5307,200,5107,45000,40464,40510,457,457,4490
159,15834775,15834976,15840030,5255,201,5054,45000,40510,40555,455,455,4445
160,15934826,15935026,15940024,5198,200,4998,45000,40555,40600,454,454,4400
161,16034878,16035078,16040021,5143,200,4943,45000,40600,40644,453,453,4356
162,16134929,16135129,16140031,5102,200,4902,45000,40644,40688,452,452,4312
163,16234981,16235182,16240023,5042,201,4841,45000,40688,40732,451,451,4268
164,16335032,16335233,16340025,4993,201,4792,45000,40732,40775,449,449,4225
165,16435085,16435285,16440026,4941,200,4741,45000,40775,40817,448,448,4183
166,16535136,16535335,16540029,4893,199,4694,45000,40817,40859,447,447,4141
167,16635188,16635389,16640024,4836,201,4635,45000,40859,40900,446,446,4100
168,16735239,16735440,16740021,4782,201,4581,45000,40900,40941,445,445,4059
169,16835291,16835491,16840030,4739,200,4539,45000,40941,40982,444,444,4018
170,16935344,16935543,16940030,4686,199,4487,45000,40982,41022,443,443,3978
171,17035395,17035594,17040024,4629,199,4430,45000,41022,41062,442,442,3938
172,17135447,17135647,17140033,4586,200,4386,45000,41062,41101,441,441,3899
173,17235499,17235700,17240022,4523,201,4322,45000,41101,41140,440,440,3860
174,17335551,17335751,17340027,4476,200,4276,45000,41140,41178,439,439,3822
175,17435604,17435804,17440019,4415,200,4215,45000,41178,41216,438,438,3784
176,17535655,17535855,17540032,4377,200,4177,45000,41216,41254,437,437,3746
177,17635708,17635908,17640024,4316,200,4116,45000,41254,41291,436,436,3709
178,17735759,17735960,17740028,4269,201,4068,45000,41291,41327,435,435,3673
179,17835811,17836012,17840036,4225,201,4024,45000,41327,41363,434,434,3637
180,17935862,17936062,17940047,4185,200,3985,45000,41363,41399,433,433,3601
181,18035915,18036115,18040045,4130,200,3930,45000,41399,41435,432,432,3565
182,18135966,18136167,18140030,4064,201,3863,45000,41435,41470,431,431,3530
183,18236018,18236218,18240033,4015,200,3815,45000,41470,41504,430,430,3496
184,18336070,18336270,18340020,3950,200,3750,45000,41504,41538,429,429,3462
185,18436121,18436322,18440037,3916,201,3715,45000,41538,41572,428,428,3428
186,18536172,18536373,18540028,3856,201,3655,45000,41572,41605,427,427,3395
187,18636225,18636426,18640029,3804,201,3603,45000,41605,41638,426,426,3362
188,18736277,18736477,18740025,3748,200,3548,45000,41638,41670,425,425,3330
189,18836329,18836529,18840032,3703,200,3503,45000,41670,41703,425,425,3297
190,18936381,18936582,18940031,3650,201,3449,45000,41703,41735,424,424,3265
191,19036433,19036634,19040025,3592,201,3391,45000,41735,41766,423,423,3234
192,19136484,19136684,19140024,3540,200,3340,45000,41766,41797,422,422,3203
193,19236536,19236736,19240032,3496,200,3296,45000,41797,41828,421,421,3172
194,19336588,19336789,19340030,3442,201,3241,45000,41828,41858,420,420,3142
195,19436639,19436841,19440023,3384,202,3182,45000,41858,41888,420,420,3112
196,19536691,19536891,19540033,3342,200,3142,45000,41888,41918,419,419,3082
197,19636743,19636944,19640029,3286,201,3085,45000,41918,41948,418,418,3052
198,19736795,19736996,19740029,3234,201,3033,45000,41948,41977,417,417,3023
199,19836847,19837047,19840020,3173,200,2973,45000,41977,42005,416,416,2995
200,19936898,19937098,19941827,4929,200,4729,45000,42005,42034,416,416,2966
201,20036956,20037157,20039990,3034,201,2833,45000,42034,42062,415,415,2938
202,20137006,20137207,20139053,2047,201,1846,45000,42062,42089,414,414,2911
203,20237059,20237258,20249239,12180,199,11981,45000,42089,42117,413,413,2883
204,20337110,20337311,20349340,12230,201,12029,45000,42117,42143,412,412,2857
205,20437162,20437362,20448989,11827,200,11627,45000,42143,42170,412,412,2830
206,20537213,20537414,20549083,11870,201,11669,45000,42170,42197,411,411,2803
207,20637265,20637467,20649161,11896,202,11694,45000,42197,42223,410,410,2777
208,20737318,20737518,20749193,11875,200,11675,45000,42223,42249,410,410,2751
209,20837372,20837573,20849248,11876,201,11675,45000,42249,42274,409,409,2726
210,20937424,20937624,20949292,11868,200,11668,45000,42274,42300,409,409,2700
211,21037494,21037695,21049349,11855,201,11654,45000,42300,42325,408,408,2675
212,21137568,21137791,21149447,11879,223,11656,45000,42325,42349,407,407,2651
213,21237620,21237846,21249501,11881,226,11655,45000,42349,42374,407,407,2626
214,21337673,21337897,21349547,11874,224,11650,45000,42374,42398,406,406,2602
215,21437744,21437961,21449606,11862,217,11645,45000,42398,42422,405,405,2578
216,21537803,21538004,21549658,11855,201,11654,45000,42422,42445,404,404,2555
217,21637876,21638077,21649727,11851,201,11650,45000,42445,42469,404,404,2531
218,21737943,21738145,21749806,11863,202,11661,45000,42469,42492,403,403,2508
219,21837998,21838199,21849854,11856,201,11655,45000,42492,42514,403,403,2486
220,21938070,21938270,21949919,11849,200,11649,45000,42514,42537,402,402,2463
221,22038124,22038326,22049984,11860,202,11658,45000,42537,42559,401,401,2441
222,22138179,22138380,22150025,11846,201,11645,45000,42559,42581,401,401,2419
223,22238248,22238448,22250027,11779,200,11579,45000,42581,42603,400,400,2397
224,22338299,22338500,22350046,11747,201,11546,45000,42603,42624,400,400,2376
225,22438368,22438568,22450043,11675,200,11475,45000,42624,42646,399,399,2354
226,22538419,22538620,22550040,11621,201,11420,45000,42646,42666,398,398,2334
227,22638471,22638671,22650030,11559,200,11359,45000,42666,42687,398,398,2313
228,22738540,22738741,22750029,11489,201,11288,45000,42687,42708,397,397,2292
229,22838591,22838792,22850023,11432,201,11231,45000,42708,42728,397,397,2272
230,22938643,22938845,22950022,11379,202,11177,45000,42728,42748,396,396,2252
231,23038695,23038896,23050029,11334,201,11133,45000,42748,42768,396,396,2232
232,23138747,23138949,23150028,11281,202,11079,45000,42768,42787,395,395,2213
233,23238801,23239003,23250026,11225,202,11023,45000,42787,42807,395,395,2193
234,23338854,23339055,23350041,11187,201,10986,45000,42807,42826,394,394,2174
235,23438908,23439108,23450049,11141,200,10941,45000,42826,42845,394,394,2155
236,23538961,23539161,23550043,11082,200,10882,45000,42845,42864,393,393,2136
237,23639014,23639215,23650029,11015,201,10814,45000,42864,42882,393,393,2118
238,23739068,23739268,23750028,10960,200,10760,45000,42882,42900,392,392,2100
239,23839120,23839323,23850022,10902,203,10699,45000,42900,42919,392,392,2081
240,23939174,23939375,23950030,10856,201,10655,45000,42919,42936,391,391,2064
241,24039227,24039428,24050030,10803,201,10602,45000,42936,42954,391,391,2046
242,24139280,24139481,24150027,10747,201,10546,45000,42954,42971,390,390,2029
243,24239334,24239534,24250023,10689,200,10489,45000,42971,42989,390,390,2011
244,24339387,24339587,24350033,10646,200,10446,45000,42989,43006,389,389,1994
245,24439440,24439640,24450024,10584,200,10384,45000,43006,43023,389,389,1977
246,24539494,24539694,24550024,10530,200,10330,45000,43023,43039,388,388,1961
247,24639547,24639747,24650035,10488,200,10288,45000,43039,43056,388,388,1944
248,24739600,24739801,24750033,10433,201,10232,45000,43056,43072,388,388,1928
249,24839653,24839853,24850032,10379,200,10179,45000,43072,43088,387,387,1912
250,24939706,24939907,24950027,10321,201,10120,45000,43088,43104,387,387,1896
251,25039759,25039960,25050024,10265,201,10064,45000,43104,43120,386,386,1880
252,25139813,25140013,25150052,10239,200,10039,45000,43120,43135,386,386,1865
253,25239885,25240086,25250052,10167,201,9966,45000,43135,43151,386,386,1849
254,25339938,25340139,25350047,10109,201,9908,45000,43151,43166,385,385,1834
255,25439991,25440224,25450029,10038,233,9805,45000,43166,43181,385,385,1819
256,25540044,25540281,25550025,9981,237,9744,45000,43181,43196,384,384,1804
257,25640097,25640355,25650026,9929,258,9671,45000,43196,43211,384,384,1789
258,25740168,25740369,25750028,9860,201,9659,45000,43211,43225,383,383,1775
259,25840213,25840414,25850029,9816,201,9615,45000,43225,43240,383,383,1760
260,25940265,25940466,25950019,9754,201,9553,45000,43240,43254,383,383,1746
261,26040317,26040518,26050021,9704,201,9503,45000,43254,43268,382,382,1732
262,26140368,26140569,26150050,9682,201,9481,45000,43268,43282,382,382,1718
263,26240442,26240643,26250051,9609,201,9408,45000,43282,43295,382,382,1705
264,26340494,26340696,26350040,9546,202,9344,45000,43295,43309,381,381,1691
265,26440546,26440747,26450028,9482,201,9281,45000,43309,43322,381,381,1678
266,26540603,26540824,26550024,9421,221,9200,45000,43322,43336,381,381,1664
267,26640655,26640875,26650022,9367,220,9147,45000,43336,43349,380,380,1651
268,26740707,26740927,26750029,9322,220,9102,45000,43349,43362,380,380,1638
269,26840759,26840980,26850030,9271,221,9050,45000,43362,43375,379,379,1625
270,26940811,26941032,26950020,9209,221,8988,45000,43375,43387,379,379,1613
271,27040863,27041084,27050033,9170,221,8949,45000,43387,43400,379,379,1600
272,27140915,27141135,27150030,9115,220,8895,45000,43400,43412,378,378,1588
273,27240967,27241188,27250025,9058,221,8837,45000,43412,43424,378,378,1576
274,27341020,27346246,27350022,9002,5226,3776,45000,43424,43436,378,378,1564
275,27441072,27441292,27450032,8960,220,8740,45000,43436,43448,378,378,1552
276,27541124,27541346,27550030,8906,222,8684,45000,43448,43460,377,377,1540
277,27641176,27641396,27650025,8849,220,8629,45000,43460,43472,377,377,1528
278,27741228,27741448,27750034,8806,220,8586,45000,43472,43484,377,377,1516
279,27841281,27841501,27850034,8753,220,8533,45000,43484,43495,376,376,1505
280,27941332,27941552,27950034,8702,220,8482,45000,43495,43506,376,376,1494
281,28041384,28041617,28050030,8646,233,8413,45000,43506,43517,376,376,1483
282,28141436,28141656,28150024,8588,220,8368,45000,43517,43528,375,375,1472
283,28241488,28241708,28250022,8534,220,8314,45000,43528,43539,375,375,1461
284,28341539,28341759,28350038,8499,220,8279,45000,43539,43550,375,375,1450
285,28441593,28441812,28450029,8436,219,8217,45000,43550,43561,374,374,1439
286,28541644,28541865,28550028,8384,221,8163,45000,43561,43571,374,374,1429
287,28641696,28641916,28650026,8330,220,8110,45000,43571,43582,374,374,1418
288,28741748,28741970,28750027,8279,222,8057,45000,43582,43592,374,374,1408
289,28841800,28842022,28850042,8242,222,8020,45000,43592,43602,373,373,1398
290,28941854,28942073,28950026,8172,219,7953,45000,43602,43612,373,373,1388
291,29041906,29042125,29050023,8117,219,7898,45000,43612,43622,373,373,1378
292,29141958,29142177,29150028,8070,219,7851,45000,43622,43632,373,373,1368
293,29242010,29242229,29250025,8015,219,7796,45000,43632,43642,372,372,1358
294,29342062,29342282,29350024,7962,220,7742,45000,43642,43651,372,372,1349
295,29442114,29442334,29450033,7919,220,7699,45000,43651,43661,372,372,1339
296,29542167,29542386,29550025,7858,219,7639,45000,43661,43670,371,371,1330
297,29642218,29642438,29650025,7807,220,7587,45000,43670,43679,371,371,1321
298,29742271,29742491,29750023,7752,220,7532,45000,43679,43688,371,371,1312
299,29842323,29842542,29850032,7709,219,7490,45000,43688,43698,371,371,1302
300,29942376,29942596,29951821,9445,220,9225,45000,43698,43706,370,370,1294
301,30042429,30042663,30049986,7557,234,7323,45000,43706,43715,370,370,1285
302,30142480,30142681,30150032,7552,201,7351,45000,43715,43724,370,370,1276
303,30242534,30242734,30250027,7493,200,7293,45000,43724,43733,370,370,1267
304,30342585,30342785,30350026,7441,200,7241,45000,43733,43741,370,370,1259
305,30442637,30442837,30450021,7384,200,7184,45000,43741,43750,370,370,1250
306,30542689,30542890,30550031,7342,201,7141,45000,43750,43758,369,369,1242
307,30642741,30642942,30650029,7288,201,7087,45000,43758,43766,369,369,1234
308,30742793,30742994,30750024,7231,201,7030,45000,43766,43775,369,369,1225
309,30842845,30843046,30850038,7193,201,6992,45000,43775,43783,368,368,1217
310,30942898,30943098,30950046,7148,200,6948,45000,43783,43791,368,368,1209
311,31042950,31043150,31050040,7090,200,6890,45000,43791,43798,368,368,1202
312,31143002,31143203,31150031,7029,201,6828,45000,43798,43806,368,368,1194
313,31243053,31243254,31250027,6974,201,6773,45000,43806,43814,368,368,1186
314,31343106,31343305,31350023,6917,199,6718,45000,43814,43822,367,367,1178
315,31443157,31443357,31450037,6880,200,6680,45000,43822,43829,367,367,1171
316,31543211,31543411,31550029,6818,200,6618,45000,43829,43837,367,367,1163
317,31643263,31643464,31650029,6766,201,6565,45000,43837,43844,367,367,1156
318,31743315,31743515,31750026,6711,200,6511,45000,43844,43851,367,367,1149
319,31843368,31843569,31850022,6654,201,6453,45000,43851,43859,367,367,1141
320,31943419,31943620,31950030,6611,201,6410,45000,43859,43866,366,366,1134
321,32043473,32043673,32050022,6549,200,6349,45000,43866,43873,366,366,1127
322,32143526,32143726,32150023,6497,200,6297,45000,43873,43880,366,366,1120
323,32243579,32243780,32250031,6452,201,6251,45000,43880,43887,366,366,1113
324,32343633,32343833,32350029,6396,200,6196,45000,43887,43894,366,366,1106
325,32443685,32443887,32450023,6338,202,6136,45000,43894,43900,365,365,1100
326,32543737,32543939,32550033,6296,202,6094,45000,43900,43907,365,365,1093
327,32643790,32643991,32650031,6241,201,6040,45000,43907,43913,365,365,1087
328,32743842,32744042,32750027,6185,200,5985,45000,43913,43920,365,365,1080
329,32843895,32844095,32850022,6127,200,5927,45000,43920,43926,365,365,1074
330,32943948,32944149,32950031,6083,201,5882,45000,43926,43933,365,365,1067
331,33044000,33044200,33050030,6030,200,5830,45000,43933,43939,364,364,1061
332,33144052,33144284,33150022,5970,232,5738,45000,43939,43945,364,364,1055
333,33244105,33244339,33250026,5921,234,5687,45000,43945,43951,364,364,1049
334,33344158,33344383,33350028,5870,225,5645,45000,43951,43958,364,364,1042
335,33444228,33444429,33450023,5795,201,5594,45000,43958,43963,363,363,1037
336,33544263,33544462,33550020,5757,199,5558,45000,43963,43969,364,364,1031
337,33644314,33644515,33650046,5732,201,5531,45000,43969,43975,363,363,1025
338,33744386,33744588,33750044,5658,202,5456,45000,43975,43981,363,363,1019
339,33844439,33844640,33850039,5600,201,5399,45000,43981,43987,363,363,1013
340,33944491,33944691,33950028,5537,200,5337,45000,43987,43992,363,363,1008
341,34044542,34044742,34050024,5482,200,5282,45000,43992,43998,363,363,1002
342,34144593,34144793,34150021,5428,200,5228,45000,43998,44004,363,363,996
343,34244645,34244846,34250034,5389,201,5188,45000,44004,44009,362,362,991
344,34344698,34344898,34350029,5331,200,5131,45000,44009,44014,362,362,986
345,34444750,34444950,34450027,5277,200,5077,45000,44014,44020,362,362,980
346,34544801,34545001,34550022,5221,200,5021,45000,44020,44025,362,362,975
347,34644853,34645053,34650032,5179,200,4979,45000,44025,44030,362,362,970
348,34744904,34745104,34750030,5126,200,4926,45000,44030,44035,362,362,965
349,34844955,34845155,34850024,5069,200,4869,45000,44035,44041,362,362,959
350,34945009,34945210,34950024,5015,201,4814,45000,44041,44046,361,361,954
351,35045061,35045261,35050027,4966,200,4766,45000,44046,44050,361,361,950
352,35145112,35145312,35150028,4916,200,4716,45000,44050,44055,361,361,945
353,35245164,35245365,35250018,4854,201,4653,45000,44055,44060,361,361,940
354,35345215,35345416,35350030,4815,201,4614,45000,44060,44065,361,361,935
355,35445267,35445467,35450023,4756,200,4556,45000,44065,44070,361,361,930
356,35545319,35545520,35550025,4706,201,4505,45000,44070,44075,361,361,925
357,35645370,35645571,35650024,4654,201,4453,45000,44075,44079,361,361,921
358,35745423,35745623,35750032,4609,200,4409,45000,44079,44084,361,361,916
359,35845474,35845676,35850021,4547,202,4345,45000,44084,44089,360,360,911
360,35945527,35945728,35950023,4496,201,4295,45000,44089,44093,360,360,907
361,36045578,36045778,36050032,4454,200,4254,45000,44093,44098,360,360,902
362,36145630,36145830,36150023,4393,200,4193,45000,44098,44102,360,360,898
363,36245682,36245882,36250024,4342,200,4142,45000,44102,44106,360,360,894
364,36345734,36345934,36350041,4307,200,4107,45000,44106,44111,360,360,889
365,36445803,36446003,36450045,4242,200,4042,45000,44111,44115,359,359,885
366,36545854,36546056,36550041,4187,202,3985,45000,44115,44119,359,359,881
367,36645907,36646108,36650029,4122,201,3921,45000,44119,44123,359,359,877
368,36745959,36746159,36750028,4069,200,3869,45000,44123,44127,359,359,873
369,36846011,36846210,36850029,4018,199,3819,45000,44127,44131,359,359,869
370,36946063,36946265,36950029,3966,202,3764,45000,44131,44135,359,359,865
371,37046114,37046315,37050036,3922,201,3721,45000,44135,44139,359,359,861
372,37146167,37146368,37150028,3861,201,3660,45000,44139,44143,359,359,857
373,37246217,37246419,37250024,3807,202,3605,45000,44143,44147,359,359,853
374,37346269,37346472,37350035,3766,203,3563,45000,44147,44151,359,359,849
375,37446322,37446523,37450033,3711,201,3510,45000,44151,44155,359,359,845
376,37546373,37546574,37550027,3654,201,3453,45000,44155,44158,358,358,842
377,37646424,37646624,37650025,3601,200,3401,45000,44158,44162,358,358,838
378,37746475,37746676,37750032,3557,201,3356,45000,44162,44166,358,358,834
379,37846552,37846753,37850032,3480,201,3279,45000,44166,44169,358,358,831
380,37946604,37946805,37950027,3423,201,3222,45000,44169,44173,358,358,827
381,38046656,38046857,38050023,3367,201,3166,45000,44173,44176,358,358,824
382,38146707,38146907,38150030,3323,200,3123,45000,44176,44180,358,358,820
383,38246759,38246960,38250029,3270,201,3069,45000,44180,44183,358,358,817
384,38346811,38347011,38350020,3209,200,3009,45000,44183,44187,358,358,813
385,38446862,38447064,38450036,3174,202,2972,45000,44187,44190,357,357,810
386,38546931,38547133,38550031,3100,202,2898,45000,44190,44193,357,357,807
387,38646982,38647183,38649032,2050,201,1849,45000,44193,44196,357,357,804
388,38747034,38747235,38749148,2114,201,1913,45000,44196,44200,357,357,800
389,38847086,38847287,38859310,12224,201,12023,45000,44200,44203,357,357,797
390,38947137,38947338,38958998,11861,201,11660,45000,44203,44206,357,357,794
391,39047188,39047390,39059067,11879,202,11677,45000,44206,44209,357,357,791
392,39147241,39147441,39159118,11877,200,11677,45000,44209,44212,357,357,788
393,39247296,39247497,39259172,11876,201,11675,45000,44212,44215,357,357,785
394,39347369,39347570,39359266,11897,201,11696,45000,44215,44218,357,357,782
395,39447421,39447622,39459290,11869,201,11668,45000,44218,44221,357,357,779
396,39547490,39547691,39559350,11860,201,11659,45000,44221,44224,357,357,776
397,39647545,39647744,39659407,11862,199,11663,45000,44224,44228,357,357,772
398,39747619,39747845,39759513,11894,226,11668,45000,44228,44230,356,356,770
399,39847671,39847896,39859548,11877,225,11652,45000,44230,44233,357,357,767
400,39947745,39947962,39961816,14071,217,13854,45000,44233,44236,356,356,764
401,40047813,40048013,40059634,11821,200,11621,45000,44236,44239,356,356,761
402,40147863,40148063,40159735,11872,200,11672,45000,44239,44242,356,356,758
403,40247930,40248131,40259793,11863,201,11662,45000,44242,44244,356,356,756
404,40347984,40348185,40359840,11856,201,11655,45000,44244,44247,356,356,753
405,40448055,40448256,40459936,11881,201,11680,45000,44247,44250,356,356,750
406,40548107,40548307,40559973,11866,200,11666,45000,44250,44252,356,356,748
407,40648181,40648381,40660027,11846,200,11646,45000,44252,44255,356,356,745
408,40748255,40748455,40760029,11774,200,11574,45000,44255,44258,356,356,742
409,40848306,40848507,40860043,11737,201,11536,45000,44258,44260,356,356,740
410,40948358,40953464,40960025,11667,5106,6561,45000,44260,44263,356,356,737
411,41048410,41048611,41060045,11635,201,11434,45000,44263,44265,355,355,735
412,41148462,41148664,41160002,11540,202,11338,45000,44265,44268,355,355,732
413,41248515,41248715,41260029,11514,200,11314,45000,44268,44270,355,355,730
414,41348566,41348767,41360028,11462,201,11261,45000,44270,44272,355,355,728
415,41448619,41448820,41460021,11402,201,11201,45000,44272,44275,355,355,725
416,41548671,41548871,41560030,11359,200,11159,45000,44275,44277,355,355,723
417,41648725,41648925,41660028,11303,200,11103,45000,44277,44279,355,355,721
418,41748778,41748979,41760022,11244,201,11043,45000,44279,44281,355,355,719
419,41848832,41849031,41860043,11211,199,11012,45000,44281,44284,355,355,716
420,41948903,41949103,41960047,11144,200,10944,45000,44284,44286,355,355,714
421,42048957,42049157,42060046,11089,200,10889,45000,44286,44288,355,355,712
422,42149010,42149211,42160027,11017,201,10816,45000,44288,44291,355,355,709
423,42249063,42249264,42260026,10963,201,10762,45000,44291,44293,355,355,707
424,42349117,42349317,42360023,10906,200,10706,45000,44293,44295,355,355,705
425,42449170,42449371,42460028,10858,201,10657,45000,44295,44297,355,355,703
426,42549224,42549424,42560030,10806,200,10606,45000,44297,44299,355,355,701
427,42649278,42649477,42660024,10746,199,10547,45000,44299,44302,355,355,698
428,42749331,42749531,42760020,10689,200,10489,45000,44302,44304,354,354,696
429,42849385,42849585,42860030,10645,200,10445,45000,44304,44305,354,354,695
430,42949438,42949640,42960028,10590,202,10388,45000,44305,44308,355,355,692
431,43049491,43049692,43060023,10532,201,10331,45000,44308,44310,354,354,690
432,43149544,43149744,43160033,10489,200,10289,45000,44310,44311,354,354,689
433,43249598,43249798,43260029,10431,200,10231,45000,44311,44313,354,354,687
434,43349651,43349853,43360027,10376,202,10174,45000,44313,44315,354,354,685
435,43449704,43449904,43460022,10318,200,10118,45000,44315,44317,354,354,683
436,43549775,43549976,43560034,10259,201,10058,45000,44317,44319,354,354,681
437,43649828,43650028,43660035,10207,200,10007,45000,44319,44321,354,354,679
438,43749881,43750081,43760028,10147,200,9947,45000,44321,44323,354,354,677
439,43849935,43850136,43860029,10094,201,9893,45000,44323,44324,354,354,676
440,43949988,43950222,43960019,10031,234,9797,45000,44324,44326,354,354,674
441,44050041,44050279,44060046,10005,238,9767,45000,44326,44328,354,354,672
442,44150114,44150343,44160034,9920,229,9691,45000,44328,44330,354,354,670
443,44250183,44250383,44260028,9845,200,9645,45000,44330,44332,354,354,668
444,44350235,44350435,44360028,9793,200,9593,45000,44332,44333,354,354,667
445,44450287,44450487,44460020,9733,200,9533,45000,44333,44335,354,354,665
446,44550338,44550539,44560024,9686,201,9485,45000,44335,44337,354,354,663
447,44650391,44650590,44660031,9640,199,9441,45000,44337,44339,354,354,661
448,44750442,44750643,44760025,9583,201,9382,45000,44339,44340,353,353,660
449,44850493,44850692,44860029,9536,199,9337,45000,44340,44342,354,354,658
450,44950544,44950745,44960028,9484,201,9283,45000,44342,44343,353,353,657
451,45050596,45050797,45060026,9430,201,9229,45000,44343,44345,353,353,655
452,45150648,45150849,45160021,9373,201,9172,45000,44345,44346,353,353,654
453,45250699,45250899,45260030,9331,200,9131,45000,44346,44348,353,353,652
454,45350752,45350953,45360025,9273,201,9072,45000,44348,44349,353,353,651
455,45450802,45451002,45460022,9220,200,9020,45000,44349,44351,353,353,649
456,45550854,45551055,45560027,9173,201,8972,45000,44351,44352,353,353,648
457,45650906,45651107,45660027,9121,201,8920,45000,44352,44354,353,353,646
458,45750958,45751158,45760027,9069,200,8869,45000,44354,44355,353,353,645
459,45851010,45851212,45860016,9006,202,8804,45000,44355,44356,353,353,644
460,45951061,45951262,45960029,8968,201,8767,45000,44356,44358,353,353,642
461,46051114,46051315,46060027,8913,201,8712,45000,44358,44359,353,353,641
462,46151166,46151368,46160024,8858,202,8656,45000,44359,44361,353,353,639
463,46251217,46251417,46260033,8816,200,8616,45000,44361,44362,353,353,638
464,46351270,46351471,46360023,8753,201,8552,45000,44362,44363,353,353,637
465,46451321,46451522,46460027,8706,201,8505,45000,44363,44365,353,353,635
466,46551373,46551576,46560019,8646,203,8443,45000,44365,44366,353,353,634
467,46651425,46651625,46660047,8622,200,8422,45000,44366,44368,353,353,632
468,46751497,46751698,46760038,8541,201,8340,45000,44368,44369,353,353,631
469,46851549,46851749,46860038,8489,200,8289,45000,44369,44370,353,353,630
470,46951601,46951802,46960027,8426,201,8225,45000,44370,44372,353,353,628
471,47051652,47051853,47060023,8371,201,8170,45000,44372,44373,353,353,627
472,47151704,47151905,47160022,8318,201,8117,45000,44373,44374,353,353,626
473,47251756,47251956,47260031,8275,200,8075,45000,44374,44376,353,353,624
474,47351808,47352010,47360030,8222,202,8020,45000,44376,44377,352,352,623
475,47451860,47452061,47460025,8165,201,7964,45000,44377,44378,352,352,622
476,47551911,47552111,47560024,8113,200,7913,45000,44378,44379,352,352,621
477,47651964,47652164,47660030,8066,200,7866,45000,44379,44380,352,352,620
478,47752015,47752215,47760026,8011,200,7811,45000,44380,44381,352,352,619
479,47852067,47852266,47860024,7957,199,7758,45000,44381,44382,352,352,618
480,47952119,47952319,47960031,7912,200,7712,45000,44382,44383,352,352,617
481,48052171,48052371,48060029,7858,200,7658,45000,44383,44384,352,352,616
482,48152222,48152423,48160024,7802,201,7601,45000,44384,44385,352,352,615
483,48252275,48252475,48260021,7746,200,7546,45000,44385,44386,352,352,614
484,48352326,48352527,48360028,7702,201,7501,45000,44386,44387,352,352,613
485,48452378,48452578,48460027,7649,200,7449,45000,44387,44388,352,352,612
486,48552429,48552630,48560020,7591,201,7390,45000,44388,44389,352,352,611
487,48652481,48652682,48660029,7548,201,7347,45000,44389,44390,352,352,610
488,48752533,48752734,48760027,7494,201,7293,45000,44390,44391,352,352,609
489,48852586,48852786,48860026,7440,200,7240,45000,44391,44392,352,352,608
490,48952638,48952838,48960022,7384,200,7184,45000,44392,44393,352,352,607
491,49052690,49052889,49060029,7339,199,7140,45000,44393,44394,352,352,606
492,49152742,49152942,49160029,7287,200,7087,45000,44394,44395,352,352,605
493,49252795,49252995,49260023,7228,200,7028,45000,44395,44396,352,352,604
494,49352845,49353045,49360041,7196,200,6996,45000,44396,44397,352,352,603
495,49452915,49453115,49460046,7131,200,6931,45000,44397,44398,352,352,602
496,49552967,49553168,49560039,7072,201,6871,45000,44398,44399,352,352,601
497,49653019,49653220,49660031,7012,201,6811,45000,44399,44400,352,352,600
498,49753071,49753272,49760025,6954,201,6753,45000,44400,44401,352,352,599
499,49853123,49853324,49860028,6905,201,6704,45000,44401,44402,352,352,598
500,49953176,49953376,49961818,8642,200,8442,45000,44402,44403,352,352,597
501,50053234,50053435,50059991,6757,201,6556,45000,44403,44404,352,352,596
502,50153285,50153485,50160032,6747,200,6547,45000,44404,44405,352,352,595
503,50253340,50253541,50260020,6680,201,6479,45000,44405,44406,352,352,594
504,50353392,50353593,50360032,6640,201,6439,45000,44406,44407,352,352,593
505,50453444,50453645,50460029,6585,201,6384,45000,44407,44408,352,352,592
506,50553496,50553696,50560024,6528,200,6328,45000,44408,44408,352,352,592
507,50653548,50653749,50660029,6481,201,6280,45000,44408,44409,352,352,591
508,50753600,50753800,50760026,6426,200,6226,45000,44409,44410,352,352,590
509,50853653,50853853,50860028,6375,200,6175,45000,44410,44411,352,352,589
510,50953704,50953906,50960025,6321,202,6119,45000,44411,44412,352,352,588
511,51053756,51053957,51060034,6278,201,6077,45000,44412,44413,352,352,587
512,51153809,51154011,51160024,6215,202,6013,45000,44413,44414,352,352,586
513,51253862,51254086,51260024,6162,224,5938,45000,44414,44415,352,352,585
514,51353914,51354114,51360023,6109,200,5909,45000,44415,44416,351,351,584
515,51453967,51454167,51460028,6061,200,5861,45000,44416,44416,351,351,584
516,51554019,51554246,51560028,6009,227,5782,45000,44416,44417,352,352,583
517,51654071,51654300,51660023,5952,229,5723,45000,44417,44418,351,351,582
518,51754123,51754352,51760027,5904,229,5675,45000,44418,44418,351,351,582
519,51854176,51854401,51860030,5854,225,5629,45000,44418,44419,351,351,581
520,51954240,51954441,51960025,5785,201,5584,45000,44419,44419,351,351,581
521,52054291,52054492,52060020,5729,201,5528,45000,44419,44420,351,351,580
522,52154343,52154543,52160050,5707,200,5507,45000,44420,44421,351,351,579
523,52254418,52254618,52260041,5623,200,5423,45000,44421,44421,351,351,579
524,52354470,52354671,52360039,5569,201,5368,45000,44421,44422,351,351,578
525,52454521,52454722,52460027,5506,201,5305,45000,44422,44422,351,351,578
526,52554572,52554774,52560026,5454,202,5252,45000,44422,44423,351,351,577
527,52654624,52654825,52660021,5397,201,5196,45000,44423,44424,351,351,576
528,52754676,52754877,52760032,5356,201,5155,45000,44424,44424,351,351,576
529,52854727,52854929,52860028,5301,202,5099,45000,44424,44425,351,351,575
530,52954780,52954981,52960022,5242,201,5041,45000,44425,44425,351,351,575
531,53054831,53055032,53060033,5202,201,5001,45000,44425,44426,351,351,574
532,53154883,53155084,53160030,5147,201,4946,45000,44426,44427,351,351,573
533,53254935,53255136,53260027,5092,201,4891,45000,44427,44427,351,351,573
534,53354987,53355187,53360025,5038,200,4838,45000,44427,44428,351,351,572
535,53455039,53455239,53460023,4984,200,4784,45000,44428,44428,351,351,572
536,53555091,53555292,53560031,4940,201,4739,45000,44428,44429,351,351,571
537,53655143,53655343,53660027,4884,200,4684,45000,44429,44429,351,351,571
538,53755194,53755396,53760024,4830,202,4628,45000,44429,44430,351,351,570
539,53855246,53855446,53860030,4784,200,4584,45000,44430,44431,351,351,569
540,53955298,53955498,53960022,4724,200,4524,45000,44431,44431,351,351,569
541,54055349,54055552,54060021,4672,203,4469,45000,44431,44432,351,351,568
542,54155400,54155600,54160032,4632,200,4432,45000,44432,44432,351,351,568
543,54255452,54255653,54260028,4576,201,4375,45000,44432,44433,351,351,567
544,54355504,54355705,54360026,4522,201,4321,45000,44433,44433,351,351,567
545,54455555,54455756,54460019,4464,201,4263,45000,44433,44434,351,351,566
546,54555607,54555808,54560030,4423,201,4222,45000,44434,44434,351,351,566
547,54655660,54660883,54670008,14348,5223,9125,45000,44434,44435,351,351,565
548,54755711,54755914,54759987,4276,203,4073,45000,44435,44435,351,351,565
549,54855763,54855963,54860056,4293,200,4093,45000,44435,44436,351,351,564
550,54955815,54956016,54960048,4233,201,4032,45000,44436,44437,351,351,563
551,55055868,55056068,55060042,4174,200,3974,45000,44437,44437,351,351,563
552,55155920,55156122,55160028,4108,202,3906,45000,44437,44438,351,351,562
553,55255971,55256172,55260028,4057,201,3856,45000,44438,44438,351,351,562
554,55356022,55356224,55360026,4004,202,3802,45000,44438,44439,351,351,561
555,55456074,55456276,55460028,3954,202,3752,45000,44439,44439,351,351,561
556,55556126,55556328,55560034,3908,202,3706,45000,44439,44440,351,351,560
557,55656178,55656379,55660028,3850,201,3649,45000,44440,44440,351,351,560
558,55756229,55756430,55760027,3798,201,3597,45000,44440,44441,351,351,559
559,55856281,55856482,55860028,3747,201,3546,45000,44441,44441,351,351,559
560,55956332,55956534,55960031,3699,202,3497,45000,44441,44442,351,351,558
561,56056384,56056585,56060024,3640,201,3439,45000,44442,44442,351,351,558
562,56156435,56156637,56160035,3600,202,3398,45000,44442,44443,351,351,557
563,56256486,56256687,56260035,3549,201,3348,45000,44443,44443,351,351,557
564,56356538,56356738,56360029,3491,200,3291,45000,44443,44444,351,351,556
565,56456589,56456789,56460027,3438,200,3238,45000,44444,44444,351,351,556
566,56556640,56556841,56560025,3385,201,3184,45000,44444,44445,351,351,555
567,56656692,56656892,56660031,3339,200,3139,45000,44445,44445,351,351,555
568,56756744,56756946,56760027,3283,202,3081,45000,44445,44446,351,351,554
569,56856795,56856996,56860024,3229,201,3028,45000,44446,44446,351,351,554
570,56956846,56957047,56960033,3187,201,2986,45000,44446,44447,351,351,553
571,57056898,57057098,57060033,3135,200,2935,45000,44447,44447,351,351,553
572,57156950,57157150,57160028,3078,200,2878,45000,44447,44448,351,351,552
573,57257001,57257202,57259047,2046,201,1845,45000,44448,44448,351,351,552
574,57357053,57357253,57369233,12180,200,11980,45000,44448,44449,351,351,551
575,57457104,57457305,57469332,12228,201,12027,45000,44449,44449,350,350,551
576,57557156,57557358,57569382,12226,202,12024,45000,44449,44449,351,351,551
577,57657208,57657408,57669054,11846,200,11646,45000,44449,44450,351,351,550
578,57757259,57757460,57769155,11896,201,11695,45000,44450,44450,350,350,550
579,57857311,57857513,57869186,11875,202,11673,45000,44450,44451,351,351,549
580,57957383,57957585,57969239,11856,202,11654,45000,44451,44451,350,350,549
581,58057457,58057658,58069337,11880,201,11679,45000,44451,44451,351,351,549
582,58157509,58157710,58169367,11858,201,11657,45000,44451,44452,351,351,548
583,58257580,58257806,58269475,11895,226,11669,45000,44452,44452,350,350,548
584,58357632,58357859,58369508,11876,227,11649,45000,44452,44452,350,350,548
585,58457705,58457927,58469569,11864,222,11642,45000,44452,44452,350,350,548
586,58557790,58557990,58569642,11852,200,11652,45000,44452,44453,350,350,547
587,58657841,58658042,58669693,11852,201,11651,45000,44453,44453,350,350,547
588,58757913,58758114,58769757,11844,201,11643,45000,44453,44453,350,350,547
589,58857968,58858169,58869825,11857,201,11656,45000,44453,44453,350,350,547
590,58958041,58958242,58969898,11857,201,11656,45000,44453,44453,350,350,547
591,59058092,59058294,59069952,11860,202,11658,45000,44453,44453,350,350,547
592,59158166,59158368,59170011,11845,202,11643,45000,44453,44454,350,350,546
593,59258240,59258441,59270032,11792,201,11591,45000,44454,44454,350,350,546
594,59358292,59358493,59370050,11758,201,11557,45000,44454,44454,350,350,546
595,59458361,59458561,59470050,11689,200,11489,45000,44454,44454,350,350,546
596,59558413,59558614,59570030,11617,201,11416,45000,44454,44454,350,350,546
597,59658464,59658665,59670024,11560,201,11359,45000,44454,44455,350,350,545
598,59758534,59758733,59770023,11489,199,11290,45000,44455,44455,350,350,545
599,59858585,59858785,59870037,11452,200,11252,45000,44455,44455,350,350,545
600,59958637,59958839,59971854,13217,202,13015,45000,44455,44455,350,350,545
601,60058693,60058906,60069992,11299,213,11086,65000,44455,44637,1000,1000,20363
602,60158746,60158947,60170031,11285,201,11084,65000,44637,44819,1000,1000,20181
603,60258804,60259005,60270021,11217,201,11016,65000,44819,44999,1000,1000,20001
604,60358857,60359058,60370043,11186,201,10985,65000,44999,45179,1000,1000,19821
605,60458927,60459127,60470002,11075,200,10875,65000,45179,45359,1000,1000,19641
606,60558980,60559181,60570019,11039,201,10838,65000,45359,45537,1000,1000,19463
607,60659051,60659252,60670030,10979,201,10778,65000,45537,45715,1000,1000,19285
608,60759105,60759306,60770026,10921,201,10720,65000,45715,45892,1000,1000,19108
609,60859158,60859359,60870026,10868,201,10667,65000,45892,46069,1000,1000,18931
610,60959212,60959412,60970029,10817,200,10617,65000,46069,46244,1000,1000,18756
611,61059265,61059464,61070027,10762,199,10563,65000,46244,46419,1000,1000,18581
612,61159318,61159519,61170025,10707,201,10506,65000,46419,46594,1000,1000,18406
613,61259371,61259572,61270017,10646,201,10445,65000,46594,46767,1000,1000,18233
614,61359425,61359626,61370032,10607,201,10406,65000,46767,46940,1000,1000,18060
615,61459478,61459679,61470021,10543,201,10342,65000,46940,47113,1000,1000,17887
616,61559532,61559734,61570026,10494,202,10292,65000,47113,47284,1000,1000,17716
617,61659585,61659785,61670032,10447,200,10247,65000,47284,47455,1000,1000,17545
618,61759639,61759839,61770026,10387,200,10187,65000,47455,47625,1000,1000,17375
619,61859692,61859893,61870023,10331,201,10130,65000,47625,47795,1000,1000,17205
620,61959745,61959946,61970022,10277,201,10076,65000,47795,47964,1000,1000,17036
621,62059798,62059997,62070029,10231,199,10032,65000,47964,48132,1000,1000,16868
622,62159851,62160051,62170028,10177,200,9977,65000,48132,48299,1000,1000,16701
623,62259904,62260106,62270023,10119,202,9917,65000,48299,48466,1000,1000,16534
624,62359958,62360190,62370038,10080,232,9848,65000,48466,48632,1000,1000,16368
625,62460011,62460246,62470045,10034,235,9799,65000,48632,48798,1000,1000,16202
626,62560065,62560302,62570039,9974,237,9737,65000,48798,48962,1000,1000,16038
627,62660118,62660344,62670027,9909,226,9683,65000,48962,49127,1000,1000,15873
628,62760186,62760387,62770031,9845,201,9644,65000,49127,49290,1000,1000,15710
629,62860238,62860437,62870021,9783,199,9584,65000,49290,49453,1000,1000,15547
630,62960289,62960490,62970033,9744,201,9543,65000,49453,49615,1000,1000,15385
631,63060342,63060543,63070034,9692,201,9491,65000,49615,49776,997,997,15224
632,63160394,63160594,63170027,9633,200,9433,65000,49776,49935,993,993,15065
633,63260445,63260646,63270029,9584,201,9383,65000,49935,50092,989,989,14908
634,63360497,63360697,63370018,9521,200,9321,65000,50092,50247,984,984,14753
635,63460549,63460749,63470029,9480,200,9280,65000,50247,50400,980,980,14600
636,63560601,63560802,63570028,9427,201,9226,65000,50400,50552,976,976,14448
637,63660654,63660854,63670021,9367,200,9167,65000,50552,50702,972,972,14298
638,63760705,63760905,63770030,9325,200,9125,65000,50702,50850,968,968,14150
639,63860757,63860958,63870028,9271,201,9070,65000,50850,50997,964,964,14003
640,63960808,63961009,63970025,9217,201,9016,65000,50997,51142,960,960,13858
641,64060860,64061060,64070024,9164,200,8964,65000,51142,51285,956,956,13715
642,64160912,64161112,64170027,9115,200,8915,65000,51285,51426,953,953,13574
643,64260964,64261164,64270028,9064,200,8864,65000,51426,51566,949,949,13434
644,64361015,64361216,64370022,9007,201,8806,65000,51566,51705,945,945,13295
645,64461067,64461268,64470030,8963,201,8762,65000,51705,51841,941,941,13159
646,64561119,64561319,64570026,8907,200,8707,65000,51841,51977,938,938,13023
647,64661170,64661370,64670024,8854,200,8654,65000,51977,52110,934,934,12890
648,64761221,64761421,64770033,8812,200,8612,65000,52110,52243,931,931,12757
649,64861273,64861474,64870022,8749,201,8548,65000,52243,52373,927,927,12627
650,64961324,64961525,64970028,8704,201,8503,65000,52373,52502,924,924,12498
651,65061376,65061576,65070020,8644,200,8444,65000,52502,52630,920,920,12370
652,65161428,65161629,65170043,8615,201,8414,65000,52630,52756,917,917,12244
653,65261497,65261698,65270042,8545,201,8344,65000,52756,52881,914,914,12119
654,65361550,65361752,65370038,8488,202,8286,65000,52881,53004,910,910,11996
655,65461601,65461802,65470026,8425,201,8224,65000,53004,53126,907,907,11874
656,65561653,65561853,65570026,8373,200,8173,65000,53126,53247,904,904,11753
657,65661705,65661906,65670025,8320,201,8119,65000,53247,53366,900,900,11634
658,65761758,65761957,65770029,8271,199,8072,65000,53366,53484,897,897,11516
659,65861811,65862012,65870028,8217,201,8016,65000,53484,53600,894,894,11400
660,65961863,65962063,65970024,8161,200,7961,65000,53600,53715,891,891,11285
661,66061914,66062115,66070022,8108,201,7907,65000,53715,53829,888,888,11171
662,66161966,66162165,66170030,8064,199,7865,65000,53829,53941,885,885,11059
663,66262018,66262218,66270030,8012,200,7812,65000,53941,54053,882,882,10947
664,66362070,66362271,66370024,7954,201,7753,65000,54053,54162,879,879,10838
665,66462122,66462323,66470023,7901,201,7700,65000,54162,54271,876,876,10729
666,66562174,66562374,66570027,7853,200,7653,65000,54271,54378,873,873,10622
667,66662226,66662426,66670026,7800,200,7600,65000,54378,54485,870,870,10515
668,66762278,66762478,66770020,7742,200,7542,65000,54485,54589,867,867,10411
669,66862329,66862529,66870028,7699,200,7499,65000,54589,54693,865,865,10307
670,66962380,66962581,66970030,7650,201,7449,65000,54693,54796,862,862,10204
671,67062431,67062630,67070021,7590,199,7391,65000,54796,54897,859,859,10103
672,67162482,67162682,67170027,7545,200,7345,65000,54897,54998,857,857,10002
673,67262535,67262735,67270030,7495,200,7295,65000,54998,55097,854,854,9903
674,67362586,67362786,67370024,7438,200,7238,65000,55097,55195,851,851,9805
675,67462637,67462838,67470020,7383,201,7182,65000,55195,55291,849,849,9709
676,67562689,67562890,67570032,7343,201,7142,65000,55291,55387,846,846,9613
677,67662742,67662942,67670024,7282,200,7082,65000,55387,55482,844,844,9518
678,67762793,67762993,67770022,7229,200,7029,65000,55482,55576,841,841,9424
679,67862844,67863045,67870041,7197,201,6996,65000,55576,55668,838,838,9332
680,67962915,67963115,67970047,7132,200,6932,65000,55668,55759,836,836,9241
681,68062967,68063168,68070039,7072,201,6871,65000,55759,55850,834,834,9150
682,68163018,68163219,68170028,7010,201,6809,65000,55850,55939,831,831,9061
683,68263070,68268220,68279827,16757,5150,11607,65000,55939,56027,829,829,8973
684,68363123,68363324,68369842,6719,201,6518,65000,56027,56115,827,827,8885
685,68463175,68463375,68469948,6773,200,6573,65000,56115,56201,824,824,8799
686,68563228,68563429,68569995,6767,201,6566,65000,56201,56286,822,822,8714
687,68663301,68663502,68670026,6725,201,6524,65000,56286,56371,820,820,8629
688,68763354,68763556,68770019,6665,202,6463,65000,56371,56454,817,817,8546
689,68863406,68863606,68870032,6626,200,6426,65000,56454,56537,815,815,8463
690,68963458,68963657,68970029,6571,199,6372,65000,56537,56618,813,813,8382
691,69063510,69063710,69070025,6515,200,6315,65000,56618,56699,811,811,8301
692,69163562,69163763,69170023,6461,201,6260,65000,56699,56778,809,809,8222
693,69263613,69263813,69270033,6420,200,6220,65000,56778,56857,807,807,8143
694,69363665,69363866,69370024,6359,201,6158,65000,56857,56935,804,804,8065
695,69463718,69463919,69470026,6308,201,6107,65000,56935,57012,802,802,7988
696,69563769,69563970,69570017,6248,201,6047,65000,57012,57088,800,800,7912
697,69663821,69664022,69670031,6210,201,6009,65000,57088,57163,798,798,7837
698,69763874,69764075,69770022,6148,201,5947,65000,57163,57237,796,796,7763
699,69863925,69864127,69870022,6097,202,5895,65000,57237,57310,794,794,7690
700,69963977,69964178,69971822,7845,201,7644,65000,57310,57383,792,792,7617
701,70064036,70064267,70069986,5950,231,5719,65000,57383,57455,790,790,7545
702,70164086,70164317,70170026,5940,231,5709,65000,57455,57525,788,788,7475
703,70264142,70264367,70270031,5889,225,5664,65000,57525,57596,787,787,7404
704,70364194,70364414,70370027,5833,220,5613,65000,57596,57665,785,785,7335
705,70464245,70464445,70470024,5779,200,5579,65000,57665,57734,783,783,7266
706,70564298,70564498,70570022,5724,200,5524,65000,57734,57801,781,781,7199
707,70664350,70664550,70670051,5701,200,5501,65000,57801,57868,779,779,7132
708,70764421,70764621,70770044,5623,200,5423,65000,57868,57935,778,778,7065
709,70864474,70864675,70870041,5567,201,5366,65000,57935,58000,776,776,7000
710,70964525,70964725,70970029,5504,200,5304,65000,58000,58065,774,774,6935
711,71064577,71064778,71070025,5448,201,5247,65000,58065,58129,772,772,6871
712,71164629,71164830,71170023,5394,201,5193,65000,58129,58192,771,771,6808
713,71264681,71264881,71270032,5351,200,5151,65000,58192,58255,769,769,6745
714,71364733,71364934,71370024,5291,201,5090,65000,58255,58316,767,767,6684
715,71464784,71464984,71470024,5240,200,5040,65000,58316,58378,766,766,6622
716,71564836,71565037,71570028,5192,201,4991,65000,58378,58438,764,764,6562
717,71664888,71665088,71670029,5141,200,4941,65000,58438,58498,762,762,6502
718,71764940,71765141,71770024,5084,201,4883,65000,58498,58557,761,761,6443
719,71864992,71865191,71870024,5032,199,4833,65000,58557,58615,759,759,6385
720,71965044,71965245,71970036,4992,201,4791,65000,58615,58673,758,758,6327
721,72065097,72065298,72070035,4938,201,4737,65000,58673,58730,756,756,6270
722,72165149,72165351,72170027,4878,202,4676,65000,58730,58786,755,755,6214
723,72265200,72265401,72270024,4824,201,4623,65000,58786,58842,753,753,6158
724,72365252,72365452,72370021,4769,200,4569,65000,58842,58897,752,752,6103
725,72465304,72465505,72470030,4726,201,4525,65000,58897,58952,750,750,6048
726,72565356,72565556,72570022,4666,200,4466,65000,58952,59006,749,749,5994
727,72665408,72665609,72670026,4618,201,4417,65000,59006,59059,747,747,5941
728,72765459,72765660,72770030,4571,201,4370,65000,59059,59111,746,746,5889
729,72865511,72865711,72870025,4514,200,4314,65000,59111,59164,745,745,5836
730,72965563,72965763,72970022,4459,200,4259,65000,59164,59215,743,743,5785
731,73065614,73065814,73070031,4417,200,4217,65000,59215,59266,742,742,5734
732,73165666,73165866,73170028,4362,200,4162,65000,59266,59316,740,740,5684
733,73265717,73265918,73270022,4305,201,4104,65000,59316,59366,739,739,5634
734,73365770,73365970,73370043,4273,200,4073,65000,59366,59415,738,738,5585
735,73465840,73466040,73470049,4209,200,4009,65000,59415,59463,736,736,5537
736,73565891,73566093,73570045,4154,202,3952,65000,59463,59511,735,735,5489
737,73665943,73666143,73670030,4087,200,3887,65000,59511,59559,734,734,5441
738,73765995,73766196,73770025,4030,201,3829,65000,59559,59605,732,732,5395
739,73866045,73866245,73870025,3980,200,3780,65000,59605,59652,731,731,5348
740,73966097,73966298,73970029,3932,201,3731,65000,59652,59697,730,730,5303
741,74066148,74066349,74070033,3885,201,3684,65000,59697,59743,729,729,5257
742,74166199,74166399,74170022,3823,200,3623,65000,59743,59788,728,728,5212
743,74266251,74266453,74270025,3774,202,3572,65000,59788,59832,726,726,5168
744,74366302,74366502,74370032,3730,200,3530,65000,59832,59875,725,725,5125
745,74466354,74466555,74470029,3675,201,3474,65000,59875,59919,724,724,5081
746,74566405,74566606,74570023,3618,201,3417,65000,59919,59961,723,723,5039
747,74666457,74666659,74670033,3576,202,3374,65000,59961,60004,722,722,4996
748,74766509,74766710,74770029,3520,201,3319,65000,60004,60046,721,721,4954
749,74866560,74866761,74870025,3465,201,3264,65000,60046,60087,720,720,4913
750,74966611,74966813,74970023,3412,202,3210,65000,60087,60128,719,719,4872
751,75066663,75066863,75070039,3376,200,3176,65000,60128,60168,717,717,4832
752,75166714,75166914,75170029,3315,200,3115,65000,60168,60208,716,716,4792
753,75266765,75266965,75270032,3267,200,3067,65000,60208,60247,715,715,4753
754,75366816,75367017,75370031,3215,201,3014,65000,60247,60286,714,714,4714
755,75466869,75467069,75470028,3159,200,2959,65000,60286,60325,713,713,4675
756,75566921,75567122,75570047,3126,201,2925,65000,60325,60363,712,712,4637
757,75666989,75667190,75669047,2058,201,1857,65000,60363,60400,711,711,4600
758,75767041,75767239,75769155,2114,198,1916,65000,60400,60438,710,710,4562
759,75867093,75867293,75879318,12225,200,12025,65000,60438,60474,709,709,4526
760,75967145,75967347,75979007,11862,202,11660,65000,60474,60511,708,708,4489
761,76067197,76067397,76079056,11859,200,11659,65000,60511,60547,707,707,4453
762,76167248,76167449,76179110,11862,201,11661,65000,60547,60582,706,706,4418
763,76267321,76267522,76279170,11849,201,11648,65000,60582,60617,705,705,4383
764,76367395,76367595,76379273,11878,200,11678,65000,60617,60652,704,704,4348
765,76467447,76467647,76479312,11865,200,11665,65000,60652,60686,703,703,4314
766,76567520,76567720,76579411,11891,200,11691,65000,60686,60720,703,703,4280
767,76667572,76667793,76679439,11867,221,11646,65000,60720,60754,702,702,4246
768,76767644,76767871,76779530,11886,227,11659,65000,60754,60787,701,701,4213
769,76867696,76867919,76879566,11870,223,11647,65000,60787,60820,700,700,4180
770,76967784,76967984,76979632,11848,200,11648,65000,60820,60852,699,699,4148
771,77067824,77068026,77079681,11857,202,11655,65000,60852,60885,698,698,4115
772,77167895,77168096,77179745,11850,201,11649,65000,60885,60916,697,697,4084
773,77267950,77268151,77279808,11858,201,11657,65000,60916,60948,697,697,4052
774,77368022,77368223,77379865,11843,201,11642,65000,60948,60979,696,696,4021
775,77468096,77468295,77479965,11869,199,11670,65000,60979,61009,695,695,3991
776,77568147,77568349,77580011,11864,202,11662,65000,61009,61040,694,694,3960
777,77668202,77668402,77680042,11840,200,11640,65000,61040,61070,693,693,3930
778,77768274,77768476,77780031,11757,202,11555,65000,61070,61099,692,692,3901
779,77868327,77868527,77880045,11718,200,11518,65000,61099,61128,692,692,3872
780,77968379,77968580,77980044,11665,201,11464,65000,61128,61157,691,691,3843
781,78068431,78068631,78080037,11606,200,11406,65000,61157,61186,690,690,3814
782,78168482,78168683,78180044,11562,201,11361,65000,61186,61214,689,689,3786
783,78268567,78268768,78280043,11476,201,11275,65000,61214,61242,689,689,3758
784,78368619,78368820,78380036,11417,201,11216,65000,61242,61270,688,688,3730
785,78468670,78468870,78480028,11358,200,11158,65000,61270,61297,687,687,3703
786,78568724,78568924,78580023,11299,200,11099,65000,61297,61324,686,686,3676
787,78668777,78668978,78680027,11250,201,11049,65000,61324,61351,686,686,3649
788,78768830,78769030,78780034,11204,200,11004,65000,61351,61377,685,685,3623
789,78868883,78869084,78880031,11148,201,10947,65000,61377,61403,684,684,3597
790,78968936,78969136,78980027,11091,200,10891,65000,61403,61429,683,683,3571
791,79068990,79069191,79080024,11034,201,10833,65000,61429,61454,683,683,3546
792,79169043,79169243,79180032,10989,200,10789,65000,61454,61480,682,682,3520
793,79269096,79269298,79280021,10925,202,10723,65000,61480,61504,681,681,3496
794,79369149,79369350,79380025,10876,201,10675,65000,61504,61529,681,681,3471
795,79469203,79469404,79480030,10827,201,10626,65000,61529,61553,680,680,3447
796,79569256,79569456,79580027,10771,200,10571,65000,61553,61577,680,680,3423
797,79669310,79669510,79680024,10714,200,10514,65000,61577,61601,679,679,3399
798,79769363,79769564,79780025,10662,201,10461,65000,61601,61625,678,678,3375
799,79869416,79869617,79880026,10610,201,10409,65000,61625,61648,677,677,3352
800,79969469,79969670,79982777,13308,201,13107,65000,61648,61671,677,677,3329
801,80069526,80069729,80079988,10462,203,10259,65000,61671,61693,676,676,3307
802,80169579,80169779,80180031,10452,200,10252,65000,61693,61716,676,676,3284
803,80269634,80269835,80280032,10398,201,10197,65000,61716,61738,675,675,3262
804,80369687,80369888,80380024,10337,201,10136,65000,61738,61760,675,675,3240
805,80469741,80469941,80480024,10283,200,10083,65000,61760,61782,674,674,3218
806,80569794,80569995,80580030,10236,201,10035,65000,61782,61803,673,673,3197
807,80669847,80670048,80680028,10181,201,9980,65000,61803,61824,673,673,3176
808,80769901,80770102,80780026,10125,201,9924,65000,61824,61845,672,672,3155
809,80869954,80870184,80880040,10086,230,9856,65000,61845,61866,672,672,3134
810,80970008,80970242,80980043,10035,234,9801,65000,61866,61886,671,671,3114
811,81070061,81070299,81080045,9984,238,9746,65000,61886,61907,671,671,3093
812,81170115,81170343,81180007,9892,228,9664,65000,61907,61927,670,670,3073
813,81270183,81270384,81280026,9843,201,9642,65000,61927,61946,670,670,3054
814,81370235,81370434,81380021,9786,199,9587,65000,61946,61966,669,669,3034
815,81470288,81470489,81480032,9744,201,9543,65000,61966,61985,668,668,3015
816,81570340,81570540,81580029,9689,200,9489,65000,61985,62004,668,668,2996
817,81670391,81670591,81680031,9640,200,9440,65000,62004,62023,668,668,2977
818,81770443,81770644,81780020,9577,201,9376,65000,62023,62042,667,667,2958
819,81870494,81875599,81880036,9542,5105,4437,65000,62042,62060,666,666,2940
820,81970547,81970749,81980027,9480,202,9278,65000,62060,62079,666,666,2921
821,82070599,82070801,82080027,9428,202,9226,65000,62079,62096,665,665,2904
822,82170652,82170852,82180021,9369,200,9169,65000,62096,62114,665,665,2886
823,82270703,82270904,82280030,9327,201,9126,65000,62114,62132,665,665,2868
824,82370756,82370956,82380026,9270,200,9070,65000,62132,62149,664,664,2851
825,82470808,82471008,82480022,9214,200,9014,65000,62149,62167,664,664,2833
826,82570859,82571058,82580033,9174,199,8975,65000,62167,62184,663,663,2816
827,82670911,82671111,82680024,9113,200,8913,65000,62184,62201,663,663,2799
828,82770963,82771165,82780026,9063,202,8861,65000,62201,62217,662,662,2783
829,82871015,82871215,82880022,9007,200,8807,65000,62217,62234,662,662,2766
830,82971067,82971267,82980030,8963,200,8763,65000,62234,62250,661,661,2750
831,83071119,83071319,83080031,8912,200,8712,65000,62250,62266,661,661,2734
832,83171170,83171371,83180024,8854,201,8653,65000,62266,62282,661,661,2718
833,83271222,83271423,83280034,8812,201,8611,65000,62282,62298,660,660,2702
834,83371297,83371496,83380024,8727,199,8528,65000,62298,62313,660,660,2687
835,83471348,83471549,83480027,8679,201,8478,65000,62313,62328,659,659,2672
836,83571400,83571601,83580021,8621,201,8420,65000,62328,62344,659,659,2656
837,83671452,83671652,83680048,8596,200,8396,65000,62344,62358,658,658,2642
838,83771524,83771725,83780039,8515,201,8314,65000,62358,62373,658,658,2627
839,83871577,83871778,83880044,8467,201,8266,65000,62373,62388,658,658,2612
840,83971630,83971830,83980007,8377,200,8177,65000,62388,62402,657,657,2598
841,84071682,84071881,84080024,8342,199,8143,65000,62402,62417,657,657,2583
842,84171733,84171933,84180021,8288,200,8088,65000,62417,62431,656,656,2569
843,84271785,84271985,84280030,8245,200,8045,65000,62431,62445,656,656,2555
844,84371837,84372038,84380029,8192,201,7991,65000,62445,62459,656,656,2541
845,84471889,84472090,84480025,8136,201,7935,65000,62459,62472,655,655,2528
846,84571941,84572141,84580030,8089,200,7889,65000,62472,62486,655,655,2514
847,84671993,84672193,84680032,8039,200,7839,65000,62486,62499,655,655,2501
848,84772044,84772246,84780028,7984,202,7782,65000,62499,62512,654,654,2488
849,84872096,84872297,84880026,7930,201,7729,65000,62512,62525,654,654,2475
850,84972148,84972349,84980023,7875,201,7674,65000,62525,62538,654,654,2462
851,85072200,85072400,85080030,7830,200,7630,65000,62538,62516,653,653,2484
852,85172253,85172453,85180030,7777,200,7577,65000,62516,62496,660,660,2504
853,85272304,85272504,85280022,7718,200,7518,65000,62496,62476,661,661,2524
854,85372355,85372556,85380030,7675,201,7474,65000,62476,62456,662,662,2544
855,85472407,85472609,85480028,7621,202,7419,65000,62456,62437,662,662,2563
856,85572459,85572659,85580021,7562,200,7362,65000,62437,62418,663,663,2582
857,85672510,85672710,85680032,7522,200,7322,65000,62418,62399,663,663,2601
858,85772562,85772762,85780030,7468,200,7268,65000,62399,62380,664,664,2620
859,85872614,85872815,85880026,7412,201,7211,65000,62380,62361,664,664,2639
860,85972666,85972866,85980021,7355,200,7155,65000,62361,62343,665,665,2657
861,86072718,86072917,86080028,7310,199,7111,65000,62343,62325,665,665,2675
862,86172792,86172992,86180030,7238,200,7038,65000,62325,62307,666,666,2693
863,86272844,86273046,86280024,7180,202,6978,65000,62307,62289,666,666,2711
864,86372896,86373097,86380043,7147,201,6946,65000,62289,62272,667,667,2728
865,86472966,86473166,86480046,7080,200,6880,65000,62272,62255,667,667,2745
866,86573018,86573219,86580047,7029,201,6828,65000,62255,62238,667,667,2762
867,86673070,86673271,86680008,6938,201,6737,65000,62238,62221,668,668,2779
868,86773122,86773323,86780027,6905,201,6704,65000,62221,62204,668,668,2796
869,86873174,86873375,86880020,6846,201,6645,65000,62204,62187,669,669,2813
870,86973227,86973428,86980032,6805,201,6604,65000,62187,62171,669,669,2829
871,87073280,87073481,87080024,6744,201,6543,65000,62171,62155,670,670,2845
872,87173332,87173531,87180025,6693,199,6494,65000,62155,62139,670,670,2861
873,87273384,87273585,87280021,6637,201,6436,65000,62139,62123,671,671,2877
874,87373435,87373636,87380031,6596,201,6395,65000,62123,62107,671,671,2893
875,87473488,87473690,87480031,6543,202,6341,65000,62107,62092,671,671,2908
876,87573540,87573741,87580024,6484,201,6283,65000,62092,62077,672,672,2923
877,87673592,87673792,87680035,6443,200,6243,65000,62077,62062,672,672,2938
878,87773645,87773845,87780032,6387,200,6187,65000,62062,62047,673,673,2953
879,87873697,87873898,87880027,6330,201,6129,65000,62047,62032,673,673,2968
880,87973750,87973950,87980027,6277,200,6077,65000,62032,62017,673,673,2983
881,88073802,88074002,88080024,6222,200,6022,65000,62017,62003,674,674,2997
882,88173854,88174055,88180028,6174,201,5973,65000,62003,61989,674,674,3011
883,88273907,88274108,88280026,6119,201,5918,65000,61989,61974,674,674,3026
884,88373958,88374159,88380021,6063,201,5862,65000,61974,61961,675,675,3039
885,88474010,88474237,88480030,6020,227,5793,65000,61961,61947,675,675,3053
886,88574063,88574292,88580027,5964,229,5735,65000,61947,61933,676,676,3067
887,88674115,88674346,88680027,5912,231,5681,65000,61933,61920,676,676,3080
888,88774168,88774390,88780029,5861,222,5639,65000,61920,61906,676,676,3094
889,88874235,88874435,88880026,5791,200,5591,65000,61906,61893,677,677,3107
890,88974285,88974485,88980024,5739,200,5539,65000,61893,61880,677,677,3120
891,89074355,89074556,89080021,5666,201,5465,65000,61880,61867,677,677,3133
892,89174407,89174607,89180050,5643,200,5443,65000,61867,61855,678,678,3145
893,89274482,89274683,89280047,5565,201,5364,65000,61855,61842,678,678,3158
894,89374534,89374735,89380043,5509,201,5308,65000,61842,61830,678,678,3170
895,89474586,89474787,89480027,5441,201,5240,65000,61830,61817,679,679,3183
896,89574638,89574837,89580029,5391,199,5192,65000,61817,61805,679,679,3195
897,89674690,89674890,89680026,5336,200,5136,65000,61805,61793,679,679,3207
898,89774742,89774943,89780032,5290,201,5089,65000,61793,61781,680,680,3219
899,89874794,89874995,89880022,5228,201,5027,65000,61781,61770,680,680,3230
900,89974847,89975047,89981814,6967,200,6767,65000,61770,61758,680,680,3242
901,90074905,90075106,90079990,5085,201,4884,65000,61758,61747,681,681,3253
902,90174955,90175157,90180032,5077,202,4875,65000,61747,61735,681,681,3265
903,90275010,90275210,90280022,5012,200,4812,65000,61735,61724,681,681,3276
904,90375062,90375263,90380026,4964,201,4763,65000,61724,61713,682,682,3287
905,90475115,90475314,90480030,4915,199,4716,65000,61713,61702,682,682,3298
906,90575167,90575367,90580027,4860,200,4660,65000,61702,61691,682,682,3309
907,90675219,90675420,90680027,4808,201,4607,65000,61691,61681,682,682,3319
908,90775271,90775472,90780029,4758,201,4557,65000,61681,61670,683,683,3330
909,90875323,90875525,90880036,4713,202,4511,65000,61670,61660,683,683,3340
910,90975375,90975575,90980028,4653,200,4453,65000,61660,61649,683,683,3351
911,91075427,91075628,91080027,4600,201,4399,65000,61649,61639,684,684,3361
912,91175478,91175679,91180026,4548,201,4347,65000,61639,61629,684,684,3371
913,91275531,91275732,91280021,4490,201,4289,65000,61629,61619,684,684,3381
914,91375582,91375783,91380039,4457,201,4256,65000,61619,61609,684,684,3391
915,91475652,91475853,91480026,4374,201,4173,65000,61609,61599,685,685,3401
916,91575703,91575904,91580031,4328,201,4127,65000,61599,61590,685,685,3410
917,91675755,91675956,91680030,4275,201,4074,65000,61590,61580,685,685,3420
918,91775807,91776009,91780026,4219,202,4017,65000,61580,61571,685,685,3429
919,91875860,91876060,91880045,4185,200,3985,65000,61571,61562,686,686,3438
920,91975928,91976131,91980008,4080,203,3877,65000,61562,61552,686,686,3448
921,92075981,92076182,92080020,4039,201,3838,65000,61552,61543,686,686,3457
922,92176032,92176233,92180035,4003,201,3802,65000,61543,61534,686,686,3466
923,92276084,92276285,92280024,3940,201,3739,65000,61534,61525,687,687,3475
924,92376136,92376337,92380033,3897,201,3696,65000,61525,61517,687,687,3483
925,92476189,92476390,92480030,3841,201,3640,65000,61517,61508,687,687,3492
926,92576241,92576442,92580030,3789,201,3588,65000,61508,61499,687,687,3501
927,92676294,92676494,92680025,3731,200,3531,65000,61499,61491,688,688,3509
928,92776346,92776547,92780026,3680,201,3479,65000,61491,61483,688,688,3517
929,92876398,92876598,92880032,3634,200,3434,65000,61483,61474,688,688,3526
930,92976450,92976653,92980029,3579,203,3376,65000,61474,61466,688,688,3534
931,93076502,93076704,93080023,3521,202,3319,65000,61466,61458,688,688,3542
932,93176554,93176756,93180034,3480,202,3278,65000,61458,61450,689,689,3550
933,93276606,93276806,93280032,3426,200,3226,65000,61450,61442,689,689,3558
934,93376658,93376859,93380031,3373,201,3172,65000,61442,61434,689,689,3566
935,93476711,93476912,93480023,3312,201,3111,65000,61434,61426,689,689,3574
936,93576762,93576962,93580031,3269,200,3069,65000,61426,61419,690,690,3581
937,93676814,93677016,93680031,3217,202,3015,65000,61419,61411,690,690,3589
938,93776867,93777067,93780029,3162,200,2962,65000,61411,61404,690,690,3596
939,93876919,93877120,93880045,3126,201,2925,65000,61404,61397,690,690,3603
940,93976971,93977171,93979054,2083,200,1883,65000,61397,61389,690,690,3611
941,94077023,94077223,94079164,2141,200,1941,65000,61389,61382,691,691,3618
942,94177075,94177275,94189327,12252,200,12052,65000,61382,61375,691,691,3625
943,94277127,94277328,94288995,11868,201,11667,65000,61375,61368,691,691,3632
944,94377178,94377378,94389040,11862,200,11662,65000,61368,61361,691,691,3639
945,94477231,94477432,94489093,11862,201,11661,65000,61361,61354,691,691,3646
946,94577304,94577505,94589159,11855,201,11654,65000,61354,61347,691,691,3653
947,94677359,94677559,94689213,11854,200,11654,65000,61347,61341,692,692,3659
948,94777413,94777615,94789278,11865,202,11663,65000,61341,61334,692,692,3666
949,94877483,94877684,94889331,11848,201,11647,65000,61334,61327,692,692,3673
950,94977557,94977778,94989439,11882,221,11661,65000,61327,61321,692,692,3679
951,95077610,95077837,95089472,11862,227,11635,65000,61321,61349,692,692,3651
952,95177684,95177905,95189532,11848,221,11627,65000,61349,61376,685,685,3624
953,95277772,95277975,95289638,11866,203,11663,65000,61376,61402,684,684,3598
954,95377811,95378011,95389664,11853,200,11653,65000,61402,61428,684,684,3572
955,95477881,95478081,95489730,11849,200,11649,65000,61428,61453,683,683,3547
956,95577949,95583046,95589816,11867,5097,6770,65000,61453,61478,682,682,3522
957,95678002,95678203,95689825,11823,201,11622,65000,61478,61503,682,682,3497
958,95778053,95778254,95789902,11849,201,11648,65000,61503,61528,681,681,3472
959,95878105,95878306,95889984,11879,201,11678,65000,61528,61552,680,680,3448
960,95978157,95978358,95990025,11868,201,11667,65000,61552,61576,680,680,3424
961,96078231,96078432,96090028,11797,201,11596,65000,61576,61600,679,679,3400
962,96178283,96178484,96190039,11756,201,11555,65000,61600,61624,678,678,3376
963,96278335,96278536,96290048,11713,201,11512,65000,61624,61647,678,678,3353
964,96378387,96378587,96390042,11655,200,11455,65000,61647,61670,677,677,3330
965,96478439,96478639,96490027,11588,200,11388,65000,61670,61693,676,676,3307
966,96578490,96578691,96590019,11529,201,11328,65000,61693,61715,676,676,3285
967,96678542,96678743,96690048,11506,201,11305,65000,61715,61737,675,675,3263
968,96778615,96778817,96790040,11425,202,11223,65000,61737,61759,675,675,3241
969,96878667,96878868,96890036,11369,201,11168,65000,61759,61781,674,674,3219
970,96978721,96978921,96990028,11307,200,11107,65000,61781,61802,673,673,3198
971,97078774,97078975,97090026,11252,201,11051,65000,61802,61824,673,673,3176
972,97178829,97179029,97190022,11193,200,10993,65000,61824,61844,672,672,3156
973,97278883,97279083,97290031,11148,200,10948,65000,61844,61865,672,672,3135
974,97378936,97379136,97390031,11095,200,10895,65000,61865,61886,671,671,3114
975,97478990,97479190,97490023,11033,200,10833,65000,61886,61906,671,671,3094
976,97579043,97579243,97590026,10983,200,10783,65000,61906,61926,670,670,3074
977,97679097,97679297,97690030,10933,200,10733,65000,61926,61946,670,670,3054
978,97779151,97779350,97790028,10877,199,10678,65000,61946,61965,669,669,3035
979,97879204,97879406,97890024,10820,202,10618,65000,61965,61985,669,669,3015
980,97979257,97979457,97990024,10767,200,10567,65000,61985,62004,668,668,2996
981,98079310,98079511,98090027,10717,201,10516,65000,62004,62023,668,668,2977
982,98179363,98179563,98190028,10665,200,10465,65000,62023,62042,667,667,2958
983,98279417,98279616,98290020,10603,199,10404,65000,62042,62060,666,666,2940
984,98379470,98379669,98390030,10560,199,10361,65000,62060,62078,666,666,2922
985,98479524,98479724,98490029,10505,200,10305,65000,62078,62096,666,666,2904
986,98579578,98579779,98590024,10446,201,10245,65000,62096,62114,665,665,2886
987,98679632,98679832,98690034,10402,200,10202,65000,62114,62132,665,665,2868
988,98779686,98779887,98790024,10338,201,10137,65000,62132,62149,664,664,2851
989,98879739,98879939,98890025,10286,200,10086,65000,62149,62167,664,664,2833
990,98979792,98979992,98990024,10232,200,10032,65000,62167,62184,663,663,2816
991,99079845,99080044,99090031,10186,199,9987,65000,62184,62200,663,663,2800
992,99179898,99180097,99190030,10132,199,9933,65000,62200,62217,662,662,2783
993,99279952,99280183,99290022,10070,231,9839,65000,62217,62234,662,662,2766
994,99380004,99380236,99390040,10036,232,9804,65000,62234,62250,661,661,2750
995,99480075,99480313,99490049,9974,238,9736,65000,62250,62266,661,661,2734
996,99580128,99580354,99590044,9916,226,9690,65000,62266,62282,661,661,2718
997,99680197,99680397,99690028,9831,200,9631,65000,62282,62297,660,660,2703
998,99780249,99780450,99790027,9778,201,9577,65000,62297,62313,660,660,2687
999,99880301,99880503,99890023,9722,202,9520,65000,62313,62328,659,659,2672
1000,99980353,99980554,99991858,11505,201,11304,65000,62328,62344,659,659,2656
1001,100080411,100080612,100089990,9579,201,9378,65000,62344,62358,658,658,2642
1002,100180463,100180664,100190029,9566,201,9365,65000,62358,62373,658,658,2627
1003,100280536,100280737,100290020,9484,201,9283,65000,62373,62388,658,658,2612
1004,100380588,100380789,100390033,9445,201,9244,65000,62388,62402,657,657,2598
1005,100480663,100480863,100490034,9371,200,9171,65000,62402,62417,657,657,2583
1006,100580714,100580915,100590025,9311,201,9110,65000,62417,62431,656,656,2569
1007,100680767,100680969,100690026,9259,202,9057,65000,62431,62445,656,656,2555
1008,100780819,100781019,100790030,9211,200,9011,65000,62445,62459,656,656,2541
1009,100880870,100881071,100890028,9158,201,8957,65000,62459,62472,655,655,2528
1010,100980923,100981122,100990028,9105,199,8906,65000,62472,62486,655,655,2514
1011,101080975,101081176,101090021,9046,201,8845,65000,62486,62499,655,655,2501
1012,101181026,101181227,101190029,9003,201,8802,65000,62499,62512,654,654,2488
1013,101281079,101281280,101290021,8942,201,8741,65000,62512,62525,654,654,2475
1014,101381130,101381330,101390024,8894,200,8694,65000,62525,62538,654,654,2462
1015,101481182,101481382,101490030,8848,200,8648,65000,62538,62551,653,653,2449
1016,101581233,101581435,101590026,8793,202,8591,65000,62551,62564,653,653,2436
1017,101681285,101681484,101690025,8740,199,8541,65000,62564,62576,653,653,2424
1018,101781337,101781537,101790034,8697,200,8497,65000,62576,62589,652,652,2411
1019,101881389,101881590,101890026,8637,201,8436,65000,62589,62601,652,652,2399
1020,101981442,101981642,101990027,8585,200,8385,65000,62601,62613,652,652,2387
1021,102081493,102081693,102090022,8529,200,8329,65000,62613,62625,651,651,2375
1022,102181544,102181744,102190051,8507,200,8307,65000,62625,62636,651,651,2364
1023,102281618,102281818,102290047,8429,200,8229,65000,62636,62648,651,651,2352
1024,102381670,102381869,102390041,8371,199,8172,65000,62648,62660,650,650,2340
1025,102481721,102481948,102490027,8306,227,8079,65000,62660,62671,650,650,2329
1026,102581773,102581974,102590028,8255,201,8054,65000,62671,62682,650,650,2318
1027,102681825,102682024,102690024,8199,199,8000,65000,62682,62694,650,650,2306
1028,102781877,102782078,102790031,8154,201,7953,65000,62694,62705,649,649,2295
1029,102881930,102882130,102890025,8095,200,7895,65000,62705,62715,649,649,2285
1030,102981981,102982181,102990026,8045,200,7845,65000,62715,62726,649,649,2274
1031,103082033,103082233,103090028,7995,200,7795,65000,62726,62737,648,648,2263
1032,103182086,103182286,103190030,7944,200,7744,65000,62737,62747,648,648,2253
1033,103282138,103282339,103290024,7886,201,7685,65000,62747,62758,648,648,2242
1034,103382190,103382391,103390021,7831,201,7630,65000,62758,62768,647,647,2232
1035,103482241,103482442,103490034,7793,201,7592,65000,62768,62778,647,647,2222
1036,103582294,103582496,103590031,7737,202,7535,65000,62778,62788,647,647,2212
1037,103682346,103682547,103690027,7681,201,7480,65000,62788,62798,647,647,2202
1038,103782398,103782599,103790026,7628,201,7427,65000,62798,62808,646,646,2192
1039,103882450,103882651,103890022,7572,201,7371,65000,62808,62817,646,646,2183
1040,103982501,103982701,103990032,7531,200,7331,65000,62817,62827,646,646,2173
1041,104082554,104082755,104090021,7467,201,7266,65000,62827,62837,646,646,2163
1042,104182606,104182807,104190022,7416,201,7215,65000,62837,62846,645,645,2154
1043,104282659,104282859,104290028,7369,200,7169,65000,62846,62855,645,645,2145
1044,104382711,104382912,104390027,7316,201,7115,65000,62855,62864,645,645,2136
1045,104482764,104482964,104490018,7254,200,7054,65000,62864,62873,645,645,2127
1046,104582815,104583016,104590031,7216,201,7015,65000,62873,62882,644,644,2118
1047,104682867,104683068,104690023,7156,201,6955,65000,62882,62891,644,644,2109
1048,104782920,104783121,104790023,7103,201,6902,65000,62891,62900,644,644,2100
1049,104882972,104883172,104890041,7069,200,6869,65000,62900,62908,644,644,2092
1050,104983041,104983242,104990049,7008,201,6807,65000,62908,62917,644,644,2083
1051,105083093,105083294,105090045,6952,201,6751,65000,62917,62925,643,643,2075
1052,105183145,105183346,105190032,6887,201,6686,65000,62925,62934,643,643,2066
1053,105283197,105283397,105290023,6826,200,6626,65000,62934,62942,643,643,2058
1054,105383249,105383450,105390023,6774,201,6573,65000,62942,62950,643,643,2050
1055,105483301,105483503,105490032,6731,202,6529,65000,62950,62958,642,642,2042
1056,105583354,105583555,105590030,6676,201,6475,65000,62958,62966,642,642,2034
1057,105683405,105683605,105690025,6620,200,6420,65000,62966,62974,642,642,2026
1058,105783457,105783657,105790022,6565,200,6365,65000,62974,62982,642,642,2018
1059,105883509,105883709,105890032,6523,200,6323,65000,62982,62990,641,641,2010
1060,105983561,105983761,105990022,6461,200,6261,65000,62990,62997,641,641,2003
1061,106083613,106083813,106090023,6410,200,6210,65000,62997,63005,641,641,1995
1062,106183685,106183886,106190033,6348,201,6147,65000,63005,63012,641,641,1988
1063,106283737,106283937,106290024,6287,200,6087,65000,63012,63020,641,641,1980
1064,106383789,106383990,106390028,6239,201,6038,65000,63020,63027,640,640,1973
1065,106483841,106484042,106490025,6184,201,5983,65000,63027,63034,640,640,1966
1066,106583894,106584095,106590035,6141,201,5940,65000,63034,63041,640,640,1959
1067,106683946,106684148,106690032,6086,202,5884,65000,63041,63048,640,640,1952
1068,106783998,106784198,106790027,6029,200,5829,65000,63048,63055,640,640,1945
1069,106884050,106884281,106890025,5975,231,5744,65000,63055,63062,640,640,1938
1070,106984102,106984336,106990024,5922,234,5688,65000,63062,63068,639,639,1932
1071,107084154,107084378,107090044,5890,224,5666,65000,63068,63075,639,639,1925
1072,107184238,107184439,107190032,5794,201,5593,65000,63075,63082,639,639,1918
1073,107284290,107284490,107290030,5740,200,5540,65000,63082,63088,639,639,1912
1074,107384341,107384540,107390028,5687,199,5488,65000,63088,63095,639,639,1905
1075,107484393,107484594,107490024,5631,201,5430,65000,63095,63101,638,638,1899
1076,107584444,107584643,107590024,5580,199,5381,65000,63101,63107,638,638,1893
1077,107684497,107684697,107690032,5535,200,5335,65000,63107,63114,638,638,1886
1078,107784548,107784749,107790022,5474,201,5273,65000,63114,63120,638,638,1880
1079,107884600,107884800,107890029,5429,200,5229,65000,63120,63126,638,638,1874
1080,107984651,107984852,107990027,5376,201,5175,65000,63126,63132,638,638,1868
1081,108084703,108084904,108090026,5323,201,5122,65000,63132,63138,638,638,1862
1082,108184756,108184957,108190022,5266,201,5065,65000,63138,63144,637,637,1856
1083,108284806,108285007,108290033,5227,201,5026,65000,63144,63150,637,637,1850
1084,108384858,108385058,108390025,5167,200,4967,65000,63150,63156,637,637,1844
1085,108484908,108485108,108490023,5115,200,4915,65000,63156,63161,637,637,1839
1086,108584960,108585160,108590031,5071,200,4871,65000,63161,63167,637,637,1833
1087,108685012,108685213,108690024,5012,201,4811,65000,63167,63173,637,637,1827
1088,108785064,108785265,108790028,4964,201,4763,65000,63173,63178,636,636,1822
1089,108885116,108885318,108890018,4902,202,4700,65000,63178,63183,636,636,1817
1090,108985168,108985368,108990026,4858,200,4658,65000,63183,63189,636,636,1811
1091,109085220,109090425,109100011,14791,5205,9586,65000,63189,63194,636,636,1806
1092,109185272,109185474,109189987,4715,202,4513,65000,63194,63199,636,636,1801
1093,109285324,109285525,109290033,4709,201,4508,65000,63199,63205,636,636,1795
1094,109385377,109385577,109390029,4652,200,4452,65000,63205,63210,635,635,1790
1095,109485428,109485629,109490024,4596,201,4395,65000,63210,63215,635,635,1785
1096,109585480,109585680,109590021,4541,200,4341,65000,63215,63220,635,635,1780
1097,109685532,109685732,109690046,4514,200,4314,65000,63220,63225,635,635,1775
1098,109785603,109785804,109790038,4435,201,4234,65000,63225,63229,635,635,1771
1099,109885655,109885858,109890036,4381,203,4178,65000,63229,63234,635,635,1766
1100,109985707,109985908,109991863,6156,201,5955,65000,63234,63239,635,635,1761
1101,110085764,110085965,110089990,4226,201,4025,65000,63239,63244,635,635,1756
1102,110185815,110186017,110190025,4210,202,4008,65000,63244,63249,635,635,1751
1103,110285889,110286090,110290031,4142,201,3941,65000,63249,63253,634,634,1747
1104,110385941,110386142,110390031,4090,201,3889,65000,63253,63258,634,634,1742
1105,110485993,110486194,110490026,4033,201,3832,65000,63258,63262,634,634,1738
1106,110586046,110586246,110590029,3983,200,3783,65000,63262,63267,634,634,1733
1107,110686097,110686298,110690028,3931,201,3730,65000,63267,63271,634,634,1729
1108,110786151,110786351,110790035,3884,200,3684,65000,63271,63276,634,634,1724
1109,110886204,110886405,110890021,3817,201,3616,65000,63276,63280,634,634,1720
1110,110986256,110986457,110990034,3778,201,3577,65000,63280,63285,634,634,1715
1111,111086308,111086507,111090025,3717,199,3518,65000,63285,63289,633,633,1711
1112,111186360,111186561,111190030,3670,201,3469,65000,63289,63293,633,633,1707
1113,111286412,111286613,111290022,3610,201,3409,65000,63293,63297,633,633,1703
1114,111386464,111386665,111390031,3567,201,3366,65000,63297,63301,633,633,1699
1115,111486516,111486717,111490028,3512,201,3311,65000,63301,63305,633,633,1695
1116,111586568,111586770,111590028,3460,202,3258,65000,63305,63309,633,633,1691
1117,111686619,111686820,111690032,3413,201,3212,65000,63309,63313,633,633,1687
1118,111786671,111786872,111790032,3361,201,3160,65000,63313,63317,633,633,1683
1119,111886724,111886925,111890023,3299,201,3098,65000,63317,63321,633,633,1679
1120,111986776,111986977,111990027,3251,201,3050,65000,63321,63325,632,632,1675
1121,112086828,112087028,112090031,3203,200,3003,65000,63325,63328,632,632,1672
1122,112186879,112187081,112190029,3150,202,2948,65000,63328,63332,632,632,1668
1123,112286931,112287132,112290030,3099,201,2898,65000,63332,63335,632,632,1665
1124,112386981,112387183,112389045,2064,202,1862,65000,63335,63339,632,632,1661
1125,112487034,112487236,112489161,2127,202,1925,65000,63339,63343,632,632,1657
1126,112587086,112587286,112599335,12249,200,12049,65000,63343,63346,632,632,1654
1127,112687137,112687338,112699001,11864,201,11663,65000,63346,63350,632,632,1650
1128,112787190,112787390,112799052,11862,200,11662,65000,63350,63353,632,632,1647
1129,112887265,112887465,112899118,11853,200,11653,65000,63353,63357,632,632,1643
1130,112987320,112987521,112999180,11860,201,11659,65000,63357,63360,631,631,1640
1131,113087376,113087576,113099245,11869,200,11669,65000,63360,63363,631,631,1637
1132,113187431,113187633,113199296,11865,202,11663,65000,63363,63367,631,631,1633
1133,113287503,113287703,113299361,11858,200,11658,65000,63367,63370,631,631,1630
1134,113387557,113387777,113399429,11872,220,11652,65000,63370,63373,631,631,1627
1135,113487612,113487838,113499484,11872,226,11646,65000,63373,63376,631,631,1624
1136,113587686,113587908,113599549,11863,222,11641,65000,63376,63379,631,631,1621
1137,113687741,113687960,113699607,11866,219,11647,65000,63379,63383,631,631,1617
1138,113787814,113788016,113799668,11854,202,11652,65000,63383,63386,631,631,1614
1139,113887888,113888088,113899732,11844,200,11644,65000,63386,63389,631,631,1611
1140,113987944,113988144,113999801,11857,200,11657,65000,63389,63392,631,631,1608
1141,114088016,114088217,114099870,11854,201,11653,65000,63392,63395,631,631,1605
1142,114188069,114188270,114199931,11862,201,11661,65000,63395,63398,631,631,1602
1143,114288143,114288344,114300001,11858,201,11657,65000,63398,63401,630,630,1599
1144,114388196,114388396,114400038,11842,200,11642,65000,63401,63404,630,630,1596
1145,114488249,114488449,114500028,11779,200,11579,65000,63404,63407,630,630,1593
1146,114588301,114588502,114600047,11746,201,11545,65000,63407,63409,630,630,1591
1147,114688352,114688553,114700041,11689,201,11488,65000,63409,63412,630,630,1588
1148,114788404,114788606,114800029,11625,202,11423,65000,63412,63415,630,630,1585
1149,114888456,114888657,114900028,11572,201,11371,65000,63415,63418,630,630,1582
1150,114988543,114988744,115000029,11486,201,11285,65000,63418,63420,630,630,1580
1151,115088596,115088796,115100023,11427,200,11227,65000,63420,63423,630,630,1577
1152,115188647,115188847,115200047,11400,200,11200,65000,63423,63426,630,630,1574
1153,115288721,115288922,115300045,11324,201,11123,65000,63426,63429,630,630,1571
1154,115388775,115388976,115400036,11261,201,11060,65000,63429,63431,630,630,1569
1155,115488828,115489028,115500028,11200,200,11000,65000,63431,63434,630,630,1566
1156,115588882,115589082,115600020,11138,200,10938,65000,63434,63436,629,629,1564
1157,115688934,115689133,115700023,11089,199,10890,65000,63436,63439,629,629,1561
1158,115788988,115789188,115800027,11039,200,10839,65000,63439,63441,629,629,1559
1159,115889041,115889242,115900025,10984,201,10783,65000,63441,63443,629,629,1557
1160,115989095,115989295,116000021,10926,200,10726,65000,63443,63446,629,629,1554
1161,116089148,116089348,116100033,10885,200,10685,65000,63446,63448,629,629,1552
1162,116189201,116189402,116200032,10831,201,10630,65000,63448,63450,629,629,1550
1163,116289254,116289456,116300027,10773,202,10571,65000,63450,63453,629,629,1547
1164,116389308,116389508,116400027,10719,200,10519,65000,63453,63455,629,629,1545
1165,116489360,116489559,116500021,10661,199,10462,65000,63455,63457,629,629,1543
1166,116589412,116589612,116600030,10618,200,10418,65000,63457,63460,629,629,1540
1167,116689465,116689665,116700029,10564,200,10364,65000,63460,63462,629,629,1538
1168,116789518,116789718,116800024,10506,200,10306,65000,63462,63464,629,629,1536
1169,116889571,116889770,116900030,10459,199,10260,65000,63464,63466,629,629,1534
1170,116989625,116989826,117000029,10404,201,10203,65000,63466,63469,629,629,1531
1171,117089679,117089879,117100022,10343,200,10143,65000,63469,63471,628,628,1529
1172,117189732,117189932,117200032,10300,200,10100,65000,63471,63473,628,628,1527
1173,117289785,117289985,117300022,10237,200,10037,65000,63473,63475,628,628,1525
1174,117389838,117390039,117400026,10188,201,9987,65000,63475,63476,628,628,1524
1175,117489891,117490092,117500022,10131,201,9930,65000,63476,63478,628,628,1522
1176,117589945,117590177,117600028,10083,232,9851,65000,63478,63480,628,628,1520
1177,117689999,117690231,117700027,10028,232,9796,65000,63480,63482,628,628,1518
1178,117790052,117790287,117800022,9970,235,9735,65000,63482,63484,628,628,1516
1179,117890104,117890328,117900041,9937,224,9713,65000,63484,63486,628,628,1514
1180,117990193,117990396,118000046,9853,203,9650,65000,63486,63488,628,628,1512
1181,118090244,118090446,118100045,9801,202,9599,65000,63488,63490,628,628,1510
1182,118190297,118190497,118200031,9734,200,9534,65000,63490,63492,628,628,1508
1183,118290349,118290550,118300025,9676,201,9475,65000,63492,63494,628,628,1506
1184,118390400,118390600,118400024,9624,200,9424,65000,63494,63495,628,628,1505
1185,118490452,118490653,118500027,9575,201,9374,65000,63495,63497,628,628,1503
1186,118590504,118590705,118600027,9523,201,9322,65000,63497,63499,628,628,1501
1187,118690555,118690756,118700024,9469,201,9268,65000,63499,63501,628,628,1499
1188,118790607,118790807,118800020,9413,200,9213,65000,63501,63503,628,628,1497
1189,118890658,118890859,118900029,9371,201,9170,65000,63503,63505,628,628,1495
1190,118990711,118990911,119000029,9318,200,9118,65000,63505,63507,628,628,1493
1191,119090762,119090962,119100021,9259,200,9059,65000,63507,63508,628,628,1492
1192,119190813,119191013,119200031,9218,200,9018,65000,63508,63510,628,628,1490
1193,119290866,119291066,119300032,9166,200,8966,65000,63510,63512,627,627,1488
1194,119390917,119391117,119400029,9112,200,8912,65000,63512,63513,627,627,1487
1195,119490969,119491170,119500029,9060,201,8859,65000,63513,63515,627,627,1485
1196,119591020,119591221,119600023,9003,201,8802,65000,63515,63516,627,627,1484
1197,119691071,119691271,119700027,8956,200,8756,65000,63516,63518,627,627,1482
1198,119791124,119791324,119800029,8905,200,8705,65000,63518,63519,627,627,1481
1199,119891175,119891377,119900020,8845,202,8643,65000,63519,63521,627,627,1479
1200,119991226,119991427,120001854,10628,201,10427,65000,63521,63522,627,627,1478
1201,120091284,120091486,120099989,8705,202,8503,50000,63522,63428,285,285,-13428
1202,120191336,120191537,120200025,8689,201,8488,50000,63428,63329,269,269,-13329
1203,120291409,120291609,120300029,8620,200,8420,50000,63329,63231,269,269,-13231
1204,120391461,120391662,120400029,8568,201,8367,50000,63231,63134,270,270,-13134
1205,120491513,120491713,120500021,8508,200,8308,50000,63134,63037,271,271,-13037
1206,120591564,120591766,120600020,8456,202,8254,50000,63037,62941,272,272,-12941
1207,120691616,120691816,120700048,8432,200,8232,50000,62941,62846,273,273,-12846
1208,120791690,120791890,120800049,8359,200,8159,50000,62846,62751,273,273,-12751
1209,120891742,120891944,120900040,8298,202,8096,50000,62751,62657,274,274,-12657
1210,120991794,120991994,121000029,8235,200,8035,50000,62657,62563,275,275,-12563
1211,121091845,121092046,121100025,8180,201,7979,50000,62563,62470,276,276,-12470
1212,121191896,121192097,121200023,8127,201,7926,50000,62470,62378,277,277,-12378
1213,121291947,121292148,121300028,8081,201,7880,50000,62378,62286,278,278,-12286
1214,121392000,121392201,121400028,8028,201,7827,50000,62286,62195,279,279,-12195
1215,121492051,121492251,121500023,7972,200,7772,50000,62195,62105,280,280,-12105
1216,121592102,121592301,121600032,7930,199,7731,50000,62105,62015,281,281,-12015
1217,121692155,121692356,121700027,7872,201,7671,50000,62015,61926,282,282,-11926
1218,121792207,121792407,121800023,7816,200,7616,50000,61926,61837,282,282,-11837
1219,121892259,121892459,121900024,7765,200,7565,50000,61837,61749,283,283,-11749
1220,121992311,121992512,122000027,7716,201,7515,50000,61749,61662,284,284,-11662
1221,122092362,122092563,122100027,7665,201,7464,50000,61662,61575,285,285,-11575
1222,122192413,122192613,122200026,7613,200,7413,50000,61575,61489,286,286,-11489
1223,122292465,122292666,122300031,7566,201,7365,50000,61489,61403,287,287,-11403
1224,122392517,122392717,122400032,7515,200,7315,50000,61403,61318,288,288,-11318
1225,122492568,122497655,122509309,16741,5087,11654,50000,61318,61233,288,288,-11233
1226,122592620,122592821,122599327,6707,201,6506,50000,61233,61149,289,289,-11149
1227,122692673,122692873,122699429,6756,200,6556,50000,61149,61066,290,290,-11066
1228,122792726,122792928,122799476,6750,202,6548,50000,61066,60983,291,291,-10983
1229,122892800,122893000,122899571,6771,200,6571,50000,60983,60901,292,292,-10901
1230,122992871,122993071,122999618,6747,200,6547,50000,60901,60819,292,292,-10819
1231,123092944,123093145,123099683,6739,201,6538,50000,60819,60738,293,293,-10738
1232,123193014,123193214,123199748,6734,200,6534,50000,60738,60657,294,294,-10657
1233,123293072,123293272,123299825,6753,200,6553,50000,60657,60577,295,295,-10577
1234,123393124,123393325,123399923,6799,201,6598,50000,60577,60498,296,296,-10498
1235,123493181,123493381,123499961,6780,200,6580,50000,60498,60419,296,296,-10419
1236,123593234,123593433,123600021,6787,199,6588,50000,60419,60340,297,297,-10340
1237,123693308,123693507,123700026,6718,199,6519,50000,60340,60262,298,298,-10262
1238,123793360,123793560,123800024,6664,200,6464,50000,60262,60185,299,299,-10185
1239,123893412,123893611,123900029,6617,199,6418,50000,60185,60108,299,299,-10108
1240,123993464,123993664,124000030,6566,200,6366,50000,60108,60032,300,300,-10032
1241,124093516,124093728,124100025,6509,212,6297,50000,60032,59956,301,301,-9956
1242,124193568,124193770,124200027,6459,202,6257,50000,59956,59881,302,302,-9881
1243,124293620,124293820,124300024,6404,200,6204,50000,59881,59806,302,302,-9806
1244,124393671,124393871,124400030,6359,200,6159,50000,59806,59731,303,303,-9731
1245,124493724,124493924,124500027,6303,200,6103,50000,59731,59657,304,304,-9657
1246,124593776,124593976,124600022,6246,200,6046,50000,59657,59584,305,305,-9584
1247,124693828,124694028,124700030,6202,200,6002,50000,59584,59511,305,305,-9511
1248,124793881,124794081,124800027,6146,200,5946,50000,59511,59439,306,306,-9439
1249,124893932,124894133,124900022,6090,201,5889,50000,59439,59367,307,307,-9367
1250,124993985,124994185,125000023,6038,200,5838,50000,59367,59296,307,307,-9296
1251,125094037,125094267,125100032,5995,230,5765,50000,59296,59225,308,308,-9225
1252,125194089,125194321,125200023,5934,232,5702,50000,59225,59154,309,309,-9154
1253,125294141,125294367,125300022,5881,226,5655,50000,59154,59084,310,310,-9084
1254,125394193,125394413,125400039,5846,220,5626,50000,59084,59015,310,310,-9015
1255,125494263,125494463,125500044,5781,200,5581,50000,59015,58946,311,311,-8946
1256,125594315,125594516,125600039,5724,201,5523,50000,58946,58877,312,312,-8877
1257,125694367,125694568,125700030,5663,201,5462,50000,58877,58809,312,312,-8809
1258,125794418,125794619,125800027,5609,201,5408,50000,58809,58742,313,313,-8742
1259,125894470,125894670,125900023,5553,200,5353,50000,58742,58674,313,313,-8674
1260,125994521,125994721,126000033,5512,200,5312,50000,58674,58608,314,314,-8608
1261,126094573,126094773,126100030,5457,200,5257,50000,58608,58541,315,315,-8541
1262,126194625,126194825,126200026,5401,200,5201,50000,58541,58476,316,316,-8476
1263,126294676,126294876,126300027,5351,200,5151,50000,58476,58410,316,316,-8410
1264,126394727,126394927,126400022,5295,200,5095,50000,58410,58345,317,317,-8345
1265,126494779,126494980,126500026,5247,201,5046,50000,58345,58281,317,317,-8281
1266,126594830,126595031,126600027,5197,201,4996,50000,58281,58217,318,318,-8217
1267,126694881,126695082,126700021,5140,201,4939,50000,58217,58153,319,319,-8153
1268,126794934,126795134,126800029,5095,200,4895,50000,58153,58090,319,319,-8090
1269,126894985,126895186,126900030,5045,201,4844,50000,58090,58027,320,320,-8027
1270,126995037,126995239,127000021,4984,202,4782,50000,58027,57965,321,321,-7965
1271,127095088,127095288,127100033,4945,200,4745,50000,57965,57903,321,321,-7903
1272,127195141,127195342,127200031,4890,201,4689,50000,57903,57841,322,322,-7841
1273,127295192,127295392,127300024,4832,200,4632,50000,57841,57780,322,322,-7780
1274,127395243,127395444,127400022,4779,201,4578,50000,57780,57720,323,323,-7720
1275,127495294,127495495,127500029,4735,201,4534,50000,57720,57659,323,323,-7659
1276,127595346,127595547,127600027,4681,201,4480,50000,57659,57599,324,324,-7599
1277,127695398,127695598,127700024,4626,200,4426,50000,57599,57540,325,325,-7540
1278,127795449,127795650,127800029,4580,201,4379,50000,57540,57481,325,325,-7481
1279,127895501,127895701,127900028,4527,200,4327,50000,57481,57422,326,326,-7422
1280,127995553,127995752,128000024,4471,199,4272,50000,57422,57364,327,327,-7364
1281,128095604,128095806,128100023,4419,202,4217,50000,57364,57306,327,327,-7306
1282,128195655,128195855,128200048,4393,200,4193,50000,57306,57249,328,328,-7249
1283,128295727,128295928,128300038,4311,201,4110,50000,57249,57191,328,328,-7191
1284,128395779,128395981,128400041,4262,202,4060,50000,57191,57135,329,329,-7135
1285,128495830,128496032,128500028,4198,202,3996,50000,57135,57078,329,329,-7078
1286,128595882,128596082,128600025,4143,200,3943,50000,57078,57022,330,330,-7022
1287,128695935,128696136,128700020,4085,201,3884,50000,57022,56967,330,330,-6967
1288,128795986,128796187,128800029,4043,201,3842,50000,56967,56912,331,331,-6912
1289,128896038,128896239,128900034,3996,201,3795,50000,56912,56857,331,331,-6857
1290,128996091,128996292,129000023,3932,201,3731,50000,56857,56802,332,332,-6802
1291,129096143,129096344,129100033,3890,201,3689,50000,56802,56748,333,333,-6748
1292,129196195,129196396,129200032,3837,201,3636,50000,56748,56694,333,333,-6694
1293,129296246,129296447,129300027,3781,201,3580,50000,56694,56641,334,334,-6641
1294,129396299,129396500,129400026,3727,201,3526,50000,56641,56588,334,334,-6588
1295,129496351,129496552,129500022,3671,201,3470,50000,56588,56536,335,335,-6536
1296,129596402,129596603,129600032,3630,201,3429,50000,56536,56483,335,335,-6483
1297,129696455,129696655,129700023,3568,200,3368,50000,56483,56431,336,336,-6431
1298,129796506,129796707,129800024,3518,201,3317,50000,56431,56380,336,336,-6380
1299,129896559,129896759,129900033,3474,200,3274,50000,56380,56328,336,336,-6328
1300,129996610,129996810,130001861,5251,200,5051,50000,56328,56277,337,337,-6277
1301,130096668,130096870,130099989,3321,202,3119,50000,56277,56227,338,338,-6227
1302,130196719,130196920,130200032,3313,201,3112,50000,56227,56177,338,338,-6177
1303,130296774,130296974,130300032,3258,200,3058,50000,56177,56127,339,339,-6127
1304,130396826,130397026,130400026,3200,200,3000,50000,56127,56077,339,339,-6077
1305,130496877,130497080,130500025,3148,203,2945,50000,56077,56028,340,340,-6028
1306,130596928,130597128,130600036,3108,200,2908,50000,56028,55979,340,340,-5979
1307,130696981,130697182,130699034,2053,201,1852,50000,55979,55931,341,341,-5931
1308,130797033,130797234,130799143,2110,201,1909,50000,55931,55883,341,341,-5883
1309,130897085,130897286,130909317,12232,201,12031,50000,55883,55834,341,341,-5834
1310,130997137,130997339,131009017,11880,202,11678,50000,55834,55787,342,342,-5787
1311,131097189,131097390,131109069,11880,201,11679,50000,55787,55739,342,342,-5739
1312,131197241,131197441,131209102,11861,200,11661,50000,55739,55693,343,343,-5693
1313,131297293,131297495,131309152,11859,202,11657,50000,55693,55646,343,343,-5646
1314,131397367,131397567,131409217,11850,200,11650,50000,55646,55600,344,344,-5600
1315,131497422,131497624,131509291,11869,202,11667,50000,55600,55554,344,344,-5554
1316,131597474,131597674,131609341,11867,200,11667,50000,55554,55508,345,345,-5508
1317,131697547,131697747,131709407,11860,200,11660,50000,55508,55462,345,345,-5462
1318,131797602,131797830,131809459,11857,228,11629,50000,55462,55417,346,346,-5417
1319,131897675,131897899,131909570,11895,224,11671,50000,55417,55373,346,346,-5373
1320,131997727,131997947,132009602,11875,220,11655,50000,55373,55328,346,346,-5328
1321,132097811,132098011,132109660,11849,200,11649,50000,55328,55284,347,347,-5284
1322,132197884,132198085,132209726,11842,201,11641,50000,55284,55240,347,347,-5240
1323,132297952,132298153,132309810,11858,201,11657,50000,55240,55196,348,348,-5196
1324,132398005,132398205,132409860,11855,200,11655,50000,55196,55153,348,348,-5153
1325,132498079,132498280,132509926,11847,201,11646,50000,55153,55110,349,349,-5110
1326,132598134,132598335,132609990,11856,201,11655,50000,55110,55067,349,349,-5067
1327,132698188,132698389,132710027,11839,201,11638,50000,55067,55025,349,349,-5025
1328,132798240,132798441,132810030,11790,201,11589,50000,55025,54983,350,350,-4983
1329,132898292,132898493,132910043,11751,201,11550,50000,54983,54941,350,350,-4941
1330,132998343,132998544,133010047,11704,201,11503,50000,54941,54899,351,351,-4899
1331,133098395,133098596,133110028,11633,201,11432,50000,54899,54858,351,351,-4858
1332,133198447,133198646,133210024,11577,199,11378,50000,54858,54817,351,351,-4817
1333,133298503,133298703,133310031,11528,200,11328,50000,54817,54776,352,352,-4776
1334,133398554,133398756,133410027,11473,202,11271,50000,54776,54736,352,352,-4736
1335,133498607,133498807,133510025,11418,200,11218,50000,54736,54696,353,353,-4696
1336,133598658,133598859,133610020,11362,201,11161,50000,54696,54656,353,353,-4656
1337,133698710,133698911,133710050,11340,201,11139,50000,54656,54616,353,353,-4616
1338,133798787,133798987,133810047,11260,200,11060,50000,54616,54577,354,354,-4577
1339,133898840,133899040,133910037,11197,200,10997,50000,54577,54537,354,354,-4537
1340,133998894,133999096,134010027,11133,202,10931,50000,54537,54499,355,355,-4499
1341,134098948,134099148,134110027,11079,200,10879,50000,54499,54460,355,355,-4460
1342,134199001,134199202,134210021,11020,201,10819,50000,54460,54422,355,355,-4422
1343,134299054,134299255,134310033,10979,201,10778,50000,54422,54384,356,356,-4384
1344,134399108,134399310,134410029,10921,202,10719,50000,54384,54346,356,356,-4346
1345,134499162,134499362,134510023,10861,200,10661,50000,54346,54308,356,356,-4308
1346,134599217,134599418,134610032,10815,201,10614,50000,54308,54271,357,357,-4271
1347,134699270,134699470,134710031,10761,200,10561,50000,54271,54234,357,357,-4234
1348,134799323,134799524,134810026,10703,201,10502,50000,54234,54197,358,358,-4197
1349,134899377,134899578,134910023,10646,201,10445,50000,54197,54160,358,358,-4160
1350,134999430,134999631,135010036,10606,201,10405,50000,54160,54124,358,358,-4124
1351,135099484,135099685,135110032,10548,201,10347,50000,54124,54088,359,359,-4088
1352,135199537,135199739,135210027,10490,202,10288,50000,54088,54052,359,359,-4052
1353,135299590,135299790,135310025,10435,200,10235,50000,54052,54016,359,359,-4016
1354,135399644,135399845,135410022,10378,201,10177,50000,54016,53981,360,360,-3981
1355,135499698,135499898,135510031,10333,200,10133,50000,53981,53946,360,360,-3946
1356,135599751,135599953,135610021,10270,202,10068,50000,53946,53911,360,360,-3911
1357,135699805,135700005,135710022,10217,200,10017,50000,53911,53877,361,361,-3877
1358,135799858,135800059,135810030,10172,201,9971,50000,53877,53842,361,361,-3842
1359,135899911,135905028,135910022,10111,5117,4994,50000,53842,53808,361,361,-3808
1360,135999964,136000199,136010026,10062,235,9827,50000,53808,53774,362,362,-3774
1361,136100017,136100251,136110030,10013,234,9779,50000,53774,53740,362,362,-3740
1362,136200071,136200301,136210026,9955,230,9725,50000,53740,53707,362,362,-3707
1363,136300123,136300347,136310023,9900,224,9676,50000,53707,53673,363,363,-3673
1364,136400189,136400390,136410042,9853,201,9652,50000,53673,53640,363,363,-3640
1365,136500261,136500461,136510048,9787,200,9587,50000,53640,53607,363,363,-3607
1366,136600312,136600513,136610044,9732,201,9531,50000,53607,53575,364,364,-3575
1367,136700363,136700563,136710029,9666,200,9466,50000,53575,53543,364,364,-3543
1368,136800415,136800616,136810026,9611,201,9410,50000,53543,53510,364,364,-3510
1369,136900467,136900667,136910022,9555,200,9355,50000,53510,53478,365,365,-3478
1370,137000519,137000719,137010031,9512,200,9312,50000,53478,53447,365,365,-3447
1371,137100571,137100772,137110027,9456,201,9255,50000,53447,53415,365,365,-3415
1372,137200623,137200825,137210028,9405,202,9203,50000,53415,53384,366,366,-3384
1373,137300676,137300876,137310023,9347,200,9147,50000,53384,53353,366,366,-3353
1374,137400727,137400927,137410031,9304,200,9104,50000,53353,53322,366,366,-3322
1375,137500779,137500980,137510031,9252,201,9051,50000,53322,53291,366,366,-3291
1376,137600831,137601032,137610021,9190,201,8989,50000,53291,53261,367,367,-3261
1377,137700882,137701084,137710033,9151,202,8949,50000,53261,53230,367,367,-3230
1378,137800935,137801135,137810029,9094,200,8894,50000,53230,53200,367,367,-3200
1379,137900987,137901187,137910026,9039,200,8839,50000,53200,53171,368,368,-3171
1380,138001039,138001240,138010022,8983,201,8782,50000,53171,53141,368,368,-3141
1381,138101091,138101292,138110034,8943,201,8742,50000,53141,53111,368,368,-3111
1382,138201143,138201343,138210032,8889,200,8689,50000,53111,53082,369,369,-3082
1383,138301195,138301396,138310030,8835,201,8634,50000,53082,53053,369,369,-3053
1384,138401247,138401448,138410028,8781,201,8580,50000,53053,53024,369,369,-3024
1385,138501298,138501499,138510024,8726,201,8525,50000,53024,52996,369,369,-2996
1386,138601351,138601551,138610045,8694,200,8494,50000,52996,52967,369,369,-2967
1387,138701421,138701621,138710032,8611,200,8411,50000,52967,52939,370,370,-2939
1388,138801472,138801672,138810031,8559,200,8359,50000,52939,52910,370,370,-2910
1389,138901524,138901724,138910026,8502,200,8302,50000,52910,52883,371,371,-2883
1390,139001576,139001775,139010027,8451,199,8252,50000,52883,52855,371,371,-2855
1391,139101628,139101828,139110022,8394,200,8194,50000,52855,52828,371,371,-2828
1392,139201680,139201880,139210033,8353,200,8153,50000,52828,52800,371,371,-2800
1393,139301732,139301933,139310024,8292,201,8091,50000,52800,52773,372,372,-2773
1394,139401784,139401985,139410030,8246,201,8045,50000,52773,52746,372,372,-2746
1395,139501837,139502037,139510032,8195,200,7995,50000,52746,52719,372,372,-2719
1396,139601889,139602090,139610025,8136,201,7935,50000,52719,52693,372,372,-2693
1397,139701941,139702141,139710022,8081,200,7881,50000,52693,52666,372,372,-2666
1398,139801993,139802194,139810033,8040,201,7839,50000,52666,52640,373,373,-2640
1399,139902045,139902246,139910024,7979,201,7778,50000,52640,52614,373,373,-2614
1400,140002097,140002299,140011855,9758,202,9556,50000,52614,52588,373,373,-2588
1401,140102155,140102355,140109993,7838,200,7638,50000,52588,52562,374,374,-2562
1402,140202206,140202407,140210030,7824,201,7623,50000,52562,52536,374,374,-2536
1403,140302261,140302462,140310023,7762,201,7561,50000,52536,52511,374,374,-2511
1404,140402313,140402514,140410024,7711,201,7510,50000,52511,52486,374,374,-2486
1405,140502365,140502565,140510031,7666,200,7466,50000,52486,52461,375,375,-2461
1406,140602417,140602618,140610027,7610,201,7409,50000,52461,52436,375,375,-2436
1407,140702469,140702669,140710028,7559,200,7359,50000,52436,52411,375,375,-2411
1408,140802521,140802723,140810029,7508,202,7306,50000,52411,52387,375,375,-2387
1409,140902573,140902774,140910030,7457,201,7256,50000,52387,52362,375,375,-2362
1410,141002626,141002827,141010029,7403,201,7202,50000,52362,52338,376,376,-2338
1411,141102678,141102878,141110024,7346,200,7146,50000,52338,52314,376,376,-2314
1412,141202730,141202930,141210045,7315,200,7115,50000,52314,52290,376,376,-2290
1413,141302801,141303002,141310043,7242,201,7041,50000,52290,52266,377,377,-2266
1414,141402853,141403054,141410037,7184,201,6983,50000,52266,52243,377,377,-2243
1415,141502905,141503105,141510028,7123,200,6923,50000,52243,52219,377,377,-2219
1416,141602956,141603157,141610023,7067,201,6866,50000,52219,52196,377,377,-2196
1417,141703009,141703208,141710026,7017,199,6818,50000,52196,52173,377,377,-2173
1418,141803060,141803259,141810034,6974,199,6775,50000,52173,52150,378,378,-2150
1419,141903112,141903313,141910029,6917,201,6716,50000,52150,52127,378,378,-2127
1420,142003164,142003366,142010025,6861,202,6659,50000,52127,52104,378,378,-2104
1421,142103216,142103416,142110025,6809,200,6609,50000,52104,52082,378,378,-2082
1422,142203269,142203470,142210026,6757,201,6556,50000,52082,52059,378,378,-2059
1423,142303322,142303522,142310027,6705,200,6505,50000,52059,52037,379,379,-2037
1424,142403374,142403575,142410022,6648,201,6447,50000,52037,52015,379,379,-2015
1425,142503426,142503627,142510031,6605,201,6404,50000,52015,51993,379,379,-1993
1426,142603478,142603679,142610030,6552,201,6351,50000,51993,51971,379,379,-1971
1427,142703530,142703732,142710024,6494,202,6292,50000,51971,51950,380,380,-1950
1428,142803582,142803782,142810024,6442,200,6242,50000,51950,51929,380,380,-1929
1429,142903635,142903835,142910029,6394,200,6194,50000,51929,51907,380,380,-1907
1430,143003688,143003889,143010028,6340,201,6139,50000,51907,51886,380,380,-1886
1431,143103739,143103941,143110027,6288,202,6086,50000,51886,51865,380,380,-1865
1432,143203792,143203991,143210032,6240,199,6041,50000,51865,51844,381,381,-1844
1433,143303845,143304046,143310026,6181,201,5980,50000,51844,51823,381,381,-1823
1434,143403897,143404098,143410026,6129,201,5928,50000,51823,51803,381,381,-1803
1435,143503949,143504148,143510020,6071,199,5872,50000,51803,51782,381,381,-1782
1436,143604001,143604200,143610030,6029,199,5830,50000,51782,51762,382,382,-1762
1437,143704054,143704284,143710027,5973,230,5743,50000,51762,51742,382,382,-1742
1438,143804106,143804340,143810023,5917,234,5683,50000,51742,51722,382,382,-1722
1439,143904158,143904382,143910040,5882,224,5658,50000,51722,51702,382,382,-1702
1440,144004240,144004441,144010045,5805,201,5604,50000,51702,51682,382,382,-1682
1441,144104292,144104494,144110041,5749,202,5547,50000,51682,51662,382,382,-1662
1442,144204344,144204545,144210030,5686,201,5485,50000,51662,51643,383,383,-1643
1443,144304395,144304595,144310026,5631,200,5431,50000,51643,51624,383,383,-1624
1444,144404446,144404646,144410023,5577,200,5377,50000,51624,51604,383,383,-1604
1445,144504498,144504700,144510030,5532,202,5330,50000,51604,51585,383,383,-1585
1446,144604551,144604751,144610031,5480,200,5280,50000,51585,51566,383,383,-1566
1447,144704603,144704804,144710028,5425,201,5224,50000,51566,51547,384,384,-1547
1448,144804654,144804855,144810026,5372,201,5171,50000,51547,51529,384,384,-1529
1449,144904706,144904906,144910028,5322,200,5122,50000,51529,51510,384,384,-1510
1450,145004758,145004959,145010031,5273,201,5072,50000,51510,51492,384,384,-1492
1451,145104809,145105010,145110024,5215,201,5014,50000,51492,51473,384,384,-1473
1452,145204861,145205061,145210023,5162,200,4962,50000,51473,51455,385,385,-1455
1453,145304913,145305114,145310027,5114,201,4913,50000,51455,51437,385,385,-1437
1454,145404964,145405164,145410026,5062,200,4862,50000,51437,51419,385,385,-1419
1455,145505016,145505217,145510024,5008,201,4807,50000,51419,51401,385,385,-1401
1456,145605067,145605267,145610029,4962,200,4762,50000,51401,51383,385,385,-1383
1457,145705120,145705320,145710029,4909,200,4709,50000,51383,51366,385,385,-1366
1458,145805172,145805373,145810022,4850,201,4649,50000,51366,51348,385,385,-1348
1459,145905223,145905423,145910024,4801,200,4601,50000,51348,51331,386,386,-1331
1460,146005294,146005495,146010030,4736,201,4535,50000,51331,51314,386,386,-1314
1461,146105347,146105547,146110027,4680,200,4480,50000,51314,51296,386,386,-1296
1462,146205399,146205600,146210026,4627,201,4426,50000,51296,51279,386,386,-1279
1463,146305450,146305651,146310028,4578,201,4377,50000,51279,51262,386,386,-1262
1464,146405501,146405702,146410028,4527,201,4326,50000,51262,51245,387,387,-1245
1465,146505553,146505753,146510025,4472,200,4272,50000,51245,51229,387,387,-1229
1466,146605604,146605805,146610023,4419,201,4218,50000,51229,51212,387,387,-1212
1467,146705657,146705857,146710049,4392,200,4192,50000,51212,51196,387,387,-1196
1468,146805728,146805928,146810046,4318,200,4118,50000,51196,51179,387,387,-1179
1469,146905779,146905979,146910041,4262,200,4062,50000,51179,51163,387,387,-1163
1470,147005832,147006033,147010029,4197,201,3996,50000,51163,51147,387,387,-1147
1471,147105884,147106083,147110025,4141,199,3942,50000,51147,51131,388,388,-1131
1472,147205935,147206136,147210024,4089,201,3888,50000,51131,51115,388,388,-1115
1473,147305986,147306186,147310030,4044,200,3844,50000,51115,51099,388,388,-1099
1474,147406039,147406239,147410029,3990,200,3790,50000,51099,51083,388,388,-1083
1475,147506090,147506293,147510020,3930,203,3727,50000,51083,51068,388,388,-1068
1476,147606142,147606342,147610038,3896,200,3696,50000,51068,51052,388,388,-1052
1477,147706210,147706411,147710028,3818,201,3617,50000,51052,51037,389,389,-1037
1478,147806262,147806463,147810031,3769,201,3568,50000,51037,51022,389,389,-1022
1479,147906314,147906515,147910028,3714,201,3513,50000,51022,51006,389,389,-1006
1480,148006366,148006568,148010026,3660,202,3458,50000,51006,50991,389,389,-991
1481,148106418,148106619,148110029,3611,201,3410,50000,50991,50976,389,389,-976
1482,148206470,148206671,148210031,3561,201,3360,50000,50976,50961,389,389,-961
1483,148306522,148306723,148310024,3502,201,3301,50000,50961,50946,389,389,-946
1484,148406573,148406774,148410032,3459,201,3258,50000,50946,50932,390,390,-932
1485,148506625,148506825,148510032,3407,200,3207,50000,50932,50917,390,390,-917
1486,148606677,148606878,148610024,3347,201,3146,50000,50917,50903,390,390,-903
1487,148706728,148706929,148710035,3307,201,3106,50000,50903,50888,390,390,-888
1488,148806780,148806981,148810025,3245,201,3044,50000,50888,50874,390,390,-874
1489,148906831,148907033,148910026,3195,202,2993,50000,50874,50860,390,390,-860
1490,149006883,149007084,149010021,3138,201,2937,50000,50860,50845,390,390,-845
1491,149106934,149107135,149110036,3102,201,2901,50000,50845,50832,391,391,-832
1492,149206986,149207187,149209039,2053,201,1852,50000,50832,50818,391,391,-818
1493,149307038,149307237,149309151,2113,199,1914,50000,50818,50804,391,391,-804
1494,149407090,149412251,149419327,12237,5161,7076,50000,50804,50790,391,391,-790
1495,149507141,149507344,149519440,12299,203,12096,50000,50790,50776,391,391,-776
1496,149607193,149607394,149619046,11853,201,11652,50000,50776,50763,391,391,-763
1497,149707245,149707447,149719139,11894,202,11692,50000,50763,50749,391,391,-749
1498,149807296,149807498,149819161,11865,202,11663,50000,50749,50736,392,392,-736
1499,149907367,149907567,149919226,11859,200,11659,50000,50736,50723,392,392,-723
1500,150007419,150007619,150021860,14441,200,14241,50000,50723,50710,392,392,-710
1501,150107477,150107678,150119308,11831,201,11630,50000,50710,50697,392,392,-697
1502,150207527,150207728,150219400,11873,201,11672,50000,50697,50684,392,392,-684
1503,150307579,150307805,150319435,11856,226,11630,50000,50684,50671,392,392,-671
1504,150407652,150407878,150419544,11892,226,11666,50000,50671,50658,392,392,-658
1505,150507704,150507926,150519577,11873,222,11651,50000,50658,50645,392,392,-645
1506,150607790,150607990,150619635,11845,200,11645,50000,50645,50632,393,393,-632
1507,150707863,150708063,150719727,11864,200,11664,50000,50632,50620,393,393,-620
1508,150807929,150808129,150819822,11893,200,11693,50000,50620,50607,393,393,-607
1509,150907980,150908181,150919839,11859,201,11658,50000,50607,50595,393,393,-595
1510,151008032,151008232,151019896,11864,200,11664,50000,50595,50583,393,393,-583
1511,151108105,151108304,151119961,11856,199,11657,50000,50583,50570,393,393,-570
1512,151208159,151208360,151220020,11861,201,11660,50000,50570,50558,393,393,-558
1513,151308232,151308433,151320027,11795,201,11594,50000,50558,50546,393,393,-546
1514,151408285,151408485,151420041,11756,200,11556,50000,50546,50534,394,394,-534
1515,151508337,151508538,151520045,11708,201,11507,50000,50534,50522,394,394,-522
1516,151608388,151608588,151620027,11639,200,11439,50000,50522,50510,394,394,-510
1517,151708440,151708641,151720023,11583,201,11382,50000,50510,50499,394,394,-499
1518,151808494,151808694,151820033,11539,200,11339,50000,50499,50487,394,394,-487
1519,151908547,151908747,151920022,11475,200,11275,50000,50487,50475,394,394,-475
1520,152008597,152008798,152020026,11429,201,11228,50000,50475,50464,394,394,-464
1521,152108649,152108850,152120026,11377,201,11176,50000,50464,50452,394,394,-452
1522,152208700,152208902,152220051,11351,202,11149,50000,50452,50441,395,395,-441
1523,152308772,152308972,152320048,11276,200,11076,50000,50441,50430,395,395,-430
1524,152408826,152409027,152420041,11215,201,11014,50000,50430,50419,395,395,-419
1525,152508880,152509081,152520030,11150,201,10949,50000,50419,50408,395,395,-408
1526,152608934,152609134,152620025,11091,200,10891,50000,50408,50397,395,395,-397
1527,152708987,152709188,152720026,11039,201,10838,50000,50397,50386,395,395,-386
1528,152809040,152809241,152820028,10988,201,10787,50000,50386,50375,395,395,-375
1529,152909093,152909294,152920030,10937,201,10736,50000,50375,50364,395,395,-364
1530,153009147,153009348,153020022,10875,201,10674,50000,50364,50353,395,395,-353
1531,153109200,153109401,153120036,10836,201,10635,50000,50353,50342,395,395,-342
1532,153209253,153209455,153220026,10773,202,10571,50000,50342,50332,396,396,-332
1533,153309306,153309529,153320025,10719,223,10496,50000,50332,50321,396,396,-321
1534,153409359,153409560,153420023,10664,201,10463,50000,50321,50311,396,396,-311
1535,153509412,153509613,153520031,10619,201,10418,50000,50311,50301,396,396,-301
1536,153609466,153609666,153620030,10564,200,10364,50000,50301,50290,396,396,-290
1537,153709520,153709721,153720023,10503,201,10302,50000,50290,50280,396,396,-280
1538,153809574,153809774,153820034,10460,200,10260,50000,50280,50270,396,396,-270
1539,153909626,153909827,153920036,10410,201,10209,50000,50270,50259,396,396,-259
1540,154009679,154009880,154020031,10352,201,10151,50000,50259,50249,396,396,-249
1541,154109733,154109934,154120028,10295,201,10094,50000,50249,50239,396,396,-239
1542,154209787,154209988,154220027,10240,201,10039,50000,50239,50229,397,397,-229
1543,154309840,154310041,154320019,10179,201,9978,50000,50229,50220,397,397,-220
1544,154409894,154410094,154420038,10144,200,9944,50000,50220,50210,397,397,-210
1545,154509964,154510164,154520027,10063,200,9863,50000,50210,50200,397,397,-200
1546,154610017,154610250,154620033,10016,233,9783,50000,50200,50191,397,397,-191
1547,154710071,154710301,154720024,9953,230,9723,50000,50191,50181,397,397,-181
1548,154810124,154810347,154820024,9900,223,9677,50000,50181,50171,397,397,-171
1549,154910190,154910391,154920042,9852,201,9651,50000,50171,50162,397,397,-162
1550,155010264,155010464,155020003,9739,200,9539,50000,50162,50152,397,397,-152
1551,155110316,155110517,155120027,9711,201,9510,50000,50152,50143,397,397,-143
1552,155210369,155210570,155220032,9663,201,9462,50000,50143,50134,397,397,-134
1553,155310420,155310620,155320024,9604,200,9404,50000,50134,50124,397,397,-124
1554,155410471,155410672,155420026,9555,201,9354,50000,50124,50115,398,398,-115
1555,155510523,155510724,155520032,9509,201,9308,50000,50115,50106,398,398,-106
1556,155610575,155610776,155620028,9453,201,9252,50000,50106,50097,398,398,-97
1557,155710626,155710827,155720026,9400,201,9199,50000,50097,50088,398,398,-88
1558,155810678,155810878,155820020,9342,200,9142,50000,50088,50079,398,398,-79
1559,155910730,155910932,155920032,9302,202,9100,50000,50079,50070,398,398,-70
1560,156010783,156010983,156020028,9245,200,9045,50000,50070,50062,398,398,-62
1561,156110835,156111033,156120027,9192,198,8994,50000,50062,50053,398,398,-53
1562,156210887,156211088,156220033,9146,201,8945,50000,50053,50044,398,398,-44
1563,156310939,156311140,156320030,9091,201,8890,50000,50044,50035,398,398,-35
1564,156410991,156411192,156420028,9037,201,8836,50000,50035,50027,399,399,-27
1565,156511043,156511243,156520019,8976,200,8776,50000,50027,50018,399,399,-18
1566,156611094,156611294,156620033,8939,200,8739,50000,50018,50010,399,399,-10
1567,156711147,156711347,156720025,8878,200,8678,50000,50010,50002,399,399,-2
1568,156811199,156811400,156820025,8826,201,8625,50000,50002,49993,399,399,7
1569,156911251,156911450,156920038,8787,199,8588,50000,49993,49985,399,399,15
1570,157011303,157011505,157020045,8742,202,8540,50000,49985,49977,399,399,23
1571,157111355,157111555,157120041,8686,200,8486,50000,49977,49969,399,399,31
1572,157211406,157211606,157220031,8625,200,8425,50000,49969,49961,400,400,39
1573,157311458,157311658,157320027,8569,200,8369,50000,49961,49953,400,400,47
1574,157411528,157411730,157420025,8497,202,8295,50000,49953,49945,400,400,55
1575,157511580,157511781,157520035,8455,201,8254,50000,49945,49937,400,400,63
1576,157611632,157611833,157620033,8401,201,8200,50000,49937,49930,401,401,70
1577,157711683,157711884,157720027,8344,201,8143,50000,49930,49923,401,401,77
1578,157811735,157811935,157820028,8293,200,8093,50000,49923,49915,401,401,85
1579,157911786,157911987,157920021,8235,201,8034,50000,49915,49908,401,401,92
1580,158011838,158012038,158020034,8196,200,7996,50000,49908,49900,401,401,100
1581,158111891,158112092,158119011,7120,201,6919,50000,49900,49893,402,402,107
1582,158211942,158212144,158219106,7164,202,6962,50000,49893,49886,402,402,114
1583,158311996,158312196,158319155,7159,200,6959,50000,49886,49879,402,402,121
1584,158412050,158412251,158419216,7166,201,6965,50000,49879,49872,402,402,128
1585,158512123,158512324,158519276,7153,201,6952,50000,49872,49866,402,402,134
1586,158612196,158612397,158619342,7146,201,6945,50000,49866,49859,402,402,141
1587,158712271,158712472,158719402,7131,201,6930,50000,49859,49852,403,403,148
1588,158812342,158812543,158819463,7121,201,6920,50000,49852,49845,403,403,155
1589,158912415,158912616,158919523,7108,201,6907,50000,49845,49839,403,403,161
1590,159012487,159012687,159019589,7102,200,6902,50000,49839,49832,403,403,168
1591,159112562,159112764,159119650,7088,202,6886,50000,49832,49826,403,403,174
1592,159212635,159212835,159219709,7074,200,6874,50000,49826,49819,403,403,181
1593,159312707,159312907,159319788,7081,200,6881,50000,49819,49813,404,404,187
1594,159412797,159412997,159419848,7051,200,6851,50000,49813,49807,404,404,193
1595,159512867,159513067,159519906,7039,200,6839,50000,49807,49801,404,404,199
1596,159612940,159613140,159619968,7028,200,6828,50000,49801,49795,404,404,205
1597,159713012,159713213,159720047,7035,201,6834,50000,49795,49789,404,404,211
1598,159813086,159813287,159820067,6981,201,6780,50000,49789,49783,404,404,217
1599,159913139,159913339,159920059,6920,200,6720,50000,49783,49777,405,405,223
1600,160013191,160013390,160021864,8673,199,8474,50000,49777,49771,405,405,229
1601,160113249,160113451,160119988,6739,202,6537,50000,49771,49766,405,405,234
1602,160213301,160213502,160220028,6727,201,6526,50000,49766,49760,405,405,240
1603,160313356,160313558,160320028,6672,202,6470,50000,49760,49754,405,405,246
1604,160413409,160413609,160420031,6622,200,6422,50000,49754,49749,405,405,251
1605,160513462,160513663,160520027,6565,201,6364,50000,49749,49743,405,405,257
1606,160613513,160613712,160620022,6509,199,6310,50000,49743,49738,406,406,262
1607,160713566,160713765,160720032,6466,199,6267,50000,49738,49733,406,406,267
1608,160813618,160813819,160820029,6411,201,6210,50000,49733,49727,406,406,273
1609,160913669,160913871,160920022,6353,202,6151,50000,49727,49722,406,406,278
1610,161013722,161013922,161020021,6299,200,6099,50000,49722,49717,406,406,283
1611,161113774,161113975,161120025,6251,201,6050,50000,49717,49712,406,406,288
1612,161213827,161214027,161220025,6198,200,5998,50000,49712,49707,406,406,293
1613,161313879,161314080,161320021,6142,201,5941,50000,49707,49702,407,407,298
1614,161413932,161414132,161420032,6100,200,5900,50000,49702,49697,407,407,303
1615,161513984,161514184,161520022,6038,200,5838,50000,49697,49692,407,407,308
1616,161614037,161614267,161620024,5987,230,5757,50000,49692,49687,407,407,313
1617,161714090,161714321,161720027,5937,231,5706,50000,49687,49682,407,407,318
1618,161814143,161814369,161820028,5885,226,5659,50000,49682,49678,407,407,322
1619,161914195,161914415,161920024,5829,220,5609,50000,49678,49673,407,407,327
1620,162014247,162014448,162020024,5777,201,5576,50000,49673,49668,408,408,332
1621,162114300,162114500,162120032,5732,200,5532,50000,49668,49664,408,408,336
1622,162214352,162214553,162220028,5676,201,5475,50000,49664,49660,408,408,340
1623,162314403,162314603,162320023,5620,200,5420,50000,49660,49655,408,408,345
1624,162414455,162414656,162420043,5588,201,5387,50000,49655,49651,408,408,349
1625,162514524,162514724,162520047,5523,200,5323,50000,49651,49647,408,408,353
1626,162614576,162614777,162620042,5466,201,5265,50000,49647,49642,408,408,358
1627,162714628,162714827,162720029,5401,199,5202,50000,49642,49638,409,409,362
1628,162814680,162819821,162830012,15332,5141,10191,50000,49638,49634,409,409,366
1629,162914731,162914933,162919986,5255,202,5053,50000,49634,49630,409,409,370
1630,163014807,163015008,163020030,5223,201,5022,50000,49630,49626,409,409,374
1631,163114863,163115064,163120031,5168,201,4967,50000,49626,49622,409,409,378
1632,163214915,163215116,163220025,5110,201,4909,50000,49622,49618,409,409,382
1633,163314967,163315168,163320019,5052,201,4851,50000,49618,49614,409,409,386
1634,163415019,163415219,163420033,5014,200,4814,50000,49614,49610,409,409,390
1635,163515070,163515270,163520025,4955,200,4755,50000,49610,49606,409,409,394
1636,163615121,163615322,163620026,4905,201,4704,50000,49606,49602,409,409,398
1637,163715174,163715374,163720023,4849,200,4649,50000,49602,49599,409,409,401
1638,163815225,163815425,163820032,4807,200,4607,50000,49599,49595,409,409,405
1639,163915277,163915477,163920024,4747,200,4547,50000,49595,49591,410,410,409
1640,164015329,164015529,164020027,4698,200,4498,50000,49591,49587,410,410,413
1641,164115381,164115581,164120020,4639,200,4439,50000,49587,49584,410,410,416
1642,164215432,164215632,164220030,4598,200,4398,50000,49584,49580,410,410,420
1643,164315483,164315684,164320026,4543,201,4342,50000,49580,49577,410,410,423
1644,164415535,164415736,164420021,4486,201,4285,50000,49577,49573,410,410,427
1645,164515587,164515787,164520030,4443,200,4243,50000,49573,49570,410,410,430
1646,164615639,164615840,164620028,4389,201,4188,50000,49570,49566,410,410,434
1647,164715691,164715891,164720023,4332,200,4132,50000,49566,49563,411,411,437
1648,164815743,164815943,164820033,4290,200,4090,50000,49563,49560,411,411,440
1649,164915795,164915995,164920025,4230,200,4030,50000,49560,49557,411,411,443
1650,165015846,165016047,165020025,4179,201,3978,50000,49557,49554,411,411,446
1651,165115899,165116097,165120024,4125,198,3927,50000,49554,49551,411,411,449
1652,165215950,165216150,165220051,4101,200,3901,50000,49551,49547,411,411,453
1653,165316022,165316223,165320048,4026,201,3825,50000,49547,49544,411,411,456
1654,165416074,165416274,165420036,3962,200,3762,50000,49544,49541,411,411,459
1655,165516126,165516327,165520033,3907,201,3706,50000,49541,49538,411,411,462
1656,165616178,165616378,165620023,3845,200,3645,50000,49538,49535,411,411,465
1657,165716229,165716429,165720025,3796,200,3596,50000,49535,49532,411,411,468
1658,165816281,165816482,165820034,3753,201,3552,50000,49532,49529,411,411,471
1659,165916333,165916533,165920025,3692,200,3492,50000,49529,49526,411,411,474
1660,166016384,166016585,166020028,3644,201,3443,50000,49526,49523,411,411,477
1661,166116437,166116638,166120031,3594,201,3393,50000,49523,49520,412,412,480
1662,166216488,166216689,166220030,3542,201,3341,50000,49520,49517,412,412,483
1663,166316540,166316740,166320028,3488,200,3288,50000,49517,49515,412,412,485
1664,166416591,166416791,166420024,3433,200,3233,50000,49515,49512,412,412,488
1665,166516642,166516844,166520035,3393,202,3191,50000,49512,49509,412,412,491
1666,166616694,166616896,166620032,3338,202,3136,50000,49509,49507,412,412,493
1667,166716746,166716946,166720032,3286,200,3086,50000,49507,49504,412,412,496
1668,166816798,166817001,166820024,3226,203,3023,50000,49504,49501,412,412,499
1669,166916850,166917052,166920025,3175,202,2973,50000,49501,49499,412,412,501
1670,167016902,167017104,167020033,3131,202,2929,50000,49499,49496,412,412,504
1671,167116954,167117155,167119002,2048,201,1847,50000,49496,49493,412,412,507
1672,167217005,167217206,167219112,2107,201,1906,50000,49493,49491,412,412,509
1673,167317058,167317259,167329276,12218,201,12017,50000,49491,49488,412,412,512
1674,167417109,167417310,167429378,12269,201,12068,50000,49488,49486,413,413,514
1675,167517161,167517362,167528989,11828,201,11627,50000,49486,49484,413,413,516
1676,167617213,167617414,167629091,11878,201,11677,50000,49484,49481,413,413,519
1677,167717265,167717466,167729124,11859,201,11658,50000,49481,49479,413,413,521
1678,167817337,167817536,167829190,11853,199,11654,50000,49479,49477,413,413,523
1679,167917391,167917591,167929287,11896,200,11696,50000,49477,49475,413,413,525
1680,168017444,168017644,168029329,11885,200,11685,50000,49475,49472,413,413,528
1681,168117500,168117700,168129382,11882,200,11682,50000,49472,49470,413,413,530
1682,168217574,168217796,168229446,11872,222,11650,50000,49470,49468,413,413,532
1683,168317629,168317854,168329502,11873,225,11648,50000,49468,49466,413,413,534
1684,168417703,168417924,168429568,11865,221,11644,50000,49466,49463,413,413,537
1685,168517770,168517973,168529628,11858,203,11655,50000,49463,49461,413,413,539
1686,168617830,168618031,168629680,11850,201,11649,50000,49461,49459,413,413,541
1687,168717904,168718105,168729745,11841,201,11640,50000,49459,49457,413,413,543
1688,168817958,168818159,168829818,11860,201,11659,50000,49457,49455,413,413,545
1689,168918027,168918227,168929909,11882,200,11682,50000,49455,49452,413,413,548
1690,169018079,169018279,169029944,11865,200,11665,50000,49452,49450,414,414,550
1691,169118153,169118353,169130006,11853,200,11653,50000,49450,49449,414,414,551
1692,169218227,169218429,169230044,11817,202,11615,50000,49449,49446,413,413,554
1693,169318279,169318480,169330042,11763,201,11562,50000,49446,49445,414,414,555
1694,169418331,169418531,169430043,11712,200,11512,50000,49445,49443,414,414,557
1695,169518382,169518582,169530042,11660,200,11460,50000,49443,49441,414,414,559
1696,169618434,169618633,169630055,11621,199,11422,50000,49441,49439,414,414,561
1697,169718486,169718687,169730036,11550,201,11349,50000,49439,49437,414,414,563
1698,169818537,169818737,169830031,11494,200,11294,50000,49437,49435,414,414,565
1699,169918588,169918788,169930026,11438,200,11238,50000,49435,49434,414,414,566
1700,170018640,170018841,170031857,13217,201,13016,50000,49434,49432,414,414,568
1701,170118699,170118900,170130008,11309,201,11108,50000,49432,49430,414,414,570
1702,170218750,170218951,170230035,11285,201,11084,50000,49430,49428,414,414,572
1703,170318822,170319023,170330026,11204,201,11003,50000,49428,49426,414,414,574
1704,170418875,170419076,170430028,11153,201,10952,50000,49426,49425,414,414,575
1705,170518928,170519129,170530024,11096,201,10895,50000,49425,49423,414,414,577
1706,170618982,170619182,170630020,11038,200,10838,50000,49423,49421,414,414,579
1707,170719034,170719236,170730036,11002,202,10800,50000,49421,49419,414,414,581
1708,170819103,170819304,170830020,10917,201,10716,50000,49419,49417,414,414,583
1709,170919156,170919355,170930030,10874,199,10675,50000,49417,49416,414,414,584
1710,171019210,171019410,171030030,10820,200,10620,50000,49416,49414,414,414,586
1711,171119263,171119463,171130021,10758,200,10558,50000,49414,49412,414,414,588
1712,171219316,171219517,171230024,10708,201,10507,50000,49412,49411,415,415,589
1713,171319368,171319568,171330029,10661,200,10461,50000,49411,49409,414,414,591
1714,171419422,171419623,171430027,10605,201,10404,50000,49409,49408,415,415,592
1715,171519475,171519676,171530023,10548,201,10347,50000,49408,49406,415,415,594
1716,171619527,171619728,171630030,10503,201,10302,50000,49406,49405,415,415,595
1717,171719581,171719782,171730029,10448,201,10247,50000,49405,49403,415,415,597
1718,171819634,171819837,171830021,10387,203,10184,50000,49403,49402,415,415,598
1719,171919687,171919888,171930023,10336,201,10135,50000,49402,49401,415,415,599
1720,172019740,172019941,172030029,10289,201,10088,50000,49401,49399,415,415,601
1721,172119793,172119994,172130024,10231,201,10030,50000,49399,49398,415,415,602
1722,172219847,172220047,172230027,10180,200,9980,50000,49398,49396,415,415,604
1723,172319900,172320100,172330028,10128,200,9928,50000,49396,49395,415,415,605
1724,172419953,172420184,172430026,10073,231,9842,50000,49395,49394,415,415,606
1725,172520006,172520238,172530028,10022,232,9790,50000,49394,49392,415,415,608
1726,172620059,172620291,172630019,9960,232,9728,50000,49392,49391,415,415,609
1727,172720111,172720338,172730042,9931,227,9704,50000,49391,49389,415,415,611
1728,172820202,172820403,172830041,9839,201,9638,50000,49389,49388,415,415,612
1729,172920239,172920439,172930036,9797,200,9597,50000,49388,49387,415,415,613
1730,173020291,173020492,173030028,9737,201,9536,50000,49387,49385,415,415,615
1731,173120343,173120543,173130026,9683,200,9483,50000,49385,49384,415,415,616
1732,173220394,173220592,173230022,9628,198,9430,50000,49384,49383,415,415,617
1733,173320445,173320646,173330032,9587,201,9386,50000,49383,49381,415,415,619
1734,173420497,173420698,173430029,9532,201,9331,50000,49381,49380,415,415,620
1735,173520549,173520750,173530023,9474,201,9273,50000,49380,49379,415,415,621
1736,173620601,173620800,173630027,9426,199,9227,50000,49379,49377,415,415,623
1737,173720654,173720854,173730028,9374,200,9174,50000,49377,49376,416,416,624
1738,173820705,173820905,173830027,9322,200,9122,50000,49376,49375,416,416,625
1739,173920757,173920956,173930024,9267,199,9068,50000,49375,49374,416,416,626
1740,174020809,174021010,174030030,9221,201,9020,50000,49374,49373,416,416,627
1741,174120863,174121062,174130030,9167,199,8968,50000,49373,49372,416,416,628
1742,174220914,174221113,174230023,9109,199,8910,50000,49372,49371,416,416,629
1743,174320965,174321166,174330023,9058,201,8857,50000,49371,49370,416,416,630
1744,174421018,174421218,174430029,9011,200,8811,50000,49370,49369,416,416,631
1745,174521091,174521291,174530028,8937,200,8737,50000,49369,49368,416,416,632
1746,174621143,174621344,174630022,8879,201,8678,50000,49368,49367,416,416,633
1747,174721195,174721396,174730031,8836,201,8635,50000,49367,49366,416,416,634
1748,174821248,174821448,174830028,8780,200,8580,50000,49366,49365,416,416,635
1749,174921299,174921500,174930028,8729,201,8528,50000,49365,49364,416,416,636
1750,175021352,175021552,175030022,8670,200,8470,50000,49364,49363,416,416,637
1751,175121403,175121602,175130030,8627,199,8428,50000,49363,49362,416,416,638
1752,175221455,175221655,175230029,8574,200,8374,50000,49362,49361,416,416,639
1753,175321506,175321708,175330023,8517,202,8315,50000,49361,49360,416,416,640
1754,175421557,175421757,175430039,8482,200,8282,50000,49360,49360,416,416,640
1755,175521610,175521810,175530046,8436,200,8236,50000,49360,49359,416,416,641
1756,175621661,175621863,175630041,8380,202,8178,50000,49359,49358,416,416,642
1757,175721714,175721915,175730031,8317,201,8116,50000,49358,49357,416,416,643
1758,175821765,175821965,175830029,8264,200,8064,50000,49357,49356,416,416,644
1759,175921817,175922018,175930021,8204,201,8003,50000,49356,49355,416,416,645
1760,176021868,176022070,176030032,8164,202,7962,50000,49355,49354,416,416,646
1761,176121920,176122122,176130033,8113,202,7911,50000,49354,49353,416,416,647
1762,176221972,176227080,176230030,8058,5108,2950,50000,49353,49352,416,416,648
1763,176322024,176322226,176330024,8000,202,7798,50000,49352,49351,416,416,649
1764,176422076,176422276,176430034,7958,200,7758,50000,49351,49350,416,416,650
1765,176522128,176522329,176530026,7898,201,7697,50000,49350,49349,416,416,651
1766,176622179,176622381,176630025,7846,202,7644,50000,49349,49348,416,416,652
1767,176722232,176722431,176730027,7795,199,7596,50000,49348,49347,416,416,653
1768,176822284,176822484,176830030,7746,200,7546,50000,49347,49346,416,416,654
1769,176922336,176922538,176930027,7691,202,7489,50000,49346,49346,416,416,654
1770,177022388,177022589,177030023,7635,201,7434,50000,49346,49345,416,416,655
1771,177122439,177122640,177130031,7592,201,7391,50000,49345,49344,416,416,656
1772,177222491,177222692,177230027,7536,201,7335,50000,49344,49343,416,416,657
1773,177322543,177322743,177330024,7481,200,7281,50000,49343,49342,416,416,658
1774,177422594,177422795,177430023,7429,201,7228,50000,49342,49341,416,416,659
1775,177522646,177522847,177530033,7387,201,7186,50000,49341,49340,416,416,660
1776,177622699,177622901,177630025,7326,202,7124,50000,49340,49339,416,416,661
1777,177722751,177722951,177730025,7274,200,7074,50000,49339,49338,416,416,662
1778,177822803,177823003,177830030,7227,200,7027,50000,49338,49338,416,416,662
1779,177922854,177923055,177930029,7175,201,6974,50000,49338,49337,416,416,663
1780,178022906,178023106,178030025,7119,200,6919,50000,49337,49336,417,417,664
1781,178122958,178123159,178130022,7064,201,6863,50000,49336,49336,417,417,664
1782,178223010,178223211,178230047,7037,201,6836,50000,49336,49335,416,416,665
1783,178323082,178323282,178330047,6965,200,6765,50000,49335,49334,417,417,666
1784,178423134,178423335,178430044,6910,201,6709,50000,49334,49333,417,417,667
1785,178523186,178523386,178530030,6844,200,6644,50000,49333,49333,417,417,667
1786,178623238,178623439,178630029,6791,201,6590,50000,49333,49332,417,417,668
1787,178723290,178723491,178730022,6732,201,6531,50000,49332,49332,417,417,668
1788,178823342,178823543,178830029,6687,201,6486,50000,49332,49331,417,417,669
1789,178923394,178923595,178930030,6636,201,6435,50000,49331,49331,417,417,669
1790,179023446,179023647,179030022,6576,201,6375,50000,49331,49330,417,417,670
1791,179123498,179123700,179130033,6535,202,6333,50000,49330,49330,417,417,670
1792,179223551,179223752,179230033,6482,201,6281,50000,49330,49329,417,417,671
1793,179323602,179323802,179330030,6428,200,6228,50000,49329,49328,417,417,672
1794,179423654,179423855,179430023,6369,201,6168,50000,49328,49328,417,417,672
1795,179523706,179523908,179530026,6320,202,6118,50000,49328,49327,417,417,673
1796,179623758,179623960,179630030,6272,202,6070,50000,49327,49327,417,417,673
1797,179723811,179724013,179730027,6216,202,6014,50000,49327,49326,417,417,674
1798,179823863,179824064,179830023,6160,201,5959,50000,49326,49326,417,417,674
1799,179923914,179924116,179930030,6116,202,5914,50000,49326,49325,417,417,675
1800,180023967,180024168,180031861,7894,201,7693,50000,49325,49325,417,417,675
