sequence,cycle_started_us,command_sent_us,response_completed_us,full_loop_us,pre_send_us,transport_us,setpoint_milli_c,observed_milli_c,measured_milli_c,command_actuator_permille,status_actuator_permille,error_milli_c
1,5404,5771,108313,102909,367,102542,45000,20000,20266,951,951,24734
2,108840,108856,122060,13220,16,13204,45000,20266,20543,992,992,24457
3,209258,209275,212045,2787,17,2770,45000,20543,20817,986,986,24183
4,309304,309321,312083,2779,17,2762,45000,20817,21088,979,979,23912
5,409350,409367,422037,12687,17,12670,45000,21088,21356,972,972,23644
6,509397,509413,522071,12674,16,12658,45000,21356,21620,965,965,23380
7,609443,609460,622081,12638,17,12621,45000,21620,21882,958,958,23118
8,709488,709505,721079,11591,17,11574,45000,21882,22141,951,951,22859
9,809533,809550,821179,11646,17,11629,45000,22141,22397,944,944,22603
10,909580,909597,921211,11631,17,11614,45000,22397,22649,937,937,22351
11,1009629,1009646,1021255,11626,17,11609,45000,22649,22899,931,931,22101
12,1109693,1109709,1121310,11617,16,11601,45000,22899,23147,924,924,21853
13,1209740,1209757,1221360,11620,17,11603,45000,23147,23391,917,917,21609
14,1309805,1309822,1321441,11636,17,11619,45000,23391,23632,911,911,21368
15,1409851,1409868,1421476,11625,17,11608,45000,23632,23871,905,905,21129
16,1509901,1509918,1521526,11625,17,11608,45000,23871,24107,898,898,20893
17,1609966,1609983,1621615,11649,17,11632,45000,24107,24340,892,892,20660
18,1710011,1710028,1721643,11632,17,11615,45000,24340,24571,886,886,20429
19,1810091,1810107,1821704,11613,16,11597,45000,24571,24799,879,879,20201
20,1910122,1910139,1921744,11622,17,11605,45000,24799,25024,873,873,19976
21,2010185,2010201,2021837,11652,16,11636,45000,25024,25247,867,867,19753
22,2110230,2110247,2121861,11631,17,11614,45000,25247,25467,861,861,19533
23,2210292,2210308,2221905,11613,16,11597,45000,25467,25685,856,856,19315
24,2310357,2310373,2321998,11641,16,11625,45000,25685,25900,850,850,19100
25,2410402,2410418,2422032,11630,16,11614,45000,25900,26113,844,844,18887
26,2510450,2510467,2522074,11624,17,11607,45000,26113,26323,838,838,18677
27,2610514,2610531,2622086,11572,17,11555,45000,26323,26531,833,833,18469
28,2710559,2710576,2722077,11518,17,11501,45000,26531,26736,827,827,18264
29,2810604,2810620,2822096,11492,16,11476,45000,26736,26940,822,822,18060
30,2910665,2910682,2922086,11421,17,11404,45000,26940,27140,816,816,17860
31,3010710,3010727,3022072,11362,17,11345,45000,27140,27339,811,811,17661
32,3110755,3110772,3122103,11348,17,11331,45000,27339,27535,806,806,17465
33,3210820,3210837,3222097,11277,17,11260,45000,27535,27729,801,801,17271
34,3310865,3310882,3322100,11235,17,11218,45000,27729,27921,795,795,17079
35,3410910,3410927,3422057,11147,17,11130,45000,27921,28110,790,790,16890
36,3510975,3510992,3522067,11092,17,11075,45000,28110,28298,785,785,16702
37,3611022,3611039,3622070,11048,17,11031,45000,28298,28483,780,780,16517
38,3711069,3711086,3722076,11007,17,10990,45000,28483,28666,775,775,16334
39,3811116,3811132,3822074,10958,16,10942,45000,28666,28847,770,770,16153
40,3911162,3911179,3922070,10908,17,10891,45000,28847,29026,766,766,15974
41,4011209,4011225,4022080,10871,16,10855,45000,29026,29203,761,761,15797
42,4111256,4111273,4122074,10818,17,10801,45000,29203,29378,756,756,15622
43,4211302,4211319,4222072,10770,17,10753,45000,29378,29551,752,752,15449
44,4311349,4311366,4322069,10720,17,10703,45000,29551,29722,747,747,15278
45,4411396,4411413,4422079,10683,17,10666,45000,29722,29891,742,742,15109
46,4511443,4511460,4522073,10630,17,10613,45000,29891,30058,738,738,14942
47,4611490,4611506,4622069,10579,16,10563,45000,30058,30223,733,733,14777
48,4711536,4711553,4722080,10544,17,10527,45000,30223,30386,729,729,14614
49,4811583,4811600,4822073,10490,17,10473,45000,30386,30548,725,725,14452
50,4911630,4911647,4922075,10445,17,10428,45000,30548,30707,720,720,14293
51,5011677,5011694,5022069,10392,17,10375,45000,30707,30865,716,716,14135
52,5111723,5111739,5122077,10354,16,10338,45000,30865,31021,712,712,13979
53,5211770,5211787,5222072,10302,17,10285,45000,31021,31175,708,708,13825
54,5311816,5311833,5322071,10255,17,10238,45000,31175,31327,704,704,13673
55,5411863,5411880,5422081,10218,17,10201,45000,31327,31478,700,700,13522
56,5511911,5511928,5522074,10163,17,10146,45000,31478,31627,696,696,13373
57,5611958,5611975,5622073,10115,17,10098,45000,31627,31774,692,692,13226
58,5712005,5712022,5722069,10064,17,10047,45000,31774,31920,688,688,13080
59,5812051,5812067,5822080,10029,16,10013,45000,31920,32063,684,684,12937
60,5912099,5912115,5922074,9975,16,9959,45000,32063,32206,680,680,12794
61,6012145,6012162,6022072,9927,17,9910,45000,32206,32346,676,676,12654
62,6112192,6112228,6122073,9881,36,9845,45000,32346,32485,673,673,12515
63,6212245,6212262,6222094,9849,17,9832,45000,32485,32622,669,669,12378
64,6312299,6312316,6322060,9761,17,9744,45000,32622,32758,665,665,12242
65,6412348,6412364,6422077,9729,16,9713,45000,32758,32893,662,662,12107
66,6512393,6512410,6522077,9684,17,9667,45000,32893,33025,658,658,11975
67,6612439,6612456,6622075,9636,17,9619,45000,33025,33156,655,655,11844
68,6712484,6712501,6722069,9585,17,9568,45000,33156,33286,651,651,11714
69,6812531,6812547,6822078,9547,16,9531,45000,33286,33414,648,648,11586
70,6912577,6912594,6922072,9495,17,9478,45000,33414,33541,644,644,11459
71,7012623,7012639,7022073,9450,16,9434,45000,33541,33666,641,641,11334
72,7112669,7112686,7122078,9409,17,9392,45000,33666,33790,638,638,11210
73,7212715,7212732,7222072,9357,17,9340,45000,33790,33913,634,634,11087
74,7312761,7312777,7322073,9312,16,9296,45000,33913,34034,631,631,10966
75,7412807,7412824,7422069,9262,17,9245,45000,34034,34153,628,628,10847
76,7512852,7512869,7522078,9226,17,9209,45000,34153,34272,625,625,10728
77,7612899,7612916,7622071,9172,17,9155,45000,34272,34389,621,621,10611
78,7712944,7712960,7722070,9126,16,9110,45000,34389,34504,618,618,10496
79,7812989,7813006,7822078,9089,17,9072,45000,34504,34618,615,615,10382
80,7913036,7913052,7922073,9037,16,9021,45000,34618,34731,612,612,10269
81,8013082,8013098,8022075,8993,16,8977,45000,34731,34843,609,609,10157
82,8113127,8113144,8122070,8943,17,8926,45000,34843,34953,606,606,10047
83,8213172,8213189,8222079,8907,17,8890,45000,34953,35062,603,603,9938
84,8313219,8313235,8322071,8852,16,8836,45000,35062,35170,600,600,9830
85,8413265,8413282,8422073,8808,17,8791,45000,35170,35276,597,597,9724
86,8513311,8513327,8522075,8764,16,8748,45000,35276,35382,595,595,9618
87,8613356,8613373,8622076,8720,17,8703,45000,35382,35486,592,592,9514
88,8713402,8713419,8722070,8668,17,8651,45000,35486,35589,589,589,9411
89,8813448,8813464,8822069,8621,16,8605,45000,35589,35691,586,586,9309
90,8913493,8913510,8922083,8590,17,8573,45000,35691,35792,584,584,9208
91,9013539,9013556,9022076,8537,17,8520,45000,35792,35891,581,581,9109
92,9113585,9113601,9122076,8491,16,8475,45000,35891,35989,578,578,9011
93,9213631,9213647,9222073,8442,16,8426,45000,35989,36087,576,576,8913
94,9313676,9313693,9322069,8393,17,8376,45000,36087,36183,573,573,8817
95,9413722,9413739,9422081,8359,17,8342,45000,36183,36278,571,571,8722
96,9513768,9513785,9522077,8309,17,8292,45000,36278,36372,568,568,8628
97,9613813,9613830,9622074,8261,17,8244,45000,36372,36465,565,565,8535
98,9713859,9713876,9722073,8214,17,8197,45000,36465,36556,563,563,8444
99,9813905,9813922,9822068,8163,17,8146,45000,36556,36647,561,561,8353
100,9913951,9913968,9923892,9941,17,9924,45000,36647,36737,558,558,8263
101,10014001,10014018,10022035,8034,17,8017,45000,36737,36826,556,556,8174
102,10114047,10114064,10122073,8026,17,8009,45000,36826,36913,553,553,8087
103,10214094,10214111,10222074,7980,17,7963,45000,36913,37000,551,551,8000
104,10314140,10314156,10322074,7934,16,7918,45000,37000,37085,549,549,7915
105,10414186,10414203,10422071,7885,17,7868,45000,37085,37170,547,547,7830
106,10514231,10514248,10522072,7841,17,7824,45000,37170,37254,544,544,7746
107,10614278,10614294,10622076,7798,16,7782,45000,37254,37337,542,542,7663
108,10714323,10714340,10722071,7748,17,7731,45000,37337,37419,540,540,7581
109,10814370,10814386,10822069,7699,16,7683,45000,37419,37499,538,538,7501
110,10914415,10914432,10922079,7664,17,7647,45000,37499,37580,536,536,7420
111,11014462,11014479,11022074,7612,17,7595,45000,37580,37658,533,533,7342
112,11114508,11114525,11122075,7567,17,7550,45000,37658,37737,531,531,7263
113,11214554,11214570,11222070,7516,16,7500,45000,37737,37814,529,529,7186
114,11314616,11314633,11322079,7463,17,7446,45000,37814,37890,527,527,7110
115,11414662,11414678,11422072,7410,16,7394,45000,37890,37965,525,525,7035
116,11514707,11514724,11522074,7367,17,7350,45000,37965,38040,523,523,6960
117,11614753,11614770,11622074,7321,17,7304,45000,38040,38114,521,521,6886
118,11714800,11714817,11722076,7276,17,7259,45000,38114,38187,519,519,6813
119,11814846,11814863,11822070,7224,17,7207,45000,38187,38259,517,517,6741
120,11914891,11914908,11922071,7180,17,7163,45000,38259,38330,515,515,6670
121,12014937,12014954,12022084,7147,17,7130,45000,38330,38400,513,513,6600
122,12114983,12115000,12122077,7094,17,7077,45000,38400,38470,512,512,6530
123,12215029,12215045,12222079,7050,16,7034,45000,38470,38539,510,510,6461
124,12315074,12315090,12322073,6999,16,6983,45000,38539,38607,508,508,6393
125,12415120,12415137,12422076,6956,17,6939,45000,38607,38674,506,506,6326
126,12515165,12515182,12522080,6915,17,6898,45000,38674,38741,504,504,6259
127,12615211,12615228,12622078,6867,17,6850,45000,38741,38806,502,502,6194
128,12715257,12715273,12722074,6817,16,6801,45000,38806,38871,501,501,6129
129,12815302,12815319,12822073,6771,17,6754,45000,38871,38935,499,499,6065
130,12915348,12915365,12922070,6722,17,6705,45000,38935,38999,497,497,6001
131,13015393,13015410,13022077,6684,17,6667,45000,38999,39061,495,495,5939
132,13115440,13115456,13122071,6631,16,6615,45000,39061,39124,494,494,5876
133,13215485,13215502,13222070,6585,17,6568,45000,39124,39185,492,492,5815
134,13315530,13315547,13322078,6548,17,6531,45000,39185,39246,491,491,5754
135,13415577,13415594,13422073,6496,17,6479,45000,39246,39305,489,489,5695
136,13515623,13515639,13522071,6448,16,6432,45000,39305,39365,488,488,5635
137,13615669,13615685,13622074,6405,16,6389,45000,39365,39424,486,486,5576
138,13715714,13715731,13722075,6361,17,6344,45000,39424,39481,484,484,5519
139,13815761,13815777,13822075,6314,16,6298,45000,39481,39539,483,483,5461
140,13915807,13915824,13922069,6262,17,6245,45000,39539,39595,481,481,5405
141,14015852,14015869,14022078,6226,17,6209,45000,39595,39651,480,480,5349
142,14115899,14115915,14122073,6174,16,6158,45000,39651,39706,478,478,5294
143,14215945,14215961,14222075,6130,16,6114,45000,39706,39761,477,477,5239
144,14315991,14316008,14322067,6076,17,6059,45000,39761,39815,475,475,5185
145,14416037,14416054,14422079,6042,17,6025,45000,39815,39869,474,474,5131
146,14516083,14516100,14522072,5989,17,5972,45000,39869,39921,472,472,5079
147,14616129,14616145,14622072,5943,16,5927,45000,39921,39973,471,471,5027
148,14716175,14716192,14722077,5902,17,5885,45000,39973,40025,470,470,4975
149,14816221,14816238,14822077,5856,17,5839,45000,40025,40076,468,468,4924
150,14916267,14916284,14922072,5805,17,5788,45000,40076,40127,467,467,4873
151,15016314,15016330,15022070,5756,16,5740,45000,40127,40176,465,465,4824
152,15116360,15116376,15122092,5732,16,5716,45000,40176,40225,464,464,4775
153,15216424,15216441,15222086,5662,17,5645,45000,40225,40274,463,463,4726
154,15316470,15316487,15322086,5616,17,5599,45000,40274,40322,462,462,4678
155,15416517,15416533,15422077,5560,16,5544,45000,40322,40370,460,460,4630
156,15516562,15516579,15522072,5510,17,5493,45000,40370,40417,459,459,4583
157,15616608,15616625,15622070,5462,17,5445,45000,40417,40464,458,458,4536
158,15716654,15716671,15722078,5424,17,5407,45000,40464,40510,457,457,4490
159,15816700,15816717,15822073,5373,17,5356,45000,40510,40555,455,455,4445
160,15916745,15916762,15922069,5324,17,5307,45000,40555,40600,454,454,4400
161,16016792,16016809,16022072,5280,17,5263,45000,40600,40644,453,453,4356
162,16116838,16116855,16122077,5239,17,5222,45000,40644,40688,452,452,4312
163,16216883,16216900,16222072,5189,17,5172,45000,40688,40732,451,451,4268
164,16316929,16316946,16322072,5143,17,5126,45000,40732,40775,449,449,4225
165,16416975,16416992,16422079,5104,17,5087,45000,40775,40817,448,448,4183
166,16517021,16517038,16522073,5052,17,5035,45000,40817,40859,447,447,4141
167,16617066,16617083,16622075,5009,17,4992,45000,40859,40900,446,446,4100
168,16717112,16717129,16722071,4959,17,4942,45000,40900,40941,445,445,4059
169,16817158,16817175,16822078,4920,17,4903,45000,40941,40982,444,444,4018
170,16917205,16917221,16922072,4867,16,4851,45000,40982,41022,443,443,3978
171,17017251,17017268,17022071,4820,17,4803,45000,41022,41062,442,442,3938
172,17117297,17117314,17122080,4783,17,4766,45000,41062,41101,441,441,3899
173,17217343,17217361,17222073,4730,18,4712,45000,41101,41140,440,440,3860
174,17317389,17317406,17322074,4685,17,4668,45000,41140,41178,439,439,3822
175,17417435,17417452,17422068,4633,17,4616,45000,41178,41216,438,438,3784
176,17517480,17517497,17522078,4598,17,4581,45000,41216,41254,437,437,3746
177,17617526,17617543,17622072,4546,17,4529,45000,41254,41291,436,436,3709
178,17717572,17717589,17722074,4502,17,4485,45000,41291,41327,435,435,3673
179,17817618,17817635,17822088,4470,17,4453,45000,41327,41363,434,434,3637
180,17917665,17917682,17922092,4427,17,4410,45000,41363,41399,433,433,3601
181,18017711,18017728,18022087,4376,17,4359,45000,41399,41435,432,432,3565
182,18117756,18117773,18122078,4322,17,4305,45000,41435,41470,431,431,3530
183,18217802,18217819,18222072,4270,17,4253,45000,41470,41504,430,430,3496
184,18317848,18317865,18322074,4226,17,4209,45000,41504,41538,429,429,3462
185,18417894,18417911,18422072,4178,17,4161,45000,41538,41572,428,428,3428
186,18517940,18517957,18522079,4139,17,4122,45000,41572,41605,427,427,3395
187,18617987,18618004,18622072,4085,17,4068,45000,41605,41638,426,426,3362
188,18718033,18718050,18722072,4039,17,4022,45000,41638,41670,425,425,3330
189,18818080,18818097,18822080,4000,17,3983,45000,41670,41703,425,425,3297
190,18918127,18918144,18922073,3946,17,3929,45000,41703,41735,424,424,3265
191,19018172,19018189,19022073,3901,17,3884,45000,41735,41766,423,423,3234
192,19118218,19118235,19122067,3849,17,3832,45000,41766,41797,422,422,3203
193,19218264,19218281,19222078,3814,17,3797,45000,41797,41828,421,421,3172
194,19318310,19318327,19322072,3762,17,3745,45000,41828,41858,420,420,3142
195,19418355,19418372,19422073,3718,17,3701,45000,41858,41888,420,420,3112
196,19518401,19518418,19522076,3675,17,3658,45000,41888,41918,419,419,3082
197,19618447,19618464,19622082,3635,17,3618,45000,41918,41948,418,418,3052
198,19718493,19718510,19722072,3579,17,3562,45000,41948,41977,417,417,3023
199,19818539,19818556,19822071,3532,17,3515,45000,41977,42005,416,416,2995
200,19918584,19918600,19923892,5308,16,5292,45000,42005,42034,416,416,2966
201,20018635,20018652,20022037,3402,17,3385,45000,42034,42062,415,415,2938
202,20118680,20118697,20122077,3397,17,3380,45000,42062,42089,414,414,2911
203,20218727,20218744,20222073,3346,17,3329,45000,42089,42117,413,413,2883
204,20318772,20318789,20322082,3310,17,3293,45000,42117,42143,412,412,2857
205,20418819,20418836,20422070,3251,17,3234,45000,42143,42170,412,412,2830
206,20518865,20518881,20522072,3207,16,3191,45000,42170,42197,411,411,2803
207,20618910,20618927,20622095,3185,17,3168,45000,42197,42223,410,410,2777
208,20718976,20718992,20722091,3115,16,3099,45000,42223,42249,410,410,2751
209,20819022,20819038,20822085,3063,16,3047,45000,42249,42274,409,409,2726
210,20919068,20919085,20922078,3010,17,2993,45000,42274,42300,409,409,2700
211,21019113,21019130,21022071,2958,17,2941,45000,42300,42325,408,408,2675
212,21119175,21119192,21122074,2899,17,2882,45000,42325,42349,407,407,2651
213,21219219,21219236,21222081,2862,17,2845,45000,42349,42374,407,407,2626
214,21319265,21319281,21321071,1806,16,1790,45000,42374,42398,406,406,2602
215,21419309,21419326,21421181,1872,17,1855,45000,42398,42422,405,405,2578
216,21519355,21519372,21531347,11992,17,11975,45000,42422,42445,404,404,2555
217,21619401,21619418,21631452,12051,17,12034,45000,42445,42469,404,404,2531
218,21719447,21719464,21731517,12070,17,12053,45000,42469,42492,403,403,2508
219,21819493,21819509,21831084,11591,16,11575,45000,42492,42514,403,403,2486
220,21919538,21919555,21931181,11643,17,11626,45000,42514,42537,402,402,2463
221,22019584,22019601,22031214,11630,17,11613,45000,42537,42559,401,401,2441
222,22119632,22119649,22131254,11622,17,11605,45000,42559,42581,401,401,2419
223,22219695,22219712,22231311,11616,17,11599,45000,42581,42603,400,400,2397
224,22319742,22319759,22331369,11627,17,11610,45000,42603,42624,400,400,2376
225,22419790,22419807,22431417,11627,17,11610,45000,42624,42646,399,399,2354
226,22519855,22519872,22531469,11614,17,11597,45000,42646,42666,398,398,2334
227,22619904,22619920,22631550,11646,16,11630,45000,42666,42687,398,398,2313
228,22719950,22719967,22731584,11634,17,11617,45000,42687,42708,397,397,2292
229,22819997,22820013,22831627,11630,16,11614,45000,42708,42728,397,397,2272
230,22920060,22920093,22931684,11624,33,11591,45000,42728,42748,396,396,2252
231,23020117,23020134,23031739,11622,17,11605,45000,42748,42768,396,396,2232
232,23120165,23120182,23131786,11621,17,11604,45000,42768,42787,395,395,2213
233,23220241,23220258,23231881,11640,17,11623,45000,42787,42807,395,395,2193
234,23320287,23320304,23331942,11655,17,11638,45000,42807,42826,394,394,2174
235,23420332,23420349,23431981,11649,17,11632,45000,42826,42845,394,394,2155
236,23520380,23520397,23532029,11649,17,11632,45000,42845,42864,393,393,2136
237,23620445,23620462,23632073,11628,17,11611,45000,42864,42882,393,393,2118
238,23720508,23720525,23732092,11584,17,11567,45000,42882,42900,392,392,2100
239,23820554,23820571,23832051,11497,17,11480,45000,42900,42919,392,392,2081
240,23920619,23920636,23932097,11478,17,11461,45000,42919,42936,391,391,2064
241,24020682,24020699,24032090,11408,17,11391,45000,42936,42954,391,391,2046
242,24120728,24120744,24132073,11345,16,11329,45000,42954,42971,390,390,2029
243,24220789,24220806,24232070,11281,17,11264,45000,42971,42989,390,390,2011
244,24320835,24320852,24332078,11243,17,11226,45000,42989,43006,389,389,1994
245,24420881,24420898,24432072,11191,17,11174,45000,43006,43023,389,389,1977
246,24520926,24520943,24532071,11145,17,11128,45000,43023,43039,388,388,1961
247,24620971,24620988,24632080,11109,17,11092,45000,43039,43056,388,388,1944
248,24721018,24721035,24732082,11064,17,11047,45000,43056,43072,388,388,1928
249,24821065,24821082,24832076,11011,17,10994,45000,43072,43088,387,387,1912
250,24921112,24921129,24932075,10963,17,10946,45000,43088,43104,387,387,1896
251,25021159,25021176,25032076,10917,17,10900,45000,43104,43120,386,386,1880
252,25121206,25121223,25132104,10898,17,10881,45000,43120,43135,386,386,1865
253,25221254,25221270,25232096,10842,16,10826,45000,43135,43151,386,386,1849
254,25321300,25321317,25332097,10797,17,10780,45000,43151,43166,385,385,1834
255,25421347,25421364,25432074,10727,17,10710,45000,43166,43181,385,385,1819
256,25521394,25521411,25532073,10679,17,10662,45000,43181,43196,384,384,1804
257,25621442,25621459,25632071,10629,17,10612,45000,43196,43211,384,384,1789
258,25721488,25721505,25732079,10591,17,10574,45000,43211,43225,383,383,1775
259,25821536,25821552,25832072,10536,16,10520,45000,43225,43240,383,383,1760
260,25921582,25921599,25932075,10493,17,10476,45000,43240,43254,383,383,1746
261,26021629,26021646,26032069,10440,17,10423,45000,43254,43268,382,382,1732
262,26121676,26121693,26132096,10420,17,10403,45000,43268,43282,382,382,1718
263,26221741,26221758,26232089,10348,17,10331,45000,43282,43295,382,382,1705
264,26321788,26321805,26332090,10302,17,10285,45000,43295,43309,381,381,1691
265,26421836,26421853,26432076,10240,17,10223,45000,43309,43322,381,381,1678
266,26521882,26521899,26532075,10193,17,10176,45000,43322,43336,381,381,1664
267,26621930,26621947,26632071,10141,17,10124,45000,43336,43349,380,380,1651
268,26721976,26721993,26732078,10102,17,10085,45000,43349,43362,380,380,1638
269,26822023,26822040,26832071,10048,17,10031,45000,43362,43375,379,379,1625
270,26922070,26922086,26932074,10004,16,9988,45000,43375,43387,379,379,1613
271,27022116,27022133,27032077,9961,17,9944,45000,43387,43400,379,379,1600
272,27122163,27122179,27132073,9910,16,9894,45000,43400,43412,378,378,1588
273,27222225,27222242,27232076,9851,17,9834,45000,43412,43424,378,378,1576
274,27322277,27322294,27332069,9792,17,9775,45000,43424,43436,378,378,1564
275,27422322,27422339,27432074,9752,17,9735,45000,43436,43448,378,378,1552
276,27522369,27522386,27532070,9701,17,9684,45000,43448,43460,377,377,1540
277,27622414,27622431,27632069,9655,17,9638,45000,43460,43472,377,377,1528
278,27722459,27722476,27732081,9622,17,9605,45000,43472,43484,377,377,1516
279,27822506,27822523,27832077,9571,17,9554,45000,43484,43495,376,376,1505
280,27922552,27922569,27932078,9526,17,9509,45000,43495,43506,376,376,1494
281,28022597,28022614,28032075,9478,17,9461,45000,43506,43517,376,376,1483
282,28122643,28122659,28132073,9430,16,9414,45000,43517,43528,375,375,1472
283,28222689,28222706,28232070,9381,17,9364,45000,43528,43539,375,375,1461
284,28322735,28322751,28332083,9348,16,9332,45000,43539,43550,375,375,1450
285,28422783,28422800,28432076,9293,17,9276,45000,43550,43561,374,374,1439
286,28522829,28522846,28532075,9246,17,9229,45000,43561,43571,374,374,1429
287,28622874,28622890,28632075,9201,16,9185,45000,43571,43582,374,374,1418
288,28722920,28722936,28732067,9147,16,9131,45000,43582,43592,374,374,1408
289,28822965,28822981,28832091,9126,16,9110,45000,43592,43602,373,373,1398
290,28923029,28923046,28932052,9023,17,9006,45000,43602,43612,373,373,1388
291,29023079,29023095,29032069,8990,16,8974,45000,43612,43622,373,373,1378
292,29123124,29123141,29132077,8953,17,8936,45000,43622,43632,373,373,1368
293,29223170,29223187,29232073,8903,17,8886,45000,43632,43642,372,372,1358
294,29323216,29323233,29332068,8852,17,8835,45000,43642,43651,372,372,1349
295,29423262,29423278,29432078,8816,16,8800,45000,43651,43661,372,372,1339
296,29523309,29523325,29532073,8764,16,8748,45000,43661,43670,371,371,1330
297,29623354,29623371,29632075,8721,17,8704,45000,43670,43679,371,371,1321
298,29723400,29723417,29732067,8667,17,8650,45000,43679,43688,371,371,1312
299,29823446,29823463,29832078,8632,17,8615,45000,43688,43698,371,371,1302
300,29923492,29923509,29933887,10395,17,10378,45000,43698,43706,370,370,1294
301,30023541,30023558,30032034,8493,17,8476,45000,43706,43715,370,370,1285
302,30123588,30123605,30132099,8511,17,8494,45000,43715,43724,370,370,1276
303,30223635,30223652,30232075,8440,17,8423,45000,43724,43733,370,370,1267
304,30323680,30323697,30332071,8391,17,8374,45000,43733,43741,370,370,1259
305,30423726,30423742,30432074,8348,16,8332,45000,43741,43750,370,370,1250
306,30523772,30523789,30532075,8303,17,8286,45000,43750,43758,369,369,1242
307,30623818,30623834,30632074,8256,16,8240,45000,43758,43766,369,369,1234
308,30723863,30723879,30732073,8210,16,8194,45000,43766,43775,369,369,1225
309,30823909,30823926,30832085,8176,17,8159,45000,43775,43783,368,368,1217
310,30923955,30923972,30932091,8136,17,8119,45000,43783,43791,368,368,1209
311,31024000,31024017,31032086,8086,17,8069,45000,43791,43798,368,368,1202
312,31124046,31124063,31132076,8030,17,8013,45000,43798,43806,368,368,1194
313,31224092,31224108,31232075,7983,16,7967,45000,43806,43814,368,368,1186
314,31324138,31324155,31332073,7935,17,7918,45000,43814,43822,367,367,1178
315,31424184,31424201,31432082,7898,17,7881,45000,43822,43829,367,367,1171
316,31524230,31524247,31532076,7846,17,7829,45000,43829,43837,367,367,1163
317,31624275,31624292,31632074,7799,17,7782,45000,43837,43844,367,367,1156
318,31724321,31724338,31732071,7750,17,7733,45000,43844,43851,367,367,1149
319,31824367,31824384,31832071,7704,17,7687,45000,43851,43859,367,367,1141
320,31924413,31924429,31932073,7660,16,7644,45000,43859,43866,366,366,1134
321,32024459,32024476,32032077,7618,17,7601,45000,43866,43873,366,366,1127
322,32124506,32124523,32132067,7561,17,7544,45000,43873,43880,366,366,1120
323,32224551,32224568,32232078,7527,17,7510,45000,43880,43887,366,366,1113
324,32324598,32324614,32332072,7474,16,7458,45000,43887,43894,366,366,1106
325,32424643,32424660,32432072,7429,17,7412,45000,43894,43900,365,365,1100
326,32524689,32524706,32532079,7390,17,7373,45000,43900,43907,365,365,1093
327,32624736,32624753,32632074,7338,17,7321,45000,43907,43913,365,365,1087
328,32724782,32724799,32732070,7288,17,7271,45000,43913,43920,365,365,1080
329,32824827,32824844,32832074,7247,17,7230,45000,43920,43926,365,365,1074
330,32924873,32924890,32932078,7205,17,7188,45000,43926,43933,365,365,1067
331,33024918,33024935,33032073,7155,17,7138,45000,43933,43939,364,364,1061
332,33124964,33124981,33132071,7107,17,7090,45000,43939,43945,364,364,1055
333,33225010,33225026,33232076,7066,16,7050,45000,43945,43951,364,364,1049
334,33325056,33325073,33332071,7015,17,6998,45000,43951,43958,364,364,1042
335,33425102,33425118,33432072,6970,16,6954,45000,43958,43963,363,363,1037
336,33525147,33525164,33532069,6922,17,6905,45000,43963,43969,364,364,1031
337,33625194,33625211,33632093,6899,17,6882,45000,43969,43975,363,363,1025
338,33725259,33725276,33732088,6829,17,6812,45000,43975,43981,363,363,1019
339,33825304,33825321,33832085,6781,17,6764,45000,43981,43987,363,363,1013
340,33925351,33925367,33932074,6723,16,6707,45000,43987,43992,363,363,1008
341,34025397,34025413,34032070,6673,16,6657,45000,43992,43998,363,363,1002
342,34125460,34125477,34132071,6611,17,6594,45000,43998,44004,363,363,996
343,34225506,34225523,34232080,6574,17,6557,45000,44004,44009,362,362,991
344,34325554,34325571,34332074,6520,17,6503,45000,44009,44014,362,362,986
345,34425599,34425616,34432070,6471,17,6454,45000,44014,44020,362,362,980
346,34525645,34525662,34532070,6425,17,6408,45000,44020,44025,362,362,975
347,34625691,34625707,34632077,6386,16,6370,45000,44025,44030,362,362,970
348,34725737,34725754,34732072,6335,17,6318,45000,44030,44035,362,362,965
349,34825782,34825799,34832070,6288,17,6271,45000,44035,44041,362,362,959
350,34925828,34925845,34932071,6243,17,6226,45000,44041,44046,361,361,954
351,35025875,35025892,35032074,6199,17,6182,45000,44046,44050,361,361,950
352,35125921,35125938,35132070,6149,17,6132,45000,44050,44055,361,361,945
353,35225967,35225984,35232073,6106,17,6089,45000,44055,44060,361,361,940
354,35326012,35326029,35332070,6058,17,6041,45000,44060,44065,361,361,935
355,35426057,35426074,35432073,6016,17,5999,45000,44065,44070,361,361,930
356,35526103,35526120,35532067,5964,17,5947,45000,44070,44075,361,361,925
357,35626149,35626166,35632077,5928,17,5911,45000,44075,44079,361,361,921
358,35726196,35726213,35732072,5876,17,5859,45000,44079,44084,361,361,916
359,35826242,35826259,35832074,5832,17,5815,45000,44084,44089,360,360,911
360,35926287,35926304,35932070,5783,17,5766,45000,44089,44093,360,360,907
361,36026333,36026350,36032079,5746,17,5729,45000,44093,44098,360,360,902
362,36126379,36126396,36132070,5691,17,5674,45000,44098,44102,360,360,898
363,36226424,36226441,36232072,5648,17,5631,45000,44102,44106,360,360,894
364,36326471,36326488,36332087,5616,17,5599,45000,44106,44111,360,360,889
365,36426517,36426534,36432095,5578,17,5561,45000,44111,44115,359,359,885
366,36526563,36526579,36532089,5526,16,5510,45000,44115,44119,359,359,881
367,36626608,36626626,36632076,5468,18,5450,45000,44119,44123,359,359,877
368,36726655,36726671,36732075,5420,16,5404,45000,44123,44127,359,359,873
369,36826700,36826717,36832070,5370,17,5353,45000,44127,44131,359,359,869
370,36926746,36926762,36932079,5333,16,5317,45000,44131,44135,359,359,865
371,37026793,37026810,37032071,5278,17,5261,45000,44135,44139,359,359,861
372,37126839,37126856,37132075,5236,17,5219,45000,44139,44143,359,359,857
373,37226886,37226903,37232069,5183,17,5166,45000,44143,44147,359,359,853
374,37326931,37326947,37332078,5147,16,5131,45000,44147,44151,359,359,849
375,37426977,37426994,37432074,5097,17,5080,45000,44151,44155,359,359,845
376,37527022,37527039,37532072,5050,17,5033,45000,44155,44158,358,358,842
377,37627068,37627085,37632070,5002,17,4985,45000,44158,44162,358,358,838
378,37727114,37727131,37732080,4966,17,4949,45000,44162,44166,358,358,834
379,37827160,37827176,37832074,4914,16,4898,45000,44166,44169,358,358,831
380,37927206,37927222,37932072,4866,16,4850,45000,44169,44173,358,358,827
381,38027252,38027268,38032071,4819,16,4803,45000,44173,44176,358,358,824
382,38127298,38127315,38132072,4774,17,4757,45000,44176,44180,358,358,820
383,38227344,38227361,38232071,4727,17,4710,45000,44180,44183,358,358,817
384,38327389,38327406,38332072,4683,17,4666,45000,44183,44187,358,358,813
385,38427436,38427453,38432072,4636,17,4619,45000,44187,44190,357,357,810
386,38527482,38527498,38532073,4591,16,4575,45000,44190,44193,357,357,807
387,38627528,38627545,38632066,4538,17,4521,45000,44193,44196,357,357,804
388,38727573,38727590,38732076,4503,17,4486,45000,44196,44200,357,357,800
389,38827620,38827636,38832073,4453,16,4437,45000,44200,44203,357,357,797
390,38927665,38927682,38932071,4406,17,4389,45000,44203,44206,357,357,794
391,39027711,39027727,39032070,4359,16,4343,45000,44206,44209,357,357,791
392,39127756,39127773,39132093,4337,17,4320,45000,44209,44212,357,357,788
393,39227821,39227838,39232090,4269,17,4252,45000,44212,44215,357,357,785
394,39327866,39327883,39332086,4220,17,4203,45000,44215,44218,357,357,782
395,39427912,39427929,39432076,4164,17,4147,45000,44218,44221,357,357,779
396,39527958,39527975,39532070,4112,17,4095,45000,44221,44224,357,357,776
397,39628003,39628020,39632068,4065,17,4048,45000,44224,44228,357,357,772
398,39728066,39728083,39732078,4012,17,3995,45000,44228,44230,356,356,770
399,39828113,39828129,39832073,3960,16,3944,45000,44230,44233,357,357,767
400,39928158,39928175,39933880,5722,17,5705,45000,44233,44236,356,356,764
401,40028208,40028224,40032040,3832,16,3816,45000,44236,44239,356,356,761
402,40128253,40128270,40132077,3824,17,3807,45000,44239,44242,356,356,758
403,40228300,40228317,40232073,3773,17,3756,45000,44242,44244,356,356,756
404,40328345,40328362,40332070,3725,17,3708,45000,44244,44247,356,356,753
405,40428391,40428408,40432086,3695,17,3678,45000,44247,44250,356,356,750
406,40528437,40528454,40532082,3645,17,3628,45000,44250,44252,356,356,748
407,40628483,40628500,40632077,3594,17,3577,45000,44252,44255,356,356,745
408,40728529,40728546,40732076,3547,17,3530,45000,44255,44258,356,356,742
409,40828574,40828591,40832073,3499,17,3482,45000,44258,44260,356,356,740
410,40928620,40928637,40932075,3455,17,3438,45000,44260,44263,356,356,737
411,41028666,41028683,41032071,3405,17,3388,45000,44263,44265,355,355,735
412,41128712,41128728,41132069,3357,16,3341,45000,44265,44268,355,355,732
413,41228758,41228774,41232077,3319,16,3303,45000,44268,44270,355,355,730
414,41328804,41328821,41332072,3268,17,3251,45000,44270,44272,355,355,728
415,41428850,41428867,41432070,3220,17,3203,45000,44272,44275,355,355,725
416,41528897,41528914,41532079,3182,17,3165,45000,44275,44277,355,355,723
417,41628943,41628960,41632073,3130,17,3113,45000,44277,44279,355,355,721
418,41728988,41729005,41732072,3084,17,3067,45000,44279,44281,355,355,719
419,41829034,41829050,41832089,3055,16,3039,45000,44281,44284,355,355,716
420,41929097,41929113,41932098,3001,16,2985,45000,44284,44286,355,355,714
421,42029143,42029177,42032095,2952,34,2918,45000,44286,44288,355,355,712
422,42129186,42129203,42132080,2894,17,2877,45000,44288,44291,355,355,709
423,42229231,42229248,42232081,2850,17,2833,45000,44291,44293,355,355,707
424,42329277,42329293,42331088,1811,16,1795,45000,44293,44295,355,355,705
425,42429322,42429339,42431202,1880,17,1863,45000,44295,44297,355,355,703
426,42529368,42529384,42541366,11998,16,11982,45000,44297,44299,355,355,701
427,42629413,42629430,42641469,12056,17,12039,45000,44299,44302,355,355,698
428,42729459,42729476,42741052,11593,17,11576,45000,44302,44304,354,354,696
429,42829504,42829521,42841151,11647,17,11630,45000,44304,44305,354,354,695
430,42929549,42929566,42941176,11627,17,11610,45000,44305,44308,355,355,692
431,43029613,43029630,43041227,11614,17,11597,45000,44308,44310,354,354,690
432,43129678,43129695,43141316,11638,17,11621,45000,44310,44311,354,354,689
433,43229724,43229741,43241351,11627,17,11610,45000,44311,44313,354,354,687
434,43329773,43329790,43341397,11624,17,11607,45000,44313,44315,354,354,685
435,43429839,43429856,43441451,11612,17,11595,45000,44315,44317,354,354,683
436,43529888,43529904,43541537,11649,16,11633,45000,44317,44319,354,354,681
437,43629934,43629950,43641570,11636,16,11620,45000,44319,44321,354,354,679
438,43729999,43730015,43741623,11624,16,11608,45000,44321,44323,354,354,677
439,43830048,43830065,43841677,11629,17,11612,45000,44323,44324,354,354,676
440,43930108,43930124,43941725,11617,16,11601,45000,44324,44326,354,354,674
441,44030172,44030189,44041820,11648,17,11631,45000,44326,44328,354,354,672
442,44130217,44130234,44141855,11638,17,11621,45000,44328,44330,354,354,670
443,44230279,44230295,44241904,11625,16,11609,45000,44330,44332,354,354,668
444,44330325,44330342,44341956,11631,17,11614,45000,44332,44333,354,354,667
445,44430390,44430406,44442010,11620,16,11604,45000,44333,44335,354,354,665
446,44530437,44530453,44542053,11616,16,11600,45000,44335,44337,354,354,663
447,44630499,44630516,44642097,11598,17,11581,45000,44337,44339,354,354,661
448,44730565,44730582,44742088,11523,17,11506,45000,44339,44340,353,353,660
449,44830611,44830627,44842098,11487,16,11471,45000,44340,44342,354,354,658
450,44930657,44930673,44942088,11431,16,11415,45000,44342,44343,353,353,657
451,45030701,45030718,45042087,11386,17,11369,45000,44343,44345,353,353,655
452,45130746,45130763,45142068,11322,17,11305,45000,44345,44346,353,353,654
453,45230791,45230808,45242078,11287,17,11270,45000,44346,44348,353,353,652
454,45330836,45330853,45342073,11237,17,11220,45000,44348,44349,353,353,651
455,45430882,45430898,45442070,11188,16,11172,45000,44349,44351,353,353,649
456,45530926,45530943,45542079,11153,17,11136,45000,44351,44352,353,353,648
457,45630972,45630989,45642074,11102,17,11085,45000,44352,44354,353,353,646
458,45731018,45731035,45742073,11055,17,11038,45000,44354,44355,353,353,645
459,45831065,45831082,45842070,11005,17,10988,45000,44355,44356,353,353,644
460,45931112,45931129,45942078,10966,17,10949,45000,44356,44358,353,353,642
461,46031159,46031176,46042074,10915,17,10898,45000,44358,44359,353,353,641
462,46131206,46131223,46142068,10862,17,10845,45000,44359,44361,353,353,639
463,46231253,46231270,46242079,10826,17,10809,45000,44361,44362,353,353,638
464,46331300,46331317,46342073,10773,17,10756,45000,44362,44363,353,353,637
465,46431346,46431363,46442074,10728,17,10711,45000,44363,44365,353,353,635
466,46531394,46531410,46542071,10677,16,10661,45000,44365,44366,353,353,634
467,46631440,46631457,46642091,10651,17,10634,45000,44366,44368,353,353,632
468,46731504,46731521,46742084,10580,17,10563,45000,44368,44369,353,353,631
469,46831551,46831568,46842082,10531,17,10514,45000,44369,44370,353,353,630
470,46931598,46931615,46942073,10475,17,10458,45000,44370,44372,353,353,628
471,47031645,47031661,47042072,10427,16,10411,45000,44372,44373,353,353,627
472,47131691,47131708,47142069,10378,17,10361,45000,44373,44374,353,353,626
473,47231738,47231755,47242079,10341,17,10324,45000,44374,44376,353,353,624
474,47331785,47331802,47342072,10287,17,10270,45000,44376,44377,352,352,623
475,47431832,47431848,47442072,10240,16,10224,45000,44377,44378,352,352,622
476,47531879,47531896,47542072,10193,17,10176,45000,44378,44379,352,352,621
477,47631926,47631943,47642078,10152,17,10135,45000,44379,44380,352,352,620
478,47731973,47731990,47742071,10098,17,10081,45000,44380,44381,352,352,619
479,47832020,47832037,47842067,10047,17,10030,45000,44381,44382,352,352,618
480,47932068,47932084,47942078,10010,16,9994,45000,44382,44383,352,352,617
481,48032115,48032131,48042073,9958,16,9942,45000,44383,44384,352,352,616
482,48132161,48132178,48142070,9909,17,9892,45000,44384,44385,352,352,615
483,48232224,48232241,48242072,9848,17,9831,45000,44385,44386,352,352,614
484,48332274,48332291,48342075,9801,17,9784,45000,44386,44387,352,352,613
485,48432320,48432337,48442073,9753,17,9736,45000,44387,44388,352,352,612
486,48532366,48532382,48542070,9704,16,9688,45000,44388,44389,352,352,611
487,48632411,48632428,48642076,9665,17,9648,45000,44389,44390,352,352,610
488,48732457,48732473,48742073,9616,16,9600,45000,44390,44391,352,352,609
489,48832502,48832518,48842070,9568,16,9552,45000,44391,44392,352,352,608
490,48932548,48932564,48942072,9524,16,9508,45000,44392,44393,352,352,607
491,49032592,49032609,49042077,9485,17,9468,45000,44393,44394,352,352,606
492,49132638,49132655,49142073,9435,17,9418,45000,44394,44395,352,352,605
493,49232683,49232700,49242070,9387,17,9370,45000,44395,44396,352,352,604
494,49332728,49332745,49342086,9358,17,9341,45000,44396,44397,352,352,603
495,49432791,49432808,49442090,9299,17,9282,45000,44397,44398,352,352,602
496,49532837,49532853,49542090,9253,16,9237,45000,44398,44399,352,352,601
497,49632883,49632900,49642054,9171,17,9154,45000,44399,44400,352,352,600
498,49732930,49732947,49742075,9145,17,9128,45000,44400,44401,352,352,599
499,49832977,49832993,49842068,9091,16,9075,45000,44401,44402,352,352,598
500,49933022,49933039,49943885,10863,17,10846,45000,44402,44403,352,352,597
501,50033072,50033088,50042040,8968,16,8952,45000,44403,44404,352,352,596
502,50133118,50133135,50142075,8957,17,8940,45000,44404,44405,352,352,595
503,50233167,50233184,50242071,8904,17,8887,45000,44405,44406,352,352,594
504,50333213,50333230,50342079,8866,17,8849,45000,44406,44407,352,352,593
505,50433260,50433276,50442073,8813,16,8797,45000,44407,44408,352,352,592
506,50533305,50533322,50542076,8771,17,8754,45000,44408,44408,352,352,592
507,50633352,50633369,50642069,8717,17,8700,45000,44408,44409,352,352,591
508,50733398,50733415,50742076,8678,17,8661,45000,44409,44410,352,352,590
509,50833444,50833461,50842069,8625,17,8608,45000,44410,44411,352,352,589
510,50933490,50933506,50942072,8582,16,8566,45000,44411,44412,352,352,588
511,51033536,51033553,51042079,8543,17,8526,45000,44412,44413,352,352,587
512,51133602,51133619,51142073,8471,17,8454,45000,44413,44414,352,352,586
513,51233648,51233665,51242073,8425,17,8408,45000,44414,44415,352,352,585
514,51333694,51333710,51342067,8373,16,8357,45000,44415,44416,351,351,584
515,51433739,51433756,51442076,8337,17,8320,45000,44416,44416,351,351,584
516,51533785,51533802,51542072,8287,17,8270,45000,44416,44417,352,352,583
517,51633830,51633847,51642070,8240,17,8223,45000,44417,44418,351,351,582
518,51733875,51733892,51742075,8200,17,8183,45000,44418,44418,351,351,582
519,51833922,51833938,51842072,8150,16,8134,45000,44418,44419,351,351,581
520,51933967,51933984,51942071,8104,17,8087,45000,44419,44419,351,351,581
521,52034013,52034030,52042072,8059,17,8042,45000,44419,44420,351,351,580
522,52134059,52134076,52142094,8035,17,8018,45000,44420,44421,351,351,579
523,52234105,52234122,52242089,7984,17,7967,45000,44421,44421,351,351,579
524,52334151,52334167,52342086,7935,16,7919,45000,44421,44422,351,351,578
525,52434197,52434213,52442075,7878,16,7862,45000,44422,44422,351,351,578
526,52534242,52534258,52542074,7832,16,7816,45000,44422,44423,351,351,577
527,52634288,52634304,52642067,7779,16,7763,45000,44423,44424,351,351,576
528,52734333,52734350,52742078,7745,17,7728,45000,44424,44424,351,351,576
529,52834379,52834396,52842072,7693,17,7676,45000,44424,44425,351,351,575
530,52934424,52934441,52942075,7651,17,7634,45000,44425,44425,351,351,575
531,53034470,53034487,53042072,7602,17,7585,45000,44425,44426,351,351,574
532,53134516,53134533,53142079,7563,17,7546,45000,44426,44427,351,351,573
533,53234562,53234579,53242073,7511,17,7494,45000,44427,44427,351,351,573
534,53334607,53334624,53342072,7465,17,7448,45000,44427,44428,351,351,572
535,53434653,53434670,53442069,7416,17,7399,45000,44428,44428,351,351,572
536,53534699,53534716,53542079,7380,17,7363,45000,44428,44429,351,351,571
537,53634745,53634762,53642072,7327,17,7310,45000,44429,44429,351,351,571
538,53734790,53734807,53742073,7283,17,7266,45000,44429,44430,351,351,570
539,53834837,53834854,53842076,7239,17,7222,45000,44430,44431,351,351,569
540,53934882,53934899,53942071,7189,17,7172,45000,44431,44431,351,351,569
541,54034928,54034945,54042074,7146,17,7129,45000,44431,44432,351,351,568
542,54134974,54134990,54142074,7100,16,7084,45000,44432,44432,351,351,568
543,54235020,54235036,54242076,7056,16,7040,45000,44432,44433,351,351,567
544,54335066,54335083,54342068,7002,17,6985,45000,44433,44433,351,351,567
545,54435112,54435129,54442074,6962,17,6945,45000,44433,44434,351,351,566
546,54535158,54535175,54542070,6912,17,6895,45000,44434,44434,351,351,566
547,54635204,54635221,54642071,6867,17,6850,45000,44434,44435,351,351,565
548,54735250,54735267,54742068,6818,17,6801,45000,44435,44435,351,351,565
549,54835296,54835313,54842086,6790,17,6773,45000,44435,44436,351,351,564
550,54935359,54935376,54942092,6733,17,6716,45000,44436,44437,351,351,563
551,55035405,55035422,55042093,6688,17,6671,45000,44437,44437,351,351,563
552,55135451,55135468,55142057,6606,17,6589,45000,44437,44438,351,351,562
553,55235499,55235516,55242074,6575,17,6558,45000,44438,44438,351,351,562
554,55335545,55335562,55342071,6526,17,6509,45000,44438,44439,351,351,561
555,55435591,55435608,55442079,6488,17,6471,45000,44439,44439,351,351,561
556,55535638,55535655,55542074,6436,17,6419,45000,44439,44440,351,351,560
557,55635683,55635700,55642070,6387,17,6370,45000,44440,44440,351,351,560
558,55735729,55735746,55742072,6343,17,6326,45000,44440,44441,351,351,559
559,55835775,55835792,55842074,6299,17,6282,45000,44441,44441,351,351,559
560,55935821,55935838,55942072,6251,17,6234,45000,44441,44442,351,351,558
561,56035868,56035884,56042073,6205,16,6189,45000,44442,44442,351,351,558
562,56135914,56135930,56142079,6165,16,6149,45000,44442,44443,351,351,557
563,56235960,56235976,56242080,6120,16,6104,45000,44443,44443,351,351,557
564,56336006,56336023,56342076,6070,17,6053,45000,44443,44444,351,351,556
565,56436051,56436068,56442075,6024,17,6007,45000,44444,44444,351,351,556
566,56536097,56536114,56542071,5974,17,5957,45000,44444,44445,351,351,555
567,56636143,56636160,56642080,5937,17,5920,45000,44445,44445,351,351,555
568,56736189,56736206,56742073,5884,17,5867,45000,44445,44446,351,351,554
569,56836235,56836252,56842069,5834,17,5817,45000,44446,44446,351,351,554
570,56936281,56936297,56942080,5799,16,5783,45000,44446,44447,351,351,553
571,57036326,57036343,57042072,5746,17,5729,45000,44447,44447,351,351,553
572,57136373,57136390,57142073,5700,17,5683,45000,44447,44448,351,351,552
573,57236419,57236436,57242074,5655,17,5638,45000,44448,44448,351,351,552
574,57336465,57336482,57342076,5611,17,5594,45000,44448,44449,351,351,551
575,57436511,57436528,57442070,5559,17,5542,45000,44449,44449,350,350,551
576,57536556,57536573,57542069,5513,17,5496,45000,44449,44449,351,351,551
577,57636602,57636619,57642097,5495,17,5478,45000,44449,44450,351,351,550
578,57736668,57736685,57742092,5424,17,5407,45000,44450,44450,350,350,550
579,57836714,57836731,57842087,5373,17,5356,45000,44450,44451,351,351,549
580,57936759,57936776,57942076,5317,17,5300,45000,44451,44451,350,350,549
581,58036805,58036822,58042073,5268,17,5251,45000,44451,44451,351,351,549
582,58136851,58136867,58142070,5219,16,5203,45000,44451,44452,351,351,548
583,58236896,58236913,58242078,5182,17,5165,45000,44452,44452,350,350,548
584,58336943,58336960,58342072,5129,17,5112,45000,44452,44452,350,350,548
585,58436988,58437005,58442073,5085,17,5068,45000,44452,44452,350,350,548
586,58537034,58537050,58542082,5048,16,5032,45000,44452,44453,350,350,547
587,58637080,58637097,58642075,4995,17,4978,45000,44453,44453,350,350,547
588,58737126,58737143,58742075,4949,17,4932,45000,44453,44453,350,350,547
589,58837172,58837189,58842068,4896,17,4879,45000,44453,44453,350,350,547
590,58937218,58937234,58942077,4859,16,4843,45000,44453,44453,350,350,547
591,59037265,59037281,59042073,4808,16,4792,45000,44453,44453,350,350,547
592,59137311,59137328,59142070,4759,17,4742,45000,44453,44454,350,350,546
593,59237356,59237373,59242081,4725,17,4708,45000,44454,44454,350,350,546
594,59337403,59337420,59342077,4674,17,4657,45000,44454,44454,350,350,546
595,59437448,59437464,59442080,4632,16,4616,45000,44454,44454,350,350,546
596,59537494,59537510,59542075,4581,16,4565,45000,44454,44454,350,350,546
597,59637540,59637556,59642071,4531,16,4515,45000,44454,44455,350,350,545
598,59737586,59737603,59742073,4487,17,4470,45000,44455,44455,350,350,545
599,59837632,59837649,59842083,4451,17,4434,45000,44455,44455,350,350,545
600,59937678,59937695,59943895,6217,17,6200,45000,44455,44455,350,350,545
601,60037728,60037745,60042040,4312,17,4295,65000,44455,44637,1000,1000,20363
602,60137773,60137790,60142076,4303,17,4286,65000,44637,44819,1000,1000,20181
603,60237821,60237838,60242069,4248,17,4231,65000,44819,44999,1000,1000,20001
604,60337867,60337884,60342089,4222,17,4205,65000,44999,45179,1000,1000,19821
605,60437930,60437947,60442053,4123,17,4106,65000,45179,45359,1000,1000,19641
606,60537978,60537995,60542068,4090,17,4073,65000,45359,45537,1000,1000,19463
607,60638024,60638041,60642077,4053,17,4036,65000,45537,45715,1000,1000,19285
608,60738071,60738088,60742072,4001,17,3984,65000,45715,45892,1000,1000,19108
609,60838117,60838134,60842073,3956,17,3939,65000,45892,46069,1000,1000,18931
610,60938163,60938180,60942074,3911,17,3894,65000,46069,46244,1000,1000,18756
611,61038209,61038226,61042077,3868,17,3851,65000,46244,46419,1000,1000,18581
612,61138255,61138271,61142070,3815,16,3799,65000,46419,46594,1000,1000,18406
613,61238300,61238317,61242073,3773,17,3756,65000,46594,46767,1000,1000,18233
614,61338347,61338363,61342080,3733,16,3717,65000,46767,46940,1000,1000,18060
615,61438393,61438409,61442071,3678,16,3662,65000,46940,47113,1000,1000,17887
616,61538438,61538455,61542078,3640,17,3623,65000,47113,47284,1000,1000,17716
617,61638484,61638501,61642079,3595,17,3578,65000,47284,47455,1000,1000,17545
618,61738530,61738547,61742076,3546,17,3529,65000,47455,47625,1000,1000,17375
619,61838576,61838593,61842076,3500,17,3483,65000,47625,47795,1000,1000,17205
620,61938622,61938639,61942068,3446,17,3429,65000,47795,47964,1000,1000,17036
621,62038668,62038684,62042077,3409,16,3393,65000,47964,48132,1000,1000,16868
622,62138714,62138730,62142072,3358,16,3342,65000,48132,48299,1000,1000,16701
623,62238759,62238776,62242070,3311,17,3294,65000,48299,48466,1000,1000,16534
624,62338805,62338822,62342087,3282,17,3265,65000,48466,48632,1000,1000,16368
625,62438868,62438885,62442093,3225,17,3208,65000,48632,48798,1000,1000,16202
626,62538915,62538931,62542087,3172,16,3156,65000,48798,48962,1000,1000,16038
627,62638961,62638977,62642077,3116,16,3100,65000,48962,49127,1000,1000,15873
628,62739007,62739023,62742075,3068,16,3052,65000,49127,49290,1000,1000,15710
629,62839052,62839068,62842072,3020,16,3004,65000,49290,49453,1000,1000,15547
630,62939097,62939114,62942080,2983,17,2966,65000,49453,49615,1000,1000,15385
631,63039143,63039178,63042075,2932,35,2897,65000,49615,49776,997,997,15224
632,63139185,63139202,63142079,2894,17,2877,65000,49776,49935,993,993,15065
633,63239231,63239247,63242078,2847,16,2831,65000,49935,50092,989,989,14908
634,63339276,63339293,63341075,1799,17,1782,65000,50092,50247,984,984,14753
635,63439322,63439338,63441190,1868,16,1852,65000,50247,50400,980,980,14600
636,63539367,63539384,63551350,11983,17,11966,65000,50400,50552,976,976,14448
637,63639412,63639429,63651452,12040,17,12023,65000,50552,50702,972,972,14298
638,63739458,63739475,63751525,12067,17,12050,65000,50702,50850,968,968,14150
639,63839503,63839520,63851094,11591,17,11574,65000,50850,50997,964,964,14003
640,63939549,63939566,63951191,11642,17,11625,65000,50997,51142,960,960,13858
641,64039594,64039611,64051222,11628,17,11611,65000,51142,51285,956,956,13715
642,64139659,64139676,64151277,11618,17,11601,65000,51285,51426,953,953,13574
643,64239707,64239724,64251327,11620,17,11603,65000,51426,51566,949,949,13434
644,64339773,64339790,64351388,11615,17,11598,65000,51566,51705,945,945,13295
645,64439819,64439836,64451445,11626,17,11609,65000,51705,51841,941,941,13159
646,64539867,64539883,64551492,11625,16,11609,65000,51841,51977,938,938,13023
647,64639932,64639949,64651571,11639,17,11622,65000,51977,52110,934,934,12890
648,64739979,64739996,64751606,11627,17,11610,65000,52110,52243,931,931,12757
649,64840044,64840060,64851689,11645,16,11629,65000,52243,52373,927,927,12627
650,64940100,64940116,64951718,11618,16,11602,65000,52373,52502,924,924,12498
651,65040165,65040182,65051772,11607,17,11590,65000,52502,52630,920,920,12370
652,65140222,65140239,65151887,11665,17,11648,65000,52630,52756,917,917,12244
653,65240268,65240285,65251913,11645,17,11628,65000,52756,52881,914,914,12119
654,65340332,65340349,65351964,11632,17,11615,65000,52881,53004,910,910,11996
655,65440396,65440413,65452023,11627,17,11610,65000,53004,53126,907,907,11874
656,65540442,65540459,65552071,11629,17,11612,65000,53126,53247,904,904,11753
657,65640508,65640524,65652086,11578,16,11562,65000,53247,53366,900,900,11634
658,65740553,65740570,65752077,11524,17,11507,65000,53366,53484,897,897,11516
659,65840598,65840615,65852092,11494,17,11477,65000,53484,53600,894,894,11400
660,65940644,65940661,65952093,11449,17,11432,65000,53600,53715,891,891,11285
661,66040690,66040706,66052068,11378,16,11362,65000,53715,53829,888,888,11171
662,66140734,66140751,66152078,11344,17,11327,65000,53829,53941,885,885,11059
663,66240798,66240815,66252071,11273,17,11256,65000,53941,54053,882,882,10947
664,66340843,66340859,66352073,11230,16,11214,65000,54053,54162,879,879,10838
665,66440888,66440905,66452068,11180,17,11163,65000,54162,54271,876,876,10729
666,66540933,66540950,66552077,11144,17,11127,65000,54271,54378,873,873,10622
667,66640980,66640996,66652071,11091,16,11075,65000,54378,54485,870,870,10515
668,66741026,66741043,66752071,11045,17,11028,65000,54485,54589,867,867,10411
669,66841074,66841091,66852074,11000,17,10983,65000,54589,54693,865,865,10307
670,66941121,66941138,66952078,10957,17,10940,65000,54693,54796,862,862,10204
671,67041167,67041184,67052069,10902,17,10885,65000,54796,54897,859,859,10103
672,67141215,67141232,67152076,10861,17,10844,65000,54897,54998,857,857,10002
673,67241262,67241278,67252074,10812,16,10796,65000,54998,55097,854,854,9903
674,67341309,67341326,67352072,10763,17,10746,65000,55097,55195,851,851,9805
675,67441355,67441372,67452070,10715,17,10698,65000,55195,55291,849,849,9709
676,67541402,67541419,67552074,10672,17,10655,65000,55291,55387,846,846,9613
677,67641449,67641466,67652071,10622,17,10605,65000,55387,55482,844,844,9518
678,67741496,67741513,67752070,10574,17,10557,65000,55482,55576,841,841,9424
679,67841542,67841559,67852088,10546,17,10529,65000,55576,55668,838,838,9332
680,67941606,67941623,67952091,10485,17,10468,65000,55668,55759,836,836,9241
681,68041652,68041668,68052089,10437,16,10421,65000,55759,55850,834,834,9150
682,68141699,68141716,68152077,10378,17,10361,65000,55850,55939,831,831,9061
683,68241747,68241763,68252073,10326,16,10310,65000,55939,56027,829,829,8973
684,68341795,68341812,68352070,10275,17,10258,65000,56027,56115,827,827,8885
685,68441842,68441858,68452078,10236,16,10220,65000,56115,56201,824,824,8799
686,68541888,68541905,68552073,10185,17,10168,65000,56201,56286,822,822,8714
687,68641936,68641953,68652068,10132,17,10115,65000,56286,56371,820,820,8629
688,68741983,68741999,68752070,10087,16,10071,65000,56371,56454,817,817,8546
689,68842030,68842047,68852079,10049,17,10032,65000,56454,56537,815,815,8463
690,68942077,68942094,68952076,9999,17,9982,65000,56537,56618,813,813,8382
691,69042124,69042141,69052077,9953,17,9936,65000,56618,56699,811,811,8301
692,69142171,69142188,69152070,9899,17,9882,65000,56699,56778,809,809,8222
693,69242232,69242250,69252080,9848,18,9830,65000,56778,56857,807,807,8143
694,69342282,69342298,69352074,9792,16,9776,65000,56857,56935,804,804,8065
695,69442328,69442345,69452075,9747,17,9730,65000,56935,57012,802,802,7988
696,69542374,69542391,69552069,9695,17,9678,65000,57012,57088,800,800,7912
697,69642419,69642436,69652076,9657,17,9640,65000,57088,57163,798,798,7837
698,69742465,69742482,69752073,9608,17,9591,65000,57163,57237,796,796,7763
699,69842510,69842527,69852068,9558,17,9541,65000,57237,57310,794,794,7690
700,69942556,69942573,69953888,11332,17,11315,65000,57310,57383,792,792,7617
701,70042606,70042623,70052036,9430,17,9413,65000,57383,57455,790,790,7545
702,70142652,70142669,70152074,9422,17,9405,65000,57455,57525,788,788,7475
703,70242700,70242716,70252079,9379,16,9363,65000,57525,57596,787,787,7404
704,70342746,70342763,70352074,9328,17,9311,65000,57596,57665,785,785,7335
705,70442792,70442808,70452072,9280,16,9264,65000,57665,57734,783,783,7266
706,70542837,70542854,70552072,9235,17,9218,65000,57734,57801,781,781,7199
707,70642884,70642900,70652096,9212,16,9196,65000,57801,57868,779,779,7132
708,70742948,70742965,70752091,9143,17,9126,65000,57868,57935,778,778,7065
709,70842994,70843011,70852088,9094,17,9077,65000,57935,58000,776,776,7000
710,70943039,70943056,70952075,9036,17,9019,65000,58000,58065,774,774,6935
711,71043085,71043101,71052071,8986,16,8970,65000,58065,58129,772,772,6871
712,71143130,71143147,71152071,8941,17,8924,65000,58129,58192,771,771,6808
713,71243177,71243193,71252078,8901,16,8885,65000,58192,58255,769,769,6745
714,71343223,71343239,71352072,8849,16,8833,65000,58255,58316,767,767,6684
715,71443268,71443285,71452071,8803,17,8786,65000,58316,58378,766,766,6622
716,71543314,71543331,71552080,8766,17,8749,65000,58378,58438,764,764,6562
717,71643361,71643377,71652074,8713,16,8697,65000,58438,58498,762,762,6502
718,71743406,71743423,71752074,8668,17,8651,65000,58498,58557,761,761,6443
719,71843452,71843469,71852069,8617,17,8600,65000,58557,58615,759,759,6385
720,71943497,71943514,71952081,8584,17,8567,65000,58615,58673,758,758,6327
721,72043543,72043560,72052076,8533,17,8516,65000,58673,58730,756,756,6270
722,72143588,72143605,72152075,8487,17,8470,65000,58730,58786,755,755,6214
723,72243634,72243651,72252071,8437,17,8420,65000,58786,58842,753,753,6158
724,72343679,72343696,72352071,8392,17,8375,65000,58842,58897,752,752,6103
725,72443725,72443742,72452080,8355,17,8338,65000,58897,58952,750,750,6048
726,72543771,72543788,72552071,8300,17,8283,65000,58952,59006,749,749,5994
727,72643816,72643833,72652071,8255,17,8238,65000,59006,59059,747,747,5941
728,72743862,72743878,72752075,8213,16,8197,65000,59059,59111,746,746,5889
729,72843908,72843925,72852071,8163,17,8146,65000,59111,59164,745,745,5836
730,72943953,72943970,72952069,8116,17,8099,65000,59164,59215,743,743,5785
731,73043999,73044016,73052077,8078,17,8061,65000,59215,59266,742,742,5734
732,73144046,73144063,73152071,8025,17,8008,65000,59266,59316,740,740,5684
733,73244091,73244108,73252072,7981,17,7964,65000,59316,59366,739,739,5634
734,73344138,73344154,73352089,7951,16,7935,65000,59366,59415,738,738,5585
735,73444200,73444216,73452097,7897,16,7881,65000,59415,59463,736,736,5537
736,73544246,73544263,73552089,7843,17,7826,65000,59463,59511,735,735,5489
737,73644292,73644308,73652075,7783,16,7767,65000,59511,59559,734,734,5441
738,73744337,73744354,73752073,7736,17,7719,65000,59559,59605,732,732,5395
739,73844383,73844400,73852070,7687,17,7670,65000,59605,59652,731,731,5348
740,73944446,73944463,73952079,7633,17,7616,65000,59652,59697,730,730,5303
741,74044492,74044509,74052073,7581,17,7564,65000,59697,59743,729,729,5257
742,74144536,74144553,74152073,7537,17,7520,65000,59743,59788,728,728,5212
743,74244582,74244599,74252068,7486,17,7469,65000,59788,59832,726,726,5168
744,74344628,74344645,74352079,7451,17,7434,65000,59832,59875,725,725,5125
745,74444674,74444691,74452074,7400,17,7383,65000,59875,59919,724,724,5081
746,74544719,74544735,74552070,7351,16,7335,65000,59919,59961,723,723,5039
747,74644765,74644781,74652080,7315,16,7299,65000,59961,60004,722,722,4996
748,74744811,74744828,74752071,7260,17,7243,65000,60004,60046,721,721,4954
749,74844856,74844872,74852072,7216,16,7200,65000,60046,60087,720,720,4913
750,74944901,74944918,74952066,7165,17,7148,65000,60087,60128,719,719,4872
751,75044947,75044963,75052082,7135,16,7119,65000,60128,60168,717,717,4832
752,75144993,75145009,75152076,7083,16,7067,65000,60168,60208,716,716,4792
753,75245038,75245055,75252076,7038,17,7021,65000,60208,60247,715,715,4753
754,75345084,75345101,75352073,6989,17,6972,65000,60247,60286,714,714,4714
755,75445129,75445146,75452071,6942,17,6925,65000,60286,60325,713,713,4675
756,75545175,75545192,75552092,6917,17,6900,65000,60325,60363,712,712,4637
757,75645240,75645257,75652060,6820,17,6803,65000,60363,60400,711,711,4600
758,75745285,75745302,75752076,6791,17,6774,65000,60400,60438,710,710,4562
759,75845331,75845348,75852075,6744,17,6727,65000,60438,60474,709,709,4526
760,75945377,75945394,75952075,6698,17,6681,65000,60474,60511,708,708,4489
761,76045422,76045439,76052066,6644,17,6627,65000,60511,60547,707,707,4453
762,76145468,76145484,76152079,6611,16,6595,65000,60547,60582,706,706,4418
763,76245515,76245532,76252072,6557,17,6540,65000,60582,60617,705,705,4383
764,76345560,76345577,76352075,6515,17,6498,65000,60617,60652,704,704,4348
765,76445607,76445623,76452076,6469,16,6453,65000,60652,60686,703,703,4314
766,76545652,76545669,76552071,6419,17,6402,65000,60686,60720,703,703,4280
767,76645699,76645715,76652070,6371,16,6355,65000,60720,60754,702,702,4246
768,76745744,76745761,76752077,6333,17,6316,65000,60754,60787,701,701,4213
769,76845791,76845808,76852073,6282,17,6265,65000,60787,60820,700,700,4180
770,76945836,76945853,76952072,6236,17,6219,65000,60820,60852,699,699,4148
771,77045882,77045898,77052078,6196,16,6180,65000,60852,60885,698,698,4115
772,77145928,77145945,77152070,6142,17,6125,65000,60885,60916,697,697,4084
773,77245973,77245990,77252073,6100,17,6083,65000,60916,60948,697,697,4052
774,77346019,77346036,77352063,6044,17,6027,65000,60948,60979,696,696,4021
775,77446065,77446082,77452079,6014,17,5997,65000,60979,61009,695,695,3991
776,77546111,77546128,77552072,5961,17,5944,65000,61009,61040,694,694,3960
777,77646156,77646173,77652073,5917,17,5900,65000,61040,61070,693,693,3930
778,77746203,77746220,77752077,5874,17,5857,65000,61070,61099,692,692,3901
779,77846248,77846265,77852077,5829,17,5812,65000,61099,61128,692,692,3872
780,77946295,77946311,77952072,5777,16,5761,65000,61128,61157,691,691,3843
781,78046340,78046357,78052069,5729,17,5712,65000,61157,61186,690,690,3814
782,78146386,78146403,78152091,5705,17,5688,65000,61186,61214,689,689,3786
783,78246450,78246466,78252086,5636,16,5620,65000,61214,61242,689,689,3758
784,78346494,78346511,78352085,5591,17,5574,65000,61242,61270,688,688,3730
785,78446540,78446557,78452077,5537,17,5520,65000,61270,61297,687,687,3703
786,78546586,78546603,78552073,5487,17,5470,65000,61297,61324,686,686,3676
787,78646631,78646648,78652069,5438,17,5421,65000,61324,61351,686,686,3649
788,78746677,78746694,78752081,5404,17,5387,65000,61351,61377,685,685,3623
789,78846723,78846740,78852075,5352,17,5335,65000,61377,61403,684,684,3597
790,78946769,78946786,78952075,5306,17,5289,65000,61403,61429,683,683,3571
791,79046816,79046832,79052071,5255,16,5239,65000,61429,61454,683,683,3546
792,79146861,79146878,79152077,5216,17,5199,65000,61454,61480,682,682,3520
793,79246907,79246924,79252071,5164,17,5147,65000,61480,61504,681,681,3496
794,79346953,79346970,79352074,5121,17,5104,65000,61504,61529,681,681,3471
795,79446999,79447016,79452071,5072,17,5055,65000,61529,61553,680,680,3447
796,79547045,79547061,79552077,5032,16,5016,65000,61553,61577,680,680,3423
797,79647110,79647127,79652071,4961,17,4944,65000,61577,61601,679,679,3399
798,79747156,79747172,79752070,4914,16,4898,65000,61601,61625,678,678,3375
799,79847202,79847219,79852076,4874,17,4857,65000,61625,61648,677,677,3352
800,79947249,79947266,79953887,6638,17,6621,65000,61648,61671,677,677,3329
801,80047299,80047316,80052035,4736,17,4719,65000,61671,61693,676,676,3307
802,80147344,80147361,80152094,4750,17,4733,65000,61693,61716,676,676,3284
803,80247391,80247408,80252073,4682,17,4665,65000,61716,61738,675,675,3262
804,80347437,80347453,80352071,4634,16,4618,65000,61738,61760,675,675,3240
805,80447482,80447499,80452066,4584,17,4567,65000,61760,61782,674,674,3218
806,80547527,80547544,80552077,4550,17,4533,65000,61782,61803,673,673,3197
807,80647573,80647590,80652072,4499,17,4482,65000,61803,61824,673,673,3176
808,80747619,80747636,80752072,4453,17,4436,65000,61824,61845,672,672,3155
809,80847665,80847681,80852087,4422,16,4406,65000,61845,61866,672,672,3134
810,80947711,80947727,80952091,4380,16,4364,65000,61866,61886,671,671,3114
811,81047755,81047772,81052086,4331,17,4314,65000,61886,61907,671,671,3093
812,81147801,81147818,81152077,4276,17,4259,65000,61907,61927,670,670,3073
813,81247847,81247863,81252072,4225,16,4209,65000,61927,61946,670,670,3054
814,81347893,81347910,81352072,4179,17,4162,65000,61946,61966,669,669,3034
815,81447939,81447956,81452076,4137,17,4120,65000,61966,61985,668,668,3015
816,81547985,81548001,81552078,4093,16,4077,65000,61985,62004,668,668,2996
817,81648030,81648047,81652073,4043,17,4026,65000,62004,62023,668,668,2977
818,81748075,81748092,81752071,3996,17,3979,65000,62023,62042,667,667,2958
819,81848122,81848138,81852078,3956,16,3940,65000,62042,62060,666,666,2940
820,81948168,81948185,81952074,3906,17,3889,65000,62060,62079,666,666,2921
821,82048214,82048231,82052072,3858,17,3841,65000,62079,62096,665,665,2904
822,82148260,82148277,82152070,3810,17,3793,65000,62096,62114,665,665,2886
823,82248306,82248322,82252075,3769,16,3753,65000,62114,62132,665,665,2868
824,82348352,82348369,82352071,3719,17,3702,65000,62132,62149,664,664,2851
825,82448398,82448415,82452069,3671,17,3654,65000,62149,62167,664,664,2833
826,82548445,82548461,82552087,3642,16,3626,65000,62167,62184,663,663,2816
827,82648507,82648524,82652056,3549,17,3532,65000,62184,62201,663,663,2799
828,82748552,82748569,82752074,3522,17,3505,65000,62201,62217,662,662,2783
829,82848598,82848615,82852067,3469,17,3452,65000,62217,62234,662,662,2766
830,82948644,82948661,82952079,3435,17,3418,65000,62234,62250,661,661,2750
831,83048690,83048707,83052073,3383,17,3366,65000,62250,62266,661,661,2734
832,83148736,83148753,83152071,3335,17,3318,65000,62266,62282,661,661,2718
833,83248783,83248799,83252080,3297,16,3281,65000,62282,62298,660,660,2702
834,83348829,83348845,83352073,3244,16,3228,65000,62298,62313,660,660,2687
835,83448874,83448891,83452072,3198,17,3181,65000,62313,62328,659,659,2672
836,83548920,83548937,83552072,3152,17,3135,65000,62328,62344,659,659,2656
837,83648966,83648983,83652096,3130,17,3113,65000,62344,62358,658,658,2642
838,83749014,83749030,83752090,3076,16,3060,65000,62358,62373,658,658,2627
839,83849059,83849075,83852084,3025,16,3009,65000,62373,62388,658,658,2612
840,83949105,83949121,83952075,2970,16,2954,65000,62388,62402,657,657,2598
841,84049165,84049184,84052077,2912,19,2893,65000,62402,62417,657,657,2583
842,84149186,84149203,84152070,2884,17,2867,65000,62417,62431,656,656,2569
843,84249231,84249248,84252080,2849,17,2832,65000,62431,62445,656,656,2555
844,84349277,84349293,84351080,1803,16,1787,65000,62445,62459,656,656,2541
845,84449322,84449339,84451189,1867,17,1850,65000,62459,62472,655,655,2528
846,84549367,84549383,84561355,11988,16,11972,65000,62472,62486,655,655,2514
847,84649413,84649429,84661460,12047,16,12031,65000,62486,62499,655,655,2501
848,84749458,84749475,84761057,11599,17,11582,65000,62499,62512,654,654,2488
849,84849503,84849520,84861144,11641,17,11624,65000,62512,62525,654,654,2475
850,84949548,84949565,84961172,11624,17,11607,65000,62525,62538,654,654,2462
851,85049613,85049630,85061231,11618,17,11601,65000,62538,62516,653,653,2484
852,85149660,85149676,85161283,11623,16,11607,65000,62516,62496,660,660,2504
853,85249725,85249742,85261337,11612,17,11595,65000,62496,62476,661,661,2524
854,85349771,85349788,85361395,11624,17,11607,65000,62476,62456,662,662,2544
855,85449833,85449850,85461448,11615,17,11598,65000,62456,62437,662,662,2563
856,85549882,85549898,85561499,11617,16,11601,65000,62437,62418,663,663,2582
857,85649947,85649964,85661600,11653,17,11636,65000,62418,62399,663,663,2601
858,85749993,85750010,85761626,11633,17,11616,65000,62399,62380,664,664,2620
859,85850058,85850090,85861687,11629,32,11597,65000,62380,62361,664,664,2639
860,85950108,85950125,85961727,11619,17,11602,65000,62361,62343,665,665,2657
861,86050170,86050186,86061809,11639,16,11623,65000,62343,62325,665,665,2675
862,86150228,86150245,86161853,11625,17,11608,65000,62325,62307,666,666,2693
863,86250292,86250308,86261911,11619,16,11603,65000,62307,62289,666,666,2711
864,86350338,86350355,86361997,11659,17,11642,65000,62289,62272,667,667,2728
865,86450383,86450400,86462036,11653,17,11636,65000,62272,62255,667,667,2745
866,86550430,86550446,86562073,11643,16,11627,65000,62255,62238,667,667,2762
867,86650491,86650508,86662092,11601,17,11584,65000,62238,62221,668,668,2779
868,86750536,86750553,86762074,11538,17,11521,65000,62221,62204,668,668,2796
869,86850582,86850599,86862088,11506,17,11489,65000,62204,62187,669,669,2813
870,86950628,86950645,86962092,11464,17,11447,65000,62187,62171,669,669,2829
871,87050674,87050691,87062076,11402,17,11385,65000,62171,62155,670,670,2845
872,87150718,87150735,87162073,11355,17,11338,65000,62155,62139,670,670,2861
873,87250795,87250812,87262069,11274,17,11257,65000,62139,62123,671,671,2877
874,87350841,87350857,87362077,11236,16,11220,65000,62123,62107,671,671,2893
875,87450886,87450903,87462072,11186,17,11169,65000,62107,62092,671,671,2908
876,87550932,87550949,87562069,11137,17,11120,65000,62092,62077,672,672,2923
877,87650978,87650994,87662081,11103,16,11087,65000,62077,62062,672,672,2938
878,87751025,87751041,87762077,11052,16,11036,65000,62062,62047,673,673,2953
879,87851071,87851088,87862078,11007,17,10990,65000,62047,62032,673,673,2968
880,87951118,87951135,87962070,10952,17,10935,65000,62032,62017,673,673,2983
881,88051165,88051182,88062069,10904,17,10887,65000,62017,62003,674,674,2997
882,88151212,88151228,88162077,10865,16,10849,65000,62003,61989,674,674,3011
883,88251259,88251276,88262071,10812,17,10795,65000,61989,61974,674,674,3026
884,88351306,88351323,88362070,10764,17,10747,65000,61974,61961,675,675,3039
885,88451353,88451370,88462076,10723,17,10706,65000,61961,61947,675,675,3053
886,88551400,88551417,88562070,10670,17,10653,65000,61947,61933,676,676,3067
887,88651447,88651464,88662073,10626,17,10609,65000,61933,61920,676,676,3080
888,88751495,88751511,88762077,10582,16,10566,65000,61920,61906,676,676,3094
889,88851541,88851558,88862072,10531,17,10514,65000,61906,61893,677,677,3107
890,88951588,88951605,88962070,10482,17,10465,65000,61893,61880,677,677,3120
891,89051636,89051652,89062073,10437,16,10421,65000,61880,61867,677,677,3133
892,89151682,89151699,89162098,10416,17,10399,65000,61867,61855,678,678,3145
893,89251730,89251746,89262092,10362,16,10346,65000,61855,61842,678,678,3158
894,89351777,89351793,89362084,10307,16,10291,65000,61842,61830,678,678,3170
895,89451823,89451840,89462077,10254,17,10237,65000,61830,61817,679,679,3183
896,89551870,89551887,89562071,10201,17,10184,65000,61817,61805,679,679,3195
897,89651917,89651934,89662067,10150,17,10133,65000,61805,61793,679,679,3207
898,89751963,89751980,89762077,10114,17,10097,65000,61793,61781,680,680,3219
899,89852010,89852027,89862070,10060,17,10043,65000,61781,61770,680,680,3230
900,89952057,89952074,89964836,12779,17,12762,65000,61770,61758,680,680,3242
901,90052106,90052123,90062038,9932,17,9915,65000,61758,61747,681,681,3253
902,90152152,90152169,90162077,9925,17,9908,65000,61747,61735,681,681,3265
903,90252199,90252216,90262071,9872,17,9855,65000,61735,61724,681,681,3276
904,90352248,90352265,90362071,9823,17,9806,65000,61724,61713,682,682,3287
905,90452295,90452312,90462078,9783,17,9766,65000,61713,61702,682,682,3298
906,90552341,90552358,90562071,9730,17,9713,65000,61702,61691,682,682,3309
907,90652387,90652403,90662075,9688,16,9672,65000,61691,61681,682,682,3319
908,90752433,90752449,90762078,9645,16,9629,65000,61681,61670,683,683,3330
909,90852477,90852494,90862075,9598,17,9581,65000,61670,61660,683,683,3340
910,90952540,90952556,90962079,9539,16,9523,65000,61660,61649,683,683,3351
911,91052585,91052602,91062073,9488,17,9471,65000,61649,61639,684,684,3361
912,91152631,91152648,91162075,9444,17,9427,65000,61639,61629,684,684,3371
913,91252677,91252694,91262063,9386,17,9369,65000,61629,61619,684,684,3381
914,91352723,91352740,91362082,9359,17,9342,65000,61619,61609,684,684,3391
915,91452785,91452801,91462077,9292,16,9276,65000,61609,61599,685,685,3401
916,91552829,91552846,91562076,9247,17,9230,65000,61599,61590,685,685,3410
917,91652874,91652891,91662075,9201,17,9184,65000,61590,61580,685,685,3420
918,91752919,91752936,91762071,9152,17,9135,65000,61580,61571,685,685,3429
919,91852965,91852981,91862092,9127,16,9111,65000,61571,61562,686,686,3438
920,91953029,91953045,91962052,9023,16,9007,65000,61562,61552,686,686,3448
921,92053077,92053094,92062070,8993,17,8976,65000,61552,61543,686,686,3457
922,92153123,92153140,92162077,8954,17,8937,65000,61543,61534,686,686,3466
923,92253169,92253186,92262073,8904,17,8887,65000,61534,61525,687,687,3475
924,92353214,92353231,92362071,8857,17,8840,65000,61525,61517,687,687,3483
925,92453260,92453277,92462077,8817,17,8800,65000,61517,61508,687,687,3492
926,92553306,92553323,92562071,8765,17,8748,65000,61508,61499,687,687,3501
927,92653352,92653369,92662074,8722,17,8705,65000,61499,61491,688,688,3509
928,92753398,92753415,92762068,8670,17,8653,65000,61491,61483,688,688,3517
929,92853443,92853460,92862077,8634,17,8617,65000,61483,61474,688,688,3526
930,92953490,92953506,92962071,8581,16,8565,65000,61474,61466,688,688,3534
931,93053534,93053551,93062069,8535,17,8518,65000,61466,61458,688,688,3542
932,93153580,93153596,93162080,8500,16,8484,65000,61458,61450,689,689,3550
933,93253627,93253643,93262073,8446,16,8430,65000,61450,61442,689,689,3558
934,93353673,93353689,93362071,8398,16,8382,65000,61442,61434,689,689,3566
935,93453718,93453735,93462070,8352,17,8335,65000,61434,61426,689,689,3574
936,93553764,93553780,93562076,8312,16,8296,65000,61426,61419,690,690,3581
937,93653810,93653827,93662071,8261,17,8244,65000,61419,61411,690,690,3589
938,93753856,93753872,93762071,8215,16,8199,65000,61411,61404,690,690,3596
939,93853901,93853918,93862084,8183,17,8166,65000,61404,61397,690,690,3603
940,93953947,93953964,93962089,8142,17,8125,65000,61397,61389,690,690,3611
941,94053992,94054009,94062088,8096,17,8079,65000,61389,61382,691,691,3618
942,94154038,94154055,94162075,8037,17,8020,65000,61382,61375,691,691,3625
943,94254083,94254100,94262076,7993,17,7976,65000,61375,61368,691,691,3632
944,94354129,94354145,94362071,7942,16,7926,65000,61368,61361,691,691,3639
945,94454175,94454191,94462082,7907,16,7891,65000,61361,61354,691,691,3646
946,94554222,94554238,94562075,7853,16,7837,65000,61354,61347,691,691,3653
947,94654266,94654283,94662074,7808,17,7791,65000,61347,61341,692,692,3659
948,94754312,94754329,94762072,7760,17,7743,65000,61341,61334,692,692,3666
949,94854357,94854374,94862068,7711,17,7694,65000,61334,61327,692,692,3673
950,94954403,94954420,94962077,7674,17,7657,65000,61327,61321,692,692,3679
951,95054449,95054465,95062069,7620,16,7604,65000,61321,61349,692,692,3651
952,95154494,95154511,95162071,7577,17,7560,65000,61349,61376,685,685,3624
953,95254540,95254556,95262079,7539,16,7523,65000,61376,61402,684,684,3598
954,95354586,95354603,95362073,7487,17,7470,65000,61402,61428,684,684,3572
955,95454631,95454648,95462072,7441,17,7424,65000,61428,61453,683,683,3547
956,95554677,95554693,95562079,7402,16,7386,65000,61453,61478,682,682,3522
957,95654723,95654740,95662074,7351,17,7334,65000,61478,61503,682,682,3497
958,95754769,95754786,95762073,7304,17,7287,65000,61503,61528,681,681,3472
959,95854814,95854831,95862069,7255,17,7238,65000,61528,61552,680,680,3448
960,95954860,95954877,95962080,7220,17,7203,65000,61552,61576,680,680,3424
961,96054905,96054922,96062072,7167,17,7150,65000,61576,61600,679,679,3400
962,96154951,96154967,96162073,7122,16,7106,65000,61600,61624,678,678,3376
963,96254997,96255014,96262074,7077,17,7060,65000,61624,61647,678,678,3353
964,96355042,96355059,96362076,7034,17,7017,65000,61647,61670,677,677,3330
965,96455088,96455105,96462072,6984,17,6967,65000,61670,61693,676,676,3307
966,96555134,96555150,96562070,6936,16,6920,65000,61693,61715,676,676,3285
967,96655195,96655212,96662091,6896,17,6879,65000,61715,61737,675,675,3263
968,96755242,96755259,96762092,6850,17,6833,65000,61737,61759,675,675,3241
969,96855287,96855304,96862085,6798,17,6781,65000,61759,61781,674,674,3219
970,96955333,96955350,96962075,6742,17,6725,65000,61781,61802,673,673,3198
971,97055378,97055395,97062073,6695,17,6678,65000,61802,61824,673,673,3176
972,97155424,97155441,97162068,6644,17,6627,65000,61824,61844,672,672,3156
973,97255470,97255486,97262079,6609,16,6593,65000,61844,61865,672,672,3135
974,97355517,97355533,97362073,6556,16,6540,65000,61865,61886,671,671,3114
975,97455562,97455579,97462071,6509,17,6492,65000,61886,61906,671,671,3094
976,97555608,97555624,97562069,6461,16,6445,65000,61906,61926,670,670,3074
977,97655654,97655670,97662078,6424,16,6408,65000,61926,61946,670,670,3054
978,97755700,97755717,97762073,6373,17,6356,65000,61946,61965,669,669,3035
979,97855746,97855762,97862073,6327,16,6311,65000,61965,61985,669,669,3015
980,97955791,97955808,97962069,6278,17,6261,65000,61985,62004,668,668,2996
981,98055837,98055853,98062074,6237,16,6221,65000,62004,62023,668,668,2977
982,98155883,98155900,98162070,6187,17,6170,65000,62023,62042,667,667,2958
983,98255929,98255946,98262070,6141,17,6124,65000,62042,62060,666,666,2940
984,98355974,98355992,98362075,6101,18,6083,65000,62060,62078,666,666,2922
985,98456021,98456038,98462076,6055,17,6038,65000,62078,62096,666,666,2904
986,98556066,98556083,98562070,6004,17,5987,65000,62096,62114,665,665,2886
987,98656112,98656128,98662078,5966,16,5950,65000,62114,62132,665,665,2868
988,98756158,98756175,98762073,5915,17,5898,65000,62132,62149,664,664,2851
989,98856203,98856220,98862072,5869,17,5852,65000,62149,62167,664,664,2833
990,98956249,98956266,98962066,5817,17,5800,65000,62167,62184,663,663,2816
991,99056295,99056312,99062079,5784,17,5767,65000,62184,62200,663,663,2800
992,99156341,99156358,99162072,5731,17,5714,65000,62200,62217,662,662,2783
993,99256387,99256404,99262072,5685,17,5668,65000,62217,62234,662,662,2766
994,99356434,99356450,99362086,5652,16,5636,65000,62234,62250,661,661,2750
995,99456480,99456497,99462092,5612,17,5595,65000,62250,62266,661,661,2734
996,99556525,99556542,99562092,5567,17,5550,65000,62266,62282,661,661,2718
997,99656570,99656587,99662059,5489,17,5472,65000,62282,62297,660,660,2703
998,99756617,99756633,99762074,5457,16,5441,65000,62297,62313,660,660,2687
999,99856662,99856679,99862071,5409,17,5392,65000,62313,62328,659,659,2672
1000,99956708,99956725,99963924,7216,17,7199,65000,62328,62344,659,659,2656
1001,100056759,100056776,100062038,5279,17,5262,65000,62344,62358,658,658,2642
1002,100156804,100156821,100162076,5272,17,5255,65000,62358,62373,658,658,2627
1003,100256852,100256869,100262070,5218,17,5201,65000,62373,62388,658,658,2612
1004,100356898,100356915,100362080,5182,17,5165,65000,62388,62402,657,657,2598
1005,100456945,100456961,100462073,5128,16,5112,65000,62402,62417,657,657,2583
1006,100556990,100557007,100562075,5085,17,5068,65000,62417,62431,656,656,2569
1007,100657037,100657054,100662068,5031,17,5014,65000,62431,62445,656,656,2555
1008,100757083,100757099,100762079,4996,16,4980,65000,62445,62459,656,656,2541
1009,100857129,100857145,100862074,4945,16,4929,65000,62459,62472,655,655,2528
1010,100957173,100957190,100962073,4900,17,4883,65000,62472,62486,655,655,2514
1011,101057219,101057236,101062071,4852,17,4835,65000,62486,62499,655,655,2501
1012,101157265,101157282,101162073,4808,17,4791,65000,62499,62512,654,654,2488
1013,101257312,101257328,101262074,4762,16,4746,65000,62512,62525,654,654,2475
1014,101357357,101357373,101362068,4711,16,4695,65000,62525,62538,654,654,2462
1015,101457402,101457419,101462078,4676,17,4659,65000,62538,62551,653,653,2449
1016,101557468,101557485,101562071,4603,17,4586,65000,62551,62564,653,653,2436
1017,101657514,101657531,101662073,4559,17,4542,65000,62564,62576,653,653,2424
1018,101757577,101757594,101762073,4496,17,4479,65000,62576,62589,652,652,2411
1019,101857623,101857640,101862076,4453,17,4436,65000,62589,62601,652,652,2399
1020,101957688,101957705,101962071,4383,17,4366,65000,62601,62613,652,652,2387
1021,102057733,102057750,102062072,4339,17,4322,65000,62613,62625,651,651,2375
1022,102157779,102157796,102162093,4314,17,4297,65000,62625,62636,651,651,2364
1023,102257844,102257861,102262087,4243,17,4226,65000,62636,62648,651,651,2352
1024,102357890,102357906,102362087,4197,16,4181,65000,62648,62660,650,650,2340
1025,102457936,102457953,102462073,4137,17,4120,65000,62660,62671,650,650,2329
1026,102557981,102557998,102562073,4092,17,4075,65000,62671,62682,650,650,2318
1027,102658027,102658043,102662068,4041,16,4025,65000,62682,62694,650,650,2306
1028,102758072,102758089,102762078,4006,17,3989,65000,62694,62705,649,649,2295
1029,102858118,102858135,102862072,3954,17,3937,65000,62705,62715,649,649,2285
1030,102958163,102958180,102962070,3907,17,3890,65000,62715,62726,649,649,2274
1031,103058209,103058226,103062081,3872,17,3855,65000,62726,62737,648,648,2263
1032,103158255,103158272,103162070,3815,17,3798,65000,62737,62747,648,648,2253
1033,103258300,103258317,103262075,3775,17,3758,65000,62747,62758,648,648,2242
1034,103358347,103358363,103362069,3722,16,3706,65000,62758,62768,647,647,2232
1035,103458392,103458408,103462079,3687,16,3671,65000,62768,62778,647,647,2222
1036,103558438,103558455,103562084,3646,17,3629,65000,62778,62788,647,647,2212
1037,103658483,103658500,103662073,3590,17,3573,65000,62788,62798,647,647,2202
1038,103758529,103758546,103762076,3547,17,3530,65000,62798,62808,646,646,2192
1039,103858575,103858592,103862070,3495,17,3478,65000,62808,62817,646,646,2183
1040,103958621,103958638,103962079,3458,17,3441,65000,62817,62827,646,646,2173
1041,104058668,104058684,104062073,3405,16,3389,65000,62827,62837,646,646,2163
1042,104158714,104158730,104162070,3356,16,3340,65000,62837,62846,645,645,2154
1043,104258760,104258776,104262081,3321,16,3305,65000,62846,62855,645,645,2145
1044,104358806,104358823,104362074,3268,17,3251,65000,62855,62864,645,645,2136
1045,104458851,104458868,104462072,3221,17,3204,65000,62864,62873,645,645,2127
1046,104558897,104558914,104562077,3180,17,3163,65000,62873,62882,644,644,2118
1047,104658943,104658960,104662071,3128,17,3111,65000,62882,62891,644,644,2109
1048,104758988,104759005,104762073,3085,17,3068,65000,62891,62900,644,644,2100
1049,104859035,104859052,104862087,3052,17,3035,65000,62900,62908,644,644,2092
1050,104959082,104959098,104962097,3015,16,2999,65000,62908,62917,644,644,2083
1051,105059127,105059144,105062095,2968,17,2951,65000,62917,62925,643,643,2075
1052,105159186,105159202,105162079,2893,16,2877,65000,62925,62934,643,643,2066
1053,105259232,105259248,105262078,2846,16,2830,65000,62934,62942,643,643,2058
1054,105359277,105359294,105361081,1804,17,1787,65000,62942,62950,643,643,2050
1055,105459322,105459339,105461197,1875,17,1858,65000,62950,62958,642,642,2042
1056,105559367,105559384,105571361,11994,17,11977,65000,62958,62966,642,642,2034
1057,105659413,105659430,105671464,12051,17,12034,65000,62966,62974,642,642,2026
1058,105759459,105759476,105771051,11592,17,11575,65000,62974,62982,642,642,2018
1059,105859505,105859522,105871151,11646,17,11629,65000,62982,62990,641,641,2010
1060,105959550,105959567,105971177,11627,17,11610,65000,62990,62997,641,641,2003
1061,106059615,106059632,106071228,11613,17,11596,65000,62997,63005,641,641,1995
1062,106159680,106159697,106171314,11634,17,11617,65000,63005,63012,641,641,1988
1063,106259726,106259743,106271350,11624,17,11607,65000,63012,63020,641,641,1980
1064,106359774,106359791,106371397,11623,17,11606,65000,63020,63027,640,640,1973
1065,106459841,106459858,106471455,11614,17,11597,65000,63027,63034,640,640,1966
1066,106559889,106559906,106571541,11652,17,11635,65000,63034,63041,640,640,1959
1067,106659936,106659953,106671574,11638,17,11621,65000,63041,63048,640,640,1952
1068,106760002,106760019,106771626,11624,17,11607,65000,63048,63055,640,640,1945
1069,106860067,106860099,106871706,11639,32,11607,65000,63055,63062,640,640,1938
1070,106960118,106960135,106971736,11618,17,11601,65000,63062,63068,639,639,1932
1071,107060183,107060200,107071849,11666,17,11649,65000,63068,63075,639,639,1925
1072,107160229,107160245,107171865,11636,16,11620,65000,63075,63082,639,639,1918
1073,107260274,107260291,107271907,11633,17,11616,65000,63082,63088,639,639,1912
1074,107360339,107360355,107371961,11622,16,11606,65000,63088,63095,639,639,1905
1075,107460386,107460403,107472013,11627,17,11610,65000,63095,63101,638,638,1899
1076,107560451,107560468,107572069,11618,17,11601,65000,63101,63107,638,638,1893
1077,107660498,107660515,107672098,11600,17,11583,65000,63107,63114,638,638,1886
1078,107760544,107760561,107772049,11505,17,11488,65000,63114,63120,638,638,1880
1079,107860609,107860626,107872095,11486,17,11469,65000,63120,63126,638,638,1874
1080,107960675,107960692,107972076,11401,17,11384,65000,63126,63132,638,638,1868
1081,108060720,108060737,108072071,11351,17,11334,65000,63132,63138,638,638,1862
1082,108160783,108160800,108172071,11288,17,11271,65000,63138,63144,637,637,1856
1083,108260828,108260845,108272078,11250,17,11233,65000,63144,63150,637,637,1850
1084,108360873,108360890,108372072,11199,17,11182,65000,63150,63156,637,637,1844
1085,108460919,108460935,108472070,11151,16,11135,65000,63156,63161,637,637,1839
1086,108560963,108560980,108572080,11117,17,11100,65000,63161,63167,637,637,1833
1087,108661010,108661027,108672074,11064,17,11047,65000,63167,63173,637,637,1827
1088,108761057,108761073,108772073,11016,16,11000,65000,63173,63178,636,636,1822
1089,108861104,108861121,108872067,10963,17,10946,65000,63178,63183,636,636,1817
1090,108961151,108961168,108972079,10928,17,10911,65000,63183,63189,636,636,1811
1091,109061199,109061215,109072072,10873,16,10857,65000,63189,63194,636,636,1806
1092,109161245,109161262,109172070,10825,17,10808,65000,63194,63199,636,636,1801
1093,109261292,109261309,109272081,10789,17,10772,65000,63199,63205,636,636,1795
1094,109361340,109361357,109372073,10733,17,10716,65000,63205,63210,635,635,1790
1095,109461387,109461403,109472075,10688,16,10672,65000,63210,63215,635,635,1785
1096,109561434,109561451,109572068,10634,17,10617,65000,63215,63220,635,635,1780
1097,109661481,109661497,109672093,10612,16,10596,65000,63220,63225,635,635,1775
1098,109761546,109761563,109772085,10539,17,10522,65000,63225,63229,635,635,1771
1099,109861593,109861609,109872084,10491,16,10475,65000,63229,63234,635,635,1766
1100,109961639,109961656,109974875,13236,17,13219,65000,63234,63239,635,635,1761
1101,110061689,110061705,110072036,10347,16,10331,65000,63239,63244,635,635,1756
1102,110161735,110161752,110172074,10339,17,10322,65000,63244,63249,635,635,1751
1103,110261783,110261800,110272079,10296,17,10279,65000,63249,63253,634,634,1747
1104,110361830,110361847,110372076,10246,17,10229,65000,63253,63258,634,634,1742
1105,110461877,110461894,110472075,10198,17,10181,65000,63258,63262,634,634,1738
1106,110561924,110561941,110572070,10146,17,10129,65000,63262,63267,634,634,1733
1107,110661971,110661987,110672076,10105,16,10089,65000,63267,63271,634,634,1729
1108,110762018,110762035,110772071,10053,17,10036,65000,63271,63276,634,634,1724
1109,110862065,110862082,110872070,10005,17,9988,65000,63276,63280,634,634,1720
1110,110962112,110962128,110972077,9965,16,9949,65000,63280,63285,634,634,1715
1111,111062158,111062175,111072074,9916,17,9899,65000,63285,63289,633,633,1711
1112,111162223,111162240,111172070,9847,17,9830,65000,63289,63293,633,633,1707
1113,111262261,111262278,111272071,9810,17,9793,65000,63293,63297,633,633,1703
1114,111362308,111362325,111372077,9769,17,9752,65000,63297,63301,633,633,1699
1115,111462355,111462372,111472072,9717,17,9700,65000,63301,63305,633,633,1695
1116,111562400,111562417,111572073,9673,17,9656,65000,63305,63309,633,633,1691
1117,111662446,111662463,111672073,9627,17,9610,65000,63309,63313,633,633,1687
1118,111762492,111762509,111772074,9582,17,9565,65000,63313,63317,633,633,1683
1119,111862538,111862555,111872069,9531,17,9514,65000,63317,63321,633,633,1679
1120,111962583,111962600,111972068,9485,17,9468,65000,63321,63325,632,632,1675
1121,112062629,112062646,112072079,9450,17,9433,65000,63325,63328,632,632,1672
1122,112162676,112162693,112172072,9396,17,9379,65000,63328,63332,632,632,1668
1123,112262721,112262738,112272072,9351,17,9334,65000,63332,63335,632,632,1665
1124,112362767,112362783,112372089,9322,16,9306,65000,63335,63339,632,632,1661
1125,112462829,112462846,112472086,9257,17,9240,65000,63339,63343,632,632,1657
1126,112562874,112562891,112572086,9212,17,9195,65000,63343,63346,632,632,1654
1127,112662920,112662937,112672075,9155,17,9138,65000,63346,63350,632,632,1650
1128,112762965,112762982,112772076,9111,17,9094,65000,63350,63353,632,632,1647
1129,112863011,112863027,112872071,9060,16,9044,65000,63353,63357,632,632,1643
1130,112963057,112963074,112972078,9021,17,9004,65000,63357,63360,631,631,1640
1131,113063103,113063120,113072072,8969,17,8952,65000,63360,63363,631,631,1637
1132,113163149,113163166,113172077,8928,17,8911,65000,63363,63367,631,631,1633
1133,113263195,113263212,113272070,8875,17,8858,65000,63367,63370,631,631,1630
1134,113363240,113363257,113372079,8839,17,8822,65000,63370,63373,631,631,1627
1135,113463287,113463304,113472073,8786,17,8769,65000,63373,63376,631,631,1624
1136,113563332,113563349,113572074,8742,17,8725,65000,63376,63379,631,631,1621
1137,113663378,113663395,113672069,8691,17,8674,65000,63379,63383,631,631,1617
1138,113763440,113763457,113772078,8638,17,8621,65000,63383,63386,631,631,1614
1139,113863487,113863504,113872071,8584,17,8567,65000,63386,63389,631,631,1611
1140,113963532,113963549,113972069,8537,17,8520,65000,63389,63392,631,631,1608
1141,114063578,114063595,114072079,8501,17,8484,65000,63392,63395,631,631,1605
1142,114163625,114163641,114172072,8447,16,8431,65000,63395,63398,631,631,1602
1143,114263670,114263686,114272073,8403,16,8387,65000,63398,63401,630,630,1599
1144,114363715,114363732,114372070,8355,17,8338,65000,63401,63404,630,630,1596
1145,114463762,114463778,114472078,8316,16,8300,65000,63404,63407,630,630,1593
1146,114563808,114563824,114572071,8263,16,8247,65000,63407,63409,630,630,1591
1147,114663854,114663871,114672073,8219,17,8202,65000,63409,63412,630,630,1588
1148,114763899,114763916,114772074,8175,17,8158,65000,63412,63415,630,630,1585
1149,114863946,114863962,114872077,8131,16,8115,65000,63415,63418,630,630,1582
1150,114963992,114964009,114972070,8078,17,8061,65000,63418,63420,630,630,1580
1151,115064037,115064054,115072071,8034,17,8017,65000,63420,63423,630,630,1577
1152,115164083,115164100,115172091,8008,17,7991,65000,63423,63426,630,630,1574
1153,115264130,115264146,115272093,7963,16,7947,65000,63426,63429,630,630,1571
1154,115364175,115364192,115372084,7909,17,7892,65000,63429,63431,630,630,1569
1155,115464220,115464237,115472073,7853,17,7836,65000,63431,63434,630,630,1566
1156,115564265,115564282,115572071,7806,17,7789,65000,63434,63436,629,629,1564
1157,115664311,115664327,115672069,7758,16,7742,65000,63436,63439,629,629,1561
1158,115764356,115764373,115772077,7721,17,7704,65000,63439,63441,629,629,1559
1159,115864403,115864420,115872072,7669,17,7652,65000,63441,63443,629,629,1557
1160,115964448,115964465,115972073,7625,17,7608,65000,63443,63446,629,629,1554
1161,116064494,116064511,116072082,7588,17,7571,65000,63446,63448,629,629,1552
1162,116164541,116164558,116172075,7534,17,7517,65000,63448,63450,629,629,1550
1163,116264586,116264603,116272073,7487,17,7470,65000,63450,63453,629,629,1547
1164,116364632,116364649,116372073,7441,17,7424,65000,63453,63455,629,629,1545
1165,116464677,116464694,116472069,7392,17,7375,65000,63455,63457,629,629,1543
1166,116564722,116564739,116572076,7354,17,7337,65000,63457,63460,629,629,1540
1167,116664769,116664786,116672072,7303,17,7286,65000,63460,63462,629,629,1538
1168,116764813,116764830,116772069,7256,17,7239,65000,63462,63464,629,629,1536
1169,116864859,116864875,116872078,7219,16,7203,65000,63464,63466,629,629,1534
1170,116964905,116964922,116972071,7166,17,7149,65000,63466,63469,629,629,1531
1171,117064950,117064967,117072071,7121,17,7104,65000,63469,63471,628,628,1529
1172,117164996,117165013,117172076,7080,17,7063,65000,63471,63473,628,628,1527
1173,117265043,117265059,117272073,7030,16,7014,65000,63473,63475,628,628,1525
1174,117365088,117365105,117372072,6984,17,6967,65000,63475,63476,628,628,1524
1175,117465133,117465150,117472073,6940,17,6923,65000,63476,63478,628,628,1522
1176,117565179,117565196,117572077,6898,17,6881,65000,63478,63480,628,628,1520
1177,117665224,117665241,117672073,6849,17,6832,65000,63480,63482,628,628,1518
1178,117765270,117765286,117772072,6802,16,6786,65000,63482,63484,628,628,1516
1179,117865316,117865332,117872088,6772,16,6756,65000,63484,63486,628,628,1514
1180,117965362,117965379,117972094,6732,17,6715,65000,63486,63488,628,628,1512
1181,118065407,118065424,118072093,6686,17,6669,65000,63488,63490,628,628,1510
1182,118165453,118165470,118172079,6626,17,6609,65000,63490,63492,628,628,1508
1183,118265499,118265516,118272073,6574,17,6557,65000,63492,63494,628,628,1506
1184,118365545,118365561,118372070,6525,16,6509,65000,63494,63495,628,628,1505
1185,118465591,118465608,118472078,6487,17,6470,65000,63495,63497,628,628,1503
1186,118565636,118565653,118572070,6434,17,6417,65000,63497,63499,628,628,1501
1187,118665682,118665699,118672072,6390,17,6373,65000,63499,63501,628,628,1499
1188,118765728,118765745,118772069,6341,17,6324,65000,63501,63503,628,628,1497
1189,118865774,118865790,118872078,6304,16,6288,65000,63503,63505,628,628,1495
1190,118965821,118965837,118972073,6252,16,6236,65000,63505,63507,628,628,1493
1191,119065866,119065883,119072070,6204,17,6187,65000,63507,63508,628,628,1492
1192,119165911,119165928,119172081,6170,17,6153,65000,63508,63510,628,628,1490
1193,119265958,119265975,119272075,6117,17,6100,65000,63510,63512,627,627,1488
1194,119366004,119366020,119372081,6077,16,6061,65000,63512,63513,627,627,1487
1195,119466071,119466088,119472075,6004,17,5987,65000,63513,63515,627,627,1485
1196,119566117,119566133,119572071,5954,16,5938,65000,63515,63516,627,627,1484
1197,119666163,119666180,119672079,5916,17,5899,65000,63516,63518,627,627,1482
1198,119766209,119766225,119772073,5864,16,5848,65000,63518,63519,627,627,1481
1199,119866254,119866271,119872070,5816,17,5799,65000,63519,63521,627,627,1479
1200,119966301,119966318,119973922,7621,17,7604,65000,63521,63522,627,627,1478
1201,120066351,120066368,120072038,5687,17,5670,50000,63522,63428,285,285,-13428
1202,120166397,120166413,120172073,5676,16,5660,50000,63428,63329,269,269,-13329
1203,120266445,120266461,120272078,5633,16,5617,50000,63329,63231,269,269,-13231
1204,120366490,120366507,120372073,5583,17,5566,50000,63231,63134,270,270,-13134
1205,120466536,120466553,120472078,5542,17,5525,50000,63134,63037,271,271,-13037
1206,120566582,120566599,120572065,5483,17,5466,50000,63037,62941,272,272,-12941
1207,120666627,120666644,120672100,5473,17,5456,50000,62941,62846,273,273,-12846
1208,120766693,120766711,120772094,5401,18,5383,50000,62846,62751,273,273,-12751
1209,120866739,120866756,120872087,5348,17,5331,50000,62751,62657,274,274,-12657
1210,120966784,120966801,120972077,5293,17,5276,50000,62657,62563,275,275,-12563
1211,121066829,121066846,121072068,5239,17,5222,50000,62563,62470,276,276,-12470
1212,121166875,121166892,121172071,5196,17,5179,50000,62470,62378,277,277,-12378
1213,121266922,121266938,121272073,5151,16,5135,50000,62378,62286,278,278,-12286
1214,121366968,121366984,121372075,5107,16,5091,50000,62286,62195,279,279,-12195
1215,121467014,121467031,121472068,5054,17,5037,50000,62195,62105,280,280,-12105
1216,121567059,121567076,121572078,5019,17,5002,50000,62105,62015,281,281,-12015
1217,121667106,121667123,121672073,4967,17,4950,50000,62015,61926,282,282,-11926
1218,121767151,121767168,121772072,4921,17,4904,50000,61926,61837,282,282,-11837
1219,121867197,121867214,121872069,4872,17,4855,50000,61837,61749,283,283,-11749
1220,121967243,121967260,121972078,4835,17,4818,50000,61749,61662,284,284,-11662
1221,122067290,122067306,122072072,4782,16,4766,50000,61662,61575,285,285,-11575
1222,122167334,122167351,122172069,4735,17,4718,50000,61575,61489,286,286,-11489
1223,122267380,122267397,122272082,4702,17,4685,50000,61489,61403,287,287,-11403
1224,122367428,122367445,122372078,4650,17,4633,50000,61403,61318,288,288,-11318
1225,122467474,122467490,122472077,4603,16,4587,50000,61318,61233,288,288,-11233
1226,122567521,122567538,122572075,4554,17,4537,50000,61233,61149,289,289,-11149
1227,122667567,122667583,122672074,4507,16,4491,50000,61149,61066,290,290,-11066
1228,122767614,122767631,122772069,4455,17,4438,50000,61066,60983,291,291,-10983
1229,122867660,122867676,122872082,4422,16,4406,50000,60983,60901,292,292,-10901
1230,122967706,122967723,122972076,4370,17,4353,50000,60901,60819,292,292,-10819
1231,123067751,123067768,123072073,4322,17,4305,50000,60819,60738,293,293,-10738
1232,123167797,123167814,123172074,4277,17,4260,50000,60738,60657,294,294,-10657
1233,123267843,123267860,123272069,4226,17,4209,50000,60657,60577,295,295,-10577
1234,123367888,123367905,123372087,4199,17,4182,50000,60577,60498,296,296,-10498
1235,123467953,123467969,123472053,4100,16,4084,50000,60498,60419,296,296,-10419
1236,123567999,123568016,123572067,4068,17,4051,50000,60419,60340,297,297,-10340
1237,123668045,123668062,123672079,4034,17,4017,50000,60340,60262,298,298,-10262
1238,123768092,123768108,123772073,3981,16,3965,50000,60262,60185,299,299,-10185
1239,123868137,123868154,123872071,3934,17,3917,50000,60185,60108,299,299,-10108
1240,123968183,123968200,123972075,3892,17,3875,50000,60108,60032,300,300,-10032
1241,124068229,124068246,124072073,3844,17,3827,50000,60032,59956,301,301,-9956
1242,124168275,124168291,124172069,3794,16,3778,50000,59956,59881,302,302,-9881
1243,124268321,124268337,124272076,3755,16,3739,50000,59881,59806,302,302,-9806
1244,124368367,124368384,124372078,3711,17,3694,50000,59806,59731,303,303,-9731
1245,124468413,124468429,124472075,3662,16,3646,50000,59731,59657,304,304,-9657
1246,124568459,124568476,124572077,3618,17,3601,50000,59657,59584,305,305,-9584
1247,124668506,124668523,124672070,3564,17,3547,50000,59584,59511,305,305,-9511
1248,124768552,124768569,124772076,3524,17,3507,50000,59511,59439,306,306,-9439
1249,124868598,124868615,124872071,3473,17,3456,50000,59439,59367,307,307,-9367
1250,124968644,124968661,124972070,3426,17,3409,50000,59367,59296,307,307,-9296
1251,125068690,125068707,125072079,3389,17,3372,50000,59296,59225,308,308,-9225
1252,125168756,125168773,125172074,3318,17,3301,50000,59225,59154,309,309,-9154
1253,125268802,125268819,125272068,3266,17,3249,50000,59154,59084,310,310,-9084
1254,125368847,125368864,125372087,3240,17,3223,50000,59084,59015,310,310,-9015
1255,125468911,125468928,125472091,3180,17,3163,50000,59015,58946,311,311,-8946
1256,125568956,125568973,125572087,3131,17,3114,50000,58946,58877,312,312,-8877
1257,125669002,125669019,125672078,3076,17,3059,50000,58877,58809,312,312,-8809
1258,125769048,125769065,125772071,3023,17,3006,50000,58809,58742,313,313,-8742
1259,125869094,125869111,125872072,2978,17,2961,50000,58742,58674,313,313,-8674
1260,125969140,125969175,125972082,2942,35,2907,50000,58674,58608,314,314,-8608
1261,126069186,126069203,126072081,2895,17,2878,50000,58608,58541,315,315,-8541
1262,126169232,126169248,126172081,2849,16,2833,50000,58541,58476,316,316,-8476
1263,126269277,126269294,126271082,1805,17,1788,50000,58476,58410,316,316,-8410
1264,126369324,126369340,126371192,1868,16,1852,50000,58410,58345,317,317,-8345
1265,126469369,126469386,126481355,11986,17,11969,50000,58345,58281,317,317,-8281
1266,126569415,126569432,126581458,12043,17,12026,50000,58281,58217,318,318,-8217
1267,126669461,126669478,126681052,11591,17,11574,50000,58217,58153,319,319,-8153
1268,126769507,126769523,126781155,11648,16,11632,50000,58153,58090,319,319,-8090
1269,126869553,126869570,126881182,11629,17,11612,50000,58090,58027,320,320,-8027
1270,126969618,126969634,126981232,11614,16,11598,50000,58027,57965,321,321,-7965
1271,127069684,127069700,127081320,11636,16,11620,50000,57965,57903,321,321,-7903
1272,127169729,127169746,127181355,11626,17,11609,50000,57903,57841,322,322,-7841
1273,127269778,127269795,127281403,11625,17,11608,50000,57841,57780,322,322,-7780
1274,127369844,127369861,127381458,11614,17,11597,50000,57780,57720,323,323,-7720
1275,127469892,127469909,127481543,11651,17,11634,50000,57720,57659,323,323,-7659
1276,127569939,127569956,127581573,11634,17,11617,50000,57659,57599,324,324,-7599
1277,127670005,127670022,127681628,11623,17,11606,50000,57599,57540,325,325,-7540
1278,127770053,127770083,127781690,11637,30,11607,50000,57540,57481,325,325,-7481
1279,127870109,127870126,127881733,11624,17,11607,50000,57481,57422,326,326,-7422
1280,127970173,127970190,127981790,11617,17,11600,50000,57422,57364,327,327,-7364
1281,128070233,128070250,128081853,11620,17,11603,50000,57364,57306,327,327,-7306
1282,128170297,128170314,128181958,11661,17,11644,50000,57306,57249,328,328,-7249
1283,128270343,128270359,128281986,11643,16,11627,50000,57249,57191,328,328,-7191
1284,128370408,128370425,128382045,11637,17,11620,50000,57191,57135,329,329,-7135
1285,128470456,128470472,128482079,11623,16,11607,50000,57135,57078,329,329,-7078
1286,128570502,128570518,128582088,11586,16,11570,50000,57078,57022,330,330,-7022
1287,128670547,128670564,128682068,11521,17,11504,50000,57022,56967,330,330,-6967
1288,128770592,128770609,128782096,11504,17,11487,50000,56967,56912,331,331,-6912
1289,128870657,128870673,128882094,11437,16,11421,50000,56912,56857,331,331,-6857
1290,128970702,128970719,128982088,11386,17,11369,50000,56857,56802,332,332,-6802
1291,129070748,129070764,129082069,11321,16,11305,50000,56802,56748,333,333,-6748
1292,129170793,129170810,129182079,11286,17,11269,50000,56748,56694,333,333,-6694
1293,129270839,129270856,129282073,11234,17,11217,50000,56694,56641,334,334,-6641
1294,129370884,129370901,129382076,11192,17,11175,50000,56641,56588,334,334,-6588
1295,129470929,129470946,129482068,11139,17,11122,50000,56588,56536,335,335,-6536
1296,129570975,129570991,129582079,11104,16,11088,50000,56536,56483,335,335,-6483
1297,129671022,129671039,129682072,11050,17,11033,50000,56483,56431,336,336,-6431
1298,129771069,129771086,129782072,11003,17,10986,50000,56431,56380,336,336,-6380
1299,129871116,129871133,129882078,10962,17,10945,50000,56380,56328,336,336,-6328
1300,129971164,129971181,129983925,12761,17,12744,50000,56328,56277,337,337,-6277
1301,130071214,130071231,130082034,10820,17,10803,50000,56277,56227,338,338,-6227
1302,130171260,130171277,130182096,10836,17,10819,50000,56227,56177,338,338,-6177
1303,130271308,130271324,130282074,10766,16,10750,50000,56177,56127,339,339,-6127
1304,130371355,130371371,130382073,10718,16,10702,50000,56127,56077,339,339,-6077
1305,130471402,130471419,130482069,10667,17,10650,50000,56077,56028,340,340,-6028
1306,130571449,130571466,130582080,10631,17,10614,50000,56028,55979,340,340,-5979
1307,130671497,130671513,130682073,10576,16,10560,50000,55979,55931,341,341,-5931
1308,130771543,130771560,130782070,10527,17,10510,50000,55931,55883,341,341,-5883
1309,130871591,130871608,130882088,10497,17,10480,50000,55883,55834,341,341,-5834
1310,130971638,130971655,130982094,10456,17,10439,50000,55834,55787,342,342,-5787
1311,131071685,131071702,131082094,10409,17,10392,50000,55787,55739,342,342,-5739
1312,131171733,131171749,131182071,10338,16,10322,50000,55739,55693,343,343,-5693
1313,131271779,131271795,131282076,10297,16,10281,50000,55693,55646,343,343,-5646
1314,131371826,131371843,131382069,10243,17,10226,50000,55646,55600,344,344,-5600
1315,131471873,131471890,131482080,10207,17,10190,50000,55600,55554,344,344,-5554
1316,131571920,131571937,131582073,10153,17,10136,50000,55554,55508,345,345,-5508
1317,131671967,131671984,131682072,10105,17,10088,50000,55508,55462,345,345,-5462
1318,131772015,131772032,131782069,10054,17,10037,50000,55462,55417,346,346,-5417
1319,131872062,131872078,131882081,10019,16,10003,50000,55417,55373,346,346,-5373
1320,131972109,131972126,131982076,9967,17,9950,50000,55373,55328,346,346,-5328
1321,132072156,132072173,132082072,9916,17,9899,50000,55328,55284,347,347,-5284
1322,132172221,132172238,132182073,9852,17,9835,50000,55284,55240,347,347,-5240
1323,132272264,132272281,132282080,9816,17,9799,50000,55240,55196,348,348,-5196
1324,132372312,132372329,132382074,9762,17,9745,50000,55196,55153,348,348,-5153
1325,132472358,132472375,132482072,9714,17,9697,50000,55153,55110,349,349,-5110
1326,132572404,132572421,132582071,9667,17,9650,50000,55110,55067,349,349,-5067
1327,132672450,132672467,132682075,9625,17,9608,50000,55067,55025,349,349,-5025
1328,132772496,132772513,132782072,9576,17,9559,50000,55025,54983,350,350,-4983
1329,132872542,132872558,132882068,9526,16,9510,50000,54983,54941,350,350,-4941
1330,132972588,132972605,132982079,9491,17,9474,50000,54941,54899,351,351,-4899
1331,133072634,133072651,133082072,9438,17,9421,50000,54899,54858,351,351,-4858
1332,133172680,133172697,133182070,9390,17,9373,50000,54858,54817,351,351,-4817
1333,133272726,133272743,133282079,9353,17,9336,50000,54817,54776,352,352,-4776
1334,133372771,133372788,133382073,9302,17,9285,50000,54776,54736,352,352,-4736
1335,133472817,133472834,133482073,9256,17,9239,50000,54736,54696,353,353,-4696
1336,133572863,133572880,133582071,9208,17,9191,50000,54696,54656,353,353,-4656
1337,133672910,133672927,133682095,9185,17,9168,50000,54656,54616,353,353,-4616
1338,133772975,133772992,133782090,9115,17,9098,50000,54616,54577,354,354,-4577
1339,133873021,133873037,133882087,9066,16,9050,50000,54577,54537,354,354,-4537
1340,133973066,133973082,133982074,9008,16,8992,50000,54537,54499,355,355,-4499
1341,134073112,134073128,134082073,8961,16,8945,50000,54499,54460,355,355,-4460
1342,134173157,134173174,134182066,8909,17,8892,50000,54460,54422,355,355,-4422
1343,134273203,134273220,134282078,8875,17,8858,50000,54422,54384,356,356,-4384
1344,134373250,134373267,134382072,8822,17,8805,50000,54384,54346,356,356,-4346
1345,134473296,134473313,134482073,8777,17,8760,50000,54346,54308,356,356,-4308
1346,134573342,134573359,134582077,8735,17,8718,50000,54308,54271,357,357,-4271
1347,134673388,134673405,134682071,8683,17,8666,50000,54271,54234,357,357,-4234
1348,134773434,134773450,134782071,8637,16,8621,50000,54234,54197,358,358,-4197
1349,134873480,134873496,134882069,8589,16,8573,50000,54197,54160,358,358,-4160
1350,134973526,134973542,134982080,8554,16,8538,50000,54160,54124,358,358,-4124
1351,135073572,135073589,135082077,8505,17,8488,50000,54124,54088,359,359,-4088
1352,135173618,135173635,135182076,8458,17,8441,50000,54088,54052,359,359,-4052
1353,135273664,135273681,135282073,8409,17,8392,50000,54052,54016,359,359,-4016
1354,135373709,135373726,135382070,8361,17,8344,50000,54016,53981,360,360,-3981
1355,135473755,135473772,135482075,8320,17,8303,50000,53981,53946,360,360,-3946
1356,135573801,135573818,135582070,8269,17,8252,50000,53946,53911,360,360,-3911
1357,135673847,135673864,135682071,8224,17,8207,50000,53911,53877,361,361,-3877
1358,135773893,135773909,135782074,8181,16,8165,50000,53877,53842,361,361,-3842
1359,135873939,135873956,135882070,8131,17,8114,50000,53842,53808,361,361,-3808
1360,135973985,135974002,135982071,8086,17,8069,50000,53808,53774,362,362,-3774
1361,136074031,136074048,136082078,8047,17,8030,50000,53774,53740,362,362,-3740
1362,136174078,136174094,136182073,7995,16,7979,50000,53740,53707,362,362,-3707
1363,136274123,136274140,136282070,7947,17,7930,50000,53707,53673,363,363,-3673
1364,136374169,136374186,136382088,7919,17,7902,50000,53673,53640,363,363,-3640
1365,136474232,136474249,136482096,7864,17,7847,50000,53640,53607,363,363,-3607
1366,136574278,136574295,136582092,7814,17,7797,50000,53607,53575,364,364,-3575
1367,136674324,136674341,136682078,7754,17,7737,50000,53575,53543,364,364,-3543
1368,136774369,136774386,136782073,7704,17,7687,50000,53543,53510,364,364,-3510
1369,136874415,136874432,136882071,7656,17,7639,50000,53510,53478,365,365,-3478
1370,136974461,136974478,136982079,7618,17,7601,50000,53478,53447,365,365,-3447
1371,137074507,137074524,137082073,7566,17,7549,50000,53447,53415,365,365,-3415
1372,137174552,137174569,137182072,7520,17,7503,50000,53415,53384,366,366,-3384
1373,137274597,137274614,137282069,7472,17,7455,50000,53384,53353,366,366,-3353
1374,137374643,137374659,137382077,7434,16,7418,50000,53353,53322,366,366,-3322
1375,137474689,137474706,137482072,7383,17,7366,50000,53322,53291,366,366,-3291
1376,137574735,137574752,137582073,7338,17,7321,50000,53291,53261,367,367,-3261
1377,137674780,137674797,137682075,7295,17,7278,50000,53261,53230,367,367,-3230
1378,137774826,137774843,137782070,7244,17,7227,50000,53230,53200,367,367,-3200
1379,137874872,137874888,137882074,7202,16,7186,50000,53200,53171,368,368,-3171
1380,137974917,137974934,137982067,7150,17,7133,50000,53171,53141,368,368,-3141
1381,138074962,138074979,138082081,7119,17,7102,50000,53141,53111,368,368,-3111
1382,138175009,138175025,138182075,7066,16,7050,50000,53111,53082,369,369,-3082
1383,138275054,138275071,138282078,7024,17,7007,50000,53082,53053,369,369,-3053
1384,138375100,138375117,138382073,6973,17,6956,50000,53053,53024,369,369,-3024
1385,138475145,138475162,138482072,6927,17,6910,50000,53024,52996,369,369,-2996
1386,138575192,138575208,138582093,6901,16,6885,50000,52996,52967,369,369,-2967
1387,138675256,138675273,138682059,6803,17,6786,50000,52967,52939,370,370,-2939
1388,138775302,138775319,138782077,6775,17,6758,50000,52939,52910,370,370,-2910
1389,138875348,138875365,138882074,6726,17,6709,50000,52910,52883,371,371,-2883
1390,138975394,138975411,138982072,6678,17,6661,50000,52883,52855,371,371,-2855
1391,139075440,139075456,139082068,6628,16,6612,50000,52855,52828,371,371,-2828
1392,139175485,139175502,139182080,6595,17,6578,50000,52828,52800,371,371,-2800
1393,139275532,139275549,139282074,6542,17,6525,50000,52800,52773,372,372,-2773
1394,139375577,139375594,139382077,6500,17,6483,50000,52773,52746,372,372,-2746
1395,139475623,139475640,139482072,6449,17,6432,50000,52746,52719,372,372,-2719
1396,139575669,139575686,139582069,6400,17,6383,50000,52719,52693,372,372,-2693
1397,139675715,139675732,139682069,6354,17,6337,50000,52693,52666,372,372,-2666
1398,139775760,139775777,139782078,6318,17,6301,50000,52666,52640,373,373,-2640
1399,139875807,139875824,139882072,6265,17,6248,50000,52640,52614,373,373,-2614
1400,139975852,139975869,139983919,8067,17,8050,50000,52614,52588,373,373,-2588
1401,140075903,140075920,140082038,6135,17,6118,50000,52588,52562,374,374,-2562
1402,140175948,140175965,140182075,6127,17,6110,50000,52562,52536,374,374,-2536
1403,140275997,140276014,140282071,6074,17,6057,50000,52536,52511,374,374,-2511
1404,140376044,140376060,140382069,6025,16,6009,50000,52511,52486,374,374,-2486
1405,140476089,140476106,140482078,5989,17,5972,50000,52486,52461,375,375,-2461
1406,140576136,140576153,140582073,5937,17,5920,50000,52461,52436,375,375,-2436
1407,140676181,140676198,140682070,5889,17,5872,50000,52436,52411,375,375,-2411
1408,140776226,140776243,140782079,5853,17,5836,50000,52411,52387,375,375,-2387
1409,140876273,140876290,140882073,5800,17,5783,50000,52387,52362,375,375,-2362
1410,140976318,140976334,140982075,5757,16,5741,50000,52362,52338,376,376,-2338
1411,141076364,141076381,141082068,5704,17,5687,50000,52338,52314,376,376,-2314
1412,141176409,141176426,141182090,5681,17,5664,50000,52314,52290,376,376,-2290
1413,141276471,141276488,141282087,5616,17,5599,50000,52290,52266,377,377,-2266
1414,141376516,141376533,141382082,5566,17,5549,50000,52266,52243,377,377,-2243
1415,141476562,141476579,141482074,5512,17,5495,50000,52243,52219,377,377,-2219
1416,141576609,141576626,141582072,5463,17,5446,50000,52219,52196,377,377,-2196
1417,141676654,141676671,141682067,5413,17,5396,50000,52196,52173,377,377,-2173
1418,141776700,141776717,141782081,5381,17,5364,50000,52173,52150,378,378,-2150
1419,141876746,141876763,141882073,5327,17,5310,50000,52150,52127,378,378,-2127
1420,141976792,141976809,141982073,5281,17,5264,50000,52127,52104,378,378,-2104
1421,142076838,142076855,142082071,5233,17,5216,50000,52104,52082,378,378,-2082
1422,142176901,142176918,142182072,5171,17,5154,50000,52082,52059,378,378,-2059
1423,142276948,142276964,142282074,5126,16,5110,50000,52059,52037,379,379,-2037
1424,142376993,142377010,142382069,5076,17,5059,50000,52037,52015,379,379,-2015
1425,142477039,142477056,142482079,5040,17,5023,50000,52015,51993,379,379,-1993
1426,142577086,142577102,142582073,4987,16,4971,50000,51993,51971,379,379,-1971
1427,142677131,142677148,142682071,4940,17,4923,50000,51971,51950,380,380,-1950
1428,142777177,142777193,142782069,4892,16,4876,50000,51950,51929,380,380,-1929
1429,142877223,142877240,142882077,4854,17,4837,50000,51929,51907,380,380,-1907
1430,142977268,142977285,142982072,4804,17,4787,50000,51907,51886,380,380,-1886
1431,143077314,143077331,143082071,4757,17,4740,50000,51886,51865,380,380,-1865
1432,143177360,143177377,143182078,4718,17,4701,50000,51865,51844,381,381,-1844
1433,143277406,143277423,143282073,4667,17,4650,50000,51844,51823,381,381,-1823
1434,143377452,143377469,143382075,4623,17,4606,50000,51823,51803,381,381,-1803
1435,143477498,143477515,143482067,4569,17,4552,50000,51803,51782,381,381,-1782
1436,143577544,143577561,143582078,4534,17,4517,50000,51782,51762,382,382,-1762
1437,143677590,143677607,143682071,4481,17,4464,50000,51762,51742,382,382,-1742
1438,143777636,143777653,143782071,4435,17,4418,50000,51742,51722,382,382,-1722
1439,143877682,143877699,143882085,4403,17,4386,50000,51722,51702,382,382,-1702
1440,143977729,143977745,143982091,4362,16,4346,50000,51702,51682,382,382,-1682
1441,144077773,144077790,144082087,4314,17,4297,50000,51682,51662,382,382,-1662
1442,144177819,144177836,144182076,4257,17,4240,50000,51662,51643,383,383,-1643
1443,144277865,144277882,144282073,4208,17,4191,50000,51643,51624,383,383,-1624
1444,144377911,144377928,144382070,4159,17,4142,50000,51624,51604,383,383,-1604
1445,144477957,144477973,144482080,4123,16,4107,50000,51604,51585,383,383,-1585
1446,144578003,144578020,144582074,4071,17,4054,50000,51585,51566,383,383,-1566
1447,144678049,144678066,144682073,4024,17,4007,50000,51566,51547,384,384,-1547
1448,144778095,144778111,144782074,3979,16,3963,50000,51547,51529,384,384,-1529
1449,144878141,144878157,144882077,3936,16,3920,50000,51529,51510,384,384,-1510
1450,144978186,144978203,144982077,3891,17,3874,50000,51510,51492,384,384,-1492
1451,145078232,145078248,145082072,3840,16,3824,50000,51492,51473,384,384,-1473
1452,145178278,145178295,145182069,3791,17,3774,50000,51473,51455,385,385,-1455
1453,145278324,145278341,145282081,3757,17,3740,50000,51455,51437,385,385,-1437
1454,145378370,145378387,145382049,3679,17,3662,50000,51437,51419,385,385,-1419
1455,145478416,145478433,145482074,3658,17,3641,50000,51419,51401,385,385,-1401
1456,145578463,145578480,145582084,3621,17,3604,50000,51401,51383,385,385,-1383
1457,145678509,145678526,145682076,3567,17,3550,50000,51383,51366,385,385,-1366
1458,145778555,145778571,145782073,3518,16,3502,50000,51366,51348,385,385,-1348
1459,145878600,145878617,145882070,3470,17,3453,50000,51348,51331,386,386,-1331
1460,145978646,145978663,145982081,3435,17,3418,50000,51331,51314,386,386,-1314
1461,146078693,146078710,146082073,3380,17,3363,50000,51314,51296,386,386,-1296
1462,146178738,146178755,146182070,3332,17,3315,50000,51296,51279,386,386,-1279
1463,146278784,146278801,146282078,3294,17,3277,50000,51279,51262,386,386,-1262
1464,146378830,146378847,146382073,3243,17,3226,50000,51262,51245,387,387,-1245
1465,146478876,146478893,146482074,3198,17,3181,50000,51245,51229,387,387,-1229
1466,146578923,146578939,146582069,3146,16,3130,50000,51229,51212,387,387,-1212
1467,146678968,146678985,146682097,3129,17,3112,50000,51212,51196,387,387,-1196
1468,146779035,146779052,146782090,3055,17,3038,50000,51196,51179,387,387,-1179
1469,146879082,146879098,146882087,3005,16,2989,50000,51179,51163,387,387,-1163
1470,146979128,146979144,146982077,2949,16,2933,50000,51163,51147,387,387,-1147
1471,147079187,147079203,147082077,2890,16,2874,50000,51147,51131,388,388,-1131
1472,147179231,147179249,147182071,2840,18,2822,50000,51131,51115,388,388,-1115
1473,147279276,147279293,147281087,1811,17,1794,50000,51115,51099,388,388,-1099
1474,147379323,147379339,147381196,1873,16,1857,50000,51099,51083,388,388,-1083
1475,147479368,147479385,147491356,11988,17,11971,50000,51083,51068,388,388,-1068
1476,147579413,147579430,147591465,12052,17,12035,50000,51068,51052,388,388,-1052
1477,147679459,147679476,147691059,11600,17,11583,50000,51052,51037,389,389,-1037
1478,147779504,147779521,147791146,11642,17,11625,50000,51037,51022,389,389,-1022
1479,147879550,147879567,147891176,11626,17,11609,50000,51022,51006,389,389,-1006
1480,147979596,147979613,147991216,11620,17,11603,50000,51006,50991,389,389,-991
1481,148079660,148079677,148091300,11640,17,11623,50000,50991,50976,389,389,-976
1482,148179706,148179722,148191331,11625,16,11609,50000,50976,50961,389,389,-961
1483,148279771,148279788,148291384,11613,17,11596,50000,50961,50946,389,389,-946
1484,148379837,148379854,148391472,11635,17,11618,50000,50946,50932,390,390,-932
1485,148479884,148479900,148491509,11625,16,11609,50000,50932,50917,390,390,-917
1486,148579932,148579949,148591560,11628,17,11611,50000,50917,50903,390,390,-903
1487,148679997,148680014,148691616,11619,17,11602,50000,50903,50888,390,390,-888
1488,148780045,148780062,148791676,11631,17,11614,50000,50888,50874,390,390,-874
1489,148880103,148880120,148891720,11617,17,11600,50000,50874,50860,390,390,-860
1490,148980166,148980183,148991778,11612,17,11595,50000,50860,50845,390,390,-845
1491,149080222,149080239,149091851,11629,17,11612,50000,50845,50832,391,391,-832
1492,149180268,149180285,149191896,11628,17,11611,50000,50832,50818,391,391,-818
1493,149280333,149280350,149291953,11620,17,11603,50000,50818,50804,391,391,-804
1494,149380380,149380397,149392039,11659,17,11642,50000,50804,50790,391,391,-790
1495,149480425,149480442,149492069,11644,17,11627,50000,50790,50776,391,391,-776
1496,149580490,149580507,149592107,11617,17,11600,50000,50776,50763,391,391,-763
1497,149680552,149680569,149692056,11504,17,11487,50000,50763,50749,391,391,-749
1498,149780617,149780634,149792089,11472,17,11455,50000,50749,50736,392,392,-736
1499,149880663,149880679,149892088,11425,16,11409,50000,50736,50723,392,392,-723
1500,149980708,149980724,149993923,13215,16,13199,50000,50723,50710,392,392,-710
1501,150080758,150080774,150092038,11280,16,11264,50000,50710,50697,392,392,-697
1502,150180802,150180819,150192075,11273,17,11256,50000,50697,50684,392,392,-684
1503,150280849,150280866,150292065,11216,17,11199,50000,50684,50671,392,392,-671
1504,150380895,150380912,150392076,11181,17,11164,50000,50671,50658,392,392,-658
1505,150480941,150480957,150492071,11130,16,11114,50000,50658,50645,392,392,-645
1506,150580986,150581002,150592070,11084,16,11068,50000,50645,50632,393,393,-632
1507,150681033,150681050,150692081,11048,17,11031,50000,50632,50620,393,393,-620
1508,150781080,150781096,150792074,10994,16,10978,50000,50620,50607,393,393,-607
1509,150881127,150881144,150892077,10950,17,10933,50000,50607,50595,393,393,-595
1510,150981175,150981191,150992073,10898,16,10882,50000,50595,50583,393,393,-583
1511,151081222,151081238,151092072,10850,16,10834,50000,50583,50570,393,393,-570
1512,151181268,151181285,151192078,10810,17,10793,50000,50570,50558,393,393,-558
1513,151281316,151281332,151292073,10757,16,10741,50000,50558,50546,393,393,-546
1514,151381362,151381379,151392070,10708,17,10691,50000,50546,50534,393,393,-534
1515,151481409,151481425,151492076,10667,16,10651,50000,50534,50522,394,394,-522
1516,151581455,151581472,151592069,10614,17,10597,50000,50522,50510,394,394,-510
1517,151681503,151681520,151692072,10569,17,10552,50000,50510,50498,394,394,-498
1518,151781550,151781567,151792076,10526,17,10509,50000,50498,50487,394,394,-487
1519,151881597,151881613,151892072,10475,16,10459,50000,50487,50475,394,394,-475
1520,151981644,151981661,151992075,10431,17,10414,50000,50475,50464,394,394,-464
1521,152081690,152081707,152092068,10378,17,10361,50000,50464,50452,394,394,-452
1522,152181737,152181754,152192097,10360,17,10343,50000,50452,50441,395,395,-441
1523,152281804,152281821,152292091,10287,17,10270,50000,50441,50430,395,395,-430
1524,152381851,152381868,152392088,10237,17,10220,50000,50430,50419,395,395,-419
1525,152481898,152481915,152492075,10177,17,10160,50000,50419,50407,395,395,-407
1526,152581945,152581962,152592074,10129,17,10112,50000,50407,50396,395,395,-396
1527,152681992,152682009,152692067,10075,17,10058,50000,50396,50385,395,395,-385
1528,152782039,152782056,152792077,10038,17,10021,50000,50385,50375,395,395,-375
1529,152882087,152882104,152892074,9987,17,9970,50000,50375,50364,395,395,-364
1530,152982133,152982150,152992068,9935,17,9918,50000,50364,50353,395,395,-353
1531,153082180,153082216,153092079,9899,36,9863,50000,50353,50342,395,395,-342
1532,153182240,153182257,153192073,9833,17,9816,50000,50342,50331,396,396,-331
1533,153282287,153282304,153292076,9789,17,9772,50000,50331,50321,396,396,-321
1534,153382333,153382350,153392047,9714,17,9697,50000,50321,50311,396,396,-311
1535,153482379,153482395,153492080,9701,16,9685,50000,50311,50300,396,396,-300
1536,153582428,153582444,153592074,9646,16,9630,50000,50300,50290,396,396,-290
1537,153682474,153682491,153692077,9603,17,9586,50000,50290,50280,396,396,-280
1538,153782520,153782536,153792080,9560,16,9544,50000,50280,50269,396,396,-269
1539,153882565,153882582,153892080,9515,17,9498,50000,50269,50259,396,396,-259
1540,153982612,153982628,153992073,9461,16,9445,50000,50259,50249,396,396,-249
1541,154082657,154082674,154092075,9418,17,9401,50000,50249,50239,396,396,-239
1542,154182702,154182719,154192072,9370,17,9353,50000,50239,50229,397,397,-229
1543,154282748,154282765,154292071,9323,17,9306,50000,50229,50219,397,397,-219
1544,154382794,154382811,154392083,9289,17,9272,50000,50219,50210,397,397,-210
1545,154482839,154482856,154492076,9237,17,9220,50000,50210,50200,397,397,-200
1546,154582885,154582902,154592077,9192,17,9175,50000,50200,50190,397,397,-190
1547,154682930,154682947,154692070,9140,17,9123,50000,50190,50181,397,397,-181
1548,154782977,154782993,154792075,9098,16,9082,50000,50181,50171,397,397,-171
1549,154883023,154883040,154892084,9061,17,9044,50000,50171,50162,397,397,-162
1550,154983068,154983085,154992071,9003,17,8986,50000,50162,50152,397,397,-152
1551,155083114,155083130,155092070,8956,16,8940,50000,50152,50143,397,397,-143
1552,155183160,155183176,155192077,8917,16,8901,50000,50143,50133,397,397,-133
1553,155283206,155283223,155292072,8866,17,8849,50000,50133,50124,398,398,-124
1554,155383251,155383268,155392070,8819,17,8802,50000,50124,50115,398,398,-115
1555,155483297,155483314,155492076,8779,17,8762,50000,50115,50106,398,398,-106
1556,155583343,155583360,155592078,8735,17,8718,50000,50106,50097,398,398,-97
1557,155683388,155683405,155692070,8682,17,8665,50000,50097,50088,398,398,-88
1558,155783434,155783450,155792071,8637,16,8621,50000,50088,50079,398,398,-79
1559,155883479,155883496,155892075,8596,17,8579,50000,50079,50070,398,398,-70
1560,155983526,155983543,155992071,8545,17,8528,50000,50070,50062,398,398,-62
1561,156083571,156083588,156092071,8500,17,8483,50000,50062,50053,398,398,-53
1562,156183617,156183634,156192080,8463,17,8446,50000,50053,50044,398,398,-44
1563,156283663,156283680,156292074,8411,17,8394,50000,50044,50035,398,398,-35
1564,156383708,156383725,156392074,8366,17,8349,50000,50035,50027,399,399,-27
1565,156483754,156483770,156492068,8314,16,8298,50000,50027,50018,399,399,-18
1566,156583799,156583816,156592078,8279,17,8262,50000,50018,50010,399,399,-10
1567,156683845,156683862,156692073,8228,17,8211,50000,50010,50002,399,399,-2
1568,156783891,156783908,156792070,8179,17,8162,50000,50002,49994,399,399,6
1569,156883936,156883953,156892084,8148,17,8131,50000,49994,49985,399,399,15
1570,156983983,156983999,156992089,8106,16,8090,50000,49985,49977,399,399,23
1571,157084028,157084045,157092086,8058,17,8041,50000,49977,49969,399,399,31
1572,157184074,157184090,157192076,8002,16,7986,50000,49969,49961,400,400,39
1573,157284119,157284136,157292072,7953,17,7936,50000,49961,49953,400,400,47
1574,157384165,157384181,157392069,7904,16,7888,50000,49953,49945,400,400,55
1575,157484210,157484226,157492081,7871,16,7855,50000,49945,49938,400,400,62
1576,157584256,157584273,157592074,7818,17,7801,50000,49938,49930,400,400,70
1577,157684301,157684318,157692075,7774,17,7757,50000,49930,49922,401,401,78
1578,157784347,157784363,157792070,7723,16,7707,50000,49922,49915,401,401,85
1579,157884393,157884409,157892067,7674,16,7658,50000,49915,49908,401,401,92
1580,157984438,157984455,157992077,7639,17,7622,50000,49908,49900,401,401,100
1581,158084484,158084501,158092071,7587,17,7570,50000,49900,49893,402,402,107
1582,158184529,158184546,158192069,7540,17,7523,50000,49893,49886,402,402,114
1583,158284575,158284591,158292078,7503,16,7487,50000,49886,49879,402,402,121
1584,158384620,158384637,158392070,7450,17,7433,50000,49879,49872,402,402,128
1585,158484665,158484682,158492073,7408,17,7391,50000,49872,49865,402,402,135
1586,158584711,158584728,158592074,7363,17,7346,50000,49865,49858,402,402,142
1587,158684756,158684773,158692076,7320,17,7303,50000,49858,49852,403,403,148
1588,158784802,158784819,158792071,7269,17,7252,50000,49852,49845,403,403,155
1589,158884847,158884864,158892070,7223,17,7206,50000,49845,49839,403,403,161
1590,158984893,158984910,158992075,7182,17,7165,50000,49839,49832,403,403,168
1591,159084939,159084956,159092071,7132,17,7115,50000,49832,49826,403,403,174
1592,159184985,159185002,159192070,7085,17,7068,50000,49826,49819,403,403,181
1593,159285049,159285065,159292077,7028,16,7012,50000,49819,49813,404,404,187
1594,159385095,159385112,159392073,6978,17,6961,50000,49813,49807,404,404,193
1595,159485141,159485158,159492072,6931,17,6914,50000,49807,49801,404,404,199
1596,159585186,159585203,159592069,6883,17,6866,50000,49801,49795,404,404,205
1597,159685232,159685248,159692092,6860,16,6844,50000,49795,49789,404,404,211
1598,159785296,159785313,159792088,6792,17,6775,50000,49789,49783,404,404,217
1599,159885342,159885358,159892082,6740,16,6724,50000,49783,49777,405,405,223
1600,159985388,159985405,159993928,8540,17,8523,50000,49777,49771,405,405,229
1601,160085439,160085456,160092036,6597,17,6580,50000,49771,49766,405,405,234
1602,160185484,160185501,160192073,6589,17,6572,50000,49766,49760,405,405,240
1603,160285532,160285549,160292078,6546,17,6529,50000,49760,49754,405,405,246
1604,160385577,160385594,160392074,6497,17,6480,50000,49754,49749,405,405,251
1605,160485623,160485640,160492073,6450,17,6433,50000,49749,49743,405,405,257
1606,160585669,160585686,160592068,6399,17,6382,50000,49743,49738,406,406,262
1607,160685714,160685731,160692082,6368,17,6351,50000,49738,49732,406,406,268
1608,160785760,160785777,160792073,6313,17,6296,50000,49732,49727,406,406,273
1609,160885806,160885823,160892075,6269,17,6252,50000,49727,49722,406,406,278
1610,160985852,160985869,160992067,6215,17,6198,50000,49722,49717,406,406,283
1611,161085898,161085915,161092078,6180,17,6163,50000,49717,49712,406,406,288
1612,161185945,161185961,161192071,6126,16,6110,50000,49712,49706,406,406,294
1613,161285990,161286007,161292070,6080,17,6063,50000,49706,49702,407,407,298
1614,161386036,161386052,161392077,6041,16,6025,50000,49702,49697,407,407,303
1615,161486082,161486099,161492071,5989,17,5972,50000,49697,49692,407,407,308
1616,161586128,161586145,161592069,5941,17,5924,50000,49692,49687,407,407,313
1617,161686174,161686191,161692079,5905,17,5888,50000,49687,49682,407,407,318
1618,161786220,161786237,161792074,5854,17,5837,50000,49682,49677,407,407,323
1619,161886266,161886283,161892074,5808,17,5791,50000,49677,49673,407,407,327
1620,161986312,161986329,161992070,5758,17,5741,50000,49673,49668,407,407,332
1621,162086358,162086375,162092079,5721,17,5704,50000,49668,49664,408,408,336
1622,162186404,162186421,162192072,5668,17,5651,50000,49664,49659,408,408,341
1623,162286450,162286467,162292071,5621,17,5604,50000,49659,49655,408,408,345
1624,162386496,162386513,162392087,5591,17,5574,50000,49655,49650,408,408,350
1625,162486558,162486575,162492093,5535,17,5518,50000,49650,49646,408,408,354
1626,162586604,162586621,162592092,5488,17,5471,50000,49646,49642,408,408,358
1627,162686650,162686667,162692078,5428,17,5411,50000,49642,49637,408,408,363
1628,162786696,162786712,162792073,5377,16,5361,50000,49637,49633,409,409,367
1629,162886742,162886759,162892072,5330,17,5313,50000,49633,49629,409,409,371
1630,162986787,162986804,162992075,5288,17,5271,50000,49629,49625,409,409,375
1631,163086834,163086851,163092071,5237,17,5220,50000,49625,49621,409,409,379
1632,163186880,163186896,163192073,5193,16,5177,50000,49621,49617,409,409,383
1633,163286926,163286943,163292068,5142,17,5125,50000,49617,49613,409,409,387
1634,163386972,163386988,163392079,5107,16,5091,50000,49613,49609,409,409,391
1635,163487018,163487035,163492074,5056,17,5039,50000,49609,49606,409,409,394
1636,163587064,163587080,163592071,5007,16,4991,50000,49606,49602,409,409,398
1637,163687109,163687126,163692073,4964,17,4947,50000,49602,49598,409,409,402
1638,163787155,163787172,163792078,4923,17,4906,50000,49598,49594,410,410,406
1639,163887200,163887217,163892079,4879,17,4862,50000,49594,49591,410,410,409
1640,163987246,163987263,163992068,4822,17,4805,50000,49591,49587,410,410,413
1641,164087291,164087308,164092069,4778,17,4761,50000,49587,49584,410,410,416
1642,164187337,164187354,164192078,4741,17,4724,50000,49584,49580,410,410,420
1643,164287384,164287400,164292072,4688,16,4672,50000,49580,49576,410,410,424
1644,164387428,164387445,164392070,4642,17,4625,50000,49576,49573,410,410,427
1645,164487475,164487492,164492080,4605,17,4588,50000,49573,49569,410,410,431
1646,164587522,164587538,164592073,4551,16,4535,50000,49569,49566,410,410,434
1647,164687568,164687585,164692073,4505,17,4488,50000,49566,49563,410,410,437
1648,164787614,164787631,164792074,4460,17,4443,50000,49563,49559,410,410,441
1649,164887660,164887677,164892070,4410,17,4393,50000,49559,49556,411,411,444
1650,164987706,164987723,164992071,4365,17,4348,50000,49556,49553,411,411,447
1651,165087752,165087769,165092069,4317,17,4300,50000,49553,49550,411,411,450
1652,165187797,165187815,165192097,4300,18,4282,50000,49550,49547,411,411,453
1653,165287864,165287881,165292091,4227,17,4210,50000,49547,49543,411,411,457
1654,165387911,165387928,165392088,4177,17,4160,50000,49543,49540,411,411,460
1655,165487957,165487974,165492075,4118,17,4101,50000,49540,49537,411,411,463
1656,165588002,165588019,165592074,4072,17,4055,50000,49537,49534,411,411,466
1657,165688048,165688065,165692069,4021,17,4004,50000,49534,49531,411,411,469
1658,165788094,165788110,165792077,3983,16,3967,50000,49531,49528,411,411,472
1659,165888140,165888156,165892072,3932,16,3916,50000,49528,49525,411,411,475
1660,165988186,165988202,165992066,3880,16,3864,50000,49525,49522,411,411,478
1661,166088231,166088248,166092077,3846,17,3829,50000,49522,49519,412,412,481
1662,166188278,166188295,166192070,3792,17,3775,50000,49519,49517,412,412,483
1663,166288323,166288340,166292077,3754,17,3737,50000,49517,49514,412,412,486
1664,166388370,166388386,166392069,3699,16,3683,50000,49514,49511,412,412,489
1665,166488415,166488432,166492080,3665,17,3648,50000,49511,49508,412,412,492
1666,166588461,166588478,166592085,3624,17,3607,50000,49508,49506,412,412,494
1667,166688508,166688524,166692072,3564,16,3548,50000,49506,49503,412,412,497
1668,166788553,166788570,166792074,3521,17,3504,50000,49503,49500,412,412,500
1669,166888599,166888616,166892070,3471,17,3454,50000,49500,49498,412,412,502
1670,166988644,166988661,166992079,3435,17,3418,50000,49498,49495,412,412,505
1671,167088691,167088708,167092072,3381,17,3364,50000,49495,49493,412,412,507
1672,167188736,167188753,167192071,3335,17,3318,50000,49493,49490,412,412,510
1673,167288782,167288799,167292074,3292,17,3275,50000,49490,49487,412,412,513
1674,167388828,167388845,167392069,3241,17,3224,50000,49487,49485,413,413,515
1675,167488874,167488891,167492073,3199,17,3182,50000,49485,49483,413,413,517
1676,167588920,167588937,167592070,3150,17,3133,50000,49483,49480,413,413,520
1677,167688966,167688983,167692077,3111,17,3094,50000,49480,49478,413,413,522
1678,167789013,167789029,167792071,3058,16,3042,50000,49478,49476,413,413,524
1679,167889057,167889074,167892090,3033,17,3016,50000,49476,49474,413,413,526
1680,167989120,167989137,167992098,2978,17,2961,50000,49474,49471,413,413,529
1681,168089179,168089195,168092094,2915,16,2899,50000,49471,49469,413,413,531
1682,168189224,168189241,168192084,2860,17,2843,50000,49469,49467,413,413,533
1683,168289269,168289286,168291086,1817,17,1800,50000,49467,49465,413,413,535
1684,168389315,168389332,168391195,1880,17,1863,50000,49465,49462,413,413,538
1685,168489361,168489378,168501359,11998,17,11981,50000,49462,49460,413,413,540
1686,168589407,168589423,168601464,12057,16,12041,50000,49460,49458,413,413,542
1687,168689453,168689470,168701529,12076,17,12059,50000,49458,49456,413,413,544
1688,168789499,168789516,168801085,11586,17,11569,50000,49456,49454,413,413,546
1689,168889545,168889562,168901190,11645,17,11628,50000,49454,49452,413,413,548
1690,168989590,168989607,169001216,11626,17,11609,50000,49452,49449,413,413,551
1691,169089655,169089672,169101269,11614,17,11597,50000,49449,49447,414,414,553
1692,169189703,169189720,169201329,11626,17,11609,50000,49447,49446,414,414,554
1693,169289749,169289766,169301375,11626,17,11609,50000,49446,49443,413,413,557
1694,169389816,169389833,169401432,11616,17,11599,50000,49443,49442,414,414,558
1695,169489863,169489880,169501483,11620,17,11603,50000,49442,49440,414,414,560
1696,169589929,169589946,169601578,11649,17,11632,50000,49440,49438,414,414,562
1697,169689975,169689992,169701609,11634,17,11617,50000,49438,49436,414,414,564
1698,169790040,169790057,169801690,11650,17,11633,50000,49436,49434,414,414,566
1699,169890097,169890114,169901718,11621,17,11604,50000,49434,49432,414,414,568
1700,169990160,169990177,170003920,13760,17,13743,50000,49432,49431,414,414,569
1701,170090210,170090227,170101812,11602,17,11585,50000,49431,49429,414,414,571
1702,170190257,170190274,170201912,11655,17,11638,50000,49429,49427,414,414,573
1703,170290302,170290319,170301938,11636,17,11619,50000,49427,49425,414,414,575
1704,170390367,170390384,170401999,11632,17,11615,50000,49425,49423,414,414,577
1705,170490413,170490429,170502041,11628,16,11612,50000,49423,49422,414,414,578
1706,170590476,170590492,170602072,11596,16,11580,50000,49422,49420,414,414,580
1707,170690524,170690541,170702098,11574,17,11557,50000,49420,49418,414,414,582
1708,170790569,170790586,170802086,11517,17,11500,50000,49418,49416,414,414,584
1709,170890615,170890632,170902092,11477,17,11460,50000,49416,49415,414,414,585
1710,170990661,170990677,171002087,11426,16,11410,50000,49415,49413,414,414,587
1711,171090705,171090722,171102087,11382,17,11365,50000,49413,49411,415,415,589
1712,171190751,171190768,171202069,11318,17,11301,50000,49411,49410,415,415,590
1713,171290796,171290813,171302080,11284,17,11267,50000,49410,49409,415,415,591
1714,171390841,171390858,171402073,11232,17,11215,50000,49409,49407,415,415,593
1715,171490886,171490903,171502073,11187,17,11170,50000,49407,49406,415,415,594
1716,171590932,171590948,171602075,11143,16,11127,50000,49406,49404,415,415,596
1717,171690977,171690994,171702076,11099,17,11082,50000,49404,49403,415,415,597
1718,171791024,171791041,171802069,11045,17,11028,50000,49403,49401,415,415,599
1719,171891071,171891087,171902069,10998,16,10982,50000,49401,49400,415,415,600
1720,171991118,171991135,172002078,10960,17,10943,50000,49400,49399,415,415,601
1721,172091165,172091182,172102072,10907,17,10890,50000,49399,49397,415,415,603
1722,172191212,172191229,172202072,10860,17,10843,50000,49397,49396,415,415,604
1723,172291259,172291275,172302078,10819,16,10803,50000,49396,49395,415,415,605
1724,172391306,172391323,172402072,10766,17,10749,50000,49395,49393,415,415,607
1725,172491353,172491370,172502073,10720,17,10703,50000,49393,49392,415,415,608
1726,172591400,172591416,172602068,10668,16,10652,50000,49392,49390,415,415,610
1727,172691446,172691463,172702091,10645,17,10628,50000,49390,49389,415,415,611
1728,172791511,172791528,172802085,10574,17,10557,50000,49389,49388,415,415,612
1729,172891558,172891574,172902084,10526,16,10510,50000,49388,49386,415,415,614
1730,172991605,172991622,173002075,10470,17,10453,50000,49386,49385,415,415,615
1731,173091652,173091669,173102071,10419,17,10402,50000,49385,49384,415,415,616
1732,173191699,173191715,173202071,10372,16,10356,50000,49384,49382,415,415,618
1733,173291745,173291762,173302080,10335,17,10318,50000,49382,49381,415,415,619
1734,173391792,173391808,173402075,10283,16,10267,50000,49381,49380,415,415,620
1735,173491838,173491855,173502072,10234,17,10217,50000,49380,49378,415,415,622
1736,173591886,173591903,173602072,10186,17,10169,50000,49378,49377,416,416,623
1737,173691933,173691950,173702075,10142,17,10125,50000,49377,49376,415,415,624
1738,173791979,173791996,173802070,10091,17,10074,50000,49376,49375,415,415,625
1739,173892026,173892043,173902071,10045,17,10028,50000,49375,49373,415,415,627
1740,173992074,173992091,174002076,10002,17,9985,50000,49373,49372,416,416,628
1741,174092121,174092138,174102071,9950,17,9933,50000,49372,49371,416,416,629
1742,174192167,174192184,174202071,9904,17,9887,50000,49371,49370,416,416,630
1743,174292229,174292246,174302066,9837,17,9820,50000,49370,49369,416,416,631
1744,174392276,174392293,174402077,9801,17,9784,50000,49369,49368,416,416,632
1745,174492322,174492339,174502071,9749,17,9732,50000,49368,49367,416,416,633
1746,174592369,174592385,174602075,9706,16,9690,50000,49367,49366,416,416,634
1747,174692415,174692431,174702072,9657,16,9641,50000,49366,49365,416,416,635
1748,174792461,174792477,174802075,9614,16,9598,50000,49365,49364,416,416,636
1749,174892507,174892524,174902069,9562,17,9545,50000,49364,49363,416,416,637
1750,174992552,174992568,175002066,9514,16,9498,50000,49363,49362,416,416,638
1751,175092598,175092615,175102078,9480,17,9463,50000,49362,49361,416,416,639
1752,175192644,175192661,175202072,9428,17,9411,50000,49361,49361,416,416,639
1753,175292689,175292706,175302072,9383,17,9366,50000,49361,49360,416,416,640
1754,175392735,175392752,175402087,9352,17,9335,50000,49360,49359,416,416,641
1755,175492798,175492814,175502092,9294,16,9278,50000,49359,49358,416,416,642
1756,175592844,175592860,175602086,9242,16,9226,50000,49358,49357,416,416,643
1757,175692889,175692905,175702076,9187,16,9171,50000,49357,49356,416,416,644
1758,175792934,175792950,175802071,9137,16,9121,50000,49356,49355,416,416,645
1759,175892979,175892995,175902074,9095,16,9079,50000,49355,49354,416,416,646
1760,175993025,175993042,176002078,9053,17,9036,50000,49354,49353,416,416,647
1761,176093071,176093087,176102078,9007,16,8991,50000,49353,49352,416,416,648
1762,176193117,176193133,176202072,8955,16,8939,50000,49352,49351,416,416,649
1763,176293162,176293179,176302071,8909,17,8892,50000,49351,49350,416,416,650
1764,176393208,176393225,176402076,8868,17,8851,50000,49350,49349,416,416,651
1765,176493254,176493271,176502077,8823,17,8806,50000,49349,49348,416,416,652
1766,176593300,176593317,176602068,8768,17,8751,50000,49348,49347,416,416,653
1767,176693345,176693362,176702072,8727,17,8710,50000,49347,49347,416,416,653
1768,176793391,176793408,176802075,8684,17,8667,50000,49347,49346,416,416,654
1769,176893437,176893453,176902074,8637,16,8621,50000,49346,49345,416,416,655
1770,176993482,176993499,177002065,8583,17,8566,50000,49345,49344,416,416,656
1771,177093528,177093545,177102078,8550,17,8533,50000,49344,49343,416,416,657
1772,177193574,177193591,177202071,8497,17,8480,50000,49343,49342,416,416,658
1773,177293619,177293636,177302072,8453,17,8436,50000,49342,49341,416,416,659
1774,177393665,177393682,177402072,8407,17,8390,50000,49341,49340,416,416,660
1775,177493711,177493727,177502075,8364,16,8348,50000,49340,49339,416,416,661
1776,177593757,177593774,177602072,8315,17,8298,50000,49339,49338,416,416,662
1777,177693802,177693819,177702070,8268,17,8251,50000,49338,49338,416,416,662
1778,177793848,177793865,177802078,8230,17,8213,50000,49338,49337,416,416,663
1779,177893894,177893911,177902074,8180,17,8163,50000,49337,49336,417,417,664
1780,177993939,177993956,178002071,8132,17,8115,50000,49336,49336,417,417,664
1781,178093984,178094001,178102069,8085,17,8068,50000,49336,49335,416,416,665
1782,178194030,178194046,178202093,8063,16,8047,50000,49335,49334,417,417,666
1783,178294095,178294111,178302089,7994,16,7978,50000,49334,49334,417,417,666
1784,178394140,178394157,178402087,7947,17,7930,50000,49334,49333,417,417,667
1785,178494186,178494203,178502076,7890,17,7873,50000,49333,49332,417,417,668
1786,178594231,178594248,178602071,7840,17,7823,50000,49332,49332,417,417,668
1787,178694277,178694294,178702074,7797,17,7780,50000,49332,49331,417,417,669
1788,178794323,178794339,178802076,7753,16,7737,50000,49331,49331,417,417,669
1789,178894368,178894384,178902077,7709,16,7693,50000,49331,49330,417,417,670
1790,178994414,178994431,179002068,7654,17,7637,50000,49330,49330,417,417,670
1791,179094460,179094477,179102078,7618,17,7601,50000,49330,49329,417,417,671
1792,179194506,179194523,179202080,7574,17,7557,50000,49329,49328,417,417,672
1793,179294551,179294568,179302074,7523,17,7506,50000,49328,49328,417,417,672
1794,179394596,179394613,179402076,7480,17,7463,50000,49328,49327,417,417,673
1795,179494643,179494660,179502065,7422,17,7405,50000,49327,49327,417,417,673
1796,179594688,179594704,179602075,7387,16,7371,50000,49327,49326,417,417,674
1797,179694734,179694751,179702070,7336,17,7319,50000,49326,49326,417,417,674
1798,179794780,179794797,179802073,7293,17,7276,50000,49326,49325,417,417,675
1799,179894826,179894842,179902075,7249,16,7233,50000,49325,49325,417,417,675
1800,179994872,179994889,180003924,9052,17,9035,50000,49325,49324,417,417,676
