workload,variant,commit,batch,run,write_ns,read_ns,sync_ns,dirty_sync_ns,clean_sync_ns,unmount_ns
sequential,baseline,4cf9505a3,0,0,7901595,11001657,30706,,,
sequential,baseline,4cf9505a3,0,1,7702702,9978848,23775,,,
sequential,baseline,4cf9505a3,0,2,8077742,10848907,21345,,,
sequential,baseline,4cf9505a3,0,3,7006181,10373114,22394,,,
sequential,baseline,4cf9505a3,0,4,7148931,7246145,18841,,,
sequential,baseline,4cf9505a3,0,5,7455561,8520658,21189,,,
sequential,baseline,4cf9505a3,0,6,7461762,9476602,46764,,,
sequential,baseline,4cf9505a3,0,7,7517344,9945301,21990,,,
sequential,baseline,4cf9505a3,0,8,7872100,9958260,28525,,,
sequential,baseline,4cf9505a3,0,9,7365079,10970037,21350,,,
sequential,baseline,4cf9505a3,0,10,7333984,8511492,41577,,,
sequential,baseline,4cf9505a3,0,11,7490724,9296934,20266,,,
sequential,baseline,4cf9505a3,0,12,8880335,9239997,20968,,,
sequential,baseline,4cf9505a3,0,13,7777140,8978078,19777,,,
sequential,baseline,4cf9505a3,0,14,8089997,8757413,20961,,,
sequential,baseline,4cf9505a3,0,15,7936826,10103410,19190,,,
sequential,baseline,4cf9505a3,0,16,7293106,9911571,20768,,,
sequential,baseline,4cf9505a3,0,17,7436781,10063901,23614,,,
sequential,baseline,4cf9505a3,0,18,7157069,7479575,18821,,,
sequential,baseline,4cf9505a3,0,19,7364038,8814152,19012,,,
sequential,implementation,dae8d9499,0,0,6465814,7483464,18618,,,
sequential,implementation,dae8d9499,0,1,7031035,8394059,19245,,,
sequential,implementation,dae8d9499,0,2,7037467,7592465,28721,,,
sequential,implementation,dae8d9499,0,3,6407900,7984395,18299,,,
sequential,implementation,dae8d9499,0,4,6664600,8679390,19016,,,
sequential,implementation,dae8d9499,0,5,7376028,9426408,19215,,,
sequential,implementation,dae8d9499,0,6,7595262,8971264,20252,,,
sequential,implementation,dae8d9499,0,7,7615215,9212788,19676,,,
sequential,implementation,dae8d9499,0,8,8286742,9482372,20197,,,
sequential,implementation,dae8d9499,0,9,7845503,9307944,68590,,,
sequential,implementation,dae8d9499,0,10,7199118,7544666,20219,,,
sequential,implementation,dae8d9499,0,11,6696755,7528214,18770,,,
sequential,implementation,dae8d9499,0,12,6566573,8194293,18319,,,
sequential,implementation,dae8d9499,0,13,6968465,8812490,21286,,,
sequential,implementation,dae8d9499,0,14,7215149,7326034,19743,,,
sequential,implementation,dae8d9499,0,15,7101501,9752854,35935,,,
sequential,implementation,dae8d9499,0,16,6460701,7887208,20326,,,
sequential,implementation,dae8d9499,0,17,6840049,8113002,19965,,,
sequential,implementation,dae8d9499,0,18,7428433,7821770,19055,,,
sequential,implementation,dae8d9499,0,19,7774809,8638470,18852,,,
sync-cycle,baseline,4cf9505a3,0,0,,,,7623,239,5435
sync-cycle,baseline,4cf9505a3,0,1,,,,7884,208,5435
sync-cycle,baseline,4cf9505a3,0,2,,,,9677,281,6252
sync-cycle,baseline,4cf9505a3,0,3,,,,8619,230,6258
sync-cycle,baseline,4cf9505a3,0,4,,,,13866,409,9183
sync-cycle,baseline,4cf9505a3,0,5,,,,8548,225,5649
sync-cycle,baseline,4cf9505a3,0,6,,,,9017,256,6256
sync-cycle,baseline,4cf9505a3,0,7,,,,8568,218,6019
sync-cycle,baseline,4cf9505a3,0,8,,,,9528,303,6593
sync-cycle,baseline,4cf9505a3,0,9,,,,9449,279,5772
sync-cycle,baseline,4cf9505a3,0,10,,,,8939,218,5634
sync-cycle,baseline,4cf9505a3,0,11,,,,8138,189,5624
sync-cycle,baseline,4cf9505a3,0,12,,,,7788,230,5623
sync-cycle,baseline,4cf9505a3,0,13,,,,9433,211,6643
sync-cycle,baseline,4cf9505a3,0,14,,,,8745,258,5943
sync-cycle,baseline,4cf9505a3,0,15,,,,9585,247,6503
sync-cycle,baseline,4cf9505a3,0,16,,,,11964,274,7307
sync-cycle,baseline,4cf9505a3,0,17,,,,12125,204,7741
sync-cycle,baseline,4cf9505a3,0,18,,,,13357,242,10873
sync-cycle,baseline,4cf9505a3,0,19,,,,13536,297,8872
sync-cycle,implementation,dae8d9499,0,0,,,,8600,198,5752
sync-cycle,implementation,dae8d9499,0,1,,,,9646,202,6617
sync-cycle,implementation,dae8d9499,0,2,,,,8748,196,5998
sync-cycle,implementation,dae8d9499,0,3,,,,8972,192,5804
sync-cycle,implementation,dae8d9499,0,4,,,,7652,187,5574
sync-cycle,implementation,dae8d9499,0,5,,,,7998,183,5159
sync-cycle,implementation,dae8d9499,0,6,,,,7738,174,5324
sync-cycle,implementation,dae8d9499,0,7,,,,7771,191,5390
sync-cycle,implementation,dae8d9499,0,8,,,,7750,184,5369
sync-cycle,implementation,dae8d9499,0,9,,,,7719,177,5303
sync-cycle,implementation,dae8d9499,0,10,,,,8324,205,5863
sync-cycle,implementation,dae8d9499,0,11,,,,9831,325,6659
sync-cycle,implementation,dae8d9499,0,12,,,,13163,399,9128
sync-cycle,implementation,dae8d9499,0,13,,,,11472,398,8007
sync-cycle,implementation,dae8d9499,0,14,,,,11408,348,7940
sync-cycle,implementation,dae8d9499,0,15,,,,11217,463,8269
sync-cycle,implementation,dae8d9499,0,16,,,,11014,422,5547
sync-cycle,implementation,dae8d9499,0,17,,,,8295,287,5641
sync-cycle,implementation,dae8d9499,0,18,,,,11011,367,8005
sync-cycle,implementation,dae8d9499,0,19,,,,11108,370,7998
sequential,implementation,dae8d9499,1,0,7065848,6905851,17954,,,
sequential,implementation,dae8d9499,1,1,7135917,7309381,21294,,,
sequential,implementation,dae8d9499,1,2,7162006,6948030,18074,,,
sequential,implementation,dae8d9499,1,3,7069917,6752582,18260,,,
sequential,implementation,dae8d9499,1,4,7037698,6830681,23378,,,
sequential,implementation,dae8d9499,1,5,6957963,6834535,23641,,,
sequential,implementation,dae8d9499,1,6,7023312,6769100,17778,,,
sequential,implementation,dae8d9499,1,7,7056442,6978631,22946,,,
sequential,implementation,dae8d9499,1,8,7410029,7069168,17071,,,
sequential,implementation,dae8d9499,1,9,7487837,6939938,23101,,,
sequential,implementation,dae8d9499,1,10,7714563,6871605,18547,,,
sequential,implementation,dae8d9499,1,11,7709976,6902617,17641,,,
sequential,implementation,dae8d9499,1,12,6437220,6060399,18234,,,
sequential,implementation,dae8d9499,1,13,6158785,6358532,17961,,,
sequential,implementation,dae8d9499,1,14,7026418,6952248,22773,,,
sequential,implementation,dae8d9499,1,15,7753361,8404679,20883,,,
sequential,implementation,dae8d9499,1,16,7980483,8157797,64286,,,
sequential,implementation,dae8d9499,1,17,7631610,7535119,18348,,,
sequential,implementation,dae8d9499,1,18,7387322,7213607,22920,,,
sequential,implementation,dae8d9499,1,19,7393506,6859746,22612,,,
sequential,baseline,4cf9505a3,1,0,7001747,6697430,23187,,,
sequential,baseline,4cf9505a3,1,1,7070198,6730414,21215,,,
sequential,baseline,4cf9505a3,1,2,6876373,6635746,17706,,,
sequential,baseline,4cf9505a3,1,3,6827234,6797372,23930,,,
sequential,baseline,4cf9505a3,1,4,6488587,6378502,20021,,,
sequential,baseline,4cf9505a3,1,5,6475998,6325272,16874,,,
sequential,baseline,4cf9505a3,1,6,6340841,6274719,17621,,,
sequential,baseline,4cf9505a3,1,7,6267505,6332634,18576,,,
sequential,baseline,4cf9505a3,1,8,6243097,6172560,17609,,,
sequential,baseline,4cf9505a3,1,9,6338712,6060197,17860,,,
sequential,baseline,4cf9505a3,1,10,6262639,6078192,19136,,,
sequential,baseline,4cf9505a3,1,11,6258365,6054117,16830,,,
sequential,baseline,4cf9505a3,1,12,6180454,5997069,16999,,,
sequential,baseline,4cf9505a3,1,13,6216383,6007473,16433,,,
sequential,baseline,4cf9505a3,1,14,6204759,6046388,17680,,,
sequential,baseline,4cf9505a3,1,15,6148862,6024455,17340,,,
sequential,baseline,4cf9505a3,1,16,6285467,6017894,16858,,,
sequential,baseline,4cf9505a3,1,17,6170495,6013132,16335,,,
sequential,baseline,4cf9505a3,1,18,6453230,6297923,17647,,,
sequential,baseline,4cf9505a3,1,19,6917826,6865098,24653,,,
sync-cycle,implementation,dae8d9499,1,0,,,,10718,387,7352
sync-cycle,implementation,dae8d9499,1,1,,,,8354,309,5564
sync-cycle,implementation,dae8d9499,1,2,,,,8331,275,5535
sync-cycle,implementation,dae8d9499,1,3,,,,8896,276,6264
sync-cycle,implementation,dae8d9499,1,4,,,,9342,309,5756
sync-cycle,implementation,dae8d9499,1,5,,,,8456,300,5369
sync-cycle,implementation,dae8d9499,1,6,,,,10743,439,7606
sync-cycle,implementation,dae8d9499,1,7,,,,9313,328,5531
sync-cycle,implementation,dae8d9499,1,8,,,,8328,325,5594
sync-cycle,implementation,dae8d9499,1,9,,,,8326,317,5655
sync-cycle,implementation,dae8d9499,1,10,,,,11061,520,7347
sync-cycle,implementation,dae8d9499,1,11,,,,10171,492,7432
sync-cycle,implementation,dae8d9499,1,12,,,,8271,295,11815
sync-cycle,implementation,dae8d9499,1,13,,,,8188,282,5357
sync-cycle,implementation,dae8d9499,1,14,,,,8176,309,5763
sync-cycle,implementation,dae8d9499,1,15,,,,10591,383,7461
sync-cycle,implementation,dae8d9499,1,16,,,,11223,343,7301
sync-cycle,implementation,dae8d9499,1,17,,,,10327,422,7506
sync-cycle,implementation,dae8d9499,1,18,,,,10357,321,7366
sync-cycle,implementation,dae8d9499,1,19,,,,9042,287,5495
sync-cycle,baseline,4cf9505a3,1,0,,,,8234,222,5963
sync-cycle,baseline,4cf9505a3,1,1,,,,29012,291,23783
sync-cycle,baseline,4cf9505a3,1,2,,,,14675,485,10347
sync-cycle,baseline,4cf9505a3,1,3,,,,12180,263,10278
sync-cycle,baseline,4cf9505a3,1,4,,,,14909,491,12308
sync-cycle,baseline,4cf9505a3,1,5,,,,13526,513,9351
sync-cycle,baseline,4cf9505a3,1,6,,,,11182,276,7412
sync-cycle,baseline,4cf9505a3,1,7,,,,16020,495,9871
sync-cycle,baseline,4cf9505a3,1,8,,,,11339,266,7588
sync-cycle,baseline,4cf9505a3,1,9,,,,15436,396,6528
sync-cycle,baseline,4cf9505a3,1,10,,,,10824,258,9528
sync-cycle,baseline,4cf9505a3,1,11,,,,12271,309,6929
sync-cycle,baseline,4cf9505a3,1,12,,,,11752,299,8361
sync-cycle,baseline,4cf9505a3,1,13,,,,12341,393,8764
sync-cycle,baseline,4cf9505a3,1,14,,,,11126,393,7481
sync-cycle,baseline,4cf9505a3,1,15,,,,11108,369,7827
sync-cycle,baseline,4cf9505a3,1,16,,,,9001,251,5667
sync-cycle,baseline,4cf9505a3,1,17,,,,11420,456,7990
sync-cycle,baseline,4cf9505a3,1,18,,,,11542,381,7915
sync-cycle,baseline,4cf9505a3,1,19,,,,11097,427,7784
sequential,baseline,4cf9505a3,2,0,7273245,8127544,25337,,,
sequential,baseline,4cf9505a3,2,1,7524498,7113031,18426,,,
sequential,baseline,4cf9505a3,2,2,7656321,7609585,25389,,,
sequential,baseline,4cf9505a3,2,3,6672334,7180444,19103,,,
sequential,baseline,4cf9505a3,2,4,7279651,7013488,19767,,,
sequential,baseline,4cf9505a3,2,5,7189975,6985324,24565,,,
sequential,baseline,4cf9505a3,2,6,7182501,7176566,22047,,,
sequential,baseline,4cf9505a3,2,7,7128386,7510777,25199,,,
sequential,baseline,4cf9505a3,2,8,7205052,6948315,18371,,,
sequential,baseline,4cf9505a3,2,9,7069671,7557270,18917,,,
sequential,baseline,4cf9505a3,2,10,6807758,7202820,22107,,,
sequential,baseline,4cf9505a3,2,11,6712333,8542413,20445,,,
sequential,baseline,4cf9505a3,2,12,6709175,8450604,23266,,,
sequential,baseline,4cf9505a3,2,13,6615256,9820350,23113,,,
sequential,baseline,4cf9505a3,2,14,7548825,9406029,22947,,,
sequential,baseline,4cf9505a3,2,15,7582829,9550394,26607,,,
sequential,baseline,4cf9505a3,2,16,7485604,9402643,22270,,,
sequential,baseline,4cf9505a3,2,17,7028024,7764979,18322,,,
sequential,baseline,4cf9505a3,2,18,7102444,6674661,20257,,,
sequential,baseline,4cf9505a3,2,19,6619586,6180367,19417,,,
sequential,implementation,dae8d9499,2,0,6591901,6520992,18783,,,
sequential,implementation,dae8d9499,2,1,6386599,6409962,19524,,,
sequential,implementation,dae8d9499,2,2,8176415,6604347,18983,,,
sequential,implementation,dae8d9499,2,3,6804868,6304302,19121,,,
sequential,implementation,dae8d9499,2,4,6757622,6443310,19004,,,
sequential,implementation,dae8d9499,2,5,6287176,6195671,18318,,,
sequential,implementation,dae8d9499,2,6,6710525,6210481,18248,,,
sequential,implementation,dae8d9499,2,7,6566335,6196338,21113,,,
sequential,implementation,dae8d9499,2,8,6544719,6509134,18918,,,
sequential,implementation,dae8d9499,2,9,6391682,6233697,19392,,,
sequential,implementation,dae8d9499,2,10,6685665,6431573,19726,,,
sequential,implementation,dae8d9499,2,11,6602657,6616359,19067,,,
sequential,implementation,dae8d9499,2,12,6754104,6701981,20076,,,
sequential,implementation,dae8d9499,2,13,6421618,6470782,20578,,,
sequential,implementation,dae8d9499,2,14,6620598,6736941,22505,,,
sequential,implementation,dae8d9499,2,15,6290431,6192305,19159,,,
sequential,implementation,dae8d9499,2,16,6423999,6490664,20517,,,
sequential,implementation,dae8d9499,2,17,6431432,6227376,16745,,,
sequential,implementation,dae8d9499,2,18,7126851,7033977,34733,,,
sequential,implementation,dae8d9499,2,19,7257042,8091296,18918,,,
sync-cycle,baseline,4cf9505a3,2,0,,,,7518,204,5557
sync-cycle,baseline,4cf9505a3,2,1,,,,8937,228,6569
sync-cycle,baseline,4cf9505a3,2,2,,,,8099,203,5683
sync-cycle,baseline,4cf9505a3,2,3,,,,8488,250,6258
sync-cycle,baseline,4cf9505a3,2,4,,,,8718,289,5823
sync-cycle,baseline,4cf9505a3,2,5,,,,7726,216,5386
sync-cycle,baseline,4cf9505a3,2,6,,,,8252,198,5502
sync-cycle,baseline,4cf9505a3,2,7,,,,7789,176,5399
sync-cycle,baseline,4cf9505a3,2,8,,,,7624,173,5329
sync-cycle,baseline,4cf9505a3,2,9,,,,7766,195,5220
sync-cycle,baseline,4cf9505a3,2,10,,,,8634,190,5519
sync-cycle,baseline,4cf9505a3,2,11,,,,8310,211,5749
sync-cycle,baseline,4cf9505a3,2,12,,,,9466,201,6314
sync-cycle,baseline,4cf9505a3,2,13,,,,8852,264,5830
sync-cycle,baseline,4cf9505a3,2,14,,,,8700,207,5986
sync-cycle,baseline,4cf9505a3,2,15,,,,8567,228,5795
sync-cycle,baseline,4cf9505a3,2,16,,,,8687,199,5666
sync-cycle,baseline,4cf9505a3,2,17,,,,7824,162,5493
sync-cycle,baseline,4cf9505a3,2,18,,,,7646,175,5673
sync-cycle,baseline,4cf9505a3,2,19,,,,8938,218,6093
sync-cycle,implementation,dae8d9499,2,0,,,,8227,277,5772
sync-cycle,implementation,dae8d9499,2,1,,,,8296,233,6085
sync-cycle,implementation,dae8d9499,2,2,,,,8769,204,5989
sync-cycle,implementation,dae8d9499,2,3,,,,8499,221,5654
sync-cycle,implementation,dae8d9499,2,4,,,,8323,222,5842
sync-cycle,implementation,dae8d9499,2,5,,,,8829,212,6239
sync-cycle,implementation,dae8d9499,2,6,,,,8724,227,5862
sync-cycle,implementation,dae8d9499,2,7,,,,7795,295,5419
sync-cycle,implementation,dae8d9499,2,8,,,,8592,235,5912
sync-cycle,implementation,dae8d9499,2,9,,,,8273,240,5612
sync-cycle,implementation,dae8d9499,2,10,,,,8517,248,5805
sync-cycle,implementation,dae8d9499,2,11,,,,8808,198,5903
sync-cycle,implementation,dae8d9499,2,12,,,,8485,222,6280
sync-cycle,implementation,dae8d9499,2,13,,,,9047,243,6017
sync-cycle,implementation,dae8d9499,2,14,,,,10228,277,7013
sync-cycle,implementation,dae8d9499,2,15,,,,10829,266,7708
sync-cycle,implementation,dae8d9499,2,16,,,,10196,274,6515
sync-cycle,implementation,dae8d9499,2,17,,,,10046,261,8267
sync-cycle,implementation,dae8d9499,2,18,,,,8654,263,6076
sync-cycle,implementation,dae8d9499,2,19,,,,8882,235,5917
sequential,implementation,dae8d9499,3,0,6406978,6676665,17638,,,
sequential,implementation,dae8d9499,3,1,6505569,6634938,17760,,,
sequential,implementation,dae8d9499,3,2,6597582,6714266,18488,,,
sequential,implementation,dae8d9499,3,3,6285153,6712729,20257,,,
sequential,implementation,dae8d9499,3,4,6526469,7022945,18445,,,
sequential,implementation,dae8d9499,3,5,6431066,6554913,19422,,,
sequential,implementation,dae8d9499,3,6,6401465,6721218,19795,,,
sequential,implementation,dae8d9499,3,7,6588483,6261117,20430,,,
sequential,implementation,dae8d9499,3,8,6465731,6768148,19416,,,
sequential,implementation,dae8d9499,3,9,6362695,6354098,20907,,,
sequential,implementation,dae8d9499,3,10,6328728,6635614,19227,,,
sequential,implementation,dae8d9499,3,11,6637790,6525440,21082,,,
sequential,implementation,dae8d9499,3,12,7138672,8230493,20478,,,
sequential,implementation,dae8d9499,3,13,6394854,9262166,20919,,,
sequential,implementation,dae8d9499,3,14,6414133,9139954,21826,,,
sequential,implementation,dae8d9499,3,15,7204918,8389274,20611,,,
sequential,implementation,dae8d9499,3,16,6974393,7703490,20039,,,
sequential,implementation,dae8d9499,3,17,6853155,8431082,19640,,,
sequential,implementation,dae8d9499,3,18,6811468,7424958,18970,,,
sequential,implementation,dae8d9499,3,19,6663589,6723513,18769,,,
sequential,baseline,4cf9505a3,3,0,7460666,7322713,18846,,,
sequential,baseline,4cf9505a3,3,1,6477485,7097689,40066,,,
sequential,baseline,4cf9505a3,3,2,6505691,7078369,18767,,,
sequential,baseline,4cf9505a3,3,3,7118756,6364296,18086,,,
sequential,baseline,4cf9505a3,3,4,6629906,6908787,18660,,,
sequential,baseline,4cf9505a3,3,5,6353670,6540342,19779,,,
sequential,baseline,4cf9505a3,3,6,6466933,6666211,19797,,,
sequential,baseline,4cf9505a3,3,7,6417982,6578080,19740,,,
sequential,baseline,4cf9505a3,3,8,6736701,6477279,19116,,,
sequential,baseline,4cf9505a3,3,9,6866657,6777889,23846,,,
sequential,baseline,4cf9505a3,3,10,6646774,6169542,20528,,,
sequential,baseline,4cf9505a3,3,11,6509916,6598993,18509,,,
sequential,baseline,4cf9505a3,3,12,6322551,6172098,19171,,,
sequential,baseline,4cf9505a3,3,13,6450058,6789427,20049,,,
sequential,baseline,4cf9505a3,3,14,6367205,6522188,18828,,,
sequential,baseline,4cf9505a3,3,15,6397220,6493891,18739,,,
sequential,baseline,4cf9505a3,3,16,6417858,6575005,18942,,,
sequential,baseline,4cf9505a3,3,17,6419486,6612021,19414,,,
sequential,baseline,4cf9505a3,3,18,6578372,6523101,19115,,,
sequential,baseline,4cf9505a3,3,19,6363794,6566098,18024,,,
sync-cycle,implementation,dae8d9499,3,0,,,,8697,223,6124
sync-cycle,implementation,dae8d9499,3,1,,,,7934,243,5699
sync-cycle,implementation,dae8d9499,3,2,,,,8741,218,5672
sync-cycle,implementation,dae8d9499,3,3,,,,10965,323,6891
sync-cycle,implementation,dae8d9499,3,4,,,,11219,322,8652
sync-cycle,implementation,dae8d9499,3,5,,,,12229,472,8097
sync-cycle,implementation,dae8d9499,3,6,,,,11846,324,7111
sync-cycle,implementation,dae8d9499,3,7,,,,11783,303,8372
sync-cycle,implementation,dae8d9499,3,8,,,,10337,340,7191
sync-cycle,implementation,dae8d9499,3,9,,,,8840,210,5613
sync-cycle,implementation,dae8d9499,3,10,,,,8887,233,5984
sync-cycle,implementation,dae8d9499,3,11,,,,8504,275,6467
sync-cycle,implementation,dae8d9499,3,12,,,,8329,240,6225
sync-cycle,implementation,dae8d9499,3,13,,,,8576,227,5692
sync-cycle,implementation,dae8d9499,3,14,,,,8528,246,5944
sync-cycle,implementation,dae8d9499,3,15,,,,7962,235,5650
sync-cycle,implementation,dae8d9499,3,16,,,,8302,206,5799
sync-cycle,implementation,dae8d9499,3,17,,,,8473,216,5971
sync-cycle,implementation,dae8d9499,3,18,,,,7798,211,5460
sync-cycle,implementation,dae8d9499,3,19,,,,7750,225,5362
sync-cycle,baseline,4cf9505a3,3,0,,,,8503,207,6010
sync-cycle,baseline,4cf9505a3,3,1,,,,7752,187,5565
sync-cycle,baseline,4cf9505a3,3,2,,,,8647,222,5731
sync-cycle,baseline,4cf9505a3,3,3,,,,8804,210,5986
sync-cycle,baseline,4cf9505a3,3,4,,,,8520,220,6057
sync-cycle,baseline,4cf9505a3,3,5,,,,8437,270,5834
sync-cycle,baseline,4cf9505a3,3,6,,,,8173,261,5743
sync-cycle,baseline,4cf9505a3,3,7,,,,8351,277,6422
sync-cycle,baseline,4cf9505a3,3,8,,,,8030,204,5703
sync-cycle,baseline,4cf9505a3,3,9,,,,7596,251,5651
sync-cycle,baseline,4cf9505a3,3,10,,,,7884,197,5540
sync-cycle,baseline,4cf9505a3,3,11,,,,8910,307,6291
sync-cycle,baseline,4cf9505a3,3,12,,,,7862,271,5886
sync-cycle,baseline,4cf9505a3,3,13,,,,7912,289,5753
sync-cycle,baseline,4cf9505a3,3,14,,,,8558,269,5843
sync-cycle,baseline,4cf9505a3,3,15,,,,8879,223,5990
sync-cycle,baseline,4cf9505a3,3,16,,,,7835,301,5692
sync-cycle,baseline,4cf9505a3,3,17,,,,8389,259,5968
sync-cycle,baseline,4cf9505a3,3,18,,,,8457,234,5775
sync-cycle,baseline,4cf9505a3,3,19,,,,8520,259,5672
sequential,baseline,4cf9505a3,4,0,7587445,7753470,18967,,,
sequential,baseline,4cf9505a3,4,1,7927341,8403985,18304,,,
sequential,baseline,4cf9505a3,4,2,6530574,6789416,18836,,,
sequential,baseline,4cf9505a3,4,3,6434026,6234161,18461,,,
sequential,baseline,4cf9505a3,4,4,6304745,6830655,18485,,,
sequential,baseline,4cf9505a3,4,5,6298448,6485908,18841,,,
sequential,baseline,4cf9505a3,4,6,6289312,6517452,18552,,,
sequential,baseline,4cf9505a3,4,7,6268627,6455618,18407,,,
sequential,baseline,4cf9505a3,4,8,6274848,6464791,18422,,,
sequential,baseline,4cf9505a3,4,9,6472631,6389158,18124,,,
sequential,baseline,4cf9505a3,4,10,6378266,6849999,18356,,,
sequential,baseline,4cf9505a3,4,11,6463615,7556902,26609,,,
sequential,baseline,4cf9505a3,4,12,7252330,8087653,20497,,,
sequential,baseline,4cf9505a3,4,13,7357153,8016776,21927,,,
sequential,baseline,4cf9505a3,4,14,8108252,8999609,25100,,,
sequential,baseline,4cf9505a3,4,15,7138463,9005912,26608,,,
sequential,baseline,4cf9505a3,4,16,7513785,9271911,21710,,,
sequential,baseline,4cf9505a3,4,17,7879330,8418759,25458,,,
sequential,baseline,4cf9505a3,4,18,8411462,9054488,24517,,,
sequential,baseline,4cf9505a3,4,19,7459913,7578809,18020,,,
sequential,implementation,dae8d9499,4,0,7177358,6815188,17825,,,
sequential,implementation,dae8d9499,4,1,7909704,8483740,21827,,,
sequential,implementation,dae8d9499,4,2,7471455,9022555,26053,,,
sequential,implementation,dae8d9499,4,3,7895650,8539050,24836,,,
sequential,implementation,dae8d9499,4,4,7214438,7662676,19042,,,
sequential,implementation,dae8d9499,4,5,7028719,6928475,17764,,,
sequential,implementation,dae8d9499,4,6,7045133,7218015,21297,,,
sequential,implementation,dae8d9499,4,7,7132530,7929926,25567,,,
sequential,implementation,dae8d9499,4,8,7683146,10349745,26778,,,
sequential,implementation,dae8d9499,4,9,7773591,9260237,26427,,,
sequential,implementation,dae8d9499,4,10,7421008,10002414,25482,,,
sequential,implementation,dae8d9499,4,11,7744897,9753486,20376,,,
sequential,implementation,dae8d9499,4,12,7521079,8011387,24239,,,
sequential,implementation,dae8d9499,4,13,7474503,7848617,25328,,,
sequential,implementation,dae8d9499,4,14,6674051,6851733,18408,,,
sequential,implementation,dae8d9499,4,15,7244065,7276547,22196,,,
sequential,implementation,dae8d9499,4,16,6911799,7292844,21362,,,
sequential,implementation,dae8d9499,4,17,7123691,6725501,18764,,,
sequential,implementation,dae8d9499,4,18,6356076,6177823,19576,,,
sequential,implementation,dae8d9499,4,19,6415011,6252407,19417,,,
sync-cycle,baseline,4cf9505a3,4,0,,,,7477,201,5434
sync-cycle,baseline,4cf9505a3,4,1,,,,7983,298,5550
sync-cycle,baseline,4cf9505a3,4,2,,,,8017,205,5794
sync-cycle,baseline,4cf9505a3,4,3,,,,7891,282,5295
sync-cycle,baseline,4cf9505a3,4,4,,,,8265,274,5874
sync-cycle,baseline,4cf9505a3,4,5,,,,8116,264,5690
sync-cycle,baseline,4cf9505a3,4,6,,,,8612,264,5438
sync-cycle,baseline,4cf9505a3,4,7,,,,9044,245,6253
sync-cycle,baseline,4cf9505a3,4,8,,,,11594,459,6752
sync-cycle,baseline,4cf9505a3,4,9,,,,11441,321,9328
sync-cycle,baseline,4cf9505a3,4,10,,,,13265,389,7149
sync-cycle,baseline,4cf9505a3,4,11,,,,10838,417,8074
sync-cycle,baseline,4cf9505a3,4,12,,,,8434,273,5836
sync-cycle,baseline,4cf9505a3,4,13,,,,8515,268,5762
sync-cycle,baseline,4cf9505a3,4,14,,,,10222,282,7172
sync-cycle,baseline,4cf9505a3,4,15,,,,26174,395,9007
sync-cycle,baseline,4cf9505a3,4,16,,,,9970,292,6658
sync-cycle,baseline,4cf9505a3,4,17,,,,11765,319,7553
sync-cycle,baseline,4cf9505a3,4,18,,,,11541,279,7639
sync-cycle,baseline,4cf9505a3,4,19,,,,17211,429,12638
sync-cycle,implementation,dae8d9499,4,0,,,,9351,246,6915
sync-cycle,implementation,dae8d9499,4,1,,,,11758,243,7167
sync-cycle,implementation,dae8d9499,4,2,,,,11325,252,7334
sync-cycle,implementation,dae8d9499,4,3,,,,8781,247,5708
sync-cycle,implementation,dae8d9499,4,4,,,,9156,237,6126
sync-cycle,implementation,dae8d9499,4,5,,,,11434,284,7405
sync-cycle,implementation,dae8d9499,4,6,,,,9695,227,6558
sync-cycle,implementation,dae8d9499,4,7,,,,9037,205,6261
sync-cycle,implementation,dae8d9499,4,8,,,,13131,298,9608
sync-cycle,implementation,dae8d9499,4,9,,,,12981,300,8142
sync-cycle,implementation,dae8d9499,4,10,,,,12200,327,7645
sync-cycle,implementation,dae8d9499,4,11,,,,10542,169,7517
sync-cycle,implementation,dae8d9499,4,12,,,,13271,253,8933
sync-cycle,implementation,dae8d9499,4,13,,,,13810,276,8408
sync-cycle,implementation,dae8d9499,4,14,,,,12612,308,7834
sync-cycle,implementation,dae8d9499,4,15,,,,10022,277,9936
sync-cycle,implementation,dae8d9499,4,16,,,,12405,312,8099
sync-cycle,implementation,dae8d9499,4,17,,,,10672,264,7389
sync-cycle,implementation,dae8d9499,4,18,,,,10629,244,7021
sync-cycle,implementation,dae8d9499,4,19,,,,10998,276,7017
sequential,implementation,dae8d9499,5,0,8052938,8924166,24074,,,
sequential,implementation,dae8d9499,5,1,9417135,11099855,21911,,,
sequential,implementation,dae8d9499,5,2,7013587,10232177,24884,,,
sequential,implementation,dae8d9499,5,3,7435903,11708640,26555,,,
sequential,implementation,dae8d9499,5,4,7727173,8871609,20828,,,
sequential,implementation,dae8d9499,5,5,7548998,13070501,32466,,,
sequential,implementation,dae8d9499,5,6,9274846,11452593,31572,,,
sequential,implementation,dae8d9499,5,7,6915788,7435873,20366,,,
sequential,implementation,dae8d9499,5,8,7531630,11756971,53499,,,
sequential,implementation,dae8d9499,5,9,9411749,9523756,23487,,,
sequential,implementation,dae8d9499,5,10,8649843,11635177,24594,,,
sequential,implementation,dae8d9499,5,11,7851033,7745897,18923,,,
sequential,implementation,dae8d9499,5,12,7017161,10689136,20514,,,
sequential,implementation,dae8d9499,5,13,7030332,8779169,20305,,,
sequential,implementation,dae8d9499,5,14,7286634,9545560,21425,,,
sequential,implementation,dae8d9499,5,15,7534827,8695406,22326,,,
sequential,implementation,dae8d9499,5,16,7205152,7922165,22214,,,
sequential,implementation,dae8d9499,5,17,7599601,8504453,20812,,,
sequential,implementation,dae8d9499,5,18,7666197,12768367,26668,,,
sequential,implementation,dae8d9499,5,19,6745016,8729723,21470,,,
sequential,baseline,4cf9505a3,5,0,6988992,8202988,19997,,,
sequential,baseline,4cf9505a3,5,1,7857117,9512457,20905,,,
sequential,baseline,4cf9505a3,5,2,7986106,9957318,21249,,,
sequential,baseline,4cf9505a3,5,3,7329926,8902398,20352,,,
sequential,baseline,4cf9505a3,5,4,7172581,8183641,19378,,,
sequential,baseline,4cf9505a3,5,5,6810238,9492634,21984,,,
sequential,baseline,4cf9505a3,5,6,7190502,9551273,25027,,,
sequential,baseline,4cf9505a3,5,7,7354082,8860992,20928,,,
sequential,baseline,4cf9505a3,5,8,7184371,9274982,26322,,,
sequential,baseline,4cf9505a3,5,9,8244866,10201423,25920,,,
sequential,baseline,4cf9505a3,5,10,8398343,10774425,21079,,,
sequential,baseline,4cf9505a3,5,11,7371082,7578944,19396,,,
sequential,baseline,4cf9505a3,5,12,6939750,6747294,19698,,,
sequential,baseline,4cf9505a3,5,13,6361074,7192864,19745,,,
sequential,baseline,4cf9505a3,5,14,6503484,7003179,18741,,,
sequential,baseline,4cf9505a3,5,15,6561967,8740917,21693,,,
sequential,baseline,4cf9505a3,5,16,7323045,7987045,19419,,,
sequential,baseline,4cf9505a3,5,17,6983374,7772634,18583,,,
sequential,baseline,4cf9505a3,5,18,7493747,9006732,27956,,,
sequential,baseline,4cf9505a3,5,19,7932875,8315394,22235,,,
sync-cycle,implementation,dae8d9499,5,0,,,,8688,253,8216
sync-cycle,implementation,dae8d9499,5,1,,,,8881,265,5998
sync-cycle,implementation,dae8d9499,5,2,,,,8622,278,5936
sync-cycle,implementation,dae8d9499,5,3,,,,8971,257,5895
sync-cycle,implementation,dae8d9499,5,4,,,,11153,467,8234
sync-cycle,implementation,dae8d9499,5,5,,,,8553,293,5647
sync-cycle,implementation,dae8d9499,5,6,,,,9771,306,6173
sync-cycle,implementation,dae8d9499,5,7,,,,9901,297,7222
sync-cycle,implementation,dae8d9499,5,8,,,,12230,277,7695
sync-cycle,implementation,dae8d9499,5,9,,,,16589,402,11692
sync-cycle,implementation,dae8d9499,5,10,,,,17100,464,11302
sync-cycle,implementation,dae8d9499,5,11,,,,11217,252,6902
sync-cycle,implementation,dae8d9499,5,12,,,,32059,327,22534
sync-cycle,implementation,dae8d9499,5,13,,,,9098,240,6237
sync-cycle,implementation,dae8d9499,5,14,,,,9531,174,6216
sync-cycle,implementation,dae8d9499,5,15,,,,13238,374,9291
sync-cycle,implementation,dae8d9499,5,16,,,,10198,259,6198
sync-cycle,implementation,dae8d9499,5,17,,,,9380,243,6189
sync-cycle,implementation,dae8d9499,5,18,,,,9017,190,6334
sync-cycle,implementation,dae8d9499,5,19,,,,13794,413,10346
sync-cycle,baseline,4cf9505a3,5,0,,,,11730,396,8069
sync-cycle,baseline,4cf9505a3,5,1,,,,9418,236,6825
sync-cycle,baseline,4cf9505a3,5,2,,,,10532,283,7222
sync-cycle,baseline,4cf9505a3,5,3,,,,9457,252,7103
sync-cycle,baseline,4cf9505a3,5,4,,,,11624,331,26633
sync-cycle,baseline,4cf9505a3,5,5,,,,12273,277,7755
sync-cycle,baseline,4cf9505a3,5,6,,,,8593,180,6405
sync-cycle,baseline,4cf9505a3,5,7,,,,33226,262,7113
sync-cycle,baseline,4cf9505a3,5,8,,,,9582,252,6585
sync-cycle,baseline,4cf9505a3,5,9,,,,7986,208,5493
sync-cycle,baseline,4cf9505a3,5,10,,,,7756,230,5127
sync-cycle,baseline,4cf9505a3,5,11,,,,8057,209,5624
sync-cycle,baseline,4cf9505a3,5,12,,,,8375,196,5885
sync-cycle,baseline,4cf9505a3,5,13,,,,8218,225,5421
sync-cycle,baseline,4cf9505a3,5,14,,,,8439,192,5465
sync-cycle,baseline,4cf9505a3,5,15,,,,7771,189,5706
sync-cycle,baseline,4cf9505a3,5,16,,,,7828,187,5289
sync-cycle,baseline,4cf9505a3,5,17,,,,7755,194,5689
sync-cycle,baseline,4cf9505a3,5,18,,,,7999,228,5762
sync-cycle,baseline,4cf9505a3,5,19,,,,8271,252,5258
sequential,baseline,4cf9505a3,6,0,6648914,7923596,18144,,,
sequential,baseline,4cf9505a3,6,1,6890237,7850185,19312,,,
sequential,baseline,4cf9505a3,6,2,7081899,7785825,23695,,,
sequential,baseline,4cf9505a3,6,3,6740022,6780850,18824,,,
sequential,baseline,4cf9505a3,6,4,6861792,7063422,25209,,,
sequential,baseline,4cf9505a3,6,5,7078067,7054143,24410,,,
sequential,baseline,4cf9505a3,6,6,7042952,7074516,19042,,,
sequential,baseline,4cf9505a3,6,7,7143127,6946165,18640,,,
sequential,baseline,4cf9505a3,6,8,7216189,7652963,18764,,,
sequential,baseline,4cf9505a3,6,9,7181870,7427260,23734,,,
sequential,baseline,4cf9505a3,6,10,6296173,6406874,18759,,,
sequential,baseline,4cf9505a3,6,11,6306399,6118016,16862,,,
sequential,baseline,4cf9505a3,6,12,6275954,6379564,19667,,,
sequential,baseline,4cf9505a3,6,13,6293815,6952012,19482,,,
sequential,baseline,4cf9505a3,6,14,6617618,7496028,24490,,,
sequential,baseline,4cf9505a3,6,15,7089707,7075966,18678,,,
sequential,baseline,4cf9505a3,6,16,6959428,7050533,21006,,,
sequential,baseline,4cf9505a3,6,17,7254583,7480137,23364,,,
sequential,baseline,4cf9505a3,6,18,7060696,6891236,17761,,,
sequential,baseline,4cf9505a3,6,19,7487075,8086359,18695,,,
sequential,implementation,dae8d9499,6,0,6248687,6599453,19074,,,
sequential,implementation,dae8d9499,6,1,6507014,6350947,18267,,,
sequential,implementation,dae8d9499,6,2,6437735,6326206,16965,,,
sequential,implementation,dae8d9499,6,3,6625147,7709398,47707,,,
sequential,implementation,dae8d9499,6,4,7157417,8138430,18609,,,
sequential,implementation,dae8d9499,6,5,7172571,7123968,39963,,,
sequential,implementation,dae8d9499,6,6,7106204,7801604,20016,,,
sequential,implementation,dae8d9499,6,7,6690632,6482013,17433,,,
sequential,implementation,dae8d9499,6,8,6399802,6329114,17549,,,
sequential,implementation,dae8d9499,6,9,6464488,6234987,18722,,,
sequential,implementation,dae8d9499,6,10,6800452,6318344,20098,,,
sequential,implementation,dae8d9499,6,11,7165769,7533662,17788,,,
sequential,implementation,dae8d9499,6,12,6454752,6433821,17964,,,
sequential,implementation,dae8d9499,6,13,6399746,6720270,18120,,,
sequential,implementation,dae8d9499,6,14,6276082,6322675,16993,,,
sequential,implementation,dae8d9499,6,15,6727323,6269330,20355,,,
sequential,implementation,dae8d9499,6,16,6817598,6290368,18787,,,
sequential,implementation,dae8d9499,6,17,6648846,6262281,18943,,,
sequential,implementation,dae8d9499,6,18,7070531,7617582,19149,,,
sequential,implementation,dae8d9499,6,19,6872972,6596448,19375,,,
sync-cycle,baseline,4cf9505a3,6,0,,,,8011,213,5537
sync-cycle,baseline,4cf9505a3,6,1,,,,7929,215,5525
sync-cycle,baseline,4cf9505a3,6,2,,,,8740,228,6268
sync-cycle,baseline,4cf9505a3,6,3,,,,8352,167,5440
sync-cycle,baseline,4cf9505a3,6,4,,,,8577,250,5912
sync-cycle,baseline,4cf9505a3,6,5,,,,8173,214,5570
sync-cycle,baseline,4cf9505a3,6,6,,,,12000,238,7398
sync-cycle,baseline,4cf9505a3,6,7,,,,10397,181,6226
sync-cycle,baseline,4cf9505a3,6,8,,,,8487,184,6196
sync-cycle,baseline,4cf9505a3,6,9,,,,13815,212,24656
sync-cycle,baseline,4cf9505a3,6,10,,,,16034,406,8992
sync-cycle,baseline,4cf9505a3,6,11,,,,15832,328,9273
sync-cycle,baseline,4cf9505a3,6,12,,,,16490,447,8605
sync-cycle,baseline,4cf9505a3,6,13,,,,13011,347,8624
sync-cycle,baseline,4cf9505a3,6,14,,,,13967,317,8728
sync-cycle,baseline,4cf9505a3,6,15,,,,14664,306,27926
sync-cycle,baseline,4cf9505a3,6,16,,,,13901,355,8524
sync-cycle,baseline,4cf9505a3,6,17,,,,12530,240,8090
sync-cycle,baseline,4cf9505a3,6,18,,,,17447,515,12260
sync-cycle,baseline,4cf9505a3,6,19,,,,13540,282,8918
sync-cycle,implementation,dae8d9499,6,0,,,,9822,323,7086
sync-cycle,implementation,dae8d9499,6,1,,,,13353,428,9091
sync-cycle,implementation,dae8d9499,6,2,,,,16493,582,12164
sync-cycle,implementation,dae8d9499,6,3,,,,10457,303,7558
sync-cycle,implementation,dae8d9499,6,4,,,,11424,280,9718
sync-cycle,implementation,dae8d9499,6,5,,,,11885,514,7150
sync-cycle,implementation,dae8d9499,6,6,,,,14849,438,10093
sync-cycle,implementation,dae8d9499,6,7,,,,13262,387,9938
sync-cycle,implementation,dae8d9499,6,8,,,,9930,321,6699
sync-cycle,implementation,dae8d9499,6,9,,,,12700,471,9302
sync-cycle,implementation,dae8d9499,6,10,,,,10172,292,7232
sync-cycle,implementation,dae8d9499,6,11,,,,13018,515,8472
sync-cycle,implementation,dae8d9499,6,12,,,,10991,473,8753
sync-cycle,implementation,dae8d9499,6,13,,,,14956,394,10488
sync-cycle,implementation,dae8d9499,6,14,,,,11180,309,7188
sync-cycle,implementation,dae8d9499,6,15,,,,11792,434,9078
sync-cycle,implementation,dae8d9499,6,16,,,,11924,301,7233
sync-cycle,implementation,dae8d9499,6,17,,,,9944,320,7229
sync-cycle,implementation,dae8d9499,6,18,,,,13247,408,9518
sync-cycle,implementation,dae8d9499,6,19,,,,11804,410,8381
sequential,implementation,dae8d9499,7,0,8103072,10448103,26073,,,
sequential,implementation,dae8d9499,7,1,8195169,11259426,29080,,,
sequential,implementation,dae8d9499,7,2,9215832,8311311,20856,,,
sequential,implementation,dae8d9499,7,3,8334948,8926704,20403,,,
sequential,implementation,dae8d9499,7,4,7685402,12252008,28372,,,
sequential,implementation,dae8d9499,7,5,8930635,8442964,27062,,,
sequential,implementation,dae8d9499,7,6,7873714,9411986,22878,,,
sequential,implementation,dae8d9499,7,7,8254564,8292713,19243,,,
sequential,implementation,dae8d9499,7,8,8121059,8109711,20021,,,
sequential,implementation,dae8d9499,7,9,7689407,8843791,19589,,,
sequential,implementation,dae8d9499,7,10,8621666,8648462,21785,,,
sequential,implementation,dae8d9499,7,11,8267205,9169743,24003,,,
sequential,implementation,dae8d9499,7,12,6797567,8125825,19985,,,
sequential,implementation,dae8d9499,7,13,6634206,8348320,22948,,,
sequential,implementation,dae8d9499,7,14,7785801,7188579,24047,,,
sequential,implementation,dae8d9499,7,15,7207083,7475626,25474,,,
sequential,implementation,dae8d9499,7,16,7666746,8027216,19528,,,
sequential,implementation,dae8d9499,7,17,7430280,8142111,18701,,,
sequential,implementation,dae8d9499,7,18,7373888,7250448,23564,,,
sequential,implementation,dae8d9499,7,19,7384463,6907552,24653,,,
sequential,baseline,4cf9505a3,7,0,7258754,7020890,25402,,,
sequential,baseline,4cf9505a3,7,1,7563345,7080764,23638,,,
sequential,baseline,4cf9505a3,7,2,8176159,8543825,24808,,,
sequential,baseline,4cf9505a3,7,3,7432126,8866907,23197,,,
sequential,baseline,4cf9505a3,7,4,7797811,8707151,22901,,,
sequential,baseline,4cf9505a3,7,5,7705294,7768977,23090,,,
sequential,baseline,4cf9505a3,7,6,7279719,7382588,25341,,,
sequential,baseline,4cf9505a3,7,7,6764868,6713476,22643,,,
sequential,baseline,4cf9505a3,7,8,6460620,6244161,18370,,,
sequential,baseline,4cf9505a3,7,9,6838842,6323698,19429,,,
sequential,baseline,4cf9505a3,7,10,6546274,6360085,18301,,,
sequential,baseline,4cf9505a3,7,11,6804389,6204963,18339,,,
sequential,baseline,4cf9505a3,7,12,6539717,6196914,17922,,,
sequential,baseline,4cf9505a3,7,13,6830502,6642966,18421,,,
sequential,baseline,4cf9505a3,7,14,6776690,7353961,24503,,,
sequential,baseline,4cf9505a3,7,15,7529576,7193494,24676,,,
sequential,baseline,4cf9505a3,7,16,7693458,7037103,25765,,,
sequential,baseline,4cf9505a3,7,17,7116388,6417350,21532,,,
sequential,baseline,4cf9505a3,7,18,7142300,6516210,18527,,,
sequential,baseline,4cf9505a3,7,19,7482985,6616560,20899,,,
sync-cycle,implementation,dae8d9499,7,0,,,,8222,300,5825
sync-cycle,implementation,dae8d9499,7,1,,,,7727,260,5502
sync-cycle,implementation,dae8d9499,7,2,,,,8284,225,5632
sync-cycle,implementation,dae8d9499,7,3,,,,8534,208,5465
sync-cycle,implementation,dae8d9499,7,4,,,,8173,178,5418
sync-cycle,implementation,dae8d9499,7,5,,,,8339,209,5506
sync-cycle,implementation,dae8d9499,7,6,,,,8067,205,5586
sync-cycle,implementation,dae8d9499,7,7,,,,8239,237,5840
sync-cycle,implementation,dae8d9499,7,8,,,,8242,205,5860
sync-cycle,implementation,dae8d9499,7,9,,,,8654,213,5280
sync-cycle,implementation,dae8d9499,7,10,,,,9746,236,6462
sync-cycle,implementation,dae8d9499,7,11,,,,10921,225,7083
sync-cycle,implementation,dae8d9499,7,12,,,,11062,358,7933
sync-cycle,implementation,dae8d9499,7,13,,,,11950,254,7265
sync-cycle,implementation,dae8d9499,7,14,,,,9907,255,6690
sync-cycle,implementation,dae8d9499,7,15,,,,8516,229,6251
sync-cycle,implementation,dae8d9499,7,16,,,,8244,220,5758
sync-cycle,implementation,dae8d9499,7,17,,,,7752,196,5405
sync-cycle,implementation,dae8d9499,7,18,,,,8128,213,5619
sync-cycle,implementation,dae8d9499,7,19,,,,8688,233,5403
sync-cycle,baseline,4cf9505a3,7,0,,,,8227,215,5669
sync-cycle,baseline,4cf9505a3,7,1,,,,7659,260,5272
sync-cycle,baseline,4cf9505a3,7,2,,,,8645,212,5833
sync-cycle,baseline,4cf9505a3,7,3,,,,7653,203,5229
sync-cycle,baseline,4cf9505a3,7,4,,,,8366,196,5829
sync-cycle,baseline,4cf9505a3,7,5,,,,8187,228,5644
sync-cycle,baseline,4cf9505a3,7,6,,,,8117,193,5414
sync-cycle,baseline,4cf9505a3,7,7,,,,8261,205,5453
sync-cycle,baseline,4cf9505a3,7,8,,,,7940,245,5421
sync-cycle,baseline,4cf9505a3,7,9,,,,8011,216,5215
sync-cycle,baseline,4cf9505a3,7,10,,,,8424,211,5442
sync-cycle,baseline,4cf9505a3,7,11,,,,8357,192,5532
sync-cycle,baseline,4cf9505a3,7,12,,,,8219,253,5521
sync-cycle,baseline,4cf9505a3,7,13,,,,8352,212,5390
sync-cycle,baseline,4cf9505a3,7,14,,,,9374,277,6193
sync-cycle,baseline,4cf9505a3,7,15,,,,8153,183,5739
sync-cycle,baseline,4cf9505a3,7,16,,,,8316,220,5452
sync-cycle,baseline,4cf9505a3,7,17,,,,7940,180,5593
sync-cycle,baseline,4cf9505a3,7,18,,,,8186,217,5603
sync-cycle,baseline,4cf9505a3,7,19,,,,8115,246,5344
sequential,baseline,4cf9505a3,8,0,6580068,6217767,18429,,,
sequential,baseline,4cf9505a3,8,1,6663489,7117357,19121,,,
sequential,baseline,4cf9505a3,8,2,6842971,9276971,29034,,,
sequential,baseline,4cf9505a3,8,3,8474454,8925330,22062,,,
sequential,baseline,4cf9505a3,8,4,6575387,10682484,26169,,,
sequential,baseline,4cf9505a3,8,5,7782170,9377408,22467,,,
sequential,baseline,4cf9505a3,8,6,8343988,9527147,24615,,,
sequential,baseline,4cf9505a3,8,7,8110141,11261053,31908,,,
sequential,baseline,4cf9505a3,8,8,9068395,10961446,20396,,,
sequential,baseline,4cf9505a3,8,9,7005383,8350070,20407,,,
sequential,baseline,4cf9505a3,8,10,6984600,7749264,19465,,,
sequential,baseline,4cf9505a3,8,11,7906271,7872120,19385,,,
sequential,baseline,4cf9505a3,8,12,7004758,7257959,27250,,,
sequential,baseline,4cf9505a3,8,13,6923768,8130734,19161,,,
sequential,baseline,4cf9505a3,8,14,6895195,7984603,27279,,,
sequential,baseline,4cf9505a3,8,15,6763476,7427423,19161,,,
sequential,baseline,4cf9505a3,8,16,7539712,6653245,19522,,,
sequential,baseline,4cf9505a3,8,17,6838555,6524981,18777,,,
sequential,baseline,4cf9505a3,8,18,8837868,8447676,24631,,,
sequential,baseline,4cf9505a3,8,19,6573023,6319266,18871,,,
sequential,implementation,dae8d9499,8,0,6896177,6172303,17326,,,
sequential,implementation,dae8d9499,8,1,6819365,6153060,18383,,,
sequential,implementation,dae8d9499,8,2,6704604,6588775,18494,,,
sequential,implementation,dae8d9499,8,3,6579626,6136443,18025,,,
sequential,implementation,dae8d9499,8,4,6592303,6126910,18033,,,
sequential,implementation,dae8d9499,8,5,6692067,6515287,17667,,,
sequential,implementation,dae8d9499,8,6,6694266,6674235,17445,,,
sequential,implementation,dae8d9499,8,7,6675361,7344704,19345,,,
sequential,implementation,dae8d9499,8,8,7253322,7543889,20048,,,
sequential,implementation,dae8d9499,8,9,7446164,6950306,17913,,,
sequential,implementation,dae8d9499,8,10,7316488,7830406,19262,,,
sequential,implementation,dae8d9499,8,11,6799200,6501297,18840,,,
sequential,implementation,dae8d9499,8,12,6463943,6279379,19519,,,
sequential,implementation,dae8d9499,8,13,6339286,6340823,18138,,,
sequential,implementation,dae8d9499,8,14,6343729,6559737,17464,,,
sequential,implementation,dae8d9499,8,15,6335885,6303979,18244,,,
sequential,implementation,dae8d9499,8,16,6517867,7402176,19319,,,
sequential,implementation,dae8d9499,8,17,6334258,6145842,17740,,,
sequential,implementation,dae8d9499,8,18,6340579,6124699,17590,,,
sequential,implementation,dae8d9499,8,19,6334455,6166033,17424,,,
sync-cycle,baseline,4cf9505a3,8,0,,,,7845,268,5492
sync-cycle,baseline,4cf9505a3,8,1,,,,7609,240,5465
sync-cycle,baseline,4cf9505a3,8,2,,,,7550,264,5542
sync-cycle,baseline,4cf9505a3,8,3,,,,7733,263,5133
sync-cycle,baseline,4cf9505a3,8,4,,,,7840,259,5654
sync-cycle,baseline,4cf9505a3,8,5,,,,7678,280,5243
sync-cycle,baseline,4cf9505a3,8,6,,,,10913,287,7237
sync-cycle,baseline,4cf9505a3,8,7,,,,8213,239,5619
sync-cycle,baseline,4cf9505a3,8,8,,,,8071,256,5425
sync-cycle,baseline,4cf9505a3,8,9,,,,10498,266,7556
sync-cycle,baseline,4cf9505a3,8,10,,,,8630,277,5977
sync-cycle,baseline,4cf9505a3,8,11,,,,9270,264,6233
sync-cycle,baseline,4cf9505a3,8,12,,,,10079,276,7837
sync-cycle,baseline,4cf9505a3,8,13,,,,8944,258,6683
sync-cycle,baseline,4cf9505a3,8,14,,,,9023,241,6476
sync-cycle,baseline,4cf9505a3,8,15,,,,11415,304,7913
sync-cycle,baseline,4cf9505a3,8,16,,,,9561,290,6492
sync-cycle,baseline,4cf9505a3,8,17,,,,8467,287,6421
sync-cycle,baseline,4cf9505a3,8,18,,,,9227,275,6450
sync-cycle,baseline,4cf9505a3,8,19,,,,8581,263,6176
sync-cycle,implementation,dae8d9499,8,0,,,,8852,248,6606
sync-cycle,implementation,dae8d9499,8,1,,,,10915,263,7498
sync-cycle,implementation,dae8d9499,8,2,,,,11016,246,6862
sync-cycle,implementation,dae8d9499,8,3,,,,9103,188,5761
sync-cycle,implementation,dae8d9499,8,4,,,,7975,198,5743
sync-cycle,implementation,dae8d9499,8,5,,,,8780,195,5887
sync-cycle,implementation,dae8d9499,8,6,,,,8158,192,5786
sync-cycle,implementation,dae8d9499,8,7,,,,9755,279,6944
sync-cycle,implementation,dae8d9499,8,8,,,,9324,209,6370
sync-cycle,implementation,dae8d9499,8,9,,,,12871,315,9259
sync-cycle,implementation,dae8d9499,8,10,,,,10228,219,7285
sync-cycle,implementation,dae8d9499,8,11,,,,8794,255,6145
sync-cycle,implementation,dae8d9499,8,12,,,,11093,254,7790
sync-cycle,implementation,dae8d9499,8,13,,,,9834,263,6271
sync-cycle,implementation,dae8d9499,8,14,,,,8377,273,5532
sync-cycle,implementation,dae8d9499,8,15,,,,8795,213,5704
sync-cycle,implementation,dae8d9499,8,16,,,,8019,197,5405
sync-cycle,implementation,dae8d9499,8,17,,,,7946,186,5383
sync-cycle,implementation,dae8d9499,8,18,,,,7816,189,5774
sync-cycle,implementation,dae8d9499,8,19,,,,7772,238,5397
sequential,implementation,dae8d9499,9,0,6561311,6285030,17913,,,
sequential,implementation,dae8d9499,9,1,6582205,6164036,18169,,,
sequential,implementation,dae8d9499,9,2,6534490,6316474,18221,,,
sequential,implementation,dae8d9499,9,3,6691223,6165028,18922,,,
sequential,implementation,dae8d9499,9,4,6630406,6206646,19028,,,
sequential,implementation,dae8d9499,9,5,6484105,6179208,18175,,,
sequential,implementation,dae8d9499,9,6,6525716,6785860,19095,,,
sequential,implementation,dae8d9499,9,7,7010561,6196944,19831,,,
sequential,implementation,dae8d9499,9,8,6965117,7039192,17980,,,
sequential,implementation,dae8d9499,9,9,6592028,8049776,18523,,,
sequential,implementation,dae8d9499,9,10,7232508,7826695,54204,,,
sequential,implementation,dae8d9499,9,11,7240022,7092552,19582,,,
sequential,implementation,dae8d9499,9,12,6973484,7970630,19856,,,
sequential,implementation,dae8d9499,9,13,6701417,6834054,18762,,,
sequential,implementation,dae8d9499,9,14,6513568,6687221,18787,,,
sequential,implementation,dae8d9499,9,15,6331050,6363665,18407,,,
sequential,implementation,dae8d9499,9,16,6304566,6193153,17596,,,
sequential,implementation,dae8d9499,9,17,6335398,6221070,17692,,,
sequential,implementation,dae8d9499,9,18,6303346,6998912,21880,,,
sequential,implementation,dae8d9499,9,19,6335178,6214991,18886,,,
sequential,baseline,4cf9505a3,9,0,6319597,6557903,19069,,,
sequential,baseline,4cf9505a3,9,1,8392964,9268220,24906,,,
sequential,baseline,4cf9505a3,9,2,6390569,6224573,19660,,,
sequential,baseline,4cf9505a3,9,3,6226720,7300441,19038,,,
sequential,baseline,4cf9505a3,9,4,6721570,6923380,18420,,,
sequential,baseline,4cf9505a3,9,5,6900500,8986453,21496,,,
sequential,baseline,4cf9505a3,9,6,6814792,10428852,23088,,,
sequential,baseline,4cf9505a3,9,7,7492312,9209080,21828,,,
sequential,baseline,4cf9505a3,9,8,7334327,7840913,20577,,,
sequential,baseline,4cf9505a3,9,9,7447875,10738468,22204,,,
sequential,baseline,4cf9505a3,9,10,7592245,8045510,20837,,,
sequential,baseline,4cf9505a3,9,11,7193837,7726049,19014,,,
sequential,baseline,4cf9505a3,9,12,7145517,10034184,29206,,,
sequential,baseline,4cf9505a3,9,13,8154841,8867050,26791,,,
sequential,baseline,4cf9505a3,9,14,8048340,8297901,24463,,,
sequential,baseline,4cf9505a3,9,15,7477306,9074717,20972,,,
sequential,baseline,4cf9505a3,9,16,7595440,8739956,22700,,,
sequential,baseline,4cf9505a3,9,17,6864838,7416064,20095,,,
sequential,baseline,4cf9505a3,9,18,6932779,7728836,19972,,,
sequential,baseline,4cf9505a3,9,19,6503535,7569112,19589,,,
sync-cycle,implementation,dae8d9499,9,0,,,,8610,205,6542
sync-cycle,implementation,dae8d9499,9,1,,,,9427,284,6431
sync-cycle,implementation,dae8d9499,9,2,,,,9060,211,6374
sync-cycle,implementation,dae8d9499,9,3,,,,8754,208,5813
sync-cycle,implementation,dae8d9499,9,4,,,,8305,187,6218
sync-cycle,implementation,dae8d9499,9,5,,,,8398,196,5709
sync-cycle,implementation,dae8d9499,9,6,,,,10102,318,6632
sync-cycle,implementation,dae8d9499,9,7,,,,8839,210,5714
sync-cycle,implementation,dae8d9499,9,8,,,,10660,323,6946
sync-cycle,implementation,dae8d9499,9,9,,,,14292,450,10242
sync-cycle,implementation,dae8d9499,9,10,,,,8882,246,5785
sync-cycle,implementation,dae8d9499,9,11,,,,8450,260,5802
sync-cycle,implementation,dae8d9499,9,12,,,,11914,262,8538
sync-cycle,implementation,dae8d9499,9,13,,,,8471,214,5961
sync-cycle,implementation,dae8d9499,9,14,,,,8405,235,5454
sync-cycle,implementation,dae8d9499,9,15,,,,8482,190,5935
sync-cycle,implementation,dae8d9499,9,16,,,,8231,218,5639
sync-cycle,implementation,dae8d9499,9,17,,,,10273,274,6694
sync-cycle,implementation,dae8d9499,9,18,,,,11276,424,8021
sync-cycle,implementation,dae8d9499,9,19,,,,8710,247,5715
sync-cycle,baseline,4cf9505a3,9,0,,,,24681,270,6663
sync-cycle,baseline,4cf9505a3,9,1,,,,9761,234,6438
sync-cycle,baseline,4cf9505a3,9,2,,,,8315,217,5656
sync-cycle,baseline,4cf9505a3,9,3,,,,10106,283,6790
sync-cycle,baseline,4cf9505a3,9,4,,,,9023,212,7112
sync-cycle,baseline,4cf9505a3,9,5,,,,10635,299,6992
sync-cycle,baseline,4cf9505a3,9,6,,,,8671,245,6533
sync-cycle,baseline,4cf9505a3,9,7,,,,11847,261,8173
sync-cycle,baseline,4cf9505a3,9,8,,,,12406,234,7915
sync-cycle,baseline,4cf9505a3,9,9,,,,11449,292,7353
sync-cycle,baseline,4cf9505a3,9,10,,,,11647,274,7378
sync-cycle,baseline,4cf9505a3,9,11,,,,8421,234,6541
sync-cycle,baseline,4cf9505a3,9,12,,,,8274,224,5641
sync-cycle,baseline,4cf9505a3,9,13,,,,8306,237,5559
sync-cycle,baseline,4cf9505a3,9,14,,,,8405,262,6027
sync-cycle,baseline,4cf9505a3,9,15,,,,8550,195,5696
sync-cycle,baseline,4cf9505a3,9,16,,,,10838,255,6792
sync-cycle,baseline,4cf9505a3,9,17,,,,8204,219,5545
sync-cycle,baseline,4cf9505a3,9,18,,,,8419,232,5758
sync-cycle,baseline,4cf9505a3,9,19,,,,8155,199,5757
sequential,baseline,4cf9505a3,10,0,6509464,7429064,20408,,,
sequential,baseline,4cf9505a3,10,1,6477721,7767370,20110,,,
sequential,baseline,4cf9505a3,10,2,7119514,7451874,18911,,,
sequential,baseline,4cf9505a3,10,3,6337312,7481950,19540,,,
sequential,baseline,4cf9505a3,10,4,6712864,7998751,18844,,,
sequential,baseline,4cf9505a3,10,5,6710567,7508407,19591,,,
sequential,baseline,4cf9505a3,10,6,6705858,7565219,19407,,,
sequential,baseline,4cf9505a3,10,7,6650878,6876636,18741,,,
sequential,baseline,4cf9505a3,10,8,6399444,6750653,26920,,,
sequential,baseline,4cf9505a3,10,9,6576108,7304120,19969,,,
sequential,baseline,4cf9505a3,10,10,6379833,6379519,19353,,,
sequential,baseline,4cf9505a3,10,11,6251468,6368092,21005,,,
sequential,baseline,4cf9505a3,10,12,6310302,6629670,19211,,,
sequential,baseline,4cf9505a3,10,13,6274352,6833054,22486,,,
sequential,baseline,4cf9505a3,10,14,6377187,7250754,19865,,,
sequential,baseline,4cf9505a3,10,15,6270544,6834695,20356,,,
sequential,baseline,4cf9505a3,10,16,6339436,6838239,19612,,,
sequential,baseline,4cf9505a3,10,17,6351284,6771748,18069,,,
sequential,baseline,4cf9505a3,10,18,6294015,6693864,18783,,,
sequential,baseline,4cf9505a3,10,19,6423780,6618594,17705,,,
sequential,implementation,dae8d9499,10,0,6316235,6764271,35717,,,
sequential,implementation,dae8d9499,10,1,6401896,6602943,19376,,,
sequential,implementation,dae8d9499,10,2,6345641,6442904,19812,,,
sequential,implementation,dae8d9499,10,3,6344679,6624808,20537,,,
sequential,implementation,dae8d9499,10,4,6640658,7707296,20443,,,
sequential,implementation,dae8d9499,10,5,6543138,6462759,18841,,,
sequential,implementation,dae8d9499,10,6,6351248,6653739,19411,,,
sequential,implementation,dae8d9499,10,7,6208073,6502535,18468,,,
sequential,implementation,dae8d9499,10,8,6456171,8428019,19447,,,
sequential,implementation,dae8d9499,10,9,6735097,8200190,19055,,,
sequential,implementation,dae8d9499,10,10,6796840,7815091,24283,,,
sequential,implementation,dae8d9499,10,11,6698168,7279440,18539,,,
sequential,implementation,dae8d9499,10,12,6276012,7093364,21369,,,
sequential,implementation,dae8d9499,10,13,6385600,6645012,18982,,,
sequential,implementation,dae8d9499,10,14,6339635,6695399,19224,,,
sequential,implementation,dae8d9499,10,15,6327060,7230218,18414,,,
sequential,implementation,dae8d9499,10,16,6347789,6614552,18024,,,
sequential,implementation,dae8d9499,10,17,6344138,6776058,18438,,,
sequential,implementation,dae8d9499,10,18,6412526,6739414,18300,,,
sequential,implementation,dae8d9499,10,19,6266962,7284777,18318,,,
sync-cycle,baseline,4cf9505a3,10,0,,,,8225,205,5870
sync-cycle,baseline,4cf9505a3,10,1,,,,10471,247,6448
sync-cycle,baseline,4cf9505a3,10,2,,,,9713,234,6244
sync-cycle,baseline,4cf9505a3,10,3,,,,9107,220,6054
sync-cycle,baseline,4cf9505a3,10,4,,,,8829,185,6035
sync-cycle,baseline,4cf9505a3,10,5,,,,8708,216,5685
sync-cycle,baseline,4cf9505a3,10,6,,,,8804,235,6622
sync-cycle,baseline,4cf9505a3,10,7,,,,9079,217,5685
sync-cycle,baseline,4cf9505a3,10,8,,,,8638,209,5956
sync-cycle,baseline,4cf9505a3,10,9,,,,8410,211,5800
sync-cycle,baseline,4cf9505a3,10,10,,,,9050,214,6085
sync-cycle,baseline,4cf9505a3,10,11,,,,8691,225,6062
sync-cycle,baseline,4cf9505a3,10,12,,,,8402,252,6031
sync-cycle,baseline,4cf9505a3,10,13,,,,9528,303,6628
sync-cycle,baseline,4cf9505a3,10,14,,,,12794,429,9210
sync-cycle,baseline,4cf9505a3,10,15,,,,9067,218,6422
sync-cycle,baseline,4cf9505a3,10,16,,,,9201,192,6478
sync-cycle,baseline,4cf9505a3,10,17,,,,8068,179,6076
sync-cycle,baseline,4cf9505a3,10,18,,,,8655,201,5920
sync-cycle,baseline,4cf9505a3,10,19,,,,8537,203,5430
sync-cycle,implementation,dae8d9499,10,0,,,,10687,210,7458
sync-cycle,implementation,dae8d9499,10,1,,,,13104,288,8389
sync-cycle,implementation,dae8d9499,10,2,,,,13382,256,8541
sync-cycle,implementation,dae8d9499,10,3,,,,11427,256,7583
sync-cycle,implementation,dae8d9499,10,4,,,,9361,260,6499
sync-cycle,implementation,dae8d9499,10,5,,,,8665,209,6073
sync-cycle,implementation,dae8d9499,10,6,,,,32260,294,7175
sync-cycle,implementation,dae8d9499,10,7,,,,8938,215,5954
sync-cycle,implementation,dae8d9499,10,8,,,,8512,228,5935
sync-cycle,implementation,dae8d9499,10,9,,,,9789,210,6714
sync-cycle,implementation,dae8d9499,10,10,,,,8285,189,5322
sync-cycle,implementation,dae8d9499,10,11,,,,9527,233,6528
sync-cycle,implementation,dae8d9499,10,12,,,,11809,205,7545
sync-cycle,implementation,dae8d9499,10,13,,,,8614,198,5672
sync-cycle,implementation,dae8d9499,10,14,,,,8845,217,6259
sync-cycle,implementation,dae8d9499,10,15,,,,8669,192,5819
sync-cycle,implementation,dae8d9499,10,16,,,,9145,186,6051
sync-cycle,implementation,dae8d9499,10,17,,,,12704,334,6479
sync-cycle,implementation,dae8d9499,10,18,,,,8591,204,6141
sync-cycle,implementation,dae8d9499,10,19,,,,8425,183,5928
sequential,implementation,dae8d9499,11,0,6489314,6935413,18938,,,
sequential,implementation,dae8d9499,11,1,6356111,6455659,23626,,,
sequential,implementation,dae8d9499,11,2,6397660,6565873,19926,,,
sequential,implementation,dae8d9499,11,3,6317643,6707366,19824,,,
sequential,implementation,dae8d9499,11,4,6468810,6794321,20508,,,
sequential,implementation,dae8d9499,11,5,6488658,6612090,19348,,,
sequential,implementation,dae8d9499,11,6,6374390,6626640,17964,,,
sequential,implementation,dae8d9499,11,7,6369531,6717300,18640,,,
sequential,implementation,dae8d9499,11,8,6313222,6590461,18648,,,
sequential,implementation,dae8d9499,11,9,6343597,6937380,19663,,,
sequential,implementation,dae8d9499,11,10,6501188,6493721,18742,,,
sequential,implementation,dae8d9499,11,11,6422643,8720878,18378,,,
sequential,implementation,dae8d9499,11,12,6795019,8731701,18328,,,
sequential,implementation,dae8d9499,11,13,7128617,8316018,34574,,,
sequential,implementation,dae8d9499,11,14,6812329,7502041,19655,,,
sequential,implementation,dae8d9499,11,15,6641876,6691747,19782,,,
sequential,implementation,dae8d9499,11,16,6368962,6662878,19009,,,
sequential,implementation,dae8d9499,11,17,6352717,6872098,19448,,,
sequential,implementation,dae8d9499,11,18,6331177,6738014,18846,,,
sequential,implementation,dae8d9499,11,19,6389433,6749083,20025,,,
sequential,baseline,4cf9505a3,11,0,6438559,6857824,19121,,,
sequential,baseline,4cf9505a3,11,1,6435974,6724840,19520,,,
sequential,baseline,4cf9505a3,11,2,6376506,6943176,18387,,,
sequential,baseline,4cf9505a3,11,3,6292566,6612542,18427,,,
sequential,baseline,4cf9505a3,11,4,6452192,7865274,20352,,,
sequential,baseline,4cf9505a3,11,5,6472470,6666553,19975,,,
sequential,baseline,4cf9505a3,11,6,6336579,6680130,39926,,,
sequential,baseline,4cf9505a3,11,7,6302874,6737422,19389,,,
sequential,baseline,4cf9505a3,11,8,6510768,6694087,21049,,,
sequential,baseline,4cf9505a3,11,9,6548922,6705867,18474,,,
sequential,baseline,4cf9505a3,11,10,6543110,7021517,19605,,,
sequential,baseline,4cf9505a3,11,11,6712320,7873355,19992,,,
sequential,baseline,4cf9505a3,11,12,6713577,8179911,20058,,,
sequential,baseline,4cf9505a3,11,13,6649272,8736136,21297,,,
sequential,baseline,4cf9505a3,11,14,7712580,9742547,22632,,,
sequential,baseline,4cf9505a3,11,15,7239213,9206410,19897,,,
sequential,baseline,4cf9505a3,11,16,7793816,7669109,50778,,,
sequential,baseline,4cf9505a3,11,17,7585895,10679456,44438,,,
sequential,baseline,4cf9505a3,11,18,7358176,9621448,20150,,,
sequential,baseline,4cf9505a3,11,19,6725694,9849177,22288,,,
sync-cycle,implementation,dae8d9499,11,0,,,,13191,345,8320
sync-cycle,implementation,dae8d9499,11,1,,,,14119,204,9704
sync-cycle,implementation,dae8d9499,11,2,,,,13753,204,8711
sync-cycle,implementation,dae8d9499,11,3,,,,14324,297,9254
sync-cycle,implementation,dae8d9499,11,4,,,,16758,521,12284
sync-cycle,implementation,dae8d9499,11,5,,,,13374,319,8385
sync-cycle,implementation,dae8d9499,11,6,,,,15450,373,28755
sync-cycle,implementation,dae8d9499,11,7,,,,10604,194,6944
sync-cycle,implementation,dae8d9499,11,8,,,,16705,476,12407
sync-cycle,implementation,dae8d9499,11,9,,,,27550,366,7871
sync-cycle,implementation,dae8d9499,11,10,,,,12467,270,8366
sync-cycle,implementation,dae8d9499,11,11,,,,13218,258,9296
sync-cycle,implementation,dae8d9499,11,12,,,,16039,365,10271
sync-cycle,implementation,dae8d9499,11,13,,,,13253,288,8245
sync-cycle,implementation,dae8d9499,11,14,,,,11164,252,7455
sync-cycle,implementation,dae8d9499,11,15,,,,11141,256,7379
sync-cycle,implementation,dae8d9499,11,16,,,,11903,252,8179
sync-cycle,implementation,dae8d9499,11,17,,,,13926,243,8514
sync-cycle,implementation,dae8d9499,11,18,,,,12668,349,24140
sync-cycle,implementation,dae8d9499,11,19,,,,11793,225,6940
sync-cycle,baseline,4cf9505a3,11,0,,,,12223,360,9077
sync-cycle,baseline,4cf9505a3,11,1,,,,16791,486,12689
sync-cycle,baseline,4cf9505a3,11,2,,,,12722,312,9837
sync-cycle,baseline,4cf9505a3,11,3,,,,14366,350,10138
sync-cycle,baseline,4cf9505a3,11,4,,,,12649,201,9145
sync-cycle,baseline,4cf9505a3,11,5,,,,12772,323,8756
sync-cycle,baseline,4cf9505a3,11,6,,,,14281,274,10646
sync-cycle,baseline,4cf9505a3,11,7,,,,13432,275,9667
sync-cycle,baseline,4cf9505a3,11,8,,,,15819,343,9980
sync-cycle,baseline,4cf9505a3,11,9,,,,12981,283,9965
sync-cycle,baseline,4cf9505a3,11,10,,,,13158,440,9914
sync-cycle,baseline,4cf9505a3,11,11,,,,12869,326,9700
sync-cycle,baseline,4cf9505a3,11,12,,,,13648,308,9352
sync-cycle,baseline,4cf9505a3,11,13,,,,11385,245,8146
sync-cycle,baseline,4cf9505a3,11,14,,,,11705,299,8117
sync-cycle,baseline,4cf9505a3,11,15,,,,8659,220,6545
sync-cycle,baseline,4cf9505a3,11,16,,,,8693,245,5848
sync-cycle,baseline,4cf9505a3,11,17,,,,11131,243,8085
sync-cycle,baseline,4cf9505a3,11,18,,,,13568,219,9166
sync-cycle,baseline,4cf9505a3,11,19,,,,11839,242,8234
sequential,baseline,4cf9505a3,12,0,7710921,9643814,24622,,,
sequential,baseline,4cf9505a3,12,1,6859575,7286491,21735,,,
sequential,baseline,4cf9505a3,12,2,8642269,8414658,20907,,,
sequential,baseline,4cf9505a3,12,3,7577020,8399853,19866,,,
sequential,baseline,4cf9505a3,12,4,8126858,9193049,20351,,,
sequential,baseline,4cf9505a3,12,5,6824239,8979548,21060,,,
sequential,baseline,4cf9505a3,12,6,6766346,7977679,20254,,,
sequential,baseline,4cf9505a3,12,7,6900584,8661572,20928,,,
sequential,baseline,4cf9505a3,12,8,8152423,7970990,18415,,,
sequential,baseline,4cf9505a3,12,9,7127189,7885084,19179,,,
sequential,baseline,4cf9505a3,12,10,6821569,8293823,20413,,,
sequential,baseline,4cf9505a3,12,11,6796181,8746070,20048,,,
sequential,baseline,4cf9505a3,12,12,7841225,7722205,19420,,,
sequential,baseline,4cf9505a3,12,13,7145702,8091266,19493,,,
sequential,baseline,4cf9505a3,12,14,8131863,11839309,33397,,,
sequential,baseline,4cf9505a3,12,15,7899745,9072683,21245,,,
sequential,baseline,4cf9505a3,12,16,7182369,8643777,20641,,,
sequential,baseline,4cf9505a3,12,17,7898857,9412251,20202,,,
sequential,baseline,4cf9505a3,12,18,7270867,8230444,19183,,,
sequential,baseline,4cf9505a3,12,19,6899117,7631289,19979,,,
sequential,implementation,dae8d9499,12,0,6565918,8323303,19760,,,
sequential,implementation,dae8d9499,12,1,6602711,8269042,18478,,,
sequential,implementation,dae8d9499,12,2,6963780,11074646,23677,,,
sequential,implementation,dae8d9499,12,3,6851654,9440727,19704,,,
sequential,implementation,dae8d9499,12,4,6930039,7088766,18739,,,
sequential,implementation,dae8d9499,12,5,6755319,7284578,19108,,,
sequential,implementation,dae8d9499,12,6,6655431,7038632,19638,,,
sequential,implementation,dae8d9499,12,7,6674765,6960695,20083,,,
sequential,implementation,dae8d9499,12,8,6582855,6993703,18991,,,
sequential,implementation,dae8d9499,12,9,6644791,7250330,20065,,,
sequential,implementation,dae8d9499,12,10,6576868,7339945,21059,,,
sequential,implementation,dae8d9499,12,11,6597921,7078643,17848,,,
sequential,implementation,dae8d9499,12,12,6505006,7225023,18461,,,
sequential,implementation,dae8d9499,12,13,6586227,6991501,18963,,,
sequential,implementation,dae8d9499,12,14,6517197,7361512,18448,,,
sequential,implementation,dae8d9499,12,15,6516242,7282991,19894,,,
sequential,implementation,dae8d9499,12,16,6520082,7114978,21214,,,
sequential,implementation,dae8d9499,12,17,7000828,8195581,19212,,,
sequential,implementation,dae8d9499,12,18,7164510,8986006,20031,,,
sequential,implementation,dae8d9499,12,19,7367610,8759896,20320,,,
sync-cycle,baseline,4cf9505a3,12,0,,,,9650,258,7247
sync-cycle,baseline,4cf9505a3,12,1,,,,10409,270,6852
sync-cycle,baseline,4cf9505a3,12,2,,,,10494,318,6970
sync-cycle,baseline,4cf9505a3,12,3,,,,10679,235,7346
sync-cycle,baseline,4cf9505a3,12,4,,,,9374,585,6597
sync-cycle,baseline,4cf9505a3,12,5,,,,9675,270,6631
sync-cycle,baseline,4cf9505a3,12,6,,,,9257,251,6034
sync-cycle,baseline,4cf9505a3,12,7,,,,13072,247,8136
sync-cycle,baseline,4cf9505a3,12,8,,,,10564,208,6409
sync-cycle,baseline,4cf9505a3,12,9,,,,9094,190,6367
sync-cycle,baseline,4cf9505a3,12,10,,,,11008,257,7778
sync-cycle,baseline,4cf9505a3,12,11,,,,9625,258,7187
sync-cycle,baseline,4cf9505a3,12,12,,,,8763,179,6449
sync-cycle,baseline,4cf9505a3,12,13,,,,10112,223,7125
sync-cycle,baseline,4cf9505a3,12,14,,,,10205,267,7083
sync-cycle,baseline,4cf9505a3,12,15,,,,9985,197,7239
sync-cycle,baseline,4cf9505a3,12,16,,,,13052,360,8917
sync-cycle,baseline,4cf9505a3,12,17,,,,10264,207,7221
sync-cycle,baseline,4cf9505a3,12,18,,,,8757,224,6186
sync-cycle,baseline,4cf9505a3,12,19,,,,9370,236,6772
sync-cycle,implementation,dae8d9499,12,0,,,,8394,248,5559
sync-cycle,implementation,dae8d9499,12,1,,,,9085,224,6133
sync-cycle,implementation,dae8d9499,12,2,,,,10141,316,6553
sync-cycle,implementation,dae8d9499,12,3,,,,9801,272,6614
sync-cycle,implementation,dae8d9499,12,4,,,,10574,261,6726
sync-cycle,implementation,dae8d9499,12,5,,,,8723,248,6066
sync-cycle,implementation,dae8d9499,12,6,,,,7731,202,5967
sync-cycle,implementation,dae8d9499,12,7,,,,9777,271,6213
sync-cycle,implementation,dae8d9499,12,8,,,,8877,223,5707
sync-cycle,implementation,dae8d9499,12,9,,,,8377,225,6331
sync-cycle,implementation,dae8d9499,12,10,,,,10339,247,7099
sync-cycle,implementation,dae8d9499,12,11,,,,8936,227,6389
sync-cycle,implementation,dae8d9499,12,12,,,,12030,323,8906
sync-cycle,implementation,dae8d9499,12,13,,,,11851,255,7782
sync-cycle,implementation,dae8d9499,12,14,,,,11566,246,7110
sync-cycle,implementation,dae8d9499,12,15,,,,8702,227,6287
sync-cycle,implementation,dae8d9499,12,16,,,,8732,223,6180
sync-cycle,implementation,dae8d9499,12,17,,,,8312,211,5851
sync-cycle,implementation,dae8d9499,12,18,,,,10406,251,7457
sync-cycle,implementation,dae8d9499,12,19,,,,8931,266,5810
sequential,implementation,dae8d9499,13,0,6364594,6571274,19134,,,
sequential,implementation,dae8d9499,13,1,6403437,6538593,19055,,,
sequential,implementation,dae8d9499,13,2,6284426,6676158,18508,,,
sequential,implementation,dae8d9499,13,3,6457072,6832168,18999,,,
sequential,implementation,dae8d9499,13,4,6383027,6884749,19413,,,
sequential,implementation,dae8d9499,13,5,6671767,7162395,18952,,,
sequential,implementation,dae8d9499,13,6,6520997,6774905,19992,,,
sequential,implementation,dae8d9499,13,7,6445048,6807536,19001,,,
sequential,implementation,dae8d9499,13,8,6362103,6892816,19994,,,
sequential,implementation,dae8d9499,13,9,6354398,6611564,18758,,,
sequential,implementation,dae8d9499,13,10,6389201,6708384,19722,,,
sequential,implementation,dae8d9499,13,11,6438331,7457059,18825,,,
sequential,implementation,dae8d9499,13,12,6317082,6418443,19894,,,
sequential,implementation,dae8d9499,13,13,6352690,6910574,18762,,,
sequential,implementation,dae8d9499,13,14,6272806,6447148,19152,,,
sequential,implementation,dae8d9499,13,15,6255479,6566422,18564,,,
sequential,implementation,dae8d9499,13,16,6297425,6469500,19528,,,
sequential,implementation,dae8d9499,13,17,6251751,6509041,19188,,,
sequential,implementation,dae8d9499,13,18,7071446,7348428,20976,,,
sequential,implementation,dae8d9499,13,19,7051512,7412146,19650,,,
sequential,baseline,4cf9505a3,13,0,7996647,9188547,24820,,,
sequential,baseline,4cf9505a3,13,1,6409488,7213132,18264,,,
sequential,baseline,4cf9505a3,13,2,6406557,7662618,20005,,,
sequential,baseline,4cf9505a3,13,3,8246555,7260000,18938,,,
sequential,baseline,4cf9505a3,13,4,6527162,7228898,19459,,,
sequential,baseline,4cf9505a3,13,5,6939606,8884126,25920,,,
sequential,baseline,4cf9505a3,13,6,6378968,7145547,20093,,,
sequential,baseline,4cf9505a3,13,7,6357273,7370787,20992,,,
sequential,baseline,4cf9505a3,13,8,8230417,8884713,19101,,,
sequential,baseline,4cf9505a3,13,9,6323727,6753687,17919,,,
sequential,baseline,4cf9505a3,13,10,6316181,6349436,17745,,,
sequential,baseline,4cf9505a3,13,11,6325278,6390375,19201,,,
sequential,baseline,4cf9505a3,13,12,6311562,6397069,20367,,,
sequential,baseline,4cf9505a3,13,13,6312882,6607395,18256,,,
sequential,baseline,4cf9505a3,13,14,6455856,6921717,18996,,,
sequential,baseline,4cf9505a3,13,15,6402685,6639420,18393,,,
sequential,baseline,4cf9505a3,13,16,6578100,7763027,18590,,,
sequential,baseline,4cf9505a3,13,17,6931366,7576431,17704,,,
sequential,baseline,4cf9505a3,13,18,6227478,6224024,17063,,,
sequential,baseline,4cf9505a3,13,19,6314285,6368931,17220,,,
sync-cycle,implementation,dae8d9499,13,0,,,,11999,267,7997
sync-cycle,implementation,dae8d9499,13,1,,,,13025,244,7840
sync-cycle,implementation,dae8d9499,13,2,,,,12640,322,7878
sync-cycle,implementation,dae8d9499,13,3,,,,10957,261,6694
sync-cycle,implementation,dae8d9499,13,4,,,,8603,193,6587
sync-cycle,implementation,dae8d9499,13,5,,,,8731,239,5637
sync-cycle,implementation,dae8d9499,13,6,,,,9461,231,6176
sync-cycle,implementation,dae8d9499,13,7,,,,8040,219,5291
sync-cycle,implementation,dae8d9499,13,8,,,,8990,248,6271
sync-cycle,implementation,dae8d9499,13,9,,,,8592,245,6546
sync-cycle,implementation,dae8d9499,13,10,,,,9478,203,6117
sync-cycle,implementation,dae8d9499,13,11,,,,8533,282,5676
sync-cycle,implementation,dae8d9499,13,12,,,,7787,170,5564
sync-cycle,implementation,dae8d9499,13,13,,,,8112,209,5676
sync-cycle,implementation,dae8d9499,13,14,,,,8715,214,5725
sync-cycle,implementation,dae8d9499,13,15,,,,10661,227,6799
sync-cycle,implementation,dae8d9499,13,16,,,,8412,224,5531
sync-cycle,implementation,dae8d9499,13,17,,,,8562,237,6268
sync-cycle,implementation,dae8d9499,13,18,,,,7871,242,5888
sync-cycle,implementation,dae8d9499,13,19,,,,8139,202,5427
sync-cycle,baseline,4cf9505a3,13,0,,,,9251,270,6002
sync-cycle,baseline,4cf9505a3,13,1,,,,8619,263,5817
sync-cycle,baseline,4cf9505a3,13,2,,,,10007,284,5693
sync-cycle,baseline,4cf9505a3,13,3,,,,8426,258,5867
sync-cycle,baseline,4cf9505a3,13,4,,,,8376,276,5956
sync-cycle,baseline,4cf9505a3,13,5,,,,9048,259,6473
sync-cycle,baseline,4cf9505a3,13,6,,,,7998,273,6538
sync-cycle,baseline,4cf9505a3,13,7,,,,8930,299,5901
sync-cycle,baseline,4cf9505a3,13,8,,,,8652,190,6000
sync-cycle,baseline,4cf9505a3,13,9,,,,8167,289,5956
sync-cycle,baseline,4cf9505a3,13,10,,,,8189,284,5710
sync-cycle,baseline,4cf9505a3,13,11,,,,8051,225,6355
sync-cycle,baseline,4cf9505a3,13,12,,,,8780,285,6290
sync-cycle,baseline,4cf9505a3,13,13,,,,7740,253,5598
sync-cycle,baseline,4cf9505a3,13,14,,,,8531,235,6275
sync-cycle,baseline,4cf9505a3,13,15,,,,9275,291,6806
sync-cycle,baseline,4cf9505a3,13,16,,,,23309,305,5708
sync-cycle,baseline,4cf9505a3,13,17,,,,9114,216,6212
sync-cycle,baseline,4cf9505a3,13,18,,,,11532,229,7523
sync-cycle,baseline,4cf9505a3,13,19,,,,10159,237,6937
sequential,baseline,4cf9505a3,14,0,6532030,6769879,19217,,,
sequential,baseline,4cf9505a3,14,1,6784440,6398614,18611,,,
sequential,baseline,4cf9505a3,14,2,6609913,6452727,19364,,,
sequential,baseline,4cf9505a3,14,3,6646137,6413403,19375,,,
sequential,baseline,4cf9505a3,14,4,6663563,6561818,19856,,,
sequential,baseline,4cf9505a3,14,5,6558366,7041224,20141,,,
sequential,baseline,4cf9505a3,14,6,6924206,7251674,19961,,,
sequential,baseline,4cf9505a3,14,7,7897310,7503191,20852,,,
sequential,baseline,4cf9505a3,14,8,6488594,7103652,19073,,,
sequential,baseline,4cf9505a3,14,9,6560156,7027471,18766,,,
sequential,baseline,4cf9505a3,14,10,6356493,6291269,20374,,,
sequential,baseline,4cf9505a3,14,11,6384220,6329701,19737,,,
sequential,baseline,4cf9505a3,14,12,6406082,6431459,19686,,,
sequential,baseline,4cf9505a3,14,13,6382850,6011408,19658,,,
sequential,baseline,4cf9505a3,14,14,6435147,5972928,19394,,,
sequential,baseline,4cf9505a3,14,15,6620907,6069835,18457,,,
sequential,baseline,4cf9505a3,14,16,6425944,5958809,18436,,,
sequential,baseline,4cf9505a3,14,17,6310211,5982838,19827,,,
sequential,baseline,4cf9505a3,14,18,6300119,6073145,19934,,,
sequential,baseline,4cf9505a3,14,19,6294819,5936778,18061,,,
sequential,implementation,dae8d9499,14,0,6994377,6980424,36515,,,
sequential,implementation,dae8d9499,14,1,7169560,6724620,19245,,,
sequential,implementation,dae8d9499,14,2,6774410,6982561,17988,,,
sequential,implementation,dae8d9499,14,3,6655816,6130021,17223,,,
sequential,implementation,dae8d9499,14,4,6619875,6044883,19869,,,
sequential,implementation,dae8d9499,14,5,6327691,6029298,18440,,,
sequential,implementation,dae8d9499,14,6,6447116,5960614,18623,,,
sequential,implementation,dae8d9499,14,7,6324641,6002923,18781,,,
sequential,implementation,dae8d9499,14,8,6316524,6027054,19331,,,
sequential,implementation,dae8d9499,14,9,6378073,5960362,18615,,,
sequential,implementation,dae8d9499,14,10,6335780,6000925,18911,,,
sequential,implementation,dae8d9499,14,11,6302116,6040984,18534,,,
sequential,implementation,dae8d9499,14,12,6355181,5921053,18339,,,
sequential,implementation,dae8d9499,14,13,6468103,5952060,17783,,,
sequential,implementation,dae8d9499,14,14,6248101,6174326,18040,,,
sequential,implementation,dae8d9499,14,15,6280060,5946080,18467,,,
sequential,implementation,dae8d9499,14,16,6216365,6044616,20802,,,
sequential,implementation,dae8d9499,14,17,6220162,5955565,18551,,,
sequential,implementation,dae8d9499,14,18,6546680,5962387,18506,,,
sequential,implementation,dae8d9499,14,19,6293397,6010666,17152,,,
sync-cycle,baseline,4cf9505a3,14,0,,,,7462,208,5406
sync-cycle,baseline,4cf9505a3,14,1,,,,7685,202,5572
sync-cycle,baseline,4cf9505a3,14,2,,,,7617,181,5323
sync-cycle,baseline,4cf9505a3,14,3,,,,8171,186,5798
sync-cycle,baseline,4cf9505a3,14,4,,,,7799,190,5335
sync-cycle,baseline,4cf9505a3,14,5,,,,7542,204,5057
sync-cycle,baseline,4cf9505a3,14,6,,,,7982,189,5554
sync-cycle,baseline,4cf9505a3,14,7,,,,7844,187,5314
sync-cycle,baseline,4cf9505a3,14,8,,,,7414,192,5374
sync-cycle,baseline,4cf9505a3,14,9,,,,7347,187,5038
sync-cycle,baseline,4cf9505a3,14,10,,,,9491,268,6594
sync-cycle,baseline,4cf9505a3,14,11,,,,12533,304,6644
sync-cycle,baseline,4cf9505a3,14,12,,,,24926,276,6575
sync-cycle,baseline,4cf9505a3,14,13,,,,8673,250,5967
sync-cycle,baseline,4cf9505a3,14,14,,,,9428,247,26008
sync-cycle,baseline,4cf9505a3,14,15,,,,11888,395,9004
sync-cycle,baseline,4cf9505a3,14,16,,,,11975,377,8985
sync-cycle,baseline,4cf9505a3,14,17,,,,8227,213,5966
sync-cycle,baseline,4cf9505a3,14,18,,,,8779,247,6148
sync-cycle,baseline,4cf9505a3,14,19,,,,12036,398,8466
sync-cycle,implementation,dae8d9499,14,0,,,,9715,319,6531
sync-cycle,implementation,dae8d9499,14,1,,,,7875,274,5334
sync-cycle,implementation,dae8d9499,14,2,,,,7944,228,5780
sync-cycle,implementation,dae8d9499,14,3,,,,9285,227,6532
sync-cycle,implementation,dae8d9499,14,4,,,,9352,286,6065
sync-cycle,implementation,dae8d9499,14,5,,,,8239,244,5191
sync-cycle,implementation,dae8d9499,14,6,,,,8211,244,5385
sync-cycle,implementation,dae8d9499,14,7,,,,7486,214,5334
sync-cycle,implementation,dae8d9499,14,8,,,,7899,209,5085
sync-cycle,implementation,dae8d9499,14,9,,,,8411,233,5557
sync-cycle,implementation,dae8d9499,14,10,,,,8102,235,5430
sync-cycle,implementation,dae8d9499,14,11,,,,7576,207,5016
sync-cycle,implementation,dae8d9499,14,12,,,,7901,212,5740
sync-cycle,implementation,dae8d9499,14,13,,,,8001,250,5182
sync-cycle,implementation,dae8d9499,14,14,,,,7702,209,5136
sync-cycle,implementation,dae8d9499,14,15,,,,8582,214,5670
sync-cycle,implementation,dae8d9499,14,16,,,,7724,231,5215
sync-cycle,implementation,dae8d9499,14,17,,,,8580,250,5681
sync-cycle,implementation,dae8d9499,14,18,,,,8202,250,5569
sync-cycle,implementation,dae8d9499,14,19,,,,7936,230,4950
sequential,implementation,dae8d9499,15,0,6354004,6082462,18774,,,
sequential,implementation,dae8d9499,15,1,6399226,6003895,18923,,,
sequential,implementation,dae8d9499,15,2,6287292,5982072,17937,,,
sequential,implementation,dae8d9499,15,3,6937147,7177369,45406,,,
sequential,implementation,dae8d9499,15,4,7194346,6852223,19779,,,
sequential,implementation,dae8d9499,15,5,7129666,6835881,19655,,,
sequential,implementation,dae8d9499,15,6,6829876,6800403,18776,,,
sequential,implementation,dae8d9499,15,7,6535125,5969611,18857,,,
sequential,implementation,dae8d9499,15,8,6298127,5949044,17489,,,
sequential,implementation,dae8d9499,15,9,6410196,5997228,18619,,,
sequential,implementation,dae8d9499,15,10,6311816,5974402,20507,,,
sequential,implementation,dae8d9499,15,11,6317368,6010638,18004,,,
sequential,implementation,dae8d9499,15,12,6301269,6150039,18091,,,
sequential,implementation,dae8d9499,15,13,6498219,6166184,18066,,,
sequential,implementation,dae8d9499,15,14,6403572,5991727,17549,,,
sequential,implementation,dae8d9499,15,15,6290388,6038917,18236,,,
sequential,implementation,dae8d9499,15,16,6450931,5915103,19885,,,
sequential,implementation,dae8d9499,15,17,6397877,6032390,17164,,,
sequential,implementation,dae8d9499,15,18,6429645,5984064,18673,,,
sequential,implementation,dae8d9499,15,19,6465916,5962326,18817,,,
sequential,baseline,4cf9505a3,15,0,6405956,6012571,19825,,,
sequential,baseline,4cf9505a3,15,1,6303274,5993913,17705,,,
sequential,baseline,4cf9505a3,15,2,6302471,6040337,17753,,,
sequential,baseline,4cf9505a3,15,3,6333626,6071226,18794,,,
sequential,baseline,4cf9505a3,15,4,6405228,6119331,19928,,,
sequential,baseline,4cf9505a3,15,5,6505894,6354851,18820,,,
sequential,baseline,4cf9505a3,15,6,6735905,8442556,20281,,,
sequential,baseline,4cf9505a3,15,7,6611053,6566277,21327,,,
sequential,baseline,4cf9505a3,15,8,6958952,9072952,21422,,,
sequential,baseline,4cf9505a3,15,9,7479771,8733763,24114,,,
sequential,baseline,4cf9505a3,15,10,7513591,7440351,20977,,,
sequential,baseline,4cf9505a3,15,11,7372171,8496465,20429,,,
sequential,baseline,4cf9505a3,15,12,6690863,7484713,19767,,,
sequential,baseline,4cf9505a3,15,13,6764575,7091188,19517,,,
sequential,baseline,4cf9505a3,15,14,6301375,6038712,17539,,,
sequential,baseline,4cf9505a3,15,15,6298114,5991110,17591,,,
sequential,baseline,4cf9505a3,15,16,6300599,6136679,18071,,,
sequential,baseline,4cf9505a3,15,17,6362055,6018289,18223,,,
sequential,baseline,4cf9505a3,15,18,6297173,5982807,17821,,,
sequential,baseline,4cf9505a3,15,19,6216047,6071451,18198,,,
sync-cycle,implementation,dae8d9499,15,0,,,,8308,212,5294
sync-cycle,implementation,dae8d9499,15,1,,,,7922,215,5137
sync-cycle,implementation,dae8d9499,15,2,,,,7802,197,5264
sync-cycle,implementation,dae8d9499,15,3,,,,7489,211,5216
sync-cycle,implementation,dae8d9499,15,4,,,,7809,209,5276
sync-cycle,implementation,dae8d9499,15,5,,,,7519,188,5159
sync-cycle,implementation,dae8d9499,15,6,,,,7614,193,5118
sync-cycle,implementation,dae8d9499,15,7,,,,7483,175,5090
sync-cycle,implementation,dae8d9499,15,8,,,,7502,208,5068
sync-cycle,implementation,dae8d9499,15,9,,,,7968,174,5095
sync-cycle,implementation,dae8d9499,15,10,,,,7842,219,5213
sync-cycle,implementation,dae8d9499,15,11,,,,8142,261,5615
sync-cycle,implementation,dae8d9499,15,12,,,,7804,186,5438
sync-cycle,implementation,dae8d9499,15,13,,,,7391,227,5623
sync-cycle,implementation,dae8d9499,15,14,,,,8608,199,5396
sync-cycle,implementation,dae8d9499,15,15,,,,7616,248,5638
sync-cycle,implementation,dae8d9499,15,16,,,,7347,198,5260
sync-cycle,implementation,dae8d9499,15,17,,,,7713,208,5135
sync-cycle,implementation,dae8d9499,15,18,,,,7442,187,5229
sync-cycle,implementation,dae8d9499,15,19,,,,7487,197,5056
sync-cycle,baseline,4cf9505a3,15,0,,,,9513,299,6462
sync-cycle,baseline,4cf9505a3,15,1,,,,8973,184,6713
sync-cycle,baseline,4cf9505a3,15,2,,,,9250,238,6740
sync-cycle,baseline,4cf9505a3,15,3,,,,9221,255,6336
sync-cycle,baseline,4cf9505a3,15,4,,,,8776,267,5886
sync-cycle,baseline,4cf9505a3,15,5,,,,8283,218,5716
sync-cycle,baseline,4cf9505a3,15,6,,,,7828,194,5809
sync-cycle,baseline,4cf9505a3,15,7,,,,7973,191,5519
sync-cycle,baseline,4cf9505a3,15,8,,,,7913,184,5046
sync-cycle,baseline,4cf9505a3,15,9,,,,7242,459,5220
sync-cycle,baseline,4cf9505a3,15,10,,,,8320,209,5464
sync-cycle,baseline,4cf9505a3,15,11,,,,7644,184,5463
sync-cycle,baseline,4cf9505a3,15,12,,,,7634,194,5321
sync-cycle,baseline,4cf9505a3,15,13,,,,7373,187,5026
sync-cycle,baseline,4cf9505a3,15,14,,,,8131,230,5421
sync-cycle,baseline,4cf9505a3,15,15,,,,7678,211,5619
sync-cycle,baseline,4cf9505a3,15,16,,,,7466,208,5220
sync-cycle,baseline,4cf9505a3,15,17,,,,8446,224,5654
sync-cycle,baseline,4cf9505a3,15,18,,,,8239,226,5839
sync-cycle,baseline,4cf9505a3,15,19,,,,8361,213,5641
sequential,baseline,4cf9505a3,16,0,6354025,6047273,17174,,,
sequential,baseline,4cf9505a3,16,1,6318758,6022073,18462,,,
sequential,baseline,4cf9505a3,16,2,6333613,5991663,18161,,,
sequential,baseline,4cf9505a3,16,3,6297483,5995564,17786,,,
sequential,baseline,4cf9505a3,16,4,6290370,6699353,18446,,,
sequential,baseline,4cf9505a3,16,5,6548597,6282700,17766,,,
sequential,baseline,4cf9505a3,16,6,6205031,6316297,18502,,,
sequential,baseline,4cf9505a3,16,7,6336888,6163265,18271,,,
sequential,baseline,4cf9505a3,16,8,6398803,6050937,18220,,,
sequential,baseline,4cf9505a3,16,9,6253192,6135486,17701,,,
sequential,baseline,4cf9505a3,16,10,6198391,7487463,19285,,,
sequential,baseline,4cf9505a3,16,11,6531208,6007374,19162,,,
sequential,baseline,4cf9505a3,16,12,6324866,6632022,36047,,,
sequential,baseline,4cf9505a3,16,13,6757519,7039640,20811,,,
sequential,baseline,4cf9505a3,16,14,6981903,7033973,18923,,,
sequential,baseline,4cf9505a3,16,15,6724266,7536704,19295,,,
sequential,baseline,4cf9505a3,16,16,7692419,7494315,19192,,,
sequential,baseline,4cf9505a3,16,17,6434198,6939159,18745,,,
sequential,baseline,4cf9505a3,16,18,6628224,6801600,18711,,,
sequential,baseline,4cf9505a3,16,19,6348482,6674623,18588,,,
sequential,implementation,dae8d9499,16,0,6279828,6004859,18476,,,
sequential,implementation,dae8d9499,16,1,6293131,5957084,18038,,,
sequential,implementation,dae8d9499,16,2,6285553,6052786,17626,,,
sequential,implementation,dae8d9499,16,3,6354420,6040694,17976,,,
sequential,implementation,dae8d9499,16,4,6497042,6299068,18485,,,
sequential,implementation,dae8d9499,16,5,6290915,6132404,18099,,,
sequential,implementation,dae8d9499,16,6,6280653,5994871,22923,,,
sequential,implementation,dae8d9499,16,7,6289564,6191483,17953,,,
sequential,implementation,dae8d9499,16,8,6273353,6026973,17422,,,
sequential,implementation,dae8d9499,16,9,6465507,6017013,18121,,,
sequential,implementation,dae8d9499,16,10,6382859,5978076,20706,,,
sequential,implementation,dae8d9499,16,11,6295690,6145148,17971,,,
sequential,implementation,dae8d9499,16,12,6282632,6104475,17846,,,
sequential,implementation,dae8d9499,16,13,6285577,6311400,23865,,,
sequential,implementation,dae8d9499,16,14,6299355,6016252,17854,,,
sequential,implementation,dae8d9499,16,15,6201844,7096357,17953,,,
sequential,implementation,dae8d9499,16,16,6409024,5933065,19107,,,
sequential,implementation,dae8d9499,16,17,6304276,5951526,18116,,,
sequential,implementation,dae8d9499,16,18,6551950,7523588,22160,,,
sequential,implementation,dae8d9499,16,19,6742955,7246276,19142,,,
sync-cycle,baseline,4cf9505a3,16,0,,,,7419,239,5341
sync-cycle,baseline,4cf9505a3,16,1,,,,7371,251,5135
sync-cycle,baseline,4cf9505a3,16,2,,,,7435,235,5501
sync-cycle,baseline,4cf9505a3,16,3,,,,7523,282,5168
sync-cycle,baseline,4cf9505a3,16,4,,,,7857,229,5106
sync-cycle,baseline,4cf9505a3,16,5,,,,8202,213,5441
sync-cycle,baseline,4cf9505a3,16,6,,,,7603,197,5351
sync-cycle,baseline,4cf9505a3,16,7,,,,8170,226,5186
sync-cycle,baseline,4cf9505a3,16,8,,,,7748,214,5316
sync-cycle,baseline,4cf9505a3,16,9,,,,8221,211,5348
sync-cycle,baseline,4cf9505a3,16,10,,,,8775,234,5809
sync-cycle,baseline,4cf9505a3,16,11,,,,7741,195,5384
sync-cycle,baseline,4cf9505a3,16,12,,,,7699,207,5471
sync-cycle,baseline,4cf9505a3,16,13,,,,7644,210,5367
sync-cycle,baseline,4cf9505a3,16,14,,,,8542,230,5768
sync-cycle,baseline,4cf9505a3,16,15,,,,7862,183,5616
sync-cycle,baseline,4cf9505a3,16,16,,,,7436,214,5411
sync-cycle,baseline,4cf9505a3,16,17,,,,7864,234,5005
sync-cycle,baseline,4cf9505a3,16,18,,,,7482,254,5301
sync-cycle,baseline,4cf9505a3,16,19,,,,7705,188,5051
sync-cycle,implementation,dae8d9499,16,0,,,,8242,245,5791
sync-cycle,implementation,dae8d9499,16,1,,,,8749,237,19987
sync-cycle,implementation,dae8d9499,16,2,,,,9409,258,6249
sync-cycle,implementation,dae8d9499,16,3,,,,8399,192,6041
sync-cycle,implementation,dae8d9499,16,4,,,,8436,225,5943
sync-cycle,implementation,dae8d9499,16,5,,,,9151,258,6124
sync-cycle,implementation,dae8d9499,16,6,,,,9257,245,6117
sync-cycle,implementation,dae8d9499,16,7,,,,9848,220,6252
sync-cycle,implementation,dae8d9499,16,8,,,,8842,252,6057
sync-cycle,implementation,dae8d9499,16,9,,,,8228,182,5403
sync-cycle,implementation,dae8d9499,16,10,,,,8780,236,5914
sync-cycle,implementation,dae8d9499,16,11,,,,8740,184,6278
sync-cycle,implementation,dae8d9499,16,12,,,,9023,223,6260
sync-cycle,implementation,dae8d9499,16,13,,,,8361,224,5451
sync-cycle,implementation,dae8d9499,16,14,,,,8620,198,6058
sync-cycle,implementation,dae8d9499,16,15,,,,9037,256,6572
sync-cycle,implementation,dae8d9499,16,16,,,,13361,273,25337
sync-cycle,implementation,dae8d9499,16,17,,,,10510,250,6891
sync-cycle,implementation,dae8d9499,16,18,,,,8748,261,6117
sync-cycle,implementation,dae8d9499,16,19,,,,8878,261,6036
sequential,implementation,dae8d9499,17,0,6417283,6260137,19400,,,
sequential,implementation,dae8d9499,17,1,6311696,6245199,18230,,,
sequential,implementation,dae8d9499,17,2,6325740,6374868,18517,,,
sequential,implementation,dae8d9499,17,3,6310696,6241424,19796,,,
sequential,implementation,dae8d9499,17,4,6314837,6269321,19259,,,
sequential,implementation,dae8d9499,17,5,6312128,6025123,17799,,,
sequential,implementation,dae8d9499,17,6,6333525,6003620,18116,,,
sequential,implementation,dae8d9499,17,7,6315986,6011247,17309,,,
sequential,implementation,dae8d9499,17,8,6266750,6293575,18927,,,
sequential,implementation,dae8d9499,17,9,6221388,6239039,18459,,,
sequential,implementation,dae8d9499,17,10,6234500,6351631,18508,,,
sequential,implementation,dae8d9499,17,11,6254762,6233308,20412,,,
sequential,implementation,dae8d9499,17,12,6230930,6617277,19576,,,
sequential,implementation,dae8d9499,17,13,6301036,6168044,17917,,,
sequential,implementation,dae8d9499,17,14,6265098,6501919,18708,,,
sequential,implementation,dae8d9499,17,15,6489528,6419192,19518,,,
sequential,implementation,dae8d9499,17,16,6556088,6254916,19029,,,
sequential,implementation,dae8d9499,17,17,6223654,6277053,18758,,,
sequential,implementation,dae8d9499,17,18,6270989,6156224,18368,,,
sequential,implementation,dae8d9499,17,19,6311558,5991383,19090,,,
sequential,baseline,4cf9505a3,17,0,6995043,7076346,18749,,,
sequential,baseline,4cf9505a3,17,1,6549427,6296344,18239,,,
sequential,baseline,4cf9505a3,17,2,6311676,6178296,18345,,,
sequential,baseline,4cf9505a3,17,3,6323209,6295608,18309,,,
sequential,baseline,4cf9505a3,17,4,6348535,6194553,18658,,,
sequential,baseline,4cf9505a3,17,5,6321631,6212340,18364,,,
sequential,baseline,4cf9505a3,17,6,6334310,6262419,18796,,,
sequential,baseline,4cf9505a3,17,7,6323461,6263432,17872,,,
sequential,baseline,4cf9505a3,17,8,6303006,6307562,17876,,,
sequential,baseline,4cf9505a3,17,9,6320853,6350590,17570,,,
sequential,baseline,4cf9505a3,17,10,6219647,6172114,18227,,,
sequential,baseline,4cf9505a3,17,11,6239366,6477078,17717,,,
sequential,baseline,4cf9505a3,17,12,6328118,6381769,18107,,,
sequential,baseline,4cf9505a3,17,13,6269839,6101275,16929,,,
sequential,baseline,4cf9505a3,17,14,6229046,6199268,18329,,,
sequential,baseline,4cf9505a3,17,15,6456604,6099273,18325,,,
sequential,baseline,4cf9505a3,17,16,6322915,6148820,18548,,,
sequential,baseline,4cf9505a3,17,17,6481848,7501835,19657,,,
sequential,baseline,4cf9505a3,17,18,6642565,6624562,18604,,,
sequential,baseline,4cf9505a3,17,19,6701209,7961953,54136,,,
sync-cycle,implementation,dae8d9499,17,0,,,,28598,337,6980
sync-cycle,implementation,dae8d9499,17,1,,,,9584,225,6586
sync-cycle,implementation,dae8d9499,17,2,,,,10804,223,6619
sync-cycle,implementation,dae8d9499,17,3,,,,30708,250,8224
sync-cycle,implementation,dae8d9499,17,4,,,,10750,254,32495
sync-cycle,implementation,dae8d9499,17,5,,,,10741,259,7023
sync-cycle,implementation,dae8d9499,17,6,,,,12157,288,8798
sync-cycle,implementation,dae8d9499,17,7,,,,16560,360,8001
sync-cycle,implementation,dae8d9499,17,8,,,,12200,286,7861
sync-cycle,implementation,dae8d9499,17,9,,,,11980,282,8098
sync-cycle,implementation,dae8d9499,17,10,,,,14277,341,9493
sync-cycle,implementation,dae8d9499,17,11,,,,9273,241,8451
sync-cycle,implementation,dae8d9499,17,12,,,,8820,188,6182
sync-cycle,implementation,dae8d9499,17,13,,,,8331,257,5629
sync-cycle,implementation,dae8d9499,17,14,,,,9024,295,6688
sync-cycle,implementation,dae8d9499,17,15,,,,8902,252,6076
sync-cycle,implementation,dae8d9499,17,16,,,,8087,224,5423
sync-cycle,implementation,dae8d9499,17,17,,,,9461,269,6150
sync-cycle,implementation,dae8d9499,17,18,,,,10086,257,6736
sync-cycle,implementation,dae8d9499,17,19,,,,9421,270,5632
sync-cycle,baseline,4cf9505a3,17,0,,,,8535,197,5998
sync-cycle,baseline,4cf9505a3,17,1,,,,8346,218,5753
sync-cycle,baseline,4cf9505a3,17,2,,,,8844,222,6041
sync-cycle,baseline,4cf9505a3,17,3,,,,9563,198,6293
sync-cycle,baseline,4cf9505a3,17,4,,,,8358,258,5721
sync-cycle,baseline,4cf9505a3,17,5,,,,10264,244,6649
sync-cycle,baseline,4cf9505a3,17,6,,,,9052,303,6811
sync-cycle,baseline,4cf9505a3,17,7,,,,8378,208,5933
sync-cycle,baseline,4cf9505a3,17,8,,,,8479,217,5820
sync-cycle,baseline,4cf9505a3,17,9,,,,8259,224,5661
sync-cycle,baseline,4cf9505a3,17,10,,,,8491,216,5958
sync-cycle,baseline,4cf9505a3,17,11,,,,10353,228,7665
sync-cycle,baseline,4cf9505a3,17,12,,,,8864,254,6657
sync-cycle,baseline,4cf9505a3,17,13,,,,9463,274,6418
sync-cycle,baseline,4cf9505a3,17,14,,,,8632,194,6441
sync-cycle,baseline,4cf9505a3,17,15,,,,10754,238,7280
sync-cycle,baseline,4cf9505a3,17,16,,,,9090,264,6173
sync-cycle,baseline,4cf9505a3,17,17,,,,9548,272,6107
sync-cycle,baseline,4cf9505a3,17,18,,,,9096,240,5963
sync-cycle,baseline,4cf9505a3,17,19,,,,8510,213,5622
sequential,baseline,4cf9505a3,18,0,11152979,23341693,29837,,,
sequential,baseline,4cf9505a3,18,1,12234807,20606147,40545,,,
sequential,baseline,4cf9505a3,18,2,9381307,14135690,30611,,,
sequential,baseline,4cf9505a3,18,3,10895003,16350675,35951,,,
sequential,baseline,4cf9505a3,18,4,9094139,11783089,24925,,,
sequential,baseline,4cf9505a3,18,5,10045295,12370498,29398,,,
sequential,baseline,4cf9505a3,18,6,8359136,11439189,28056,,,
sequential,baseline,4cf9505a3,18,7,8183360,11969939,48345,,,
sequential,baseline,4cf9505a3,18,8,7155425,11859504,30357,,,
sequential,baseline,4cf9505a3,18,9,7746795,11859243,26001,,,
sequential,baseline,4cf9505a3,18,10,7782885,13023002,23369,,,
sequential,baseline,4cf9505a3,18,11,7451846,12125395,32268,,,
sequential,baseline,4cf9505a3,18,12,8036453,10068753,23567,,,
sequential,baseline,4cf9505a3,18,13,8942777,11278730,24038,,,
sequential,baseline,4cf9505a3,18,14,7402817,10424197,24680,,,
sequential,baseline,4cf9505a3,18,15,7876537,14213367,30851,,,
sequential,baseline,4cf9505a3,18,16,7545492,13568862,37026,,,
sequential,baseline,4cf9505a3,18,17,8454051,11116750,23725,,,
sequential,baseline,4cf9505a3,18,18,7895358,10955698,23419,,,
sequential,baseline,4cf9505a3,18,19,7422061,9645381,21900,,,
sequential,implementation,dae8d9499,18,0,7255367,9323924,27637,,,
sequential,implementation,dae8d9499,18,1,7260590,10172388,23933,,,
sequential,implementation,dae8d9499,18,2,7259524,11679635,23916,,,
sequential,implementation,dae8d9499,18,3,7965135,11570796,32786,,,
sequential,implementation,dae8d9499,18,4,7627717,10943791,28837,,,
sequential,implementation,dae8d9499,18,5,7466981,10674541,24684,,,
sequential,implementation,dae8d9499,18,6,7406896,9565609,20844,,,
sequential,implementation,dae8d9499,18,7,7020005,8131701,20421,,,
sequential,implementation,dae8d9499,18,8,7068059,9216648,21775,,,
sequential,implementation,dae8d9499,18,9,7151519,8013505,19721,,,
sequential,implementation,dae8d9499,18,10,6876609,7668514,20115,,,
sequential,implementation,dae8d9499,18,11,6650148,7386593,19757,,,
sequential,implementation,dae8d9499,18,12,6427815,7394330,20101,,,
sequential,implementation,dae8d9499,18,13,6478661,7118698,19218,,,
sequential,implementation,dae8d9499,18,14,6392872,7157749,19916,,,
sequential,implementation,dae8d9499,18,15,6343275,6836838,18104,,,
sequential,implementation,dae8d9499,18,16,6478187,7288948,19691,,,
sequential,implementation,dae8d9499,18,17,6739419,6988808,19749,,,
sequential,implementation,dae8d9499,18,18,6522206,7130268,18806,,,
sequential,implementation,dae8d9499,18,19,6494109,7563311,18547,,,
sync-cycle,baseline,4cf9505a3,18,0,,,,11555,286,7904
sync-cycle,baseline,4cf9505a3,18,1,,,,11761,269,7965
sync-cycle,baseline,4cf9505a3,18,2,,,,11301,268,8047
sync-cycle,baseline,4cf9505a3,18,3,,,,9568,225,6347
sync-cycle,baseline,4cf9505a3,18,4,,,,8420,212,5920
sync-cycle,baseline,4cf9505a3,18,5,,,,8027,213,5688
sync-cycle,baseline,4cf9505a3,18,6,,,,7559,265,5500
sync-cycle,baseline,4cf9505a3,18,7,,,,8717,218,5648
sync-cycle,baseline,4cf9505a3,18,8,,,,12639,313,8666
sync-cycle,baseline,4cf9505a3,18,9,,,,9269,260,6203
sync-cycle,baseline,4cf9505a3,18,10,,,,8602,197,6034
sync-cycle,baseline,4cf9505a3,18,11,,,,8167,254,6292
sync-cycle,baseline,4cf9505a3,18,12,,,,18352,487,13757
sync-cycle,baseline,4cf9505a3,18,13,,,,17094,389,12906
sync-cycle,baseline,4cf9505a3,18,14,,,,16219,475,11136
sync-cycle,baseline,4cf9505a3,18,15,,,,28612,312,7838
sync-cycle,baseline,4cf9505a3,18,16,,,,14236,233,8698
sync-cycle,baseline,4cf9505a3,18,17,,,,10457,218,7481
sync-cycle,baseline,4cf9505a3,18,18,,,,13321,225,8768
sync-cycle,baseline,4cf9505a3,18,19,,,,11689,225,7384
sync-cycle,implementation,dae8d9499,18,0,,,,10778,240,7397
sync-cycle,implementation,dae8d9499,18,1,,,,12664,220,8390
sync-cycle,implementation,dae8d9499,18,2,,,,12282,198,8914
sync-cycle,implementation,dae8d9499,18,3,,,,11392,189,7385
sync-cycle,implementation,dae8d9499,18,4,,,,12708,240,7806
sync-cycle,implementation,dae8d9499,18,5,,,,10861,223,7305
sync-cycle,implementation,dae8d9499,18,6,,,,8656,240,6310
sync-cycle,implementation,dae8d9499,18,7,,,,11009,244,7717
sync-cycle,implementation,dae8d9499,18,8,,,,11036,203,8026
sync-cycle,implementation,dae8d9499,18,9,,,,8661,187,6511
sync-cycle,implementation,dae8d9499,18,10,,,,8362,184,5649
sync-cycle,implementation,dae8d9499,18,11,,,,8208,192,5558
sync-cycle,implementation,dae8d9499,18,12,,,,8183,186,5800
sync-cycle,implementation,dae8d9499,18,13,,,,7629,205,5455
sync-cycle,implementation,dae8d9499,18,14,,,,8094,206,5766
sync-cycle,implementation,dae8d9499,18,15,,,,9965,217,6193
sync-cycle,implementation,dae8d9499,18,16,,,,11349,385,6497
sync-cycle,implementation,dae8d9499,18,17,,,,11863,253,8222
sync-cycle,implementation,dae8d9499,18,18,,,,15000,242,9312
sync-cycle,implementation,dae8d9499,18,19,,,,12174,299,8166
sequential,implementation,dae8d9499,19,0,6337802,6433703,17856,,,
sequential,implementation,dae8d9499,19,1,6345984,6968245,21225,,,
sequential,implementation,dae8d9499,19,2,6387271,6618329,20194,,,
sequential,implementation,dae8d9499,19,3,6369206,6937665,19958,,,
sequential,implementation,dae8d9499,19,4,6318777,6515471,19489,,,
sequential,implementation,dae8d9499,19,5,6399999,6811340,19160,,,
sequential,implementation,dae8d9499,19,6,6320337,6980806,19524,,,
sequential,implementation,dae8d9499,19,7,6323877,6913233,19375,,,
sequential,implementation,dae8d9499,19,8,6431676,6759062,19967,,,
sequential,implementation,dae8d9499,19,9,6585273,6945500,19165,,,
sequential,implementation,dae8d9499,19,10,6577323,6830368,19191,,,
sequential,implementation,dae8d9499,19,11,6513594,7186275,19440,,,
sequential,implementation,dae8d9499,19,12,6543140,6848471,20436,,,
sequential,implementation,dae8d9499,19,13,6433138,7547923,22850,,,
sequential,implementation,dae8d9499,19,14,7183311,7969104,21596,,,
sequential,implementation,dae8d9499,19,15,7056890,8361911,20918,,,
sequential,implementation,dae8d9499,19,16,7039847,9126730,39449,,,
sequential,implementation,dae8d9499,19,17,7098536,9184912,40906,,,
sequential,implementation,dae8d9499,19,18,7026342,8614522,22061,,,
sequential,implementation,dae8d9499,19,19,7141322,9176851,21996,,,
sequential,baseline,4cf9505a3,19,0,7178140,10668793,22268,,,
sequential,baseline,4cf9505a3,19,1,7118611,8836739,22526,,,
sequential,baseline,4cf9505a3,19,2,7219848,9898495,42642,,,
sequential,baseline,4cf9505a3,19,3,7326776,14456721,27723,,,
sequential,baseline,4cf9505a3,19,4,7336981,10284432,27900,,,
sequential,baseline,4cf9505a3,19,5,8867020,11515828,22749,,,
sequential,baseline,4cf9505a3,19,6,7523196,12882200,33742,,,
sequential,baseline,4cf9505a3,19,7,7411911,9166529,23200,,,
sequential,baseline,4cf9505a3,19,8,7253920,10734363,28156,,,
sequential,baseline,4cf9505a3,19,9,8216573,10472441,23955,,,
sequential,baseline,4cf9505a3,19,10,7260012,9508745,22061,,,
sequential,baseline,4cf9505a3,19,11,6970756,9738653,22704,,,
sequential,baseline,4cf9505a3,19,12,7027583,9325048,22731,,,
sequential,baseline,4cf9505a3,19,13,7456515,10489832,21592,,,
sequential,baseline,4cf9505a3,19,14,6813966,7226872,19915,,,
sequential,baseline,4cf9505a3,19,15,6474628,6408191,20180,,,
sequential,baseline,4cf9505a3,19,16,6677222,7756434,20255,,,
sequential,baseline,4cf9505a3,19,17,7008689,8670962,20771,,,
sequential,baseline,4cf9505a3,19,18,7189188,7821336,19830,,,
sequential,baseline,4cf9505a3,19,19,6358347,6952919,19463,,,
sync-cycle,implementation,dae8d9499,19,0,,,,12490,266,8893
sync-cycle,implementation,dae8d9499,19,1,,,,13574,288,9426
sync-cycle,implementation,dae8d9499,19,2,,,,13229,229,10004
sync-cycle,implementation,dae8d9499,19,3,,,,13505,191,9936
sync-cycle,implementation,dae8d9499,19,4,,,,14085,291,9209
sync-cycle,implementation,dae8d9499,19,5,,,,12020,189,8107
sync-cycle,implementation,dae8d9499,19,6,,,,11796,227,7452
sync-cycle,implementation,dae8d9499,19,7,,,,14802,244,8520
sync-cycle,implementation,dae8d9499,19,8,,,,15371,268,9854
sync-cycle,implementation,dae8d9499,19,9,,,,14466,230,9803
sync-cycle,implementation,dae8d9499,19,10,,,,15426,372,10241
sync-cycle,implementation,dae8d9499,19,11,,,,14380,285,8250
sync-cycle,implementation,dae8d9499,19,12,,,,15946,271,10162
sync-cycle,implementation,dae8d9499,19,13,,,,13366,217,9289
sync-cycle,implementation,dae8d9499,19,14,,,,13673,215,8020
sync-cycle,implementation,dae8d9499,19,15,,,,13335,267,8803
sync-cycle,implementation,dae8d9499,19,16,,,,12915,241,8250
sync-cycle,implementation,dae8d9499,19,17,,,,13300,244,8414
sync-cycle,implementation,dae8d9499,19,18,,,,12098,225,8484
sync-cycle,implementation,dae8d9499,19,19,,,,11728,200,7010
sync-cycle,baseline,4cf9505a3,19,0,,,,10422,205,7135
sync-cycle,baseline,4cf9505a3,19,1,,,,8064,206,5741
sync-cycle,baseline,4cf9505a3,19,2,,,,9648,192,6424
sync-cycle,baseline,4cf9505a3,19,3,,,,8152,201,6182
sync-cycle,baseline,4cf9505a3,19,4,,,,9194,205,6018
sync-cycle,baseline,4cf9505a3,19,5,,,,9636,191,6605
sync-cycle,baseline,4cf9505a3,19,6,,,,9013,272,6126
sync-cycle,baseline,4cf9505a3,19,7,,,,8656,228,5900
sync-cycle,baseline,4cf9505a3,19,8,,,,9962,184,7326
sync-cycle,baseline,4cf9505a3,19,9,,,,10684,210,7930
sync-cycle,baseline,4cf9505a3,19,10,,,,8930,214,6025
sync-cycle,baseline,4cf9505a3,19,11,,,,8184,165,6238
sync-cycle,baseline,4cf9505a3,19,12,,,,9875,198,6661
sync-cycle,baseline,4cf9505a3,19,13,,,,8937,225,5963
sync-cycle,baseline,4cf9505a3,19,14,,,,9201,252,6031
sync-cycle,baseline,4cf9505a3,19,15,,,,9733,173,6541
sync-cycle,baseline,4cf9505a3,19,16,,,,9615,221,6484
sync-cycle,baseline,4cf9505a3,19,17,,,,11235,274,8188
sync-cycle,baseline,4cf9505a3,19,18,,,,11656,272,7782
sync-cycle,baseline,4cf9505a3,19,19,,,,10897,278,7115
sequential,baseline,4cf9505a3,20,0,6534877,6786173,20017,,,
sequential,baseline,4cf9505a3,20,1,6347242,6763710,20021,,,
sequential,baseline,4cf9505a3,20,2,6355549,6652162,20097,,,
sequential,baseline,4cf9505a3,20,3,6329077,6711815,19281,,,
sequential,baseline,4cf9505a3,20,4,6409271,6570507,19807,,,
sequential,baseline,4cf9505a3,20,5,6316304,6597736,19839,,,
sequential,baseline,4cf9505a3,20,6,6303603,6791697,19016,,,
sequential,baseline,4cf9505a3,20,7,6331948,6676745,19283,,,
sequential,baseline,4cf9505a3,20,8,6652942,6834446,20091,,,
sequential,baseline,4cf9505a3,20,9,6331324,6755106,19951,,,
sequential,baseline,4cf9505a3,20,10,6337246,6979549,20703,,,
sequential,baseline,4cf9505a3,20,11,6366136,6942249,19287,,,
sequential,baseline,4cf9505a3,20,12,6333652,6854724,19951,,,
sequential,baseline,4cf9505a3,20,13,6393580,6577858,19934,,,
sequential,baseline,4cf9505a3,20,14,6319005,7420702,20568,,,
sequential,baseline,4cf9505a3,20,15,6664261,7592441,20286,,,
sequential,baseline,4cf9505a3,20,16,6522429,7303933,18529,,,
sequential,baseline,4cf9505a3,20,17,6825530,7522486,18969,,,
sequential,baseline,4cf9505a3,20,18,6345938,6514933,18391,,,
sequential,baseline,4cf9505a3,20,19,6783098,6750167,18798,,,
sequential,implementation,dae8d9499,20,0,7239501,8425347,19949,,,
sequential,implementation,dae8d9499,20,1,6625715,6974074,20089,,,
sequential,implementation,dae8d9499,20,2,6849568,7187782,18680,,,
sequential,implementation,dae8d9499,20,3,6964550,8061846,19428,,,
sequential,implementation,dae8d9499,20,4,6501445,7840328,19656,,,
sequential,implementation,dae8d9499,20,5,9302885,9357850,19363,,,
sequential,implementation,dae8d9499,20,6,7464395,8444220,20183,,,
sequential,implementation,dae8d9499,20,7,6853372,6793916,20292,,,
sequential,implementation,dae8d9499,20,8,6547352,7623352,19884,,,
sequential,implementation,dae8d9499,20,9,6733731,6700805,19733,,,
sequential,implementation,dae8d9499,20,10,6765009,6864235,18013,,,
sequential,implementation,dae8d9499,20,11,6614673,6838676,19010,,,
sequential,implementation,dae8d9499,20,12,6525484,6547213,19850,,,
sequential,implementation,dae8d9499,20,13,6451030,6576832,20162,,,
sequential,implementation,dae8d9499,20,14,6333801,6642407,17785,,,
sequential,implementation,dae8d9499,20,15,6642545,6601641,19968,,,
sequential,implementation,dae8d9499,20,16,6839519,6584841,19010,,,
sequential,implementation,dae8d9499,20,17,6325541,7428261,19103,,,
sequential,implementation,dae8d9499,20,18,6330398,7097602,19054,,,
sequential,implementation,dae8d9499,20,19,6454772,7364196,19988,,,
sync-cycle,baseline,4cf9505a3,20,0,,,,8228,199,6225
sync-cycle,baseline,4cf9505a3,20,1,,,,8172,179,5551
sync-cycle,baseline,4cf9505a3,20,2,,,,8904,197,6082
sync-cycle,baseline,4cf9505a3,20,3,,,,11277,232,6989
sync-cycle,baseline,4cf9505a3,20,4,,,,11838,224,9119
sync-cycle,baseline,4cf9505a3,20,5,,,,13081,285,8608
sync-cycle,baseline,4cf9505a3,20,6,,,,28494,229,8320
sync-cycle,baseline,4cf9505a3,20,7,,,,10329,218,7218
sync-cycle,baseline,4cf9505a3,20,8,,,,14335,331,6771
sync-cycle,baseline,4cf9505a3,20,9,,,,9313,214,6195
sync-cycle,baseline,4cf9505a3,20,10,,,,8982,274,5863
sync-cycle,baseline,4cf9505a3,20,11,,,,9362,219,7181
sync-cycle,baseline,4cf9505a3,20,12,,,,8606,226,6421
sync-cycle,baseline,4cf9505a3,20,13,,,,9554,257,6578
sync-cycle,baseline,4cf9505a3,20,14,,,,8746,192,5542
sync-cycle,baseline,4cf9505a3,20,15,,,,8976,218,6312
sync-cycle,baseline,4cf9505a3,20,16,,,,9020,218,6270
sync-cycle,baseline,4cf9505a3,20,17,,,,9959,259,6628
sync-cycle,baseline,4cf9505a3,20,18,,,,8420,224,5861
sync-cycle,baseline,4cf9505a3,20,19,,,,8881,216,6009
sync-cycle,implementation,dae8d9499,20,0,,,,10890,219,7074
sync-cycle,implementation,dae8d9499,20,1,,,,11078,221,7036
sync-cycle,implementation,dae8d9499,20,2,,,,12050,246,7112
sync-cycle,implementation,dae8d9499,20,3,,,,8882,191,6030
sync-cycle,implementation,dae8d9499,20,4,,,,10657,302,6939
sync-cycle,implementation,dae8d9499,20,5,,,,8929,203,5762
sync-cycle,implementation,dae8d9499,20,6,,,,26434,272,23377
sync-cycle,implementation,dae8d9499,20,7,,,,9245,239,6224
sync-cycle,implementation,dae8d9499,20,8,,,,10487,253,7586
sync-cycle,implementation,dae8d9499,20,9,,,,11749,208,6877
sync-cycle,implementation,dae8d9499,20,10,,,,8943,203,6147
sync-cycle,implementation,dae8d9499,20,11,,,,12373,336,8225
sync-cycle,implementation,dae8d9499,20,12,,,,11547,272,7723
sync-cycle,implementation,dae8d9499,20,13,,,,9125,222,5881
sync-cycle,implementation,dae8d9499,20,14,,,,10974,243,6930
sync-cycle,implementation,dae8d9499,20,15,,,,9608,200,6895
sync-cycle,implementation,dae8d9499,20,16,,,,8703,196,5701
sync-cycle,implementation,dae8d9499,20,17,,,,10632,215,6384
sync-cycle,implementation,dae8d9499,20,18,,,,10071,220,7222
sync-cycle,implementation,dae8d9499,20,19,,,,9048,169,6359
sequential,implementation,dae8d9499,21,0,6878271,7960458,20520,,,
sequential,implementation,dae8d9499,21,1,6900644,6674454,18398,,,
sequential,implementation,dae8d9499,21,2,6408946,6847268,21087,,,
sequential,implementation,dae8d9499,21,3,6394250,7962848,18659,,,
sequential,implementation,dae8d9499,21,4,6416731,7705394,18673,,,
sequential,implementation,dae8d9499,21,5,6601467,6722505,20054,,,
sequential,implementation,dae8d9499,21,6,6579796,7064527,19267,,,
sequential,implementation,dae8d9499,21,7,6502687,6636265,20068,,,
sequential,implementation,dae8d9499,21,8,6633416,7143680,18081,,,
sequential,implementation,dae8d9499,21,9,6340226,7082642,18961,,,
sequential,implementation,dae8d9499,21,10,6384894,8664315,26184,,,
sequential,implementation,dae8d9499,21,11,11381984,20593920,40428,,,
sequential,implementation,dae8d9499,21,12,12747840,15406303,27796,,,
sequential,implementation,dae8d9499,21,13,8739743,16823109,33639,,,
sequential,implementation,dae8d9499,21,14,10802131,17784039,41886,,,
sequential,implementation,dae8d9499,21,15,10228533,17491378,32502,,,
sequential,implementation,dae8d9499,21,16,10552191,20017388,49601,,,
sequential,implementation,dae8d9499,21,17,11105006,18856414,37097,,,
sequential,implementation,dae8d9499,21,18,11198738,16522700,34224,,,
sequential,implementation,dae8d9499,21,19,11260863,25041413,33915,,,
sequential,baseline,4cf9505a3,21,0,9485247,14060326,31076,,,
sequential,baseline,4cf9505a3,21,1,9494585,14847820,34295,,,
sequential,baseline,4cf9505a3,21,2,9906273,14427878,36466,,,
sequential,baseline,4cf9505a3,21,3,9672534,13610489,36762,,,
sequential,baseline,4cf9505a3,21,4,9575490,14944464,41476,,,
sequential,baseline,4cf9505a3,21,5,9846651,13924384,29955,,,
sequential,baseline,4cf9505a3,21,6,9401541,13433865,40536,,,
sequential,baseline,4cf9505a3,21,7,9121865,13066329,31465,,,
sequential,baseline,4cf9505a3,21,8,9178188,12096191,23940,,,
sequential,baseline,4cf9505a3,21,9,9089695,9969585,24592,,,
sequential,baseline,4cf9505a3,21,10,7905985,9671377,24980,,,
sequential,baseline,4cf9505a3,21,11,7369759,10713037,22537,,,
sequential,baseline,4cf9505a3,21,12,8433439,11477335,32451,,,
sequential,baseline,4cf9505a3,21,13,7719498,11878464,24821,,,
sequential,baseline,4cf9505a3,21,14,8071690,11900095,34555,,,
sequential,baseline,4cf9505a3,21,15,9514059,13077397,24144,,,
sequential,baseline,4cf9505a3,21,16,7671782,11491555,26911,,,
sequential,baseline,4cf9505a3,21,17,7958933,11287332,41513,,,
sequential,baseline,4cf9505a3,21,18,10211743,14000434,26211,,,
sequential,baseline,4cf9505a3,21,19,8063169,13092964,29427,,,
sync-cycle,implementation,dae8d9499,21,0,,,,14273,311,10047
sync-cycle,implementation,dae8d9499,21,1,,,,13711,288,9407
sync-cycle,implementation,dae8d9499,21,2,,,,14545,254,10786
sync-cycle,implementation,dae8d9499,21,3,,,,16206,296,10396
sync-cycle,implementation,dae8d9499,21,4,,,,18618,600,14995
sync-cycle,implementation,dae8d9499,21,5,,,,20253,664,15114
sync-cycle,implementation,dae8d9499,21,6,,,,20469,560,16047
sync-cycle,implementation,dae8d9499,21,7,,,,25530,672,34659
sync-cycle,implementation,dae8d9499,21,8,,,,15183,523,10760
sync-cycle,implementation,dae8d9499,21,9,,,,13608,341,9822
sync-cycle,implementation,dae8d9499,21,10,,,,16980,264,29660
sync-cycle,implementation,dae8d9499,21,11,,,,13410,330,14829
sync-cycle,implementation,dae8d9499,21,12,,,,14132,259,9683
sync-cycle,implementation,dae8d9499,21,13,,,,16187,453,10056
sync-cycle,implementation,dae8d9499,21,14,,,,19960,560,14543
sync-cycle,implementation,dae8d9499,21,15,,,,20100,537,14609
sync-cycle,implementation,dae8d9499,21,16,,,,20035,542,14193
sync-cycle,implementation,dae8d9499,21,17,,,,20591,579,15169
sync-cycle,implementation,dae8d9499,21,18,,,,17141,514,13487
sync-cycle,implementation,dae8d9499,21,19,,,,19340,585,13756
sync-cycle,baseline,4cf9505a3,21,0,,,,16896,477,12185
sync-cycle,baseline,4cf9505a3,21,1,,,,16300,510,12976
sync-cycle,baseline,4cf9505a3,21,2,,,,16731,452,12615
sync-cycle,baseline,4cf9505a3,21,3,,,,16461,399,11887
sync-cycle,baseline,4cf9505a3,21,4,,,,31819,456,12480
sync-cycle,baseline,4cf9505a3,21,5,,,,15733,467,11431
sync-cycle,baseline,4cf9505a3,21,6,,,,16306,445,11729
sync-cycle,baseline,4cf9505a3,21,7,,,,13317,292,8302
sync-cycle,baseline,4cf9505a3,21,8,,,,12454,267,7606
sync-cycle,baseline,4cf9505a3,21,9,,,,9786,271,6383
sync-cycle,baseline,4cf9505a3,21,10,,,,12665,211,8304
sync-cycle,baseline,4cf9505a3,21,11,,,,11804,258,7374
sync-cycle,baseline,4cf9505a3,21,12,,,,10283,258,7076
sync-cycle,baseline,4cf9505a3,21,13,,,,10461,254,6483
sync-cycle,baseline,4cf9505a3,21,14,,,,10143,293,7381
sync-cycle,baseline,4cf9505a3,21,15,,,,8595,252,6203
sync-cycle,baseline,4cf9505a3,21,16,,,,7845,266,5683
sync-cycle,baseline,4cf9505a3,21,17,,,,8390,284,5851
sync-cycle,baseline,4cf9505a3,21,18,,,,8957,260,5894
sync-cycle,baseline,4cf9505a3,21,19,,,,8209,609,5428
sequential,baseline,4cf9505a3,22,0,6307168,6462705,18362,,,
sequential,baseline,4cf9505a3,22,1,6305515,6535640,18579,,,
sequential,baseline,4cf9505a3,22,2,6431463,6908108,20022,,,
sequential,baseline,4cf9505a3,22,3,6349313,6472822,19390,,,
sequential,baseline,4cf9505a3,22,4,6400737,6824490,19188,,,
sequential,baseline,4cf9505a3,22,5,6648645,8318968,18740,,,
sequential,baseline,4cf9505a3,22,6,6923419,8006454,19810,,,
sequential,baseline,4cf9505a3,22,7,7210305,8253671,27952,,,
sequential,baseline,4cf9505a3,22,8,7339708,7310972,19176,,,
sequential,baseline,4cf9505a3,22,9,6846382,7287051,19137,,,
sequential,baseline,4cf9505a3,22,10,6463475,7263057,18965,,,
sequential,baseline,4cf9505a3,22,11,7069764,7887639,18773,,,
sequential,baseline,4cf9505a3,22,12,6964936,8009136,19655,,,
sequential,baseline,4cf9505a3,22,13,6454401,6624476,18552,,,
sequential,baseline,4cf9505a3,22,14,6621573,6967770,19747,,,
sequential,baseline,4cf9505a3,22,15,6704067,7060712,20522,,,
sequential,baseline,4cf9505a3,22,16,6344240,8141988,19441,,,
sequential,baseline,4cf9505a3,22,17,6484395,6845284,18260,,,
sequential,baseline,4cf9505a3,22,18,6427072,7568446,18405,,,
sequential,baseline,4cf9505a3,22,19,6264513,7593348,19331,,,
sequential,implementation,dae8d9499,22,0,6341962,7103594,19346,,,
sequential,implementation,dae8d9499,22,1,6359651,6593616,20430,,,
sequential,implementation,dae8d9499,22,2,6456476,7177087,18057,,,
sequential,implementation,dae8d9499,22,3,6319943,7492204,20220,,,
sequential,implementation,dae8d9499,22,4,6330790,6696295,18888,,,
sequential,implementation,dae8d9499,22,5,6299515,7119768,19497,,,
sequential,implementation,dae8d9499,22,6,6344125,6561687,17822,,,
sequential,implementation,dae8d9499,22,7,6569626,6912718,19981,,,
sequential,implementation,dae8d9499,22,8,6534230,6659854,19771,,,
sequential,implementation,dae8d9499,22,9,6353390,7886476,18965,,,
sequential,implementation,dae8d9499,22,10,6709270,8437231,22128,,,
sequential,implementation,dae8d9499,22,11,6991811,8588799,19749,,,
sequential,implementation,dae8d9499,22,12,6955505,7707395,19065,,,
sequential,implementation,dae8d9499,22,13,6740733,6675443,19706,,,
sequential,implementation,dae8d9499,22,14,6635534,6754349,19018,,,
sequential,implementation,dae8d9499,22,15,6504467,6749356,20438,,,
sequential,implementation,dae8d9499,22,16,6532006,6921958,18651,,,
sequential,implementation,dae8d9499,22,17,6289738,6655857,18451,,,
sequential,implementation,dae8d9499,22,18,6308722,7013560,19302,,,
sequential,implementation,dae8d9499,22,19,6449234,6633289,19238,,,
sync-cycle,baseline,4cf9505a3,22,0,,,,10022,279,6515
sync-cycle,baseline,4cf9505a3,22,1,,,,8630,221,5944
sync-cycle,baseline,4cf9505a3,22,2,,,,7995,240,5706
sync-cycle,baseline,4cf9505a3,22,3,,,,9302,224,6700
sync-cycle,baseline,4cf9505a3,22,4,,,,9155,260,6773
sync-cycle,baseline,4cf9505a3,22,5,,,,9285,224,6223
sync-cycle,baseline,4cf9505a3,22,6,,,,9542,219,6563
sync-cycle,baseline,4cf9505a3,22,7,,,,8826,230,5902
sync-cycle,baseline,4cf9505a3,22,8,,,,9217,223,6496
sync-cycle,baseline,4cf9505a3,22,9,,,,9440,268,6503
sync-cycle,baseline,4cf9505a3,22,10,,,,8798,212,5909
sync-cycle,baseline,4cf9505a3,22,11,,,,12793,275,9121
sync-cycle,baseline,4cf9505a3,22,12,,,,13266,306,8153
sync-cycle,baseline,4cf9505a3,22,13,,,,12783,221,8993
sync-cycle,baseline,4cf9505a3,22,14,,,,14105,366,9101
sync-cycle,baseline,4cf9505a3,22,15,,,,14382,282,9027
sync-cycle,baseline,4cf9505a3,22,16,,,,12993,217,8244
sync-cycle,baseline,4cf9505a3,22,17,,,,43392,313,25707
sync-cycle,baseline,4cf9505a3,22,18,,,,11239,238,7293
sync-cycle,baseline,4cf9505a3,22,19,,,,8975,296,5743
sync-cycle,implementation,dae8d9499,22,0,,,,11802,295,8335
sync-cycle,implementation,dae8d9499,22,1,,,,12626,235,8298
sync-cycle,implementation,dae8d9499,22,2,,,,12268,240,8462
sync-cycle,implementation,dae8d9499,22,3,,,,13671,360,8137
sync-cycle,implementation,dae8d9499,22,4,,,,10048,320,6837
sync-cycle,implementation,dae8d9499,22,5,,,,9565,228,6495
sync-cycle,implementation,dae8d9499,22,6,,,,9596,246,6715
sync-cycle,implementation,dae8d9499,22,7,,,,8611,171,5782
sync-cycle,implementation,dae8d9499,22,8,,,,8693,211,6176
sync-cycle,implementation,dae8d9499,22,9,,,,13476,251,9124
sync-cycle,implementation,dae8d9499,22,10,,,,13152,289,9441
sync-cycle,implementation,dae8d9499,22,11,,,,13431,252,9274
sync-cycle,implementation,dae8d9499,22,12,,,,10513,180,7564
sync-cycle,implementation,dae8d9499,22,13,,,,25871,249,7427
sync-cycle,implementation,dae8d9499,22,14,,,,12479,268,8911
sync-cycle,implementation,dae8d9499,22,15,,,,12300,227,9201
sync-cycle,implementation,dae8d9499,22,16,,,,9790,179,6575
sync-cycle,implementation,dae8d9499,22,17,,,,9274,276,6230
sync-cycle,implementation,dae8d9499,22,18,,,,10527,242,5872
sync-cycle,implementation,dae8d9499,22,19,,,,8741,215,6079
sequential,implementation,dae8d9499,23,0,6853366,6850254,19417,,,
sequential,implementation,dae8d9499,23,1,6503443,6713422,20329,,,
sequential,implementation,dae8d9499,23,2,6511604,6675910,20378,,,
sequential,implementation,dae8d9499,23,3,6489339,6746924,18519,,,
sequential,implementation,dae8d9499,23,4,6334662,6373952,19160,,,
sequential,implementation,dae8d9499,23,5,6309882,7408932,19921,,,
sequential,implementation,dae8d9499,23,6,6481879,7639978,20638,,,
sequential,implementation,dae8d9499,23,7,6660492,10805894,21786,,,
sequential,implementation,dae8d9499,23,8,6860608,8503817,20451,,,
sequential,implementation,dae8d9499,23,9,9000551,9027456,20959,,,
sequential,implementation,dae8d9499,23,10,7731002,9388065,22388,,,
sequential,implementation,dae8d9499,23,11,6814082,10471017,21963,,,
sequential,implementation,dae8d9499,23,12,7734038,10108997,20360,,,
sequential,implementation,dae8d9499,23,13,7206343,7897704,19787,,,
sequential,implementation,dae8d9499,23,14,7522963,8262674,20167,,,
sequential,implementation,dae8d9499,23,15,6837105,9192605,25961,,,
sequential,implementation,dae8d9499,23,16,6694841,8622469,21191,,,
sequential,implementation,dae8d9499,23,17,6791632,7791639,20801,,,
sequential,implementation,dae8d9499,23,18,6851626,7505305,19402,,,
sequential,implementation,dae8d9499,23,19,6662098,7701613,18906,,,
sequential,baseline,4cf9505a3,23,0,7562939,6868240,19070,,,
sequential,baseline,4cf9505a3,23,1,6300665,6490717,18418,,,
sequential,baseline,4cf9505a3,23,2,6309292,6315123,18815,,,
sequential,baseline,4cf9505a3,23,3,6433415,6637229,19089,,,
sequential,baseline,4cf9505a3,23,4,6352832,6758732,19393,,,
sequential,baseline,4cf9505a3,23,5,6286406,6543130,18325,,,
sequential,baseline,4cf9505a3,23,6,6306930,6682160,22287,,,
sequential,baseline,4cf9505a3,23,7,6287694,7122494,19021,,,
sequential,baseline,4cf9505a3,23,8,6309839,6647365,18295,,,
sequential,baseline,4cf9505a3,23,9,6290174,6644279,18165,,,
sequential,baseline,4cf9505a3,23,10,6308980,7185266,18796,,,
sequential,baseline,4cf9505a3,23,11,6352146,7007470,19710,,,
sequential,baseline,4cf9505a3,23,12,6314600,7241852,19623,,,
sequential,baseline,4cf9505a3,23,13,6436991,9156537,21911,,,
sequential,baseline,4cf9505a3,23,14,7222128,8006324,23119,,,
sequential,baseline,4cf9505a3,23,15,7314104,7614130,19243,,,
sequential,baseline,4cf9505a3,23,16,7036938,7838261,19340,,,
sequential,baseline,4cf9505a3,23,17,6628478,7543067,19792,,,
sequential,baseline,4cf9505a3,23,18,6318945,6645637,18444,,,
sequential,baseline,4cf9505a3,23,19,6290338,6763220,17660,,,
sync-cycle,implementation,dae8d9499,23,0,,,,10651,455,6515
sync-cycle,implementation,dae8d9499,23,1,,,,10887,206,7726
sync-cycle,implementation,dae8d9499,23,2,,,,13286,268,8644
sync-cycle,implementation,dae8d9499,23,3,,,,11115,268,7206
sync-cycle,implementation,dae8d9499,23,4,,,,12514,234,7995
sync-cycle,implementation,dae8d9499,23,5,,,,12717,205,8039
sync-cycle,implementation,dae8d9499,23,6,,,,30986,266,7402
sync-cycle,implementation,dae8d9499,23,7,,,,10874,212,8214
sync-cycle,implementation,dae8d9499,23,8,,,,10238,221,7113
sync-cycle,implementation,dae8d9499,23,9,,,,11774,280,8222
sync-cycle,implementation,dae8d9499,23,10,,,,11050,225,7594
sync-cycle,implementation,dae8d9499,23,11,,,,12149,212,8078
sync-cycle,implementation,dae8d9499,23,12,,,,11016,185,6972
sync-cycle,implementation,dae8d9499,23,13,,,,28891,253,7549
sync-cycle,implementation,dae8d9499,23,14,,,,11628,216,8091
sync-cycle,implementation,dae8d9499,23,15,,,,9674,235,6099
sync-cycle,implementation,dae8d9499,23,16,,,,8637,182,6158
sync-cycle,implementation,dae8d9499,23,17,,,,10482,246,6311
sync-cycle,implementation,dae8d9499,23,18,,,,8844,196,6378
sync-cycle,implementation,dae8d9499,23,19,,,,12427,235,6822
sync-cycle,baseline,4cf9505a3,23,0,,,,8882,210,6797
sync-cycle,baseline,4cf9505a3,23,1,,,,7955,200,5504
sync-cycle,baseline,4cf9505a3,23,2,,,,10309,244,5773
sync-cycle,baseline,4cf9505a3,23,3,,,,10283,277,6415
sync-cycle,baseline,4cf9505a3,23,4,,,,7935,223,5796
sync-cycle,baseline,4cf9505a3,23,5,,,,13331,321,6976
sync-cycle,baseline,4cf9505a3,23,6,,,,12641,273,8322
sync-cycle,baseline,4cf9505a3,23,7,,,,12216,289,8053
sync-cycle,baseline,4cf9505a3,23,8,,,,12515,241,8359
sync-cycle,baseline,4cf9505a3,23,9,,,,12895,253,8361
sync-cycle,baseline,4cf9505a3,23,10,,,,10063,256,7230
sync-cycle,baseline,4cf9505a3,23,11,,,,8630,216,6157
sync-cycle,baseline,4cf9505a3,23,12,,,,9670,200,6780
sync-cycle,baseline,4cf9505a3,23,13,,,,10322,233,7186
sync-cycle,baseline,4cf9505a3,23,14,,,,10707,259,7904
sync-cycle,baseline,4cf9505a3,23,15,,,,9367,201,6754
sync-cycle,baseline,4cf9505a3,23,16,,,,8265,209,6008
sync-cycle,baseline,4cf9505a3,23,17,,,,8259,203,5759
sync-cycle,baseline,4cf9505a3,23,18,,,,9363,194,6437
sync-cycle,baseline,4cf9505a3,23,19,,,,8735,261,5876
sequential,baseline,4cf9505a3,24,0,6336490,6674685,18250,,,
sequential,baseline,4cf9505a3,24,1,6843704,6872982,18253,,,
sequential,baseline,4cf9505a3,24,2,6457402,7252496,18955,,,
sequential,baseline,4cf9505a3,24,3,6428981,6715259,23264,,,
sequential,baseline,4cf9505a3,24,4,6845872,7985701,19178,,,
sequential,baseline,4cf9505a3,24,5,7000637,8513252,21018,,,
sequential,baseline,4cf9505a3,24,6,7071259,9195519,21072,,,
sequential,baseline,4cf9505a3,24,7,7246929,9326817,24914,,,
sequential,baseline,4cf9505a3,24,8,6968264,7844634,26289,,,
sequential,baseline,4cf9505a3,24,9,7194770,7971127,20529,,,
sequential,baseline,4cf9505a3,24,10,7214545,9929368,21867,,,
sequential,baseline,4cf9505a3,24,11,7538485,9031106,20918,,,
sequential,baseline,4cf9505a3,24,12,7156868,9075181,22915,,,
sequential,baseline,4cf9505a3,24,13,7184692,10015897,25079,,,
sequential,baseline,4cf9505a3,24,14,7620611,9894737,31396,,,
sequential,baseline,4cf9505a3,24,15,7697650,9656404,32039,,,
sequential,baseline,4cf9505a3,24,16,7454246,8551165,21049,,,
sequential,baseline,4cf9505a3,24,17,6644630,7964952,19068,,,
sequential,baseline,4cf9505a3,24,18,6631847,9325572,20409,,,
sequential,baseline,4cf9505a3,24,19,6818991,7581286,21731,,,
sequential,implementation,dae8d9499,24,0,6727443,6960146,18890,,,
sequential,implementation,dae8d9499,24,1,6748654,6702513,21002,,,
sequential,implementation,dae8d9499,24,2,6533166,6687166,19870,,,
sequential,implementation,dae8d9499,24,3,6693391,6672959,20318,,,
sequential,implementation,dae8d9499,24,4,6497211,6672457,20907,,,
sequential,implementation,dae8d9499,24,5,6595712,6791281,20568,,,
sequential,implementation,dae8d9499,24,6,6477933,6578439,23478,,,
sequential,implementation,dae8d9499,24,7,6316774,6795990,19331,,,
sequential,implementation,dae8d9499,24,8,6359907,8625690,22389,,,
sequential,implementation,dae8d9499,24,9,7053812,8434159,21198,,,
sequential,implementation,dae8d9499,24,10,7096536,8576930,22734,,,
sequential,implementation,dae8d9499,24,11,6801254,7953000,19315,,,
sequential,implementation,dae8d9499,24,12,7258848,7696480,20149,,,
sequential,implementation,dae8d9499,24,13,7133068,7615320,20454,,,
sequential,implementation,dae8d9499,24,14,6343446,7099871,19310,,,
sequential,implementation,dae8d9499,24,15,6964129,7684966,19428,,,
sequential,implementation,dae8d9499,24,16,7117368,8341289,20244,,,
sequential,implementation,dae8d9499,24,17,7585483,8309435,20624,,,
sequential,implementation,dae8d9499,24,18,7310479,7838118,20023,,,
sequential,implementation,dae8d9499,24,19,7552634,8949232,27484,,,
sync-cycle,baseline,4cf9505a3,24,0,,,,13287,244,8424
sync-cycle,baseline,4cf9505a3,24,1,,,,9938,199,6978
sync-cycle,baseline,4cf9505a3,24,2,,,,8545,224,5806
sync-cycle,baseline,4cf9505a3,24,3,,,,9171,204,5935
sync-cycle,baseline,4cf9505a3,24,4,,,,8344,223,5628
sync-cycle,baseline,4cf9505a3,24,5,,,,8069,199,5786
sync-cycle,baseline,4cf9505a3,24,6,,,,7588,198,5203
sync-cycle,baseline,4cf9505a3,24,7,,,,8104,230,5700
sync-cycle,baseline,4cf9505a3,24,8,,,,8053,252,5340
sync-cycle,baseline,4cf9505a3,24,9,,,,8426,208,5852
sync-cycle,baseline,4cf9505a3,24,10,,,,9063,218,6270
sync-cycle,baseline,4cf9505a3,24,11,,,,8089,222,5712
sync-cycle,baseline,4cf9505a3,24,12,,,,27166,312,24113
sync-cycle,baseline,4cf9505a3,24,13,,,,7987,243,5423
sync-cycle,baseline,4cf9505a3,24,14,,,,7526,189,5132
sync-cycle,baseline,4cf9505a3,24,15,,,,8149,266,6015
sync-cycle,baseline,4cf9505a3,24,16,,,,7625,206,5085
sync-cycle,baseline,4cf9505a3,24,17,,,,8209,244,6064
sync-cycle,baseline,4cf9505a3,24,18,,,,8473,197,5567
sync-cycle,baseline,4cf9505a3,24,19,,,,8070,229,5379
sync-cycle,implementation,dae8d9499,24,0,,,,8812,230,5881
sync-cycle,implementation,dae8d9499,24,1,,,,8045,208,5505
sync-cycle,implementation,dae8d9499,24,2,,,,8499,250,5919
sync-cycle,implementation,dae8d9499,24,3,,,,8391,246,5756
sync-cycle,implementation,dae8d9499,24,4,,,,8231,217,5605
sync-cycle,implementation,dae8d9499,24,5,,,,8800,238,5978
sync-cycle,implementation,dae8d9499,24,6,,,,7643,197,5345
sync-cycle,implementation,dae8d9499,24,7,,,,7661,211,5743
sync-cycle,implementation,dae8d9499,24,8,,,,8467,222,6183
sync-cycle,implementation,dae8d9499,24,9,,,,7662,213,5166
sync-cycle,implementation,dae8d9499,24,10,,,,8766,223,5738
sync-cycle,implementation,dae8d9499,24,11,,,,10865,332,6860
sync-cycle,implementation,dae8d9499,24,12,,,,9976,244,6892
sync-cycle,implementation,dae8d9499,24,13,,,,10638,215,6597
sync-cycle,implementation,dae8d9499,24,14,,,,9903,215,6528
sync-cycle,implementation,dae8d9499,24,15,,,,9436,284,6497
sync-cycle,implementation,dae8d9499,24,16,,,,8595,240,5782
sync-cycle,implementation,dae8d9499,24,17,,,,7942,203,5457
sync-cycle,implementation,dae8d9499,24,18,,,,8292,229,5689
sync-cycle,implementation,dae8d9499,24,19,,,,7691,215,5251
