sequence,cycle_started_us,command_sent_us,response_completed_us,full_loop_us,pre_send_us,transport_us,setpoint_milli_c,observed_milli_c,measured_milli_c,command_actuator_permille,status_actuator_permille,error_milli_c
1,1302,24331,141756,140454,23029,117425,45000,20000,20266,951,951,24734
2,142310,144442,151443,9133,2132,7001,45000,20266,20543,991,991,24457
3,242368,244370,251500,9132,2002,7130,45000,20543,20817,986,986,24183
4,342419,344314,351494,9075,1895,7180,45000,20817,21087,979,979,23913
5,442469,444329,451485,9016,1860,7156,45000,21087,21355,972,972,23645
6,542519,544310,551469,8950,1791,7159,45000,21355,21620,965,965,23380
7,642567,644331,651494,8927,1764,7163,45000,21620,21882,958,958,23118
8,742619,744382,751482,8863,1763,7100,45000,21882,22141,951,951,22859
9,842668,844438,851482,8814,1770,7044,45000,22141,22396,944,944,22604
10,942718,944503,951486,8768,1785,6983,45000,22396,22649,938,938,22351
11,1042786,1044575,1051488,8702,1789,6913,45000,22649,22899,931,931,22101
12,1142835,1144632,1151481,8646,1797,6849,45000,22899,23147,924,924,21853
13,1242883,1244680,1251477,8594,1797,6797,45000,23147,23391,917,917,21609
14,1342933,1344728,1351493,8560,1795,6765,45000,23391,23632,911,911,21368
15,1442984,1444776,1451494,8510,1792,6718,45000,23632,23871,904,904,21129
16,1543033,1544821,1551482,8449,1788,6661,45000,23871,24107,898,898,20893
17,1643082,1644876,1651501,8419,1794,6625,45000,24107,24340,892,892,20660
18,1743132,1744920,1751490,8358,1788,6570,45000,24340,24571,885,885,20429
19,1843181,1844979,1851483,8302,1798,6504,45000,24571,24798,879,879,20202
20,1943231,1945017,1951476,8245,1786,6459,45000,24798,25024,874,874,19976
21,2043279,2045066,2051495,8216,1787,6429,45000,25024,25247,867,867,19753
22,2143331,2145118,2151495,8164,1787,6377,45000,25247,25467,861,861,19533
23,2243380,2245159,2251483,8103,1779,6324,45000,25467,25684,855,855,19316
24,2343430,2345189,2351475,8045,1759,6286,45000,25684,25900,850,850,19100
25,2443478,2445236,2451488,8010,1758,6252,45000,25900,26112,844,844,18888
26,2543528,2545289,2551483,7955,1761,6194,45000,26112,26322,838,838,18678
27,2643577,2645332,2651479,7902,1755,6147,45000,26322,26530,833,833,18470
28,2743626,2745387,2751501,7875,1761,6114,45000,26530,26736,827,827,18264
29,2843675,2845432,2851493,7818,1757,6061,45000,26736,26939,822,822,18061
30,2943724,2945480,2951483,7759,1756,6003,45000,26939,27140,816,816,17860
31,3043774,3045535,3051479,7705,1761,5944,45000,27140,27338,811,811,17662
32,3143823,3145584,3151522,7699,1761,5938,45000,27338,27535,806,806,17465
33,3243895,3245657,3251515,7620,1762,5858,45000,27535,27728,800,800,17272
34,3343944,3345701,3351522,7578,1757,5821,45000,27728,27920,795,795,17080
35,3443993,3445747,3451490,7497,1754,5743,45000,27920,28110,790,790,16890
36,3544042,3545795,3551480,7438,1753,5685,45000,28110,28297,785,785,16703
37,3644091,3645843,3651492,7401,1752,5649,45000,28297,28482,780,780,16518
38,3744141,3745891,3751487,7346,1750,5596,45000,28482,28665,775,775,16335
39,3844190,3845942,3851484,7294,1752,5542,45000,28665,28847,771,771,16153
40,3944239,3945989,3951493,7254,1750,5504,45000,28847,29025,765,765,15975
41,4044289,4046038,4051487,7198,1749,5449,45000,29025,29202,761,761,15798
42,4144338,4146085,4151487,7149,1747,5402,45000,29202,29377,756,756,15623
43,4244387,4246132,4251493,7106,1745,5361,45000,29377,29550,751,751,15450
44,4344437,4346172,4351480,7043,1735,5308,45000,29550,29721,747,747,15279
45,4444500,4446216,4451490,6990,1716,5274,45000,29721,29890,742,742,15110
46,4544534,4546250,4551490,6956,1716,5240,45000,29890,30057,738,738,14943
47,4644582,4646299,4651480,6898,1717,5181,45000,30057,30222,733,733,14778
48,4744632,4746351,4751486,6854,1719,5135,45000,30222,30385,729,729,14615
49,4844680,4846398,4851485,6805,1718,5087,45000,30385,30547,725,725,14453
50,4944729,4946445,4951486,6757,1716,5041,45000,30547,30706,720,720,14294
51,5044778,5046499,5051480,6702,1721,4981,45000,30706,30864,716,716,14136
52,5144827,5146546,5151488,6661,1719,4942,45000,30864,31020,712,712,13980
53,5244876,5246591,5251485,6609,1715,4894,45000,31020,31174,708,708,13826
54,5344925,5346640,5351481,6556,1715,4841,45000,31174,31326,704,704,13674
55,5444973,5446691,5451476,6503,1718,4785,45000,31326,31477,700,700,13523
56,5545022,5546740,5551490,6468,1718,4750,45000,31477,31626,696,696,13374
57,5645071,5646792,5651492,6421,1721,4700,45000,31626,31773,692,692,13227
58,5745120,5746836,5751479,6359,1716,4643,45000,31773,31919,688,688,13081
59,5845169,5846888,5851498,6329,1719,4610,45000,31919,32062,684,684,12938
60,5945218,5946934,5951488,6270,1716,4554,45000,32062,32205,680,680,12795
61,6045269,6046987,6051486,6217,1718,4499,45000,32205,32345,676,676,12655
62,6145321,6147048,6151478,6157,1727,4430,45000,32345,32484,673,673,12516
63,6245371,6247090,6251499,6128,1719,4409,45000,32484,32622,669,669,12378
64,6345422,6347139,6351504,6082,1717,4365,45000,32622,32757,665,665,12243
65,6445472,6447194,6451489,6017,1722,4295,45000,32757,32892,662,662,12108
66,6545522,6547247,6551483,5961,1725,4236,45000,32892,33024,658,658,11976
67,6645573,6647295,6651481,5908,1722,4186,45000,33024,33156,655,655,11844
68,6745625,6747348,6751473,5848,1723,4125,45000,33156,33285,651,651,11715
69,6845675,6847393,6851490,5815,1718,4097,45000,33285,33413,647,647,11587
70,6945726,6947450,6951485,5759,1724,4035,45000,33413,33540,644,644,11460
71,7045776,7047495,7051481,5705,1719,3986,45000,33540,33665,641,641,11335
72,7145826,7147550,7151478,5652,1724,3928,45000,33665,33789,638,638,11211
73,7245877,7247596,7251489,5612,1719,3893,45000,33789,33912,634,634,11088
74,7345928,7347649,7351495,5567,1721,3846,45000,33912,34033,631,631,10967
75,7445979,7447695,7451480,5501,1716,3785,45000,34033,34152,627,627,10848
76,7546028,7547746,7551492,5464,1718,3746,45000,34152,34270,625,625,10730
77,7646079,7647799,7651495,5416,1720,3696,45000,34270,34387,622,622,10613
78,7746130,7747852,7751481,5351,1722,3629,45000,34387,34503,618,618,10497
79,7846180,7847898,7851487,5307,1718,3589,45000,34503,34617,615,615,10383
80,7946231,7947951,7951483,5252,1720,3532,45000,34617,34730,612,612,10270
81,8046282,8048000,8051486,5204,1718,3486,45000,34730,34842,609,609,10158
82,8146333,8148059,8151479,5146,1726,3420,45000,34842,34952,606,606,10048
83,8246384,8248104,8251492,5108,1720,3388,45000,34952,35061,603,603,9939
84,8346434,8348156,8351485,5051,1722,3329,45000,35061,35169,600,600,9831
85,8446485,8448204,8451479,4994,1719,3275,45000,35169,35275,597,597,9725
86,8546536,8548257,8551481,4945,1721,3224,45000,35275,35381,595,595,9619
87,8646586,8648305,8651489,4903,1719,3184,45000,35381,35485,592,592,9515
88,8746637,8748357,8751484,4847,1720,3127,45000,35485,35588,589,589,9412
89,8846688,8848407,8851480,4792,1719,3073,45000,35588,35690,586,586,9310
90,8946739,8948461,8951495,4756,1722,3034,45000,35690,35790,583,583,9210
91,9046790,9048506,9051491,4701,1716,2985,45000,35790,35890,581,581,9110
92,9146841,9148564,9151505,4664,1723,2941,45000,35890,35988,578,578,9012
93,9246892,9248610,9251488,4596,1718,2878,45000,35988,36085,576,576,8915
94,9346942,9348661,9351625,4683,1719,2964,45000,36085,36181,573,573,8819
95,9446992,9448704,9451719,4727,1712,3015,45000,36181,36276,570,570,8724
96,9547041,9548757,9551767,4726,1716,3010,45000,36276,36370,568,568,8630
97,9647090,9648809,9651834,4744,1719,3025,45000,36370,36463,565,565,8537
98,9747140,9748855,9751901,4761,1715,3046,45000,36463,36555,563,563,8445
99,9847210,9848926,9851987,4777,1716,3061,45000,36555,36646,561,561,8354
100,9947259,9948975,9954687,7428,1716,5712,45000,36646,36735,558,558,8265
101,10047314,10049029,10052420,5106,1715,3391,45000,36735,36824,556,556,8176
102,10147363,10149084,10152454,5091,1721,3370,45000,36824,36912,553,553,8088
103,10247417,10249130,10252459,5042,1713,3329,45000,36912,36998,551,551,8002
104,10347466,10349182,10352453,4987,1716,3271,45000,36998,37084,549,549,7916
105,10447517,10449233,10452456,4939,1716,3223,45000,37084,37168,546,546,7832
106,10547566,10549281,10552451,4885,1715,3170,45000,37168,37252,544,544,7748
107,10647615,10649331,10652461,4846,1716,3130,45000,37252,37335,542,542,7665
108,10747666,10749385,10752455,4789,1719,3070,45000,37335,37417,540,540,7583
109,10847716,10849428,10852449,4733,1712,3021,45000,37417,37498,538,538,7502
110,10947765,10949483,10952459,4694,1718,2976,45000,37498,37578,536,536,7422
111,11047815,11049529,11052462,4647,1714,2933,45000,37578,37657,533,533,7343
112,11147864,11149587,11152458,4594,1723,2871,45000,37657,37735,531,531,7265
113,11247914,11249626,11251434,3520,1712,1808,45000,37735,37812,529,529,7188
114,11347964,11349680,11351554,3590,1716,1874,45000,37812,37888,527,527,7112
115,11448014,11449729,11461472,13458,1715,11743,45000,37888,37964,525,525,7036
116,11548086,11549805,11561495,13409,1719,11690,45000,37964,38038,523,523,6962
117,11648137,11649853,11661502,13365,1716,11649,45000,38038,38112,521,521,6888
118,11748188,11749901,11761502,13314,1713,11601,45000,38112,38185,519,519,6815
119,11848239,11849951,11861507,13268,1712,11556,45000,38185,38257,517,517,6743
120,11948289,11950005,11961495,13206,1716,11490,45000,38257,38328,515,515,6672
121,12048339,12050054,12061514,13175,1715,11460,45000,38328,38398,513,513,6602
122,12148390,12150112,12161523,13133,1722,11411,45000,38398,38468,512,512,6532
123,12248440,12250156,12261490,13050,1716,11334,45000,38468,38537,510,510,6463
124,12348511,12350225,12361483,12972,1714,11258,45000,38537,38605,508,508,6395
125,12448561,12455502,12461483,12922,6941,5981,45000,38605,38672,506,506,6328
126,12548611,12550329,12561476,12865,1718,11147,45000,38672,38739,504,504,6261
127,12648662,12650375,12661491,12829,1713,11116,45000,38739,38804,502,502,6196
128,12748712,12750428,12761497,12785,1716,11069,45000,38804,38870,501,501,6130
129,12848764,12850488,12861484,12720,1724,10996,45000,38870,38934,499,499,6066
130,12948815,12950559,12961470,12655,1744,10911,45000,38934,38997,497,497,6003
131,13048865,13050577,13061490,12625,1712,10913,45000,38997,39060,496,496,5940
132,13148916,13150634,13161495,12579,1718,10861,45000,39060,39122,494,494,5878
133,13248966,13250683,13261482,12516,1717,10799,45000,39122,39183,492,492,5817
134,13349017,13350732,13361485,12468,1715,10753,45000,39183,39244,491,491,5756
135,13449068,13450783,13461488,12420,1715,10705,45000,39244,39304,489,489,5696
136,13549118,13550833,13561480,12362,1715,10647,45000,39304,39363,487,487,5637
137,13649169,13650887,13661482,12313,1718,10595,45000,39363,39422,486,486,5578
138,13749219,13750934,13761486,12267,1715,10552,45000,39422,39480,484,484,5520
139,13849270,13850986,13861483,12213,1716,10497,45000,39480,39537,483,483,5463
140,13949320,13951034,13961479,12159,1714,10445,45000,39537,39594,481,481,5406
141,14049370,14051084,14061488,12118,1714,10404,45000,39594,39649,479,479,5351
142,14149421,14151141,14161497,12076,1720,10356,45000,39649,39705,478,478,5295
143,14249472,14251186,14261484,12012,1714,10298,45000,39705,39759,477,477,5241
144,14349523,14351238,14361479,11956,1715,10241,45000,39759,39813,475,475,5187
145,14449574,14451292,14461490,11916,1718,10198,45000,39813,39867,474,474,5133
146,14549623,14551338,14561495,11872,1715,10157,45000,39867,39919,472,472,5081
147,14649675,14651390,14661482,11807,1715,10092,45000,39919,39972,471,471,5028
148,14749726,14751439,14761485,11759,1713,10046,45000,39972,40023,469,469,4977
149,14849777,14851493,14861489,11712,1716,9996,45000,40023,40074,468,468,4926
150,14949827,14951541,14961482,11655,1714,9941,45000,40074,40124,467,467,4876
151,15049878,15051594,15061479,11601,1716,9885,45000,40124,40174,466,466,4826
152,15149929,15151647,15161510,11581,1718,9863,45000,40174,40224,464,464,4776
153,15249999,15251712,15261504,11505,1713,9792,45000,40224,40272,463,463,4728
154,15350049,15351762,15361499,11450,1713,9737,45000,40272,40321,462,462,4679
155,15450101,15451850,15461488,11387,1749,9638,45000,40321,40368,460,460,4632
156,15550151,15551901,15561483,11332,1750,9582,45000,40368,40415,459,459,4585
157,15650202,15651967,15661473,11271,1765,9506,45000,40415,40462,458,458,4538
158,15750252,15752017,15761494,11242,1765,9477,45000,40462,40508,457,457,4492
159,15850303,15852066,15861487,11184,1763,9421,45000,40508,40553,455,455,4447
160,15950354,15952118,15961483,11129,1764,9365,45000,40553,40598,454,454,4402
161,16050404,16052164,16061474,11070,1760,9310,45000,40598,40643,453,453,4357
162,16150454,16152220,16161489,11035,1766,9269,45000,40643,40687,452,452,4313
163,16250505,16252269,16261489,10984,1764,9220,45000,40687,40730,451,451,4270
164,16350556,16352319,16361491,10935,1763,9172,45000,40730,40773,449,449,4227
165,16450608,16452373,16461487,10879,1765,9114,45000,40773,40815,448,448,4185
166,16550658,16552421,16561491,10833,1763,9070,45000,40815,40857,447,447,4143
167,16650709,16652471,16661476,10767,1762,9005,45000,40857,40899,446,446,4101
168,16750760,16752519,16761482,10722,1759,8963,45000,40899,40940,445,445,4060
169,16850811,16852575,16861497,10686,1764,8922,45000,40940,40980,444,444,4020
170,16950862,16952619,16961486,10624,1757,8867,45000,40980,41020,443,443,3980
171,17050912,17052677,17061482,10570,1765,8805,45000,41020,41060,442,442,3940
172,17150962,17152725,17161487,10525,1763,8762,45000,41060,41099,441,441,3901
173,17251014,17252782,17261490,10476,1768,8708,45000,41099,41138,440,440,3862
174,17351065,17352827,17361482,10417,1762,8655,45000,41138,41176,439,439,3824
175,17451116,17452878,17461482,10366,1762,8604,45000,41176,41214,438,438,3786
176,17551167,17552926,17561487,10320,1759,8561,45000,41214,41252,437,437,3748
177,17651218,17652980,17661491,10273,1762,8511,45000,41252,41289,436,436,3711
178,17751269,17753026,17761483,10214,1757,8457,45000,41289,41326,435,435,3674
179,17851319,17853077,17861503,10184,1758,8426,45000,41326,41362,434,434,3638
180,17951370,17953127,17961508,10138,1757,8381,45000,41362,41398,433,433,3602
181,18051421,18053178,18061502,10081,1757,8324,45000,41398,41433,432,432,3567
182,18151472,18153232,18161493,10021,1760,8261,45000,41433,41468,431,431,3532
183,18251522,18253282,18261485,9963,1760,8203,45000,41468,41502,430,430,3498
184,18351573,18353327,18361481,9908,1754,8154,45000,41502,41537,429,429,3463
185,18451624,18453373,18461483,9859,1749,8110,45000,41537,41570,428,428,3430
186,18551674,18553450,18561489,9815,1776,8039,45000,41570,41604,427,427,3396
187,18651725,18653498,18661505,9780,1773,8007,45000,41604,41636,426,426,3364
188,18751776,18753546,18761487,9711,1770,7941,45000,41636,41669,426,426,3331
189,18851837,18853598,18861488,9651,1761,7890,45000,41669,41701,425,425,3299
190,18951886,18953642,18961489,9603,1756,7847,45000,41701,41733,424,424,3267
191,19051935,19053692,19061487,9552,1757,7795,45000,41733,41765,423,423,3235
192,19151985,19153745,19161480,9495,1760,7735,45000,41765,41796,422,422,3204
193,19252034,19253791,19261488,9454,1757,7697,45000,41796,41827,421,421,3173
194,19352083,19353834,19361489,9406,1751,7655,45000,41827,41857,420,420,3143
195,19452132,19453893,19461475,9343,1761,7582,45000,41857,41887,419,419,3113
196,19552182,19553940,19561489,9307,1758,7549,45000,41887,41917,419,419,3083
197,19652231,19653991,19661498,9267,1760,7507,45000,41917,41946,418,418,3054
198,19752281,19754038,19761484,9203,1757,7446,45000,41946,41975,417,417,3025
199,19852330,19854089,19861492,9162,1759,7403,45000,41975,42004,416,416,2996
200,19952380,19954134,19964687,12307,1754,10553,45000,42004,42032,416,416,2968
201,20052432,20054191,20061439,9007,1759,7248,45000,42032,42060,415,415,2940
202,20152483,20154242,20161484,9001,1759,7242,45000,42060,42088,414,414,2912
203,20252537,20254294,20261486,8949,1757,7192,45000,42088,42115,413,413,2885
204,20352586,20354344,20361499,8913,1758,7155,45000,42115,42142,413,413,2858
205,20452637,20454398,20461486,8849,1761,7088,45000,42142,42169,412,412,2831
206,20552686,20554444,20561480,8794,1758,7036,45000,42169,42195,411,411,2805
207,20652736,20654519,20661520,8784,1783,7001,45000,42195,42222,411,411,2778
208,20752809,20754589,20761509,8700,1780,6920,45000,42222,42248,410,410,2752
209,20852858,20854652,20861501,8643,1794,6849,45000,42248,42273,409,409,2727
210,20952908,20954699,20961497,8589,1791,6798,45000,42273,42298,408,408,2702
211,21052957,21054743,21061484,8527,1786,6741,45000,42298,42323,408,408,2677
212,21153006,21154797,21161479,8473,1791,6682,45000,42323,42348,407,407,2652
213,21253055,21254838,21261492,8437,1783,6654,45000,42348,42372,406,406,2628
214,21353106,21354890,21361495,8389,1784,6605,45000,42372,42397,406,406,2603
215,21453155,21454944,21461483,8328,1789,6539,45000,42397,42420,405,405,2580
216,21553205,21554990,21561474,8269,1785,6484,45000,42420,42444,405,405,2556
217,21653255,21655037,21661495,8240,1782,6458,45000,42444,42467,404,404,2533
218,21753305,21755085,21761498,8193,1780,6413,45000,42467,42490,403,403,2510
219,21853354,21855133,21861486,8132,1779,6353,45000,42490,42513,403,403,2487
220,21953417,21955173,21961480,8063,1756,6307,45000,42513,42536,402,402,2464
221,22053467,22055220,22061487,8020,1753,6267,45000,42536,42558,401,401,2442
222,22153516,22155273,22161489,7973,1757,6216,45000,42558,42580,401,401,2420
223,22253565,22255320,22261480,7915,1755,6160,45000,42580,42602,400,400,2398
224,22353613,22355370,22361489,7876,1757,6119,45000,42602,42623,400,400,2377
225,22453663,22455418,22461490,7827,1755,6072,45000,42623,42644,399,399,2356
226,22553713,22555468,22561479,7766,1755,6011,45000,42644,42666,399,399,2334
227,22653762,22655516,22661486,7724,1754,5970,45000,42666,42686,398,398,2314
228,22753811,22755564,22761489,7678,1753,5925,45000,42686,42707,397,397,2293
229,22853859,22855615,22861494,7635,1756,5879,45000,42707,42727,397,397,2273
230,22953909,22955660,22961485,7576,1751,5825,45000,42727,42747,396,396,2253
231,23053958,23055708,23061490,7532,1750,5782,45000,42747,42767,396,396,2233
232,23154008,23155766,23161496,7488,1758,5730,45000,42767,42787,395,395,2213
233,23254057,23255807,23261483,7426,1750,5676,45000,42787,42806,395,395,2194
234,23354106,23355854,23361498,7392,1748,5644,45000,42806,42825,394,394,2175
235,23454155,23455899,23461509,7354,1744,5610,45000,42825,42844,394,394,2156
236,23554204,23555955,23561505,7301,1751,5550,45000,42844,42863,393,393,2137
237,23654253,23656004,23661491,7238,1751,5487,45000,42863,42881,393,393,2119
238,23754304,23756053,23761485,7181,1749,5432,45000,42881,42900,392,392,2100
239,23854353,23856095,23861471,7118,1742,5376,45000,42900,42918,392,392,2082
240,23954401,23956142,23961489,7088,1741,5347,45000,42918,42936,391,391,2064
241,24054451,24056180,24061498,7047,1729,5318,45000,42936,42953,391,391,2047
242,24154510,24156228,24161485,6975,1718,5257,45000,42953,42971,390,390,2029
243,24254559,24256277,24261478,6919,1718,5201,45000,42971,42988,390,390,2012
244,24354609,24356321,24361492,6883,1712,5171,45000,42988,43005,389,389,1995
245,24454658,24456376,24461488,6830,1718,5112,45000,43005,43022,389,389,1978
246,24554707,24556421,24561492,6785,1714,5071,45000,43022,43038,388,388,1962
247,24654757,24656470,24661488,6731,1713,5018,45000,43038,43055,388,388,1945
248,24754805,24756521,24761495,6690,1716,4974,45000,43055,43071,387,387,1929
249,24854854,24861020,24871442,16588,6166,10422,45000,43071,43087,387,387,1913
250,24954903,24956621,24961467,6564,1718,4846,45000,43087,43103,387,387,1897
251,25054952,25056667,25061502,6550,1715,4835,45000,43103,43119,386,386,1881
252,25155020,25156742,25161505,6485,1722,4763,45000,43119,43134,386,386,1866
253,25255071,25256787,25261515,6444,1716,4728,45000,43134,43150,386,386,1850
254,25355120,25356834,25361512,6392,1714,4678,45000,43150,43165,385,385,1835
255,25455169,25456888,25461503,6334,1719,4615,45000,43165,43180,385,385,1820
256,25555219,25556934,25561489,6270,1715,4555,45000,43180,43195,384,384,1805
257,25655269,25656996,25661476,6207,1727,4480,45000,43195,43210,384,384,1790
258,25755320,25757033,25761488,6168,1713,4455,45000,43210,43224,384,384,1776
259,25855372,25857087,25861503,6131,1715,4416,45000,43224,43239,383,383,1761
260,25955422,25957134,25961485,6063,1712,4351,45000,43239,43253,383,383,1747
261,26055473,26057188,26061477,6004,1715,4289,45000,43253,43267,382,382,1733
262,26155523,26157238,26161516,5993,1715,4278,45000,43267,43281,382,382,1719
263,26255597,26257311,26261520,5923,1714,4209,45000,43281,43295,382,382,1705
264,26355648,26357360,26361507,5859,1712,4147,45000,43295,43308,381,381,1692
265,26455698,26457414,26461495,5797,1716,4081,45000,43308,43322,381,381,1678
266,26555749,26557462,26561483,5734,1713,4021,45000,43322,43335,380,380,1665
267,26655799,26657516,26661479,5680,1717,3963,45000,43335,43348,380,380,1652
268,26755849,26757561,26761489,5640,1712,3928,45000,43348,43361,380,380,1639
269,26855900,26857616,26861495,5595,1716,3879,45000,43361,43374,379,379,1626
270,26955950,26957661,26961482,5532,1711,3821,45000,43374,43386,379,379,1614
271,27056001,27057719,27061485,5484,1718,3766,45000,43386,43399,379,379,1601
272,27156052,27157769,27161504,5452,1717,3735,45000,43399,43411,378,378,1589
273,27256103,27257818,27261487,5384,1715,3669,45000,43411,43423,378,378,1577
274,27356153,27357866,27361474,5321,1713,3608,45000,43423,43435,378,378,1565
275,27456204,27457917,27461494,5290,1713,3577,45000,43435,43447,377,377,1553
276,27556255,27557966,27561497,5242,1711,3531,45000,43447,43459,377,377,1541
277,27656305,27658024,27661484,5179,1719,3460,45000,43459,43471,377,377,1529
278,27756355,27758069,27761489,5134,1714,3420,45000,43471,43482,376,376,1518
279,27856406,27858123,27861496,5090,1717,3373,45000,43482,43493,376,376,1507
280,27956457,27958170,27961504,5047,1713,3334,45000,43493,43505,376,376,1495
281,28056508,28058223,28061492,4984,1715,3269,45000,43505,43516,375,375,1484
282,28156559,28158274,28161502,4943,1715,3228,45000,43516,43527,375,375,1473
283,28256610,28258323,28261487,4877,1713,3164,45000,43527,43538,375,375,1462
284,28356659,28358371,28361498,4839,1712,3127,45000,43538,43548,375,375,1452
285,28456710,28458423,28461491,4781,1713,3068,45000,43548,43559,375,375,1441
286,28556760,28558472,28561500,4740,1712,3028,45000,43559,43570,374,374,1430
287,28656811,28658526,28661488,4677,1715,2962,45000,43570,43580,374,374,1420
288,28756861,28758572,28761483,4622,1711,2911,45000,43580,43591,374,374,1409
289,28856912,28858625,28861485,4573,1713,2860,45000,43591,43601,373,373,1399
290,28956962,28958673,28961646,4684,1711,2973,45000,43601,43611,373,373,1389
291,29057011,29058729,29061729,4718,1718,3000,45000,43611,43621,373,373,1379
292,29157060,29158776,29161800,4740,1716,3024,45000,43621,43631,373,373,1369
293,29257110,29258822,29261850,4740,1712,3028,45000,43631,43640,372,372,1360
294,29357160,29358872,29361935,4775,1712,3063,45000,43640,43650,372,372,1350
295,29457227,29458945,29461994,4767,1718,3049,45000,43650,43659,372,372,1341
296,29557277,29558988,29562079,4802,1711,3091,45000,43659,43669,372,372,1331
297,29657327,29659042,29662129,4802,1715,3087,45000,43669,43678,371,371,1322
298,29757376,29759088,29762225,4849,1712,3137,45000,43678,43687,371,371,1313
299,29857426,29859143,29862303,4877,1717,3160,45000,43687,43696,371,371,1304
300,29957475,29959188,29964687,7212,1713,5499,45000,43696,43706,371,371,1294
301,30057530,30059251,30062417,4887,1721,3166,45000,43706,43714,370,370,1286
302,30157579,30159296,30162460,4881,1717,3164,45000,43714,43723,370,370,1277
303,30257628,30259343,30262454,4826,1715,3111,45000,43723,43732,370,370,1268
304,30357679,30359392,30362454,4775,1713,3062,45000,43732,43740,370,370,1260
305,30457728,30459445,30462450,4722,1717,3005,45000,43740,43749,370,370,1251
306,30557778,30559487,30562460,4682,1709,2973,45000,43749,43757,369,369,1243
307,30657827,30659545,30662456,4629,1718,2911,45000,43757,43766,369,369,1234
308,30757876,30759586,30762454,4578,1710,2868,45000,43766,43774,369,369,1226
309,30857926,30859644,30861455,3529,1718,1811,45000,43774,43782,369,369,1218
310,30957976,30959687,30961571,3595,1711,1884,45000,43782,43790,368,368,1210
311,31058026,31059743,31071735,13709,1717,11992,45000,43790,43798,368,368,1202
312,31158075,31159792,31171427,13352,1717,11635,45000,43798,43806,368,368,1194
313,31258124,31259843,31271497,13373,1719,11654,45000,43806,43814,368,368,1186
314,31358174,31359886,31371518,13344,1712,11632,45000,43814,43821,367,367,1179
315,31458240,31459959,31471613,13373,1719,11654,45000,43821,43829,367,367,1171
316,31558290,31560003,31571637,13347,1713,11634,45000,43829,43836,367,367,1164
317,31658358,31660074,31671726,13368,1716,11652,45000,43836,43843,367,367,1157
318,31758409,31760121,31771752,13343,1712,11631,45000,43843,43851,367,367,1149
319,31858477,31860190,31871816,13339,1713,11626,45000,43851,43858,366,366,1142
320,31958528,31960240,31971874,13346,1712,11634,45000,43858,43865,366,366,1135
321,32058579,32060296,32071459,12880,1717,11163,45000,43865,43872,366,366,1128
322,32158630,32160345,32171569,12939,1715,11224,45000,43872,43879,366,366,1121
323,32258679,32260394,32271493,12814,1715,11099,45000,43879,43886,366,366,1114
324,32358730,32360441,32371497,12767,1711,11056,45000,43886,43893,365,365,1107
325,32458780,32460495,32471490,12710,1715,10995,45000,43893,43899,365,365,1101
326,32558831,32560544,32571506,12675,1713,10962,45000,43899,43906,365,365,1094
327,32658881,32660596,32671499,12618,1715,10903,45000,43906,43912,365,365,1088
328,32758931,32760646,32771486,12555,1715,10840,45000,43912,43919,365,365,1081
329,32858982,32860695,32871470,12488,1713,10775,45000,43919,43926,365,365,1074
330,32959032,32960743,32971488,12456,1711,10745,45000,43926,43932,364,364,1068
331,33059083,33060801,33071489,12406,1718,10688,45000,43932,43938,364,364,1062
332,33159134,33160848,33171479,12345,1714,10631,45000,43938,43944,364,364,1056
333,33259184,33260900,33271484,12300,1716,10584,45000,43944,43950,364,364,1050
334,33359234,33360949,33371488,12254,1715,10539,45000,43950,43956,364,364,1044
335,33459285,33461000,33471494,12209,1715,10494,45000,43956,43962,364,364,1038
336,33559336,33561046,33571484,12148,1710,10438,45000,43962,43969,364,364,1031
337,33659387,33661103,33671509,12122,1716,10406,45000,43969,43974,363,363,1026
338,33759438,33761150,33771504,12066,1712,10354,45000,43974,43980,363,363,1020
339,33859488,33861204,33871499,12011,1716,10295,45000,43980,43986,363,363,1014
340,33959538,33961250,33971489,11951,1712,10239,45000,43986,43991,363,363,1009
341,34059589,34061306,34071495,11906,1717,10189,45000,43991,43997,363,363,1003
342,34159640,34161357,34171486,11846,1717,10129,45000,43997,44003,363,363,997
343,34259690,34261404,34271492,11802,1714,10088,45000,44003,44008,362,362,992
344,34359741,34361454,34371498,11757,1713,10044,45000,44008,44013,362,362,987
345,34459792,34461509,34471484,11692,1717,9975,45000,44013,44019,362,362,981
346,34559842,34561551,34571479,11637,1709,9928,45000,44019,44024,362,362,976
347,34659893,34661609,34671496,11603,1716,9887,45000,44024,44029,362,362,971
348,34759944,34761655,34771486,11542,1711,9831,45000,44029,44035,362,362,965
349,34859994,34861712,34871484,11490,1718,9772,45000,44035,44039,361,361,961
350,34960045,34961785,34971490,11445,1740,9705,45000,44039,44045,362,362,955
351,35060096,35061846,35071484,11388,1750,9638,45000,44045,44050,361,361,950
352,35160148,35161900,35171485,11337,1752,9585,45000,44050,44054,361,361,946
353,35260199,35261961,35271476,11277,1762,9515,45000,44054,44059,361,361,941
354,35360249,35362008,35371491,11242,1759,9483,45000,44059,44064,361,361,936
355,35460300,35462060,35471496,11196,1760,9436,45000,44064,44069,361,361,931
356,35560351,35562113,35571483,11132,1762,9370,45000,44069,44074,361,361,926
357,35660402,35662162,35671486,11084,1760,9324,45000,44074,44079,361,361,921
358,35760453,35762207,35771487,11034,1754,9280,45000,44079,44083,360,360,917
359,35860504,35862264,35871483,10979,1760,9219,45000,44083,44088,360,360,912
360,35960555,35962311,35971469,10914,1756,9158,45000,44088,44092,360,360,908
361,36060605,36062370,36071489,10884,1765,9119,45000,44092,44096,360,360,904
362,36160656,36162419,36171495,10839,1763,9076,45000,44096,44101,360,360,899
363,36260707,36262469,36271482,10775,1762,9013,45000,44101,44105,360,360,895
364,36360757,36362513,36371499,10742,1756,8986,45000,44105,44110,360,360,890
365,36460808,36462569,36471513,10705,1761,8944,45000,44110,44114,359,359,886
366,36560859,36562619,36571504,10645,1760,8885,45000,44114,44118,359,359,882
367,36660909,36662672,36671499,10590,1763,8827,45000,44118,44122,359,359,878
368,36760960,36762720,36771489,10529,1760,8769,45000,44122,44126,359,359,874
369,36861012,36862772,36871494,10482,1760,8722,45000,44126,44130,359,359,870
370,36961062,36962817,36971488,10426,1755,8671,45000,44130,44134,359,359,866
371,37061112,37062879,37071490,10378,1767,8611,45000,44134,44138,359,359,862
372,37161163,37162928,37171484,10321,1765,8556,45000,44138,44142,359,359,858
373,37261214,37267448,37271483,10269,6234,4035,45000,44142,44146,359,359,854
374,37361265,37363020,37371489,10224,1755,8469,45000,44146,44150,359,359,850
375,37461315,37463076,37471492,10177,1761,8416,45000,44150,44153,358,358,847
376,37561366,37563118,37571498,10132,1752,8380,45000,44153,44157,358,358,843
377,37661417,37663173,37671482,10065,1756,8309,45000,44157,44161,358,358,839
378,37761467,37763220,37771489,10022,1753,8269,45000,44161,44164,358,358,836
379,37861518,37863273,37871489,9971,1755,8216,45000,44164,44168,358,358,832
380,37961568,37963319,37971479,9911,1751,8160,45000,44168,44171,358,358,829
381,38061620,38063367,38071478,9858,1747,8111,45000,44171,44175,358,358,825
382,38161670,38163446,38171491,9821,1776,8045,45000,44175,44178,358,358,822
383,38261721,38263494,38271494,9773,1773,8000,45000,44178,44182,358,358,818
384,38361790,38363534,38371480,9690,1744,7946,45000,44182,44185,357,357,815
385,38461833,38463592,38471489,9656,1759,7897,45000,44185,44189,358,358,811
386,38561883,38563639,38571491,9608,1756,7852,45000,44189,44192,357,357,808
387,38661932,38663692,38671483,9551,1760,7791,45000,44192,44195,357,357,805
388,38761982,38763737,38771479,9497,1755,7742,45000,44195,44198,357,357,802
389,38862031,38863786,38871492,9461,1755,7706,45000,44198,44201,357,357,799
390,38962082,38963833,38971485,9403,1751,7652,45000,44201,44205,357,357,795
391,39062132,39063888,39071481,9349,1756,7593,45000,44205,44208,357,357,792
392,39162181,39163942,39171514,9333,1761,7572,45000,44208,44211,357,357,789
393,39262251,39264011,39271508,9257,1760,7497,45000,44211,44214,357,357,786
394,39362302,39364062,39371502,9200,1760,7440,45000,44214,44217,357,357,783
395,39462351,39464111,39471490,9139,1760,7379,45000,44217,44220,357,357,780
396,39562400,39564153,39571490,9090,1753,7337,45000,44220,44223,357,357,777
397,39662450,39664208,39671484,9034,1758,7276,45000,44223,44226,356,356,774
398,39762498,39764250,39771506,9008,1752,7256,45000,44226,44229,356,356,771
399,39862550,39864309,39871492,8942,1759,7183,45000,44229,44232,356,356,768
400,39962598,39964352,39974685,12087,1754,10333,45000,44232,44234,356,356,766
401,40062650,40064409,40071441,8791,1759,7032,45000,44234,44237,356,356,763
402,40162700,40164458,40171489,8789,1758,7031,45000,44237,44240,356,356,760
403,40262753,40264536,40271490,8737,1783,6954,45000,44240,44243,356,356,757
404,40362802,40364586,40371476,8674,1784,6890,45000,44243,44245,356,356,755
405,40462851,40464637,40471495,8644,1786,6858,45000,44245,44248,356,356,752
406,40562902,40564685,40571495,8593,1783,6810,45000,44248,44251,356,356,749
407,40662951,40664739,40671496,8545,1788,6757,45000,44251,44253,356,356,747
408,40763001,40764780,40771489,8488,1779,6709,45000,44253,44256,356,356,744
409,40863052,40864837,40871480,8428,1785,6643,45000,44256,44259,356,356,741
410,40963101,40964881,40971487,8386,1780,6606,45000,44259,44261,355,355,739
411,41063152,41064939,41071488,8336,1787,6549,45000,44261,44263,355,355,737
412,41163200,41164991,41171470,8270,1791,6479,45000,44263,44266,355,355,734
413,41263249,41265031,41271489,8240,1782,6458,45000,44266,44268,355,355,732
414,41363299,41365078,41371483,8184,1779,6405,45000,44268,44270,355,355,730
415,41463348,41465127,41471479,8131,1779,6352,45000,44270,44273,355,355,727
416,41563415,41565164,41571499,8084,1749,6335,45000,44273,44275,355,355,725
417,41663448,41665203,41671487,8039,1755,6284,45000,44275,44277,355,355,723
418,41763497,41765247,41771484,7987,1750,6237,45000,44277,44280,355,355,720
419,41863546,41865299,41871487,7941,1753,6188,45000,44280,44282,355,355,718
420,41963595,41965342,41971513,7918,1747,6171,45000,44282,44284,355,355,716
421,42063645,42065401,42071509,7864,1756,6108,45000,44284,44286,355,355,714
422,42163694,42165446,42171492,7798,1752,6046,45000,44286,44289,355,355,711
423,42263743,42265500,42271496,7753,1757,5996,45000,44289,44291,355,355,709
424,42363793,42365544,42371485,7692,1751,5941,45000,44291,44293,355,355,707
425,42463842,42465595,42471489,7647,1753,5894,45000,44293,44295,355,355,705
426,42563892,42565645,42571484,7592,1753,5839,45000,44295,44298,355,355,702
427,42663941,42665692,42671488,7547,1751,5796,45000,44298,44299,354,354,701
428,42763991,42765739,42771477,7486,1748,5738,45000,44299,44302,355,355,698
429,42864040,42865790,42871490,7450,1750,5700,45000,44302,44304,354,354,696
430,42964090,42965834,42971496,7406,1744,5662,45000,44304,44306,354,354,694
431,43064140,43065885,43071484,7344,1745,5599,45000,44306,44307,354,354,693
432,43164188,43165940,43171497,7309,1752,5557,45000,44307,44309,354,354,691
433,43264239,43265989,43271490,7251,1750,5501,45000,44309,44311,354,354,689
434,43364288,43366034,43371483,7195,1746,5449,45000,44311,44313,354,354,687
435,43464337,43466078,43471480,7143,1741,5402,45000,44313,44315,354,354,685
436,43564387,43566122,43571498,7111,1735,5376,45000,44315,44317,354,354,683
437,43664436,43666169,43671493,7057,1733,5324,45000,44317,44319,354,354,681
438,43764500,43766211,43771488,6988,1711,5277,45000,44319,44321,354,354,679
439,43864535,43866251,43871485,6950,1716,5234,45000,44321,44322,354,354,678
440,43964584,43966293,43971481,6897,1709,5188,45000,44322,44324,354,354,676
441,44064633,44066350,44071500,6867,1717,5150,45000,44324,44326,354,354,674
442,44164682,44166399,44171504,6822,1717,5105,45000,44326,44328,354,354,672
443,44264731,44266449,44271490,6759,1718,5041,45000,44328,44330,354,354,670
444,44364781,44366490,44371482,6701,1709,4992,45000,44330,44331,354,354,669
445,44464829,44466544,44471485,6656,1715,4941,45000,44331,44333,354,354,667
446,44564878,44566590,44571495,6617,1712,4905,45000,44333,44335,354,354,665
447,44664927,44666644,44671508,6581,1717,4864,45000,44335,44337,354,354,663
448,44764976,44766691,44771486,6510,1715,4795,45000,44337,44339,354,354,661
449,44865024,44866735,44871488,6464,1711,4753,45000,44339,44340,354,354,660
450,44965073,44966786,44971488,6415,1713,4702,45000,44340,44342,354,354,658
451,45065122,45066835,45071481,6359,1713,4646,45000,44342,44344,353,353,656
452,45165171,45166889,45171480,6309,1718,4591,45000,44344,44345,353,353,655
453,45265221,45266939,45271488,6267,1718,4549,45000,44345,44346,353,353,654
454,45365272,45366982,45371489,6217,1710,4507,45000,44346,44348,353,353,652
455,45465322,45467036,45471476,6154,1714,4440,45000,44348,44349,353,353,651
456,45565373,45567085,45571489,6116,1712,4404,45000,44349,44351,353,353,649
457,45665424,45667140,45671496,6072,1716,4356,45000,44351,44352,353,353,648
458,45765475,45767185,45771485,6010,1710,4300,45000,44352,44354,353,353,646
459,45865526,45867242,45871482,5956,1716,4240,45000,44354,44355,353,353,645
460,45965577,45967292,45971492,5915,1715,4200,45000,44355,44357,353,353,643
461,46065627,46067344,46071484,5857,1717,4140,45000,44357,44358,353,353,642
462,46165677,46167394,46171484,5807,1717,4090,45000,44358,44359,353,353,641
463,46265728,46267444,46271481,5753,1716,4037,45000,44359,44361,353,353,639
464,46365779,46367489,46371488,5709,1710,3999,45000,44361,44362,353,353,638
465,46465830,46467545,46471485,5655,1715,3940,45000,44362,44364,353,353,636
466,46565882,46567592,46571474,5592,1710,3882,45000,44364,44365,353,353,635
467,46665932,46667646,46671508,5576,1714,3862,45000,44365,44366,353,353,634
468,46766003,46767715,46771511,5508,1712,3796,45000,44366,44368,353,353,632
469,46866053,46867768,46871499,5446,1715,3731,45000,44368,44369,353,353,631
470,46966103,46967818,46971488,5385,1715,3670,45000,44369,44370,353,353,630
471,47066154,47067869,47071495,5341,1715,3626,45000,44370,44372,353,353,628
472,47166205,47167920,47171485,5280,1715,3565,45000,44372,44373,353,353,627
473,47266255,47267970,47271501,5246,1715,3531,45000,44373,44374,353,353,626
474,47366306,47368019,47371493,5187,1713,3474,45000,44374,44376,353,353,624
475,47466357,47468072,47471484,5127,1715,3412,45000,44376,44377,352,352,623
476,47566408,47568120,47571482,5074,1712,3362,45000,44377,44378,353,353,622
477,47666458,47668173,47671485,5027,1715,3312,45000,44378,44380,353,353,620
478,47766509,47768221,47771487,4978,1712,3266,45000,44380,44381,352,352,619
479,47866560,47868274,47871475,4915,1714,3201,45000,44381,44382,352,352,618
480,47966610,47968323,47971491,4881,1713,3168,45000,44382,44383,352,352,617
481,48066661,48068380,48071485,4824,1719,3105,45000,44383,44384,352,352,616
482,48166711,48168428,48171486,4775,1717,3058,45000,44384,44385,352,352,615
483,48266761,48268479,48271482,4721,1718,3003,45000,44385,44386,352,352,614
484,48366812,48368521,48371493,4681,1709,2972,45000,44386,44387,352,352,613
485,48466863,48468575,48471499,4636,1712,2924,45000,44387,44388,352,352,612
486,48566914,48568625,48571484,4570,1711,2859,45000,44388,44389,352,352,611
487,48666964,48668680,48671627,4663,1716,2947,45000,44389,44390,352,352,610
488,48767014,48768727,48771709,4695,1713,2982,45000,44390,44391,352,352,609
489,48867063,48868778,48871775,4712,1715,2997,45000,44391,44392,352,352,608
490,48967113,48968826,48971843,4730,1713,3017,45000,44392,44393,352,352,607
491,49067163,49068878,49071918,4755,1715,3040,45000,44393,44394,352,352,606
492,49167212,49168932,49171989,4777,1720,3057,45000,44394,44395,352,352,605
493,49267262,49268976,49272059,4797,1714,3083,45000,44395,44396,352,352,604
494,49367311,49369022,49372138,4827,1711,3116,45000,44396,44397,352,352,603
495,49467362,49469076,49472224,4862,1714,3148,45000,44397,44398,352,352,602
496,49567411,49569125,49572297,4886,1714,3172,45000,44398,44399,352,352,601
497,49667461,49673716,49681471,14010,6255,7755,45000,44399,44400,352,352,600
498,49767512,49769225,49771954,4442,1713,2729,45000,44400,44401,352,352,599
499,49867562,49869279,49872062,4500,1717,2783,45000,44401,44402,352,352,598
500,49967611,49969320,49974689,7078,1709,5369,45000,44402,44402,352,352,598
501,50067666,50069385,50072421,4755,1719,3036,45000,44402,44403,352,352,597
502,50167715,50169430,50172453,4738,1715,3023,45000,44403,44404,352,352,596
503,50267785,50269501,50272458,4673,1716,2957,45000,44404,44405,352,352,595
504,50367834,50369547,50372461,4627,1713,2914,45000,44405,44406,352,352,594
505,50467885,50469600,50472461,4576,1715,2861,45000,44406,44407,352,352,593
506,50567934,50569647,50571452,3518,1713,1805,45000,44407,44408,352,352,592
507,50667984,50669702,50681506,13522,1718,11804,45000,44408,44409,352,352,591
508,50768035,50769751,50781511,13476,1716,11760,45000,44409,44410,352,352,590
509,50868085,50869803,50881497,13412,1718,11694,45000,44410,44411,352,352,589
510,50968136,50969853,50981501,13365,1717,11648,45000,44411,44412,352,352,588
511,51068186,51069909,51081494,13308,1723,11585,45000,44412,44413,352,352,587
512,51168236,51169955,51181504,13268,1719,11549,45000,44413,44414,352,352,586
513,51268287,51270015,51281504,13217,1728,11489,45000,44414,44415,352,352,585
514,51368338,51370112,51381470,13132,1774,11358,45000,44415,44415,352,352,585
515,51468389,51470109,51481513,13124,1720,11404,45000,44415,44416,352,352,584
516,51568439,51570152,51581483,13044,1713,11331,45000,44416,44417,351,351,583
517,51668490,51670210,51681478,12988,1720,11268,45000,44417,44418,351,351,582
518,51768540,51770258,51781485,12945,1718,11227,45000,44418,44418,351,351,582
519,51868591,51870309,51881496,12905,1718,11187,45000,44418,44419,352,352,581
520,51968642,51970356,51981484,12842,1714,11128,45000,44419,44420,351,351,580
521,52068692,52070412,52081474,12782,1720,11062,45000,44420,44420,351,351,580
522,52168743,52170463,52181513,12770,1720,11050,45000,44420,44421,351,351,579
523,52268795,52270514,52281516,12721,1719,11002,45000,44421,44421,351,351,579
524,52368846,52370562,52381501,12655,1716,10939,45000,44421,44422,351,351,578
525,52468896,52470616,52481487,12591,1720,10871,45000,44422,44423,351,351,577
526,52568947,52570662,52581482,12535,1715,10820,45000,44423,44423,351,351,577
527,52668997,52670721,52681478,12481,1724,10757,45000,44423,44424,351,351,576
528,52769048,52770763,52781491,12443,1715,10728,45000,44424,44424,351,351,576
529,52869098,52870818,52881495,12397,1720,10677,45000,44424,44425,351,351,575
530,52969148,52970863,52981481,12333,1715,10618,45000,44425,44426,351,351,574
531,53069198,53070919,53081490,12292,1721,10571,45000,44426,44426,351,351,574
532,53169248,53170971,53181492,12244,1723,10521,45000,44426,44427,351,351,573
533,53269299,53271015,53281497,12198,1716,10482,45000,44427,44427,351,351,573
534,53369349,53371062,53381487,12138,1713,10425,45000,44427,44428,351,351,572
535,53469399,53471119,53481477,12078,1720,10358,45000,44428,44428,351,351,572
536,53569449,53571163,53581488,12039,1714,10325,45000,44428,44429,351,351,571
537,53669500,53671217,53681484,11984,1717,10267,45000,44429,44430,351,351,570
538,53769550,53771266,53781481,11931,1716,10215,45000,44430,44430,351,351,570
539,53869601,53871321,53881501,11900,1720,10180,45000,44430,44431,351,351,569
540,53969651,53971365,53981487,11836,1714,10122,45000,44431,44431,351,351,569
541,54069701,54071422,54081478,11777,1721,10056,45000,44431,44432,351,351,568
542,54169752,54171470,54181486,11734,1718,10016,45000,44432,44432,351,351,568
543,54269802,54271518,54281490,11688,1716,9972,45000,44432,44433,351,351,567
544,54369852,54371567,54381482,11630,1715,9915,45000,44433,44433,351,351,567
545,54469902,54471622,54481469,11567,1720,9847,45000,44433,44434,351,351,566
546,54569953,54571668,54581489,11536,1715,9821,45000,44434,44435,351,351,565
547,54670003,54671721,54681495,11492,1718,9774,45000,44435,44435,351,351,565
548,54770053,54771800,54781481,11428,1747,9681,45000,44435,44436,351,351,564
549,54870104,54871858,54881496,11392,1754,9638,45000,44436,44436,351,351,564
550,54970154,54971905,54981504,11350,1751,9599,45000,44436,44437,351,351,563
551,55070204,55071970,55081503,11299,1766,9533,45000,44437,44437,351,351,563
552,55170255,55172024,55181495,11240,1769,9471,45000,44437,44438,351,351,562
553,55270305,55272071,55281485,11180,1766,9414,45000,44438,44438,351,351,562
554,55370355,55372117,55381490,11135,1762,9373,45000,44438,44439,351,351,561
555,55470406,55472167,55481485,11079,1761,9318,45000,44439,44439,351,351,561
556,55570457,55572213,55581484,11027,1756,9271,45000,44439,44440,351,351,560
557,55670507,55672271,55681483,10976,1764,9212,45000,44440,44440,351,351,560
558,55770558,55772325,55781479,10921,1767,9154,45000,44440,44441,351,351,559
559,55870609,55872376,55881498,10889,1767,9122,45000,44441,44441,351,351,559
560,55970659,55972419,55981489,10830,1760,9070,45000,44441,44442,351,351,558
561,56070710,56072476,56081472,10762,1766,8996,45000,44442,44442,351,351,558
562,56170761,56172527,56181489,10728,1766,8962,45000,44442,44443,351,351,557
563,56270812,56272573,56281501,10689,1761,8928,45000,44443,44443,351,351,557
564,56370863,56372626,56381488,10625,1763,8862,45000,44443,44444,351,351,556
565,56470913,56472678,56481481,10568,1765,8803,45000,44444,44444,351,351,556
566,56570964,56572731,56581484,10520,1767,8753,45000,44444,44445,351,351,555
567,56671015,56672783,56681480,10465,1768,8697,45000,44445,44445,351,351,555
568,56771065,56772826,56781484,10419,1761,8658,45000,44445,44446,351,351,554
569,56871117,56872884,56881491,10374,1767,8607,45000,44446,44446,351,351,554
570,56971167,56972933,56981483,10316,1766,8550,45000,44446,44447,351,351,553
571,57071217,57072984,57081485,10268,1767,8501,45000,44447,44447,351,351,553
572,57171268,57173034,57181481,10213,1766,8447,45000,44447,44448,351,351,552
573,57271319,57273080,57281469,10150,1761,8389,45000,44448,44448,351,351,552
574,57371370,57373126,57381488,10118,1756,8362,45000,44448,44449,351,351,551
575,57471420,57473182,57481494,10074,1762,8312,45000,44449,44449,350,350,551
576,57571470,57573227,57581479,10009,1757,8252,45000,44449,44450,351,351,550
577,57671520,57673283,57681515,9995,1763,8232,45000,44450,44450,350,350,550
578,57771592,57773347,57781510,9918,1755,8163,45000,44450,44450,351,351,550
579,57871643,57873419,57881510,9867,1776,8091,45000,44450,44451,351,351,549
580,57971694,57973471,57981491,9797,1777,8020,45000,44451,44451,350,350,549
581,58071745,58073518,58081491,9746,1773,7973,45000,44451,44451,351,351,549
582,58171808,58173567,58181483,9675,1759,7916,45000,44451,44452,351,351,548
583,58271858,58273623,58281483,9625,1765,7860,45000,44452,44452,350,350,548
584,58371907,58373670,58381487,9580,1763,7817,45000,44452,44453,351,351,547
585,58471956,58473719,58481480,9524,1763,7761,45000,44453,44453,350,350,547
586,58572006,58573763,58581481,9475,1757,7718,45000,44453,44453,350,350,547
587,58672056,58673813,58681487,9431,1757,7674,45000,44453,44453,350,350,547
588,58772105,58773860,58781480,9375,1755,7620,45000,44453,44453,350,350,547
589,58872153,58873917,58881477,9324,1764,7560,45000,44453,44454,350,350,546
590,58972203,58973958,58981491,9288,1755,7533,45000,44454,44454,350,350,546
591,59072253,59074015,59081485,9232,1762,7470,45000,44454,44454,350,350,546
592,59172302,59174064,59181477,9175,1762,7413,45000,44454,44454,350,350,546
593,59272350,59274115,59281488,9138,1765,7373,45000,44454,44454,350,350,546
594,59372400,59374154,59381500,9100,1754,7346,45000,44454,44454,350,350,546
595,59472450,59474212,59481489,9039,1762,7277,45000,44454,44455,350,350,545
596,59572500,59574258,59581497,8997,1758,7239,45000,44455,44455,350,350,545
597,59672550,59674312,59681487,8937,1762,7175,45000,44455,44455,350,350,545
598,59772599,59774353,59781472,8873,1754,7119,45000,44455,44455,350,350,545
599,59872648,59874411,59881494,8846,1763,7083,45000,44455,44455,350,350,545
600,59972698,59974457,59984690,11992,1759,10233,45000,44455,44456,350,350,544
601,60072750,60074552,60081440,8690,1802,6888,65000,44456,44638,1000,1000,20362
602,60172799,60174591,60181487,8688,1792,6896,65000,44638,44819,1000,1000,20181
603,60272851,60274649,60281483,8632,1798,6834,65000,44819,45000,1000,1000,20000
604,60372901,60374700,60381496,8595,1799,6796,65000,45000,45180,1000,1000,19820
605,60472951,60474750,60481487,8536,1799,6737,65000,45180,45359,1000,1000,19641
606,60573000,60574795,60581479,8479,1795,6684,65000,45359,45538,1000,1000,19462
607,60673049,60674841,60681490,8441,1792,6649,65000,45538,45716,1000,1000,19284
608,60773098,60774886,60781495,8397,1788,6609,65000,45716,45893,1000,1000,19107
609,60873147,60874948,60881482,8335,1801,6534,65000,45893,46069,1000,1000,18931
610,60973196,60974990,60981472,8276,1794,6482,65000,46069,46245,1000,1000,18755
611,61073246,61075039,61081490,8244,1793,6451,65000,46245,46420,1000,1000,18580
612,61173295,61175087,61181484,8189,1792,6397,65000,46420,46594,1000,1000,18406
613,61273345,61275135,61281479,8134,1790,6344,65000,46594,46768,1000,1000,18232
614,61373412,61375170,61381487,8075,1758,6317,65000,46768,46941,1000,1000,18059
615,61473444,61475207,61481491,8047,1763,6284,65000,46941,47113,1000,1000,17887
616,61573493,61575253,61581498,8005,1760,6245,65000,47113,47285,1000,1000,17715
617,61673543,61675303,61681662,8119,1760,6359,65000,47285,47455,1000,1000,17545
618,61773592,61775350,61781750,8158,1758,6400,65000,47455,47626,1000,1000,17374
619,61873639,61875404,61881814,8175,1765,6410,65000,47626,47795,1000,1000,17205
620,61973687,61975441,61981882,8195,1754,6441,65000,47795,47964,1000,1000,17036
621,62073735,62079951,62091489,17754,6216,11538,65000,47964,48132,1000,1000,16868
622,62173785,62175541,62181504,7719,1756,5963,65000,48132,48300,1000,1000,16700
623,62273834,62275585,62281490,7656,1751,5905,65000,48300,48466,1000,1000,16534
624,62373883,62375635,62381492,7609,1752,5857,65000,48466,48632,1000,1000,16368
625,62473932,62475684,62481505,7573,1752,5821,65000,48632,48798,1000,1000,16202
626,62573982,62575730,62581512,7530,1748,5782,65000,48798,48963,1000,1000,16037
627,62674031,62675784,62681495,7464,1753,5711,65000,48963,49127,1000,1000,15873
628,62774079,62775828,62781481,7402,1749,5653,65000,49127,49290,1000,1000,15710
629,62874130,62875874,62881479,7349,1744,5605,65000,49290,49453,1000,1000,15547
630,62974179,62975924,62981490,7311,1745,5566,65000,49453,49615,1000,1000,15385
631,63074228,63075981,63081498,7270,1753,5517,65000,49615,49776,997,997,15224
632,63174277,63176025,63181492,7215,1748,5467,65000,49776,49935,993,993,15065
633,63274326,63276070,63281484,7158,1744,5414,65000,49935,50092,988,988,14908
634,63374376,63376115,63381470,7094,1739,5355,65000,50092,50247,984,984,14753
635,63474425,63476163,63481489,7064,1738,5326,65000,50247,50400,980,980,14600
636,63574509,63576222,63581482,6973,1713,5260,65000,50400,50552,976,976,14448
637,63674557,63676275,63681477,6920,1718,5202,65000,50552,50702,972,972,14298
638,63774606,63776316,63781486,6880,1710,5170,65000,50702,50850,968,968,14150
639,63874654,63876372,63881489,6835,1718,5117,65000,50850,50997,964,964,14003
640,63974703,63976413,63981478,6775,1710,5065,65000,50997,51142,960,960,13858
641,64074752,64076469,64081488,6736,1717,5019,65000,51142,51285,956,956,13715
642,64174801,64176518,64181497,6696,1717,4979,65000,51285,51426,953,953,13574
643,64274851,64276568,64281485,6634,1717,4917,65000,51426,51567,949,949,13433
644,64374899,64376610,64381483,6584,1711,4873,65000,51567,51705,945,945,13295
645,64474949,64476661,64481505,6556,1712,4844,65000,51705,51842,941,941,13158
646,64574999,64576713,64581492,6493,1714,4779,65000,51842,51977,938,938,13023
647,64675047,64676760,64681482,6435,1713,4722,65000,51977,52110,934,934,12890
648,64775097,64776810,64781488,6391,1713,4678,65000,52110,52243,931,931,12757
649,64875146,64876857,64881502,6356,1711,4645,65000,52243,52373,927,927,12627
650,64975195,64976907,64981486,6291,1712,4579,65000,52373,52502,923,923,12498
651,65075245,65076960,65081488,6243,1715,4528,65000,52502,52630,920,920,12370
652,65175296,65177012,65181509,6213,1716,4497,65000,52630,52756,917,917,12244
653,65275346,65277058,65281503,6157,1712,4445,65000,52756,52881,914,914,12119
654,65375397,65377109,65381500,6103,1712,4391,65000,52881,53004,910,910,11996
655,65475447,65477161,65481496,6049,1714,4335,65000,53004,53126,907,907,11874
656,65575498,65577211,65581483,5985,1713,4272,65000,53126,53246,903,903,11754
657,65675549,65677261,65681480,5931,1712,4219,65000,53246,53365,900,900,11635
658,65775600,65777308,65781489,5889,1708,4181,65000,53365,53483,897,897,11517
659,65875651,65877367,65881491,5840,1716,4124,65000,53483,53600,894,894,11400
660,65975701,65977413,65981492,5791,1712,4079,65000,53600,53715,891,891,11285
661,66075751,66077468,66081486,5735,1717,4018,65000,53715,53828,888,888,11172
662,66175801,66177515,66181492,5691,1714,3977,65000,53828,53941,885,885,11059
663,66275853,66277564,66281501,5648,1711,3937,65000,53941,54052,882,882,10948
664,66375903,66377613,66381486,5583,1710,3873,65000,54052,54162,879,879,10838
665,66475954,66477669,66481481,5527,1715,3812,65000,54162,54271,876,876,10729
666,66576005,66577715,66581490,5485,1710,3775,65000,54271,54378,873,873,10622
667,66676056,66677769,66681485,5429,1713,3716,65000,54378,54484,870,870,10516
668,66776106,66777818,66781476,5370,1712,3658,65000,54484,54589,868,868,10411
669,66876157,66877870,66881491,5334,1713,3621,65000,54589,54693,865,865,10307
670,66976207,66977920,66981486,5279,1713,3566,65000,54693,54796,862,862,10204
671,67076258,67077973,67081476,5218,1715,3503,65000,54796,54897,859,859,10103
672,67176309,67178023,67181489,5180,1714,3466,65000,54897,54997,856,856,10003
673,67276360,67278073,67281498,5138,1713,3425,65000,54997,55096,854,854,9904
674,67376410,67378121,67381484,5074,1711,3363,65000,55096,55194,851,851,9806
675,67476461,67478179,67481481,5020,1718,3302,65000,55194,55291,849,849,9709
676,67576513,67578223,67581493,4980,1710,3270,65000,55291,55387,846,846,9613
677,67676563,67678278,67681488,4925,1715,3210,65000,55387,55481,843,843,9519
678,67776613,67778322,67781483,4870,1709,3161,65000,55481,55575,841,841,9425
679,67876664,67878379,67881504,4840,1715,3125,65000,55575,55667,838,838,9333
680,67976715,67978423,67981511,4796,1708,3088,65000,55667,55759,836,836,9241
681,68076767,68078482,68081503,4736,1715,3021,65000,55759,55849,833,833,9151
682,68176817,68178534,68181498,4681,1717,2964,65000,55849,55938,831,831,9062
683,68276867,68278583,68281486,4619,1716,2903,65000,55938,56026,829,829,8974
684,68376919,68378628,68381482,4563,1709,2854,65000,56026,56114,827,827,8886
685,68476969,68478681,68481627,4658,1712,2946,65000,56114,56200,824,824,8800
686,68577019,68578731,68581714,4695,1712,2983,65000,56200,56285,822,822,8715
687,68677068,68678782,68681759,4691,1714,2977,65000,56285,56370,820,820,8630
688,68777118,68778824,68781826,4708,1706,3002,65000,56370,56453,817,817,8547
689,68877167,68878880,68881920,4753,1713,3040,65000,56453,56536,815,815,8464
690,68977218,68978928,68981992,4774,1710,3064,65000,56536,56617,813,813,8383
691,69077267,69078982,69082059,4792,1715,3077,65000,56617,56698,811,811,8302
692,69177317,69179033,69182109,4792,1716,3076,65000,56698,56777,809,809,8223
693,69277369,69279082,69282186,4817,1713,3104,65000,56777,56856,807,807,8144
694,69377451,69379162,69382289,4838,1711,3127,65000,56856,56934,804,804,8066
695,69477501,69479214,69482335,4834,1713,3121,65000,56934,57011,802,802,7989
696,69577552,69579261,69582419,4867,1709,3158,65000,57011,57087,800,800,7913
697,69677602,69679319,69682452,4850,1717,3133,65000,57087,57162,798,798,7838
698,69777672,69779382,69782456,4784,1710,3074,65000,57162,57236,796,796,7764
699,69877722,69879439,69882451,4729,1717,3012,65000,57236,57309,794,794,7691
700,69977772,69979484,69984688,6916,1712,5204,65000,57309,57382,792,792,7618
701,70077826,70079541,70082422,4596,1715,2881,65000,57382,57454,790,790,7546
702,70177875,70179590,70182456,4581,1715,2866,65000,57454,57524,788,788,7476
703,70277929,70279645,70281447,3518,1716,1802,65000,57524,57595,787,787,7405
704,70377979,70379689,70381560,3581,1710,1871,65000,57595,57664,785,785,7336
705,70478029,70479744,70491469,13440,1715,11725,65000,57664,57733,783,783,7267
706,70578080,70579786,70591493,13413,1706,11707,65000,57733,57801,781,781,7199
707,70678130,70679846,70691531,13401,1716,11685,65000,57801,57867,779,779,7133
708,70778181,70779892,70791525,13344,1711,11633,65000,57867,57934,778,778,7066
709,70878231,70879943,70891518,13287,1712,11575,65000,57934,57999,775,775,7001
710,70978282,70979993,70991507,13225,1711,11514,65000,57999,58064,774,774,6936
711,71078332,71080048,71091484,13152,1716,11436,65000,58064,58128,772,772,6872
712,71178382,71180100,71191474,13092,1718,11374,65000,58128,58191,771,771,6809
713,71278435,71280150,71291494,13059,1715,11344,65000,58191,58254,769,769,6746
714,71378486,71380194,71391487,13001,1708,11293,65000,58254,58315,767,767,6685
715,71478536,71480250,71491480,12944,1714,11230,65000,58315,58377,766,766,6623
716,71578587,71580300,71591475,12888,1713,11175,65000,58377,58437,764,764,6563
717,71678637,71680350,71691492,12855,1713,11142,65000,58437,58497,762,762,6503
718,71778688,71780398,71791484,12796,1710,11086,65000,58497,58556,761,761,6444
719,71878738,71880454,71891484,12746,1716,11030,65000,58556,58614,759,759,6386
720,71978788,71980499,71991493,12705,1711,10994,65000,58614,58672,758,758,6328
721,72078839,72080555,72091492,12653,1716,10937,65000,58672,58729,756,756,6271
722,72178890,72180604,72191482,12592,1714,10878,65000,58729,58785,754,754,6215
723,72278940,72280653,72291487,12547,1713,10834,65000,58785,58841,753,753,6159
724,72378991,72380703,72391492,12501,1712,10789,65000,58841,58896,751,751,6104
725,72479040,72480754,72491485,12445,1714,10731,65000,58896,58950,750,750,6050
726,72579091,72580802,72591484,12393,1711,10682,65000,58950,59004,749,749,5996
727,72679142,72680856,72691481,12339,1714,10625,65000,59004,59057,747,747,5943
728,72779192,72780905,72791485,12293,1713,10580,65000,59057,59110,746,746,5890
729,72879242,72880958,72891482,12240,1716,10524,65000,59110,59162,744,744,5838
730,72979293,72981003,72991478,12185,1710,10475,65000,59162,59213,743,743,5787
731,73079344,73081058,73091500,12156,1714,10442,65000,59213,59264,742,742,5736
732,73179394,73181106,73191490,12096,1712,10384,65000,59264,59314,740,740,5686
733,73279444,73281159,73291482,12038,1715,10323,65000,59314,59364,739,739,5636
734,73379495,73381203,73391491,11996,1708,10288,65000,59364,59413,738,738,5587
735,73479545,73481261,73491510,11965,1716,10249,65000,59413,59461,736,736,5539
736,73579596,73581304,73591511,11915,1708,10207,65000,59461,59509,735,735,5491
737,73679646,73681361,73691501,11855,1715,10140,65000,59509,59557,734,734,5443
738,73779697,73781405,73791487,11790,1708,10082,65000,59557,59603,732,732,5397
739,73879747,73881460,73891478,11731,1713,10018,65000,59603,59650,731,731,5350
740,73979798,73981507,73991489,11691,1709,9982,65000,59650,59696,730,730,5304
741,74079848,74081563,74091485,11637,1715,9922,65000,59696,59741,729,729,5259
742,74179899,74181613,74191486,11587,1714,9873,65000,59741,59786,728,728,5214
743,74279950,74281664,74291490,11540,1714,9826,65000,59786,59830,727,727,5170
744,74380001,74381714,74391494,11493,1713,9780,65000,59830,59874,726,726,5126
745,74480052,74486293,74491501,11449,6241,5208,65000,59874,59917,724,724,5083
746,74580103,74581851,74591491,11388,1748,9640,65000,59917,59960,723,723,5040
747,74680154,74681905,74691486,11332,1751,9581,65000,59960,60002,722,722,4998
748,74780204,74781963,74791482,11278,1759,9519,65000,60002,60044,721,721,4956
749,74880254,74882017,74891484,11230,1763,9467,65000,60044,60086,720,720,4914
750,74980305,74982062,74991478,11173,1757,9416,65000,60086,60126,718,718,4874
751,75080355,75082117,75091497,11142,1762,9380,65000,60126,60167,717,717,4833
752,75180406,75182168,75191503,11097,1762,9335,65000,60167,60207,716,716,4793
753,75280457,75282211,75291490,11033,1754,9279,65000,60207,60246,715,715,4754
754,75380507,75382262,75391498,10991,1755,9236,65000,60246,60285,714,714,4715
755,75480557,75482322,75491486,10929,1765,9164,65000,60285,60323,713,713,4677
756,75580608,75582363,75591509,10901,1755,9146,65000,60323,60361,712,712,4639
757,75680658,75682421,75691503,10845,1763,9082,65000,60361,60399,711,711,4601
758,75780709,75782470,75791489,10780,1761,9019,65000,60399,60436,710,710,4564
759,75880759,75882517,75891498,10739,1758,8981,65000,60436,60473,709,709,4527
760,75980809,75982566,75991489,10680,1757,8923,65000,60473,60509,708,708,4491
761,76080860,76082621,76091491,10631,1761,8870,65000,60509,60545,707,707,4455
762,76180910,76182674,76191501,10591,1764,8827,65000,60545,60581,706,706,4419
763,76280960,76282723,76291484,10524,1763,8761,65000,60581,60616,705,705,4384
764,76381010,76382770,76391486,10476,1760,8716,65000,60616,60651,705,705,4349
765,76481062,76482821,76491489,10427,1759,8668,65000,60651,60685,704,704,4315
766,76581112,76582874,76591484,10372,1762,8610,65000,60685,60719,703,703,4281
767,76681162,76682923,76691479,10317,1761,8556,65000,60719,60753,702,702,4247
768,76781213,76782970,76791489,10276,1757,8519,65000,60753,60786,701,701,4214
769,76881264,76883027,76891486,10222,1763,8459,65000,60786,60819,700,700,4181
770,76981314,76983072,76991477,10163,1758,8405,65000,60819,60852,699,699,4148
771,77081364,77083124,77091488,10124,1760,8364,65000,60852,60884,698,698,4116
772,77181415,77183165,77191501,10086,1750,8336,65000,60884,60915,697,697,4085
773,77281466,77283220,77291486,10020,1754,8266,65000,60915,60947,696,696,4053
774,77381516,77383268,77391474,9958,1752,8206,65000,60947,60977,695,695,4023
775,77481567,77483321,77491492,9925,1754,8171,65000,60977,61008,695,695,3992
776,77581617,77583366,77591487,9870,1749,8121,65000,61008,61038,694,694,3962
777,77681668,77683443,77691482,9814,1775,8039,65000,61038,61068,693,693,3932
778,77781719,77783484,77791490,9771,1765,8006,65000,61068,61098,692,692,3902
779,77881787,77883534,77891485,9698,1747,7951,65000,61098,61127,691,691,3873
780,77981836,77983589,77991484,9648,1753,7895,65000,61127,61156,691,691,3844
781,78081885,78083647,78091480,9595,1762,7833,65000,61156,61184,690,690,3816
782,78181934,78183693,78191502,9568,1759,7809,65000,61184,61213,689,689,3787
783,78281985,78283742,78291502,9517,1757,7760,65000,61213,61240,688,688,3760
784,78382034,78383785,78391497,9463,1751,7712,65000,61240,61268,688,688,3732
785,78482084,78483837,78491497,9413,1753,7660,65000,61268,61295,687,687,3705
786,78582133,78583886,78591485,9352,1753,7599,65000,61295,61322,687,687,3678
787,78682182,78683943,78691474,9292,1761,7531,65000,61322,61349,686,686,3651
788,78782232,78783986,78791492,9260,1754,7506,65000,61349,61376,685,685,3624
789,78882281,78884038,78891499,9218,1757,7461,65000,61376,61402,684,684,3598
790,78982331,78984084,78991486,9155,1753,7402,65000,61402,61428,684,684,3572
791,79082380,79084134,79091482,9102,1754,7348,65000,61428,61453,683,683,3547
792,79182429,79184180,79191484,9055,1751,7304,65000,61453,61478,682,682,3522
793,79282479,79284237,79291489,9010,1758,7252,65000,61478,61503,682,682,3497
794,79382528,79384280,79391492,8964,1752,7212,65000,61503,61528,681,681,3472
795,79482577,79484335,79491485,8908,1758,7150,65000,61528,61552,680,680,3448
796,79582626,79584381,79591486,8860,1755,7105,65000,61552,61576,680,680,3424
797,79682676,79684434,79691484,8808,1758,7050,65000,61576,61600,679,679,3400
798,79782725,79784497,79791479,8754,1772,6982,65000,61600,61624,678,678,3376
799,79882774,79884558,79891486,8712,1784,6928,65000,61624,61647,677,677,3353
800,79982823,79984604,79994686,11863,1781,10082,65000,61647,61670,677,677,3330
801,80082875,80084662,80091435,8560,1787,6773,65000,61670,61692,676,676,3308
802,80182924,80184715,80191485,8561,1791,6770,65000,61692,61715,676,676,3285
803,80282977,80284764,80291489,8512,1787,6725,65000,61715,61737,675,675,3263
804,80383026,80384810,80391481,8455,1784,6671,65000,61737,61759,674,674,3241
805,80483075,80484855,80491482,8407,1780,6627,65000,61759,61780,674,674,3220
806,80583124,80584904,80591500,8376,1780,6596,65000,61780,61802,673,673,3198
807,80683198,80684988,80691488,8290,1790,6500,65000,61802,61823,673,673,3177
808,80783247,80785024,80791480,8233,1777,6456,65000,61823,61844,672,672,3156
809,80883295,80885074,80891489,8194,1779,6415,65000,61844,61864,671,671,3136
810,80983346,80985122,80991504,8158,1776,6382,65000,61864,61885,671,671,3115
811,81083412,81085165,81091502,8090,1753,6337,65000,61885,61905,670,670,3095
812,81183444,81185202,81191498,8054,1758,6296,65000,61905,61925,670,670,3075
813,81283493,81285247,81291487,7994,1754,6240,65000,61925,61944,669,669,3056
814,81383542,81385291,81391482,7940,1749,6191,65000,61944,61964,669,669,3036
815,81483592,81485343,81491489,7897,1751,6146,65000,61964,61983,668,668,3017
816,81583641,81585391,81591499,7858,1750,6108,65000,61983,62002,668,668,2998
817,81683690,81685443,81691486,7796,1753,6043,65000,62002,62021,667,667,2979
818,81783739,81785490,81791480,7741,1751,5990,65000,62021,62040,667,667,2960
819,81883788,81885540,81891489,7701,1752,5949,65000,62040,62058,667,667,2942
820,81983839,81985591,81991497,7658,1752,5906,65000,62058,62077,666,666,2923
821,82083887,82085644,82091486,7599,1757,5842,65000,62077,62095,666,666,2905
822,82183936,82185690,82191483,7547,1754,5793,65000,62095,62113,665,665,2887
823,82283986,82285737,82291478,7492,1751,5741,65000,62113,62130,665,665,2870
824,82384035,82385783,82391489,7454,1748,5706,65000,62130,62148,664,664,2852
825,82484085,82485834,82491493,7408,1749,5659,65000,62148,62165,664,664,2835
826,82584134,82585877,82591485,7351,1743,5608,65000,62165,62182,663,663,2818
827,82684183,82685933,82691489,7306,1750,5556,65000,62182,62199,663,663,2801
828,82784233,82785977,82791499,7266,1744,5522,65000,62199,62215,662,662,2785
829,82884282,82886035,82891482,7200,1753,5447,65000,62215,62232,662,662,2768
830,82984331,82986070,82991492,7161,1739,5422,65000,62232,62248,661,661,2752
831,83084381,83086124,83091486,7105,1743,5362,65000,62248,62264,661,661,2736
832,83184430,83186165,83191485,7055,1735,5320,65000,62264,62280,661,661,2720
833,83284492,83286212,83291486,6994,1720,5274,65000,62280,62296,660,660,2704
834,83384529,83386237,83391484,6955,1708,5247,65000,62296,62312,660,660,2688
835,83484577,83486290,83491484,6907,1713,5194,65000,62312,62327,659,659,2673
836,83584627,83586337,83591470,6843,1710,5133,65000,62327,62342,659,659,2658
837,83684675,83686389,83691512,6837,1714,5123,65000,62342,62357,659,659,2643
838,83784746,83786455,83791516,6770,1709,5061,65000,62357,62372,658,658,2628
839,83884795,83886508,83891502,6707,1713,4994,65000,62372,62387,658,658,2613
840,83984844,83986556,83991487,6643,1712,4931,65000,62387,62401,657,657,2599
841,84084893,84086611,84091480,6587,1718,4869,65000,62401,62416,657,657,2584
842,84184942,84186654,84191480,6538,1712,4826,65000,62416,62430,656,656,2570
843,84284991,84286705,84291484,6493,1714,4779,65000,62430,62443,656,656,2557
844,84385040,84386749,84391487,6447,1709,4738,65000,62443,62457,656,656,2543
845,84485089,84486805,84491481,6392,1716,4676,65000,62457,62471,655,655,2529
846,84585138,84586849,84591472,6334,1711,4623,65000,62471,62484,655,655,2516
847,84685188,84686905,84691494,6306,1717,4589,65000,62484,62498,655,655,2502
848,84785237,84786947,84791502,6265,1710,4555,65000,62498,62511,654,654,2489
849,84885288,84887002,84891487,6199,1714,4485,65000,62511,62524,654,654,2476
850,84985338,84987049,84991479,6141,1711,4430,65000,62524,62537,654,654,2463
851,85085389,85087110,85091497,6108,1721,4387,65000,62537,62515,653,653,2485
852,85185440,85187151,85191489,6049,1711,4338,65000,62515,62495,660,660,2505
853,85285489,85287204,85291481,5992,1715,4277,65000,62495,62475,661,661,2525
854,85385540,85387251,85391501,5961,1711,4250,65000,62475,62455,662,662,2545
855,85485591,85487306,85491487,5896,1715,4181,65000,62455,62436,662,662,2564
856,85585642,85587352,85591482,5840,1710,4130,65000,62436,62417,663,663,2583
857,85685693,85687410,85691479,5786,1717,4069,65000,62417,62398,663,663,2602
858,85785743,85787453,85791492,5749,1710,4039,65000,62398,62379,664,664,2621
859,85885793,85887506,85891484,5691,1713,3978,65000,62379,62360,664,664,2640
860,85985843,85987552,85991482,5639,1709,3930,65000,62360,62342,665,665,2658
861,86085895,86087615,86091485,5590,1720,3870,65000,62342,62324,665,665,2676
862,86185945,86187656,86191488,5543,1711,3832,65000,62324,62306,666,666,2694
863,86285997,86287713,86291493,5496,1716,3780,65000,62306,62288,666,666,2712
864,86386066,86387777,86391496,5430,1711,3719,65000,62288,62271,667,667,2729
865,86486115,86487829,86491509,5394,1714,3680,65000,62271,62254,667,667,2746
866,86586166,86587879,86591505,5339,1713,3626,65000,62254,62236,667,667,2764
867,86686217,86687932,86691497,5280,1715,3565,65000,62236,62219,668,668,2781
868,86786267,86787977,86791485,5218,1710,3508,65000,62219,62203,668,668,2797
869,86886318,86892575,86901435,15117,6257,8860,65000,62203,62186,668,668,2814
870,86986369,86988077,86991437,5068,1708,3360,65000,62186,62169,669,669,2831
871,87086420,87088142,87091488,5068,1722,3346,65000,62169,62153,670,670,2847
872,87186472,87188183,87191488,5016,1711,3305,65000,62153,62137,670,670,2863
873,87286523,87288240,87291470,4947,1717,3230,65000,62137,62121,670,670,2879
874,87386573,87388282,87391488,4915,1709,3206,65000,62121,62106,671,671,2894
875,87486625,87488342,87491490,4865,1717,3148,65000,62106,62090,671,671,2910
876,87586676,87588387,87591494,4818,1711,3107,65000,62090,62075,672,672,2925
877,87686727,87688443,87691488,4761,1716,3045,65000,62075,62060,672,672,2940
878,87786777,87788486,87791495,4718,1709,3009,65000,62060,62045,672,672,2955
879,87886829,87888543,87891500,4671,1714,2957,65000,62045,62030,673,673,2970
880,87986879,87988590,87991486,4607,1711,2896,65000,62030,62015,673,673,2985
881,88086929,88088651,88091483,4554,1722,2832,65000,62015,62001,674,674,2999
882,88186981,88188691,88191629,4648,1710,2938,65000,62001,61987,674,674,3013
883,88287030,88288745,88291712,4682,1715,2967,65000,61987,61973,674,674,3027
884,88387079,88388790,88391777,4698,1711,2987,65000,61973,61959,675,675,3041
885,88487129,88488842,88491852,4723,1713,3010,65000,61959,61945,675,675,3055
886,88587179,88588888,88591904,4725,1709,3016,65000,61945,61931,676,676,3069
887,88687250,88688965,88691972,4722,1715,3007,65000,61931,61918,676,676,3082
888,88787300,88789012,88792063,4763,1712,3051,65000,61918,61904,676,676,3096
889,88887350,88889065,88892130,4780,1715,3065,65000,61904,61891,677,677,3109
890,88987400,88989109,88992201,4801,1709,3092,65000,61891,61878,677,677,3122
891,89087465,89089184,89092262,4797,1719,3078,65000,61878,61865,677,677,3135
892,89187535,89189247,89192371,4836,1712,3124,65000,61865,61853,678,678,3147
893,89287589,89289307,89292423,4834,1718,3116,65000,61853,61840,678,678,3160
894,89387659,89389374,89392468,4809,1715,3094,65000,61840,61828,678,678,3172
895,89487729,89489440,89492458,4729,1711,3018,65000,61828,61816,679,679,3184
896,89587779,89589489,89592454,4675,1710,2965,65000,61816,61803,679,679,3197
897,89687829,89689548,89692453,4624,1719,2905,65000,61803,61792,680,680,3208
898,89787879,89789589,89792462,4583,1710,2873,65000,61792,61780,680,680,3220
899,89887929,89889644,89891456,3527,1715,1812,65000,61780,61768,680,680,3232
900,89987979,89989692,90004683,16704,1713,14991,65000,61768,61756,680,680,3244
901,90088034,90089759,90101475,13441,1725,11716,65000,61756,61745,681,681,3255
902,90188084,90189796,90201490,13406,1712,11694,65000,61745,61734,681,681,3266
903,90288134,90289847,90301507,13373,1713,11660,65000,61734,61723,681,681,3277
904,90388185,90389896,90401498,13313,1711,11602,65000,61723,61712,682,682,3288
905,90488235,90489947,90501506,13271,1712,11559,65000,61712,61701,682,682,3299
906,90588286,90589994,90601515,13229,1708,11521,65000,61701,61690,682,682,3310
907,90688336,90690051,90701491,13155,1715,11440,65000,61690,61679,683,683,3321
908,90788386,90790097,90801511,13125,1711,11414,65000,61679,61669,683,683,3331
909,90888437,90890153,90901504,13067,1716,11351,65000,61669,61658,683,683,3342
910,90988488,90990202,91001491,13003,1714,11289,65000,61658,61648,683,683,3352
911,91088538,91090258,91101486,12948,1720,11228,65000,61648,61638,684,684,3362
912,91188588,91190297,91201485,12897,1709,11188,65000,61638,61628,684,684,3372
913,91288638,91290354,91301470,12832,1716,11116,65000,61628,61618,684,684,3382
914,91388688,91390399,91401498,12810,1711,11099,65000,61618,61608,684,684,3392
915,91488756,91490472,91501502,12746,1716,11030,65000,61608,61598,685,685,3402
916,91588807,91590518,91601488,12681,1711,10970,65000,61598,61589,685,685,3411
917,91688857,91690572,91701485,12628,1715,10913,65000,61589,61579,685,685,3421
918,91788907,91790617,91801481,12574,1710,10864,65000,61579,61570,686,686,3430
919,91888958,91890674,91901498,12540,1716,10824,65000,61570,61561,686,686,3439
920,91989009,91990720,92001492,12483,1711,10772,65000,61561,61552,686,686,3448
921,92089060,92090778,92101480,12420,1718,10702,65000,61552,61543,686,686,3457
922,92189110,92190821,92201500,12390,1711,10679,65000,61543,61534,687,687,3466
923,92289160,92290877,92301491,12331,1717,10614,65000,61534,61525,687,687,3475
924,92389211,92390921,92401481,12270,1710,10560,65000,61525,61516,687,687,3484
925,92489261,92490977,92501488,12227,1716,10511,65000,61516,61507,687,687,3493
926,92589313,92591025,92601489,12176,1712,10464,65000,61507,61499,688,688,3501
927,92689363,92691077,92701497,12134,1714,10420,65000,61499,61491,688,688,3509
928,92789414,92791125,92801484,12070,1711,10359,65000,61491,61482,688,688,3518
929,92889464,92891177,92901491,12027,1713,10314,65000,61482,61474,688,688,3526
930,92989516,92991224,93001489,11973,1708,10265,65000,61474,61466,688,688,3534
931,93089566,93091280,93101474,11908,1714,10194,65000,61466,61458,688,688,3542
932,93189617,93191322,93201489,11872,1705,10167,65000,61458,61449,688,688,3551
933,93289668,93291375,93301496,11828,1707,10121,65000,61449,61442,689,689,3558
934,93389719,93391422,93401484,11765,1703,10062,65000,61442,61434,689,689,3566
935,93489770,93491480,93501481,11711,1710,10001,65000,61434,61426,689,689,3574
936,93589821,93591528,93601505,11684,1707,9977,65000,61426,61418,689,689,3582
937,93689871,93691582,93701492,11621,1711,9910,65000,61418,61410,689,689,3590
938,93789923,93791629,93801495,11572,1706,9866,65000,61410,61403,690,690,3597
939,93889973,93891682,93901495,11522,1709,9813,65000,61403,61396,690,690,3604
940,93990024,93991730,94001506,11482,1706,9776,65000,61396,61388,690,690,3612
941,94090074,94091823,94101501,11427,1749,9678,65000,61388,61381,690,690,3619
942,94190124,94191861,94201498,11374,1737,9637,65000,61381,61373,690,690,3627
943,94290175,94291915,94301485,11310,1740,9570,65000,61373,61366,691,691,3634
944,94390226,94391983,94401491,11265,1757,9508,65000,61366,61359,691,691,3641
945,94490277,94492031,94501492,11215,1754,9461,65000,61359,61353,691,691,3647
946,94590328,94592079,94601507,11179,1751,9428,65000,61353,61346,691,691,3654
947,94690378,94692136,94701491,11113,1758,9355,65000,61346,61339,691,691,3661
948,94790428,94792176,94801482,11054,1748,9306,65000,61339,61332,692,692,3668
949,94890479,94892231,94901478,10999,1752,9247,65000,61332,61326,692,692,3674
950,94990529,94992277,95001482,10953,1748,9205,65000,61326,61319,692,692,3681
951,95090580,95092343,95101487,10907,1763,9144,65000,61319,61347,692,692,3653
952,95190631,95192384,95201471,10840,1753,9087,65000,61347,61374,685,685,3626
953,95290682,95292440,95301490,10808,1758,9050,65000,61374,61400,684,684,3600
954,95390733,95392485,95401484,10751,1752,8999,65000,61400,61426,684,684,3574
955,95490783,95492534,95501494,10711,1751,8960,65000,61426,61451,683,683,3549
956,95590834,95592584,95601487,10653,1750,8903,65000,61451,61476,682,682,3524
957,95690884,95692638,95701503,10619,1754,8865,65000,61476,61502,682,682,3498
958,95790935,95792687,95801489,10554,1752,8802,65000,61502,61526,681,681,3474
959,95890985,95892740,95901498,10513,1755,8758,65000,61526,61551,680,680,3449
960,95991036,95992789,96001492,10456,1753,8703,65000,61551,61574,679,679,3426
961,96091087,96092851,96101480,10393,1764,8629,65000,61574,61598,679,679,3402
962,96191137,96192888,96201483,10346,1751,8595,65000,61598,61622,678,678,3378
963,96291188,96292945,96301489,10301,1757,8544,65000,61622,61645,678,678,3355
964,96391239,96392991,96401484,10245,1752,8493,65000,61645,61668,677,677,3332
965,96491289,96493042,96501481,10192,1753,8439,65000,61668,61691,676,676,3309
966,96591340,96593086,96601478,10138,1746,8392,65000,61691,61713,676,676,3287
967,96691390,96693139,96701519,10129,1749,8380,65000,61713,61735,675,675,3265
968,96791463,96793203,96801508,10045,1740,8305,65000,61735,61757,675,675,3243
969,96891513,96893263,96901498,9985,1750,8235,65000,61757,61779,674,674,3221
970,96991564,96993309,97001487,9923,1745,8178,65000,61779,61800,673,673,3200
971,97091615,97093364,97101497,9882,1749,8133,65000,61800,61822,673,673,3178
972,97191665,97193428,97201484,9819,1763,8056,65000,61822,61843,672,672,3157
973,97291716,97293479,97301506,9790,1763,8027,65000,61843,61863,671,671,3137
974,97391766,97393524,97401493,9727,1758,7969,65000,61863,61883,671,671,3117
975,97491830,97493575,97501502,9672,1745,7927,65000,61883,61904,671,671,3096
976,97591879,97593630,97601484,9605,1751,7854,65000,61904,61924,670,670,3076
977,97691928,97693680,97701491,9563,1752,7811,65000,61924,61943,669,669,3057
978,97791997,97793744,97801500,9503,1747,7756,65000,61943,61963,669,669,3037
979,97892047,97893796,97901486,9439,1749,7690,65000,61963,61982,668,668,3018
980,97992096,97993837,98001474,9378,1741,7637,65000,61982,62001,668,668,2999
981,98092145,98093906,98101492,9347,1761,7586,65000,62001,62020,667,667,2980
982,98192195,98193941,98201483,9288,1746,7542,65000,62020,62039,667,667,2961
983,98292243,98293995,98301479,9236,1752,7484,65000,62039,62057,667,667,2943
984,98392293,98394041,98401488,9195,1748,7447,65000,62057,62076,666,666,2924
985,98492342,98494092,98501488,9146,1750,7396,65000,62076,62094,666,666,2906
986,98592391,98594135,98601478,9087,1744,7343,65000,62094,62112,665,665,2888
987,98692442,98694188,98701486,9044,1746,7298,65000,62112,62129,665,665,2871
988,98792491,98794236,98801490,8999,1745,7254,65000,62129,62147,664,664,2853
989,98892539,98894292,98901495,8956,1753,7203,65000,62147,62164,664,664,2836
990,98992590,98994337,99001484,8894,1747,7147,65000,62164,62181,663,663,2819
991,99092639,99094398,99101492,8853,1759,7094,65000,62181,62198,663,663,2802
992,99192689,99194437,99201491,8802,1748,7054,65000,62198,62214,662,662,2786
993,99292738,99298972,99301629,8891,6234,2657,65000,62214,62231,662,662,2769
994,99392786,99394562,99401733,8947,1776,7171,65000,62231,62247,661,661,2753
995,99492835,99494614,99501805,8970,1779,7191,65000,62247,62263,661,661,2737
996,99592885,99594667,99601870,8985,1782,7203,65000,62263,62279,661,661,2721
997,99692934,99694721,99701913,8979,1787,7192,65000,62279,62295,660,660,2705
998,99792985,99794762,99801981,8996,1777,7219,65000,62295,62311,660,660,2689
999,99893035,99894812,99902046,9011,1777,7234,65000,62311,62326,659,659,2674
1000,99993084,99994854,100004688,11604,1770,9834,65000,62326,62341,659,659,2659
1001,100093136,100094952,100101467,8331,1816,6515,65000,62341,62356,659,659,2644
1002,100193186,100194965,100201494,8308,1779,6529,65000,62356,62371,658,658,2629
1003,100293254,100295027,100301484,8230,1773,6457,65000,62371,62386,658,658,2614
1004,100393304,100395076,100401504,8200,1772,6428,65000,62386,62400,657,657,2600
1005,100493354,100495122,100501492,8138,1768,6370,65000,62400,62415,657,657,2585
1006,100593418,100595162,100601490,8072,1744,6328,65000,62415,62429,656,656,2571
1007,100693467,100695214,100701493,8026,1747,6279,65000,62429,62443,656,656,2557
1008,100793516,100795258,100801488,7972,1742,6230,65000,62443,62456,656,656,2544
1009,100893566,100895311,100901486,7920,1745,6175,65000,62456,62470,656,656,2530
1010,100993614,100995360,101001502,7888,1746,6142,65000,62470,62484,655,655,2516
1011,101093664,101095423,101101485,7821,1759,6062,65000,62484,62497,655,655,2503
1012,101193713,101195454,101201489,7776,1741,6035,65000,62497,62510,654,654,2490
1013,101293762,101295509,101301484,7722,1747,5975,65000,62510,62524,654,654,2476
1014,101393810,101395555,101401470,7660,1745,5915,65000,62524,62536,653,653,2464
1015,101493859,101495605,101501489,7630,1746,5884,65000,62536,62549,653,653,2451
1016,101593908,101595650,101601486,7578,1742,5836,65000,62549,62562,653,653,2438
1017,101693957,101695704,101701495,7538,1747,5791,65000,62562,62574,652,652,2426
1018,101794007,101795748,101801489,7482,1741,5741,65000,62574,62586,652,652,2414
1019,101894056,101895803,101901486,7430,1747,5683,65000,62586,62598,652,652,2402
1020,101994105,101995843,102001488,7383,1738,5645,65000,62598,62611,652,652,2389
1021,102094155,102095901,102101482,7327,1746,5581,65000,62611,62622,651,651,2378
1022,102194203,102195944,102201510,7307,1741,5566,65000,62622,62634,651,651,2366
1023,102294271,102296012,102301513,7242,1741,5501,65000,62634,62646,650,650,2354
1024,102394320,102396055,102401510,7190,1735,5455,65000,62646,62657,650,650,2343
1025,102494370,102496177,102501486,7116,1807,5309,65000,62657,62668,650,650,2332
1026,102594420,102596174,102601484,7064,1754,5310,65000,62668,62680,650,650,2320
1027,102694468,102696192,102701476,7008,1724,5284,65000,62680,62691,649,649,2309
1028,102794521,102796230,102801493,6972,1709,5263,65000,62691,62702,649,649,2298
1029,102894571,102896278,102901486,6915,1707,5208,65000,62702,62713,649,649,2287
1030,102994619,102996330,103001483,6864,1711,5153,65000,62713,62723,648,648,2277
1031,103094668,103096385,103101474,6806,1717,5089,65000,62723,62734,648,648,2266
1032,103194717,103196424,103201490,6773,1707,5066,65000,62734,62744,648,648,2256
1033,103294766,103296474,103301499,6733,1708,5025,65000,62744,62755,648,648,2245
1034,103394815,103396527,103401484,6669,1712,4957,65000,62755,62765,647,647,2235
1035,103494865,103496571,103501492,6627,1706,4921,65000,62765,62775,647,647,2225
1036,103594914,103596626,103601493,6579,1712,4867,65000,62775,62785,647,647,2215
1037,103694962,103696672,103701485,6523,1710,4813,65000,62785,62795,646,646,2205
1038,103795012,103796726,103801488,6476,1714,4762,65000,62795,62804,646,646,2196
1039,103895061,103896770,103901646,6585,1709,4876,65000,62804,62814,646,646,2186
1040,103995108,103996817,104001739,6631,1709,4922,65000,62814,62824,646,646,2176
1041,104095156,104096874,104101805,6649,1718,4931,65000,62824,62833,646,646,2167
1042,104195205,104196917,104201872,6667,1712,4955,65000,62833,62843,646,646,2157
1043,104295254,104296961,104301948,6694,1707,4987,65000,62843,62852,645,645,2148
1044,104395304,104397016,104401997,6693,1712,4981,65000,62852,62861,645,645,2139
1045,104495354,104497062,104502088,6734,1708,5026,65000,62861,62870,645,645,2130
1046,104595403,104597113,104602143,6740,1710,5030,65000,62870,62880,645,645,2120
1047,104695474,104697181,104702239,6765,1707,5058,65000,62880,62888,644,644,2112
1048,104795524,104797232,104802289,6765,1708,5057,65000,62888,62897,644,644,2103
1049,104895574,104897281,104902382,6808,1707,5101,65000,62897,62906,644,644,2094
1050,104995639,104997352,105002471,6832,1713,5119,65000,62906,62915,644,644,2085
1051,105095689,105097404,105102473,6784,1715,5069,65000,62915,62923,643,643,2077
1052,105195739,105197450,105202457,6718,1711,5007,65000,62923,62931,643,643,2069
1053,105295789,105297501,105301488,5699,1712,3987,65000,62931,62940,643,643,2060
1054,105395839,105397551,105401550,5711,1712,3999,65000,62940,62948,643,643,2052
1055,105495889,105497599,105501484,5595,1710,3885,65000,62948,62956,643,643,2044
1056,105595964,105597675,105601515,5551,1711,3840,65000,62956,62964,642,642,2036
1057,105696015,105697721,105701507,5492,1706,3786,65000,62964,62972,642,642,2028
1058,105796066,105797773,105801480,5414,1707,3707,65000,62972,62980,642,642,2020
1059,105896116,105897824,105901492,5376,1708,3668,65000,62980,62988,642,642,2012
1060,105996167,105997878,106001485,5318,1711,3607,65000,62988,62995,641,641,2005
1061,106096217,106097931,106101482,5265,1714,3551,65000,62995,63003,641,641,1997
1062,106196268,106197980,106201485,5217,1712,3505,65000,63003,63010,641,641,1990
1063,106296320,106298028,106301502,5182,1708,3474,65000,63010,63018,641,641,1982
1064,106396371,106398084,106401485,5114,1713,3401,65000,63018,63025,640,640,1975
1065,106496421,106498130,106501478,5057,1709,3348,65000,63025,63032,640,640,1968
1066,106596472,106598186,106601497,5025,1714,3311,65000,63032,63039,640,640,1961
1067,106696522,106698232,106701501,4979,1710,3269,65000,63039,63046,640,640,1954
1068,106796573,106798284,106801488,4915,1711,3204,65000,63046,63053,640,640,1947
1069,106896624,106898332,106901484,4860,1708,3152,65000,63053,63060,640,640,1940
1070,106996674,106998383,107001480,4806,1709,3097,65000,63060,63067,639,639,1933
1071,107096724,107098439,107101499,4775,1715,3060,65000,63067,63073,639,639,1927
1072,107196776,107198484,107201493,4717,1708,3009,65000,63073,63080,639,639,1920
1073,107296826,107298533,107301488,4662,1707,2955,65000,63080,63087,639,639,1913
1074,107396877,107398586,107401482,4605,1709,2896,65000,63087,63093,639,639,1907
1075,107496927,107498636,107501485,4558,1709,2849,65000,63093,63100,639,639,1900
1076,107596978,107598685,107601642,4664,1707,2957,65000,63100,63106,638,638,1894
1077,107697027,107698732,107701735,4708,1705,3003,65000,63106,63112,638,638,1888
1078,107797076,107798786,107801778,4702,1710,2992,65000,63112,63118,638,638,1882
1079,107897128,107898833,107901868,4740,1705,3035,65000,63118,63124,638,638,1876
1080,107997178,107998888,108001920,4742,1710,3032,65000,63124,63131,638,638,1869
1081,108097250,108098962,108102008,4758,1712,3046,65000,63131,63136,637,637,1864
1082,108197300,108199010,108202056,4756,1710,3046,65000,63136,63143,638,638,1857
1083,108297368,108299075,108302133,4765,1707,3058,65000,63143,63148,637,637,1852
1084,108397465,108399175,108402199,4734,1710,3024,65000,63148,63154,637,637,1846
1085,108497536,108499247,108502281,4745,1711,3034,65000,63154,63160,637,637,1840
1086,108597602,108599314,108602353,4751,1712,3039,65000,63160,63166,637,637,1834
1087,108697677,108699382,108702416,4739,1705,3034,65000,63166,63171,637,637,1829
1088,108797748,108799457,108802454,4706,1709,2997,65000,63171,63177,637,637,1823
1089,108897798,108899505,108902448,4650,1707,2943,65000,63177,63182,636,636,1818
1090,108997848,108999559,109002460,4612,1711,2901,65000,63182,63188,636,636,1812
1091,109097898,109099611,109102460,4562,1713,2849,65000,63188,63193,636,636,1807
1092,109197948,109199657,109201460,3512,1709,1803,65000,63193,63198,636,636,1802
1093,109297998,109299705,109311509,13511,1707,11804,65000,63198,63204,636,636,1796
1094,109398048,109399766,109411502,13454,1718,11736,65000,63204,63209,635,635,1791
1095,109498099,109499812,109511500,13401,1713,11688,65000,63209,63214,635,635,1786
1096,109598150,109599865,109611506,13356,1715,11641,65000,63214,63219,635,635,1781
1097,109698200,109699913,109711522,13322,1713,11609,65000,63219,63223,635,635,1777
1098,109798251,109799962,109811521,13270,1711,11559,65000,63223,63228,635,635,1772
1099,109898301,109900013,109911528,13227,1712,11515,65000,63228,63233,635,635,1767
1100,109998351,110000064,110014687,16336,1713,14623,65000,63233,63238,635,635,1762
1101,110098405,110100119,110111435,13030,1714,11316,65000,63238,63243,635,635,1757
1102,110198456,110200167,110211484,13028,1711,11317,65000,63243,63247,634,634,1753
1103,110298505,110300213,110311499,12994,1708,11286,65000,63247,63252,634,634,1748
1104,110398556,110400267,110411489,12933,1711,11222,65000,63252,63257,634,634,1743
1105,110498607,110500318,110511484,12877,1711,11166,65000,63257,63261,634,634,1739
1106,110598658,110600368,110611499,12841,1710,11131,65000,63261,63266,634,634,1734
1107,110698709,110700417,110711488,12779,1708,11071,65000,63266,63270,634,634,1730
1108,110798759,110800473,110811484,12725,1714,11011,65000,63270,63274,634,634,1726
1109,110898810,110900518,110911481,12671,1708,10963,65000,63274,63279,634,634,1721
1110,110998860,111000570,111011472,12612,1710,10902,65000,63279,63283,633,633,1717
1111,111098910,111100624,111111490,12580,1714,10866,65000,63283,63287,633,633,1713
1112,111198961,111200670,111211484,12523,1709,10814,65000,63287,63291,633,633,1709
1113,111299011,111300715,111311482,12471,1704,10767,65000,63291,63295,633,633,1705
1114,111399061,111400775,111411489,12428,1714,10714,65000,63295,63299,633,633,1701
1115,111499113,111505368,111511499,12386,6255,6131,65000,63299,63303,633,633,1697
1116,111599163,111600876,111611491,12328,1713,10615,65000,63303,63307,633,633,1693
1117,111699213,111700923,111711484,12271,1710,10561,65000,63307,63311,633,633,1689
1118,111799264,111800975,111811490,12226,1711,10515,65000,63311,63315,633,633,1685
1119,111899316,111901024,111911484,12168,1708,10460,65000,63315,63319,632,632,1681
1120,111999365,112001076,112011498,12133,1711,10422,65000,63319,63323,632,632,1677
1121,112099416,112101131,112111491,12075,1715,10360,65000,63323,63326,632,632,1674
1122,112199466,112201177,112211485,12019,1711,10308,65000,63326,63330,632,632,1670
1123,112299516,112301223,112311481,11965,1707,10258,65000,63330,63334,632,632,1666
1124,112399567,112401277,112411494,11927,1710,10217,65000,63334,63337,632,632,1663
1125,112499618,112501325,112511504,11886,1707,10179,65000,63337,63341,632,632,1659
1126,112599669,112601378,112611500,11831,1709,10122,65000,63341,63345,632,632,1655
1127,112699720,112701427,112711488,11768,1707,10061,65000,63345,63348,632,632,1652
1128,112799769,112801480,112811484,11715,1711,10004,65000,63348,63352,632,632,1648
1129,112899820,112901527,112911494,11674,1707,9967,65000,63352,63355,631,631,1645
1130,112999871,113001582,113011489,11618,1711,9907,65000,63355,63358,631,631,1642
1131,113099921,113101636,113111487,11566,1715,9851,65000,63358,63361,631,631,1639
1132,113199972,113201684,113211485,11513,1712,9801,65000,63361,63365,631,631,1635
1133,113300023,113301732,113311482,11459,1709,9750,65000,63365,63368,631,631,1632
1134,113400073,113401815,113411479,11406,1742,9664,65000,63368,63371,631,631,1629
1135,113500124,113501866,113511491,11367,1742,9625,65000,63371,63374,631,631,1626
1136,113600174,113601924,113611495,11321,1750,9571,65000,63374,63378,631,631,1622
1137,113700225,113701981,113711483,11258,1756,9502,65000,63378,63381,631,631,1619
1138,113800275,113802031,113811474,11199,1756,9443,65000,63381,63384,631,631,1616
1139,113900325,113902082,113911490,11165,1757,9408,65000,63384,63387,631,631,1613
1140,114000376,114002134,114011494,11118,1758,9360,65000,63387,63390,631,631,1610
1141,114100428,114102188,114111485,11057,1760,9297,65000,63390,63393,630,630,1607
1142,114200478,114202234,114211503,11025,1756,9269,65000,63393,63396,630,630,1604
1143,114300528,114302283,114311487,10959,1755,9204,65000,63396,63399,630,630,1601
1144,114400579,114402332,114411474,10895,1753,9142,65000,63399,63401,630,630,1599
1145,114500631,114502386,114511492,10861,1755,9106,65000,63401,63404,630,630,1596
1146,114600681,114602440,114611485,10804,1759,9045,65000,63404,63407,630,630,1593
1147,114700731,114702484,114711482,10751,1753,8998,65000,63407,63410,630,630,1590
1148,114800783,114802538,114811498,10715,1755,8960,65000,63410,63413,630,630,1587
1149,114900834,114902590,114911491,10657,1756,8901,65000,63413,63415,630,630,1585
1150,115000884,115002639,115011481,10597,1755,8842,65000,63415,63418,630,630,1582
1151,115100935,115102693,115111481,10546,1758,8788,65000,63418,63421,630,630,1579
1152,115200984,115202740,115211504,10520,1756,8764,65000,63421,63423,630,630,1577
1153,115301035,115302793,115311507,10472,1758,8714,65000,63423,63426,630,630,1574
1154,115401085,115402839,115411499,10414,1754,8660,65000,63426,63429,629,629,1571
1155,115501136,115502892,115511486,10350,1756,8594,65000,63429,63431,629,629,1569
1156,115601186,115602941,115611486,10300,1755,8545,65000,63431,63433,629,629,1567
1157,115701237,115702993,115711471,10234,1756,8478,65000,63433,63436,629,629,1564
1158,115801288,115803041,115811490,10202,1753,8449,65000,63436,63438,629,629,1562
1159,115901338,115903093,115911497,10159,1755,8404,65000,63438,63441,629,629,1559
1160,116001389,116003143,116011486,10097,1754,8343,65000,63441,63443,629,629,1557
1161,116101440,116103191,116111476,10036,1751,8285,65000,63443,63445,629,629,1555
1162,116201491,116203245,116211494,10003,1754,8249,65000,63445,63448,629,629,1552
1163,116301542,116303294,116311488,9946,1752,8194,65000,63448,63450,629,629,1550
1164,116401593,116403339,116411486,9893,1746,8147,65000,63450,63452,629,629,1548
1165,116501643,116503411,116511498,9855,1768,8087,65000,63452,63455,629,629,1545
1166,116601694,116603466,116611488,9794,1772,8022,65000,63455,63457,629,629,1543
1167,116701745,116703507,116711485,9740,1762,7978,65000,63457,63459,629,629,1541
1168,116801808,116803556,116811480,9672,1748,7924,65000,63459,63461,629,629,1539
1169,116901858,116903614,116911471,9613,1756,7857,65000,63461,63464,629,629,1536
1170,117001908,117003661,117011489,9581,1753,7828,65000,63464,63466,628,628,1534
1171,117101958,117103714,117111483,9525,1756,7769,65000,63466,63468,628,628,1532
1172,117202007,117203760,117211487,9480,1753,7727,65000,63468,63470,628,628,1530
1173,117302057,117303802,117311488,9431,1745,7686,65000,63470,63472,628,628,1528
1174,117402105,117403855,117411483,9378,1750,7628,65000,63472,63474,628,628,1526
1175,117502154,117503902,117511491,9337,1748,7589,65000,63474,63475,628,628,1525
1176,117602205,117603958,117611489,9284,1753,7531,65000,63475,63477,628,628,1523
1177,117702255,117704007,117711486,9231,1752,7479,65000,63477,63479,628,628,1521
1178,117802304,117804057,117811483,9179,1753,7426,65000,63479,63481,628,628,1519
1179,117902354,117904107,117911489,9135,1753,7382,65000,63481,63483,628,628,1517
1180,118002404,118004152,118011507,9103,1748,7355,65000,63483,63485,628,628,1515
1181,118102452,118104212,118111518,9066,1760,7306,65000,63485,63487,628,628,1513
1182,118202502,118204254,118211494,8992,1752,7240,65000,63487,63489,628,628,1511
1183,118302551,118304302,118311490,8939,1751,7188,65000,63489,63491,628,628,1509
1184,118402601,118404354,118411484,8883,1753,7130,65000,63491,63493,628,628,1507
1185,118502650,118504402,118511486,8836,1752,7084,65000,63493,63494,628,628,1506
1186,118602699,118604450,118611490,8791,1751,7040,65000,63494,63496,628,628,1504
1187,118702748,118704527,118711493,8745,1779,6966,65000,63496,63498,628,628,1502
1188,118802798,118804580,118811487,8689,1782,6907,65000,63498,63500,627,627,1500
1189,118902846,118904629,118911490,8644,1783,6861,65000,63500,63501,627,627,1499
1190,119002897,119004683,119011486,8589,1786,6803,65000,63501,63503,627,627,1497
1191,119102944,119104736,119111478,8534,1792,6742,65000,63503,63504,627,627,1496
1192,119202994,119204776,119211492,8498,1782,6716,65000,63504,63506,627,627,1494
1193,119303044,119304821,119311499,8455,1777,6678,65000,63506,63508,627,627,1492
1194,119403094,119404871,119411490,8396,1777,6619,65000,63508,63509,627,627,1491
1195,119503143,119504921,119511504,8361,1778,6583,65000,63509,63511,627,627,1489
1196,119603194,119604979,119611489,8295,1785,6510,65000,63511,63512,627,627,1488
1197,119703243,119705019,119711476,8233,1776,6457,65000,63512,63514,627,627,1486
1198,119803293,119805068,119811488,8195,1775,6420,65000,63514,63515,627,627,1485
1199,119903343,119905115,119911481,8138,1772,6366,65000,63515,63517,627,627,1483
1200,120003409,120005160,120014690,11281,1751,9530,65000,63517,63518,627,627,1482
1201,120103445,120105244,120111435,7990,1799,6191,50000,63518,63424,285,285,-13424
1202,120203494,120205243,120211484,7990,1749,6241,50000,63424,63325,269,269,-13325
1203,120303547,120305291,120311487,7940,1744,6196,50000,63325,63227,269,269,-13227
1204,120403596,120405344,120411498,7902,1748,6154,50000,63227,63130,270,270,-13130
1205,120503668,120505415,120511485,7817,1747,6070,50000,63130,63034,271,271,-13034
1206,120603717,120605467,120611483,7766,1750,6016,50000,63034,62937,271,271,-12937
1207,120703766,120705516,120711511,7745,1750,5995,50000,62937,62842,273,273,-12842
1208,120803834,120805584,120811513,7679,1750,5929,50000,62842,62747,273,273,-12747
1209,120903883,120905632,120911503,7620,1749,5871,50000,62747,62653,274,274,-12653
1210,121003932,121005680,121011488,7556,1748,5808,50000,62653,62559,275,275,-12559
1211,121103980,121105732,121111495,7515,1752,5763,50000,62559,62466,276,276,-12466
1212,121204030,121205777,121211483,7453,1747,5706,50000,62466,62374,277,277,-12374
1213,121304079,121305823,121311490,7411,1744,5667,50000,62374,62282,278,278,-12282
1214,121404129,121405871,121411486,7357,1742,5615,50000,62282,62191,279,279,-12191
1215,121504178,121505921,121511477,7299,1743,5556,50000,62191,62101,280,280,-12101
1216,121604226,121605970,121611488,7262,1744,5518,50000,62101,62011,281,281,-12011
1217,121704276,121706017,121711490,7214,1741,5473,50000,62011,61922,282,282,-11922
1218,121804324,121806064,121811498,7174,1740,5434,50000,61922,61833,282,282,-11833
1219,121904374,121906108,121911485,7111,1734,5377,50000,61833,61745,283,283,-11745
1220,122004422,122006161,122011492,7070,1739,5331,50000,61745,61658,284,284,-11658
1221,122104472,122106203,122111486,7014,1731,5283,50000,61658,61571,285,285,-11571
1222,122204529,122206240,122211483,6954,1711,5243,50000,61571,61485,286,286,-11485
1223,122304578,122306288,122311490,6912,1710,5202,50000,61485,61399,287,287,-11399
1224,122404626,122406339,122411508,6882,1713,5169,50000,61399,61314,288,288,-11314
1225,122504675,122506381,122511491,6816,1706,5110,50000,61314,61230,288,288,-11230
1226,122604724,122606433,122611497,6773,1709,5064,50000,61230,61146,289,289,-11146
1227,122704773,122706480,122711489,6716,1707,5009,50000,61146,61062,290,290,-11062
1228,122804822,122806532,122811474,6652,1710,4942,50000,61062,60979,291,291,-10979
1229,122904871,122906579,122911497,6626,1708,4918,50000,60979,60897,292,292,-10897
1230,123004920,123006631,123011505,6585,1711,4874,50000,60897,60815,292,292,-10815
1231,123104968,123106685,123111490,6522,1717,4805,50000,60815,60734,293,293,-10734
1232,123205017,123206730,123211481,6464,1713,4751,50000,60734,60654,294,294,-10654
1233,123305068,123306777,123311480,6412,1709,4703,50000,60654,60574,295,295,-10574
1234,123405116,123406826,123411498,6382,1710,4672,50000,60574,60494,296,296,-10494
1235,123505166,123506875,123511493,6327,1709,4618,50000,60494,60415,297,297,-10415
1236,123605214,123606925,123611482,6268,1711,4557,50000,60415,60337,297,297,-10337
1237,123705264,123711505,123721439,16175,6241,9934,50000,60337,60259,298,298,-10259
1238,123805315,123807028,123811466,6151,1713,4438,50000,60259,60182,299,299,-10182
1239,123905366,123907077,123911482,6116,1711,4405,50000,60182,60105,299,299,-10105
1240,124005417,124007129,124011486,6069,1712,4357,50000,60105,60028,300,300,-10028
1241,124105468,124107182,124111490,6022,1714,4308,50000,60028,59952,301,301,-9952
1242,124205519,124207232,124211492,5973,1713,4260,50000,59952,59877,302,302,-9877
1243,124305570,124307280,124311485,5915,1710,4205,50000,59877,59802,302,302,-9802
1244,124405621,124407334,124411490,5869,1713,4156,50000,59802,59728,303,303,-9728
1245,124505673,124507379,124511486,5813,1706,4107,50000,59728,59654,304,304,-9654
1246,124605723,124607435,124611492,5769,1712,4057,50000,59654,59581,305,305,-9581
1247,124705773,124707481,124711488,5715,1708,4007,50000,59581,59508,305,305,-9508
1248,124805824,124807532,124811488,5664,1708,3956,50000,59508,59436,306,306,-9436
1249,124905876,124907588,124911484,5608,1712,3896,50000,59436,59364,307,307,-9364
1250,125005926,125007639,125011477,5551,1713,3838,50000,59364,59292,307,307,-9292
1251,125105976,125107693,125111492,5516,1717,3799,50000,59292,59221,308,308,-9221
1252,125206027,125207739,125211486,5459,1712,3747,50000,59221,59151,309,309,-9151
1253,125306078,125307786,125311480,5402,1708,3694,50000,59151,59081,310,310,-9081
1254,125406129,125407843,125411495,5366,1714,3652,50000,59081,59012,310,310,-9012
1255,125506180,125507887,125511512,5332,1707,3625,50000,59012,58943,311,311,-8943
1256,125606231,125607941,125611501,5270,1710,3560,50000,58943,58874,312,312,-8874
1257,125706283,125707990,125711499,5216,1707,3509,50000,58874,58806,312,312,-8806
1258,125806333,125808042,125811488,5155,1709,3446,50000,58806,58739,313,313,-8739
1259,125906385,125908094,125911478,5093,1709,3384,50000,58739,58671,313,313,-8671
1260,126006435,126008146,126011489,5054,1711,3343,50000,58671,58604,314,314,-8604
1261,126106486,126108201,126111498,5012,1715,3297,50000,58604,58538,315,315,-8538
1262,126206537,126208245,126211486,4949,1708,3241,50000,58538,58472,315,315,-8472
1263,126306587,126308296,126311482,4895,1709,3186,50000,58472,58407,316,316,-8407
1264,126406638,126408348,126411494,4856,1710,3146,50000,58407,58342,317,317,-8342
1265,126506690,126508399,126511487,4797,1709,3088,50000,58342,58277,317,317,-8277
1266,126606740,126608454,126611482,4742,1714,3028,50000,58277,58213,318,318,-8213
1267,126706792,126708500,126711474,4682,1708,2974,50000,58213,58150,319,319,-8150
1268,126806842,126808557,126811491,4649,1715,2934,50000,58150,58087,319,319,-8087
1269,126906894,126908602,126911499,4605,1708,2897,50000,58087,58024,320,320,-8024
1270,127006944,127008655,127011487,4543,1711,2832,50000,58024,57962,321,321,-7962
1271,127106994,127108716,127111627,4633,1722,2911,50000,57962,57900,321,321,-7900
1272,127207043,127208758,127211711,4668,1715,2953,50000,57900,57838,322,322,-7838
1273,127307093,127308804,127311779,4686,1711,2975,50000,57838,57777,323,323,-7777
1274,127407142,127408857,127411829,4687,1715,2972,50000,57777,57717,323,323,-7717
1275,127507192,127508903,127511921,4729,1711,3018,50000,57717,57656,323,323,-7656
1276,127607242,127608952,127611972,4730,1710,3020,50000,57656,57596,324,324,-7596
1277,127707313,127709025,127712060,4747,1712,3035,50000,57596,57537,325,325,-7537
1278,127807362,127809074,127812134,4772,1712,3060,50000,57537,57478,325,325,-7478
1279,127907413,127909126,127912203,4790,1713,3077,50000,57478,57419,326,326,-7419
1280,128007463,128009173,128012282,4819,1710,3109,50000,57419,57361,326,326,-7361
1281,128107513,128109229,128112332,4819,1716,3103,50000,57361,57303,327,327,-7303
1282,128207562,128209276,128212440,4878,1714,3164,50000,57303,57245,328,328,-7245
1283,128307613,128309326,128312469,4856,1713,3143,50000,57245,57188,328,328,-7188
1284,128407681,128409396,128412467,4786,1715,3071,50000,57188,57132,329,329,-7132
1285,128507731,128509440,128512456,4725,1709,3016,50000,57132,57075,329,329,-7075
1286,128607780,128609495,128612458,4678,1715,2963,50000,57075,57019,330,330,-7019
1287,128707829,128709562,128712450,4621,1733,2888,50000,57019,56964,330,330,-6964
1288,128807879,128809594,128812463,4584,1715,2869,50000,56964,56908,331,331,-6908
1289,128907929,128909637,128911454,3525,1708,1817,50000,56908,56854,332,332,-6854
1290,129007979,129009693,129021505,13526,1714,11812,50000,56854,56799,332,332,-6799
1291,129108029,129109748,129121509,13480,1719,11761,50000,56799,56745,333,333,-6745
1292,129208079,129209796,129221504,13425,1717,11708,50000,56745,56692,333,333,-6692
1293,129308130,129309845,129321501,13371,1715,11656,50000,56692,56638,333,333,-6638
1294,129408180,129409898,129421517,13337,1718,11619,50000,56638,56585,334,334,-6585
1295,129508231,129509944,129521504,13273,1713,11560,50000,56585,56532,334,334,-6532
1296,129608282,129609997,129621516,13234,1715,11519,50000,56532,56480,335,335,-6480
1297,129708332,129710046,129721501,13169,1714,11455,50000,56480,56428,335,335,-6428
1298,129808382,129810096,129821476,13094,1714,11380,50000,56428,56376,336,336,-6376
1299,129908434,129910146,129921491,13057,1712,11345,50000,56376,56325,337,337,-6325
1300,130008485,130010202,130024690,16205,1717,14488,50000,56325,56274,337,337,-6274
1301,130108539,130110255,130121434,12895,1716,11179,50000,56274,56224,338,338,-6224
1302,130208590,130210298,130221488,12898,1708,11190,50000,56224,56173,338,338,-6173
1303,130308642,130310352,130321490,12848,1710,11138,50000,56173,56124,339,339,-6124
1304,130408693,130410401,130421486,12793,1708,11085,50000,56124,56074,339,339,-6074
1305,130508743,130510450,130521477,12734,1707,11027,50000,56074,56025,340,340,-6025
1306,130608793,130610506,130621492,12699,1713,10986,50000,56025,55976,340,340,-5976
1307,130708844,130710552,130721499,12655,1708,10947,50000,55976,55928,341,341,-5928
1308,130808894,130810608,130821483,12589,1714,10875,50000,55928,55879,341,341,-5879
1309,130908944,130910650,130921490,12546,1706,10840,50000,55879,55832,342,342,-5832
1310,131008994,131010708,131021507,12513,1714,10799,50000,55832,55784,342,342,-5784
1311,131109046,131110762,131121503,12457,1716,10741,50000,55784,55737,343,343,-5737
1312,131209096,131210809,131221493,12397,1713,10684,50000,55737,55690,343,343,-5690
1313,131309147,131310855,131321482,12335,1708,10627,50000,55690,55643,343,343,-5643
1314,131409198,131410907,131421479,12281,1709,10572,50000,55643,55597,344,344,-5597
1315,131509249,131510956,131521490,12241,1707,10534,50000,55597,55551,344,344,-5551
1316,131609299,131611008,131621498,12199,1709,10490,50000,55551,55505,345,345,-5505
1317,131709350,131711060,131721486,12136,1710,10426,50000,55505,55460,345,345,-5460
1318,131809401,131811113,131821478,12077,1712,10365,50000,55460,55415,345,345,-5415
1319,131909452,131911159,131921495,12043,1707,10336,50000,55415,55370,346,346,-5370
1320,132009502,132011214,132021500,11998,1712,10286,50000,55370,55325,346,346,-5325
1321,132109553,132111270,132121487,11934,1717,10217,50000,55325,55281,347,347,-5281
1322,132209604,132211313,132221481,11877,1709,10168,50000,55281,55237,347,347,-5237
1323,132309654,132311363,132321487,11833,1709,10124,50000,55237,55194,348,348,-5194
1324,132409705,132411415,132421489,11784,1710,10074,50000,55194,55150,348,348,-5150
1325,132509755,132511465,132521482,11727,1710,10017,50000,55150,55108,349,349,-5108
1326,132609806,132611517,132621480,11674,1711,9963,50000,55108,55065,349,349,-5065
1327,132709857,132711563,132721504,11647,1706,9941,50000,55065,55022,349,349,-5022
1328,132809908,132811620,132821488,11580,1712,9868,50000,55022,54980,350,350,-4980
1329,132909958,132911665,132921480,11522,1707,9815,50000,54980,54938,350,350,-4938
1330,133010008,133011721,133021491,11483,1713,9770,50000,54938,54897,351,351,-4897
1331,133110059,133111773,133121487,11428,1714,9714,50000,54897,54856,351,351,-4856
1332,133210109,133211849,133221491,11382,1740,9642,50000,54856,54814,351,351,-4814
1333,133310161,133311908,133321487,11326,1747,9579,50000,54814,54774,352,352,-4774
1334,133410211,133411971,133421486,11275,1760,9515,50000,54774,54733,352,352,-4733
1335,133510262,133512019,133521496,11234,1757,9477,50000,54733,54693,353,353,-4693
1336,133610312,133612071,133621482,11170,1759,9411,50000,54693,54653,353,353,-4653
1337,133710363,133712121,133721508,11145,1758,9387,50000,54653,54614,354,354,-4614
1338,133810431,133812187,133821510,11079,1756,9323,50000,54614,54574,354,354,-4574
1339,133910481,133912234,133921511,11030,1753,9277,50000,54574,54535,354,354,-4535
1340,134010532,134012290,134021492,10960,1758,9202,50000,54535,54496,354,354,-4496
1341,134110582,134112345,134121477,10895,1763,9132,50000,54496,54458,355,355,-4458
1342,134210633,134212390,134221481,10848,1757,9091,50000,54458,54419,355,355,-4419
1343,134310684,134312441,134321489,10805,1757,9048,50000,54419,54381,356,356,-4381
1344,134410734,134412494,134421498,10764,1760,9004,50000,54381,54343,356,356,-4343
1345,134510785,134512539,134521485,10700,1754,8946,50000,54343,54306,356,356,-4306
1346,134610835,134612589,134621471,10636,1754,8882,50000,54306,54268,357,357,-4268
1347,134710887,134712644,134721491,10604,1757,8847,50000,54268,54231,357,357,-4231
1348,134810937,134812694,134821496,10559,1757,8802,50000,54231,54194,357,357,-4194
1349,134910988,134912747,134921483,10495,1759,8736,50000,54194,54158,358,358,-4158
1350,135011039,135012797,135021492,10453,1758,8695,50000,54158,54121,358,358,-4121
1351,135111090,135112855,135121494,10404,1765,8639,50000,54121,54085,359,359,-4085
1352,135211141,135212898,135221506,10365,1757,8608,50000,54085,54049,359,359,-4049
1353,135311192,135312952,135321489,10297,1760,8537,50000,54049,54014,359,359,-4014
1354,135411243,135413000,135421477,10234,1757,8477,50000,54014,53979,360,360,-3979
1355,135511294,135513049,135521488,10194,1755,8439,50000,53979,53943,360,360,-3943
1356,135611344,135613099,135621483,10139,1755,8384,50000,53943,53909,361,361,-3909
1357,135711395,135713144,135721478,10083,1749,8334,50000,53909,53874,361,361,-3874
1358,135811446,135813192,135821485,10039,1746,8293,50000,53874,53840,361,361,-3840
1359,135911497,135913249,135921486,9989,1752,8237,50000,53840,53805,361,361,-3805
1360,136011548,136017822,136021494,9946,6274,3672,50000,53805,53772,362,362,-3772
1361,136111598,136113350,136121489,9891,1752,8139,50000,53772,53738,362,362,-3738
1362,136211649,136213421,136221483,9834,1772,8062,50000,53738,53704,362,362,-3704
1363,136311700,136313468,136321480,9780,1768,8012,50000,53704,53671,363,363,-3671
1364,136411768,136413516,136421490,9722,1748,7974,50000,53671,53638,363,363,-3638
1365,136511814,136513556,136521510,9696,1742,7954,50000,53638,53605,363,363,-3605
1366,136611864,136613620,136621508,9644,1756,7888,50000,53605,53573,364,364,-3573
1367,136711913,136713668,136721497,9584,1755,7829,50000,53573,53540,364,364,-3540
1368,136811962,136813718,136821487,9525,1756,7769,50000,53540,53508,365,365,-3508
1369,136912012,136913762,136921497,9485,1750,7735,50000,53508,53477,365,365,-3477
1370,137012062,137013809,137021491,9429,1747,7682,50000,53477,53445,365,365,-3445
1371,137112111,137113870,137121487,9376,1759,7617,50000,53445,53413,365,365,-3413
1372,137212160,137213915,137221485,9325,1755,7570,50000,53413,53382,365,365,-3382
1373,137312210,137313959,137321492,9282,1749,7533,50000,53382,53351,366,366,-3351
1374,137412260,137414015,137421493,9233,1755,7478,50000,53351,53320,366,366,-3320
1375,137512309,137514063,137521485,9176,1754,7422,50000,53320,53289,366,366,-3289
1376,137612361,137614116,137621483,9122,1755,7367,50000,53289,53259,367,367,-3259
1377,137712411,137714159,137721483,9072,1748,7324,50000,53259,53228,367,367,-3228
1378,137812461,137814211,137821488,9027,1750,7277,50000,53228,53198,367,367,-3198
1379,137912511,137914260,137921489,8978,1749,7229,50000,53198,53168,368,368,-3168
1380,138012559,138014310,138021478,8919,1751,7168,50000,53168,53139,368,368,-3139
1381,138112609,138114365,138121498,8889,1756,7133,50000,53139,53109,368,368,-3109
1382,138212659,138214413,138221494,8835,1754,7081,50000,53109,53080,369,369,-3080
1383,138312708,138314460,138321498,8790,1752,7038,50000,53080,53051,369,369,-3051
1384,138412758,138414539,138421490,8732,1781,6951,50000,53051,53022,369,369,-3022
1385,138512808,138514581,138521485,8677,1773,6904,50000,53022,52994,369,369,-2994
1386,138612857,138614640,138621496,8639,1783,6856,50000,52994,52965,369,369,-2965
1387,138712907,138714691,138721493,8586,1784,6802,50000,52965,52937,370,370,-2937
1388,138812956,138814742,138821489,8533,1786,6747,50000,52937,52908,370,370,-2908
1389,138913005,138914782,138921504,8499,1777,6722,50000,52908,52881,371,371,-2881
1390,139013056,139014836,139021488,8432,1780,6652,50000,52881,52853,371,371,-2853
1391,139113104,139114891,139121498,8394,1787,6607,50000,52853,52826,371,371,-2826
1392,139213154,139214940,139221506,8352,1786,6566,50000,52826,52798,371,371,-2798
1393,139313203,139314984,139321496,8293,1781,6512,50000,52798,52771,372,372,-2771
1394,139413253,139415030,139421487,8234,1777,6457,50000,52771,52744,372,372,-2744
1395,139513302,139515076,139521498,8196,1774,6422,50000,52744,52717,372,372,-2717
1396,139613352,139615125,139621490,8138,1773,6365,50000,52717,52691,372,372,-2691
1397,139713416,139715165,139721479,8063,1749,6314,50000,52691,52664,372,372,-2664
1398,139813465,139815211,139821487,8022,1746,6276,50000,52664,52638,373,373,-2638
1399,139913514,139915258,139921489,7975,1744,6231,50000,52638,52612,373,373,-2612
1400,140013563,140015312,140024684,11121,1749,9372,50000,52612,52586,373,373,-2586
1401,140113615,140115415,140121440,7825,1800,6025,50000,52586,52560,374,374,-2560
1402,140213664,140215418,140221493,7829,1754,6075,50000,52560,52535,374,374,-2535
1403,140313713,140315460,140321486,7773,1747,6026,50000,52535,52509,374,374,-2509
1404,140413763,140415512,140421476,7713,1749,5964,50000,52509,52484,375,375,-2484
1405,140513812,140515560,140521493,7681,1748,5933,50000,52484,52459,375,375,-2459
1406,140613861,140615612,140621497,7636,1751,5885,50000,52459,52434,375,375,-2434
1407,140713911,140715658,140721482,7571,1747,5824,50000,52434,52410,375,375,-2410
1408,140813960,140815707,140821489,7529,1747,5782,50000,52410,52385,375,375,-2385
1409,140914009,140915755,140921496,7487,1746,5741,50000,52385,52360,375,375,-2360
1410,141014058,141015805,141021486,7428,1747,5681,50000,52360,52336,376,376,-2336
1411,141114107,141115853,141121482,7375,1746,5629,50000,52336,52312,376,376,-2312
1412,141214156,141215896,141221523,7367,1740,5627,50000,52312,52288,376,376,-2288
1413,141314228,141315974,141321506,7278,1746,5532,50000,52288,52264,376,376,-2264
1414,141414277,141416021,141421508,7231,1744,5487,50000,52264,52241,377,377,-2241
1415,141514326,141516064,141521493,7167,1738,5429,50000,52241,52217,377,377,-2217
1416,141614375,141616115,141621493,7118,1740,5378,50000,52217,52194,377,377,-2194
1417,141714425,141716153,141721487,7062,1728,5334,50000,52194,52171,377,377,-2171
1418,141814474,141816200,141821503,7029,1726,5303,50000,52171,52148,378,378,-2148
1419,141914529,141916241,141921492,6963,1712,5251,50000,52148,52125,378,378,-2125
1420,142014578,142016291,142021497,6919,1713,5206,50000,52125,52103,378,378,-2103
1421,142114627,142116345,142121490,6863,1718,5145,50000,52103,52080,378,378,-2080
1422,142214675,142216387,142221487,6812,1712,5100,50000,52080,52058,379,379,-2058
1423,142314725,142316435,142321487,6762,1710,5052,50000,52058,52036,379,379,-2036
1424,142414773,142416486,142421483,6710,1713,4997,50000,52036,52014,379,379,-2014
1425,142514822,142516532,142521482,6660,1710,4950,50000,52014,51992,379,379,-1992
1426,142614871,142616586,142621488,6617,1715,4902,50000,51992,51970,379,379,-1970
1427,142714920,142716630,142721501,6581,1710,4871,50000,51970,51948,380,380,-1948
1428,142814969,142816680,142821479,6510,1711,4799,50000,51948,51927,380,380,-1927
1429,142915017,142916727,142921506,6489,1710,4779,50000,51927,51906,380,380,-1906
1430,143015084,143016798,143021490,6406,1714,4692,50000,51906,51885,380,380,-1885
1431,143115133,143116850,143121481,6348,1717,4631,50000,51885,51863,380,380,-1863
1432,143215182,143216894,143221488,6306,1712,4594,50000,51863,51843,381,381,-1843
1433,143315253,143316961,143321502,6249,1708,4541,50000,51843,51822,381,381,-1822
1434,143415304,143417017,143421487,6183,1713,4470,50000,51822,51801,381,381,-1801
1435,143515355,143517064,143521478,6123,1709,4414,50000,51801,51781,381,381,-1781
1436,143615405,143617112,143621491,6086,1707,4379,50000,51781,51760,381,381,-1760
1437,143715456,143717165,143721497,6041,1709,4332,50000,51760,51740,382,382,-1740
1438,143815506,143817219,143821483,5977,1713,4264,50000,51740,51720,382,382,-1720
1439,143915557,143917265,143921510,5953,1708,4245,50000,51720,51700,382,382,-1700
1440,144015625,144017335,144021510,5885,1710,4175,50000,51700,51681,382,382,-1681
1441,144115675,144117391,144121502,5827,1716,4111,50000,51681,51661,382,382,-1661
1442,144215726,144217438,144221497,5771,1712,4059,50000,51661,51641,383,383,-1641
1443,144315777,144317487,144321486,5709,1710,3999,50000,51641,51622,383,383,-1622
1444,144415828,144417538,144421481,5653,1710,3943,50000,51622,51603,383,383,-1603
1445,144515878,144517588,144521490,5612,1710,3902,50000,51603,51584,383,383,-1584
1446,144615929,144617641,144621492,5563,1712,3851,50000,51584,51565,383,383,-1565
1447,144715980,144717690,144721497,5517,1710,3807,50000,51565,51546,384,384,-1546
1448,144816031,144817742,144821486,5455,1711,3744,50000,51546,51527,384,384,-1527
1449,144916081,144917790,144921484,5403,1709,3694,50000,51527,51509,384,384,-1509
1450,145016132,145017843,145021489,5357,1711,3646,50000,51509,51490,384,384,-1490
1451,145116183,145117900,145121491,5308,1717,3591,50000,51490,51472,384,384,-1472
1452,145216233,145217943,145221486,5253,1710,3543,50000,51472,51453,384,384,-1453
1453,145316284,145317993,145321474,5190,1709,3481,50000,51453,51435,385,385,-1435
1454,145416334,145418048,145421490,5156,1714,3442,50000,51435,51417,385,385,-1417
1455,145516385,145518092,145521496,5111,1707,3404,50000,51417,51399,385,385,-1399
1456,145616435,145618147,145621640,5205,1712,3493,50000,51399,51382,385,385,-1382
1457,145716485,145718195,145721727,5242,1710,3532,50000,51382,51364,385,385,-1364
1458,145816535,145818248,145821797,5262,1713,3549,50000,51364,51346,385,385,-1346
1459,145916584,145918294,145921846,5262,1710,3552,50000,51346,51329,386,386,-1329
1460,146016633,146018345,146021937,5304,1712,3592,50000,51329,51312,386,386,-1312
1461,146116683,146118399,146122010,5327,1716,3611,50000,51312,51295,386,386,-1295
1462,146216732,146218444,146222059,5327,1712,3615,50000,51295,51277,386,386,-1277
1463,146316782,146318493,146322153,5371,1711,3660,50000,51277,51260,386,386,-1260
1464,146416832,146418542,146422227,5395,1710,3685,50000,51260,51243,386,386,-1243
1465,146516882,146518593,146522302,5420,1711,3709,50000,51243,51227,387,387,-1227
1466,146616931,146618643,146622370,5439,1712,3727,50000,51227,51210,387,387,-1210
1467,146716981,146718688,146722456,5475,1707,3768,50000,51210,51194,387,387,-1194
1468,146817030,146818742,146822471,5441,1712,3729,50000,51194,51177,387,387,-1177
1469,146917080,146918791,146922473,5393,1711,3682,50000,51177,51161,387,387,-1161
1470,147017129,147018841,147022459,5330,1712,3618,50000,51161,51145,387,387,-1145
1471,147117179,147118896,147122455,5276,1717,3559,50000,51145,51129,388,388,-1129
1472,147217229,147218942,147222451,5222,1713,3509,50000,51129,51113,388,388,-1113
1473,147317279,147318990,147322462,5183,1711,3472,50000,51113,51097,388,388,-1097
1474,147417328,147419043,147422455,5127,1715,3412,50000,51097,51081,388,388,-1081
1475,147517379,147519087,147522454,5075,1708,3367,50000,51081,51066,388,388,-1066
1476,147617429,147619143,147622461,5032,1714,3318,50000,51066,51050,388,388,-1050
1477,147717479,147719190,147722456,4977,1711,3266,50000,51050,51035,389,389,-1035
1478,147817528,147819239,147822456,4928,1711,3217,50000,51035,51020,389,389,-1020
1479,147917577,147919288,147922453,4876,1711,3165,50000,51020,51004,389,389,-1004
1480,148017628,148019342,148022450,4822,1714,3108,50000,51004,50989,389,389,-989
1481,148117677,148119393,148122463,4786,1716,3070,50000,50989,50974,389,389,-974
1482,148217727,148224028,148231443,13716,6301,7415,50000,50974,50959,389,389,-959
1483,148317777,148319488,148321925,4148,1711,2437,50000,50959,50944,389,389,-944
1484,148417827,148419542,148422041,4214,1715,2499,50000,50944,50930,390,390,-930
1485,148517877,148519590,148522094,4217,1713,2504,50000,50930,50915,390,390,-915
1486,148617948,148619659,148621458,3510,1711,1799,50000,50915,50901,390,390,-901
1487,148717998,148719708,148731512,13514,1710,11804,50000,50901,50886,390,390,-886
1488,148818049,148819762,148831516,13467,1713,11754,50000,50886,50872,390,390,-872
1489,148918099,148919814,148931500,13401,1715,11686,50000,50872,50858,390,390,-858
1490,149018151,149019865,149031491,13340,1714,11626,50000,50858,50844,390,390,-844
1491,149118201,149119919,149131508,13307,1718,11589,50000,50844,50830,391,391,-830
1492,149218252,149219968,149231506,13254,1716,11538,50000,50830,50816,391,391,-816
1493,149318302,149320018,149331480,13178,1716,11462,50000,50816,50802,391,391,-802
1494,149418354,149420068,149431514,13160,1714,11446,50000,50802,50788,391,391,-788
1495,149518422,149520135,149531540,13118,1713,11405,50000,50788,50775,391,391,-775
1496,149618473,149620189,149631512,13039,1716,11323,50000,50775,50761,391,391,-761
1497,149718523,149720237,149731498,12975,1714,11261,50000,50761,50747,391,391,-747
1498,149818574,149820290,149831486,12912,1716,11196,50000,50747,50734,392,392,-734
1499,149918624,149920338,149931480,12856,1714,11142,50000,50734,50721,392,392,-721
1500,150018674,150020389,150034691,16017,1715,14302,50000,50721,50708,392,392,-708
1501,150118728,150120444,150131438,12710,1716,10994,50000,50708,50695,392,392,-695
1502,150218779,150220489,150231487,12708,1710,10998,50000,50695,50682,392,392,-682
1503,150318833,150320541,150331490,12657,1708,10949,50000,50682,50669,392,392,-669
1504,150418884,150420594,150431491,12607,1710,10897,50000,50669,50656,392,392,-656
1505,150518935,150520644,150531485,12550,1709,10841,50000,50656,50643,392,392,-643
1506,150618985,150620693,150631482,12497,1708,10789,50000,50643,50631,393,393,-631
1507,150719035,150720745,150731494,12459,1710,10749,50000,50631,50618,393,393,-618
1508,150819086,150820795,150831501,12415,1709,10706,50000,50618,50606,393,393,-606
1509,150919136,150920847,150931489,12353,1711,10642,50000,50606,50593,393,393,-593
1510,151019187,151020898,151031498,12311,1711,10600,50000,50593,50581,393,393,-581
1511,151119238,151120949,151131489,12251,1711,10540,50000,50581,50569,393,393,-569
1512,151219288,151220999,151231486,12198,1711,10487,50000,50569,50556,393,393,-556
1513,151319338,151321046,151331487,12149,1708,10441,50000,50556,50544,394,394,-544
1514,151419389,151421101,151431487,12098,1712,10386,50000,50544,50533,394,394,-533
1515,151519439,151521145,151531485,12046,1706,10340,50000,50533,50521,394,394,-521
1516,151619490,151621204,151631486,11996,1714,10282,50000,50521,50509,394,394,-509
1517,151719541,151721250,151731479,11938,1709,10229,50000,50509,50497,394,394,-497
1518,151819591,151821305,151831489,11898,1714,10184,50000,50497,50486,394,394,-486
1519,151919642,151921351,151931491,11849,1709,10140,50000,50486,50474,394,394,-474
1520,152019693,152021406,152031495,11802,1713,10089,50000,50474,50462,394,394,-462
1521,152119744,152121463,152131487,11743,1719,10024,50000,50462,50451,394,394,-451
1522,152219794,152221509,152231514,11720,1715,10005,50000,50451,50439,394,394,-439
1523,152319863,152321570,152331519,11656,1707,9949,50000,50439,50428,395,395,-428
1524,152419913,152421624,152431506,11593,1711,9882,50000,50428,50417,395,395,-417
1525,152519963,152521672,152531490,11527,1709,9818,50000,50417,50406,395,395,-406
1526,152620013,152621726,152631483,11470,1713,9757,50000,50406,50395,395,395,-395
1527,152720064,152721809,152731492,11428,1745,9683,50000,50395,50384,395,395,-384
1528,152820115,152821857,152831488,11373,1742,9631,50000,50384,50373,395,395,-373
1529,152920166,152921912,152931484,11318,1746,9572,50000,50373,50362,395,395,-362
1530,153020216,153021978,153031481,11265,1762,9503,50000,50362,50351,395,395,-351
1531,153120267,153122030,153131476,11209,1763,9446,50000,50351,50341,396,396,-341
1532,153220318,153222080,153231493,11175,1762,9413,50000,50341,50330,396,396,-330
1533,153320369,153322127,153331486,11117,1758,9359,50000,50330,50320,396,396,-320
1534,153420420,153422174,153431479,11059,1754,9305,50000,50320,50310,396,396,-310
1535,153520471,153522225,153531491,11020,1754,9266,50000,50310,50299,396,396,-299
1536,153620523,153622280,153631485,10962,1757,9205,50000,50299,50289,396,396,-289
1537,153720572,153722324,153731479,10907,1752,9155,50000,50289,50279,396,396,-279
1538,153820624,153822384,153831490,10866,1760,9106,50000,50279,50268,396,396,-268
1539,153920674,153922428,153931502,10828,1754,9074,50000,50268,50258,396,396,-258
1540,154020725,154022484,154031490,10765,1759,9006,50000,50258,50248,396,396,-248
1541,154120775,154122535,154131501,10726,1760,8966,50000,50248,50238,396,396,-238
1542,154220825,154222584,154231486,10661,1759,8902,50000,50238,50228,396,396,-228
1543,154320876,154322629,154331480,10604,1753,8851,50000,50228,50218,396,396,-218
1544,154420927,154422683,154431498,10571,1756,8815,50000,50218,50208,397,397,-208
1545,154520977,154522733,154531501,10524,1756,8768,50000,50208,50198,397,397,-198
1546,154621028,154622787,154631488,10460,1759,8701,50000,50198,50189,397,397,-189
1547,154721079,154722851,154731487,10408,1772,8636,50000,50189,50179,397,397,-179
1548,154821129,154822897,154831476,10347,1768,8579,50000,50179,50170,397,397,-170
1549,154921179,154922947,154931497,10318,1768,8550,50000,50170,50160,397,397,-160
1550,155021230,155023000,155031485,10255,1770,8485,50000,50160,50151,397,397,-151
1551,155121280,155123051,155131473,10193,1771,8422,50000,50151,50141,397,397,-141
1552,155221330,155223095,155231491,10161,1765,8396,50000,50141,50132,397,397,-132
1553,155321380,155323140,155331478,10098,1760,8338,50000,50132,50122,397,397,-122
1554,155421431,155423188,155431485,10054,1757,8297,50000,50122,50113,398,398,-113
1555,155521482,155523242,155531477,9995,1760,8235,50000,50113,50104,398,398,-104
1556,155621531,155623294,155631490,9959,1763,8196,50000,50104,50095,398,398,-95
1557,155721582,155723344,155731484,9902,1762,8140,50000,50095,50086,398,398,-86
1558,155821633,155823415,155831478,9845,1782,8063,50000,50086,50078,398,398,-78
1559,155921684,155923467,155931493,9809,1783,8026,50000,50078,50069,398,398,-69
1560,156021736,156023521,156031496,9760,1785,7975,50000,50069,50060,398,398,-60
1561,156121801,156123572,156131484,9683,1771,7912,50000,50060,50051,398,398,-51
1562,156221851,156223620,156231487,9636,1769,7867,50000,50051,50042,398,398,-42
1563,156321900,156323664,156331497,9597,1764,7833,50000,50042,50034,398,398,-34
1564,156421949,156423716,156431484,9535,1767,7768,50000,50034,50025,398,398,-25
1565,156521998,156523763,156531473,9475,1765,7710,50000,50025,50017,399,399,-17
1566,156622048,156623812,156631491,9443,1764,7679,50000,50017,50008,399,399,-8
1567,156722097,156723861,156731486,9389,1764,7625,50000,50008,50000,399,399,0
1568,156822147,156823908,156831501,9354,1761,7593,50000,50000,49992,399,399,8
1569,156922197,156923961,156931494,9297,1764,7533,50000,49992,49983,399,399,17
1570,157022247,157024011,157031506,9259,1764,7495,50000,49983,49975,399,399,25
1571,157122297,157124068,157131501,9204,1771,7433,50000,49975,49967,399,399,33
1572,157222346,157224110,157231490,9144,1764,7380,50000,49967,49959,400,400,41
1573,157322396,157324155,157331481,9085,1759,7326,50000,49959,49951,400,400,49
1574,157422445,157424214,157431481,9036,1769,7267,50000,49951,49943,400,400,57
1575,157522494,157524253,157531485,8991,1759,7232,50000,49943,49936,400,400,64
1576,157622544,157624313,157631491,8947,1769,7178,50000,49936,49928,400,400,72
1577,157722594,157724357,157731486,8892,1763,7129,50000,49928,49920,401,401,80
1578,157822644,157824410,157831503,8859,1766,7093,50000,49920,49913,401,401,87
1579,157922694,157924457,157931486,8792,1763,7029,50000,49913,49906,401,401,94
1580,158022743,158024534,158031489,8746,1791,6955,50000,49906,49898,401,401,102
1581,158122793,158124591,158131482,8689,1798,6891,50000,49898,49891,402,402,109
1582,158222841,158224639,158231480,8639,1798,6841,50000,49891,49884,402,402,116
1583,158322890,158324686,158331486,8596,1796,6800,50000,49884,49877,402,402,123
1584,158422939,158424737,158431488,8549,1798,6751,50000,49877,49870,402,402,130
1585,158522989,158524783,158531481,8492,1794,6698,50000,49870,49863,402,402,137
1586,158623038,158624833,158631479,8441,1795,6646,50000,49863,49857,403,403,143
1587,158723088,158724874,158731490,8402,1786,6616,50000,49857,49850,403,403,150
1588,158823138,158824925,158831484,8346,1787,6559,50000,49850,49844,403,403,156
1589,158923187,158924985,158931479,8292,1798,6494,50000,49844,49837,403,403,163
1590,159023237,159025029,159031489,8252,1792,6460,50000,49837,49831,403,403,169
1591,159123286,159125081,159131489,8203,1795,6408,50000,49831,49824,403,403,176
1592,159223336,159225123,159231481,8145,1787,6358,50000,49824,49818,404,404,182
1593,159323385,159325164,159331484,8099,1779,6320,50000,49818,49812,404,404,188
1594,159423430,159425192,159431489,8059,1762,6297,50000,49812,49806,404,404,194
1595,159523478,159525239,159531485,8007,1761,6246,50000,49806,49800,404,404,200
1596,159623527,159625286,159631476,7949,1759,6190,50000,49800,49794,404,404,206
1597,159723576,159725335,159731509,7933,1759,6174,50000,49794,49787,404,404,213
1598,159823646,159825404,159831509,7863,1758,6105,50000,49787,49782,405,405,218
1599,159923697,159925454,159931511,7814,1757,6057,50000,49782,49776,405,405,224
1600,160023748,160025509,160034688,10940,1761,9179,50000,49776,49770,405,405,230
1601,160123802,160125611,160131437,7635,1809,5826,50000,49770,49765,405,405,235
1602,160223852,160225613,160231510,7658,1761,5897,50000,49765,49759,405,405,241
1603,160323903,160325661,160331493,7590,1758,5832,50000,49759,49753,405,405,247
1604,160423955,160430258,160441438,17483,6303,11180,50000,49753,49748,406,406,252
1605,160524005,160525766,160531882,7877,1761,6116,50000,49748,49743,406,406,257
1606,160624055,160625811,160631989,7934,1756,6178,50000,49743,49737,406,406,263
1607,160724104,160725857,160732068,7964,1753,6211,50000,49737,49732,406,406,268
1608,160824153,160825903,160832115,7962,1750,6212,50000,49732,49727,406,406,273
1609,160924204,160925960,160932181,7977,1756,6221,50000,49727,49722,406,406,278
1610,161024256,161026010,161032264,8008,1754,6254,50000,49722,49716,406,406,284
1611,161124327,161126080,161132334,8007,1753,6254,50000,49716,49711,406,406,289
1612,161224398,161226144,161232424,8026,1746,6280,50000,49711,49706,406,406,294
1613,161324448,161326184,161332454,8006,1736,6270,50000,49706,49701,406,406,299
1614,161424521,161426247,161432462,7941,1726,6215,50000,49701,49696,407,407,304
1615,161524570,161526290,161531495,6925,1720,5205,50000,49696,49691,407,407,309
1616,161624619,161626341,161631463,6844,1722,5122,50000,49691,49686,407,407,314
1617,161724669,161726389,161731490,6821,1720,5101,50000,49686,49682,407,407,318
1618,161824720,161826442,161831495,6775,1722,5053,50000,49682,49677,407,407,323
1619,161924770,161926489,161931507,6737,1719,5018,50000,49677,49672,407,407,328
1620,162024819,162026544,162031484,6665,1725,4940,50000,49672,49667,407,407,333
1621,162124869,162126597,162131491,6622,1728,4894,50000,49667,49663,408,408,337
1622,162224919,162226645,162231484,6565,1726,4839,50000,49663,49659,408,408,341
1623,162324969,162326689,162331480,6511,1720,4791,50000,49659,49654,408,408,346
1624,162425018,162426742,162431498,6480,1724,4756,50000,49654,49650,408,408,350
1625,162525068,162526786,162531515,6447,1718,4729,50000,49650,49645,408,408,355
1626,162625118,162626843,162631504,6386,1725,4661,50000,49645,49641,408,408,359
1627,162725168,162726889,162731498,6330,1721,4609,50000,49641,49637,408,408,363
1628,162825218,162826942,162831487,6269,1724,4545,50000,49637,49633,408,408,367
1629,162925268,162926989,162931480,6212,1721,4491,50000,49633,49628,408,408,372
1630,163025319,163027041,163031487,6168,1722,4446,50000,49628,49624,409,409,376
1631,163125370,163127100,163131491,6121,1730,4391,50000,49624,49620,409,409,380
1632,163225422,163227144,163231484,6062,1722,4340,50000,49620,49616,409,409,384
1633,163325472,163327190,163331479,6007,1718,4289,50000,49616,49612,409,409,388
1634,163425522,163427244,163431486,5964,1722,4242,50000,49612,49608,409,409,392
1635,163525573,163527298,163531491,5918,1725,4193,50000,49608,49604,409,409,396
1636,163625623,163627344,163631504,5881,1721,4160,50000,49604,49601,409,409,399
1637,163725674,163727395,163731485,5811,1721,4090,50000,49601,49597,409,409,403
1638,163825724,163827446,163831490,5766,1722,4044,50000,49597,49593,409,409,407
1639,163925775,163927496,163931486,5711,1721,3990,50000,49593,49589,410,410,411
1640,164025825,164027546,164031484,5659,1721,3938,50000,49589,49586,410,410,414
1641,164125876,164127602,164131473,5597,1726,3871,50000,49586,49582,410,410,418
1642,164225926,164227646,164231490,5564,1720,3844,50000,49582,49579,410,410,421
1643,164325977,164327700,164331486,5509,1723,3786,50000,49579,49575,410,410,425
1644,164426028,164427749,164431471,5443,1721,3722,50000,49575,49572,410,410,428
1645,164526079,164527798,164531489,5410,1719,3691,50000,49572,49568,410,410,432
1646,164626129,164627851,164631483,5354,1722,3632,50000,49568,49565,410,410,435
1647,164726180,164727901,164731480,5300,1721,3579,50000,49565,49561,410,410,439
1648,164826231,164827955,164831497,5266,1724,3542,50000,49561,49558,411,411,442
1649,164926282,164928000,164931491,5209,1718,3491,50000,49558,49555,411,411,445
1650,165026333,165028055,165031484,5151,1722,3429,50000,49555,49552,411,411,448
1651,165126384,165128115,165131479,5095,1731,3364,50000,49552,49549,411,411,451
1652,165226434,165228156,165231521,5087,1722,3365,50000,49549,49546,411,411,454
1653,165326507,165328224,165331513,5006,1717,3289,50000,49546,49542,411,411,458
1654,165426558,165428279,165431503,4945,1721,3224,50000,49542,49539,411,411,461
1655,165526608,165528326,165531489,4881,1718,3163,50000,49539,49536,411,411,464
1656,165626659,165628378,165631498,4839,1719,3120,50000,49536,49533,411,411,467
1657,165726710,165728431,165731486,4776,1721,3055,50000,49533,49530,411,411,470
1658,165826760,165828481,165831491,4731,1721,3010,50000,49530,49527,411,411,473
1659,165926811,165928532,165931488,4677,1721,2956,50000,49527,49524,411,411,476
1660,166026861,166028580,166031484,4623,1719,2904,50000,49524,49521,411,411,479
1661,166126911,166128634,166131480,4569,1723,2846,50000,49521,49518,412,412,482
1662,166226963,166228682,166231624,4661,1719,2942,50000,49518,49516,412,412,484
1663,166327011,166328732,166331706,4695,1721,2974,50000,49516,49513,412,412,487
1664,166427061,166428784,166431775,4714,1723,2991,50000,49513,49510,412,412,490
1665,166527110,166528829,166531852,4742,1719,3023,50000,49510,49508,412,412,492
1666,166627160,166628884,166631924,4764,1724,3040,50000,49508,49505,412,412,495
1667,166727209,166728931,166731990,4781,1722,3059,50000,49505,49502,412,412,498
1668,166827259,166828982,166832059,4800,1723,3077,50000,49502,49500,412,412,500
1669,166927308,166929027,166932111,4803,1719,3084,50000,49500,49497,412,412,503
1670,167027358,167029084,167032204,4846,1726,3120,50000,49497,49494,412,412,506
1671,167127409,167129138,167132283,4874,1729,3145,50000,49494,49492,412,412,508
1672,167227459,167229184,167232333,4874,1725,3149,50000,49492,49489,412,412,511
1673,167327509,167329229,167332427,4918,1720,3198,50000,49489,49487,413,413,513
1674,167427558,167429282,167432455,4897,1724,3173,50000,49487,49484,412,412,516
1675,167527628,167529348,167532455,4827,1720,3107,50000,49484,49482,413,413,518
1676,167627677,167629399,167632460,4783,1722,3061,50000,49482,49480,413,413,520
1677,167727727,167729446,167732453,4726,1719,3007,50000,49480,49477,413,413,523
1678,167827776,167829501,167832451,4675,1725,2950,50000,49477,49475,413,413,525
1679,167927827,167929548,167932473,4646,1721,2925,50000,49475,49473,413,413,527
1680,168027895,168029615,168032476,4581,1720,2861,50000,49473,49471,413,413,529
1681,168127945,168129671,168131511,3566,1726,1840,50000,49471,49468,413,413,532
1682,168227994,168229715,168241496,13502,1721,11781,50000,49468,49466,413,413,534
1683,168328044,168329765,168341495,13451,1721,11730,50000,49466,49464,413,413,536
1684,168428096,168429817,168441499,13403,1721,11682,50000,49464,49462,413,413,538
1685,168528147,168529864,168541492,13345,1717,11628,50000,49462,49459,413,413,541
1686,168628197,168629920,168641507,13310,1723,11587,50000,49459,49457,413,413,543
1687,168728248,168729968,168741513,13265,1720,11545,50000,49457,49455,413,413,545
1688,168828299,168830019,168841497,13198,1720,11478,50000,49455,49453,413,413,547
1689,168928349,168930066,168941514,13165,1717,11448,50000,49453,49451,413,413,549
1690,169028399,169030122,169041523,13124,1723,11401,50000,49451,49448,413,413,552
1691,169128450,169130175,169141487,13037,1725,11312,50000,49448,49447,414,414,553
1692,169228500,169230222,169241484,12984,1722,11262,50000,49447,49444,413,413,556
1693,169328551,169330267,169341488,12937,1716,11221,50000,49444,49443,414,414,557
1694,169428602,169430322,169441488,12886,1720,11166,50000,49443,49441,414,414,559
1695,169528652,169530371,169541476,12824,1719,11105,50000,49441,49439,414,414,561
1696,169628702,169630423,169641497,12795,1721,11074,50000,49439,49437,414,414,563
1697,169728753,169730472,169741502,12749,1719,11030,50000,49437,49435,414,414,565
1698,169828804,169830524,169841490,12686,1720,10966,50000,49435,49433,414,414,567
1699,169928854,169930572,169941485,12631,1718,10913,50000,49433,49432,414,414,568
1700,170028904,170030627,170044684,15780,1723,14057,50000,49432,49430,414,414,570
1701,170128959,170130687,170141452,12493,1728,10765,50000,49430,49428,414,414,572
1702,170229009,170230731,170241493,12484,1722,10762,50000,49428,49426,414,414,574
1703,170329081,170330802,170341495,12414,1721,10693,50000,49426,49424,414,414,576
1704,170429130,170430854,170441499,12369,1724,10645,50000,49424,49423,414,414,577
1705,170529181,170530903,170541490,12309,1722,10587,50000,49423,49421,414,414,579
1706,170629232,170630955,170641478,12246,1723,10523,50000,49421,49419,414,414,581
1707,170729282,170731000,170741499,12217,1718,10499,50000,49419,49417,414,414,583
1708,170829333,170831055,170841486,12153,1722,10431,50000,49417,49416,414,414,584
1709,170929383,170931103,170941473,12090,1720,10370,50000,49416,49414,414,414,586
1710,171029434,171031152,171041493,12059,1718,10341,50000,49414,49412,415,415,588
1711,171129484,171131208,171141484,12000,1724,10276,50000,49412,49411,415,415,589
1712,171229534,171231256,171241478,11944,1722,10222,50000,49411,49410,415,415,590
1713,171329584,171331305,171341491,11907,1721,10186,50000,49410,49408,415,415,592
1714,171429635,171431356,171441497,11862,1721,10141,50000,49408,49407,415,415,593
1715,171529687,171531408,171541484,11797,1721,10076,50000,49407,49405,415,415,595
1716,171629738,171631457,171641488,11750,1719,10031,50000,49405,49404,415,415,596
1717,171729808,171731529,171741489,11681,1721,9960,50000,49404,49402,415,415,598
1718,171829858,171831580,171841483,11625,1722,9903,50000,49402,49401,415,415,599
1719,171929909,171931627,171941471,11562,1718,9844,50000,49401,49400,415,415,600
1720,172029958,172031682,172041490,11532,1724,9808,50000,49400,49398,415,415,602
1721,172130010,172131736,172141498,11488,1726,9762,50000,49398,49397,415,415,603
1722,172230061,172231815,172241484,11423,1754,9669,50000,49397,49395,415,415,605
1723,172330111,172331868,172341484,11373,1757,9616,50000,49395,49394,415,415,606
1724,172430162,172431924,172441489,11327,1762,9565,50000,49394,49393,415,415,607
1725,172530213,172531979,172541478,11265,1766,9499,50000,49393,49391,415,415,609
1726,172630264,172636616,172641479,11215,6352,4863,50000,49391,49390,415,415,610
1727,172730315,172732084,172741506,11191,1769,9422,50000,49390,49389,415,415,611
1728,172830366,172832134,172841506,11140,1768,9372,50000,49389,49387,415,415,613
1729,172930416,172932181,172941506,11090,1765,9325,50000,49387,49386,415,415,614
1730,173030468,173032231,173041491,11023,1763,9260,50000,49386,49385,415,415,615
1731,173130518,173132291,173141485,10967,1773,9194,50000,49385,49383,415,415,617
1732,173230568,173232335,173241481,10913,1767,9146,50000,49383,49382,415,415,618
1733,173330619,173332388,173341493,10874,1769,9105,50000,49382,49381,415,415,619
1734,173430670,173432439,173441489,10819,1769,9050,50000,49381,49379,415,415,621
1735,173530720,173532487,173541497,10777,1767,9010,50000,49379,49378,416,416,622
1736,173630772,173632541,173641488,10716,1769,8947,50000,49378,49377,416,416,623
1737,173730823,173732587,173741476,10653,1764,8889,50000,49377,49376,416,416,624
1738,173830873,173832640,173841485,10612,1767,8845,50000,49376,49375,416,416,625
1739,173930925,173932690,173941482,10557,1765,8792,50000,49375,49374,416,416,626
1740,174030975,174032745,174041487,10512,1770,8742,50000,49374,49373,416,416,627
1741,174131026,174132802,174141495,10469,1776,8693,50000,49373,49372,416,416,628
1742,174231077,174232843,174241484,10407,1766,8641,50000,49372,49371,416,416,629
1743,174331128,174332894,174341474,10346,1766,8580,50000,49371,49370,416,416,630
1744,174431179,174432946,174441491,10312,1767,8545,50000,49370,49369,416,416,631
1745,174531229,174532998,174541485,10256,1769,8487,50000,49369,49368,416,416,632
1746,174631279,174633044,174641484,10205,1765,8440,50000,49368,49367,416,416,633
1747,174731330,174733091,174741478,10148,1761,8387,50000,49367,49366,416,416,634
1748,174831381,174833145,174841489,10108,1764,8344,50000,49366,49365,416,416,635
1749,174931432,174933185,174941483,10051,1753,8298,50000,49365,49364,416,416,636
1750,175031483,175033245,175041479,9996,1762,8234,50000,49364,49363,416,416,637
1751,175131533,175133298,175141498,9965,1765,8200,50000,49363,49362,416,416,638
1752,175231583,175233343,175241491,9908,1760,8148,50000,49362,49361,416,416,639
1753,175331633,175333385,175341480,9847,1752,8095,50000,49361,49360,416,416,640
1754,175431683,175433465,175441495,9812,1782,8030,50000,49360,49359,416,416,641
1755,175531734,175533516,175541513,9779,1782,7997,50000,49359,49358,416,416,642
1756,175631804,175633565,175641503,9699,1761,7938,50000,49358,49357,416,416,643
1757,175731854,175733619,175741496,9642,1765,7877,50000,49357,49356,416,416,644
1758,175831903,175833668,175841484,9581,1765,7816,50000,49356,49355,416,416,645
1759,175931952,175933716,175941482,9530,1764,7766,50000,49355,49354,416,416,646
1760,176032001,176033763,176041499,9498,1762,7736,50000,49354,49354,416,416,646
1761,176132051,176133814,176141490,9439,1763,7676,50000,49354,49353,416,416,647
1762,176232100,176233863,176241488,9388,1763,7625,50000,49353,49352,416,416,648
1763,176332150,176333914,176341480,9330,1764,7566,50000,49352,49351,416,416,649
1764,176432199,176433962,176441493,9294,1763,7531,50000,49351,49350,416,416,650
1765,176532250,176534010,176541498,9248,1760,7488,50000,49350,49349,416,416,651
1766,176632299,176634064,176641485,9186,1765,7421,50000,49349,49348,416,416,652
1767,176732348,176734109,176741480,9132,1761,7371,50000,49348,49347,416,416,653
1768,176832398,176834158,176841487,9089,1760,7329,50000,49347,49346,416,416,654
1769,176932448,176934212,176941488,9040,1764,7276,50000,49346,49345,416,416,655
1770,177032496,177034258,177041481,8985,1762,7223,50000,49345,49344,416,416,656
1771,177132545,177134314,177141477,8932,1769,7163,50000,49344,49343,416,416,657
1772,177232595,177234359,177241490,8895,1764,7131,50000,49343,49343,416,416,657
1773,177332645,177334413,177341483,8838,1768,7070,50000,49343,49342,416,416,658
1774,177432694,177434459,177441479,8785,1765,7020,50000,49342,49341,416,416,659
1775,177532743,177534533,177541506,8763,1790,6973,50000,49341,49340,416,416,660
1776,177632811,177634606,177641489,8678,1795,6883,50000,49340,49339,417,417,661
1777,177732860,177734652,177741480,8620,1792,6828,50000,49339,49339,417,417,661
1778,177832909,177834703,177841489,8580,1794,6786,50000,49339,49338,416,416,662
1779,177932960,177934754,177941489,8529,1794,6735,50000,49338,49337,417,417,663
1780,178033009,178034799,178041488,8479,1790,6689,50000,49337,49337,417,417,663
1781,178133058,178134852,178141482,8424,1794,6630,50000,49337,49336,417,417,664
1782,178233107,178234896,178241506,8399,1789,6610,50000,49336,49335,417,417,665
1783,178333157,178334949,178341508,8351,1792,6559,50000,49335,49335,417,417,665
1784,178433206,178434997,178441509,8303,1791,6512,50000,49335,49334,417,417,666
1785,178533256,178535042,178541491,8235,1786,6449,50000,49334,49334,417,417,666
1786,178633304,178635093,178641493,8189,1789,6400,50000,49334,49333,417,417,667
1787,178733354,178735135,178741482,8128,1781,6347,50000,49333,49333,417,417,667
1788,178833418,178835183,178841493,8075,1765,6310,50000,49333,49332,417,417,668
1789,178933468,178935225,178941485,8017,1757,6260,50000,49332,49331,417,417,669
1790,179033516,179035275,179041485,7969,1759,6210,50000,49331,49331,417,417,669
1791,179133565,179135326,179141486,7921,1761,6160,50000,49331,49330,417,417,670
1792,179233614,179235377,179241491,7877,1763,6114,50000,49330,49330,417,417,670
1793,179333664,179335423,179341491,7827,1759,6068,50000,49330,49329,417,417,671
1794,179433713,179435475,179441483,7770,1762,6008,50000,49329,49329,417,417,671
1795,179533762,179535521,179541483,7721,1759,5962,50000,49329,49328,417,417,672
1796,179633811,179635570,179641488,7677,1759,5918,50000,49328,49328,417,417,672
1797,179733861,179735618,179741488,7627,1757,5870,50000,49328,49327,417,417,673
1798,179833910,179835669,179841479,7569,1759,5810,50000,49327,49326,417,417,674
1799,179933960,179935717,179941489,7529,1757,5772,50000,49326,49326,417,417,674
1800,180034009,180035767,180044687,10678,1758,8920,50000,49326,49325,417,417,675
